{"op_code":0,"worker_id":"79703d9c-e0b0-47b9-94a0-86b44d45ac0d-23456247935296","study_name":"peter_mnist_k3","directions":[2]}
{"op_code":0,"worker_id":"b877819f-253d-45b2-a7e1-49962ebf31f4-23456247935296","study_name":"peter_mnist_k3","directions":[2]}
{"op_code":0,"worker_id":"ae96bead-5189-4ce5-82d1-6b36c2f04e15-23456247935296","study_name":"peter_mnist_k3","directions":[2]}
{"op_code":0,"worker_id":"f1351e76-b52a-408d-9441-90e54ffe0b63-23456247935296","study_name":"peter_mnist_k3","directions":[2]}
{"op_code":0,"worker_id":"84a61a1f-b966-44d1-8368-113bb00136e2-23456247935296","study_name":"peter_mnist_k3","directions":[2]}
{"op_code":0,"worker_id":"e818fc57-4f33-45a0-86e3-09b0087cb17b-23456247935296","study_name":"peter_mnist_k3","directions":[2]}
{"op_code":0,"worker_id":"8c51a1e5-3652-4697-9dff-a19c24370563-23456247935296","study_name":"peter_mnist_k3","directions":[2]}
{"op_code":0,"worker_id":"a418e825-0a9c-4a3c-b475-f3ff8d56cf40-23456247935296","study_name":"peter_mnist_k3","directions":[2]}
{"op_code":4,"worker_id":"e818fc57-4f33-45a0-86e3-09b0087cb17b-23456247935296","study_id":0,"datetime_start":"2026-07-27T09:25:33.250529"}
{"op_code":4,"worker_id":"84a61a1f-b966-44d1-8368-113bb00136e2-23456247935296","study_id":0,"datetime_start":"2026-07-27T09:25:33.242623"}
{"op_code":4,"worker_id":"a418e825-0a9c-4a3c-b475-f3ff8d56cf40-23456247935296","study_id":0,"datetime_start":"2026-07-27T09:25:33.383925"}
{"op_code":4,"worker_id":"8c51a1e5-3652-4697-9dff-a19c24370563-23456247935296","study_id":0,"datetime_start":"2026-07-27T09:25:33.257335"}
{"op_code":5,"worker_id":"e818fc57-4f33-45a0-86e3-09b0087cb17b-23456247935296","trial_id":0,"param_name":"lr","param_value_internal":7.109253032346318e-08,"distribution":"{\"name\": \"FloatDistribution\", \"attributes\": {\"step\": null, \"low\": 1e-08, \"high\": 0.5, \"log\": true}}"}
{"op_code":5,"worker_id":"a418e825-0a9c-4a3c-b475-f3ff8d56cf40-23456247935296","trial_id":2,"param_name":"lr","param_value_internal":5.5371848807226805e-08,"distribution":"{\"name\": \"FloatDistribution\", \"attributes\": {\"step\": null, \"low\": 1e-08, \"high\": 0.5, \"log\": true}}"}
{"op_code":5,"worker_id":"8c51a1e5-3652-4697-9dff-a19c24370563-23456247935296","trial_id":3,"param_name":"lr","param_value_internal":3.276207602630977e-08,"distribution":"{\"name\": \"FloatDistribution\", \"attributes\": {\"step\": null, \"low\": 1e-08, \"high\": 0.5, \"log\": true}}"}
{"op_code":5,"worker_id":"8c51a1e5-3652-4697-9dff-a19c24370563-23456247935296","trial_id":3,"param_name":"ratio","param_value_internal":2.0422948570221116,"distribution":"{\"name\": \"FloatDistribution\", \"attributes\": {\"step\": null, \"low\": 0.1, \"high\": 100.0, \"log\": true}}"}
{"op_code":5,"worker_id":"e818fc57-4f33-45a0-86e3-09b0087cb17b-23456247935296","trial_id":0,"param_name":"ratio","param_value_internal":0.21843187711301681,"distribution":"{\"name\": \"FloatDistribution\", \"attributes\": {\"step\": null, \"low\": 0.1, \"high\": 100.0, \"log\": true}}"}
{"op_code":5,"worker_id":"84a61a1f-b966-44d1-8368-113bb00136e2-23456247935296","trial_id":1,"param_name":"lr","param_value_internal":2.543486109278169e-07,"distribution":"{\"name\": \"FloatDistribution\", \"attributes\": {\"step\": null, \"low\": 1e-08, \"high\": 0.5, \"log\": true}}"}
{"op_code":5,"worker_id":"84a61a1f-b966-44d1-8368-113bb00136e2-23456247935296","trial_id":1,"param_name":"ratio","param_value_internal":2.867424584110493,"distribution":"{\"name\": \"FloatDistribution\", \"attributes\": {\"step\": null, \"low\": 0.1, \"high\": 100.0, \"log\": true}}"}
{"op_code":4,"worker_id":"f1351e76-b52a-408d-9441-90e54ffe0b63-23456247935296","study_id":0,"datetime_start":"2026-07-27T09:25:33.200572"}
{"op_code":5,"worker_id":"a418e825-0a9c-4a3c-b475-f3ff8d56cf40-23456247935296","trial_id":2,"param_name":"ratio","param_value_internal":51.17324651839629,"distribution":"{\"name\": \"FloatDistribution\", \"attributes\": {\"step\": null, \"low\": 0.1, \"high\": 100.0, \"log\": true}}"}
{"op_code":0,"worker_id":"7bcd76ef-0e89-40b2-8ec1-44daf2d8b14c-23456247935296","study_name":"peter_mnist_k3","directions":[2]}
{"op_code":5,"worker_id":"f1351e76-b52a-408d-9441-90e54ffe0b63-23456247935296","trial_id":4,"param_name":"lr","param_value_internal":9.909479070620281e-08,"distribution":"{\"name\": \"FloatDistribution\", \"attributes\": {\"step\": null, \"low\": 1e-08, \"high\": 0.5, \"log\": true}}"}
{"op_code":0,"worker_id":"7d3baf5f-dc22-422d-b0ba-5dc9d204257a-23456247935296","study_name":"peter_mnist_k3","directions":[2]}
{"op_code":5,"worker_id":"f1351e76-b52a-408d-9441-90e54ffe0b63-23456247935296","trial_id":4,"param_name":"ratio","param_value_internal":2.3131097823543,"distribution":"{\"name\": \"FloatDistribution\", \"attributes\": {\"step\": null, \"low\": 0.1, \"high\": 100.0, \"log\": true}}"}
{"op_code":4,"worker_id":"7d3baf5f-dc22-422d-b0ba-5dc9d204257a-23456247935296","study_id":0,"datetime_start":"2026-07-27T09:25:33.768148"}
{"op_code":0,"worker_id":"bf2e76f6-00b7-4837-8e03-9bc4d572361d-23456247935296","study_name":"peter_mnist_k3","directions":[2]}
{"op_code":0,"worker_id":"aca5e7e0-90e2-4c68-966a-a02ae3ba16cd-23456247935296","study_name":"peter_mnist_k3","directions":[2]}
{"op_code":4,"worker_id":"bf2e76f6-00b7-4837-8e03-9bc4d572361d-23456247935296","study_id":0,"datetime_start":"2026-07-27T09:25:33.809673"}
{"op_code":4,"worker_id":"aca5e7e0-90e2-4c68-966a-a02ae3ba16cd-23456247935296","study_id":0,"datetime_start":"2026-07-27T09:25:33.838122"}
{"op_code":4,"worker_id":"7bcd76ef-0e89-40b2-8ec1-44daf2d8b14c-23456247935296","study_id":0,"datetime_start":"2026-07-27T09:25:33.718230"}
{"op_code":5,"worker_id":"7d3baf5f-dc22-422d-b0ba-5dc9d204257a-23456247935296","trial_id":5,"param_name":"lr","param_value_internal":1.3428031965376839e-05,"distribution":"{\"name\": \"FloatDistribution\", \"attributes\": {\"step\": null, \"low\": 1e-08, \"high\": 0.5, \"log\": true}}"}
{"op_code":5,"worker_id":"bf2e76f6-00b7-4837-8e03-9bc4d572361d-23456247935296","trial_id":6,"param_name":"lr","param_value_internal":0.018399222007115048,"distribution":"{\"name\": \"FloatDistribution\", \"attributes\": {\"step\": null, \"low\": 1e-08, \"high\": 0.5, \"log\": true}}"}
{"op_code":5,"worker_id":"bf2e76f6-00b7-4837-8e03-9bc4d572361d-23456247935296","trial_id":6,"param_name":"ratio","param_value_internal":2.3686078991773503,"distribution":"{\"name\": \"FloatDistribution\", \"attributes\": {\"step\": null, \"low\": 0.1, \"high\": 100.0, \"log\": true}}"}
{"op_code":5,"worker_id":"7d3baf5f-dc22-422d-b0ba-5dc9d204257a-23456247935296","trial_id":5,"param_name":"ratio","param_value_internal":5.33504606423425,"distribution":"{\"name\": \"FloatDistribution\", \"attributes\": {\"step\": null, \"low\": 0.1, \"high\": 100.0, \"log\": true}}"}
{"op_code":5,"worker_id":"aca5e7e0-90e2-4c68-966a-a02ae3ba16cd-23456247935296","trial_id":7,"param_name":"lr","param_value_internal":0.00011515163553206747,"distribution":"{\"name\": \"FloatDistribution\", \"attributes\": {\"step\": null, \"low\": 1e-08, \"high\": 0.5, \"log\": true}}"}
{"op_code":5,"worker_id":"aca5e7e0-90e2-4c68-966a-a02ae3ba16cd-23456247935296","trial_id":7,"param_name":"ratio","param_value_internal":10.29292326555889,"distribution":"{\"name\": \"FloatDistribution\", \"attributes\": {\"step\": null, \"low\": 0.1, \"high\": 100.0, \"log\": true}}"}
{"op_code":5,"worker_id":"7bcd76ef-0e89-40b2-8ec1-44daf2d8b14c-23456247935296","trial_id":8,"param_name":"lr","param_value_internal":1.1601543822694537e-06,"distribution":"{\"name\": \"FloatDistribution\", \"attributes\": {\"step\": null, \"low\": 1e-08, \"high\": 0.5, \"log\": true}}"}
{"op_code":5,"worker_id":"7bcd76ef-0e89-40b2-8ec1-44daf2d8b14c-23456247935296","trial_id":8,"param_name":"ratio","param_value_internal":98.51385573201864,"distribution":"{\"name\": \"FloatDistribution\", \"attributes\": {\"step\": null, \"low\": 0.1, \"high\": 100.0, \"log\": true}}"}
{"op_code":0,"worker_id":"8b647f18-d739-4d08-b17e-b4924fdbf2db-23456247935296","study_name":"peter_mnist_k3","directions":[2]}
{"op_code":4,"worker_id":"8b647f18-d739-4d08-b17e-b4924fdbf2db-23456247935296","study_id":0,"datetime_start":"2026-07-27T09:25:34.215304"}
{"op_code":0,"worker_id":"6aeb3202-abaf-4388-964d-aab031a1e884-23456247935296","study_name":"peter_mnist_k3","directions":[2]}
{"op_code":5,"worker_id":"8b647f18-d739-4d08-b17e-b4924fdbf2db-23456247935296","trial_id":9,"param_name":"lr","param_value_internal":2.694404349705759e-05,"distribution":"{\"name\": \"FloatDistribution\", \"attributes\": {\"step\": null, \"low\": 1e-08, \"high\": 0.5, \"log\": true}}"}
{"op_code":5,"worker_id":"8b647f18-d739-4d08-b17e-b4924fdbf2db-23456247935296","trial_id":9,"param_name":"ratio","param_value_internal":1.9464309219872755,"distribution":"{\"name\": \"FloatDistribution\", \"attributes\": {\"step\": null, \"low\": 0.1, \"high\": 100.0, \"log\": true}}"}
{"op_code":4,"worker_id":"6aeb3202-abaf-4388-964d-aab031a1e884-23456247935296","study_id":0,"datetime_start":"2026-07-27T09:25:34.252594"}
{"op_code":0,"worker_id":"fbcea86c-26c4-4abb-9258-73ffb4bce463-23456247935296","study_name":"peter_mnist_k3","directions":[2]}
{"op_code":5,"worker_id":"6aeb3202-abaf-4388-964d-aab031a1e884-23456247935296","trial_id":10,"param_name":"lr","param_value_internal":0.0011467119994714667,"distribution":"{\"name\": \"FloatDistribution\", \"attributes\": {\"step\": null, \"low\": 1e-08, \"high\": 0.5, \"log\": true}}"}
{"op_code":5,"worker_id":"6aeb3202-abaf-4388-964d-aab031a1e884-23456247935296","trial_id":10,"param_name":"ratio","param_value_internal":90.89613014599328,"distribution":"{\"name\": \"FloatDistribution\", \"attributes\": {\"step\": null, \"low\": 0.1, \"high\": 100.0, \"log\": true}}"}
{"op_code":4,"worker_id":"fbcea86c-26c4-4abb-9258-73ffb4bce463-23456247935296","study_id":0,"datetime_start":"2026-07-27T09:25:34.379579"}
{"op_code":5,"worker_id":"fbcea86c-26c4-4abb-9258-73ffb4bce463-23456247935296","trial_id":11,"param_name":"lr","param_value_internal":7.934966882801552e-05,"distribution":"{\"name\": \"FloatDistribution\", \"attributes\": {\"step\": null, \"low\": 1e-08, \"high\": 0.5, \"log\": true}}"}
{"op_code":5,"worker_id":"fbcea86c-26c4-4abb-9258-73ffb4bce463-23456247935296","trial_id":11,"param_name":"ratio","param_value_internal":12.467383475905434,"distribution":"{\"name\": \"FloatDistribution\", \"attributes\": {\"step\": null, \"low\": 0.1, \"high\": 100.0, \"log\": true}}"}
{"op_code":0,"worker_id":"4a11abe9-09bf-4319-bcfd-9608ab1f71c4-23456247935296","study_name":"peter_mnist_k3","directions":[2]}
{"op_code":0,"worker_id":"efd26e6a-0efd-45a0-91ed-d0a186799b9f-23456247935296","study_name":"peter_mnist_k3","directions":[2]}
{"op_code":4,"worker_id":"4a11abe9-09bf-4319-bcfd-9608ab1f71c4-23456247935296","study_id":0,"datetime_start":"2026-07-27T09:25:35.325565"}
{"op_code":4,"worker_id":"efd26e6a-0efd-45a0-91ed-d0a186799b9f-23456247935296","study_id":0,"datetime_start":"2026-07-27T09:25:35.339997"}
{"op_code":5,"worker_id":"4a11abe9-09bf-4319-bcfd-9608ab1f71c4-23456247935296","trial_id":12,"param_name":"lr","param_value_internal":5.2250981287582044e-05,"distribution":"{\"name\": \"FloatDistribution\", \"attributes\": {\"step\": null, \"low\": 1e-08, \"high\": 0.5, \"log\": true}}"}
{"op_code":5,"worker_id":"efd26e6a-0efd-45a0-91ed-d0a186799b9f-23456247935296","trial_id":13,"param_name":"lr","param_value_internal":1.101381557524599e-05,"distribution":"{\"name\": \"FloatDistribution\", \"attributes\": {\"step\": null, \"low\": 1e-08, \"high\": 0.5, \"log\": true}}"}
{"op_code":5,"worker_id":"efd26e6a-0efd-45a0-91ed-d0a186799b9f-23456247935296","trial_id":13,"param_name":"ratio","param_value_internal":2.8964557784184106,"distribution":"{\"name\": \"FloatDistribution\", \"attributes\": {\"step\": null, \"low\": 0.1, \"high\": 100.0, \"log\": true}}"}
{"op_code":5,"worker_id":"4a11abe9-09bf-4319-bcfd-9608ab1f71c4-23456247935296","trial_id":12,"param_name":"ratio","param_value_internal":16.320303473038734,"distribution":"{\"name\": \"FloatDistribution\", \"attributes\": {\"step\": null, \"low\": 0.1, \"high\": 100.0, \"log\": true}}"}
{"op_code":0,"worker_id":"dcff913f-dd3e-4e98-a406-525761746580-23456247935296","study_name":"peter_mnist_k3","directions":[2]}
{"op_code":0,"worker_id":"c0d78ebc-ead1-4bec-bead-26466429f3b6-23456247935296","study_name":"peter_mnist_k3","directions":[2]}
{"op_code":0,"worker_id":"53fe9e12-32d9-435b-9886-aa6c2e638056-23456247935296","study_name":"peter_mnist_k3","directions":[2]}
{"op_code":4,"worker_id":"c0d78ebc-ead1-4bec-bead-26466429f3b6-23456247935296","study_id":0,"datetime_start":"2026-07-27T09:25:36.327662"}
{"op_code":4,"worker_id":"53fe9e12-32d9-435b-9886-aa6c2e638056-23456247935296","study_id":0,"datetime_start":"2026-07-27T09:25:36.332777"}
{"op_code":4,"worker_id":"dcff913f-dd3e-4e98-a406-525761746580-23456247935296","study_id":0,"datetime_start":"2026-07-27T09:25:36.320746"}
{"op_code":5,"worker_id":"53fe9e12-32d9-435b-9886-aa6c2e638056-23456247935296","trial_id":15,"param_name":"lr","param_value_internal":0.04834392073248255,"distribution":"{\"name\": \"FloatDistribution\", \"attributes\": {\"step\": null, \"low\": 1e-08, \"high\": 0.5, \"log\": true}}"}
{"op_code":5,"worker_id":"53fe9e12-32d9-435b-9886-aa6c2e638056-23456247935296","trial_id":15,"param_name":"ratio","param_value_internal":0.12841466670152313,"distribution":"{\"name\": \"FloatDistribution\", \"attributes\": {\"step\": null, \"low\": 0.1, \"high\": 100.0, \"log\": true}}"}
{"op_code":5,"worker_id":"dcff913f-dd3e-4e98-a406-525761746580-23456247935296","trial_id":16,"param_name":"lr","param_value_internal":1.141689845331167e-06,"distribution":"{\"name\": \"FloatDistribution\", \"attributes\": {\"step\": null, \"low\": 1e-08, \"high\": 0.5, \"log\": true}}"}
{"op_code":0,"worker_id":"fb82964a-d1fe-43c7-afdb-c601cba13a60-23456247935296","study_name":"peter_mnist_k3","directions":[2]}
{"op_code":0,"worker_id":"9c5048b7-155d-4720-8601-9b8bd40f1cd4-23456247935296","study_name":"peter_mnist_k3","directions":[2]}
{"op_code":5,"worker_id":"dcff913f-dd3e-4e98-a406-525761746580-23456247935296","trial_id":16,"param_name":"ratio","param_value_internal":0.12366948676525176,"distribution":"{\"name\": \"FloatDistribution\", \"attributes\": {\"step\": null, \"low\": 0.1, \"high\": 100.0, \"log\": true}}"}
{"op_code":4,"worker_id":"fb82964a-d1fe-43c7-afdb-c601cba13a60-23456247935296","study_id":0,"datetime_start":"2026-07-27T09:25:36.405283"}
{"op_code":4,"worker_id":"9c5048b7-155d-4720-8601-9b8bd40f1cd4-23456247935296","study_id":0,"datetime_start":"2026-07-27T09:25:36.426808"}
{"op_code":5,"worker_id":"fb82964a-d1fe-43c7-afdb-c601cba13a60-23456247935296","trial_id":17,"param_name":"lr","param_value_internal":1.3880623768713595e-06,"distribution":"{\"name\": \"FloatDistribution\", \"attributes\": {\"step\": null, \"low\": 1e-08, \"high\": 0.5, \"log\": true}}"}
{"op_code":5,"worker_id":"9c5048b7-155d-4720-8601-9b8bd40f1cd4-23456247935296","trial_id":18,"param_name":"lr","param_value_internal":0.0010677381758140362,"distribution":"{\"name\": \"FloatDistribution\", \"attributes\": {\"step\": null, \"low\": 1e-08, \"high\": 0.5, \"log\": true}}"}
{"op_code":5,"worker_id":"9c5048b7-155d-4720-8601-9b8bd40f1cd4-23456247935296","trial_id":18,"param_name":"ratio","param_value_internal":23.170066729576536,"distribution":"{\"name\": \"FloatDistribution\", \"attributes\": {\"step\": null, \"low\": 0.1, \"high\": 100.0, \"log\": true}}"}
{"op_code":5,"worker_id":"fb82964a-d1fe-43c7-afdb-c601cba13a60-23456247935296","trial_id":17,"param_name":"ratio","param_value_internal":0.796176727422249,"distribution":"{\"name\": \"FloatDistribution\", \"attributes\": {\"step\": null, \"low\": 0.1, \"high\": 100.0, \"log\": true}}"}
{"op_code":5,"worker_id":"c0d78ebc-ead1-4bec-bead-26466429f3b6-23456247935296","trial_id":14,"param_name":"lr","param_value_internal":0.49007047216480704,"distribution":"{\"name\": \"FloatDistribution\", \"attributes\": {\"step\": null, \"low\": 1e-08, \"high\": 0.5, \"log\": true}}"}
{"op_code":5,"worker_id":"c0d78ebc-ead1-4bec-bead-26466429f3b6-23456247935296","trial_id":14,"param_name":"ratio","param_value_internal":7.9756929203097195,"distribution":"{\"name\": \"FloatDistribution\", \"attributes\": {\"step\": null, \"low\": 0.1, \"high\": 100.0, \"log\": true}}"}
{"op_code":0,"worker_id":"16009eb2-d7a6-4636-a617-c6c7bf59d1a5-23456247935296","study_name":"peter_mnist_k3","directions":[2]}
{"op_code":0,"worker_id":"0f1e40c9-073e-4976-8981-fbd2e921e704-23456247935296","study_name":"peter_mnist_k3","directions":[2]}
{"op_code":0,"worker_id":"ef06b8e0-5a80-437c-8fff-b504b2d5cd23-23456247935296","study_name":"peter_mnist_k3","directions":[2]}
{"op_code":4,"worker_id":"0f1e40c9-073e-4976-8981-fbd2e921e704-23456247935296","study_id":0,"datetime_start":"2026-07-27T09:25:37.335591"}
{"op_code":4,"worker_id":"ef06b8e0-5a80-437c-8fff-b504b2d5cd23-23456247935296","study_id":0,"datetime_start":"2026-07-27T09:25:37.338852"}
{"op_code":4,"worker_id":"16009eb2-d7a6-4636-a617-c6c7bf59d1a5-23456247935296","study_id":0,"datetime_start":"2026-07-27T09:25:37.319508"}
{"op_code":5,"worker_id":"0f1e40c9-073e-4976-8981-fbd2e921e704-23456247935296","trial_id":19,"param_name":"lr","param_value_internal":0.007376584634643646,"distribution":"{\"name\": \"FloatDistribution\", \"attributes\": {\"step\": null, \"low\": 1e-08, \"high\": 0.5, \"log\": true}}"}
{"op_code":5,"worker_id":"ef06b8e0-5a80-437c-8fff-b504b2d5cd23-23456247935296","trial_id":20,"param_name":"lr","param_value_internal":0.00020422055504849853,"distribution":"{\"name\": \"FloatDistribution\", \"attributes\": {\"step\": null, \"low\": 1e-08, \"high\": 0.5, \"log\": true}}"}
{"op_code":5,"worker_id":"ef06b8e0-5a80-437c-8fff-b504b2d5cd23-23456247935296","trial_id":20,"param_name":"ratio","param_value_internal":81.10367425141557,"distribution":"{\"name\": \"FloatDistribution\", \"attributes\": {\"step\": null, \"low\": 0.1, \"high\": 100.0, \"log\": true}}"}
{"op_code":5,"worker_id":"16009eb2-d7a6-4636-a617-c6c7bf59d1a5-23456247935296","trial_id":21,"param_name":"lr","param_value_internal":4.677137114202484e-06,"distribution":"{\"name\": \"FloatDistribution\", \"attributes\": {\"step\": null, \"low\": 1e-08, \"high\": 0.5, \"log\": true}}"}
{"op_code":0,"worker_id":"d4d76d10-3e4a-4428-8740-1511b1c06060-23456247935296","study_name":"peter_mnist_k3","directions":[2]}
{"op_code":5,"worker_id":"16009eb2-d7a6-4636-a617-c6c7bf59d1a5-23456247935296","trial_id":21,"param_name":"ratio","param_value_internal":58.10717625742198,"distribution":"{\"name\": \"FloatDistribution\", \"attributes\": {\"step\": null, \"low\": 0.1, \"high\": 100.0, \"log\": true}}"}
{"op_code":4,"worker_id":"d4d76d10-3e4a-4428-8740-1511b1c06060-23456247935296","study_id":0,"datetime_start":"2026-07-27T09:25:37.436589"}
{"op_code":5,"worker_id":"0f1e40c9-073e-4976-8981-fbd2e921e704-23456247935296","trial_id":19,"param_name":"ratio","param_value_internal":46.26842483212914,"distribution":"{\"name\": \"FloatDistribution\", \"attributes\": {\"step\": null, \"low\": 0.1, \"high\": 100.0, \"log\": true}}"}
{"op_code":5,"worker_id":"d4d76d10-3e4a-4428-8740-1511b1c06060-23456247935296","trial_id":22,"param_name":"lr","param_value_internal":6.268296404199639e-07,"distribution":"{\"name\": \"FloatDistribution\", \"attributes\": {\"step\": null, \"low\": 1e-08, \"high\": 0.5, \"log\": true}}"}
{"op_code":5,"worker_id":"d4d76d10-3e4a-4428-8740-1511b1c06060-23456247935296","trial_id":22,"param_name":"ratio","param_value_internal":6.716777543135112,"distribution":"{\"name\": \"FloatDistribution\", \"attributes\": {\"step\": null, \"low\": 0.1, \"high\": 100.0, \"log\": true}}"}
{"op_code":0,"worker_id":"dc88c04c-5c35-43e5-95ea-89f2b915eff5-23456247935296","study_name":"peter_mnist_k3","directions":[2]}
{"op_code":0,"worker_id":"f737b61b-85d5-45f0-bbe5-3f666058764c-23456247935296","study_name":"peter_mnist_k3","directions":[2]}
{"op_code":4,"worker_id":"dc88c04c-5c35-43e5-95ea-89f2b915eff5-23456247935296","study_id":0,"datetime_start":"2026-07-27T09:25:38.331736"}
{"op_code":4,"worker_id":"f737b61b-85d5-45f0-bbe5-3f666058764c-23456247935296","study_id":0,"datetime_start":"2026-07-27T09:25:38.343463"}
{"op_code":5,"worker_id":"dc88c04c-5c35-43e5-95ea-89f2b915eff5-23456247935296","trial_id":23,"param_name":"lr","param_value_internal":0.0005344696790122141,"distribution":"{\"name\": \"FloatDistribution\", \"attributes\": {\"step\": null, \"low\": 1e-08, \"high\": 0.5, \"log\": true}}"}
{"op_code":5,"worker_id":"dc88c04c-5c35-43e5-95ea-89f2b915eff5-23456247935296","trial_id":23,"param_name":"ratio","param_value_internal":0.4750777776932029,"distribution":"{\"name\": \"FloatDistribution\", \"attributes\": {\"step\": null, \"low\": 0.1, \"high\": 100.0, \"log\": true}}"}
{"op_code":5,"worker_id":"f737b61b-85d5-45f0-bbe5-3f666058764c-23456247935296","trial_id":24,"param_name":"lr","param_value_internal":0.0037764423198438472,"distribution":"{\"name\": \"FloatDistribution\", \"attributes\": {\"step\": null, \"low\": 1e-08, \"high\": 0.5, \"log\": true}}"}
{"op_code":5,"worker_id":"f737b61b-85d5-45f0-bbe5-3f666058764c-23456247935296","trial_id":24,"param_name":"ratio","param_value_internal":1.8784777418253245,"distribution":"{\"name\": \"FloatDistribution\", \"attributes\": {\"step\": null, \"low\": 0.1, \"high\": 100.0, \"log\": true}}"}
{"op_code":0,"worker_id":"5fa03f46-9c3d-4e59-b15b-56c88028348b-23456247935296","study_name":"peter_mnist_k3","directions":[2]}
{"op_code":0,"worker_id":"83ba94d4-d549-4545-9f9e-5d88c82da108-23456247935296","study_name":"peter_mnist_k3","directions":[2]}
{"op_code":4,"worker_id":"5fa03f46-9c3d-4e59-b15b-56c88028348b-23456247935296","study_id":0,"datetime_start":"2026-07-27T09:25:39.361810"}
{"op_code":4,"worker_id":"83ba94d4-d549-4545-9f9e-5d88c82da108-23456247935296","study_id":0,"datetime_start":"2026-07-27T09:25:39.368261"}
{"op_code":5,"worker_id":"5fa03f46-9c3d-4e59-b15b-56c88028348b-23456247935296","trial_id":25,"param_name":"lr","param_value_internal":8.549522966928132e-08,"distribution":"{\"name\": \"FloatDistribution\", \"attributes\": {\"step\": null, \"low\": 1e-08, \"high\": 0.5, \"log\": true}}"}
{"op_code":5,"worker_id":"5fa03f46-9c3d-4e59-b15b-56c88028348b-23456247935296","trial_id":25,"param_name":"ratio","param_value_internal":35.38675811393529,"distribution":"{\"name\": \"FloatDistribution\", \"attributes\": {\"step\": null, \"low\": 0.1, \"high\": 100.0, \"log\": true}}"}
{"op_code":5,"worker_id":"83ba94d4-d549-4545-9f9e-5d88c82da108-23456247935296","trial_id":26,"param_name":"lr","param_value_internal":0.0020264563576769417,"distribution":"{\"name\": \"FloatDistribution\", \"attributes\": {\"step\": null, \"low\": 1e-08, \"high\": 0.5, \"log\": true}}"}
{"op_code":5,"worker_id":"83ba94d4-d549-4545-9f9e-5d88c82da108-23456247935296","trial_id":26,"param_name":"ratio","param_value_internal":1.9264476800404668,"distribution":"{\"name\": \"FloatDistribution\", \"attributes\": {\"step\": null, \"low\": 0.1, \"high\": 100.0, \"log\": true}}"}
{"op_code":0,"worker_id":"08de7d1d-98ce-418f-a017-d7c1587d0fc8-23456247935296","study_name":"peter_mnist_k3","directions":[2]}
{"op_code":4,"worker_id":"08de7d1d-98ce-418f-a017-d7c1587d0fc8-23456247935296","study_id":0,"datetime_start":"2026-07-27T09:25:39.450290"}
{"op_code":0,"worker_id":"b00f9137-8dcf-466f-9238-fa769e112a99-23456247935296","study_name":"peter_mnist_k3","directions":[2]}
{"op_code":0,"worker_id":"43681eb9-edc6-4576-b7e6-2938b39a42e9-23456247935296","study_name":"peter_mnist_k3","directions":[2]}
{"op_code":4,"worker_id":"b00f9137-8dcf-466f-9238-fa769e112a99-23456247935296","study_id":0,"datetime_start":"2026-07-27T09:25:39.492890"}
{"op_code":4,"worker_id":"43681eb9-edc6-4576-b7e6-2938b39a42e9-23456247935296","study_id":0,"datetime_start":"2026-07-27T09:25:39.497652"}
{"op_code":5,"worker_id":"08de7d1d-98ce-418f-a017-d7c1587d0fc8-23456247935296","trial_id":27,"param_name":"lr","param_value_internal":0.235866806887732,"distribution":"{\"name\": \"FloatDistribution\", \"attributes\": {\"step\": null, \"low\": 1e-08, \"high\": 0.5, \"log\": true}}"}
{"op_code":5,"worker_id":"43681eb9-edc6-4576-b7e6-2938b39a42e9-23456247935296","trial_id":29,"param_name":"lr","param_value_internal":7.804839133002365e-05,"distribution":"{\"name\": \"FloatDistribution\", \"attributes\": {\"step\": null, \"low\": 1e-08, \"high\": 0.5, \"log\": true}}"}
{"op_code":5,"worker_id":"08de7d1d-98ce-418f-a017-d7c1587d0fc8-23456247935296","trial_id":27,"param_name":"ratio","param_value_internal":0.283051456766777,"distribution":"{\"name\": \"FloatDistribution\", \"attributes\": {\"step\": null, \"low\": 0.1, \"high\": 100.0, \"log\": true}}"}
{"op_code":5,"worker_id":"43681eb9-edc6-4576-b7e6-2938b39a42e9-23456247935296","trial_id":29,"param_name":"ratio","param_value_internal":35.53817634424292,"distribution":"{\"name\": \"FloatDistribution\", \"attributes\": {\"step\": null, \"low\": 0.1, \"high\": 100.0, \"log\": true}}"}
{"op_code":5,"worker_id":"b00f9137-8dcf-466f-9238-fa769e112a99-23456247935296","trial_id":28,"param_name":"lr","param_value_internal":0.003350599955885879,"distribution":"{\"name\": \"FloatDistribution\", \"attributes\": {\"step\": null, \"low\": 1e-08, \"high\": 0.5, \"log\": true}}"}
{"op_code":5,"worker_id":"b00f9137-8dcf-466f-9238-fa769e112a99-23456247935296","trial_id":28,"param_name":"ratio","param_value_internal":1.1806657132039864,"distribution":"{\"name\": \"FloatDistribution\", \"attributes\": {\"step\": null, \"low\": 0.1, \"high\": 100.0, \"log\": true}}"}
{"op_code":0,"worker_id":"fe523620-6ea3-4a74-80f0-6b9d09a0dc58-23456247935296","study_name":"peter_mnist_k3","directions":[2]}
{"op_code":0,"worker_id":"e777e3c6-9ce7-4afa-a45c-2ddc37be42ae-23456247935296","study_name":"peter_mnist_k3","directions":[2]}
{"op_code":4,"worker_id":"fe523620-6ea3-4a74-80f0-6b9d09a0dc58-23456247935296","study_id":0,"datetime_start":"2026-07-27T09:25:40.343552"}
{"op_code":0,"worker_id":"fecb3b73-42d9-4498-ba99-0805243eeaa3-23456247935296","study_name":"peter_mnist_k3","directions":[2]}
{"op_code":4,"worker_id":"e777e3c6-9ce7-4afa-a45c-2ddc37be42ae-23456247935296","study_id":0,"datetime_start":"2026-07-27T09:25:40.346169"}
{"op_code":5,"worker_id":"fe523620-6ea3-4a74-80f0-6b9d09a0dc58-23456247935296","trial_id":30,"param_name":"lr","param_value_internal":0.0003083702706532686,"distribution":"{\"name\": \"FloatDistribution\", \"attributes\": {\"step\": null, \"low\": 1e-08, \"high\": 0.5, \"log\": true}}"}
{"op_code":5,"worker_id":"fe523620-6ea3-4a74-80f0-6b9d09a0dc58-23456247935296","trial_id":30,"param_name":"ratio","param_value_internal":0.12428665243953249,"distribution":"{\"name\": \"FloatDistribution\", \"attributes\": {\"step\": null, \"low\": 0.1, \"high\": 100.0, \"log\": true}}"}
{"op_code":5,"worker_id":"e777e3c6-9ce7-4afa-a45c-2ddc37be42ae-23456247935296","trial_id":31,"param_name":"lr","param_value_internal":3.012763399066529e-06,"distribution":"{\"name\": \"FloatDistribution\", \"attributes\": {\"step\": null, \"low\": 1e-08, \"high\": 0.5, \"log\": true}}"}
{"op_code":5,"worker_id":"e777e3c6-9ce7-4afa-a45c-2ddc37be42ae-23456247935296","trial_id":31,"param_name":"ratio","param_value_internal":57.15307478428248,"distribution":"{\"name\": \"FloatDistribution\", \"attributes\": {\"step\": null, \"low\": 0.1, \"high\": 100.0, \"log\": true}}"}
{"op_code":4,"worker_id":"fecb3b73-42d9-4498-ba99-0805243eeaa3-23456247935296","study_id":0,"datetime_start":"2026-07-27T09:25:40.411020"}
{"op_code":5,"worker_id":"fecb3b73-42d9-4498-ba99-0805243eeaa3-23456247935296","trial_id":32,"param_name":"lr","param_value_internal":1.9429477848009666e-07,"distribution":"{\"name\": \"FloatDistribution\", \"attributes\": {\"step\": null, \"low\": 1e-08, \"high\": 0.5, \"log\": true}}"}
{"op_code":5,"worker_id":"fecb3b73-42d9-4498-ba99-0805243eeaa3-23456247935296","trial_id":32,"param_name":"ratio","param_value_internal":3.713752441396356,"distribution":"{\"name\": \"FloatDistribution\", \"attributes\": {\"step\": null, \"low\": 0.1, \"high\": 100.0, \"log\": true}}"}
{"op_code":0,"worker_id":"daa4f21c-b721-43c7-be7c-102302510ca5-23456247935296","study_name":"peter_mnist_k3","directions":[2]}
{"op_code":4,"worker_id":"daa4f21c-b721-43c7-be7c-102302510ca5-23456247935296","study_id":0,"datetime_start":"2026-07-27T09:25:41.345111"}
{"op_code":5,"worker_id":"daa4f21c-b721-43c7-be7c-102302510ca5-23456247935296","trial_id":33,"param_name":"lr","param_value_internal":1.7163627562400229e-06,"distribution":"{\"name\": \"FloatDistribution\", \"attributes\": {\"step\": null, \"low\": 1e-08, \"high\": 0.5, \"log\": true}}"}
{"op_code":5,"worker_id":"daa4f21c-b721-43c7-be7c-102302510ca5-23456247935296","trial_id":33,"param_name":"ratio","param_value_internal":0.542989833503464,"distribution":"{\"name\": \"FloatDistribution\", \"attributes\": {\"step\": null, \"low\": 0.1, \"high\": 100.0, \"log\": true}}"}
{"op_code":0,"worker_id":"830e2d9a-6e28-4449-9fe9-e16699733018-23456247935296","study_name":"peter_mnist_k3","directions":[2]}
{"op_code":0,"worker_id":"0b09c7ac-6b44-4365-8585-7067e0b30b5c-23456247935296","study_name":"peter_mnist_k3","directions":[2]}
{"op_code":4,"worker_id":"830e2d9a-6e28-4449-9fe9-e16699733018-23456247935296","study_id":0,"datetime_start":"2026-07-27T09:25:41.434719"}
{"op_code":4,"worker_id":"0b09c7ac-6b44-4365-8585-7067e0b30b5c-23456247935296","study_id":0,"datetime_start":"2026-07-27T09:25:41.438314"}
{"op_code":5,"worker_id":"830e2d9a-6e28-4449-9fe9-e16699733018-23456247935296","trial_id":34,"param_name":"lr","param_value_internal":7.552848943508157e-07,"distribution":"{\"name\": \"FloatDistribution\", \"attributes\": {\"step\": null, \"low\": 1e-08, \"high\": 0.5, \"log\": true}}"}
{"op_code":0,"worker_id":"f82cc4c1-e763-44e7-9468-868ac108a77b-23456247935296","study_name":"peter_mnist_k3","directions":[2]}
{"op_code":5,"worker_id":"0b09c7ac-6b44-4365-8585-7067e0b30b5c-23456247935296","trial_id":35,"param_name":"lr","param_value_internal":8.231533023238893e-07,"distribution":"{\"name\": \"FloatDistribution\", \"attributes\": {\"step\": null, \"low\": 1e-08, \"high\": 0.5, \"log\": true}}"}
{"op_code":5,"worker_id":"0b09c7ac-6b44-4365-8585-7067e0b30b5c-23456247935296","trial_id":35,"param_name":"ratio","param_value_internal":0.5046054703831766,"distribution":"{\"name\": \"FloatDistribution\", \"attributes\": {\"step\": null, \"low\": 0.1, \"high\": 100.0, \"log\": true}}"}
{"op_code":4,"worker_id":"f82cc4c1-e763-44e7-9468-868ac108a77b-23456247935296","study_id":0,"datetime_start":"2026-07-27T09:25:41.506579"}
{"op_code":5,"worker_id":"830e2d9a-6e28-4449-9fe9-e16699733018-23456247935296","trial_id":34,"param_name":"ratio","param_value_internal":2.368330835119047,"distribution":"{\"name\": \"FloatDistribution\", \"attributes\": {\"step\": null, \"low\": 0.1, \"high\": 100.0, \"log\": true}}"}
{"op_code":5,"worker_id":"f82cc4c1-e763-44e7-9468-868ac108a77b-23456247935296","trial_id":36,"param_name":"lr","param_value_internal":0.03261330642194563,"distribution":"{\"name\": \"FloatDistribution\", \"attributes\": {\"step\": null, \"low\": 1e-08, \"high\": 0.5, \"log\": true}}"}
{"op_code":5,"worker_id":"f82cc4c1-e763-44e7-9468-868ac108a77b-23456247935296","trial_id":36,"param_name":"ratio","param_value_internal":0.31005336810164824,"distribution":"{\"name\": \"FloatDistribution\", \"attributes\": {\"step\": null, \"low\": 0.1, \"high\": 100.0, \"log\": true}}"}
{"op_code":0,"worker_id":"929ffd2d-a9bd-4663-939c-58e5152c983d-23456247935296","study_name":"peter_mnist_k3","directions":[2]}
{"op_code":0,"worker_id":"0e38941a-538d-47f0-a278-2161ed132863-23456247935296","study_name":"peter_mnist_k3","directions":[2]}
{"op_code":4,"worker_id":"929ffd2d-a9bd-4663-939c-58e5152c983d-23456247935296","study_id":0,"datetime_start":"2026-07-27T09:25:42.370456"}
{"op_code":4,"worker_id":"0e38941a-538d-47f0-a278-2161ed132863-23456247935296","study_id":0,"datetime_start":"2026-07-27T09:25:42.371838"}
{"op_code":0,"worker_id":"c58cad88-bdd8-48b0-9bd2-6058e0e7c7ee-23456247935296","study_name":"peter_mnist_k3","directions":[2]}
{"op_code":5,"worker_id":"0e38941a-538d-47f0-a278-2161ed132863-23456247935296","trial_id":38,"param_name":"lr","param_value_internal":8.876388620629064e-06,"distribution":"{\"name\": \"FloatDistribution\", \"attributes\": {\"step\": null, \"low\": 1e-08, \"high\": 0.5, \"log\": true}}"}
{"op_code":5,"worker_id":"0e38941a-538d-47f0-a278-2161ed132863-23456247935296","trial_id":38,"param_name":"ratio","param_value_internal":0.4832592435521271,"distribution":"{\"name\": \"FloatDistribution\", \"attributes\": {\"step\": null, \"low\": 0.1, \"high\": 100.0, \"log\": true}}"}
{"op_code":4,"worker_id":"c58cad88-bdd8-48b0-9bd2-6058e0e7c7ee-23456247935296","study_id":0,"datetime_start":"2026-07-27T09:25:42.442842"}
{"op_code":5,"worker_id":"929ffd2d-a9bd-4663-939c-58e5152c983d-23456247935296","trial_id":37,"param_name":"lr","param_value_internal":0.003073495418318772,"distribution":"{\"name\": \"FloatDistribution\", \"attributes\": {\"step\": null, \"low\": 1e-08, \"high\": 0.5, \"log\": true}}"}
{"op_code":5,"worker_id":"929ffd2d-a9bd-4663-939c-58e5152c983d-23456247935296","trial_id":37,"param_name":"ratio","param_value_internal":5.554669736092216,"distribution":"{\"name\": \"FloatDistribution\", \"attributes\": {\"step\": null, \"low\": 0.1, \"high\": 100.0, \"log\": true}}"}
{"op_code":0,"worker_id":"b300db70-fa88-405a-9a93-5967937b30e5-23456247935296","study_name":"peter_mnist_k3","directions":[2]}
{"op_code":4,"worker_id":"b300db70-fa88-405a-9a93-5967937b30e5-23456247935296","study_id":0,"datetime_start":"2026-07-27T09:25:42.542647"}
{"op_code":5,"worker_id":"c58cad88-bdd8-48b0-9bd2-6058e0e7c7ee-23456247935296","trial_id":39,"param_name":"lr","param_value_internal":0.16882550906750704,"distribution":"{\"name\": \"FloatDistribution\", \"attributes\": {\"step\": null, \"low\": 1e-08, \"high\": 0.5, \"log\": true}}"}
{"op_code":5,"worker_id":"b300db70-fa88-405a-9a93-5967937b30e5-23456247935296","trial_id":40,"param_name":"lr","param_value_internal":0.00790534902429697,"distribution":"{\"name\": \"FloatDistribution\", \"attributes\": {\"step\": null, \"low\": 1e-08, \"high\": 0.5, \"log\": true}}"}
{"op_code":5,"worker_id":"c58cad88-bdd8-48b0-9bd2-6058e0e7c7ee-23456247935296","trial_id":39,"param_name":"ratio","param_value_internal":0.6031231423751785,"distribution":"{\"name\": \"FloatDistribution\", \"attributes\": {\"step\": null, \"low\": 0.1, \"high\": 100.0, \"log\": true}}"}
{"op_code":5,"worker_id":"b300db70-fa88-405a-9a93-5967937b30e5-23456247935296","trial_id":40,"param_name":"ratio","param_value_internal":0.11285237645354972,"distribution":"{\"name\": \"FloatDistribution\", \"attributes\": {\"step\": null, \"low\": 0.1, \"high\": 100.0, \"log\": true}}"}
{"op_code":0,"worker_id":"3c416d41-96a9-4dc4-a009-7229de8735b3-23456247935296","study_name":"peter_mnist_k3","directions":[2]}
{"op_code":4,"worker_id":"3c416d41-96a9-4dc4-a009-7229de8735b3-23456247935296","study_id":0,"datetime_start":"2026-07-27T09:25:43.350598"}
{"op_code":0,"worker_id":"b3e5c74e-5123-47ee-8c26-5db48ff98613-23456247935296","study_name":"peter_mnist_k3","directions":[2]}
{"op_code":5,"worker_id":"3c416d41-96a9-4dc4-a009-7229de8735b3-23456247935296","trial_id":41,"param_name":"lr","param_value_internal":2.4913656000648573e-08,"distribution":"{\"name\": \"FloatDistribution\", \"attributes\": {\"step\": null, \"low\": 1e-08, \"high\": 0.5, \"log\": true}}"}
{"op_code":5,"worker_id":"3c416d41-96a9-4dc4-a009-7229de8735b3-23456247935296","trial_id":41,"param_name":"ratio","param_value_internal":22.574194808418028,"distribution":"{\"name\": \"FloatDistribution\", \"attributes\": {\"step\": null, \"low\": 0.1, \"high\": 100.0, \"log\": true}}"}
{"op_code":4,"worker_id":"b3e5c74e-5123-47ee-8c26-5db48ff98613-23456247935296","study_id":0,"datetime_start":"2026-07-27T09:25:43.408031"}
{"op_code":5,"worker_id":"b3e5c74e-5123-47ee-8c26-5db48ff98613-23456247935296","trial_id":42,"param_name":"lr","param_value_internal":2.9939735644954266e-07,"distribution":"{\"name\": \"FloatDistribution\", \"attributes\": {\"step\": null, \"low\": 1e-08, \"high\": 0.5, \"log\": true}}"}
{"op_code":5,"worker_id":"b3e5c74e-5123-47ee-8c26-5db48ff98613-23456247935296","trial_id":42,"param_name":"ratio","param_value_internal":0.8386699692834105,"distribution":"{\"name\": \"FloatDistribution\", \"attributes\": {\"step\": null, \"low\": 0.1, \"high\": 100.0, \"log\": true}}"}
{"op_code":0,"worker_id":"be123a2c-982b-4a6b-8bae-0a3d565cc824-23456247935296","study_name":"peter_mnist_k3","directions":[2]}
{"op_code":4,"worker_id":"be123a2c-982b-4a6b-8bae-0a3d565cc824-23456247935296","study_id":0,"datetime_start":"2026-07-27T09:25:44.353950"}
{"op_code":5,"worker_id":"be123a2c-982b-4a6b-8bae-0a3d565cc824-23456247935296","trial_id":43,"param_name":"lr","param_value_internal":3.868486434656508e-06,"distribution":"{\"name\": \"FloatDistribution\", \"attributes\": {\"step\": null, \"low\": 1e-08, \"high\": 0.5, \"log\": true}}"}
{"op_code":5,"worker_id":"be123a2c-982b-4a6b-8bae-0a3d565cc824-23456247935296","trial_id":43,"param_name":"ratio","param_value_internal":0.10833358527631662,"distribution":"{\"name\": \"FloatDistribution\", \"attributes\": {\"step\": null, \"low\": 0.1, \"high\": 100.0, \"log\": true}}"}
{"op_code":0,"worker_id":"a7274a31-5d7d-478f-a4f3-584b46fd7425-23456247935296","study_name":"peter_mnist_k3","directions":[2]}
{"op_code":4,"worker_id":"a7274a31-5d7d-478f-a4f3-584b46fd7425-23456247935296","study_id":0,"datetime_start":"2026-07-27T09:25:44.431214"}
{"op_code":5,"worker_id":"a7274a31-5d7d-478f-a4f3-584b46fd7425-23456247935296","trial_id":44,"param_name":"lr","param_value_internal":2.9077811920932886e-08,"distribution":"{\"name\": \"FloatDistribution\", \"attributes\": {\"step\": null, \"low\": 1e-08, \"high\": 0.5, \"log\": true}}"}
{"op_code":5,"worker_id":"a7274a31-5d7d-478f-a4f3-584b46fd7425-23456247935296","trial_id":44,"param_name":"ratio","param_value_internal":11.775530193220517,"distribution":"{\"name\": \"FloatDistribution\", \"attributes\": {\"step\": null, \"low\": 0.1, \"high\": 100.0, \"log\": true}}"}
{"op_code":0,"worker_id":"733eb40f-6bce-46bc-941a-b26708289be8-23456247935296","study_name":"peter_mnist_k3","directions":[2]}
{"op_code":4,"worker_id":"733eb40f-6bce-46bc-941a-b26708289be8-23456247935296","study_id":0,"datetime_start":"2026-07-27T09:25:44.571662"}
{"op_code":5,"worker_id":"733eb40f-6bce-46bc-941a-b26708289be8-23456247935296","trial_id":45,"param_name":"lr","param_value_internal":3.762821112060077e-05,"distribution":"{\"name\": \"FloatDistribution\", \"attributes\": {\"step\": null, \"low\": 1e-08, \"high\": 0.5, \"log\": true}}"}
{"op_code":5,"worker_id":"733eb40f-6bce-46bc-941a-b26708289be8-23456247935296","trial_id":45,"param_name":"ratio","param_value_internal":1.9947668311095228,"distribution":"{\"name\": \"FloatDistribution\", \"attributes\": {\"step\": null, \"low\": 0.1, \"high\": 100.0, \"log\": true}}"}
{"op_code":0,"worker_id":"b7a3a11a-5780-40ef-ae25-c28b8211a75d-23456247935296","study_name":"peter_mnist_k3","directions":[2]}
{"op_code":4,"worker_id":"b7a3a11a-5780-40ef-ae25-c28b8211a75d-23456247935296","study_id":0,"datetime_start":"2026-07-27T09:25:45.356451"}
{"op_code":5,"worker_id":"b7a3a11a-5780-40ef-ae25-c28b8211a75d-23456247935296","trial_id":46,"param_name":"lr","param_value_internal":0.008472884194519914,"distribution":"{\"name\": \"FloatDistribution\", \"attributes\": {\"step\": null, \"low\": 1e-08, \"high\": 0.5, \"log\": true}}"}
{"op_code":5,"worker_id":"b7a3a11a-5780-40ef-ae25-c28b8211a75d-23456247935296","trial_id":46,"param_name":"ratio","param_value_internal":0.9720737791380577,"distribution":"{\"name\": \"FloatDistribution\", \"attributes\": {\"step\": null, \"low\": 0.1, \"high\": 100.0, \"log\": true}}"}
{"op_code":0,"worker_id":"5a5b6c80-1115-42f2-ae6f-eb67d21d99bd-23456247935296","study_name":"peter_mnist_k3","directions":[2]}
{"op_code":4,"worker_id":"5a5b6c80-1115-42f2-ae6f-eb67d21d99bd-23456247935296","study_id":0,"datetime_start":"2026-07-27T09:25:45.433824"}
{"op_code":5,"worker_id":"5a5b6c80-1115-42f2-ae6f-eb67d21d99bd-23456247935296","trial_id":47,"param_name":"lr","param_value_internal":1.6158753585616088e-07,"distribution":"{\"name\": \"FloatDistribution\", \"attributes\": {\"step\": null, \"low\": 1e-08, \"high\": 0.5, \"log\": true}}"}
{"op_code":5,"worker_id":"5a5b6c80-1115-42f2-ae6f-eb67d21d99bd-23456247935296","trial_id":47,"param_name":"ratio","param_value_internal":0.24971169685548394,"distribution":"{\"name\": \"FloatDistribution\", \"attributes\": {\"step\": null, \"low\": 0.1, \"high\": 100.0, \"log\": true}}"}
{"op_code":0,"worker_id":"99ef8205-8507-4d68-b25c-e584cd638add-23456247935296","study_name":"peter_mnist_k3","directions":[2]}
{"op_code":0,"worker_id":"e3b8ad7f-30e3-4685-982e-a0d05dfc8658-23456247935296","study_name":"peter_mnist_k3","directions":[2]}
{"op_code":4,"worker_id":"99ef8205-8507-4d68-b25c-e584cd638add-23456247935296","study_id":0,"datetime_start":"2026-07-27T09:25:45.576028"}
{"op_code":4,"worker_id":"e3b8ad7f-30e3-4685-982e-a0d05dfc8658-23456247935296","study_id":0,"datetime_start":"2026-07-27T09:25:45.580346"}
{"op_code":5,"worker_id":"99ef8205-8507-4d68-b25c-e584cd638add-23456247935296","trial_id":48,"param_name":"lr","param_value_internal":0.004263862501601598,"distribution":"{\"name\": \"FloatDistribution\", \"attributes\": {\"step\": null, \"low\": 1e-08, \"high\": 0.5, \"log\": true}}"}
{"op_code":5,"worker_id":"99ef8205-8507-4d68-b25c-e584cd638add-23456247935296","trial_id":48,"param_name":"ratio","param_value_internal":96.39436476767527,"distribution":"{\"name\": \"FloatDistribution\", \"attributes\": {\"step\": null, \"low\": 0.1, \"high\": 100.0, \"log\": true}}"}
{"op_code":5,"worker_id":"e3b8ad7f-30e3-4685-982e-a0d05dfc8658-23456247935296","trial_id":49,"param_name":"lr","param_value_internal":0.03418165794426278,"distribution":"{\"name\": \"FloatDistribution\", \"attributes\": {\"step\": null, \"low\": 1e-08, \"high\": 0.5, \"log\": true}}"}
{"op_code":5,"worker_id":"e3b8ad7f-30e3-4685-982e-a0d05dfc8658-23456247935296","trial_id":49,"param_name":"ratio","param_value_internal":5.91093937648281,"distribution":"{\"name\": \"FloatDistribution\", \"attributes\": {\"step\": null, \"low\": 0.1, \"high\": 100.0, \"log\": true}}"}
{"op_code":0,"worker_id":"c1c4b08d-c40a-481e-9e12-a40df82d27cc-23456247935296","study_name":"peter_mnist_k3","directions":[2]}
{"op_code":4,"worker_id":"c1c4b08d-c40a-481e-9e12-a40df82d27cc-23456247935296","study_id":0,"datetime_start":"2026-07-27T09:25:46.360545"}
{"op_code":5,"worker_id":"c1c4b08d-c40a-481e-9e12-a40df82d27cc-23456247935296","trial_id":50,"param_name":"lr","param_value_internal":8.669532711744629e-07,"distribution":"{\"name\": \"FloatDistribution\", \"attributes\": {\"step\": null, \"low\": 1e-08, \"high\": 0.5, \"log\": true}}"}
{"op_code":5,"worker_id":"c1c4b08d-c40a-481e-9e12-a40df82d27cc-23456247935296","trial_id":50,"param_name":"ratio","param_value_internal":32.26211688398895,"distribution":"{\"name\": \"FloatDistribution\", \"attributes\": {\"step\": null, \"low\": 0.1, \"high\": 100.0, \"log\": true}}"}
{"op_code":0,"worker_id":"c512a713-e327-43cd-aedd-ce3a98a20d36-23456247935296","study_name":"peter_mnist_k3","directions":[2]}
{"op_code":4,"worker_id":"c512a713-e327-43cd-aedd-ce3a98a20d36-23456247935296","study_id":0,"datetime_start":"2026-07-27T09:25:46.456848"}
{"op_code":5,"worker_id":"c512a713-e327-43cd-aedd-ce3a98a20d36-23456247935296","trial_id":51,"param_name":"lr","param_value_internal":2.450615614246539e-06,"distribution":"{\"name\": \"FloatDistribution\", \"attributes\": {\"step\": null, \"low\": 1e-08, \"high\": 0.5, \"log\": true}}"}
{"op_code":5,"worker_id":"c512a713-e327-43cd-aedd-ce3a98a20d36-23456247935296","trial_id":51,"param_name":"ratio","param_value_internal":2.3462559838853334,"distribution":"{\"name\": \"FloatDistribution\", \"attributes\": {\"step\": null, \"low\": 0.1, \"high\": 100.0, \"log\": true}}"}
{"op_code":0,"worker_id":"d0978ff9-1f4c-4519-b20a-5809d917560e-23456247935296","study_name":"peter_mnist_k3","directions":[2]}
{"op_code":0,"worker_id":"f502833f-bd2e-4887-b476-185ad09ed492-23456247935296","study_name":"peter_mnist_k3","directions":[2]}
{"op_code":4,"worker_id":"d0978ff9-1f4c-4519-b20a-5809d917560e-23456247935296","study_id":0,"datetime_start":"2026-07-27T09:25:46.517072"}
{"op_code":4,"worker_id":"f502833f-bd2e-4887-b476-185ad09ed492-23456247935296","study_id":0,"datetime_start":"2026-07-27T09:25:46.523004"}
{"op_code":5,"worker_id":"d0978ff9-1f4c-4519-b20a-5809d917560e-23456247935296","trial_id":52,"param_name":"lr","param_value_internal":3.840675492914075e-06,"distribution":"{\"name\": \"FloatDistribution\", \"attributes\": {\"step\": null, \"low\": 1e-08, \"high\": 0.5, \"log\": true}}"}
{"op_code":5,"worker_id":"d0978ff9-1f4c-4519-b20a-5809d917560e-23456247935296","trial_id":52,"param_name":"ratio","param_value_internal":5.367415731066896,"distribution":"{\"name\": \"FloatDistribution\", \"attributes\": {\"step\": null, \"low\": 0.1, \"high\": 100.0, \"log\": true}}"}
{"op_code":5,"worker_id":"f502833f-bd2e-4887-b476-185ad09ed492-23456247935296","trial_id":53,"param_name":"lr","param_value_internal":8.983238849379755e-05,"distribution":"{\"name\": \"FloatDistribution\", \"attributes\": {\"step\": null, \"low\": 1e-08, \"high\": 0.5, \"log\": true}}"}
{"op_code":5,"worker_id":"f502833f-bd2e-4887-b476-185ad09ed492-23456247935296","trial_id":53,"param_name":"ratio","param_value_internal":13.471673599751178,"distribution":"{\"name\": \"FloatDistribution\", \"attributes\": {\"step\": null, \"low\": 0.1, \"high\": 100.0, \"log\": true}}"}
{"op_code":0,"worker_id":"9dc5ede0-8e79-4518-8a76-422c8080cc54-23456247935296","study_name":"peter_mnist_k3","directions":[2]}
{"op_code":4,"worker_id":"9dc5ede0-8e79-4518-8a76-422c8080cc54-23456247935296","study_id":0,"datetime_start":"2026-07-27T09:25:46.579097"}
{"op_code":5,"worker_id":"9dc5ede0-8e79-4518-8a76-422c8080cc54-23456247935296","trial_id":54,"param_name":"lr","param_value_internal":0.3910900037866152,"distribution":"{\"name\": \"FloatDistribution\", \"attributes\": {\"step\": null, \"low\": 1e-08, \"high\": 0.5, \"log\": true}}"}
{"op_code":5,"worker_id":"9dc5ede0-8e79-4518-8a76-422c8080cc54-23456247935296","trial_id":54,"param_name":"ratio","param_value_internal":2.3303455295752125,"distribution":"{\"name\": \"FloatDistribution\", \"attributes\": {\"step\": null, \"low\": 0.1, \"high\": 100.0, \"log\": true}}"}
{"op_code":0,"worker_id":"823352a4-b8ee-4c7f-bfe5-360ccc485e36-23456247935296","study_name":"peter_mnist_k3","directions":[2]}
{"op_code":4,"worker_id":"823352a4-b8ee-4c7f-bfe5-360ccc485e36-23456247935296","study_id":0,"datetime_start":"2026-07-27T09:25:47.362529"}
{"op_code":5,"worker_id":"823352a4-b8ee-4c7f-bfe5-360ccc485e36-23456247935296","trial_id":55,"param_name":"lr","param_value_internal":0.36871709819595205,"distribution":"{\"name\": \"FloatDistribution\", \"attributes\": {\"step\": null, \"low\": 1e-08, \"high\": 0.5, \"log\": true}}"}
{"op_code":5,"worker_id":"823352a4-b8ee-4c7f-bfe5-360ccc485e36-23456247935296","trial_id":55,"param_name":"ratio","param_value_internal":9.568501666621122,"distribution":"{\"name\": \"FloatDistribution\", \"attributes\": {\"step\": null, \"low\": 0.1, \"high\": 100.0, \"log\": true}}"}
{"op_code":0,"worker_id":"14cc3aa0-d1cd-441d-95a9-ffd870189e75-23456247935296","study_name":"peter_mnist_k3","directions":[2]}
{"op_code":4,"worker_id":"14cc3aa0-d1cd-441d-95a9-ffd870189e75-23456247935296","study_id":0,"datetime_start":"2026-07-27T09:25:47.458877"}
{"op_code":5,"worker_id":"14cc3aa0-d1cd-441d-95a9-ffd870189e75-23456247935296","trial_id":56,"param_name":"lr","param_value_internal":0.016033172758189607,"distribution":"{\"name\": \"FloatDistribution\", \"attributes\": {\"step\": null, \"low\": 1e-08, \"high\": 0.5, \"log\": true}}"}
{"op_code":5,"worker_id":"14cc3aa0-d1cd-441d-95a9-ffd870189e75-23456247935296","trial_id":56,"param_name":"ratio","param_value_internal":0.7144264428512016,"distribution":"{\"name\": \"FloatDistribution\", \"attributes\": {\"step\": null, \"low\": 0.1, \"high\": 100.0, \"log\": true}}"}
{"op_code":0,"worker_id":"7ac9a940-471a-4802-b84b-694225a7fcd6-23456247935296","study_name":"peter_mnist_k3","directions":[2]}
{"op_code":0,"worker_id":"2b9f6141-89cf-4d8c-a578-dd1a4dacebb4-23456247935296","study_name":"peter_mnist_k3","directions":[2]}
{"op_code":4,"worker_id":"7ac9a940-471a-4802-b84b-694225a7fcd6-23456247935296","study_id":0,"datetime_start":"2026-07-27T09:25:47.521867"}
{"op_code":4,"worker_id":"2b9f6141-89cf-4d8c-a578-dd1a4dacebb4-23456247935296","study_id":0,"datetime_start":"2026-07-27T09:25:47.527924"}
{"op_code":5,"worker_id":"7ac9a940-471a-4802-b84b-694225a7fcd6-23456247935296","trial_id":57,"param_name":"lr","param_value_internal":1.790014737850243e-08,"distribution":"{\"name\": \"FloatDistribution\", \"attributes\": {\"step\": null, \"low\": 1e-08, \"high\": 0.5, \"log\": true}}"}
{"op_code":5,"worker_id":"7ac9a940-471a-4802-b84b-694225a7fcd6-23456247935296","trial_id":57,"param_name":"ratio","param_value_internal":1.4681265777484749,"distribution":"{\"name\": \"FloatDistribution\", \"attributes\": {\"step\": null, \"low\": 0.1, \"high\": 100.0, \"log\": true}}"}
{"op_code":5,"worker_id":"2b9f6141-89cf-4d8c-a578-dd1a4dacebb4-23456247935296","trial_id":58,"param_name":"lr","param_value_internal":0.0030609355253210565,"distribution":"{\"name\": \"FloatDistribution\", \"attributes\": {\"step\": null, \"low\": 1e-08, \"high\": 0.5, \"log\": true}}"}
{"op_code":5,"worker_id":"2b9f6141-89cf-4d8c-a578-dd1a4dacebb4-23456247935296","trial_id":58,"param_name":"ratio","param_value_internal":0.2474552518850747,"distribution":"{\"name\": \"FloatDistribution\", \"attributes\": {\"step\": null, \"low\": 0.1, \"high\": 100.0, \"log\": true}}"}
{"op_code":0,"worker_id":"9f897d73-c772-473b-b682-819ea470424e-23456247935296","study_name":"peter_mnist_k3","directions":[2]}
{"op_code":4,"worker_id":"9f897d73-c772-473b-b682-819ea470424e-23456247935296","study_id":0,"datetime_start":"2026-07-27T09:25:48.367747"}
{"op_code":5,"worker_id":"9f897d73-c772-473b-b682-819ea470424e-23456247935296","trial_id":59,"param_name":"lr","param_value_internal":0.000880538245176563,"distribution":"{\"name\": \"FloatDistribution\", \"attributes\": {\"step\": null, \"low\": 1e-08, \"high\": 0.5, \"log\": true}}"}
{"op_code":5,"worker_id":"9f897d73-c772-473b-b682-819ea470424e-23456247935296","trial_id":59,"param_name":"ratio","param_value_internal":9.068089258510996,"distribution":"{\"name\": \"FloatDistribution\", \"attributes\": {\"step\": null, \"low\": 0.1, \"high\": 100.0, \"log\": true}}"}
{"op_code":0,"worker_id":"6030b077-013a-4cdd-9dfa-738ce3f2f29f-23456247935296","study_name":"peter_mnist_k3","directions":[2]}
{"op_code":0,"worker_id":"d0ac2eb6-e612-4f43-a1d6-3280f291df35-23456247935296","study_name":"peter_mnist_k3","directions":[2]}
{"op_code":4,"worker_id":"6030b077-013a-4cdd-9dfa-738ce3f2f29f-23456247935296","study_id":0,"datetime_start":"2026-07-27T09:25:48.522779"}
{"op_code":0,"worker_id":"8ae2e7b5-f007-48a5-857b-39256c990888-23456247935296","study_name":"peter_mnist_k3","directions":[2]}
{"op_code":4,"worker_id":"d0ac2eb6-e612-4f43-a1d6-3280f291df35-23456247935296","study_id":0,"datetime_start":"2026-07-27T09:25:48.528867"}
{"op_code":5,"worker_id":"6030b077-013a-4cdd-9dfa-738ce3f2f29f-23456247935296","trial_id":60,"param_name":"lr","param_value_internal":0.25164419815049943,"distribution":"{\"name\": \"FloatDistribution\", \"attributes\": {\"step\": null, \"low\": 1e-08, \"high\": 0.5, \"log\": true}}"}
{"op_code":5,"worker_id":"d0ac2eb6-e612-4f43-a1d6-3280f291df35-23456247935296","trial_id":61,"param_name":"lr","param_value_internal":1.0076120089015343e-07,"distribution":"{\"name\": \"FloatDistribution\", \"attributes\": {\"step\": null, \"low\": 1e-08, \"high\": 0.5, \"log\": true}}"}
{"op_code":5,"worker_id":"6030b077-013a-4cdd-9dfa-738ce3f2f29f-23456247935296","trial_id":60,"param_name":"ratio","param_value_internal":2.0747671833523036,"distribution":"{\"name\": \"FloatDistribution\", \"attributes\": {\"step\": null, \"low\": 0.1, \"high\": 100.0, \"log\": true}}"}
{"op_code":5,"worker_id":"d0ac2eb6-e612-4f43-a1d6-3280f291df35-23456247935296","trial_id":61,"param_name":"ratio","param_value_internal":0.9952255753594709,"distribution":"{\"name\": \"FloatDistribution\", \"attributes\": {\"step\": null, \"low\": 0.1, \"high\": 100.0, \"log\": true}}"}
{"op_code":4,"worker_id":"8ae2e7b5-f007-48a5-857b-39256c990888-23456247935296","study_id":0,"datetime_start":"2026-07-27T09:25:48.565212"}
{"op_code":5,"worker_id":"8ae2e7b5-f007-48a5-857b-39256c990888-23456247935296","trial_id":62,"param_name":"lr","param_value_internal":0.0010584039683723724,"distribution":"{\"name\": \"FloatDistribution\", \"attributes\": {\"step\": null, \"low\": 1e-08, \"high\": 0.5, \"log\": true}}"}
{"op_code":5,"worker_id":"8ae2e7b5-f007-48a5-857b-39256c990888-23456247935296","trial_id":62,"param_name":"ratio","param_value_internal":1.9624622670958571,"distribution":"{\"name\": \"FloatDistribution\", \"attributes\": {\"step\": null, \"low\": 0.1, \"high\": 100.0, \"log\": true}}"}
{"op_code":0,"worker_id":"6f01e2c6-670f-48f6-b070-8f86dce0f366-23456247935296","study_name":"peter_mnist_k3","directions":[2]}
{"op_code":4,"worker_id":"6f01e2c6-670f-48f6-b070-8f86dce0f366-23456247935296","study_id":0,"datetime_start":"2026-07-27T09:25:49.369960"}
{"op_code":5,"worker_id":"6f01e2c6-670f-48f6-b070-8f86dce0f366-23456247935296","trial_id":63,"param_name":"lr","param_value_internal":6.430724613734004e-06,"distribution":"{\"name\": \"FloatDistribution\", \"attributes\": {\"step\": null, \"low\": 1e-08, \"high\": 0.5, \"log\": true}}"}
{"op_code":5,"worker_id":"6f01e2c6-670f-48f6-b070-8f86dce0f366-23456247935296","trial_id":63,"param_name":"ratio","param_value_internal":0.4746591801725659,"distribution":"{\"name\": \"FloatDistribution\", \"attributes\": {\"step\": null, \"low\": 0.1, \"high\": 100.0, \"log\": true}}"}
{"op_code":0,"worker_id":"55068f68-827f-4795-bf7e-bf6a89358acc-23456247935296","study_name":"peter_mnist_k3","directions":[2]}
{"op_code":0,"worker_id":"512dbe2b-9dcb-4015-8b56-63fea5c60b76-23456247935296","study_name":"peter_mnist_k3","directions":[2]}
{"op_code":4,"worker_id":"55068f68-827f-4795-bf7e-bf6a89358acc-23456247935296","study_id":0,"datetime_start":"2026-07-27T09:25:49.525721"}
{"op_code":4,"worker_id":"512dbe2b-9dcb-4015-8b56-63fea5c60b76-23456247935296","study_id":0,"datetime_start":"2026-07-27T09:25:49.532090"}
{"op_code":5,"worker_id":"55068f68-827f-4795-bf7e-bf6a89358acc-23456247935296","trial_id":64,"param_name":"lr","param_value_internal":0.013017732024813579,"distribution":"{\"name\": \"FloatDistribution\", \"attributes\": {\"step\": null, \"low\": 1e-08, \"high\": 0.5, \"log\": true}}"}
{"op_code":5,"worker_id":"55068f68-827f-4795-bf7e-bf6a89358acc-23456247935296","trial_id":64,"param_name":"ratio","param_value_internal":0.6114395643774608,"distribution":"{\"name\": \"FloatDistribution\", \"attributes\": {\"step\": null, \"low\": 0.1, \"high\": 100.0, \"log\": true}}"}
{"op_code":5,"worker_id":"512dbe2b-9dcb-4015-8b56-63fea5c60b76-23456247935296","trial_id":65,"param_name":"lr","param_value_internal":3.8663764223751047e-07,"distribution":"{\"name\": \"FloatDistribution\", \"attributes\": {\"step\": null, \"low\": 1e-08, \"high\": 0.5, \"log\": true}}"}
{"op_code":5,"worker_id":"512dbe2b-9dcb-4015-8b56-63fea5c60b76-23456247935296","trial_id":65,"param_name":"ratio","param_value_internal":0.7679725272564177,"distribution":"{\"name\": \"FloatDistribution\", \"attributes\": {\"step\": null, \"low\": 0.1, \"high\": 100.0, \"log\": true}}"}
{"op_code":0,"worker_id":"da8ae414-5a5c-4386-bc04-0414c14c98e5-23456247935296","study_name":"peter_mnist_k3","directions":[2]}
{"op_code":0,"worker_id":"73750471-2a58-4252-be5e-9804aa3f61b4-23456247935296","study_name":"peter_mnist_k3","directions":[2]}
{"op_code":4,"worker_id":"da8ae414-5a5c-4386-bc04-0414c14c98e5-23456247935296","study_id":0,"datetime_start":"2026-07-27T09:25:49.598180"}
{"op_code":4,"worker_id":"73750471-2a58-4252-be5e-9804aa3f61b4-23456247935296","study_id":0,"datetime_start":"2026-07-27T09:25:49.604934"}
{"op_code":5,"worker_id":"da8ae414-5a5c-4386-bc04-0414c14c98e5-23456247935296","trial_id":66,"param_name":"lr","param_value_internal":0.022702686847537314,"distribution":"{\"name\": \"FloatDistribution\", \"attributes\": {\"step\": null, \"low\": 1e-08, \"high\": 0.5, \"log\": true}}"}
{"op_code":5,"worker_id":"da8ae414-5a5c-4386-bc04-0414c14c98e5-23456247935296","trial_id":66,"param_name":"ratio","param_value_internal":0.5260142890548154,"distribution":"{\"name\": \"FloatDistribution\", \"attributes\": {\"step\": null, \"low\": 0.1, \"high\": 100.0, \"log\": true}}"}
{"op_code":5,"worker_id":"73750471-2a58-4252-be5e-9804aa3f61b4-23456247935296","trial_id":67,"param_name":"lr","param_value_internal":0.00014416150724859932,"distribution":"{\"name\": \"FloatDistribution\", \"attributes\": {\"step\": null, \"low\": 1e-08, \"high\": 0.5, \"log\": true}}"}
{"op_code":5,"worker_id":"73750471-2a58-4252-be5e-9804aa3f61b4-23456247935296","trial_id":67,"param_name":"ratio","param_value_internal":0.3996788974529408,"distribution":"{\"name\": \"FloatDistribution\", \"attributes\": {\"step\": null, \"low\": 0.1, \"high\": 100.0, \"log\": true}}"}
{"op_code":0,"worker_id":"a56bb95f-38f6-48c0-9de1-15d0d9ea2733-23456247935296","study_name":"peter_mnist_k3","directions":[2]}
{"op_code":4,"worker_id":"a56bb95f-38f6-48c0-9de1-15d0d9ea2733-23456247935296","study_id":0,"datetime_start":"2026-07-27T09:25:50.374882"}
{"op_code":5,"worker_id":"a56bb95f-38f6-48c0-9de1-15d0d9ea2733-23456247935296","trial_id":68,"param_name":"lr","param_value_internal":1.967984155285095e-05,"distribution":"{\"name\": \"FloatDistribution\", \"attributes\": {\"step\": null, \"low\": 1e-08, \"high\": 0.5, \"log\": true}}"}
{"op_code":5,"worker_id":"a56bb95f-38f6-48c0-9de1-15d0d9ea2733-23456247935296","trial_id":68,"param_name":"ratio","param_value_internal":0.1942414208911725,"distribution":"{\"name\": \"FloatDistribution\", \"attributes\": {\"step\": null, \"low\": 0.1, \"high\": 100.0, \"log\": true}}"}
{"op_code":0,"worker_id":"dbeb1b94-ca92-430c-8f79-ce8d07274ad5-23456247935296","study_name":"peter_mnist_k3","directions":[2]}
{"op_code":4,"worker_id":"dbeb1b94-ca92-430c-8f79-ce8d07274ad5-23456247935296","study_id":0,"datetime_start":"2026-07-27T09:25:50.572467"}
{"op_code":0,"worker_id":"da0043f7-a610-43e7-8ac4-d59e9d22cdeb-23456247935296","study_name":"peter_mnist_k3","directions":[2]}
{"op_code":4,"worker_id":"ae96bead-5189-4ce5-82d1-6b36c2f04e15-23456247935296","study_id":0,"datetime_start":"2026-07-27T09:25:33.138634"}
{"op_code":4,"worker_id":"da0043f7-a610-43e7-8ac4-d59e9d22cdeb-23456247935296","study_id":0,"datetime_start":"2026-07-27T09:25:50.601980"}
{"op_code":5,"worker_id":"dbeb1b94-ca92-430c-8f79-ce8d07274ad5-23456247935296","trial_id":69,"param_name":"lr","param_value_internal":0.12917282302895464,"distribution":"{\"name\": \"FloatDistribution\", \"attributes\": {\"step\": null, \"low\": 1e-08, \"high\": 0.5, \"log\": true}}"}
{"op_code":5,"worker_id":"dbeb1b94-ca92-430c-8f79-ce8d07274ad5-23456247935296","trial_id":69,"param_name":"ratio","param_value_internal":7.824906987628541,"distribution":"{\"name\": \"FloatDistribution\", \"attributes\": {\"step\": null, \"low\": 0.1, \"high\": 100.0, \"log\": true}}"}
{"op_code":5,"worker_id":"ae96bead-5189-4ce5-82d1-6b36c2f04e15-23456247935296","trial_id":70,"param_name":"lr","param_value_internal":0.029213107893862153,"distribution":"{\"name\": \"FloatDistribution\", \"attributes\": {\"step\": null, \"low\": 1e-08, \"high\": 0.5, \"log\": true}}"}
{"op_code":5,"worker_id":"ae96bead-5189-4ce5-82d1-6b36c2f04e15-23456247935296","trial_id":70,"param_name":"ratio","param_value_internal":0.5747659156554393,"distribution":"{\"name\": \"FloatDistribution\", \"attributes\": {\"step\": null, \"low\": 0.1, \"high\": 100.0, \"log\": true}}"}
{"op_code":5,"worker_id":"da0043f7-a610-43e7-8ac4-d59e9d22cdeb-23456247935296","trial_id":71,"param_name":"lr","param_value_internal":1.5841002865052765e-07,"distribution":"{\"name\": \"FloatDistribution\", \"attributes\": {\"step\": null, \"low\": 1e-08, \"high\": 0.5, \"log\": true}}"}
{"op_code":5,"worker_id":"da0043f7-a610-43e7-8ac4-d59e9d22cdeb-23456247935296","trial_id":71,"param_name":"ratio","param_value_internal":28.67030760125871,"distribution":"{\"name\": \"FloatDistribution\", \"attributes\": {\"step\": null, \"low\": 0.1, \"high\": 100.0, \"log\": true}}"}
{"op_code":0,"worker_id":"42d88683-5e14-4206-aba6-7150007f4352-23456247935296","study_name":"peter_mnist_k3","directions":[2]}
{"op_code":4,"worker_id":"42d88683-5e14-4206-aba6-7150007f4352-23456247935296","study_id":0,"datetime_start":"2026-07-27T09:25:51.385737"}
{"op_code":5,"worker_id":"42d88683-5e14-4206-aba6-7150007f4352-23456247935296","trial_id":72,"param_name":"lr","param_value_internal":0.00016214809163791512,"distribution":"{\"name\": \"FloatDistribution\", \"attributes\": {\"step\": null, \"low\": 1e-08, \"high\": 0.5, \"log\": true}}"}
{"op_code":5,"worker_id":"42d88683-5e14-4206-aba6-7150007f4352-23456247935296","trial_id":72,"param_name":"ratio","param_value_internal":0.17857540579065978,"distribution":"{\"name\": \"FloatDistribution\", \"attributes\": {\"step\": null, \"low\": 0.1, \"high\": 100.0, \"log\": true}}"}
{"op_code":0,"worker_id":"d422bb5e-b65b-4a8c-9c77-6775f251d3d4-23456247935296","study_name":"peter_mnist_k3","directions":[2]}
{"op_code":4,"worker_id":"d422bb5e-b65b-4a8c-9c77-6775f251d3d4-23456247935296","study_id":0,"datetime_start":"2026-07-27T09:25:51.576287"}
{"op_code":0,"worker_id":"12220c19-7f5a-4416-8a49-1669d01ed792-23456247935296","study_name":"peter_mnist_k3","directions":[2]}
{"op_code":0,"worker_id":"0cb110c3-cf93-4d15-9afc-d142c0423c3e-23456247935296","study_name":"peter_mnist_k3","directions":[2]}
{"op_code":5,"worker_id":"d422bb5e-b65b-4a8c-9c77-6775f251d3d4-23456247935296","trial_id":73,"param_name":"lr","param_value_internal":5.536168783851732e-06,"distribution":"{\"name\": \"FloatDistribution\", \"attributes\": {\"step\": null, \"low\": 1e-08, \"high\": 0.5, \"log\": true}}"}
{"op_code":4,"worker_id":"0cb110c3-cf93-4d15-9afc-d142c0423c3e-23456247935296","study_id":0,"datetime_start":"2026-07-27T09:25:51.603453"}
{"op_code":5,"worker_id":"d422bb5e-b65b-4a8c-9c77-6775f251d3d4-23456247935296","trial_id":73,"param_name":"ratio","param_value_internal":0.1843294231155498,"distribution":"{\"name\": \"FloatDistribution\", \"attributes\": {\"step\": null, \"low\": 0.1, \"high\": 100.0, \"log\": true}}"}
{"op_code":4,"worker_id":"12220c19-7f5a-4416-8a49-1669d01ed792-23456247935296","study_id":0,"datetime_start":"2026-07-27T09:25:51.599055"}
{"op_code":5,"worker_id":"0cb110c3-cf93-4d15-9afc-d142c0423c3e-23456247935296","trial_id":74,"param_name":"lr","param_value_internal":1.0681196459313026e-05,"distribution":"{\"name\": \"FloatDistribution\", \"attributes\": {\"step\": null, \"low\": 1e-08, \"high\": 0.5, \"log\": true}}"}
{"op_code":5,"worker_id":"0cb110c3-cf93-4d15-9afc-d142c0423c3e-23456247935296","trial_id":74,"param_name":"ratio","param_value_internal":0.2749012227652218,"distribution":"{\"name\": \"FloatDistribution\", \"attributes\": {\"step\": null, \"low\": 0.1, \"high\": 100.0, \"log\": true}}"}
{"op_code":5,"worker_id":"12220c19-7f5a-4416-8a49-1669d01ed792-23456247935296","trial_id":75,"param_name":"lr","param_value_internal":1.914829514191696e-08,"distribution":"{\"name\": \"FloatDistribution\", \"attributes\": {\"step\": null, \"low\": 1e-08, \"high\": 0.5, \"log\": true}}"}
{"op_code":5,"worker_id":"12220c19-7f5a-4416-8a49-1669d01ed792-23456247935296","trial_id":75,"param_name":"ratio","param_value_internal":0.20378264756695305,"distribution":"{\"name\": \"FloatDistribution\", \"attributes\": {\"step\": null, \"low\": 0.1, \"high\": 100.0, \"log\": true}}"}
{"op_code":0,"worker_id":"d00204cd-a8df-43a2-bf6f-490c4e246a04-23456247935296","study_name":"peter_mnist_k3","directions":[2]}
{"op_code":4,"worker_id":"d00204cd-a8df-43a2-bf6f-490c4e246a04-23456247935296","study_id":0,"datetime_start":"2026-07-27T09:25:52.403746"}
{"op_code":5,"worker_id":"d00204cd-a8df-43a2-bf6f-490c4e246a04-23456247935296","trial_id":76,"param_name":"lr","param_value_internal":1.3866734320237037e-08,"distribution":"{\"name\": \"FloatDistribution\", \"attributes\": {\"step\": null, \"low\": 1e-08, \"high\": 0.5, \"log\": true}}"}
{"op_code":5,"worker_id":"d00204cd-a8df-43a2-bf6f-490c4e246a04-23456247935296","trial_id":76,"param_name":"ratio","param_value_internal":0.1594300325624567,"distribution":"{\"name\": \"FloatDistribution\", \"attributes\": {\"step\": null, \"low\": 0.1, \"high\": 100.0, \"log\": true}}"}
{"op_code":0,"worker_id":"4dbb1c48-97ec-4c5e-995f-c8e5fee99fb4-23456247935296","study_name":"peter_mnist_k3","directions":[2]}
{"op_code":4,"worker_id":"4dbb1c48-97ec-4c5e-995f-c8e5fee99fb4-23456247935296","study_id":0,"datetime_start":"2026-07-27T09:25:52.580382"}
{"op_code":0,"worker_id":"e18079a5-aafe-498f-aec7-5eaae9d4494a-23456247935296","study_name":"peter_mnist_k3","directions":[2]}
{"op_code":5,"worker_id":"4dbb1c48-97ec-4c5e-995f-c8e5fee99fb4-23456247935296","trial_id":77,"param_name":"lr","param_value_internal":6.618215249070364e-07,"distribution":"{\"name\": \"FloatDistribution\", \"attributes\": {\"step\": null, \"low\": 1e-08, \"high\": 0.5, \"log\": true}}"}
{"op_code":5,"worker_id":"4dbb1c48-97ec-4c5e-995f-c8e5fee99fb4-23456247935296","trial_id":77,"param_name":"ratio","param_value_internal":1.453594016005012,"distribution":"{\"name\": \"FloatDistribution\", \"attributes\": {\"step\": null, \"low\": 0.1, \"high\": 100.0, \"log\": true}}"}
{"op_code":4,"worker_id":"e18079a5-aafe-498f-aec7-5eaae9d4494a-23456247935296","study_id":0,"datetime_start":"2026-07-27T09:25:52.635769"}
{"op_code":5,"worker_id":"e18079a5-aafe-498f-aec7-5eaae9d4494a-23456247935296","trial_id":78,"param_name":"lr","param_value_internal":3.659927910787459e-08,"distribution":"{\"name\": \"FloatDistribution\", \"attributes\": {\"step\": null, \"low\": 1e-08, \"high\": 0.5, \"log\": true}}"}
{"op_code":5,"worker_id":"e18079a5-aafe-498f-aec7-5eaae9d4494a-23456247935296","trial_id":78,"param_name":"ratio","param_value_internal":63.44691771274881,"distribution":"{\"name\": \"FloatDistribution\", \"attributes\": {\"step\": null, \"low\": 0.1, \"high\": 100.0, \"log\": true}}"}
{"op_code":0,"worker_id":"c7de597b-0ed1-4c48-92fe-e9ad2f356a7e-23456247935296","study_name":"peter_mnist_k3","directions":[2]}
{"op_code":4,"worker_id":"c7de597b-0ed1-4c48-92fe-e9ad2f356a7e-23456247935296","study_id":0,"datetime_start":"2026-07-27T09:25:53.407647"}
{"op_code":5,"worker_id":"c7de597b-0ed1-4c48-92fe-e9ad2f356a7e-23456247935296","trial_id":79,"param_name":"lr","param_value_internal":0.0027576888204185147,"distribution":"{\"name\": \"FloatDistribution\", \"attributes\": {\"step\": null, \"low\": 1e-08, \"high\": 0.5, \"log\": true}}"}
{"op_code":5,"worker_id":"c7de597b-0ed1-4c48-92fe-e9ad2f356a7e-23456247935296","trial_id":79,"param_name":"ratio","param_value_internal":0.18448391896270466,"distribution":"{\"name\": \"FloatDistribution\", \"attributes\": {\"step\": null, \"low\": 0.1, \"high\": 100.0, \"log\": true}}"}
{"op_code":0,"worker_id":"2e3a3a1e-c758-48df-a06b-2db9457f96bf-23456247935296","study_name":"peter_mnist_k3","directions":[2]}
{"op_code":0,"worker_id":"2333692e-3515-428d-92dd-f8c89c1d9e25-23456247935296","study_name":"peter_mnist_k3","directions":[2]}
{"op_code":4,"worker_id":"2e3a3a1e-c758-48df-a06b-2db9457f96bf-23456247935296","study_id":0,"datetime_start":"2026-07-27T09:25:53.588307"}
{"op_code":4,"worker_id":"2333692e-3515-428d-92dd-f8c89c1d9e25-23456247935296","study_id":0,"datetime_start":"2026-07-27T09:25:53.589437"}
{"op_code":5,"worker_id":"2e3a3a1e-c758-48df-a06b-2db9457f96bf-23456247935296","trial_id":80,"param_name":"lr","param_value_internal":1.3117801115293286e-05,"distribution":"{\"name\": \"FloatDistribution\", \"attributes\": {\"step\": null, \"low\": 1e-08, \"high\": 0.5, \"log\": true}}"}
{"op_code":5,"worker_id":"2e3a3a1e-c758-48df-a06b-2db9457f96bf-23456247935296","trial_id":80,"param_name":"ratio","param_value_internal":4.073256873028266,"distribution":"{\"name\": \"FloatDistribution\", \"attributes\": {\"step\": null, \"low\": 0.1, \"high\": 100.0, \"log\": true}}"}
{"op_code":5,"worker_id":"2333692e-3515-428d-92dd-f8c89c1d9e25-23456247935296","trial_id":81,"param_name":"lr","param_value_internal":0.0005655392193201043,"distribution":"{\"name\": \"FloatDistribution\", \"attributes\": {\"step\": null, \"low\": 1e-08, \"high\": 0.5, \"log\": true}}"}
{"op_code":5,"worker_id":"2333692e-3515-428d-92dd-f8c89c1d9e25-23456247935296","trial_id":81,"param_name":"ratio","param_value_internal":1.6025476859438104,"distribution":"{\"name\": \"FloatDistribution\", \"attributes\": {\"step\": null, \"low\": 0.1, \"high\": 100.0, \"log\": true}}"}
{"op_code":0,"worker_id":"a40a6c95-3b18-4cb4-94b7-003ddfebd59a-23456247935296","study_name":"peter_mnist_k3","directions":[2]}
{"op_code":4,"worker_id":"a40a6c95-3b18-4cb4-94b7-003ddfebd59a-23456247935296","study_id":0,"datetime_start":"2026-07-27T09:25:54.411027"}
{"op_code":5,"worker_id":"a40a6c95-3b18-4cb4-94b7-003ddfebd59a-23456247935296","trial_id":82,"param_name":"lr","param_value_internal":0.0011587327747637364,"distribution":"{\"name\": \"FloatDistribution\", \"attributes\": {\"step\": null, \"low\": 1e-08, \"high\": 0.5, \"log\": true}}"}
{"op_code":5,"worker_id":"a40a6c95-3b18-4cb4-94b7-003ddfebd59a-23456247935296","trial_id":82,"param_name":"ratio","param_value_internal":4.103630979793629,"distribution":"{\"name\": \"FloatDistribution\", \"attributes\": {\"step\": null, \"low\": 0.1, \"high\": 100.0, \"log\": true}}"}
{"op_code":0,"worker_id":"e572188c-a98f-41f8-b1c2-8d7c6afc3ced-23456247935296","study_name":"peter_mnist_k3","directions":[2]}
{"op_code":4,"worker_id":"e572188c-a98f-41f8-b1c2-8d7c6afc3ced-23456247935296","study_id":0,"datetime_start":"2026-07-27T09:25:54.594568"}
{"op_code":5,"worker_id":"e572188c-a98f-41f8-b1c2-8d7c6afc3ced-23456247935296","trial_id":83,"param_name":"lr","param_value_internal":6.694294949425747e-05,"distribution":"{\"name\": \"FloatDistribution\", \"attributes\": {\"step\": null, \"low\": 1e-08, \"high\": 0.5, \"log\": true}}"}
{"op_code":5,"worker_id":"e572188c-a98f-41f8-b1c2-8d7c6afc3ced-23456247935296","trial_id":83,"param_name":"ratio","param_value_internal":0.14526623726751386,"distribution":"{\"name\": \"FloatDistribution\", \"attributes\": {\"step\": null, \"low\": 0.1, \"high\": 100.0, \"log\": true}}"}
{"op_code":0,"worker_id":"e30cf909-284b-4b8d-8d56-115ce553a825-23456247935296","study_name":"peter_mnist_k3","directions":[2]}
{"op_code":4,"worker_id":"e30cf909-284b-4b8d-8d56-115ce553a825-23456247935296","study_id":0,"datetime_start":"2026-07-27T09:25:54.644028"}
{"op_code":5,"worker_id":"e30cf909-284b-4b8d-8d56-115ce553a825-23456247935296","trial_id":84,"param_name":"lr","param_value_internal":9.294260292595285e-08,"distribution":"{\"name\": \"FloatDistribution\", \"attributes\": {\"step\": null, \"low\": 1e-08, \"high\": 0.5, \"log\": true}}"}
{"op_code":5,"worker_id":"e30cf909-284b-4b8d-8d56-115ce553a825-23456247935296","trial_id":84,"param_name":"ratio","param_value_internal":1.2252933164196746,"distribution":"{\"name\": \"FloatDistribution\", \"attributes\": {\"step\": null, \"low\": 0.1, \"high\": 100.0, \"log\": true}}"}
{"op_code":0,"worker_id":"cf4916e2-0520-452a-935d-d42d4b79e970-23456247935296","study_name":"peter_mnist_k3","directions":[2]}
{"op_code":4,"worker_id":"cf4916e2-0520-452a-935d-d42d4b79e970-23456247935296","study_id":0,"datetime_start":"2026-07-27T09:25:55.612598"}
{"op_code":5,"worker_id":"cf4916e2-0520-452a-935d-d42d4b79e970-23456247935296","trial_id":85,"param_name":"lr","param_value_internal":1.5164431025741764e-07,"distribution":"{\"name\": \"FloatDistribution\", \"attributes\": {\"step\": null, \"low\": 1e-08, \"high\": 0.5, \"log\": true}}"}
{"op_code":0,"worker_id":"68202bfc-4914-4912-a85e-40b5f7d278d1-23456247935296","study_name":"peter_mnist_k3","directions":[2]}
{"op_code":0,"worker_id":"49d881cb-5a7e-46ec-935c-40880e59a65b-23456247935296","study_name":"peter_mnist_k3","directions":[2]}
{"op_code":5,"worker_id":"cf4916e2-0520-452a-935d-d42d4b79e970-23456247935296","trial_id":85,"param_name":"ratio","param_value_internal":0.3770198413376793,"distribution":"{\"name\": \"FloatDistribution\", \"attributes\": {\"step\": null, \"low\": 0.1, \"high\": 100.0, \"log\": true}}"}
{"op_code":4,"worker_id":"49d881cb-5a7e-46ec-935c-40880e59a65b-23456247935296","study_id":0,"datetime_start":"2026-07-27T09:25:55.785825"}
{"op_code":4,"worker_id":"68202bfc-4914-4912-a85e-40b5f7d278d1-23456247935296","study_id":0,"datetime_start":"2026-07-27T09:25:55.757753"}
{"op_code":5,"worker_id":"49d881cb-5a7e-46ec-935c-40880e59a65b-23456247935296","trial_id":86,"param_name":"lr","param_value_internal":1.2269030144402687e-08,"distribution":"{\"name\": \"FloatDistribution\", \"attributes\": {\"step\": null, \"low\": 1e-08, \"high\": 0.5, \"log\": true}}"}
{"op_code":5,"worker_id":"68202bfc-4914-4912-a85e-40b5f7d278d1-23456247935296","trial_id":87,"param_name":"lr","param_value_internal":0.012890012301988128,"distribution":"{\"name\": \"FloatDistribution\", \"attributes\": {\"step\": null, \"low\": 1e-08, \"high\": 0.5, \"log\": true}}"}
{"op_code":5,"worker_id":"68202bfc-4914-4912-a85e-40b5f7d278d1-23456247935296","trial_id":87,"param_name":"ratio","param_value_internal":4.120626744187337,"distribution":"{\"name\": \"FloatDistribution\", \"attributes\": {\"step\": null, \"low\": 0.1, \"high\": 100.0, \"log\": true}}"}
{"op_code":5,"worker_id":"49d881cb-5a7e-46ec-935c-40880e59a65b-23456247935296","trial_id":86,"param_name":"ratio","param_value_internal":1.1923777363349346,"distribution":"{\"name\": \"FloatDistribution\", \"attributes\": {\"step\": null, \"low\": 0.1, \"high\": 100.0, \"log\": true}}"}
{"op_code":0,"worker_id":"15c3c48f-fc3b-4ed0-8832-2352815d4740-23456247935296","study_name":"peter_mnist_k3","directions":[2]}
{"op_code":4,"worker_id":"15c3c48f-fc3b-4ed0-8832-2352815d4740-23456247935296","study_id":0,"datetime_start":"2026-07-27T09:25:56.650196"}
{"op_code":5,"worker_id":"15c3c48f-fc3b-4ed0-8832-2352815d4740-23456247935296","trial_id":88,"param_name":"lr","param_value_internal":0.01892375075445449,"distribution":"{\"name\": \"FloatDistribution\", \"attributes\": {\"step\": null, \"low\": 1e-08, \"high\": 0.5, \"log\": true}}"}
{"op_code":0,"worker_id":"8aae92c6-1750-40a2-8b70-c88e671c9707-23456247935296","study_name":"peter_mnist_k3","directions":[2]}
{"op_code":5,"worker_id":"15c3c48f-fc3b-4ed0-8832-2352815d4740-23456247935296","trial_id":88,"param_name":"ratio","param_value_internal":0.8439042169278904,"distribution":"{\"name\": \"FloatDistribution\", \"attributes\": {\"step\": null, \"low\": 0.1, \"high\": 100.0, \"log\": true}}"}
{"op_code":4,"worker_id":"8aae92c6-1750-40a2-8b70-c88e671c9707-23456247935296","study_id":0,"datetime_start":"2026-07-27T09:25:56.720302"}
{"op_code":0,"worker_id":"d3a64008-7242-45a1-a350-e62089db8f51-23456247935296","study_name":"peter_mnist_k3","directions":[2]}
{"op_code":5,"worker_id":"8aae92c6-1750-40a2-8b70-c88e671c9707-23456247935296","trial_id":89,"param_name":"lr","param_value_internal":0.00722066470006852,"distribution":"{\"name\": \"FloatDistribution\", \"attributes\": {\"step\": null, \"low\": 1e-08, \"high\": 0.5, \"log\": true}}"}
{"op_code":5,"worker_id":"8aae92c6-1750-40a2-8b70-c88e671c9707-23456247935296","trial_id":89,"param_name":"ratio","param_value_internal":0.13740541317100338,"distribution":"{\"name\": \"FloatDistribution\", \"attributes\": {\"step\": null, \"low\": 0.1, \"high\": 100.0, \"log\": true}}"}
{"op_code":4,"worker_id":"d3a64008-7242-45a1-a350-e62089db8f51-23456247935296","study_id":0,"datetime_start":"2026-07-27T09:25:56.868892"}
{"op_code":5,"worker_id":"d3a64008-7242-45a1-a350-e62089db8f51-23456247935296","trial_id":90,"param_name":"lr","param_value_internal":9.782415883545268e-08,"distribution":"{\"name\": \"FloatDistribution\", \"attributes\": {\"step\": null, \"low\": 1e-08, \"high\": 0.5, \"log\": true}}"}
{"op_code":5,"worker_id":"d3a64008-7242-45a1-a350-e62089db8f51-23456247935296","trial_id":90,"param_name":"ratio","param_value_internal":21.082637318809407,"distribution":"{\"name\": \"FloatDistribution\", \"attributes\": {\"step\": null, \"low\": 0.1, \"high\": 100.0, \"log\": true}}"}
{"op_code":0,"worker_id":"1aac6b33-35f9-4b40-a09c-f53a5c1ff0cb-23456247935296","study_name":"peter_mnist_k3","directions":[2]}
{"op_code":4,"worker_id":"1aac6b33-35f9-4b40-a09c-f53a5c1ff0cb-23456247935296","study_id":0,"datetime_start":"2026-07-27T09:25:57.653899"}
{"op_code":4,"worker_id":"b877819f-253d-45b2-a7e1-49962ebf31f4-23456247935296","study_id":0,"datetime_start":"2026-07-27T09:25:33.026566"}
{"op_code":5,"worker_id":"1aac6b33-35f9-4b40-a09c-f53a5c1ff0cb-23456247935296","trial_id":91,"param_name":"lr","param_value_internal":1.4013789717573126e-06,"distribution":"{\"name\": \"FloatDistribution\", \"attributes\": {\"step\": null, \"low\": 1e-08, \"high\": 0.5, \"log\": true}}"}
{"op_code":5,"worker_id":"1aac6b33-35f9-4b40-a09c-f53a5c1ff0cb-23456247935296","trial_id":91,"param_name":"ratio","param_value_internal":0.17248630059916475,"distribution":"{\"name\": \"FloatDistribution\", \"attributes\": {\"step\": null, \"low\": 0.1, \"high\": 100.0, \"log\": true}}"}
{"op_code":5,"worker_id":"b877819f-253d-45b2-a7e1-49962ebf31f4-23456247935296","trial_id":92,"param_name":"lr","param_value_internal":7.095846071000423e-06,"distribution":"{\"name\": \"FloatDistribution\", \"attributes\": {\"step\": null, \"low\": 1e-08, \"high\": 0.5, \"log\": true}}"}
{"op_code":5,"worker_id":"b877819f-253d-45b2-a7e1-49962ebf31f4-23456247935296","trial_id":92,"param_name":"ratio","param_value_internal":0.28298602672664536,"distribution":"{\"name\": \"FloatDistribution\", \"attributes\": {\"step\": null, \"low\": 0.1, \"high\": 100.0, \"log\": true}}"}
{"op_code":0,"worker_id":"8c807ba6-df74-4404-b322-71de3a8bd983-23456247935296","study_name":"peter_mnist_k3","directions":[2]}
{"op_code":4,"worker_id":"8c807ba6-df74-4404-b322-71de3a8bd983-23456247935296","study_id":0,"datetime_start":"2026-07-27T09:25:58.670947"}
{"op_code":5,"worker_id":"8c807ba6-df74-4404-b322-71de3a8bd983-23456247935296","trial_id":93,"param_name":"lr","param_value_internal":4.65814346883804e-06,"distribution":"{\"name\": \"FloatDistribution\", \"attributes\": {\"step\": null, \"low\": 1e-08, \"high\": 0.5, \"log\": true}}"}
{"op_code":5,"worker_id":"8c807ba6-df74-4404-b322-71de3a8bd983-23456247935296","trial_id":93,"param_name":"ratio","param_value_internal":33.09102701329583,"distribution":"{\"name\": \"FloatDistribution\", \"attributes\": {\"step\": null, \"low\": 0.1, \"high\": 100.0, \"log\": true}}"}
{"op_code":0,"worker_id":"eaa5738c-322b-4359-82aa-550be24e7aa7-23456247935296","study_name":"peter_mnist_k3","directions":[2]}
{"op_code":4,"worker_id":"eaa5738c-322b-4359-82aa-550be24e7aa7-23456247935296","study_id":0,"datetime_start":"2026-07-27T09:25:58.837807"}
{"op_code":5,"worker_id":"eaa5738c-322b-4359-82aa-550be24e7aa7-23456247935296","trial_id":94,"param_name":"lr","param_value_internal":5.695832189505638e-08,"distribution":"{\"name\": \"FloatDistribution\", \"attributes\": {\"step\": null, \"low\": 1e-08, \"high\": 0.5, \"log\": true}}"}
{"op_code":5,"worker_id":"eaa5738c-322b-4359-82aa-550be24e7aa7-23456247935296","trial_id":94,"param_name":"ratio","param_value_internal":9.449022146853215,"distribution":"{\"name\": \"FloatDistribution\", \"attributes\": {\"step\": null, \"low\": 0.1, \"high\": 100.0, \"log\": true}}"}
{"op_code":0,"worker_id":"7b78cd46-5a46-4927-bf60-ff015c176001-23456247935296","study_name":"peter_mnist_k3","directions":[2]}
{"op_code":4,"worker_id":"7b78cd46-5a46-4927-bf60-ff015c176001-23456247935296","study_id":0,"datetime_start":"2026-07-27T09:25:59.856449"}
{"op_code":5,"worker_id":"7b78cd46-5a46-4927-bf60-ff015c176001-23456247935296","trial_id":95,"param_name":"lr","param_value_internal":0.08523674216713265,"distribution":"{\"name\": \"FloatDistribution\", \"attributes\": {\"step\": null, \"low\": 1e-08, \"high\": 0.5, \"log\": true}}"}
{"op_code":5,"worker_id":"7b78cd46-5a46-4927-bf60-ff015c176001-23456247935296","trial_id":95,"param_name":"ratio","param_value_internal":12.897385914845099,"distribution":"{\"name\": \"FloatDistribution\", \"attributes\": {\"step\": null, \"low\": 0.1, \"high\": 100.0, \"log\": true}}"}
{"op_code":0,"worker_id":"5d12ec00-3391-4a08-9b02-0152a65120de-23456247935296","study_name":"peter_mnist_k3","directions":[2]}
{"op_code":4,"worker_id":"5d12ec00-3391-4a08-9b02-0152a65120de-23456247935296","study_id":0,"datetime_start":"2026-07-27T09:26:00.858800"}
{"op_code":5,"worker_id":"5d12ec00-3391-4a08-9b02-0152a65120de-23456247935296","trial_id":96,"param_name":"lr","param_value_internal":7.454398301865302e-06,"distribution":"{\"name\": \"FloatDistribution\", \"attributes\": {\"step\": null, \"low\": 1e-08, \"high\": 0.5, \"log\": true}}"}
{"op_code":5,"worker_id":"5d12ec00-3391-4a08-9b02-0152a65120de-23456247935296","trial_id":96,"param_name":"ratio","param_value_internal":0.9668698475923231,"distribution":"{\"name\": \"FloatDistribution\", \"attributes\": {\"step\": null, \"low\": 0.1, \"high\": 100.0, \"log\": true}}"}
{"op_code":0,"worker_id":"04b8b14a-d41d-4f7e-ad5e-4d34145cb3a6-23456247935296","study_name":"peter_mnist_k3","directions":[2]}
{"op_code":4,"worker_id":"04b8b14a-d41d-4f7e-ad5e-4d34145cb3a6-23456247935296","study_id":0,"datetime_start":"2026-07-27T09:26:01.861808"}
{"op_code":5,"worker_id":"04b8b14a-d41d-4f7e-ad5e-4d34145cb3a6-23456247935296","trial_id":97,"param_name":"lr","param_value_internal":8.860526201784229e-05,"distribution":"{\"name\": \"FloatDistribution\", \"attributes\": {\"step\": null, \"low\": 1e-08, \"high\": 0.5, \"log\": true}}"}
{"op_code":5,"worker_id":"04b8b14a-d41d-4f7e-ad5e-4d34145cb3a6-23456247935296","trial_id":97,"param_name":"ratio","param_value_internal":0.6886371588487694,"distribution":"{\"name\": \"FloatDistribution\", \"attributes\": {\"step\": null, \"low\": 0.1, \"high\": 100.0, \"log\": true}}"}
{"op_code":0,"worker_id":"cceb2dcd-1ed3-48fe-96bd-eecbf77f938a-23456247935296","study_name":"peter_mnist_k3","directions":[2]}
{"op_code":4,"worker_id":"cceb2dcd-1ed3-48fe-96bd-eecbf77f938a-23456247935296","study_id":0,"datetime_start":"2026-07-27T09:26:03.025650"}
{"op_code":5,"worker_id":"cceb2dcd-1ed3-48fe-96bd-eecbf77f938a-23456247935296","trial_id":98,"param_name":"lr","param_value_internal":0.0008855486896047358,"distribution":"{\"name\": \"FloatDistribution\", \"attributes\": {\"step\": null, \"low\": 1e-08, \"high\": 0.5, \"log\": true}}"}
{"op_code":5,"worker_id":"cceb2dcd-1ed3-48fe-96bd-eecbf77f938a-23456247935296","trial_id":98,"param_name":"ratio","param_value_internal":0.17220221600534122,"distribution":"{\"name\": \"FloatDistribution\", \"attributes\": {\"step\": null, \"low\": 0.1, \"high\": 100.0, \"log\": true}}"}
{"op_code":0,"worker_id":"9015dcf9-342e-4b2a-8d1e-b1421376fcf8-23456247935296","study_name":"peter_mnist_k3","directions":[2]}
{"op_code":4,"worker_id":"9015dcf9-342e-4b2a-8d1e-b1421376fcf8-23456247935296","study_id":0,"datetime_start":"2026-07-27T09:26:04.034492"}
{"op_code":5,"worker_id":"9015dcf9-342e-4b2a-8d1e-b1421376fcf8-23456247935296","trial_id":99,"param_name":"lr","param_value_internal":1.0129821701414607e-05,"distribution":"{\"name\": \"FloatDistribution\", \"attributes\": {\"step\": null, \"low\": 1e-08, \"high\": 0.5, \"log\": true}}"}
{"op_code":5,"worker_id":"9015dcf9-342e-4b2a-8d1e-b1421376fcf8-23456247935296","trial_id":99,"param_name":"ratio","param_value_internal":1.0203890164888405,"distribution":"{\"name\": \"FloatDistribution\", \"attributes\": {\"step\": null, \"low\": 0.1, \"high\": 100.0, \"log\": true}}"}
{"op_code":6,"worker_id":"f737b61b-85d5-45f0-bbe5-3f666058764c-23456247935296","trial_id":24,"state":3,"values":null,"datetime_complete":"2026-07-27T09:42:44.141668"}
{"op_code":0,"worker_id":"b8f6bdd3-2d77-49ff-83fc-c35b322d87d6-23456247935296","study_name":"peter_mnist_k3","directions":[2]}
{"op_code":4,"worker_id":"b8f6bdd3-2d77-49ff-83fc-c35b322d87d6-23456247935296","study_id":0,"datetime_start":"2026-07-27T09:42:44.284947"}
{"op_code":5,"worker_id":"b8f6bdd3-2d77-49ff-83fc-c35b322d87d6-23456247935296","trial_id":100,"param_name":"lr","param_value_internal":3.767579240276023e-05,"distribution":"{\"name\": \"FloatDistribution\", \"attributes\": {\"step\": null, \"low\": 1e-08, \"high\": 0.5, \"log\": true}}"}
{"op_code":5,"worker_id":"b8f6bdd3-2d77-49ff-83fc-c35b322d87d6-23456247935296","trial_id":100,"param_name":"ratio","param_value_internal":0.7855515640009216,"distribution":"{\"name\": \"FloatDistribution\", \"attributes\": {\"step\": null, \"low\": 0.1, \"high\": 100.0, \"log\": true}}"}
{"op_code":6,"worker_id":"c7de597b-0ed1-4c48-92fe-e9ad2f356a7e-23456247935296","trial_id":79,"state":3,"values":null,"datetime_complete":"2026-07-27T09:42:45.140465"}
{"op_code":0,"worker_id":"9d3cb1fa-bd33-4707-a9d1-31536babdc0f-23456247935296","study_name":"peter_mnist_k3","directions":[2]}
{"op_code":4,"worker_id":"9d3cb1fa-bd33-4707-a9d1-31536babdc0f-23456247935296","study_id":0,"datetime_start":"2026-07-27T09:42:45.397124"}
{"op_code":5,"worker_id":"9d3cb1fa-bd33-4707-a9d1-31536babdc0f-23456247935296","trial_id":101,"param_name":"lr","param_value_internal":0.025615157726312652,"distribution":"{\"name\": \"FloatDistribution\", \"attributes\": {\"step\": null, \"low\": 1e-08, \"high\": 0.5, \"log\": true}}"}
{"op_code":5,"worker_id":"9d3cb1fa-bd33-4707-a9d1-31536babdc0f-23456247935296","trial_id":101,"param_name":"ratio","param_value_internal":3.777008055887174,"distribution":"{\"name\": \"FloatDistribution\", \"attributes\": {\"step\": null, \"low\": 0.1, \"high\": 100.0, \"log\": true}}"}
{"op_code":6,"worker_id":"8aae92c6-1750-40a2-8b70-c88e671c9707-23456247935296","trial_id":89,"state":3,"values":null,"datetime_complete":"2026-07-27T09:42:50.951399"}
{"op_code":0,"worker_id":"9c770526-0270-41dc-ae47-1d99cc14095c-23456247935296","study_name":"peter_mnist_k3","directions":[2]}
{"op_code":4,"worker_id":"9c770526-0270-41dc-ae47-1d99cc14095c-23456247935296","study_id":0,"datetime_start":"2026-07-27T09:42:51.146500"}
{"op_code":5,"worker_id":"9c770526-0270-41dc-ae47-1d99cc14095c-23456247935296","trial_id":102,"param_name":"lr","param_value_internal":0.0001522211662507458,"distribution":"{\"name\": \"FloatDistribution\", \"attributes\": {\"step\": null, \"low\": 1e-08, \"high\": 0.5, \"log\": true}}"}
{"op_code":5,"worker_id":"9c770526-0270-41dc-ae47-1d99cc14095c-23456247935296","trial_id":102,"param_name":"ratio","param_value_internal":2.205673892868524,"distribution":"{\"name\": \"FloatDistribution\", \"attributes\": {\"step\": null, \"low\": 0.1, \"high\": 100.0, \"log\": true}}"}
{"op_code":6,"worker_id":"bf2e76f6-00b7-4837-8e03-9bc4d572361d-23456247935296","trial_id":6,"state":3,"values":null,"datetime_complete":"2026-07-27T09:42:57.803358"}
{"op_code":0,"worker_id":"2a6856c7-bbf8-44db-8b8b-a407925abb51-23456247935296","study_name":"peter_mnist_k3","directions":[2]}
{"op_code":4,"worker_id":"2a6856c7-bbf8-44db-8b8b-a407925abb51-23456247935296","study_id":0,"datetime_start":"2026-07-27T09:42:57.989025"}
{"op_code":5,"worker_id":"2a6856c7-bbf8-44db-8b8b-a407925abb51-23456247935296","trial_id":103,"param_name":"lr","param_value_internal":0.18802478960666733,"distribution":"{\"name\": \"FloatDistribution\", \"attributes\": {\"step\": null, \"low\": 1e-08, \"high\": 0.5, \"log\": true}}"}
{"op_code":5,"worker_id":"2a6856c7-bbf8-44db-8b8b-a407925abb51-23456247935296","trial_id":103,"param_name":"ratio","param_value_internal":1.5687673135700675,"distribution":"{\"name\": \"FloatDistribution\", \"attributes\": {\"step\": null, \"low\": 0.1, \"high\": 100.0, \"log\": true}}"}
{"op_code":6,"worker_id":"dbeb1b94-ca92-430c-8f79-ce8d07274ad5-23456247935296","trial_id":69,"state":3,"values":null,"datetime_complete":"2026-07-27T09:43:36.340729"}
{"op_code":0,"worker_id":"7529b4de-6a9e-433b-aa32-1e97f63f54c1-23456247935296","study_name":"peter_mnist_k3","directions":[2]}
{"op_code":4,"worker_id":"7529b4de-6a9e-433b-aa32-1e97f63f54c1-23456247935296","study_id":0,"datetime_start":"2026-07-27T09:43:36.560495"}
{"op_code":5,"worker_id":"7529b4de-6a9e-433b-aa32-1e97f63f54c1-23456247935296","trial_id":104,"param_name":"lr","param_value_internal":0.0029772026261268734,"distribution":"{\"name\": \"FloatDistribution\", \"attributes\": {\"step\": null, \"low\": 1e-08, \"high\": 0.5, \"log\": true}}"}
{"op_code":5,"worker_id":"7529b4de-6a9e-433b-aa32-1e97f63f54c1-23456247935296","trial_id":104,"param_name":"ratio","param_value_internal":0.11413250616115614,"distribution":"{\"name\": \"FloatDistribution\", \"attributes\": {\"step\": null, \"low\": 0.1, \"high\": 100.0, \"log\": true}}"}
{"op_code":6,"worker_id":"fe523620-6ea3-4a74-80f0-6b9d09a0dc58-23456247935296","trial_id":30,"state":3,"values":null,"datetime_complete":"2026-07-27T09:43:39.164800"}
{"op_code":0,"worker_id":"696c183f-86a9-4ffe-981d-c340d3a9454d-23456247935296","study_name":"peter_mnist_k3","directions":[2]}
{"op_code":4,"worker_id":"696c183f-86a9-4ffe-981d-c340d3a9454d-23456247935296","study_id":0,"datetime_start":"2026-07-27T09:43:39.448264"}
{"op_code":5,"worker_id":"696c183f-86a9-4ffe-981d-c340d3a9454d-23456247935296","trial_id":105,"param_name":"lr","param_value_internal":0.00028725127890538076,"distribution":"{\"name\": \"FloatDistribution\", \"attributes\": {\"step\": null, \"low\": 1e-08, \"high\": 0.5, \"log\": true}}"}
{"op_code":5,"worker_id":"696c183f-86a9-4ffe-981d-c340d3a9454d-23456247935296","trial_id":105,"param_name":"ratio","param_value_internal":34.257541757280144,"distribution":"{\"name\": \"FloatDistribution\", \"attributes\": {\"step\": null, \"low\": 0.1, \"high\": 100.0, \"log\": true}}"}
{"op_code":6,"worker_id":"04b8b14a-d41d-4f7e-ad5e-4d34145cb3a6-23456247935296","trial_id":97,"state":3,"values":null,"datetime_complete":"2026-07-27T09:43:45.685675"}
{"op_code":0,"worker_id":"018edf01-f097-454c-8386-d537ac1595c7-23456247935296","study_name":"peter_mnist_k3","directions":[2]}
{"op_code":4,"worker_id":"018edf01-f097-454c-8386-d537ac1595c7-23456247935296","study_id":0,"datetime_start":"2026-07-27T09:43:45.852924"}
{"op_code":5,"worker_id":"018edf01-f097-454c-8386-d537ac1595c7-23456247935296","trial_id":106,"param_name":"lr","param_value_internal":0.005815371579941681,"distribution":"{\"name\": \"FloatDistribution\", \"attributes\": {\"step\": null, \"low\": 1e-08, \"high\": 0.5, \"log\": true}}"}
{"op_code":5,"worker_id":"018edf01-f097-454c-8386-d537ac1595c7-23456247935296","trial_id":106,"param_name":"ratio","param_value_internal":1.1610594436293802,"distribution":"{\"name\": \"FloatDistribution\", \"attributes\": {\"step\": null, \"low\": 0.1, \"high\": 100.0, \"log\": true}}"}
{"op_code":6,"worker_id":"9dc5ede0-8e79-4518-8a76-422c8080cc54-23456247935296","trial_id":54,"state":3,"values":null,"datetime_complete":"2026-07-27T09:43:50.140967"}
{"op_code":0,"worker_id":"abeb6008-f6f2-4042-a228-b6e71373691b-23456247935296","study_name":"peter_mnist_k3","directions":[2]}
{"op_code":4,"worker_id":"abeb6008-f6f2-4042-a228-b6e71373691b-23456247935296","study_id":0,"datetime_start":"2026-07-27T09:43:50.404595"}
{"op_code":5,"worker_id":"abeb6008-f6f2-4042-a228-b6e71373691b-23456247935296","trial_id":107,"param_name":"lr","param_value_internal":1.0094525748671567e-06,"distribution":"{\"name\": \"FloatDistribution\", \"attributes\": {\"step\": null, \"low\": 1e-08, \"high\": 0.5, \"log\": true}}"}
{"op_code":5,"worker_id":"abeb6008-f6f2-4042-a228-b6e71373691b-23456247935296","trial_id":107,"param_name":"ratio","param_value_internal":86.72112638487202,"distribution":"{\"name\": \"FloatDistribution\", \"attributes\": {\"step\": null, \"low\": 0.1, \"high\": 100.0, \"log\": true}}"}
{"op_code":6,"worker_id":"42d88683-5e14-4206-aba6-7150007f4352-23456247935296","trial_id":72,"state":3,"values":null,"datetime_complete":"2026-07-27T09:43:51.606320"}
{"op_code":0,"worker_id":"e6292f3e-52dc-478c-9862-feb1dd59bff1-23456247935296","study_name":"peter_mnist_k3","directions":[2]}
{"op_code":4,"worker_id":"e6292f3e-52dc-478c-9862-feb1dd59bff1-23456247935296","study_id":0,"datetime_start":"2026-07-27T09:43:51.763528"}
{"op_code":5,"worker_id":"e6292f3e-52dc-478c-9862-feb1dd59bff1-23456247935296","trial_id":108,"param_name":"lr","param_value_internal":0.07426778288338289,"distribution":"{\"name\": \"FloatDistribution\", \"attributes\": {\"step\": null, \"low\": 1e-08, \"high\": 0.5, \"log\": true}}"}
{"op_code":5,"worker_id":"e6292f3e-52dc-478c-9862-feb1dd59bff1-23456247935296","trial_id":108,"param_name":"ratio","param_value_internal":0.1267054517404728,"distribution":"{\"name\": \"FloatDistribution\", \"attributes\": {\"step\": null, \"low\": 0.1, \"high\": 100.0, \"log\": true}}"}
{"op_code":6,"worker_id":"68202bfc-4914-4912-a85e-40b5f7d278d1-23456247935296","trial_id":87,"state":3,"values":null,"datetime_complete":"2026-07-27T09:44:03.577731"}
{"op_code":0,"worker_id":"2b1999f0-2cf3-4fe5-8a01-2af39a72a0df-23456247935296","study_name":"peter_mnist_k3","directions":[2]}
{"op_code":4,"worker_id":"2b1999f0-2cf3-4fe5-8a01-2af39a72a0df-23456247935296","study_id":0,"datetime_start":"2026-07-27T09:44:04.318224"}
{"op_code":5,"worker_id":"2b1999f0-2cf3-4fe5-8a01-2af39a72a0df-23456247935296","trial_id":109,"param_name":"lr","param_value_internal":0.0004857316647439793,"distribution":"{\"name\": \"FloatDistribution\", \"attributes\": {\"step\": null, \"low\": 1e-08, \"high\": 0.5, \"log\": true}}"}
{"op_code":5,"worker_id":"2b1999f0-2cf3-4fe5-8a01-2af39a72a0df-23456247935296","trial_id":109,"param_name":"ratio","param_value_internal":0.497349854462962,"distribution":"{\"name\": \"FloatDistribution\", \"attributes\": {\"step\": null, \"low\": 0.1, \"high\": 100.0, \"log\": true}}"}
{"op_code":6,"worker_id":"9c5048b7-155d-4720-8601-9b8bd40f1cd4-23456247935296","trial_id":18,"state":3,"values":null,"datetime_complete":"2026-07-27T09:44:09.601136"}
{"op_code":0,"worker_id":"2d7be749-41ed-4c0e-8969-b4536e451056-23456247935296","study_name":"peter_mnist_k3","directions":[2]}
{"op_code":4,"worker_id":"2d7be749-41ed-4c0e-8969-b4536e451056-23456247935296","study_id":0,"datetime_start":"2026-07-27T09:44:09.868268"}
{"op_code":5,"worker_id":"2d7be749-41ed-4c0e-8969-b4536e451056-23456247935296","trial_id":110,"param_name":"lr","param_value_internal":3.105012616497008e-07,"distribution":"{\"name\": \"FloatDistribution\", \"attributes\": {\"step\": null, \"low\": 1e-08, \"high\": 0.5, \"log\": true}}"}
{"op_code":5,"worker_id":"2d7be749-41ed-4c0e-8969-b4536e451056-23456247935296","trial_id":110,"param_name":"ratio","param_value_internal":0.5183437665808438,"distribution":"{\"name\": \"FloatDistribution\", \"attributes\": {\"step\": null, \"low\": 0.1, \"high\": 100.0, \"log\": true}}"}
{"op_code":6,"worker_id":"ef06b8e0-5a80-437c-8fff-b504b2d5cd23-23456247935296","trial_id":20,"state":3,"values":null,"datetime_complete":"2026-07-27T09:44:11.192300"}
{"op_code":0,"worker_id":"d40eefe3-6463-4815-a853-ac02ceae244b-23456247935296","study_name":"peter_mnist_k3","directions":[2]}
{"op_code":4,"worker_id":"d40eefe3-6463-4815-a853-ac02ceae244b-23456247935296","study_id":0,"datetime_start":"2026-07-27T09:44:11.711730"}
{"op_code":5,"worker_id":"d40eefe3-6463-4815-a853-ac02ceae244b-23456247935296","trial_id":111,"param_name":"lr","param_value_internal":0.00048066591544052245,"distribution":"{\"name\": \"FloatDistribution\", \"attributes\": {\"step\": null, \"low\": 1e-08, \"high\": 0.5, \"log\": true}}"}
{"op_code":5,"worker_id":"d40eefe3-6463-4815-a853-ac02ceae244b-23456247935296","trial_id":111,"param_name":"ratio","param_value_internal":21.65682065986655,"distribution":"{\"name\": \"FloatDistribution\", \"attributes\": {\"step\": null, \"low\": 0.1, \"high\": 100.0, \"log\": true}}"}
{"op_code":6,"worker_id":"a40a6c95-3b18-4cb4-94b7-003ddfebd59a-23456247935296","trial_id":82,"state":3,"values":null,"datetime_complete":"2026-07-27T09:44:14.616894"}
{"op_code":0,"worker_id":"f7c33206-eef2-48e7-a1ff-c7b70ffdb3ac-23456247935296","study_name":"peter_mnist_k3","directions":[2]}
{"op_code":4,"worker_id":"f7c33206-eef2-48e7-a1ff-c7b70ffdb3ac-23456247935296","study_id":0,"datetime_start":"2026-07-27T09:44:15.106985"}
{"op_code":5,"worker_id":"f7c33206-eef2-48e7-a1ff-c7b70ffdb3ac-23456247935296","trial_id":112,"param_name":"lr","param_value_internal":1.079153023836235e-06,"distribution":"{\"name\": \"FloatDistribution\", \"attributes\": {\"step\": null, \"low\": 1e-08, \"high\": 0.5, \"log\": true}}"}
{"op_code":5,"worker_id":"f7c33206-eef2-48e7-a1ff-c7b70ffdb3ac-23456247935296","trial_id":112,"param_name":"ratio","param_value_internal":3.3282001058337736,"distribution":"{\"name\": \"FloatDistribution\", \"attributes\": {\"step\": null, \"low\": 0.1, \"high\": 100.0, \"log\": true}}"}
{"op_code":6,"worker_id":"fbcea86c-26c4-4abb-9258-73ffb4bce463-23456247935296","trial_id":11,"state":3,"values":null,"datetime_complete":"2026-07-27T09:44:17.329363"}
{"op_code":0,"worker_id":"818872cb-02ab-487c-ac12-65c007daf7bf-23456247935296","study_name":"peter_mnist_k3","directions":[2]}
{"op_code":4,"worker_id":"818872cb-02ab-487c-ac12-65c007daf7bf-23456247935296","study_id":0,"datetime_start":"2026-07-27T09:44:17.517842"}
{"op_code":5,"worker_id":"818872cb-02ab-487c-ac12-65c007daf7bf-23456247935296","trial_id":113,"param_name":"lr","param_value_internal":0.0001292358724668078,"distribution":"{\"name\": \"FloatDistribution\", \"attributes\": {\"step\": null, \"low\": 1e-08, \"high\": 0.5, \"log\": true}}"}
{"op_code":5,"worker_id":"818872cb-02ab-487c-ac12-65c007daf7bf-23456247935296","trial_id":113,"param_name":"ratio","param_value_internal":3.184816304996778,"distribution":"{\"name\": \"FloatDistribution\", \"attributes\": {\"step\": null, \"low\": 0.1, \"high\": 100.0, \"log\": true}}"}
{"op_code":6,"worker_id":"15c3c48f-fc3b-4ed0-8832-2352815d4740-23456247935296","trial_id":88,"state":3,"values":null,"datetime_complete":"2026-07-27T09:44:44.467669"}
{"op_code":0,"worker_id":"247aab10-90f6-4ea9-9c06-06b1f5ca1372-23456247935296","study_name":"peter_mnist_k3","directions":[2]}
{"op_code":4,"worker_id":"247aab10-90f6-4ea9-9c06-06b1f5ca1372-23456247935296","study_id":0,"datetime_start":"2026-07-27T09:44:44.583491"}
{"op_code":5,"worker_id":"247aab10-90f6-4ea9-9c06-06b1f5ca1372-23456247935296","trial_id":114,"param_name":"lr","param_value_internal":7.484169945579694e-08,"distribution":"{\"name\": \"FloatDistribution\", \"attributes\": {\"step\": null, \"low\": 1e-08, \"high\": 0.5, \"log\": true}}"}
{"op_code":5,"worker_id":"247aab10-90f6-4ea9-9c06-06b1f5ca1372-23456247935296","trial_id":114,"param_name":"ratio","param_value_internal":5.155451244288058,"distribution":"{\"name\": \"FloatDistribution\", \"attributes\": {\"step\": null, \"low\": 0.1, \"high\": 100.0, \"log\": true}}"}
{"op_code":6,"worker_id":"733eb40f-6bce-46bc-941a-b26708289be8-23456247935296","trial_id":45,"state":3,"values":null,"datetime_complete":"2026-07-27T09:44:49.636727"}
{"op_code":0,"worker_id":"ff8f7b30-a2cd-4edc-84db-e4ad29431a93-23456247935296","study_name":"peter_mnist_k3","directions":[2]}
{"op_code":4,"worker_id":"ff8f7b30-a2cd-4edc-84db-e4ad29431a93-23456247935296","study_id":0,"datetime_start":"2026-07-27T09:44:50.013534"}
{"op_code":5,"worker_id":"ff8f7b30-a2cd-4edc-84db-e4ad29431a93-23456247935296","trial_id":115,"param_name":"lr","param_value_internal":0.18345383169314305,"distribution":"{\"name\": \"FloatDistribution\", \"attributes\": {\"step\": null, \"low\": 1e-08, \"high\": 0.5, \"log\": true}}"}
{"op_code":5,"worker_id":"ff8f7b30-a2cd-4edc-84db-e4ad29431a93-23456247935296","trial_id":115,"param_name":"ratio","param_value_internal":0.5894533563000812,"distribution":"{\"name\": \"FloatDistribution\", \"attributes\": {\"step\": null, \"low\": 0.1, \"high\": 100.0, \"log\": true}}"}
{"op_code":6,"worker_id":"e572188c-a98f-41f8-b1c2-8d7c6afc3ced-23456247935296","trial_id":83,"state":3,"values":null,"datetime_complete":"2026-07-27T09:45:01.027016"}
{"op_code":0,"worker_id":"58453a7d-afc4-460e-9047-f2b3e8aca458-23456247935296","study_name":"peter_mnist_k3","directions":[2]}
{"op_code":4,"worker_id":"58453a7d-afc4-460e-9047-f2b3e8aca458-23456247935296","study_id":0,"datetime_start":"2026-07-27T09:45:01.314219"}
{"op_code":5,"worker_id":"58453a7d-afc4-460e-9047-f2b3e8aca458-23456247935296","trial_id":116,"param_name":"lr","param_value_internal":0.000720024396610483,"distribution":"{\"name\": \"FloatDistribution\", \"attributes\": {\"step\": null, \"low\": 1e-08, \"high\": 0.5, \"log\": true}}"}
{"op_code":5,"worker_id":"58453a7d-afc4-460e-9047-f2b3e8aca458-23456247935296","trial_id":116,"param_name":"ratio","param_value_internal":16.858966687181628,"distribution":"{\"name\": \"FloatDistribution\", \"attributes\": {\"step\": null, \"low\": 0.1, \"high\": 100.0, \"log\": true}}"}
{"op_code":6,"worker_id":"a56bb95f-38f6-48c0-9de1-15d0d9ea2733-23456247935296","trial_id":68,"state":3,"values":null,"datetime_complete":"2026-07-27T09:45:17.289703"}
{"op_code":0,"worker_id":"c69f1cb0-f8e3-487a-b2e7-3c19324252ed-23456247935296","study_name":"peter_mnist_k3","directions":[2]}
{"op_code":4,"worker_id":"c69f1cb0-f8e3-487a-b2e7-3c19324252ed-23456247935296","study_id":0,"datetime_start":"2026-07-27T09:45:17.586014"}
{"op_code":5,"worker_id":"c69f1cb0-f8e3-487a-b2e7-3c19324252ed-23456247935296","trial_id":117,"param_name":"lr","param_value_internal":1.0323085901984495e-06,"distribution":"{\"name\": \"FloatDistribution\", \"attributes\": {\"step\": null, \"low\": 1e-08, \"high\": 0.5, \"log\": true}}"}
{"op_code":5,"worker_id":"c69f1cb0-f8e3-487a-b2e7-3c19324252ed-23456247935296","trial_id":117,"param_name":"ratio","param_value_internal":17.39450582903114,"distribution":"{\"name\": \"FloatDistribution\", \"attributes\": {\"step\": null, \"low\": 0.1, \"high\": 100.0, \"log\": true}}"}
{"op_code":6,"worker_id":"53fe9e12-32d9-435b-9886-aa6c2e638056-23456247935296","trial_id":15,"state":3,"values":null,"datetime_complete":"2026-07-27T09:46:05.148711"}
{"op_code":0,"worker_id":"7e1c3fb1-be5b-4c2d-a716-83252e3c9365-23456247935296","study_name":"peter_mnist_k3","directions":[2]}
{"op_code":4,"worker_id":"7e1c3fb1-be5b-4c2d-a716-83252e3c9365-23456247935296","study_id":0,"datetime_start":"2026-07-27T09:46:05.182426"}
{"op_code":5,"worker_id":"7e1c3fb1-be5b-4c2d-a716-83252e3c9365-23456247935296","trial_id":118,"param_name":"lr","param_value_internal":2.2053373118533016e-07,"distribution":"{\"name\": \"FloatDistribution\", \"attributes\": {\"step\": null, \"low\": 1e-08, \"high\": 0.5, \"log\": true}}"}
{"op_code":5,"worker_id":"7e1c3fb1-be5b-4c2d-a716-83252e3c9365-23456247935296","trial_id":118,"param_name":"ratio","param_value_internal":1.7804719049470483,"distribution":"{\"name\": \"FloatDistribution\", \"attributes\": {\"step\": null, \"low\": 0.1, \"high\": 100.0, \"log\": true}}"}
{"op_code":6,"worker_id":"c0d78ebc-ead1-4bec-bead-26466429f3b6-23456247935296","trial_id":14,"state":3,"values":null,"datetime_complete":"2026-07-27T09:46:49.583028"}
{"op_code":0,"worker_id":"bb6e9122-f435-40bd-a867-d2e9734c7ac4-23456247935296","study_name":"peter_mnist_k3","directions":[2]}
{"op_code":4,"worker_id":"bb6e9122-f435-40bd-a867-d2e9734c7ac4-23456247935296","study_id":0,"datetime_start":"2026-07-27T09:46:49.668596"}
{"op_code":5,"worker_id":"bb6e9122-f435-40bd-a867-d2e9734c7ac4-23456247935296","trial_id":119,"param_name":"lr","param_value_internal":6.248577384050044e-08,"distribution":"{\"name\": \"FloatDistribution\", \"attributes\": {\"step\": null, \"low\": 1e-08, \"high\": 0.5, \"log\": true}}"}
{"op_code":5,"worker_id":"bb6e9122-f435-40bd-a867-d2e9734c7ac4-23456247935296","trial_id":119,"param_name":"ratio","param_value_internal":0.1538716379411251,"distribution":"{\"name\": \"FloatDistribution\", \"attributes\": {\"step\": null, \"low\": 0.1, \"high\": 100.0, \"log\": true}}"}
{"op_code":6,"worker_id":"b300db70-fa88-405a-9a93-5967937b30e5-23456247935296","trial_id":40,"state":3,"values":null,"datetime_complete":"2026-07-27T09:46:57.279957"}
{"op_code":0,"worker_id":"09298b6c-420c-4337-8145-61ab829af737-23456247935296","study_name":"peter_mnist_k3","directions":[2]}
{"op_code":4,"worker_id":"09298b6c-420c-4337-8145-61ab829af737-23456247935296","study_id":0,"datetime_start":"2026-07-27T09:46:57.364105"}
{"op_code":5,"worker_id":"09298b6c-420c-4337-8145-61ab829af737-23456247935296","trial_id":120,"param_name":"lr","param_value_internal":4.736181847532862e-05,"distribution":"{\"name\": \"FloatDistribution\", \"attributes\": {\"step\": null, \"low\": 1e-08, \"high\": 0.5, \"log\": true}}"}
{"op_code":5,"worker_id":"09298b6c-420c-4337-8145-61ab829af737-23456247935296","trial_id":120,"param_name":"ratio","param_value_internal":0.16849936720902686,"distribution":"{\"name\": \"FloatDistribution\", \"attributes\": {\"step\": null, \"low\": 0.1, \"high\": 100.0, \"log\": true}}"}
{"op_code":6,"worker_id":"7d3baf5f-dc22-422d-b0ba-5dc9d204257a-23456247935296","trial_id":5,"state":3,"values":null,"datetime_complete":"2026-07-27T09:46:58.663661"}
{"op_code":0,"worker_id":"4b01f9c9-8d5b-43c3-a324-6c628d5495c2-23456247935296","study_name":"peter_mnist_k3","directions":[2]}
{"op_code":4,"worker_id":"4b01f9c9-8d5b-43c3-a324-6c628d5495c2-23456247935296","study_id":0,"datetime_start":"2026-07-27T09:46:58.929696"}
{"op_code":5,"worker_id":"4b01f9c9-8d5b-43c3-a324-6c628d5495c2-23456247935296","trial_id":121,"param_name":"lr","param_value_internal":0.00012889649846817197,"distribution":"{\"name\": \"FloatDistribution\", \"attributes\": {\"step\": null, \"low\": 1e-08, \"high\": 0.5, \"log\": true}}"}
{"op_code":5,"worker_id":"4b01f9c9-8d5b-43c3-a324-6c628d5495c2-23456247935296","trial_id":121,"param_name":"ratio","param_value_internal":0.18743203219457938,"distribution":"{\"name\": \"FloatDistribution\", \"attributes\": {\"step\": null, \"low\": 0.1, \"high\": 100.0, \"log\": true}}"}
{"op_code":6,"worker_id":"823352a4-b8ee-4c7f-bfe5-360ccc485e36-23456247935296","trial_id":55,"state":3,"values":null,"datetime_complete":"2026-07-27T09:47:01.761492"}
{"op_code":0,"worker_id":"598f5adc-354d-4a06-b2f4-46d5c1fcc5b6-23456247935296","study_name":"peter_mnist_k3","directions":[2]}
{"op_code":4,"worker_id":"598f5adc-354d-4a06-b2f4-46d5c1fcc5b6-23456247935296","study_id":0,"datetime_start":"2026-07-27T09:47:02.133954"}
{"op_code":5,"worker_id":"598f5adc-354d-4a06-b2f4-46d5c1fcc5b6-23456247935296","trial_id":122,"param_name":"lr","param_value_internal":1.0132859622921215e-08,"distribution":"{\"name\": \"FloatDistribution\", \"attributes\": {\"step\": null, \"low\": 1e-08, \"high\": 0.5, \"log\": true}}"}
{"op_code":5,"worker_id":"598f5adc-354d-4a06-b2f4-46d5c1fcc5b6-23456247935296","trial_id":122,"param_name":"ratio","param_value_internal":0.9865549305887134,"distribution":"{\"name\": \"FloatDistribution\", \"attributes\": {\"step\": null, \"low\": 0.1, \"high\": 100.0, \"log\": true}}"}
{"op_code":6,"worker_id":"08de7d1d-98ce-418f-a017-d7c1587d0fc8-23456247935296","trial_id":27,"state":3,"values":null,"datetime_complete":"2026-07-27T09:47:06.093204"}
{"op_code":0,"worker_id":"033d1507-11fd-4d4d-a116-aa8b58251121-23456247935296","study_name":"peter_mnist_k3","directions":[2]}
{"op_code":4,"worker_id":"033d1507-11fd-4d4d-a116-aa8b58251121-23456247935296","study_id":0,"datetime_start":"2026-07-27T09:47:06.189775"}
{"op_code":5,"worker_id":"033d1507-11fd-4d4d-a116-aa8b58251121-23456247935296","trial_id":123,"param_name":"lr","param_value_internal":0.23576612274131986,"distribution":"{\"name\": \"FloatDistribution\", \"attributes\": {\"step\": null, \"low\": 1e-08, \"high\": 0.5, \"log\": true}}"}
{"op_code":5,"worker_id":"033d1507-11fd-4d4d-a116-aa8b58251121-23456247935296","trial_id":123,"param_name":"ratio","param_value_internal":44.18656257702268,"distribution":"{\"name\": \"FloatDistribution\", \"attributes\": {\"step\": null, \"low\": 0.1, \"high\": 100.0, \"log\": true}}"}
{"op_code":6,"worker_id":"6030b077-013a-4cdd-9dfa-738ce3f2f29f-23456247935296","trial_id":60,"state":3,"values":null,"datetime_complete":"2026-07-27T09:47:07.006981"}
{"op_code":0,"worker_id":"699a455d-1ff1-45ee-8d11-c8b6692501da-23456247935296","study_name":"peter_mnist_k3","directions":[2]}
{"op_code":4,"worker_id":"699a455d-1ff1-45ee-8d11-c8b6692501da-23456247935296","study_id":0,"datetime_start":"2026-07-27T09:47:07.373148"}
{"op_code":5,"worker_id":"699a455d-1ff1-45ee-8d11-c8b6692501da-23456247935296","trial_id":124,"param_name":"lr","param_value_internal":5.225782173034804e-05,"distribution":"{\"name\": \"FloatDistribution\", \"attributes\": {\"step\": null, \"low\": 1e-08, \"high\": 0.5, \"log\": true}}"}
{"op_code":5,"worker_id":"699a455d-1ff1-45ee-8d11-c8b6692501da-23456247935296","trial_id":124,"param_name":"ratio","param_value_internal":10.521912367589367,"distribution":"{\"name\": \"FloatDistribution\", \"attributes\": {\"step\": null, \"low\": 0.1, \"high\": 100.0, \"log\": true}}"}
{"op_code":6,"worker_id":"0f1e40c9-073e-4976-8981-fbd2e921e704-23456247935296","trial_id":19,"state":3,"values":null,"datetime_complete":"2026-07-27T09:47:07.885880"}
{"op_code":0,"worker_id":"99b13a98-ef86-4053-9b58-117656348877-23456247935296","study_name":"peter_mnist_k3","directions":[2]}
{"op_code":4,"worker_id":"99b13a98-ef86-4053-9b58-117656348877-23456247935296","study_id":0,"datetime_start":"2026-07-27T09:47:07.931076"}
{"op_code":5,"worker_id":"99b13a98-ef86-4053-9b58-117656348877-23456247935296","trial_id":125,"param_name":"lr","param_value_internal":0.3325013945727625,"distribution":"{\"name\": \"FloatDistribution\", \"attributes\": {\"step\": null, \"low\": 1e-08, \"high\": 0.5, \"log\": true}}"}
{"op_code":5,"worker_id":"99b13a98-ef86-4053-9b58-117656348877-23456247935296","trial_id":125,"param_name":"ratio","param_value_internal":2.316460105899937,"distribution":"{\"name\": \"FloatDistribution\", \"attributes\": {\"step\": null, \"low\": 0.1, \"high\": 100.0, \"log\": true}}"}
{"op_code":6,"worker_id":"f82cc4c1-e763-44e7-9468-868ac108a77b-23456247935296","trial_id":36,"state":3,"values":null,"datetime_complete":"2026-07-27T09:47:12.283331"}
{"op_code":0,"worker_id":"f9854d8e-7187-443f-a01d-c3745167d6b3-23456247935296","study_name":"peter_mnist_k3","directions":[2]}
{"op_code":4,"worker_id":"f9854d8e-7187-443f-a01d-c3745167d6b3-23456247935296","study_id":0,"datetime_start":"2026-07-27T09:47:12.552035"}
{"op_code":5,"worker_id":"f9854d8e-7187-443f-a01d-c3745167d6b3-23456247935296","trial_id":126,"param_name":"lr","param_value_internal":1.1409924796072323e-06,"distribution":"{\"name\": \"FloatDistribution\", \"attributes\": {\"step\": null, \"low\": 1e-08, \"high\": 0.5, \"log\": true}}"}
{"op_code":5,"worker_id":"f9854d8e-7187-443f-a01d-c3745167d6b3-23456247935296","trial_id":126,"param_name":"ratio","param_value_internal":24.29885492552136,"distribution":"{\"name\": \"FloatDistribution\", \"attributes\": {\"step\": null, \"low\": 0.1, \"high\": 100.0, \"log\": true}}"}
{"op_code":6,"worker_id":"e3b8ad7f-30e3-4685-982e-a0d05dfc8658-23456247935296","trial_id":49,"state":3,"values":null,"datetime_complete":"2026-07-27T09:47:12.735173"}
{"op_code":0,"worker_id":"5a4717c6-efb3-481f-a200-88ce8a17831b-23456247935296","study_name":"peter_mnist_k3","directions":[2]}
{"op_code":4,"worker_id":"5a4717c6-efb3-481f-a200-88ce8a17831b-23456247935296","study_id":0,"datetime_start":"2026-07-27T09:47:13.562794"}
{"op_code":5,"worker_id":"5a4717c6-efb3-481f-a200-88ce8a17831b-23456247935296","trial_id":127,"param_name":"lr","param_value_internal":0.00024099462766162717,"distribution":"{\"name\": \"FloatDistribution\", \"attributes\": {\"step\": null, \"low\": 1e-08, \"high\": 0.5, \"log\": true}}"}
{"op_code":5,"worker_id":"5a4717c6-efb3-481f-a200-88ce8a17831b-23456247935296","trial_id":127,"param_name":"ratio","param_value_internal":0.6434127700235887,"distribution":"{\"name\": \"FloatDistribution\", \"attributes\": {\"step\": null, \"low\": 0.1, \"high\": 100.0, \"log\": true}}"}
{"op_code":6,"worker_id":"b7a3a11a-5780-40ef-ae25-c28b8211a75d-23456247935296","trial_id":46,"state":3,"values":null,"datetime_complete":"2026-07-27T09:47:14.221285"}
{"op_code":0,"worker_id":"d66ce7a0-a9ed-418b-8ec8-3800a3015598-23456247935296","study_name":"peter_mnist_k3","directions":[2]}
{"op_code":4,"worker_id":"d66ce7a0-a9ed-418b-8ec8-3800a3015598-23456247935296","study_id":0,"datetime_start":"2026-07-27T09:47:14.312140"}
{"op_code":5,"worker_id":"d66ce7a0-a9ed-418b-8ec8-3800a3015598-23456247935296","trial_id":128,"param_name":"lr","param_value_internal":0.023395659153760497,"distribution":"{\"name\": \"FloatDistribution\", \"attributes\": {\"step\": null, \"low\": 1e-08, \"high\": 0.5, \"log\": true}}"}
{"op_code":5,"worker_id":"d66ce7a0-a9ed-418b-8ec8-3800a3015598-23456247935296","trial_id":128,"param_name":"ratio","param_value_internal":50.837208079791594,"distribution":"{\"name\": \"FloatDistribution\", \"attributes\": {\"step\": null, \"low\": 0.1, \"high\": 100.0, \"log\": true}}"}
{"op_code":6,"worker_id":"6aeb3202-abaf-4388-964d-aab031a1e884-23456247935296","trial_id":10,"state":3,"values":null,"datetime_complete":"2026-07-27T09:47:14.655066"}
{"op_code":0,"worker_id":"a1565595-94d1-4f0f-a3b9-1cdea66dec0f-23456247935296","study_name":"peter_mnist_k3","directions":[2]}
{"op_code":4,"worker_id":"a1565595-94d1-4f0f-a3b9-1cdea66dec0f-23456247935296","study_id":0,"datetime_start":"2026-07-27T09:47:14.805743"}
{"op_code":5,"worker_id":"a1565595-94d1-4f0f-a3b9-1cdea66dec0f-23456247935296","trial_id":129,"param_name":"lr","param_value_internal":0.009008697907481175,"distribution":"{\"name\": \"FloatDistribution\", \"attributes\": {\"step\": null, \"low\": 1e-08, \"high\": 0.5, \"log\": true}}"}
{"op_code":5,"worker_id":"a1565595-94d1-4f0f-a3b9-1cdea66dec0f-23456247935296","trial_id":129,"param_name":"ratio","param_value_internal":0.1753572842904922,"distribution":"{\"name\": \"FloatDistribution\", \"attributes\": {\"step\": null, \"low\": 0.1, \"high\": 100.0, \"log\": true}}"}
{"op_code":6,"worker_id":"b00f9137-8dcf-466f-9238-fa769e112a99-23456247935296","trial_id":28,"state":3,"values":null,"datetime_complete":"2026-07-27T09:47:16.369537"}
{"op_code":0,"worker_id":"6bd18425-da6f-415b-865f-c4705c43b54d-23456247935296","study_name":"peter_mnist_k3","directions":[2]}
{"op_code":4,"worker_id":"6bd18425-da6f-415b-865f-c4705c43b54d-23456247935296","study_id":0,"datetime_start":"2026-07-27T09:47:16.549158"}
{"op_code":5,"worker_id":"6bd18425-da6f-415b-865f-c4705c43b54d-23456247935296","trial_id":130,"param_name":"lr","param_value_internal":3.683349943509727e-08,"distribution":"{\"name\": \"FloatDistribution\", \"attributes\": {\"step\": null, \"low\": 1e-08, \"high\": 0.5, \"log\": true}}"}
{"op_code":5,"worker_id":"6bd18425-da6f-415b-865f-c4705c43b54d-23456247935296","trial_id":130,"param_name":"ratio","param_value_internal":2.084253221252425,"distribution":"{\"name\": \"FloatDistribution\", \"attributes\": {\"step\": null, \"low\": 0.1, \"high\": 100.0, \"log\": true}}"}
{"op_code":6,"worker_id":"14cc3aa0-d1cd-441d-95a9-ffd870189e75-23456247935296","trial_id":56,"state":3,"values":null,"datetime_complete":"2026-07-27T09:47:17.967117"}
{"op_code":0,"worker_id":"d31f5497-2768-4d09-ae65-d68082fcd083-23456247935296","study_name":"peter_mnist_k3","directions":[2]}
{"op_code":6,"worker_id":"99ef8205-8507-4d68-b25c-e584cd638add-23456247935296","trial_id":48,"state":3,"values":null,"datetime_complete":"2026-07-27T09:47:18.616756"}
{"op_code":0,"worker_id":"0cebcc26-04fd-48d6-af34-b8db7b5d1e33-23456247935296","study_name":"peter_mnist_k3","directions":[2]}
{"op_code":4,"worker_id":"d31f5497-2768-4d09-ae65-d68082fcd083-23456247935296","study_id":0,"datetime_start":"2026-07-27T09:47:18.679009"}
{"op_code":4,"worker_id":"0cebcc26-04fd-48d6-af34-b8db7b5d1e33-23456247935296","study_id":0,"datetime_start":"2026-07-27T09:47:18.727571"}
{"op_code":5,"worker_id":"d31f5497-2768-4d09-ae65-d68082fcd083-23456247935296","trial_id":131,"param_name":"lr","param_value_internal":0.00041984162205090293,"distribution":"{\"name\": \"FloatDistribution\", \"attributes\": {\"step\": null, \"low\": 1e-08, \"high\": 0.5, \"log\": true}}"}
{"op_code":5,"worker_id":"0cebcc26-04fd-48d6-af34-b8db7b5d1e33-23456247935296","trial_id":132,"param_name":"lr","param_value_internal":4.890477253932716e-07,"distribution":"{\"name\": \"FloatDistribution\", \"attributes\": {\"step\": null, \"low\": 1e-08, \"high\": 0.5, \"log\": true}}"}
{"op_code":5,"worker_id":"d31f5497-2768-4d09-ae65-d68082fcd083-23456247935296","trial_id":131,"param_name":"ratio","param_value_internal":0.25853116607515586,"distribution":"{\"name\": \"FloatDistribution\", \"attributes\": {\"step\": null, \"low\": 0.1, \"high\": 100.0, \"log\": true}}"}
{"op_code":5,"worker_id":"0cebcc26-04fd-48d6-af34-b8db7b5d1e33-23456247935296","trial_id":132,"param_name":"ratio","param_value_internal":87.14062656265979,"distribution":"{\"name\": \"FloatDistribution\", \"attributes\": {\"step\": null, \"low\": 0.1, \"high\": 100.0, \"log\": true}}"}
{"op_code":6,"worker_id":"55068f68-827f-4795-bf7e-bf6a89358acc-23456247935296","trial_id":64,"state":3,"values":null,"datetime_complete":"2026-07-27T09:47:22.195483"}
{"op_code":0,"worker_id":"ae778431-6aeb-46c6-9741-90a5b69c271a-23456247935296","study_name":"peter_mnist_k3","directions":[2]}
{"op_code":6,"worker_id":"ae96bead-5189-4ce5-82d1-6b36c2f04e15-23456247935296","trial_id":70,"state":3,"values":null,"datetime_complete":"2026-07-27T09:47:22.577530"}
{"op_code":0,"worker_id":"21261155-b02d-41b9-b091-c995a95f5c6d-23456247935296","study_name":"peter_mnist_k3","directions":[2]}
{"op_code":4,"worker_id":"ae778431-6aeb-46c6-9741-90a5b69c271a-23456247935296","study_id":0,"datetime_start":"2026-07-27T09:47:22.676451"}
{"op_code":4,"worker_id":"21261155-b02d-41b9-b091-c995a95f5c6d-23456247935296","study_id":0,"datetime_start":"2026-07-27T09:47:22.681763"}
{"op_code":6,"worker_id":"7b78cd46-5a46-4927-bf60-ff015c176001-23456247935296","trial_id":95,"state":3,"values":null,"datetime_complete":"2026-07-27T09:47:22.693291"}
{"op_code":5,"worker_id":"21261155-b02d-41b9-b091-c995a95f5c6d-23456247935296","trial_id":134,"param_name":"lr","param_value_internal":0.002203636768331985,"distribution":"{\"name\": \"FloatDistribution\", \"attributes\": {\"step\": null, \"low\": 1e-08, \"high\": 0.5, \"log\": true}}"}
{"op_code":5,"worker_id":"21261155-b02d-41b9-b091-c995a95f5c6d-23456247935296","trial_id":134,"param_name":"ratio","param_value_internal":3.4098094538287755,"distribution":"{\"name\": \"FloatDistribution\", \"attributes\": {\"step\": null, \"low\": 0.1, \"high\": 100.0, \"log\": true}}"}
{"op_code":0,"worker_id":"a69b021c-2308-48cd-bd72-20a1378ca8cf-23456247935296","study_name":"peter_mnist_k3","directions":[2]}
{"op_code":4,"worker_id":"a69b021c-2308-48cd-bd72-20a1378ca8cf-23456247935296","study_id":0,"datetime_start":"2026-07-27T09:47:22.826389"}
{"op_code":5,"worker_id":"a69b021c-2308-48cd-bd72-20a1378ca8cf-23456247935296","trial_id":135,"param_name":"lr","param_value_internal":1.9795811660869577e-07,"distribution":"{\"name\": \"FloatDistribution\", \"attributes\": {\"step\": null, \"low\": 1e-08, \"high\": 0.5, \"log\": true}}"}
{"op_code":5,"worker_id":"a69b021c-2308-48cd-bd72-20a1378ca8cf-23456247935296","trial_id":135,"param_name":"ratio","param_value_internal":14.196951166886278,"distribution":"{\"name\": \"FloatDistribution\", \"attributes\": {\"step\": null, \"low\": 0.1, \"high\": 100.0, \"log\": true}}"}
{"op_code":5,"worker_id":"ae778431-6aeb-46c6-9741-90a5b69c271a-23456247935296","trial_id":133,"param_name":"lr","param_value_internal":0.01102536515282416,"distribution":"{\"name\": \"FloatDistribution\", \"attributes\": {\"step\": null, \"low\": 1e-08, \"high\": 0.5, \"log\": true}}"}
{"op_code":5,"worker_id":"ae778431-6aeb-46c6-9741-90a5b69c271a-23456247935296","trial_id":133,"param_name":"ratio","param_value_internal":0.11634937219924511,"distribution":"{\"name\": \"FloatDistribution\", \"attributes\": {\"step\": null, \"low\": 0.1, \"high\": 100.0, \"log\": true}}"}
{"op_code":6,"worker_id":"929ffd2d-a9bd-4663-939c-58e5152c983d-23456247935296","trial_id":37,"state":3,"values":null,"datetime_complete":"2026-07-27T09:47:23.901264"}
{"op_code":0,"worker_id":"9aa7eb40-2338-46ac-a1a4-4405cd490f50-23456247935296","study_name":"peter_mnist_k3","directions":[2]}
{"op_code":4,"worker_id":"9aa7eb40-2338-46ac-a1a4-4405cd490f50-23456247935296","study_id":0,"datetime_start":"2026-07-27T09:47:24.697750"}
{"op_code":5,"worker_id":"9aa7eb40-2338-46ac-a1a4-4405cd490f50-23456247935296","trial_id":136,"param_name":"lr","param_value_internal":1.1371673883619549e-05,"distribution":"{\"name\": \"FloatDistribution\", \"attributes\": {\"step\": null, \"low\": 1e-08, \"high\": 0.5, \"log\": true}}"}
{"op_code":5,"worker_id":"9aa7eb40-2338-46ac-a1a4-4405cd490f50-23456247935296","trial_id":136,"param_name":"ratio","param_value_internal":20.940737879042654,"distribution":"{\"name\": \"FloatDistribution\", \"attributes\": {\"step\": null, \"low\": 0.1, \"high\": 100.0, \"log\": true}}"}
{"op_code":6,"worker_id":"da8ae414-5a5c-4386-bc04-0414c14c98e5-23456247935296","trial_id":66,"state":3,"values":null,"datetime_complete":"2026-07-27T09:47:27.597908"}
{"op_code":0,"worker_id":"8f01ea9f-e291-420f-860f-18520450578c-23456247935296","study_name":"peter_mnist_k3","directions":[2]}
{"op_code":4,"worker_id":"8f01ea9f-e291-420f-860f-18520450578c-23456247935296","study_id":0,"datetime_start":"2026-07-27T09:47:27.713457"}
{"op_code":5,"worker_id":"8f01ea9f-e291-420f-860f-18520450578c-23456247935296","trial_id":137,"param_name":"lr","param_value_internal":0.00035878297678808123,"distribution":"{\"name\": \"FloatDistribution\", \"attributes\": {\"step\": null, \"low\": 1e-08, \"high\": 0.5, \"log\": true}}"}
{"op_code":5,"worker_id":"8f01ea9f-e291-420f-860f-18520450578c-23456247935296","trial_id":137,"param_name":"ratio","param_value_internal":0.4001055444389543,"distribution":"{\"name\": \"FloatDistribution\", \"attributes\": {\"step\": null, \"low\": 0.1, \"high\": 100.0, \"log\": true}}"}
{"op_code":6,"worker_id":"8ae2e7b5-f007-48a5-857b-39256c990888-23456247935296","trial_id":62,"state":3,"values":null,"datetime_complete":"2026-07-27T09:47:28.540934"}
{"op_code":0,"worker_id":"bb238d4c-20f5-44f9-af6a-1c8e0417f39a-23456247935296","study_name":"peter_mnist_k3","directions":[2]}
{"op_code":4,"worker_id":"bb238d4c-20f5-44f9-af6a-1c8e0417f39a-23456247935296","study_id":0,"datetime_start":"2026-07-27T09:47:28.927147"}
{"op_code":5,"worker_id":"bb238d4c-20f5-44f9-af6a-1c8e0417f39a-23456247935296","trial_id":138,"param_name":"lr","param_value_internal":0.1691754757811207,"distribution":"{\"name\": \"FloatDistribution\", \"attributes\": {\"step\": null, \"low\": 1e-08, \"high\": 0.5, \"log\": true}}"}
{"op_code":5,"worker_id":"bb238d4c-20f5-44f9-af6a-1c8e0417f39a-23456247935296","trial_id":138,"param_name":"ratio","param_value_internal":0.6414459349225231,"distribution":"{\"name\": \"FloatDistribution\", \"attributes\": {\"step\": null, \"low\": 0.1, \"high\": 100.0, \"log\": true}}"}
{"op_code":6,"worker_id":"dc88c04c-5c35-43e5-95ea-89f2b915eff5-23456247935296","trial_id":23,"state":3,"values":null,"datetime_complete":"2026-07-27T09:47:29.726186"}
{"op_code":0,"worker_id":"be4549ef-4d25-4248-a660-e4e34b6d9d2d-23456247935296","study_name":"peter_mnist_k3","directions":[2]}
{"op_code":4,"worker_id":"be4549ef-4d25-4248-a660-e4e34b6d9d2d-23456247935296","study_id":0,"datetime_start":"2026-07-27T09:47:30.590797"}
{"op_code":5,"worker_id":"be4549ef-4d25-4248-a660-e4e34b6d9d2d-23456247935296","trial_id":139,"param_name":"lr","param_value_internal":1.1925573751963096e-07,"distribution":"{\"name\": \"FloatDistribution\", \"attributes\": {\"step\": null, \"low\": 1e-08, \"high\": 0.5, \"log\": true}}"}
{"op_code":5,"worker_id":"be4549ef-4d25-4248-a660-e4e34b6d9d2d-23456247935296","trial_id":139,"param_name":"ratio","param_value_internal":11.398340952179804,"distribution":"{\"name\": \"FloatDistribution\", \"attributes\": {\"step\": null, \"low\": 0.1, \"high\": 100.0, \"log\": true}}"}
{"op_code":6,"worker_id":"c58cad88-bdd8-48b0-9bd2-6058e0e7c7ee-23456247935296","trial_id":39,"state":3,"values":null,"datetime_complete":"2026-07-27T09:47:31.602288"}
{"op_code":0,"worker_id":"78521ae5-05c5-40b0-80e5-c3dcc2ecf1c4-23456247935296","study_name":"peter_mnist_k3","directions":[2]}
{"op_code":4,"worker_id":"78521ae5-05c5-40b0-80e5-c3dcc2ecf1c4-23456247935296","study_id":0,"datetime_start":"2026-07-27T09:47:31.677503"}
{"op_code":5,"worker_id":"78521ae5-05c5-40b0-80e5-c3dcc2ecf1c4-23456247935296","trial_id":140,"param_name":"lr","param_value_internal":1.2495364672087902e-07,"distribution":"{\"name\": \"FloatDistribution\", \"attributes\": {\"step\": null, \"low\": 1e-08, \"high\": 0.5, \"log\": true}}"}
{"op_code":5,"worker_id":"78521ae5-05c5-40b0-80e5-c3dcc2ecf1c4-23456247935296","trial_id":140,"param_name":"ratio","param_value_internal":0.1048452467277103,"distribution":"{\"name\": \"FloatDistribution\", \"attributes\": {\"step\": null, \"low\": 0.1, \"high\": 100.0, \"log\": true}}"}
{"op_code":6,"worker_id":"2b9f6141-89cf-4d8c-a578-dd1a4dacebb4-23456247935296","trial_id":58,"state":3,"values":null,"datetime_complete":"2026-07-27T09:47:35.645048"}
{"op_code":0,"worker_id":"3f2e71ed-9b4c-4ab5-b38e-79c75995c39c-23456247935296","study_name":"peter_mnist_k3","directions":[2]}
{"op_code":4,"worker_id":"3f2e71ed-9b4c-4ab5-b38e-79c75995c39c-23456247935296","study_id":0,"datetime_start":"2026-07-27T09:47:35.831313"}
{"op_code":5,"worker_id":"3f2e71ed-9b4c-4ab5-b38e-79c75995c39c-23456247935296","trial_id":141,"param_name":"lr","param_value_internal":0.003163735868029799,"distribution":"{\"name\": \"FloatDistribution\", \"attributes\": {\"step\": null, \"low\": 1e-08, \"high\": 0.5, \"log\": true}}"}
{"op_code":5,"worker_id":"3f2e71ed-9b4c-4ab5-b38e-79c75995c39c-23456247935296","trial_id":141,"param_name":"ratio","param_value_internal":82.90821189716843,"distribution":"{\"name\": \"FloatDistribution\", \"attributes\": {\"step\": null, \"low\": 0.1, \"high\": 100.0, \"log\": true}}"}
{"op_code":6,"worker_id":"83ba94d4-d549-4545-9f9e-5d88c82da108-23456247935296","trial_id":26,"state":3,"values":null,"datetime_complete":"2026-07-27T09:47:50.113313"}
{"op_code":0,"worker_id":"db7ee4f5-2d22-480e-9dfd-9ac7ea749e2b-23456247935296","study_name":"peter_mnist_k3","directions":[2]}
{"op_code":4,"worker_id":"db7ee4f5-2d22-480e-9dfd-9ac7ea749e2b-23456247935296","study_id":0,"datetime_start":"2026-07-27T09:47:50.167163"}
{"op_code":5,"worker_id":"db7ee4f5-2d22-480e-9dfd-9ac7ea749e2b-23456247935296","trial_id":142,"param_name":"lr","param_value_internal":0.2684010707005855,"distribution":"{\"name\": \"FloatDistribution\", \"attributes\": {\"step\": null, \"low\": 1e-08, \"high\": 0.5, \"log\": true}}"}
{"op_code":5,"worker_id":"db7ee4f5-2d22-480e-9dfd-9ac7ea749e2b-23456247935296","trial_id":142,"param_name":"ratio","param_value_internal":5.688086988133119,"distribution":"{\"name\": \"FloatDistribution\", \"attributes\": {\"step\": null, \"low\": 0.1, \"high\": 100.0, \"log\": true}}"}
{"op_code":6,"worker_id":"2333692e-3515-428d-92dd-f8c89c1d9e25-23456247935296","trial_id":81,"state":3,"values":null,"datetime_complete":"2026-07-27T09:47:55.018958"}
{"op_code":0,"worker_id":"8f0deec2-5160-4537-8545-475ddfb039bf-23456247935296","study_name":"peter_mnist_k3","directions":[2]}
{"op_code":4,"worker_id":"8f0deec2-5160-4537-8545-475ddfb039bf-23456247935296","study_id":0,"datetime_start":"2026-07-27T09:47:55.808779"}
{"op_code":5,"worker_id":"8f0deec2-5160-4537-8545-475ddfb039bf-23456247935296","trial_id":143,"param_name":"lr","param_value_internal":4.907398046505043e-05,"distribution":"{\"name\": \"FloatDistribution\", \"attributes\": {\"step\": null, \"low\": 1e-08, \"high\": 0.5, \"log\": true}}"}
{"op_code":5,"worker_id":"8f0deec2-5160-4537-8545-475ddfb039bf-23456247935296","trial_id":143,"param_name":"ratio","param_value_internal":0.5230287428802917,"distribution":"{\"name\": \"FloatDistribution\", \"attributes\": {\"step\": null, \"low\": 0.1, \"high\": 100.0, \"log\": true}}"}
{"op_code":6,"worker_id":"8b647f18-d739-4d08-b17e-b4924fdbf2db-23456247935296","trial_id":9,"state":3,"values":null,"datetime_complete":"2026-07-27T09:48:06.500636"}
{"op_code":0,"worker_id":"ea4c26a5-ec60-4527-bce2-aedccf6a6324-23456247935296","study_name":"peter_mnist_k3","directions":[2]}
{"op_code":4,"worker_id":"ea4c26a5-ec60-4527-bce2-aedccf6a6324-23456247935296","study_id":0,"datetime_start":"2026-07-27T09:48:06.585052"}
{"op_code":5,"worker_id":"ea4c26a5-ec60-4527-bce2-aedccf6a6324-23456247935296","trial_id":144,"param_name":"lr","param_value_internal":0.013046850770012268,"distribution":"{\"name\": \"FloatDistribution\", \"attributes\": {\"step\": null, \"low\": 1e-08, \"high\": 0.5, \"log\": true}}"}
{"op_code":5,"worker_id":"ea4c26a5-ec60-4527-bce2-aedccf6a6324-23456247935296","trial_id":144,"param_name":"ratio","param_value_internal":0.2086082935411876,"distribution":"{\"name\": \"FloatDistribution\", \"attributes\": {\"step\": null, \"low\": 0.1, \"high\": 100.0, \"log\": true}}"}
{"op_code":6,"worker_id":"9f897d73-c772-473b-b682-819ea470424e-23456247935296","trial_id":59,"state":3,"values":null,"datetime_complete":"2026-07-27T09:48:07.116781"}
{"op_code":0,"worker_id":"30483a8f-e5cc-4545-acdb-fce14774a714-23456247935296","study_name":"peter_mnist_k3","directions":[2]}
{"op_code":4,"worker_id":"30483a8f-e5cc-4545-acdb-fce14774a714-23456247935296","study_id":0,"datetime_start":"2026-07-27T09:48:07.585732"}
{"op_code":5,"worker_id":"30483a8f-e5cc-4545-acdb-fce14774a714-23456247935296","trial_id":145,"param_name":"lr","param_value_internal":0.09213629516738568,"distribution":"{\"name\": \"FloatDistribution\", \"attributes\": {\"step\": null, \"low\": 1e-08, \"high\": 0.5, \"log\": true}}"}
{"op_code":5,"worker_id":"30483a8f-e5cc-4545-acdb-fce14774a714-23456247935296","trial_id":145,"param_name":"ratio","param_value_internal":25.530432083124477,"distribution":"{\"name\": \"FloatDistribution\", \"attributes\": {\"step\": null, \"low\": 0.1, \"high\": 100.0, \"log\": true}}"}
{"op_code":6,"worker_id":"73750471-2a58-4252-be5e-9804aa3f61b4-23456247935296","trial_id":67,"state":3,"values":null,"datetime_complete":"2026-07-27T09:48:26.859151"}
{"op_code":0,"worker_id":"81eabe89-720a-4996-ab40-d16e459d14d2-23456247935296","study_name":"peter_mnist_k3","directions":[2]}
{"op_code":4,"worker_id":"81eabe89-720a-4996-ab40-d16e459d14d2-23456247935296","study_id":0,"datetime_start":"2026-07-27T09:48:26.909034"}
{"op_code":5,"worker_id":"81eabe89-720a-4996-ab40-d16e459d14d2-23456247935296","trial_id":146,"param_name":"lr","param_value_internal":0.011386227276405416,"distribution":"{\"name\": \"FloatDistribution\", \"attributes\": {\"step\": null, \"low\": 1e-08, \"high\": 0.5, \"log\": true}}"}
{"op_code":5,"worker_id":"81eabe89-720a-4996-ab40-d16e459d14d2-23456247935296","trial_id":146,"param_name":"ratio","param_value_internal":14.70599329806848,"distribution":"{\"name\": \"FloatDistribution\", \"attributes\": {\"step\": null, \"low\": 0.1, \"high\": 100.0, \"log\": true}}"}
{"op_code":6,"worker_id":"f502833f-bd2e-4887-b476-185ad09ed492-23456247935296","trial_id":53,"state":3,"values":null,"datetime_complete":"2026-07-27T09:48:45.050435"}
{"op_code":0,"worker_id":"b0dab6e8-a2aa-447a-9cef-58200d46c9b8-23456247935296","study_name":"peter_mnist_k3","directions":[2]}
{"op_code":4,"worker_id":"b0dab6e8-a2aa-447a-9cef-58200d46c9b8-23456247935296","study_id":0,"datetime_start":"2026-07-27T09:48:45.205654"}
{"op_code":5,"worker_id":"b0dab6e8-a2aa-447a-9cef-58200d46c9b8-23456247935296","trial_id":147,"param_name":"lr","param_value_internal":8.261539326812689e-08,"distribution":"{\"name\": \"FloatDistribution\", \"attributes\": {\"step\": null, \"low\": 1e-08, \"high\": 0.5, \"log\": true}}"}
{"op_code":5,"worker_id":"b0dab6e8-a2aa-447a-9cef-58200d46c9b8-23456247935296","trial_id":147,"param_name":"ratio","param_value_internal":90.4182911371937,"distribution":"{\"name\": \"FloatDistribution\", \"attributes\": {\"step\": null, \"low\": 0.1, \"high\": 100.0, \"log\": true}}"}
{"op_code":6,"worker_id":"aca5e7e0-90e2-4c68-966a-a02ae3ba16cd-23456247935296","trial_id":7,"state":3,"values":null,"datetime_complete":"2026-07-27T09:48:45.954824"}
{"op_code":0,"worker_id":"7e68ead3-8092-44fc-abe3-84e7224be574-23456247935296","study_name":"peter_mnist_k3","directions":[2]}
{"op_code":4,"worker_id":"7e68ead3-8092-44fc-abe3-84e7224be574-23456247935296","study_id":0,"datetime_start":"2026-07-27T09:48:46.125660"}
{"op_code":5,"worker_id":"7e68ead3-8092-44fc-abe3-84e7224be574-23456247935296","trial_id":148,"param_name":"lr","param_value_internal":0.1289787306026937,"distribution":"{\"name\": \"FloatDistribution\", \"attributes\": {\"step\": null, \"low\": 1e-08, \"high\": 0.5, \"log\": true}}"}
{"op_code":5,"worker_id":"7e68ead3-8092-44fc-abe3-84e7224be574-23456247935296","trial_id":148,"param_name":"ratio","param_value_internal":0.3182330162587204,"distribution":"{\"name\": \"FloatDistribution\", \"attributes\": {\"step\": null, \"low\": 0.1, \"high\": 100.0, \"log\": true}}"}
{"op_code":6,"worker_id":"0cb110c3-cf93-4d15-9afc-d142c0423c3e-23456247935296","trial_id":74,"state":3,"values":null,"datetime_complete":"2026-07-27T09:48:48.618592"}
{"op_code":0,"worker_id":"2edb7cfc-b189-4375-bc45-5691747cd147-23456247935296","study_name":"peter_mnist_k3","directions":[2]}
{"op_code":4,"worker_id":"2edb7cfc-b189-4375-bc45-5691747cd147-23456247935296","study_id":0,"datetime_start":"2026-07-27T09:48:48.725265"}
{"op_code":5,"worker_id":"2edb7cfc-b189-4375-bc45-5691747cd147-23456247935296","trial_id":149,"param_name":"lr","param_value_internal":1.6253381636245425e-07,"distribution":"{\"name\": \"FloatDistribution\", \"attributes\": {\"step\": null, \"low\": 1e-08, \"high\": 0.5, \"log\": true}}"}
{"op_code":5,"worker_id":"2edb7cfc-b189-4375-bc45-5691747cd147-23456247935296","trial_id":149,"param_name":"ratio","param_value_internal":0.12193656811839901,"distribution":"{\"name\": \"FloatDistribution\", \"attributes\": {\"step\": null, \"low\": 0.1, \"high\": 100.0, \"log\": true}}"}
{"op_code":6,"worker_id":"4a11abe9-09bf-4319-bcfd-9608ab1f71c4-23456247935296","trial_id":12,"state":3,"values":null,"datetime_complete":"2026-07-27T09:49:06.676814"}
{"op_code":0,"worker_id":"54df5b3d-ca19-43f0-b92e-f423750f03b3-23456247935296","study_name":"peter_mnist_k3","directions":[2]}
{"op_code":4,"worker_id":"54df5b3d-ca19-43f0-b92e-f423750f03b3-23456247935296","study_id":0,"datetime_start":"2026-07-27T09:49:06.827380"}
{"op_code":5,"worker_id":"54df5b3d-ca19-43f0-b92e-f423750f03b3-23456247935296","trial_id":150,"param_name":"lr","param_value_internal":0.2968528035839975,"distribution":"{\"name\": \"FloatDistribution\", \"attributes\": {\"step\": null, \"low\": 1e-08, \"high\": 0.5, \"log\": true}}"}
{"op_code":5,"worker_id":"54df5b3d-ca19-43f0-b92e-f423750f03b3-23456247935296","trial_id":150,"param_name":"ratio","param_value_internal":0.6704841869600068,"distribution":"{\"name\": \"FloatDistribution\", \"attributes\": {\"step\": null, \"low\": 0.1, \"high\": 100.0, \"log\": true}}"}
{"op_code":6,"worker_id":"b877819f-253d-45b2-a7e1-49962ebf31f4-23456247935296","trial_id":92,"state":3,"values":null,"datetime_complete":"2026-07-27T09:49:34.125175"}
{"op_code":0,"worker_id":"0156af58-1d00-4a6a-9873-e9dd5889e0ed-23456247935296","study_name":"peter_mnist_k3","directions":[2]}
{"op_code":4,"worker_id":"0156af58-1d00-4a6a-9873-e9dd5889e0ed-23456247935296","study_id":0,"datetime_start":"2026-07-27T09:49:34.578148"}
{"op_code":5,"worker_id":"0156af58-1d00-4a6a-9873-e9dd5889e0ed-23456247935296","trial_id":151,"param_name":"lr","param_value_internal":2.87092506494194e-07,"distribution":"{\"name\": \"FloatDistribution\", \"attributes\": {\"step\": null, \"low\": 1e-08, \"high\": 0.5, \"log\": true}}"}
{"op_code":5,"worker_id":"0156af58-1d00-4a6a-9873-e9dd5889e0ed-23456247935296","trial_id":151,"param_name":"ratio","param_value_internal":1.6824585558430063,"distribution":"{\"name\": \"FloatDistribution\", \"attributes\": {\"step\": null, \"low\": 0.1, \"high\": 100.0, \"log\": true}}"}
{"op_code":6,"worker_id":"cceb2dcd-1ed3-48fe-96bd-eecbf77f938a-23456247935296","trial_id":98,"state":3,"values":null,"datetime_complete":"2026-07-27T09:49:36.001212"}
{"op_code":0,"worker_id":"0c37bf95-4c8b-41c8-afbe-b756cac9c03b-23456247935296","study_name":"peter_mnist_k3","directions":[2]}
{"op_code":4,"worker_id":"0c37bf95-4c8b-41c8-afbe-b756cac9c03b-23456247935296","study_id":0,"datetime_start":"2026-07-27T09:49:36.063035"}
{"op_code":5,"worker_id":"0c37bf95-4c8b-41c8-afbe-b756cac9c03b-23456247935296","trial_id":152,"param_name":"lr","param_value_internal":1.932857754932689e-06,"distribution":"{\"name\": \"FloatDistribution\", \"attributes\": {\"step\": null, \"low\": 1e-08, \"high\": 0.5, \"log\": true}}"}
{"op_code":5,"worker_id":"0c37bf95-4c8b-41c8-afbe-b756cac9c03b-23456247935296","trial_id":152,"param_name":"ratio","param_value_internal":1.4209882428076344,"distribution":"{\"name\": \"FloatDistribution\", \"attributes\": {\"step\": null, \"low\": 0.1, \"high\": 100.0, \"log\": true}}"}
{"op_code":6,"worker_id":"43681eb9-edc6-4576-b7e6-2938b39a42e9-23456247935296","trial_id":29,"state":3,"values":null,"datetime_complete":"2026-07-27T09:50:14.727092"}
{"op_code":0,"worker_id":"963622bf-403b-4aa6-96e3-614ec13c687c-23456247935296","study_name":"peter_mnist_k3","directions":[2]}
{"op_code":4,"worker_id":"963622bf-403b-4aa6-96e3-614ec13c687c-23456247935296","study_id":0,"datetime_start":"2026-07-27T09:50:15.178349"}
{"op_code":5,"worker_id":"963622bf-403b-4aa6-96e3-614ec13c687c-23456247935296","trial_id":153,"param_name":"lr","param_value_internal":1.3549465876959025e-05,"distribution":"{\"name\": \"FloatDistribution\", \"attributes\": {\"step\": null, \"low\": 1e-08, \"high\": 0.5, \"log\": true}}"}
{"op_code":5,"worker_id":"963622bf-403b-4aa6-96e3-614ec13c687c-23456247935296","trial_id":153,"param_name":"ratio","param_value_internal":1.4925716245742022,"distribution":"{\"name\": \"FloatDistribution\", \"attributes\": {\"step\": null, \"low\": 0.1, \"high\": 100.0, \"log\": true}}"}
{"op_code":6,"worker_id":"9015dcf9-342e-4b2a-8d1e-b1421376fcf8-23456247935296","trial_id":99,"state":3,"values":null,"datetime_complete":"2026-07-27T09:51:49.407489"}
{"op_code":0,"worker_id":"e849bb93-a25b-4dd0-ae0d-0895118ed56e-23456247935296","study_name":"peter_mnist_k3","directions":[2]}
{"op_code":4,"worker_id":"e849bb93-a25b-4dd0-ae0d-0895118ed56e-23456247935296","study_id":0,"datetime_start":"2026-07-27T09:51:49.502891"}
{"op_code":5,"worker_id":"e849bb93-a25b-4dd0-ae0d-0895118ed56e-23456247935296","trial_id":154,"param_name":"lr","param_value_internal":0.0426512144731668,"distribution":"{\"name\": \"FloatDistribution\", \"attributes\": {\"step\": null, \"low\": 1e-08, \"high\": 0.5, \"log\": true}}"}
{"op_code":5,"worker_id":"e849bb93-a25b-4dd0-ae0d-0895118ed56e-23456247935296","trial_id":154,"param_name":"ratio","param_value_internal":19.55240659931358,"distribution":"{\"name\": \"FloatDistribution\", \"attributes\": {\"step\": null, \"low\": 0.1, \"high\": 100.0, \"log\": true}}"}
{"op_code":6,"worker_id":"2e3a3a1e-c758-48df-a06b-2db9457f96bf-23456247935296","trial_id":80,"state":3,"values":null,"datetime_complete":"2026-07-27T09:51:50.633934"}
{"op_code":0,"worker_id":"9458047e-eb29-463f-b619-a871cee3f40b-23456247935296","study_name":"peter_mnist_k3","directions":[2]}
{"op_code":4,"worker_id":"9458047e-eb29-463f-b619-a871cee3f40b-23456247935296","study_id":0,"datetime_start":"2026-07-27T09:51:51.070473"}
{"op_code":5,"worker_id":"9458047e-eb29-463f-b619-a871cee3f40b-23456247935296","trial_id":155,"param_name":"lr","param_value_internal":0.0006705713652004268,"distribution":"{\"name\": \"FloatDistribution\", \"attributes\": {\"step\": null, \"low\": 1e-08, \"high\": 0.5, \"log\": true}}"}
{"op_code":5,"worker_id":"9458047e-eb29-463f-b619-a871cee3f40b-23456247935296","trial_id":155,"param_name":"ratio","param_value_internal":9.721883828141763,"distribution":"{\"name\": \"FloatDistribution\", \"attributes\": {\"step\": null, \"low\": 0.1, \"high\": 100.0, \"log\": true}}"}
{"op_code":6,"worker_id":"5d12ec00-3391-4a08-9b02-0152a65120de-23456247935296","trial_id":96,"state":3,"values":null,"datetime_complete":"2026-07-27T09:52:17.158361"}
{"op_code":0,"worker_id":"1470ca8b-8a2d-4afc-84e0-785c947d93d5-23456247935296","study_name":"peter_mnist_k3","directions":[2]}
{"op_code":4,"worker_id":"1470ca8b-8a2d-4afc-84e0-785c947d93d5-23456247935296","study_id":0,"datetime_start":"2026-07-27T09:52:17.859959"}
{"op_code":5,"worker_id":"1470ca8b-8a2d-4afc-84e0-785c947d93d5-23456247935296","trial_id":156,"param_name":"lr","param_value_internal":0.16843978980917246,"distribution":"{\"name\": \"FloatDistribution\", \"attributes\": {\"step\": null, \"low\": 1e-08, \"high\": 0.5, \"log\": true}}"}
{"op_code":5,"worker_id":"1470ca8b-8a2d-4afc-84e0-785c947d93d5-23456247935296","trial_id":156,"param_name":"ratio","param_value_internal":1.6830599096377974,"distribution":"{\"name\": \"FloatDistribution\", \"attributes\": {\"step\": null, \"low\": 0.1, \"high\": 100.0, \"log\": true}}"}
{"op_code":6,"worker_id":"0e38941a-538d-47f0-a278-2161ed132863-23456247935296","trial_id":38,"state":3,"values":null,"datetime_complete":"2026-07-27T09:53:44.020840"}
{"op_code":0,"worker_id":"cfe2ff3a-8961-49a1-a9e7-6ebf24b7c472-23456247935296","study_name":"peter_mnist_k3","directions":[2]}
{"op_code":4,"worker_id":"cfe2ff3a-8961-49a1-a9e7-6ebf24b7c472-23456247935296","study_id":0,"datetime_start":"2026-07-27T09:53:44.536324"}
{"op_code":5,"worker_id":"cfe2ff3a-8961-49a1-a9e7-6ebf24b7c472-23456247935296","trial_id":157,"param_name":"lr","param_value_internal":0.004654971791111009,"distribution":"{\"name\": \"FloatDistribution\", \"attributes\": {\"step\": null, \"low\": 1e-08, \"high\": 0.5, \"log\": true}}"}
{"op_code":5,"worker_id":"cfe2ff3a-8961-49a1-a9e7-6ebf24b7c472-23456247935296","trial_id":157,"param_name":"ratio","param_value_internal":0.11463826885363287,"distribution":"{\"name\": \"FloatDistribution\", \"attributes\": {\"step\": null, \"low\": 0.1, \"high\": 100.0, \"log\": true}}"}
{"op_code":6,"worker_id":"d0978ff9-1f4c-4519-b20a-5809d917560e-23456247935296","trial_id":52,"state":3,"values":null,"datetime_complete":"2026-07-27T09:55:03.242738"}
{"op_code":0,"worker_id":"eb8b72b0-435b-4275-8224-0ad05dce0d39-23456247935296","study_name":"peter_mnist_k3","directions":[2]}
{"op_code":4,"worker_id":"eb8b72b0-435b-4275-8224-0ad05dce0d39-23456247935296","study_id":0,"datetime_start":"2026-07-27T09:55:03.405454"}
{"op_code":5,"worker_id":"eb8b72b0-435b-4275-8224-0ad05dce0d39-23456247935296","trial_id":158,"param_name":"lr","param_value_internal":6.490575218866178e-07,"distribution":"{\"name\": \"FloatDistribution\", \"attributes\": {\"step\": null, \"low\": 1e-08, \"high\": 0.5, \"log\": true}}"}
{"op_code":5,"worker_id":"eb8b72b0-435b-4275-8224-0ad05dce0d39-23456247935296","trial_id":158,"param_name":"ratio","param_value_internal":5.058691441383634,"distribution":"{\"name\": \"FloatDistribution\", \"attributes\": {\"step\": null, \"low\": 0.1, \"high\": 100.0, \"log\": true}}"}
{"op_code":6,"worker_id":"efd26e6a-0efd-45a0-91ed-d0a186799b9f-23456247935296","trial_id":13,"state":3,"values":null,"datetime_complete":"2026-07-27T09:56:29.783032"}
{"op_code":0,"worker_id":"0af8d03b-b8e9-4d03-b64c-a009d4f46ded-23456247935296","study_name":"peter_mnist_k3","directions":[2]}
{"op_code":4,"worker_id":"0af8d03b-b8e9-4d03-b64c-a009d4f46ded-23456247935296","study_id":0,"datetime_start":"2026-07-27T09:56:30.555784"}
{"op_code":5,"worker_id":"0af8d03b-b8e9-4d03-b64c-a009d4f46ded-23456247935296","trial_id":159,"param_name":"lr","param_value_internal":2.9621804194130078e-06,"distribution":"{\"name\": \"FloatDistribution\", \"attributes\": {\"step\": null, \"low\": 1e-08, \"high\": 0.5, \"log\": true}}"}
{"op_code":5,"worker_id":"0af8d03b-b8e9-4d03-b64c-a009d4f46ded-23456247935296","trial_id":159,"param_name":"ratio","param_value_internal":1.9984044850708957,"distribution":"{\"name\": \"FloatDistribution\", \"attributes\": {\"step\": null, \"low\": 0.1, \"high\": 100.0, \"log\": true}}"}
{"op_code":6,"worker_id":"d422bb5e-b65b-4a8c-9c77-6775f251d3d4-23456247935296","trial_id":73,"state":3,"values":null,"datetime_complete":"2026-07-27T09:56:59.881763"}
{"op_code":0,"worker_id":"7251f32e-1e45-49ad-b44b-f6d93b30cc8a-23456247935296","study_name":"peter_mnist_k3","directions":[2]}
{"op_code":4,"worker_id":"7251f32e-1e45-49ad-b44b-f6d93b30cc8a-23456247935296","study_id":0,"datetime_start":"2026-07-27T09:56:59.970619"}
{"op_code":5,"worker_id":"7251f32e-1e45-49ad-b44b-f6d93b30cc8a-23456247935296","trial_id":160,"param_name":"lr","param_value_internal":0.020152544138381016,"distribution":"{\"name\": \"FloatDistribution\", \"attributes\": {\"step\": null, \"low\": 1e-08, \"high\": 0.5, \"log\": true}}"}
{"op_code":5,"worker_id":"7251f32e-1e45-49ad-b44b-f6d93b30cc8a-23456247935296","trial_id":160,"param_name":"ratio","param_value_internal":11.478950476192736,"distribution":"{\"name\": \"FloatDistribution\", \"attributes\": {\"step\": null, \"low\": 0.1, \"high\": 100.0, \"log\": true}}"}
{"op_code":6,"worker_id":"9d3cb1fa-bd33-4707-a9d1-31536babdc0f-23456247935296","trial_id":101,"state":3,"values":null,"datetime_complete":"2026-07-27T09:59:48.587030"}
{"op_code":0,"worker_id":"ce038dc7-acb5-4341-a4da-c3214bfcf290-23456247935296","study_name":"peter_mnist_k3","directions":[2]}
{"op_code":4,"worker_id":"ce038dc7-acb5-4341-a4da-c3214bfcf290-23456247935296","study_id":0,"datetime_start":"2026-07-27T09:59:48.695092"}
{"op_code":5,"worker_id":"ce038dc7-acb5-4341-a4da-c3214bfcf290-23456247935296","trial_id":161,"param_name":"lr","param_value_internal":0.000944710765592047,"distribution":"{\"name\": \"FloatDistribution\", \"attributes\": {\"step\": null, \"low\": 1e-08, \"high\": 0.5, \"log\": true}}"}
{"op_code":5,"worker_id":"ce038dc7-acb5-4341-a4da-c3214bfcf290-23456247935296","trial_id":161,"param_name":"ratio","param_value_internal":11.165967285131776,"distribution":"{\"name\": \"FloatDistribution\", \"attributes\": {\"step\": null, \"low\": 0.1, \"high\": 100.0, \"log\": true}}"}
{"op_code":6,"worker_id":"2a6856c7-bbf8-44db-8b8b-a407925abb51-23456247935296","trial_id":103,"state":3,"values":null,"datetime_complete":"2026-07-27T10:00:11.965741"}
{"op_code":0,"worker_id":"19c5acde-d703-4623-b5da-e148141797f7-23456247935296","study_name":"peter_mnist_k3","directions":[2]}
{"op_code":4,"worker_id":"19c5acde-d703-4623-b5da-e148141797f7-23456247935296","study_id":0,"datetime_start":"2026-07-27T10:00:12.008164"}
{"op_code":5,"worker_id":"19c5acde-d703-4623-b5da-e148141797f7-23456247935296","trial_id":162,"param_name":"lr","param_value_internal":8.234467679728225e-08,"distribution":"{\"name\": \"FloatDistribution\", \"attributes\": {\"step\": null, \"low\": 1e-08, \"high\": 0.5, \"log\": true}}"}
{"op_code":5,"worker_id":"19c5acde-d703-4623-b5da-e148141797f7-23456247935296","trial_id":162,"param_name":"ratio","param_value_internal":2.3322784844510616,"distribution":"{\"name\": \"FloatDistribution\", \"attributes\": {\"step\": null, \"low\": 0.1, \"high\": 100.0, \"log\": true}}"}
{"op_code":6,"worker_id":"9c770526-0270-41dc-ae47-1d99cc14095c-23456247935296","trial_id":102,"state":3,"values":null,"datetime_complete":"2026-07-27T10:00:43.832577"}
{"op_code":0,"worker_id":"89f3476f-d3d1-4b74-9e3a-5ee5c587ce24-23456247935296","study_name":"peter_mnist_k3","directions":[2]}
{"op_code":4,"worker_id":"89f3476f-d3d1-4b74-9e3a-5ee5c587ce24-23456247935296","study_id":0,"datetime_start":"2026-07-27T10:00:43.898807"}
{"op_code":5,"worker_id":"89f3476f-d3d1-4b74-9e3a-5ee5c587ce24-23456247935296","trial_id":163,"param_name":"lr","param_value_internal":5.464696607597733e-07,"distribution":"{\"name\": \"FloatDistribution\", \"attributes\": {\"step\": null, \"low\": 1e-08, \"high\": 0.5, \"log\": true}}"}
{"op_code":5,"worker_id":"89f3476f-d3d1-4b74-9e3a-5ee5c587ce24-23456247935296","trial_id":163,"param_name":"ratio","param_value_internal":0.13427298410340457,"distribution":"{\"name\": \"FloatDistribution\", \"attributes\": {\"step\": null, \"low\": 0.1, \"high\": 100.0, \"log\": true}}"}
{"op_code":6,"worker_id":"e6292f3e-52dc-478c-9862-feb1dd59bff1-23456247935296","trial_id":108,"state":3,"values":null,"datetime_complete":"2026-07-27T10:00:52.657833"}
{"op_code":0,"worker_id":"9c93d38f-560c-403e-8347-73d9181af2d8-23456247935296","study_name":"peter_mnist_k3","directions":[2]}
{"op_code":4,"worker_id":"9c93d38f-560c-403e-8347-73d9181af2d8-23456247935296","study_id":0,"datetime_start":"2026-07-27T10:00:52.710116"}
{"op_code":5,"worker_id":"9c93d38f-560c-403e-8347-73d9181af2d8-23456247935296","trial_id":164,"param_name":"lr","param_value_internal":9.257911734892699e-08,"distribution":"{\"name\": \"FloatDistribution\", \"attributes\": {\"step\": null, \"low\": 1e-08, \"high\": 0.5, \"log\": true}}"}
{"op_code":5,"worker_id":"9c93d38f-560c-403e-8347-73d9181af2d8-23456247935296","trial_id":164,"param_name":"ratio","param_value_internal":35.96687854701378,"distribution":"{\"name\": \"FloatDistribution\", \"attributes\": {\"step\": null, \"low\": 0.1, \"high\": 100.0, \"log\": true}}"}
{"op_code":6,"worker_id":"018edf01-f097-454c-8386-d537ac1595c7-23456247935296","trial_id":106,"state":3,"values":null,"datetime_complete":"2026-07-27T10:00:53.221292"}
{"op_code":0,"worker_id":"682098a1-ede0-45bf-957d-58406e38e5a8-23456247935296","study_name":"peter_mnist_k3","directions":[2]}
{"op_code":4,"worker_id":"682098a1-ede0-45bf-957d-58406e38e5a8-23456247935296","study_id":0,"datetime_start":"2026-07-27T10:00:53.270026"}
{"op_code":5,"worker_id":"682098a1-ede0-45bf-957d-58406e38e5a8-23456247935296","trial_id":165,"param_name":"lr","param_value_internal":1.9852818477551203e-06,"distribution":"{\"name\": \"FloatDistribution\", \"attributes\": {\"step\": null, \"low\": 1e-08, \"high\": 0.5, \"log\": true}}"}
{"op_code":5,"worker_id":"682098a1-ede0-45bf-957d-58406e38e5a8-23456247935296","trial_id":165,"param_name":"ratio","param_value_internal":0.8910021737985903,"distribution":"{\"name\": \"FloatDistribution\", \"attributes\": {\"step\": null, \"low\": 0.1, \"high\": 100.0, \"log\": true}}"}
{"op_code":6,"worker_id":"7529b4de-6a9e-433b-aa32-1e97f63f54c1-23456247935296","trial_id":104,"state":3,"values":null,"datetime_complete":"2026-07-27T10:01:21.058502"}
{"op_code":0,"worker_id":"58422f5c-1d1d-43a5-8838-626806a99a53-23456247935296","study_name":"peter_mnist_k3","directions":[2]}
{"op_code":4,"worker_id":"58422f5c-1d1d-43a5-8838-626806a99a53-23456247935296","study_id":0,"datetime_start":"2026-07-27T10:01:21.128623"}
{"op_code":5,"worker_id":"58422f5c-1d1d-43a5-8838-626806a99a53-23456247935296","trial_id":166,"param_name":"lr","param_value_internal":0.09172643849782529,"distribution":"{\"name\": \"FloatDistribution\", \"attributes\": {\"step\": null, \"low\": 1e-08, \"high\": 0.5, \"log\": true}}"}
{"op_code":5,"worker_id":"58422f5c-1d1d-43a5-8838-626806a99a53-23456247935296","trial_id":166,"param_name":"ratio","param_value_internal":0.24772317220268522,"distribution":"{\"name\": \"FloatDistribution\", \"attributes\": {\"step\": null, \"low\": 0.1, \"high\": 100.0, \"log\": true}}"}
{"op_code":6,"worker_id":"696c183f-86a9-4ffe-981d-c340d3a9454d-23456247935296","trial_id":105,"state":3,"values":null,"datetime_complete":"2026-07-27T10:01:50.715741"}
{"op_code":0,"worker_id":"716bc3e0-c6b5-4800-8b50-2d77292c88a7-23456247935296","study_name":"peter_mnist_k3","directions":[2]}
{"op_code":4,"worker_id":"716bc3e0-c6b5-4800-8b50-2d77292c88a7-23456247935296","study_id":0,"datetime_start":"2026-07-27T10:01:50.770702"}
{"op_code":5,"worker_id":"716bc3e0-c6b5-4800-8b50-2d77292c88a7-23456247935296","trial_id":167,"param_name":"lr","param_value_internal":2.864173345858978e-06,"distribution":"{\"name\": \"FloatDistribution\", \"attributes\": {\"step\": null, \"low\": 1e-08, \"high\": 0.5, \"log\": true}}"}
{"op_code":5,"worker_id":"716bc3e0-c6b5-4800-8b50-2d77292c88a7-23456247935296","trial_id":167,"param_name":"ratio","param_value_internal":34.279723733330144,"distribution":"{\"name\": \"FloatDistribution\", \"attributes\": {\"step\": null, \"low\": 0.1, \"high\": 100.0, \"log\": true}}"}
{"op_code":6,"worker_id":"16009eb2-d7a6-4636-a617-c6c7bf59d1a5-23456247935296","trial_id":21,"state":3,"values":null,"datetime_complete":"2026-07-27T10:01:51.675406"}
{"op_code":0,"worker_id":"59a39f8d-026a-45ba-b580-a2d110b8baa4-23456247935296","study_name":"peter_mnist_k3","directions":[2]}
{"op_code":4,"worker_id":"59a39f8d-026a-45ba-b580-a2d110b8baa4-23456247935296","study_id":0,"datetime_start":"2026-07-27T10:01:51.735617"}
{"op_code":5,"worker_id":"59a39f8d-026a-45ba-b580-a2d110b8baa4-23456247935296","trial_id":168,"param_name":"lr","param_value_internal":0.022766550362177344,"distribution":"{\"name\": \"FloatDistribution\", \"attributes\": {\"step\": null, \"low\": 1e-08, \"high\": 0.5, \"log\": true}}"}
{"op_code":5,"worker_id":"59a39f8d-026a-45ba-b580-a2d110b8baa4-23456247935296","trial_id":168,"param_name":"ratio","param_value_internal":13.223996073668054,"distribution":"{\"name\": \"FloatDistribution\", \"attributes\": {\"step\": null, \"low\": 0.1, \"high\": 100.0, \"log\": true}}"}
{"op_code":6,"worker_id":"6f01e2c6-670f-48f6-b070-8f86dce0f366-23456247935296","trial_id":63,"state":3,"values":null,"datetime_complete":"2026-07-27T10:01:55.055237"}
{"op_code":0,"worker_id":"23b3d2b3-7a93-4c19-9477-01dccef8db2a-23456247935296","study_name":"peter_mnist_k3","directions":[2]}
{"op_code":4,"worker_id":"23b3d2b3-7a93-4c19-9477-01dccef8db2a-23456247935296","study_id":0,"datetime_start":"2026-07-27T10:01:55.199354"}
{"op_code":5,"worker_id":"23b3d2b3-7a93-4c19-9477-01dccef8db2a-23456247935296","trial_id":169,"param_name":"lr","param_value_internal":2.2666232031696994e-07,"distribution":"{\"name\": \"FloatDistribution\", \"attributes\": {\"step\": null, \"low\": 1e-08, \"high\": 0.5, \"log\": true}}"}
{"op_code":5,"worker_id":"23b3d2b3-7a93-4c19-9477-01dccef8db2a-23456247935296","trial_id":169,"param_name":"ratio","param_value_internal":2.0864681159838123,"distribution":"{\"name\": \"FloatDistribution\", \"attributes\": {\"step\": null, \"low\": 0.1, \"high\": 100.0, \"log\": true}}"}
{"op_code":6,"worker_id":"be123a2c-982b-4a6b-8bae-0a3d565cc824-23456247935296","trial_id":43,"state":3,"values":null,"datetime_complete":"2026-07-27T10:02:04.281650"}
{"op_code":0,"worker_id":"27c241a5-bb2d-4d04-b2cc-3cf82fd78b49-23456247935296","study_name":"peter_mnist_k3","directions":[2]}
{"op_code":4,"worker_id":"27c241a5-bb2d-4d04-b2cc-3cf82fd78b49-23456247935296","study_id":0,"datetime_start":"2026-07-27T10:02:04.445511"}
{"op_code":5,"worker_id":"27c241a5-bb2d-4d04-b2cc-3cf82fd78b49-23456247935296","trial_id":170,"param_name":"lr","param_value_internal":2.3894361340169925e-05,"distribution":"{\"name\": \"FloatDistribution\", \"attributes\": {\"step\": null, \"low\": 1e-08, \"high\": 0.5, \"log\": true}}"}
{"op_code":5,"worker_id":"27c241a5-bb2d-4d04-b2cc-3cf82fd78b49-23456247935296","trial_id":170,"param_name":"ratio","param_value_internal":2.202382708808201,"distribution":"{\"name\": \"FloatDistribution\", \"attributes\": {\"step\": null, \"low\": 0.1, \"high\": 100.0, \"log\": true}}"}
{"op_code":6,"worker_id":"818872cb-02ab-487c-ac12-65c007daf7bf-23456247935296","trial_id":113,"state":3,"values":null,"datetime_complete":"2026-07-27T10:02:09.056340"}
{"op_code":0,"worker_id":"d2b864dc-8c1d-4f95-b6b1-0019b691d388-23456247935296","study_name":"peter_mnist_k3","directions":[2]}
{"op_code":4,"worker_id":"d2b864dc-8c1d-4f95-b6b1-0019b691d388-23456247935296","study_id":0,"datetime_start":"2026-07-27T10:02:09.126525"}
{"op_code":5,"worker_id":"d2b864dc-8c1d-4f95-b6b1-0019b691d388-23456247935296","trial_id":171,"param_name":"lr","param_value_internal":0.0022952404095453434,"distribution":"{\"name\": \"FloatDistribution\", \"attributes\": {\"step\": null, \"low\": 1e-08, \"high\": 0.5, \"log\": true}}"}
{"op_code":5,"worker_id":"d2b864dc-8c1d-4f95-b6b1-0019b691d388-23456247935296","trial_id":171,"param_name":"ratio","param_value_internal":14.541226970026944,"distribution":"{\"name\": \"FloatDistribution\", \"attributes\": {\"step\": null, \"low\": 0.1, \"high\": 100.0, \"log\": true}}"}
{"op_code":6,"worker_id":"58453a7d-afc4-460e-9047-f2b3e8aca458-23456247935296","trial_id":116,"state":3,"values":null,"datetime_complete":"2026-07-27T10:02:26.208887"}
{"op_code":0,"worker_id":"354bf885-02f9-49cf-92eb-89a5bd1eadb0-23456247935296","study_name":"peter_mnist_k3","directions":[2]}
{"op_code":4,"worker_id":"354bf885-02f9-49cf-92eb-89a5bd1eadb0-23456247935296","study_id":0,"datetime_start":"2026-07-27T10:02:26.269081"}
{"op_code":5,"worker_id":"354bf885-02f9-49cf-92eb-89a5bd1eadb0-23456247935296","trial_id":172,"param_name":"lr","param_value_internal":4.899481219220959e-07,"distribution":"{\"name\": \"FloatDistribution\", \"attributes\": {\"step\": null, \"low\": 1e-08, \"high\": 0.5, \"log\": true}}"}
{"op_code":5,"worker_id":"354bf885-02f9-49cf-92eb-89a5bd1eadb0-23456247935296","trial_id":172,"param_name":"ratio","param_value_internal":31.954472228204295,"distribution":"{\"name\": \"FloatDistribution\", \"attributes\": {\"step\": null, \"low\": 0.1, \"high\": 100.0, \"log\": true}}"}
{"op_code":6,"worker_id":"2b1999f0-2cf3-4fe5-8a01-2af39a72a0df-23456247935296","trial_id":109,"state":3,"values":null,"datetime_complete":"2026-07-27T10:02:42.380566"}
{"op_code":0,"worker_id":"c2fa937b-aeef-42f0-9d06-ea544e0aeece-23456247935296","study_name":"peter_mnist_k3","directions":[2]}
{"op_code":4,"worker_id":"c2fa937b-aeef-42f0-9d06-ea544e0aeece-23456247935296","study_id":0,"datetime_start":"2026-07-27T10:02:42.407736"}
{"op_code":5,"worker_id":"c2fa937b-aeef-42f0-9d06-ea544e0aeece-23456247935296","trial_id":173,"param_name":"lr","param_value_internal":0.0002784726728828395,"distribution":"{\"name\": \"FloatDistribution\", \"attributes\": {\"step\": null, \"low\": 1e-08, \"high\": 0.5, \"log\": true}}"}
{"op_code":5,"worker_id":"c2fa937b-aeef-42f0-9d06-ea544e0aeece-23456247935296","trial_id":173,"param_name":"ratio","param_value_internal":0.5829992449019832,"distribution":"{\"name\": \"FloatDistribution\", \"attributes\": {\"step\": null, \"low\": 0.1, \"high\": 100.0, \"log\": true}}"}
{"op_code":6,"worker_id":"8c807ba6-df74-4404-b322-71de3a8bd983-23456247935296","trial_id":93,"state":3,"values":null,"datetime_complete":"2026-07-27T10:02:50.686893"}
{"op_code":0,"worker_id":"9d278f9d-e9ae-4ab8-907d-0a3ed54110e0-23456247935296","study_name":"peter_mnist_k3","directions":[2]}
{"op_code":4,"worker_id":"9d278f9d-e9ae-4ab8-907d-0a3ed54110e0-23456247935296","study_id":0,"datetime_start":"2026-07-27T10:02:50.864793"}
{"op_code":5,"worker_id":"9d278f9d-e9ae-4ab8-907d-0a3ed54110e0-23456247935296","trial_id":174,"param_name":"lr","param_value_internal":0.0046489603826080205,"distribution":"{\"name\": \"FloatDistribution\", \"attributes\": {\"step\": null, \"low\": 1e-08, \"high\": 0.5, \"log\": true}}"}
{"op_code":5,"worker_id":"9d278f9d-e9ae-4ab8-907d-0a3ed54110e0-23456247935296","trial_id":174,"param_name":"ratio","param_value_internal":79.21633420078955,"distribution":"{\"name\": \"FloatDistribution\", \"attributes\": {\"step\": null, \"low\": 0.1, \"high\": 100.0, \"log\": true}}"}
{"op_code":6,"worker_id":"d40eefe3-6463-4815-a853-ac02ceae244b-23456247935296","trial_id":111,"state":3,"values":null,"datetime_complete":"2026-07-27T10:03:01.970815"}
{"op_code":0,"worker_id":"d83fc333-c912-4969-a99e-e40d2618991d-23456247935296","study_name":"peter_mnist_k3","directions":[2]}
{"op_code":4,"worker_id":"d83fc333-c912-4969-a99e-e40d2618991d-23456247935296","study_id":0,"datetime_start":"2026-07-27T10:03:02.015417"}
{"op_code":5,"worker_id":"d83fc333-c912-4969-a99e-e40d2618991d-23456247935296","trial_id":175,"param_name":"lr","param_value_internal":1.743641971591471e-07,"distribution":"{\"name\": \"FloatDistribution\", \"attributes\": {\"step\": null, \"low\": 1e-08, \"high\": 0.5, \"log\": true}}"}
{"op_code":5,"worker_id":"d83fc333-c912-4969-a99e-e40d2618991d-23456247935296","trial_id":175,"param_name":"ratio","param_value_internal":8.971113729948259,"distribution":"{\"name\": \"FloatDistribution\", \"attributes\": {\"step\": null, \"low\": 0.1, \"high\": 100.0, \"log\": true}}"}
{"op_code":6,"worker_id":"4b01f9c9-8d5b-43c3-a324-6c628d5495c2-23456247935296","trial_id":121,"state":3,"values":null,"datetime_complete":"2026-07-27T10:05:54.045565"}
{"op_code":0,"worker_id":"9a9d6a9a-fc28-4ae2-a63f-d0ffd4e77b2b-23456247935296","study_name":"peter_mnist_k3","directions":[2]}
{"op_code":4,"worker_id":"9a9d6a9a-fc28-4ae2-a63f-d0ffd4e77b2b-23456247935296","study_id":0,"datetime_start":"2026-07-27T10:05:54.118998"}
{"op_code":5,"worker_id":"9a9d6a9a-fc28-4ae2-a63f-d0ffd4e77b2b-23456247935296","trial_id":176,"param_name":"lr","param_value_internal":0.3116945213650313,"distribution":"{\"name\": \"FloatDistribution\", \"attributes\": {\"step\": null, \"low\": 1e-08, \"high\": 0.5, \"log\": true}}"}
{"op_code":5,"worker_id":"9a9d6a9a-fc28-4ae2-a63f-d0ffd4e77b2b-23456247935296","trial_id":176,"param_name":"ratio","param_value_internal":0.5382012695543896,"distribution":"{\"name\": \"FloatDistribution\", \"attributes\": {\"step\": null, \"low\": 0.1, \"high\": 100.0, \"log\": true}}"}
{"op_code":6,"worker_id":"ff8f7b30-a2cd-4edc-84db-e4ad29431a93-23456247935296","trial_id":115,"state":3,"values":null,"datetime_complete":"2026-07-27T10:06:29.053194"}
{"op_code":0,"worker_id":"916cc1fe-6ea5-4fdb-98a2-bfb6d67f7650-23456247935296","study_name":"peter_mnist_k3","directions":[2]}
{"op_code":4,"worker_id":"916cc1fe-6ea5-4fdb-98a2-bfb6d67f7650-23456247935296","study_id":0,"datetime_start":"2026-07-27T10:06:29.120931"}
{"op_code":5,"worker_id":"916cc1fe-6ea5-4fdb-98a2-bfb6d67f7650-23456247935296","trial_id":177,"param_name":"lr","param_value_internal":0.012321854575991338,"distribution":"{\"name\": \"FloatDistribution\", \"attributes\": {\"step\": null, \"low\": 1e-08, \"high\": 0.5, \"log\": true}}"}
{"op_code":5,"worker_id":"916cc1fe-6ea5-4fdb-98a2-bfb6d67f7650-23456247935296","trial_id":177,"param_name":"ratio","param_value_internal":3.950258543765861,"distribution":"{\"name\": \"FloatDistribution\", \"attributes\": {\"step\": null, \"low\": 0.1, \"high\": 100.0, \"log\": true}}"}
{"op_code":6,"worker_id":"db7ee4f5-2d22-480e-9dfd-9ac7ea749e2b-23456247935296","trial_id":142,"state":3,"values":null,"datetime_complete":"2026-07-27T10:06:45.307471"}
{"op_code":0,"worker_id":"b840ffd3-3d44-4367-91d7-43d6fbd5a528-23456247935296","study_name":"peter_mnist_k3","directions":[2]}
{"op_code":4,"worker_id":"b840ffd3-3d44-4367-91d7-43d6fbd5a528-23456247935296","study_id":0,"datetime_start":"2026-07-27T10:06:45.355081"}
{"op_code":5,"worker_id":"b840ffd3-3d44-4367-91d7-43d6fbd5a528-23456247935296","trial_id":178,"param_name":"lr","param_value_internal":4.326208344963649e-05,"distribution":"{\"name\": \"FloatDistribution\", \"attributes\": {\"step\": null, \"low\": 1e-08, \"high\": 0.5, \"log\": true}}"}
{"op_code":5,"worker_id":"b840ffd3-3d44-4367-91d7-43d6fbd5a528-23456247935296","trial_id":178,"param_name":"ratio","param_value_internal":0.42560712980425086,"distribution":"{\"name\": \"FloatDistribution\", \"attributes\": {\"step\": null, \"low\": 0.1, \"high\": 100.0, \"log\": true}}"}
{"op_code":6,"worker_id":"699a455d-1ff1-45ee-8d11-c8b6692501da-23456247935296","trial_id":124,"state":3,"values":null,"datetime_complete":"2026-07-27T10:07:08.511300"}
{"op_code":0,"worker_id":"06d153e9-7edd-4c28-8190-6b73a90d7601-23456247935296","study_name":"peter_mnist_k3","directions":[2]}
{"op_code":4,"worker_id":"06d153e9-7edd-4c28-8190-6b73a90d7601-23456247935296","study_id":0,"datetime_start":"2026-07-27T10:07:08.582595"}
{"op_code":5,"worker_id":"06d153e9-7edd-4c28-8190-6b73a90d7601-23456247935296","trial_id":179,"param_name":"lr","param_value_internal":4.336835205407119e-05,"distribution":"{\"name\": \"FloatDistribution\", \"attributes\": {\"step\": null, \"low\": 1e-08, \"high\": 0.5, \"log\": true}}"}
{"op_code":5,"worker_id":"06d153e9-7edd-4c28-8190-6b73a90d7601-23456247935296","trial_id":179,"param_name":"ratio","param_value_internal":1.7358496894794793,"distribution":"{\"name\": \"FloatDistribution\", \"attributes\": {\"step\": null, \"low\": 0.1, \"high\": 100.0, \"log\": true}}"}
{"op_code":6,"worker_id":"b8f6bdd3-2d77-49ff-83fc-c35b322d87d6-23456247935296","trial_id":100,"state":3,"values":null,"datetime_complete":"2026-07-27T10:07:56.331654"}
{"op_code":0,"worker_id":"06bb9611-a7a8-41da-9c16-215c6df8e2a7-23456247935296","study_name":"peter_mnist_k3","directions":[2]}
{"op_code":4,"worker_id":"06bb9611-a7a8-41da-9c16-215c6df8e2a7-23456247935296","study_id":0,"datetime_start":"2026-07-27T10:07:56.372437"}
{"op_code":5,"worker_id":"06bb9611-a7a8-41da-9c16-215c6df8e2a7-23456247935296","trial_id":180,"param_name":"lr","param_value_internal":0.00022238320181074337,"distribution":"{\"name\": \"FloatDistribution\", \"attributes\": {\"step\": null, \"low\": 1e-08, \"high\": 0.5, \"log\": true}}"}
{"op_code":5,"worker_id":"06bb9611-a7a8-41da-9c16-215c6df8e2a7-23456247935296","trial_id":180,"param_name":"ratio","param_value_internal":0.38461947929621954,"distribution":"{\"name\": \"FloatDistribution\", \"attributes\": {\"step\": null, \"low\": 0.1, \"high\": 100.0, \"log\": true}}"}
{"op_code":6,"worker_id":"033d1507-11fd-4d4d-a116-aa8b58251121-23456247935296","trial_id":123,"state":3,"values":null,"datetime_complete":"2026-07-27T10:08:29.997223"}
{"op_code":0,"worker_id":"88adf763-4ca3-49c8-88cd-4c841801bb45-23456247935296","study_name":"peter_mnist_k3","directions":[2]}
{"op_code":4,"worker_id":"88adf763-4ca3-49c8-88cd-4c841801bb45-23456247935296","study_id":0,"datetime_start":"2026-07-27T10:08:30.039540"}
{"op_code":5,"worker_id":"88adf763-4ca3-49c8-88cd-4c841801bb45-23456247935296","trial_id":181,"param_name":"lr","param_value_internal":0.23011902738633672,"distribution":"{\"name\": \"FloatDistribution\", \"attributes\": {\"step\": null, \"low\": 1e-08, \"high\": 0.5, \"log\": true}}"}
{"op_code":5,"worker_id":"88adf763-4ca3-49c8-88cd-4c841801bb45-23456247935296","trial_id":181,"param_name":"ratio","param_value_internal":7.2637299756050275,"distribution":"{\"name\": \"FloatDistribution\", \"attributes\": {\"step\": null, \"low\": 0.1, \"high\": 100.0, \"log\": true}}"}
{"op_code":6,"worker_id":"99b13a98-ef86-4053-9b58-117656348877-23456247935296","trial_id":125,"state":3,"values":null,"datetime_complete":"2026-07-27T10:08:32.830515"}
{"op_code":0,"worker_id":"df232fa2-d58d-4d21-8995-c8e41ffc154f-23456247935296","study_name":"peter_mnist_k3","directions":[2]}
{"op_code":4,"worker_id":"df232fa2-d58d-4d21-8995-c8e41ffc154f-23456247935296","study_id":0,"datetime_start":"2026-07-27T10:08:32.869696"}
{"op_code":5,"worker_id":"df232fa2-d58d-4d21-8995-c8e41ffc154f-23456247935296","trial_id":182,"param_name":"lr","param_value_internal":1.0722028831569064e-06,"distribution":"{\"name\": \"FloatDistribution\", \"attributes\": {\"step\": null, \"low\": 1e-08, \"high\": 0.5, \"log\": true}}"}
{"op_code":5,"worker_id":"df232fa2-d58d-4d21-8995-c8e41ffc154f-23456247935296","trial_id":182,"param_name":"ratio","param_value_internal":28.952598368072852,"distribution":"{\"name\": \"FloatDistribution\", \"attributes\": {\"step\": null, \"low\": 0.1, \"high\": 100.0, \"log\": true}}"}
{"op_code":6,"worker_id":"a1565595-94d1-4f0f-a3b9-1cdea66dec0f-23456247935296","trial_id":129,"state":3,"values":null,"datetime_complete":"2026-07-27T10:08:34.348912"}
{"op_code":0,"worker_id":"3b61c66b-db2b-4750-bd73-23029889f4d3-23456247935296","study_name":"peter_mnist_k3","directions":[2]}
{"op_code":4,"worker_id":"3b61c66b-db2b-4750-bd73-23029889f4d3-23456247935296","study_id":0,"datetime_start":"2026-07-27T10:08:34.376579"}
{"op_code":5,"worker_id":"3b61c66b-db2b-4750-bd73-23029889f4d3-23456247935296","trial_id":183,"param_name":"lr","param_value_internal":0.025484695829141236,"distribution":"{\"name\": \"FloatDistribution\", \"attributes\": {\"step\": null, \"low\": 1e-08, \"high\": 0.5, \"log\": true}}"}
{"op_code":5,"worker_id":"3b61c66b-db2b-4750-bd73-23029889f4d3-23456247935296","trial_id":183,"param_name":"ratio","param_value_internal":0.8866587165000679,"distribution":"{\"name\": \"FloatDistribution\", \"attributes\": {\"step\": null, \"low\": 0.1, \"high\": 100.0, \"log\": true}}"}
{"op_code":6,"worker_id":"d66ce7a0-a9ed-418b-8ec8-3800a3015598-23456247935296","trial_id":128,"state":3,"values":null,"datetime_complete":"2026-07-27T10:08:51.989494"}
{"op_code":0,"worker_id":"6898bb9d-16ee-443e-b027-7d06a7eda589-23456247935296","study_name":"peter_mnist_k3","directions":[2]}
{"op_code":4,"worker_id":"6898bb9d-16ee-443e-b027-7d06a7eda589-23456247935296","study_id":0,"datetime_start":"2026-07-27T10:08:52.049245"}
{"op_code":5,"worker_id":"6898bb9d-16ee-443e-b027-7d06a7eda589-23456247935296","trial_id":184,"param_name":"lr","param_value_internal":3.446315272930467e-07,"distribution":"{\"name\": \"FloatDistribution\", \"attributes\": {\"step\": null, \"low\": 1e-08, \"high\": 0.5, \"log\": true}}"}
{"op_code":5,"worker_id":"6898bb9d-16ee-443e-b027-7d06a7eda589-23456247935296","trial_id":184,"param_name":"ratio","param_value_internal":45.84424651372694,"distribution":"{\"name\": \"FloatDistribution\", \"attributes\": {\"step\": null, \"low\": 0.1, \"high\": 100.0, \"log\": true}}"}
{"op_code":6,"worker_id":"ae778431-6aeb-46c6-9741-90a5b69c271a-23456247935296","trial_id":133,"state":3,"values":null,"datetime_complete":"2026-07-27T10:08:53.686440"}
{"op_code":0,"worker_id":"1082d7cb-e47a-4163-ae1c-a1fe231bd1f8-23456247935296","study_name":"peter_mnist_k3","directions":[2]}
{"op_code":4,"worker_id":"1082d7cb-e47a-4163-ae1c-a1fe231bd1f8-23456247935296","study_id":0,"datetime_start":"2026-07-27T10:08:53.715004"}
{"op_code":5,"worker_id":"1082d7cb-e47a-4163-ae1c-a1fe231bd1f8-23456247935296","trial_id":185,"param_name":"lr","param_value_internal":3.459188504073465e-05,"distribution":"{\"name\": \"FloatDistribution\", \"attributes\": {\"step\": null, \"low\": 1e-08, \"high\": 0.5, \"log\": true}}"}
{"op_code":5,"worker_id":"1082d7cb-e47a-4163-ae1c-a1fe231bd1f8-23456247935296","trial_id":185,"param_name":"ratio","param_value_internal":4.187044345434975,"distribution":"{\"name\": \"FloatDistribution\", \"attributes\": {\"step\": null, \"low\": 0.1, \"high\": 100.0, \"log\": true}}"}
{"op_code":6,"worker_id":"bb238d4c-20f5-44f9-af6a-1c8e0417f39a-23456247935296","trial_id":138,"state":3,"values":null,"datetime_complete":"2026-07-27T10:08:54.735286"}
{"op_code":0,"worker_id":"6f299a5b-92bf-4490-8aa0-030039a6312c-23456247935296","study_name":"peter_mnist_k3","directions":[2]}
{"op_code":4,"worker_id":"6f299a5b-92bf-4490-8aa0-030039a6312c-23456247935296","study_id":0,"datetime_start":"2026-07-27T10:08:54.792688"}
{"op_code":5,"worker_id":"6f299a5b-92bf-4490-8aa0-030039a6312c-23456247935296","trial_id":186,"param_name":"lr","param_value_internal":4.69824683349848e-05,"distribution":"{\"name\": \"FloatDistribution\", \"attributes\": {\"step\": null, \"low\": 1e-08, \"high\": 0.5, \"log\": true}}"}
{"op_code":5,"worker_id":"6f299a5b-92bf-4490-8aa0-030039a6312c-23456247935296","trial_id":186,"param_name":"ratio","param_value_internal":0.4418493430309394,"distribution":"{\"name\": \"FloatDistribution\", \"attributes\": {\"step\": null, \"low\": 0.1, \"high\": 100.0, \"log\": true}}"}
{"op_code":6,"worker_id":"21261155-b02d-41b9-b091-c995a95f5c6d-23456247935296","trial_id":134,"state":3,"values":null,"datetime_complete":"2026-07-27T10:09:06.661897"}
{"op_code":0,"worker_id":"7c26a4db-60f7-41d7-b2bb-8b401fcc69e3-23456247935296","study_name":"peter_mnist_k3","directions":[2]}
{"op_code":4,"worker_id":"7c26a4db-60f7-41d7-b2bb-8b401fcc69e3-23456247935296","study_id":0,"datetime_start":"2026-07-27T10:09:06.765893"}
{"op_code":5,"worker_id":"7c26a4db-60f7-41d7-b2bb-8b401fcc69e3-23456247935296","trial_id":187,"param_name":"lr","param_value_internal":6.884979692754901e-05,"distribution":"{\"name\": \"FloatDistribution\", \"attributes\": {\"step\": null, \"low\": 1e-08, \"high\": 0.5, \"log\": true}}"}
{"op_code":5,"worker_id":"7c26a4db-60f7-41d7-b2bb-8b401fcc69e3-23456247935296","trial_id":187,"param_name":"ratio","param_value_internal":6.192179742299739,"distribution":"{\"name\": \"FloatDistribution\", \"attributes\": {\"step\": null, \"low\": 0.1, \"high\": 100.0, \"log\": true}}"}
{"op_code":6,"worker_id":"d31f5497-2768-4d09-ae65-d68082fcd083-23456247935296","trial_id":131,"state":3,"values":null,"datetime_complete":"2026-07-27T10:09:15.348389"}
{"op_code":0,"worker_id":"b3ab114b-dad0-404b-9513-ef29064053ed-23456247935296","study_name":"peter_mnist_k3","directions":[2]}
{"op_code":4,"worker_id":"b3ab114b-dad0-404b-9513-ef29064053ed-23456247935296","study_id":0,"datetime_start":"2026-07-27T10:09:15.412962"}
{"op_code":5,"worker_id":"b3ab114b-dad0-404b-9513-ef29064053ed-23456247935296","trial_id":188,"param_name":"lr","param_value_internal":0.1749023584447388,"distribution":"{\"name\": \"FloatDistribution\", \"attributes\": {\"step\": null, \"low\": 1e-08, \"high\": 0.5, \"log\": true}}"}
{"op_code":5,"worker_id":"b3ab114b-dad0-404b-9513-ef29064053ed-23456247935296","trial_id":188,"param_name":"ratio","param_value_internal":26.904471051480915,"distribution":"{\"name\": \"FloatDistribution\", \"attributes\": {\"step\": null, \"low\": 0.1, \"high\": 100.0, \"log\": true}}"}
{"op_code":6,"worker_id":"5a4717c6-efb3-481f-a200-88ce8a17831b-23456247935296","trial_id":127,"state":3,"values":null,"datetime_complete":"2026-07-27T10:09:17.681109"}
{"op_code":0,"worker_id":"f2ba694c-eb8b-42a2-9b0b-48b622e4563f-23456247935296","study_name":"peter_mnist_k3","directions":[2]}
{"op_code":4,"worker_id":"f2ba694c-eb8b-42a2-9b0b-48b622e4563f-23456247935296","study_id":0,"datetime_start":"2026-07-27T10:09:17.732622"}
{"op_code":5,"worker_id":"f2ba694c-eb8b-42a2-9b0b-48b622e4563f-23456247935296","trial_id":189,"param_name":"lr","param_value_internal":4.473797825152106e-06,"distribution":"{\"name\": \"FloatDistribution\", \"attributes\": {\"step\": null, \"low\": 1e-08, \"high\": 0.5, \"log\": true}}"}
{"op_code":5,"worker_id":"f2ba694c-eb8b-42a2-9b0b-48b622e4563f-23456247935296","trial_id":189,"param_name":"ratio","param_value_internal":7.562788446262988,"distribution":"{\"name\": \"FloatDistribution\", \"attributes\": {\"step\": null, \"low\": 0.1, \"high\": 100.0, \"log\": true}}"}
{"op_code":6,"worker_id":"ea4c26a5-ec60-4527-bce2-aedccf6a6324-23456247935296","trial_id":144,"state":3,"values":null,"datetime_complete":"2026-07-27T10:09:33.411889"}
{"op_code":0,"worker_id":"69863932-8f0e-49cd-8c27-48ec9654956a-23456247935296","study_name":"peter_mnist_k3","directions":[2]}
{"op_code":4,"worker_id":"69863932-8f0e-49cd-8c27-48ec9654956a-23456247935296","study_id":0,"datetime_start":"2026-07-27T10:09:33.503533"}
{"op_code":5,"worker_id":"69863932-8f0e-49cd-8c27-48ec9654956a-23456247935296","trial_id":190,"param_name":"lr","param_value_internal":0.06820055230405117,"distribution":"{\"name\": \"FloatDistribution\", \"attributes\": {\"step\": null, \"low\": 1e-08, \"high\": 0.5, \"log\": true}}"}
{"op_code":5,"worker_id":"69863932-8f0e-49cd-8c27-48ec9654956a-23456247935296","trial_id":190,"param_name":"ratio","param_value_internal":6.783950757465309,"distribution":"{\"name\": \"FloatDistribution\", \"attributes\": {\"step\": null, \"low\": 0.1, \"high\": 100.0, \"log\": true}}"}
{"op_code":6,"worker_id":"8f01ea9f-e291-420f-860f-18520450578c-23456247935296","trial_id":137,"state":3,"values":null,"datetime_complete":"2026-07-27T10:09:43.335706"}
{"op_code":0,"worker_id":"e45c9f19-b1dc-4c70-8e0f-535af096ce58-23456247935296","study_name":"peter_mnist_k3","directions":[2]}
{"op_code":4,"worker_id":"e45c9f19-b1dc-4c70-8e0f-535af096ce58-23456247935296","study_id":0,"datetime_start":"2026-07-27T10:09:43.364014"}
{"op_code":5,"worker_id":"e45c9f19-b1dc-4c70-8e0f-535af096ce58-23456247935296","trial_id":191,"param_name":"lr","param_value_internal":2.4235223610271705e-07,"distribution":"{\"name\": \"FloatDistribution\", \"attributes\": {\"step\": null, \"low\": 1e-08, \"high\": 0.5, \"log\": true}}"}
{"op_code":5,"worker_id":"e45c9f19-b1dc-4c70-8e0f-535af096ce58-23456247935296","trial_id":191,"param_name":"ratio","param_value_internal":0.1236516448068621,"distribution":"{\"name\": \"FloatDistribution\", \"attributes\": {\"step\": null, \"low\": 0.1, \"high\": 100.0, \"log\": true}}"}
{"op_code":6,"worker_id":"30483a8f-e5cc-4545-acdb-fce14774a714-23456247935296","trial_id":145,"state":3,"values":null,"datetime_complete":"2026-07-27T10:09:49.787086"}
{"op_code":0,"worker_id":"97518d98-ad30-454c-a3b5-c7e96b51767a-23456247935296","study_name":"peter_mnist_k3","directions":[2]}
{"op_code":4,"worker_id":"97518d98-ad30-454c-a3b5-c7e96b51767a-23456247935296","study_id":0,"datetime_start":"2026-07-27T10:09:49.834538"}
{"op_code":5,"worker_id":"97518d98-ad30-454c-a3b5-c7e96b51767a-23456247935296","trial_id":192,"param_name":"lr","param_value_internal":1.2458039898512508e-08,"distribution":"{\"name\": \"FloatDistribution\", \"attributes\": {\"step\": null, \"low\": 1e-08, \"high\": 0.5, \"log\": true}}"}
{"op_code":5,"worker_id":"97518d98-ad30-454c-a3b5-c7e96b51767a-23456247935296","trial_id":192,"param_name":"ratio","param_value_internal":7.181781754624241,"distribution":"{\"name\": \"FloatDistribution\", \"attributes\": {\"step\": null, \"low\": 0.1, \"high\": 100.0, \"log\": true}}"}
{"op_code":6,"worker_id":"3f2e71ed-9b4c-4ab5-b38e-79c75995c39c-23456247935296","trial_id":141,"state":3,"values":null,"datetime_complete":"2026-07-27T10:10:00.805837"}
{"op_code":0,"worker_id":"b224dc55-c906-479f-87db-4f1d9bb52858-23456247935296","study_name":"peter_mnist_k3","directions":[2]}
{"op_code":4,"worker_id":"b224dc55-c906-479f-87db-4f1d9bb52858-23456247935296","study_id":0,"datetime_start":"2026-07-27T10:10:00.836832"}
{"op_code":5,"worker_id":"b224dc55-c906-479f-87db-4f1d9bb52858-23456247935296","trial_id":193,"param_name":"lr","param_value_internal":1.0524831741903076e-05,"distribution":"{\"name\": \"FloatDistribution\", \"attributes\": {\"step\": null, \"low\": 1e-08, \"high\": 0.5, \"log\": true}}"}
{"op_code":5,"worker_id":"b224dc55-c906-479f-87db-4f1d9bb52858-23456247935296","trial_id":193,"param_name":"ratio","param_value_internal":21.162039423094548,"distribution":"{\"name\": \"FloatDistribution\", \"attributes\": {\"step\": null, \"low\": 0.1, \"high\": 100.0, \"log\": true}}"}
{"op_code":6,"worker_id":"7e68ead3-8092-44fc-abe3-84e7224be574-23456247935296","trial_id":148,"state":3,"values":null,"datetime_complete":"2026-07-27T10:10:11.604753"}
{"op_code":0,"worker_id":"3271c1e3-fab1-43d9-b04f-9ab7d3cecf3a-23456247935296","study_name":"peter_mnist_k3","directions":[2]}
{"op_code":4,"worker_id":"3271c1e3-fab1-43d9-b04f-9ab7d3cecf3a-23456247935296","study_id":0,"datetime_start":"2026-07-27T10:10:11.633036"}
{"op_code":5,"worker_id":"3271c1e3-fab1-43d9-b04f-9ab7d3cecf3a-23456247935296","trial_id":194,"param_name":"lr","param_value_internal":2.8303613575212597e-05,"distribution":"{\"name\": \"FloatDistribution\", \"attributes\": {\"step\": null, \"low\": 1e-08, \"high\": 0.5, \"log\": true}}"}
{"op_code":5,"worker_id":"3271c1e3-fab1-43d9-b04f-9ab7d3cecf3a-23456247935296","trial_id":194,"param_name":"ratio","param_value_internal":0.18242452367133807,"distribution":"{\"name\": \"FloatDistribution\", \"attributes\": {\"step\": null, \"low\": 0.1, \"high\": 100.0, \"log\": true}}"}
{"op_code":6,"worker_id":"81eabe89-720a-4996-ab40-d16e459d14d2-23456247935296","trial_id":146,"state":3,"values":null,"datetime_complete":"2026-07-27T10:10:12.705499"}
{"op_code":0,"worker_id":"79ba07bd-005e-45fb-8db4-f0c14e0d3199-23456247935296","study_name":"peter_mnist_k3","directions":[2]}
{"op_code":4,"worker_id":"79ba07bd-005e-45fb-8db4-f0c14e0d3199-23456247935296","study_id":0,"datetime_start":"2026-07-27T10:10:12.913911"}
{"op_code":5,"worker_id":"79ba07bd-005e-45fb-8db4-f0c14e0d3199-23456247935296","trial_id":195,"param_name":"lr","param_value_internal":3.578740746934535e-08,"distribution":"{\"name\": \"FloatDistribution\", \"attributes\": {\"step\": null, \"low\": 1e-08, \"high\": 0.5, \"log\": true}}"}
{"op_code":5,"worker_id":"79ba07bd-005e-45fb-8db4-f0c14e0d3199-23456247935296","trial_id":195,"param_name":"ratio","param_value_internal":10.044891281143805,"distribution":"{\"name\": \"FloatDistribution\", \"attributes\": {\"step\": null, \"low\": 0.1, \"high\": 100.0, \"log\": true}}"}
{"op_code":6,"worker_id":"8f0deec2-5160-4537-8545-475ddfb039bf-23456247935296","trial_id":143,"state":3,"values":null,"datetime_complete":"2026-07-27T10:10:39.079778"}
{"op_code":0,"worker_id":"f96542f0-3e1f-4126-a7cc-561420a2d240-23456247935296","study_name":"peter_mnist_k3","directions":[2]}
{"op_code":4,"worker_id":"f96542f0-3e1f-4126-a7cc-561420a2d240-23456247935296","study_id":0,"datetime_start":"2026-07-27T10:10:39.108958"}
{"op_code":5,"worker_id":"f96542f0-3e1f-4126-a7cc-561420a2d240-23456247935296","trial_id":196,"param_name":"lr","param_value_internal":0.026191615731932297,"distribution":"{\"name\": \"FloatDistribution\", \"attributes\": {\"step\": null, \"low\": 1e-08, \"high\": 0.5, \"log\": true}}"}
{"op_code":5,"worker_id":"f96542f0-3e1f-4126-a7cc-561420a2d240-23456247935296","trial_id":196,"param_name":"ratio","param_value_internal":0.22948309935410674,"distribution":"{\"name\": \"FloatDistribution\", \"attributes\": {\"step\": null, \"low\": 0.1, \"high\": 100.0, \"log\": true}}"}
{"op_code":6,"worker_id":"54df5b3d-ca19-43f0-b92e-f423750f03b3-23456247935296","trial_id":150,"state":3,"values":null,"datetime_complete":"2026-07-27T10:10:53.319564"}
{"op_code":0,"worker_id":"d84936b1-8a4a-4df7-8419-74b9fad2567a-23456247935296","study_name":"peter_mnist_k3","directions":[2]}
{"op_code":4,"worker_id":"d84936b1-8a4a-4df7-8419-74b9fad2567a-23456247935296","study_id":0,"datetime_start":"2026-07-27T10:10:53.389593"}
{"op_code":5,"worker_id":"d84936b1-8a4a-4df7-8419-74b9fad2567a-23456247935296","trial_id":197,"param_name":"lr","param_value_internal":2.2241142497992108e-05,"distribution":"{\"name\": \"FloatDistribution\", \"attributes\": {\"step\": null, \"low\": 1e-08, \"high\": 0.5, \"log\": true}}"}
{"op_code":5,"worker_id":"d84936b1-8a4a-4df7-8419-74b9fad2567a-23456247935296","trial_id":197,"param_name":"ratio","param_value_internal":0.6429955592441394,"distribution":"{\"name\": \"FloatDistribution\", \"attributes\": {\"step\": null, \"low\": 0.1, \"high\": 100.0, \"log\": true}}"}
{"op_code":6,"worker_id":"09298b6c-420c-4337-8145-61ab829af737-23456247935296","trial_id":120,"state":3,"values":null,"datetime_complete":"2026-07-27T10:11:02.073034"}
{"op_code":0,"worker_id":"f98dbf42-6781-428f-be8f-c1c36d45e440-23456247935296","study_name":"peter_mnist_k3","directions":[2]}
{"op_code":4,"worker_id":"f98dbf42-6781-428f-be8f-c1c36d45e440-23456247935296","study_id":0,"datetime_start":"2026-07-27T10:11:02.110561"}
{"op_code":5,"worker_id":"f98dbf42-6781-428f-be8f-c1c36d45e440-23456247935296","trial_id":198,"param_name":"lr","param_value_internal":0.00021915588076387076,"distribution":"{\"name\": \"FloatDistribution\", \"attributes\": {\"step\": null, \"low\": 1e-08, \"high\": 0.5, \"log\": true}}"}
{"op_code":5,"worker_id":"f98dbf42-6781-428f-be8f-c1c36d45e440-23456247935296","trial_id":198,"param_name":"ratio","param_value_internal":0.10704059527096117,"distribution":"{\"name\": \"FloatDistribution\", \"attributes\": {\"step\": null, \"low\": 0.1, \"high\": 100.0, \"log\": true}}"}
{"op_code":6,"worker_id":"e849bb93-a25b-4dd0-ae0d-0895118ed56e-23456247935296","trial_id":154,"state":3,"values":null,"datetime_complete":"2026-07-27T10:14:05.914705"}
{"op_code":0,"worker_id":"1e941468-0cc2-428c-8c11-87a32655d239-23456247935296","study_name":"peter_mnist_k3","directions":[2]}
{"op_code":4,"worker_id":"1e941468-0cc2-428c-8c11-87a32655d239-23456247935296","study_id":0,"datetime_start":"2026-07-27T10:14:05.960000"}
{"op_code":5,"worker_id":"1e941468-0cc2-428c-8c11-87a32655d239-23456247935296","trial_id":199,"param_name":"lr","param_value_internal":0.00016024721007622066,"distribution":"{\"name\": \"FloatDistribution\", \"attributes\": {\"step\": null, \"low\": 1e-08, \"high\": 0.5, \"log\": true}}"}
{"op_code":5,"worker_id":"1e941468-0cc2-428c-8c11-87a32655d239-23456247935296","trial_id":199,"param_name":"ratio","param_value_internal":0.11892335449503323,"distribution":"{\"name\": \"FloatDistribution\", \"attributes\": {\"step\": null, \"low\": 0.1, \"high\": 100.0, \"log\": true}}"}
{"op_code":6,"worker_id":"9458047e-eb29-463f-b619-a871cee3f40b-23456247935296","trial_id":155,"state":3,"values":null,"datetime_complete":"2026-07-27T10:14:15.464025"}
{"op_code":0,"worker_id":"768d46e9-95a2-44c4-b4fa-4f98e83cc5d9-23456247935296","study_name":"peter_mnist_k3","directions":[2]}
{"op_code":4,"worker_id":"768d46e9-95a2-44c4-b4fa-4f98e83cc5d9-23456247935296","study_id":0,"datetime_start":"2026-07-27T10:14:15.519417"}
{"op_code":5,"worker_id":"768d46e9-95a2-44c4-b4fa-4f98e83cc5d9-23456247935296","trial_id":200,"param_name":"lr","param_value_internal":4.442033772797042e-06,"distribution":"{\"name\": \"FloatDistribution\", \"attributes\": {\"step\": null, \"low\": 1e-08, \"high\": 0.5, \"log\": true}}"}
{"op_code":5,"worker_id":"768d46e9-95a2-44c4-b4fa-4f98e83cc5d9-23456247935296","trial_id":200,"param_name":"ratio","param_value_internal":15.393256836703195,"distribution":"{\"name\": \"FloatDistribution\", \"attributes\": {\"step\": null, \"low\": 0.1, \"high\": 100.0, \"log\": true}}"}
{"op_code":6,"worker_id":"cfe2ff3a-8961-49a1-a9e7-6ebf24b7c472-23456247935296","trial_id":157,"state":3,"values":null,"datetime_complete":"2026-07-27T10:15:08.277092"}
{"op_code":0,"worker_id":"00f4751b-427e-4e07-b21b-0e17fd43b87d-23456247935296","study_name":"peter_mnist_k3","directions":[2]}
{"op_code":4,"worker_id":"00f4751b-427e-4e07-b21b-0e17fd43b87d-23456247935296","study_id":0,"datetime_start":"2026-07-27T10:15:08.315838"}
{"op_code":5,"worker_id":"00f4751b-427e-4e07-b21b-0e17fd43b87d-23456247935296","trial_id":201,"param_name":"lr","param_value_internal":0.020837793259925012,"distribution":"{\"name\": \"FloatDistribution\", \"attributes\": {\"step\": null, \"low\": 1e-08, \"high\": 0.5, \"log\": true}}"}
{"op_code":5,"worker_id":"00f4751b-427e-4e07-b21b-0e17fd43b87d-23456247935296","trial_id":201,"param_name":"ratio","param_value_internal":1.762726509423586,"distribution":"{\"name\": \"FloatDistribution\", \"attributes\": {\"step\": null, \"low\": 0.1, \"high\": 100.0, \"log\": true}}"}
{"op_code":6,"worker_id":"1470ca8b-8a2d-4afc-84e0-785c947d93d5-23456247935296","trial_id":156,"state":3,"values":null,"datetime_complete":"2026-07-27T10:15:32.332453"}
{"op_code":0,"worker_id":"a31f14db-a81a-4a31-bdc0-e83fd0c5a4a1-23456247935296","study_name":"peter_mnist_k3","directions":[2]}
{"op_code":4,"worker_id":"a31f14db-a81a-4a31-bdc0-e83fd0c5a4a1-23456247935296","study_id":0,"datetime_start":"2026-07-27T10:15:32.458588"}
{"op_code":5,"worker_id":"a31f14db-a81a-4a31-bdc0-e83fd0c5a4a1-23456247935296","trial_id":202,"param_name":"lr","param_value_internal":5.280173495011494e-06,"distribution":"{\"name\": \"FloatDistribution\", \"attributes\": {\"step\": null, \"low\": 1e-08, \"high\": 0.5, \"log\": true}}"}
{"op_code":5,"worker_id":"a31f14db-a81a-4a31-bdc0-e83fd0c5a4a1-23456247935296","trial_id":202,"param_name":"ratio","param_value_internal":42.378984117880655,"distribution":"{\"name\": \"FloatDistribution\", \"attributes\": {\"step\": null, \"low\": 0.1, \"high\": 100.0, \"log\": true}}"}
{"op_code":6,"worker_id":"963622bf-403b-4aa6-96e3-614ec13c687c-23456247935296","trial_id":153,"state":3,"values":null,"datetime_complete":"2026-07-27T10:16:32.595832"}
{"op_code":0,"worker_id":"b5990194-abec-4ba8-97d3-54c50914ef41-23456247935296","study_name":"peter_mnist_k3","directions":[2]}
{"op_code":4,"worker_id":"b5990194-abec-4ba8-97d3-54c50914ef41-23456247935296","study_id":0,"datetime_start":"2026-07-27T10:16:32.754504"}
{"op_code":5,"worker_id":"b5990194-abec-4ba8-97d3-54c50914ef41-23456247935296","trial_id":203,"param_name":"lr","param_value_internal":6.428962114639029e-06,"distribution":"{\"name\": \"FloatDistribution\", \"attributes\": {\"step\": null, \"low\": 1e-08, \"high\": 0.5, \"log\": true}}"}
{"op_code":5,"worker_id":"b5990194-abec-4ba8-97d3-54c50914ef41-23456247935296","trial_id":203,"param_name":"ratio","param_value_internal":1.4479069985649111,"distribution":"{\"name\": \"FloatDistribution\", \"attributes\": {\"step\": null, \"low\": 0.1, \"high\": 100.0, \"log\": true}}"}
{"op_code":6,"worker_id":"9aa7eb40-2338-46ac-a1a4-4405cd490f50-23456247935296","trial_id":136,"state":3,"values":null,"datetime_complete":"2026-07-27T10:16:38.337955"}
{"op_code":0,"worker_id":"3d3bbbcd-88e6-4a47-a27f-2614d67f2302-23456247935296","study_name":"peter_mnist_k3","directions":[2]}
{"op_code":4,"worker_id":"3d3bbbcd-88e6-4a47-a27f-2614d67f2302-23456247935296","study_id":0,"datetime_start":"2026-07-27T10:16:38.421387"}
{"op_code":5,"worker_id":"3d3bbbcd-88e6-4a47-a27f-2614d67f2302-23456247935296","trial_id":204,"param_name":"lr","param_value_internal":0.00012342524484381236,"distribution":"{\"name\": \"FloatDistribution\", \"attributes\": {\"step\": null, \"low\": 1e-08, \"high\": 0.5, \"log\": true}}"}
{"op_code":5,"worker_id":"3d3bbbcd-88e6-4a47-a27f-2614d67f2302-23456247935296","trial_id":204,"param_name":"ratio","param_value_internal":0.5190234576049978,"distribution":"{\"name\": \"FloatDistribution\", \"attributes\": {\"step\": null, \"low\": 0.1, \"high\": 100.0, \"log\": true}}"}
{"op_code":6,"worker_id":"e777e3c6-9ce7-4afa-a45c-2ddc37be42ae-23456247935296","trial_id":31,"state":3,"values":null,"datetime_complete":"2026-07-27T10:17:01.983305"}
{"op_code":0,"worker_id":"8c746a68-fdc0-40c7-b5ff-8f76d135c8bc-23456247935296","study_name":"peter_mnist_k3","directions":[2]}
{"op_code":4,"worker_id":"8c746a68-fdc0-40c7-b5ff-8f76d135c8bc-23456247935296","study_id":0,"datetime_start":"2026-07-27T10:17:02.029908"}
{"op_code":5,"worker_id":"8c746a68-fdc0-40c7-b5ff-8f76d135c8bc-23456247935296","trial_id":205,"param_name":"lr","param_value_internal":2.175651807431944e-06,"distribution":"{\"name\": \"FloatDistribution\", \"attributes\": {\"step\": null, \"low\": 1e-08, \"high\": 0.5, \"log\": true}}"}
{"op_code":5,"worker_id":"8c746a68-fdc0-40c7-b5ff-8f76d135c8bc-23456247935296","trial_id":205,"param_name":"ratio","param_value_internal":0.28058483829159653,"distribution":"{\"name\": \"FloatDistribution\", \"attributes\": {\"step\": null, \"low\": 0.1, \"high\": 100.0, \"log\": true}}"}
{"op_code":6,"worker_id":"ce038dc7-acb5-4341-a4da-c3214bfcf290-23456247935296","trial_id":161,"state":3,"values":null,"datetime_complete":"2026-07-27T10:17:06.792857"}
{"op_code":0,"worker_id":"845b9feb-25dc-4675-9e3e-778db86b13d6-23456247935296","study_name":"peter_mnist_k3","directions":[2]}
{"op_code":4,"worker_id":"845b9feb-25dc-4675-9e3e-778db86b13d6-23456247935296","study_id":0,"datetime_start":"2026-07-27T10:17:06.859410"}
{"op_code":5,"worker_id":"845b9feb-25dc-4675-9e3e-778db86b13d6-23456247935296","trial_id":206,"param_name":"lr","param_value_internal":0.01825490384337763,"distribution":"{\"name\": \"FloatDistribution\", \"attributes\": {\"step\": null, \"low\": 1e-08, \"high\": 0.5, \"log\": true}}"}
{"op_code":5,"worker_id":"845b9feb-25dc-4675-9e3e-778db86b13d6-23456247935296","trial_id":206,"param_name":"ratio","param_value_internal":91.51209376003978,"distribution":"{\"name\": \"FloatDistribution\", \"attributes\": {\"step\": null, \"low\": 0.1, \"high\": 100.0, \"log\": true}}"}
{"op_code":6,"worker_id":"58422f5c-1d1d-43a5-8838-626806a99a53-23456247935296","trial_id":166,"state":3,"values":null,"datetime_complete":"2026-07-27T10:19:06.432263"}
{"op_code":0,"worker_id":"8577849b-3389-4d7e-a287-b70b148d0c3e-23456247935296","study_name":"peter_mnist_k3","directions":[2]}
{"op_code":4,"worker_id":"8577849b-3389-4d7e-a287-b70b148d0c3e-23456247935296","study_id":0,"datetime_start":"2026-07-27T10:19:06.510116"}
{"op_code":5,"worker_id":"8577849b-3389-4d7e-a287-b70b148d0c3e-23456247935296","trial_id":207,"param_name":"lr","param_value_internal":0.020532359859071588,"distribution":"{\"name\": \"FloatDistribution\", \"attributes\": {\"step\": null, \"low\": 1e-08, \"high\": 0.5, \"log\": true}}"}
{"op_code":5,"worker_id":"8577849b-3389-4d7e-a287-b70b148d0c3e-23456247935296","trial_id":207,"param_name":"ratio","param_value_internal":55.71334671067686,"distribution":"{\"name\": \"FloatDistribution\", \"attributes\": {\"step\": null, \"low\": 0.1, \"high\": 100.0, \"log\": true}}"}
{"op_code":6,"worker_id":"d2b864dc-8c1d-4f95-b6b1-0019b691d388-23456247935296","trial_id":171,"state":3,"values":null,"datetime_complete":"2026-07-27T10:19:26.078211"}
{"op_code":0,"worker_id":"2db23e1a-358e-468d-a524-1ed350964c3c-23456247935296","study_name":"peter_mnist_k3","directions":[2]}
{"op_code":4,"worker_id":"2db23e1a-358e-468d-a524-1ed350964c3c-23456247935296","study_id":0,"datetime_start":"2026-07-27T10:19:26.156588"}
{"op_code":5,"worker_id":"2db23e1a-358e-468d-a524-1ed350964c3c-23456247935296","trial_id":208,"param_name":"lr","param_value_internal":5.397537557603768e-07,"distribution":"{\"name\": \"FloatDistribution\", \"attributes\": {\"step\": null, \"low\": 1e-08, \"high\": 0.5, \"log\": true}}"}
{"op_code":5,"worker_id":"2db23e1a-358e-468d-a524-1ed350964c3c-23456247935296","trial_id":208,"param_name":"ratio","param_value_internal":1.7510990706864036,"distribution":"{\"name\": \"FloatDistribution\", \"attributes\": {\"step\": null, \"low\": 0.1, \"high\": 100.0, \"log\": true}}"}
{"op_code":6,"worker_id":"7251f32e-1e45-49ad-b44b-f6d93b30cc8a-23456247935296","trial_id":160,"state":3,"values":null,"datetime_complete":"2026-07-27T10:19:51.876046"}
{"op_code":0,"worker_id":"2927bba2-9ef6-47dd-b909-285dab09d09e-23456247935296","study_name":"peter_mnist_k3","directions":[2]}
{"op_code":4,"worker_id":"2927bba2-9ef6-47dd-b909-285dab09d09e-23456247935296","study_id":0,"datetime_start":"2026-07-27T10:19:51.947244"}
{"op_code":5,"worker_id":"2927bba2-9ef6-47dd-b909-285dab09d09e-23456247935296","trial_id":209,"param_name":"lr","param_value_internal":0.31328300574291074,"distribution":"{\"name\": \"FloatDistribution\", \"attributes\": {\"step\": null, \"low\": 1e-08, \"high\": 0.5, \"log\": true}}"}
{"op_code":5,"worker_id":"2927bba2-9ef6-47dd-b909-285dab09d09e-23456247935296","trial_id":209,"param_name":"ratio","param_value_internal":1.3226161814865334,"distribution":"{\"name\": \"FloatDistribution\", \"attributes\": {\"step\": null, \"low\": 0.1, \"high\": 100.0, \"log\": true}}"}
{"op_code":6,"worker_id":"fb82964a-d1fe-43c7-afdb-c601cba13a60-23456247935296","trial_id":17,"state":3,"values":null,"datetime_complete":"2026-07-27T10:19:52.547374"}
{"op_code":0,"worker_id":"2be4af20-b391-4064-ba53-de1ada8e2425-23456247935296","study_name":"peter_mnist_k3","directions":[2]}
{"op_code":4,"worker_id":"2be4af20-b391-4064-ba53-de1ada8e2425-23456247935296","study_id":0,"datetime_start":"2026-07-27T10:19:52.859383"}
{"op_code":5,"worker_id":"2be4af20-b391-4064-ba53-de1ada8e2425-23456247935296","trial_id":210,"param_name":"lr","param_value_internal":0.02462894339769117,"distribution":"{\"name\": \"FloatDistribution\", \"attributes\": {\"step\": null, \"low\": 1e-08, \"high\": 0.5, \"log\": true}}"}
{"op_code":5,"worker_id":"2be4af20-b391-4064-ba53-de1ada8e2425-23456247935296","trial_id":210,"param_name":"ratio","param_value_internal":0.439754538872149,"distribution":"{\"name\": \"FloatDistribution\", \"attributes\": {\"step\": null, \"low\": 0.1, \"high\": 100.0, \"log\": true}}"}
{"op_code":0,"worker_id":"41d88de6-6c83-40fe-bec0-cbc9f5c00037-23456247935296","study_name":"peter_mnist_k3","directions":[2]}
{"op_code":0,"worker_id":"e1c19d32-beae-4ea7-85a5-aecf7ba09fff-23456247935296","study_name":"peter_mnist_k3","directions":[2]}
{"op_code":4,"worker_id":"41d88de6-6c83-40fe-bec0-cbc9f5c00037-23456247935296","study_id":0,"datetime_start":"2026-07-27T10:20:04.269098"}
{"op_code":0,"worker_id":"7ed7728f-5fe9-4da9-9867-c71aab4d41df-23456247935296","study_name":"peter_mnist_k3","directions":[2]}
{"op_code":0,"worker_id":"44a8d85b-2947-43c5-865b-b91e9f4af0ef-23456247935296","study_name":"peter_mnist_k3","directions":[2]}
{"op_code":0,"worker_id":"ad8d1377-8372-4b2f-8dd9-05020b6aca59-23456247935296","study_name":"peter_mnist_k3","directions":[2]}
{"op_code":4,"worker_id":"44a8d85b-2947-43c5-865b-b91e9f4af0ef-23456247935296","study_id":0,"datetime_start":"2026-07-27T10:20:04.623191"}
{"op_code":4,"worker_id":"ad8d1377-8372-4b2f-8dd9-05020b6aca59-23456247935296","study_id":0,"datetime_start":"2026-07-27T10:20:04.648772"}
{"op_code":0,"worker_id":"058f4f9f-3451-450d-bb1f-b2de041eb39d-23456247935296","study_name":"peter_mnist_k3","directions":[2]}
{"op_code":5,"worker_id":"ad8d1377-8372-4b2f-8dd9-05020b6aca59-23456247935296","trial_id":213,"param_name":"lr","param_value_internal":0.006629221268335189,"distribution":"{\"name\": \"FloatDistribution\", \"attributes\": {\"step\": null, \"low\": 1e-08, \"high\": 0.5, \"log\": true}}"}
{"op_code":5,"worker_id":"ad8d1377-8372-4b2f-8dd9-05020b6aca59-23456247935296","trial_id":213,"param_name":"ratio","param_value_internal":29.88413878464511,"distribution":"{\"name\": \"FloatDistribution\", \"attributes\": {\"step\": null, \"low\": 0.1, \"high\": 100.0, \"log\": true}}"}
{"op_code":4,"worker_id":"058f4f9f-3451-450d-bb1f-b2de041eb39d-23456247935296","study_id":0,"datetime_start":"2026-07-27T10:20:04.688002"}
{"op_code":5,"worker_id":"058f4f9f-3451-450d-bb1f-b2de041eb39d-23456247935296","trial_id":214,"param_name":"lr","param_value_internal":3.210668264494765e-08,"distribution":"{\"name\": \"FloatDistribution\", \"attributes\": {\"step\": null, \"low\": 1e-08, \"high\": 0.5, \"log\": true}}"}
{"op_code":0,"worker_id":"80c4fede-e188-452e-940d-b9084e7e9642-23456247935296","study_name":"peter_mnist_k3","directions":[2]}
{"op_code":0,"worker_id":"3e446e0d-8d67-49af-8c10-1154c111e13f-23456247935296","study_name":"peter_mnist_k3","directions":[2]}
{"op_code":5,"worker_id":"058f4f9f-3451-450d-bb1f-b2de041eb39d-23456247935296","trial_id":214,"param_name":"ratio","param_value_internal":59.76922831774752,"distribution":"{\"name\": \"FloatDistribution\", \"attributes\": {\"step\": null, \"low\": 0.1, \"high\": 100.0, \"log\": true}}"}
{"op_code":4,"worker_id":"3e446e0d-8d67-49af-8c10-1154c111e13f-23456247935296","study_id":0,"datetime_start":"2026-07-27T10:20:04.896412"}
{"op_code":5,"worker_id":"3e446e0d-8d67-49af-8c10-1154c111e13f-23456247935296","trial_id":215,"param_name":"lr","param_value_internal":1.8106067721156163e-08,"distribution":"{\"name\": \"FloatDistribution\", \"attributes\": {\"step\": null, \"low\": 1e-08, \"high\": 0.5, \"log\": true}}"}
{"op_code":0,"worker_id":"b2a666d0-c9f8-4d1d-b28f-820823a35a7e-23456247935296","study_name":"peter_mnist_k3","directions":[2]}
{"op_code":5,"worker_id":"3e446e0d-8d67-49af-8c10-1154c111e13f-23456247935296","trial_id":215,"param_name":"ratio","param_value_internal":91.9638778532459,"distribution":"{\"name\": \"FloatDistribution\", \"attributes\": {\"step\": null, \"low\": 0.1, \"high\": 100.0, \"log\": true}}"}
{"op_code":4,"worker_id":"b2a666d0-c9f8-4d1d-b28f-820823a35a7e-23456247935296","study_id":0,"datetime_start":"2026-07-27T10:20:04.955859"}
{"op_code":5,"worker_id":"b2a666d0-c9f8-4d1d-b28f-820823a35a7e-23456247935296","trial_id":216,"param_name":"lr","param_value_internal":1.5448669430164717e-06,"distribution":"{\"name\": \"FloatDistribution\", \"attributes\": {\"step\": null, \"low\": 1e-08, \"high\": 0.5, \"log\": true}}"}
{"op_code":5,"worker_id":"b2a666d0-c9f8-4d1d-b28f-820823a35a7e-23456247935296","trial_id":216,"param_name":"ratio","param_value_internal":15.755127364098472,"distribution":"{\"name\": \"FloatDistribution\", \"attributes\": {\"step\": null, \"low\": 0.1, \"high\": 100.0, \"log\": true}}"}
{"op_code":0,"worker_id":"2576e247-d431-4f88-87a6-d948c752388c-23456247935296","study_name":"peter_mnist_k3","directions":[2]}
{"op_code":4,"worker_id":"2576e247-d431-4f88-87a6-d948c752388c-23456247935296","study_id":0,"datetime_start":"2026-07-27T10:20:05.050082"}
{"op_code":5,"worker_id":"2576e247-d431-4f88-87a6-d948c752388c-23456247935296","trial_id":217,"param_name":"lr","param_value_internal":0.0015625976191496074,"distribution":"{\"name\": \"FloatDistribution\", \"attributes\": {\"step\": null, \"low\": 1e-08, \"high\": 0.5, \"log\": true}}"}
{"op_code":5,"worker_id":"2576e247-d431-4f88-87a6-d948c752388c-23456247935296","trial_id":217,"param_name":"ratio","param_value_internal":1.823572103084826,"distribution":"{\"name\": \"FloatDistribution\", \"attributes\": {\"step\": null, \"low\": 0.1, \"high\": 100.0, \"log\": true}}"}
{"op_code":4,"worker_id":"80c4fede-e188-452e-940d-b9084e7e9642-23456247935296","study_id":0,"datetime_start":"2026-07-27T10:20:04.857572"}
{"op_code":5,"worker_id":"80c4fede-e188-452e-940d-b9084e7e9642-23456247935296","trial_id":218,"param_name":"lr","param_value_internal":2.0392795847752274e-08,"distribution":"{\"name\": \"FloatDistribution\", \"attributes\": {\"step\": null, \"low\": 1e-08, \"high\": 0.5, \"log\": true}}"}
{"op_code":5,"worker_id":"80c4fede-e188-452e-940d-b9084e7e9642-23456247935296","trial_id":218,"param_name":"ratio","param_value_internal":7.585278176993608,"distribution":"{\"name\": \"FloatDistribution\", \"attributes\": {\"step\": null, \"low\": 0.1, \"high\": 100.0, \"log\": true}}"}
{"op_code":0,"worker_id":"cdc60178-27e4-4ca5-be23-d20647e52c15-23456247935296","study_name":"peter_mnist_k3","directions":[2]}
{"op_code":0,"worker_id":"2aef79f2-6e87-4653-b1a6-49872e744df3-23456247935296","study_name":"peter_mnist_k3","directions":[2]}
{"op_code":4,"worker_id":"cdc60178-27e4-4ca5-be23-d20647e52c15-23456247935296","study_id":0,"datetime_start":"2026-07-27T10:20:05.382807"}
{"op_code":4,"worker_id":"2aef79f2-6e87-4653-b1a6-49872e744df3-23456247935296","study_id":0,"datetime_start":"2026-07-27T10:20:05.439773"}
{"op_code":0,"worker_id":"d76673c6-f995-43de-b0fa-abf238ab0491-23456247935296","study_name":"peter_mnist_k3","directions":[2]}
{"op_code":5,"worker_id":"2aef79f2-6e87-4653-b1a6-49872e744df3-23456247935296","trial_id":220,"param_name":"lr","param_value_internal":7.626125487833597e-08,"distribution":"{\"name\": \"FloatDistribution\", \"attributes\": {\"step\": null, \"low\": 1e-08, \"high\": 0.5, \"log\": true}}"}
{"op_code":4,"worker_id":"d76673c6-f995-43de-b0fa-abf238ab0491-23456247935296","study_id":0,"datetime_start":"2026-07-27T10:20:05.612305"}
{"op_code":5,"worker_id":"2aef79f2-6e87-4653-b1a6-49872e744df3-23456247935296","trial_id":220,"param_name":"ratio","param_value_internal":35.66969134422333,"distribution":"{\"name\": \"FloatDistribution\", \"attributes\": {\"step\": null, \"low\": 0.1, \"high\": 100.0, \"log\": true}}"}
{"op_code":0,"worker_id":"ffd6ef9a-4b0a-476b-80a0-7d61e8bccda5-23456247935296","study_name":"peter_mnist_k3","directions":[2]}
{"op_code":5,"worker_id":"d76673c6-f995-43de-b0fa-abf238ab0491-23456247935296","trial_id":221,"param_name":"lr","param_value_internal":0.018829350988670685,"distribution":"{\"name\": \"FloatDistribution\", \"attributes\": {\"step\": null, \"low\": 1e-08, \"high\": 0.5, \"log\": true}}"}
{"op_code":5,"worker_id":"cdc60178-27e4-4ca5-be23-d20647e52c15-23456247935296","trial_id":219,"param_name":"lr","param_value_internal":0.16767947334822528,"distribution":"{\"name\": \"FloatDistribution\", \"attributes\": {\"step\": null, \"low\": 1e-08, \"high\": 0.5, \"log\": true}}"}
{"op_code":5,"worker_id":"d76673c6-f995-43de-b0fa-abf238ab0491-23456247935296","trial_id":221,"param_name":"ratio","param_value_internal":4.426963488688671,"distribution":"{\"name\": \"FloatDistribution\", \"attributes\": {\"step\": null, \"low\": 0.1, \"high\": 100.0, \"log\": true}}"}
{"op_code":5,"worker_id":"cdc60178-27e4-4ca5-be23-d20647e52c15-23456247935296","trial_id":219,"param_name":"ratio","param_value_internal":42.90573659141926,"distribution":"{\"name\": \"FloatDistribution\", \"attributes\": {\"step\": null, \"low\": 0.1, \"high\": 100.0, \"log\": true}}"}
{"op_code":0,"worker_id":"a5c75b9a-2a73-4e05-bb64-ade97eabc98e-23456247935296","study_name":"peter_mnist_k3","directions":[2]}
{"op_code":4,"worker_id":"a5c75b9a-2a73-4e05-bb64-ade97eabc98e-23456247935296","study_id":0,"datetime_start":"2026-07-27T10:20:05.814472"}
{"op_code":5,"worker_id":"a5c75b9a-2a73-4e05-bb64-ade97eabc98e-23456247935296","trial_id":222,"param_name":"lr","param_value_internal":3.3803255708162978e-06,"distribution":"{\"name\": \"FloatDistribution\", \"attributes\": {\"step\": null, \"low\": 1e-08, \"high\": 0.5, \"log\": true}}"}
{"op_code":5,"worker_id":"a5c75b9a-2a73-4e05-bb64-ade97eabc98e-23456247935296","trial_id":222,"param_name":"ratio","param_value_internal":12.201941804059363,"distribution":"{\"name\": \"FloatDistribution\", \"attributes\": {\"step\": null, \"low\": 0.1, \"high\": 100.0, \"log\": true}}"}
{"op_code":4,"worker_id":"ffd6ef9a-4b0a-476b-80a0-7d61e8bccda5-23456247935296","study_id":0,"datetime_start":"2026-07-27T10:20:05.681197"}
{"op_code":5,"worker_id":"ffd6ef9a-4b0a-476b-80a0-7d61e8bccda5-23456247935296","trial_id":223,"param_name":"lr","param_value_internal":8.161246884084515e-06,"distribution":"{\"name\": \"FloatDistribution\", \"attributes\": {\"step\": null, \"low\": 1e-08, \"high\": 0.5, \"log\": true}}"}
{"op_code":5,"worker_id":"ffd6ef9a-4b0a-476b-80a0-7d61e8bccda5-23456247935296","trial_id":223,"param_name":"ratio","param_value_internal":39.96737074879952,"distribution":"{\"name\": \"FloatDistribution\", \"attributes\": {\"step\": null, \"low\": 0.1, \"high\": 100.0, \"log\": true}}"}
{"op_code":0,"worker_id":"57ee637d-a032-49c4-82f3-0030c63d7cf7-23456247935296","study_name":"peter_mnist_k3","directions":[2]}
{"op_code":4,"worker_id":"57ee637d-a032-49c4-82f3-0030c63d7cf7-23456247935296","study_id":0,"datetime_start":"2026-07-27T10:20:05.943541"}
{"op_code":5,"worker_id":"57ee637d-a032-49c4-82f3-0030c63d7cf7-23456247935296","trial_id":224,"param_name":"lr","param_value_internal":0.03858337473788922,"distribution":"{\"name\": \"FloatDistribution\", \"attributes\": {\"step\": null, \"low\": 1e-08, \"high\": 0.5, \"log\": true}}"}
{"op_code":5,"worker_id":"57ee637d-a032-49c4-82f3-0030c63d7cf7-23456247935296","trial_id":224,"param_name":"ratio","param_value_internal":1.219828394539571,"distribution":"{\"name\": \"FloatDistribution\", \"attributes\": {\"step\": null, \"low\": 0.1, \"high\": 100.0, \"log\": true}}"}
{"op_code":0,"worker_id":"734f1e94-43a4-41cf-97e1-7104a9461ea1-23456247935296","study_name":"peter_mnist_k3","directions":[2]}
{"op_code":4,"worker_id":"734f1e94-43a4-41cf-97e1-7104a9461ea1-23456247935296","study_id":0,"datetime_start":"2026-07-27T10:20:06.030909"}
{"op_code":0,"worker_id":"cd222104-ba4f-4e1d-96d3-3ae272f097ea-23456247935296","study_name":"peter_mnist_k3","directions":[2]}
{"op_code":5,"worker_id":"734f1e94-43a4-41cf-97e1-7104a9461ea1-23456247935296","trial_id":225,"param_name":"lr","param_value_internal":3.560845054079126e-06,"distribution":"{\"name\": \"FloatDistribution\", \"attributes\": {\"step\": null, \"low\": 1e-08, \"high\": 0.5, \"log\": true}}"}
{"op_code":5,"worker_id":"734f1e94-43a4-41cf-97e1-7104a9461ea1-23456247935296","trial_id":225,"param_name":"ratio","param_value_internal":20.9332779101526,"distribution":"{\"name\": \"FloatDistribution\", \"attributes\": {\"step\": null, \"low\": 0.1, \"high\": 100.0, \"log\": true}}"}
{"op_code":4,"worker_id":"cd222104-ba4f-4e1d-96d3-3ae272f097ea-23456247935296","study_id":0,"datetime_start":"2026-07-27T10:20:06.117913"}
{"op_code":5,"worker_id":"cd222104-ba4f-4e1d-96d3-3ae272f097ea-23456247935296","trial_id":226,"param_name":"lr","param_value_internal":9.359713668666274e-06,"distribution":"{\"name\": \"FloatDistribution\", \"attributes\": {\"step\": null, \"low\": 1e-08, \"high\": 0.5, \"log\": true}}"}
{"op_code":5,"worker_id":"cd222104-ba4f-4e1d-96d3-3ae272f097ea-23456247935296","trial_id":226,"param_name":"ratio","param_value_internal":84.96429830757758,"distribution":"{\"name\": \"FloatDistribution\", \"attributes\": {\"step\": null, \"low\": 0.1, \"high\": 100.0, \"log\": true}}"}
{"op_code":0,"worker_id":"a2521aac-2529-4ade-9cbc-0ac5b5cdf5b6-23456247935296","study_name":"peter_mnist_k3","directions":[2]}
{"op_code":4,"worker_id":"a2521aac-2529-4ade-9cbc-0ac5b5cdf5b6-23456247935296","study_id":0,"datetime_start":"2026-07-27T10:20:06.250579"}
{"op_code":5,"worker_id":"a2521aac-2529-4ade-9cbc-0ac5b5cdf5b6-23456247935296","trial_id":227,"param_name":"lr","param_value_internal":0.23762147438031925,"distribution":"{\"name\": \"FloatDistribution\", \"attributes\": {\"step\": null, \"low\": 1e-08, \"high\": 0.5, \"log\": true}}"}
{"op_code":5,"worker_id":"a2521aac-2529-4ade-9cbc-0ac5b5cdf5b6-23456247935296","trial_id":227,"param_name":"ratio","param_value_internal":77.67159813781822,"distribution":"{\"name\": \"FloatDistribution\", \"attributes\": {\"step\": null, \"low\": 0.1, \"high\": 100.0, \"log\": true}}"}
{"op_code":0,"worker_id":"26e89e44-3228-47a3-adcc-5d8908c53682-23456247935296","study_name":"peter_mnist_k3","directions":[2]}
{"op_code":4,"worker_id":"26e89e44-3228-47a3-adcc-5d8908c53682-23456247935296","study_id":0,"datetime_start":"2026-07-27T10:20:06.316466"}
{"op_code":5,"worker_id":"26e89e44-3228-47a3-adcc-5d8908c53682-23456247935296","trial_id":228,"param_name":"lr","param_value_internal":0.00023375524697352726,"distribution":"{\"name\": \"FloatDistribution\", \"attributes\": {\"step\": null, \"low\": 1e-08, \"high\": 0.5, \"log\": true}}"}
{"op_code":5,"worker_id":"26e89e44-3228-47a3-adcc-5d8908c53682-23456247935296","trial_id":228,"param_name":"ratio","param_value_internal":0.225843412915469,"distribution":"{\"name\": \"FloatDistribution\", \"attributes\": {\"step\": null, \"low\": 0.1, \"high\": 100.0, \"log\": true}}"}
{"op_code":0,"worker_id":"b8b3ebd0-f66a-47fc-9274-5938cf356928-23456247935296","study_name":"peter_mnist_k3","directions":[2]}
{"op_code":4,"worker_id":"b8b3ebd0-f66a-47fc-9274-5938cf356928-23456247935296","study_id":0,"datetime_start":"2026-07-27T10:20:06.443819"}
{"op_code":5,"worker_id":"b8b3ebd0-f66a-47fc-9274-5938cf356928-23456247935296","trial_id":229,"param_name":"lr","param_value_internal":0.00011783404303501408,"distribution":"{\"name\": \"FloatDistribution\", \"attributes\": {\"step\": null, \"low\": 1e-08, \"high\": 0.5, \"log\": true}}"}
{"op_code":5,"worker_id":"b8b3ebd0-f66a-47fc-9274-5938cf356928-23456247935296","trial_id":229,"param_name":"ratio","param_value_internal":9.177735785743156,"distribution":"{\"name\": \"FloatDistribution\", \"attributes\": {\"step\": null, \"low\": 0.1, \"high\": 100.0, \"log\": true}}"}
{"op_code":0,"worker_id":"fc862549-dc2c-471d-a3c3-4183d58b43ef-23456247935296","study_name":"peter_mnist_k3","directions":[2]}
{"op_code":4,"worker_id":"fc862549-dc2c-471d-a3c3-4183d58b43ef-23456247935296","study_id":0,"datetime_start":"2026-07-27T10:20:06.585880"}
{"op_code":5,"worker_id":"fc862549-dc2c-471d-a3c3-4183d58b43ef-23456247935296","trial_id":230,"param_name":"lr","param_value_internal":0.00019125101554963428,"distribution":"{\"name\": \"FloatDistribution\", \"attributes\": {\"step\": null, \"low\": 1e-08, \"high\": 0.5, \"log\": true}}"}
{"op_code":5,"worker_id":"fc862549-dc2c-471d-a3c3-4183d58b43ef-23456247935296","trial_id":230,"param_name":"ratio","param_value_internal":13.11015553108261,"distribution":"{\"name\": \"FloatDistribution\", \"attributes\": {\"step\": null, \"low\": 0.1, \"high\": 100.0, \"log\": true}}"}
{"op_code":0,"worker_id":"3dfe6a9e-c4ac-49b4-b2f2-57a3ff5e9c44-23456247935296","study_name":"peter_mnist_k3","directions":[2]}
{"op_code":0,"worker_id":"bc54d794-8744-419c-bf1d-e03b08255dd3-23456247935296","study_name":"peter_mnist_k3","directions":[2]}
{"op_code":4,"worker_id":"3dfe6a9e-c4ac-49b4-b2f2-57a3ff5e9c44-23456247935296","study_id":0,"datetime_start":"2026-07-27T10:20:06.689550"}
{"op_code":4,"worker_id":"bc54d794-8744-419c-bf1d-e03b08255dd3-23456247935296","study_id":0,"datetime_start":"2026-07-27T10:20:06.696188"}
{"op_code":5,"worker_id":"3dfe6a9e-c4ac-49b4-b2f2-57a3ff5e9c44-23456247935296","trial_id":231,"param_name":"lr","param_value_internal":0.00011532298741755585,"distribution":"{\"name\": \"FloatDistribution\", \"attributes\": {\"step\": null, \"low\": 1e-08, \"high\": 0.5, \"log\": true}}"}
{"op_code":0,"worker_id":"8bd9c06d-d494-4c76-8c17-9bb3ca86716c-23456247935296","study_name":"peter_mnist_k3","directions":[2]}
{"op_code":5,"worker_id":"3dfe6a9e-c4ac-49b4-b2f2-57a3ff5e9c44-23456247935296","trial_id":231,"param_name":"ratio","param_value_internal":33.73389482966026,"distribution":"{\"name\": \"FloatDistribution\", \"attributes\": {\"step\": null, \"low\": 0.1, \"high\": 100.0, \"log\": true}}"}
{"op_code":4,"worker_id":"8bd9c06d-d494-4c76-8c17-9bb3ca86716c-23456247935296","study_id":0,"datetime_start":"2026-07-27T10:20:06.792084"}
{"op_code":5,"worker_id":"8bd9c06d-d494-4c76-8c17-9bb3ca86716c-23456247935296","trial_id":233,"param_name":"lr","param_value_internal":2.7973915905765405e-06,"distribution":"{\"name\": \"FloatDistribution\", \"attributes\": {\"step\": null, \"low\": 1e-08, \"high\": 0.5, \"log\": true}}"}
{"op_code":5,"worker_id":"8bd9c06d-d494-4c76-8c17-9bb3ca86716c-23456247935296","trial_id":233,"param_name":"ratio","param_value_internal":3.925796254661669,"distribution":"{\"name\": \"FloatDistribution\", \"attributes\": {\"step\": null, \"low\": 0.1, \"high\": 100.0, \"log\": true}}"}
{"op_code":0,"worker_id":"4a9c2dae-74b7-4816-b829-5db74ee154cf-23456247935296","study_name":"peter_mnist_k3","directions":[2]}
{"op_code":4,"worker_id":"4a9c2dae-74b7-4816-b829-5db74ee154cf-23456247935296","study_id":0,"datetime_start":"2026-07-27T10:20:06.907178"}
{"op_code":5,"worker_id":"4a9c2dae-74b7-4816-b829-5db74ee154cf-23456247935296","trial_id":234,"param_name":"lr","param_value_internal":1.2773541356257004e-05,"distribution":"{\"name\": \"FloatDistribution\", \"attributes\": {\"step\": null, \"low\": 1e-08, \"high\": 0.5, \"log\": true}}"}
{"op_code":5,"worker_id":"4a9c2dae-74b7-4816-b829-5db74ee154cf-23456247935296","trial_id":234,"param_name":"ratio","param_value_internal":0.7004326878891342,"distribution":"{\"name\": \"FloatDistribution\", \"attributes\": {\"step\": null, \"low\": 0.1, \"high\": 100.0, \"log\": true}}"}
{"op_code":0,"worker_id":"a3602619-f2df-4bef-b600-c10886e02209-23456247935296","study_name":"peter_mnist_k3","directions":[2]}
{"op_code":4,"worker_id":"a3602619-f2df-4bef-b600-c10886e02209-23456247935296","study_id":0,"datetime_start":"2026-07-27T10:20:06.998935"}
{"op_code":5,"worker_id":"a3602619-f2df-4bef-b600-c10886e02209-23456247935296","trial_id":235,"param_name":"lr","param_value_internal":6.758021217711082e-07,"distribution":"{\"name\": \"FloatDistribution\", \"attributes\": {\"step\": null, \"low\": 1e-08, \"high\": 0.5, \"log\": true}}"}
{"op_code":5,"worker_id":"a3602619-f2df-4bef-b600-c10886e02209-23456247935296","trial_id":235,"param_name":"ratio","param_value_internal":2.504548251718855,"distribution":"{\"name\": \"FloatDistribution\", \"attributes\": {\"step\": null, \"low\": 0.1, \"high\": 100.0, \"log\": true}}"}
{"op_code":0,"worker_id":"92f0c3d9-8dd5-4b16-840e-daefaa4933d4-23456247935296","study_name":"peter_mnist_k3","directions":[2]}
{"op_code":4,"worker_id":"92f0c3d9-8dd5-4b16-840e-daefaa4933d4-23456247935296","study_id":0,"datetime_start":"2026-07-27T10:20:07.243871"}
{"op_code":5,"worker_id":"92f0c3d9-8dd5-4b16-840e-daefaa4933d4-23456247935296","trial_id":236,"param_name":"lr","param_value_internal":1.1850255305516083e-05,"distribution":"{\"name\": \"FloatDistribution\", \"attributes\": {\"step\": null, \"low\": 1e-08, \"high\": 0.5, \"log\": true}}"}
{"op_code":5,"worker_id":"92f0c3d9-8dd5-4b16-840e-daefaa4933d4-23456247935296","trial_id":236,"param_name":"ratio","param_value_internal":67.6215501635196,"distribution":"{\"name\": \"FloatDistribution\", \"attributes\": {\"step\": null, \"low\": 0.1, \"high\": 100.0, \"log\": true}}"}
{"op_code":0,"worker_id":"897257e9-4fd6-4296-a66a-f87a3b58ecad-23456247935296","study_name":"peter_mnist_k3","directions":[2]}
{"op_code":4,"worker_id":"897257e9-4fd6-4296-a66a-f87a3b58ecad-23456247935296","study_id":0,"datetime_start":"2026-07-27T10:20:07.319476"}
{"op_code":0,"worker_id":"b2c312ae-b1ea-4808-8e3d-f7ea7e5e5df2-23456247935296","study_name":"peter_mnist_k3","directions":[2]}
{"op_code":5,"worker_id":"897257e9-4fd6-4296-a66a-f87a3b58ecad-23456247935296","trial_id":237,"param_name":"lr","param_value_internal":2.6817145927892544e-06,"distribution":"{\"name\": \"FloatDistribution\", \"attributes\": {\"step\": null, \"low\": 1e-08, \"high\": 0.5, \"log\": true}}"}
{"op_code":4,"worker_id":"b2c312ae-b1ea-4808-8e3d-f7ea7e5e5df2-23456247935296","study_id":0,"datetime_start":"2026-07-27T10:20:07.382203"}
{"op_code":5,"worker_id":"897257e9-4fd6-4296-a66a-f87a3b58ecad-23456247935296","trial_id":237,"param_name":"ratio","param_value_internal":2.1481983399188636,"distribution":"{\"name\": \"FloatDistribution\", \"attributes\": {\"step\": null, \"low\": 0.1, \"high\": 100.0, \"log\": true}}"}
{"op_code":5,"worker_id":"b2c312ae-b1ea-4808-8e3d-f7ea7e5e5df2-23456247935296","trial_id":238,"param_name":"lr","param_value_internal":0.0005677363135703231,"distribution":"{\"name\": \"FloatDistribution\", \"attributes\": {\"step\": null, \"low\": 1e-08, \"high\": 0.5, \"log\": true}}"}
{"op_code":5,"worker_id":"b2c312ae-b1ea-4808-8e3d-f7ea7e5e5df2-23456247935296","trial_id":238,"param_name":"ratio","param_value_internal":30.08259214997043,"distribution":"{\"name\": \"FloatDistribution\", \"attributes\": {\"step\": null, \"low\": 0.1, \"high\": 100.0, \"log\": true}}"}
{"op_code":0,"worker_id":"9003a78b-e826-4734-a937-12224c2b6091-23456247935296","study_name":"peter_mnist_k3","directions":[2]}
{"op_code":0,"worker_id":"c67724c3-2296-4a1a-b452-043d2d5fdc81-23456247935296","study_name":"peter_mnist_k3","directions":[2]}
{"op_code":4,"worker_id":"9003a78b-e826-4734-a937-12224c2b6091-23456247935296","study_id":0,"datetime_start":"2026-07-27T10:20:07.599421"}
{"op_code":4,"worker_id":"c67724c3-2296-4a1a-b452-043d2d5fdc81-23456247935296","study_id":0,"datetime_start":"2026-07-27T10:20:07.626969"}
{"op_code":0,"worker_id":"e94fe591-cb24-4622-ba30-6ddbeb2836d0-23456247935296","study_name":"peter_mnist_k3","directions":[2]}
{"op_code":5,"worker_id":"c67724c3-2296-4a1a-b452-043d2d5fdc81-23456247935296","trial_id":240,"param_name":"lr","param_value_internal":4.341373863787763e-05,"distribution":"{\"name\": \"FloatDistribution\", \"attributes\": {\"step\": null, \"low\": 1e-08, \"high\": 0.5, \"log\": true}}"}
{"op_code":4,"worker_id":"e94fe591-cb24-4622-ba30-6ddbeb2836d0-23456247935296","study_id":0,"datetime_start":"2026-07-27T10:20:07.645033"}
{"op_code":5,"worker_id":"c67724c3-2296-4a1a-b452-043d2d5fdc81-23456247935296","trial_id":240,"param_name":"ratio","param_value_internal":0.19183243911615053,"distribution":"{\"name\": \"FloatDistribution\", \"attributes\": {\"step\": null, \"low\": 0.1, \"high\": 100.0, \"log\": true}}"}
{"op_code":5,"worker_id":"e94fe591-cb24-4622-ba30-6ddbeb2836d0-23456247935296","trial_id":241,"param_name":"lr","param_value_internal":0.007017638043804652,"distribution":"{\"name\": \"FloatDistribution\", \"attributes\": {\"step\": null, \"low\": 1e-08, \"high\": 0.5, \"log\": true}}"}
{"op_code":5,"worker_id":"e94fe591-cb24-4622-ba30-6ddbeb2836d0-23456247935296","trial_id":241,"param_name":"ratio","param_value_internal":13.816072466039497,"distribution":"{\"name\": \"FloatDistribution\", \"attributes\": {\"step\": null, \"low\": 0.1, \"high\": 100.0, \"log\": true}}"}
{"op_code":5,"worker_id":"9003a78b-e826-4734-a937-12224c2b6091-23456247935296","trial_id":239,"param_name":"lr","param_value_internal":6.428984850164548e-07,"distribution":"{\"name\": \"FloatDistribution\", \"attributes\": {\"step\": null, \"low\": 1e-08, \"high\": 0.5, \"log\": true}}"}
{"op_code":5,"worker_id":"9003a78b-e826-4734-a937-12224c2b6091-23456247935296","trial_id":239,"param_name":"ratio","param_value_internal":1.5424271436007655,"distribution":"{\"name\": \"FloatDistribution\", \"attributes\": {\"step\": null, \"low\": 0.1, \"high\": 100.0, \"log\": true}}"}
{"op_code":0,"worker_id":"ed9312d2-88b7-4c9b-81bd-94190b2fae87-23456247935296","study_name":"peter_mnist_k3","directions":[2]}
{"op_code":5,"worker_id":"44a8d85b-2947-43c5-865b-b91e9f4af0ef-23456247935296","trial_id":212,"param_name":"lr","param_value_internal":0.3202427665047046,"distribution":"{\"name\": \"FloatDistribution\", \"attributes\": {\"step\": null, \"low\": 1e-08, \"high\": 0.5, \"log\": true}}"}
{"op_code":4,"worker_id":"ed9312d2-88b7-4c9b-81bd-94190b2fae87-23456247935296","study_id":0,"datetime_start":"2026-07-27T10:20:07.904058"}
{"op_code":5,"worker_id":"44a8d85b-2947-43c5-865b-b91e9f4af0ef-23456247935296","trial_id":212,"param_name":"ratio","param_value_internal":27.61289143101216,"distribution":"{\"name\": \"FloatDistribution\", \"attributes\": {\"step\": null, \"low\": 0.1, \"high\": 100.0, \"log\": true}}"}
{"op_code":0,"worker_id":"f6aef869-e780-4581-8394-b3d34036118c-23456247935296","study_name":"peter_mnist_k3","directions":[2]}
{"op_code":5,"worker_id":"ed9312d2-88b7-4c9b-81bd-94190b2fae87-23456247935296","trial_id":242,"param_name":"lr","param_value_internal":3.888904010179551e-06,"distribution":"{\"name\": \"FloatDistribution\", \"attributes\": {\"step\": null, \"low\": 1e-08, \"high\": 0.5, \"log\": true}}"}
{"op_code":4,"worker_id":"f6aef869-e780-4581-8394-b3d34036118c-23456247935296","study_id":0,"datetime_start":"2026-07-27T10:20:08.003270"}
{"op_code":5,"worker_id":"ed9312d2-88b7-4c9b-81bd-94190b2fae87-23456247935296","trial_id":242,"param_name":"ratio","param_value_internal":2.9663918190450107,"distribution":"{\"name\": \"FloatDistribution\", \"attributes\": {\"step\": null, \"low\": 0.1, \"high\": 100.0, \"log\": true}}"}
{"op_code":0,"worker_id":"5ca3fe0a-4d89-4f88-b3c9-31119f98b720-23456247935296","study_name":"peter_mnist_k3","directions":[2]}
{"op_code":5,"worker_id":"f6aef869-e780-4581-8394-b3d34036118c-23456247935296","trial_id":243,"param_name":"lr","param_value_internal":8.229561710031753e-05,"distribution":"{\"name\": \"FloatDistribution\", \"attributes\": {\"step\": null, \"low\": 1e-08, \"high\": 0.5, \"log\": true}}"}
{"op_code":0,"worker_id":"1afbc25c-d4a2-4797-abba-84762fb1441a-23456247935296","study_name":"peter_mnist_k3","directions":[2]}
{"op_code":5,"worker_id":"f6aef869-e780-4581-8394-b3d34036118c-23456247935296","trial_id":243,"param_name":"ratio","param_value_internal":15.27727464121582,"distribution":"{\"name\": \"FloatDistribution\", \"attributes\": {\"step\": null, \"low\": 0.1, \"high\": 100.0, \"log\": true}}"}
{"op_code":0,"worker_id":"e598ddf6-87f4-47e4-b3f1-dc913212530a-23456247935296","study_name":"peter_mnist_k3","directions":[2]}
{"op_code":4,"worker_id":"1afbc25c-d4a2-4797-abba-84762fb1441a-23456247935296","study_id":0,"datetime_start":"2026-07-27T10:20:08.116420"}
{"op_code":4,"worker_id":"e598ddf6-87f4-47e4-b3f1-dc913212530a-23456247935296","study_id":0,"datetime_start":"2026-07-27T10:20:08.165536"}
{"op_code":5,"worker_id":"1afbc25c-d4a2-4797-abba-84762fb1441a-23456247935296","trial_id":244,"param_name":"lr","param_value_internal":0.02486549569934258,"distribution":"{\"name\": \"FloatDistribution\", \"attributes\": {\"step\": null, \"low\": 1e-08, \"high\": 0.5, \"log\": true}}"}
{"op_code":5,"worker_id":"1afbc25c-d4a2-4797-abba-84762fb1441a-23456247935296","trial_id":244,"param_name":"ratio","param_value_internal":11.720542277047649,"distribution":"{\"name\": \"FloatDistribution\", \"attributes\": {\"step\": null, \"low\": 0.1, \"high\": 100.0, \"log\": true}}"}
{"op_code":0,"worker_id":"3564beb9-f37d-4fc3-a632-3688dbd8c901-23456247935296","study_name":"peter_mnist_k3","directions":[2]}
{"op_code":4,"worker_id":"3564beb9-f37d-4fc3-a632-3688dbd8c901-23456247935296","study_id":0,"datetime_start":"2026-07-27T10:20:08.248593"}
{"op_code":5,"worker_id":"3564beb9-f37d-4fc3-a632-3688dbd8c901-23456247935296","trial_id":246,"param_name":"lr","param_value_internal":0.05120431259887269,"distribution":"{\"name\": \"FloatDistribution\", \"attributes\": {\"step\": null, \"low\": 1e-08, \"high\": 0.5, \"log\": true}}"}
{"op_code":5,"worker_id":"3564beb9-f37d-4fc3-a632-3688dbd8c901-23456247935296","trial_id":246,"param_name":"ratio","param_value_internal":2.84292763560348,"distribution":"{\"name\": \"FloatDistribution\", \"attributes\": {\"step\": null, \"low\": 0.1, \"high\": 100.0, \"log\": true}}"}
{"op_code":0,"worker_id":"3e3d71d7-46dd-4d26-84cb-b8cf689bc2a4-23456247935296","study_name":"peter_mnist_k3","directions":[2]}
{"op_code":4,"worker_id":"3e3d71d7-46dd-4d26-84cb-b8cf689bc2a4-23456247935296","study_id":0,"datetime_start":"2026-07-27T10:20:08.365509"}
{"op_code":5,"worker_id":"3e3d71d7-46dd-4d26-84cb-b8cf689bc2a4-23456247935296","trial_id":247,"param_name":"lr","param_value_internal":0.236740094903424,"distribution":"{\"name\": \"FloatDistribution\", \"attributes\": {\"step\": null, \"low\": 1e-08, \"high\": 0.5, \"log\": true}}"}
{"op_code":5,"worker_id":"3e3d71d7-46dd-4d26-84cb-b8cf689bc2a4-23456247935296","trial_id":247,"param_name":"ratio","param_value_internal":0.8665606127205736,"distribution":"{\"name\": \"FloatDistribution\", \"attributes\": {\"step\": null, \"low\": 0.1, \"high\": 100.0, \"log\": true}}"}
{"op_code":5,"worker_id":"e598ddf6-87f4-47e4-b3f1-dc913212530a-23456247935296","trial_id":245,"param_name":"lr","param_value_internal":0.006337740303666673,"distribution":"{\"name\": \"FloatDistribution\", \"attributes\": {\"step\": null, \"low\": 1e-08, \"high\": 0.5, \"log\": true}}"}
{"op_code":5,"worker_id":"e598ddf6-87f4-47e4-b3f1-dc913212530a-23456247935296","trial_id":245,"param_name":"ratio","param_value_internal":0.6245928923011327,"distribution":"{\"name\": \"FloatDistribution\", \"attributes\": {\"step\": null, \"low\": 0.1, \"high\": 100.0, \"log\": true}}"}
{"op_code":0,"worker_id":"4b863a1b-91f4-404c-b9e5-5c503628aeb1-23456247935296","study_name":"peter_mnist_k3","directions":[2]}
{"op_code":4,"worker_id":"4b863a1b-91f4-404c-b9e5-5c503628aeb1-23456247935296","study_id":0,"datetime_start":"2026-07-27T10:20:08.497227"}
{"op_code":5,"worker_id":"4b863a1b-91f4-404c-b9e5-5c503628aeb1-23456247935296","trial_id":248,"param_name":"lr","param_value_internal":2.5919005198930347e-08,"distribution":"{\"name\": \"FloatDistribution\", \"attributes\": {\"step\": null, \"low\": 1e-08, \"high\": 0.5, \"log\": true}}"}
{"op_code":5,"worker_id":"4b863a1b-91f4-404c-b9e5-5c503628aeb1-23456247935296","trial_id":248,"param_name":"ratio","param_value_internal":0.6656865718631478,"distribution":"{\"name\": \"FloatDistribution\", \"attributes\": {\"step\": null, \"low\": 0.1, \"high\": 100.0, \"log\": true}}"}
{"op_code":0,"worker_id":"c6d2f7ef-73f9-4c45-9f7a-0d82f0d67ad5-23456247935296","study_name":"peter_mnist_k3","directions":[2]}
{"op_code":4,"worker_id":"c6d2f7ef-73f9-4c45-9f7a-0d82f0d67ad5-23456247935296","study_id":0,"datetime_start":"2026-07-27T10:20:08.548733"}
{"op_code":5,"worker_id":"c6d2f7ef-73f9-4c45-9f7a-0d82f0d67ad5-23456247935296","trial_id":249,"param_name":"lr","param_value_internal":3.8921954112774524e-07,"distribution":"{\"name\": \"FloatDistribution\", \"attributes\": {\"step\": null, \"low\": 1e-08, \"high\": 0.5, \"log\": true}}"}
{"op_code":5,"worker_id":"c6d2f7ef-73f9-4c45-9f7a-0d82f0d67ad5-23456247935296","trial_id":249,"param_name":"ratio","param_value_internal":5.528850796438973,"distribution":"{\"name\": \"FloatDistribution\", \"attributes\": {\"step\": null, \"low\": 0.1, \"high\": 100.0, \"log\": true}}"}
{"op_code":0,"worker_id":"c9a6e043-a3f4-4b05-bcc7-c8e49504b723-23456247935296","study_name":"peter_mnist_k3","directions":[2]}
{"op_code":4,"worker_id":"c9a6e043-a3f4-4b05-bcc7-c8e49504b723-23456247935296","study_id":0,"datetime_start":"2026-07-27T10:20:08.644134"}
{"op_code":5,"worker_id":"c9a6e043-a3f4-4b05-bcc7-c8e49504b723-23456247935296","trial_id":250,"param_name":"lr","param_value_internal":0.005154787415122516,"distribution":"{\"name\": \"FloatDistribution\", \"attributes\": {\"step\": null, \"low\": 1e-08, \"high\": 0.5, \"log\": true}}"}
{"op_code":5,"worker_id":"c9a6e043-a3f4-4b05-bcc7-c8e49504b723-23456247935296","trial_id":250,"param_name":"ratio","param_value_internal":1.3724055509476198,"distribution":"{\"name\": \"FloatDistribution\", \"attributes\": {\"step\": null, \"low\": 0.1, \"high\": 100.0, \"log\": true}}"}
{"op_code":0,"worker_id":"b05680e6-31f1-424e-830e-af867cda6261-23456247935296","study_name":"peter_mnist_k3","directions":[2]}
{"op_code":4,"worker_id":"b05680e6-31f1-424e-830e-af867cda6261-23456247935296","study_id":0,"datetime_start":"2026-07-27T10:20:08.781127"}
{"op_code":5,"worker_id":"b05680e6-31f1-424e-830e-af867cda6261-23456247935296","trial_id":251,"param_name":"lr","param_value_internal":8.295825256972934e-07,"distribution":"{\"name\": \"FloatDistribution\", \"attributes\": {\"step\": null, \"low\": 1e-08, \"high\": 0.5, \"log\": true}}"}
{"op_code":5,"worker_id":"b05680e6-31f1-424e-830e-af867cda6261-23456247935296","trial_id":251,"param_name":"ratio","param_value_internal":1.112370535126995,"distribution":"{\"name\": \"FloatDistribution\", \"attributes\": {\"step\": null, \"low\": 0.1, \"high\": 100.0, \"log\": true}}"}
{"op_code":5,"worker_id":"bc54d794-8744-419c-bf1d-e03b08255dd3-23456247935296","trial_id":232,"param_name":"lr","param_value_internal":0.010667930805431188,"distribution":"{\"name\": \"FloatDistribution\", \"attributes\": {\"step\": null, \"low\": 1e-08, \"high\": 0.5, \"log\": true}}"}
{"op_code":5,"worker_id":"bc54d794-8744-419c-bf1d-e03b08255dd3-23456247935296","trial_id":232,"param_name":"ratio","param_value_internal":10.35756055880454,"distribution":"{\"name\": \"FloatDistribution\", \"attributes\": {\"step\": null, \"low\": 0.1, \"high\": 100.0, \"log\": true}}"}
{"op_code":4,"worker_id":"5ca3fe0a-4d89-4f88-b3c9-31119f98b720-23456247935296","study_id":0,"datetime_start":"2026-07-27T10:20:08.062918"}
{"op_code":5,"worker_id":"5ca3fe0a-4d89-4f88-b3c9-31119f98b720-23456247935296","trial_id":252,"param_name":"lr","param_value_internal":0.02459822886083864,"distribution":"{\"name\": \"FloatDistribution\", \"attributes\": {\"step\": null, \"low\": 1e-08, \"high\": 0.5, \"log\": true}}"}
{"op_code":5,"worker_id":"5ca3fe0a-4d89-4f88-b3c9-31119f98b720-23456247935296","trial_id":252,"param_name":"ratio","param_value_internal":6.748471986084034,"distribution":"{\"name\": \"FloatDistribution\", \"attributes\": {\"step\": null, \"low\": 0.1, \"high\": 100.0, \"log\": true}}"}
{"op_code":0,"worker_id":"cc6f53cc-8b98-46b6-a4a0-c859645fb6b5-23456247935296","study_name":"peter_mnist_k3","directions":[2]}
{"op_code":4,"worker_id":"cc6f53cc-8b98-46b6-a4a0-c859645fb6b5-23456247935296","study_id":0,"datetime_start":"2026-07-27T10:20:09.647996"}
{"op_code":5,"worker_id":"cc6f53cc-8b98-46b6-a4a0-c859645fb6b5-23456247935296","trial_id":253,"param_name":"lr","param_value_internal":5.812346972622642e-07,"distribution":"{\"name\": \"FloatDistribution\", \"attributes\": {\"step\": null, \"low\": 1e-08, \"high\": 0.5, \"log\": true}}"}
{"op_code":5,"worker_id":"cc6f53cc-8b98-46b6-a4a0-c859645fb6b5-23456247935296","trial_id":253,"param_name":"ratio","param_value_internal":2.300178261779263,"distribution":"{\"name\": \"FloatDistribution\", \"attributes\": {\"step\": null, \"low\": 0.1, \"high\": 100.0, \"log\": true}}"}
{"op_code":0,"worker_id":"1eb9b6ec-d71e-495d-bd02-5deb4f5969a5-23456247935296","study_name":"peter_mnist_k3","directions":[2]}
{"op_code":4,"worker_id":"1eb9b6ec-d71e-495d-bd02-5deb4f5969a5-23456247935296","study_id":0,"datetime_start":"2026-07-27T10:20:09.915605"}
{"op_code":5,"worker_id":"1eb9b6ec-d71e-495d-bd02-5deb4f5969a5-23456247935296","trial_id":254,"param_name":"lr","param_value_internal":0.005229701332561108,"distribution":"{\"name\": \"FloatDistribution\", \"attributes\": {\"step\": null, \"low\": 1e-08, \"high\": 0.5, \"log\": true}}"}
{"op_code":5,"worker_id":"1eb9b6ec-d71e-495d-bd02-5deb4f5969a5-23456247935296","trial_id":254,"param_name":"ratio","param_value_internal":14.636722354056667,"distribution":"{\"name\": \"FloatDistribution\", \"attributes\": {\"step\": null, \"low\": 0.1, \"high\": 100.0, \"log\": true}}"}
{"op_code":0,"worker_id":"6395a25d-ba7f-41db-91c7-7c92ba651faf-23456247935296","study_name":"peter_mnist_k3","directions":[2]}
{"op_code":4,"worker_id":"6395a25d-ba7f-41db-91c7-7c92ba651faf-23456247935296","study_id":0,"datetime_start":"2026-07-27T10:20:10.650849"}
{"op_code":5,"worker_id":"6395a25d-ba7f-41db-91c7-7c92ba651faf-23456247935296","trial_id":255,"param_name":"lr","param_value_internal":3.400281626300982e-06,"distribution":"{\"name\": \"FloatDistribution\", \"attributes\": {\"step\": null, \"low\": 1e-08, \"high\": 0.5, \"log\": true}}"}
{"op_code":5,"worker_id":"6395a25d-ba7f-41db-91c7-7c92ba651faf-23456247935296","trial_id":255,"param_name":"ratio","param_value_internal":0.2053416088130122,"distribution":"{\"name\": \"FloatDistribution\", \"attributes\": {\"step\": null, \"low\": 0.1, \"high\": 100.0, \"log\": true}}"}
{"op_code":0,"worker_id":"763c2d85-4f49-47a6-ae7c-50143e7189d5-23456247935296","study_name":"peter_mnist_k3","directions":[2]}
{"op_code":4,"worker_id":"763c2d85-4f49-47a6-ae7c-50143e7189d5-23456247935296","study_id":0,"datetime_start":"2026-07-27T10:20:10.931017"}
{"op_code":5,"worker_id":"763c2d85-4f49-47a6-ae7c-50143e7189d5-23456247935296","trial_id":256,"param_name":"lr","param_value_internal":1.8857815502126764e-07,"distribution":"{\"name\": \"FloatDistribution\", \"attributes\": {\"step\": null, \"low\": 1e-08, \"high\": 0.5, \"log\": true}}"}
{"op_code":5,"worker_id":"763c2d85-4f49-47a6-ae7c-50143e7189d5-23456247935296","trial_id":256,"param_name":"ratio","param_value_internal":0.1531648412102792,"distribution":"{\"name\": \"FloatDistribution\", \"attributes\": {\"step\": null, \"low\": 0.1, \"high\": 100.0, \"log\": true}}"}
{"op_code":0,"worker_id":"d0dd7ab7-805b-475d-8c1d-d005e2f341ac-23456247935296","study_name":"peter_mnist_k3","directions":[2]}
{"op_code":0,"worker_id":"498eb3ef-ad1c-467a-b4fc-2477091d4171-23456247935296","study_name":"peter_mnist_k3","directions":[2]}
{"op_code":0,"worker_id":"85273eb2-0115-4085-a164-4bf302f7418c-23456247935296","study_name":"peter_mnist_k3","directions":[2]}
{"op_code":0,"worker_id":"5fca0bf6-62f4-42b9-a759-15e07b188434-23456247935296","study_name":"peter_mnist_k3","directions":[2]}
{"op_code":0,"worker_id":"c2935a21-1925-4328-a018-76ca6176c948-23456247935296","study_name":"peter_mnist_k3","directions":[2]}
{"op_code":0,"worker_id":"97c2f184-06d8-48b8-8e69-a3544364010b-23456247935296","study_name":"peter_mnist_k3","directions":[2]}
{"op_code":0,"worker_id":"ec104e84-4264-4285-8f58-93e744fdceb7-23456247935296","study_name":"peter_mnist_k3","directions":[2]}
{"op_code":0,"worker_id":"14a7d5b3-2651-45b1-aa9c-67081bc9bf5f-23456247935296","study_name":"peter_mnist_k3","directions":[2]}
{"op_code":4,"worker_id":"97c2f184-06d8-48b8-8e69-a3544364010b-23456247935296","study_id":0,"datetime_start":"2026-07-27T10:23:43.726549"}
{"op_code":4,"worker_id":"14a7d5b3-2651-45b1-aa9c-67081bc9bf5f-23456247935296","study_id":0,"datetime_start":"2026-07-27T10:23:43.775519"}
{"op_code":0,"worker_id":"f5a54ab2-fea1-45ca-8cd7-162b0474378d-23456247935296","study_name":"peter_mnist_k3","directions":[2]}
{"op_code":5,"worker_id":"97c2f184-06d8-48b8-8e69-a3544364010b-23456247935296","trial_id":257,"param_name":"lr","param_value_internal":0.005234938070703506,"distribution":"{\"name\": \"FloatDistribution\", \"attributes\": {\"step\": null, \"low\": 1e-08, \"high\": 0.5, \"log\": true}}"}
{"op_code":4,"worker_id":"f5a54ab2-fea1-45ca-8cd7-162b0474378d-23456247935296","study_id":0,"datetime_start":"2026-07-27T10:23:43.845374"}
{"op_code":5,"worker_id":"97c2f184-06d8-48b8-8e69-a3544364010b-23456247935296","trial_id":257,"param_name":"ratio","param_value_internal":3.6439746628906438,"distribution":"{\"name\": \"FloatDistribution\", \"attributes\": {\"step\": null, \"low\": 0.1, \"high\": 100.0, \"log\": true}}"}
{"op_code":4,"worker_id":"ec104e84-4264-4285-8f58-93e744fdceb7-23456247935296","study_id":0,"datetime_start":"2026-07-27T10:23:43.773961"}
{"op_code":5,"worker_id":"f5a54ab2-fea1-45ca-8cd7-162b0474378d-23456247935296","trial_id":259,"param_name":"lr","param_value_internal":0.0001404937671120186,"distribution":"{\"name\": \"FloatDistribution\", \"attributes\": {\"step\": null, \"low\": 1e-08, \"high\": 0.5, \"log\": true}}"}
{"op_code":5,"worker_id":"f5a54ab2-fea1-45ca-8cd7-162b0474378d-23456247935296","trial_id":259,"param_name":"ratio","param_value_internal":0.1565720236187341,"distribution":"{\"name\": \"FloatDistribution\", \"attributes\": {\"step\": null, \"low\": 0.1, \"high\": 100.0, \"log\": true}}"}
{"op_code":5,"worker_id":"ec104e84-4264-4285-8f58-93e744fdceb7-23456247935296","trial_id":260,"param_name":"lr","param_value_internal":7.156645333958424e-08,"distribution":"{\"name\": \"FloatDistribution\", \"attributes\": {\"step\": null, \"low\": 1e-08, \"high\": 0.5, \"log\": true}}"}
{"op_code":5,"worker_id":"ec104e84-4264-4285-8f58-93e744fdceb7-23456247935296","trial_id":260,"param_name":"ratio","param_value_internal":1.502721438909743,"distribution":"{\"name\": \"FloatDistribution\", \"attributes\": {\"step\": null, \"low\": 0.1, \"high\": 100.0, \"log\": true}}"}
{"op_code":4,"worker_id":"85273eb2-0115-4085-a164-4bf302f7418c-23456247935296","study_id":0,"datetime_start":"2026-07-27T10:23:43.555477"}
{"op_code":5,"worker_id":"85273eb2-0115-4085-a164-4bf302f7418c-23456247935296","trial_id":261,"param_name":"lr","param_value_internal":0.0007226130725732501,"distribution":"{\"name\": \"FloatDistribution\", \"attributes\": {\"step\": null, \"low\": 1e-08, \"high\": 0.5, \"log\": true}}"}
{"op_code":5,"worker_id":"85273eb2-0115-4085-a164-4bf302f7418c-23456247935296","trial_id":261,"param_name":"ratio","param_value_internal":0.9203899331831978,"distribution":"{\"name\": \"FloatDistribution\", \"attributes\": {\"step\": null, \"low\": 0.1, \"high\": 100.0, \"log\": true}}"}
{"op_code":4,"worker_id":"5fca0bf6-62f4-42b9-a759-15e07b188434-23456247935296","study_id":0,"datetime_start":"2026-07-27T10:23:43.603060"}
{"op_code":4,"worker_id":"c2935a21-1925-4328-a018-76ca6176c948-23456247935296","study_id":0,"datetime_start":"2026-07-27T10:23:43.651581"}
{"op_code":5,"worker_id":"5fca0bf6-62f4-42b9-a759-15e07b188434-23456247935296","trial_id":262,"param_name":"lr","param_value_internal":5.092552190194824e-06,"distribution":"{\"name\": \"FloatDistribution\", \"attributes\": {\"step\": null, \"low\": 1e-08, \"high\": 0.5, \"log\": true}}"}
{"op_code":5,"worker_id":"5fca0bf6-62f4-42b9-a759-15e07b188434-23456247935296","trial_id":262,"param_name":"ratio","param_value_internal":92.9296560672703,"distribution":"{\"name\": \"FloatDistribution\", \"attributes\": {\"step\": null, \"low\": 0.1, \"high\": 100.0, \"log\": true}}"}
{"op_code":5,"worker_id":"c2935a21-1925-4328-a018-76ca6176c948-23456247935296","trial_id":263,"param_name":"lr","param_value_internal":1.5845681129779767e-08,"distribution":"{\"name\": \"FloatDistribution\", \"attributes\": {\"step\": null, \"low\": 1e-08, \"high\": 0.5, \"log\": true}}"}
{"op_code":5,"worker_id":"c2935a21-1925-4328-a018-76ca6176c948-23456247935296","trial_id":263,"param_name":"ratio","param_value_internal":4.275837827622828,"distribution":"{\"name\": \"FloatDistribution\", \"attributes\": {\"step\": null, \"low\": 0.1, \"high\": 100.0, \"log\": true}}"}
{"op_code":0,"worker_id":"427dba00-8554-4cf6-898e-9f439613171c-23456247935296","study_name":"peter_mnist_k3","directions":[2]}
{"op_code":0,"worker_id":"e90131e5-7b3c-4b18-bd02-70044c6cb60b-23456247935296","study_name":"peter_mnist_k3","directions":[2]}
{"op_code":4,"worker_id":"427dba00-8554-4cf6-898e-9f439613171c-23456247935296","study_id":0,"datetime_start":"2026-07-27T10:23:44.152806"}
{"op_code":0,"worker_id":"9b5e6af2-f0cb-432c-bef5-b26893dfd999-23456247935296","study_name":"peter_mnist_k3","directions":[2]}
{"op_code":5,"worker_id":"427dba00-8554-4cf6-898e-9f439613171c-23456247935296","trial_id":264,"param_name":"lr","param_value_internal":0.00021355992298026586,"distribution":"{\"name\": \"FloatDistribution\", \"attributes\": {\"step\": null, \"low\": 1e-08, \"high\": 0.5, \"log\": true}}"}
{"op_code":4,"worker_id":"9b5e6af2-f0cb-432c-bef5-b26893dfd999-23456247935296","study_id":0,"datetime_start":"2026-07-27T10:23:44.255983"}
{"op_code":5,"worker_id":"427dba00-8554-4cf6-898e-9f439613171c-23456247935296","trial_id":264,"param_name":"ratio","param_value_internal":6.8040882087149015,"distribution":"{\"name\": \"FloatDistribution\", \"attributes\": {\"step\": null, \"low\": 0.1, \"high\": 100.0, \"log\": true}}"}
{"op_code":5,"worker_id":"9b5e6af2-f0cb-432c-bef5-b26893dfd999-23456247935296","trial_id":265,"param_name":"lr","param_value_internal":0.009055032326335071,"distribution":"{\"name\": \"FloatDistribution\", \"attributes\": {\"step\": null, \"low\": 1e-08, \"high\": 0.5, \"log\": true}}"}
{"op_code":5,"worker_id":"9b5e6af2-f0cb-432c-bef5-b26893dfd999-23456247935296","trial_id":265,"param_name":"ratio","param_value_internal":61.11262520793032,"distribution":"{\"name\": \"FloatDistribution\", \"attributes\": {\"step\": null, \"low\": 0.1, \"high\": 100.0, \"log\": true}}"}
{"op_code":4,"worker_id":"e90131e5-7b3c-4b18-bd02-70044c6cb60b-23456247935296","study_id":0,"datetime_start":"2026-07-27T10:23:44.218739"}
{"op_code":5,"worker_id":"e90131e5-7b3c-4b18-bd02-70044c6cb60b-23456247935296","trial_id":266,"param_name":"lr","param_value_internal":0.00024041112778384644,"distribution":"{\"name\": \"FloatDistribution\", \"attributes\": {\"step\": null, \"low\": 1e-08, \"high\": 0.5, \"log\": true}}"}
{"op_code":5,"worker_id":"e90131e5-7b3c-4b18-bd02-70044c6cb60b-23456247935296","trial_id":266,"param_name":"ratio","param_value_internal":2.9404704306181157,"distribution":"{\"name\": \"FloatDistribution\", \"attributes\": {\"step\": null, \"low\": 0.1, \"high\": 100.0, \"log\": true}}"}
{"op_code":0,"worker_id":"6a15db4e-435c-4119-af06-890cf445a39a-23456247935296","study_name":"peter_mnist_k3","directions":[2]}
{"op_code":4,"worker_id":"6a15db4e-435c-4119-af06-890cf445a39a-23456247935296","study_id":0,"datetime_start":"2026-07-27T10:23:44.666269"}
{"op_code":0,"worker_id":"8fb8b821-4339-4d21-8221-f8ebbd16c80f-23456247935296","study_name":"peter_mnist_k3","directions":[2]}
{"op_code":0,"worker_id":"7d8e29f1-5ba5-4fed-abaa-48cfbf5a838c-23456247935296","study_name":"peter_mnist_k3","directions":[2]}
{"op_code":4,"worker_id":"8fb8b821-4339-4d21-8221-f8ebbd16c80f-23456247935296","study_id":0,"datetime_start":"2026-07-27T10:23:44.734117"}
{"op_code":4,"worker_id":"7d8e29f1-5ba5-4fed-abaa-48cfbf5a838c-23456247935296","study_id":0,"datetime_start":"2026-07-27T10:23:44.747815"}
{"op_code":5,"worker_id":"8fb8b821-4339-4d21-8221-f8ebbd16c80f-23456247935296","trial_id":268,"param_name":"lr","param_value_internal":6.595045682064829e-06,"distribution":"{\"name\": \"FloatDistribution\", \"attributes\": {\"step\": null, \"low\": 1e-08, \"high\": 0.5, \"log\": true}}"}
{"op_code":5,"worker_id":"7d8e29f1-5ba5-4fed-abaa-48cfbf5a838c-23456247935296","trial_id":269,"param_name":"lr","param_value_internal":4.54358585452637e-08,"distribution":"{\"name\": \"FloatDistribution\", \"attributes\": {\"step\": null, \"low\": 1e-08, \"high\": 0.5, \"log\": true}}"}
{"op_code":5,"worker_id":"8fb8b821-4339-4d21-8221-f8ebbd16c80f-23456247935296","trial_id":268,"param_name":"ratio","param_value_internal":1.5459195495727365,"distribution":"{\"name\": \"FloatDistribution\", \"attributes\": {\"step\": null, \"low\": 0.1, \"high\": 100.0, \"log\": true}}"}
{"op_code":5,"worker_id":"7d8e29f1-5ba5-4fed-abaa-48cfbf5a838c-23456247935296","trial_id":269,"param_name":"ratio","param_value_internal":2.667174563245241,"distribution":"{\"name\": \"FloatDistribution\", \"attributes\": {\"step\": null, \"low\": 0.1, \"high\": 100.0, \"log\": true}}"}
{"op_code":5,"worker_id":"14a7d5b3-2651-45b1-aa9c-67081bc9bf5f-23456247935296","trial_id":258,"param_name":"lr","param_value_internal":0.0009686617652092433,"distribution":"{\"name\": \"FloatDistribution\", \"attributes\": {\"step\": null, \"low\": 1e-08, \"high\": 0.5, \"log\": true}}"}
{"op_code":5,"worker_id":"14a7d5b3-2651-45b1-aa9c-67081bc9bf5f-23456247935296","trial_id":258,"param_name":"ratio","param_value_internal":6.321895922079318,"distribution":"{\"name\": \"FloatDistribution\", \"attributes\": {\"step\": null, \"low\": 0.1, \"high\": 100.0, \"log\": true}}"}
{"op_code":5,"worker_id":"6a15db4e-435c-4119-af06-890cf445a39a-23456247935296","trial_id":267,"param_name":"lr","param_value_internal":2.184200344160543e-06,"distribution":"{\"name\": \"FloatDistribution\", \"attributes\": {\"step\": null, \"low\": 1e-08, \"high\": 0.5, \"log\": true}}"}
{"op_code":5,"worker_id":"6a15db4e-435c-4119-af06-890cf445a39a-23456247935296","trial_id":267,"param_name":"ratio","param_value_internal":3.773746519466239,"distribution":"{\"name\": \"FloatDistribution\", \"attributes\": {\"step\": null, \"low\": 0.1, \"high\": 100.0, \"log\": true}}"}
{"op_code":0,"worker_id":"e2579702-fd9b-4a09-9723-74212392bdee-23456247935296","study_name":"peter_mnist_k3","directions":[2]}
{"op_code":4,"worker_id":"e2579702-fd9b-4a09-9723-74212392bdee-23456247935296","study_id":0,"datetime_start":"2026-07-27T10:23:45.672211"}
{"op_code":5,"worker_id":"e2579702-fd9b-4a09-9723-74212392bdee-23456247935296","trial_id":270,"param_name":"lr","param_value_internal":0.00012820448989403344,"distribution":"{\"name\": \"FloatDistribution\", \"attributes\": {\"step\": null, \"low\": 1e-08, \"high\": 0.5, \"log\": true}}"}
{"op_code":5,"worker_id":"e2579702-fd9b-4a09-9723-74212392bdee-23456247935296","trial_id":270,"param_name":"ratio","param_value_internal":2.5052461730157507,"distribution":"{\"name\": \"FloatDistribution\", \"attributes\": {\"step\": null, \"low\": 0.1, \"high\": 100.0, \"log\": true}}"}
{"op_code":0,"worker_id":"3bdb5f52-160b-4839-b51a-e67064c12a44-23456247935296","study_name":"peter_mnist_k3","directions":[2]}
{"op_code":4,"worker_id":"3bdb5f52-160b-4839-b51a-e67064c12a44-23456247935296","study_id":0,"datetime_start":"2026-07-27T10:23:45.717456"}
{"op_code":0,"worker_id":"68aed156-aa02-4852-8102-c67416314b63-23456247935296","study_name":"peter_mnist_k3","directions":[2]}
{"op_code":5,"worker_id":"3bdb5f52-160b-4839-b51a-e67064c12a44-23456247935296","trial_id":271,"param_name":"lr","param_value_internal":0.00016541146210930576,"distribution":"{\"name\": \"FloatDistribution\", \"attributes\": {\"step\": null, \"low\": 1e-08, \"high\": 0.5, \"log\": true}}"}
{"op_code":5,"worker_id":"3bdb5f52-160b-4839-b51a-e67064c12a44-23456247935296","trial_id":271,"param_name":"ratio","param_value_internal":1.035731149175697,"distribution":"{\"name\": \"FloatDistribution\", \"attributes\": {\"step\": null, \"low\": 0.1, \"high\": 100.0, \"log\": true}}"}
{"op_code":4,"worker_id":"68aed156-aa02-4852-8102-c67416314b63-23456247935296","study_id":0,"datetime_start":"2026-07-27T10:23:45.816025"}
{"op_code":5,"worker_id":"68aed156-aa02-4852-8102-c67416314b63-23456247935296","trial_id":272,"param_name":"lr","param_value_internal":3.184114860786538e-08,"distribution":"{\"name\": \"FloatDistribution\", \"attributes\": {\"step\": null, \"low\": 1e-08, \"high\": 0.5, \"log\": true}}"}
{"op_code":5,"worker_id":"68aed156-aa02-4852-8102-c67416314b63-23456247935296","trial_id":272,"param_name":"ratio","param_value_internal":18.34713798143106,"distribution":"{\"name\": \"FloatDistribution\", \"attributes\": {\"step\": null, \"low\": 0.1, \"high\": 100.0, \"log\": true}}"}
{"op_code":0,"worker_id":"9f18272b-9862-468c-a1f3-06ce1d83e265-23456247935296","study_name":"peter_mnist_k3","directions":[2]}
{"op_code":4,"worker_id":"9f18272b-9862-468c-a1f3-06ce1d83e265-23456247935296","study_id":0,"datetime_start":"2026-07-27T10:23:46.676038"}
{"op_code":0,"worker_id":"3e7873ad-b53b-4049-86c7-a9aaafc8fd7f-23456247935296","study_name":"peter_mnist_k3","directions":[2]}
{"op_code":0,"worker_id":"a0efa7ba-5c91-4a93-8f3d-b8c91e07b539-23456247935296","study_name":"peter_mnist_k3","directions":[2]}
{"op_code":4,"worker_id":"3e7873ad-b53b-4049-86c7-a9aaafc8fd7f-23456247935296","study_id":0,"datetime_start":"2026-07-27T10:23:46.796014"}
{"op_code":4,"worker_id":"a0efa7ba-5c91-4a93-8f3d-b8c91e07b539-23456247935296","study_id":0,"datetime_start":"2026-07-27T10:23:46.800261"}
{"op_code":5,"worker_id":"3e7873ad-b53b-4049-86c7-a9aaafc8fd7f-23456247935296","trial_id":274,"param_name":"lr","param_value_internal":0.2958003290964614,"distribution":"{\"name\": \"FloatDistribution\", \"attributes\": {\"step\": null, \"low\": 1e-08, \"high\": 0.5, \"log\": true}}"}
{"op_code":5,"worker_id":"a0efa7ba-5c91-4a93-8f3d-b8c91e07b539-23456247935296","trial_id":275,"param_name":"lr","param_value_internal":5.55892595331062e-06,"distribution":"{\"name\": \"FloatDistribution\", \"attributes\": {\"step\": null, \"low\": 1e-08, \"high\": 0.5, \"log\": true}}"}
{"op_code":5,"worker_id":"a0efa7ba-5c91-4a93-8f3d-b8c91e07b539-23456247935296","trial_id":275,"param_name":"ratio","param_value_internal":8.609711669615649,"distribution":"{\"name\": \"FloatDistribution\", \"attributes\": {\"step\": null, \"low\": 0.1, \"high\": 100.0, \"log\": true}}"}
{"op_code":5,"worker_id":"3e7873ad-b53b-4049-86c7-a9aaafc8fd7f-23456247935296","trial_id":274,"param_name":"ratio","param_value_internal":0.8794933586921161,"distribution":"{\"name\": \"FloatDistribution\", \"attributes\": {\"step\": null, \"low\": 0.1, \"high\": 100.0, \"log\": true}}"}
{"op_code":5,"worker_id":"9f18272b-9862-468c-a1f3-06ce1d83e265-23456247935296","trial_id":273,"param_name":"lr","param_value_internal":0.024382891552348795,"distribution":"{\"name\": \"FloatDistribution\", \"attributes\": {\"step\": null, \"low\": 1e-08, \"high\": 0.5, \"log\": true}}"}
{"op_code":5,"worker_id":"9f18272b-9862-468c-a1f3-06ce1d83e265-23456247935296","trial_id":273,"param_name":"ratio","param_value_internal":2.4707728934070854,"distribution":"{\"name\": \"FloatDistribution\", \"attributes\": {\"step\": null, \"low\": 0.1, \"high\": 100.0, \"log\": true}}"}
{"op_code":0,"worker_id":"d9ad89c4-aa8c-434b-8c97-95768b57cbca-23456247935296","study_name":"peter_mnist_k3","directions":[2]}
{"op_code":4,"worker_id":"d9ad89c4-aa8c-434b-8c97-95768b57cbca-23456247935296","study_id":0,"datetime_start":"2026-07-27T10:23:47.692231"}
{"op_code":5,"worker_id":"d9ad89c4-aa8c-434b-8c97-95768b57cbca-23456247935296","trial_id":276,"param_name":"lr","param_value_internal":7.56283171733559e-08,"distribution":"{\"name\": \"FloatDistribution\", \"attributes\": {\"step\": null, \"low\": 1e-08, \"high\": 0.5, \"log\": true}}"}
{"op_code":5,"worker_id":"d9ad89c4-aa8c-434b-8c97-95768b57cbca-23456247935296","trial_id":276,"param_name":"ratio","param_value_internal":1.4346104220294293,"distribution":"{\"name\": \"FloatDistribution\", \"attributes\": {\"step\": null, \"low\": 0.1, \"high\": 100.0, \"log\": true}}"}
{"op_code":0,"worker_id":"9240e8e9-a405-42a4-9a5d-f3ccef461094-23456247935296","study_name":"peter_mnist_k3","directions":[2]}
{"op_code":4,"worker_id":"9240e8e9-a405-42a4-9a5d-f3ccef461094-23456247935296","study_id":0,"datetime_start":"2026-07-27T10:23:47.745621"}
{"op_code":5,"worker_id":"9240e8e9-a405-42a4-9a5d-f3ccef461094-23456247935296","trial_id":277,"param_name":"lr","param_value_internal":4.73706827972279e-08,"distribution":"{\"name\": \"FloatDistribution\", \"attributes\": {\"step\": null, \"low\": 1e-08, \"high\": 0.5, \"log\": true}}"}
{"op_code":5,"worker_id":"9240e8e9-a405-42a4-9a5d-f3ccef461094-23456247935296","trial_id":277,"param_name":"ratio","param_value_internal":0.6511231754656974,"distribution":"{\"name\": \"FloatDistribution\", \"attributes\": {\"step\": null, \"low\": 0.1, \"high\": 100.0, \"log\": true}}"}
{"op_code":0,"worker_id":"49f0cd26-4234-424b-af6e-4bcfc9e95918-23456247935296","study_name":"peter_mnist_k3","directions":[2]}
{"op_code":0,"worker_id":"1a4caed2-399a-4a88-8e59-061377efaa6b-23456247935296","study_name":"peter_mnist_k3","directions":[2]}
{"op_code":0,"worker_id":"43017cd4-9f51-4a3f-aae2-57c7a048e49b-23456247935296","study_name":"peter_mnist_k3","directions":[2]}
{"op_code":4,"worker_id":"1a4caed2-399a-4a88-8e59-061377efaa6b-23456247935296","study_id":0,"datetime_start":"2026-07-27T10:23:47.796746"}
{"op_code":4,"worker_id":"43017cd4-9f51-4a3f-aae2-57c7a048e49b-23456247935296","study_id":0,"datetime_start":"2026-07-27T10:23:47.813358"}
{"op_code":4,"worker_id":"49f0cd26-4234-424b-af6e-4bcfc9e95918-23456247935296","study_id":0,"datetime_start":"2026-07-27T10:23:47.787512"}
{"op_code":5,"worker_id":"1a4caed2-399a-4a88-8e59-061377efaa6b-23456247935296","trial_id":278,"param_name":"lr","param_value_internal":9.564679344883236e-07,"distribution":"{\"name\": \"FloatDistribution\", \"attributes\": {\"step\": null, \"low\": 1e-08, \"high\": 0.5, \"log\": true}}"}
{"op_code":5,"worker_id":"49f0cd26-4234-424b-af6e-4bcfc9e95918-23456247935296","trial_id":280,"param_name":"lr","param_value_internal":1.0100146685367308e-07,"distribution":"{\"name\": \"FloatDistribution\", \"attributes\": {\"step\": null, \"low\": 1e-08, \"high\": 0.5, \"log\": true}}"}
{"op_code":5,"worker_id":"1a4caed2-399a-4a88-8e59-061377efaa6b-23456247935296","trial_id":278,"param_name":"ratio","param_value_internal":4.748862997123522,"distribution":"{\"name\": \"FloatDistribution\", \"attributes\": {\"step\": null, \"low\": 0.1, \"high\": 100.0, \"log\": true}}"}
{"op_code":5,"worker_id":"49f0cd26-4234-424b-af6e-4bcfc9e95918-23456247935296","trial_id":280,"param_name":"ratio","param_value_internal":0.24699730175183224,"distribution":"{\"name\": \"FloatDistribution\", \"attributes\": {\"step\": null, \"low\": 0.1, \"high\": 100.0, \"log\": true}}"}
{"op_code":5,"worker_id":"43017cd4-9f51-4a3f-aae2-57c7a048e49b-23456247935296","trial_id":279,"param_name":"lr","param_value_internal":1.0569324652076223e-05,"distribution":"{\"name\": \"FloatDistribution\", \"attributes\": {\"step\": null, \"low\": 1e-08, \"high\": 0.5, \"log\": true}}"}
{"op_code":5,"worker_id":"43017cd4-9f51-4a3f-aae2-57c7a048e49b-23456247935296","trial_id":279,"param_name":"ratio","param_value_internal":0.1038520057640518,"distribution":"{\"name\": \"FloatDistribution\", \"attributes\": {\"step\": null, \"low\": 0.1, \"high\": 100.0, \"log\": true}}"}
{"op_code":0,"worker_id":"d0a2092d-6d6a-4f2e-81d2-fa70c8cfb7e1-23456247935296","study_name":"peter_mnist_k3","directions":[2]}
{"op_code":4,"worker_id":"d0a2092d-6d6a-4f2e-81d2-fa70c8cfb7e1-23456247935296","study_id":0,"datetime_start":"2026-07-27T10:23:48.696881"}
{"op_code":5,"worker_id":"d0a2092d-6d6a-4f2e-81d2-fa70c8cfb7e1-23456247935296","trial_id":281,"param_name":"lr","param_value_internal":2.8268160091078776e-07,"distribution":"{\"name\": \"FloatDistribution\", \"attributes\": {\"step\": null, \"low\": 1e-08, \"high\": 0.5, \"log\": true}}"}
{"op_code":5,"worker_id":"d0a2092d-6d6a-4f2e-81d2-fa70c8cfb7e1-23456247935296","trial_id":281,"param_name":"ratio","param_value_internal":0.2667360994316505,"distribution":"{\"name\": \"FloatDistribution\", \"attributes\": {\"step\": null, \"low\": 0.1, \"high\": 100.0, \"log\": true}}"}
{"op_code":0,"worker_id":"6e6f3cc1-f3d1-4640-8996-5441f047e1ff-23456247935296","study_name":"peter_mnist_k3","directions":[2]}
{"op_code":0,"worker_id":"73fc6c52-ae8d-4549-a724-31fa5d2db3ad-23456247935296","study_name":"peter_mnist_k3","directions":[2]}
{"op_code":4,"worker_id":"6e6f3cc1-f3d1-4640-8996-5441f047e1ff-23456247935296","study_id":0,"datetime_start":"2026-07-27T10:23:48.744919"}
{"op_code":4,"worker_id":"73fc6c52-ae8d-4549-a724-31fa5d2db3ad-23456247935296","study_id":0,"datetime_start":"2026-07-27T10:23:48.749723"}
{"op_code":5,"worker_id":"6e6f3cc1-f3d1-4640-8996-5441f047e1ff-23456247935296","trial_id":282,"param_name":"lr","param_value_internal":0.00025109409022297296,"distribution":"{\"name\": \"FloatDistribution\", \"attributes\": {\"step\": null, \"low\": 1e-08, \"high\": 0.5, \"log\": true}}"}
{"op_code":5,"worker_id":"73fc6c52-ae8d-4549-a724-31fa5d2db3ad-23456247935296","trial_id":283,"param_name":"lr","param_value_internal":0.26300730559734287,"distribution":"{\"name\": \"FloatDistribution\", \"attributes\": {\"step\": null, \"low\": 1e-08, \"high\": 0.5, \"log\": true}}"}
{"op_code":0,"worker_id":"f171ee21-dccc-4856-b57e-47de7edd715b-23456247935296","study_name":"peter_mnist_k3","directions":[2]}
{"op_code":5,"worker_id":"6e6f3cc1-f3d1-4640-8996-5441f047e1ff-23456247935296","trial_id":282,"param_name":"ratio","param_value_internal":30.958035483228148,"distribution":"{\"name\": \"FloatDistribution\", \"attributes\": {\"step\": null, \"low\": 0.1, \"high\": 100.0, \"log\": true}}"}
{"op_code":5,"worker_id":"73fc6c52-ae8d-4549-a724-31fa5d2db3ad-23456247935296","trial_id":283,"param_name":"ratio","param_value_internal":5.542005225783558,"distribution":"{\"name\": \"FloatDistribution\", \"attributes\": {\"step\": null, \"low\": 0.1, \"high\": 100.0, \"log\": true}}"}
{"op_code":4,"worker_id":"f171ee21-dccc-4856-b57e-47de7edd715b-23456247935296","study_id":0,"datetime_start":"2026-07-27T10:23:48.839450"}
{"op_code":5,"worker_id":"f171ee21-dccc-4856-b57e-47de7edd715b-23456247935296","trial_id":284,"param_name":"lr","param_value_internal":0.1792873052469259,"distribution":"{\"name\": \"FloatDistribution\", \"attributes\": {\"step\": null, \"low\": 1e-08, \"high\": 0.5, \"log\": true}}"}
{"op_code":5,"worker_id":"f171ee21-dccc-4856-b57e-47de7edd715b-23456247935296","trial_id":284,"param_name":"ratio","param_value_internal":0.3260730062615498,"distribution":"{\"name\": \"FloatDistribution\", \"attributes\": {\"step\": null, \"low\": 0.1, \"high\": 100.0, \"log\": true}}"}
{"op_code":0,"worker_id":"33671768-f816-4337-a8e6-04cc39875bca-23456247935296","study_name":"peter_mnist_k3","directions":[2]}
{"op_code":4,"worker_id":"33671768-f816-4337-a8e6-04cc39875bca-23456247935296","study_id":0,"datetime_start":"2026-07-27T10:23:49.711067"}
{"op_code":0,"worker_id":"400d421b-590c-4034-ba8a-932bb2cc75fd-23456247935296","study_name":"peter_mnist_k3","directions":[2]}
{"op_code":4,"worker_id":"400d421b-590c-4034-ba8a-932bb2cc75fd-23456247935296","study_id":0,"datetime_start":"2026-07-27T10:23:49.750330"}
{"op_code":5,"worker_id":"33671768-f816-4337-a8e6-04cc39875bca-23456247935296","trial_id":285,"param_name":"lr","param_value_internal":0.06414602731411713,"distribution":"{\"name\": \"FloatDistribution\", \"attributes\": {\"step\": null, \"low\": 1e-08, \"high\": 0.5, \"log\": true}}"}
{"op_code":5,"worker_id":"33671768-f816-4337-a8e6-04cc39875bca-23456247935296","trial_id":285,"param_name":"ratio","param_value_internal":0.19017629400958197,"distribution":"{\"name\": \"FloatDistribution\", \"attributes\": {\"step\": null, \"low\": 0.1, \"high\": 100.0, \"log\": true}}"}
{"op_code":0,"worker_id":"2be6a859-46f5-42f0-a3cd-a0a39d19f010-23456247935296","study_name":"peter_mnist_k3","directions":[2]}
{"op_code":5,"worker_id":"400d421b-590c-4034-ba8a-932bb2cc75fd-23456247935296","trial_id":286,"param_name":"lr","param_value_internal":3.450508333844048e-07,"distribution":"{\"name\": \"FloatDistribution\", \"attributes\": {\"step\": null, \"low\": 1e-08, \"high\": 0.5, \"log\": true}}"}
{"op_code":5,"worker_id":"400d421b-590c-4034-ba8a-932bb2cc75fd-23456247935296","trial_id":286,"param_name":"ratio","param_value_internal":7.308691132289083,"distribution":"{\"name\": \"FloatDistribution\", \"attributes\": {\"step\": null, \"low\": 0.1, \"high\": 100.0, \"log\": true}}"}
{"op_code":4,"worker_id":"2be6a859-46f5-42f0-a3cd-a0a39d19f010-23456247935296","study_id":0,"datetime_start":"2026-07-27T10:23:49.848246"}
{"op_code":5,"worker_id":"2be6a859-46f5-42f0-a3cd-a0a39d19f010-23456247935296","trial_id":287,"param_name":"lr","param_value_internal":2.20095249642535e-08,"distribution":"{\"name\": \"FloatDistribution\", \"attributes\": {\"step\": null, \"low\": 1e-08, \"high\": 0.5, \"log\": true}}"}
{"op_code":5,"worker_id":"2be6a859-46f5-42f0-a3cd-a0a39d19f010-23456247935296","trial_id":287,"param_name":"ratio","param_value_internal":1.4226850104019881,"distribution":"{\"name\": \"FloatDistribution\", \"attributes\": {\"step\": null, \"low\": 0.1, \"high\": 100.0, \"log\": true}}"}
{"op_code":0,"worker_id":"9c00134e-38a6-4b83-97df-6991b2ff6573-23456247935296","study_name":"peter_mnist_k3","directions":[2]}
{"op_code":4,"worker_id":"9c00134e-38a6-4b83-97df-6991b2ff6573-23456247935296","study_id":0,"datetime_start":"2026-07-27T10:23:50.722734"}
{"op_code":0,"worker_id":"06143424-77ff-4d3f-962f-9d5eabb5fc4d-23456247935296","study_name":"peter_mnist_k3","directions":[2]}
{"op_code":5,"worker_id":"9c00134e-38a6-4b83-97df-6991b2ff6573-23456247935296","trial_id":288,"param_name":"lr","param_value_internal":0.0002300214657979305,"distribution":"{\"name\": \"FloatDistribution\", \"attributes\": {\"step\": null, \"low\": 1e-08, \"high\": 0.5, \"log\": true}}"}
{"op_code":4,"worker_id":"06143424-77ff-4d3f-962f-9d5eabb5fc4d-23456247935296","study_id":0,"datetime_start":"2026-07-27T10:23:50.747571"}
{"op_code":5,"worker_id":"9c00134e-38a6-4b83-97df-6991b2ff6573-23456247935296","trial_id":288,"param_name":"ratio","param_value_internal":40.876943684761144,"distribution":"{\"name\": \"FloatDistribution\", \"attributes\": {\"step\": null, \"low\": 0.1, \"high\": 100.0, \"log\": true}}"}
{"op_code":0,"worker_id":"fcbc06c2-de07-4ded-8f97-3ef6f2e2c15d-23456247935296","study_name":"peter_mnist_k3","directions":[2]}
{"op_code":0,"worker_id":"d51d0a63-8bd9-4a58-b142-8a2566c9f8d8-23456247935296","study_name":"peter_mnist_k3","directions":[2]}
{"op_code":0,"worker_id":"bf507284-f9e9-427e-8bf7-2a03053c4ddd-23456247935296","study_name":"peter_mnist_k3","directions":[2]}
{"op_code":4,"worker_id":"fcbc06c2-de07-4ded-8f97-3ef6f2e2c15d-23456247935296","study_id":0,"datetime_start":"2026-07-27T10:23:50.843790"}
{"op_code":4,"worker_id":"d51d0a63-8bd9-4a58-b142-8a2566c9f8d8-23456247935296","study_id":0,"datetime_start":"2026-07-27T10:23:50.848892"}
{"op_code":4,"worker_id":"bf507284-f9e9-427e-8bf7-2a03053c4ddd-23456247935296","study_id":0,"datetime_start":"2026-07-27T10:23:50.904265"}
{"op_code":5,"worker_id":"fcbc06c2-de07-4ded-8f97-3ef6f2e2c15d-23456247935296","trial_id":290,"param_name":"lr","param_value_internal":0.0609245327816509,"distribution":"{\"name\": \"FloatDistribution\", \"attributes\": {\"step\": null, \"low\": 1e-08, \"high\": 0.5, \"log\": true}}"}
{"op_code":5,"worker_id":"fcbc06c2-de07-4ded-8f97-3ef6f2e2c15d-23456247935296","trial_id":290,"param_name":"ratio","param_value_internal":60.55704597288573,"distribution":"{\"name\": \"FloatDistribution\", \"attributes\": {\"step\": null, \"low\": 0.1, \"high\": 100.0, \"log\": true}}"}
{"op_code":5,"worker_id":"d51d0a63-8bd9-4a58-b142-8a2566c9f8d8-23456247935296","trial_id":291,"param_name":"lr","param_value_internal":0.07435788099142587,"distribution":"{\"name\": \"FloatDistribution\", \"attributes\": {\"step\": null, \"low\": 1e-08, \"high\": 0.5, \"log\": true}}"}
{"op_code":5,"worker_id":"d51d0a63-8bd9-4a58-b142-8a2566c9f8d8-23456247935296","trial_id":291,"param_name":"ratio","param_value_internal":1.609428930638692,"distribution":"{\"name\": \"FloatDistribution\", \"attributes\": {\"step\": null, \"low\": 0.1, \"high\": 100.0, \"log\": true}}"}
{"op_code":5,"worker_id":"bf507284-f9e9-427e-8bf7-2a03053c4ddd-23456247935296","trial_id":292,"param_name":"lr","param_value_internal":0.0016550654503558254,"distribution":"{\"name\": \"FloatDistribution\", \"attributes\": {\"step\": null, \"low\": 1e-08, \"high\": 0.5, \"log\": true}}"}
{"op_code":5,"worker_id":"bf507284-f9e9-427e-8bf7-2a03053c4ddd-23456247935296","trial_id":292,"param_name":"ratio","param_value_internal":94.13885829364021,"distribution":"{\"name\": \"FloatDistribution\", \"attributes\": {\"step\": null, \"low\": 0.1, \"high\": 100.0, \"log\": true}}"}
{"op_code":5,"worker_id":"06143424-77ff-4d3f-962f-9d5eabb5fc4d-23456247935296","trial_id":289,"param_name":"lr","param_value_internal":2.240520420369624e-05,"distribution":"{\"name\": \"FloatDistribution\", \"attributes\": {\"step\": null, \"low\": 1e-08, \"high\": 0.5, \"log\": true}}"}
{"op_code":5,"worker_id":"06143424-77ff-4d3f-962f-9d5eabb5fc4d-23456247935296","trial_id":289,"param_name":"ratio","param_value_internal":1.0965576943848678,"distribution":"{\"name\": \"FloatDistribution\", \"attributes\": {\"step\": null, \"low\": 0.1, \"high\": 100.0, \"log\": true}}"}
{"op_code":0,"worker_id":"d75d3a5b-5fc3-47c3-8748-5f61ae808c0f-23456247935296","study_name":"peter_mnist_k3","directions":[2]}
{"op_code":4,"worker_id":"d75d3a5b-5fc3-47c3-8748-5f61ae808c0f-23456247935296","study_id":0,"datetime_start":"2026-07-27T10:23:51.734376"}
{"op_code":0,"worker_id":"bd589a34-7b72-48bb-a401-b212f57dcb60-23456247935296","study_name":"peter_mnist_k3","directions":[2]}
{"op_code":4,"worker_id":"bd589a34-7b72-48bb-a401-b212f57dcb60-23456247935296","study_id":0,"datetime_start":"2026-07-27T10:23:51.749745"}
{"op_code":5,"worker_id":"d75d3a5b-5fc3-47c3-8748-5f61ae808c0f-23456247935296","trial_id":293,"param_name":"lr","param_value_internal":0.00013922441260381312,"distribution":"{\"name\": \"FloatDistribution\", \"attributes\": {\"step\": null, \"low\": 1e-08, \"high\": 0.5, \"log\": true}}"}
{"op_code":5,"worker_id":"d75d3a5b-5fc3-47c3-8748-5f61ae808c0f-23456247935296","trial_id":293,"param_name":"ratio","param_value_internal":3.3274526609550685,"distribution":"{\"name\": \"FloatDistribution\", \"attributes\": {\"step\": null, \"low\": 0.1, \"high\": 100.0, \"log\": true}}"}
{"op_code":5,"worker_id":"bd589a34-7b72-48bb-a401-b212f57dcb60-23456247935296","trial_id":294,"param_name":"lr","param_value_internal":0.009190878081266302,"distribution":"{\"name\": \"FloatDistribution\", \"attributes\": {\"step\": null, \"low\": 1e-08, \"high\": 0.5, \"log\": true}}"}
{"op_code":5,"worker_id":"bd589a34-7b72-48bb-a401-b212f57dcb60-23456247935296","trial_id":294,"param_name":"ratio","param_value_internal":0.12687383486453796,"distribution":"{\"name\": \"FloatDistribution\", \"attributes\": {\"step\": null, \"low\": 0.1, \"high\": 100.0, \"log\": true}}"}
{"op_code":0,"worker_id":"fe53955b-d931-42e3-9a7a-94c2914252c7-23456247935296","study_name":"peter_mnist_k3","directions":[2]}
{"op_code":0,"worker_id":"ecf8f811-90d9-431f-b1b4-7fd40d028cd7-23456247935296","study_name":"peter_mnist_k3","directions":[2]}
{"op_code":4,"worker_id":"fe53955b-d931-42e3-9a7a-94c2914252c7-23456247935296","study_id":0,"datetime_start":"2026-07-27T10:23:51.855366"}
{"op_code":4,"worker_id":"ecf8f811-90d9-431f-b1b4-7fd40d028cd7-23456247935296","study_id":0,"datetime_start":"2026-07-27T10:23:51.859692"}
{"op_code":5,"worker_id":"fe53955b-d931-42e3-9a7a-94c2914252c7-23456247935296","trial_id":295,"param_name":"lr","param_value_internal":0.0940086553848061,"distribution":"{\"name\": \"FloatDistribution\", \"attributes\": {\"step\": null, \"low\": 1e-08, \"high\": 0.5, \"log\": true}}"}
{"op_code":5,"worker_id":"fe53955b-d931-42e3-9a7a-94c2914252c7-23456247935296","trial_id":295,"param_name":"ratio","param_value_internal":0.3263056996675596,"distribution":"{\"name\": \"FloatDistribution\", \"attributes\": {\"step\": null, \"low\": 0.1, \"high\": 100.0, \"log\": true}}"}
{"op_code":5,"worker_id":"ecf8f811-90d9-431f-b1b4-7fd40d028cd7-23456247935296","trial_id":296,"param_name":"lr","param_value_internal":5.172770633522009e-07,"distribution":"{\"name\": \"FloatDistribution\", \"attributes\": {\"step\": null, \"low\": 1e-08, \"high\": 0.5, \"log\": true}}"}
{"op_code":5,"worker_id":"ecf8f811-90d9-431f-b1b4-7fd40d028cd7-23456247935296","trial_id":296,"param_name":"ratio","param_value_internal":2.839876590505942,"distribution":"{\"name\": \"FloatDistribution\", \"attributes\": {\"step\": null, \"low\": 0.1, \"high\": 100.0, \"log\": true}}"}
{"op_code":0,"worker_id":"7bfa1ef1-3ce6-43bb-a2d3-1427e374ae4b-23456247935296","study_name":"peter_mnist_k3","directions":[2]}
{"op_code":4,"worker_id":"7bfa1ef1-3ce6-43bb-a2d3-1427e374ae4b-23456247935296","study_id":0,"datetime_start":"2026-07-27T10:23:52.738295"}
{"op_code":0,"worker_id":"812e119c-ae0b-4b71-b751-b6677e228e68-23456247935296","study_name":"peter_mnist_k3","directions":[2]}
{"op_code":5,"worker_id":"7bfa1ef1-3ce6-43bb-a2d3-1427e374ae4b-23456247935296","trial_id":297,"param_name":"lr","param_value_internal":2.3366215303423827e-06,"distribution":"{\"name\": \"FloatDistribution\", \"attributes\": {\"step\": null, \"low\": 1e-08, \"high\": 0.5, \"log\": true}}"}
{"op_code":5,"worker_id":"7bfa1ef1-3ce6-43bb-a2d3-1427e374ae4b-23456247935296","trial_id":297,"param_name":"ratio","param_value_internal":1.2433315944519079,"distribution":"{\"name\": \"FloatDistribution\", \"attributes\": {\"step\": null, \"low\": 0.1, \"high\": 100.0, \"log\": true}}"}
{"op_code":4,"worker_id":"812e119c-ae0b-4b71-b751-b6677e228e68-23456247935296","study_id":0,"datetime_start":"2026-07-27T10:23:52.771000"}
{"op_code":0,"worker_id":"16c92d7d-e3d4-449f-a157-cc4095852551-23456247935296","study_name":"peter_mnist_k3","directions":[2]}
{"op_code":4,"worker_id":"16c92d7d-e3d4-449f-a157-cc4095852551-23456247935296","study_id":0,"datetime_start":"2026-07-27T10:23:52.886368"}
{"op_code":5,"worker_id":"812e119c-ae0b-4b71-b751-b6677e228e68-23456247935296","trial_id":298,"param_name":"lr","param_value_internal":6.201421352220862e-08,"distribution":"{\"name\": \"FloatDistribution\", \"attributes\": {\"step\": null, \"low\": 1e-08, \"high\": 0.5, \"log\": true}}"}
{"op_code":5,"worker_id":"812e119c-ae0b-4b71-b751-b6677e228e68-23456247935296","trial_id":298,"param_name":"ratio","param_value_internal":61.65194658536401,"distribution":"{\"name\": \"FloatDistribution\", \"attributes\": {\"step\": null, \"low\": 0.1, \"high\": 100.0, \"log\": true}}"}
{"op_code":5,"worker_id":"16c92d7d-e3d4-449f-a157-cc4095852551-23456247935296","trial_id":299,"param_name":"lr","param_value_internal":0.008524928781879085,"distribution":"{\"name\": \"FloatDistribution\", \"attributes\": {\"step\": null, \"low\": 1e-08, \"high\": 0.5, \"log\": true}}"}
{"op_code":5,"worker_id":"16c92d7d-e3d4-449f-a157-cc4095852551-23456247935296","trial_id":299,"param_name":"ratio","param_value_internal":4.617480884542844,"distribution":"{\"name\": \"FloatDistribution\", \"attributes\": {\"step\": null, \"low\": 0.1, \"high\": 100.0, \"log\": true}}"}
{"op_code":0,"worker_id":"6f6d8fb4-332e-42f0-ba66-ae99fbd28a82-23456247935296","study_name":"peter_mnist_k3","directions":[2]}
{"op_code":4,"worker_id":"6f6d8fb4-332e-42f0-ba66-ae99fbd28a82-23456247935296","study_id":0,"datetime_start":"2026-07-27T10:23:53.741619"}
{"op_code":5,"worker_id":"6f6d8fb4-332e-42f0-ba66-ae99fbd28a82-23456247935296","trial_id":300,"param_name":"lr","param_value_internal":0.021207987480128313,"distribution":"{\"name\": \"FloatDistribution\", \"attributes\": {\"step\": null, \"low\": 1e-08, \"high\": 0.5, \"log\": true}}"}
{"op_code":5,"worker_id":"6f6d8fb4-332e-42f0-ba66-ae99fbd28a82-23456247935296","trial_id":300,"param_name":"ratio","param_value_internal":0.7224253107046664,"distribution":"{\"name\": \"FloatDistribution\", \"attributes\": {\"step\": null, \"low\": 0.1, \"high\": 100.0, \"log\": true}}"}
{"op_code":0,"worker_id":"c8e2cefa-5686-4dd2-9100-21ca4bdbd237-23456247935296","study_name":"peter_mnist_k3","directions":[2]}
{"op_code":0,"worker_id":"a0199272-d43e-4645-b682-0e6b61718e25-23456247935296","study_name":"peter_mnist_k3","directions":[2]}
{"op_code":4,"worker_id":"c8e2cefa-5686-4dd2-9100-21ca4bdbd237-23456247935296","study_id":0,"datetime_start":"2026-07-27T10:23:53.914268"}
{"op_code":4,"worker_id":"a0199272-d43e-4645-b682-0e6b61718e25-23456247935296","study_id":0,"datetime_start":"2026-07-27T10:23:53.918942"}
{"op_code":5,"worker_id":"c8e2cefa-5686-4dd2-9100-21ca4bdbd237-23456247935296","trial_id":301,"param_name":"lr","param_value_internal":0.0013485604336592385,"distribution":"{\"name\": \"FloatDistribution\", \"attributes\": {\"step\": null, \"low\": 1e-08, \"high\": 0.5, \"log\": true}}"}
{"op_code":5,"worker_id":"c8e2cefa-5686-4dd2-9100-21ca4bdbd237-23456247935296","trial_id":301,"param_name":"ratio","param_value_internal":10.120177051172204,"distribution":"{\"name\": \"FloatDistribution\", \"attributes\": {\"step\": null, \"low\": 0.1, \"high\": 100.0, \"log\": true}}"}
{"op_code":5,"worker_id":"a0199272-d43e-4645-b682-0e6b61718e25-23456247935296","trial_id":302,"param_name":"lr","param_value_internal":2.313782095741216e-07,"distribution":"{\"name\": \"FloatDistribution\", \"attributes\": {\"step\": null, \"low\": 1e-08, \"high\": 0.5, \"log\": true}}"}
{"op_code":5,"worker_id":"a0199272-d43e-4645-b682-0e6b61718e25-23456247935296","trial_id":302,"param_name":"ratio","param_value_internal":3.2821959752602723,"distribution":"{\"name\": \"FloatDistribution\", \"attributes\": {\"step\": null, \"low\": 0.1, \"high\": 100.0, \"log\": true}}"}
{"op_code":0,"worker_id":"665a9979-2586-4614-803c-bdc943e06f7d-23456247935296","study_name":"peter_mnist_k3","directions":[2]}
{"op_code":4,"worker_id":"665a9979-2586-4614-803c-bdc943e06f7d-23456247935296","study_id":0,"datetime_start":"2026-07-27T10:23:54.788561"}
{"op_code":5,"worker_id":"665a9979-2586-4614-803c-bdc943e06f7d-23456247935296","trial_id":303,"param_name":"lr","param_value_internal":0.00028429640715175834,"distribution":"{\"name\": \"FloatDistribution\", \"attributes\": {\"step\": null, \"low\": 1e-08, \"high\": 0.5, \"log\": true}}"}
{"op_code":5,"worker_id":"665a9979-2586-4614-803c-bdc943e06f7d-23456247935296","trial_id":303,"param_name":"ratio","param_value_internal":0.13769287295495095,"distribution":"{\"name\": \"FloatDistribution\", \"attributes\": {\"step\": null, \"low\": 0.1, \"high\": 100.0, \"log\": true}}"}
{"op_code":0,"worker_id":"90a304ba-f248-441d-b657-7ae9755ad2ee-23456247935296","study_name":"peter_mnist_k3","directions":[2]}
{"op_code":0,"worker_id":"e3745cf9-976d-4b1c-9fe9-e5482bc532e9-23456247935296","study_name":"peter_mnist_k3","directions":[2]}
{"op_code":4,"worker_id":"90a304ba-f248-441d-b657-7ae9755ad2ee-23456247935296","study_id":0,"datetime_start":"2026-07-27T10:23:54.885249"}
{"op_code":4,"worker_id":"e3745cf9-976d-4b1c-9fe9-e5482bc532e9-23456247935296","study_id":0,"datetime_start":"2026-07-27T10:23:54.891281"}
{"op_code":5,"worker_id":"90a304ba-f248-441d-b657-7ae9755ad2ee-23456247935296","trial_id":304,"param_name":"lr","param_value_internal":3.246675130069341e-05,"distribution":"{\"name\": \"FloatDistribution\", \"attributes\": {\"step\": null, \"low\": 1e-08, \"high\": 0.5, \"log\": true}}"}
{"op_code":5,"worker_id":"90a304ba-f248-441d-b657-7ae9755ad2ee-23456247935296","trial_id":304,"param_name":"ratio","param_value_internal":5.411513175843257,"distribution":"{\"name\": \"FloatDistribution\", \"attributes\": {\"step\": null, \"low\": 0.1, \"high\": 100.0, \"log\": true}}"}
{"op_code":5,"worker_id":"e3745cf9-976d-4b1c-9fe9-e5482bc532e9-23456247935296","trial_id":305,"param_name":"lr","param_value_internal":0.09306942964105575,"distribution":"{\"name\": \"FloatDistribution\", \"attributes\": {\"step\": null, \"low\": 1e-08, \"high\": 0.5, \"log\": true}}"}
{"op_code":5,"worker_id":"e3745cf9-976d-4b1c-9fe9-e5482bc532e9-23456247935296","trial_id":305,"param_name":"ratio","param_value_internal":0.8568929980975528,"distribution":"{\"name\": \"FloatDistribution\", \"attributes\": {\"step\": null, \"low\": 0.1, \"high\": 100.0, \"log\": true}}"}
{"op_code":0,"worker_id":"c52addc6-7251-467a-bb38-abe84d46b5f9-23456247935296","study_name":"peter_mnist_k3","directions":[2]}
{"op_code":4,"worker_id":"c52addc6-7251-467a-bb38-abe84d46b5f9-23456247935296","study_id":0,"datetime_start":"2026-07-27T10:23:55.792107"}
{"op_code":5,"worker_id":"c52addc6-7251-467a-bb38-abe84d46b5f9-23456247935296","trial_id":306,"param_name":"lr","param_value_internal":0.009480644823947507,"distribution":"{\"name\": \"FloatDistribution\", \"attributes\": {\"step\": null, \"low\": 1e-08, \"high\": 0.5, \"log\": true}}"}
{"op_code":5,"worker_id":"c52addc6-7251-467a-bb38-abe84d46b5f9-23456247935296","trial_id":306,"param_name":"ratio","param_value_internal":0.37018297917612036,"distribution":"{\"name\": \"FloatDistribution\", \"attributes\": {\"step\": null, \"low\": 0.1, \"high\": 100.0, \"log\": true}}"}
{"op_code":0,"worker_id":"a1d67918-776d-4555-84c2-2c13b6a8858c-23456247935296","study_name":"peter_mnist_k3","directions":[2]}
{"op_code":0,"worker_id":"de173713-6b21-42b7-bd72-8cb1ca1591db-23456247935296","study_name":"peter_mnist_k3","directions":[2]}
{"op_code":4,"worker_id":"a1d67918-776d-4555-84c2-2c13b6a8858c-23456247935296","study_id":0,"datetime_start":"2026-07-27T10:23:55.870501"}
{"op_code":0,"worker_id":"d7558882-c4d8-4542-83d5-b45d4e3174cd-23456247935296","study_name":"peter_mnist_k3","directions":[2]}
{"op_code":5,"worker_id":"a1d67918-776d-4555-84c2-2c13b6a8858c-23456247935296","trial_id":307,"param_name":"lr","param_value_internal":1.6518021663817262e-05,"distribution":"{\"name\": \"FloatDistribution\", \"attributes\": {\"step\": null, \"low\": 1e-08, \"high\": 0.5, \"log\": true}}"}
{"op_code":5,"worker_id":"a1d67918-776d-4555-84c2-2c13b6a8858c-23456247935296","trial_id":307,"param_name":"ratio","param_value_internal":62.218118871908715,"distribution":"{\"name\": \"FloatDistribution\", \"attributes\": {\"step\": null, \"low\": 0.1, \"high\": 100.0, \"log\": true}}"}
{"op_code":4,"worker_id":"d7558882-c4d8-4542-83d5-b45d4e3174cd-23456247935296","study_id":0,"datetime_start":"2026-07-27T10:23:55.910951"}
{"op_code":4,"worker_id":"de173713-6b21-42b7-bd72-8cb1ca1591db-23456247935296","study_id":0,"datetime_start":"2026-07-27T10:23:55.876697"}
{"op_code":5,"worker_id":"d7558882-c4d8-4542-83d5-b45d4e3174cd-23456247935296","trial_id":308,"param_name":"lr","param_value_internal":0.000769301754306014,"distribution":"{\"name\": \"FloatDistribution\", \"attributes\": {\"step\": null, \"low\": 1e-08, \"high\": 0.5, \"log\": true}}"}
{"op_code":5,"worker_id":"d7558882-c4d8-4542-83d5-b45d4e3174cd-23456247935296","trial_id":308,"param_name":"ratio","param_value_internal":6.45457617817222,"distribution":"{\"name\": \"FloatDistribution\", \"attributes\": {\"step\": null, \"low\": 0.1, \"high\": 100.0, \"log\": true}}"}
{"op_code":5,"worker_id":"de173713-6b21-42b7-bd72-8cb1ca1591db-23456247935296","trial_id":309,"param_name":"lr","param_value_internal":0.04766144044961329,"distribution":"{\"name\": \"FloatDistribution\", \"attributes\": {\"step\": null, \"low\": 1e-08, \"high\": 0.5, \"log\": true}}"}
{"op_code":5,"worker_id":"de173713-6b21-42b7-bd72-8cb1ca1591db-23456247935296","trial_id":309,"param_name":"ratio","param_value_internal":2.337665048839993,"distribution":"{\"name\": \"FloatDistribution\", \"attributes\": {\"step\": null, \"low\": 0.1, \"high\": 100.0, \"log\": true}}"}
{"op_code":0,"worker_id":"d6035e85-95e4-403a-bf1d-e9df807c81ca-23456247935296","study_name":"peter_mnist_k3","directions":[2]}
{"op_code":4,"worker_id":"d6035e85-95e4-403a-bf1d-e9df807c81ca-23456247935296","study_id":0,"datetime_start":"2026-07-27T10:23:56.804772"}
{"op_code":5,"worker_id":"d6035e85-95e4-403a-bf1d-e9df807c81ca-23456247935296","trial_id":310,"param_name":"lr","param_value_internal":2.0002114098094163e-06,"distribution":"{\"name\": \"FloatDistribution\", \"attributes\": {\"step\": null, \"low\": 1e-08, \"high\": 0.5, \"log\": true}}"}
{"op_code":5,"worker_id":"d6035e85-95e4-403a-bf1d-e9df807c81ca-23456247935296","trial_id":310,"param_name":"ratio","param_value_internal":0.4155670438698307,"distribution":"{\"name\": \"FloatDistribution\", \"attributes\": {\"step\": null, \"low\": 0.1, \"high\": 100.0, \"log\": true}}"}
{"op_code":0,"worker_id":"65c9a025-0f29-48ba-84bd-fb2353e5f9a1-23456247935296","study_name":"peter_mnist_k3","directions":[2]}
{"op_code":0,"worker_id":"459403e1-2cf8-4596-8414-97c599267416-23456247935296","study_name":"peter_mnist_k3","directions":[2]}
{"op_code":4,"worker_id":"65c9a025-0f29-48ba-84bd-fb2353e5f9a1-23456247935296","study_id":0,"datetime_start":"2026-07-27T10:23:56.910407"}
{"op_code":4,"worker_id":"459403e1-2cf8-4596-8414-97c599267416-23456247935296","study_id":0,"datetime_start":"2026-07-27T10:23:56.915072"}
{"op_code":0,"worker_id":"6476cab4-0787-4fc5-ac28-58069c93edbf-23456247935296","study_name":"peter_mnist_k3","directions":[2]}
{"op_code":5,"worker_id":"65c9a025-0f29-48ba-84bd-fb2353e5f9a1-23456247935296","trial_id":311,"param_name":"lr","param_value_internal":0.00961541784218142,"distribution":"{\"name\": \"FloatDistribution\", \"attributes\": {\"step\": null, \"low\": 1e-08, \"high\": 0.5, \"log\": true}}"}
{"op_code":5,"worker_id":"65c9a025-0f29-48ba-84bd-fb2353e5f9a1-23456247935296","trial_id":311,"param_name":"ratio","param_value_internal":4.491635272131134,"distribution":"{\"name\": \"FloatDistribution\", \"attributes\": {\"step\": null, \"low\": 0.1, \"high\": 100.0, \"log\": true}}"}
{"op_code":5,"worker_id":"459403e1-2cf8-4596-8414-97c599267416-23456247935296","trial_id":312,"param_name":"lr","param_value_internal":0.0009167021742750351,"distribution":"{\"name\": \"FloatDistribution\", \"attributes\": {\"step\": null, \"low\": 1e-08, \"high\": 0.5, \"log\": true}}"}
{"op_code":5,"worker_id":"459403e1-2cf8-4596-8414-97c599267416-23456247935296","trial_id":312,"param_name":"ratio","param_value_internal":99.12705428005147,"distribution":"{\"name\": \"FloatDistribution\", \"attributes\": {\"step\": null, \"low\": 0.1, \"high\": 100.0, \"log\": true}}"}
{"op_code":4,"worker_id":"6476cab4-0787-4fc5-ac28-58069c93edbf-23456247935296","study_id":0,"datetime_start":"2026-07-27T10:23:56.964327"}
{"op_code":5,"worker_id":"6476cab4-0787-4fc5-ac28-58069c93edbf-23456247935296","trial_id":313,"param_name":"lr","param_value_internal":4.186153475623443e-07,"distribution":"{\"name\": \"FloatDistribution\", \"attributes\": {\"step\": null, \"low\": 1e-08, \"high\": 0.5, \"log\": true}}"}
{"op_code":5,"worker_id":"6476cab4-0787-4fc5-ac28-58069c93edbf-23456247935296","trial_id":313,"param_name":"ratio","param_value_internal":0.117667066865849,"distribution":"{\"name\": \"FloatDistribution\", \"attributes\": {\"step\": null, \"low\": 0.1, \"high\": 100.0, \"log\": true}}"}
{"op_code":0,"worker_id":"833c9a60-c9bf-4d85-90ff-29ffd3f728c1-23456247935296","study_name":"peter_mnist_k3","directions":[2]}
{"op_code":4,"worker_id":"833c9a60-c9bf-4d85-90ff-29ffd3f728c1-23456247935296","study_id":0,"datetime_start":"2026-07-27T10:23:57.823018"}
{"op_code":5,"worker_id":"833c9a60-c9bf-4d85-90ff-29ffd3f728c1-23456247935296","trial_id":314,"param_name":"lr","param_value_internal":4.762280645970699e-06,"distribution":"{\"name\": \"FloatDistribution\", \"attributes\": {\"step\": null, \"low\": 1e-08, \"high\": 0.5, \"log\": true}}"}
{"op_code":5,"worker_id":"833c9a60-c9bf-4d85-90ff-29ffd3f728c1-23456247935296","trial_id":314,"param_name":"ratio","param_value_internal":89.73517347239459,"distribution":"{\"name\": \"FloatDistribution\", \"attributes\": {\"step\": null, \"low\": 0.1, \"high\": 100.0, \"log\": true}}"}
{"op_code":0,"worker_id":"56a1ed18-c160-4d88-b8d8-98bad055011d-23456247935296","study_name":"peter_mnist_k3","directions":[2]}
{"op_code":4,"worker_id":"56a1ed18-c160-4d88-b8d8-98bad055011d-23456247935296","study_id":0,"datetime_start":"2026-07-27T10:23:57.895524"}
{"op_code":0,"worker_id":"e9ceeb06-e167-4bed-8983-9aa033322fc0-23456247935296","study_name":"peter_mnist_k3","directions":[2]}
{"op_code":0,"worker_id":"371ba1bd-7d07-404a-8813-2c57ad79c1b9-23456247935296","study_name":"peter_mnist_k3","directions":[2]}
{"op_code":5,"worker_id":"56a1ed18-c160-4d88-b8d8-98bad055011d-23456247935296","trial_id":315,"param_name":"lr","param_value_internal":7.331284970202611e-05,"distribution":"{\"name\": \"FloatDistribution\", \"attributes\": {\"step\": null, \"low\": 1e-08, \"high\": 0.5, \"log\": true}}"}
{"op_code":4,"worker_id":"e9ceeb06-e167-4bed-8983-9aa033322fc0-23456247935296","study_id":0,"datetime_start":"2026-07-27T10:23:57.917197"}
{"op_code":5,"worker_id":"56a1ed18-c160-4d88-b8d8-98bad055011d-23456247935296","trial_id":315,"param_name":"ratio","param_value_internal":4.002170558993959,"distribution":"{\"name\": \"FloatDistribution\", \"attributes\": {\"step\": null, \"low\": 0.1, \"high\": 100.0, \"log\": true}}"}
{"op_code":5,"worker_id":"e9ceeb06-e167-4bed-8983-9aa033322fc0-23456247935296","trial_id":316,"param_name":"lr","param_value_internal":0.04379925680526803,"distribution":"{\"name\": \"FloatDistribution\", \"attributes\": {\"step\": null, \"low\": 1e-08, \"high\": 0.5, \"log\": true}}"}
{"op_code":5,"worker_id":"e9ceeb06-e167-4bed-8983-9aa033322fc0-23456247935296","trial_id":316,"param_name":"ratio","param_value_internal":2.267631496999335,"distribution":"{\"name\": \"FloatDistribution\", \"attributes\": {\"step\": null, \"low\": 0.1, \"high\": 100.0, \"log\": true}}"}
{"op_code":4,"worker_id":"371ba1bd-7d07-404a-8813-2c57ad79c1b9-23456247935296","study_id":0,"datetime_start":"2026-07-27T10:23:57.920234"}
{"op_code":5,"worker_id":"371ba1bd-7d07-404a-8813-2c57ad79c1b9-23456247935296","trial_id":317,"param_name":"lr","param_value_internal":0.03426887825145461,"distribution":"{\"name\": \"FloatDistribution\", \"attributes\": {\"step\": null, \"low\": 1e-08, \"high\": 0.5, \"log\": true}}"}
{"op_code":5,"worker_id":"371ba1bd-7d07-404a-8813-2c57ad79c1b9-23456247935296","trial_id":317,"param_name":"ratio","param_value_internal":21.46102350385787,"distribution":"{\"name\": \"FloatDistribution\", \"attributes\": {\"step\": null, \"low\": 0.1, \"high\": 100.0, \"log\": true}}"}
{"op_code":0,"worker_id":"950688fe-8ac2-49de-b836-dced480e32fa-23456247935296","study_name":"peter_mnist_k3","directions":[2]}
{"op_code":0,"worker_id":"acce20f4-0e0c-4981-b076-1d6ed8105481-23456247935296","study_name":"peter_mnist_k3","directions":[2]}
{"op_code":0,"worker_id":"79fb7623-51b4-457e-a1c8-591f57107c66-23456247935296","study_name":"peter_mnist_k3","directions":[2]}
{"op_code":4,"worker_id":"950688fe-8ac2-49de-b836-dced480e32fa-23456247935296","study_id":0,"datetime_start":"2026-07-27T10:23:58.900426"}
{"op_code":4,"worker_id":"acce20f4-0e0c-4981-b076-1d6ed8105481-23456247935296","study_id":0,"datetime_start":"2026-07-27T10:23:58.920326"}
{"op_code":4,"worker_id":"79fb7623-51b4-457e-a1c8-591f57107c66-23456247935296","study_id":0,"datetime_start":"2026-07-27T10:23:58.951128"}
{"op_code":5,"worker_id":"950688fe-8ac2-49de-b836-dced480e32fa-23456247935296","trial_id":318,"param_name":"lr","param_value_internal":2.392308902534e-05,"distribution":"{\"name\": \"FloatDistribution\", \"attributes\": {\"step\": null, \"low\": 1e-08, \"high\": 0.5, \"log\": true}}"}
{"op_code":5,"worker_id":"950688fe-8ac2-49de-b836-dced480e32fa-23456247935296","trial_id":318,"param_name":"ratio","param_value_internal":1.4175151352775621,"distribution":"{\"name\": \"FloatDistribution\", \"attributes\": {\"step\": null, \"low\": 0.1, \"high\": 100.0, \"log\": true}}"}
{"op_code":0,"worker_id":"d4f86aa9-cd0c-442d-85eb-5c82995bb744-23456247935296","study_name":"peter_mnist_k3","directions":[2]}
{"op_code":5,"worker_id":"79fb7623-51b4-457e-a1c8-591f57107c66-23456247935296","trial_id":320,"param_name":"lr","param_value_internal":1.969325317946302e-07,"distribution":"{\"name\": \"FloatDistribution\", \"attributes\": {\"step\": null, \"low\": 1e-08, \"high\": 0.5, \"log\": true}}"}
{"op_code":4,"worker_id":"d4f86aa9-cd0c-442d-85eb-5c82995bb744-23456247935296","study_id":0,"datetime_start":"2026-07-27T10:23:58.999949"}
{"op_code":5,"worker_id":"79fb7623-51b4-457e-a1c8-591f57107c66-23456247935296","trial_id":320,"param_name":"ratio","param_value_internal":32.941606908748454,"distribution":"{\"name\": \"FloatDistribution\", \"attributes\": {\"step\": null, \"low\": 0.1, \"high\": 100.0, \"log\": true}}"}
{"op_code":5,"worker_id":"acce20f4-0e0c-4981-b076-1d6ed8105481-23456247935296","trial_id":319,"param_name":"lr","param_value_internal":0.006689532274851024,"distribution":"{\"name\": \"FloatDistribution\", \"attributes\": {\"step\": null, \"low\": 1e-08, \"high\": 0.5, \"log\": true}}"}
{"op_code":5,"worker_id":"acce20f4-0e0c-4981-b076-1d6ed8105481-23456247935296","trial_id":319,"param_name":"ratio","param_value_internal":0.18133637532007899,"distribution":"{\"name\": \"FloatDistribution\", \"attributes\": {\"step\": null, \"low\": 0.1, \"high\": 100.0, \"log\": true}}"}
{"op_code":5,"worker_id":"d4f86aa9-cd0c-442d-85eb-5c82995bb744-23456247935296","trial_id":321,"param_name":"lr","param_value_internal":0.005977005043557036,"distribution":"{\"name\": \"FloatDistribution\", \"attributes\": {\"step\": null, \"low\": 1e-08, \"high\": 0.5, \"log\": true}}"}
{"op_code":5,"worker_id":"d4f86aa9-cd0c-442d-85eb-5c82995bb744-23456247935296","trial_id":321,"param_name":"ratio","param_value_internal":4.210760291680185,"distribution":"{\"name\": \"FloatDistribution\", \"attributes\": {\"step\": null, \"low\": 0.1, \"high\": 100.0, \"log\": true}}"}
{"op_code":0,"worker_id":"cf6afe77-9cd9-4a39-8d84-72090fe6e659-23456247935296","study_name":"peter_mnist_k3","directions":[2]}
{"op_code":4,"worker_id":"cf6afe77-9cd9-4a39-8d84-72090fe6e659-23456247935296","study_id":0,"datetime_start":"2026-07-27T10:23:59.901229"}
{"op_code":0,"worker_id":"d70032de-f4c8-4275-be72-12fe7d11e45f-23456247935296","study_name":"peter_mnist_k3","directions":[2]}
{"op_code":5,"worker_id":"cf6afe77-9cd9-4a39-8d84-72090fe6e659-23456247935296","trial_id":322,"param_name":"lr","param_value_internal":7.08176169315053e-06,"distribution":"{\"name\": \"FloatDistribution\", \"attributes\": {\"step\": null, \"low\": 1e-08, \"high\": 0.5, \"log\": true}}"}
{"op_code":5,"worker_id":"cf6afe77-9cd9-4a39-8d84-72090fe6e659-23456247935296","trial_id":322,"param_name":"ratio","param_value_internal":0.11559966322456987,"distribution":"{\"name\": \"FloatDistribution\", \"attributes\": {\"step\": null, \"low\": 0.1, \"high\": 100.0, \"log\": true}}"}
{"op_code":4,"worker_id":"d70032de-f4c8-4275-be72-12fe7d11e45f-23456247935296","study_id":0,"datetime_start":"2026-07-27T10:23:59.954436"}
{"op_code":5,"worker_id":"d70032de-f4c8-4275-be72-12fe7d11e45f-23456247935296","trial_id":323,"param_name":"lr","param_value_internal":3.520582222095028e-06,"distribution":"{\"name\": \"FloatDistribution\", \"attributes\": {\"step\": null, \"low\": 1e-08, \"high\": 0.5, \"log\": true}}"}
{"op_code":5,"worker_id":"d70032de-f4c8-4275-be72-12fe7d11e45f-23456247935296","trial_id":323,"param_name":"ratio","param_value_internal":20.439561741847506,"distribution":"{\"name\": \"FloatDistribution\", \"attributes\": {\"step\": null, \"low\": 0.1, \"high\": 100.0, \"log\": true}}"}
{"op_code":0,"worker_id":"8e746133-d573-4dea-a119-ae309bdd554f-23456247935296","study_name":"peter_mnist_k3","directions":[2]}
{"op_code":0,"worker_id":"0dc6469a-2689-463c-a5a2-cdb4904c8fd3-23456247935296","study_name":"peter_mnist_k3","directions":[2]}
{"op_code":4,"worker_id":"8e746133-d573-4dea-a119-ae309bdd554f-23456247935296","study_id":0,"datetime_start":"2026-07-27T10:24:00.951672"}
{"op_code":4,"worker_id":"0dc6469a-2689-463c-a5a2-cdb4904c8fd3-23456247935296","study_id":0,"datetime_start":"2026-07-27T10:24:00.966015"}
{"op_code":5,"worker_id":"8e746133-d573-4dea-a119-ae309bdd554f-23456247935296","trial_id":324,"param_name":"lr","param_value_internal":2.4982460330346272e-05,"distribution":"{\"name\": \"FloatDistribution\", \"attributes\": {\"step\": null, \"low\": 1e-08, \"high\": 0.5, \"log\": true}}"}
{"op_code":5,"worker_id":"0dc6469a-2689-463c-a5a2-cdb4904c8fd3-23456247935296","trial_id":325,"param_name":"lr","param_value_internal":0.0026946741455367695,"distribution":"{\"name\": \"FloatDistribution\", \"attributes\": {\"step\": null, \"low\": 1e-08, \"high\": 0.5, \"log\": true}}"}
{"op_code":5,"worker_id":"0dc6469a-2689-463c-a5a2-cdb4904c8fd3-23456247935296","trial_id":325,"param_name":"ratio","param_value_internal":0.22462343206879842,"distribution":"{\"name\": \"FloatDistribution\", \"attributes\": {\"step\": null, \"low\": 0.1, \"high\": 100.0, \"log\": true}}"}
{"op_code":5,"worker_id":"8e746133-d573-4dea-a119-ae309bdd554f-23456247935296","trial_id":324,"param_name":"ratio","param_value_internal":0.16700723759732797,"distribution":"{\"name\": \"FloatDistribution\", \"attributes\": {\"step\": null, \"low\": 0.1, \"high\": 100.0, \"log\": true}}"}
{"op_code":0,"worker_id":"66df3358-42ca-43f0-9bb3-6db79ba685df-23456247935296","study_name":"peter_mnist_k3","directions":[2]}
{"op_code":4,"worker_id":"66df3358-42ca-43f0-9bb3-6db79ba685df-23456247935296","study_id":0,"datetime_start":"2026-07-27T10:24:01.953813"}
{"op_code":5,"worker_id":"66df3358-42ca-43f0-9bb3-6db79ba685df-23456247935296","trial_id":326,"param_name":"lr","param_value_internal":0.0008989505881016771,"distribution":"{\"name\": \"FloatDistribution\", \"attributes\": {\"step\": null, \"low\": 1e-08, \"high\": 0.5, \"log\": true}}"}
{"op_code":5,"worker_id":"66df3358-42ca-43f0-9bb3-6db79ba685df-23456247935296","trial_id":326,"param_name":"ratio","param_value_internal":0.15615131032934548,"distribution":"{\"name\": \"FloatDistribution\", \"attributes\": {\"step\": null, \"low\": 0.1, \"high\": 100.0, \"log\": true}}"}
{"op_code":0,"worker_id":"da3383ed-63f7-4860-babf-1f468c1ce234-23456247935296","study_name":"peter_mnist_k3","directions":[2]}
{"op_code":4,"worker_id":"da3383ed-63f7-4860-babf-1f468c1ce234-23456247935296","study_id":0,"datetime_start":"2026-07-27T10:24:02.042735"}
{"op_code":5,"worker_id":"da3383ed-63f7-4860-babf-1f468c1ce234-23456247935296","trial_id":327,"param_name":"lr","param_value_internal":1.0239513486572447e-05,"distribution":"{\"name\": \"FloatDistribution\", \"attributes\": {\"step\": null, \"low\": 1e-08, \"high\": 0.5, \"log\": true}}"}
{"op_code":5,"worker_id":"da3383ed-63f7-4860-babf-1f468c1ce234-23456247935296","trial_id":327,"param_name":"ratio","param_value_internal":0.21086610344918524,"distribution":"{\"name\": \"FloatDistribution\", \"attributes\": {\"step\": null, \"low\": 0.1, \"high\": 100.0, \"log\": true}}"}
{"op_code":0,"worker_id":"05dae372-c3a7-4794-9a7e-4957717ff184-23456247935296","study_name":"peter_mnist_k3","directions":[2]}
{"op_code":0,"worker_id":"e4f56476-86f5-40eb-99ac-ff09a13b87a1-23456247935296","study_name":"peter_mnist_k3","directions":[2]}
{"op_code":4,"worker_id":"05dae372-c3a7-4794-9a7e-4957717ff184-23456247935296","study_id":0,"datetime_start":"2026-07-27T10:24:02.957491"}
{"op_code":4,"worker_id":"e4f56476-86f5-40eb-99ac-ff09a13b87a1-23456247935296","study_id":0,"datetime_start":"2026-07-27T10:24:02.968819"}
{"op_code":5,"worker_id":"05dae372-c3a7-4794-9a7e-4957717ff184-23456247935296","trial_id":328,"param_name":"lr","param_value_internal":0.012154854988270323,"distribution":"{\"name\": \"FloatDistribution\", \"attributes\": {\"step\": null, \"low\": 1e-08, \"high\": 0.5, \"log\": true}}"}
{"op_code":5,"worker_id":"05dae372-c3a7-4794-9a7e-4957717ff184-23456247935296","trial_id":328,"param_name":"ratio","param_value_internal":12.75646831400396,"distribution":"{\"name\": \"FloatDistribution\", \"attributes\": {\"step\": null, \"low\": 0.1, \"high\": 100.0, \"log\": true}}"}
{"op_code":0,"worker_id":"05539858-2651-4ec9-82ee-c7412b07752b-23456247935296","study_name":"peter_mnist_k3","directions":[2]}
{"op_code":5,"worker_id":"e4f56476-86f5-40eb-99ac-ff09a13b87a1-23456247935296","trial_id":329,"param_name":"lr","param_value_internal":2.3620319658619186e-07,"distribution":"{\"name\": \"FloatDistribution\", \"attributes\": {\"step\": null, \"low\": 1e-08, \"high\": 0.5, \"log\": true}}"}
{"op_code":5,"worker_id":"e4f56476-86f5-40eb-99ac-ff09a13b87a1-23456247935296","trial_id":329,"param_name":"ratio","param_value_internal":0.4049663019093401,"distribution":"{\"name\": \"FloatDistribution\", \"attributes\": {\"step\": null, \"low\": 0.1, \"high\": 100.0, \"log\": true}}"}
{"op_code":4,"worker_id":"05539858-2651-4ec9-82ee-c7412b07752b-23456247935296","study_id":0,"datetime_start":"2026-07-27T10:24:03.058710"}
{"op_code":5,"worker_id":"05539858-2651-4ec9-82ee-c7412b07752b-23456247935296","trial_id":330,"param_name":"lr","param_value_internal":0.0041337988480015155,"distribution":"{\"name\": \"FloatDistribution\", \"attributes\": {\"step\": null, \"low\": 1e-08, \"high\": 0.5, \"log\": true}}"}
{"op_code":5,"worker_id":"05539858-2651-4ec9-82ee-c7412b07752b-23456247935296","trial_id":330,"param_name":"ratio","param_value_internal":0.16333998435301994,"distribution":"{\"name\": \"FloatDistribution\", \"attributes\": {\"step\": null, \"low\": 0.1, \"high\": 100.0, \"log\": true}}"}
{"op_code":0,"worker_id":"ce4bfb8f-8dac-4022-8b02-18e519007728-23456247935296","study_name":"peter_mnist_k3","directions":[2]}
{"op_code":0,"worker_id":"c2fab7ca-accc-4c9e-b767-2fac2255435c-23456247935296","study_name":"peter_mnist_k3","directions":[2]}
{"op_code":4,"worker_id":"ce4bfb8f-8dac-4022-8b02-18e519007728-23456247935296","study_id":0,"datetime_start":"2026-07-27T10:24:03.960936"}
{"op_code":4,"worker_id":"c2fab7ca-accc-4c9e-b767-2fac2255435c-23456247935296","study_id":0,"datetime_start":"2026-07-27T10:24:03.996837"}
{"op_code":5,"worker_id":"ce4bfb8f-8dac-4022-8b02-18e519007728-23456247935296","trial_id":331,"param_name":"lr","param_value_internal":0.0024512469449622016,"distribution":"{\"name\": \"FloatDistribution\", \"attributes\": {\"step\": null, \"low\": 1e-08, \"high\": 0.5, \"log\": true}}"}
{"op_code":5,"worker_id":"ce4bfb8f-8dac-4022-8b02-18e519007728-23456247935296","trial_id":331,"param_name":"ratio","param_value_internal":0.10474366973678981,"distribution":"{\"name\": \"FloatDistribution\", \"attributes\": {\"step\": null, \"low\": 0.1, \"high\": 100.0, \"log\": true}}"}
{"op_code":5,"worker_id":"c2fab7ca-accc-4c9e-b767-2fac2255435c-23456247935296","trial_id":332,"param_name":"lr","param_value_internal":7.175346020318749e-08,"distribution":"{\"name\": \"FloatDistribution\", \"attributes\": {\"step\": null, \"low\": 1e-08, \"high\": 0.5, \"log\": true}}"}
{"op_code":5,"worker_id":"c2fab7ca-accc-4c9e-b767-2fac2255435c-23456247935296","trial_id":332,"param_name":"ratio","param_value_internal":1.0052970627778473,"distribution":"{\"name\": \"FloatDistribution\", \"attributes\": {\"step\": null, \"low\": 0.1, \"high\": 100.0, \"log\": true}}"}
{"op_code":0,"worker_id":"51f081c4-075e-49a0-844d-d5fe765fdf29-23456247935296","study_name":"peter_mnist_k3","directions":[2]}
{"op_code":0,"worker_id":"2368ec17-70e0-4dc7-a528-0eac89fa5e84-23456247935296","study_name":"peter_mnist_k3","directions":[2]}
{"op_code":4,"worker_id":"51f081c4-075e-49a0-844d-d5fe765fdf29-23456247935296","study_id":0,"datetime_start":"2026-07-27T10:24:04.980242"}
{"op_code":4,"worker_id":"2368ec17-70e0-4dc7-a528-0eac89fa5e84-23456247935296","study_id":0,"datetime_start":"2026-07-27T10:24:04.983316"}
{"op_code":5,"worker_id":"51f081c4-075e-49a0-844d-d5fe765fdf29-23456247935296","trial_id":333,"param_name":"lr","param_value_internal":5.242764171628746e-08,"distribution":"{\"name\": \"FloatDistribution\", \"attributes\": {\"step\": null, \"low\": 1e-08, \"high\": 0.5, \"log\": true}}"}
{"op_code":5,"worker_id":"51f081c4-075e-49a0-844d-d5fe765fdf29-23456247935296","trial_id":333,"param_name":"ratio","param_value_internal":0.33081669771035666,"distribution":"{\"name\": \"FloatDistribution\", \"attributes\": {\"step\": null, \"low\": 0.1, \"high\": 100.0, \"log\": true}}"}
{"op_code":5,"worker_id":"2368ec17-70e0-4dc7-a528-0eac89fa5e84-23456247935296","trial_id":334,"param_name":"lr","param_value_internal":6.27153953644495e-07,"distribution":"{\"name\": \"FloatDistribution\", \"attributes\": {\"step\": null, \"low\": 1e-08, \"high\": 0.5, \"log\": true}}"}
{"op_code":5,"worker_id":"2368ec17-70e0-4dc7-a528-0eac89fa5e84-23456247935296","trial_id":334,"param_name":"ratio","param_value_internal":69.29605841542406,"distribution":"{\"name\": \"FloatDistribution\", \"attributes\": {\"step\": null, \"low\": 0.1, \"high\": 100.0, \"log\": true}}"}
{"op_code":0,"worker_id":"dd99ae74-80c2-4d2c-9f00-c5647453a112-23456247935296","study_name":"peter_mnist_k3","directions":[2]}
{"op_code":4,"worker_id":"dd99ae74-80c2-4d2c-9f00-c5647453a112-23456247935296","study_id":0,"datetime_start":"2026-07-27T10:24:05.065049"}
{"op_code":5,"worker_id":"dd99ae74-80c2-4d2c-9f00-c5647453a112-23456247935296","trial_id":335,"param_name":"lr","param_value_internal":1.0129280373811358e-06,"distribution":"{\"name\": \"FloatDistribution\", \"attributes\": {\"step\": null, \"low\": 1e-08, \"high\": 0.5, \"log\": true}}"}
{"op_code":5,"worker_id":"dd99ae74-80c2-4d2c-9f00-c5647453a112-23456247935296","trial_id":335,"param_name":"ratio","param_value_internal":19.900935234755647,"distribution":"{\"name\": \"FloatDistribution\", \"attributes\": {\"step\": null, \"low\": 0.1, \"high\": 100.0, \"log\": true}}"}
{"op_code":0,"worker_id":"5098b916-2577-49de-893d-5667bb2388eb-23456247935296","study_name":"peter_mnist_k3","directions":[2]}
{"op_code":0,"worker_id":"0a195391-ea9c-4411-a4d6-8bb1bb76ac64-23456247935296","study_name":"peter_mnist_k3","directions":[2]}
{"op_code":4,"worker_id":"5098b916-2577-49de-893d-5667bb2388eb-23456247935296","study_id":0,"datetime_start":"2026-07-27T10:24:05.978636"}
{"op_code":4,"worker_id":"0a195391-ea9c-4411-a4d6-8bb1bb76ac64-23456247935296","study_id":0,"datetime_start":"2026-07-27T10:24:05.987619"}
{"op_code":5,"worker_id":"5098b916-2577-49de-893d-5667bb2388eb-23456247935296","trial_id":336,"param_name":"lr","param_value_internal":2.432741017072518e-05,"distribution":"{\"name\": \"FloatDistribution\", \"attributes\": {\"step\": null, \"low\": 1e-08, \"high\": 0.5, \"log\": true}}"}
{"op_code":5,"worker_id":"5098b916-2577-49de-893d-5667bb2388eb-23456247935296","trial_id":336,"param_name":"ratio","param_value_internal":0.24223330010489336,"distribution":"{\"name\": \"FloatDistribution\", \"attributes\": {\"step\": null, \"low\": 0.1, \"high\": 100.0, \"log\": true}}"}
{"op_code":5,"worker_id":"0a195391-ea9c-4411-a4d6-8bb1bb76ac64-23456247935296","trial_id":337,"param_name":"lr","param_value_internal":2.5392286736439037e-08,"distribution":"{\"name\": \"FloatDistribution\", \"attributes\": {\"step\": null, \"low\": 1e-08, \"high\": 0.5, \"log\": true}}"}
{"op_code":5,"worker_id":"0a195391-ea9c-4411-a4d6-8bb1bb76ac64-23456247935296","trial_id":337,"param_name":"ratio","param_value_internal":0.925759720793815,"distribution":"{\"name\": \"FloatDistribution\", \"attributes\": {\"step\": null, \"low\": 0.1, \"high\": 100.0, \"log\": true}}"}
{"op_code":4,"worker_id":"498eb3ef-ad1c-467a-b4fc-2477091d4171-23456247935296","study_id":0,"datetime_start":"2026-07-27T10:23:43.498344"}
{"op_code":0,"worker_id":"29b7a66d-c181-43e9-bbed-018abb0296c2-23456247935296","study_name":"peter_mnist_k3","directions":[2]}
{"op_code":5,"worker_id":"498eb3ef-ad1c-467a-b4fc-2477091d4171-23456247935296","trial_id":338,"param_name":"lr","param_value_internal":5.7781154574944527e-08,"distribution":"{\"name\": \"FloatDistribution\", \"attributes\": {\"step\": null, \"low\": 1e-08, \"high\": 0.5, \"log\": true}}"}
{"op_code":5,"worker_id":"498eb3ef-ad1c-467a-b4fc-2477091d4171-23456247935296","trial_id":338,"param_name":"ratio","param_value_internal":0.335817239954586,"distribution":"{\"name\": \"FloatDistribution\", \"attributes\": {\"step\": null, \"low\": 0.1, \"high\": 100.0, \"log\": true}}"}
{"op_code":4,"worker_id":"29b7a66d-c181-43e9-bbed-018abb0296c2-23456247935296","study_id":0,"datetime_start":"2026-07-27T10:24:06.171734"}
{"op_code":5,"worker_id":"29b7a66d-c181-43e9-bbed-018abb0296c2-23456247935296","trial_id":339,"param_name":"lr","param_value_internal":3.972414646855376e-06,"distribution":"{\"name\": \"FloatDistribution\", \"attributes\": {\"step\": null, \"low\": 1e-08, \"high\": 0.5, \"log\": true}}"}
{"op_code":5,"worker_id":"29b7a66d-c181-43e9-bbed-018abb0296c2-23456247935296","trial_id":339,"param_name":"ratio","param_value_internal":0.2794141379348482,"distribution":"{\"name\": \"FloatDistribution\", \"attributes\": {\"step\": null, \"low\": 0.1, \"high\": 100.0, \"log\": true}}"}
{"op_code":0,"worker_id":"a4622683-d256-4c5c-abb7-a6c2c028cdc3-23456247935296","study_name":"peter_mnist_k3","directions":[2]}
{"op_code":4,"worker_id":"a4622683-d256-4c5c-abb7-a6c2c028cdc3-23456247935296","study_id":0,"datetime_start":"2026-07-27T10:24:06.991622"}
{"op_code":5,"worker_id":"a4622683-d256-4c5c-abb7-a6c2c028cdc3-23456247935296","trial_id":340,"param_name":"lr","param_value_internal":0.017460734758973424,"distribution":"{\"name\": \"FloatDistribution\", \"attributes\": {\"step\": null, \"low\": 1e-08, \"high\": 0.5, \"log\": true}}"}
{"op_code":5,"worker_id":"a4622683-d256-4c5c-abb7-a6c2c028cdc3-23456247935296","trial_id":340,"param_name":"ratio","param_value_internal":1.2006100175482703,"distribution":"{\"name\": \"FloatDistribution\", \"attributes\": {\"step\": null, \"low\": 0.1, \"high\": 100.0, \"log\": true}}"}
{"op_code":0,"worker_id":"34dfadf1-0763-45a2-8127-f27f9b3ee6e4-23456247935296","study_name":"peter_mnist_k3","directions":[2]}
{"op_code":4,"worker_id":"34dfadf1-0763-45a2-8127-f27f9b3ee6e4-23456247935296","study_id":0,"datetime_start":"2026-07-27T10:24:07.050733"}
{"op_code":0,"worker_id":"6adfeca2-6878-493e-aefd-354ac9cabccb-23456247935296","study_name":"peter_mnist_k3","directions":[2]}
{"op_code":4,"worker_id":"6adfeca2-6878-493e-aefd-354ac9cabccb-23456247935296","study_id":0,"datetime_start":"2026-07-27T10:24:07.076291"}
{"op_code":5,"worker_id":"34dfadf1-0763-45a2-8127-f27f9b3ee6e4-23456247935296","trial_id":341,"param_name":"lr","param_value_internal":0.00039880109040013194,"distribution":"{\"name\": \"FloatDistribution\", \"attributes\": {\"step\": null, \"low\": 1e-08, \"high\": 0.5, \"log\": true}}"}
{"op_code":5,"worker_id":"34dfadf1-0763-45a2-8127-f27f9b3ee6e4-23456247935296","trial_id":341,"param_name":"ratio","param_value_internal":0.1276823529906887,"distribution":"{\"name\": \"FloatDistribution\", \"attributes\": {\"step\": null, \"low\": 0.1, \"high\": 100.0, \"log\": true}}"}
{"op_code":5,"worker_id":"6adfeca2-6878-493e-aefd-354ac9cabccb-23456247935296","trial_id":342,"param_name":"lr","param_value_internal":9.887912010107625e-07,"distribution":"{\"name\": \"FloatDistribution\", \"attributes\": {\"step\": null, \"low\": 1e-08, \"high\": 0.5, \"log\": true}}"}
{"op_code":5,"worker_id":"6adfeca2-6878-493e-aefd-354ac9cabccb-23456247935296","trial_id":342,"param_name":"ratio","param_value_internal":30.123599974811697,"distribution":"{\"name\": \"FloatDistribution\", \"attributes\": {\"step\": null, \"low\": 0.1, \"high\": 100.0, \"log\": true}}"}
{"op_code":0,"worker_id":"924312eb-cb01-4964-b3c0-54b60236214e-23456247935296","study_name":"peter_mnist_k3","directions":[2]}
{"op_code":4,"worker_id":"924312eb-cb01-4964-b3c0-54b60236214e-23456247935296","study_id":0,"datetime_start":"2026-07-27T10:24:07.255330"}
{"op_code":5,"worker_id":"924312eb-cb01-4964-b3c0-54b60236214e-23456247935296","trial_id":343,"param_name":"lr","param_value_internal":5.772618548251012e-07,"distribution":"{\"name\": \"FloatDistribution\", \"attributes\": {\"step\": null, \"low\": 1e-08, \"high\": 0.5, \"log\": true}}"}
{"op_code":5,"worker_id":"924312eb-cb01-4964-b3c0-54b60236214e-23456247935296","trial_id":343,"param_name":"ratio","param_value_internal":0.15370624224584242,"distribution":"{\"name\": \"FloatDistribution\", \"attributes\": {\"step\": null, \"low\": 0.1, \"high\": 100.0, \"log\": true}}"}
{"op_code":0,"worker_id":"d5eb0f8e-8095-4b76-98d0-8c4aad008a2c-23456247935296","study_name":"peter_mnist_k3","directions":[2]}
{"op_code":4,"worker_id":"d5eb0f8e-8095-4b76-98d0-8c4aad008a2c-23456247935296","study_id":0,"datetime_start":"2026-07-27T10:24:07.996037"}
{"op_code":0,"worker_id":"d00d7602-24f6-4359-838f-ddd41d503d04-23456247935296","study_name":"peter_mnist_k3","directions":[2]}
{"op_code":0,"worker_id":"a09b9c56-9ffc-4ba2-b2a8-9317006c4792-23456247935296","study_name":"peter_mnist_k3","directions":[2]}
{"op_code":4,"worker_id":"d00d7602-24f6-4359-838f-ddd41d503d04-23456247935296","study_id":0,"datetime_start":"2026-07-27T10:24:08.045980"}
{"op_code":4,"worker_id":"a09b9c56-9ffc-4ba2-b2a8-9317006c4792-23456247935296","study_id":0,"datetime_start":"2026-07-27T10:24:08.053616"}
{"op_code":0,"worker_id":"5863d39e-19a1-4c06-a2ec-644455d67e2d-23456247935296","study_name":"peter_mnist_k3","directions":[2]}
{"op_code":5,"worker_id":"a09b9c56-9ffc-4ba2-b2a8-9317006c4792-23456247935296","trial_id":346,"param_name":"lr","param_value_internal":0.37978269299498635,"distribution":"{\"name\": \"FloatDistribution\", \"attributes\": {\"step\": null, \"low\": 1e-08, \"high\": 0.5, \"log\": true}}"}
{"op_code":5,"worker_id":"a09b9c56-9ffc-4ba2-b2a8-9317006c4792-23456247935296","trial_id":346,"param_name":"ratio","param_value_internal":0.8861923813593426,"distribution":"{\"name\": \"FloatDistribution\", \"attributes\": {\"step\": null, \"low\": 0.1, \"high\": 100.0, \"log\": true}}"}
{"op_code":4,"worker_id":"5863d39e-19a1-4c06-a2ec-644455d67e2d-23456247935296","study_id":0,"datetime_start":"2026-07-27T10:24:08.121957"}
{"op_code":5,"worker_id":"d00d7602-24f6-4359-838f-ddd41d503d04-23456247935296","trial_id":345,"param_name":"lr","param_value_internal":3.3254137666942364e-07,"distribution":"{\"name\": \"FloatDistribution\", \"attributes\": {\"step\": null, \"low\": 1e-08, \"high\": 0.5, \"log\": true}}"}
{"op_code":5,"worker_id":"d00d7602-24f6-4359-838f-ddd41d503d04-23456247935296","trial_id":345,"param_name":"ratio","param_value_internal":30.222246741508464,"distribution":"{\"name\": \"FloatDistribution\", \"attributes\": {\"step\": null, \"low\": 0.1, \"high\": 100.0, \"log\": true}}"}
{"op_code":5,"worker_id":"5863d39e-19a1-4c06-a2ec-644455d67e2d-23456247935296","trial_id":347,"param_name":"lr","param_value_internal":0.0002680277763136809,"distribution":"{\"name\": \"FloatDistribution\", \"attributes\": {\"step\": null, \"low\": 1e-08, \"high\": 0.5, \"log\": true}}"}
{"op_code":5,"worker_id":"5863d39e-19a1-4c06-a2ec-644455d67e2d-23456247935296","trial_id":347,"param_name":"ratio","param_value_internal":4.710434897676109,"distribution":"{\"name\": \"FloatDistribution\", \"attributes\": {\"step\": null, \"low\": 0.1, \"high\": 100.0, \"log\": true}}"}
{"op_code":5,"worker_id":"d5eb0f8e-8095-4b76-98d0-8c4aad008a2c-23456247935296","trial_id":344,"param_name":"lr","param_value_internal":7.064018186718292e-06,"distribution":"{\"name\": \"FloatDistribution\", \"attributes\": {\"step\": null, \"low\": 1e-08, \"high\": 0.5, \"log\": true}}"}
{"op_code":5,"worker_id":"d5eb0f8e-8095-4b76-98d0-8c4aad008a2c-23456247935296","trial_id":344,"param_name":"ratio","param_value_internal":2.923229280113176,"distribution":"{\"name\": \"FloatDistribution\", \"attributes\": {\"step\": null, \"low\": 0.1, \"high\": 100.0, \"log\": true}}"}
{"op_code":0,"worker_id":"074583a4-4f0a-4c8c-a5a8-cc232d00ba4d-23456247935296","study_name":"peter_mnist_k3","directions":[2]}
{"op_code":4,"worker_id":"074583a4-4f0a-4c8c-a5a8-cc232d00ba4d-23456247935296","study_id":0,"datetime_start":"2026-07-27T10:24:10.077899"}
{"op_code":5,"worker_id":"074583a4-4f0a-4c8c-a5a8-cc232d00ba4d-23456247935296","trial_id":348,"param_name":"lr","param_value_internal":2.6386778731780965e-05,"distribution":"{\"name\": \"FloatDistribution\", \"attributes\": {\"step\": null, \"low\": 1e-08, \"high\": 0.5, \"log\": true}}"}
{"op_code":5,"worker_id":"074583a4-4f0a-4c8c-a5a8-cc232d00ba4d-23456247935296","trial_id":348,"param_name":"ratio","param_value_internal":3.6460396409011246,"distribution":"{\"name\": \"FloatDistribution\", \"attributes\": {\"step\": null, \"low\": 0.1, \"high\": 100.0, \"log\": true}}"}
{"op_code":0,"worker_id":"93ad3be8-71d5-475c-b129-d32f899984f3-23456247935296","study_name":"peter_mnist_k3","directions":[2]}
{"op_code":0,"worker_id":"de69991f-6e65-4a6c-a8e8-b5ab3441b87e-23456247935296","study_name":"peter_mnist_k3","directions":[2]}
{"op_code":4,"worker_id":"93ad3be8-71d5-475c-b129-d32f899984f3-23456247935296","study_id":0,"datetime_start":"2026-07-27T10:24:10.584498"}
{"op_code":0,"worker_id":"8928d305-6a08-4aaa-bf33-d0fa09a7e340-23456247935296","study_name":"peter_mnist_k3","directions":[2]}
{"op_code":4,"worker_id":"de69991f-6e65-4a6c-a8e8-b5ab3441b87e-23456247935296","study_id":0,"datetime_start":"2026-07-27T10:24:10.588655"}
{"op_code":4,"worker_id":"8928d305-6a08-4aaa-bf33-d0fa09a7e340-23456247935296","study_id":0,"datetime_start":"2026-07-27T10:24:10.676953"}
{"op_code":5,"worker_id":"93ad3be8-71d5-475c-b129-d32f899984f3-23456247935296","trial_id":349,"param_name":"lr","param_value_internal":1.078449514561196e-06,"distribution":"{\"name\": \"FloatDistribution\", \"attributes\": {\"step\": null, \"low\": 1e-08, \"high\": 0.5, \"log\": true}}"}
{"op_code":5,"worker_id":"93ad3be8-71d5-475c-b129-d32f899984f3-23456247935296","trial_id":349,"param_name":"ratio","param_value_internal":1.4155928298789857,"distribution":"{\"name\": \"FloatDistribution\", \"attributes\": {\"step\": null, \"low\": 0.1, \"high\": 100.0, \"log\": true}}"}
{"op_code":5,"worker_id":"de69991f-6e65-4a6c-a8e8-b5ab3441b87e-23456247935296","trial_id":350,"param_name":"lr","param_value_internal":0.0009417658676839066,"distribution":"{\"name\": \"FloatDistribution\", \"attributes\": {\"step\": null, \"low\": 1e-08, \"high\": 0.5, \"log\": true}}"}
{"op_code":5,"worker_id":"de69991f-6e65-4a6c-a8e8-b5ab3441b87e-23456247935296","trial_id":350,"param_name":"ratio","param_value_internal":95.70354562513917,"distribution":"{\"name\": \"FloatDistribution\", \"attributes\": {\"step\": null, \"low\": 0.1, \"high\": 100.0, \"log\": true}}"}
{"op_code":5,"worker_id":"8928d305-6a08-4aaa-bf33-d0fa09a7e340-23456247935296","trial_id":351,"param_name":"lr","param_value_internal":0.0003049330739661725,"distribution":"{\"name\": \"FloatDistribution\", \"attributes\": {\"step\": null, \"low\": 1e-08, \"high\": 0.5, \"log\": true}}"}
{"op_code":5,"worker_id":"8928d305-6a08-4aaa-bf33-d0fa09a7e340-23456247935296","trial_id":351,"param_name":"ratio","param_value_internal":10.699357523177854,"distribution":"{\"name\": \"FloatDistribution\", \"attributes\": {\"step\": null, \"low\": 0.1, \"high\": 100.0, \"log\": true}}"}
{"op_code":0,"worker_id":"40a9787e-838d-4ea2-bc79-a2dba5daa273-23456247935296","study_name":"peter_mnist_k3","directions":[2]}
{"op_code":4,"worker_id":"40a9787e-838d-4ea2-bc79-a2dba5daa273-23456247935296","study_id":0,"datetime_start":"2026-07-27T10:24:11.370240"}
{"op_code":0,"worker_id":"f10900a6-4be4-4fda-aecb-d62f60f3fb57-23456247935296","study_name":"peter_mnist_k3","directions":[2]}
{"op_code":4,"worker_id":"f10900a6-4be4-4fda-aecb-d62f60f3fb57-23456247935296","study_id":0,"datetime_start":"2026-07-27T10:24:11.466851"}
{"op_code":0,"worker_id":"77d38ffb-1784-45c6-92c3-df3c66261850-23456247935296","study_name":"peter_mnist_k3","directions":[2]}
{"op_code":0,"worker_id":"68b3eb45-01bc-4ca7-972d-9de5515a0019-23456247935296","study_name":"peter_mnist_k3","directions":[2]}
{"op_code":5,"worker_id":"f10900a6-4be4-4fda-aecb-d62f60f3fb57-23456247935296","trial_id":353,"param_name":"lr","param_value_internal":5.238717477694885e-08,"distribution":"{\"name\": \"FloatDistribution\", \"attributes\": {\"step\": null, \"low\": 1e-08, \"high\": 0.5, \"log\": true}}"}
{"op_code":4,"worker_id":"77d38ffb-1784-45c6-92c3-df3c66261850-23456247935296","study_id":0,"datetime_start":"2026-07-27T10:24:11.654322"}
{"op_code":5,"worker_id":"f10900a6-4be4-4fda-aecb-d62f60f3fb57-23456247935296","trial_id":353,"param_name":"ratio","param_value_internal":22.134125367888103,"distribution":"{\"name\": \"FloatDistribution\", \"attributes\": {\"step\": null, \"low\": 0.1, \"high\": 100.0, \"log\": true}}"}
{"op_code":4,"worker_id":"68b3eb45-01bc-4ca7-972d-9de5515a0019-23456247935296","study_id":0,"datetime_start":"2026-07-27T10:24:11.661487"}
{"op_code":5,"worker_id":"40a9787e-838d-4ea2-bc79-a2dba5daa273-23456247935296","trial_id":352,"param_name":"lr","param_value_internal":5.522700662727639e-05,"distribution":"{\"name\": \"FloatDistribution\", \"attributes\": {\"step\": null, \"low\": 1e-08, \"high\": 0.5, \"log\": true}}"}
{"op_code":5,"worker_id":"40a9787e-838d-4ea2-bc79-a2dba5daa273-23456247935296","trial_id":352,"param_name":"ratio","param_value_internal":0.44181242317333114,"distribution":"{\"name\": \"FloatDistribution\", \"attributes\": {\"step\": null, \"low\": 0.1, \"high\": 100.0, \"log\": true}}"}
{"op_code":5,"worker_id":"77d38ffb-1784-45c6-92c3-df3c66261850-23456247935296","trial_id":354,"param_name":"lr","param_value_internal":1.9800852661339833e-06,"distribution":"{\"name\": \"FloatDistribution\", \"attributes\": {\"step\": null, \"low\": 1e-08, \"high\": 0.5, \"log\": true}}"}
{"op_code":5,"worker_id":"77d38ffb-1784-45c6-92c3-df3c66261850-23456247935296","trial_id":354,"param_name":"ratio","param_value_internal":0.9169986659928796,"distribution":"{\"name\": \"FloatDistribution\", \"attributes\": {\"step\": null, \"low\": 0.1, \"high\": 100.0, \"log\": true}}"}
{"op_code":5,"worker_id":"68b3eb45-01bc-4ca7-972d-9de5515a0019-23456247935296","trial_id":355,"param_name":"lr","param_value_internal":5.857633100631615e-08,"distribution":"{\"name\": \"FloatDistribution\", \"attributes\": {\"step\": null, \"low\": 1e-08, \"high\": 0.5, \"log\": true}}"}
{"op_code":5,"worker_id":"68b3eb45-01bc-4ca7-972d-9de5515a0019-23456247935296","trial_id":355,"param_name":"ratio","param_value_internal":0.5888651237419666,"distribution":"{\"name\": \"FloatDistribution\", \"attributes\": {\"step\": null, \"low\": 0.1, \"high\": 100.0, \"log\": true}}"}
{"op_code":0,"worker_id":"057b5928-e5e7-4997-b1cd-6af8e493a13a-23456247935296","study_name":"peter_mnist_k3","directions":[2]}
{"op_code":4,"worker_id":"057b5928-e5e7-4997-b1cd-6af8e493a13a-23456247935296","study_id":0,"datetime_start":"2026-07-27T10:24:12.618507"}
{"op_code":5,"worker_id":"057b5928-e5e7-4997-b1cd-6af8e493a13a-23456247935296","trial_id":356,"param_name":"lr","param_value_internal":0.00018021416552768498,"distribution":"{\"name\": \"FloatDistribution\", \"attributes\": {\"step\": null, \"low\": 1e-08, \"high\": 0.5, \"log\": true}}"}
{"op_code":5,"worker_id":"057b5928-e5e7-4997-b1cd-6af8e493a13a-23456247935296","trial_id":356,"param_name":"ratio","param_value_internal":55.448629467699575,"distribution":"{\"name\": \"FloatDistribution\", \"attributes\": {\"step\": null, \"low\": 0.1, \"high\": 100.0, \"log\": true}}"}
{"op_code":6,"worker_id":"bf507284-f9e9-427e-8bf7-2a03053c4ddd-23456247935296","trial_id":292,"state":3,"values":null,"datetime_complete":"2026-07-27T10:40:37.873320"}
{"op_code":0,"worker_id":"9e5a508c-cf0e-4a39-b7f7-82f70995ce29-23456247935296","study_name":"peter_mnist_k3","directions":[2]}
{"op_code":4,"worker_id":"9e5a508c-cf0e-4a39-b7f7-82f70995ce29-23456247935296","study_id":0,"datetime_start":"2026-07-27T10:40:38.068504"}
{"op_code":5,"worker_id":"9e5a508c-cf0e-4a39-b7f7-82f70995ce29-23456247935296","trial_id":357,"param_name":"lr","param_value_internal":0.23678401031412893,"distribution":"{\"name\": \"FloatDistribution\", \"attributes\": {\"step\": null, \"low\": 1e-08, \"high\": 0.5, \"log\": true}}"}
{"op_code":5,"worker_id":"9e5a508c-cf0e-4a39-b7f7-82f70995ce29-23456247935296","trial_id":357,"param_name":"ratio","param_value_internal":76.64678443015795,"distribution":"{\"name\": \"FloatDistribution\", \"attributes\": {\"step\": null, \"low\": 0.1, \"high\": 100.0, \"log\": true}}"}
{"op_code":6,"worker_id":"d7558882-c4d8-4542-83d5-b45d4e3174cd-23456247935296","trial_id":308,"state":3,"values":null,"datetime_complete":"2026-07-27T10:40:51.777658"}
{"op_code":0,"worker_id":"f21e4b03-e6b1-4bbf-bd6a-c8bf1a9447d9-23456247935296","study_name":"peter_mnist_k3","directions":[2]}
{"op_code":4,"worker_id":"f21e4b03-e6b1-4bbf-bd6a-c8bf1a9447d9-23456247935296","study_id":0,"datetime_start":"2026-07-27T10:40:51.824221"}
{"op_code":5,"worker_id":"f21e4b03-e6b1-4bbf-bd6a-c8bf1a9447d9-23456247935296","trial_id":358,"param_name":"lr","param_value_internal":9.022795978339698e-07,"distribution":"{\"name\": \"FloatDistribution\", \"attributes\": {\"step\": null, \"low\": 1e-08, \"high\": 0.5, \"log\": true}}"}
{"op_code":5,"worker_id":"f21e4b03-e6b1-4bbf-bd6a-c8bf1a9447d9-23456247935296","trial_id":358,"param_name":"ratio","param_value_internal":0.26026476351669486,"distribution":"{\"name\": \"FloatDistribution\", \"attributes\": {\"step\": null, \"low\": 0.1, \"high\": 100.0, \"log\": true}}"}
{"op_code":6,"worker_id":"33671768-f816-4337-a8e6-04cc39875bca-23456247935296","trial_id":285,"state":3,"values":null,"datetime_complete":"2026-07-27T10:40:55.783072"}
{"op_code":0,"worker_id":"9529ae84-ba63-4a67-b0a8-03a7c681f5be-23456247935296","study_name":"peter_mnist_k3","directions":[2]}
{"op_code":4,"worker_id":"9529ae84-ba63-4a67-b0a8-03a7c681f5be-23456247935296","study_id":0,"datetime_start":"2026-07-27T10:40:55.994815"}
{"op_code":5,"worker_id":"9529ae84-ba63-4a67-b0a8-03a7c681f5be-23456247935296","trial_id":359,"param_name":"lr","param_value_internal":2.7561006744256666e-07,"distribution":"{\"name\": \"FloatDistribution\", \"attributes\": {\"step\": null, \"low\": 1e-08, \"high\": 0.5, \"log\": true}}"}
{"op_code":5,"worker_id":"9529ae84-ba63-4a67-b0a8-03a7c681f5be-23456247935296","trial_id":359,"param_name":"ratio","param_value_internal":0.21804035605063976,"distribution":"{\"name\": \"FloatDistribution\", \"attributes\": {\"step\": null, \"low\": 0.1, \"high\": 100.0, \"log\": true}}"}
{"op_code":6,"worker_id":"e9ceeb06-e167-4bed-8983-9aa033322fc0-23456247935296","trial_id":316,"state":3,"values":null,"datetime_complete":"2026-07-27T10:40:58.945648"}
{"op_code":0,"worker_id":"5ea81a8e-7104-4256-b194-3f052e22e63b-23456247935296","study_name":"peter_mnist_k3","directions":[2]}
{"op_code":4,"worker_id":"5ea81a8e-7104-4256-b194-3f052e22e63b-23456247935296","study_id":0,"datetime_start":"2026-07-27T10:40:59.445049"}
{"op_code":5,"worker_id":"5ea81a8e-7104-4256-b194-3f052e22e63b-23456247935296","trial_id":360,"param_name":"lr","param_value_internal":0.0005726435036750782,"distribution":"{\"name\": \"FloatDistribution\", \"attributes\": {\"step\": null, \"low\": 1e-08, \"high\": 0.5, \"log\": true}}"}
{"op_code":5,"worker_id":"5ea81a8e-7104-4256-b194-3f052e22e63b-23456247935296","trial_id":360,"param_name":"ratio","param_value_internal":0.43481228190210003,"distribution":"{\"name\": \"FloatDistribution\", \"attributes\": {\"step\": null, \"low\": 0.1, \"high\": 100.0, \"log\": true}}"}
{"op_code":6,"worker_id":"73fc6c52-ae8d-4549-a724-31fa5d2db3ad-23456247935296","trial_id":283,"state":3,"values":null,"datetime_complete":"2026-07-27T10:41:12.467774"}
{"op_code":0,"worker_id":"090cae00-ddcb-4308-83ea-e64bdba97b71-23456247935296","study_name":"peter_mnist_k3","directions":[2]}
{"op_code":4,"worker_id":"090cae00-ddcb-4308-83ea-e64bdba97b71-23456247935296","study_id":0,"datetime_start":"2026-07-27T10:41:12.583882"}
{"op_code":5,"worker_id":"090cae00-ddcb-4308-83ea-e64bdba97b71-23456247935296","trial_id":361,"param_name":"lr","param_value_internal":2.34899636665762e-05,"distribution":"{\"name\": \"FloatDistribution\", \"attributes\": {\"step\": null, \"low\": 1e-08, \"high\": 0.5, \"log\": true}}"}
{"op_code":5,"worker_id":"090cae00-ddcb-4308-83ea-e64bdba97b71-23456247935296","trial_id":361,"param_name":"ratio","param_value_internal":53.05751141137906,"distribution":"{\"name\": \"FloatDistribution\", \"attributes\": {\"step\": null, \"low\": 0.1, \"high\": 100.0, \"log\": true}}"}
{"op_code":6,"worker_id":"16c92d7d-e3d4-449f-a157-cc4095852551-23456247935296","trial_id":299,"state":3,"values":null,"datetime_complete":"2026-07-27T10:41:13.184641"}
{"op_code":0,"worker_id":"94915f14-70bc-4105-a7e5-9648e2975fef-23456247935296","study_name":"peter_mnist_k3","directions":[2]}
{"op_code":4,"worker_id":"94915f14-70bc-4105-a7e5-9648e2975fef-23456247935296","study_id":0,"datetime_start":"2026-07-27T10:41:13.541579"}
{"op_code":5,"worker_id":"94915f14-70bc-4105-a7e5-9648e2975fef-23456247935296","trial_id":362,"param_name":"lr","param_value_internal":9.654061454347213e-05,"distribution":"{\"name\": \"FloatDistribution\", \"attributes\": {\"step\": null, \"low\": 1e-08, \"high\": 0.5, \"log\": true}}"}
{"op_code":5,"worker_id":"94915f14-70bc-4105-a7e5-9648e2975fef-23456247935296","trial_id":362,"param_name":"ratio","param_value_internal":0.1573740823318693,"distribution":"{\"name\": \"FloatDistribution\", \"attributes\": {\"step\": null, \"low\": 0.1, \"high\": 100.0, \"log\": true}}"}
{"op_code":6,"worker_id":"acce20f4-0e0c-4981-b076-1d6ed8105481-23456247935296","trial_id":319,"state":3,"values":null,"datetime_complete":"2026-07-27T10:41:14.240999"}
{"op_code":0,"worker_id":"c3c89c1e-679b-4323-99f8-a8df7d4db5d3-23456247935296","study_name":"peter_mnist_k3","directions":[2]}
{"op_code":4,"worker_id":"c3c89c1e-679b-4323-99f8-a8df7d4db5d3-23456247935296","study_id":0,"datetime_start":"2026-07-27T10:41:14.407128"}
{"op_code":5,"worker_id":"c3c89c1e-679b-4323-99f8-a8df7d4db5d3-23456247935296","trial_id":363,"param_name":"lr","param_value_internal":1.475767334847227e-05,"distribution":"{\"name\": \"FloatDistribution\", \"attributes\": {\"step\": null, \"low\": 1e-08, \"high\": 0.5, \"log\": true}}"}
{"op_code":5,"worker_id":"c3c89c1e-679b-4323-99f8-a8df7d4db5d3-23456247935296","trial_id":363,"param_name":"ratio","param_value_internal":1.2825617624699455,"distribution":"{\"name\": \"FloatDistribution\", \"attributes\": {\"step\": null, \"low\": 0.1, \"high\": 100.0, \"log\": true}}"}
{"op_code":6,"worker_id":"9c00134e-38a6-4b83-97df-6991b2ff6573-23456247935296","trial_id":288,"state":3,"values":null,"datetime_complete":"2026-07-27T10:41:15.459028"}
{"op_code":0,"worker_id":"b5f17806-336d-4e4b-a981-403768853bec-23456247935296","study_name":"peter_mnist_k3","directions":[2]}
{"op_code":4,"worker_id":"b5f17806-336d-4e4b-a981-403768853bec-23456247935296","study_id":0,"datetime_start":"2026-07-27T10:41:15.518244"}
{"op_code":5,"worker_id":"b5f17806-336d-4e4b-a981-403768853bec-23456247935296","trial_id":364,"param_name":"lr","param_value_internal":5.94507850298893e-07,"distribution":"{\"name\": \"FloatDistribution\", \"attributes\": {\"step\": null, \"low\": 1e-08, \"high\": 0.5, \"log\": true}}"}
{"op_code":5,"worker_id":"b5f17806-336d-4e4b-a981-403768853bec-23456247935296","trial_id":364,"param_name":"ratio","param_value_internal":41.7281763663413,"distribution":"{\"name\": \"FloatDistribution\", \"attributes\": {\"step\": null, \"low\": 0.1, \"high\": 100.0, \"log\": true}}"}
{"op_code":6,"worker_id":"05dae372-c3a7-4794-9a7e-4957717ff184-23456247935296","trial_id":328,"state":3,"values":null,"datetime_complete":"2026-07-27T10:41:17.256771"}
{"op_code":0,"worker_id":"59536c38-0f26-4c8a-87ab-487901600da1-23456247935296","study_name":"peter_mnist_k3","directions":[2]}
{"op_code":4,"worker_id":"59536c38-0f26-4c8a-87ab-487901600da1-23456247935296","study_id":0,"datetime_start":"2026-07-27T10:41:17.418018"}
{"op_code":5,"worker_id":"59536c38-0f26-4c8a-87ab-487901600da1-23456247935296","trial_id":365,"param_name":"lr","param_value_internal":8.013718677998194e-08,"distribution":"{\"name\": \"FloatDistribution\", \"attributes\": {\"step\": null, \"low\": 1e-08, \"high\": 0.5, \"log\": true}}"}
{"op_code":5,"worker_id":"59536c38-0f26-4c8a-87ab-487901600da1-23456247935296","trial_id":365,"param_name":"ratio","param_value_internal":3.4111427481780487,"distribution":"{\"name\": \"FloatDistribution\", \"attributes\": {\"step\": null, \"low\": 0.1, \"high\": 100.0, \"log\": true}}"}
{"op_code":6,"worker_id":"a4622683-d256-4c5c-abb7-a6c2c028cdc3-23456247935296","trial_id":340,"state":3,"values":null,"datetime_complete":"2026-07-27T10:41:20.306299"}
{"op_code":0,"worker_id":"4ed37313-34df-4239-80b9-cb2ccafec4be-23456247935296","study_name":"peter_mnist_k3","directions":[2]}
{"op_code":4,"worker_id":"4ed37313-34df-4239-80b9-cb2ccafec4be-23456247935296","study_id":0,"datetime_start":"2026-07-27T10:41:20.569739"}
{"op_code":5,"worker_id":"4ed37313-34df-4239-80b9-cb2ccafec4be-23456247935296","trial_id":366,"param_name":"lr","param_value_internal":0.007137752198032313,"distribution":"{\"name\": \"FloatDistribution\", \"attributes\": {\"step\": null, \"low\": 1e-08, \"high\": 0.5, \"log\": true}}"}
{"op_code":5,"worker_id":"4ed37313-34df-4239-80b9-cb2ccafec4be-23456247935296","trial_id":366,"param_name":"ratio","param_value_internal":14.201154147892407,"distribution":"{\"name\": \"FloatDistribution\", \"attributes\": {\"step\": null, \"low\": 0.1, \"high\": 100.0, \"log\": true}}"}
{"op_code":6,"worker_id":"e2579702-fd9b-4a09-9723-74212392bdee-23456247935296","trial_id":270,"state":3,"values":null,"datetime_complete":"2026-07-27T10:41:39.290538"}
{"op_code":0,"worker_id":"dbb210ce-6e34-4d53-b795-fad5a7f437ad-23456247935296","study_name":"peter_mnist_k3","directions":[2]}
{"op_code":4,"worker_id":"dbb210ce-6e34-4d53-b795-fad5a7f437ad-23456247935296","study_id":0,"datetime_start":"2026-07-27T10:41:39.440411"}
{"op_code":5,"worker_id":"dbb210ce-6e34-4d53-b795-fad5a7f437ad-23456247935296","trial_id":367,"param_name":"lr","param_value_internal":0.005354022283801343,"distribution":"{\"name\": \"FloatDistribution\", \"attributes\": {\"step\": null, \"low\": 1e-08, \"high\": 0.5, \"log\": true}}"}
{"op_code":5,"worker_id":"dbb210ce-6e34-4d53-b795-fad5a7f437ad-23456247935296","trial_id":367,"param_name":"ratio","param_value_internal":0.15824340840926357,"distribution":"{\"name\": \"FloatDistribution\", \"attributes\": {\"step\": null, \"low\": 0.1, \"high\": 100.0, \"log\": true}}"}
{"op_code":6,"worker_id":"8928d305-6a08-4aaa-bf33-d0fa09a7e340-23456247935296","trial_id":351,"state":3,"values":null,"datetime_complete":"2026-07-27T10:41:40.276925"}
{"op_code":0,"worker_id":"babc3331-73c1-4f4d-a405-d6a551802076-23456247935296","study_name":"peter_mnist_k3","directions":[2]}
{"op_code":4,"worker_id":"babc3331-73c1-4f4d-a405-d6a551802076-23456247935296","study_id":0,"datetime_start":"2026-07-27T10:41:40.455946"}
{"op_code":5,"worker_id":"babc3331-73c1-4f4d-a405-d6a551802076-23456247935296","trial_id":368,"param_name":"lr","param_value_internal":1.4681696980417156e-05,"distribution":"{\"name\": \"FloatDistribution\", \"attributes\": {\"step\": null, \"low\": 1e-08, \"high\": 0.5, \"log\": true}}"}
{"op_code":5,"worker_id":"babc3331-73c1-4f4d-a405-d6a551802076-23456247935296","trial_id":368,"param_name":"ratio","param_value_internal":47.88374471471863,"distribution":"{\"name\": \"FloatDistribution\", \"attributes\": {\"step\": null, \"low\": 0.1, \"high\": 100.0, \"log\": true}}"}
{"op_code":6,"worker_id":"427dba00-8554-4cf6-898e-9f439613171c-23456247935296","trial_id":264,"state":3,"values":null,"datetime_complete":"2026-07-27T10:41:46.557784"}
{"op_code":0,"worker_id":"ae7a6edd-b7b0-4a5d-86ec-98022abc0283-23456247935296","study_name":"peter_mnist_k3","directions":[2]}
{"op_code":4,"worker_id":"ae7a6edd-b7b0-4a5d-86ec-98022abc0283-23456247935296","study_id":0,"datetime_start":"2026-07-27T10:41:47.047101"}
{"op_code":5,"worker_id":"ae7a6edd-b7b0-4a5d-86ec-98022abc0283-23456247935296","trial_id":369,"param_name":"lr","param_value_internal":2.3188286192321065e-07,"distribution":"{\"name\": \"FloatDistribution\", \"attributes\": {\"step\": null, \"low\": 1e-08, \"high\": 0.5, \"log\": true}}"}
{"op_code":5,"worker_id":"ae7a6edd-b7b0-4a5d-86ec-98022abc0283-23456247935296","trial_id":369,"param_name":"ratio","param_value_internal":0.14769591867198592,"distribution":"{\"name\": \"FloatDistribution\", \"attributes\": {\"step\": null, \"low\": 0.1, \"high\": 100.0, \"log\": true}}"}
{"op_code":6,"worker_id":"057b5928-e5e7-4997-b1cd-6af8e493a13a-23456247935296","trial_id":356,"state":3,"values":null,"datetime_complete":"2026-07-27T10:42:03.317987"}
{"op_code":0,"worker_id":"1a5318da-9576-4da0-94ad-99c47b328b3c-23456247935296","study_name":"peter_mnist_k3","directions":[2]}
{"op_code":4,"worker_id":"1a5318da-9576-4da0-94ad-99c47b328b3c-23456247935296","study_id":0,"datetime_start":"2026-07-27T10:42:03.732932"}
{"op_code":5,"worker_id":"1a5318da-9576-4da0-94ad-99c47b328b3c-23456247935296","trial_id":370,"param_name":"lr","param_value_internal":0.0013945228985482701,"distribution":"{\"name\": \"FloatDistribution\", \"attributes\": {\"step\": null, \"low\": 1e-08, \"high\": 0.5, \"log\": true}}"}
{"op_code":5,"worker_id":"1a5318da-9576-4da0-94ad-99c47b328b3c-23456247935296","trial_id":370,"param_name":"ratio","param_value_internal":50.74192690501854,"distribution":"{\"name\": \"FloatDistribution\", \"attributes\": {\"step\": null, \"low\": 0.1, \"high\": 100.0, \"log\": true}}"}
{"op_code":6,"worker_id":"de69991f-6e65-4a6c-a8e8-b5ab3441b87e-23456247935296","trial_id":350,"state":3,"values":null,"datetime_complete":"2026-07-27T10:42:08.002435"}
{"op_code":0,"worker_id":"48e669dd-18fc-400e-bf76-37f2e9aabc12-23456247935296","study_name":"peter_mnist_k3","directions":[2]}
{"op_code":4,"worker_id":"48e669dd-18fc-400e-bf76-37f2e9aabc12-23456247935296","study_id":0,"datetime_start":"2026-07-27T10:42:08.066904"}
{"op_code":5,"worker_id":"48e669dd-18fc-400e-bf76-37f2e9aabc12-23456247935296","trial_id":371,"param_name":"lr","param_value_internal":0.0011016688064401283,"distribution":"{\"name\": \"FloatDistribution\", \"attributes\": {\"step\": null, \"low\": 1e-08, \"high\": 0.5, \"log\": true}}"}
{"op_code":5,"worker_id":"48e669dd-18fc-400e-bf76-37f2e9aabc12-23456247935296","trial_id":371,"param_name":"ratio","param_value_internal":0.1698316434249605,"distribution":"{\"name\": \"FloatDistribution\", \"attributes\": {\"step\": null, \"low\": 0.1, \"high\": 100.0, \"log\": true}}"}
{"op_code":6,"worker_id":"97c2f184-06d8-48b8-8e69-a3544364010b-23456247935296","trial_id":257,"state":3,"values":null,"datetime_complete":"2026-07-27T10:42:19.463131"}
{"op_code":0,"worker_id":"09a1a82d-e514-436a-a2a2-dc25d292aed1-23456247935296","study_name":"peter_mnist_k3","directions":[2]}
{"op_code":4,"worker_id":"09a1a82d-e514-436a-a2a2-dc25d292aed1-23456247935296","study_id":0,"datetime_start":"2026-07-27T10:42:19.656262"}
{"op_code":5,"worker_id":"09a1a82d-e514-436a-a2a2-dc25d292aed1-23456247935296","trial_id":372,"param_name":"lr","param_value_internal":4.0051868874348665e-06,"distribution":"{\"name\": \"FloatDistribution\", \"attributes\": {\"step\": null, \"low\": 1e-08, \"high\": 0.5, \"log\": true}}"}
{"op_code":5,"worker_id":"09a1a82d-e514-436a-a2a2-dc25d292aed1-23456247935296","trial_id":372,"param_name":"ratio","param_value_internal":0.18811373859812783,"distribution":"{\"name\": \"FloatDistribution\", \"attributes\": {\"step\": null, \"low\": 0.1, \"high\": 100.0, \"log\": true}}"}
{"op_code":6,"worker_id":"074583a4-4f0a-4c8c-a5a8-cc232d00ba4d-23456247935296","trial_id":348,"state":3,"values":null,"datetime_complete":"2026-07-27T10:42:26.729975"}
{"op_code":0,"worker_id":"aeb99090-00fe-4c41-b03d-d51f7c70a349-23456247935296","study_name":"peter_mnist_k3","directions":[2]}
{"op_code":4,"worker_id":"aeb99090-00fe-4c41-b03d-d51f7c70a349-23456247935296","study_id":0,"datetime_start":"2026-07-27T10:42:26.849043"}
{"op_code":5,"worker_id":"aeb99090-00fe-4c41-b03d-d51f7c70a349-23456247935296","trial_id":373,"param_name":"lr","param_value_internal":5.8665375988008916e-08,"distribution":"{\"name\": \"FloatDistribution\", \"attributes\": {\"step\": null, \"low\": 1e-08, \"high\": 0.5, \"log\": true}}"}
{"op_code":5,"worker_id":"aeb99090-00fe-4c41-b03d-d51f7c70a349-23456247935296","trial_id":373,"param_name":"ratio","param_value_internal":3.9618638661065138,"distribution":"{\"name\": \"FloatDistribution\", \"attributes\": {\"step\": null, \"low\": 0.1, \"high\": 100.0, \"log\": true}}"}
{"op_code":6,"worker_id":"c52addc6-7251-467a-bb38-abe84d46b5f9-23456247935296","trial_id":306,"state":3,"values":null,"datetime_complete":"2026-07-27T10:42:34.464764"}
{"op_code":0,"worker_id":"64e8bc90-5b58-4dd3-b565-3aa5a643b03a-23456247935296","study_name":"peter_mnist_k3","directions":[2]}
{"op_code":4,"worker_id":"64e8bc90-5b58-4dd3-b565-3aa5a643b03a-23456247935296","study_id":0,"datetime_start":"2026-07-27T10:42:34.567195"}
{"op_code":5,"worker_id":"64e8bc90-5b58-4dd3-b565-3aa5a643b03a-23456247935296","trial_id":374,"param_name":"lr","param_value_internal":0.00506130898038484,"distribution":"{\"name\": \"FloatDistribution\", \"attributes\": {\"step\": null, \"low\": 1e-08, \"high\": 0.5, \"log\": true}}"}
{"op_code":5,"worker_id":"64e8bc90-5b58-4dd3-b565-3aa5a643b03a-23456247935296","trial_id":374,"param_name":"ratio","param_value_internal":0.29837303995278647,"distribution":"{\"name\": \"FloatDistribution\", \"attributes\": {\"step\": null, \"low\": 0.1, \"high\": 100.0, \"log\": true}}"}
{"op_code":6,"worker_id":"950688fe-8ac2-49de-b836-dced480e32fa-23456247935296","trial_id":318,"state":3,"values":null,"datetime_complete":"2026-07-27T10:42:38.825437"}
{"op_code":0,"worker_id":"e506ac2c-5865-4353-bbae-fe502a67e0ec-23456247935296","study_name":"peter_mnist_k3","directions":[2]}
{"op_code":4,"worker_id":"e506ac2c-5865-4353-bbae-fe502a67e0ec-23456247935296","study_id":0,"datetime_start":"2026-07-27T10:42:38.946101"}
{"op_code":5,"worker_id":"e506ac2c-5865-4353-bbae-fe502a67e0ec-23456247935296","trial_id":375,"param_name":"lr","param_value_internal":6.9686556832664e-05,"distribution":"{\"name\": \"FloatDistribution\", \"attributes\": {\"step\": null, \"low\": 1e-08, \"high\": 0.5, \"log\": true}}"}
{"op_code":5,"worker_id":"e506ac2c-5865-4353-bbae-fe502a67e0ec-23456247935296","trial_id":375,"param_name":"ratio","param_value_internal":5.27257680632171,"distribution":"{\"name\": \"FloatDistribution\", \"attributes\": {\"step\": null, \"low\": 0.1, \"high\": 100.0, \"log\": true}}"}
{"op_code":6,"worker_id":"5098b916-2577-49de-893d-5667bb2388eb-23456247935296","trial_id":336,"state":3,"values":null,"datetime_complete":"2026-07-27T10:42:53.925600"}
{"op_code":0,"worker_id":"e91272b8-e209-4d17-960f-d765cf15cbf8-23456247935296","study_name":"peter_mnist_k3","directions":[2]}
{"op_code":4,"worker_id":"e91272b8-e209-4d17-960f-d765cf15cbf8-23456247935296","study_id":0,"datetime_start":"2026-07-27T10:42:54.463011"}
{"op_code":5,"worker_id":"e91272b8-e209-4d17-960f-d765cf15cbf8-23456247935296","trial_id":376,"param_name":"lr","param_value_internal":0.0013268029986776523,"distribution":"{\"name\": \"FloatDistribution\", \"attributes\": {\"step\": null, \"low\": 1e-08, \"high\": 0.5, \"log\": true}}"}
{"op_code":5,"worker_id":"e91272b8-e209-4d17-960f-d765cf15cbf8-23456247935296","trial_id":376,"param_name":"ratio","param_value_internal":12.236979969449587,"distribution":"{\"name\": \"FloatDistribution\", \"attributes\": {\"step\": null, \"low\": 0.1, \"high\": 100.0, \"log\": true}}"}
{"op_code":6,"worker_id":"3e7873ad-b53b-4049-86c7-a9aaafc8fd7f-23456247935296","trial_id":274,"state":3,"values":null,"datetime_complete":"2026-07-27T10:44:50.705484"}
{"op_code":0,"worker_id":"a047ea2c-149b-442c-b8da-ca02aeb6f6fd-23456247935296","study_name":"peter_mnist_k3","directions":[2]}
{"op_code":4,"worker_id":"a047ea2c-149b-442c-b8da-ca02aeb6f6fd-23456247935296","study_id":0,"datetime_start":"2026-07-27T10:44:50.745247"}
{"op_code":5,"worker_id":"a047ea2c-149b-442c-b8da-ca02aeb6f6fd-23456247935296","trial_id":377,"param_name":"lr","param_value_internal":4.3874902720227664e-05,"distribution":"{\"name\": \"FloatDistribution\", \"attributes\": {\"step\": null, \"low\": 1e-08, \"high\": 0.5, \"log\": true}}"}
{"op_code":5,"worker_id":"a047ea2c-149b-442c-b8da-ca02aeb6f6fd-23456247935296","trial_id":377,"param_name":"ratio","param_value_internal":6.845611019355952,"distribution":"{\"name\": \"FloatDistribution\", \"attributes\": {\"step\": null, \"low\": 0.1, \"high\": 100.0, \"log\": true}}"}
{"op_code":6,"worker_id":"5863d39e-19a1-4c06-a2ec-644455d67e2d-23456247935296","trial_id":347,"state":3,"values":null,"datetime_complete":"2026-07-27T10:44:54.311294"}
{"op_code":0,"worker_id":"3725c92c-c993-4749-a4c5-fe57e46d1eac-23456247935296","study_name":"peter_mnist_k3","directions":[2]}
{"op_code":4,"worker_id":"3725c92c-c993-4749-a4c5-fe57e46d1eac-23456247935296","study_id":0,"datetime_start":"2026-07-27T10:44:54.409161"}
{"op_code":5,"worker_id":"3725c92c-c993-4749-a4c5-fe57e46d1eac-23456247935296","trial_id":378,"param_name":"lr","param_value_internal":0.2613043599153139,"distribution":"{\"name\": \"FloatDistribution\", \"attributes\": {\"step\": null, \"low\": 1e-08, \"high\": 0.5, \"log\": true}}"}
{"op_code":5,"worker_id":"3725c92c-c993-4749-a4c5-fe57e46d1eac-23456247935296","trial_id":378,"param_name":"ratio","param_value_internal":1.1388231882352773,"distribution":"{\"name\": \"FloatDistribution\", \"attributes\": {\"step\": null, \"low\": 0.1, \"high\": 100.0, \"log\": true}}"}
{"op_code":6,"worker_id":"9f18272b-9862-468c-a1f3-06ce1d83e265-23456247935296","trial_id":273,"state":3,"values":null,"datetime_complete":"2026-07-27T10:45:10.972229"}
{"op_code":0,"worker_id":"728e8070-263d-482d-984d-a4e84b63d526-23456247935296","study_name":"peter_mnist_k3","directions":[2]}
{"op_code":4,"worker_id":"728e8070-263d-482d-984d-a4e84b63d526-23456247935296","study_id":0,"datetime_start":"2026-07-27T10:45:11.703018"}
{"op_code":5,"worker_id":"728e8070-263d-482d-984d-a4e84b63d526-23456247935296","trial_id":379,"param_name":"lr","param_value_internal":1.2815882884613145e-07,"distribution":"{\"name\": \"FloatDistribution\", \"attributes\": {\"step\": null, \"low\": 1e-08, \"high\": 0.5, \"log\": true}}"}
{"op_code":5,"worker_id":"728e8070-263d-482d-984d-a4e84b63d526-23456247935296","trial_id":379,"param_name":"ratio","param_value_internal":97.97106491080561,"distribution":"{\"name\": \"FloatDistribution\", \"attributes\": {\"step\": null, \"low\": 0.1, \"high\": 100.0, \"log\": true}}"}
{"op_code":6,"worker_id":"9b5e6af2-f0cb-432c-bef5-b26893dfd999-23456247935296","trial_id":265,"state":3,"values":null,"datetime_complete":"2026-07-27T10:45:13.870529"}
{"op_code":0,"worker_id":"4f6ce68b-1c69-4e35-8493-92d42d11c04c-23456247935296","study_name":"peter_mnist_k3","directions":[2]}
{"op_code":4,"worker_id":"4f6ce68b-1c69-4e35-8493-92d42d11c04c-23456247935296","study_id":0,"datetime_start":"2026-07-27T10:45:14.032388"}
{"op_code":5,"worker_id":"4f6ce68b-1c69-4e35-8493-92d42d11c04c-23456247935296","trial_id":380,"param_name":"lr","param_value_internal":6.747618296385527e-06,"distribution":"{\"name\": \"FloatDistribution\", \"attributes\": {\"step\": null, \"low\": 1e-08, \"high\": 0.5, \"log\": true}}"}
{"op_code":5,"worker_id":"4f6ce68b-1c69-4e35-8493-92d42d11c04c-23456247935296","trial_id":380,"param_name":"ratio","param_value_internal":0.6695455511955973,"distribution":"{\"name\": \"FloatDistribution\", \"attributes\": {\"step\": null, \"low\": 0.1, \"high\": 100.0, \"log\": true}}"}
{"op_code":6,"worker_id":"371ba1bd-7d07-404a-8813-2c57ad79c1b9-23456247935296","trial_id":317,"state":3,"values":null,"datetime_complete":"2026-07-27T10:45:14.346731"}
{"op_code":0,"worker_id":"495c377f-7776-4c38-b3ee-e4fdd604a370-23456247935296","study_name":"peter_mnist_k3","directions":[2]}
{"op_code":4,"worker_id":"495c377f-7776-4c38-b3ee-e4fdd604a370-23456247935296","study_id":0,"datetime_start":"2026-07-27T10:45:15.092018"}
{"op_code":5,"worker_id":"495c377f-7776-4c38-b3ee-e4fdd604a370-23456247935296","trial_id":381,"param_name":"lr","param_value_internal":1.065545678549456e-07,"distribution":"{\"name\": \"FloatDistribution\", \"attributes\": {\"step\": null, \"low\": 1e-08, \"high\": 0.5, \"log\": true}}"}
{"op_code":5,"worker_id":"495c377f-7776-4c38-b3ee-e4fdd604a370-23456247935296","trial_id":381,"param_name":"ratio","param_value_internal":8.300400185289613,"distribution":"{\"name\": \"FloatDistribution\", \"attributes\": {\"step\": null, \"low\": 0.1, \"high\": 100.0, \"log\": true}}"}
{"op_code":6,"worker_id":"85273eb2-0115-4085-a164-4bf302f7418c-23456247935296","trial_id":261,"state":3,"values":null,"datetime_complete":"2026-07-27T10:45:15.477481"}
{"op_code":0,"worker_id":"88ef82c2-f90b-4efc-bae8-c50318f83671-23456247935296","study_name":"peter_mnist_k3","directions":[2]}
{"op_code":4,"worker_id":"88ef82c2-f90b-4efc-bae8-c50318f83671-23456247935296","study_id":0,"datetime_start":"2026-07-27T10:45:15.982597"}
{"op_code":5,"worker_id":"88ef82c2-f90b-4efc-bae8-c50318f83671-23456247935296","trial_id":382,"param_name":"lr","param_value_internal":4.054818959025738e-05,"distribution":"{\"name\": \"FloatDistribution\", \"attributes\": {\"step\": null, \"low\": 1e-08, \"high\": 0.5, \"log\": true}}"}
{"op_code":5,"worker_id":"88ef82c2-f90b-4efc-bae8-c50318f83671-23456247935296","trial_id":382,"param_name":"ratio","param_value_internal":8.687160032270931,"distribution":"{\"name\": \"FloatDistribution\", \"attributes\": {\"step\": null, \"low\": 0.1, \"high\": 100.0, \"log\": true}}"}
{"op_code":6,"worker_id":"05539858-2651-4ec9-82ee-c7412b07752b-23456247935296","trial_id":330,"state":3,"values":null,"datetime_complete":"2026-07-27T10:45:16.547881"}
{"op_code":0,"worker_id":"aba56814-ac82-42aa-af9d-e01cf2423bb7-23456247935296","study_name":"peter_mnist_k3","directions":[2]}
{"op_code":4,"worker_id":"aba56814-ac82-42aa-af9d-e01cf2423bb7-23456247935296","study_id":0,"datetime_start":"2026-07-27T10:45:16.832148"}
{"op_code":5,"worker_id":"aba56814-ac82-42aa-af9d-e01cf2423bb7-23456247935296","trial_id":383,"param_name":"lr","param_value_internal":0.0016807747008189,"distribution":"{\"name\": \"FloatDistribution\", \"attributes\": {\"step\": null, \"low\": 1e-08, \"high\": 0.5, \"log\": true}}"}
{"op_code":5,"worker_id":"aba56814-ac82-42aa-af9d-e01cf2423bb7-23456247935296","trial_id":383,"param_name":"ratio","param_value_internal":0.1040646737826011,"distribution":"{\"name\": \"FloatDistribution\", \"attributes\": {\"step\": null, \"low\": 0.1, \"high\": 100.0, \"log\": true}}"}
{"op_code":6,"worker_id":"f171ee21-dccc-4856-b57e-47de7edd715b-23456247935296","trial_id":284,"state":3,"values":null,"datetime_complete":"2026-07-27T10:45:17.233072"}
{"op_code":0,"worker_id":"1c080775-4719-4154-86b2-0228f21e7be6-23456247935296","study_name":"peter_mnist_k3","directions":[2]}
{"op_code":4,"worker_id":"1c080775-4719-4154-86b2-0228f21e7be6-23456247935296","study_id":0,"datetime_start":"2026-07-27T10:45:17.763262"}
{"op_code":5,"worker_id":"1c080775-4719-4154-86b2-0228f21e7be6-23456247935296","trial_id":384,"param_name":"lr","param_value_internal":0.00032265036849619055,"distribution":"{\"name\": \"FloatDistribution\", \"attributes\": {\"step\": null, \"low\": 1e-08, \"high\": 0.5, \"log\": true}}"}
{"op_code":5,"worker_id":"1c080775-4719-4154-86b2-0228f21e7be6-23456247935296","trial_id":384,"param_name":"ratio","param_value_internal":0.4832961674807612,"distribution":"{\"name\": \"FloatDistribution\", \"attributes\": {\"step\": null, \"low\": 0.1, \"high\": 100.0, \"log\": true}}"}
{"op_code":6,"worker_id":"de173713-6b21-42b7-bd72-8cb1ca1591db-23456247935296","trial_id":309,"state":3,"values":null,"datetime_complete":"2026-07-27T10:45:19.681199"}
{"op_code":0,"worker_id":"87c7ab87-513f-4ed4-a2fa-ab019ca7697a-23456247935296","study_name":"peter_mnist_k3","directions":[2]}
{"op_code":4,"worker_id":"87c7ab87-513f-4ed4-a2fa-ab019ca7697a-23456247935296","study_id":0,"datetime_start":"2026-07-27T10:45:19.833124"}
{"op_code":5,"worker_id":"87c7ab87-513f-4ed4-a2fa-ab019ca7697a-23456247935296","trial_id":385,"param_name":"lr","param_value_internal":0.23578594755248292,"distribution":"{\"name\": \"FloatDistribution\", \"attributes\": {\"step\": null, \"low\": 1e-08, \"high\": 0.5, \"log\": true}}"}
{"op_code":5,"worker_id":"87c7ab87-513f-4ed4-a2fa-ab019ca7697a-23456247935296","trial_id":385,"param_name":"ratio","param_value_internal":5.86375767098856,"distribution":"{\"name\": \"FloatDistribution\", \"attributes\": {\"step\": null, \"low\": 0.1, \"high\": 100.0, \"log\": true}}"}
{"op_code":6,"worker_id":"d51d0a63-8bd9-4a58-b142-8a2566c9f8d8-23456247935296","trial_id":291,"state":3,"values":null,"datetime_complete":"2026-07-27T10:45:21.118181"}
{"op_code":0,"worker_id":"f3219a88-3c07-4935-ae9a-24669e813e33-23456247935296","study_name":"peter_mnist_k3","directions":[2]}
{"op_code":4,"worker_id":"f3219a88-3c07-4935-ae9a-24669e813e33-23456247935296","study_id":0,"datetime_start":"2026-07-27T10:45:21.939936"}
{"op_code":5,"worker_id":"f3219a88-3c07-4935-ae9a-24669e813e33-23456247935296","trial_id":386,"param_name":"lr","param_value_internal":1.2951076958575717e-05,"distribution":"{\"name\": \"FloatDistribution\", \"attributes\": {\"step\": null, \"low\": 1e-08, \"high\": 0.5, \"log\": true}}"}
{"op_code":5,"worker_id":"f3219a88-3c07-4935-ae9a-24669e813e33-23456247935296","trial_id":386,"param_name":"ratio","param_value_internal":93.12101463031476,"distribution":"{\"name\": \"FloatDistribution\", \"attributes\": {\"step\": null, \"low\": 0.1, \"high\": 100.0, \"log\": true}}"}
{"op_code":6,"worker_id":"a09b9c56-9ffc-4ba2-b2a8-9317006c4792-23456247935296","trial_id":346,"state":3,"values":null,"datetime_complete":"2026-07-27T10:45:26.275597"}
{"op_code":0,"worker_id":"8b6f1f0f-2eb2-45cb-8e09-53aaca554bc7-23456247935296","study_name":"peter_mnist_k3","directions":[2]}
{"op_code":4,"worker_id":"8b6f1f0f-2eb2-45cb-8e09-53aaca554bc7-23456247935296","study_id":0,"datetime_start":"2026-07-27T10:45:26.511801"}
{"op_code":5,"worker_id":"8b6f1f0f-2eb2-45cb-8e09-53aaca554bc7-23456247935296","trial_id":387,"param_name":"lr","param_value_internal":0.19597741662069135,"distribution":"{\"name\": \"FloatDistribution\", \"attributes\": {\"step\": null, \"low\": 1e-08, \"high\": 0.5, \"log\": true}}"}
{"op_code":5,"worker_id":"8b6f1f0f-2eb2-45cb-8e09-53aaca554bc7-23456247935296","trial_id":387,"param_name":"ratio","param_value_internal":4.859628576480943,"distribution":"{\"name\": \"FloatDistribution\", \"attributes\": {\"step\": null, \"low\": 0.1, \"high\": 100.0, \"log\": true}}"}
{"op_code":6,"worker_id":"14a7d5b3-2651-45b1-aa9c-67081bc9bf5f-23456247935296","trial_id":258,"state":3,"values":null,"datetime_complete":"2026-07-27T10:45:26.702929"}
{"op_code":0,"worker_id":"b9a22364-6f8d-42dd-a3b5-2169f97b252c-23456247935296","study_name":"peter_mnist_k3","directions":[2]}
{"op_code":4,"worker_id":"b9a22364-6f8d-42dd-a3b5-2169f97b252c-23456247935296","study_id":0,"datetime_start":"2026-07-27T10:45:27.016118"}
{"op_code":5,"worker_id":"b9a22364-6f8d-42dd-a3b5-2169f97b252c-23456247935296","trial_id":388,"param_name":"lr","param_value_internal":1.6581899282074264e-07,"distribution":"{\"name\": \"FloatDistribution\", \"attributes\": {\"step\": null, \"low\": 1e-08, \"high\": 0.5, \"log\": true}}"}
{"op_code":5,"worker_id":"b9a22364-6f8d-42dd-a3b5-2169f97b252c-23456247935296","trial_id":388,"param_name":"ratio","param_value_internal":0.3850242883289264,"distribution":"{\"name\": \"FloatDistribution\", \"attributes\": {\"step\": null, \"low\": 0.1, \"high\": 100.0, \"log\": true}}"}
{"op_code":6,"worker_id":"0dc6469a-2689-463c-a5a2-cdb4904c8fd3-23456247935296","trial_id":325,"state":3,"values":null,"datetime_complete":"2026-07-27T10:45:27.931283"}
{"op_code":0,"worker_id":"714bcdf7-6365-4a9c-adff-404a1174c954-23456247935296","study_name":"peter_mnist_k3","directions":[2]}
{"op_code":4,"worker_id":"714bcdf7-6365-4a9c-adff-404a1174c954-23456247935296","study_id":0,"datetime_start":"2026-07-27T10:45:28.852913"}
{"op_code":5,"worker_id":"714bcdf7-6365-4a9c-adff-404a1174c954-23456247935296","trial_id":389,"param_name":"lr","param_value_internal":4.355107584583941e-08,"distribution":"{\"name\": \"FloatDistribution\", \"attributes\": {\"step\": null, \"low\": 1e-08, \"high\": 0.5, \"log\": true}}"}
{"op_code":6,"worker_id":"6f6d8fb4-332e-42f0-ba66-ae99fbd28a82-23456247935296","trial_id":300,"state":3,"values":null,"datetime_complete":"2026-07-27T10:45:29.529750"}
{"op_code":5,"worker_id":"714bcdf7-6365-4a9c-adff-404a1174c954-23456247935296","trial_id":389,"param_name":"ratio","param_value_internal":1.6784900555116118,"distribution":"{\"name\": \"FloatDistribution\", \"attributes\": {\"step\": null, \"low\": 0.1, \"high\": 100.0, \"log\": true}}"}
{"op_code":0,"worker_id":"3e860394-1ac8-40fd-a932-6ed19bff6f67-23456247935296","study_name":"peter_mnist_k3","directions":[2]}
{"op_code":4,"worker_id":"3e860394-1ac8-40fd-a932-6ed19bff6f67-23456247935296","study_id":0,"datetime_start":"2026-07-27T10:45:29.661285"}
{"op_code":5,"worker_id":"3e860394-1ac8-40fd-a932-6ed19bff6f67-23456247935296","trial_id":390,"param_name":"lr","param_value_internal":9.10096517771935e-07,"distribution":"{\"name\": \"FloatDistribution\", \"attributes\": {\"step\": null, \"low\": 1e-08, \"high\": 0.5, \"log\": true}}"}
{"op_code":5,"worker_id":"3e860394-1ac8-40fd-a932-6ed19bff6f67-23456247935296","trial_id":390,"param_name":"ratio","param_value_internal":14.580197210395436,"distribution":"{\"name\": \"FloatDistribution\", \"attributes\": {\"step\": null, \"low\": 0.1, \"high\": 100.0, \"log\": true}}"}
{"op_code":6,"worker_id":"e3745cf9-976d-4b1c-9fe9-e5482bc532e9-23456247935296","trial_id":305,"state":3,"values":null,"datetime_complete":"2026-07-27T10:45:33.349317"}
{"op_code":0,"worker_id":"2e43949b-8179-48d8-9ff9-d82bf40925da-23456247935296","study_name":"peter_mnist_k3","directions":[2]}
{"op_code":4,"worker_id":"2e43949b-8179-48d8-9ff9-d82bf40925da-23456247935296","study_id":0,"datetime_start":"2026-07-27T10:45:34.019916"}
{"op_code":5,"worker_id":"2e43949b-8179-48d8-9ff9-d82bf40925da-23456247935296","trial_id":391,"param_name":"lr","param_value_internal":2.8958659627765755e-06,"distribution":"{\"name\": \"FloatDistribution\", \"attributes\": {\"step\": null, \"low\": 1e-08, \"high\": 0.5, \"log\": true}}"}
{"op_code":6,"worker_id":"e90131e5-7b3c-4b18-bd02-70044c6cb60b-23456247935296","trial_id":266,"state":3,"values":null,"datetime_complete":"2026-07-27T10:45:34.707314"}
{"op_code":5,"worker_id":"2e43949b-8179-48d8-9ff9-d82bf40925da-23456247935296","trial_id":391,"param_name":"ratio","param_value_internal":2.773613198987707,"distribution":"{\"name\": \"FloatDistribution\", \"attributes\": {\"step\": null, \"low\": 0.1, \"high\": 100.0, \"log\": true}}"}
{"op_code":0,"worker_id":"16a0b4a0-db98-42d5-9e28-85cb1558b359-23456247935296","study_name":"peter_mnist_k3","directions":[2]}
{"op_code":4,"worker_id":"16a0b4a0-db98-42d5-9e28-85cb1558b359-23456247935296","study_id":0,"datetime_start":"2026-07-27T10:45:35.097929"}
{"op_code":5,"worker_id":"16a0b4a0-db98-42d5-9e28-85cb1558b359-23456247935296","trial_id":392,"param_name":"lr","param_value_internal":0.012332176246757046,"distribution":"{\"name\": \"FloatDistribution\", \"attributes\": {\"step\": null, \"low\": 1e-08, \"high\": 0.5, \"log\": true}}"}
{"op_code":5,"worker_id":"16a0b4a0-db98-42d5-9e28-85cb1558b359-23456247935296","trial_id":392,"param_name":"ratio","param_value_internal":7.058412937153792,"distribution":"{\"name\": \"FloatDistribution\", \"attributes\": {\"step\": null, \"low\": 0.1, \"high\": 100.0, \"log\": true}}"}
{"op_code":6,"worker_id":"459403e1-2cf8-4596-8414-97c599267416-23456247935296","trial_id":312,"state":3,"values":null,"datetime_complete":"2026-07-27T10:45:36.092890"}
{"op_code":0,"worker_id":"60d95ecb-9085-49e9-a118-b7c8a57f80a6-23456247935296","study_name":"peter_mnist_k3","directions":[2]}
{"op_code":6,"worker_id":"c8e2cefa-5686-4dd2-9100-21ca4bdbd237-23456247935296","trial_id":301,"state":3,"values":null,"datetime_complete":"2026-07-27T10:45:36.212820"}
{"op_code":4,"worker_id":"60d95ecb-9085-49e9-a118-b7c8a57f80a6-23456247935296","study_id":0,"datetime_start":"2026-07-27T10:45:36.278126"}
{"op_code":5,"worker_id":"60d95ecb-9085-49e9-a118-b7c8a57f80a6-23456247935296","trial_id":393,"param_name":"lr","param_value_internal":5.4826429603566086e-05,"distribution":"{\"name\": \"FloatDistribution\", \"attributes\": {\"step\": null, \"low\": 1e-08, \"high\": 0.5, \"log\": true}}"}
{"op_code":5,"worker_id":"60d95ecb-9085-49e9-a118-b7c8a57f80a6-23456247935296","trial_id":393,"param_name":"ratio","param_value_internal":29.413479729899446,"distribution":"{\"name\": \"FloatDistribution\", \"attributes\": {\"step\": null, \"low\": 0.1, \"high\": 100.0, \"log\": true}}"}
{"op_code":0,"worker_id":"7a39f56b-098d-4c3a-9f3f-d0c058cb647c-23456247935296","study_name":"peter_mnist_k3","directions":[2]}
{"op_code":4,"worker_id":"7a39f56b-098d-4c3a-9f3f-d0c058cb647c-23456247935296","study_id":0,"datetime_start":"2026-07-27T10:45:37.108914"}
{"op_code":5,"worker_id":"7a39f56b-098d-4c3a-9f3f-d0c058cb647c-23456247935296","trial_id":394,"param_name":"lr","param_value_internal":0.0003301178282655737,"distribution":"{\"name\": \"FloatDistribution\", \"attributes\": {\"step\": null, \"low\": 1e-08, \"high\": 0.5, \"log\": true}}"}
{"op_code":5,"worker_id":"7a39f56b-098d-4c3a-9f3f-d0c058cb647c-23456247935296","trial_id":394,"param_name":"ratio","param_value_internal":4.793067536861445,"distribution":"{\"name\": \"FloatDistribution\", \"attributes\": {\"step\": null, \"low\": 0.1, \"high\": 100.0, \"log\": true}}"}
{"op_code":6,"worker_id":"bd589a34-7b72-48bb-a401-b212f57dcb60-23456247935296","trial_id":294,"state":3,"values":null,"datetime_complete":"2026-07-27T10:45:38.315467"}
{"op_code":0,"worker_id":"a0ae8cf1-b937-4d69-9c67-089d7c9030c0-23456247935296","study_name":"peter_mnist_k3","directions":[2]}
{"op_code":4,"worker_id":"a0ae8cf1-b937-4d69-9c67-089d7c9030c0-23456247935296","study_id":0,"datetime_start":"2026-07-27T10:45:38.357564"}
{"op_code":5,"worker_id":"a0ae8cf1-b937-4d69-9c67-089d7c9030c0-23456247935296","trial_id":395,"param_name":"lr","param_value_internal":1.7915279221415893e-08,"distribution":"{\"name\": \"FloatDistribution\", \"attributes\": {\"step\": null, \"low\": 1e-08, \"high\": 0.5, \"log\": true}}"}
{"op_code":5,"worker_id":"a0ae8cf1-b937-4d69-9c67-089d7c9030c0-23456247935296","trial_id":395,"param_name":"ratio","param_value_internal":0.5653175507567978,"distribution":"{\"name\": \"FloatDistribution\", \"attributes\": {\"step\": null, \"low\": 0.1, \"high\": 100.0, \"log\": true}}"}
{"op_code":6,"worker_id":"66df3358-42ca-43f0-9bb3-6db79ba685df-23456247935296","trial_id":326,"state":3,"values":null,"datetime_complete":"2026-07-27T10:45:43.632623"}
{"op_code":0,"worker_id":"d1515633-0f2e-4ff0-8f85-69715a1801e8-23456247935296","study_name":"peter_mnist_k3","directions":[2]}
{"op_code":4,"worker_id":"d1515633-0f2e-4ff0-8f85-69715a1801e8-23456247935296","study_id":0,"datetime_start":"2026-07-27T10:45:43.790228"}
{"op_code":5,"worker_id":"d1515633-0f2e-4ff0-8f85-69715a1801e8-23456247935296","trial_id":396,"param_name":"lr","param_value_internal":7.870507701350405e-06,"distribution":"{\"name\": \"FloatDistribution\", \"attributes\": {\"step\": null, \"low\": 1e-08, \"high\": 0.5, \"log\": true}}"}
{"op_code":5,"worker_id":"d1515633-0f2e-4ff0-8f85-69715a1801e8-23456247935296","trial_id":396,"param_name":"ratio","param_value_internal":27.57550859307,"distribution":"{\"name\": \"FloatDistribution\", \"attributes\": {\"step\": null, \"low\": 0.1, \"high\": 100.0, \"log\": true}}"}
{"op_code":6,"worker_id":"fcbc06c2-de07-4ded-8f97-3ef6f2e2c15d-23456247935296","trial_id":290,"state":3,"values":null,"datetime_complete":"2026-07-27T10:45:43.927752"}
{"op_code":0,"worker_id":"6529787f-2e3c-45bc-857b-08f7c0480550-23456247935296","study_name":"peter_mnist_k3","directions":[2]}
{"op_code":4,"worker_id":"6529787f-2e3c-45bc-857b-08f7c0480550-23456247935296","study_id":0,"datetime_start":"2026-07-27T10:45:44.836197"}
{"op_code":5,"worker_id":"6529787f-2e3c-45bc-857b-08f7c0480550-23456247935296","trial_id":397,"param_name":"lr","param_value_internal":1.6113246428391432e-08,"distribution":"{\"name\": \"FloatDistribution\", \"attributes\": {\"step\": null, \"low\": 1e-08, \"high\": 0.5, \"log\": true}}"}
{"op_code":5,"worker_id":"6529787f-2e3c-45bc-857b-08f7c0480550-23456247935296","trial_id":397,"param_name":"ratio","param_value_internal":3.4305210631203154,"distribution":"{\"name\": \"FloatDistribution\", \"attributes\": {\"step\": null, \"low\": 0.1, \"high\": 100.0, \"log\": true}}"}
{"op_code":6,"worker_id":"34dfadf1-0763-45a2-8127-f27f9b3ee6e4-23456247935296","trial_id":341,"state":3,"values":null,"datetime_complete":"2026-07-27T10:45:52.213357"}
{"op_code":0,"worker_id":"1680dbee-717a-4948-8d0e-a79ed9589661-23456247935296","study_name":"peter_mnist_k3","directions":[2]}
{"op_code":4,"worker_id":"1680dbee-717a-4948-8d0e-a79ed9589661-23456247935296","study_id":0,"datetime_start":"2026-07-27T10:45:52.275505"}
{"op_code":5,"worker_id":"1680dbee-717a-4948-8d0e-a79ed9589661-23456247935296","trial_id":398,"param_name":"lr","param_value_internal":7.604202395548552e-06,"distribution":"{\"name\": \"FloatDistribution\", \"attributes\": {\"step\": null, \"low\": 1e-08, \"high\": 0.5, \"log\": true}}"}
{"op_code":6,"worker_id":"fe53955b-d931-42e3-9a7a-94c2914252c7-23456247935296","trial_id":295,"state":3,"values":null,"datetime_complete":"2026-07-27T10:45:52.296619"}
{"op_code":5,"worker_id":"1680dbee-717a-4948-8d0e-a79ed9589661-23456247935296","trial_id":398,"param_name":"ratio","param_value_internal":0.6181901258717231,"distribution":"{\"name\": \"FloatDistribution\", \"attributes\": {\"step\": null, \"low\": 0.1, \"high\": 100.0, \"log\": true}}"}
{"op_code":0,"worker_id":"45a4042b-b2ea-40ca-a6a8-572cf2ab3495-23456247935296","study_name":"peter_mnist_k3","directions":[2]}
{"op_code":6,"worker_id":"ce4bfb8f-8dac-4022-8b02-18e519007728-23456247935296","trial_id":331,"state":3,"values":null,"datetime_complete":"2026-07-27T10:45:52.480219"}
{"op_code":4,"worker_id":"45a4042b-b2ea-40ca-a6a8-572cf2ab3495-23456247935296","study_id":0,"datetime_start":"2026-07-27T10:45:52.532942"}
{"op_code":0,"worker_id":"2d9e02a2-5619-48f5-8dbb-47508f6db756-23456247935296","study_name":"peter_mnist_k3","directions":[2]}
{"op_code":4,"worker_id":"2d9e02a2-5619-48f5-8dbb-47508f6db756-23456247935296","study_id":0,"datetime_start":"2026-07-27T10:45:52.676426"}
{"op_code":5,"worker_id":"45a4042b-b2ea-40ca-a6a8-572cf2ab3495-23456247935296","trial_id":399,"param_name":"lr","param_value_internal":3.511866791675077e-05,"distribution":"{\"name\": \"FloatDistribution\", \"attributes\": {\"step\": null, \"low\": 1e-08, \"high\": 0.5, \"log\": true}}"}
{"op_code":5,"worker_id":"45a4042b-b2ea-40ca-a6a8-572cf2ab3495-23456247935296","trial_id":399,"param_name":"ratio","param_value_internal":8.894952266466165,"distribution":"{\"name\": \"FloatDistribution\", \"attributes\": {\"step\": null, \"low\": 0.1, \"high\": 100.0, \"log\": true}}"}
{"op_code":5,"worker_id":"2d9e02a2-5619-48f5-8dbb-47508f6db756-23456247935296","trial_id":400,"param_name":"lr","param_value_internal":0.00033902544291877215,"distribution":"{\"name\": \"FloatDistribution\", \"attributes\": {\"step\": null, \"low\": 1e-08, \"high\": 0.5, \"log\": true}}"}
{"op_code":5,"worker_id":"2d9e02a2-5619-48f5-8dbb-47508f6db756-23456247935296","trial_id":400,"param_name":"ratio","param_value_internal":1.8426704273040617,"distribution":"{\"name\": \"FloatDistribution\", \"attributes\": {\"step\": null, \"low\": 0.1, \"high\": 100.0, \"log\": true}}"}
{"op_code":6,"worker_id":"6e6f3cc1-f3d1-4640-8996-5441f047e1ff-23456247935296","trial_id":282,"state":3,"values":null,"datetime_complete":"2026-07-27T10:45:55.581140"}
{"op_code":0,"worker_id":"7f8f259d-c504-4261-89dc-ab4709f6c011-23456247935296","study_name":"peter_mnist_k3","directions":[2]}
{"op_code":4,"worker_id":"7f8f259d-c504-4261-89dc-ab4709f6c011-23456247935296","study_id":0,"datetime_start":"2026-07-27T10:45:55.746902"}
{"op_code":5,"worker_id":"7f8f259d-c504-4261-89dc-ab4709f6c011-23456247935296","trial_id":401,"param_name":"lr","param_value_internal":7.942649472579664e-07,"distribution":"{\"name\": \"FloatDistribution\", \"attributes\": {\"step\": null, \"low\": 1e-08, \"high\": 0.5, \"log\": true}}"}
{"op_code":5,"worker_id":"7f8f259d-c504-4261-89dc-ab4709f6c011-23456247935296","trial_id":401,"param_name":"ratio","param_value_internal":3.8163428767847423,"distribution":"{\"name\": \"FloatDistribution\", \"attributes\": {\"step\": null, \"low\": 0.1, \"high\": 100.0, \"log\": true}}"}
{"op_code":6,"worker_id":"665a9979-2586-4614-803c-bdc943e06f7d-23456247935296","trial_id":303,"state":3,"values":null,"datetime_complete":"2026-07-27T10:45:56.180704"}
{"op_code":0,"worker_id":"93f2de85-af06-40c3-97f7-1c8d609a62e8-23456247935296","study_name":"peter_mnist_k3","directions":[2]}
{"op_code":4,"worker_id":"93f2de85-af06-40c3-97f7-1c8d609a62e8-23456247935296","study_id":0,"datetime_start":"2026-07-27T10:45:56.539124"}
{"op_code":5,"worker_id":"93f2de85-af06-40c3-97f7-1c8d609a62e8-23456247935296","trial_id":402,"param_name":"lr","param_value_internal":5.042921432363262e-05,"distribution":"{\"name\": \"FloatDistribution\", \"attributes\": {\"step\": null, \"low\": 1e-08, \"high\": 0.5, \"log\": true}}"}
{"op_code":5,"worker_id":"93f2de85-af06-40c3-97f7-1c8d609a62e8-23456247935296","trial_id":402,"param_name":"ratio","param_value_internal":0.5991382431263653,"distribution":"{\"name\": \"FloatDistribution\", \"attributes\": {\"step\": null, \"low\": 0.1, \"high\": 100.0, \"log\": true}}"}
{"op_code":6,"worker_id":"d4f86aa9-cd0c-442d-85eb-5c82995bb744-23456247935296","trial_id":321,"state":3,"values":null,"datetime_complete":"2026-07-27T10:46:03.089364"}
{"op_code":0,"worker_id":"81fecc07-7a9c-428a-b17d-84d04ad7e4d7-23456247935296","study_name":"peter_mnist_k3","directions":[2]}
{"op_code":4,"worker_id":"81fecc07-7a9c-428a-b17d-84d04ad7e4d7-23456247935296","study_id":0,"datetime_start":"2026-07-27T10:46:03.274418"}
{"op_code":5,"worker_id":"81fecc07-7a9c-428a-b17d-84d04ad7e4d7-23456247935296","trial_id":403,"param_name":"lr","param_value_internal":0.058362134474484476,"distribution":"{\"name\": \"FloatDistribution\", \"attributes\": {\"step\": null, \"low\": 1e-08, \"high\": 0.5, \"log\": true}}"}
{"op_code":5,"worker_id":"81fecc07-7a9c-428a-b17d-84d04ad7e4d7-23456247935296","trial_id":403,"param_name":"ratio","param_value_internal":23.81128252111779,"distribution":"{\"name\": \"FloatDistribution\", \"attributes\": {\"step\": null, \"low\": 0.1, \"high\": 100.0, \"log\": true}}"}
{"op_code":6,"worker_id":"65c9a025-0f29-48ba-84bd-fb2353e5f9a1-23456247935296","trial_id":311,"state":3,"values":null,"datetime_complete":"2026-07-27T10:46:03.914467"}
{"op_code":0,"worker_id":"20789637-c481-47f1-aa5c-1f00f9dd8469-23456247935296","study_name":"peter_mnist_k3","directions":[2]}
{"op_code":4,"worker_id":"20789637-c481-47f1-aa5c-1f00f9dd8469-23456247935296","study_id":0,"datetime_start":"2026-07-27T10:46:04.070189"}
{"op_code":5,"worker_id":"20789637-c481-47f1-aa5c-1f00f9dd8469-23456247935296","trial_id":404,"param_name":"lr","param_value_internal":8.799083330948178e-06,"distribution":"{\"name\": \"FloatDistribution\", \"attributes\": {\"step\": null, \"low\": 1e-08, \"high\": 0.5, \"log\": true}}"}
{"op_code":5,"worker_id":"20789637-c481-47f1-aa5c-1f00f9dd8469-23456247935296","trial_id":404,"param_name":"ratio","param_value_internal":1.7558791479655176,"distribution":"{\"name\": \"FloatDistribution\", \"attributes\": {\"step\": null, \"low\": 0.1, \"high\": 100.0, \"log\": true}}"}
{"op_code":6,"worker_id":"3bdb5f52-160b-4839-b51a-e67064c12a44-23456247935296","trial_id":271,"state":3,"values":null,"datetime_complete":"2026-07-27T10:46:06.757309"}
{"op_code":0,"worker_id":"b99dd058-a3cf-45da-8cf3-57365e5fde29-23456247935296","study_name":"peter_mnist_k3","directions":[2]}
{"op_code":4,"worker_id":"b99dd058-a3cf-45da-8cf3-57365e5fde29-23456247935296","study_id":0,"datetime_start":"2026-07-27T10:46:06.981893"}
{"op_code":5,"worker_id":"b99dd058-a3cf-45da-8cf3-57365e5fde29-23456247935296","trial_id":405,"param_name":"lr","param_value_internal":0.013141429795637564,"distribution":"{\"name\": \"FloatDistribution\", \"attributes\": {\"step\": null, \"low\": 1e-08, \"high\": 0.5, \"log\": true}}"}
{"op_code":5,"worker_id":"b99dd058-a3cf-45da-8cf3-57365e5fde29-23456247935296","trial_id":405,"param_name":"ratio","param_value_internal":4.9933168236964915,"distribution":"{\"name\": \"FloatDistribution\", \"attributes\": {\"step\": null, \"low\": 0.1, \"high\": 100.0, \"log\": true}}"}
{"op_code":6,"worker_id":"f5a54ab2-fea1-45ca-8cd7-162b0474378d-23456247935296","trial_id":259,"state":3,"values":null,"datetime_complete":"2026-07-27T10:46:32.090768"}
{"op_code":0,"worker_id":"fc8c0f68-ba6c-4299-b6e2-54267cee6f5a-23456247935296","study_name":"peter_mnist_k3","directions":[2]}
{"op_code":6,"worker_id":"d5eb0f8e-8095-4b76-98d0-8c4aad008a2c-23456247935296","trial_id":344,"state":3,"values":null,"datetime_complete":"2026-07-27T10:46:32.242135"}
{"op_code":0,"worker_id":"98329ed7-6831-4a88-84d7-68028c6e582b-23456247935296","study_name":"peter_mnist_k3","directions":[2]}
{"op_code":4,"worker_id":"fc8c0f68-ba6c-4299-b6e2-54267cee6f5a-23456247935296","study_id":0,"datetime_start":"2026-07-27T10:46:32.397750"}
{"op_code":4,"worker_id":"98329ed7-6831-4a88-84d7-68028c6e582b-23456247935296","study_id":0,"datetime_start":"2026-07-27T10:46:32.403919"}
{"op_code":5,"worker_id":"fc8c0f68-ba6c-4299-b6e2-54267cee6f5a-23456247935296","trial_id":406,"param_name":"lr","param_value_internal":0.0004627287684998163,"distribution":"{\"name\": \"FloatDistribution\", \"attributes\": {\"step\": null, \"low\": 1e-08, \"high\": 0.5, \"log\": true}}"}
{"op_code":5,"worker_id":"98329ed7-6831-4a88-84d7-68028c6e582b-23456247935296","trial_id":407,"param_name":"lr","param_value_internal":1.9121897200152962e-06,"distribution":"{\"name\": \"FloatDistribution\", \"attributes\": {\"step\": null, \"low\": 1e-08, \"high\": 0.5, \"log\": true}}"}
{"op_code":5,"worker_id":"fc8c0f68-ba6c-4299-b6e2-54267cee6f5a-23456247935296","trial_id":406,"param_name":"ratio","param_value_internal":53.07680012829352,"distribution":"{\"name\": \"FloatDistribution\", \"attributes\": {\"step\": null, \"low\": 0.1, \"high\": 100.0, \"log\": true}}"}
{"op_code":5,"worker_id":"98329ed7-6831-4a88-84d7-68028c6e582b-23456247935296","trial_id":407,"param_name":"ratio","param_value_internal":10.478073834709747,"distribution":"{\"name\": \"FloatDistribution\", \"attributes\": {\"step\": null, \"low\": 0.1, \"high\": 100.0, \"log\": true}}"}
{"op_code":6,"worker_id":"d75d3a5b-5fc3-47c3-8748-5f61ae808c0f-23456247935296","trial_id":293,"state":3,"values":null,"datetime_complete":"2026-07-27T10:46:42.008329"}
{"op_code":0,"worker_id":"bdbf808b-aaad-4cdd-903b-5d78f31d5606-23456247935296","study_name":"peter_mnist_k3","directions":[2]}
{"op_code":4,"worker_id":"bdbf808b-aaad-4cdd-903b-5d78f31d5606-23456247935296","study_id":0,"datetime_start":"2026-07-27T10:46:42.764916"}
{"op_code":5,"worker_id":"bdbf808b-aaad-4cdd-903b-5d78f31d5606-23456247935296","trial_id":408,"param_name":"lr","param_value_internal":0.2986568330788673,"distribution":"{\"name\": \"FloatDistribution\", \"attributes\": {\"step\": null, \"low\": 1e-08, \"high\": 0.5, \"log\": true}}"}
{"op_code":5,"worker_id":"bdbf808b-aaad-4cdd-903b-5d78f31d5606-23456247935296","trial_id":408,"param_name":"ratio","param_value_internal":0.23785210445535054,"distribution":"{\"name\": \"FloatDistribution\", \"attributes\": {\"step\": null, \"low\": 0.1, \"high\": 100.0, \"log\": true}}"}
{"op_code":6,"worker_id":"06143424-77ff-4d3f-962f-9d5eabb5fc4d-23456247935296","trial_id":289,"state":3,"values":null,"datetime_complete":"2026-07-27T10:46:48.232524"}
{"op_code":0,"worker_id":"1f831970-580a-43d2-a0d1-4011e4902498-23456247935296","study_name":"peter_mnist_k3","directions":[2]}
{"op_code":4,"worker_id":"1f831970-580a-43d2-a0d1-4011e4902498-23456247935296","study_id":0,"datetime_start":"2026-07-27T10:46:48.283823"}
{"op_code":5,"worker_id":"1f831970-580a-43d2-a0d1-4011e4902498-23456247935296","trial_id":409,"param_name":"lr","param_value_internal":1.4060466810561923e-08,"distribution":"{\"name\": \"FloatDistribution\", \"attributes\": {\"step\": null, \"low\": 1e-08, \"high\": 0.5, \"log\": true}}"}
{"op_code":5,"worker_id":"1f831970-580a-43d2-a0d1-4011e4902498-23456247935296","trial_id":409,"param_name":"ratio","param_value_internal":31.873208708427548,"distribution":"{\"name\": \"FloatDistribution\", \"attributes\": {\"step\": null, \"low\": 0.1, \"high\": 100.0, \"log\": true}}"}
{"op_code":6,"worker_id":"8e746133-d573-4dea-a119-ae309bdd554f-23456247935296","trial_id":324,"state":3,"values":null,"datetime_complete":"2026-07-27T10:46:51.106208"}
{"op_code":0,"worker_id":"eec0f522-f1be-456d-892b-1242c0921b77-23456247935296","study_name":"peter_mnist_k3","directions":[2]}
{"op_code":4,"worker_id":"eec0f522-f1be-456d-892b-1242c0921b77-23456247935296","study_id":0,"datetime_start":"2026-07-27T10:46:51.760052"}
{"op_code":5,"worker_id":"eec0f522-f1be-456d-892b-1242c0921b77-23456247935296","trial_id":410,"param_name":"lr","param_value_internal":0.000979771957324605,"distribution":"{\"name\": \"FloatDistribution\", \"attributes\": {\"step\": null, \"low\": 1e-08, \"high\": 0.5, \"log\": true}}"}
{"op_code":5,"worker_id":"eec0f522-f1be-456d-892b-1242c0921b77-23456247935296","trial_id":410,"param_name":"ratio","param_value_internal":6.4821820316711545,"distribution":"{\"name\": \"FloatDistribution\", \"attributes\": {\"step\": null, \"low\": 0.1, \"high\": 100.0, \"log\": true}}"}
{"op_code":6,"worker_id":"90a304ba-f248-441d-b657-7ae9755ad2ee-23456247935296","trial_id":304,"state":3,"values":null,"datetime_complete":"2026-07-27T10:46:52.081656"}
{"op_code":0,"worker_id":"2542b8d3-a662-4f62-a5d1-31dbafa2b3b6-23456247935296","study_name":"peter_mnist_k3","directions":[2]}
{"op_code":4,"worker_id":"2542b8d3-a662-4f62-a5d1-31dbafa2b3b6-23456247935296","study_id":0,"datetime_start":"2026-07-27T10:46:52.833913"}
{"op_code":5,"worker_id":"2542b8d3-a662-4f62-a5d1-31dbafa2b3b6-23456247935296","trial_id":411,"param_name":"lr","param_value_internal":2.854807517494425e-07,"distribution":"{\"name\": \"FloatDistribution\", \"attributes\": {\"step\": null, \"low\": 1e-08, \"high\": 0.5, \"log\": true}}"}
{"op_code":5,"worker_id":"2542b8d3-a662-4f62-a5d1-31dbafa2b3b6-23456247935296","trial_id":411,"param_name":"ratio","param_value_internal":0.9565353055056239,"distribution":"{\"name\": \"FloatDistribution\", \"attributes\": {\"step\": null, \"low\": 0.1, \"high\": 100.0, \"log\": true}}"}
{"op_code":6,"worker_id":"cf6afe77-9cd9-4a39-8d84-72090fe6e659-23456247935296","trial_id":322,"state":3,"values":null,"datetime_complete":"2026-07-27T10:46:53.681889"}
{"op_code":0,"worker_id":"79c48bed-7f5c-4168-a8e5-0af9998904e3-23456247935296","study_name":"peter_mnist_k3","directions":[2]}
{"op_code":4,"worker_id":"79c48bed-7f5c-4168-a8e5-0af9998904e3-23456247935296","study_id":0,"datetime_start":"2026-07-27T10:46:54.233929"}
{"op_code":5,"worker_id":"79c48bed-7f5c-4168-a8e5-0af9998904e3-23456247935296","trial_id":412,"param_name":"lr","param_value_internal":0.07677142653590245,"distribution":"{\"name\": \"FloatDistribution\", \"attributes\": {\"step\": null, \"low\": 1e-08, \"high\": 0.5, \"log\": true}}"}
{"op_code":5,"worker_id":"79c48bed-7f5c-4168-a8e5-0af9998904e3-23456247935296","trial_id":412,"param_name":"ratio","param_value_internal":1.4647056861638614,"distribution":"{\"name\": \"FloatDistribution\", \"attributes\": {\"step\": null, \"low\": 0.1, \"high\": 100.0, \"log\": true}}"}
{"op_code":6,"worker_id":"56a1ed18-c160-4d88-b8d8-98bad055011d-23456247935296","trial_id":315,"state":3,"values":null,"datetime_complete":"2026-07-27T10:47:14.358589"}
{"op_code":0,"worker_id":"a36b52c7-2926-4286-8166-c0d7b664697e-23456247935296","study_name":"peter_mnist_k3","directions":[2]}
{"op_code":4,"worker_id":"a36b52c7-2926-4286-8166-c0d7b664697e-23456247935296","study_id":0,"datetime_start":"2026-07-27T10:47:15.036954"}
{"op_code":5,"worker_id":"a36b52c7-2926-4286-8166-c0d7b664697e-23456247935296","trial_id":413,"param_name":"lr","param_value_internal":0.00038260430117604893,"distribution":"{\"name\": \"FloatDistribution\", \"attributes\": {\"step\": null, \"low\": 1e-08, \"high\": 0.5, \"log\": true}}"}
{"op_code":5,"worker_id":"a36b52c7-2926-4286-8166-c0d7b664697e-23456247935296","trial_id":413,"param_name":"ratio","param_value_internal":0.10460432940886287,"distribution":"{\"name\": \"FloatDistribution\", \"attributes\": {\"step\": null, \"low\": 0.1, \"high\": 100.0, \"log\": true}}"}
{"op_code":6,"worker_id":"40a9787e-838d-4ea2-bc79-a2dba5daa273-23456247935296","trial_id":352,"state":3,"values":null,"datetime_complete":"2026-07-27T10:48:21.552909"}
{"op_code":0,"worker_id":"c0eb90a4-7d3b-454b-96fa-f8e1b0897a9d-23456247935296","study_name":"peter_mnist_k3","directions":[2]}
{"op_code":4,"worker_id":"c0eb90a4-7d3b-454b-96fa-f8e1b0897a9d-23456247935296","study_id":0,"datetime_start":"2026-07-27T10:48:21.642346"}
{"op_code":5,"worker_id":"c0eb90a4-7d3b-454b-96fa-f8e1b0897a9d-23456247935296","trial_id":414,"param_name":"lr","param_value_internal":0.30789369172450126,"distribution":"{\"name\": \"FloatDistribution\", \"attributes\": {\"step\": null, \"low\": 1e-08, \"high\": 0.5, \"log\": true}}"}
{"op_code":5,"worker_id":"c0eb90a4-7d3b-454b-96fa-f8e1b0897a9d-23456247935296","trial_id":414,"param_name":"ratio","param_value_internal":53.655191282696,"distribution":"{\"name\": \"FloatDistribution\", \"attributes\": {\"step\": null, \"low\": 0.1, \"high\": 100.0, \"log\": true}}"}
{"op_code":6,"worker_id":"da3383ed-63f7-4860-babf-1f468c1ce234-23456247935296","trial_id":327,"state":3,"values":null,"datetime_complete":"2026-07-27T10:48:23.377089"}
{"op_code":0,"worker_id":"5607d387-18ee-4f58-ba3e-46de9e82f904-23456247935296","study_name":"peter_mnist_k3","directions":[2]}
{"op_code":4,"worker_id":"5607d387-18ee-4f58-ba3e-46de9e82f904-23456247935296","study_id":0,"datetime_start":"2026-07-27T10:48:24.107976"}
{"op_code":5,"worker_id":"5607d387-18ee-4f58-ba3e-46de9e82f904-23456247935296","trial_id":415,"param_name":"lr","param_value_internal":0.25909518341417337,"distribution":"{\"name\": \"FloatDistribution\", \"attributes\": {\"step\": null, \"low\": 1e-08, \"high\": 0.5, \"log\": true}}"}
{"op_code":5,"worker_id":"5607d387-18ee-4f58-ba3e-46de9e82f904-23456247935296","trial_id":415,"param_name":"ratio","param_value_internal":7.2965930366788285,"distribution":"{\"name\": \"FloatDistribution\", \"attributes\": {\"step\": null, \"low\": 0.1, \"high\": 100.0, \"log\": true}}"}
{"op_code":6,"worker_id":"a1d67918-776d-4555-84c2-2c13b6a8858c-23456247935296","trial_id":307,"state":3,"values":null,"datetime_complete":"2026-07-27T10:48:56.222211"}
{"op_code":0,"worker_id":"f681908b-c54b-4c36-a684-c3ff45322269-23456247935296","study_name":"peter_mnist_k3","directions":[2]}
{"op_code":4,"worker_id":"f681908b-c54b-4c36-a684-c3ff45322269-23456247935296","study_id":0,"datetime_start":"2026-07-27T10:48:56.836271"}
{"op_code":5,"worker_id":"f681908b-c54b-4c36-a684-c3ff45322269-23456247935296","trial_id":416,"param_name":"lr","param_value_internal":1.2987641360920386e-05,"distribution":"{\"name\": \"FloatDistribution\", \"attributes\": {\"step\": null, \"low\": 1e-08, \"high\": 0.5, \"log\": true}}"}
{"op_code":5,"worker_id":"f681908b-c54b-4c36-a684-c3ff45322269-23456247935296","trial_id":416,"param_name":"ratio","param_value_internal":0.6058828773112367,"distribution":"{\"name\": \"FloatDistribution\", \"attributes\": {\"step\": null, \"low\": 0.1, \"high\": 100.0, \"log\": true}}"}
{"op_code":6,"worker_id":"43017cd4-9f51-4a3f-aae2-57c7a048e49b-23456247935296","trial_id":279,"state":3,"values":null,"datetime_complete":"2026-07-27T10:50:02.899318"}
{"op_code":0,"worker_id":"cfe5d3b5-02ef-43f3-a96e-2b07c4229d6e-23456247935296","study_name":"peter_mnist_k3","directions":[2]}
{"op_code":4,"worker_id":"cfe5d3b5-02ef-43f3-a96e-2b07c4229d6e-23456247935296","study_id":0,"datetime_start":"2026-07-27T10:50:03.058105"}
{"op_code":5,"worker_id":"cfe5d3b5-02ef-43f3-a96e-2b07c4229d6e-23456247935296","trial_id":417,"param_name":"lr","param_value_internal":1.2442742157141113e-06,"distribution":"{\"name\": \"FloatDistribution\", \"attributes\": {\"step\": null, \"low\": 1e-08, \"high\": 0.5, \"log\": true}}"}
{"op_code":5,"worker_id":"cfe5d3b5-02ef-43f3-a96e-2b07c4229d6e-23456247935296","trial_id":417,"param_name":"ratio","param_value_internal":0.1485739217746895,"distribution":"{\"name\": \"FloatDistribution\", \"attributes\": {\"step\": null, \"low\": 0.1, \"high\": 100.0, \"log\": true}}"}
{"op_code":6,"worker_id":"a0efa7ba-5c91-4a93-8f3d-b8c91e07b539-23456247935296","trial_id":275,"state":3,"values":null,"datetime_complete":"2026-07-27T10:53:28.691161"}
{"op_code":0,"worker_id":"af678a7a-4d1a-4d12-a4e8-edcbcb6c04f5-23456247935296","study_name":"peter_mnist_k3","directions":[2]}
{"op_code":4,"worker_id":"af678a7a-4d1a-4d12-a4e8-edcbcb6c04f5-23456247935296","study_id":0,"datetime_start":"2026-07-27T10:53:28.742062"}
{"op_code":5,"worker_id":"af678a7a-4d1a-4d12-a4e8-edcbcb6c04f5-23456247935296","trial_id":418,"param_name":"lr","param_value_internal":3.858709616979551e-06,"distribution":"{\"name\": \"FloatDistribution\", \"attributes\": {\"step\": null, \"low\": 1e-08, \"high\": 0.5, \"log\": true}}"}
{"op_code":5,"worker_id":"af678a7a-4d1a-4d12-a4e8-edcbcb6c04f5-23456247935296","trial_id":418,"param_name":"ratio","param_value_internal":18.200697085674324,"distribution":"{\"name\": \"FloatDistribution\", \"attributes\": {\"step\": null, \"low\": 0.1, \"high\": 100.0, \"log\": true}}"}
{"op_code":6,"worker_id":"5ea81a8e-7104-4256-b194-3f052e22e63b-23456247935296","trial_id":360,"state":3,"values":null,"datetime_complete":"2026-07-27T10:58:23.885034"}
{"op_code":0,"worker_id":"09fe253c-7c56-46e9-9824-5789abc258ed-23456247935296","study_name":"peter_mnist_k3","directions":[2]}
{"op_code":4,"worker_id":"09fe253c-7c56-46e9-9824-5789abc258ed-23456247935296","study_id":0,"datetime_start":"2026-07-27T10:58:24.008317"}
{"op_code":5,"worker_id":"09fe253c-7c56-46e9-9824-5789abc258ed-23456247935296","trial_id":419,"param_name":"lr","param_value_internal":0.32468911655919197,"distribution":"{\"name\": \"FloatDistribution\", \"attributes\": {\"step\": null, \"low\": 1e-08, \"high\": 0.5, \"log\": true}}"}
{"op_code":5,"worker_id":"09fe253c-7c56-46e9-9824-5789abc258ed-23456247935296","trial_id":419,"param_name":"ratio","param_value_internal":0.16588645302031058,"distribution":"{\"name\": \"FloatDistribution\", \"attributes\": {\"step\": null, \"low\": 0.1, \"high\": 100.0, \"log\": true}}"}
{"op_code":6,"worker_id":"4ed37313-34df-4239-80b9-cb2ccafec4be-23456247935296","trial_id":366,"state":3,"values":null,"datetime_complete":"2026-07-27T10:58:30.612316"}
{"op_code":0,"worker_id":"eba53f14-f945-4544-9e09-179766f5644b-23456247935296","study_name":"peter_mnist_k3","directions":[2]}
{"op_code":4,"worker_id":"eba53f14-f945-4544-9e09-179766f5644b-23456247935296","study_id":0,"datetime_start":"2026-07-27T10:58:30.688639"}
{"op_code":5,"worker_id":"eba53f14-f945-4544-9e09-179766f5644b-23456247935296","trial_id":420,"param_name":"lr","param_value_internal":1.0114676836614187e-07,"distribution":"{\"name\": \"FloatDistribution\", \"attributes\": {\"step\": null, \"low\": 1e-08, \"high\": 0.5, \"log\": true}}"}
{"op_code":5,"worker_id":"eba53f14-f945-4544-9e09-179766f5644b-23456247935296","trial_id":420,"param_name":"ratio","param_value_internal":13.412667399747392,"distribution":"{\"name\": \"FloatDistribution\", \"attributes\": {\"step\": null, \"low\": 0.1, \"high\": 100.0, \"log\": true}}"}
{"op_code":6,"worker_id":"dbb210ce-6e34-4d53-b795-fad5a7f437ad-23456247935296","trial_id":367,"state":3,"values":null,"datetime_complete":"2026-07-27T10:58:44.600012"}
{"op_code":0,"worker_id":"582ac222-ca45-4480-a6ec-6c50411d5dbe-23456247935296","study_name":"peter_mnist_k3","directions":[2]}
{"op_code":4,"worker_id":"582ac222-ca45-4480-a6ec-6c50411d5dbe-23456247935296","study_id":0,"datetime_start":"2026-07-27T10:58:44.729432"}
{"op_code":5,"worker_id":"582ac222-ca45-4480-a6ec-6c50411d5dbe-23456247935296","trial_id":421,"param_name":"lr","param_value_internal":7.578863416405258e-05,"distribution":"{\"name\": \"FloatDistribution\", \"attributes\": {\"step\": null, \"low\": 1e-08, \"high\": 0.5, \"log\": true}}"}
{"op_code":5,"worker_id":"582ac222-ca45-4480-a6ec-6c50411d5dbe-23456247935296","trial_id":421,"param_name":"ratio","param_value_internal":0.10699030080081759,"distribution":"{\"name\": \"FloatDistribution\", \"attributes\": {\"step\": null, \"low\": 0.1, \"high\": 100.0, \"log\": true}}"}
{"op_code":6,"worker_id":"94915f14-70bc-4105-a7e5-9648e2975fef-23456247935296","trial_id":362,"state":3,"values":null,"datetime_complete":"2026-07-27T10:59:07.543506"}
{"op_code":0,"worker_id":"486bc30d-ac1c-4236-b322-070052f5a27d-23456247935296","study_name":"peter_mnist_k3","directions":[2]}
{"op_code":4,"worker_id":"486bc30d-ac1c-4236-b322-070052f5a27d-23456247935296","study_id":0,"datetime_start":"2026-07-27T10:59:07.641250"}
{"op_code":5,"worker_id":"486bc30d-ac1c-4236-b322-070052f5a27d-23456247935296","trial_id":422,"param_name":"lr","param_value_internal":5.250267395793175e-06,"distribution":"{\"name\": \"FloatDistribution\", \"attributes\": {\"step\": null, \"low\": 1e-08, \"high\": 0.5, \"log\": true}}"}
{"op_code":5,"worker_id":"486bc30d-ac1c-4236-b322-070052f5a27d-23456247935296","trial_id":422,"param_name":"ratio","param_value_internal":0.6884399535636415,"distribution":"{\"name\": \"FloatDistribution\", \"attributes\": {\"step\": null, \"low\": 0.1, \"high\": 100.0, \"log\": true}}"}
{"op_code":6,"worker_id":"1a5318da-9576-4da0-94ad-99c47b328b3c-23456247935296","trial_id":370,"state":3,"values":null,"datetime_complete":"2026-07-27T10:59:20.006688"}
{"op_code":0,"worker_id":"b9a331db-b947-4cd6-bc76-aca464bcb956-23456247935296","study_name":"peter_mnist_k3","directions":[2]}
{"op_code":4,"worker_id":"b9a331db-b947-4cd6-bc76-aca464bcb956-23456247935296","study_id":0,"datetime_start":"2026-07-27T10:59:20.093254"}
{"op_code":5,"worker_id":"b9a331db-b947-4cd6-bc76-aca464bcb956-23456247935296","trial_id":423,"param_name":"lr","param_value_internal":0.19664351283896092,"distribution":"{\"name\": \"FloatDistribution\", \"attributes\": {\"step\": null, \"low\": 1e-08, \"high\": 0.5, \"log\": true}}"}
{"op_code":5,"worker_id":"b9a331db-b947-4cd6-bc76-aca464bcb956-23456247935296","trial_id":423,"param_name":"ratio","param_value_internal":0.18200479949924614,"distribution":"{\"name\": \"FloatDistribution\", \"attributes\": {\"step\": null, \"low\": 0.1, \"high\": 100.0, \"log\": true}}"}
{"op_code":6,"worker_id":"090cae00-ddcb-4308-83ea-e64bdba97b71-23456247935296","trial_id":361,"state":3,"values":null,"datetime_complete":"2026-07-27T10:59:50.431044"}
{"op_code":0,"worker_id":"25df860c-f6ff-43d2-b032-f3dea36dff63-23456247935296","study_name":"peter_mnist_k3","directions":[2]}
{"op_code":4,"worker_id":"25df860c-f6ff-43d2-b032-f3dea36dff63-23456247935296","study_id":0,"datetime_start":"2026-07-27T10:59:50.489183"}
{"op_code":5,"worker_id":"25df860c-f6ff-43d2-b032-f3dea36dff63-23456247935296","trial_id":424,"param_name":"lr","param_value_internal":0.002041824998163236,"distribution":"{\"name\": \"FloatDistribution\", \"attributes\": {\"step\": null, \"low\": 1e-08, \"high\": 0.5, \"log\": true}}"}
{"op_code":5,"worker_id":"25df860c-f6ff-43d2-b032-f3dea36dff63-23456247935296","trial_id":424,"param_name":"ratio","param_value_internal":5.269365935377777,"distribution":"{\"name\": \"FloatDistribution\", \"attributes\": {\"step\": null, \"low\": 0.1, \"high\": 100.0, \"log\": true}}"}
{"op_code":6,"worker_id":"8fb8b821-4339-4d21-8221-f8ebbd16c80f-23456247935296","trial_id":268,"state":3,"values":null,"datetime_complete":"2026-07-27T11:00:16.866382"}
{"op_code":0,"worker_id":"e16a9d7e-27a7-4362-82c9-c1b145f3ea1d-23456247935296","study_name":"peter_mnist_k3","directions":[2]}
{"op_code":4,"worker_id":"e16a9d7e-27a7-4362-82c9-c1b145f3ea1d-23456247935296","study_id":0,"datetime_start":"2026-07-27T11:00:17.140924"}
{"op_code":5,"worker_id":"e16a9d7e-27a7-4362-82c9-c1b145f3ea1d-23456247935296","trial_id":425,"param_name":"lr","param_value_internal":1.7277935163651977e-08,"distribution":"{\"name\": \"FloatDistribution\", \"attributes\": {\"step\": null, \"low\": 1e-08, \"high\": 0.5, \"log\": true}}"}
{"op_code":5,"worker_id":"e16a9d7e-27a7-4362-82c9-c1b145f3ea1d-23456247935296","trial_id":425,"param_name":"ratio","param_value_internal":56.97075756055971,"distribution":"{\"name\": \"FloatDistribution\", \"attributes\": {\"step\": null, \"low\": 0.1, \"high\": 100.0, \"log\": true}}"}
{"op_code":6,"worker_id":"29b7a66d-c181-43e9-bbed-018abb0296c2-23456247935296","trial_id":339,"state":3,"values":null,"datetime_complete":"2026-07-27T11:00:29.337362"}
{"op_code":0,"worker_id":"b5f9e0ed-9b45-4d56-bf5d-245b2593000f-23456247935296","study_name":"peter_mnist_k3","directions":[2]}
{"op_code":4,"worker_id":"b5f9e0ed-9b45-4d56-bf5d-245b2593000f-23456247935296","study_id":0,"datetime_start":"2026-07-27T11:00:30.068895"}
{"op_code":5,"worker_id":"b5f9e0ed-9b45-4d56-bf5d-245b2593000f-23456247935296","trial_id":426,"param_name":"lr","param_value_internal":0.0085172383951793,"distribution":"{\"name\": \"FloatDistribution\", \"attributes\": {\"step\": null, \"low\": 1e-08, \"high\": 0.5, \"log\": true}}"}
{"op_code":5,"worker_id":"b5f9e0ed-9b45-4d56-bf5d-245b2593000f-23456247935296","trial_id":426,"param_name":"ratio","param_value_internal":12.066197016759343,"distribution":"{\"name\": \"FloatDistribution\", \"attributes\": {\"step\": null, \"low\": 0.1, \"high\": 100.0, \"log\": true}}"}
{"op_code":6,"worker_id":"5fca0bf6-62f4-42b9-a759-15e07b188434-23456247935296","trial_id":262,"state":3,"values":null,"datetime_complete":"2026-07-27T11:00:37.544549"}
{"op_code":0,"worker_id":"943261ca-e911-42e0-babd-b0cd625ec4ab-23456247935296","study_name":"peter_mnist_k3","directions":[2]}
{"op_code":4,"worker_id":"943261ca-e911-42e0-babd-b0cd625ec4ab-23456247935296","study_id":0,"datetime_start":"2026-07-27T11:00:38.351882"}
{"op_code":5,"worker_id":"943261ca-e911-42e0-babd-b0cd625ec4ab-23456247935296","trial_id":427,"param_name":"lr","param_value_internal":3.037773683396819e-08,"distribution":"{\"name\": \"FloatDistribution\", \"attributes\": {\"step\": null, \"low\": 1e-08, \"high\": 0.5, \"log\": true}}"}
{"op_code":5,"worker_id":"943261ca-e911-42e0-babd-b0cd625ec4ab-23456247935296","trial_id":427,"param_name":"ratio","param_value_internal":33.097626518348434,"distribution":"{\"name\": \"FloatDistribution\", \"attributes\": {\"step\": null, \"low\": 0.1, \"high\": 100.0, \"log\": true}}"}
{"op_code":6,"worker_id":"e91272b8-e209-4d17-960f-d765cf15cbf8-23456247935296","trial_id":376,"state":3,"values":null,"datetime_complete":"2026-07-27T11:00:41.483170"}
{"op_code":0,"worker_id":"336a2e31-c8dd-40e6-b7db-70a0b06d0651-23456247935296","study_name":"peter_mnist_k3","directions":[2]}
{"op_code":4,"worker_id":"336a2e31-c8dd-40e6-b7db-70a0b06d0651-23456247935296","study_id":0,"datetime_start":"2026-07-27T11:00:41.524359"}
{"op_code":5,"worker_id":"336a2e31-c8dd-40e6-b7db-70a0b06d0651-23456247935296","trial_id":428,"param_name":"lr","param_value_internal":0.0017601022106532105,"distribution":"{\"name\": \"FloatDistribution\", \"attributes\": {\"step\": null, \"low\": 1e-08, \"high\": 0.5, \"log\": true}}"}
{"op_code":5,"worker_id":"336a2e31-c8dd-40e6-b7db-70a0b06d0651-23456247935296","trial_id":428,"param_name":"ratio","param_value_internal":7.503060230614176,"distribution":"{\"name\": \"FloatDistribution\", \"attributes\": {\"step\": null, \"low\": 0.1, \"high\": 100.0, \"log\": true}}"}
{"op_code":6,"worker_id":"64e8bc90-5b58-4dd3-b565-3aa5a643b03a-23456247935296","trial_id":374,"state":3,"values":null,"datetime_complete":"2026-07-27T11:01:13.943953"}
{"op_code":0,"worker_id":"cfe11ad5-42f1-417a-8612-891cb90594ef-23456247935296","study_name":"peter_mnist_k3","directions":[2]}
{"op_code":4,"worker_id":"cfe11ad5-42f1-417a-8612-891cb90594ef-23456247935296","study_id":0,"datetime_start":"2026-07-27T11:01:14.037194"}
{"op_code":5,"worker_id":"cfe11ad5-42f1-417a-8612-891cb90594ef-23456247935296","trial_id":429,"param_name":"lr","param_value_internal":9.662507296194938e-08,"distribution":"{\"name\": \"FloatDistribution\", \"attributes\": {\"step\": null, \"low\": 1e-08, \"high\": 0.5, \"log\": true}}"}
{"op_code":5,"worker_id":"cfe11ad5-42f1-417a-8612-891cb90594ef-23456247935296","trial_id":429,"param_name":"ratio","param_value_internal":10.967986392359709,"distribution":"{\"name\": \"FloatDistribution\", \"attributes\": {\"step\": null, \"low\": 0.1, \"high\": 100.0, \"log\": true}}"}
{"op_code":6,"worker_id":"9e5a508c-cf0e-4a39-b7f7-82f70995ce29-23456247935296","trial_id":357,"state":3,"values":null,"datetime_complete":"2026-07-27T11:01:59.625381"}
{"op_code":0,"worker_id":"63290514-aadd-4a06-87e8-636523f0fa47-23456247935296","study_name":"peter_mnist_k3","directions":[2]}
{"op_code":4,"worker_id":"63290514-aadd-4a06-87e8-636523f0fa47-23456247935296","study_id":0,"datetime_start":"2026-07-27T11:01:59.865455"}
{"op_code":5,"worker_id":"63290514-aadd-4a06-87e8-636523f0fa47-23456247935296","trial_id":430,"param_name":"lr","param_value_internal":0.0004624660227560753,"distribution":"{\"name\": \"FloatDistribution\", \"attributes\": {\"step\": null, \"low\": 1e-08, \"high\": 0.5, \"log\": true}}"}
{"op_code":5,"worker_id":"63290514-aadd-4a06-87e8-636523f0fa47-23456247935296","trial_id":430,"param_name":"ratio","param_value_internal":95.18630981772151,"distribution":"{\"name\": \"FloatDistribution\", \"attributes\": {\"step\": null, \"low\": 0.1, \"high\": 100.0, \"log\": true}}"}
{"op_code":6,"worker_id":"c3c89c1e-679b-4323-99f8-a8df7d4db5d3-23456247935296","trial_id":363,"state":3,"values":null,"datetime_complete":"2026-07-27T11:02:19.859449"}
{"op_code":0,"worker_id":"5d35f885-c485-4f62-8818-d87326f5a266-23456247935296","study_name":"peter_mnist_k3","directions":[2]}
{"op_code":4,"worker_id":"5d35f885-c485-4f62-8818-d87326f5a266-23456247935296","study_id":0,"datetime_start":"2026-07-27T11:02:19.968654"}
{"op_code":5,"worker_id":"5d35f885-c485-4f62-8818-d87326f5a266-23456247935296","trial_id":431,"param_name":"lr","param_value_internal":6.764108051744485e-08,"distribution":"{\"name\": \"FloatDistribution\", \"attributes\": {\"step\": null, \"low\": 1e-08, \"high\": 0.5, \"log\": true}}"}
{"op_code":5,"worker_id":"5d35f885-c485-4f62-8818-d87326f5a266-23456247935296","trial_id":431,"param_name":"ratio","param_value_internal":0.3092593154481237,"distribution":"{\"name\": \"FloatDistribution\", \"attributes\": {\"step\": null, \"low\": 0.1, \"high\": 100.0, \"log\": true}}"}
{"op_code":6,"worker_id":"babc3331-73c1-4f4d-a405-d6a551802076-23456247935296","trial_id":368,"state":3,"values":null,"datetime_complete":"2026-07-27T11:02:28.215599"}
{"op_code":0,"worker_id":"e07a2d97-29fe-442f-ba8f-d0c47d1447f6-23456247935296","study_name":"peter_mnist_k3","directions":[2]}
{"op_code":4,"worker_id":"e07a2d97-29fe-442f-ba8f-d0c47d1447f6-23456247935296","study_id":0,"datetime_start":"2026-07-27T11:02:28.324599"}
{"op_code":5,"worker_id":"e07a2d97-29fe-442f-ba8f-d0c47d1447f6-23456247935296","trial_id":432,"param_name":"lr","param_value_internal":3.707898570200682e-05,"distribution":"{\"name\": \"FloatDistribution\", \"attributes\": {\"step\": null, \"low\": 1e-08, \"high\": 0.5, \"log\": true}}"}
{"op_code":5,"worker_id":"e07a2d97-29fe-442f-ba8f-d0c47d1447f6-23456247935296","trial_id":432,"param_name":"ratio","param_value_internal":37.06472536017472,"distribution":"{\"name\": \"FloatDistribution\", \"attributes\": {\"step\": null, \"low\": 0.1, \"high\": 100.0, \"log\": true}}"}
{"op_code":6,"worker_id":"833c9a60-c9bf-4d85-90ff-29ffd3f728c1-23456247935296","trial_id":314,"state":3,"values":null,"datetime_complete":"2026-07-27T11:02:38.726136"}
{"op_code":0,"worker_id":"d3ff4e40-d590-4c00-9d43-01cf422442f7-23456247935296","study_name":"peter_mnist_k3","directions":[2]}
{"op_code":4,"worker_id":"d3ff4e40-d590-4c00-9d43-01cf422442f7-23456247935296","study_id":0,"datetime_start":"2026-07-27T11:02:39.580989"}
{"op_code":5,"worker_id":"d3ff4e40-d590-4c00-9d43-01cf422442f7-23456247935296","trial_id":433,"param_name":"lr","param_value_internal":0.007716654892863085,"distribution":"{\"name\": \"FloatDistribution\", \"attributes\": {\"step\": null, \"low\": 1e-08, \"high\": 0.5, \"log\": true}}"}
{"op_code":5,"worker_id":"d3ff4e40-d590-4c00-9d43-01cf422442f7-23456247935296","trial_id":433,"param_name":"ratio","param_value_internal":0.1649876906377685,"distribution":"{\"name\": \"FloatDistribution\", \"attributes\": {\"step\": null, \"low\": 0.1, \"high\": 100.0, \"log\": true}}"}
{"op_code":6,"worker_id":"48e669dd-18fc-400e-bf76-37f2e9aabc12-23456247935296","trial_id":371,"state":3,"values":null,"datetime_complete":"2026-07-27T11:03:37.033716"}
{"op_code":0,"worker_id":"6eae9b3d-bd97-40af-ba3f-8a8e162b97c5-23456247935296","study_name":"peter_mnist_k3","directions":[2]}
{"op_code":4,"worker_id":"6eae9b3d-bd97-40af-ba3f-8a8e162b97c5-23456247935296","study_id":0,"datetime_start":"2026-07-27T11:03:37.231705"}
{"op_code":5,"worker_id":"6eae9b3d-bd97-40af-ba3f-8a8e162b97c5-23456247935296","trial_id":434,"param_name":"lr","param_value_internal":0.053537585111061915,"distribution":"{\"name\": \"FloatDistribution\", \"attributes\": {\"step\": null, \"low\": 1e-08, \"high\": 0.5, \"log\": true}}"}
{"op_code":5,"worker_id":"6eae9b3d-bd97-40af-ba3f-8a8e162b97c5-23456247935296","trial_id":434,"param_name":"ratio","param_value_internal":10.298579230574035,"distribution":"{\"name\": \"FloatDistribution\", \"attributes\": {\"step\": null, \"low\": 0.1, \"high\": 100.0, \"log\": true}}"}
{"op_code":6,"worker_id":"79c48bed-7f5c-4168-a8e5-0af9998904e3-23456247935296","trial_id":412,"state":3,"values":null,"datetime_complete":"2026-07-27T11:04:29.797413"}
{"op_code":0,"worker_id":"84e8ae27-ae9f-4f76-9a31-6261bb8ab0f4-23456247935296","study_name":"peter_mnist_k3","directions":[2]}
{"op_code":4,"worker_id":"84e8ae27-ae9f-4f76-9a31-6261bb8ab0f4-23456247935296","study_id":0,"datetime_start":"2026-07-27T11:04:29.860503"}
{"op_code":5,"worker_id":"84e8ae27-ae9f-4f76-9a31-6261bb8ab0f4-23456247935296","trial_id":435,"param_name":"lr","param_value_internal":8.875006359233101e-08,"distribution":"{\"name\": \"FloatDistribution\", \"attributes\": {\"step\": null, \"low\": 1e-08, \"high\": 0.5, \"log\": true}}"}
{"op_code":5,"worker_id":"84e8ae27-ae9f-4f76-9a31-6261bb8ab0f4-23456247935296","trial_id":435,"param_name":"ratio","param_value_internal":1.338582309325403,"distribution":"{\"name\": \"FloatDistribution\", \"attributes\": {\"step\": null, \"low\": 0.1, \"high\": 100.0, \"log\": true}}"}
{"op_code":6,"worker_id":"d70032de-f4c8-4275-be72-12fe7d11e45f-23456247935296","trial_id":323,"state":3,"values":null,"datetime_complete":"2026-07-27T11:04:36.058869"}
{"op_code":0,"worker_id":"4fa18327-10f9-4b87-9c37-d6197122dce4-23456247935296","study_name":"peter_mnist_k3","directions":[2]}
{"op_code":4,"worker_id":"4fa18327-10f9-4b87-9c37-d6197122dce4-23456247935296","study_id":0,"datetime_start":"2026-07-27T11:04:36.192272"}
{"op_code":5,"worker_id":"4fa18327-10f9-4b87-9c37-d6197122dce4-23456247935296","trial_id":436,"param_name":"lr","param_value_internal":0.0007150379013975931,"distribution":"{\"name\": \"FloatDistribution\", \"attributes\": {\"step\": null, \"low\": 1e-08, \"high\": 0.5, \"log\": true}}"}
{"op_code":5,"worker_id":"4fa18327-10f9-4b87-9c37-d6197122dce4-23456247935296","trial_id":436,"param_name":"ratio","param_value_internal":22.4316163075742,"distribution":"{\"name\": \"FloatDistribution\", \"attributes\": {\"step\": null, \"low\": 0.1, \"high\": 100.0, \"log\": true}}"}
{"op_code":6,"worker_id":"fc8c0f68-ba6c-4299-b6e2-54267cee6f5a-23456247935296","trial_id":406,"state":3,"values":null,"datetime_complete":"2026-07-27T11:05:09.374761"}
{"op_code":0,"worker_id":"17886405-6d1d-4083-9704-bb9d8cf99f4c-23456247935296","study_name":"peter_mnist_k3","directions":[2]}
{"op_code":4,"worker_id":"17886405-6d1d-4083-9704-bb9d8cf99f4c-23456247935296","study_id":0,"datetime_start":"2026-07-27T11:05:09.588412"}
{"op_code":5,"worker_id":"17886405-6d1d-4083-9704-bb9d8cf99f4c-23456247935296","trial_id":437,"param_name":"lr","param_value_internal":2.4061158094754114e-06,"distribution":"{\"name\": \"FloatDistribution\", \"attributes\": {\"step\": null, \"low\": 1e-08, \"high\": 0.5, \"log\": true}}"}
{"op_code":5,"worker_id":"17886405-6d1d-4083-9704-bb9d8cf99f4c-23456247935296","trial_id":437,"param_name":"ratio","param_value_internal":7.0288166912457415,"distribution":"{\"name\": \"FloatDistribution\", \"attributes\": {\"step\": null, \"low\": 0.1, \"high\": 100.0, \"log\": true}}"}
{"op_code":6,"worker_id":"3725c92c-c993-4749-a4c5-fe57e46d1eac-23456247935296","trial_id":378,"state":3,"values":null,"datetime_complete":"2026-07-27T11:05:35.421508"}
{"op_code":0,"worker_id":"3f5a60b6-bfab-48d5-b93c-9b962036c207-23456247935296","study_name":"peter_mnist_k3","directions":[2]}
{"op_code":4,"worker_id":"3f5a60b6-bfab-48d5-b93c-9b962036c207-23456247935296","study_id":0,"datetime_start":"2026-07-27T11:05:35.582135"}
{"op_code":5,"worker_id":"3f5a60b6-bfab-48d5-b93c-9b962036c207-23456247935296","trial_id":438,"param_name":"lr","param_value_internal":0.30163460403619463,"distribution":"{\"name\": \"FloatDistribution\", \"attributes\": {\"step\": null, \"low\": 1e-08, \"high\": 0.5, \"log\": true}}"}
{"op_code":5,"worker_id":"3f5a60b6-bfab-48d5-b93c-9b962036c207-23456247935296","trial_id":438,"param_name":"ratio","param_value_internal":75.80364862752326,"distribution":"{\"name\": \"FloatDistribution\", \"attributes\": {\"step\": null, \"low\": 0.1, \"high\": 100.0, \"log\": true}}"}
{"op_code":6,"worker_id":"5607d387-18ee-4f58-ba3e-46de9e82f904-23456247935296","trial_id":415,"state":3,"values":null,"datetime_complete":"2026-07-27T11:05:53.782873"}
{"op_code":0,"worker_id":"4a9f4cef-d59b-4b3a-a7ca-ff7f4109fb9a-23456247935296","study_name":"peter_mnist_k3","directions":[2]}
{"op_code":4,"worker_id":"4a9f4cef-d59b-4b3a-a7ca-ff7f4109fb9a-23456247935296","study_id":0,"datetime_start":"2026-07-27T11:05:53.915414"}
{"op_code":5,"worker_id":"4a9f4cef-d59b-4b3a-a7ca-ff7f4109fb9a-23456247935296","trial_id":439,"param_name":"lr","param_value_internal":0.052507387626353916,"distribution":"{\"name\": \"FloatDistribution\", \"attributes\": {\"step\": null, \"low\": 1e-08, \"high\": 0.5, \"log\": true}}"}
{"op_code":5,"worker_id":"4a9f4cef-d59b-4b3a-a7ca-ff7f4109fb9a-23456247935296","trial_id":439,"param_name":"ratio","param_value_internal":7.7861477436499875,"distribution":"{\"name\": \"FloatDistribution\", \"attributes\": {\"step\": null, \"low\": 0.1, \"high\": 100.0, \"log\": true}}"}
{"op_code":6,"worker_id":"87c7ab87-513f-4ed4-a2fa-ab019ca7697a-23456247935296","trial_id":385,"state":3,"values":null,"datetime_complete":"2026-07-27T11:06:46.027477"}
{"op_code":0,"worker_id":"78574f95-4947-4753-9a3e-2de776b81959-23456247935296","study_name":"peter_mnist_k3","directions":[2]}
{"op_code":4,"worker_id":"78574f95-4947-4753-9a3e-2de776b81959-23456247935296","study_id":0,"datetime_start":"2026-07-27T11:06:46.100252"}
{"op_code":5,"worker_id":"78574f95-4947-4753-9a3e-2de776b81959-23456247935296","trial_id":440,"param_name":"lr","param_value_internal":6.281848433343052e-07,"distribution":"{\"name\": \"FloatDistribution\", \"attributes\": {\"step\": null, \"low\": 1e-08, \"high\": 0.5, \"log\": true}}"}
{"op_code":5,"worker_id":"78574f95-4947-4753-9a3e-2de776b81959-23456247935296","trial_id":440,"param_name":"ratio","param_value_internal":0.21895621357323883,"distribution":"{\"name\": \"FloatDistribution\", \"attributes\": {\"step\": null, \"low\": 0.1, \"high\": 100.0, \"log\": true}}"}
{"op_code":6,"worker_id":"aba56814-ac82-42aa-af9d-e01cf2423bb7-23456247935296","trial_id":383,"state":3,"values":null,"datetime_complete":"2026-07-27T11:06:46.959946"}
{"op_code":0,"worker_id":"7a8c551d-ecdb-4cb5-a7c4-4bde79d39dd0-23456247935296","study_name":"peter_mnist_k3","directions":[2]}
{"op_code":4,"worker_id":"7a8c551d-ecdb-4cb5-a7c4-4bde79d39dd0-23456247935296","study_id":0,"datetime_start":"2026-07-27T11:06:47.018902"}
{"op_code":5,"worker_id":"7a8c551d-ecdb-4cb5-a7c4-4bde79d39dd0-23456247935296","trial_id":441,"param_name":"lr","param_value_internal":6.513244741139584e-06,"distribution":"{\"name\": \"FloatDistribution\", \"attributes\": {\"step\": null, \"low\": 1e-08, \"high\": 0.5, \"log\": true}}"}
{"op_code":5,"worker_id":"7a8c551d-ecdb-4cb5-a7c4-4bde79d39dd0-23456247935296","trial_id":441,"param_name":"ratio","param_value_internal":0.6898868219284734,"distribution":"{\"name\": \"FloatDistribution\", \"attributes\": {\"step\": null, \"low\": 0.1, \"high\": 100.0, \"log\": true}}"}
{"op_code":6,"worker_id":"7a39f56b-098d-4c3a-9f3f-d0c058cb647c-23456247935296","trial_id":394,"state":3,"values":null,"datetime_complete":"2026-07-27T11:07:03.088564"}
{"op_code":0,"worker_id":"15690074-f0b1-4b54-95c9-e1fc492a894a-23456247935296","study_name":"peter_mnist_k3","directions":[2]}
{"op_code":4,"worker_id":"15690074-f0b1-4b54-95c9-e1fc492a894a-23456247935296","study_id":0,"datetime_start":"2026-07-27T11:07:03.170703"}
{"op_code":5,"worker_id":"15690074-f0b1-4b54-95c9-e1fc492a894a-23456247935296","trial_id":442,"param_name":"lr","param_value_internal":0.45273933696202256,"distribution":"{\"name\": \"FloatDistribution\", \"attributes\": {\"step\": null, \"low\": 1e-08, \"high\": 0.5, \"log\": true}}"}
{"op_code":5,"worker_id":"15690074-f0b1-4b54-95c9-e1fc492a894a-23456247935296","trial_id":442,"param_name":"ratio","param_value_internal":9.684687551384489,"distribution":"{\"name\": \"FloatDistribution\", \"attributes\": {\"step\": null, \"low\": 0.1, \"high\": 100.0, \"log\": true}}"}
{"op_code":6,"worker_id":"8b6f1f0f-2eb2-45cb-8e09-53aaca554bc7-23456247935296","trial_id":387,"state":3,"values":null,"datetime_complete":"2026-07-27T11:07:07.567766"}
{"op_code":0,"worker_id":"062aac5f-b57a-4bd6-bfaf-656e0bfaa5cb-23456247935296","study_name":"peter_mnist_k3","directions":[2]}
{"op_code":4,"worker_id":"062aac5f-b57a-4bd6-bfaf-656e0bfaa5cb-23456247935296","study_id":0,"datetime_start":"2026-07-27T11:07:07.680723"}
{"op_code":5,"worker_id":"062aac5f-b57a-4bd6-bfaf-656e0bfaa5cb-23456247935296","trial_id":443,"param_name":"lr","param_value_internal":0.03463436940064752,"distribution":"{\"name\": \"FloatDistribution\", \"attributes\": {\"step\": null, \"low\": 1e-08, \"high\": 0.5, \"log\": true}}"}
{"op_code":5,"worker_id":"062aac5f-b57a-4bd6-bfaf-656e0bfaa5cb-23456247935296","trial_id":443,"param_name":"ratio","param_value_internal":0.6545358925267089,"distribution":"{\"name\": \"FloatDistribution\", \"attributes\": {\"step\": null, \"low\": 0.1, \"high\": 100.0, \"log\": true}}"}
{"op_code":6,"worker_id":"16a0b4a0-db98-42d5-9e28-85cb1558b359-23456247935296","trial_id":392,"state":3,"values":null,"datetime_complete":"2026-07-27T11:07:21.587088"}
{"op_code":0,"worker_id":"d546d321-fb9e-4df3-9b0f-45df1f1bd179-23456247935296","study_name":"peter_mnist_k3","directions":[2]}
{"op_code":4,"worker_id":"d546d321-fb9e-4df3-9b0f-45df1f1bd179-23456247935296","study_id":0,"datetime_start":"2026-07-27T11:07:21.708288"}
{"op_code":5,"worker_id":"d546d321-fb9e-4df3-9b0f-45df1f1bd179-23456247935296","trial_id":444,"param_name":"lr","param_value_internal":1.9430975425003935e-08,"distribution":"{\"name\": \"FloatDistribution\", \"attributes\": {\"step\": null, \"low\": 1e-08, \"high\": 0.5, \"log\": true}}"}
{"op_code":5,"worker_id":"d546d321-fb9e-4df3-9b0f-45df1f1bd179-23456247935296","trial_id":444,"param_name":"ratio","param_value_internal":2.382910341990111,"distribution":"{\"name\": \"FloatDistribution\", \"attributes\": {\"step\": null, \"low\": 0.1, \"high\": 100.0, \"log\": true}}"}
{"op_code":6,"worker_id":"1c080775-4719-4154-86b2-0228f21e7be6-23456247935296","trial_id":384,"state":3,"values":null,"datetime_complete":"2026-07-27T11:07:24.690858"}
{"op_code":0,"worker_id":"5a1ade4a-babf-4489-90a2-507f2a5c04e8-23456247935296","study_name":"peter_mnist_k3","directions":[2]}
{"op_code":4,"worker_id":"5a1ade4a-babf-4489-90a2-507f2a5c04e8-23456247935296","study_id":0,"datetime_start":"2026-07-27T11:07:24.773942"}
{"op_code":5,"worker_id":"5a1ade4a-babf-4489-90a2-507f2a5c04e8-23456247935296","trial_id":445,"param_name":"lr","param_value_internal":6.341188292773986e-07,"distribution":"{\"name\": \"FloatDistribution\", \"attributes\": {\"step\": null, \"low\": 1e-08, \"high\": 0.5, \"log\": true}}"}
{"op_code":5,"worker_id":"5a1ade4a-babf-4489-90a2-507f2a5c04e8-23456247935296","trial_id":445,"param_name":"ratio","param_value_internal":0.8833216337235039,"distribution":"{\"name\": \"FloatDistribution\", \"attributes\": {\"step\": null, \"low\": 0.1, \"high\": 100.0, \"log\": true}}"}
{"op_code":6,"worker_id":"e506ac2c-5865-4353-bbae-fe502a67e0ec-23456247935296","trial_id":375,"state":3,"values":null,"datetime_complete":"2026-07-27T11:07:40.477935"}
{"op_code":0,"worker_id":"ecc30364-b0d7-42d0-a963-d60023e94518-23456247935296","study_name":"peter_mnist_k3","directions":[2]}
{"op_code":4,"worker_id":"ecc30364-b0d7-42d0-a963-d60023e94518-23456247935296","study_id":0,"datetime_start":"2026-07-27T11:07:40.560285"}
{"op_code":5,"worker_id":"ecc30364-b0d7-42d0-a963-d60023e94518-23456247935296","trial_id":446,"param_name":"lr","param_value_internal":0.000559985578139349,"distribution":"{\"name\": \"FloatDistribution\", \"attributes\": {\"step\": null, \"low\": 1e-08, \"high\": 0.5, \"log\": true}}"}
{"op_code":5,"worker_id":"ecc30364-b0d7-42d0-a963-d60023e94518-23456247935296","trial_id":446,"param_name":"ratio","param_value_internal":1.9397126791610237,"distribution":"{\"name\": \"FloatDistribution\", \"attributes\": {\"step\": null, \"low\": 0.1, \"high\": 100.0, \"log\": true}}"}
{"op_code":6,"worker_id":"b99dd058-a3cf-45da-8cf3-57365e5fde29-23456247935296","trial_id":405,"state":3,"values":null,"datetime_complete":"2026-07-27T11:07:52.210032"}
{"op_code":0,"worker_id":"a4388638-860d-4d28-9949-2cb4419d0c33-23456247935296","study_name":"peter_mnist_k3","directions":[2]}
{"op_code":4,"worker_id":"a4388638-860d-4d28-9949-2cb4419d0c33-23456247935296","study_id":0,"datetime_start":"2026-07-27T11:07:52.287194"}
{"op_code":5,"worker_id":"a4388638-860d-4d28-9949-2cb4419d0c33-23456247935296","trial_id":447,"param_name":"lr","param_value_internal":1.811455450027837e-08,"distribution":"{\"name\": \"FloatDistribution\", \"attributes\": {\"step\": null, \"low\": 1e-08, \"high\": 0.5, \"log\": true}}"}
{"op_code":5,"worker_id":"a4388638-860d-4d28-9949-2cb4419d0c33-23456247935296","trial_id":447,"param_name":"ratio","param_value_internal":7.349384492414826,"distribution":"{\"name\": \"FloatDistribution\", \"attributes\": {\"step\": null, \"low\": 0.1, \"high\": 100.0, \"log\": true}}"}
{"op_code":6,"worker_id":"bdbf808b-aaad-4cdd-903b-5d78f31d5606-23456247935296","trial_id":408,"state":3,"values":null,"datetime_complete":"2026-07-27T11:07:55.484452"}
{"op_code":0,"worker_id":"d0ad65a4-4fe6-45d9-b0e3-58111b8d0427-23456247935296","study_name":"peter_mnist_k3","directions":[2]}
{"op_code":4,"worker_id":"d0ad65a4-4fe6-45d9-b0e3-58111b8d0427-23456247935296","study_id":0,"datetime_start":"2026-07-27T11:07:56.225210"}
{"op_code":5,"worker_id":"d0ad65a4-4fe6-45d9-b0e3-58111b8d0427-23456247935296","trial_id":448,"param_name":"lr","param_value_internal":0.00031836950685059664,"distribution":"{\"name\": \"FloatDistribution\", \"attributes\": {\"step\": null, \"low\": 1e-08, \"high\": 0.5, \"log\": true}}"}
{"op_code":5,"worker_id":"d0ad65a4-4fe6-45d9-b0e3-58111b8d0427-23456247935296","trial_id":448,"param_name":"ratio","param_value_internal":30.952067115045107,"distribution":"{\"name\": \"FloatDistribution\", \"attributes\": {\"step\": null, \"low\": 0.1, \"high\": 100.0, \"log\": true}}"}
{"op_code":6,"worker_id":"81fecc07-7a9c-428a-b17d-84d04ad7e4d7-23456247935296","trial_id":403,"state":3,"values":null,"datetime_complete":"2026-07-27T11:08:10.718160"}
{"op_code":0,"worker_id":"618df69a-7ded-4ed4-97af-5f450b2de0f4-23456247935296","study_name":"peter_mnist_k3","directions":[2]}
{"op_code":4,"worker_id":"618df69a-7ded-4ed4-97af-5f450b2de0f4-23456247935296","study_id":0,"datetime_start":"2026-07-27T11:08:10.765607"}
{"op_code":5,"worker_id":"618df69a-7ded-4ed4-97af-5f450b2de0f4-23456247935296","trial_id":449,"param_name":"lr","param_value_internal":1.7400106336489005e-05,"distribution":"{\"name\": \"FloatDistribution\", \"attributes\": {\"step\": null, \"low\": 1e-08, \"high\": 0.5, \"log\": true}}"}
{"op_code":5,"worker_id":"618df69a-7ded-4ed4-97af-5f450b2de0f4-23456247935296","trial_id":449,"param_name":"ratio","param_value_internal":0.12275531136349468,"distribution":"{\"name\": \"FloatDistribution\", \"attributes\": {\"step\": null, \"low\": 0.1, \"high\": 100.0, \"log\": true}}"}
{"op_code":6,"worker_id":"2d9e02a2-5619-48f5-8dbb-47508f6db756-23456247935296","trial_id":400,"state":3,"values":null,"datetime_complete":"2026-07-27T11:08:19.097613"}
{"op_code":0,"worker_id":"45b81a11-b80d-4eb0-94ed-ee66b2f30eb3-23456247935296","study_name":"peter_mnist_k3","directions":[2]}
{"op_code":4,"worker_id":"45b81a11-b80d-4eb0-94ed-ee66b2f30eb3-23456247935296","study_id":0,"datetime_start":"2026-07-27T11:08:19.213843"}
{"op_code":5,"worker_id":"45b81a11-b80d-4eb0-94ed-ee66b2f30eb3-23456247935296","trial_id":450,"param_name":"lr","param_value_internal":2.6528530384427787e-08,"distribution":"{\"name\": \"FloatDistribution\", \"attributes\": {\"step\": null, \"low\": 1e-08, \"high\": 0.5, \"log\": true}}"}
{"op_code":5,"worker_id":"45b81a11-b80d-4eb0-94ed-ee66b2f30eb3-23456247935296","trial_id":450,"param_name":"ratio","param_value_internal":43.90929540489217,"distribution":"{\"name\": \"FloatDistribution\", \"attributes\": {\"step\": null, \"low\": 0.1, \"high\": 100.0, \"log\": true}}"}
{"op_code":6,"worker_id":"d6035e85-95e4-403a-bf1d-e9df807c81ca-23456247935296","trial_id":310,"state":3,"values":null,"datetime_complete":"2026-07-27T11:08:28.844550"}
{"op_code":0,"worker_id":"87057cb2-2b18-4051-ab81-bb84ad26eee5-23456247935296","study_name":"peter_mnist_k3","directions":[2]}
{"op_code":4,"worker_id":"87057cb2-2b18-4051-ab81-bb84ad26eee5-23456247935296","study_id":0,"datetime_start":"2026-07-27T11:08:28.883624"}
{"op_code":5,"worker_id":"87057cb2-2b18-4051-ab81-bb84ad26eee5-23456247935296","trial_id":451,"param_name":"lr","param_value_internal":6.622100651077224e-05,"distribution":"{\"name\": \"FloatDistribution\", \"attributes\": {\"step\": null, \"low\": 1e-08, \"high\": 0.5, \"log\": true}}"}
{"op_code":5,"worker_id":"87057cb2-2b18-4051-ab81-bb84ad26eee5-23456247935296","trial_id":451,"param_name":"ratio","param_value_internal":10.202200250256901,"distribution":"{\"name\": \"FloatDistribution\", \"attributes\": {\"step\": null, \"low\": 0.1, \"high\": 100.0, \"log\": true}}"}
{"op_code":6,"worker_id":"eec0f522-f1be-456d-892b-1242c0921b77-23456247935296","trial_id":410,"state":3,"values":null,"datetime_complete":"2026-07-27T11:08:41.956579"}
{"op_code":0,"worker_id":"58660bb0-f54c-4731-86de-b7641580e80e-23456247935296","study_name":"peter_mnist_k3","directions":[2]}
{"op_code":4,"worker_id":"58660bb0-f54c-4731-86de-b7641580e80e-23456247935296","study_id":0,"datetime_start":"2026-07-27T11:08:42.014503"}
{"op_code":5,"worker_id":"58660bb0-f54c-4731-86de-b7641580e80e-23456247935296","trial_id":452,"param_name":"lr","param_value_internal":0.005441742656901465,"distribution":"{\"name\": \"FloatDistribution\", \"attributes\": {\"step\": null, \"low\": 1e-08, \"high\": 0.5, \"log\": true}}"}
{"op_code":5,"worker_id":"58660bb0-f54c-4731-86de-b7641580e80e-23456247935296","trial_id":452,"param_name":"ratio","param_value_internal":0.177859287803774,"distribution":"{\"name\": \"FloatDistribution\", \"attributes\": {\"step\": null, \"low\": 0.1, \"high\": 100.0, \"log\": true}}"}
{"op_code":6,"worker_id":"a047ea2c-149b-442c-b8da-ca02aeb6f6fd-23456247935296","trial_id":377,"state":3,"values":null,"datetime_complete":"2026-07-27T11:09:31.494324"}
{"op_code":0,"worker_id":"cec99fdd-611c-40d7-9cb7-55e1c610c6e4-23456247935296","study_name":"peter_mnist_k3","directions":[2]}
{"op_code":4,"worker_id":"cec99fdd-611c-40d7-9cb7-55e1c610c6e4-23456247935296","study_id":0,"datetime_start":"2026-07-27T11:09:31.636711"}
{"op_code":5,"worker_id":"cec99fdd-611c-40d7-9cb7-55e1c610c6e4-23456247935296","trial_id":453,"param_name":"lr","param_value_internal":0.16359976804280063,"distribution":"{\"name\": \"FloatDistribution\", \"attributes\": {\"step\": null, \"low\": 1e-08, \"high\": 0.5, \"log\": true}}"}
{"op_code":5,"worker_id":"cec99fdd-611c-40d7-9cb7-55e1c610c6e4-23456247935296","trial_id":453,"param_name":"ratio","param_value_internal":87.04458724163138,"distribution":"{\"name\": \"FloatDistribution\", \"attributes\": {\"step\": null, \"low\": 0.1, \"high\": 100.0, \"log\": true}}"}
{"op_code":6,"worker_id":"a36b52c7-2926-4286-8166-c0d7b664697e-23456247935296","trial_id":413,"state":3,"values":null,"datetime_complete":"2026-07-27T11:09:44.160756"}
{"op_code":0,"worker_id":"9f34cea9-7790-41ed-a243-68e1283ed7cd-23456247935296","study_name":"peter_mnist_k3","directions":[2]}
{"op_code":4,"worker_id":"9f34cea9-7790-41ed-a243-68e1283ed7cd-23456247935296","study_id":0,"datetime_start":"2026-07-27T11:09:44.313608"}
{"op_code":5,"worker_id":"9f34cea9-7790-41ed-a243-68e1283ed7cd-23456247935296","trial_id":454,"param_name":"lr","param_value_internal":2.954250063383192e-06,"distribution":"{\"name\": \"FloatDistribution\", \"attributes\": {\"step\": null, \"low\": 1e-08, \"high\": 0.5, \"log\": true}}"}
{"op_code":5,"worker_id":"9f34cea9-7790-41ed-a243-68e1283ed7cd-23456247935296","trial_id":454,"param_name":"ratio","param_value_internal":13.376330799506395,"distribution":"{\"name\": \"FloatDistribution\", \"attributes\": {\"step\": null, \"low\": 0.1, \"high\": 100.0, \"log\": true}}"}
{"op_code":6,"worker_id":"88ef82c2-f90b-4efc-bae8-c50318f83671-23456247935296","trial_id":382,"state":3,"values":null,"datetime_complete":"2026-07-27T11:09:46.579893"}
{"op_code":0,"worker_id":"57c3c908-8150-4c2c-952c-06bbd3bfec19-23456247935296","study_name":"peter_mnist_k3","directions":[2]}
{"op_code":4,"worker_id":"57c3c908-8150-4c2c-952c-06bbd3bfec19-23456247935296","study_id":0,"datetime_start":"2026-07-27T11:09:46.978767"}
{"op_code":5,"worker_id":"57c3c908-8150-4c2c-952c-06bbd3bfec19-23456247935296","trial_id":455,"param_name":"lr","param_value_internal":6.198350122360622e-06,"distribution":"{\"name\": \"FloatDistribution\", \"attributes\": {\"step\": null, \"low\": 1e-08, \"high\": 0.5, \"log\": true}}"}
{"op_code":5,"worker_id":"57c3c908-8150-4c2c-952c-06bbd3bfec19-23456247935296","trial_id":455,"param_name":"ratio","param_value_internal":0.37136322588735426,"distribution":"{\"name\": \"FloatDistribution\", \"attributes\": {\"step\": null, \"low\": 0.1, \"high\": 100.0, \"log\": true}}"}
{"op_code":6,"worker_id":"c0eb90a4-7d3b-454b-96fa-f8e1b0897a9d-23456247935296","trial_id":414,"state":3,"values":null,"datetime_complete":"2026-07-27T11:10:01.883688"}
{"op_code":0,"worker_id":"45715bbd-9b7e-42e5-8c0d-04f64563bef6-23456247935296","study_name":"peter_mnist_k3","directions":[2]}
{"op_code":4,"worker_id":"45715bbd-9b7e-42e5-8c0d-04f64563bef6-23456247935296","study_id":0,"datetime_start":"2026-07-27T11:10:01.951072"}
{"op_code":5,"worker_id":"45715bbd-9b7e-42e5-8c0d-04f64563bef6-23456247935296","trial_id":456,"param_name":"lr","param_value_internal":0.0046130634920913995,"distribution":"{\"name\": \"FloatDistribution\", \"attributes\": {\"step\": null, \"low\": 1e-08, \"high\": 0.5, \"log\": true}}"}
{"op_code":5,"worker_id":"45715bbd-9b7e-42e5-8c0d-04f64563bef6-23456247935296","trial_id":456,"param_name":"ratio","param_value_internal":0.6528005952311704,"distribution":"{\"name\": \"FloatDistribution\", \"attributes\": {\"step\": null, \"low\": 0.1, \"high\": 100.0, \"log\": true}}"}
{"op_code":6,"worker_id":"93f2de85-af06-40c3-97f7-1c8d609a62e8-23456247935296","trial_id":402,"state":3,"values":null,"datetime_complete":"2026-07-27T11:10:04.208074"}
{"op_code":0,"worker_id":"b5283b67-3401-4263-8108-6d8ea798f8f3-23456247935296","study_name":"peter_mnist_k3","directions":[2]}
{"op_code":4,"worker_id":"b5283b67-3401-4263-8108-6d8ea798f8f3-23456247935296","study_id":0,"datetime_start":"2026-07-27T11:10:04.345552"}
{"op_code":5,"worker_id":"b5283b67-3401-4263-8108-6d8ea798f8f3-23456247935296","trial_id":457,"param_name":"lr","param_value_internal":6.384074390451405e-08,"distribution":"{\"name\": \"FloatDistribution\", \"attributes\": {\"step\": null, \"low\": 1e-08, \"high\": 0.5, \"log\": true}}"}
{"op_code":5,"worker_id":"b5283b67-3401-4263-8108-6d8ea798f8f3-23456247935296","trial_id":457,"param_name":"ratio","param_value_internal":27.033068049444587,"distribution":"{\"name\": \"FloatDistribution\", \"attributes\": {\"step\": null, \"low\": 0.1, \"high\": 100.0, \"log\": true}}"}
{"op_code":6,"worker_id":"60d95ecb-9085-49e9-a118-b7c8a57f80a6-23456247935296","trial_id":393,"state":3,"values":null,"datetime_complete":"2026-07-27T11:10:09.123022"}
{"op_code":0,"worker_id":"1c69b06b-7567-4931-a639-1aace5c72bcc-23456247935296","study_name":"peter_mnist_k3","directions":[2]}
{"op_code":4,"worker_id":"1c69b06b-7567-4931-a639-1aace5c72bcc-23456247935296","study_id":0,"datetime_start":"2026-07-27T11:10:09.223527"}
{"op_code":5,"worker_id":"1c69b06b-7567-4931-a639-1aace5c72bcc-23456247935296","trial_id":458,"param_name":"lr","param_value_internal":7.581166585776504e-06,"distribution":"{\"name\": \"FloatDistribution\", \"attributes\": {\"step\": null, \"low\": 1e-08, \"high\": 0.5, \"log\": true}}"}
{"op_code":5,"worker_id":"1c69b06b-7567-4931-a639-1aace5c72bcc-23456247935296","trial_id":458,"param_name":"ratio","param_value_internal":31.32170259104618,"distribution":"{\"name\": \"FloatDistribution\", \"attributes\": {\"step\": null, \"low\": 0.1, \"high\": 100.0, \"log\": true}}"}
{"op_code":6,"worker_id":"d1515633-0f2e-4ff0-8f85-69715a1801e8-23456247935296","trial_id":396,"state":3,"values":null,"datetime_complete":"2026-07-27T11:11:44.653502"}
{"op_code":0,"worker_id":"f376c204-4064-4bf8-9589-6881716e3844-23456247935296","study_name":"peter_mnist_k3","directions":[2]}
{"op_code":4,"worker_id":"f376c204-4064-4bf8-9589-6881716e3844-23456247935296","study_id":0,"datetime_start":"2026-07-27T11:11:44.745159"}
{"op_code":5,"worker_id":"f376c204-4064-4bf8-9589-6881716e3844-23456247935296","trial_id":459,"param_name":"lr","param_value_internal":0.10018020269643725,"distribution":"{\"name\": \"FloatDistribution\", \"attributes\": {\"step\": null, \"low\": 1e-08, \"high\": 0.5, \"log\": true}}"}
{"op_code":5,"worker_id":"f376c204-4064-4bf8-9589-6881716e3844-23456247935296","trial_id":459,"param_name":"ratio","param_value_internal":1.3633968055591323,"distribution":"{\"name\": \"FloatDistribution\", \"attributes\": {\"step\": null, \"low\": 0.1, \"high\": 100.0, \"log\": true}}"}
{"op_code":6,"worker_id":"45a4042b-b2ea-40ca-a6a8-572cf2ab3495-23456247935296","trial_id":399,"state":3,"values":null,"datetime_complete":"2026-07-27T11:12:27.876088"}
{"op_code":0,"worker_id":"165bd33b-707d-4a4f-88b3-c741e0c4cc0c-23456247935296","study_name":"peter_mnist_k3","directions":[2]}
{"op_code":4,"worker_id":"165bd33b-707d-4a4f-88b3-c741e0c4cc0c-23456247935296","study_id":0,"datetime_start":"2026-07-27T11:12:27.950929"}
{"op_code":5,"worker_id":"165bd33b-707d-4a4f-88b3-c741e0c4cc0c-23456247935296","trial_id":460,"param_name":"lr","param_value_internal":0.3968746565040337,"distribution":"{\"name\": \"FloatDistribution\", \"attributes\": {\"step\": null, \"low\": 1e-08, \"high\": 0.5, \"log\": true}}"}
{"op_code":5,"worker_id":"165bd33b-707d-4a4f-88b3-c741e0c4cc0c-23456247935296","trial_id":460,"param_name":"ratio","param_value_internal":90.52587552994605,"distribution":"{\"name\": \"FloatDistribution\", \"attributes\": {\"step\": null, \"low\": 0.1, \"high\": 100.0, \"log\": true}}"}
{"op_code":6,"worker_id":"f3219a88-3c07-4935-ae9a-24669e813e33-23456247935296","trial_id":386,"state":3,"values":null,"datetime_complete":"2026-07-27T11:12:48.665295"}
{"op_code":0,"worker_id":"f60bf588-ae7d-4239-aa38-b73dec4ed598-23456247935296","study_name":"peter_mnist_k3","directions":[2]}
{"op_code":4,"worker_id":"f60bf588-ae7d-4239-aa38-b73dec4ed598-23456247935296","study_id":0,"datetime_start":"2026-07-27T11:12:48.771249"}
{"op_code":5,"worker_id":"f60bf588-ae7d-4239-aa38-b73dec4ed598-23456247935296","trial_id":461,"param_name":"lr","param_value_internal":7.054088589454036e-06,"distribution":"{\"name\": \"FloatDistribution\", \"attributes\": {\"step\": null, \"low\": 1e-08, \"high\": 0.5, \"log\": true}}"}
{"op_code":5,"worker_id":"f60bf588-ae7d-4239-aa38-b73dec4ed598-23456247935296","trial_id":461,"param_name":"ratio","param_value_internal":18.424916825420652,"distribution":"{\"name\": \"FloatDistribution\", \"attributes\": {\"step\": null, \"low\": 0.1, \"high\": 100.0, \"log\": true}}"}
{"op_code":6,"worker_id":"09a1a82d-e514-436a-a2a2-dc25d292aed1-23456247935296","trial_id":372,"state":3,"values":null,"datetime_complete":"2026-07-27T11:12:57.435756"}
{"op_code":0,"worker_id":"bc69575f-d96d-4097-905b-4e14a99c9186-23456247935296","study_name":"peter_mnist_k3","directions":[2]}
{"op_code":4,"worker_id":"bc69575f-d96d-4097-905b-4e14a99c9186-23456247935296","study_id":0,"datetime_start":"2026-07-27T11:12:57.725904"}
{"op_code":5,"worker_id":"bc69575f-d96d-4097-905b-4e14a99c9186-23456247935296","trial_id":462,"param_name":"lr","param_value_internal":6.674722737984461e-05,"distribution":"{\"name\": \"FloatDistribution\", \"attributes\": {\"step\": null, \"low\": 1e-08, \"high\": 0.5, \"log\": true}}"}
{"op_code":5,"worker_id":"bc69575f-d96d-4097-905b-4e14a99c9186-23456247935296","trial_id":462,"param_name":"ratio","param_value_internal":0.3788811969994796,"distribution":"{\"name\": \"FloatDistribution\", \"attributes\": {\"step\": null, \"low\": 0.1, \"high\": 100.0, \"log\": true}}"}
{"op_code":6,"worker_id":"1680dbee-717a-4948-8d0e-a79ed9589661-23456247935296","trial_id":398,"state":3,"values":null,"datetime_complete":"2026-07-27T11:13:53.157543"}
{"op_code":0,"worker_id":"03b7e07d-2190-457f-b11b-39a5b30f6657-23456247935296","study_name":"peter_mnist_k3","directions":[2]}
{"op_code":4,"worker_id":"03b7e07d-2190-457f-b11b-39a5b30f6657-23456247935296","study_id":0,"datetime_start":"2026-07-27T11:13:53.230385"}
{"op_code":5,"worker_id":"03b7e07d-2190-457f-b11b-39a5b30f6657-23456247935296","trial_id":463,"param_name":"lr","param_value_internal":2.0448962090581523e-05,"distribution":"{\"name\": \"FloatDistribution\", \"attributes\": {\"step\": null, \"low\": 1e-08, \"high\": 0.5, \"log\": true}}"}
{"op_code":5,"worker_id":"03b7e07d-2190-457f-b11b-39a5b30f6657-23456247935296","trial_id":463,"param_name":"ratio","param_value_internal":1.822377253766462,"distribution":"{\"name\": \"FloatDistribution\", \"attributes\": {\"step\": null, \"low\": 0.1, \"high\": 100.0, \"log\": true}}"}
{"op_code":6,"worker_id":"20789637-c481-47f1-aa5c-1f00f9dd8469-23456247935296","trial_id":404,"state":3,"values":null,"datetime_complete":"2026-07-27T11:15:01.658865"}
{"op_code":0,"worker_id":"100fe7d5-0832-480e-9b3d-40075345120c-23456247935296","study_name":"peter_mnist_k3","directions":[2]}
{"op_code":4,"worker_id":"100fe7d5-0832-480e-9b3d-40075345120c-23456247935296","study_id":0,"datetime_start":"2026-07-27T11:15:01.739488"}
{"op_code":5,"worker_id":"100fe7d5-0832-480e-9b3d-40075345120c-23456247935296","trial_id":464,"param_name":"lr","param_value_internal":4.180574120075401e-05,"distribution":"{\"name\": \"FloatDistribution\", \"attributes\": {\"step\": null, \"low\": 1e-08, \"high\": 0.5, \"log\": true}}"}
{"op_code":5,"worker_id":"100fe7d5-0832-480e-9b3d-40075345120c-23456247935296","trial_id":464,"param_name":"ratio","param_value_internal":0.33254550567156593,"distribution":"{\"name\": \"FloatDistribution\", \"attributes\": {\"step\": null, \"low\": 0.1, \"high\": 100.0, \"log\": true}}"}
{"op_code":6,"worker_id":"09fe253c-7c56-46e9-9824-5789abc258ed-23456247935296","trial_id":419,"state":3,"values":null,"datetime_complete":"2026-07-27T11:15:13.853289"}
{"op_code":0,"worker_id":"c463ee24-d2fc-4685-a5bb-47b8a8144a3e-23456247935296","study_name":"peter_mnist_k3","directions":[2]}
{"op_code":4,"worker_id":"c463ee24-d2fc-4685-a5bb-47b8a8144a3e-23456247935296","study_id":0,"datetime_start":"2026-07-27T11:15:13.927726"}
{"op_code":5,"worker_id":"c463ee24-d2fc-4685-a5bb-47b8a8144a3e-23456247935296","trial_id":465,"param_name":"lr","param_value_internal":0.006235752012281564,"distribution":"{\"name\": \"FloatDistribution\", \"attributes\": {\"step\": null, \"low\": 1e-08, \"high\": 0.5, \"log\": true}}"}
{"op_code":5,"worker_id":"c463ee24-d2fc-4685-a5bb-47b8a8144a3e-23456247935296","trial_id":465,"param_name":"ratio","param_value_internal":0.21142897457671916,"distribution":"{\"name\": \"FloatDistribution\", \"attributes\": {\"step\": null, \"low\": 0.1, \"high\": 100.0, \"log\": true}}"}
{"op_code":6,"worker_id":"f681908b-c54b-4c36-a684-c3ff45322269-23456247935296","trial_id":416,"state":3,"values":null,"datetime_complete":"2026-07-27T11:16:05.779193"}
{"op_code":0,"worker_id":"278235e4-9302-4c0a-b59b-b436d84ed993-23456247935296","study_name":"peter_mnist_k3","directions":[2]}
{"op_code":4,"worker_id":"278235e4-9302-4c0a-b59b-b436d84ed993-23456247935296","study_id":0,"datetime_start":"2026-07-27T11:16:05.874302"}
{"op_code":5,"worker_id":"278235e4-9302-4c0a-b59b-b436d84ed993-23456247935296","trial_id":466,"param_name":"lr","param_value_internal":0.0017739881215510726,"distribution":"{\"name\": \"FloatDistribution\", \"attributes\": {\"step\": null, \"low\": 1e-08, \"high\": 0.5, \"log\": true}}"}
{"op_code":5,"worker_id":"278235e4-9302-4c0a-b59b-b436d84ed993-23456247935296","trial_id":466,"param_name":"ratio","param_value_internal":7.360378878493195,"distribution":"{\"name\": \"FloatDistribution\", \"attributes\": {\"step\": null, \"low\": 0.1, \"high\": 100.0, \"log\": true}}"}
{"op_code":6,"worker_id":"b9a331db-b947-4cd6-bc76-aca464bcb956-23456247935296","trial_id":423,"state":3,"values":null,"datetime_complete":"2026-07-27T11:16:16.920640"}
{"op_code":0,"worker_id":"8539bb77-b08f-4b63-ada4-45d78f5130e8-23456247935296","study_name":"peter_mnist_k3","directions":[2]}
{"op_code":4,"worker_id":"8539bb77-b08f-4b63-ada4-45d78f5130e8-23456247935296","study_id":0,"datetime_start":"2026-07-27T11:16:16.982517"}
{"op_code":5,"worker_id":"8539bb77-b08f-4b63-ada4-45d78f5130e8-23456247935296","trial_id":467,"param_name":"lr","param_value_internal":0.06942120330051169,"distribution":"{\"name\": \"FloatDistribution\", \"attributes\": {\"step\": null, \"low\": 1e-08, \"high\": 0.5, \"log\": true}}"}
{"op_code":5,"worker_id":"8539bb77-b08f-4b63-ada4-45d78f5130e8-23456247935296","trial_id":467,"param_name":"ratio","param_value_internal":1.3655515379237395,"distribution":"{\"name\": \"FloatDistribution\", \"attributes\": {\"step\": null, \"low\": 0.1, \"high\": 100.0, \"log\": true}}"}
{"op_code":6,"worker_id":"582ac222-ca45-4480-a6ec-6c50411d5dbe-23456247935296","trial_id":421,"state":3,"values":null,"datetime_complete":"2026-07-27T11:17:23.290734"}
{"op_code":0,"worker_id":"d7525a9c-c686-419d-b30b-6291466fd909-23456247935296","study_name":"peter_mnist_k3","directions":[2]}
{"op_code":4,"worker_id":"d7525a9c-c686-419d-b30b-6291466fd909-23456247935296","study_id":0,"datetime_start":"2026-07-27T11:17:23.383226"}
{"op_code":5,"worker_id":"d7525a9c-c686-419d-b30b-6291466fd909-23456247935296","trial_id":468,"param_name":"lr","param_value_internal":0.037134190187033886,"distribution":"{\"name\": \"FloatDistribution\", \"attributes\": {\"step\": null, \"low\": 1e-08, \"high\": 0.5, \"log\": true}}"}
{"op_code":5,"worker_id":"d7525a9c-c686-419d-b30b-6291466fd909-23456247935296","trial_id":468,"param_name":"ratio","param_value_internal":80.0283208009539,"distribution":"{\"name\": \"FloatDistribution\", \"attributes\": {\"step\": null, \"low\": 0.1, \"high\": 100.0, \"log\": true}}"}
{"op_code":6,"worker_id":"25df860c-f6ff-43d2-b032-f3dea36dff63-23456247935296","trial_id":424,"state":3,"values":null,"datetime_complete":"2026-07-27T11:17:35.824416"}
{"op_code":0,"worker_id":"487366a9-5c89-4f65-98a6-7b3336c7eb0f-23456247935296","study_name":"peter_mnist_k3","directions":[2]}
{"op_code":4,"worker_id":"487366a9-5c89-4f65-98a6-7b3336c7eb0f-23456247935296","study_id":0,"datetime_start":"2026-07-27T11:17:35.891761"}
{"op_code":5,"worker_id":"487366a9-5c89-4f65-98a6-7b3336c7eb0f-23456247935296","trial_id":469,"param_name":"lr","param_value_internal":0.049328484384290314,"distribution":"{\"name\": \"FloatDistribution\", \"attributes\": {\"step\": null, \"low\": 1e-08, \"high\": 0.5, \"log\": true}}"}
{"op_code":5,"worker_id":"487366a9-5c89-4f65-98a6-7b3336c7eb0f-23456247935296","trial_id":469,"param_name":"ratio","param_value_internal":3.6964605783492543,"distribution":"{\"name\": \"FloatDistribution\", \"attributes\": {\"step\": null, \"low\": 0.1, \"high\": 100.0, \"log\": true}}"}
{"op_code":6,"worker_id":"336a2e31-c8dd-40e6-b7db-70a0b06d0651-23456247935296","trial_id":428,"state":3,"values":null,"datetime_complete":"2026-07-27T11:18:24.307033"}
{"op_code":0,"worker_id":"18e4d305-9708-4af1-95a5-6bb9c50b468e-23456247935296","study_name":"peter_mnist_k3","directions":[2]}
{"op_code":4,"worker_id":"18e4d305-9708-4af1-95a5-6bb9c50b468e-23456247935296","study_id":0,"datetime_start":"2026-07-27T11:18:24.394609"}
{"op_code":5,"worker_id":"18e4d305-9708-4af1-95a5-6bb9c50b468e-23456247935296","trial_id":470,"param_name":"lr","param_value_internal":0.0003035959048633546,"distribution":"{\"name\": \"FloatDistribution\", \"attributes\": {\"step\": null, \"low\": 1e-08, \"high\": 0.5, \"log\": true}}"}
{"op_code":5,"worker_id":"18e4d305-9708-4af1-95a5-6bb9c50b468e-23456247935296","trial_id":470,"param_name":"ratio","param_value_internal":27.531845861063307,"distribution":"{\"name\": \"FloatDistribution\", \"attributes\": {\"step\": null, \"low\": 0.1, \"high\": 100.0, \"log\": true}}"}
{"op_code":6,"worker_id":"7bfa1ef1-3ce6-43bb-a2d3-1427e374ae4b-23456247935296","trial_id":297,"state":3,"values":null,"datetime_complete":"2026-07-27T11:19:17.750504"}
{"op_code":0,"worker_id":"8445427f-64df-435f-8a77-15c24a7c4ad3-23456247935296","study_name":"peter_mnist_k3","directions":[2]}
{"op_code":4,"worker_id":"8445427f-64df-435f-8a77-15c24a7c4ad3-23456247935296","study_id":0,"datetime_start":"2026-07-27T11:19:18.900105"}
{"op_code":5,"worker_id":"8445427f-64df-435f-8a77-15c24a7c4ad3-23456247935296","trial_id":471,"param_name":"lr","param_value_internal":1.2895840642051776e-07,"distribution":"{\"name\": \"FloatDistribution\", \"attributes\": {\"step\": null, \"low\": 1e-08, \"high\": 0.5, \"log\": true}}"}
{"op_code":5,"worker_id":"8445427f-64df-435f-8a77-15c24a7c4ad3-23456247935296","trial_id":471,"param_name":"ratio","param_value_internal":0.15972911372819307,"distribution":"{\"name\": \"FloatDistribution\", \"attributes\": {\"step\": null, \"low\": 0.1, \"high\": 100.0, \"log\": true}}"}
{"op_code":6,"worker_id":"77d38ffb-1784-45c6-92c3-df3c66261850-23456247935296","trial_id":354,"state":3,"values":null,"datetime_complete":"2026-07-27T11:19:49.871869"}
{"op_code":0,"worker_id":"073c8f23-fd1c-4dee-ab60-faec64cb4e14-23456247935296","study_name":"peter_mnist_k3","directions":[2]}
{"op_code":4,"worker_id":"073c8f23-fd1c-4dee-ab60-faec64cb4e14-23456247935296","study_id":0,"datetime_start":"2026-07-27T11:19:50.391084"}
{"op_code":5,"worker_id":"073c8f23-fd1c-4dee-ab60-faec64cb4e14-23456247935296","trial_id":472,"param_name":"lr","param_value_internal":0.04025120048848664,"distribution":"{\"name\": \"FloatDistribution\", \"attributes\": {\"step\": null, \"low\": 1e-08, \"high\": 0.5, \"log\": true}}"}
{"op_code":5,"worker_id":"073c8f23-fd1c-4dee-ab60-faec64cb4e14-23456247935296","trial_id":472,"param_name":"ratio","param_value_internal":31.481401507538006,"distribution":"{\"name\": \"FloatDistribution\", \"attributes\": {\"step\": null, \"low\": 0.1, \"high\": 100.0, \"log\": true}}"}
{"op_code":6,"worker_id":"6a15db4e-435c-4119-af06-890cf445a39a-23456247935296","trial_id":267,"state":3,"values":null,"datetime_complete":"2026-07-27T11:20:58.098842"}
{"op_code":0,"worker_id":"369a153f-0bb7-4514-8f40-4f6ebcf1930b-23456247935296","study_name":"peter_mnist_k3","directions":[2]}
{"op_code":4,"worker_id":"369a153f-0bb7-4514-8f40-4f6ebcf1930b-23456247935296","study_id":0,"datetime_start":"2026-07-27T11:20:58.172215"}
{"op_code":5,"worker_id":"369a153f-0bb7-4514-8f40-4f6ebcf1930b-23456247935296","trial_id":473,"param_name":"lr","param_value_internal":0.015696043840514737,"distribution":"{\"name\": \"FloatDistribution\", \"attributes\": {\"step\": null, \"low\": 1e-08, \"high\": 0.5, \"log\": true}}"}
{"op_code":5,"worker_id":"369a153f-0bb7-4514-8f40-4f6ebcf1930b-23456247935296","trial_id":473,"param_name":"ratio","param_value_internal":1.4028829820233213,"distribution":"{\"name\": \"FloatDistribution\", \"attributes\": {\"step\": null, \"low\": 0.1, \"high\": 100.0, \"log\": true}}"}
{"op_code":6,"worker_id":"e07a2d97-29fe-442f-ba8f-d0c47d1447f6-23456247935296","trial_id":432,"state":3,"values":null,"datetime_complete":"2026-07-27T11:21:15.963101"}
{"op_code":0,"worker_id":"749158fc-e5be-46a2-9d74-b56145c8d800-23456247935296","study_name":"peter_mnist_k3","directions":[2]}
{"op_code":4,"worker_id":"749158fc-e5be-46a2-9d74-b56145c8d800-23456247935296","study_id":0,"datetime_start":"2026-07-27T11:21:16.142599"}
{"op_code":5,"worker_id":"749158fc-e5be-46a2-9d74-b56145c8d800-23456247935296","trial_id":474,"param_name":"lr","param_value_internal":7.182978544607308e-07,"distribution":"{\"name\": \"FloatDistribution\", \"attributes\": {\"step\": null, \"low\": 1e-08, \"high\": 0.5, \"log\": true}}"}
{"op_code":5,"worker_id":"749158fc-e5be-46a2-9d74-b56145c8d800-23456247935296","trial_id":474,"param_name":"ratio","param_value_internal":0.551888377120353,"distribution":"{\"name\": \"FloatDistribution\", \"attributes\": {\"step\": null, \"low\": 0.1, \"high\": 100.0, \"log\": true}}"}
{"op_code":6,"worker_id":"4f6ce68b-1c69-4e35-8493-92d42d11c04c-23456247935296","trial_id":380,"state":3,"values":null,"datetime_complete":"2026-07-27T11:21:35.863787"}
{"op_code":0,"worker_id":"082796d1-ca7a-42ae-9477-c5c3a1b6f4a9-23456247935296","study_name":"peter_mnist_k3","directions":[2]}
{"op_code":4,"worker_id":"082796d1-ca7a-42ae-9477-c5c3a1b6f4a9-23456247935296","study_id":0,"datetime_start":"2026-07-27T11:21:35.932551"}
{"op_code":5,"worker_id":"082796d1-ca7a-42ae-9477-c5c3a1b6f4a9-23456247935296","trial_id":475,"param_name":"lr","param_value_internal":0.052334969229393936,"distribution":"{\"name\": \"FloatDistribution\", \"attributes\": {\"step\": null, \"low\": 1e-08, \"high\": 0.5, \"log\": true}}"}
{"op_code":5,"worker_id":"082796d1-ca7a-42ae-9477-c5c3a1b6f4a9-23456247935296","trial_id":475,"param_name":"ratio","param_value_internal":14.926128682819153,"distribution":"{\"name\": \"FloatDistribution\", \"attributes\": {\"step\": null, \"low\": 0.1, \"high\": 100.0, \"log\": true}}"}
{"op_code":6,"worker_id":"b5f9e0ed-9b45-4d56-bf5d-245b2593000f-23456247935296","trial_id":426,"state":3,"values":null,"datetime_complete":"2026-07-27T11:22:14.293477"}
{"op_code":0,"worker_id":"596732ce-0f6a-4c62-b7b2-7f58e43627da-23456247935296","study_name":"peter_mnist_k3","directions":[2]}
{"op_code":4,"worker_id":"596732ce-0f6a-4c62-b7b2-7f58e43627da-23456247935296","study_id":0,"datetime_start":"2026-07-27T11:22:14.360068"}
{"op_code":5,"worker_id":"596732ce-0f6a-4c62-b7b2-7f58e43627da-23456247935296","trial_id":476,"param_name":"lr","param_value_internal":0.03385993294768354,"distribution":"{\"name\": \"FloatDistribution\", \"attributes\": {\"step\": null, \"low\": 1e-08, \"high\": 0.5, \"log\": true}}"}
{"op_code":5,"worker_id":"596732ce-0f6a-4c62-b7b2-7f58e43627da-23456247935296","trial_id":476,"param_name":"ratio","param_value_internal":0.19208362188303663,"distribution":"{\"name\": \"FloatDistribution\", \"attributes\": {\"step\": null, \"low\": 0.1, \"high\": 100.0, \"log\": true}}"}
{"op_code":6,"worker_id":"4a9f4cef-d59b-4b3a-a7ca-ff7f4109fb9a-23456247935296","trial_id":439,"state":3,"values":null,"datetime_complete":"2026-07-27T11:23:16.093359"}
{"op_code":0,"worker_id":"8fda341b-cd88-40a6-a56c-843b580f9a3e-23456247935296","study_name":"peter_mnist_k3","directions":[2]}
{"op_code":4,"worker_id":"8fda341b-cd88-40a6-a56c-843b580f9a3e-23456247935296","study_id":0,"datetime_start":"2026-07-27T11:23:16.220141"}
{"op_code":5,"worker_id":"8fda341b-cd88-40a6-a56c-843b580f9a3e-23456247935296","trial_id":477,"param_name":"lr","param_value_internal":0.000335968227216479,"distribution":"{\"name\": \"FloatDistribution\", \"attributes\": {\"step\": null, \"low\": 1e-08, \"high\": 0.5, \"log\": true}}"}
{"op_code":5,"worker_id":"8fda341b-cd88-40a6-a56c-843b580f9a3e-23456247935296","trial_id":477,"param_name":"ratio","param_value_internal":18.298247710196744,"distribution":"{\"name\": \"FloatDistribution\", \"attributes\": {\"step\": null, \"low\": 0.1, \"high\": 100.0, \"log\": true}}"}
{"op_code":6,"worker_id":"af678a7a-4d1a-4d12-a4e8-edcbcb6c04f5-23456247935296","trial_id":418,"state":3,"values":null,"datetime_complete":"2026-07-27T11:23:39.413475"}
{"op_code":0,"worker_id":"5e907895-6362-4281-91da-c53bdb1ce31c-23456247935296","study_name":"peter_mnist_k3","directions":[2]}
{"op_code":4,"worker_id":"5e907895-6362-4281-91da-c53bdb1ce31c-23456247935296","study_id":0,"datetime_start":"2026-07-27T11:23:39.503654"}
{"op_code":5,"worker_id":"5e907895-6362-4281-91da-c53bdb1ce31c-23456247935296","trial_id":478,"param_name":"lr","param_value_internal":0.0703654687025415,"distribution":"{\"name\": \"FloatDistribution\", \"attributes\": {\"step\": null, \"low\": 1e-08, \"high\": 0.5, \"log\": true}}"}
{"op_code":5,"worker_id":"5e907895-6362-4281-91da-c53bdb1ce31c-23456247935296","trial_id":478,"param_name":"ratio","param_value_internal":3.3842591713459673,"distribution":"{\"name\": \"FloatDistribution\", \"attributes\": {\"step\": null, \"low\": 0.1, \"high\": 100.0, \"log\": true}}"}
{"op_code":6,"worker_id":"d3ff4e40-d590-4c00-9d43-01cf422442f7-23456247935296","trial_id":433,"state":3,"values":null,"datetime_complete":"2026-07-27T11:24:07.289943"}
{"op_code":0,"worker_id":"b39d5b45-5d29-4c7e-91db-41daade1cf12-23456247935296","study_name":"peter_mnist_k3","directions":[2]}
{"op_code":4,"worker_id":"b39d5b45-5d29-4c7e-91db-41daade1cf12-23456247935296","study_id":0,"datetime_start":"2026-07-27T11:24:07.351527"}
{"op_code":5,"worker_id":"b39d5b45-5d29-4c7e-91db-41daade1cf12-23456247935296","trial_id":479,"param_name":"lr","param_value_internal":0.004593123536829644,"distribution":"{\"name\": \"FloatDistribution\", \"attributes\": {\"step\": null, \"low\": 1e-08, \"high\": 0.5, \"log\": true}}"}
{"op_code":5,"worker_id":"b39d5b45-5d29-4c7e-91db-41daade1cf12-23456247935296","trial_id":479,"param_name":"ratio","param_value_internal":76.06679570481991,"distribution":"{\"name\": \"FloatDistribution\", \"attributes\": {\"step\": null, \"low\": 0.1, \"high\": 100.0, \"log\": true}}"}
{"op_code":6,"worker_id":"63290514-aadd-4a06-87e8-636523f0fa47-23456247935296","trial_id":430,"state":3,"values":null,"datetime_complete":"2026-07-27T11:24:45.531683"}
{"op_code":0,"worker_id":"ba4a7e0e-220a-4b99-8c23-257d649ea922-23456247935296","study_name":"peter_mnist_k3","directions":[2]}
{"op_code":4,"worker_id":"ba4a7e0e-220a-4b99-8c23-257d649ea922-23456247935296","study_id":0,"datetime_start":"2026-07-27T11:24:45.721020"}
{"op_code":5,"worker_id":"ba4a7e0e-220a-4b99-8c23-257d649ea922-23456247935296","trial_id":480,"param_name":"lr","param_value_internal":0.001384006333898022,"distribution":"{\"name\": \"FloatDistribution\", \"attributes\": {\"step\": null, \"low\": 1e-08, \"high\": 0.5, \"log\": true}}"}
{"op_code":5,"worker_id":"ba4a7e0e-220a-4b99-8c23-257d649ea922-23456247935296","trial_id":480,"param_name":"ratio","param_value_internal":52.05870089257549,"distribution":"{\"name\": \"FloatDistribution\", \"attributes\": {\"step\": null, \"low\": 0.1, \"high\": 100.0, \"log\": true}}"}
{"op_code":6,"worker_id":"6eae9b3d-bd97-40af-ba3f-8a8e162b97c5-23456247935296","trial_id":434,"state":3,"values":null,"datetime_complete":"2026-07-27T11:26:11.715421"}
{"op_code":0,"worker_id":"c7a87f8a-bc5e-4d00-8d1c-609712d12b96-23456247935296","study_name":"peter_mnist_k3","directions":[2]}
{"op_code":4,"worker_id":"c7a87f8a-bc5e-4d00-8d1c-609712d12b96-23456247935296","study_id":0,"datetime_start":"2026-07-27T11:26:11.866095"}
{"op_code":5,"worker_id":"c7a87f8a-bc5e-4d00-8d1c-609712d12b96-23456247935296","trial_id":481,"param_name":"lr","param_value_internal":5.0953090213358305e-06,"distribution":"{\"name\": \"FloatDistribution\", \"attributes\": {\"step\": null, \"low\": 1e-08, \"high\": 0.5, \"log\": true}}"}
{"op_code":5,"worker_id":"c7a87f8a-bc5e-4d00-8d1c-609712d12b96-23456247935296","trial_id":481,"param_name":"ratio","param_value_internal":0.22683764817284127,"distribution":"{\"name\": \"FloatDistribution\", \"attributes\": {\"step\": null, \"low\": 0.1, \"high\": 100.0, \"log\": true}}"}
{"op_code":6,"worker_id":"87057cb2-2b18-4051-ab81-bb84ad26eee5-23456247935296","trial_id":451,"state":3,"values":null,"datetime_complete":"2026-07-27T11:27:17.731325"}
{"op_code":0,"worker_id":"a8362720-8aa0-4e96-94c2-867bd9f05349-23456247935296","study_name":"peter_mnist_k3","directions":[2]}
{"op_code":4,"worker_id":"a8362720-8aa0-4e96-94c2-867bd9f05349-23456247935296","study_id":0,"datetime_start":"2026-07-27T11:27:17.812463"}
{"op_code":5,"worker_id":"a8362720-8aa0-4e96-94c2-867bd9f05349-23456247935296","trial_id":482,"param_name":"lr","param_value_internal":3.866678945730583e-06,"distribution":"{\"name\": \"FloatDistribution\", \"attributes\": {\"step\": null, \"low\": 1e-08, \"high\": 0.5, \"log\": true}}"}
{"op_code":5,"worker_id":"a8362720-8aa0-4e96-94c2-867bd9f05349-23456247935296","trial_id":482,"param_name":"ratio","param_value_internal":0.24099766376015705,"distribution":"{\"name\": \"FloatDistribution\", \"attributes\": {\"step\": null, \"low\": 0.1, \"high\": 100.0, \"log\": true}}"}
{"op_code":6,"worker_id":"4fa18327-10f9-4b87-9c37-d6197122dce4-23456247935296","trial_id":436,"state":3,"values":null,"datetime_complete":"2026-07-27T11:27:22.544209"}
{"op_code":0,"worker_id":"466b1d5c-db63-4d0f-80d7-b402faa7e0ff-23456247935296","study_name":"peter_mnist_k3","directions":[2]}
{"op_code":4,"worker_id":"466b1d5c-db63-4d0f-80d7-b402faa7e0ff-23456247935296","study_id":0,"datetime_start":"2026-07-27T11:27:22.613263"}
{"op_code":5,"worker_id":"466b1d5c-db63-4d0f-80d7-b402faa7e0ff-23456247935296","trial_id":483,"param_name":"lr","param_value_internal":0.00020001585124226738,"distribution":"{\"name\": \"FloatDistribution\", \"attributes\": {\"step\": null, \"low\": 1e-08, \"high\": 0.5, \"log\": true}}"}
{"op_code":5,"worker_id":"466b1d5c-db63-4d0f-80d7-b402faa7e0ff-23456247935296","trial_id":483,"param_name":"ratio","param_value_internal":2.5515457383061446,"distribution":"{\"name\": \"FloatDistribution\", \"attributes\": {\"step\": null, \"low\": 0.1, \"high\": 100.0, \"log\": true}}"}
{"op_code":6,"worker_id":"486bc30d-ac1c-4236-b322-070052f5a27d-23456247935296","trial_id":422,"state":3,"values":null,"datetime_complete":"2026-07-27T11:27:53.571543"}
{"op_code":0,"worker_id":"662ddfb4-1466-472d-9a2e-664698632039-23456247935296","study_name":"peter_mnist_k3","directions":[2]}
{"op_code":4,"worker_id":"662ddfb4-1466-472d-9a2e-664698632039-23456247935296","study_id":0,"datetime_start":"2026-07-27T11:27:53.664900"}
{"op_code":5,"worker_id":"662ddfb4-1466-472d-9a2e-664698632039-23456247935296","trial_id":484,"param_name":"lr","param_value_internal":0.0001656284942194129,"distribution":"{\"name\": \"FloatDistribution\", \"attributes\": {\"step\": null, \"low\": 1e-08, \"high\": 0.5, \"log\": true}}"}
{"op_code":5,"worker_id":"662ddfb4-1466-472d-9a2e-664698632039-23456247935296","trial_id":484,"param_name":"ratio","param_value_internal":33.279979099370664,"distribution":"{\"name\": \"FloatDistribution\", \"attributes\": {\"step\": null, \"low\": 0.1, \"high\": 100.0, \"log\": true}}"}
{"op_code":6,"worker_id":"3f5a60b6-bfab-48d5-b93c-9b962036c207-23456247935296","trial_id":438,"state":3,"values":null,"datetime_complete":"2026-07-27T11:28:40.944315"}
{"op_code":0,"worker_id":"bf7c8d98-a546-4d60-9882-02c9c8f76387-23456247935296","study_name":"peter_mnist_k3","directions":[2]}
{"op_code":4,"worker_id":"bf7c8d98-a546-4d60-9882-02c9c8f76387-23456247935296","study_id":0,"datetime_start":"2026-07-27T11:28:41.032331"}
{"op_code":5,"worker_id":"bf7c8d98-a546-4d60-9882-02c9c8f76387-23456247935296","trial_id":485,"param_name":"lr","param_value_internal":0.07992318657599659,"distribution":"{\"name\": \"FloatDistribution\", \"attributes\": {\"step\": null, \"low\": 1e-08, \"high\": 0.5, \"log\": true}}"}
{"op_code":5,"worker_id":"bf7c8d98-a546-4d60-9882-02c9c8f76387-23456247935296","trial_id":485,"param_name":"ratio","param_value_internal":86.46968612255873,"distribution":"{\"name\": \"FloatDistribution\", \"attributes\": {\"step\": null, \"low\": 0.1, \"high\": 100.0, \"log\": true}}"}
{"op_code":6,"worker_id":"15690074-f0b1-4b54-95c9-e1fc492a894a-23456247935296","trial_id":442,"state":3,"values":null,"datetime_complete":"2026-07-27T11:28:41.822704"}
{"op_code":0,"worker_id":"9fbf6aaf-099d-4b42-b09b-2dc2d1b9b137-23456247935296","study_name":"peter_mnist_k3","directions":[2]}
{"op_code":4,"worker_id":"9fbf6aaf-099d-4b42-b09b-2dc2d1b9b137-23456247935296","study_id":0,"datetime_start":"2026-07-27T11:28:41.959037"}
{"op_code":5,"worker_id":"9fbf6aaf-099d-4b42-b09b-2dc2d1b9b137-23456247935296","trial_id":486,"param_name":"lr","param_value_internal":2.837336093948764e-05,"distribution":"{\"name\": \"FloatDistribution\", \"attributes\": {\"step\": null, \"low\": 1e-08, \"high\": 0.5, \"log\": true}}"}
{"op_code":5,"worker_id":"9fbf6aaf-099d-4b42-b09b-2dc2d1b9b137-23456247935296","trial_id":486,"param_name":"ratio","param_value_internal":4.850719979763035,"distribution":"{\"name\": \"FloatDistribution\", \"attributes\": {\"step\": null, \"low\": 0.1, \"high\": 100.0, \"log\": true}}"}
{"op_code":6,"worker_id":"062aac5f-b57a-4bd6-bfaf-656e0bfaa5cb-23456247935296","trial_id":443,"state":3,"values":null,"datetime_complete":"2026-07-27T11:28:59.855208"}
{"op_code":0,"worker_id":"d92aeda4-3f47-46c1-a5f3-17517b5302ea-23456247935296","study_name":"peter_mnist_k3","directions":[2]}
{"op_code":4,"worker_id":"d92aeda4-3f47-46c1-a5f3-17517b5302ea-23456247935296","study_id":0,"datetime_start":"2026-07-27T11:28:59.934113"}
{"op_code":5,"worker_id":"d92aeda4-3f47-46c1-a5f3-17517b5302ea-23456247935296","trial_id":487,"param_name":"lr","param_value_internal":0.0003250467601765738,"distribution":"{\"name\": \"FloatDistribution\", \"attributes\": {\"step\": null, \"low\": 1e-08, \"high\": 0.5, \"log\": true}}"}
{"op_code":5,"worker_id":"d92aeda4-3f47-46c1-a5f3-17517b5302ea-23456247935296","trial_id":487,"param_name":"ratio","param_value_internal":1.0660921978864761,"distribution":"{\"name\": \"FloatDistribution\", \"attributes\": {\"step\": null, \"low\": 0.1, \"high\": 100.0, \"log\": true}}"}
{"op_code":6,"worker_id":"58660bb0-f54c-4731-86de-b7641580e80e-23456247935296","trial_id":452,"state":3,"values":null,"datetime_complete":"2026-07-27T11:30:06.479128"}
{"op_code":0,"worker_id":"cb5a5e5d-eabf-473f-8e31-56a08bd44b5d-23456247935296","study_name":"peter_mnist_k3","directions":[2]}
{"op_code":4,"worker_id":"cb5a5e5d-eabf-473f-8e31-56a08bd44b5d-23456247935296","study_id":0,"datetime_start":"2026-07-27T11:30:06.612897"}
{"op_code":5,"worker_id":"cb5a5e5d-eabf-473f-8e31-56a08bd44b5d-23456247935296","trial_id":488,"param_name":"lr","param_value_internal":0.3873504120305115,"distribution":"{\"name\": \"FloatDistribution\", \"attributes\": {\"step\": null, \"low\": 1e-08, \"high\": 0.5, \"log\": true}}"}
{"op_code":5,"worker_id":"cb5a5e5d-eabf-473f-8e31-56a08bd44b5d-23456247935296","trial_id":488,"param_name":"ratio","param_value_internal":57.35436597487388,"distribution":"{\"name\": \"FloatDistribution\", \"attributes\": {\"step\": null, \"low\": 0.1, \"high\": 100.0, \"log\": true}}"}
{"op_code":6,"worker_id":"d0ad65a4-4fe6-45d9-b0e3-58111b8d0427-23456247935296","trial_id":448,"state":3,"values":null,"datetime_complete":"2026-07-27T11:30:15.026826"}
{"op_code":0,"worker_id":"1759bc49-ed12-4777-91a1-27cf63a9121a-23456247935296","study_name":"peter_mnist_k3","directions":[2]}
{"op_code":4,"worker_id":"1759bc49-ed12-4777-91a1-27cf63a9121a-23456247935296","study_id":0,"datetime_start":"2026-07-27T11:30:15.178697"}
{"op_code":5,"worker_id":"1759bc49-ed12-4777-91a1-27cf63a9121a-23456247935296","trial_id":489,"param_name":"lr","param_value_internal":1.4131930642917112e-05,"distribution":"{\"name\": \"FloatDistribution\", \"attributes\": {\"step\": null, \"low\": 1e-08, \"high\": 0.5, \"log\": true}}"}
{"op_code":5,"worker_id":"1759bc49-ed12-4777-91a1-27cf63a9121a-23456247935296","trial_id":489,"param_name":"ratio","param_value_internal":2.8179159944311514,"distribution":"{\"name\": \"FloatDistribution\", \"attributes\": {\"step\": null, \"low\": 0.1, \"high\": 100.0, \"log\": true}}"}
{"op_code":6,"worker_id":"f376c204-4064-4bf8-9589-6881716e3844-23456247935296","trial_id":459,"state":3,"values":null,"datetime_complete":"2026-07-27T11:30:18.873773"}
{"op_code":0,"worker_id":"cad117ac-068a-4131-894e-fab0b106d178-23456247935296","study_name":"peter_mnist_k3","directions":[2]}
{"op_code":4,"worker_id":"cad117ac-068a-4131-894e-fab0b106d178-23456247935296","study_id":0,"datetime_start":"2026-07-27T11:30:18.914993"}
{"op_code":5,"worker_id":"cad117ac-068a-4131-894e-fab0b106d178-23456247935296","trial_id":490,"param_name":"lr","param_value_internal":1.0421267761990852e-06,"distribution":"{\"name\": \"FloatDistribution\", \"attributes\": {\"step\": null, \"low\": 1e-08, \"high\": 0.5, \"log\": true}}"}
{"op_code":5,"worker_id":"cad117ac-068a-4131-894e-fab0b106d178-23456247935296","trial_id":490,"param_name":"ratio","param_value_internal":0.812043993567806,"distribution":"{\"name\": \"FloatDistribution\", \"attributes\": {\"step\": null, \"low\": 0.1, \"high\": 100.0, \"log\": true}}"}
{"op_code":6,"worker_id":"cec99fdd-611c-40d7-9cb7-55e1c610c6e4-23456247935296","trial_id":453,"state":3,"values":null,"datetime_complete":"2026-07-27T11:30:50.787482"}
{"op_code":0,"worker_id":"92f0816b-8bd8-45ff-95d8-b84d2b1d50bd-23456247935296","study_name":"peter_mnist_k3","directions":[2]}
{"op_code":4,"worker_id":"92f0816b-8bd8-45ff-95d8-b84d2b1d50bd-23456247935296","study_id":0,"datetime_start":"2026-07-27T11:30:50.835861"}
{"op_code":5,"worker_id":"92f0816b-8bd8-45ff-95d8-b84d2b1d50bd-23456247935296","trial_id":491,"param_name":"lr","param_value_internal":3.2597082366699363e-07,"distribution":"{\"name\": \"FloatDistribution\", \"attributes\": {\"step\": null, \"low\": 1e-08, \"high\": 0.5, \"log\": true}}"}
{"op_code":5,"worker_id":"92f0816b-8bd8-45ff-95d8-b84d2b1d50bd-23456247935296","trial_id":491,"param_name":"ratio","param_value_internal":78.85561310641212,"distribution":"{\"name\": \"FloatDistribution\", \"attributes\": {\"step\": null, \"low\": 0.1, \"high\": 100.0, \"log\": true}}"}
{"op_code":6,"worker_id":"ecc30364-b0d7-42d0-a963-d60023e94518-23456247935296","trial_id":446,"state":3,"values":null,"datetime_complete":"2026-07-27T11:31:07.797496"}
{"op_code":0,"worker_id":"b6f00e40-0922-4942-b18a-885a3cb43559-23456247935296","study_name":"peter_mnist_k3","directions":[2]}
{"op_code":4,"worker_id":"b6f00e40-0922-4942-b18a-885a3cb43559-23456247935296","study_id":0,"datetime_start":"2026-07-27T11:31:07.932065"}
{"op_code":5,"worker_id":"b6f00e40-0922-4942-b18a-885a3cb43559-23456247935296","trial_id":492,"param_name":"lr","param_value_internal":1.45260662731637e-07,"distribution":"{\"name\": \"FloatDistribution\", \"attributes\": {\"step\": null, \"low\": 1e-08, \"high\": 0.5, \"log\": true}}"}
{"op_code":5,"worker_id":"b6f00e40-0922-4942-b18a-885a3cb43559-23456247935296","trial_id":492,"param_name":"ratio","param_value_internal":0.6400061204289551,"distribution":"{\"name\": \"FloatDistribution\", \"attributes\": {\"step\": null, \"low\": 0.1, \"high\": 100.0, \"log\": true}}"}
{"op_code":6,"worker_id":"c463ee24-d2fc-4685-a5bb-47b8a8144a3e-23456247935296","trial_id":465,"state":3,"values":null,"datetime_complete":"2026-07-27T11:32:18.981973"}
{"op_code":0,"worker_id":"f2ff87ee-80a4-496b-8749-49402e07c9c9-23456247935296","study_name":"peter_mnist_k3","directions":[2]}
{"op_code":4,"worker_id":"f2ff87ee-80a4-496b-8749-49402e07c9c9-23456247935296","study_id":0,"datetime_start":"2026-07-27T11:32:19.046853"}
{"op_code":5,"worker_id":"f2ff87ee-80a4-496b-8749-49402e07c9c9-23456247935296","trial_id":493,"param_name":"lr","param_value_internal":0.05741412581159789,"distribution":"{\"name\": \"FloatDistribution\", \"attributes\": {\"step\": null, \"low\": 1e-08, \"high\": 0.5, \"log\": true}}"}
{"op_code":5,"worker_id":"f2ff87ee-80a4-496b-8749-49402e07c9c9-23456247935296","trial_id":493,"param_name":"ratio","param_value_internal":0.18405127049974265,"distribution":"{\"name\": \"FloatDistribution\", \"attributes\": {\"step\": null, \"low\": 0.1, \"high\": 100.0, \"log\": true}}"}
{"op_code":6,"worker_id":"45715bbd-9b7e-42e5-8c0d-04f64563bef6-23456247935296","trial_id":456,"state":3,"values":null,"datetime_complete":"2026-07-27T11:32:26.294165"}
{"op_code":0,"worker_id":"cf7f5bdd-ac9e-4cb9-8178-09cf7dc21c4c-23456247935296","study_name":"peter_mnist_k3","directions":[2]}
{"op_code":4,"worker_id":"cf7f5bdd-ac9e-4cb9-8178-09cf7dc21c4c-23456247935296","study_id":0,"datetime_start":"2026-07-27T11:32:26.352804"}
{"op_code":5,"worker_id":"cf7f5bdd-ac9e-4cb9-8178-09cf7dc21c4c-23456247935296","trial_id":494,"param_name":"lr","param_value_internal":4.071072507918194e-08,"distribution":"{\"name\": \"FloatDistribution\", \"attributes\": {\"step\": null, \"low\": 1e-08, \"high\": 0.5, \"log\": true}}"}
{"op_code":5,"worker_id":"cf7f5bdd-ac9e-4cb9-8178-09cf7dc21c4c-23456247935296","trial_id":494,"param_name":"ratio","param_value_internal":6.78996848589806,"distribution":"{\"name\": \"FloatDistribution\", \"attributes\": {\"step\": null, \"low\": 0.1, \"high\": 100.0, \"log\": true}}"}
{"op_code":6,"worker_id":"8539bb77-b08f-4b63-ada4-45d78f5130e8-23456247935296","trial_id":467,"state":3,"values":null,"datetime_complete":"2026-07-27T11:33:16.288774"}
{"op_code":0,"worker_id":"a0f1cec3-6ac6-48ed-9922-75ccb0532c1a-23456247935296","study_name":"peter_mnist_k3","directions":[2]}
{"op_code":4,"worker_id":"a0f1cec3-6ac6-48ed-9922-75ccb0532c1a-23456247935296","study_id":0,"datetime_start":"2026-07-27T11:33:16.688172"}
{"op_code":5,"worker_id":"a0f1cec3-6ac6-48ed-9922-75ccb0532c1a-23456247935296","trial_id":495,"param_name":"lr","param_value_internal":2.9729614295055494e-06,"distribution":"{\"name\": \"FloatDistribution\", \"attributes\": {\"step\": null, \"low\": 1e-08, \"high\": 0.5, \"log\": true}}"}
{"op_code":5,"worker_id":"a0f1cec3-6ac6-48ed-9922-75ccb0532c1a-23456247935296","trial_id":495,"param_name":"ratio","param_value_internal":21.926124215424476,"distribution":"{\"name\": \"FloatDistribution\", \"attributes\": {\"step\": null, \"low\": 0.1, \"high\": 100.0, \"log\": true}}"}
{"op_code":6,"worker_id":"bc69575f-d96d-4097-905b-4e14a99c9186-23456247935296","trial_id":462,"state":3,"values":null,"datetime_complete":"2026-07-27T11:33:19.802965"}
{"op_code":0,"worker_id":"3f447271-b4a6-4bd3-9467-6a0a3d41c9b2-23456247935296","study_name":"peter_mnist_k3","directions":[2]}
{"op_code":4,"worker_id":"3f447271-b4a6-4bd3-9467-6a0a3d41c9b2-23456247935296","study_id":0,"datetime_start":"2026-07-27T11:33:20.556550"}
{"op_code":5,"worker_id":"3f447271-b4a6-4bd3-9467-6a0a3d41c9b2-23456247935296","trial_id":496,"param_name":"lr","param_value_internal":0.0013642847804392105,"distribution":"{\"name\": \"FloatDistribution\", \"attributes\": {\"step\": null, \"low\": 1e-08, \"high\": 0.5, \"log\": true}}"}
{"op_code":5,"worker_id":"3f447271-b4a6-4bd3-9467-6a0a3d41c9b2-23456247935296","trial_id":496,"param_name":"ratio","param_value_internal":2.4520818848198336,"distribution":"{\"name\": \"FloatDistribution\", \"attributes\": {\"step\": null, \"low\": 0.1, \"high\": 100.0, \"log\": true}}"}
{"op_code":6,"worker_id":"165bd33b-707d-4a4f-88b3-c741e0c4cc0c-23456247935296","trial_id":460,"state":3,"values":null,"datetime_complete":"2026-07-27T11:33:58.644055"}
{"op_code":0,"worker_id":"a87f053a-5da8-4f4c-8000-f0a3b9a961b8-23456247935296","study_name":"peter_mnist_k3","directions":[2]}
{"op_code":4,"worker_id":"a87f053a-5da8-4f4c-8000-f0a3b9a961b8-23456247935296","study_id":0,"datetime_start":"2026-07-27T11:33:58.735940"}
{"op_code":5,"worker_id":"a87f053a-5da8-4f4c-8000-f0a3b9a961b8-23456247935296","trial_id":497,"param_name":"lr","param_value_internal":0.005284218964215197,"distribution":"{\"name\": \"FloatDistribution\", \"attributes\": {\"step\": null, \"low\": 1e-08, \"high\": 0.5, \"log\": true}}"}
{"op_code":5,"worker_id":"a87f053a-5da8-4f4c-8000-f0a3b9a961b8-23456247935296","trial_id":497,"param_name":"ratio","param_value_internal":6.391086606782544,"distribution":"{\"name\": \"FloatDistribution\", \"attributes\": {\"step\": null, \"low\": 0.1, \"high\": 100.0, \"log\": true}}"}
{"op_code":6,"worker_id":"487366a9-5c89-4f65-98a6-7b3336c7eb0f-23456247935296","trial_id":469,"state":3,"values":null,"datetime_complete":"2026-07-27T11:35:06.765962"}
{"op_code":0,"worker_id":"2390e73d-a10f-46c0-9244-26c0085b867a-23456247935296","study_name":"peter_mnist_k3","directions":[2]}
{"op_code":4,"worker_id":"2390e73d-a10f-46c0-9244-26c0085b867a-23456247935296","study_id":0,"datetime_start":"2026-07-27T11:35:06.829342"}
{"op_code":5,"worker_id":"2390e73d-a10f-46c0-9244-26c0085b867a-23456247935296","trial_id":498,"param_name":"lr","param_value_internal":0.05670942070739722,"distribution":"{\"name\": \"FloatDistribution\", \"attributes\": {\"step\": null, \"low\": 1e-08, \"high\": 0.5, \"log\": true}}"}
{"op_code":5,"worker_id":"2390e73d-a10f-46c0-9244-26c0085b867a-23456247935296","trial_id":498,"param_name":"ratio","param_value_internal":0.6841640244833517,"distribution":"{\"name\": \"FloatDistribution\", \"attributes\": {\"step\": null, \"low\": 0.1, \"high\": 100.0, \"log\": true}}"}
{"op_code":6,"worker_id":"618df69a-7ded-4ed4-97af-5f450b2de0f4-23456247935296","trial_id":449,"state":3,"values":null,"datetime_complete":"2026-07-27T11:35:07.208239"}
{"op_code":0,"worker_id":"8545d000-5f36-4a51-bfa3-8409a4a531bc-23456247935296","study_name":"peter_mnist_k3","directions":[2]}
{"op_code":4,"worker_id":"8545d000-5f36-4a51-bfa3-8409a4a531bc-23456247935296","study_id":0,"datetime_start":"2026-07-27T11:35:07.294924"}
{"op_code":5,"worker_id":"8545d000-5f36-4a51-bfa3-8409a4a531bc-23456247935296","trial_id":499,"param_name":"lr","param_value_internal":0.061823987021447084,"distribution":"{\"name\": \"FloatDistribution\", \"attributes\": {\"step\": null, \"low\": 1e-08, \"high\": 0.5, \"log\": true}}"}
{"op_code":5,"worker_id":"8545d000-5f36-4a51-bfa3-8409a4a531bc-23456247935296","trial_id":499,"param_name":"ratio","param_value_internal":13.774828590555492,"distribution":"{\"name\": \"FloatDistribution\", \"attributes\": {\"step\": null, \"low\": 0.1, \"high\": 100.0, \"log\": true}}"}
{"op_code":6,"worker_id":"18e4d305-9708-4af1-95a5-6bb9c50b468e-23456247935296","trial_id":470,"state":3,"values":null,"datetime_complete":"2026-07-27T11:36:27.156540"}
{"op_code":0,"worker_id":"70ad5e70-e325-4555-acf5-b3b3d9a83874-23456247935296","study_name":"peter_mnist_k3","directions":[2]}
{"op_code":4,"worker_id":"70ad5e70-e325-4555-acf5-b3b3d9a83874-23456247935296","study_id":0,"datetime_start":"2026-07-27T11:36:27.248805"}
{"op_code":5,"worker_id":"70ad5e70-e325-4555-acf5-b3b3d9a83874-23456247935296","trial_id":500,"param_name":"lr","param_value_internal":1.6333817637149268e-08,"distribution":"{\"name\": \"FloatDistribution\", \"attributes\": {\"step\": null, \"low\": 1e-08, \"high\": 0.5, \"log\": true}}"}
{"op_code":5,"worker_id":"70ad5e70-e325-4555-acf5-b3b3d9a83874-23456247935296","trial_id":500,"param_name":"ratio","param_value_internal":0.15816225365475448,"distribution":"{\"name\": \"FloatDistribution\", \"attributes\": {\"step\": null, \"low\": 0.1, \"high\": 100.0, \"log\": true}}"}
{"op_code":6,"worker_id":"03b7e07d-2190-457f-b11b-39a5b30f6657-23456247935296","trial_id":463,"state":3,"values":null,"datetime_complete":"2026-07-27T11:36:54.681830"}
{"op_code":0,"worker_id":"b9f7305e-ccac-4ca5-b080-c6843ed8be64-23456247935296","study_name":"peter_mnist_k3","directions":[2]}
{"op_code":4,"worker_id":"b9f7305e-ccac-4ca5-b080-c6843ed8be64-23456247935296","study_id":0,"datetime_start":"2026-07-27T11:36:54.742454"}
{"op_code":5,"worker_id":"b9f7305e-ccac-4ca5-b080-c6843ed8be64-23456247935296","trial_id":501,"param_name":"lr","param_value_internal":0.0009835394897459947,"distribution":"{\"name\": \"FloatDistribution\", \"attributes\": {\"step\": null, \"low\": 1e-08, \"high\": 0.5, \"log\": true}}"}
{"op_code":5,"worker_id":"b9f7305e-ccac-4ca5-b080-c6843ed8be64-23456247935296","trial_id":501,"param_name":"ratio","param_value_internal":1.1129396122111526,"distribution":"{\"name\": \"FloatDistribution\", \"attributes\": {\"step\": null, \"low\": 0.1, \"high\": 100.0, \"log\": true}}"}
{"op_code":6,"worker_id":"d7525a9c-c686-419d-b30b-6291466fd909-23456247935296","trial_id":468,"state":3,"values":null,"datetime_complete":"2026-07-27T11:37:01.831389"}
{"op_code":0,"worker_id":"4aae3566-482e-4196-9b38-eb330732d0c0-23456247935296","study_name":"peter_mnist_k3","directions":[2]}
{"op_code":4,"worker_id":"4aae3566-482e-4196-9b38-eb330732d0c0-23456247935296","study_id":0,"datetime_start":"2026-07-27T11:37:01.900353"}
{"op_code":5,"worker_id":"4aae3566-482e-4196-9b38-eb330732d0c0-23456247935296","trial_id":502,"param_name":"lr","param_value_internal":0.00041389444728777,"distribution":"{\"name\": \"FloatDistribution\", \"attributes\": {\"step\": null, \"low\": 1e-08, \"high\": 0.5, \"log\": true}}"}
{"op_code":5,"worker_id":"4aae3566-482e-4196-9b38-eb330732d0c0-23456247935296","trial_id":502,"param_name":"ratio","param_value_internal":0.15961945945206463,"distribution":"{\"name\": \"FloatDistribution\", \"attributes\": {\"step\": null, \"low\": 0.1, \"high\": 100.0, \"log\": true}}"}
{"op_code":6,"worker_id":"278235e4-9302-4c0a-b59b-b436d84ed993-23456247935296","trial_id":466,"state":3,"values":null,"datetime_complete":"2026-07-27T11:37:55.789268"}
{"op_code":0,"worker_id":"0f9ab405-5ed0-4b4d-870d-e7df83d9312f-23456247935296","study_name":"peter_mnist_k3","directions":[2]}
{"op_code":4,"worker_id":"0f9ab405-5ed0-4b4d-870d-e7df83d9312f-23456247935296","study_id":0,"datetime_start":"2026-07-27T11:37:55.891033"}
{"op_code":5,"worker_id":"0f9ab405-5ed0-4b4d-870d-e7df83d9312f-23456247935296","trial_id":503,"param_name":"lr","param_value_internal":1.4000945068873584e-07,"distribution":"{\"name\": \"FloatDistribution\", \"attributes\": {\"step\": null, \"low\": 1e-08, \"high\": 0.5, \"log\": true}}"}
{"op_code":5,"worker_id":"0f9ab405-5ed0-4b4d-870d-e7df83d9312f-23456247935296","trial_id":503,"param_name":"ratio","param_value_internal":8.126286729510952,"distribution":"{\"name\": \"FloatDistribution\", \"attributes\": {\"step\": null, \"low\": 0.1, \"high\": 100.0, \"log\": true}}"}
{"op_code":6,"worker_id":"1c69b06b-7567-4931-a639-1aace5c72bcc-23456247935296","trial_id":458,"state":3,"values":null,"datetime_complete":"2026-07-27T11:38:26.437904"}
{"op_code":0,"worker_id":"46bf4767-d2bf-4dff-aaad-fd032e7085fc-23456247935296","study_name":"peter_mnist_k3","directions":[2]}
{"op_code":4,"worker_id":"46bf4767-d2bf-4dff-aaad-fd032e7085fc-23456247935296","study_id":0,"datetime_start":"2026-07-27T11:38:26.499640"}
{"op_code":5,"worker_id":"46bf4767-d2bf-4dff-aaad-fd032e7085fc-23456247935296","trial_id":504,"param_name":"lr","param_value_internal":6.5539161375332805e-06,"distribution":"{\"name\": \"FloatDistribution\", \"attributes\": {\"step\": null, \"low\": 1e-08, \"high\": 0.5, \"log\": true}}"}
{"op_code":5,"worker_id":"46bf4767-d2bf-4dff-aaad-fd032e7085fc-23456247935296","trial_id":504,"param_name":"ratio","param_value_internal":0.1926777807147651,"distribution":"{\"name\": \"FloatDistribution\", \"attributes\": {\"step\": null, \"low\": 0.1, \"high\": 100.0, \"log\": true}}"}
{"op_code":6,"worker_id":"073c8f23-fd1c-4dee-ab60-faec64cb4e14-23456247935296","trial_id":472,"state":3,"values":null,"datetime_complete":"2026-07-27T11:39:04.221632"}
{"op_code":0,"worker_id":"bce2f298-f135-45c5-b87b-b580487f5652-23456247935296","study_name":"peter_mnist_k3","directions":[2]}
{"op_code":4,"worker_id":"bce2f298-f135-45c5-b87b-b580487f5652-23456247935296","study_id":0,"datetime_start":"2026-07-27T11:39:04.304458"}
{"op_code":5,"worker_id":"bce2f298-f135-45c5-b87b-b580487f5652-23456247935296","trial_id":505,"param_name":"lr","param_value_internal":3.129620030880245e-06,"distribution":"{\"name\": \"FloatDistribution\", \"attributes\": {\"step\": null, \"low\": 1e-08, \"high\": 0.5, \"log\": true}}"}
{"op_code":5,"worker_id":"bce2f298-f135-45c5-b87b-b580487f5652-23456247935296","trial_id":505,"param_name":"ratio","param_value_internal":32.196005151886744,"distribution":"{\"name\": \"FloatDistribution\", \"attributes\": {\"step\": null, \"low\": 0.1, \"high\": 100.0, \"log\": true}}"}
{"op_code":6,"worker_id":"100fe7d5-0832-480e-9b3d-40075345120c-23456247935296","trial_id":464,"state":3,"values":null,"datetime_complete":"2026-07-27T11:40:23.964651"}
{"op_code":0,"worker_id":"c0e59d31-7ab3-484a-931a-1c8e10a69ab8-23456247935296","study_name":"peter_mnist_k3","directions":[2]}
{"op_code":4,"worker_id":"c0e59d31-7ab3-484a-931a-1c8e10a69ab8-23456247935296","study_id":0,"datetime_start":"2026-07-27T11:40:24.169658"}
{"op_code":5,"worker_id":"c0e59d31-7ab3-484a-931a-1c8e10a69ab8-23456247935296","trial_id":506,"param_name":"lr","param_value_internal":0.000183714782656158,"distribution":"{\"name\": \"FloatDistribution\", \"attributes\": {\"step\": null, \"low\": 1e-08, \"high\": 0.5, \"log\": true}}"}
{"op_code":5,"worker_id":"c0e59d31-7ab3-484a-931a-1c8e10a69ab8-23456247935296","trial_id":506,"param_name":"ratio","param_value_internal":89.142432607929,"distribution":"{\"name\": \"FloatDistribution\", \"attributes\": {\"step\": null, \"low\": 0.1, \"high\": 100.0, \"log\": true}}"}
{"op_code":6,"worker_id":"f60bf588-ae7d-4239-aa38-b73dec4ed598-23456247935296","trial_id":461,"state":3,"values":null,"datetime_complete":"2026-07-27T11:40:51.940878"}
{"op_code":0,"worker_id":"fa45e0fd-0c41-4090-9a0c-3db33d6394fe-23456247935296","study_name":"peter_mnist_k3","directions":[2]}
{"op_code":4,"worker_id":"fa45e0fd-0c41-4090-9a0c-3db33d6394fe-23456247935296","study_id":0,"datetime_start":"2026-07-27T11:40:52.042505"}
{"op_code":5,"worker_id":"fa45e0fd-0c41-4090-9a0c-3db33d6394fe-23456247935296","trial_id":507,"param_name":"lr","param_value_internal":0.10759781225080635,"distribution":"{\"name\": \"FloatDistribution\", \"attributes\": {\"step\": null, \"low\": 1e-08, \"high\": 0.5, \"log\": true}}"}
{"op_code":5,"worker_id":"fa45e0fd-0c41-4090-9a0c-3db33d6394fe-23456247935296","trial_id":507,"param_name":"ratio","param_value_internal":4.002108583470119,"distribution":"{\"name\": \"FloatDistribution\", \"attributes\": {\"step\": null, \"low\": 0.1, \"high\": 100.0, \"log\": true}}"}
{"op_code":6,"worker_id":"8fda341b-cd88-40a6-a56c-843b580f9a3e-23456247935296","trial_id":477,"state":3,"values":null,"datetime_complete":"2026-07-27T11:41:23.673780"}
{"op_code":0,"worker_id":"5c4e95a2-8a99-41af-8abb-513ae23432a7-23456247935296","study_name":"peter_mnist_k3","directions":[2]}
{"op_code":4,"worker_id":"5c4e95a2-8a99-41af-8abb-513ae23432a7-23456247935296","study_id":0,"datetime_start":"2026-07-27T11:41:23.738646"}
{"op_code":5,"worker_id":"5c4e95a2-8a99-41af-8abb-513ae23432a7-23456247935296","trial_id":508,"param_name":"lr","param_value_internal":9.234861600963826e-07,"distribution":"{\"name\": \"FloatDistribution\", \"attributes\": {\"step\": null, \"low\": 1e-08, \"high\": 0.5, \"log\": true}}"}
{"op_code":5,"worker_id":"5c4e95a2-8a99-41af-8abb-513ae23432a7-23456247935296","trial_id":508,"param_name":"ratio","param_value_internal":2.6011743085517,"distribution":"{\"name\": \"FloatDistribution\", \"attributes\": {\"step\": null, \"low\": 0.1, \"high\": 100.0, \"log\": true}}"}
{"op_code":6,"worker_id":"5e907895-6362-4281-91da-c53bdb1ce31c-23456247935296","trial_id":478,"state":3,"values":null,"datetime_complete":"2026-07-27T11:41:32.718658"}
{"op_code":0,"worker_id":"303c14f0-01eb-4d98-8d60-2d8735c85b63-23456247935296","study_name":"peter_mnist_k3","directions":[2]}
{"op_code":4,"worker_id":"303c14f0-01eb-4d98-8d60-2d8735c85b63-23456247935296","study_id":0,"datetime_start":"2026-07-27T11:41:32.764857"}
{"op_code":5,"worker_id":"303c14f0-01eb-4d98-8d60-2d8735c85b63-23456247935296","trial_id":509,"param_name":"lr","param_value_internal":0.00010677687508224044,"distribution":"{\"name\": \"FloatDistribution\", \"attributes\": {\"step\": null, \"low\": 1e-08, \"high\": 0.5, \"log\": true}}"}
{"op_code":5,"worker_id":"303c14f0-01eb-4d98-8d60-2d8735c85b63-23456247935296","trial_id":509,"param_name":"ratio","param_value_internal":1.6172213889490847,"distribution":"{\"name\": \"FloatDistribution\", \"attributes\": {\"step\": null, \"low\": 0.1, \"high\": 100.0, \"log\": true}}"}
{"op_code":6,"worker_id":"7a8c551d-ecdb-4cb5-a7c4-4bde79d39dd0-23456247935296","trial_id":441,"state":3,"values":null,"datetime_complete":"2026-07-27T11:42:48.508802"}
{"op_code":0,"worker_id":"287e6224-1bc0-4617-9ab5-b307834643d1-23456247935296","study_name":"peter_mnist_k3","directions":[2]}
{"op_code":4,"worker_id":"287e6224-1bc0-4617-9ab5-b307834643d1-23456247935296","study_id":0,"datetime_start":"2026-07-27T11:42:48.575952"}
{"op_code":5,"worker_id":"287e6224-1bc0-4617-9ab5-b307834643d1-23456247935296","trial_id":510,"param_name":"lr","param_value_internal":0.07765924749813134,"distribution":"{\"name\": \"FloatDistribution\", \"attributes\": {\"step\": null, \"low\": 1e-08, \"high\": 0.5, \"log\": true}}"}
{"op_code":5,"worker_id":"287e6224-1bc0-4617-9ab5-b307834643d1-23456247935296","trial_id":510,"param_name":"ratio","param_value_internal":0.24669874201618083,"distribution":"{\"name\": \"FloatDistribution\", \"attributes\": {\"step\": null, \"low\": 0.1, \"high\": 100.0, \"log\": true}}"}
{"op_code":6,"worker_id":"082796d1-ca7a-42ae-9477-c5c3a1b6f4a9-23456247935296","trial_id":475,"state":3,"values":null,"datetime_complete":"2026-07-27T11:43:13.179864"}
{"op_code":0,"worker_id":"92442c2f-651a-46db-b9a2-f68cd3e95a15-23456247935296","study_name":"peter_mnist_k3","directions":[2]}
{"op_code":4,"worker_id":"92442c2f-651a-46db-b9a2-f68cd3e95a15-23456247935296","study_id":0,"datetime_start":"2026-07-27T11:43:13.275196"}
{"op_code":5,"worker_id":"92442c2f-651a-46db-b9a2-f68cd3e95a15-23456247935296","trial_id":511,"param_name":"lr","param_value_internal":0.026828168831564563,"distribution":"{\"name\": \"FloatDistribution\", \"attributes\": {\"step\": null, \"low\": 1e-08, \"high\": 0.5, \"log\": true}}"}
{"op_code":5,"worker_id":"92442c2f-651a-46db-b9a2-f68cd3e95a15-23456247935296","trial_id":511,"param_name":"ratio","param_value_internal":51.26522280982348,"distribution":"{\"name\": \"FloatDistribution\", \"attributes\": {\"step\": null, \"low\": 0.1, \"high\": 100.0, \"log\": true}}"}
{"op_code":6,"worker_id":"369a153f-0bb7-4514-8f40-4f6ebcf1930b-23456247935296","trial_id":473,"state":3,"values":null,"datetime_complete":"2026-07-27T11:43:21.565180"}
{"op_code":0,"worker_id":"b3719eec-67c0-40ec-9a2f-78910984e9c8-23456247935296","study_name":"peter_mnist_k3","directions":[2]}
{"op_code":4,"worker_id":"b3719eec-67c0-40ec-9a2f-78910984e9c8-23456247935296","study_id":0,"datetime_start":"2026-07-27T11:43:21.679557"}
{"op_code":5,"worker_id":"b3719eec-67c0-40ec-9a2f-78910984e9c8-23456247935296","trial_id":512,"param_name":"lr","param_value_internal":0.0762993334692772,"distribution":"{\"name\": \"FloatDistribution\", \"attributes\": {\"step\": null, \"low\": 1e-08, \"high\": 0.5, \"log\": true}}"}
{"op_code":5,"worker_id":"b3719eec-67c0-40ec-9a2f-78910984e9c8-23456247935296","trial_id":512,"param_name":"ratio","param_value_internal":9.842098923565922,"distribution":"{\"name\": \"FloatDistribution\", \"attributes\": {\"step\": null, \"low\": 0.1, \"high\": 100.0, \"log\": true}}"}
{"op_code":6,"worker_id":"596732ce-0f6a-4c62-b7b2-7f58e43627da-23456247935296","trial_id":476,"state":3,"values":null,"datetime_complete":"2026-07-27T11:43:54.427294"}
{"op_code":0,"worker_id":"c7836438-afc4-4460-83e5-dc83d3059728-23456247935296","study_name":"peter_mnist_k3","directions":[2]}
{"op_code":4,"worker_id":"c7836438-afc4-4460-83e5-dc83d3059728-23456247935296","study_id":0,"datetime_start":"2026-07-27T11:43:54.488549"}
{"op_code":5,"worker_id":"c7836438-afc4-4460-83e5-dc83d3059728-23456247935296","trial_id":513,"param_name":"lr","param_value_internal":0.08467019550022606,"distribution":"{\"name\": \"FloatDistribution\", \"attributes\": {\"step\": null, \"low\": 1e-08, \"high\": 0.5, \"log\": true}}"}
{"op_code":5,"worker_id":"c7836438-afc4-4460-83e5-dc83d3059728-23456247935296","trial_id":513,"param_name":"ratio","param_value_internal":73.7947123060893,"distribution":"{\"name\": \"FloatDistribution\", \"attributes\": {\"step\": null, \"low\": 0.1, \"high\": 100.0, \"log\": true}}"}
{"op_code":6,"worker_id":"98329ed7-6831-4a88-84d7-68028c6e582b-23456247935296","trial_id":407,"state":3,"values":null,"datetime_complete":"2026-07-27T11:44:46.174249"}
{"op_code":0,"worker_id":"6e6375d8-5fe0-46e2-85a6-57821906b16a-23456247935296","study_name":"peter_mnist_k3","directions":[2]}
{"op_code":4,"worker_id":"6e6375d8-5fe0-46e2-85a6-57821906b16a-23456247935296","study_id":0,"datetime_start":"2026-07-27T11:44:46.265894"}
{"op_code":5,"worker_id":"6e6375d8-5fe0-46e2-85a6-57821906b16a-23456247935296","trial_id":514,"param_name":"lr","param_value_internal":6.514890770768476e-07,"distribution":"{\"name\": \"FloatDistribution\", \"attributes\": {\"step\": null, \"low\": 1e-08, \"high\": 0.5, \"log\": true}}"}
{"op_code":5,"worker_id":"6e6375d8-5fe0-46e2-85a6-57821906b16a-23456247935296","trial_id":514,"param_name":"ratio","param_value_internal":0.8189267826734707,"distribution":"{\"name\": \"FloatDistribution\", \"attributes\": {\"step\": null, \"low\": 0.1, \"high\": 100.0, \"log\": true}}"}
{"op_code":6,"worker_id":"662ddfb4-1466-472d-9a2e-664698632039-23456247935296","trial_id":484,"state":3,"values":null,"datetime_complete":"2026-07-27T11:45:40.377610"}
{"op_code":0,"worker_id":"9e86848c-9f39-49fd-adfb-5efecc9b2ba8-23456247935296","study_name":"peter_mnist_k3","directions":[2]}
{"op_code":4,"worker_id":"9e86848c-9f39-49fd-adfb-5efecc9b2ba8-23456247935296","study_id":0,"datetime_start":"2026-07-27T11:45:40.514055"}
{"op_code":5,"worker_id":"9e86848c-9f39-49fd-adfb-5efecc9b2ba8-23456247935296","trial_id":515,"param_name":"lr","param_value_internal":0.0012021265042569166,"distribution":"{\"name\": \"FloatDistribution\", \"attributes\": {\"step\": null, \"low\": 1e-08, \"high\": 0.5, \"log\": true}}"}
{"op_code":5,"worker_id":"9e86848c-9f39-49fd-adfb-5efecc9b2ba8-23456247935296","trial_id":515,"param_name":"ratio","param_value_internal":0.10087363244891889,"distribution":"{\"name\": \"FloatDistribution\", \"attributes\": {\"step\": null, \"low\": 0.1, \"high\": 100.0, \"log\": true}}"}
{"op_code":6,"worker_id":"b39d5b45-5d29-4c7e-91db-41daade1cf12-23456247935296","trial_id":479,"state":3,"values":null,"datetime_complete":"2026-07-27T11:45:51.483702"}
{"op_code":0,"worker_id":"d6615631-6f97-407f-b345-3c2367cab304-23456247935296","study_name":"peter_mnist_k3","directions":[2]}
{"op_code":4,"worker_id":"d6615631-6f97-407f-b345-3c2367cab304-23456247935296","study_id":0,"datetime_start":"2026-07-27T11:45:51.562908"}
{"op_code":5,"worker_id":"d6615631-6f97-407f-b345-3c2367cab304-23456247935296","trial_id":516,"param_name":"lr","param_value_internal":0.018599266636206063,"distribution":"{\"name\": \"FloatDistribution\", \"attributes\": {\"step\": null, \"low\": 1e-08, \"high\": 0.5, \"log\": true}}"}
{"op_code":5,"worker_id":"d6615631-6f97-407f-b345-3c2367cab304-23456247935296","trial_id":516,"param_name":"ratio","param_value_internal":12.795135520090223,"distribution":"{\"name\": \"FloatDistribution\", \"attributes\": {\"step\": null, \"low\": 0.1, \"high\": 100.0, \"log\": true}}"}
{"op_code":6,"worker_id":"57c3c908-8150-4c2c-952c-06bbd3bfec19-23456247935296","trial_id":455,"state":3,"values":null,"datetime_complete":"2026-07-27T11:46:15.747560"}
{"op_code":0,"worker_id":"c89e7f04-3d25-454a-8616-ea047d12bf8f-23456247935296","study_name":"peter_mnist_k3","directions":[2]}
{"op_code":4,"worker_id":"c89e7f04-3d25-454a-8616-ea047d12bf8f-23456247935296","study_id":0,"datetime_start":"2026-07-27T11:46:15.823546"}
{"op_code":5,"worker_id":"c89e7f04-3d25-454a-8616-ea047d12bf8f-23456247935296","trial_id":517,"param_name":"lr","param_value_internal":1.1549593971030173e-08,"distribution":"{\"name\": \"FloatDistribution\", \"attributes\": {\"step\": null, \"low\": 1e-08, \"high\": 0.5, \"log\": true}}"}
{"op_code":5,"worker_id":"c89e7f04-3d25-454a-8616-ea047d12bf8f-23456247935296","trial_id":517,"param_name":"ratio","param_value_internal":41.94068251466747,"distribution":"{\"name\": \"FloatDistribution\", \"attributes\": {\"step\": null, \"low\": 0.1, \"high\": 100.0, \"log\": true}}"}
{"op_code":6,"worker_id":"6adfeca2-6878-493e-aefd-354ac9cabccb-23456247935296","trial_id":342,"state":3,"values":null,"datetime_complete":"2026-07-27T11:46:47.062226"}
{"op_code":0,"worker_id":"58e711fd-a4ad-4cb3-bac9-d17f2f5fda26-23456247935296","study_name":"peter_mnist_k3","directions":[2]}
{"op_code":4,"worker_id":"58e711fd-a4ad-4cb3-bac9-d17f2f5fda26-23456247935296","study_id":0,"datetime_start":"2026-07-27T11:46:47.156367"}
{"op_code":5,"worker_id":"58e711fd-a4ad-4cb3-bac9-d17f2f5fda26-23456247935296","trial_id":518,"param_name":"lr","param_value_internal":0.023957134067131746,"distribution":"{\"name\": \"FloatDistribution\", \"attributes\": {\"step\": null, \"low\": 1e-08, \"high\": 0.5, \"log\": true}}"}
{"op_code":5,"worker_id":"58e711fd-a4ad-4cb3-bac9-d17f2f5fda26-23456247935296","trial_id":518,"param_name":"ratio","param_value_internal":0.25987884037542963,"distribution":"{\"name\": \"FloatDistribution\", \"attributes\": {\"step\": null, \"low\": 0.1, \"high\": 100.0, \"log\": true}}"}
{"op_code":6,"worker_id":"ba4a7e0e-220a-4b99-8c23-257d649ea922-23456247935296","trial_id":480,"state":3,"values":null,"datetime_complete":"2026-07-27T11:47:19.515749"}
{"op_code":0,"worker_id":"9239ea93-3773-48e3-9a48-ae80470436f9-23456247935296","study_name":"peter_mnist_k3","directions":[2]}
{"op_code":4,"worker_id":"9239ea93-3773-48e3-9a48-ae80470436f9-23456247935296","study_id":0,"datetime_start":"2026-07-27T11:47:19.682312"}
{"op_code":5,"worker_id":"9239ea93-3773-48e3-9a48-ae80470436f9-23456247935296","trial_id":519,"param_name":"lr","param_value_internal":4.3986557403863695e-05,"distribution":"{\"name\": \"FloatDistribution\", \"attributes\": {\"step\": null, \"low\": 1e-08, \"high\": 0.5, \"log\": true}}"}
{"op_code":5,"worker_id":"9239ea93-3773-48e3-9a48-ae80470436f9-23456247935296","trial_id":519,"param_name":"ratio","param_value_internal":28.451305747843648,"distribution":"{\"name\": \"FloatDistribution\", \"attributes\": {\"step\": null, \"low\": 0.1, \"high\": 100.0, \"log\": true}}"}
{"op_code":6,"worker_id":"bf7c8d98-a546-4d60-9882-02c9c8f76387-23456247935296","trial_id":485,"state":3,"values":null,"datetime_complete":"2026-07-27T11:47:57.677357"}
{"op_code":0,"worker_id":"6c8aa3f7-7936-46bc-8af0-7f8183c53ba3-23456247935296","study_name":"peter_mnist_k3","directions":[2]}
{"op_code":4,"worker_id":"6c8aa3f7-7936-46bc-8af0-7f8183c53ba3-23456247935296","study_id":0,"datetime_start":"2026-07-27T11:47:57.769860"}
{"op_code":5,"worker_id":"6c8aa3f7-7936-46bc-8af0-7f8183c53ba3-23456247935296","trial_id":520,"param_name":"lr","param_value_internal":0.0003129910869571153,"distribution":"{\"name\": \"FloatDistribution\", \"attributes\": {\"step\": null, \"low\": 1e-08, \"high\": 0.5, \"log\": true}}"}
{"op_code":5,"worker_id":"6c8aa3f7-7936-46bc-8af0-7f8183c53ba3-23456247935296","trial_id":520,"param_name":"ratio","param_value_internal":36.809621198384185,"distribution":"{\"name\": \"FloatDistribution\", \"attributes\": {\"step\": null, \"low\": 0.1, \"high\": 100.0, \"log\": true}}"}
{"op_code":6,"worker_id":"f2ff87ee-80a4-496b-8749-49402e07c9c9-23456247935296","trial_id":493,"state":3,"values":null,"datetime_complete":"2026-07-27T11:49:19.130054"}
{"op_code":0,"worker_id":"162f7b1c-5445-4e0d-8b7e-141eafab9ad1-23456247935296","study_name":"peter_mnist_k3","directions":[2]}
{"op_code":4,"worker_id":"162f7b1c-5445-4e0d-8b7e-141eafab9ad1-23456247935296","study_id":0,"datetime_start":"2026-07-27T11:49:19.257034"}
{"op_code":5,"worker_id":"162f7b1c-5445-4e0d-8b7e-141eafab9ad1-23456247935296","trial_id":521,"param_name":"lr","param_value_internal":0.0005764951305968194,"distribution":"{\"name\": \"FloatDistribution\", \"attributes\": {\"step\": null, \"low\": 1e-08, \"high\": 0.5, \"log\": true}}"}
{"op_code":5,"worker_id":"162f7b1c-5445-4e0d-8b7e-141eafab9ad1-23456247935296","trial_id":521,"param_name":"ratio","param_value_internal":0.27646911445810934,"distribution":"{\"name\": \"FloatDistribution\", \"attributes\": {\"step\": null, \"low\": 0.1, \"high\": 100.0, \"log\": true}}"}
{"op_code":6,"worker_id":"466b1d5c-db63-4d0f-80d7-b402faa7e0ff-23456247935296","trial_id":483,"state":3,"values":null,"datetime_complete":"2026-07-27T11:50:41.609990"}
{"op_code":0,"worker_id":"150bf3b6-ea42-477d-b4c8-7c3577a4e328-23456247935296","study_name":"peter_mnist_k3","directions":[2]}
{"op_code":4,"worker_id":"150bf3b6-ea42-477d-b4c8-7c3577a4e328-23456247935296","study_id":0,"datetime_start":"2026-07-27T11:50:42.420042"}
{"op_code":5,"worker_id":"150bf3b6-ea42-477d-b4c8-7c3577a4e328-23456247935296","trial_id":522,"param_name":"lr","param_value_internal":1.3442502481687734e-08,"distribution":"{\"name\": \"FloatDistribution\", \"attributes\": {\"step\": null, \"low\": 1e-08, \"high\": 0.5, \"log\": true}}"}
{"op_code":5,"worker_id":"150bf3b6-ea42-477d-b4c8-7c3577a4e328-23456247935296","trial_id":522,"param_name":"ratio","param_value_internal":5.639445771172036,"distribution":"{\"name\": \"FloatDistribution\", \"attributes\": {\"step\": null, \"low\": 0.1, \"high\": 100.0, \"log\": true}}"}
{"op_code":6,"worker_id":"17886405-6d1d-4083-9704-bb9d8cf99f4c-23456247935296","trial_id":437,"state":3,"values":null,"datetime_complete":"2026-07-27T11:50:50.094166"}
{"op_code":0,"worker_id":"567074e7-74e6-4ca8-b51b-a84844c61255-23456247935296","study_name":"peter_mnist_k3","directions":[2]}
{"op_code":4,"worker_id":"567074e7-74e6-4ca8-b51b-a84844c61255-23456247935296","study_id":0,"datetime_start":"2026-07-27T11:50:50.231486"}
{"op_code":5,"worker_id":"567074e7-74e6-4ca8-b51b-a84844c61255-23456247935296","trial_id":523,"param_name":"lr","param_value_internal":0.001754271011929601,"distribution":"{\"name\": \"FloatDistribution\", \"attributes\": {\"step\": null, \"low\": 1e-08, \"high\": 0.5, \"log\": true}}"}
{"op_code":5,"worker_id":"567074e7-74e6-4ca8-b51b-a84844c61255-23456247935296","trial_id":523,"param_name":"ratio","param_value_internal":0.1442620592362741,"distribution":"{\"name\": \"FloatDistribution\", \"attributes\": {\"step\": null, \"low\": 0.1, \"high\": 100.0, \"log\": true}}"}
{"op_code":6,"worker_id":"cb5a5e5d-eabf-473f-8e31-56a08bd44b5d-23456247935296","trial_id":488,"state":3,"values":null,"datetime_complete":"2026-07-27T11:51:05.276894"}
{"op_code":0,"worker_id":"363c09c9-786a-46fe-8ba8-bd537630ee6c-23456247935296","study_name":"peter_mnist_k3","directions":[2]}
{"op_code":4,"worker_id":"363c09c9-786a-46fe-8ba8-bd537630ee6c-23456247935296","study_id":0,"datetime_start":"2026-07-27T11:51:05.372919"}
{"op_code":5,"worker_id":"363c09c9-786a-46fe-8ba8-bd537630ee6c-23456247935296","trial_id":524,"param_name":"lr","param_value_internal":0.34080236439447364,"distribution":"{\"name\": \"FloatDistribution\", \"attributes\": {\"step\": null, \"low\": 1e-08, \"high\": 0.5, \"log\": true}}"}
{"op_code":5,"worker_id":"363c09c9-786a-46fe-8ba8-bd537630ee6c-23456247935296","trial_id":524,"param_name":"ratio","param_value_internal":1.2521655249941306,"distribution":"{\"name\": \"FloatDistribution\", \"attributes\": {\"step\": null, \"low\": 0.1, \"high\": 100.0, \"log\": true}}"}
{"op_code":6,"worker_id":"d92aeda4-3f47-46c1-a5f3-17517b5302ea-23456247935296","trial_id":487,"state":3,"values":null,"datetime_complete":"2026-07-27T11:51:23.663316"}
{"op_code":0,"worker_id":"377a6f1a-f2be-4ae0-bfab-ba7153c1a802-23456247935296","study_name":"peter_mnist_k3","directions":[2]}
{"op_code":4,"worker_id":"377a6f1a-f2be-4ae0-bfab-ba7153c1a802-23456247935296","study_id":0,"datetime_start":"2026-07-27T11:51:23.763345"}
{"op_code":5,"worker_id":"377a6f1a-f2be-4ae0-bfab-ba7153c1a802-23456247935296","trial_id":525,"param_name":"lr","param_value_internal":0.012763602026237011,"distribution":"{\"name\": \"FloatDistribution\", \"attributes\": {\"step\": null, \"low\": 1e-08, \"high\": 0.5, \"log\": true}}"}
{"op_code":5,"worker_id":"377a6f1a-f2be-4ae0-bfab-ba7153c1a802-23456247935296","trial_id":525,"param_name":"ratio","param_value_internal":1.9702945097063504,"distribution":"{\"name\": \"FloatDistribution\", \"attributes\": {\"step\": null, \"low\": 0.1, \"high\": 100.0, \"log\": true}}"}
{"op_code":6,"worker_id":"3f447271-b4a6-4bd3-9467-6a0a3d41c9b2-23456247935296","trial_id":496,"state":3,"values":null,"datetime_complete":"2026-07-27T11:52:05.887052"}
{"op_code":0,"worker_id":"fb5bf62f-6c14-4797-af38-42958c6ff4ec-23456247935296","study_name":"peter_mnist_k3","directions":[2]}
{"op_code":4,"worker_id":"fb5bf62f-6c14-4797-af38-42958c6ff4ec-23456247935296","study_id":0,"datetime_start":"2026-07-27T11:52:05.931070"}
{"op_code":5,"worker_id":"fb5bf62f-6c14-4797-af38-42958c6ff4ec-23456247935296","trial_id":526,"param_name":"lr","param_value_internal":4.740038155027855e-06,"distribution":"{\"name\": \"FloatDistribution\", \"attributes\": {\"step\": null, \"low\": 1e-08, \"high\": 0.5, \"log\": true}}"}
{"op_code":5,"worker_id":"fb5bf62f-6c14-4797-af38-42958c6ff4ec-23456247935296","trial_id":526,"param_name":"ratio","param_value_internal":63.39889558352388,"distribution":"{\"name\": \"FloatDistribution\", \"attributes\": {\"step\": null, \"low\": 0.1, \"high\": 100.0, \"log\": true}}"}
{"op_code":6,"worker_id":"9fbf6aaf-099d-4b42-b09b-2dc2d1b9b137-23456247935296","trial_id":486,"state":3,"values":null,"datetime_complete":"2026-07-27T11:52:09.099040"}
{"op_code":0,"worker_id":"7a23eddc-2981-4b74-a053-66db2c9b2bab-23456247935296","study_name":"peter_mnist_k3","directions":[2]}
{"op_code":4,"worker_id":"7a23eddc-2981-4b74-a053-66db2c9b2bab-23456247935296","study_id":0,"datetime_start":"2026-07-27T11:52:09.178469"}
{"op_code":5,"worker_id":"7a23eddc-2981-4b74-a053-66db2c9b2bab-23456247935296","trial_id":527,"param_name":"lr","param_value_internal":1.1795624697207593e-08,"distribution":"{\"name\": \"FloatDistribution\", \"attributes\": {\"step\": null, \"low\": 1e-08, \"high\": 0.5, \"log\": true}}"}
{"op_code":5,"worker_id":"7a23eddc-2981-4b74-a053-66db2c9b2bab-23456247935296","trial_id":527,"param_name":"ratio","param_value_internal":48.852240102378815,"distribution":"{\"name\": \"FloatDistribution\", \"attributes\": {\"step\": null, \"low\": 0.1, \"high\": 100.0, \"log\": true}}"}
{"op_code":6,"worker_id":"2368ec17-70e0-4dc7-a528-0eac89fa5e84-23456247935296","trial_id":334,"state":1,"values":[-3454.8100221363375],"datetime_complete":"2026-07-27T11:52:31.922570"}
{"op_code":0,"worker_id":"1b576c93-ae31-4ddd-8b4e-87c2d8b3c7e1-23456247935296","study_name":"peter_mnist_k3","directions":[2]}
{"op_code":4,"worker_id":"1b576c93-ae31-4ddd-8b4e-87c2d8b3c7e1-23456247935296","study_id":0,"datetime_start":"2026-07-27T11:52:32.019259"}
{"op_code":5,"worker_id":"1b576c93-ae31-4ddd-8b4e-87c2d8b3c7e1-23456247935296","trial_id":528,"param_name":"lr","param_value_internal":1.2873504294788925e-07,"distribution":"{\"name\": \"FloatDistribution\", \"attributes\": {\"step\": null, \"low\": 1e-08, \"high\": 0.5, \"log\": true}}"}
{"op_code":5,"worker_id":"1b576c93-ae31-4ddd-8b4e-87c2d8b3c7e1-23456247935296","trial_id":528,"param_name":"ratio","param_value_internal":10.05476934594555,"distribution":"{\"name\": \"FloatDistribution\", \"attributes\": {\"step\": null, \"low\": 0.1, \"high\": 100.0, \"log\": true}}"}
{"op_code":6,"worker_id":"2390e73d-a10f-46c0-9244-26c0085b867a-23456247935296","trial_id":498,"state":3,"values":null,"datetime_complete":"2026-07-27T11:52:35.562448"}
{"op_code":0,"worker_id":"112e6001-04cd-4fd9-a544-ddbcf79cdfcd-23456247935296","study_name":"peter_mnist_k3","directions":[2]}
{"op_code":4,"worker_id":"112e6001-04cd-4fd9-a544-ddbcf79cdfcd-23456247935296","study_id":0,"datetime_start":"2026-07-27T11:52:35.651613"}
{"op_code":5,"worker_id":"112e6001-04cd-4fd9-a544-ddbcf79cdfcd-23456247935296","trial_id":529,"param_name":"lr","param_value_internal":0.00012694987992582777,"distribution":"{\"name\": \"FloatDistribution\", \"attributes\": {\"step\": null, \"low\": 1e-08, \"high\": 0.5, \"log\": true}}"}
{"op_code":5,"worker_id":"112e6001-04cd-4fd9-a544-ddbcf79cdfcd-23456247935296","trial_id":529,"param_name":"ratio","param_value_internal":2.9334995828122694,"distribution":"{\"name\": \"FloatDistribution\", \"attributes\": {\"step\": null, \"low\": 0.1, \"high\": 100.0, \"log\": true}}"}
{"op_code":6,"worker_id":"c2935a21-1925-4328-a018-76ca6176c948-23456247935296","trial_id":263,"state":1,"values":[-3589.625578185027],"datetime_complete":"2026-07-27T11:53:41.130255"}
{"op_code":0,"worker_id":"1da381f7-f515-46da-905c-6e829364a37d-23456247935296","study_name":"peter_mnist_k3","directions":[2]}
{"op_code":4,"worker_id":"1da381f7-f515-46da-905c-6e829364a37d-23456247935296","study_id":0,"datetime_start":"2026-07-27T11:53:41.265792"}
{"op_code":5,"worker_id":"1da381f7-f515-46da-905c-6e829364a37d-23456247935296","trial_id":530,"param_name":"lr","param_value_internal":0.005078295844445302,"distribution":"{\"name\": \"FloatDistribution\", \"attributes\": {\"step\": null, \"low\": 1e-08, \"high\": 0.5, \"log\": true}}"}
{"op_code":5,"worker_id":"1da381f7-f515-46da-905c-6e829364a37d-23456247935296","trial_id":530,"param_name":"ratio","param_value_internal":87.41956016325014,"distribution":"{\"name\": \"FloatDistribution\", \"attributes\": {\"step\": null, \"low\": 0.1, \"high\": 100.0, \"log\": true}}"}
{"op_code":6,"worker_id":"0a195391-ea9c-4411-a4d6-8bb1bb76ac64-23456247935296","trial_id":337,"state":1,"values":[-3583.2434341057137],"datetime_complete":"2026-07-27T11:53:46.855791"}
{"op_code":0,"worker_id":"ee6d4447-3632-4d16-b461-ed41f73c2f55-23456247935296","study_name":"peter_mnist_k3","directions":[2]}
{"op_code":4,"worker_id":"ee6d4447-3632-4d16-b461-ed41f73c2f55-23456247935296","study_id":0,"datetime_start":"2026-07-27T11:53:46.974358"}
{"op_code":5,"worker_id":"ee6d4447-3632-4d16-b461-ed41f73c2f55-23456247935296","trial_id":531,"param_name":"lr","param_value_internal":2.8257590982615185e-07,"distribution":"{\"name\": \"FloatDistribution\", \"attributes\": {\"step\": null, \"low\": 1e-08, \"high\": 0.5, \"log\": true}}"}
{"op_code":5,"worker_id":"ee6d4447-3632-4d16-b461-ed41f73c2f55-23456247935296","trial_id":531,"param_name":"ratio","param_value_internal":0.3849054167898796,"distribution":"{\"name\": \"FloatDistribution\", \"attributes\": {\"step\": null, \"low\": 0.1, \"high\": 100.0, \"log\": true}}"}
{"op_code":6,"worker_id":"d00d7602-24f6-4359-838f-ddd41d503d04-23456247935296","trial_id":345,"state":1,"values":[-3502.832512448324],"datetime_complete":"2026-07-27T11:54:18.595941"}
{"op_code":0,"worker_id":"ae71e8f4-2dee-4184-965d-f0d680827b27-23456247935296","study_name":"peter_mnist_k3","directions":[2]}
{"op_code":4,"worker_id":"ae71e8f4-2dee-4184-965d-f0d680827b27-23456247935296","study_id":0,"datetime_start":"2026-07-27T11:54:18.723428"}
{"op_code":5,"worker_id":"ae71e8f4-2dee-4184-965d-f0d680827b27-23456247935296","trial_id":532,"param_name":"lr","param_value_internal":0.14897537196929475,"distribution":"{\"name\": \"FloatDistribution\", \"attributes\": {\"step\": null, \"low\": 1e-08, \"high\": 0.5, \"log\": true}}"}
{"op_code":5,"worker_id":"ae71e8f4-2dee-4184-965d-f0d680827b27-23456247935296","trial_id":532,"param_name":"ratio","param_value_internal":0.15007534588028035,"distribution":"{\"name\": \"FloatDistribution\", \"attributes\": {\"step\": null, \"low\": 0.1, \"high\": 100.0, \"log\": true}}"}
{"op_code":6,"worker_id":"924312eb-cb01-4964-b3c0-54b60236214e-23456247935296","trial_id":343,"state":1,"values":[-3487.5955022512303],"datetime_complete":"2026-07-27T11:54:20.060648"}
{"op_code":0,"worker_id":"185800fa-03f3-463a-84e0-7f4e88e609eb-23456247935296","study_name":"peter_mnist_k3","directions":[2]}
{"op_code":4,"worker_id":"185800fa-03f3-463a-84e0-7f4e88e609eb-23456247935296","study_id":0,"datetime_start":"2026-07-27T11:54:20.122128"}
{"op_code":5,"worker_id":"185800fa-03f3-463a-84e0-7f4e88e609eb-23456247935296","trial_id":533,"param_name":"lr","param_value_internal":1.188440295960661e-08,"distribution":"{\"name\": \"FloatDistribution\", \"attributes\": {\"step\": null, \"low\": 1e-08, \"high\": 0.5, \"log\": true}}"}
{"op_code":5,"worker_id":"185800fa-03f3-463a-84e0-7f4e88e609eb-23456247935296","trial_id":533,"param_name":"ratio","param_value_internal":72.77036805091119,"distribution":"{\"name\": \"FloatDistribution\", \"attributes\": {\"step\": null, \"low\": 0.1, \"high\": 100.0, \"log\": true}}"}
{"op_code":6,"worker_id":"2be6a859-46f5-42f0-a3cd-a0a39d19f010-23456247935296","trial_id":287,"state":1,"values":[-3585.4955349629204],"datetime_complete":"2026-07-27T11:54:38.573192"}
{"op_code":0,"worker_id":"224d42f3-d379-4fd3-924a-53ddc0d68ba4-23456247935296","study_name":"peter_mnist_k3","directions":[2]}
{"op_code":4,"worker_id":"224d42f3-d379-4fd3-924a-53ddc0d68ba4-23456247935296","study_id":0,"datetime_start":"2026-07-27T11:54:38.661248"}
{"op_code":5,"worker_id":"224d42f3-d379-4fd3-924a-53ddc0d68ba4-23456247935296","trial_id":534,"param_name":"lr","param_value_internal":1.7740153805798673e-08,"distribution":"{\"name\": \"FloatDistribution\", \"attributes\": {\"step\": null, \"low\": 1e-08, \"high\": 0.5, \"log\": true}}"}
{"op_code":5,"worker_id":"224d42f3-d379-4fd3-924a-53ddc0d68ba4-23456247935296","trial_id":534,"param_name":"ratio","param_value_internal":3.697738936569352,"distribution":"{\"name\": \"FloatDistribution\", \"attributes\": {\"step\": null, \"low\": 0.1, \"high\": 100.0, \"log\": true}}"}
{"op_code":6,"worker_id":"a0199272-d43e-4645-b682-0e6b61718e25-23456247935296","trial_id":302,"state":1,"values":[-3529.707646752943],"datetime_complete":"2026-07-27T11:54:50.256584"}
{"op_code":0,"worker_id":"2ff2b06f-a7da-4421-b264-ec0bf8eef098-23456247935296","study_name":"peter_mnist_k3","directions":[2]}
{"op_code":4,"worker_id":"2ff2b06f-a7da-4421-b264-ec0bf8eef098-23456247935296","study_id":0,"datetime_start":"2026-07-27T11:54:50.400262"}
{"op_code":5,"worker_id":"2ff2b06f-a7da-4421-b264-ec0bf8eef098-23456247935296","trial_id":535,"param_name":"lr","param_value_internal":0.08245545493558316,"distribution":"{\"name\": \"FloatDistribution\", \"attributes\": {\"step\": null, \"low\": 1e-08, \"high\": 0.5, \"log\": true}}"}
{"op_code":5,"worker_id":"2ff2b06f-a7da-4421-b264-ec0bf8eef098-23456247935296","trial_id":535,"param_name":"ratio","param_value_internal":33.24992551754738,"distribution":"{\"name\": \"FloatDistribution\", \"attributes\": {\"step\": null, \"low\": 0.1, \"high\": 100.0, \"log\": true}}"}
{"op_code":6,"worker_id":"a87f053a-5da8-4f4c-8000-f0a3b9a961b8-23456247935296","trial_id":497,"state":3,"values":null,"datetime_complete":"2026-07-27T11:56:12.623535"}
{"op_code":0,"worker_id":"76a21454-d278-4456-80aa-17b3a22d9b46-23456247935296","study_name":"peter_mnist_k3","directions":[2]}
{"op_code":4,"worker_id":"76a21454-d278-4456-80aa-17b3a22d9b46-23456247935296","study_id":0,"datetime_start":"2026-07-27T11:56:12.727394"}
{"op_code":5,"worker_id":"76a21454-d278-4456-80aa-17b3a22d9b46-23456247935296","trial_id":536,"param_name":"lr","param_value_internal":0.035365123532147366,"distribution":"{\"name\": \"FloatDistribution\", \"attributes\": {\"step\": null, \"low\": 1e-08, \"high\": 0.5, \"log\": true}}"}
{"op_code":5,"worker_id":"76a21454-d278-4456-80aa-17b3a22d9b46-23456247935296","trial_id":536,"param_name":"ratio","param_value_internal":7.238531772767032,"distribution":"{\"name\": \"FloatDistribution\", \"attributes\": {\"step\": null, \"low\": 0.1, \"high\": 100.0, \"log\": true}}"}
{"op_code":6,"worker_id":"a8362720-8aa0-4e96-94c2-867bd9f05349-23456247935296","trial_id":482,"state":3,"values":null,"datetime_complete":"2026-07-27T11:56:18.604751"}
{"op_code":0,"worker_id":"b3f4649c-ffd6-46d7-aa30-02cef5613d99-23456247935296","study_name":"peter_mnist_k3","directions":[2]}
{"op_code":4,"worker_id":"b3f4649c-ffd6-46d7-aa30-02cef5613d99-23456247935296","study_id":0,"datetime_start":"2026-07-27T11:56:18.896899"}
{"op_code":5,"worker_id":"b3f4649c-ffd6-46d7-aa30-02cef5613d99-23456247935296","trial_id":537,"param_name":"lr","param_value_internal":0.0023479404870002584,"distribution":"{\"name\": \"FloatDistribution\", \"attributes\": {\"step\": null, \"low\": 1e-08, \"high\": 0.5, \"log\": true}}"}
{"op_code":5,"worker_id":"b3f4649c-ffd6-46d7-aa30-02cef5613d99-23456247935296","trial_id":537,"param_name":"ratio","param_value_internal":14.49919484162791,"distribution":"{\"name\": \"FloatDistribution\", \"attributes\": {\"step\": null, \"low\": 0.1, \"high\": 100.0, \"log\": true}}"}
{"op_code":6,"worker_id":"4aae3566-482e-4196-9b38-eb330732d0c0-23456247935296","trial_id":502,"state":3,"values":null,"datetime_complete":"2026-07-27T11:57:11.304586"}
{"op_code":0,"worker_id":"de99aa6e-7bb8-44c4-83ec-686b04060820-23456247935296","study_name":"peter_mnist_k3","directions":[2]}
{"op_code":4,"worker_id":"de99aa6e-7bb8-44c4-83ec-686b04060820-23456247935296","study_id":0,"datetime_start":"2026-07-27T11:57:11.419270"}
{"op_code":5,"worker_id":"de99aa6e-7bb8-44c4-83ec-686b04060820-23456247935296","trial_id":538,"param_name":"lr","param_value_internal":0.34317504590751846,"distribution":"{\"name\": \"FloatDistribution\", \"attributes\": {\"step\": null, \"low\": 1e-08, \"high\": 0.5, \"log\": true}}"}
{"op_code":5,"worker_id":"de99aa6e-7bb8-44c4-83ec-686b04060820-23456247935296","trial_id":538,"param_name":"ratio","param_value_internal":0.44623593090103647,"distribution":"{\"name\": \"FloatDistribution\", \"attributes\": {\"step\": null, \"low\": 0.1, \"high\": 100.0, \"log\": true}}"}
{"op_code":6,"worker_id":"8545d000-5f36-4a51-bfa3-8409a4a531bc-23456247935296","trial_id":499,"state":3,"values":null,"datetime_complete":"2026-07-27T11:57:15.990977"}
{"op_code":0,"worker_id":"b3710781-c970-4229-8067-c8f27346996b-23456247935296","study_name":"peter_mnist_k3","directions":[2]}
{"op_code":4,"worker_id":"b3710781-c970-4229-8067-c8f27346996b-23456247935296","study_id":0,"datetime_start":"2026-07-27T11:57:16.131428"}
{"op_code":5,"worker_id":"b3710781-c970-4229-8067-c8f27346996b-23456247935296","trial_id":539,"param_name":"lr","param_value_internal":0.34804871410113847,"distribution":"{\"name\": \"FloatDistribution\", \"attributes\": {\"step\": null, \"low\": 1e-08, \"high\": 0.5, \"log\": true}}"}
{"op_code":5,"worker_id":"b3710781-c970-4229-8067-c8f27346996b-23456247935296","trial_id":539,"param_name":"ratio","param_value_internal":30.233604611924093,"distribution":"{\"name\": \"FloatDistribution\", \"attributes\": {\"step\": null, \"low\": 0.1, \"high\": 100.0, \"log\": true}}"}
{"op_code":6,"worker_id":"2e43949b-8179-48d8-9ff9-d82bf40925da-23456247935296","trial_id":391,"state":3,"values":null,"datetime_complete":"2026-07-27T11:57:26.919984"}
{"op_code":0,"worker_id":"88a548db-a760-4d13-9a1e-4349bdd39dab-23456247935296","study_name":"peter_mnist_k3","directions":[2]}
{"op_code":4,"worker_id":"88a548db-a760-4d13-9a1e-4349bdd39dab-23456247935296","study_id":0,"datetime_start":"2026-07-27T11:57:27.051262"}
{"op_code":5,"worker_id":"88a548db-a760-4d13-9a1e-4349bdd39dab-23456247935296","trial_id":540,"param_name":"lr","param_value_internal":0.0020526372209514203,"distribution":"{\"name\": \"FloatDistribution\", \"attributes\": {\"step\": null, \"low\": 1e-08, \"high\": 0.5, \"log\": true}}"}
{"op_code":5,"worker_id":"88a548db-a760-4d13-9a1e-4349bdd39dab-23456247935296","trial_id":540,"param_name":"ratio","param_value_internal":59.11437336548625,"distribution":"{\"name\": \"FloatDistribution\", \"attributes\": {\"step\": null, \"low\": 0.1, \"high\": 100.0, \"log\": true}}"}
{"op_code":6,"worker_id":"1759bc49-ed12-4777-91a1-27cf63a9121a-23456247935296","trial_id":489,"state":3,"values":null,"datetime_complete":"2026-07-27T11:57:34.052354"}
{"op_code":0,"worker_id":"66501aea-297e-494e-a379-5ea510436546-23456247935296","study_name":"peter_mnist_k3","directions":[2]}
{"op_code":4,"worker_id":"66501aea-297e-494e-a379-5ea510436546-23456247935296","study_id":0,"datetime_start":"2026-07-27T11:57:34.131655"}
{"op_code":5,"worker_id":"66501aea-297e-494e-a379-5ea510436546-23456247935296","trial_id":541,"param_name":"lr","param_value_internal":0.0010569298778718725,"distribution":"{\"name\": \"FloatDistribution\", \"attributes\": {\"step\": null, \"low\": 1e-08, \"high\": 0.5, \"log\": true}}"}
{"op_code":5,"worker_id":"66501aea-297e-494e-a379-5ea510436546-23456247935296","trial_id":541,"param_name":"ratio","param_value_internal":1.3912659948393955,"distribution":"{\"name\": \"FloatDistribution\", \"attributes\": {\"step\": null, \"low\": 0.1, \"high\": 100.0, \"log\": true}}"}
{"op_code":6,"worker_id":"b9f7305e-ccac-4ca5-b080-c6843ed8be64-23456247935296","trial_id":501,"state":3,"values":null,"datetime_complete":"2026-07-27T11:58:44.972323"}
{"op_code":0,"worker_id":"e2038a75-9838-4cad-9753-84ada6790ae1-23456247935296","study_name":"peter_mnist_k3","directions":[2]}
{"op_code":4,"worker_id":"e2038a75-9838-4cad-9753-84ada6790ae1-23456247935296","study_id":0,"datetime_start":"2026-07-27T11:58:45.135663"}
{"op_code":5,"worker_id":"e2038a75-9838-4cad-9753-84ada6790ae1-23456247935296","trial_id":542,"param_name":"lr","param_value_internal":1.2139890134461676e-05,"distribution":"{\"name\": \"FloatDistribution\", \"attributes\": {\"step\": null, \"low\": 1e-08, \"high\": 0.5, \"log\": true}}"}
{"op_code":5,"worker_id":"e2038a75-9838-4cad-9753-84ada6790ae1-23456247935296","trial_id":542,"param_name":"ratio","param_value_internal":28.44710339670604,"distribution":"{\"name\": \"FloatDistribution\", \"attributes\": {\"step\": null, \"low\": 0.1, \"high\": 100.0, \"log\": true}}"}
{"op_code":6,"worker_id":"812e119c-ae0b-4b71-b751-b6677e228e68-23456247935296","trial_id":298,"state":1,"values":[-3564.6950068668298],"datetime_complete":"2026-07-27T12:00:10.343042"}
{"op_code":0,"worker_id":"6f8e3edf-acaa-4b6f-96b3-7645e18ccc8f-23456247935296","study_name":"peter_mnist_k3","directions":[2]}
{"op_code":4,"worker_id":"6f8e3edf-acaa-4b6f-96b3-7645e18ccc8f-23456247935296","study_id":0,"datetime_start":"2026-07-27T12:00:10.497585"}
{"op_code":5,"worker_id":"6f8e3edf-acaa-4b6f-96b3-7645e18ccc8f-23456247935296","trial_id":543,"param_name":"lr","param_value_internal":9.186923121090299e-08,"distribution":"{\"name\": \"FloatDistribution\", \"attributes\": {\"step\": null, \"low\": 1e-08, \"high\": 0.5, \"log\": true}}"}
{"op_code":5,"worker_id":"6f8e3edf-acaa-4b6f-96b3-7645e18ccc8f-23456247935296","trial_id":543,"param_name":"ratio","param_value_internal":0.8155584405729667,"distribution":"{\"name\": \"FloatDistribution\", \"attributes\": {\"step\": null, \"low\": 0.1, \"high\": 100.0, \"log\": true}}"}
{"op_code":6,"worker_id":"303c14f0-01eb-4d98-8d60-2d8735c85b63-23456247935296","trial_id":509,"state":3,"values":null,"datetime_complete":"2026-07-27T12:00:26.264711"}
{"op_code":0,"worker_id":"2262971e-7b74-4cb7-b4d8-b8ffda5390f3-23456247935296","study_name":"peter_mnist_k3","directions":[2]}
{"op_code":4,"worker_id":"2262971e-7b74-4cb7-b4d8-b8ffda5390f3-23456247935296","study_id":0,"datetime_start":"2026-07-27T12:00:26.411249"}
{"op_code":5,"worker_id":"2262971e-7b74-4cb7-b4d8-b8ffda5390f3-23456247935296","trial_id":544,"param_name":"lr","param_value_internal":6.050647237480169e-07,"distribution":"{\"name\": \"FloatDistribution\", \"attributes\": {\"step\": null, \"low\": 1e-08, \"high\": 0.5, \"log\": true}}"}
{"op_code":5,"worker_id":"2262971e-7b74-4cb7-b4d8-b8ffda5390f3-23456247935296","trial_id":544,"param_name":"ratio","param_value_internal":64.8652288336205,"distribution":"{\"name\": \"FloatDistribution\", \"attributes\": {\"step\": null, \"low\": 0.1, \"high\": 100.0, \"log\": true}}"}
{"op_code":6,"worker_id":"1a4caed2-399a-4a88-8e59-061377efaa6b-23456247935296","trial_id":278,"state":3,"values":null,"datetime_complete":"2026-07-27T12:00:34.008993"}
{"op_code":0,"worker_id":"2bfe8551-79b1-41a2-91c5-41ed45c82839-23456247935296","study_name":"peter_mnist_k3","directions":[2]}
{"op_code":4,"worker_id":"2bfe8551-79b1-41a2-91c5-41ed45c82839-23456247935296","study_id":0,"datetime_start":"2026-07-27T12:00:34.734076"}
{"op_code":5,"worker_id":"2bfe8551-79b1-41a2-91c5-41ed45c82839-23456247935296","trial_id":545,"param_name":"lr","param_value_internal":0.0896789613686062,"distribution":"{\"name\": \"FloatDistribution\", \"attributes\": {\"step\": null, \"low\": 1e-08, \"high\": 0.5, \"log\": true}}"}
{"op_code":5,"worker_id":"2bfe8551-79b1-41a2-91c5-41ed45c82839-23456247935296","trial_id":545,"param_name":"ratio","param_value_internal":0.5819999950816852,"distribution":"{\"name\": \"FloatDistribution\", \"attributes\": {\"step\": null, \"low\": 0.1, \"high\": 100.0, \"log\": true}}"}
{"op_code":6,"worker_id":"93ad3be8-71d5-475c-b129-d32f899984f3-23456247935296","trial_id":349,"state":3,"values":null,"datetime_complete":"2026-07-27T12:01:52.374825"}
{"op_code":0,"worker_id":"b2eb79d3-1804-4a66-8a63-3d4cdfa9f9d7-23456247935296","study_name":"peter_mnist_k3","directions":[2]}
{"op_code":4,"worker_id":"b2eb79d3-1804-4a66-8a63-3d4cdfa9f9d7-23456247935296","study_id":0,"datetime_start":"2026-07-27T12:01:52.453592"}
{"op_code":5,"worker_id":"b2eb79d3-1804-4a66-8a63-3d4cdfa9f9d7-23456247935296","trial_id":546,"param_name":"lr","param_value_internal":5.112186826371229e-05,"distribution":"{\"name\": \"FloatDistribution\", \"attributes\": {\"step\": null, \"low\": 1e-08, \"high\": 0.5, \"log\": true}}"}
{"op_code":5,"worker_id":"b2eb79d3-1804-4a66-8a63-3d4cdfa9f9d7-23456247935296","trial_id":546,"param_name":"ratio","param_value_internal":66.33269300484443,"distribution":"{\"name\": \"FloatDistribution\", \"attributes\": {\"step\": null, \"low\": 0.1, \"high\": 100.0, \"log\": true}}"}
{"op_code":6,"worker_id":"fa45e0fd-0c41-4090-9a0c-3db33d6394fe-23456247935296","trial_id":507,"state":3,"values":null,"datetime_complete":"2026-07-27T12:02:17.338315"}
{"op_code":0,"worker_id":"e5019100-d944-4a99-87b4-7bccacb04820-23456247935296","study_name":"peter_mnist_k3","directions":[2]}
{"op_code":4,"worker_id":"e5019100-d944-4a99-87b4-7bccacb04820-23456247935296","study_id":0,"datetime_start":"2026-07-27T12:02:17.435460"}
{"op_code":5,"worker_id":"e5019100-d944-4a99-87b4-7bccacb04820-23456247935296","trial_id":547,"param_name":"lr","param_value_internal":0.00609754862367591,"distribution":"{\"name\": \"FloatDistribution\", \"attributes\": {\"step\": null, \"low\": 1e-08, \"high\": 0.5, \"log\": true}}"}
{"op_code":5,"worker_id":"e5019100-d944-4a99-87b4-7bccacb04820-23456247935296","trial_id":547,"param_name":"ratio","param_value_internal":0.1250086966923535,"distribution":"{\"name\": \"FloatDistribution\", \"attributes\": {\"step\": null, \"low\": 0.1, \"high\": 100.0, \"log\": true}}"}
{"op_code":6,"worker_id":"d9ad89c4-aa8c-434b-8c97-95768b57cbca-23456247935296","trial_id":276,"state":1,"values":[-3565.847719612999],"datetime_complete":"2026-07-27T12:02:29.546415"}
{"op_code":0,"worker_id":"1f844f72-17e9-4650-bdb5-3c361cdb01f2-23456247935296","study_name":"peter_mnist_k3","directions":[2]}
{"op_code":4,"worker_id":"1f844f72-17e9-4650-bdb5-3c361cdb01f2-23456247935296","study_id":0,"datetime_start":"2026-07-27T12:02:29.641643"}
{"op_code":5,"worker_id":"1f844f72-17e9-4650-bdb5-3c361cdb01f2-23456247935296","trial_id":548,"param_name":"lr","param_value_internal":4.603552495854781e-06,"distribution":"{\"name\": \"FloatDistribution\", \"attributes\": {\"step\": null, \"low\": 1e-08, \"high\": 0.5, \"log\": true}}"}
{"op_code":5,"worker_id":"1f844f72-17e9-4650-bdb5-3c361cdb01f2-23456247935296","trial_id":548,"param_name":"ratio","param_value_internal":6.295175379213491,"distribution":"{\"name\": \"FloatDistribution\", \"attributes\": {\"step\": null, \"low\": 0.1, \"high\": 100.0, \"log\": true}}"}
{"op_code":6,"worker_id":"9e86848c-9f39-49fd-adfb-5efecc9b2ba8-23456247935296","trial_id":515,"state":3,"values":null,"datetime_complete":"2026-07-27T12:03:02.184943"}
{"op_code":0,"worker_id":"2d956fc6-2ce6-41d8-8d4b-b067548b86bc-23456247935296","study_name":"peter_mnist_k3","directions":[2]}
{"op_code":4,"worker_id":"2d956fc6-2ce6-41d8-8d4b-b067548b86bc-23456247935296","study_id":0,"datetime_start":"2026-07-27T12:03:02.270211"}
{"op_code":5,"worker_id":"2d956fc6-2ce6-41d8-8d4b-b067548b86bc-23456247935296","trial_id":549,"param_name":"lr","param_value_internal":9.765638882375626e-05,"distribution":"{\"name\": \"FloatDistribution\", \"attributes\": {\"step\": null, \"low\": 1e-08, \"high\": 0.5, \"log\": true}}"}
{"op_code":5,"worker_id":"2d956fc6-2ce6-41d8-8d4b-b067548b86bc-23456247935296","trial_id":549,"param_name":"ratio","param_value_internal":20.95083739950925,"distribution":"{\"name\": \"FloatDistribution\", \"attributes\": {\"step\": null, \"low\": 0.1, \"high\": 100.0, \"log\": true}}"}
{"op_code":6,"worker_id":"c0e59d31-7ab3-484a-931a-1c8e10a69ab8-23456247935296","trial_id":506,"state":3,"values":null,"datetime_complete":"2026-07-27T12:03:32.768450"}
{"op_code":0,"worker_id":"83dacf61-8bc3-408a-ade3-8f2f13b11e0a-23456247935296","study_name":"peter_mnist_k3","directions":[2]}
{"op_code":4,"worker_id":"83dacf61-8bc3-408a-ade3-8f2f13b11e0a-23456247935296","study_id":0,"datetime_start":"2026-07-27T12:03:32.869571"}
{"op_code":5,"worker_id":"83dacf61-8bc3-408a-ade3-8f2f13b11e0a-23456247935296","trial_id":550,"param_name":"lr","param_value_internal":0.0001620341164752164,"distribution":"{\"name\": \"FloatDistribution\", \"attributes\": {\"step\": null, \"low\": 1e-08, \"high\": 0.5, \"log\": true}}"}
{"op_code":5,"worker_id":"83dacf61-8bc3-408a-ade3-8f2f13b11e0a-23456247935296","trial_id":550,"param_name":"ratio","param_value_internal":1.8962020881793482,"distribution":"{\"name\": \"FloatDistribution\", \"attributes\": {\"step\": null, \"low\": 0.1, \"high\": 100.0, \"log\": true}}"}
{"op_code":6,"worker_id":"9240e8e9-a405-42a4-9a5d-f3ccef461094-23456247935296","trial_id":277,"state":1,"values":[-3573.8295658178313],"datetime_complete":"2026-07-27T12:03:45.488859"}
{"op_code":0,"worker_id":"50e40c51-9cc1-4f0e-af52-529b47101b09-23456247935296","study_name":"peter_mnist_k3","directions":[2]}
{"op_code":4,"worker_id":"50e40c51-9cc1-4f0e-af52-529b47101b09-23456247935296","study_id":0,"datetime_start":"2026-07-27T12:03:45.622401"}
{"op_code":9,"worker_id":"50e40c51-9cc1-4f0e-af52-529b47101b09-23456247935296","trial_id":551,"system_attr":{"tpe:relative_params:0":"{\"lr\": 0.0004649645492682898, \"ratio\": 9.907059833514559}"}}
{"op_code":5,"worker_id":"50e40c51-9cc1-4f0e-af52-529b47101b09-23456247935296","trial_id":551,"param_name":"lr","param_value_internal":0.0004649645492682898,"distribution":"{\"name\": \"FloatDistribution\", \"attributes\": {\"step\": null, \"low\": 1e-08, \"high\": 0.5, \"log\": true}}"}
{"op_code":5,"worker_id":"50e40c51-9cc1-4f0e-af52-529b47101b09-23456247935296","trial_id":551,"param_name":"ratio","param_value_internal":9.907059833514559,"distribution":"{\"name\": \"FloatDistribution\", \"attributes\": {\"step\": null, \"low\": 0.1, \"high\": 100.0, \"log\": true}}"}
{"op_code":6,"worker_id":"dd99ae74-80c2-4d2c-9f00-c5647453a112-23456247935296","trial_id":335,"state":3,"values":null,"datetime_complete":"2026-07-27T12:04:03.966139"}
{"op_code":0,"worker_id":"c0cf1f47-e68d-4cd4-bd1f-da5c041ab5f6-23456247935296","study_name":"peter_mnist_k3","directions":[2]}
{"op_code":4,"worker_id":"c0cf1f47-e68d-4cd4-bd1f-da5c041ab5f6-23456247935296","study_id":0,"datetime_start":"2026-07-27T12:04:04.071122"}
{"op_code":9,"worker_id":"c0cf1f47-e68d-4cd4-bd1f-da5c041ab5f6-23456247935296","trial_id":552,"system_attr":{"tpe:relative_params:0":"{\"lr\": 9.166187897830602e-05, \"ratio\": 77.81105144815245}"}}
{"op_code":5,"worker_id":"c0cf1f47-e68d-4cd4-bd1f-da5c041ab5f6-23456247935296","trial_id":552,"param_name":"lr","param_value_internal":9.166187897830602e-05,"distribution":"{\"name\": \"FloatDistribution\", \"attributes\": {\"step\": null, \"low\": 1e-08, \"high\": 0.5, \"log\": true}}"}
{"op_code":5,"worker_id":"c0cf1f47-e68d-4cd4-bd1f-da5c041ab5f6-23456247935296","trial_id":552,"param_name":"ratio","param_value_internal":77.81105144815245,"distribution":"{\"name\": \"FloatDistribution\", \"attributes\": {\"step\": null, \"low\": 0.1, \"high\": 100.0, \"log\": true}}"}
{"op_code":6,"worker_id":"287e6224-1bc0-4617-9ab5-b307834643d1-23456247935296","trial_id":510,"state":3,"values":null,"datetime_complete":"2026-07-27T12:04:11.800984"}
{"op_code":0,"worker_id":"c1ce31db-1b71-464f-9711-186b9022f73b-23456247935296","study_name":"peter_mnist_k3","directions":[2]}
{"op_code":4,"worker_id":"c1ce31db-1b71-464f-9711-186b9022f73b-23456247935296","study_id":0,"datetime_start":"2026-07-27T12:04:11.932990"}
{"op_code":9,"worker_id":"c1ce31db-1b71-464f-9711-186b9022f73b-23456247935296","trial_id":553,"system_attr":{"tpe:relative_params:0":"{\"lr\": 3.8007934836960254e-05, \"ratio\": 99.15776662162648}"}}
{"op_code":5,"worker_id":"c1ce31db-1b71-464f-9711-186b9022f73b-23456247935296","trial_id":553,"param_name":"lr","param_value_internal":3.8007934836960254e-05,"distribution":"{\"name\": \"FloatDistribution\", \"attributes\": {\"step\": null, \"low\": 1e-08, \"high\": 0.5, \"log\": true}}"}
{"op_code":5,"worker_id":"c1ce31db-1b71-464f-9711-186b9022f73b-23456247935296","trial_id":553,"param_name":"ratio","param_value_internal":99.15776662162648,"distribution":"{\"name\": \"FloatDistribution\", \"attributes\": {\"step\": null, \"low\": 0.1, \"high\": 100.0, \"log\": true}}"}
{"op_code":6,"worker_id":"c7a87f8a-bc5e-4d00-8d1c-609712d12b96-23456247935296","trial_id":481,"state":3,"values":null,"datetime_complete":"2026-07-27T12:04:16.025676"}
{"op_code":0,"worker_id":"9f0e7838-a1b9-432a-b8b7-4ff091fb096b-23456247935296","study_name":"peter_mnist_k3","directions":[2]}
{"op_code":4,"worker_id":"9f0e7838-a1b9-432a-b8b7-4ff091fb096b-23456247935296","study_id":0,"datetime_start":"2026-07-27T12:04:16.148676"}
{"op_code":9,"worker_id":"9f0e7838-a1b9-432a-b8b7-4ff091fb096b-23456247935296","trial_id":554,"system_attr":{"tpe:relative_params:0":"{\"lr\": 4.060647505441086e-05, \"ratio\": 10.335084354649382}"}}
{"op_code":5,"worker_id":"9f0e7838-a1b9-432a-b8b7-4ff091fb096b-23456247935296","trial_id":554,"param_name":"lr","param_value_internal":4.060647505441086e-05,"distribution":"{\"name\": \"FloatDistribution\", \"attributes\": {\"step\": null, \"low\": 1e-08, \"high\": 0.5, \"log\": true}}"}
{"op_code":5,"worker_id":"9f0e7838-a1b9-432a-b8b7-4ff091fb096b-23456247935296","trial_id":554,"param_name":"ratio","param_value_internal":10.335084354649382,"distribution":"{\"name\": \"FloatDistribution\", \"attributes\": {\"step\": null, \"low\": 0.1, \"high\": 100.0, \"log\": true}}"}
{"op_code":6,"worker_id":"c2fab7ca-accc-4c9e-b767-2fac2255435c-23456247935296","trial_id":332,"state":1,"values":[-3565.350254589517],"datetime_complete":"2026-07-27T12:04:54.198480"}
{"op_code":0,"worker_id":"6b9312d7-1d63-471e-807c-666ec34f0a34-23456247935296","study_name":"peter_mnist_k3","directions":[2]}
{"op_code":4,"worker_id":"6b9312d7-1d63-471e-807c-666ec34f0a34-23456247935296","study_id":0,"datetime_start":"2026-07-27T12:04:54.324791"}
{"op_code":9,"worker_id":"6b9312d7-1d63-471e-807c-666ec34f0a34-23456247935296","trial_id":555,"system_attr":{"tpe:relative_params:0":"{\"lr\": 1.4464433341099882e-05, \"ratio\": 0.24140858985301267}"}}
{"op_code":5,"worker_id":"6b9312d7-1d63-471e-807c-666ec34f0a34-23456247935296","trial_id":555,"param_name":"lr","param_value_internal":1.4464433341099882e-05,"distribution":"{\"name\": \"FloatDistribution\", \"attributes\": {\"step\": null, \"low\": 1e-08, \"high\": 0.5, \"log\": true}}"}
{"op_code":5,"worker_id":"6b9312d7-1d63-471e-807c-666ec34f0a34-23456247935296","trial_id":555,"param_name":"ratio","param_value_internal":0.24140858985301267,"distribution":"{\"name\": \"FloatDistribution\", \"attributes\": {\"step\": null, \"low\": 0.1, \"high\": 100.0, \"log\": true}}"}
{"op_code":6,"worker_id":"58e711fd-a4ad-4cb3-bac9-d17f2f5fda26-23456247935296","trial_id":518,"state":3,"values":null,"datetime_complete":"2026-07-27T12:04:59.129449"}
{"op_code":0,"worker_id":"e903f7b3-ae65-405c-bd91-8e92d383ed83-23456247935296","study_name":"peter_mnist_k3","directions":[2]}
{"op_code":4,"worker_id":"e903f7b3-ae65-405c-bd91-8e92d383ed83-23456247935296","study_id":0,"datetime_start":"2026-07-27T12:04:59.195803"}
{"op_code":9,"worker_id":"e903f7b3-ae65-405c-bd91-8e92d383ed83-23456247935296","trial_id":556,"system_attr":{"tpe:relative_params:0":"{\"lr\": 1.1571199455142415e-05, \"ratio\": 0.20332734567442234}"}}
{"op_code":5,"worker_id":"e903f7b3-ae65-405c-bd91-8e92d383ed83-23456247935296","trial_id":556,"param_name":"lr","param_value_internal":1.1571199455142415e-05,"distribution":"{\"name\": \"FloatDistribution\", \"attributes\": {\"step\": null, \"low\": 1e-08, \"high\": 0.5, \"log\": true}}"}
{"op_code":5,"worker_id":"e903f7b3-ae65-405c-bd91-8e92d383ed83-23456247935296","trial_id":556,"param_name":"ratio","param_value_internal":0.20332734567442234,"distribution":"{\"name\": \"FloatDistribution\", \"attributes\": {\"step\": null, \"low\": 0.1, \"high\": 100.0, \"log\": true}}"}
{"op_code":6,"worker_id":"92442c2f-651a-46db-b9a2-f68cd3e95a15-23456247935296","trial_id":511,"state":3,"values":null,"datetime_complete":"2026-07-27T12:05:02.323848"}
{"op_code":0,"worker_id":"ee986ca4-7aeb-4934-b856-1ed0a136647f-23456247935296","study_name":"peter_mnist_k3","directions":[2]}
{"op_code":4,"worker_id":"ee986ca4-7aeb-4934-b856-1ed0a136647f-23456247935296","study_id":0,"datetime_start":"2026-07-27T12:05:02.392503"}
{"op_code":9,"worker_id":"ee986ca4-7aeb-4934-b856-1ed0a136647f-23456247935296","trial_id":557,"system_attr":{"tpe:relative_params:0":"{\"lr\": 1.2846024030543578e-06, \"ratio\": 0.12292486684809817}"}}
{"op_code":5,"worker_id":"ee986ca4-7aeb-4934-b856-1ed0a136647f-23456247935296","trial_id":557,"param_name":"lr","param_value_internal":1.2846024030543578e-06,"distribution":"{\"name\": \"FloatDistribution\", \"attributes\": {\"step\": null, \"low\": 1e-08, \"high\": 0.5, \"log\": true}}"}
{"op_code":5,"worker_id":"ee986ca4-7aeb-4934-b856-1ed0a136647f-23456247935296","trial_id":557,"param_name":"ratio","param_value_internal":0.12292486684809817,"distribution":"{\"name\": \"FloatDistribution\", \"attributes\": {\"step\": null, \"low\": 0.1, \"high\": 100.0, \"log\": true}}"}
{"op_code":6,"worker_id":"c7836438-afc4-4460-83e5-dc83d3059728-23456247935296","trial_id":513,"state":3,"values":null,"datetime_complete":"2026-07-27T12:05:24.591946"}
{"op_code":0,"worker_id":"ecdbdaf9-6d1c-4c1b-a36c-19c5dc101b5b-23456247935296","study_name":"peter_mnist_k3","directions":[2]}
{"op_code":4,"worker_id":"ecdbdaf9-6d1c-4c1b-a36c-19c5dc101b5b-23456247935296","study_id":0,"datetime_start":"2026-07-27T12:05:24.729132"}
{"op_code":9,"worker_id":"ecdbdaf9-6d1c-4c1b-a36c-19c5dc101b5b-23456247935296","trial_id":558,"system_attr":{"tpe:relative_params:0":"{\"lr\": 0.00012668057343706, \"ratio\": 0.43788221377378495}"}}
{"op_code":5,"worker_id":"ecdbdaf9-6d1c-4c1b-a36c-19c5dc101b5b-23456247935296","trial_id":558,"param_name":"lr","param_value_internal":0.00012668057343706,"distribution":"{\"name\": \"FloatDistribution\", \"attributes\": {\"step\": null, \"low\": 1e-08, \"high\": 0.5, \"log\": true}}"}
{"op_code":5,"worker_id":"ecdbdaf9-6d1c-4c1b-a36c-19c5dc101b5b-23456247935296","trial_id":558,"param_name":"ratio","param_value_internal":0.43788221377378495,"distribution":"{\"name\": \"FloatDistribution\", \"attributes\": {\"step\": null, \"low\": 0.1, \"high\": 100.0, \"log\": true}}"}
{"op_code":6,"worker_id":"b3719eec-67c0-40ec-9a2f-78910984e9c8-23456247935296","trial_id":512,"state":3,"values":null,"datetime_complete":"2026-07-27T12:05:31.444470"}
{"op_code":0,"worker_id":"21011575-f354-4897-8d3d-4ebdeb28b4c1-23456247935296","study_name":"peter_mnist_k3","directions":[2]}
{"op_code":4,"worker_id":"21011575-f354-4897-8d3d-4ebdeb28b4c1-23456247935296","study_id":0,"datetime_start":"2026-07-27T12:05:31.529210"}
{"op_code":9,"worker_id":"21011575-f354-4897-8d3d-4ebdeb28b4c1-23456247935296","trial_id":559,"system_attr":{"tpe:relative_params:0":"{\"lr\": 1.0576707071149069e-05, \"ratio\": 0.720720627676626}"}}
{"op_code":5,"worker_id":"21011575-f354-4897-8d3d-4ebdeb28b4c1-23456247935296","trial_id":559,"param_name":"lr","param_value_internal":1.0576707071149069e-05,"distribution":"{\"name\": \"FloatDistribution\", \"attributes\": {\"step\": null, \"low\": 1e-08, \"high\": 0.5, \"log\": true}}"}
{"op_code":5,"worker_id":"21011575-f354-4897-8d3d-4ebdeb28b4c1-23456247935296","trial_id":559,"param_name":"ratio","param_value_internal":0.720720627676626,"distribution":"{\"name\": \"FloatDistribution\", \"attributes\": {\"step\": null, \"low\": 0.1, \"high\": 100.0, \"log\": true}}"}
{"op_code":6,"worker_id":"162f7b1c-5445-4e0d-8b7e-141eafab9ad1-23456247935296","trial_id":521,"state":3,"values":null,"datetime_complete":"2026-07-27T12:06:45.055617"}
{"op_code":0,"worker_id":"397111aa-f8cd-4242-ac16-8633ed82943c-23456247935296","study_name":"peter_mnist_k3","directions":[2]}
{"op_code":4,"worker_id":"397111aa-f8cd-4242-ac16-8633ed82943c-23456247935296","study_id":0,"datetime_start":"2026-07-27T12:06:45.117981"}
{"op_code":9,"worker_id":"397111aa-f8cd-4242-ac16-8633ed82943c-23456247935296","trial_id":560,"system_attr":{"tpe:relative_params:0":"{\"lr\": 1.0911314092151654e-06, \"ratio\": 79.43066938944894}"}}
{"op_code":5,"worker_id":"397111aa-f8cd-4242-ac16-8633ed82943c-23456247935296","trial_id":560,"param_name":"lr","param_value_internal":1.0911314092151654e-06,"distribution":"{\"name\": \"FloatDistribution\", \"attributes\": {\"step\": null, \"low\": 1e-08, \"high\": 0.5, \"log\": true}}"}
{"op_code":5,"worker_id":"397111aa-f8cd-4242-ac16-8633ed82943c-23456247935296","trial_id":560,"param_name":"ratio","param_value_internal":79.43066938944894,"distribution":"{\"name\": \"FloatDistribution\", \"attributes\": {\"step\": null, \"low\": 0.1, \"high\": 100.0, \"log\": true}}"}
{"op_code":6,"worker_id":"f21e4b03-e6b1-4bbf-bd6a-c8bf1a9447d9-23456247935296","trial_id":358,"state":1,"values":[-3444.5179242119602],"datetime_complete":"2026-07-27T12:07:07.326942"}
{"op_code":0,"worker_id":"d0c82014-878b-41e7-98c5-58044ffb961c-23456247935296","study_name":"peter_mnist_k3","directions":[2]}
{"op_code":4,"worker_id":"d0c82014-878b-41e7-98c5-58044ffb961c-23456247935296","study_id":0,"datetime_start":"2026-07-27T12:07:07.416980"}
{"op_code":9,"worker_id":"d0c82014-878b-41e7-98c5-58044ffb961c-23456247935296","trial_id":561,"system_attr":{"tpe:relative_params:0":"{\"lr\": 0.0013750907312403441, \"ratio\": 0.36253356848479984}"}}
{"op_code":5,"worker_id":"d0c82014-878b-41e7-98c5-58044ffb961c-23456247935296","trial_id":561,"param_name":"lr","param_value_internal":0.0013750907312403441,"distribution":"{\"name\": \"FloatDistribution\", \"attributes\": {\"step\": null, \"low\": 1e-08, \"high\": 0.5, \"log\": true}}"}
{"op_code":5,"worker_id":"d0c82014-878b-41e7-98c5-58044ffb961c-23456247935296","trial_id":561,"param_name":"ratio","param_value_internal":0.36253356848479984,"distribution":"{\"name\": \"FloatDistribution\", \"attributes\": {\"step\": null, \"low\": 0.1, \"high\": 100.0, \"log\": true}}"}
{"op_code":6,"worker_id":"d6615631-6f97-407f-b345-3c2367cab304-23456247935296","trial_id":516,"state":3,"values":null,"datetime_complete":"2026-07-27T12:07:37.517303"}
{"op_code":0,"worker_id":"d69e0dba-3dc5-44d3-80db-66e4d69cbcd4-23456247935296","study_name":"peter_mnist_k3","directions":[2]}
{"op_code":4,"worker_id":"d69e0dba-3dc5-44d3-80db-66e4d69cbcd4-23456247935296","study_id":0,"datetime_start":"2026-07-27T12:07:37.597509"}
{"op_code":9,"worker_id":"d69e0dba-3dc5-44d3-80db-66e4d69cbcd4-23456247935296","trial_id":562,"system_attr":{"tpe:relative_params:0":"{\"lr\": 1.3139406693838707e-05, \"ratio\": 1.2499847928961612}"}}
{"op_code":5,"worker_id":"d69e0dba-3dc5-44d3-80db-66e4d69cbcd4-23456247935296","trial_id":562,"param_name":"lr","param_value_internal":1.3139406693838707e-05,"distribution":"{\"name\": \"FloatDistribution\", \"attributes\": {\"step\": null, \"low\": 1e-08, \"high\": 0.5, \"log\": true}}"}
{"op_code":5,"worker_id":"d69e0dba-3dc5-44d3-80db-66e4d69cbcd4-23456247935296","trial_id":562,"param_name":"ratio","param_value_internal":1.2499847928961612,"distribution":"{\"name\": \"FloatDistribution\", \"attributes\": {\"step\": null, \"low\": 0.1, \"high\": 100.0, \"log\": true}}"}
{"op_code":6,"worker_id":"b5f17806-336d-4e4b-a981-403768853bec-23456247935296","trial_id":364,"state":1,"values":[-3458.445273871132],"datetime_complete":"2026-07-27T12:07:49.765415"}
{"op_code":0,"worker_id":"eb2288f6-9e3d-46b3-a354-c91d00eb644d-23456247935296","study_name":"peter_mnist_k3","directions":[2]}
{"op_code":4,"worker_id":"eb2288f6-9e3d-46b3-a354-c91d00eb644d-23456247935296","study_id":0,"datetime_start":"2026-07-27T12:07:49.832967"}
{"op_code":9,"worker_id":"eb2288f6-9e3d-46b3-a354-c91d00eb644d-23456247935296","trial_id":563,"system_attr":{"tpe:relative_params:0":"{\"lr\": 2.0079686763464834e-05, \"ratio\": 0.13262953503645084}"}}
{"op_code":5,"worker_id":"eb2288f6-9e3d-46b3-a354-c91d00eb644d-23456247935296","trial_id":563,"param_name":"lr","param_value_internal":2.0079686763464834e-05,"distribution":"{\"name\": \"FloatDistribution\", \"attributes\": {\"step\": null, \"low\": 1e-08, \"high\": 0.5, \"log\": true}}"}
{"op_code":5,"worker_id":"eb2288f6-9e3d-46b3-a354-c91d00eb644d-23456247935296","trial_id":563,"param_name":"ratio","param_value_internal":0.13262953503645084,"distribution":"{\"name\": \"FloatDistribution\", \"attributes\": {\"step\": null, \"low\": 0.1, \"high\": 100.0, \"log\": true}}"}
{"op_code":6,"worker_id":"9f34cea9-7790-41ed-a243-68e1283ed7cd-23456247935296","trial_id":454,"state":3,"values":null,"datetime_complete":"2026-07-27T12:08:13.604917"}
{"op_code":0,"worker_id":"f33e56a2-7532-408f-a96b-759bd3e5d6c6-23456247935296","study_name":"peter_mnist_k3","directions":[2]}
{"op_code":4,"worker_id":"f33e56a2-7532-408f-a96b-759bd3e5d6c6-23456247935296","study_id":0,"datetime_start":"2026-07-27T12:08:13.682357"}
{"op_code":9,"worker_id":"f33e56a2-7532-408f-a96b-759bd3e5d6c6-23456247935296","trial_id":564,"system_attr":{"tpe:relative_params:0":"{\"lr\": 9.804913238751745e-05, \"ratio\": 1.0426152490524792}"}}
{"op_code":5,"worker_id":"f33e56a2-7532-408f-a96b-759bd3e5d6c6-23456247935296","trial_id":564,"param_name":"lr","param_value_internal":9.804913238751745e-05,"distribution":"{\"name\": \"FloatDistribution\", \"attributes\": {\"step\": null, \"low\": 1e-08, \"high\": 0.5, \"log\": true}}"}
{"op_code":5,"worker_id":"f33e56a2-7532-408f-a96b-759bd3e5d6c6-23456247935296","trial_id":564,"param_name":"ratio","param_value_internal":1.0426152490524792,"distribution":"{\"name\": \"FloatDistribution\", \"attributes\": {\"step\": null, \"low\": 0.1, \"high\": 100.0, \"log\": true}}"}
{"op_code":6,"worker_id":"68b3eb45-01bc-4ca7-972d-9de5515a0019-23456247935296","trial_id":355,"state":1,"values":[-3570.350820607393],"datetime_complete":"2026-07-27T12:08:16.386674"}
{"op_code":0,"worker_id":"1279abaa-89c2-4918-bbab-2793492f98ca-23456247935296","study_name":"peter_mnist_k3","directions":[2]}
{"op_code":4,"worker_id":"1279abaa-89c2-4918-bbab-2793492f98ca-23456247935296","study_id":0,"datetime_start":"2026-07-27T12:08:16.466116"}
{"op_code":9,"worker_id":"1279abaa-89c2-4918-bbab-2793492f98ca-23456247935296","trial_id":565,"system_attr":{"tpe:relative_params:0":"{\"lr\": 1.738478336434661e-05, \"ratio\": 0.5388423484981312}"}}
{"op_code":5,"worker_id":"1279abaa-89c2-4918-bbab-2793492f98ca-23456247935296","trial_id":565,"param_name":"lr","param_value_internal":1.738478336434661e-05,"distribution":"{\"name\": \"FloatDistribution\", \"attributes\": {\"step\": null, \"low\": 1e-08, \"high\": 0.5, \"log\": true}}"}
{"op_code":5,"worker_id":"1279abaa-89c2-4918-bbab-2793492f98ca-23456247935296","trial_id":565,"param_name":"ratio","param_value_internal":0.5388423484981312,"distribution":"{\"name\": \"FloatDistribution\", \"attributes\": {\"step\": null, \"low\": 0.1, \"high\": 100.0, \"log\": true}}"}
{"op_code":6,"worker_id":"567074e7-74e6-4ca8-b51b-a84844c61255-23456247935296","trial_id":523,"state":3,"values":null,"datetime_complete":"2026-07-27T12:09:01.446698"}
{"op_code":0,"worker_id":"dff2c832-24ab-4672-b302-daeeacff8d45-23456247935296","study_name":"peter_mnist_k3","directions":[2]}
{"op_code":4,"worker_id":"dff2c832-24ab-4672-b302-daeeacff8d45-23456247935296","study_id":0,"datetime_start":"2026-07-27T12:09:01.524256"}
{"op_code":9,"worker_id":"dff2c832-24ab-4672-b302-daeeacff8d45-23456247935296","trial_id":566,"system_attr":{"tpe:relative_params:0":"{\"lr\": 1.2867994623901772e-05, \"ratio\": 4.297777573901171}"}}
{"op_code":5,"worker_id":"dff2c832-24ab-4672-b302-daeeacff8d45-23456247935296","trial_id":566,"param_name":"lr","param_value_internal":1.2867994623901772e-05,"distribution":"{\"name\": \"FloatDistribution\", \"attributes\": {\"step\": null, \"low\": 1e-08, \"high\": 0.5, \"log\": true}}"}
{"op_code":5,"worker_id":"dff2c832-24ab-4672-b302-daeeacff8d45-23456247935296","trial_id":566,"param_name":"ratio","param_value_internal":4.297777573901171,"distribution":"{\"name\": \"FloatDistribution\", \"attributes\": {\"step\": null, \"low\": 0.1, \"high\": 100.0, \"log\": true}}"}
{"op_code":6,"worker_id":"9529ae84-ba63-4a67-b0a8-03a7c681f5be-23456247935296","trial_id":359,"state":1,"values":[-3540.5710106231427],"datetime_complete":"2026-07-27T12:09:30.612199"}
{"op_code":0,"worker_id":"b0deb0e9-4f19-482e-a630-171beb5349fd-23456247935296","study_name":"peter_mnist_k3","directions":[2]}
{"op_code":4,"worker_id":"b0deb0e9-4f19-482e-a630-171beb5349fd-23456247935296","study_id":0,"datetime_start":"2026-07-27T12:09:30.729481"}
{"op_code":9,"worker_id":"b0deb0e9-4f19-482e-a630-171beb5349fd-23456247935296","trial_id":567,"system_attr":{"tpe:relative_params:0":"{\"lr\": 0.0006166262118606148, \"ratio\": 0.22051963980948439}"}}
{"op_code":5,"worker_id":"b0deb0e9-4f19-482e-a630-171beb5349fd-23456247935296","trial_id":567,"param_name":"lr","param_value_internal":0.0006166262118606148,"distribution":"{\"name\": \"FloatDistribution\", \"attributes\": {\"step\": null, \"low\": 1e-08, \"high\": 0.5, \"log\": true}}"}
{"op_code":5,"worker_id":"b0deb0e9-4f19-482e-a630-171beb5349fd-23456247935296","trial_id":567,"param_name":"ratio","param_value_internal":0.22051963980948439,"distribution":"{\"name\": \"FloatDistribution\", \"attributes\": {\"step\": null, \"low\": 0.1, \"high\": 100.0, \"log\": true}}"}
{"op_code":6,"worker_id":"59536c38-0f26-4c8a-87ab-487901600da1-23456247935296","trial_id":365,"state":1,"values":[-3563.492862428007],"datetime_complete":"2026-07-27T12:09:45.359760"}
{"op_code":0,"worker_id":"245be7ff-1e21-41aa-b715-2fa9a8e327cc-23456247935296","study_name":"peter_mnist_k3","directions":[2]}
{"op_code":4,"worker_id":"245be7ff-1e21-41aa-b715-2fa9a8e327cc-23456247935296","study_id":0,"datetime_start":"2026-07-27T12:09:45.451828"}
{"op_code":9,"worker_id":"245be7ff-1e21-41aa-b715-2fa9a8e327cc-23456247935296","trial_id":568,"system_attr":{"tpe:relative_params:0":"{\"lr\": 2.954484420663289e-06, \"ratio\": 19.091241357587286}"}}
{"op_code":5,"worker_id":"245be7ff-1e21-41aa-b715-2fa9a8e327cc-23456247935296","trial_id":568,"param_name":"lr","param_value_internal":2.954484420663289e-06,"distribution":"{\"name\": \"FloatDistribution\", \"attributes\": {\"step\": null, \"low\": 1e-08, \"high\": 0.5, \"log\": true}}"}
{"op_code":5,"worker_id":"245be7ff-1e21-41aa-b715-2fa9a8e327cc-23456247935296","trial_id":568,"param_name":"ratio","param_value_internal":19.091241357587286,"distribution":"{\"name\": \"FloatDistribution\", \"attributes\": {\"step\": null, \"low\": 0.1, \"high\": 100.0, \"log\": true}}"}
{"op_code":6,"worker_id":"aeb99090-00fe-4c41-b03d-d51f7c70a349-23456247935296","trial_id":373,"state":1,"values":[-3572.1738289988975],"datetime_complete":"2026-07-27T12:10:21.789346"}
{"op_code":0,"worker_id":"6869fd19-d054-4dfe-b966-1570032e6818-23456247935296","study_name":"peter_mnist_k3","directions":[2]}
{"op_code":4,"worker_id":"6869fd19-d054-4dfe-b966-1570032e6818-23456247935296","study_id":0,"datetime_start":"2026-07-27T12:10:21.878349"}
{"op_code":9,"worker_id":"6869fd19-d054-4dfe-b966-1570032e6818-23456247935296","trial_id":569,"system_attr":{"tpe:relative_params:0":"{\"lr\": 3.3470319086593427e-06, \"ratio\": 68.08982300485609}"}}
{"op_code":5,"worker_id":"6869fd19-d054-4dfe-b966-1570032e6818-23456247935296","trial_id":569,"param_name":"lr","param_value_internal":3.3470319086593427e-06,"distribution":"{\"name\": \"FloatDistribution\", \"attributes\": {\"step\": null, \"low\": 1e-08, \"high\": 0.5, \"log\": true}}"}
{"op_code":5,"worker_id":"6869fd19-d054-4dfe-b966-1570032e6818-23456247935296","trial_id":569,"param_name":"ratio","param_value_internal":68.08982300485609,"distribution":"{\"name\": \"FloatDistribution\", \"attributes\": {\"step\": null, \"low\": 0.1, \"high\": 100.0, \"log\": true}}"}
{"op_code":6,"worker_id":"9239ea93-3773-48e3-9a48-ae80470436f9-23456247935296","trial_id":519,"state":3,"values":null,"datetime_complete":"2026-07-27T12:10:43.575533"}
{"op_code":0,"worker_id":"db8fa04a-a1a3-43f4-ac36-4d8899c49b7e-23456247935296","study_name":"peter_mnist_k3","directions":[2]}
{"op_code":4,"worker_id":"db8fa04a-a1a3-43f4-ac36-4d8899c49b7e-23456247935296","study_id":0,"datetime_start":"2026-07-27T12:10:43.689137"}
{"op_code":9,"worker_id":"db8fa04a-a1a3-43f4-ac36-4d8899c49b7e-23456247935296","trial_id":570,"system_attr":{"tpe:relative_params:0":"{\"lr\": 1.2487483781506967e-05, \"ratio\": 6.692032057335648}"}}
{"op_code":5,"worker_id":"db8fa04a-a1a3-43f4-ac36-4d8899c49b7e-23456247935296","trial_id":570,"param_name":"lr","param_value_internal":1.2487483781506967e-05,"distribution":"{\"name\": \"FloatDistribution\", \"attributes\": {\"step\": null, \"low\": 1e-08, \"high\": 0.5, \"log\": true}}"}
{"op_code":5,"worker_id":"db8fa04a-a1a3-43f4-ac36-4d8899c49b7e-23456247935296","trial_id":570,"param_name":"ratio","param_value_internal":6.692032057335648,"distribution":"{\"name\": \"FloatDistribution\", \"attributes\": {\"step\": null, \"low\": 0.1, \"high\": 100.0, \"log\": true}}"}
{"op_code":6,"worker_id":"6c8aa3f7-7936-46bc-8af0-7f8183c53ba3-23456247935296","trial_id":520,"state":3,"values":null,"datetime_complete":"2026-07-27T12:10:45.432209"}
{"op_code":0,"worker_id":"75c4cc62-34c4-442e-a726-49fd26dc82ea-23456247935296","study_name":"peter_mnist_k3","directions":[2]}
{"op_code":4,"worker_id":"75c4cc62-34c4-442e-a726-49fd26dc82ea-23456247935296","study_id":0,"datetime_start":"2026-07-27T12:10:45.495354"}
{"op_code":9,"worker_id":"75c4cc62-34c4-442e-a726-49fd26dc82ea-23456247935296","trial_id":571,"system_attr":{"tpe:relative_params:0":"{\"lr\": 1.9466173906464226e-08, \"ratio\": 0.125442883924822}"}}
{"op_code":5,"worker_id":"75c4cc62-34c4-442e-a726-49fd26dc82ea-23456247935296","trial_id":571,"param_name":"lr","param_value_internal":1.9466173906464226e-08,"distribution":"{\"name\": \"FloatDistribution\", \"attributes\": {\"step\": null, \"low\": 1e-08, \"high\": 0.5, \"log\": true}}"}
{"op_code":5,"worker_id":"75c4cc62-34c4-442e-a726-49fd26dc82ea-23456247935296","trial_id":571,"param_name":"ratio","param_value_internal":0.125442883924822,"distribution":"{\"name\": \"FloatDistribution\", \"attributes\": {\"step\": null, \"low\": 0.1, \"high\": 100.0, \"log\": true}}"}
{"op_code":6,"worker_id":"1da381f7-f515-46da-905c-6e829364a37d-23456247935296","trial_id":530,"state":3,"values":null,"datetime_complete":"2026-07-27T12:11:12.653043"}
{"op_code":0,"worker_id":"ee27a61c-c651-4469-9720-699c73e106bd-23456247935296","study_name":"peter_mnist_k3","directions":[2]}
{"op_code":4,"worker_id":"ee27a61c-c651-4469-9720-699c73e106bd-23456247935296","study_id":0,"datetime_start":"2026-07-27T12:11:12.938609"}
{"op_code":9,"worker_id":"ee27a61c-c651-4469-9720-699c73e106bd-23456247935296","trial_id":572,"system_attr":{"tpe:relative_params:0":"{\"lr\": 0.0005960250744032101, \"ratio\": 5.411015021850094}"}}
{"op_code":5,"worker_id":"ee27a61c-c651-4469-9720-699c73e106bd-23456247935296","trial_id":572,"param_name":"lr","param_value_internal":0.0005960250744032101,"distribution":"{\"name\": \"FloatDistribution\", \"attributes\": {\"step\": null, \"low\": 1e-08, \"high\": 0.5, \"log\": true}}"}
{"op_code":5,"worker_id":"ee27a61c-c651-4469-9720-699c73e106bd-23456247935296","trial_id":572,"param_name":"ratio","param_value_internal":5.411015021850094,"distribution":"{\"name\": \"FloatDistribution\", \"attributes\": {\"step\": null, \"low\": 0.1, \"high\": 100.0, \"log\": true}}"}
{"op_code":6,"worker_id":"112e6001-04cd-4fd9-a544-ddbcf79cdfcd-23456247935296","trial_id":529,"state":3,"values":null,"datetime_complete":"2026-07-27T12:11:26.654928"}
{"op_code":0,"worker_id":"1308ab8e-4a66-4679-bf02-3c079af07e32-23456247935296","study_name":"peter_mnist_k3","directions":[2]}
{"op_code":4,"worker_id":"1308ab8e-4a66-4679-bf02-3c079af07e32-23456247935296","study_id":0,"datetime_start":"2026-07-27T12:11:26.704772"}
{"op_code":9,"worker_id":"1308ab8e-4a66-4679-bf02-3c079af07e32-23456247935296","trial_id":573,"system_attr":{"tpe:relative_params:0":"{\"lr\": 2.9468611992291212e-06, \"ratio\": 0.48604382759051074}"}}
{"op_code":5,"worker_id":"1308ab8e-4a66-4679-bf02-3c079af07e32-23456247935296","trial_id":573,"param_name":"lr","param_value_internal":2.9468611992291212e-06,"distribution":"{\"name\": \"FloatDistribution\", \"attributes\": {\"step\": null, \"low\": 1e-08, \"high\": 0.5, \"log\": true}}"}
{"op_code":5,"worker_id":"1308ab8e-4a66-4679-bf02-3c079af07e32-23456247935296","trial_id":573,"param_name":"ratio","param_value_internal":0.48604382759051074,"distribution":"{\"name\": \"FloatDistribution\", \"attributes\": {\"step\": null, \"low\": 0.1, \"high\": 100.0, \"log\": true}}"}
{"op_code":6,"worker_id":"ae71e8f4-2dee-4184-965d-f0d680827b27-23456247935296","trial_id":532,"state":3,"values":null,"datetime_complete":"2026-07-27T12:11:55.642955"}
{"op_code":0,"worker_id":"b0141345-e56d-48b4-ae5e-b600cfdc126f-23456247935296","study_name":"peter_mnist_k3","directions":[2]}
{"op_code":4,"worker_id":"b0141345-e56d-48b4-ae5e-b600cfdc126f-23456247935296","study_id":0,"datetime_start":"2026-07-27T12:11:55.777563"}
{"op_code":9,"worker_id":"b0141345-e56d-48b4-ae5e-b600cfdc126f-23456247935296","trial_id":574,"system_attr":{"tpe:relative_params:0":"{\"lr\": 3.224037216647052e-05, \"ratio\": 0.10125624785701261}"}}
{"op_code":5,"worker_id":"b0141345-e56d-48b4-ae5e-b600cfdc126f-23456247935296","trial_id":574,"param_name":"lr","param_value_internal":3.224037216647052e-05,"distribution":"{\"name\": \"FloatDistribution\", \"attributes\": {\"step\": null, \"low\": 1e-08, \"high\": 0.5, \"log\": true}}"}
{"op_code":5,"worker_id":"b0141345-e56d-48b4-ae5e-b600cfdc126f-23456247935296","trial_id":574,"param_name":"ratio","param_value_internal":0.10125624785701261,"distribution":"{\"name\": \"FloatDistribution\", \"attributes\": {\"step\": null, \"low\": 0.1, \"high\": 100.0, \"log\": true}}"}
{"op_code":6,"worker_id":"363c09c9-786a-46fe-8ba8-bd537630ee6c-23456247935296","trial_id":524,"state":3,"values":null,"datetime_complete":"2026-07-27T12:12:18.271555"}
{"op_code":0,"worker_id":"ee94aa78-4dd2-4d74-8ae6-8f138f0fd4da-23456247935296","study_name":"peter_mnist_k3","directions":[2]}
{"op_code":4,"worker_id":"ee94aa78-4dd2-4d74-8ae6-8f138f0fd4da-23456247935296","study_id":0,"datetime_start":"2026-07-27T12:12:18.357546"}
{"op_code":9,"worker_id":"ee94aa78-4dd2-4d74-8ae6-8f138f0fd4da-23456247935296","trial_id":575,"system_attr":{"tpe:relative_params:0":"{\"lr\": 1.3750395317352225e-05, \"ratio\": 2.8007435166745642}"}}
{"op_code":5,"worker_id":"ee94aa78-4dd2-4d74-8ae6-8f138f0fd4da-23456247935296","trial_id":575,"param_name":"lr","param_value_internal":1.3750395317352225e-05,"distribution":"{\"name\": \"FloatDistribution\", \"attributes\": {\"step\": null, \"low\": 1e-08, \"high\": 0.5, \"log\": true}}"}
{"op_code":5,"worker_id":"ee94aa78-4dd2-4d74-8ae6-8f138f0fd4da-23456247935296","trial_id":575,"param_name":"ratio","param_value_internal":2.8007435166745642,"distribution":"{\"name\": \"FloatDistribution\", \"attributes\": {\"step\": null, \"low\": 0.1, \"high\": 100.0, \"log\": true}}"}
{"op_code":6,"worker_id":"2ff2b06f-a7da-4421-b264-ec0bf8eef098-23456247935296","trial_id":535,"state":3,"values":null,"datetime_complete":"2026-07-27T12:12:25.546817"}
{"op_code":0,"worker_id":"e54c3fb8-20a2-47b1-aa59-39bb3d394f8d-23456247935296","study_name":"peter_mnist_k3","directions":[2]}
{"op_code":4,"worker_id":"e54c3fb8-20a2-47b1-aa59-39bb3d394f8d-23456247935296","study_id":0,"datetime_start":"2026-07-27T12:12:25.658530"}
{"op_code":9,"worker_id":"e54c3fb8-20a2-47b1-aa59-39bb3d394f8d-23456247935296","trial_id":576,"system_attr":{"tpe:relative_params:0":"{\"lr\": 0.14188262742111676, \"ratio\": 0.17622977694095032}"}}
{"op_code":5,"worker_id":"e54c3fb8-20a2-47b1-aa59-39bb3d394f8d-23456247935296","trial_id":576,"param_name":"lr","param_value_internal":0.14188262742111676,"distribution":"{\"name\": \"FloatDistribution\", \"attributes\": {\"step\": null, \"low\": 1e-08, \"high\": 0.5, \"log\": true}}"}
{"op_code":5,"worker_id":"e54c3fb8-20a2-47b1-aa59-39bb3d394f8d-23456247935296","trial_id":576,"param_name":"ratio","param_value_internal":0.17622977694095032,"distribution":"{\"name\": \"FloatDistribution\", \"attributes\": {\"step\": null, \"low\": 0.1, \"high\": 100.0, \"log\": true}}"}
{"op_code":6,"worker_id":"377a6f1a-f2be-4ae0-bfab-ba7153c1a802-23456247935296","trial_id":525,"state":3,"values":null,"datetime_complete":"2026-07-27T12:13:16.853959"}
{"op_code":0,"worker_id":"24ecfe36-c48a-4b5f-bfc7-9d2b111bc7f8-23456247935296","study_name":"peter_mnist_k3","directions":[2]}
{"op_code":4,"worker_id":"24ecfe36-c48a-4b5f-bfc7-9d2b111bc7f8-23456247935296","study_id":0,"datetime_start":"2026-07-27T12:13:16.958512"}
{"op_code":9,"worker_id":"24ecfe36-c48a-4b5f-bfc7-9d2b111bc7f8-23456247935296","trial_id":577,"system_attr":{"tpe:relative_params:0":"{\"lr\": 0.0012611511674796231, \"ratio\": 73.23286445443622}"}}
{"op_code":5,"worker_id":"24ecfe36-c48a-4b5f-bfc7-9d2b111bc7f8-23456247935296","trial_id":577,"param_name":"lr","param_value_internal":0.0012611511674796231,"distribution":"{\"name\": \"FloatDistribution\", \"attributes\": {\"step\": null, \"low\": 1e-08, \"high\": 0.5, \"log\": true}}"}
{"op_code":5,"worker_id":"24ecfe36-c48a-4b5f-bfc7-9d2b111bc7f8-23456247935296","trial_id":577,"param_name":"ratio","param_value_internal":73.23286445443622,"distribution":"{\"name\": \"FloatDistribution\", \"attributes\": {\"step\": null, \"low\": 0.1, \"high\": 100.0, \"log\": true}}"}
{"op_code":6,"worker_id":"b3f4649c-ffd6-46d7-aa30-02cef5613d99-23456247935296","trial_id":537,"state":3,"values":null,"datetime_complete":"2026-07-27T12:13:56.042289"}
{"op_code":0,"worker_id":"34387102-ccee-461e-9851-4caab6c2355c-23456247935296","study_name":"peter_mnist_k3","directions":[2]}
{"op_code":4,"worker_id":"34387102-ccee-461e-9851-4caab6c2355c-23456247935296","study_id":0,"datetime_start":"2026-07-27T12:13:56.125383"}
{"op_code":9,"worker_id":"34387102-ccee-461e-9851-4caab6c2355c-23456247935296","trial_id":578,"system_attr":{"tpe:relative_params:0":"{\"lr\": 0.00016618483675848883, \"ratio\": 3.4790033146656403}"}}
{"op_code":5,"worker_id":"34387102-ccee-461e-9851-4caab6c2355c-23456247935296","trial_id":578,"param_name":"lr","param_value_internal":0.00016618483675848883,"distribution":"{\"name\": \"FloatDistribution\", \"attributes\": {\"step\": null, \"low\": 1e-08, \"high\": 0.5, \"log\": true}}"}
{"op_code":5,"worker_id":"34387102-ccee-461e-9851-4caab6c2355c-23456247935296","trial_id":578,"param_name":"ratio","param_value_internal":3.4790033146656403,"distribution":"{\"name\": \"FloatDistribution\", \"attributes\": {\"step\": null, \"low\": 0.1, \"high\": 100.0, \"log\": true}}"}
{"op_code":6,"worker_id":"ec104e84-4264-4285-8f58-93e744fdceb7-23456247935296","trial_id":260,"state":1,"values":[-3567.1154394733153],"datetime_complete":"2026-07-27T12:14:13.628513"}
{"op_code":0,"worker_id":"87e417aa-8979-477b-8574-906829fef5ef-23456247935296","study_name":"peter_mnist_k3","directions":[2]}
{"op_code":4,"worker_id":"87e417aa-8979-477b-8574-906829fef5ef-23456247935296","study_id":0,"datetime_start":"2026-07-27T12:14:13.694834"}
{"op_code":9,"worker_id":"87e417aa-8979-477b-8574-906829fef5ef-23456247935296","trial_id":579,"system_attr":{"tpe:relative_params:0":"{\"lr\": 0.00013284351821038446, \"ratio\": 40.58172282898813}"}}
{"op_code":5,"worker_id":"87e417aa-8979-477b-8574-906829fef5ef-23456247935296","trial_id":579,"param_name":"lr","param_value_internal":0.00013284351821038446,"distribution":"{\"name\": \"FloatDistribution\", \"attributes\": {\"step\": null, \"low\": 1e-08, \"high\": 0.5, \"log\": true}}"}
{"op_code":5,"worker_id":"87e417aa-8979-477b-8574-906829fef5ef-23456247935296","trial_id":579,"param_name":"ratio","param_value_internal":40.58172282898813,"distribution":"{\"name\": \"FloatDistribution\", \"attributes\": {\"step\": null, \"low\": 0.1, \"high\": 100.0, \"log\": true}}"}
{"op_code":6,"worker_id":"68aed156-aa02-4852-8102-c67416314b63-23456247935296","trial_id":272,"state":1,"values":[-3581.0476800159345],"datetime_complete":"2026-07-27T12:14:16.753133"}
{"op_code":0,"worker_id":"fb101113-42f8-46f7-a916-3ce384fc31f1-23456247935296","study_name":"peter_mnist_k3","directions":[2]}
{"op_code":4,"worker_id":"fb101113-42f8-46f7-a916-3ce384fc31f1-23456247935296","study_id":0,"datetime_start":"2026-07-27T12:14:16.809250"}
{"op_code":9,"worker_id":"fb101113-42f8-46f7-a916-3ce384fc31f1-23456247935296","trial_id":580,"system_attr":{"tpe:relative_params:0":"{\"lr\": 3.6385465877043736e-06, \"ratio\": 97.14909025367297}"}}
{"op_code":5,"worker_id":"fb101113-42f8-46f7-a916-3ce384fc31f1-23456247935296","trial_id":580,"param_name":"lr","param_value_internal":3.6385465877043736e-06,"distribution":"{\"name\": \"FloatDistribution\", \"attributes\": {\"step\": null, \"low\": 1e-08, \"high\": 0.5, \"log\": true}}"}
{"op_code":5,"worker_id":"fb101113-42f8-46f7-a916-3ce384fc31f1-23456247935296","trial_id":580,"param_name":"ratio","param_value_internal":97.14909025367297,"distribution":"{\"name\": \"FloatDistribution\", \"attributes\": {\"step\": null, \"low\": 0.1, \"high\": 100.0, \"log\": true}}"}
{"op_code":6,"worker_id":"e4f56476-86f5-40eb-99ac-ff09a13b87a1-23456247935296","trial_id":329,"state":1,"values":[-3542.250516132066],"datetime_complete":"2026-07-27T12:14:37.356158"}
{"op_code":0,"worker_id":"78a48e38-d594-40bd-b663-d547d7169904-23456247935296","study_name":"peter_mnist_k3","directions":[2]}
{"op_code":4,"worker_id":"78a48e38-d594-40bd-b663-d547d7169904-23456247935296","study_id":0,"datetime_start":"2026-07-27T12:14:37.475397"}
{"op_code":9,"worker_id":"78a48e38-d594-40bd-b663-d547d7169904-23456247935296","trial_id":581,"system_attr":{"tpe:relative_params:0":"{\"lr\": 0.0001330158063616087, \"ratio\": 29.500258292266516}"}}
{"op_code":5,"worker_id":"78a48e38-d594-40bd-b663-d547d7169904-23456247935296","trial_id":581,"param_name":"lr","param_value_internal":0.0001330158063616087,"distribution":"{\"name\": \"FloatDistribution\", \"attributes\": {\"step\": null, \"low\": 1e-08, \"high\": 0.5, \"log\": true}}"}
{"op_code":5,"worker_id":"78a48e38-d594-40bd-b663-d547d7169904-23456247935296","trial_id":581,"param_name":"ratio","param_value_internal":29.500258292266516,"distribution":"{\"name\": \"FloatDistribution\", \"attributes\": {\"step\": null, \"low\": 0.1, \"high\": 100.0, \"log\": true}}"}
{"op_code":6,"worker_id":"46bf4767-d2bf-4dff-aaad-fd032e7085fc-23456247935296","trial_id":504,"state":3,"values":null,"datetime_complete":"2026-07-27T12:14:48.044206"}
{"op_code":0,"worker_id":"eb462cab-89b7-4bb9-93be-116e91d91aee-23456247935296","study_name":"peter_mnist_k3","directions":[2]}
{"op_code":4,"worker_id":"eb462cab-89b7-4bb9-93be-116e91d91aee-23456247935296","study_id":0,"datetime_start":"2026-07-27T12:14:48.152501"}
{"op_code":9,"worker_id":"eb462cab-89b7-4bb9-93be-116e91d91aee-23456247935296","trial_id":582,"system_attr":{"tpe:relative_params:0":"{\"lr\": 1.2053368194173954e-07, \"ratio\": 92.89388137752442}"}}
{"op_code":5,"worker_id":"eb462cab-89b7-4bb9-93be-116e91d91aee-23456247935296","trial_id":582,"param_name":"lr","param_value_internal":1.2053368194173954e-07,"distribution":"{\"name\": \"FloatDistribution\", \"attributes\": {\"step\": null, \"low\": 1e-08, \"high\": 0.5, \"log\": true}}"}
{"op_code":5,"worker_id":"eb462cab-89b7-4bb9-93be-116e91d91aee-23456247935296","trial_id":582,"param_name":"ratio","param_value_internal":92.89388137752442,"distribution":"{\"name\": \"FloatDistribution\", \"attributes\": {\"step\": null, \"low\": 0.1, \"high\": 100.0, \"log\": true}}"}
{"op_code":6,"worker_id":"51f081c4-075e-49a0-844d-d5fe765fdf29-23456247935296","trial_id":333,"state":1,"values":[-3571.495196292626],"datetime_complete":"2026-07-27T12:15:10.373046"}
{"op_code":0,"worker_id":"42651178-80e6-4073-9dfa-82421819cc31-23456247935296","study_name":"peter_mnist_k3","directions":[2]}
{"op_code":4,"worker_id":"42651178-80e6-4073-9dfa-82421819cc31-23456247935296","study_id":0,"datetime_start":"2026-07-27T12:15:10.477030"}
{"op_code":9,"worker_id":"42651178-80e6-4073-9dfa-82421819cc31-23456247935296","trial_id":583,"system_attr":{"tpe:relative_params:0":"{\"lr\": 4.820996377842358e-07, \"ratio\": 31.206143741109646}"}}
{"op_code":5,"worker_id":"42651178-80e6-4073-9dfa-82421819cc31-23456247935296","trial_id":583,"param_name":"lr","param_value_internal":4.820996377842358e-07,"distribution":"{\"name\": \"FloatDistribution\", \"attributes\": {\"step\": null, \"low\": 1e-08, \"high\": 0.5, \"log\": true}}"}
{"op_code":5,"worker_id":"42651178-80e6-4073-9dfa-82421819cc31-23456247935296","trial_id":583,"param_name":"ratio","param_value_internal":31.206143741109646,"distribution":"{\"name\": \"FloatDistribution\", \"attributes\": {\"step\": null, \"low\": 0.1, \"high\": 100.0, \"log\": true}}"}
{"op_code":6,"worker_id":"400d421b-590c-4034-ba8a-932bb2cc75fd-23456247935296","trial_id":286,"state":1,"values":[-3506.8550411404417],"datetime_complete":"2026-07-27T12:15:10.513127"}
{"op_code":0,"worker_id":"7f0b3787-1c53-455c-bfdd-1abf95132112-23456247935296","study_name":"peter_mnist_k3","directions":[2]}
{"op_code":4,"worker_id":"7f0b3787-1c53-455c-bfdd-1abf95132112-23456247935296","study_id":0,"datetime_start":"2026-07-27T12:15:10.640301"}
{"op_code":9,"worker_id":"7f0b3787-1c53-455c-bfdd-1abf95132112-23456247935296","trial_id":584,"system_attr":{"tpe:relative_params:0":"{\"lr\": 7.946552236769175e-07, \"ratio\": 31.183505487731086}"}}
{"op_code":5,"worker_id":"7f0b3787-1c53-455c-bfdd-1abf95132112-23456247935296","trial_id":584,"param_name":"lr","param_value_internal":7.946552236769175e-07,"distribution":"{\"name\": \"FloatDistribution\", \"attributes\": {\"step\": null, \"low\": 1e-08, \"high\": 0.5, \"log\": true}}"}
{"op_code":5,"worker_id":"7f0b3787-1c53-455c-bfdd-1abf95132112-23456247935296","trial_id":584,"param_name":"ratio","param_value_internal":31.183505487731086,"distribution":"{\"name\": \"FloatDistribution\", \"attributes\": {\"step\": null, \"low\": 0.1, \"high\": 100.0, \"log\": true}}"}
{"op_code":6,"worker_id":"ecf8f811-90d9-431f-b1b4-7fd40d028cd7-23456247935296","trial_id":296,"state":1,"values":[-3482.6494843309283],"datetime_complete":"2026-07-27T12:15:19.130010"}
{"op_code":0,"worker_id":"d0a78b2f-8292-49ad-82d7-312751693f8a-23456247935296","study_name":"peter_mnist_k3","directions":[2]}
{"op_code":4,"worker_id":"d0a78b2f-8292-49ad-82d7-312751693f8a-23456247935296","study_id":0,"datetime_start":"2026-07-27T12:15:19.215455"}
{"op_code":9,"worker_id":"d0a78b2f-8292-49ad-82d7-312751693f8a-23456247935296","trial_id":585,"system_attr":{"tpe:relative_params:0":"{\"lr\": 5.280491521643694e-07, \"ratio\": 98.69907795081083}"}}
{"op_code":5,"worker_id":"d0a78b2f-8292-49ad-82d7-312751693f8a-23456247935296","trial_id":585,"param_name":"lr","param_value_internal":5.280491521643694e-07,"distribution":"{\"name\": \"FloatDistribution\", \"attributes\": {\"step\": null, \"low\": 1e-08, \"high\": 0.5, \"log\": true}}"}
{"op_code":5,"worker_id":"d0a78b2f-8292-49ad-82d7-312751693f8a-23456247935296","trial_id":585,"param_name":"ratio","param_value_internal":98.69907795081083,"distribution":"{\"name\": \"FloatDistribution\", \"attributes\": {\"step\": null, \"low\": 0.1, \"high\": 100.0, \"log\": true}}"}
{"op_code":6,"worker_id":"498eb3ef-ad1c-467a-b4fc-2477091d4171-23456247935296","trial_id":338,"state":1,"values":[-3570.372484786497],"datetime_complete":"2026-07-27T12:15:19.669504"}
{"op_code":0,"worker_id":"16e7497b-1440-4557-bfb1-813cc3833714-23456247935296","study_name":"peter_mnist_k3","directions":[2]}
{"op_code":4,"worker_id":"16e7497b-1440-4557-bfb1-813cc3833714-23456247935296","study_id":0,"datetime_start":"2026-07-27T12:15:19.761755"}
{"op_code":9,"worker_id":"16e7497b-1440-4557-bfb1-813cc3833714-23456247935296","trial_id":586,"system_attr":{"tpe:relative_params:0":"{\"lr\": 4.4902272183261767e-07, \"ratio\": 25.12091980374306}"}}
{"op_code":5,"worker_id":"16e7497b-1440-4557-bfb1-813cc3833714-23456247935296","trial_id":586,"param_name":"lr","param_value_internal":4.4902272183261767e-07,"distribution":"{\"name\": \"FloatDistribution\", \"attributes\": {\"step\": null, \"low\": 1e-08, \"high\": 0.5, \"log\": true}}"}
{"op_code":5,"worker_id":"16e7497b-1440-4557-bfb1-813cc3833714-23456247935296","trial_id":586,"param_name":"ratio","param_value_internal":25.12091980374306,"distribution":"{\"name\": \"FloatDistribution\", \"attributes\": {\"step\": null, \"low\": 0.1, \"high\": 100.0, \"log\": true}}"}
{"op_code":6,"worker_id":"6476cab4-0787-4fc5-ac28-58069c93edbf-23456247935296","trial_id":313,"state":1,"values":[-3511.9845176643066],"datetime_complete":"2026-07-27T12:15:27.916513"}
{"op_code":0,"worker_id":"395c35a2-2cc9-476e-aef4-0701e0ac8ac9-23456247935296","study_name":"peter_mnist_k3","directions":[2]}
{"op_code":4,"worker_id":"395c35a2-2cc9-476e-aef4-0701e0ac8ac9-23456247935296","study_id":0,"datetime_start":"2026-07-27T12:15:28.084277"}
{"op_code":9,"worker_id":"395c35a2-2cc9-476e-aef4-0701e0ac8ac9-23456247935296","trial_id":587,"system_attr":{"tpe:relative_params:0":"{\"lr\": 2.6181055454421157e-06, \"ratio\": 96.70898292588761}"}}
{"op_code":5,"worker_id":"395c35a2-2cc9-476e-aef4-0701e0ac8ac9-23456247935296","trial_id":587,"param_name":"lr","param_value_internal":2.6181055454421157e-06,"distribution":"{\"name\": \"FloatDistribution\", \"attributes\": {\"step\": null, \"low\": 1e-08, \"high\": 0.5, \"log\": true}}"}
{"op_code":5,"worker_id":"395c35a2-2cc9-476e-aef4-0701e0ac8ac9-23456247935296","trial_id":587,"param_name":"ratio","param_value_internal":96.70898292588761,"distribution":"{\"name\": \"FloatDistribution\", \"attributes\": {\"step\": null, \"low\": 0.1, \"high\": 100.0, \"log\": true}}"}
{"op_code":6,"worker_id":"ae7a6edd-b7b0-4a5d-86ec-98022abc0283-23456247935296","trial_id":369,"state":1,"values":[-3542.8755398111452],"datetime_complete":"2026-07-27T12:15:36.776505"}
{"op_code":0,"worker_id":"793b5dba-a9b4-4c38-9933-8b6702357aa5-23456247935296","study_name":"peter_mnist_k3","directions":[2]}
{"op_code":4,"worker_id":"793b5dba-a9b4-4c38-9933-8b6702357aa5-23456247935296","study_id":0,"datetime_start":"2026-07-27T12:15:36.871863"}
{"op_code":9,"worker_id":"793b5dba-a9b4-4c38-9933-8b6702357aa5-23456247935296","trial_id":588,"system_attr":{"tpe:relative_params:0":"{\"lr\": 9.902699549045517e-07, \"ratio\": 31.327402872911467}"}}
{"op_code":5,"worker_id":"793b5dba-a9b4-4c38-9933-8b6702357aa5-23456247935296","trial_id":588,"param_name":"lr","param_value_internal":9.902699549045517e-07,"distribution":"{\"name\": \"FloatDistribution\", \"attributes\": {\"step\": null, \"low\": 1e-08, \"high\": 0.5, \"log\": true}}"}
{"op_code":5,"worker_id":"793b5dba-a9b4-4c38-9933-8b6702357aa5-23456247935296","trial_id":588,"param_name":"ratio","param_value_internal":31.327402872911467,"distribution":"{\"name\": \"FloatDistribution\", \"attributes\": {\"step\": null, \"low\": 0.1, \"high\": 100.0, \"log\": true}}"}
{"op_code":6,"worker_id":"49f0cd26-4234-424b-af6e-4bcfc9e95918-23456247935296","trial_id":280,"state":1,"values":[-3558.9388819844817],"datetime_complete":"2026-07-27T12:16:34.330664"}
{"op_code":0,"worker_id":"7c7f756a-0dbb-41b4-a48f-876f84bd12c9-23456247935296","study_name":"peter_mnist_k3","directions":[2]}
{"op_code":4,"worker_id":"7c7f756a-0dbb-41b4-a48f-876f84bd12c9-23456247935296","study_id":0,"datetime_start":"2026-07-27T12:16:34.447463"}
{"op_code":9,"worker_id":"7c7f756a-0dbb-41b4-a48f-876f84bd12c9-23456247935296","trial_id":589,"system_attr":{"tpe:relative_params:0":"{\"lr\": 3.029115812345505e-07, \"ratio\": 95.0210996804375}"}}
{"op_code":5,"worker_id":"7c7f756a-0dbb-41b4-a48f-876f84bd12c9-23456247935296","trial_id":589,"param_name":"lr","param_value_internal":3.029115812345505e-07,"distribution":"{\"name\": \"FloatDistribution\", \"attributes\": {\"step\": null, \"low\": 1e-08, \"high\": 0.5, \"log\": true}}"}
{"op_code":5,"worker_id":"7c7f756a-0dbb-41b4-a48f-876f84bd12c9-23456247935296","trial_id":589,"param_name":"ratio","param_value_internal":95.0210996804375,"distribution":"{\"name\": \"FloatDistribution\", \"attributes\": {\"step\": null, \"low\": 0.1, \"high\": 100.0, \"log\": true}}"}
{"op_code":6,"worker_id":"d0a2092d-6d6a-4f2e-81d2-fa70c8cfb7e1-23456247935296","trial_id":281,"state":1,"values":[-3536.834674346091],"datetime_complete":"2026-07-27T12:16:44.909391"}
{"op_code":0,"worker_id":"74e0d1d3-8d12-4d7b-8912-389de06c1751-23456247935296","study_name":"peter_mnist_k3","directions":[2]}
{"op_code":4,"worker_id":"74e0d1d3-8d12-4d7b-8912-389de06c1751-23456247935296","study_id":0,"datetime_start":"2026-07-27T12:16:45.045353"}
{"op_code":9,"worker_id":"74e0d1d3-8d12-4d7b-8912-389de06c1751-23456247935296","trial_id":590,"system_attr":{"tpe:relative_params:0":"{\"lr\": 1.4551920617261045e-05, \"ratio\": 28.102770490209927}"}}
{"op_code":5,"worker_id":"74e0d1d3-8d12-4d7b-8912-389de06c1751-23456247935296","trial_id":590,"param_name":"lr","param_value_internal":1.4551920617261045e-05,"distribution":"{\"name\": \"FloatDistribution\", \"attributes\": {\"step\": null, \"low\": 1e-08, \"high\": 0.5, \"log\": true}}"}
{"op_code":5,"worker_id":"74e0d1d3-8d12-4d7b-8912-389de06c1751-23456247935296","trial_id":590,"param_name":"ratio","param_value_internal":28.102770490209927,"distribution":"{\"name\": \"FloatDistribution\", \"attributes\": {\"step\": null, \"low\": 0.1, \"high\": 100.0, \"log\": true}}"}
{"op_code":6,"worker_id":"79fb7623-51b4-457e-a1c8-591f57107c66-23456247935296","trial_id":320,"state":1,"values":[-3529.1162865790325],"datetime_complete":"2026-07-27T12:16:52.977542"}
{"op_code":0,"worker_id":"c4df0937-a9f6-4403-a6da-ddf612651bd7-23456247935296","study_name":"peter_mnist_k3","directions":[2]}
{"op_code":4,"worker_id":"c4df0937-a9f6-4403-a6da-ddf612651bd7-23456247935296","study_id":0,"datetime_start":"2026-07-27T12:16:53.175576"}
{"op_code":9,"worker_id":"c4df0937-a9f6-4403-a6da-ddf612651bd7-23456247935296","trial_id":591,"system_attr":{"tpe:relative_params:0":"{\"lr\": 1.0018606210355011e-06, \"ratio\": 14.317856244345654}"}}
{"op_code":5,"worker_id":"c4df0937-a9f6-4403-a6da-ddf612651bd7-23456247935296","trial_id":591,"param_name":"lr","param_value_internal":1.0018606210355011e-06,"distribution":"{\"name\": \"FloatDistribution\", \"attributes\": {\"step\": null, \"low\": 1e-08, \"high\": 0.5, \"log\": true}}"}
{"op_code":5,"worker_id":"c4df0937-a9f6-4403-a6da-ddf612651bd7-23456247935296","trial_id":591,"param_name":"ratio","param_value_internal":14.317856244345654,"distribution":"{\"name\": \"FloatDistribution\", \"attributes\": {\"step\": null, \"low\": 0.1, \"high\": 100.0, \"log\": true}}"}
{"op_code":6,"worker_id":"7d8e29f1-5ba5-4fed-abaa-48cfbf5a838c-23456247935296","trial_id":269,"state":1,"values":[-3576.5576986439273],"datetime_complete":"2026-07-27T12:17:19.946699"}
{"op_code":0,"worker_id":"7f975441-75a6-42e0-b3a6-755a4ceea23c-23456247935296","study_name":"peter_mnist_k3","directions":[2]}
{"op_code":4,"worker_id":"7f975441-75a6-42e0-b3a6-755a4ceea23c-23456247935296","study_id":0,"datetime_start":"2026-07-27T12:17:20.006993"}
{"op_code":9,"worker_id":"7f975441-75a6-42e0-b3a6-755a4ceea23c-23456247935296","trial_id":592,"system_attr":{"tpe:relative_params:0":"{\"lr\": 4.264208261559006e-06, \"ratio\": 38.20315778460663}"}}
{"op_code":5,"worker_id":"7f975441-75a6-42e0-b3a6-755a4ceea23c-23456247935296","trial_id":592,"param_name":"lr","param_value_internal":4.264208261559006e-06,"distribution":"{\"name\": \"FloatDistribution\", \"attributes\": {\"step\": null, \"low\": 1e-08, \"high\": 0.5, \"log\": true}}"}
{"op_code":5,"worker_id":"7f975441-75a6-42e0-b3a6-755a4ceea23c-23456247935296","trial_id":592,"param_name":"ratio","param_value_internal":38.20315778460663,"distribution":"{\"name\": \"FloatDistribution\", \"attributes\": {\"step\": null, \"low\": 0.1, \"high\": 100.0, \"log\": true}}"}
{"op_code":6,"worker_id":"76a21454-d278-4456-80aa-17b3a22d9b46-23456247935296","trial_id":536,"state":3,"values":null,"datetime_complete":"2026-07-27T12:18:16.163618"}
{"op_code":0,"worker_id":"8fbca743-c58b-4711-9a5d-09ddadde4756-23456247935296","study_name":"peter_mnist_k3","directions":[2]}
{"op_code":4,"worker_id":"8fbca743-c58b-4711-9a5d-09ddadde4756-23456247935296","study_id":0,"datetime_start":"2026-07-27T12:18:16.275459"}
{"op_code":9,"worker_id":"8fbca743-c58b-4711-9a5d-09ddadde4756-23456247935296","trial_id":593,"system_attr":{"tpe:relative_params:0":"{\"lr\": 1.3067912268333513e-06, \"ratio\": 28.001945237434843}"}}
{"op_code":5,"worker_id":"8fbca743-c58b-4711-9a5d-09ddadde4756-23456247935296","trial_id":593,"param_name":"lr","param_value_internal":1.3067912268333513e-06,"distribution":"{\"name\": \"FloatDistribution\", \"attributes\": {\"step\": null, \"low\": 1e-08, \"high\": 0.5, \"log\": true}}"}
{"op_code":5,"worker_id":"8fbca743-c58b-4711-9a5d-09ddadde4756-23456247935296","trial_id":593,"param_name":"ratio","param_value_internal":28.001945237434843,"distribution":"{\"name\": \"FloatDistribution\", \"attributes\": {\"step\": null, \"low\": 0.1, \"high\": 100.0, \"log\": true}}"}
{"op_code":6,"worker_id":"b3710781-c970-4229-8067-c8f27346996b-23456247935296","trial_id":539,"state":3,"values":null,"datetime_complete":"2026-07-27T12:18:59.149540"}
{"op_code":0,"worker_id":"aa972d71-b57f-4848-a3b6-9fc49c16eff6-23456247935296","study_name":"peter_mnist_k3","directions":[2]}
{"op_code":4,"worker_id":"aa972d71-b57f-4848-a3b6-9fc49c16eff6-23456247935296","study_id":0,"datetime_start":"2026-07-27T12:18:59.279324"}
{"op_code":9,"worker_id":"aa972d71-b57f-4848-a3b6-9fc49c16eff6-23456247935296","trial_id":594,"system_attr":{"tpe:relative_params:0":"{\"lr\": 1.9342563814258426e-05, \"ratio\": 13.580600202733569}"}}
{"op_code":5,"worker_id":"aa972d71-b57f-4848-a3b6-9fc49c16eff6-23456247935296","trial_id":594,"param_name":"lr","param_value_internal":1.9342563814258426e-05,"distribution":"{\"name\": \"FloatDistribution\", \"attributes\": {\"step\": null, \"low\": 1e-08, \"high\": 0.5, \"log\": true}}"}
{"op_code":5,"worker_id":"aa972d71-b57f-4848-a3b6-9fc49c16eff6-23456247935296","trial_id":594,"param_name":"ratio","param_value_internal":13.580600202733569,"distribution":"{\"name\": \"FloatDistribution\", \"attributes\": {\"step\": null, \"low\": 0.1, \"high\": 100.0, \"log\": true}}"}
{"op_code":6,"worker_id":"f10900a6-4be4-4fda-aecb-d62f60f3fb57-23456247935296","trial_id":353,"state":1,"values":[-3570.1580234811377],"datetime_complete":"2026-07-27T12:19:04.112787"}
{"op_code":0,"worker_id":"2feff89a-9241-43a2-9a64-60d869adcc26-23456247935296","study_name":"peter_mnist_k3","directions":[2]}
{"op_code":4,"worker_id":"2feff89a-9241-43a2-9a64-60d869adcc26-23456247935296","study_id":0,"datetime_start":"2026-07-27T12:19:04.233603"}
{"op_code":9,"worker_id":"2feff89a-9241-43a2-9a64-60d869adcc26-23456247935296","trial_id":595,"system_attr":{"tpe:relative_params:0":"{\"lr\": 3.772575881512006e-06, \"ratio\": 0.3018436236705097}"}}
{"op_code":5,"worker_id":"2feff89a-9241-43a2-9a64-60d869adcc26-23456247935296","trial_id":595,"param_name":"lr","param_value_internal":3.772575881512006e-06,"distribution":"{\"name\": \"FloatDistribution\", \"attributes\": {\"step\": null, \"low\": 1e-08, \"high\": 0.5, \"log\": true}}"}
{"op_code":5,"worker_id":"2feff89a-9241-43a2-9a64-60d869adcc26-23456247935296","trial_id":595,"param_name":"ratio","param_value_internal":0.3018436236705097,"distribution":"{\"name\": \"FloatDistribution\", \"attributes\": {\"step\": null, \"low\": 0.1, \"high\": 100.0, \"log\": true}}"}
{"op_code":6,"worker_id":"66501aea-297e-494e-a379-5ea510436546-23456247935296","trial_id":541,"state":3,"values":null,"datetime_complete":"2026-07-27T12:19:15.907227"}
{"op_code":0,"worker_id":"82da579b-6467-4d1c-8307-e2207a7bceef-23456247935296","study_name":"peter_mnist_k3","directions":[2]}
{"op_code":4,"worker_id":"82da579b-6467-4d1c-8307-e2207a7bceef-23456247935296","study_id":0,"datetime_start":"2026-07-27T12:19:15.989488"}
{"op_code":9,"worker_id":"82da579b-6467-4d1c-8307-e2207a7bceef-23456247935296","trial_id":596,"system_attr":{"tpe:relative_params:0":"{\"lr\": 6.042151049776079e-07, \"ratio\": 5.764779174098626}"}}
{"op_code":5,"worker_id":"82da579b-6467-4d1c-8307-e2207a7bceef-23456247935296","trial_id":596,"param_name":"lr","param_value_internal":6.042151049776079e-07,"distribution":"{\"name\": \"FloatDistribution\", \"attributes\": {\"step\": null, \"low\": 1e-08, \"high\": 0.5, \"log\": true}}"}
{"op_code":5,"worker_id":"82da579b-6467-4d1c-8307-e2207a7bceef-23456247935296","trial_id":596,"param_name":"ratio","param_value_internal":5.764779174098626,"distribution":"{\"name\": \"FloatDistribution\", \"attributes\": {\"step\": null, \"low\": 0.1, \"high\": 100.0, \"log\": true}}"}
{"op_code":6,"worker_id":"88a548db-a760-4d13-9a1e-4349bdd39dab-23456247935296","trial_id":540,"state":3,"values":null,"datetime_complete":"2026-07-27T12:19:22.771124"}
{"op_code":0,"worker_id":"4c1d9ca0-86f5-4343-b57c-86746abed323-23456247935296","study_name":"peter_mnist_k3","directions":[2]}
{"op_code":4,"worker_id":"4c1d9ca0-86f5-4343-b57c-86746abed323-23456247935296","study_id":0,"datetime_start":"2026-07-27T12:19:22.853742"}
{"op_code":9,"worker_id":"4c1d9ca0-86f5-4343-b57c-86746abed323-23456247935296","trial_id":597,"system_attr":{"tpe:relative_params:0":"{\"lr\": 7.159614733066683e-07, \"ratio\": 53.43940811853675}"}}
{"op_code":5,"worker_id":"4c1d9ca0-86f5-4343-b57c-86746abed323-23456247935296","trial_id":597,"param_name":"lr","param_value_internal":7.159614733066683e-07,"distribution":"{\"name\": \"FloatDistribution\", \"attributes\": {\"step\": null, \"low\": 1e-08, \"high\": 0.5, \"log\": true}}"}
{"op_code":5,"worker_id":"4c1d9ca0-86f5-4343-b57c-86746abed323-23456247935296","trial_id":597,"param_name":"ratio","param_value_internal":53.43940811853675,"distribution":"{\"name\": \"FloatDistribution\", \"attributes\": {\"step\": null, \"low\": 0.1, \"high\": 100.0, \"log\": true}}"}
{"op_code":6,"worker_id":"de99aa6e-7bb8-44c4-83ec-686b04060820-23456247935296","trial_id":538,"state":3,"values":null,"datetime_complete":"2026-07-27T12:19:50.780577"}
{"op_code":0,"worker_id":"fe07f2b4-e242-487c-a976-e4c5ce221ffc-23456247935296","study_name":"peter_mnist_k3","directions":[2]}
{"op_code":4,"worker_id":"fe07f2b4-e242-487c-a976-e4c5ce221ffc-23456247935296","study_id":0,"datetime_start":"2026-07-27T12:19:50.845829"}
{"op_code":9,"worker_id":"fe07f2b4-e242-487c-a976-e4c5ce221ffc-23456247935296","trial_id":598,"system_attr":{"tpe:relative_params:0":"{\"lr\": 2.7104743773547596e-07, \"ratio\": 41.94289792258931}"}}
{"op_code":5,"worker_id":"fe07f2b4-e242-487c-a976-e4c5ce221ffc-23456247935296","trial_id":598,"param_name":"lr","param_value_internal":2.7104743773547596e-07,"distribution":"{\"name\": \"FloatDistribution\", \"attributes\": {\"step\": null, \"low\": 1e-08, \"high\": 0.5, \"log\": true}}"}
{"op_code":5,"worker_id":"fe07f2b4-e242-487c-a976-e4c5ce221ffc-23456247935296","trial_id":598,"param_name":"ratio","param_value_internal":41.94289792258931,"distribution":"{\"name\": \"FloatDistribution\", \"attributes\": {\"step\": null, \"low\": 0.1, \"high\": 100.0, \"log\": true}}"}
{"op_code":6,"worker_id":"2bfe8551-79b1-41a2-91c5-41ed45c82839-23456247935296","trial_id":545,"state":3,"values":null,"datetime_complete":"2026-07-27T12:22:02.012994"}
{"op_code":0,"worker_id":"f1b2ef56-37b9-415c-8285-1d3eb27ee5e6-23456247935296","study_name":"peter_mnist_k3","directions":[2]}
{"op_code":4,"worker_id":"f1b2ef56-37b9-415c-8285-1d3eb27ee5e6-23456247935296","study_id":0,"datetime_start":"2026-07-27T12:22:02.149508"}
{"op_code":9,"worker_id":"f1b2ef56-37b9-415c-8285-1d3eb27ee5e6-23456247935296","trial_id":599,"system_attr":{"tpe:relative_params:0":"{\"lr\": 1.2717017274998948e-06, \"ratio\": 10.605085251967186}"}}
{"op_code":5,"worker_id":"f1b2ef56-37b9-415c-8285-1d3eb27ee5e6-23456247935296","trial_id":599,"param_name":"lr","param_value_internal":1.2717017274998948e-06,"distribution":"{\"name\": \"FloatDistribution\", \"attributes\": {\"step\": null, \"low\": 1e-08, \"high\": 0.5, \"log\": true}}"}
{"op_code":5,"worker_id":"f1b2ef56-37b9-415c-8285-1d3eb27ee5e6-23456247935296","trial_id":599,"param_name":"ratio","param_value_internal":10.605085251967186,"distribution":"{\"name\": \"FloatDistribution\", \"attributes\": {\"step\": null, \"low\": 0.1, \"high\": 100.0, \"log\": true}}"}
{"op_code":6,"worker_id":"2d956fc6-2ce6-41d8-8d4b-b067548b86bc-23456247935296","trial_id":549,"state":3,"values":null,"datetime_complete":"2026-07-27T12:22:12.249856"}
{"op_code":0,"worker_id":"10e0e7a9-ea59-4275-9812-c8a6e638202d-23456247935296","study_name":"peter_mnist_k3","directions":[2]}
{"op_code":4,"worker_id":"10e0e7a9-ea59-4275-9812-c8a6e638202d-23456247935296","study_id":0,"datetime_start":"2026-07-27T12:22:12.544804"}
{"op_code":9,"worker_id":"10e0e7a9-ea59-4275-9812-c8a6e638202d-23456247935296","trial_id":600,"system_attr":{"tpe:relative_params:0":"{\"lr\": 2.3064544647714813e-06, \"ratio\": 1.1101327007567652}"}}
{"op_code":5,"worker_id":"10e0e7a9-ea59-4275-9812-c8a6e638202d-23456247935296","trial_id":600,"param_name":"lr","param_value_internal":2.3064544647714813e-06,"distribution":"{\"name\": \"FloatDistribution\", \"attributes\": {\"step\": null, \"low\": 1e-08, \"high\": 0.5, \"log\": true}}"}
{"op_code":5,"worker_id":"10e0e7a9-ea59-4275-9812-c8a6e638202d-23456247935296","trial_id":600,"param_name":"ratio","param_value_internal":1.1101327007567652,"distribution":"{\"name\": \"FloatDistribution\", \"attributes\": {\"step\": null, \"low\": 0.1, \"high\": 100.0, \"log\": true}}"}
{"op_code":6,"worker_id":"50e40c51-9cc1-4f0e-af52-529b47101b09-23456247935296","trial_id":551,"state":3,"values":null,"datetime_complete":"2026-07-27T12:23:25.976566"}
{"op_code":0,"worker_id":"91272185-e404-4000-b1b2-66b18d123ba7-23456247935296","study_name":"peter_mnist_k3","directions":[2]}
{"op_code":4,"worker_id":"91272185-e404-4000-b1b2-66b18d123ba7-23456247935296","study_id":0,"datetime_start":"2026-07-27T12:23:26.367863"}
{"op_code":9,"worker_id":"91272185-e404-4000-b1b2-66b18d123ba7-23456247935296","trial_id":601,"system_attr":{"tpe:relative_params:0":"{\"lr\": 2.22647111801076e-07, \"ratio\": 36.32663498885774}"}}
{"op_code":5,"worker_id":"91272185-e404-4000-b1b2-66b18d123ba7-23456247935296","trial_id":601,"param_name":"lr","param_value_internal":2.22647111801076e-07,"distribution":"{\"name\": \"FloatDistribution\", \"attributes\": {\"step\": null, \"low\": 1e-08, \"high\": 0.5, \"log\": true}}"}
{"op_code":5,"worker_id":"91272185-e404-4000-b1b2-66b18d123ba7-23456247935296","trial_id":601,"param_name":"ratio","param_value_internal":36.32663498885774,"distribution":"{\"name\": \"FloatDistribution\", \"attributes\": {\"step\": null, \"low\": 0.1, \"high\": 100.0, \"log\": true}}"}
{"op_code":6,"worker_id":"e5019100-d944-4a99-87b4-7bccacb04820-23456247935296","trial_id":547,"state":3,"values":null,"datetime_complete":"2026-07-27T12:23:43.031706"}
{"op_code":0,"worker_id":"3cd6e89e-559d-4fa3-9668-57cc1f9e9e24-23456247935296","study_name":"peter_mnist_k3","directions":[2]}
{"op_code":4,"worker_id":"3cd6e89e-559d-4fa3-9668-57cc1f9e9e24-23456247935296","study_id":0,"datetime_start":"2026-07-27T12:23:43.150400"}
{"op_code":9,"worker_id":"3cd6e89e-559d-4fa3-9668-57cc1f9e9e24-23456247935296","trial_id":602,"system_attr":{"tpe:relative_params:0":"{\"lr\": 1.4315249278709412e-06, \"ratio\": 4.787839626033711}"}}
{"op_code":5,"worker_id":"3cd6e89e-559d-4fa3-9668-57cc1f9e9e24-23456247935296","trial_id":602,"param_name":"lr","param_value_internal":1.4315249278709412e-06,"distribution":"{\"name\": \"FloatDistribution\", \"attributes\": {\"step\": null, \"low\": 1e-08, \"high\": 0.5, \"log\": true}}"}
{"op_code":5,"worker_id":"3cd6e89e-559d-4fa3-9668-57cc1f9e9e24-23456247935296","trial_id":602,"param_name":"ratio","param_value_internal":4.787839626033711,"distribution":"{\"name\": \"FloatDistribution\", \"attributes\": {\"step\": null, \"low\": 0.1, \"high\": 100.0, \"log\": true}}"}
{"op_code":6,"worker_id":"fb5bf62f-6c14-4797-af38-42958c6ff4ec-23456247935296","trial_id":526,"state":3,"values":null,"datetime_complete":"2026-07-27T12:23:52.980743"}
{"op_code":0,"worker_id":"24622196-fdd2-434d-a224-0f2dd349131c-23456247935296","study_name":"peter_mnist_k3","directions":[2]}
{"op_code":4,"worker_id":"24622196-fdd2-434d-a224-0f2dd349131c-23456247935296","study_id":0,"datetime_start":"2026-07-27T12:23:53.399216"}
{"op_code":9,"worker_id":"24622196-fdd2-434d-a224-0f2dd349131c-23456247935296","trial_id":603,"system_attr":{"tpe:relative_params:0":"{\"lr\": 2.941910790291102e-06, \"ratio\": 0.3828220940794726}"}}
{"op_code":5,"worker_id":"24622196-fdd2-434d-a224-0f2dd349131c-23456247935296","trial_id":603,"param_name":"lr","param_value_internal":2.941910790291102e-06,"distribution":"{\"name\": \"FloatDistribution\", \"attributes\": {\"step\": null, \"low\": 1e-08, \"high\": 0.5, \"log\": true}}"}
{"op_code":5,"worker_id":"24622196-fdd2-434d-a224-0f2dd349131c-23456247935296","trial_id":603,"param_name":"ratio","param_value_internal":0.3828220940794726,"distribution":"{\"name\": \"FloatDistribution\", \"attributes\": {\"step\": null, \"low\": 0.1, \"high\": 100.0, \"log\": true}}"}
{"op_code":6,"worker_id":"eba53f14-f945-4544-9e09-179766f5644b-23456247935296","trial_id":420,"state":1,"values":[-3555.143912440421],"datetime_complete":"2026-07-27T12:26:42.210673"}
{"op_code":0,"worker_id":"17b63c8b-4a82-4d72-a8da-6d549097ff61-23456247935296","study_name":"peter_mnist_k3","directions":[2]}
{"op_code":4,"worker_id":"17b63c8b-4a82-4d72-a8da-6d549097ff61-23456247935296","study_id":0,"datetime_start":"2026-07-27T12:26:42.302565"}
{"op_code":9,"worker_id":"17b63c8b-4a82-4d72-a8da-6d549097ff61-23456247935296","trial_id":604,"system_attr":{"tpe:relative_params:0":"{\"lr\": 1.4983451159918618e-06, \"ratio\": 88.82052975424918}"}}
{"op_code":5,"worker_id":"17b63c8b-4a82-4d72-a8da-6d549097ff61-23456247935296","trial_id":604,"param_name":"lr","param_value_internal":1.4983451159918618e-06,"distribution":"{\"name\": \"FloatDistribution\", \"attributes\": {\"step\": null, \"low\": 1e-08, \"high\": 0.5, \"log\": true}}"}
{"op_code":5,"worker_id":"17b63c8b-4a82-4d72-a8da-6d549097ff61-23456247935296","trial_id":604,"param_name":"ratio","param_value_internal":88.82052975424918,"distribution":"{\"name\": \"FloatDistribution\", \"attributes\": {\"step\": null, \"low\": 0.1, \"high\": 100.0, \"log\": true}}"}
{"op_code":6,"worker_id":"b2eb79d3-1804-4a66-8a63-3d4cdfa9f9d7-23456247935296","trial_id":546,"state":3,"values":null,"datetime_complete":"2026-07-27T12:26:44.376120"}
{"op_code":0,"worker_id":"7601d539-f023-4428-9891-7f3ad652718d-23456247935296","study_name":"peter_mnist_k3","directions":[2]}
{"op_code":4,"worker_id":"7601d539-f023-4428-9891-7f3ad652718d-23456247935296","study_id":0,"datetime_start":"2026-07-27T12:26:44.499974"}
{"op_code":9,"worker_id":"7601d539-f023-4428-9891-7f3ad652718d-23456247935296","trial_id":605,"system_attr":{"tpe:relative_params:0":"{\"lr\": 2.167432500570094e-05, \"ratio\": 33.061415201736864}"}}
{"op_code":5,"worker_id":"7601d539-f023-4428-9891-7f3ad652718d-23456247935296","trial_id":605,"param_name":"lr","param_value_internal":2.167432500570094e-05,"distribution":"{\"name\": \"FloatDistribution\", \"attributes\": {\"step\": null, \"low\": 1e-08, \"high\": 0.5, \"log\": true}}"}
{"op_code":5,"worker_id":"7601d539-f023-4428-9891-7f3ad652718d-23456247935296","trial_id":605,"param_name":"ratio","param_value_internal":33.061415201736864,"distribution":"{\"name\": \"FloatDistribution\", \"attributes\": {\"step\": null, \"low\": 0.1, \"high\": 100.0, \"log\": true}}"}
{"op_code":6,"worker_id":"b0deb0e9-4f19-482e-a630-171beb5349fd-23456247935296","trial_id":567,"state":3,"values":null,"datetime_complete":"2026-07-27T12:26:52.132174"}
{"op_code":0,"worker_id":"f2095689-6724-48c8-8c89-8342e41b06bf-23456247935296","study_name":"peter_mnist_k3","directions":[2]}
{"op_code":4,"worker_id":"f2095689-6724-48c8-8c89-8342e41b06bf-23456247935296","study_id":0,"datetime_start":"2026-07-27T12:26:52.232418"}
{"op_code":9,"worker_id":"f2095689-6724-48c8-8c89-8342e41b06bf-23456247935296","trial_id":606,"system_attr":{"tpe:relative_params:0":"{\"lr\": 2.394905178113331e-05, \"ratio\": 65.98070116964509}"}}
{"op_code":5,"worker_id":"f2095689-6724-48c8-8c89-8342e41b06bf-23456247935296","trial_id":606,"param_name":"lr","param_value_internal":2.394905178113331e-05,"distribution":"{\"name\": \"FloatDistribution\", \"attributes\": {\"step\": null, \"low\": 1e-08, \"high\": 0.5, \"log\": true}}"}
{"op_code":5,"worker_id":"f2095689-6724-48c8-8c89-8342e41b06bf-23456247935296","trial_id":606,"param_name":"ratio","param_value_internal":65.98070116964509,"distribution":"{\"name\": \"FloatDistribution\", \"attributes\": {\"step\": null, \"low\": 0.1, \"high\": 100.0, \"log\": true}}"}
{"op_code":6,"worker_id":"83dacf61-8bc3-408a-ade3-8f2f13b11e0a-23456247935296","trial_id":550,"state":3,"values":null,"datetime_complete":"2026-07-27T12:27:02.845999"}
{"op_code":0,"worker_id":"a6dd6c6e-2e8c-43e8-a1ed-75c4d50499f0-23456247935296","study_name":"peter_mnist_k3","directions":[2]}
{"op_code":4,"worker_id":"a6dd6c6e-2e8c-43e8-a1ed-75c4d50499f0-23456247935296","study_id":0,"datetime_start":"2026-07-27T12:27:02.927016"}
{"op_code":9,"worker_id":"a6dd6c6e-2e8c-43e8-a1ed-75c4d50499f0-23456247935296","trial_id":607,"system_attr":{"tpe:relative_params:0":"{\"lr\": 4.848849420437268e-07, \"ratio\": 15.062717243456868}"}}
{"op_code":5,"worker_id":"a6dd6c6e-2e8c-43e8-a1ed-75c4d50499f0-23456247935296","trial_id":607,"param_name":"lr","param_value_internal":4.848849420437268e-07,"distribution":"{\"name\": \"FloatDistribution\", \"attributes\": {\"step\": null, \"low\": 1e-08, \"high\": 0.5, \"log\": true}}"}
{"op_code":5,"worker_id":"a6dd6c6e-2e8c-43e8-a1ed-75c4d50499f0-23456247935296","trial_id":607,"param_name":"ratio","param_value_internal":15.062717243456868,"distribution":"{\"name\": \"FloatDistribution\", \"attributes\": {\"step\": null, \"low\": 0.1, \"high\": 100.0, \"log\": true}}"}
{"op_code":6,"worker_id":"f33e56a2-7532-408f-a96b-759bd3e5d6c6-23456247935296","trial_id":564,"state":3,"values":null,"datetime_complete":"2026-07-27T12:27:08.321949"}
{"op_code":0,"worker_id":"bb59e991-a132-4546-801d-5ad27379b928-23456247935296","study_name":"peter_mnist_k3","directions":[2]}
{"op_code":4,"worker_id":"bb59e991-a132-4546-801d-5ad27379b928-23456247935296","study_id":0,"datetime_start":"2026-07-27T12:27:08.373269"}
{"op_code":9,"worker_id":"bb59e991-a132-4546-801d-5ad27379b928-23456247935296","trial_id":608,"system_attr":{"tpe:relative_params:0":"{\"lr\": 1.3801299831201852e-05, \"ratio\": 1.072945599716254}"}}
{"op_code":5,"worker_id":"bb59e991-a132-4546-801d-5ad27379b928-23456247935296","trial_id":608,"param_name":"lr","param_value_internal":1.3801299831201852e-05,"distribution":"{\"name\": \"FloatDistribution\", \"attributes\": {\"step\": null, \"low\": 1e-08, \"high\": 0.5, \"log\": true}}"}
{"op_code":5,"worker_id":"bb59e991-a132-4546-801d-5ad27379b928-23456247935296","trial_id":608,"param_name":"ratio","param_value_internal":1.072945599716254,"distribution":"{\"name\": \"FloatDistribution\", \"attributes\": {\"step\": null, \"low\": 0.1, \"high\": 100.0, \"log\": true}}"}
{"op_code":6,"worker_id":"c0cf1f47-e68d-4cd4-bd1f-da5c041ab5f6-23456247935296","trial_id":552,"state":3,"values":null,"datetime_complete":"2026-07-27T12:27:55.764343"}
{"op_code":0,"worker_id":"2d75465b-d806-453d-83e6-50581ed798f7-23456247935296","study_name":"peter_mnist_k3","directions":[2]}
{"op_code":4,"worker_id":"2d75465b-d806-453d-83e6-50581ed798f7-23456247935296","study_id":0,"datetime_start":"2026-07-27T12:27:55.910096"}
{"op_code":9,"worker_id":"2d75465b-d806-453d-83e6-50581ed798f7-23456247935296","trial_id":609,"system_attr":{"tpe:relative_params:0":"{\"lr\": 4.7657236296847745e-06, \"ratio\": 47.14593743843197}"}}
{"op_code":5,"worker_id":"2d75465b-d806-453d-83e6-50581ed798f7-23456247935296","trial_id":609,"param_name":"lr","param_value_internal":4.7657236296847745e-06,"distribution":"{\"name\": \"FloatDistribution\", \"attributes\": {\"step\": null, \"low\": 1e-08, \"high\": 0.5, \"log\": true}}"}
{"op_code":5,"worker_id":"2d75465b-d806-453d-83e6-50581ed798f7-23456247935296","trial_id":609,"param_name":"ratio","param_value_internal":47.14593743843197,"distribution":"{\"name\": \"FloatDistribution\", \"attributes\": {\"step\": null, \"low\": 0.1, \"high\": 100.0, \"log\": true}}"}
{"op_code":6,"worker_id":"ecdbdaf9-6d1c-4c1b-a36c-19c5dc101b5b-23456247935296","trial_id":558,"state":3,"values":null,"datetime_complete":"2026-07-27T12:28:01.404118"}
{"op_code":0,"worker_id":"1c4d3a06-6953-4705-9069-8f2fb24b2724-23456247935296","study_name":"peter_mnist_k3","directions":[2]}
{"op_code":4,"worker_id":"1c4d3a06-6953-4705-9069-8f2fb24b2724-23456247935296","study_id":0,"datetime_start":"2026-07-27T12:28:01.483874"}
{"op_code":9,"worker_id":"1c4d3a06-6953-4705-9069-8f2fb24b2724-23456247935296","trial_id":610,"system_attr":{"tpe:relative_params:0":"{\"lr\": 3.5790471655054335e-05, \"ratio\": 2.214933411049849}"}}
{"op_code":5,"worker_id":"1c4d3a06-6953-4705-9069-8f2fb24b2724-23456247935296","trial_id":610,"param_name":"lr","param_value_internal":3.5790471655054335e-05,"distribution":"{\"name\": \"FloatDistribution\", \"attributes\": {\"step\": null, \"low\": 1e-08, \"high\": 0.5, \"log\": true}}"}
{"op_code":5,"worker_id":"1c4d3a06-6953-4705-9069-8f2fb24b2724-23456247935296","trial_id":610,"param_name":"ratio","param_value_internal":2.214933411049849,"distribution":"{\"name\": \"FloatDistribution\", \"attributes\": {\"step\": null, \"low\": 0.1, \"high\": 100.0, \"log\": true}}"}
{"op_code":6,"worker_id":"6b9312d7-1d63-471e-807c-666ec34f0a34-23456247935296","trial_id":555,"state":3,"values":null,"datetime_complete":"2026-07-27T12:28:13.218684"}
{"op_code":0,"worker_id":"524e60d8-a3c1-4d54-9de9-75a95a272683-23456247935296","study_name":"peter_mnist_k3","directions":[2]}
{"op_code":4,"worker_id":"524e60d8-a3c1-4d54-9de9-75a95a272683-23456247935296","study_id":0,"datetime_start":"2026-07-27T12:28:13.300665"}
{"op_code":9,"worker_id":"524e60d8-a3c1-4d54-9de9-75a95a272683-23456247935296","trial_id":611,"system_attr":{"tpe:relative_params:0":"{\"lr\": 0.012464123514414347, \"ratio\": 0.18284926269543778}"}}
{"op_code":5,"worker_id":"524e60d8-a3c1-4d54-9de9-75a95a272683-23456247935296","trial_id":611,"param_name":"lr","param_value_internal":0.012464123514414347,"distribution":"{\"name\": \"FloatDistribution\", \"attributes\": {\"step\": null, \"low\": 1e-08, \"high\": 0.5, \"log\": true}}"}
{"op_code":5,"worker_id":"524e60d8-a3c1-4d54-9de9-75a95a272683-23456247935296","trial_id":611,"param_name":"ratio","param_value_internal":0.18284926269543778,"distribution":"{\"name\": \"FloatDistribution\", \"attributes\": {\"step\": null, \"low\": 0.1, \"high\": 100.0, \"log\": true}}"}
{"op_code":6,"worker_id":"ee27a61c-c651-4469-9720-699c73e106bd-23456247935296","trial_id":572,"state":3,"values":null,"datetime_complete":"2026-07-27T12:29:11.660808"}
{"op_code":0,"worker_id":"fd3b217b-6a83-44d5-8f79-2320ef7d818c-23456247935296","study_name":"peter_mnist_k3","directions":[2]}
{"op_code":4,"worker_id":"fd3b217b-6a83-44d5-8f79-2320ef7d818c-23456247935296","study_id":0,"datetime_start":"2026-07-27T12:29:11.744380"}
{"op_code":9,"worker_id":"fd3b217b-6a83-44d5-8f79-2320ef7d818c-23456247935296","trial_id":612,"system_attr":{"tpe:relative_params:0":"{\"lr\": 1.0814367672487674e-07, \"ratio\": 97.9109271193512}"}}
{"op_code":5,"worker_id":"fd3b217b-6a83-44d5-8f79-2320ef7d818c-23456247935296","trial_id":612,"param_name":"lr","param_value_internal":1.0814367672487674e-07,"distribution":"{\"name\": \"FloatDistribution\", \"attributes\": {\"step\": null, \"low\": 1e-08, \"high\": 0.5, \"log\": true}}"}
{"op_code":5,"worker_id":"fd3b217b-6a83-44d5-8f79-2320ef7d818c-23456247935296","trial_id":612,"param_name":"ratio","param_value_internal":97.9109271193512,"distribution":"{\"name\": \"FloatDistribution\", \"attributes\": {\"step\": null, \"low\": 0.1, \"high\": 100.0, \"log\": true}}"}
{"op_code":6,"worker_id":"d0c82014-878b-41e7-98c5-58044ffb961c-23456247935296","trial_id":561,"state":3,"values":null,"datetime_complete":"2026-07-27T12:29:34.083752"}
{"op_code":0,"worker_id":"3fe4b3a3-1f1c-4d9c-9182-72e8329fe9eb-23456247935296","study_name":"peter_mnist_k3","directions":[2]}
{"op_code":4,"worker_id":"3fe4b3a3-1f1c-4d9c-9182-72e8329fe9eb-23456247935296","study_id":0,"datetime_start":"2026-07-27T12:29:34.264572"}
{"op_code":9,"worker_id":"3fe4b3a3-1f1c-4d9c-9182-72e8329fe9eb-23456247935296","trial_id":613,"system_attr":{"tpe:relative_params:0":"{\"lr\": 1.2972747565922911e-05, \"ratio\": 0.29704733417369067}"}}
{"op_code":5,"worker_id":"3fe4b3a3-1f1c-4d9c-9182-72e8329fe9eb-23456247935296","trial_id":613,"param_name":"lr","param_value_internal":1.2972747565922911e-05,"distribution":"{\"name\": \"FloatDistribution\", \"attributes\": {\"step\": null, \"low\": 1e-08, \"high\": 0.5, \"log\": true}}"}
{"op_code":5,"worker_id":"3fe4b3a3-1f1c-4d9c-9182-72e8329fe9eb-23456247935296","trial_id":613,"param_name":"ratio","param_value_internal":0.29704733417369067,"distribution":"{\"name\": \"FloatDistribution\", \"attributes\": {\"step\": null, \"low\": 0.1, \"high\": 100.0, \"log\": true}}"}
{"op_code":6,"worker_id":"cfe5d3b5-02ef-43f3-a96e-2b07c4229d6e-23456247935296","trial_id":417,"state":3,"values":null,"datetime_complete":"2026-07-27T12:29:44.524035"}
{"op_code":0,"worker_id":"452e208a-106d-4caf-ac1c-d4e9e7ab8d8a-23456247935296","study_name":"peter_mnist_k3","directions":[2]}
{"op_code":4,"worker_id":"452e208a-106d-4caf-ac1c-d4e9e7ab8d8a-23456247935296","study_id":0,"datetime_start":"2026-07-27T12:29:44.625734"}
{"op_code":9,"worker_id":"452e208a-106d-4caf-ac1c-d4e9e7ab8d8a-23456247935296","trial_id":614,"system_attr":{"tpe:relative_params:0":"{\"lr\": 0.00017541156956664677, \"ratio\": 1.072550579144048}"}}
{"op_code":5,"worker_id":"452e208a-106d-4caf-ac1c-d4e9e7ab8d8a-23456247935296","trial_id":614,"param_name":"lr","param_value_internal":0.00017541156956664677,"distribution":"{\"name\": \"FloatDistribution\", \"attributes\": {\"step\": null, \"low\": 1e-08, \"high\": 0.5, \"log\": true}}"}
{"op_code":5,"worker_id":"452e208a-106d-4caf-ac1c-d4e9e7ab8d8a-23456247935296","trial_id":614,"param_name":"ratio","param_value_internal":1.072550579144048,"distribution":"{\"name\": \"FloatDistribution\", \"attributes\": {\"step\": null, \"low\": 0.1, \"high\": 100.0, \"log\": true}}"}
{"op_code":6,"worker_id":"c1ce31db-1b71-464f-9711-186b9022f73b-23456247935296","trial_id":553,"state":3,"values":null,"datetime_complete":"2026-07-27T12:29:49.973407"}
{"op_code":0,"worker_id":"3a4f7cff-b958-48cd-9b9f-c8b9da055806-23456247935296","study_name":"peter_mnist_k3","directions":[2]}
{"op_code":4,"worker_id":"3a4f7cff-b958-48cd-9b9f-c8b9da055806-23456247935296","study_id":0,"datetime_start":"2026-07-27T12:29:50.142423"}
{"op_code":9,"worker_id":"3a4f7cff-b958-48cd-9b9f-c8b9da055806-23456247935296","trial_id":615,"system_attr":{"tpe:relative_params:0":"{\"lr\": 3.0560221236572396e-05, \"ratio\": 87.0763321947017}"}}
{"op_code":5,"worker_id":"3a4f7cff-b958-48cd-9b9f-c8b9da055806-23456247935296","trial_id":615,"param_name":"lr","param_value_internal":3.0560221236572396e-05,"distribution":"{\"name\": \"FloatDistribution\", \"attributes\": {\"step\": null, \"low\": 1e-08, \"high\": 0.5, \"log\": true}}"}
{"op_code":5,"worker_id":"3a4f7cff-b958-48cd-9b9f-c8b9da055806-23456247935296","trial_id":615,"param_name":"ratio","param_value_internal":87.0763321947017,"distribution":"{\"name\": \"FloatDistribution\", \"attributes\": {\"step\": null, \"low\": 0.1, \"high\": 100.0, \"log\": true}}"}
{"op_code":6,"worker_id":"e54c3fb8-20a2-47b1-aa59-39bb3d394f8d-23456247935296","trial_id":576,"state":3,"values":null,"datetime_complete":"2026-07-27T12:30:04.500578"}
{"op_code":0,"worker_id":"8921ba6d-6693-4163-a77d-fe5922880929-23456247935296","study_name":"peter_mnist_k3","directions":[2]}
{"op_code":4,"worker_id":"8921ba6d-6693-4163-a77d-fe5922880929-23456247935296","study_id":0,"datetime_start":"2026-07-27T12:30:05.005552"}
{"op_code":9,"worker_id":"8921ba6d-6693-4163-a77d-fe5922880929-23456247935296","trial_id":616,"system_attr":{"tpe:relative_params:0":"{\"lr\": 2.7239178623567064e-06, \"ratio\": 0.13356577646856402}"}}
{"op_code":5,"worker_id":"8921ba6d-6693-4163-a77d-fe5922880929-23456247935296","trial_id":616,"param_name":"lr","param_value_internal":2.7239178623567064e-06,"distribution":"{\"name\": \"FloatDistribution\", \"attributes\": {\"step\": null, \"low\": 1e-08, \"high\": 0.5, \"log\": true}}"}
{"op_code":5,"worker_id":"8921ba6d-6693-4163-a77d-fe5922880929-23456247935296","trial_id":616,"param_name":"ratio","param_value_internal":0.13356577646856402,"distribution":"{\"name\": \"FloatDistribution\", \"attributes\": {\"step\": null, \"low\": 0.1, \"high\": 100.0, \"log\": true}}"}
{"op_code":6,"worker_id":"9f0e7838-a1b9-432a-b8b7-4ff091fb096b-23456247935296","trial_id":554,"state":3,"values":null,"datetime_complete":"2026-07-27T12:30:11.993320"}
{"op_code":0,"worker_id":"a4c8571d-d8cd-49d6-8b63-29e05888cf3d-23456247935296","study_name":"peter_mnist_k3","directions":[2]}
{"op_code":4,"worker_id":"a4c8571d-d8cd-49d6-8b63-29e05888cf3d-23456247935296","study_id":0,"datetime_start":"2026-07-27T12:30:12.169306"}
{"op_code":9,"worker_id":"a4c8571d-d8cd-49d6-8b63-29e05888cf3d-23456247935296","trial_id":617,"system_attr":{"tpe:relative_params:0":"{\"lr\": 5.582985948625889e-05, \"ratio\": 74.59543610398995}"}}
{"op_code":5,"worker_id":"a4c8571d-d8cd-49d6-8b63-29e05888cf3d-23456247935296","trial_id":617,"param_name":"lr","param_value_internal":5.582985948625889e-05,"distribution":"{\"name\": \"FloatDistribution\", \"attributes\": {\"step\": null, \"low\": 1e-08, \"high\": 0.5, \"log\": true}}"}
{"op_code":5,"worker_id":"a4c8571d-d8cd-49d6-8b63-29e05888cf3d-23456247935296","trial_id":617,"param_name":"ratio","param_value_internal":74.59543610398995,"distribution":"{\"name\": \"FloatDistribution\", \"attributes\": {\"step\": null, \"low\": 0.1, \"high\": 100.0, \"log\": true}}"}
{"op_code":6,"worker_id":"a0f1cec3-6ac6-48ed-9922-75ccb0532c1a-23456247935296","trial_id":495,"state":3,"values":null,"datetime_complete":"2026-07-27T12:30:27.812355"}
{"op_code":0,"worker_id":"b7bee4d6-5804-4493-8cef-7b46cd7a14a8-23456247935296","study_name":"peter_mnist_k3","directions":[2]}
{"op_code":4,"worker_id":"b7bee4d6-5804-4493-8cef-7b46cd7a14a8-23456247935296","study_id":0,"datetime_start":"2026-07-27T12:30:27.884583"}
{"op_code":9,"worker_id":"b7bee4d6-5804-4493-8cef-7b46cd7a14a8-23456247935296","trial_id":618,"system_attr":{"tpe:relative_params:0":"{\"lr\": 8.37638023722083e-06, \"ratio\": 15.566723258190201}"}}
{"op_code":5,"worker_id":"b7bee4d6-5804-4493-8cef-7b46cd7a14a8-23456247935296","trial_id":618,"param_name":"lr","param_value_internal":8.37638023722083e-06,"distribution":"{\"name\": \"FloatDistribution\", \"attributes\": {\"step\": null, \"low\": 1e-08, \"high\": 0.5, \"log\": true}}"}
{"op_code":5,"worker_id":"b7bee4d6-5804-4493-8cef-7b46cd7a14a8-23456247935296","trial_id":618,"param_name":"ratio","param_value_internal":15.566723258190201,"distribution":"{\"name\": \"FloatDistribution\", \"attributes\": {\"step\": null, \"low\": 0.1, \"high\": 100.0, \"log\": true}}"}
{"op_code":6,"worker_id":"eb2288f6-9e3d-46b3-a354-c91d00eb644d-23456247935296","trial_id":563,"state":3,"values":null,"datetime_complete":"2026-07-27T12:30:52.658868"}
{"op_code":0,"worker_id":"25764033-c0bc-450e-8aa9-774a4d779936-23456247935296","study_name":"peter_mnist_k3","directions":[2]}
{"op_code":6,"worker_id":"b0141345-e56d-48b4-ae5e-b600cfdc126f-23456247935296","trial_id":574,"state":3,"values":null,"datetime_complete":"2026-07-27T12:30:52.794159"}
{"op_code":4,"worker_id":"25764033-c0bc-450e-8aa9-774a4d779936-23456247935296","study_id":0,"datetime_start":"2026-07-27T12:30:52.814459"}
{"op_code":9,"worker_id":"25764033-c0bc-450e-8aa9-774a4d779936-23456247935296","trial_id":619,"system_attr":{"tpe:relative_params:0":"{\"lr\": 9.569204700211877e-06, \"ratio\": 0.17475412391779155}"}}
{"op_code":5,"worker_id":"25764033-c0bc-450e-8aa9-774a4d779936-23456247935296","trial_id":619,"param_name":"lr","param_value_internal":9.569204700211877e-06,"distribution":"{\"name\": \"FloatDistribution\", \"attributes\": {\"step\": null, \"low\": 1e-08, \"high\": 0.5, \"log\": true}}"}
{"op_code":0,"worker_id":"e851eab9-7cb0-4d37-9f8f-e49f705c54ab-23456247935296","study_name":"peter_mnist_k3","directions":[2]}
{"op_code":5,"worker_id":"25764033-c0bc-450e-8aa9-774a4d779936-23456247935296","trial_id":619,"param_name":"ratio","param_value_internal":0.17475412391779155,"distribution":"{\"name\": \"FloatDistribution\", \"attributes\": {\"step\": null, \"low\": 0.1, \"high\": 100.0, \"log\": true}}"}
{"op_code":4,"worker_id":"e851eab9-7cb0-4d37-9f8f-e49f705c54ab-23456247935296","study_id":0,"datetime_start":"2026-07-27T12:30:52.887821"}
{"op_code":9,"worker_id":"e851eab9-7cb0-4d37-9f8f-e49f705c54ab-23456247935296","trial_id":620,"system_attr":{"tpe:relative_params:0":"{\"lr\": 0.00023775527741506973, \"ratio\": 6.4748729723800045}"}}
{"op_code":5,"worker_id":"e851eab9-7cb0-4d37-9f8f-e49f705c54ab-23456247935296","trial_id":620,"param_name":"lr","param_value_internal":0.00023775527741506973,"distribution":"{\"name\": \"FloatDistribution\", \"attributes\": {\"step\": null, \"low\": 1e-08, \"high\": 0.5, \"log\": true}}"}
{"op_code":5,"worker_id":"e851eab9-7cb0-4d37-9f8f-e49f705c54ab-23456247935296","trial_id":620,"param_name":"ratio","param_value_internal":6.4748729723800045,"distribution":"{\"name\": \"FloatDistribution\", \"attributes\": {\"step\": null, \"low\": 0.1, \"high\": 100.0, \"log\": true}}"}
{"op_code":6,"worker_id":"e903f7b3-ae65-405c-bd91-8e92d383ed83-23456247935296","trial_id":556,"state":3,"values":null,"datetime_complete":"2026-07-27T12:30:57.959127"}
{"op_code":0,"worker_id":"338cacba-2911-4e51-9f3f-dea2bcc34fcf-23456247935296","study_name":"peter_mnist_k3","directions":[2]}
{"op_code":4,"worker_id":"338cacba-2911-4e51-9f3f-dea2bcc34fcf-23456247935296","study_id":0,"datetime_start":"2026-07-27T12:30:58.063443"}
{"op_code":9,"worker_id":"338cacba-2911-4e51-9f3f-dea2bcc34fcf-23456247935296","trial_id":621,"system_attr":{"tpe:relative_params:0":"{\"lr\": 5.035737928715812e-06, \"ratio\": 0.1332205931806167}"}}
{"op_code":5,"worker_id":"338cacba-2911-4e51-9f3f-dea2bcc34fcf-23456247935296","trial_id":621,"param_name":"lr","param_value_internal":5.035737928715812e-06,"distribution":"{\"name\": \"FloatDistribution\", \"attributes\": {\"step\": null, \"low\": 1e-08, \"high\": 0.5, \"log\": true}}"}
{"op_code":5,"worker_id":"338cacba-2911-4e51-9f3f-dea2bcc34fcf-23456247935296","trial_id":621,"param_name":"ratio","param_value_internal":0.1332205931806167,"distribution":"{\"name\": \"FloatDistribution\", \"attributes\": {\"step\": null, \"low\": 0.1, \"high\": 100.0, \"log\": true}}"}
{"op_code":6,"worker_id":"5d35f885-c485-4f62-8818-d87326f5a266-23456247935296","trial_id":431,"state":1,"values":[-3566.3093578201283],"datetime_complete":"2026-07-27T12:31:50.209006"}
{"op_code":0,"worker_id":"082d8fd4-9153-4bc9-81c5-b4c7055dfd29-23456247935296","study_name":"peter_mnist_k3","directions":[2]}
{"op_code":4,"worker_id":"082d8fd4-9153-4bc9-81c5-b4c7055dfd29-23456247935296","study_id":0,"datetime_start":"2026-07-27T12:31:50.334245"}
{"op_code":9,"worker_id":"082d8fd4-9153-4bc9-81c5-b4c7055dfd29-23456247935296","trial_id":622,"system_attr":{"tpe:relative_params:0":"{\"lr\": 2.2576488138402817e-07, \"ratio\": 27.0100576176757}"}}
{"op_code":5,"worker_id":"082d8fd4-9153-4bc9-81c5-b4c7055dfd29-23456247935296","trial_id":622,"param_name":"lr","param_value_internal":2.2576488138402817e-07,"distribution":"{\"name\": \"FloatDistribution\", \"attributes\": {\"step\": null, \"low\": 1e-08, \"high\": 0.5, \"log\": true}}"}
{"op_code":5,"worker_id":"082d8fd4-9153-4bc9-81c5-b4c7055dfd29-23456247935296","trial_id":622,"param_name":"ratio","param_value_internal":27.0100576176757,"distribution":"{\"name\": \"FloatDistribution\", \"attributes\": {\"step\": null, \"low\": 0.1, \"high\": 100.0, \"log\": true}}"}
{"op_code":6,"worker_id":"dff2c832-24ab-4672-b302-daeeacff8d45-23456247935296","trial_id":566,"state":3,"values":null,"datetime_complete":"2026-07-27T12:31:53.819448"}
{"op_code":0,"worker_id":"541d2cf4-0c53-4612-9687-51f7bcf740ed-23456247935296","study_name":"peter_mnist_k3","directions":[2]}
{"op_code":4,"worker_id":"541d2cf4-0c53-4612-9687-51f7bcf740ed-23456247935296","study_id":0,"datetime_start":"2026-07-27T12:31:53.947643"}
{"op_code":9,"worker_id":"541d2cf4-0c53-4612-9687-51f7bcf740ed-23456247935296","trial_id":623,"system_attr":{"tpe:relative_params:0":"{\"lr\": 3.0075203455297357e-06, \"ratio\": 10.000898809576025}"}}
{"op_code":5,"worker_id":"541d2cf4-0c53-4612-9687-51f7bcf740ed-23456247935296","trial_id":623,"param_name":"lr","param_value_internal":3.0075203455297357e-06,"distribution":"{\"name\": \"FloatDistribution\", \"attributes\": {\"step\": null, \"low\": 1e-08, \"high\": 0.5, \"log\": true}}"}
{"op_code":5,"worker_id":"541d2cf4-0c53-4612-9687-51f7bcf740ed-23456247935296","trial_id":623,"param_name":"ratio","param_value_internal":10.000898809576025,"distribution":"{\"name\": \"FloatDistribution\", \"attributes\": {\"step\": null, \"low\": 0.1, \"high\": 100.0, \"log\": true}}"}
{"op_code":6,"worker_id":"34387102-ccee-461e-9851-4caab6c2355c-23456247935296","trial_id":578,"state":3,"values":null,"datetime_complete":"2026-07-27T12:31:57.644466"}
{"op_code":0,"worker_id":"c2bd6afb-b16d-4392-94c3-1d4b25a280d2-23456247935296","study_name":"peter_mnist_k3","directions":[2]}
{"op_code":4,"worker_id":"c2bd6afb-b16d-4392-94c3-1d4b25a280d2-23456247935296","study_id":0,"datetime_start":"2026-07-27T12:31:57.713099"}
{"op_code":9,"worker_id":"c2bd6afb-b16d-4392-94c3-1d4b25a280d2-23456247935296","trial_id":624,"system_attr":{"tpe:relative_params:0":"{\"lr\": 9.52284712937747e-06, \"ratio\": 2.7814707051701335}"}}
{"op_code":5,"worker_id":"c2bd6afb-b16d-4392-94c3-1d4b25a280d2-23456247935296","trial_id":624,"param_name":"lr","param_value_internal":9.52284712937747e-06,"distribution":"{\"name\": \"FloatDistribution\", \"attributes\": {\"step\": null, \"low\": 1e-08, \"high\": 0.5, \"log\": true}}"}
{"op_code":5,"worker_id":"c2bd6afb-b16d-4392-94c3-1d4b25a280d2-23456247935296","trial_id":624,"param_name":"ratio","param_value_internal":2.7814707051701335,"distribution":"{\"name\": \"FloatDistribution\", \"attributes\": {\"step\": null, \"low\": 0.1, \"high\": 100.0, \"log\": true}}"}
{"op_code":6,"worker_id":"78a48e38-d594-40bd-b663-d547d7169904-23456247935296","trial_id":581,"state":3,"values":null,"datetime_complete":"2026-07-27T12:33:34.141158"}
{"op_code":0,"worker_id":"791cd429-4f37-408c-b8ce-c7b4c2388689-23456247935296","study_name":"peter_mnist_k3","directions":[2]}
{"op_code":4,"worker_id":"791cd429-4f37-408c-b8ce-c7b4c2388689-23456247935296","study_id":0,"datetime_start":"2026-07-27T12:33:34.368274"}
{"op_code":9,"worker_id":"791cd429-4f37-408c-b8ce-c7b4c2388689-23456247935296","trial_id":625,"system_attr":{"tpe:relative_params:0":"{\"lr\": 0.0001268018789404463, \"ratio\": 0.12970761565670366}"}}
{"op_code":5,"worker_id":"791cd429-4f37-408c-b8ce-c7b4c2388689-23456247935296","trial_id":625,"param_name":"lr","param_value_internal":0.0001268018789404463,"distribution":"{\"name\": \"FloatDistribution\", \"attributes\": {\"step\": null, \"low\": 1e-08, \"high\": 0.5, \"log\": true}}"}
{"op_code":5,"worker_id":"791cd429-4f37-408c-b8ce-c7b4c2388689-23456247935296","trial_id":625,"param_name":"ratio","param_value_internal":0.12970761565670366,"distribution":"{\"name\": \"FloatDistribution\", \"attributes\": {\"step\": null, \"low\": 0.1, \"high\": 100.0, \"log\": true}}"}
{"op_code":6,"worker_id":"21011575-f354-4897-8d3d-4ebdeb28b4c1-23456247935296","trial_id":559,"state":3,"values":null,"datetime_complete":"2026-07-27T12:33:49.009248"}
{"op_code":0,"worker_id":"bf6a3487-beea-4f65-91ac-0670cbd3bec1-23456247935296","study_name":"peter_mnist_k3","directions":[2]}
{"op_code":4,"worker_id":"bf6a3487-beea-4f65-91ac-0670cbd3bec1-23456247935296","study_id":0,"datetime_start":"2026-07-27T12:33:49.093666"}
{"op_code":9,"worker_id":"bf6a3487-beea-4f65-91ac-0670cbd3bec1-23456247935296","trial_id":626,"system_attr":{"tpe:relative_params:0":"{\"lr\": 5.047299186251622e-06, \"ratio\": 52.70913098947403}"}}
{"op_code":5,"worker_id":"bf6a3487-beea-4f65-91ac-0670cbd3bec1-23456247935296","trial_id":626,"param_name":"lr","param_value_internal":5.047299186251622e-06,"distribution":"{\"name\": \"FloatDistribution\", \"attributes\": {\"step\": null, \"low\": 1e-08, \"high\": 0.5, \"log\": true}}"}
{"op_code":5,"worker_id":"bf6a3487-beea-4f65-91ac-0670cbd3bec1-23456247935296","trial_id":626,"param_name":"ratio","param_value_internal":52.70913098947403,"distribution":"{\"name\": \"FloatDistribution\", \"attributes\": {\"step\": null, \"low\": 0.1, \"high\": 100.0, \"log\": true}}"}
{"op_code":6,"worker_id":"1f844f72-17e9-4650-bdb5-3c361cdb01f2-23456247935296","trial_id":548,"state":3,"values":null,"datetime_complete":"2026-07-27T12:34:09.387473"}
{"op_code":0,"worker_id":"c4e4cc30-e9de-436b-b52e-9e4f1012fe51-23456247935296","study_name":"peter_mnist_k3","directions":[2]}
{"op_code":4,"worker_id":"c4e4cc30-e9de-436b-b52e-9e4f1012fe51-23456247935296","study_id":0,"datetime_start":"2026-07-27T12:34:10.185181"}
{"op_code":9,"worker_id":"c4e4cc30-e9de-436b-b52e-9e4f1012fe51-23456247935296","trial_id":627,"system_attr":{"tpe:relative_params:0":"{\"lr\": 0.0018352075719377755, \"ratio\": 0.23457903260063462}"}}
{"op_code":5,"worker_id":"c4e4cc30-e9de-436b-b52e-9e4f1012fe51-23456247935296","trial_id":627,"param_name":"lr","param_value_internal":0.0018352075719377755,"distribution":"{\"name\": \"FloatDistribution\", \"attributes\": {\"step\": null, \"low\": 1e-08, \"high\": 0.5, \"log\": true}}"}
{"op_code":5,"worker_id":"c4e4cc30-e9de-436b-b52e-9e4f1012fe51-23456247935296","trial_id":627,"param_name":"ratio","param_value_internal":0.23457903260063462,"distribution":"{\"name\": \"FloatDistribution\", \"attributes\": {\"step\": null, \"low\": 0.1, \"high\": 100.0, \"log\": true}}"}
{"op_code":6,"worker_id":"1279abaa-89c2-4918-bbab-2793492f98ca-23456247935296","trial_id":565,"state":3,"values":null,"datetime_complete":"2026-07-27T12:34:42.607446"}
{"op_code":0,"worker_id":"2ea86083-61bf-4c07-ac39-6e817f37abe5-23456247935296","study_name":"peter_mnist_k3","directions":[2]}
{"op_code":4,"worker_id":"2ea86083-61bf-4c07-ac39-6e817f37abe5-23456247935296","study_id":0,"datetime_start":"2026-07-27T12:34:43.113245"}
{"op_code":9,"worker_id":"2ea86083-61bf-4c07-ac39-6e817f37abe5-23456247935296","trial_id":628,"system_attr":{"tpe:relative_params:0":"{\"lr\": 2.6135802229982666e-05, \"ratio\": 0.5889502679175617}"}}
{"op_code":5,"worker_id":"2ea86083-61bf-4c07-ac39-6e817f37abe5-23456247935296","trial_id":628,"param_name":"lr","param_value_internal":2.6135802229982666e-05,"distribution":"{\"name\": \"FloatDistribution\", \"attributes\": {\"step\": null, \"low\": 1e-08, \"high\": 0.5, \"log\": true}}"}
{"op_code":5,"worker_id":"2ea86083-61bf-4c07-ac39-6e817f37abe5-23456247935296","trial_id":628,"param_name":"ratio","param_value_internal":0.5889502679175617,"distribution":"{\"name\": \"FloatDistribution\", \"attributes\": {\"step\": null, \"low\": 0.1, \"high\": 100.0, \"log\": true}}"}
{"op_code":6,"worker_id":"bce2f298-f135-45c5-b87b-b580487f5652-23456247935296","trial_id":505,"state":3,"values":null,"datetime_complete":"2026-07-27T12:34:44.011034"}
{"op_code":0,"worker_id":"75bdeb61-e4d1-445e-8e5e-ab18437fff9b-23456247935296","study_name":"peter_mnist_k3","directions":[2]}
{"op_code":4,"worker_id":"75bdeb61-e4d1-445e-8e5e-ab18437fff9b-23456247935296","study_id":0,"datetime_start":"2026-07-27T12:34:44.722061"}
{"op_code":9,"worker_id":"75bdeb61-e4d1-445e-8e5e-ab18437fff9b-23456247935296","trial_id":629,"system_attr":{"tpe:relative_params:0":"{\"lr\": 4.5027044781310864e-06, \"ratio\": 7.281243450592127}"}}
{"op_code":5,"worker_id":"75bdeb61-e4d1-445e-8e5e-ab18437fff9b-23456247935296","trial_id":629,"param_name":"lr","param_value_internal":4.5027044781310864e-06,"distribution":"{\"name\": \"FloatDistribution\", \"attributes\": {\"step\": null, \"low\": 1e-08, \"high\": 0.5, \"log\": true}}"}
{"op_code":5,"worker_id":"75bdeb61-e4d1-445e-8e5e-ab18437fff9b-23456247935296","trial_id":629,"param_name":"ratio","param_value_internal":7.281243450592127,"distribution":"{\"name\": \"FloatDistribution\", \"attributes\": {\"step\": null, \"low\": 0.1, \"high\": 100.0, \"log\": true}}"}
{"op_code":6,"worker_id":"d69e0dba-3dc5-44d3-80db-66e4d69cbcd4-23456247935296","trial_id":562,"state":3,"values":null,"datetime_complete":"2026-07-27T12:34:58.480203"}
{"op_code":0,"worker_id":"9e4d442f-c291-4bdd-986d-6a9487545bc6-23456247935296","study_name":"peter_mnist_k3","directions":[2]}
{"op_code":4,"worker_id":"9e4d442f-c291-4bdd-986d-6a9487545bc6-23456247935296","study_id":0,"datetime_start":"2026-07-27T12:34:59.170059"}
{"op_code":9,"worker_id":"9e4d442f-c291-4bdd-986d-6a9487545bc6-23456247935296","trial_id":630,"system_attr":{"tpe:relative_params:0":"{\"lr\": 0.17135632687939883, \"ratio\": 0.16528185914274832}"}}
{"op_code":5,"worker_id":"9e4d442f-c291-4bdd-986d-6a9487545bc6-23456247935296","trial_id":630,"param_name":"lr","param_value_internal":0.17135632687939883,"distribution":"{\"name\": \"FloatDistribution\", \"attributes\": {\"step\": null, \"low\": 1e-08, \"high\": 0.5, \"log\": true}}"}
{"op_code":5,"worker_id":"9e4d442f-c291-4bdd-986d-6a9487545bc6-23456247935296","trial_id":630,"param_name":"ratio","param_value_internal":0.16528185914274832,"distribution":"{\"name\": \"FloatDistribution\", \"attributes\": {\"step\": null, \"low\": 0.1, \"high\": 100.0, \"log\": true}}"}
{"op_code":6,"worker_id":"24ecfe36-c48a-4b5f-bfc7-9d2b111bc7f8-23456247935296","trial_id":577,"state":3,"values":null,"datetime_complete":"2026-07-27T12:35:26.719268"}
{"op_code":0,"worker_id":"4b14a97b-bc56-4ff4-aa73-6cfde6f22ec1-23456247935296","study_name":"peter_mnist_k3","directions":[2]}
{"op_code":4,"worker_id":"4b14a97b-bc56-4ff4-aa73-6cfde6f22ec1-23456247935296","study_id":0,"datetime_start":"2026-07-27T12:35:26.806143"}
{"op_code":9,"worker_id":"4b14a97b-bc56-4ff4-aa73-6cfde6f22ec1-23456247935296","trial_id":631,"system_attr":{"tpe:relative_params:0":"{\"lr\": 0.0005681341448768003, \"ratio\": 3.2437372299594727}"}}
{"op_code":5,"worker_id":"4b14a97b-bc56-4ff4-aa73-6cfde6f22ec1-23456247935296","trial_id":631,"param_name":"lr","param_value_internal":0.0005681341448768003,"distribution":"{\"name\": \"FloatDistribution\", \"attributes\": {\"step\": null, \"low\": 1e-08, \"high\": 0.5, \"log\": true}}"}
{"op_code":5,"worker_id":"4b14a97b-bc56-4ff4-aa73-6cfde6f22ec1-23456247935296","trial_id":631,"param_name":"ratio","param_value_internal":3.2437372299594727,"distribution":"{\"name\": \"FloatDistribution\", \"attributes\": {\"step\": null, \"low\": 0.1, \"high\": 100.0, \"log\": true}}"}
{"op_code":6,"worker_id":"728e8070-263d-482d-984d-a4e84b63d526-23456247935296","trial_id":379,"state":1,"values":[-3538.0733901213102],"datetime_complete":"2026-07-27T12:35:53.332412"}
{"op_code":0,"worker_id":"f121962c-0ae5-4a1e-9386-4458be2f529b-23456247935296","study_name":"peter_mnist_k3","directions":[2]}
{"op_code":4,"worker_id":"f121962c-0ae5-4a1e-9386-4458be2f529b-23456247935296","study_id":0,"datetime_start":"2026-07-27T12:35:53.544765"}
{"op_code":9,"worker_id":"f121962c-0ae5-4a1e-9386-4458be2f529b-23456247935296","trial_id":632,"system_attr":{"tpe:relative_params:0":"{\"lr\": 1.3696369016104202e-05, \"ratio\": 0.6442639961960895}"}}
{"op_code":5,"worker_id":"f121962c-0ae5-4a1e-9386-4458be2f529b-23456247935296","trial_id":632,"param_name":"lr","param_value_internal":1.3696369016104202e-05,"distribution":"{\"name\": \"FloatDistribution\", \"attributes\": {\"step\": null, \"low\": 1e-08, \"high\": 0.5, \"log\": true}}"}
{"op_code":5,"worker_id":"f121962c-0ae5-4a1e-9386-4458be2f529b-23456247935296","trial_id":632,"param_name":"ratio","param_value_internal":0.6442639961960895,"distribution":"{\"name\": \"FloatDistribution\", \"attributes\": {\"step\": null, \"low\": 0.1, \"high\": 100.0, \"log\": true}}"}
{"op_code":6,"worker_id":"e2038a75-9838-4cad-9753-84ada6790ae1-23456247935296","trial_id":542,"state":3,"values":null,"datetime_complete":"2026-07-27T12:35:58.213508"}
{"op_code":0,"worker_id":"86b4c2e6-0950-4cb0-8007-29fc8e22bf95-23456247935296","study_name":"peter_mnist_k3","directions":[2]}
{"op_code":4,"worker_id":"86b4c2e6-0950-4cb0-8007-29fc8e22bf95-23456247935296","study_id":0,"datetime_start":"2026-07-27T12:35:58.318815"}
{"op_code":9,"worker_id":"86b4c2e6-0950-4cb0-8007-29fc8e22bf95-23456247935296","trial_id":633,"system_attr":{"tpe:relative_params:0":"{\"lr\": 1.494663936092612e-06, \"ratio\": 33.010114798447596}"}}
{"op_code":5,"worker_id":"86b4c2e6-0950-4cb0-8007-29fc8e22bf95-23456247935296","trial_id":633,"param_name":"lr","param_value_internal":1.494663936092612e-06,"distribution":"{\"name\": \"FloatDistribution\", \"attributes\": {\"step\": null, \"low\": 1e-08, \"high\": 0.5, \"log\": true}}"}
{"op_code":5,"worker_id":"86b4c2e6-0950-4cb0-8007-29fc8e22bf95-23456247935296","trial_id":633,"param_name":"ratio","param_value_internal":33.010114798447596,"distribution":"{\"name\": \"FloatDistribution\", \"attributes\": {\"step\": null, \"low\": 0.1, \"high\": 100.0, \"log\": true}}"}
{"op_code":6,"worker_id":"84e8ae27-ae9f-4f76-9a31-6261bb8ab0f4-23456247935296","trial_id":435,"state":1,"values":[-3560.986113890066],"datetime_complete":"2026-07-27T12:36:32.475876"}
{"op_code":0,"worker_id":"553e09e9-3d43-4d64-94be-1058135f0a38-23456247935296","study_name":"peter_mnist_k3","directions":[2]}
{"op_code":4,"worker_id":"553e09e9-3d43-4d64-94be-1058135f0a38-23456247935296","study_id":0,"datetime_start":"2026-07-27T12:36:32.543967"}
{"op_code":9,"worker_id":"553e09e9-3d43-4d64-94be-1058135f0a38-23456247935296","trial_id":634,"system_attr":{"tpe:relative_params:0":"{\"lr\": 0.0011336348743930284, \"ratio\": 47.67182775240866}"}}
{"op_code":5,"worker_id":"553e09e9-3d43-4d64-94be-1058135f0a38-23456247935296","trial_id":634,"param_name":"lr","param_value_internal":0.0011336348743930284,"distribution":"{\"name\": \"FloatDistribution\", \"attributes\": {\"step\": null, \"low\": 1e-08, \"high\": 0.5, \"log\": true}}"}
{"op_code":5,"worker_id":"553e09e9-3d43-4d64-94be-1058135f0a38-23456247935296","trial_id":634,"param_name":"ratio","param_value_internal":47.67182775240866,"distribution":"{\"name\": \"FloatDistribution\", \"attributes\": {\"step\": null, \"low\": 0.1, \"high\": 100.0, \"log\": true}}"}
{"op_code":6,"worker_id":"b9a22364-6f8d-42dd-a3b5-2169f97b252c-23456247935296","trial_id":388,"state":1,"values":[-3546.7172697159776],"datetime_complete":"2026-07-27T12:36:45.181947"}
{"op_code":0,"worker_id":"bf5b8418-375d-480a-8a74-ed4437d02d6a-23456247935296","study_name":"peter_mnist_k3","directions":[2]}
{"op_code":4,"worker_id":"bf5b8418-375d-480a-8a74-ed4437d02d6a-23456247935296","study_id":0,"datetime_start":"2026-07-27T12:36:45.263379"}
{"op_code":9,"worker_id":"bf5b8418-375d-480a-8a74-ed4437d02d6a-23456247935296","trial_id":635,"system_attr":{"tpe:relative_params:0":"{\"lr\": 1.2225660540267944e-05, \"ratio\": 21.96371887885431}"}}
{"op_code":5,"worker_id":"bf5b8418-375d-480a-8a74-ed4437d02d6a-23456247935296","trial_id":635,"param_name":"lr","param_value_internal":1.2225660540267944e-05,"distribution":"{\"name\": \"FloatDistribution\", \"attributes\": {\"step\": null, \"low\": 1e-08, \"high\": 0.5, \"log\": true}}"}
{"op_code":5,"worker_id":"bf5b8418-375d-480a-8a74-ed4437d02d6a-23456247935296","trial_id":635,"param_name":"ratio","param_value_internal":21.96371887885431,"distribution":"{\"name\": \"FloatDistribution\", \"attributes\": {\"step\": null, \"low\": 0.1, \"high\": 100.0, \"log\": true}}"}
{"op_code":6,"worker_id":"3e860394-1ac8-40fd-a932-6ed19bff6f67-23456247935296","trial_id":390,"state":1,"values":[-3436.3806492665594],"datetime_complete":"2026-07-27T12:37:01.318372"}
{"op_code":0,"worker_id":"780d7bf7-5226-47a8-976c-92b91a64eec5-23456247935296","study_name":"peter_mnist_k3","directions":[2]}
{"op_code":4,"worker_id":"780d7bf7-5226-47a8-976c-92b91a64eec5-23456247935296","study_id":0,"datetime_start":"2026-07-27T12:37:02.063063"}
{"op_code":9,"worker_id":"780d7bf7-5226-47a8-976c-92b91a64eec5-23456247935296","trial_id":636,"system_attr":{"tpe:relative_params:0":"{\"lr\": 8.898580637827686e-07, \"ratio\": 15.620609125623815}"}}
{"op_code":5,"worker_id":"780d7bf7-5226-47a8-976c-92b91a64eec5-23456247935296","trial_id":636,"param_name":"lr","param_value_internal":8.898580637827686e-07,"distribution":"{\"name\": \"FloatDistribution\", \"attributes\": {\"step\": null, \"low\": 1e-08, \"high\": 0.5, \"log\": true}}"}
{"op_code":5,"worker_id":"780d7bf7-5226-47a8-976c-92b91a64eec5-23456247935296","trial_id":636,"param_name":"ratio","param_value_internal":15.620609125623815,"distribution":"{\"name\": \"FloatDistribution\", \"attributes\": {\"step\": null, \"low\": 0.1, \"high\": 100.0, \"log\": true}}"}
{"op_code":6,"worker_id":"495c377f-7776-4c38-b3ee-e4fdd604a370-23456247935296","trial_id":381,"state":1,"values":[-3555.427597164739],"datetime_complete":"2026-07-27T12:37:08.804496"}
{"op_code":0,"worker_id":"063cdc64-272c-4065-8183-75a51f203569-23456247935296","study_name":"peter_mnist_k3","directions":[2]}
{"op_code":4,"worker_id":"063cdc64-272c-4065-8183-75a51f203569-23456247935296","study_id":0,"datetime_start":"2026-07-27T12:37:08.891194"}
{"op_code":9,"worker_id":"063cdc64-272c-4065-8183-75a51f203569-23456247935296","trial_id":637,"system_attr":{"tpe:relative_params:0":"{\"lr\": 1.216999573668842e-05, \"ratio\": 14.885746496864053}"}}
{"op_code":5,"worker_id":"063cdc64-272c-4065-8183-75a51f203569-23456247935296","trial_id":637,"param_name":"lr","param_value_internal":1.216999573668842e-05,"distribution":"{\"name\": \"FloatDistribution\", \"attributes\": {\"step\": null, \"low\": 1e-08, \"high\": 0.5, \"log\": true}}"}
{"op_code":5,"worker_id":"063cdc64-272c-4065-8183-75a51f203569-23456247935296","trial_id":637,"param_name":"ratio","param_value_internal":14.885746496864053,"distribution":"{\"name\": \"FloatDistribution\", \"attributes\": {\"step\": null, \"low\": 0.1, \"high\": 100.0, \"log\": true}}"}
{"op_code":6,"worker_id":"714bcdf7-6365-4a9c-adff-404a1174c954-23456247935296","trial_id":389,"state":1,"values":[-3575.752053318396],"datetime_complete":"2026-07-27T12:37:13.901609"}
{"op_code":0,"worker_id":"4bf6542f-a06c-4eb6-a2d6-1a3c5063126d-23456247935296","study_name":"peter_mnist_k3","directions":[2]}
{"op_code":4,"worker_id":"4bf6542f-a06c-4eb6-a2d6-1a3c5063126d-23456247935296","study_id":0,"datetime_start":"2026-07-27T12:37:14.048372"}
{"op_code":9,"worker_id":"4bf6542f-a06c-4eb6-a2d6-1a3c5063126d-23456247935296","trial_id":638,"system_attr":{"tpe:relative_params:0":"{\"lr\": 0.4119936384069489, \"ratio\": 3.833089141223549}"}}
{"op_code":5,"worker_id":"4bf6542f-a06c-4eb6-a2d6-1a3c5063126d-23456247935296","trial_id":638,"param_name":"lr","param_value_internal":0.4119936384069489,"distribution":"{\"name\": \"FloatDistribution\", \"attributes\": {\"step\": null, \"low\": 1e-08, \"high\": 0.5, \"log\": true}}"}
{"op_code":5,"worker_id":"4bf6542f-a06c-4eb6-a2d6-1a3c5063126d-23456247935296","trial_id":638,"param_name":"ratio","param_value_internal":3.833089141223549,"distribution":"{\"name\": \"FloatDistribution\", \"attributes\": {\"step\": null, \"low\": 0.1, \"high\": 100.0, \"log\": true}}"}
{"op_code":6,"worker_id":"2542b8d3-a662-4f62-a5d1-31dbafa2b3b6-23456247935296","trial_id":411,"state":1,"values":[-3539.371021645165],"datetime_complete":"2026-07-27T12:37:49.295230"}
{"op_code":0,"worker_id":"a0c9fccf-23ad-426b-98e1-9af4b5a83f9b-23456247935296","study_name":"peter_mnist_k3","directions":[2]}
{"op_code":4,"worker_id":"a0c9fccf-23ad-426b-98e1-9af4b5a83f9b-23456247935296","study_id":0,"datetime_start":"2026-07-27T12:37:49.410498"}
{"op_code":9,"worker_id":"a0c9fccf-23ad-426b-98e1-9af4b5a83f9b-23456247935296","trial_id":639,"system_attr":{"tpe:relative_params:0":"{\"lr\": 5.600910208925135e-07, \"ratio\": 23.701894182849177}"}}
{"op_code":5,"worker_id":"a0c9fccf-23ad-426b-98e1-9af4b5a83f9b-23456247935296","trial_id":639,"param_name":"lr","param_value_internal":5.600910208925135e-07,"distribution":"{\"name\": \"FloatDistribution\", \"attributes\": {\"step\": null, \"low\": 1e-08, \"high\": 0.5, \"log\": true}}"}
{"op_code":5,"worker_id":"a0c9fccf-23ad-426b-98e1-9af4b5a83f9b-23456247935296","trial_id":639,"param_name":"ratio","param_value_internal":23.701894182849177,"distribution":"{\"name\": \"FloatDistribution\", \"attributes\": {\"step\": null, \"low\": 0.1, \"high\": 100.0, \"log\": true}}"}
{"op_code":6,"worker_id":"7f8f259d-c504-4261-89dc-ab4709f6c011-23456247935296","trial_id":401,"state":1,"values":[-3452.8806695575818],"datetime_complete":"2026-07-27T12:37:49.766945"}
{"op_code":0,"worker_id":"b75e63c0-5a04-4474-bd92-6abea11b2a21-23456247935296","study_name":"peter_mnist_k3","directions":[2]}
{"op_code":4,"worker_id":"b75e63c0-5a04-4474-bd92-6abea11b2a21-23456247935296","study_id":0,"datetime_start":"2026-07-27T12:37:49.877542"}
{"op_code":9,"worker_id":"b75e63c0-5a04-4474-bd92-6abea11b2a21-23456247935296","trial_id":640,"system_attr":{"tpe:relative_params:0":"{\"lr\": 1.9739674785993788e-06, \"ratio\": 4.697397001133053}"}}
{"op_code":5,"worker_id":"b75e63c0-5a04-4474-bd92-6abea11b2a21-23456247935296","trial_id":640,"param_name":"lr","param_value_internal":1.9739674785993788e-06,"distribution":"{\"name\": \"FloatDistribution\", \"attributes\": {\"step\": null, \"low\": 1e-08, \"high\": 0.5, \"log\": true}}"}
{"op_code":5,"worker_id":"b75e63c0-5a04-4474-bd92-6abea11b2a21-23456247935296","trial_id":640,"param_name":"ratio","param_value_internal":4.697397001133053,"distribution":"{\"name\": \"FloatDistribution\", \"attributes\": {\"step\": null, \"low\": 0.1, \"high\": 100.0, \"log\": true}}"}
{"op_code":6,"worker_id":"87e417aa-8979-477b-8574-906829fef5ef-23456247935296","trial_id":579,"state":3,"values":null,"datetime_complete":"2026-07-27T12:38:14.667669"}
{"op_code":0,"worker_id":"b16e1a0e-5491-4689-9afe-42f60090bbd3-23456247935296","study_name":"peter_mnist_k3","directions":[2]}
{"op_code":4,"worker_id":"b16e1a0e-5491-4689-9afe-42f60090bbd3-23456247935296","study_id":0,"datetime_start":"2026-07-27T12:38:14.758420"}
{"op_code":9,"worker_id":"b16e1a0e-5491-4689-9afe-42f60090bbd3-23456247935296","trial_id":641,"system_attr":{"tpe:relative_params:0":"{\"lr\": 8.029399575155578e-07, \"ratio\": 9.126560317453686}"}}
{"op_code":5,"worker_id":"b16e1a0e-5491-4689-9afe-42f60090bbd3-23456247935296","trial_id":641,"param_name":"lr","param_value_internal":8.029399575155578e-07,"distribution":"{\"name\": \"FloatDistribution\", \"attributes\": {\"step\": null, \"low\": 1e-08, \"high\": 0.5, \"log\": true}}"}
{"op_code":5,"worker_id":"b16e1a0e-5491-4689-9afe-42f60090bbd3-23456247935296","trial_id":641,"param_name":"ratio","param_value_internal":9.126560317453686,"distribution":"{\"name\": \"FloatDistribution\", \"attributes\": {\"step\": null, \"low\": 0.1, \"high\": 100.0, \"log\": true}}"}
{"op_code":6,"worker_id":"ee94aa78-4dd2-4d74-8ae6-8f138f0fd4da-23456247935296","trial_id":575,"state":3,"values":null,"datetime_complete":"2026-07-27T12:38:19.025295"}
{"op_code":0,"worker_id":"c65bce9b-d8d3-42a4-b3a3-b8c41eadef9f-23456247935296","study_name":"peter_mnist_k3","directions":[2]}
{"op_code":4,"worker_id":"c65bce9b-d8d3-42a4-b3a3-b8c41eadef9f-23456247935296","study_id":0,"datetime_start":"2026-07-27T12:38:19.154105"}
{"op_code":9,"worker_id":"c65bce9b-d8d3-42a4-b3a3-b8c41eadef9f-23456247935296","trial_id":642,"system_attr":{"tpe:relative_params:0":"{\"lr\": 1.6395952168897238e-06, \"ratio\": 8.102780287996586}"}}
{"op_code":5,"worker_id":"c65bce9b-d8d3-42a4-b3a3-b8c41eadef9f-23456247935296","trial_id":642,"param_name":"lr","param_value_internal":1.6395952168897238e-06,"distribution":"{\"name\": \"FloatDistribution\", \"attributes\": {\"step\": null, \"low\": 1e-08, \"high\": 0.5, \"log\": true}}"}
{"op_code":5,"worker_id":"c65bce9b-d8d3-42a4-b3a3-b8c41eadef9f-23456247935296","trial_id":642,"param_name":"ratio","param_value_internal":8.102780287996586,"distribution":"{\"name\": \"FloatDistribution\", \"attributes\": {\"step\": null, \"low\": 0.1, \"high\": 100.0, \"log\": true}}"}
{"op_code":6,"worker_id":"1f831970-580a-43d2-a0d1-4011e4902498-23456247935296","trial_id":409,"state":1,"values":[-3592.637140650128],"datetime_complete":"2026-07-27T12:38:28.556585"}
{"op_code":0,"worker_id":"5492f2a9-917d-48c7-8cbf-c508fe39b709-23456247935296","study_name":"peter_mnist_k3","directions":[2]}
{"op_code":4,"worker_id":"5492f2a9-917d-48c7-8cbf-c508fe39b709-23456247935296","study_id":0,"datetime_start":"2026-07-27T12:38:29.061166"}
{"op_code":9,"worker_id":"5492f2a9-917d-48c7-8cbf-c508fe39b709-23456247935296","trial_id":643,"system_attr":{"tpe:relative_params:0":"{\"lr\": 4.945454395173999e-07, \"ratio\": 18.364607001722934}"}}
{"op_code":5,"worker_id":"5492f2a9-917d-48c7-8cbf-c508fe39b709-23456247935296","trial_id":643,"param_name":"lr","param_value_internal":4.945454395173999e-07,"distribution":"{\"name\": \"FloatDistribution\", \"attributes\": {\"step\": null, \"low\": 1e-08, \"high\": 0.5, \"log\": true}}"}
{"op_code":5,"worker_id":"5492f2a9-917d-48c7-8cbf-c508fe39b709-23456247935296","trial_id":643,"param_name":"ratio","param_value_internal":18.364607001722934,"distribution":"{\"name\": \"FloatDistribution\", \"attributes\": {\"step\": null, \"low\": 0.1, \"high\": 100.0, \"log\": true}}"}
{"op_code":6,"worker_id":"db8fa04a-a1a3-43f4-ac36-4d8899c49b7e-23456247935296","trial_id":570,"state":3,"values":null,"datetime_complete":"2026-07-27T12:38:53.779595"}
{"op_code":0,"worker_id":"84be7122-b421-405d-9643-7cf349a24d67-23456247935296","study_name":"peter_mnist_k3","directions":[2]}
{"op_code":4,"worker_id":"84be7122-b421-405d-9643-7cf349a24d67-23456247935296","study_id":0,"datetime_start":"2026-07-27T12:38:53.845051"}
{"op_code":9,"worker_id":"84be7122-b421-405d-9643-7cf349a24d67-23456247935296","trial_id":644,"system_attr":{"tpe:relative_params:0":"{\"lr\": 5.367728864581002e-06, \"ratio\": 4.543007785814126}"}}
{"op_code":5,"worker_id":"84be7122-b421-405d-9643-7cf349a24d67-23456247935296","trial_id":644,"param_name":"lr","param_value_internal":5.367728864581002e-06,"distribution":"{\"name\": \"FloatDistribution\", \"attributes\": {\"step\": null, \"low\": 1e-08, \"high\": 0.5, \"log\": true}}"}
{"op_code":5,"worker_id":"84be7122-b421-405d-9643-7cf349a24d67-23456247935296","trial_id":644,"param_name":"ratio","param_value_internal":4.543007785814126,"distribution":"{\"name\": \"FloatDistribution\", \"attributes\": {\"step\": null, \"low\": 0.1, \"high\": 100.0, \"log\": true}}"}
{"op_code":6,"worker_id":"6529787f-2e3c-45bc-857b-08f7c0480550-23456247935296","trial_id":397,"state":1,"values":[-3589.2430746055934],"datetime_complete":"2026-07-27T12:39:42.323848"}
{"op_code":0,"worker_id":"028f7bad-8d13-44e8-b5ea-ae35cb9c7d7c-23456247935296","study_name":"peter_mnist_k3","directions":[2]}
{"op_code":4,"worker_id":"028f7bad-8d13-44e8-b5ea-ae35cb9c7d7c-23456247935296","study_id":0,"datetime_start":"2026-07-27T12:39:42.448004"}
{"op_code":9,"worker_id":"028f7bad-8d13-44e8-b5ea-ae35cb9c7d7c-23456247935296","trial_id":645,"system_attr":{"tpe:relative_params:0":"{\"lr\": 1.950940563217976e-05, \"ratio\": 7.615406388237638}"}}
{"op_code":5,"worker_id":"028f7bad-8d13-44e8-b5ea-ae35cb9c7d7c-23456247935296","trial_id":645,"param_name":"lr","param_value_internal":1.950940563217976e-05,"distribution":"{\"name\": \"FloatDistribution\", \"attributes\": {\"step\": null, \"low\": 1e-08, \"high\": 0.5, \"log\": true}}"}
{"op_code":5,"worker_id":"028f7bad-8d13-44e8-b5ea-ae35cb9c7d7c-23456247935296","trial_id":645,"param_name":"ratio","param_value_internal":7.615406388237638,"distribution":"{\"name\": \"FloatDistribution\", \"attributes\": {\"step\": null, \"low\": 0.1, \"high\": 100.0, \"log\": true}}"}
{"op_code":6,"worker_id":"a0ae8cf1-b937-4d69-9c67-089d7c9030c0-23456247935296","trial_id":395,"state":1,"values":[-3589.2897664287225],"datetime_complete":"2026-07-27T12:40:20.700710"}
{"op_code":0,"worker_id":"ee929ba8-eff7-475c-84b4-32ca594dbde5-23456247935296","study_name":"peter_mnist_k3","directions":[2]}
{"op_code":4,"worker_id":"ee929ba8-eff7-475c-84b4-32ca594dbde5-23456247935296","study_id":0,"datetime_start":"2026-07-27T12:40:20.821401"}
{"op_code":9,"worker_id":"ee929ba8-eff7-475c-84b4-32ca594dbde5-23456247935296","trial_id":646,"system_attr":{"tpe:relative_params:0":"{\"lr\": 2.3530383134151338e-07, \"ratio\": 20.088663276135435}"}}
{"op_code":5,"worker_id":"ee929ba8-eff7-475c-84b4-32ca594dbde5-23456247935296","trial_id":646,"param_name":"lr","param_value_internal":2.3530383134151338e-07,"distribution":"{\"name\": \"FloatDistribution\", \"attributes\": {\"step\": null, \"low\": 1e-08, \"high\": 0.5, \"log\": true}}"}
{"op_code":5,"worker_id":"ee929ba8-eff7-475c-84b4-32ca594dbde5-23456247935296","trial_id":646,"param_name":"ratio","param_value_internal":20.088663276135435,"distribution":"{\"name\": \"FloatDistribution\", \"attributes\": {\"step\": null, \"low\": 0.1, \"high\": 100.0, \"log\": true}}"}
{"op_code":6,"worker_id":"cfe11ad5-42f1-417a-8612-891cb90594ef-23456247935296","trial_id":429,"state":1,"values":[-3557.359724976562],"datetime_complete":"2026-07-27T12:40:23.403621"}
{"op_code":0,"worker_id":"813007fd-03b2-4e29-8f9b-82d810800446-23456247935296","study_name":"peter_mnist_k3","directions":[2]}
{"op_code":4,"worker_id":"813007fd-03b2-4e29-8f9b-82d810800446-23456247935296","study_id":0,"datetime_start":"2026-07-27T12:40:23.517958"}
{"op_code":9,"worker_id":"813007fd-03b2-4e29-8f9b-82d810800446-23456247935296","trial_id":647,"system_attr":{"tpe:relative_params:0":"{\"lr\": 1.661466432493887e-06, \"ratio\": 33.32345739162977}"}}
{"op_code":5,"worker_id":"813007fd-03b2-4e29-8f9b-82d810800446-23456247935296","trial_id":647,"param_name":"lr","param_value_internal":1.661466432493887e-06,"distribution":"{\"name\": \"FloatDistribution\", \"attributes\": {\"step\": null, \"low\": 1e-08, \"high\": 0.5, \"log\": true}}"}
{"op_code":5,"worker_id":"813007fd-03b2-4e29-8f9b-82d810800446-23456247935296","trial_id":647,"param_name":"ratio","param_value_internal":33.32345739162977,"distribution":"{\"name\": \"FloatDistribution\", \"attributes\": {\"step\": null, \"low\": 0.1, \"high\": 100.0, \"log\": true}}"}
{"op_code":6,"worker_id":"aa972d71-b57f-4848-a3b6-9fc49c16eff6-23456247935296","trial_id":594,"state":3,"values":null,"datetime_complete":"2026-07-27T12:42:30.403440"}
{"op_code":0,"worker_id":"254ff744-d886-486f-8856-8af5906bf05a-23456247935296","study_name":"peter_mnist_k3","directions":[2]}
{"op_code":4,"worker_id":"254ff744-d886-486f-8856-8af5906bf05a-23456247935296","study_id":0,"datetime_start":"2026-07-27T12:42:30.505085"}
{"op_code":9,"worker_id":"254ff744-d886-486f-8856-8af5906bf05a-23456247935296","trial_id":648,"system_attr":{"tpe:relative_params:0":"{\"lr\": 2.2349049005763547e-05, \"ratio\": 19.507976322090776}"}}
{"op_code":5,"worker_id":"254ff744-d886-486f-8856-8af5906bf05a-23456247935296","trial_id":648,"param_name":"lr","param_value_internal":2.2349049005763547e-05,"distribution":"{\"name\": \"FloatDistribution\", \"attributes\": {\"step\": null, \"low\": 1e-08, \"high\": 0.5, \"log\": true}}"}
{"op_code":5,"worker_id":"254ff744-d886-486f-8856-8af5906bf05a-23456247935296","trial_id":648,"param_name":"ratio","param_value_internal":19.507976322090776,"distribution":"{\"name\": \"FloatDistribution\", \"attributes\": {\"step\": null, \"low\": 0.1, \"high\": 100.0, \"log\": true}}"}
{"op_code":6,"worker_id":"74e0d1d3-8d12-4d7b-8912-389de06c1751-23456247935296","trial_id":590,"state":3,"values":null,"datetime_complete":"2026-07-27T12:43:03.099258"}
{"op_code":0,"worker_id":"0a74012c-4759-4bb7-9705-aba93f53c70c-23456247935296","study_name":"peter_mnist_k3","directions":[2]}
{"op_code":4,"worker_id":"0a74012c-4759-4bb7-9705-aba93f53c70c-23456247935296","study_id":0,"datetime_start":"2026-07-27T12:43:03.230066"}
{"op_code":9,"worker_id":"0a74012c-4759-4bb7-9705-aba93f53c70c-23456247935296","trial_id":649,"system_attr":{"tpe:relative_params:0":"{\"lr\": 1.1165291974645162e-06, \"ratio\": 5.5968672863247555}"}}
{"op_code":5,"worker_id":"0a74012c-4759-4bb7-9705-aba93f53c70c-23456247935296","trial_id":649,"param_name":"lr","param_value_internal":1.1165291974645162e-06,"distribution":"{\"name\": \"FloatDistribution\", \"attributes\": {\"step\": null, \"low\": 1e-08, \"high\": 0.5, \"log\": true}}"}
{"op_code":5,"worker_id":"0a74012c-4759-4bb7-9705-aba93f53c70c-23456247935296","trial_id":649,"param_name":"ratio","param_value_internal":5.5968672863247555,"distribution":"{\"name\": \"FloatDistribution\", \"attributes\": {\"step\": null, \"low\": 0.1, \"high\": 100.0, \"log\": true}}"}
{"op_code":6,"worker_id":"452e208a-106d-4caf-ac1c-d4e9e7ab8d8a-23456247935296","trial_id":614,"state":3,"values":null,"datetime_complete":"2026-07-27T12:47:32.392370"}
{"op_code":0,"worker_id":"47a173de-1700-440f-a23b-2d6b11dd5280-23456247935296","study_name":"peter_mnist_k3","directions":[2]}
{"op_code":4,"worker_id":"47a173de-1700-440f-a23b-2d6b11dd5280-23456247935296","study_id":0,"datetime_start":"2026-07-27T12:47:32.502098"}
{"op_code":9,"worker_id":"47a173de-1700-440f-a23b-2d6b11dd5280-23456247935296","trial_id":650,"system_attr":{"tpe:relative_params:0":"{\"lr\": 1.92815640561721e-05, \"ratio\": 5.141562760438959}"}}
{"op_code":5,"worker_id":"47a173de-1700-440f-a23b-2d6b11dd5280-23456247935296","trial_id":650,"param_name":"lr","param_value_internal":1.92815640561721e-05,"distribution":"{\"name\": \"FloatDistribution\", \"attributes\": {\"step\": null, \"low\": 1e-08, \"high\": 0.5, \"log\": true}}"}
{"op_code":5,"worker_id":"47a173de-1700-440f-a23b-2d6b11dd5280-23456247935296","trial_id":650,"param_name":"ratio","param_value_internal":5.141562760438959,"distribution":"{\"name\": \"FloatDistribution\", \"attributes\": {\"step\": null, \"low\": 0.1, \"high\": 100.0, \"log\": true}}"}
{"op_code":6,"worker_id":"f2095689-6724-48c8-8c89-8342e41b06bf-23456247935296","trial_id":606,"state":3,"values":null,"datetime_complete":"2026-07-27T12:48:52.129434"}
{"op_code":0,"worker_id":"d44a1062-6b26-4135-9f3b-dbc764063552-23456247935296","study_name":"peter_mnist_k3","directions":[2]}
{"op_code":4,"worker_id":"d44a1062-6b26-4135-9f3b-dbc764063552-23456247935296","study_id":0,"datetime_start":"2026-07-27T12:48:52.217062"}
{"op_code":9,"worker_id":"d44a1062-6b26-4135-9f3b-dbc764063552-23456247935296","trial_id":651,"system_attr":{"tpe:relative_params:0":"{\"lr\": 2.1335165937773676e-05, \"ratio\": 30.006916996268092}"}}
{"op_code":5,"worker_id":"d44a1062-6b26-4135-9f3b-dbc764063552-23456247935296","trial_id":651,"param_name":"lr","param_value_internal":2.1335165937773676e-05,"distribution":"{\"name\": \"FloatDistribution\", \"attributes\": {\"step\": null, \"low\": 1e-08, \"high\": 0.5, \"log\": true}}"}
{"op_code":5,"worker_id":"d44a1062-6b26-4135-9f3b-dbc764063552-23456247935296","trial_id":651,"param_name":"ratio","param_value_internal":30.006916996268092,"distribution":"{\"name\": \"FloatDistribution\", \"attributes\": {\"step\": null, \"low\": 0.1, \"high\": 100.0, \"log\": true}}"}
{"op_code":6,"worker_id":"bb59e991-a132-4546-801d-5ad27379b928-23456247935296","trial_id":608,"state":3,"values":null,"datetime_complete":"2026-07-27T12:48:58.730849"}
{"op_code":0,"worker_id":"c80a7d14-6ae6-4754-bae2-dfdfc00728ef-23456247935296","study_name":"peter_mnist_k3","directions":[2]}
{"op_code":4,"worker_id":"c80a7d14-6ae6-4754-bae2-dfdfc00728ef-23456247935296","study_id":0,"datetime_start":"2026-07-27T12:48:58.905448"}
{"op_code":9,"worker_id":"c80a7d14-6ae6-4754-bae2-dfdfc00728ef-23456247935296","trial_id":652,"system_attr":{"tpe:relative_params:0":"{\"lr\": 1.178747102378577e-06, \"ratio\": 98.13088630355034}"}}
{"op_code":5,"worker_id":"c80a7d14-6ae6-4754-bae2-dfdfc00728ef-23456247935296","trial_id":652,"param_name":"lr","param_value_internal":1.178747102378577e-06,"distribution":"{\"name\": \"FloatDistribution\", \"attributes\": {\"step\": null, \"low\": 1e-08, \"high\": 0.5, \"log\": true}}"}
{"op_code":5,"worker_id":"c80a7d14-6ae6-4754-bae2-dfdfc00728ef-23456247935296","trial_id":652,"param_name":"ratio","param_value_internal":98.13088630355034,"distribution":"{\"name\": \"FloatDistribution\", \"attributes\": {\"step\": null, \"low\": 0.1, \"high\": 100.0, \"log\": true}}"}
{"op_code":6,"worker_id":"e851eab9-7cb0-4d37-9f8f-e49f705c54ab-23456247935296","trial_id":620,"state":3,"values":null,"datetime_complete":"2026-07-27T12:49:45.810953"}
{"op_code":0,"worker_id":"b1681c11-48e4-41ee-b4dd-1cd9b24324a8-23456247935296","study_name":"peter_mnist_k3","directions":[2]}
{"op_code":4,"worker_id":"b1681c11-48e4-41ee-b4dd-1cd9b24324a8-23456247935296","study_id":0,"datetime_start":"2026-07-27T12:49:45.923362"}
{"op_code":9,"worker_id":"b1681c11-48e4-41ee-b4dd-1cd9b24324a8-23456247935296","trial_id":653,"system_attr":{"tpe:relative_params:0":"{\"lr\": 0.00014056640152796605, \"ratio\": 1.4600030236031256}"}}
{"op_code":5,"worker_id":"b1681c11-48e4-41ee-b4dd-1cd9b24324a8-23456247935296","trial_id":653,"param_name":"lr","param_value_internal":0.00014056640152796605,"distribution":"{\"name\": \"FloatDistribution\", \"attributes\": {\"step\": null, \"low\": 1e-08, \"high\": 0.5, \"log\": true}}"}
{"op_code":5,"worker_id":"b1681c11-48e4-41ee-b4dd-1cd9b24324a8-23456247935296","trial_id":653,"param_name":"ratio","param_value_internal":1.4600030236031256,"distribution":"{\"name\": \"FloatDistribution\", \"attributes\": {\"step\": null, \"low\": 0.1, \"high\": 100.0, \"log\": true}}"}
{"op_code":6,"worker_id":"524e60d8-a3c1-4d54-9de9-75a95a272683-23456247935296","trial_id":611,"state":3,"values":null,"datetime_complete":"2026-07-27T12:50:20.779417"}
{"op_code":0,"worker_id":"66bcba5f-b136-4290-9d02-a2864c2cd446-23456247935296","study_name":"peter_mnist_k3","directions":[2]}
{"op_code":4,"worker_id":"66bcba5f-b136-4290-9d02-a2864c2cd446-23456247935296","study_id":0,"datetime_start":"2026-07-27T12:50:20.889657"}
{"op_code":9,"worker_id":"66bcba5f-b136-4290-9d02-a2864c2cd446-23456247935296","trial_id":654,"system_attr":{"tpe:relative_params:0":"{\"lr\": 2.235897564264404e-06, \"ratio\": 28.43613943529895}"}}
{"op_code":5,"worker_id":"66bcba5f-b136-4290-9d02-a2864c2cd446-23456247935296","trial_id":654,"param_name":"lr","param_value_internal":2.235897564264404e-06,"distribution":"{\"name\": \"FloatDistribution\", \"attributes\": {\"step\": null, \"low\": 1e-08, \"high\": 0.5, \"log\": true}}"}
{"op_code":5,"worker_id":"66bcba5f-b136-4290-9d02-a2864c2cd446-23456247935296","trial_id":654,"param_name":"ratio","param_value_internal":28.43613943529895,"distribution":"{\"name\": \"FloatDistribution\", \"attributes\": {\"step\": null, \"low\": 0.1, \"high\": 100.0, \"log\": true}}"}
{"op_code":6,"worker_id":"749158fc-e5be-46a2-9d74-b56145c8d800-23456247935296","trial_id":474,"state":1,"values":[-3464.263840353742],"datetime_complete":"2026-07-27T12:50:22.237036"}
{"op_code":0,"worker_id":"6b1b82bf-7bb6-4a86-b809-6bf85fbe6a91-23456247935296","study_name":"peter_mnist_k3","directions":[2]}
{"op_code":4,"worker_id":"6b1b82bf-7bb6-4a86-b809-6bf85fbe6a91-23456247935296","study_id":0,"datetime_start":"2026-07-27T12:50:22.377641"}
{"op_code":9,"worker_id":"6b1b82bf-7bb6-4a86-b809-6bf85fbe6a91-23456247935296","trial_id":655,"system_attr":{"tpe:relative_params:0":"{\"lr\": 2.315444901300089e-07, \"ratio\": 11.933733002663681}"}}
{"op_code":5,"worker_id":"6b1b82bf-7bb6-4a86-b809-6bf85fbe6a91-23456247935296","trial_id":655,"param_name":"lr","param_value_internal":2.315444901300089e-07,"distribution":"{\"name\": \"FloatDistribution\", \"attributes\": {\"step\": null, \"low\": 1e-08, \"high\": 0.5, \"log\": true}}"}
{"op_code":5,"worker_id":"6b1b82bf-7bb6-4a86-b809-6bf85fbe6a91-23456247935296","trial_id":655,"param_name":"ratio","param_value_internal":11.933733002663681,"distribution":"{\"name\": \"FloatDistribution\", \"attributes\": {\"step\": null, \"low\": 0.1, \"high\": 100.0, \"log\": true}}"}
{"op_code":6,"worker_id":"fb101113-42f8-46f7-a916-3ce384fc31f1-23456247935296","trial_id":580,"state":3,"values":null,"datetime_complete":"2026-07-27T12:50:36.210956"}
{"op_code":0,"worker_id":"9b4f4bfe-36dd-4036-9b50-32212fe8d268-23456247935296","study_name":"peter_mnist_k3","directions":[2]}
{"op_code":4,"worker_id":"9b4f4bfe-36dd-4036-9b50-32212fe8d268-23456247935296","study_id":0,"datetime_start":"2026-07-27T12:50:36.292904"}
{"op_code":9,"worker_id":"9b4f4bfe-36dd-4036-9b50-32212fe8d268-23456247935296","trial_id":656,"system_attr":{"tpe:relative_params:0":"{\"lr\": 6.051574454953206e-05, \"ratio\": 88.643251123716}"}}
{"op_code":5,"worker_id":"9b4f4bfe-36dd-4036-9b50-32212fe8d268-23456247935296","trial_id":656,"param_name":"lr","param_value_internal":6.051574454953206e-05,"distribution":"{\"name\": \"FloatDistribution\", \"attributes\": {\"step\": null, \"low\": 1e-08, \"high\": 0.5, \"log\": true}}"}
{"op_code":5,"worker_id":"9b4f4bfe-36dd-4036-9b50-32212fe8d268-23456247935296","trial_id":656,"param_name":"ratio","param_value_internal":88.643251123716,"distribution":"{\"name\": \"FloatDistribution\", \"attributes\": {\"step\": null, \"low\": 0.1, \"high\": 100.0, \"log\": true}}"}
{"op_code":6,"worker_id":"1c4d3a06-6953-4705-9069-8f2fb24b2724-23456247935296","trial_id":610,"state":3,"values":null,"datetime_complete":"2026-07-27T12:51:01.123390"}
{"op_code":0,"worker_id":"8c783cc8-5759-4115-adf8-2d6c10c6062c-23456247935296","study_name":"peter_mnist_k3","directions":[2]}
{"op_code":4,"worker_id":"8c783cc8-5759-4115-adf8-2d6c10c6062c-23456247935296","study_id":0,"datetime_start":"2026-07-27T12:51:01.200186"}
{"op_code":9,"worker_id":"8c783cc8-5759-4115-adf8-2d6c10c6062c-23456247935296","trial_id":657,"system_attr":{"tpe:relative_params:0":"{\"lr\": 6.575557237824099e-06, \"ratio\": 99.42033377839249}"}}
{"op_code":5,"worker_id":"8c783cc8-5759-4115-adf8-2d6c10c6062c-23456247935296","trial_id":657,"param_name":"lr","param_value_internal":6.575557237824099e-06,"distribution":"{\"name\": \"FloatDistribution\", \"attributes\": {\"step\": null, \"low\": 1e-08, \"high\": 0.5, \"log\": true}}"}
{"op_code":5,"worker_id":"8c783cc8-5759-4115-adf8-2d6c10c6062c-23456247935296","trial_id":657,"param_name":"ratio","param_value_internal":99.42033377839249,"distribution":"{\"name\": \"FloatDistribution\", \"attributes\": {\"step\": null, \"low\": 0.1, \"high\": 100.0, \"log\": true}}"}
{"op_code":6,"worker_id":"e16a9d7e-27a7-4362-82c9-c1b145f3ea1d-23456247935296","trial_id":425,"state":1,"values":[-3591.0780886103694],"datetime_complete":"2026-07-27T12:51:48.995892"}
{"op_code":0,"worker_id":"5a765839-7316-4ce6-9429-07286cc1e3fc-23456247935296","study_name":"peter_mnist_k3","directions":[2]}
{"op_code":4,"worker_id":"5a765839-7316-4ce6-9429-07286cc1e3fc-23456247935296","study_id":0,"datetime_start":"2026-07-27T12:51:49.131616"}
{"op_code":9,"worker_id":"5a765839-7316-4ce6-9429-07286cc1e3fc-23456247935296","trial_id":658,"system_attr":{"tpe:relative_params:0":"{\"lr\": 9.4891383824902e-06, \"ratio\": 1.7502080814561156}"}}
{"op_code":5,"worker_id":"5a765839-7316-4ce6-9429-07286cc1e3fc-23456247935296","trial_id":658,"param_name":"lr","param_value_internal":9.4891383824902e-06,"distribution":"{\"name\": \"FloatDistribution\", \"attributes\": {\"step\": null, \"low\": 1e-08, \"high\": 0.5, \"log\": true}}"}
{"op_code":5,"worker_id":"5a765839-7316-4ce6-9429-07286cc1e3fc-23456247935296","trial_id":658,"param_name":"ratio","param_value_internal":1.7502080814561156,"distribution":"{\"name\": \"FloatDistribution\", \"attributes\": {\"step\": null, \"low\": 0.1, \"high\": 100.0, \"log\": true}}"}
{"op_code":6,"worker_id":"7601d539-f023-4428-9891-7f3ad652718d-23456247935296","trial_id":605,"state":3,"values":null,"datetime_complete":"2026-07-27T12:52:17.161658"}
{"op_code":0,"worker_id":"de5cb166-4b8e-4d63-a644-2ffc28944a97-23456247935296","study_name":"peter_mnist_k3","directions":[2]}
{"op_code":4,"worker_id":"de5cb166-4b8e-4d63-a644-2ffc28944a97-23456247935296","study_id":0,"datetime_start":"2026-07-27T12:52:17.281055"}
{"op_code":9,"worker_id":"de5cb166-4b8e-4d63-a644-2ffc28944a97-23456247935296","trial_id":659,"system_attr":{"tpe:relative_params:0":"{\"lr\": 0.00019906718563840914, \"ratio\": 12.599164751118684}"}}
{"op_code":5,"worker_id":"de5cb166-4b8e-4d63-a644-2ffc28944a97-23456247935296","trial_id":659,"param_name":"lr","param_value_internal":0.00019906718563840914,"distribution":"{\"name\": \"FloatDistribution\", \"attributes\": {\"step\": null, \"low\": 1e-08, \"high\": 0.5, \"log\": true}}"}
{"op_code":5,"worker_id":"de5cb166-4b8e-4d63-a644-2ffc28944a97-23456247935296","trial_id":659,"param_name":"ratio","param_value_internal":12.599164751118684,"distribution":"{\"name\": \"FloatDistribution\", \"attributes\": {\"step\": null, \"low\": 0.1, \"high\": 100.0, \"log\": true}}"}
{"op_code":6,"worker_id":"b7bee4d6-5804-4493-8cef-7b46cd7a14a8-23456247935296","trial_id":618,"state":3,"values":null,"datetime_complete":"2026-07-27T12:52:42.155669"}
{"op_code":0,"worker_id":"9f4f4a5c-7c4e-4417-8473-a4bf46570097-23456247935296","study_name":"peter_mnist_k3","directions":[2]}
{"op_code":4,"worker_id":"9f4f4a5c-7c4e-4417-8473-a4bf46570097-23456247935296","study_id":0,"datetime_start":"2026-07-27T12:52:42.288751"}
{"op_code":9,"worker_id":"9f4f4a5c-7c4e-4417-8473-a4bf46570097-23456247935296","trial_id":660,"system_attr":{"tpe:relative_params:0":"{\"lr\": 9.000669060155928e-06, \"ratio\": 10.72573746903237}"}}
{"op_code":5,"worker_id":"9f4f4a5c-7c4e-4417-8473-a4bf46570097-23456247935296","trial_id":660,"param_name":"lr","param_value_internal":9.000669060155928e-06,"distribution":"{\"name\": \"FloatDistribution\", \"attributes\": {\"step\": null, \"low\": 1e-08, \"high\": 0.5, \"log\": true}}"}
{"op_code":5,"worker_id":"9f4f4a5c-7c4e-4417-8473-a4bf46570097-23456247935296","trial_id":660,"param_name":"ratio","param_value_internal":10.72573746903237,"distribution":"{\"name\": \"FloatDistribution\", \"attributes\": {\"step\": null, \"low\": 0.1, \"high\": 100.0, \"log\": true}}"}
{"op_code":6,"worker_id":"791cd429-4f37-408c-b8ce-c7b4c2388689-23456247935296","trial_id":625,"state":3,"values":null,"datetime_complete":"2026-07-27T12:52:52.604556"}
{"op_code":0,"worker_id":"1ea218fc-5ac9-43a5-83fa-c3be09789116-23456247935296","study_name":"peter_mnist_k3","directions":[2]}
{"op_code":4,"worker_id":"1ea218fc-5ac9-43a5-83fa-c3be09789116-23456247935296","study_id":0,"datetime_start":"2026-07-27T12:52:53.117379"}
{"op_code":9,"worker_id":"1ea218fc-5ac9-43a5-83fa-c3be09789116-23456247935296","trial_id":661,"system_attr":{"tpe:relative_params:0":"{\"lr\": 8.297595079845484e-06, \"ratio\": 23.394975928321436}"}}
{"op_code":5,"worker_id":"1ea218fc-5ac9-43a5-83fa-c3be09789116-23456247935296","trial_id":661,"param_name":"lr","param_value_internal":8.297595079845484e-06,"distribution":"{\"name\": \"FloatDistribution\", \"attributes\": {\"step\": null, \"low\": 1e-08, \"high\": 0.5, \"log\": true}}"}
{"op_code":5,"worker_id":"1ea218fc-5ac9-43a5-83fa-c3be09789116-23456247935296","trial_id":661,"param_name":"ratio","param_value_internal":23.394975928321436,"distribution":"{\"name\": \"FloatDistribution\", \"attributes\": {\"step\": null, \"low\": 0.1, \"high\": 100.0, \"log\": true}}"}
{"op_code":6,"worker_id":"c4e4cc30-e9de-436b-b52e-9e4f1012fe51-23456247935296","trial_id":627,"state":3,"values":null,"datetime_complete":"2026-07-27T12:53:02.197053"}
{"op_code":0,"worker_id":"6dba3462-cf0f-47a6-863c-2c21f418d4b0-23456247935296","study_name":"peter_mnist_k3","directions":[2]}
{"op_code":4,"worker_id":"6dba3462-cf0f-47a6-863c-2c21f418d4b0-23456247935296","study_id":0,"datetime_start":"2026-07-27T12:53:02.283098"}
{"op_code":9,"worker_id":"6dba3462-cf0f-47a6-863c-2c21f418d4b0-23456247935296","trial_id":662,"system_attr":{"tpe:relative_params:0":"{\"lr\": 2.1948151995324906e-07, \"ratio\": 50.45570715677129}"}}
{"op_code":5,"worker_id":"6dba3462-cf0f-47a6-863c-2c21f418d4b0-23456247935296","trial_id":662,"param_name":"lr","param_value_internal":2.1948151995324906e-07,"distribution":"{\"name\": \"FloatDistribution\", \"attributes\": {\"step\": null, \"low\": 1e-08, \"high\": 0.5, \"log\": true}}"}
{"op_code":5,"worker_id":"6dba3462-cf0f-47a6-863c-2c21f418d4b0-23456247935296","trial_id":662,"param_name":"ratio","param_value_internal":50.45570715677129,"distribution":"{\"name\": \"FloatDistribution\", \"attributes\": {\"step\": null, \"low\": 0.1, \"high\": 100.0, \"log\": true}}"}
{"op_code":6,"worker_id":"943261ca-e911-42e0-babd-b0cd625ec4ab-23456247935296","trial_id":427,"state":1,"values":[-3582.999503024212],"datetime_complete":"2026-07-27T12:54:13.476651"}
{"op_code":0,"worker_id":"a0ebc4a9-76be-4282-90d6-92eb44be2675-23456247935296","study_name":"peter_mnist_k3","directions":[2]}
{"op_code":4,"worker_id":"a0ebc4a9-76be-4282-90d6-92eb44be2675-23456247935296","study_id":0,"datetime_start":"2026-07-27T12:54:13.602261"}
{"op_code":9,"worker_id":"a0ebc4a9-76be-4282-90d6-92eb44be2675-23456247935296","trial_id":663,"system_attr":{"tpe:relative_params:0":"{\"lr\": 4.7951629067471774e-05, \"ratio\": 38.98980442833573}"}}
{"op_code":5,"worker_id":"a0ebc4a9-76be-4282-90d6-92eb44be2675-23456247935296","trial_id":663,"param_name":"lr","param_value_internal":4.7951629067471774e-05,"distribution":"{\"name\": \"FloatDistribution\", \"attributes\": {\"step\": null, \"low\": 1e-08, \"high\": 0.5, \"log\": true}}"}
{"op_code":5,"worker_id":"a0ebc4a9-76be-4282-90d6-92eb44be2675-23456247935296","trial_id":663,"param_name":"ratio","param_value_internal":38.98980442833573,"distribution":"{\"name\": \"FloatDistribution\", \"attributes\": {\"step\": null, \"low\": 0.1, \"high\": 100.0, \"log\": true}}"}
{"op_code":6,"worker_id":"c2bd6afb-b16d-4392-94c3-1d4b25a280d2-23456247935296","trial_id":624,"state":3,"values":null,"datetime_complete":"2026-07-27T12:54:23.263900"}
{"op_code":0,"worker_id":"fdd7d7a5-9aa1-41d9-a85a-0a5b09f2a85e-23456247935296","study_name":"peter_mnist_k3","directions":[2]}
{"op_code":4,"worker_id":"fdd7d7a5-9aa1-41d9-a85a-0a5b09f2a85e-23456247935296","study_id":0,"datetime_start":"2026-07-27T12:54:23.365785"}
{"op_code":9,"worker_id":"fdd7d7a5-9aa1-41d9-a85a-0a5b09f2a85e-23456247935296","trial_id":664,"system_attr":{"tpe:relative_params:0":"{\"lr\": 0.004981561268854923, \"ratio\": 0.25987806940239894}"}}
{"op_code":5,"worker_id":"fdd7d7a5-9aa1-41d9-a85a-0a5b09f2a85e-23456247935296","trial_id":664,"param_name":"lr","param_value_internal":0.004981561268854923,"distribution":"{\"name\": \"FloatDistribution\", \"attributes\": {\"step\": null, \"low\": 1e-08, \"high\": 0.5, \"log\": true}}"}
{"op_code":5,"worker_id":"fdd7d7a5-9aa1-41d9-a85a-0a5b09f2a85e-23456247935296","trial_id":664,"param_name":"ratio","param_value_internal":0.25987806940239894,"distribution":"{\"name\": \"FloatDistribution\", \"attributes\": {\"step\": null, \"low\": 0.1, \"high\": 100.0, \"log\": true}}"}
{"op_code":6,"worker_id":"553e09e9-3d43-4d64-94be-1058135f0a38-23456247935296","trial_id":634,"state":3,"values":null,"datetime_complete":"2026-07-27T12:54:46.730321"}
{"op_code":0,"worker_id":"de271442-d42e-4921-8891-9e4827bedf82-23456247935296","study_name":"peter_mnist_k3","directions":[2]}
{"op_code":4,"worker_id":"de271442-d42e-4921-8891-9e4827bedf82-23456247935296","study_id":0,"datetime_start":"2026-07-27T12:54:46.824234"}
{"op_code":9,"worker_id":"de271442-d42e-4921-8891-9e4827bedf82-23456247935296","trial_id":665,"system_attr":{"tpe:relative_params:0":"{\"lr\": 0.0010902420267927427, \"ratio\": 47.15446356291196}"}}
{"op_code":5,"worker_id":"de271442-d42e-4921-8891-9e4827bedf82-23456247935296","trial_id":665,"param_name":"lr","param_value_internal":0.0010902420267927427,"distribution":"{\"name\": \"FloatDistribution\", \"attributes\": {\"step\": null, \"low\": 1e-08, \"high\": 0.5, \"log\": true}}"}
{"op_code":5,"worker_id":"de271442-d42e-4921-8891-9e4827bedf82-23456247935296","trial_id":665,"param_name":"ratio","param_value_internal":47.15446356291196,"distribution":"{\"name\": \"FloatDistribution\", \"attributes\": {\"step\": null, \"low\": 0.1, \"high\": 100.0, \"log\": true}}"}
{"op_code":6,"worker_id":"7f975441-75a6-42e0-b3a6-755a4ceea23c-23456247935296","trial_id":592,"state":3,"values":null,"datetime_complete":"2026-07-27T12:54:52.529711"}
{"op_code":0,"worker_id":"46c1179c-0595-483f-8265-c47084d72aae-23456247935296","study_name":"peter_mnist_k3","directions":[2]}
{"op_code":4,"worker_id":"46c1179c-0595-483f-8265-c47084d72aae-23456247935296","study_id":0,"datetime_start":"2026-07-27T12:54:53.285399"}
{"op_code":9,"worker_id":"46c1179c-0595-483f-8265-c47084d72aae-23456247935296","trial_id":666,"system_attr":{"tpe:relative_params:0":"{\"lr\": 4.982017984272989e-06, \"ratio\": 37.907390655896215}"}}
{"op_code":5,"worker_id":"46c1179c-0595-483f-8265-c47084d72aae-23456247935296","trial_id":666,"param_name":"lr","param_value_internal":4.982017984272989e-06,"distribution":"{\"name\": \"FloatDistribution\", \"attributes\": {\"step\": null, \"low\": 1e-08, \"high\": 0.5, \"log\": true}}"}
{"op_code":5,"worker_id":"46c1179c-0595-483f-8265-c47084d72aae-23456247935296","trial_id":666,"param_name":"ratio","param_value_internal":37.907390655896215,"distribution":"{\"name\": \"FloatDistribution\", \"attributes\": {\"step\": null, \"low\": 0.1, \"high\": 100.0, \"log\": true}}"}
{"op_code":6,"worker_id":"a4c8571d-d8cd-49d6-8b63-29e05888cf3d-23456247935296","trial_id":617,"state":3,"values":null,"datetime_complete":"2026-07-27T12:55:38.567929"}
{"op_code":0,"worker_id":"b4caaa29-c9f6-42c3-953f-5e1b028cadd4-23456247935296","study_name":"peter_mnist_k3","directions":[2]}
{"op_code":4,"worker_id":"b4caaa29-c9f6-42c3-953f-5e1b028cadd4-23456247935296","study_id":0,"datetime_start":"2026-07-27T12:55:38.666835"}
{"op_code":9,"worker_id":"b4caaa29-c9f6-42c3-953f-5e1b028cadd4-23456247935296","trial_id":667,"system_attr":{"tpe:relative_params:0":"{\"lr\": 2.945308637788429e-05, \"ratio\": 5.120813057898522}"}}
{"op_code":5,"worker_id":"b4caaa29-c9f6-42c3-953f-5e1b028cadd4-23456247935296","trial_id":667,"param_name":"lr","param_value_internal":2.945308637788429e-05,"distribution":"{\"name\": \"FloatDistribution\", \"attributes\": {\"step\": null, \"low\": 1e-08, \"high\": 0.5, \"log\": true}}"}
{"op_code":5,"worker_id":"b4caaa29-c9f6-42c3-953f-5e1b028cadd4-23456247935296","trial_id":667,"param_name":"ratio","param_value_internal":5.120813057898522,"distribution":"{\"name\": \"FloatDistribution\", \"attributes\": {\"step\": null, \"low\": 0.1, \"high\": 100.0, \"log\": true}}"}
{"op_code":6,"worker_id":"cad117ac-068a-4131-894e-fab0b106d178-23456247935296","trial_id":490,"state":3,"values":null,"datetime_complete":"2026-07-27T12:55:52.725764"}
{"op_code":0,"worker_id":"f82fe3f6-3ee7-4627-b778-9eae6e68c856-23456247935296","study_name":"peter_mnist_k3","directions":[2]}
{"op_code":4,"worker_id":"f82fe3f6-3ee7-4627-b778-9eae6e68c856-23456247935296","study_id":0,"datetime_start":"2026-07-27T12:55:52.792933"}
{"op_code":9,"worker_id":"f82fe3f6-3ee7-4627-b778-9eae6e68c856-23456247935296","trial_id":668,"system_attr":{"tpe:relative_params:0":"{\"lr\": 4.505600114620694e-06, \"ratio\": 1.3102978603494602}"}}
{"op_code":5,"worker_id":"f82fe3f6-3ee7-4627-b778-9eae6e68c856-23456247935296","trial_id":668,"param_name":"lr","param_value_internal":4.505600114620694e-06,"distribution":"{\"name\": \"FloatDistribution\", \"attributes\": {\"step\": null, \"low\": 1e-08, \"high\": 0.5, \"log\": true}}"}
{"op_code":5,"worker_id":"f82fe3f6-3ee7-4627-b778-9eae6e68c856-23456247935296","trial_id":668,"param_name":"ratio","param_value_internal":1.3102978603494602,"distribution":"{\"name\": \"FloatDistribution\", \"attributes\": {\"step\": null, \"low\": 0.1, \"high\": 100.0, \"log\": true}}"}
{"op_code":6,"worker_id":"1308ab8e-4a66-4679-bf02-3c079af07e32-23456247935296","trial_id":573,"state":3,"values":null,"datetime_complete":"2026-07-27T12:56:00.376190"}
{"op_code":0,"worker_id":"16dc28f9-5db7-4786-8e7e-012e4c036d5d-23456247935296","study_name":"peter_mnist_k3","directions":[2]}
{"op_code":4,"worker_id":"16dc28f9-5db7-4786-8e7e-012e4c036d5d-23456247935296","study_id":0,"datetime_start":"2026-07-27T12:56:00.431724"}
{"op_code":9,"worker_id":"16dc28f9-5db7-4786-8e7e-012e4c036d5d-23456247935296","trial_id":669,"system_attr":{"tpe:relative_params:0":"{\"lr\": 2.725293098170711e-06, \"ratio\": 12.882723717019113}"}}
{"op_code":5,"worker_id":"16dc28f9-5db7-4786-8e7e-012e4c036d5d-23456247935296","trial_id":669,"param_name":"lr","param_value_internal":2.725293098170711e-06,"distribution":"{\"name\": \"FloatDistribution\", \"attributes\": {\"step\": null, \"low\": 1e-08, \"high\": 0.5, \"log\": true}}"}
{"op_code":5,"worker_id":"16dc28f9-5db7-4786-8e7e-012e4c036d5d-23456247935296","trial_id":669,"param_name":"ratio","param_value_internal":12.882723717019113,"distribution":"{\"name\": \"FloatDistribution\", \"attributes\": {\"step\": null, \"low\": 0.1, \"high\": 100.0, \"log\": true}}"}
{"op_code":6,"worker_id":"b5283b67-3401-4263-8108-6d8ea798f8f3-23456247935296","trial_id":457,"state":1,"values":[-3565.934533940414],"datetime_complete":"2026-07-27T12:56:08.558715"}
{"op_code":0,"worker_id":"9f393d28-3df2-4ae1-9e19-9e70c0efe226-23456247935296","study_name":"peter_mnist_k3","directions":[2]}
{"op_code":4,"worker_id":"9f393d28-3df2-4ae1-9e19-9e70c0efe226-23456247935296","study_id":0,"datetime_start":"2026-07-27T12:56:08.665567"}
{"op_code":9,"worker_id":"9f393d28-3df2-4ae1-9e19-9e70c0efe226-23456247935296","trial_id":670,"system_attr":{"tpe:relative_params:0":"{\"lr\": 0.002143075547699058, \"ratio\": 0.10477728155714068}"}}
{"op_code":5,"worker_id":"9f393d28-3df2-4ae1-9e19-9e70c0efe226-23456247935296","trial_id":670,"param_name":"lr","param_value_internal":0.002143075547699058,"distribution":"{\"name\": \"FloatDistribution\", \"attributes\": {\"step\": null, \"low\": 1e-08, \"high\": 0.5, \"log\": true}}"}
{"op_code":5,"worker_id":"9f393d28-3df2-4ae1-9e19-9e70c0efe226-23456247935296","trial_id":670,"param_name":"ratio","param_value_internal":0.10477728155714068,"distribution":"{\"name\": \"FloatDistribution\", \"attributes\": {\"step\": null, \"low\": 0.1, \"high\": 100.0, \"log\": true}}"}
{"op_code":6,"worker_id":"3fe4b3a3-1f1c-4d9c-9182-72e8329fe9eb-23456247935296","trial_id":613,"state":3,"values":null,"datetime_complete":"2026-07-27T12:56:14.266192"}
{"op_code":0,"worker_id":"25cd0ad2-42d3-4c93-bd21-2af3b52f6d37-23456247935296","study_name":"peter_mnist_k3","directions":[2]}
{"op_code":4,"worker_id":"25cd0ad2-42d3-4c93-bd21-2af3b52f6d37-23456247935296","study_id":0,"datetime_start":"2026-07-27T12:56:14.364637"}
{"op_code":9,"worker_id":"25cd0ad2-42d3-4c93-bd21-2af3b52f6d37-23456247935296","trial_id":671,"system_attr":{"tpe:relative_params:0":"{\"lr\": 1.1096645716056993e-05, \"ratio\": 0.44136946466117705}"}}
{"op_code":5,"worker_id":"25cd0ad2-42d3-4c93-bd21-2af3b52f6d37-23456247935296","trial_id":671,"param_name":"lr","param_value_internal":1.1096645716056993e-05,"distribution":"{\"name\": \"FloatDistribution\", \"attributes\": {\"step\": null, \"low\": 1e-08, \"high\": 0.5, \"log\": true}}"}
{"op_code":5,"worker_id":"25cd0ad2-42d3-4c93-bd21-2af3b52f6d37-23456247935296","trial_id":671,"param_name":"ratio","param_value_internal":0.44136946466117705,"distribution":"{\"name\": \"FloatDistribution\", \"attributes\": {\"step\": null, \"low\": 0.1, \"high\": 100.0, \"log\": true}}"}
{"op_code":6,"worker_id":"9e4d442f-c291-4bdd-986d-6a9487545bc6-23456247935296","trial_id":630,"state":3,"values":null,"datetime_complete":"2026-07-27T12:56:39.417828"}
{"op_code":0,"worker_id":"154a94bc-7ac7-4f06-8982-05bbb6ae5836-23456247935296","study_name":"peter_mnist_k3","directions":[2]}
{"op_code":4,"worker_id":"154a94bc-7ac7-4f06-8982-05bbb6ae5836-23456247935296","study_id":0,"datetime_start":"2026-07-27T12:56:39.525524"}
{"op_code":9,"worker_id":"154a94bc-7ac7-4f06-8982-05bbb6ae5836-23456247935296","trial_id":672,"system_attr":{"tpe:relative_params:0":"{\"lr\": 3.7358615328617754e-06, \"ratio\": 0.36827993024164923}"}}
{"op_code":5,"worker_id":"154a94bc-7ac7-4f06-8982-05bbb6ae5836-23456247935296","trial_id":672,"param_name":"lr","param_value_internal":3.7358615328617754e-06,"distribution":"{\"name\": \"FloatDistribution\", \"attributes\": {\"step\": null, \"low\": 1e-08, \"high\": 0.5, \"log\": true}}"}
{"op_code":5,"worker_id":"154a94bc-7ac7-4f06-8982-05bbb6ae5836-23456247935296","trial_id":672,"param_name":"ratio","param_value_internal":0.36827993024164923,"distribution":"{\"name\": \"FloatDistribution\", \"attributes\": {\"step\": null, \"low\": 0.1, \"high\": 100.0, \"log\": true}}"}
{"op_code":6,"worker_id":"2feff89a-9241-43a2-9a64-60d869adcc26-23456247935296","trial_id":595,"state":3,"values":null,"datetime_complete":"2026-07-27T12:56:43.832941"}
{"op_code":0,"worker_id":"82a8887d-fcef-496c-bf0a-d931d6e16352-23456247935296","study_name":"peter_mnist_k3","directions":[2]}
{"op_code":4,"worker_id":"82a8887d-fcef-496c-bf0a-d931d6e16352-23456247935296","study_id":0,"datetime_start":"2026-07-27T12:56:44.110497"}
{"op_code":9,"worker_id":"82a8887d-fcef-496c-bf0a-d931d6e16352-23456247935296","trial_id":673,"system_attr":{"tpe:relative_params:0":"{\"lr\": 4.664616962200625e-05, \"ratio\": 0.10220463221553502}"}}
{"op_code":5,"worker_id":"82a8887d-fcef-496c-bf0a-d931d6e16352-23456247935296","trial_id":673,"param_name":"lr","param_value_internal":4.664616962200625e-05,"distribution":"{\"name\": \"FloatDistribution\", \"attributes\": {\"step\": null, \"low\": 1e-08, \"high\": 0.5, \"log\": true}}"}
{"op_code":5,"worker_id":"82a8887d-fcef-496c-bf0a-d931d6e16352-23456247935296","trial_id":673,"param_name":"ratio","param_value_internal":0.10220463221553502,"distribution":"{\"name\": \"FloatDistribution\", \"attributes\": {\"step\": null, \"low\": 0.1, \"high\": 100.0, \"log\": true}}"}
{"op_code":6,"worker_id":"3a4f7cff-b958-48cd-9b9f-c8b9da055806-23456247935296","trial_id":615,"state":3,"values":null,"datetime_complete":"2026-07-27T12:57:10.193781"}
{"op_code":0,"worker_id":"c722dc12-afdb-4727-9465-3674467caf10-23456247935296","study_name":"peter_mnist_k3","directions":[2]}
{"op_code":4,"worker_id":"c722dc12-afdb-4727-9465-3674467caf10-23456247935296","study_id":0,"datetime_start":"2026-07-27T12:57:10.289791"}
{"op_code":9,"worker_id":"c722dc12-afdb-4727-9465-3674467caf10-23456247935296","trial_id":674,"system_attr":{"tpe:relative_params:0":"{\"lr\": 1.4313593952993958e-06, \"ratio\": 0.39508463316392894}"}}
{"op_code":5,"worker_id":"c722dc12-afdb-4727-9465-3674467caf10-23456247935296","trial_id":674,"param_name":"lr","param_value_internal":1.4313593952993958e-06,"distribution":"{\"name\": \"FloatDistribution\", \"attributes\": {\"step\": null, \"low\": 1e-08, \"high\": 0.5, \"log\": true}}"}
{"op_code":5,"worker_id":"c722dc12-afdb-4727-9465-3674467caf10-23456247935296","trial_id":674,"param_name":"ratio","param_value_internal":0.39508463316392894,"distribution":"{\"name\": \"FloatDistribution\", \"attributes\": {\"step\": null, \"low\": 0.1, \"high\": 100.0, \"log\": true}}"}
{"op_code":6,"worker_id":"78574f95-4947-4753-9a3e-2de776b81959-23456247935296","trial_id":440,"state":1,"values":[-3480.903993365553],"datetime_complete":"2026-07-27T12:57:49.675984"}
{"op_code":0,"worker_id":"b8ebb73f-23e7-4de5-b231-a608274710ab-23456247935296","study_name":"peter_mnist_k3","directions":[2]}
{"op_code":4,"worker_id":"b8ebb73f-23e7-4de5-b231-a608274710ab-23456247935296","study_id":0,"datetime_start":"2026-07-27T12:57:49.769425"}
{"op_code":9,"worker_id":"b8ebb73f-23e7-4de5-b231-a608274710ab-23456247935296","trial_id":675,"system_attr":{"tpe:relative_params:0":"{\"lr\": 2.6415369017983145e-06, \"ratio\": 57.15639752397615}"}}
{"op_code":5,"worker_id":"b8ebb73f-23e7-4de5-b231-a608274710ab-23456247935296","trial_id":675,"param_name":"lr","param_value_internal":2.6415369017983145e-06,"distribution":"{\"name\": \"FloatDistribution\", \"attributes\": {\"step\": null, \"low\": 1e-08, \"high\": 0.5, \"log\": true}}"}
{"op_code":5,"worker_id":"b8ebb73f-23e7-4de5-b231-a608274710ab-23456247935296","trial_id":675,"param_name":"ratio","param_value_internal":57.15639752397615,"distribution":"{\"name\": \"FloatDistribution\", \"attributes\": {\"step\": null, \"low\": 0.1, \"high\": 100.0, \"log\": true}}"}
{"op_code":6,"worker_id":"4b14a97b-bc56-4ff4-aa73-6cfde6f22ec1-23456247935296","trial_id":631,"state":3,"values":null,"datetime_complete":"2026-07-27T12:57:53.680347"}
{"op_code":0,"worker_id":"744a0b9a-33b8-4b2f-b221-c7278d022ad4-23456247935296","study_name":"peter_mnist_k3","directions":[2]}
{"op_code":4,"worker_id":"744a0b9a-33b8-4b2f-b221-c7278d022ad4-23456247935296","study_id":0,"datetime_start":"2026-07-27T12:57:53.777752"}
{"op_code":9,"worker_id":"744a0b9a-33b8-4b2f-b221-c7278d022ad4-23456247935296","trial_id":676,"system_attr":{"tpe:relative_params:0":"{\"lr\": 0.0009872116259565069, \"ratio\": 5.66678820763822}"}}
{"op_code":5,"worker_id":"744a0b9a-33b8-4b2f-b221-c7278d022ad4-23456247935296","trial_id":676,"param_name":"lr","param_value_internal":0.0009872116259565069,"distribution":"{\"name\": \"FloatDistribution\", \"attributes\": {\"step\": null, \"low\": 1e-08, \"high\": 0.5, \"log\": true}}"}
{"op_code":5,"worker_id":"744a0b9a-33b8-4b2f-b221-c7278d022ad4-23456247935296","trial_id":676,"param_name":"ratio","param_value_internal":5.66678820763822,"distribution":"{\"name\": \"FloatDistribution\", \"attributes\": {\"step\": null, \"low\": 0.1, \"high\": 100.0, \"log\": true}}"}
{"op_code":6,"worker_id":"2ea86083-61bf-4c07-ac39-6e817f37abe5-23456247935296","trial_id":628,"state":3,"values":null,"datetime_complete":"2026-07-27T12:58:14.770292"}
{"op_code":0,"worker_id":"4d86a267-eeec-4233-8965-f620ea7f38bb-23456247935296","study_name":"peter_mnist_k3","directions":[2]}
{"op_code":4,"worker_id":"4d86a267-eeec-4233-8965-f620ea7f38bb-23456247935296","study_id":0,"datetime_start":"2026-07-27T12:58:14.849941"}
{"op_code":9,"worker_id":"4d86a267-eeec-4233-8965-f620ea7f38bb-23456247935296","trial_id":677,"system_attr":{"tpe:relative_params:0":"{\"lr\": 8.119103700280162e-05, \"ratio\": 65.10035830968337}"}}
{"op_code":5,"worker_id":"4d86a267-eeec-4233-8965-f620ea7f38bb-23456247935296","trial_id":677,"param_name":"lr","param_value_internal":8.119103700280162e-05,"distribution":"{\"name\": \"FloatDistribution\", \"attributes\": {\"step\": null, \"low\": 1e-08, \"high\": 0.5, \"log\": true}}"}
{"op_code":5,"worker_id":"4d86a267-eeec-4233-8965-f620ea7f38bb-23456247935296","trial_id":677,"param_name":"ratio","param_value_internal":65.10035830968337,"distribution":"{\"name\": \"FloatDistribution\", \"attributes\": {\"step\": null, \"low\": 0.1, \"high\": 100.0, \"log\": true}}"}
{"op_code":6,"worker_id":"5a1ade4a-babf-4489-90a2-507f2a5c04e8-23456247935296","trial_id":445,"state":1,"values":[-3476.644656391808],"datetime_complete":"2026-07-27T12:58:20.252511"}
{"op_code":0,"worker_id":"bafe999a-5ae6-4fba-9c9b-cf9b5e4cdde2-23456247935296","study_name":"peter_mnist_k3","directions":[2]}
{"op_code":4,"worker_id":"bafe999a-5ae6-4fba-9c9b-cf9b5e4cdde2-23456247935296","study_id":0,"datetime_start":"2026-07-27T12:58:20.343753"}
{"op_code":9,"worker_id":"bafe999a-5ae6-4fba-9c9b-cf9b5e4cdde2-23456247935296","trial_id":678,"system_attr":{"tpe:relative_params:0":"{\"lr\": 0.24278922057035962, \"ratio\": 0.24374007118546467}"}}
{"op_code":5,"worker_id":"bafe999a-5ae6-4fba-9c9b-cf9b5e4cdde2-23456247935296","trial_id":678,"param_name":"lr","param_value_internal":0.24278922057035962,"distribution":"{\"name\": \"FloatDistribution\", \"attributes\": {\"step\": null, \"low\": 1e-08, \"high\": 0.5, \"log\": true}}"}
{"op_code":5,"worker_id":"bafe999a-5ae6-4fba-9c9b-cf9b5e4cdde2-23456247935296","trial_id":678,"param_name":"ratio","param_value_internal":0.24374007118546467,"distribution":"{\"name\": \"FloatDistribution\", \"attributes\": {\"step\": null, \"low\": 0.1, \"high\": 100.0, \"log\": true}}"}
{"op_code":6,"worker_id":"4bf6542f-a06c-4eb6-a2d6-1a3c5063126d-23456247935296","trial_id":638,"state":3,"values":null,"datetime_complete":"2026-07-27T12:58:44.871818"}
{"op_code":0,"worker_id":"b328138f-cdf2-435f-971b-8492bc03530c-23456247935296","study_name":"peter_mnist_k3","directions":[2]}
{"op_code":4,"worker_id":"b328138f-cdf2-435f-971b-8492bc03530c-23456247935296","study_id":0,"datetime_start":"2026-07-27T12:58:44.965454"}
{"op_code":9,"worker_id":"b328138f-cdf2-435f-971b-8492bc03530c-23456247935296","trial_id":679,"system_attr":{"tpe:relative_params:0":"{\"lr\": 1.4741105055483192e-06, \"ratio\": 0.682646641508812}"}}
{"op_code":5,"worker_id":"b328138f-cdf2-435f-971b-8492bc03530c-23456247935296","trial_id":679,"param_name":"lr","param_value_internal":1.4741105055483192e-06,"distribution":"{\"name\": \"FloatDistribution\", \"attributes\": {\"step\": null, \"low\": 1e-08, \"high\": 0.5, \"log\": true}}"}
{"op_code":5,"worker_id":"b328138f-cdf2-435f-971b-8492bc03530c-23456247935296","trial_id":679,"param_name":"ratio","param_value_internal":0.682646641508812,"distribution":"{\"name\": \"FloatDistribution\", \"attributes\": {\"step\": null, \"low\": 0.1, \"high\": 100.0, \"log\": true}}"}
{"op_code":6,"worker_id":"d546d321-fb9e-4df3-9b0f-45df1f1bd179-23456247935296","trial_id":444,"state":1,"values":[-3587.77258381322],"datetime_complete":"2026-07-27T12:58:51.462252"}
{"op_code":0,"worker_id":"08a05d80-04fb-4b6b-a5ee-d57baf634288-23456247935296","study_name":"peter_mnist_k3","directions":[2]}
{"op_code":4,"worker_id":"08a05d80-04fb-4b6b-a5ee-d57baf634288-23456247935296","study_id":0,"datetime_start":"2026-07-27T12:58:51.569888"}
{"op_code":9,"worker_id":"08a05d80-04fb-4b6b-a5ee-d57baf634288-23456247935296","trial_id":680,"system_attr":{"tpe:relative_params:0":"{\"lr\": 7.191583907060854e-06, \"ratio\": 0.3128706651896919}"}}
{"op_code":5,"worker_id":"08a05d80-04fb-4b6b-a5ee-d57baf634288-23456247935296","trial_id":680,"param_name":"lr","param_value_internal":7.191583907060854e-06,"distribution":"{\"name\": \"FloatDistribution\", \"attributes\": {\"step\": null, \"low\": 1e-08, \"high\": 0.5, \"log\": true}}"}
{"op_code":5,"worker_id":"08a05d80-04fb-4b6b-a5ee-d57baf634288-23456247935296","trial_id":680,"param_name":"ratio","param_value_internal":0.3128706651896919,"distribution":"{\"name\": \"FloatDistribution\", \"attributes\": {\"step\": null, \"low\": 0.1, \"high\": 100.0, \"log\": true}}"}
{"op_code":6,"worker_id":"a4388638-860d-4d28-9949-2cb4419d0c33-23456247935296","trial_id":447,"state":1,"values":[-3590.8362013019837],"datetime_complete":"2026-07-27T12:59:19.772447"}
{"op_code":0,"worker_id":"3b965d81-1f7d-45ba-aead-ef2476dfada7-23456247935296","study_name":"peter_mnist_k3","directions":[2]}
{"op_code":4,"worker_id":"3b965d81-1f7d-45ba-aead-ef2476dfada7-23456247935296","study_id":0,"datetime_start":"2026-07-27T12:59:19.845152"}
{"op_code":9,"worker_id":"3b965d81-1f7d-45ba-aead-ef2476dfada7-23456247935296","trial_id":681,"system_attr":{"tpe:relative_params:0":"{\"lr\": 4.861325556087265e-06, \"ratio\": 0.22668504417144095}"}}
{"op_code":5,"worker_id":"3b965d81-1f7d-45ba-aead-ef2476dfada7-23456247935296","trial_id":681,"param_name":"lr","param_value_internal":4.861325556087265e-06,"distribution":"{\"name\": \"FloatDistribution\", \"attributes\": {\"step\": null, \"low\": 1e-08, \"high\": 0.5, \"log\": true}}"}
{"op_code":5,"worker_id":"3b965d81-1f7d-45ba-aead-ef2476dfada7-23456247935296","trial_id":681,"param_name":"ratio","param_value_internal":0.22668504417144095,"distribution":"{\"name\": \"FloatDistribution\", \"attributes\": {\"step\": null, \"low\": 0.1, \"high\": 100.0, \"log\": true}}"}
{"op_code":6,"worker_id":"45b81a11-b80d-4eb0-94ed-ee66b2f30eb3-23456247935296","trial_id":450,"state":1,"values":[-3585.4822097908536],"datetime_complete":"2026-07-27T13:00:01.859144"}
{"op_code":0,"worker_id":"e01ff86e-bc0e-465f-ad69-0a6ed294a3aa-23456247935296","study_name":"peter_mnist_k3","directions":[2]}
{"op_code":4,"worker_id":"e01ff86e-bc0e-465f-ad69-0a6ed294a3aa-23456247935296","study_id":0,"datetime_start":"2026-07-27T13:00:01.986367"}
{"op_code":9,"worker_id":"e01ff86e-bc0e-465f-ad69-0a6ed294a3aa-23456247935296","trial_id":682,"system_attr":{"tpe:relative_params:0":"{\"lr\": 6.8596104950891e-07, \"ratio\": 0.612230493526088}"}}
{"op_code":5,"worker_id":"e01ff86e-bc0e-465f-ad69-0a6ed294a3aa-23456247935296","trial_id":682,"param_name":"lr","param_value_internal":6.8596104950891e-07,"distribution":"{\"name\": \"FloatDistribution\", \"attributes\": {\"step\": null, \"low\": 1e-08, \"high\": 0.5, \"log\": true}}"}
{"op_code":5,"worker_id":"e01ff86e-bc0e-465f-ad69-0a6ed294a3aa-23456247935296","trial_id":682,"param_name":"ratio","param_value_internal":0.612230493526088,"distribution":"{\"name\": \"FloatDistribution\", \"attributes\": {\"step\": null, \"low\": 0.1, \"high\": 100.0, \"log\": true}}"}
{"op_code":6,"worker_id":"25764033-c0bc-450e-8aa9-774a4d779936-23456247935296","trial_id":619,"state":3,"values":null,"datetime_complete":"2026-07-27T13:00:07.090382"}
{"op_code":0,"worker_id":"fa52efc0-b419-4a30-994d-70fae154e5f1-23456247935296","study_name":"peter_mnist_k3","directions":[2]}
{"op_code":4,"worker_id":"fa52efc0-b419-4a30-994d-70fae154e5f1-23456247935296","study_id":0,"datetime_start":"2026-07-27T13:00:07.203119"}
{"op_code":9,"worker_id":"fa52efc0-b419-4a30-994d-70fae154e5f1-23456247935296","trial_id":683,"system_attr":{"tpe:relative_params:0":"{\"lr\": 1.037871117266108e-06, \"ratio\": 0.5604637184241874}"}}
{"op_code":5,"worker_id":"fa52efc0-b419-4a30-994d-70fae154e5f1-23456247935296","trial_id":683,"param_name":"lr","param_value_internal":1.037871117266108e-06,"distribution":"{\"name\": \"FloatDistribution\", \"attributes\": {\"step\": null, \"low\": 1e-08, \"high\": 0.5, \"log\": true}}"}
{"op_code":5,"worker_id":"fa52efc0-b419-4a30-994d-70fae154e5f1-23456247935296","trial_id":683,"param_name":"ratio","param_value_internal":0.5604637184241874,"distribution":"{\"name\": \"FloatDistribution\", \"attributes\": {\"step\": null, \"low\": 0.1, \"high\": 100.0, \"log\": true}}"}
{"op_code":6,"worker_id":"5c4e95a2-8a99-41af-8abb-513ae23432a7-23456247935296","trial_id":508,"state":3,"values":null,"datetime_complete":"2026-07-27T13:00:31.402689"}
{"op_code":0,"worker_id":"6c30d7dd-a8f1-4ccd-b36b-09eceeed8baa-23456247935296","study_name":"peter_mnist_k3","directions":[2]}
{"op_code":4,"worker_id":"6c30d7dd-a8f1-4ccd-b36b-09eceeed8baa-23456247935296","study_id":0,"datetime_start":"2026-07-27T13:00:31.486982"}
{"op_code":9,"worker_id":"6c30d7dd-a8f1-4ccd-b36b-09eceeed8baa-23456247935296","trial_id":684,"system_attr":{"tpe:relative_params:0":"{\"lr\": 1.5423142507002443e-06, \"ratio\": 2.2953973136068604}"}}
{"op_code":5,"worker_id":"6c30d7dd-a8f1-4ccd-b36b-09eceeed8baa-23456247935296","trial_id":684,"param_name":"lr","param_value_internal":1.5423142507002443e-06,"distribution":"{\"name\": \"FloatDistribution\", \"attributes\": {\"step\": null, \"low\": 1e-08, \"high\": 0.5, \"log\": true}}"}
{"op_code":5,"worker_id":"6c30d7dd-a8f1-4ccd-b36b-09eceeed8baa-23456247935296","trial_id":684,"param_name":"ratio","param_value_internal":2.2953973136068604,"distribution":"{\"name\": \"FloatDistribution\", \"attributes\": {\"step\": null, \"low\": 0.1, \"high\": 100.0, \"log\": true}}"}
{"op_code":6,"worker_id":"338cacba-2911-4e51-9f3f-dea2bcc34fcf-23456247935296","trial_id":621,"state":3,"values":null,"datetime_complete":"2026-07-27T13:01:49.298605"}
{"op_code":0,"worker_id":"c5a72e5d-08f7-444f-bb79-ec4cb93b9cef-23456247935296","study_name":"peter_mnist_k3","directions":[2]}
{"op_code":4,"worker_id":"c5a72e5d-08f7-444f-bb79-ec4cb93b9cef-23456247935296","study_id":0,"datetime_start":"2026-07-27T13:01:49.379441"}
{"op_code":9,"worker_id":"c5a72e5d-08f7-444f-bb79-ec4cb93b9cef-23456247935296","trial_id":685,"system_attr":{"tpe:relative_params:0":"{\"lr\": 2.4925284808685313e-06, \"ratio\": 0.3754089903194906}"}}
{"op_code":5,"worker_id":"c5a72e5d-08f7-444f-bb79-ec4cb93b9cef-23456247935296","trial_id":685,"param_name":"lr","param_value_internal":2.4925284808685313e-06,"distribution":"{\"name\": \"FloatDistribution\", \"attributes\": {\"step\": null, \"low\": 1e-08, \"high\": 0.5, \"log\": true}}"}
{"op_code":5,"worker_id":"c5a72e5d-08f7-444f-bb79-ec4cb93b9cef-23456247935296","trial_id":685,"param_name":"ratio","param_value_internal":0.3754089903194906,"distribution":"{\"name\": \"FloatDistribution\", \"attributes\": {\"step\": null, \"low\": 0.1, \"high\": 100.0, \"log\": true}}"}
{"op_code":6,"worker_id":"f121962c-0ae5-4a1e-9386-4458be2f529b-23456247935296","trial_id":632,"state":3,"values":null,"datetime_complete":"2026-07-27T13:01:56.394330"}
{"op_code":0,"worker_id":"5e3a2c28-83c1-4932-837c-7707ac16f496-23456247935296","study_name":"peter_mnist_k3","directions":[2]}
{"op_code":4,"worker_id":"5e3a2c28-83c1-4932-837c-7707ac16f496-23456247935296","study_id":0,"datetime_start":"2026-07-27T13:01:56.472589"}
{"op_code":9,"worker_id":"5e3a2c28-83c1-4932-837c-7707ac16f496-23456247935296","trial_id":686,"system_attr":{"tpe:relative_params:0":"{\"lr\": 4.360321934083265e-06, \"ratio\": 1.0656018082884222}"}}
{"op_code":5,"worker_id":"5e3a2c28-83c1-4932-837c-7707ac16f496-23456247935296","trial_id":686,"param_name":"lr","param_value_internal":4.360321934083265e-06,"distribution":"{\"name\": \"FloatDistribution\", \"attributes\": {\"step\": null, \"low\": 1e-08, \"high\": 0.5, \"log\": true}}"}
{"op_code":5,"worker_id":"5e3a2c28-83c1-4932-837c-7707ac16f496-23456247935296","trial_id":686,"param_name":"ratio","param_value_internal":1.0656018082884222,"distribution":"{\"name\": \"FloatDistribution\", \"attributes\": {\"step\": null, \"low\": 0.1, \"high\": 100.0, \"log\": true}}"}
{"op_code":6,"worker_id":"028f7bad-8d13-44e8-b5ea-ae35cb9c7d7c-23456247935296","trial_id":645,"state":3,"values":null,"datetime_complete":"2026-07-27T13:03:05.620668"}
{"op_code":0,"worker_id":"50cc0c81-6fee-43c0-a9df-e56d1ac8b8ea-23456247935296","study_name":"peter_mnist_k3","directions":[2]}
{"op_code":4,"worker_id":"50cc0c81-6fee-43c0-a9df-e56d1ac8b8ea-23456247935296","study_id":0,"datetime_start":"2026-07-27T13:03:05.746649"}
{"op_code":9,"worker_id":"50cc0c81-6fee-43c0-a9df-e56d1ac8b8ea-23456247935296","trial_id":687,"system_attr":{"tpe:relative_params:0":"{\"lr\": 0.0001369600207727056, \"ratio\": 0.8304501608126842}"}}
{"op_code":5,"worker_id":"50cc0c81-6fee-43c0-a9df-e56d1ac8b8ea-23456247935296","trial_id":687,"param_name":"lr","param_value_internal":0.0001369600207727056,"distribution":"{\"name\": \"FloatDistribution\", \"attributes\": {\"step\": null, \"low\": 1e-08, \"high\": 0.5, \"log\": true}}"}
{"op_code":5,"worker_id":"50cc0c81-6fee-43c0-a9df-e56d1ac8b8ea-23456247935296","trial_id":687,"param_name":"ratio","param_value_internal":0.8304501608126842,"distribution":"{\"name\": \"FloatDistribution\", \"attributes\": {\"step\": null, \"low\": 0.1, \"high\": 100.0, \"log\": true}}"}
{"op_code":6,"worker_id":"bf5b8418-375d-480a-8a74-ed4437d02d6a-23456247935296","trial_id":635,"state":3,"values":null,"datetime_complete":"2026-07-27T13:04:28.667818"}
{"op_code":0,"worker_id":"b4998b16-6fa5-4cc0-a681-f0b9a68b1b3a-23456247935296","study_name":"peter_mnist_k3","directions":[2]}
{"op_code":4,"worker_id":"b4998b16-6fa5-4cc0-a681-f0b9a68b1b3a-23456247935296","study_id":0,"datetime_start":"2026-07-27T13:04:28.798949"}
{"op_code":9,"worker_id":"b4998b16-6fa5-4cc0-a681-f0b9a68b1b3a-23456247935296","trial_id":688,"system_attr":{"tpe:relative_params:0":"{\"lr\": 2.3822013136542493e-06, \"ratio\": 0.22434063486589306}"}}
{"op_code":5,"worker_id":"b4998b16-6fa5-4cc0-a681-f0b9a68b1b3a-23456247935296","trial_id":688,"param_name":"lr","param_value_internal":2.3822013136542493e-06,"distribution":"{\"name\": \"FloatDistribution\", \"attributes\": {\"step\": null, \"low\": 1e-08, \"high\": 0.5, \"log\": true}}"}
{"op_code":5,"worker_id":"b4998b16-6fa5-4cc0-a681-f0b9a68b1b3a-23456247935296","trial_id":688,"param_name":"ratio","param_value_internal":0.22434063486589306,"distribution":"{\"name\": \"FloatDistribution\", \"attributes\": {\"step\": null, \"low\": 0.1, \"high\": 100.0, \"log\": true}}"}
{"op_code":6,"worker_id":"063cdc64-272c-4065-8183-75a51f203569-23456247935296","trial_id":637,"state":3,"values":null,"datetime_complete":"2026-07-27T13:04:32.049358"}
{"op_code":0,"worker_id":"a4436dd1-981c-4078-9e01-b52f0f0d708a-23456247935296","study_name":"peter_mnist_k3","directions":[2]}
{"op_code":4,"worker_id":"a4436dd1-981c-4078-9e01-b52f0f0d708a-23456247935296","study_id":0,"datetime_start":"2026-07-27T13:04:32.173026"}
{"op_code":9,"worker_id":"a4436dd1-981c-4078-9e01-b52f0f0d708a-23456247935296","trial_id":689,"system_attr":{"tpe:relative_params:0":"{\"lr\": 1.9619188032784153e-05, \"ratio\": 0.25720692353883834}"}}
{"op_code":5,"worker_id":"a4436dd1-981c-4078-9e01-b52f0f0d708a-23456247935296","trial_id":689,"param_name":"lr","param_value_internal":1.9619188032784153e-05,"distribution":"{\"name\": \"FloatDistribution\", \"attributes\": {\"step\": null, \"low\": 1e-08, \"high\": 0.5, \"log\": true}}"}
{"op_code":5,"worker_id":"a4436dd1-981c-4078-9e01-b52f0f0d708a-23456247935296","trial_id":689,"param_name":"ratio","param_value_internal":0.25720692353883834,"distribution":"{\"name\": \"FloatDistribution\", \"attributes\": {\"step\": null, \"low\": 0.1, \"high\": 100.0, \"log\": true}}"}
{"op_code":6,"worker_id":"6869fd19-d054-4dfe-b966-1570032e6818-23456247935296","trial_id":569,"state":3,"values":null,"datetime_complete":"2026-07-27T13:05:22.265007"}
{"op_code":0,"worker_id":"d25cd9eb-98a7-44eb-87de-6415b167a232-23456247935296","study_name":"peter_mnist_k3","directions":[2]}
{"op_code":4,"worker_id":"d25cd9eb-98a7-44eb-87de-6415b167a232-23456247935296","study_id":0,"datetime_start":"2026-07-27T13:05:22.359414"}
{"op_code":9,"worker_id":"d25cd9eb-98a7-44eb-87de-6415b167a232-23456247935296","trial_id":690,"system_attr":{"tpe:relative_params:0":"{\"lr\": 7.043132457112866e-07, \"ratio\": 0.6287875095035501}"}}
{"op_code":5,"worker_id":"d25cd9eb-98a7-44eb-87de-6415b167a232-23456247935296","trial_id":690,"param_name":"lr","param_value_internal":7.043132457112866e-07,"distribution":"{\"name\": \"FloatDistribution\", \"attributes\": {\"step\": null, \"low\": 1e-08, \"high\": 0.5, \"log\": true}}"}
{"op_code":5,"worker_id":"d25cd9eb-98a7-44eb-87de-6415b167a232-23456247935296","trial_id":690,"param_name":"ratio","param_value_internal":0.6287875095035501,"distribution":"{\"name\": \"FloatDistribution\", \"attributes\": {\"step\": null, \"low\": 0.1, \"high\": 100.0, \"log\": true}}"}
{"op_code":6,"worker_id":"2d75465b-d806-453d-83e6-50581ed798f7-23456247935296","trial_id":609,"state":3,"values":null,"datetime_complete":"2026-07-27T13:05:30.083761"}
{"op_code":0,"worker_id":"80155fae-6102-4caf-8bcc-d7447bf8684c-23456247935296","study_name":"peter_mnist_k3","directions":[2]}
{"op_code":4,"worker_id":"80155fae-6102-4caf-8bcc-d7447bf8684c-23456247935296","study_id":0,"datetime_start":"2026-07-27T13:05:30.280746"}
{"op_code":9,"worker_id":"80155fae-6102-4caf-8bcc-d7447bf8684c-23456247935296","trial_id":691,"system_attr":{"tpe:relative_params:0":"{\"lr\": 1.3406900561313342e-05, \"ratio\": 17.005797362425398}"}}
{"op_code":5,"worker_id":"80155fae-6102-4caf-8bcc-d7447bf8684c-23456247935296","trial_id":691,"param_name":"lr","param_value_internal":1.3406900561313342e-05,"distribution":"{\"name\": \"FloatDistribution\", \"attributes\": {\"step\": null, \"low\": 1e-08, \"high\": 0.5, \"log\": true}}"}
{"op_code":5,"worker_id":"80155fae-6102-4caf-8bcc-d7447bf8684c-23456247935296","trial_id":691,"param_name":"ratio","param_value_internal":17.005797362425398,"distribution":"{\"name\": \"FloatDistribution\", \"attributes\": {\"step\": null, \"low\": 0.1, \"high\": 100.0, \"log\": true}}"}
{"op_code":6,"worker_id":"47a173de-1700-440f-a23b-2d6b11dd5280-23456247935296","trial_id":650,"state":3,"values":null,"datetime_complete":"2026-07-27T13:05:36.298642"}
{"op_code":0,"worker_id":"628017c0-0b60-40f6-87b6-75ace4303ae5-23456247935296","study_name":"peter_mnist_k3","directions":[2]}
{"op_code":4,"worker_id":"628017c0-0b60-40f6-87b6-75ace4303ae5-23456247935296","study_id":0,"datetime_start":"2026-07-27T13:05:36.440881"}
{"op_code":9,"worker_id":"628017c0-0b60-40f6-87b6-75ace4303ae5-23456247935296","trial_id":692,"system_attr":{"tpe:relative_params:0":"{\"lr\": 1.2649379540365628e-05, \"ratio\": 0.6866868359370094}"}}
{"op_code":5,"worker_id":"628017c0-0b60-40f6-87b6-75ace4303ae5-23456247935296","trial_id":692,"param_name":"lr","param_value_internal":1.2649379540365628e-05,"distribution":"{\"name\": \"FloatDistribution\", \"attributes\": {\"step\": null, \"low\": 1e-08, \"high\": 0.5, \"log\": true}}"}
{"op_code":5,"worker_id":"628017c0-0b60-40f6-87b6-75ace4303ae5-23456247935296","trial_id":692,"param_name":"ratio","param_value_internal":0.6866868359370094,"distribution":"{\"name\": \"FloatDistribution\", \"attributes\": {\"step\": null, \"low\": 0.1, \"high\": 100.0, \"log\": true}}"}
{"op_code":6,"worker_id":"254ff744-d886-486f-8856-8af5906bf05a-23456247935296","trial_id":648,"state":3,"values":null,"datetime_complete":"2026-07-27T13:06:21.970215"}
{"op_code":0,"worker_id":"79700318-67d4-4e02-8613-8d5ed498f32c-23456247935296","study_name":"peter_mnist_k3","directions":[2]}
{"op_code":4,"worker_id":"79700318-67d4-4e02-8613-8d5ed498f32c-23456247935296","study_id":0,"datetime_start":"2026-07-27T13:06:22.737076"}
{"op_code":9,"worker_id":"79700318-67d4-4e02-8613-8d5ed498f32c-23456247935296","trial_id":693,"system_attr":{"tpe:relative_params:0":"{\"lr\": 5.590378357270795e-05, \"ratio\": 2.5786788568821493}"}}
{"op_code":5,"worker_id":"79700318-67d4-4e02-8613-8d5ed498f32c-23456247935296","trial_id":693,"param_name":"lr","param_value_internal":5.590378357270795e-05,"distribution":"{\"name\": \"FloatDistribution\", \"attributes\": {\"step\": null, \"low\": 1e-08, \"high\": 0.5, \"log\": true}}"}
{"op_code":5,"worker_id":"79700318-67d4-4e02-8613-8d5ed498f32c-23456247935296","trial_id":693,"param_name":"ratio","param_value_internal":2.5786788568821493,"distribution":"{\"name\": \"FloatDistribution\", \"attributes\": {\"step\": null, \"low\": 0.1, \"high\": 100.0, \"log\": true}}"}
{"op_code":6,"worker_id":"10e0e7a9-ea59-4275-9812-c8a6e638202d-23456247935296","trial_id":600,"state":3,"values":null,"datetime_complete":"2026-07-27T13:06:24.495214"}
{"op_code":0,"worker_id":"4b19712a-840e-4796-a56f-cd0f77de0faa-23456247935296","study_name":"peter_mnist_k3","directions":[2]}
{"op_code":4,"worker_id":"4b19712a-840e-4796-a56f-cd0f77de0faa-23456247935296","study_id":0,"datetime_start":"2026-07-27T13:06:24.585374"}
{"op_code":9,"worker_id":"4b19712a-840e-4796-a56f-cd0f77de0faa-23456247935296","trial_id":694,"system_attr":{"tpe:relative_params:0":"{\"lr\": 1.5379541204228567e-05, \"ratio\": 9.165035574722548}"}}
{"op_code":5,"worker_id":"4b19712a-840e-4796-a56f-cd0f77de0faa-23456247935296","trial_id":694,"param_name":"lr","param_value_internal":1.5379541204228567e-05,"distribution":"{\"name\": \"FloatDistribution\", \"attributes\": {\"step\": null, \"low\": 1e-08, \"high\": 0.5, \"log\": true}}"}
{"op_code":5,"worker_id":"4b19712a-840e-4796-a56f-cd0f77de0faa-23456247935296","trial_id":694,"param_name":"ratio","param_value_internal":9.165035574722548,"distribution":"{\"name\": \"FloatDistribution\", \"attributes\": {\"step\": null, \"low\": 0.1, \"high\": 100.0, \"log\": true}}"}
{"op_code":6,"worker_id":"70ad5e70-e325-4555-acf5-b3b3d9a83874-23456247935296","trial_id":500,"state":1,"values":[-3589.4545007053707],"datetime_complete":"2026-07-27T13:06:45.574297"}
{"op_code":0,"worker_id":"f50cfed3-df8d-4ae0-b1b7-0780f30ed563-23456247935296","study_name":"peter_mnist_k3","directions":[2]}
{"op_code":4,"worker_id":"f50cfed3-df8d-4ae0-b1b7-0780f30ed563-23456247935296","study_id":0,"datetime_start":"2026-07-27T13:06:45.691838"}
{"op_code":9,"worker_id":"f50cfed3-df8d-4ae0-b1b7-0780f30ed563-23456247935296","trial_id":695,"system_attr":{"tpe:relative_params:0":"{\"lr\": 4.99966269642602e-07, \"ratio\": 3.5139423080846997}"}}
{"op_code":5,"worker_id":"f50cfed3-df8d-4ae0-b1b7-0780f30ed563-23456247935296","trial_id":695,"param_name":"lr","param_value_internal":4.99966269642602e-07,"distribution":"{\"name\": \"FloatDistribution\", \"attributes\": {\"step\": null, \"low\": 1e-08, \"high\": 0.5, \"log\": true}}"}
{"op_code":5,"worker_id":"f50cfed3-df8d-4ae0-b1b7-0780f30ed563-23456247935296","trial_id":695,"param_name":"ratio","param_value_internal":3.5139423080846997,"distribution":"{\"name\": \"FloatDistribution\", \"attributes\": {\"step\": null, \"low\": 0.1, \"high\": 100.0, \"log\": true}}"}
{"op_code":6,"worker_id":"245be7ff-1e21-41aa-b715-2fa9a8e327cc-23456247935296","trial_id":568,"state":3,"values":null,"datetime_complete":"2026-07-27T13:07:41.383489"}
{"op_code":0,"worker_id":"9202b6c3-a87f-4139-a515-9fa029594e77-23456247935296","study_name":"peter_mnist_k3","directions":[2]}
{"op_code":4,"worker_id":"9202b6c3-a87f-4139-a515-9fa029594e77-23456247935296","study_id":0,"datetime_start":"2026-07-27T13:07:41.451344"}
{"op_code":9,"worker_id":"9202b6c3-a87f-4139-a515-9fa029594e77-23456247935296","trial_id":696,"system_attr":{"tpe:relative_params:0":"{\"lr\": 2.161166326785756e-05, \"ratio\": 16.53138229288137}"}}
{"op_code":5,"worker_id":"9202b6c3-a87f-4139-a515-9fa029594e77-23456247935296","trial_id":696,"param_name":"lr","param_value_internal":2.161166326785756e-05,"distribution":"{\"name\": \"FloatDistribution\", \"attributes\": {\"step\": null, \"low\": 1e-08, \"high\": 0.5, \"log\": true}}"}
{"op_code":5,"worker_id":"9202b6c3-a87f-4139-a515-9fa029594e77-23456247935296","trial_id":696,"param_name":"ratio","param_value_internal":16.53138229288137,"distribution":"{\"name\": \"FloatDistribution\", \"attributes\": {\"step\": null, \"low\": 0.1, \"high\": 100.0, \"log\": true}}"}
{"op_code":6,"worker_id":"b1681c11-48e4-41ee-b4dd-1cd9b24324a8-23456247935296","trial_id":653,"state":3,"values":null,"datetime_complete":"2026-07-27T13:08:24.549796"}
{"op_code":0,"worker_id":"7cac60aa-2d6e-4235-9d39-cc404aa3ee94-23456247935296","study_name":"peter_mnist_k3","directions":[2]}
{"op_code":4,"worker_id":"7cac60aa-2d6e-4235-9d39-cc404aa3ee94-23456247935296","study_id":0,"datetime_start":"2026-07-27T13:08:24.649880"}
{"op_code":9,"worker_id":"7cac60aa-2d6e-4235-9d39-cc404aa3ee94-23456247935296","trial_id":697,"system_attr":{"tpe:relative_params:0":"{\"lr\": 1.4975191545011014e-06, \"ratio\": 1.7615674834738415}"}}
{"op_code":5,"worker_id":"7cac60aa-2d6e-4235-9d39-cc404aa3ee94-23456247935296","trial_id":697,"param_name":"lr","param_value_internal":1.4975191545011014e-06,"distribution":"{\"name\": \"FloatDistribution\", \"attributes\": {\"step\": null, \"low\": 1e-08, \"high\": 0.5, \"log\": true}}"}
{"op_code":5,"worker_id":"7cac60aa-2d6e-4235-9d39-cc404aa3ee94-23456247935296","trial_id":697,"param_name":"ratio","param_value_internal":1.7615674834738415,"distribution":"{\"name\": \"FloatDistribution\", \"attributes\": {\"step\": null, \"low\": 0.1, \"high\": 100.0, \"log\": true}}"}
{"op_code":6,"worker_id":"d44a1062-6b26-4135-9f3b-dbc764063552-23456247935296","trial_id":651,"state":3,"values":null,"datetime_complete":"2026-07-27T13:09:04.405144"}
{"op_code":0,"worker_id":"00db0f4a-8058-4c44-b729-f8da7fd3a0b7-23456247935296","study_name":"peter_mnist_k3","directions":[2]}
{"op_code":4,"worker_id":"00db0f4a-8058-4c44-b729-f8da7fd3a0b7-23456247935296","study_id":0,"datetime_start":"2026-07-27T13:09:04.483111"}
{"op_code":9,"worker_id":"00db0f4a-8058-4c44-b729-f8da7fd3a0b7-23456247935296","trial_id":698,"system_attr":{"tpe:relative_params:0":"{\"lr\": 8.707994698399182e-06, \"ratio\": 29.999608953863834}"}}
{"op_code":5,"worker_id":"00db0f4a-8058-4c44-b729-f8da7fd3a0b7-23456247935296","trial_id":698,"param_name":"lr","param_value_internal":8.707994698399182e-06,"distribution":"{\"name\": \"FloatDistribution\", \"attributes\": {\"step\": null, \"low\": 1e-08, \"high\": 0.5, \"log\": true}}"}
{"op_code":5,"worker_id":"00db0f4a-8058-4c44-b729-f8da7fd3a0b7-23456247935296","trial_id":698,"param_name":"ratio","param_value_internal":29.999608953863834,"distribution":"{\"name\": \"FloatDistribution\", \"attributes\": {\"step\": null, \"low\": 0.1, \"high\": 100.0, \"log\": true}}"}
{"op_code":6,"worker_id":"75bdeb61-e4d1-445e-8e5e-ab18437fff9b-23456247935296","trial_id":629,"state":3,"values":null,"datetime_complete":"2026-07-27T13:10:21.494904"}
{"op_code":0,"worker_id":"a4c68768-c463-4c5b-9d2b-300b3f87deba-23456247935296","study_name":"peter_mnist_k3","directions":[2]}
{"op_code":4,"worker_id":"a4c68768-c463-4c5b-9d2b-300b3f87deba-23456247935296","study_id":0,"datetime_start":"2026-07-27T13:10:21.604306"}
{"op_code":9,"worker_id":"a4c68768-c463-4c5b-9d2b-300b3f87deba-23456247935296","trial_id":699,"system_attr":{"tpe:relative_params:0":"{\"lr\": 6.6318813713766335e-06, \"ratio\": 50.69232771037378}"}}
{"op_code":5,"worker_id":"a4c68768-c463-4c5b-9d2b-300b3f87deba-23456247935296","trial_id":699,"param_name":"lr","param_value_internal":6.6318813713766335e-06,"distribution":"{\"name\": \"FloatDistribution\", \"attributes\": {\"step\": null, \"low\": 1e-08, \"high\": 0.5, \"log\": true}}"}
{"op_code":5,"worker_id":"a4c68768-c463-4c5b-9d2b-300b3f87deba-23456247935296","trial_id":699,"param_name":"ratio","param_value_internal":50.69232771037378,"distribution":"{\"name\": \"FloatDistribution\", \"attributes\": {\"step\": null, \"low\": 0.1, \"high\": 100.0, \"log\": true}}"}
{"op_code":6,"worker_id":"17b63c8b-4a82-4d72-a8da-6d549097ff61-23456247935296","trial_id":604,"state":3,"values":null,"datetime_complete":"2026-07-27T13:10:52.929695"}
{"op_code":0,"worker_id":"60cfe412-bc0d-495c-96ec-9f277df16f24-23456247935296","study_name":"peter_mnist_k3","directions":[2]}
{"op_code":4,"worker_id":"60cfe412-bc0d-495c-96ec-9f277df16f24-23456247935296","study_id":0,"datetime_start":"2026-07-27T13:10:53.037573"}
{"op_code":9,"worker_id":"60cfe412-bc0d-495c-96ec-9f277df16f24-23456247935296","trial_id":700,"system_attr":{"tpe:relative_params:0":"{\"lr\": 4.77815701565936e-06, \"ratio\": 86.16814408521627}"}}
{"op_code":5,"worker_id":"60cfe412-bc0d-495c-96ec-9f277df16f24-23456247935296","trial_id":700,"param_name":"lr","param_value_internal":4.77815701565936e-06,"distribution":"{\"name\": \"FloatDistribution\", \"attributes\": {\"step\": null, \"low\": 1e-08, \"high\": 0.5, \"log\": true}}"}
{"op_code":5,"worker_id":"60cfe412-bc0d-495c-96ec-9f277df16f24-23456247935296","trial_id":700,"param_name":"ratio","param_value_internal":86.16814408521627,"distribution":"{\"name\": \"FloatDistribution\", \"attributes\": {\"step\": null, \"low\": 0.1, \"high\": 100.0, \"log\": true}}"}
{"op_code":6,"worker_id":"fdd7d7a5-9aa1-41d9-a85a-0a5b09f2a85e-23456247935296","trial_id":664,"state":3,"values":null,"datetime_complete":"2026-07-27T13:11:30.124231"}
{"op_code":0,"worker_id":"b7f0ab29-c62b-4970-aba9-f096be5ff699-23456247935296","study_name":"peter_mnist_k3","directions":[2]}
{"op_code":4,"worker_id":"b7f0ab29-c62b-4970-aba9-f096be5ff699-23456247935296","study_id":0,"datetime_start":"2026-07-27T13:11:30.241330"}
{"op_code":9,"worker_id":"b7f0ab29-c62b-4970-aba9-f096be5ff699-23456247935296","trial_id":701,"system_attr":{"tpe:relative_params:0":"{\"lr\": 1.1128961437408632e-05, \"ratio\": 1.195503344305664}"}}
{"op_code":5,"worker_id":"b7f0ab29-c62b-4970-aba9-f096be5ff699-23456247935296","trial_id":701,"param_name":"lr","param_value_internal":1.1128961437408632e-05,"distribution":"{\"name\": \"FloatDistribution\", \"attributes\": {\"step\": null, \"low\": 1e-08, \"high\": 0.5, \"log\": true}}"}
{"op_code":5,"worker_id":"b7f0ab29-c62b-4970-aba9-f096be5ff699-23456247935296","trial_id":701,"param_name":"ratio","param_value_internal":1.195503344305664,"distribution":"{\"name\": \"FloatDistribution\", \"attributes\": {\"step\": null, \"low\": 0.1, \"high\": 100.0, \"log\": true}}"}
{"op_code":6,"worker_id":"bf6a3487-beea-4f65-91ac-0670cbd3bec1-23456247935296","trial_id":626,"state":3,"values":null,"datetime_complete":"2026-07-27T13:11:39.169843"}
{"op_code":0,"worker_id":"55fb1cae-aab9-46f2-99bd-c312f96be215-23456247935296","study_name":"peter_mnist_k3","directions":[2]}
{"op_code":4,"worker_id":"55fb1cae-aab9-46f2-99bd-c312f96be215-23456247935296","study_id":0,"datetime_start":"2026-07-27T13:11:39.292868"}
{"op_code":9,"worker_id":"55fb1cae-aab9-46f2-99bd-c312f96be215-23456247935296","trial_id":702,"system_attr":{"tpe:relative_params:0":"{\"lr\": 1.2518313442042606e-05, \"ratio\": 5.04239519640127}"}}
{"op_code":5,"worker_id":"55fb1cae-aab9-46f2-99bd-c312f96be215-23456247935296","trial_id":702,"param_name":"lr","param_value_internal":1.2518313442042606e-05,"distribution":"{\"name\": \"FloatDistribution\", \"attributes\": {\"step\": null, \"low\": 1e-08, \"high\": 0.5, \"log\": true}}"}
{"op_code":5,"worker_id":"55fb1cae-aab9-46f2-99bd-c312f96be215-23456247935296","trial_id":702,"param_name":"ratio","param_value_internal":5.04239519640127,"distribution":"{\"name\": \"FloatDistribution\", \"attributes\": {\"step\": null, \"low\": 0.1, \"high\": 100.0, \"log\": true}}"}
{"op_code":6,"worker_id":"8445427f-64df-435f-8a77-15c24a7c4ad3-23456247935296","trial_id":471,"state":1,"values":[-3552.397827845683],"datetime_complete":"2026-07-27T13:12:08.142511"}
{"op_code":0,"worker_id":"2b68e929-424a-4ed2-ae1a-757541779f0f-23456247935296","study_name":"peter_mnist_k3","directions":[2]}
{"op_code":4,"worker_id":"2b68e929-424a-4ed2-ae1a-757541779f0f-23456247935296","study_id":0,"datetime_start":"2026-07-27T13:12:08.276643"}
{"op_code":9,"worker_id":"2b68e929-424a-4ed2-ae1a-757541779f0f-23456247935296","trial_id":703,"system_attr":{"tpe:relative_params:0":"{\"lr\": 2.1829287222013356e-06, \"ratio\": 10.315548945648445}"}}
{"op_code":5,"worker_id":"2b68e929-424a-4ed2-ae1a-757541779f0f-23456247935296","trial_id":703,"param_name":"lr","param_value_internal":2.1829287222013356e-06,"distribution":"{\"name\": \"FloatDistribution\", \"attributes\": {\"step\": null, \"low\": 1e-08, \"high\": 0.5, \"log\": true}}"}
{"op_code":5,"worker_id":"2b68e929-424a-4ed2-ae1a-757541779f0f-23456247935296","trial_id":703,"param_name":"ratio","param_value_internal":10.315548945648445,"distribution":"{\"name\": \"FloatDistribution\", \"attributes\": {\"step\": null, \"low\": 0.1, \"high\": 100.0, \"log\": true}}"}
{"op_code":6,"worker_id":"de271442-d42e-4921-8891-9e4827bedf82-23456247935296","trial_id":665,"state":3,"values":null,"datetime_complete":"2026-07-27T13:12:49.144689"}
{"op_code":0,"worker_id":"8d8d7cc8-96a9-4769-a5c0-2d7d305f318e-23456247935296","study_name":"peter_mnist_k3","directions":[2]}
{"op_code":4,"worker_id":"8d8d7cc8-96a9-4769-a5c0-2d7d305f318e-23456247935296","study_id":0,"datetime_start":"2026-07-27T13:12:49.245354"}
{"op_code":9,"worker_id":"8d8d7cc8-96a9-4769-a5c0-2d7d305f318e-23456247935296","trial_id":704,"system_attr":{"tpe:relative_params:0":"{\"lr\": 2.813734313468836e-06, \"ratio\": 44.94733849228644}"}}
{"op_code":5,"worker_id":"8d8d7cc8-96a9-4769-a5c0-2d7d305f318e-23456247935296","trial_id":704,"param_name":"lr","param_value_internal":2.813734313468836e-06,"distribution":"{\"name\": \"FloatDistribution\", \"attributes\": {\"step\": null, \"low\": 1e-08, \"high\": 0.5, \"log\": true}}"}
{"op_code":5,"worker_id":"8d8d7cc8-96a9-4769-a5c0-2d7d305f318e-23456247935296","trial_id":704,"param_name":"ratio","param_value_internal":44.94733849228644,"distribution":"{\"name\": \"FloatDistribution\", \"attributes\": {\"step\": null, \"low\": 0.1, \"high\": 100.0, \"log\": true}}"}
{"op_code":6,"worker_id":"9b4f4bfe-36dd-4036-9b50-32212fe8d268-23456247935296","trial_id":656,"state":3,"values":null,"datetime_complete":"2026-07-27T13:13:27.700754"}
{"op_code":0,"worker_id":"e9c2f5d1-9134-4a95-8632-96c53b8727e4-23456247935296","study_name":"peter_mnist_k3","directions":[2]}
{"op_code":4,"worker_id":"e9c2f5d1-9134-4a95-8632-96c53b8727e4-23456247935296","study_id":0,"datetime_start":"2026-07-27T13:13:27.809519"}
{"op_code":9,"worker_id":"e9c2f5d1-9134-4a95-8632-96c53b8727e4-23456247935296","trial_id":705,"system_attr":{"tpe:relative_params:0":"{\"lr\": 8.511607202039971e-07, \"ratio\": 0.34734675056112213}"}}
{"op_code":5,"worker_id":"e9c2f5d1-9134-4a95-8632-96c53b8727e4-23456247935296","trial_id":705,"param_name":"lr","param_value_internal":8.511607202039971e-07,"distribution":"{\"name\": \"FloatDistribution\", \"attributes\": {\"step\": null, \"low\": 1e-08, \"high\": 0.5, \"log\": true}}"}
{"op_code":5,"worker_id":"e9c2f5d1-9134-4a95-8632-96c53b8727e4-23456247935296","trial_id":705,"param_name":"ratio","param_value_internal":0.34734675056112213,"distribution":"{\"name\": \"FloatDistribution\", \"attributes\": {\"step\": null, \"low\": 0.1, \"high\": 100.0, \"log\": true}}"}
{"op_code":6,"worker_id":"de5cb166-4b8e-4d63-a644-2ffc28944a97-23456247935296","trial_id":659,"state":3,"values":null,"datetime_complete":"2026-07-27T13:14:47.415265"}
{"op_code":0,"worker_id":"85a6fe13-ee23-4d95-80e3-315d1b98d219-23456247935296","study_name":"peter_mnist_k3","directions":[2]}
{"op_code":4,"worker_id":"85a6fe13-ee23-4d95-80e3-315d1b98d219-23456247935296","study_id":0,"datetime_start":"2026-07-27T13:14:47.570297"}
{"op_code":9,"worker_id":"85a6fe13-ee23-4d95-80e3-315d1b98d219-23456247935296","trial_id":706,"system_attr":{"tpe:relative_params:0":"{\"lr\": 2.7149234446912813e-06, \"ratio\": 51.13734229969529}"}}
{"op_code":5,"worker_id":"85a6fe13-ee23-4d95-80e3-315d1b98d219-23456247935296","trial_id":706,"param_name":"lr","param_value_internal":2.7149234446912813e-06,"distribution":"{\"name\": \"FloatDistribution\", \"attributes\": {\"step\": null, \"low\": 1e-08, \"high\": 0.5, \"log\": true}}"}
{"op_code":5,"worker_id":"85a6fe13-ee23-4d95-80e3-315d1b98d219-23456247935296","trial_id":706,"param_name":"ratio","param_value_internal":51.13734229969529,"distribution":"{\"name\": \"FloatDistribution\", \"attributes\": {\"step\": null, \"low\": 0.1, \"high\": 100.0, \"log\": true}}"}
{"op_code":6,"worker_id":"9f4f4a5c-7c4e-4417-8473-a4bf46570097-23456247935296","trial_id":660,"state":3,"values":null,"datetime_complete":"2026-07-27T13:14:56.242987"}
{"op_code":0,"worker_id":"23547358-3c2f-42de-b6ee-a400080ba9cc-23456247935296","study_name":"peter_mnist_k3","directions":[2]}
{"op_code":4,"worker_id":"23547358-3c2f-42de-b6ee-a400080ba9cc-23456247935296","study_id":0,"datetime_start":"2026-07-27T13:14:56.426471"}
{"op_code":9,"worker_id":"23547358-3c2f-42de-b6ee-a400080ba9cc-23456247935296","trial_id":707,"system_attr":{"tpe:relative_params:0":"{\"lr\": 3.894410591701017e-06, \"ratio\": 14.44499699182199}"}}
{"op_code":5,"worker_id":"23547358-3c2f-42de-b6ee-a400080ba9cc-23456247935296","trial_id":707,"param_name":"lr","param_value_internal":3.894410591701017e-06,"distribution":"{\"name\": \"FloatDistribution\", \"attributes\": {\"step\": null, \"low\": 1e-08, \"high\": 0.5, \"log\": true}}"}
{"op_code":5,"worker_id":"23547358-3c2f-42de-b6ee-a400080ba9cc-23456247935296","trial_id":707,"param_name":"ratio","param_value_internal":14.44499699182199,"distribution":"{\"name\": \"FloatDistribution\", \"attributes\": {\"step\": null, \"low\": 0.1, \"high\": 100.0, \"log\": true}}"}
{"op_code":6,"worker_id":"9f393d28-3df2-4ae1-9e19-9e70c0efe226-23456247935296","trial_id":670,"state":3,"values":null,"datetime_complete":"2026-07-27T13:15:17.270218"}
{"op_code":0,"worker_id":"d6d789f0-54db-40d8-a004-32ba303c3098-23456247935296","study_name":"peter_mnist_k3","directions":[2]}
{"op_code":4,"worker_id":"d6d789f0-54db-40d8-a004-32ba303c3098-23456247935296","study_id":0,"datetime_start":"2026-07-27T13:15:17.418036"}
{"op_code":9,"worker_id":"d6d789f0-54db-40d8-a004-32ba303c3098-23456247935296","trial_id":708,"system_attr":{"tpe:relative_params:0":"{\"lr\": 1.5648589455369269e-06, \"ratio\": 0.7559052446803171}"}}
{"op_code":5,"worker_id":"d6d789f0-54db-40d8-a004-32ba303c3098-23456247935296","trial_id":708,"param_name":"lr","param_value_internal":1.5648589455369269e-06,"distribution":"{\"name\": \"FloatDistribution\", \"attributes\": {\"step\": null, \"low\": 1e-08, \"high\": 0.5, \"log\": true}}"}
{"op_code":5,"worker_id":"d6d789f0-54db-40d8-a004-32ba303c3098-23456247935296","trial_id":708,"param_name":"ratio","param_value_internal":0.7559052446803171,"distribution":"{\"name\": \"FloatDistribution\", \"attributes\": {\"step\": null, \"low\": 0.1, \"high\": 100.0, \"log\": true}}"}
{"op_code":6,"worker_id":"395c35a2-2cc9-476e-aef4-0701e0ac8ac9-23456247935296","trial_id":587,"state":3,"values":null,"datetime_complete":"2026-07-27T13:15:41.031605"}
{"op_code":0,"worker_id":"f893c0aa-9f2b-4e62-8613-b72ab1fdcb27-23456247935296","study_name":"peter_mnist_k3","directions":[2]}
{"op_code":4,"worker_id":"f893c0aa-9f2b-4e62-8613-b72ab1fdcb27-23456247935296","study_id":0,"datetime_start":"2026-07-27T13:15:41.228902"}
{"op_code":9,"worker_id":"f893c0aa-9f2b-4e62-8613-b72ab1fdcb27-23456247935296","trial_id":709,"system_attr":{"tpe:relative_params:0":"{\"lr\": 0.00042940336251271643, \"ratio\": 89.31675933281046}"}}
{"op_code":5,"worker_id":"f893c0aa-9f2b-4e62-8613-b72ab1fdcb27-23456247935296","trial_id":709,"param_name":"lr","param_value_internal":0.00042940336251271643,"distribution":"{\"name\": \"FloatDistribution\", \"attributes\": {\"step\": null, \"low\": 1e-08, \"high\": 0.5, \"log\": true}}"}
{"op_code":5,"worker_id":"f893c0aa-9f2b-4e62-8613-b72ab1fdcb27-23456247935296","trial_id":709,"param_name":"ratio","param_value_internal":89.31675933281046,"distribution":"{\"name\": \"FloatDistribution\", \"attributes\": {\"step\": null, \"low\": 0.1, \"high\": 100.0, \"log\": true}}"}
{"op_code":6,"worker_id":"84be7122-b421-405d-9643-7cf349a24d67-23456247935296","trial_id":644,"state":3,"values":null,"datetime_complete":"2026-07-27T13:16:18.349393"}
{"op_code":0,"worker_id":"9c87c210-3189-4ccb-b917-e259727440ef-23456247935296","study_name":"peter_mnist_k3","directions":[2]}
{"op_code":4,"worker_id":"9c87c210-3189-4ccb-b917-e259727440ef-23456247935296","study_id":0,"datetime_start":"2026-07-27T13:16:18.433510"}
{"op_code":9,"worker_id":"9c87c210-3189-4ccb-b917-e259727440ef-23456247935296","trial_id":710,"system_attr":{"tpe:relative_params:0":"{\"lr\": 8.139235167005697e-07, \"ratio\": 78.86517660601038}"}}
{"op_code":5,"worker_id":"9c87c210-3189-4ccb-b917-e259727440ef-23456247935296","trial_id":710,"param_name":"lr","param_value_internal":8.139235167005697e-07,"distribution":"{\"name\": \"FloatDistribution\", \"attributes\": {\"step\": null, \"low\": 1e-08, \"high\": 0.5, \"log\": true}}"}
{"op_code":5,"worker_id":"9c87c210-3189-4ccb-b917-e259727440ef-23456247935296","trial_id":710,"param_name":"ratio","param_value_internal":78.86517660601038,"distribution":"{\"name\": \"FloatDistribution\", \"attributes\": {\"step\": null, \"low\": 0.1, \"high\": 100.0, \"log\": true}}"}
{"op_code":6,"worker_id":"541d2cf4-0c53-4612-9687-51f7bcf740ed-23456247935296","trial_id":623,"state":3,"values":null,"datetime_complete":"2026-07-27T13:17:32.359711"}
{"op_code":0,"worker_id":"c45c799c-90a0-4c22-adf2-1c69e663b392-23456247935296","study_name":"peter_mnist_k3","directions":[2]}
{"op_code":4,"worker_id":"c45c799c-90a0-4c22-adf2-1c69e663b392-23456247935296","study_id":0,"datetime_start":"2026-07-27T13:17:32.431908"}
{"op_code":9,"worker_id":"c45c799c-90a0-4c22-adf2-1c69e663b392-23456247935296","trial_id":711,"system_attr":{"tpe:relative_params:0":"{\"lr\": 0.001560783822270177, \"ratio\": 0.15492869106424198}"}}
{"op_code":5,"worker_id":"c45c799c-90a0-4c22-adf2-1c69e663b392-23456247935296","trial_id":711,"param_name":"lr","param_value_internal":0.001560783822270177,"distribution":"{\"name\": \"FloatDistribution\", \"attributes\": {\"step\": null, \"low\": 1e-08, \"high\": 0.5, \"log\": true}}"}
{"op_code":5,"worker_id":"c45c799c-90a0-4c22-adf2-1c69e663b392-23456247935296","trial_id":711,"param_name":"ratio","param_value_internal":0.15492869106424198,"distribution":"{\"name\": \"FloatDistribution\", \"attributes\": {\"step\": null, \"low\": 0.1, \"high\": 100.0, \"log\": true}}"}
{"op_code":6,"worker_id":"3cd6e89e-559d-4fa3-9668-57cc1f9e9e24-23456247935296","trial_id":602,"state":3,"values":null,"datetime_complete":"2026-07-27T13:19:10.927240"}
{"op_code":0,"worker_id":"7e39d79c-3e1b-48a6-aaa6-434fa45765cf-23456247935296","study_name":"peter_mnist_k3","directions":[2]}
{"op_code":4,"worker_id":"7e39d79c-3e1b-48a6-aaa6-434fa45765cf-23456247935296","study_id":0,"datetime_start":"2026-07-27T13:19:11.034681"}
{"op_code":9,"worker_id":"7e39d79c-3e1b-48a6-aaa6-434fa45765cf-23456247935296","trial_id":712,"system_attr":{"tpe:relative_params:0":"{\"lr\": 4.595847606965683e-05, \"ratio\": 6.7871586645226625}"}}
{"op_code":5,"worker_id":"7e39d79c-3e1b-48a6-aaa6-434fa45765cf-23456247935296","trial_id":712,"param_name":"lr","param_value_internal":4.595847606965683e-05,"distribution":"{\"name\": \"FloatDistribution\", \"attributes\": {\"step\": null, \"low\": 1e-08, \"high\": 0.5, \"log\": true}}"}
{"op_code":5,"worker_id":"7e39d79c-3e1b-48a6-aaa6-434fa45765cf-23456247935296","trial_id":712,"param_name":"ratio","param_value_internal":6.7871586645226625,"distribution":"{\"name\": \"FloatDistribution\", \"attributes\": {\"step\": null, \"low\": 0.1, \"high\": 100.0, \"log\": true}}"}
{"op_code":6,"worker_id":"bafe999a-5ae6-4fba-9c9b-cf9b5e4cdde2-23456247935296","trial_id":678,"state":3,"values":null,"datetime_complete":"2026-07-27T13:19:49.181723"}
{"op_code":0,"worker_id":"7e9739ec-b0ea-4a37-8c03-8de6531f7fa2-23456247935296","study_name":"peter_mnist_k3","directions":[2]}
{"op_code":4,"worker_id":"7e9739ec-b0ea-4a37-8c03-8de6531f7fa2-23456247935296","study_id":0,"datetime_start":"2026-07-27T13:19:49.279154"}
{"op_code":9,"worker_id":"7e9739ec-b0ea-4a37-8c03-8de6531f7fa2-23456247935296","trial_id":713,"system_attr":{"tpe:relative_params:0":"{\"lr\": 7.587967850486506e-06, \"ratio\": 5.3612822124564055}"}}
{"op_code":5,"worker_id":"7e9739ec-b0ea-4a37-8c03-8de6531f7fa2-23456247935296","trial_id":713,"param_name":"lr","param_value_internal":7.587967850486506e-06,"distribution":"{\"name\": \"FloatDistribution\", \"attributes\": {\"step\": null, \"low\": 1e-08, \"high\": 0.5, \"log\": true}}"}
{"op_code":5,"worker_id":"7e9739ec-b0ea-4a37-8c03-8de6531f7fa2-23456247935296","trial_id":713,"param_name":"ratio","param_value_internal":5.3612822124564055,"distribution":"{\"name\": \"FloatDistribution\", \"attributes\": {\"step\": null, \"low\": 0.1, \"high\": 100.0, \"log\": true}}"}
{"op_code":6,"worker_id":"b4caaa29-c9f6-42c3-953f-5e1b028cadd4-23456247935296","trial_id":667,"state":3,"values":null,"datetime_complete":"2026-07-27T13:19:57.942443"}
{"op_code":0,"worker_id":"a82be6a3-e07f-4112-b38a-2ecaa88e9de2-23456247935296","study_name":"peter_mnist_k3","directions":[2]}
{"op_code":4,"worker_id":"a82be6a3-e07f-4112-b38a-2ecaa88e9de2-23456247935296","study_id":0,"datetime_start":"2026-07-27T13:19:58.067590"}
{"op_code":9,"worker_id":"a82be6a3-e07f-4112-b38a-2ecaa88e9de2-23456247935296","trial_id":714,"system_attr":{"tpe:relative_params:0":"{\"lr\": 2.6992758930672415e-05, \"ratio\": 97.7003017896135}"}}
{"op_code":5,"worker_id":"a82be6a3-e07f-4112-b38a-2ecaa88e9de2-23456247935296","trial_id":714,"param_name":"lr","param_value_internal":2.6992758930672415e-05,"distribution":"{\"name\": \"FloatDistribution\", \"attributes\": {\"step\": null, \"low\": 1e-08, \"high\": 0.5, \"log\": true}}"}
{"op_code":5,"worker_id":"a82be6a3-e07f-4112-b38a-2ecaa88e9de2-23456247935296","trial_id":714,"param_name":"ratio","param_value_internal":97.7003017896135,"distribution":"{\"name\": \"FloatDistribution\", \"attributes\": {\"step\": null, \"low\": 0.1, \"high\": 100.0, \"log\": true}}"}
{"op_code":6,"worker_id":"5a765839-7316-4ce6-9429-07286cc1e3fc-23456247935296","trial_id":658,"state":3,"values":null,"datetime_complete":"2026-07-27T13:20:05.212099"}
{"op_code":0,"worker_id":"55c3fad1-ecb8-407e-91e3-934742effba3-23456247935296","study_name":"peter_mnist_k3","directions":[2]}
{"op_code":4,"worker_id":"55c3fad1-ecb8-407e-91e3-934742effba3-23456247935296","study_id":0,"datetime_start":"2026-07-27T13:20:05.309663"}
{"op_code":9,"worker_id":"55c3fad1-ecb8-407e-91e3-934742effba3-23456247935296","trial_id":715,"system_attr":{"tpe:relative_params:0":"{\"lr\": 3.106137752840234e-05, \"ratio\": 2.1885689615581625}"}}
{"op_code":5,"worker_id":"55c3fad1-ecb8-407e-91e3-934742effba3-23456247935296","trial_id":715,"param_name":"lr","param_value_internal":3.106137752840234e-05,"distribution":"{\"name\": \"FloatDistribution\", \"attributes\": {\"step\": null, \"low\": 1e-08, \"high\": 0.5, \"log\": true}}"}
{"op_code":5,"worker_id":"55c3fad1-ecb8-407e-91e3-934742effba3-23456247935296","trial_id":715,"param_name":"ratio","param_value_internal":2.1885689615581625,"distribution":"{\"name\": \"FloatDistribution\", \"attributes\": {\"step\": null, \"low\": 0.1, \"high\": 100.0, \"log\": true}}"}
{"op_code":6,"worker_id":"744a0b9a-33b8-4b2f-b221-c7278d022ad4-23456247935296","trial_id":676,"state":3,"values":null,"datetime_complete":"2026-07-27T13:20:07.025670"}
{"op_code":0,"worker_id":"1c3908bc-3d55-4b75-a8b0-0feb81a1b41f-23456247935296","study_name":"peter_mnist_k3","directions":[2]}
{"op_code":4,"worker_id":"1c3908bc-3d55-4b75-a8b0-0feb81a1b41f-23456247935296","study_id":0,"datetime_start":"2026-07-27T13:20:07.125787"}
{"op_code":9,"worker_id":"1c3908bc-3d55-4b75-a8b0-0feb81a1b41f-23456247935296","trial_id":716,"system_attr":{"tpe:relative_params:0":"{\"lr\": 0.0004517706010332642, \"ratio\": 4.576891683639908}"}}
{"op_code":5,"worker_id":"1c3908bc-3d55-4b75-a8b0-0feb81a1b41f-23456247935296","trial_id":716,"param_name":"lr","param_value_internal":0.0004517706010332642,"distribution":"{\"name\": \"FloatDistribution\", \"attributes\": {\"step\": null, \"low\": 1e-08, \"high\": 0.5, \"log\": true}}"}
{"op_code":5,"worker_id":"1c3908bc-3d55-4b75-a8b0-0feb81a1b41f-23456247935296","trial_id":716,"param_name":"ratio","param_value_internal":4.576891683639908,"distribution":"{\"name\": \"FloatDistribution\", \"attributes\": {\"step\": null, \"low\": 0.1, \"high\": 100.0, \"log\": true}}"}
{"op_code":6,"worker_id":"a0ebc4a9-76be-4282-90d6-92eb44be2675-23456247935296","trial_id":663,"state":3,"values":null,"datetime_complete":"2026-07-27T13:20:22.938025"}
{"op_code":0,"worker_id":"991e35e3-0477-4c57-9d35-3a54dc684541-23456247935296","study_name":"peter_mnist_k3","directions":[2]}
{"op_code":4,"worker_id":"991e35e3-0477-4c57-9d35-3a54dc684541-23456247935296","study_id":0,"datetime_start":"2026-07-27T13:20:23.046398"}
{"op_code":9,"worker_id":"991e35e3-0477-4c57-9d35-3a54dc684541-23456247935296","trial_id":717,"system_attr":{"tpe:relative_params:0":"{\"lr\": 0.39443089250858177, \"ratio\": 0.12274135332936138}"}}
{"op_code":5,"worker_id":"991e35e3-0477-4c57-9d35-3a54dc684541-23456247935296","trial_id":717,"param_name":"lr","param_value_internal":0.39443089250858177,"distribution":"{\"name\": \"FloatDistribution\", \"attributes\": {\"step\": null, \"low\": 1e-08, \"high\": 0.5, \"log\": true}}"}
{"op_code":5,"worker_id":"991e35e3-0477-4c57-9d35-3a54dc684541-23456247935296","trial_id":717,"param_name":"ratio","param_value_internal":0.12274135332936138,"distribution":"{\"name\": \"FloatDistribution\", \"attributes\": {\"step\": null, \"low\": 0.1, \"high\": 100.0, \"log\": true}}"}
{"op_code":6,"worker_id":"1b576c93-ae31-4ddd-8b4e-87c2d8b3c7e1-23456247935296","trial_id":528,"state":1,"values":[-3547.9341374692385],"datetime_complete":"2026-07-27T13:20:43.095018"}
{"op_code":0,"worker_id":"026d4a9a-5e20-461e-a2d0-8e15f821d387-23456247935296","study_name":"peter_mnist_k3","directions":[2]}
{"op_code":4,"worker_id":"026d4a9a-5e20-461e-a2d0-8e15f821d387-23456247935296","study_id":0,"datetime_start":"2026-07-27T13:20:43.235021"}
{"op_code":9,"worker_id":"026d4a9a-5e20-461e-a2d0-8e15f821d387-23456247935296","trial_id":718,"system_attr":{"tpe:relative_params:0":"{\"lr\": 6.961217361668058e-06, \"ratio\": 3.826679703682958}"}}
{"op_code":5,"worker_id":"026d4a9a-5e20-461e-a2d0-8e15f821d387-23456247935296","trial_id":718,"param_name":"lr","param_value_internal":6.961217361668058e-06,"distribution":"{\"name\": \"FloatDistribution\", \"attributes\": {\"step\": null, \"low\": 1e-08, \"high\": 0.5, \"log\": true}}"}
{"op_code":5,"worker_id":"026d4a9a-5e20-461e-a2d0-8e15f821d387-23456247935296","trial_id":718,"param_name":"ratio","param_value_internal":3.826679703682958,"distribution":"{\"name\": \"FloatDistribution\", \"attributes\": {\"step\": null, \"low\": 0.1, \"high\": 100.0, \"log\": true}}"}
{"op_code":6,"worker_id":"82a8887d-fcef-496c-bf0a-d931d6e16352-23456247935296","trial_id":673,"state":3,"values":null,"datetime_complete":"2026-07-27T13:21:31.496763"}
{"op_code":0,"worker_id":"02cc8ac1-9309-45ce-9a2d-72ca18f66864-23456247935296","study_name":"peter_mnist_k3","directions":[2]}
{"op_code":4,"worker_id":"02cc8ac1-9309-45ce-9a2d-72ca18f66864-23456247935296","study_id":0,"datetime_start":"2026-07-27T13:21:31.590910"}
{"op_code":9,"worker_id":"02cc8ac1-9309-45ce-9a2d-72ca18f66864-23456247935296","trial_id":719,"system_attr":{"tpe:relative_params:0":"{\"lr\": 2.147065759609681e-05, \"ratio\": 0.12432844902373827}"}}
{"op_code":5,"worker_id":"02cc8ac1-9309-45ce-9a2d-72ca18f66864-23456247935296","trial_id":719,"param_name":"lr","param_value_internal":2.147065759609681e-05,"distribution":"{\"name\": \"FloatDistribution\", \"attributes\": {\"step\": null, \"low\": 1e-08, \"high\": 0.5, \"log\": true}}"}
{"op_code":5,"worker_id":"02cc8ac1-9309-45ce-9a2d-72ca18f66864-23456247935296","trial_id":719,"param_name":"ratio","param_value_internal":0.12432844902373827,"distribution":"{\"name\": \"FloatDistribution\", \"attributes\": {\"step\": null, \"low\": 0.1, \"high\": 100.0, \"log\": true}}"}
{"op_code":6,"worker_id":"1ea218fc-5ac9-43a5-83fa-c3be09789116-23456247935296","trial_id":661,"state":3,"values":null,"datetime_complete":"2026-07-27T13:21:45.072028"}
{"op_code":0,"worker_id":"22c179e7-7699-4cf0-ac0d-2471684e9a3a-23456247935296","study_name":"peter_mnist_k3","directions":[2]}
{"op_code":4,"worker_id":"22c179e7-7699-4cf0-ac0d-2471684e9a3a-23456247935296","study_id":0,"datetime_start":"2026-07-27T13:21:45.171054"}
{"op_code":9,"worker_id":"22c179e7-7699-4cf0-ac0d-2471684e9a3a-23456247935296","trial_id":720,"system_attr":{"tpe:relative_params:0":"{\"lr\": 9.125061333279311e-06, \"ratio\": 0.1188248924973136}"}}
{"op_code":5,"worker_id":"22c179e7-7699-4cf0-ac0d-2471684e9a3a-23456247935296","trial_id":720,"param_name":"lr","param_value_internal":9.125061333279311e-06,"distribution":"{\"name\": \"FloatDistribution\", \"attributes\": {\"step\": null, \"low\": 1e-08, \"high\": 0.5, \"log\": true}}"}
{"op_code":5,"worker_id":"22c179e7-7699-4cf0-ac0d-2471684e9a3a-23456247935296","trial_id":720,"param_name":"ratio","param_value_internal":0.1188248924973136,"distribution":"{\"name\": \"FloatDistribution\", \"attributes\": {\"step\": null, \"low\": 0.1, \"high\": 100.0, \"log\": true}}"}
{"op_code":6,"worker_id":"92f0816b-8bd8-45ff-95d8-b84d2b1d50bd-23456247935296","trial_id":491,"state":1,"values":[-3498.069829253221],"datetime_complete":"2026-07-27T13:22:26.826241"}
{"op_code":0,"worker_id":"78b19760-3f98-40a9-9754-963f3a69ab6f-23456247935296","study_name":"peter_mnist_k3","directions":[2]}
{"op_code":4,"worker_id":"78b19760-3f98-40a9-9754-963f3a69ab6f-23456247935296","study_id":0,"datetime_start":"2026-07-27T13:22:26.922129"}
{"op_code":9,"worker_id":"78b19760-3f98-40a9-9754-963f3a69ab6f-23456247935296","trial_id":721,"system_attr":{"tpe:relative_params:0":"{\"lr\": 3.539355576845537e-05, \"ratio\": 42.13197206216753}"}}
{"op_code":5,"worker_id":"78b19760-3f98-40a9-9754-963f3a69ab6f-23456247935296","trial_id":721,"param_name":"lr","param_value_internal":3.539355576845537e-05,"distribution":"{\"name\": \"FloatDistribution\", \"attributes\": {\"step\": null, \"low\": 1e-08, \"high\": 0.5, \"log\": true}}"}
{"op_code":5,"worker_id":"78b19760-3f98-40a9-9754-963f3a69ab6f-23456247935296","trial_id":721,"param_name":"ratio","param_value_internal":42.13197206216753,"distribution":"{\"name\": \"FloatDistribution\", \"attributes\": {\"step\": null, \"low\": 0.1, \"high\": 100.0, \"log\": true}}"}
{"op_code":6,"worker_id":"4d86a267-eeec-4233-8965-f620ea7f38bb-23456247935296","trial_id":677,"state":3,"values":null,"datetime_complete":"2026-07-27T13:22:38.555202"}
{"op_code":0,"worker_id":"12beac9c-460e-4ff4-9d7e-28f597990a5e-23456247935296","study_name":"peter_mnist_k3","directions":[2]}
{"op_code":4,"worker_id":"12beac9c-460e-4ff4-9d7e-28f597990a5e-23456247935296","study_id":0,"datetime_start":"2026-07-27T13:22:38.682905"}
{"op_code":9,"worker_id":"12beac9c-460e-4ff4-9d7e-28f597990a5e-23456247935296","trial_id":722,"system_attr":{"tpe:relative_params:0":"{\"lr\": 6.4582130468661695e-06, \"ratio\": 5.957472324023467}"}}
{"op_code":5,"worker_id":"12beac9c-460e-4ff4-9d7e-28f597990a5e-23456247935296","trial_id":722,"param_name":"lr","param_value_internal":6.4582130468661695e-06,"distribution":"{\"name\": \"FloatDistribution\", \"attributes\": {\"step\": null, \"low\": 1e-08, \"high\": 0.5, \"log\": true}}"}
{"op_code":5,"worker_id":"12beac9c-460e-4ff4-9d7e-28f597990a5e-23456247935296","trial_id":722,"param_name":"ratio","param_value_internal":5.957472324023467,"distribution":"{\"name\": \"FloatDistribution\", \"attributes\": {\"step\": null, \"low\": 0.1, \"high\": 100.0, \"log\": true}}"}
{"op_code":6,"worker_id":"ee6d4447-3632-4d16-b461-ed41f73c2f55-23456247935296","trial_id":531,"state":1,"values":[-3539.072836053213],"datetime_complete":"2026-07-27T13:23:39.582553"}
{"op_code":0,"worker_id":"f3f12167-c776-422c-88d8-9f8a4bd4718b-23456247935296","study_name":"peter_mnist_k3","directions":[2]}
{"op_code":4,"worker_id":"f3f12167-c776-422c-88d8-9f8a4bd4718b-23456247935296","study_id":0,"datetime_start":"2026-07-27T13:23:39.706467"}
{"op_code":9,"worker_id":"f3f12167-c776-422c-88d8-9f8a4bd4718b-23456247935296","trial_id":723,"system_attr":{"tpe:relative_params:0":"{\"lr\": 4.013370737095963e-05, \"ratio\": 24.915309344095853}"}}
{"op_code":5,"worker_id":"f3f12167-c776-422c-88d8-9f8a4bd4718b-23456247935296","trial_id":723,"param_name":"lr","param_value_internal":4.013370737095963e-05,"distribution":"{\"name\": \"FloatDistribution\", \"attributes\": {\"step\": null, \"low\": 1e-08, \"high\": 0.5, \"log\": true}}"}
{"op_code":5,"worker_id":"f3f12167-c776-422c-88d8-9f8a4bd4718b-23456247935296","trial_id":723,"param_name":"ratio","param_value_internal":24.915309344095853,"distribution":"{\"name\": \"FloatDistribution\", \"attributes\": {\"step\": null, \"low\": 0.1, \"high\": 100.0, \"log\": true}}"}
{"op_code":6,"worker_id":"397111aa-f8cd-4242-ac16-8633ed82943c-23456247935296","trial_id":560,"state":3,"values":null,"datetime_complete":"2026-07-27T13:23:58.062982"}
{"op_code":0,"worker_id":"d7a2e2f2-055c-444b-8ca6-dffe29a8e1b1-23456247935296","study_name":"peter_mnist_k3","directions":[2]}
{"op_code":4,"worker_id":"d7a2e2f2-055c-444b-8ca6-dffe29a8e1b1-23456247935296","study_id":0,"datetime_start":"2026-07-27T13:23:58.138339"}
{"op_code":9,"worker_id":"d7a2e2f2-055c-444b-8ca6-dffe29a8e1b1-23456247935296","trial_id":724,"system_attr":{"tpe:relative_params:0":"{\"lr\": 1.1049943559020358e-06, \"ratio\": 94.7029836887144}"}}
{"op_code":5,"worker_id":"d7a2e2f2-055c-444b-8ca6-dffe29a8e1b1-23456247935296","trial_id":724,"param_name":"lr","param_value_internal":1.1049943559020358e-06,"distribution":"{\"name\": \"FloatDistribution\", \"attributes\": {\"step\": null, \"low\": 1e-08, \"high\": 0.5, \"log\": true}}"}
{"op_code":5,"worker_id":"d7a2e2f2-055c-444b-8ca6-dffe29a8e1b1-23456247935296","trial_id":724,"param_name":"ratio","param_value_internal":94.7029836887144,"distribution":"{\"name\": \"FloatDistribution\", \"attributes\": {\"step\": null, \"low\": 0.1, \"high\": 100.0, \"log\": true}}"}
{"op_code":6,"worker_id":"24622196-fdd2-434d-a224-0f2dd349131c-23456247935296","trial_id":603,"state":3,"values":null,"datetime_complete":"2026-07-27T13:25:08.545363"}
{"op_code":0,"worker_id":"8e2c29b0-b7fc-4a66-b9d1-f63f2d896936-23456247935296","study_name":"peter_mnist_k3","directions":[2]}
{"op_code":4,"worker_id":"8e2c29b0-b7fc-4a66-b9d1-f63f2d896936-23456247935296","study_id":0,"datetime_start":"2026-07-27T13:25:09.421232"}
{"op_code":6,"worker_id":"224d42f3-d379-4fd3-924a-53ddc0d68ba4-23456247935296","trial_id":534,"state":1,"values":[-3589.522983094682],"datetime_complete":"2026-07-27T13:25:09.829858"}
{"op_code":9,"worker_id":"8e2c29b0-b7fc-4a66-b9d1-f63f2d896936-23456247935296","trial_id":725,"system_attr":{"tpe:relative_params:0":"{\"lr\": 7.664736314905501e-07, \"ratio\": 4.585198991056521}"}}
{"op_code":0,"worker_id":"9de3236d-14ff-4373-8747-59095b5bff2f-23456247935296","study_name":"peter_mnist_k3","directions":[2]}
{"op_code":5,"worker_id":"8e2c29b0-b7fc-4a66-b9d1-f63f2d896936-23456247935296","trial_id":725,"param_name":"lr","param_value_internal":7.664736314905501e-07,"distribution":"{\"name\": \"FloatDistribution\", \"attributes\": {\"step\": null, \"low\": 1e-08, \"high\": 0.5, \"log\": true}}"}
{"op_code":5,"worker_id":"8e2c29b0-b7fc-4a66-b9d1-f63f2d896936-23456247935296","trial_id":725,"param_name":"ratio","param_value_internal":4.585198991056521,"distribution":"{\"name\": \"FloatDistribution\", \"attributes\": {\"step\": null, \"low\": 0.1, \"high\": 100.0, \"log\": true}}"}
{"op_code":4,"worker_id":"9de3236d-14ff-4373-8747-59095b5bff2f-23456247935296","study_id":0,"datetime_start":"2026-07-27T13:25:10.003450"}
{"op_code":9,"worker_id":"9de3236d-14ff-4373-8747-59095b5bff2f-23456247935296","trial_id":726,"system_attr":{"tpe:relative_params:0":"{\"lr\": 1.4827924910730815e-07, \"ratio\": 21.444107972834683}"}}
{"op_code":5,"worker_id":"9de3236d-14ff-4373-8747-59095b5bff2f-23456247935296","trial_id":726,"param_name":"lr","param_value_internal":1.4827924910730815e-07,"distribution":"{\"name\": \"FloatDistribution\", \"attributes\": {\"step\": null, \"low\": 1e-08, \"high\": 0.5, \"log\": true}}"}
{"op_code":5,"worker_id":"9de3236d-14ff-4373-8747-59095b5bff2f-23456247935296","trial_id":726,"param_name":"ratio","param_value_internal":21.444107972834683,"distribution":"{\"name\": \"FloatDistribution\", \"attributes\": {\"step\": null, \"low\": 0.1, \"high\": 100.0, \"log\": true}}"}
{"op_code":6,"worker_id":"c89e7f04-3d25-454a-8616-ea047d12bf8f-23456247935296","trial_id":517,"state":1,"values":[-3595.070906561425],"datetime_complete":"2026-07-27T13:25:16.445326"}
{"op_code":0,"worker_id":"475945ed-11a4-47ec-8ba9-620d90858162-23456247935296","study_name":"peter_mnist_k3","directions":[2]}
{"op_code":4,"worker_id":"475945ed-11a4-47ec-8ba9-620d90858162-23456247935296","study_id":0,"datetime_start":"2026-07-27T13:25:16.514532"}
{"op_code":9,"worker_id":"475945ed-11a4-47ec-8ba9-620d90858162-23456247935296","trial_id":727,"system_attr":{"tpe:relative_params:0":"{\"lr\": 1.024854594212124e-06, \"ratio\": 1.384812114363989}"}}
{"op_code":5,"worker_id":"475945ed-11a4-47ec-8ba9-620d90858162-23456247935296","trial_id":727,"param_name":"lr","param_value_internal":1.024854594212124e-06,"distribution":"{\"name\": \"FloatDistribution\", \"attributes\": {\"step\": null, \"low\": 1e-08, \"high\": 0.5, \"log\": true}}"}
{"op_code":5,"worker_id":"475945ed-11a4-47ec-8ba9-620d90858162-23456247935296","trial_id":727,"param_name":"ratio","param_value_internal":1.384812114363989,"distribution":"{\"name\": \"FloatDistribution\", \"attributes\": {\"step\": null, \"low\": 0.1, \"high\": 100.0, \"log\": true}}"}
{"op_code":6,"worker_id":"185800fa-03f3-463a-84e0-7f4e88e609eb-23456247935296","trial_id":533,"state":1,"values":[-3596.4223381040338],"datetime_complete":"2026-07-27T13:25:29.913694"}
{"op_code":0,"worker_id":"897b8ac0-1038-4416-bd7e-1e0efb63ec6d-23456247935296","study_name":"peter_mnist_k3","directions":[2]}
{"op_code":4,"worker_id":"897b8ac0-1038-4416-bd7e-1e0efb63ec6d-23456247935296","study_id":0,"datetime_start":"2026-07-27T13:25:29.975960"}
{"op_code":9,"worker_id":"897b8ac0-1038-4416-bd7e-1e0efb63ec6d-23456247935296","trial_id":728,"system_attr":{"tpe:relative_params:0":"{\"lr\": 1.953752964549332e-06, \"ratio\": 0.7123319923935406}"}}
{"op_code":5,"worker_id":"897b8ac0-1038-4416-bd7e-1e0efb63ec6d-23456247935296","trial_id":728,"param_name":"lr","param_value_internal":1.953752964549332e-06,"distribution":"{\"name\": \"FloatDistribution\", \"attributes\": {\"step\": null, \"low\": 1e-08, \"high\": 0.5, \"log\": true}}"}
{"op_code":5,"worker_id":"897b8ac0-1038-4416-bd7e-1e0efb63ec6d-23456247935296","trial_id":728,"param_name":"ratio","param_value_internal":0.7123319923935406,"distribution":"{\"name\": \"FloatDistribution\", \"attributes\": {\"step\": null, \"low\": 0.1, \"high\": 100.0, \"log\": true}}"}
{"op_code":6,"worker_id":"9202b6c3-a87f-4139-a515-9fa029594e77-23456247935296","trial_id":696,"state":3,"values":null,"datetime_complete":"2026-07-27T13:25:52.904540"}
{"op_code":0,"worker_id":"824e52c1-c1d2-4eb5-8f8e-4bad84023822-23456247935296","study_name":"peter_mnist_k3","directions":[2]}
{"op_code":4,"worker_id":"824e52c1-c1d2-4eb5-8f8e-4bad84023822-23456247935296","study_id":0,"datetime_start":"2026-07-27T13:25:53.040016"}
{"op_code":9,"worker_id":"824e52c1-c1d2-4eb5-8f8e-4bad84023822-23456247935296","trial_id":729,"system_attr":{"tpe:relative_params:0":"{\"lr\": 7.534435267496259e-07, \"ratio\": 1.2815161689409105}"}}
{"op_code":5,"worker_id":"824e52c1-c1d2-4eb5-8f8e-4bad84023822-23456247935296","trial_id":729,"param_name":"lr","param_value_internal":7.534435267496259e-07,"distribution":"{\"name\": \"FloatDistribution\", \"attributes\": {\"step\": null, \"low\": 1e-08, \"high\": 0.5, \"log\": true}}"}
{"op_code":5,"worker_id":"824e52c1-c1d2-4eb5-8f8e-4bad84023822-23456247935296","trial_id":729,"param_name":"ratio","param_value_internal":1.2815161689409105,"distribution":"{\"name\": \"FloatDistribution\", \"attributes\": {\"step\": null, \"low\": 0.1, \"high\": 100.0, \"log\": true}}"}
{"op_code":6,"worker_id":"50cc0c81-6fee-43c0-a9df-e56d1ac8b8ea-23456247935296","trial_id":687,"state":3,"values":null,"datetime_complete":"2026-07-27T13:26:16.308400"}
{"op_code":0,"worker_id":"7183911b-1dce-409b-9a7c-d6e4ba7e5c83-23456247935296","study_name":"peter_mnist_k3","directions":[2]}
{"op_code":4,"worker_id":"7183911b-1dce-409b-9a7c-d6e4ba7e5c83-23456247935296","study_id":0,"datetime_start":"2026-07-27T13:26:16.469902"}
{"op_code":9,"worker_id":"7183911b-1dce-409b-9a7c-d6e4ba7e5c83-23456247935296","trial_id":730,"system_attr":{"tpe:relative_params:0":"{\"lr\": 0.0003680250557129861, \"ratio\": 1.2103533534119224}"}}
{"op_code":5,"worker_id":"7183911b-1dce-409b-9a7c-d6e4ba7e5c83-23456247935296","trial_id":730,"param_name":"lr","param_value_internal":0.0003680250557129861,"distribution":"{\"name\": \"FloatDistribution\", \"attributes\": {\"step\": null, \"low\": 1e-08, \"high\": 0.5, \"log\": true}}"}
{"op_code":5,"worker_id":"7183911b-1dce-409b-9a7c-d6e4ba7e5c83-23456247935296","trial_id":730,"param_name":"ratio","param_value_internal":1.2103533534119224,"distribution":"{\"name\": \"FloatDistribution\", \"attributes\": {\"step\": null, \"low\": 0.1, \"high\": 100.0, \"log\": true}}"}
{"op_code":6,"worker_id":"628017c0-0b60-40f6-87b6-75ace4303ae5-23456247935296","trial_id":692,"state":3,"values":null,"datetime_complete":"2026-07-27T13:26:49.594919"}
{"op_code":0,"worker_id":"bea32d14-3891-458c-b9a2-8b451a5a2fb1-23456247935296","study_name":"peter_mnist_k3","directions":[2]}
{"op_code":4,"worker_id":"bea32d14-3891-458c-b9a2-8b451a5a2fb1-23456247935296","study_id":0,"datetime_start":"2026-07-27T13:26:49.730218"}
{"op_code":9,"worker_id":"bea32d14-3891-458c-b9a2-8b451a5a2fb1-23456247935296","trial_id":731,"system_attr":{"tpe:relative_params:0":"{\"lr\": 5.952806631271337e-05, \"ratio\": 0.5839787532461267}"}}
{"op_code":5,"worker_id":"bea32d14-3891-458c-b9a2-8b451a5a2fb1-23456247935296","trial_id":731,"param_name":"lr","param_value_internal":5.952806631271337e-05,"distribution":"{\"name\": \"FloatDistribution\", \"attributes\": {\"step\": null, \"low\": 1e-08, \"high\": 0.5, \"log\": true}}"}
{"op_code":5,"worker_id":"bea32d14-3891-458c-b9a2-8b451a5a2fb1-23456247935296","trial_id":731,"param_name":"ratio","param_value_internal":0.5839787532461267,"distribution":"{\"name\": \"FloatDistribution\", \"attributes\": {\"step\": null, \"low\": 0.1, \"high\": 100.0, \"log\": true}}"}
{"op_code":6,"worker_id":"8921ba6d-6693-4163-a77d-fe5922880929-23456247935296","trial_id":616,"state":3,"values":null,"datetime_complete":"2026-07-27T13:27:00.929097"}
{"op_code":0,"worker_id":"7b01fd0f-0555-45e5-87eb-2d6ddea1d927-23456247935296","study_name":"peter_mnist_k3","directions":[2]}
{"op_code":4,"worker_id":"7b01fd0f-0555-45e5-87eb-2d6ddea1d927-23456247935296","study_id":0,"datetime_start":"2026-07-27T13:27:00.988311"}
{"op_code":9,"worker_id":"7b01fd0f-0555-45e5-87eb-2d6ddea1d927-23456247935296","trial_id":732,"system_attr":{"tpe:relative_params:0":"{\"lr\": 1.5754870557926993e-06, \"ratio\": 0.5631386441819987}"}}
{"op_code":5,"worker_id":"7b01fd0f-0555-45e5-87eb-2d6ddea1d927-23456247935296","trial_id":732,"param_name":"lr","param_value_internal":1.5754870557926993e-06,"distribution":"{\"name\": \"FloatDistribution\", \"attributes\": {\"step\": null, \"low\": 1e-08, \"high\": 0.5, \"log\": true}}"}
{"op_code":5,"worker_id":"7b01fd0f-0555-45e5-87eb-2d6ddea1d927-23456247935296","trial_id":732,"param_name":"ratio","param_value_internal":0.5631386441819987,"distribution":"{\"name\": \"FloatDistribution\", \"attributes\": {\"step\": null, \"low\": 0.1, \"high\": 100.0, \"log\": true}}"}
{"op_code":6,"worker_id":"7a23eddc-2981-4b74-a053-66db2c9b2bab-23456247935296","trial_id":527,"state":1,"values":[-3594.930383959587],"datetime_complete":"2026-07-27T13:27:05.571875"}
{"op_code":0,"worker_id":"0e97af52-bad5-4212-8d75-7f266b6ef781-23456247935296","study_name":"peter_mnist_k3","directions":[2]}
{"op_code":4,"worker_id":"0e97af52-bad5-4212-8d75-7f266b6ef781-23456247935296","study_id":0,"datetime_start":"2026-07-27T13:27:05.823124"}
{"op_code":9,"worker_id":"0e97af52-bad5-4212-8d75-7f266b6ef781-23456247935296","trial_id":733,"system_attr":{"tpe:relative_params:0":"{\"lr\": 4.604689508195932e-07, \"ratio\": 0.6565116466587265}"}}
{"op_code":5,"worker_id":"0e97af52-bad5-4212-8d75-7f266b6ef781-23456247935296","trial_id":733,"param_name":"lr","param_value_internal":4.604689508195932e-07,"distribution":"{\"name\": \"FloatDistribution\", \"attributes\": {\"step\": null, \"low\": 1e-08, \"high\": 0.5, \"log\": true}}"}
{"op_code":5,"worker_id":"0e97af52-bad5-4212-8d75-7f266b6ef781-23456247935296","trial_id":733,"param_name":"ratio","param_value_internal":0.6565116466587265,"distribution":"{\"name\": \"FloatDistribution\", \"attributes\": {\"step\": null, \"low\": 0.1, \"high\": 100.0, \"log\": true}}"}
{"op_code":6,"worker_id":"cf7f5bdd-ac9e-4cb9-8178-09cf7dc21c4c-23456247935296","trial_id":494,"state":1,"values":[-3579.6054847776036],"datetime_complete":"2026-07-27T13:27:09.158746"}
{"op_code":0,"worker_id":"2f102d27-add3-4f57-ad66-aeb74a0fefe6-23456247935296","study_name":"peter_mnist_k3","directions":[2]}
{"op_code":4,"worker_id":"2f102d27-add3-4f57-ad66-aeb74a0fefe6-23456247935296","study_id":0,"datetime_start":"2026-07-27T13:27:09.258220"}
{"op_code":9,"worker_id":"2f102d27-add3-4f57-ad66-aeb74a0fefe6-23456247935296","trial_id":734,"system_attr":{"tpe:relative_params:0":"{\"lr\": 1.7769947955070816e-07, \"ratio\": 0.39936639834705107}"}}
{"op_code":5,"worker_id":"2f102d27-add3-4f57-ad66-aeb74a0fefe6-23456247935296","trial_id":734,"param_name":"lr","param_value_internal":1.7769947955070816e-07,"distribution":"{\"name\": \"FloatDistribution\", \"attributes\": {\"step\": null, \"low\": 1e-08, \"high\": 0.5, \"log\": true}}"}
{"op_code":5,"worker_id":"2f102d27-add3-4f57-ad66-aeb74a0fefe6-23456247935296","trial_id":734,"param_name":"ratio","param_value_internal":0.39936639834705107,"distribution":"{\"name\": \"FloatDistribution\", \"attributes\": {\"step\": null, \"low\": 0.1, \"high\": 100.0, \"log\": true}}"}
{"op_code":6,"worker_id":"4b19712a-840e-4796-a56f-cd0f77de0faa-23456247935296","trial_id":694,"state":3,"values":null,"datetime_complete":"2026-07-27T13:27:16.483291"}
{"op_code":0,"worker_id":"a29fed5e-b30e-4000-8ca1-f2b304f7cedc-23456247935296","study_name":"peter_mnist_k3","directions":[2]}
{"op_code":4,"worker_id":"a29fed5e-b30e-4000-8ca1-f2b304f7cedc-23456247935296","study_id":0,"datetime_start":"2026-07-27T13:27:16.540117"}
{"op_code":9,"worker_id":"a29fed5e-b30e-4000-8ca1-f2b304f7cedc-23456247935296","trial_id":735,"system_attr":{"tpe:relative_params:0":"{\"lr\": 8.718415185480466e-06, \"ratio\": 0.8318215596635171}"}}
{"op_code":5,"worker_id":"a29fed5e-b30e-4000-8ca1-f2b304f7cedc-23456247935296","trial_id":735,"param_name":"lr","param_value_internal":8.718415185480466e-06,"distribution":"{\"name\": \"FloatDistribution\", \"attributes\": {\"step\": null, \"low\": 1e-08, \"high\": 0.5, \"log\": true}}"}
{"op_code":5,"worker_id":"a29fed5e-b30e-4000-8ca1-f2b304f7cedc-23456247935296","trial_id":735,"param_name":"ratio","param_value_internal":0.8318215596635171,"distribution":"{\"name\": \"FloatDistribution\", \"attributes\": {\"step\": null, \"low\": 0.1, \"high\": 100.0, \"log\": true}}"}
{"op_code":6,"worker_id":"08a05d80-04fb-4b6b-a5ee-d57baf634288-23456247935296","trial_id":680,"state":3,"values":null,"datetime_complete":"2026-07-27T13:27:24.312227"}
{"op_code":0,"worker_id":"a41f3a4f-5435-46c3-a8b3-8f20e1d8efc5-23456247935296","study_name":"peter_mnist_k3","directions":[2]}
{"op_code":4,"worker_id":"a41f3a4f-5435-46c3-a8b3-8f20e1d8efc5-23456247935296","study_id":0,"datetime_start":"2026-07-27T13:27:24.436577"}
{"op_code":9,"worker_id":"a41f3a4f-5435-46c3-a8b3-8f20e1d8efc5-23456247935296","trial_id":736,"system_attr":{"tpe:relative_params:0":"{\"lr\": 4.814141258676654e-06, \"ratio\": 0.3694631296089955}"}}
{"op_code":5,"worker_id":"a41f3a4f-5435-46c3-a8b3-8f20e1d8efc5-23456247935296","trial_id":736,"param_name":"lr","param_value_internal":4.814141258676654e-06,"distribution":"{\"name\": \"FloatDistribution\", \"attributes\": {\"step\": null, \"low\": 1e-08, \"high\": 0.5, \"log\": true}}"}
{"op_code":5,"worker_id":"a41f3a4f-5435-46c3-a8b3-8f20e1d8efc5-23456247935296","trial_id":736,"param_name":"ratio","param_value_internal":0.3694631296089955,"distribution":"{\"name\": \"FloatDistribution\", \"attributes\": {\"step\": null, \"low\": 0.1, \"high\": 100.0, \"log\": true}}"}
{"op_code":6,"worker_id":"f82fe3f6-3ee7-4627-b778-9eae6e68c856-23456247935296","trial_id":668,"state":3,"values":null,"datetime_complete":"2026-07-27T13:27:30.074353"}
{"op_code":0,"worker_id":"6e080831-fb71-422b-b104-e152f1d5cd6c-23456247935296","study_name":"peter_mnist_k3","directions":[2]}
{"op_code":4,"worker_id":"6e080831-fb71-422b-b104-e152f1d5cd6c-23456247935296","study_id":0,"datetime_start":"2026-07-27T13:27:30.133109"}
{"op_code":9,"worker_id":"6e080831-fb71-422b-b104-e152f1d5cd6c-23456247935296","trial_id":737,"system_attr":{"tpe:relative_params:0":"{\"lr\": 3.61292293251011e-06, \"ratio\": 1.3469348741629343}"}}
{"op_code":5,"worker_id":"6e080831-fb71-422b-b104-e152f1d5cd6c-23456247935296","trial_id":737,"param_name":"lr","param_value_internal":3.61292293251011e-06,"distribution":"{\"name\": \"FloatDistribution\", \"attributes\": {\"step\": null, \"low\": 1e-08, \"high\": 0.5, \"log\": true}}"}
{"op_code":5,"worker_id":"6e080831-fb71-422b-b104-e152f1d5cd6c-23456247935296","trial_id":737,"param_name":"ratio","param_value_internal":1.3469348741629343,"distribution":"{\"name\": \"FloatDistribution\", \"attributes\": {\"step\": null, \"low\": 0.1, \"high\": 100.0, \"log\": true}}"}
{"op_code":6,"worker_id":"a4436dd1-981c-4078-9e01-b52f0f0d708a-23456247935296","trial_id":689,"state":3,"values":null,"datetime_complete":"2026-07-27T13:27:44.786900"}
{"op_code":0,"worker_id":"e5fce6ab-907a-4340-b751-ab5ba924eadd-23456247935296","study_name":"peter_mnist_k3","directions":[2]}
{"op_code":4,"worker_id":"e5fce6ab-907a-4340-b751-ab5ba924eadd-23456247935296","study_id":0,"datetime_start":"2026-07-27T13:27:44.859995"}
{"op_code":9,"worker_id":"e5fce6ab-907a-4340-b751-ab5ba924eadd-23456247935296","trial_id":738,"system_attr":{"tpe:relative_params:0":"{\"lr\": 1.5642450197484723e-05, \"ratio\": 0.2534868861305733}"}}
{"op_code":5,"worker_id":"e5fce6ab-907a-4340-b751-ab5ba924eadd-23456247935296","trial_id":738,"param_name":"lr","param_value_internal":1.5642450197484723e-05,"distribution":"{\"name\": \"FloatDistribution\", \"attributes\": {\"step\": null, \"low\": 1e-08, \"high\": 0.5, \"log\": true}}"}
{"op_code":5,"worker_id":"e5fce6ab-907a-4340-b751-ab5ba924eadd-23456247935296","trial_id":738,"param_name":"ratio","param_value_internal":0.2534868861305733,"distribution":"{\"name\": \"FloatDistribution\", \"attributes\": {\"step\": null, \"low\": 0.1, \"high\": 100.0, \"log\": true}}"}
{"op_code":6,"worker_id":"b6f00e40-0922-4942-b18a-885a3cb43559-23456247935296","trial_id":492,"state":1,"values":[-3555.7125521770267],"datetime_complete":"2026-07-27T13:28:33.596184"}
{"op_code":0,"worker_id":"246ddfd8-7be8-4ff6-96e9-9072329cddfa-23456247935296","study_name":"peter_mnist_k3","directions":[2]}
{"op_code":4,"worker_id":"246ddfd8-7be8-4ff6-96e9-9072329cddfa-23456247935296","study_id":0,"datetime_start":"2026-07-27T13:28:33.706047"}
{"op_code":9,"worker_id":"246ddfd8-7be8-4ff6-96e9-9072329cddfa-23456247935296","trial_id":739,"system_attr":{"tpe:relative_params:0":"{\"lr\": 1.384202712190078e-06, \"ratio\": 0.10013539309548337}"}}
{"op_code":5,"worker_id":"246ddfd8-7be8-4ff6-96e9-9072329cddfa-23456247935296","trial_id":739,"param_name":"lr","param_value_internal":1.384202712190078e-06,"distribution":"{\"name\": \"FloatDistribution\", \"attributes\": {\"step\": null, \"low\": 1e-08, \"high\": 0.5, \"log\": true}}"}
{"op_code":5,"worker_id":"246ddfd8-7be8-4ff6-96e9-9072329cddfa-23456247935296","trial_id":739,"param_name":"ratio","param_value_internal":0.10013539309548337,"distribution":"{\"name\": \"FloatDistribution\", \"attributes\": {\"step\": null, \"low\": 0.1, \"high\": 100.0, \"log\": true}}"}
{"op_code":6,"worker_id":"0f9ab405-5ed0-4b4d-870d-e7df83d9312f-23456247935296","trial_id":503,"state":1,"values":[-3546.181674503585],"datetime_complete":"2026-07-27T13:29:20.071349"}
{"op_code":0,"worker_id":"a4ed1403-3ee7-4262-9a51-dfc76752a0ea-23456247935296","study_name":"peter_mnist_k3","directions":[2]}
{"op_code":4,"worker_id":"a4ed1403-3ee7-4262-9a51-dfc76752a0ea-23456247935296","study_id":0,"datetime_start":"2026-07-27T13:29:20.185865"}
{"op_code":9,"worker_id":"a4ed1403-3ee7-4262-9a51-dfc76752a0ea-23456247935296","trial_id":740,"system_attr":{"tpe:relative_params:0":"{\"lr\": 2.824059057637929e-07, \"ratio\": 1.6563721516350849}"}}
{"op_code":5,"worker_id":"a4ed1403-3ee7-4262-9a51-dfc76752a0ea-23456247935296","trial_id":740,"param_name":"lr","param_value_internal":2.824059057637929e-07,"distribution":"{\"name\": \"FloatDistribution\", \"attributes\": {\"step\": null, \"low\": 1e-08, \"high\": 0.5, \"log\": true}}"}
{"op_code":5,"worker_id":"a4ed1403-3ee7-4262-9a51-dfc76752a0ea-23456247935296","trial_id":740,"param_name":"ratio","param_value_internal":1.6563721516350849,"distribution":"{\"name\": \"FloatDistribution\", \"attributes\": {\"step\": null, \"low\": 0.1, \"high\": 100.0, \"log\": true}}"}
{"op_code":6,"worker_id":"8c783cc8-5759-4115-adf8-2d6c10c6062c-23456247935296","trial_id":657,"state":3,"values":null,"datetime_complete":"2026-07-27T13:29:51.179896"}
{"op_code":0,"worker_id":"c49972d2-cf94-479b-a15e-c7117c9ed781-23456247935296","study_name":"peter_mnist_k3","directions":[2]}
{"op_code":4,"worker_id":"c49972d2-cf94-479b-a15e-c7117c9ed781-23456247935296","study_id":0,"datetime_start":"2026-07-27T13:29:51.279530"}
{"op_code":9,"worker_id":"c49972d2-cf94-479b-a15e-c7117c9ed781-23456247935296","trial_id":741,"system_attr":{"tpe:relative_params:0":"{\"lr\": 5.241988667369769e-06, \"ratio\": 0.422888281909406}"}}
{"op_code":5,"worker_id":"c49972d2-cf94-479b-a15e-c7117c9ed781-23456247935296","trial_id":741,"param_name":"lr","param_value_internal":5.241988667369769e-06,"distribution":"{\"name\": \"FloatDistribution\", \"attributes\": {\"step\": null, \"low\": 1e-08, \"high\": 0.5, \"log\": true}}"}
{"op_code":5,"worker_id":"c49972d2-cf94-479b-a15e-c7117c9ed781-23456247935296","trial_id":741,"param_name":"ratio","param_value_internal":0.422888281909406,"distribution":"{\"name\": \"FloatDistribution\", \"attributes\": {\"step\": null, \"low\": 0.1, \"high\": 100.0, \"log\": true}}"}
{"op_code":6,"worker_id":"813007fd-03b2-4e29-8f9b-82d810800446-23456247935296","trial_id":647,"state":3,"values":null,"datetime_complete":"2026-07-27T13:30:48.552310"}
{"op_code":0,"worker_id":"48e7a4d5-6ae6-440b-8dde-406bae227f61-23456247935296","study_name":"peter_mnist_k3","directions":[2]}
{"op_code":4,"worker_id":"48e7a4d5-6ae6-440b-8dde-406bae227f61-23456247935296","study_id":0,"datetime_start":"2026-07-27T13:30:48.675685"}
{"op_code":9,"worker_id":"48e7a4d5-6ae6-440b-8dde-406bae227f61-23456247935296","trial_id":742,"system_attr":{"tpe:relative_params:0":"{\"lr\": 3.2232773766439327e-07, \"ratio\": 0.5021970621865631}"}}
{"op_code":5,"worker_id":"48e7a4d5-6ae6-440b-8dde-406bae227f61-23456247935296","trial_id":742,"param_name":"lr","param_value_internal":3.2232773766439327e-07,"distribution":"{\"name\": \"FloatDistribution\", \"attributes\": {\"step\": null, \"low\": 1e-08, \"high\": 0.5, \"log\": true}}"}
{"op_code":5,"worker_id":"48e7a4d5-6ae6-440b-8dde-406bae227f61-23456247935296","trial_id":742,"param_name":"ratio","param_value_internal":0.5021970621865631,"distribution":"{\"name\": \"FloatDistribution\", \"attributes\": {\"step\": null, \"low\": 0.1, \"high\": 100.0, \"log\": true}}"}
{"op_code":6,"worker_id":"00db0f4a-8058-4c44-b729-f8da7fd3a0b7-23456247935296","trial_id":698,"state":3,"values":null,"datetime_complete":"2026-07-27T13:31:29.786557"}
{"op_code":0,"worker_id":"6e278732-660a-4d5d-b79b-ce171d824df1-23456247935296","study_name":"peter_mnist_k3","directions":[2]}
{"op_code":4,"worker_id":"6e278732-660a-4d5d-b79b-ce171d824df1-23456247935296","study_id":0,"datetime_start":"2026-07-27T13:31:29.947130"}
{"op_code":9,"worker_id":"6e278732-660a-4d5d-b79b-ce171d824df1-23456247935296","trial_id":743,"system_attr":{"tpe:relative_params:0":"{\"lr\": 3.70720639673957e-06, \"ratio\": 34.097900626502216}"}}
{"op_code":5,"worker_id":"6e278732-660a-4d5d-b79b-ce171d824df1-23456247935296","trial_id":743,"param_name":"lr","param_value_internal":3.70720639673957e-06,"distribution":"{\"name\": \"FloatDistribution\", \"attributes\": {\"step\": null, \"low\": 1e-08, \"high\": 0.5, \"log\": true}}"}
{"op_code":5,"worker_id":"6e278732-660a-4d5d-b79b-ce171d824df1-23456247935296","trial_id":743,"param_name":"ratio","param_value_internal":34.097900626502216,"distribution":"{\"name\": \"FloatDistribution\", \"attributes\": {\"step\": null, \"low\": 0.1, \"high\": 100.0, \"log\": true}}"}
{"op_code":6,"worker_id":"79700318-67d4-4e02-8613-8d5ed498f32c-23456247935296","trial_id":693,"state":3,"values":null,"datetime_complete":"2026-07-27T13:31:44.666913"}
{"op_code":0,"worker_id":"d72ed491-210d-44cb-bdb2-c237b6315785-23456247935296","study_name":"peter_mnist_k3","directions":[2]}
{"op_code":4,"worker_id":"d72ed491-210d-44cb-bdb2-c237b6315785-23456247935296","study_id":0,"datetime_start":"2026-07-27T13:31:44.758008"}
{"op_code":9,"worker_id":"d72ed491-210d-44cb-bdb2-c237b6315785-23456247935296","trial_id":744,"system_attr":{"tpe:relative_params:0":"{\"lr\": 3.206830050516787e-05, \"ratio\": 1.9941199864519503}"}}
{"op_code":5,"worker_id":"d72ed491-210d-44cb-bdb2-c237b6315785-23456247935296","trial_id":744,"param_name":"lr","param_value_internal":3.206830050516787e-05,"distribution":"{\"name\": \"FloatDistribution\", \"attributes\": {\"step\": null, \"low\": 1e-08, \"high\": 0.5, \"log\": true}}"}
{"op_code":5,"worker_id":"d72ed491-210d-44cb-bdb2-c237b6315785-23456247935296","trial_id":744,"param_name":"ratio","param_value_internal":1.9941199864519503,"distribution":"{\"name\": \"FloatDistribution\", \"attributes\": {\"step\": null, \"low\": 0.1, \"high\": 100.0, \"log\": true}}"}
{"op_code":6,"worker_id":"86b4c2e6-0950-4cb0-8007-29fc8e22bf95-23456247935296","trial_id":633,"state":3,"values":null,"datetime_complete":"2026-07-27T13:31:45.120328"}
{"op_code":0,"worker_id":"49f64750-2d15-444e-b7d5-2ee491cbf6c5-23456247935296","study_name":"peter_mnist_k3","directions":[2]}
{"op_code":4,"worker_id":"49f64750-2d15-444e-b7d5-2ee491cbf6c5-23456247935296","study_id":0,"datetime_start":"2026-07-27T13:31:45.210834"}
{"op_code":9,"worker_id":"49f64750-2d15-444e-b7d5-2ee491cbf6c5-23456247935296","trial_id":745,"system_attr":{"tpe:relative_params:0":"{\"lr\": 0.4705906882814488, \"ratio\": 2.8352301444143864}"}}
{"op_code":5,"worker_id":"49f64750-2d15-444e-b7d5-2ee491cbf6c5-23456247935296","trial_id":745,"param_name":"lr","param_value_internal":0.4705906882814488,"distribution":"{\"name\": \"FloatDistribution\", \"attributes\": {\"step\": null, \"low\": 1e-08, \"high\": 0.5, \"log\": true}}"}
{"op_code":5,"worker_id":"49f64750-2d15-444e-b7d5-2ee491cbf6c5-23456247935296","trial_id":745,"param_name":"ratio","param_value_internal":2.8352301444143864,"distribution":"{\"name\": \"FloatDistribution\", \"attributes\": {\"step\": null, \"low\": 0.1, \"high\": 100.0, \"log\": true}}"}
{"op_code":6,"worker_id":"80155fae-6102-4caf-8bcc-d7447bf8684c-23456247935296","trial_id":691,"state":3,"values":null,"datetime_complete":"2026-07-27T13:32:23.961758"}
{"op_code":0,"worker_id":"f70a4dce-a50d-47c9-a252-92b26411f021-23456247935296","study_name":"peter_mnist_k3","directions":[2]}
{"op_code":4,"worker_id":"f70a4dce-a50d-47c9-a252-92b26411f021-23456247935296","study_id":0,"datetime_start":"2026-07-27T13:32:24.104157"}
{"op_code":9,"worker_id":"f70a4dce-a50d-47c9-a252-92b26411f021-23456247935296","trial_id":746,"system_attr":{"tpe:relative_params:0":"{\"lr\": 9.038000432961632e-06, \"ratio\": 12.55121180053308}"}}
{"op_code":5,"worker_id":"f70a4dce-a50d-47c9-a252-92b26411f021-23456247935296","trial_id":746,"param_name":"lr","param_value_internal":9.038000432961632e-06,"distribution":"{\"name\": \"FloatDistribution\", \"attributes\": {\"step\": null, \"low\": 1e-08, \"high\": 0.5, \"log\": true}}"}
{"op_code":5,"worker_id":"f70a4dce-a50d-47c9-a252-92b26411f021-23456247935296","trial_id":746,"param_name":"ratio","param_value_internal":12.55121180053308,"distribution":"{\"name\": \"FloatDistribution\", \"attributes\": {\"step\": null, \"low\": 0.1, \"high\": 100.0, \"log\": true}}"}
{"op_code":6,"worker_id":"46c1179c-0595-483f-8265-c47084d72aae-23456247935296","trial_id":666,"state":3,"values":null,"datetime_complete":"2026-07-27T13:32:42.939250"}
{"op_code":0,"worker_id":"e3227a37-4d98-452b-9b2d-341670e79744-23456247935296","study_name":"peter_mnist_k3","directions":[2]}
{"op_code":4,"worker_id":"e3227a37-4d98-452b-9b2d-341670e79744-23456247935296","study_id":0,"datetime_start":"2026-07-27T13:32:43.029954"}
{"op_code":9,"worker_id":"e3227a37-4d98-452b-9b2d-341670e79744-23456247935296","trial_id":747,"system_attr":{"tpe:relative_params:0":"{\"lr\": 8.948733521695884e-06, \"ratio\": 12.515155005271467}"}}
{"op_code":5,"worker_id":"e3227a37-4d98-452b-9b2d-341670e79744-23456247935296","trial_id":747,"param_name":"lr","param_value_internal":8.948733521695884e-06,"distribution":"{\"name\": \"FloatDistribution\", \"attributes\": {\"step\": null, \"low\": 1e-08, \"high\": 0.5, \"log\": true}}"}
{"op_code":5,"worker_id":"e3227a37-4d98-452b-9b2d-341670e79744-23456247935296","trial_id":747,"param_name":"ratio","param_value_internal":12.515155005271467,"distribution":"{\"name\": \"FloatDistribution\", \"attributes\": {\"step\": null, \"low\": 0.1, \"high\": 100.0, \"log\": true}}"}
{"op_code":6,"worker_id":"2262971e-7b74-4cb7-b4d8-b8ffda5390f3-23456247935296","trial_id":544,"state":1,"values":[-3457.074400095964],"datetime_complete":"2026-07-27T13:33:00.533693"}
{"op_code":0,"worker_id":"d454dad2-1557-424e-a99d-fd8819d30180-23456247935296","study_name":"peter_mnist_k3","directions":[2]}
{"op_code":4,"worker_id":"d454dad2-1557-424e-a99d-fd8819d30180-23456247935296","study_id":0,"datetime_start":"2026-07-27T13:33:01.265208"}
{"op_code":9,"worker_id":"d454dad2-1557-424e-a99d-fd8819d30180-23456247935296","trial_id":748,"system_attr":{"tpe:relative_params:0":"{\"lr\": 5.6691701305226555e-06, \"ratio\": 29.781833601270122}"}}
{"op_code":5,"worker_id":"d454dad2-1557-424e-a99d-fd8819d30180-23456247935296","trial_id":748,"param_name":"lr","param_value_internal":5.6691701305226555e-06,"distribution":"{\"name\": \"FloatDistribution\", \"attributes\": {\"step\": null, \"low\": 1e-08, \"high\": 0.5, \"log\": true}}"}
{"op_code":5,"worker_id":"d454dad2-1557-424e-a99d-fd8819d30180-23456247935296","trial_id":748,"param_name":"ratio","param_value_internal":29.781833601270122,"distribution":"{\"name\": \"FloatDistribution\", \"attributes\": {\"step\": null, \"low\": 0.1, \"high\": 100.0, \"log\": true}}"}
{"op_code":6,"worker_id":"154a94bc-7ac7-4f06-8982-05bbb6ae5836-23456247935296","trial_id":672,"state":3,"values":null,"datetime_complete":"2026-07-27T13:33:17.466377"}
{"op_code":0,"worker_id":"b1f359cd-7ae2-4964-99db-2dfe392344bc-23456247935296","study_name":"peter_mnist_k3","directions":[2]}
{"op_code":4,"worker_id":"b1f359cd-7ae2-4964-99db-2dfe392344bc-23456247935296","study_id":0,"datetime_start":"2026-07-27T13:33:17.568213"}
{"op_code":9,"worker_id":"b1f359cd-7ae2-4964-99db-2dfe392344bc-23456247935296","trial_id":749,"system_attr":{"tpe:relative_params:0":"{\"lr\": 2.6400627428774364e-06, \"ratio\": 48.23783307373354}"}}
{"op_code":5,"worker_id":"b1f359cd-7ae2-4964-99db-2dfe392344bc-23456247935296","trial_id":749,"param_name":"lr","param_value_internal":2.6400627428774364e-06,"distribution":"{\"name\": \"FloatDistribution\", \"attributes\": {\"step\": null, \"low\": 1e-08, \"high\": 0.5, \"log\": true}}"}
{"op_code":5,"worker_id":"b1f359cd-7ae2-4964-99db-2dfe392344bc-23456247935296","trial_id":749,"param_name":"ratio","param_value_internal":48.23783307373354,"distribution":"{\"name\": \"FloatDistribution\", \"attributes\": {\"step\": null, \"low\": 0.1, \"high\": 100.0, \"log\": true}}"}
{"op_code":6,"worker_id":"b75e63c0-5a04-4474-bd92-6abea11b2a21-23456247935296","trial_id":640,"state":3,"values":null,"datetime_complete":"2026-07-27T13:33:42.104543"}
{"op_code":0,"worker_id":"04f30e00-1488-4adb-a0cb-c588e34fc3d9-23456247935296","study_name":"peter_mnist_k3","directions":[2]}
{"op_code":4,"worker_id":"04f30e00-1488-4adb-a0cb-c588e34fc3d9-23456247935296","study_id":0,"datetime_start":"2026-07-27T13:33:42.225744"}
{"op_code":9,"worker_id":"04f30e00-1488-4adb-a0cb-c588e34fc3d9-23456247935296","trial_id":750,"system_attr":{"tpe:relative_params:0":"{\"lr\": 1.0000615893965039e-05, \"ratio\": 93.5954824128549}"}}
{"op_code":5,"worker_id":"04f30e00-1488-4adb-a0cb-c588e34fc3d9-23456247935296","trial_id":750,"param_name":"lr","param_value_internal":1.0000615893965039e-05,"distribution":"{\"name\": \"FloatDistribution\", \"attributes\": {\"step\": null, \"low\": 1e-08, \"high\": 0.5, \"log\": true}}"}
{"op_code":5,"worker_id":"04f30e00-1488-4adb-a0cb-c588e34fc3d9-23456247935296","trial_id":750,"param_name":"ratio","param_value_internal":93.5954824128549,"distribution":"{\"name\": \"FloatDistribution\", \"attributes\": {\"step\": null, \"low\": 0.1, \"high\": 100.0, \"log\": true}}"}
{"op_code":6,"worker_id":"25cd0ad2-42d3-4c93-bd21-2af3b52f6d37-23456247935296","trial_id":671,"state":3,"values":null,"datetime_complete":"2026-07-27T13:33:44.664870"}
{"op_code":0,"worker_id":"0fc509d5-dba1-4949-828b-e6b9caab7c20-23456247935296","study_name":"peter_mnist_k3","directions":[2]}
{"op_code":4,"worker_id":"0fc509d5-dba1-4949-828b-e6b9caab7c20-23456247935296","study_id":0,"datetime_start":"2026-07-27T13:33:44.811188"}
{"op_code":9,"worker_id":"0fc509d5-dba1-4949-828b-e6b9caab7c20-23456247935296","trial_id":751,"system_attr":{"tpe:relative_params:0":"{\"lr\": 5.682394609886652e-07, \"ratio\": 54.0539820578425}"}}
{"op_code":5,"worker_id":"0fc509d5-dba1-4949-828b-e6b9caab7c20-23456247935296","trial_id":751,"param_name":"lr","param_value_internal":5.682394609886652e-07,"distribution":"{\"name\": \"FloatDistribution\", \"attributes\": {\"step\": null, \"low\": 1e-08, \"high\": 0.5, \"log\": true}}"}
{"op_code":5,"worker_id":"0fc509d5-dba1-4949-828b-e6b9caab7c20-23456247935296","trial_id":751,"param_name":"ratio","param_value_internal":54.0539820578425,"distribution":"{\"name\": \"FloatDistribution\", \"attributes\": {\"step\": null, \"low\": 0.1, \"high\": 100.0, \"log\": true}}"}
{"op_code":6,"worker_id":"c65bce9b-d8d3-42a4-b3a3-b8c41eadef9f-23456247935296","trial_id":642,"state":3,"values":null,"datetime_complete":"2026-07-27T13:33:47.158129"}
{"op_code":0,"worker_id":"608685e5-885c-41dd-bfc1-46b91d6be443-23456247935296","study_name":"peter_mnist_k3","directions":[2]}
{"op_code":4,"worker_id":"608685e5-885c-41dd-bfc1-46b91d6be443-23456247935296","study_id":0,"datetime_start":"2026-07-27T13:33:47.253908"}
{"op_code":9,"worker_id":"608685e5-885c-41dd-bfc1-46b91d6be443-23456247935296","trial_id":752,"system_attr":{"tpe:relative_params:0":"{\"lr\": 1.8002096879339237e-06, \"ratio\": 96.27743990861633}"}}
{"op_code":5,"worker_id":"608685e5-885c-41dd-bfc1-46b91d6be443-23456247935296","trial_id":752,"param_name":"lr","param_value_internal":1.8002096879339237e-06,"distribution":"{\"name\": \"FloatDistribution\", \"attributes\": {\"step\": null, \"low\": 1e-08, \"high\": 0.5, \"log\": true}}"}
{"op_code":5,"worker_id":"608685e5-885c-41dd-bfc1-46b91d6be443-23456247935296","trial_id":752,"param_name":"ratio","param_value_internal":96.27743990861633,"distribution":"{\"name\": \"FloatDistribution\", \"attributes\": {\"step\": null, \"low\": 0.1, \"high\": 100.0, \"log\": true}}"}
{"op_code":6,"worker_id":"6f8e3edf-acaa-4b6f-96b3-7645e18ccc8f-23456247935296","trial_id":543,"state":1,"values":[-3562.1103062597044],"datetime_complete":"2026-07-27T13:35:38.955097"}
{"op_code":0,"worker_id":"e85e6908-861a-41c2-a291-a2a40fa45728-23456247935296","study_name":"peter_mnist_k3","directions":[2]}
{"op_code":4,"worker_id":"e85e6908-861a-41c2-a291-a2a40fa45728-23456247935296","study_id":0,"datetime_start":"2026-07-27T13:35:39.064178"}
{"op_code":9,"worker_id":"e85e6908-861a-41c2-a291-a2a40fa45728-23456247935296","trial_id":753,"system_attr":{"tpe:relative_params:0":"{\"lr\": 3.090900313912056e-07, \"ratio\": 40.16683707361241}"}}
{"op_code":5,"worker_id":"e85e6908-861a-41c2-a291-a2a40fa45728-23456247935296","trial_id":753,"param_name":"lr","param_value_internal":3.090900313912056e-07,"distribution":"{\"name\": \"FloatDistribution\", \"attributes\": {\"step\": null, \"low\": 1e-08, \"high\": 0.5, \"log\": true}}"}
{"op_code":5,"worker_id":"e85e6908-861a-41c2-a291-a2a40fa45728-23456247935296","trial_id":753,"param_name":"ratio","param_value_internal":40.16683707361241,"distribution":"{\"name\": \"FloatDistribution\", \"attributes\": {\"step\": null, \"low\": 0.1, \"high\": 100.0, \"log\": true}}"}
{"op_code":6,"worker_id":"c45c799c-90a0-4c22-adf2-1c69e663b392-23456247935296","trial_id":711,"state":3,"values":null,"datetime_complete":"2026-07-27T13:35:42.875559"}
{"op_code":0,"worker_id":"e29df3d0-2a47-432e-8b77-4e0cd4d9505a-23456247935296","study_name":"peter_mnist_k3","directions":[2]}
{"op_code":4,"worker_id":"e29df3d0-2a47-432e-8b77-4e0cd4d9505a-23456247935296","study_id":0,"datetime_start":"2026-07-27T13:35:42.950611"}
{"op_code":9,"worker_id":"e29df3d0-2a47-432e-8b77-4e0cd4d9505a-23456247935296","trial_id":754,"system_attr":{"tpe:relative_params:0":"{\"lr\": 9.628283390538522e-06, \"ratio\": 29.473597478550726}"}}
{"op_code":5,"worker_id":"e29df3d0-2a47-432e-8b77-4e0cd4d9505a-23456247935296","trial_id":754,"param_name":"lr","param_value_internal":9.628283390538522e-06,"distribution":"{\"name\": \"FloatDistribution\", \"attributes\": {\"step\": null, \"low\": 1e-08, \"high\": 0.5, \"log\": true}}"}
{"op_code":5,"worker_id":"e29df3d0-2a47-432e-8b77-4e0cd4d9505a-23456247935296","trial_id":754,"param_name":"ratio","param_value_internal":29.473597478550726,"distribution":"{\"name\": \"FloatDistribution\", \"attributes\": {\"step\": null, \"low\": 0.1, \"high\": 100.0, \"log\": true}}"}
{"op_code":6,"worker_id":"3b965d81-1f7d-45ba-aead-ef2476dfada7-23456247935296","trial_id":681,"state":3,"values":null,"datetime_complete":"2026-07-27T13:35:54.959839"}
{"op_code":0,"worker_id":"0cf6e9ff-e924-4be3-aee3-54d3aefd8fc3-23456247935296","study_name":"peter_mnist_k3","directions":[2]}
{"op_code":4,"worker_id":"0cf6e9ff-e924-4be3-aee3-54d3aefd8fc3-23456247935296","study_id":0,"datetime_start":"2026-07-27T13:35:55.277649"}
{"op_code":9,"worker_id":"0cf6e9ff-e924-4be3-aee3-54d3aefd8fc3-23456247935296","trial_id":755,"system_attr":{"tpe:relative_params:0":"{\"lr\": 2.6946988327399055e-06, \"ratio\": 35.17419478865253}"}}
{"op_code":5,"worker_id":"0cf6e9ff-e924-4be3-aee3-54d3aefd8fc3-23456247935296","trial_id":755,"param_name":"lr","param_value_internal":2.6946988327399055e-06,"distribution":"{\"name\": \"FloatDistribution\", \"attributes\": {\"step\": null, \"low\": 1e-08, \"high\": 0.5, \"log\": true}}"}
{"op_code":5,"worker_id":"0cf6e9ff-e924-4be3-aee3-54d3aefd8fc3-23456247935296","trial_id":755,"param_name":"ratio","param_value_internal":35.17419478865253,"distribution":"{\"name\": \"FloatDistribution\", \"attributes\": {\"step\": null, \"low\": 0.1, \"high\": 100.0, \"log\": true}}"}
{"op_code":6,"worker_id":"b7f0ab29-c62b-4970-aba9-f096be5ff699-23456247935296","trial_id":701,"state":3,"values":null,"datetime_complete":"2026-07-27T13:36:08.972350"}
{"op_code":0,"worker_id":"b94d1e72-60ad-439c-a0aa-f6daa55bc9da-23456247935296","study_name":"peter_mnist_k3","directions":[2]}
{"op_code":4,"worker_id":"b94d1e72-60ad-439c-a0aa-f6daa55bc9da-23456247935296","study_id":0,"datetime_start":"2026-07-27T13:36:09.066393"}
{"op_code":9,"worker_id":"b94d1e72-60ad-439c-a0aa-f6daa55bc9da-23456247935296","trial_id":756,"system_attr":{"tpe:relative_params:0":"{\"lr\": 6.144355997330987e-07, \"ratio\": 45.81285667480465}"}}
{"op_code":5,"worker_id":"b94d1e72-60ad-439c-a0aa-f6daa55bc9da-23456247935296","trial_id":756,"param_name":"lr","param_value_internal":6.144355997330987e-07,"distribution":"{\"name\": \"FloatDistribution\", \"attributes\": {\"step\": null, \"low\": 1e-08, \"high\": 0.5, \"log\": true}}"}
{"op_code":5,"worker_id":"b94d1e72-60ad-439c-a0aa-f6daa55bc9da-23456247935296","trial_id":756,"param_name":"ratio","param_value_internal":45.81285667480465,"distribution":"{\"name\": \"FloatDistribution\", \"attributes\": {\"step\": null, \"low\": 0.1, \"high\": 100.0, \"log\": true}}"}
{"op_code":6,"worker_id":"f893c0aa-9f2b-4e62-8613-b72ab1fdcb27-23456247935296","trial_id":709,"state":3,"values":null,"datetime_complete":"2026-07-27T13:38:05.670562"}
{"op_code":0,"worker_id":"35831147-376b-4081-9177-76955675a0f3-23456247935296","study_name":"peter_mnist_k3","directions":[2]}
{"op_code":4,"worker_id":"35831147-376b-4081-9177-76955675a0f3-23456247935296","study_id":0,"datetime_start":"2026-07-27T13:38:05.853412"}
{"op_code":9,"worker_id":"35831147-376b-4081-9177-76955675a0f3-23456247935296","trial_id":757,"system_attr":{"tpe:relative_params:0":"{\"lr\": 1.3608524353937912e-07, \"ratio\": 88.95042594818426}"}}
{"op_code":5,"worker_id":"35831147-376b-4081-9177-76955675a0f3-23456247935296","trial_id":757,"param_name":"lr","param_value_internal":1.3608524353937912e-07,"distribution":"{\"name\": \"FloatDistribution\", \"attributes\": {\"step\": null, \"low\": 1e-08, \"high\": 0.5, \"log\": true}}"}
{"op_code":5,"worker_id":"35831147-376b-4081-9177-76955675a0f3-23456247935296","trial_id":757,"param_name":"ratio","param_value_internal":88.95042594818426,"distribution":"{\"name\": \"FloatDistribution\", \"attributes\": {\"step\": null, \"low\": 0.1, \"high\": 100.0, \"log\": true}}"}
{"op_code":6,"worker_id":"5e3a2c28-83c1-4932-837c-7707ac16f496-23456247935296","trial_id":686,"state":3,"values":null,"datetime_complete":"2026-07-27T13:38:16.345452"}
{"op_code":0,"worker_id":"80640d06-c23f-49a9-9914-3e34fe31e195-23456247935296","study_name":"peter_mnist_k3","directions":[2]}
{"op_code":4,"worker_id":"80640d06-c23f-49a9-9914-3e34fe31e195-23456247935296","study_id":0,"datetime_start":"2026-07-27T13:38:16.454656"}
{"op_code":9,"worker_id":"80640d06-c23f-49a9-9914-3e34fe31e195-23456247935296","trial_id":758,"system_attr":{"tpe:relative_params:0":"{\"lr\": 6.18174910284869e-05, \"ratio\": 48.21526606286282}"}}
{"op_code":5,"worker_id":"80640d06-c23f-49a9-9914-3e34fe31e195-23456247935296","trial_id":758,"param_name":"lr","param_value_internal":6.18174910284869e-05,"distribution":"{\"name\": \"FloatDistribution\", \"attributes\": {\"step\": null, \"low\": 1e-08, \"high\": 0.5, \"log\": true}}"}
{"op_code":5,"worker_id":"80640d06-c23f-49a9-9914-3e34fe31e195-23456247935296","trial_id":758,"param_name":"ratio","param_value_internal":48.21526606286282,"distribution":"{\"name\": \"FloatDistribution\", \"attributes\": {\"step\": null, \"low\": 0.1, \"high\": 100.0, \"log\": true}}"}
{"op_code":6,"worker_id":"55fb1cae-aab9-46f2-99bd-c312f96be215-23456247935296","trial_id":702,"state":3,"values":null,"datetime_complete":"2026-07-27T13:39:44.508787"}
{"op_code":0,"worker_id":"8163a1b1-7029-4bf3-8433-bd12bbcd6953-23456247935296","study_name":"peter_mnist_k3","directions":[2]}
{"op_code":4,"worker_id":"8163a1b1-7029-4bf3-8433-bd12bbcd6953-23456247935296","study_id":0,"datetime_start":"2026-07-27T13:39:45.309144"}
{"op_code":9,"worker_id":"8163a1b1-7029-4bf3-8433-bd12bbcd6953-23456247935296","trial_id":759,"system_attr":{"tpe:relative_params:0":"{\"lr\": 1.35188113587594e-07, \"ratio\": 39.86309908806054}"}}
{"op_code":5,"worker_id":"8163a1b1-7029-4bf3-8433-bd12bbcd6953-23456247935296","trial_id":759,"param_name":"lr","param_value_internal":1.35188113587594e-07,"distribution":"{\"name\": \"FloatDistribution\", \"attributes\": {\"step\": null, \"low\": 1e-08, \"high\": 0.5, \"log\": true}}"}
{"op_code":5,"worker_id":"8163a1b1-7029-4bf3-8433-bd12bbcd6953-23456247935296","trial_id":759,"param_name":"ratio","param_value_internal":39.86309908806054,"distribution":"{\"name\": \"FloatDistribution\", \"attributes\": {\"step\": null, \"low\": 0.1, \"high\": 100.0, \"log\": true}}"}
{"op_code":6,"worker_id":"60cfe412-bc0d-495c-96ec-9f277df16f24-23456247935296","trial_id":700,"state":3,"values":null,"datetime_complete":"2026-07-27T13:40:40.968973"}
{"op_code":0,"worker_id":"9e8fc33c-d408-44f3-8c5b-b6d510924932-23456247935296","study_name":"peter_mnist_k3","directions":[2]}
{"op_code":4,"worker_id":"9e8fc33c-d408-44f3-8c5b-b6d510924932-23456247935296","study_id":0,"datetime_start":"2026-07-27T13:40:41.118340"}
{"op_code":9,"worker_id":"9e8fc33c-d408-44f3-8c5b-b6d510924932-23456247935296","trial_id":760,"system_attr":{"tpe:relative_params:0":"{\"lr\": 2.2141766168314414e-06, \"ratio\": 87.39433053326846}"}}
{"op_code":5,"worker_id":"9e8fc33c-d408-44f3-8c5b-b6d510924932-23456247935296","trial_id":760,"param_name":"lr","param_value_internal":2.2141766168314414e-06,"distribution":"{\"name\": \"FloatDistribution\", \"attributes\": {\"step\": null, \"low\": 1e-08, \"high\": 0.5, \"log\": true}}"}
{"op_code":5,"worker_id":"9e8fc33c-d408-44f3-8c5b-b6d510924932-23456247935296","trial_id":760,"param_name":"ratio","param_value_internal":87.39433053326846,"distribution":"{\"name\": \"FloatDistribution\", \"attributes\": {\"step\": null, \"low\": 0.1, \"high\": 100.0, \"log\": true}}"}
{"op_code":6,"worker_id":"16dc28f9-5db7-4786-8e7e-012e4c036d5d-23456247935296","trial_id":669,"state":3,"values":null,"datetime_complete":"2026-07-27T13:40:55.748161"}
{"op_code":0,"worker_id":"18891b78-f324-4621-99e2-c08d34c8ee77-23456247935296","study_name":"peter_mnist_k3","directions":[2]}
{"op_code":4,"worker_id":"18891b78-f324-4621-99e2-c08d34c8ee77-23456247935296","study_id":0,"datetime_start":"2026-07-27T13:40:55.827407"}
{"op_code":9,"worker_id":"18891b78-f324-4621-99e2-c08d34c8ee77-23456247935296","trial_id":761,"system_attr":{"tpe:relative_params:0":"{\"lr\": 5.383624035564428e-06, \"ratio\": 17.652507596167652}"}}
{"op_code":5,"worker_id":"18891b78-f324-4621-99e2-c08d34c8ee77-23456247935296","trial_id":761,"param_name":"lr","param_value_internal":5.383624035564428e-06,"distribution":"{\"name\": \"FloatDistribution\", \"attributes\": {\"step\": null, \"low\": 1e-08, \"high\": 0.5, \"log\": true}}"}
{"op_code":5,"worker_id":"18891b78-f324-4621-99e2-c08d34c8ee77-23456247935296","trial_id":761,"param_name":"ratio","param_value_internal":17.652507596167652,"distribution":"{\"name\": \"FloatDistribution\", \"attributes\": {\"step\": null, \"low\": 0.1, \"high\": 100.0, \"log\": true}}"}
{"op_code":6,"worker_id":"6e6375d8-5fe0-46e2-85a6-57821906b16a-23456247935296","trial_id":514,"state":1,"values":[-3471.2665377113763],"datetime_complete":"2026-07-27T13:41:21.506699"}
{"op_code":0,"worker_id":"83b40d04-4f09-4ac2-a85a-a31d8617e2d5-23456247935296","study_name":"peter_mnist_k3","directions":[2]}
{"op_code":4,"worker_id":"83b40d04-4f09-4ac2-a85a-a31d8617e2d5-23456247935296","study_id":0,"datetime_start":"2026-07-27T13:41:21.632814"}
{"op_code":9,"worker_id":"83b40d04-4f09-4ac2-a85a-a31d8617e2d5-23456247935296","trial_id":762,"system_attr":{"tpe:relative_params:0":"{\"lr\": 0.0005992456383887223, \"ratio\": 69.32448003754412}"}}
{"op_code":5,"worker_id":"83b40d04-4f09-4ac2-a85a-a31d8617e2d5-23456247935296","trial_id":762,"param_name":"lr","param_value_internal":0.0005992456383887223,"distribution":"{\"name\": \"FloatDistribution\", \"attributes\": {\"step\": null, \"low\": 1e-08, \"high\": 0.5, \"log\": true}}"}
{"op_code":5,"worker_id":"83b40d04-4f09-4ac2-a85a-a31d8617e2d5-23456247935296","trial_id":762,"param_name":"ratio","param_value_internal":69.32448003754412,"distribution":"{\"name\": \"FloatDistribution\", \"attributes\": {\"step\": null, \"low\": 0.1, \"high\": 100.0, \"log\": true}}"}
{"op_code":6,"worker_id":"991e35e3-0477-4c57-9d35-3a54dc684541-23456247935296","trial_id":717,"state":3,"values":null,"datetime_complete":"2026-07-27T13:42:09.951296"}
{"op_code":0,"worker_id":"a1739927-207d-4604-a366-89c5246eb336-23456247935296","study_name":"peter_mnist_k3","directions":[2]}
{"op_code":4,"worker_id":"a1739927-207d-4604-a366-89c5246eb336-23456247935296","study_id":0,"datetime_start":"2026-07-27T13:42:10.038271"}
{"op_code":9,"worker_id":"a1739927-207d-4604-a366-89c5246eb336-23456247935296","trial_id":763,"system_attr":{"tpe:relative_params:0":"{\"lr\": 3.1316448603574868e-06, \"ratio\": 16.9782095724311}"}}
{"op_code":5,"worker_id":"a1739927-207d-4604-a366-89c5246eb336-23456247935296","trial_id":763,"param_name":"lr","param_value_internal":3.1316448603574868e-06,"distribution":"{\"name\": \"FloatDistribution\", \"attributes\": {\"step\": null, \"low\": 1e-08, \"high\": 0.5, \"log\": true}}"}
{"op_code":5,"worker_id":"a1739927-207d-4604-a366-89c5246eb336-23456247935296","trial_id":763,"param_name":"ratio","param_value_internal":16.9782095724311,"distribution":"{\"name\": \"FloatDistribution\", \"attributes\": {\"step\": null, \"low\": 0.1, \"high\": 100.0, \"log\": true}}"}
{"op_code":6,"worker_id":"1c3908bc-3d55-4b75-a8b0-0feb81a1b41f-23456247935296","trial_id":716,"state":3,"values":null,"datetime_complete":"2026-07-27T13:42:35.977068"}
{"op_code":0,"worker_id":"eec913dc-72a0-4bee-866f-4fdbb55ebeba-23456247935296","study_name":"peter_mnist_k3","directions":[2]}
{"op_code":4,"worker_id":"eec913dc-72a0-4bee-866f-4fdbb55ebeba-23456247935296","study_id":0,"datetime_start":"2026-07-27T13:42:36.101945"}
{"op_code":9,"worker_id":"eec913dc-72a0-4bee-866f-4fdbb55ebeba-23456247935296","trial_id":764,"system_attr":{"tpe:relative_params:0":"{\"lr\": 3.949189142447807e-07, \"ratio\": 39.62227474669527}"}}
{"op_code":5,"worker_id":"eec913dc-72a0-4bee-866f-4fdbb55ebeba-23456247935296","trial_id":764,"param_name":"lr","param_value_internal":3.949189142447807e-07,"distribution":"{\"name\": \"FloatDistribution\", \"attributes\": {\"step\": null, \"low\": 1e-08, \"high\": 0.5, \"log\": true}}"}
{"op_code":5,"worker_id":"eec913dc-72a0-4bee-866f-4fdbb55ebeba-23456247935296","trial_id":764,"param_name":"ratio","param_value_internal":39.62227474669527,"distribution":"{\"name\": \"FloatDistribution\", \"attributes\": {\"step\": null, \"low\": 0.1, \"high\": 100.0, \"log\": true}}"}
{"op_code":6,"worker_id":"55c3fad1-ecb8-407e-91e3-934742effba3-23456247935296","trial_id":715,"state":3,"values":null,"datetime_complete":"2026-07-27T13:42:55.993019"}
{"op_code":0,"worker_id":"dd74af5c-fb86-483a-856c-531f7314d3f6-23456247935296","study_name":"peter_mnist_k3","directions":[2]}
{"op_code":4,"worker_id":"dd74af5c-fb86-483a-856c-531f7314d3f6-23456247935296","study_id":0,"datetime_start":"2026-07-27T13:42:56.066056"}
{"op_code":9,"worker_id":"dd74af5c-fb86-483a-856c-531f7314d3f6-23456247935296","trial_id":765,"system_attr":{"tpe:relative_params:0":"{\"lr\": 2.0119350628903096e-06, \"ratio\": 59.96820048272003}"}}
{"op_code":5,"worker_id":"dd74af5c-fb86-483a-856c-531f7314d3f6-23456247935296","trial_id":765,"param_name":"lr","param_value_internal":2.0119350628903096e-06,"distribution":"{\"name\": \"FloatDistribution\", \"attributes\": {\"step\": null, \"low\": 1e-08, \"high\": 0.5, \"log\": true}}"}
{"op_code":5,"worker_id":"dd74af5c-fb86-483a-856c-531f7314d3f6-23456247935296","trial_id":765,"param_name":"ratio","param_value_internal":59.96820048272003,"distribution":"{\"name\": \"FloatDistribution\", \"attributes\": {\"step\": null, \"low\": 0.1, \"high\": 100.0, \"log\": true}}"}
{"op_code":6,"worker_id":"7e39d79c-3e1b-48a6-aaa6-434fa45765cf-23456247935296","trial_id":712,"state":3,"values":null,"datetime_complete":"2026-07-27T13:43:13.115180"}
{"op_code":0,"worker_id":"fe1bbe5e-e70b-447a-a55b-8737bef9d831-23456247935296","study_name":"peter_mnist_k3","directions":[2]}
{"op_code":4,"worker_id":"fe1bbe5e-e70b-447a-a55b-8737bef9d831-23456247935296","study_id":0,"datetime_start":"2026-07-27T13:43:13.223641"}
{"op_code":9,"worker_id":"fe1bbe5e-e70b-447a-a55b-8737bef9d831-23456247935296","trial_id":766,"system_attr":{"tpe:relative_params:0":"{\"lr\": 7.199243411442464e-06, \"ratio\": 9.81782658057646}"}}
{"op_code":5,"worker_id":"fe1bbe5e-e70b-447a-a55b-8737bef9d831-23456247935296","trial_id":766,"param_name":"lr","param_value_internal":7.199243411442464e-06,"distribution":"{\"name\": \"FloatDistribution\", \"attributes\": {\"step\": null, \"low\": 1e-08, \"high\": 0.5, \"log\": true}}"}
{"op_code":5,"worker_id":"fe1bbe5e-e70b-447a-a55b-8737bef9d831-23456247935296","trial_id":766,"param_name":"ratio","param_value_internal":9.81782658057646,"distribution":"{\"name\": \"FloatDistribution\", \"attributes\": {\"step\": null, \"low\": 0.1, \"high\": 100.0, \"log\": true}}"}
{"op_code":6,"worker_id":"ee986ca4-7aeb-4934-b856-1ed0a136647f-23456247935296","trial_id":557,"state":3,"values":null,"datetime_complete":"2026-07-27T13:43:22.402180"}
{"op_code":0,"worker_id":"87f9d2f6-a0a7-4f86-b392-b53e4c9ca35f-23456247935296","study_name":"peter_mnist_k3","directions":[2]}
{"op_code":4,"worker_id":"87f9d2f6-a0a7-4f86-b392-b53e4c9ca35f-23456247935296","study_id":0,"datetime_start":"2026-07-27T13:43:22.501885"}
{"op_code":9,"worker_id":"87f9d2f6-a0a7-4f86-b392-b53e4c9ca35f-23456247935296","trial_id":767,"system_attr":{"tpe:relative_params:0":"{\"lr\": 4.607956676409049e-07, \"ratio\": 9.993630430450308}"}}
{"op_code":5,"worker_id":"87f9d2f6-a0a7-4f86-b392-b53e4c9ca35f-23456247935296","trial_id":767,"param_name":"lr","param_value_internal":4.607956676409049e-07,"distribution":"{\"name\": \"FloatDistribution\", \"attributes\": {\"step\": null, \"low\": 1e-08, \"high\": 0.5, \"log\": true}}"}
{"op_code":5,"worker_id":"87f9d2f6-a0a7-4f86-b392-b53e4c9ca35f-23456247935296","trial_id":767,"param_name":"ratio","param_value_internal":9.993630430450308,"distribution":"{\"name\": \"FloatDistribution\", \"attributes\": {\"step\": null, \"low\": 0.1, \"high\": 100.0, \"log\": true}}"}
{"op_code":6,"worker_id":"23547358-3c2f-42de-b6ee-a400080ba9cc-23456247935296","trial_id":707,"state":3,"values":null,"datetime_complete":"2026-07-27T13:43:44.042502"}
{"op_code":0,"worker_id":"7f57ac10-149e-43e1-a2fd-2672e9e6a35c-23456247935296","study_name":"peter_mnist_k3","directions":[2]}
{"op_code":4,"worker_id":"7f57ac10-149e-43e1-a2fd-2672e9e6a35c-23456247935296","study_id":0,"datetime_start":"2026-07-27T13:43:44.124282"}
{"op_code":9,"worker_id":"7f57ac10-149e-43e1-a2fd-2672e9e6a35c-23456247935296","trial_id":768,"system_attr":{"tpe:relative_params:0":"{\"lr\": 0.00013537501015830594, \"ratio\": 11.0469223951724}"}}
{"op_code":5,"worker_id":"7f57ac10-149e-43e1-a2fd-2672e9e6a35c-23456247935296","trial_id":768,"param_name":"lr","param_value_internal":0.00013537501015830594,"distribution":"{\"name\": \"FloatDistribution\", \"attributes\": {\"step\": null, \"low\": 1e-08, \"high\": 0.5, \"log\": true}}"}
{"op_code":5,"worker_id":"7f57ac10-149e-43e1-a2fd-2672e9e6a35c-23456247935296","trial_id":768,"param_name":"ratio","param_value_internal":11.0469223951724,"distribution":"{\"name\": \"FloatDistribution\", \"attributes\": {\"step\": null, \"low\": 0.1, \"high\": 100.0, \"log\": true}}"}
{"op_code":6,"worker_id":"f3f12167-c776-422c-88d8-9f8a4bd4718b-23456247935296","trial_id":723,"state":3,"values":null,"datetime_complete":"2026-07-27T13:45:01.532438"}
{"op_code":0,"worker_id":"9863dea8-b45f-4917-a89d-efa0c2b4c9e8-23456247935296","study_name":"peter_mnist_k3","directions":[2]}
{"op_code":4,"worker_id":"9863dea8-b45f-4917-a89d-efa0c2b4c9e8-23456247935296","study_id":0,"datetime_start":"2026-07-27T13:45:01.946718"}
{"op_code":9,"worker_id":"9863dea8-b45f-4917-a89d-efa0c2b4c9e8-23456247935296","trial_id":769,"system_attr":{"tpe:relative_params:0":"{\"lr\": 4.2481448578412256e-07, \"ratio\": 89.74322874592437}"}}
{"op_code":5,"worker_id":"9863dea8-b45f-4917-a89d-efa0c2b4c9e8-23456247935296","trial_id":769,"param_name":"lr","param_value_internal":4.2481448578412256e-07,"distribution":"{\"name\": \"FloatDistribution\", \"attributes\": {\"step\": null, \"low\": 1e-08, \"high\": 0.5, \"log\": true}}"}
{"op_code":5,"worker_id":"9863dea8-b45f-4917-a89d-efa0c2b4c9e8-23456247935296","trial_id":769,"param_name":"ratio","param_value_internal":89.74322874592437,"distribution":"{\"name\": \"FloatDistribution\", \"attributes\": {\"step\": null, \"low\": 0.1, \"high\": 100.0, \"log\": true}}"}
{"op_code":6,"worker_id":"150bf3b6-ea42-477d-b4c8-7c3577a4e328-23456247935296","trial_id":522,"state":1,"values":[-3592.2042550991223],"datetime_complete":"2026-07-27T13:45:07.550290"}
{"op_code":0,"worker_id":"a86f7e3b-c0b7-4e70-a1b5-cb8ad55246d0-23456247935296","study_name":"peter_mnist_k3","directions":[2]}
{"op_code":4,"worker_id":"a86f7e3b-c0b7-4e70-a1b5-cb8ad55246d0-23456247935296","study_id":0,"datetime_start":"2026-07-27T13:45:08.084879"}
{"op_code":9,"worker_id":"a86f7e3b-c0b7-4e70-a1b5-cb8ad55246d0-23456247935296","trial_id":770,"system_attr":{"tpe:relative_params:0":"{\"lr\": 0.07699864815817471, \"ratio\": 0.12110906152317732}"}}
{"op_code":5,"worker_id":"a86f7e3b-c0b7-4e70-a1b5-cb8ad55246d0-23456247935296","trial_id":770,"param_name":"lr","param_value_internal":0.07699864815817471,"distribution":"{\"name\": \"FloatDistribution\", \"attributes\": {\"step\": null, \"low\": 1e-08, \"high\": 0.5, \"log\": true}}"}
{"op_code":5,"worker_id":"a86f7e3b-c0b7-4e70-a1b5-cb8ad55246d0-23456247935296","trial_id":770,"param_name":"ratio","param_value_internal":0.12110906152317732,"distribution":"{\"name\": \"FloatDistribution\", \"attributes\": {\"step\": null, \"low\": 0.1, \"high\": 100.0, \"log\": true}}"}
{"op_code":6,"worker_id":"02cc8ac1-9309-45ce-9a2d-72ca18f66864-23456247935296","trial_id":719,"state":3,"values":null,"datetime_complete":"2026-07-27T13:45:12.186621"}
{"op_code":0,"worker_id":"57e947ed-59f9-4d5f-9cbd-299f27e9ee78-23456247935296","study_name":"peter_mnist_k3","directions":[2]}
{"op_code":4,"worker_id":"57e947ed-59f9-4d5f-9cbd-299f27e9ee78-23456247935296","study_id":0,"datetime_start":"2026-07-27T13:45:12.282115"}
{"op_code":9,"worker_id":"57e947ed-59f9-4d5f-9cbd-299f27e9ee78-23456247935296","trial_id":771,"system_attr":{"tpe:relative_params:0":"{\"lr\": 0.0030105501049157678, \"ratio\": 0.14608382233699216}"}}
{"op_code":5,"worker_id":"57e947ed-59f9-4d5f-9cbd-299f27e9ee78-23456247935296","trial_id":771,"param_name":"lr","param_value_internal":0.0030105501049157678,"distribution":"{\"name\": \"FloatDistribution\", \"attributes\": {\"step\": null, \"low\": 1e-08, \"high\": 0.5, \"log\": true}}"}
{"op_code":5,"worker_id":"57e947ed-59f9-4d5f-9cbd-299f27e9ee78-23456247935296","trial_id":771,"param_name":"ratio","param_value_internal":0.14608382233699216,"distribution":"{\"name\": \"FloatDistribution\", \"attributes\": {\"step\": null, \"low\": 0.1, \"high\": 100.0, \"log\": true}}"}
{"op_code":6,"worker_id":"bea32d14-3891-458c-b9a2-8b451a5a2fb1-23456247935296","trial_id":731,"state":3,"values":null,"datetime_complete":"2026-07-27T13:45:40.616232"}
{"op_code":0,"worker_id":"8140ed68-b369-44fb-bdbd-b8fcc4577b61-23456247935296","study_name":"peter_mnist_k3","directions":[2]}
{"op_code":4,"worker_id":"8140ed68-b369-44fb-bdbd-b8fcc4577b61-23456247935296","study_id":0,"datetime_start":"2026-07-27T13:45:40.720183"}
{"op_code":9,"worker_id":"8140ed68-b369-44fb-bdbd-b8fcc4577b61-23456247935296","trial_id":772,"system_attr":{"tpe:relative_params:0":"{\"lr\": 2.8975689477039738e-05, \"ratio\": 4.266261137297492}"}}
{"op_code":5,"worker_id":"8140ed68-b369-44fb-bdbd-b8fcc4577b61-23456247935296","trial_id":772,"param_name":"lr","param_value_internal":2.8975689477039738e-05,"distribution":"{\"name\": \"FloatDistribution\", \"attributes\": {\"step\": null, \"low\": 1e-08, \"high\": 0.5, \"log\": true}}"}
{"op_code":5,"worker_id":"8140ed68-b369-44fb-bdbd-b8fcc4577b61-23456247935296","trial_id":772,"param_name":"ratio","param_value_internal":4.266261137297492,"distribution":"{\"name\": \"FloatDistribution\", \"attributes\": {\"step\": null, \"low\": 0.1, \"high\": 100.0, \"log\": true}}"}
{"op_code":6,"worker_id":"6c30d7dd-a8f1-4ccd-b36b-09eceeed8baa-23456247935296","trial_id":684,"state":3,"values":null,"datetime_complete":"2026-07-27T13:45:43.893439"}
{"op_code":0,"worker_id":"cdf07557-5fcf-4095-9683-acd21e3c5f7a-23456247935296","study_name":"peter_mnist_k3","directions":[2]}
{"op_code":4,"worker_id":"cdf07557-5fcf-4095-9683-acd21e3c5f7a-23456247935296","study_id":0,"datetime_start":"2026-07-27T13:45:43.981924"}
{"op_code":9,"worker_id":"cdf07557-5fcf-4095-9683-acd21e3c5f7a-23456247935296","trial_id":773,"system_attr":{"tpe:relative_params:0":"{\"lr\": 1.9133391231971557e-05, \"ratio\": 0.8499943973322689}"}}
{"op_code":5,"worker_id":"cdf07557-5fcf-4095-9683-acd21e3c5f7a-23456247935296","trial_id":773,"param_name":"lr","param_value_internal":1.9133391231971557e-05,"distribution":"{\"name\": \"FloatDistribution\", \"attributes\": {\"step\": null, \"low\": 1e-08, \"high\": 0.5, \"log\": true}}"}
{"op_code":5,"worker_id":"cdf07557-5fcf-4095-9683-acd21e3c5f7a-23456247935296","trial_id":773,"param_name":"ratio","param_value_internal":0.8499943973322689,"distribution":"{\"name\": \"FloatDistribution\", \"attributes\": {\"step\": null, \"low\": 0.1, \"high\": 100.0, \"log\": true}}"}
{"op_code":6,"worker_id":"a82be6a3-e07f-4112-b38a-2ecaa88e9de2-23456247935296","trial_id":714,"state":3,"values":null,"datetime_complete":"2026-07-27T13:47:23.059845"}
{"op_code":0,"worker_id":"4249cb5d-f0aa-4b0c-a49b-53184f773218-23456247935296","study_name":"peter_mnist_k3","directions":[2]}
{"op_code":4,"worker_id":"4249cb5d-f0aa-4b0c-a49b-53184f773218-23456247935296","study_id":0,"datetime_start":"2026-07-27T13:47:23.310679"}
{"op_code":9,"worker_id":"4249cb5d-f0aa-4b0c-a49b-53184f773218-23456247935296","trial_id":774,"system_attr":{"tpe:relative_params:0":"{\"lr\": 0.00038924633711010084, \"ratio\": 3.555623624780998}"}}
{"op_code":5,"worker_id":"4249cb5d-f0aa-4b0c-a49b-53184f773218-23456247935296","trial_id":774,"param_name":"lr","param_value_internal":0.00038924633711010084,"distribution":"{\"name\": \"FloatDistribution\", \"attributes\": {\"step\": null, \"low\": 1e-08, \"high\": 0.5, \"log\": true}}"}
{"op_code":5,"worker_id":"4249cb5d-f0aa-4b0c-a49b-53184f773218-23456247935296","trial_id":774,"param_name":"ratio","param_value_internal":3.555623624780998,"distribution":"{\"name\": \"FloatDistribution\", \"attributes\": {\"step\": null, \"low\": 0.1, \"high\": 100.0, \"log\": true}}"}
{"op_code":6,"worker_id":"75c4cc62-34c4-442e-a726-49fd26dc82ea-23456247935296","trial_id":571,"state":1,"values":[-3587.557950952408],"datetime_complete":"2026-07-27T13:47:33.653812"}
{"op_code":0,"worker_id":"e660d254-c851-4144-8c6a-a34987630115-23456247935296","study_name":"peter_mnist_k3","directions":[2]}
{"op_code":4,"worker_id":"e660d254-c851-4144-8c6a-a34987630115-23456247935296","study_id":0,"datetime_start":"2026-07-27T13:47:33.744936"}
{"op_code":9,"worker_id":"e660d254-c851-4144-8c6a-a34987630115-23456247935296","trial_id":775,"system_attr":{"tpe:relative_params:0":"{\"lr\": 1.3871876574834415e-05, \"ratio\": 0.2785908171522898}"}}
{"op_code":5,"worker_id":"e660d254-c851-4144-8c6a-a34987630115-23456247935296","trial_id":775,"param_name":"lr","param_value_internal":1.3871876574834415e-05,"distribution":"{\"name\": \"FloatDistribution\", \"attributes\": {\"step\": null, \"low\": 1e-08, \"high\": 0.5, \"log\": true}}"}
{"op_code":5,"worker_id":"e660d254-c851-4144-8c6a-a34987630115-23456247935296","trial_id":775,"param_name":"ratio","param_value_internal":0.2785908171522898,"distribution":"{\"name\": \"FloatDistribution\", \"attributes\": {\"step\": null, \"low\": 0.1, \"high\": 100.0, \"log\": true}}"}
{"op_code":6,"worker_id":"66bcba5f-b136-4290-9d02-a2864c2cd446-23456247935296","trial_id":654,"state":3,"values":null,"datetime_complete":"2026-07-27T13:47:43.802318"}
{"op_code":0,"worker_id":"be2e3891-815f-430f-9842-ad262372b4d8-23456247935296","study_name":"peter_mnist_k3","directions":[2]}
{"op_code":4,"worker_id":"be2e3891-815f-430f-9842-ad262372b4d8-23456247935296","study_id":0,"datetime_start":"2026-07-27T13:47:43.897465"}
{"op_code":9,"worker_id":"be2e3891-815f-430f-9842-ad262372b4d8-23456247935296","trial_id":776,"system_attr":{"tpe:relative_params:0":"{\"lr\": 2.85190969359992e-06, \"ratio\": 0.1676014850101642}"}}
{"op_code":5,"worker_id":"be2e3891-815f-430f-9842-ad262372b4d8-23456247935296","trial_id":776,"param_name":"lr","param_value_internal":2.85190969359992e-06,"distribution":"{\"name\": \"FloatDistribution\", \"attributes\": {\"step\": null, \"low\": 1e-08, \"high\": 0.5, \"log\": true}}"}
{"op_code":5,"worker_id":"be2e3891-815f-430f-9842-ad262372b4d8-23456247935296","trial_id":776,"param_name":"ratio","param_value_internal":0.1676014850101642,"distribution":"{\"name\": \"FloatDistribution\", \"attributes\": {\"step\": null, \"low\": 0.1, \"high\": 100.0, \"log\": true}}"}
{"op_code":6,"worker_id":"7e9739ec-b0ea-4a37-8c03-8de6531f7fa2-23456247935296","trial_id":713,"state":3,"values":null,"datetime_complete":"2026-07-27T13:47:55.555252"}
{"op_code":0,"worker_id":"f8d9181b-4cfa-4056-8a2f-9817795beb92-23456247935296","study_name":"peter_mnist_k3","directions":[2]}
{"op_code":4,"worker_id":"f8d9181b-4cfa-4056-8a2f-9817795beb92-23456247935296","study_id":0,"datetime_start":"2026-07-27T13:47:55.638944"}
{"op_code":9,"worker_id":"f8d9181b-4cfa-4056-8a2f-9817795beb92-23456247935296","trial_id":777,"system_attr":{"tpe:relative_params:0":"{\"lr\": 4.636920083695234e-06, \"ratio\": 2.625366458446188}"}}
{"op_code":5,"worker_id":"f8d9181b-4cfa-4056-8a2f-9817795beb92-23456247935296","trial_id":777,"param_name":"lr","param_value_internal":4.636920083695234e-06,"distribution":"{\"name\": \"FloatDistribution\", \"attributes\": {\"step\": null, \"low\": 1e-08, \"high\": 0.5, \"log\": true}}"}
{"op_code":5,"worker_id":"f8d9181b-4cfa-4056-8a2f-9817795beb92-23456247935296","trial_id":777,"param_name":"ratio","param_value_internal":2.625366458446188,"distribution":"{\"name\": \"FloatDistribution\", \"attributes\": {\"step\": null, \"low\": 0.1, \"high\": 100.0, \"log\": true}}"}
{"op_code":6,"worker_id":"a4c68768-c463-4c5b-9d2b-300b3f87deba-23456247935296","trial_id":699,"state":3,"values":null,"datetime_complete":"2026-07-27T13:48:15.545727"}
{"op_code":0,"worker_id":"6f0d42c3-9fa3-450f-9faf-1b9b12e1f2de-23456247935296","study_name":"peter_mnist_k3","directions":[2]}
{"op_code":4,"worker_id":"6f0d42c3-9fa3-450f-9faf-1b9b12e1f2de-23456247935296","study_id":0,"datetime_start":"2026-07-27T13:48:15.666402"}
{"op_code":9,"worker_id":"6f0d42c3-9fa3-450f-9faf-1b9b12e1f2de-23456247935296","trial_id":778,"system_attr":{"tpe:relative_params:0":"{\"lr\": 1.3917425433929817e-05, \"ratio\": 0.6235253919154758}"}}
{"op_code":5,"worker_id":"6f0d42c3-9fa3-450f-9faf-1b9b12e1f2de-23456247935296","trial_id":778,"param_name":"lr","param_value_internal":1.3917425433929817e-05,"distribution":"{\"name\": \"FloatDistribution\", \"attributes\": {\"step\": null, \"low\": 1e-08, \"high\": 0.5, \"log\": true}}"}
{"op_code":5,"worker_id":"6f0d42c3-9fa3-450f-9faf-1b9b12e1f2de-23456247935296","trial_id":778,"param_name":"ratio","param_value_internal":0.6235253919154758,"distribution":"{\"name\": \"FloatDistribution\", \"attributes\": {\"step\": null, \"low\": 0.1, \"high\": 100.0, \"log\": true}}"}
{"op_code":6,"worker_id":"7183911b-1dce-409b-9a7c-d6e4ba7e5c83-23456247935296","trial_id":730,"state":3,"values":null,"datetime_complete":"2026-07-27T13:48:53.497678"}
{"op_code":0,"worker_id":"94d2237f-3f3a-4ad5-8197-84ea3de384ba-23456247935296","study_name":"peter_mnist_k3","directions":[2]}
{"op_code":4,"worker_id":"94d2237f-3f3a-4ad5-8197-84ea3de384ba-23456247935296","study_id":0,"datetime_start":"2026-07-27T13:48:53.618837"}
{"op_code":9,"worker_id":"94d2237f-3f3a-4ad5-8197-84ea3de384ba-23456247935296","trial_id":779,"system_attr":{"tpe:relative_params:0":"{\"lr\": 2.4646023455940763e-06, \"ratio\": 2.8716210959084827}"}}
{"op_code":5,"worker_id":"94d2237f-3f3a-4ad5-8197-84ea3de384ba-23456247935296","trial_id":779,"param_name":"lr","param_value_internal":2.4646023455940763e-06,"distribution":"{\"name\": \"FloatDistribution\", \"attributes\": {\"step\": null, \"low\": 1e-08, \"high\": 0.5, \"log\": true}}"}
{"op_code":5,"worker_id":"94d2237f-3f3a-4ad5-8197-84ea3de384ba-23456247935296","trial_id":779,"param_name":"ratio","param_value_internal":2.8716210959084827,"distribution":"{\"name\": \"FloatDistribution\", \"attributes\": {\"step\": null, \"low\": 0.1, \"high\": 100.0, \"log\": true}}"}
{"op_code":6,"worker_id":"026d4a9a-5e20-461e-a2d0-8e15f821d387-23456247935296","trial_id":718,"state":3,"values":null,"datetime_complete":"2026-07-27T13:49:29.243309"}
{"op_code":0,"worker_id":"1fb77f23-2236-4cfe-8e17-c7af0cd558a2-23456247935296","study_name":"peter_mnist_k3","directions":[2]}
{"op_code":4,"worker_id":"1fb77f23-2236-4cfe-8e17-c7af0cd558a2-23456247935296","study_id":0,"datetime_start":"2026-07-27T13:49:29.432298"}
{"op_code":9,"worker_id":"1fb77f23-2236-4cfe-8e17-c7af0cd558a2-23456247935296","trial_id":780,"system_attr":{"tpe:relative_params:0":"{\"lr\": 7.349304376944709e-05, \"ratio\": 96.88459702203959}"}}
{"op_code":5,"worker_id":"1fb77f23-2236-4cfe-8e17-c7af0cd558a2-23456247935296","trial_id":780,"param_name":"lr","param_value_internal":7.349304376944709e-05,"distribution":"{\"name\": \"FloatDistribution\", \"attributes\": {\"step\": null, \"low\": 1e-08, \"high\": 0.5, \"log\": true}}"}
{"op_code":5,"worker_id":"1fb77f23-2236-4cfe-8e17-c7af0cd558a2-23456247935296","trial_id":780,"param_name":"ratio","param_value_internal":96.88459702203959,"distribution":"{\"name\": \"FloatDistribution\", \"attributes\": {\"step\": null, \"low\": 0.1, \"high\": 100.0, \"log\": true}}"}
{"op_code":6,"worker_id":"8d8d7cc8-96a9-4769-a5c0-2d7d305f318e-23456247935296","trial_id":704,"state":3,"values":null,"datetime_complete":"2026-07-27T13:50:03.243388"}
{"op_code":0,"worker_id":"d21e529e-81d5-44a3-92d5-22cf634bc2c5-23456247935296","study_name":"peter_mnist_k3","directions":[2]}
{"op_code":4,"worker_id":"d21e529e-81d5-44a3-92d5-22cf634bc2c5-23456247935296","study_id":0,"datetime_start":"2026-07-27T13:50:03.350612"}
{"op_code":9,"worker_id":"d21e529e-81d5-44a3-92d5-22cf634bc2c5-23456247935296","trial_id":781,"system_attr":{"tpe:relative_params:0":"{\"lr\": 0.00023476089352654923, \"ratio\": 0.9285362467840439}"}}
{"op_code":5,"worker_id":"d21e529e-81d5-44a3-92d5-22cf634bc2c5-23456247935296","trial_id":781,"param_name":"lr","param_value_internal":0.00023476089352654923,"distribution":"{\"name\": \"FloatDistribution\", \"attributes\": {\"step\": null, \"low\": 1e-08, \"high\": 0.5, \"log\": true}}"}
{"op_code":5,"worker_id":"d21e529e-81d5-44a3-92d5-22cf634bc2c5-23456247935296","trial_id":781,"param_name":"ratio","param_value_internal":0.9285362467840439,"distribution":"{\"name\": \"FloatDistribution\", \"attributes\": {\"step\": null, \"low\": 0.1, \"high\": 100.0, \"log\": true}}"}
{"op_code":6,"worker_id":"78b19760-3f98-40a9-9754-963f3a69ab6f-23456247935296","trial_id":721,"state":3,"values":null,"datetime_complete":"2026-07-27T13:50:12.265041"}
{"op_code":0,"worker_id":"b51b55fa-f22a-46bc-b555-5a76be8fa88a-23456247935296","study_name":"peter_mnist_k3","directions":[2]}
{"op_code":4,"worker_id":"b51b55fa-f22a-46bc-b555-5a76be8fa88a-23456247935296","study_id":0,"datetime_start":"2026-07-27T13:50:12.348080"}
{"op_code":9,"worker_id":"b51b55fa-f22a-46bc-b555-5a76be8fa88a-23456247935296","trial_id":782,"system_attr":{"tpe:relative_params:0":"{\"lr\": 1.0870522255102152e-05, \"ratio\": 3.623500764999823}"}}
{"op_code":5,"worker_id":"b51b55fa-f22a-46bc-b555-5a76be8fa88a-23456247935296","trial_id":782,"param_name":"lr","param_value_internal":1.0870522255102152e-05,"distribution":"{\"name\": \"FloatDistribution\", \"attributes\": {\"step\": null, \"low\": 1e-08, \"high\": 0.5, \"log\": true}}"}
{"op_code":5,"worker_id":"b51b55fa-f22a-46bc-b555-5a76be8fa88a-23456247935296","trial_id":782,"param_name":"ratio","param_value_internal":3.623500764999823,"distribution":"{\"name\": \"FloatDistribution\", \"attributes\": {\"step\": null, \"low\": 0.1, \"high\": 100.0, \"log\": true}}"}
{"op_code":6,"worker_id":"22c179e7-7699-4cf0-ac0d-2471684e9a3a-23456247935296","trial_id":720,"state":3,"values":null,"datetime_complete":"2026-07-27T13:50:52.279103"}
{"op_code":0,"worker_id":"e64be123-57b3-4397-927d-5e6efad2ec62-23456247935296","study_name":"peter_mnist_k3","directions":[2]}
{"op_code":4,"worker_id":"e64be123-57b3-4397-927d-5e6efad2ec62-23456247935296","study_id":0,"datetime_start":"2026-07-27T13:50:52.408086"}
{"op_code":9,"worker_id":"e64be123-57b3-4397-927d-5e6efad2ec62-23456247935296","trial_id":783,"system_attr":{"tpe:relative_params:0":"{\"lr\": 1.7984354089270497e-05, \"ratio\": 35.40619031779563}"}}
{"op_code":5,"worker_id":"e64be123-57b3-4397-927d-5e6efad2ec62-23456247935296","trial_id":783,"param_name":"lr","param_value_internal":1.7984354089270497e-05,"distribution":"{\"name\": \"FloatDistribution\", \"attributes\": {\"step\": null, \"low\": 1e-08, \"high\": 0.5, \"log\": true}}"}
{"op_code":5,"worker_id":"e64be123-57b3-4397-927d-5e6efad2ec62-23456247935296","trial_id":783,"param_name":"ratio","param_value_internal":35.40619031779563,"distribution":"{\"name\": \"FloatDistribution\", \"attributes\": {\"step\": null, \"low\": 0.1, \"high\": 100.0, \"log\": true}}"}
{"op_code":6,"worker_id":"c722dc12-afdb-4727-9465-3674467caf10-23456247935296","trial_id":674,"state":3,"values":null,"datetime_complete":"2026-07-27T13:52:45.411911"}
{"op_code":0,"worker_id":"dab695a3-f934-4345-8986-0d7b09af8896-23456247935296","study_name":"peter_mnist_k3","directions":[2]}
{"op_code":4,"worker_id":"dab695a3-f934-4345-8986-0d7b09af8896-23456247935296","study_id":0,"datetime_start":"2026-07-27T13:52:45.607778"}
{"op_code":9,"worker_id":"dab695a3-f934-4345-8986-0d7b09af8896-23456247935296","trial_id":784,"system_attr":{"tpe:relative_params:0":"{\"lr\": 1.8778861591309876e-05, \"ratio\": 74.77302871335459}"}}
{"op_code":5,"worker_id":"dab695a3-f934-4345-8986-0d7b09af8896-23456247935296","trial_id":784,"param_name":"lr","param_value_internal":1.8778861591309876e-05,"distribution":"{\"name\": \"FloatDistribution\", \"attributes\": {\"step\": null, \"low\": 1e-08, \"high\": 0.5, \"log\": true}}"}
{"op_code":5,"worker_id":"dab695a3-f934-4345-8986-0d7b09af8896-23456247935296","trial_id":784,"param_name":"ratio","param_value_internal":74.77302871335459,"distribution":"{\"name\": \"FloatDistribution\", \"attributes\": {\"step\": null, \"low\": 0.1, \"high\": 100.0, \"log\": true}}"}
{"op_code":6,"worker_id":"49f64750-2d15-444e-b7d5-2ee491cbf6c5-23456247935296","trial_id":745,"state":3,"values":null,"datetime_complete":"2026-07-27T13:53:01.893896"}
{"op_code":0,"worker_id":"abe1cdc5-40ef-4e30-aa0a-624be541f62e-23456247935296","study_name":"peter_mnist_k3","directions":[2]}
{"op_code":4,"worker_id":"abe1cdc5-40ef-4e30-aa0a-624be541f62e-23456247935296","study_id":0,"datetime_start":"2026-07-27T13:53:02.073401"}
{"op_code":9,"worker_id":"abe1cdc5-40ef-4e30-aa0a-624be541f62e-23456247935296","trial_id":785,"system_attr":{"tpe:relative_params:0":"{\"lr\": 1.024527477652959e-06, \"ratio\": 0.32179605804863903}"}}
{"op_code":5,"worker_id":"abe1cdc5-40ef-4e30-aa0a-624be541f62e-23456247935296","trial_id":785,"param_name":"lr","param_value_internal":1.024527477652959e-06,"distribution":"{\"name\": \"FloatDistribution\", \"attributes\": {\"step\": null, \"low\": 1e-08, \"high\": 0.5, \"log\": true}}"}
{"op_code":5,"worker_id":"abe1cdc5-40ef-4e30-aa0a-624be541f62e-23456247935296","trial_id":785,"param_name":"ratio","param_value_internal":0.32179605804863903,"distribution":"{\"name\": \"FloatDistribution\", \"attributes\": {\"step\": null, \"low\": 0.1, \"high\": 100.0, \"log\": true}}"}
{"op_code":6,"worker_id":"7cac60aa-2d6e-4235-9d39-cc404aa3ee94-23456247935296","trial_id":697,"state":3,"values":null,"datetime_complete":"2026-07-27T13:53:28.111461"}
{"op_code":0,"worker_id":"34078acd-d0a1-41c0-b31a-6ae049115064-23456247935296","study_name":"peter_mnist_k3","directions":[2]}
{"op_code":4,"worker_id":"34078acd-d0a1-41c0-b31a-6ae049115064-23456247935296","study_id":0,"datetime_start":"2026-07-27T13:53:28.234455"}
{"op_code":9,"worker_id":"34078acd-d0a1-41c0-b31a-6ae049115064-23456247935296","trial_id":786,"system_attr":{"tpe:relative_params:0":"{\"lr\": 4.398808002114102e-06, \"ratio\": 0.9034382677760946}"}}
{"op_code":5,"worker_id":"34078acd-d0a1-41c0-b31a-6ae049115064-23456247935296","trial_id":786,"param_name":"lr","param_value_internal":4.398808002114102e-06,"distribution":"{\"name\": \"FloatDistribution\", \"attributes\": {\"step\": null, \"low\": 1e-08, \"high\": 0.5, \"log\": true}}"}
{"op_code":5,"worker_id":"34078acd-d0a1-41c0-b31a-6ae049115064-23456247935296","trial_id":786,"param_name":"ratio","param_value_internal":0.9034382677760946,"distribution":"{\"name\": \"FloatDistribution\", \"attributes\": {\"step\": null, \"low\": 0.1, \"high\": 100.0, \"log\": true}}"}
{"op_code":6,"worker_id":"a29fed5e-b30e-4000-8ca1-f2b304f7cedc-23456247935296","trial_id":735,"state":3,"values":null,"datetime_complete":"2026-07-27T13:53:34.917225"}
{"op_code":0,"worker_id":"acdb3392-4603-4eb8-88ec-6bab776872a1-23456247935296","study_name":"peter_mnist_k3","directions":[2]}
{"op_code":4,"worker_id":"acdb3392-4603-4eb8-88ec-6bab776872a1-23456247935296","study_id":0,"datetime_start":"2026-07-27T13:53:35.218462"}
{"op_code":9,"worker_id":"acdb3392-4603-4eb8-88ec-6bab776872a1-23456247935296","trial_id":787,"system_attr":{"tpe:relative_params:0":"{\"lr\": 3.6293310414075355e-06, \"ratio\": 0.378825713192489}"}}
{"op_code":5,"worker_id":"acdb3392-4603-4eb8-88ec-6bab776872a1-23456247935296","trial_id":787,"param_name":"lr","param_value_internal":3.6293310414075355e-06,"distribution":"{\"name\": \"FloatDistribution\", \"attributes\": {\"step\": null, \"low\": 1e-08, \"high\": 0.5, \"log\": true}}"}
{"op_code":5,"worker_id":"acdb3392-4603-4eb8-88ec-6bab776872a1-23456247935296","trial_id":787,"param_name":"ratio","param_value_internal":0.378825713192489,"distribution":"{\"name\": \"FloatDistribution\", \"attributes\": {\"step\": null, \"low\": 0.1, \"high\": 100.0, \"log\": true}}"}
{"op_code":6,"worker_id":"b8ebb73f-23e7-4de5-b231-a608274710ab-23456247935296","trial_id":675,"state":3,"values":null,"datetime_complete":"2026-07-27T13:53:44.686624"}
{"op_code":0,"worker_id":"37def1f1-765d-4810-8359-4dc4c1955b7a-23456247935296","study_name":"peter_mnist_k3","directions":[2]}
{"op_code":4,"worker_id":"37def1f1-765d-4810-8359-4dc4c1955b7a-23456247935296","study_id":0,"datetime_start":"2026-07-27T13:53:44.837055"}
{"op_code":9,"worker_id":"37def1f1-765d-4810-8359-4dc4c1955b7a-23456247935296","trial_id":788,"system_attr":{"tpe:relative_params:0":"{\"lr\": 4.907126400071154e-06, \"ratio\": 1.317918593324286}"}}
{"op_code":5,"worker_id":"37def1f1-765d-4810-8359-4dc4c1955b7a-23456247935296","trial_id":788,"param_name":"lr","param_value_internal":4.907126400071154e-06,"distribution":"{\"name\": \"FloatDistribution\", \"attributes\": {\"step\": null, \"low\": 1e-08, \"high\": 0.5, \"log\": true}}"}
{"op_code":5,"worker_id":"37def1f1-765d-4810-8359-4dc4c1955b7a-23456247935296","trial_id":788,"param_name":"ratio","param_value_internal":1.317918593324286,"distribution":"{\"name\": \"FloatDistribution\", \"attributes\": {\"step\": null, \"low\": 0.1, \"high\": 100.0, \"log\": true}}"}
{"op_code":6,"worker_id":"e5fce6ab-907a-4340-b751-ab5ba924eadd-23456247935296","trial_id":738,"state":3,"values":null,"datetime_complete":"2026-07-27T13:53:58.510488"}
{"op_code":0,"worker_id":"c0a9799e-8cd2-4a7c-aa2a-1f80e32035c1-23456247935296","study_name":"peter_mnist_k3","directions":[2]}
{"op_code":4,"worker_id":"c0a9799e-8cd2-4a7c-aa2a-1f80e32035c1-23456247935296","study_id":0,"datetime_start":"2026-07-27T13:53:58.688406"}
{"op_code":9,"worker_id":"c0a9799e-8cd2-4a7c-aa2a-1f80e32035c1-23456247935296","trial_id":789,"system_attr":{"tpe:relative_params:0":"{\"lr\": 1.1317080538358004e-05, \"ratio\": 0.15922857060177026}"}}
{"op_code":5,"worker_id":"c0a9799e-8cd2-4a7c-aa2a-1f80e32035c1-23456247935296","trial_id":789,"param_name":"lr","param_value_internal":1.1317080538358004e-05,"distribution":"{\"name\": \"FloatDistribution\", \"attributes\": {\"step\": null, \"low\": 1e-08, \"high\": 0.5, \"log\": true}}"}
{"op_code":5,"worker_id":"c0a9799e-8cd2-4a7c-aa2a-1f80e32035c1-23456247935296","trial_id":789,"param_name":"ratio","param_value_internal":0.15922857060177026,"distribution":"{\"name\": \"FloatDistribution\", \"attributes\": {\"step\": null, \"low\": 0.1, \"high\": 100.0, \"log\": true}}"}
{"op_code":6,"worker_id":"b328138f-cdf2-435f-971b-8492bc03530c-23456247935296","trial_id":679,"state":3,"values":null,"datetime_complete":"2026-07-27T13:54:53.491797"}
{"op_code":0,"worker_id":"bd04e433-aa62-4c40-aafb-95ec58fa79cd-23456247935296","study_name":"peter_mnist_k3","directions":[2]}
{"op_code":4,"worker_id":"bd04e433-aa62-4c40-aafb-95ec58fa79cd-23456247935296","study_id":0,"datetime_start":"2026-07-27T13:54:53.849406"}
{"op_code":9,"worker_id":"bd04e433-aa62-4c40-aafb-95ec58fa79cd-23456247935296","trial_id":790,"system_attr":{"tpe:relative_params:0":"{\"lr\": 1.907059996608954e-05, \"ratio\": 35.47950049930786}"}}
{"op_code":5,"worker_id":"bd04e433-aa62-4c40-aafb-95ec58fa79cd-23456247935296","trial_id":790,"param_name":"lr","param_value_internal":1.907059996608954e-05,"distribution":"{\"name\": \"FloatDistribution\", \"attributes\": {\"step\": null, \"low\": 1e-08, \"high\": 0.5, \"log\": true}}"}
{"op_code":5,"worker_id":"bd04e433-aa62-4c40-aafb-95ec58fa79cd-23456247935296","trial_id":790,"param_name":"ratio","param_value_internal":35.47950049930786,"distribution":"{\"name\": \"FloatDistribution\", \"attributes\": {\"step\": null, \"low\": 0.1, \"high\": 100.0, \"log\": true}}"}
{"op_code":6,"worker_id":"12beac9c-460e-4ff4-9d7e-28f597990a5e-23456247935296","trial_id":722,"state":3,"values":null,"datetime_complete":"2026-07-27T13:55:18.174523"}
{"op_code":0,"worker_id":"917bd53c-8ef0-4b81-b4e3-8ea8a5704385-23456247935296","study_name":"peter_mnist_k3","directions":[2]}
{"op_code":4,"worker_id":"917bd53c-8ef0-4b81-b4e3-8ea8a5704385-23456247935296","study_id":0,"datetime_start":"2026-07-27T13:55:18.273184"}
{"op_code":9,"worker_id":"917bd53c-8ef0-4b81-b4e3-8ea8a5704385-23456247935296","trial_id":791,"system_attr":{"tpe:relative_params:0":"{\"lr\": 1.3494183432462156e-06, \"ratio\": 5.908087552682962}"}}
{"op_code":5,"worker_id":"917bd53c-8ef0-4b81-b4e3-8ea8a5704385-23456247935296","trial_id":791,"param_name":"lr","param_value_internal":1.3494183432462156e-06,"distribution":"{\"name\": \"FloatDistribution\", \"attributes\": {\"step\": null, \"low\": 1e-08, \"high\": 0.5, \"log\": true}}"}
{"op_code":5,"worker_id":"917bd53c-8ef0-4b81-b4e3-8ea8a5704385-23456247935296","trial_id":791,"param_name":"ratio","param_value_internal":5.908087552682962,"distribution":"{\"name\": \"FloatDistribution\", \"attributes\": {\"step\": null, \"low\": 0.1, \"high\": 100.0, \"log\": true}}"}
{"op_code":6,"worker_id":"d72ed491-210d-44cb-bdb2-c237b6315785-23456247935296","trial_id":744,"state":3,"values":null,"datetime_complete":"2026-07-27T13:55:23.557434"}
{"op_code":0,"worker_id":"5796deea-4640-4483-aa96-04d9c4fe8a8c-23456247935296","study_name":"peter_mnist_k3","directions":[2]}
{"op_code":4,"worker_id":"5796deea-4640-4483-aa96-04d9c4fe8a8c-23456247935296","study_id":0,"datetime_start":"2026-07-27T13:55:23.695757"}
{"op_code":9,"worker_id":"5796deea-4640-4483-aa96-04d9c4fe8a8c-23456247935296","trial_id":792,"system_attr":{"tpe:relative_params:0":"{\"lr\": 4.4380305427702254e-06, \"ratio\": 74.46604023103808}"}}
{"op_code":5,"worker_id":"5796deea-4640-4483-aa96-04d9c4fe8a8c-23456247935296","trial_id":792,"param_name":"lr","param_value_internal":4.4380305427702254e-06,"distribution":"{\"name\": \"FloatDistribution\", \"attributes\": {\"step\": null, \"low\": 1e-08, \"high\": 0.5, \"log\": true}}"}
{"op_code":5,"worker_id":"5796deea-4640-4483-aa96-04d9c4fe8a8c-23456247935296","trial_id":792,"param_name":"ratio","param_value_internal":74.46604023103808,"distribution":"{\"name\": \"FloatDistribution\", \"attributes\": {\"step\": null, \"low\": 0.1, \"high\": 100.0, \"log\": true}}"}
{"op_code":6,"worker_id":"c4df0937-a9f6-4403-a6da-ddf612651bd7-23456247935296","trial_id":591,"state":3,"values":null,"datetime_complete":"2026-07-27T13:56:36.856680"}
{"op_code":0,"worker_id":"36a1e29a-d0f8-44f0-9209-ee4dd6911b6e-23456247935296","study_name":"peter_mnist_k3","directions":[2]}
{"op_code":4,"worker_id":"36a1e29a-d0f8-44f0-9209-ee4dd6911b6e-23456247935296","study_id":0,"datetime_start":"2026-07-27T13:56:36.951537"}
{"op_code":9,"worker_id":"36a1e29a-d0f8-44f0-9209-ee4dd6911b6e-23456247935296","trial_id":793,"system_attr":{"tpe:relative_params:0":"{\"lr\": 1.2287542375881186e-05, \"ratio\": 1.0600764301800232}"}}
{"op_code":5,"worker_id":"36a1e29a-d0f8-44f0-9209-ee4dd6911b6e-23456247935296","trial_id":793,"param_name":"lr","param_value_internal":1.2287542375881186e-05,"distribution":"{\"name\": \"FloatDistribution\", \"attributes\": {\"step\": null, \"low\": 1e-08, \"high\": 0.5, \"log\": true}}"}
{"op_code":5,"worker_id":"36a1e29a-d0f8-44f0-9209-ee4dd6911b6e-23456247935296","trial_id":793,"param_name":"ratio","param_value_internal":1.0600764301800232,"distribution":"{\"name\": \"FloatDistribution\", \"attributes\": {\"step\": null, \"low\": 0.1, \"high\": 100.0, \"log\": true}}"}
{"op_code":6,"worker_id":"8fbca743-c58b-4711-9a5d-09ddadde4756-23456247935296","trial_id":593,"state":3,"values":null,"datetime_complete":"2026-07-27T13:57:29.871453"}
{"op_code":0,"worker_id":"f65079dc-eb00-4b65-a131-a707aadb61f8-23456247935296","study_name":"peter_mnist_k3","directions":[2]}
{"op_code":4,"worker_id":"f65079dc-eb00-4b65-a131-a707aadb61f8-23456247935296","study_id":0,"datetime_start":"2026-07-27T13:57:30.037986"}
{"op_code":9,"worker_id":"f65079dc-eb00-4b65-a131-a707aadb61f8-23456247935296","trial_id":794,"system_attr":{"tpe:relative_params:0":"{\"lr\": 9.4749835230098e-07, \"ratio\": 14.703108867452714}"}}
{"op_code":5,"worker_id":"f65079dc-eb00-4b65-a131-a707aadb61f8-23456247935296","trial_id":794,"param_name":"lr","param_value_internal":9.4749835230098e-07,"distribution":"{\"name\": \"FloatDistribution\", \"attributes\": {\"step\": null, \"low\": 1e-08, \"high\": 0.5, \"log\": true}}"}
{"op_code":5,"worker_id":"f65079dc-eb00-4b65-a131-a707aadb61f8-23456247935296","trial_id":794,"param_name":"ratio","param_value_internal":14.703108867452714,"distribution":"{\"name\": \"FloatDistribution\", \"attributes\": {\"step\": null, \"low\": 0.1, \"high\": 100.0, \"log\": true}}"}
{"op_code":6,"worker_id":"793b5dba-a9b4-4c38-9933-8b6702357aa5-23456247935296","trial_id":588,"state":3,"values":null,"datetime_complete":"2026-07-27T13:58:04.255786"}
{"op_code":0,"worker_id":"65d1d1de-3d32-4632-87c7-a0c5b10cee1a-23456247935296","study_name":"peter_mnist_k3","directions":[2]}
{"op_code":4,"worker_id":"65d1d1de-3d32-4632-87c7-a0c5b10cee1a-23456247935296","study_id":0,"datetime_start":"2026-07-27T13:58:04.341641"}
{"op_code":9,"worker_id":"65d1d1de-3d32-4632-87c7-a0c5b10cee1a-23456247935296","trial_id":795,"system_attr":{"tpe:relative_params:0":"{\"lr\": 1.2957877378355938e-06, \"ratio\": 44.544125865152104}"}}
{"op_code":5,"worker_id":"65d1d1de-3d32-4632-87c7-a0c5b10cee1a-23456247935296","trial_id":795,"param_name":"lr","param_value_internal":1.2957877378355938e-06,"distribution":"{\"name\": \"FloatDistribution\", \"attributes\": {\"step\": null, \"low\": 1e-08, \"high\": 0.5, \"log\": true}}"}
{"op_code":5,"worker_id":"65d1d1de-3d32-4632-87c7-a0c5b10cee1a-23456247935296","trial_id":795,"param_name":"ratio","param_value_internal":44.544125865152104,"distribution":"{\"name\": \"FloatDistribution\", \"attributes\": {\"step\": null, \"low\": 0.1, \"high\": 100.0, \"log\": true}}"}
{"op_code":6,"worker_id":"f1b2ef56-37b9-415c-8285-1d3eb27ee5e6-23456247935296","trial_id":599,"state":3,"values":null,"datetime_complete":"2026-07-27T13:59:19.139153"}
{"op_code":0,"worker_id":"1d5f279f-73fa-4910-bfbc-c61d66670f10-23456247935296","study_name":"peter_mnist_k3","directions":[2]}
{"op_code":4,"worker_id":"1d5f279f-73fa-4910-bfbc-c61d66670f10-23456247935296","study_id":0,"datetime_start":"2026-07-27T13:59:19.281333"}
{"op_code":9,"worker_id":"1d5f279f-73fa-4910-bfbc-c61d66670f10-23456247935296","trial_id":796,"system_attr":{"tpe:relative_params:0":"{\"lr\": 1.3113170080167237e-06, \"ratio\": 23.47889624445701}"}}
{"op_code":5,"worker_id":"1d5f279f-73fa-4910-bfbc-c61d66670f10-23456247935296","trial_id":796,"param_name":"lr","param_value_internal":1.3113170080167237e-06,"distribution":"{\"name\": \"FloatDistribution\", \"attributes\": {\"step\": null, \"low\": 1e-08, \"high\": 0.5, \"log\": true}}"}
{"op_code":5,"worker_id":"1d5f279f-73fa-4910-bfbc-c61d66670f10-23456247935296","trial_id":796,"param_name":"ratio","param_value_internal":23.47889624445701,"distribution":"{\"name\": \"FloatDistribution\", \"attributes\": {\"step\": null, \"low\": 0.1, \"high\": 100.0, \"log\": true}}"}
{"op_code":6,"worker_id":"e29df3d0-2a47-432e-8b77-4e0cd4d9505a-23456247935296","trial_id":754,"state":3,"values":null,"datetime_complete":"2026-07-27T13:59:36.228078"}
{"op_code":0,"worker_id":"9a31ece8-5e32-4cc3-a45d-2d00f17303d9-23456247935296","study_name":"peter_mnist_k3","directions":[2]}
{"op_code":4,"worker_id":"9a31ece8-5e32-4cc3-a45d-2d00f17303d9-23456247935296","study_id":0,"datetime_start":"2026-07-27T13:59:36.342859"}
{"op_code":9,"worker_id":"9a31ece8-5e32-4cc3-a45d-2d00f17303d9-23456247935296","trial_id":797,"system_attr":{"tpe:relative_params:0":"{\"lr\": 4.770821970566945e-06, \"ratio\": 18.547950228862543}"}}
{"op_code":5,"worker_id":"9a31ece8-5e32-4cc3-a45d-2d00f17303d9-23456247935296","trial_id":797,"param_name":"lr","param_value_internal":4.770821970566945e-06,"distribution":"{\"name\": \"FloatDistribution\", \"attributes\": {\"step\": null, \"low\": 1e-08, \"high\": 0.5, \"log\": true}}"}
{"op_code":5,"worker_id":"9a31ece8-5e32-4cc3-a45d-2d00f17303d9-23456247935296","trial_id":797,"param_name":"ratio","param_value_internal":18.547950228862543,"distribution":"{\"name\": \"FloatDistribution\", \"attributes\": {\"step\": null, \"low\": 0.1, \"high\": 100.0, \"log\": true}}"}
{"op_code":6,"worker_id":"b4998b16-6fa5-4cc0-a681-f0b9a68b1b3a-23456247935296","trial_id":688,"state":3,"values":null,"datetime_complete":"2026-07-27T13:59:43.490491"}
{"op_code":0,"worker_id":"dc2f185c-6132-4891-bbad-f030bddeed7b-23456247935296","study_name":"peter_mnist_k3","directions":[2]}
{"op_code":4,"worker_id":"dc2f185c-6132-4891-bbad-f030bddeed7b-23456247935296","study_id":0,"datetime_start":"2026-07-27T13:59:43.598588"}
{"op_code":9,"worker_id":"dc2f185c-6132-4891-bbad-f030bddeed7b-23456247935296","trial_id":798,"system_attr":{"tpe:relative_params:0":"{\"lr\": 7.622618048830337e-07, \"ratio\": 0.22561676094448282}"}}
{"op_code":5,"worker_id":"dc2f185c-6132-4891-bbad-f030bddeed7b-23456247935296","trial_id":798,"param_name":"lr","param_value_internal":7.622618048830337e-07,"distribution":"{\"name\": \"FloatDistribution\", \"attributes\": {\"step\": null, \"low\": 1e-08, \"high\": 0.5, \"log\": true}}"}
{"op_code":5,"worker_id":"dc2f185c-6132-4891-bbad-f030bddeed7b-23456247935296","trial_id":798,"param_name":"ratio","param_value_internal":0.22561676094448282,"distribution":"{\"name\": \"FloatDistribution\", \"attributes\": {\"step\": null, \"low\": 0.1, \"high\": 100.0, \"log\": true}}"}
{"op_code":6,"worker_id":"c5a72e5d-08f7-444f-bb79-ec4cb93b9cef-23456247935296","trial_id":685,"state":3,"values":null,"datetime_complete":"2026-07-27T14:00:14.220791"}
{"op_code":0,"worker_id":"62a0bc5d-fee2-42f1-a47f-65b39833867f-23456247935296","study_name":"peter_mnist_k3","directions":[2]}
{"op_code":4,"worker_id":"62a0bc5d-fee2-42f1-a47f-65b39833867f-23456247935296","study_id":0,"datetime_start":"2026-07-27T14:00:14.834045"}
{"op_code":9,"worker_id":"62a0bc5d-fee2-42f1-a47f-65b39833867f-23456247935296","trial_id":799,"system_attr":{"tpe:relative_params:0":"{\"lr\": 6.019551365519207e-07, \"ratio\": 0.6720364762463007}"}}
{"op_code":5,"worker_id":"62a0bc5d-fee2-42f1-a47f-65b39833867f-23456247935296","trial_id":799,"param_name":"lr","param_value_internal":6.019551365519207e-07,"distribution":"{\"name\": \"FloatDistribution\", \"attributes\": {\"step\": null, \"low\": 1e-08, \"high\": 0.5, \"log\": true}}"}
{"op_code":5,"worker_id":"62a0bc5d-fee2-42f1-a47f-65b39833867f-23456247935296","trial_id":799,"param_name":"ratio","param_value_internal":0.6720364762463007,"distribution":"{\"name\": \"FloatDistribution\", \"attributes\": {\"step\": null, \"low\": 0.1, \"high\": 100.0, \"log\": true}}"}
{"op_code":6,"worker_id":"91272185-e404-4000-b1b2-66b18d123ba7-23456247935296","trial_id":601,"state":1,"values":[-3523.661730258193],"datetime_complete":"2026-07-27T14:00:44.267946"}
{"op_code":0,"worker_id":"76349d05-2bcc-4865-b46e-44f88771b18c-23456247935296","study_name":"peter_mnist_k3","directions":[2]}
{"op_code":4,"worker_id":"76349d05-2bcc-4865-b46e-44f88771b18c-23456247935296","study_id":0,"datetime_start":"2026-07-27T14:00:44.440420"}
{"op_code":9,"worker_id":"76349d05-2bcc-4865-b46e-44f88771b18c-23456247935296","trial_id":800,"system_attr":{"tpe:relative_params:0":"{\"lr\": 7.647675389431719e-07, \"ratio\": 0.31025116147850273}"}}
{"op_code":5,"worker_id":"76349d05-2bcc-4865-b46e-44f88771b18c-23456247935296","trial_id":800,"param_name":"lr","param_value_internal":7.647675389431719e-07,"distribution":"{\"name\": \"FloatDistribution\", \"attributes\": {\"step\": null, \"low\": 1e-08, \"high\": 0.5, \"log\": true}}"}
{"op_code":5,"worker_id":"76349d05-2bcc-4865-b46e-44f88771b18c-23456247935296","trial_id":800,"param_name":"ratio","param_value_internal":0.31025116147850273,"distribution":"{\"name\": \"FloatDistribution\", \"attributes\": {\"step\": null, \"low\": 0.1, \"high\": 100.0, \"log\": true}}"}
{"op_code":6,"worker_id":"082d8fd4-9153-4bc9-81c5-b4c7055dfd29-23456247935296","trial_id":622,"state":1,"values":[-3522.610108121759],"datetime_complete":"2026-07-27T14:01:22.918529"}
{"op_code":0,"worker_id":"a99cd12f-6616-4885-98bb-9da65a704fa2-23456247935296","study_name":"peter_mnist_k3","directions":[2]}
{"op_code":4,"worker_id":"a99cd12f-6616-4885-98bb-9da65a704fa2-23456247935296","study_id":0,"datetime_start":"2026-07-27T14:01:23.052338"}
{"op_code":9,"worker_id":"a99cd12f-6616-4885-98bb-9da65a704fa2-23456247935296","trial_id":801,"system_attr":{"tpe:relative_params:0":"{\"lr\": 5.349501641312996e-06, \"ratio\": 6.461104731505229}"}}
{"op_code":5,"worker_id":"a99cd12f-6616-4885-98bb-9da65a704fa2-23456247935296","trial_id":801,"param_name":"lr","param_value_internal":5.349501641312996e-06,"distribution":"{\"name\": \"FloatDistribution\", \"attributes\": {\"step\": null, \"low\": 1e-08, \"high\": 0.5, \"log\": true}}"}
{"op_code":5,"worker_id":"a99cd12f-6616-4885-98bb-9da65a704fa2-23456247935296","trial_id":801,"param_name":"ratio","param_value_internal":6.461104731505229,"distribution":"{\"name\": \"FloatDistribution\", \"attributes\": {\"step\": null, \"low\": 0.1, \"high\": 100.0, \"log\": true}}"}
{"op_code":6,"worker_id":"f70a4dce-a50d-47c9-a252-92b26411f021-23456247935296","trial_id":746,"state":3,"values":null,"datetime_complete":"2026-07-27T14:01:30.421707"}
{"op_code":0,"worker_id":"ebaeb929-81cb-45d1-a5b4-200da90d004b-23456247935296","study_name":"peter_mnist_k3","directions":[2]}
{"op_code":4,"worker_id":"ebaeb929-81cb-45d1-a5b4-200da90d004b-23456247935296","study_id":0,"datetime_start":"2026-07-27T14:01:30.527325"}
{"op_code":9,"worker_id":"ebaeb929-81cb-45d1-a5b4-200da90d004b-23456247935296","trial_id":802,"system_attr":{"tpe:relative_params:0":"{\"lr\": 5.238396195399483e-06, \"ratio\": 26.722913257154012}"}}
{"op_code":5,"worker_id":"ebaeb929-81cb-45d1-a5b4-200da90d004b-23456247935296","trial_id":802,"param_name":"lr","param_value_internal":5.238396195399483e-06,"distribution":"{\"name\": \"FloatDistribution\", \"attributes\": {\"step\": null, \"low\": 1e-08, \"high\": 0.5, \"log\": true}}"}
{"op_code":5,"worker_id":"ebaeb929-81cb-45d1-a5b4-200da90d004b-23456247935296","trial_id":802,"param_name":"ratio","param_value_internal":26.722913257154012,"distribution":"{\"name\": \"FloatDistribution\", \"attributes\": {\"step\": null, \"low\": 0.1, \"high\": 100.0, \"log\": true}}"}
{"op_code":6,"worker_id":"e3227a37-4d98-452b-9b2d-341670e79744-23456247935296","trial_id":747,"state":3,"values":null,"datetime_complete":"2026-07-27T14:01:45.034131"}
{"op_code":0,"worker_id":"32cd7d73-7784-44f8-949f-a4495cdbb694-23456247935296","study_name":"peter_mnist_k3","directions":[2]}
{"op_code":4,"worker_id":"32cd7d73-7784-44f8-949f-a4495cdbb694-23456247935296","study_id":0,"datetime_start":"2026-07-27T14:01:45.144018"}
{"op_code":9,"worker_id":"32cd7d73-7784-44f8-949f-a4495cdbb694-23456247935296","trial_id":803,"system_attr":{"tpe:relative_params:0":"{\"lr\": 6.868753213704174e-06, \"ratio\": 0.1693181166773813}"}}
{"op_code":5,"worker_id":"32cd7d73-7784-44f8-949f-a4495cdbb694-23456247935296","trial_id":803,"param_name":"lr","param_value_internal":6.868753213704174e-06,"distribution":"{\"name\": \"FloatDistribution\", \"attributes\": {\"step\": null, \"low\": 1e-08, \"high\": 0.5, \"log\": true}}"}
{"op_code":5,"worker_id":"32cd7d73-7784-44f8-949f-a4495cdbb694-23456247935296","trial_id":803,"param_name":"ratio","param_value_internal":0.1693181166773813,"distribution":"{\"name\": \"FloatDistribution\", \"attributes\": {\"step\": null, \"low\": 0.1, \"high\": 100.0, \"log\": true}}"}
{"op_code":6,"worker_id":"7f57ac10-149e-43e1-a2fd-2672e9e6a35c-23456247935296","trial_id":768,"state":3,"values":null,"datetime_complete":"2026-07-27T14:01:56.153680"}
{"op_code":0,"worker_id":"99d8a801-b0b5-4d06-bf0c-ee04eb43712e-23456247935296","study_name":"peter_mnist_k3","directions":[2]}
{"op_code":4,"worker_id":"99d8a801-b0b5-4d06-bf0c-ee04eb43712e-23456247935296","study_id":0,"datetime_start":"2026-07-27T14:01:56.289244"}
{"op_code":9,"worker_id":"99d8a801-b0b5-4d06-bf0c-ee04eb43712e-23456247935296","trial_id":804,"system_attr":{"tpe:relative_params:0":"{\"lr\": 3.1429436943152064e-05, \"ratio\": 17.689063208786934}"}}
{"op_code":5,"worker_id":"99d8a801-b0b5-4d06-bf0c-ee04eb43712e-23456247935296","trial_id":804,"param_name":"lr","param_value_internal":3.1429436943152064e-05,"distribution":"{\"name\": \"FloatDistribution\", \"attributes\": {\"step\": null, \"low\": 1e-08, \"high\": 0.5, \"log\": true}}"}
{"op_code":5,"worker_id":"99d8a801-b0b5-4d06-bf0c-ee04eb43712e-23456247935296","trial_id":804,"param_name":"ratio","param_value_internal":17.689063208786934,"distribution":"{\"name\": \"FloatDistribution\", \"attributes\": {\"step\": null, \"low\": 0.1, \"high\": 100.0, \"log\": true}}"}
{"op_code":6,"worker_id":"04f30e00-1488-4adb-a0cb-c588e34fc3d9-23456247935296","trial_id":750,"state":3,"values":null,"datetime_complete":"2026-07-27T14:02:10.604572"}
{"op_code":0,"worker_id":"a7b9636f-6c4d-4c54-8896-93578a26a1ca-23456247935296","study_name":"peter_mnist_k3","directions":[2]}
{"op_code":4,"worker_id":"a7b9636f-6c4d-4c54-8896-93578a26a1ca-23456247935296","study_id":0,"datetime_start":"2026-07-27T14:02:11.054761"}
{"op_code":9,"worker_id":"a7b9636f-6c4d-4c54-8896-93578a26a1ca-23456247935296","trial_id":805,"system_attr":{"tpe:relative_params:0":"{\"lr\": 2.6912918044433386e-06, \"ratio\": 7.108214574492027}"}}
{"op_code":5,"worker_id":"a7b9636f-6c4d-4c54-8896-93578a26a1ca-23456247935296","trial_id":805,"param_name":"lr","param_value_internal":2.6912918044433386e-06,"distribution":"{\"name\": \"FloatDistribution\", \"attributes\": {\"step\": null, \"low\": 1e-08, \"high\": 0.5, \"log\": true}}"}
{"op_code":5,"worker_id":"a7b9636f-6c4d-4c54-8896-93578a26a1ca-23456247935296","trial_id":805,"param_name":"ratio","param_value_internal":7.108214574492027,"distribution":"{\"name\": \"FloatDistribution\", \"attributes\": {\"step\": null, \"low\": 0.1, \"high\": 100.0, \"log\": true}}"}
{"op_code":6,"worker_id":"80640d06-c23f-49a9-9914-3e34fe31e195-23456247935296","trial_id":758,"state":3,"values":null,"datetime_complete":"2026-07-27T14:02:25.616737"}
{"op_code":0,"worker_id":"502b03aa-fb0b-4910-bd76-192d2439074c-23456247935296","study_name":"peter_mnist_k3","directions":[2]}
{"op_code":4,"worker_id":"502b03aa-fb0b-4910-bd76-192d2439074c-23456247935296","study_id":0,"datetime_start":"2026-07-27T14:02:26.394168"}
{"op_code":9,"worker_id":"502b03aa-fb0b-4910-bd76-192d2439074c-23456247935296","trial_id":806,"system_attr":{"tpe:relative_params:0":"{\"lr\": 5.420021553970879e-06, \"ratio\": 99.11794557938536}"}}
{"op_code":5,"worker_id":"502b03aa-fb0b-4910-bd76-192d2439074c-23456247935296","trial_id":806,"param_name":"lr","param_value_internal":5.420021553970879e-06,"distribution":"{\"name\": \"FloatDistribution\", \"attributes\": {\"step\": null, \"low\": 1e-08, \"high\": 0.5, \"log\": true}}"}
{"op_code":5,"worker_id":"502b03aa-fb0b-4910-bd76-192d2439074c-23456247935296","trial_id":806,"param_name":"ratio","param_value_internal":99.11794557938536,"distribution":"{\"name\": \"FloatDistribution\", \"attributes\": {\"step\": null, \"low\": 0.1, \"high\": 100.0, \"log\": true}}"}
{"op_code":6,"worker_id":"fd3b217b-6a83-44d5-8f79-2320ef7d818c-23456247935296","trial_id":612,"state":1,"values":[-3545.508300882256],"datetime_complete":"2026-07-27T14:03:24.662550"}
{"op_code":0,"worker_id":"c40cbf72-786e-4d86-a3c6-31deb8d277b3-23456247935296","study_name":"peter_mnist_k3","directions":[2]}
{"op_code":4,"worker_id":"c40cbf72-786e-4d86-a3c6-31deb8d277b3-23456247935296","study_id":0,"datetime_start":"2026-07-27T14:03:24.775766"}
{"op_code":9,"worker_id":"c40cbf72-786e-4d86-a3c6-31deb8d277b3-23456247935296","trial_id":807,"system_attr":{"tpe:relative_params:0":"{\"lr\": 5.0845138032125845e-06, \"ratio\": 0.4285473911169652}"}}
{"op_code":5,"worker_id":"c40cbf72-786e-4d86-a3c6-31deb8d277b3-23456247935296","trial_id":807,"param_name":"lr","param_value_internal":5.0845138032125845e-06,"distribution":"{\"name\": \"FloatDistribution\", \"attributes\": {\"step\": null, \"low\": 1e-08, \"high\": 0.5, \"log\": true}}"}
{"op_code":5,"worker_id":"c40cbf72-786e-4d86-a3c6-31deb8d277b3-23456247935296","trial_id":807,"param_name":"ratio","param_value_internal":0.4285473911169652,"distribution":"{\"name\": \"FloatDistribution\", \"attributes\": {\"step\": null, \"low\": 0.1, \"high\": 100.0, \"log\": true}}"}
{"op_code":6,"worker_id":"6e278732-660a-4d5d-b79b-ce171d824df1-23456247935296","trial_id":743,"state":3,"values":null,"datetime_complete":"2026-07-27T14:03:29.102360"}
{"op_code":0,"worker_id":"f90fe432-8487-45bd-be88-485f489b85c4-23456247935296","study_name":"peter_mnist_k3","directions":[2]}
{"op_code":4,"worker_id":"f90fe432-8487-45bd-be88-485f489b85c4-23456247935296","study_id":0,"datetime_start":"2026-07-27T14:03:29.384041"}
{"op_code":9,"worker_id":"f90fe432-8487-45bd-be88-485f489b85c4-23456247935296","trial_id":808,"system_attr":{"tpe:relative_params:0":"{\"lr\": 2.927580708496071e-05, \"ratio\": 2.1731576826740087}"}}
{"op_code":5,"worker_id":"f90fe432-8487-45bd-be88-485f489b85c4-23456247935296","trial_id":808,"param_name":"lr","param_value_internal":2.927580708496071e-05,"distribution":"{\"name\": \"FloatDistribution\", \"attributes\": {\"step\": null, \"low\": 1e-08, \"high\": 0.5, \"log\": true}}"}
{"op_code":5,"worker_id":"f90fe432-8487-45bd-be88-485f489b85c4-23456247935296","trial_id":808,"param_name":"ratio","param_value_internal":2.1731576826740087,"distribution":"{\"name\": \"FloatDistribution\", \"attributes\": {\"step\": null, \"low\": 0.1, \"high\": 100.0, \"log\": true}}"}
{"op_code":6,"worker_id":"d454dad2-1557-424e-a99d-fd8819d30180-23456247935296","trial_id":748,"state":3,"values":null,"datetime_complete":"2026-07-27T14:03:47.871968"}
{"op_code":0,"worker_id":"917e410e-3bb6-4266-8682-eb31b8eccd97-23456247935296","study_name":"peter_mnist_k3","directions":[2]}
{"op_code":4,"worker_id":"917e410e-3bb6-4266-8682-eb31b8eccd97-23456247935296","study_id":0,"datetime_start":"2026-07-27T14:03:47.959770"}
{"op_code":9,"worker_id":"917e410e-3bb6-4266-8682-eb31b8eccd97-23456247935296","trial_id":809,"system_attr":{"tpe:relative_params:0":"{\"lr\": 4.7180251367425334e-05, \"ratio\": 9.169777431673946}"}}
{"op_code":5,"worker_id":"917e410e-3bb6-4266-8682-eb31b8eccd97-23456247935296","trial_id":809,"param_name":"lr","param_value_internal":4.7180251367425334e-05,"distribution":"{\"name\": \"FloatDistribution\", \"attributes\": {\"step\": null, \"low\": 1e-08, \"high\": 0.5, \"log\": true}}"}
{"op_code":5,"worker_id":"917e410e-3bb6-4266-8682-eb31b8eccd97-23456247935296","trial_id":809,"param_name":"ratio","param_value_internal":9.169777431673946,"distribution":"{\"name\": \"FloatDistribution\", \"attributes\": {\"step\": null, \"low\": 0.1, \"high\": 100.0, \"log\": true}}"}
{"op_code":6,"worker_id":"a41f3a4f-5435-46c3-a8b3-8f20e1d8efc5-23456247935296","trial_id":736,"state":3,"values":null,"datetime_complete":"2026-07-27T14:04:06.118553"}
{"op_code":0,"worker_id":"26da0212-795e-4d85-a1c0-55322773af36-23456247935296","study_name":"peter_mnist_k3","directions":[2]}
{"op_code":4,"worker_id":"26da0212-795e-4d85-a1c0-55322773af36-23456247935296","study_id":0,"datetime_start":"2026-07-27T14:04:06.247397"}
{"op_code":9,"worker_id":"26da0212-795e-4d85-a1c0-55322773af36-23456247935296","trial_id":810,"system_attr":{"tpe:relative_params:0":"{\"lr\": 4.806035165241946e-06, \"ratio\": 38.87450300271818}"}}
{"op_code":5,"worker_id":"26da0212-795e-4d85-a1c0-55322773af36-23456247935296","trial_id":810,"param_name":"lr","param_value_internal":4.806035165241946e-06,"distribution":"{\"name\": \"FloatDistribution\", \"attributes\": {\"step\": null, \"low\": 1e-08, \"high\": 0.5, \"log\": true}}"}
{"op_code":5,"worker_id":"26da0212-795e-4d85-a1c0-55322773af36-23456247935296","trial_id":810,"param_name":"ratio","param_value_internal":38.87450300271818,"distribution":"{\"name\": \"FloatDistribution\", \"attributes\": {\"step\": null, \"low\": 0.1, \"high\": 100.0, \"log\": true}}"}
{"op_code":6,"worker_id":"d6d789f0-54db-40d8-a004-32ba303c3098-23456247935296","trial_id":708,"state":3,"values":null,"datetime_complete":"2026-07-27T14:04:15.042536"}
{"op_code":0,"worker_id":"1590f437-c57a-4377-ad80-3b40a884219e-23456247935296","study_name":"peter_mnist_k3","directions":[2]}
{"op_code":4,"worker_id":"1590f437-c57a-4377-ad80-3b40a884219e-23456247935296","study_id":0,"datetime_start":"2026-07-27T14:04:15.195310"}
{"op_code":9,"worker_id":"1590f437-c57a-4377-ad80-3b40a884219e-23456247935296","trial_id":811,"system_attr":{"tpe:relative_params:0":"{\"lr\": 1.9409068881015532e-06, \"ratio\": 0.8507563463083754}"}}
{"op_code":5,"worker_id":"1590f437-c57a-4377-ad80-3b40a884219e-23456247935296","trial_id":811,"param_name":"lr","param_value_internal":1.9409068881015532e-06,"distribution":"{\"name\": \"FloatDistribution\", \"attributes\": {\"step\": null, \"low\": 1e-08, \"high\": 0.5, \"log\": true}}"}
{"op_code":5,"worker_id":"1590f437-c57a-4377-ad80-3b40a884219e-23456247935296","trial_id":811,"param_name":"ratio","param_value_internal":0.8507563463083754,"distribution":"{\"name\": \"FloatDistribution\", \"attributes\": {\"step\": null, \"low\": 0.1, \"high\": 100.0, \"log\": true}}"}
{"op_code":6,"worker_id":"83b40d04-4f09-4ac2-a85a-a31d8617e2d5-23456247935296","trial_id":762,"state":3,"values":null,"datetime_complete":"2026-07-27T14:04:23.539113"}
{"op_code":0,"worker_id":"99215ffd-de28-4973-b634-3c8ae4b4547c-23456247935296","study_name":"peter_mnist_k3","directions":[2]}
{"op_code":4,"worker_id":"99215ffd-de28-4973-b634-3c8ae4b4547c-23456247935296","study_id":0,"datetime_start":"2026-07-27T14:04:23.670164"}
{"op_code":9,"worker_id":"99215ffd-de28-4973-b634-3c8ae4b4547c-23456247935296","trial_id":812,"system_attr":{"tpe:relative_params:0":"{\"lr\": 2.442874639444066e-06, \"ratio\": 23.85530063156684}"}}
{"op_code":5,"worker_id":"99215ffd-de28-4973-b634-3c8ae4b4547c-23456247935296","trial_id":812,"param_name":"lr","param_value_internal":2.442874639444066e-06,"distribution":"{\"name\": \"FloatDistribution\", \"attributes\": {\"step\": null, \"low\": 1e-08, \"high\": 0.5, \"log\": true}}"}
{"op_code":5,"worker_id":"99215ffd-de28-4973-b634-3c8ae4b4547c-23456247935296","trial_id":812,"param_name":"ratio","param_value_internal":23.85530063156684,"distribution":"{\"name\": \"FloatDistribution\", \"attributes\": {\"step\": null, \"low\": 0.1, \"high\": 100.0, \"log\": true}}"}
{"op_code":6,"worker_id":"cdf07557-5fcf-4095-9683-acd21e3c5f7a-23456247935296","trial_id":773,"state":3,"values":null,"datetime_complete":"2026-07-27T14:04:25.522813"}
{"op_code":0,"worker_id":"d3d700d7-e1aa-4fbb-9a2f-9821ad8789dc-23456247935296","study_name":"peter_mnist_k3","directions":[2]}
{"op_code":4,"worker_id":"d3d700d7-e1aa-4fbb-9a2f-9821ad8789dc-23456247935296","study_id":0,"datetime_start":"2026-07-27T14:04:25.601035"}
{"op_code":9,"worker_id":"d3d700d7-e1aa-4fbb-9a2f-9821ad8789dc-23456247935296","trial_id":813,"system_attr":{"tpe:relative_params:0":"{\"lr\": 1.2086222907709742e-05, \"ratio\": 0.4152268297125107}"}}
{"op_code":5,"worker_id":"d3d700d7-e1aa-4fbb-9a2f-9821ad8789dc-23456247935296","trial_id":813,"param_name":"lr","param_value_internal":1.2086222907709742e-05,"distribution":"{\"name\": \"FloatDistribution\", \"attributes\": {\"step\": null, \"low\": 1e-08, \"high\": 0.5, \"log\": true}}"}
{"op_code":5,"worker_id":"d3d700d7-e1aa-4fbb-9a2f-9821ad8789dc-23456247935296","trial_id":813,"param_name":"ratio","param_value_internal":0.4152268297125107,"distribution":"{\"name\": \"FloatDistribution\", \"attributes\": {\"step\": null, \"low\": 0.1, \"high\": 100.0, \"log\": true}}"}
{"op_code":6,"worker_id":"c49972d2-cf94-479b-a15e-c7117c9ed781-23456247935296","trial_id":741,"state":3,"values":null,"datetime_complete":"2026-07-27T14:06:12.882084"}
{"op_code":0,"worker_id":"6d9481d2-7812-4a7d-9b8a-27c820848ba9-23456247935296","study_name":"peter_mnist_k3","directions":[2]}
{"op_code":4,"worker_id":"6d9481d2-7812-4a7d-9b8a-27c820848ba9-23456247935296","study_id":0,"datetime_start":"2026-07-27T14:06:13.043363"}
{"op_code":9,"worker_id":"6d9481d2-7812-4a7d-9b8a-27c820848ba9-23456247935296","trial_id":814,"system_attr":{"tpe:relative_params:0":"{\"lr\": 1.695185611484788e-05, \"ratio\": 0.43782956383527366}"}}
{"op_code":5,"worker_id":"6d9481d2-7812-4a7d-9b8a-27c820848ba9-23456247935296","trial_id":814,"param_name":"lr","param_value_internal":1.695185611484788e-05,"distribution":"{\"name\": \"FloatDistribution\", \"attributes\": {\"step\": null, \"low\": 1e-08, \"high\": 0.5, \"log\": true}}"}
{"op_code":5,"worker_id":"6d9481d2-7812-4a7d-9b8a-27c820848ba9-23456247935296","trial_id":814,"param_name":"ratio","param_value_internal":0.43782956383527366,"distribution":"{\"name\": \"FloatDistribution\", \"attributes\": {\"step\": null, \"low\": 0.1, \"high\": 100.0, \"log\": true}}"}
{"op_code":6,"worker_id":"eb462cab-89b7-4bb9-93be-116e91d91aee-23456247935296","trial_id":582,"state":1,"values":[-3541.9756566367164],"datetime_complete":"2026-07-27T14:06:35.430417"}
{"op_code":0,"worker_id":"b88f97ea-a422-41f4-93ae-dc4cb3ebefab-23456247935296","study_name":"peter_mnist_k3","directions":[2]}
{"op_code":4,"worker_id":"b88f97ea-a422-41f4-93ae-dc4cb3ebefab-23456247935296","study_id":0,"datetime_start":"2026-07-27T14:06:35.642323"}
{"op_code":9,"worker_id":"b88f97ea-a422-41f4-93ae-dc4cb3ebefab-23456247935296","trial_id":815,"system_attr":{"tpe:relative_params:0":"{\"lr\": 1.2765863172493797e-05, \"ratio\": 43.99473117283697}"}}
{"op_code":5,"worker_id":"b88f97ea-a422-41f4-93ae-dc4cb3ebefab-23456247935296","trial_id":815,"param_name":"lr","param_value_internal":1.2765863172493797e-05,"distribution":"{\"name\": \"FloatDistribution\", \"attributes\": {\"step\": null, \"low\": 1e-08, \"high\": 0.5, \"log\": true}}"}
{"op_code":5,"worker_id":"b88f97ea-a422-41f4-93ae-dc4cb3ebefab-23456247935296","trial_id":815,"param_name":"ratio","param_value_internal":43.99473117283697,"distribution":"{\"name\": \"FloatDistribution\", \"attributes\": {\"step\": null, \"low\": 0.1, \"high\": 100.0, \"log\": true}}"}
{"op_code":6,"worker_id":"42651178-80e6-4073-9dfa-82421819cc31-23456247935296","trial_id":583,"state":1,"values":[-3479.180652768856],"datetime_complete":"2026-07-27T14:06:43.786328"}
{"op_code":0,"worker_id":"8cb89873-862e-4306-88e8-9549c5ae643f-23456247935296","study_name":"peter_mnist_k3","directions":[2]}
{"op_code":4,"worker_id":"8cb89873-862e-4306-88e8-9549c5ae643f-23456247935296","study_id":0,"datetime_start":"2026-07-27T14:06:43.934439"}
{"op_code":9,"worker_id":"8cb89873-862e-4306-88e8-9549c5ae643f-23456247935296","trial_id":816,"system_attr":{"tpe:relative_params:0":"{\"lr\": 2.802754817943899e-06, \"ratio\": 0.7756870223258888}"}}
{"op_code":5,"worker_id":"8cb89873-862e-4306-88e8-9549c5ae643f-23456247935296","trial_id":816,"param_name":"lr","param_value_internal":2.802754817943899e-06,"distribution":"{\"name\": \"FloatDistribution\", \"attributes\": {\"step\": null, \"low\": 1e-08, \"high\": 0.5, \"log\": true}}"}
{"op_code":5,"worker_id":"8cb89873-862e-4306-88e8-9549c5ae643f-23456247935296","trial_id":816,"param_name":"ratio","param_value_internal":0.7756870223258888,"distribution":"{\"name\": \"FloatDistribution\", \"attributes\": {\"step\": null, \"low\": 0.1, \"high\": 100.0, \"log\": true}}"}
{"op_code":6,"worker_id":"7f0b3787-1c53-455c-bfdd-1abf95132112-23456247935296","trial_id":584,"state":1,"values":[-3445.006227075353],"datetime_complete":"2026-07-27T14:06:59.698890"}
{"op_code":0,"worker_id":"6e1fbc1b-a84d-46b4-96ca-2e4543e063d3-23456247935296","study_name":"peter_mnist_k3","directions":[2]}
{"op_code":4,"worker_id":"6e1fbc1b-a84d-46b4-96ca-2e4543e063d3-23456247935296","study_id":0,"datetime_start":"2026-07-27T14:06:59.811001"}
{"op_code":9,"worker_id":"6e1fbc1b-a84d-46b4-96ca-2e4543e063d3-23456247935296","trial_id":817,"system_attr":{"tpe:relative_params:0":"{\"lr\": 8.334291307323402e-07, \"ratio\": 20.75507729481897}"}}
{"op_code":5,"worker_id":"6e1fbc1b-a84d-46b4-96ca-2e4543e063d3-23456247935296","trial_id":817,"param_name":"lr","param_value_internal":8.334291307323402e-07,"distribution":"{\"name\": \"FloatDistribution\", \"attributes\": {\"step\": null, \"low\": 1e-08, \"high\": 0.5, \"log\": true}}"}
{"op_code":5,"worker_id":"6e1fbc1b-a84d-46b4-96ca-2e4543e063d3-23456247935296","trial_id":817,"param_name":"ratio","param_value_internal":20.75507729481897,"distribution":"{\"name\": \"FloatDistribution\", \"attributes\": {\"step\": null, \"low\": 0.1, \"high\": 100.0, \"log\": true}}"}
{"op_code":6,"worker_id":"16e7497b-1440-4557-bfb1-813cc3833714-23456247935296","trial_id":586,"state":1,"values":[-3485.838805555769],"datetime_complete":"2026-07-27T14:07:07.332188"}
{"op_code":0,"worker_id":"7c396961-5e8c-4ba2-b28e-0dd0835e4d7f-23456247935296","study_name":"peter_mnist_k3","directions":[2]}
{"op_code":4,"worker_id":"7c396961-5e8c-4ba2-b28e-0dd0835e4d7f-23456247935296","study_id":0,"datetime_start":"2026-07-27T14:07:07.457418"}
{"op_code":9,"worker_id":"7c396961-5e8c-4ba2-b28e-0dd0835e4d7f-23456247935296","trial_id":818,"system_attr":{"tpe:relative_params:0":"{\"lr\": 1.874831318539689e-06, \"ratio\": 35.87686915191608}"}}
{"op_code":5,"worker_id":"7c396961-5e8c-4ba2-b28e-0dd0835e4d7f-23456247935296","trial_id":818,"param_name":"lr","param_value_internal":1.874831318539689e-06,"distribution":"{\"name\": \"FloatDistribution\", \"attributes\": {\"step\": null, \"low\": 1e-08, \"high\": 0.5, \"log\": true}}"}
{"op_code":5,"worker_id":"7c396961-5e8c-4ba2-b28e-0dd0835e4d7f-23456247935296","trial_id":818,"param_name":"ratio","param_value_internal":35.87686915191608,"distribution":"{\"name\": \"FloatDistribution\", \"attributes\": {\"step\": null, \"low\": 0.1, \"high\": 100.0, \"log\": true}}"}
{"op_code":6,"worker_id":"d0a78b2f-8292-49ad-82d7-312751693f8a-23456247935296","trial_id":585,"state":1,"values":[-3464.950751215685],"datetime_complete":"2026-07-27T14:07:08.722760"}
{"op_code":0,"worker_id":"10599ecf-6e3a-4573-9ef3-0fab7e4ad261-23456247935296","study_name":"peter_mnist_k3","directions":[2]}
{"op_code":4,"worker_id":"10599ecf-6e3a-4573-9ef3-0fab7e4ad261-23456247935296","study_id":0,"datetime_start":"2026-07-27T14:07:08.798616"}
{"op_code":9,"worker_id":"10599ecf-6e3a-4573-9ef3-0fab7e4ad261-23456247935296","trial_id":819,"system_attr":{"tpe:relative_params:0":"{\"lr\": 1.0707605957525999e-06, \"ratio\": 24.192878044522207}"}}
{"op_code":5,"worker_id":"10599ecf-6e3a-4573-9ef3-0fab7e4ad261-23456247935296","trial_id":819,"param_name":"lr","param_value_internal":1.0707605957525999e-06,"distribution":"{\"name\": \"FloatDistribution\", \"attributes\": {\"step\": null, \"low\": 1e-08, \"high\": 0.5, \"log\": true}}"}
{"op_code":5,"worker_id":"10599ecf-6e3a-4573-9ef3-0fab7e4ad261-23456247935296","trial_id":819,"param_name":"ratio","param_value_internal":24.192878044522207,"distribution":"{\"name\": \"FloatDistribution\", \"attributes\": {\"step\": null, \"low\": 0.1, \"high\": 100.0, \"log\": true}}"}
{"op_code":6,"worker_id":"a86f7e3b-c0b7-4e70-a1b5-cb8ad55246d0-23456247935296","trial_id":770,"state":3,"values":null,"datetime_complete":"2026-07-27T14:07:12.629701"}
{"op_code":0,"worker_id":"f12f2625-b23e-46ea-afc4-c18b1f1d6ac0-23456247935296","study_name":"peter_mnist_k3","directions":[2]}
{"op_code":4,"worker_id":"f12f2625-b23e-46ea-afc4-c18b1f1d6ac0-23456247935296","study_id":0,"datetime_start":"2026-07-27T14:07:12.739129"}
{"op_code":9,"worker_id":"f12f2625-b23e-46ea-afc4-c18b1f1d6ac0-23456247935296","trial_id":820,"system_attr":{"tpe:relative_params:0":"{\"lr\": 0.13933254886657281, \"ratio\": 0.23244563470080307}"}}
{"op_code":5,"worker_id":"f12f2625-b23e-46ea-afc4-c18b1f1d6ac0-23456247935296","trial_id":820,"param_name":"lr","param_value_internal":0.13933254886657281,"distribution":"{\"name\": \"FloatDistribution\", \"attributes\": {\"step\": null, \"low\": 1e-08, \"high\": 0.5, \"log\": true}}"}
{"op_code":5,"worker_id":"f12f2625-b23e-46ea-afc4-c18b1f1d6ac0-23456247935296","trial_id":820,"param_name":"ratio","param_value_internal":0.23244563470080307,"distribution":"{\"name\": \"FloatDistribution\", \"attributes\": {\"step\": null, \"low\": 0.1, \"high\": 100.0, \"log\": true}}"}
{"op_code":6,"worker_id":"57e947ed-59f9-4d5f-9cbd-299f27e9ee78-23456247935296","trial_id":771,"state":3,"values":null,"datetime_complete":"2026-07-27T14:07:32.482334"}
{"op_code":0,"worker_id":"2bc0dae2-f93b-4f0e-89a4-1cd8cdbcb1cb-23456247935296","study_name":"peter_mnist_k3","directions":[2]}
{"op_code":4,"worker_id":"2bc0dae2-f93b-4f0e-89a4-1cd8cdbcb1cb-23456247935296","study_id":0,"datetime_start":"2026-07-27T14:07:32.560700"}
{"op_code":9,"worker_id":"2bc0dae2-f93b-4f0e-89a4-1cd8cdbcb1cb-23456247935296","trial_id":821,"system_attr":{"tpe:relative_params:0":"{\"lr\": 2.5201378783909314e-07, \"ratio\": 36.76191730577187}"}}
{"op_code":5,"worker_id":"2bc0dae2-f93b-4f0e-89a4-1cd8cdbcb1cb-23456247935296","trial_id":821,"param_name":"lr","param_value_internal":2.5201378783909314e-07,"distribution":"{\"name\": \"FloatDistribution\", \"attributes\": {\"step\": null, \"low\": 1e-08, \"high\": 0.5, \"log\": true}}"}
{"op_code":5,"worker_id":"2bc0dae2-f93b-4f0e-89a4-1cd8cdbcb1cb-23456247935296","trial_id":821,"param_name":"ratio","param_value_internal":36.76191730577187,"distribution":"{\"name\": \"FloatDistribution\", \"attributes\": {\"step\": null, \"low\": 0.1, \"high\": 100.0, \"log\": true}}"}
{"op_code":6,"worker_id":"8140ed68-b369-44fb-bdbd-b8fcc4577b61-23456247935296","trial_id":772,"state":3,"values":null,"datetime_complete":"2026-07-27T14:07:37.567154"}
{"op_code":0,"worker_id":"6c83f790-7193-4abc-9366-220bffe6741f-23456247935296","study_name":"peter_mnist_k3","directions":[2]}
{"op_code":4,"worker_id":"6c83f790-7193-4abc-9366-220bffe6741f-23456247935296","study_id":0,"datetime_start":"2026-07-27T14:07:37.659735"}
{"op_code":9,"worker_id":"6c83f790-7193-4abc-9366-220bffe6741f-23456247935296","trial_id":822,"system_attr":{"tpe:relative_params:0":"{\"lr\": 0.0005246270075874295, \"ratio\": 62.01235474109446}"}}
{"op_code":5,"worker_id":"6c83f790-7193-4abc-9366-220bffe6741f-23456247935296","trial_id":822,"param_name":"lr","param_value_internal":0.0005246270075874295,"distribution":"{\"name\": \"FloatDistribution\", \"attributes\": {\"step\": null, \"low\": 1e-08, \"high\": 0.5, \"log\": true}}"}
{"op_code":5,"worker_id":"6c83f790-7193-4abc-9366-220bffe6741f-23456247935296","trial_id":822,"param_name":"ratio","param_value_internal":62.01235474109446,"distribution":"{\"name\": \"FloatDistribution\", \"attributes\": {\"step\": null, \"low\": 0.1, \"high\": 100.0, \"log\": true}}"}
{"op_code":6,"worker_id":"2b68e929-424a-4ed2-ae1a-757541779f0f-23456247935296","trial_id":703,"state":3,"values":null,"datetime_complete":"2026-07-27T14:07:59.848810"}
{"op_code":0,"worker_id":"b804913b-63e1-4eeb-aa24-5f20554120ae-23456247935296","study_name":"peter_mnist_k3","directions":[2]}
{"op_code":4,"worker_id":"b804913b-63e1-4eeb-aa24-5f20554120ae-23456247935296","study_id":0,"datetime_start":"2026-07-27T14:08:00.019139"}
{"op_code":9,"worker_id":"b804913b-63e1-4eeb-aa24-5f20554120ae-23456247935296","trial_id":823,"system_attr":{"tpe:relative_params:0":"{\"lr\": 1.3640052409011135e-05, \"ratio\": 16.52759850273691}"}}
{"op_code":5,"worker_id":"b804913b-63e1-4eeb-aa24-5f20554120ae-23456247935296","trial_id":823,"param_name":"lr","param_value_internal":1.3640052409011135e-05,"distribution":"{\"name\": \"FloatDistribution\", \"attributes\": {\"step\": null, \"low\": 1e-08, \"high\": 0.5, \"log\": true}}"}
{"op_code":5,"worker_id":"b804913b-63e1-4eeb-aa24-5f20554120ae-23456247935296","trial_id":823,"param_name":"ratio","param_value_internal":16.52759850273691,"distribution":"{\"name\": \"FloatDistribution\", \"attributes\": {\"step\": null, \"low\": 0.1, \"high\": 100.0, \"log\": true}}"}
{"op_code":6,"worker_id":"7c7f756a-0dbb-41b4-a48f-876f84bd12c9-23456247935296","trial_id":589,"state":1,"values":[-3503.316379031984],"datetime_complete":"2026-07-27T14:08:11.330781"}
{"op_code":0,"worker_id":"d506a5c4-0194-4ea4-97b3-589a7d265191-23456247935296","study_name":"peter_mnist_k3","directions":[2]}
{"op_code":4,"worker_id":"d506a5c4-0194-4ea4-97b3-589a7d265191-23456247935296","study_id":0,"datetime_start":"2026-07-27T14:08:11.504675"}
{"op_code":9,"worker_id":"d506a5c4-0194-4ea4-97b3-589a7d265191-23456247935296","trial_id":824,"system_attr":{"tpe:relative_params:0":"{\"lr\": 4.16780860994451e-06, \"ratio\": 9.752050289883638}"}}
{"op_code":5,"worker_id":"d506a5c4-0194-4ea4-97b3-589a7d265191-23456247935296","trial_id":824,"param_name":"lr","param_value_internal":4.16780860994451e-06,"distribution":"{\"name\": \"FloatDistribution\", \"attributes\": {\"step\": null, \"low\": 1e-08, \"high\": 0.5, \"log\": true}}"}
{"op_code":5,"worker_id":"d506a5c4-0194-4ea4-97b3-589a7d265191-23456247935296","trial_id":824,"param_name":"ratio","param_value_internal":9.752050289883638,"distribution":"{\"name\": \"FloatDistribution\", \"attributes\": {\"step\": null, \"low\": 0.1, \"high\": 100.0, \"log\": true}}"}
{"op_code":6,"worker_id":"6e080831-fb71-422b-b104-e152f1d5cd6c-23456247935296","trial_id":737,"state":3,"values":null,"datetime_complete":"2026-07-27T14:08:13.598660"}
{"op_code":0,"worker_id":"7257d064-1580-4e08-bff3-a242cad87555-23456247935296","study_name":"peter_mnist_k3","directions":[2]}
{"op_code":4,"worker_id":"7257d064-1580-4e08-bff3-a242cad87555-23456247935296","study_id":0,"datetime_start":"2026-07-27T14:08:13.703504"}
{"op_code":9,"worker_id":"7257d064-1580-4e08-bff3-a242cad87555-23456247935296","trial_id":825,"system_attr":{"tpe:relative_params:0":"{\"lr\": 2.130797733718813e-07, \"ratio\": 24.27069703315656}"}}
{"op_code":5,"worker_id":"7257d064-1580-4e08-bff3-a242cad87555-23456247935296","trial_id":825,"param_name":"lr","param_value_internal":2.130797733718813e-07,"distribution":"{\"name\": \"FloatDistribution\", \"attributes\": {\"step\": null, \"low\": 1e-08, \"high\": 0.5, \"log\": true}}"}
{"op_code":5,"worker_id":"7257d064-1580-4e08-bff3-a242cad87555-23456247935296","trial_id":825,"param_name":"ratio","param_value_internal":24.27069703315656,"distribution":"{\"name\": \"FloatDistribution\", \"attributes\": {\"step\": null, \"low\": 0.1, \"high\": 100.0, \"log\": true}}"}
{"op_code":6,"worker_id":"d21e529e-81d5-44a3-92d5-22cf634bc2c5-23456247935296","trial_id":781,"state":3,"values":null,"datetime_complete":"2026-07-27T14:08:25.290365"}
{"op_code":0,"worker_id":"5becad04-ebed-4e6b-8ff1-25ea00468f7f-23456247935296","study_name":"peter_mnist_k3","directions":[2]}
{"op_code":4,"worker_id":"5becad04-ebed-4e6b-8ff1-25ea00468f7f-23456247935296","study_id":0,"datetime_start":"2026-07-27T14:08:25.417302"}
{"op_code":9,"worker_id":"5becad04-ebed-4e6b-8ff1-25ea00468f7f-23456247935296","trial_id":826,"system_attr":{"tpe:relative_params:0":"{\"lr\": 3.291226106104643e-06, \"ratio\": 35.89793564351504}"}}
{"op_code":5,"worker_id":"5becad04-ebed-4e6b-8ff1-25ea00468f7f-23456247935296","trial_id":826,"param_name":"lr","param_value_internal":3.291226106104643e-06,"distribution":"{\"name\": \"FloatDistribution\", \"attributes\": {\"step\": null, \"low\": 1e-08, \"high\": 0.5, \"log\": true}}"}
{"op_code":5,"worker_id":"5becad04-ebed-4e6b-8ff1-25ea00468f7f-23456247935296","trial_id":826,"param_name":"ratio","param_value_internal":35.89793564351504,"distribution":"{\"name\": \"FloatDistribution\", \"attributes\": {\"step\": null, \"low\": 0.1, \"high\": 100.0, \"log\": true}}"}
{"op_code":6,"worker_id":"82da579b-6467-4d1c-8307-e2207a7bceef-23456247935296","trial_id":596,"state":1,"values":[-3468.891504344758],"datetime_complete":"2026-07-27T14:10:07.403144"}
{"op_code":0,"worker_id":"c36b89e6-44af-47f3-818b-a3eebddf37b1-23456247935296","study_name":"peter_mnist_k3","directions":[2]}
{"op_code":4,"worker_id":"c36b89e6-44af-47f3-818b-a3eebddf37b1-23456247935296","study_id":0,"datetime_start":"2026-07-27T14:10:07.492899"}
{"op_code":9,"worker_id":"c36b89e6-44af-47f3-818b-a3eebddf37b1-23456247935296","trial_id":827,"system_attr":{"tpe:relative_params:0":"{\"lr\": 1.2103636992954097e-06, \"ratio\": 96.21646623314027}"}}
{"op_code":5,"worker_id":"c36b89e6-44af-47f3-818b-a3eebddf37b1-23456247935296","trial_id":827,"param_name":"lr","param_value_internal":1.2103636992954097e-06,"distribution":"{\"name\": \"FloatDistribution\", \"attributes\": {\"step\": null, \"low\": 1e-08, \"high\": 0.5, \"log\": true}}"}
{"op_code":5,"worker_id":"c36b89e6-44af-47f3-818b-a3eebddf37b1-23456247935296","trial_id":827,"param_name":"ratio","param_value_internal":96.21646623314027,"distribution":"{\"name\": \"FloatDistribution\", \"attributes\": {\"step\": null, \"low\": 0.1, \"high\": 100.0, \"log\": true}}"}
{"op_code":6,"worker_id":"18891b78-f324-4621-99e2-c08d34c8ee77-23456247935296","trial_id":761,"state":3,"values":null,"datetime_complete":"2026-07-27T14:10:38.407119"}
{"op_code":0,"worker_id":"fd45da8b-5fb0-4c40-8283-b35bf1e64d55-23456247935296","study_name":"peter_mnist_k3","directions":[2]}
{"op_code":4,"worker_id":"fd45da8b-5fb0-4c40-8283-b35bf1e64d55-23456247935296","study_id":0,"datetime_start":"2026-07-27T14:10:38.518758"}
{"op_code":9,"worker_id":"fd45da8b-5fb0-4c40-8283-b35bf1e64d55-23456247935296","trial_id":828,"system_attr":{"tpe:relative_params:0":"{\"lr\": 5.393814259287668e-07, \"ratio\": 99.31268494798962}"}}
{"op_code":5,"worker_id":"fd45da8b-5fb0-4c40-8283-b35bf1e64d55-23456247935296","trial_id":828,"param_name":"lr","param_value_internal":5.393814259287668e-07,"distribution":"{\"name\": \"FloatDistribution\", \"attributes\": {\"step\": null, \"low\": 1e-08, \"high\": 0.5, \"log\": true}}"}
{"op_code":5,"worker_id":"fd45da8b-5fb0-4c40-8283-b35bf1e64d55-23456247935296","trial_id":828,"param_name":"ratio","param_value_internal":99.31268494798962,"distribution":"{\"name\": \"FloatDistribution\", \"attributes\": {\"step\": null, \"low\": 0.1, \"high\": 100.0, \"log\": true}}"}
{"op_code":6,"worker_id":"897b8ac0-1038-4416-bd7e-1e0efb63ec6d-23456247935296","trial_id":728,"state":3,"values":null,"datetime_complete":"2026-07-27T14:10:39.721062"}
{"op_code":0,"worker_id":"a3317216-1a65-4b9f-9bb8-0521b9939ec5-23456247935296","study_name":"peter_mnist_k3","directions":[2]}
{"op_code":4,"worker_id":"a3317216-1a65-4b9f-9bb8-0521b9939ec5-23456247935296","study_id":0,"datetime_start":"2026-07-27T14:10:39.873898"}
{"op_code":9,"worker_id":"a3317216-1a65-4b9f-9bb8-0521b9939ec5-23456247935296","trial_id":829,"system_attr":{"tpe:relative_params:0":"{\"lr\": 2.7667860788491696e-07, \"ratio\": 77.65005653921621}"}}
{"op_code":5,"worker_id":"a3317216-1a65-4b9f-9bb8-0521b9939ec5-23456247935296","trial_id":829,"param_name":"lr","param_value_internal":2.7667860788491696e-07,"distribution":"{\"name\": \"FloatDistribution\", \"attributes\": {\"step\": null, \"low\": 1e-08, \"high\": 0.5, \"log\": true}}"}
{"op_code":5,"worker_id":"a3317216-1a65-4b9f-9bb8-0521b9939ec5-23456247935296","trial_id":829,"param_name":"ratio","param_value_internal":77.65005653921621,"distribution":"{\"name\": \"FloatDistribution\", \"attributes\": {\"step\": null, \"low\": 0.1, \"high\": 100.0, \"log\": true}}"}
{"op_code":6,"worker_id":"fe1bbe5e-e70b-447a-a55b-8737bef9d831-23456247935296","trial_id":766,"state":3,"values":null,"datetime_complete":"2026-07-27T14:10:58.501653"}
{"op_code":0,"worker_id":"2abbb371-a9f4-41a1-9b42-63dd14e5431a-23456247935296","study_name":"peter_mnist_k3","directions":[2]}
{"op_code":4,"worker_id":"2abbb371-a9f4-41a1-9b42-63dd14e5431a-23456247935296","study_id":0,"datetime_start":"2026-07-27T14:10:58.598776"}
{"op_code":9,"worker_id":"2abbb371-a9f4-41a1-9b42-63dd14e5431a-23456247935296","trial_id":830,"system_attr":{"tpe:relative_params:0":"{\"lr\": 2.268412279916409e-07, \"ratio\": 68.55790626272612}"}}
{"op_code":5,"worker_id":"2abbb371-a9f4-41a1-9b42-63dd14e5431a-23456247935296","trial_id":830,"param_name":"lr","param_value_internal":2.268412279916409e-07,"distribution":"{\"name\": \"FloatDistribution\", \"attributes\": {\"step\": null, \"low\": 1e-08, \"high\": 0.5, \"log\": true}}"}
{"op_code":5,"worker_id":"2abbb371-a9f4-41a1-9b42-63dd14e5431a-23456247935296","trial_id":830,"param_name":"ratio","param_value_internal":68.55790626272612,"distribution":"{\"name\": \"FloatDistribution\", \"attributes\": {\"step\": null, \"low\": 0.1, \"high\": 100.0, \"log\": true}}"}
{"op_code":6,"worker_id":"4c1d9ca0-86f5-4343-b57c-86746abed323-23456247935296","trial_id":597,"state":1,"values":[-3448.144108815959],"datetime_complete":"2026-07-27T14:11:08.108448"}
{"op_code":0,"worker_id":"5e21ea85-1469-4955-a816-b41b6fbfbde3-23456247935296","study_name":"peter_mnist_k3","directions":[2]}
{"op_code":4,"worker_id":"5e21ea85-1469-4955-a816-b41b6fbfbde3-23456247935296","study_id":0,"datetime_start":"2026-07-27T14:11:08.236622"}
{"op_code":9,"worker_id":"5e21ea85-1469-4955-a816-b41b6fbfbde3-23456247935296","trial_id":831,"system_attr":{"tpe:relative_params:0":"{\"lr\": 2.7534245256173253e-06, \"ratio\": 31.811504256287286}"}}
{"op_code":5,"worker_id":"5e21ea85-1469-4955-a816-b41b6fbfbde3-23456247935296","trial_id":831,"param_name":"lr","param_value_internal":2.7534245256173253e-06,"distribution":"{\"name\": \"FloatDistribution\", \"attributes\": {\"step\": null, \"low\": 1e-08, \"high\": 0.5, \"log\": true}}"}
{"op_code":5,"worker_id":"5e21ea85-1469-4955-a816-b41b6fbfbde3-23456247935296","trial_id":831,"param_name":"ratio","param_value_internal":31.811504256287286,"distribution":"{\"name\": \"FloatDistribution\", \"attributes\": {\"step\": null, \"low\": 0.1, \"high\": 100.0, \"log\": true}}"}
{"op_code":6,"worker_id":"4249cb5d-f0aa-4b0c-a49b-53184f773218-23456247935296","trial_id":774,"state":3,"values":null,"datetime_complete":"2026-07-27T14:11:11.503081"}
{"op_code":0,"worker_id":"95035a09-ae38-429a-a40a-93f1ad06793d-23456247935296","study_name":"peter_mnist_k3","directions":[2]}
{"op_code":4,"worker_id":"95035a09-ae38-429a-a40a-93f1ad06793d-23456247935296","study_id":0,"datetime_start":"2026-07-27T14:11:11.630207"}
{"op_code":9,"worker_id":"95035a09-ae38-429a-a40a-93f1ad06793d-23456247935296","trial_id":832,"system_attr":{"tpe:relative_params:0":"{\"lr\": 1.352979630841246e-06, \"ratio\": 43.53131251852641}"}}
{"op_code":5,"worker_id":"95035a09-ae38-429a-a40a-93f1ad06793d-23456247935296","trial_id":832,"param_name":"lr","param_value_internal":1.352979630841246e-06,"distribution":"{\"name\": \"FloatDistribution\", \"attributes\": {\"step\": null, \"low\": 1e-08, \"high\": 0.5, \"log\": true}}"}
{"op_code":5,"worker_id":"95035a09-ae38-429a-a40a-93f1ad06793d-23456247935296","trial_id":832,"param_name":"ratio","param_value_internal":43.53131251852641,"distribution":"{\"name\": \"FloatDistribution\", \"attributes\": {\"step\": null, \"low\": 0.1, \"high\": 100.0, \"log\": true}}"}
{"op_code":6,"worker_id":"7b01fd0f-0555-45e5-87eb-2d6ddea1d927-23456247935296","trial_id":732,"state":3,"values":null,"datetime_complete":"2026-07-27T14:12:23.284380"}
{"op_code":0,"worker_id":"90b2b988-a941-4607-889e-e0cb50d0eb4b-23456247935296","study_name":"peter_mnist_k3","directions":[2]}
{"op_code":4,"worker_id":"90b2b988-a941-4607-889e-e0cb50d0eb4b-23456247935296","study_id":0,"datetime_start":"2026-07-27T14:12:23.455491"}
{"op_code":9,"worker_id":"90b2b988-a941-4607-889e-e0cb50d0eb4b-23456247935296","trial_id":833,"system_attr":{"tpe:relative_params:0":"{\"lr\": 0.0008129669319450717, \"ratio\": 4.496629568556821}"}}
{"op_code":5,"worker_id":"90b2b988-a941-4607-889e-e0cb50d0eb4b-23456247935296","trial_id":833,"param_name":"lr","param_value_internal":0.0008129669319450717,"distribution":"{\"name\": \"FloatDistribution\", \"attributes\": {\"step\": null, \"low\": 1e-08, \"high\": 0.5, \"log\": true}}"}
{"op_code":5,"worker_id":"90b2b988-a941-4607-889e-e0cb50d0eb4b-23456247935296","trial_id":833,"param_name":"ratio","param_value_internal":4.496629568556821,"distribution":"{\"name\": \"FloatDistribution\", \"attributes\": {\"step\": null, \"low\": 0.1, \"high\": 100.0, \"log\": true}}"}
{"op_code":6,"worker_id":"1fb77f23-2236-4cfe-8e17-c7af0cd558a2-23456247935296","trial_id":780,"state":3,"values":null,"datetime_complete":"2026-07-27T14:13:07.554647"}
{"op_code":0,"worker_id":"9df1f3fa-f33d-42ed-95eb-3f43f7919856-23456247935296","study_name":"peter_mnist_k3","directions":[2]}
{"op_code":4,"worker_id":"9df1f3fa-f33d-42ed-95eb-3f43f7919856-23456247935296","study_id":0,"datetime_start":"2026-07-27T14:13:07.700603"}
{"op_code":9,"worker_id":"9df1f3fa-f33d-42ed-95eb-3f43f7919856-23456247935296","trial_id":834,"system_attr":{"tpe:relative_params:0":"{\"lr\": 4.200072248318008e-05, \"ratio\": 72.21080999011669}"}}
{"op_code":5,"worker_id":"9df1f3fa-f33d-42ed-95eb-3f43f7919856-23456247935296","trial_id":834,"param_name":"lr","param_value_internal":4.200072248318008e-05,"distribution":"{\"name\": \"FloatDistribution\", \"attributes\": {\"step\": null, \"low\": 1e-08, \"high\": 0.5, \"log\": true}}"}
{"op_code":5,"worker_id":"9df1f3fa-f33d-42ed-95eb-3f43f7919856-23456247935296","trial_id":834,"param_name":"ratio","param_value_internal":72.21080999011669,"distribution":"{\"name\": \"FloatDistribution\", \"attributes\": {\"step\": null, \"low\": 0.1, \"high\": 100.0, \"log\": true}}"}
{"op_code":6,"worker_id":"85a6fe13-ee23-4d95-80e3-315d1b98d219-23456247935296","trial_id":706,"state":3,"values":null,"datetime_complete":"2026-07-27T14:13:42.564685"}
{"op_code":0,"worker_id":"7c79ecab-f214-4adc-b99d-8a281d945173-23456247935296","study_name":"peter_mnist_k3","directions":[2]}
{"op_code":4,"worker_id":"7c79ecab-f214-4adc-b99d-8a281d945173-23456247935296","study_id":0,"datetime_start":"2026-07-27T14:13:42.678517"}
{"op_code":9,"worker_id":"7c79ecab-f214-4adc-b99d-8a281d945173-23456247935296","trial_id":835,"system_attr":{"tpe:relative_params:0":"{\"lr\": 3.3106137552014805e-06, \"ratio\": 13.630666282321915}"}}
{"op_code":5,"worker_id":"7c79ecab-f214-4adc-b99d-8a281d945173-23456247935296","trial_id":835,"param_name":"lr","param_value_internal":3.3106137552014805e-06,"distribution":"{\"name\": \"FloatDistribution\", \"attributes\": {\"step\": null, \"low\": 1e-08, \"high\": 0.5, \"log\": true}}"}
{"op_code":5,"worker_id":"7c79ecab-f214-4adc-b99d-8a281d945173-23456247935296","trial_id":835,"param_name":"ratio","param_value_internal":13.630666282321915,"distribution":"{\"name\": \"FloatDistribution\", \"attributes\": {\"step\": null, \"low\": 0.1, \"high\": 100.0, \"log\": true}}"}
{"op_code":0,"worker_id":"ac7b3e63-eb1f-45a0-a274-4b076873f964-23456247935296","study_name":"peter_mnist_k3","directions":[2]}
{"op_code":0,"worker_id":"ffaca05c-f089-4954-8aae-2c4b2caf3b7a-23456247935296","study_name":"peter_mnist_k3","directions":[2]}
{"op_code":4,"worker_id":"ffaca05c-f089-4954-8aae-2c4b2caf3b7a-23456247935296","study_id":0,"datetime_start":"2026-07-27T14:14:42.379556"}
{"op_code":9,"worker_id":"ffaca05c-f089-4954-8aae-2c4b2caf3b7a-23456247935296","trial_id":836,"system_attr":{"tpe:relative_params:0":"{\"lr\": 1.6432798024612067e-06, \"ratio\": 32.4826715185468}"}}
{"op_code":5,"worker_id":"ffaca05c-f089-4954-8aae-2c4b2caf3b7a-23456247935296","trial_id":836,"param_name":"lr","param_value_internal":1.6432798024612067e-06,"distribution":"{\"name\": \"FloatDistribution\", \"attributes\": {\"step\": null, \"low\": 1e-08, \"high\": 0.5, \"log\": true}}"}
{"op_code":5,"worker_id":"ffaca05c-f089-4954-8aae-2c4b2caf3b7a-23456247935296","trial_id":836,"param_name":"ratio","param_value_internal":32.4826715185468,"distribution":"{\"name\": \"FloatDistribution\", \"attributes\": {\"step\": null, \"low\": 0.1, \"high\": 100.0, \"log\": true}}"}
{"op_code":0,"worker_id":"f2a0b15e-8cc8-4c9c-addb-f8f86b2b8416-23456247935296","study_name":"peter_mnist_k3","directions":[2]}
{"op_code":0,"worker_id":"089b7a43-2e70-4773-b58d-8746793e1370-23456247935296","study_name":"peter_mnist_k3","directions":[2]}
{"op_code":0,"worker_id":"6eff2e1f-b58e-4b67-8f8c-63a4740375ca-23456247935296","study_name":"peter_mnist_k3","directions":[2]}
{"op_code":4,"worker_id":"f2a0b15e-8cc8-4c9c-addb-f8f86b2b8416-23456247935296","study_id":0,"datetime_start":"2026-07-27T14:14:42.680902"}
{"op_code":4,"worker_id":"6eff2e1f-b58e-4b67-8f8c-63a4740375ca-23456247935296","study_id":0,"datetime_start":"2026-07-27T14:14:42.753461"}
{"op_code":9,"worker_id":"6eff2e1f-b58e-4b67-8f8c-63a4740375ca-23456247935296","trial_id":838,"system_attr":{"tpe:relative_params:0":"{\"lr\": 1.3182560440875449e-05, \"ratio\": 99.64492214116987}"}}
{"op_code":5,"worker_id":"6eff2e1f-b58e-4b67-8f8c-63a4740375ca-23456247935296","trial_id":838,"param_name":"lr","param_value_internal":1.3182560440875449e-05,"distribution":"{\"name\": \"FloatDistribution\", \"attributes\": {\"step\": null, \"low\": 1e-08, \"high\": 0.5, \"log\": true}}"}
{"op_code":5,"worker_id":"6eff2e1f-b58e-4b67-8f8c-63a4740375ca-23456247935296","trial_id":838,"param_name":"ratio","param_value_internal":99.64492214116987,"distribution":"{\"name\": \"FloatDistribution\", \"attributes\": {\"step\": null, \"low\": 0.1, \"high\": 100.0, \"log\": true}}"}
{"op_code":4,"worker_id":"089b7a43-2e70-4773-b58d-8746793e1370-23456247935296","study_id":0,"datetime_start":"2026-07-27T14:14:42.746511"}
{"op_code":0,"worker_id":"2f846e0a-eb06-40d7-abd1-cb0210ba1eea-23456247935296","study_name":"peter_mnist_k3","directions":[2]}
{"op_code":4,"worker_id":"2f846e0a-eb06-40d7-abd1-cb0210ba1eea-23456247935296","study_id":0,"datetime_start":"2026-07-27T14:14:43.046077"}
{"op_code":9,"worker_id":"089b7a43-2e70-4773-b58d-8746793e1370-23456247935296","trial_id":839,"system_attr":{"tpe:relative_params:0":"{\"lr\": 1.5260472496700827e-07, \"ratio\": 21.928116514889595}"}}
{"op_code":5,"worker_id":"089b7a43-2e70-4773-b58d-8746793e1370-23456247935296","trial_id":839,"param_name":"lr","param_value_internal":1.5260472496700827e-07,"distribution":"{\"name\": \"FloatDistribution\", \"attributes\": {\"step\": null, \"low\": 1e-08, \"high\": 0.5, \"log\": true}}"}
{"op_code":9,"worker_id":"2f846e0a-eb06-40d7-abd1-cb0210ba1eea-23456247935296","trial_id":840,"system_attr":{"tpe:relative_params:0":"{\"lr\": 2.6231374521127194e-07, \"ratio\": 38.62028507288137}"}}
{"op_code":5,"worker_id":"089b7a43-2e70-4773-b58d-8746793e1370-23456247935296","trial_id":839,"param_name":"ratio","param_value_internal":21.928116514889595,"distribution":"{\"name\": \"FloatDistribution\", \"attributes\": {\"step\": null, \"low\": 0.1, \"high\": 100.0, \"log\": true}}"}
{"op_code":5,"worker_id":"2f846e0a-eb06-40d7-abd1-cb0210ba1eea-23456247935296","trial_id":840,"param_name":"lr","param_value_internal":2.6231374521127194e-07,"distribution":"{\"name\": \"FloatDistribution\", \"attributes\": {\"step\": null, \"low\": 1e-08, \"high\": 0.5, \"log\": true}}"}
{"op_code":0,"worker_id":"061f7f11-4cc7-42a5-814a-bf7cea33ea97-23456247935296","study_name":"peter_mnist_k3","directions":[2]}
{"op_code":5,"worker_id":"2f846e0a-eb06-40d7-abd1-cb0210ba1eea-23456247935296","trial_id":840,"param_name":"ratio","param_value_internal":38.62028507288137,"distribution":"{\"name\": \"FloatDistribution\", \"attributes\": {\"step\": null, \"low\": 0.1, \"high\": 100.0, \"log\": true}}"}
{"op_code":4,"worker_id":"061f7f11-4cc7-42a5-814a-bf7cea33ea97-23456247935296","study_id":0,"datetime_start":"2026-07-27T14:14:43.295121"}
{"op_code":9,"worker_id":"061f7f11-4cc7-42a5-814a-bf7cea33ea97-23456247935296","trial_id":841,"system_attr":{"tpe:relative_params:0":"{\"lr\": 3.8757152972151595e-08, \"ratio\": 19.19249917075181}"}}
{"op_code":5,"worker_id":"061f7f11-4cc7-42a5-814a-bf7cea33ea97-23456247935296","trial_id":841,"param_name":"lr","param_value_internal":3.8757152972151595e-08,"distribution":"{\"name\": \"FloatDistribution\", \"attributes\": {\"step\": null, \"low\": 1e-08, \"high\": 0.5, \"log\": true}}"}
{"op_code":5,"worker_id":"061f7f11-4cc7-42a5-814a-bf7cea33ea97-23456247935296","trial_id":841,"param_name":"ratio","param_value_internal":19.19249917075181,"distribution":"{\"name\": \"FloatDistribution\", \"attributes\": {\"step\": null, \"low\": 0.1, \"high\": 100.0, \"log\": true}}"}
{"op_code":0,"worker_id":"e6f9dd6c-8c82-4c41-98bb-18caa6450e20-23456247935296","study_name":"peter_mnist_k3","directions":[2]}
{"op_code":0,"worker_id":"f41c60b8-e135-40c4-a59e-3354373ed17c-23456247935296","study_name":"peter_mnist_k3","directions":[2]}
{"op_code":4,"worker_id":"e6f9dd6c-8c82-4c41-98bb-18caa6450e20-23456247935296","study_id":0,"datetime_start":"2026-07-27T14:14:43.454542"}
{"op_code":0,"worker_id":"56e8e9ba-20e3-4974-97a6-37cb360e76b9-23456247935296","study_name":"peter_mnist_k3","directions":[2]}
{"op_code":9,"worker_id":"e6f9dd6c-8c82-4c41-98bb-18caa6450e20-23456247935296","trial_id":842,"system_attr":{"tpe:relative_params:0":"{\"lr\": 1.777845069756016e-06, \"ratio\": 34.69416288550263}"}}
{"op_code":4,"worker_id":"56e8e9ba-20e3-4974-97a6-37cb360e76b9-23456247935296","study_id":0,"datetime_start":"2026-07-27T14:14:43.536235"}
{"op_code":5,"worker_id":"e6f9dd6c-8c82-4c41-98bb-18caa6450e20-23456247935296","trial_id":842,"param_name":"lr","param_value_internal":1.777845069756016e-06,"distribution":"{\"name\": \"FloatDistribution\", \"attributes\": {\"step\": null, \"low\": 1e-08, \"high\": 0.5, \"log\": true}}"}
{"op_code":9,"worker_id":"56e8e9ba-20e3-4974-97a6-37cb360e76b9-23456247935296","trial_id":843,"system_attr":{"tpe:relative_params:0":"{\"lr\": 2.789987206963511e-06, \"ratio\": 46.92590429763724}"}}
{"op_code":5,"worker_id":"e6f9dd6c-8c82-4c41-98bb-18caa6450e20-23456247935296","trial_id":842,"param_name":"ratio","param_value_internal":34.69416288550263,"distribution":"{\"name\": \"FloatDistribution\", \"attributes\": {\"step\": null, \"low\": 0.1, \"high\": 100.0, \"log\": true}}"}
{"op_code":5,"worker_id":"56e8e9ba-20e3-4974-97a6-37cb360e76b9-23456247935296","trial_id":843,"param_name":"lr","param_value_internal":2.789987206963511e-06,"distribution":"{\"name\": \"FloatDistribution\", \"attributes\": {\"step\": null, \"low\": 1e-08, \"high\": 0.5, \"log\": true}}"}
{"op_code":0,"worker_id":"23b88ed0-bb35-4414-badd-d92ce36eab4e-23456247935296","study_name":"peter_mnist_k3","directions":[2]}
{"op_code":5,"worker_id":"56e8e9ba-20e3-4974-97a6-37cb360e76b9-23456247935296","trial_id":843,"param_name":"ratio","param_value_internal":46.92590429763724,"distribution":"{\"name\": \"FloatDistribution\", \"attributes\": {\"step\": null, \"low\": 0.1, \"high\": 100.0, \"log\": true}}"}
{"op_code":4,"worker_id":"f41c60b8-e135-40c4-a59e-3354373ed17c-23456247935296","study_id":0,"datetime_start":"2026-07-27T14:14:43.459864"}
{"op_code":4,"worker_id":"23b88ed0-bb35-4414-badd-d92ce36eab4e-23456247935296","study_id":0,"datetime_start":"2026-07-27T14:14:43.697873"}
{"op_code":9,"worker_id":"f41c60b8-e135-40c4-a59e-3354373ed17c-23456247935296","trial_id":844,"system_attr":{"tpe:relative_params:0":"{\"lr\": 1.3199879864641752e-05, \"ratio\": 12.353609266098415}"}}
{"op_code":9,"worker_id":"23b88ed0-bb35-4414-badd-d92ce36eab4e-23456247935296","trial_id":845,"system_attr":{"tpe:relative_params:0":"{\"lr\": 1.982537626277703e-06, \"ratio\": 10.627083577519004}"}}
{"op_code":5,"worker_id":"f41c60b8-e135-40c4-a59e-3354373ed17c-23456247935296","trial_id":844,"param_name":"lr","param_value_internal":1.3199879864641752e-05,"distribution":"{\"name\": \"FloatDistribution\", \"attributes\": {\"step\": null, \"low\": 1e-08, \"high\": 0.5, \"log\": true}}"}
{"op_code":5,"worker_id":"f41c60b8-e135-40c4-a59e-3354373ed17c-23456247935296","trial_id":844,"param_name":"ratio","param_value_internal":12.353609266098415,"distribution":"{\"name\": \"FloatDistribution\", \"attributes\": {\"step\": null, \"low\": 0.1, \"high\": 100.0, \"log\": true}}"}
{"op_code":5,"worker_id":"23b88ed0-bb35-4414-badd-d92ce36eab4e-23456247935296","trial_id":845,"param_name":"lr","param_value_internal":1.982537626277703e-06,"distribution":"{\"name\": \"FloatDistribution\", \"attributes\": {\"step\": null, \"low\": 1e-08, \"high\": 0.5, \"log\": true}}"}
{"op_code":0,"worker_id":"6b97bf5c-6e16-43f8-9fe3-40a6ab38d727-23456247935296","study_name":"peter_mnist_k3","directions":[2]}
{"op_code":0,"worker_id":"e8fc4085-be1a-4938-a6e7-965e37425d22-23456247935296","study_name":"peter_mnist_k3","directions":[2]}
{"op_code":0,"worker_id":"474b5a55-a085-4bcf-9e09-198e5d256579-23456247935296","study_name":"peter_mnist_k3","directions":[2]}
{"op_code":0,"worker_id":"d00dec79-b54b-404f-a603-2b7c37e4c035-23456247935296","study_name":"peter_mnist_k3","directions":[2]}
{"op_code":4,"worker_id":"e8fc4085-be1a-4938-a6e7-965e37425d22-23456247935296","study_id":0,"datetime_start":"2026-07-27T14:14:44.045315"}
{"op_code":0,"worker_id":"ef3d5210-5fb0-4617-832f-805023e36f59-23456247935296","study_name":"peter_mnist_k3","directions":[2]}
{"op_code":4,"worker_id":"d00dec79-b54b-404f-a603-2b7c37e4c035-23456247935296","study_id":0,"datetime_start":"2026-07-27T14:14:44.130748"}
{"op_code":9,"worker_id":"e8fc4085-be1a-4938-a6e7-965e37425d22-23456247935296","trial_id":846,"system_attr":{"tpe:relative_params:0":"{\"lr\": 5.170825912744751e-05, \"ratio\": 32.99578355138004}"}}
{"op_code":5,"worker_id":"e8fc4085-be1a-4938-a6e7-965e37425d22-23456247935296","trial_id":846,"param_name":"lr","param_value_internal":5.170825912744751e-05,"distribution":"{\"name\": \"FloatDistribution\", \"attributes\": {\"step\": null, \"low\": 1e-08, \"high\": 0.5, \"log\": true}}"}
{"op_code":0,"worker_id":"969fd096-1751-49ec-8b69-55b84c16158a-23456247935296","study_name":"peter_mnist_k3","directions":[2]}
{"op_code":5,"worker_id":"e8fc4085-be1a-4938-a6e7-965e37425d22-23456247935296","trial_id":846,"param_name":"ratio","param_value_internal":32.99578355138004,"distribution":"{\"name\": \"FloatDistribution\", \"attributes\": {\"step\": null, \"low\": 0.1, \"high\": 100.0, \"log\": true}}"}
{"op_code":4,"worker_id":"969fd096-1751-49ec-8b69-55b84c16158a-23456247935296","study_id":0,"datetime_start":"2026-07-27T14:14:44.369669"}
{"op_code":0,"worker_id":"3d39e92e-3eab-46ae-ab1e-05d6abebb51b-23456247935296","study_name":"peter_mnist_k3","directions":[2]}
{"op_code":0,"worker_id":"016ff2e9-7d23-4bb5-9343-9ca07e737992-23456247935296","study_name":"peter_mnist_k3","directions":[2]}
{"op_code":4,"worker_id":"3d39e92e-3eab-46ae-ab1e-05d6abebb51b-23456247935296","study_id":0,"datetime_start":"2026-07-27T14:14:44.522160"}
{"op_code":0,"worker_id":"709966ba-63f3-460e-afd7-c3274d39d38a-23456247935296","study_name":"peter_mnist_k3","directions":[2]}
{"op_code":4,"worker_id":"016ff2e9-7d23-4bb5-9343-9ca07e737992-23456247935296","study_id":0,"datetime_start":"2026-07-27T14:14:44.614063"}
{"op_code":9,"worker_id":"3d39e92e-3eab-46ae-ab1e-05d6abebb51b-23456247935296","trial_id":849,"system_attr":{"tpe:relative_params:0":"{\"lr\": 1.718555553431411e-07, \"ratio\": 20.395526345934922}"}}
{"op_code":5,"worker_id":"3d39e92e-3eab-46ae-ab1e-05d6abebb51b-23456247935296","trial_id":849,"param_name":"lr","param_value_internal":1.718555553431411e-07,"distribution":"{\"name\": \"FloatDistribution\", \"attributes\": {\"step\": null, \"low\": 1e-08, \"high\": 0.5, \"log\": true}}"}
{"op_code":9,"worker_id":"016ff2e9-7d23-4bb5-9343-9ca07e737992-23456247935296","trial_id":850,"system_attr":{"tpe:relative_params:0":"{\"lr\": 1.2077452848971393e-07, \"ratio\": 97.24739050800521}"}}
{"op_code":5,"worker_id":"3d39e92e-3eab-46ae-ab1e-05d6abebb51b-23456247935296","trial_id":849,"param_name":"ratio","param_value_internal":20.395526345934922,"distribution":"{\"name\": \"FloatDistribution\", \"attributes\": {\"step\": null, \"low\": 0.1, \"high\": 100.0, \"log\": true}}"}
{"op_code":4,"worker_id":"709966ba-63f3-460e-afd7-c3274d39d38a-23456247935296","study_id":0,"datetime_start":"2026-07-27T14:14:44.688834"}
{"op_code":5,"worker_id":"016ff2e9-7d23-4bb5-9343-9ca07e737992-23456247935296","trial_id":850,"param_name":"lr","param_value_internal":1.2077452848971393e-07,"distribution":"{\"name\": \"FloatDistribution\", \"attributes\": {\"step\": null, \"low\": 1e-08, \"high\": 0.5, \"log\": true}}"}
{"op_code":5,"worker_id":"016ff2e9-7d23-4bb5-9343-9ca07e737992-23456247935296","trial_id":850,"param_name":"ratio","param_value_internal":97.24739050800521,"distribution":"{\"name\": \"FloatDistribution\", \"attributes\": {\"step\": null, \"low\": 0.1, \"high\": 100.0, \"log\": true}}"}
{"op_code":9,"worker_id":"709966ba-63f3-460e-afd7-c3274d39d38a-23456247935296","trial_id":851,"system_attr":{"tpe:relative_params:0":"{\"lr\": 9.59084227786489e-06, \"ratio\": 98.21680625118545}"}}
{"op_code":0,"worker_id":"e7d8df48-3d9a-4d6a-8760-91c890119e8c-23456247935296","study_name":"peter_mnist_k3","directions":[2]}
{"op_code":5,"worker_id":"709966ba-63f3-460e-afd7-c3274d39d38a-23456247935296","trial_id":851,"param_name":"lr","param_value_internal":9.59084227786489e-06,"distribution":"{\"name\": \"FloatDistribution\", \"attributes\": {\"step\": null, \"low\": 1e-08, \"high\": 0.5, \"log\": true}}"}
{"op_code":0,"worker_id":"d7ca20c9-2fda-490e-b0cc-fb209c7c4d30-23456247935296","study_name":"peter_mnist_k3","directions":[2]}
{"op_code":5,"worker_id":"709966ba-63f3-460e-afd7-c3274d39d38a-23456247935296","trial_id":851,"param_name":"ratio","param_value_internal":98.21680625118545,"distribution":"{\"name\": \"FloatDistribution\", \"attributes\": {\"step\": null, \"low\": 0.1, \"high\": 100.0, \"log\": true}}"}
{"op_code":0,"worker_id":"fa294174-eebe-4e58-ac00-86d7114487e3-23456247935296","study_name":"peter_mnist_k3","directions":[2]}
{"op_code":4,"worker_id":"d7ca20c9-2fda-490e-b0cc-fb209c7c4d30-23456247935296","study_id":0,"datetime_start":"2026-07-27T14:14:45.182579"}
{"op_code":0,"worker_id":"8b006f91-82af-48a5-8529-4e0803b8eb19-23456247935296","study_name":"peter_mnist_k3","directions":[2]}
{"op_code":4,"worker_id":"fa294174-eebe-4e58-ac00-86d7114487e3-23456247935296","study_id":0,"datetime_start":"2026-07-27T14:14:45.242621"}
{"op_code":4,"worker_id":"8b006f91-82af-48a5-8529-4e0803b8eb19-23456247935296","study_id":0,"datetime_start":"2026-07-27T14:14:45.254605"}
{"op_code":9,"worker_id":"d7ca20c9-2fda-490e-b0cc-fb209c7c4d30-23456247935296","trial_id":852,"system_attr":{"tpe:relative_params:0":"{\"lr\": 1.5663003141133312e-07, \"ratio\": 47.71491341796333}"}}
{"op_code":9,"worker_id":"8b006f91-82af-48a5-8529-4e0803b8eb19-23456247935296","trial_id":854,"system_attr":{"tpe:relative_params:0":"{\"lr\": 6.433924455263759e-07, \"ratio\": 42.59066544532201}"}}
{"op_code":9,"worker_id":"fa294174-eebe-4e58-ac00-86d7114487e3-23456247935296","trial_id":853,"system_attr":{"tpe:relative_params:0":"{\"lr\": 3.4903457210913946e-07, \"ratio\": 32.4824161137769}"}}
{"op_code":5,"worker_id":"fa294174-eebe-4e58-ac00-86d7114487e3-23456247935296","trial_id":853,"param_name":"lr","param_value_internal":3.4903457210913946e-07,"distribution":"{\"name\": \"FloatDistribution\", \"attributes\": {\"step\": null, \"low\": 1e-08, \"high\": 0.5, \"log\": true}}"}
{"op_code":5,"worker_id":"fa294174-eebe-4e58-ac00-86d7114487e3-23456247935296","trial_id":853,"param_name":"ratio","param_value_internal":32.4824161137769,"distribution":"{\"name\": \"FloatDistribution\", \"attributes\": {\"step\": null, \"low\": 0.1, \"high\": 100.0, \"log\": true}}"}
{"op_code":5,"worker_id":"8b006f91-82af-48a5-8529-4e0803b8eb19-23456247935296","trial_id":854,"param_name":"lr","param_value_internal":6.433924455263759e-07,"distribution":"{\"name\": \"FloatDistribution\", \"attributes\": {\"step\": null, \"low\": 1e-08, \"high\": 0.5, \"log\": true}}"}
{"op_code":5,"worker_id":"8b006f91-82af-48a5-8529-4e0803b8eb19-23456247935296","trial_id":854,"param_name":"ratio","param_value_internal":42.59066544532201,"distribution":"{\"name\": \"FloatDistribution\", \"attributes\": {\"step\": null, \"low\": 0.1, \"high\": 100.0, \"log\": true}}"}
{"op_code":0,"worker_id":"4c537ef2-5996-44c8-a144-4031192327b7-23456247935296","study_name":"peter_mnist_k3","directions":[2]}
{"op_code":4,"worker_id":"4c537ef2-5996-44c8-a144-4031192327b7-23456247935296","study_id":0,"datetime_start":"2026-07-27T14:14:45.494882"}
{"op_code":9,"worker_id":"4c537ef2-5996-44c8-a144-4031192327b7-23456247935296","trial_id":855,"system_attr":{"tpe:relative_params:0":"{\"lr\": 3.7188613706557543e-07, \"ratio\": 10.482361423324626}"}}
{"op_code":5,"worker_id":"4c537ef2-5996-44c8-a144-4031192327b7-23456247935296","trial_id":855,"param_name":"lr","param_value_internal":3.7188613706557543e-07,"distribution":"{\"name\": \"FloatDistribution\", \"attributes\": {\"step\": null, \"low\": 1e-08, \"high\": 0.5, \"log\": true}}"}
{"op_code":5,"worker_id":"4c537ef2-5996-44c8-a144-4031192327b7-23456247935296","trial_id":855,"param_name":"ratio","param_value_internal":10.482361423324626,"distribution":"{\"name\": \"FloatDistribution\", \"attributes\": {\"step\": null, \"low\": 0.1, \"high\": 100.0, \"log\": true}}"}
{"op_code":5,"worker_id":"d7ca20c9-2fda-490e-b0cc-fb209c7c4d30-23456247935296","trial_id":852,"param_name":"lr","param_value_internal":1.5663003141133312e-07,"distribution":"{\"name\": \"FloatDistribution\", \"attributes\": {\"step\": null, \"low\": 1e-08, \"high\": 0.5, \"log\": true}}"}
{"op_code":5,"worker_id":"d7ca20c9-2fda-490e-b0cc-fb209c7c4d30-23456247935296","trial_id":852,"param_name":"ratio","param_value_internal":47.71491341796333,"distribution":"{\"name\": \"FloatDistribution\", \"attributes\": {\"step\": null, \"low\": 0.1, \"high\": 100.0, \"log\": true}}"}
{"op_code":0,"worker_id":"8e3896e4-d9d8-4225-a13f-6659309e50fe-23456247935296","study_name":"peter_mnist_k3","directions":[2]}
{"op_code":0,"worker_id":"4a34f2d0-825e-4e7e-be70-cac013ad4b61-23456247935296","study_name":"peter_mnist_k3","directions":[2]}
{"op_code":4,"worker_id":"8e3896e4-d9d8-4225-a13f-6659309e50fe-23456247935296","study_id":0,"datetime_start":"2026-07-27T14:14:45.809606"}
{"op_code":4,"worker_id":"4a34f2d0-825e-4e7e-be70-cac013ad4b61-23456247935296","study_id":0,"datetime_start":"2026-07-27T14:14:45.829975"}
{"op_code":9,"worker_id":"8e3896e4-d9d8-4225-a13f-6659309e50fe-23456247935296","trial_id":856,"system_attr":{"tpe:relative_params:0":"{\"lr\": 1.3071714221499274e-06, \"ratio\": 56.42248415785192}"}}
{"op_code":5,"worker_id":"8e3896e4-d9d8-4225-a13f-6659309e50fe-23456247935296","trial_id":856,"param_name":"lr","param_value_internal":1.3071714221499274e-06,"distribution":"{\"name\": \"FloatDistribution\", \"attributes\": {\"step\": null, \"low\": 1e-08, \"high\": 0.5, \"log\": true}}"}
{"op_code":9,"worker_id":"4a34f2d0-825e-4e7e-be70-cac013ad4b61-23456247935296","trial_id":857,"system_attr":{"tpe:relative_params:0":"{\"lr\": 1.0407390415691287e-05, \"ratio\": 28.10822728045292}"}}
{"op_code":5,"worker_id":"8e3896e4-d9d8-4225-a13f-6659309e50fe-23456247935296","trial_id":856,"param_name":"ratio","param_value_internal":56.42248415785192,"distribution":"{\"name\": \"FloatDistribution\", \"attributes\": {\"step\": null, \"low\": 0.1, \"high\": 100.0, \"log\": true}}"}
{"op_code":5,"worker_id":"4a34f2d0-825e-4e7e-be70-cac013ad4b61-23456247935296","trial_id":857,"param_name":"lr","param_value_internal":1.0407390415691287e-05,"distribution":"{\"name\": \"FloatDistribution\", \"attributes\": {\"step\": null, \"low\": 1e-08, \"high\": 0.5, \"log\": true}}"}
{"op_code":5,"worker_id":"4a34f2d0-825e-4e7e-be70-cac013ad4b61-23456247935296","trial_id":857,"param_name":"ratio","param_value_internal":28.10822728045292,"distribution":"{\"name\": \"FloatDistribution\", \"attributes\": {\"step\": null, \"low\": 0.1, \"high\": 100.0, \"log\": true}}"}
{"op_code":5,"worker_id":"23b88ed0-bb35-4414-badd-d92ce36eab4e-23456247935296","trial_id":845,"param_name":"ratio","param_value_internal":10.627083577519004,"distribution":"{\"name\": \"FloatDistribution\", \"attributes\": {\"step\": null, \"low\": 0.1, \"high\": 100.0, \"log\": true}}"}
{"op_code":4,"worker_id":"e7d8df48-3d9a-4d6a-8760-91c890119e8c-23456247935296","study_id":0,"datetime_start":"2026-07-27T14:14:45.028279"}
{"op_code":9,"worker_id":"e7d8df48-3d9a-4d6a-8760-91c890119e8c-23456247935296","trial_id":858,"system_attr":{"tpe:relative_params:0":"{\"lr\": 1.2820258958970824e-08, \"ratio\": 20.02025395532067}"}}
{"op_code":5,"worker_id":"e7d8df48-3d9a-4d6a-8760-91c890119e8c-23456247935296","trial_id":858,"param_name":"lr","param_value_internal":1.2820258958970824e-08,"distribution":"{\"name\": \"FloatDistribution\", \"attributes\": {\"step\": null, \"low\": 1e-08, \"high\": 0.5, \"log\": true}}"}
{"op_code":5,"worker_id":"e7d8df48-3d9a-4d6a-8760-91c890119e8c-23456247935296","trial_id":858,"param_name":"ratio","param_value_internal":20.02025395532067,"distribution":"{\"name\": \"FloatDistribution\", \"attributes\": {\"step\": null, \"low\": 0.1, \"high\": 100.0, \"log\": true}}"}
{"op_code":0,"worker_id":"54a22f9b-4ea5-49d6-9f34-7420ec273640-23456247935296","study_name":"peter_mnist_k3","directions":[2]}
{"op_code":4,"worker_id":"54a22f9b-4ea5-49d6-9f34-7420ec273640-23456247935296","study_id":0,"datetime_start":"2026-07-27T14:14:46.580038"}
{"op_code":9,"worker_id":"54a22f9b-4ea5-49d6-9f34-7420ec273640-23456247935296","trial_id":859,"system_attr":{"tpe:relative_params:0":"{\"lr\": 1.275703716708053e-06, \"ratio\": 19.29602038158823}"}}
{"op_code":5,"worker_id":"54a22f9b-4ea5-49d6-9f34-7420ec273640-23456247935296","trial_id":859,"param_name":"lr","param_value_internal":1.275703716708053e-06,"distribution":"{\"name\": \"FloatDistribution\", \"attributes\": {\"step\": null, \"low\": 1e-08, \"high\": 0.5, \"log\": true}}"}
{"op_code":5,"worker_id":"54a22f9b-4ea5-49d6-9f34-7420ec273640-23456247935296","trial_id":859,"param_name":"ratio","param_value_internal":19.29602038158823,"distribution":"{\"name\": \"FloatDistribution\", \"attributes\": {\"step\": null, \"low\": 0.1, \"high\": 100.0, \"log\": true}}"}
{"op_code":9,"worker_id":"969fd096-1751-49ec-8b69-55b84c16158a-23456247935296","trial_id":848,"system_attr":{"tpe:relative_params:0":"{\"lr\": 3.8338791880988125e-07, \"ratio\": 36.62287059433551}"}}
{"op_code":5,"worker_id":"969fd096-1751-49ec-8b69-55b84c16158a-23456247935296","trial_id":848,"param_name":"lr","param_value_internal":3.8338791880988125e-07,"distribution":"{\"name\": \"FloatDistribution\", \"attributes\": {\"step\": null, \"low\": 1e-08, \"high\": 0.5, \"log\": true}}"}
{"op_code":5,"worker_id":"969fd096-1751-49ec-8b69-55b84c16158a-23456247935296","trial_id":848,"param_name":"ratio","param_value_internal":36.62287059433551,"distribution":"{\"name\": \"FloatDistribution\", \"attributes\": {\"step\": null, \"low\": 0.1, \"high\": 100.0, \"log\": true}}"}
{"op_code":0,"worker_id":"973ea612-283e-4030-a021-b50de3b32004-23456247935296","study_name":"peter_mnist_k3","directions":[2]}
{"op_code":4,"worker_id":"973ea612-283e-4030-a021-b50de3b32004-23456247935296","study_id":0,"datetime_start":"2026-07-27T14:14:46.886033"}
{"op_code":9,"worker_id":"973ea612-283e-4030-a021-b50de3b32004-23456247935296","trial_id":860,"system_attr":{"tpe:relative_params:0":"{\"lr\": 0.010956490598402249, \"ratio\": 0.13401673463067848}"}}
{"op_code":5,"worker_id":"973ea612-283e-4030-a021-b50de3b32004-23456247935296","trial_id":860,"param_name":"lr","param_value_internal":0.010956490598402249,"distribution":"{\"name\": \"FloatDistribution\", \"attributes\": {\"step\": null, \"low\": 1e-08, \"high\": 0.5, \"log\": true}}"}
{"op_code":5,"worker_id":"973ea612-283e-4030-a021-b50de3b32004-23456247935296","trial_id":860,"param_name":"ratio","param_value_internal":0.13401673463067848,"distribution":"{\"name\": \"FloatDistribution\", \"attributes\": {\"step\": null, \"low\": 0.1, \"high\": 100.0, \"log\": true}}"}
{"op_code":0,"worker_id":"9c0226ad-1975-468a-81cc-78b05c9ddd7c-23456247935296","study_name":"peter_mnist_k3","directions":[2]}
{"op_code":4,"worker_id":"9c0226ad-1975-468a-81cc-78b05c9ddd7c-23456247935296","study_id":0,"datetime_start":"2026-07-27T14:14:47.030240"}
{"op_code":9,"worker_id":"9c0226ad-1975-468a-81cc-78b05c9ddd7c-23456247935296","trial_id":861,"system_attr":{"tpe:relative_params:0":"{\"lr\": 8.283368665482237e-06, \"ratio\": 8.921962295763764}"}}
{"op_code":5,"worker_id":"9c0226ad-1975-468a-81cc-78b05c9ddd7c-23456247935296","trial_id":861,"param_name":"lr","param_value_internal":8.283368665482237e-06,"distribution":"{\"name\": \"FloatDistribution\", \"attributes\": {\"step\": null, \"low\": 1e-08, \"high\": 0.5, \"log\": true}}"}
{"op_code":5,"worker_id":"9c0226ad-1975-468a-81cc-78b05c9ddd7c-23456247935296","trial_id":861,"param_name":"ratio","param_value_internal":8.921962295763764,"distribution":"{\"name\": \"FloatDistribution\", \"attributes\": {\"step\": null, \"low\": 0.1, \"high\": 100.0, \"log\": true}}"}
{"op_code":0,"worker_id":"d2e94233-16a9-4b1b-a1fd-f15142b31303-23456247935296","study_name":"peter_mnist_k3","directions":[2]}
{"op_code":4,"worker_id":"d2e94233-16a9-4b1b-a1fd-f15142b31303-23456247935296","study_id":0,"datetime_start":"2026-07-27T14:14:47.249286"}
{"op_code":0,"worker_id":"445391a8-1066-4917-be5a-91714c6a2f90-23456247935296","study_name":"peter_mnist_k3","directions":[2]}
{"op_code":9,"worker_id":"d2e94233-16a9-4b1b-a1fd-f15142b31303-23456247935296","trial_id":862,"system_attr":{"tpe:relative_params:0":"{\"lr\": 0.0004165812162609093, \"ratio\": 0.7760967360352753}"}}
{"op_code":5,"worker_id":"d2e94233-16a9-4b1b-a1fd-f15142b31303-23456247935296","trial_id":862,"param_name":"lr","param_value_internal":0.0004165812162609093,"distribution":"{\"name\": \"FloatDistribution\", \"attributes\": {\"step\": null, \"low\": 1e-08, \"high\": 0.5, \"log\": true}}"}
{"op_code":4,"worker_id":"445391a8-1066-4917-be5a-91714c6a2f90-23456247935296","study_id":0,"datetime_start":"2026-07-27T14:14:47.376950"}
{"op_code":5,"worker_id":"d2e94233-16a9-4b1b-a1fd-f15142b31303-23456247935296","trial_id":862,"param_name":"ratio","param_value_internal":0.7760967360352753,"distribution":"{\"name\": \"FloatDistribution\", \"attributes\": {\"step\": null, \"low\": 0.1, \"high\": 100.0, \"log\": true}}"}
{"op_code":9,"worker_id":"445391a8-1066-4917-be5a-91714c6a2f90-23456247935296","trial_id":863,"system_attr":{"tpe:relative_params:0":"{\"lr\": 7.360236904753737e-08, \"ratio\": 86.18284955271501}"}}
{"op_code":5,"worker_id":"445391a8-1066-4917-be5a-91714c6a2f90-23456247935296","trial_id":863,"param_name":"lr","param_value_internal":7.360236904753737e-08,"distribution":"{\"name\": \"FloatDistribution\", \"attributes\": {\"step\": null, \"low\": 1e-08, \"high\": 0.5, \"log\": true}}"}
{"op_code":5,"worker_id":"445391a8-1066-4917-be5a-91714c6a2f90-23456247935296","trial_id":863,"param_name":"ratio","param_value_internal":86.18284955271501,"distribution":"{\"name\": \"FloatDistribution\", \"attributes\": {\"step\": null, \"low\": 0.1, \"high\": 100.0, \"log\": true}}"}
{"op_code":4,"worker_id":"ef3d5210-5fb0-4617-832f-805023e36f59-23456247935296","study_id":0,"datetime_start":"2026-07-27T14:14:44.175781"}
{"op_code":9,"worker_id":"ef3d5210-5fb0-4617-832f-805023e36f59-23456247935296","trial_id":864,"system_attr":{"tpe:relative_params:0":"{\"lr\": 3.0736366677443105e-06, \"ratio\": 40.646657973692456}"}}
{"op_code":5,"worker_id":"ef3d5210-5fb0-4617-832f-805023e36f59-23456247935296","trial_id":864,"param_name":"lr","param_value_internal":3.0736366677443105e-06,"distribution":"{\"name\": \"FloatDistribution\", \"attributes\": {\"step\": null, \"low\": 1e-08, \"high\": 0.5, \"log\": true}}"}
{"op_code":5,"worker_id":"ef3d5210-5fb0-4617-832f-805023e36f59-23456247935296","trial_id":864,"param_name":"ratio","param_value_internal":40.646657973692456,"distribution":"{\"name\": \"FloatDistribution\", \"attributes\": {\"step\": null, \"low\": 0.1, \"high\": 100.0, \"log\": true}}"}
{"op_code":0,"worker_id":"8d9f7f8c-a805-4155-af86-04f0851a2c04-23456247935296","study_name":"peter_mnist_k3","directions":[2]}
{"op_code":0,"worker_id":"0acb048e-7bdf-4380-ba17-4bd30834dd12-23456247935296","study_name":"peter_mnist_k3","directions":[2]}
{"op_code":4,"worker_id":"8d9f7f8c-a805-4155-af86-04f0851a2c04-23456247935296","study_id":0,"datetime_start":"2026-07-27T14:14:47.892439"}
{"op_code":4,"worker_id":"0acb048e-7bdf-4380-ba17-4bd30834dd12-23456247935296","study_id":0,"datetime_start":"2026-07-27T14:14:47.906402"}
{"op_code":9,"worker_id":"8d9f7f8c-a805-4155-af86-04f0851a2c04-23456247935296","trial_id":865,"system_attr":{"tpe:relative_params:0":"{\"lr\": 7.820500230536525e-07, \"ratio\": 19.332774443820405}"}}
{"op_code":5,"worker_id":"8d9f7f8c-a805-4155-af86-04f0851a2c04-23456247935296","trial_id":865,"param_name":"lr","param_value_internal":7.820500230536525e-07,"distribution":"{\"name\": \"FloatDistribution\", \"attributes\": {\"step\": null, \"low\": 1e-08, \"high\": 0.5, \"log\": true}}"}
{"op_code":9,"worker_id":"0acb048e-7bdf-4380-ba17-4bd30834dd12-23456247935296","trial_id":866,"system_attr":{"tpe:relative_params:0":"{\"lr\": 2.1592415965016812e-06, \"ratio\": 70.98560237969696}"}}
{"op_code":5,"worker_id":"0acb048e-7bdf-4380-ba17-4bd30834dd12-23456247935296","trial_id":866,"param_name":"lr","param_value_internal":2.1592415965016812e-06,"distribution":"{\"name\": \"FloatDistribution\", \"attributes\": {\"step\": null, \"low\": 1e-08, \"high\": 0.5, \"log\": true}}"}
{"op_code":5,"worker_id":"0acb048e-7bdf-4380-ba17-4bd30834dd12-23456247935296","trial_id":866,"param_name":"ratio","param_value_internal":70.98560237969696,"distribution":"{\"name\": \"FloatDistribution\", \"attributes\": {\"step\": null, \"low\": 0.1, \"high\": 100.0, \"log\": true}}"}
{"op_code":5,"worker_id":"8d9f7f8c-a805-4155-af86-04f0851a2c04-23456247935296","trial_id":865,"param_name":"ratio","param_value_internal":19.332774443820405,"distribution":"{\"name\": \"FloatDistribution\", \"attributes\": {\"step\": null, \"low\": 0.1, \"high\": 100.0, \"log\": true}}"}
{"op_code":0,"worker_id":"ec1fcf15-c0d0-4345-ae85-198e2a0ba319-23456247935296","study_name":"peter_mnist_k3","directions":[2]}
{"op_code":4,"worker_id":"ec1fcf15-c0d0-4345-ae85-198e2a0ba319-23456247935296","study_id":0,"datetime_start":"2026-07-27T14:14:48.362763"}
{"op_code":9,"worker_id":"ec1fcf15-c0d0-4345-ae85-198e2a0ba319-23456247935296","trial_id":867,"system_attr":{"tpe:relative_params:0":"{\"lr\": 1.6894806514429644e-07, \"ratio\": 41.834263610395936}"}}
{"op_code":5,"worker_id":"ec1fcf15-c0d0-4345-ae85-198e2a0ba319-23456247935296","trial_id":867,"param_name":"lr","param_value_internal":1.6894806514429644e-07,"distribution":"{\"name\": \"FloatDistribution\", \"attributes\": {\"step\": null, \"low\": 1e-08, \"high\": 0.5, \"log\": true}}"}
{"op_code":5,"worker_id":"ec1fcf15-c0d0-4345-ae85-198e2a0ba319-23456247935296","trial_id":867,"param_name":"ratio","param_value_internal":41.834263610395936,"distribution":"{\"name\": \"FloatDistribution\", \"attributes\": {\"step\": null, \"low\": 0.1, \"high\": 100.0, \"log\": true}}"}
{"op_code":4,"worker_id":"474b5a55-a085-4bcf-9e09-198e5d256579-23456247935296","study_id":0,"datetime_start":"2026-07-27T14:14:44.127929"}
{"op_code":9,"worker_id":"474b5a55-a085-4bcf-9e09-198e5d256579-23456247935296","trial_id":868,"system_attr":{"tpe:relative_params:0":"{\"lr\": 2.261625380537172e-05, \"ratio\": 29.65712782694571}"}}
{"op_code":5,"worker_id":"474b5a55-a085-4bcf-9e09-198e5d256579-23456247935296","trial_id":868,"param_name":"lr","param_value_internal":2.261625380537172e-05,"distribution":"{\"name\": \"FloatDistribution\", \"attributes\": {\"step\": null, \"low\": 1e-08, \"high\": 0.5, \"log\": true}}"}
{"op_code":5,"worker_id":"474b5a55-a085-4bcf-9e09-198e5d256579-23456247935296","trial_id":868,"param_name":"ratio","param_value_internal":29.65712782694571,"distribution":"{\"name\": \"FloatDistribution\", \"attributes\": {\"step\": null, \"low\": 0.1, \"high\": 100.0, \"log\": true}}"}
{"op_code":0,"worker_id":"f33d5d62-3596-48e8-b119-7cc43c9a4137-23456247935296","study_name":"peter_mnist_k3","directions":[2]}
{"op_code":4,"worker_id":"f33d5d62-3596-48e8-b119-7cc43c9a4137-23456247935296","study_id":0,"datetime_start":"2026-07-27T14:14:48.893068"}
{"op_code":9,"worker_id":"f33d5d62-3596-48e8-b119-7cc43c9a4137-23456247935296","trial_id":869,"system_attr":{"tpe:relative_params:0":"{\"lr\": 2.6339586888183784e-06, \"ratio\": 12.231308461978447}"}}
{"op_code":5,"worker_id":"f33d5d62-3596-48e8-b119-7cc43c9a4137-23456247935296","trial_id":869,"param_name":"lr","param_value_internal":2.6339586888183784e-06,"distribution":"{\"name\": \"FloatDistribution\", \"attributes\": {\"step\": null, \"low\": 1e-08, \"high\": 0.5, \"log\": true}}"}
{"op_code":5,"worker_id":"f33d5d62-3596-48e8-b119-7cc43c9a4137-23456247935296","trial_id":869,"param_name":"ratio","param_value_internal":12.231308461978447,"distribution":"{\"name\": \"FloatDistribution\", \"attributes\": {\"step\": null, \"low\": 0.1, \"high\": 100.0, \"log\": true}}"}
{"op_code":9,"worker_id":"f2a0b15e-8cc8-4c9c-addb-f8f86b2b8416-23456247935296","trial_id":837,"system_attr":{"tpe:relative_params:0":"{\"lr\": 2.5607506982491477e-08, \"ratio\": 22.65867898011132}"}}
{"op_code":5,"worker_id":"f2a0b15e-8cc8-4c9c-addb-f8f86b2b8416-23456247935296","trial_id":837,"param_name":"lr","param_value_internal":2.5607506982491477e-08,"distribution":"{\"name\": \"FloatDistribution\", \"attributes\": {\"step\": null, \"low\": 1e-08, \"high\": 0.5, \"log\": true}}"}
{"op_code":5,"worker_id":"f2a0b15e-8cc8-4c9c-addb-f8f86b2b8416-23456247935296","trial_id":837,"param_name":"ratio","param_value_internal":22.65867898011132,"distribution":"{\"name\": \"FloatDistribution\", \"attributes\": {\"step\": null, \"low\": 0.1, \"high\": 100.0, \"log\": true}}"}
{"op_code":4,"worker_id":"6b97bf5c-6e16-43f8-9fe3-40a6ab38d727-23456247935296","study_id":0,"datetime_start":"2026-07-27T14:14:43.981559"}
{"op_code":9,"worker_id":"6b97bf5c-6e16-43f8-9fe3-40a6ab38d727-23456247935296","trial_id":870,"system_attr":{"tpe:relative_params:0":"{\"lr\": 1.8364494999329907e-06, \"ratio\": 55.54525185072543}"}}
{"op_code":5,"worker_id":"6b97bf5c-6e16-43f8-9fe3-40a6ab38d727-23456247935296","trial_id":870,"param_name":"lr","param_value_internal":1.8364494999329907e-06,"distribution":"{\"name\": \"FloatDistribution\", \"attributes\": {\"step\": null, \"low\": 1e-08, \"high\": 0.5, \"log\": true}}"}
{"op_code":5,"worker_id":"6b97bf5c-6e16-43f8-9fe3-40a6ab38d727-23456247935296","trial_id":870,"param_name":"ratio","param_value_internal":55.54525185072543,"distribution":"{\"name\": \"FloatDistribution\", \"attributes\": {\"step\": null, \"low\": 0.1, \"high\": 100.0, \"log\": true}}"}
{"op_code":0,"worker_id":"83426f28-277b-403c-abd7-dbea9ebdb62b-23456247935296","study_name":"peter_mnist_k3","directions":[2]}
{"op_code":4,"worker_id":"83426f28-277b-403c-abd7-dbea9ebdb62b-23456247935296","study_id":0,"datetime_start":"2026-07-27T14:14:49.643780"}
{"op_code":9,"worker_id":"83426f28-277b-403c-abd7-dbea9ebdb62b-23456247935296","trial_id":871,"system_attr":{"tpe:relative_params:0":"{\"lr\": 5.771943544268229e-07, \"ratio\": 11.8301008091365}"}}
{"op_code":5,"worker_id":"83426f28-277b-403c-abd7-dbea9ebdb62b-23456247935296","trial_id":871,"param_name":"lr","param_value_internal":5.771943544268229e-07,"distribution":"{\"name\": \"FloatDistribution\", \"attributes\": {\"step\": null, \"low\": 1e-08, \"high\": 0.5, \"log\": true}}"}
{"op_code":5,"worker_id":"83426f28-277b-403c-abd7-dbea9ebdb62b-23456247935296","trial_id":871,"param_name":"ratio","param_value_internal":11.8301008091365,"distribution":"{\"name\": \"FloatDistribution\", \"attributes\": {\"step\": null, \"low\": 0.1, \"high\": 100.0, \"log\": true}}"}
{"op_code":0,"worker_id":"4c9df7aa-c761-4b8d-955b-18bf9a5d3374-23456247935296","study_name":"peter_mnist_k3","directions":[2]}
{"op_code":4,"worker_id":"4c9df7aa-c761-4b8d-955b-18bf9a5d3374-23456247935296","study_id":0,"datetime_start":"2026-07-27T14:14:49.935868"}
{"op_code":9,"worker_id":"4c9df7aa-c761-4b8d-955b-18bf9a5d3374-23456247935296","trial_id":872,"system_attr":{"tpe:relative_params:0":"{\"lr\": 5.528615363118554e-06, \"ratio\": 4.933616947302275}"}}
{"op_code":5,"worker_id":"4c9df7aa-c761-4b8d-955b-18bf9a5d3374-23456247935296","trial_id":872,"param_name":"lr","param_value_internal":5.528615363118554e-06,"distribution":"{\"name\": \"FloatDistribution\", \"attributes\": {\"step\": null, \"low\": 1e-08, \"high\": 0.5, \"log\": true}}"}
{"op_code":5,"worker_id":"4c9df7aa-c761-4b8d-955b-18bf9a5d3374-23456247935296","trial_id":872,"param_name":"ratio","param_value_internal":4.933616947302275,"distribution":"{\"name\": \"FloatDistribution\", \"attributes\": {\"step\": null, \"low\": 0.1, \"high\": 100.0, \"log\": true}}"}
{"op_code":0,"worker_id":"37154ec6-9e86-4aec-8c7f-ca26efc5daa4-23456247935296","study_name":"peter_mnist_k3","directions":[2]}
{"op_code":4,"worker_id":"37154ec6-9e86-4aec-8c7f-ca26efc5daa4-23456247935296","study_id":0,"datetime_start":"2026-07-27T14:14:50.379348"}
{"op_code":9,"worker_id":"37154ec6-9e86-4aec-8c7f-ca26efc5daa4-23456247935296","trial_id":873,"system_attr":{"tpe:relative_params:0":"{\"lr\": 1.428051351700791e-07, \"ratio\": 48.67341447486552}"}}
{"op_code":5,"worker_id":"37154ec6-9e86-4aec-8c7f-ca26efc5daa4-23456247935296","trial_id":873,"param_name":"lr","param_value_internal":1.428051351700791e-07,"distribution":"{\"name\": \"FloatDistribution\", \"attributes\": {\"step\": null, \"low\": 1e-08, \"high\": 0.5, \"log\": true}}"}
{"op_code":5,"worker_id":"37154ec6-9e86-4aec-8c7f-ca26efc5daa4-23456247935296","trial_id":873,"param_name":"ratio","param_value_internal":48.67341447486552,"distribution":"{\"name\": \"FloatDistribution\", \"attributes\": {\"step\": null, \"low\": 0.1, \"high\": 100.0, \"log\": true}}"}
{"op_code":9,"worker_id":"d00dec79-b54b-404f-a603-2b7c37e4c035-23456247935296","trial_id":847,"system_attr":{"tpe:relative_params:0":"{\"lr\": 1.1224064473669544e-07, \"ratio\": 34.42345562934306}"}}
{"op_code":5,"worker_id":"d00dec79-b54b-404f-a603-2b7c37e4c035-23456247935296","trial_id":847,"param_name":"lr","param_value_internal":1.1224064473669544e-07,"distribution":"{\"name\": \"FloatDistribution\", \"attributes\": {\"step\": null, \"low\": 1e-08, \"high\": 0.5, \"log\": true}}"}
{"op_code":5,"worker_id":"d00dec79-b54b-404f-a603-2b7c37e4c035-23456247935296","trial_id":847,"param_name":"ratio","param_value_internal":34.42345562934306,"distribution":"{\"name\": \"FloatDistribution\", \"attributes\": {\"step\": null, \"low\": 0.1, \"high\": 100.0, \"log\": true}}"}
{"op_code":0,"worker_id":"5885c9d7-b778-4062-b737-f52fd6ab0d42-23456247935296","study_name":"peter_mnist_k3","directions":[2]}
{"op_code":4,"worker_id":"5885c9d7-b778-4062-b737-f52fd6ab0d42-23456247935296","study_id":0,"datetime_start":"2026-07-27T14:14:50.983642"}
{"op_code":9,"worker_id":"5885c9d7-b778-4062-b737-f52fd6ab0d42-23456247935296","trial_id":874,"system_attr":{"tpe:relative_params:0":"{\"lr\": 3.61443667123415e-06, \"ratio\": 83.0315083548214}"}}
{"op_code":5,"worker_id":"5885c9d7-b778-4062-b737-f52fd6ab0d42-23456247935296","trial_id":874,"param_name":"lr","param_value_internal":3.61443667123415e-06,"distribution":"{\"name\": \"FloatDistribution\", \"attributes\": {\"step\": null, \"low\": 1e-08, \"high\": 0.5, \"log\": true}}"}
{"op_code":5,"worker_id":"5885c9d7-b778-4062-b737-f52fd6ab0d42-23456247935296","trial_id":874,"param_name":"ratio","param_value_internal":83.0315083548214,"distribution":"{\"name\": \"FloatDistribution\", \"attributes\": {\"step\": null, \"low\": 0.1, \"high\": 100.0, \"log\": true}}"}
{"op_code":0,"worker_id":"572445ba-d9d9-43c4-a15d-ab073d95f65e-23456247935296","study_name":"peter_mnist_k3","directions":[2]}
{"op_code":4,"worker_id":"572445ba-d9d9-43c4-a15d-ab073d95f65e-23456247935296","study_id":0,"datetime_start":"2026-07-27T14:14:51.980449"}
{"op_code":9,"worker_id":"572445ba-d9d9-43c4-a15d-ab073d95f65e-23456247935296","trial_id":875,"system_attr":{"tpe:relative_params:0":"{\"lr\": 5.221727034951405e-08, \"ratio\": 91.38241705828673}"}}
{"op_code":5,"worker_id":"572445ba-d9d9-43c4-a15d-ab073d95f65e-23456247935296","trial_id":875,"param_name":"lr","param_value_internal":5.221727034951405e-08,"distribution":"{\"name\": \"FloatDistribution\", \"attributes\": {\"step\": null, \"low\": 1e-08, \"high\": 0.5, \"log\": true}}"}
{"op_code":5,"worker_id":"572445ba-d9d9-43c4-a15d-ab073d95f65e-23456247935296","trial_id":875,"param_name":"ratio","param_value_internal":91.38241705828673,"distribution":"{\"name\": \"FloatDistribution\", \"attributes\": {\"step\": null, \"low\": 0.1, \"high\": 100.0, \"log\": true}}"}
{"op_code":6,"worker_id":"973ea612-283e-4030-a021-b50de3b32004-23456247935296","trial_id":860,"state":3,"values":null,"datetime_complete":"2026-07-27T14:31:25.493484"}
{"op_code":6,"worker_id":"d2e94233-16a9-4b1b-a1fd-f15142b31303-23456247935296","trial_id":862,"state":3,"values":null,"datetime_complete":"2026-07-27T14:31:59.992761"}
{"op_code":6,"worker_id":"474b5a55-a085-4bcf-9e09-198e5d256579-23456247935296","trial_id":868,"state":3,"values":null,"datetime_complete":"2026-07-27T14:32:51.027204"}
{"op_code":6,"worker_id":"e8fc4085-be1a-4938-a6e7-965e37425d22-23456247935296","trial_id":846,"state":3,"values":null,"datetime_complete":"2026-07-27T14:34:28.065598"}
{"op_code":6,"worker_id":"709966ba-63f3-460e-afd7-c3274d39d38a-23456247935296","trial_id":851,"state":3,"values":null,"datetime_complete":"2026-07-27T14:36:24.017039"}
{"op_code":6,"worker_id":"f41c60b8-e135-40c4-a59e-3354373ed17c-23456247935296","trial_id":844,"state":3,"values":null,"datetime_complete":"2026-07-27T14:37:05.902580"}
{"op_code":6,"worker_id":"9c0226ad-1975-468a-81cc-78b05c9ddd7c-23456247935296","trial_id":861,"state":3,"values":null,"datetime_complete":"2026-07-27T14:37:31.205682"}
{"op_code":6,"worker_id":"6eff2e1f-b58e-4b67-8f8c-63a4740375ca-23456247935296","trial_id":838,"state":3,"values":null,"datetime_complete":"2026-07-27T14:38:00.820241"}
{"op_code":6,"worker_id":"4c9df7aa-c761-4b8d-955b-18bf9a5d3374-23456247935296","trial_id":872,"state":3,"values":null,"datetime_complete":"2026-07-27T14:42:40.218223"}
{"op_code":6,"worker_id":"4a34f2d0-825e-4e7e-be70-cac013ad4b61-23456247935296","trial_id":857,"state":3,"values":null,"datetime_complete":"2026-07-27T14:48:36.567828"}
{"op_code":6,"worker_id":"23b88ed0-bb35-4414-badd-d92ce36eab4e-23456247935296","trial_id":845,"state":3,"values":null,"datetime_complete":"2026-07-27T14:57:26.437084"}
{"op_code":6,"worker_id":"6b97bf5c-6e16-43f8-9fe3-40a6ab38d727-23456247935296","trial_id":870,"state":3,"values":null,"datetime_complete":"2026-07-27T14:57:46.521664"}
{"op_code":6,"worker_id":"ef3d5210-5fb0-4617-832f-805023e36f59-23456247935296","trial_id":864,"state":3,"values":null,"datetime_complete":"2026-07-27T14:59:23.246019"}
{"op_code":6,"worker_id":"0acb048e-7bdf-4380-ba17-4bd30834dd12-23456247935296","trial_id":866,"state":3,"values":null,"datetime_complete":"2026-07-27T14:59:27.227531"}
{"op_code":6,"worker_id":"ffaca05c-f089-4954-8aae-2c4b2caf3b7a-23456247935296","trial_id":836,"state":3,"values":null,"datetime_complete":"2026-07-27T14:59:47.996755"}
{"op_code":6,"worker_id":"56e8e9ba-20e3-4974-97a6-37cb360e76b9-23456247935296","trial_id":843,"state":3,"values":null,"datetime_complete":"2026-07-27T15:00:15.135121"}
{"op_code":6,"worker_id":"e6f9dd6c-8c82-4c41-98bb-18caa6450e20-23456247935296","trial_id":842,"state":3,"values":null,"datetime_complete":"2026-07-27T15:00:17.681701"}
{"op_code":6,"worker_id":"5885c9d7-b778-4062-b737-f52fd6ab0d42-23456247935296","trial_id":874,"state":3,"values":null,"datetime_complete":"2026-07-27T15:01:31.120863"}
{"op_code":6,"worker_id":"f33d5d62-3596-48e8-b119-7cc43c9a4137-23456247935296","trial_id":869,"state":3,"values":null,"datetime_complete":"2026-07-27T15:08:31.260745"}
{"op_code":6,"worker_id":"54a22f9b-4ea5-49d6-9f34-7420ec273640-23456247935296","trial_id":859,"state":3,"values":null,"datetime_complete":"2026-07-27T15:29:36.531665"}
{"op_code":6,"worker_id":"8e3896e4-d9d8-4225-a13f-6659309e50fe-23456247935296","trial_id":856,"state":3,"values":null,"datetime_complete":"2026-07-27T15:30:26.183907"}
{"op_code":6,"worker_id":"061f7f11-4cc7-42a5-814a-bf7cea33ea97-23456247935296","trial_id":841,"state":1,"values":[-3578.449924460691],"datetime_complete":"2026-07-27T15:39:30.916810"}
{"op_code":6,"worker_id":"37154ec6-9e86-4aec-8c7f-ca26efc5daa4-23456247935296","trial_id":873,"state":1,"values":[-3540.1224843744417],"datetime_complete":"2026-07-27T15:39:45.832298"}
{"op_code":6,"worker_id":"fa294174-eebe-4e58-ac00-86d7114487e3-23456247935296","trial_id":853,"state":1,"values":[-3499.024776124183],"datetime_complete":"2026-07-27T15:39:56.364485"}
{"op_code":6,"worker_id":"4c537ef2-5996-44c8-a144-4031192327b7-23456247935296","trial_id":855,"state":1,"values":[-3501.088316379423],"datetime_complete":"2026-07-27T15:40:08.138731"}
{"op_code":6,"worker_id":"2f846e0a-eb06-40d7-abd1-cb0210ba1eea-23456247935296","trial_id":840,"state":1,"values":[-3512.9876631275665],"datetime_complete":"2026-07-27T15:40:08.408767"}
{"op_code":6,"worker_id":"969fd096-1751-49ec-8b69-55b84c16158a-23456247935296","trial_id":848,"state":1,"values":[-3492.7536687512134],"datetime_complete":"2026-07-27T15:40:20.652346"}
{"op_code":6,"worker_id":"d00dec79-b54b-404f-a603-2b7c37e4c035-23456247935296","trial_id":847,"state":1,"values":[-3548.960639488287],"datetime_complete":"2026-07-27T15:40:40.455060"}
{"op_code":6,"worker_id":"e7d8df48-3d9a-4d6a-8760-91c890119e8c-23456247935296","trial_id":858,"state":1,"values":[-3593.6783464873765],"datetime_complete":"2026-07-27T15:40:40.776145"}
{"op_code":6,"worker_id":"8d9f7f8c-a805-4155-af86-04f0851a2c04-23456247935296","trial_id":865,"state":1,"values":[-3444.3908463813505],"datetime_complete":"2026-07-27T15:41:01.049435"}
{"op_code":6,"worker_id":"d7ca20c9-2fda-490e-b0cc-fb209c7c4d30-23456247935296","trial_id":852,"state":1,"values":[-3535.4804618662083],"datetime_complete":"2026-07-27T15:41:47.681248"}
{"op_code":6,"worker_id":"445391a8-1066-4917-be5a-91714c6a2f90-23456247935296","trial_id":863,"state":1,"values":[-3561.217513110129],"datetime_complete":"2026-07-27T15:42:30.915115"}
{"op_code":6,"worker_id":"016ff2e9-7d23-4bb5-9343-9ca07e737992-23456247935296","trial_id":850,"state":1,"values":[-3538.5637500566045],"datetime_complete":"2026-07-27T15:43:16.534208"}
{"op_code":6,"worker_id":"8b006f91-82af-48a5-8529-4e0803b8eb19-23456247935296","trial_id":854,"state":1,"values":[-3455.0372210909577],"datetime_complete":"2026-07-27T15:43:20.024721"}
{"op_code":6,"worker_id":"f2a0b15e-8cc8-4c9c-addb-f8f86b2b8416-23456247935296","trial_id":837,"state":1,"values":[-3585.6174231531118],"datetime_complete":"2026-07-27T15:44:41.463623"}
{"op_code":6,"worker_id":"ec1fcf15-c0d0-4345-ae85-198e2a0ba319-23456247935296","trial_id":867,"state":1,"values":[-3533.778467578537],"datetime_complete":"2026-07-27T15:45:08.017174"}
{"op_code":6,"worker_id":"3d39e92e-3eab-46ae-ab1e-05d6abebb51b-23456247935296","trial_id":849,"state":1,"values":[-3536.8247933449643],"datetime_complete":"2026-07-27T15:45:17.871149"}
{"op_code":6,"worker_id":"572445ba-d9d9-43c4-a15d-ab073d95f65e-23456247935296","trial_id":875,"state":1,"values":[-3567.923255191824],"datetime_complete":"2026-07-27T15:45:43.958099"}
{"op_code":6,"worker_id":"83426f28-277b-403c-abd7-dbea9ebdb62b-23456247935296","trial_id":871,"state":1,"values":[-3468.208946822897],"datetime_complete":"2026-07-27T15:46:07.172956"}
{"op_code":6,"worker_id":"089b7a43-2e70-4773-b58d-8746793e1370-23456247935296","trial_id":839,"state":1,"values":[-3540.189448815682],"datetime_complete":"2026-07-27T15:46:57.746342"}
