0,0,0,0,1,0,1,0,1,0,0,1,1,0,0,0,1,1,0,1,0,1,0,1,0,0,1,0,0,1,2,0,0,0,1,0,1,1,0,0,0,0,0,0,1,1,0,0,1,1,0,0,0,0,0,0,2,1,0,0,1,0,0,0,1,1,0,0,0,0,1,0,0,0,0,0,0,0,0,0,1,1,0,0,0,0,0,1,1,2,0,0,0,0,0,0,0,0,0,0,0,1,0,1,1,0,0,2,1,0,0,0,0,0,0,0,1,0,1,1,0,0,0,1,1,0,0,0,0,0,1,0,1,2,0,1,0,0,0,0,1,0,1,1,0,0,0,0,0,0,1,1,0,0,0,0,2,1,0,0,0,1,0,0,0,1,0,0,1,1,0,0,0,1,0,0,0,0,1,0,0,0,0,0,0,1,0,1,1,0,0,0,1,1,0,0,0,0,0,2,0,0,84,186,160,151,59,35,0,1,0,1,0,0,0,0,0,1,0,0,2,0,1,0,0,0,2,0,1,0,223,253,255,252,255,243,198,200,198,198,198,199,196,197,171,54,0,0,0,0,0,0,1,1,2,1,0,0,68,113,73,112,162,226,254,227,255,253,255,249,228,253,254,139,0,0,0,0,0,0,0,0,0,0,2,0,0,2,0,0,0,20,65,15,67,66,66,60,22,236,253,106,1,1,1,1,0,1,0,2,0,0,0,0,0,0,1,0,0,0,1,1,0,0,0,0,83,252,209,17,1,0,1,1,0,0,1,1,0,0,1,0,0,0,0,1,1,0,0,0,0,1,0,22,233,255,84,2,0,1,0,1,1,1,0,0,0,1,0,0,0,1,0,0,0,0,0,0,2,1,0,128,252,238,44,0,0,0,0,0,1,0,0,0,0,0,0,1,2,0,0,1,0,2,0,0,0,0,58,251,255,63,0,0,1,0,0,1,1,0,1,0,0,0,1,0,0,0,2,0,1,1,1,0,0,1,134,253,187,5,0,0,0,0,0,0,1,0,0,1,0,0,0,0,1,1,0,0,0,0,2,0,0,8,205,248,56,1,0,0,0,0,1,1,1,1,0,0,0,0,1,0,0,0,0,0,0,0,0,0,2,125,255,182,1,0,1,0,0,0,0,0,1,1,0,0,0,0,0,1,1,0,1,1,0,1,2,0,76,251,240,57,0,0,1,1,1,1,1,1,0,2,0,0,1,0,1,0,0,0,0,0,0,2,1,18,221,254,167,0,1,0,0,2,0,1,0,2,0,0,0,0,0,0,0,2,0,0,0,0,0,2,3,203,253,221,36,0,0,0,0,0,1,0,0,1,0,0,1,1,1,0,0,0,0,1,0,1,0,1,38,252,255,78,0,1,0,1,1,0,1,0,1,0,0,0,0,0,0,0,0,1,0,0,0,0,0,31,223,255,115,2,1,1,1,2,0,1,0,0,0,1,0,0,0,1,0,0,0,1,0,0,0,0,0,132,254,254,52,0,0,0,0,0,0,0,0,0,0,0,0,1,1,0,0,0,1,1,0,1,0,0,62,241,255,253,51,0,0,0,0,2,0,1,0,0,0,0,0,0,0,1,0,1,0,1,0,1,0,0,122,253,252,219,39,0,1,0,0,0,1,0,1,1,0,1,0,0,0,1,1,0,1,2,0,0,0,0,121,254,206,18,0,0,0,0,2,0,0,0,1,0,0,0,0,0,0,0,1,2,1,0,0,0,0,0,0,0,0,1,0,0,0,1,0,0,0,0,0,0,0,0,2,1
0,0,0,0,0,1,0,0,1,0,0,1,0,0,0,0,0,0,0,1,1,1,0,0,1,0,1,1,0,0,1,0,0,0,0,0,0,0,0,0,0,1,1,0,1,0,1,0,1,0,1,0,0,0,0,0,0,0,1,2,2,3,0,0,1,0,2,2,0,1,0,0,0,0,0,1,0,1,0,0,0,0,1,0,0,0,0,1,0,0,0,0,1,0,114,126,170,255,255,152,91,0,0,0,0,0,0,0,1,0,1,0,0,1,2,0,0,0,1,0,0,169,253,253,252,252,254,253,219,31,0,1,0,1,0,1,0,0,0,0,0,0,0,1,1,0,0,0,169,254,254,255,213,143,176,252,254,124,0,1,0,0,0,1,0,1,0,0,0,0,1,0,0,0,0,52,250,253,210,31,12,0,6,206,255,140,0,0,0,2,1,0,0,0,1,0,0,0,0,0,0,0,0,79,251,210,25,2,0,0,120,248,252,64,1,0,0,0,0,0,0,1,0,0,0,0,0,0,1,0,0,1,31,19,0,0,1,0,208,252,251,64,0,1,0,0,0,0,0,0,0,1,0,1,0,0,0,0,0,3,0,2,2,0,2,118,248,253,198,10,0,0,0,0,0,0,0,0,0,0,0,0,1,0,1,0,0,0,0,0,0,0,76,248,252,231,62,0,1,0,1,0,0,0,0,1,0,1,0,0,0,0,0,0,0,1,1,0,1,1,128,255,253,144,0,0,0,0,0,2,1,1,0,0,2,2,1,0,1,2,0,0,1,0,1,0,1,176,245,253,160,12,2,0,0,0,0,0,1,2,0,0,0,2,0,1,1,0,1,0,1,0,0,0,26,235,253,233,36,0,0,0,1,0,0,1,0,0,0,0,1,0,0,0,0,0,0,0,0,0,0,1,198,252,252,141,3,0,0,1,0,0,0,0,0,0,0,3,0,0,0,0,0,1,0,0,1,0,0,77,248,253,188,11,1,2,0,2,0,0,0,0,0,1,0,0,0,0,1,1,1,0,0,0,0,0,17,199,252,252,142,0,0,1,0,0,1,0,0,0,0,0,0,0,0,0,0,0,0,1,1,1,0,1,135,252,254,172,13,0,0,0,0,0,0,0,0,1,0,1,1,0,0,0,0,2,1,0,0,2,1,0,248,251,251,25,0,0,1,2,0,3,0,0,0,0,0,1,0,4,0,1,0,0,0,0,0,1,0,2,248,250,253,44,19,20,21,19,4,0,5,20,21,38,149,149,150,148,13,0,0,0,0,0,1,0,0,2,248,254,254,254,255,254,254,254,168,142,166,253,253,254,253,252,253,252,123,0,0,0,0,0,0,0,0,0,173,252,253,252,253,254,254,254,254,254,253,252,249,246,248,169,116,117,55,0,1,0,0,0,0,0,1,0,0,117,124,122,123,166,252,250,253,155,120,124,40,0,0,0,2,0,0,1,1,0,0,0,3,1,0,0,0,0,0,0,1,0,1,0,2,1,2,0,1,0,0,0,1,1,0,1,1,3,2,0,0,0,0,0,0,0,0,2,1,0,0,0,0,0,0,0,0,0,0,1,1,0,0,0,0,0,1,0,2,0,0,3,1,1,0,2,0,0,0,0,0,0,0,0,0,1,0,1,0,0,0,0,0,0,0,1,1,1,0,1,0,0,0,0,0,1,0,1,0,2,1,0,0,0,0,1,1,0,0,0,0,1,0,0,1,0,0,0,0,0,1,0,0,0,0,0,0,2,0,0,0,0,0,0,0,0,0,0
1,1,0,0,0,0,1,0,0,0,0,0,1,0,0,0,0,0,0,0,0,0,0,0,0,0,0,1,0,1,0,0,0,0,1,0,0,2,1,0,1,3,0,0,2,1,0,1,1,0,0,0,1,0,0,0,0,0,1,0,1,0,0,2,0,2,1,0,1,1,0,1,0,0,0,0,0,0,0,1,0,0,3,0,0,0,0,2,0,0,0,0,0,1,0,1,0,1,0,0,0,0,0,0,1,2,0,2,0,1,0,1,0,1,1,0,0,0,0,0,0,1,1,0,0,0,2,1,38,252,109,0,0,0,0,0,0,0,0,1,1,0,0,0,2,0,1,1,1,0,0,0,2,0,0,0,88,254,81,0,0,0,0,0,2,0,0,0,0,0,0,1,3,0,0,0,2,0,0,0,2,1,1,0,135,240,1,0,0,0,0,0,0,1,0,0,0,2,0,0,0,0,0,1,0,0,1,0,0,0,0,45,243,149,0,0,2,0,0,0,0,0,0,1,1,2,2,0,0,0,0,0,0,0,0,0,1,0,0,84,254,63,0,0,2,0,0,0,0,0,0,0,0,0,1,0,0,0,3,0,0,1,0,0,1,0,1,201,225,12,1,0,1,1,1,0,0,0,0,0,0,1,0,0,0,0,0,2,0,0,2,0,0,1,32,255,217,0,0,2,2,1,0,0,0,0,0,0,0,1,0,1,0,0,0,0,0,0,0,0,1,2,96,253,195,0,1,0,0,1,0,1,0,0,1,0,0,1,1,0,2,3,2,0,0,1,1,0,1,1,139,253,78,0,1,0,0,0,1,0,1,0,1,1,0,1,1,0,1,1,0,2,2,0,1,1,0,55,236,205,8,0,0,0,2,0,1,0,1,1,0,1,3,0,0,0,1,1,4,2,1,0,0,0,0,125,255,164,2,0,0,0,0,1,0,1,0,0,0,0,2,1,0,0,1,0,1,0,1,1,0,0,0,171,253,81,0,0,0,1,2,0,0,0,0,0,0,3,2,0,0,0,1,0,0,1,0,1,1,1,29,233,217,0,0,2,1,1,0,0,0,0,0,0,1,0,0,1,0,0,1,0,1,0,1,0,0,0,121,254,159,1,0,0,0,0,0,0,1,0,0,0,1,0,0,1,1,0,1,1,0,0,0,1,2,1,152,253,142,0,1,0,0,0,0,3,0,0,1,0,1,1,1,0,2,0,0,0,0,0,0,0,0,0,228,255,67,1,0,1,0,1,0,0,1,1,0,0,0,1,1,0,1,0,0,0,0,0,1,1,1,60,249,255,66,1,0,1,0,0,0,1,0,0,0,0,0,0,0,0,1,0,0,0,0,0,2,1,0,142,253,205,3,0,1,0,0,1,2,2,1,0,0,0,0,1,0,0,0,0,0,0,0,2,1,0,11,215,254,123,1,0,0,0,1,0,0,0,0,0,1,0,0,0,1,1,0,0,0,0,1,0,0,0,5,199,176,10,0,0,0,1,0,1,0,0,1,0,0,0,0,0,1,0,0,1,1,0,0,1,1,2,1,1,0,0,1,0,0,0,1,0,0,0,0,0,1,0,0,1,0,1,2,0,1,2,0,0,0,0,0,0,0,0,0,0,0,2,2,1,1,0,0,0,0,0,0,0,1,2,2,0,0,1,1,0,0,0,1,0,0,0,2,0,1,0,0,0,1,0,2,1,1,2,1,0,0,0,1,0,0,2,0,0,0,0,0,0,0,0,0,0,0,0,0,1,0,0,0,1,0,0,0,0
0,0,0,0,1,0,1,0,0,0,0,0,0,1,0,2,0,0,0,0,2,1,0,0,2,0,0,1,0,0,1,0,0,0,0,0,0,0,1,1,1,0,2,0,0,1,1,0,1,0,2,0,0,0,0,0,0,0,0,0,2,0,1,0,0,1,0,2,0,0,2,0,0,2,0,0,1,1,0,0,0,0,0,2,1,0,0,0,0,1,0,0,0,0,0,1,0,0,1,2,0,0,0,0,0,0,0,1,0,0,0,1,2,0,0,0,1,2,1,0,0,0,0,0,10,151,252,202,31,0,0,0,0,0,0,2,1,0,0,0,0,0,0,0,0,0,0,0,0,1,0,0,38,251,251,252,106,0,0,0,0,0,1,1,0,2,2,0,0,0,1,0,1,2,0,0,0,0,1,21,198,250,252,253,107,0,0,1,0,0,1,0,0,2,1,0,1,1,1,1,1,0,1,0,0,1,110,191,251,252,251,252,168,110,61,1,0,0,0,0,0,0,1,0,0,1,0,0,0,0,0,0,0,0,253,251,250,251,251,253,253,251,218,50,1,0,1,0,1,0,1,0,0,1,0,0,0,0,0,0,0,183,255,253,252,255,253,234,220,253,251,253,0,1,0,0,1,0,2,0,0,0,0,0,0,0,0,1,63,222,253,249,248,252,147,77,62,127,251,252,105,0,1,1,0,0,0,1,1,1,1,0,1,0,0,33,228,250,254,252,221,137,10,0,1,32,229,252,243,112,3,0,0,0,0,0,1,1,1,1,0,0,0,37,250,251,252,189,20,0,1,0,1,0,110,251,253,251,35,0,0,0,0,0,1,0,0,0,0,0,0,38,251,252,202,29,2,0,1,1,1,0,31,200,254,250,34,0,1,1,1,1,1,1,2,0,0,1,1,37,253,254,0,0,0,0,0,0,0,0,32,203,254,252,164,0,0,0,0,0,0,0,1,1,0,0,0,142,250,251,0,0,2,0,2,2,0,0,110,250,253,251,35,2,1,0,0,0,1,0,0,0,0,0,2,216,250,250,1,0,0,2,1,0,20,63,230,251,252,231,31,0,0,1,0,0,1,0,0,1,1,2,0,217,251,251,0,0,0,0,2,0,144,253,250,251,222,61,0,0,0,2,0,0,1,1,1,1,2,0,0,217,251,251,0,0,1,1,0,182,220,250,251,252,180,0,0,0,0,0,2,2,0,0,0,1,1,0,0,217,254,252,73,71,228,251,253,255,252,252,254,252,2,2,1,0,0,0,0,1,0,0,0,0,0,0,0,114,251,251,252,251,252,250,251,254,249,251,250,148,0,0,0,1,0,0,2,1,1,0,1,0,0,0,0,30,230,249,253,251,250,252,250,251,231,189,34,10,0,0,0,0,1,0,0,0,2,0,0,0,0,0,0,0,61,142,253,252,250,250,252,255,106,2,1,0,0,0,0,0,1,1,0,0,0,0,2,0,1,1,0,1,0,1,71,173,252,173,73,71,30,0,0,1,0,0,0,0,0,0,1,0,1,0,0,0,2,0,0,0,0,0,1,0,2,0,1,0,0,0,0,0,0,0,0,0,1,0,0,0,1,0,1,0,2,0,0,2,0,2,3,0,0,0,1,0,0,0,0,0,1,1,0,1,0,0,0,0,0,2,0,0,0,0,1,0,0,0,0,1,1,0,1,0,0,0,0,0,0,0,1,0,0,0,0,1,1,2,0,0,0,0,0,1,0,0,1,1,0,0,0,1,0,1,0,0,0,0,1,2,0,0,0,0
2,1,1,1,0,0,0,0,0,1,0,0,0,0,0,0,0,1,0,0,0,1,0,0,0,0,0,0,0,0,0,0,0,0,0,0,0,0,0,0,0,0,1,0,0,0,0,1,1,0,0,1,0,0,0,0,1,0,1,0,1,3,1,0,0,0,1,0,0,0,0,1,0,1,0,0,2,1,0,0,0,2,0,0,1,0,0,0,0,0,1,0,1,0,0,0,0,2,0,0,0,0,2,0,0,0,0,0,0,1,0,0,0,1,0,0,2,0,1,0,0,0,0,0,0,1,1,1,0,0,0,0,0,0,0,0,0,1,0,0,2,0,0,0,0,0,0,0,0,0,49,223,0,1,1,0,0,0,0,70,28,0,1,0,0,0,0,0,2,0,0,0,1,0,0,0,1,0,121,233,1,0,1,1,0,0,0,148,168,0,1,0,0,1,0,0,0,0,0,1,0,0,1,0,1,4,194,231,0,0,0,2,1,0,1,96,209,11,1,1,0,0,0,1,0,0,0,0,1,0,0,0,1,67,253,133,0,2,0,0,0,0,1,114,255,21,0,1,0,0,0,0,1,0,1,1,0,1,0,0,46,235,216,12,1,0,0,0,0,1,0,194,253,21,2,1,0,1,0,0,0,0,0,0,0,1,0,0,167,247,53,0,0,0,0,0,2,1,17,255,255,22,1,0,0,0,1,1,1,0,0,0,0,0,0,86,242,211,0,1,0,0,0,0,1,0,143,254,188,6,0,0,0,0,1,0,0,0,0,0,0,0,0,168,251,106,0,0,0,0,0,1,0,31,232,251,67,0,0,1,0,0,0,1,0,0,0,1,0,0,16,224,254,1,1,1,0,0,0,0,0,134,252,213,0,1,1,0,0,0,1,0,0,1,0,0,1,1,22,251,164,1,0,1,0,0,1,0,0,170,253,168,0,0,0,0,0,0,1,0,0,0,2,0,0,0,8,204,207,19,1,0,0,0,0,1,23,252,254,108,0,0,1,0,0,0,1,0,0,0,1,0,0,0,0,169,252,197,84,86,85,85,130,163,195,252,251,106,0,0,0,0,0,0,0,0,0,0,0,0,1,0,1,40,169,246,253,254,251,252,232,231,251,252,251,9,0,0,0,1,0,0,0,2,1,1,0,2,2,0,0,0,0,48,85,84,84,85,0,0,158,254,251,0,0,1,0,0,1,0,0,0,0,0,1,1,0,0,1,2,0,0,0,2,0,0,2,0,129,253,253,44,1,0,0,1,0,0,0,0,0,0,0,0,0,0,0,0,0,0,1,0,0,0,0,0,129,252,253,0,0,1,0,0,0,0,0,1,0,0,1,0,0,1,0,2,0,0,1,2,0,0,0,1,127,253,251,0,0,0,0,0,0,0,0,1,0,0,0,3,0,0,1,0,0,0,1,0,0,1,0,0,136,252,243,2,0,0,2,0,1,0,0,0,0,0,1,0,0,0,0,0,0,0,2,0,2,1,0,1,231,236,111,0,2,0,1,0,0,0,0,1,0,0,1,0,1,0,0,0,0,3,0,0,0,0,0,1,180,65,0,1,0,1,0,0,0,0,0,1,1,0,0,1,2,0,1,0,0,0,0,0,0,2,0,0,0,0,0,0,0,0,0,1,0,0,1,0,2,0,0,0,0,0,0,1,0,0,0,0,0,0,0,0,0,0,0,1,0,0,1,1,0,0,0,0,1,2,1,0,0,0,1,1,1,0,0,0,0,0,0,0,1,0,0,0,0,0,0,0,1,1,0,1
1,0,1,0,0,0,1,1,0,1,0,0,0,0,0,0,0,0,0,0,0,0,1,0,1,0,2,0,0,1,0,0,1,0,0,0,0,0,0,1,2,1,0,0,0,0,0,1,0,0,0,1,0,1,0,0,0,1,0,1,0,0,0,1,0,0,1,1,0,0,0,0,3,0,0,0,2,0,2,0,0,0,0,0,1,0,0,0,0,1,0,0,1,2,0,1,0,0,0,0,1,1,1,0,0,0,0,0,1,1,1,0,0,0,0,1,0,0,0,0,0,0,0,0,0,0,2,0,1,0,1,0,0,1,0,2,0,0,0,0,2,0,0,2,0,2,0,1,0,0,0,1,1,1,1,0,77,254,106,3,0,0,0,0,0,0,0,0,1,1,0,0,0,0,1,0,0,1,1,1,0,0,0,19,227,252,255,10,1,0,2,1,0,0,1,0,0,1,0,1,0,1,0,0,0,1,0,0,0,1,0,80,253,254,165,0,0,1,0,0,0,1,0,0,0,1,2,0,1,0,1,0,0,2,1,1,0,0,5,204,253,254,74,1,1,0,1,1,0,0,0,0,0,1,0,0,0,0,0,1,0,2,0,0,1,0,53,255,255,249,1,2,0,0,1,0,0,0,0,0,2,0,0,0,0,0,0,1,1,1,1,1,1,0,134,254,255,180,0,0,0,1,0,0,0,0,3,1,0,2,0,0,0,0,0,0,2,0,0,0,0,0,198,254,248,48,0,1,0,0,0,0,0,0,0,1,1,0,2,2,0,0,0,0,0,0,0,1,1,58,253,254,237,1,0,0,0,0,1,0,0,0,1,0,2,1,2,0,0,0,0,0,0,0,0,0,0,110,255,255,131,1,0,0,0,0,0,0,1,0,0,0,0,1,1,0,1,0,0,1,0,1,0,2,1,163,253,236,28,0,0,0,2,1,0,0,2,0,0,1,0,0,3,1,0,0,0,1,0,0,0,1,59,251,255,224,0,1,0,0,0,2,0,0,1,0,0,0,0,1,0,0,0,0,0,0,1,0,0,0,79,253,253,155,0,2,0,0,1,1,0,0,0,1,0,0,0,2,1,0,0,0,0,0,0,0,0,0,164,254,238,53,0,0,0,1,1,0,1,0,0,1,0,2,0,0,0,0,0,1,1,0,0,0,0,28,250,254,211,0,0,1,1,1,0,0,0,0,0,1,0,2,2,0,1,0,1,1,0,1,1,0,0,85,253,254,132,0,3,0,2,0,0,1,1,0,0,0,1,2,0,0,2,0,0,1,1,0,0,0,0,103,253,234,20,0,0,2,1,2,0,1,1,1,0,0,0,1,1,0,1,2,0,0,0,2,0,1,0,176,255,205,5,0,1,0,1,0,0,1,0,0,0,0,0,0,2,0,0,0,0,0,0,0,0,0,6,211,255,196,0,1,0,1,1,0,1,1,2,0,1,0,0,0,1,2,0,2,0,0,0,0,0,1,2,159,252,159,0,2,0,0,0,1,0,0,1,0,0,0,0,0,0,0,0,0,0,1,1,0,0,0,0,25,157,107,0,0,2,0,2,1,2,2,0,1,0,0,0,0,0,0,0,0,0,0,0,0,1,0,0,0,0,0,0,1,0,0,0,0,1,2,0,1,1,0,0,2,0,0,1,0,1,0,1,0,0,2,2,0,0,0,0,0,0,1,0,1,0,1,0,0,1,0,0,0,1,0,0,1,0,0,1,0,0,0,1,0,1,0,0,1,0,0,0,0,0,2,0,0,1,1,0,0
0,0,0,0,0,0,0,1,0,0,1,0,0,0,0,0,0,0,1,1,1,0,0,0,2,0,1,0,0,0,0,1,0,0,1,0,1,0,0,0,1,0,0,0,0,0,0,1,0,0,1,2,0,0,0,0,0,0,1,0,0,2,0,1,0,0,1,0,0,2,0,0,0,0,1,2,2,0,1,0,0,1,3,0,0,0,0,2,0,0,0,0,0,0,1,1,0,1,0,1,2,0,0,0,0,0,0,0,0,0,0,0,0,0,0,2,1,1,1,0,0,1,0,0,0,0,2,1,0,1,1,0,0,0,1,1,0,0,0,0,0,1,0,0,0,2,2,0,1,21,195,133,30,3,0,1,0,0,0,2,1,16,77,5,0,0,0,0,0,0,0,0,0,0,2,0,17,235,248,169,1,2,1,1,0,0,0,0,16,221,241,39,1,0,0,0,0,1,1,1,0,2,0,20,188,255,147,0,0,1,0,1,0,0,0,0,140,254,101,0,0,0,0,1,1,0,0,0,0,0,0,70,252,255,22,2,0,2,1,1,0,1,0,43,254,171,12,0,0,1,0,0,2,0,0,0,1,0,22,154,252,96,0,0,0,0,0,0,0,0,42,231,254,93,0,1,0,0,1,0,0,2,0,0,0,0,163,253,203,12,0,0,0,0,0,0,0,0,104,255,158,0,0,1,2,0,0,0,2,0,2,2,0,0,163,253,178,4,2,0,0,0,1,0,7,132,236,253,0,1,0,0,0,0,0,0,1,1,1,0,0,1,162,252,254,192,174,68,68,72,71,133,197,254,254,170,0,0,1,1,0,1,0,0,1,1,2,0,1,0,51,227,253,254,253,253,254,252,252,253,252,252,219,35,1,0,1,2,0,0,0,0,1,0,0,0,0,0,0,16,65,137,252,233,138,137,137,44,252,253,161,1,1,1,1,0,0,0,2,0,0,0,1,0,0,0,0,1,0,0,1,0,0,0,2,33,254,203,22,1,2,2,0,1,2,2,0,0,0,0,0,1,1,1,1,0,0,0,0,3,0,0,0,159,253,67,1,0,0,0,0,0,0,2,0,0,0,0,0,3,0,0,0,0,0,0,1,0,0,2,86,254,242,49,0,0,0,1,0,0,2,0,1,0,1,0,0,0,1,1,0,0,0,0,0,1,0,0,159,254,166,2,0,0,0,1,0,0,0,0,0,0,0,0,1,1,1,0,1,0,0,0,0,0,1,0,231,243,51,0,1,0,0,0,2,0,0,0,1,0,0,0,0,0,0,0,0,1,0,2,0,0,0,104,252,231,1,0,0,1,1,0,1,1,0,0,1,2,1,0,0,0,0,0,0,0,1,0,0,1,0,208,253,158,0,13,31,0,0,0,0,1,0,0,0,1,0,0,1,0,0,0,0,0,1,0,0,0,0,207,254,153,92,204,161,1,0,0,0,0,0,1,0,0,1,0,0,1,1,0,0,1,1,0,0,0,1,210,253,255,252,154,29,0,0,0,0,1,1,0,2,1,0,0,0,1,0,0,2,0,0,0,0,0,0,61,190,129,25,6,0,0,0,0,0,0,0,1,0,1,0,0,0,0,1,0,2,0,0,0,0,0,0,0,0,0,0,0,2,1,0,1,0,0,0,0,0,0,0,0,0,1,0,0,0,0,0,0,0,1,1,0,0,0,0,0,0,1,0,0,0,0,0,0,0,1,1,0,0,3,1,0,0,0,0,0,0,1,0,0,2,0,0,0,1,0,0,0,1,0,0,2,0,0
0,0,0,0,0,0,0,0,0,0,0,2,0,0,0,0,1,0,0,2,1,1,0,0,1,1,0,0,1,0,2,0,0,0,0,1,1,2,2,2,0,1,2,0,0,0,0,0,0,1,0,0,1,0,0,0,0,1,0,1,0,2,0,0,0,1,0,1,1,1,1,0,2,0,1,0,1,0,0,1,0,1,0,0,0,1,0,0,0,2,0,0,1,0,0,2,0,1,0,1,0,0,0,2,0,0,1,2,0,0,0,0,1,0,0,0,0,0,1,0,0,0,0,0,0,0,0,1,0,0,2,0,0,1,1,1,0,0,0,0,0,1,2,0,0,0,0,0,0,0,0,0,1,0,1,0,0,2,0,1,0,0,0,0,0,1,0,0,0,2,0,1,2,0,0,0,1,0,1,13,150,193,7,1,1,0,0,2,0,0,0,0,0,0,3,0,0,0,0,1,0,0,0,0,0,2,90,225,253,253,19,1,0,2,0,0,0,0,0,0,0,0,0,0,0,0,0,0,1,0,0,1,1,27,237,253,252,254,165,20,1,2,0,0,0,1,1,0,2,0,0,2,0,1,2,0,0,0,0,1,0,143,254,254,254,252,254,238,115,6,0,0,0,0,0,0,0,0,0,0,0,1,1,1,1,1,0,1,30,239,253,209,186,253,254,253,231,24,0,0,0,0,0,0,0,0,0,0,1,0,0,0,1,1,0,3,80,254,194,0,9,98,220,253,255,201,18,1,0,0,0,0,2,0,0,0,0,0,0,0,0,0,1,3,87,253,79,0,0,0,182,253,253,191,11,0,0,0,0,1,1,0,0,0,0,0,0,1,0,0,0,0,175,253,157,0,1,1,233,252,253,134,1,0,1,0,0,0,1,0,0,0,0,0,1,1,1,0,0,1,87,253,208,40,84,166,250,235,254,234,42,1,0,0,0,0,1,0,0,0,0,0,1,0,0,1,0,0,18,238,251,252,252,254,184,34,217,253,152,0,0,0,2,1,0,1,0,0,1,1,0,0,0,0,0,1,0,67,241,255,253,145,8,1,135,253,223,35,0,0,0,1,0,0,0,1,0,0,0,0,0,0,0,1,0,0,69,159,144,14,0,0,8,175,253,161,1,1,0,0,1,0,0,0,2,0,0,2,0,0,0,0,1,0,1,0,0,0,3,1,0,88,252,226,19,0,0,0,0,2,0,0,0,1,1,0,0,1,0,0,0,0,0,1,0,0,1,0,1,2,168,254,126,0,0,0,0,1,0,2,2,0,0,0,1,0,0,0,0,1,1,0,0,0,0,0,0,0,48,246,254,38,2,1,0,0,0,1,2,0,0,1,1,1,1,0,3,1,1,0,1,0,0,0,0,0,1,116,252,171,11,1,0,0,0,0,0,1,0,0,0,0,0,0,3,0,1,0,0,0,0,1,0,2,0,22,218,255,47,0,0,0,0,0,0,1,0,0,1,1,1,0,0,1,1,1,0,0,1,0,0,0,1,1,30,252,166,0,0,0,1,0,2,0,0,0,0,0,1,1,0,1,0,1,0,2,1,0,2,1,0,2,0,185,244,43,0,0,0,0,0,0,0,0,0,2,0,0,0,0,0,0,0,0,2,0,2,0,0,0,0,13,222,78,0,1,0,1,0,1,0,0,0,0,1,0,0,1,1,0,0,0,1,0,0,0,1,0,0,1,2,2,0,0,0,0,0,0,2,0,0,0,0,1,1,0,0,2,0,0,0,0,1,1,0,0,2,0,0,0,0,0,0,0
0,1,1,0,1,0,1,0,0,0,0,0,0,0,0,0,1,0,1,0,1,0,1,2,0,1,0,0,0,0,3,0,0,0,1,0,1,1,0,0,0,1,0,1,1,1,0,1,0,0,0,1,0,0,0,1,0,1,0,1,0,1,0,0,0,1,0,1,0,0,0,0,0,0,1,0,1,0,0,0,1,0,0,0,1,0,0,1,0,1,1,0,0,1,0,0,0,0,0,0,0,0,0,0,0,0,1,0,2,0,0,0,1,0,0,0,0,0,0,0,1,1,1,1,0,0,0,0,0,17,48,48,47,16,129,84,47,0,0,0,2,1,0,1,0,0,0,0,1,0,0,0,0,0,0,76,152,218,252,253,253,213,245,253,255,1,0,0,1,1,0,0,0,1,1,1,0,1,0,0,35,142,243,253,253,252,254,254,253,254,254,253,253,1,0,3,0,1,0,0,1,1,1,0,0,2,0,1,61,255,253,254,253,252,253,252,214,170,171,171,169,0,0,2,0,0,0,0,0,0,0,1,21,132,72,0,56,235,225,239,168,125,69,20,11,1,0,1,1,0,1,0,0,0,0,1,1,0,0,10,205,254,78,2,0,32,2,30,1,1,0,0,0,0,0,0,1,0,0,0,1,1,0,1,0,2,5,177,254,131,9,0,0,0,0,1,0,1,0,1,0,0,0,0,0,2,0,0,0,0,1,0,1,14,132,252,235,16,0,2,1,1,0,1,0,0,1,0,0,0,0,0,1,3,2,1,2,1,0,1,0,92,254,225,29,2,0,1,0,0,1,0,1,1,1,0,0,0,1,1,0,0,0,0,0,0,0,2,0,148,251,177,1,2,1,0,0,1,0,1,1,0,1,0,0,1,0,0,0,2,0,0,0,0,0,0,0,233,254,246,128,49,1,0,0,0,0,1,1,0,1,0,1,1,3,1,1,1,0,1,1,0,1,0,0,255,252,250,252,251,146,90,122,84,42,43,85,29,2,0,2,1,0,1,0,0,1,1,1,0,2,1,3,141,255,253,254,253,251,253,254,253,252,254,253,231,169,1,2,0,1,0,1,0,0,0,1,1,0,0,2,2,53,218,220,252,251,255,254,255,251,254,252,253,252,123,1,0,1,1,0,0,0,0,0,0,0,1,0,1,1,0,0,66,72,200,252,252,253,253,252,253,254,175,0,0,0,0,0,0,0,0,1,0,0,0,0,4,1,1,1,1,0,119,252,247,151,53,164,253,253,175,0,0,0,0,0,1,0,0,0,0,0,0,1,0,1,0,0,0,0,49,255,252,254,190,253,251,253,149,1,0,0,1,0,0,0,0,0,1,0,0,0,2,0,0,0,1,1,8,167,253,254,252,253,249,177,12,1,1,1,0,0,0,0,0,0,0,1,1,1,0,1,2,0,1,0,2,23,182,232,251,219,128,1,0,1,0,0,0,0,0,0,0,3,1,0,2,0,1,1,0,1,0,0,1,0,0,94,150,23,2,1,1,2,0,0,0,2,1,0,0,0,1,0,0,0,1,0,0,0,0,0,0,0,1,0,0,0,0,0,0,0,0,0,1,0,0,0,0,0,2,2,1,1,0,0,0,0,0,0,0,1,0,1,0,0,2,0,0,0,0,1,0,0,0,0,0,0,0,0,0,0,0,0,0,1,0,0,2,0,0,1,0,0,0,1,0,0,1,0,0,0,1,0,0,0,0,0,0,1,0,1,1,0,2,0,0,0,1,0,1,1,0,0,0,0,0,1,1,0,0,0,0
1,0,1,0,2,0,0,0,1,0,1,0,1,0,1,0,1,0,1,1,0,0,0,0,0,0,0,0,0,1,2,1,0,0,1,0,1,0,0,0,1,0,0,0,0,0,0,0,0,0,0,0,0,2,1,0,0,1,0,0,0,0,1,0,0,0,0,0,0,0,0,0,0,1,0,0,0,0,0,0,0,0,0,1,0,1,0,0,1,0,0,1,0,0,0,0,1,0,0,0,1,1,0,0,0,1,0,0,0,1,1,0,1,0,0,1,0,0,0,0,0,2,0,0,0,1,0,0,2,0,1,2,0,0,0,0,0,1,0,0,1,1,0,1,0,0,1,0,0,1,1,0,0,0,2,0,0,0,0,0,1,1,0,2,0,0,0,2,1,1,0,2,0,0,0,1,0,0,0,0,0,0,0,0,0,0,0,0,0,0,0,1,0,0,0,0,0,0,1,0,0,1,0,1,0,1,1,1,0,36,55,138,202,197,97,37,1,0,1,0,2,0,0,0,2,0,1,2,0,0,0,0,1,0,0,43,153,235,253,254,253,255,253,249,210,152,4,0,1,0,0,1,1,0,0,0,0,0,0,1,1,45,154,240,253,254,228,163,134,252,201,254,230,225,104,0,1,0,0,0,0,1,0,0,0,0,0,0,153,236,253,254,186,142,7,1,0,190,41,200,245,223,254,20,0,0,1,1,0,2,0,0,0,0,9,128,253,254,234,129,11,0,1,0,0,210,44,73,252,255,252,20,0,0,1,0,0,0,0,0,1,0,72,245,255,228,54,0,1,1,2,5,33,115,225,244,253,255,163,3,0,0,0,0,1,0,1,2,0,2,75,239,255,223,111,139,178,177,169,210,252,231,252,253,252,233,37,0,0,0,0,1,0,0,0,0,0,0,8,174,245,254,255,255,254,250,255,254,254,252,254,252,173,24,0,0,2,0,0,0,0,0,2,0,0,0,0,0,16,136,194,175,146,152,199,254,255,254,253,151,18,0,2,0,0,1,0,0,1,0,0,0,0,1,0,0,0,2,0,0,0,1,162,253,254,242,100,4,1,1,0,0,1,0,0,0,0,0,1,0,0,1,0,0,1,0,0,2,0,119,248,253,253,90,0,0,0,3,1,0,0,0,0,0,1,0,0,0,1,1,0,2,0,1,0,1,102,241,254,254,212,7,2,0,1,2,0,1,1,0,2,1,0,0,1,1,0,0,0,2,0,3,0,56,241,253,253,243,59,0,2,0,0,0,0,0,0,0,0,0,1,2,0,0,0,0,2,0,1,1,1,130,254,255,245,63,0,1,1,0,0,2,0,2,0,0,1,0,0,1,0,0,0,0,0,0,0,0,13,249,255,255,153,1,0,1,0,2,1,0,2,0,0,1,0,0,1,2,1,1,0,0,1,0,0,14,227,254,255,208,7,0,1,1,0,0,0,0,0,0,0,0,0,0,0,0,0,0,0,0,1,1,0,78,254,255,255,68,1,1,0,2,0,0,0,0,0,1,2,1,0,0,0,0,0,2,0,0,0,1,0,209,254,253,136,0,0,0,0,0,0,1,0,1,0,1,2,0,0,0,0,1,0,0,0,0,0,0,1,228,255,234,25,0,0,1,0,0,0,0,1,0,0,1,0,1,0,1,0,0,0,0,0,0,0,0,0,113,254,108,0,0,1,0,1,0,0,0,0,0,0,2,2,2,0,0,1,0,0,0,2,0,0,0,0,0,1,2,0,2,0,0,0,0,1,0,0,2,0,0,0,0,1,0
1,0,1,3,0,0,0,1,0,0,2,0,0,0,1,0,1,0,0,0,0,0,0,0,0,0,0,3,0,0,0,0,0,0,1,0,0,0,0,2,1,0,0,0,1,0,0,0,0,1,0,0,0,0,0,1,0,0,0,0,0,1,0,0,0,1,1,0,0,0,0,2,0,0,0,2,0,0,0,0,0,0,0,2,0,0,0,0,1,0,0,0,1,0,0,1,0,0,1,2,1,0,0,1,0,1,0,0,0,3,0,0,0,0,1,1,1,0,1,0,0,0,0,63,4,41,119,193,118,117,61,0,0,0,0,0,1,0,0,1,0,0,0,1,1,0,0,1,0,13,179,244,237,242,255,254,252,254,245,235,84,1,0,2,0,0,0,0,0,0,0,2,0,1,0,0,0,151,253,255,255,214,191,177,179,180,254,255,240,45,1,1,0,1,0,0,0,1,0,1,0,1,0,0,43,236,254,227,62,28,12,1,0,2,128,252,255,174,18,0,0,0,1,0,0,0,1,0,0,1,1,2,57,254,254,107,1,1,0,2,0,0,0,133,250,254,74,0,0,0,0,0,0,0,1,0,0,0,0,0,63,255,156,1,1,0,0,3,2,0,1,0,220,254,155,0,0,1,1,1,0,0,0,0,0,1,0,1,194,254,103,0,0,0,2,0,0,2,0,0,149,255,214,0,0,0,0,0,0,1,2,0,1,0,0,33,221,241,58,1,1,0,1,0,0,0,1,0,85,253,213,1,1,0,1,0,2,2,1,1,0,0,0,127,254,170,0,0,1,0,1,0,0,0,0,0,84,254,214,1,2,0,2,0,0,2,0,0,0,0,1,215,239,61,0,0,1,0,0,0,0,0,0,1,86,253,213,0,0,0,1,0,1,0,0,0,0,0,0,214,199,0,0,0,0,1,1,0,0,0,1,1,85,253,211,1,2,0,0,0,0,0,0,1,0,2,11,221,196,2,0,2,0,0,1,0,0,0,2,0,84,253,213,0,0,1,1,0,0,0,0,0,1,0,95,253,199,0,0,0,1,0,0,1,0,0,0,0,163,254,210,1,1,0,0,0,0,0,0,1,0,0,99,253,199,0,0,0,0,0,0,1,1,2,0,52,238,255,75,1,0,1,1,0,0,1,0,0,0,0,97,253,197,0,1,0,0,0,0,1,0,0,52,164,253,196,4,1,1,0,0,1,0,0,0,0,0,1,66,241,199,0,2,1,1,0,0,0,0,3,167,253,228,55,0,0,0,1,0,0,0,0,0,0,2,1,0,215,214,20,0,0,0,1,0,47,149,203,255,254,64,1,1,0,0,1,0,0,0,1,1,2,0,1,0,215,254,201,180,180,181,180,180,233,255,254,236,155,9,0,1,0,0,0,0,2,0,1,1,1,0,0,1,81,204,255,251,254,254,253,254,255,252,234,119,0,0,0,0,0,0,0,0,1,0,0,0,0,2,0,0,0,26,210,253,254,254,255,255,154,105,1,0,0,0,1,1,0,1,0,1,0,1,0,0,2,1,0,1,0,1,0,0,0,0,0,1,0,0,2,0,0,0,0,0,1,1,0,0,0,1,0,0,0,1,0,0,0,0,0,1,1,1,0,0,0,0,0,0,0,2,0,0,0,0,2,0,0,0,0,0,2,1,2,1,0,0,2,1,0,0,0,0,1,0,0,0,0,1,0,1,0,0,1,0,0,0,0,1,0,0,0,0,0,0,1,0,0,0,1,0,0,1,0,0,2,0,0,0,2,1,0,1,0
0,0,1,1,0,0,0,0,0,0,1,1,0,0,0,1,0,0,1,0,0,0,0,0,1,0,0,0,0,0,0,2,0,1,0,0,0,1,1,0,2,0,0,0,1,0,0,1,0,1,2,2,0,0,1,0,1,1,0,0,0,0,1,0,0,0,0,0,0,0,0,0,1,0,1,0,0,0,0,0,1,1,1,1,0,0,0,0,1,0,0,1,1,1,8,204,252,175,1,1,0,0,0,0,1,0,1,0,2,1,0,0,0,2,2,1,0,1,0,0,0,6,150,250,253,124,0,2,0,1,0,0,0,0,0,0,0,0,0,0,0,1,0,0,1,0,0,1,0,117,252,187,58,0,0,0,0,0,0,1,2,0,1,1,0,0,0,1,0,0,0,0,2,0,0,0,0,143,252,117,1,0,0,0,2,1,0,0,0,1,0,0,0,2,0,0,1,0,0,0,0,0,1,2,0,153,246,50,1,1,1,0,0,0,0,0,0,0,0,0,0,0,0,1,0,0,0,0,1,1,0,1,25,252,196,0,0,0,0,0,0,0,0,1,1,0,0,0,0,0,0,0,0,0,0,1,0,3,0,0,149,254,197,0,1,1,0,0,0,0,57,86,84,37,1,0,1,0,0,3,0,0,0,1,0,0,1,0,225,252,96,0,1,0,0,0,151,227,243,254,251,237,124,2,1,0,0,0,1,0,0,1,0,0,0,10,227,229,0,0,1,2,55,229,254,255,233,176,225,253,229,30,1,1,0,1,0,1,1,2,1,0,0,108,254,150,0,0,25,130,252,253,228,134,28,1,0,177,252,56,1,0,0,0,1,0,0,0,0,1,0,159,250,115,0,0,150,255,253,186,44,2,0,0,0,141,251,55,0,0,0,1,2,0,0,0,1,0,1,186,253,114,2,37,236,253,151,7,0,0,0,0,0,140,201,6,2,1,0,0,0,1,1,2,0,0,0,197,253,114,1,148,254,163,0,0,1,0,1,2,0,156,197,2,0,0,0,3,0,0,0,0,0,0,2,197,253,111,0,171,254,188,2,0,0,0,0,0,28,253,172,0,0,3,0,1,1,0,0,2,1,2,0,198,251,113,0,20,231,247,121,18,1,0,0,1,201,246,55,0,0,1,0,0,0,0,1,1,1,1,25,223,253,113,1,1,25,205,253,193,11,0,76,199,250,124,0,0,1,0,2,0,1,0,0,0,0,0,0,185,254,179,11,0,0,0,75,34,30,154,253,245,124,1,0,1,1,0,1,1,0,0,0,0,0,1,1,27,209,253,196,80,57,55,129,198,253,253,213,83,1,0,0,0,1,2,0,1,0,0,0,0,1,0,0,0,25,216,251,254,253,252,252,251,251,155,18,0,1,1,0,3,0,2,0,0,0,1,0,0,0,1,0,0,1,16,103,140,240,141,139,138,39,0,0,0,1,0,0,0,0,0,0,0,0,0,0,2,0,0,2,2,1,1,0,0,0,2,0,0,1,0,1,0,0,1,2,0,0,0,0,2,0,0,2,2,0,1,0,0,0,0,1,0,0,0,1,0,1,1,2,0,1,0,0,1,1,0,0,1,0,0,0,0,0,0,1,0,1,2,0,0,1,0,0,0,0,0,0,0,0,0,0,0,1,2,0,0,0,1,0,1,0,1,0,0,0,1,1,0,1,0,2,2,0,0,0,0,0,0,0,0,0,0,1,1,0,0,0,1,0,1,2,0,1,0,0,0,0,1,3,0,1,0,0,1,0,1,0,0,0,0,1,0
0,0,0,2,1,0,0,1,0,0,1,0,0,0,0,1,0,0,1,1,0,0,1,0,0,1,0,0,1,0,0,1,0,0,0,1,0,1,0,0,0,0,0,0,0,0,0,1,1,2,1,0,0,1,0,0,0,0,1,2,1,0,0,2,0,0,0,0,0,0,0,1,2,1,1,0,1,0,2,0,0,0,0,0,0,0,0,0,0,0,0,1,0,1,0,0,0,1,0,0,0,0,1,0,0,0,0,1,0,0,0,0,0,2,0,0,0,0,2,0,0,0,0,0,0,1,1,0,0,1,0,0,0,0,0,0,0,0,0,0,0,0,0,0,2,0,1,0,1,0,0,0,0,0,2,0,0,0,0,0,0,1,0,1,1,2,0,0,0,0,0,0,1,0,2,1,0,0,0,0,0,1,0,1,2,2,0,0,0,0,1,1,0,0,0,3,0,0,0,0,0,0,1,2,0,0,1,2,49,180,255,255,254,169,36,13,77,9,0,0,1,1,0,0,0,0,1,2,0,0,1,1,0,0,5,69,227,251,251,252,252,252,160,187,251,92,1,0,0,0,1,0,1,0,0,0,0,1,0,0,2,0,56,252,254,226,78,69,68,99,90,236,247,65,0,0,0,0,0,1,1,0,1,0,1,0,0,2,0,44,234,253,186,51,2,0,2,25,202,253,136,0,1,0,1,2,3,0,1,0,0,0,1,1,1,2,1,167,253,178,36,0,1,1,0,70,251,253,61,2,0,0,1,0,1,1,0,2,0,0,2,0,1,2,154,255,243,42,0,0,2,0,6,190,253,189,0,1,0,1,0,2,0,0,1,0,0,1,0,2,0,0,208,253,229,0,0,0,1,5,136,251,251,65,1,0,1,1,0,0,0,0,0,0,3,0,1,1,0,0,207,252,231,1,0,2,33,138,252,251,227,15,1,0,1,1,2,0,0,0,0,1,1,0,0,0,1,1,163,253,248,207,206,208,228,251,253,253,160,1,0,1,0,2,0,1,0,0,0,0,1,1,0,1,0,0,9,182,250,251,251,252,253,74,169,253,57,0,2,0,1,0,1,0,0,0,0,1,1,0,1,0,0,0,0,0,65,116,115,73,1,149,255,215,21,0,3,0,0,1,0,0,2,1,1,2,0,1,0,0,1,0,2,0,0,0,0,0,0,251,253,162,0,1,1,0,1,0,1,1,0,0,0,0,1,0,1,0,0,1,1,0,0,0,2,0,31,253,239,50,2,0,2,0,0,0,1,2,0,0,0,0,2,2,0,0,2,0,1,0,1,0,0,0,156,254,163,0,0,1,2,1,1,0,2,1,1,0,0,0,0,0,0,0,0,0,1,0,1,0,1,42,240,252,91,0,0,0,0,0,1,1,0,1,0,0,0,0,0,0,1,0,0,0,0,0,0,0,0,94,253,250,86,0,1,0,2,0,0,0,0,1,1,0,1,0,0,0,0,0,2,0,0,1,0,3,1,114,255,209,1,1,0,0,0,0,0,0,0,0,1,1,0,1,0,1,0,0,1,0,0,2,0,2,0,208,252,116,1,0,0,0,0,0,0,0,0,2,0,0,2,0,0,1,0,0,0,2,1,0,0,0,1,165,252,117,0,0,0,0,0,1,0,0,1,0,1,0,0,0,1,0,1,0,0,2,0,0,0,0,0,93,199,64,0,1,1,0,1,0,0,0,0,1,0,1,1,1,1,0,0,1,0,0,0,1,1,1,0,0,0,0,0,0,1,0,1,0,1,0,0,0,0,0
1,0,0,0,1,2,0,1,0,2,0,1,1,0,0,0,0,1,1,1,0,1,0,0,1,0,0,0,0,0,0,0,0,0,0,0,0,0,0,1,1,1,0,1,0,0,1,0,0,0,0,0,0,2,0,0,0,0,0,0,0,0,0,0,0,0,0,1,1,0,1,0,0,2,0,1,1,1,0,0,0,0,1,0,0,0,0,0,0,1,0,1,0,0,1,1,1,1,0,0,0,0,0,0,0,0,2,0,0,0,1,1,0,0,0,0,0,0,1,1,0,0,0,0,0,0,0,0,4,0,0,0,0,0,0,0,0,0,0,0,0,0,0,0,0,0,0,1,0,1,1,1,17,67,136,254,252,169,137,23,0,0,0,0,1,1,0,0,1,0,1,1,0,1,0,1,0,1,6,121,228,253,253,251,252,252,252,159,0,0,0,1,1,0,0,0,0,0,1,1,0,0,0,0,0,0,108,251,252,252,253,190,252,252,251,251,0,0,0,0,1,1,1,0,0,0,0,1,0,0,1,0,0,43,233,252,252,252,118,5,136,252,254,252,1,0,0,0,1,0,0,0,0,0,1,1,0,0,0,2,43,179,254,252,219,43,3,1,7,55,232,251,210,0,0,0,0,0,1,0,0,0,1,1,1,0,0,0,93,252,255,250,116,0,1,0,1,1,137,252,254,152,0,0,0,1,0,2,1,0,0,0,0,0,0,0,167,252,252,185,1,0,2,0,1,2,0,210,253,206,0,0,0,0,0,1,1,0,0,0,0,0,1,19,220,255,254,92,1,1,1,0,2,0,0,116,254,205,0,0,0,0,0,1,1,1,1,0,0,1,2,71,253,254,191,16,1,1,0,0,1,0,1,116,253,224,26,0,0,1,0,0,1,0,1,2,0,0,0,122,254,251,63,1,0,0,0,0,0,0,0,116,252,252,69,0,0,1,0,0,0,1,1,4,1,1,1,131,252,252,1,0,0,1,0,0,1,0,2,117,255,254,70,1,0,0,0,0,0,0,0,1,2,0,0,183,253,250,0,1,1,0,0,2,0,1,0,116,254,250,70,1,1,0,0,0,0,0,0,0,0,2,0,184,252,252,0,1,1,0,1,2,0,0,0,115,254,241,50,0,0,0,0,0,1,0,1,1,0,0,0,183,254,253,0,0,1,0,0,0,0,0,1,210,252,113,0,0,1,0,1,0,0,0,0,0,0,2,0,47,231,251,159,0,0,0,1,0,0,0,0,230,233,10,1,0,0,0,1,0,0,1,0,0,1,1,0,0,93,253,243,50,0,0,1,1,0,0,153,252,166,1,1,0,0,0,0,0,0,0,0,1,0,2,1,0,35,164,254,112,0,0,0,2,0,65,236,233,42,0,0,1,0,0,0,0,0,0,0,0,0,1,1,0,0,30,223,240,133,1,0,38,91,233,251,137,0,2,0,1,0,0,0,0,0,0,3,0,1,0,0,1,1,0,25,177,240,207,101,233,252,251,175,33,0,1,0,0,1,0,0,0,0,0,0,1,1,0,1,0,1,0,0,15,56,179,252,136,134,53,3,0,1,0,0,1,0,0,0,0,0,1,1,1,1,0,0,0,0,1,1,2,0,0,0,0,2,0,0,0,1,0,0,1,1,0,0,1,0,1,0,0,1,2,1,2,0,0,0,1,2,1,0,1,0,0,0,0,1,0,1,2,0,1,2,1,1,0,0,1,1,0,0,0,0,0,0,0,0,0,0,1,0,1,0,1,1,0,0,1,0,1,1,0
0,3,0,0,1,0,0,1,1,0,0,0,0,0,0,0,0,0,0,0,0,1,3,1,1,1,0,0,0,0,1,0,1,0,0,2,0,0,0,0,2,0,1,0,1,1,0,0,0,0,1,0,0,0,1,0,1,0,2,1,0,0,1,0,2,0,0,0,1,0,0,0,0,0,0,0,0,0,0,1,1,0,0,0,0,1,0,0,0,0,1,0,0,1,0,0,0,2,0,1,0,0,1,0,0,0,0,1,0,0,0,0,0,0,2,0,1,0,2,1,0,1,1,0,0,129,254,191,1,0,1,0,0,0,1,0,1,0,0,0,0,1,0,0,0,0,0,0,0,0,1,0,0,191,254,254,64,1,1,0,3,0,2,0,1,0,1,0,0,0,2,0,0,0,0,0,0,0,1,1,1,253,255,255,129,0,0,2,0,0,1,0,0,0,0,0,0,0,1,0,0,0,2,0,0,0,1,1,2,255,254,255,0,0,0,0,0,0,0,0,2,0,0,0,0,2,1,0,0,0,0,0,0,1,2,0,1,255,255,254,0,0,1,0,0,0,2,1,0,0,1,0,1,0,0,0,0,0,0,1,2,2,0,0,0,128,254,255,128,0,1,2,1,1,0,0,1,0,2,2,0,0,1,0,1,0,1,1,1,0,0,2,0,255,255,255,129,0,0,0,0,0,0,0,0,1,0,0,0,2,0,0,0,0,1,0,0,0,0,0,0,255,255,255,128,1,1,1,2,0,0,0,0,0,0,0,0,0,0,0,0,1,0,2,0,0,0,1,0,255,255,254,128,0,2,0,1,0,1,0,0,0,0,0,0,0,1,0,0,0,0,0,1,1,0,0,0,255,255,255,128,0,1,0,0,0,0,0,0,1,0,1,0,0,0,1,0,0,0,1,0,2,0,0,0,254,254,255,0,1,1,0,0,1,0,1,0,0,1,0,1,0,0,1,0,0,0,0,0,0,0,1,0,255,255,253,1,1,0,1,0,0,0,1,0,0,1,1,0,0,0,1,0,1,0,1,0,0,1,0,0,255,254,254,0,0,1,0,2,1,0,2,0,0,0,0,0,0,2,0,1,1,0,1,0,1,0,0,0,255,254,255,0,2,0,0,1,0,0,1,0,0,1,0,2,0,0,0,1,0,0,0,0,1,0,0,0,191,255,255,129,0,0,0,0,0,0,1,3,0,1,0,0,0,1,1,0,1,1,1,0,0,0,0,1,191,254,254,127,0,0,0,1,0,0,1,0,0,0,0,0,0,0,2,0,0,0,1,0,0,0,0,64,255,254,255,130,0,0,0,1,1,0,0,0,0,0,1,1,1,0,0,0,0,0,2,0,0,0,1,191,255,253,255,128,0,0,1,0,0,0,0,0,0,1,0,0,0,0,0,0,0,0,1,1,0,0,65,255,255,255,64,0,0,0,0,2,0,3,0,0,3,1,0,1,1,1,0,0,1,0,0,1,1,0,63,255,129,1,0,1,1,0,2,0,0,0,0,0,0,0,0,0,0,0,1,0,0,0,0,2,0,1,1,0,0,0,1,0,0,1,1,0,0,0,0,1,1,1,0,0,0,0,0,0,0,0,0,0,0,1,0,0,0,0,1,0,0,2,0,0,0,0,0,1,1,0,0,0,0,0,0,2,0,1,0,1,0,1,0,1,0,0,0,0,1,0,1,1,1,2,0,0,0,0,1,0,2,0,2,1,0,0,1,0,0,0,0,1,0,1,3,0,1,1,0,0,0,1,0,0,0,2,0
0,1,0,0,2,0,0,3,0,0,0,1,1,0,0,0,1,0,1,0,0,1,0,1,2,0,0,0,0,1,1,2,0,0,0,0,0,1,1,0,1,0,0,1,0,1,0,0,0,1,1,0,0,0,1,0,0,1,1,1,0,0,0,0,2,1,0,0,0,0,0,1,0,2,0,0,1,0,1,1,0,1,0,0,0,1,0,0,1,1,0,0,0,1,1,0,1,1,1,0,1,0,1,1,0,1,0,1,0,1,1,0,0,0,1,0,0,0,0,0,1,1,0,0,53,131,215,253,253,253,204,163,41,0,0,0,0,1,0,1,0,0,0,1,0,0,0,2,102,141,204,204,252,251,251,250,152,70,1,0,0,0,0,0,0,0,1,0,0,1,0,3,0,0,0,2,253,255,242,203,142,103,82,0,0,1,0,0,0,1,1,0,0,0,2,0,1,0,0,1,1,0,0,1,173,252,201,0,0,0,0,0,0,0,0,1,0,0,0,0,0,2,0,1,0,2,1,2,0,1,0,0,21,223,233,29,1,2,0,0,0,0,0,0,1,0,0,0,0,0,1,0,0,0,1,0,0,0,0,1,0,122,252,49,1,1,0,1,0,0,1,1,0,0,1,2,0,0,0,1,0,0,0,1,0,0,0,1,2,124,255,91,52,52,53,10,0,2,0,0,1,0,1,0,0,0,0,1,1,2,0,0,0,0,0,0,21,224,252,250,253,251,253,172,80,1,1,0,0,0,0,2,0,1,0,0,0,0,1,0,0,0,0,21,214,253,204,159,101,101,204,223,255,253,50,10,0,0,2,0,0,0,0,2,2,0,1,1,0,1,0,61,253,172,0,0,0,0,0,20,112,193,254,212,40,0,1,1,0,1,1,0,0,0,0,0,1,0,1,0,0,1,0,0,0,0,1,0,0,0,102,203,234,51,0,0,0,0,0,2,0,0,0,0,0,0,0,0,0,0,0,1,1,1,0,1,0,0,0,19,212,231,81,0,0,0,0,0,1,0,0,0,2,0,0,0,1,0,1,0,0,0,0,0,0,0,0,1,61,204,233,109,0,2,0,0,1,0,0,0,0,0,0,0,0,0,0,0,0,0,0,0,0,0,1,0,0,18,213,253,0,0,0,0,0,0,0,3,0,0,0,0,1,0,0,0,0,0,0,1,0,0,0,0,2,0,153,253,1,0,0,0,0,1,1,1,1,0,0,0,0,0,1,0,1,0,0,0,2,0,0,0,1,42,234,211,0,0,1,2,0,0,0,0,1,1,1,1,113,92,0,1,1,0,0,1,0,1,1,2,31,172,243,41,0,1,1,2,1,0,0,0,0,0,0,83,252,151,0,0,0,1,0,0,21,101,103,183,234,211,83,1,0,0,0,0,0,0,0,0,1,1,1,80,255,253,236,153,154,192,175,252,254,253,252,212,142,20,0,0,2,0,0,0,1,0,1,0,0,0,0,0,73,151,151,232,252,211,193,150,130,49,51,12,0,0,0,0,2,1,0,1,3,0,0,0,0,0,0,1,0,0,0,1,0,0,1,0,1,0,0,0,0,1,0,0,0,0,0,2,0,1,0,1,0,0,0,0,0,0,0,0,0,0,0,0,0,0,0,0,0,0,0,1,0,0,1,1,0,0,0,1,0,0,0,0,0,0,0,0,1,0,0,0,0,1,0,0,0,1,1,0,0,1,1,0,1,1,1,0,2,0,0,0,1,1,0,0,0,0,0,0,0,2,0,0,0,2,1,0,0,0,0,1
0,0,0,0,2,1,1,0,0,1,0,0,0,0,0,1,0,1,0,1,0,2,0,0,0,0,2,0,1,2,2,1,0,0,1,0,0,0,1,0,0,0,1,0,0,0,0,1,0,1,0,0,0,0,1,0,0,1,0,0,0,1,0,1,0,1,0,0,0,1,0,0,1,0,1,0,1,1,0,0,0,1,0,0,2,0,0,0,3,0,0,1,0,0,0,0,0,3,1,1,0,0,0,1,0,0,0,0,0,0,0,0,0,0,0,2,2,1,1,2,1,0,0,0,0,0,0,0,0,0,0,0,1,1,0,2,0,0,0,0,0,0,0,0,1,1,2,0,1,0,1,1,0,3,1,0,1,0,1,0,0,0,1,0,0,0,0,0,0,0,0,0,0,1,0,1,1,0,0,64,146,230,254,205,121,0,0,0,0,3,0,0,1,2,0,0,1,1,0,0,0,2,0,1,0,26,199,251,254,225,216,235,253,88,0,0,0,0,0,0,0,0,1,0,0,1,0,0,0,0,0,0,19,208,253,222,71,14,0,29,206,174,2,87,38,0,1,0,0,0,2,3,0,0,2,0,2,1,1,0,136,253,228,6,0,0,0,1,35,28,75,251,253,9,1,0,0,1,0,0,0,0,0,0,0,1,1,86,251,235,13,0,1,0,1,0,1,41,237,253,173,1,1,1,0,0,1,0,0,0,0,0,0,1,0,135,253,191,0,0,1,1,1,0,0,13,238,254,161,1,0,0,0,0,2,1,1,0,0,0,0,0,0,170,252,73,0,0,0,1,0,1,1,84,249,253,75,1,0,0,0,0,0,0,2,0,0,1,0,0,11,249,253,45,1,0,0,0,0,1,5,219,253,241,32,0,2,0,1,0,0,0,0,1,0,2,0,1,10,251,253,46,0,0,1,0,0,5,73,254,251,143,1,1,0,0,3,1,0,0,1,1,2,0,0,1,6,221,252,117,0,0,0,2,26,119,253,252,253,47,0,0,0,0,2,0,0,0,0,0,0,0,1,0,0,28,242,255,186,105,145,159,220,244,240,255,225,17,0,0,0,0,1,1,0,1,0,0,0,1,0,0,0,1,77,201,253,251,250,217,157,67,246,252,156,0,0,0,0,1,0,0,0,0,1,2,0,2,0,0,1,1,1,5,56,57,51,1,0,39,253,254,73,0,0,0,0,2,0,0,1,0,0,0,0,0,0,0,0,0,1,0,0,0,0,1,0,66,253,251,18,1,0,0,0,1,1,0,2,0,0,0,0,0,2,0,0,1,0,2,0,1,0,1,1,149,255,253,20,0,0,0,0,0,1,0,1,3,0,0,0,0,0,0,1,0,0,0,1,0,0,0,30,238,254,191,2,2,1,0,0,0,2,0,1,0,0,0,0,0,0,1,1,0,1,0,0,0,0,2,67,253,252,110,0,0,0,0,1,0,0,0,0,0,0,2,1,0,2,1,0,0,1,0,0,0,0,1,86,253,244,2,0,0,0,0,1,0,0,1,0,0,0,1,2,0,1,2,0,2,0,0,0,0,0,0,171,252,198,1,1,1,0,0,1,0,0,0,0,0,1,0,0,0,2,2,1,1,0,0,0,0,0,0,254,254,149,0,0,0,0,0,0,2,0,0,0,2,1,0,0,0,2,1,0,1,1,0,1,0,1,0,0,0,0,1,0,1,0,0,1,0,0,0,0,0,1,0,1,0,1,0,0,0,1,2,0,0,0,0,0,0,0,0,0,0,1,0,0,1,0,0,0,0
0,0,0,0,0,0,1,1,0,1,1,1,0,0,0,0,0,0,0,1,1,1,1,0,0,0,0,0,0,0,0,0,1,0,1,0,0,0,0,1,0,0,2,2,0,0,0,0,0,0,1,1,0,1,0,0,1,0,0,1,0,0,1,0,1,0,2,1,0,0,0,0,2,0,0,1,0,0,2,0,0,0,0,0,1,0,0,0,1,1,0,0,0,1,2,2,0,0,1,1,0,0,0,0,0,0,0,0,1,0,0,2,0,0,0,0,1,0,0,0,0,0,1,0,2,1,0,0,0,1,2,0,0,0,0,0,1,0,0,0,0,1,0,0,0,1,1,0,0,1,0,0,0,0,0,0,1,0,2,0,1,2,0,1,1,0,0,1,0,0,2,0,0,0,0,0,0,1,0,0,1,0,0,1,0,0,0,1,0,0,3,0,0,0,0,0,1,0,1,1,74,248,254,253,253,246,166,166,136,25,80,60,0,0,0,0,0,1,0,1,0,1,0,0,1,0,1,0,104,255,255,253,253,255,255,255,254,249,255,252,196,113,70,40,0,0,0,0,1,0,0,1,2,0,0,0,6,99,134,105,104,113,192,192,190,233,254,254,253,254,251,248,129,1,0,0,0,1,0,0,2,1,0,0,1,0,0,0,0,0,1,2,0,44,115,115,202,253,253,252,240,12,2,0,0,0,0,0,0,2,0,1,0,1,0,0,0,0,0,0,0,0,0,0,7,35,154,252,254,131,1,0,0,0,1,1,0,1,0,0,0,0,0,0,0,1,1,0,1,0,0,0,0,1,37,254,242,33,0,0,0,0,0,0,0,1,0,0,2,0,1,0,1,0,0,0,0,0,0,0,1,0,116,255,254,117,0,0,0,0,0,0,1,0,0,2,0,0,0,0,0,0,1,1,0,0,0,1,0,34,243,254,241,17,0,0,0,0,1,0,0,0,1,0,0,0,0,0,2,1,1,1,2,0,0,0,0,110,254,255,139,0,0,1,2,0,0,2,0,0,1,1,1,0,0,2,0,0,0,1,0,0,0,1,37,245,255,243,41,1,0,1,0,0,0,0,0,1,0,0,0,0,0,1,0,0,0,0,1,0,2,22,177,254,254,113,0,0,1,0,0,3,0,2,1,0,0,0,0,1,0,1,0,0,1,0,0,1,0,140,253,255,219,2,0,1,0,0,0,2,1,0,1,0,1,1,0,0,1,0,1,0,0,2,0,1,89,253,253,244,45,0,0,0,2,0,0,0,0,0,0,1,0,0,0,0,0,1,0,0,1,0,2,63,240,254,255,83,1,2,0,1,0,0,0,1,0,1,0,1,0,0,0,0,2,2,0,1,0,0,16,242,255,255,148,6,0,0,0,1,1,0,0,1,1,0,0,0,0,0,0,0,0,0,1,0,0,0,110,254,255,204,6,0,2,2,0,0,0,2,1,1,1,2,2,0,1,0,0,1,0,0,1,1,0,58,253,255,251,83,2,0,0,0,2,0,2,0,0,1,1,0,1,0,1,0,0,0,0,1,1,0,14,237,254,255,192,3,1,0,0,0,0,0,0,0,1,0,0,0,0,0,2,1,0,2,1,0,0,0,81,253,253,195,28,0,0,1,0,1,1,3,0,0,0,0,0,0,0,1,1,0,0,1,0,0,0,1,37,229,194,29,0,0,0,0,0,0,0,2,0,0,0,1,0,1,2,0,1,0,1,1,0,0,1,0,0,0,2,0,0,0,2,1,0,0,1,0,0,0,0,1,0,2
0,0,0,0,1,2,1,1,1,1,0,0,1,0,0,1,0,0,0,0,0,0,0,1,0,0,0,1,0,2,0,0,0,1,0,0,0,1,0,1,0,0,0,0,0,0,0,0,0,0,0,0,0,2,0,0,2,1,0,0,2,0,0,0,0,0,1,1,0,2,1,0,0,0,1,0,2,0,0,0,0,1,1,0,1,2,2,0,0,0,0,2,1,0,0,1,1,1,1,0,0,0,0,1,0,0,0,0,0,0,0,1,0,0,0,0,0,0,12,42,147,147,47,0,2,0,1,0,0,0,1,2,0,0,0,0,1,0,0,1,0,0,1,1,1,14,130,253,253,252,250,163,18,0,0,0,0,0,0,0,0,1,1,1,0,1,1,0,0,1,0,0,0,133,253,254,252,253,252,253,228,69,0,0,0,0,3,0,0,0,0,0,1,0,1,1,1,0,0,1,1,100,253,254,146,103,106,236,253,248,127,10,0,0,0,0,1,0,0,0,0,0,0,1,0,0,0,0,0,181,252,167,0,1,0,62,234,252,255,164,6,0,0,0,1,1,0,2,0,1,1,0,0,0,0,0,0,254,252,43,0,0,0,0,57,194,252,252,165,4,0,0,0,0,0,1,0,0,0,0,0,0,0,0,0,187,251,33,0,0,0,1,1,54,238,251,253,87,0,0,0,0,1,2,0,1,0,1,2,0,0,1,1,145,252,34,0,100,188,86,87,87,146,254,254,123,0,2,0,0,0,0,2,1,0,0,1,0,1,1,0,92,251,79,42,249,253,252,252,251,253,253,251,224,84,14,0,0,0,0,0,0,1,0,0,1,0,0,1,13,91,12,36,242,254,251,252,251,253,254,252,255,252,243,90,9,0,0,0,0,0,0,0,0,0,1,1,1,0,0,1,76,160,180,254,254,253,251,253,252,254,253,253,209,42,0,0,0,0,1,0,1,0,1,0,0,0,0,0,0,1,3,16,16,39,36,16,16,147,242,255,254,185,46,1,0,0,1,3,0,0,0,0,0,0,0,0,18,58,0,1,0,0,1,0,1,1,57,209,252,254,184,0,0,1,0,0,1,0,1,0,2,0,0,77,221,246,78,0,0,0,0,0,0,0,0,16,220,255,243,72,0,0,0,1,0,1,1,1,1,0,0,90,247,253,251,58,0,1,1,0,1,0,0,0,52,252,253,192,0,2,0,0,0,0,2,2,0,0,1,0,116,255,252,60,0,0,0,1,0,0,0,0,98,251,252,146,0,0,0,0,1,0,0,0,0,0,0,0,15,188,254,221,156,37,1,0,0,2,111,211,245,251,250,144,1,2,0,0,1,0,1,0,0,0,0,0,1,10,220,247,253,252,248,250,249,249,253,255,251,253,200,19,0,0,0,0,0,0,2,1,2,0,1,0,0,1,1,94,184,228,252,253,255,252,252,254,196,125,24,0,0,0,0,0,0,0,1,0,2,0,0,0,1,0,0,0,0,25,36,138,73,127,89,37,9,0,0,0,0,0,0,0,0,0,0,0,1,0,1,1,0,0,3,1,0,0,0,0,0,2,0,1,1,0,0,0,2,0,0,0,0,0,0,0,0,0,2,0,0,1,0,1,0,0,0,0,0,2,0,0,0,0,0,0,2,2,1,0,0,0,0,0,0,1,0,0,1,0,0,0,0,1,1,1,0,1,1,1,0,0,0,1,0,0,0,2,0,0,0,0,0,0,0,0,2,1,0,0,1,0,0,0,0,1,0,0,2,0,0,0,0,1,1
1,1,0,0,2,0,1,0,0,1,1,1,0,0,0,1,0,0,0,0,1,2,0,0,0,0,0,0,0,0,0,0,0,0,1,0,0,2,0,2,0,2,1,1,2,0,0,1,0,0,0,0,0,0,0,1,0,0,0,0,1,0,0,0,0,0,1,0,1,0,0,2,1,0,0,0,0,1,0,1,1,0,0,1,0,0,1,0,2,1,0,1,0,1,0,1,0,0,0,0,0,0,2,0,0,0,0,2,1,0,3,0,0,1,0,2,2,1,0,1,0,1,1,1,0,0,0,0,2,0,0,1,0,0,1,0,0,0,0,1,0,0,2,0,1,2,0,0,0,0,3,1,0,1,0,0,1,2,168,91,1,0,0,0,0,1,0,0,0,0,1,0,0,1,1,0,0,0,0,0,0,1,1,0,2,1,236,124,0,1,1,0,2,0,1,0,0,0,0,0,0,0,0,0,0,0,0,0,0,0,1,0,1,51,254,126,0,0,0,2,2,1,2,0,0,0,2,0,1,0,0,0,1,37,180,32,0,2,0,0,1,52,252,81,2,1,0,0,1,0,0,0,1,0,2,0,0,1,0,0,0,94,254,84,0,0,0,0,0,87,254,53,1,0,0,2,1,0,0,1,1,0,0,3,0,0,1,1,1,162,254,56,0,1,0,0,0,189,236,4,0,0,1,2,0,0,0,0,1,0,0,3,1,0,1,0,14,227,169,3,1,0,0,0,1,194,236,1,0,0,1,0,0,3,0,0,0,0,0,2,2,0,0,0,55,252,115,0,0,0,0,0,17,234,166,0,0,1,0,0,0,0,0,2,1,0,0,1,0,0,1,0,116,253,51,1,1,1,0,1,100,255,105,0,0,2,0,0,0,0,0,0,0,0,1,0,1,0,0,5,223,235,77,156,180,189,251,252,253,255,116,1,0,0,0,0,0,0,1,0,0,1,2,1,1,0,1,14,254,254,252,250,209,182,179,179,246,254,247,93,1,0,0,0,0,0,0,0,1,0,0,0,1,1,0,7,218,239,117,22,3,0,0,1,225,255,241,199,1,0,1,1,2,0,0,0,2,2,0,0,0,0,1,1,13,17,0,0,0,0,0,28,243,208,46,38,0,1,1,0,1,2,0,0,0,0,0,0,0,1,0,1,0,0,0,0,0,1,0,101,254,133,1,0,0,0,2,0,1,0,0,0,1,0,0,0,0,1,0,0,0,0,0,0,1,0,2,115,255,68,0,0,0,1,0,0,0,0,0,0,1,0,0,2,0,0,0,2,0,0,0,0,0,1,0,115,255,58,1,1,0,0,0,0,0,1,0,2,1,0,0,0,0,0,3,0,0,0,0,0,1,0,0,117,253,61,1,1,0,0,0,0,0,2,0,1,0,0,0,0,0,0,0,0,0,0,0,1,0,0,0,174,255,100,0,0,0,0,0,0,2,0,1,0,3,0,1,0,2,0,0,0,0,0,1,0,0,2,1,186,254,83,0,1,0,0,1,0,0,1,0,0,0,0,0,0,0,0,0,0,3,1,1,0,0,1,0,115,176,9,0,0,0,0,0,0,1,1,0,1,0,0,0,0,0,1,0,0,0,1,0,0,0,0,1,0,1,0,0,0,1,0,2,0,0,1,0,0,3,0,1,0,0,0,0,0,0,1,0,1,0,0,0,0,0,0,0,1,1,0,1,0,1,0,0,0,1,0,1,0,1,0,0,0,0,0,0,1,1,0,0,0,1,0,0,0,1,0,1,0,0,0,1,0
0,0,0,0,1,1,1,1,1,1,0,0,0,1,0,0,1,0,1,0,0,0,1,0,1,1,1,0,0,0,0,0,0,0,1,0,2,0,0,0,0,0,0,0,0,1,0,1,2,1,0,1,0,0,2,0,1,2,1,0,2,0,2,1,0,1,0,0,0,0,0,1,3,0,2,0,0,1,0,0,0,0,0,1,1,0,0,2,0,1,1,0,1,1,0,0,1,0,0,0,1,0,1,1,1,0,2,0,0,0,1,0,0,0,0,0,3,1,2,0,0,0,0,0,0,0,1,0,1,0,0,0,0,0,0,1,0,0,2,0,0,2,0,2,1,1,2,1,1,0,1,1,0,1,1,0,1,0,0,1,0,0,1,0,0,0,0,0,0,0,0,2,0,0,0,1,1,0,0,0,0,0,1,30,139,195,45,0,0,3,0,1,0,0,1,0,0,1,0,0,0,0,0,1,0,0,0,2,0,37,146,238,254,255,227,48,78,46,0,1,3,0,0,2,0,0,0,1,0,0,0,0,0,0,0,2,42,229,253,253,252,252,253,241,255,198,1,0,0,0,0,0,0,0,0,0,2,0,1,1,0,0,19,132,255,253,255,240,252,255,253,255,253,235,4,0,0,0,2,0,0,0,0,0,0,2,1,3,0,0,154,252,255,248,105,72,200,253,255,252,234,56,0,0,0,0,2,1,0,0,0,0,0,0,0,1,3,172,253,250,206,52,118,216,254,253,253,253,185,1,0,0,2,0,0,0,0,1,0,0,0,1,0,0,114,254,253,214,86,248,253,252,254,255,253,217,30,1,0,0,0,0,0,0,0,1,1,0,0,0,0,5,229,253,253,253,254,252,236,129,195,253,254,119,1,0,0,0,0,0,0,1,1,0,0,0,0,0,2,2,197,253,255,245,238,130,16,47,246,255,200,13,1,1,1,0,2,0,1,1,0,0,1,3,0,0,0,2,17,94,89,42,0,0,11,173,251,241,38,0,2,1,1,0,0,1,0,0,2,1,0,0,1,0,1,0,0,2,0,0,1,1,93,253,254,155,0,0,1,1,0,0,1,0,3,0,1,2,0,0,0,0,1,0,0,1,0,2,0,18,212,254,225,7,0,1,0,0,0,0,0,0,0,0,1,0,0,1,0,0,0,0,0,0,0,0,0,198,255,254,99,0,0,1,0,0,1,0,1,0,1,1,0,0,1,0,0,1,0,0,0,1,0,0,35,241,253,180,2,0,0,0,1,1,0,1,0,1,0,2,0,0,1,0,0,0,0,0,0,0,1,27,223,254,226,30,1,0,1,1,0,0,0,3,0,0,0,1,2,0,1,3,0,0,0,0,0,0,0,76,254,255,129,2,3,2,0,0,2,0,0,0,0,0,1,1,0,0,0,2,0,1,1,2,0,0,54,238,253,248,53,0,1,1,0,1,0,0,0,1,0,0,0,0,0,0,2,0,1,0,1,1,1,12,184,255,255,230,41,0,1,0,1,2,0,1,0,0,0,1,1,3,0,0,0,0,0,1,0,0,1,113,254,255,230,47,2,0,0,2,0,1,0,0,0,1,0,0,0,0,0,0,0,0,0,0,1,0,0,111,239,128,26,1,0,0,0,0,0,0,0,0,2,0,0,0,0,0,0,0,1,1,2,1,0,1,0,0,0,0,2,1,1,1,0,1,0,1,1,1,1,0,0,0,1,0,1,1,0,0,0,0,1,0,0,1,0,0,0,1,0,0,0,0,0,0,1,1,2,0,0,0,0,1
1,1,0,0,0,0,0,0,0,1,1,0,0,1,2,0,2,1,0,0,2,0,2,0,0,1,1,0,0,0,0,0,0,1,0,0,0,1,0,1,2,0,0,2,1,1,1,1,0,0,0,0,1,0,0,0,0,0,1,0,0,1,1,1,1,0,0,0,0,0,0,0,0,0,0,1,0,0,1,0,1,0,2,0,0,0,1,0,3,0,1,0,0,0,0,2,51,179,253,244,51,0,0,2,0,0,0,0,1,0,2,0,0,0,0,0,0,0,0,1,0,0,0,0,183,252,252,232,164,0,1,0,1,0,0,0,1,0,0,0,0,0,1,0,0,0,0,0,0,0,0,65,232,252,136,38,57,0,0,0,0,1,1,2,0,0,1,0,0,1,0,0,1,0,0,1,0,0,18,235,251,178,4,1,0,0,1,0,0,0,0,0,0,1,0,0,0,0,2,0,0,0,0,0,0,0,76,252,253,54,0,0,0,0,0,1,0,0,0,1,1,0,0,1,0,0,0,0,0,0,0,1,0,0,140,254,174,1,1,0,0,0,1,0,0,0,1,1,1,0,0,0,1,0,0,1,0,0,0,0,0,21,211,253,67,1,0,1,2,1,0,0,0,1,0,1,0,0,1,2,1,0,1,1,0,0,2,0,0,115,252,239,48,1,1,0,0,0,0,1,2,0,0,0,0,0,0,0,0,0,0,0,0,2,0,0,0,157,254,207,1,0,0,0,0,0,0,0,0,1,0,0,2,1,0,0,0,0,0,1,1,0,0,0,1,230,254,101,0,0,0,0,1,0,0,1,0,0,0,0,0,1,1,0,0,1,0,0,0,0,0,1,0,231,255,177,139,180,255,255,253,222,95,4,0,1,0,0,0,1,0,1,0,1,0,2,0,0,2,0,0,230,253,251,252,252,253,210,252,254,251,117,0,0,2,1,0,0,0,0,0,0,2,0,0,0,0,0,1,232,252,238,182,88,66,10,69,172,253,250,85,1,0,0,0,0,0,0,0,0,2,0,0,0,1,0,0,135,253,154,2,0,0,1,1,13,216,253,115,1,0,0,0,0,0,1,1,2,0,0,0,2,3,0,1,115,255,204,0,0,0,0,1,1,155,254,116,0,0,1,0,0,1,0,0,0,0,0,1,1,0,1,0,106,255,210,6,0,0,0,0,50,232,253,116,0,0,0,1,1,0,0,0,0,1,0,0,0,0,0,0,0,158,252,154,9,0,0,31,195,253,253,96,0,0,1,0,1,0,0,1,1,0,0,0,0,1,1,1,1,18,228,253,154,71,82,229,252,227,131,0,1,2,1,0,0,0,0,0,1,0,0,0,1,2,1,0,0,1,51,228,254,254,253,254,185,50,0,0,0,1,0,0,0,1,0,0,2,0,2,0,0,3,1,0,0,0,0,48,179,251,193,119,6,0,1,0,0,0,0,0,0,0,0,0,2,1,1,1,2,0,0,1,0,0,0,1,0,0,0,0,0,3,2,0,1,0,1,0,0,0,1,2,0,1,0,0,0,0,0,2,0,0,0,0,0,0,2,0,0,2,0,0,0,0,2,1,0,0,0,1,0,0,0,0,0,0,0,1,0,0,0,0,0,0,2,1,0,0,0,0,1,0,0,0,1,0,0,1,2,0,1,0,0,0,0,0,0,0,1,2,0,0,1,0,0,2,0,0,0,1,0,0,0,0,0,0,0,0,0,1,0,0,1,1,0,0,0,0,0,0,0,0,0,0,0,0,0,0,1,0,3,1,0
0,0,1,3,0,2,1,1,0,0,0,0,0,0,1,0,0,1,1,1,1,1,0,0,0,0,0,1,1,2,0,0,0,0,0,0,2,0,1,0,0,0,0,1,0,1,0,1,1,0,0,1,1,1,2,1,0,2,0,1,2,0,3,0,3,0,0,0,0,0,0,2,0,0,1,0,0,0,0,0,1,0,0,0,1,0,0,0,1,0,0,1,0,116,255,56,0,0,0,0,1,2,0,1,1,1,0,0,0,0,1,0,0,0,2,0,0,0,0,0,0,225,255,59,0,2,0,0,0,0,0,0,0,0,0,1,0,0,1,2,0,0,1,0,0,1,0,0,30,254,114,1,0,1,0,0,1,0,0,0,0,0,0,2,1,0,0,1,0,1,1,0,1,1,0,0,114,255,87,0,1,0,1,1,1,0,0,0,0,0,0,0,1,0,0,1,1,0,1,0,0,0,0,1,197,255,29,0,0,1,0,0,0,0,2,0,0,0,0,0,0,1,0,0,1,0,0,2,1,0,1,30,255,228,0,0,0,0,0,0,0,0,0,0,0,0,0,0,0,1,0,2,1,0,0,0,0,0,0,142,255,143,0,0,0,2,1,0,57,86,86,140,57,1,0,0,0,1,0,0,2,0,1,2,0,1,0,170,254,87,0,0,0,0,1,59,225,255,255,255,255,59,0,0,0,0,0,0,0,0,0,1,0,0,0,170,255,87,1,0,0,1,0,168,255,255,114,56,227,197,0,1,1,0,1,1,0,0,0,1,2,1,0,169,255,87,0,0,0,1,56,254,255,90,0,0,170,255,0,1,0,1,1,0,0,1,1,0,0,2,0,170,254,87,0,0,0,0,171,255,86,2,1,1,170,255,85,0,2,0,0,1,1,1,1,0,1,0,1,142,255,112,2,0,1,30,255,198,0,0,0,0,170,255,87,0,1,1,0,1,1,1,0,0,0,0,1,30,255,255,0,0,0,170,255,114,0,0,1,0,199,226,0,0,1,0,0,0,1,0,0,0,1,0,0,1,196,255,114,0,0,169,255,86,2,1,0,86,255,113,0,1,0,0,2,0,0,0,1,2,1,0,0,0,85,255,255,170,54,255,254,31,0,0,85,226,228,30,0,0,0,0,1,1,0,0,2,0,0,0,1,0,0,115,226,254,255,255,255,88,85,169,255,253,57,0,0,1,1,2,0,0,0,0,1,0,0,0,0,0,0,0,30,141,255,255,255,253,255,255,199,31,0,1,0,2,3,0,0,0,2,1,0,0,1,0,0,0,0,0,2,1,0,226,255,255,142,87,0,0,0,1,0,0,0,0,1,1,0,0,0,0,1,1,0,1,1,0,1,2,1,142,254,255,172,171,58,0,0,0,1,0,1,0,0,1,0,1,0,0,0,0,0,2,0,1,1,1,1,1,141,228,171,113,28,0,0,0,1,2,1,0,0,0,0,1,1,0,0,2,0,0,0,0,0,2,1,0,0,0,0,0,0,0,2,0,0,3,0,0,0,1,0,0,0,1,0,0,0,0,0,1,0,0,1,0,0,1,0,1,0,0,0,0,0,0,2,0,0,1,1,0,0,1,0,0,0,0,0,0,0,1,0,0,1,1,1,1,0,0,0,0,0,0,0,0,1,3,0,1,0,1,1,0,0,1,0,0,0,1,1,0,0,1,0,1,0,0,0,0,0,2,0,0,1,1,0,0,0,1,0,0,1,0,0,1,0,0,0,0,1,0,0,0,0,0,0,1,0,0,0,0,0,0
0,0,0,1,0,0,1,0,0,0,0,0,1,0,0,0,3,0,0,1,0,0,1,0,0,1,1,1,0,0,0,1,0,0,0,0,1,2,0,0,0,0,0,2,0,0,1,1,0,1,0,0,1,2,0,0,0,0,0,2,1,0,1,0,0,0,1,0,2,1,0,1,1,1,0,2,1,1,1,0,0,0,2,0,1,0,0,0,0,2,1,0,0,0,0,2,0,0,0,1,0,1,1,1,3,0,0,3,1,0,0,0,0,1,0,0,0,0,1,0,1,0,0,0,0,0,0,0,0,0,0,0,0,0,0,1,0,1,0,1,0,0,0,1,0,0,0,0,0,0,0,1,0,1,0,1,67,153,236,255,255,255,255,251,52,0,1,0,0,1,1,0,1,1,0,0,0,0,2,2,0,89,167,236,253,252,219,138,83,38,154,253,132,0,0,0,1,1,1,0,0,0,0,1,1,3,0,137,247,253,253,215,168,55,6,0,0,0,99,191,4,0,0,0,0,0,0,0,0,0,1,0,0,1,0,234,255,171,55,4,2,0,0,0,0,0,34,8,0,0,0,1,0,1,0,0,0,1,2,1,2,0,0,174,254,96,0,0,1,0,1,0,0,0,1,0,1,1,0,0,1,0,1,0,1,1,0,0,1,1,38,246,220,13,1,2,0,0,0,1,1,0,0,0,1,0,0,0,0,0,0,0,1,0,0,0,0,0,142,254,150,1,2,0,0,1,1,2,0,0,0,0,0,0,0,0,0,0,2,1,0,0,1,0,1,0,150,252,112,0,0,0,0,0,0,1,1,1,0,0,1,1,1,0,1,1,0,0,0,1,0,0,0,0,225,240,31,0,1,0,1,0,0,0,1,0,0,1,1,0,1,0,0,1,0,0,2,0,1,0,0,12,240,204,43,44,41,45,6,0,0,0,0,0,0,0,0,1,1,0,0,0,0,0,0,0,0,0,0,70,254,254,255,255,254,253,206,86,8,0,1,1,0,0,1,0,0,0,0,0,2,0,0,0,1,1,1,37,183,172,135,133,162,211,255,254,166,6,0,1,0,0,1,1,2,1,0,0,0,2,1,2,1,0,2,0,0,0,1,0,1,9,52,177,254,125,0,0,0,0,0,0,0,0,0,0,1,0,0,2,1,1,2,0,0,1,1,2,0,0,26,210,254,104,2,0,0,1,2,2,0,0,1,0,0,0,2,0,1,2,0,0,0,2,2,0,0,61,208,255,194,14,1,0,0,0,0,0,0,0,0,0,0,0,0,0,1,0,1,0,0,8,0,11,138,245,253,197,53,0,0,0,0,0,0,2,0,0,0,0,2,0,0,0,1,0,1,13,87,123,146,224,255,247,126,12,1,0,0,2,1,0,0,0,0,0,0,0,1,2,1,0,0,3,116,250,212,249,253,252,198,46,1,0,2,2,0,0,2,0,0,0,0,0,1,1,0,1,0,0,0,140,254,253,254,251,200,71,0,1,0,0,0,0,0,0,0,0,0,1,0,1,0,0,0,1,0,1,0,79,168,197,86,8,0,0,0,0,0,0,0,0,0,0,0,2,0,0,0,0,2,0,0,0,0,0,0,0,0,0,1,0,0,0,0,1,0,0,0,0,0,1,0,0,0,0,2,0,0,2,0,0,1,0,1,0,0,0,0,0,0,0,0,0,0,1,2,0,1,0,0,0,2,0,0,0,2,1,0,1,0,1,0,0,0,0,1,2,0,0,0,1,0,0,0,0,1,0,1,1,0,2,0,0
1,0,0,1,0,0,1,1,1,0,1,1,1,0,1,0,0,0,0,0,0,1,1,0,0,1,0,0,0,0,1,2,0,2,2,1,1,1,1,0,0,0,0,0,2,0,1,0,0,0,1,2,0,1,0,0,0,0,0,0,0,2,0,0,1,1,0,0,0,1,0,1,0,0,1,0,0,1,0,1,2,0,2,0,0,0,0,0,0,1,0,0,1,1,1,1,0,0,0,1,0,0,1,0,0,0,0,0,0,0,0,0,0,0,0,0,0,0,0,1,2,0,0,0,0,1,1,0,0,1,0,2,0,0,0,0,0,0,0,0,0,0,1,0,0,0,2,0,0,0,2,195,61,1,0,1,0,1,1,0,0,0,0,1,0,0,0,0,1,0,0,0,0,0,0,0,0,1,49,243,43,0,2,0,2,0,1,0,0,0,0,2,0,0,0,1,0,0,1,0,0,0,0,0,0,1,186,237,21,1,0,0,135,84,0,1,1,0,0,0,0,0,0,0,0,0,0,0,1,1,0,0,0,89,213,27,0,2,1,0,130,169,0,0,1,1,0,0,0,0,0,1,0,0,0,0,0,1,1,0,0,128,118,0,0,0,0,1,91,209,1,1,1,0,0,0,0,0,0,1,0,0,1,0,0,1,0,2,31,234,112,2,0,0,2,0,91,243,29,1,0,1,0,0,0,0,0,0,0,0,0,0,1,0,0,0,116,224,22,0,1,0,0,2,169,245,57,0,0,0,1,0,2,1,0,0,2,1,0,0,1,0,0,31,240,122,0,1,1,1,0,40,247,138,0,0,0,0,1,2,0,0,0,0,0,0,0,0,0,1,3,128,239,21,1,0,0,0,0,14,231,134,1,0,0,0,0,0,0,0,1,1,0,0,1,0,0,0,15,253,179,0,1,1,0,0,3,0,166,134,0,0,2,1,0,0,0,0,0,0,0,0,0,0,1,0,10,191,232,135,102,19,2,0,0,0,112,216,32,32,33,2,0,0,0,0,0,0,1,2,1,0,0,0,0,8,88,127,193,220,209,211,209,211,227,254,254,205,118,5,2,0,1,0,0,0,3,1,0,0,1,0,0,2,0,0,1,10,14,38,90,90,195,242,33,5,0,0,0,1,0,0,0,0,0,2,0,0,3,0,0,1,0,0,0,0,1,0,0,0,164,235,14,1,0,1,0,0,2,0,0,0,0,0,0,0,0,0,0,0,0,0,0,0,1,1,1,0,166,144,1,0,0,1,2,0,0,0,0,0,0,0,0,0,0,2,0,0,1,1,0,0,1,2,2,1,91,189,0,0,0,1,0,0,1,0,0,0,1,0,0,0,1,0,0,0,0,0,0,0,0,0,2,0,91,234,34,1,1,1,0,1,1,0,0,1,0,0,3,1,0,0,0,0,0,0,0,1,0,0,0,0,19,252,62,1,0,1,0,0,2,1,1,0,1,0,1,0,1,0,2,1,0,1,0,0,0,0,0,0,6,209,221,1,0,0,0,0,0,1,0,0,0,0,0,0,0,3,0,2,0,0,1,1,0,1,0,0,0,106,166,0,0,0,0,0,0,0,0,0,0,1,2,0,2,1,0,0,1,1,0,1,0,0,1,0,1,0,0,0,0,0,1,0,0,2,0,1,2,1,1,1,1,0,0,1,0,0,0,1,0,1,0,0,0,1,0,1,0,0,0,0,2,0,1,0,2,0,0,1,0,1,0,0,0,1,0,0,0,0,0,0,0,1,0,0,1,0,0,2,0,0,0,0
0,1,1,1,0,0,0,0,2,0,0,0,1,1,0,1,0,0,0,0,0,0,0,1,0,0,0,0,1,0,0,0,0,2,1,0,0,0,0,1,0,1,0,0,0,2,0,0,1,0,0,0,2,0,1,0,0,0,0,2,0,1,2,0,0,1,0,0,0,1,1,0,1,2,0,0,0,0,1,0,2,0,0,0,2,0,0,0,0,1,0,0,0,1,0,0,0,2,2,0,0,0,1,0,0,0,2,0,0,1,0,2,2,0,0,2,0,0,3,2,0,1,0,0,0,3,80,195,83,81,81,81,14,0,1,1,0,0,1,0,0,0,0,1,0,1,0,0,0,1,2,0,0,8,253,254,254,252,253,252,149,0,2,2,1,0,0,0,0,0,0,0,0,0,0,0,2,12,62,57,0,10,252,254,253,255,254,254,250,237,58,3,0,0,1,2,0,0,0,0,0,0,1,0,1,140,252,239,84,5,160,253,253,251,253,251,254,254,61,1,1,1,1,0,0,1,0,1,0,0,0,11,140,248,253,253,148,0,74,210,252,253,254,252,251,252,213,1,1,1,0,0,2,0,0,0,1,1,1,146,252,254,255,254,199,33,0,0,159,251,142,195,254,253,243,80,0,1,0,0,1,0,0,1,0,8,136,251,252,254,252,252,253,67,1,0,15,52,4,27,203,253,252,153,0,0,1,1,0,0,0,0,0,79,253,252,254,255,253,254,207,42,0,0,0,0,0,0,35,253,251,196,32,1,1,1,0,0,0,1,1,87,254,252,253,251,252,235,41,0,1,1,1,0,1,0,41,253,251,252,79,0,1,1,0,0,3,0,0,254,253,255,253,253,253,164,0,0,0,1,1,1,0,0,209,253,255,255,78,1,1,0,0,0,0,1,2,255,250,252,252,253,173,19,0,0,0,0,1,0,1,0,211,255,253,253,77,0,0,0,0,0,1,0,1,255,253,253,254,211,4,0,0,1,1,0,1,43,229,245,253,254,253,158,4,1,0,0,0,0,0,0,0,254,253,254,253,208,1,0,0,0,0,101,149,209,252,253,252,252,241,65,1,0,1,0,0,3,0,0,0,255,252,255,254,218,53,54,52,179,229,243,254,251,253,253,253,252,77,0,1,0,0,1,0,0,0,1,0,164,254,252,254,253,253,254,254,254,252,255,253,253,254,253,253,194,30,0,0,3,1,0,0,0,0,2,0,79,252,255,254,253,253,252,251,253,253,254,254,254,253,234,194,26,1,0,0,1,1,2,1,0,0,0,0,43,211,253,254,254,253,253,253,254,252,253,253,252,229,67,2,0,0,0,0,0,0,1,1,1,0,1,0,0,39,229,254,254,254,253,254,252,253,252,247,236,66,1,0,2,2,0,1,0,1,0,0,0,0,1,0,0,1,40,209,253,253,254,253,255,252,190,112,0,1,0,0,0,0,2,0,0,1,0,0,0,0,0,0,1,0,0,44,108,254,253,179,78,77,27,0,0,0,1,1,0,1,2,0,0,0,0,0,0,0,0,1,0,0,0,0,1,0,0,0,0,0,0,0,1,0,0,0,0,1,0,0,2,1,2,0,0,0,1,2,2,0,0,0,0,0,0,0,0,0,1,0,0,0,1,0,1,0,0,0,0,0,0,0,1,0,0,0,0,1,0,1,0,1,0,0,1,1,0,0,1,0,1,1,0,1,0,0,0,1,0,3,0,0,1,0,1,0,0,0,1,0,1,2,0,0,0,0,1,0,0,1,0,0,1,2,0,0,0
0,0,0,0,0,0,0,2,0,2,1,0,1,0,1,0,0,0,1,1,0,0,1,1,0,0,0,0,1,0,0,0,0,0,1,0,0,1,0,0,0,0,1,0,0,1,1,1,0,3,2,0,0,1,1,0,0,0,0,0,0,1,0,0,1,0,1,0,0,0,1,0,0,2,0,1,2,0,0,0,1,0,0,0,0,0,1,0,0,0,0,0,0,0,0,0,0,0,0,1,0,0,0,1,0,0,0,0,0,0,0,0,2,0,1,0,0,0,0,0,1,0,1,1,1,0,0,1,0,0,0,2,0,0,1,0,2,0,0,0,0,1,0,0,3,0,1,0,1,0,0,2,0,1,0,0,1,1,0,0,0,0,0,1,0,0,1,0,0,0,0,0,0,0,1,0,0,0,1,0,0,0,1,2,0,1,0,1,0,1,0,0,0,1,2,2,1,0,1,0,0,1,0,0,0,0,0,0,0,0,0,0,0,0,0,0,0,1,0,1,0,0,1,0,1,0,0,0,1,0,20,2,0,2,12,91,173,251,254,254,254,252,60,0,0,0,0,3,0,1,0,1,0,0,0,1,0,0,142,0,22,101,212,251,233,150,131,130,252,250,142,0,1,0,1,0,2,0,1,0,0,0,0,1,0,163,151,150,215,233,183,105,0,3,0,0,132,252,254,50,1,0,1,3,0,0,0,1,0,0,0,0,81,241,254,252,131,29,0,1,0,1,2,0,10,213,253,131,1,2,0,0,0,2,0,2,1,0,1,0,123,203,102,19,0,1,2,1,0,0,0,0,0,202,254,153,0,1,0,0,0,0,2,2,0,2,0,1,0,0,0,1,1,0,1,1,0,0,0,2,1,161,254,151,0,1,0,0,0,0,0,1,0,0,0,0,0,1,0,0,0,0,0,0,1,1,0,0,0,103,255,151,1,0,0,0,1,1,0,0,0,1,0,0,0,0,1,1,0,0,0,0,0,0,0,0,0,102,254,151,1,0,0,2,1,0,0,0,2,0,2,0,0,0,1,0,0,0,0,0,1,0,0,0,1,162,253,90,0,0,0,0,0,1,0,0,0,0,1,0,0,0,1,0,0,1,1,1,1,0,1,2,0,201,253,51,0,1,2,0,0,2,0,0,0,2,1,1,1,0,1,0,0,0,0,1,0,0,0,0,1,202,203,1,2,1,0,0,0,0,1,0,0,1,0,2,0,1,0,0,0,0,0,0,0,0,1,2,23,224,120,0,0,0,2,0,1,0,0,0,0,1,0,0,0,1,0,0,2,0,0,0,1,0,0,0,71,253,101,0,0,0,1,0,1,0,0,2,2,0,0,1,0,2,0,4,0,0,0,0,0,2,0,1,234,254,103,1,0,1,0,0,1,0,0,1,0,0,2,0,0,0,0,1,1,0,1,0,0,0,1,2,254,233,0,0,0,0,0,0,2,0,0,0,0,1,0,0,2,2,0,1,1,0,0,0,0,1,1,41,253,151,1,1,0,0,0,0,0,0,0,0,2,0,0,1,0,0,0,0,0,1,0,0,0,1,0,123,253,48,2,1,0,0,0,0,0,0,0,0,0,1,0,1,1,1,2,2,0,2,0,0,2,0,22,221,231,30,0,0,0,0,0,1,0,0,0,0,2,0,0,0,0,0,1,1,0,1,2,0,0,2,50,253,181,0,0,0,0,0,1,0,1,0,0,0,0,0,0,1,0,0,0,0,0,0,0,0,0,1,53,252,19,0,0,0,1,0,0,1,0,0,0,0
0,0,0,0,0,1,0,1,0,1,2,0,1,0,1,0,1,1,0,1,0,0,2,0,0,1,2,0,0,0,1,0,0,0,1,0,0,1,0,1,0,0,0,0,0,0,0,0,0,2,0,0,0,0,0,1,0,0,0,0,0,0,0,0,0,1,0,0,0,1,0,0,0,0,1,1,0,3,0,0,0,1,1,1,1,0,0,0,1,0,0,0,0,0,0,0,0,1,0,1,0,2,0,0,0,0,0,1,0,0,0,1,0,0,1,1,2,0,0,0,0,1,2,0,0,0,0,0,2,0,1,0,0,0,1,1,0,0,0,0,0,0,0,0,0,0,0,1,1,0,1,0,221,116,0,0,0,1,0,1,0,0,0,0,0,2,1,0,0,1,0,0,0,1,0,0,1,0,0,50,255,149,0,0,0,0,21,229,134,1,0,0,1,1,0,2,2,0,0,0,2,0,0,0,0,0,0,165,255,115,0,0,0,1,24,253,183,0,0,0,0,1,0,0,0,0,0,0,0,1,0,0,0,0,50,235,253,82,0,1,0,0,92,252,184,0,0,0,0,0,0,0,0,1,0,0,0,0,1,1,1,12,220,255,160,0,0,0,0,0,139,253,128,0,0,0,1,1,1,2,0,2,0,0,0,2,0,2,0,115,252,253,77,1,0,1,1,0,205,253,93,0,0,0,0,1,1,0,0,0,1,0,0,0,0,0,15,232,254,100,1,0,0,1,0,2,208,254,17,1,1,0,0,0,1,0,1,2,0,1,0,0,1,2,231,252,201,18,2,1,0,1,0,34,241,255,0,1,1,1,0,0,2,0,0,0,0,0,0,2,7,169,254,254,46,0,0,0,1,1,0,47,251,255,0,0,0,0,0,1,0,0,0,0,0,0,0,0,24,254,255,254,234,163,47,46,27,0,1,132,254,253,1,0,2,0,1,1,0,0,0,1,0,1,0,0,21,247,252,250,254,252,253,254,233,175,207,233,252,177,2,0,1,1,1,0,2,0,0,0,0,1,0,0,0,82,162,212,222,220,254,252,253,254,254,254,243,70,0,0,2,0,0,0,0,0,1,0,0,1,0,0,1,0,0,1,0,0,92,145,141,94,170,254,230,0,2,1,2,1,0,0,0,1,0,0,0,0,0,1,0,0,0,0,1,1,0,0,0,0,153,254,213,0,1,0,0,0,0,0,0,2,0,1,0,0,1,0,0,1,2,0,0,0,0,0,1,0,170,254,138,1,0,0,1,0,0,1,0,1,1,0,1,0,0,0,0,0,0,0,0,0,0,0,0,0,221,254,137,0,0,0,0,0,0,0,2,0,0,0,1,1,1,0,2,1,1,1,1,0,0,2,1,60,255,255,79,0,0,0,0,1,0,0,0,1,0,1,2,0,0,1,0,1,1,1,2,0,0,0,0,93,254,253,47,0,0,0,0,0,2,1,0,1,0,0,1,0,0,0,0,0,0,1,0,2,0,0,0,49,255,214,9,0,0,0,0,1,0,0,1,2,0,0,1,0,0,0,0,1,0,2,1,0,1,1,1,1,186,105,0,0,2,0,0,1,0,0,2,0,1,0,0,0,0,0,1,0,0,0,1,0,0,0,0,0,1,0,0,2,2,1,0,2,0,1,0,1,1,0,1,0,0,0,0,0,0,1,0,0,0,0,0,0,1,0,0,0,0,0,0,0,0,0,1,2,1,0,0,0,1,2,0,0,1,0,0,0,0,0,1,0,0,1,0,1,1,0,1,0,1,0,0,1
0,0,0,1,2,0,0,0,1,1,0,0,1,0,1,0,0,0,1,0,0,1,0,0,2,0,0,0,0,0,0,0,1,0,0,0,0,0,0,0,0,1,1,0,0,0,0,0,1,1,1,2,0,0,0,0,1,0,1,0,1,0,2,0,0,1,0,0,1,0,2,0,0,2,0,1,1,0,0,0,0,0,0,0,1,0,0,0,0,2,1,0,0,1,0,0,0,1,0,2,0,0,0,0,0,1,0,0,2,0,0,0,0,3,0,0,0,1,0,0,0,0,0,0,0,0,0,1,0,0,1,0,0,0,1,1,0,1,1,0,1,0,0,0,0,1,0,1,1,33,255,252,255,255,255,253,156,129,88,1,1,0,1,1,0,0,2,0,0,1,1,0,3,1,0,0,0,32,251,254,253,253,253,253,252,254,252,109,3,3,2,1,0,0,2,0,0,0,0,0,1,0,0,1,0,14,128,239,253,251,252,253,254,252,252,253,30,1,0,0,0,1,0,1,0,0,0,1,1,0,1,1,0,1,0,55,253,247,166,235,254,254,253,253,104,0,1,0,1,2,0,0,0,1,0,0,3,0,0,1,0,0,4,179,254,180,0,26,135,248,255,253,217,15,1,0,0,0,0,1,0,1,1,1,1,0,0,1,2,5,131,253,224,28,0,1,0,187,252,252,252,23,0,1,1,0,0,0,0,0,2,0,0,0,2,1,0,34,252,254,122,1,1,0,1,67,246,253,253,107,1,0,0,0,0,0,2,0,0,1,1,0,1,3,0,118,254,198,24,0,0,0,0,0,186,253,254,149,0,2,0,0,0,0,0,0,0,1,1,1,0,0,46,225,244,66,1,0,1,0,0,1,89,252,253,146,0,0,2,0,0,2,0,0,0,2,0,0,0,0,150,252,184,0,0,0,1,0,2,0,89,253,253,149,2,1,0,0,1,0,0,0,0,0,0,2,1,14,226,254,94,0,1,0,1,0,0,1,89,254,254,149,0,1,1,0,0,0,2,0,2,1,0,0,0,19,254,254,91,0,0,1,0,1,0,1,87,253,253,148,0,1,2,0,0,1,0,0,2,0,0,0,0,19,254,253,92,1,0,1,0,0,0,0,90,252,253,108,0,3,3,1,0,0,0,2,0,1,0,0,1,18,253,251,134,1,0,0,0,1,0,0,87,253,218,14,0,1,1,1,0,0,2,0,0,1,1,1,0,19,254,253,232,32,2,0,0,0,0,2,134,252,152,1,0,0,0,0,1,0,0,1,0,1,0,0,1,18,254,252,252,233,119,1,74,100,101,200,250,217,34,0,1,0,0,0,2,0,0,0,0,0,0,1,1,3,158,252,253,253,250,232,246,251,254,253,253,109,0,2,0,0,2,0,0,0,0,0,0,0,1,0,0,0,96,254,251,252,252,254,253,255,253,253,118,5,0,1,0,0,0,0,0,0,0,0,1,0,0,1,1,0,3,42,252,252,252,253,254,251,253,118,1,0,0,1,0,0,1,0,0,1,0,0,0,0,1,0,0,2,0,16,51,89,213,167,101,3,6,0,2,0,1,0,1,1,2,0,0,0,0,0,0,0,0,2,2,0,2,0,0,2,0,0,0,0,0,0,0,0,0,0,0,1,0,0,0,2,0,1,0,0,0,0,0,0,0,0,0,2,0,0,0,0,0,0,0,0,0,0,0,0,0,0,0,0,0,0,0,1,0,0,1,0,0,0,0,1,0,0,1,1,0,1,0,0,0,1,2,0,0,1,0,1
0,0,0,1,0,0,0,0,1,1,0,0,0,0,2,0,0,0,0,0,1,0,1,1,0,2,1,0,1,0,0,1,0,0,1,1,0,0,1,1,0,0,1,0,0,0,0,0,0,0,0,0,1,0,1,3,0,0,0,2,0,0,0,0,0,1,0,1,0,1,1,1,0,0,0,2,0,0,0,1,0,3,2,0,1,0,0,0,1,0,1,1,0,0,0,1,0,1,1,0,0,1,0,0,2,0,0,0,0,1,0,1,2,0,1,0,0,1,0,1,0,0,0,217,254,11,2,0,0,1,0,1,0,0,0,0,0,1,0,0,0,1,0,1,0,1,0,0,1,0,0,218,250,91,0,0,0,1,0,0,0,0,0,1,1,0,0,0,1,0,1,1,0,1,0,2,0,0,0,200,253,253,1,0,0,0,1,0,0,0,0,0,0,1,0,0,0,2,0,0,0,0,2,1,0,0,2,79,206,251,24,1,2,0,0,1,0,0,1,0,0,2,0,1,0,0,1,0,0,0,0,0,0,2,0,1,80,250,149,0,0,0,0,0,0,0,0,1,0,0,0,0,0,0,0,0,2,0,0,0,0,1,0,2,109,253,241,1,1,0,0,0,2,0,0,0,0,0,0,0,0,1,0,1,1,0,0,0,0,1,1,1,208,252,239,0,0,0,0,1,0,0,0,0,1,0,0,0,0,0,0,1,2,0,0,0,0,2,0,0,125,254,241,0,1,0,0,1,2,0,0,0,0,0,0,0,0,1,0,0,0,0,0,2,0,1,0,0,160,253,241,0,0,1,0,0,0,1,0,0,2,0,0,1,0,1,2,0,1,0,0,0,1,0,0,0,228,251,253,101,0,0,0,0,0,1,1,0,0,0,0,2,0,1,2,2,0,0,0,0,3,0,0,0,52,186,254,174,0,0,0,0,0,0,3,0,0,2,0,0,0,1,0,1,0,0,0,0,0,0,0,0,0,123,252,228,0,0,0,2,0,0,0,0,0,1,0,0,0,0,1,1,1,1,0,3,0,0,1,1,0,122,253,230,0,0,0,0,0,0,0,0,0,1,0,0,2,0,0,0,1,1,0,0,0,0,0,0,0,119,252,228,0,0,0,0,1,0,0,0,0,1,0,0,1,0,0,1,0,0,0,0,0,0,1,0,1,120,252,229,0,0,2,0,0,0,0,0,1,0,0,1,0,0,0,0,0,0,0,0,0,0,0,0,0,213,252,238,29,0,1,0,0,0,1,0,2,0,0,2,0,0,0,0,0,2,0,0,0,0,0,2,0,201,254,251,96,0,0,2,1,0,0,0,1,1,0,0,0,0,0,0,0,0,0,0,0,0,1,1,1,119,253,252,97,0,1,0,2,2,0,0,1,1,0,0,1,0,0,0,0,0,0,0,0,0,0,0,1,120,252,252,96,1,1,1,0,0,2,0,0,0,0,0,1,1,1,1,0,0,0,0,0,0,2,0,2,66,195,243,50,1,2,0,0,0,0,0,0,3,0,0,0,1,0,0,1,0,1,1,0,2,0,1,0,0,1,0,0,0,0,0,1,0,0,0,1,0,0,2,3,0,0,1,0,0,0,1,0,0,1,0,0,0,1,0,0,1,0,0,1,0,2,0,0,0,0,1,2,0,0,1,0,1,1,1,1,0,0,0,0,2,0,0,0,0,1,0,0,0,1,2,0,0,1,0,1,2,1,1,0,0,1,1,1,0,1,0,0,0,1,1,0,0,1,1,0,0,0,0,0,1,0,1
0,0,0,1,2,1,0,0,1,0,1,0,0,0,0,0,0,1,0,0,0,2,0,0,3,0,0,0,0,0,0,0,0,0,0,2,0,0,0,1,0,1,0,0,0,1,2,1,0,1,0,0,0,2,0,0,1,0,0,2,0,0,1,2,0,1,0,0,0,0,0,0,0,0,1,2,0,1,0,1,0,0,0,0,0,0,0,0,0,1,0,0,0,0,1,1,0,0,1,1,1,0,0,0,0,0,0,0,0,0,0,0,0,0,1,0,0,0,0,0,0,0,0,0,0,0,0,0,0,0,0,0,0,0,2,2,0,1,0,0,0,0,0,1,1,1,1,1,1,1,0,0,0,1,0,0,0,0,0,0,1,0,1,0,0,2,0,1,1,0,0,0,0,0,0,22,112,195,255,255,255,252,254,171,82,0,0,1,0,1,0,2,0,0,2,1,0,0,0,2,1,0,0,184,252,252,252,252,253,252,254,251,244,41,0,0,0,0,0,1,2,0,1,0,0,0,0,0,0,0,0,204,252,233,182,101,203,203,235,254,254,149,0,0,2,0,0,1,0,0,0,0,1,0,0,0,0,0,2,83,151,52,1,1,1,41,191,253,251,113,1,0,1,0,2,0,1,1,0,0,0,1,1,0,1,0,0,0,1,0,0,0,13,212,255,252,202,1,0,0,1,1,0,1,0,0,0,0,1,2,0,0,0,0,0,0,0,0,0,125,214,251,253,252,81,0,0,0,1,0,2,0,0,0,0,0,0,1,1,0,1,0,0,2,1,0,51,254,254,254,254,150,22,0,0,1,1,0,0,1,0,1,1,0,0,0,1,0,0,0,0,0,0,0,12,212,254,253,252,232,224,121,83,0,0,1,0,0,0,1,1,0,1,0,0,1,0,0,2,0,0,0,0,0,124,223,253,253,255,253,255,70,0,0,0,0,0,0,0,1,0,0,0,0,0,0,0,0,0,0,0,2,0,21,50,131,213,252,253,193,0,0,1,0,1,2,0,0,2,1,0,0,0,0,0,0,0,1,0,0,0,2,0,0,19,163,252,252,103,0,0,0,0,2,1,1,0,0,0,0,0,0,0,0,0,1,2,0,0,0,0,0,20,203,251,250,60,0,0,1,0,1,2,0,0,0,1,0,0,1,0,0,0,0,3,0,0,1,0,0,131,254,253,91,0,0,0,1,1,0,0,0,0,0,1,0,0,0,0,0,2,0,0,0,2,0,23,141,251,251,234,30,1,0,0,1,0,0,0,0,0,0,1,0,0,0,1,0,1,0,0,0,2,41,214,254,252,214,2,0,0,2,0,0,0,1,0,1,0,1,0,0,1,0,0,0,1,0,0,0,162,243,253,252,171,10,0,0,0,1,0,0,1,0,0,1,0,0,0,0,2,0,0,0,11,174,172,253,255,254,225,80,0,1,2,1,0,0,0,1,0,1,0,0,1,0,0,1,0,2,0,1,131,251,255,253,252,172,21,0,0,0,0,0,0,0,0,2,1,1,0,0,1,0,1,0,0,0,1,0,152,253,244,204,82,0,0,1,0,0,0,0,0,1,0,0,0,0,0,0,2,1,1,1,0,0,0,0,92,193,124,1,0,0,0,0,0,0,0,0,0,0,0,0,1,0,2,1,0,1,0,0,0,0,0,1,0,1,0,0,0,0,0,0,0,0,0,1,0,2,0,0,0,0,2,1,0,3,0,0,0,0,2,1,1,0,0,0,0,0,0,0,0,0,1,1,1,0,0,3,1,0,0,0
2,0,0,1,1,0,1,0,0,1,2,0,0,0,1,0,0,0,0,0,1,1,2,0,0,0,0,1,0,0,0,1,0,0,0,0,0,0,0,0,0,0,0,0,0,0,0,1,1,0,0,0,0,0,0,0,0,0,1,0,1,0,0,2,0,0,0,0,0,0,0,0,0,0,1,1,1,1,0,0,1,2,0,0,0,1,0,0,0,0,0,0,0,1,0,1,0,0,0,0,0,0,0,1,1,0,0,0,0,0,0,0,0,0,1,1,0,0,1,0,1,0,1,0,2,0,0,1,0,0,0,1,0,1,0,0,0,0,1,0,0,0,0,1,0,0,0,0,0,2,0,0,202,192,29,0,1,1,0,0,0,0,0,1,1,0,0,0,1,0,0,1,0,1,0,1,0,0,0,0,203,252,130,0,0,0,0,1,0,0,0,0,0,0,0,0,1,2,2,0,1,1,0,0,0,1,1,1,102,252,151,0,1,0,0,2,0,0,0,0,2,0,0,0,0,0,0,0,0,2,0,0,0,0,0,0,103,254,153,0,0,0,0,1,2,1,0,0,2,0,0,0,1,1,0,2,0,1,0,1,0,0,1,1,41,254,253,0,0,2,1,1,0,1,0,1,1,2,0,0,0,1,1,0,0,1,0,1,1,0,1,0,0,253,251,81,0,0,0,0,0,1,0,0,1,0,0,1,0,1,1,0,0,0,0,0,0,0,1,0,0,152,255,203,0,1,0,0,1,0,1,0,0,0,2,1,0,2,0,1,0,1,0,0,0,0,1,0,0,151,252,202,2,0,0,0,0,0,2,0,1,0,0,1,0,0,2,0,0,1,0,0,0,0,0,0,0,90,251,214,8,3,0,0,0,0,0,1,0,0,1,0,0,0,0,0,0,0,1,1,2,0,0,0,0,9,212,253,49,0,0,0,2,0,2,0,0,0,0,2,2,0,0,0,0,0,0,0,0,1,0,0,1,1,202,255,112,0,0,0,1,0,0,0,0,0,0,1,0,0,0,1,1,0,0,0,1,0,1,0,0,0,162,253,152,0,1,0,2,0,0,0,0,0,0,0,0,0,0,0,0,1,0,1,0,0,1,0,0,0,102,255,151,1,2,1,0,0,1,0,0,0,1,1,0,0,0,1,0,1,0,0,1,1,0,0,0,0,100,254,192,1,0,0,0,1,0,0,1,0,0,0,1,0,0,0,0,1,0,0,1,0,0,0,1,0,103,255,253,1,0,0,0,0,0,0,2,0,0,0,1,0,0,2,0,1,1,0,0,0,0,0,0,0,101,254,251,0,0,1,0,0,0,0,0,1,0,0,0,0,0,1,1,1,0,1,0,0,0,0,2,0,40,255,252,0,0,0,0,1,0,0,0,0,2,0,0,1,0,1,0,0,0,0,1,0,1,0,0,2,0,253,251,0,0,0,1,1,0,0,0,0,1,0,0,0,0,1,1,0,2,0,0,0,2,0,2,0,0,172,254,62,0,0,0,0,3,0,0,0,0,0,0,0,0,0,0,0,0,0,0,0,0,1,0,0,1,50,250,104,0,0,0,0,0,0,0,0,0,1,0,0,1,0,0,0,0,0,0,1,1,0,0,1,1,0,0,2,0,0,2,0,0,0,0,0,0,2,0,1,1,0,0,1,2,0,2,0,1,0,0,1,1,1,1,0,0,0,0,0,0,0,0,0,1,0,1,0,0,0,1,0,0,1,0,0,1,0,0,0,0,1,0,0,0,0,1,2,0,0,0,0,1,0
0,0,0,0,0,0,0,0,0,0,0,0,0,0,0,1,0,0,0,0,1,0,0,1,0,0,0,0,0,0,0,0,0,1,0,1,0,0,2,0,0,1,0,0,0,1,0,0,1,1,1,0,1,0,0,0,0,1,0,0,0,1,0,0,0,0,0,0,0,1,0,0,0,0,0,1,1,0,0,0,1,0,0,0,3,0,0,1,1,0,0,0,0,1,0,0,0,0,1,0,2,0,0,0,0,0,1,0,1,0,0,0,0,0,1,0,0,1,0,0,0,0,0,0,3,0,0,0,0,1,1,0,0,2,0,0,0,0,0,1,0,1,0,0,1,0,0,0,98,253,255,253,253,217,118,40,1,0,0,0,2,2,0,0,0,0,0,0,2,1,0,0,0,0,0,179,249,254,254,252,254,254,253,141,2,1,1,0,2,1,0,1,0,1,0,0,0,1,0,0,0,0,65,245,252,209,178,177,54,99,254,249,93,0,0,0,0,0,0,2,1,1,0,0,0,1,1,0,0,0,19,166,178,25,1,2,0,68,253,253,108,1,0,0,0,0,0,0,0,0,1,0,1,0,0,1,0,0,0,0,0,0,0,0,0,69,253,250,95,0,1,0,0,0,0,0,0,3,0,0,0,1,0,1,0,2,2,0,0,0,0,0,14,153,254,142,1,2,1,0,1,1,0,0,0,0,0,0,0,0,0,0,0,0,0,2,1,0,0,56,239,253,253,89,0,0,0,1,0,0,0,1,0,1,1,2,0,1,0,0,1,0,1,0,1,6,113,247,253,253,227,42,1,1,0,0,1,1,0,0,0,1,0,1,0,0,1,0,1,0,2,0,31,228,253,253,253,252,253,222,88,0,0,0,1,1,1,0,1,1,0,0,0,1,0,0,3,1,0,1,34,253,251,255,252,253,252,253,251,207,48,0,0,0,0,1,0,0,0,0,2,0,0,1,0,0,0,0,27,206,206,203,83,69,68,189,254,251,227,51,0,0,0,0,0,0,0,0,1,0,0,0,0,0,1,0,1,1,1,0,0,0,1,59,168,254,253,226,36,1,1,0,1,0,0,1,0,0,0,0,0,0,0,1,0,2,0,0,1,1,0,0,4,176,253,254,58,1,1,0,1,0,0,0,3,2,1,1,0,0,0,0,0,1,0,0,0,0,2,0,0,0,174,253,220,36,0,0,0,0,0,1,0,0,0,2,0,3,0,2,0,0,0,1,0,2,0,1,0,0,104,253,253,73,0,1,1,0,1,1,0,1,0,0,0,0,0,0,0,0,0,1,1,0,0,0,1,43,227,253,252,75,1,1,0,0,2,2,0,0,0,0,0,1,0,0,0,1,0,1,0,0,15,62,141,226,254,253,240,59,2,1,0,0,0,0,0,1,0,0,1,0,2,0,0,0,0,42,42,151,193,254,253,253,252,218,85,0,0,1,0,1,0,1,0,2,0,0,0,1,0,0,3,28,157,250,253,252,253,255,253,233,101,12,0,0,2,0,1,0,0,1,0,1,1,0,0,0,0,0,15,116,187,253,253,252,228,116,113,0,2,1,0,2,1,0,0,0,0,0,0,1,1,0,0,0,0,0,0,1,0,1,1,0,0,0,1,0,0,0,0,0,0,0,0,0,0,0,0,0,0,0,1,0,0,0,1,0,0,0,0,0,0,0,1,0,0,1,0,0,0,0,0,1,0,2,1,1,0,0,0,0,2,1,0,1,0,0,0,0,0,0,0,1,3,0,1,0,3,0,1,1,0,1
0,1,1,0,0,1,0,0,1,0,0,1,1,0,0,0,0,0,0,0,0,0,1,1,0,1,0,0,1,0,0,0,0,0,1,0,0,0,0,0,0,0,0,0,0,1,1,0,0,0,0,2,0,0,1,0,1,0,0,1,1,0,0,1,1,0,0,1,0,0,0,0,1,0,0,0,1,0,0,0,0,0,0,1,0,0,0,2,0,1,0,0,2,0,0,1,0,0,2,1,0,0,2,0,0,0,0,0,0,1,1,0,0,0,0,1,1,0,0,1,0,0,17,2,0,1,1,0,1,1,2,0,1,0,1,1,1,0,0,0,1,0,0,2,0,0,1,0,0,0,185,174,76,0,0,0,0,0,0,0,0,0,0,24,5,2,0,0,1,0,0,0,0,0,0,0,0,0,137,253,111,0,2,0,0,0,0,0,1,0,0,134,139,2,0,2,0,0,1,0,0,0,0,0,0,0,106,254,111,1,0,1,0,0,0,0,0,0,67,248,254,0,0,1,1,0,1,0,0,0,0,1,1,1,212,254,114,1,1,1,0,0,0,0,0,2,134,253,204,0,0,2,0,0,0,0,0,0,0,0,1,43,239,253,113,0,0,0,1,0,1,0,1,0,204,253,77,0,0,0,0,0,0,2,0,0,0,0,0,101,255,254,103,0,2,2,0,0,0,0,0,8,207,245,16,2,0,0,0,1,0,1,0,0,0,0,13,216,253,171,0,1,0,1,0,1,0,1,0,87,255,153,0,1,1,1,0,0,0,2,1,1,2,0,154,255,255,47,0,0,0,0,1,0,0,0,1,184,253,154,0,0,0,1,0,0,1,2,0,0,2,80,242,254,221,7,0,0,0,0,1,0,0,0,14,204,254,152,0,0,1,0,0,0,0,1,0,1,15,203,253,254,49,1,0,1,1,1,0,0,0,1,48,254,254,55,0,0,1,0,0,2,2,0,2,0,35,255,254,173,4,1,1,1,1,1,0,2,0,0,48,255,252,33,0,0,0,0,0,0,1,1,0,74,204,254,219,27,0,1,12,10,12,7,13,12,0,0,47,254,172,1,0,0,1,0,1,0,1,0,1,151,253,253,225,149,145,152,255,254,255,204,254,253,88,12,119,254,156,1,1,0,1,0,1,0,2,1,1,233,254,254,254,255,254,253,254,254,251,217,225,210,253,202,226,255,52,0,0,0,0,0,0,1,0,1,2,107,254,255,224,201,188,188,123,70,72,17,26,7,66,177,254,209,15,0,0,0,1,0,0,0,0,0,0,3,53,53,27,11,0,0,0,1,0,0,0,1,1,150,252,151,0,0,0,0,0,0,0,0,0,0,0,0,1,0,2,2,1,1,0,0,1,1,0,0,0,20,35,12,1,0,1,0,0,0,0,0,0,1,2,2,0,0,0,1,1,0,0,0,1,1,0,0,1,2,0,0,0,2,0,0,0,1,1,0,0,0,0,0,1,0,0,1,0,0,0,0,0,1,0,0,0,0,3,2,0,1,1,0,0,0,0,0,0,0,0,0,0,1,0,0,0,0,0,0,1,1,0,1,1,0,0,0,1,0,0,0,0,0,0,2,0,0,2,1,1,0,1,0,2,0,0,0,1,0,1,0,0,0,0,0,1,0,0,0,0,0,0,0,0,0,0,0,0,0,1,2,1,0,2,0,0,2,0,0,0,0,0,1,1,0,0,1,0,1,1,1,0,0,1,0,0,0,0,0,0,0,0,0,0,0,0,1,0,1,0,0,3,1,1,0,1,0
0,0,0,2,0,1,0,0,0,0,0,0,1,0,0,0,0,0,1,1,0,1,0,0,0,0,0,0,0,0,0,1,0,0,3,0,0,1,0,0,1,0,0,0,1,1,0,0,0,0,0,2,1,0,0,1,0,0,1,0,1,0,1,1,0,1,0,0,0,1,1,2,1,2,0,0,1,1,0,0,0,0,0,1,2,1,1,0,0,0,0,0,0,1,0,1,0,1,0,0,0,0,2,0,1,1,1,1,0,0,0,0,1,0,0,1,0,0,0,0,0,1,3,0,1,1,0,0,0,0,0,0,0,0,1,0,1,2,0,0,0,0,0,0,2,0,0,1,0,0,0,1,0,0,0,0,0,0,0,2,0,0,0,0,0,0,0,0,0,0,1,0,1,3,0,229,211,86,0,0,1,0,0,0,52,121,119,225,252,232,43,0,0,1,0,0,2,0,0,0,0,0,0,61,236,248,238,239,240,241,241,240,244,251,252,251,253,252,91,0,0,0,3,0,0,0,0,0,0,1,1,0,64,182,251,252,253,253,252,254,251,250,253,252,254,252,93,0,1,0,1,1,1,0,0,1,0,0,0,1,1,11,41,38,53,95,38,37,40,39,219,252,252,197,64,0,0,0,0,0,1,0,1,0,0,0,0,0,1,0,0,0,0,1,0,0,0,74,242,250,209,18,0,0,1,2,0,0,1,1,2,2,0,1,0,0,1,0,1,1,0,0,2,0,1,121,252,253,199,0,0,0,0,0,3,2,1,3,0,0,0,0,0,0,2,0,0,0,0,0,1,2,94,242,252,251,177,2,0,0,0,0,1,0,0,0,0,2,0,0,0,1,0,0,1,1,0,0,0,15,239,252,252,126,25,0,0,0,0,0,0,0,0,0,1,1,0,1,0,0,0,0,1,1,0,0,7,196,253,252,247,50,0,0,0,1,0,0,2,1,0,1,0,0,0,0,0,0,0,0,1,0,0,6,195,252,253,250,101,0,1,0,0,0,1,0,2,2,0,1,0,0,0,0,0,0,1,3,0,0,13,198,254,255,251,160,0,0,0,0,1,1,0,0,1,0,1,0,0,1,2,1,0,1,0,0,0,16,123,253,252,252,251,103,1,1,0,0,0,1,1,1,0,0,1,0,0,1,0,1,0,1,0,0,0,90,253,251,250,253,37,3,0,0,0,1,2,2,0,0,0,1,1,2,0,0,1,0,1,0,1,3,18,197,252,253,209,110,1,0,0,3,0,0,0,0,1,0,1,0,0,0,0,0,0,1,1,0,0,18,177,251,253,249,87,1,0,0,2,0,2,0,0,0,1,0,0,0,1,0,3,2,1,0,0,0,17,107,251,252,250,141,0,0,0,1,0,0,0,1,1,0,0,0,0,0,1,0,0,1,0,0,0,0,172,252,252,252,235,34,0,0,0,1,0,0,0,1,1,0,0,1,2,0,0,0,0,0,0,0,2,10,215,252,251,250,140,0,0,0,1,0,0,1,0,2,0,1,1,0,0,0,0,0,0,0,1,1,0,87,251,251,253,222,40,0,1,0,0,0,0,0,0,0,1,0,0,0,1,1,2,0,0,0,0,1,0,0,215,217,216,80,0,1,1,1,0,1,0,0,2,0,0,1,2,0,0,1,2,0,0,0,0,0,0,0,1,0,1,1,0,0,0,2,0,0,1,0,0,0,0,1,1,0,0,0,0,0,1,0,0,1,0,2,1,0,1,2,1,2,1,0,0,2,0,0,2,0,0,0,0,1,0,0
0,1,0,0,0,0,1,0,1,1,3,0,0,1,0,0,0,0,0,1,1,1,1,1,0,1,0,1,1,1,1,0,0,1,1,0,0,0,0,1,0,1,0,0,1,1,0,0,0,1,0,0,0,0,0,0,0,0,0,0,0,1,0,1,1,1,0,1,1,0,0,1,0,1,0,0,2,1,0,1,1,0,0,0,0,0,0,0,0,0,0,1,0,0,0,1,0,1,0,0,0,0,0,0,1,0,1,0,0,1,0,0,1,1,0,1,1,0,0,0,0,0,1,0,35,126,192,220,255,254,255,240,51,1,0,0,0,1,0,0,1,0,0,0,0,0,0,0,0,0,1,203,248,255,254,254,255,254,252,253,248,234,0,0,0,0,1,0,1,2,0,0,1,0,0,2,0,87,239,253,252,226,141,48,12,11,12,105,254,254,111,0,0,0,0,0,0,2,0,0,1,0,1,0,96,224,254,167,113,14,0,0,2,1,0,16,212,252,117,3,1,0,0,0,0,0,1,2,0,1,0,92,238,253,171,26,2,0,0,1,1,0,1,0,149,254,116,1,0,0,0,0,1,0,0,0,0,0,98,252,220,47,6,2,2,1,2,0,2,1,0,0,150,255,116,0,2,0,1,1,0,0,0,0,0,1,112,254,111,0,0,0,0,0,1,1,0,0,1,8,185,242,18,2,1,0,0,1,0,0,0,0,0,0,20,46,4,2,0,0,0,0,1,0,1,0,0,68,251,241,0,0,0,0,0,1,0,0,1,1,0,0,1,0,0,0,1,0,0,0,0,0,0,1,26,234,249,105,0,1,2,0,1,0,0,0,0,0,2,0,1,0,0,0,0,0,2,1,1,1,0,45,155,252,133,0,2,1,0,0,0,0,0,0,0,0,0,2,1,0,0,0,0,0,1,0,1,0,11,190,254,204,27,1,0,0,0,2,0,0,0,0,0,0,0,0,0,1,1,0,0,0,0,0,0,13,157,253,248,77,0,0,0,0,1,0,1,1,0,0,0,0,0,1,0,1,0,0,0,0,0,2,10,157,253,202,70,1,0,0,1,0,1,1,0,0,0,0,1,1,1,0,0,0,0,1,2,0,0,11,156,254,227,71,1,0,1,0,0,0,0,0,0,0,1,0,1,1,1,0,0,0,30,32,35,141,165,186,253,225,38,0,0,0,0,1,0,0,0,0,0,0,1,0,0,0,0,1,13,82,244,255,252,252,253,253,253,253,186,70,24,0,2,22,157,77,0,0,0,0,2,0,0,0,0,79,194,252,253,255,252,252,246,234,165,248,254,253,241,147,74,142,104,50,0,0,0,0,1,0,0,0,6,249,254,254,251,253,254,241,104,0,0,108,244,251,250,252,244,160,1,0,0,1,0,0,1,0,0,1,56,250,251,254,254,247,137,22,0,1,1,0,23,118,183,184,47,1,1,1,0,0,0,0,1,0,0,0,0,120,122,176,133,16,0,0,0,0,0,1,2,0,0,0,0,0,0,1,2,2,1,0,1,0,0,0,0,2,0,0,0,0,1,0,1,0,2,0,0,1,2,0,0,0,0,0,0,0,0,0,0,2,0,0,0,0,0,0,0,1,0,2,0,0,0,0,2,0,1,1,0,0,0,0,1,0,0,0,0,0,0,1,0,0,0,0,0,0,0,1,0,1,0,0,2,0,1,0,1,0,2,0,1,0,0,1,0,0,0,0,0,0,1,1,0,0,0,1,0,0,0,0,1,0,0,1,1,0,0,0,2,0,0,0
0,0,1,1,0,1,0,0,1,1,0,1,0,1,1,0,0,0,0,0,1,0,0,2,0,1,0,0,0,0,0,0,0,0,1,1,0,2,0,3,1,0,0,1,0,2,0,1,0,0,0,0,1,0,0,0,1,1,0,0,0,1,0,1,2,0,1,0,2,2,0,1,0,1,0,1,0,1,0,0,0,0,0,0,0,0,0,0,0,0,1,2,0,1,1,0,0,0,0,1,0,0,0,0,1,1,0,1,0,0,0,0,1,2,0,0,1,1,0,0,0,0,0,0,0,0,1,0,3,0,0,0,1,0,0,2,0,3,2,0,1,0,0,0,0,1,1,0,0,1,0,0,0,0,1,1,0,0,0,0,2,0,0,0,1,0,0,0,0,0,2,1,0,0,0,0,0,1,0,0,0,0,0,0,3,0,2,0,1,0,0,0,1,0,0,1,0,0,0,0,0,0,60,155,149,89,81,157,254,253,255,254,217,156,147,41,0,0,0,1,1,0,1,0,0,2,0,0,0,26,207,252,252,252,252,245,234,194,234,233,234,245,252,241,23,0,0,1,0,0,0,1,0,0,0,1,0,166,253,254,252,254,129,48,1,0,0,1,0,46,224,252,90,1,0,1,0,1,0,1,0,0,1,4,173,250,254,244,124,20,1,0,0,1,1,0,1,0,217,254,19,0,0,0,1,1,0,0,0,0,0,134,253,252,177,45,1,0,1,0,1,0,0,1,1,46,243,253,19,0,2,1,0,1,0,0,1,0,0,128,196,89,0,0,1,0,0,0,0,0,0,0,0,179,252,152,0,1,0,0,0,0,1,0,1,0,2,0,0,0,0,0,0,0,1,0,1,0,0,0,6,253,252,73,0,1,0,0,0,0,0,0,2,0,1,3,0,1,0,0,0,0,0,1,2,1,0,0,165,253,166,0,1,2,0,0,1,0,0,0,0,1,0,1,2,2,1,0,0,0,0,0,0,0,1,39,249,253,48,0,0,0,1,0,0,0,1,0,0,1,0,0,0,0,1,0,0,1,0,0,0,0,0,75,252,171,9,0,1,0,1,0,0,0,0,0,0,0,0,0,1,0,0,1,0,0,1,1,1,2,18,239,255,0,0,0,1,0,1,0,3,0,0,0,0,0,1,1,1,1,1,0,0,1,0,0,0,2,94,253,251,212,215,214,183,0,2,0,1,0,0,0,0,0,2,0,1,0,0,0,0,0,0,0,19,165,252,253,253,253,254,252,212,0,0,0,0,0,0,0,0,0,0,1,0,0,0,0,1,0,1,1,201,253,253,254,185,118,33,19,16,0,1,0,0,0,0,0,0,0,1,1,1,1,2,0,0,0,0,0,120,74,194,235,33,1,1,0,2,0,0,0,0,0,1,0,0,0,1,0,2,0,0,1,1,1,0,0,0,79,255,214,1,0,1,0,0,1,1,1,0,0,0,0,0,0,0,0,0,0,1,0,0,1,0,0,0,115,253,167,2,1,1,0,0,1,1,0,0,1,1,0,1,0,0,0,1,0,0,1,0,0,1,0,0,119,253,119,0,0,0,2,0,1,1,0,0,0,0,0,1,0,0,0,0,0,0,0,0,0,1,0,1,117,254,118,2,1,0,0,0,1,0,1,0,1,2,1,1,0,0,0,0,0,0,1,1,0,2,0,1,71,191,33,1,0,0,0,1,0,0,0,0,0,0,0,0,1,0,0,1,0,0,0,0,0,0,0,0,0,0,1,0,1,0,2,0,0,0,1,0,1,0,2
0,2,0,0,0,0,0,1,0,0,0,0,1,0,1,1,0,0,0,0,2,0,0,0,0,2,0,1,0,0,1,0,1,0,1,0,0,0,0,0,0,1,0,0,0,0,0,0,2,0,1,1,1,0,0,0,0,1,1,1,1,0,0,0,0,0,0,0,1,0,0,2,0,1,0,0,1,2,2,0,1,2,1,0,1,1,0,2,0,0,0,0,0,0,1,0,0,1,2,0,0,1,0,1,1,1,0,0,0,2,0,1,0,0,1,0,0,1,0,0,0,0,0,1,0,0,0,0,0,1,0,1,1,0,0,0,1,0,1,0,0,0,1,1,1,0,0,1,0,0,1,14,218,210,60,0,0,0,0,0,0,0,0,0,0,0,0,0,0,0,0,2,1,0,2,0,1,0,0,7,189,252,183,0,0,1,0,0,0,0,1,0,0,1,0,0,1,0,0,1,0,1,1,0,0,0,0,0,169,253,213,7,2,1,0,0,0,0,2,0,1,0,1,0,0,0,1,0,0,2,0,1,0,1,0,0,170,253,255,62,0,2,0,0,0,0,0,1,0,0,0,1,0,1,0,0,0,0,0,0,0,0,1,0,170,251,253,62,0,1,0,1,0,0,0,0,0,0,1,0,0,1,0,0,0,0,0,1,1,0,2,0,110,251,255,168,0,0,1,0,0,0,0,0,0,0,0,1,1,1,0,0,0,1,0,0,0,0,0,1,65,253,253,168,0,0,0,1,2,0,0,0,1,0,0,0,0,0,2,0,0,1,1,0,0,0,0,0,58,250,254,210,10,0,0,0,0,0,0,0,1,0,0,1,0,0,0,2,0,0,0,0,0,0,0,0,1,212,253,253,22,1,0,0,0,0,0,0,0,0,0,1,0,0,0,0,0,0,2,0,0,0,0,0,0,212,254,253,21,0,0,2,0,2,0,1,0,1,0,0,1,0,1,1,0,0,0,1,0,0,0,0,1,213,255,255,20,1,0,1,0,0,0,0,1,1,0,0,1,0,0,0,2,3,0,0,0,2,0,2,0,210,253,250,20,1,0,0,0,0,0,2,0,1,0,0,2,1,0,0,1,0,1,1,0,1,1,0,0,212,252,252,21,1,1,0,0,0,0,0,0,0,0,1,0,0,0,0,1,0,0,1,0,0,1,0,0,167,255,250,18,0,0,1,0,0,1,0,0,0,1,0,2,0,0,0,0,0,1,2,0,1,1,2,1,211,253,251,23,0,2,0,1,0,0,0,1,0,1,1,0,0,0,1,0,0,0,1,0,1,0,0,0,211,254,252,21,1,0,0,0,0,1,0,1,1,1,0,1,2,0,0,0,0,0,0,0,0,1,0,0,130,253,251,20,0,0,0,0,1,0,1,0,0,0,0,0,1,1,0,0,2,0,1,0,1,0,1,0,105,253,251,21,1,1,1,0,0,0,0,0,1,1,0,1,2,0,0,1,1,0,0,1,1,0,2,0,107,251,251,21,1,0,0,1,0,1,1,0,1,0,0,0,1,0,1,0,0,0,1,0,0,0,0,0,18,209,180,2,0,1,0,0,1,0,0,0,0,0,0,0,0,1,1,0,1,1,0,0,1,0,0,0,0,0,1,2,1,0,0,0,0,0,1,2,0,0,0,0,2,1,0,0,0,0,0,2,0,0,0,1,0,1,1,0,1,0,0,0,0,0,0,0,1,0,1,1,0,1,0,0,0,0,0,0,0,2,0,0,0,0,0,0,0,1,0,2,0,0,2,1,2,0,0
0,2,0,0,1,0,0,0,1,1,0,0,2,0,0,2,0,0,1,0,0,1,0,0,1,1,0,0,0,0,0,0,1,1,0,1,0,0,1,0,0,0,1,0,1,0,0,0,1,1,2,0,0,0,0,0,0,0,0,1,0,0,0,0,0,0,1,0,0,0,1,0,1,0,0,1,0,0,0,0,0,1,0,1,0,0,0,0,0,0,0,0,1,0,1,0,1,1,1,0,0,0,0,1,0,1,0,0,2,0,0,0,0,0,0,1,0,0,1,0,1,0,1,0,2,51,170,254,59,0,0,1,1,0,0,0,1,1,0,1,0,1,0,3,1,0,0,0,0,0,0,36,190,244,254,255,177,0,1,0,1,0,0,0,0,0,0,0,0,2,0,0,2,1,1,0,0,2,69,239,254,236,232,254,182,2,0,0,0,0,1,0,1,0,1,0,0,1,0,1,1,0,0,0,23,184,254,242,98,28,111,255,182,0,1,0,0,0,1,0,0,0,0,0,0,0,1,0,0,1,1,19,207,249,98,27,1,0,110,253,150,0,0,0,0,0,0,0,0,0,2,1,0,1,2,0,0,0,0,40,104,19,0,0,0,0,111,253,35,1,2,1,0,1,2,0,0,2,0,0,0,1,0,0,1,0,1,0,0,0,0,0,1,0,109,233,1,0,0,0,3,0,1,0,1,0,0,0,1,0,0,0,0,0,0,0,0,0,0,0,0,31,212,149,0,0,0,2,0,0,0,1,0,0,0,0,0,1,1,1,0,1,2,1,0,0,0,0,1,135,200,16,0,0,1,2,2,0,0,0,1,2,0,0,0,0,0,1,0,1,0,0,0,0,1,0,19,232,143,0,2,1,0,0,0,1,0,0,1,1,0,0,0,0,2,1,0,1,0,1,0,0,0,0,146,243,72,0,0,0,0,0,0,0,0,1,0,1,2,1,0,1,0,0,1,0,0,1,0,0,1,16,200,133,0,0,1,0,0,0,0,0,0,0,0,0,1,0,1,2,0,0,2,1,1,0,1,0,0,165,226,32,1,0,0,0,0,0,1,11,122,206,46,0,0,1,1,1,0,0,1,0,0,1,1,0,79,255,127,0,0,0,0,0,0,16,84,216,250,145,10,0,1,0,0,0,0,0,0,0,0,1,0,6,208,228,37,1,1,0,0,19,137,238,255,231,63,0,0,0,0,0,0,0,0,0,1,1,0,1,0,135,254,66,0,0,0,54,189,255,255,198,118,0,2,0,0,0,0,0,1,0,1,1,1,0,1,0,23,231,182,0,34,101,182,249,239,179,97,4,0,0,0,1,0,0,2,0,0,1,0,0,2,0,0,1,127,254,99,128,232,254,250,184,59,2,0,0,0,0,0,0,0,0,0,1,0,0,0,1,0,0,0,3,220,255,253,253,255,194,70,0,0,1,0,1,0,1,1,0,0,0,0,1,0,1,0,1,1,1,0,56,255,254,187,105,73,12,2,1,0,0,0,0,0,0,0,0,1,0,1,0,0,1,0,0,0,0,0,0,0,1,1,0,1,1,0,0,0,1,0,0,0,1,0,1,0,0,0,0,0,0,0,0,0,0,1,1,0,1,0,1,0,0,0,0,0,1,0,0,1,3,0,0,0,0,0,0,0,0,0,0,2,2,1,0,0,0,0,1,0,0,0,1,0,0,0,0,3,0,0,0,0,1,0,0,0,0,0,0,0,1,0,0,0,1,0,0,0,2,1,1,0,0,0,0,0,1,0,0,0,0,0,0
0,0,0,1,0,1,0,0,0,2,0,0,0,0,1,0,1,0,1,0,0,0,0,1,0,0,0,0,0,1,0,0,1,0,0,0,0,0,0,0,0,1,1,0,0,0,1,1,1,0,1,0,0,0,0,0,0,0,0,2,0,0,0,1,1,1,2,0,0,1,0,1,0,1,0,1,1,0,0,0,1,0,0,0,0,0,0,0,0,1,1,0,0,0,2,1,0,0,0,1,0,0,2,0,0,0,0,0,0,0,1,1,0,0,0,0,0,2,0,0,1,0,1,1,0,0,67,222,29,0,0,0,0,0,0,0,0,0,0,1,2,0,0,0,0,0,0,0,1,1,0,2,1,30,222,255,126,9,0,0,0,0,0,1,0,1,0,0,2,0,0,0,1,0,0,0,0,0,0,0,0,66,253,253,255,172,0,1,0,0,0,0,1,1,0,1,0,0,0,1,0,0,0,0,2,0,0,2,0,181,253,254,254,172,0,0,0,1,1,0,0,0,0,1,0,0,1,1,0,0,2,0,0,0,0,0,0,181,255,255,255,157,1,1,0,0,1,0,0,0,1,0,0,0,0,0,1,1,0,0,0,0,2,0,0,181,253,254,243,43,0,0,0,0,0,1,0,0,0,0,0,1,0,0,0,1,0,0,0,1,2,0,33,230,254,255,179,0,0,0,0,0,0,2,1,2,1,1,0,1,0,0,0,2,1,1,1,0,0,0,134,254,254,253,155,2,1,0,1,0,0,0,1,0,0,0,0,0,0,1,1,1,0,1,0,0,0,9,192,253,253,254,55,2,1,3,3,0,0,0,0,0,0,0,1,0,1,0,0,0,1,1,0,1,0,45,253,255,254,253,55,2,1,0,2,0,0,0,0,0,0,0,1,2,0,0,2,1,1,0,2,1,1,43,255,253,255,236,40,1,0,3,1,0,0,0,1,0,1,0,0,0,0,0,0,0,1,1,1,0,1,43,254,255,253,185,0,0,0,0,0,0,1,1,0,0,0,2,1,0,1,0,0,0,0,0,0,0,0,44,252,254,254,86,0,0,0,0,0,1,1,0,2,1,0,1,1,0,1,0,0,0,1,0,2,1,0,43,254,254,202,12,1,1,0,2,0,0,0,1,1,0,0,0,0,0,0,0,1,0,0,0,0,0,0,23,216,254,247,99,0,2,0,0,0,3,0,0,2,1,0,0,1,1,0,1,0,1,1,1,0,0,0,27,223,254,254,186,0,0,0,0,0,0,0,1,0,0,0,1,0,1,1,0,0,0,0,1,0,1,0,19,208,254,255,186,0,0,0,0,0,0,0,0,0,0,0,0,1,0,0,0,0,2,0,0,0,0,0,23,216,253,255,185,0,0,1,1,0,0,1,0,0,0,1,1,1,0,0,1,1,0,1,0,0,1,0,23,218,254,255,186,0,1,0,1,0,1,0,0,1,1,0,0,1,0,3,0,0,0,2,0,0,0,0,0,115,253,255,126,0,0,1,0,0,2,0,0,0,1,1,2,0,0,0,0,0,0,1,2,0,0,0,2,0,0,1,0,0,0,0,0,0,0,1,0,0,0,0,0,2,0,0,0,1,0,0,1,0,1,0,1,1,2,1,0,0,0,1,1,0,1,1,0,0,0,0,0,1,0,0,1,1,1,0,0,0,1,1,0,0,1,0,1,1,0,0,0,1,0,1,0,0,0,1,2,0,1,0,0,0,0,1,0,0,1,1,0,0,0,0,1,0,0,1,0,1,0,0,0,0,0,0,1
0,1,0,1,0,1,1,0,2,2,0,1,1,0,0,2,1,1,0,1,0,0,0,0,0,1,1,0,0,0,1,1,1,0,0,1,0,0,2,0,0,0,1,0,1,1,1,1,2,0,1,0,0,0,1,0,0,0,0,1,0,0,0,0,0,0,1,0,0,0,0,0,0,0,0,0,0,1,0,0,0,0,1,0,1,0,0,0,0,0,0,2,1,0,0,1,0,1,1,0,0,0,0,1,2,1,1,1,0,2,0,1,0,0,0,1,1,0,0,0,0,0,0,0,0,160,29,0,1,0,1,0,0,0,1,2,0,1,1,0,0,0,0,0,0,1,0,0,0,0,0,0,0,218,153,0,0,1,0,1,0,0,1,0,1,0,1,0,0,0,0,1,1,0,0,2,0,1,2,0,0,132,230,0,0,0,1,1,1,0,0,0,1,1,0,0,0,0,0,0,0,0,0,0,0,0,1,0,0,80,232,3,2,1,0,1,0,0,0,0,0,0,0,0,0,1,2,0,1,0,0,1,1,0,0,0,0,65,235,9,0,1,0,1,1,0,0,1,0,0,0,1,1,0,1,1,0,0,0,1,2,0,0,0,0,1,255,53,0,0,2,0,0,0,0,0,0,1,0,0,0,0,0,0,0,0,0,0,1,2,0,0,0,1,253,53,0,0,0,0,1,0,0,0,2,0,0,0,0,1,0,0,2,0,0,0,1,0,0,0,0,0,254,53,2,0,0,0,0,0,1,2,0,0,0,0,0,0,1,0,0,1,0,0,0,0,0,0,0,1,255,94,2,0,0,0,1,0,0,1,0,0,2,0,0,0,0,0,1,0,0,0,0,0,0,0,1,0,254,83,0,0,1,0,0,0,3,1,0,0,1,1,0,0,0,0,0,0,1,0,0,0,2,0,0,31,255,77,1,2,0,1,1,0,0,0,0,1,0,0,1,0,0,0,0,3,0,0,0,0,0,0,0,78,254,53,2,0,1,0,0,0,0,0,0,1,1,0,0,0,0,0,0,1,0,0,0,1,0,0,2,78,232,6,1,0,0,0,1,0,0,1,0,0,1,1,0,3,0,1,0,0,1,0,4,0,2,2,0,127,231,0,0,0,1,0,1,2,0,1,0,1,0,0,0,0,0,0,0,0,0,0,0,0,0,0,0,166,231,0,1,0,0,0,0,0,0,0,0,1,1,0,0,1,1,2,2,0,0,1,1,0,0,0,0,231,211,0,0,1,1,0,0,0,0,1,0,0,0,1,0,0,0,0,0,0,0,0,0,1,1,1,0,231,150,1,0,0,0,0,2,0,1,0,0,1,1,0,0,0,0,3,1,0,0,0,1,0,1,0,6,232,76,0,0,0,1,0,0,0,0,0,0,1,0,0,0,0,0,1,0,2,1,0,1,0,1,0,54,253,39,1,0,0,1,0,1,1,0,0,0,0,1,0,0,0,0,0,2,0,1,0,1,0,2,0,102,254,1,2,0,0,0,0,0,0,0,1,0,0,1,0,0,1,1,2,0,0,0,2,0,0,0,0,0,0,1,1,2,1,0,0,1,2,0,0,2,0,0,1,0,0,0,0,1,0,0,1,0,0,0,0,0,0,0,1,0,1,1,0,1,0,1,0,2,0,0,0,0,0,0,0,0,1,0,0,0,0,1,0,0,1,0,3,0,2,0,0,1,0,0,1,0,1,2,0,2,0,0,0,0,0,0,0,0,0,0,0,0,1,0,0,0,0,1,0,0,1,2,0,3,1,1,1
0,1,1,0,0,0,0,0,1,0,0,0,0,0,0,1,0,1,0,1,0,1,0,0,1,1,0,0,0,2,0,0,2,1,1,2,0,0,0,0,0,2,0,0,0,1,0,1,0,0,0,0,0,0,1,2,0,2,0,0,2,2,0,0,0,0,2,0,0,2,1,0,0,0,0,0,0,0,0,0,0,1,1,0,0,0,0,0,2,0,1,1,1,1,0,0,0,0,0,2,0,2,1,1,0,1,0,0,0,0,1,1,0,0,0,0,1,0,1,0,1,0,0,0,0,1,0,1,1,0,0,0,0,0,0,0,0,0,0,0,0,1,0,2,1,0,0,0,0,1,0,0,0,0,0,0,0,0,1,0,0,1,1,1,0,1,0,0,0,0,0,1,2,0,1,0,0,1,0,0,1,1,0,0,1,2,0,0,1,0,1,0,0,0,0,1,0,1,0,0,0,0,1,0,0,0,0,22,97,180,253,255,221,106,2,0,0,0,0,0,1,0,0,1,0,0,0,1,0,0,0,0,27,127,214,246,254,254,246,239,254,255,94,0,0,1,0,2,0,0,0,0,0,2,1,0,0,0,26,152,240,253,254,224,203,190,69,25,214,255,99,0,0,1,0,0,0,0,0,0,0,0,1,1,0,0,44,248,253,233,40,17,0,0,1,0,95,255,112,1,0,0,0,1,0,2,0,1,1,0,0,2,0,2,1,123,73,32,0,0,0,0,0,0,75,253,186,1,0,0,0,0,1,1,0,1,0,0,0,1,0,0,0,0,2,0,0,1,1,0,2,0,95,254,149,0,0,2,1,0,0,1,0,1,0,0,1,1,1,0,0,0,0,0,0,2,0,0,1,0,124,255,39,0,1,2,0,0,0,0,1,0,0,1,0,0,0,1,0,0,0,0,0,0,0,0,0,5,204,174,0,0,2,0,0,0,0,1,0,0,0,1,0,0,0,0,0,0,0,0,1,1,0,2,1,104,255,123,0,0,2,0,1,0,0,0,0,0,1,0,0,1,0,0,0,2,0,0,0,0,0,39,224,203,253,117,34,0,1,1,0,1,0,0,0,1,2,1,1,0,0,0,0,0,0,0,1,0,0,40,248,255,255,254,242,193,71,0,2,0,2,0,0,0,1,0,2,1,0,0,0,0,0,0,1,0,2,1,140,254,253,247,208,254,213,0,0,1,0,0,0,0,1,0,1,0,1,0,0,0,0,3,0,0,0,2,186,208,71,49,73,191,133,1,0,1,1,0,1,0,0,0,0,0,1,0,0,1,0,1,1,2,0,134,253,119,2,0,0,0,0,1,0,1,0,1,0,0,0,1,1,1,0,1,0,0,1,1,0,1,17,196,168,1,0,0,0,0,0,1,1,0,1,0,0,0,0,0,0,1,0,0,0,1,1,1,0,1,140,226,41,0,0,0,0,1,1,0,0,0,0,1,0,1,0,1,0,0,0,0,1,0,1,1,1,51,233,107,0,0,1,0,1,1,1,0,0,0,0,0,0,0,0,0,0,0,1,0,1,0,0,1,0,162,229,19,2,1,0,0,2,0,3,2,2,0,0,0,1,0,1,0,1,0,0,1,0,1,0,0,1,227,124,0,0,0,1,1,0,0,0,0,1,0,1,0,2,1,0,0,0,0,0,2,1,1,2,0,1,169,5,2,1,0,0,0,0,0,0,0,1,0,0,0,0,1,0,1,0,0,0,2,0,0,0,1,0,2,0,1,0,0,0,1,1,2,0,0,0,1,1,0,0,0
0,0,0,0,0,0,1,0,0,0,0,0,0,0,2,2,1,0,0,0,0,1,1,0,1,2,3,0,0,0,1,1,0,0,0,0,0,0,1,1,0,0,0,0,0,1,0,3,0,0,1,1,0,3,1,0,1,0,1,0,0,0,0,2,0,1,1,0,0,0,0,0,0,1,0,1,1,1,1,1,1,1,1,0,0,1,1,0,0,0,0,1,0,1,0,1,0,0,0,1,1,1,0,0,0,1,0,0,0,0,0,0,0,0,0,0,1,1,0,0,0,1,1,0,0,0,0,0,0,0,0,0,1,1,1,0,0,0,1,2,1,0,0,0,0,0,1,0,0,0,0,0,0,0,0,0,0,1,1,0,0,0,2,1,0,1,2,0,0,0,1,1,0,0,0,0,120,255,164,0,0,1,1,2,1,72,254,179,1,0,2,0,0,0,0,0,1,0,1,0,2,1,0,0,132,253,152,0,0,0,1,1,1,107,254,248,51,1,0,0,2,1,1,0,1,2,0,0,0,1,0,1,214,253,104,0,1,0,1,0,0,141,255,240,37,1,0,0,0,3,0,0,1,1,2,2,0,0,1,16,225,255,85,0,0,0,0,1,84,232,254,213,0,1,0,0,0,0,0,1,0,0,2,1,0,0,0,57,253,254,46,0,0,0,0,8,186,255,254,206,0,0,0,1,0,0,0,0,0,0,0,1,1,0,0,57,253,253,8,1,0,0,1,146,253,255,253,121,0,1,0,0,0,1,1,1,1,0,0,1,0,0,2,150,254,253,10,1,0,0,128,250,254,253,238,22,1,0,0,1,0,0,0,0,1,1,0,0,2,0,0,153,255,254,10,0,0,91,245,254,255,255,180,2,1,0,0,0,0,0,0,1,0,1,0,0,1,0,0,105,241,253,41,0,28,244,254,254,254,253,149,0,1,0,0,0,0,0,0,0,0,0,0,0,0,0,0,0,161,255,168,100,243,255,252,254,254,251,70,1,0,0,0,0,0,1,0,0,1,0,0,0,0,1,0,1,68,175,253,254,254,245,166,254,252,202,0,0,0,0,0,0,0,0,0,0,0,0,1,2,2,0,0,0,0,0,100,179,146,34,109,254,254,148,0,0,0,0,0,0,1,1,0,0,0,1,0,1,1,0,1,0,2,0,0,0,0,0,205,253,255,131,1,1,1,2,1,0,0,0,0,0,1,0,0,0,1,0,1,1,0,1,1,1,0,0,130,253,218,12,2,0,2,2,0,0,0,0,1,1,2,0,0,1,0,0,1,0,0,0,0,0,0,1,175,253,211,0,1,1,0,1,0,1,0,2,1,0,0,0,0,0,0,0,0,2,0,0,0,0,0,0,156,254,122,0,0,1,0,0,0,2,0,0,0,0,0,0,0,0,0,1,0,0,0,1,1,0,1,0,186,254,116,0,0,0,0,0,1,1,0,1,0,0,2,0,0,0,0,0,1,0,0,1,0,0,0,1,205,253,115,0,1,0,2,0,2,0,0,0,0,2,0,0,0,0,0,0,0,1,1,0,1,0,1,0,193,254,114,0,1,0,0,0,1,0,0,0,0,0,1,0,0,2,0,0,0,0,0,0,0,2,0,0,29,192,114,0,0,0,0,0,0,0,0,0,1,0,1,1,1,1,0,0,1,0,0,2,0,0,1,1,0,1,0,0,1,1,0,0,0,0,0,0,1,2,1,1,0,0,0,1,1,0,0,1,0,0,0,0,1,0,0,1,0,1,0,1,0,0,1,0,0,0
0,0,1,0,0,0,0,0,1,1,1,1,0,0,0,0,0,0,0,0,1,1,0,1,0,0,0,1,0,0,1,1,0,0,0,1,0,1,0,0,0,1,0,0,1,0,0,1,0,1,1,2,0,2,0,1,0,0,0,0,0,0,0,0,0,0,0,0,0,0,0,1,1,0,0,1,0,2,1,0,1,0,1,2,0,0,0,0,1,1,0,2,1,0,0,0,3,0,0,0,1,0,1,0,0,1,0,0,0,0,0,1,0,0,1,0,0,1,1,0,1,0,0,0,0,0,41,103,104,0,0,0,0,0,0,1,1,0,0,0,0,0,0,0,0,0,1,0,0,2,1,1,0,0,81,213,254,162,1,0,0,2,1,0,2,0,1,0,1,0,0,0,0,1,0,0,1,0,0,1,1,0,0,31,232,222,19,0,1,0,0,0,0,1,0,2,0,0,1,0,1,0,0,0,0,0,0,0,1,0,0,0,202,245,39,2,0,0,0,1,1,1,0,1,0,0,0,0,0,0,0,1,2,0,1,2,1,0,0,42,243,161,0,0,0,1,0,0,0,0,2,0,0,1,0,0,0,0,0,1,0,0,1,0,0,0,2,72,251,41,0,0,0,0,1,0,0,0,1,1,0,0,2,0,0,0,0,0,1,1,1,0,1,1,40,234,212,1,0,0,0,2,0,3,0,0,0,0,1,1,0,0,1,0,1,0,0,0,1,1,0,12,173,224,20,0,2,0,0,1,1,0,0,0,0,0,1,0,0,0,0,1,0,0,0,0,0,0,0,132,253,162,0,0,0,0,2,0,0,0,1,2,0,0,3,0,2,1,0,0,0,0,0,1,0,0,22,255,194,0,2,0,0,1,1,0,0,0,0,1,0,0,0,1,0,0,0,1,0,3,0,0,1,20,203,232,50,0,0,0,0,0,0,1,0,0,1,0,1,2,0,0,0,0,0,1,0,0,0,0,1,132,251,102,0,31,50,51,50,113,111,114,152,132,10,0,0,0,0,0,0,1,2,0,0,1,0,0,83,255,249,223,203,233,251,251,252,252,252,251,254,253,91,1,0,0,0,0,0,0,0,0,0,12,52,174,255,253,251,255,211,99,103,2,0,0,0,0,0,164,203,0,0,0,0,0,0,1,1,0,124,212,251,252,252,193,111,50,12,0,0,0,1,0,1,0,1,1,40,0,0,0,0,0,1,0,0,172,252,255,253,225,41,0,2,0,1,1,0,0,2,0,0,0,0,0,0,0,0,0,2,1,1,0,1,253,251,254,130,19,0,0,1,1,1,0,0,2,1,0,0,0,1,0,1,0,1,1,0,0,0,0,0,102,101,40,0,1,0,2,0,0,1,1,0,0,0,0,0,0,1,1,0,0,0,0,0,0,2,0,0,0,1,0,0,1,1,1,0,1,0,0,0,1,1,0,1,1,0,0,0,1,0,2,0,0,2,1,1,0,2,1,0,0,1,1,1,0,0,0,0,1,0,0,0,0,1,0,0,0,0,1,0,0,0,0,0,1,0,0,1,0,0,0,0,0,1,1,3,0,0,1,1,0,2,2,1,2,0,1,0,1,0,0,0,1,0,0,0,2,2,0,0,0,0,1,1,0,0,1,0,0,1,0,0,0,0,0,1,0,0,1,0,1,0,1,0,0,0,0,0,0,0,0,1,1,0,3,1,1,0,0,0,0,0,0,0,0,1,0,1,0,0,1,0,1,0,0,0,0,0,1,2,0,1,0,0,1,0,2,0,0,1,0
0,1,1,0,0,0,0,1,1,0,1,1,0,0,1,3,0,0,0,0,0,0,0,0,0,0,0,0,0,0,0,0,1,0,0,0,1,0,0,2,0,0,0,0,0,1,1,1,0,0,0,0,0,0,0,2,0,1,0,1,0,1,0,0,0,0,0,1,0,1,1,1,0,1,0,0,0,0,0,0,1,0,0,0,0,1,0,1,0,2,0,0,0,0,0,1,1,1,1,1,0,2,0,0,0,1,0,2,0,0,0,1,2,0,0,1,1,0,1,0,0,21,151,255,253,163,32,1,0,0,0,0,0,1,0,1,0,0,0,0,1,0,0,1,0,0,1,0,23,209,251,254,254,253,70,0,0,0,0,0,0,0,0,0,0,1,0,0,0,0,0,0,0,0,0,0,154,240,151,136,248,253,185,1,0,1,0,1,0,0,0,0,0,2,1,0,2,0,1,0,0,0,1,1,139,85,0,0,161,248,192,5,0,0,0,1,1,1,0,1,0,0,0,1,0,0,1,0,0,0,2,1,1,0,2,0,7,194,252,54,1,1,0,0,0,0,0,1,0,1,0,0,1,1,0,0,0,0,0,0,0,0,0,0,55,253,252,54,1,1,2,0,0,1,0,0,0,1,1,0,1,0,0,0,1,1,0,0,0,0,1,0,78,253,208,18,2,0,0,0,0,0,1,1,0,1,0,0,0,0,0,0,0,1,0,0,1,0,0,1,181,253,184,0,0,0,0,0,0,1,0,0,0,0,0,0,0,1,0,1,1,0,2,0,1,0,2,37,233,254,198,57,10,0,0,0,1,1,0,1,1,0,0,0,0,1,1,0,0,0,0,0,0,0,0,48,255,253,253,252,159,40,1,0,0,0,2,0,0,0,0,1,0,0,0,2,1,0,0,0,0,0,0,38,183,235,252,253,253,190,9,0,0,1,1,0,0,0,1,0,0,0,0,0,0,1,1,0,1,1,0,0,1,41,87,202,253,252,206,25,1,1,1,1,0,2,1,0,1,0,0,0,1,0,0,3,1,0,0,1,1,1,1,13,213,254,254,31,0,1,0,0,1,0,0,0,0,0,1,0,0,0,1,2,0,0,1,0,0,0,1,1,206,252,253,31,1,0,1,0,1,0,1,1,0,0,0,1,0,0,1,0,0,2,0,1,1,1,25,128,245,252,222,19,1,0,1,0,0,0,2,0,0,0,0,2,0,0,0,0,0,0,0,1,1,72,202,254,253,218,37,0,2,1,0,0,0,0,1,0,0,2,0,0,0,1,2,1,1,0,0,98,230,247,253,253,169,36,0,0,1,1,0,0,1,1,1,1,1,0,0,2,0,1,0,0,1,0,96,247,252,253,254,130,4,1,0,1,0,0,0,0,0,1,0,0,2,0,0,0,0,0,0,0,1,2,168,253,254,254,130,2,0,0,0,0,0,0,1,1,0,0,1,0,0,2,0,0,0,1,0,0,0,1,106,254,225,40,3,0,0,0,0,0,0,0,0,0,0,0,1,0,1,1,0,0,0,1,0,0,0,0,0,0,1,0,0,0,0,0,1,0,0,0,0,0,0,0,0,0,0,0,0,0,0,0,0,0,0,0,0,0,2,1,0,0,1,0,2,0,1,1,0,0,0,0,0,0,0,0,2,1,0,0,0,1,0,0,1,1,0,0,0,0,0,0,0,0,0,0,0,1,0,0,0,0,0,0,0,0,0,0,1,0,1,0,0,0,2,1,1,0,0,0,0,0,0,1,0,0,1,1,0,0
2,0,0,1,0,0,0,0,1,1,0,0,0,0,0,0,0,1,0,1,0,0,0,1,0,2,0,1,0,0,0,0,1,1,0,0,0,0,1,0,0,0,0,0,0,0,1,0,0,0,0,0,1,3,0,0,1,1,0,1,0,1,0,1,0,0,0,0,0,0,0,0,1,2,1,1,1,1,0,0,0,0,1,0,0,0,0,1,2,0,1,1,0,0,0,0,0,0,0,0,0,0,0,1,0,3,0,0,0,0,0,0,0,0,0,0,0,1,0,1,0,0,0,0,2,0,0,2,0,0,0,0,0,0,0,2,0,0,0,0,0,0,0,1,1,0,1,0,1,1,0,0,162,192,151,90,52,50,51,51,31,0,0,0,0,1,0,0,0,0,0,0,1,1,0,1,0,0,0,22,223,252,252,251,252,253,253,254,192,82,0,0,0,1,0,0,1,0,0,0,0,1,0,0,0,0,0,51,253,103,0,22,101,61,101,102,61,185,40,0,1,0,3,0,0,1,2,1,0,0,0,0,0,0,0,52,253,102,0,0,2,1,0,0,0,61,0,0,1,0,1,1,0,1,0,1,0,0,0,1,0,1,1,51,254,102,0,0,0,0,0,1,1,0,2,1,1,0,0,1,1,0,0,0,0,0,0,0,1,2,0,91,252,102,1,1,1,1,0,0,0,0,0,1,0,1,0,0,0,0,0,0,0,1,0,0,0,0,0,173,252,104,0,1,0,1,0,0,0,0,0,0,0,0,0,0,0,0,0,0,0,0,0,0,0,0,0,252,252,222,203,203,202,83,0,2,0,0,0,0,0,0,1,0,1,0,0,1,1,0,0,1,0,0,123,252,253,224,202,203,224,254,72,0,0,1,0,0,2,0,1,0,1,1,0,0,0,0,0,0,0,40,242,253,130,21,0,0,18,252,234,41,1,0,0,0,0,1,1,0,0,0,0,0,0,1,0,0,0,154,253,182,0,0,1,0,1,134,254,103,1,0,1,1,1,0,0,0,2,0,2,0,0,2,0,0,0,51,151,19,0,0,1,0,2,51,251,102,2,0,0,1,0,0,0,0,0,1,0,0,0,1,0,0,0,21,0,1,0,1,0,0,0,113,251,102,0,0,0,0,0,0,1,1,1,0,0,1,1,1,0,2,82,183,0,0,0,0,0,0,0,195,252,104,0,1,0,0,0,2,0,0,0,0,2,2,0,0,0,0,201,183,0,1,0,0,0,1,21,253,255,41,0,0,0,2,1,0,0,1,0,0,0,1,0,0,1,22,222,100,0,1,0,0,0,22,202,254,132,3,0,0,1,0,1,0,0,1,0,0,0,0,0,0,0,0,204,124,0,1,1,1,42,173,252,203,19,0,1,2,1,0,0,1,2,0,0,1,0,0,0,0,1,0,162,223,100,20,101,164,243,251,171,18,1,1,0,0,0,1,1,2,0,0,0,0,0,0,0,0,2,1,41,233,255,255,253,255,170,84,0,0,0,0,1,0,0,0,0,0,1,0,3,0,0,0,0,0,0,0,0,32,131,194,110,49,11,0,2,0,0,0,1,0,0,2,0,0,1,1,1,0,1,1,1,1,1,1,0,0,0,0,0,0,0,1,2,0,0,0,0,0,0,2,0,2,0,0,0,0,0,0,1,0,0,1,1,0,0,2,1,0,1,0,0,1,0,0,0,1,0,0,2,1,1,2,0,1,2,0,0,0,0,0,1,0,0,1,0,0,2,2,1,1,0,2,1,0,0,0,1,0,0,0
0,2,0,0,0,0,1,0,0,0,1,0,1,1,0,0,0,2,0,0,2,0,1,0,0,1,1,0,0,0,0,0,0,0,0,0,0,0,0,1,0,0,0,0,0,0,0,0,0,0,0,1,1,0,1,0,2,0,0,0,1,0,0,0,1,0,0,0,0,1,0,1,0,1,0,2,0,0,0,0,0,0,0,0,0,1,0,1,0,2,0,0,1,2,1,0,0,0,0,0,0,0,2,0,0,1,0,0,0,1,0,1,1,0,0,0,1,0,0,0,0,0,150,252,167,10,0,0,0,2,1,0,1,0,0,1,0,1,0,1,0,0,1,1,0,0,2,0,0,25,222,252,253,66,0,0,0,0,0,0,1,2,1,0,0,0,0,1,0,0,0,0,1,0,1,0,1,0,199,252,255,188,12,1,0,0,1,0,1,0,0,1,0,0,0,0,1,0,0,2,0,0,0,0,1,0,140,253,252,251,88,1,1,2,0,0,1,0,0,0,0,2,0,0,0,0,0,0,0,0,0,0,0,0,70,249,252,251,141,0,1,0,1,0,2,0,0,0,0,0,0,0,0,1,1,0,1,2,0,0,0,0,0,193,251,250,228,39,1,0,0,0,1,0,1,0,0,0,0,0,0,0,0,0,1,0,0,0,0,0,1,69,251,251,253,211,2,1,0,1,0,1,0,0,1,0,0,2,0,0,1,0,1,0,1,1,1,2,2,10,234,253,251,225,13,0,0,1,0,0,1,0,0,0,2,1,0,0,0,0,1,1,0,2,0,0,0,0,123,251,251,254,78,1,1,1,0,2,0,0,0,1,0,0,1,1,0,0,0,0,1,0,1,0,0,0,5,195,252,252,201,20,0,0,0,0,0,0,1,0,0,0,0,1,0,0,0,1,2,1,1,1,0,0,0,187,253,255,253,43,2,0,1,1,0,0,1,0,0,1,0,0,1,0,0,1,0,1,0,1,0,0,0,160,251,253,250,120,3,0,0,0,0,0,2,0,1,0,2,2,0,0,0,1,2,0,1,0,0,0,0,76,252,252,253,192,5,2,1,0,0,1,0,0,2,1,0,0,1,0,1,0,0,2,0,1,0,3,0,4,213,253,252,252,116,1,1,0,1,1,1,0,0,0,0,0,0,1,0,0,0,0,0,0,2,0,0,3,111,253,251,253,190,0,0,2,0,0,0,0,1,1,1,0,0,1,0,0,0,0,0,0,0,1,0,0,74,254,252,252,237,32,0,1,1,0,1,1,0,2,0,1,2,0,0,1,0,1,0,0,1,0,0,0,0,200,251,252,252,139,0,2,0,0,1,1,0,1,0,0,2,1,0,1,1,0,0,1,0,0,0,2,0,125,254,251,253,198,1,0,0,1,1,1,1,0,0,0,1,1,1,0,0,0,0,0,0,0,0,0,0,34,252,253,252,118,0,2,0,0,0,1,0,2,1,1,0,1,0,0,0,0,0,0,0,2,1,0,0,5,110,235,244,51,0,1,1,0,0,1,0,0,1,0,2,0,0,1,1,0,0,0,0,0,0,1,0,2,0,0,0,0,0,1,0,0,0,0,1,1,0,0,1,0,2,1,0,0,2,0,0,0,1,0,0,1,0,0,1,0,1,0,0,2,0,0,0,0,0,0,1,2,0,1,0,0,2,0,0,1,0,1,2,1,0,0,1,0,2,2,0,1,0,0,0,0,0,0,0,0,0,0,1,0,0,1,1,0,1,1,0,1,0,0,1,0,0,0,0,0,4,0,0,0
0,0,0,0,1,2,1,0,1,0,0,0,0,0,0,0,1,1,0,0,0,0,1,0,0,1,0,0,1,0,0,0,2,1,0,1,0,0,0,0,0,0,2,0,1,0,0,0,0,0,0,2,0,1,1,0,0,0,0,0,0,0,0,1,0,76,174,227,254,187,53,0,0,0,0,0,0,1,0,0,0,0,0,0,0,1,0,1,0,1,0,0,0,222,84,69,72,184,244,121,1,2,0,0,0,0,0,0,0,1,0,2,1,1,0,0,0,2,1,0,0,95,10,0,1,7,116,242,97,1,0,1,0,2,0,0,1,2,0,0,1,0,0,0,0,2,0,0,0,0,1,0,1,0,8,114,220,23,0,1,1,0,0,0,0,0,0,1,1,0,1,1,0,1,0,0,0,0,1,0,0,0,0,23,219,166,0,0,0,1,0,0,0,0,0,0,0,1,0,0,0,0,1,0,0,0,1,0,0,0,0,0,72,225,2,1,0,0,0,1,0,1,1,2,0,2,0,0,1,0,2,0,0,0,0,0,0,0,0,0,45,248,82,0,0,1,0,1,2,0,2,2,2,0,0,2,0,0,0,0,0,0,0,0,0,0,2,0,0,179,165,0,2,0,2,0,0,0,0,0,0,0,2,0,0,1,0,0,2,1,0,0,0,0,1,2,1,218,165,2,1,0,1,2,0,2,0,0,0,0,0,2,0,0,0,0,0,1,0,1,1,1,2,0,10,240,165,0,1,0,0,0,1,0,0,0,0,0,0,1,0,0,0,0,0,0,0,0,0,0,0,0,65,254,97,1,1,0,0,0,2,0,1,0,0,0,0,0,0,1,1,0,2,0,1,1,0,2,1,1,66,251,39,1,0,0,0,0,0,1,0,0,0,0,1,0,0,0,0,0,0,0,75,78,101,20,0,1,164,181,3,1,1,0,1,0,0,1,0,0,1,0,1,0,2,0,2,1,20,161,243,246,245,242,120,58,253,95,0,1,1,1,2,0,2,0,0,0,0,0,0,0,0,2,0,1,186,221,36,1,5,117,244,252,206,5,0,0,0,1,0,2,0,0,1,0,1,2,0,1,1,0,0,29,243,104,0,0,0,0,81,255,218,18,0,0,0,1,0,0,0,2,0,0,1,1,0,1,0,0,0,65,253,33,1,1,0,79,246,214,227,199,16,0,2,0,0,0,0,0,0,1,1,1,0,1,3,0,0,37,253,50,1,56,91,244,213,32,42,228,202,59,1,0,1,0,0,0,1,0,0,1,1,0,1,1,1,3,193,241,229,251,255,167,30,0,0,39,135,244,185,70,34,0,2,0,0,0,1,1,0,0,0,0,1,0,22,136,173,94,13,4,2,1,0,1,1,103,209,239,54,0,0,2,1,0,1,0,0,0,0,0,2,0,1,0,0,0,1,0,0,0,0,0,1,1,1,0,0,0,0,0,1,1,0,1,0,0,0,0,0,0,2,0,0,1,0,0,0,0,1,0,0,0,0,0,0,1,0,1,0,0,0,0,0,0,0,1,0,2,1,0,1,1,0,0,1,0,1,0,0,0,0,0,1,1,2,0,0,0,0,0,0,0,1,0,1,0,0,0,0,2,1,0,0,2,0,0,0,0,1,0,0,0,1,1,2,0,1,0,2,0,0,1,0,1,0,0,0,1,2,0,0,0,0,0,0,0,0,0,2,0,1,0,0,0,1,0,0,1,0,0,0,0,1,0,0,0,1,0,0,0,1,0,0,2,0,0,1,1,0,1,0,0
0,2,0,0,0,2,0,0,0,0,0,1,0,0,1,0,1,0,0,0,0,1,0,0,0,1,0,1,0,1,0,0,0,1,0,0,0,0,0,0,1,0,0,0,0,0,0,1,0,0,1,2,0,0,2,0,1,0,0,0,0,0,1,1,1,0,0,1,2,1,0,1,2,0,0,0,0,1,2,1,0,2,0,0,0,0,1,1,0,0,1,2,0,0,0,0,0,0,2,1,0,0,1,0,0,0,1,0,0,0,1,0,0,0,0,0,0,0,0,0,2,0,1,2,0,0,0,1,1,2,0,0,0,0,1,1,0,0,1,0,0,0,0,1,1,1,0,0,0,0,0,0,1,0,0,0,1,1,0,2,1,1,0,0,0,1,0,0,1,1,0,0,0,2,0,0,0,5,111,133,81,3,0,0,0,4,99,168,213,20,3,0,2,0,0,1,1,2,1,0,0,0,0,0,0,85,254,255,252,12,2,0,6,127,252,252,253,36,0,0,0,0,0,0,0,0,2,0,0,1,0,1,57,230,253,254,239,10,1,0,38,255,253,254,255,111,1,0,0,2,0,0,0,1,0,0,0,2,0,0,181,254,252,251,143,2,0,1,37,254,252,252,254,132,0,0,0,0,0,1,0,0,1,3,0,2,1,65,234,254,253,253,57,2,0,0,37,253,253,253,252,35,1,0,1,0,0,0,1,0,0,0,0,0,11,194,252,252,252,252,24,0,4,86,202,254,255,254,250,36,0,0,0,2,0,1,0,0,0,0,2,2,38,254,253,252,252,252,102,88,207,252,253,252,253,252,184,7,0,1,1,0,0,1,0,0,0,1,0,1,142,253,251,254,253,253,253,254,253,251,253,253,254,253,65,0,0,0,1,0,0,0,0,0,1,1,1,2,106,254,253,252,253,252,252,254,252,252,253,252,253,188,6,1,0,0,0,1,0,0,0,1,1,0,1,0,38,255,253,251,251,254,254,251,255,254,254,252,255,182,0,1,0,0,0,0,0,0,1,0,0,0,0,0,36,248,241,148,220,242,241,240,245,254,254,254,254,176,1,1,2,1,0,1,1,1,0,0,1,1,0,1,0,51,0,0,0,0,1,0,4,189,252,253,251,61,1,1,1,1,0,0,0,0,0,0,0,0,1,1,0,1,1,0,0,0,0,0,0,145,255,253,253,78,0,0,0,0,1,1,1,1,0,0,2,0,2,0,0,0,0,1,0,1,0,2,10,218,254,253,252,180,0,1,0,2,0,0,1,0,0,0,0,1,0,1,1,0,0,0,0,0,0,0,41,252,254,255,254,150,0,0,2,2,0,0,1,0,0,0,1,0,0,1,0,0,0,0,0,0,0,0,226,254,254,254,254,62,1,1,1,0,0,0,1,0,1,0,0,0,0,0,0,0,0,0,0,1,0,99,254,254,253,255,253,58,1,0,0,0,2,3,0,0,0,0,0,0,0,2,1,0,0,0,2,0,0,121,253,254,252,253,231,37,1,0,0,0,1,0,0,0,0,1,1,0,0,1,0,0,0,1,0,1,1,13,255,253,253,255,84,0,0,0,0,0,1,0,0,0,1,0,1,0,2,0,0,2,0,0,0,0,1,0,254,252,161,13,5,1,0,0,0,1,0,0,0,0,0,0,2,0,0,0,0,0,1,1,0,0,0,0,1,0,0,0,0,0,1,0,2,1,2,1,0,1,0,0,0,0,0,0,0,1,0,0,0,0,1,2,0,0,3,0,0,0,0,0,0,1,0,0,1,0
0,0,0,1,1,0,0,2,0,1,0,0,1,0,0,0,0,0,0,0,1,0,0,1,0,0,1,0,0,0,1,2,0,0,0,0,0,0,0,0,0,0,1,0,0,1,0,0,0,0,1,2,0,0,0,0,0,0,0,2,0,0,1,3,0,0,0,0,1,1,0,0,0,0,0,0,1,0,1,0,0,1,2,1,0,0,0,0,0,0,0,0,1,1,0,0,1,0,1,0,1,0,1,1,0,0,0,1,0,0,0,0,0,0,0,1,0,0,0,1,0,0,0,0,0,0,0,1,0,0,1,0,0,0,0,0,0,1,0,0,0,0,0,2,0,0,0,114,214,0,2,0,1,0,1,0,0,10,50,0,0,0,0,0,0,0,0,2,0,0,0,0,0,0,0,234,252,0,0,0,0,0,0,0,0,51,250,82,0,1,0,0,1,1,0,0,0,0,0,0,0,1,0,255,254,0,0,0,2,0,1,0,1,50,255,162,0,0,0,0,0,1,0,0,0,0,0,0,1,0,1,253,252,42,0,0,0,2,0,1,0,51,254,223,20,0,0,2,0,0,0,0,0,0,0,1,0,2,0,255,254,102,2,0,0,0,0,0,0,51,253,251,50,1,1,0,0,1,0,0,1,0,0,0,0,0,1,254,253,103,0,0,0,2,0,0,0,52,251,254,52,0,0,0,2,1,1,0,0,0,1,0,1,1,0,252,254,100,0,0,0,2,0,0,0,52,253,255,49,53,130,0,0,1,0,0,0,0,0,0,0,1,0,253,254,60,0,1,0,1,1,1,0,93,252,213,50,193,150,2,0,0,0,0,0,1,0,0,0,1,0,254,253,103,1,1,0,0,1,2,0,150,252,253,254,201,20,0,1,0,0,0,0,1,0,0,0,1,0,253,252,102,0,0,1,1,1,0,40,193,253,251,213,19,1,0,0,1,1,2,0,0,0,0,0,2,0,192,254,252,129,52,53,51,131,215,253,254,253,255,51,3,0,0,0,0,0,2,0,1,0,1,0,0,0,49,233,252,253,252,252,252,253,253,253,252,252,212,11,1,1,0,0,0,1,0,0,0,0,1,0,0,0,0,82,233,253,254,253,244,203,142,102,253,253,185,0,0,0,1,0,0,1,1,1,0,0,0,0,1,0,0,0,29,50,48,49,41,1,1,0,253,252,102,0,0,1,0,1,0,0,1,0,1,1,0,0,0,0,0,0,2,0,0,0,0,0,0,1,151,254,203,0,1,0,1,0,0,0,0,1,2,0,1,0,0,2,0,0,0,0,1,2,0,0,0,1,233,254,123,0,1,0,0,0,1,1,0,0,0,0,0,1,1,0,1,0,0,0,0,0,1,0,2,0,254,254,104,0,0,0,0,2,1,0,0,3,0,0,1,0,0,1,1,0,0,0,0,0,1,0,2,2,252,253,101,0,0,0,2,0,0,0,0,0,1,1,0,0,0,1,0,0,0,0,1,0,0,0,2,0,173,252,101,1,1,0,0,0,0,0,0,0,0,2,1,0,0,1,0,0,0,2,0,0,0,0,0,0,9,172,61,0,0,1,0,0,2,2,0,0,0,0,0,1,0,0,1,0,0,0,1,2,3,0,0,0,0,2,0,0,0,1,0,0,0,1,0,0,0,0,0,0,2,0,1,0,0,0,0,0,0,2,1,0,0,1,1,1,0,0,0,0,0,0,0,0,0,0,2,0,1,0,0,2,0,1,0,0,2,0,1,0,0,1,0,0,1,0,0,0,0,1,0
0,0,1,0,0,0,0,0,0,0,0,0,0,0,0,0,0,1,0,0,1,2,0,0,0,1,0,0,0,0,0,0,0,0,0,0,0,0,0,0,1,0,2,1,0,1,1,1,0,0,2,0,1,2,1,0,0,0,1,1,0,1,0,2,2,0,0,0,0,1,0,0,0,0,0,1,0,0,1,0,1,0,0,1,1,0,0,0,0,0,0,0,2,0,1,0,0,1,0,0,35,154,245,56,0,0,1,0,1,0,1,0,0,0,0,0,2,0,0,0,0,0,1,0,0,2,0,28,216,251,248,54,0,0,0,1,2,0,0,0,0,0,0,0,0,1,0,0,1,0,1,1,0,0,0,127,255,253,153,0,1,0,2,0,0,1,0,0,1,0,0,0,0,0,0,0,0,1,1,0,0,0,52,246,254,194,10,0,0,1,1,0,0,0,0,0,0,0,0,0,0,0,0,1,2,0,1,1,0,0,137,253,199,15,0,1,1,1,0,0,2,0,0,1,0,0,2,0,0,2,1,0,0,0,0,0,1,101,253,243,30,0,0,0,0,0,0,1,0,0,0,0,0,0,0,0,0,0,0,2,0,0,0,0,6,181,255,104,0,0,0,0,0,0,0,0,1,0,1,0,1,0,1,1,0,1,0,0,0,0,1,0,78,252,185,0,0,0,1,1,0,0,0,0,0,1,0,1,0,1,0,2,1,0,0,2,0,0,1,191,136,217,33,0,0,0,0,0,0,0,0,0,0,0,0,0,1,0,1,1,0,1,2,0,0,0,47,245,251,79,0,1,0,0,0,0,1,0,0,0,0,0,0,0,0,0,0,1,1,0,2,0,0,0,217,255,183,9,1,0,0,41,27,0,0,1,0,0,1,0,1,0,1,1,0,0,2,0,0,2,0,0,252,253,77,0,17,140,215,241,217,71,0,0,0,0,0,1,0,0,0,1,0,0,0,1,1,0,0,61,253,247,54,0,135,151,167,254,252,225,0,0,0,0,0,2,0,0,0,0,1,0,0,0,0,0,0,196,255,180,0,1,1,0,12,224,255,253,75,0,1,0,0,0,0,1,2,0,0,1,0,0,2,0,2,194,255,98,0,0,0,0,21,254,254,215,0,0,0,0,0,1,0,0,0,1,1,1,0,0,0,0,0,196,255,137,0,0,1,1,19,255,255,133,0,0,1,0,0,2,0,0,0,0,1,0,2,0,0,0,2,194,254,190,89,2,0,5,75,251,248,55,0,1,0,0,0,0,0,0,0,0,0,1,0,0,0,0,1,127,225,252,253,165,78,154,253,253,145,0,0,0,0,0,0,1,0,0,1,0,0,0,0,1,1,0,0,7,72,201,252,252,252,255,254,224,24,1,1,0,0,0,0,0,0,0,0,0,0,0,0,0,1,0,1,1,0,5,60,200,214,194,73,20,0,0,0,0,0,0,1,0,1,1,0,0,2,1,0,0,0,0,0,0,1,1,0,0,0,1,1,0,0,0,1,0,0,0,1,1,1,0,0,0,1,0,0,0,0,0,0,0,0,0,1,2,1,2,0,2,0,0,0,1,1,0,0,0,2,1,0,1,0,1,0,0,0,0,0,0,0,0,1,0,0,1,0,0,0,0,0,0,0,0,1,0,0,1,0,0,0,0,1,2,0,0,0,0,0,0,0,0,1,0,0,0,0,1,0,0,2,1,0,0,0,0,1,1,1,0,0,0,1,1,0,0,1,0,0,1,0,0,0,1,0,0,1,0,1,0,0,1,0,0
0,0,2,0,0,0,2,0,0,1,0,0,0,1,0,1,0,0,0,0,0,1,0,1,1,0,1,0,1,0,0,0,1,0,0,1,0,1,1,0,0,2,0,0,0,0,0,0,1,0,0,0,1,0,1,0,1,0,1,0,0,0,0,2,0,1,2,0,0,0,2,1,1,0,0,1,1,1,0,0,3,0,0,1,0,0,0,0,1,0,1,0,1,1,0,1,0,1,0,0,0,0,1,0,0,0,1,3,0,0,0,0,1,0,0,0,0,0,1,0,0,0,0,1,0,0,0,2,1,1,0,0,0,0,0,1,1,0,1,0,0,0,0,0,1,0,0,0,0,0,0,0,0,0,2,0,0,0,0,1,0,0,2,1,1,0,1,0,0,0,0,0,25,60,58,131,208,210,209,209,208,209,211,176,62,31,1,0,0,0,0,1,0,0,0,0,0,0,1,0,202,255,253,254,253,254,254,255,252,253,254,253,252,211,27,0,1,1,0,0,0,0,1,2,0,0,0,0,254,252,253,254,252,254,253,253,251,252,253,254,253,253,178,0,0,0,0,1,1,0,1,0,0,2,0,1,92,177,178,176,178,179,99,29,29,28,92,240,253,254,178,0,0,0,0,0,0,0,0,0,1,0,0,0,0,1,1,1,1,0,2,0,0,0,91,240,252,252,162,0,0,1,0,1,0,0,0,0,1,0,0,0,0,1,0,0,3,0,1,0,23,135,253,252,252,253,29,0,1,0,0,1,0,0,0,0,1,1,0,3,0,0,0,0,25,89,90,234,241,254,254,253,253,252,109,80,1,0,0,1,1,0,2,1,1,0,0,0,1,0,0,93,211,253,253,253,255,253,252,254,253,252,254,247,117,47,12,0,0,0,0,1,2,0,2,0,0,0,0,120,254,253,252,251,253,253,254,254,251,252,255,254,253,253,147,0,1,0,0,1,1,0,0,0,0,2,0,120,253,255,254,156,123,1,0,0,2,72,149,223,255,254,254,105,0,0,0,0,0,0,1,0,0,0,0,22,44,42,45,1,0,1,1,0,0,0,0,50,224,253,254,140,0,1,0,0,0,0,0,1,0,1,0,0,1,0,1,0,0,0,1,0,0,0,0,0,47,245,255,252,0,0,0,0,0,0,0,1,1,0,0,0,2,72,1,0,1,0,0,0,0,0,0,0,65,245,253,184,1,1,0,0,1,1,0,0,0,0,0,0,68,241,145,3,0,0,0,0,0,1,0,73,240,253,252,104,2,1,0,0,0,0,0,0,0,0,0,0,75,254,253,184,178,179,118,63,177,178,177,231,252,241,196,30,1,0,0,1,0,0,1,2,1,1,1,0,36,214,253,253,252,254,254,254,253,253,253,251,252,164,1,1,0,0,3,0,0,1,1,1,0,0,2,0,0,7,94,165,179,201,255,251,252,253,224,163,165,17,0,0,2,0,0,0,0,1,1,0,1,0,0,0,1,0,0,2,11,24,59,95,110,56,43,0,0,0,0,0,0,0,1,1,1,1,0,1,0,0,0,1,0,0,0,2,1,0,0,0,0,0,0,1,1,0,2,1,0,1,0,0,0,0,1,2,1,1,0,0,0,0,0,0,1,0,0,1,0,1,0,2,0,0,1,0,0,0,0,1,1,1,0,0,0,1,0,0,0,0,2,0,0,1,1,0,0,0,0,1,0,0,0,0,0,1,1,0,0,1,0,1,0,0,0,0,0,0,0,0,0,0,0,1,1,0,1,0,0,0,0,0,0,2,0,1
1,0,1,0,1,0,1,0,0,1,2,1,0,2,0,0,0,2,1,0,2,0,0,0,0,1,1,2,0,1,0,0,0,0,0,0,1,0,0,1,0,0,0,0,1,0,0,0,1,0,0,0,0,0,0,0,0,0,0,1,0,0,1,2,1,0,0,0,1,0,0,0,1,0,0,1,1,0,0,0,0,0,1,0,0,0,0,0,0,0,0,0,0,0,0,2,1,0,1,2,0,1,0,0,0,0,0,0,0,0,0,1,0,0,1,0,0,0,1,1,0,0,0,0,0,1,0,1,0,0,1,3,1,0,1,0,0,1,0,0,0,0,0,1,0,1,1,1,0,1,1,0,0,0,0,1,0,0,1,0,0,1,0,7,76,50,1,0,0,0,0,0,0,1,0,0,0,1,0,0,1,0,0,1,0,0,1,63,119,171,242,244,203,100,2,0,0,0,0,1,0,1,0,1,2,0,1,0,1,50,23,1,23,119,203,255,255,226,129,108,8,1,0,2,1,0,2,0,0,0,1,0,0,3,0,31,187,253,233,214,234,255,240,158,75,17,0,1,0,0,0,1,0,0,0,0,0,0,0,1,1,0,19,216,254,254,255,252,221,106,34,0,0,1,0,0,1,1,0,0,0,0,1,0,0,2,0,1,1,19,199,254,254,249,163,66,1,1,0,0,0,2,1,0,0,2,0,0,0,0,0,0,1,0,1,0,1,187,255,252,196,30,0,1,0,0,0,0,0,1,0,2,1,0,0,0,0,0,1,0,1,0,2,0,56,240,255,161,1,0,0,0,0,0,0,1,0,2,1,0,0,0,0,0,0,0,0,0,0,2,0,0,221,254,162,5,0,0,0,0,0,0,0,2,1,0,0,0,0,0,1,0,0,0,1,0,0,0,0,34,243,249,74,35,109,136,217,176,93,27,2,1,0,1,0,0,0,0,0,1,1,1,0,1,0,0,0,117,254,249,243,245,254,234,223,240,253,235,101,0,0,0,0,2,0,0,0,1,0,0,0,0,2,0,0,198,255,254,202,143,59,22,0,31,142,249,231,104,0,0,0,0,0,0,1,0,1,2,1,0,1,1,0,19,152,84,14,0,0,1,0,0,0,131,254,176,2,0,0,2,0,1,0,0,0,0,1,0,1,2,0,0,2,1,0,0,0,0,0,0,0,107,255,254,11,1,0,0,0,1,0,0,0,0,1,0,1,0,0,0,0,1,0,0,0,1,1,0,33,208,254,178,0,1,0,0,0,0,0,0,0,0,0,0,0,0,2,0,0,0,0,0,0,1,1,64,226,254,233,46,0,0,0,0,1,0,1,0,1,1,0,0,0,0,0,0,0,0,0,1,13,99,181,250,253,230,80,0,0,0,0,0,1,0,0,0,0,0,1,1,0,0,28,27,27,103,116,150,222,255,255,239,143,28,0,0,0,0,0,1,2,0,1,0,1,0,1,0,1,0,242,248,250,252,247,246,241,184,101,28,0,1,1,0,0,1,1,0,1,0,0,0,2,0,0,1,0,2,0,45,50,65,35,18,0,0,0,2,0,0,0,0,1,0,2,0,0,0,0,1,0,0,2,0,0,1,0,1,0,0,0,0,0,0,1,1,0,0,0,0,2,1,1,0,0,0,0,2,0,0,0,2,1,0,0,0,1,0,2,0,0,0,1,1,0,0,0,0,1,0,0,0,0,1,3,1,0,0,0,0,1,0,0,0,0,0,0,2,1,0,0,0,0,1,0,0,0,0,2,0,1,0,1,0
2,2,0,0,0,0,0,1,0,1,0,0,0,1,0,0,0,0,0,0,0,2,1,0,0,0,0,0,0,0,0,1,0,1,0,0,1,3,1,1,0,0,0,0,1,1,0,0,0,0,0,0,0,0,1,0,0,2,0,0,1,1,1,1,2,0,1,0,0,0,1,0,1,0,0,1,1,1,0,0,2,1,0,0,0,1,1,1,0,0,1,0,0,0,0,1,0,0,0,0,0,0,0,3,0,0,2,0,0,1,0,0,0,2,0,0,0,0,1,0,0,0,0,0,0,1,37,154,216,240,78,0,0,0,1,0,0,0,0,1,0,1,0,0,0,0,0,0,0,1,0,0,0,81,233,177,70,22,0,0,2,0,1,1,3,0,0,0,1,0,0,2,0,1,0,1,52,145,144,147,177,224,115,0,0,1,0,2,0,0,0,1,0,0,0,0,0,2,1,0,0,0,0,1,221,206,162,185,104,42,1,0,0,0,0,0,0,0,0,0,1,2,0,1,0,1,0,0,2,0,0,9,247,64,0,0,1,1,0,0,0,2,1,1,0,0,1,0,0,0,1,0,0,1,2,0,0,0,0,54,250,62,0,0,0,1,0,0,0,0,1,0,0,2,0,0,0,0,0,0,0,0,1,1,0,0,0,68,253,63,0,0,0,0,1,0,0,1,0,0,0,0,0,0,0,0,0,0,2,0,0,0,0,0,0,148,254,61,0,0,4,30,14,32,55,31,1,0,0,0,1,0,0,0,0,2,0,0,0,0,0,0,0,109,254,63,11,84,214,255,225,255,254,255,181,66,0,1,0,0,0,0,0,0,0,0,0,0,0,2,1,71,255,153,225,252,170,82,71,24,22,90,178,249,106,0,0,0,0,0,1,0,0,0,0,1,1,0,0,20,202,220,155,34,0,2,0,0,0,0,0,110,255,53,0,1,0,0,1,1,0,1,1,2,0,0,0,0,0,1,0,0,0,0,0,0,0,0,0,11,209,230,2,1,0,1,1,0,1,1,0,0,0,0,0,0,1,0,0,0,0,1,0,0,0,0,0,1,95,248,41,2,0,1,0,0,0,0,0,1,1,0,1,0,0,1,0,2,3,0,0,1,0,0,0,0,61,254,69,0,0,2,1,0,0,0,1,0,0,1,0,0,1,1,0,0,0,0,0,1,2,0,0,1,74,250,16,1,1,0,0,2,1,0,0,0,0,0,0,0,0,0,0,0,0,0,0,1,0,0,3,0,180,247,0,0,1,1,0,0,0,0,1,0,1,0,0,2,0,31,2,0,0,2,0,2,0,2,1,17,229,191,0,0,0,2,1,0,0,0,0,0,1,1,1,1,13,237,77,0,0,0,0,0,0,19,159,232,184,9,0,0,0,0,1,0,0,0,0,1,0,0,1,1,0,114,254,91,32,11,55,85,167,236,234,129,5,0,0,0,0,0,0,0,0,0,0,1,0,2,0,1,3,4,129,227,245,235,252,246,176,108,40,1,0,0,0,0,1,0,0,1,0,0,1,0,0,0,1,0,1,0,0,1,0,0,0,0,0,0,0,1,0,0,1,0,0,0,1,0,0,1,1,0,0,0,1,0,0,2,0,0,0,1,1,0,0,0,3,0,0,1,0,0,1,0,1,0,0,2,0,0,1,0,0,0,1,0,0,0,0,0,0,0,0,0,0,0,0,0,1,0,1,0,0,0,0,0,0,1,2,0,0,0,0,1,0,2,0,1,0,0,2,0,0,0,1,0,1,1,0,0,0,0
0,0,1,0,2,0,0,0,0,0,0,0,1,1,0,0,0,1,0,0,1,0,0,0,0,0,0,0,0,1,1,0,1,0,0,2,0,1,0,1,0,0,2,1,1,0,0,0,1,0,0,0,0,0,0,0,1,0,0,1,1,2,1,0,1,0,0,1,0,1,0,0,0,0,0,0,1,0,0,0,0,0,0,0,0,0,1,0,0,0,0,0,0,18,206,220,1,0,0,0,0,0,0,1,0,0,0,1,2,0,1,0,1,1,0,0,0,1,0,0,16,204,255,216,0,0,1,0,1,0,0,0,1,0,2,0,0,3,0,1,2,0,0,0,0,0,2,19,205,251,251,138,0,0,2,0,0,0,2,0,1,2,1,0,0,0,0,1,0,1,0,1,0,0,0,135,252,252,147,0,1,0,1,1,0,0,0,0,0,0,0,0,0,0,0,1,0,1,0,0,0,0,20,208,252,237,40,0,0,0,0,0,0,0,1,0,1,0,0,0,1,1,0,0,1,2,0,0,3,0,209,253,255,150,0,1,1,0,0,1,0,0,0,1,1,0,1,0,1,0,1,1,0,0,0,0,0,0,255,255,241,35,0,1,0,0,0,1,1,0,2,0,2,0,1,1,1,1,0,1,0,0,0,0,0,1,254,253,233,1,2,0,0,0,1,1,37,51,52,50,48,50,4,0,0,0,1,0,0,1,0,0,1,0,254,250,235,0,3,0,0,0,68,179,236,251,255,254,253,253,186,126,31,0,0,0,1,2,2,0,1,0,253,254,236,0,0,0,0,14,197,254,253,206,189,148,128,175,247,254,222,126,1,1,0,1,0,0,0,1,254,255,138,0,0,0,0,143,252,253,167,14,1,1,1,0,108,216,252,252,0,0,1,0,2,1,0,1,254,252,207,0,0,0,0,176,252,253,62,0,0,0,0,0,0,113,254,253,2,1,0,0,1,0,1,0,254,254,234,0,2,0,0,176,254,255,60,0,1,1,0,1,0,110,255,214,0,0,0,0,0,0,1,0,255,254,241,36,0,1,0,175,252,253,163,0,0,0,0,0,1,112,253,87,1,0,0,0,0,2,0,0,102,254,253,233,85,0,0,25,124,229,245,181,64,2,0,0,0,156,252,112,0,0,0,0,0,0,0,1,4,209,253,253,209,1,0,0,1,116,230,253,244,85,1,3,43,244,252,81,2,0,1,0,0,0,1,0,0,26,253,254,250,151,35,1,0,1,50,150,182,244,183,106,230,253,95,1,0,0,1,0,1,0,1,0,2,0,86,207,254,254,241,212,113,111,113,113,119,172,253,255,207,25,1,0,1,0,2,0,0,0,2,0,0,0,0,82,134,211,252,253,252,252,252,251,251,213,134,86,8,0,1,0,1,0,0,0,0,1,1,0,0,0,1,1,0,3,28,127,130,129,131,131,130,26,1,0,0,0,0,0,0,0,0,1,0,1,0,0,0,0,0,0,0,0,0,0,0,0,0,0,2,0,0,1,2,0,0,2,0,0,1,1,0,0,0,0,0,0,0,0,1,1,0,0,0,0,0,1,0,0,0,0,2,0,0,0,0,1,1,0,1,1,0,0,1,0,0,0,0,0,0,0,0,1,0,0,0,0,2,1,0,1,0,1,0,0,2,0,0,0,0,0,2,0,0,0,0,0,0,2,1,0,2,0,0,1,0,0,0,2,0,1,0,2,1,0,1,1,0,1,0,0,0,0,0,0,0,0,1,0,1,0,1,0,2,1,0,0,0,0,1,0
0,1,0,0,2,0,0,1,0,0,0,0,0,0,0,0,0,0,0,0,1,0,0,0,0,3,0,0,0,0,0,0,0,1,0,0,1,0,0,0,0,0,0,0,0,0,0,0,0,0,1,1,1,0,1,0,0,1,1,0,1,1,0,0,0,0,1,0,0,0,0,1,0,0,1,1,1,0,0,1,2,2,0,0,0,1,1,2,1,1,0,0,0,0,0,0,1,2,0,0,1,1,1,2,0,0,0,1,0,1,1,0,0,0,0,1,1,0,0,0,1,1,0,1,0,1,0,0,1,1,0,0,0,0,1,0,0,0,1,0,0,2,1,1,0,1,0,1,1,1,1,10,29,3,104,229,253,128,12,1,0,1,0,0,1,0,0,0,0,0,0,1,0,0,0,0,0,0,0,86,253,179,253,252,253,253,122,13,0,1,0,0,0,0,0,1,0,2,1,0,1,1,2,0,0,0,1,123,251,253,252,148,56,254,252,143,0,1,0,0,0,0,0,0,0,0,0,0,0,0,0,1,0,0,50,247,253,253,102,7,0,153,252,169,0,2,0,0,0,1,0,0,0,0,1,1,0,0,0,0,0,2,167,255,254,255,84,0,0,13,208,253,91,2,0,1,1,0,1,0,0,2,0,0,1,0,1,0,0,0,169,252,252,248,65,1,0,0,169,252,215,0,0,1,0,0,0,0,1,0,1,1,0,1,0,0,0,0,168,252,252,101,1,0,1,0,83,252,251,1,0,0,0,0,0,0,0,1,1,0,1,0,0,0,0,27,245,251,250,0,0,0,2,1,56,249,253,0,2,0,1,0,0,1,0,1,0,1,0,0,0,0,0,41,254,254,254,0,1,0,2,0,57,254,253,1,0,0,0,0,0,0,0,0,2,1,0,0,1,0,0,140,252,252,251,0,1,0,1,2,58,252,253,0,0,1,0,1,1,1,0,0,1,0,0,0,0,0,0,229,253,223,169,0,1,0,0,0,57,251,251,0,0,0,1,0,0,1,1,0,0,0,0,0,0,0,0,253,251,169,1,0,0,0,1,0,55,252,250,1,0,0,0,1,0,0,0,0,2,0,1,1,1,2,0,254,253,167,0,0,0,0,2,0,121,253,190,0,0,0,1,0,0,0,0,0,0,1,1,2,0,0,0,251,251,93,0,2,1,0,2,0,167,254,65,0,0,2,0,0,0,0,0,2,0,0,1,0,0,0,1,253,251,55,1,0,0,0,0,11,196,251,28,1,0,1,1,0,0,0,0,0,2,0,0,0,1,0,0,253,254,157,0,0,1,0,0,178,253,178,2,0,1,1,0,0,0,0,1,0,0,0,0,1,0,0,0,179,254,177,16,1,18,65,190,254,211,26,0,0,0,1,0,1,1,0,0,0,0,0,0,0,0,0,0,22,235,252,215,171,225,252,250,210,29,0,0,0,0,1,0,0,0,0,0,0,0,1,1,1,0,1,0,0,131,254,253,253,251,250,213,25,0,0,1,0,1,0,0,0,1,0,0,0,0,0,1,0,0,0,0,1,8,64,241,252,178,103,17,0,0,0,0,0,0,0,0,0,3,0,0,0,0,0,0,0,0,0,0,0,0,0,2,1,0,1,0,0,0,0,0,0,0,0,1,0,0,0,1,1,0,0,0,0,0,0,2,0,0,0,1,2,0,0,0,1,0,1,0,1,2,0,0,0,1,0,0,0,0,0,0,1,1,2,1,0,1,2,0,0,0,0,1,0,0,1,1,1,0,0,1,1,0,0
1,0,0,1,0,0,0,0,0,1,0,0,0,0,2,0,1,0,1,0,0,1,0,0,0,0,1,0,1,0,0,0,1,1,0,0,0,0,1,0,0,2,0,0,0,2,0,1,0,0,1,0,1,0,0,0,2,0,0,0,0,0,3,0,0,0,0,0,1,0,0,0,1,0,1,0,1,3,0,0,0,0,1,1,0,0,0,0,0,1,0,0,2,0,0,0,0,1,1,0,0,1,1,0,0,0,0,0,0,0,0,0,1,0,1,0,0,0,0,0,0,1,0,1,2,1,0,0,0,0,0,0,1,0,3,0,0,0,0,1,0,1,0,0,0,1,1,0,91,252,141,0,2,0,0,0,1,1,1,0,0,0,0,0,0,1,0,0,0,0,0,0,0,0,1,20,198,253,241,24,0,0,1,0,0,0,1,0,146,227,95,0,0,1,0,1,1,0,0,0,0,0,1,56,252,250,253,27,3,0,0,0,0,1,1,33,253,252,195,1,1,0,0,0,0,1,0,0,0,0,0,58,252,252,176,9,0,0,1,0,2,0,0,140,254,250,102,0,0,0,2,0,0,0,1,2,2,0,0,58,253,253,140,0,0,1,1,0,1,1,19,202,252,252,56,0,0,0,0,2,0,0,0,0,0,1,1,119,253,253,140,0,1,0,0,1,0,0,30,253,255,215,33,0,0,1,1,0,0,0,0,1,1,0,0,198,252,254,140,0,0,0,1,0,2,0,30,253,253,43,0,2,1,2,1,1,1,1,1,0,0,2,0,199,252,251,31,0,1,0,0,0,0,14,80,253,253,27,0,1,0,0,0,0,0,0,0,0,0,0,58,233,253,235,1,0,0,0,0,0,0,58,250,253,179,10,0,3,0,0,0,0,1,0,0,0,1,0,87,252,254,187,142,141,140,140,141,79,50,163,250,251,139,1,0,0,0,0,0,0,0,0,1,1,0,0,86,253,255,254,255,254,252,253,252,255,254,254,253,252,141,0,0,0,2,0,2,1,0,1,0,2,0,1,57,235,253,252,252,250,252,242,215,215,244,252,250,252,141,0,1,1,1,0,0,0,0,0,1,0,0,2,0,75,197,195,56,58,54,48,30,32,50,209,253,219,31,0,1,0,2,0,0,0,1,0,1,1,0,1,0,0,1,0,1,1,1,0,0,2,74,235,251,110,2,0,1,0,3,1,0,0,0,1,0,1,0,0,0,2,0,0,0,0,0,1,0,0,225,250,252,112,1,2,1,0,0,1,0,0,0,0,0,0,0,1,1,2,1,1,0,1,0,2,0,0,228,254,255,112,0,0,0,0,0,0,0,2,0,0,0,1,2,0,0,0,1,0,0,0,0,2,0,101,249,253,242,74,0,0,1,0,0,2,0,0,1,0,1,1,0,0,0,1,0,0,0,0,0,0,0,112,253,252,247,86,0,1,0,0,0,0,2,0,0,0,0,0,0,0,1,0,0,0,0,0,0,0,0,39,234,249,153,99,0,0,0,0,0,1,0,0,0,0,1,0,0,0,0,1,1,1,0,2,0,0,1,0,146,250,84,0,1,0,0,1,1,3,0,0,0,0,2,0,1,0,0,2,1,0,0,0,0,2,0,1,0,1,1,0,1,0,0,0,0,0,0,0,0,0,0,2,0,0,0,2,0,0,1,0,0,0,2,1,1,1,0,0,0,1,0,1,0,1,2,0,0,0,0,2,0,0,1,0,0,0,2,0,0,0,0,1,2,0,0,0,0,0,1,0,0,2,0,0
0,0,0,1,1,1,0,0,1,0,0,0,0,0,2,0,0,0,0,1,0,3,1,2,0,1,1,1,0,0,0,0,0,0,0,2,0,0,0,2,1,1,0,0,3,1,0,2,0,0,2,0,0,1,0,1,0,0,1,1,0,1,2,0,0,0,0,1,0,0,1,1,0,0,0,0,1,0,0,1,0,0,1,0,0,0,0,0,0,0,0,0,0,0,0,0,0,1,0,1,0,0,1,0,0,0,2,0,0,0,0,2,0,0,0,0,1,0,1,1,2,1,1,1,0,1,0,1,0,0,1,1,0,0,0,0,0,1,0,0,0,1,0,0,0,0,0,0,0,0,0,0,0,0,0,79,253,103,0,0,0,0,0,0,1,0,2,0,0,0,0,0,1,1,0,0,0,0,1,0,1,0,1,203,253,218,0,1,0,2,0,0,0,0,0,0,1,2,0,0,0,0,1,0,0,0,1,0,0,0,0,254,253,198,0,1,0,0,2,0,0,0,1,0,1,1,0,1,0,0,0,0,0,1,1,0,1,1,0,253,251,98,3,2,0,0,0,1,1,0,1,1,0,2,2,1,0,0,1,1,0,0,0,1,1,0,1,255,245,73,1,0,2,1,0,2,0,0,0,2,0,1,0,0,0,0,0,0,0,0,1,1,0,0,35,253,230,1,0,2,0,0,1,1,0,0,0,0,1,0,0,0,0,0,0,1,1,0,1,0,2,0,162,255,129,2,1,0,1,1,0,1,1,0,0,0,1,1,0,0,0,0,0,0,0,0,0,1,0,0,243,253,109,2,0,1,1,0,0,0,0,0,0,0,0,0,0,0,0,0,1,0,0,0,0,0,0,99,250,243,10,0,1,2,0,0,0,2,0,0,0,2,1,0,0,0,0,0,1,0,0,0,0,0,1,110,254,128,0,0,0,1,1,0,1,0,0,1,3,2,2,0,1,0,0,1,0,2,0,0,0,1,1,115,254,2,0,0,0,0,0,0,0,0,0,0,0,2,0,2,0,0,1,0,1,2,1,1,1,0,11,233,253,0,0,0,0,0,0,0,0,0,1,0,0,0,0,0,1,1,0,2,0,0,0,1,2,0,98,253,237,0,0,1,0,0,2,0,2,1,0,0,1,3,0,0,1,0,1,0,0,0,0,0,0,0,177,252,109,0,0,0,0,0,0,0,0,0,0,1,0,0,1,0,0,0,0,1,1,2,0,0,1,0,217,250,11,1,1,0,0,0,0,2,0,0,0,0,0,0,0,1,0,4,0,0,1,0,0,0,0,0,218,168,4,0,2,1,0,1,0,0,0,2,0,0,0,0,0,1,1,2,0,0,1,1,2,1,0,29,231,144,0,0,0,0,0,1,0,0,0,0,0,0,0,0,0,0,0,0,2,0,1,0,1,2,0,85,252,142,0,0,0,2,0,0,0,0,0,0,0,1,0,0,0,0,1,1,1,0,0,0,0,0,0,7,222,145,0,1,2,1,0,1,0,0,1,0,0,0,1,0,1,3,1,1,0,0,0,2,0,1,0,0,160,196,6,0,2,0,0,0,0,0,1,0,0,1,0,1,2,0,0,0,0,0,0,0,0,1,1,0,1,1,1,0,1,0,1,4,0,0,0,0,0,0,0,1,0,0,0,1,0,0,0,0,0,0,0,0,0,0,1,0,0,0,2,0,3,0,0,0,0,0,1,2,2,0,1,0,0,0,0,0,0,1,0,0,3,0,0,1,1,0,1,0,1,0,0,0,1,1,0,1
0,2,1,0,0,0,0,2,1,0,0,2,0,0,1,0,0,1,0,1,0,0,1,0,0,0,1,0,0,1,1,0,0,0,1,0,0,0,0,0,1,0,0,0,0,1,0,0,0,0,0,0,0,0,0,0,1,0,0,1,1,0,1,0,0,1,0,0,0,0,0,0,1,0,0,0,0,0,1,1,1,0,1,0,0,0,0,0,1,0,2,0,0,0,0,1,0,0,1,0,0,0,2,0,0,1,0,0,1,0,0,0,0,1,0,1,0,1,0,0,1,0,0,0,1,0,0,0,1,1,0,1,1,2,0,2,0,1,0,2,0,2,2,0,0,2,0,0,0,2,0,1,0,0,0,0,0,0,0,1,2,0,0,2,0,0,1,2,0,1,0,1,0,0,0,1,0,0,0,0,0,0,0,1,1,1,0,0,0,0,0,0,1,1,0,0,1,0,0,0,0,0,0,0,0,1,0,0,1,28,71,157,163,194,165,27,0,0,0,0,0,0,0,0,0,0,0,1,0,1,0,0,0,0,0,60,184,241,254,253,253,255,253,157,3,0,0,1,1,0,0,0,0,0,0,0,0,0,0,0,0,51,179,249,255,253,219,195,127,164,242,252,63,0,0,0,0,0,0,1,0,0,0,0,0,0,0,2,116,234,255,250,163,82,1,0,1,0,182,253,108,2,2,0,0,0,1,0,2,0,0,0,2,3,1,116,253,255,213,62,2,2,1,0,0,0,180,254,160,12,2,0,0,0,0,0,0,0,0,0,2,0,96,254,254,182,8,0,0,0,1,0,1,38,228,255,255,126,0,1,0,0,0,0,0,1,0,1,0,0,127,251,201,9,0,0,0,1,0,31,56,170,254,252,253,44,2,0,2,2,0,1,0,0,1,0,2,0,129,252,206,68,38,33,17,103,186,238,255,253,253,255,161,5,1,0,1,0,0,0,1,0,0,1,1,0,86,250,252,254,252,246,222,252,254,253,254,252,253,253,101,2,0,0,0,0,0,0,0,0,0,0,0,1,0,96,227,253,252,253,254,217,137,72,106,214,252,228,11,0,0,0,0,0,0,0,0,0,0,0,1,0,1,0,0,60,91,45,0,1,1,0,64,255,253,91,1,0,1,0,1,0,1,1,0,0,0,0,2,0,1,0,1,0,0,0,2,0,0,0,177,253,202,7,0,0,1,0,1,0,1,0,0,0,0,1,1,2,0,1,0,0,1,0,0,1,0,27,235,253,86,1,0,0,0,0,0,0,1,2,0,2,0,0,1,0,0,2,1,2,0,1,0,0,1,126,252,236,19,1,0,0,1,0,0,1,0,1,1,0,1,0,1,0,0,0,1,0,0,0,1,1,0,146,253,202,0,0,0,0,1,0,0,0,0,1,0,0,0,0,0,0,0,0,0,1,1,1,0,0,49,241,254,145,0,1,0,0,0,1,0,1,0,1,0,0,0,0,0,0,0,2,0,0,0,1,0,1,182,253,244,82,0,2,1,2,0,1,0,0,0,0,0,0,0,2,0,1,0,1,0,2,1,0,0,44,255,251,139,1,0,0,1,0,1,1,0,0,0,0,0,0,0,0,0,0,0,2,0,0,1,0,0,155,255,222,72,1,0,1,0,0,0,2,2,1,1,0,0,1,0,0,0,1,1,0,0,0,0,0,0,57,195,70,0,0,1,1,0,0,0,0,0,1,0,0,2,0,0,0,0,1,0,0,0,0,1,1,2,0,0,0,0,1,0,0,1,0,1,0,2,0,0,1
1,0,0,0,2,0,0,0,0,0,0,0,0,1,0,0,0,0,0,0,0,0,1,0,0,2,0,0,0,0,0,1,0,2,1,0,1,0,2,1,0,1,0,0,0,1,0,1,0,1,1,0,0,0,0,0,0,1,1,0,0,2,1,0,0,0,0,1,0,0,0,0,0,1,0,0,1,0,0,0,2,0,0,1,0,0,0,0,1,0,1,0,1,0,2,1,0,2,0,0,0,0,0,0,1,0,0,0,0,0,0,0,0,0,0,0,1,0,0,0,1,1,1,0,2,1,0,0,1,0,0,0,1,1,0,1,1,0,1,0,2,0,1,0,0,0,0,2,0,0,0,0,0,0,0,0,1,1,0,0,2,0,1,2,0,0,2,1,1,0,0,0,1,0,0,1,1,0,0,0,0,0,0,0,0,1,0,0,0,0,6,124,163,0,1,0,0,0,0,0,0,3,0,1,2,1,0,1,1,1,0,0,0,0,3,0,83,105,203,225,84,2,0,0,0,0,1,0,0,1,0,0,0,0,1,2,2,0,0,0,17,39,171,223,240,235,74,58,0,2,1,0,0,0,0,0,0,0,0,1,1,0,0,2,0,48,67,134,239,254,253,160,58,14,35,0,0,1,1,3,0,0,0,1,1,0,1,1,0,0,100,213,212,243,253,254,252,191,66,19,0,0,0,1,0,0,0,0,0,0,1,0,1,0,0,0,0,0,159,229,231,229,158,80,1,0,0,0,0,0,1,0,0,0,1,0,1,0,0,2,0,1,0,2,1,34,84,122,26,28,0,2,0,0,0,0,0,0,1,0,0,0,0,0,0,2,0,2,2,0,1,0,44,126,94,57,0,1,0,1,0,0,0,0,1,0,0,0,0,0,0,1,2,0,1,0,2,0,0,0,87,204,48,0,1,0,0,0,0,0,0,0,0,3,1,2,0,0,0,0,0,1,0,0,0,0,0,0,14,238,242,35,0,0,1,0,0,0,1,0,1,2,0,0,0,0,0,0,0,1,0,1,2,1,2,0,38,181,254,210,193,38,0,1,0,1,0,0,0,0,0,2,0,0,1,0,1,1,0,0,0,0,0,0,0,32,63,62,182,143,1,1,0,0,1,1,0,0,0,0,0,0,0,1,1,2,1,0,1,0,0,1,0,0,0,1,150,205,10,1,0,1,0,0,0,1,1,0,0,0,0,0,1,0,0,0,1,1,1,0,0,0,1,1,254,225,14,0,0,2,1,0,2,0,0,1,1,0,2,0,0,0,0,0,1,0,0,1,0,1,0,0,254,94,5,0,0,1,0,0,1,2,0,2,0,0,1,0,0,0,0,0,2,0,0,0,0,1,0,0,220,12,0,0,0,0,0,0,0,0,2,0,0,0,0,1,0,1,1,1,0,1,0,0,0,0,23,174,254,64,0,0,1,0,0,0,0,0,3,0,0,0,0,1,1,0,1,0,0,0,2,2,0,2,125,252,225,32,2,0,1,0,1,0,1,0,0,1,0,0,0,0,0,0,0,0,1,1,0,0,0,21,253,202,36,1,0,1,0,0,0,1,0,0,0,0,1,0,0,0,0,0,0,1,0,0,0,0,3,3,129,7,1,1,0,0,0,0,0,0,0,0,1,1,0,0,0,2,1,0,0,0,0,0,0,1,0,0,2,0,0,0,0,0,0,1,2,1,1,0,0,0,1,0,0,0,0,0,0,0,0,0,2,0,1,0,1,0,0,1,0,0,0,2,0,0,0,0,0,1,0,1,0,1
0,2,0,0,0,0,0,0,1,0,0,0,0,0,0,2,1,0,0,0,1,2,0,0,0,0,0,0,0,0,0,0,0,0,0,0,1,0,0,0,0,1,0,0,0,0,2,0,0,0,0,1,0,0,1,0,0,1,0,0,0,0,0,0,0,0,0,0,1,0,1,0,0,0,0,0,0,2,2,1,0,0,0,0,0,0,2,0,0,1,1,0,0,0,0,2,1,1,1,2,1,0,0,1,4,0,0,2,0,0,3,0,2,0,0,0,0,3,2,0,0,0,0,0,0,1,0,1,0,0,0,1,1,0,1,0,1,0,1,0,2,1,0,2,0,1,0,0,0,0,1,1,0,1,0,0,0,0,1,0,0,2,0,0,1,0,0,0,0,0,0,0,0,1,1,1,2,1,0,0,0,0,1,0,0,0,1,1,2,0,0,1,0,0,0,0,0,1,63,190,253,128,127,127,64,1,0,0,0,0,0,0,1,0,0,0,0,1,1,2,0,0,0,0,0,0,127,254,255,255,255,255,255,255,254,255,255,129,128,64,1,0,1,1,0,0,1,2,0,1,1,1,0,0,65,255,255,255,255,255,255,255,255,255,254,255,255,253,191,64,1,1,1,0,0,0,0,1,1,0,1,0,0,1,63,65,129,129,127,128,254,255,255,255,255,254,255,254,130,0,0,0,1,0,0,2,1,0,1,0,0,0,1,0,0,0,1,0,1,0,1,66,189,255,254,255,255,254,63,0,0,0,1,0,0,0,1,0,0,0,1,1,0,0,0,2,0,0,0,0,0,62,255,255,254,254,129,1,1,0,1,0,0,0,1,0,0,0,1,0,0,0,0,2,1,0,0,3,0,1,63,254,253,255,129,1,1,1,1,0,0,0,1,0,0,0,1,0,0,0,1,2,0,1,1,1,0,0,1,128,254,254,255,1,0,0,0,1,1,0,0,0,1,1,0,1,0,0,0,0,0,0,0,0,0,0,0,127,255,254,255,65,1,0,0,0,1,0,1,1,1,0,0,1,0,0,0,2,1,0,0,0,1,2,2,125,253,255,255,126,1,1,1,1,0,1,0,0,0,1,1,0,0,0,0,0,0,0,0,0,0,0,1,132,255,255,253,0,0,2,1,0,1,0,0,0,2,0,0,0,0,0,1,0,0,2,0,0,0,0,0,129,255,255,192,1,1,0,0,2,1,0,0,0,0,0,0,0,0,0,0,0,0,0,2,0,0,0,0,191,255,255,128,0,0,0,1,0,0,1,0,0,0,0,0,0,1,0,0,0,0,0,0,0,0,0,128,254,255,255,65,0,1,0,1,1,0,1,3,0,0,1,0,0,1,1,0,0,0,1,0,0,1,0,255,254,254,190,0,1,1,0,0,1,0,0,0,0,0,0,0,0,0,0,1,0,0,0,0,2,0,1,255,254,255,65,0,0,1,0,0,0,0,2,0,0,0,0,0,0,1,3,0,1,0,2,0,0,0,189,253,254,254,0,1,0,0,1,0,0,0,1,0,2,0,0,0,0,2,0,0,0,1,0,0,1,127,255,255,255,193,0,0,1,1,0,0,0,0,0,0,0,1,0,0,0,0,0,2,0,1,0,0,0,129,255,254,192,1,0,0,1,0,0,0,0,0,0,1,1,0,0,1,0,0,0,0,0,0,0,0,0,127,255,255,64,0,2,0,0,0,0,0,0,1,0,0,0,0,0,0,0,1,1,0,0,0,0,1,0,0,0,2,0,1,1,0,0,0,0,1,1,0,0
0,0,0,0,0,1,1,0,0,0,2,0,0,0,0,1,0,0,1,0,0,0,0,0,1,0,0,0,1,0,1,0,1,0,0,0,0,2,1,1,0,0,1,0,1,0,0,0,0,2,0,1,1,0,0,0,0,0,1,0,1,3,0,0,1,1,0,0,0,1,1,3,0,1,0,2,1,1,0,1,0,0,0,1,0,0,0,0,1,0,0,0,1,1,2,1,0,0,0,1,1,0,0,0,1,0,2,0,0,0,0,0,0,2,1,0,1,0,1,0,0,0,0,0,1,0,0,0,0,0,1,0,0,0,0,1,1,1,1,0,0,0,0,1,0,1,0,0,0,0,2,0,0,43,47,47,0,2,1,1,0,0,0,0,3,0,0,1,0,0,0,1,0,0,2,0,0,1,0,9,108,249,253,254,209,207,206,209,150,65,12,1,0,0,0,1,1,1,0,0,0,1,0,0,0,0,10,185,253,254,252,253,252,253,255,253,254,251,212,24,0,1,0,1,0,0,0,0,0,0,0,0,0,57,203,254,254,200,128,125,60,94,83,69,152,223,254,161,1,2,0,1,1,0,0,0,0,1,2,0,1,139,252,253,201,19,0,0,1,0,0,1,0,154,254,211,0,1,2,0,1,0,0,0,0,0,0,0,1,139,253,253,17,0,1,0,0,0,0,0,74,240,255,210,0,0,0,0,0,0,0,1,0,0,0,0,0,104,254,252,102,2,0,0,0,0,0,34,230,252,252,160,0,0,0,0,0,0,1,0,1,0,1,0,2,1,150,255,228,41,1,0,0,40,154,255,254,255,178,25,0,2,0,1,0,0,0,1,0,0,1,0,1,0,18,197,254,207,9,31,72,234,253,253,222,139,13,2,0,0,0,0,0,0,1,1,0,0,1,0,0,1,2,18,211,253,215,240,255,253,232,129,18,1,0,1,0,1,0,1,0,0,0,1,0,0,1,1,0,1,2,101,231,253,253,255,229,78,12,0,0,0,2,2,0,0,2,1,0,0,0,0,2,0,0,0,68,168,253,253,253,255,254,255,119,2,0,0,0,0,0,1,0,0,0,1,0,0,0,0,0,27,131,229,255,252,253,186,115,63,211,253,248,21,1,0,0,0,0,0,0,0,0,1,1,2,0,0,165,232,254,252,247,163,47,14,8,92,246,252,254,56,0,1,1,0,0,0,1,0,1,0,0,1,0,2,129,253,254,253,210,93,127,160,203,255,251,254,228,15,1,0,1,0,0,1,0,2,0,1,3,1,1,1,0,134,241,253,255,254,255,255,255,254,253,228,34,1,0,2,0,0,0,0,1,0,0,0,0,0,0,0,0,0,28,115,138,207,205,206,206,204,123,15,0,0,1,0,1,1,1,0,1,0,1,0,0,0,1,1,0,2,0,0,1,1,0,1,0,0,0,0,0,0,0,0,0,0,0,1,0,0,0,1,2,0,0,0,0,0,0,1,1,2,1,1,1,0,0,1,0,2,0,2,0,1,0,1,0,1,0,0,0,0,1,0,0,0,0,1,0,2,0,1,0,2,0,1,0,0,1,0,0,0,1,2,0,1,0,0,0,0,0,0,2,0,1,0,1,0,2,0,0,0,1,0,1,1,0,1,0,0,2,2,0,1,1,0,0,0,0,0,1,1,0,0,0,0,0,0,0,0,1,0,0,0,0,1,0,0,0,0,0,0,1,1,0,0,0,0,0,2,2,0,0,0,0,0,0,0,0,1,0,2,1,0,0,0,0,2,1,0,0,1
0,0,0,0,0,0,0,2,1,0,0,0,0,0,1,2,0,2,0,0,1,0,1,0,0,0,0,0,0,0,0,0,0,0,2,0,0,0,0,0,1,0,0,0,1,0,0,0,0,0,1,0,0,1,0,1,0,0,0,0,0,0,0,0,1,1,0,0,0,0,0,0,1,1,2,0,0,0,0,1,0,3,0,0,0,0,0,0,0,0,1,0,0,1,0,0,1,0,0,0,0,0,1,1,1,0,0,2,0,1,1,2,0,0,1,0,0,0,0,0,0,0,1,0,1,0,0,0,2,1,1,0,1,0,0,0,0,0,1,1,0,1,1,1,0,0,0,0,0,1,0,0,1,1,0,0,1,0,0,0,0,0,1,0,0,2,0,0,0,1,0,0,1,1,1,1,1,0,143,254,206,175,200,140,90,26,2,0,1,0,0,0,0,0,0,0,0,1,0,1,1,0,0,1,0,68,223,80,74,153,185,238,237,252,195,28,1,0,0,1,0,0,1,2,0,1,0,1,0,1,1,0,0,166,195,1,1,2,0,1,1,116,82,12,0,0,1,3,1,1,1,0,0,0,0,0,0,0,0,0,1,213,158,1,0,0,1,1,1,0,2,2,1,2,2,1,0,0,0,0,0,0,1,0,0,0,0,0,7,221,116,0,1,1,1,1,1,0,3,0,0,0,1,0,0,1,0,0,0,2,0,0,0,0,0,1,34,247,129,0,0,1,1,2,0,1,0,0,1,0,0,1,0,0,0,1,0,1,0,0,1,0,1,0,1,168,247,21,1,2,0,0,138,69,0,1,0,0,0,0,0,0,1,0,0,2,0,0,1,1,1,0,1,132,254,99,0,0,0,0,188,139,1,1,0,0,2,0,0,0,1,1,2,0,0,0,1,0,0,0,1,82,255,106,1,1,0,84,229,89,1,0,0,1,1,0,1,0,0,0,0,0,1,1,0,0,0,0,2,2,196,227,11,1,1,153,254,57,0,0,0,1,0,0,1,0,0,0,1,0,1,0,0,0,1,0,1,1,111,253,129,2,10,206,255,57,1,0,1,0,0,2,0,0,0,1,1,0,1,0,1,2,0,0,0,0,0,193,253,182,188,175,255,56,0,0,0,1,0,0,1,0,0,1,0,0,1,1,0,0,0,0,0,0,0,18,117,146,22,147,254,56,0,0,0,0,1,0,0,0,0,0,1,0,0,0,2,1,0,0,0,0,1,1,2,0,0,100,255,58,0,0,0,1,0,0,1,0,0,0,0,0,1,0,1,1,1,0,0,0,0,0,0,1,1,97,254,58,1,0,2,1,0,0,0,0,0,1,2,0,0,0,1,1,1,1,0,0,0,0,0,1,0,168,252,58,1,0,2,0,0,0,0,0,0,0,0,0,1,1,0,0,0,0,1,0,0,0,0,1,3,134,233,9,2,0,0,0,1,0,0,0,1,0,1,0,2,0,0,0,0,0,0,0,1,2,0,1,1,99,253,51,0,2,0,0,0,0,0,0,0,1,0,0,0,0,1,0,0,0,0,0,1,1,0,0,0,97,247,41,0,1,0,0,0,0,0,1,0,0,3,0,0,1,0,0,0,3,1,0,1,0,2,0,0,126,228,1,0,0,0,0,0,0,0,1,4,0,0,1,0,1,1,2,0,0,0,0,2,0,0,1,0,0,0,1,0,1,0,0,0,0,0,1,1,1,1,0,0,0,0,0,0,0,0,2,0,0,0,0,0,2,0,0,0,0,1,1,0,1,0,0,0,0
0,0,0,0,0,1,0,1,0,0,1,0,0,2,0,1,0,2,1,0,0,0,1,0,2,1,1,0,0,0,0,0,1,0,0,3,0,1,1,2,1,0,0,1,1,0,1,1,1,0,0,0,0,0,0,1,0,2,2,0,0,0,0,0,0,1,1,0,0,0,0,0,1,1,0,0,0,0,2,0,1,0,0,0,1,0,0,1,0,0,0,0,0,0,1,54,194,85,11,0,0,1,0,0,0,0,1,0,1,0,0,2,0,1,0,0,1,1,0,0,1,0,0,169,253,252,171,42,0,0,0,0,0,0,0,0,1,1,2,1,0,0,2,0,1,1,0,0,0,0,0,111,249,255,251,235,102,5,0,0,0,0,0,2,0,0,0,0,0,0,0,0,0,0,0,0,0,0,1,1,115,226,251,255,252,138,27,0,0,0,2,0,0,1,0,1,0,1,1,0,0,1,0,0,1,1,1,0,0,86,113,148,253,251,150,1,0,0,0,1,0,0,1,0,0,1,0,1,0,0,1,0,1,2,0,2,1,1,0,10,132,246,254,127,0,0,1,0,0,1,1,0,0,1,0,0,0,0,0,0,2,0,0,1,0,0,0,2,0,175,254,197,7,1,0,0,0,1,0,1,2,0,0,0,1,0,0,1,0,1,0,0,0,1,1,0,0,8,252,252,21,0,1,0,1,0,0,0,0,0,0,1,0,0,0,0,0,0,1,0,0,0,1,0,0,100,251,254,19,1,0,0,0,0,0,0,0,0,0,0,0,0,0,0,2,1,0,0,1,0,2,12,132,247,253,181,4,0,0,0,0,0,0,1,0,1,0,0,0,0,0,0,0,147,251,226,148,131,123,202,253,255,212,25,0,1,1,0,0,0,0,0,0,1,0,0,0,2,1,0,1,155,252,254,252,253,253,252,231,122,28,1,0,0,1,1,0,0,0,0,0,1,0,0,0,0,2,0,0,6,73,125,214,236,251,252,144,2,0,0,2,0,1,0,0,1,0,0,0,1,0,0,0,1,0,0,0,0,2,0,0,15,140,253,233,27,1,0,1,1,1,0,0,0,1,1,0,0,0,0,0,0,0,1,2,0,0,0,0,1,50,243,251,43,1,0,0,0,2,1,2,2,0,0,0,0,0,0,0,0,0,123,63,0,0,0,0,0,49,244,252,42,1,0,1,1,0,0,0,0,0,0,0,0,1,0,1,0,84,242,28,0,0,0,38,146,209,252,252,44,1,1,0,0,0,0,0,0,0,0,1,0,0,0,0,2,175,252,23,22,31,128,223,253,251,242,134,5,0,0,0,1,0,1,1,0,0,2,0,0,2,0,0,22,251,252,253,251,252,252,252,189,112,41,1,0,2,0,1,0,1,0,0,0,0,0,1,2,0,0,0,5,183,253,252,253,156,147,58,1,0,0,2,0,0,0,1,1,1,0,0,0,0,2,0,1,0,1,0,1,1,0,0,0,0,0,0,0,0,1,2,0,0,0,0,2,1,0,0,0,1,0,1,2,0,0,0,2,1,0,0,1,0,1,2,2,0,0,0,0,0,1,1,2,2,0,0,1,0,2,1,0,1,0,1,2,0,1,1,1,0,2,0,0,0,0,1,1,0,1,1,0,1,0,0,0,2,1,0,1,1,2,0,0,0,2,0,0,0,0,1,1,1,0,1,0,0,1,1,1,0,0,2,0,1,0,0,0,0,0,0,0,1,0,0,0,0,0,2,0,0,0,1,1,0,0,0,0,1,0,0,0,0,1
0,0,1,0,0,0,1,1,0,0,1,0,1,0,0,0,0,0,0,0,2,0,0,0,0,0,0,0,0,2,0,0,1,0,2,1,0,0,0,1,0,0,1,2,0,0,0,0,0,1,0,0,1,0,0,0,0,1,0,0,0,0,1,0,0,0,0,0,0,1,1,0,0,0,0,0,0,0,1,1,0,0,0,1,0,2,2,0,0,0,0,0,1,0,0,0,1,0,0,2,0,1,0,0,0,0,0,1,2,1,2,2,0,0,2,1,0,1,0,2,0,0,0,0,0,0,0,1,0,1,0,1,0,0,0,1,2,0,1,0,0,0,0,0,0,0,1,0,1,0,1,0,0,2,1,1,0,1,1,0,0,0,1,0,0,0,0,0,0,1,0,0,0,0,2,0,2,0,0,0,0,1,0,1,0,0,0,3,0,0,2,0,0,1,1,0,0,0,0,1,67,198,255,242,144,236,212,168,130,129,130,96,107,130,86,117,70,75,8,0,1,0,0,1,1,0,0,0,126,250,252,252,252,253,253,255,253,252,252,254,253,255,251,253,252,253,252,11,1,0,0,2,0,0,0,0,0,61,110,109,111,112,109,111,140,235,235,235,241,238,241,253,253,253,251,59,0,0,1,0,1,0,0,0,2,0,0,0,1,0,0,0,0,0,0,0,33,18,49,239,252,242,171,4,0,0,1,0,1,0,0,2,0,0,0,0,0,0,1,0,1,1,1,0,0,0,109,253,253,142,0,0,0,2,0,2,0,0,0,1,0,0,2,0,0,0,0,0,0,0,0,0,0,73,241,253,218,60,1,0,0,0,0,0,0,0,0,1,1,1,2,0,0,46,86,44,43,44,12,1,78,238,253,234,22,0,2,0,0,1,0,0,0,1,1,0,1,0,0,0,22,225,252,254,253,253,192,175,238,253,251,172,49,30,0,0,2,1,0,1,2,0,1,1,2,0,2,0,24,207,252,253,253,254,252,255,253,255,253,252,253,221,179,33,0,2,0,1,2,1,0,1,0,0,0,0,0,12,68,128,154,238,254,253,253,254,252,250,253,253,254,98,0,1,0,0,0,0,0,2,0,1,0,3,1,0,0,1,43,238,253,253,198,142,61,61,62,60,61,2,0,0,0,0,0,0,0,0,1,0,0,1,0,0,2,15,176,253,253,158,12,0,0,0,0,0,0,0,0,0,2,0,1,0,0,0,2,1,0,1,0,2,0,151,253,252,99,10,0,1,0,0,1,0,0,0,2,0,0,0,0,0,0,0,0,0,0,1,1,1,80,240,253,158,10,0,2,1,0,0,0,1,0,1,0,0,0,1,1,0,1,0,1,0,0,1,2,33,243,253,203,11,0,0,1,0,0,1,0,0,0,0,0,0,0,0,0,0,0,0,2,1,0,0,0,87,253,233,61,2,2,0,0,0,0,1,1,0,0,0,0,1,0,0,0,0,1,1,0,0,0,0,81,246,253,91,0,0,0,0,2,0,0,0,0,0,0,1,0,0,0,0,2,0,0,1,0,0,1,80,247,253,234,44,0,1,1,0,0,0,0,0,0,0,0,0,0,0,0,2,0,0,0,1,0,1,19,249,253,235,52,2,0,0,0,0,0,0,0,2,0,0,0,0,0,0,1,0,0,0,1,0,0,0,17,254,253,155,2,0,1,0,0,1,1,0,1,1,0,0,0,0,1,2,0,3,0,1,0,0,0,0,0,1,0,2,1,0,0,1,1,1,0,0,1,0,1,2,1,2,0,0,0,0
3,0,0,0,0,0,0,1,0,0,1,0,0,0,1,0,1,1,0,1,0,0,0,0,0,0,0,1,0,0,1,0,0,0,0,0,0,0,0,1,0,0,0,0,2,1,0,0,0,0,0,1,0,0,0,0,0,0,0,0,1,0,1,1,1,0,0,1,0,0,0,0,2,0,3,0,0,0,0,0,0,0,1,0,2,0,0,0,0,1,0,1,1,0,0,0,0,0,0,2,1,0,2,0,0,0,1,0,1,0,0,0,0,1,0,1,0,0,0,0,0,0,0,1,0,0,1,1,2,1,1,0,0,0,0,0,0,0,2,0,0,1,0,0,0,0,0,0,2,0,0,0,0,0,0,1,220,82,0,1,0,0,2,0,2,1,0,0,0,0,2,0,0,0,0,0,0,0,0,1,0,0,0,0,216,144,0,1,2,0,0,0,0,0,1,1,0,1,0,0,0,2,0,1,0,0,0,19,121,11,0,1,219,144,0,0,0,1,2,0,0,0,0,1,0,0,0,0,1,0,2,0,1,1,0,36,255,73,0,1,218,145,2,2,2,0,0,0,0,0,0,0,0,1,2,0,1,0,0,0,0,0,0,36,253,70,0,0,218,145,0,0,0,0,0,0,0,1,2,1,0,0,2,0,0,0,0,1,0,0,1,103,254,98,0,0,194,171,0,0,0,0,0,0,2,0,1,0,0,1,1,0,0,0,0,0,2,0,1,140,253,80,0,0,128,235,0,0,0,0,0,0,0,1,0,0,0,0,1,1,0,0,0,0,0,1,7,222,252,62,1,0,128,236,0,0,0,0,0,0,0,0,1,0,1,0,0,0,0,0,0,0,1,1,133,254,252,136,111,110,217,165,0,0,0,0,0,0,0,0,0,0,0,1,0,0,1,0,1,1,0,1,237,255,255,255,254,254,254,144,1,0,0,0,0,0,0,0,0,1,1,0,0,1,0,2,0,0,0,1,238,254,199,85,58,58,233,146,0,1,0,0,2,2,0,0,0,0,0,0,1,1,0,0,0,0,1,0,185,76,3,0,1,32,237,144,0,0,2,0,0,0,0,0,0,1,0,0,0,0,1,0,0,0,1,0,0,2,0,2,0,36,241,146,1,1,0,2,0,0,1,1,1,0,1,0,1,1,0,0,0,0,1,1,0,0,0,0,3,55,253,146,2,1,0,0,0,0,0,0,2,0,0,1,0,0,0,1,1,0,1,1,0,0,0,0,0,53,255,145,0,1,0,0,1,0,0,0,0,0,1,3,0,0,0,0,2,0,0,1,0,0,0,1,0,83,254,86,0,1,0,0,1,0,0,1,0,0,0,3,0,0,0,0,0,0,0,0,0,2,0,0,0,144,255,55,1,0,0,1,0,0,0,1,0,0,2,1,0,0,0,1,0,0,1,0,1,0,0,0,2,146,253,53,1,0,1,0,0,2,2,0,0,0,0,1,0,0,0,0,0,0,0,3,0,0,0,1,0,144,224,10,2,0,0,0,1,0,1,0,2,1,0,0,0,3,0,0,1,1,1,0,1,0,0,0,0,114,122,2,0,0,0,2,0,0,0,0,0,0,0,0,0,0,0,0,0,1,0,0,1,0,0,0,1,0,2,0,0,1,0,1,0,1,0,0,0,0,0,0,1,1,0,0,0,0,0,0,0,1,0,1,2,0,0,0,0,0,0,0,2,0,0,2,1,1,0,0,0,0,0,0,0,1,1,0,0,0,0,1,0,0,1,0,0,1,0,1,0,1,0,0,0,1
1,2,0,0,0,0,1,1,0,1,0,0,0,1,1,0,0,1,0,0,0,0,1,0,2,0,0,0,0,0,1,1,0,0,0,1,1,0,0,0,0,2,0,0,1,0,1,0,0,1,0,0,0,0,0,0,2,0,0,1,0,0,1,0,0,0,2,2,100,147,2,0,0,0,0,0,0,1,1,0,0,0,0,1,0,0,1,1,0,0,0,0,1,0,0,40,251,175,0,0,0,0,0,0,0,0,0,0,0,1,0,1,2,2,0,0,1,0,0,0,0,0,1,213,253,131,0,1,0,0,0,0,1,0,0,0,0,0,2,1,0,3,0,1,0,1,1,0,0,4,146,250,142,3,1,0,0,0,0,1,0,0,0,1,0,0,2,0,0,0,1,0,0,0,0,2,0,81,252,98,0,0,2,1,0,1,0,3,0,2,0,0,1,1,0,0,0,0,0,0,0,0,2,0,2,164,220,14,0,0,2,0,0,1,0,20,18,1,0,0,0,0,0,0,0,1,0,1,0,2,0,0,75,242,108,0,0,0,1,1,2,12,128,234,238,172,0,0,2,0,1,0,0,0,0,1,0,0,0,0,150,198,0,1,0,0,0,0,60,237,253,252,252,248,61,0,1,1,0,0,0,0,0,1,0,0,1,0,240,163,0,0,0,2,0,11,200,252,168,66,212,249,71,0,0,1,1,0,1,0,0,0,1,1,0,44,228,13,0,2,0,2,2,177,250,166,1,0,199,241,1,1,0,2,0,1,1,0,0,1,0,0,0,162,216,0,0,0,0,0,64,253,202,19,0,2,151,242,2,0,0,0,0,0,0,0,1,0,0,2,1,209,148,0,2,0,1,0,189,253,78,1,0,1,197,163,1,1,1,1,0,1,1,0,0,1,0,1,1,209,187,0,0,0,0,0,219,225,14,0,0,47,243,133,0,1,1,0,0,2,0,0,0,1,1,0,1,207,120,0,1,0,0,41,238,212,1,0,13,207,251,26,1,0,1,1,1,0,0,1,0,0,0,0,1,208,192,0,0,1,0,78,254,111,0,0,121,251,169,7,0,2,1,1,1,0,0,1,0,0,0,0,0,210,230,1,0,0,0,78,252,112,0,78,250,251,56,0,0,0,0,0,2,0,0,0,0,2,0,0,0,105,250,133,0,0,0,78,251,164,39,219,237,60,4,2,0,1,0,0,0,0,1,0,0,1,1,0,0,0,175,231,154,14,0,98,252,255,252,252,121,0,0,0,2,0,1,0,0,1,1,1,0,0,0,0,0,0,93,225,252,194,187,238,251,254,251,250,88,0,0,0,0,1,0,1,0,0,1,0,0,0,0,0,1,1,0,45,142,244,254,219,143,157,224,102,2,0,0,0,0,0,0,0,1,0,0,0,0,0,1,0,1,1,0,1,0,0,1,0,0,2,0,0,1,0,0,0,1,1,0,0,0,1,0,0,0,0,0,0,0,1,2,0,0,0,0,0,0,1,0,0,1,2,0,1,0,0,0,2,0,0,0,1,0,0,1,0,1,0,0,0,0,0,0,0,1,0,0,0,0,0,0,0,0,0,2,0,2,0,0,2,0,0,1,0,0,0,0,0,0,0,1,0,0,0,0,0,0,0,0,0,2,3,0,1,1,0,1,1,0,0,1,0,0,2,0,0,0,0,0,0,0,1,0,0,0,0,1,1,1,0,1,0,0,1,0,0,0,0,0,0,2,0,1,0,0,0,0,1,0,1,0,0,0,0,0,0,2,0,1,0,2,1
0,0,0,1,0,0,0,0,1,1,0,0,0,1,0,1,0,1,2,0,0,0,0,0,0,1,0,1,1,1,0,1,0,0,0,1,1,0,0,0,0,0,0,1,0,0,1,0,0,0,2,1,0,0,1,1,0,0,1,1,0,2,0,0,0,0,0,0,0,0,0,1,0,1,1,0,2,0,1,0,1,0,1,0,0,1,2,1,0,0,0,0,0,2,0,0,0,0,0,0,1,0,0,2,0,0,3,1,1,3,2,0,0,0,2,0,0,2,0,2,1,1,0,0,0,0,0,1,0,1,0,0,0,0,0,1,0,0,1,0,0,0,0,0,2,0,0,0,1,0,1,0,0,0,0,2,0,0,2,0,13,183,255,46,0,1,0,0,0,0,0,1,0,0,1,0,1,1,1,1,0,0,1,1,0,0,0,89,137,254,231,28,0,0,0,0,0,0,2,0,1,0,0,0,1,1,2,0,0,1,0,0,0,2,100,237,253,250,46,0,0,0,0,0,0,0,0,0,0,0,1,0,6,83,45,0,0,1,0,1,0,11,205,253,231,78,0,2,0,0,2,1,1,0,0,0,0,0,0,54,185,246,77,1,0,0,0,0,0,82,87,231,186,1,0,0,0,0,0,0,0,0,0,1,1,0,25,233,163,54,0,0,0,0,0,1,0,62,156,232,54,0,0,0,0,0,2,0,0,0,0,0,2,135,144,206,24,1,1,0,2,0,1,2,0,214,254,141,0,1,0,0,0,0,0,0,0,0,1,0,47,252,252,66,0,1,1,1,0,0,1,0,61,225,254,127,0,0,0,0,0,2,0,1,0,0,0,0,47,255,253,66,2,0,0,0,0,0,0,0,51,188,253,85,1,0,0,0,0,0,0,1,0,0,1,1,70,253,254,148,4,1,0,0,1,1,0,46,39,239,207,9,0,1,0,0,0,0,0,0,0,0,0,0,68,254,252,252,197,99,13,1,1,61,58,186,218,251,176,0,1,0,0,1,0,1,1,1,0,0,1,2,2,124,251,253,255,254,251,249,250,252,253,252,251,252,157,0,0,0,1,0,0,0,0,0,0,0,0,0,1,0,117,195,255,253,253,253,254,235,199,252,253,171,47,0,0,2,0,0,0,0,0,1,0,2,1,2,0,0,0,5,25,147,125,15,15,12,8,54,253,184,38,0,1,1,0,2,0,0,0,0,0,0,0,1,0,1,0,0,0,0,2,0,2,0,0,11,176,253,73,2,1,0,0,0,1,0,0,0,0,0,0,0,2,0,0,0,1,0,1,0,0,0,0,139,236,254,74,2,0,0,0,0,1,2,0,0,0,1,0,1,0,0,0,0,0,2,1,0,0,1,1,194,255,232,25,0,0,0,1,0,1,0,0,2,0,0,0,0,2,0,0,0,0,0,0,0,1,0,0,205,183,133,1,0,2,1,0,0,0,0,0,2,0,1,0,0,0,1,1,1,0,0,1,1,0,0,0,248,167,93,1,0,1,0,0,1,1,0,0,0,1,0,0,1,0,2,1,0,1,1,1,0,1,0,0,130,13,0,0,0,0,1,0,0,0,1,0,0,0,2,0,0,0,0,0,0,2,0,0,0,0,1,1,1,0,1,0,1,1,1,0,0,0,0,1,1,0,1,0,0,1,0,0,0,1,1,0,0,1,0,0,2,1,1,0,2,0,2,1,0,0,0,0,1,0,0,0,1,0,0,1,0,0,2,0,0,0,1,0,2,1,0,0,0,0,0,2,0,0,0,0,1
1,0,0,0,0,0,0,1,0,0,0,0,0,1,1,1,0,1,1,1,0,0,0,0,0,1,0,0,0,0,0,0,1,0,1,0,2,0,0,1,1,1,1,1,1,0,0,0,0,1,0,1,0,0,0,0,0,0,1,0,2,1,1,0,0,0,0,1,0,1,0,0,0,2,0,0,2,0,0,1,0,2,0,0,0,0,1,0,0,0,0,2,0,1,0,1,0,0,1,0,0,0,1,1,0,0,0,0,0,0,1,1,0,0,0,1,1,1,0,0,1,0,0,0,0,0,0,0,0,0,0,1,1,0,0,0,0,0,0,0,1,0,0,0,0,1,0,0,65,127,128,128,255,129,253,191,128,64,0,0,1,0,2,0,1,0,0,1,0,1,0,0,1,0,0,65,255,254,190,254,254,255,254,255,253,254,64,1,0,0,0,0,1,0,0,0,0,0,0,0,0,1,0,126,255,254,254,254,255,255,254,255,255,255,255,65,0,0,0,1,0,1,0,0,0,0,0,1,0,0,0,64,127,130,128,129,65,0,128,193,255,255,255,126,0,0,0,0,0,0,0,0,0,0,1,1,1,0,0,0,1,0,0,1,1,0,0,129,254,254,255,128,0,2,0,0,0,0,2,1,0,0,2,1,0,1,0,1,1,0,0,0,63,127,128,192,255,254,254,64,1,0,0,0,0,0,1,0,2,0,0,2,0,0,0,0,0,0,0,127,254,255,255,255,254,253,192,1,0,0,0,0,1,0,0,0,0,0,0,1,0,1,0,1,1,0,64,255,254,255,254,255,255,191,63,0,2,0,0,0,2,0,1,1,0,0,0,0,1,1,1,1,1,129,255,255,253,255,255,255,255,2,1,0,0,0,0,1,0,0,1,0,0,0,0,0,1,1,1,1,0,255,255,255,255,254,255,255,254,191,66,0,0,0,0,0,0,2,1,0,1,0,0,1,1,0,2,0,0,190,254,255,255,255,255,254,255,255,191,0,0,0,0,0,0,0,0,0,0,0,0,2,0,0,0,0,0,1,127,129,128,128,128,254,255,253,255,127,1,0,0,0,0,0,0,0,0,0,0,0,0,0,1,2,0,0,1,0,0,1,1,66,255,253,255,193,2,0,0,1,0,1,0,1,1,1,0,0,0,0,1,0,0,0,0,0,0,0,2,0,255,255,255,254,0,0,0,0,0,0,1,0,2,0,0,0,2,0,0,0,1,2,0,64,0,1,2,1,255,255,255,255,1,0,0,0,0,1,0,1,0,0,0,1,0,0,0,1,1,1,127,255,192,1,65,255,255,255,254,128,1,0,0,1,0,2,0,0,0,0,1,0,0,0,0,0,0,128,192,254,254,191,254,255,254,254,254,0,1,0,1,1,0,0,0,0,0,0,1,0,1,0,1,0,0,0,254,255,255,255,255,254,255,255,129,0,0,1,0,0,0,1,1,0,0,0,1,0,0,0,0,0,1,1,254,254,255,255,255,255,254,63,0,0,0,1,0,1,0,0,1,0,1,0,0,0,1,0,0,0,0,0,0,191,253,254,255,129,63,1,1,0,1,2,0,0,0,0,0,0,0,0,0,0,3,1,0,0,1,0,0,1,0,3,2,1,1,0,1,0,1,0,2,0,0,1,0,0,0,0,0,0,0,1,0,0,1,0,2,0,0,0,0,0,1,0,0,0,1,0,1,2,0,0,0,1,0,0,0,0,1,0,0,0,0,0,0,0,0,0,1,0,0,0,0,0,0,0,1,0,2,0,1,2
0,2,0,1,0,1,1,3,1,0,1,0,0,1,1,0,0,1,0,0,0,0,1,0,0,0,1,0,1,0,1,0,0,0,2,0,0,0,0,0,2,0,2,0,0,0,0,0,0,1,1,0,1,0,0,0,0,0,0,0,0,1,2,0,2,0,0,0,0,0,0,0,0,1,0,0,0,0,0,2,0,0,0,0,1,2,0,1,0,1,0,0,0,0,0,0,1,1,1,0,0,0,0,1,0,0,2,1,0,0,2,1,2,0,0,2,0,1,1,2,1,0,1,1,1,0,0,0,0,1,0,1,1,1,0,0,0,0,0,0,0,0,2,0,0,0,0,0,0,1,0,0,14,20,0,2,0,0,0,0,2,0,0,1,0,0,0,0,1,1,0,1,0,0,0,2,0,0,0,112,216,232,132,57,89,92,92,92,44,0,0,1,0,0,1,0,1,0,1,1,1,1,1,0,0,6,160,252,255,253,254,252,255,254,255,255,250,135,20,0,1,0,0,0,0,0,1,0,2,0,0,0,37,204,255,254,253,254,255,235,199,134,131,195,240,252,177,2,1,0,1,0,0,2,1,0,2,0,0,29,225,255,223,201,121,138,200,32,0,0,0,0,39,182,255,127,0,0,0,0,0,0,0,0,2,1,17,222,253,239,34,5,0,0,4,0,1,1,0,1,0,9,235,241,111,1,0,0,0,0,1,0,0,6,119,254,250,68,1,0,1,0,0,0,0,1,0,2,0,1,85,253,253,0,0,0,1,4,1,3,0,62,253,254,98,2,1,0,0,1,0,1,0,1,0,0,2,0,68,253,253,1,0,1,0,0,0,0,0,207,255,237,2,1,1,3,1,2,1,0,0,0,1,1,0,1,67,254,255,0,0,1,1,1,0,0,0,253,251,117,1,0,1,0,0,0,2,1,0,0,0,0,0,0,72,254,247,1,0,0,2,0,1,1,0,254,243,45,0,0,1,0,1,0,0,0,0,2,0,0,0,1,129,253,193,0,0,0,0,0,1,1,0,255,253,67,1,0,0,2,0,0,0,0,0,2,0,0,0,22,247,255,140,0,0,1,0,0,1,0,0,254,255,75,0,0,1,0,1,0,1,0,0,0,0,3,77,223,253,232,35,0,0,0,0,0,0,0,0,162,254,255,94,0,1,0,0,0,1,0,0,40,112,189,254,254,206,21,0,1,0,0,0,0,0,1,0,31,223,254,248,185,135,98,63,136,132,134,199,243,255,253,235,138,11,0,0,0,0,0,0,0,1,1,2,0,27,161,251,253,255,252,254,252,254,253,253,254,250,126,26,0,0,0,0,0,0,0,1,0,0,0,0,0,0,0,54,171,188,185,212,185,186,186,122,91,53,0,0,0,0,2,0,0,1,1,2,0,0,0,0,0,0,1,0,0,0,1,11,1,0,0,0,0,2,2,1,1,0,0,0,1,0,0,0,0,0,0,0,1,0,0,2,0,2,0,1,0,0,0,0,0,0,2,1,0,0,0,0,1,0,0,0,0,1,0,0,0,1,0,0,1,0,0,1,1,0,0,3,2,1,0,0,1,2,0,1,0,0,0,0,0,1,0,1,0,0,0,2,0,0,1,1,1,0,0,0,0,0,0,0,0,1,0,2,0,0,0,0,0,1,0,1,0,0,0,0,0,0,1,1,3,0,0,1,0,2,1,1,0,0,0,0,0,1,0,0,1,0,0,0,0,0,0,0,0,0,2,1,0,1,0,1,2,0,0,0,0,0,1,0,1,0,1
1,2,2,1,1,0,0,0,1,0,0,0,0,1,0,1,0,0,1,0,0,0,2,0,0,1,0,1,2,2,1,1,0,1,0,1,0,0,1,0,0,0,0,2,0,0,0,0,1,0,1,1,0,0,0,0,1,0,1,2,1,0,1,0,1,1,1,0,0,1,0,1,1,1,0,0,0,0,0,1,0,0,0,1,0,2,1,1,0,0,0,0,2,0,0,1,2,1,0,2,1,0,0,0,0,0,0,0,1,1,0,0,0,0,0,2,0,0,0,0,1,0,0,0,2,0,0,0,0,0,0,0,1,1,0,1,0,0,1,0,2,0,1,0,0,0,1,0,1,0,0,1,0,0,0,0,0,0,1,0,2,0,0,1,2,0,0,0,0,0,0,0,0,0,0,1,1,0,1,0,1,0,1,0,0,1,0,1,0,0,1,0,0,0,0,0,0,0,0,0,0,1,0,0,0,1,15,12,12,44,0,1,0,2,0,0,0,1,1,0,1,1,0,0,1,0,222,251,251,250,229,245,249,252,253,208,208,240,234,182,129,20,0,0,0,0,0,2,0,0,0,1,0,0,181,254,254,254,255,255,255,254,253,252,254,255,253,253,255,248,183,159,99,23,0,0,0,0,0,0,0,1,1,12,13,13,14,15,12,13,86,98,143,116,137,238,254,253,254,252,255,105,0,1,1,1,1,0,0,0,0,0,0,0,0,0,2,0,0,0,1,0,0,14,53,170,237,251,253,248,2,0,0,2,0,1,0,0,2,0,1,2,0,1,1,0,0,0,1,0,1,0,1,0,54,237,254,255,1,0,0,1,0,1,0,0,1,2,0,0,1,1,0,0,1,1,1,0,1,0,0,0,26,222,254,179,0,0,2,0,0,0,0,0,0,0,0,0,0,0,0,1,1,0,0,1,0,0,1,0,148,255,255,105,0,0,0,1,0,0,0,1,1,0,0,0,0,1,0,0,0,0,0,1,2,0,3,43,221,255,158,1,0,2,0,0,0,0,0,2,0,1,0,1,1,1,1,0,1,1,0,1,2,1,25,225,255,238,68,0,0,0,2,1,0,1,0,1,0,0,0,0,0,0,1,1,0,0,2,0,0,27,212,253,255,77,0,0,0,0,0,0,1,2,2,0,0,0,0,0,2,0,0,0,0,0,1,0,3,190,255,251,93,0,3,0,1,0,0,0,0,0,0,0,1,1,1,0,0,0,0,1,1,0,0,0,141,254,254,186,0,1,0,1,0,0,0,0,0,0,0,0,1,0,0,0,1,1,1,0,0,0,0,73,242,254,191,12,1,0,0,0,1,0,0,0,0,1,0,0,0,0,0,2,0,0,1,1,0,0,23,227,255,229,36,0,0,1,0,0,2,2,0,0,1,1,0,0,1,0,0,1,0,0,1,0,1,24,211,255,252,55,0,0,0,0,2,2,0,0,0,0,0,0,1,0,0,1,0,0,1,0,0,0,2,196,254,254,137,14,0,0,0,0,2,0,0,0,0,1,0,1,0,2,0,1,0,0,0,1,0,0,111,255,251,164,15,1,0,0,0,0,2,1,0,0,0,0,0,0,1,0,0,1,0,0,0,1,1,0,191,254,177,33,0,2,0,0,1,0,0,0,0,0,0,2,0,0,0,0,0,0,0,0,0,2,0,2,42,69,0,0,0,1,0,0,0,0,2,0,1,2,1,1,0,1,0,0,0,1,0,0,0,0,0,2,1,1,0,0,0,0,1,1,0,0,0,0,0,1,0,1,0,3
1,0,1,0,2,0,0,1,0,0,0,1,1,0,0,0,0,1,1,0,1,1,0,0,0,0,0,1,1,0,1,0,0,0,0,1,0,1,0,2,0,0,0,0,0,2,0,0,0,1,0,0,0,1,0,0,0,1,0,0,0,1,0,0,1,1,0,1,1,0,0,1,1,0,1,1,2,0,1,0,0,0,0,0,3,1,0,0,0,0,0,0,0,0,1,0,0,0,0,0,2,1,1,0,0,2,1,0,0,0,1,1,0,0,0,1,0,0,0,0,0,1,0,85,253,255,255,253,136,1,0,1,1,0,0,1,0,0,0,0,0,0,1,2,3,1,1,0,1,0,92,251,255,252,255,253,252,248,159,119,45,0,0,0,1,1,1,0,0,0,0,1,0,2,0,0,1,0,216,253,254,251,253,254,253,252,252,254,231,103,1,0,0,0,2,1,0,0,0,0,2,1,0,1,0,145,249,253,252,224,49,50,171,253,252,254,253,236,0,1,0,0,0,1,0,0,0,1,1,0,0,0,94,250,253,251,183,18,0,2,6,50,172,253,254,251,149,0,0,0,0,1,1,0,2,0,0,0,0,88,226,253,252,252,60,0,1,0,1,2,28,222,253,253,245,39,2,0,1,0,0,0,0,0,0,1,39,245,254,254,253,137,8,1,0,0,0,0,0,43,221,255,253,117,0,0,0,1,1,0,0,0,1,0,117,251,252,255,224,26,0,0,0,0,0,0,2,1,156,253,254,119,0,0,0,1,0,1,0,0,0,2,119,253,251,253,60,0,0,1,1,0,1,0,1,1,157,251,253,118,0,0,0,0,1,0,0,0,0,0,151,252,253,179,8,0,0,0,0,0,0,0,1,0,157,253,253,219,0,3,0,1,0,1,0,0,0,0,247,254,252,58,0,0,0,0,1,0,0,0,2,0,155,254,255,247,0,0,0,0,0,1,0,2,0,1,156,252,252,121,0,0,0,1,2,0,1,1,1,1,157,255,253,221,1,0,0,0,0,0,0,1,1,0,206,252,253,155,0,2,0,0,0,0,1,0,0,5,175,253,253,118,0,0,0,0,0,1,0,1,1,0,160,254,253,155,1,0,0,0,1,0,0,1,5,133,252,255,251,119,0,1,0,0,1,0,0,1,0,0,118,252,252,157,2,1,0,0,0,0,0,6,69,252,254,255,253,105,0,0,0,2,1,0,1,0,0,0,45,246,253,215,35,0,2,0,0,7,29,133,252,254,253,251,146,1,0,0,1,1,1,0,0,0,0,0,1,239,254,253,217,40,127,150,151,173,254,253,253,253,252,216,0,0,0,0,0,0,0,0,1,0,1,1,0,105,243,253,254,254,253,252,253,252,253,255,252,252,153,0,0,0,1,0,0,0,0,1,0,0,0,0,2,0,229,252,252,254,251,252,253,221,210,154,182,118,47,0,1,0,0,0,1,1,0,0,1,0,0,0,0,1,0,160,138,235,83,122,124,95,1,0,0,2,1,0,0,0,2,0,0,0,0,0,1,0,0,0,0,0,0,0,0,0,0,0,1,0,0,2,0,0,0,2,0,0,0,0,0,0,2,0,0,0,0,1,0,0,1,1,1,0,0,0,0,2,1,0,0,0,0,0,0,1,0,0,1,0,1,1,0,0,2,1,0,0,0,1,0,0,0,1,0,0,1,0,0,0,0,0,2,0,1,1,0,0,0,0,1,0,1,0,0,0,0,1,0,1,2,1,0,0,1,0,1,2,0,0,0,2,0,0,0,0
3,1,0,0,0,0,0,0,0,1,0,0,0,0,1,0,2,0,1,0,1,1,2,0,0,1,2,0,0,1,0,0,0,0,1,0,1,1,0,0,1,1,0,0,1,0,0,0,1,0,0,0,0,0,2,0,0,1,0,0,0,0,0,0,1,1,0,2,0,1,0,1,0,0,1,0,0,0,1,0,0,0,0,0,0,0,1,0,0,2,2,0,0,0,1,1,0,0,0,0,0,0,0,0,0,1,0,1,0,0,0,0,0,0,0,0,0,0,0,47,136,241,254,254,254,253,254,255,201,128,7,0,1,0,0,0,1,2,1,0,0,1,0,0,0,1,33,230,253,254,254,253,232,134,192,219,234,253,194,55,0,1,0,0,1,0,0,1,0,0,0,1,0,0,45,242,252,253,252,190,31,0,0,0,36,144,250,177,15,0,0,1,0,0,0,1,0,1,0,0,0,0,0,81,182,183,68,0,1,0,1,0,2,5,141,255,156,0,0,0,1,1,0,0,0,0,0,0,1,1,1,3,1,0,0,0,0,0,0,0,0,0,6,182,241,85,0,0,1,0,0,0,0,1,0,0,1,0,0,0,1,0,2,0,2,1,1,2,1,0,1,117,253,168,1,0,0,0,0,2,0,0,1,0,2,1,0,1,1,1,0,2,0,0,0,0,1,0,0,47,252,171,1,1,0,0,0,0,1,0,0,0,0,0,0,0,1,0,0,0,0,0,0,0,0,0,0,47,253,169,0,0,1,1,0,1,0,0,1,2,0,0,1,2,0,0,0,0,1,0,0,0,2,1,1,124,254,168,0,0,0,0,1,0,0,0,0,0,0,0,0,1,0,0,0,0,1,1,1,0,0,0,0,167,255,90,0,3,0,1,0,0,0,0,0,0,1,0,0,0,1,0,0,1,0,2,1,0,0,0,9,194,203,11,0,0,0,0,0,0,0,1,1,1,1,0,0,0,0,0,1,0,0,1,2,0,2,6,113,253,189,1,0,0,0,1,0,1,0,0,1,0,0,1,2,0,0,0,0,1,0,0,0,0,1,12,253,253,81,0,1,0,0,0,0,0,0,1,0,1,0,0,0,2,56,131,17,7,2,0,1,1,8,191,252,145,0,0,0,0,0,0,0,1,0,0,0,1,1,0,33,175,252,252,255,193,146,119,7,2,127,253,235,37,0,2,0,1,0,0,0,0,0,0,0,2,0,25,183,254,215,103,200,210,254,254,186,166,245,252,126,0,0,0,2,0,2,0,1,0,1,0,1,1,1,37,254,202,13,1,1,9,89,234,254,253,253,242,0,1,0,0,0,0,0,0,1,0,1,0,1,0,1,35,252,241,105,10,0,48,157,237,254,252,253,252,132,31,2,0,1,1,1,1,0,1,1,3,0,1,1,21,173,254,254,222,219,239,254,255,223,54,88,251,253,132,0,0,1,0,1,0,1,0,0,0,1,0,0,1,3,50,232,252,253,254,233,108,14,0,0,83,250,250,121,0,2,2,0,0,1,1,0,2,0,1,1,0,0,1,2,0,0,0,1,0,0,0,1,1,0,0,1,1,1,2,0,0,0,0,0,0,1,0,0,0,0,1,0,0,0,0,0,0,0,1,1,1,0,0,1,0,0,0,1,0,0,0,0,3,0,0,0,0,2,0,0,0,0,2,0,0,0,1,1,1,0,1,1,0,1,0,0,0,1,0,0,1,0,0,0,0,0,1,0,0,1,0,0,1,0,0,1,0,0,1,0,1,0,1,0,1,1,0
0,0,0,1,0,2,0,1,0,0,0,0,0,0,0,0,1,0,0,0,1,1,0,0,0,0,0,0,0,1,1,0,1,0,0,2,2,0,1,0,0,0,0,1,0,0,1,1,0,1,0,0,2,1,0,1,0,0,0,2,0,0,0,0,0,0,0,0,0,0,0,0,1,1,0,0,0,2,0,0,0,0,0,1,0,0,1,0,0,0,0,0,0,0,1,0,1,0,1,1,1,3,1,0,2,0,0,0,0,1,0,0,0,0,0,2,0,0,0,1,0,0,1,0,0,1,0,0,1,0,0,0,0,0,0,1,1,0,1,0,2,0,0,0,1,0,1,1,0,2,1,2,0,1,0,0,0,0,0,0,1,0,0,0,2,0,0,0,0,0,1,0,1,0,0,0,0,0,0,2,45,154,209,249,229,255,255,137,2,0,0,0,0,0,0,0,0,0,1,0,0,2,0,0,0,0,0,40,206,255,254,255,253,254,254,212,31,0,1,1,0,0,2,0,1,0,1,0,2,0,0,0,0,0,18,211,255,254,254,254,235,255,253,254,124,1,0,0,1,1,0,0,2,0,0,0,1,2,0,1,0,0,98,255,254,255,153,42,25,151,254,255,169,0,0,1,1,0,0,2,0,1,1,0,1,2,1,1,0,0,167,254,255,202,44,0,9,207,253,254,205,0,0,1,0,0,0,0,0,0,1,0,0,2,0,2,0,0,55,251,254,243,82,136,180,255,253,253,125,0,0,0,0,0,1,0,0,0,0,0,1,0,1,2,0,0,0,189,253,254,255,253,254,254,255,252,63,0,1,0,0,1,0,0,0,0,0,0,2,1,0,2,0,0,1,3,56,210,254,255,254,255,253,204,0,3,0,0,0,1,2,0,0,0,0,1,1,1,0,1,0,1,0,0,0,89,229,254,254,253,237,91,0,0,0,0,1,0,0,0,1,1,1,1,1,1,0,1,2,1,0,0,0,103,248,254,252,255,61,1,1,0,0,0,0,2,0,0,0,0,2,0,2,0,0,0,1,0,0,0,92,248,254,253,253,166,2,1,0,0,0,0,0,0,2,1,0,0,0,0,0,1,0,0,1,1,0,99,230,255,255,169,113,0,0,0,0,0,1,0,1,0,0,1,0,0,0,1,1,1,0,0,0,0,94,252,253,255,230,16,0,0,1,0,0,0,0,2,0,0,0,0,0,0,1,1,0,0,1,0,0,96,228,255,255,254,134,1,0,1,0,1,0,0,0,0,0,0,1,0,0,0,2,0,0,0,1,0,38,225,255,255,253,201,20,1,0,2,0,0,0,0,1,0,1,0,0,0,1,2,2,0,0,2,0,1,192,255,254,254,201,22,0,0,0,0,1,0,1,0,0,0,2,0,1,0,0,1,0,1,1,0,1,93,246,253,254,243,90,1,0,1,0,0,0,0,2,0,1,1,0,0,0,0,0,0,1,0,1,0,35,242,254,254,255,140,1,1,1,1,0,0,0,2,1,1,0,0,1,0,0,1,0,0,0,0,0,1,1,214,255,253,183,24,0,0,1,0,1,0,2,0,0,2,0,1,0,0,0,0,0,0,0,1,0,0,1,184,255,248,22,1,0,0,0,0,0,2,0,1,0,0,0,0,0,1,0,0,1,0,2,0,0,1,0,0,0,0,0,1,0,0,0,0,1,1,0,0,0,1,0,0,0,1,0,0,0,1,1,0,0,0,2,0,0,0,1,0,1,1,0,0,0,1,0,1,0,0,0,0,2,0,0,0
0,0,1,1,0,1,0,0,0,0,2,0,0,0,1,0,0,0,0,2,0,0,0,0,1,0,0,0,2,0,0,0,0,0,0,0,0,0,1,1,0,0,0,0,0,0,0,2,1,0,1,1,0,0,0,0,0,0,0,0,1,2,2,0,1,2,0,0,0,0,0,0,0,0,0,0,3,0,0,0,1,1,0,0,0,0,0,0,0,1,2,0,0,0,0,0,0,0,0,0,1,0,0,0,0,1,0,0,0,0,1,0,0,0,0,0,1,0,0,1,1,0,0,3,1,1,0,2,0,1,0,2,0,0,0,1,1,1,0,1,1,0,0,1,1,2,0,0,0,0,0,0,23,219,254,105,0,1,0,0,0,0,0,0,0,1,0,0,0,0,1,0,0,0,1,0,0,1,0,0,42,254,252,158,0,0,0,0,0,0,1,1,0,1,0,0,1,0,0,0,2,1,0,0,0,0,1,0,67,252,253,158,0,0,1,0,0,0,1,0,0,0,0,0,0,1,0,1,0,0,2,0,0,0,1,0,159,252,255,157,0,0,0,0,0,0,0,1,0,0,0,0,0,0,1,0,0,0,0,0,0,0,0,0,161,253,254,159,0,0,1,2,1,2,0,0,0,0,0,0,1,1,2,0,2,0,1,0,1,1,0,0,160,254,253,158,0,1,0,0,1,0,0,0,2,0,1,0,0,0,0,1,1,0,0,0,0,1,1,0,159,251,252,158,1,0,0,0,0,0,0,0,1,1,2,0,0,1,1,0,1,1,0,0,0,1,0,1,160,253,254,159,0,0,0,1,0,3,1,0,0,0,0,1,0,2,1,0,0,0,0,1,0,1,0,0,85,252,253,219,16,0,1,1,1,1,0,0,2,1,1,1,1,0,0,0,1,0,0,1,0,1,0,0,43,253,253,254,22,0,2,0,0,0,0,1,0,1,1,0,0,1,0,0,0,1,0,1,0,0,0,0,44,254,253,253,22,0,0,0,0,1,2,0,0,1,0,0,2,1,0,1,1,1,0,0,0,0,0,1,43,253,255,252,25,0,0,0,0,0,0,1,0,0,0,0,1,0,0,0,1,1,1,0,0,1,1,0,43,253,254,253,23,0,0,0,1,0,1,0,0,0,2,0,0,1,0,0,0,0,0,0,0,0,0,1,42,253,252,205,14,0,0,1,0,0,1,0,1,0,0,0,0,0,0,1,1,0,0,0,1,0,0,0,41,252,254,158,0,0,1,1,0,0,0,2,0,1,0,0,0,1,0,0,1,1,0,0,0,1,0,1,65,255,253,158,2,0,1,0,1,1,0,0,0,1,0,0,1,0,1,0,0,1,0,0,0,1,0,12,203,253,253,75,0,0,1,0,0,0,0,0,0,0,1,1,3,0,0,0,0,1,0,0,2,0,0,0,159,254,191,10,1,0,0,0,0,0,0,0,0,1,0,1,1,0,0,0,0,0,0,0,0,0,0,20,241,252,176,1,1,0,0,0,0,0,0,0,1,0,1,0,1,1,1,0,0,0,0,2,0,0,1,2,111,170,148,1,1,0,0,0,2,0,1,0,1,0,1,0,0,0,2,0,0,1,0,0,1,0,0,0,0,0,0,0,1,1,0,0,0,0,0,1,2,1,0,0,1,0,0,1,0,0,0,0,0,0,1,0,0,0,0,0,0,0,1,2,0,2,0,3,0,1,0,0,1,0,3,1,0,0,0,0,0,0,1,1,1,0,0,0,1,0,1,1,0,0,0,1,0,1,0,1
0,0,0,0,0,0,0,1,0,0,2,0,0,2,0,1,1,2,0,0,0,0,0,0,0,0,0,0,1,0,1,1,1,2,0,2,1,0,0,0,1,0,0,0,0,0,1,0,0,0,0,2,0,0,1,0,0,0,1,2,0,0,1,0,1,0,1,0,0,0,0,2,0,0,0,1,1,0,0,1,0,0,0,1,0,0,2,0,0,0,0,0,1,0,0,0,0,0,1,0,0,1,0,0,1,0,0,1,0,0,0,0,0,0,1,0,0,0,0,0,0,0,1,0,0,1,0,0,1,0,0,0,0,0,0,0,0,2,1,1,0,0,0,1,0,1,0,0,0,0,0,1,0,0,0,2,2,1,0,1,1,0,0,0,0,1,0,1,0,0,1,0,1,0,0,1,0,0,0,0,0,0,0,0,3,0,0,0,1,0,1,0,0,0,0,0,1,0,1,0,0,0,0,0,0,0,0,0,0,0,0,2,0,37,225,213,18,0,0,0,0,2,0,0,0,0,0,0,15,25,25,21,0,0,0,11,25,12,24,23,47,222,253,243,29,1,1,0,0,0,1,0,0,1,0,0,144,253,253,233,66,136,156,199,252,208,251,254,252,253,254,152,1,0,0,2,1,0,0,0,1,1,0,0,118,212,221,204,219,229,253,252,253,255,254,253,251,253,182,15,0,0,0,1,2,0,0,0,0,1,0,0,0,10,24,0,21,40,73,73,72,72,72,184,253,238,47,0,0,0,0,0,0,0,0,0,0,0,0,1,1,0,0,0,0,0,0,1,0,0,8,186,252,102,1,1,1,0,0,0,0,0,0,0,0,0,1,0,0,0,0,1,0,0,0,0,0,0,123,254,255,73,0,0,0,0,0,1,1,0,1,0,2,0,0,0,0,0,0,0,0,0,0,0,0,0,145,253,235,46,0,0,0,0,0,0,1,0,0,0,1,2,2,1,1,1,1,1,1,1,94,107,110,110,191,252,247,143,109,110,166,64,0,0,0,0,1,3,0,0,0,0,1,0,0,0,1,83,252,253,253,254,255,252,251,253,253,252,253,87,0,0,1,0,0,0,0,0,0,0,0,0,1,0,0,0,105,231,241,245,255,253,245,183,147,80,2,0,0,0,0,0,0,0,0,1,0,1,0,1,0,0,0,0,1,0,0,13,253,251,76,0,1,0,0,0,0,1,1,0,2,1,0,0,0,0,0,0,0,0,1,0,1,0,0,12,253,217,0,0,0,0,1,0,0,0,2,1,2,1,1,0,0,0,1,1,0,0,0,0,1,0,1,93,255,218,0,1,0,0,0,0,0,0,0,0,0,0,0,1,1,0,0,1,0,1,0,1,0,0,1,133,254,217,2,0,1,0,1,0,0,1,0,2,2,1,1,0,0,1,2,0,0,0,0,0,0,2,0,225,252,182,1,0,0,0,1,2,0,1,0,0,0,0,0,0,0,0,1,0,0,0,0,0,2,0,0,253,253,96,0,1,0,1,0,0,1,0,0,0,0,0,0,0,0,0,0,0,1,0,0,0,1,1,0,255,253,94,0,0,0,0,1,0,0,0,0,0,1,2,0,1,0,0,1,0,0,0,0,0,1,0,0,254,251,96,0,0,0,0,1,0,0,0,1,0,0,0,0,0,0,1,0,0,3,1,0,0,0,0,0,81,243,52,1,1,0,0,1,0,1,0,1,1,2,1,2,0,0,0,1,1,1,1,1,0,1,1,0,2,1,3,0,0,0,0,0,0,1,0,2,1,1,0
0,1,0,0,0,0,1,0,1,1,0,0,3,0,0,0,1,0,0,0,1,0,0,0,0,0,0,0,1,0,1,0,1,0,1,0,0,1,1,0,1,0,0,0,1,1,1,0,2,0,1,0,1,2,0,0,0,1,0,0,0,1,0,0,1,0,1,0,0,1,0,0,0,0,2,0,0,0,0,1,0,0,1,1,1,0,0,1,0,0,0,0,0,0,1,0,0,0,0,0,0,0,1,0,0,0,0,0,2,0,1,2,0,0,0,0,0,0,0,0,0,1,1,0,55,176,231,255,132,0,3,1,0,0,0,0,2,1,1,0,0,0,0,0,0,0,0,0,0,2,0,65,237,210,246,255,241,59,1,1,1,0,1,0,0,0,2,0,0,2,0,0,2,0,1,0,0,1,40,236,205,53,32,149,253,149,1,0,0,0,0,0,0,1,0,1,0,0,0,0,0,0,0,1,1,1,179,218,9,1,2,32,242,113,0,0,2,3,0,0,0,0,0,2,0,0,0,1,0,0,0,0,0,0,72,104,3,0,1,32,236,76,0,0,1,0,0,0,2,0,2,0,1,0,0,0,0,0,0,0,0,0,1,0,1,0,15,162,222,82,0,0,1,0,1,0,0,0,2,0,1,0,0,1,0,0,0,2,0,0,0,1,1,9,212,253,151,1,2,0,0,0,0,0,0,1,0,0,0,0,0,0,1,1,0,0,0,0,0,0,60,218,253,172,23,1,1,0,0,0,2,0,0,0,0,2,2,1,0,0,2,0,0,0,1,0,8,142,249,254,247,43,0,0,0,0,1,0,1,0,0,1,0,0,0,0,1,1,1,1,0,1,0,0,131,254,254,254,251,192,0,0,0,0,1,0,0,1,0,0,0,1,0,0,0,0,0,0,0,1,0,1,44,224,238,165,230,151,174,126,2,1,0,0,1,0,1,1,1,0,0,2,2,0,0,0,0,0,1,0,0,1,0,0,0,29,226,255,171,46,0,0,0,0,0,0,1,1,0,1,0,0,2,0,1,0,1,0,0,0,0,0,1,2,11,149,255,133,0,0,0,1,0,0,0,0,0,0,0,0,0,1,0,0,1,1,3,2,0,1,0,0,0,8,220,180,0,0,0,0,0,0,0,0,0,0,0,0,1,0,0,1,1,0,0,0,0,2,0,0,0,1,185,240,0,0,0,0,1,1,0,1,0,0,0,1,0,0,0,0,1,0,0,1,0,0,0,1,0,64,254,154,0,1,0,1,1,1,0,0,0,1,2,0,0,0,0,1,35,10,0,0,1,0,1,4,88,207,252,20,1,1,1,0,0,1,0,0,0,1,0,1,0,0,1,12,163,120,1,0,1,1,1,148,255,253,174,0,1,2,0,0,0,0,1,0,1,1,1,0,0,0,0,26,245,210,35,12,25,88,224,254,253,199,18,0,1,0,0,1,0,0,0,0,1,0,0,1,2,1,0,0,189,253,249,242,243,255,254,234,79,7,0,1,1,0,0,0,0,0,0,0,0,0,1,0,0,0,0,0,1,1,1,1,0,0,0,1,1,0,0,0,0,0,2,1,1,0,0,0,0,0,0,2,1,0,0,0,0,1,0,0,0,1,0,0,1,2,0,0,0,0,1,0,0,0,1,0,0,0,2,1,0,0,1,1,1,1,1,0,0,0,0,0,0,0,1,1,1,0,1,1,0,0,1,2,0,0,0,0,0,0,0,0,0,0,0,0,0,0,1,1,0,0,1,0,0,1,0,0,1,0,0,0
0,0,0,0,0,0,1,0,0,0,1,0,0,0,0,0,1,0,0,0,0,0,1,1,1,0,0,0,0,1,1,0,2,0,0,0,0,1,3,0,0,0,0,1,2,2,0,0,0,0,1,0,0,0,0,0,1,0,1,0,0,0,2,0,0,1,1,0,3,0,2,0,0,0,0,0,1,0,1,2,0,0,0,0,0,2,0,0,0,1,1,0,2,0,0,0,0,0,0,1,0,0,0,0,0,0,0,0,0,1,0,0,1,0,1,0,0,0,0,0,0,1,0,0,1,0,0,0,1,0,1,0,0,0,1,0,0,2,0,0,1,1,0,0,1,1,0,0,0,0,0,0,0,1,0,0,0,0,0,0,2,0,0,0,0,0,0,0,0,0,1,0,1,0,1,0,0,0,0,0,0,2,0,0,0,0,1,0,0,2,0,1,0,0,1,0,0,0,0,3,0,1,1,1,0,5,38,126,140,140,140,59,15,1,2,0,1,0,0,0,1,0,0,0,0,1,0,0,1,0,0,47,117,193,253,254,253,253,253,250,216,79,1,0,0,0,0,1,1,0,1,1,0,1,1,1,0,0,102,197,253,229,155,33,22,19,42,125,249,247,162,0,1,1,1,0,1,0,2,0,0,0,0,1,2,64,236,241,105,7,2,1,0,0,1,0,105,251,244,54,2,0,1,0,0,0,0,2,1,0,0,0,0,241,253,125,1,0,0,0,1,0,1,0,5,199,253,71,0,0,0,0,1,0,0,1,0,0,2,1,0,254,253,113,1,0,0,0,1,0,0,0,0,193,254,73,1,0,0,1,0,0,1,0,1,1,0,0,0,102,62,19,2,0,0,0,0,0,0,0,37,243,228,10,0,0,0,1,0,0,3,0,0,0,1,0,0,1,0,1,0,0,0,0,0,1,2,2,126,253,137,0,0,1,0,0,0,1,1,0,0,0,0,0,1,0,0,0,1,0,1,0,1,0,0,120,253,141,2,0,0,0,0,0,0,0,0,0,0,0,0,0,0,0,1,0,0,0,1,0,0,0,69,255,214,27,0,1,0,0,1,0,1,3,0,1,1,1,0,1,1,0,1,1,0,2,0,0,0,120,230,182,24,0,0,1,2,1,0,0,0,0,1,0,1,2,0,1,0,0,0,0,0,1,2,22,159,249,179,2,0,1,0,0,1,0,0,0,0,1,1,0,0,1,0,0,1,0,1,0,0,1,0,193,253,205,80,16,32,1,0,2,0,1,0,18,46,0,0,1,0,0,0,0,1,1,0,0,1,14,155,251,253,251,254,234,239,224,228,228,228,201,128,233,243,2,0,0,2,0,0,0,1,0,1,0,0,69,251,129,83,84,83,84,69,141,144,154,92,214,144,227,252,0,2,0,0,0,0,0,0,3,0,0,1,4,35,19,0,0,0,1,0,1,0,1,0,15,2,23,35,0,0,0,0,1,0,0,0,0,1,1,0,0,0,0,0,0,0,1,0,0,0,0,1,0,2,0,0,1,0,0,1,0,1,1,0,0,0,1,0,1,0,0,0,0,0,0,1,2,0,1,0,0,0,0,1,1,0,0,1,0,0,1,0,0,2,0,0,0,1,0,1,0,1,1,0,1,1,1,0,0,0,0,1,2,0,0,0,0,0,2,0,0,0,0,0,0,0,2,0,1,0,0,0,1,0,0,0,0,1,0,0,1,0,0,0,2,3,1,0,0,1,2,0,0,1,0,1,0,0,0,1,1,1,0,0,1,1,1,1,0,0,0
0,0,2,0,1,0,1,0,2,2,1,1,0,0,1,0,1,1,3,1,0,0,2,0,0,0,1,0,1,0,0,1,0,0,0,1,0,0,1,0,0,0,0,0,0,1,0,1,0,2,0,1,1,1,0,0,0,0,0,0,0,0,1,0,0,0,0,2,1,1,1,0,0,0,0,1,0,2,0,0,1,0,2,0,2,2,0,0,0,2,0,0,0,0,0,0,2,0,0,0,0,2,0,1,0,1,0,0,0,0,1,0,1,1,1,0,1,1,0,1,0,1,1,3,0,1,0,0,0,0,1,0,0,1,0,0,0,0,0,0,0,0,2,0,0,1,0,2,0,0,1,1,1,0,0,1,1,0,0,1,0,0,0,0,0,1,0,0,1,0,0,0,1,1,0,1,0,0,0,1,0,0,0,70,201,255,125,1,0,0,0,0,0,0,1,0,0,0,0,0,0,1,0,0,0,1,0,0,0,1,72,239,254,253,254,8,1,0,2,1,0,1,0,0,0,0,0,0,1,0,0,0,0,0,2,0,0,18,242,253,191,169,254,12,0,1,0,0,0,0,3,1,0,0,0,0,0,1,1,1,0,0,0,1,52,204,252,181,7,60,254,118,0,0,1,0,0,1,0,0,0,1,0,1,1,0,1,0,0,0,1,71,210,248,103,15,0,59,252,153,2,0,1,1,0,3,0,0,0,0,0,0,1,1,1,0,0,0,66,245,250,135,0,11,125,232,253,174,0,3,1,0,0,0,2,0,1,0,0,0,0,2,0,0,0,16,233,253,147,53,158,233,253,254,252,52,1,1,0,0,2,1,0,1,1,0,2,0,0,0,0,0,0,54,245,255,208,250,251,253,251,252,220,6,0,1,0,1,1,0,1,0,1,0,1,0,1,1,1,0,0,0,220,253,253,239,254,252,252,185,15,0,0,0,0,1,1,0,1,0,0,0,0,0,1,0,1,0,0,0,43,93,92,45,252,254,140,0,0,1,0,0,0,1,0,0,0,2,0,0,1,0,2,1,0,0,0,0,1,0,1,164,252,142,4,0,1,0,0,0,1,1,0,0,0,3,1,0,1,0,0,1,0,0,0,0,1,1,82,252,253,54,0,1,0,0,0,0,0,0,1,0,0,1,0,0,1,0,0,0,0,0,0,0,0,1,158,254,216,19,0,1,2,0,0,2,2,0,0,1,0,0,1,1,0,0,0,0,0,0,0,0,0,41,240,247,77,0,1,0,0,0,1,1,0,0,0,0,0,1,1,0,0,1,0,0,0,0,0,2,0,152,253,226,1,0,1,1,0,0,1,0,1,0,0,1,1,1,1,1,0,0,1,0,0,0,0,1,9,224,253,101,0,0,1,0,1,0,0,0,0,0,0,0,1,0,0,0,0,0,0,0,0,0,0,0,10,251,253,21,2,0,1,0,0,1,1,1,0,0,0,0,0,0,0,2,0,1,0,0,1,0,0,0,119,253,252,58,116,53,0,0,0,0,1,0,0,1,0,0,0,1,0,0,0,0,1,0,0,0,0,0,42,253,252,253,237,41,0,0,2,1,0,1,0,0,0,1,0,0,0,0,1,0,1,0,0,0,1,1,2,172,254,199,66,0,0,1,0,1,0,0,0,1,0,1,0,0,1,1,0,1,1,2,0,1,0,0,0,0,0,0,0,1,0,0,0,0,0,2,0,0,0,0,0,0,0,0,0,1,1,0,1,0,1,0,2,1,0,1,0,0,0,0,0,1,0,0,0,0,0,1,0,1
0,0,0,2,0,1,0,0,0,0,0,0,0,0,0,0,2,0,0,0,0,1,1,0,0,0,0,0,0,1,0,0,0,1,0,1,1,0,0,0,0,0,2,0,0,1,0,0,1,1,0,0,0,0,0,0,0,1,1,0,1,0,0,0,0,0,0,0,0,0,2,1,0,0,0,0,0,0,0,0,1,2,0,1,1,0,0,0,0,0,0,0,1,0,0,0,0,0,0,0,0,0,1,0,0,0,0,1,1,1,0,0,0,1,0,2,0,0,0,0,0,1,1,0,0,0,0,0,0,0,1,2,1,0,0,0,0,0,1,0,0,1,0,0,1,0,0,1,0,0,1,1,0,0,0,0,0,0,0,0,0,1,0,3,0,1,0,0,1,1,0,0,0,1,1,1,0,0,0,0,0,0,0,0,0,0,0,2,0,1,0,0,0,0,2,0,0,1,1,1,0,0,0,1,1,1,0,1,1,32,118,207,255,254,253,255,251,140,0,0,0,0,1,0,0,1,0,0,0,0,0,74,117,235,234,235,232,238,251,252,253,253,253,253,251,228,36,0,0,0,0,0,0,1,0,0,0,30,192,243,252,252,253,252,252,254,252,255,254,252,253,253,253,252,97,1,0,0,0,0,0,0,0,1,0,95,254,252,253,253,251,252,253,254,253,254,252,253,253,255,252,223,22,0,0,1,0,0,0,1,0,0,0,82,248,252,251,253,255,253,254,242,218,220,146,254,253,252,253,212,0,0,1,0,0,0,0,0,0,0,1,1,87,130,220,105,103,103,103,75,0,0,15,254,252,253,254,213,0,0,1,2,2,0,0,0,1,2,0,0,1,2,0,0,0,0,2,0,0,86,199,252,253,253,251,143,0,1,0,0,0,0,1,1,1,2,1,0,0,0,0,0,1,0,0,1,21,203,252,253,254,253,132,2,0,1,2,0,0,0,0,0,0,0,0,0,1,0,1,1,0,0,1,26,195,252,253,253,253,254,53,0,0,0,0,0,0,3,1,0,1,0,1,0,0,0,0,1,1,1,25,195,252,251,255,255,225,141,10,0,0,0,0,0,1,1,1,2,0,0,0,0,0,0,0,0,1,0,190,254,253,253,250,230,46,0,1,1,1,0,1,1,0,0,2,0,2,0,0,1,1,1,1,0,2,90,245,252,253,251,249,45,0,0,0,0,0,0,0,0,0,2,0,1,0,0,0,1,1,0,0,8,143,250,254,252,253,248,165,0,0,0,0,1,1,0,0,0,2,0,0,0,0,1,0,0,0,1,3,83,253,251,252,252,254,90,2,0,1,1,0,0,0,1,2,0,1,0,0,0,0,0,0,0,1,1,90,248,254,254,253,253,152,5,2,0,0,1,0,2,0,0,1,1,1,0,1,0,0,0,1,0,0,93,242,252,252,255,253,193,8,0,1,1,1,2,0,1,0,0,1,0,2,0,1,0,0,1,0,0,0,192,254,253,252,252,232,64,2,0,1,0,0,0,2,0,0,0,0,0,0,0,1,1,0,2,1,0,0,86,240,253,254,253,213,26,0,1,0,1,0,1,1,0,0,1,0,0,0,0,2,0,0,0,0,0,0,1,160,253,252,253,76,0,1,0,0,0,1,0,0,0,2,0,0,1,1,0,0,0,0,0,1,1,0,0,17,125,254,120,10,2,1,1,1,0,0,1,1,0,0,0,0,2,0,0,0,2,1,0,0,0,1,0,2,1,0,1,2,0,0,0,0,0,0,0,0,1,2,0,1,1,0,0
0,0,0,0,0,0,2,0,0,0,1,0,1,3,0,1,2,0,0,0,0,0,0,0,0,2,0,1,2,0,0,1,0,1,0,0,0,1,0,2,1,0,0,0,0,0,1,0,1,0,1,0,0,2,0,0,1,0,0,1,0,0,0,1,1,0,0,2,0,1,1,0,3,0,0,0,0,0,0,2,0,0,0,0,1,0,0,0,1,0,0,0,1,1,0,0,0,0,2,1,0,0,1,0,0,0,0,0,0,0,0,0,1,1,1,0,0,0,0,0,0,0,0,0,0,0,0,0,0,1,0,0,0,1,0,0,0,0,0,1,1,1,0,0,0,0,1,0,2,0,0,0,0,0,0,1,1,0,0,1,0,1,0,0,0,1,0,0,0,1,1,0,2,1,1,0,0,0,0,0,0,0,1,1,2,0,0,0,0,0,0,0,0,0,0,0,0,0,3,0,0,0,0,0,0,121,174,49,13,0,6,77,237,49,1,0,0,1,0,0,1,1,0,0,0,0,2,1,2,0,1,1,1,252,252,251,209,190,201,252,253,165,0,0,1,0,0,0,0,0,0,1,0,1,1,0,0,0,0,0,1,253,251,252,252,253,253,252,252,247,39,0,0,1,1,0,0,0,0,0,0,0,0,0,0,2,0,0,71,252,252,98,154,215,253,252,254,252,42,0,1,3,0,0,0,0,0,0,0,0,1,0,0,0,0,1,108,254,251,20,0,17,43,42,234,253,42,0,0,0,0,0,0,0,0,1,0,0,0,0,0,0,0,0,108,254,254,20,0,2,0,0,234,252,59,0,0,0,0,0,0,0,0,0,0,1,0,1,1,1,0,0,106,252,254,21,1,0,0,2,233,254,147,0,1,1,0,0,0,0,0,0,1,1,1,1,2,0,2,0,106,253,251,22,0,0,0,0,231,252,146,2,3,1,0,0,0,0,0,0,0,0,1,0,0,0,0,0,80,228,253,22,0,1,0,0,231,253,146,0,0,0,1,1,1,2,0,1,0,0,0,0,0,0,0,0,0,43,147,14,0,0,1,0,233,253,148,0,0,0,0,0,0,1,0,0,1,2,1,0,1,0,0,0,0,0,0,0,0,2,2,0,232,253,148,2,0,1,0,1,1,0,1,0,0,1,1,0,1,0,0,0,3,0,1,0,1,0,2,0,231,253,148,0,1,0,0,1,0,0,0,0,1,1,1,1,1,0,0,0,0,0,1,0,0,0,0,2,230,252,146,0,0,0,0,1,1,1,0,1,0,0,0,1,0,0,0,0,0,0,0,1,0,2,0,0,232,251,147,0,0,1,0,0,2,0,1,2,1,0,1,0,0,2,1,0,1,0,0,1,1,0,0,0,232,251,147,0,0,0,1,0,0,1,0,0,0,0,0,0,1,0,0,0,0,1,0,0,0,0,1,0,233,253,210,1,0,0,0,0,0,1,0,0,1,0,1,1,0,2,0,0,1,0,0,0,0,1,0,1,231,251,252,2,0,0,0,0,0,0,1,0,0,0,0,1,0,0,1,0,0,1,0,1,0,1,0,0,234,251,252,0,0,2,0,0,0,1,1,0,0,0,0,1,3,0,0,0,0,2,0,2,1,0,0,2,232,250,255,0,1,0,0,0,0,1,1,0,1,0,1,1,1,0,0,1,0,0,1,1,0,0,0,0,47,216,163,1,0,1,0,0,2,0,0,0,0,0,2,0,0,0,0,0,0,0,0,1,0,1,0,0,2,0,1,0,0,2,1,0,0,0,1,0
0,0,0,0,0,1,0,1,1,0,0,0,1,0,1,1,0,0,0,0,1,1,0,1,1,1,0,0,1,0,0,0,0,0,1,0,1,2,0,1,0,0,0,1,0,0,1,0,1,2,1,1,1,1,2,0,0,0,0,1,0,0,0,0,1,0,1,0,0,0,0,0,0,1,0,0,1,0,1,1,1,0,0,1,0,0,1,0,1,0,2,2,2,0,0,0,0,0,1,77,169,141,3,0,0,2,0,1,0,0,1,0,0,0,2,1,0,1,2,0,2,0,1,1,1,83,199,242,254,253,15,0,0,1,0,0,0,0,0,0,1,1,0,0,1,0,1,0,0,0,0,2,85,253,254,255,255,254,15,0,0,0,0,0,0,0,0,0,0,2,1,0,0,1,2,0,1,1,0,49,254,254,253,254,207,134,3,0,0,1,0,1,2,2,0,1,0,0,0,0,0,1,0,0,0,0,9,177,254,255,239,105,8,0,1,0,0,0,0,0,1,0,0,0,2,0,0,0,0,1,0,0,0,0,146,255,255,250,30,0,0,0,0,1,0,2,0,1,0,0,1,0,0,0,0,2,0,0,0,0,0,19,212,252,226,48,2,0,0,0,0,0,2,0,0,1,0,1,1,2,0,0,0,0,0,0,0,0,0,198,254,250,102,0,0,0,0,0,0,2,0,0,0,0,0,1,0,1,0,0,0,2,1,2,1,1,1,236,253,150,0,0,1,0,0,1,0,1,0,0,0,0,0,2,0,1,1,1,0,0,0,0,0,1,0,236,255,133,2,0,0,0,0,0,0,1,0,1,1,0,0,1,1,0,0,0,0,1,1,1,0,0,67,253,226,41,1,1,0,1,16,100,195,172,8,1,1,0,0,0,0,1,1,0,0,1,0,1,1,0,71,252,180,0,0,0,0,74,249,254,254,253,103,0,0,2,0,0,0,0,0,1,0,0,0,0,1,0,0,235,180,0,0,0,19,221,254,253,253,254,232,0,1,0,0,1,2,0,1,1,0,1,0,0,0,0,0,233,183,3,0,0,108,253,255,246,168,215,233,0,1,0,0,0,1,0,0,0,0,1,0,0,0,1,2,235,204,10,0,2,186,253,242,72,12,206,234,0,0,1,1,0,0,0,0,0,0,1,1,0,0,1,0,226,255,135,7,6,255,255,118,0,93,255,173,0,1,1,0,1,0,0,0,0,2,0,1,1,0,0,1,104,253,255,174,72,255,254,146,106,251,254,24,1,0,0,0,2,1,0,3,0,1,3,0,1,1,3,0,3,181,251,255,255,254,255,252,255,255,182,4,0,0,1,1,2,1,0,0,1,1,0,0,0,0,0,1,0,0,134,254,252,254,254,255,232,186,25,0,0,0,1,1,1,0,0,1,0,1,2,0,1,0,1,1,0,1,5,72,240,233,151,133,29,0,0,0,0,0,0,0,0,1,2,1,0,0,0,0,0,0,0,0,0,0,0,2,0,0,0,0,0,0,2,0,0,0,0,2,0,1,2,2,0,1,0,1,0,0,0,0,1,0,0,0,0,0,1,0,0,0,1,0,0,0,0,0,0,0,0,0,1,0,0,0,0,0,0,1,1,2,0,0,0,0,0,0,2,1,1,1,2,0,2,0,0,0,0,0,0,1,0,0,0,1,0,1,0,0,0,0,1,0,0,0,2,0,0,2,0,0,1,2,1,0,0,0,1,2,1,0,2,0,1,0,0,0,1,2,0,0,0,0,0,0,0,0,0,1,0,0,0,0,0
0,0,0,1,0,0,2,0,0,0,0,0,0,0,0,0,1,0,2,0,0,0,0,1,1,0,0,0,0,1,0,0,0,0,0,1,2,1,0,1,0,0,1,1,0,1,1,0,2,0,0,0,0,0,0,1,0,1,1,0,1,1,0,0,0,1,1,0,2,1,1,0,0,0,0,0,1,0,1,0,0,0,0,2,0,0,1,0,0,1,0,0,1,0,0,1,4,18,18,56,137,194,130,9,0,1,1,0,0,0,0,0,0,0,0,0,0,0,0,0,0,1,16,94,164,255,254,254,255,254,254,179,0,1,0,0,0,2,0,0,0,1,0,0,0,0,1,2,40,151,206,252,254,254,255,254,255,254,253,226,0,0,0,0,2,0,0,1,0,0,0,0,0,0,1,1,190,253,254,254,254,210,154,66,63,146,253,248,65,2,0,0,0,0,0,0,3,2,1,1,0,1,0,1,70,238,255,166,47,17,0,0,0,114,254,253,90,0,1,0,2,0,0,0,0,1,0,0,0,1,0,0,1,24,30,1,0,0,1,0,0,114,254,254,90,1,0,1,0,0,2,0,1,0,0,1,2,1,2,1,1,0,0,3,2,1,0,0,0,7,251,253,88,0,0,1,0,0,2,0,0,0,0,0,0,2,0,1,0,0,0,0,0,0,1,0,0,113,253,255,89,0,1,0,0,0,0,0,1,0,0,1,0,0,0,0,2,0,0,1,0,0,0,0,2,187,253,252,74,0,0,0,0,2,0,0,0,0,0,0,0,1,0,0,0,0,0,0,0,0,0,1,67,249,254,225,1,1,0,0,0,0,0,0,0,0,0,0,1,0,0,0,0,0,2,0,1,0,0,0,188,253,251,102,1,0,0,0,0,0,0,1,0,2,0,0,1,0,1,0,1,0,0,1,1,1,0,29,231,254,243,0,1,1,0,0,0,0,0,0,1,1,0,0,0,0,0,0,0,2,0,1,1,0,27,209,254,253,244,1,0,0,1,0,0,0,0,0,1,0,0,1,1,0,0,3,45,227,251,250,250,249,249,255,254,253,63,1,0,2,0,0,0,0,0,0,2,1,0,1,0,0,0,68,254,252,253,254,254,254,255,254,255,255,144,28,0,1,0,0,2,2,0,0,0,0,2,1,0,0,46,226,253,254,254,254,255,253,254,255,254,255,255,245,79,0,2,1,0,1,1,0,2,0,1,0,0,1,154,253,252,254,254,255,255,254,238,99,171,219,255,253,242,154,14,0,0,0,0,0,1,1,1,0,0,1,154,253,252,253,253,254,254,182,40,0,0,26,114,220,254,254,173,12,0,2,0,0,0,0,0,0,0,0,155,253,251,255,252,253,88,14,0,0,0,0,1,21,55,180,254,83,0,0,0,2,0,1,0,0,1,1,28,215,255,254,150,25,0,1,0,0,1,0,0,0,1,35,134,82,2,0,0,0,0,0,0,1,1,0,0,0,0,0,0,2,1,0,1,0,0,0,0,2,0,0,0,0,0,0,0,0,0,2,2,1,1,0,1,1,2,0,1,0,1,0,1,0,1,0,0,0,0,2,0,0,1,1,0,1,2,0,0,0,0,1,0,0,0,1,0,0,1,0,2,0,0,0,0,0,0,0,1,1,1,0,0,0,0,0,0,1,0,0,1,0,2,0,0,0,1,0,0,0,0,0,0,1,0,0,0,1,0,0,0,2,0,0,0,1,0,1,0,0,0,2,0,0,3,1,0,0,0,0,0,0,0,1,0,1,1,0,0,0
0,0,0,0,2,0,0,1,0,1,0,1,1,3,1,0,1,0,0,1,0,0,1,0,2,0,1,0,2,0,0,0,0,0,1,0,0,0,0,0,0,1,0,0,1,0,0,0,0,0,0,0,0,1,0,0,0,0,0,1,1,0,1,0,0,0,1,0,0,1,0,0,0,1,0,0,1,0,0,0,0,0,0,0,1,0,1,0,1,0,0,1,0,0,1,1,0,0,0,1,0,0,0,1,0,0,1,0,0,0,0,1,1,1,0,0,0,1,0,2,0,0,0,1,0,2,0,1,0,1,0,0,0,0,1,0,2,1,0,1,0,0,0,0,1,0,0,0,0,1,0,0,1,1,1,1,0,1,1,0,0,0,1,2,1,0,1,0,0,0,0,1,0,1,1,0,0,0,0,0,0,0,0,1,0,0,1,0,1,0,0,1,0,1,0,1,1,0,0,1,0,1,0,0,92,187,64,40,31,1,16,1,17,1,1,0,0,3,1,0,0,0,0,0,0,0,0,1,0,0,3,0,195,255,254,255,239,185,216,185,214,186,186,32,1,0,0,0,1,0,1,0,1,2,0,0,0,0,1,1,120,254,210,239,225,180,249,250,250,253,253,137,0,0,0,0,0,0,1,0,0,0,1,0,0,0,0,0,186,255,58,0,0,0,0,0,0,245,255,151,0,1,0,0,0,0,0,0,0,1,0,1,0,0,0,63,246,183,15,2,2,0,0,0,75,253,253,69,0,0,0,1,1,0,0,0,1,0,1,1,0,0,21,208,250,51,1,0,0,0,0,0,98,253,254,43,0,1,1,0,0,1,0,1,0,0,0,1,1,0,90,254,175,0,2,1,0,0,0,0,121,255,243,35,0,0,0,0,0,0,0,2,0,1,0,0,1,0,9,93,41,1,1,0,0,0,0,0,207,254,190,0,1,0,1,0,1,0,1,0,1,0,1,1,0,0,0,0,0,0,1,0,0,0,0,0,207,255,181,0,1,0,0,0,0,0,0,0,0,1,0,0,0,0,0,0,1,0,0,1,0,0,0,0,207,254,81,0,0,2,0,0,2,0,1,0,0,0,0,0,0,0,0,0,0,0,1,0,0,0,0,0,206,254,81,0,1,2,1,0,0,1,1,1,0,0,0,0,0,1,1,1,1,2,0,0,0,2,0,0,207,254,82,0,0,1,0,0,0,0,1,0,1,0,0,1,0,2,0,1,0,0,2,1,0,0,0,15,218,249,62,0,0,1,0,0,0,0,1,0,1,0,1,0,0,1,1,0,0,0,0,0,0,0,0,59,253,229,0,0,0,0,0,1,0,0,2,1,1,1,0,0,0,0,1,0,0,2,0,0,0,0,2,164,255,228,0,0,1,0,0,0,0,0,1,0,0,0,0,1,0,0,1,0,1,0,0,1,0,0,0,166,253,226,0,0,0,1,1,0,0,0,0,0,0,0,0,0,0,0,0,1,0,0,1,1,0,0,0,168,255,227,0,0,0,1,0,1,2,0,0,3,1,1,1,0,1,0,0,0,0,0,2,0,1,1,13,214,252,166,0,0,1,2,0,1,0,0,0,0,1,1,0,0,0,0,0,1,2,0,0,0,1,1,23,255,254,120,0,0,1,1,0,0,1,1,1,0,1,0,0,1,1,0,2,1,0,2,0,0,0,2,2,182,212,20,0,0,0,1,0,0,0,0,0,1,0,0,0,0,0,1,0,0,0,0,0,2,2,1,0,0,0,1,0,0,0,0,1,0,0,0,0,0
0,0,2,0,0,2,0,2,2,0,0,0,1,0,0,0,0,0,1,0,0,0,0,0,0,0,0,0,1,0,1,0,1,0,1,0,0,0,0,0,0,0,0,0,0,0,0,0,2,0,1,1,0,0,0,0,0,0,0,1,0,0,0,0,0,0,1,1,0,0,1,2,0,0,1,0,0,2,0,0,0,0,0,0,1,1,0,0,1,0,0,1,1,0,1,0,0,0,0,0,1,1,0,1,0,0,0,1,0,0,0,0,1,1,0,1,0,1,1,1,0,0,2,0,1,0,0,0,0,1,1,0,1,2,2,1,0,0,2,0,0,0,0,0,0,0,0,0,0,0,1,0,0,0,0,0,8,75,0,100,184,178,95,18,0,1,0,0,0,0,0,1,0,1,1,0,0,1,1,0,0,15,112,195,237,94,0,208,249,254,253,116,0,0,1,0,0,0,0,0,0,0,0,0,0,0,21,50,106,197,245,183,25,0,0,81,245,253,250,91,0,0,0,1,0,0,1,0,0,0,0,1,20,85,231,255,255,221,87,0,0,0,125,253,254,180,52,0,0,1,1,0,2,0,0,1,0,0,0,1,134,252,253,216,118,4,1,0,63,200,254,242,131,8,0,0,1,0,2,0,0,1,0,1,2,0,0,107,243,254,213,45,0,2,1,62,239,252,220,28,0,2,0,0,0,1,0,0,0,0,0,1,2,0,44,245,253,210,49,0,0,1,30,240,254,221,27,0,0,0,0,0,0,0,0,1,0,0,1,0,1,0,96,252,254,55,0,0,0,17,198,253,218,31,0,1,0,2,2,2,0,1,0,0,0,0,2,1,0,1,25,221,254,233,143,38,39,204,255,205,9,0,1,0,0,1,1,0,0,1,0,1,0,0,0,0,0,0,0,115,249,253,255,245,233,254,223,24,0,0,0,0,0,1,0,0,0,1,1,0,0,0,2,1,1,0,1,0,37,84,168,247,254,254,254,208,116,8,1,0,1,0,1,1,1,1,0,1,0,0,0,0,0,0,3,1,1,2,15,237,253,232,163,237,244,211,81,0,1,0,0,0,0,0,0,0,2,1,0,0,0,0,2,0,0,0,98,255,254,99,2,0,36,225,251,131,7,0,0,3,0,1,0,0,0,0,0,0,1,1,0,0,0,0,72,252,227,10,0,0,0,1,170,255,51,0,0,1,2,0,0,0,0,0,0,2,0,0,0,0,1,2,94,254,254,18,1,1,0,0,81,254,197,0,0,0,1,2,2,1,1,0,1,0,0,0,0,0,0,0,82,254,254,19,1,0,0,0,133,253,119,1,0,0,0,2,0,2,0,0,0,0,0,2,0,2,1,0,4,214,254,79,0,0,0,1,185,244,63,0,1,0,1,0,1,0,2,0,1,0,0,0,0,0,1,2,0,64,253,224,23,0,3,126,254,179,0,0,0,0,0,0,1,0,2,2,0,1,0,1,0,1,1,0,0,0,89,237,223,117,177,255,218,27,0,0,3,0,3,1,0,0,0,2,0,0,0,0,0,1,0,1,1,1,2,18,155,196,196,99,25,0,0,1,0,1,0,0,0,0,0,0,0,0,0,1,1,1,1,1,2,1,1,1,0,1,0,1,1,0,1,0,2,0,0,0,0,0,2,0,0,1,1,0,1,0,1,0,0,0,0,0,0,0,0,0,0,0,2,0,0,1,1,0,0,0,0,0,0,0,2,1,2,1,1,0,0,0,0,1,1,0,0,0,1,0,0,1,1,1,0,1,1,1
0,0,1,0,1,0,0,1,0,0,0,0,0,0,0,0,0,0,1,0,1,0,0,1,1,1,0,0,0,0,0,0,0,1,0,2,0,0,0,0,1,0,0,0,0,0,0,0,1,0,0,2,0,0,0,0,0,0,0,0,1,0,1,0,0,0,0,1,1,0,0,0,1,1,0,0,0,1,0,1,0,0,0,0,0,0,0,0,0,0,0,0,0,0,0,0,0,1,0,0,0,1,2,1,0,0,1,1,0,0,1,0,0,0,0,0,0,1,0,0,0,0,0,0,0,1,0,0,0,0,1,0,0,2,0,1,0,1,1,0,1,0,0,0,0,2,0,3,10,1,0,0,0,1,1,0,1,0,66,255,214,24,0,0,0,0,0,0,0,1,1,1,0,1,0,61,227,36,0,0,0,0,1,0,0,6,188,254,253,165,2,2,0,0,0,0,0,1,0,2,0,2,4,181,253,179,29,2,0,1,1,0,0,48,253,252,252,254,24,0,0,1,0,0,0,2,0,0,0,0,38,253,253,254,126,1,1,0,0,1,0,71,252,253,252,187,8,0,0,0,0,0,1,0,0,0,0,2,36,253,253,254,167,0,0,0,0,0,2,170,255,253,231,60,2,3,1,0,1,0,1,0,2,0,0,0,71,254,254,253,169,0,0,0,0,0,12,193,252,255,168,1,0,0,0,0,2,1,0,0,2,0,0,0,157,253,252,254,167,0,0,41,53,137,167,255,252,253,168,0,1,2,0,0,0,0,0,0,0,1,0,1,157,252,253,254,201,142,160,235,237,253,253,252,254,252,124,0,0,0,0,0,0,1,0,0,1,0,0,0,157,252,253,252,252,255,253,253,253,252,253,252,252,187,5,0,0,0,0,1,0,0,0,0,0,0,0,1,158,251,253,253,255,254,252,253,254,255,255,255,254,180,0,0,1,0,0,0,0,2,0,0,0,0,1,25,249,254,252,252,253,255,253,254,249,248,253,255,252,118,0,0,1,1,1,0,1,0,0,0,0,0,2,1,84,233,253,253,254,253,231,171,50,145,252,252,253,72,20,3,0,0,0,0,0,0,0,0,1,0,0,0,0,18,183,218,176,95,9,0,1,73,254,252,251,226,224,30,0,0,0,0,1,0,0,0,1,0,0,0,0,0,0,1,0,0,0,1,0,25,253,255,252,253,144,1,0,0,0,2,2,1,0,0,1,0,0,0,1,0,0,0,0,0,0,0,1,112,252,253,254,171,15,0,0,0,0,0,0,1,0,1,0,0,0,0,0,1,1,1,0,0,0,0,8,227,253,254,237,45,0,0,0,0,2,1,0,0,0,0,0,1,0,1,0,0,0,0,0,0,0,1,53,254,252,254,151,0,0,0,0,1,0,0,0,0,0,0,0,0,1,0,0,0,0,0,0,1,2,0,87,253,253,211,10,1,1,0,0,1,0,1,0,0,1,1,0,0,0,0,0,0,1,0,0,0,0,3,13,252,254,207,0,0,2,0,2,0,0,0,0,2,0,0,0,0,1,2,0,2,0,1,0,0,0,0,7,201,253,146,0,0,0,0,0,0,0,0,0,0,1,0,1,1,1,1,0,0,0,0,0,0,0,0,1,1,0,2,1,1,1,1,0,0,0,0,0,0,0,1,1,0,0,0,0,0,0,0,1,0,0,0,0,0,0,0,0,0,1,0,0,0,1,0,0,1,0,0,1,0,0,2,0,1,0,0,2,1,0,2,1,0,1,0,1,1,0,0,0,0,1,0,1,0
0,0,0,0,0,0,0,0,1,1,1,0,1,0,0,2,0,0,0,0,0,0,1,0,0,0,0,0,0,1,0,0,1,0,1,0,0,0,0,1,1,0,1,0,0,2,1,1,0,0,0,0,0,1,0,0,0,0,0,1,0,0,0,0,0,0,0,0,0,0,0,1,2,1,0,0,0,0,2,0,0,1,1,1,1,0,0,0,0,1,2,0,0,0,0,1,0,1,0,0,0,1,1,1,0,0,0,0,1,0,1,0,1,1,0,0,0,3,2,0,0,0,0,2,1,0,0,0,0,0,0,0,1,0,0,0,0,0,0,0,1,1,0,2,1,1,2,2,0,0,0,0,1,0,0,1,1,0,0,1,0,0,1,0,0,1,0,0,1,1,2,0,0,0,2,1,0,1,1,1,0,0,0,0,0,0,0,1,1,0,0,2,0,0,0,0,0,0,0,0,3,1,1,37,124,169,152,254,174,195,99,100,11,68,101,15,0,1,2,0,0,1,0,0,1,0,1,1,1,0,0,92,252,253,253,254,253,253,253,253,206,237,255,172,16,0,1,1,0,0,0,0,0,0,0,1,1,0,0,93,253,254,254,253,254,254,251,252,254,253,254,252,92,0,0,0,1,1,0,0,1,2,0,0,1,0,1,3,31,212,166,173,252,196,254,252,252,254,254,254,91,0,1,0,0,0,0,0,1,1,0,0,1,0,0,0,0,34,3,7,60,23,61,153,253,254,254,206,21,0,1,0,2,1,1,0,0,0,0,1,0,2,0,0,0,0,0,0,0,1,0,124,253,254,252,191,2,1,0,0,0,0,1,0,1,0,2,0,2,0,2,1,0,1,1,1,2,0,23,246,252,254,214,36,0,0,0,1,0,0,2,0,1,0,0,0,0,0,1,2,3,1,0,0,1,1,138,255,253,252,140,1,0,0,0,1,0,0,1,0,0,0,2,0,0,0,0,0,0,2,0,0,0,40,216,252,252,245,67,1,1,1,1,0,0,0,1,0,0,0,0,1,0,0,2,0,0,0,0,1,1,219,253,253,251,98,0,1,0,1,1,0,0,0,0,0,0,0,1,0,0,0,1,0,0,0,1,3,103,247,254,255,205,26,0,0,0,1,0,0,0,1,0,1,0,0,1,0,0,0,1,0,0,0,2,106,253,255,253,253,108,0,1,0,0,1,2,1,1,0,1,0,0,1,0,0,0,0,1,0,0,0,3,185,253,251,248,110,3,0,0,1,2,1,0,1,1,0,0,1,0,0,0,0,1,0,0,0,0,0,1,186,253,251,231,1,2,0,0,2,0,0,0,0,0,0,0,0,0,0,0,0,0,1,0,0,0,0,0,185,252,253,231,0,1,0,0,0,1,1,0,0,0,0,1,0,0,0,0,0,0,2,1,1,0,0,72,244,254,253,191,0,1,0,0,0,0,0,0,0,0,0,0,0,0,3,1,0,0,0,0,0,0,0,91,254,251,249,73,0,0,1,0,0,0,1,1,0,0,1,0,1,0,0,0,0,0,1,0,2,0,0,172,253,254,176,0,0,2,0,0,2,0,0,1,0,0,1,0,0,0,1,0,0,0,0,0,0,0,0,68,238,255,50,0,0,0,0,1,0,0,2,1,0,1,0,0,0,2,0,0,1,1,0,0,0,0,0,0,185,255,22,0,0,0,1,0,0,1,1,1,0,0,0,0,0,0,0,1,0,0,1,0,0,0,0,1,0,0,0,0,1,2,0,0,0,0,0,0,0,1,1,0,0
0,0,2,1,0,1,0,0,0,0,0,1,1,0,0,0,1,0,0,0,1,0,0,0,0,1,0,0,0,0,0,1,0,0,0,0,0,0,0,1,0,0,0,0,0,1,0,0,0,0,0,0,0,2,0,0,1,1,0,0,1,0,0,2,1,0,0,1,1,1,0,0,0,0,0,0,1,2,1,0,0,0,0,0,0,0,1,0,0,0,0,0,0,2,0,0,0,0,1,0,0,1,0,0,0,1,0,0,0,0,0,0,1,0,0,1,0,2,1,0,0,0,1,1,0,0,0,0,1,0,0,1,1,0,1,1,1,1,1,0,0,0,2,2,0,0,66,155,253,253,254,250,254,252,166,19,0,1,1,0,2,0,0,0,1,0,0,0,0,0,0,0,0,112,238,252,252,251,251,252,249,252,251,105,0,0,0,1,0,0,0,0,0,1,0,1,0,1,1,0,1,135,232,232,161,39,22,22,39,253,250,106,0,0,0,0,0,0,0,0,0,0,0,0,0,0,0,0,0,0,0,0,0,0,0,0,48,254,252,106,0,0,0,0,0,1,1,1,1,0,1,0,0,0,0,1,0,0,0,0,0,0,1,37,225,253,208,17,1,0,0,1,0,1,0,0,1,0,1,0,0,0,0,0,0,2,0,2,1,1,27,156,250,244,36,1,2,0,0,0,0,0,1,1,2,1,1,0,0,0,0,0,0,2,0,0,1,36,183,252,253,239,101,36,0,0,0,1,0,0,0,0,1,1,0,1,0,0,0,0,0,0,0,20,128,224,252,252,251,251,250,241,150,19,0,0,1,0,0,0,0,1,0,0,0,1,0,0,0,0,1,153,252,253,217,153,83,153,214,253,252,201,20,0,0,2,0,44,13,0,0,0,2,0,0,0,0,1,0,98,252,162,17,0,0,0,19,121,252,252,224,35,0,0,108,143,7,0,1,0,3,0,1,0,0,0,1,1,0,0,1,0,0,0,0,0,37,223,254,123,106,227,221,35,0,0,0,0,1,1,1,1,2,0,1,0,0,1,0,0,0,0,0,1,0,93,252,253,254,189,31,0,0,2,0,0,1,0,1,2,1,0,0,0,0,1,0,1,0,0,0,0,9,86,250,252,162,16,0,0,0,0,0,1,0,0,0,0,0,2,0,1,0,0,0,0,0,0,0,57,196,252,253,251,106,1,0,1,0,1,0,0,0,0,2,2,1,0,1,0,0,0,0,0,2,0,89,234,253,250,251,251,19,1,1,0,0,0,1,0,0,0,0,0,0,0,1,1,0,0,0,0,4,70,238,213,78,246,252,190,0,0,0,0,0,0,0,2,0,1,2,0,0,0,1,1,0,2,1,1,101,250,216,40,185,252,253,69,0,1,0,0,1,1,1,0,0,0,1,1,0,0,0,0,0,0,1,42,233,251,111,191,251,249,134,5,1,1,0,0,0,0,0,0,0,0,0,0,0,0,0,1,0,0,1,88,253,252,254,253,251,134,0,0,0,0,1,0,1,0,0,1,0,1,0,1,0,0,0,2,0,0,1,86,252,251,252,192,112,5,0,0,0,0,0,0,0,0,0,1,1,0,1,1,1,3,0,0,0,0,0,0,1,0,0,2,0,0,2,0,1,0,0,0,0,0,0,2,0,1,2,1,0,0,0,0,1,0,1,0,0,0,0,0,1,1,0,0,1,1,0,0,2,0,1,2,0,0,0,1,0,1,2,0,1,0,0,0,1,1,0,0,0,0,0,0,1,0,1,1,0,0,0,0
0,0,1,0,0,1,0,0,0,1,0,1,0,0,1,0,0,0,0,0,0,2,0,0,0,0,0,0,3,0,0,0,0,0,1,0,0,0,1,0,1,2,0,0,0,2,1,0,0,0,1,0,0,0,2,0,0,0,0,0,0,1,3,2,0,0,1,46,174,253,94,0,0,0,0,0,0,0,0,1,0,0,2,1,0,0,0,0,0,0,0,0,0,1,5,199,253,254,252,9,1,0,0,1,1,0,0,0,0,0,0,0,1,2,0,1,0,0,0,1,0,0,78,251,201,97,206,8,1,1,0,0,1,0,0,0,0,0,3,0,1,0,1,0,1,0,0,0,1,33,230,252,166,0,0,0,0,0,0,0,0,0,1,1,0,0,1,1,0,0,1,2,0,0,0,1,3,79,252,237,71,0,0,0,0,0,1,0,1,0,2,0,3,1,0,0,0,0,0,0,0,0,0,0,1,170,255,147,1,0,0,1,0,0,0,0,1,0,0,0,0,1,0,0,0,0,0,1,0,0,0,0,29,239,255,61,0,0,0,0,0,0,1,0,0,1,1,0,0,1,0,1,0,1,0,0,0,0,0,1,37,252,252,57,1,0,0,2,0,1,1,3,1,0,1,0,0,0,0,0,0,0,0,0,0,2,0,2,148,252,252,60,0,0,0,1,1,0,1,1,3,1,0,0,0,0,1,0,0,0,1,0,0,0,1,0,157,254,254,59,1,0,1,0,0,2,78,203,156,28,0,1,2,0,0,1,0,0,1,0,0,0,0,0,158,254,253,58,0,0,1,0,2,83,208,255,252,221,32,0,0,2,0,0,0,0,1,0,0,0,0,1,156,253,253,61,0,1,1,0,83,255,253,252,252,252,216,20,0,1,0,0,1,1,0,1,0,0,0,3,139,253,253,60,0,0,0,18,207,252,230,136,97,216,253,112,0,0,0,0,0,0,0,0,1,0,0,0,36,252,255,59,1,0,1,143,255,212,30,2,0,196,254,157,1,0,1,0,0,2,0,0,0,0,0,1,28,235,254,90,0,0,166,250,245,30,1,0,0,194,253,127,1,0,0,0,2,2,0,0,1,2,0,1,2,134,253,236,72,30,236,251,116,2,0,11,100,238,188,9,1,1,0,0,0,0,2,1,0,0,1,0,0,33,229,254,237,225,255,254,1,0,53,176,254,253,129,0,1,0,0,0,1,1,0,2,0,0,0,0,0,1,55,230,253,254,252,250,214,167,238,254,251,143,6,0,1,0,0,0,1,0,0,1,0,1,0,2,0,1,0,112,231,252,253,252,255,254,252,230,117,5,1,3,0,2,1,0,0,1,0,1,0,1,0,0,0,1,0,1,10,115,132,250,255,242,130,49,0,0,1,0,0,0,0,0,2,0,0,0,1,2,0,2,0,2,0,0,0,1,2,1,0,2,1,0,0,0,1,1,0,1,1,0,0,0,0,0,0,0,1,0,0,1,2,0,0,0,0,0,0,1,0,2,0,2,2,0,0,0,0,0,1,1,0,1,1,1,0,1,0,0,0,0,1,0,0,0,0,0,0,1,0,0,1,0,0,1,0,0,3,0,0,0,0,1,1,2,2,0,1,2,0,0,0,0,0,0,0,0,0,0,0,0,1,1,1,0,0,0,0,0,0,0,0,0,1,0,0,2,0,0,0,1,0,0,0,0,0,0,0,0,0,0,0,1,0,0,0,0,0,1,0,0,0,0,1,0,1,1,1,0,0,0,0,1,1,0,0,0,1,1,3,1
1,0,1,1,0,0,1,0,1,0,0,0,0,0,0,2,0,1,0,0,0,2,1,0,1,1,0,1,1,0,1,0,0,0,1,1,1,1,2,0,0,0,0,1,0,1,0,0,0,0,1,3,0,0,0,0,2,0,0,1,0,0,1,0,1,1,0,0,1,0,0,0,0,2,0,1,1,0,0,1,0,0,0,1,0,0,2,0,0,0,0,0,0,2,1,0,0,2,0,0,0,0,1,1,0,0,0,0,0,0,0,0,0,3,0,0,0,0,1,0,0,0,1,0,0,1,1,0,118,254,214,0,1,0,0,0,1,1,1,0,0,0,1,0,0,1,1,0,1,0,0,1,0,0,0,0,119,253,214,0,0,0,0,0,1,0,0,2,0,1,0,0,0,0,1,0,0,1,3,1,0,0,2,1,117,252,213,0,2,0,1,0,1,0,0,0,1,1,0,0,0,1,0,0,0,1,1,1,2,0,0,9,137,252,213,0,0,0,0,0,2,1,2,0,0,0,0,0,0,0,0,0,1,1,1,2,0,0,0,135,253,251,215,2,0,1,0,0,0,0,0,0,1,0,0,1,0,0,1,0,0,0,1,0,0,1,0,255,254,251,91,0,1,2,0,1,1,0,0,0,0,0,0,0,0,0,0,0,0,0,1,0,1,0,167,254,254,105,2,0,1,0,2,0,1,1,0,2,0,0,0,0,0,0,0,0,0,0,0,2,0,43,212,254,218,51,1,1,0,1,2,2,0,0,0,0,1,0,0,0,0,0,0,1,0,0,2,0,41,200,254,254,134,0,0,0,0,2,0,3,0,0,0,1,0,1,0,0,0,0,0,0,0,1,2,1,81,252,252,253,135,0,0,0,0,0,0,1,0,1,0,1,1,0,0,1,1,1,0,1,0,0,0,19,254,253,253,242,104,0,0,0,1,0,0,1,0,0,0,2,1,0,0,1,1,0,0,0,0,0,0,10,173,255,255,224,63,0,3,0,0,0,1,2,0,0,0,0,0,1,0,1,0,0,0,0,0,0,0,0,82,252,254,253,136,0,3,0,0,0,0,0,0,0,0,0,0,0,0,0,0,1,0,2,0,0,1,20,242,252,255,201,9,2,0,1,2,0,1,0,0,0,0,0,1,0,0,1,0,1,0,0,1,0,0,98,250,254,253,122,0,1,0,1,0,0,0,0,1,1,0,1,1,0,0,0,1,0,0,0,1,0,1,214,252,253,253,0,0,0,0,0,0,2,3,0,0,0,0,0,0,0,2,1,0,0,0,0,0,0,133,247,253,253,239,0,0,2,0,0,0,1,0,0,1,0,0,1,0,0,0,1,0,0,1,0,1,0,155,255,254,254,58,1,2,1,0,0,0,1,0,0,0,0,1,1,2,1,0,0,1,1,1,0,0,1,156,254,253,253,59,0,0,0,0,0,0,0,0,1,0,2,0,0,1,0,1,0,0,0,0,0,0,1,34,72,191,56,12,0,0,1,0,0,1,0,0,1,0,0,0,0,0,0,0,3,0,0,0,0,1,0,0,1,0,1,0,1,0,0,1,1,1,0,0,0,0,0,0,1,1,0,0,1,0,0,0,1,0,0,1,0,0,0,1,0,0,0,0,0,3,0,0,0,1,2,1,0,2,0,1,0,0,0,0,0,0,0,0,2,0,0,1,1,0,0,1,1,1,0,0,0,1,1,0,1,2,0,1,0,0,2,0,1,0,0,2,0,0,0,0,1,1,0,4,1,0,0,0,1,0,0,1,0
0,0,0,0,2,2,0,0,0,1,0,1,0,0,1,0,1,2,0,1,1,0,1,0,0,0,2,0,0,0,1,0,1,0,0,0,0,0,2,0,0,0,0,0,1,0,0,0,0,0,1,0,0,1,0,0,0,0,0,0,0,0,0,1,1,0,0,0,0,2,0,0,1,2,1,0,0,1,0,0,0,0,0,0,1,1,1,0,0,0,0,1,0,0,1,0,0,0,0,0,0,1,0,1,1,0,1,1,0,0,0,0,0,0,1,0,0,0,0,2,0,0,0,0,0,0,0,0,1,0,1,0,0,0,0,0,0,0,0,0,0,1,0,0,0,0,0,0,0,0,2,0,21,116,196,255,253,255,156,17,0,0,0,0,0,0,1,0,1,0,0,0,1,0,0,1,1,1,2,64,205,255,253,252,248,254,253,159,1,0,0,1,0,0,0,0,1,0,0,0,1,0,0,1,0,8,137,247,255,240,147,67,41,118,248,253,20,1,0,1,0,0,0,1,0,0,0,2,1,0,1,1,0,110,253,242,156,28,0,0,1,115,249,248,18,0,0,0,0,0,1,0,0,0,0,2,2,0,0,0,1,21,146,35,0,0,0,0,45,253,252,107,0,0,0,3,0,0,3,1,1,0,0,0,0,0,0,1,0,0,0,0,2,6,111,154,239,253,219,6,1,0,0,1,0,0,1,1,0,0,1,0,0,0,2,0,0,0,0,0,0,85,253,254,254,229,46,0,0,0,0,0,0,0,0,1,1,0,0,0,0,0,1,0,0,1,0,148,239,248,252,252,252,248,99,0,0,0,0,0,0,0,0,0,0,0,0,2,2,2,0,0,0,1,0,239,252,250,250,181,253,251,248,96,1,0,0,0,0,0,0,0,1,0,0,0,0,0,0,0,1,2,0,3,43,4,4,3,50,181,253,252,78,0,1,1,0,0,1,0,1,0,0,0,0,0,0,0,0,1,0,0,0,0,1,0,0,14,227,253,121,0,0,2,2,0,1,2,0,0,0,0,0,1,0,0,0,2,0,0,0,1,1,0,0,0,124,252,217,0,0,0,2,0,0,1,2,0,0,1,0,0,0,0,1,0,1,3,0,2,0,0,2,0,130,253,215,0,0,0,1,0,0,0,0,0,0,0,0,0,1,107,93,1,0,2,1,0,0,0,0,1,225,254,120,3,0,0,0,2,1,1,2,1,0,0,0,1,33,236,168,0,0,0,0,0,1,1,1,121,250,252,71,1,0,0,1,0,0,0,0,0,0,0,0,0,65,253,178,0,0,1,0,0,0,0,47,253,251,166,6,0,0,1,1,0,0,0,0,0,0,0,1,0,30,234,178,0,0,0,0,1,16,157,243,254,204,5,0,0,0,1,0,0,0,0,0,1,0,0,0,0,0,220,234,136,90,91,92,150,215,253,248,163,20,2,1,0,0,1,1,0,1,0,0,1,1,1,1,0,0,162,254,252,253,252,253,251,235,146,22,1,1,0,0,1,0,0,1,0,0,0,0,0,1,2,1,2,0,25,123,165,253,200,154,134,34,0,0,0,0,1,0,0,0,1,0,0,0,0,0,2,0,0,0,0,0,0,0,1,0,0,2,0,2,0,1,2,1,1,0,0,0,0,0,0,0,0,0,1,0,2,0,0,0,1,1,0,1,0,1,0,0,2,1,0,0,1,0,1,1,0,2,0,1,1,0,1,2,0,0,0,0,0,0,0,0,1,1,0,0,1,0,1,2,0,1,0,0,0,0,2,0,0
0,1,1,0,0,0,0,0,0,0,0,0,1,1,1,0,0,0,0,0,0,0,0,1,0,0,1,1,0,0,0,0,2,0,0,1,1,0,0,1,1,1,0,0,2,1,0,0,1,0,1,0,0,0,2,0,0,1,0,1,0,0,0,0,1,1,0,0,4,1,0,13,141,225,78,0,0,0,1,2,2,0,0,1,0,1,0,0,2,0,1,0,0,0,1,0,0,1,0,186,255,252,115,0,0,0,0,1,1,0,0,0,1,1,0,1,0,0,0,0,0,0,0,0,1,1,99,254,171,115,36,0,0,0,1,0,0,0,0,0,2,2,0,0,0,2,1,0,0,0,0,1,1,51,248,242,39,0,2,0,1,1,1,0,1,0,0,0,0,0,0,0,0,1,0,1,0,2,0,1,33,218,252,45,2,0,2,0,1,0,0,0,0,2,1,0,0,0,0,0,0,1,0,2,0,0,1,5,119,254,170,3,0,1,1,0,0,2,1,0,0,0,1,0,1,0,0,0,0,0,0,0,0,1,2,104,253,211,9,1,0,0,0,0,2,0,0,1,1,1,0,0,0,0,0,1,0,0,2,0,0,0,18,196,227,42,0,0,1,0,0,0,0,0,1,2,0,1,1,0,0,0,0,1,1,1,0,1,1,1,150,253,174,0,1,2,1,0,0,3,1,0,1,0,0,0,0,0,0,0,0,0,0,0,1,0,0,0,194,253,100,1,0,0,0,1,0,0,2,2,1,0,1,1,0,0,1,1,0,2,1,2,2,0,0,23,255,173,0,1,0,1,51,98,58,13,1,0,0,0,0,0,2,0,0,1,0,0,0,0,2,0,0,178,255,135,0,0,53,217,246,251,252,185,2,0,0,1,2,0,0,1,0,0,0,0,0,0,0,0,0,195,252,135,0,87,235,255,215,106,171,253,67,0,0,0,0,1,1,0,0,0,0,0,0,0,0,1,0,195,252,133,87,253,253,154,25,0,135,254,175,2,0,0,0,1,0,0,0,0,0,0,0,0,0,0,0,195,255,151,235,237,119,2,0,1,135,251,97,1,1,1,0,1,1,0,0,0,0,1,0,0,0,0,0,99,255,255,254,154,0,0,0,1,137,254,24,0,2,0,0,1,0,0,1,0,0,0,0,0,0,0,0,13,209,252,253,123,0,11,20,23,183,244,53,1,1,0,0,0,0,0,1,0,0,0,0,0,0,0,0,0,126,253,253,239,173,225,255,252,253,126,0,0,0,1,0,0,0,0,0,0,0,0,0,0,0,0,0,2,8,109,242,252,253,254,253,254,216,4,0,0,0,0,0,0,0,1,1,0,0,2,0,1,3,0,1,0,0,0,43,163,253,254,254,222,96,1,1,1,0,0,1,0,0,1,1,0,0,0,3,0,0,0,0,0,0,0,0,3,0,0,1,0,0,0,0,0,0,0,0,1,0,0,2,2,0,0,0,0,0,1,0,1,1,0,2,2,0,0,0,0,0,0,0,2,0,0,0,1,1,0,0,2,0,1,0,1,0,0,1,1,1,0,1,1,1,0,0,0,0,1,0,0,1,1,1,0,1,0,0,1,0,0,0,0,1,0,0,1,2,0,0,0,0,0,0,1,0,0,0,0,0,1,0,1,0,0,1,1,0,0,0,1,1,0,2,0,0,0,1,1,0,0,1,0,0,0,0,0,0,0,0,0,0,0,0,0,1,2,0,0,0,0,1,0,0,0,0,1,0,1,0,1,0,0,0,0,0,1,0,0,1,1
0,0,1,1,1,0,1,0,0,0,0,0,1,0,3,0,0,0,1,0,0,0,2,1,0,0,1,2,2,1,0,2,1,1,0,0,1,0,0,0,0,0,0,0,0,0,0,0,1,1,1,1,0,0,1,0,0,0,0,2,0,1,0,0,0,0,1,0,1,2,2,0,2,0,2,0,2,0,1,0,0,1,0,0,2,1,0,0,1,1,0,0,0,1,1,1,0,2,0,1,0,0,0,0,0,0,0,0,0,1,0,1,0,1,0,1,0,1,0,1,0,0,0,0,0,1,1,0,0,0,0,0,0,0,0,0,0,0,0,3,0,0,1,2,0,0,0,1,0,0,0,1,0,0,0,0,1,0,0,0,0,0,1,0,1,0,0,0,1,2,0,2,0,0,0,1,0,0,0,1,0,1,7,115,242,224,246,57,0,32,122,2,0,0,1,0,0,0,0,0,0,0,0,1,0,0,0,1,1,2,148,191,95,9,159,23,15,219,230,22,1,1,0,0,0,0,0,0,1,1,0,0,0,0,0,0,14,173,148,57,0,1,62,5,196,228,45,0,1,0,0,0,1,0,0,0,0,0,1,1,0,2,0,0,86,199,26,1,0,0,2,67,205,75,0,0,1,1,0,0,1,0,1,0,1,1,1,0,2,0,0,0,125,140,1,2,0,0,43,244,229,47,0,0,0,0,0,0,0,0,0,0,0,0,0,0,0,3,0,137,199,9,0,0,0,4,148,252,83,0,1,0,0,1,0,0,0,0,0,0,0,1,0,0,0,1,88,227,9,0,0,2,16,150,254,139,0,0,0,2,0,1,0,0,0,0,1,0,0,2,0,0,0,4,226,96,0,0,2,67,194,225,111,0,0,0,0,0,1,0,0,0,0,1,0,0,1,0,0,0,0,48,230,20,28,60,152,255,248,72,0,0,0,0,0,0,0,2,0,0,0,0,0,0,1,0,0,2,0,40,248,205,255,222,205,248,202,0,0,0,0,0,1,0,1,0,0,0,0,1,1,0,0,3,0,0,0,0,104,197,122,15,137,247,141,0,0,1,1,0,0,2,0,0,0,0,0,1,0,1,0,0,0,0,1,0,1,0,0,109,254,198,6,0,0,1,0,0,0,1,0,0,0,1,0,2,0,0,0,0,1,0,1,0,2,0,30,250,237,23,0,0,0,0,0,0,1,1,0,0,0,0,1,0,0,0,0,1,2,1,0,0,0,3,218,210,26,0,0,0,0,0,0,1,1,1,0,0,0,0,1,0,0,0,0,0,0,0,1,0,0,111,242,1,0,0,0,1,0,0,0,1,0,0,1,0,1,1,0,0,0,1,0,1,0,0,0,1,62,245,123,0,0,0,1,0,0,0,1,0,0,0,0,0,1,0,0,0,1,1,0,2,0,0,2,94,232,164,4,0,1,0,0,0,1,0,2,2,0,0,0,0,0,0,0,1,1,2,0,0,0,0,0,212,223,10,0,2,1,0,0,0,0,1,0,0,0,0,0,1,2,1,0,1,0,0,0,0,1,0,1,210,125,1,0,2,0,1,0,1,0,1,1,0,0,0,1,0,0,2,1,0,0,0,0,1,1,0,22,89,2,0,0,0,0,0,0,0,0,0,0,0,0,0,0,0,2,0,0,0,0,0,1,0,1,2,0,1,0,1,0,2,0,0,0,0,0,0,1,1,0,0,2,0,1,0,0,0,0,0,1,0,0,1,0,1,0,1,0,1,2,2,0,1,0,0,0,1,0,0,0,0,2,0
0,0,0,1,0,1,2,0,0,1,0,0,0,0,0,0,2,0,1,0,0,0,0,0,0,0,1,0,1,1,0,0,0,0,0,0,0,0,1,1,0,0,1,1,0,1,0,0,0,1,0,1,0,0,0,0,1,0,0,0,1,2,0,0,0,2,3,1,0,0,1,1,0,0,0,0,0,0,0,0,1,0,0,0,0,0,1,0,0,0,1,0,0,1,0,0,0,0,0,0,1,0,0,0,0,1,2,1,0,0,0,0,0,1,0,0,0,0,2,0,0,0,0,1,0,2,0,0,0,0,0,0,1,1,1,0,0,1,1,0,1,0,0,0,2,0,0,0,0,110,127,126,124,157,159,125,38,0,0,0,1,1,0,0,1,0,2,1,0,0,0,1,0,0,0,2,156,253,252,253,254,253,254,253,253,85,1,2,1,2,0,1,0,0,2,0,0,0,1,0,0,2,0,0,172,255,253,254,254,255,254,254,253,247,143,0,0,0,0,2,0,0,0,1,0,1,0,1,0,0,0,0,10,104,255,254,254,254,255,255,254,254,223,0,0,2,0,1,0,0,0,0,0,0,0,0,0,0,0,2,0,11,24,133,185,253,253,255,255,253,223,0,1,2,0,0,0,2,0,0,0,2,0,0,0,0,1,2,0,0,0,184,231,254,255,254,253,254,222,0,0,0,0,1,1,0,0,1,1,0,1,1,0,2,2,0,0,1,115,250,254,252,255,255,253,254,109,3,0,0,0,0,0,0,0,1,0,1,0,1,1,1,1,2,0,0,217,254,255,253,255,255,254,254,131,0,1,0,0,1,1,0,0,0,1,1,2,1,0,0,0,1,0,0,87,242,255,254,255,254,254,251,223,0,1,0,0,1,0,0,2,0,0,1,0,0,1,0,0,0,0,1,2,88,241,254,204,234,252,253,229,27,0,1,0,1,0,0,0,0,1,1,0,0,0,1,0,0,0,0,0,2,53,63,17,153,253,252,254,127,0,0,0,0,0,0,1,0,0,2,1,0,2,0,1,0,0,0,0,0,0,0,0,53,252,255,255,228,1,1,1,0,0,0,0,1,0,0,2,3,0,0,0,1,0,0,0,0,0,0,0,78,253,255,254,136,1,0,1,1,1,0,2,0,0,0,0,1,0,0,0,0,0,0,1,0,0,1,40,232,254,254,255,98,0,2,1,1,0,1,0,0,0,1,0,0,0,0,0,1,2,16,1,0,0,9,152,254,253,255,233,36,1,0,0,0,0,0,0,0,0,0,0,0,0,0,0,1,142,208,158,50,131,180,253,255,253,253,208,1,2,1,0,1,0,2,0,2,0,0,0,0,1,0,0,62,244,254,255,253,254,254,253,255,253,250,85,1,0,2,0,2,0,0,0,0,0,1,0,0,0,0,3,106,254,253,255,253,252,253,252,255,244,136,0,0,0,0,0,0,1,0,2,1,0,1,1,0,0,0,0,48,235,255,253,254,254,254,251,221,38,1,0,0,0,0,2,0,0,0,1,0,0,0,1,2,1,1,0,0,0,108,234,255,253,221,33,2,0,0,0,0,0,0,0,1,0,0,0,0,1,0,0,0,1,0,0,0,0,1,2,0,0,2,0,0,0,0,0,0,0,1,0,0,0,2,0,0,0,0,0,0,0,0,0,1,1,0,0,0,2,0,0,0,0,1,1,0,0,0,0,0,2,0,0,0,0,2,0,1,1,0,0,1,0,0,0,0,0,0,2,0,0,1,0,0,0,0,0,0,1,0,0,1
0,0,0,1,0,0,0,0,0,0,0,0,2,0,0,1,0,0,2,1,1,1,0,1,0,0,1,1,0,0,0,0,1,1,0,1,0,0,2,2,0,0,0,0,0,0,0,0,0,0,1,2,0,0,0,0,0,0,0,1,0,0,0,0,0,1,1,0,2,0,0,0,0,0,0,0,0,0,1,0,0,0,0,1,1,1,2,1,0,0,0,1,0,0,0,0,0,0,0,1,0,0,1,0,0,0,1,0,1,0,1,1,0,2,0,0,0,1,0,0,1,0,0,90,253,253,252,1,0,0,0,2,0,1,0,0,0,1,0,0,0,0,0,0,0,0,0,0,0,0,1,191,252,250,252,1,0,0,0,1,0,0,1,0,0,1,0,0,0,0,0,1,0,0,0,1,0,1,0,190,250,250,248,1,0,1,0,0,0,0,0,0,1,0,0,0,0,0,0,1,0,0,0,1,0,0,0,191,252,250,252,0,2,0,0,0,0,0,0,0,1,0,0,0,0,1,1,1,0,0,1,0,0,0,0,189,255,249,249,0,2,1,0,0,0,0,1,1,0,0,0,1,1,0,0,0,0,0,2,0,1,2,1,191,252,253,253,194,23,0,0,1,1,1,0,0,0,0,0,0,0,0,0,1,1,0,0,1,0,0,1,189,250,251,250,254,61,0,0,1,0,1,1,0,0,0,0,2,2,0,0,1,1,0,0,2,0,0,3,191,251,251,250,252,140,0,0,0,1,0,0,0,0,0,0,0,0,0,0,0,0,2,0,0,0,0,0,51,249,249,250,253,220,0,0,0,1,0,1,0,0,1,1,0,0,0,0,1,1,1,1,0,1,0,2,30,250,249,251,252,219,0,0,0,1,0,0,0,1,0,0,0,2,0,0,0,1,1,0,0,0,1,2,13,174,253,254,255,220,0,0,0,0,0,0,1,1,0,1,0,0,0,1,1,0,1,0,1,0,2,0,33,250,252,251,254,219,0,0,2,0,0,1,0,0,0,1,1,1,0,2,1,0,0,0,0,1,1,1,32,250,249,251,254,220,0,0,1,0,2,0,0,0,0,0,1,0,0,1,0,0,0,0,1,0,0,0,31,250,251,251,254,221,0,0,0,0,0,0,1,1,0,1,0,0,0,0,0,0,0,1,0,1,0,0,33,251,250,252,252,219,0,2,2,0,1,0,0,0,1,0,0,0,0,0,0,1,0,1,0,0,0,0,20,205,253,254,255,253,126,0,0,0,0,0,1,0,0,2,1,0,0,0,1,0,0,2,0,2,0,0,0,31,229,251,254,249,127,0,0,1,1,2,1,0,1,0,0,1,1,2,0,0,1,0,0,0,0,0,0,0,221,251,252,250,186,96,0,0,1,1,1,1,1,0,1,1,0,0,0,0,1,0,0,0,2,0,0,0,183,210,253,252,250,191,0,0,0,1,0,0,0,0,0,0,0,0,0,2,1,0,0,0,0,0,0,2,24,35,154,252,253,90,0,0,0,0,0,0,0,0,1,1,0,0,0,1,0,1,2,0,0,0,1,0,0,0,3,0,0,2,0,0,0,2,0,0,0,0,0,0,0,1,0,0,0,0,0,0,0,0,0,2,1,0,1,0,1,1,0,0,1,1,0,0,0,0,0,0,1,1,0,0,0,0,1,1,0,0,1,0,0,0,0,0,0,1,1,0,0,1,1,0,2,0,2,0,0,1,3,0,0,1,0,1,1,0,0,1,0,0,0,0,0,0,0,0,1,0,0,0,0,0,1
0,1,0,0,2,1,0,1,0,0,0,0,1,1,2,0,2,0,1,0,0,1,0,0,0,0,0,0,0,0,1,1,1,0,1,1,0,0,1,0,0,0,1,0,0,1,0,1,0,2,3,0,3,0,1,2,0,0,0,0,0,1,0,0,1,0,0,0,1,0,1,0,0,1,1,0,0,2,0,0,2,0,0,0,1,2,0,0,1,1,0,1,0,0,0,0,0,2,0,0,0,2,0,1,0,0,0,0,1,0,0,1,0,1,0,2,0,0,0,0,1,0,0,0,1,0,0,0,0,0,0,0,0,1,0,0,0,1,0,0,2,0,0,0,0,1,2,0,1,1,0,0,0,0,0,0,2,0,39,253,255,253,71,1,0,0,0,1,0,0,0,0,1,0,1,0,0,1,0,0,0,63,62,1,0,63,181,252,255,251,72,0,0,0,0,1,0,1,0,0,0,0,1,3,0,0,0,2,183,242,215,0,16,222,250,250,237,174,20,1,0,1,0,1,0,1,1,0,1,0,0,0,0,1,21,143,254,212,93,0,190,252,252,252,144,1,0,2,1,0,0,0,0,1,1,0,1,1,0,1,0,95,213,254,204,19,0,146,255,253,252,109,0,0,0,0,0,0,1,0,1,1,1,0,0,0,0,1,33,227,253,253,20,0,32,237,254,253,221,14,2,0,0,0,0,1,1,0,2,0,0,2,0,1,8,36,212,251,245,132,0,11,149,252,254,252,197,0,2,21,0,0,0,0,1,0,0,0,0,0,0,2,36,252,251,251,131,0,0,72,253,254,254,251,70,0,145,206,41,2,1,0,0,0,0,1,0,0,1,0,182,255,252,252,71,1,0,74,253,252,255,210,111,191,255,253,73,1,0,0,0,1,1,0,0,2,0,63,241,251,253,252,123,73,41,114,251,251,253,252,251,252,253,232,52,0,0,0,1,0,1,2,0,0,1,71,254,252,254,253,252,252,222,242,251,253,253,254,252,253,237,153,0,1,1,0,0,0,0,0,0,0,2,72,253,253,251,252,252,251,254,252,252,251,252,254,252,252,144,0,1,0,0,0,0,1,0,1,0,0,0,43,160,252,253,253,252,251,255,253,252,253,255,253,237,144,0,0,0,0,0,1,1,0,1,1,0,0,1,0,4,120,210,188,230,252,253,251,254,253,221,137,30,0,0,0,1,0,0,0,2,0,1,0,0,0,0,0,0,0,29,10,52,156,254,249,251,253,159,6,0,1,0,2,0,0,0,1,0,1,0,2,0,1,0,0,1,0,0,0,0,0,254,254,255,253,253,119,1,2,1,0,0,1,0,0,0,1,0,0,0,0,1,0,0,2,0,0,1,0,192,253,252,253,255,251,134,1,0,3,1,0,0,0,0,0,0,0,1,1,0,0,0,2,2,1,1,1,78,243,250,252,253,251,172,0,1,2,0,1,1,1,1,0,1,0,0,0,0,0,0,0,1,0,0,0,1,103,221,252,251,219,62,2,1,0,1,1,0,0,0,0,0,0,0,0,0,0,0,0,0,1,0,0,0,0,16,190,108,12,1,1,0,0,0,0,0,1,0,0,0,0,0,0,0,0,0,0,1,1,0,0,0,0,0,0,0,2,0,0,0,0,2,1,2,0,0,0,0,1,1,1,0,0,0,0,0,0,0,0,0,0,0,1,0,1,0,0,0,0,1,0,0,2,0,2,0,0,0,3,0,1,0,0,2,0,1,0,0,0,0,0,0,0,0,0,0,1,0,1,1,0,0,0
0,0,2,0,0,1,0,0,1,0,0,0,1,1,0,1,1,2,1,0,0,2,0,0,0,0,0,0,2,1,0,0,0,0,0,0,0,2,0,1,0,0,0,0,0,0,0,2,0,0,0,0,0,1,0,1,1,1,0,0,0,1,1,2,1,0,1,1,0,0,1,1,0,0,0,0,0,0,0,0,1,0,0,2,0,1,1,0,1,0,0,1,0,1,0,1,0,0,0,0,0,0,1,0,0,0,0,0,0,1,0,0,1,0,0,1,0,0,0,0,0,0,0,0,0,0,2,0,1,0,0,0,0,0,1,0,0,0,2,2,0,0,0,1,0,0,1,1,0,23,246,87,4,11,1,0,0,1,0,0,0,0,0,0,1,1,0,0,0,1,0,0,0,0,0,0,0,0,79,239,178,203,0,1,0,1,0,0,0,1,0,0,1,0,0,0,2,0,0,0,0,1,1,0,0,1,2,185,253,250,0,0,0,0,0,0,1,2,1,0,0,0,0,0,0,0,0,1,0,1,1,0,0,0,0,182,251,253,0,0,1,0,0,0,0,0,0,2,0,0,0,1,2,0,0,2,0,0,0,1,0,0,0,132,251,252,106,0,0,0,0,0,0,1,0,0,1,1,0,1,0,2,0,1,1,0,0,0,1,1,0,32,228,252,243,49,0,1,0,0,1,0,0,1,0,1,1,0,0,0,0,0,0,0,0,1,0,2,0,0,132,251,255,113,0,0,0,0,0,0,1,0,0,2,0,0,1,0,0,0,0,0,1,0,1,0,0,0,67,215,253,219,18,0,0,0,0,0,1,0,0,2,0,0,1,1,0,0,0,0,0,0,0,0,2,0,0,19,252,252,113,0,0,0,1,0,0,0,0,1,1,1,0,0,0,0,0,0,0,2,2,1,3,0,1,0,254,253,182,1,0,1,0,0,0,1,0,0,1,1,0,0,1,0,1,0,1,0,0,1,0,0,0,0,255,254,186,0,2,1,0,0,1,2,0,0,0,0,0,0,0,0,0,0,1,0,1,0,0,0,2,0,157,254,196,8,1,0,1,0,1,0,0,0,0,0,0,0,0,0,1,1,0,1,0,2,0,0,1,0,18,228,251,44,1,0,0,0,1,0,0,0,2,0,0,1,0,0,0,0,0,1,0,0,1,2,0,0,1,162,250,45,0,0,0,0,1,1,0,0,0,1,0,1,1,1,0,1,0,0,0,2,1,0,0,0,1,58,251,150,0,1,0,1,2,0,0,0,0,0,0,0,0,1,0,0,0,0,1,0,0,2,0,0,0,48,253,162,1,0,1,2,1,0,1,0,1,1,1,1,0,0,0,0,0,0,3,0,0,1,1,0,0,48,253,161,0,0,0,0,0,0,0,1,0,0,0,1,0,0,0,1,0,0,0,0,1,1,0,1,0,45,251,159,0,0,1,0,1,1,1,0,1,0,1,1,1,0,0,0,0,0,0,0,0,1,1,0,0,47,252,237,20,0,2,0,1,1,1,1,1,0,0,0,0,0,0,0,1,0,0,1,0,0,0,2,0,4,136,116,1,0,0,0,1,1,1,0,0,1,0,0,0,0,0,0,0,0,0,0,1,0,0,0,0,0,0,1,1,0,0,1,1,0,0,2,2,0,0,0,0,0,3,1,1,0,0,0,0,0,0,0,0,2,0,0,0,0,0,0,0,1,0,0,0,0,0,1,2,0,0,1,0,0,0,0,0,0,2,0,1,0,0,0,0,1,0,1,0,0,0,0,1,0
0,0,0,2,0,0,2,0,0,0,0,1,0,0,0,1,0,0,0,0,0,0,0,0,0,0,0,0,0,0,0,0,0,0,0,2,0,0,1,0,1,2,0,2,0,0,0,0,2,1,2,0,1,0,0,1,0,0,1,1,1,0,1,0,0,0,0,0,0,0,1,1,0,0,1,1,1,0,0,1,1,0,0,0,0,0,0,0,1,1,0,0,1,2,0,0,0,0,0,0,2,0,0,1,0,0,0,0,0,0,1,2,0,1,0,0,0,0,0,1,0,1,1,0,0,1,2,0,1,0,0,1,1,0,0,0,2,0,0,0,0,1,0,0,1,0,0,0,0,0,0,1,0,1,0,0,0,0,0,1,0,0,0,0,0,0,0,0,0,1,0,0,1,0,0,27,136,56,19,17,18,17,18,38,138,45,3,0,0,0,2,0,1,0,0,0,0,1,0,0,0,0,2,251,254,252,252,252,253,253,254,252,252,253,43,1,0,1,1,0,2,0,0,0,0,1,2,0,1,0,0,255,254,254,255,253,253,252,253,253,252,254,42,0,0,1,0,0,1,0,1,0,2,0,0,0,1,1,2,72,182,158,64,160,212,253,254,253,253,232,30,0,2,0,1,0,0,0,1,0,0,0,0,0,0,0,2,1,2,0,0,1,58,249,252,254,232,61,0,1,0,0,0,0,1,1,1,1,1,0,0,1,0,0,0,0,1,1,0,0,13,243,253,253,248,51,0,0,1,1,0,0,0,0,0,0,0,1,0,0,0,0,1,0,0,0,0,0,0,186,253,252,193,4,1,0,1,0,0,0,1,0,2,0,0,1,1,0,0,1,0,0,3,25,113,143,142,249,253,254,95,23,23,24,24,26,21,24,23,24,11,0,0,1,0,0,0,0,0,1,29,242,253,253,254,254,251,254,253,252,253,254,252,253,254,252,252,237,168,0,1,0,1,0,0,0,0,1,0,50,109,215,252,252,254,254,255,253,252,252,252,253,211,194,156,45,1,0,1,0,0,1,0,2,0,0,1,0,0,90,255,252,254,241,232,193,176,69,61,60,21,0,0,2,1,0,2,1,0,0,0,0,1,0,0,1,0,87,254,253,253,167,29,10,0,0,2,2,0,1,0,1,0,0,0,0,1,2,0,1,0,1,0,0,0,89,250,254,254,93,0,0,0,1,0,0,1,0,0,0,0,0,2,0,0,2,0,0,0,0,2,2,0,89,252,251,230,3,1,2,1,0,0,0,0,0,0,0,1,0,0,0,0,0,0,0,0,0,0,0,0,89,255,252,243,55,0,0,0,0,0,0,1,0,0,0,0,0,0,0,2,0,0,0,1,0,0,1,0,88,252,251,253,93,0,1,0,2,0,1,0,0,0,1,1,1,0,0,0,0,0,0,0,0,0,0,0,89,252,253,253,93,1,0,1,0,1,0,0,1,0,1,0,0,0,0,1,1,0,1,1,0,1,0,0,90,252,253,234,20,0,1,1,1,0,0,1,1,0,0,0,0,0,2,0,0,1,0,0,1,0,1,1,90,252,253,229,0,1,0,1,0,0,0,2,1,0,0,0,0,0,0,2,0,0,2,0,0,0,0,1,7,122,134,69,0,1,0,0,0,0,1,1,0,1,1,0,0,0,0,0,2,0,0,0,0,0,0,1,1,0,0,1,1,0,1,0,1,0,0,1,0,0,0,0,0,1,0,0,3,1,0,0,1,0,0,1,0,0,0,0,1,0,0,2,2,0,1,1,0,0,0,0,0
1,0,1,0,0,1,0,0,2,0,1,0,0,1,0,0,0,0,0,0,1,0,1,1,0,1,0,0,0,0,0,1,0,0,0,0,1,1,0,0,0,1,0,0,0,0,0,0,0,0,1,0,0,0,0,0,0,3,0,1,0,2,0,0,0,0,0,0,1,0,0,1,0,1,1,0,1,0,3,0,0,1,0,0,1,1,1,0,0,0,1,2,0,0,0,0,0,0,0,21,157,242,248,129,0,1,1,0,0,0,1,1,2,0,1,2,1,0,0,1,0,1,0,0,0,5,87,241,241,198,221,251,153,4,0,1,0,0,0,0,2,0,1,0,1,2,1,0,0,0,0,0,20,168,253,242,41,0,16,177,254,109,1,0,0,1,0,0,0,0,0,0,0,0,0,0,2,2,0,0,144,253,207,40,0,0,0,52,236,121,0,0,0,0,0,0,0,0,0,0,1,1,0,1,1,0,0,70,244,239,22,0,0,0,1,0,0,0,2,0,0,1,0,0,0,0,0,0,0,1,0,2,0,0,23,209,242,71,0,0,0,0,0,0,0,3,1,1,1,0,0,0,1,0,0,1,0,1,0,0,0,19,207,252,145,1,0,0,0,0,0,1,2,0,0,0,0,0,0,1,0,0,1,0,0,1,0,0,0,136,255,224,17,0,0,0,0,0,0,0,1,0,0,0,1,0,2,0,0,0,0,0,0,0,1,1,19,238,255,89,0,0,0,1,0,0,0,0,0,1,0,0,2,1,0,0,0,1,0,0,0,1,0,1,109,254,203,5,2,0,0,0,1,3,0,0,2,0,0,0,0,0,0,1,0,0,0,0,1,0,3,2,135,253,182,1,0,0,1,0,0,1,1,2,0,1,0,1,0,0,0,0,0,0,0,0,1,0,0,0,116,254,129,0,0,1,0,0,0,0,0,0,0,2,0,0,1,1,1,0,2,1,0,1,0,0,0,0,154,254,91,0,0,0,0,0,0,0,0,0,0,0,1,3,0,0,0,1,0,1,0,0,0,1,0,28,237,251,129,0,0,1,0,12,19,18,18,12,1,1,0,0,0,0,1,0,2,0,0,0,1,0,0,28,238,253,181,0,0,37,125,228,253,253,253,226,65,0,0,1,1,0,0,0,0,0,0,0,0,0,0,1,139,252,201,3,153,254,255,255,187,191,255,254,204,6,1,0,0,0,0,2,0,0,0,0,0,0,1,0,89,255,254,236,249,225,110,19,1,1,203,254,253,19,0,1,2,2,0,1,0,0,0,0,0,1,1,0,5,145,254,252,253,126,1,0,7,50,225,253,146,3,1,0,0,0,0,2,0,2,1,0,1,1,0,2,0,20,210,251,253,247,198,200,210,251,251,169,20,0,1,0,0,0,0,0,1,0,2,1,1,1,0,0,0,0,21,124,175,254,253,253,253,205,86,0,0,1,0,0,1,0,0,0,0,0,2,0,1,0,1,0,0,0,0,0,0,1,0,0,0,0,0,0,0,1,1,0,0,0,0,1,0,0,0,0,0,1,0,0,1,0,0,1,2,0,0,0,0,1,0,0,0,1,0,0,1,1,0,0,1,0,0,0,1,0,1,0,1,0,1,0,0,1,0,0,0,1,0,2,1,0,0,0,3,0,2,1,0,1,0,0,1,0,0,1,0,0,0,0,2,0,0,0,0,0,0,1,1,1,0,1,0,0,0,0,0,0,0,0,0,0,0,0,0,1,1,3,0,0,1,1,0,0,0,0,0,1,0,0,1,1,0,1
1,0,1,0,1,0,0,1,0,0,0,0,0,0,1,0,0,0,1,0,0,0,0,1,0,1,0,0,1,1,0,1,0,1,0,1,0,1,1,2,1,0,0,0,0,0,0,1,0,0,0,0,1,3,1,0,1,0,0,1,0,1,0,0,0,0,1,1,0,0,0,2,0,0,0,0,2,2,0,0,0,1,0,0,0,0,0,1,0,1,0,0,0,1,1,0,0,0,0,0,1,0,0,0,2,0,2,0,0,0,0,0,0,0,1,0,1,1,0,0,0,0,0,0,1,1,0,1,2,2,1,0,0,2,0,0,1,0,0,0,0,0,1,1,0,0,1,0,2,0,0,0,0,1,1,1,0,0,1,0,0,0,2,1,1,0,0,1,0,0,1,0,0,0,0,0,1,1,38,123,246,255,254,246,120,10,0,1,0,0,1,0,1,0,0,0,0,2,0,0,0,0,1,1,56,175,253,252,253,251,254,252,253,155,3,0,0,0,1,0,0,0,0,0,0,1,0,0,0,0,0,2,192,254,253,253,252,249,247,252,252,251,104,0,0,2,0,0,0,0,0,0,0,2,0,0,2,0,3,125,255,253,242,210,111,38,0,156,255,254,190,17,0,0,0,0,1,1,0,0,0,1,0,0,1,1,6,254,253,252,139,0,1,0,0,14,225,254,254,116,1,0,0,0,0,1,0,0,0,1,0,0,0,0,5,252,253,141,2,1,1,0,0,2,76,252,254,219,26,0,1,1,0,0,1,0,1,1,2,0,0,0,72,253,240,23,1,0,0,0,1,13,221,254,253,253,152,0,0,0,0,0,0,0,0,1,2,1,0,0,114,253,236,22,0,1,0,1,31,192,254,254,254,255,231,5,0,1,0,0,0,1,0,0,2,0,1,0,60,253,252,127,0,1,2,38,170,252,252,255,252,254,159,0,0,0,0,1,0,1,0,0,0,0,0,0,6,254,251,212,96,55,158,253,252,252,251,252,254,242,73,1,0,0,0,0,0,0,1,0,1,1,0,0,2,133,253,253,255,254,254,252,253,253,214,254,253,188,0,0,1,0,0,0,0,0,1,0,0,1,0,0,0,4,96,173,243,253,251,232,191,22,63,254,253,86,1,0,0,0,0,0,0,1,0,1,0,1,2,0,1,0,0,0,54,85,80,0,0,0,22,222,236,28,0,0,0,0,0,0,0,0,0,0,0,0,1,1,0,0,0,0,0,1,1,1,0,0,25,224,226,0,0,0,0,1,1,0,0,1,0,1,0,0,1,3,1,0,0,1,0,1,0,0,0,1,72,253,124,0,1,0,0,0,1,0,0,0,0,1,0,0,0,1,1,0,0,0,0,0,0,1,0,0,168,253,193,0,0,1,0,0,0,2,0,0,0,0,0,0,0,0,0,0,1,0,1,0,0,0,0,1,169,255,236,34,0,2,0,0,1,0,0,0,1,2,0,1,0,1,0,2,0,0,0,1,1,0,1,2,168,253,255,82,0,0,2,0,0,0,1,0,0,0,0,0,0,0,1,1,0,0,0,1,0,0,0,0,166,253,253,82,0,1,1,0,2,0,0,0,0,1,0,0,0,0,0,1,0,0,1,0,0,0,1,0,96,232,241,47,1,1,0,0,1,0,0,1,1,1,1,0,1,0,0,0,2,0,0,0,1,0,2,0,3,1,0,1,0,1,1,0,1,0,0,0,0,0,0,1,0,1,0,2,0,1,1,1,1,0,1,0,0,0,0,1,1,1,0,0,0,1,0,2
0,0,2,1,1,0,0,1,3,0,0,3,0,1,1,1,0,0,0,0,0,0,0,0,0,0,0,2,0,0,0,0,1,0,1,1,1,1,2,0,0,1,0,0,0,1,0,0,0,0,1,0,1,0,0,1,0,0,0,1,0,1,0,1,2,0,0,0,126,223,52,2,0,0,1,0,2,0,0,0,1,0,0,0,0,0,0,1,0,1,1,0,1,1,1,64,227,219,103,0,0,1,0,2,0,0,1,1,1,2,0,2,0,0,0,0,0,1,0,0,1,0,12,235,140,5,4,0,0,0,0,1,0,0,0,0,1,0,1,0,0,0,0,0,0,0,1,0,0,0,119,227,23,0,1,1,2,0,0,0,0,0,0,0,0,0,1,0,0,0,0,0,0,0,0,0,1,1,238,133,0,1,1,0,0,0,0,0,1,0,0,2,0,2,1,0,0,0,1,1,0,1,0,0,1,13,243,93,1,1,0,0,1,1,1,1,0,1,2,1,0,1,0,0,0,0,0,0,0,0,0,0,2,84,243,21,0,1,0,3,0,0,0,0,1,0,0,3,0,1,1,1,0,0,2,0,2,1,2,1,0,188,235,1,0,0,0,0,0,0,0,0,1,3,0,0,0,2,0,0,2,1,0,1,2,1,0,0,2,210,169,0,1,1,0,0,0,64,153,151,135,74,2,0,1,0,0,0,0,0,1,0,1,0,0,0,25,254,88,0,0,1,0,5,141,253,224,211,181,243,70,0,1,1,1,0,0,0,0,0,0,0,0,0,24,253,67,0,0,0,2,160,254,107,7,0,0,81,224,15,1,0,0,0,0,0,1,1,1,0,0,0,57,254,16,2,0,0,150,231,68,1,0,1,0,9,233,24,1,1,3,1,0,0,0,0,0,0,0,0,78,255,15,0,0,26,230,66,0,0,0,0,0,1,195,87,0,0,0,0,1,1,0,0,0,1,0,0,75,255,45,0,0,116,251,7,0,0,0,0,1,0,198,100,0,0,0,1,0,0,0,0,1,2,1,2,13,231,148,0,0,62,255,69,0,1,1,2,0,5,210,84,0,0,0,1,2,0,0,0,0,0,2,0,0,203,232,6,2,42,253,76,0,0,1,0,1,113,234,18,2,0,0,0,0,0,1,1,1,0,1,0,1,84,251,146,1,1,153,230,133,122,124,63,92,248,66,0,0,0,0,0,0,1,0,1,0,1,1,1,0,1,170,249,137,23,9,83,99,102,109,146,192,51,0,2,0,2,0,0,0,0,0,0,1,1,0,1,0,1,5,136,252,223,145,115,115,195,252,188,49,0,0,1,0,0,0,1,0,2,0,0,1,0,0,1,0,1,0,1,53,142,204,245,179,130,67,2,1,0,1,1,0,1,1,0,2,1,0,0,0,0,0,0,0,0,0,0,0,1,1,0,0,0,2,0,0,0,0,0,1,0,0,0,1,0,0,0,0,0,1,1,0,0,0,0,1,0,0,1,2,0,0,0,0,0,1,0,0,0,0,0,0,1,0,0,0,1,0,0,2,2,1,0,1,2,0,0,0,1,0,0,0,0,1,0,0,0,0,1,1,0,0,0,1,1,0,0,0,0,0,0,0,0,0,2,0,0,0,0,0,0,0,0,0,0,1,2,0,2,0,0,0,0,0,1,0,1,0,0,0,0,1,0,1,0,0,1,1,2,0,0,0,0,0,0,0,1,0,0,0,0,0,0,0,0,1,0,1,0,1,0,0,0,0,2,0,0,2,0,0,1,1,0
0,1,1,0,0,2,0,2,0,0,0,0,1,0,0,0,0,0,0,0,0,0,2,1,1,0,1,0,2,0,1,0,0,0,0,0,1,0,0,0,0,0,1,1,0,2,0,0,0,1,0,1,0,0,1,0,0,0,0,0,1,1,0,0,0,0,0,0,0,0,0,0,0,0,0,1,0,0,1,0,1,1,0,0,0,0,0,0,0,0,0,1,0,0,0,1,0,3,1,0,0,0,0,0,1,0,0,0,1,0,0,0,0,1,0,0,0,1,0,0,0,0,0,0,2,0,1,1,0,1,0,0,0,0,0,1,0,1,0,0,0,0,0,0,0,0,2,0,0,0,0,0,0,38,195,227,65,83,155,20,0,0,0,0,1,1,0,0,0,0,0,0,0,0,0,1,0,0,0,0,41,224,254,254,250,213,252,209,21,0,1,1,0,0,0,0,1,1,0,0,1,0,1,2,0,0,0,136,203,254,227,207,252,110,213,254,205,9,0,0,0,0,2,0,0,0,1,0,0,1,0,1,0,0,133,248,252,169,41,151,183,21,104,245,254,63,0,0,0,1,0,2,0,0,0,0,0,0,0,0,1,98,253,252,206,35,0,0,0,0,6,78,190,237,58,2,0,0,0,1,0,0,0,0,0,1,0,0,44,255,255,254,35,0,0,1,0,0,1,2,106,254,183,2,0,0,0,0,0,1,0,2,2,1,0,20,226,251,253,131,4,0,0,1,0,0,0,1,5,152,226,13,0,0,1,1,0,0,0,0,0,0,0,37,253,253,159,9,1,0,2,0,0,1,1,0,0,68,246,46,0,2,1,0,1,2,0,0,0,0,0,75,252,253,1,0,1,0,0,0,1,1,0,0,0,61,233,25,0,1,0,1,1,0,0,0,0,0,2,158,253,253,1,2,1,0,0,0,0,0,0,0,0,113,240,36,1,0,0,0,0,0,1,0,1,0,2,186,253,226,0,0,0,0,0,0,0,0,0,0,1,56,242,38,0,0,0,0,2,0,0,0,1,1,50,251,255,80,0,0,0,0,0,0,0,0,0,0,42,234,216,1,0,0,1,1,0,0,0,2,1,0,55,252,254,73,0,1,0,1,0,0,1,0,1,0,118,253,172,1,0,1,0,2,0,0,1,0,0,1,32,230,253,84,1,0,0,1,0,0,0,1,1,40,233,252,55,0,1,1,0,1,0,0,0,0,0,0,1,60,253,253,0,0,0,0,0,0,1,0,40,180,254,181,10,1,0,0,0,0,1,0,0,0,0,1,0,28,211,254,170,5,0,0,0,0,0,0,168,255,234,14,0,0,0,1,1,0,0,0,0,0,0,0,1,0,108,252,252,101,7,0,0,0,51,156,248,233,110,0,1,0,0,0,2,1,0,1,0,1,1,0,0,1,23,137,254,254,222,180,127,218,239,252,233,48,2,2,1,2,0,0,0,0,0,1,0,0,0,2,0,0,0,21,145,226,252,253,252,255,249,189,84,1,0,0,0,0,0,0,0,0,2,2,0,0,2,0,0,0,0,1,0,0,62,72,169,103,57,0,1,0,1,0,2,1,2,0,0,1,1,0,0,0,0,0,0,0,0,0,1,0,1,0,0,0,0,1,0,1,0,2,0,0,1,0,1,0,0,1,1,0,0,0,0,1,0,0,0,2,1,0,0,0,0,1,1,0,0,1,1,0,0,0,1,0,1,0,0,0,0,1,0,1,1,1,0,0,0,0,1,0,0,1,0,0,0,0,0,1,1,0,2,1
1,0,0,0,0,0,0,1,0,0,0,0,0,0,0,0,0,0,1,0,2,2,1,0,0,0,0,0,1,0,1,0,0,1,0,0,0,0,0,0,0,0,0,0,0,0,0,1,1,0,0,0,0,0,0,0,0,0,0,0,0,1,2,0,1,0,1,0,1,2,0,0,0,0,2,2,0,1,0,0,0,0,1,2,1,0,0,0,0,0,0,1,0,1,0,0,0,0,0,0,1,0,1,1,0,1,0,1,0,0,1,0,0,0,1,0,0,1,1,1,0,0,1,0,1,1,0,0,1,0,0,0,0,0,0,2,0,0,0,0,0,0,0,0,1,0,0,0,0,0,0,0,0,0,2,0,0,0,1,2,1,0,1,1,0,1,0,1,1,0,2,1,0,0,0,0,0,1,0,22,4,1,6,30,30,93,141,140,141,243,216,216,79,0,1,1,0,0,0,0,0,0,0,1,102,168,168,234,177,169,188,253,253,254,255,253,255,254,252,254,138,1,0,0,0,2,0,1,0,0,0,66,235,255,252,254,253,253,255,188,167,169,167,82,58,79,253,224,43,0,0,0,0,0,0,0,0,0,24,226,252,190,216,255,203,78,28,7,0,0,1,0,0,4,80,20,0,0,1,0,0,0,0,1,1,42,254,255,189,0,51,226,24,0,0,0,1,0,0,0,0,0,0,0,1,1,0,0,2,1,1,1,1,143,251,254,218,171,96,56,33,0,0,0,3,0,0,0,0,0,0,2,1,0,1,1,1,0,1,0,0,55,253,254,253,255,254,254,228,135,67,0,1,1,0,0,0,0,0,0,0,0,0,1,1,1,0,1,0,5,29,27,29,26,52,178,255,251,247,137,63,1,2,0,0,0,0,0,0,1,0,0,0,0,0,0,0,0,1,2,0,0,0,0,50,126,245,254,254,130,8,0,1,0,0,0,0,0,0,1,0,0,0,0,1,0,0,1,1,0,0,0,0,1,59,171,249,252,172,12,0,0,0,1,1,0,2,0,0,0,0,0,0,0,0,2,0,1,1,0,1,0,0,0,138,253,253,94,0,0,0,0,2,0,1,0,0,0,0,0,0,1,0,0,0,2,0,0,0,0,1,0,13,104,253,204,14,0,2,0,0,0,0,0,1,0,0,0,0,1,1,0,0,2,0,0,0,0,0,0,0,91,254,253,78,2,0,2,2,0,1,0,0,0,0,0,0,0,2,0,0,1,2,0,0,0,2,1,26,217,253,255,28,1,0,0,0,0,0,0,0,0,0,2,1,0,0,0,1,0,0,0,2,0,0,66,209,255,253,98,5,0,0,0,0,0,0,0,2,1,0,0,0,1,0,0,0,0,1,1,2,1,73,224,254,254,153,6,0,0,1,0,0,0,0,0,0,0,0,1,0,0,1,74,3,0,1,0,24,205,254,255,242,148,0,1,0,0,1,0,0,0,0,0,0,0,0,1,0,1,1,199,128,57,81,169,243,253,253,208,59,1,2,1,0,2,1,1,0,0,0,1,0,0,0,1,1,0,0,160,253,255,253,252,253,244,142,14,0,0,0,0,2,1,0,0,2,0,1,1,1,0,0,1,0,0,1,10,129,203,253,217,140,25,0,0,0,0,0,0,0,1,1,1,1,0,1,0,0,1,1,1,0,0,1,1,0,1,1,1,0,0,0,0,0,0,1,0,0,0,0,0,0,1,1,2,0,0,0,0,0,0,0,0,1,0,0,1,0,0,0,0,0,0,0,0,0,2,0,0,0,0,0,0
1,0,0,1,1,1,0,0,1,1,1,0,2,0,0,0,0,0,0,0,1,0,1,1,2,0,0,0,0,0,1,0,0,0,0,0,0,0,0,0,0,0,1,0,0,0,0,0,3,0,0,1,0,1,0,1,0,0,0,0,0,0,0,0,0,1,1,0,1,1,0,1,1,2,0,0,0,0,0,0,1,1,1,1,0,0,0,0,0,1,0,0,0,0,0,0,0,0,0,1,0,0,2,1,0,0,0,1,0,0,2,0,0,0,1,0,0,0,0,0,0,1,1,0,0,0,0,0,0,0,80,225,56,0,1,2,0,0,0,1,0,0,1,0,0,2,1,0,0,0,0,0,0,0,1,0,1,0,162,255,214,0,1,3,0,2,0,1,1,0,0,0,0,0,0,0,1,1,0,0,0,1,0,1,0,0,216,253,213,1,0,0,2,1,1,0,0,0,2,2,1,1,3,85,174,43,0,0,0,0,1,2,0,0,214,255,124,0,1,0,0,0,1,0,0,0,0,1,0,0,0,197,254,78,1,0,2,1,0,0,1,23,228,254,118,0,0,0,0,0,2,0,1,2,0,0,0,0,0,155,252,174,0,0,0,0,0,1,0,36,241,255,96,0,0,0,0,0,0,0,0,1,1,0,2,0,1,155,250,181,2,0,0,0,0,0,0,59,253,253,18,1,1,0,0,0,1,0,1,1,0,0,0,1,2,155,251,229,13,1,0,0,0,1,1,60,254,253,20,0,0,2,0,1,0,2,0,1,0,1,0,0,0,248,252,161,0,1,1,0,0,0,1,149,255,253,18,0,1,1,0,0,0,0,1,0,0,0,0,54,135,253,207,47,0,0,0,0,1,0,0,155,253,255,20,0,0,0,0,0,1,0,0,0,0,3,89,245,254,254,162,43,10,37,1,0,0,2,1,155,255,255,20,1,0,0,0,0,0,0,1,0,0,148,252,253,252,254,253,241,221,239,217,214,213,215,214,241,254,187,3,0,1,1,1,0,0,0,2,0,0,215,252,254,252,221,248,200,253,253,254,250,252,253,255,255,252,172,0,1,0,1,2,0,0,0,1,1,0,55,47,27,17,11,17,7,22,94,57,63,80,79,169,255,253,174,0,1,0,1,0,1,0,0,1,0,0,1,0,0,0,0,0,0,0,0,0,0,0,0,99,254,254,174,1,0,0,1,0,0,2,2,0,0,0,0,0,0,0,0,0,1,0,1,1,2,0,0,96,255,254,174,0,0,0,0,1,0,1,0,2,1,1,0,0,1,0,1,0,0,0,0,0,0,0,1,99,253,253,174,1,2,0,0,2,0,0,2,1,0,0,0,1,1,1,0,0,0,0,0,0,2,1,0,68,226,252,174,0,2,0,0,0,1,0,3,0,0,0,0,0,0,0,0,0,0,0,0,1,0,2,0,1,156,254,174,0,0,0,0,0,2,0,1,1,0,0,0,0,0,0,0,0,0,0,2,0,1,2,0,0,96,222,40,0,0,1,0,0,0,0,0,1,0,0,0,0,0,0,0,0,1,1,2,0,0,0,0,0,0,0,0,1,1,0,0,0,1,0,1,0,2,0,0,1,1,0,0,0,2,0,1,0,1,0,0,0,1,0,1,0,0,0,0,0,0,0,0,0,0,1,0,0,1,0,1,1,1,0,1,0,0,0,0,1,1,0,1,0,1,0,0,0,0,0,0,0,1,0,0,0,0,0,0,0,0,0,1,1,1,1,1,2,0,0,0,0,0,2,0,0,2,0,0
1,0,0,0,0,1,0,0,0,0,0,1,0,0,0,0,0,0,2,0,0,1,0,0,1,0,1,1,0,1,0,0,0,0,0,1,0,0,0,0,0,0,0,0,0,0,0,1,1,0,0,0,1,0,1,0,1,0,0,0,1,1,0,0,0,0,0,0,0,1,0,2,0,0,1,0,0,0,0,0,0,0,0,1,0,0,0,0,0,0,1,0,0,0,0,0,0,0,0,0,1,0,0,0,0,0,0,0,0,0,0,1,0,0,0,0,2,1,0,1,0,0,1,0,0,0,0,1,0,0,0,0,0,2,0,0,1,0,1,0,0,1,1,0,0,1,1,2,3,0,0,0,1,0,1,0,0,0,0,0,0,1,1,0,0,0,2,0,0,0,0,0,0,0,0,0,0,14,144,254,254,255,254,180,31,0,0,0,1,0,1,0,0,0,2,0,0,0,0,1,0,0,0,0,61,212,253,251,252,197,235,252,233,12,0,0,0,1,0,0,0,2,0,1,0,0,1,2,0,0,0,60,241,255,230,89,55,5,48,181,252,89,0,0,1,1,0,1,0,0,0,1,0,1,0,0,1,0,12,209,252,199,35,0,0,0,1,28,233,246,52,0,0,0,0,0,0,0,0,1,1,0,0,0,2,0,131,252,252,76,2,0,1,0,0,0,14,127,65,0,1,1,0,0,0,0,0,0,0,0,0,0,0,1,211,253,197,0,1,0,0,0,0,1,0,0,0,0,1,0,0,1,0,0,1,0,2,0,0,0,2,0,243,253,123,1,1,0,0,1,1,0,0,0,0,0,1,0,0,0,2,0,0,0,0,0,0,2,2,0,244,255,123,0,1,2,1,1,1,0,0,0,0,1,2,1,0,0,0,1,0,0,1,0,0,0,1,0,155,253,222,111,59,0,51,110,149,213,213,214,212,122,79,0,0,0,0,0,0,0,2,0,0,0,1,1,17,214,254,253,247,156,238,254,253,254,253,253,253,254,227,23,0,0,0,1,1,0,1,0,0,1,0,0,0,72,196,155,156,154,155,153,155,53,51,50,52,151,254,35,1,0,1,0,1,1,1,0,0,0,0,0,1,0,1,0,1,1,0,0,1,0,1,0,1,228,254,136,0,1,0,0,0,1,0,0,1,0,0,0,0,0,1,0,0,0,0,2,0,0,1,1,0,228,253,139,0,1,0,0,0,0,0,0,2,1,0,1,0,1,1,2,0,0,0,0,0,0,0,1,72,252,254,85,0,1,0,0,0,0,0,0,0,1,0,1,0,1,0,1,0,0,0,0,0,0,0,0,110,255,252,36,0,0,0,0,1,0,1,1,0,2,0,0,0,0,0,1,0,0,0,0,0,0,0,0,181,251,193,4,0,3,1,1,2,0,0,2,0,0,0,0,1,0,0,0,1,1,0,0,2,0,1,1,182,254,186,0,0,1,0,1,0,0,0,0,0,0,0,0,0,0,1,1,1,0,0,0,1,0,0,0,182,253,190,1,1,0,0,0,0,1,0,2,0,0,1,0,1,0,1,1,1,0,0,0,2,1,1,1,160,252,254,36,0,0,0,0,0,0,0,0,1,1,0,1,0,0,0,0,0,0,0,1,0,0,0,0,15,190,153,8,0,0,0,2,0,1,0,0,0,1,0,0,0,0,0,0,0,1,0,0,0,0,0,0,0,0,1,1,0,1,1,0,1,0,0,0,1,0,1,1,0,0,0,0,0,0,0,0,1,0,0,0,1,2,2,0,0,0,1,1,0,0
0,0,1,0,1,0,0,0,1,0,0,3,0,0,0,1,1,0,0,0,0,0,0,1,1,0,0,0,0,0,0,1,1,0,1,0,1,0,0,1,1,0,0,2,1,0,0,0,1,0,0,2,1,0,1,0,0,0,0,0,0,0,0,0,0,0,2,1,0,0,1,1,1,0,0,1,0,0,0,0,0,0,1,0,0,1,0,0,0,0,0,1,0,0,0,1,0,1,0,0,1,1,0,0,0,1,1,0,0,2,0,0,1,1,1,1,0,0,0,0,0,0,0,0,0,1,0,1,1,0,2,2,1,0,0,0,0,0,1,1,0,0,0,1,1,0,0,2,0,0,0,1,0,0,0,1,0,0,2,0,0,0,0,1,1,2,0,0,0,0,2,0,0,0,0,0,1,0,0,0,0,1,0,1,0,0,0,1,0,1,0,0,1,0,1,0,0,0,1,0,0,0,0,0,0,0,1,75,160,167,166,204,192,166,32,0,0,4,0,1,1,0,3,0,1,1,0,0,0,0,0,0,1,118,242,253,255,255,254,207,214,253,248,126,0,1,1,0,0,2,0,0,0,1,2,2,0,1,1,0,70,248,254,199,66,27,26,6,10,27,169,246,130,1,0,0,0,1,0,0,0,0,1,0,0,0,0,5,195,252,129,17,0,0,0,0,0,1,9,236,189,0,1,0,0,0,0,1,0,0,0,0,0,0,0,146,253,166,2,0,0,0,1,0,0,0,115,213,9,1,0,0,1,0,1,0,1,0,0,0,0,0,2,216,246,42,0,1,0,0,0,0,1,65,251,201,0,1,1,1,1,0,0,1,1,0,0,1,2,0,1,216,233,2,0,0,0,0,0,1,34,229,255,139,0,0,0,0,1,2,0,1,2,0,0,0,0,1,1,216,246,68,0,0,0,1,0,92,228,253,211,10,1,0,0,0,2,1,0,0,0,0,1,0,0,0,1,194,254,247,177,149,149,148,222,251,251,255,133,0,0,1,2,1,0,2,1,0,0,0,0,0,0,0,1,15,175,254,253,255,252,254,233,141,218,255,52,0,0,0,1,1,0,1,0,0,1,0,1,0,0,0,0,0,5,75,74,134,115,43,24,0,185,255,9,2,1,1,0,0,1,0,2,0,0,0,1,1,2,1,3,0,0,1,0,0,1,0,0,0,185,255,47,0,1,0,0,0,0,1,1,1,0,1,0,1,0,0,0,1,0,1,0,0,0,1,0,3,182,255,98,0,1,0,1,0,0,0,0,0,1,0,1,0,1,2,0,0,0,0,2,1,0,2,1,0,184,255,97,2,1,0,1,1,0,1,1,2,0,0,0,0,1,0,0,0,3,1,1,0,0,0,1,0,185,254,74,0,0,0,0,0,0,0,1,2,0,2,1,1,0,1,0,0,0,0,2,0,0,0,0,0,184,254,8,0,0,1,1,1,1,0,1,0,2,0,0,0,0,0,0,0,1,1,0,0,0,1,2,17,245,213,4,0,0,0,0,0,0,1,1,0,0,0,1,1,0,0,1,0,0,0,0,2,0,0,2,60,255,174,1,0,0,0,0,1,0,1,0,0,0,0,1,0,0,0,0,0,0,0,0,0,0,1,0,109,255,103,0,0,1,1,0,0,0,0,0,0,1,0,0,1,0,1,0,0,0,0,0,1,0,0,0,108,218,0,0,0,0,1,1,0,1,0,0,1,0,0,0,0,0,1,1,0,0,0,1,0,1,1,0,0,1,0,0,1,1,1,2,1,0,0,1,0
0,1,0,0,0,0,0,0,1,0,1,0,0,0,0,1,0,0,0,0,1,0,1,0,0,0,1,0,0,0,0,0,1,0,0,0,1,1,0,1,0,1,0,0,0,0,0,0,0,0,1,0,1,0,0,0,0,0,0,0,2,0,1,0,0,0,1,0,1,0,1,0,0,2,0,2,0,0,0,0,0,0,0,0,0,0,0,1,0,0,1,1,0,0,3,0,0,0,0,0,0,0,0,0,0,0,0,0,0,0,1,0,0,0,2,0,1,1,0,0,1,0,0,2,94,137,136,193,137,132,19,14,0,0,0,0,0,0,0,1,1,0,1,0,0,0,0,0,12,36,149,57,254,253,252,200,237,212,190,237,125,6,0,0,0,0,1,0,0,0,1,1,0,0,13,53,179,254,255,255,200,112,145,102,47,1,61,224,183,149,8,0,1,0,1,0,2,0,0,1,0,1,54,253,253,254,253,172,23,0,0,2,0,0,1,154,238,253,34,0,0,1,1,0,0,0,0,0,0,0,52,255,252,219,50,1,0,1,1,2,1,0,1,126,214,254,76,1,1,0,0,0,0,1,1,0,0,1,9,118,50,18,0,1,1,0,1,0,0,0,0,27,159,198,154,0,1,0,1,0,0,0,0,0,0,0,2,0,0,0,0,1,0,0,1,0,0,0,0,0,35,232,153,0,0,0,0,0,0,0,0,0,1,0,1,0,0,0,1,0,1,0,0,0,1,0,0,7,84,253,152,1,0,1,0,1,0,0,0,0,0,0,0,1,0,2,2,0,1,0,0,0,0,0,0,124,255,253,79,0,0,1,1,0,0,0,1,0,0,2,0,1,0,0,0,1,0,0,0,0,1,0,19,226,253,255,36,0,0,0,0,0,0,0,0,0,0,0,0,1,0,0,1,0,2,0,1,0,1,0,67,255,253,254,35,0,1,0,0,1,0,0,0,1,0,0,0,0,0,0,48,94,95,95,94,15,1,1,146,254,255,140,6,0,1,0,0,0,0,2,1,0,1,1,0,1,94,217,242,255,254,255,255,234,232,121,245,254,196,4,3,0,0,0,2,0,1,1,1,1,0,0,28,220,254,254,240,123,123,71,34,4,63,250,255,255,189,0,1,0,2,1,0,1,0,0,2,0,1,1,55,253,254,192,4,0,0,0,1,12,186,255,254,254,189,1,0,0,0,0,0,1,0,0,1,1,1,47,185,252,237,66,1,2,0,0,73,199,254,208,207,237,230,34,0,0,0,0,0,2,1,0,1,1,13,227,255,254,80,2,1,0,0,74,239,253,171,2,0,123,236,53,1,0,1,0,0,1,1,1,1,0,20,254,252,255,47,0,40,84,157,238,255,84,30,1,1,0,70,37,0,0,1,0,0,0,0,0,0,0,4,123,254,254,185,152,237,195,127,91,35,7,0,1,0,0,1,0,0,0,0,0,0,0,0,0,0,0,0,3,73,108,233,149,187,7,7,0,0,1,0,0,2,2,0,0,0,1,0,0,0,0,0,0,0,0,2,0,0,0,0,0,0,0,0,0,1,0,0,3,1,0,1,2,0,0,0,1,0,0,0,0,0,1,1,1,1,1,0,0,0,0,0,0,0,0,0,0,0,1,1,0,0,0,0,1,0,0,0,1,0,0,1,0,0,0,2,1,1,1,1,0,0,0,2,0,0,0,1,1,0,0,2,1,2,0,0,1,1,0,0,1,0,1,0,0,1,0,1,0,0,0,2,1,1,1,0,0,0,0,0,0,0,0
0,0,0,0,0,0,1,0,0,0,0,1,2,0,0,0,2,0,0,0,1,1,1,0,1,0,1,1,0,1,0,0,2,1,0,1,0,1,0,0,0,1,0,1,0,0,0,0,0,0,1,1,1,1,0,0,0,1,0,0,0,0,0,0,0,0,0,2,0,0,2,0,0,2,0,0,0,1,1,0,0,0,0,0,0,1,0,2,0,0,0,0,1,1,1,0,2,0,1,0,0,0,0,0,1,1,1,0,0,0,0,0,0,0,0,1,1,0,0,2,0,0,1,0,1,0,0,0,1,2,76,185,16,0,0,0,2,0,2,1,0,0,0,1,0,0,1,0,0,0,1,2,0,0,0,1,1,57,238,160,7,0,0,0,0,0,2,2,0,0,0,0,1,0,0,1,1,1,0,0,0,0,0,1,72,177,252,138,0,0,3,0,1,0,0,1,0,1,1,1,0,0,2,1,0,0,0,0,0,0,0,9,172,254,250,88,0,1,1,1,0,0,0,1,0,1,1,0,0,1,0,0,0,2,0,1,0,1,11,152,253,254,123,0,1,0,1,0,1,0,1,0,0,0,0,0,0,0,0,1,0,0,1,1,0,1,78,254,252,254,84,0,0,0,0,0,0,0,0,1,1,0,1,0,0,1,0,0,0,0,1,1,2,0,224,253,254,136,5,2,0,0,0,0,0,0,0,0,0,0,0,0,0,1,1,2,0,0,0,0,5,114,249,254,165,9,1,0,0,0,0,0,1,1,0,0,1,0,1,0,1,0,1,0,0,0,1,0,32,255,255,241,64,1,0,0,1,0,0,0,0,0,0,0,3,0,0,0,1,0,1,0,2,2,0,0,174,253,230,162,0,1,1,1,1,0,0,0,1,1,0,0,0,0,0,1,0,2,0,1,1,0,0,76,233,253,175,1,2,0,0,0,1,1,2,0,1,1,0,1,1,0,1,0,0,1,0,0,0,0,0,241,253,254,101,0,0,0,1,0,0,0,4,0,2,1,0,1,1,0,0,0,0,0,0,0,0,1,39,244,245,106,4,0,0,0,0,0,0,0,1,2,1,1,0,1,2,0,0,0,2,2,1,1,0,0,137,254,223,0,1,1,0,1,0,0,1,0,0,1,0,0,0,0,0,1,0,0,0,1,0,3,1,19,193,252,153,1,2,0,1,0,1,0,1,0,2,0,0,0,1,0,0,0,0,0,1,1,1,1,0,133,254,254,105,0,0,1,2,0,1,1,1,1,0,0,0,0,2,0,2,0,0,0,0,0,0,0,1,41,253,253,223,1,0,0,1,2,0,1,0,0,0,0,1,1,1,0,0,0,1,2,0,0,0,0,0,39,254,253,222,2,0,0,2,0,0,1,0,0,0,0,0,0,0,0,0,1,0,0,0,0,1,1,0,6,130,255,242,75,0,0,0,1,0,0,0,0,0,0,0,0,0,0,1,2,0,0,0,1,0,1,0,0,0,144,127,0,0,0,0,0,0,0,0,0,0,0,0,0,1,0,0,0,1,2,1,0,0,2,0,0,0,0,1,2,1,0,1,1,0,1,0,0,0,0,0,1,0,0,0,0,0,1,1,0,0,1,0,0,0,2,0,2,0,0,2,0,0,2,0,0,0,0,1,1,0,1,2,0,0,0,0,0,0,0,1,0,1,1,0,0,0,0,1,0,0,0,0,0,0,0,0,0,1,1,0,0,0,0,0,0,0,0,0,2,0,1,1,0,0,1,0,0,1,0,0,0,0,0,1,1,1,0
1,2,0,0,0,0,0,0,0,0,0,0,2,0,0,0,0,0,0,2,1,0,0,1,0,0,0,1,0,0,0,0,0,0,2,0,0,1,0,0,0,0,0,0,0,2,2,0,0,1,0,0,0,1,0,2,1,0,1,0,0,0,0,1,0,0,0,0,0,1,0,0,1,0,3,0,1,2,0,1,0,0,1,1,0,0,0,0,0,0,0,0,2,1,0,0,0,0,0,0,1,0,0,1,0,1,1,0,0,1,0,0,0,1,2,0,0,1,1,1,1,1,2,1,1,0,0,2,1,0,0,0,2,1,0,0,0,0,1,0,1,0,0,0,0,1,0,0,0,1,0,0,0,0,0,0,0,0,1,1,0,0,0,1,0,0,0,0,1,1,0,0,0,0,0,0,1,0,0,19,86,203,252,255,141,0,2,1,0,0,0,1,0,0,0,0,0,0,0,0,0,0,0,0,0,2,17,203,255,253,255,255,223,18,0,1,1,0,0,1,0,0,0,1,1,2,0,0,0,0,0,1,0,62,198,255,254,184,44,136,220,21,1,1,0,0,1,0,1,0,0,0,2,1,2,0,0,0,0,0,34,240,253,253,152,12,1,45,119,12,35,0,0,0,0,0,0,1,1,0,0,1,1,0,0,0,0,20,205,255,194,0,1,0,0,1,131,219,162,0,0,1,0,0,0,0,0,0,0,1,0,0,0,0,1,155,255,253,177,14,6,38,82,163,252,253,210,0,0,0,0,0,0,2,0,0,0,1,0,0,1,1,0,202,251,253,253,221,212,245,254,254,253,254,244,1,0,1,0,1,0,1,0,1,0,0,0,2,1,0,0,186,252,254,253,254,251,254,253,255,254,254,128,1,0,0,2,0,0,0,0,2,1,1,1,0,2,0,0,24,177,215,253,203,191,108,59,0,230,252,136,0,0,0,0,1,1,0,0,0,0,0,0,0,1,1,0,2,0,11,24,8,1,1,0,39,243,254,69,1,2,0,0,0,0,0,0,0,2,0,0,1,1,0,0,0,2,0,0,0,0,1,0,69,255,253,71,0,0,1,2,1,0,0,1,0,0,2,1,0,0,0,0,0,0,2,0,1,0,0,0,70,254,252,69,0,0,0,0,0,0,1,0,0,0,0,0,0,2,0,1,1,0,1,0,0,0,0,0,164,254,255,68,0,0,0,0,1,0,0,0,0,0,0,0,0,2,0,1,1,0,1,0,0,1,1,2,161,253,235,19,1,2,1,0,0,0,1,0,1,1,1,0,0,0,1,0,2,0,1,1,0,1,0,0,160,254,244,38,0,1,1,1,0,1,2,0,0,0,1,0,1,1,0,1,2,1,0,0,2,0,0,0,195,253,246,49,1,2,1,0,1,0,0,0,0,0,0,0,1,0,0,0,1,0,0,1,2,0,1,0,194,254,253,68,0,0,0,1,0,1,1,1,0,0,1,1,1,0,0,3,1,0,1,0,0,1,0,0,143,254,252,70,0,1,0,0,0,0,0,0,2,1,0,0,1,1,1,0,0,0,1,1,0,1,1,0,104,253,235,38,0,1,0,0,0,1,1,0,1,0,0,1,0,0,0,0,0,1,1,0,0,0,0,1,19,201,72,2,0,0,0,0,1,0,0,1,1,0,1,1,0,1,1,0,0,1,0,0,0,0,0,1,0,0,0,0,0,1,0,0,0,3,1,0,0,0,0,0,0,0,0,1,0,0,0,1,1,2,1,0,1,0,1,0,1,0,0,0,0,0,0,0,0
0,0,0,1,0,0,0,0,0,1,0,0,0,1,0,0,1,0,0,0,0,0,0,0,0,0,0,0,0,0,1,1,0,0,0,0,2,0,0,1,0,0,0,0,1,3,0,2,0,1,0,1,1,0,0,0,0,0,0,0,1,0,2,2,0,0,1,2,1,0,1,2,0,1,0,0,3,0,0,0,0,0,0,0,0,0,0,0,1,0,1,1,0,0,0,0,0,1,2,0,0,0,0,2,0,0,0,2,0,0,1,1,1,0,0,1,0,0,0,0,0,0,1,1,1,227,226,0,0,2,0,0,1,0,0,0,1,0,0,0,0,0,0,0,0,0,0,1,0,0,0,0,0,255,226,0,0,0,0,0,0,0,0,0,0,0,0,1,1,1,0,0,0,0,0,0,1,0,0,1,86,199,57,0,0,0,2,198,114,1,2,0,0,0,1,0,0,0,0,0,1,0,0,0,0,0,0,28,255,198,1,1,1,0,28,255,2,0,1,0,0,0,0,0,1,1,0,0,0,0,0,1,0,1,1,200,255,85,1,1,0,0,169,255,0,1,0,0,0,1,0,1,1,0,0,0,0,0,0,0,1,0,141,255,169,0,1,2,0,0,254,198,0,0,0,0,0,1,0,1,0,2,0,1,0,0,0,1,0,57,255,225,30,1,0,0,0,115,252,113,0,0,2,0,0,0,0,0,0,0,0,1,0,1,0,0,1,226,255,87,0,0,0,0,1,199,255,0,2,0,1,0,0,0,0,0,1,0,0,0,0,1,1,0,58,255,226,0,0,1,1,1,0,254,199,2,0,0,0,0,2,0,0,0,1,1,0,1,1,0,0,2,198,254,57,0,0,0,0,0,115,254,84,0,0,0,1,0,1,1,0,0,0,0,0,0,1,1,0,0,255,255,1,0,0,0,2,0,228,255,0,0,0,115,0,0,0,0,0,0,1,0,1,0,2,1,2,0,255,255,0,1,0,0,0,57,253,199,0,58,196,225,0,0,0,1,1,0,0,1,1,2,2,0,0,1,227,255,254,169,113,86,85,170,254,254,255,255,255,89,0,0,0,0,1,1,0,0,0,1,0,1,0,1,0,140,254,254,252,254,255,255,255,199,168,86,0,1,0,0,0,0,0,0,1,0,0,0,1,1,0,0,1,1,0,85,86,171,227,255,170,0,1,1,1,0,1,0,2,0,0,0,1,0,1,0,1,0,0,0,0,0,0,0,0,2,254,255,29,1,0,0,1,0,2,1,0,0,0,1,1,2,2,0,0,0,0,0,2,1,2,0,0,1,255,255,1,1,0,0,0,1,2,0,0,1,1,0,0,0,0,0,0,0,0,0,1,1,1,0,0,0,254,170,0,0,0,0,0,0,0,1,0,0,0,2,0,0,0,0,0,0,1,0,0,0,0,0,1,0,254,200,26,0,0,0,0,0,0,0,1,0,0,0,2,1,0,1,2,1,0,0,0,0,2,0,0,0,197,226,28,0,0,0,0,0,0,0,0,0,0,1,0,0,0,0,1,0,0,0,0,0,0,0,0,0,0,0,0,0,0,1,0,2,0,0,0,0,1,0,1,1,0,0,0,0,0,0,2,0,0,1,1,0,0,0,1,2,0,1,0,0,1,0,0,0,0,0,1,0,1,1,0,0,2,0,0,2,0,0,0,1,0,1,1,0,1,0,0,0,0,1,0,1,0,0,1,2,1,0,0,0,0,0,0,0,0,0,0,0,0,1,1,1,0,3,1,0,0,0,0,0,2,0
1,0,1,2,0,0,1,0,0,0,0,0,0,0,0,0,0,1,0,0,0,1,0,1,0,0,0,0,1,1,2,1,0,0,0,0,0,1,0,0,0,0,2,0,0,0,0,0,0,0,0,1,0,0,0,0,0,0,1,0,0,0,1,0,0,0,0,0,0,0,2,2,0,1,0,0,0,1,1,0,1,0,1,0,1,0,0,0,0,0,0,0,0,0,0,0,0,3,0,1,0,0,1,0,0,1,2,0,0,0,1,1,0,0,0,0,1,0,0,1,2,1,1,0,1,0,1,49,127,209,178,135,8,1,0,0,0,2,0,1,0,1,1,0,0,0,0,0,0,0,1,0,0,54,179,246,252,254,252,254,166,6,1,0,2,0,0,0,0,0,0,1,0,3,1,0,0,0,1,0,58,235,252,215,107,77,117,253,253,79,0,0,1,0,1,0,0,0,0,0,0,0,0,0,0,0,0,44,237,252,130,9,0,0,53,254,253,79,0,0,1,1,0,1,0,0,0,0,0,0,1,0,0,1,9,182,254,138,0,0,0,31,217,255,199,18,0,0,1,1,0,3,0,0,0,2,0,0,0,0,0,1,9,208,252,58,0,0,101,252,255,217,29,0,1,0,0,0,0,0,1,0,0,2,3,0,1,0,1,0,0,176,255,65,35,126,241,255,199,56,1,0,0,1,1,0,1,0,0,0,0,1,0,1,2,0,0,2,0,175,254,223,223,253,251,254,193,146,26,1,0,2,2,2,0,1,1,0,1,0,0,1,0,0,0,0,0,136,252,253,253,244,185,231,139,7,1,0,1,0,0,0,1,1,1,0,2,0,0,1,0,0,2,0,1,70,245,253,255,253,191,27,0,0,0,2,1,1,0,1,1,2,1,2,0,0,1,0,2,2,0,0,0,39,163,254,254,239,19,0,0,0,0,0,0,0,0,0,0,0,0,0,0,0,0,1,0,0,0,0,106,240,253,207,200,252,225,25,0,0,0,0,1,1,0,0,0,0,0,0,1,0,0,1,0,0,0,102,241,253,194,47,42,240,252,146,1,1,0,1,0,0,0,0,1,0,0,1,0,1,0,0,0,7,149,254,249,116,9,0,0,72,252,249,55,0,2,0,0,0,0,0,0,0,0,1,0,1,0,0,0,39,253,253,121,1,0,0,0,21,253,251,58,0,0,0,0,1,0,0,0,0,0,1,1,0,1,0,1,197,255,218,16,1,0,0,1,44,253,244,45,0,1,0,0,0,0,0,0,1,1,3,1,0,0,0,66,250,251,68,0,1,0,6,103,231,252,123,0,0,0,0,0,1,0,0,0,1,2,1,0,1,0,0,79,250,252,79,16,79,167,205,254,254,168,7,0,0,0,0,0,0,0,0,0,0,0,1,1,1,1,0,36,226,254,255,238,254,251,253,193,111,5,0,2,0,1,0,1,0,0,0,1,0,0,1,1,0,0,0,0,47,231,254,253,223,102,59,1,0,0,0,0,1,0,0,2,0,0,0,0,0,1,0,0,1,0,0,0,1,0,1,0,0,1,0,0,0,0,1,0,0,0,1,0,0,1,0,1,0,0,0,0,0,0,0,0,2,0,0,1,0,0,0,2,0,0,1,0,0,0,1,1,1,0,0,1,1,1,0,0,0,1,2,0,0,0,0,0,1,0,0,0,1,3,0,2,0,0,1,0,0,1,0,0,0,1,0,0,0,0,0,0,1,1,0,0,0,0,0,3,0,0,0,0,0,0,0,1,0,0,3,1,1
2,0,0,0,1,0,1,0,0,0,1,1,0,0,1,0,0,0,1,0,1,0,1,0,0,0,2,2,0,0,0,1,0,0,0,1,0,0,0,0,0,1,1,0,1,0,1,0,0,0,0,1,0,2,0,0,0,0,0,0,1,1,0,1,0,1,0,1,0,0,0,0,2,0,0,1,1,1,1,1,0,0,0,0,0,1,0,0,0,0,0,0,0,0,1,0,0,2,0,0,0,2,0,0,1,0,0,1,1,1,2,0,0,0,1,0,2,1,0,0,2,0,1,0,0,0,0,0,0,0,0,0,1,2,3,0,0,0,0,1,0,0,0,0,0,0,0,1,2,0,0,0,0,0,0,0,0,0,0,0,0,1,0,0,0,0,0,0,1,0,1,0,0,1,0,0,1,0,32,69,162,195,162,193,106,8,0,1,1,0,0,0,0,0,0,1,0,0,0,0,0,2,0,0,0,26,224,254,254,253,253,253,255,125,0,0,1,0,1,0,0,0,0,0,0,0,2,0,1,2,1,0,1,8,131,252,246,146,114,253,252,226,21,0,1,0,1,0,0,0,0,1,2,0,0,0,0,0,3,1,1,0,13,161,84,0,26,255,254,236,30,0,0,0,0,0,1,1,0,0,0,0,0,1,0,0,0,1,0,1,0,0,1,0,50,254,254,238,29,0,1,0,0,0,1,0,0,0,0,0,0,0,1,1,0,0,0,1,0,1,0,0,116,252,254,244,38,1,0,0,0,0,1,0,0,0,0,0,0,0,1,0,0,0,0,0,0,1,0,0,158,252,253,197,0,0,0,1,2,1,0,0,0,1,0,0,1,0,0,1,0,0,0,0,0,0,0,70,240,254,254,115,0,1,0,0,0,0,1,1,0,1,0,0,0,0,0,0,0,0,0,0,0,0,0,140,253,253,254,56,0,0,0,0,0,0,0,0,0,0,0,0,0,2,2,0,1,0,0,1,1,1,15,194,252,253,138,0,1,1,2,0,0,2,0,2,0,0,1,1,0,0,0,2,0,1,0,0,1,1,113,252,253,252,18,1,0,0,1,1,0,0,0,0,0,1,0,0,2,0,0,0,0,0,0,1,0,0,195,252,252,151,0,0,0,1,1,0,0,0,0,0,1,0,1,1,0,0,1,0,0,0,0,0,1,0,254,253,240,22,0,1,0,1,0,0,0,1,1,0,0,0,1,2,0,0,0,0,0,0,1,0,0,68,254,252,161,0,0,0,1,0,0,0,0,2,1,1,0,0,0,2,0,1,0,1,2,1,0,0,12,214,254,255,47,0,0,0,0,0,0,0,1,0,0,0,0,0,0,0,0,3,0,0,0,0,0,0,21,253,255,254,46,0,1,0,0,2,0,1,0,0,0,0,0,1,0,0,0,0,0,0,1,0,0,0,24,254,252,254,45,0,1,0,0,0,0,1,1,1,0,0,0,0,1,0,1,0,0,0,0,0,0,0,108,255,255,176,5,1,0,0,1,1,0,0,0,0,0,1,1,1,0,0,0,0,0,0,0,1,0,0,63,213,247,206,0,1,0,1,1,0,1,0,0,0,1,0,0,0,0,1,0,0,0,0,0,0,0,0,0,26,137,98,0,0,0,0,1,0,0,0,0,1,0,0,1,0,0,0,2,0,0,2,0,0,2,1,1,0,0,0,0,1,0,0,0,0,0,1,1,1,0,0,0,1,0,1,1,1,1,1,0,0,0,2,0,0,0,0,0,0,1,0,0,0,0,1,0,0,1,0,2,1
0,0,0,0,0,0,0,0,0,0,1,0,1,0,2,0,0,0,0,1,0,0,1,1,0,0,0,1,0,0,0,0,0,0,0,0,0,0,0,0,0,0,0,0,2,1,0,1,1,1,0,1,1,1,0,0,1,1,0,0,0,1,0,0,0,0,0,1,0,2,2,1,0,0,0,0,0,1,0,0,0,0,0,1,0,3,0,0,0,0,0,0,0,0,1,1,0,1,1,1,0,0,0,0,0,0,0,0,3,1,2,0,0,2,0,0,0,0,0,2,0,0,1,0,0,1,0,2,0,0,0,1,0,0,0,1,0,0,0,2,0,0,0,0,0,0,1,0,0,131,251,255,214,164,164,143,63,2,1,1,0,0,0,0,0,0,0,0,0,0,0,0,2,0,0,0,0,72,192,196,199,198,232,254,237,51,1,0,0,0,0,1,0,1,0,2,0,1,0,0,0,0,0,0,0,1,0,1,1,2,86,253,253,143,1,0,0,1,0,0,0,2,0,1,0,3,0,0,0,0,1,1,0,0,0,0,0,0,79,253,252,136,0,0,1,0,0,0,0,2,0,0,0,0,1,0,0,0,0,1,0,0,0,0,0,32,228,253,230,17,1,0,0,1,0,0,1,0,0,0,1,2,0,0,0,0,0,0,0,0,0,1,12,229,254,240,90,0,0,0,1,1,1,0,0,0,1,2,0,0,2,2,1,0,0,0,1,0,1,25,167,253,240,58,0,1,1,2,0,1,0,1,0,1,1,0,0,2,0,0,0,0,0,0,0,0,75,223,253,206,57,0,0,0,0,0,0,1,0,0,0,1,0,0,1,3,0,1,1,2,0,0,0,0,137,253,252,167,0,1,0,0,0,2,0,0,0,0,0,2,0,2,0,0,0,1,1,0,1,0,2,0,16,162,254,252,154,7,0,0,0,0,0,1,0,0,0,0,0,0,0,1,0,0,2,2,0,0,0,0,0,0,110,207,255,234,75,0,0,0,0,0,0,0,1,0,1,0,0,0,1,1,0,0,1,0,0,0,0,2,0,8,134,249,238,70,2,1,0,0,0,0,0,0,0,0,0,0,1,1,0,0,0,0,0,1,0,0,0,1,0,113,254,244,35,0,1,0,0,0,0,0,1,2,0,0,0,0,0,0,0,1,0,2,0,0,0,0,0,60,254,253,143,0,0,0,1,1,2,2,0,0,1,1,0,0,0,1,0,0,1,0,1,0,1,0,28,183,253,253,98,0,0,0,0,0,0,0,0,0,0,2,2,0,0,0,1,1,0,2,0,1,0,0,98,254,255,243,26,1,0,0,0,2,0,0,1,0,0,0,0,0,0,0,0,0,0,1,1,1,0,71,248,253,243,88,1,0,0,0,0,0,0,0,0,0,2,1,1,0,2,2,0,2,0,0,87,36,84,245,255,246,119,0,0,0,0,0,3,1,0,2,0,0,0,1,1,1,0,2,0,0,0,89,249,233,254,254,209,83,0,0,1,0,0,0,1,0,1,0,1,1,0,0,0,0,2,0,0,0,0,21,240,254,246,128,0,0,0,0,1,0,0,0,2,0,0,1,2,0,0,0,0,0,0,0,0,1,1,0,0,1,0,2,0,1,0,0,0,0,0,1,0,0,0,0,0,0,1,0,0,0,2,0,0,2,2,1,0,1,0,0,1,0,0,0,0,1,0,0,0,0,2,1,0,0,1,0,0,0,1,0,0,0,2,1,0,0,0,1,0,0,1,0,0,1,0,0,0,0,0,0,1,0
0,1,0,0,2,0,0,1,0,0,0,0,1,1,0,0,0,1,1,0,0,0,0,1,0,0,1,0,1,0,0,0,2,0,0,2,0,1,3,0,0,0,0,0,0,1,0,0,0,0,2,0,0,0,0,0,1,0,0,0,0,0,1,0,2,1,0,1,0,0,1,0,2,0,2,0,1,0,1,1,0,0,0,0,0,0,0,0,2,0,0,0,0,0,0,0,0,0,1,0,0,1,1,1,0,0,0,2,0,1,1,0,2,1,0,0,0,0,1,1,0,2,0,0,0,0,1,1,0,0,1,0,0,0,0,0,0,0,1,1,0,1,0,0,1,2,0,0,0,1,0,0,0,1,1,0,0,2,1,0,0,1,0,0,1,0,0,0,1,0,0,2,0,0,0,1,0,0,0,1,1,0,0,0,0,0,0,0,0,0,1,2,0,0,0,0,0,0,0,0,0,1,1,0,0,0,0,108,155,253,252,254,208,90,8,0,0,1,2,1,0,0,0,0,0,0,2,1,2,0,0,0,0,18,180,251,254,253,249,252,254,255,116,0,0,0,1,0,0,1,0,0,0,1,0,0,2,0,0,0,2,194,254,245,112,72,37,91,177,252,235,17,0,1,0,0,1,0,2,1,0,0,1,0,0,0,0,0,36,240,252,121,0,0,0,0,19,187,252,161,0,0,1,1,1,0,0,0,1,0,0,0,0,0,0,0,143,253,195,5,0,1,1,18,226,253,251,172,1,2,0,1,0,0,0,0,0,0,1,0,1,1,0,0,173,252,80,1,0,0,0,71,251,252,254,121,0,0,0,1,0,0,0,0,0,0,1,0,0,0,0,8,204,254,69,1,2,2,3,229,254,254,247,51,0,0,0,0,0,0,0,1,0,0,0,0,0,0,0,1,174,251,68,0,0,9,162,252,253,200,65,0,1,0,2,0,0,1,1,0,1,0,0,0,1,0,0,2,136,252,176,41,1,163,253,254,254,121,1,0,0,0,1,0,2,0,0,0,1,0,1,1,0,1,0,0,31,220,253,251,250,253,252,235,252,183,0,0,2,0,0,0,0,1,1,0,0,0,0,1,3,0,0,0,1,26,194,248,246,187,107,159,252,183,0,0,0,0,1,1,0,0,0,0,0,0,0,0,0,0,1,1,1,1,1,2,2,1,0,159,253,182,0,0,0,0,0,1,0,0,0,1,1,2,0,0,1,1,2,1,0,0,0,0,0,0,0,158,254,187,2,0,0,1,2,0,1,0,1,0,0,0,0,1,0,0,0,1,0,1,0,0,1,1,2,158,253,252,29,0,0,0,0,0,0,0,0,1,0,2,0,0,0,0,0,0,0,1,0,0,0,0,0,71,253,253,30,0,0,0,0,0,0,0,0,0,1,0,0,0,0,0,1,0,0,1,0,0,0,0,0,60,252,253,71,0,0,0,0,1,0,0,0,1,2,0,0,0,0,0,0,0,3,0,0,0,0,0,1,60,252,254,28,0,1,0,1,0,0,0,0,0,0,0,0,0,0,0,1,0,0,1,0,1,0,0,0,63,254,254,66,1,0,1,0,0,1,0,0,0,0,0,2,1,0,1,0,1,0,2,0,0,0,0,0,2,216,253,128,1,0,0,0,0,1,2,0,1,1,0,1,0,0,0,0,0,0,0,1,0,0,0,0,0,174,227,39,0,2,0,2,0,0,0,0,1,1,0,0,1,0,0,0,0,0,0,1,0,0,0,0,1,1,0,0,0,0,1,1,0,0,0,0,1
0,0,1,0,0,0,2,0,1,0,0,0,1,0,1,0,0,0,1,0,0,2,0,0,1,1,2,0,2,0,2,1,2,1,1,0,2,0,0,0,2,0,0,0,0,0,0,0,0,0,0,0,0,0,0,0,0,0,0,0,0,0,1,1,1,0,1,0,0,0,0,0,0,0,1,0,0,2,1,1,1,1,2,2,0,1,0,0,0,0,0,1,1,0,0,1,0,1,0,0,0,0,0,0,0,0,1,0,1,0,1,1,0,3,0,0,0,2,0,0,1,0,0,1,0,2,1,2,0,0,1,0,0,0,0,0,1,0,0,0,0,1,0,0,0,2,0,0,0,1,2,0,0,0,2,2,0,0,0,0,2,1,0,0,0,2,0,2,0,1,1,2,0,0,1,0,0,203,254,166,90,29,26,19,0,1,0,0,0,0,2,0,1,1,0,0,2,1,0,0,0,0,2,0,0,254,251,252,252,253,252,226,44,0,0,1,0,0,0,0,3,0,0,2,0,0,0,0,1,0,1,0,0,127,252,251,251,253,250,252,177,1,1,0,0,0,1,0,2,2,1,2,2,2,1,0,2,0,1,2,1,3,130,202,150,252,249,251,251,0,1,0,2,0,0,0,0,0,1,0,0,1,2,2,0,1,1,0,0,0,0,1,1,0,26,160,254,63,0,0,1,1,0,1,0,0,0,0,0,1,1,3,0,1,1,1,0,1,0,1,1,1,0,83,253,113,0,3,2,1,1,1,0,0,0,0,0,0,0,0,0,0,3,0,0,0,0,0,1,1,0,86,253,113,0,0,0,1,0,1,1,1,0,1,0,3,0,2,0,0,1,1,0,1,1,2,0,1,0,84,252,63,0,0,0,0,1,0,0,0,1,2,0,0,1,0,0,0,3,0,0,1,0,0,0,1,1,146,253,29,29,31,4,0,0,1,0,0,0,2,0,0,0,0,0,0,0,0,0,0,0,20,58,170,168,233,254,251,252,254,153,0,0,0,1,0,0,1,1,0,1,0,0,0,0,0,0,2,83,215,252,254,252,252,252,253,234,131,30,0,0,0,2,1,2,0,0,1,0,0,1,0,0,1,0,26,242,253,253,251,253,250,252,127,24,0,1,0,0,1,0,0,0,0,1,0,0,1,2,0,0,0,2,0,150,187,113,194,254,206,13,0,1,0,1,0,0,0,0,0,0,0,0,0,1,0,0,0,0,0,1,0,0,0,1,165,252,168,1,0,0,2,0,1,0,0,0,0,0,1,0,2,0,0,0,2,1,1,0,2,1,0,1,255,252,81,0,0,0,0,0,1,0,0,0,0,0,0,0,0,1,2,1,0,0,1,0,1,0,0,0,252,204,7,1,0,0,0,0,1,1,0,0,0,1,0,1,0,0,1,0,0,0,0,0,0,0,0,52,254,84,0,1,1,0,0,0,0,0,0,0,0,0,0,1,0,0,0,0,1,0,0,0,0,0,0,1,252,86,0,0,0,0,0,0,0,1,0,1,0,0,0,0,0,1,0,0,1,0,2,0,1,3,0,0,253,83,0,0,0,0,1,0,0,2,0,0,0,0,0,0,0,1,0,0,0,0,0,0,1,0,1,1,154,85,0,0,0,0,0,0,0,0,1,0,0,1,0,0,1,0,0,0,2,1,2,0,0,0,0,0,0,0,1,2,0,0,1,0,0,0,1,1,0,0,0,0,1,0,0,1,0,1,1,0,1,1,1,2,0,0,0,0,0,1,0,0,1,1,1,0,0,0,2
1,1,0,0,1,0,1,1,0,2,0,0,1,0,0,0,1,0,1,1,0,0,0,0,1,1,0,1,0,0,0,1,1,1,0,0,0,0,0,0,0,1,1,0,0,0,1,0,0,0,1,0,0,0,0,1,0,0,1,0,0,2,0,1,0,0,0,0,0,0,0,0,0,0,0,0,0,0,0,0,1,0,2,0,2,0,0,0,0,1,0,1,0,0,0,0,0,0,2,2,0,1,1,1,1,0,2,0,0,0,0,0,0,1,0,0,0,1,1,0,0,1,1,2,1,0,2,105,255,83,0,0,0,0,2,0,2,1,0,0,0,1,0,0,0,1,0,1,0,0,0,1,1,3,107,251,252,68,0,0,0,1,2,1,0,0,2,0,0,1,0,1,0,0,0,0,0,0,0,0,0,60,250,245,83,0,0,1,1,0,0,1,0,0,1,1,1,0,0,0,0,1,1,0,0,0,0,0,42,224,252,109,0,0,1,0,0,0,1,0,0,0,2,1,0,0,0,3,0,0,0,0,0,1,0,32,226,249,109,1,0,0,0,0,2,0,1,0,0,0,0,0,1,1,0,0,0,1,0,1,0,0,5,173,252,138,0,0,1,2,0,1,2,1,0,0,1,0,2,0,2,0,2,1,0,0,1,0,0,0,115,254,166,0,1,1,1,170,100,1,1,0,0,0,0,0,1,1,0,1,0,0,0,1,0,1,0,31,226,211,39,0,0,1,33,255,211,7,0,0,0,0,0,0,1,0,0,1,0,1,2,1,0,0,1,149,253,111,2,2,0,6,161,253,189,1,0,0,0,1,0,0,0,0,0,0,0,0,0,0,0,1,35,248,178,1,0,0,2,33,254,254,109,1,0,0,0,0,2,1,0,0,1,0,1,1,0,0,0,0,113,254,179,1,1,0,1,118,255,252,25,0,2,0,1,2,0,0,0,0,0,1,1,1,1,0,2,0,40,249,254,173,52,1,38,241,255,155,2,0,0,0,0,0,0,1,0,0,0,1,0,1,2,0,0,0,0,123,253,253,238,183,242,254,250,25,1,0,2,0,0,0,2,1,1,1,2,2,1,0,1,1,0,0,0,0,88,226,254,253,254,254,190,1,0,1,1,1,1,0,1,0,1,0,0,0,0,0,1,0,2,1,0,0,0,6,9,51,254,244,32,0,1,1,2,0,0,0,0,0,1,0,0,1,0,1,0,0,1,0,3,0,1,0,1,64,253,217,0,0,0,0,0,1,0,3,0,0,0,0,1,0,1,0,0,0,0,0,0,0,0,0,0,180,252,148,1,0,2,0,1,0,0,3,0,0,0,0,0,2,0,1,0,1,0,0,1,0,1,1,48,250,254,148,2,0,0,1,0,0,1,0,0,1,0,0,0,0,0,0,0,0,0,0,0,0,0,0,59,255,245,58,0,1,0,2,0,1,0,0,0,0,0,0,0,0,2,0,0,1,0,0,0,0,0,1,40,243,190,0,0,0,0,1,0,0,0,1,2,1,0,0,1,1,1,0,0,0,0,0,0,1,0,1,0,0,0,0,0,1,1,1,0,0,1,0,1,0,0,0,0,0,0,0,0,0,0,0,2,2,0,0,0,0,0,0,0,0,0,1,0,0,0,0,0,0,0,1,0,0,1,1,1,0,1,1,1,0,1,0,0,0,0,1,0,0,0,0,0,0,2,0,0,0,0,0,0,1,0,1,0,0,0,2,1,0,0,1,0,1,0,0,0,0,0,0,0,0,0,0,0,0,0,0
0,0,0,0,0,0,0,0,0,0,0,0,0,0,0,0,0,1,0,0,1,0,0,0,0,1,1,0,0,0,0,1,0,2,1,0,0,2,0,0,0,0,0,2,0,1,0,0,0,0,0,0,1,0,0,0,0,0,0,0,0,0,0,1,1,0,0,1,0,1,1,0,0,2,0,0,1,0,0,0,1,0,0,0,0,0,1,0,0,0,0,0,0,1,0,2,0,0,0,0,1,1,0,0,0,2,0,0,0,0,0,0,0,0,1,0,0,0,2,2,0,0,1,0,1,0,3,2,0,0,0,1,1,1,0,0,1,0,0,0,0,0,1,0,0,2,0,0,0,0,0,118,176,0,0,0,0,1,1,1,0,1,0,0,1,0,1,1,0,0,1,0,0,0,0,0,0,1,0,199,173,0,0,0,0,0,0,0,0,0,1,0,2,0,1,2,1,0,0,0,0,0,0,0,0,0,19,226,174,0,0,1,2,0,1,0,0,0,0,0,0,0,1,1,0,0,1,0,0,0,0,0,0,0,111,253,159,0,1,1,0,0,37,100,0,2,0,0,0,0,0,0,0,1,1,0,0,0,0,1,0,0,156,252,79,0,2,0,1,0,135,253,2,0,1,0,0,2,1,0,0,1,0,0,0,0,0,0,0,0,178,233,0,1,2,2,1,70,248,193,1,1,0,0,0,0,2,1,0,1,0,0,0,0,0,0,0,0,254,149,0,0,1,0,26,212,252,111,2,1,0,0,3,0,0,0,0,1,0,0,1,0,0,0,0,69,253,133,0,2,0,19,225,254,225,18,1,0,2,0,0,0,0,0,0,1,0,0,0,1,0,0,0,8,253,152,1,0,68,238,252,254,124,0,0,0,0,1,2,2,2,1,0,0,0,1,0,0,0,0,2,0,178,248,127,113,240,254,253,253,42,0,0,1,0,2,1,0,1,0,0,0,0,0,0,0,1,0,0,1,61,230,255,254,254,197,229,206,8,0,1,0,1,1,0,0,0,0,0,0,1,1,0,0,0,1,0,0,0,77,163,233,196,42,231,168,0,0,0,1,0,0,0,0,0,2,0,0,1,0,0,0,0,0,0,0,1,1,1,0,0,58,253,80,0,0,0,0,0,0,0,2,0,1,0,0,0,2,0,1,0,0,2,0,0,0,0,0,0,112,253,78,0,1,0,0,1,0,1,1,0,1,0,1,0,0,0,0,0,2,1,0,0,0,0,0,1,193,245,50,3,0,0,0,1,0,2,0,0,1,0,2,0,0,0,1,1,0,1,1,0,0,0,0,0,255,234,0,1,2,0,0,0,0,0,0,1,0,0,0,1,0,1,0,0,0,2,0,0,0,1,0,0,255,233,0,0,0,0,0,1,2,0,0,2,0,1,1,0,1,1,0,0,1,0,1,1,0,0,0,0,255,233,1,0,1,0,0,1,0,0,1,0,0,1,1,1,0,0,0,1,0,0,0,0,1,0,0,0,148,233,0,0,0,1,1,0,0,0,0,0,0,2,0,0,0,0,0,0,0,0,0,0,0,2,0,0,35,219,1,1,0,0,0,0,0,0,0,0,0,0,0,0,1,0,1,1,0,0,0,0,0,0,0,0,1,1,0,0,1,0,0,0,1,1,0,0,0,1,2,0,0,0,1,1,0,2,0,0,0,0,0,0,0,0,2,0,0,0,1,0,1,0,0,1,0,0,0,0,1,0,1,0,0,0,0,1,0,1,0,0,0,1,0,1,0,0,0,0,0,0,0,0,1
0,1,0,0,0,0,0,2,0,0,0,0,0,0,0,1,0,1,0,0,0,0,2,0,0,0,1,0,1,0,0,0,0,1,0,0,0,0,1,0,0,0,0,0,0,0,2,0,0,0,0,0,0,0,1,0,1,0,1,0,0,1,0,2,0,1,0,0,0,1,0,1,0,2,0,1,1,0,0,1,0,0,0,0,1,1,1,2,0,0,0,0,0,0,1,1,0,1,0,0,0,0,0,1,0,0,0,0,0,0,2,0,1,0,0,0,0,0,0,0,0,1,0,0,0,0,0,1,1,0,1,0,0,2,1,0,0,0,0,1,0,1,1,0,0,0,0,0,1,0,1,0,0,1,0,0,1,0,0,1,0,184,107,1,0,1,0,1,0,0,0,0,0,0,26,0,1,1,0,0,0,0,0,0,0,0,0,1,40,255,218,0,0,0,0,1,0,0,0,0,0,0,242,12,0,1,1,3,0,0,0,0,0,1,1,1,183,255,196,1,0,0,0,0,0,0,0,0,0,75,254,65,0,1,0,2,0,0,1,0,0,0,0,39,252,255,110,0,0,0,0,0,0,0,0,0,0,129,251,128,0,0,2,1,1,1,0,1,0,2,0,127,253,252,57,0,0,0,1,0,0,0,2,0,1,192,253,98,0,3,2,0,0,2,0,0,1,0,12,228,254,146,1,1,0,0,1,1,0,1,0,0,0,214,252,215,11,0,0,2,1,0,0,0,0,0,91,255,253,73,0,1,0,0,0,0,1,0,0,0,0,204,253,253,52,2,0,0,0,0,1,0,0,6,206,255,226,8,1,1,0,1,0,0,1,0,1,0,0,119,253,255,245,170,134,15,27,39,23,32,32,68,254,255,108,0,0,1,1,0,0,1,0,0,0,0,0,14,190,255,255,254,254,173,224,248,236,241,168,253,255,253,69,0,0,0,0,1,0,1,0,0,0,0,0,1,64,255,253,254,255,254,254,255,254,226,149,247,253,255,70,1,0,0,0,1,0,0,1,0,0,0,0,0,0,124,252,255,254,253,255,255,254,241,105,140,252,246,34,0,0,0,0,2,1,0,0,0,0,1,0,0,0,2,69,137,215,252,252,230,234,154,49,199,254,199,0,0,0,0,0,0,0,1,0,1,0,0,0,0,1,0,0,0,2,51,57,9,19,0,0,200,254,149,0,0,0,0,1,0,0,0,1,2,0,0,1,0,0,1,0,1,0,0,1,0,2,0,0,197,253,150,2,0,0,0,1,1,0,1,0,0,0,1,0,0,1,2,1,0,0,0,0,0,1,0,2,199,252,150,0,0,1,0,0,0,0,0,1,0,1,0,1,1,0,0,0,0,0,0,1,0,0,0,1,200,254,89,2,0,0,0,0,0,0,0,0,1,0,0,1,0,1,0,0,1,2,0,0,0,0,0,12,218,254,68,2,0,0,0,0,0,1,0,1,0,0,0,2,0,0,1,0,0,1,0,0,0,2,0,0,200,254,90,0,0,0,0,0,0,0,0,1,0,0,0,0,2,1,0,1,0,0,2,0,0,1,1,0,140,115,0,1,0,0,0,0,1,0,0,0,0,0,0,0,0,0,1,0,0,0,1,1,0,2,0,1,1,1,0,1,0,1,1,0,0,0,0,0,0,0,0,1,0,0,1,0,0,0,0,0,0,0,1,0,1,1,1,0,1,0,0,0,1,1,0,0,0,2,1,2,0,0,0,0,0,0,0,0,1,0,1,0,0,2,1,0,0,0,0,0,1,0,0
0,0,0,0,0,0,0,1,1,0,0,0,1,2,1,0,0,0,1,1,0,0,0,2,1,0,0,0,1,0,0,0,0,0,0,0,0,0,2,0,2,1,0,0,0,0,1,0,0,4,0,0,0,0,0,1,0,1,0,0,0,0,0,0,0,0,0,0,1,0,2,0,0,1,0,2,3,2,1,0,1,0,0,0,1,0,0,0,0,1,0,0,0,2,0,1,0,0,0,0,0,2,0,0,0,1,2,0,0,1,0,0,1,0,0,0,0,2,1,0,0,1,1,0,1,0,0,1,0,0,0,0,1,0,0,0,0,0,2,1,0,0,0,1,0,0,0,0,0,1,0,1,2,0,0,0,0,0,0,2,1,0,0,0,0,2,1,0,0,1,0,1,1,0,2,2,0,1,0,1,1,0,41,152,240,217,68,0,0,0,1,0,0,0,0,0,0,1,1,0,0,0,0,2,0,0,0,0,0,155,254,217,175,210,247,42,1,0,1,0,0,1,0,0,0,2,0,0,0,1,1,0,0,0,0,15,193,253,110,7,1,14,218,90,0,2,0,0,0,0,0,2,0,0,1,1,1,2,0,1,1,0,0,188,254,79,1,0,0,0,195,150,0,1,0,1,0,0,1,0,0,0,0,0,0,1,1,0,0,1,126,253,110,3,0,0,0,7,209,128,1,0,1,0,0,0,0,0,1,0,0,0,2,1,0,0,0,86,244,136,2,1,0,0,0,69,255,94,1,0,0,0,0,1,0,1,0,0,0,1,0,2,0,0,0,225,203,15,2,0,0,0,10,218,254,65,2,1,0,0,0,0,0,0,0,0,1,1,2,0,0,1,76,250,65,0,0,0,0,0,15,228,217,7,1,2,0,0,0,0,1,0,0,2,2,0,0,0,0,0,198,253,25,1,0,0,0,8,188,249,62,0,0,0,1,1,0,0,0,0,2,0,0,0,0,0,0,0,224,253,40,0,2,0,50,206,253,183,0,1,0,0,0,0,0,1,0,0,0,0,1,0,0,0,2,0,68,251,231,136,126,200,247,254,255,70,1,0,1,1,0,0,0,0,0,0,0,0,0,0,0,0,0,1,0,64,151,202,165,134,135,255,218,11,0,0,0,1,0,0,0,0,0,0,0,0,2,0,0,0,0,0,0,0,0,1,0,0,128,254,167,0,0,0,0,0,0,0,0,0,1,1,0,2,0,0,0,0,1,2,0,0,0,2,0,0,125,255,137,0,0,0,1,0,1,1,0,0,1,0,1,2,1,0,1,2,0,0,1,0,0,0,1,1,162,255,71,0,0,1,1,1,0,0,0,0,0,0,2,1,0,0,1,0,0,2,1,1,0,1,0,4,215,229,12,0,0,0,1,0,0,0,0,1,0,1,1,0,0,0,0,0,0,2,1,0,0,0,0,108,255,155,0,0,1,1,1,0,0,0,0,0,0,0,0,0,0,1,0,1,0,0,2,0,1,0,0,130,253,92,55,0,2,0,1,0,0,0,0,0,1,1,0,0,0,2,0,0,1,0,0,0,0,0,0,190,255,241,60,0,0,0,0,2,1,1,0,0,0,0,0,0,3,0,0,0,0,1,1,0,0,0,0,129,213,57,0,0,0,1,0,0,0,0,2,1,0,0,0,1,0,1,0,0,1,2,0,0,0,0,1,0,0,1,0,0,0,0,2,2,0,0,0,0,0,0,0,0,0,0,0,0,0,0,0,0,0,1,0,0,1,0,0,0,0,0,0,0,0,0,1,0,1,0
0,0,1,0,0,0,2,0,2,0,1,0,1,2,0,0,1,0,0,0,0,1,0,0,0,1,1,1,0,0,0,0,2,1,1,0,1,0,1,2,0,0,1,0,0,0,1,0,0,2,0,0,0,0,2,0,0,0,1,0,0,0,0,0,2,1,0,0,0,1,2,1,1,1,0,0,2,0,0,0,0,0,0,1,0,0,0,0,0,1,0,0,0,0,0,0,0,0,0,0,0,1,0,1,0,0,0,0,0,2,0,3,1,0,0,0,0,0,0,0,0,0,1,3,0,0,0,2,1,2,2,0,0,1,0,0,1,0,0,0,0,1,0,0,2,1,0,0,0,0,0,1,0,2,13,164,254,196,7,2,0,1,0,0,2,0,0,0,0,0,0,0,0,0,0,1,0,0,1,212,142,179,242,180,222,254,197,120,1,0,2,0,0,0,0,1,2,2,1,0,0,0,0,3,1,23,201,251,255,255,254,236,237,238,245,249,159,0,3,0,0,3,0,1,0,1,0,0,0,0,1,3,64,231,253,254,254,207,86,26,26,27,49,239,214,0,0,0,0,1,0,0,0,0,0,0,0,0,0,37,227,254,255,249,127,8,1,1,1,0,69,254,187,6,0,1,1,0,0,0,0,0,0,0,2,0,2,193,252,253,255,81,2,0,0,1,2,0,70,255,238,28,0,0,1,2,0,0,1,0,0,2,0,0,49,254,255,248,82,4,0,0,0,0,0,0,157,254,212,2,0,0,0,1,0,0,0,0,0,0,2,0,51,254,254,164,0,0,0,0,1,0,1,25,216,253,127,1,0,0,2,0,1,1,0,0,1,0,1,0,3,74,148,3,2,0,0,2,1,0,0,132,254,224,19,2,2,0,0,0,0,0,1,1,0,2,0,0,0,0,2,0,2,0,0,0,0,0,2,185,253,153,0,0,0,1,0,0,0,0,0,1,1,2,0,0,1,3,0,0,0,0,0,17,32,89,123,253,254,101,0,0,1,0,1,1,0,0,0,0,0,0,1,0,2,0,0,0,0,0,17,174,234,254,253,253,227,14,0,1,0,0,0,0,0,0,1,0,1,0,0,0,1,0,0,0,1,151,252,254,254,254,253,255,187,0,1,1,0,0,1,1,0,1,0,1,0,0,1,1,1,1,2,1,87,252,255,255,252,255,253,253,233,45,0,0,0,0,1,0,1,0,0,0,0,0,0,0,0,0,0,10,251,254,223,254,255,252,205,95,253,198,1,0,0,0,0,0,0,0,0,0,1,1,0,1,0,2,0,7,255,255,254,252,253,224,31,2,247,230,22,0,0,0,0,0,0,1,1,0,0,0,1,0,0,0,1,8,254,253,254,255,167,20,0,0,249,254,82,0,1,0,0,1,1,1,0,2,0,1,0,1,1,0,0,4,209,253,248,133,9,0,0,0,175,255,157,0,0,0,0,0,0,0,0,0,1,0,0,0,0,0,1,0,22,149,52,0,0,0,0,0,147,250,89,0,0,1,0,0,0,0,0,0,0,0,1,3,0,0,1,1,1,0,1,0,1,0,0,2,0,81,66,1,0,0,0,0,2,1,1,2,0,1,0,0,0,0,0,0,1,0,0,0,1,0,0,2,0,0,0,0,1,0,0,0,1,0,0,1,0,0,2,0,2,0,0,0,1,1,1,0,1,0,1,0,0,0,0,0,0,1,0,0,0,0,0,0,0,0,0,1,0,0,0,0,0,0,0,1,0,1,1,1,0,0,0,1,1,0,0,0,1,1
0,2,0,0,0,1,0,1,0,1,1,1,0,0,0,0,0,0,0,0,1,3,0,0,0,0,2,0,1,0,0,0,0,0,0,0,0,0,1,1,0,0,0,2,1,2,0,0,0,0,1,0,1,1,0,0,1,1,0,0,0,0,0,0,1,0,0,0,2,0,1,0,2,0,1,0,0,1,0,1,1,1,2,0,0,0,0,0,0,2,0,1,0,0,0,1,0,1,0,0,1,0,0,1,1,0,0,1,0,1,0,0,0,1,0,0,0,1,0,0,1,0,0,0,1,0,2,1,0,0,0,0,0,1,0,0,0,0,0,0,0,1,2,1,3,1,0,1,0,0,0,0,63,64,255,183,254,139,123,121,39,0,0,0,0,0,0,0,0,0,0,1,0,0,1,91,212,242,240,238,246,246,254,253,252,252,253,251,78,0,0,0,1,2,0,0,2,0,1,0,0,0,134,248,252,200,252,251,251,252,253,253,251,252,251,254,198,0,1,0,0,0,0,1,0,0,0,0,1,0,226,252,252,162,239,172,173,102,110,39,40,38,164,251,246,77,1,0,1,0,0,1,0,0,0,0,0,0,228,251,252,105,43,1,0,0,0,0,0,0,14,51,54,20,2,1,1,1,0,1,0,0,0,0,0,1,128,254,252,65,0,0,0,0,0,0,0,0,2,0,0,1,0,1,0,1,0,0,1,0,1,0,0,0,93,252,251,98,40,40,18,17,2,0,1,1,0,0,1,1,0,0,1,0,1,0,0,0,0,0,1,0,34,211,250,254,251,252,203,204,161,105,17,0,0,0,1,1,1,0,0,0,0,0,0,0,1,0,0,0,0,79,251,252,251,252,252,251,252,251,214,104,9,0,0,0,0,0,0,1,0,1,1,0,0,0,1,0,0,81,253,253,253,252,251,252,252,252,252,253,185,0,0,0,1,1,0,0,0,0,0,0,0,0,0,0,0,0,36,157,235,146,182,198,191,252,252,252,254,128,0,0,1,0,0,0,0,0,0,0,0,1,0,0,2,0,0,2,11,1,6,8,5,138,240,251,252,250,75,0,0,0,1,1,0,0,0,0,2,0,0,1,0,1,0,0,0,0,1,0,1,1,21,217,252,251,129,0,0,0,1,1,0,1,1,0,0,0,0,0,0,0,0,2,0,0,1,1,0,0,0,213,253,252,246,79,2,0,0,0,0,0,0,1,1,0,1,2,0,1,0,0,0,1,0,0,0,0,109,243,252,250,220,17,0,1,1,0,0,0,0,0,0,0,0,0,0,0,16,13,0,0,32,53,187,187,245,253,253,253,212,1,0,1,0,0,0,0,1,0,0,0,0,0,0,1,157,193,173,174,217,253,254,253,253,251,253,245,108,1,2,0,0,0,0,0,1,0,0,1,0,0,0,1,109,246,251,251,252,253,252,252,251,254,247,109,0,1,1,0,0,0,1,0,1,0,0,2,0,0,0,1,0,175,243,253,252,252,253,247,239,237,105,1,0,0,0,0,1,1,1,0,0,0,0,0,0,0,0,1,0,1,21,131,254,251,119,71,0,1,0,0,1,0,0,0,0,0,0,1,1,1,1,2,0,1,0,0,0,1,0,1,0,0,0,0,1,0,0,0,1,0,1,1,0,0,0,0,0,0,0,0,0,0,1,0,0,1,0,1,0,1,0,3,1,0,1,0,0,0,1,0,1,0,0,0,0,0,1,1,0,0,1,0,0,1,0,0,1,0,1,1,2,0,1,0,0,0,0,2,0,2,0,0
0,0,0,0,0,1,0,0,0,0,1,0,0,0,1,0,1,1,0,0,0,1,0,0,1,0,0,0,0,1,0,0,0,1,0,1,1,0,0,1,0,1,0,0,0,0,0,0,1,1,0,0,0,0,2,1,1,0,0,2,1,1,0,1,0,1,0,0,0,1,0,0,1,0,0,0,0,2,0,0,1,1,0,1,0,0,0,1,1,0,0,2,3,0,2,1,0,1,1,0,1,1,0,0,0,0,1,0,0,0,0,0,1,0,0,0,0,0,1,1,1,0,1,0,0,1,87,220,221,22,0,0,0,0,0,2,0,0,0,1,0,0,0,1,0,0,0,1,0,0,1,0,1,88,217,246,182,14,0,2,0,2,0,0,1,1,0,0,0,1,0,0,0,2,0,1,0,0,0,1,55,217,228,64,0,0,0,0,0,0,1,0,0,1,1,0,0,0,0,1,1,0,2,0,0,0,2,31,247,248,98,0,1,1,0,1,0,0,2,2,0,0,1,0,0,0,1,0,0,0,0,0,0,0,1,147,255,134,0,0,0,0,0,0,0,16,120,42,2,1,0,1,0,0,0,0,0,1,0,1,0,0,40,240,250,67,1,0,0,1,0,1,1,50,253,52,2,1,2,0,2,2,0,0,2,0,1,0,1,0,147,255,77,0,0,0,0,0,0,0,86,246,223,28,0,0,1,1,0,1,0,2,0,1,0,2,0,52,235,242,12,1,1,0,0,0,0,17,207,255,209,25,0,0,0,0,0,0,0,4,0,0,0,2,0,190,254,127,0,0,1,0,0,0,1,206,255,244,58,0,0,0,0,0,0,0,1,1,0,0,0,2,14,203,234,22,0,0,2,0,1,23,111,254,248,103,0,0,0,0,0,0,0,0,0,0,1,1,0,0,55,255,164,0,0,0,0,0,0,132,254,255,133,0,1,2,1,1,0,0,0,0,0,0,2,1,0,1,54,255,201,12,0,0,16,96,188,247,254,156,18,1,1,2,1,1,1,1,0,0,0,1,0,0,0,2,54,255,255,233,120,180,237,253,253,254,206,2,0,0,0,0,1,0,1,1,0,0,1,3,0,1,0,2,3,127,248,252,253,248,253,255,251,100,3,1,0,0,3,0,0,0,0,0,1,1,1,1,0,0,1,2,0,0,38,107,105,156,253,249,101,0,1,1,1,0,0,0,0,0,0,0,0,0,1,1,0,0,0,1,1,0,1,0,108,254,246,106,0,0,1,0,0,1,0,1,0,0,1,0,1,0,0,1,1,0,0,1,2,1,0,28,247,255,181,1,2,0,0,0,1,0,0,0,0,0,0,0,0,0,2,0,0,1,0,1,1,0,0,146,254,196,20,3,1,1,1,0,1,2,0,1,0,0,0,2,1,0,0,1,0,2,0,0,0,1,0,227,254,114,0,0,0,2,0,0,0,1,0,1,1,0,0,0,0,0,1,1,1,0,1,0,0,0,0,169,197,60,0,0,1,0,0,0,1,0,0,0,0,1,0,0,1,1,0,0,0,0,0,2,0,0,0,0,0,1,0,1,0,0,1,0,1,0,0,0,0,0,0,0,0,1,0,0,0,1,1,1,1,0,1,1,0,0,0,0,1,0,0,1,1,0,1,0,1,0,0,0,0,1,1,1,0,0,0,1,1,3,0,0,0,2,1,0,1,1,1,0,1,0,0,0,0,0,0,2,0,1,0,0,1,0,1,0,0,0,0,1,0,2,0,0,0,0,0,0,0,0,0,0,0,0,0,1
1,0,1,2,0,0,0,1,0,0,0,0,2,0,0,0,3,0,1,0,0,1,2,0,0,1,0,0,1,0,0,0,1,0,0,0,1,0,1,2,2,1,0,1,0,0,1,0,0,0,1,1,1,0,0,1,0,1,0,0,0,0,1,0,1,0,0,1,0,2,0,1,2,1,0,1,0,1,0,2,0,1,0,0,0,1,0,0,0,0,0,0,0,0,0,1,0,0,1,0,0,0,0,0,0,0,0,0,0,0,1,0,0,0,0,1,0,1,1,0,0,0,1,1,0,0,0,0,1,1,0,2,0,1,2,0,0,0,0,1,0,0,1,0,0,0,0,1,0,0,0,0,0,0,0,0,0,0,0,0,0,0,0,2,0,0,0,0,0,0,0,1,1,0,0,209,207,77,15,2,0,0,0,0,0,0,0,0,0,0,0,0,1,0,0,0,0,1,0,0,0,1,0,191,254,255,245,155,128,36,4,0,0,1,0,0,0,0,1,0,0,0,0,1,1,1,0,0,0,0,1,30,188,227,255,253,254,253,184,41,0,0,0,0,0,0,2,0,0,0,1,0,0,0,0,0,0,2,1,0,1,32,76,183,215,207,254,226,127,1,0,0,0,0,1,0,0,1,0,3,0,0,1,0,0,0,0,0,0,0,0,0,23,15,48,193,249,39,0,0,0,0,0,1,1,2,2,0,0,1,0,1,0,0,0,0,1,0,0,0,1,1,1,114,253,155,0,0,0,0,0,0,1,2,0,0,0,0,1,0,3,0,1,1,0,1,0,0,0,1,1,114,255,225,5,1,0,0,0,0,1,0,0,1,0,1,1,0,0,0,0,0,0,0,0,0,0,2,0,49,252,253,78,1,0,0,0,1,2,0,0,0,0,1,0,2,0,0,1,0,0,2,2,1,0,1,0,0,251,226,1,1,0,0,0,1,0,0,0,0,0,0,0,0,0,0,0,0,0,0,0,0,1,0,1,1,250,233,21,0,0,0,0,1,1,0,1,0,0,2,0,0,0,0,0,0,0,0,0,0,0,0,1,0,251,254,87,0,1,2,0,0,0,0,1,0,0,0,0,0,0,0,0,0,0,0,1,0,0,0,1,41,252,243,55,0,0,0,1,0,1,0,0,0,1,2,0,0,0,2,0,2,2,1,0,1,1,1,0,112,253,173,0,1,0,0,1,1,2,0,0,1,0,2,1,1,1,0,1,0,0,0,0,0,0,0,0,114,255,106,0,2,1,0,1,0,0,2,0,0,1,0,1,0,0,1,0,0,0,0,1,0,0,0,1,113,255,106,0,0,1,0,0,0,2,0,1,2,0,1,0,1,0,0,0,0,0,0,1,1,0,0,1,135,254,106,0,0,0,0,0,0,1,0,0,1,0,0,1,2,3,0,0,0,0,0,1,1,2,0,0,233,253,107,0,0,2,1,0,0,0,0,0,0,0,0,1,0,1,1,0,0,0,0,1,0,0,2,0,231,251,72,0,1,0,0,0,0,0,0,1,0,1,0,0,0,0,1,0,0,0,1,1,0,0,0,1,234,243,1,1,0,0,0,0,1,0,0,1,0,0,0,1,0,0,0,0,0,2,0,1,0,0,1,1,233,242,2,0,0,0,2,0,0,1,0,0,0,0,1,0,0,0,1,0,1,0,0,0,1,0,0,0,0,0,0,0,1,0,0,0,0,0,0,0,0,0,2,2,0,0,2,0,0,1,1,0,1,1,0,0,0,1,0,2,0,0,0,0,0,0,0,1,0
0,1,1,0,0,0,0,0,1,1,0,0,0,1,2,2,0,1,2,0,0,1,0,0,1,0,0,0,1,0,0,0,1,0,0,0,2,1,1,0,1,0,0,1,1,0,2,0,1,1,1,1,1,0,0,1,0,0,0,0,0,0,0,0,0,0,0,0,0,1,0,0,216,253,27,0,0,0,0,1,0,0,0,0,0,0,0,0,0,0,0,0,1,0,0,0,0,1,25,154,252,117,3,1,1,1,1,0,0,2,0,0,1,0,0,2,0,0,0,0,0,0,0,1,2,7,214,255,253,14,0,1,0,1,1,0,0,0,0,0,0,2,0,0,0,0,0,0,0,0,0,0,0,136,255,237,64,2,0,1,0,0,1,0,0,0,0,0,0,0,0,0,0,1,0,1,3,0,2,0,70,219,240,54,1,1,1,0,0,1,1,1,0,0,0,0,1,0,0,1,0,0,2,2,0,0,2,25,221,252,84,1,0,2,0,1,0,0,0,0,0,0,0,0,0,0,0,0,1,0,0,1,0,0,0,186,255,136,0,0,0,0,0,1,0,0,0,0,1,1,0,0,0,0,1,1,0,0,0,0,0,0,69,241,246,41,1,1,0,2,3,0,0,1,1,0,2,0,1,0,0,0,0,0,0,0,0,0,0,20,230,252,109,1,1,0,0,3,8,6,0,0,2,1,1,0,0,0,0,1,2,0,0,0,0,0,0,135,255,205,18,1,0,0,139,196,255,213,62,0,0,0,0,0,0,1,2,1,1,0,0,0,0,0,0,220,255,52,0,0,0,196,253,254,254,253,157,1,1,1,1,0,0,0,0,0,0,1,0,0,0,1,2,218,255,52,0,1,138,253,255,237,56,166,254,53,0,0,1,0,1,2,0,1,0,0,0,0,0,2,33,239,220,4,0,4,192,255,190,51,0,130,254,53,0,0,1,0,0,0,0,0,0,0,0,1,2,0,73,255,200,2,0,10,255,255,48,0,0,180,221,6,1,0,0,0,0,0,0,0,0,0,1,2,1,0,141,253,116,1,0,11,255,186,3,0,60,249,141,1,1,1,0,0,0,0,0,0,0,2,0,0,0,0,141,254,86,0,0,9,253,239,18,9,186,232,39,0,1,0,0,0,1,0,0,0,0,1,0,0,2,1,96,251,204,8,0,4,191,254,113,143,254,140,0,0,0,1,0,0,0,0,0,0,1,1,2,1,0,0,0,220,253,128,11,0,73,248,254,253,255,117,65,10,2,0,1,1,0,1,0,0,1,0,0,2,0,0,1,150,251,255,224,186,184,231,251,246,246,230,115,38,1,0,1,1,1,1,0,0,1,0,0,0,1,1,1,1,109,236,254,254,254,197,60,1,1,1,0,1,0,0,0,0,0,0,1,0,0,0,0,0,1,1,0,1,0,0,0,0,0,1,0,1,2,0,0,0,0,1,0,0,1,0,0,1,0,0,0,1,0,0,0,0,0,0,0,0,1,0,0,1,0,0,0,1,1,0,0,0,0,0,1,0,0,0,2,0,0,0,0,0,0,0,0,0,0,0,0,0,2,1,2,0,0,0,0,1,0,0,0,0,0,0,0,0,0,1,0,0,1,0,0,0,1,0,0,0,0,0,0,1,1,0,0,0,0,0,1,0,0,0,1,0,2,1,0,0,0,0,0,1,1,0,0,0,0,0,0,1,2,1,2,1,0,0,0,0,1,0,0,1,0,0,1,0,0,1,1,0,0,1,0,1,0,0,0,0,0,0,1,0,0,1
0,0,0,1,0,1,0,1,2,1,0,1,0,0,0,0,0,0,0,0,0,1,1,2,0,0,0,0,0,0,0,1,1,0,1,1,1,0,0,1,2,0,1,0,0,0,2,0,0,0,1,0,0,0,0,0,1,0,0,1,0,0,2,0,0,0,0,0,0,0,0,0,0,2,0,0,2,0,0,0,0,1,0,0,0,0,0,0,0,0,1,0,0,1,1,0,0,0,0,0,1,0,0,0,0,1,1,0,0,0,0,0,0,0,0,0,0,0,0,2,0,0,0,0,0,0,1,1,0,1,0,0,0,0,0,0,1,1,1,1,0,1,0,0,1,0,2,0,0,0,0,0,2,0,0,0,0,1,0,1,0,0,0,0,0,1,1,0,0,2,0,0,0,0,0,0,1,1,2,1,1,2,1,0,0,1,2,1,0,0,0,0,0,1,1,0,0,0,2,152,96,1,1,0,0,0,0,0,0,0,0,0,2,0,0,0,0,1,0,1,1,0,0,0,0,0,0,255,234,47,0,0,0,0,0,0,0,0,0,0,0,0,1,2,43,136,17,0,0,0,0,1,1,2,1,239,252,132,10,0,1,0,0,0,0,0,1,0,0,0,19,107,236,253,161,0,0,0,0,0,2,0,0,75,254,254,169,51,25,0,0,0,1,2,0,29,84,156,222,252,254,253,219,1,1,0,0,0,1,1,0,5,180,253,253,247,240,233,207,215,129,130,147,244,254,253,255,253,253,255,139,0,3,0,2,2,0,0,0,0,0,131,235,253,252,252,252,254,253,253,254,253,172,234,252,253,250,116,15,0,1,0,1,0,0,0,0,0,0,1,56,145,238,230,213,253,250,249,154,86,183,247,252,250,59,0,2,0,0,1,0,0,1,2,0,0,0,1,0,0,1,1,59,88,69,69,2,115,253,253,254,121,0,0,0,0,0,0,0,1,0,1,0,0,0,1,0,0,0,1,0,0,0,1,1,192,252,251,234,14,0,0,0,1,0,0,1,0,0,0,0,0,1,0,1,0,0,1,0,0,1,0,42,253,253,238,59,2,1,0,1,0,0,0,1,0,0,0,0,0,0,0,0,1,1,2,1,0,1,3,165,253,240,108,1,0,0,0,1,0,1,0,0,0,1,0,1,0,0,0,1,2,0,0,0,0,0,17,250,252,123,0,0,0,0,0,1,1,1,0,2,1,1,1,0,1,0,0,2,1,0,0,1,0,0,135,253,252,120,0,1,0,0,0,0,0,1,0,0,1,0,0,1,1,1,1,2,0,0,0,0,1,50,252,253,252,106,0,0,1,0,0,1,0,0,2,0,1,0,0,2,1,0,0,0,0,0,0,2,0,14,217,253,252,60,1,1,1,0,0,1,0,0,0,0,0,0,0,0,0,0,0,0,1,0,0,1,2,5,206,255,245,15,1,0,1,0,1,0,0,1,0,1,0,2,1,0,2,0,0,0,1,1,0,1,0,52,253,252,165,0,1,0,0,0,0,0,0,0,0,0,1,0,1,0,0,0,0,0,0,0,0,0,0,53,254,252,75,0,0,1,1,0,1,0,1,1,0,0,0,0,2,0,0,1,1,1,2,0,0,2,0,19,197,245,49,0,0,1,1,0,0,0,0,1,0,1,0,1,0,1,0,1,1,1,0,0,0,1,0,0,18,38,0,0,0,0,1,0,1,0,1,0,0,0,0,0,1,0,1,0,1,0,0,1,2,0,0,0,0,0,0,0,0,0,1,0,1,0,0,0,0,0,2
0,0,0,1,0,0,2,0,0,0,0,0,1,0,1,0,0,2,1,1,0,1,1,0,1,0,1,1,0,0,0,0,0,0,0,0,0,1,0,0,0,0,2,1,0,0,1,0,0,0,0,0,0,0,0,1,1,0,0,0,1,1,1,0,1,2,0,1,0,0,0,0,0,0,1,1,1,0,0,0,0,0,0,0,0,1,1,1,1,0,0,0,2,0,0,0,0,0,0,0,0,0,1,0,1,1,0,0,0,0,0,0,0,0,0,0,0,0,1,0,0,1,1,1,0,0,0,0,0,1,1,0,0,0,0,0,0,1,0,1,0,0,1,0,1,0,0,0,2,1,1,0,0,0,114,194,102,0,1,0,0,0,1,0,1,0,1,1,0,1,0,0,3,1,0,0,2,1,0,0,68,231,253,255,161,0,0,0,1,0,0,0,1,0,0,0,0,0,0,1,1,0,1,0,2,1,1,35,241,229,242,254,201,11,0,0,0,0,1,0,0,0,0,0,0,1,0,0,1,0,0,0,0,0,16,224,187,0,41,152,252,126,0,0,1,0,0,1,2,0,0,1,1,1,0,0,0,0,1,0,0,0,198,238,25,2,0,115,255,185,0,2,0,0,1,1,0,1,0,2,1,0,1,0,0,0,0,0,0,54,244,129,0,0,0,117,251,185,0,0,1,1,0,0,0,0,0,0,0,0,0,0,0,0,2,0,0,238,223,25,0,0,0,116,254,184,0,0,0,1,0,1,0,0,0,0,0,0,0,0,0,1,1,0,68,254,81,0,1,1,0,117,253,183,0,1,0,0,0,1,0,0,2,0,1,0,0,0,1,1,0,1,151,255,24,0,1,1,13,189,254,185,1,0,0,0,0,2,1,0,0,1,0,1,1,1,1,0,0,0,185,255,23,1,1,12,153,252,253,185,0,2,0,0,0,1,0,0,0,0,0,0,0,1,1,0,0,2,175,254,24,1,51,188,252,235,253,184,1,0,0,1,1,1,1,1,0,2,1,0,1,2,0,1,1,0,92,255,141,101,234,254,187,38,253,213,10,0,0,0,0,0,0,1,0,0,2,0,0,0,0,0,0,0,2,228,252,255,202,160,10,24,252,254,48,0,0,0,0,0,0,1,0,1,2,2,0,0,0,0,0,0,2,15,107,108,5,0,1,1,190,254,97,0,2,1,1,0,0,1,1,0,0,1,0,1,0,0,0,0,0,0,0,0,1,2,0,0,176,254,98,0,0,0,2,1,0,0,1,1,0,0,0,0,0,0,1,0,1,0,1,1,0,0,1,1,94,252,183,0,0,0,0,0,0,0,1,1,0,0,0,0,0,0,2,0,1,1,0,0,0,0,0,0,0,255,206,0,2,0,1,0,0,1,1,0,0,0,1,0,1,1,2,0,0,0,0,0,0,0,1,1,0,169,248,60,1,1,0,1,0,0,0,1,0,1,1,1,0,0,1,0,1,0,0,0,1,0,1,1,1,80,250,215,25,1,1,1,0,1,0,0,1,3,1,0,0,0,1,0,0,0,0,0,1,1,2,0,0,0,79,203,252,33,0,0,1,0,1,0,0,0,0,2,0,1,0,1,1,1,0,0,0,0,1,0,0,0,0,0,0,1,0,0,0,0,0,0,0,0,1,0,0,0,3,0,0,0,0,0,0,1,0,0,0,0,0,0,0,0,0,0,1,0,0,0,0,0,1,1,0,0,0,0,0,0,0,0,0,0,1,1,0,0,0,1,0,0,0,1,0,0,0,1
1,0,0,0,0,0,0,0,0,0,0,0,1,1,1,0,1,0,1,0,1,0,1,0,1,1,0,0,0,1,0,0,0,1,1,0,1,0,1,0,1,1,0,1,0,0,1,0,1,0,0,2,1,0,0,0,0,0,0,1,0,0,4,0,0,0,1,0,1,0,0,0,0,0,0,0,0,0,1,0,0,0,1,0,1,0,0,0,0,1,2,0,0,0,0,0,0,0,0,0,1,0,0,0,1,0,0,0,0,0,0,0,1,0,0,0,0,0,0,1,2,1,1,1,106,24,1,0,0,2,0,0,0,0,1,0,1,1,0,0,0,0,2,0,0,0,0,0,0,6,98,157,253,239,208,87,0,1,1,1,0,0,1,1,1,0,0,0,0,0,1,1,2,0,0,0,71,214,253,254,255,255,253,249,91,0,0,0,1,0,0,1,0,0,0,1,0,0,0,0,0,2,0,13,192,251,200,140,60,63,174,254,142,28,1,0,0,0,1,0,0,0,0,1,0,0,0,0,0,1,70,193,253,242,1,1,1,1,16,174,255,215,27,0,0,0,3,1,0,1,0,1,1,0,0,0,0,7,207,255,226,96,2,0,0,0,1,11,188,253,213,101,0,1,0,0,0,2,0,0,0,2,0,0,0,187,169,253,81,0,0,0,1,0,1,2,73,252,254,213,99,1,1,0,0,0,1,0,1,1,0,0,0,235,255,229,46,2,1,1,1,0,2,1,3,74,249,252,252,134,0,0,0,1,1,1,0,0,0,0,106,254,228,53,0,0,0,0,0,1,0,1,0,0,192,254,255,214,1,0,0,0,0,0,0,0,1,2,117,254,177,0,0,0,0,0,0,1,0,0,1,1,19,190,255,245,75,0,0,0,2,0,0,0,0,1,195,255,78,0,0,0,3,2,0,0,0,0,1,0,0,85,255,253,198,0,0,1,1,0,1,0,0,0,119,254,40,0,0,0,0,0,0,0,1,1,0,0,0,75,250,254,235,13,1,1,0,0,0,0,0,0,119,255,119,1,1,0,0,0,0,0,1,0,0,0,1,0,197,253,254,121,0,2,0,0,0,0,0,0,117,255,179,0,2,1,1,0,0,0,1,1,0,0,0,0,63,252,255,189,0,3,1,0,0,2,1,0,6,234,178,0,0,0,0,0,0,2,0,0,2,2,2,0,63,253,247,69,1,2,3,1,0,1,0,0,2,236,203,19,0,0,0,0,0,0,0,0,0,1,1,27,199,255,240,39,1,0,0,0,0,0,0,2,0,104,211,110,63,62,64,64,27,63,29,61,63,64,193,219,254,253,239,24,0,0,0,0,1,0,0,0,0,0,23,106,242,254,254,254,212,253,214,252,253,254,255,255,244,116,69,1,1,0,0,0,0,0,1,0,0,0,0,2,65,177,234,234,185,211,234,234,234,164,98,96,73,0,1,0,0,0,0,1,1,0,0,0,1,0,2,1,1,0,1,0,0,0,1,0,0,1,0,0,0,0,1,0,0,0,0,0,0,0,1,0,0,0,0,0,3,0,0,0,0,0,3,0,0,0,0,0,0,0,2,0,0,0,0,1,0,1,1,0,1,0,1,1,0,0,0,0,2,1,2,1,1,1,0,1,0,1,0,0,0,0,0,1,0,0,0,1,0,1,0,0,0,0,0,0,0,0,0,0,0,0,0,0,1,0,0,0,0,1,0,0,0,2,0,0,0,1,0,3,1,0,0,0,0,1,1,1,1,0,1,0,1,1,0,0,0,0,0,0
0,0,1,0,2,0,1,1,0,0,1,0,0,1,0,0,0,0,0,0,1,2,0,1,1,1,1,0,2,0,2,1,0,1,0,1,0,0,1,0,2,0,0,0,0,0,0,0,0,2,0,0,0,0,0,1,0,0,0,0,0,0,0,0,1,0,0,0,0,0,0,1,2,0,0,0,0,0,0,1,1,1,0,0,0,1,0,0,0,0,0,1,3,0,2,0,0,0,1,0,0,1,0,1,1,1,1,0,0,0,0,0,0,2,1,2,0,1,1,0,0,2,1,1,0,0,0,2,0,0,0,0,2,0,0,1,0,1,0,0,0,1,0,0,0,0,0,0,0,0,0,0,0,0,0,0,0,1,68,141,255,254,255,216,17,0,1,0,0,3,2,0,0,0,0,0,0,0,0,1,0,2,0,25,73,153,244,253,253,254,253,203,14,2,0,0,0,0,2,1,0,0,1,0,0,0,0,0,25,66,171,228,252,254,252,253,221,121,82,55,0,1,2,0,0,0,0,0,0,0,0,1,0,19,71,175,221,253,252,252,254,253,188,121,26,1,0,0,2,0,0,0,0,0,0,0,3,0,0,55,169,220,252,252,252,253,251,190,126,47,4,0,2,0,0,0,1,0,2,0,0,0,0,0,0,0,0,154,255,253,253,253,252,182,30,8,0,0,0,0,1,2,0,0,0,0,0,0,1,0,1,1,0,0,0,26,215,255,252,95,10,5,0,1,0,0,4,0,0,0,0,1,2,2,2,1,0,0,1,0,0,2,0,36,255,253,252,29,0,0,0,0,0,0,1,0,0,0,0,0,0,0,2,0,0,0,2,0,0,0,0,29,239,253,252,67,24,0,2,0,0,0,0,0,1,0,0,0,0,0,0,0,0,0,0,0,0,1,1,2,144,253,253,251,216,112,50,0,0,1,1,0,0,0,1,0,0,0,0,1,0,0,1,1,0,0,0,0,12,93,240,253,252,253,245,97,1,1,0,0,0,0,0,0,3,0,0,3,0,0,0,0,0,1,0,0,0,0,34,91,202,254,253,245,148,0,0,0,0,0,1,0,1,2,0,0,0,0,1,0,1,1,0,2,2,0,1,1,13,34,212,254,245,89,0,2,0,0,0,1,0,1,1,0,1,1,2,0,0,1,1,0,0,0,0,0,1,1,23,212,253,251,24,0,0,0,0,0,2,1,1,0,0,0,0,0,0,0,0,0,0,0,0,0,0,1,0,163,252,253,22,0,2,0,0,0,0,1,0,1,1,0,0,0,1,0,0,0,0,1,1,0,1,0,2,134,255,255,22,0,0,1,0,0,0,0,1,1,0,0,0,0,2,0,0,0,125,93,14,1,0,7,86,231,252,253,24,0,0,0,0,0,0,1,0,0,0,1,2,0,1,0,0,0,172,253,210,201,201,206,252,254,252,177,4,2,0,0,0,0,1,2,0,0,1,0,0,0,1,0,0,0,104,227,255,255,254,252,254,255,188,22,1,0,0,0,0,0,2,0,0,0,1,2,0,1,0,0,1,0,0,13,115,134,194,188,135,109,12,0,0,0,1,2,0,0,0,0,3,1,0,1,1,0,0,0,0,1,0,0,0,1,0,0,0,1,0,1,1,1,2,0,1,0,1,2,0,0,1,0,0,0,0,0,2,2,0,0,1,1,0,0,0,0,0,1,1,0,0,0,0,0,0,0,0,0,1,0,1,0,0,0,0,0,0,1,1,1,0,1,0,0,0,0,0,1,1,1,0,0,0,0,0,1
0,0,0,0,0,0,0,1,0,0,0,0,0,0,0,0,0,1,1,0,0,0,0,1,0,0,1,1,0,0,0,1,1,1,0,0,0,0,0,0,1,0,0,1,0,0,0,0,0,0,0,0,0,0,1,1,0,1,0,0,0,0,1,0,0,0,0,0,0,0,2,0,0,0,1,1,1,0,0,0,0,0,0,0,0,1,1,0,0,0,2,0,0,0,1,1,0,0,1,0,2,0,1,0,0,1,0,2,0,1,1,1,0,0,0,0,0,0,0,1,0,0,0,2,0,0,1,1,1,0,0,0,1,0,0,0,0,1,0,0,0,2,0,0,0,1,1,1,0,0,0,0,0,1,0,0,1,1,2,0,0,0,0,1,0,0,0,1,0,1,0,0,0,0,1,0,0,26,119,121,122,187,254,253,253,251,254,252,233,43,1,1,1,0,2,0,1,0,0,0,1,1,0,132,238,243,251,252,249,253,253,251,252,250,253,251,252,93,0,0,0,2,0,1,0,2,0,1,0,2,87,248,251,252,251,252,254,251,158,156,192,251,253,251,215,11,1,0,0,0,0,0,0,0,0,0,0,0,63,239,252,252,177,38,39,39,0,0,14,107,251,251,184,30,0,2,0,1,0,0,0,0,1,0,1,1,0,213,254,252,196,24,0,1,0,0,110,215,249,174,26,18,0,0,0,0,0,1,0,0,1,1,0,0,0,55,212,252,253,197,50,0,27,178,247,252,237,53,0,0,1,0,0,0,0,2,1,0,0,0,2,0,0,0,108,252,252,252,248,172,209,251,250,239,84,0,1,1,1,0,0,0,0,0,0,0,1,0,0,0,0,0,25,196,253,253,250,253,253,252,243,152,1,0,2,0,0,0,1,0,0,1,0,1,1,0,0,1,0,0,0,23,127,248,252,251,253,253,162,3,0,0,0,1,2,0,2,1,2,2,1,0,0,0,0,0,0,0,0,1,0,91,253,251,252,251,250,110,0,0,1,1,0,0,0,0,0,0,0,0,2,0,1,1,0,0,0,0,19,205,253,253,255,253,251,172,0,0,0,0,0,0,0,0,1,1,0,1,0,0,0,0,0,1,0,0,96,252,252,194,148,246,252,205,23,0,1,0,1,0,0,0,0,0,0,0,1,0,0,1,1,0,0,49,245,251,239,13,0,81,243,251,102,0,0,0,0,0,1,0,0,1,0,1,1,0,1,0,0,1,2,165,252,252,127,0,2,1,226,252,243,56,1,0,0,2,1,1,0,0,1,0,0,0,1,0,0,1,55,237,250,251,107,0,0,0,122,253,252,67,0,0,0,0,1,0,0,1,0,0,0,0,1,0,0,2,52,238,251,252,106,0,0,0,95,253,253,68,1,0,0,0,1,3,0,2,0,1,2,0,0,1,0,0,1,186,251,252,126,1,0,39,188,252,242,57,0,1,2,2,1,1,0,0,2,0,0,1,0,1,0,0,0,103,253,253,247,160,161,248,253,251,170,0,1,0,0,0,0,2,0,1,0,1,0,0,0,0,1,0,1,24,196,246,252,251,253,252,247,198,21,0,0,0,0,1,2,0,0,1,0,1,0,1,0,0,0,0,1,0,1,76,125,252,250,127,76,0,1,0,0,2,0,0,0,0,0,0,0,0,0,0,1,0,0,1,1,1,0,0,0,0,0,2,0,1,1,0,0,0,0,0,0,0,0,0,0,0,0,0,1,0,0,1,2,1,0,0,0,0,0,2,0,1,2,0,0,0,2,1,1,0,0,0
0,0,1,0,1,0,0,0,0,0,2,0,0,2,0,0,1,0,0,0,0,1,0,0,0,0,0,0,0,2,1,0,1,2,0,0,1,1,2,0,0,0,0,0,0,0,0,0,0,0,0,0,0,0,0,1,0,0,0,0,0,0,0,0,1,0,0,0,0,0,1,1,1,0,0,0,0,0,0,0,1,0,0,0,0,0,0,0,1,0,0,1,0,0,0,0,0,0,0,1,0,0,0,0,0,0,0,0,2,3,0,1,1,2,0,0,0,0,2,0,0,1,0,0,0,0,1,0,1,1,1,0,0,1,0,0,2,0,0,0,0,0,0,0,1,0,1,0,0,1,1,0,0,4,113,191,19,0,0,9,43,63,148,147,49,0,0,0,0,0,1,1,0,1,0,1,0,0,1,0,28,99,251,253,121,86,139,206,253,250,251,202,22,0,1,1,1,0,0,0,1,0,0,0,0,1,1,32,212,254,253,253,247,251,250,251,244,172,91,10,0,0,2,1,0,0,0,0,0,1,2,0,1,1,26,219,252,252,254,199,190,191,136,85,50,1,0,0,0,1,0,0,0,1,0,2,1,1,0,0,1,0,194,253,181,42,42,6,0,0,3,0,1,1,0,1,0,3,0,0,0,2,0,0,1,0,0,0,3,138,253,211,28,0,0,0,1,1,0,0,0,0,1,0,1,0,0,2,0,0,0,0,0,0,0,1,23,254,253,29,0,0,1,0,0,0,0,1,0,0,1,1,0,0,0,2,1,1,1,0,0,0,0,1,76,252,209,17,0,0,1,1,1,0,0,0,0,0,0,0,0,0,0,0,0,1,1,0,0,0,1,0,56,250,251,240,132,60,0,0,1,0,1,0,2,0,0,1,0,0,2,0,1,1,0,0,1,0,0,0,3,69,235,253,252,249,211,124,1,0,0,0,0,0,1,0,2,1,0,0,1,1,0,1,0,0,2,1,1,0,0,63,140,232,253,254,174,29,0,0,0,0,0,1,0,1,0,0,0,1,0,0,0,1,0,0,0,1,0,0,0,41,167,240,255,233,129,0,0,1,1,1,0,1,0,0,0,0,1,0,1,0,0,0,0,0,0,0,0,0,0,18,199,252,234,8,0,2,0,1,0,0,1,1,2,0,0,2,0,1,0,1,1,0,0,0,0,0,1,0,104,252,248,62,0,0,2,0,0,0,1,1,0,1,0,0,0,1,0,1,1,1,0,0,0,1,0,46,193,251,231,0,0,1,0,0,0,1,0,1,0,0,1,0,0,0,0,0,0,0,2,0,0,5,69,236,255,239,63,0,1,1,3,0,0,0,0,0,0,0,0,0,0,1,0,0,117,0,1,0,29,141,252,253,206,68,0,0,0,0,0,0,0,0,0,0,0,0,0,0,0,0,1,80,238,56,66,189,238,254,252,191,53,0,0,0,0,0,1,0,0,0,0,1,0,0,0,1,1,0,0,86,251,252,253,253,252,211,84,15,0,0,0,1,1,0,0,1,2,0,1,0,1,0,0,0,0,0,0,15,148,253,251,192,111,21,1,0,0,0,2,2,0,0,0,0,0,0,0,0,0,0,0,0,0,1,1,0,2,1,1,1,0,1,0,0,2,0,3,0,0,0,1,2,0,0,1,0,1,0,0,0,0,0,0,3,1,0,1,0,1,0,0,0,0,1,0,1,0,0,0,0,0,1,1,1,0,0,0,0,0,2,0,0,0,0,0,1,0,0,0,1,1,0,1,0,0,1,0,0,0,2,0,0
0,1,2,2,0,0,1,0,0,0,2,0,0,1,0,1,1,2,0,0,1,0,0,2,1,1,0,0,0,0,0,2,0,1,0,0,0,0,0,0,0,0,0,0,1,2,0,0,0,0,0,0,0,0,0,0,0,2,0,0,2,0,0,0,1,1,1,1,1,1,0,0,0,0,0,2,0,0,0,0,0,1,0,0,0,1,1,0,1,0,1,0,2,0,0,0,0,0,1,1,37,144,238,50,0,1,0,0,0,0,0,1,0,0,1,1,2,1,0,0,0,0,0,0,0,1,0,149,232,252,253,236,0,0,0,1,1,1,1,0,1,0,0,0,0,0,0,0,0,0,0,0,12,150,196,252,253,253,215,195,3,0,0,0,0,0,0,1,0,0,0,0,0,1,1,0,0,1,1,11,157,253,252,254,251,252,83,0,0,2,0,0,1,1,1,0,0,0,1,0,0,0,0,1,1,0,0,86,254,251,251,190,112,112,37,0,0,0,0,0,0,1,0,0,0,0,2,0,0,0,0,0,1,2,50,236,252,253,253,0,1,1,0,1,0,0,2,2,0,0,0,0,0,0,0,0,0,1,0,0,0,1,239,253,250,253,128,0,0,0,2,0,0,1,0,0,0,0,0,0,0,0,1,1,1,2,1,2,7,136,252,254,253,214,87,0,0,0,0,0,0,0,0,0,1,1,0,2,1,0,0,0,1,1,1,0,125,252,255,252,216,27,0,0,0,7,9,1,1,2,0,0,0,1,1,0,0,0,0,0,0,1,0,0,169,251,255,252,117,0,1,0,1,134,175,142,81,0,0,0,1,0,0,0,0,0,0,0,0,0,2,0,168,252,254,166,0,2,0,178,254,252,252,251,255,26,0,1,0,0,0,0,0,2,0,0,0,0,1,0,169,252,252,168,2,11,163,253,251,250,251,252,251,152,0,1,1,0,2,0,1,0,0,0,0,0,1,1,169,253,252,88,1,138,253,252,235,164,187,253,254,167,1,0,0,0,0,0,0,0,0,1,0,3,0,0,169,252,254,178,59,225,252,240,71,6,179,253,251,168,1,2,0,0,0,2,0,1,0,1,0,0,0,0,168,252,252,253,252,252,253,62,48,163,251,253,252,168,0,0,0,0,0,0,0,1,1,2,0,0,0,0,108,253,254,252,254,252,253,255,252,252,253,254,205,14,0,0,0,0,0,0,1,1,0,1,0,1,0,0,2,105,251,252,252,251,253,253,253,252,195,167,15,1,0,0,0,0,0,0,2,0,1,0,2,1,0,0,2,0,57,231,252,253,252,253,253,209,20,0,0,0,0,0,0,2,0,0,0,0,2,0,0,0,0,2,0,1,0,76,201,252,251,255,252,182,1,1,0,0,1,1,0,0,1,0,1,2,0,0,0,1,0,0,0,0,1,0,25,129,252,190,111,24,0,1,0,2,0,0,1,0,1,0,3,1,1,1,0,0,0,0,1,0,0,0,0,1,0,0,1,2,0,0,2,0,0,0,0,0,2,0,0,0,0,0,1,0,0,0,0,0,2,0,0,1,1,2,0,0,0,0,2,0,0,1,0,1,0,0,0,0,0,0,0,2,0,0,0,0,0,0,0,0,0,1,0,0,1,1,1,2,0,0,0,1,2,1,0,0,0,0,1,0,1,0,0,0,0,0,1,0,0,1,0,0,2,0,1,1,0,0,0,0,0,0,0,0,0,1,0,0,0,0,0,0,0,0,1,1,0,0,1,0,3,0,0,1,2,0,0,0,1,0
1,0,0,1,1,2,0,0,0,0,0,0,1,0,0,1,0,0,0,0,0,1,0,0,0,2,1,0,2,0,2,0,0,0,1,0,1,1,0,1,1,0,0,1,1,0,0,0,0,0,0,0,0,0,0,0,0,0,0,0,0,1,0,2,0,0,0,1,1,0,1,0,1,0,1,0,3,0,0,0,2,0,0,0,2,0,0,0,0,0,0,0,0,1,2,0,0,0,0,0,0,69,174,253,135,0,0,0,1,0,1,0,1,0,0,1,2,0,0,0,0,0,0,0,0,0,0,25,95,236,255,252,247,99,0,0,0,2,0,0,0,1,0,0,0,1,0,2,0,0,1,0,1,13,104,202,254,253,253,252,251,112,0,0,0,1,1,0,0,0,0,2,0,0,0,0,1,0,0,1,1,193,252,255,254,247,132,240,221,0,0,0,0,0,0,0,0,0,0,2,0,0,0,0,0,2,1,40,219,246,252,255,234,79,1,158,69,0,0,0,1,0,0,3,1,0,0,0,0,0,2,0,0,0,4,148,253,254,252,223,82,0,2,0,0,0,0,0,2,1,0,2,0,2,0,0,1,0,0,0,0,40,147,253,254,252,255,1,0,0,0,3,0,1,0,0,0,0,0,0,0,0,0,1,0,0,0,0,0,73,254,252,254,184,75,0,0,0,0,0,0,0,1,0,3,0,0,0,0,2,0,0,1,0,0,0,0,193,251,253,236,49,0,0,0,0,2,0,0,0,0,0,1,0,0,0,0,0,0,0,1,0,1,0,0,224,253,253,75,0,1,0,0,0,1,0,0,1,0,0,0,0,0,0,0,1,1,0,0,0,1,0,123,253,253,252,14,0,0,44,106,104,178,255,254,175,7,0,0,2,0,0,0,0,0,0,1,0,0,4,150,254,253,141,3,47,62,229,253,253,252,253,252,252,15,0,0,0,0,1,2,0,1,0,0,1,1,15,252,253,253,128,69,232,252,253,253,254,247,251,253,253,14,0,0,0,0,0,0,0,0,0,0,0,0,16,254,254,253,252,252,255,254,254,253,175,73,223,253,255,15,1,0,0,1,0,0,0,0,0,0,1,1,15,252,254,252,253,253,255,255,180,73,84,147,251,254,214,10,0,1,0,0,0,0,1,0,0,1,0,1,15,253,252,252,254,253,247,135,13,82,252,252,252,212,37,0,0,1,2,2,0,1,0,0,0,0,2,2,14,252,253,253,253,253,232,132,182,251,255,253,254,75,0,0,0,3,2,0,0,0,2,0,1,0,1,2,14,253,254,252,254,253,254,252,255,253,254,210,121,6,0,0,0,0,0,0,0,0,1,0,2,1,1,0,5,59,203,252,253,253,254,254,254,254,217,31,0,0,0,0,0,1,1,0,0,0,1,0,0,1,0,0,0,0,29,209,252,254,253,254,191,104,38,0,1,0,0,0,1,0,0,1,1,0,0,3,0,0,0,0,1,0,0,0,0,1,0,0,0,0,0,2,1,0,1,0,0,1,0,1,0,0,0,0,0,0,0,1,1,0,0,0,0,1,1,2,0,0,0,2,1,1,2,0,1,1,0,0,1,0,1,2,1,0,0,0,0,0,1,1,0,0,0,0,0,0,0,0,0,0,0,1,2,2,0,1,0,1,0,0,0,2,2,0,0,0,0,0,0,1,2,0,0,2,0,0,0,0,2,1,0,0,0,2,0,1,0,0,1,0,1,0,0,0,0,0,0,0,0,0,0,0,2,0,0,1,0,0,1,1,0,0,1
2,0,1,1,0,2,0,1,0,0,0,1,1,0,0,1,0,1,1,1,1,0,0,1,0,1,1,0,1,0,0,0,0,0,0,1,1,0,0,0,0,0,1,0,0,1,0,0,1,0,0,0,0,1,0,1,0,1,0,0,0,0,0,0,1,1,1,1,1,0,1,0,0,2,1,1,0,1,0,2,0,0,1,0,0,0,1,2,0,1,1,1,0,0,2,1,0,0,1,0,0,0,0,2,2,0,0,1,0,1,0,0,2,1,0,0,1,0,0,0,1,0,0,0,1,1,1,64,190,255,254,254,64,1,0,1,0,0,0,0,0,0,1,0,2,0,0,0,0,0,0,0,0,65,191,255,255,255,255,254,127,1,0,0,0,1,0,0,0,0,0,0,0,1,2,1,1,63,127,129,191,255,255,255,254,255,255,255,128,0,0,0,0,1,0,0,0,0,1,0,1,0,1,0,64,254,255,254,253,255,255,254,253,254,191,190,65,0,0,0,1,0,0,1,1,1,1,0,1,0,0,64,255,254,255,254,255,255,255,127,66,0,0,0,0,1,0,0,1,1,0,0,1,0,0,0,0,0,2,255,255,255,255,255,254,128,65,0,0,0,0,1,0,1,0,0,0,0,2,0,0,0,0,0,0,1,2,63,255,254,255,128,65,1,0,0,0,0,0,0,0,1,0,0,1,0,0,0,0,0,1,1,0,0,0,0,192,254,254,193,63,2,0,0,0,0,0,0,0,1,0,0,0,0,0,0,0,0,0,1,0,1,0,1,64,255,254,255,255,189,129,64,0,0,1,1,1,1,0,0,0,0,1,0,0,0,0,0,0,2,1,1,1,129,192,253,255,255,254,255,128,63,1,1,0,0,0,1,0,1,0,2,2,0,1,1,0,1,2,0,2,0,1,190,254,255,253,254,255,255,130,1,0,0,1,0,0,0,0,1,0,0,0,0,0,1,0,2,2,0,0,1,63,125,130,255,255,255,255,255,65,1,0,0,3,0,0,0,2,0,0,0,1,1,2,1,0,0,0,2,1,0,1,0,192,253,255,255,255,127,1,0,0,1,0,1,1,0,0,0,1,2,0,0,0,0,1,3,0,0,0,0,0,65,193,255,255,254,64,0,0,0,0,0,0,2,0,0,0,1,0,1,0,62,0,0,0,1,0,1,1,0,191,255,255,255,255,0,0,0,1,0,2,0,1,0,0,0,2,0,129,255,255,126,0,0,0,1,63,193,255,255,254,255,191,0,0,1,1,1,0,0,0,0,1,0,0,0,130,255,253,64,64,254,253,255,255,255,255,255,255,254,0,2,0,1,0,0,1,0,0,2,0,0,1,0,128,254,255,254,255,255,255,255,253,254,255,255,189,129,0,0,0,0,0,1,2,0,1,0,0,0,1,0,1,0,255,255,255,255,255,255,255,255,255,64,0,3,1,1,1,0,0,0,0,0,1,0,1,1,0,0,1,1,64,128,128,255,255,190,0,1,0,0,1,0,0,0,1,0,1,1,0,1,0,0,0,0,0,0,0,0,0,0,0,0,0,0,0,0,0,2,2,0,0,2,2,0,0,0,0,0,0,0,0,0,0,0,1,0,0,0,2,0,0,0,0,0,1,0,0,0,0,0,1,0,0,2,0,0,1,0,0,1,0,0,0,1,1,0,0,1,0,0,2,0,0,0,0,0,1,1,1,0,0,0,0,2,0,0,0,0,2,0,0,0,2,0,0,0,0,0,0,1,2,0,0,1,1,0,0,1,0,1
0,1,1,0,0,2,0,0,0,2,2,0,1,0,0,0,0,0,0,0,0,0,2,1,0,0,1,0,0,0,0,0,2,0,0,1,0,0,0,0,0,1,1,0,1,0,0,0,2,0,0,0,0,0,0,1,0,2,1,0,0,1,3,0,0,0,0,0,0,1,1,1,1,3,0,0,0,0,0,1,1,0,1,0,0,1,0,0,1,0,0,0,1,0,0,0,0,0,0,1,0,0,0,0,0,0,0,1,0,1,0,1,0,0,0,1,0,0,1,0,1,1,0,1,0,0,1,0,1,0,1,0,1,0,0,0,1,2,0,0,1,0,0,0,57,194,119,49,17,0,2,1,1,1,1,0,0,1,0,0,0,0,0,1,1,0,0,0,0,1,0,0,58,250,253,253,214,106,94,94,96,58,1,0,0,0,1,1,1,0,0,1,0,0,0,0,0,0,0,0,0,41,246,254,255,254,253,252,254,250,245,245,188,139,181,142,35,0,1,0,2,2,0,0,0,1,2,0,0,0,50,164,171,247,253,252,253,255,255,252,254,255,253,254,217,0,0,0,1,0,0,0,0,1,0,1,0,1,1,0,0,73,230,228,228,189,226,148,227,253,255,254,247,12,0,1,1,0,0,2,0,0,0,1,0,3,1,1,1,1,2,0,1,1,0,0,10,160,253,255,246,28,0,0,0,0,1,1,1,1,0,0,0,0,0,0,0,0,0,0,2,0,0,0,28,246,254,255,251,40,0,1,1,0,1,0,0,0,0,1,0,1,0,0,1,2,0,0,0,1,0,0,100,254,254,255,175,0,0,1,0,0,0,0,0,0,0,0,1,1,0,0,0,1,0,0,0,0,1,4,222,254,254,255,143,2,2,1,0,0,1,0,0,1,2,0,0,0,0,1,1,0,2,0,0,0,0,90,255,255,254,254,77,2,0,0,0,0,0,0,0,0,1,1,0,0,0,3,0,0,0,0,2,79,116,219,255,252,254,253,120,1,0,0,0,1,0,0,0,0,0,1,1,0,0,0,30,93,148,190,249,253,254,254,254,253,254,255,141,0,0,0,0,1,0,1,0,1,0,1,0,0,0,136,237,254,253,252,255,255,252,255,254,252,165,62,34,2,0,0,0,0,0,0,0,1,0,0,1,1,0,79,246,254,253,254,253,254,255,255,255,199,13,1,0,1,2,0,0,1,0,0,0,1,3,0,0,0,0,3,80,245,254,177,74,187,255,255,244,51,0,0,0,0,0,0,0,0,0,0,0,1,0,1,0,1,0,0,0,74,103,14,0,100,253,254,222,1,0,0,0,0,1,0,0,0,1,1,1,0,0,0,0,1,1,0,0,1,0,0,0,168,254,253,223,0,0,1,0,0,0,0,0,0,0,1,0,1,1,1,0,2,0,0,0,0,0,0,0,203,255,251,224,0,1,0,0,0,1,0,0,0,0,1,0,0,0,1,1,0,1,0,0,0,0,1,0,119,253,255,158,0,1,1,1,0,1,0,0,0,1,0,0,0,0,1,1,1,0,0,1,1,0,0,0,0,165,255,34,1,1,0,2,1,1,2,1,0,2,0,1,0,1,0,0,1,0,0,0,0,0,0,1,1,0,0,0,0,0,0,0,0,0,0,0,0,0,0,0,0,0,2,0,0,1,0,1,0,0,2,0,1,0,0,0,0,0,1,1,0,0,0,1,1,0,0,0,0,0,0,0,0,0,0,0,0,0,0,0,0,0,0,0,0,2,2,0,1,2,0,2,0,1,1
1,2,1,0,0,1,1,0,0,0,0,0,0,0,0,0,1,0,1,0,0,0,0,0,1,0,1,1,0,0,0,0,0,0,0,0,1,1,0,1,1,0,2,0,0,1,1,0,0,0,0,0,0,1,0,0,0,0,0,1,0,0,0,1,0,1,1,0,1,1,0,0,0,0,0,0,1,0,1,0,0,0,0,0,0,0,0,0,0,0,0,2,0,1,0,0,0,0,0,0,0,1,2,2,2,0,1,1,0,2,1,0,2,0,0,0,0,0,0,0,1,1,1,0,0,2,0,0,0,2,0,0,2,0,0,0,0,0,0,0,0,2,1,0,0,0,1,0,1,2,0,0,0,1,1,48,171,255,254,255,185,10,0,0,1,0,0,0,0,0,0,0,0,0,0,1,0,0,25,62,45,2,120,247,248,191,192,230,254,86,0,1,0,0,0,0,0,2,0,0,2,2,0,0,0,86,239,254,247,227,243,119,25,0,0,77,254,125,0,1,2,1,0,2,0,0,0,3,0,0,0,1,1,203,254,254,252,254,197,0,0,1,1,123,255,83,1,0,0,0,0,1,0,0,1,0,0,1,0,0,1,122,254,254,248,179,67,0,0,0,45,250,250,31,0,0,0,0,0,1,2,0,0,0,0,0,0,0,2,6,170,255,235,51,1,0,0,41,235,253,69,0,1,1,0,0,1,0,1,1,0,0,1,0,1,1,0,1,35,230,253,235,142,1,43,232,255,179,7,1,1,0,0,0,2,0,1,0,0,0,3,1,0,0,0,0,0,94,253,254,178,70,231,252,153,6,0,1,1,0,0,0,2,0,1,2,0,0,0,1,1,1,0,0,1,2,116,254,250,250,253,176,0,2,0,0,0,0,0,0,0,0,0,1,1,0,1,0,0,1,0,0,0,0,48,248,254,254,190,10,0,0,0,0,0,0,1,0,0,2,0,0,0,1,0,0,0,0,0,0,1,51,221,252,254,254,190,0,1,1,0,0,1,0,2,1,2,0,0,0,0,0,0,0,0,0,2,0,52,236,249,184,203,254,237,1,0,0,0,0,0,0,1,1,0,0,0,0,0,1,2,0,1,0,1,49,236,252,84,0,71,253,250,53,0,2,0,0,2,0,1,3,0,0,0,0,0,0,1,2,0,0,0,141,254,141,0,0,46,253,254,130,0,0,1,1,1,1,1,0,0,0,0,0,2,0,1,0,0,0,35,253,249,30,0,0,18,227,254,215,1,1,0,1,2,0,1,1,1,0,0,0,0,1,0,0,0,0,117,253,195,0,0,0,0,129,255,248,0,0,0,0,1,0,0,3,1,0,0,0,0,0,0,2,0,0,49,255,170,1,1,1,1,134,254,248,2,0,0,1,2,1,0,1,1,0,0,0,0,0,1,3,0,0,6,212,250,115,26,47,131,244,255,201,0,0,1,1,0,1,0,0,0,0,0,0,0,0,1,0,0,1,0,128,254,255,254,254,255,253,232,19,0,0,1,1,2,3,1,0,0,1,0,0,0,0,1,1,2,0,0,8,110,195,254,254,255,169,17,0,0,0,1,0,0,0,1,1,1,0,0,0,2,0,0,1,1,2,0,0,0,0,2,0,0,0,0,0,0,0,2,0,2,0,2,0,0,1,0,0,0,0,1,0,0,0,2,0,1,0,1,1,0,0,0,0,1,1,0,0,0,0,2,1,0,1,0,0,0,0,0,0,0,0,1,0,0,0,0,0,2,0,0,0,0,0,0,0,0,1,0,0,0,0
1,0,0,0,0,0,1,0,2,1,0,1,0,0,0,1,0,0,0,0,0,0,0,0,0,1,1,0,0,0,0,1,1,0,0,0,0,0,1,2,0,0,0,0,1,0,1,0,1,1,0,0,0,0,0,0,0,1,0,0,1,2,1,0,0,0,1,0,0,0,1,0,0,0,0,1,0,0,0,0,0,0,0,0,0,0,0,0,0,1,0,0,0,0,0,0,0,0,0,1,0,0,0,1,0,1,1,0,1,0,1,1,0,0,1,1,1,0,1,2,0,1,2,0,0,53,243,241,52,0,0,1,0,0,0,0,0,1,0,0,0,1,0,0,1,1,1,0,2,0,1,1,0,131,253,254,229,27,0,1,0,0,0,1,0,1,0,0,0,0,1,0,0,0,1,1,1,0,2,0,2,130,255,255,254,29,0,0,1,0,0,0,0,1,0,0,1,0,1,1,0,0,1,0,1,0,0,3,0,133,253,254,254,30,0,0,0,1,0,0,1,0,0,1,0,2,1,0,0,1,0,0,0,0,0,0,1,133,253,254,254,31,0,0,0,0,1,0,0,0,0,0,0,0,0,2,0,0,0,0,1,0,3,0,1,132,253,253,187,14,0,1,0,1,0,0,0,0,1,0,0,2,0,0,0,0,0,0,0,2,0,0,13,173,255,253,132,1,0,2,0,0,0,0,0,0,1,0,0,2,0,0,0,0,0,1,0,0,0,2,32,254,255,254,129,0,1,1,1,0,0,2,0,0,0,1,1,0,0,0,1,0,2,0,1,0,0,0,33,254,253,252,131,0,0,0,1,0,0,0,0,2,0,0,0,0,0,0,0,0,0,0,0,2,0,0,80,254,255,248,91,1,0,0,0,1,0,0,0,1,1,0,1,0,1,1,1,0,1,0,0,0,0,0,187,253,254,230,0,0,0,0,0,0,0,0,0,0,0,0,0,1,0,0,0,0,0,0,0,0,0,0,186,252,255,234,1,1,0,0,0,0,0,0,1,0,1,0,0,0,0,0,0,0,0,0,0,0,0,1,187,255,252,232,0,3,1,1,0,0,0,0,0,0,1,0,0,0,0,0,0,0,1,0,0,0,0,0,184,254,254,230,0,0,0,0,0,2,0,0,0,1,0,0,0,0,1,0,0,0,0,0,1,0,1,0,186,254,251,231,0,0,2,0,0,1,0,0,1,0,1,1,1,0,1,1,0,1,1,0,0,0,0,0,183,253,254,230,0,0,1,1,2,0,3,0,0,0,1,3,0,0,0,1,1,0,0,0,1,0,0,0,186,255,253,231,0,0,1,1,1,0,0,0,1,0,0,0,1,1,0,1,0,1,0,0,0,2,0,0,186,253,255,233,0,0,1,0,0,1,1,0,1,1,1,0,0,0,0,0,0,0,0,1,2,1,0,1,184,254,254,231,0,1,2,0,0,0,0,0,1,1,1,1,0,1,0,0,0,1,1,0,0,0,0,1,93,255,254,136,0,0,2,0,0,0,0,0,0,0,0,0,0,0,0,1,2,1,0,0,0,0,0,0,0,0,1,0,0,0,1,0,0,1,0,1,1,0,0,0,0,1,0,0,0,0,0,0,0,0,0,0,0,3,0,0,0,1,0,0,0,0,0,1,1,1,1,2,1,0,0,0,0,1,0,0,0,0,1,0,0,0,2,0,0,0,1,0,1,0,0,0,0,1,1,0,2,1,1,1,1,0,0,0,0,0,1,0,1,1,0,0,1,1,0,1,0,1,0,0,1,1,0,0
0,0,0,2,0,1,0,0,0,0,0,0,1,2,0,0,0,1,1,1,0,0,2,0,0,0,1,1,1,0,0,0,1,2,0,0,0,0,0,0,0,1,2,1,0,1,0,0,1,1,0,1,0,0,1,0,2,0,0,0,2,0,1,1,0,0,1,0,0,0,0,1,0,3,1,0,0,1,2,0,0,2,1,0,0,0,0,1,0,0,1,2,2,0,0,0,1,0,0,0,0,0,0,1,0,1,1,0,2,0,0,2,2,0,0,0,0,1,0,1,1,0,1,0,0,19,131,255,142,28,0,1,0,1,0,0,0,2,1,2,0,0,0,0,0,0,1,0,0,0,40,184,103,210,253,254,254,238,67,0,0,1,0,0,0,0,1,1,0,0,0,0,0,0,0,3,1,3,215,255,251,250,179,178,254,254,200,7,0,0,1,0,0,0,0,0,0,0,0,0,0,0,1,1,1,69,247,252,217,12,0,0,95,185,253,140,14,0,0,0,1,0,1,0,0,0,1,0,0,0,0,1,0,0,226,255,187,6,1,1,1,42,237,253,81,0,1,2,1,0,0,1,0,0,0,1,1,0,0,1,1,73,252,253,119,1,0,2,2,1,201,253,83,0,1,0,0,0,0,1,0,1,0,2,2,1,2,0,2,82,253,224,23,1,0,1,0,1,96,252,128,0,0,0,1,0,0,1,0,0,0,0,1,0,0,0,0,163,252,169,1,0,0,0,0,0,98,252,162,1,0,0,0,0,0,0,0,2,1,1,0,0,0,1,41,247,254,97,0,1,0,1,0,1,8,242,189,0,0,1,0,0,0,1,1,1,1,0,0,0,0,0,45,254,252,98,0,1,1,0,0,1,0,246,188,1,0,0,0,1,0,1,0,0,0,0,0,0,1,1,43,252,245,20,0,2,0,0,0,0,1,244,188,0,0,0,0,0,1,0,0,0,0,0,0,0,2,1,46,255,242,0,1,1,0,0,1,0,0,245,179,0,1,1,0,1,0,1,1,0,0,0,1,0,0,0,45,252,242,0,1,0,1,3,1,0,65,251,82,0,0,0,0,0,0,0,0,0,0,1,0,0,0,0,45,255,243,2,0,2,2,1,0,0,140,253,83,1,0,0,1,0,0,0,2,0,1,0,1,2,0,0,45,253,242,0,1,0,0,0,0,68,252,239,39,0,1,1,0,0,2,0,0,0,0,0,0,0,0,0,44,253,249,69,0,0,0,0,43,227,254,153,0,0,1,0,1,2,1,1,0,2,0,0,1,0,0,0,43,253,254,141,0,0,0,38,180,253,255,29,1,0,0,1,0,1,2,0,0,1,0,0,0,0,0,0,2,131,252,254,129,41,140,229,254,245,91,3,1,0,0,0,0,0,0,1,0,0,1,1,0,0,0,1,1,23,206,253,252,254,252,255,253,162,2,0,2,0,2,2,2,0,0,0,0,2,0,1,0,0,1,0,1,0,18,171,253,253,252,214,90,13,0,0,0,2,0,1,0,0,0,0,0,1,0,0,1,0,1,0,1,1,2,0,2,2,0,1,3,1,0,1,1,1,1,0,2,0,0,1,1,0,0,1,2,0,0,1,1,0,1,0,0,0,1,1,0,1,0,0,2,0,0,1,1,0,1,0,0,0,1,1,0,1,1,0,0,0,0,1,0,1,0,1,0,0,1,2,0,1,0,0,0,0,0,0,0,1,0,0,0,1,1,0,1,0,0,0,0,0,0,0,0,0,0,2,0,0,0,0,0,0,0,0
1,0,0,0,0,0,0,0,0,0,0,0,1,1,0,0,0,0,3,1,0,1,0,1,0,1,0,1,0,0,0,0,1,0,0,0,0,1,1,0,0,1,0,1,0,1,0,0,0,0,0,0,1,0,0,0,0,0,0,0,0,0,0,1,0,2,0,0,0,0,0,1,0,0,2,0,1,0,0,0,0,0,0,0,0,0,2,0,0,1,0,0,2,0,0,0,0,0,0,0,0,0,1,1,0,1,0,0,0,1,0,0,0,0,0,0,1,1,0,1,3,1,0,0,0,0,0,1,90,253,72,0,1,0,1,1,0,0,0,0,1,0,1,0,1,1,0,1,0,1,0,0,0,1,1,0,216,250,70,0,0,0,0,1,0,0,0,0,0,1,0,0,0,0,0,0,1,1,3,0,0,0,10,139,247,250,228,0,0,1,1,0,0,1,0,0,1,1,0,0,0,0,0,0,0,0,0,0,0,0,72,251,250,251,172,0,2,0,0,0,0,0,1,0,0,1,0,0,0,0,0,0,0,1,0,0,1,0,202,249,251,251,70,0,0,0,0,0,1,0,2,0,1,0,0,1,0,0,0,0,0,1,1,0,0,0,254,253,252,252,72,0,0,0,0,1,1,0,0,0,1,1,0,1,1,0,0,1,0,0,1,0,1,104,252,253,251,250,72,0,0,1,0,2,0,0,0,0,0,0,0,1,0,1,1,0,2,1,1,1,18,189,254,250,250,155,10,0,0,0,1,0,0,0,0,0,0,0,1,1,0,0,0,0,2,0,1,0,108,250,252,250,234,84,0,1,0,0,1,0,0,1,0,0,0,0,1,1,0,1,1,0,1,0,0,28,209,251,253,251,214,0,0,2,0,0,0,0,0,2,0,0,0,0,0,1,0,1,0,0,0,1,0,37,252,254,255,254,36,0,0,1,0,1,0,1,0,0,3,0,0,1,0,0,1,1,1,0,0,0,0,37,251,250,254,251,35,2,0,0,0,0,0,0,0,0,0,0,0,0,2,0,0,1,0,0,0,0,0,62,252,251,253,231,29,0,0,0,0,0,0,0,1,0,0,1,0,0,0,1,1,0,0,0,0,0,2,216,251,252,255,108,0,1,1,0,0,1,0,1,0,2,1,0,0,1,1,0,0,1,0,0,0,1,105,242,252,249,200,28,1,0,0,0,0,0,0,0,0,0,0,0,0,0,1,0,0,1,0,0,0,71,253,253,253,255,1,1,3,0,0,0,0,0,0,0,0,0,2,0,0,0,0,0,2,0,0,1,0,176,251,253,249,251,1,0,0,0,1,0,1,0,1,0,1,1,0,0,0,0,2,0,0,1,0,0,0,253,254,249,252,224,0,2,2,0,0,1,3,1,1,1,0,0,1,0,1,1,2,1,0,0,0,0,0,252,251,252,250,71,0,1,0,0,1,0,1,0,0,0,0,1,0,0,0,1,1,0,1,1,0,0,0,124,253,225,70,22,0,0,0,1,0,0,1,0,0,0,0,1,0,0,1,2,0,0,1,0,0,0,1,0,0,1,0,1,0,0,2,0,0,0,0,2,0,0,0,0,0,0,0,2,0,1,0,0,2,0,0,1,0,0,0,0,0,0,1,0,0,0,1,1,0,1,0,0,1,0,0,1,0,1,0,2,1,0,0,1,0,0,0,0,0,0,0,0,0,0,0,0,0,0,0,1,0,1,0,1,0,2,0,1,0,1,0,1,0,0,1,1,1,0,0,2,0,0,0,0,0,0,1,0,0,0
0,1,1,0,0,0,1,0,0,0,1,0,0,1,0,0,0,0,1,0,0,0,0,0,0,1,0,0,0,2,0,0,0,0,0,1,2,0,0,0,1,0,1,1,0,0,0,0,0,3,2,0,0,1,1,0,1,0,0,1,1,0,0,2,0,0,0,177,129,25,0,0,0,0,1,1,0,2,0,1,0,0,0,0,0,0,0,0,0,0,1,0,1,0,125,253,251,54,0,2,1,0,1,0,0,2,0,2,0,0,0,0,0,0,0,0,1,0,0,1,0,1,140,252,253,53,0,0,0,0,2,0,0,0,1,0,0,0,0,0,0,1,0,1,1,0,1,0,0,2,153,251,241,50,0,2,0,0,0,1,0,0,2,0,0,0,0,0,0,1,0,0,0,1,0,1,0,27,250,252,167,1,0,1,1,0,0,1,1,2,1,2,1,0,0,0,0,0,2,1,1,0,1,0,0,29,253,254,167,0,0,0,1,0,0,0,0,0,0,0,0,0,0,2,0,0,0,1,0,0,2,0,0,28,252,252,121,0,0,0,1,1,0,0,0,1,0,0,0,0,1,0,0,1,0,1,0,0,1,0,1,138,251,252,28,1,0,0,1,0,1,0,1,0,0,1,0,1,0,0,0,1,0,0,0,0,0,0,6,178,255,239,24,0,2,0,0,0,9,29,28,2,1,1,0,0,1,0,0,1,2,0,0,0,0,3,56,252,253,141,0,0,3,2,0,46,165,253,251,79,1,2,1,0,0,1,0,1,2,0,0,2,1,0,197,252,253,142,0,1,0,0,50,238,255,252,253,254,90,0,0,0,2,1,0,0,1,1,0,0,0,0,196,253,253,94,0,0,9,85,238,253,236,167,167,252,242,50,0,0,0,1,0,1,1,1,1,1,0,2,197,253,142,0,2,0,60,251,253,201,73,1,0,252,253,55,1,0,0,0,1,0,0,0,0,0,0,0,196,249,98,0,0,132,225,252,163,10,1,4,107,253,252,52,0,0,1,0,0,1,0,0,0,1,0,2,197,224,0,0,0,199,236,112,0,0,1,29,253,252,252,56,0,0,0,0,0,0,0,0,0,0,1,0,197,254,112,0,38,220,160,0,0,1,89,207,252,254,104,0,0,0,0,0,0,0,0,0,0,0,0,0,196,250,158,0,84,201,10,0,37,131,246,253,254,107,3,0,1,0,1,1,0,0,0,1,0,0,1,0,165,252,252,136,123,239,182,136,223,250,251,214,118,0,0,0,0,0,0,0,0,0,0,0,1,0,0,0,20,178,252,253,253,253,253,253,253,225,193,28,0,2,0,0,1,1,0,1,0,1,0,0,0,0,1,0,1,14,113,253,252,252,252,253,112,12,1,0,0,0,0,1,1,2,1,2,0,0,1,0,2,0,0,1,0,2,0,0,0,1,0,0,0,0,0,0,2,1,0,0,1,2,0,0,0,0,0,0,1,0,1,0,0,0,0,0,2,0,1,0,0,0,0,0,1,0,0,0,1,0,0,1,1,0,1,0,1,0,0,0,0,0,0,0,3,0,0,0,0,0,0,0,1,0,2,0,0,0,2,0,0,0,1,1,0,0,1,0,0,0,0,0,1,1,1,0,0,0,0,0,0,1,0,0,0,0,0,0,0,0,0,1,1,0,0,1,0,0,1,0,2,1,0,1,0,1,0,1,0,0,0,0,0,1,0,1,0,0,0,0,0,1,0,0,0,0,2,0,1,0,2,0,0,1,2,0,0,2,0,0,0,2,0,1
0,1,2,0,0,0,2,0,0,0,0,1,1,0,0,0,1,3,1,1,0,0,1,0,1,0,2,0,0,1,0,0,0,0,0,1,0,0,1,0,0,0,0,2,0,0,2,2,1,0,0,0,1,0,2,0,0,1,1,0,1,1,1,0,1,0,0,0,1,1,3,1,0,0,0,0,0,0,0,0,0,0,0,1,0,0,0,1,0,0,1,2,0,0,0,1,0,1,0,0,0,1,0,1,1,0,1,0,0,0,0,0,0,0,0,0,0,0,0,1,0,0,1,0,3,0,3,1,0,0,0,2,2,0,0,0,0,0,2,0,0,0,0,0,0,2,0,0,2,0,2,0,0,3,1,0,0,1,1,0,1,0,0,1,0,0,0,0,1,1,0,0,2,1,0,1,0,1,0,2,23,175,96,1,0,0,0,0,1,59,94,19,10,0,0,1,0,0,3,2,2,0,0,0,1,0,7,156,234,253,193,33,0,0,0,2,89,249,252,233,37,0,0,0,0,0,0,0,1,0,0,0,0,0,52,251,253,189,70,16,0,0,0,2,180,254,247,94,11,0,1,0,1,0,0,0,1,1,0,1,2,79,215,246,148,4,0,0,1,0,3,129,254,248,84,2,0,0,0,1,0,0,1,0,0,0,2,1,2,182,253,163,0,0,1,0,0,0,96,252,251,216,1,1,0,0,0,2,0,2,0,1,0,0,0,1,95,252,208,9,0,0,2,0,0,23,206,254,250,95,1,0,0,0,0,0,0,0,0,0,0,0,0,0,196,253,81,0,1,0,0,0,0,162,252,251,175,1,0,0,2,0,0,0,1,1,0,0,0,1,2,10,210,181,0,0,1,1,0,0,121,250,254,181,3,2,1,0,0,0,0,0,0,0,1,0,1,0,2,48,253,133,1,0,0,7,37,123,239,253,253,132,0,0,0,1,0,0,3,0,0,0,0,0,0,1,0,131,250,54,0,8,94,129,253,252,255,253,175,23,0,0,0,1,2,0,0,1,0,0,0,1,0,0,0,108,255,253,252,253,255,255,254,254,254,203,21,0,0,0,0,1,1,1,0,0,0,0,0,0,0,1,0,19,211,252,250,252,253,253,252,253,244,35,0,0,0,0,0,1,0,1,0,0,0,0,0,0,0,0,1,1,26,212,245,243,246,252,254,253,185,0,1,0,1,1,0,0,0,3,0,0,0,0,0,0,0,0,0,0,0,0,1,1,147,253,254,253,68,0,0,0,0,1,1,1,1,0,1,1,0,0,1,0,0,1,0,0,0,0,0,27,220,255,254,148,0,1,0,0,0,0,0,0,0,1,0,0,0,0,1,0,0,2,0,0,1,0,0,189,253,253,152,11,0,0,0,0,0,0,0,1,0,0,1,0,0,0,0,0,0,0,2,1,0,0,1,206,252,182,41,0,0,0,0,0,0,0,0,0,1,1,0,0,1,0,0,0,2,0,0,0,0,1,47,251,252,47,1,0,0,0,0,0,1,2,3,1,0,0,0,3,0,0,0,1,2,0,0,1,0,0,43,247,201,6,0,0,0,0,0,0,0,0,0,1,2,2,0,1,0,0,2,2,0,0,0,0,0,0,0,208,74,0,0,0,0,0,2,1,0,0,1,0,0,0,0,0,0,0,0,0,1,0,0,1,0,0,1,0,0,1,0,0,1,0,1,0,0,1,0,0,1,2,1,1,0,0,0,1,0,0,0,0,1,0,0,0,0,0,0,0,0,0,1,0,0,0,0,0,1,1,1,0
0,0,0,0,0,1,0,0,0,1,2,1,0,0,0,0,2,0,0,0,0,0,0,1,1,0,1,0,0,1,0,1,0,1,0,0,1,0,1,1,2,1,0,0,2,0,0,0,0,1,0,1,2,0,1,0,0,0,0,1,1,1,0,0,0,1,0,0,0,1,1,3,0,0,0,0,0,0,0,0,0,0,0,0,0,0,0,1,0,2,0,0,0,1,1,1,0,0,0,21,177,208,35,1,0,0,1,0,0,0,1,1,2,0,0,0,0,1,0,1,0,0,1,0,0,1,1,124,251,145,4,0,0,0,1,0,0,0,2,0,0,0,0,1,0,1,1,2,1,0,0,2,2,0,124,240,161,5,2,0,0,0,0,0,0,0,0,0,0,2,0,0,1,0,0,1,0,0,0,0,0,55,238,249,68,0,1,1,0,0,0,0,0,0,0,2,0,1,0,0,0,1,2,0,0,1,0,0,2,173,253,117,2,0,3,0,0,0,0,0,1,2,1,2,1,0,0,0,0,0,0,0,0,0,0,2,89,255,169,1,0,1,2,2,1,0,0,0,1,1,2,0,0,0,1,0,0,1,1,1,0,0,0,12,224,254,71,0,0,0,0,1,0,0,0,1,0,0,0,1,0,0,0,1,0,0,1,0,0,1,0,68,252,180,11,1,1,0,0,1,0,2,0,0,0,0,0,0,0,0,0,0,1,0,0,0,0,0,0,217,250,49,0,1,0,0,1,0,2,1,0,0,0,0,0,0,1,2,0,0,0,0,0,0,0,0,26,242,217,0,1,0,0,1,1,1,2,0,0,0,0,0,0,0,0,0,0,0,0,0,0,0,0,0,188,252,69,0,0,2,0,0,0,0,0,0,0,0,1,0,2,0,0,0,1,0,0,0,0,1,0,1,253,254,37,0,0,15,56,87,30,0,0,0,2,0,0,0,0,0,0,0,0,1,0,0,0,0,0,15,255,194,4,1,59,227,232,139,163,109,0,0,0,0,1,0,0,0,0,1,1,1,0,0,0,1,0,92,254,109,0,1,186,241,66,0,78,233,0,0,0,0,0,1,0,0,2,0,1,0,1,1,0,0,1,60,255,109,0,50,253,59,0,0,45,250,1,2,0,0,1,0,0,0,0,0,1,0,0,0,1,0,0,0,255,199,0,111,164,0,0,1,46,228,0,3,2,0,0,0,1,0,0,0,3,0,0,0,2,0,0,0,202,247,54,121,162,0,0,0,108,163,0,0,0,1,1,2,0,0,1,0,1,2,0,0,1,1,1,0,49,245,175,10,89,34,1,92,228,107,0,1,0,1,1,2,0,1,0,0,1,0,1,1,1,0,0,0,1,123,249,205,78,79,162,236,122,0,1,0,0,1,0,0,0,0,1,0,0,0,1,0,2,0,0,0,0,1,138,232,253,253,201,50,0,0,0,0,0,0,0,0,0,0,1,0,2,0,0,0,1,0,0,0,2,1,1,0,1,1,0,1,1,0,0,0,0,0,0,1,0,1,1,1,0,0,0,1,1,0,0,0,0,0,0,0,1,0,0,0,1,1,1,0,0,0,0,2,0,0,1,2,0,0,1,0,0,0,0,0,1,0,0,0,0,0,0,0,0,1,0,0,2,0,0,0,0,0,0,1,0,0,0,0,1,1,0,0,0,0,1,0,0,0,0,0,0,1,0,1,0,0,1,0,0,1,1,0,0,1,0,0,0,0,0,0,1,0,0,0,0,0,0,1,2,0,2,0,0,0,0,1,1,0
1,0,0,2,1,0,0,2,0,0,1,1,0,0,1,0,1,0,0,0,0,1,1,0,0,0,0,0,1,1,1,0,0,0,1,0,0,0,0,1,0,3,0,1,0,0,0,1,3,0,0,0,0,0,0,0,1,0,1,0,1,1,0,0,2,3,0,0,0,2,0,0,0,1,0,1,0,0,1,0,0,0,1,0,0,1,0,1,0,0,0,0,2,0,0,1,0,0,0,0,0,0,0,0,1,1,0,0,0,1,0,0,0,1,2,0,1,0,0,1,2,0,0,0,1,1,0,0,0,2,0,0,1,0,0,0,0,0,0,0,2,2,0,0,1,0,0,0,1,0,0,0,0,0,1,0,1,0,1,0,0,1,0,0,0,0,2,0,0,0,1,0,0,0,2,0,0,0,1,1,1,0,0,0,1,1,0,0,0,0,0,0,1,0,0,0,1,0,0,0,1,0,0,1,1,0,0,0,1,1,0,0,0,0,0,0,0,0,0,1,0,1,0,0,0,18,112,145,143,144,145,145,142,145,142,144,142,142,134,83,35,34,33,150,254,1,2,0,2,0,0,0,0,222,253,254,252,254,252,254,251,251,253,255,255,252,250,254,252,253,253,253,252,0,0,1,0,2,0,1,3,45,45,47,44,46,44,45,43,44,44,43,45,134,153,154,155,247,253,223,107,1,0,1,0,0,0,0,0,0,0,0,0,0,1,0,0,0,0,1,0,2,1,0,0,127,253,175,0,1,0,1,1,0,2,1,0,0,0,1,1,1,0,0,0,2,0,1,0,1,0,0,0,195,252,176,0,0,0,1,1,1,0,0,0,0,0,0,0,0,0,0,0,0,1,0,0,0,0,0,0,232,253,88,0,1,1,0,0,0,0,0,0,0,0,1,0,0,2,3,0,0,0,1,0,1,0,1,1,229,253,67,0,1,0,0,1,2,0,1,2,1,0,0,2,0,0,0,0,0,0,0,0,0,1,0,17,237,226,27,0,0,0,0,0,0,0,0,1,1,1,1,0,0,0,1,0,0,0,0,0,0,2,1,88,254,211,0,0,0,0,0,2,0,1,0,0,1,0,0,0,0,0,0,0,0,0,0,0,1,0,0,88,253,160,0,1,1,0,0,0,0,0,0,0,0,1,1,0,1,2,0,0,0,1,1,0,0,0,0,88,255,100,0,0,1,0,0,1,0,0,0,0,0,0,0,1,1,2,1,1,0,1,1,0,0,0,0,121,253,98,1,1,1,1,0,0,0,1,0,1,1,0,0,0,0,0,0,0,1,0,0,1,1,1,0,200,253,100,1,0,0,0,0,0,1,0,0,0,0,0,1,0,0,0,0,0,1,1,1,0,0,0,0,198,251,99,0,1,0,0,0,2,0,0,0,0,1,0,1,0,0,1,0,1,0,0,0,1,0,1,1,200,254,101,0,0,0,0,0,0,0,0,2,1,0,0,0,0,1,0,1,1,0,0,0,0,0,0,2,199,254,99,1,0,0,0,0,0,1,0,0,1,0,0,0,0,0,0,0,0,3,0,0,0,1,0,0,146,254,155,2,0,1,0,1,0,0,0,1,1,0,0,0,0,1,1,1,2,0,1,1,0,0,0,1,75,251,254,84,1,1,0,0,0,0,0,0,0,0,1,0,1,1,0,0,0,0,0,0,0,0,0,1,0,232,252,176,1,2,0,0,1,0,2,0,0,1,1,0,0,0,0,1,0,0,0,1,0,0,1,1,0,134,254,128,0,2,0,0,1,1,0,1
1,2,1,0,1,0,0,1,0,0,0,0,0,1,0,1,1,0,0,0,1,0,0,1,0,0,0,1,0,0,0,0,0,0,0,0,0,0,0,2,1,0,1,0,1,0,0,1,0,0,1,0,0,0,2,1,0,0,1,0,0,2,1,0,0,0,1,0,0,2,0,0,0,2,0,0,0,1,1,0,0,2,0,1,0,0,2,1,0,0,0,0,0,0,0,0,1,0,1,0,0,0,2,1,1,0,1,0,0,1,0,1,0,0,0,0,0,1,2,0,0,1,0,1,0,1,1,0,1,0,0,0,1,1,0,0,0,0,0,1,0,2,0,0,0,0,2,14,101,134,231,253,254,254,133,61,0,2,0,0,0,0,0,0,0,0,1,0,1,1,0,2,0,3,57,253,255,254,247,230,229,228,253,243,127,11,0,0,0,1,0,0,0,0,1,1,1,0,0,0,0,41,253,227,186,96,64,1,0,0,160,239,252,167,10,2,1,1,0,0,1,1,0,0,1,0,2,0,1,145,255,85,0,2,0,1,1,1,2,62,235,252,152,0,0,0,0,1,0,0,2,2,0,1,0,1,0,117,251,83,0,0,1,1,1,0,0,0,61,234,235,44,0,1,1,0,1,0,0,0,1,0,1,0,0,17,163,20,0,0,0,0,0,0,0,0,0,168,254,60,0,3,0,2,0,0,0,0,0,0,0,0,0,0,0,2,1,0,0,1,0,0,0,3,0,168,252,61,0,0,0,0,0,0,0,0,0,1,0,0,0,0,0,0,0,0,0,0,0,0,1,1,13,202,229,39,0,0,1,1,2,2,0,0,0,0,0,0,0,0,0,1,0,0,1,0,0,0,1,0,90,252,194,1,0,0,0,0,2,0,1,0,0,2,1,0,0,0,1,2,0,0,0,0,0,1,0,83,247,254,76,0,0,0,2,0,0,1,0,0,0,0,0,1,0,0,0,0,2,0,0,0,0,125,199,255,253,253,167,41,2,1,0,0,0,0,0,0,0,0,1,2,0,0,1,0,2,0,0,1,121,250,254,250,229,233,254,253,66,5,0,0,0,2,1,0,0,0,0,1,1,1,1,0,0,0,0,0,92,251,211,87,0,18,95,216,253,112,1,1,0,1,1,2,0,0,0,0,1,0,0,1,0,0,0,1,0,81,0,0,0,0,1,114,252,219,16,1,0,0,2,0,0,1,0,1,0,1,0,0,0,0,0,2,1,0,1,2,0,1,0,73,253,254,24,0,1,0,1,1,1,0,0,0,0,0,0,0,0,2,0,0,0,0,1,2,0,0,1,164,255,224,18,0,2,0,1,0,0,0,0,0,0,0,1,0,0,0,0,1,0,1,0,1,0,1,89,240,253,118,0,0,1,0,0,0,0,0,0,0,0,1,0,19,29,1,1,1,2,1,7,98,97,179,244,252,133,8,0,0,0,1,1,1,0,0,0,0,1,0,2,48,237,136,109,110,220,229,233,255,254,181,57,26,6,1,0,2,0,0,1,0,1,0,0,1,2,0,1,26,133,226,251,254,255,196,131,131,57,3,0,0,0,1,0,0,0,1,0,0,0,1,0,1,2,0,0,1,0,0,0,0,0,0,0,0,0,0,0,0,1,0,0,0,0,0,1,0,0,0,0,0,0,0,1,0,1,1,1,1,0,2,1,0,1,2,0,0,1,0,0,0,0,0,0,0,0,0,1,1,0,1,0,0,1,0,1,0,0,0,0,0,0,0,0,0,0,0,0,0,1,0,0,0
0,0,1,0,0,0,0,0,1,1,0,0,0,0,0,1,1,2,1,0,0,0,0,0,1,0,0,0,1,0,1,0,1,0,0,0,0,0,1,0,0,0,1,0,0,0,1,1,0,0,1,0,1,0,1,0,0,0,0,0,0,0,0,0,0,2,0,1,0,1,0,0,0,1,0,1,0,1,2,0,2,0,0,0,0,0,0,0,1,0,0,0,0,1,1,1,0,0,0,0,0,0,0,0,1,0,0,0,1,0,0,0,0,0,1,1,1,1,1,2,0,0,0,0,0,0,7,171,119,1,0,0,0,1,0,0,3,0,0,0,0,0,0,0,0,0,0,0,0,0,0,0,0,2,125,252,101,0,0,0,0,1,0,0,0,0,1,2,0,0,0,0,0,0,0,0,2,0,0,2,3,2,207,253,92,2,0,1,1,1,1,1,1,1,1,1,0,0,0,1,1,0,1,0,1,1,1,1,1,0,207,253,94,0,0,0,0,0,0,0,0,0,0,0,0,0,0,0,0,0,0,0,1,0,2,0,0,1,208,253,93,1,3,1,0,0,0,0,0,0,0,0,0,0,0,1,0,0,0,1,0,1,0,0,0,0,207,253,94,2,0,0,0,0,0,0,0,0,2,0,3,1,0,0,0,1,0,1,0,0,0,0,0,0,207,252,91,1,2,2,0,1,0,0,0,0,0,0,0,0,0,1,1,1,0,0,0,0,0,2,0,18,225,254,94,0,0,1,0,1,2,1,0,0,0,0,0,1,0,3,1,0,0,1,2,0,0,0,0,48,253,255,93,1,0,1,1,1,0,1,0,1,1,0,0,1,0,0,0,2,1,1,1,0,0,2,0,65,252,252,9,1,0,0,1,0,0,0,1,0,1,0,1,0,0,0,0,0,0,0,0,0,0,0,0,146,254,178,0,0,1,0,1,0,0,0,0,0,1,2,0,1,0,0,0,1,2,2,0,0,0,0,1,232,255,93,0,0,0,1,0,0,0,0,1,1,0,0,1,0,0,1,1,1,0,0,0,0,1,0,43,244,255,70,1,1,0,0,0,0,1,0,1,1,0,0,0,0,0,0,1,0,0,0,0,1,0,0,171,252,230,6,0,1,1,0,2,0,0,0,1,0,0,0,0,1,0,0,0,0,0,1,0,0,1,0,254,254,146,0,0,0,1,0,2,2,1,1,0,0,1,0,1,2,0,1,0,0,0,0,0,0,0,33,255,251,46,0,0,2,2,0,0,0,1,0,2,1,0,0,0,1,0,0,0,1,0,0,0,0,0,118,254,243,34,0,0,0,1,0,0,0,0,0,0,0,1,1,2,1,0,0,0,0,2,1,1,1,0,184,255,216,9,0,0,1,0,1,1,0,0,1,0,0,0,0,0,0,0,2,0,0,0,0,0,0,0,141,255,253,45,0,2,0,0,0,0,0,0,2,0,0,1,1,1,1,0,1,0,0,1,1,0,0,0,26,255,169,29,1,0,0,1,0,0,1,0,0,1,1,1,0,1,0,0,0,0,0,0,0,0,0,0,0,0,2,0,0,0,0,2,0,0,2,0,1,0,0,0,1,0,0,0,0,0,0,0,2,0,0,1,2,0,1,0,0,0,1,0,0,0,0,0,0,1,1,0,0,0,0,0,0,0,1,1,0,0,0,0,0,0,2,1,1,0,0,0,0,0,0,0,0,0,0,0,1,0,0,1,0,1,1,0,2,0,0,1,0,0,0,1,0,0,2,1,0,0,0,0,1,0,1,1,0
0,0,0,0,0,2,2,0,0,0,0,0,1,2,1,0,0,1,0,0,1,0,0,0,0,0,2,0,0,0,0,0,0,0,1,0,1,0,0,0,1,2,0,1,0,0,0,0,1,0,0,0,0,0,0,0,1,0,0,0,1,1,2,0,1,1,2,0,0,0,0,0,0,0,0,0,0,0,0,0,1,0,0,0,2,1,0,0,0,0,0,0,0,1,0,0,0,0,0,2,1,0,0,0,0,0,0,0,0,0,0,1,0,0,1,0,0,1,0,2,0,1,1,0,1,0,0,0,0,0,1,0,0,1,0,0,0,0,1,0,0,0,0,2,1,0,0,0,1,0,0,0,0,0,2,1,0,1,0,0,2,0,0,0,0,0,0,0,0,0,1,2,1,0,2,0,2,1,0,1,0,0,0,1,0,1,0,0,1,0,1,1,1,0,0,0,0,0,0,0,0,0,0,1,1,0,0,69,152,154,194,215,251,255,171,21,0,0,0,1,1,0,0,1,0,1,0,0,0,0,1,0,40,162,202,253,252,252,252,254,252,253,252,101,0,1,0,0,0,0,0,1,0,0,1,0,1,1,2,0,164,255,253,253,254,253,230,202,202,214,254,184,0,2,0,1,0,0,1,1,0,1,0,1,0,1,2,1,161,232,154,150,112,48,31,2,1,51,254,102,0,0,0,1,0,0,2,0,0,0,0,0,0,1,0,0,0,0,0,0,0,2,1,2,0,175,253,102,1,0,0,0,1,1,1,0,0,0,0,0,0,0,0,0,0,0,0,0,0,0,0,2,0,252,254,60,1,1,0,0,0,0,0,0,0,1,1,0,1,0,0,0,1,0,2,1,0,0,0,11,173,255,231,0,0,0,0,0,1,1,0,0,2,0,0,0,0,0,0,0,2,1,1,0,0,0,83,131,252,252,71,1,2,0,0,1,2,1,1,0,0,0,1,1,1,0,0,0,62,214,253,255,252,254,253,252,252,254,252,192,114,42,0,0,2,1,0,1,0,1,0,1,0,1,1,0,100,252,252,253,251,252,253,253,252,254,251,251,212,162,0,0,0,0,0,0,0,0,1,3,0,1,0,0,183,255,213,203,201,233,254,243,203,161,121,102,19,1,0,1,0,0,2,2,0,1,0,0,1,0,0,0,21,50,10,0,0,193,253,204,0,2,0,1,1,1,1,0,0,0,1,0,0,0,0,1,1,1,0,0,0,1,1,1,163,255,233,42,0,1,0,0,1,2,0,0,1,0,1,0,0,1,0,0,1,0,0,0,0,0,1,83,243,253,112,0,0,0,1,2,0,0,0,1,1,3,1,0,1,0,0,1,0,1,0,1,2,0,21,254,254,121,0,0,0,0,1,0,0,0,0,0,0,0,0,0,0,0,0,0,2,0,0,0,0,0,143,252,169,0,0,0,0,1,0,0,1,0,0,0,0,0,0,0,1,1,0,1,0,2,0,0,0,53,254,255,50,1,1,0,0,1,0,0,1,0,3,0,0,0,0,0,0,0,0,0,1,1,2,1,0,130,252,212,10,1,0,0,0,0,0,0,1,0,1,2,0,0,0,2,0,0,0,0,0,1,0,0,1,174,253,123,1,0,0,0,1,1,0,1,0,0,0,0,1,0,0,1,0,0,0,1,2,0,1,1,0,214,172,0,0,0,0,1,1,0,0,0,1,2,1,0,0,0,0,0,0,1,2,0,1,0,0,2,0,0,0,0,0,0,2,1,1,1,0,0,1,0,0,0,1,0,0,1
0,0,0,0,0,0,0,0,1,0,0,0,0,0,0,0,0,1,1,1,0,0,1,0,1,1,0,1,2,0,1,0,1,0,1,0,0,0,0,0,0,1,0,1,2,0,0,0,0,1,0,0,1,0,0,0,0,0,2,0,0,0,0,0,0,1,0,0,1,1,0,1,0,0,0,0,1,0,0,0,0,0,1,1,0,0,1,0,0,0,0,0,1,0,0,1,0,0,0,0,1,0,1,0,0,1,0,1,0,0,0,0,1,1,1,1,0,0,0,0,0,0,0,0,99,251,3,0,0,1,0,0,0,0,2,0,0,0,0,0,3,0,0,0,0,0,0,0,1,0,1,0,213,252,0,0,1,0,0,0,2,2,1,0,0,0,0,0,0,0,0,0,1,0,0,1,0,0,0,0,165,254,1,0,1,0,0,0,0,1,0,0,0,0,0,1,0,1,0,0,0,0,0,0,0,1,0,74,251,253,17,1,0,0,0,0,1,0,0,1,1,0,1,0,1,1,0,0,0,1,0,0,0,1,0,49,245,253,98,0,0,0,2,0,1,1,0,2,0,0,0,0,2,1,0,0,1,0,0,0,0,0,1,0,234,255,196,1,1,0,2,1,0,0,0,0,0,0,1,3,0,0,0,1,0,0,1,1,0,1,1,0,150,255,223,17,1,0,0,1,0,1,0,2,0,1,0,2,1,0,0,0,0,0,0,0,0,1,0,0,70,253,235,28,0,0,0,0,0,0,0,0,2,0,1,1,0,0,0,0,1,0,0,1,3,0,0,1,39,254,228,20,0,0,1,0,0,0,1,0,0,0,2,0,0,0,1,0,0,0,0,0,0,1,0,0,39,253,255,40,0,0,0,0,0,1,2,0,0,0,0,1,1,0,0,1,0,1,0,1,1,0,1,0,29,239,255,38,0,0,0,0,0,0,1,0,0,0,0,0,1,1,0,0,0,0,1,0,0,1,0,1,0,151,254,122,0,0,1,0,0,0,0,2,0,0,1,1,0,0,0,0,1,1,0,0,2,0,1,0,0,99,255,167,0,1,0,1,0,2,0,0,1,1,0,0,0,1,2,0,0,0,0,1,1,1,0,1,0,82,254,234,0,0,0,1,0,0,1,1,0,0,0,0,2,0,0,0,0,1,1,0,0,1,0,0,2,0,253,233,0,2,2,0,0,0,0,0,0,0,0,0,0,0,1,2,0,1,0,0,2,0,0,0,1,0,254,253,78,0,0,0,0,1,2,0,0,0,1,1,2,1,1,0,1,0,1,0,0,0,1,0,1,0,254,253,78,2,0,1,0,1,0,0,0,1,0,0,1,0,2,0,0,0,1,0,1,0,1,0,0,0,255,253,78,0,2,2,0,0,0,2,0,0,0,0,0,0,0,1,0,0,0,0,1,0,0,1,0,1,238,253,77,0,2,0,0,0,0,1,0,0,0,0,1,0,0,0,0,0,0,0,1,2,0,1,0,0,81,237,18,0,0,0,0,0,0,0,0,0,1,0,0,2,0,0,0,0,1,0,2,1,2,0,0,2,1,1,0,0,0,0,0,0,0,0,0,0,2,0,0,0,0,0,0,2,0,0,0,0,1,0,0,0,1,1,1,2,0,0,0,0,1,1,0,0,0,0,1,0,0,0,1,0,0,1,0,0,0,0,2,1,0,0,2,1,0,0,0,0,0,0,1,0,2,0,1,0,0,0,1,0,2,1,0,0,0,0,1,0,0,2,0,0,0,0,1,0,0,0,0,1,0,2
1,0,0,1,0,0,0,1,2,0,0,0,0,1,0,0,0,0,0,1,0,0,1,0,0,1,3,0,0,0,0,1,0,1,0,2,0,0,2,1,0,1,0,0,2,0,0,2,2,0,0,0,0,1,0,0,0,0,0,0,0,2,0,1,0,0,0,0,0,1,0,0,2,0,1,1,0,1,0,0,2,0,0,0,0,0,0,0,0,1,0,0,1,0,0,0,1,0,0,0,0,2,0,1,0,0,0,0,0,0,1,1,0,0,0,1,0,0,0,1,0,0,0,0,1,1,1,0,0,0,1,2,1,0,0,0,1,0,0,0,0,0,0,2,0,0,0,1,0,1,0,0,0,33,137,216,255,247,50,0,1,0,0,1,0,1,0,0,0,0,0,1,0,0,1,0,0,0,0,6,76,211,254,251,252,253,84,0,0,0,0,0,1,0,0,0,0,0,2,1,0,0,1,0,1,0,40,210,254,255,254,254,251,253,132,2,15,142,222,7,0,0,0,0,1,0,1,0,1,1,0,0,0,27,227,254,253,238,154,103,59,161,87,58,207,255,254,95,0,0,1,0,0,0,0,1,1,0,0,0,2,159,253,251,173,69,0,0,0,7,102,214,252,255,184,3,1,0,0,0,0,0,0,1,1,2,0,0,152,253,250,94,0,0,0,0,3,122,245,252,235,108,6,0,0,1,0,2,0,0,0,0,0,0,0,0,222,253,173,1,0,0,2,33,191,252,253,236,49,1,0,0,1,1,0,0,3,0,0,1,0,0,0,1,223,253,90,1,2,0,44,168,253,253,196,57,1,2,1,0,0,1,0,0,0,1,1,0,0,0,0,1,222,252,167,10,1,6,181,253,253,244,82,0,0,0,0,0,1,0,0,0,0,0,0,0,0,0,0,1,198,252,253,206,57,167,252,253,232,52,2,0,0,0,1,1,1,1,0,1,1,0,0,0,0,0,0,0,31,251,254,252,253,254,253,171,36,0,1,0,1,0,0,0,1,1,1,1,3,2,0,1,0,0,1,0,1,81,204,251,254,253,254,100,1,0,0,1,0,0,0,0,0,0,0,0,0,2,0,1,0,0,1,1,1,1,53,244,253,253,253,214,41,0,0,1,0,0,0,2,0,1,0,0,0,1,1,2,0,1,0,0,0,0,84,253,194,189,253,255,237,15,0,1,0,2,0,1,0,2,2,0,0,1,1,0,0,0,1,0,2,23,219,245,6,4,163,253,254,73,0,0,0,0,0,1,0,0,0,0,2,1,1,0,0,0,2,0,0,44,253,244,1,0,6,118,253,201,22,0,0,2,1,2,1,0,1,0,0,2,0,1,0,0,1,1,0,27,229,246,40,0,0,99,253,237,15,0,0,0,2,1,0,0,1,3,0,1,0,0,0,0,1,1,0,0,128,253,249,250,202,253,252,218,1,0,0,0,1,1,1,0,2,0,1,0,0,0,1,1,0,0,0,1,25,175,253,253,253,254,253,50,2,0,0,0,0,0,0,2,0,0,1,0,0,0,0,0,0,0,0,0,0,9,144,230,254,229,60,4,0,0,0,0,1,0,0,1,0,0,0,1,0,0,1,0,0,0,0,0,0,0,1,0,0,1,0,0,0,0,0,0,0,0,0,0,0,1,0,2,1,0,0,0,1,0,2,0,0,2,1,0,0,0,0,0,0,1,0,1,0,1,1,0,0,2,0,0,0,0,1,0,0,1,0,0,1,0,1,0,0,0,1,0,0,1,2,2,0,0,0,0,1,0
0,0,2,0,1,0,0,0,1,0,0,1,1,0,0,1,1,1,0,0,0,0,0,0,1,1,0,0,0,0,0,1,1,0,1,0,1,1,1,0,0,0,1,0,0,3,0,0,1,0,0,1,1,0,0,1,0,2,1,0,0,0,1,0,0,1,0,0,0,0,0,0,1,0,1,0,0,0,0,0,1,0,0,3,0,0,0,0,2,0,1,1,0,0,0,1,30,91,154,255,254,255,171,12,1,0,0,0,0,0,1,0,0,0,2,0,0,1,0,0,0,0,5,17,200,252,252,252,253,253,253,188,75,0,2,1,0,1,2,0,0,0,0,2,2,0,0,1,0,0,67,253,254,248,146,146,196,252,253,253,168,9,0,0,0,1,1,1,0,2,0,0,1,0,1,1,0,17,196,254,189,55,1,0,26,82,237,251,255,35,1,0,2,0,0,0,0,2,0,2,1,0,1,0,24,194,253,178,88,0,0,1,0,1,131,253,254,177,1,1,0,1,1,0,2,0,0,0,1,0,0,2,50,251,195,16,0,1,1,0,0,1,131,252,250,180,0,0,1,0,0,1,0,1,0,2,0,1,0,0,22,191,186,2,0,0,0,0,0,22,198,253,254,179,0,0,0,2,0,0,0,0,0,0,0,0,0,0,0,12,20,0,1,0,0,0,1,41,253,252,254,29,0,0,0,1,0,0,0,2,1,0,1,0,0,0,1,1,0,0,1,0,0,0,0,42,254,252,253,16,0,1,0,1,0,0,0,1,1,0,1,1,0,0,0,0,1,0,0,0,0,0,0,199,254,252,205,11,1,0,0,1,0,0,0,1,0,0,0,1,0,6,11,10,6,7,0,1,0,0,78,239,254,251,105,0,2,0,1,0,0,0,0,0,1,2,0,1,15,173,254,253,214,193,104,98,101,99,168,255,253,229,64,0,2,0,0,0,2,0,1,0,0,0,3,94,195,252,255,254,252,252,254,254,252,252,252,253,239,69,0,2,0,0,0,0,0,0,0,1,1,0,16,252,253,253,155,138,139,136,250,252,253,253,255,253,121,0,0,0,2,1,1,1,0,2,1,0,0,1,150,254,249,131,8,1,12,43,141,252,254,253,254,255,123,2,0,1,0,0,0,0,0,1,0,0,0,0,180,252,221,0,1,72,163,255,254,253,253,253,254,255,190,103,0,0,0,0,0,1,0,0,0,0,2,0,181,254,249,223,223,242,252,252,251,252,230,194,221,252,252,194,2,1,0,1,0,1,0,0,0,0,0,0,84,251,251,253,252,255,253,255,204,107,65,1,116,252,253,226,62,1,0,0,0,1,2,0,0,0,0,0,13,178,237,254,254,253,186,79,10,0,0,1,117,252,253,255,108,2,0,1,0,1,0,1,0,0,0,0,0,0,70,88,88,90,7,0,0,0,0,0,39,116,255,217,38,0,3,1,1,0,0,0,0,1,0,0,1,2,0,1,1,0,1,1,0,0,1,0,0,0,0,0,0,0,0,0,0,0,0,1,0,0,3,3,0,0,0,1,0,2,2,0,0,0,0,0,0,0,0,0,0,0,0,0,2,0,0,0,0,0,1,0,0,3,0,0,0,0,0,2,1,1,1,0,0,2,0,0,0,0,0,0,0,0,0,0,0,0,1,0,0,2,0,2,0,0,1,0,0,1,0,0,0,1,0,1,0,0,0,1,1,0,1,0,0,0,0,2,0,0,0,0,0,1,0,0,0,0,1,0,0,0,0,1,1,0,0,1,0,0,1,0
0,0,0,0,0,0,1,0,0,2,0,0,0,1,0,0,1,0,2,0,0,1,2,1,0,0,2,1,1,0,0,2,1,0,0,0,0,1,0,0,0,0,0,0,1,0,1,1,0,0,0,0,2,0,0,0,1,0,0,1,0,0,1,0,0,0,0,0,0,0,3,0,0,0,0,1,0,0,0,0,0,1,0,1,0,0,0,0,0,0,0,0,1,0,0,0,1,0,0,0,1,0,0,0,1,1,0,0,1,0,0,0,0,1,0,0,1,1,1,0,0,0,1,0,2,0,78,210,139,6,0,0,0,2,3,0,1,1,0,0,0,2,0,0,1,0,0,0,0,0,0,0,0,85,244,253,251,185,29,0,0,0,0,0,0,1,0,0,1,1,1,0,0,0,0,0,0,0,0,2,18,212,252,239,246,252,239,91,0,1,0,0,1,1,2,0,0,0,0,0,1,0,0,0,0,1,0,1,197,251,227,35,62,214,252,171,0,0,0,0,0,0,1,2,1,0,0,0,1,1,1,0,0,0,0,71,247,250,58,1,0,30,218,251,88,1,0,0,2,0,0,2,2,0,0,0,0,1,0,0,1,0,26,228,253,84,1,1,0,1,152,252,211,0,0,0,2,0,1,0,2,0,1,0,1,0,2,1,0,1,78,253,202,22,0,0,0,0,15,219,212,1,0,2,0,0,0,0,1,0,0,1,0,0,1,0,0,55,245,253,75,2,2,0,1,1,1,159,233,33,1,0,2,0,1,0,0,0,0,2,0,2,0,1,1,105,252,253,21,0,0,0,0,0,0,106,253,64,2,0,1,0,0,1,0,0,0,0,1,0,0,3,1,151,254,136,4,1,0,0,1,0,0,106,252,108,2,1,0,1,0,0,0,0,0,0,0,1,0,0,38,237,246,55,0,0,0,1,1,0,0,107,254,168,0,0,0,0,0,0,0,0,1,1,0,0,2,0,144,252,210,1,1,1,3,1,0,0,0,105,253,132,1,0,1,0,2,1,0,0,0,0,0,0,1,0,170,252,202,0,0,0,0,0,1,0,0,159,255,64,1,1,0,1,1,0,0,0,1,0,0,1,0,14,225,251,108,1,0,1,0,0,0,0,17,220,242,47,1,0,1,0,1,0,0,0,0,0,0,3,0,5,182,252,107,0,0,0,1,0,1,0,154,253,211,1,0,0,0,0,0,0,0,0,0,0,0,0,1,0,169,253,219,11,0,0,1,1,0,47,217,252,133,0,0,1,3,0,0,0,0,1,0,0,1,0,0,2,133,251,254,128,7,0,0,13,119,246,251,174,0,0,0,0,0,0,2,0,0,2,1,0,0,0,0,1,6,161,252,252,181,126,128,237,252,252,135,11,0,1,0,0,0,0,0,0,0,0,1,2,1,3,0,1,0,81,227,252,252,252,252,252,251,91,1,0,1,0,0,0,1,0,0,0,0,0,2,0,1,0,0,0,1,1,27,78,191,218,210,128,43,3,0,0,0,0,0,2,0,0,0,0,0,1,0,0,0,0,0,1,1,0,0,2,1,1,2,2,0,0,0,0,0,0,2,1,0,1,1,0,1,1,0,0,1,0,0,0,1,0,2,0,1,0,1,0,0,0,0,0,0,0,0,0,0,0,0,0,0,0,4,1,2,1,0,1,0,0,3,0,1,1,1,0,0,0,0,1,0,0,0,2,0,0,0,0,1,0,0,0,0,0,0,0,0,0,0,0,0,0,1,1,0,0,0,0,0,0,0,0,1,0,1,1
0,0,0,1,1,0,1,0,0,1,0,0,0,0,0,0,0,1,0,0,1,0,0,0,0,0,0,1,0,0,0,2,0,2,1,0,0,0,0,2,0,0,0,0,0,1,0,0,1,0,0,0,1,0,1,0,0,0,0,1,1,0,0,0,1,0,1,0,1,0,0,3,2,1,0,0,0,2,0,0,0,1,0,1,0,0,2,0,0,0,0,0,0,0,1,0,0,2,0,0,0,0,1,0,0,0,0,0,0,1,1,1,0,0,1,0,0,1,2,0,1,0,0,1,0,0,0,1,0,0,0,0,0,0,0,0,0,1,2,0,0,0,0,0,0,0,0,0,0,0,0,0,4,1,0,0,0,1,1,0,0,0,1,0,0,0,0,1,1,0,0,1,1,0,0,0,0,1,0,76,239,216,97,2,0,0,0,0,1,1,0,0,0,0,0,0,1,1,0,1,0,1,0,0,0,0,2,32,141,224,253,194,36,1,0,0,0,1,1,0,0,0,1,0,0,2,0,0,0,1,2,0,0,2,0,0,0,0,73,238,243,28,0,0,1,0,0,1,1,0,1,0,1,0,2,0,3,1,0,1,0,0,1,1,0,0,0,83,250,72,0,2,0,0,0,0,1,0,0,1,0,0,0,0,0,0,0,1,0,0,0,1,0,1,0,0,213,123,0,0,0,0,0,1,0,0,1,0,0,0,1,2,0,1,0,0,0,27,113,176,157,75,17,43,225,40,1,0,0,2,0,0,0,0,0,1,1,0,0,1,0,0,0,14,100,240,240,220,224,254,231,199,170,0,0,0,0,1,1,0,2,0,0,0,0,0,0,0,0,0,1,79,169,128,30,1,5,79,255,255,186,31,0,0,0,0,4,0,0,2,0,0,1,1,2,0,0,0,62,240,76,3,1,0,1,89,254,219,248,232,55,0,0,1,1,0,1,0,0,0,0,0,1,0,0,1,200,204,13,1,1,1,73,227,205,25,77,221,247,40,0,0,0,0,1,0,0,0,1,0,0,0,1,1,170,108,0,0,2,27,227,218,23,2,0,37,223,214,29,0,0,1,0,0,0,2,0,1,0,0,1,0,52,222,75,0,77,215,204,35,1,0,0,0,36,220,216,11,1,0,0,0,1,0,0,1,0,2,0,0,1,130,252,173,247,222,26,0,0,0,0,2,1,36,240,178,11,0,2,1,0,0,1,0,1,0,0,0,1,12,190,207,97,14,0,0,0,1,0,1,0,0,71,243,208,8,0,0,0,0,0,0,0,0,1,0,1,0,6,5,0,1,0,0,0,0,0,0,1,1,1,40,244,186,2,2,0,0,0,0,1,1,0,0,0,0,0,0,0,0,1,0,0,0,0,0,0,0,2,0,91,251,109,1,0,1,0,1,0,2,1,0,0,0,2,0,0,0,0,0,0,1,0,2,0,0,0,1,0,111,252,81,1,0,0,0,2,0,0,1,1,0,0,1,0,0,0,0,0,0,0,0,0,2,0,0,1,3,196,226,0,0,1,0,0,1,0,0,0,0,0,0,2,0,2,0,0,0,0,0,0,0,0,0,0,0,2,5,1,0,0,1,0,0,0,1,0,1,0,0,1,0,0,0,1,0,0,0,1,2,0,1,1,0,1,0,0,0,0,0,0,1,0,0,0,0,0,0,0,1,1,1,0,0,1,0,0,0,0,1,0,1,0,0,0,0,0,0,0,1,0,0,1,0,1,0,0,0,0,0,0,1,1,0,0,1,0,0,0,0,0,0,0,1
0,0,0,0,0,0,1,0,0,0,0,1,0,0,0,0,0,2,0,0,0,1,0,0,1,0,0,0,0,0,0,1,0,0,0,1,0,0,2,1,1,0,0,1,1,0,1,0,1,0,0,0,0,1,0,0,0,0,1,0,1,0,0,0,0,0,0,0,0,0,0,0,0,0,0,1,1,1,0,0,0,0,0,0,1,0,0,0,0,0,0,0,1,0,0,0,0,0,0,1,2,1,0,0,2,0,0,1,0,0,1,0,0,0,1,2,0,1,0,0,0,0,0,2,0,2,0,0,0,0,0,0,0,0,1,0,0,0,1,1,1,0,1,1,0,0,0,0,3,0,0,0,3,20,130,187,182,79,2,0,0,0,0,0,0,0,0,0,0,1,2,0,1,0,0,2,1,2,2,45,172,253,255,255,255,254,142,3,2,1,2,0,0,0,0,1,0,1,0,0,0,0,0,3,0,0,86,239,252,201,156,174,254,255,252,22,0,0,1,0,1,0,1,0,0,0,0,0,1,0,0,0,0,113,239,231,105,0,0,1,107,234,104,0,0,1,0,1,1,0,0,0,0,3,2,2,0,0,0,0,17,217,243,32,0,0,0,0,0,22,22,0,0,1,0,1,0,1,1,0,3,2,0,0,0,0,0,2,174,255,154,1,2,0,0,0,0,0,14,102,6,0,0,0,2,1,2,3,0,0,0,0,1,0,0,63,255,236,32,0,0,1,2,0,0,37,221,254,81,0,0,1,0,0,1,3,1,0,0,0,0,0,0,185,254,134,0,0,1,0,0,0,7,212,255,254,63,0,0,2,0,0,0,1,0,1,2,0,2,0,0,184,254,116,0,0,1,1,1,32,195,255,255,254,16,0,0,0,0,0,0,1,0,1,0,0,1,1,0,171,255,251,107,43,42,45,154,249,254,252,254,118,2,0,1,1,0,0,0,0,1,1,3,1,0,0,0,22,220,255,254,255,255,253,254,213,167,254,253,76,0,0,0,3,0,1,0,1,0,3,0,2,2,0,2,0,28,184,254,253,190,231,195,30,183,255,255,19,1,1,0,0,0,0,1,1,0,0,0,1,1,0,0,0,0,16,69,76,17,27,7,1,221,254,199,2,0,0,1,0,0,2,0,0,2,0,1,1,1,0,1,0,0,0,0,0,0,0,2,0,223,254,119,0,0,0,0,0,0,0,0,2,0,1,1,0,1,0,0,0,0,0,1,0,1,0,0,13,229,254,135,0,0,0,0,0,0,0,0,1,0,0,0,1,0,1,0,0,0,0,1,0,1,1,1,73,252,255,108,0,0,1,0,0,0,0,0,0,0,0,2,1,1,1,1,0,2,2,1,0,0,0,1,134,255,255,110,0,2,0,0,1,1,0,0,0,0,1,0,1,0,0,0,1,0,0,1,1,0,0,1,133,255,254,109,1,1,0,0,0,0,0,0,0,0,1,0,0,2,0,0,1,0,1,0,2,0,1,1,135,255,255,109,0,0,0,0,0,0,0,0,1,0,0,0,0,0,1,0,0,1,0,1,0,0,0,0,134,254,253,56,0,0,0,0,0,1,0,0,1,0,0,0,2,1,1,0,0,2,2,0,0,0,0,0,0,0,0,0,0,1,0,1,0,0,1,1,0,0,0,1,1,0,0,0,0,0,0,0,0,0,1,0,0,1,0,1,0,0,0,0,0,1,0,0,1,0,0,0,2,1,0,0,1,1,2,0,1,1,1,1,2,0,2,0,1,0,1,0,0,1,0,2,1
1,1,0,1,0,0,1,0,0,0,0,0,0,1,0,1,0,0,0,0,0,0,0,0,0,0,0,0,0,2,1,0,0,1,0,0,1,2,0,1,0,0,0,2,1,0,0,0,2,1,0,0,0,0,0,1,1,0,0,1,2,0,0,0,0,0,0,0,0,0,0,0,2,3,0,0,1,0,0,0,1,0,0,0,0,1,0,0,1,0,0,0,0,0,0,0,0,0,2,0,0,0,0,0,0,1,1,0,0,0,2,0,0,0,1,1,0,0,0,2,0,0,1,0,0,0,0,0,0,1,0,1,0,0,1,0,0,0,0,0,0,0,0,1,0,0,1,1,0,1,90,140,251,254,252,255,197,122,18,0,2,0,1,1,1,2,0,0,1,1,0,0,0,1,0,2,131,239,251,252,253,253,252,254,253,252,167,1,0,1,1,1,0,1,1,0,0,1,0,0,1,0,0,134,249,250,252,236,159,82,75,253,254,253,202,20,1,0,1,1,1,0,0,0,1,0,1,0,0,0,33,234,227,134,39,33,1,1,133,255,218,202,250,55,0,0,0,0,0,0,0,0,1,0,0,0,0,0,210,253,172,0,0,0,0,1,27,253,175,27,220,154,0,1,0,3,0,1,0,0,1,0,0,0,0,28,240,252,173,2,0,0,0,0,0,129,249,73,220,186,0,0,0,0,0,0,0,0,0,1,0,0,0,37,246,253,81,2,0,0,0,0,0,1,148,252,251,186,0,0,1,0,0,2,0,1,2,0,1,0,0,0,228,254,38,0,0,0,2,1,0,1,39,237,253,184,0,1,2,1,1,0,0,0,0,0,0,0,1,0,107,254,117,0,0,0,0,1,0,2,3,228,251,191,4,1,0,0,0,2,2,0,2,0,0,0,1,2,50,238,213,97,0,1,0,1,2,66,183,252,251,253,65,0,0,1,2,0,2,0,0,1,0,0,0,0,1,164,254,252,225,121,122,121,122,255,253,158,1,69,254,77,0,0,1,0,0,0,0,0,1,1,0,0,1,4,54,230,251,253,251,252,252,204,91,7,0,4,132,135,0,1,0,0,0,0,0,0,1,2,0,0,0,0,0,20,126,159,158,152,25,16,0,0,0,2,7,177,131,0,2,0,0,0,0,0,0,0,0,1,2,0,0,0,0,0,0,2,0,0,2,1,0,1,1,172,225,0,1,0,0,0,1,1,1,0,0,1,1,0,0,1,0,1,0,1,0,2,0,0,0,0,0,137,246,87,0,0,0,0,0,0,0,1,0,0,1,1,0,0,0,0,0,0,0,1,0,0,0,2,0,19,202,177,0,1,1,0,0,1,0,0,0,1,0,1,0,0,1,0,4,41,41,174,173,88,0,0,0,132,252,108,0,1,1,0,0,1,2,1,0,1,0,1,0,0,0,0,113,253,252,253,252,50,28,27,125,224,249,94,1,0,0,0,0,0,1,1,0,0,0,0,0,0,0,0,83,240,252,254,252,251,252,252,252,243,142,2,0,0,0,0,0,0,0,1,0,0,0,0,2,0,0,2,1,7,120,121,244,251,251,252,224,38,1,0,1,2,1,0,1,0,1,0,0,1,0,0,0,2,1,0,0,0,0,0,0,0,0,0,2,1,1,0,0,1,1,0,2,1,0,0,0,0,0,0,1,0,0,0,2,2,0,1,0,0,0,0,1,0,0,1,0,0,1,0,0,0,0,1,0,1,1,0,0,0,0,1,0,0,1,1,0,0,1,0,0,0,1,0,1,0,1,0
0,1,0,0,0,0,0,0,0,0,1,1,0,0,0,1,0,2,0,0,0,0,1,0,0,0,1,0,0,0,1,1,1,0,0,0,1,0,0,0,1,0,0,0,0,0,0,0,1,0,1,0,0,1,0,0,0,0,0,0,0,2,1,0,0,0,0,0,0,0,1,0,0,0,2,1,1,0,0,0,0,0,0,0,0,2,1,0,1,0,0,0,0,0,0,0,1,0,0,1,0,0,0,0,0,0,0,0,0,0,0,0,0,2,0,0,0,0,0,0,0,1,0,0,0,0,1,0,0,0,0,2,0,0,0,1,0,1,0,0,2,0,0,0,2,0,0,0,0,3,0,0,0,0,0,0,3,0,0,0,0,0,0,0,2,0,0,0,1,1,0,0,1,0,0,1,0,2,0,0,2,0,0,1,1,1,19,31,1,0,1,0,2,0,1,0,1,0,0,0,0,0,0,0,0,1,0,0,69,75,115,178,102,185,221,239,183,187,186,139,139,184,138,0,1,2,2,0,0,1,2,0,0,1,0,122,251,253,255,252,247,249,192,167,250,248,248,253,254,248,156,2,1,2,0,0,0,0,1,1,0,1,45,255,254,160,102,53,0,2,1,0,0,0,2,86,91,0,0,0,0,2,0,0,1,0,1,0,1,0,44,254,214,26,0,0,1,0,0,0,0,0,0,0,0,0,0,0,0,1,0,0,0,0,1,0,0,0,145,253,37,0,0,1,0,0,1,0,0,1,0,0,0,0,0,1,1,2,1,0,0,0,1,0,1,73,255,203,9,1,1,0,0,0,1,0,0,1,0,2,1,1,1,0,0,1,0,1,0,1,0,0,0,151,240,68,0,0,2,1,0,0,0,1,0,0,0,1,0,1,0,1,0,2,2,0,1,0,0,0,123,253,213,16,17,17,11,0,1,0,0,0,0,2,0,1,0,0,0,0,0,0,0,0,0,0,0,7,201,254,254,254,255,254,223,108,0,0,0,0,2,0,2,0,0,0,0,1,1,1,0,1,0,0,0,79,252,253,255,255,172,163,193,237,1,0,0,1,0,0,1,1,0,1,0,0,1,0,0,0,1,0,0,240,254,186,59,17,2,0,89,239,8,0,3,0,0,0,0,0,0,0,0,0,3,0,0,0,0,0,0,67,117,10,0,0,0,0,89,250,70,0,0,0,0,0,0,3,0,0,0,0,1,0,2,1,0,0,0,0,1,0,0,0,0,0,173,238,0,0,0,0,0,0,0,1,0,1,2,0,0,0,1,0,0,0,0,12,0,1,0,0,0,37,228,238,0,1,0,0,0,0,0,0,0,0,0,0,0,0,0,0,0,0,0,164,46,0,0,0,0,158,252,164,0,1,2,0,0,0,0,1,0,1,1,0,0,0,0,1,0,0,0,210,224,71,0,0,97,238,218,31,2,1,0,0,0,1,0,1,0,0,0,0,2,0,0,0,0,0,0,20,215,252,251,251,254,235,101,0,0,1,0,2,0,0,0,0,1,0,0,0,0,0,1,1,0,0,0,2,55,125,183,184,88,29,2,0,2,0,0,1,0,3,2,0,0,1,1,1,0,0,1,0,0,1,0,0,1,0,1,1,0,0,1,0,0,1,1,0,1,2,1,0,0,2,0,2,0,0,0,0,0,0,0,0,0,1,1,0,0,0,0,0,0,0,1,0,2,0,0,0,1,0,0,0,0,2,0,0,0,1,1,1,0,1,0,0,0,0,1,1,0,1,0,0,1,2,0,0,1,1,1,0
0,0,2,0,1,0,0,1,0,1,0,0,0,1,0,0,0,0,0,1,0,2,2,0,1,0,1,1,0,0,0,0,0,0,0,1,0,0,0,0,0,1,0,0,0,0,2,0,0,0,0,0,0,1,0,0,1,0,0,2,0,0,0,0,1,0,0,0,0,1,1,0,1,0,0,1,0,0,0,0,0,1,0,0,0,0,1,1,0,0,0,0,0,0,0,0,1,0,0,0,0,1,0,0,0,0,0,0,1,0,1,0,1,2,0,1,0,0,0,0,0,0,0,2,116,254,169,1,0,1,1,1,0,1,0,0,1,0,0,1,0,2,0,0,0,2,0,0,2,0,0,26,227,224,29,1,0,0,1,0,0,1,0,0,0,0,0,0,0,1,1,1,0,1,0,1,0,0,2,198,255,114,56,85,86,87,85,85,28,1,0,0,0,0,1,1,1,1,1,0,0,1,0,2,1,1,86,254,253,253,255,255,255,255,253,255,141,0,0,0,0,0,0,1,1,0,1,0,0,0,1,0,0,0,199,255,255,199,143,85,86,85,57,29,1,1,0,0,0,0,0,0,1,0,1,0,0,0,1,0,0,29,253,171,1,0,0,0,0,0,0,1,0,0,1,0,1,0,0,1,1,0,1,0,0,2,1,0,0,84,255,115,0,0,0,0,0,0,1,2,0,0,0,1,0,1,0,1,0,1,0,1,1,0,0,2,1,85,255,225,59,0,0,0,0,1,0,0,0,0,0,0,0,0,0,1,0,0,0,1,0,0,0,0,1,0,169,254,253,255,141,32,0,1,0,1,0,0,0,0,0,0,1,0,0,1,3,0,0,1,0,1,0,1,0,57,170,255,254,252,142,2,0,2,0,1,0,0,2,0,0,0,0,1,0,0,0,2,0,1,2,2,1,0,0,1,86,198,255,197,29,1,0,0,0,0,0,0,0,0,0,0,0,2,1,1,0,1,1,0,0,0,0,0,0,0,168,255,140,1,0,1,0,0,0,0,0,1,0,1,0,0,0,0,0,1,0,0,0,0,1,0,1,0,0,170,255,57,0,0,0,1,0,2,0,1,0,0,0,1,0,0,0,28,171,113,0,1,3,0,1,0,0,56,255,170,0,0,0,0,1,0,0,1,1,0,0,1,1,0,1,113,198,28,0,0,0,0,1,0,1,0,227,170,1,0,0,0,1,0,2,2,0,2,1,0,0,0,0,143,198,0,0,0,0,0,1,1,0,0,171,254,1,0,2,0,1,2,1,0,2,0,0,2,0,0,0,86,255,142,1,3,1,0,1,0,0,29,255,198,0,0,1,0,0,0,0,0,0,0,0,0,1,0,0,0,171,254,171,56,0,1,0,0,29,197,253,115,0,0,0,0,2,1,1,0,1,1,1,1,0,0,0,1,0,114,226,253,170,170,169,198,254,255,141,1,1,0,0,1,0,1,0,1,0,1,0,0,0,0,0,1,0,0,31,142,169,255,255,255,170,56,0,1,0,0,0,0,0,0,2,0,2,2,0,0,1,0,1,1,0,0,1,2,2,1,0,0,2,0,1,0,1,1,0,0,0,2,0,1,0,1,0,0,0,0,2,1,0,0,0,0,0,0,0,1,0,1,0,0,0,0,0,1,0,0,2,1,1,0,0,0,1,1,0,2,0,0,0,0,0,0,1,0,0,1,1,0,0,0,0,0,1,0,0,0,0,0,0,0,0,0,0,2,0,0,1,1,0,0,1,0,0,0,0,0,0,1,0,0,1,0,1,0
0,0,0,1,1,1,1,0,0,0,0,2,1,0,0,2,0,0,0,0,0,0,0,0,0,0,2,2,1,0,0,0,0,0,1,3,0,0,0,0,0,1,0,0,1,0,1,0,0,0,0,0,0,0,1,1,1,1,2,0,1,0,0,0,0,1,0,0,0,2,2,0,0,0,0,0,1,0,0,0,0,0,0,0,0,0,2,0,0,2,0,0,0,0,0,1,0,0,0,0,0,0,0,1,1,0,0,0,0,0,0,0,0,0,1,0,0,0,0,0,0,2,1,0,0,7,193,31,1,0,1,0,0,3,0,0,0,0,1,0,0,0,0,0,0,0,0,0,0,1,0,0,1,89,254,52,0,1,0,1,0,1,0,1,0,0,0,1,0,0,0,2,0,1,0,0,0,1,1,1,0,95,254,110,1,0,1,1,0,0,0,0,0,2,0,0,0,0,0,0,1,0,0,1,1,1,0,2,0,117,252,154,1,1,0,0,0,0,0,0,0,0,1,0,0,0,0,0,0,2,0,1,0,0,0,0,0,117,254,155,0,1,0,0,1,0,1,0,0,2,0,0,0,1,0,0,1,0,2,0,0,0,0,0,0,35,253,154,1,2,3,2,0,0,0,0,0,0,0,0,0,0,1,0,0,0,0,0,0,0,0,0,0,6,253,153,0,0,0,0,0,0,0,0,0,0,0,0,1,0,1,1,1,0,0,0,0,0,2,0,0,6,252,220,4,0,1,0,0,1,0,1,1,1,0,0,0,0,0,0,1,1,1,0,0,0,0,3,0,1,172,252,90,2,1,0,1,1,1,0,1,0,0,0,0,0,1,0,1,0,0,0,2,0,0,1,0,1,154,252,107,0,1,2,0,0,0,1,0,0,0,1,1,0,0,0,0,0,0,0,2,0,0,1,1,0,155,254,109,0,0,0,0,1,0,1,1,0,1,0,1,0,0,0,0,0,0,0,0,1,1,1,0,4,213,255,110,0,1,0,0,0,0,1,0,0,0,0,0,0,0,0,1,0,0,0,0,1,0,0,0,7,255,255,109,0,0,0,0,0,0,1,0,2,0,0,0,0,0,0,1,0,1,0,0,1,0,1,0,7,254,254,110,0,0,0,0,0,0,0,0,0,0,1,0,0,0,0,0,0,0,0,0,1,0,0,1,7,255,255,34,0,1,0,0,0,0,0,0,2,0,1,1,1,1,1,1,1,0,0,2,0,0,0,0,6,254,255,48,0,0,1,0,1,0,2,0,2,0,0,0,0,1,0,0,2,0,1,1,0,1,0,0,5,253,254,5,0,2,0,0,0,0,0,1,0,1,0,1,0,1,2,0,0,0,1,0,0,1,1,1,6,254,255,6,1,0,1,1,0,0,0,1,0,0,1,2,1,0,1,0,1,1,0,1,0,0,1,0,5,253,190,0,1,1,0,0,2,0,1,0,1,0,0,0,0,0,0,1,0,0,0,0,1,0,0,0,50,253,112,0,2,0,1,1,1,1,1,0,0,1,0,0,0,0,1,0,0,0,0,0,0,0,1,1,0,0,1,0,0,0,0,1,1,1,2,1,1,1,0,3,0,0,0,0,0,0,0,0,0,2,0,0,0,0,0,2,0,1,0,0,0,0,0,0,0,1,0,2,0,1,2,1,1,1,1,0,0,0,0,0,0,1,0,0,1,0,0,0,0,0,0,0,0,0,0,0,0,0,1,0,0,0,0,0,0,0,0,0,0,1,0,0,0,0,0,1,0,0,0,1,0,0,0
0,1,1,0,0,0,0,0,1,1,1,1,1,1,1,0,2,1,0,0,1,0,1,0,0,0,1,1,1,0,0,0,1,0,0,0,0,0,0,0,0,0,0,0,1,0,0,2,1,0,0,1,1,0,2,2,0,0,0,0,0,1,0,0,0,0,0,0,1,0,0,0,0,0,0,1,1,0,1,0,0,0,0,0,0,0,0,0,2,0,0,0,0,1,0,1,0,2,0,0,0,0,2,0,1,1,0,0,0,0,0,1,0,0,0,0,0,0,1,1,0,0,0,1,0,1,0,0,0,3,37,131,133,133,236,143,6,2,0,0,1,1,2,0,0,0,1,0,0,0,1,0,0,1,1,0,85,162,253,252,252,252,253,253,11,0,1,0,0,0,0,0,0,1,0,0,0,1,1,0,0,1,0,25,210,253,252,252,252,253,222,164,4,0,0,1,0,0,0,2,1,1,0,1,0,1,0,0,42,28,1,213,252,254,253,219,170,83,14,0,0,0,0,1,0,2,0,0,0,0,0,0,1,0,19,100,243,223,97,195,251,195,72,21,0,0,0,1,0,1,0,0,0,1,0,0,0,1,0,0,0,80,211,252,251,221,37,5,59,23,0,0,0,0,2,0,1,1,2,0,0,1,2,0,1,0,0,14,107,239,253,255,219,96,0,1,1,0,0,0,0,0,0,0,0,0,0,0,0,0,0,0,0,0,0,37,253,251,252,221,39,2,0,1,2,0,0,2,0,0,1,1,1,1,0,0,2,1,1,0,0,0,11,187,251,252,252,203,109,63,1,0,0,0,0,0,0,0,1,0,0,0,0,0,0,0,0,0,0,1,80,253,252,252,251,251,251,246,240,122,52,1,0,1,0,1,0,2,0,1,0,0,1,0,0,0,0,0,11,197,247,248,251,254,254,253,252,255,253,161,10,0,2,1,2,0,0,1,0,1,1,0,3,0,1,0,0,15,37,53,83,110,153,251,252,253,252,252,206,0,0,0,0,0,0,0,1,1,0,3,0,1,1,1,0,0,1,0,2,0,1,89,153,252,254,251,205,1,0,1,1,1,0,0,0,1,1,1,0,2,0,1,1,1,0,1,1,1,0,0,0,171,253,252,205,0,0,0,0,0,0,0,0,0,0,0,0,0,1,0,0,1,3,0,0,0,0,1,58,220,252,253,203,1,2,0,0,2,0,1,0,1,0,0,0,0,1,0,1,1,0,3,0,1,28,124,250,252,251,242,87,0,0,1,0,1,1,2,1,1,0,0,2,0,0,4,88,32,2,1,65,85,205,250,253,254,244,86,0,1,0,1,0,0,1,0,0,0,0,0,0,0,0,8,211,230,218,216,244,253,252,253,252,203,84,1,0,1,1,0,0,0,1,1,1,1,2,2,2,0,0,0,92,255,254,251,254,252,252,252,200,9,1,0,0,0,1,0,0,0,0,1,0,0,0,1,0,1,0,0,3,29,130,219,252,212,131,77,4,0,0,1,0,0,1,1,0,0,1,0,1,1,0,0,0,0,1,1,0,0,0,0,1,0,0,1,0,0,0,0,0,1,1,0,0,0,0,2,0,1,0,0,0,0,1,0,0,0,0,0,0,0,1,0,0,0,0,0,0,0,1,0,0,0,0,1,0,0,0,0,0,0,0,0,0,1,0,0,1,0,1,0,0,0,1,1,0,1,0,0,0,1,1,1,0,1,1,1,0,0,0,2,2,0,0,1,0,0,1,3,0,0,1,0,3,1,0,0,0,0,2,0,0,0
0,0,1,0,0,0,1,0,0,1,0,1,1,0,1,1,0,0,0,0,0,0,2,0,1,2,0,0,0,1,0,2,0,0,1,0,0,13,223,187,0,0,0,1,2,0,1,0,0,2,0,0,0,0,0,0,1,1,0,0,1,0,0,1,0,20,254,223,0,0,0,0,0,0,0,0,0,0,0,1,3,1,1,2,2,1,0,0,0,0,0,0,1,21,254,223,0,0,0,0,0,1,0,1,0,0,1,1,0,0,0,0,0,1,0,0,0,0,0,0,0,106,252,138,2,0,0,0,1,0,0,1,0,0,0,1,0,0,1,0,1,0,1,0,2,2,0,0,0,189,253,55,0,0,0,1,0,0,0,0,0,1,0,0,0,1,0,0,2,0,0,0,0,0,1,0,34,240,253,25,0,0,0,0,0,0,1,0,0,0,0,0,0,0,0,0,0,0,3,1,0,0,2,0,66,254,255,25,0,0,0,0,1,1,1,1,1,0,0,1,0,0,1,1,1,0,0,0,0,0,1,2,66,254,255,25,0,0,1,0,0,0,0,0,1,0,1,1,0,0,0,0,0,0,0,1,0,0,0,0,67,255,254,26,1,0,0,1,0,1,0,0,0,1,0,2,0,0,0,0,0,0,0,0,1,0,0,1,67,254,255,26,1,2,0,0,0,1,0,0,0,0,0,0,0,0,0,2,0,1,1,0,0,0,0,0,66,255,255,25,0,0,0,0,0,0,1,1,2,0,2,0,0,0,1,0,1,0,0,0,0,0,0,1,65,255,235,18,0,1,0,1,0,1,0,0,1,0,0,0,0,0,2,2,0,2,1,1,1,1,0,0,65,253,178,1,1,0,2,0,0,10,66,214,216,145,20,0,0,0,0,0,0,0,0,1,1,0,0,0,65,254,231,18,0,1,2,1,31,222,255,255,253,255,242,44,0,1,0,0,0,0,0,0,1,0,1,0,57,249,252,24,0,0,1,47,236,255,190,129,41,190,251,58,1,1,0,0,0,0,0,1,1,0,0,0,0,221,254,56,0,1,0,122,255,238,26,0,49,231,219,0,2,1,0,0,1,1,2,0,1,1,1,0,0,167,254,233,37,2,1,203,253,51,3,62,194,244,71,0,0,0,0,0,0,0,0,1,1,0,0,1,0,39,227,253,174,89,93,251,251,116,196,255,244,73,0,0,0,0,0,1,0,0,1,2,0,0,1,1,0,0,34,221,254,255,254,254,253,254,252,182,62,0,2,0,0,1,1,0,0,0,0,0,0,0,0,0,2,0,0,41,154,156,230,216,253,232,143,1,0,0,0,0,0,1,1,0,0,0,1,1,1,0,0,2,0,0,0,0,0,0,0,1,0,0,0,0,1,0,1,1,1,1,0,1,0,0,2,0,0,0,0,1,0,0,1,1,0,0,0,0,0,0,0,0,0,0,0,0,0,0,0,0,0,0,2,1,0,0,0,1,2,0,0,0,0,0,0,3,0,0,0,0,1,1,0,0,0,2,2,0,1,0,0,0,1,0,1,0,0,0,0,0,0,1,0,0,0,1,1,0,0,0,0,1,0,0,1,0,1,0,2,0,0,0,2,2,0,0,1,0,0,0,0,0,2,2,1,0,0,1,0,0,0,1,0,0,0,0,1,1,1,0,0,0,1,1,0,1,1,0,0,0,0,0,0,0,0,0,0,0,0,1,0,1,1,1,2,1,0,0,0,0,0,0,0,0,0,0,0,1,0,0,0,0,2,0,0,0,0,2,0,0
0,1,1,0,0,1,0,0,0,0,1,0,0,0,0,0,1,0,0,1,0,0,0,0,0,0,0,0,0,0,0,0,2,1,0,1,0,0,0,0,1,1,1,0,1,1,0,2,0,0,0,0,0,0,0,0,0,0,0,0,0,0,0,1,0,1,0,1,0,0,0,0,2,0,1,1,0,0,1,0,0,0,0,0,0,0,1,0,2,0,0,0,0,0,0,0,0,0,0,0,0,0,0,0,1,0,0,0,0,0,0,0,0,0,0,1,0,0,0,1,0,0,1,0,0,52,132,1,1,1,0,0,0,0,0,0,1,0,0,0,0,0,0,0,0,0,1,1,0,0,0,0,0,50,252,183,22,0,2,0,0,1,0,0,0,0,0,0,1,1,1,0,0,0,2,0,0,0,0,49,193,254,252,234,234,172,9,0,0,1,1,1,0,1,1,1,0,0,2,0,0,0,0,0,0,2,42,232,252,255,253,253,252,253,133,0,2,1,0,1,0,0,1,2,0,0,0,1,0,0,0,0,1,0,204,254,254,141,182,82,40,235,254,82,1,0,2,1,0,1,0,0,0,0,1,1,0,1,1,0,0,41,244,255,213,1,2,1,0,71,253,243,40,0,1,0,0,0,0,2,0,0,0,0,0,0,1,0,1,112,252,243,39,0,0,0,0,0,42,255,130,0,0,1,2,1,0,1,1,0,0,0,1,1,0,0,0,152,253,123,1,0,0,0,0,2,0,254,173,0,0,1,0,0,0,1,0,1,1,1,2,0,0,1,1,151,251,103,0,0,0,0,1,0,1,254,253,60,2,0,1,2,0,1,2,0,0,1,2,1,0,0,0,231,251,59,0,0,0,0,0,0,1,254,251,22,1,2,0,0,0,0,1,0,2,1,0,0,1,0,100,254,214,0,0,0,0,2,0,0,0,254,254,0,0,2,0,1,0,1,0,0,1,1,0,0,0,1,103,254,251,0,0,0,0,2,0,0,1,254,251,0,0,0,0,1,1,0,0,1,0,0,0,0,0,0,41,255,252,0,0,0,1,0,0,0,21,255,251,0,1,0,1,2,0,0,0,1,0,0,2,0,0,0,40,253,251,1,0,0,0,0,0,1,142,254,212,0,1,0,0,1,0,1,0,0,0,0,0,0,1,0,0,255,254,21,0,1,0,0,0,50,254,253,92,0,0,0,1,0,0,1,0,0,1,0,0,2,0,0,0,172,253,144,0,0,1,0,42,173,252,252,50,1,1,0,0,0,2,0,0,0,0,0,0,0,0,0,2,0,141,233,152,21,1,11,132,255,253,40,1,0,0,1,0,0,0,1,0,1,1,2,0,0,0,1,0,0,61,253,252,224,204,214,251,251,212,0,0,1,0,0,0,0,0,0,1,1,0,0,0,0,1,0,0,0,1,20,102,255,251,254,254,225,120,1,1,0,2,0,1,1,2,1,0,2,0,0,0,1,0,0,0,0,0,1,0,72,194,191,112,21,0,0,0,1,0,0,1,0,1,0,0,0,2,1,0,1,0,1,0,0,0,0,1,1,0,1,2,1,0,0,0,0,1,1,0,1,0,0,0,0,0,0,0,0,1,1,0,1,0,1,0,1,0,0,0,0,1,0,1,0,0,0,0,0,0,1,0,1,1,0,1,0,1,0,1,1,1,0,1,0,0,0,0,0,0,0,0,0,1,0,0,0,0,0,0,0,0,0,0,2,0,0,0,0,1,0,0,0,1,1,0,0,0,0,0,1,1,1,1,2,0,1
0,0,2,1,2,1,0,0,0,0,0,1,0,1,0,0,0,0,0,0,0,0,0,0,0,0,0,1,1,0,1,0,0,1,0,0,1,2,0,0,0,2,1,0,0,0,0,0,2,0,0,0,0,0,0,1,0,0,0,0,0,0,2,0,0,0,0,0,0,1,1,0,0,0,1,0,1,0,1,0,2,0,0,1,1,0,1,0,0,0,0,0,0,1,0,0,1,3,0,1,0,0,0,0,0,0,0,0,0,0,0,0,0,0,1,0,1,16,76,78,142,163,166,198,149,40,2,0,2,0,0,0,0,0,0,0,0,1,0,0,0,0,0,0,1,220,254,253,253,255,253,254,254,250,138,0,0,0,0,0,0,0,0,0,1,0,2,0,0,0,1,0,2,210,255,254,254,254,254,226,206,245,163,1,0,0,0,0,0,0,0,1,0,0,1,0,0,1,0,0,0,23,116,92,39,41,40,17,6,218,245,35,0,0,1,0,0,0,0,0,1,0,0,0,0,0,0,0,0,0,0,0,0,0,0,0,116,252,255,149,9,0,2,0,0,0,0,0,0,1,0,0,1,0,0,2,0,0,0,0,0,1,0,1,131,255,255,254,183,11,0,1,1,1,1,0,3,2,0,0,0,0,0,2,2,0,1,1,1,1,1,0,15,134,253,253,254,211,40,0,1,0,0,1,0,0,2,0,0,1,0,0,0,0,0,1,1,1,0,2,0,2,3,37,176,253,236,49,0,1,0,0,2,0,0,0,0,0,0,1,2,2,0,0,1,1,0,0,0,0,0,0,5,173,252,207,1,2,0,1,0,2,1,1,0,0,0,1,0,2,0,0,0,0,1,0,0,1,0,0,0,32,227,235,27,0,2,2,0,0,0,0,1,1,2,0,0,0,2,0,0,2,1,0,0,0,0,0,0,0,102,253,93,2,0,2,0,0,0,1,0,0,0,0,0,1,1,1,0,0,0,0,0,0,1,0,1,0,52,255,143,1,1,0,0,0,0,0,2,0,0,0,1,0,0,0,0,0,1,0,1,0,0,0,0,1,54,253,228,0,0,1,0,2,0,1,0,0,0,0,0,0,0,1,0,0,0,0,1,0,1,0,1,0,54,254,200,0,0,1,0,1,1,1,3,0,1,0,0,0,1,2,1,23,0,0,0,0,1,0,0,0,111,254,137,1,0,0,0,1,0,0,0,0,0,1,2,0,0,0,61,241,176,60,6,0,0,2,0,37,238,254,86,0,0,0,0,0,2,0,1,0,0,0,0,0,0,0,54,253,255,255,225,210,131,99,129,193,253,232,24,1,1,0,0,1,1,0,0,0,0,2,2,0,0,0,1,180,255,255,253,255,254,255,254,255,247,131,0,0,0,0,0,0,0,0,0,0,0,0,0,0,0,0,0,22,208,248,254,255,254,254,253,254,165,1,0,0,1,1,0,1,1,0,0,0,2,1,0,0,0,0,0,0,0,44,93,167,164,198,254,175,33,1,3,0,2,1,0,0,0,1,0,0,0,1,0,0,0,1,1,0,1,1,0,0,0,1,0,0,1,1,1,3,0,0,0,0,1,0,0,0,1,0,0,0,1,1,0,0,0,2,0,0,0,0,1,1,0,1,0,0,0,0,0,0,1,0,2,1,0,1,1,0,0,1,0,0,1,0,0,0,0,1,3,0,2,0,0,0,0,1,0,0,0,0,1,1,0,1,0,0,1,0,0,0,0,1,0,0,0,1,0,2,0,0,0,0,1,0,0,1,0,2
0,0,0,1,0,0,0,1,2,1,0,0,1,0,1,0,0,0,0,1,0,0,0,1,2,0,0,0,1,2,0,0,0,0,0,3,0,0,0,0,0,0,0,0,0,0,1,0,0,0,0,0,0,0,2,0,1,0,1,1,0,2,1,0,0,0,2,2,1,0,0,0,1,2,0,0,0,0,0,0,0,0,0,0,0,1,0,0,0,0,0,0,2,0,0,0,1,1,1,0,0,0,0,0,1,0,0,0,1,0,0,0,1,1,0,2,0,1,0,0,0,0,0,0,0,1,0,3,0,0,0,0,0,0,0,0,0,0,1,0,0,0,2,1,1,0,0,0,0,1,1,0,0,1,14,166,196,0,0,1,2,1,0,0,0,0,0,0,0,0,0,0,0,0,0,0,0,0,0,1,1,1,97,254,142,2,0,0,0,1,0,0,0,0,0,0,0,0,0,0,0,0,0,1,0,1,1,0,0,1,120,232,20,2,0,0,0,0,0,0,0,0,0,2,0,0,1,0,0,0,0,0,0,1,0,1,0,50,237,252,48,2,0,0,0,0,1,1,0,1,0,0,0,0,0,1,0,1,0,1,1,1,0,2,57,221,254,253,52,0,0,1,0,0,1,1,0,0,0,0,0,1,1,2,0,0,0,1,1,0,1,72,241,243,144,254,50,0,0,0,0,0,0,0,0,0,0,0,0,0,0,0,1,0,2,0,1,1,31,233,223,46,40,252,52,0,0,0,2,0,0,0,0,0,1,0,1,1,1,0,1,0,0,0,1,52,232,207,26,1,38,253,128,1,0,0,0,0,0,0,0,0,0,0,0,0,0,0,0,2,0,1,13,226,210,26,0,0,19,228,135,0,2,0,2,0,0,0,0,0,0,0,0,0,0,0,1,0,0,0,154,243,34,1,0,1,0,208,211,0,0,0,0,0,1,0,2,2,0,0,0,0,2,1,1,1,0,1,240,203,42,41,41,41,53,231,229,10,1,0,0,0,2,1,0,0,0,0,0,1,0,0,0,1,0,0,227,253,255,255,254,253,254,254,255,219,206,165,0,0,0,1,0,0,0,1,0,0,0,1,0,0,1,2,30,130,89,51,54,52,112,252,200,137,137,98,0,1,0,1,0,0,0,1,1,0,0,1,0,0,1,0,0,0,0,0,0,1,39,254,137,2,1,0,1,2,1,0,0,0,3,0,0,0,0,2,1,0,0,0,1,1,0,0,0,2,42,255,138,1,1,0,0,0,0,0,0,0,0,1,1,0,0,0,0,0,1,0,0,0,0,2,0,1,41,255,135,1,0,0,1,0,0,0,0,0,0,0,0,0,1,1,0,1,2,0,1,1,0,1,1,0,39,254,139,1,0,1,1,2,0,1,0,1,0,2,0,0,0,0,0,0,0,1,0,1,0,0,0,1,38,254,136,0,0,2,0,0,1,0,0,0,0,0,0,1,1,0,1,0,0,0,1,1,0,0,2,1,41,255,78,0,2,0,0,0,0,0,0,1,1,0,0,1,2,0,0,0,1,0,1,1,0,2,0,1,27,225,35,0,0,0,0,2,1,1,1,2,0,0,0,0,0,0,0,0,1,1,1,0,0,0,0,2,1,0,0,0,0,0,1,1,1,0,1,0,0,0,0,0,0,1,0,0,1,0,2,0,1,1,2,0,0,0,0,1,0,1,0,0,0,1,1,0,0,1,1,0,0,0,0,0,0,0,0,0,0,0,0,0,0,0,1,0,1,3,0,0,1,0,1,0,0,0
1,1,1,0,1,1,0,0,1,1,1,0,0,0,0,0,1,0,0,0,1,1,1,0,0,0,0,1,0,2,0,0,0,1,1,0,0,0,1,1,1,0,0,0,0,0,0,1,0,0,1,1,0,0,0,0,0,1,0,0,0,0,0,1,0,0,0,0,0,1,2,0,2,0,2,0,0,0,0,0,1,3,0,1,0,1,0,0,1,0,0,0,0,0,0,0,1,0,0,0,0,0,1,0,0,0,0,0,0,0,0,1,0,1,0,0,0,0,0,2,0,13,232,206,0,0,0,1,0,0,0,2,0,0,1,0,1,0,1,0,1,0,0,0,1,1,0,0,0,82,254,204,0,0,1,0,1,0,0,0,1,1,0,0,0,0,0,0,0,2,0,0,2,0,0,0,0,178,254,205,0,0,0,0,0,0,0,1,0,0,0,0,0,0,0,0,0,0,0,0,0,0,0,0,1,192,255,203,1,1,1,2,0,2,0,1,1,2,1,1,0,1,1,0,0,0,0,0,1,0,1,0,34,239,253,206,1,0,0,0,7,83,169,178,25,0,0,1,1,0,1,0,0,0,1,0,0,0,1,0,49,254,254,205,0,2,0,1,26,253,254,254,128,2,0,0,0,0,1,1,2,0,1,0,0,1,2,1,151,255,254,204,0,0,0,17,202,253,253,233,80,0,1,0,1,2,0,0,0,0,2,1,0,0,1,0,152,255,253,161,0,2,0,93,253,255,180,116,21,3,0,1,0,0,0,0,1,0,1,1,1,0,0,0,51,254,253,206,0,1,0,148,255,252,57,9,0,1,1,0,1,1,1,0,0,2,0,0,0,1,0,1,33,242,253,215,12,0,34,236,255,243,38,0,2,2,1,1,1,0,0,0,0,0,1,0,0,0,1,0,0,191,254,254,174,8,140,255,255,195,0,0,0,2,1,1,0,0,0,0,0,0,0,1,0,0,0,0,1,47,231,252,253,139,210,254,255,200,7,0,0,0,0,0,0,2,0,0,0,0,1,1,0,0,0,0,0,1,96,255,254,255,254,252,254,191,16,0,0,1,1,0,2,3,0,0,0,0,0,0,0,2,1,0,0,2,3,116,191,255,254,254,237,17,1,0,0,0,0,0,1,2,0,0,1,1,0,1,0,0,0,0,1,0,1,0,3,131,255,255,174,0,1,0,1,0,0,2,1,1,0,0,1,0,0,1,1,0,1,0,0,3,2,0,0,50,255,252,126,0,0,1,0,0,0,2,0,0,0,0,1,0,0,0,0,0,0,0,0,0,0,0,0,15,255,254,215,0,0,0,0,0,0,0,0,1,0,0,0,0,1,2,0,1,2,0,1,1,0,2,3,8,204,254,247,117,33,32,25,0,0,2,1,1,0,0,0,0,0,1,1,1,0,0,0,0,0,0,2,1,133,252,254,252,254,253,236,29,0,0,0,0,0,0,0,0,0,0,2,0,1,0,0,2,1,2,0,1,9,117,254,254,254,255,152,5,0,0,0,2,0,0,0,0,0,0,0,0,0,1,1,0,1,0,2,1,1,1,1,2,0,0,0,1,0,0,0,1,0,0,0,0,0,1,1,0,0,1,0,0,0,0,0,0,0,1,0,0,0,0,0,1,2,1,0,0,1,2,0,0,1,0,0,0,0,0,1,1,0,1,1,0,0,1,0,0,1,0,1,1,1,1,0,0,0,0,1,0,0,0,0,0,0,0,2,1,0,1,1,0,0,0,0,0,0,1,2,0,1,2,0,0,0,0
0,0,1,1,0,0,0,2,0,1,2,0,0,0,1,0,1,0,1,1,0,1,1,1,1,0,0,0,0,0,0,0,0,0,0,1,0,0,0,0,1,0,1,0,1,0,0,2,0,1,1,0,1,1,0,0,0,0,1,0,1,1,1,0,1,0,0,0,1,0,0,2,0,1,15,143,176,154,1,0,0,0,1,0,2,0,0,2,1,0,0,1,1,0,1,0,0,0,1,1,0,19,193,254,255,120,1,0,0,1,0,0,0,0,1,0,0,0,0,0,0,0,0,0,0,0,0,1,60,195,254,192,69,6,2,0,0,0,1,0,0,2,3,0,0,0,0,0,0,0,0,0,0,0,0,76,205,244,170,6,0,1,1,0,1,0,0,0,0,0,0,1,0,1,0,1,0,0,2,0,1,1,77,241,213,87,2,1,1,0,0,2,0,0,0,1,2,0,0,1,0,0,0,0,0,0,0,0,1,71,246,206,68,0,0,0,0,1,1,0,0,1,0,0,0,0,0,1,1,0,1,1,0,0,2,1,75,247,242,44,0,0,1,3,0,1,0,2,0,0,0,0,1,0,1,0,0,0,0,0,0,2,3,74,241,249,87,1,0,0,0,0,1,0,1,0,0,2,0,2,0,0,1,1,0,0,0,1,0,0,117,246,250,86,0,1,0,0,0,0,0,0,0,0,0,0,0,0,1,0,0,0,2,0,1,1,3,16,235,244,85,0,0,0,0,0,1,0,0,0,0,0,0,1,0,0,0,0,0,0,0,0,0,0,16,190,255,121,0,0,1,0,0,0,1,0,0,0,2,0,1,0,1,0,0,0,2,0,0,1,0,9,111,254,181,6,0,0,1,0,0,1,19,23,23,4,0,0,0,0,0,2,1,0,0,0,2,1,0,115,255,254,25,0,0,0,1,93,163,169,238,253,251,183,100,0,0,0,0,1,0,0,1,0,0,1,0,201,254,255,28,18,134,206,207,243,204,222,255,253,254,253,221,0,1,0,0,0,0,0,2,0,0,0,8,227,254,255,94,220,143,114,9,9,6,6,12,186,254,252,223,2,0,1,0,1,1,0,2,1,0,0,76,255,253,253,62,0,0,0,0,0,0,1,1,137,255,255,192,0,1,0,0,1,0,0,2,0,0,0,77,254,255,254,161,0,0,0,0,1,0,2,84,230,254,212,20,0,2,0,0,0,0,1,1,0,1,0,1,208,254,255,254,184,140,43,34,33,135,212,253,252,194,67,0,2,0,1,0,0,1,0,1,1,0,0,0,80,225,254,253,255,254,254,255,254,253,237,184,72,0,1,0,0,0,0,1,1,0,0,0,0,0,0,0,0,40,146,241,253,217,239,146,61,84,27,1,1,1,0,0,2,0,0,1,0,0,1,0,0,0,0,0,1,0,2,0,0,0,1,0,0,0,0,1,1,0,0,2,0,0,0,0,0,0,2,0,0,0,0,2,0,0,0,0,0,0,0,0,0,0,1,0,1,0,0,1,0,0,0,1,0,1,0,0,0,1,0,0,0,0,0,1,1,2,0,3,0,0,0,0,0,0,0,0,0,0,0,0,0,0,0,0,0,0,0,0,0,2,0,2,0,0,0,0,2,0,0,0,0,0,1,1,1,0,0,0,0,1,0,1,0,0,0,0,0,0,0,1,1,0,0,0,0,0,0,0,1,2,1,1,0,0,0,1,0,0,0,2,0,1,0,0,0,1,0,0,0,1,0,0,0,0,0,1,1,1,0,0,0,1,0,0,0
1,0,0,0,0,0,0,0,0,0,0,0,0,1,1,0,0,0,0,0,1,0,1,1,0,0,1,0,0,1,0,0,1,0,0,0,0,0,0,0,1,3,2,0,0,1,0,0,0,0,0,1,0,0,0,2,0,1,0,0,0,0,0,0,0,2,0,1,0,1,0,0,2,1,0,0,0,0,0,0,0,0,0,1,0,0,1,0,0,1,0,0,0,0,0,0,1,2,0,0,0,0,2,1,0,0,0,0,1,0,0,0,0,0,1,0,1,0,0,0,0,1,0,0,0,0,0,0,0,0,0,0,0,2,1,1,0,1,0,0,0,0,0,0,0,0,0,1,0,0,161,140,125,126,25,64,65,88,124,146,169,138,255,173,0,0,0,1,2,0,0,0,0,1,0,0,1,48,240,252,254,253,249,250,251,252,255,252,253,252,253,253,114,2,0,0,0,1,0,1,0,0,0,0,0,161,251,252,253,254,253,253,255,255,251,253,252,255,255,253,182,0,0,0,0,0,1,0,1,0,0,0,0,236,253,253,253,253,253,198,251,255,235,150,149,148,139,20,10,1,0,1,1,1,0,0,0,1,1,0,0,234,255,253,177,23,27,14,27,26,22,0,0,0,0,0,0,0,0,2,0,0,0,0,0,1,1,1,98,251,252,254,53,0,1,0,0,1,0,0,0,0,1,0,0,0,0,1,0,0,0,0,0,0,0,0,154,253,252,254,39,1,0,0,2,0,1,0,0,0,2,0,2,1,0,0,1,0,0,0,1,1,0,0,243,253,252,251,173,54,0,1,1,0,0,2,1,3,0,0,0,1,0,1,0,0,0,0,0,1,0,0,107,249,253,251,252,237,165,16,0,0,0,0,0,0,2,1,0,0,1,0,0,0,0,0,0,0,1,0,0,54,176,188,243,254,253,208,99,20,1,1,0,0,1,0,0,1,0,0,0,0,0,0,0,1,0,0,0,2,0,0,55,170,241,252,252,180,17,1,0,0,1,0,0,1,0,2,0,1,0,1,0,0,2,0,1,1,0,1,0,1,56,170,240,255,203,61,0,0,0,1,0,0,1,1,0,0,0,0,0,0,0,0,0,3,2,0,2,0,1,0,98,255,254,172,1,0,2,0,0,1,0,0,1,2,0,0,0,1,0,1,0,0,0,0,2,0,0,0,59,253,251,213,0,1,0,1,0,0,0,0,0,0,0,0,0,0,0,160,107,4,0,1,0,1,0,0,77,251,252,215,1,1,1,0,0,0,1,0,1,0,0,0,0,0,1,247,254,112,18,0,0,0,1,21,195,251,252,215,0,1,0,0,0,1,1,0,3,0,0,0,0,0,1,171,253,253,214,149,107,126,152,229,254,252,251,198,1,0,0,0,0,0,0,0,0,0,0,0,0,1,0,51,240,255,253,253,251,253,253,255,254,252,200,0,0,0,0,0,0,0,1,0,0,0,0,0,0,0,1,0,51,237,252,252,253,252,251,252,252,221,35,2,0,1,0,1,1,0,0,0,1,0,0,1,0,0,1,0,0,0,159,183,253,254,253,221,95,0,0,1,2,0,1,3,1,1,0,0,0,1,1,0,0,1,0,0,1,0,0,0,0,0,0,0,0,0,2,0,1,0,0,0,1,1,1,0,0,0,0,0,1,0,0,1,1,0,0,0,0,2,0,0,1,0,1,1,1,0,1,0,1,1,0,0,1,0,2,0,1,0,0,0,1,1,1,0,1,0,2,0,2,0,3,0,0,1,0,0,0,0,3,0
2,0,0,0,0,0,1,0,0,2,0,0,2,0,0,0,0,1,0,0,0,1,0,0,0,0,0,0,0,0,0,0,0,0,0,0,1,0,1,0,0,0,1,0,1,0,0,0,0,2,1,1,1,0,0,1,1,0,1,0,0,1,0,1,0,1,0,1,1,0,1,0,0,0,1,0,0,0,0,0,0,1,0,2,1,1,2,0,0,0,0,1,0,1,1,2,1,0,0,1,2,0,1,0,0,0,0,1,0,0,1,0,0,1,0,1,0,1,0,0,0,0,0,0,0,0,1,0,2,0,1,0,1,0,2,1,0,0,0,0,0,0,1,0,1,1,2,0,1,0,0,1,0,0,0,0,0,0,0,0,0,0,0,0,0,0,0,0,1,0,0,1,0,0,46,234,132,0,0,0,2,0,1,0,0,0,93,175,21,0,1,0,2,1,0,0,0,0,1,2,1,0,141,254,209,34,1,1,0,1,1,0,0,0,212,255,169,0,0,0,0,0,0,2,0,0,0,1,0,17,168,255,225,41,1,0,0,0,0,1,0,33,222,255,237,0,0,0,0,0,0,0,1,0,0,2,1,63,253,253,131,0,0,2,0,1,0,0,1,132,255,253,237,0,1,1,0,2,0,0,0,0,0,0,0,214,254,254,132,0,0,0,0,0,0,0,46,239,252,254,207,1,0,0,1,0,1,0,0,0,0,0,1,238,254,255,130,0,1,2,0,0,0,0,55,254,255,255,62,1,1,0,0,0,1,2,1,0,1,1,127,252,255,220,27,1,2,0,1,0,1,0,54,254,253,253,62,0,0,0,0,1,0,0,0,0,0,1,161,253,253,230,55,1,0,0,0,0,2,0,54,253,254,254,60,0,0,0,0,0,2,0,3,1,1,0,43,237,255,254,221,185,185,186,186,185,183,186,201,253,255,254,188,7,0,2,0,0,0,0,1,0,1,1,3,42,216,255,253,254,255,254,255,254,253,255,253,255,254,255,255,158,1,0,1,1,0,0,0,0,0,0,0,0,49,117,254,255,252,254,254,254,254,255,253,253,253,253,245,54,1,1,2,1,0,1,0,0,0,1,1,0,0,2,8,149,111,8,68,184,183,185,246,254,253,143,6,0,0,0,1,0,1,0,1,0,0,0,0,0,2,0,1,0,0,0,0,0,0,1,231,254,234,59,1,0,0,2,0,0,0,0,0,0,0,0,0,0,0,0,2,0,0,1,0,2,0,1,229,252,218,0,0,0,0,3,0,0,3,1,0,0,0,1,0,0,0,1,0,0,0,1,2,1,0,1,229,254,218,0,0,0,0,0,0,0,0,0,0,0,1,0,2,1,3,1,0,1,2,0,0,1,0,129,251,255,219,0,0,1,0,0,0,0,0,0,1,0,1,0,0,1,0,0,2,1,0,0,0,0,1,150,253,253,138,0,0,3,1,0,0,0,1,0,0,0,0,2,0,1,0,0,0,1,0,0,0,0,1,149,253,255,41,0,0,0,1,0,1,2,1,1,1,0,0,0,0,1,0,0,1,0,0,0,0,0,1,150,255,254,42,1,0,0,0,1,2,0,0,2,1,0,0,0,0,2,0,1,0,0,0,1,0,1,0,45,199,78,13,0,1,1,0,0,0,0,0,0,2,0,0,1,0,1,1,0,0,0,1,0,0,1,0,1,2,0,0,0,0,0,0,1,0,2,0,0,1,0,0,2,1,0,2,0,0,0,0,1,0,0,3,0,0,0,0,0,0,1,1,0,0,2,0,0
0,0,1,1,0,1,0,0,0,0,0,0,0,1,1,0,1,1,1,0,0,1,0,1,0,0,1,0,0,0,0,0,1,0,1,0,0,0,0,0,0,0,0,0,1,0,2,1,0,0,0,0,0,0,0,0,0,0,0,1,0,0,0,0,2,2,1,0,0,1,1,0,0,0,0,0,0,1,0,0,0,0,0,0,0,1,1,0,0,2,0,0,0,99,237,211,1,0,0,2,0,2,1,1,0,2,0,2,1,0,0,1,1,0,1,0,1,0,0,0,2,170,252,129,0,0,0,0,0,0,2,0,1,0,0,0,1,0,0,0,0,1,0,0,1,0,0,0,0,160,252,115,1,0,0,1,1,1,0,0,0,0,1,1,0,0,0,2,0,2,0,0,0,1,0,1,0,64,253,210,0,2,0,1,0,1,1,1,0,0,0,0,0,0,0,0,0,1,0,0,0,0,0,0,0,63,252,168,1,0,2,0,0,0,0,0,0,0,0,1,1,1,0,1,1,1,0,1,0,0,0,0,0,127,251,90,1,0,0,0,1,1,0,0,0,0,0,1,0,0,0,0,1,2,0,0,0,1,0,0,2,166,251,1,0,0,0,0,1,1,0,0,1,0,0,1,0,0,0,1,0,2,0,0,1,0,2,2,18,238,251,0,0,0,2,0,0,11,29,102,22,2,0,0,0,0,0,0,1,0,0,0,1,0,0,0,5,189,252,0,0,0,0,0,39,170,251,252,251,110,17,1,0,1,0,0,1,0,1,0,3,2,1,0,23,253,254,1,1,0,3,0,236,252,252,226,191,253,64,0,2,0,0,0,0,1,2,0,0,1,1,1,0,171,253,63,1,0,0,124,255,223,61,2,1,255,169,0,1,0,0,0,0,1,0,0,0,0,0,0,0,169,252,106,1,2,48,242,251,63,2,0,79,254,88,0,0,0,0,0,1,1,0,0,0,0,1,1,0,73,254,203,0,10,202,251,154,4,1,8,206,214,5,0,2,0,0,0,0,0,1,0,0,0,0,0,0,64,252,239,41,94,251,228,1,0,6,112,253,117,1,0,0,0,1,2,1,0,0,1,0,0,0,1,0,10,216,254,185,223,255,104,0,80,204,251,253,0,1,0,0,0,1,0,0,0,0,1,1,0,0,0,2,0,45,255,253,253,254,252,254,253,253,202,64,0,1,0,0,2,2,2,2,0,0,0,1,0,0,0,0,2,0,139,251,253,255,250,254,223,116,22,0,0,1,1,0,0,1,1,0,0,1,1,1,0,0,0,1,0,0,43,252,252,133,22,21,14,0,1,1,1,0,0,0,0,1,2,1,0,2,0,0,1,0,0,1,1,1,44,251,245,142,65,0,2,0,0,0,0,0,0,0,2,1,0,0,0,0,0,2,0,0,0,0,1,0,6,156,252,226,102,0,0,0,1,0,1,0,0,2,0,0,1,0,0,0,2,0,0,0,2,0,2,0,0,0,0,0,0,0,0,0,0,2,0,0,0,0,0,1,1,0,0,0,0,0,1,0,0,0,0,1,2,0,0,1,0,1,0,1,1,0,0,0,0,2,1,0,0,2,1,0,0,1,0,1,0,0,0,0,0,1,1,0,0,1,0,0,0,2,1,0,0,0,1,0,0,0,2,0,1,1,0,0,0,0,0,0,0,0,0,1,0,1,0,0,0,0,1,0,0,0,1,2,1,0,1,0,2,0,0,0,0,1,1,0,2,0,2,0,0,1,2,0,0,0,1,0,1,1,0,0,0
0,0,0,0,0,1,0,0,0,0,0,0,1,0,0,0,0,0,0,0,0,0,0,0,1,1,0,0,2,0,0,1,0,2,0,1,0,0,0,1,0,1,0,1,0,0,1,0,1,1,0,0,2,0,0,1,0,0,0,0,1,1,1,0,0,0,1,2,1,0,2,0,0,0,0,1,1,2,1,0,1,1,1,1,1,2,0,0,0,0,0,0,1,0,0,0,0,0,0,2,0,0,0,1,1,0,0,0,0,0,1,0,0,0,0,0,2,0,2,0,1,0,0,3,35,35,130,144,173,162,83,0,0,1,1,0,0,0,0,0,0,0,1,2,1,0,2,0,46,177,177,182,253,252,254,253,253,252,230,0,0,0,0,1,0,1,2,0,0,0,0,1,0,1,0,0,224,251,255,254,253,253,254,255,251,253,189,0,0,0,2,1,0,1,0,0,0,2,0,0,0,0,0,0,243,252,246,184,211,122,120,108,88,30,5,0,0,2,1,1,2,0,0,1,0,0,0,0,1,2,1,1,242,255,167,1,0,0,0,1,0,0,0,0,1,0,0,1,0,0,0,0,0,3,0,2,0,0,0,0,242,253,166,1,0,0,0,2,0,0,1,0,1,0,0,0,0,0,1,0,0,1,0,2,2,0,2,6,245,254,166,0,0,2,3,2,1,1,1,0,0,1,0,1,0,0,0,0,0,0,0,0,1,0,0,101,250,252,179,45,47,78,106,46,45,9,1,0,2,0,0,0,0,1,0,0,0,0,0,1,1,0,2,100,253,254,254,254,253,252,254,255,254,199,130,27,0,0,0,0,1,1,0,0,1,0,1,0,0,0,1,13,244,252,252,254,252,254,254,254,252,252,252,232,134,11,0,0,0,0,0,0,1,0,1,0,0,0,0,2,107,112,110,110,110,110,112,111,111,202,253,255,255,99,2,0,0,0,0,0,0,0,1,1,0,0,0,0,1,0,0,1,0,0,0,1,1,0,84,231,253,242,0,0,0,0,1,0,0,0,2,0,0,0,0,0,0,1,1,1,1,0,0,0,0,0,0,119,253,241,1,0,0,0,0,0,0,1,0,0,1,0,2,1,0,0,1,0,0,0,0,0,2,1,0,166,253,245,44,0,1,1,1,2,0,1,0,1,0,0,1,0,1,37,56,4,1,0,1,1,1,2,0,95,253,249,66,0,0,0,0,0,0,0,0,1,2,0,0,1,57,236,254,22,1,0,0,1,1,1,7,174,254,251,66,0,0,0,0,1,0,2,0,0,2,0,0,2,133,251,254,79,7,1,0,1,0,5,129,253,254,189,0,1,1,0,0,0,0,0,0,2,0,0,1,1,114,253,254,252,194,155,155,44,123,193,253,251,237,108,1,1,2,0,0,0,0,0,0,0,0,0,0,0,5,108,253,254,253,251,252,254,252,253,248,177,67,0,0,1,1,0,0,0,1,0,1,0,0,0,1,2,0,9,71,144,209,252,253,254,176,141,129,0,0,2,1,0,0,1,1,0,0,0,0,0,0,0,1,0,0,3,0,1,0,0,0,0,2,0,1,0,0,2,1,2,1,1,1,0,0,0,0,0,1,1,0,0,0,1,0,1,1,0,0,0,0,1,0,1,0,0,1,0,0,0,0,0,0,0,1,0,0,0,1,1,0,1,1,1,0,1,1,0,0,0,1,0,0,1,0,0,0,0,0,0,0,1,0,0,0,0,1,1,1,0,0,2,1,0,0,1,0,0,1,0,2,0,0,0,0,0,0,0
1,1,1,0,0,0,0,2,0,0,0,0,2,0,1,0,1,2,0,1,0,0,1,1,1,1,0,0,0,1,0,0,0,0,0,1,0,1,0,0,0,0,1,0,0,0,1,2,0,0,0,0,1,0,0,1,0,1,0,1,1,1,1,0,0,0,0,2,0,0,0,0,0,1,1,1,0,0,0,2,1,1,0,0,1,0,1,0,0,0,0,0,0,0,0,0,0,2,0,0,0,0,0,0,0,0,0,0,1,0,0,0,0,1,0,2,0,0,0,0,1,0,0,0,0,0,0,0,0,0,2,0,0,0,0,0,0,2,0,3,1,0,0,0,0,1,0,1,0,0,2,1,203,243,61,0,0,0,0,0,1,0,0,1,0,0,0,1,0,1,0,1,0,0,1,1,0,0,0,31,252,253,180,0,0,1,24,92,93,70,0,0,0,0,0,0,0,0,0,0,0,1,0,0,0,0,1,31,255,224,15,0,1,20,212,255,251,253,66,0,0,0,0,0,1,0,0,0,0,0,0,0,1,1,0,90,255,130,0,0,0,147,249,117,71,72,2,0,0,0,0,1,0,1,0,0,0,0,0,0,0,0,3,180,232,13,0,0,39,246,196,0,0,2,0,0,0,0,1,1,0,1,1,0,0,1,0,0,0,0,50,253,193,1,2,0,51,255,167,0,0,0,1,0,0,0,0,0,1,0,2,0,0,0,0,0,0,1,129,253,145,1,0,0,50,254,186,0,0,2,0,0,0,0,1,2,0,0,0,1,0,0,0,0,0,0,190,242,29,0,0,0,88,255,113,0,0,11,2,0,2,1,0,0,0,0,1,0,0,1,0,0,1,29,244,186,0,0,0,0,173,254,73,1,57,203,10,0,0,0,0,1,1,0,0,0,0,0,0,2,0,145,250,74,0,1,2,0,219,255,142,201,240,70,0,1,0,1,0,0,2,0,0,0,1,1,1,0,74,244,218,10,0,0,8,64,238,253,254,193,38,0,1,0,0,0,0,0,0,0,0,0,0,0,1,1,184,250,63,23,89,175,224,255,255,254,89,2,0,0,0,0,2,0,1,0,1,0,0,0,0,0,0,27,245,245,174,236,253,253,211,155,255,207,4,1,0,0,0,2,1,0,0,1,1,0,0,1,1,0,0,144,255,255,253,210,130,45,5,44,254,202,0,1,0,0,0,1,0,1,2,0,2,0,1,0,0,1,1,155,185,74,25,6,1,0,1,94,254,152,2,1,0,1,2,2,0,0,0,0,0,0,0,0,0,1,1,7,2,1,0,0,0,0,2,208,254,39,0,0,0,1,0,1,0,0,0,1,0,0,1,1,0,0,1,1,1,0,0,0,2,1,0,213,252,34,0,3,0,1,1,0,0,2,0,0,0,1,0,1,0,1,0,0,0,0,0,0,1,0,0,215,226,14,0,0,1,1,0,0,0,0,0,1,0,0,0,1,1,0,0,0,0,0,0,1,2,1,1,213,219,11,0,1,1,1,0,1,0,1,0,0,0,0,1,1,0,0,0,0,0,0,0,0,1,1,0,157,210,20,0,0,0,0,0,0,0,0,0,0,0,0,0,0,0,1,0,0,0,1,0,1,0,0,2,0,0,0,1,0,0,0,0,0,0,1,1,1,2,0,0,0,0,0,1,0,2,0,0,0,1,1,0,0,0,0,1,0,2,1,0,1,1,0,1,0,0,0,0,1,1,2,2,1,0,0,1,0,0,0,0,0,0,0,2,0,0,1,1,2,0,0,0,0
1,0,1,0,0,1,0,2,0,0,0,1,0,2,2,0,0,0,0,2,0,1,0,0,0,0,0,0,2,0,0,0,0,0,0,0,0,0,1,0,1,0,0,0,0,0,0,0,0,0,0,1,2,0,0,0,0,2,0,0,0,0,1,3,1,0,0,2,0,0,0,1,0,1,0,0,1,0,0,0,0,0,0,0,1,0,1,0,0,1,0,0,0,0,0,0,0,0,1,0,1,0,1,1,1,0,0,0,0,0,0,0,0,1,0,0,1,3,1,0,0,1,0,0,0,2,0,1,0,0,1,0,0,0,0,0,0,0,1,0,2,1,1,1,1,1,0,0,1,0,0,1,0,0,0,0,0,0,0,1,0,0,1,0,1,0,0,0,0,0,1,1,0,0,0,1,1,0,0,3,1,0,0,0,0,1,3,1,0,0,1,0,0,0,0,0,0,0,0,0,3,0,0,0,0,0,0,0,1,0,1,0,0,0,0,0,0,0,1,0,0,1,2,0,0,0,0,0,1,0,0,0,0,1,1,2,0,0,1,12,60,119,120,81,33,22,11,0,1,0,1,0,0,1,0,0,1,0,0,1,0,0,0,0,1,0,30,139,252,254,189,177,245,253,214,139,34,0,0,0,1,0,0,0,0,0,0,0,0,1,1,0,0,18,152,254,186,26,4,0,73,157,229,254,240,111,0,0,0,0,1,0,1,0,0,1,0,2,0,0,29,218,255,217,15,0,0,0,0,0,11,69,164,168,0,1,0,0,1,0,0,0,0,1,0,0,28,143,244,254,254,172,23,0,0,0,0,0,0,2,0,1,0,0,1,0,1,0,1,0,1,1,64,141,234,255,254,253,255,255,231,193,106,0,0,0,0,1,2,0,0,0,1,1,1,1,0,0,1,129,252,255,253,208,130,102,143,124,204,217,254,156,5,0,0,0,1,2,1,0,0,0,0,0,2,0,0,209,253,194,49,5,2,0,0,0,1,12,224,226,18,0,0,0,0,0,0,0,1,0,0,0,0,2,0,41,69,0,1,0,2,0,1,2,26,183,251,122,2,0,0,1,2,0,1,0,0,0,0,0,2,0,0,0,0,0,1,0,1,0,6,94,230,254,195,46,0,0,0,0,2,1,0,0,0,0,0,0,0,0,0,0,1,1,2,65,69,126,199,253,251,160,14,0,0,0,0,0,1,0,0,1,0,0,0,0,1,0,87,127,126,134,223,251,255,254,234,149,27,0,0,1,0,0,0,0,0,1,1,1,0,0,2,0,1,0,254,252,251,184,171,172,174,119,18,1,0,2,0,1,0,0,0,1,0,1,1,0,1,1,1,0,1,2,60,21,20,3,0,0,0,2,0,0,0,1,0,0,0,1,2,0,0,2,1,0,0,2,1,0,0,1,1,0,1,1,0,0,0,1,0,0,0,1,1,0,1,0,1,1,0,3,0,0,0,1,0,0,0,1,1,0,1,0,0,1,0,0,0,0,0,0,0,0,1,0,1,1,0,1,1,0,0,1,0,0,2,0,1,0,0,0,0,0,0,2,0,1,0,0,0,0,0,0,0,1,0,0,0,0,0,1,0,1,0,1,1,1,1,0,0,1,0,0,1,1,0,0,3,1,1,1,0,1,1,1,0,0,0,0,0,0,1,0,0,0,0,1,0,0,1,0,0,1,0,1,0,1,0,0,1,0,0,0,1,0,0,0,1,1,0,0,0,0,0,1,0,0,0,0,0,1,0,0,1,0,0,0,1,0,0,1,0,0
0,1,0,1,0,0,0,0,1,1,0,1,1,1,0,0,0,0,1,0,0,0,0,0,0,0,0,0,2,0,0,0,0,0,1,2,2,0,1,0,2,0,2,1,0,2,0,0,0,2,1,0,0,0,1,0,0,0,1,2,1,0,0,0,1,1,1,0,0,1,1,0,1,0,0,0,1,0,0,0,0,1,0,0,1,0,0,0,0,0,0,0,0,0,1,0,0,0,0,1,0,1,1,0,0,1,0,0,1,1,0,0,0,0,1,0,0,1,0,1,0,1,0,1,14,156,171,31,1,1,0,1,0,1,0,0,0,0,0,0,0,0,0,0,1,0,1,0,0,0,0,0,80,254,253,60,0,0,0,1,0,2,1,0,0,0,0,0,1,0,1,0,0,0,1,0,1,0,0,0,104,255,253,59,0,0,0,1,0,4,0,0,0,0,0,0,2,0,0,0,0,0,0,0,1,0,0,0,141,254,253,59,0,1,0,0,1,1,1,2,0,0,0,0,2,0,0,0,1,0,0,0,0,0,0,0,141,254,254,101,2,1,0,1,0,0,0,0,1,0,0,1,0,0,0,0,0,0,0,0,0,0,0,0,38,253,254,178,1,0,0,1,0,0,0,0,1,1,0,0,0,0,0,0,0,0,0,1,0,1,1,1,83,254,255,176,0,0,1,1,0,0,0,1,1,0,0,0,1,0,1,0,0,0,0,1,0,2,1,0,131,255,255,177,0,0,0,0,0,0,0,1,0,0,1,0,0,1,0,0,0,0,1,2,0,0,1,0,23,255,254,157,0,0,0,1,2,0,0,0,3,0,0,1,1,0,0,0,0,0,0,0,2,0,0,0,25,254,255,59,0,0,0,0,1,0,0,0,0,0,2,0,0,0,0,0,1,0,0,1,2,0,0,0,24,254,251,59,0,0,0,0,0,0,0,2,2,2,0,0,0,1,1,0,0,0,0,0,0,0,0,0,25,255,255,57,1,2,1,0,1,0,1,0,1,0,0,0,0,0,2,1,0,0,0,0,0,0,0,0,25,254,255,113,0,0,0,1,1,0,0,0,1,0,0,0,0,0,0,0,0,1,0,1,0,1,0,0,25,255,255,177,1,0,0,0,2,0,0,0,2,1,0,1,0,1,0,0,0,1,0,0,0,0,0,0,94,254,254,222,23,0,1,1,0,0,0,0,1,0,0,0,0,0,0,1,1,0,0,1,1,1,0,1,66,254,254,218,90,11,0,3,0,0,0,2,0,0,0,0,0,0,0,1,0,2,0,0,0,1,0,1,80,253,255,254,159,0,1,2,0,0,0,0,1,0,1,0,0,0,1,0,0,0,1,2,3,0,0,0,19,222,254,254,236,17,0,0,1,0,0,0,1,1,0,0,0,0,1,0,0,0,0,0,1,0,1,0,1,115,253,254,169,15,0,0,0,0,1,0,0,1,0,0,0,0,0,0,0,1,2,0,0,0,0,0,0,44,254,182,3,0,0,0,1,1,1,1,0,1,1,2,1,0,0,1,0,0,0,0,0,2,0,1,0,0,1,0,0,0,1,0,0,0,0,0,1,1,1,3,1,0,0,0,1,0,0,0,0,0,0,0,0,0,0,1,0,2,1,0,0,0,1,0,0,0,0,0,1,1,0,1,0,0,1,1,0,0,1,0,0,0,0,0,0,0,1,0,1,0,1,0,0,0,1,1,0,0,0,1,0,0,0,0,1,0,0,0,2,0,0,0,0,0,3,1,0,0,1,0,0,0,0,0
0,0,0,0,1,0,0,0,0,0,0,0,1,1,0,0,0,0,0,0,0,0,0,1,0,1,0,0,0,0,0,0,0,0,0,0,0,1,2,0,0,0,2,0,0,0,0,0,1,1,0,0,1,0,0,1,0,1,1,0,0,0,1,0,0,1,0,1,0,0,0,0,0,0,1,0,2,1,0,0,0,2,0,0,1,1,0,0,0,0,0,0,0,0,1,0,1,1,0,2,0,0,0,1,0,1,0,0,0,1,0,1,1,0,0,0,0,2,0,0,0,0,0,1,0,1,0,0,0,1,1,0,1,1,2,0,0,1,0,0,0,0,0,0,0,0,1,2,0,1,1,0,0,0,0,0,21,199,41,2,2,0,0,0,0,0,0,1,1,0,1,0,0,0,0,0,0,39,165,20,0,0,1,0,88,253,61,0,0,0,0,1,0,1,1,2,0,0,0,0,0,0,0,0,0,86,255,86,0,1,0,0,142,253,60,1,0,0,0,1,2,0,2,1,0,1,1,1,0,1,1,2,0,169,255,63,1,0,0,0,202,255,61,0,1,0,0,1,1,0,0,0,0,0,1,1,1,0,0,2,1,212,235,20,0,1,0,0,181,251,81,1,0,2,0,0,0,1,0,0,1,0,2,1,1,0,1,0,0,168,242,24,0,0,1,0,116,254,145,2,1,1,1,0,0,2,0,0,0,0,0,0,0,0,0,0,38,245,198,2,0,0,1,0,119,255,148,1,0,0,0,0,0,1,1,2,1,0,0,0,0,1,0,0,142,254,152,0,27,54,52,47,134,255,147,0,1,0,1,0,0,0,0,2,0,2,0,0,0,0,1,1,152,254,187,211,240,255,253,248,248,254,162,0,0,3,0,0,0,0,0,1,0,0,0,0,1,0,0,0,225,253,252,254,233,167,197,217,253,255,251,99,0,0,0,2,0,0,0,0,2,1,0,0,0,0,1,1,239,255,232,123,22,0,0,33,253,253,253,151,0,0,0,0,0,0,0,1,0,0,1,0,1,1,0,0,96,133,31,0,0,0,1,105,254,243,170,129,0,0,0,0,1,0,0,0,0,0,0,0,0,1,0,0,0,0,1,0,0,0,0,122,255,189,0,1,0,0,1,0,1,1,0,0,0,1,2,1,0,0,1,0,0,0,0,0,1,1,0,129,255,140,0,0,0,0,0,0,1,0,0,1,1,1,1,0,0,0,0,0,0,0,0,0,0,0,0,208,253,142,0,0,0,1,0,0,0,0,0,0,0,0,2,1,1,0,1,0,0,0,2,2,1,1,0,207,255,78,3,0,1,1,0,0,0,1,0,1,0,0,1,0,0,0,0,0,2,1,0,0,2,0,16,227,254,55,0,0,1,0,0,1,0,0,0,1,2,0,0,0,1,0,0,0,0,1,1,0,0,0,74,253,254,89,1,1,0,1,0,1,1,1,0,0,0,0,1,0,0,0,1,0,0,0,0,2,0,0,125,255,253,111,1,0,1,0,1,1,0,1,1,0,2,1,2,0,0,0,0,0,1,0,1,0,0,0,24,241,202,16,0,0,0,0,0,0,0,0,0,0,0,2,0,1,0,0,0,1,0,1,1,0,1,0,1,0,1,0,0,0,0,0,0,1,1,0,0,1,2,0,0,0,0,0,0,0,0,0,0,0,1,0,0,1,0,0,0,0,0,0,0,0,2,1,0,0,0,0,0,0,0,2,0,1,1,1,0,0,1,0,0,0,0,0,1,2,0,0,0,1,0,0,0,0
0,0,0,0,0,0,1,0,0,0,1,0,0,0,0,0,0,0,2,0,0,1,1,0,0,0,0,0,0,0,0,1,0,0,0,0,2,2,2,0,0,1,2,0,0,1,0,0,0,0,0,0,0,0,0,0,0,1,1,0,0,2,0,0,1,1,0,1,0,0,0,0,0,1,2,1,0,0,1,1,1,0,0,0,0,2,0,0,1,0,0,0,0,0,1,0,2,1,1,1,0,0,0,0,0,0,0,0,0,1,1,1,0,0,0,0,0,1,1,1,1,0,0,0,2,0,0,0,0,0,0,0,0,0,0,0,1,0,0,1,2,1,2,0,2,0,0,0,1,1,2,0,0,0,0,2,1,12,216,55,0,1,0,0,1,0,0,1,0,0,2,0,0,0,0,0,1,0,3,55,0,0,1,0,1,128,254,55,0,1,1,0,0,2,0,0,1,1,1,0,1,0,1,0,0,0,146,244,98,0,0,0,0,241,206,8,0,0,0,0,0,0,0,0,0,2,0,0,0,1,0,2,0,1,233,251,117,2,0,0,95,252,91,0,0,1,0,1,0,0,0,0,1,1,0,0,0,1,0,2,0,22,237,252,64,0,0,0,99,243,50,0,1,0,0,0,0,0,1,0,0,0,1,0,0,0,0,0,20,191,251,219,16,1,0,0,98,250,89,0,0,0,0,0,0,1,1,0,0,1,0,0,0,0,2,0,54,251,252,110,0,0,0,0,100,251,88,0,0,0,0,0,1,1,0,0,1,0,0,0,0,0,0,0,57,251,246,40,0,1,0,0,100,237,34,0,1,0,0,0,2,1,0,0,2,0,0,1,0,0,0,1,56,253,239,1,2,0,0,1,100,247,65,1,0,0,0,0,0,0,0,0,0,2,0,0,0,1,0,1,55,252,249,153,112,110,113,111,164,250,87,2,0,0,0,0,0,0,0,0,1,1,0,1,0,1,1,0,1,126,251,254,254,253,255,253,255,251,77,0,1,1,0,0,1,0,0,0,2,0,0,0,0,0,0,0,1,1,69,144,186,186,187,187,241,229,0,0,0,1,2,0,0,0,1,0,0,1,0,0,2,2,0,0,0,0,2,0,1,0,0,4,120,230,0,0,0,0,0,0,1,0,0,2,0,0,0,0,0,0,0,0,0,0,1,0,0,1,0,2,158,242,47,0,0,0,1,0,1,0,0,0,0,0,1,0,0,1,1,0,0,0,2,0,0,0,0,1,210,252,88,0,0,1,0,0,0,0,0,0,0,0,0,1,1,0,0,2,2,0,1,0,0,2,0,0,210,253,88,0,0,0,0,0,0,2,0,0,0,0,1,0,1,0,0,0,1,0,2,0,0,0,0,0,155,232,14,0,1,0,0,0,0,0,0,0,0,0,0,2,1,0,0,0,2,0,0,1,0,0,2,1,100,253,107,0,0,0,0,0,0,0,0,0,0,3,0,0,0,1,0,0,0,0,0,0,1,0,0,0,68,251,199,0,0,0,1,0,0,1,2,1,1,0,1,0,0,0,1,0,2,0,0,0,1,0,0,1,0,194,244,48,0,0,0,0,1,0,0,0,0,2,1,1,1,0,2,0,0,0,1,0,0,0,0,0,0,0,0,2,0,0,0,0,0,0,0,0,1,0,0,0,1,0,0,2,0,0,1,0,1,1,1,0,2,0,0,1,1,0,0,0,0,2,1,0,1,0,0,0,0,0,0,0,0,0,0,1,0,0,0,0,1,1,0,1,0,0,2,0,0,0,0,1
0,0,0,0,2,0,0,0,0,1,1,0,0,0,0,0,0,1,0,1,0,0,0,0,0,1,0,2,2,0,1,1,0,1,1,0,0,0,1,2,0,0,0,1,0,1,0,0,0,0,0,0,0,0,0,1,1,1,0,0,1,0,0,0,0,0,0,0,0,0,0,0,1,0,0,0,0,1,0,0,0,1,0,0,0,0,0,1,1,2,0,1,1,0,0,1,0,0,0,1,0,0,0,0,2,0,1,1,1,0,0,0,0,0,0,0,0,0,0,0,2,1,0,1,0,0,1,0,0,0,2,0,1,0,0,1,0,0,0,1,0,1,0,1,0,0,0,0,0,0,0,0,0,0,1,2,0,0,1,1,0,0,1,0,1,0,0,0,1,0,0,1,1,0,0,2,1,0,93,253,203,133,133,66,13,10,0,0,2,0,0,0,0,1,0,0,1,0,0,0,3,0,1,0,0,0,203,252,252,252,253,253,252,230,146,110,18,1,1,1,1,0,0,0,0,0,0,2,2,0,1,2,0,0,130,252,250,252,255,250,251,252,252,252,219,111,4,0,0,0,1,0,0,0,0,0,1,1,0,0,0,0,85,252,252,254,251,252,251,250,253,250,252,252,24,0,3,0,0,0,0,2,0,1,0,1,1,1,0,0,25,72,180,220,255,251,250,251,253,251,251,252,24,1,0,1,0,0,0,0,0,0,1,0,0,0,0,0,0,0,2,30,59,60,105,212,252,252,253,252,24,0,0,0,0,0,2,0,0,0,0,0,2,1,1,0,0,1,0,1,1,9,188,254,253,251,253,133,5,0,0,0,2,0,1,1,0,0,0,0,0,0,0,0,0,1,0,1,13,220,251,252,250,252,180,5,0,2,0,0,1,0,0,0,0,0,0,0,0,0,2,0,0,1,0,53,174,253,253,254,253,219,39,0,0,1,0,0,1,0,0,0,0,0,0,0,0,1,0,0,0,0,55,241,254,252,253,252,252,66,1,0,0,2,2,0,0,0,0,0,0,0,1,0,0,1,1,0,0,58,241,252,254,253,254,229,35,2,1,1,2,1,0,0,0,0,0,1,2,0,0,0,1,0,0,0,49,237,252,253,254,250,249,127,0,0,1,1,0,0,0,0,1,1,1,0,0,1,0,0,0,1,0,27,166,255,252,252,253,253,199,1,0,0,1,0,0,4,0,0,0,0,0,1,1,0,1,0,0,0,42,235,250,253,251,252,252,212,32,0,0,0,0,1,0,0,1,0,0,0,1,0,1,1,0,1,0,64,199,252,252,253,251,253,215,30,0,1,1,0,0,0,1,1,0,0,0,0,0,0,0,0,1,0,63,233,253,251,253,252,253,127,27,1,0,0,0,1,1,1,2,0,0,2,1,0,1,0,0,1,0,8,190,251,253,253,251,221,59,4,0,0,2,0,0,0,2,0,0,0,1,0,2,1,1,0,0,0,2,15,217,253,251,253,219,40,0,1,0,0,0,2,0,1,0,0,1,0,0,2,0,1,0,0,0,0,0,0,157,251,252,170,98,1,0,1,0,1,0,1,0,0,0,1,1,0,0,0,1,0,0,0,1,0,0,0,82,211,253,119,1,2,0,1,0,1,1,0,1,1,0,0,1,0,1,0,0,1,1,0,1,1,1,0,0,0,0,0,0,0,0,0,0,0,0,1,0,0,0,0,0,0,0,1,0,1,0,0,0,0,1,1,0,0,0,0,0,1,0,1,0,0,0,0,1,1,1,0,1,1,1,1,0,0
0,0,0,0,0,1,1,0,0,0,1,1,2,0,1,0,0,1,0,0,0,0,1,0,0,0,0,0,0,0,0,2,2,0,0,1,1,0,1,2,1,1,1,0,1,0,1,0,0,0,0,1,1,0,2,0,0,0,0,0,0,0,0,0,0,1,0,0,0,0,0,2,0,0,0,0,0,1,1,0,1,0,2,0,1,0,1,0,0,0,1,0,0,0,0,0,1,0,0,0,0,0,0,0,0,0,1,0,0,0,0,0,0,2,0,1,0,1,1,0,1,0,0,1,28,155,254,163,226,255,253,252,210,83,0,0,0,0,0,1,0,0,0,0,2,0,0,0,2,86,136,154,255,254,253,254,253,254,253,253,253,253,25,2,1,0,0,2,0,0,0,1,0,2,1,8,151,253,253,254,254,238,236,236,237,139,156,252,253,255,24,0,0,0,0,0,0,0,0,0,0,0,0,11,251,229,228,212,107,33,0,0,2,9,157,252,254,183,10,1,0,0,0,0,0,0,0,0,0,0,1,5,93,0,1,0,0,0,0,0,23,156,252,255,181,12,1,1,0,1,0,0,1,1,0,1,0,0,0,0,1,1,0,0,1,0,0,10,201,252,253,178,14,0,0,1,0,0,0,0,0,0,0,0,0,0,0,1,0,0,0,0,2,0,39,189,251,240,169,15,0,2,0,0,0,0,0,0,0,0,0,1,0,0,1,0,1,1,0,1,1,61,193,253,238,144,1,0,0,0,1,0,0,1,2,0,1,1,0,1,1,0,0,0,0,0,0,1,11,191,253,241,84,0,0,1,0,0,0,0,1,0,0,0,0,0,0,0,0,0,0,0,0,0,0,28,199,254,239,84,0,0,1,0,0,0,0,0,0,0,0,0,1,0,0,0,2,1,1,1,1,0,57,202,252,239,85,0,1,0,0,0,1,0,0,0,0,0,1,0,0,1,1,1,0,0,0,0,7,87,231,253,240,82,3,1,0,0,0,1,0,0,0,0,0,1,0,0,2,0,0,0,0,0,0,6,93,254,253,224,39,0,1,1,0,2,0,0,1,0,0,0,1,0,0,0,0,0,0,3,0,0,0,116,253,251,200,82,1,1,1,1,0,0,0,0,1,0,3,0,0,0,1,0,0,2,0,1,1,1,52,237,251,244,62,0,2,0,0,1,1,0,1,1,1,2,38,147,217,218,0,0,1,1,1,0,0,0,179,253,246,79,1,0,0,0,0,0,0,0,0,1,85,210,236,254,206,32,0,0,0,0,1,0,0,0,255,255,235,0,0,0,0,1,24,107,108,202,229,232,250,252,157,95,12,1,0,0,0,0,0,0,1,1,255,251,243,112,113,112,195,236,241,252,253,254,255,160,98,17,1,0,0,0,0,0,0,1,0,1,0,0,77,253,251,252,253,252,253,253,253,252,162,136,36,0,1,0,0,1,1,0,0,1,0,0,1,2,0,0,1,74,139,253,253,253,232,128,101,5,2,1,1,0,2,0,0,0,2,2,0,1,1,0,0,1,0,0,0,0,0,0,0,0,0,0,1,0,0,0,2,0,0,0,1,1,0,0,0,0,0,0,0,1,1,0,0,0,0,0,0,0,0,0,0,2,0,1,0,1,1,0,0,1,0,0,0,0,2,0,0,0,1,0,0,0,0,1,0,1,0,1,0,0,1,2,0,0,0,0,0,0,0,0,0,1,2,0,0,1,0,2,1,1,0,1,1,0,0,1,0,1,0,0,2,0,0,0,1,1,0,0,0,0
2,0,0,0,0,0,0,1,0,0,0,0,0,0,0,1,0,1,0,2,0,1,0,0,1,0,0,0,0,0,0,0,2,0,0,1,0,0,0,0,0,0,1,1,0,0,0,0,0,1,0,1,0,0,0,1,2,0,0,0,0,0,0,1,2,0,1,0,0,1,1,0,0,0,0,1,0,0,0,1,0,0,0,0,0,0,0,0,0,0,1,0,0,0,0,0,0,1,0,0,0,0,0,0,0,2,0,0,0,1,2,0,0,0,0,0,0,1,1,0,1,0,0,0,0,0,0,1,0,0,1,1,0,0,1,0,0,1,0,0,0,1,0,0,0,1,0,1,57,154,155,156,251,218,254,174,42,0,0,1,0,1,0,0,0,0,0,0,0,1,0,0,0,0,48,174,244,215,186,144,143,144,108,228,245,77,0,0,2,1,0,2,0,0,0,1,0,0,0,1,1,0,86,146,50,0,0,1,0,1,0,39,229,203,0,0,1,0,1,1,0,1,0,0,0,0,1,0,0,0,1,11,0,0,0,0,0,0,0,3,169,233,0,0,1,1,0,0,0,0,0,0,1,1,0,0,0,0,2,0,0,1,2,1,1,2,1,76,253,109,0,0,2,0,0,0,0,0,0,0,1,1,0,0,0,1,0,1,0,0,1,0,5,32,129,221,208,36,32,4,0,0,0,0,0,0,0,1,1,0,0,1,0,1,1,0,1,0,44,86,191,255,254,252,253,254,253,182,24,0,0,0,0,0,0,0,0,0,0,0,0,0,0,0,3,138,248,255,214,254,155,34,13,100,180,234,214,25,1,0,1,0,0,1,0,0,1,0,0,1,1,0,97,254,254,254,239,125,2,0,2,1,1,30,198,156,0,0,0,0,0,1,0,0,0,2,1,0,0,2,50,104,107,71,5,0,1,0,1,1,1,1,106,248,123,1,0,0,0,0,1,0,0,0,1,0,0,1,0,1,2,0,0,0,0,0,0,0,0,0,0,193,168,2,1,0,0,1,0,2,0,0,0,1,0,0,1,1,1,1,2,0,0,0,0,0,2,0,0,36,252,10,0,0,0,0,1,0,0,1,0,0,1,0,2,87,11,0,1,0,0,0,0,0,0,0,0,126,248,10,0,1,0,0,1,1,0,1,0,0,1,0,116,175,8,0,0,0,2,2,0,0,0,0,54,237,80,1,0,1,0,0,0,0,0,0,0,0,0,32,218,12,0,0,0,1,0,0,0,1,0,72,205,210,0,0,0,0,1,0,0,1,1,1,0,0,0,65,234,0,0,0,0,0,1,1,0,0,123,246,199,35,1,1,0,1,0,0,0,1,0,0,0,0,3,4,171,138,4,1,0,2,1,0,47,180,240,158,16,0,0,0,0,0,1,1,0,0,0,1,0,0,1,2,47,255,95,0,1,0,34,38,229,247,79,1,1,0,0,0,0,1,0,0,1,1,0,0,1,0,0,0,10,139,250,212,146,182,240,203,185,24,0,0,1,2,0,0,0,0,0,0,0,0,0,1,0,1,0,1,0,1,60,154,193,154,83,0,1,0,0,0,1,0,1,1,0,0,0,0,0,0,1,0,1,0,1,0,0,2,0,0,0,1,0,0,0,0,2,0,0,0,0,0,0,0,1,0,0,0,1,0,1,0,0,1,0,1,1,0,1,0,0,0,1,0,0,0,0,0,0,1,1,0,0,0,0,0,0,0,0,0,0,0,0,0,1,0,1,0,1,1,0,3,0,1,1,0,0,0,1,0,0,0
1,0,0,0,0,0,0,0,0,1,0,0,0,0,0,0,0,0,0,0,2,0,0,2,0,1,0,0,0,0,0,1,0,0,1,0,0,0,1,1,1,1,0,0,1,0,0,0,0,0,0,0,0,0,1,0,0,0,1,0,0,1,1,1,0,1,1,0,0,2,1,0,0,0,0,1,3,0,0,0,0,0,0,0,0,0,0,1,0,0,0,0,0,0,0,3,1,0,1,0,2,0,0,0,1,1,0,0,1,1,3,1,0,0,0,1,0,0,1,0,0,0,0,90,206,253,255,206,88,0,1,0,1,1,0,0,0,0,1,0,0,0,1,1,1,0,0,1,1,0,74,215,253,255,255,254,246,123,2,0,0,0,1,0,0,2,0,1,0,1,2,1,2,0,0,0,1,0,225,238,181,55,119,248,251,231,24,1,0,1,1,0,0,0,0,0,0,0,1,0,1,0,0,2,0,1,224,197,1,0,0,123,246,252,113,0,1,0,0,0,2,0,0,0,0,0,0,0,1,1,0,0,2,1,226,194,0,0,1,0,198,252,113,0,0,1,0,2,0,0,0,0,0,0,0,0,0,0,0,0,0,0,125,31,1,0,0,0,197,254,112,0,2,0,0,0,2,2,0,0,1,2,1,0,1,0,0,0,1,0,0,1,0,1,1,0,72,252,110,1,0,1,0,1,0,0,1,0,1,1,0,0,0,0,1,0,1,1,1,1,0,0,0,2,87,251,112,0,1,0,0,0,1,1,1,0,0,2,2,0,0,0,1,1,0,1,1,1,0,0,0,1,197,249,112,0,0,1,0,1,0,0,2,1,1,1,0,0,1,1,0,1,0,0,0,0,0,1,0,0,196,253,111,0,3,0,0,0,0,0,0,2,0,1,0,2,1,1,1,0,0,0,0,0,1,1,0,86,252,225,0,0,0,0,0,0,1,1,1,0,0,0,0,1,0,1,0,0,1,0,28,85,85,39,0,211,251,98,0,0,0,0,1,1,0,0,0,1,1,0,0,0,0,2,0,0,33,119,213,253,252,221,197,247,208,19,0,0,1,1,1,2,0,0,0,1,1,2,1,1,0,1,0,0,139,253,243,224,227,251,254,253,194,0,0,2,0,1,0,0,0,0,1,0,1,0,2,0,0,0,0,15,202,253,88,0,12,188,254,252,197,0,2,0,0,0,1,0,0,2,0,0,0,0,0,1,0,1,0,28,253,254,28,0,92,252,255,252,253,82,1,0,2,0,0,0,0,1,2,0,0,0,1,1,0,0,0,31,253,253,103,116,245,252,107,103,251,217,38,0,0,0,2,0,0,3,0,0,0,1,1,0,0,0,1,8,165,253,252,252,243,118,0,18,176,252,112,0,0,0,1,0,0,0,0,0,0,1,0,0,0,2,0,2,127,253,242,193,74,0,0,0,56,251,205,32,3,1,0,0,1,0,2,1,1,1,0,1,1,0,0,0,0,112,73,1,0,0,2,2,24,205,251,252,26,0,0,1,0,0,0,1,1,0,0,0,0,0,0,0,0,1,0,0,1,1,0,0,0,1,0,0,0,0,0,0,0,0,0,2,0,0,1,1,0,0,1,0,1,0,0,0,1,0,0,0,1,1,0,0,1,0,0,1,1,1,1,2,0,3,1,1,0,0,1,0,0,0,0,0,0,0,0,0,0,1,0,0,0,0,0,0,0,0,0,3,0,0,0,2,1,0,0,0,0,0,0,1,1,0,0,0,0,1,2,0,0,0,0,0,1,0,1,0
0,0,1,0,1,0,0,0,0,1,1,0,0,1,2,0,0,0,0,0,0,0,0,1,0,0,0,1,0,0,0,0,0,0,0,0,0,0,0,1,1,0,0,0,0,0,1,0,0,0,0,0,0,0,0,0,0,0,0,1,0,0,0,1,2,1,0,0,0,2,1,0,1,0,1,0,0,0,0,0,0,0,0,1,2,0,1,1,1,3,0,1,2,1,0,0,1,0,0,0,1,0,1,0,0,1,0,0,1,0,0,0,0,0,0,1,1,1,0,0,0,0,1,0,0,0,0,0,0,1,1,0,1,0,0,1,1,0,0,2,1,0,0,0,0,0,1,0,0,0,0,1,0,0,2,0,0,1,1,1,2,0,1,0,0,0,0,0,0,0,0,0,1,1,1,0,2,0,0,14,145,231,218,237,159,8,1,0,0,0,0,0,1,0,0,0,0,0,3,0,0,0,0,0,0,1,69,183,171,26,0,51,255,128,0,0,0,0,2,0,0,0,0,0,0,0,0,1,1,3,0,0,0,0,132,91,0,0,0,13,169,156,0,0,0,2,1,0,0,1,0,1,0,0,1,0,1,0,0,1,0,0,0,0,0,0,0,3,183,138,0,0,0,1,0,1,0,0,1,0,0,1,0,1,0,2,0,0,0,0,0,0,1,0,0,103,210,12,0,0,0,1,1,0,0,1,0,0,0,3,1,0,1,0,0,2,1,0,0,1,0,1,1,131,195,0,1,0,1,1,2,0,1,0,0,1,0,1,1,1,1,0,0,1,0,0,1,0,2,0,1,129,193,0,1,0,2,1,0,0,0,1,1,1,0,0,0,1,1,1,1,0,0,0,0,0,0,1,0,216,158,1,0,0,0,1,0,2,0,1,1,0,0,0,0,0,0,0,1,1,1,2,0,0,2,0,46,247,86,1,1,0,1,0,1,0,0,0,0,0,0,2,0,0,0,0,0,0,0,2,0,0,2,0,163,171,30,0,3,0,0,2,0,0,1,0,0,0,1,0,2,0,0,0,1,0,0,0,0,1,1,0,202,123,0,0,0,1,0,1,2,0,0,0,1,1,0,1,0,0,0,2,0,1,0,0,0,0,1,0,202,125,1,0,0,0,0,0,1,1,0,0,0,1,0,0,0,0,1,0,0,0,0,1,0,1,0,37,214,49,1,0,0,1,0,1,0,0,0,1,1,0,0,0,0,0,0,0,0,0,0,2,1,0,0,96,76,0,1,0,0,0,1,1,0,0,0,0,0,0,0,0,1,0,2,1,3,0,2,0,0,0,2,174,100,0,1,0,0,0,0,0,0,0,1,0,1,0,0,1,1,0,1,0,2,0,0,0,0,0,17,255,55,0,2,0,1,1,0,0,0,0,0,0,0,0,3,2,0,1,0,0,0,0,0,1,0,0,61,210,8,0,0,1,0,1,0,0,1,1,0,2,0,0,0,2,0,1,1,1,0,1,2,0,2,0,185,161,54,0,1,0,0,1,0,0,0,2,0,0,0,0,0,0,2,1,0,1,1,0,0,0,0,0,233,255,54,0,2,1,1,0,0,1,1,1,1,0,1,2,0,0,1,1,0,0,0,0,1,0,0,0,187,158,7,0,0,0,2,0,0,0,0,1,3,1,0,0,0,1,0,0,1,0,0,0,1,2,0,1,0,0,1,1,0,0,0,0,1,0,0,0,1,0,0,1,1,0,1,0,0,0,0,0,0,0,0,0,1,0,0,2,0,1,0,0,1,1,0,0,2,2,0,0
0,0,1,1,0,0,1,1,1,0,2,0,0,0,0,2,0,0,0,0,0,1,1,0,0,0,0,1,0,0,0,0,1,1,1,0,1,1,0,0,0,0,0,1,0,0,0,0,0,0,0,1,0,0,0,0,0,2,1,0,0,0,0,1,0,0,1,0,1,2,0,1,1,0,0,0,1,0,0,0,1,0,2,1,0,0,0,1,0,0,0,0,0,0,0,0,0,0,0,0,2,0,0,1,0,1,1,0,0,0,0,1,2,0,0,1,0,0,1,0,1,0,0,0,1,1,185,92,0,0,0,0,1,0,0,1,0,2,0,0,0,0,2,0,0,1,0,0,2,1,0,1,1,2,130,38,1,1,0,0,0,0,1,2,0,0,0,0,1,0,0,1,0,0,0,0,0,0,0,1,0,74,255,41,1,0,1,1,0,0,1,1,1,2,0,0,1,0,1,0,0,0,0,1,1,0,0,1,0,70,254,116,0,0,2,0,2,0,0,1,1,0,0,1,2,1,0,0,0,2,1,0,1,0,0,1,0,71,255,98,0,0,0,0,1,0,1,0,3,1,0,0,0,0,0,0,1,0,0,1,0,0,0,1,0,125,255,119,0,1,1,0,0,2,0,0,0,0,0,0,1,1,1,0,0,0,0,1,0,0,0,0,0,128,254,121,0,0,1,2,0,1,1,1,0,1,0,0,0,0,0,2,0,0,0,2,1,0,0,0,0,124,254,55,1,0,0,1,0,1,2,2,2,0,2,0,1,1,0,1,1,0,0,0,0,2,0,0,0,128,255,38,0,0,0,0,1,0,0,0,2,1,1,0,0,2,0,1,0,0,0,0,2,0,0,0,1,127,253,37,1,0,0,0,0,1,0,0,3,0,1,0,0,1,0,1,2,0,0,0,0,0,0,0,0,126,255,36,1,0,0,0,0,0,0,0,0,2,1,2,1,0,0,0,0,0,2,0,0,0,0,0,0,140,215,7,0,0,0,0,0,0,1,0,0,0,0,0,1,2,0,0,2,0,0,0,0,0,1,0,1,207,191,0,0,0,0,0,0,0,0,1,0,0,0,0,0,0,1,2,0,0,0,0,0,0,0,0,33,248,124,0,0,0,2,0,1,0,0,0,0,0,0,2,0,0,0,0,1,1,0,0,0,0,0,0,38,253,124,0,0,0,2,0,0,2,1,0,0,0,2,0,0,0,0,0,0,1,1,0,1,0,0,0,14,224,126,1,0,0,0,0,0,1,2,0,0,1,0,0,0,1,1,0,1,0,0,0,1,0,0,1,62,253,101,0,0,0,0,0,0,1,1,0,1,0,0,0,0,0,0,0,0,0,1,1,0,1,0,0,122,230,17,0,0,0,0,2,2,1,0,1,0,1,0,1,0,0,0,0,0,0,0,0,0,0,0,0,120,212,0,1,1,0,0,1,0,1,0,2,1,0,1,0,0,1,0,0,0,1,1,1,1,1,1,0,123,184,2,0,2,1,1,1,0,1,0,0,1,0,0,0,0,0,0,0,2,0,0,1,0,0,1,0,1,1,0,1,0,0,0,0,0,0,1,2,1,0,0,0,1,1,0,0,1,0,1,2,2,0,0,1,0,0,1,0,0,1,0,2,0,1,1,1,0,0,2,0,2,0,0,0,1,0,0,1,0,0,0,0,2,0,2,1,1,0,1,0,0,1,0,0,0,2,0,1,0,0,2,0,0,1,0,0,0,0,0,0,0,0,1,0,1,2,1,1,0,0,0,0,0,1,0,0
0,0,0,0,0,1,0,0,1,1,0,1,1,0,1,0,0,1,2,0,0,0,0,0,1,0,0,0,2,0,0,0,0,0,0,0,1,1,1,2,0,0,0,0,0,0,0,1,0,0,0,0,1,0,0,0,1,0,0,1,0,0,0,2,1,0,0,0,0,0,0,2,0,1,0,1,0,1,0,1,0,0,0,2,0,0,0,2,0,0,0,0,0,0,0,0,0,0,1,2,0,0,0,1,0,0,1,1,0,1,0,0,0,2,1,0,0,0,2,0,0,0,0,0,0,0,0,0,0,0,0,0,0,0,1,1,1,2,1,1,0,0,1,0,1,0,1,3,1,0,0,0,19,214,255,255,213,132,9,0,1,0,0,1,0,0,0,0,0,0,0,1,1,1,0,0,1,0,0,18,162,252,251,254,250,252,174,0,0,0,0,0,1,0,0,0,0,1,0,1,0,0,0,0,0,2,0,73,252,252,131,62,102,194,254,21,0,0,0,0,0,0,0,1,0,0,0,1,0,0,0,0,1,0,0,233,252,171,10,0,0,72,250,103,0,0,2,1,0,0,1,1,0,1,0,0,0,0,1,0,0,0,102,255,254,0,1,1,0,54,255,103,1,0,0,2,0,0,0,1,0,3,0,1,0,0,1,0,1,0,142,253,172,1,1,0,0,93,253,103,0,0,0,0,0,0,0,1,2,1,0,0,1,2,0,0,0,0,203,253,92,0,0,2,40,213,252,41,1,0,0,0,0,2,0,0,2,0,1,0,0,0,1,0,0,40,243,233,30,0,1,42,243,254,213,0,1,0,0,0,0,1,1,0,0,0,0,0,0,1,0,1,2,113,251,234,30,0,1,173,253,254,93,0,0,1,0,0,1,1,0,1,2,1,1,0,2,0,1,0,0,72,252,252,172,22,181,252,253,254,91,0,0,0,1,0,0,0,0,0,1,1,0,1,0,1,0,0,0,0,184,254,253,253,252,254,171,255,255,0,0,0,0,0,0,1,1,0,0,0,1,0,0,0,0,1,1,1,60,214,251,253,251,131,11,132,253,123,0,0,0,0,0,1,0,0,0,0,2,0,0,0,0,1,1,0,1,114,253,253,50,0,1,53,253,205,0,1,0,0,0,0,0,0,2,0,0,0,0,0,1,0,0,0,0,234,251,172,10,0,3,51,252,223,20,0,0,0,0,1,0,0,1,0,1,1,0,0,2,0,0,0,1,255,254,1,1,0,1,50,252,202,2,0,0,0,2,0,0,0,0,0,0,0,0,0,0,0,0,0,40,254,251,0,1,0,0,93,252,162,2,0,0,0,0,0,0,1,0,1,0,0,0,2,0,0,1,1,104,255,251,0,0,11,172,254,233,1,0,0,0,1,1,1,1,0,0,0,0,1,0,0,0,0,0,0,101,253,251,42,41,172,253,213,31,0,1,2,0,0,0,0,0,0,2,1,0,0,0,1,0,1,0,0,43,232,255,255,253,254,172,41,0,0,0,0,0,3,1,0,0,0,0,0,0,2,0,0,1,1,0,1,0,71,252,255,211,90,9,0,1,1,0,0,0,0,1,1,0,0,0,2,0,0,0,0,0,0,0,0,0,0,1,0,0,1,0,1,0,1,0,0,0,1,1,0,2,1,0,1,0,0,0,1,1,0,0,1,0,2,0,0,0,0,1,0,0,0,0,0,0,0,0,0,0,2,0,1,0,0,1,2,0,0,1,0,1,0,0,0,0,0,2,0,0,0,1,1,0,0,0,1,0,0
0,0,0,0,0,0,0,0,0,1,1,0,2,0,0,0,1,0,0,0,0,0,0,1,0,0,0,0,0,0,1,2,1,0,0,0,0,0,0,0,0,0,0,0,0,0,2,0,0,0,0,0,0,1,0,0,0,3,2,0,0,1,1,0,1,1,0,0,0,2,0,0,1,0,0,0,0,2,1,0,2,0,0,0,1,0,0,0,0,2,0,1,0,0,0,1,0,0,1,0,0,0,1,0,1,0,0,1,1,1,1,0,0,1,0,1,0,1,0,0,1,0,0,0,0,0,0,124,137,4,0,0,0,1,1,0,1,0,0,0,0,3,0,0,1,1,0,1,2,0,0,1,0,2,116,252,252,18,0,0,0,0,0,0,3,1,1,1,0,0,0,0,0,0,0,0,0,0,0,1,0,1,209,255,209,12,0,0,1,1,0,0,0,0,0,1,0,0,1,0,0,1,0,0,1,0,0,0,0,0,210,253,225,15,1,0,0,1,0,0,0,1,0,1,1,0,0,0,0,1,0,0,1,1,0,0,0,0,211,254,253,20,0,0,0,0,0,0,0,1,1,1,1,0,0,0,0,1,0,1,1,0,0,0,0,3,212,255,204,9,1,1,0,0,1,0,0,0,0,2,0,0,0,0,1,0,0,1,0,0,2,1,0,48,240,252,132,0,1,0,0,0,1,0,0,0,0,0,0,0,0,1,1,0,0,0,0,2,1,1,0,75,252,254,63,2,0,0,0,0,0,0,1,0,1,0,0,2,0,1,0,0,1,0,1,0,0,0,1,169,252,253,64,2,0,0,0,0,1,0,4,0,0,0,1,1,1,0,0,0,1,1,1,0,0,0,0,170,253,217,10,0,0,0,0,0,0,0,0,0,0,0,1,0,0,0,1,1,2,1,0,0,0,0,0,171,253,213,0,0,2,0,0,0,1,2,1,0,0,1,0,0,0,0,0,0,0,0,0,0,0,0,10,197,253,210,1,0,0,0,0,0,0,0,2,0,3,0,0,0,0,0,0,0,1,0,0,0,0,1,14,217,251,211,0,0,1,0,0,0,2,1,0,3,1,0,1,1,0,1,0,0,0,0,3,1,0,0,23,252,252,210,0,0,1,0,0,2,1,0,0,1,0,0,0,2,0,0,0,2,0,0,1,0,0,0,22,253,252,212,0,0,0,0,0,0,1,0,1,0,0,2,0,0,0,0,0,0,0,0,0,0,0,0,22,254,252,211,0,0,0,0,0,0,1,0,2,0,0,0,2,0,0,1,0,0,0,0,0,1,3,0,20,251,252,212,2,1,0,0,0,0,0,1,1,0,0,0,0,0,0,0,0,0,0,0,0,1,0,2,23,254,251,211,1,0,0,0,1,1,0,1,0,0,2,0,2,0,0,0,0,0,0,1,0,0,0,1,17,230,251,210,1,0,0,0,0,0,0,0,1,0,0,1,0,0,0,0,1,0,0,0,0,0,0,0,0,171,251,124,0,0,0,1,0,1,1,0,0,0,0,0,0,0,0,0,1,1,0,0,1,0,0,0,2,0,0,1,1,0,1,0,1,2,0,0,0,1,0,0,1,0,1,1,0,1,1,0,0,1,0,1,0,0,1,0,0,0,1,0,0,0,0,0,1,1,1,0,0,0,0,0,1,0,0,0,0,0,1,0,1,0,0,0,0,0,0,0,0,1,1,0,1,0,0,0,0,0,0,0,0,1,1,0,0,0,1,0,0,2,0,2,1,0,0,0,0,1,1,0,0,0,1,0
0,0,2,2,2,0,0,0,1,0,1,0,0,1,1,0,0,0,0,2,0,0,2,1,0,2,1,0,1,1,1,0,0,2,0,0,1,1,0,0,0,0,0,2,0,0,1,1,0,1,0,0,1,0,0,0,0,1,0,0,0,0,0,0,1,0,1,0,0,1,0,0,0,1,1,0,0,0,1,0,1,0,0,0,0,0,0,1,0,0,2,0,1,2,0,0,1,0,0,1,1,1,1,0,0,0,0,1,1,0,0,0,1,0,0,0,0,0,0,0,1,0,1,0,0,75,56,78,242,160,8,0,0,1,1,0,1,0,0,2,0,0,0,0,0,1,1,1,0,0,4,10,49,193,255,254,255,254,114,0,0,1,0,1,0,0,0,0,1,0,1,1,0,0,0,1,0,51,93,248,253,254,255,255,224,233,245,75,0,0,0,0,0,0,0,0,0,0,1,0,1,1,1,0,120,247,231,253,253,236,151,33,18,177,252,174,0,0,0,1,0,0,0,0,0,1,0,0,0,2,0,15,230,254,254,253,159,2,0,0,15,252,249,81,0,1,0,0,1,1,0,0,1,0,0,3,0,0,0,6,206,253,254,253,163,2,0,0,34,220,230,1,0,0,0,0,3,0,0,0,1,0,0,0,0,0,0,0,117,214,254,255,255,4,3,116,244,255,161,1,1,0,0,0,0,1,0,0,1,0,0,0,0,0,2,1,0,59,215,253,255,181,27,176,254,187,1,1,1,1,1,0,0,2,0,1,0,0,0,1,0,4,0,0,0,0,77,175,254,254,207,255,254,107,1,0,2,2,0,0,0,0,2,0,1,0,1,0,0,0,0,0,0,0,1,18,140,255,254,254,180,2,1,0,1,2,0,0,0,0,0,0,1,0,2,0,3,0,2,0,0,1,0,0,3,251,255,255,141,0,0,0,1,0,0,2,0,0,0,0,0,2,0,0,0,1,1,0,0,0,0,8,209,254,255,254,245,20,0,1,0,0,1,0,1,1,1,2,1,2,2,0,0,0,1,0,0,0,6,129,254,252,241,205,253,168,0,1,0,0,0,0,0,0,1,0,0,1,0,0,0,0,2,0,1,11,131,254,253,242,38,21,202,231,48,1,0,2,1,0,0,1,0,0,1,0,0,0,0,0,0,0,8,169,253,255,254,67,2,0,106,255,179,0,0,0,0,0,0,1,1,2,0,1,0,0,0,0,0,0,76,254,252,243,98,4,1,0,4,196,237,24,1,0,1,0,1,1,0,0,0,0,1,3,0,0,0,0,114,255,253,221,35,3,1,1,0,77,253,89,0,0,0,0,0,1,1,0,1,0,1,0,0,0,1,1,20,236,255,255,254,191,192,189,189,207,254,172,0,0,0,0,0,1,1,0,0,0,1,0,0,0,0,0,0,174,254,254,253,253,255,254,255,253,253,175,0,0,0,0,0,1,0,0,0,1,0,0,1,1,1,0,1,92,254,254,253,254,255,255,252,225,154,67,0,0,0,0,0,1,1,0,0,0,1,0,0,0,1,1,0,0,0,0,1,0,0,0,0,0,1,0,0,0,0,0,1,1,1,2,0,2,1,2,0,1,0,0,0,0,1,2,0,0,1,0,0,0,1,0,3,0,0,0,0,0,0,1,1,1,1,0,0,0,0,1,1,0,0,0,1,1,0,0,1,0,0,1,0,0,0,0,0,0,1,1,0,1,0,0,0,0,0,1,0,2,0,0,1,2,1,0,0,0,0,0,2,0,0,1,0,0,1,0
2,0,2,1,1,0,0,0,1,1,1,0,0,0,0,0,0,2,1,0,0,0,0,0,0,0,0,0,0,0,0,0,1,0,3,0,0,0,0,1,1,0,1,2,0,1,0,1,0,0,0,0,1,1,1,0,0,0,0,0,0,2,0,0,2,1,0,0,0,0,0,1,0,0,0,0,0,2,0,0,0,0,0,2,0,0,1,0,0,1,0,0,1,1,0,0,0,0,1,2,1,0,1,0,0,0,0,1,0,3,0,2,0,0,0,0,0,0,1,0,0,1,0,0,1,2,0,0,0,1,1,1,2,0,0,0,0,0,0,0,1,0,1,0,0,0,0,1,0,0,0,0,0,0,186,255,109,1,0,1,0,0,2,0,0,0,0,1,0,0,0,0,0,1,2,0,0,0,0,1,0,10,243,253,106,0,0,0,0,0,0,0,0,0,0,0,0,0,0,0,0,0,1,2,0,0,0,0,1,42,246,251,107,0,0,1,1,0,0,1,0,0,1,0,0,0,0,0,1,0,0,0,0,1,0,0,0,0,243,253,108,0,0,0,2,0,0,1,0,0,2,1,0,1,1,0,0,0,0,0,1,0,0,0,0,53,246,253,108,0,0,2,0,0,0,0,0,0,1,0,0,0,0,1,1,0,0,1,0,1,0,0,0,2,241,254,108,0,0,0,2,0,0,0,0,1,0,2,1,1,0,0,0,0,0,1,0,1,2,0,0,1,241,254,108,0,0,0,0,0,0,0,0,0,1,0,2,0,2,0,0,1,0,0,0,0,0,0,1,1,243,255,106,0,0,0,0,0,0,0,2,2,1,0,1,0,0,0,1,0,0,0,0,0,1,0,0,99,252,254,108,0,1,0,0,1,2,0,2,0,2,1,0,0,1,0,0,0,0,0,2,0,0,2,0,109,255,244,5,1,1,0,0,0,0,0,0,0,1,0,0,1,1,0,0,0,1,1,1,0,0,0,0,110,253,242,0,0,0,0,1,0,1,0,0,0,1,1,0,1,0,2,0,1,0,0,0,0,1,3,1,110,252,241,0,0,0,1,1,0,0,0,0,0,0,0,0,0,0,1,1,1,1,1,2,0,0,0,1,108,254,241,0,1,1,2,0,0,2,1,0,0,0,1,0,0,0,1,0,0,0,0,0,0,0,0,0,108,251,242,0,0,0,1,1,0,1,1,0,1,0,0,0,0,0,0,0,2,0,0,2,0,0,0,1,110,252,154,0,1,3,0,0,0,0,0,1,1,0,0,0,0,0,0,1,0,0,1,0,0,0,2,0,108,252,121,0,0,0,0,1,0,0,0,0,2,0,0,0,0,0,0,0,0,0,1,1,0,0,0,0,206,253,121,0,0,0,0,0,2,0,0,0,0,1,1,1,1,0,0,0,0,1,0,1,1,1,1,0,231,253,166,0,0,2,0,0,2,0,0,0,0,1,0,0,0,0,0,0,1,0,1,0,0,0,0,1,229,252,242,0,0,0,0,1,0,2,1,1,0,0,0,0,0,0,0,0,0,0,0,0,0,1,0,0,114,254,128,0,0,0,0,0,2,0,0,0,0,1,0,2,0,0,0,1,0,0,0,0,0,0,1,0,0,0,0,0,0,2,0,2,0,0,1,1,1,0,1,0,0,0,0,0,0,0,0,0,0,0,1,1,1,0,1,1,0,1,0,1,0,0,0,0,0,0,0,0,0,0,0,0,0,1,0,2,0,0,0,0,0,0,0,0,2,0,1,1,0,0,0,0,0,0,0
0,0,0,0,0,0,1,0,0,0,0,0,0,0,2,0,0,0,1,2,0,2,0,0,1,1,2,1,0,2,0,0,0,0,0,1,0,0,1,0,1,1,0,0,0,0,0,1,0,0,0,3,1,0,0,0,3,0,1,0,0,0,1,0,0,0,0,0,1,0,0,0,1,0,0,0,0,1,1,1,0,1,0,1,1,0,0,0,0,0,0,0,0,0,0,1,0,0,0,0,1,0,1,1,0,1,0,0,0,0,0,0,1,0,0,0,0,2,0,0,0,0,2,32,33,116,143,206,253,252,187,11,0,0,0,1,1,2,0,0,0,0,0,0,1,0,0,0,1,0,139,247,251,252,253,253,253,252,251,164,1,0,1,0,1,1,0,0,0,1,0,0,0,0,0,0,0,48,244,252,251,253,252,239,153,152,162,198,1,0,0,0,0,0,2,1,1,1,0,0,0,0,0,0,1,163,252,251,240,150,25,9,1,0,2,8,0,0,1,0,1,0,0,0,1,0,0,0,1,1,0,0,1,164,251,244,33,0,0,0,0,0,0,12,13,0,0,0,0,0,1,0,0,2,2,0,1,2,0,0,0,163,253,251,116,1,0,0,1,1,57,211,140,0,0,0,1,0,0,0,0,0,0,1,0,1,0,2,1,110,245,253,246,117,3,0,9,147,242,249,61,0,0,0,0,1,0,0,0,1,0,2,0,0,0,1,0,0,34,200,253,253,120,59,222,252,250,180,0,0,1,0,0,2,1,0,0,0,0,0,0,0,0,1,0,0,0,10,187,251,252,255,253,251,153,23,0,0,0,0,1,0,0,0,1,0,1,0,1,1,0,1,0,1,2,0,25,225,253,254,252,209,23,1,0,0,0,0,1,0,0,0,0,0,0,0,0,0,0,1,0,2,1,83,210,253,248,255,253,210,18,0,0,1,0,0,0,0,0,0,0,0,0,0,2,1,1,2,0,1,62,245,252,253,252,138,233,252,150,2,1,0,0,0,0,0,0,1,0,0,0,0,2,0,0,0,0,2,88,249,251,252,161,0,32,218,240,36,1,0,0,0,0,0,0,0,0,0,0,2,0,2,0,0,0,1,147,251,251,213,20,0,0,96,250,198,6,0,1,0,1,0,1,0,0,1,0,0,1,0,0,1,0,0,196,252,254,103,0,0,0,0,219,250,57,0,0,1,1,1,0,0,0,0,1,0,0,0,1,1,0,0,197,253,238,44,0,0,1,0,171,252,141,0,0,0,0,0,1,0,0,1,1,0,0,1,0,2,0,1,97,254,229,36,9,13,12,147,252,253,159,0,1,0,1,0,1,1,0,0,0,2,0,0,0,0,0,0,34,240,252,220,241,253,252,253,253,220,21,0,1,2,0,0,0,0,0,0,0,0,0,1,1,1,1,0,0,150,250,252,252,254,253,251,211,90,1,1,1,0,1,0,0,0,0,1,0,0,1,0,2,0,0,0,0,64,53,175,254,252,224,143,21,0,1,0,1,0,0,1,0,0,0,0,0,0,0,0,0,0,0,0,0,0,0,0,0,0,0,0,0,1,0,0,1,0,0,0,1,1,0,0,1,0,1,1,0,0,0,1,0,1,0,0,3,0,2,0,0,0,2,0,0,0,0,0,0,1,1,0,1,2,1,0,0,2,2,0,0,0,1,0,0,1,2,1,1,0,0,1,0,0,1,1,1,0,1,0,0,0,1,0,0,1,0,1,2,0,0,1,0,0,0,1,0,0,0,0,1,0,0,0,0,0
0,2,0,1,0,0,0,0,0,0,0,0,0,0,0,0,1,0,1,0,0,1,2,1,0,0,1,0,0,0,0,1,1,1,0,0,0,0,1,0,0,0,0,0,0,0,0,0,0,1,0,0,3,0,0,0,1,0,0,0,0,1,1,0,0,0,0,0,1,2,0,0,1,0,1,0,1,0,0,0,0,0,0,1,0,1,1,0,0,0,0,0,0,0,1,2,0,0,0,0,0,1,1,1,0,0,0,1,0,1,0,0,0,1,1,0,0,0,0,1,1,0,0,2,0,1,1,1,2,0,3,0,0,1,0,1,0,0,0,1,0,2,1,0,0,0,1,2,1,2,2,0,0,0,0,0,0,50,128,208,216,61,0,0,0,0,0,0,0,1,1,1,1,0,0,0,0,0,0,1,1,0,11,96,215,246,252,243,157,16,0,0,0,0,0,0,1,1,1,0,1,0,0,0,0,2,0,0,38,145,217,253,253,252,197,43,2,0,1,0,0,1,1,0,0,1,1,0,0,0,0,0,0,0,1,123,241,253,252,253,155,34,7,0,0,0,0,2,0,0,0,2,1,0,1,2,0,0,0,0,0,0,0,253,253,255,236,117,0,0,1,1,0,1,0,1,0,0,0,0,0,1,1,0,1,0,0,0,0,0,24,255,255,237,51,3,0,0,0,0,1,0,1,0,2,1,0,0,0,0,0,0,0,2,1,0,1,1,98,251,253,129,0,0,0,0,0,1,2,0,0,1,1,0,0,0,0,0,0,0,0,0,0,0,0,0,98,255,239,22,0,0,1,0,0,1,1,0,0,0,0,0,0,0,0,2,0,0,0,0,0,0,1,2,135,254,160,0,0,1,1,1,0,0,0,0,2,0,0,0,0,0,2,0,1,1,0,0,0,0,0,0,60,255,242,30,0,0,1,1,1,0,0,0,0,1,0,0,0,0,1,0,0,0,0,1,0,0,0,0,0,155,253,226,58,1,0,0,0,0,0,1,0,0,0,0,1,0,1,0,0,0,2,0,0,1,0,0,0,47,226,253,247,139,0,1,2,0,1,0,1,0,1,0,2,0,0,0,0,0,0,1,0,0,2,0,0,0,44,228,252,254,176,86,0,1,1,1,1,0,0,1,0,0,0,1,1,0,0,0,2,0,0,2,1,0,0,45,95,227,238,249,86,0,0,1,1,0,1,0,0,0,0,0,1,1,0,0,1,0,0,0,0,0,1,0,0,23,82,254,205,8,1,2,1,0,1,0,1,1,0,3,0,0,0,0,1,1,0,1,1,0,1,1,0,2,219,254,205,8,0,1,1,0,1,0,0,0,1,0,0,0,0,0,1,1,0,0,1,0,1,0,3,132,252,252,92,0,1,0,1,0,1,1,0,0,0,0,0,0,0,0,0,0,0,0,0,0,0,25,141,253,253,239,25,0,1,0,0,1,0,0,1,1,1,1,0,0,2,0,0,2,1,1,1,221,236,241,253,253,229,46,0,0,0,1,0,0,0,0,0,0,0,0,0,0,1,1,2,0,0,0,0,57,201,253,238,194,22,1,0,0,1,0,0,0,0,0,0,1,1,3,0,2,1,0,0,0,0,2,1,0,0,1,0,1,2,1,0,0,0,0,0,0,1,0,0,0,0,0,0,1,0,0,0,0,0,0,2,0,1,0,0,0,1,0,0,0,0,0,0,0,0,0,1,0,0,0,0,0,0,0,0,0,0,0,0,0,0,0,1,0,2,1,0,1,0,0,0,0,0,1,0,0
0,0,0,1,0,0,0,0,0,0,0,1,0,0,0,0,0,0,1,0,0,0,1,2,0,0,0,0,2,0,0,1,0,0,0,0,0,0,0,1,0,0,0,0,0,0,0,0,0,1,0,1,0,0,1,0,0,0,0,1,2,0,0,2,3,0,0,0,0,2,0,0,0,0,1,0,0,0,0,1,0,1,0,0,0,0,0,0,0,0,1,1,0,0,1,0,0,1,1,1,0,1,0,0,0,0,1,0,0,0,0,0,1,0,0,1,2,0,1,0,0,1,0,65,191,255,254,254,254,255,127,66,0,0,0,0,0,0,0,1,1,0,0,0,0,0,1,1,0,0,193,253,255,255,254,128,63,129,255,254,129,0,0,0,1,1,0,0,0,0,0,1,0,2,1,0,0,189,255,255,255,254,192,1,1,0,127,255,255,189,0,0,0,0,0,0,0,1,0,1,0,0,0,0,62,254,255,193,127,128,65,2,0,0,1,255,254,255,64,1,0,0,3,1,0,0,0,0,0,0,0,1,190,254,255,126,0,0,0,0,0,2,1,64,255,254,253,64,0,0,0,1,0,1,0,1,0,1,0,193,255,255,255,0,0,0,0,0,0,1,0,0,127,254,254,127,0,1,0,2,1,0,0,0,0,0,0,255,255,255,65,0,0,1,0,0,1,2,0,1,65,255,255,192,0,0,0,0,0,0,0,0,0,1,191,255,255,255,0,1,0,0,0,1,0,1,0,0,0,129,255,254,0,0,1,0,0,1,1,0,1,64,255,255,253,66,0,0,0,0,1,0,1,0,0,0,0,64,255,255,129,1,0,1,0,1,0,0,0,127,255,255,128,0,1,1,1,0,0,0,0,0,0,0,0,65,255,255,128,1,0,0,1,1,0,2,0,255,254,255,64,0,1,0,0,0,0,1,0,1,1,1,1,191,255,255,66,2,0,1,0,0,0,0,0,254,255,255,0,0,0,0,1,1,0,0,1,2,0,0,129,255,255,128,0,0,0,0,0,1,1,0,0,254,255,129,0,0,0,1,1,0,0,1,0,0,0,129,255,254,191,2,0,0,0,0,2,1,0,0,0,255,255,190,0,1,0,0,0,2,0,0,0,0,129,255,255,254,64,1,0,1,1,0,0,1,1,1,1,255,255,255,0,2,1,0,1,0,1,0,1,191,255,255,255,254,0,1,0,0,0,1,0,1,0,2,2,255,255,254,128,0,0,0,1,2,0,64,254,255,255,255,193,0,0,1,0,0,0,0,0,1,0,0,0,127,255,255,255,128,0,0,65,129,191,255,255,255,255,65,0,0,0,0,0,1,2,0,0,1,0,0,2,64,190,254,254,255,255,254,255,255,255,254,254,192,0,2,0,0,0,0,1,0,0,0,0,0,0,0,0,0,0,191,255,255,254,255,253,255,255,192,2,1,0,0,0,0,0,0,0,0,0,0,0,1,0,0,0,0,0,2,63,255,255,255,255,254,64,0,0,0,0,0,0,1,0,1,0,2,1,0,0,1,1,1,0,1,0,0,1,0,0,0,0,1,1,0,0,1,1,0,0,1,1,0,0,0,0,0,1,0,0,2,0,0,1,0,1,0,0,0,0,0,0,0,1,0,0,0,0,0,0,0,0,0,0,0,1,0,0,0,0,1,2,1,0,1,1,0,0,0,0,0,0,1,1,0,0,0,0,1,0,0,0,0,0,0,0,1,0,0,0,0,1,1,0,0,0,0,0,0,4,0,1,0,0,0,1,0,0,0,2,0
0,0,0,0,0,1,0,0,0,0,1,3,1,1,0,1,2,0,0,0,1,0,0,1,2,0,0,0,0,0,0,0,0,0,0,0,0,0,0,1,1,1,2,1,0,0,1,0,0,0,1,0,0,1,1,2,0,0,0,1,0,0,0,0,0,0,0,0,2,0,1,0,0,0,1,0,1,2,0,0,0,0,1,0,0,0,0,0,0,0,0,0,1,0,0,0,0,1,0,0,1,4,0,0,0,0,0,0,0,0,0,0,0,0,0,0,0,0,1,0,0,0,0,11,96,96,96,155,252,173,71,0,1,2,1,0,1,0,0,0,2,0,0,0,0,1,1,2,0,0,13,153,221,180,161,162,182,237,238,92,1,1,0,0,0,0,0,0,1,0,1,0,2,0,1,0,0,1,48,109,0,0,1,0,0,128,252,253,0,1,0,2,0,1,0,1,0,1,0,1,0,1,0,0,1,0,0,0,0,0,0,1,1,17,223,251,40,0,2,0,1,0,2,0,0,0,0,0,0,2,0,1,0,1,2,0,0,1,0,0,1,80,243,249,59,1,2,1,0,0,0,0,0,3,0,0,1,0,1,0,1,0,0,1,0,1,1,1,0,129,254,194,0,0,0,0,1,1,0,0,0,2,1,0,0,0,0,0,8,132,189,190,189,52,12,11,52,221,251,95,0,0,0,0,0,0,0,1,0,0,0,1,0,1,1,0,32,125,128,219,253,253,172,173,251,251,220,49,0,0,0,1,0,1,0,0,0,2,0,0,0,0,0,0,0,0,1,42,189,203,251,251,251,252,50,0,0,0,0,1,0,1,0,1,0,1,1,0,2,0,0,0,0,0,0,0,1,163,249,251,251,252,129,0,0,1,0,0,0,1,0,0,0,0,0,0,0,0,0,0,0,0,0,32,253,253,254,162,171,252,254,95,0,0,0,1,0,0,0,1,0,0,0,0,2,1,2,0,0,1,93,198,252,184,64,0,8,158,251,95,0,0,1,0,0,1,0,0,0,0,0,0,0,2,0,0,0,1,254,252,187,16,1,0,2,128,251,173,0,2,0,0,1,0,0,1,2,0,0,0,1,0,0,2,0,139,254,224,17,1,1,1,1,125,252,113,0,0,2,0,0,1,0,0,0,0,0,1,0,2,1,0,0,159,253,118,0,0,0,1,20,205,251,93,0,0,1,0,0,0,0,0,2,0,0,0,0,0,0,1,25,193,255,64,0,0,2,36,114,254,230,57,1,0,0,1,0,0,0,1,0,0,2,1,0,0,0,0,17,180,253,82,1,20,19,217,251,234,64,0,0,0,0,0,0,0,1,1,0,0,0,0,0,2,0,0,0,157,253,236,126,205,204,252,251,127,0,1,1,1,0,0,0,0,0,2,0,0,0,0,0,0,0,0,1,118,253,251,251,251,254,228,71,17,0,0,0,1,0,0,0,0,0,0,2,0,0,0,1,0,1,0,1,0,96,95,173,210,94,60,0,0,0,0,0,0,0,0,0,0,1,0,0,1,0,0,0,0,0,0,1,2,0,0,3,0,0,0,0,0,1,0,0,0,0,0,0,0,0,0,1,0,0,0,1,0,0,1,0,0,0,0,0,0,1,0,1,0,0,1,0,0,1,0,0,0,0,0,0,0,0,0,0,2,1,0,0,2,0,1,0,0,1,0,0,1,0,1,1,1,0,0,0,0,0,0,0,0,0,0,0,0,0,0,1,0,1,1,2,1,0,0,0,0,1,0,0,1,0,0,0,0,0,0
0,2,0,1,0,0,1,1,0,0,1,1,0,0,0,0,0,0,1,0,0,1,1,0,0,0,0,2,0,1,0,0,1,0,2,1,0,0,2,0,2,0,0,0,0,0,1,1,1,0,0,0,1,0,1,0,0,0,0,0,1,0,0,0,1,0,0,0,0,0,0,2,1,0,0,0,2,0,0,0,1,0,2,0,0,0,0,0,0,1,1,0,0,0,0,0,1,1,0,1,0,0,0,0,2,0,0,0,2,0,0,1,0,1,2,0,0,0,0,0,2,0,0,0,0,1,1,0,1,3,0,0,1,0,0,1,1,0,2,2,0,0,0,0,0,1,0,1,1,0,0,0,1,0,20,140,253,214,118,0,1,0,1,0,1,1,0,1,0,0,0,1,1,0,0,0,0,2,0,0,1,36,254,255,253,245,153,0,2,2,1,1,1,0,0,0,0,1,0,0,0,0,1,1,0,1,1,1,113,213,255,236,111,38,0,0,0,0,1,0,0,1,0,0,0,0,0,0,0,0,2,1,0,0,0,131,249,252,176,28,0,0,2,0,0,1,1,0,1,1,1,1,1,0,0,1,0,1,1,0,0,0,131,251,255,154,5,1,0,0,0,0,0,2,0,1,1,0,0,1,0,0,1,1,1,1,0,1,0,70,235,254,107,0,1,1,2,2,139,226,73,0,0,0,1,0,2,1,1,0,0,1,0,1,0,0,70,210,252,123,9,1,1,0,1,94,249,254,117,0,0,0,2,0,0,0,2,0,1,0,1,0,0,33,231,254,188,6,1,0,1,0,39,246,252,254,103,1,1,0,0,0,2,1,0,0,1,1,0,0,0,132,253,195,20,0,0,1,0,38,214,254,253,246,27,0,1,0,2,0,1,0,1,3,0,1,0,1,0,193,253,111,0,1,1,2,90,245,253,252,254,165,0,2,0,0,0,0,1,0,0,0,0,0,2,0,0,217,255,50,0,0,2,92,255,253,251,253,252,100,0,0,0,0,0,0,0,0,0,1,0,1,0,0,0,142,254,73,31,97,157,247,242,166,226,253,183,0,1,2,0,0,0,0,1,0,0,1,0,1,0,1,1,47,231,238,253,253,254,207,54,111,254,255,56,2,0,0,1,0,1,0,0,0,0,0,1,0,0,1,0,0,46,214,226,124,91,2,9,215,253,197,4,1,0,0,0,1,0,1,0,0,0,1,1,0,0,1,0,0,0,6,8,0,0,0,40,254,254,140,0,0,1,1,1,0,0,0,0,1,0,0,2,0,0,0,1,0,0,2,0,0,1,0,95,254,235,20,0,0,0,0,0,2,1,0,1,0,1,1,0,0,0,0,1,0,0,0,0,0,1,0,131,253,158,0,0,0,0,0,0,0,0,2,0,1,1,0,0,1,1,0,0,0,0,0,0,0,0,1,135,237,25,0,2,0,1,3,2,0,0,0,1,0,0,1,2,1,0,0,1,1,1,0,1,0,0,0,97,221,2,0,0,0,0,0,0,1,0,0,0,2,0,0,1,0,0,2,0,0,0,1,0,1,0,0,48,250,143,0,0,0,1,0,0,0,0,3,0,0,0,1,0,0,1,1,1,1,1,0,0,0,0,0,0,0,1,0,1,2,0,0,1,0,1,0,2,0,1,2,0,0,1,1,0,0,2,0,0,0,2,0,0,0,0,0,0,0,0,1,0,0,0,0,0,0,0,0,0,2,1,1,0,0,0,0,0,1,1,0,0,1,0,0,1,0,0,0,0,0,0,2,0,0
1,0,0,0,0,0,3,2,0,0,0,0,0,0,1,0,1,0,0,0,0,1,0,0,0,0,1,1,0,0,0,0,2,0,1,1,0,0,0,0,0,0,0,0,1,1,0,0,0,0,1,0,0,1,0,2,0,1,1,1,0,1,0,1,0,1,0,0,0,0,0,0,0,1,0,0,1,0,0,1,0,0,0,1,0,0,1,1,1,0,0,0,1,0,1,0,1,0,1,1,0,1,0,0,0,0,1,0,0,0,0,0,0,0,0,1,0,0,0,0,44,121,120,220,254,253,248,123,121,72,0,0,1,0,0,0,0,0,1,0,0,0,0,1,1,0,0,1,221,252,253,252,255,252,253,253,255,248,81,0,0,0,1,0,0,0,1,1,0,0,1,0,0,0,2,97,250,254,252,253,252,253,253,254,253,254,244,36,1,0,0,0,0,0,0,0,0,0,1,0,0,1,1,108,254,253,253,253,254,252,252,252,252,255,253,82,1,1,0,0,0,1,0,0,1,0,1,2,2,1,0,24,235,231,186,157,52,52,131,184,253,252,254,137,0,1,0,1,1,1,0,0,0,0,1,0,0,2,1,0,61,46,0,1,0,0,3,125,255,254,254,40,0,0,0,2,1,2,0,0,1,0,0,0,0,0,0,2,0,1,0,0,1,0,105,253,253,252,237,34,0,0,0,1,2,0,0,0,0,1,0,0,1,0,2,0,0,0,0,2,0,18,214,254,254,252,74,0,0,0,1,0,0,1,1,2,0,0,0,1,0,0,0,1,0,1,1,0,3,108,253,254,254,191,13,0,0,0,0,0,0,0,0,0,0,0,0,1,0,0,0,1,0,1,1,0,41,252,253,254,254,74,2,0,0,0,0,0,0,1,0,0,1,1,0,1,0,0,0,2,1,1,0,23,213,254,253,253,133,2,1,0,0,0,0,0,0,1,0,0,1,0,0,2,1,1,0,1,0,1,30,210,253,253,252,196,8,0,0,1,0,0,1,0,2,0,0,0,2,2,0,0,0,0,2,0,2,31,206,253,252,253,192,13,0,0,1,0,0,2,0,1,0,1,1,0,2,1,0,0,0,1,0,0,0,82,253,253,252,246,72,0,0,1,0,27,80,109,123,29,0,0,0,0,0,1,0,0,0,2,2,2,111,216,255,255,242,97,1,1,0,65,116,217,253,253,253,199,1,1,0,0,0,2,0,0,1,0,0,0,229,255,252,251,242,187,187,187,189,250,252,252,253,253,194,58,2,1,0,0,0,0,1,0,1,0,0,0,228,253,254,254,252,252,252,252,254,253,254,240,214,116,24,2,0,0,0,0,0,1,1,0,0,0,0,1,228,254,253,253,252,252,250,250,254,252,179,65,0,1,0,0,1,0,0,1,0,0,0,0,0,0,0,1,228,255,253,253,254,255,254,253,241,112,11,3,0,0,2,0,0,0,0,0,0,0,0,0,0,0,0,0,155,255,253,254,252,253,176,121,1,0,1,0,0,0,0,1,0,0,0,1,0,0,0,0,0,0,1,0,0,0,0,0,0,0,0,0,0,1,0,0,1,1,0,0,2,0,0,0,0,1,2,0,0,1,0,2,0,0,0,1,0,1,0,0,0,0,0,1,0,1,0,1,0,0,0,0,2,0,0,0,0,0,1,0,1,0,0,0,0,0,1,0,0,0,0,3,0,0,1,0,0,0,0,1,0,0,2,0,1,0,1,0,0,1,1,0,0,0,2,1,0,0,1,1,0,0,0,0,1,0,1,0
0,1,0,0,1,0,0,0,0,2,0,0,0,0,0,0,1,0,0,0,1,0,0,1,1,0,0,0,0,1,0,0,0,0,0,0,0,0,0,2,0,3,2,1,0,0,1,1,0,0,0,1,0,2,0,0,0,1,1,0,1,0,0,1,0,0,0,0,0,2,0,0,0,1,1,2,0,1,0,0,2,0,0,1,1,0,1,1,0,0,1,0,0,1,0,0,0,0,1,0,0,2,0,1,1,0,0,0,0,1,1,1,2,2,0,1,1,0,0,2,1,0,0,0,0,1,0,0,0,2,1,0,0,1,0,0,1,0,0,0,0,1,0,0,1,0,0,1,0,4,201,254,254,224,158,158,92,62,38,0,1,1,0,0,0,1,1,1,0,2,0,0,0,1,0,0,1,71,254,251,253,252,255,254,253,254,240,87,0,0,0,0,1,0,1,0,0,0,0,0,0,0,0,1,0,123,254,254,254,255,253,255,254,253,255,235,19,0,0,2,0,0,2,2,0,0,0,1,1,0,0,0,0,122,255,182,4,2,95,102,130,123,197,212,118,2,0,0,0,0,1,0,2,0,1,0,2,2,0,1,0,201,255,60,2,0,0,1,1,0,0,12,18,0,3,1,0,0,0,1,1,0,0,0,1,0,1,0,0,215,191,3,1,0,2,1,0,1,0,0,1,0,0,0,0,0,1,0,0,0,2,0,0,0,0,0,0,215,168,0,0,1,0,0,0,0,0,1,0,1,0,0,2,0,0,1,0,0,0,2,1,0,0,0,0,215,172,15,17,51,25,26,51,9,1,0,0,1,0,0,0,0,0,1,1,0,0,0,0,0,0,0,1,184,254,237,241,254,254,254,255,212,132,1,2,2,0,0,0,0,0,0,0,0,1,1,0,0,0,0,1,102,255,255,254,254,254,255,255,255,253,213,51,1,0,1,1,0,0,0,1,0,0,0,1,0,0,0,0,5,186,239,232,179,52,47,85,188,202,250,216,4,0,0,0,0,0,0,0,1,0,0,0,0,0,0,0,0,0,0,0,2,0,0,0,0,0,79,219,121,0,0,0,1,0,0,0,1,1,0,1,0,1,1,3,0,1,0,0,0,0,0,1,1,2,0,99,243,1,0,0,0,2,0,0,0,1,0,0,0,0,0,1,0,0,0,0,0,0,0,0,1,0,0,133,250,1,0,0,0,0,2,0,1,0,0,1,2,0,0,0,0,0,1,0,0,0,1,1,0,0,0,160,248,0,1,1,0,1,0,0,1,0,2,0,0,0,84,209,34,1,1,0,0,0,0,1,0,17,95,252,248,0,0,0,0,1,0,1,0,1,0,1,0,2,92,253,225,164,103,94,5,5,9,102,153,221,253,251,171,0,1,0,0,0,0,1,0,0,0,0,0,1,33,226,252,253,254,254,255,253,220,254,254,255,254,213,0,0,1,0,0,0,1,3,0,0,0,1,1,0,0,17,76,154,220,236,255,254,254,254,154,32,97,23,0,0,0,2,1,2,0,1,2,0,0,0,0,0,1,1,1,2,0,35,225,218,253,123,5,0,0,1,1,0,0,0,0,0,0,1,0,0,1,1,0,1,0,0,0,1,3,0,0,0,1,1,0,0,0,0,0,0,0,2,0,0,0,0,0,0,1,0,1,0,1,0,1,4,2,0,1,0,0,1,0,2,0,1,0,1,0,0,0,0,0,0,0,2,1,0,0,0,0,0,0,2,1,1,0,1,0,1,0,1,1,0,0,0,0,1,1,1,2
0,0,2,0,1,0,0,0,0,0,1,0,1,0,1,0,0,0,2,0,0,0,0,0,1,0,0,0,1,1,0,0,1,0,1,1,0,0,1,1,0,0,0,0,0,0,0,0,0,1,0,0,1,0,0,1,0,1,0,2,1,0,0,1,1,1,0,0,1,0,0,1,0,0,0,1,0,0,0,0,0,0,0,0,1,2,0,1,1,0,0,1,0,0,0,0,1,1,1,1,2,0,0,1,2,1,1,1,0,0,2,1,0,1,0,0,0,0,0,1,0,0,1,0,0,0,0,1,0,0,0,0,0,0,1,0,1,0,0,0,1,0,2,0,0,1,2,1,0,1,0,0,36,221,238,49,0,1,0,0,0,0,0,0,2,0,1,1,0,0,0,0,0,0,0,0,1,1,0,38,219,250,253,238,86,84,86,75,0,1,1,0,2,1,0,0,0,1,0,1,0,2,1,0,1,0,2,143,251,253,252,250,254,252,250,244,196,136,38,0,1,1,0,0,1,0,0,0,0,1,0,0,0,5,107,250,252,250,253,252,255,252,253,252,253,253,224,52,1,0,0,1,1,0,0,0,1,1,0,0,0,29,252,254,252,254,252,253,253,250,253,236,189,253,253,227,46,0,2,1,0,0,0,0,0,0,0,0,0,28,253,255,253,196,0,1,0,0,0,1,0,193,252,252,226,0,1,0,1,1,2,0,1,0,0,0,19,181,253,253,220,53,0,2,0,0,0,0,0,12,228,252,222,0,1,1,2,0,0,0,1,0,0,0,89,253,254,255,59,0,1,0,1,0,3,0,0,0,226,251,223,0,0,0,0,0,1,0,0,0,0,1,197,251,252,178,9,0,0,0,0,2,1,0,0,74,245,252,222,0,1,0,0,0,0,0,0,1,1,1,195,251,253,139,2,0,0,0,0,0,0,1,1,113,252,250,144,0,0,0,0,0,0,2,0,1,1,87,254,254,189,0,1,0,0,0,2,1,2,0,63,255,253,230,48,1,1,1,0,0,1,0,0,1,1,211,252,251,112,0,0,0,0,0,0,0,1,26,242,254,223,51,0,0,0,0,0,1,0,1,1,0,89,244,253,230,25,1,0,0,0,0,0,0,45,157,251,227,51,0,0,0,0,0,2,0,0,0,0,0,113,253,251,224,0,0,1,1,0,0,0,11,203,252,253,127,0,1,1,0,0,1,1,0,0,0,0,1,112,252,250,223,0,0,2,0,0,0,64,177,250,253,174,0,1,2,1,0,1,0,0,0,0,0,1,0,113,251,252,226,0,0,2,0,13,112,255,253,253,162,1,0,0,1,0,1,0,0,1,0,0,0,0,2,74,243,252,233,83,49,77,84,181,253,252,223,134,8,1,0,1,1,0,0,0,2,0,2,0,0,0,0,0,227,250,253,251,229,245,251,252,252,228,52,1,0,0,0,0,0,0,2,1,0,0,0,0,0,2,0,1,122,245,254,253,253,252,251,251,144,48,0,0,2,0,0,0,0,1,0,0,0,0,1,0,1,1,2,2,0,87,206,254,251,252,144,100,2,0,0,0,1,0,1,1,2,1,0,0,0,0,0,1,0,2,0,1,0,1,0,2,0,0,0,0,1,0,0,0,0,0,0,0,0,1,2,0,2,0,0,0,0,0,0,0,2,0,0,0,1,0,0,0,0,0,2,2,1,1,0,2,1,1,0,0,0,0,0,0,0,0,0,0,0,0,0,0,0,0,0,1,0,1,1,2,2,0,0,0,0,1,1,0,0
0,0,0,1,1,0,0,2,0,0,0,0,2,1,0,0,0,0,0,0,0,0,1,0,1,0,0,1,0,0,0,1,0,1,0,0,1,1,0,1,0,0,1,0,0,0,0,0,0,1,0,0,1,0,2,1,2,0,0,0,0,0,0,1,0,0,1,1,1,0,0,0,0,0,0,0,0,1,0,0,0,0,0,2,0,2,0,1,0,0,0,0,1,0,1,1,0,2,0,0,0,0,1,0,0,0,0,0,0,0,0,0,0,0,0,0,0,0,0,0,0,0,1,0,122,166,0,0,0,1,2,2,0,0,1,0,0,0,0,0,0,0,0,1,0,0,0,1,0,0,0,1,204,208,0,1,1,1,1,0,0,1,0,0,0,0,1,0,2,0,1,1,1,1,2,1,0,1,0,0,191,211,1,0,1,1,0,0,1,0,0,1,1,0,0,1,1,1,1,0,0,0,0,0,1,0,0,2,223,221,10,0,1,0,1,0,2,1,0,1,0,0,1,0,0,1,1,0,0,1,0,0,0,1,0,1,152,248,70,0,1,1,0,1,0,2,1,0,0,1,0,2,0,0,0,1,0,0,1,0,0,0,0,1,90,255,115,0,0,0,0,1,0,0,1,0,1,0,0,1,0,1,0,0,1,0,1,1,1,0,0,0,29,255,179,0,0,1,2,0,1,0,0,1,0,0,1,0,0,0,0,0,0,0,2,0,1,2,0,0,16,253,178,0,0,0,0,0,1,0,0,0,0,0,0,0,1,0,0,0,0,0,0,0,1,0,0,1,15,244,215,0,0,1,0,1,2,0,0,0,0,0,1,0,0,0,1,1,1,0,0,1,1,0,0,0,0,149,255,67,0,0,0,1,0,0,0,0,0,0,0,0,1,2,1,1,0,0,0,0,0,0,1,0,0,90,255,107,1,1,0,2,0,0,0,0,1,0,0,0,0,0,3,0,0,0,1,0,0,0,0,0,1,47,254,168,2,0,0,2,1,0,0,1,0,0,0,2,1,0,0,0,0,0,0,0,0,0,2,0,0,3,201,253,70,0,0,0,0,0,0,0,1,1,0,0,0,0,0,1,0,0,0,0,0,0,0,0,2,1,92,255,133,1,1,0,0,0,0,0,0,0,0,0,0,0,0,1,0,0,0,0,0,0,1,0,0,0,10,232,247,35,1,0,2,0,0,1,0,1,1,0,0,1,1,1,1,1,0,0,0,1,1,0,0,0,2,129,253,91,0,0,0,0,0,0,1,0,2,0,2,0,0,1,1,1,0,0,2,1,0,0,0,1,1,105,253,129,0,0,1,0,0,0,1,2,1,1,0,0,0,1,0,0,0,0,0,0,0,0,0,1,0,35,251,236,0,0,0,0,0,0,1,1,0,0,0,0,0,0,0,0,1,0,1,0,0,0,1,2,1,5,217,225,0,1,1,0,0,1,1,0,0,2,0,0,0,0,0,2,1,0,0,0,0,0,0,1,0,23,241,143,2,0,0,0,0,0,1,0,0,1,1,0,0,0,0,1,0,1,0,0,0,1,0,1,0,0,0,0,1,2,0,1,0,0,0,0,0,0,0,0,1,0,2,0,1,0,0,0,0,0,0,1,1,0,0,1,0,0,1,0,1,0,0,2,0,0,1,4,0,0,0,0,0,0,0,0,0,1,0,2,0,0,0,0,0,0,0,0,0,0,0,0,0,0,0,1,0,2,0,0,1,0,0,1,0,0,0,0,1,1,0,0,0,0,0,1,0,2,0,0,1,0
0,0,0,0,0,0,0,0,0,2,0,1,0,0,0,2,1,0,0,0,0,0,0,0,0,1,0,0,0,1,0,1,0,1,0,1,1,1,0,1,0,2,0,1,1,0,1,1,0,1,0,1,1,0,0,0,1,0,0,0,1,1,2,0,2,0,1,2,0,0,0,0,0,1,0,0,0,0,0,0,0,1,0,0,0,0,0,0,0,0,1,0,0,3,0,0,0,0,0,2,1,0,0,1,0,0,0,0,0,1,0,0,1,0,1,0,1,0,0,0,0,1,0,0,0,0,1,0,0,0,0,0,0,0,0,0,0,0,0,0,0,0,0,0,0,0,0,1,0,0,0,0,1,0,2,2,93,253,150,6,1,0,0,1,0,1,0,0,1,0,1,0,0,0,0,1,0,0,0,0,0,0,0,24,252,254,252,84,0,1,1,0,1,1,1,0,1,2,0,0,0,0,0,0,2,2,0,0,0,2,0,132,253,253,252,192,1,1,0,0,1,1,0,1,0,0,0,0,0,0,0,1,0,0,0,0,1,0,23,213,252,253,252,192,1,0,0,0,0,0,1,0,1,0,0,2,0,0,1,0,0,0,0,0,0,3,94,252,251,254,252,105,0,0,0,0,0,0,1,2,0,1,1,0,0,0,0,1,0,0,0,1,0,85,192,253,253,253,218,17,0,0,0,0,0,0,1,0,1,0,0,0,0,1,2,0,1,2,0,0,0,207,251,254,252,253,206,2,0,0,1,0,0,0,2,2,0,0,0,1,0,1,2,0,0,0,0,0,84,249,252,251,253,250,101,0,0,0,0,1,0,0,1,0,0,0,0,1,0,0,0,0,0,1,0,0,98,206,247,247,206,234,46,0,1,1,0,0,0,1,1,0,1,0,0,1,0,1,0,0,0,0,1,0,52,237,253,252,236,57,0,0,0,0,0,0,0,1,0,1,1,0,0,0,0,1,0,0,0,0,0,1,58,243,253,253,230,1,0,0,0,0,0,0,0,2,1,2,0,1,0,2,0,1,2,0,0,0,0,63,237,254,252,251,146,0,1,0,2,0,2,2,1,0,1,0,1,0,0,1,0,1,0,0,0,1,11,212,251,251,252,242,0,0,1,0,1,0,0,1,0,0,2,0,2,1,0,1,0,0,0,0,0,0,153,252,252,252,250,160,0,0,0,0,0,1,0,0,0,0,0,0,0,1,0,0,0,0,0,1,0,1,193,253,252,254,250,36,0,0,1,0,0,1,0,0,2,0,1,0,0,1,0,0,0,1,0,0,1,0,192,254,252,221,156,0,0,0,0,0,0,0,0,1,1,1,1,0,0,0,1,0,0,0,1,1,1,2,194,252,252,103,119,0,0,0,1,2,0,0,0,0,1,0,0,0,2,0,0,1,2,0,0,1,1,0,119,234,252,220,130,1,0,0,0,1,0,0,0,0,0,1,0,0,1,1,0,0,0,1,0,1,1,1,0,152,250,252,131,1,0,0,0,1,0,0,0,1,0,1,0,0,0,0,0,1,1,0,0,1,0,1,2,5,114,190,70,1,0,0,1,0,0,0,2,0,0,0,1,0,0,0,0,2,0,0,1,0,0,0,1,0,0,0,0,0,1,0,1,0,0,1,0,0,0,1,1,0,0,0,0,2,0,1,1,0,0,0,0,0,0,1,2,0,0,1,0,1,1,0,2,0,0,1,1,0,0,0,0,0,0,0,0,0,1,0,0,2,0,0,0,0,0,0,1,0,2,0,0,1,0,1,0,2
1,2,0,1,0,0,0,0,3,0,0,0,0,0,3,0,0,0,0,2,1,0,1,0,0,0,1,0,0,0,0,1,0,0,2,0,0,0,1,0,0,1,1,0,1,0,0,1,0,0,0,2,0,2,1,1,0,0,0,1,1,1,1,1,0,0,0,0,0,1,0,0,1,0,0,0,0,1,0,0,1,0,2,0,0,0,0,0,0,1,0,0,0,1,1,0,0,2,0,0,2,1,0,0,1,0,3,0,0,0,0,1,0,0,1,0,0,1,1,0,0,13,183,71,0,0,0,0,0,0,1,0,0,0,0,0,0,0,0,1,0,1,0,0,0,0,1,0,1,66,246,238,47,0,1,0,1,0,2,0,0,0,0,1,0,0,0,1,1,0,0,0,0,0,1,1,0,0,231,253,108,0,0,1,0,0,0,2,0,1,1,0,0,0,0,0,2,0,0,0,2,2,1,0,0,2,68,253,250,89,0,0,0,1,0,0,0,0,0,0,1,0,0,0,0,0,0,0,0,0,1,0,0,0,14,252,253,213,0,0,1,0,1,0,0,0,0,0,1,0,0,3,0,0,0,1,0,0,0,0,0,1,2,175,253,252,86,0,2,1,0,2,0,0,0,0,0,0,2,1,0,2,0,0,1,0,0,1,0,0,2,52,247,254,163,0,0,0,0,0,1,1,0,0,1,0,1,0,1,0,0,0,0,0,2,0,0,0,0,0,188,253,220,1,0,1,0,0,1,1,0,1,1,0,0,0,0,2,0,0,0,0,0,0,0,2,0,0,187,252,245,57,0,0,0,0,2,1,0,0,1,0,1,0,0,0,1,0,0,1,0,0,0,1,0,0,91,254,252,173,0,0,0,1,0,0,0,0,0,0,0,1,0,0,0,0,0,0,1,0,0,1,2,0,0,159,255,255,106,0,1,1,0,1,0,0,0,1,0,0,0,0,0,0,1,2,0,0,0,1,0,0,1,34,254,253,153,0,0,0,0,1,0,0,0,0,0,1,0,0,0,0,2,0,1,0,0,1,0,0,0,0,254,251,152,0,0,0,2,0,0,2,0,0,0,2,1,0,0,0,0,0,1,0,2,2,0,0,0,1,137,252,247,8,1,2,0,0,0,1,0,0,0,2,0,0,0,0,0,0,0,0,0,0,3,1,0,1,33,252,251,82,0,0,0,0,1,0,0,0,0,0,0,2,1,0,0,0,0,1,0,1,1,0,1,0,34,252,250,123,0,0,0,0,0,0,0,0,0,0,0,0,0,3,1,1,0,0,0,1,0,0,0,0,4,181,251,220,1,0,0,2,0,0,1,0,1,0,0,1,2,0,0,0,0,0,0,0,1,2,0,0,0,176,251,231,0,0,0,0,0,0,0,0,0,0,0,1,0,1,0,1,0,1,0,0,0,1,0,1,2,75,239,248,65,0,1,1,0,2,0,1,0,0,0,0,3,1,0,1,0,0,0,0,0,0,0,0,1,0,161,194,52,0,0,0,1,0,2,1,1,2,0,0,1,0,1,0,1,0,0,0,0,1,1,0,2,0,0,1,0,1,0,0,1,2,0,0,0,0,1,1,0,0,0,0,0,0,1,0,2,0,0,0,0,0,1,0,1,0,0,2,0,0,1,0,0,0,0,0,0,0,0,1,1,0,1,2,1,0,0,0,0,0,0,0,1,0,0,0,0,0,0,0,2,0,1,0,1,0,0,0,0,0,0,0,0,0,0,0,0,0,1,0,1,0,0,1,0,2,0,1,3,0
1,0,0,0,0,0,0,0,0,0,1,1,0,1,0,2,2,0,0,0,0,1,2,1,0,0,1,0,0,1,0,0,2,1,0,0,0,0,0,0,0,1,0,0,0,0,0,0,0,0,1,1,0,0,0,0,0,0,1,0,0,0,1,1,3,1,0,0,0,1,0,0,0,0,1,1,0,1,0,0,0,0,0,0,0,0,0,0,0,0,0,0,0,0,0,0,1,1,0,0,0,1,1,0,1,0,0,0,1,0,1,0,1,0,2,1,0,1,0,0,0,0,2,0,1,0,1,0,2,30,106,232,255,169,9,0,2,0,0,2,0,0,1,0,0,1,1,0,0,0,0,0,1,0,0,2,98,251,252,252,252,242,127,0,1,0,0,0,0,0,1,0,0,0,2,1,0,0,0,1,1,0,1,147,245,252,253,254,248,137,98,0,0,0,1,0,0,0,1,0,0,0,0,0,0,1,0,0,0,1,195,250,255,175,145,232,252,232,45,1,1,1,0,2,1,0,1,0,0,0,0,0,1,0,0,1,16,153,254,253,165,3,0,1,159,252,193,7,0,0,1,2,1,1,2,0,2,0,1,1,1,0,0,14,141,252,254,116,10,0,0,1,33,254,252,33,1,0,0,0,1,0,0,2,0,0,2,0,0,0,0,150,253,253,69,5,0,0,0,1,6,210,253,31,0,1,0,0,1,0,1,0,0,1,0,0,2,0,147,253,240,161,0,0,0,0,0,0,30,254,241,30,0,0,1,1,0,0,2,0,0,2,0,0,2,99,249,252,142,0,1,0,0,0,0,0,122,251,177,1,1,0,0,0,0,0,0,0,0,0,0,0,48,246,253,186,37,0,0,0,0,0,2,0,170,236,50,0,0,0,2,0,0,2,0,0,0,0,0,28,216,253,254,86,0,0,0,0,0,0,9,158,254,197,0,0,0,0,0,1,0,1,0,0,0,0,0,162,254,253,89,2,0,1,0,0,1,6,157,252,246,33,0,2,0,0,0,0,1,0,0,1,0,1,127,253,253,135,4,0,0,0,0,0,0,65,254,254,107,0,0,1,0,0,0,1,0,1,0,0,1,36,231,254,200,2,0,0,0,0,1,16,110,251,249,106,0,0,0,0,0,0,0,0,0,0,0,0,0,140,254,250,107,3,0,0,1,0,55,194,253,240,69,0,0,0,0,0,1,0,1,1,2,0,0,1,12,205,253,192,0,0,1,0,0,124,255,255,254,105,0,0,0,1,0,0,0,0,0,0,0,0,1,2,34,253,252,122,0,0,63,122,205,252,255,169,90,1,0,0,1,0,2,0,0,1,1,0,0,0,0,2,33,252,253,204,155,155,244,253,254,234,100,30,0,0,2,0,0,1,0,0,0,0,0,0,0,0,1,0,23,230,252,252,253,253,253,241,143,38,1,0,2,0,0,0,0,1,1,0,1,0,0,0,0,0,1,0,0,24,215,253,253,252,146,28,0,0,0,1,1,2,0,0,0,1,0,1,0,1,0,1,0,0,0,0,0,1,1,2,0,0,0,0,0,1,0,1,0,0,0,1,0,0,2,1,0,1,0,0,0,0,0,0,3,0,2,0,0,0,1,0,0,2,0,0,0,0,1,0,1,0,0,0,1,0,0,0,0,0,0,0,0,0,0,2,0,0,0,1,0,0,0,1,2,2,0,3,0,1,1,0,0,0,0,0,2,0,0,0,0,0,0,1,0,2,0,0,2,0,0,0,0,0,0,0,0,0,0,0,0,1,0,0
0,0,0,0,0,0,0,0,0,0,1,0,0,0,0,0,0,1,0,0,0,0,0,0,1,1,0,0,0,0,2,1,0,2,0,0,0,1,0,0,0,0,0,0,1,0,3,1,0,0,0,1,0,0,1,1,0,0,0,0,1,1,0,1,2,0,0,0,0,0,0,0,0,1,0,0,1,0,0,0,0,1,0,0,0,0,0,1,1,0,0,0,1,0,0,0,0,0,0,0,1,0,0,1,0,1,0,0,0,0,0,1,1,2,0,0,0,1,0,1,1,0,0,0,0,2,1,0,1,0,0,2,1,2,0,0,1,1,0,0,1,1,0,0,0,1,0,0,2,1,1,0,0,2,1,0,0,0,0,0,0,0,2,2,0,1,1,2,0,0,0,0,0,2,0,16,108,227,254,254,255,174,80,1,0,0,0,1,1,0,0,0,0,0,0,0,0,0,0,0,0,0,10,190,252,252,189,143,107,185,244,78,1,0,0,0,0,1,0,0,0,1,0,1,0,0,0,0,0,0,111,252,222,155,6,0,1,3,168,249,81,1,0,1,0,0,0,2,1,1,0,2,0,0,1,0,1,0,219,253,38,0,0,0,0,2,9,174,217,23,1,0,0,1,0,0,0,0,0,0,0,0,0,0,0,0,221,253,93,0,1,0,0,1,0,43,231,195,0,0,1,0,0,0,0,0,0,0,2,0,0,0,0,0,76,243,230,47,0,1,1,0,0,1,78,230,11,1,2,0,0,0,2,1,2,0,0,0,0,0,0,0,2,117,245,230,77,0,0,0,45,179,47,233,108,0,1,0,0,1,0,0,0,0,1,1,2,0,0,1,0,2,77,244,250,163,36,0,60,254,139,129,250,19,0,0,0,0,0,1,0,1,0,0,0,0,2,0,0,0,1,43,166,252,244,192,132,254,182,48,251,20,0,2,1,2,0,1,2,2,0,0,1,0,3,0,1,0,0,2,0,40,202,223,253,253,253,172,254,80,0,0,0,1,0,0,0,0,0,0,0,1,0,0,0,0,0,0,0,1,0,22,50,182,253,131,252,120,0,0,0,0,0,0,0,0,0,0,1,1,1,2,0,0,1,2,0,1,0,0,0,114,253,39,208,182,0,0,0,0,3,0,1,2,0,2,1,0,0,0,0,1,0,2,0,1,0,0,0,114,253,30,181,134,1,1,0,1,0,0,1,0,1,0,0,0,0,0,0,1,0,1,0,0,1,0,0,115,254,31,178,120,0,1,0,0,0,1,0,0,1,0,0,1,0,0,0,0,0,0,0,0,0,0,1,115,255,52,245,119,2,1,0,0,1,0,0,0,0,0,0,0,0,0,1,0,0,0,0,1,0,1,0,113,252,87,253,50,0,0,0,0,1,0,0,1,0,0,0,1,1,1,0,0,0,2,0,0,0,0,2,114,254,206,252,22,0,0,0,1,1,1,0,0,0,1,1,0,1,0,1,0,0,1,1,0,0,0,0,115,253,252,225,14,0,1,2,0,1,0,1,0,0,0,0,1,0,0,0,1,0,0,0,0,0,1,0,117,252,239,35,1,0,0,0,1,1,1,0,1,0,0,0,0,0,1,0,0,0,2,1,0,1,0,1,69,219,149,2,1,0,0,1,0,0,0,0,1,0,0,0,1,0,0,2,1,1,1,0,0,0,0,0,0,0,0,0,1,0,0,1,0,0,0,0,0,0,2,0,1,1,2,1,0,0,0,0,0,0,0,0,0,1,0,1,0,0,2,0,0,0,1,2,1
0,0,0,0,0,0,0,2,0,0,0,1,0,0,0,1,0,0,0,1,1,0,1,0,0,0,0,1,0,1,1,0,0,1,0,0,0,0,0,1,0,0,1,0,1,0,1,0,1,0,0,0,0,0,1,0,0,0,0,1,0,0,2,0,1,1,0,0,0,0,0,0,1,0,0,0,0,0,0,0,0,0,2,0,2,1,2,0,1,0,0,0,1,0,0,0,0,0,0,1,0,0,0,1,1,0,1,0,3,0,2,1,0,1,0,0,0,0,0,2,0,1,0,0,0,0,0,0,0,0,0,1,0,0,0,2,0,0,2,1,0,0,1,0,0,0,1,0,0,11,13,97,221,255,253,245,65,17,0,0,1,1,0,0,1,0,0,0,0,0,1,1,0,1,0,0,0,138,213,252,252,251,253,254,253,198,10,0,1,1,0,0,0,0,0,1,1,0,2,0,1,0,1,0,25,234,253,252,254,194,183,255,252,252,196,50,1,0,1,0,1,2,0,0,0,1,0,2,0,1,0,0,189,251,160,251,252,45,1,48,119,226,252,229,95,0,0,0,0,0,0,0,0,0,0,1,0,0,0,0,210,253,138,254,187,4,0,0,0,46,232,251,117,0,0,0,0,1,1,2,2,0,1,1,0,0,0,1,1,116,255,254,122,0,1,1,2,0,86,252,245,50,0,0,0,1,0,0,0,0,0,0,0,0,0,0,0,116,252,244,56,0,0,0,0,0,0,230,254,162,0,0,0,1,0,1,1,2,0,0,1,0,0,0,101,214,246,97,0,0,0,0,0,0,0,200,254,205,0,1,0,0,0,0,0,0,0,0,0,1,0,0,208,254,229,0,0,0,0,0,0,0,0,116,254,242,56,1,0,0,2,1,0,0,1,0,0,0,1,0,206,253,232,0,0,0,0,0,0,1,0,168,253,231,37,0,0,1,0,1,0,1,1,1,0,0,0,38,233,242,52,0,2,1,0,2,1,0,0,232,254,207,0,0,0,2,0,0,0,0,0,0,0,0,0,68,252,137,0,0,0,0,0,0,0,1,0,230,253,185,2,0,0,0,0,0,0,0,2,0,0,0,0,70,254,104,0,1,1,0,0,0,0,0,101,246,247,66,0,0,1,0,0,0,0,0,0,0,0,0,0,111,253,22,1,0,0,2,0,0,1,58,244,253,135,0,0,0,1,0,0,0,0,1,0,0,1,0,2,131,210,12,1,0,0,0,1,0,23,206,251,253,62,0,0,0,1,0,0,0,0,2,0,0,0,0,0,70,252,87,2,0,1,0,0,14,170,253,252,75,0,0,1,0,0,0,0,1,0,2,1,0,0,1,1,121,252,210,26,17,0,82,108,212,253,252,192,7,1,1,0,1,1,1,1,1,0,0,0,1,0,0,0,70,250,252,223,208,185,240,252,252,240,152,44,0,0,0,0,0,0,0,1,0,0,1,0,0,0,1,0,15,214,251,252,252,253,209,241,200,79,0,0,0,0,0,0,0,1,0,0,1,0,0,0,0,0,0,0,1,19,178,253,252,168,84,138,10,0,1,0,0,0,0,0,1,0,0,0,1,1,0,0,0,0,0,0,2,0,0,0,0,1,0,0,0,1,0,0,0,0,0,2,0,0,1,0,0,1,0,0,1,1,2,0,0,1,0,0,0,1,0,0,1,1,0,0,1,0,0,0,0,0,2,1,0,0,0,0,0,1,0,0,1,0,0,0,1,1,0,2,2,0,1,1,0,1,0,0,1,0,0,2,1
0,0,1,0,0,1,2,1,1,0,1,1,0,0,0,1,0,0,1,0,0,0,0,0,0,0,0,1,0,1,0,0,0,0,0,0,0,0,0,1,1,1,0,0,1,1,0,0,1,0,0,0,1,0,0,0,0,0,1,0,1,0,1,0,0,1,0,1,0,2,0,0,1,0,1,0,2,0,0,0,2,0,0,0,0,0,1,0,0,0,2,0,0,0,0,1,0,0,2,0,2,0,1,0,0,0,0,1,0,0,0,1,0,0,0,0,0,0,0,0,0,0,2,0,0,0,0,0,0,0,2,0,1,0,0,1,1,0,0,0,0,0,0,1,0,0,0,0,0,0,0,0,0,0,0,0,0,0,1,0,0,1,0,0,0,2,0,0,0,0,1,0,0,0,0,0,115,203,253,255,209,67,1,1,1,0,0,1,0,1,1,0,1,1,0,0,1,0,0,0,1,0,4,160,231,131,28,84,219,160,0,0,0,1,0,0,0,0,0,1,0,0,1,0,0,1,0,1,0,0,9,254,38,1,1,0,118,232,1,0,0,0,1,2,0,2,0,0,0,2,1,0,0,0,1,1,0,0,8,228,17,0,0,1,29,254,65,0,1,0,0,0,0,1,0,0,0,1,0,0,0,0,0,0,1,0,1,41,8,1,0,0,28,255,94,0,1,0,0,0,0,0,0,1,0,0,1,1,0,0,2,0,0,1,0,0,0,0,2,1,36,253,96,0,0,0,0,0,0,0,0,2,0,1,0,0,0,0,0,0,0,2,0,1,0,0,0,0,122,252,63,1,0,0,0,1,0,0,0,2,1,0,0,1,0,1,0,0,1,0,0,1,0,0,0,1,142,196,1,3,1,0,2,0,0,1,1,1,1,0,0,0,0,0,0,0,1,0,1,0,1,0,0,39,236,115,0,0,1,1,0,0,0,2,1,0,1,2,0,0,0,0,0,0,0,1,0,1,1,1,0,187,254,206,190,174,55,0,1,0,1,0,0,0,1,1,1,1,0,0,0,0,0,1,0,0,3,0,0,247,221,189,190,199,255,226,12,0,1,0,0,0,0,0,1,1,0,0,0,1,2,0,0,0,0,2,0,26,15,0,0,7,32,150,207,53,0,1,0,0,0,1,1,0,0,0,3,1,1,0,0,0,1,0,0,0,0,1,1,1,0,0,121,243,30,1,1,1,1,0,0,0,1,1,0,1,0,0,0,0,0,0,1,0,0,0,0,0,0,0,0,208,138,1,0,0,2,0,0,0,0,1,0,0,0,1,0,0,0,0,0,0,1,0,0,0,0,0,0,121,248,9,0,1,2,2,0,1,1,1,0,0,0,0,0,1,0,1,0,1,0,0,1,0,0,1,0,38,254,7,0,0,0,1,0,0,0,0,2,0,0,0,0,0,0,0,0,0,0,0,1,0,0,0,0,20,255,8,0,1,0,0,0,1,0,1,0,1,2,0,0,1,0,0,0,0,1,0,0,1,1,1,0,96,254,8,0,0,0,0,1,0,0,0,0,0,2,2,1,0,0,2,2,0,1,0,0,0,1,0,4,212,134,4,1,1,0,0,0,1,0,0,0,1,0,0,0,1,0,1,0,2,0,0,2,1,0,30,160,246,48,0,1,0,0,0,0,0,1,0,2,0,1,0,0,0,1,0,0,0,2,0,0,0,2,0,0,0,1,0,0,0,0,0,0,0,0,0,0,1,0,0,0,1,0,1,0,0,0,0,0,2,0,0,0,1,1,1,3,0,2,0,0,0
0,0,0,0,0,0,0,0,0,0,0,0,0,0,1,0,0,0,0,0,0,0,0,0,0,1,0,0,0,0,1,0,0,0,1,0,0,0,0,0,1,1,1,0,0,0,0,0,2,0,0,1,0,1,0,0,1,0,1,0,2,0,1,0,1,0,0,0,0,0,0,0,0,0,1,0,0,0,0,0,1,0,0,0,0,1,0,0,1,0,1,0,1,0,0,0,0,0,1,1,0,0,0,0,0,0,3,0,0,1,0,0,0,0,2,0,1,0,0,0,2,0,0,1,4,129,215,10,0,0,0,1,0,0,0,0,0,0,0,0,0,1,0,0,0,0,0,1,0,0,0,2,19,254,255,128,1,0,1,0,2,0,0,0,0,0,0,1,1,0,0,0,0,0,1,2,0,1,0,2,20,254,255,252,75,0,1,1,0,1,1,0,2,0,0,0,0,1,0,0,0,2,0,0,0,0,0,0,129,253,254,253,88,1,0,0,0,0,0,1,1,0,0,0,1,1,0,0,0,0,2,0,0,0,0,0,125,254,255,255,87,1,0,0,0,0,0,0,0,1,1,1,0,0,0,0,0,1,0,0,0,0,0,0,127,253,254,255,85,3,1,0,1,0,1,0,0,1,0,0,0,0,0,1,2,0,0,0,2,0,0,0,146,255,255,254,87,0,0,0,0,0,0,0,1,1,0,0,0,0,0,0,0,0,0,0,0,0,0,0,235,254,253,254,89,1,0,0,1,0,1,0,0,0,1,0,0,0,0,0,0,1,1,2,2,0,0,0,234,254,253,245,43,1,1,0,1,0,1,0,0,1,1,1,0,1,1,1,1,0,0,2,1,1,0,1,235,253,254,234,0,2,0,0,0,0,0,0,0,1,0,0,1,0,0,0,1,0,0,1,1,0,0,69,250,255,252,234,0,0,0,3,0,0,2,0,0,0,2,0,1,1,0,0,0,0,0,0,0,0,1,87,254,253,255,232,0,0,1,1,0,0,1,0,0,0,0,0,0,1,2,0,2,1,1,0,0,0,0,88,255,254,254,235,0,2,0,0,0,0,0,1,0,0,0,1,1,0,1,0,0,1,0,1,0,0,0,89,255,255,254,233,0,0,1,1,0,1,1,0,0,1,1,0,0,0,0,1,1,0,1,2,0,0,0,88,253,253,255,232,0,0,0,1,0,0,0,0,0,0,2,0,0,0,0,0,0,2,0,0,0,0,1,87,254,255,255,235,0,0,0,0,0,1,0,0,0,0,0,0,1,0,0,0,1,0,1,1,1,0,0,87,254,252,254,232,0,0,0,0,1,0,0,0,0,2,1,0,0,0,0,1,0,0,1,0,0,2,3,87,255,253,254,235,0,0,1,1,1,0,0,0,0,0,0,0,1,1,0,1,0,0,1,0,0,0,0,63,247,253,255,201,0,2,0,0,1,0,0,0,0,0,0,0,0,1,0,0,0,0,1,1,0,0,0,0,187,210,38,19,1,0,1,0,0,0,1,0,0,2,0,2,0,0,2,0,0,1,0,0,1,1,0,0,1,0,0,0,0,0,1,1,0,1,0,0,0,1,2,0,0,0,1,3,0,0,0,0,0,0,0,1,2,1,0,0,0,2,0,1,1,0,0,0,0,0,0,0,2,0,0,0,0,1,1,1,0,0,0,0,1,2,0,0,0,0,0,2,0,0,0,0,0,1,1,0,1,0,1,0,0,0,0,0,0,0,0,1,2,1,1,0,0,0,0,0,1,1,2,0,1,2,1,1
0,0,0,1,0,0,2,0,0,0,2,0,0,0,2,1,0,0,1,1,0,0,0,2,0,0,0,0,0,0,1,0,1,1,0,0,1,1,0,0,0,0,0,1,0,0,0,0,0,0,0,0,0,0,0,0,0,2,1,0,0,0,0,1,0,1,0,1,0,1,0,0,1,1,0,1,1,1,2,0,0,0,1,0,0,0,0,0,0,0,0,0,0,0,0,0,0,0,1,0,1,1,191,254,191,0,0,0,0,0,0,0,0,1,0,0,0,0,0,0,0,0,0,0,1,2,0,0,65,191,255,254,255,0,0,0,0,0,0,0,0,0,0,0,1,0,2,0,1,0,0,0,1,0,0,128,255,255,255,254,255,1,0,0,0,0,2,1,0,0,0,0,0,0,1,0,0,0,0,3,2,0,193,255,254,254,255,63,1,0,0,3,0,0,0,0,0,1,1,0,1,1,2,0,0,0,0,0,0,191,253,255,254,253,0,1,0,1,1,0,2,0,0,0,1,0,1,2,0,1,0,0,0,0,1,0,191,255,255,254,190,1,1,0,0,1,0,0,0,1,1,0,2,0,1,0,0,1,0,0,0,0,0,65,255,254,255,190,65,1,1,2,0,0,0,0,1,1,1,0,0,2,0,0,1,1,0,0,0,0,2,191,254,255,255,0,1,1,0,0,0,1,0,1,0,0,0,0,0,0,1,0,2,0,0,0,0,1,127,255,255,255,62,0,0,0,0,0,0,0,0,0,0,2,0,0,0,0,1,1,1,0,0,0,1,62,255,255,255,128,0,0,0,0,0,1,0,0,1,0,0,0,2,0,0,0,0,1,1,1,1,1,0,255,255,255,255,0,1,0,0,0,1,0,1,0,0,0,0,0,1,0,1,1,0,1,0,0,1,0,0,255,255,255,65,191,255,254,255,255,0,0,1,0,0,1,1,1,0,1,0,0,0,0,2,0,0,0,65,255,255,254,255,254,255,254,253,255,190,1,1,0,0,0,0,0,0,0,0,0,1,0,0,0,1,1,127,255,254,254,255,255,255,254,191,253,254,65,0,1,0,0,0,0,1,0,0,0,0,0,2,0,0,1,127,254,254,255,254,255,190,1,192,255,255,127,0,1,0,1,1,0,0,1,0,0,0,0,0,0,0,0,127,255,254,254,254,129,0,191,255,255,254,0,0,1,0,0,0,2,1,0,0,0,0,0,2,0,0,2,0,255,255,255,255,129,253,254,255,255,63,0,0,0,0,0,0,1,0,0,0,0,0,0,0,0,0,0,0,254,255,255,254,255,255,255,254,127,1,0,0,1,2,0,1,2,0,0,2,1,1,1,1,0,1,1,0,64,255,255,255,254,255,255,63,1,0,1,0,0,1,0,1,0,0,0,0,0,0,0,0,2,0,2,0,0,63,128,255,255,189,0,0,0,2,0,0,2,0,0,0,2,0,0,0,0,0,0,1,0,1,0,0,0,2,0,0,0,1,0,0,0,0,0,1,1,1,0,1,1,1,1,0,0,0,0,0,1,0,0,0,0,2,0,0,1,1,0,0,0,0,0,1,2,0,1,0,0,0,0,0,1,0,0,0,0,1,2,0,1,0,1,0,0,1,1,0,0,0,1,0,0,1,1,0,2,2,0,1,1,0,0,1,0,0,0,2,1,1,0,0,0,1,0,2,0,0,0,1,0,1,0,0,0,0,1,0,1,1,0,0,0,0,0,0,0,0,0,0,1,0,1,0,1,1,0,0,1,0,0,0,0,0,0
0,1,0,0,0,0,1,0,0,0,0,1,0,0,0,0,1,0,0,1,0,2,0,2,1,1,1,2,1,1,0,0,1,0,2,0,0,1,1,1,1,1,0,1,0,0,0,0,0,0,0,0,1,0,1,0,0,1,0,0,1,0,0,1,1,0,1,0,0,0,0,0,1,1,0,0,2,0,0,0,0,1,0,1,0,0,1,1,1,0,1,0,0,0,0,0,0,0,0,0,0,0,0,0,0,0,0,1,0,0,0,1,0,0,1,0,0,0,0,2,4,0,0,0,1,0,0,1,0,1,0,0,0,0,2,0,0,0,2,0,1,2,0,0,1,0,0,0,0,0,1,2,0,0,1,0,1,2,2,1,0,0,1,0,0,0,0,0,0,2,1,0,1,0,0,1,0,1,1,77,198,156,13,0,0,0,1,3,2,0,0,0,1,0,1,2,0,2,0,0,0,1,0,1,0,0,87,253,231,40,2,1,0,0,45,221,187,0,0,0,0,0,0,0,1,0,0,1,1,0,0,1,1,3,195,254,190,1,0,0,0,4,175,254,96,2,1,0,2,0,0,0,0,0,0,0,1,0,0,0,0,21,254,255,133,0,1,0,0,55,254,230,12,1,1,0,0,0,0,1,1,0,0,2,1,0,0,0,2,56,254,242,31,0,1,0,1,95,254,184,2,0,0,0,0,1,0,0,0,1,0,0,0,1,0,0,1,114,253,216,0,0,0,1,40,248,255,100,1,0,0,0,0,1,0,0,0,0,1,0,0,0,0,0,1,188,254,152,0,1,1,0,59,255,254,24,0,1,2,0,0,0,1,0,0,0,0,1,0,1,0,1,0,189,254,229,7,0,0,0,135,252,228,14,0,0,1,1,0,0,0,0,1,0,0,0,0,1,0,2,2,110,253,254,162,0,1,7,152,254,196,0,0,1,0,0,0,1,0,0,0,1,0,1,0,0,0,0,1,11,212,254,250,210,207,217,252,252,127,0,1,0,0,0,0,0,0,1,2,1,1,0,1,0,1,0,1,0,27,162,231,255,255,255,255,253,42,0,0,0,0,0,0,1,0,0,0,0,0,1,0,0,0,0,0,0,0,0,17,50,53,104,253,225,14,0,1,0,1,1,0,0,0,1,0,1,0,1,1,0,0,0,0,0,0,0,0,0,1,47,254,202,1,1,0,0,0,0,1,3,0,0,0,1,0,0,0,0,2,0,0,0,2,0,0,0,0,95,254,199,0,0,0,1,0,0,0,1,1,1,0,2,1,1,0,1,0,1,1,0,1,0,0,0,0,130,255,153,0,0,0,0,1,0,0,1,0,0,0,0,0,0,0,1,1,1,0,0,0,0,1,1,13,218,253,95,0,0,1,0,0,1,0,1,0,0,0,0,1,1,0,0,1,1,1,1,0,1,0,0,43,253,255,33,0,0,1,0,0,0,0,2,1,1,0,0,0,2,1,0,0,0,2,0,0,0,0,1,97,253,240,24,0,1,0,0,0,2,0,0,0,2,1,0,2,0,1,1,2,0,0,1,1,2,0,1,155,254,204,1,1,0,0,0,1,0,0,2,0,1,1,0,0,0,0,0,0,0,1,2,0,1,1,0,99,238,84,0,0,0,0,0,0,1,0,0,0,0,0,1,0,1,0,0,0,0,0,1,0,0,0,1,1,0,0,0,0,0,1,0,0,0,1,0,0,0,0,0,0,0,0,0,0,1,2,0,2,0,0,0,0,0,1,0,0,1,0,0,0,1,0,0,2,2
2,0,0,1,1,0,2,0,0,0,0,0,0,0,0,0,0,0,1,0,0,0,1,0,0,0,0,0,0,1,0,1,0,0,1,0,0,0,0,0,1,0,0,0,0,0,2,0,0,0,0,0,0,0,0,0,0,0,0,0,0,2,1,2,0,0,0,0,0,2,0,1,0,0,1,0,1,0,0,0,0,0,0,1,0,0,0,1,0,1,1,2,2,2,0,0,0,1,0,0,0,0,0,0,0,0,0,1,1,1,0,0,0,1,0,0,0,0,0,0,0,0,0,0,57,133,254,252,237,131,106,3,0,1,0,0,0,1,0,0,0,2,0,1,0,0,1,1,0,0,21,73,192,251,254,252,252,253,251,128,0,1,0,0,0,1,0,0,1,1,0,0,0,1,0,1,1,47,235,252,251,252,253,252,251,254,251,226,48,0,0,0,0,1,0,0,0,1,0,0,2,1,0,2,0,74,252,252,252,253,252,253,251,252,253,252,184,8,1,1,0,1,0,0,0,0,1,0,0,0,0,1,1,74,252,253,252,194,72,72,97,253,251,252,253,36,0,1,0,0,1,1,1,0,0,0,2,0,2,1,0,15,100,179,128,5,2,1,37,252,251,253,251,38,1,0,0,0,0,2,0,1,2,0,0,0,1,0,0,1,2,1,0,1,1,0,36,250,250,252,252,36,1,1,0,0,0,0,0,0,0,0,0,0,0,0,1,0,0,3,0,0,0,0,140,255,251,251,178,3,2,0,1,2,0,0,0,0,0,0,1,0,0,1,0,0,2,0,0,0,0,131,242,253,251,222,39,1,0,0,2,0,0,0,0,1,0,1,0,0,0,1,0,0,1,0,0,1,71,246,253,251,252,181,1,0,0,2,1,3,1,0,2,1,1,1,0,0,0,0,0,0,0,0,0,70,255,254,253,254,216,29,0,2,0,0,0,1,1,0,0,0,0,2,0,0,0,0,0,0,0,1,76,246,254,253,252,247,64,0,0,0,0,0,0,1,0,1,1,2,0,0,0,0,1,0,0,0,1,77,244,252,253,253,253,212,28,0,0,1,1,0,2,2,0,1,0,0,2,1,0,0,0,0,1,0,80,241,251,252,255,250,253,252,231,133,10,0,1,0,0,0,0,0,1,0,2,1,0,1,0,2,43,97,239,253,250,251,252,252,252,251,253,253,77,0,0,0,0,1,0,0,1,1,1,0,1,0,12,153,235,251,251,253,253,251,252,252,255,251,253,233,63,0,0,0,0,1,0,1,0,0,1,1,0,0,36,253,251,252,252,252,251,252,253,254,251,251,253,140,0,0,0,1,0,0,1,1,2,0,1,0,1,0,140,252,252,252,252,252,250,252,254,242,154,155,125,7,0,0,0,0,0,1,2,0,0,0,1,2,0,0,104,253,252,251,251,251,205,143,24,22,0,0,0,0,0,0,1,0,0,0,0,0,0,0,1,1,0,0,19,153,252,251,154,84,8,0,0,1,0,0,0,0,0,1,0,0,0,0,0,0,1,0,1,0,0,1,0,0,0,0,0,0,0,0,1,0,0,0,1,0,0,0,1,1,0,0,0,0,0,0,0,0,1,0,0,0,0,0,1,1,0,0,2,0,0,0,0,0,0,1,0,0,1,0,0,0,1,0,1,1,2,0,1,0,0,1,1,0,2,1,0,1,0,2,0,0,0,1,1,0,0,0,1,1,0,0,0,0,1,0,2,0,0,0,0,2,0,0,0,0,1,1,0,0,0,0,0,0,2,1,0,0
0,1,0,2,0,0,0,1,1,1,0,1,0,0,1,0,0,0,0,1,0,0,0,1,1,0,0,0,0,2,0,1,0,0,3,1,0,0,0,0,0,1,0,1,0,0,0,1,1,1,2,0,0,0,1,0,0,1,0,0,0,1,2,0,1,2,0,0,1,1,0,0,2,1,1,1,0,0,0,0,1,1,1,0,0,0,0,0,2,1,0,1,0,0,0,0,0,0,0,0,0,0,1,0,0,0,0,1,2,1,0,3,0,1,0,2,1,1,0,0,0,78,109,254,254,252,253,255,253,254,168,63,1,0,0,0,0,0,2,1,0,0,0,0,0,1,1,0,104,242,253,254,253,253,252,253,253,252,253,175,9,1,0,1,0,0,0,0,2,2,0,0,0,0,0,0,218,251,252,254,251,251,253,253,252,252,253,254,35,0,2,0,1,0,0,0,0,0,0,1,1,0,0,0,216,253,251,254,253,252,253,253,249,252,253,252,118,0,1,3,0,1,1,0,0,2,0,2,0,0,0,0,156,253,253,253,251,253,252,254,251,251,252,253,179,1,1,0,0,0,1,0,1,0,0,0,0,1,0,0,53,181,178,33,36,33,158,252,251,254,252,254,138,0,0,0,2,0,0,0,2,0,0,1,1,2,0,0,0,1,2,14,36,140,222,254,252,253,253,176,8,0,2,0,0,1,0,0,1,0,1,0,0,0,1,1,0,1,1,191,253,253,253,251,252,253,253,146,0,1,1,2,0,0,0,1,0,1,0,1,0,2,1,0,0,181,255,255,254,252,254,255,252,252,255,144,0,0,0,0,0,0,0,0,0,0,2,1,1,0,1,0,21,201,252,252,253,253,252,253,252,253,252,239,70,0,0,1,1,0,0,3,1,1,0,0,0,2,0,0,21,203,252,255,254,252,251,251,252,251,253,253,232,52,0,0,1,0,1,0,2,0,0,0,1,0,0,0,1,181,254,254,251,252,251,192,231,252,252,253,251,72,1,1,0,0,0,0,2,1,2,1,31,110,47,0,1,182,254,254,222,125,2,2,73,255,254,254,251,70,1,1,0,0,1,1,0,0,2,0,199,252,234,44,0,47,180,180,45,0,0,33,207,252,252,254,251,71,2,0,0,1,1,0,0,0,0,1,196,253,253,222,56,36,38,38,38,38,119,213,251,252,251,253,251,72,1,2,0,0,0,0,1,0,0,0,33,212,251,253,253,252,251,254,251,252,250,251,251,252,252,253,211,31,1,1,0,1,0,0,0,0,0,0,1,180,251,253,254,253,255,254,253,251,252,255,252,253,255,208,22,2,0,0,0,0,0,0,0,0,0,1,0,58,251,253,251,252,251,254,252,249,253,253,250,252,253,103,0,0,1,0,0,0,0,0,0,0,1,1,1,11,71,132,226,251,252,253,252,252,250,255,251,205,72,2,0,2,0,0,1,0,1,0,0,0,1,0,1,0,0,1,31,106,107,252,254,251,252,108,108,31,0,1,0,0,0,2,0,0,1,0,1,0,0,0,0,0,0,0,0,0,0,0,1,1,0,1,1,0,0,1,0,1,0,0,0,1,0,0,0,0,0,0,0,0,0,0,0,0,0,0,0,0,0,1,0,2,0,0,1,0,0,0,1,0,0,1,0,2,1,1,1,1,1,0,0,1,0,2,2,1,0,0,0,0,1,0,1,1,1,0,0,0,0,0,1,1,0,0,1,3,0,1,1,1,0,1,2,0,0,0,0,1,0,0,0,1,0,1,2,1,0,0
0,0,0,0,0,1,0,0,1,1,1,0,0,1,0,0,1,0,0,0,0,1,0,1,0,2,0,0,0,0,0,0,0,0,0,2,0,1,0,0,0,1,0,1,0,0,1,0,0,0,0,0,0,0,0,0,0,0,0,1,2,2,1,0,1,0,0,0,40,162,122,0,0,0,2,0,1,0,0,0,1,0,1,0,0,0,1,1,0,1,0,2,0,0,0,1,208,254,252,66,2,2,2,1,1,0,1,0,0,0,1,0,0,0,0,1,1,0,0,1,0,0,0,81,252,254,254,64,0,0,0,2,0,0,0,0,0,0,0,0,0,0,1,0,0,0,0,0,1,1,86,174,254,252,228,37,0,0,0,1,0,0,0,1,0,0,0,0,0,0,2,0,0,0,2,0,0,1,143,255,172,156,49,0,0,0,0,0,0,0,0,0,1,0,2,1,0,1,0,0,0,1,0,0,1,133,252,180,5,0,0,0,0,0,0,1,0,0,0,1,1,0,0,1,1,1,1,1,0,0,0,0,133,251,224,45,2,0,0,0,0,0,1,1,1,1,1,0,0,1,2,0,0,2,0,1,0,1,0,95,251,254,123,1,0,0,1,2,0,1,0,0,1,0,1,0,1,0,0,0,0,0,0,1,0,1,0,148,255,227,23,0,0,1,0,0,0,0,1,10,73,75,68,0,1,1,0,0,0,0,0,1,0,0,31,245,253,54,1,0,0,0,0,0,0,0,46,157,254,252,252,192,32,0,0,0,0,0,0,0,0,0,215,254,229,20,2,0,0,0,0,0,14,84,234,254,252,255,255,254,124,1,1,2,1,0,3,1,0,1,248,255,150,0,0,2,0,0,0,12,94,254,246,200,203,139,254,255,124,0,0,0,1,0,1,1,2,86,253,255,128,0,3,0,0,1,12,162,254,246,108,0,1,20,254,253,124,1,0,0,0,0,2,0,0,125,253,253,21,0,0,1,0,0,86,255,248,108,1,0,1,108,255,250,41,0,0,0,2,0,0,0,0,44,250,253,34,1,0,2,0,46,234,254,186,0,1,3,115,217,252,148,0,0,0,0,0,0,0,0,1,0,248,253,214,27,0,1,0,71,254,248,64,4,47,169,255,255,227,0,0,0,0,2,1,0,1,0,0,0,240,253,255,213,150,38,6,149,254,199,47,169,253,253,255,232,45,2,0,0,1,2,0,0,0,1,1,1,53,242,255,252,254,254,161,230,254,254,254,255,253,255,159,45,0,0,0,1,1,0,2,0,0,1,0,2,1,52,170,250,253,254,255,254,255,253,254,250,158,101,0,0,0,1,1,1,0,1,0,0,0,0,0,1,0,0,0,48,126,124,126,228,253,224,126,36,1,0,0,0,3,0,0,0,0,0,1,0,0,0,1,0,0,1,0,1,0,1,0,0,0,0,0,0,0,0,0,1,0,0,0,1,0,0,0,0,2,1,0,0,0,0,1,0,0,0,0,1,1,0,2,0,0,0,0,0,0,2,0,1,0,0,0,0,0,0,0,1,1,0,1,0,0,1,0,0,0,0,0,0,1,0,1,0,1,0,0,0,0,1,0,0,0,0,0,0,0,2,0,1,0,0,0,3,0,1,0,1,1,0,0,2,0,1,0,0,0,0,0,0,0,0,1,0,1,0,0,0,1,0,0,0,0,0,0,2,0,2,0,0,1,0,0,1,2,0,0,0,0,0,0,3,0,0,0,0,0,0,1,1,0,0,0,0,0,0,0,0,0,0,1,0,0,0
0,0,0,0,1,0,1,0,0,0,0,1,0,0,0,1,0,1,1,0,1,0,1,1,1,1,0,0,0,0,2,0,0,1,0,0,1,0,0,0,2,0,0,0,0,1,0,1,1,0,0,0,0,2,1,1,0,0,1,1,0,1,1,1,0,1,2,0,0,2,0,0,0,1,1,0,0,0,0,0,1,1,0,0,1,0,3,0,0,0,0,1,0,0,0,0,1,0,1,0,0,1,2,1,0,0,0,3,1,0,0,1,0,1,0,0,2,2,0,0,0,0,2,1,1,0,0,0,0,92,147,0,1,0,0,0,0,0,0,1,0,2,0,0,0,0,1,0,1,1,1,0,2,0,3,0,1,67,134,39,0,0,2,0,1,0,1,0,0,0,0,0,0,0,1,1,1,1,1,2,0,0,0,2,0,205,228,167,0,0,1,0,0,0,1,0,0,0,0,0,0,1,0,0,0,2,0,0,0,0,0,0,0,255,252,68,1,0,2,0,1,2,2,0,0,1,0,0,1,0,0,0,0,2,2,1,1,0,0,1,126,255,221,26,0,0,0,2,2,0,0,0,0,0,0,0,0,1,1,0,0,1,0,0,2,0,0,56,245,255,170,1,1,0,2,0,0,0,2,2,2,1,2,0,1,0,0,0,3,2,0,3,0,0,0,125,251,254,84,2,1,3,0,0,1,0,0,0,2,1,0,0,0,0,0,0,1,0,1,1,0,0,100,245,252,179,8,1,2,0,1,0,2,0,0,1,0,2,0,0,0,0,0,0,0,1,0,0,0,2,180,254,242,0,2,1,0,0,0,1,0,0,0,0,0,1,0,2,1,0,0,1,1,0,0,0,1,128,251,253,116,0,0,1,1,0,0,0,0,1,0,0,0,0,0,0,0,0,0,1,0,0,0,0,1,253,253,185,7,0,0,1,0,1,1,0,0,0,1,1,0,0,0,2,0,1,0,0,1,1,0,0,152,253,252,68,1,0,0,0,2,0,0,1,0,0,0,0,0,0,2,0,0,0,2,1,0,0,0,49,243,254,133,0,1,0,0,0,0,1,2,1,1,0,0,2,0,0,0,0,0,0,0,0,0,0,0,85,251,235,27,0,0,0,0,1,0,1,0,0,0,1,1,0,0,1,0,0,2,0,0,0,1,1,0,172,250,137,1,0,0,0,1,0,1,1,0,1,1,1,0,0,2,1,0,0,0,0,0,0,1,2,51,245,253,62,2,1,2,1,0,0,0,0,0,0,0,0,0,2,0,0,2,0,0,0,0,2,0,0,171,254,239,0,0,0,0,1,1,1,0,1,0,0,1,0,0,0,1,0,1,0,2,0,0,1,0,8,187,253,139,0,0,0,0,0,0,1,0,0,0,0,0,0,2,0,0,0,0,1,0,1,0,0,1,30,252,252,229,0,0,0,0,0,0,1,1,1,1,0,0,0,0,0,0,1,0,1,2,0,0,0,0,3,178,253,203,0,0,1,0,0,0,0,0,1,1,0,1,1,1,0,0,0,0,0,0,0,0,0,0,1,0,0,1,1,0,0,0,1,2,0,0,0,0,1,1,0,2,1,0,1,0,0,0,0,0,0,0,1,0,0,0,0,1,0,0,0,0,0,0,0,0,1,0,0,0,1,1,0,0,0,0,0,0,2,1,0,1,1,0,0,0,1,0,0,1,0,0,0,0,0,0,0,0,0,1,0,1,0,2,0,0,0,0,1,0,0,0,0,0,1,0,0,1,2,0,0,1,0,0,0,0,0
0,0,1,0,0,0,0,0,0,1,0,1,0,0,1,0,0,0,0,0,0,1,0,0,1,0,0,0,0,1,2,1,0,3,0,0,0,0,1,0,0,1,0,0,0,0,0,2,1,0,0,1,0,0,1,1,0,0,0,0,0,0,1,0,1,0,0,0,0,1,1,2,0,0,0,1,1,1,0,0,2,2,1,0,1,1,1,0,0,0,0,0,0,2,0,0,1,0,0,2,0,0,0,1,1,1,0,1,1,0,0,1,0,1,0,0,1,0,0,0,0,0,0,0,0,2,0,0,1,0,0,0,0,0,1,0,0,0,0,1,1,2,0,2,0,0,1,0,0,0,0,0,0,0,111,226,50,0,0,0,0,0,0,0,0,0,2,0,0,0,1,0,1,0,1,0,1,2,0,3,0,0,223,215,22,2,0,0,0,0,1,0,2,0,0,0,1,0,2,1,0,0,0,1,0,0,0,0,0,33,249,104,2,0,0,0,1,1,1,0,0,0,0,0,0,0,2,0,1,0,0,0,0,0,0,0,0,83,255,82,1,0,1,0,0,1,0,0,0,1,0,0,1,0,0,1,0,0,0,0,0,1,0,0,0,156,254,83,0,1,0,0,0,0,0,0,0,0,0,0,0,0,0,0,0,0,1,0,0,0,0,0,0,156,254,83,0,0,0,1,1,0,0,0,0,0,0,0,0,0,0,1,0,1,0,1,0,0,1,0,0,112,253,85,0,0,0,0,0,0,0,0,0,0,1,0,0,0,0,0,2,0,1,0,1,0,0,0,0,122,255,82,1,2,0,0,0,0,0,1,0,0,0,0,0,0,2,1,2,0,2,0,0,0,1,2,0,155,254,82,0,1,0,0,0,0,0,0,0,0,0,0,0,0,0,0,1,0,0,1,0,1,1,0,1,157,254,83,0,0,0,0,2,0,1,0,1,0,0,1,0,0,0,0,0,1,0,0,0,0,0,0,2,77,255,87,2,1,0,0,2,0,0,0,1,1,1,0,0,2,1,1,1,0,0,1,0,1,1,0,0,23,248,163,0,1,0,0,0,0,0,1,0,0,2,0,0,0,0,0,0,0,0,0,0,0,1,1,0,0,246,162,0,0,0,0,0,0,0,0,1,1,1,0,1,2,0,1,1,0,0,0,0,1,0,1,0,0,245,165,0,1,0,0,0,0,0,0,1,1,0,1,1,0,0,0,0,0,0,0,0,0,2,0,0,0,220,163,0,0,0,0,1,2,1,0,0,1,0,1,0,0,0,1,1,0,1,0,1,0,0,0,0,2,244,164,0,0,2,2,0,0,0,1,0,0,0,0,0,1,1,1,0,1,0,1,0,1,0,0,1,0,245,237,1,0,2,0,1,0,0,0,2,0,1,1,1,1,1,1,1,1,3,1,0,1,1,0,0,1,171,247,0,0,0,0,0,0,0,0,0,1,0,0,0,0,0,0,1,1,2,0,1,0,0,0,0,0,163,248,22,1,0,0,0,0,0,0,0,0,1,0,0,0,0,0,2,0,0,0,0,0,0,0,2,0,31,253,98,0,0,0,1,0,3,1,0,0,0,0,1,0,1,0,0,0,0,2,1,2,0,2,1,0,1,0,1,0,0,0,0,1,2,1,0,1,0,1,1,0,0,2,1,0,0,0,0,0,0,1,1,0,0,0,0,0,0,1,1,0,0,0,1,0,0,0,0,0,0,0,0,2,1,0,0,0,0,1,2,1,2,1,0,2,1,1,2,0,0,0,0,1,0,0
2,0,0,2,1,1,0,0,0,0,1,0,0,1,0,0,0,0,0,0,0,0,0,0,0,0,0,0,0,1,0,1,0,0,1,0,0,0,0,0,0,1,0,0,1,0,0,0,2,0,0,0,0,1,0,2,0,0,1,0,0,0,0,0,1,0,0,0,1,0,0,0,0,0,0,1,0,2,0,0,0,0,0,0,0,0,1,1,0,1,2,0,0,2,2,0,2,1,2,0,0,0,1,0,1,1,0,0,0,0,0,1,2,0,0,0,0,0,2,0,0,0,0,0,1,0,0,0,48,232,33,0,0,0,0,0,0,1,0,0,0,0,0,1,0,0,0,0,0,0,0,0,0,0,0,1,78,254,87,0,0,1,1,0,0,0,3,0,0,0,0,0,0,2,0,0,0,0,0,0,0,0,0,0,78,255,52,0,1,0,1,0,1,0,0,0,0,1,0,0,0,0,0,0,0,0,1,1,0,1,0,9,223,213,0,0,0,1,2,0,1,0,0,0,1,0,1,0,0,0,1,2,1,0,0,2,0,0,0,96,254,209,0,0,0,1,0,0,0,1,0,0,0,0,1,0,0,0,0,0,0,0,0,0,0,1,1,180,255,141,1,0,0,0,2,0,0,0,0,0,1,1,0,0,0,0,0,0,0,0,0,0,0,0,49,235,238,19,0,0,2,0,0,0,0,0,0,0,1,2,1,2,1,0,2,0,0,1,2,0,0,1,144,253,177,0,1,0,0,0,0,0,0,0,1,0,0,1,0,1,0,1,0,0,0,0,0,0,1,0,143,250,84,2,0,0,0,0,0,0,0,0,0,1,0,0,0,0,2,0,0,2,0,0,0,1,2,14,239,223,1,0,1,1,0,0,1,1,0,0,0,0,0,0,0,0,0,0,0,1,0,0,0,1,0,127,253,142,1,0,0,0,0,0,0,0,2,0,0,0,1,0,0,1,1,1,1,0,0,2,2,1,5,201,240,65,1,1,0,0,0,0,2,0,0,0,0,1,1,0,1,0,2,2,0,0,0,0,0,1,36,253,208,0,0,0,0,0,1,0,1,0,0,1,0,0,0,1,1,0,0,1,1,1,1,0,0,0,121,255,130,0,0,0,0,0,1,2,0,0,0,1,0,0,0,0,0,0,2,0,1,0,0,0,1,0,213,253,112,1,0,0,0,2,2,0,1,0,0,1,0,0,0,1,1,1,1,0,1,1,0,1,0,0,213,255,112,0,0,0,0,0,1,1,0,0,0,0,2,1,0,2,0,1,0,0,0,0,1,0,0,1,214,255,110,1,0,1,0,0,0,2,1,1,0,1,0,1,2,0,0,1,1,0,0,1,0,0,0,60,239,254,85,0,0,1,0,0,2,0,0,1,0,1,1,0,0,1,1,0,1,0,1,1,0,0,0,150,255,213,7,0,0,0,0,0,1,1,4,2,0,2,0,0,2,0,0,0,1,1,0,0,0,1,1,92,230,71,1,0,0,0,0,0,0,0,0,1,1,1,0,1,0,1,0,0,0,1,0,0,0,0,0,1,0,0,0,0,0,0,0,0,0,0,0,1,0,0,0,1,1,1,0,1,0,0,0,0,0,1,0,0,0,1,0,1,1,0,0,1,0,0,2,0,0,0,0,0,0,0,1,1,1,0,0,1,1,0,0,0,0,0,0,1,0,0,0,0,0,0,0,0,1,0,0,0,0,0,0,0,0,0,0,0,1,1,1,0,0,1,1,2,0,1,0,0,0,1,0,1,0,0,1,0
0,0,1,0,0,1,2,0,1,0,1,0,0,0,0,0,0,1,1,1,0,3,1,0,0,0,0,0,0,0,0,0,0,0,0,0,2,0,0,0,0,1,2,0,1,0,0,1,0,2,1,0,0,0,0,2,1,0,0,0,0,0,0,0,0,0,1,0,0,0,0,0,1,0,1,0,1,0,0,0,1,1,0,1,0,0,0,0,0,1,1,0,0,0,0,0,1,0,0,0,0,1,1,0,2,0,0,0,2,0,1,1,0,1,0,0,0,0,0,0,1,0,0,0,0,1,1,0,1,2,2,0,0,1,0,2,1,0,1,0,0,0,1,0,0,0,1,0,136,254,255,255,253,254,131,0,0,0,0,1,0,0,0,0,0,0,0,1,2,0,0,0,1,0,0,61,241,143,44,44,81,163,252,124,4,0,0,0,0,0,0,0,0,0,0,0,1,0,2,1,0,1,0,97,177,9,0,2,0,0,179,253,104,2,1,0,1,1,1,0,0,2,0,0,0,0,0,2,0,0,1,2,10,0,1,0,1,0,105,253,131,0,1,2,0,1,1,0,0,0,2,0,0,0,0,1,0,0,2,1,0,0,0,0,1,0,105,254,108,1,1,1,0,1,0,2,0,0,1,0,0,0,0,0,0,0,0,0,0,1,0,0,0,0,155,224,29,0,0,0,1,1,3,0,0,0,0,1,0,0,1,0,1,0,0,0,0,1,0,1,1,142,240,160,0,0,0,0,1,1,0,0,0,0,1,1,0,2,1,0,0,2,0,0,0,0,0,6,194,253,210,20,0,0,1,0,0,1,1,0,1,0,1,0,0,0,0,0,0,0,2,0,1,0,1,192,251,255,255,217,193,128,12,1,1,0,0,1,0,1,0,0,2,1,1,0,0,0,0,0,0,0,143,254,253,204,105,128,207,253,191,15,0,0,0,1,1,2,0,0,0,1,0,1,0,0,0,2,1,1,36,128,48,19,1,1,3,105,252,76,0,0,1,0,0,0,0,0,0,2,0,1,0,0,0,2,0,0,0,0,1,0,0,0,0,0,226,226,12,0,0,0,1,0,0,0,1,2,0,2,2,0,0,0,1,0,0,0,0,1,2,1,0,1,223,252,21,0,0,0,1,0,1,0,2,0,0,0,0,0,0,1,0,1,0,0,0,0,0,0,0,0,225,252,20,2,1,1,0,2,0,0,2,0,1,0,0,0,0,0,0,0,0,0,1,0,0,1,0,45,239,205,11,0,0,0,0,0,0,0,1,2,0,1,1,0,0,1,0,0,0,0,0,0,0,0,44,229,245,52,0,0,0,0,2,0,0,0,0,0,3,0,0,2,0,0,2,0,0,0,0,0,15,123,243,241,81,0,0,0,2,0,0,0,1,0,0,2,0,0,1,0,0,0,0,1,1,0,1,110,216,254,212,80,0,0,1,0,0,0,1,0,0,2,0,2,0,1,0,0,0,2,0,1,0,42,222,253,219,145,21,0,1,0,1,0,0,1,0,1,1,0,1,0,0,0,1,0,0,0,0,1,0,179,254,97,11,0,0,0,0,0,0,1,0,1,3,2,0,0,0,0,0,0,0,0,0,0,1,0,0,0,0,0,0,0,0,0,0,0,2,1,0,0,0,0,0,0,0,1,0,1,2,0,0,1,0,0,1,0,1,0,0,0,0,0,0,1,0,0,0,0,0,0,1,0,0,2,0,0,1,0,0,1,0,1,0,0,1,0,0,1,0,0,0,0,0,0,1,0,2,0,0,0
1,0,0,0,0,0,1,2,0,1,1,0,0,0,0,1,0,0,0,1,0,0,0,0,0,0,0,0,0,2,1,0,0,0,0,0,0,0,0,1,0,1,1,1,0,0,1,0,0,1,0,0,0,1,0,0,0,0,1,0,3,0,0,0,0,0,1,0,0,0,0,1,2,0,3,0,1,0,0,1,0,0,0,0,1,0,2,0,0,0,3,0,1,0,0,2,0,0,0,1,1,2,0,1,1,0,1,0,0,0,0,1,0,0,0,1,0,0,0,0,0,0,1,0,0,1,0,1,0,1,0,0,1,2,1,0,0,1,0,0,0,1,0,2,0,0,1,1,1,0,0,0,0,0,0,0,0,1,1,0,0,1,1,0,0,0,0,0,0,0,3,0,0,0,0,0,0,0,1,1,19,128,255,253,253,210,85,11,0,1,1,0,0,0,0,2,1,0,0,0,0,0,2,0,0,2,8,129,236,251,255,253,253,252,252,115,0,0,0,0,0,0,0,0,0,0,0,0,0,0,0,0,1,39,155,252,252,251,253,208,202,250,252,145,0,1,1,0,0,0,1,0,0,1,0,1,0,0,0,0,97,234,253,254,252,209,46,16,15,89,244,230,0,0,0,0,1,0,0,0,0,1,1,1,1,2,0,43,229,253,251,252,116,12,0,0,0,0,179,241,41,0,1,0,1,0,1,1,0,1,2,0,0,0,2,208,252,255,251,71,1,12,0,14,53,44,55,107,0,1,0,0,0,0,0,0,0,0,0,1,0,0,0,207,253,251,252,186,160,201,163,220,250,252,23,0,0,0,0,1,2,0,0,2,0,2,1,1,0,0,0,176,251,252,252,251,252,254,253,251,251,253,22,1,1,0,0,0,0,0,0,2,0,0,1,0,0,0,0,17,192,252,251,252,252,251,253,252,253,253,23,0,2,1,0,0,0,0,0,0,0,0,0,1,0,1,0,1,12,31,137,137,41,22,96,253,252,251,22,1,1,0,0,0,2,0,1,0,1,0,0,0,0,0,1,1,0,1,0,0,0,2,148,253,252,202,10,0,1,0,0,0,0,1,0,1,0,1,2,1,0,0,1,1,0,1,1,2,0,0,254,251,253,161,0,0,1,0,0,0,1,0,0,0,0,0,1,1,0,1,1,0,1,1,0,0,0,1,252,253,252,77,0,0,0,0,0,1,2,0,0,0,0,0,0,0,1,0,1,0,1,0,0,0,3,0,254,252,254,44,0,0,0,0,0,2,1,0,0,1,0,1,0,0,0,0,0,0,0,0,1,0,1,106,252,252,190,5,0,0,1,0,0,0,0,0,1,0,0,0,0,0,0,1,1,2,0,0,0,0,2,116,254,252,185,0,0,1,0,0,0,0,1,0,1,1,1,0,0,0,0,0,3,0,1,0,1,0,2,96,251,252,183,1,0,0,0,1,0,0,0,0,1,0,0,1,1,0,0,0,0,0,0,0,0,1,0,0,254,253,234,89,7,31,0,0,0,1,0,0,0,0,0,0,0,0,0,0,0,2,0,0,0,0,0,0,169,250,253,252,210,228,76,0,0,0,2,1,2,0,0,0,0,0,0,1,0,0,0,0,1,2,0,2,4,95,220,252,253,180,8,0,0,0,0,0,1,0,0,1,0,2,0,0,0,0,1,0,0,0,0,0,0,1,0,0,1,2,1,2,2,1,0,0,0,0,2,1,0,0,0,1,2,1,0,0,0,0,0,0,1,0,0,0,0,0,0,0,0,1,0,0,0,1
0,0,1,0,0,1,1,1,0,0,1,1,0,0,0,0,0,1,0,1,1,0,0,0,0,2,0,0,0,0,0,0,1,0,0,0,0,1,0,0,2,2,0,0,0,0,0,0,0,3,1,0,0,1,2,0,0,1,0,1,0,0,0,0,0,3,1,0,0,0,0,0,0,1,1,0,0,0,0,1,0,0,0,3,0,0,1,0,1,2,0,0,0,1,0,0,0,0,0,0,0,2,0,0,0,1,0,0,0,0,2,0,0,1,1,0,1,0,0,1,0,0,0,0,0,1,0,0,1,0,0,0,0,3,0,1,0,0,0,0,0,1,0,0,1,0,1,0,160,214,156,113,60,29,23,81,149,17,1,1,0,0,0,0,1,0,0,1,0,1,0,0,1,0,1,61,249,251,253,252,253,232,230,254,253,79,0,0,0,0,1,0,2,1,0,1,0,0,0,0,0,0,0,0,136,251,238,174,199,221,193,174,128,25,0,2,1,1,1,0,1,0,0,0,0,2,0,2,0,0,0,0,53,253,195,0,7,14,3,1,2,0,1,0,0,0,0,0,0,0,0,0,1,0,1,0,0,0,0,0,101,252,195,0,0,0,1,0,1,0,0,0,0,2,1,0,0,0,0,0,0,1,0,2,0,1,0,1,62,254,196,25,57,110,120,46,0,2,0,0,0,0,2,0,2,0,0,2,0,0,0,2,0,1,1,0,137,255,221,218,252,252,253,246,132,49,1,0,0,0,0,0,0,0,0,0,1,0,0,0,0,1,1,0,201,252,255,254,227,159,114,192,252,254,117,0,2,0,1,1,0,1,0,0,0,1,1,1,0,2,1,0,234,255,254,129,12,0,0,4,74,242,249,67,0,1,0,0,0,1,2,0,0,0,0,0,0,0,0,1,161,253,94,11,0,0,0,1,0,71,243,231,37,0,0,1,0,1,0,0,0,1,2,0,0,0,0,0,14,97,0,0,0,1,0,0,0,0,152,255,172,11,1,1,1,0,0,0,0,0,0,0,0,0,0,0,1,0,2,3,0,0,0,0,0,0,67,226,253,46,0,0,0,0,0,0,0,0,2,0,1,0,0,1,0,0,0,1,1,0,0,2,0,0,30,167,254,134,0,0,1,0,1,0,0,0,0,0,0,2,1,0,1,0,26,5,0,0,1,0,0,2,0,136,254,135,0,0,1,1,0,0,1,0,2,2,0,0,1,1,1,38,233,204,61,0,0,2,0,1,0,173,254,136,0,0,0,0,1,1,2,0,0,1,2,0,1,0,1,135,255,226,62,0,0,0,0,1,0,134,255,173,0,0,0,0,0,2,1,0,1,0,0,0,0,1,0,93,255,235,117,10,1,0,0,0,25,207,253,91,0,1,0,0,0,0,0,0,0,0,0,1,0,1,0,1,155,255,253,210,102,1,1,24,170,254,213,13,0,1,0,1,0,0,1,0,0,0,0,0,1,1,2,0,5,72,224,252,253,236,233,240,255,238,53,0,0,0,1,0,0,0,0,0,0,0,1,0,0,0,1,0,0,0,18,149,232,255,251,254,199,58,0,1,0,0,0,0,0,0,0,1,1,1,2,1,1,1,1,0,2,0,0,0,0,1,0,0,0,1,0,0,0,2,1,0,0,0,0,0,0,0,0,0,0,0,0,0,0,2,1,0,1,0,0,0,0,0,0,0,1,0,0,1,0,2,0,0,0,0,0,0,1,0,2,0,1,1,0,0,0,0,1,1,0,0,0,0,0,0,0,1,0,0
0,0,0,0,0,0,0,0,0,0,1,0,0,1,0,0,0,1,0,0,0,0,1,0,0,0,1,1,0,1,0,1,1,0,1,0,0,0,1,1,0,0,0,0,1,0,0,1,0,0,0,0,0,0,1,0,0,0,1,0,0,0,0,1,0,1,0,1,0,0,1,0,2,0,1,0,1,0,0,0,0,0,0,2,0,0,1,1,0,0,0,1,0,0,0,1,0,0,0,2,0,1,1,1,0,1,0,0,1,1,0,0,1,0,0,0,0,1,0,0,0,0,1,23,107,122,165,179,171,183,12,1,2,2,0,0,2,0,1,0,0,0,0,1,1,0,1,1,0,2,26,199,252,253,254,251,255,254,181,15,0,0,0,1,1,2,0,2,0,0,0,0,0,0,1,0,1,1,68,253,251,245,98,39,40,201,253,38,0,0,0,0,2,0,0,2,0,0,0,1,1,0,0,1,0,3,52,156,123,47,2,0,0,22,232,143,0,1,0,1,0,1,1,0,0,0,0,0,0,0,2,1,2,0,0,1,0,0,1,2,0,0,228,175,0,0,1,0,0,1,2,0,0,0,0,0,0,1,0,0,0,0,0,2,0,0,0,0,1,0,228,174,0,0,0,0,0,0,0,1,0,0,0,1,0,1,0,0,0,0,1,0,3,0,0,0,0,69,243,88,0,1,0,0,0,0,0,1,0,0,1,1,0,0,0,2,0,0,0,0,0,2,0,0,1,186,249,37,0,0,0,0,0,0,0,0,0,1,0,0,0,1,0,0,0,0,0,0,0,0,0,1,0,241,159,1,1,1,0,0,1,3,0,1,0,0,0,0,1,1,0,1,1,0,0,0,1,0,0,0,59,248,97,0,2,1,0,0,1,1,0,0,0,0,0,0,0,0,0,0,0,0,0,0,1,0,0,0,177,209,16,1,0,0,1,1,1,1,0,0,1,1,2,1,0,0,0,2,1,0,49,69,94,94,93,165,255,147,0,0,0,1,2,0,1,0,2,0,0,0,0,0,0,2,1,1,29,194,235,242,254,255,254,254,253,237,165,82,15,0,1,1,1,1,0,0,0,0,1,0,2,1,0,84,222,253,253,254,254,252,252,252,254,254,253,252,213,159,11,25,39,67,0,0,0,0,1,0,1,2,0,136,252,254,253,251,252,253,221,200,200,199,198,198,241,239,197,211,223,128,0,2,0,0,0,0,0,0,83,248,252,139,226,253,254,214,35,0,2,0,0,0,61,79,81,80,75,1,0,1,0,0,1,0,0,0,192,254,254,253,254,248,205,32,0,0,1,0,1,3,0,0,1,0,0,0,1,1,1,0,1,0,0,1,51,234,240,241,203,82,0,0,1,0,0,0,0,2,1,0,1,0,0,1,0,0,0,0,0,1,0,1,0,1,0,1,0,0,1,0,0,1,0,0,0,0,1,1,0,0,0,0,0,2,1,1,0,2,0,0,0,0,1,0,0,0,0,1,0,0,0,1,2,1,1,0,1,0,0,0,0,1,0,0,0,0,3,0,0,1,1,1,0,0,0,0,2,0,0,0,0,1,2,0,0,0,0,0,1,0,1,0,0,1,1,0,1,0,1,0,0,0,0,0,0,0,0,1,2,2,0,1,2,0,0,1,0,1,0,0,0,0,2,0,1,0,1,1,0,2,2,0,0,0,0,0,0,1,0,0,1,0,1,0,0,0,0,0,0,1,1,0,0,0,0,0,1,0,1,1,1,0,0,2,0,0,0,0,0,0,0,0,0,0
0,1,0,0,0,0,1,0,0,0,0,0,0,0,0,0,0,1,1,0,0,1,0,0,2,0,0,2,0,1,1,0,0,1,2,0,2,0,0,2,0,0,0,0,1,1,2,0,1,0,1,0,0,1,2,0,1,1,1,0,0,1,1,0,1,0,0,0,1,0,0,1,0,0,0,0,0,0,1,1,0,0,0,0,0,0,1,0,2,0,0,0,1,0,0,0,1,1,0,1,1,0,0,1,0,0,0,0,0,0,0,2,0,0,1,2,0,0,0,0,2,0,0,0,0,1,0,0,0,0,0,0,1,1,0,2,0,0,0,1,0,0,0,0,0,0,0,0,0,0,0,1,0,1,0,1,0,0,0,0,0,1,0,0,0,0,0,1,0,0,0,0,0,0,1,2,1,1,2,1,0,0,0,0,2,0,1,0,1,1,1,0,0,1,0,0,0,2,0,0,0,0,1,0,2,1,10,59,132,248,254,252,161,9,1,0,0,1,0,1,0,0,1,0,1,0,1,0,1,2,0,0,46,145,232,252,250,251,252,252,252,231,42,0,0,1,1,0,1,0,0,1,0,0,1,0,1,0,2,48,225,254,252,250,252,250,255,253,252,253,72,0,0,0,0,0,0,0,0,1,2,0,0,0,0,0,0,168,253,253,252,252,252,250,252,252,253,252,70,1,0,0,1,1,1,0,1,0,1,0,0,0,2,3,1,168,253,253,253,252,252,253,253,251,252,251,128,0,0,1,0,1,0,1,1,2,1,0,0,0,1,0,27,232,250,253,250,254,254,252,252,252,252,251,105,3,1,1,0,0,0,0,1,2,0,0,1,2,0,0,38,252,252,254,253,253,252,253,254,251,252,251,242,146,2,0,0,0,2,0,0,0,0,1,0,0,0,0,6,182,251,251,252,250,251,254,255,253,252,252,251,207,20,0,1,0,0,1,1,0,0,1,0,0,0,0,0,41,221,254,252,251,252,250,254,254,252,252,252,253,47,0,0,0,1,0,0,2,0,0,0,0,2,1,0,2,8,11,9,10,11,11,68,22,131,212,253,252,164,1,0,1,0,0,0,0,0,1,0,0,0,0,1,0,0,0,2,0,0,0,1,0,0,1,182,253,213,19,1,0,1,1,0,0,0,0,0,3,1,0,0,1,0,0,0,0,1,0,0,0,0,1,181,252,244,33,0,0,0,1,0,0,1,0,0,0,1,0,0,1,1,0,1,0,1,0,0,0,0,0,179,252,169,1,1,0,0,1,0,0,0,0,0,0,0,1,1,0,0,0,0,0,0,0,0,0,1,0,179,253,166,1,0,0,0,1,0,0,0,0,0,0,0,0,0,0,1,0,0,0,0,1,2,0,0,0,180,252,167,1,0,1,0,0,0,0,0,0,0,0,0,0,0,1,0,0,1,1,0,0,0,0,0,39,235,250,77,0,1,0,0,0,0,1,0,0,0,0,0,0,0,2,0,1,0,1,1,1,0,0,1,146,252,253,106,2,0,1,1,0,1,0,2,0,0,1,0,1,2,2,0,0,0,0,0,0,0,2,0,168,253,254,48,1,0,1,0,0,0,1,2,0,1,1,0,1,0,0,0,1,1,0,0,2,1,0,1,118,253,221,27,0,0,0,0,1,0,0,0,0,0,2,1,1,0,1,0,0,0,0,0,2,0,0,0,2,184,125,0,0,1,0,1,0,0,0,0,0,1,1,0,0,0,0,0,0,0,0,2,1,1,1,0,1,0,1,0,0,2,1,0,0,1,1
0,1,1,1,1,0,0,0,0,0,1,1,0,0,0,1,0,1,1,0,1,1,1,0,1,0,1,0,0,0,1,0,0,2,0,1,0,0,1,1,0,0,0,0,0,0,0,0,1,0,1,0,1,1,0,0,0,0,1,2,0,0,0,0,0,1,1,0,0,1,1,1,0,0,0,0,0,2,1,0,2,0,0,0,1,0,0,0,0,0,1,0,1,2,0,0,0,0,0,0,0,0,0,0,0,1,0,0,0,0,0,0,1,0,0,1,0,0,0,2,0,0,0,0,0,1,0,1,0,2,0,0,0,0,0,0,0,0,0,0,0,0,1,1,1,0,0,0,1,0,1,0,0,1,0,2,0,1,1,0,1,1,2,0,0,0,0,0,0,1,0,1,2,0,1,31,134,61,0,2,0,0,0,0,1,0,0,0,180,224,11,1,0,0,0,0,0,1,0,0,0,0,0,144,253,143,0,1,0,0,0,1,0,1,1,27,233,217,10,2,1,0,0,0,0,0,0,1,0,0,1,234,255,129,0,0,0,0,0,1,0,0,0,87,254,106,0,0,0,0,0,0,0,0,0,0,0,1,0,235,253,83,0,0,1,0,0,0,0,0,0,156,241,37,1,1,0,0,0,0,0,0,0,1,0,0,0,235,253,0,0,0,2,0,0,0,1,0,0,234,232,2,0,0,0,0,1,0,1,0,0,0,0,13,225,254,154,0,1,0,0,1,0,0,0,0,62,255,235,1,2,0,2,0,2,0,0,2,1,0,0,30,251,252,73,0,0,1,0,1,1,0,1,0,98,254,187,1,0,0,1,0,0,0,0,1,0,0,0,89,253,238,38,0,0,0,0,0,0,0,1,1,166,254,69,2,0,1,0,0,0,1,1,0,0,0,1,9,196,253,127,41,25,38,11,24,0,0,0,53,249,199,3,2,0,0,0,1,0,0,3,0,0,2,1,1,16,238,254,255,229,252,207,231,196,194,195,226,254,196,0,0,0,0,0,0,2,1,0,1,0,0,0,0,0,0,78,99,98,69,0,2,0,0,0,235,254,136,0,0,0,0,0,0,1,0,1,0,1,1,0,0,0,1,0,1,1,0,1,0,1,0,112,250,245,16,0,0,0,0,1,0,0,1,1,0,0,0,0,0,1,1,0,1,0,1,0,0,0,0,177,254,155,0,0,0,0,0,1,0,0,0,0,1,0,0,0,0,0,2,1,0,0,2,0,1,0,5,187,252,139,0,1,0,1,0,0,0,1,0,0,0,0,0,1,0,0,0,1,1,0,0,0,0,0,20,254,252,59,0,1,0,2,1,0,0,0,0,0,0,0,2,0,1,0,0,0,0,2,0,0,0,1,80,255,229,24,0,0,1,0,1,1,2,1,0,1,0,0,1,1,0,0,1,0,0,1,0,0,0,0,200,253,137,1,1,2,0,0,0,1,0,0,0,0,1,1,0,0,1,1,1,0,0,1,2,0,1,0,214,255,146,0,0,0,0,0,3,2,0,0,2,0,0,0,0,0,0,0,0,1,1,0,0,2,0,1,215,253,103,0,0,0,0,0,0,0,0,0,0,0,0,0,0,0,0,0,0,0,1,0,1,0,0,1,214,192,4,0,0,0,0,0,1,0,0,0,0,0,1,0,1,0,0,1,0,0,0,0,1,1,0,0,0,0,0,2,1,0,0,0,1,0,0,0,0,0,3,2,1,0,0,0,0,0,0,0,2,0,0,0,1,0,0,1,0,0,0,0,1,0,0,0,0
0,1,0,1,0,0,2,0,0,0,0,0,0,2,2,0,0,0,0,3,0,1,0,0,1,0,0,1,1,0,0,1,0,0,0,2,0,0,1,0,0,0,0,0,1,0,0,0,0,0,0,0,0,0,0,0,1,0,0,0,0,2,0,1,1,0,0,0,0,0,0,0,2,0,0,0,0,1,0,1,0,1,0,0,0,2,0,1,1,0,1,0,0,1,0,1,1,0,1,0,1,1,0,0,0,1,0,2,0,0,0,0,0,0,1,0,1,0,1,0,0,0,0,0,0,0,0,0,0,0,1,0,0,0,0,0,0,0,0,0,0,0,1,1,0,2,0,2,0,1,0,0,1,0,2,1,0,0,0,0,0,1,1,0,0,1,0,0,0,1,1,4,1,0,1,0,0,0,0,0,1,0,0,0,13,72,251,251,237,255,214,19,1,1,0,0,0,0,0,0,0,0,0,2,0,0,0,1,0,1,53,154,238,238,212,88,120,255,186,14,0,0,1,1,0,1,1,0,0,0,0,0,0,0,0,1,5,127,229,212,100,44,3,67,226,210,16,2,0,0,0,0,3,0,0,0,1,0,0,0,0,1,0,71,195,241,154,15,27,123,193,254,184,49,0,0,0,1,0,0,1,0,0,0,0,0,1,0,0,0,126,253,203,83,63,125,224,254,206,95,16,0,0,3,0,1,0,0,1,0,0,2,0,0,0,0,0,129,250,199,13,0,130,253,167,97,16,1,3,0,0,0,0,0,1,1,0,0,0,0,0,2,1,1,35,229,151,5,0,0,1,11,2,0,0,0,0,0,1,2,1,0,1,0,0,0,0,0,0,1,0,0,73,252,147,0,1,0,0,0,0,0,0,0,0,0,0,0,0,1,2,1,1,0,1,1,1,0,0,0,26,225,164,1,0,0,0,0,1,1,0,0,0,1,0,0,0,0,0,0,0,0,0,1,0,1,0,0,1,179,253,177,0,2,0,0,1,0,0,0,0,1,1,0,0,0,0,0,1,1,0,1,0,0,1,0,1,20,197,252,127,29,2,1,0,0,1,0,1,0,1,0,0,0,0,0,0,0,1,0,0,0,0,0,0,2,16,201,252,152,32,0,0,2,1,1,0,0,0,0,0,0,0,1,1,0,0,1,1,0,1,2,0,0,0,12,101,253,238,52,0,1,0,1,0,0,0,1,0,1,1,1,0,0,0,0,0,0,1,0,2,1,1,0,3,23,208,250,40,0,0,1,1,0,0,0,0,1,0,0,1,1,0,0,0,0,2,0,0,0,0,0,0,1,61,253,110,1,2,0,0,0,0,0,0,0,0,0,1,0,2,1,1,0,0,0,1,0,1,1,1,27,186,254,83,0,0,0,1,0,0,1,0,0,0,1,0,1,1,2,0,1,25,146,0,0,2,2,7,150,253,168,13,2,1,0,0,0,0,0,0,0,2,2,0,0,0,0,3,0,35,243,52,0,0,44,207,253,167,11,0,0,0,2,0,0,0,0,0,0,1,1,1,2,0,2,0,0,6,133,228,218,163,235,243,78,11,0,1,2,0,3,0,0,0,0,1,1,1,1,1,1,0,0,1,1,2,4,106,176,203,136,67,0,0,0,0,0,1,0,0,0,0,0,2,2,1,0,0,2,0,0,0,0,0,0,0,0,1,0,0,2,0,0,0,1,0,1,0,1,0,0,0,0,0,0,0,0,0,0,1,0,0,1,0,1,0,0,1,0,0,0,0,2,0,1,0,0,0,0,1,0,0,0
2,0,1,0,0,0,0,0,1,1,0,0,0,0,1,0,0,0,0,1,1,0,2,0,1,0,0,0,1,1,1,0,0,0,0,0,0,0,1,0,1,1,0,0,1,0,0,0,0,0,0,0,0,0,1,0,1,0,2,0,0,0,0,1,0,0,2,0,0,1,1,0,1,1,0,0,1,0,0,1,1,1,1,0,0,0,1,0,0,0,0,0,0,1,0,0,1,0,1,1,0,0,1,1,1,0,1,0,0,1,0,0,0,0,0,0,0,1,0,1,2,0,0,0,2,0,0,0,1,0,0,0,1,0,2,0,0,0,0,0,1,0,0,0,0,0,0,1,0,1,0,1,0,0,1,0,0,0,0,0,0,0,0,1,0,0,2,1,1,0,0,0,0,0,0,1,0,1,0,1,0,0,0,0,0,1,0,1,0,0,1,0,0,0,0,1,0,2,0,1,0,0,0,62,152,153,255,172,151,114,39,0,0,0,0,1,0,0,0,0,0,3,1,0,0,0,0,1,0,0,0,183,252,252,253,253,254,253,241,163,2,0,0,0,2,2,3,0,0,0,1,2,1,0,0,1,0,0,30,234,252,253,255,253,255,254,255,253,234,53,1,0,0,2,1,1,0,0,0,2,3,0,0,0,0,1,132,251,232,70,50,50,70,193,252,253,251,231,41,0,1,0,1,0,0,1,0,0,0,0,0,0,1,0,253,252,163,0,0,0,1,0,192,252,254,253,214,33,0,2,0,2,0,0,1,0,0,0,1,0,0,1,255,253,202,0,0,0,0,1,70,253,255,254,251,151,0,0,0,0,0,1,2,0,0,1,0,0,0,0,233,253,235,112,41,22,32,51,214,251,255,253,255,254,62,1,0,0,0,0,0,1,0,0,0,0,1,0,92,231,251,252,244,224,233,251,253,253,150,229,253,253,143,1,0,1,0,0,2,0,0,1,2,0,2,0,1,39,214,252,255,253,254,253,255,174,0,203,255,253,202,1,0,0,0,0,1,0,1,0,1,1,1,0,0,0,10,50,111,151,150,150,131,9,0,203,252,252,203,0,2,0,1,0,2,1,0,0,0,1,0,0,0,0,0,1,0,0,1,2,1,1,2,141,253,252,205,1,0,1,0,0,0,1,1,2,0,0,0,1,0,0,0,2,0,1,2,0,0,0,1,103,253,253,205,0,0,0,0,1,0,1,0,0,0,0,0,0,1,0,0,0,0,3,0,0,2,1,0,101,254,253,254,50,1,0,1,0,0,1,0,0,1,1,0,0,0,0,0,0,1,0,0,0,0,0,0,103,254,252,252,50,0,1,0,1,1,0,1,0,0,0,0,1,0,0,0,0,0,0,0,0,3,1,3,102,255,253,255,71,0,0,0,0,0,0,0,1,1,0,0,0,1,0,0,1,1,0,0,1,0,0,0,103,253,253,254,113,0,0,0,0,0,0,2,0,1,0,2,0,1,2,0,3,0,0,0,0,0,1,0,104,254,253,254,49,0,1,0,0,0,1,0,0,0,2,0,0,0,1,2,0,1,0,2,1,2,0,1,101,252,253,255,50,0,0,1,0,0,0,1,0,1,0,0,0,0,0,0,0,0,0,1,0,0,0,0,102,255,253,205,0,0,0,0,0,0,0,0,0,0,0,1,0,0,0,0,0,1,0,0,1,0,0,0,21,132,214,122,0,0,0,0,1,0,0,0,1,0,1,0,0,0,0,0,0,0,0,0,0,0,2,0,0,0,0,2,0,0,0,0,0,0,0
0,0,0,1,0,0,0,1,1,0,1,0,1,0,2,0,0,0,0,1,2,2,0,0,0,2,0,0,0,0,0,0,1,0,0,0,1,0,0,0,0,0,2,0,0,0,0,1,1,0,0,0,1,0,1,0,1,0,0,0,0,0,1,0,0,2,0,1,0,0,0,0,0,0,0,0,0,0,0,0,0,0,0,0,1,2,0,0,1,0,0,0,0,1,0,1,2,0,0,0,0,1,1,1,0,2,0,1,0,0,0,0,0,1,0,0,0,0,1,0,0,0,0,1,0,1,0,0,0,0,0,1,1,0,0,0,0,0,0,0,0,1,1,0,0,0,0,0,15,221,254,187,108,38,0,1,1,0,0,0,0,0,0,0,4,0,0,1,0,1,0,0,2,0,0,0,17,200,241,254,253,245,198,80,1,0,0,0,0,0,0,1,0,0,0,0,0,0,0,1,0,0,0,0,2,4,9,9,98,225,255,253,243,87,0,1,0,0,0,0,0,0,0,2,0,0,0,0,0,0,1,0,0,0,0,0,0,14,109,250,255,231,25,0,1,0,0,0,0,0,0,0,0,0,0,0,0,0,0,1,0,1,0,0,0,0,1,80,222,252,166,0,2,1,1,0,0,0,0,0,2,2,1,0,0,1,2,0,0,0,0,1,0,0,0,60,236,253,146,0,0,0,0,1,1,0,1,0,1,0,0,0,1,0,0,0,2,1,2,0,0,0,54,238,247,84,9,0,1,0,0,0,3,1,1,0,0,0,0,1,0,1,0,0,0,0,0,1,0,61,237,252,98,1,1,0,1,0,1,0,1,0,1,1,0,3,1,0,0,0,0,1,1,0,0,30,155,239,254,173,10,0,0,0,0,0,0,0,1,2,0,1,0,0,0,0,0,0,2,0,0,1,0,166,251,252,252,26,1,1,1,1,1,0,0,0,0,0,2,0,1,0,2,0,0,0,0,0,1,0,0,33,139,214,252,223,165,6,0,0,1,0,0,1,0,0,1,0,0,2,0,2,0,0,0,0,0,0,0,0,0,25,207,253,252,115,0,0,0,0,3,0,0,0,1,0,0,0,0,1,0,0,0,0,0,2,2,0,1,1,24,249,252,120,0,0,0,0,1,2,2,0,0,0,1,0,0,0,0,0,0,0,0,1,1,0,0,0,55,250,244,61,1,0,0,0,0,1,0,0,2,0,0,1,1,0,0,0,0,0,0,0,1,3,0,16,189,254,133,0,0,1,2,1,0,1,0,0,0,1,0,1,0,0,1,0,0,1,3,0,0,0,0,61,253,225,33,0,0,0,0,0,0,0,0,0,0,2,0,0,0,1,0,0,0,0,1,1,1,1,32,223,252,38,0,0,0,1,0,0,0,0,0,0,0,0,0,0,0,2,0,0,0,1,0,1,5,103,234,230,56,0,1,0,0,0,0,0,1,0,0,0,0,1,1,0,0,1,0,0,2,0,1,40,192,253,227,116,0,1,2,1,0,0,0,0,2,0,1,0,0,0,0,0,0,3,1,1,0,1,0,134,247,150,43,0,1,0,0,2,0,0,1,2,0,0,0,0,1,0,0,0,0,0,0,0,0,0,1,0,0,0,2,1,0,0,1,0,0,0,1,1,0,0,0,0,0,0,0,0,0,0,2,0,0,0,1,1,0,0,1,0,1,1,0,1,0,0,0,0,0,0,0,0,0,0,1,1,1,0,2,0,1,0,0,1,0,0,3,0,0,1,1,1,0,0,0,1,3,0,0,1,0,0
1,0,0,1,2,1,1,0,0,1,0,0,0,0,0,1,0,1,1,0,0,0,0,1,1,0,0,0,0,2,0,0,0,0,0,0,1,1,0,1,0,1,0,0,1,0,1,0,1,0,1,0,0,1,0,1,3,0,0,0,0,1,0,0,0,0,0,0,0,0,0,0,0,0,0,1,1,0,0,0,2,2,0,0,0,0,0,0,1,1,1,0,0,0,1,0,0,0,0,0,0,1,0,0,1,1,0,0,0,0,0,1,0,0,0,1,0,0,2,0,0,0,1,0,1,0,0,0,0,0,0,1,0,0,1,1,0,1,0,0,0,0,2,1,0,0,0,0,0,0,0,0,0,1,0,0,0,1,0,1,0,0,0,0,0,0,1,0,0,2,0,0,1,0,0,0,0,0,2,21,114,192,193,149,31,0,0,0,1,1,1,0,0,0,0,1,0,0,0,0,1,0,0,2,0,17,120,221,253,253,253,252,222,143,0,0,0,0,0,0,0,0,0,0,0,1,0,0,0,1,0,0,1,138,253,251,251,252,253,252,252,249,189,54,0,0,0,0,1,0,1,1,0,0,0,1,0,1,1,0,26,218,253,252,253,198,129,185,252,253,250,177,1,0,0,0,0,1,0,1,0,1,0,1,1,1,0,0,150,254,252,244,75,7,0,83,253,251,252,210,0,0,1,0,0,0,0,0,0,0,0,0,0,0,1,2,213,254,253,128,0,0,0,83,254,252,253,107,0,0,0,0,0,0,0,0,0,0,0,1,1,0,0,0,211,253,252,126,0,0,0,86,252,253,251,106,0,0,1,2,2,0,0,1,0,0,1,0,0,1,1,0,203,252,252,178,20,22,130,212,252,252,254,53,2,0,0,1,0,0,1,0,0,0,0,1,0,0,0,1,35,253,250,254,250,252,251,252,251,253,154,0,0,0,0,0,0,0,1,0,0,0,0,0,0,0,0,1,0,165,253,252,253,254,254,252,253,252,42,0,2,0,0,0,0,0,0,1,0,0,0,0,1,0,0,0,1,18,140,230,210,210,237,253,253,253,43,0,1,0,0,0,0,0,0,0,0,0,0,0,1,0,0,1,1,1,0,27,0,0,147,252,252,252,77,0,0,0,0,1,0,1,1,0,2,0,0,2,0,2,0,0,0,0,3,1,0,0,138,251,252,252,243,0,0,0,0,0,0,0,1,0,0,1,0,1,0,0,0,0,0,0,1,2,0,0,113,252,253,252,228,0,0,1,0,0,0,0,1,1,0,0,0,0,0,0,0,0,0,0,0,0,0,2,145,253,253,254,190,0,0,0,0,1,0,1,0,0,2,0,1,1,0,0,0,0,0,0,0,0,1,0,193,253,252,252,250,0,0,1,0,1,0,0,2,0,0,0,1,0,0,0,0,0,0,2,1,0,1,2,148,251,252,254,251,2,0,1,0,1,0,0,1,0,0,0,0,0,0,0,1,0,1,0,0,0,0,1,147,251,251,253,252,0,1,0,0,0,0,0,1,0,0,0,0,0,0,0,0,0,0,1,0,0,0,1,78,251,252,251,154,1,1,1,0,0,0,0,0,0,2,2,2,0,1,0,0,0,0,1,0,0,1,1,9,120,192,146,24,0,0,0,1,1,0,0,0,0,1,0,0,2,0,0,0,0,0,0,0,0,1,0,1,0,0,1,0,3,0,0,0,0,1,0,0,0,0,2,0,0,2,1,1,3,1,1,0,1,2,0,0,0,0,1,2,0,0,0,0,0,0,1,0,0
0,0,1,1,0,0,1,1,0,1,1,0,1,1,1,0,0,1,0,0,0,0,0,0,0,0,0,1,2,0,1,0,0,1,0,0,0,1,1,0,0,2,0,0,0,0,1,2,0,0,0,1,1,2,0,0,0,1,1,1,0,0,0,0,0,0,1,0,0,0,1,0,2,1,0,2,1,1,2,0,1,1,0,0,1,0,0,0,0,0,0,0,2,0,0,0,0,2,0,0,1,0,0,1,1,1,0,0,1,0,0,0,2,0,1,0,0,0,0,1,0,0,4,1,3,32,117,222,248,127,8,1,0,0,0,0,0,0,0,1,0,0,0,1,0,0,0,0,0,0,1,0,152,253,255,254,253,253,204,21,0,0,0,0,0,1,0,0,0,0,0,0,1,0,0,0,1,1,0,150,253,254,252,253,254,252,254,138,0,1,0,0,1,0,1,0,0,0,0,1,1,0,1,0,1,2,152,251,255,255,144,48,230,251,253,248,24,0,0,1,0,0,0,0,0,2,0,0,1,0,0,0,0,114,241,255,241,85,0,0,34,230,255,253,27,2,0,0,0,1,0,1,0,0,1,1,0,1,0,0,17,240,251,252,143,1,2,1,7,212,253,252,0,0,0,1,0,0,1,0,1,0,0,0,0,0,2,0,61,255,253,233,13,0,4,0,0,195,253,253,0,0,1,1,0,0,1,0,0,0,1,0,0,1,0,1,170,254,253,150,1,0,0,1,0,194,253,254,0,0,0,2,0,1,0,0,2,1,0,1,0,3,0,1,255,253,250,43,1,0,0,1,0,194,253,253,1,1,0,1,0,0,0,3,0,0,0,0,1,1,0,0,253,253,194,2,0,0,0,0,0,195,252,252,0,2,0,0,0,0,0,0,1,0,1,0,0,1,0,0,252,252,152,0,2,0,1,0,17,244,253,253,0,0,0,0,0,1,0,0,0,2,1,0,0,1,1,72,254,253,44,0,0,0,0,0,93,252,253,252,1,1,0,1,0,3,0,1,0,0,0,0,1,0,0,80,255,255,40,1,0,0,0,0,177,255,254,192,0,2,0,1,0,0,0,1,0,0,1,0,0,0,0,81,255,252,40,0,0,0,0,49,235,254,254,61,1,0,2,0,0,0,0,2,0,1,0,0,0,0,1,78,255,251,41,2,0,0,50,208,254,254,239,17,1,0,0,0,0,0,1,0,0,0,0,0,0,0,0,78,254,229,15,0,0,14,197,251,254,252,123,1,0,1,0,0,1,0,0,0,0,0,1,0,0,0,0,0,254,254,69,1,44,193,255,254,255,140,14,0,0,0,0,0,0,0,2,0,2,0,0,0,0,0,1,1,219,253,221,194,233,253,253,253,190,14,2,0,0,0,0,1,1,1,0,0,0,0,0,0,0,0,0,0,69,254,254,252,253,253,251,166,10,0,0,0,1,0,0,0,0,0,0,2,0,0,1,0,0,0,0,1,1,114,215,255,253,217,114,9,0,0,0,0,0,1,0,0,1,0,0,0,0,0,0,1,0,0,0,0,1,3,0,0,0,0,0,0,0,0,0,0,0,0,0,0,2,1,2,1,0,0,1,1,0,1,1,1,1,1,0,0,1,0,0,1,0,0,0,0,0,0,0,0,0,0,0,1,0,0,1,1,0,0,1,1,0,0,0,0,0,0,1,0,1,0,0,0,1,0,1,1,1,1,0,0,0,1,1,0,1,0,0,1,0,0,1,0,0,1,0,0,1,1,0,1,0,0,0,0,3,0,0,1
0,0,1,0,2,1,0,0,1,2,0,2,0,0,0,0,1,1,0,1,0,2,1,0,2,0,0,0,0,1,1,0,0,1,0,0,0,0,0,0,0,0,1,1,0,0,0,0,0,0,2,0,0,0,0,0,0,1,0,0,0,0,2,1,0,2,0,1,0,0,1,0,0,0,0,0,0,0,0,0,0,0,0,0,0,1,0,0,0,0,0,0,1,1,3,2,3,0,1,1,0,0,0,0,0,0,0,1,1,0,0,0,0,0,0,1,0,1,2,0,0,0,2,0,0,0,1,0,0,1,2,1,0,0,0,0,0,0,0,0,0,0,0,1,1,0,1,0,4,54,133,132,249,255,251,253,173,46,2,0,0,1,0,2,1,1,1,1,1,0,0,1,0,0,0,1,141,253,251,254,251,253,252,252,253,253,71,0,0,0,1,0,0,0,0,0,0,0,0,1,0,0,0,0,193,222,215,218,158,96,164,221,252,252,181,1,0,0,1,2,0,0,0,0,1,0,0,0,1,0,0,0,64,17,1,0,1,0,0,12,172,253,181,1,0,1,0,2,0,0,0,1,0,1,0,0,0,0,1,0,1,0,0,1,0,0,0,0,49,250,181,0,0,1,0,0,1,2,1,1,0,0,2,1,0,0,0,0,2,0,0,0,0,1,0,13,164,253,146,1,0,0,2,0,0,0,2,1,0,0,0,3,0,0,2,0,0,0,1,1,1,0,0,132,252,232,40,0,0,0,0,0,0,0,0,2,2,0,0,1,0,0,0,1,0,1,1,0,1,50,167,238,253,89,3,1,2,0,1,0,0,0,0,0,0,0,0,0,0,1,1,0,2,0,0,45,165,242,252,252,254,237,107,0,1,0,0,1,0,0,1,0,1,0,0,3,1,0,0,0,1,2,0,224,251,252,253,252,252,251,248,103,0,0,0,1,1,0,0,0,1,0,0,0,0,0,0,2,0,0,47,241,247,242,241,242,240,251,251,167,0,0,0,1,0,0,0,0,0,0,1,1,1,0,0,0,0,2,0,96,57,0,0,0,0,113,251,167,0,0,1,0,0,0,0,1,0,1,0,0,0,1,0,0,1,0,0,1,0,0,0,0,0,134,251,93,0,1,0,0,0,0,0,0,0,1,3,0,0,0,0,0,0,0,0,0,1,0,1,0,56,228,204,15,0,2,0,0,0,1,0,0,1,0,0,0,0,0,0,1,0,2,0,0,0,0,0,56,232,253,93,0,0,0,0,1,1,0,0,0,0,0,0,0,1,0,1,0,0,1,0,0,0,79,192,231,251,111,14,0,1,0,0,0,0,0,0,0,0,0,0,0,1,0,1,21,85,84,84,134,207,255,252,239,87,15,0,0,0,0,0,0,2,2,0,0,0,0,1,1,0,0,17,191,251,252,252,252,252,253,185,31,2,0,0,0,0,0,0,0,0,1,0,0,0,0,0,1,0,15,193,251,251,252,252,250,198,22,10,2,1,2,1,0,1,1,1,0,3,0,0,0,0,0,1,0,0,18,212,253,217,130,85,10,7,0,1,1,0,0,0,0,2,0,0,0,1,0,1,2,0,0,0,1,0,1,0,0,0,0,0,0,0,1,0,0,1,0,0,1,0,1,0,0,1,0,0,0,1,0,0,0,2,0,0,1,0,2,0,0,0,1,1,0,0,0,1,0,0,0,0,0,2,0,0,0,0,1,0,0,0,0,1,1,0,0,1,0,2,0,0,0,0,2,0,0,0,1,0,0,0,2,1,0
2,0,0,0,1,0,0,0,1,0,1,0,0,0,1,0,0,1,1,1,0,0,1,0,1,0,0,0,0,1,0,0,0,1,0,0,0,1,0,0,0,1,0,1,0,0,1,0,0,0,4,1,0,0,3,0,1,2,0,1,0,0,0,0,0,0,0,1,0,1,0,0,0,0,0,0,0,1,1,0,0,0,0,2,0,0,1,2,0,0,1,0,1,0,1,0,0,1,1,0,0,0,0,0,2,0,0,0,0,0,0,0,0,0,0,1,0,1,0,2,0,0,1,0,0,2,0,0,0,2,2,7,56,105,156,195,155,49,1,1,1,0,0,0,0,0,0,0,0,0,1,0,1,1,2,0,0,6,57,175,255,253,254,254,254,205,0,1,0,0,0,0,0,1,0,1,0,0,0,0,0,2,0,0,41,185,255,253,255,253,233,189,190,42,1,2,1,0,1,0,0,0,0,1,0,2,0,0,0,2,7,134,241,254,252,240,132,45,24,0,1,2,1,0,1,0,1,0,0,0,1,0,0,1,0,0,2,0,140,255,254,254,182,44,0,0,0,0,0,0,0,0,0,1,1,0,0,2,0,0,1,0,1,0,3,136,253,254,247,143,10,1,1,1,0,0,0,0,1,0,0,0,1,0,0,0,0,0,0,0,0,1,136,254,255,224,96,1,1,0,0,0,0,1,0,1,0,0,1,1,1,0,0,0,0,0,1,1,5,137,253,254,248,57,0,3,0,0,1,0,1,0,1,0,0,0,0,1,0,1,1,0,0,0,0,1,100,255,253,253,60,1,0,1,0,0,1,0,2,0,0,0,0,0,0,0,0,0,1,0,1,0,1,61,239,254,248,99,2,0,0,1,0,0,0,0,0,0,0,1,1,1,0,1,2,0,0,0,1,0,1,166,255,253,237,106,11,2,2,0,0,0,0,0,1,0,0,0,0,0,0,0,0,1,0,1,2,1,10,254,254,255,255,255,253,144,24,0,0,0,0,1,0,0,2,0,0,0,1,0,0,0,0,0,1,0,141,254,254,254,254,255,254,254,212,25,0,0,0,1,1,0,1,2,2,0,0,1,1,0,0,0,0,0,208,255,242,85,85,83,152,255,254,117,0,1,1,0,0,0,0,0,0,1,1,0,0,0,0,0,1,0,210,254,143,2,0,0,50,255,253,148,0,1,0,0,0,0,0,0,0,0,1,0,0,1,0,2,0,1,209,255,134,0,0,0,172,254,255,148,0,0,1,0,0,1,0,0,2,0,1,0,0,0,0,0,0,0,207,254,134,0,4,141,252,253,228,30,0,0,2,1,0,0,0,2,1,0,1,1,0,1,0,0,1,0,140,254,226,190,198,254,254,255,95,3,1,1,0,0,2,1,1,0,0,1,0,0,0,1,0,0,0,0,6,204,254,253,255,254,232,96,0,0,0,0,0,0,0,0,0,1,1,2,0,0,0,1,0,0,1,2,0,102,201,252,201,154,31,0,1,0,0,2,0,1,0,1,0,1,2,1,0,0,0,1,0,0,0,0,0,0,0,1,0,1,1,0,1,0,0,1,1,2,0,1,0,1,1,0,0,0,0,0,1,1,1,0,1,0,0,1,0,0,0,0,1,0,2,0,0,2,0,1,0,1,0,0,0,2,0,0,0,0,0,0,0,0,0,1,0,0,0,0,1,0,0,0,1,0,0,0,0,1,0,0,0,1,1,1,0,0,0,1,0,1,0,1,0,0,0,0,0,2,0,1,1,0,0,1,2,2,1,0
0,0,1,0,0,0,0,0,0,0,0,3,0,0,0,1,1,0,0,1,1,1,0,0,1,1,0,1,2,0,1,0,1,0,0,0,0,0,1,0,0,0,1,1,0,0,0,0,0,0,0,0,0,0,2,0,1,0,0,0,2,0,1,0,1,0,1,0,0,0,1,0,1,0,2,1,0,0,0,0,0,1,1,0,1,0,3,0,0,0,0,0,0,0,1,3,0,0,1,0,2,0,0,1,0,1,0,0,1,0,0,0,0,0,0,1,0,0,0,1,0,0,0,0,0,1,0,1,2,2,0,1,0,0,1,0,0,0,0,0,1,0,0,0,0,0,2,1,1,0,0,2,2,0,0,1,0,1,1,1,0,0,1,0,1,0,0,1,0,1,1,1,0,0,0,0,0,0,0,23,193,41,0,0,0,1,0,0,0,0,1,0,1,0,0,0,1,0,0,0,0,0,0,0,0,0,17,213,250,78,1,0,1,0,10,11,12,13,14,1,1,1,2,0,0,2,0,0,1,0,0,0,1,1,41,255,212,4,20,19,114,82,232,254,253,255,255,150,8,1,0,1,1,2,0,1,0,3,0,0,1,1,157,254,237,171,253,254,254,253,253,253,253,252,231,173,6,0,0,1,1,1,0,2,1,0,0,1,0,4,168,254,251,255,234,224,223,224,124,99,98,100,12,0,1,0,2,0,0,0,1,1,0,0,0,0,0,106,253,211,177,131,26,0,0,0,2,0,0,1,1,2,0,0,1,0,0,0,0,0,0,0,0,0,0,150,252,93,0,0,1,0,0,1,0,1,0,0,0,0,0,0,1,0,1,0,1,0,0,1,1,0,1,126,255,184,19,0,1,1,0,0,0,0,0,0,1,0,0,0,1,1,0,0,0,0,1,0,2,1,0,7,157,254,183,46,0,0,0,0,0,1,0,2,0,0,0,0,0,1,0,0,1,3,1,1,0,2,0,0,11,85,234,242,98,16,0,2,0,0,0,0,0,0,0,0,0,0,0,0,0,1,0,0,1,1,0,0,2,0,123,235,253,67,0,0,0,0,0,0,0,0,1,0,2,0,0,0,0,0,2,0,0,0,0,0,0,0,1,77,255,184,20,0,0,1,0,0,0,0,0,0,1,0,0,1,0,0,0,1,0,0,0,2,2,1,0,10,193,254,61,0,0,0,0,0,2,1,0,0,0,0,0,0,2,0,0,0,0,0,0,0,0,0,2,41,241,255,61,1,0,1,0,1,0,1,0,0,0,0,2,0,0,0,0,2,0,1,0,0,0,0,17,185,254,155,9,1,0,0,0,0,0,0,0,0,2,0,0,2,1,1,1,0,0,0,0,0,0,14,188,254,230,41,0,0,1,1,0,2,1,0,0,0,0,0,1,0,1,0,2,1,1,1,0,0,15,189,253,236,52,1,1,2,1,0,1,0,0,0,0,0,1,0,0,0,1,1,0,0,0,5,49,67,192,253,179,55,0,0,0,0,0,1,1,1,1,0,0,1,0,2,0,0,0,1,0,0,0,13,248,251,255,178,47,1,1,0,1,0,0,0,0,1,0,0,0,0,0,1,1,0,1,0,0,0,1,6,138,181,115,1,1,1,0,0,1,1,1,0,1,0,1,1,0,0,0,1,0,0,0,0,0,1,1,1,1,0,1,0,1,0,0,0,0,1,0,0,0,1,2,0,0,0,2,0,2,0,0,0,0,1,0,0,0,0,0,0,1,0,0,2,2,0,0,3,0,0,0,0,0,0,2,0
0,0,0,0,0,0,1,0,1,1,0,2,0,1,0,0,0,0,0,0,0,0,0,2,0,0,0,0,0,0,2,1,0,0,0,0,0,0,0,0,1,0,1,1,0,0,2,0,0,0,0,0,0,0,2,0,1,0,0,2,0,1,0,0,0,0,0,0,1,1,0,0,0,1,0,0,0,0,1,1,0,0,1,2,1,0,1,1,0,0,0,0,1,0,1,0,0,2,0,0,1,0,0,1,0,0,1,0,1,0,2,0,0,2,0,0,0,1,0,0,0,0,0,0,0,1,0,1,0,0,0,1,0,2,1,0,0,1,1,0,1,0,1,0,0,1,0,0,0,2,0,1,0,0,0,0,1,0,0,1,0,2,4,29,32,1,0,0,0,0,0,0,1,0,0,1,0,0,1,1,0,0,19,164,35,28,92,139,175,224,253,253,224,0,0,0,2,0,0,2,0,0,2,1,0,0,1,0,1,93,219,255,253,254,255,253,248,241,243,163,79,0,0,1,0,0,1,0,0,0,3,2,0,0,0,18,147,255,255,253,250,167,135,70,30,0,0,0,1,1,0,0,0,0,0,0,1,0,2,2,0,1,0,114,254,254,253,167,67,0,0,0,0,1,1,1,0,1,0,2,0,1,0,0,1,0,0,0,0,0,2,184,255,254,150,12,1,0,0,0,0,0,0,1,0,0,0,0,0,0,0,2,0,0,0,0,0,0,91,254,240,139,39,99,113,186,198,94,0,0,2,0,0,0,0,0,2,0,0,0,0,0,0,0,0,0,147,255,201,244,255,254,228,222,241,241,55,0,0,0,0,1,1,1,0,2,0,0,2,1,0,1,0,16,242,255,255,254,222,76,7,0,105,255,104,0,0,0,1,2,0,0,1,1,0,2,1,1,0,0,1,6,108,130,90,46,9,2,0,0,11,234,173,1,0,0,0,1,0,1,1,1,0,0,0,0,0,0,1,0,1,0,0,1,1,2,1,1,2,232,200,2,0,0,0,0,0,0,1,0,0,0,0,0,0,0,0,1,2,1,0,0,0,0,0,0,30,243,197,2,1,1,0,1,2,0,0,0,0,0,0,0,21,33,0,0,1,1,2,1,0,0,0,0,131,254,115,0,1,1,1,1,0,0,0,0,0,1,1,71,211,235,1,0,0,1,0,0,0,1,2,31,196,240,25,1,0,0,0,0,0,0,1,2,1,1,1,247,255,193,0,2,1,0,0,0,0,1,48,232,255,116,1,0,1,0,0,0,0,0,0,1,0,0,0,185,253,135,2,0,0,0,0,0,0,115,245,254,147,17,0,0,0,1,0,2,0,1,1,0,1,0,0,88,222,24,0,0,0,0,33,86,169,252,217,65,4,1,1,0,0,0,1,0,1,0,0,0,0,1,1,87,254,242,159,160,161,196,249,254,254,149,16,1,1,0,1,0,0,0,0,1,1,0,0,0,0,0,0,4,149,173,177,176,175,175,138,81,8,2,1,0,0,1,0,0,1,3,0,0,1,0,0,0,0,0,2,0,2,0,0,1,0,0,0,0,0,0,0,1,2,0,0,1,1,1,0,0,0,0,0,0,0,1,0,0,2,1,0,0,0,0,0,0,0,0,0,0,0,0,0,0,1,0,1,0,1,1,0,0,0,1,0,0,0,0,0,0,0,2,1,0,0,0,0,0,0,0,0,0,0,0,0,1,1,1,0,0,0,0,1,0,0,0,0,0,0,1,0,0,0,0,0,0,0,0,1,0,0,1,1,0,1,0
0,0,0,1,0,1,2,0,0,0,1,1,1,0,0,0,0,0,0,0,3,0,0,0,0,2,1,0,0,0,0,0,1,1,0,0,1,0,1,0,0,1,0,1,0,2,0,1,0,0,0,1,1,0,2,0,0,0,1,0,0,1,0,1,0,0,0,1,0,0,0,0,0,1,0,0,0,0,0,0,0,0,0,0,0,0,0,0,0,0,0,0,0,0,0,0,0,1,0,0,0,0,0,2,0,0,0,0,0,0,0,0,1,0,0,1,0,0,0,0,0,0,1,0,0,0,2,2,0,0,0,0,0,0,3,1,0,0,0,0,0,0,0,0,0,0,0,1,1,0,0,3,0,0,0,0,0,0,2,0,0,1,1,0,0,1,0,0,0,0,0,1,0,0,0,0,2,0,3,174,23,134,123,10,0,0,1,0,0,1,0,0,0,0,0,0,1,1,0,0,1,0,0,0,7,124,187,252,254,254,252,238,123,7,0,1,0,0,0,1,0,0,0,0,0,1,0,0,0,0,1,8,155,252,254,255,253,255,253,252,253,155,9,0,1,0,0,2,0,0,1,0,0,0,0,0,1,0,33,191,254,250,251,254,253,252,250,234,253,251,60,0,0,1,1,0,1,0,0,1,0,0,0,0,0,0,48,254,252,254,252,225,224,131,63,45,165,253,163,11,0,0,1,0,0,0,0,0,1,0,0,0,0,1,84,253,255,253,144,32,33,2,2,0,49,253,251,47,1,1,0,1,0,0,0,0,0,0,0,1,0,0,169,253,252,144,8,2,1,0,0,0,50,255,251,145,2,1,2,1,1,0,0,0,1,0,0,0,2,0,168,252,224,30,0,0,0,1,0,1,47,251,254,167,0,0,0,0,0,0,1,0,0,0,0,1,1,1,118,254,69,0,0,1,0,1,0,1,159,250,252,167,0,1,0,0,0,0,0,2,0,0,0,0,0,0,25,132,32,1,1,0,0,0,0,0,169,253,252,111,1,0,2,1,0,0,0,1,0,0,0,0,0,1,0,0,0,1,0,0,0,0,0,37,254,254,253,48,0,0,1,0,2,2,0,0,0,0,0,0,0,0,0,0,0,0,0,0,1,0,1,31,212,254,253,49,0,1,1,0,1,0,0,1,0,0,0,0,0,0,1,0,0,0,0,0,0,0,1,155,254,254,208,18,0,2,0,1,1,1,0,0,0,1,0,1,0,2,0,1,0,0,0,0,0,0,1,158,253,253,101,0,0,1,0,0,0,0,0,0,0,1,0,0,0,0,0,0,0,2,1,0,0,0,0,156,253,253,59,0,1,1,0,1,0,2,0,0,1,1,0,0,0,0,0,0,0,0,0,0,1,0,8,185,252,254,60,0,0,1,1,1,0,1,0,3,0,0,1,0,0,0,0,0,2,0,0,2,0,1,65,252,252,254,60,0,0,0,0,0,0,1,0,1,0,2,0,2,0,1,0,0,1,0,0,0,0,11,237,254,252,230,37,0,0,0,0,0,1,0,2,0,0,0,0,0,0,0,0,2,0,0,0,0,0,174,254,254,253,84,0,0,0,0,0,3,0,0,1,0,1,0,0,0,0,2,0,0,1,0,0,0,58,255,253,252,148,3,0,0,0,0,1,0,1,0,0,0,0,0,2,0,0,0,1,1,0,1,0,1,0,0,0,1,0,0,0,1,0,1,1,0,0,1,1,1,0,1,1,0,0,0,0,1,1,0,0,1,0,1,1,2,0,0,0,1,0,0,0,1,0,0,0,2
0,0,0,0,2,0,0,2,0,0,0,0,1,0,0,0,0,0,1,0,0,0,0,0,0,2,1,2,1,1,0,0,0,1,0,0,1,0,0,2,1,2,0,0,0,0,0,0,1,3,1,1,0,0,2,0,1,0,0,1,0,0,0,0,1,0,0,0,0,0,0,0,1,0,1,0,0,0,0,0,0,1,0,0,0,0,0,0,0,0,0,0,0,2,1,0,0,1,0,0,0,0,0,2,0,0,0,0,0,0,0,1,0,0,0,1,2,0,0,1,1,24,132,191,131,130,38,4,0,0,0,0,0,0,1,1,0,2,1,0,0,0,0,1,0,1,1,81,137,212,253,254,254,253,255,163,30,0,1,2,0,2,2,0,2,0,1,0,0,2,0,0,0,0,1,158,254,244,235,236,235,249,255,253,221,23,0,0,1,0,1,0,1,0,1,0,0,0,0,0,0,1,18,245,255,94,0,0,0,77,205,255,253,169,22,0,1,0,1,1,1,2,0,1,0,0,1,0,0,0,0,59,177,82,1,0,0,0,27,204,253,255,112,0,1,0,0,0,1,0,0,0,0,0,0,1,1,0,1,1,0,0,0,0,0,1,0,64,245,251,164,0,0,0,1,0,0,0,1,1,0,0,2,0,0,0,0,1,0,0,0,0,0,0,0,0,125,255,175,5,0,0,0,0,0,1,0,0,1,1,0,0,0,0,2,0,0,2,0,0,0,0,0,0,27,223,255,134,5,0,0,0,2,0,1,0,0,1,0,0,0,0,0,0,0,1,0,0,0,0,0,0,1,213,255,253,23,0,0,1,0,1,0,1,0,0,0,0,0,0,1,0,1,0,0,0,1,1,0,0,1,121,255,253,55,0,0,0,0,0,0,0,1,0,0,0,0,0,0,0,119,194,193,167,69,20,3,0,0,21,225,255,146,0,0,0,0,2,0,1,0,0,0,1,2,0,0,57,234,252,254,254,255,214,105,75,15,0,219,255,148,0,1,0,2,0,2,0,0,1,0,0,2,0,0,149,254,243,172,229,254,255,254,255,174,15,219,253,148,1,2,0,2,0,0,0,0,1,0,0,1,0,1,149,253,215,0,29,44,134,233,252,255,220,250,254,149,0,0,2,0,0,0,0,1,2,0,1,2,0,1,105,254,250,74,0,1,0,63,188,255,255,253,254,147,0,0,1,0,0,0,0,0,1,0,0,1,2,2,16,217,255,214,34,0,0,0,10,129,239,252,255,39,0,0,2,0,0,0,1,0,0,0,2,0,1,0,0,157,254,254,133,0,1,2,33,107,230,254,255,24,0,0,2,0,0,0,0,0,0,0,0,0,0,0,0,28,215,254,251,207,110,147,243,255,254,253,210,14,0,0,4,1,1,0,0,0,0,0,0,1,0,3,1,0,24,213,254,255,254,253,252,253,253,108,7,0,0,1,0,0,0,1,2,0,0,1,0,0,2,2,0,0,0,5,92,218,255,160,131,91,5,2,0,0,1,0,0,1,0,0,0,0,0,1,0,2,1,0,0,3,0,0,0,2,0,0,1,1,0,0,1,0,0,1,1,0,0,0,1,0,1,0,0,1,0,0,0,2,0,0,0,0,0,0,0,1,0,2,0,0,0,1,0,1,1,0,0,2,0,0,0,0,0,0,0,0,0,0,0,1,2,0,0,0,0,1,0,1,1,0,0,0,1,1,0,0,1,0,0,0,0,1,1,1,1,0,0,1,0,0,0,0,0,2,1,0,1,0,0,0,0,0,0
0,2,2,0,0,1,0,0,0,0,1,2,0,0,0,1,0,0,0,0,1,0,0,0,0,0,0,0,2,0,0,0,0,0,0,0,0,0,1,0,0,0,0,0,0,0,0,1,0,2,0,0,1,0,3,0,1,0,0,0,2,1,0,1,2,1,1,0,0,1,1,0,1,1,0,0,0,0,0,0,1,2,0,0,0,0,2,0,0,2,0,0,2,1,0,0,2,0,3,0,0,0,0,0,0,0,0,0,0,0,2,0,1,0,0,2,2,0,0,2,3,0,0,0,1,0,0,0,0,1,0,0,1,0,2,0,1,0,0,0,0,0,0,0,0,0,0,0,0,2,0,45,127,165,255,255,224,99,0,0,1,2,0,0,0,0,1,0,0,1,1,0,1,0,0,0,0,109,234,250,251,253,252,251,252,254,136,0,0,1,1,0,1,0,0,0,0,0,1,1,0,0,0,51,111,244,252,252,254,252,253,253,252,252,252,136,1,0,0,0,0,0,0,1,0,0,0,2,0,0,50,240,255,253,253,252,254,255,252,251,253,253,251,215,0,1,0,0,0,0,0,0,0,0,0,1,0,0,243,255,255,253,252,252,252,223,156,155,178,254,254,228,36,1,0,2,0,0,0,1,0,0,0,0,0,0,253,252,254,254,255,175,49,22,0,0,60,254,252,253,204,1,0,0,1,1,0,0,0,0,1,0,0,1,39,250,253,252,130,5,1,2,0,0,8,192,253,253,220,0,2,0,0,1,0,0,1,0,0,1,1,0,0,105,174,56,6,0,1,0,0,0,48,239,254,254,219,1,1,0,0,0,0,1,0,0,1,0,0,1,0,0,0,38,65,71,71,73,71,54,58,253,254,251,220,1,0,0,0,0,0,0,0,4,0,1,0,0,0,31,123,225,248,253,251,253,253,237,211,253,254,253,154,0,1,0,0,1,1,1,2,0,0,1,1,0,1,149,253,252,253,254,252,253,255,254,252,254,254,253,244,109,55,1,1,0,0,0,0,3,1,0,0,0,89,253,253,253,253,253,251,252,253,253,253,252,253,252,253,254,247,182,181,115,0,1,0,2,0,1,0,0,214,253,252,252,255,238,223,253,254,254,253,255,253,255,254,254,252,253,253,253,0,0,0,0,0,1,0,0,167,252,254,238,96,52,32,157,253,254,251,253,253,252,254,252,252,254,252,253,1,0,2,0,0,0,0,0,109,253,253,164,20,29,143,239,254,253,253,247,131,111,220,226,253,253,255,237,1,1,0,0,0,2,1,2,0,231,254,254,215,241,254,253,253,253,247,114,1,1,0,11,95,96,98,49,0,1,0,0,0,1,0,0,0,118,252,252,253,253,253,252,254,247,112,1,2,0,1,0,2,0,0,1,1,2,0,0,2,0,0,0,0,50,240,255,255,252,255,254,253,115,0,0,0,0,2,0,0,0,0,1,0,1,0,1,2,1,1,0,0,0,51,234,250,248,247,207,117,27,1,0,1,0,0,0,0,0,0,0,2,0,0,2,0,1,0,1,0,0,0,1,48,14,0,0,0,0,0,0,1,0,1,1,1,0,0,1,0,0,0,0,0,0,0,1,0,0,1,1,0,0,1,1,0,0,0,1,1,0,0,0,0,1,0,1,1,1,1,0,0,1,1,0,0,0,1,0,0,0,1,0,1,0,0,1,1,0,0,0,0,1,2,0,0,0,0,1,0,0,0,1,0,2,0,0,0,2,1,1,1,0,2,0,0,1,0,0,0,0,2,0,0,0
1,1,0,0,2,0,0,0,0,3,0,0,0,0,0,0,0,0,0,0,1,0,0,0,1,0,0,0,0,1,0,1,2,1,1,0,0,0,1,1,1,0,0,0,0,0,0,2,0,1,1,0,0,0,0,0,2,0,0,1,0,0,2,2,0,1,0,0,0,0,0,1,0,0,1,0,0,1,0,2,1,0,1,0,0,0,1,2,1,0,0,0,2,0,0,0,0,0,0,1,0,0,0,0,1,0,0,1,0,0,0,0,0,0,0,0,0,1,0,1,0,0,1,1,0,1,2,1,0,0,0,1,0,0,1,1,0,0,0,0,0,1,0,0,0,2,0,0,0,0,2,0,0,1,0,0,0,0,0,0,0,0,0,0,1,1,1,0,1,2,1,0,0,0,0,0,0,1,1,0,0,1,1,0,0,0,2,0,0,1,1,1,1,0,0,0,0,0,1,1,1,0,1,0,0,0,61,119,164,255,253,241,115,60,0,0,0,0,0,2,0,0,1,0,2,0,0,1,1,0,0,105,158,233,245,254,254,253,252,254,252,243,177,11,0,1,0,0,0,1,0,0,0,0,1,0,1,0,22,211,253,253,252,251,253,254,254,252,252,253,253,172,18,0,0,0,1,0,0,0,0,0,0,2,0,1,75,239,229,200,196,138,62,62,61,62,137,226,251,254,84,1,0,0,0,0,0,0,0,0,0,0,0,0,26,62,44,0,0,0,0,1,0,0,0,126,254,253,190,0,0,1,0,1,0,0,2,3,0,0,0,1,0,0,0,0,0,0,1,1,0,1,13,201,253,253,110,0,0,0,0,1,0,0,2,0,1,0,0,1,1,0,0,0,2,0,0,0,0,1,143,254,254,211,27,1,0,1,0,1,0,0,0,0,1,0,0,0,0,0,0,0,1,2,1,0,0,9,194,252,253,171,0,2,1,0,0,0,0,1,1,0,1,0,0,0,0,0,0,1,0,1,0,0,18,181,254,252,218,35,0,1,1,0,0,0,0,1,0,0,0,0,0,2,1,0,0,0,1,2,0,0,49,253,254,252,37,0,0,0,0,1,2,0,2,0,0,0,0,2,1,1,0,0,1,0,1,1,2,77,198,253,252,137,3,1,2,0,0,0,0,1,0,0,1,0,0,0,0,0,0,0,1,0,0,0,10,211,253,252,157,0,0,0,0,3,0,0,0,0,0,0,0,0,1,0,0,0,0,0,0,1,0,64,183,253,254,252,108,2,1,0,0,0,0,1,2,1,0,1,3,0,1,1,0,2,0,0,0,0,2,112,252,252,229,117,0,0,1,0,1,0,0,2,3,0,1,1,0,1,1,0,1,1,0,1,1,1,56,241,252,251,150,1,0,0,0,1,2,1,0,0,2,0,0,0,0,0,0,1,0,1,2,0,1,7,171,253,252,147,8,0,0,0,1,0,0,0,1,0,0,0,0,0,0,1,2,0,1,0,0,1,1,47,252,255,231,36,0,2,2,0,0,0,1,0,0,0,0,0,0,0,0,0,0,1,1,0,1,1,48,222,253,254,140,0,0,0,2,0,0,0,0,0,1,1,0,1,1,0,2,0,0,0,0,0,0,0,173,253,252,184,9,0,0,0,1,0,1,0,0,0,1,0,2,0,0,0,0,0,0,1,1,0,1,1,96,254,182,65,0,1,1,0,1,0,0,0,0,1,1,0,1,0,2,1,0,0,0,0,0,1,1,1,1,0,3,0,0,1,0,1,1,1,0,2,0,0,1,0,0,2,0,1
1,0,2,1,0,0,1,2,0,0,0,0,1,0,1,0,0,0,0,0,0,1,0,1,0,0,0,0,0,0,0,0,0,1,1,0,0,0,0,0,0,2,0,0,2,2,0,0,0,0,0,0,0,0,2,0,1,1,0,0,2,0,0,0,0,0,0,1,2,2,0,1,0,0,0,0,0,0,1,1,2,0,0,0,0,0,0,0,2,0,1,0,0,0,0,0,0,0,0,0,0,0,0,0,1,1,0,0,0,0,0,0,1,1,0,0,1,0,0,0,1,1,0,0,2,3,0,0,0,83,216,0,0,0,0,0,0,0,0,1,1,0,0,1,1,0,1,0,0,0,1,1,1,1,0,1,0,165,116,0,0,1,1,0,2,0,0,2,0,1,1,1,1,0,0,1,0,1,0,0,0,0,1,1,1,209,90,0,0,0,0,1,1,1,1,0,1,0,1,0,1,0,1,0,0,0,2,0,0,0,0,1,24,247,38,0,0,1,1,2,0,0,1,0,2,0,0,0,0,0,0,0,0,2,0,1,0,0,0,0,118,211,14,0,1,1,0,0,1,1,1,0,1,0,0,1,0,0,0,1,0,1,0,1,0,0,0,5,212,118,0,0,0,0,1,1,0,1,0,0,0,0,0,2,0,0,0,0,2,0,2,0,0,0,0,91,254,34,0,0,1,0,0,0,0,0,0,0,0,1,1,1,0,0,1,2,0,1,0,0,0,0,4,192,163,3,1,0,0,0,0,0,1,0,0,2,0,2,2,1,1,0,0,0,0,1,1,0,0,0,35,252,62,1,2,0,2,1,1,0,0,0,0,0,1,1,0,1,0,0,2,0,1,0,0,0,0,1,180,186,2,0,1,0,0,0,0,0,1,0,1,2,3,0,0,2,2,2,0,0,1,0,0,0,1,22,247,64,0,0,0,0,1,0,0,0,1,1,1,0,0,0,0,0,1,0,2,0,1,1,2,0,0,182,211,8,0,2,0,1,0,0,0,0,1,0,0,0,0,1,0,1,0,0,0,1,0,0,0,2,43,251,55,0,0,0,1,1,0,0,1,0,1,0,0,0,0,0,0,0,0,2,0,0,0,2,0,1,163,197,5,0,0,0,0,1,0,0,0,1,0,0,0,0,0,1,0,0,0,1,0,0,0,0,0,43,247,73,1,0,1,0,0,1,0,0,0,0,1,0,1,2,0,1,0,0,0,2,1,0,0,0,0,161,149,5,2,0,0,1,1,0,0,0,1,0,0,0,0,0,0,0,0,0,1,0,1,0,0,3,36,250,101,0,0,3,0,0,1,0,0,0,0,0,0,0,0,1,0,2,0,0,2,0,0,0,0,0,63,247,43,0,2,0,0,0,0,0,1,0,1,1,0,0,0,0,2,0,2,0,0,0,0,2,0,0,66,229,38,0,1,0,0,1,1,0,2,1,0,0,0,0,0,0,0,0,0,0,2,0,2,0,0,0,65,245,53,1,1,0,0,0,2,0,0,1,0,0,2,0,1,0,0,0,0,0,0,1,0,0,0,0,0,0,1,0,0,0,2,0,0,2,1,0,0,0,0,0,0,0,1,0,1,1,0,0,1,0,0,0,2,0,0,0,1,0,0,0,0,1,1,0,0,0,0,0,1,1,1,0,1,0,0,0,0,1,0,0,0,0,1,0,0,0,0,1,0,0,1,0,1,0,1,1,0,1,1,0,0,1,0,0,0,0,0,0,0,1,0,1,0,0,0,1,0,0,0,1,1,0,0,0,0,1
1,0,0,1,0,0,0,0,0,0,0,0,0,1,0,0,0,0,0,1,0,1,0,1,1,0,0,1,2,0,0,0,0,1,3,1,1,1,0,0,0,0,0,1,0,0,0,0,1,1,0,1,0,0,0,0,0,0,1,0,1,0,0,1,0,0,0,0,1,0,0,0,1,2,1,0,0,0,2,1,0,0,2,2,0,0,0,0,0,1,0,0,2,1,0,0,0,0,1,1,2,0,0,0,0,0,0,1,0,2,0,0,0,0,0,1,0,0,0,0,38,147,153,170,255,255,254,253,171,152,107,37,0,0,2,1,0,0,0,0,0,2,0,2,0,0,1,17,240,251,254,254,253,254,254,254,253,254,254,240,104,0,1,0,0,2,0,0,1,0,1,0,0,0,0,21,251,252,205,173,89,89,88,91,172,188,245,254,241,68,0,0,0,0,0,1,0,0,0,0,0,0,1,20,254,173,10,0,0,2,1,0,0,0,80,211,251,205,4,0,0,0,0,0,0,1,2,0,1,0,1,16,201,24,0,0,0,0,0,0,0,0,0,81,253,254,7,0,0,0,0,0,0,1,0,0,1,0,1,0,7,3,0,0,1,1,3,0,2,1,0,8,236,255,9,0,0,0,1,0,0,1,0,1,1,1,0,0,0,1,0,0,0,0,0,0,0,0,1,58,248,254,8,1,0,0,0,0,0,0,0,1,1,0,1,1,1,0,0,0,1,2,0,1,0,1,5,146,254,206,6,1,0,0,0,0,2,1,0,0,0,0,0,0,1,0,0,2,0,0,0,0,1,0,137,253,240,64,0,0,1,0,0,0,1,0,1,0,0,0,0,2,0,1,0,2,0,0,0,1,2,144,251,235,57,0,1,0,0,0,1,2,0,1,0,0,0,0,0,0,1,0,0,0,1,0,0,2,138,253,241,61,0,0,0,1,1,1,2,2,1,0,2,0,0,0,1,1,1,0,0,1,0,0,2,143,253,237,61,2,1,1,0,0,0,0,0,1,1,2,2,0,0,0,0,0,0,0,0,0,2,2,139,254,247,96,1,0,0,0,0,0,0,0,0,0,0,0,0,0,0,1,0,0,0,0,0,1,0,145,254,237,63,1,0,0,0,3,0,0,1,0,0,0,1,1,0,1,0,0,0,0,0,0,1,19,162,248,228,59,0,2,0,0,0,1,1,1,0,0,2,0,0,0,0,0,0,0,0,0,1,0,60,187,253,173,0,0,0,0,1,0,0,2,0,0,1,0,0,1,2,1,0,0,2,0,0,5,66,185,247,254,154,7,0,0,0,0,1,57,150,234,88,1,1,0,0,2,0,0,0,0,0,0,0,89,252,252,252,188,15,1,0,0,0,62,140,235,254,151,4,0,0,0,0,0,0,0,0,0,1,20,136,254,254,252,130,65,147,144,144,168,244,251,255,191,55,3,0,0,0,0,0,1,0,1,0,0,0,108,253,254,254,251,232,251,254,252,253,254,254,158,53,16,0,0,0,0,0,0,0,0,0,1,0,1,2,0,1,1,0,0,1,0,0,0,0,0,0,1,2,0,0,1,0,0,1,0,0,2,0,0,0,0,0,0,0,0,1,1,1,0,0,0,1,1,1,0,0,0,0,0,1,1,1,2,0,1,0,1,0,1,0,1,2,0,1,0,0,0,0,1,0,0,0,0,0,1,1,0,0,1,1,0,0,0,0,0,1,0,0,0,1,1,1,0,0,1,0,1,2,1,0,0,0,1,0,3,0,0,0,1,0,0
0,2,0,0,2,0,2,1,1,0,0,0,0,0,2,1,2,0,0,1,1,0,0,0,0,1,3,0,0,1,1,0,1,0,0,1,0,0,0,0,1,0,2,0,0,0,0,1,0,0,0,1,0,1,1,1,0,0,0,0,0,0,0,0,1,2,3,1,2,1,0,0,0,0,0,1,0,1,0,0,1,0,0,0,0,0,1,1,0,0,0,1,1,1,0,2,0,0,0,0,1,0,0,2,0,0,1,1,0,0,1,1,0,0,2,0,2,1,0,0,0,1,2,0,0,0,0,0,2,0,0,0,0,0,0,1,1,0,1,3,1,1,0,0,0,0,0,0,0,15,43,81,76,245,81,0,0,1,0,0,0,0,1,0,0,0,0,0,0,2,0,0,0,1,1,0,111,208,254,255,253,250,67,1,0,1,0,0,0,0,1,0,0,0,0,1,0,0,1,0,0,0,1,0,151,255,254,254,255,208,93,0,1,0,1,112,41,3,1,0,0,0,0,0,1,0,0,0,1,0,0,5,214,254,253,254,255,179,81,0,0,20,117,253,255,170,4,1,0,0,0,0,1,1,0,1,0,0,0,42,253,255,255,240,235,96,0,1,132,219,242,253,252,131,2,1,0,1,0,0,0,0,1,0,2,0,0,114,201,249,254,228,222,123,8,138,251,254,172,109,255,54,0,0,0,0,0,0,1,1,2,0,0,1,0,44,39,68,249,254,254,255,213,253,255,254,238,112,177,16,0,0,1,0,0,0,0,0,2,1,0,0,1,0,0,0,190,253,254,255,255,255,254,253,155,0,0,0,0,0,2,0,1,0,1,1,0,0,0,0,2,1,1,0,19,171,226,253,255,255,253,147,13,0,1,0,1,0,1,1,0,0,0,0,1,1,1,0,1,1,2,1,0,0,194,255,253,254,186,110,0,0,0,2,0,1,0,0,0,1,0,0,0,1,0,0,1,0,0,0,0,1,196,253,254,254,231,178,17,0,2,0,1,1,0,0,0,0,0,1,0,0,1,0,1,2,0,3,1,83,226,255,253,254,255,201,154,72,2,0,1,0,0,0,0,1,0,0,1,0,2,0,1,0,0,1,2,179,255,171,124,168,243,254,253,227,0,1,0,0,0,0,0,0,0,0,1,1,0,0,0,0,1,2,11,254,254,128,33,121,197,230,116,188,32,0,0,1,1,1,1,0,0,0,0,2,0,0,1,0,1,0,11,254,255,143,0,6,97,252,101,58,11,0,1,0,0,1,0,0,1,1,0,0,0,0,0,0,0,1,11,253,253,240,38,127,223,254,181,177,83,0,1,0,1,0,0,0,0,0,0,0,0,2,2,1,0,1,10,253,253,252,221,254,236,254,254,232,15,0,0,1,1,0,0,0,2,0,0,0,1,0,1,0,0,0,10,241,255,255,255,254,255,255,243,15,0,0,0,0,0,0,0,0,0,0,1,0,1,0,0,0,1,0,0,68,240,254,255,253,254,208,143,0,0,0,2,0,0,0,0,1,0,0,0,0,0,0,0,0,2,0,0,0,115,201,230,145,137,13,14,0,0,1,0,0,1,1,0,0,1,0,2,0,0,0,0,0,0,1,0,0,0,0,0,0,0,0,0,0,2,0,0,0,1,1,0,0,0,1,0,0,0,0,0,0,0,0,0,0,0,1,0,0,0,0,0,1,0,1,0,1,1,1,0,1,0,0,0,2,1,0,2,1,0,1,0,1,0,0,1,0,0,0,1,1,0,0,0,0,0,0,0,1
0,0,0,1,0,0,1,1,0,0,0,0,0,1,1,0,1,0,1,0,1,0,2,0,1,0,0,1,2,1,0,0,0,2,0,0,1,1,2,0,1,0,0,1,0,0,0,0,0,0,0,0,0,0,0,0,0,1,1,2,0,2,0,0,0,0,1,0,0,0,0,0,0,0,1,0,0,0,0,0,1,0,0,1,1,0,0,1,0,1,2,0,1,0,1,1,0,2,1,1,0,0,0,1,0,0,1,0,0,0,0,0,0,1,2,0,0,0,0,1,0,0,1,0,0,177,100,1,0,0,0,0,1,1,0,0,0,0,1,2,2,0,0,0,0,0,0,0,0,0,0,0,29,241,169,0,0,1,0,2,0,2,1,0,0,0,0,0,1,0,0,0,1,0,0,0,0,0,0,0,163,255,122,0,1,0,1,1,0,0,1,0,0,0,0,1,0,0,1,3,0,0,1,2,0,0,0,0,42,254,53,1,0,1,0,0,2,2,1,1,0,3,0,0,0,0,2,0,0,1,0,1,1,0,0,0,99,232,19,1,0,1,95,17,0,0,1,0,1,0,0,0,0,0,0,0,0,0,0,0,1,1,1,0,185,191,0,1,0,7,249,61,2,0,0,0,1,2,0,0,0,0,1,0,0,0,0,1,2,0,0,38,233,107,0,1,0,10,235,0,0,1,0,0,1,0,1,1,1,0,0,0,0,0,0,0,1,0,0,160,239,33,1,0,0,121,228,0,0,0,0,1,1,0,0,0,0,2,0,2,1,0,1,1,0,2,48,251,78,0,0,0,0,205,144,0,0,0,1,0,0,1,0,0,1,1,1,0,0,0,1,0,0,1,166,164,0,1,0,1,12,251,63,0,0,0,0,0,0,0,0,1,0,0,0,0,0,2,0,1,1,39,239,60,0,0,0,0,121,245,0,1,0,0,1,0,1,0,0,2,0,0,0,0,2,0,0,0,1,166,226,66,127,147,146,101,235,173,0,0,1,1,2,1,0,0,1,0,0,1,0,2,0,0,0,1,58,251,254,254,254,192,177,245,255,66,0,1,0,0,1,0,0,0,1,1,2,2,0,0,1,0,0,0,41,165,85,81,2,0,3,148,254,5,0,0,0,1,0,2,0,1,1,1,0,0,0,1,0,1,1,0,1,1,0,1,1,0,0,205,199,1,1,0,1,0,0,1,1,1,0,0,0,1,0,0,0,0,0,0,0,1,0,0,0,0,1,228,116,0,0,1,1,1,1,1,2,1,2,0,0,0,1,0,0,1,0,2,0,0,0,0,0,0,10,232,83,1,0,0,0,0,0,0,0,0,0,1,2,0,1,0,2,1,1,0,0,0,0,0,0,0,70,255,16,0,0,1,1,1,1,0,0,0,0,0,1,0,0,2,0,1,0,0,0,2,0,0,0,0,133,216,9,0,0,0,0,0,0,0,1,1,0,0,0,0,0,1,1,1,0,1,1,1,0,0,0,0,133,114,0,0,2,0,0,0,0,0,0,0,1,1,1,0,0,1,0,0,0,0,0,0,0,0,0,0,0,0,0,0,0,0,1,0,1,0,1,0,0,0,0,0,1,0,0,0,0,0,0,0,0,0,0,1,0,0,0,0,0,1,0,0,1,2,0,0,0,0,0,0,1,0,1,0,0,0,0,0,0,0,0,0,0,0,1,0,0,0,0,0,0,1,1,1,0,0,0,0,0,0,0,0,0,0,0,0,0,1,1,1,1,1,0,1,0,0,0,0,0,0,0,0,0,0
0,0,0,0,0,1,0,0,0,1,0,1,1,0,0,0,0,2,0,0,0,0,0,1,1,1,0,0,0,1,0,1,0,0,0,0,0,1,0,0,0,2,1,0,0,0,0,1,0,0,0,0,0,0,1,3,0,1,0,0,0,0,2,0,0,0,0,0,0,1,0,0,2,0,0,0,0,1,0,1,0,0,0,1,1,0,2,1,0,0,0,0,0,0,1,2,0,0,0,0,0,1,0,0,1,0,2,0,0,1,0,0,0,0,0,0,0,0,1,0,0,1,1,0,1,0,0,1,52,151,0,0,0,1,0,1,0,0,0,0,0,0,0,2,0,1,1,0,1,0,1,0,0,1,0,0,192,252,1,0,0,0,0,0,0,0,0,1,0,1,1,1,0,0,0,1,1,0,1,0,0,0,0,163,254,254,84,1,1,2,0,1,0,0,1,0,1,0,0,0,0,0,1,0,0,0,0,1,2,0,0,203,252,213,1,0,0,0,1,1,0,1,0,0,1,0,0,0,2,0,1,2,0,0,1,1,0,0,33,233,255,254,0,0,0,0,0,1,0,0,0,0,0,0,0,0,0,0,0,0,0,0,0,0,0,2,132,253,252,130,0,0,0,0,1,4,0,0,0,0,0,0,1,0,0,0,0,0,1,0,0,2,0,0,151,254,142,1,0,0,0,0,0,1,1,0,0,0,0,0,0,0,1,1,1,2,0,1,0,1,1,0,233,251,143,1,0,0,0,0,0,1,0,0,1,1,0,2,1,0,0,0,1,0,0,2,0,1,2,82,252,253,181,1,1,0,1,0,0,0,0,0,0,0,1,0,1,0,1,1,0,1,1,1,0,0,0,202,251,251,102,1,1,1,1,0,0,0,0,1,1,0,1,2,0,0,0,1,0,0,0,0,0,1,31,235,243,82,0,0,0,0,0,1,0,1,0,1,0,0,0,0,0,0,0,0,1,1,0,2,1,1,52,252,204,0,2,0,1,2,0,0,0,1,0,0,1,0,1,0,0,0,0,1,1,0,0,1,0,0,132,254,104,0,0,0,1,0,0,0,0,1,0,0,1,0,1,0,1,0,0,0,0,0,0,0,3,41,255,251,141,1,0,0,0,0,0,0,1,0,0,0,1,0,1,0,0,2,0,0,2,0,0,1,1,102,254,254,82,0,1,0,1,2,0,0,1,0,0,1,0,2,0,0,1,1,0,0,0,0,0,0,82,223,254,172,1,0,1,0,0,0,1,1,0,1,0,1,1,0,1,1,0,1,1,0,0,1,0,2,70,254,203,39,0,0,0,0,0,0,1,1,0,2,0,1,0,2,1,2,0,0,1,0,2,0,1,1,193,253,162,0,1,0,1,0,1,0,0,0,0,2,0,1,1,0,0,0,2,0,0,0,2,1,0,125,244,243,43,1,0,0,1,0,0,0,1,0,1,0,1,0,1,0,0,0,2,0,2,1,0,2,0,161,184,102,1,0,0,0,0,0,0,0,0,0,1,0,0,0,0,0,1,0,0,0,0,1,1,0,2,0,0,0,0,0,0,2,1,1,0,0,0,0,0,0,0,0,0,1,1,0,1,1,0,0,0,0,0,2,3,1,0,0,0,1,0,0,0,0,0,0,0,0,1,2,1,0,0,0,0,1,1,0,0,1,0,0,0,1,2,1,0,0,1,0,0,0,1,1,0,1,1,0,0,0,0,0,0,0,0,1,1,0,2,0,0,0,0,1,0,0,0,0,0,0,0,0,0,0,0,1,0,1
0,1,0,0,0,0,0,1,0,0,1,1,0,1,0,0,0,0,0,2,2,1,0,0,2,0,0,0,0,0,2,2,1,2,0,1,1,0,0,1,1,0,0,1,1,1,2,0,0,1,0,1,0,0,2,0,1,0,0,0,2,0,0,0,1,0,0,0,0,0,0,0,0,0,0,2,0,1,0,1,0,1,1,0,0,0,0,0,0,1,1,1,0,1,1,2,0,0,0,0,0,2,0,0,1,0,0,2,0,0,0,0,0,0,0,0,1,0,0,0,0,0,0,0,0,0,0,0,1,0,0,0,0,0,0,0,1,0,1,0,1,1,0,1,0,1,0,0,0,0,1,0,0,1,0,1,2,0,0,0,1,2,2,1,0,1,1,1,1,0,1,0,0,0,0,2,0,0,1,0,0,1,1,0,0,0,2,1,1,0,2,1,0,1,0,0,0,1,0,0,0,0,1,2,0,0,1,10,92,172,172,153,153,81,0,0,0,0,0,1,0,0,0,0,2,0,1,1,1,1,0,0,0,123,203,212,253,253,252,253,252,243,40,0,0,0,0,0,1,0,0,0,1,0,2,1,1,0,0,70,252,243,202,142,102,102,102,0,203,255,51,0,1,1,0,0,1,0,2,0,3,1,2,0,0,0,0,172,69,41,1,0,2,0,0,0,204,253,131,1,0,1,0,0,0,0,0,1,0,0,0,0,0,1,0,0,1,0,1,0,1,1,0,0,205,255,51,0,1,0,0,0,1,0,0,0,0,0,0,0,0,3,0,1,1,0,0,1,1,0,1,2,202,233,29,0,1,0,1,1,0,0,0,0,1,0,0,0,0,1,2,0,0,0,0,0,0,0,0,0,204,184,1,0,0,0,1,0,0,0,0,0,1,0,1,1,1,0,0,0,1,2,1,1,2,0,1,40,243,103,0,0,0,1,1,2,0,0,0,0,0,1,0,0,0,0,0,0,0,0,0,0,0,1,0,150,252,40,0,0,0,1,0,0,0,1,0,0,1,1,1,1,0,1,0,0,0,0,0,1,0,0,0,234,212,1,0,1,0,1,0,0,0,0,0,0,0,0,2,0,0,0,0,0,0,0,0,0,0,0,22,255,91,0,0,1,0,0,0,1,0,0,0,0,0,1,0,0,0,0,0,1,0,0,0,0,1,0,101,251,52,0,0,0,0,0,0,1,0,2,0,0,1,0,1,1,0,0,1,0,0,1,0,0,0,10,214,204,21,0,0,1,1,0,0,0,0,0,1,0,0,0,0,0,1,0,1,0,0,0,0,1,0,51,252,61,0,1,1,1,0,0,0,1,1,2,0,1,0,0,0,1,0,0,0,0,0,0,0,1,2,132,254,0,0,0,0,1,0,0,0,1,0,0,1,0,0,0,0,0,0,0,0,0,1,1,0,0,41,252,170,0,0,0,0,0,1,0,0,0,0,0,0,0,0,0,0,0,1,0,0,0,1,0,0,0,102,243,81,1,1,2,2,1,0,1,0,0,0,0,0,0,0,0,1,0,0,1,0,0,0,1,2,0,182,203,0,0,0,1,0,0,0,0,0,0,0,0,2,0,0,0,0,0,0,2,1,0,1,0,0,72,251,121,0,1,0,0,0,0,0,0,1,0,0,0,1,2,0,0,1,0,1,0,0,0,0,0,0,112,212,1,1,0,0,0,1,0,0,0,0,0,0,2,1,0,0,1,1,0,0,0,0,0,0,0,0,0,1,1,0,0,0,0,1,0,2,0,0,0,0,1,0,0
0,0,0,1,0,0,1,0,1,0,1,0,1,0,0,0,0,0,0,1,0,1,0,0,0,0,1,0,2,0,2,0,0,1,0,0,0,0,1,0,1,0,1,0,1,0,0,1,2,0,0,1,0,0,0,1,1,0,0,0,0,0,1,0,0,0,0,0,0,1,0,0,0,0,2,0,1,2,1,0,1,0,1,1,0,0,0,0,0,0,0,0,1,0,0,1,1,0,0,0,0,2,0,2,0,0,0,0,0,0,0,0,0,0,0,1,1,0,0,0,0,0,8,121,239,216,218,194,76,8,0,0,0,0,0,0,0,0,0,0,0,0,0,0,2,0,0,0,0,1,50,255,252,253,254,254,255,81,0,0,0,0,0,0,0,1,0,0,1,1,0,0,0,0,0,1,0,0,8,115,140,142,231,255,254,241,102,2,1,0,1,1,0,0,0,0,0,0,1,0,0,0,1,1,0,1,0,0,2,9,211,255,252,240,8,0,1,0,0,1,0,0,2,0,0,0,2,0,0,0,0,0,1,0,3,1,49,204,253,255,236,61,0,0,0,0,2,1,0,1,0,1,0,0,0,0,0,0,1,0,0,0,2,41,232,253,255,145,57,1,0,0,0,0,0,0,0,0,0,1,0,1,0,1,0,0,2,0,2,2,2,89,253,254,250,105,1,0,0,0,1,0,0,1,1,1,0,0,1,1,2,0,0,0,0,0,0,0,1,21,164,254,254,249,169,16,0,0,1,0,0,0,2,0,0,0,0,0,0,0,0,0,0,0,1,0,0,0,2,44,221,254,253,195,12,2,0,0,0,2,0,0,0,0,2,1,0,0,1,0,1,1,2,0,0,0,0,1,34,152,251,252,189,0,0,0,0,0,0,1,0,0,0,0,1,0,0,0,0,0,1,0,0,0,0,0,1,4,146,255,247,104,0,1,0,0,0,0,1,0,0,0,0,1,0,0,1,1,1,0,0,2,1,0,0,0,30,222,254,224,78,0,0,0,0,1,1,2,0,0,1,0,1,2,0,0,0,0,2,1,0,0,1,0,3,100,252,254,151,0,0,1,0,0,1,0,0,0,1,0,0,0,0,0,0,0,0,2,0,0,0,0,24,203,253,255,65,0,2,0,1,1,0,0,0,0,0,0,0,0,0,1,0,0,1,1,0,2,21,139,246,255,240,127,3,0,0,0,0,0,2,0,0,0,1,0,0,0,0,0,0,0,0,0,62,87,239,253,255,252,47,0,1,0,0,1,1,1,0,0,2,1,0,0,0,1,0,18,139,207,104,140,251,252,251,203,124,44,3,0,1,0,0,0,2,0,0,1,0,0,0,0,0,1,1,150,254,254,253,255,255,255,190,9,1,1,0,0,0,1,2,1,1,0,2,0,1,0,1,0,0,1,1,197,255,254,254,229,177,76,17,0,0,0,2,3,0,0,0,0,0,0,0,0,0,0,0,1,0,0,0,152,219,94,38,24,0,2,0,0,0,0,0,0,1,0,0,1,1,1,1,0,0,1,0,0,0,1,0,0,1,0,0,0,0,1,0,0,0,0,0,0,0,0,1,0,0,1,0,3,0,0,1,1,1,0,0,0,1,0,0,0,0,0,1,1,1,0,0,1,0,0,0,1,0,1,0,1,0,1,1,0,0,1,0,0,1,0,0,0,0,1,0,0,1,0,0,0,0,0,0,0,0,1,0,0,0,0,0,0,0,0,0,0,0,0,0,0,1,0,0,1,0,1,0,0,0,0,0,0,1,0,0,0
1,0,0,1,1,0,0,0,0,0,1,1,0,0,0,0,0,1,0,1,0,1,0,0,1,1,0,0,0,0,1,0,0,0,0,0,0,0,0,0,1,0,0,0,0,0,1,0,1,0,0,0,0,0,2,0,0,0,0,0,0,0,1,0,0,0,0,0,0,1,1,0,0,0,0,1,0,0,0,0,0,0,0,0,1,0,1,0,0,0,1,2,0,0,0,1,0,2,0,0,0,1,0,0,0,0,0,1,0,0,2,0,1,0,2,0,1,0,2,1,0,0,0,27,223,199,173,171,109,23,3,1,1,1,1,0,1,0,1,3,0,0,0,0,1,0,0,1,1,0,0,130,255,243,250,243,254,254,104,1,1,0,0,0,0,0,0,0,1,0,0,2,2,0,1,0,1,0,0,156,246,21,47,23,75,234,242,26,1,0,0,1,1,0,1,0,0,0,1,0,1,0,0,0,0,0,0,156,108,0,0,0,0,205,254,32,1,0,1,0,0,1,0,2,1,0,1,0,0,0,1,0,1,0,0,79,47,0,0,0,80,245,199,5,0,0,0,0,0,0,0,0,0,0,0,2,0,1,0,0,0,0,0,1,0,0,1,37,245,246,45,0,0,0,0,1,0,0,0,0,0,0,1,0,0,0,0,0,0,1,0,0,2,1,22,166,245,82,0,0,0,1,0,0,0,2,0,1,0,1,0,0,1,0,0,0,0,2,0,1,43,126,239,255,99,0,0,1,0,2,1,2,1,0,0,0,1,1,0,0,1,1,1,0,0,0,0,70,248,255,243,37,5,0,0,1,0,0,0,1,0,0,0,1,0,0,0,0,0,0,1,0,0,1,1,27,117,146,254,149,21,1,0,0,1,1,1,0,0,0,1,0,0,2,0,0,1,0,1,1,0,0,1,0,1,0,150,254,89,0,0,0,0,0,1,1,0,0,0,3,1,0,0,1,0,0,1,0,1,0,0,2,0,0,10,228,224,4,0,0,0,0,0,1,0,0,0,0,0,0,1,0,0,0,0,1,0,0,0,0,2,0,0,129,254,48,0,1,0,1,1,0,0,1,0,0,0,0,1,1,0,1,1,1,2,0,0,0,0,0,0,44,253,47,0,2,0,0,0,0,0,0,0,0,0,0,0,1,1,1,1,12,0,0,0,0,1,2,2,102,255,49,0,0,0,0,2,0,0,1,1,0,1,0,1,0,0,0,35,175,12,0,1,1,1,0,2,188,236,24,0,1,0,0,0,0,0,0,0,0,0,2,0,0,0,0,116,185,29,1,1,1,0,0,4,204,202,0,3,0,1,0,0,0,1,0,0,0,0,2,2,0,0,0,22,203,225,87,19,5,0,2,65,253,118,1,0,0,0,0,1,0,0,1,1,0,0,0,0,1,0,0,1,49,203,251,241,240,157,155,218,215,23,2,0,0,1,0,0,0,2,1,0,0,0,2,0,0,0,0,0,0,4,126,196,222,255,254,197,48,1,1,0,0,0,0,0,1,0,0,2,0,0,2,1,1,0,0,0,1,0,2,0,0,0,1,0,0,0,2,3,0,1,0,1,0,0,0,0,0,1,0,1,0,0,0,1,1,0,1,0,1,0,1,0,0,0,0,1,0,0,0,1,0,0,1,1,0,0,0,1,2,0,0,2,1,0,0,0,1,1,0,0,0,0,0,0,0,0,2,0,1,0,0,0,0,2,0,0,0,0,1,1,1,0,0,1,1,0,1,1,0,1,0,0,0,2,0,0,0,1,0,0,0
0,0,0,0,2,0,2,1,0,0,0,1,0,0,0,0,0,0,0,1,0,0,0,1,0,0,2,1,2,1,0,2,0,0,0,1,0,0,1,2,0,1,1,1,0,0,0,0,0,0,0,0,0,0,0,1,1,0,0,1,1,0,0,0,0,0,0,2,2,0,3,0,0,0,2,0,0,0,2,0,0,0,1,0,0,0,0,0,1,2,1,2,0,1,1,0,0,1,0,0,0,0,0,2,1,0,0,1,0,0,0,0,0,0,0,0,2,0,1,0,2,1,0,0,32,59,217,172,159,156,59,0,0,0,0,0,1,0,0,0,0,1,0,0,0,0,0,0,0,0,27,145,236,252,253,253,255,252,201,6,0,1,0,2,0,1,1,0,2,1,0,0,0,1,0,0,31,102,239,253,253,253,254,187,173,247,255,98,0,0,0,0,0,1,1,0,0,0,0,0,0,0,1,0,150,254,251,253,203,79,20,3,3,85,244,157,0,0,0,0,0,0,0,0,1,0,0,0,0,0,0,0,195,254,246,88,6,0,0,1,0,1,157,1,0,1,0,0,1,0,0,0,0,0,2,0,0,0,0,0,198,253,246,46,0,1,1,2,0,0,1,1,1,1,0,1,0,1,1,0,0,1,0,0,0,0,0,1,105,253,254,227,30,0,1,1,0,1,0,0,0,0,0,1,0,0,0,0,2,0,0,0,0,0,0,0,1,224,252,253,227,48,0,0,1,0,1,1,1,1,0,0,2,1,1,1,0,1,0,0,0,2,2,0,0,37,216,251,254,243,76,77,76,75,25,0,1,2,0,0,0,0,1,0,1,0,0,0,0,1,1,0,0,1,36,222,253,251,254,253,221,243,155,1,0,1,1,0,0,0,0,1,0,0,1,0,0,0,1,1,0,0,0,102,253,253,255,254,193,44,0,1,0,2,2,0,0,1,1,2,0,1,0,0,1,0,0,0,1,1,71,242,253,253,255,253,254,64,0,0,0,0,0,0,0,0,1,1,1,0,0,0,0,0,0,0,0,18,225,253,253,192,76,226,253,209,71,0,0,0,1,0,1,0,0,0,0,1,1,0,0,0,1,1,0,111,253,255,214,6,0,61,213,253,245,70,0,1,0,0,0,0,0,0,0,0,0,0,0,1,0,0,2,157,253,252,214,0,1,0,138,253,253,195,1,0,0,0,0,0,1,1,0,0,0,1,1,0,0,0,1,98,253,252,214,1,0,0,0,213,253,194,1,0,0,0,0,0,0,2,0,0,0,2,0,0,0,0,0,8,219,253,247,177,57,20,14,144,253,196,0,0,3,0,0,0,1,0,0,0,0,0,0,0,0,0,1,0,117,253,255,252,253,251,228,249,253,194,0,0,0,0,0,0,2,0,0,1,0,0,1,0,1,0,1,0,1,117,236,252,255,255,252,254,237,128,0,0,1,0,2,0,0,0,0,1,0,2,0,1,0,0,0,1,0,0,32,133,216,252,184,140,37,0,3,1,0,0,0,0,1,0,1,0,0,0,0,0,1,0,0,0,0,0,1,0,1,0,0,2,1,0,1,0,0,1,0,0,1,0,0,1,0,2,1,0,1,2,1,0,0,1,1,0,0,0,0,1,1,1,1,0,2,0,0,0,1,1,2,2,1,0,3,1,0,0,0,0,0,0,0,1,0,1,0,1,0,1,0,1,1,1,1,0,0,0,0,1,1,1,0,0,0,1,1,2,1,0,1,0,1,0,0,1,0,1,0,1,0,0,0,0,1,1
0,0,0,1,0,0,0,0,1,0,1,0,0,0,1,0,0,0,0,1,0,0,0,2,0,0,0,0,0,1,0,0,0,0,1,0,0,0,0,1,0,0,0,0,1,0,0,0,0,0,1,0,0,0,0,1,0,0,0,2,0,0,0,1,0,1,0,0,2,0,1,0,0,0,0,0,1,0,0,0,0,0,1,0,0,0,0,1,0,1,0,0,1,0,1,0,0,1,0,0,0,1,0,0,0,0,0,0,2,1,1,0,0,2,0,2,0,2,0,0,0,0,0,0,1,0,1,0,2,0,2,0,1,3,2,0,1,0,1,0,0,0,1,0,0,1,0,0,0,1,1,0,0,1,0,0,0,1,0,1,0,1,0,0,0,1,1,0,0,0,0,0,0,0,0,0,2,0,0,83,122,120,191,255,197,121,120,25,0,2,1,2,1,1,0,0,0,0,0,2,2,0,0,40,219,240,242,247,250,253,253,254,253,251,252,109,0,0,0,0,0,2,0,0,1,0,0,1,0,2,1,215,252,252,253,253,253,251,252,253,250,254,251,210,26,0,0,0,0,3,0,0,0,1,0,1,1,0,0,226,251,252,253,251,251,252,254,254,252,250,251,251,223,121,32,1,1,0,1,2,0,1,0,0,0,1,0,190,252,251,208,51,68,218,186,122,52,52,73,225,250,251,94,0,0,1,1,0,1,0,0,0,0,0,1,26,222,253,211,16,0,35,1,0,0,19,186,253,241,177,24,0,0,0,0,0,1,0,0,0,0,0,2,0,111,223,253,176,35,0,1,0,16,189,251,251,195,0,0,0,1,0,0,3,2,0,0,0,0,1,0,1,0,58,233,251,242,83,0,1,191,252,251,195,73,0,0,0,2,0,0,1,0,0,0,0,1,0,0,0,0,1,24,197,247,247,145,77,246,252,250,50,1,0,1,0,0,1,0,1,2,0,0,0,0,0,0,0,0,0,0,1,89,253,251,253,254,202,82,2,0,0,0,0,0,0,1,0,1,0,2,1,1,0,0,0,0,1,0,0,14,204,252,255,254,25,0,0,0,2,1,0,0,1,0,0,0,1,0,0,0,0,0,1,0,2,0,0,1,145,253,252,252,26,0,0,0,0,0,0,0,0,0,1,0,2,0,0,0,0,1,1,1,1,0,0,26,241,251,255,252,146,0,0,0,0,0,2,0,0,1,1,0,0,0,0,0,1,1,0,0,0,0,1,72,251,210,110,197,236,34,0,0,0,0,0,1,0,0,0,0,0,0,0,0,0,1,1,1,0,0,31,233,249,87,0,106,252,38,1,0,0,0,2,0,1,1,0,0,0,0,0,0,0,1,0,0,0,1,137,252,140,0,0,205,252,41,0,1,0,0,0,0,0,2,2,0,0,0,0,0,0,0,0,0,0,0,175,255,129,112,174,249,187,11,2,2,0,0,0,2,0,0,1,2,0,0,1,0,0,0,0,0,1,0,173,254,253,251,254,251,143,0,0,2,0,0,1,0,0,1,0,0,0,0,1,0,1,0,0,1,0,1,172,254,255,251,251,183,10,1,0,0,0,0,1,0,0,0,1,1,0,0,0,0,0,0,0,1,0,0,104,252,251,180,122,6,1,0,1,0,0,0,0,0,1,0,0,0,0,0,0,0,0,1,0,0,0,1,1,0,1,0,0,0,0,2,0,2,0,0,0,1,0,1,1,0,0,0,0,0,0,0,0,0,0,2,0,0,0,1,0,0,0,2,2,1,0,0,0,0,0,0,0
0,0,0,0,0,0,0,1,0,0,2,1,0,0,0,0,2,0,0,1,0,0,0,0,0,0,0,0,0,0,0,0,0,0,0,0,0,0,0,1,1,0,1,0,0,0,1,0,1,0,2,0,0,0,0,1,1,1,1,2,1,0,0,2,0,0,0,0,2,0,0,0,0,0,1,0,1,0,0,0,1,0,0,0,0,0,0,0,0,0,0,1,0,0,0,0,0,0,1,0,2,0,0,0,0,0,0,1,0,0,0,0,0,0,0,0,0,0,0,1,0,2,0,3,0,0,0,0,0,0,2,1,0,0,1,1,0,0,0,0,0,0,0,0,0,0,0,1,0,0,1,0,0,1,0,0,0,0,0,0,0,1,0,1,0,0,0,0,0,1,1,0,2,0,0,0,0,2,1,32,65,91,159,165,253,252,71,0,1,0,1,1,0,0,0,2,0,0,0,0,0,0,1,41,209,226,226,240,254,255,252,253,255,255,141,0,1,2,0,0,0,1,0,0,0,0,0,0,0,0,1,50,80,216,208,200,150,151,137,58,114,251,141,1,0,1,0,1,0,0,0,1,0,1,1,0,0,1,0,0,0,2,1,2,1,0,1,0,75,255,140,0,0,1,0,0,0,0,0,1,0,1,0,0,1,0,2,0,0,0,0,0,2,2,2,2,163,255,140,2,0,1,0,1,1,0,0,1,1,0,0,0,0,0,0,0,0,0,0,0,1,0,0,7,239,254,64,0,0,0,0,0,0,0,1,0,0,0,0,0,0,0,0,0,1,0,0,0,0,0,0,10,255,239,31,0,0,0,0,0,1,0,0,0,0,0,0,0,0,1,0,1,0,0,0,0,1,0,0,101,252,185,1,0,1,0,1,2,1,1,0,1,0,0,0,1,0,2,0,0,1,0,1,0,1,0,1,150,254,67,1,0,0,0,2,1,0,0,1,1,0,0,0,0,0,1,0,0,0,0,1,0,0,0,1,199,254,17,0,1,0,1,1,0,0,0,0,0,0,0,1,0,0,1,0,0,0,0,0,3,0,0,22,235,255,19,0,1,0,0,1,0,0,0,0,1,2,0,0,0,1,0,0,0,1,0,0,0,2,1,51,253,172,2,0,1,0,0,0,0,0,1,0,0,0,0,1,0,0,0,0,0,0,1,0,1,1,0,170,249,51,0,0,0,0,1,1,0,0,1,0,0,0,1,0,0,0,0,2,1,0,1,0,0,1,44,245,244,0,0,0,0,0,1,1,1,2,1,0,0,0,1,1,0,1,0,1,0,2,0,0,0,1,82,255,226,32,39,1,2,2,2,1,0,1,0,0,0,0,0,0,1,0,1,2,0,1,0,0,0,0,203,252,165,175,4,1,0,1,1,0,0,0,1,0,1,0,1,0,1,0,0,1,0,1,0,0,0,66,255,255,251,84,1,0,0,0,0,0,1,0,1,0,0,0,0,0,0,0,0,1,0,1,1,0,0,94,255,253,168,0,0,1,1,0,0,1,2,0,0,0,0,1,2,0,0,0,0,2,0,0,0,0,1,175,254,212,11,1,0,0,0,0,0,0,0,0,0,1,0,0,0,1,0,0,1,0,1,0,0,0,1,118,230,41,0,0,0,0,1,0,0,0,0,2,1,0,1,0,0,0,1,0,0,0,1,1,0,0,0,0,0,0,0,0,0,0,0,1,1,1,0,1,0,2,0,0,0,0,0,0,0,1,0,0,0,1,1,0,0,0,2,0,1,1,0,0,1,0,0,1,0,0,1
0,0,0,1,0,1,0,0,0,1,0,0,0,0,0,0,0,1,0,0,1,0,1,0,1,0,0,0,1,0,0,0,0,0,0,1,0,0,0,0,0,1,0,0,0,0,0,1,0,0,0,1,0,1,0,0,1,1,0,2,1,0,0,0,0,0,0,1,0,0,0,1,0,0,1,0,0,0,2,2,1,0,0,0,1,2,2,0,2,0,1,3,1,0,1,1,0,0,1,0,0,0,0,1,0,1,0,2,0,1,1,0,1,0,1,0,0,0,0,0,2,1,0,1,0,0,2,0,0,0,1,0,2,0,2,0,1,2,2,1,0,0,1,0,0,2,2,1,0,0,0,0,0,3,1,0,0,1,1,2,0,0,0,2,0,0,0,0,0,0,0,0,1,0,0,0,0,0,0,1,3,0,0,0,0,0,1,0,0,1,0,1,0,1,1,0,0,2,0,0,0,0,2,1,0,0,40,149,168,253,255,254,208,88,0,0,0,0,1,3,2,1,0,0,0,0,0,0,0,1,0,0,18,144,240,252,209,196,200,199,227,252,169,0,1,0,0,1,0,1,0,0,0,1,0,1,0,0,1,15,228,254,167,50,6,2,2,0,19,160,253,67,0,1,0,0,0,0,0,0,0,1,0,0,0,0,0,97,252,54,5,0,0,0,1,0,1,116,253,0,1,0,0,0,0,0,0,0,1,0,1,0,0,0,29,237,188,2,0,0,0,0,2,0,0,168,189,26,39,1,1,0,2,1,0,1,2,0,0,0,0,0,13,221,189,2,0,0,0,0,0,1,0,0,59,254,198,2,1,1,1,0,0,0,0,0,1,0,0,1,0,145,254,53,0,0,0,0,1,1,0,0,176,255,197,0,1,1,0,1,0,0,1,0,0,0,0,0,1,29,252,179,2,0,0,1,1,0,0,62,244,255,76,0,0,2,1,0,0,2,0,0,1,0,1,2,0,3,119,254,131,4,2,0,0,0,1,146,251,190,5,0,0,0,0,0,0,0,1,1,0,1,0,0,1,1,1,131,247,177,53,0,2,0,58,239,221,25,0,1,0,0,0,0,0,0,0,1,1,0,0,0,1,0,0,0,19,204,252,189,163,246,253,255,138,2,0,1,0,0,0,0,0,0,1,0,0,0,0,0,0,2,0,0,0,8,90,174,235,221,244,241,32,0,0,0,0,0,1,1,2,0,1,1,0,0,0,0,1,0,1,0,0,0,0,0,21,22,222,190,0,1,0,1,1,0,2,0,0,0,0,0,0,1,0,0,1,1,0,0,0,0,1,0,1,94,253,147,0,1,0,1,1,1,0,0,0,1,1,0,0,0,0,0,0,0,1,0,1,0,0,0,0,114,253,177,0,0,0,0,0,0,1,0,0,2,1,0,2,0,0,2,0,1,0,1,0,0,1,0,0,56,254,143,1,0,0,0,0,0,2,0,0,0,0,0,0,0,0,2,0,1,0,0,1,0,0,0,0,24,232,227,0,0,1,0,0,1,0,0,0,0,0,1,0,0,0,0,0,1,0,2,0,0,1,0,1,0,217,234,0,0,0,0,0,0,0,0,0,0,1,1,2,1,0,0,0,0,0,2,0,0,0,1,1,0,216,235,0,0,0,0,1,1,0,0,0,0,0,0,0,1,0,0,0,0,0,1,0,0,0,0,0,0,185,235,0,1,0,1,1,2,0,1,1,0,0,0,0,0,1,2,0,0,0,1,0,0,0,0,0,2,0,1,1,0,1,0,0,2,1,0,0,0
0,0,0,0,0,1,0,0,0,0,0,0,0,0,0,0,0,0,1,0,1,1,0,0,0,0,0,0,0,0,0,0,0,0,0,0,0,0,0,0,2,0,2,0,1,0,0,0,0,0,1,1,0,0,1,0,1,1,0,0,0,1,1,0,0,0,0,1,0,1,0,1,0,0,1,0,0,2,0,0,1,1,1,0,0,0,0,0,0,0,0,63,188,255,255,255,128,0,2,0,0,3,0,0,0,0,0,0,0,1,0,0,0,1,0,0,1,0,0,127,255,255,255,255,255,192,62,0,0,0,1,1,0,2,1,0,0,0,0,0,0,0,1,0,0,2,0,127,255,254,255,255,255,253,254,1,0,0,1,1,0,0,0,0,0,0,1,0,2,2,0,1,0,0,1,65,191,128,130,127,128,254,255,255,65,0,0,0,0,1,0,1,0,0,3,1,0,0,1,0,0,0,1,0,0,0,0,0,1,62,255,254,193,0,1,0,1,0,1,0,0,0,1,0,0,0,0,1,0,0,1,0,0,0,0,1,1,1,63,254,255,190,0,0,1,0,0,0,0,2,0,1,0,0,1,0,1,0,0,1,0,0,2,1,0,0,1,192,255,255,62,1,2,1,0,0,1,1,0,0,0,0,0,0,0,0,0,0,0,1,0,0,0,0,0,64,191,255,253,0,1,0,2,0,0,0,1,0,0,0,0,0,1,1,1,1,1,0,0,0,0,0,0,0,128,254,254,0,1,0,1,0,1,2,1,0,0,0,0,0,0,0,1,0,0,1,2,0,0,1,0,1,128,253,255,65,2,0,0,1,0,0,0,1,0,2,1,0,0,0,0,0,0,2,1,1,0,0,1,0,130,254,255,129,0,0,0,0,0,1,2,1,0,2,0,2,0,2,0,1,0,0,0,1,0,0,0,0,192,255,254,0,0,0,0,0,0,0,0,1,1,0,0,1,0,0,1,1,1,0,1,0,0,1,0,191,255,255,255,1,1,0,0,0,0,0,0,0,1,0,0,0,0,0,1,2,0,1,0,0,0,1,190,255,255,255,63,1,1,1,0,1,1,1,0,1,1,0,0,0,0,0,0,0,0,0,0,0,65,255,253,255,254,255,0,2,1,0,0,0,0,1,0,1,0,0,1,0,0,0,1,0,0,0,0,190,255,254,255,255,255,127,0,1,0,2,1,2,0,0,0,1,2,0,0,0,0,1,0,1,0,0,130,255,255,255,254,255,254,0,0,1,1,1,1,0,0,0,0,0,0,0,0,0,0,0,1,1,1,0,128,255,253,254,255,254,255,253,254,254,255,192,62,0,0,0,2,0,1,1,0,2,0,2,1,1,1,2,1,255,255,255,254,254,255,255,255,255,254,192,64,2,2,2,0,2,0,0,2,0,1,1,1,1,0,0,0,190,254,255,255,255,255,254,255,255,126,65,0,0,0,0,1,0,0,0,0,2,0,0,0,0,0,0,0,1,0,3,0,0,0,1,0,0,0,0,0,2,1,0,2,1,0,0,1,0,1,0,0,0,0,1,0,2,0,0,0,1,0,0,0,0,0,1,1,0,0,0,0,0,0,0,1,0,0,0,1,0,0,1,0,0,1,0,1,0,0,1,0,1,1,0,0,0,0,0,0,0,1,1,0,0,2,0,0,1,1,0,1,0,0,1,1,0,0,0,0,0,0,0,0,0,0,0,0,0,0,0,0,0,0,0,1,2,1,0,0,1,2,1,0,0,1,1,1,1,0,1,0,1,0,0,0,0
0,1,0,1,0,0,0,0,2,0,0,1,0,0,0,1,2,1,3,0,0,1,1,1,1,0,1,1,0,0,0,0,0,0,0,0,0,1,0,1,2,0,2,0,0,0,0,0,0,2,1,0,1,0,0,1,2,0,0,0,0,1,0,0,0,0,1,1,109,222,97,30,0,0,0,1,0,0,0,0,1,0,0,0,0,0,0,0,2,0,0,0,0,0,0,0,116,188,245,243,130,0,0,0,1,0,0,0,0,0,0,2,0,0,0,0,1,0,0,1,1,0,1,0,2,0,87,253,242,119,3,1,1,0,0,0,1,1,0,0,0,0,0,0,0,1,0,1,0,0,0,0,1,1,0,137,253,255,20,0,1,1,1,0,2,1,0,1,0,0,0,0,0,0,0,1,0,0,0,0,0,0,0,13,203,252,120,0,1,0,0,1,0,1,0,0,1,0,1,1,2,0,1,1,0,0,0,0,0,0,0,0,177,254,120,0,0,0,0,0,0,0,1,0,0,0,0,1,0,2,0,0,1,0,2,0,1,0,0,0,176,254,120,0,1,1,0,0,0,0,0,0,1,0,1,2,1,0,0,0,0,2,0,0,0,0,0,2,178,254,122,0,0,0,0,0,1,1,0,2,0,1,0,0,0,2,2,0,0,0,1,0,1,3,0,9,201,252,121,0,0,0,1,0,0,0,0,0,0,0,1,1,0,0,0,0,1,0,0,0,0,0,0,33,254,253,73,0,0,0,1,0,0,0,0,0,0,0,1,0,0,0,0,1,0,0,0,1,0,0,0,144,253,253,11,0,1,0,0,0,1,1,0,0,0,0,0,0,0,1,0,1,1,0,2,0,1,0,0,221,252,227,9,1,0,0,1,0,0,1,1,0,0,0,0,0,0,0,0,0,0,0,1,0,0,0,92,254,251,106,1,0,1,0,0,2,0,0,0,0,0,0,0,1,1,1,0,1,0,1,10,12,22,23,172,255,209,24,0,0,2,0,1,1,0,1,0,1,0,0,2,0,0,0,0,1,30,130,196,214,252,254,254,249,58,3,0,0,0,0,0,0,0,0,1,2,1,0,1,0,1,0,1,0,219,253,252,175,253,252,254,234,67,1,0,0,2,2,2,0,1,0,0,0,0,0,1,0,2,0,0,53,248,176,44,70,253,253,243,254,247,232,117,11,4,0,1,2,1,1,0,1,0,0,1,0,0,1,0,210,253,117,85,244,252,186,13,115,237,253,254,253,177,155,81,1,0,0,0,0,0,2,1,0,0,0,1,176,252,254,253,254,190,17,0,0,46,64,123,175,203,251,99,1,0,0,0,0,0,1,0,0,0,0,0,56,152,252,215,89,15,0,0,0,0,0,0,0,13,30,0,0,1,0,0,0,0,0,2,0,0,2,0,0,1,0,0,0,0,0,0,0,0,1,1,0,0,0,1,0,0,0,1,0,0,1,2,1,0,0,0,0,0,0,0,0,0,0,0,2,1,0,0,0,0,1,0,1,1,0,1,0,0,0,0,0,0,1,1,0,0,0,1,0,0,0,0,0,0,0,1,1,0,0,1,2,0,0,0,0,0,0,0,1,0,0,0,0,1,0,0,0,0,0,0,0,0,2,2,0,0,2,2,1,0,1,0,0,0,0,0,0,0,2,0,0,0,0,0,0,0,0,0,0,0,0,1,1,1,0,1,0,0,1,0,0,1,3,0,2,2,1,0,2,0,0,1,0,0,0,1,0,0,1,2,0,0,0,1,0,0,0,0,0
0,0,1,0,0,0,0,0,0,0,1,1,1,1,0,1,1,0,0,0,0,0,1,2,0,2,1,2,0,0,0,0,1,0,0,1,0,2,0,0,0,0,0,1,0,0,0,0,0,0,1,1,0,1,0,0,0,0,1,1,0,0,1,0,0,1,0,0,1,2,0,1,1,1,0,2,0,0,0,1,0,0,0,1,1,0,2,0,1,0,0,0,1,0,0,0,1,0,0,0,0,1,1,0,0,0,0,0,0,1,0,0,0,0,0,2,0,0,0,0,1,0,0,0,1,0,0,0,1,0,0,0,0,0,0,0,1,1,1,0,0,0,0,1,0,0,2,0,0,1,0,0,0,0,0,1,0,0,131,225,38,0,0,1,0,1,0,2,1,1,0,0,0,1,0,0,1,1,0,0,0,2,0,0,2,78,250,228,47,0,0,0,2,1,0,1,0,0,0,0,2,1,0,2,2,0,0,1,0,1,1,1,0,201,252,197,3,0,1,1,1,1,1,1,0,0,0,0,0,0,0,1,23,179,179,0,0,2,1,0,1,212,251,85,0,0,1,0,1,0,0,0,1,0,1,1,0,0,1,0,172,252,246,73,0,0,0,2,0,142,251,65,1,0,0,0,0,0,0,0,1,0,0,0,1,0,0,17,210,253,222,23,2,0,1,0,22,219,251,66,0,1,0,0,0,0,0,0,1,0,0,0,1,0,0,103,252,241,108,1,0,0,0,0,114,252,252,66,0,0,0,0,0,0,0,1,1,1,0,2,0,0,60,236,252,197,0,0,0,0,0,0,226,250,251,66,0,0,0,0,0,0,0,2,0,0,0,0,0,0,95,251,252,197,2,0,8,15,14,71,242,252,252,70,8,5,2,1,0,0,2,0,0,0,1,0,0,2,93,252,253,198,1,85,204,252,253,252,251,251,252,189,188,92,0,1,0,0,0,0,0,0,1,1,0,0,95,252,255,252,254,253,255,252,255,252,253,254,255,253,148,0,0,0,0,2,0,0,0,1,0,2,0,1,95,252,252,253,252,255,251,252,146,192,251,252,131,12,5,0,0,1,0,1,1,0,0,0,0,0,0,0,58,157,233,252,187,145,25,28,0,155,252,179,6,0,0,0,0,0,0,0,0,0,0,0,1,0,0,0,0,0,30,39,14,2,1,0,101,250,253,171,0,0,0,0,1,1,0,0,0,1,0,0,0,0,0,0,0,1,1,0,1,0,0,0,122,252,253,173,0,0,1,2,1,1,1,1,0,2,0,0,1,1,0,0,2,1,2,0,0,0,1,0,123,251,253,144,0,1,1,0,0,0,0,0,1,0,0,0,0,0,0,1,0,0,1,1,0,1,0,1,122,252,236,33,0,1,0,0,1,0,0,0,1,2,0,0,0,0,1,0,1,0,0,0,1,0,0,0,123,252,74,0,0,0,0,1,0,0,0,1,1,1,0,0,0,0,1,0,0,1,0,0,0,1,0,0,121,252,27,1,0,0,1,0,1,2,1,0,1,1,0,1,0,0,0,1,0,0,0,0,1,2,1,0,120,196,13,0,0,1,0,0,0,0,0,0,0,2,1,1,2,1,1,0,1,0,1,0,1,0,0,0,0,1,0,0,0,1,1,0,0,0,1,0,2,0,1,1,1,0,0,0,0,0,0,1,1,0,0,0,1,0,0,3,0,0,0,0,1,0,0,0,2,1,0,0,1,0,0,0,1,1,0,1,0,0,0,0,2,0,0,0,0,2,0,0,0,0,0,0,0,0
0,1,0,0,0,1,1,0,1,0,0,3,0,0,0,0,0,0,0,0,0,0,1,0,0,0,0,1,0,1,1,0,1,0,0,0,0,1,0,0,0,0,0,1,0,0,0,0,1,0,3,0,2,0,0,0,1,1,0,0,0,2,0,0,0,1,0,0,0,0,0,0,0,0,0,0,0,1,0,1,0,0,0,0,0,1,1,0,0,1,0,1,0,1,0,0,2,2,0,0,0,0,0,0,0,1,2,0,1,0,0,0,0,0,1,0,1,0,0,1,0,0,0,1,0,0,163,103,0,0,0,1,2,1,0,0,0,0,0,0,0,0,1,0,1,0,0,0,0,1,0,0,0,20,222,103,0,0,0,0,0,0,0,1,2,0,1,1,1,0,0,0,0,1,0,1,0,2,1,0,1,52,253,164,0,0,0,0,0,0,0,3,0,0,0,0,0,0,0,1,0,0,0,0,1,1,1,0,0,52,250,203,0,1,1,0,1,0,0,0,0,0,0,3,0,1,2,1,0,0,0,0,0,0,2,0,0,72,255,214,11,0,0,0,0,1,0,1,0,0,0,0,0,0,1,0,1,1,1,1,0,0,1,1,0,233,252,252,49,1,0,1,1,0,0,1,0,0,0,0,1,0,0,0,2,0,0,0,0,0,0,1,0,254,254,233,30,1,0,1,1,0,0,0,0,0,0,0,0,0,0,1,0,3,0,2,0,0,0,1,1,214,252,213,11,0,1,1,1,0,0,1,0,0,0,0,0,0,0,0,0,0,0,1,1,0,1,0,0,153,253,201,0,2,0,2,0,0,1,0,0,0,0,2,1,0,0,0,0,0,0,0,0,0,1,0,0,151,253,202,0,2,0,1,0,0,0,0,0,0,1,0,0,0,0,1,0,1,0,2,0,0,2,1,0,153,251,202,0,0,1,0,2,0,2,0,0,0,1,0,2,1,0,0,0,0,0,0,0,1,1,1,0,153,253,202,0,0,0,0,0,0,1,0,0,0,0,0,2,0,0,1,1,0,2,0,1,1,1,0,1,51,252,244,40,0,0,1,0,0,1,1,1,0,0,2,0,0,0,0,1,0,0,0,0,0,0,1,0,54,252,244,39,1,0,1,0,1,0,0,0,1,0,0,0,0,0,1,1,0,0,0,0,0,1,0,1,132,254,253,51,2,0,0,1,0,1,1,0,0,0,1,1,2,0,1,0,0,0,0,0,0,0,0,0,52,253,253,49,0,1,1,0,0,0,1,0,0,0,0,0,0,0,1,0,2,0,0,1,1,0,1,0,152,254,254,51,0,1,0,0,0,0,0,0,0,1,1,1,0,0,1,0,1,1,1,0,0,0,0,0,71,252,252,50,0,0,0,0,0,0,0,1,0,0,1,1,1,1,0,0,1,0,0,0,1,0,0,0,20,222,255,73,0,1,1,0,1,0,1,0,0,1,0,0,0,1,0,0,0,0,1,2,0,2,1,0,0,162,254,153,0,0,1,0,0,0,0,0,0,0,1,0,0,0,1,0,0,0,1,1,0,1,0,0,2,0,2,0,0,0,0,0,0,1,0,0,0,0,1,1,1,1,0,0,0,1,0,0,0,0,0,0,1,0,0,0,0,1,0,1,0,0,0,0,0,0,0,0,0,1,0,0,1,0,0,0,0,0,2,0,0,0,0,0,0,1,0,1,0,1,0,0,0,0,0,0,1,0,1,0,0,3,1,1,0,0,0,0,0,1,0,0,1,0,1,0,1,0,0,0,0,0,1
0,0,0,0,0,0,0,0,0,1,1,0,0,0,0,1,0,0,0,1,0,0,1,0,0,1,1,0,0,0,0,0,0,1,0,0,1,0,1,0,0,1,1,1,0,0,0,0,0,0,0,0,0,0,0,0,2,2,1,0,1,0,1,0,0,0,0,2,0,0,0,0,0,0,0,1,1,0,0,1,1,1,0,1,0,2,0,1,0,0,0,0,1,0,0,0,0,0,0,0,0,0,0,1,0,0,0,2,0,1,0,0,1,0,0,1,1,0,0,1,0,0,2,0,1,22,56,138,156,201,229,40,1,1,1,0,0,0,0,0,0,0,0,0,0,1,1,0,0,1,0,36,165,228,253,254,254,254,253,211,1,0,1,0,0,0,1,0,0,0,0,1,0,0,1,1,0,0,19,196,253,255,252,255,255,254,254,204,0,0,0,0,1,1,0,0,0,0,0,0,1,0,1,1,0,0,86,253,254,218,252,117,122,235,69,58,0,0,1,1,0,0,1,2,2,0,0,0,1,1,0,0,2,23,238,254,254,197,79,16,0,32,0,0,0,1,0,0,1,0,2,0,0,0,0,0,0,0,0,0,1,76,253,199,108,8,0,2,0,1,0,0,1,0,3,0,0,0,0,0,0,0,1,0,1,0,0,0,2,74,253,100,1,0,0,0,0,0,0,1,0,0,0,1,2,0,1,0,0,0,0,0,1,1,0,1,2,74,255,250,129,9,0,1,1,1,1,0,0,1,0,0,0,1,2,0,0,0,0,0,0,0,0,1,1,76,254,254,255,209,135,56,0,0,0,1,0,0,0,0,0,0,0,2,0,1,1,0,0,0,0,0,1,0,153,254,255,252,252,254,185,143,1,0,0,1,1,0,2,0,0,0,0,0,1,0,0,0,0,1,1,0,6,50,238,253,252,254,253,252,179,12,0,2,0,0,0,0,1,1,0,0,0,1,1,1,2,0,0,1,0,2,0,74,133,176,218,246,253,94,1,0,1,0,1,0,0,0,0,1,0,1,1,0,1,0,1,0,0,0,1,0,0,0,16,86,250,216,6,0,0,2,0,0,0,1,0,0,0,0,0,0,2,1,1,0,0,0,0,1,1,2,0,1,144,255,76,0,0,0,1,0,0,0,0,0,0,0,0,0,0,0,0,0,1,0,0,0,1,1,0,0,63,254,76,0,0,1,1,0,1,0,2,0,0,0,0,0,0,0,0,0,1,1,0,0,0,0,0,0,1,226,75,0,0,1,0,0,0,0,1,0,1,0,0,0,0,1,0,42,82,25,35,35,0,1,10,43,164,253,76,0,1,0,0,0,2,0,0,0,0,0,0,2,1,0,0,75,247,236,254,255,191,191,205,254,255,254,76,0,2,0,0,1,0,1,1,0,1,2,0,0,0,0,0,75,254,255,253,252,253,255,253,252,253,203,30,0,0,1,0,1,0,0,0,0,0,0,0,0,0,1,0,19,67,83,243,215,253,252,254,168,87,9,0,0,0,0,0,1,0,0,1,1,2,0,0,0,1,1,2,0,0,0,0,1,0,1,0,1,0,0,0,0,0,1,0,0,2,0,0,1,0,1,0,2,0,0,0,0,0,1,1,2,1,0,3,1,0,0,0,1,0,0,0,0,1,0,0,0,0,0,1,0,1,0,0,0,1,0,1,0,0,0,0,0,1,2,0,0,0,1,1,1,1,2,0,0,1,0,0,0,0,0,0,0,0,0,0,0,0,1,0,0,0,0,0,0,0,0,0,0,0,0
1,0,0,0,0,0,1,0,0,1,0,1,0,0,0,0,0,1,0,0,1,1,0,0,1,0,0,0,0,0,1,0,0,0,0,1,0,1,0,1,0,0,1,1,1,0,0,1,0,1,0,1,0,0,1,1,1,0,0,0,1,0,1,0,2,1,0,0,1,0,0,0,0,0,0,0,2,0,0,1,1,0,0,0,0,1,2,0,0,0,0,0,0,0,0,0,0,2,1,0,2,2,0,1,0,0,0,0,1,0,1,0,0,1,1,0,1,1,1,0,0,0,0,2,1,0,2,0,0,2,0,0,0,0,0,1,0,0,0,0,1,0,0,0,1,0,0,1,0,1,25,130,220,253,254,156,91,4,0,0,0,2,2,0,1,0,0,0,0,0,0,1,0,1,0,0,1,92,216,254,254,253,254,254,252,213,25,0,0,0,0,1,0,0,0,0,0,0,0,0,0,0,0,0,102,253,254,241,146,111,110,148,250,253,168,3,0,0,2,0,0,0,0,0,0,0,0,0,0,0,1,88,212,254,215,33,2,0,0,0,86,228,253,31,0,0,0,1,1,1,1,0,3,1,0,0,2,1,1,150,252,231,33,0,0,0,0,0,0,212,254,30,1,0,0,1,1,1,0,0,0,0,0,1,0,0,1,148,252,137,0,0,0,0,0,0,0,209,254,29,0,0,0,0,1,1,0,0,0,0,0,0,0,1,0,148,253,112,0,0,0,0,0,1,0,129,252,114,0,0,0,1,1,1,0,0,0,0,0,1,0,0,0,149,253,213,0,1,0,0,0,1,0,174,253,155,0,0,1,0,0,1,1,0,0,2,0,1,0,0,0,148,254,242,64,0,0,0,0,0,0,213,252,155,1,1,1,0,1,0,0,0,0,0,0,0,0,2,0,52,227,253,209,101,63,64,95,187,186,242,253,177,6,1,1,0,0,1,0,0,0,1,1,0,0,0,1,0,122,252,253,252,254,253,252,253,253,253,254,254,24,0,0,0,0,1,0,0,1,0,0,0,0,0,0,0,5,75,179,216,179,232,232,179,79,124,253,252,25,0,1,0,1,1,0,0,1,0,0,3,2,0,1,1,1,0,0,23,0,35,36,1,2,87,253,254,65,0,2,0,0,1,0,0,1,0,0,0,1,0,0,1,0,0,1,0,0,0,0,1,0,86,254,253,106,2,1,3,1,0,1,0,1,1,0,0,0,0,0,22,216,139,33,0,0,2,0,1,1,87,254,253,25,0,0,1,0,0,0,0,1,0,1,0,0,0,0,3,121,254,150,32,1,0,2,1,0,88,253,252,25,1,1,1,1,0,1,0,0,0,1,1,1,1,0,0,18,214,254,213,107,80,1,0,0,139,252,211,13,0,0,2,0,0,0,1,0,0,0,0,0,0,0,0,0,29,215,251,253,249,235,237,234,251,253,101,0,1,0,0,1,1,0,0,0,0,1,1,0,1,0,2,0,0,30,159,254,252,254,253,252,254,211,15,1,1,0,0,2,0,0,1,2,1,1,0,0,0,0,0,0,1,0,2,5,98,130,227,192,150,20,1,0,0,0,1,0,1,0,0,0,0,2,1,1,1,0,1,0,1,1,0,0,0,0,1,0,0,0,0,0,0,0,0,0,0,1,0,1,1,0,0,0,0,0,0,0,0,0,0,0,0,1,1,0,0,0,1,0,0,0,0,2,0,0,0,0,0,3,0,1,0,1,0,1,0,1,0,0,1,0,0,0,0,1,0,0,1,0,2,2,0,0,2
0,1,1,0,0,1,0,1,0,0,0,2,3,0,1,0,2,0,1,0,1,0,0,1,0,0,1,1,1,1,1,0,0,1,1,0,1,0,0,1,1,0,1,0,2,2,1,1,0,0,1,1,0,1,0,0,0,0,2,1,0,0,0,0,0,2,0,0,2,1,1,1,0,0,0,0,0,0,0,0,2,0,0,1,0,0,1,0,0,3,0,1,0,0,0,0,1,0,0,0,1,0,1,0,0,0,1,0,1,0,0,0,0,0,1,0,0,1,0,0,0,0,1,1,0,0,0,1,0,1,0,0,1,0,1,0,0,0,0,1,1,0,0,0,0,2,1,0,0,0,0,0,0,1,0,0,1,0,0,0,0,0,0,0,0,0,1,0,0,2,1,1,0,0,0,0,1,0,1,1,22,123,118,192,255,199,123,120,24,0,1,0,2,0,0,2,0,0,1,1,0,1,0,1,0,0,2,23,201,253,251,252,253,252,251,252,241,188,0,2,0,0,2,0,0,0,0,0,0,1,0,1,0,0,24,197,251,252,252,253,254,252,169,238,251,218,30,0,0,0,0,0,0,0,0,0,0,0,1,0,0,0,111,251,251,251,251,140,39,40,3,32,74,214,55,2,0,0,0,0,0,1,0,0,0,1,0,0,0,56,213,250,252,244,108,24,0,0,0,1,18,192,200,200,121,0,1,1,0,0,0,0,1,1,1,1,1,214,253,252,250,226,0,1,1,0,20,96,204,250,252,253,210,0,0,0,1,0,0,0,1,0,0,0,0,211,252,251,246,120,1,1,20,167,201,252,251,250,252,211,34,1,1,1,0,0,0,1,0,0,0,0,0,214,252,251,128,2,2,97,206,252,252,251,252,247,135,33,0,0,1,0,0,1,0,0,0,0,1,2,1,142,253,252,87,27,153,254,252,252,252,252,205,85,1,1,0,0,0,0,0,1,0,0,0,0,1,0,0,215,252,252,252,252,251,251,252,253,253,139,26,2,1,2,1,0,0,0,0,0,0,0,0,0,1,0,0,216,252,254,253,252,252,254,255,252,97,0,1,2,0,1,0,0,1,1,1,1,2,0,0,1,0,0,90,249,254,252,253,251,251,253,85,14,3,0,1,1,0,2,1,0,0,0,0,0,0,0,0,1,0,40,221,252,252,252,253,250,190,25,2,0,0,2,0,1,1,0,1,0,1,1,2,0,0,1,0,0,2,149,252,251,252,254,238,158,17,1,0,0,0,0,1,0,0,0,1,0,0,0,2,1,0,1,0,1,0,241,252,252,253,251,174,0,0,0,1,0,0,1,1,0,0,0,0,0,0,0,0,1,0,0,0,0,27,242,252,252,251,252,78,0,0,2,1,2,0,1,0,0,1,0,0,0,0,0,1,0,1,1,0,0,38,222,253,253,251,254,99,0,0,0,0,0,0,0,1,0,1,0,0,1,0,1,1,2,1,1,0,0,1,96,249,253,252,251,217,12,0,0,0,2,0,0,0,0,1,1,0,0,0,1,0,0,1,1,0,1,0,0,143,237,243,241,249,169,1,0,0,0,0,0,0,0,2,0,0,2,0,0,1,0,0,1,1,0,0,0,0,0,32,31,153,108,0,0,0,0,1,0,1,1,2,0,0,0,1,0,0,0,0,0,0,1,0,0,0,1,0,0,0,0,1,1,1,0,1,2,0,1,0,1,2,1,0,0,1,0,0,0,0,0,0,1,1,0,0,1,0,1,1,1,2,0,0,1,1,1,1,0,0,0,1,0
1,0,1,0,0,0,0,0,1,0,0,0,0,0,0,0,0,2,0,0,0,0,0,0,1,2,0,1,0,0,0,0,0,2,0,0,0,2,1,0,1,0,1,0,0,0,1,1,0,0,2,2,0,0,1,1,0,0,1,0,1,0,0,1,0,2,0,2,0,0,0,1,2,0,0,0,0,1,0,0,0,0,0,1,1,0,0,0,0,0,0,0,0,0,0,0,1,0,0,0,1,0,1,1,1,2,1,0,0,2,0,0,1,0,0,1,1,0,1,0,0,0,0,0,0,0,2,1,0,0,0,1,1,0,2,0,0,1,1,0,0,1,0,1,1,1,2,0,0,0,1,0,0,0,0,1,1,0,0,0,1,0,0,2,1,0,0,1,0,1,0,0,0,1,1,0,1,0,0,0,0,1,0,1,0,1,0,2,0,0,0,0,1,0,0,0,0,0,1,0,0,1,64,131,178,245,244,179,175,93,12,2,1,1,0,0,1,0,0,1,1,0,0,0,0,1,1,0,0,188,244,253,254,253,201,252,252,254,228,77,0,0,2,0,0,0,1,0,1,0,0,1,0,0,0,0,1,227,191,20,15,15,2,14,40,137,247,252,73,0,0,0,0,0,0,0,1,0,1,0,0,0,0,2,1,45,47,0,0,0,0,0,1,1,79,239,237,12,0,1,1,0,0,0,0,1,0,0,0,1,0,2,1,0,0,0,1,2,0,0,0,0,0,178,252,58,0,0,0,0,1,1,0,1,0,0,0,0,0,0,0,1,1,0,2,0,0,1,0,0,1,105,254,91,1,2,0,1,0,0,0,0,1,0,0,0,1,1,0,0,1,0,0,0,0,0,0,1,0,105,251,89,0,1,0,15,61,60,104,0,0,2,0,1,2,0,0,0,0,0,0,80,166,226,241,227,230,244,252,245,238,240,240,241,255,252,246,0,0,1,0,0,0,0,0,0,0,3,158,248,254,254,252,252,254,254,252,251,209,209,209,188,131,97,27,0,0,1,1,0,2,0,1,0,0,33,235,123,74,31,29,31,31,187,253,41,0,0,0,3,0,0,1,0,0,0,0,1,0,0,0,2,1,0,150,47,0,0,2,1,1,179,246,10,0,0,1,0,0,0,0,1,0,0,0,2,2,2,1,0,2,1,1,1,0,0,0,0,0,220,194,1,0,1,1,0,0,1,0,1,0,1,1,0,0,1,0,0,1,1,1,0,0,0,0,0,6,254,189,0,0,1,1,0,0,0,0,0,0,3,1,0,2,0,0,0,0,0,1,0,0,1,1,0,76,254,118,0,0,0,1,0,1,0,0,0,0,0,0,1,1,0,0,3,0,1,0,0,0,0,0,1,118,255,164,0,0,1,0,0,0,1,1,0,1,0,0,2,0,2,1,0,0,0,0,1,0,0,1,0,76,254,121,0,0,0,0,1,0,0,0,0,1,0,1,0,2,0,3,0,0,0,0,0,0,2,0,0,115,255,81,0,1,0,0,2,0,0,0,0,0,0,1,0,0,0,1,0,0,0,0,2,0,0,2,1,144,255,49,0,1,0,0,0,0,0,0,2,0,0,0,1,0,1,0,0,0,2,0,1,0,0,0,0,98,254,178,0,1,0,0,0,0,1,0,0,0,0,0,2,1,0,1,0,2,0,0,0,1,1,0,0,9,113,71,0,0,0,2,0,1,0,1,1,0,0,1,0,0,0,0,0,0,0,0,1,0,0,0,0,0,0,0,0,0,1,0,0,0,0,0,0,0,1
0,0,0,0,0,0,0,0,0,0,1,2,0,1,0,1,0,1,0,1,0,0,1,0,0,0,0,0,0,0,0,0,1,1,0,1,0,0,1,0,0,0,0,0,0,0,0,0,2,0,2,2,0,2,0,1,0,0,0,0,0,0,0,0,0,0,2,0,1,2,0,0,0,1,1,0,0,0,0,0,0,0,0,1,0,1,0,0,0,0,0,0,0,0,0,0,3,0,0,0,0,2,0,1,0,0,0,0,0,0,0,0,0,2,0,1,1,1,0,2,0,96,255,247,128,52,0,1,1,2,1,2,1,1,0,0,2,0,0,1,1,0,1,0,0,0,0,0,1,247,255,255,254,250,39,1,0,1,0,0,0,0,0,0,1,1,0,2,0,0,1,0,1,1,0,0,1,103,155,230,247,255,162,5,1,0,0,0,0,2,0,1,0,0,0,1,0,0,0,3,1,0,2,0,0,0,1,0,84,253,255,114,0,1,0,0,1,0,1,0,0,1,0,0,2,2,1,1,0,0,1,0,0,0,1,0,1,137,255,170,20,0,1,0,0,0,0,0,1,0,1,0,0,1,0,0,0,0,2,0,0,1,1,0,0,33,223,252,152,0,0,0,0,0,0,1,1,2,2,0,0,0,0,0,0,2,1,0,1,0,0,0,0,0,132,252,162,0,0,0,0,0,1,1,1,1,0,1,0,1,0,0,1,0,1,1,1,0,0,0,0,1,29,236,161,1,0,1,1,1,1,0,0,0,0,0,0,0,0,0,1,0,0,0,0,0,0,0,0,0,2,185,220,0,0,1,0,1,0,0,0,0,2,0,2,1,0,0,1,0,1,1,0,1,1,0,0,0,1,116,253,1,0,1,0,2,0,1,0,0,0,0,0,0,0,0,0,0,0,0,1,0,0,0,0,0,1,115,254,0,0,0,0,0,0,0,2,0,0,0,0,0,0,1,0,0,0,1,0,0,0,0,0,2,1,116,253,0,0,2,0,1,0,1,0,0,1,0,1,1,1,0,0,0,0,0,0,0,1,0,1,95,179,254,255,230,145,40,0,1,2,0,2,1,0,0,1,1,1,1,2,0,0,0,1,1,0,29,205,255,253,255,237,253,253,234,55,0,0,0,3,0,0,2,0,0,0,1,1,0,0,0,0,0,29,213,236,79,160,226,31,72,105,181,230,0,0,0,2,0,0,0,1,1,0,1,0,0,1,2,0,0,206,243,46,0,173,104,0,0,0,0,50,0,0,0,1,0,0,0,0,0,1,0,0,2,1,1,1,44,246,46,2,95,202,18,2,1,1,0,0,1,0,0,0,0,0,0,0,1,1,0,0,0,0,0,1,154,253,47,34,213,96,1,1,0,0,0,0,0,0,0,0,2,2,0,3,1,0,1,1,1,0,0,0,162,254,216,240,115,4,1,0,1,0,0,0,0,0,0,0,1,0,0,0,0,0,0,0,0,1,0,1,69,242,254,151,0,0,1,0,0,0,0,0,2,0,0,0,0,0,0,0,0,0,0,0,0,0,0,1,0,0,0,0,0,0,0,0,0,0,0,2,0,0,0,0,0,0,0,0,0,0,0,0,0,1,0,0,0,0,0,3,0,1,0,1,0,2,0,1,2,0,0,0,0,0,0,0,0,0,2,0,1,0,0,0,0,0,0,1,1,0,0,0,1,0,0,0,0,0,1,2,0,2,1,0,1,0,1,0,0,0,0,0,0,1,0,3,0,0,0,0,1,2,0,1,0,0,0,0,1,0,0
0,0,0,0,1,0,2,0,0,0,0,1,0,0,1,1,0,0,1,2,0,0,1,0,0,0,0,0,1,0,1,0,0,0,1,0,0,0,0,0,1,2,0,0,0,0,0,0,0,0,0,1,0,0,0,0,1,0,0,0,0,1,0,1,0,0,0,0,1,0,1,1,1,1,1,0,1,0,0,0,0,0,0,0,1,0,0,0,0,0,0,1,0,0,1,0,2,1,0,0,1,0,0,1,0,3,1,1,0,0,0,0,0,0,0,1,159,0,1,0,0,1,0,1,0,0,0,0,0,2,0,0,0,0,1,0,2,1,0,0,1,1,0,0,250,67,0,0,0,1,0,0,0,0,0,1,0,0,0,1,0,2,0,1,0,1,2,0,0,0,0,0,103,209,40,0,0,0,0,0,1,2,0,0,0,2,0,0,0,0,1,0,0,0,0,0,3,0,0,0,0,146,180,106,107,107,105,107,131,211,151,27,1,2,2,0,0,0,0,0,0,0,0,1,0,0,0,0,0,35,163,253,254,212,225,254,251,175,255,64,0,0,0,1,1,1,0,0,0,0,1,0,0,0,1,1,1,0,4,62,65,0,22,107,61,82,253,64,1,0,0,0,2,1,0,0,0,0,0,0,0,0,1,0,0,1,0,1,2,1,0,0,60,248,251,58,0,1,0,1,0,0,0,0,0,2,0,1,1,0,0,2,0,0,0,1,0,0,1,42,189,252,116,0,55,0,1,0,0,0,0,1,1,0,2,0,0,0,2,0,0,0,0,1,0,0,79,222,251,253,167,211,248,210,211,107,69,1,1,0,0,0,0,0,0,0,0,0,1,0,0,0,2,209,252,252,254,253,214,131,52,0,0,63,140,230,157,6,0,0,2,0,1,0,1,1,0,1,1,0,2,217,253,210,141,63,1,1,0,0,1,0,2,40,226,156,1,0,0,0,1,1,1,0,0,0,1,0,2,11,24,13,1,1,0,0,0,2,0,0,0,1,175,254,1,0,0,0,0,1,0,0,0,1,1,2,0,0,0,1,0,2,0,0,1,0,1,0,0,118,253,227,0,0,0,0,1,1,0,0,2,0,2,0,0,0,0,0,2,0,0,0,0,0,1,0,117,249,224,43,2,0,1,0,1,0,0,0,0,0,65,253,253,34,0,1,0,1,0,0,0,0,37,211,253,224,81,0,1,0,0,0,0,2,1,1,1,0,6,134,238,243,154,44,2,0,0,64,94,190,241,254,188,40,1,0,0,0,0,0,1,0,1,1,1,1,0,1,17,84,126,222,231,232,233,245,251,231,143,66,5,1,2,0,0,1,0,0,0,0,0,1,0,0,0,1,1,0,2,44,85,85,146,151,77,0,0,0,0,0,0,0,0,0,0,1,0,0,0,1,0,0,0,1,1,0,1,0,1,0,1,1,1,2,0,0,1,0,1,0,0,1,1,0,0,0,2,0,0,0,1,0,2,0,0,0,0,0,0,0,0,0,1,0,0,0,1,0,0,1,0,0,1,1,0,2,1,2,0,1,3,0,0,1,1,0,0,0,0,0,0,0,1,0,0,0,0,1,0,0,0,0,0,0,0,0,1,0,1,1,0,2,1,1,0,1,0,1,1,0,1,0,0,0,1,0,0,0,0,1,0,0,0,1,0,0,0,0,0,0,1,1,0,0,0,0,2,1,0,0,0,0,1,0,1,0,1,0,0,0,1,1,0,1,0,0,1,0,2,0,0,0,0,0,0,1,0,0,1,0,0,0,0,0
0,0,1,0,2,1,0,0,1,0,0,0,0,0,1,0,1,0,1,0,0,0,0,0,1,0,1,1,0,2,0,1,0,0,1,0,0,0,1,0,1,1,0,0,0,0,0,0,2,2,0,0,1,0,0,0,2,0,0,1,0,0,0,0,0,0,1,2,0,0,0,0,1,0,0,0,0,0,0,0,0,1,0,1,2,0,1,1,0,0,2,0,0,0,0,0,0,0,1,0,1,0,0,1,0,0,1,1,0,0,0,0,0,0,0,0,0,2,0,2,2,0,67,135,147,254,253,163,36,3,2,0,0,0,0,0,1,0,0,0,0,0,0,1,0,0,2,0,12,132,243,254,253,250,254,254,252,165,73,0,3,0,1,1,0,0,0,0,0,1,0,0,0,0,0,11,162,252,252,253,247,210,253,252,252,252,150,0,0,0,0,1,0,0,0,0,1,1,0,0,0,1,1,87,253,254,253,217,59,10,64,154,240,252,251,174,24,1,0,0,1,0,0,2,0,0,0,1,0,0,72,237,253,254,216,30,0,0,0,0,83,203,254,252,201,26,0,0,1,0,1,0,2,0,0,1,0,0,153,252,253,216,30,0,1,1,0,1,0,65,253,252,253,175,0,0,0,0,1,1,0,0,0,1,0,77,249,254,252,107,0,0,1,2,0,0,0,1,76,250,253,249,148,17,0,0,0,0,0,0,0,1,1,135,255,254,200,20,2,0,0,1,0,1,0,0,1,79,245,253,253,53,3,1,0,0,1,0,0,1,0,136,253,253,65,2,0,3,2,1,1,1,1,1,0,0,84,244,254,254,94,0,0,0,1,0,0,1,1,163,252,253,64,0,2,0,0,0,2,0,0,0,0,0,1,99,251,254,134,2,0,0,1,0,2,0,0,162,252,254,67,1,0,0,0,0,0,1,0,1,0,0,0,66,254,253,171,1,0,0,1,2,0,1,1,136,254,253,110,1,0,0,0,0,0,0,1,0,0,0,1,10,208,255,252,1,0,0,0,0,2,0,0,136,253,252,212,21,0,0,0,1,0,0,2,1,0,0,1,0,200,253,254,0,1,0,1,1,1,0,0,12,201,254,254,53,2,1,1,0,0,1,1,1,0,2,0,6,204,255,192,0,0,0,0,1,1,0,0,0,141,253,252,216,87,0,1,2,0,0,0,1,2,0,1,66,253,254,137,0,1,0,1,0,0,0,0,0,29,216,253,249,216,162,20,1,0,1,0,1,0,0,30,154,252,253,58,0,0,0,0,1,1,0,0,1,0,39,237,254,254,253,215,165,67,66,68,67,65,66,188,254,254,181,5,0,0,0,0,1,0,0,0,0,0,1,41,150,243,253,254,253,254,253,254,253,254,253,254,252,224,47,1,2,1,0,1,0,0,0,0,1,0,1,0,2,31,147,209,253,253,253,253,252,252,253,188,123,23,0,0,0,0,0,0,0,0,0,0,0,0,0,0,0,0,0,8,92,135,135,136,135,130,17,6,1,0,0,0,0,1,2,0,1,3,0,0,0,0,0,0,0,1,0,0,1,0,2,0,1,0,0,1,0,0,0,0,0,1,1,0,0,0,1,0,0,0,1,0,1,1,0,0,0,1,0,0,0,0,0,0,0,1,0,0,0,0,0,1,0,0,0,0,1,0,0,0,0,1,0,2,0,0,0,0,0,0,0,0,1,0,0,1,0,2,0,0,0,0,0,0,0,0,0,0,1,0,0,0,0,0,0,0,1,0,0,0,0,1,0,0,0,1,0
0,0,0,0,0,0,0,0,0,0,0,0,0,0,1,1,0,1,0,0,1,1,1,2,1,0,0,1,2,0,0,0,0,0,0,1,0,0,1,1,2,1,0,1,2,2,2,0,0,1,0,0,1,0,1,0,0,0,0,0,1,0,0,1,2,0,0,0,0,1,1,9,178,143,0,0,0,0,1,0,1,0,0,0,0,0,0,2,0,1,0,2,0,0,0,1,0,0,2,38,253,245,17,0,0,0,0,0,1,0,0,1,2,0,1,0,0,0,0,0,0,0,1,0,0,0,0,37,253,224,11,0,1,0,0,0,0,0,0,0,0,0,0,1,1,1,0,0,1,0,0,2,0,0,0,38,253,150,0,1,0,1,1,0,0,0,1,0,0,0,0,0,0,0,0,0,0,1,0,1,0,1,0,142,249,38,1,2,1,0,1,0,0,0,0,0,0,1,0,2,1,1,0,0,1,0,0,0,0,0,32,237,238,1,0,1,0,0,0,1,0,0,1,0,0,1,0,0,0,0,0,1,1,1,1,1,0,2,97,254,120,0,0,0,0,0,0,0,0,2,0,2,0,1,1,0,0,0,0,0,0,1,0,1,0,21,217,231,23,0,0,0,0,1,0,1,0,0,0,0,0,1,0,0,0,0,0,2,0,0,2,2,2,93,255,171,0,12,11,0,1,0,0,1,0,1,1,1,1,1,0,0,0,1,1,0,0,0,0,0,10,189,255,51,3,177,199,19,1,2,1,1,0,0,3,0,0,0,0,1,0,1,2,0,1,0,0,0,124,254,188,1,69,255,253,47,0,0,0,1,1,0,1,2,1,0,0,1,0,0,0,1,0,0,0,43,226,254,93,19,217,255,230,22,1,0,1,0,0,2,1,1,2,0,0,0,0,0,1,0,0,4,77,226,254,254,11,82,255,255,227,29,8,0,2,1,1,1,0,1,0,0,0,0,0,0,0,1,14,190,253,253,253,254,255,255,254,254,255,253,223,70,0,0,0,0,2,0,2,1,1,1,0,0,0,15,154,254,255,244,125,113,200,255,255,254,253,253,220,119,0,0,0,0,3,1,0,0,0,0,0,0,6,154,252,254,252,113,0,9,238,254,253,207,141,66,13,0,0,1,1,0,0,0,1,0,0,0,0,0,42,254,255,255,163,1,0,95,254,255,180,0,0,0,0,0,0,0,0,1,1,0,0,0,0,0,0,0,162,254,254,221,32,0,0,116,254,161,2,0,0,1,0,0,0,0,1,0,0,0,0,0,1,1,0,20,223,255,248,54,0,0,0,144,248,75,1,2,0,1,0,0,0,0,1,0,0,0,2,1,0,0,0,24,236,254,66,1,0,0,1,25,49,1,0,0,0,0,0,0,1,0,0,0,1,0,0,0,0,0,1,0,0,0,0,0,1,1,0,0,0,0,1,0,1,0,0,0,0,0,0,0,0,1,0,0,1,0,1,0,2,0,0,0,0,0,0,0,0,0,0,0,0,0,0,1,1,0,0,0,0,0,2,0,1,0,0,0,0,0,0,1,1,1,0,0,2,0,2,0,1,0,0,2,1,1,0,0,0,0,1,1,0,0,1,0,1,2,1,0,0,0,0,1,1,1,0,0,1,0,0,1,1,0,0,0,1,0,0,0,0,0,1,1,1,1,0,1,1,0,0,0,0,0,0,0,0,0,0,1,0,0,0,3,1,0,0,0,1,0,0,2,0,0,0,0,1,1,0,0,0,1,0,0,0,1,0,0,0,0,0,0,0,1
1,0,0,0,0,0,0,0,0,0,0,0,0,1,1,0,0,1,1,1,2,2,0,1,2,1,0,0,2,1,0,1,0,0,0,1,0,0,0,0,0,0,0,1,1,1,0,1,0,1,1,0,0,0,1,1,0,0,0,0,0,2,0,0,0,0,1,1,1,0,0,0,0,0,2,1,0,1,0,0,0,0,0,0,0,0,0,0,0,0,0,0,0,0,0,2,2,0,0,0,0,0,0,0,0,0,0,0,1,0,0,0,1,0,0,0,0,0,0,1,0,0,0,0,0,0,0,0,1,0,1,2,0,3,2,1,0,1,1,0,0,0,0,0,0,0,0,0,0,0,1,1,0,0,1,0,0,2,66,202,254,137,5,1,0,0,0,0,2,0,0,0,1,1,0,0,0,0,1,0,0,0,0,0,0,0,115,252,253,208,16,1,0,0,0,0,0,0,0,0,0,1,0,26,122,124,58,0,0,0,0,0,0,0,115,251,253,184,2,1,1,1,0,0,0,1,0,0,2,1,1,134,252,252,243,100,2,0,0,0,0,0,211,254,253,89,1,0,0,4,0,2,0,0,1,1,0,0,1,205,253,254,252,182,0,1,0,0,1,136,249,252,252,70,0,0,0,0,0,1,0,0,0,1,0,0,38,234,254,254,218,84,0,0,0,0,9,212,253,255,207,0,1,1,0,0,0,0,0,1,0,0,0,0,143,253,252,254,92,0,0,0,0,0,70,251,252,252,130,0,1,0,0,0,1,0,0,0,0,0,0,0,182,252,252,252,92,0,0,0,0,14,171,253,252,246,65,0,1,0,0,0,0,2,0,0,0,0,0,1,185,252,250,247,57,0,0,0,1,26,220,253,252,230,1,1,0,1,0,0,1,0,0,1,1,0,2,43,247,251,251,231,0,0,0,0,2,47,251,252,252,230,0,0,0,0,0,0,0,0,0,0,0,1,0,47,253,254,252,255,106,23,24,22,136,212,253,252,253,168,2,0,0,0,1,1,0,0,1,0,0,0,0,38,239,253,252,252,252,251,252,252,252,251,252,251,253,116,0,1,0,3,0,0,0,0,1,1,1,0,1,0,151,251,253,254,250,252,254,252,255,254,253,252,252,32,2,0,1,0,1,1,1,1,0,3,0,0,1,1,13,87,159,253,251,227,160,57,97,178,254,253,209,1,0,0,2,2,0,1,0,1,0,0,0,0,1,1,1,0,0,25,23,15,2,0,0,160,250,251,137,0,0,1,0,1,0,1,1,0,0,0,0,0,1,0,1,0,2,0,0,0,2,0,87,251,253,252,137,0,0,0,0,0,0,0,0,0,0,0,0,0,0,0,0,0,1,2,1,1,1,0,139,253,252,254,118,0,0,0,0,1,0,0,0,0,0,0,1,0,0,0,0,2,0,0,0,1,2,0,223,251,252,250,22,0,0,0,0,0,1,1,0,0,1,0,1,1,1,1,1,0,0,0,1,1,0,1,253,251,250,251,22,1,0,2,0,0,2,2,1,1,0,0,1,1,1,2,0,0,0,0,0,0,0,1,252,251,252,167,1,0,1,0,0,0,1,1,1,0,0,0,0,0,0,0,0,0,0,0,0,0,1,0,1,0,0,0,2,0,0,1,0,0,0,0,1,0,0,0,0,0,1,0,0,1,0,0,1,1,0,0,1,0,0,0,1,2,0,1,0,0,0,0,0,0,0,2,0,0,0,1,0,0,1,0,0,1,0,0,1,2,0,0,0,1,0,0,0,0,0,0,0,0
1,1,0,0,0,0,1,0,0,0,2,0,1,2,0,1,0,0,1,0,0,0,0,0,0,0,1,1,2,1,0,0,0,0,0,1,0,0,1,0,0,0,0,0,0,0,1,1,0,0,0,0,0,0,0,0,1,0,1,0,0,0,2,2,0,2,0,0,0,0,1,0,1,0,0,0,0,0,0,0,1,0,0,1,1,1,1,0,0,0,0,0,0,0,0,0,129,227,228,197,84,0,0,0,0,0,0,0,1,0,0,0,0,0,0,0,1,0,0,0,1,3,0,26,238,255,254,255,232,146,63,2,0,0,0,0,1,0,1,0,0,0,0,0,0,0,0,2,1,0,0,0,28,102,184,237,255,253,175,2,0,1,0,0,0,1,0,1,0,1,0,0,0,0,0,0,0,0,1,0,1,0,1,32,179,251,254,74,1,0,0,0,0,1,1,0,0,1,0,0,0,0,1,0,1,1,0,0,0,0,0,0,0,199,254,61,1,0,0,0,1,0,2,0,0,0,1,0,0,1,0,0,0,2,0,0,0,0,0,1,10,215,254,93,0,0,0,0,0,0,0,1,1,0,0,2,2,1,0,0,1,0,0,0,2,0,0,0,36,254,169,8,1,2,0,1,0,0,1,0,0,1,0,0,0,0,1,0,2,1,1,1,0,0,0,0,129,254,161,0,0,2,0,0,0,0,0,0,0,0,0,0,2,0,1,0,0,1,0,0,0,1,0,84,247,247,88,0,0,1,0,1,0,1,0,1,0,0,0,1,0,0,2,2,2,0,2,1,0,0,1,177,255,114,1,0,0,0,1,0,0,0,1,1,2,0,0,0,0,1,0,0,0,1,1,1,1,0,98,255,204,19,0,2,2,0,0,1,0,1,0,0,1,0,0,0,1,0,0,0,0,0,1,0,0,71,247,254,76,0,1,1,1,0,0,0,0,0,1,0,1,0,0,0,0,0,0,1,1,1,1,2,9,218,245,112,6,0,0,0,1,0,1,0,0,1,1,0,0,0,0,0,1,0,0,0,2,0,3,23,183,254,141,1,0,0,2,1,1,0,1,0,0,0,0,1,0,0,1,2,1,0,0,0,0,0,0,191,254,220,25,2,0,0,0,0,0,0,0,2,0,0,3,0,0,0,0,1,0,1,1,0,0,0,79,254,254,131,0,0,0,0,0,0,0,0,0,0,1,1,0,0,0,0,0,1,0,0,0,0,0,95,240,253,255,216,147,133,237,234,236,106,0,1,0,0,0,0,0,0,0,0,0,1,1,1,0,0,125,242,254,253,254,253,254,254,241,225,132,59,1,0,0,1,0,0,0,0,1,1,0,0,0,0,1,0,181,254,255,253,200,211,146,126,35,29,0,0,0,0,0,0,1,0,0,1,0,0,2,0,0,0,0,0,85,196,144,73,16,1,0,0,0,0,1,1,0,0,1,0,0,0,0,0,0,0,0,0,0,0,0,0,2,0,0,0,2,0,1,0,0,0,2,2,1,0,2,0,0,0,0,0,0,0,0,1,0,0,1,0,0,0,3,0,0,0,0,0,1,0,1,1,1,0,0,1,0,2,2,0,1,0,0,1,1,0,0,0,0,1,0,0,0,0,0,2,0,2,0,0,0,1,0,0,0,0,1,1,1,0,0,0,0,0,0,1,0,0,0,0,1,1,0,0,0,0,0,0,0,2,0,0,1,0,0,0,0,0,1,0,1,0,1,0,1,0,1,1,0,0,0,0,0,0,0,0,1,1,0,1,0,0,0,1
0,0,0,0,0,1,0,0,1,1,0,0,0,0,1,0,1,1,0,0,0,0,0,1,0,0,1,0,0,0,0,0,1,0,0,1,0,0,0,0,0,0,0,2,0,0,0,0,3,0,1,0,0,0,0,0,1,0,0,1,1,0,0,1,2,0,1,0,0,0,0,0,0,0,0,1,1,1,0,0,1,1,1,2,0,1,1,0,0,0,0,0,0,1,0,0,0,0,0,1,0,0,0,0,0,0,1,0,3,0,0,0,1,0,0,1,0,0,1,0,1,0,0,1,1,1,0,0,0,0,0,0,1,1,0,1,0,0,0,0,2,0,1,1,0,1,1,2,0,0,8,122,28,0,0,28,172,214,4,0,0,2,0,0,1,1,0,0,0,1,0,0,0,2,1,0,0,4,158,251,209,0,1,130,253,254,123,0,1,0,0,0,1,0,1,1,1,0,0,0,0,0,0,2,1,155,254,253,251,82,0,179,254,255,230,2,0,0,0,0,0,0,0,0,1,2,0,0,1,0,0,1,1,227,255,254,253,92,36,246,255,254,251,68,0,0,0,0,0,1,0,1,0,0,0,1,2,1,1,0,0,229,253,254,242,23,1,240,254,254,228,0,0,1,0,1,0,0,0,0,1,0,0,1,1,3,0,0,80,251,255,253,237,0,39,246,253,253,227,0,0,0,0,0,0,0,0,1,1,0,0,0,0,0,1,8,203,253,254,255,152,0,1,239,255,253,233,16,1,0,0,0,0,1,1,2,2,0,1,0,2,2,0,44,253,253,255,253,96,0,32,246,254,254,255,79,0,1,0,1,0,0,0,0,1,0,0,0,0,0,0,51,255,254,254,255,253,235,241,255,253,255,254,208,17,1,0,1,0,1,0,1,1,0,0,2,0,0,0,152,254,255,254,252,253,254,254,254,253,254,254,120,0,0,0,0,0,0,0,0,0,0,1,2,1,1,0,66,255,253,255,254,254,255,253,254,255,254,255,80,0,1,2,0,1,0,0,3,0,0,1,0,0,0,0,3,53,222,247,253,254,255,254,254,253,254,252,75,1,1,0,0,0,0,0,0,2,0,0,0,0,0,0,0,0,2,54,86,88,87,219,252,254,253,225,0,0,0,0,0,1,0,0,0,0,0,0,0,2,1,0,0,0,0,0,0,0,2,200,255,254,255,229,0,0,0,1,1,0,1,1,0,0,0,1,1,1,0,0,2,2,0,1,0,0,0,142,255,255,252,193,45,0,0,0,0,0,1,1,0,1,0,0,0,0,0,0,0,0,0,0,0,0,0,94,254,255,252,253,82,1,0,1,0,0,2,0,0,1,1,1,2,0,2,1,1,2,0,0,1,1,1,94,253,254,253,254,123,0,0,1,1,1,0,0,0,0,0,0,0,0,0,1,0,0,1,0,0,1,0,92,252,255,252,255,83,0,0,1,0,0,0,0,1,1,1,0,0,0,1,0,1,0,0,1,2,0,0,68,250,252,254,235,22,1,0,0,0,0,0,0,1,1,0,0,0,0,0,0,1,0,0,0,1,0,0,0,192,255,167,84,0,0,0,0,0,1,0,0,1,0,0,1,0,1,0,0,0,0,1,0,0,0,1,0,0,0,2,1,0,0,0,0,1,0,1,0,3,0,0,0,1,0,1,0,1,0,1,0,0,0,0,0,3,0,0,0,1,0,1,0,0,0,0,1,0,1,0,0,1,0,1,1,1,0,1,0,0,0,0,1,0,0,0,2,0,0,0,0,0,0,0,0,0
0,0,0,0,0,0,0,0,1,0,0,2,0,0,0,0,0,0,0,0,0,1,0,0,0,0,0,0,1,1,0,1,0,0,0,0,0,2,0,0,0,3,0,0,2,2,0,0,0,0,0,0,0,0,1,0,0,1,0,0,0,0,0,0,0,0,0,1,0,0,0,0,0,0,1,0,0,0,0,0,0,0,0,2,0,0,1,1,0,1,1,0,0,1,0,0,0,2,1,0,0,0,0,2,1,0,1,0,0,1,1,0,1,0,0,0,0,0,2,1,1,2,1,0,0,1,2,1,1,0,0,2,0,1,0,0,0,0,0,1,0,0,0,1,0,0,0,0,1,1,0,2,35,197,69,2,0,0,0,1,0,0,1,1,0,1,0,2,1,0,0,1,0,0,0,0,1,0,1,0,163,255,164,6,0,0,0,0,0,0,0,0,0,1,2,2,0,0,0,2,0,0,1,0,2,0,0,0,211,251,222,48,0,3,0,0,0,0,0,0,0,0,0,0,2,0,0,0,0,0,1,0,2,2,0,1,211,235,127,17,0,1,0,0,1,0,0,0,0,0,0,0,0,2,1,1,0,1,1,0,0,0,0,0,210,213,112,0,0,0,3,0,0,0,0,0,0,0,0,0,0,0,0,1,0,0,0,0,1,0,0,0,111,253,137,0,1,1,2,0,0,0,1,0,0,0,0,0,0,0,0,0,0,0,2,0,1,0,0,1,132,253,109,0,0,0,1,0,0,0,1,2,0,0,2,0,0,0,0,0,0,0,3,0,2,0,0,0,126,254,103,0,1,0,0,0,0,0,1,0,0,0,1,0,0,0,1,0,0,0,1,0,0,0,0,0,120,254,14,0,0,3,0,0,1,0,0,0,1,2,0,0,1,0,0,1,0,2,0,0,1,0,0,39,207,253,68,0,1,1,2,0,0,0,0,0,0,0,1,0,0,0,0,0,0,1,1,0,0,0,0,0,18,249,111,1,1,0,0,1,0,0,2,0,0,1,0,0,0,0,1,1,1,0,0,0,0,2,0,0,0,175,109,1,0,0,2,0,1,0,0,0,0,0,0,1,0,0,0,0,0,0,1,1,0,0,0,1,0,177,197,0,0,0,0,0,0,0,1,1,0,1,0,1,0,0,0,0,0,1,0,0,1,0,0,0,0,176,226,18,0,0,2,0,0,0,0,1,0,2,0,0,0,1,1,0,0,1,0,0,0,1,0,1,0,58,251,112,0,0,0,0,0,0,0,1,0,2,0,0,0,0,1,2,0,0,0,0,0,0,0,2,1,0,226,194,1,0,0,1,0,0,0,1,1,1,0,1,1,0,0,2,0,1,0,0,0,0,0,1,1,0,145,246,33,2,0,2,0,0,0,0,1,0,0,2,0,0,0,1,0,0,1,0,0,2,0,0,1,1,71,243,144,2,0,0,2,1,0,0,1,0,0,0,0,1,1,1,1,0,2,0,0,1,0,1,0,0,0,121,217,35,0,0,1,1,0,0,1,1,1,0,0,0,1,0,1,2,1,1,0,0,0,0,1,0,0,33,187,176,0,0,0,1,0,0,0,0,0,1,0,0,0,1,1,0,2,0,0,0,0,0,0,0,0,1,0,3,3,0,0,1,0,0,0,0,0,0,1,2,2,0,0,1,0,0,0,0,0,0,1,1,0,0,0,0,1,0,0,1,0,0,0,0,0,0,1,2,1,0,0,2,1,0,2,2,1,1,1,0,0,0,0,0,0,0,0,0,0,0,0,1,0,0
0,0,0,1,0,1,0,0,0,1,0,0,0,0,0,0,0,0,0,3,0,1,0,0,0,0,1,0,0,0,1,1,0,1,0,0,0,1,0,0,1,0,1,0,1,1,0,0,1,1,0,1,0,0,0,0,0,0,1,0,0,0,0,0,0,0,0,0,3,0,0,1,0,0,1,0,1,0,0,0,0,0,0,0,0,0,0,0,0,2,0,0,2,0,0,0,0,0,0,0,0,1,1,2,0,1,0,1,0,0,0,0,1,0,0,0,0,0,2,0,0,0,0,2,1,2,0,0,1,0,0,0,0,2,0,0,1,0,0,2,0,0,2,0,1,0,0,0,0,0,0,2,0,0,0,0,0,0,0,1,0,0,1,0,1,0,0,0,0,0,2,1,0,0,1,0,0,0,0,0,0,1,1,3,1,0,0,0,1,0,1,0,0,0,1,0,0,0,0,1,1,0,2,0,1,0,5,115,238,254,254,100,0,0,1,1,1,0,0,0,0,0,0,0,0,0,0,0,0,0,1,0,0,0,136,251,251,254,251,247,161,48,0,0,0,1,0,0,0,2,0,0,0,0,1,1,0,0,0,0,12,180,253,254,252,251,150,190,252,244,128,35,1,1,0,1,0,0,1,1,0,0,1,0,1,0,0,0,219,250,253,252,198,71,1,126,252,252,253,63,1,1,2,1,0,0,0,1,2,0,0,0,0,0,1,133,254,253,252,156,8,0,36,222,252,250,254,63,0,1,0,1,1,1,0,1,0,0,0,1,2,0,38,236,253,253,129,1,0,42,182,253,254,252,247,51,0,0,1,0,0,0,0,0,0,2,0,0,1,1,63,250,252,252,48,1,35,226,252,252,251,252,213,2,0,0,0,1,0,0,0,0,0,0,0,0,0,0,66,252,254,173,14,120,241,252,251,252,251,251,211,0,0,1,0,0,0,0,0,0,1,0,0,0,0,1,47,242,254,227,212,252,254,253,204,247,253,252,184,0,0,0,0,0,0,0,0,0,1,0,1,0,0,0,0,79,253,252,251,252,253,84,9,143,251,252,149,0,0,1,0,0,1,1,0,1,0,0,1,0,0,0,0,0,19,106,202,210,210,0,0,144,254,252,195,0,0,0,1,1,1,0,0,1,1,0,0,1,0,1,0,0,0,0,0,0,0,1,0,197,251,252,106,0,1,0,1,0,1,0,0,0,1,0,0,0,0,0,0,0,0,0,1,1,1,1,0,180,252,251,54,0,0,0,0,0,0,0,1,0,0,0,0,1,0,0,0,0,2,0,0,0,0,0,0,234,251,251,0,0,0,0,0,0,1,0,0,1,0,0,0,0,0,0,0,1,0,1,0,1,0,0,1,232,252,254,2,0,0,0,1,1,2,0,0,0,0,0,1,0,0,0,1,1,0,0,0,0,0,0,0,233,253,254,1,2,0,0,1,1,0,0,1,1,0,0,0,0,1,2,1,0,0,0,0,0,0,1,0,233,253,252,0,0,0,0,0,0,0,2,0,0,0,0,0,0,1,0,0,0,0,1,0,1,0,1,2,232,254,254,0,0,1,0,0,1,1,0,0,0,0,1,0,1,0,2,0,0,0,1,2,0,0,0,0,206,251,251,1,0,0,0,0,2,0,0,0,0,0,0,0,0,0,0,0,0,0,0,1,0,0,0,0,127,251,253,0,0,0,0,2,0,1,0,0,1,0,0,0,1,0,1,0,1,0,2,0,0,1,0,0,0,1,0,1,1,1,1,0,0,0,0,0,0
0,0,0,1,0,0,0,0,0,2,0,0,0,0,1,0,0,0,0,0,0,0,0,0,0,1,1,0,1,0,1,0,0,0,0,1,2,1,0,0,0,1,0,1,0,0,0,0,1,0,3,0,0,0,0,0,0,0,0,0,2,1,1,0,0,0,0,0,1,0,1,0,0,1,1,0,0,0,1,0,0,1,1,0,0,1,0,0,0,0,1,0,0,0,1,0,0,1,0,0,0,0,0,0,1,0,0,0,1,0,0,1,1,0,0,0,2,0,0,0,1,0,0,0,0,0,1,2,0,1,0,0,0,0,0,1,0,0,0,0,1,0,0,1,0,1,0,0,0,0,0,0,24,0,1,50,128,211,254,253,255,254,187,1,0,0,2,2,0,0,0,1,0,0,0,0,0,0,0,106,234,152,179,247,245,209,128,128,130,128,60,0,0,1,1,1,0,0,0,0,2,3,0,0,0,0,0,157,239,254,202,122,46,0,1,0,3,0,0,0,0,0,0,0,0,1,0,0,0,0,0,1,0,2,0,0,211,116,2,0,1,0,0,1,0,1,1,1,1,0,1,0,0,0,0,0,0,0,0,0,1,0,0,54,248,76,1,1,1,0,1,0,0,0,0,0,0,0,0,1,0,0,1,1,1,0,0,0,0,1,0,219,239,23,0,0,1,0,0,1,0,0,0,0,0,1,1,0,0,0,0,0,1,1,0,0,0,0,51,252,85,1,0,0,0,0,0,0,0,0,0,0,0,0,0,3,0,0,0,2,1,0,0,0,0,11,199,255,218,213,121,116,45,1,1,0,0,0,1,0,0,0,2,0,1,2,0,0,0,0,0,0,1,25,253,254,183,171,187,255,232,148,1,0,0,0,1,0,0,0,1,0,0,1,1,0,0,0,0,0,1,12,111,53,3,0,1,57,190,251,104,0,0,0,0,0,0,0,1,1,1,0,0,0,0,0,0,0,0,1,0,0,1,0,0,0,44,241,228,0,0,1,2,0,0,0,0,2,1,0,1,0,0,1,0,0,0,1,0,0,1,1,0,0,0,138,245,1,0,1,2,0,0,2,0,0,0,0,0,0,0,1,0,1,0,0,0,0,0,0,1,0,1,137,246,0,1,0,0,0,0,0,1,0,0,0,3,0,2,0,0,0,1,1,0,0,0,0,0,0,0,217,202,0,1,0,1,1,0,0,0,1,0,0,1,0,0,1,0,63,130,0,2,0,1,0,0,0,53,246,120,0,0,3,0,1,1,0,1,0,0,2,0,1,1,1,0,106,197,0,0,1,0,1,0,2,139,213,5,1,0,1,1,1,1,0,1,0,0,0,2,0,0,0,0,184,220,20,3,0,0,0,0,129,252,169,0,0,0,0,0,1,1,0,0,0,1,1,2,0,0,2,1,67,254,246,71,0,2,0,134,255,206,6,0,0,0,0,0,0,0,0,1,0,1,2,0,1,1,0,0,0,115,255,245,227,145,197,252,184,50,0,1,1,0,1,1,2,1,0,1,0,0,0,0,0,1,0,0,0,13,108,191,254,254,188,105,13,0,2,0,1,2,0,0,1,0,0,0,1,1,1,0,1,0,0,1,0,1,0,1,2,0,0,0,0,0,1,0,1,0,0,1,0,0,3,1,0,0,2,0,0,1,0,0,0,0,0,2,1,0,0,0,0,1,1,0,0,0,1,0,1,0,1,1,1,0,1,1,0,0,0,0,0,2,0,0,0,0,0,0,0,0,0,0,0,1,0,0,1,0,0,0,0
0,2,0,0,0,1,0,0,0,0,0,0,0,0,0,0,0,0,0,0,1,1,0,0,0,0,0,1,0,0,0,0,0,0,0,0,1,0,0,0,0,0,0,1,0,0,0,0,0,0,0,0,0,0,0,0,1,1,0,0,0,1,2,2,1,0,1,1,2,0,1,0,1,1,1,1,0,0,0,0,0,0,0,0,0,1,1,3,0,0,0,1,1,0,0,0,0,0,0,0,1,0,1,0,1,0,1,0,0,0,0,1,0,0,2,1,2,0,1,1,1,2,1,1,0,0,2,1,0,0,2,0,0,1,0,0,3,0,1,0,0,0,1,0,0,0,1,0,0,1,0,0,0,0,0,1,0,0,1,0,1,0,0,0,0,0,0,0,0,0,0,1,0,1,0,0,1,1,1,1,0,0,0,2,0,0,1,0,0,2,0,0,0,1,0,0,1,0,0,2,0,0,0,25,44,50,146,192,167,254,252,183,149,35,1,0,1,1,0,0,0,2,0,0,0,2,0,0,0,56,128,228,251,253,252,251,252,253,251,254,253,242,83,1,1,0,0,0,0,0,1,0,0,0,0,1,119,247,254,251,228,231,161,127,64,21,21,21,163,253,246,19,0,0,0,0,0,1,0,0,0,1,1,0,51,231,182,71,1,1,0,0,0,0,0,0,105,253,252,19,0,0,0,0,3,0,0,0,0,1,0,0,0,29,23,0,1,1,0,1,1,0,2,1,105,252,253,19,0,0,1,0,0,0,1,0,1,0,0,0,0,0,1,1,2,0,0,0,0,0,1,0,107,255,241,16,0,0,0,0,1,1,1,0,0,0,1,0,0,0,0,0,0,0,0,0,0,1,0,0,108,253,168,0,0,0,0,0,0,1,1,0,0,0,0,1,0,0,0,0,1,1,0,0,0,2,0,1,104,254,115,1,1,0,0,0,0,0,0,1,0,0,0,0,0,0,0,0,1,0,1,0,0,0,1,0,175,252,62,0,1,0,0,0,0,1,0,0,1,0,0,0,0,0,0,0,2,0,0,0,0,0,0,53,246,236,37,0,1,0,0,0,2,1,1,1,0,0,1,0,0,0,0,2,2,0,0,0,0,1,0,64,255,210,0,0,1,0,0,0,1,0,1,0,0,0,0,1,0,2,0,0,1,0,0,2,0,0,0,98,250,210,0,0,1,1,0,1,0,0,0,2,0,0,0,0,0,1,0,1,1,0,2,0,0,0,2,169,252,200,0,0,0,0,0,0,0,0,0,0,0,0,0,1,0,0,2,1,0,0,0,0,1,1,6,191,253,80,0,0,0,0,1,1,1,0,0,1,0,0,0,0,0,0,2,0,2,0,0,0,0,2,110,251,207,2,0,0,0,0,0,1,0,0,0,0,0,0,0,0,0,0,0,0,0,0,1,1,0,0,233,253,87,0,2,0,0,1,0,0,1,0,1,0,0,1,0,2,2,0,0,0,0,1,2,0,0,98,248,205,10,0,0,0,0,0,0,0,0,0,0,0,1,0,0,1,0,2,0,1,0,0,2,0,38,247,250,86,0,2,0,0,1,0,1,0,1,2,0,0,0,0,0,0,0,0,0,2,0,0,0,0,41,251,231,0,0,0,0,0,0,0,0,2,1,1,0,0,1,0,1,0,0,0,1,0,0,1,1,0,25,227,143,1,0,0,1,0,0,1,0,0,0,1,2,1,0,0,0,0,0,0,0,0,1,0,0,0,0,2,1,0,0,2,0,0,0,2,0,0,0,0,0,0
1,1,1,0,1,0,0,0,0,0,0,0,0,0,0,0,0,0,0,3,1,0,1,0,0,0,2,2,1,2,1,0,0,0,2,3,1,0,0,0,0,0,0,0,1,1,1,0,0,2,0,0,0,0,0,3,2,0,0,0,0,1,0,0,0,2,1,0,0,0,0,0,0,0,3,1,1,0,0,1,1,0,1,0,0,0,1,1,1,0,1,0,1,1,0,0,0,0,0,0,0,2,0,0,1,1,0,0,2,1,1,0,0,1,2,1,0,2,1,1,0,1,0,0,0,0,0,0,0,0,1,0,0,0,0,0,0,0,0,1,0,0,0,0,0,1,0,0,0,0,0,0,0,0,0,0,0,2,1,1,1,1,2,1,0,1,0,0,0,0,0,1,0,0,1,0,74,104,245,251,252,255,254,157,53,0,0,0,0,0,0,1,1,0,0,0,1,1,1,0,0,1,1,18,196,252,252,252,253,228,205,252,231,25,0,1,0,0,0,0,0,0,0,0,0,0,0,0,0,0,0,71,246,252,238,208,87,53,56,245,252,38,0,1,1,0,0,0,2,0,0,1,0,0,0,0,0,0,0,1,95,131,8,1,0,0,0,165,252,178,1,0,2,1,1,1,0,0,1,0,0,1,0,0,0,0,2,1,0,2,0,3,2,0,0,164,251,242,63,0,0,0,1,0,0,0,0,0,1,2,1,1,0,2,1,0,0,0,0,0,1,0,1,165,252,252,73,0,1,0,1,1,0,1,0,0,0,0,1,3,1,0,0,0,0,0,1,0,0,0,1,164,253,212,35,0,0,0,1,0,0,0,0,1,3,0,0,0,0,0,0,0,0,0,0,0,1,0,0,164,254,177,0,0,0,0,0,0,0,0,1,2,0,0,0,0,0,1,0,0,0,0,0,0,1,0,11,178,251,180,2,0,1,0,1,1,0,0,0,2,1,0,0,0,1,1,0,0,0,1,0,0,0,0,58,252,253,178,0,0,1,1,1,0,1,1,0,0,2,0,1,0,0,1,0,0,1,0,0,2,1,0,60,252,253,177,1,1,0,1,0,0,1,2,0,0,1,0,0,1,2,2,1,1,0,1,0,2,1,0,60,254,252,178,1,0,1,0,0,0,0,0,1,0,0,1,0,1,1,0,0,1,0,0,0,1,2,0,156,252,251,81,0,0,1,2,0,1,0,0,1,0,0,1,0,3,0,0,0,0,0,0,0,0,0,0,209,252,250,29,1,0,0,0,0,0,1,0,0,0,0,0,0,0,1,0,0,2,0,0,1,0,2,32,222,254,252,27,1,1,0,0,0,0,0,0,0,0,0,0,0,0,0,0,1,1,0,0,0,0,1,105,252,252,253,29,1,0,1,0,0,1,1,0,0,0,1,1,2,0,1,0,0,0,0,0,0,1,1,107,251,253,252,30,0,1,0,0,0,0,1,0,0,1,0,0,1,1,0,0,0,0,0,0,0,0,1,105,251,251,208,17,1,0,0,1,0,0,0,1,0,0,0,1,1,0,0,0,1,0,2,1,0,0,1,105,254,249,111,1,0,0,2,0,0,3,0,1,1,0,0,1,0,0,1,0,1,0,1,0,0,1,3,104,127,99,0,0,0,0,0,0,0,0,0,0,0,1,0,0,0,0,0,2,0,0,0,0,0,1,1,0,0,0,0,0,0,0,0,1,1,2,0,0,1,1,1,2,0,2,0,1,3,2,1,2,1,1,0,0,1,0,0,0,0,0,0,0,2,0,0,0,0,1
1,3,1,0,0,1,0,1,0,0,1,2,1,0,0,1,0,1,1,1,2,0,0,0,0,0,0,1,0,0,1,0,1,0,0,1,2,0,0,0,1,0,0,0,3,0,1,0,0,0,1,1,1,0,0,0,1,1,2,0,0,1,0,0,0,0,0,0,1,0,0,0,0,1,1,0,0,0,0,1,0,0,0,0,0,0,0,1,1,1,0,0,0,1,1,0,0,1,0,1,2,1,1,0,1,0,0,0,1,0,2,0,0,0,1,0,2,1,0,1,0,0,1,0,0,21,56,137,155,196,51,0,0,0,1,0,1,2,1,0,0,0,0,1,0,1,0,1,0,0,6,42,112,204,254,254,252,252,199,22,0,0,0,1,1,0,0,0,1,0,0,0,0,0,1,0,0,75,210,254,255,228,228,200,169,253,253,229,0,2,0,1,0,0,0,0,1,0,0,0,0,0,0,0,6,205,251,240,223,46,21,7,60,253,254,228,0,1,2,0,2,1,0,1,0,0,1,0,1,0,0,2,0,55,111,25,6,0,0,1,130,255,254,230,0,1,0,0,0,0,2,0,2,0,0,0,0,0,0,2,1,0,0,0,2,0,0,3,209,255,245,84,3,0,1,1,0,2,0,0,0,0,1,0,0,1,2,0,0,0,0,0,1,0,1,114,255,250,123,0,0,1,0,1,1,0,0,1,0,3,0,0,0,2,1,0,1,2,0,0,0,0,65,252,252,145,0,0,1,0,0,0,1,1,0,0,0,2,0,0,1,1,1,0,1,0,0,1,0,0,227,254,255,139,0,1,0,1,0,0,0,0,0,0,0,0,0,0,2,0,1,1,1,0,0,0,8,163,254,254,219,18,1,0,1,0,1,1,0,1,1,1,2,1,0,1,0,0,0,0,0,0,1,0,40,255,252,253,112,0,1,1,0,0,0,0,0,0,0,0,0,0,0,0,1,0,1,0,0,0,1,1,128,253,255,127,1,0,0,1,0,0,0,1,0,1,0,2,1,1,0,0,0,0,0,0,0,0,0,78,253,255,232,28,0,0,0,1,0,0,0,2,0,1,0,0,0,0,0,0,0,0,0,0,0,1,9,202,255,254,148,0,2,2,0,1,0,0,0,1,0,2,0,0,0,2,0,0,0,0,0,0,1,1,129,255,255,253,6,13,25,26,53,115,25,1,2,2,1,0,0,0,0,0,0,0,0,0,1,0,0,87,246,255,254,255,182,212,255,255,255,254,254,92,1,1,1,0,1,0,1,0,0,1,1,0,1,1,26,219,253,255,255,255,254,252,253,240,219,209,121,96,0,0,2,0,0,0,1,1,1,1,1,0,1,1,196,253,254,253,252,252,184,180,100,37,0,0,0,1,0,0,0,2,1,1,1,0,0,2,1,0,0,0,221,254,253,237,156,33,2,1,0,1,1,0,0,0,0,0,0,1,1,0,2,0,0,0,0,0,1,0,132,223,243,102,1,0,0,0,0,0,0,0,0,0,0,2,3,1,0,1,0,0,0,0,0,0,0,1,0,0,1,0,0,0,0,0,0,0,1,2,0,2,0,0,0,0,1,1,1,0,1,1,0,0,2,2,0,0,0,0,0,0,1,0,0,0,1,0,0,0,0,0,0,1,0,1,0,0,1,0,0,0,0,1,0,0,1,0,0,1,0,0,1,0,0,1,0,1,1,0,0,0,0,0,0,0,0,0,1,0,1,1,0,0,0,1,0,0,0,0,0,0,0,0,0,0,0,0,0,2,0,0
0,0,0,0,0,0,0,0,0,2,1,0,0,0,0,0,0,0,0,0,0,0,0,0,1,0,1,0,1,1,0,0,0,1,0,0,1,0,0,0,0,1,1,0,0,1,0,0,0,0,0,1,0,0,0,2,0,1,0,0,1,2,0,0,0,0,1,0,2,0,0,0,2,1,0,0,0,0,0,1,0,0,0,1,1,0,0,0,0,2,1,1,2,0,0,0,0,1,0,0,0,0,1,1,0,1,0,0,0,1,0,1,2,0,0,0,1,0,1,0,0,0,1,142,255,254,254,136,58,0,0,0,0,0,0,0,0,1,1,0,2,0,0,2,2,0,0,0,1,0,0,85,86,132,214,255,248,147,13,1,0,1,0,0,0,1,1,1,1,1,0,0,0,0,0,0,1,1,1,73,119,5,0,145,252,254,84,0,1,0,2,1,0,0,0,1,0,1,1,0,0,0,0,0,0,1,8,206,252,103,1,222,253,246,27,0,0,0,0,0,1,0,0,0,0,0,2,0,1,1,0,0,0,0,0,178,253,91,72,254,252,175,0,1,0,0,2,0,0,2,0,0,0,0,0,0,0,1,0,1,0,1,0,137,254,195,242,254,254,56,1,1,0,0,0,1,2,0,1,0,0,0,0,0,0,1,0,0,0,0,1,85,253,254,254,254,224,17,0,0,0,0,0,0,0,0,0,1,0,0,0,0,0,0,1,0,0,2,0,35,249,252,252,254,34,0,1,2,0,2,0,0,0,0,0,0,0,0,0,1,0,2,0,0,0,1,0,0,173,253,253,195,4,2,0,1,2,0,0,1,0,0,1,0,0,1,1,0,2,0,2,0,0,1,0,65,249,253,253,189,0,0,0,0,1,0,0,0,1,0,0,0,0,0,0,0,1,0,0,0,0,0,1,146,254,253,255,255,53,1,4,0,0,0,0,1,0,0,0,3,1,0,0,0,1,0,1,1,1,0,17,244,252,253,225,254,222,44,1,0,2,2,1,0,0,0,0,0,0,0,1,0,0,2,0,0,0,0,91,253,253,240,38,178,254,225,35,0,1,0,1,1,2,0,1,0,0,0,0,0,0,1,0,2,0,0,114,253,253,222,1,23,202,255,146,1,1,0,0,2,0,2,0,0,0,1,1,0,2,1,1,0,0,0,112,253,253,205,0,0,131,252,245,16,0,1,1,0,0,0,1,0,0,0,0,0,3,1,0,1,0,0,112,254,253,130,1,0,173,254,191,3,1,0,1,0,0,0,1,0,0,1,1,2,0,2,1,0,0,0,113,254,253,132,0,114,244,249,84,0,2,0,0,0,0,0,1,0,0,0,0,0,0,0,0,0,1,0,110,254,252,157,160,250,253,151,0,0,0,0,1,0,1,0,0,0,2,0,0,0,0,0,0,0,1,1,64,234,253,253,254,252,145,42,0,0,0,0,1,2,1,2,1,0,0,1,1,1,0,0,0,0,1,0,1,23,178,255,218,66,8,1,2,0,0,1,0,2,0,0,0,0,0,0,0,0,0,0,0,1,0,0,1,1,0,0,0,3,0,0,0,0,0,0,0,0,0,0,1,0,0,1,0,0,0,2,0,0,1,1,0,1,0,0,2,0,0,0,0,1,2,1,0,1,0,0,0,1,0,1,0,0,0,0,0,0,1,0,0,2,2,1,0,1,0,0,1,0,0,1,1,0,0,0,0,1,0,0,0,0,0,1,0,0,1,1,0,1,0,0,1,0,0,0,0,0,0,0,0,0,0,0,0,0
0,0,0,0,0,0,0,1,1,0,0,0,0,0,2,0,1,1,0,2,1,0,0,1,1,2,0,1,2,1,1,1,0,0,1,0,0,0,0,1,0,0,0,0,0,0,0,0,0,2,2,1,0,0,0,0,1,1,1,0,1,0,1,0,0,0,0,0,0,1,1,1,0,0,1,2,1,0,0,0,1,0,0,0,2,0,0,0,0,0,0,0,0,1,98,144,253,252,255,129,87,0,0,0,1,0,0,2,1,0,0,0,0,0,0,1,0,1,0,0,49,225,249,253,252,253,253,251,245,122,0,0,0,0,0,0,1,0,0,0,0,0,0,0,0,1,0,1,140,254,252,251,252,252,252,251,252,246,118,0,0,0,0,0,3,0,0,0,1,0,0,0,0,1,1,1,48,252,251,245,224,224,163,85,215,252,252,95,0,0,0,0,0,2,0,1,0,0,0,0,0,0,0,0,0,112,112,88,0,0,0,0,120,253,253,203,16,1,1,0,1,1,0,2,0,0,1,2,0,1,0,2,1,2,1,0,0,0,0,1,1,107,252,255,26,0,0,1,0,0,0,1,2,0,0,0,0,0,0,0,0,0,2,0,0,0,0,0,1,3,153,253,152,0,0,0,1,3,0,2,0,0,0,1,0,0,1,1,1,1,0,1,0,0,0,0,1,1,140,253,186,13,0,1,0,0,0,0,0,1,0,0,0,0,0,1,0,0,1,1,0,1,0,0,0,0,140,252,251,55,0,0,0,1,2,0,0,0,0,1,1,0,0,0,0,0,1,0,0,0,0,1,0,3,140,251,252,56,0,0,0,0,1,0,0,0,0,0,0,0,1,0,0,0,0,0,1,2,0,0,0,92,253,254,254,55,1,0,0,0,0,1,0,0,0,0,2,0,0,0,2,1,0,1,1,0,0,2,50,244,253,251,223,37,1,1,0,0,0,0,0,0,1,1,0,0,12,74,195,197,150,57,56,57,0,19,179,253,251,253,168,1,0,0,0,0,1,1,0,1,1,1,0,0,52,244,252,254,249,253,252,253,169,197,253,250,252,252,74,0,1,1,1,0,0,0,0,2,0,2,2,0,1,170,251,254,252,251,252,253,254,252,253,252,252,112,11,0,2,0,0,0,0,2,0,0,0,0,1,0,1,107,253,255,253,253,254,254,254,254,252,253,252,114,12,3,0,0,1,0,0,0,0,1,0,0,1,1,0,18,213,252,251,251,252,253,252,251,249,254,251,252,228,51,1,0,0,0,0,0,0,0,0,0,0,1,1,0,111,252,251,252,255,254,254,251,253,251,252,251,252,54,1,0,0,0,0,0,0,0,0,1,0,1,0,0,0,83,210,229,250,224,84,84,115,244,250,254,101,21,0,0,1,0,0,0,0,0,2,0,0,0,0,2,0,1,0,23,99,0,1,1,0,75,113,175,26,2,0,0,1,2,0,0,0,0,0,0,0,0,0,0,0,0,0,0,0,0,0,0,0,0,0,1,0,0,0,0,1,0,0,1,0,1,0,0,1,1,0,1,1,0,0,0,0,0,0,1,0,0,1,1,0,0,0,0,0,0,0,0,1,0,1,0,0,0,0,0,1,0,1,0,1,1,1,0,0,0,1,0,0,1,0,1,0,1,0,0,0,0,0,1,1,0,0,0,1,0,1,0,0,0,2,1,1,1,1,0,3,0,0,0,0,0,1,0,2,0,0,0,0,0,1,0,0,0,0,0,0,0,0,1,1,0,0,0,0,1,3,0,0,2,0,1
0,0,2,1,1,0,2,0,0,1,1,0,0,0,0,1,0,0,0,2,1,0,0,0,0,0,0,0,0,0,0,0,0,1,0,0,2,1,1,2,0,2,1,0,0,0,0,1,1,0,0,0,1,0,1,0,0,0,0,0,0,2,0,0,0,0,1,0,1,0,0,1,0,0,1,0,0,1,0,1,0,0,0,0,1,0,0,0,0,0,0,0,0,0,0,45,235,255,51,0,0,0,0,2,1,1,0,1,0,0,1,1,0,0,1,1,1,1,0,1,0,0,156,251,255,217,29,0,0,0,0,0,0,0,0,0,1,0,1,0,0,0,0,1,1,0,0,1,0,1,228,253,215,31,0,1,0,2,1,1,0,0,1,1,1,2,1,0,0,1,1,1,0,1,0,1,1,149,251,216,31,0,0,1,0,0,1,0,0,0,0,2,2,1,0,2,1,0,0,0,0,0,1,1,1,235,254,46,0,0,0,2,1,0,0,1,0,0,0,0,1,1,0,2,1,2,0,0,1,1,0,2,99,253,167,3,0,0,25,92,91,26,0,2,1,0,0,0,0,2,0,1,0,1,1,0,0,1,1,0,112,252,111,0,72,194,228,252,253,224,214,196,85,34,1,1,0,2,0,0,0,2,0,0,1,2,0,0,220,252,24,77,247,254,253,252,253,254,252,254,253,213,31,0,1,0,0,0,1,0,0,0,0,0,0,95,249,254,140,219,252,193,79,52,51,51,52,138,226,252,140,0,0,0,1,0,0,2,0,1,0,0,1,117,253,253,252,252,231,35,0,2,0,0,0,0,63,253,248,86,0,1,0,0,0,0,0,0,0,0,0,117,253,252,253,233,65,0,1,0,1,0,0,0,25,231,255,141,0,0,0,0,1,0,0,0,0,2,1,118,254,254,232,129,0,0,0,0,0,0,0,1,0,61,253,241,1,0,0,0,0,1,0,0,1,1,1,118,253,252,65,0,0,0,0,0,0,0,0,0,0,28,254,241,1,1,1,1,0,1,0,1,0,2,0,116,254,251,25,0,2,1,1,2,1,0,0,0,0,47,254,238,1,0,0,0,0,0,0,1,0,2,0,118,253,253,24,0,0,0,2,0,0,2,0,0,5,168,252,156,0,2,0,1,0,1,0,2,2,1,1,45,244,253,117,19,1,0,1,0,2,2,0,0,48,252,239,42,0,0,0,0,0,1,0,0,0,0,0,0,166,252,254,217,108,4,0,1,1,2,5,40,216,254,156,0,1,0,0,1,0,0,0,0,0,0,0,0,50,165,244,252,254,164,144,143,143,76,162,254,235,110,44,1,0,0,0,0,0,0,0,1,1,0,0,0,0,0,45,162,249,253,254,254,253,251,255,229,103,0,0,1,2,0,0,0,0,0,2,0,0,2,0,0,2,0,1,1,43,165,253,252,255,226,122,41,0,0,0,0,0,0,0,0,0,1,1,0,0,2,0,0,0,0,1,0,0,1,0,0,1,0,0,0,1,0,1,2,0,0,0,0,1,0,0,1,0,0,0,0,0,0,1,0,2,1,1,0,2,1,0,1,0,2,1,1,2,0,0,0,0,0,0,0,1,0,0,0,0,1,0,0,0,0,0,1,0,0,1,0,0,1,1,0,2,1,0,0,0,0,1,0,0,0,0,1,0,0,1,0,1,1,0,0,1,0,1,0,0,0,0,0,0,2,0,1,2,0,0,1,0,0,0,1,1,1,0,0,0,0,0,0,2,0,0,1,0,0,0,1,0,0,0,0
0,1,0,1,0,1,1,0,0,1,0,0,1,0,1,0,1,0,1,0,1,0,1,0,0,1,0,0,0,0,1,2,1,1,0,2,0,0,1,1,0,0,2,0,0,0,0,0,1,1,0,0,1,0,0,0,1,0,0,0,1,0,0,1,0,0,0,0,2,0,1,2,1,0,0,1,0,0,0,1,1,0,0,0,1,0,0,1,2,1,0,0,0,0,0,0,1,0,1,0,0,1,0,0,1,1,0,1,0,0,0,0,0,0,0,0,0,0,0,0,0,0,1,0,0,0,0,0,1,0,0,0,0,0,0,0,0,0,0,1,0,0,2,0,0,0,1,2,0,0,0,0,0,0,0,0,2,0,0,86,208,173,50,1,0,0,0,0,0,0,0,0,0,0,0,2,0,0,0,1,0,1,35,151,247,248,248,254,254,254,241,54,0,0,1,0,0,0,0,0,0,0,2,1,0,0,0,0,96,220,247,254,253,232,51,34,59,104,253,235,0,0,0,1,0,1,0,0,1,1,0,1,0,0,145,235,251,254,254,173,120,14,0,2,0,3,156,253,110,0,0,1,0,0,0,0,0,0,1,0,1,212,251,254,222,115,25,5,1,1,0,1,1,61,190,255,117,0,0,1,0,0,0,0,0,0,0,0,2,235,220,115,22,0,0,0,0,0,1,0,76,240,254,250,75,0,0,1,0,2,1,0,0,1,0,1,0,235,156,1,2,0,2,0,0,1,60,107,242,246,160,38,0,2,1,0,0,1,0,0,1,0,0,0,0,196,238,27,2,0,0,0,22,107,240,255,120,40,0,0,0,0,0,0,1,0,0,0,0,1,2,0,0,77,250,162,10,2,0,58,183,255,203,95,20,2,1,0,1,1,0,0,0,0,0,0,1,0,1,0,0,2,128,254,71,95,198,242,240,164,18,1,1,0,0,0,0,1,0,0,0,1,0,0,2,0,0,1,1,0,99,252,233,244,254,210,82,0,0,0,0,1,0,0,0,0,2,0,0,1,0,2,0,0,1,0,0,0,99,253,255,237,97,14,0,0,0,1,1,0,0,2,1,2,0,1,0,0,0,0,0,0,0,0,22,168,209,214,158,232,37,0,0,0,0,2,1,1,0,0,0,0,0,3,0,1,0,0,0,0,0,18,200,255,168,12,27,205,186,39,0,0,1,0,1,0,0,0,0,1,1,0,0,0,0,0,0,1,0,119,254,102,9,0,1,68,249,75,0,1,1,1,0,0,0,0,1,0,0,0,0,2,0,0,0,2,0,117,253,19,0,2,0,1,115,221,54,0,0,0,1,0,1,0,3,0,2,1,0,0,0,1,0,0,0,117,254,105,14,1,2,2,1,189,199,7,0,0,0,0,1,0,1,0,0,0,2,0,0,0,0,0,0,114,255,253,213,31,1,1,3,75,255,145,0,0,0,0,0,1,0,3,0,0,1,1,0,0,0,0,1,0,114,239,247,251,153,137,172,255,253,130,0,0,0,0,0,0,1,0,1,0,0,2,1,1,0,2,0,2,1,0,0,45,190,123,227,187,225,33,0,1,0,0,0,0,0,0,0,0,1,0,0,0,1,1,0,2,0,0,2,0,0,0,0,1,0,0,0,1,0,1,0,0,1,0,1,1,1,0,0,0,0,1,0,0,1,0,0,0,0,0,0,0,1,0,2,0,0,0,0,0,2,0,2,0,0,0,1,0,0,0,0,0,1,1,1,1,0,1,0,0,2,0,1,0,0,0,0,0,0,0,1,0
0,0,0,0,0,1,4,1,1,1,0,2,0,0,0,0,0,0,0,1,1,0,3,0,0,0,0,0,0,1,1,0,0,0,0,0,1,1,1,0,0,0,1,0,0,0,1,1,0,2,0,1,1,1,2,0,1,0,0,0,0,0,0,2,1,1,0,0,1,0,2,1,1,0,3,0,0,0,1,0,0,0,0,0,0,0,1,0,0,2,1,1,0,2,0,0,0,0,0,2,0,0,2,0,0,1,0,0,0,0,1,0,1,1,0,1,1,0,0,0,0,0,0,1,0,0,0,0,0,2,0,0,0,1,0,0,2,0,2,1,0,0,0,0,0,0,0,0,0,0,0,0,0,0,0,84,133,34,0,0,0,0,0,0,1,1,1,1,0,0,0,0,1,0,0,0,0,0,2,0,1,1,79,245,253,127,0,0,0,0,0,0,0,1,1,0,1,0,0,1,0,0,0,1,0,1,0,1,37,79,172,253,253,188,176,175,177,118,80,23,0,1,0,0,0,0,0,0,1,0,0,0,0,1,1,10,214,253,254,252,254,254,254,255,255,255,253,242,218,100,0,1,1,2,1,0,0,0,1,1,0,0,0,59,254,253,254,178,60,60,58,56,60,59,59,91,156,119,0,0,1,1,2,0,0,0,0,0,0,0,0,0,1,177,254,134,0,1,0,0,1,2,1,0,1,2,0,0,0,0,0,1,0,0,0,0,0,1,0,0,10,212,219,8,1,1,0,0,0,0,0,0,2,0,0,0,0,1,1,0,0,0,0,0,1,1,1,0,88,255,183,0,0,0,0,0,1,0,0,1,1,0,1,0,0,0,0,0,0,0,1,0,0,0,3,0,27,254,115,0,0,0,0,0,0,0,1,0,0,0,0,1,0,0,0,0,2,0,0,1,0,0,0,1,19,255,190,0,3,1,0,0,0,0,0,1,0,0,0,0,0,0,0,0,1,0,3,0,0,0,0,0,16,237,239,60,0,0,0,0,0,1,0,0,2,1,0,1,0,0,0,1,0,0,0,0,0,1,0,0,0,170,253,201,7,0,0,0,1,0,0,0,0,0,2,1,0,1,1,0,0,1,0,0,0,1,1,0,0,23,209,253,166,2,0,0,1,0,0,1,0,0,0,0,1,0,0,1,0,0,0,2,1,0,0,0,0,13,193,254,142,0,1,0,0,0,0,1,0,0,0,0,0,0,0,1,1,0,2,0,0,0,0,0,0,155,255,218,24,1,0,0,0,0,0,0,0,0,1,1,0,0,0,0,0,0,96,47,1,0,0,14,188,254,245,82,0,0,0,0,0,1,0,1,0,0,2,0,0,2,1,0,0,0,201,144,8,24,118,224,254,247,121,0,0,0,0,1,1,0,1,0,0,1,1,0,1,0,0,0,0,0,185,248,205,217,255,251,218,83,0,1,1,0,0,0,1,0,1,1,0,1,0,0,0,0,0,0,0,0,96,231,255,245,214,56,11,0,0,0,0,1,1,0,1,0,0,0,0,1,0,0,0,0,0,0,0,1,0,26,58,50,0,0,0,0,0,0,1,0,1,2,0,0,0,0,0,2,1,0,0,0,1,0,0,0,1,1,1,0,0,1,0,0,0,1,0,1,0,1,1,0,0,1,2,0,0,0,0,0,0,0,1,0,0,0,1,0,0,0,2,1,0,2,0,0,0,0,1,0,0,2,1,2,0,0,0,0,0,0,2,0,1,2,0,0,0,0,0,0,0,0,0,1,0,1,0,1,0,1,1,0,0,0
0,1,1,2,0,1,0,0,0,0,1,0,1,0,0,0,0,0,0,0,1,0,0,1,0,0,0,2,0,0,0,0,0,0,0,1,2,0,1,0,0,0,1,0,1,0,0,0,0,0,0,0,0,0,0,0,0,1,0,0,1,0,0,0,0,0,0,0,0,0,0,0,0,0,0,0,0,1,1,2,1,1,0,0,1,0,1,0,0,0,0,0,0,0,0,0,0,0,0,0,1,0,1,0,0,1,1,0,0,0,1,0,0,0,0,2,1,0,0,1,3,0,0,1,0,0,0,2,0,1,1,0,0,1,0,0,0,0,0,0,0,0,0,0,1,0,0,0,0,0,0,0,1,0,0,2,0,0,0,1,1,0,1,2,0,0,0,0,0,1,0,0,1,0,1,1,0,1,0,0,1,0,0,0,1,0,0,0,1,0,0,0,0,0,0,0,0,0,1,1,1,0,1,0,0,1,1,0,1,1,0,0,1,0,0,1,1,0,0,0,0,1,1,1,2,0,10,12,101,134,133,132,134,133,133,123,13,13,100,134,133,237,254,132,0,0,1,0,0,0,1,1,19,143,213,253,252,253,253,253,252,252,254,254,253,252,253,251,252,252,252,132,0,0,1,0,1,0,1,1,56,218,198,96,95,96,96,141,106,95,97,108,218,218,217,217,227,254,255,134,0,2,0,0,1,0,0,1,0,0,0,0,1,0,0,1,0,2,0,1,1,2,1,1,85,253,253,51,0,1,1,0,0,0,0,1,0,0,0,0,1,0,0,0,0,0,1,0,1,0,1,0,87,253,252,12,0,0,1,0,0,0,0,0,0,1,2,0,1,0,0,0,0,0,0,0,0,1,0,0,178,251,252,11,1,1,1,0,0,0,1,0,0,0,0,1,2,0,0,1,1,0,2,0,1,1,1,1,205,253,165,3,1,0,0,0,1,0,1,0,1,0,0,1,0,0,1,0,0,1,3,0,0,1,0,29,225,251,100,1,0,1,0,0,1,1,0,0,2,0,0,0,0,0,0,0,0,0,0,1,0,0,1,73,253,253,23,0,0,0,1,0,1,0,0,0,0,1,1,0,1,0,0,1,0,0,0,0,0,1,1,72,254,253,25,0,2,1,1,0,0,1,0,1,3,2,0,0,0,1,0,0,1,0,1,0,1,1,1,137,253,253,23,2,1,3,0,0,0,1,0,0,0,0,0,1,0,0,0,0,0,1,1,1,0,2,0,194,253,252,25,1,0,0,1,1,3,0,0,2,0,0,0,0,1,1,0,0,0,0,2,1,3,0,1,194,254,253,25,0,0,1,0,0,0,0,1,2,0,0,0,1,0,1,0,0,0,1,1,0,2,2,0,194,253,235,20,1,0,0,0,1,0,0,1,0,1,0,0,0,0,1,0,1,0,0,1,0,0,2,1,193,253,157,0,1,1,0,0,0,0,1,1,1,0,1,0,0,0,1,0,0,0,1,1,0,0,0,0,193,251,155,0,0,0,1,0,0,0,0,1,1,0,1,0,0,0,3,0,1,0,0,0,1,1,0,20,215,254,156,0,1,0,0,1,1,0,0,0,0,0,0,0,0,1,1,1,0,1,0,0,1,0,1,62,253,253,53,0,0,0,0,1,0,0,1,0,1,1,0,0,0,0,0,0,1,0,0,0,1,0,0,113,253,254,34,0,0,0,0,1,2,0,0,0,0,0,0,0,0,1,0,0,0,0,0,1,1,0,1,182,254,173,4,0,0,0,0,0,2,2,0,0,0
1,0,0,0,1,0,0,0,0,0,0,0,0,2,0,0,2,0,0,0,0,0,0,2,0,0,0,2,1,0,0,0,1,1,1,0,0,0,0,0,0,0,0,0,0,0,1,0,0,0,0,1,0,0,0,0,1,0,0,0,0,1,0,1,0,0,1,0,0,0,0,0,0,0,0,1,0,1,1,0,1,0,0,1,0,0,0,0,0,0,0,1,1,0,1,0,0,0,0,0,0,0,1,0,0,3,0,1,1,0,0,0,1,0,1,0,0,0,0,0,1,0,1,1,2,1,0,0,1,1,0,0,1,0,0,1,2,0,0,1,2,1,0,0,0,0,1,0,1,0,0,0,0,0,0,0,1,0,0,0,0,0,0,0,0,0,2,0,2,0,0,1,1,0,0,1,2,0,0,0,0,0,2,0,0,0,2,0,2,0,0,0,0,1,1,1,0,2,0,0,0,0,1,0,0,0,41,48,128,150,151,152,150,239,49,0,1,0,0,1,1,0,0,0,0,0,1,1,0,0,0,68,101,197,244,253,254,254,255,253,255,254,85,1,0,0,0,0,0,0,0,0,1,0,0,0,0,64,237,252,253,254,255,234,218,116,115,190,254,255,83,0,0,1,0,0,1,1,0,0,1,1,0,1,0,83,214,231,172,145,67,26,1,1,1,134,255,254,84,0,1,0,1,1,0,0,1,0,0,1,0,1,1,1,11,13,0,2,0,1,0,0,1,233,252,253,75,0,1,0,0,0,0,0,0,0,0,1,0,0,0,1,0,0,2,0,1,0,0,0,0,241,252,234,0,1,0,1,1,0,2,1,3,1,0,1,0,0,1,1,0,0,0,0,0,0,1,0,0,239,254,235,0,0,0,0,0,1,0,0,0,1,0,0,0,0,0,0,0,1,0,0,0,2,0,0,0,240,255,165,1,0,0,0,0,0,0,0,0,0,0,0,0,0,0,0,0,0,0,0,0,0,0,1,2,239,253,127,1,1,1,0,0,0,0,2,0,0,1,0,2,0,2,0,0,2,0,1,1,0,0,2,111,254,254,66,0,1,0,0,2,0,0,1,0,1,0,0,0,0,0,1,2,0,1,0,0,0,1,17,218,255,223,17,2,0,1,1,0,1,1,0,0,0,1,0,0,0,0,0,0,0,0,0,0,0,1,41,253,254,119,0,0,2,0,0,0,0,0,0,0,0,0,0,0,1,0,1,1,0,0,1,0,2,0,121,252,254,73,0,0,1,2,1,2,0,1,0,1,0,0,0,0,1,0,0,1,1,0,0,0,1,1,159,253,237,34,0,0,0,0,0,0,0,0,0,1,0,0,0,0,1,1,0,0,0,1,0,0,0,33,253,255,192,0,0,0,0,0,0,0,0,0,0,0,0,0,1,0,1,0,2,0,0,0,0,0,1,101,254,253,67,0,0,0,0,0,0,1,0,1,1,0,0,0,0,0,0,0,0,0,0,0,0,1,0,128,255,253,19,1,0,0,0,0,0,0,0,0,0,0,0,1,0,0,1,0,0,0,0,0,0,1,2,204,254,213,9,1,0,2,1,0,2,0,0,0,0,1,0,1,0,0,0,0,0,0,0,0,0,0,53,254,253,165,0,0,1,1,1,0,0,0,0,2,0,0,0,1,0,0,0,0,1,0,0,1,0,0,55,253,236,56,0,1,1,0,0,0,0,0,0,0,0,0,0,0,0,1,1,0,2,0,0,0,0,0,0,0,0,0,0,2,0,0,0,1,0,0,1,0,1,0,1
2,1,1,1,0,0,2,0,0,0,0,0,0,0,0,0,0,0,1,1,0,0,1,0,0,1,0,0,0,0,1,0,0,0,0,1,1,1,1,0,2,1,0,1,0,2,0,0,0,2,0,0,0,1,1,0,0,0,1,0,1,1,0,0,1,0,1,0,2,0,0,0,1,0,0,0,0,1,0,0,0,1,0,1,1,0,0,0,0,1,0,1,0,0,0,0,0,1,0,1,1,0,1,1,1,2,0,0,0,0,1,0,2,1,0,0,0,0,0,2,1,0,0,0,2,0,0,0,1,1,1,0,1,0,0,0,0,0,0,0,1,0,0,0,0,0,0,0,0,2,0,130,232,220,50,1,0,1,0,0,0,1,0,0,0,0,1,0,0,0,0,1,0,0,1,0,0,0,60,250,254,254,187,0,0,1,0,1,2,1,2,2,0,1,1,0,2,0,0,0,0,1,0,0,0,12,214,246,127,214,251,50,0,0,0,0,2,0,0,0,1,1,1,0,0,0,0,3,0,0,0,0,1,170,251,161,1,118,253,178,71,1,0,0,0,0,1,0,0,0,0,0,0,0,1,0,0,0,2,0,0,221,254,52,2,10,253,253,243,14,0,0,0,1,0,0,1,0,0,0,0,0,1,0,1,0,0,1,0,218,253,53,2,9,254,254,252,48,0,0,0,0,0,1,1,0,0,0,0,0,1,1,1,0,0,0,1,219,253,52,2,6,218,252,253,15,0,1,0,0,0,2,0,0,2,0,0,0,0,0,0,0,0,1,0,117,251,94,0,0,176,255,200,5,0,0,0,0,0,1,0,0,0,1,0,0,0,1,0,0,1,1,1,45,253,245,178,130,232,255,181,0,0,0,0,0,0,0,0,0,0,1,0,0,0,2,0,0,0,0,0,0,147,253,252,254,252,254,155,1,3,0,1,0,0,1,0,0,0,0,1,2,0,1,1,0,2,1,0,0,0,72,126,141,87,255,206,6,0,0,2,0,0,0,2,0,0,1,0,0,0,0,0,1,0,1,1,0,1,2,0,2,0,253,253,17,0,1,0,0,0,0,2,1,0,0,1,0,0,0,1,0,0,0,0,0,0,1,1,0,0,253,252,99,1,0,0,0,0,0,1,0,1,2,0,1,1,0,0,0,1,0,0,0,2,0,0,1,0,205,254,153,1,0,0,0,0,0,0,0,0,0,0,1,3,1,1,0,0,0,1,0,1,3,0,0,1,165,253,192,0,0,0,0,1,1,0,0,0,0,1,0,0,1,2,1,0,0,0,1,0,0,0,0,1,95,253,200,5,1,0,0,0,1,0,0,0,2,0,0,1,0,2,0,0,0,0,0,0,1,0,2,0,16,246,252,96,1,0,1,0,2,0,1,0,0,0,0,0,0,1,1,2,0,2,0,0,1,0,1,0,0,208,253,153,4,7,0,1,1,0,0,0,0,0,0,0,0,2,1,0,1,0,0,0,0,0,1,1,0,125,252,253,147,167,0,1,0,2,1,0,0,2,0,1,1,0,2,1,0,0,0,0,0,0,0,0,0,22,212,254,252,189,0,0,0,1,0,0,0,1,0,1,0,0,0,0,0,0,1,0,1,0,0,1,1,0,2,0,0,1,0,0,0,0,1,0,0,0,0,0,0,0,0,0,0,0,0,0,2,0,0,0,0,0,0,0,2,0,1,1,1,0,0,1,0,0,0,0,0,0,0,0,2,0,1,0,0,0,0,0,1,0,1,1,1,0,0,0,1,1,1,0,0
0,0,0,0,0,0,0,0,0,0,1,0,0,0,0,0,0,0,0,0,0,2,0,0,1,0,0,1,0,0,0,0,0,0,1,0,0,0,0,1,2,1,1,1,0,0,1,1,0,0,1,0,1,0,1,0,0,0,0,1,1,2,0,1,0,0,0,0,1,0,1,2,1,1,0,1,1,0,1,0,1,0,0,1,0,1,1,0,0,0,0,0,0,0,0,0,1,2,0,2,0,0,0,1,1,0,0,1,0,0,0,0,0,0,1,0,1,0,0,0,0,1,0,1,14,218,253,236,56,0,0,0,0,0,1,0,0,0,0,0,1,1,0,0,1,0,0,0,0,0,1,0,103,253,251,252,167,0,1,0,0,2,0,0,2,0,0,1,0,0,0,0,2,0,0,0,0,1,1,1,118,250,252,253,169,0,0,1,0,0,0,0,0,2,0,0,0,0,0,1,0,0,0,1,1,0,0,0,15,229,252,251,168,0,0,0,0,0,0,0,0,1,0,0,1,1,0,0,0,1,1,1,0,1,0,0,0,168,251,253,79,2,2,0,1,0,1,1,0,0,0,0,1,0,0,0,1,0,2,2,0,1,0,0,0,168,254,252,62,0,0,0,0,2,0,0,0,0,2,1,0,0,0,2,2,0,0,1,1,0,1,0,6,196,251,252,61,0,0,0,1,1,0,0,1,2,0,1,1,0,0,1,0,0,1,0,0,0,0,2,22,253,253,252,62,1,0,0,0,0,1,1,0,2,0,1,0,1,0,0,1,2,0,0,0,1,1,0,21,252,251,254,63,1,0,3,0,1,0,1,0,0,1,0,0,2,0,3,1,0,0,0,2,0,0,0,23,253,252,253,63,0,0,0,0,0,0,2,0,1,0,0,0,0,0,0,0,0,0,0,0,0,0,0,22,254,254,255,63,0,0,2,1,0,1,0,0,1,0,0,1,0,0,0,0,0,0,1,1,0,0,0,56,252,251,253,64,1,0,0,0,0,0,0,1,1,1,0,0,2,0,0,1,2,0,1,0,2,1,0,128,252,252,253,62,0,0,1,0,0,1,1,0,1,1,0,0,0,0,0,0,0,0,0,0,1,1,0,128,252,252,254,64,0,0,0,1,1,0,0,0,0,0,0,0,0,0,0,0,0,0,1,0,0,0,0,128,251,253,252,63,1,0,0,0,0,0,0,0,1,0,1,1,1,0,1,0,0,0,2,0,0,0,0,110,252,254,255,80,0,2,0,0,0,0,0,1,0,0,0,0,0,0,0,0,0,0,0,0,1,1,1,23,253,252,252,232,17,0,1,0,0,0,0,0,0,0,0,1,2,0,1,1,0,0,0,1,1,1,0,23,252,252,252,253,21,1,2,0,1,0,0,0,0,1,1,0,0,0,0,0,0,0,1,0,0,0,0,18,232,253,254,198,7,0,1,0,0,1,0,0,0,1,0,0,1,1,1,0,0,1,0,0,1,0,0,0,98,237,192,55,0,1,0,0,1,1,2,1,0,1,0,0,2,2,1,0,0,0,0,0,0,0,0,0,1,0,0,1,0,0,0,0,0,1,0,1,1,1,1,0,0,0,0,0,1,1,0,0,0,1,0,0,1,0,1,0,1,0,1,0,0,0,0,1,0,0,0,0,0,0,0,1,0,2,1,1,0,2,1,0,0,0,2,0,1,1,0,1,1,1,0,0,0,1,0,0,0,2,0,1,2,0,2,1,0,0,2,0,1,3,0,1,0,0,0,0,0,0,0,1,1,0,0
0,1,2,0,1,0,0,0,0,1,1,2,1,0,0,0,1,1,0,2,0,1,0,0,2,0,0,2,0,1,0,0,1,0,0,1,0,1,1,0,0,2,1,0,0,1,0,0,0,0,0,0,0,0,0,0,0,0,0,0,0,0,0,0,1,0,0,0,0,0,1,0,0,0,0,1,0,2,0,1,2,2,0,0,1,0,1,0,0,0,0,1,0,1,0,0,0,0,0,1,0,1,0,1,0,0,1,0,0,0,0,2,0,2,0,0,1,1,1,0,0,0,1,1,1,1,63,184,254,134,19,0,0,0,0,1,0,0,0,0,0,0,1,0,0,0,0,0,0,0,0,0,14,184,249,253,252,253,199,23,1,0,0,0,0,1,0,0,0,0,1,0,0,0,0,0,1,1,1,15,183,254,252,158,198,254,252,53,2,0,3,0,0,1,0,0,1,0,0,1,0,1,0,1,1,0,0,154,252,248,104,0,109,253,252,166,1,0,1,0,0,0,0,0,2,2,3,1,0,0,0,2,0,17,166,236,253,133,1,0,108,253,252,152,0,0,0,0,0,0,1,1,0,1,0,0,2,1,1,1,18,178,255,253,253,108,0,0,135,253,254,54,0,0,0,0,1,0,0,1,0,0,0,0,1,0,0,1,82,255,254,254,254,107,22,104,249,253,254,54,0,1,0,0,0,0,0,0,0,0,0,0,1,2,0,0,80,253,253,252,169,144,210,252,252,253,254,144,27,10,0,0,0,0,0,0,0,0,0,0,0,0,0,0,80,254,253,254,253,253,252,253,251,255,251,255,253,80,0,0,0,0,0,2,0,2,0,1,0,0,0,0,39,225,254,255,253,255,253,255,196,122,162,254,254,78,1,0,0,2,1,0,1,0,0,0,0,0,1,0,0,67,253,253,252,254,254,135,5,0,0,138,255,79,0,0,0,0,0,0,0,0,0,2,0,1,0,0,0,67,252,253,253,192,76,1,1,0,0,195,251,79,0,0,0,1,0,0,0,0,0,0,2,0,0,0,0,117,254,253,179,11,0,0,0,0,32,221,253,80,0,0,0,0,0,0,0,1,0,0,0,0,0,1,25,217,254,218,15,1,1,1,0,0,193,254,253,78,1,0,0,0,0,2,0,1,0,0,1,0,0,0,82,251,254,213,1,2,0,0,27,69,226,253,241,58,0,2,0,0,0,0,1,1,0,1,0,0,1,0,82,252,253,213,0,1,2,54,139,255,254,237,86,0,1,0,1,0,1,1,1,1,1,0,1,1,0,0,173,255,252,213,3,119,174,254,253,253,241,85,2,1,0,1,0,1,0,0,0,0,0,0,0,1,2,2,129,252,254,236,172,253,252,252,253,228,87,1,0,0,0,0,0,0,0,1,0,0,2,0,0,0,1,0,76,242,253,253,253,252,252,184,106,11,0,1,0,1,3,1,0,0,0,0,0,2,0,0,0,2,0,0,0,31,147,252,252,248,120,64,0,0,1,0,0,0,0,0,1,0,0,1,0,0,0,1,0,0,0,0,0,1,0,2,1,0,0,1,1,0,0,0,1,0,1,1,1,0,0,0,2,0,1,1,0,1,0,1,1,0,0,0,0,0,0,0,0,2,0,0,0,0,0,0,1,1,0,0,0,0,0,0,1,0,0,1,0,0,0,0,1,0,1,0,0,0,1,1,0,0,0,0,0,0,1,0,0,0,1,0,1,0,0,0,0,1,0,0,1,0,0,2,1,0,2,1,1,0,0,0,0,0,1,2
1,1,3,0,0,0,0,0,0,0,0,2,0,2,0,0,0,1,0,0,0,0,0,0,1,1,1,0,0,0,1,1,0,2,0,1,1,0,0,1,0,1,0,0,0,0,1,0,0,0,0,0,1,1,0,0,1,0,1,0,1,0,1,0,0,2,2,0,0,2,0,0,2,0,1,1,1,0,1,0,0,1,0,0,0,0,3,0,2,0,1,0,0,0,0,0,0,1,0,0,0,0,0,1,2,0,2,1,0,0,0,0,0,0,0,1,0,0,0,1,0,0,0,1,0,7,191,120,5,0,1,1,2,0,2,0,2,1,0,0,0,1,0,1,1,0,0,0,0,0,0,0,0,13,254,252,139,0,1,1,0,1,0,0,0,1,2,1,0,1,0,0,0,0,0,1,1,0,0,0,0,65,252,253,146,0,0,0,1,1,1,1,0,0,0,0,0,0,0,1,1,0,0,1,0,0,0,1,1,146,253,251,145,0,0,0,0,1,1,1,0,0,1,0,0,0,1,1,1,0,0,0,0,0,0,1,0,148,252,255,144,0,0,0,0,0,2,1,0,0,2,0,0,2,0,2,0,0,0,0,1,0,0,3,0,147,253,254,145,0,0,1,1,1,1,0,0,0,0,0,0,0,1,1,0,1,1,1,2,1,2,0,4,164,254,253,144,3,2,1,0,2,0,0,0,0,0,1,0,0,1,0,0,1,1,0,0,1,0,0,28,251,252,254,213,16,0,0,0,0,0,2,0,0,1,0,1,0,0,0,0,0,0,0,0,1,0,0,28,252,253,251,250,26,0,0,0,0,1,0,2,2,0,0,1,0,1,2,0,1,0,1,0,2,0,0,27,252,252,253,251,27,0,2,0,1,0,2,1,0,0,1,0,0,0,0,0,0,1,0,0,1,1,0,28,254,253,255,253,26,0,1,1,0,0,0,1,1,1,0,0,0,0,0,0,1,0,0,0,0,1,0,27,253,253,254,252,26,0,0,1,0,0,1,0,0,0,0,0,1,0,0,0,2,1,0,0,0,0,2,15,214,254,252,159,4,0,0,0,0,0,1,0,0,2,0,1,0,0,0,1,0,0,1,0,0,0,0,22,237,251,252,145,1,0,0,0,0,0,0,0,0,1,1,0,0,0,0,0,1,1,0,0,0,1,1,27,252,252,253,145,0,0,1,0,2,0,0,0,0,1,0,1,0,0,0,1,0,3,1,1,0,0,0,29,252,251,252,143,1,2,0,0,0,1,0,1,0,0,0,0,0,0,0,0,1,0,1,2,0,0,0,27,253,251,253,161,5,2,0,0,0,0,0,1,0,2,2,0,0,2,0,0,0,0,0,0,0,0,0,24,241,252,253,252,26,1,1,1,0,0,0,0,1,1,0,1,0,1,0,0,0,0,0,2,0,0,1,2,147,252,251,183,10,0,0,0,0,0,0,1,0,0,1,0,0,0,0,0,1,0,0,0,0,0,1,0,70,191,120,6,0,0,0,0,2,0,1,0,0,1,0,1,1,0,0,1,0,0,0,0,1,1,1,0,0,1,0,0,0,1,0,0,1,0,0,1,1,2,0,0,0,0,0,0,0,0,0,0,0,2,0,1,0,0,1,0,0,0,0,0,0,1,0,2,0,0,1,0,0,1,0,2,0,0,1,0,1,2,1,2,0,1,0,3,0,0,1,0,0,3,0,0,1,0,0,0,0,0,0,1,0,1,0,1,0,0,0,0,0,0,2,0,0,0,0,0,0,1,0,0,0,2,1
0,0,1,0,1,0,0,1,0,0,0,0,1,1,0,0,0,0,2,0,0,0,0,0,0,0,0,0,2,0,0,1,1,0,2,0,1,0,0,1,0,0,0,0,1,0,0,1,0,0,0,1,1,0,0,0,0,0,2,0,0,1,0,0,0,0,0,0,0,0,0,0,0,2,0,0,2,1,0,0,0,0,0,1,0,1,0,0,0,0,0,1,1,0,1,1,2,1,1,0,0,0,0,1,0,1,0,0,0,2,0,1,2,1,1,0,0,0,0,0,1,0,155,235,109,0,0,0,1,1,0,1,1,0,1,1,0,1,1,0,0,0,2,1,0,1,0,0,0,105,255,252,251,163,145,145,125,29,0,0,0,1,0,0,0,0,0,1,0,0,0,0,0,2,0,7,146,241,242,159,252,251,215,218,249,235,137,13,0,2,0,0,0,1,1,0,0,0,2,2,0,0,0,114,252,208,40,33,232,188,0,0,69,223,254,215,51,3,0,0,0,0,1,0,1,0,0,0,2,0,0,216,245,46,1,2,48,35,1,0,0,12,149,253,254,85,1,0,0,1,0,0,1,0,0,0,0,1,0,217,235,0,1,0,0,1,1,0,0,0,0,65,229,235,47,0,0,0,0,0,0,2,0,1,1,0,1,165,246,61,0,0,1,0,0,2,2,1,1,0,144,253,144,0,0,1,0,0,0,0,0,2,2,0,0,64,211,208,102,4,0,0,0,0,0,0,0,0,11,223,248,47,1,0,0,0,1,2,0,1,0,1,0,0,69,247,252,204,122,40,8,0,0,2,0,0,11,184,237,31,0,1,0,0,3,0,0,2,0,0,0,0,0,84,189,253,253,252,201,92,37,1,7,123,230,253,150,0,0,0,2,0,0,0,2,0,0,0,0,0,0,0,0,20,91,194,255,255,252,254,253,255,233,129,15,0,0,0,0,0,1,0,1,0,0,0,0,1,43,120,205,202,234,242,253,200,251,254,245,124,12,0,0,0,0,1,1,1,1,1,0,0,1,1,0,110,244,240,191,125,115,36,36,0,53,222,253,161,0,1,1,2,1,2,0,0,0,1,0,0,1,0,23,213,198,33,0,0,0,0,1,0,0,39,230,255,78,0,0,0,0,0,0,0,1,0,0,0,0,1,56,254,144,0,0,0,0,0,1,1,1,0,103,254,206,7,0,1,0,2,0,1,0,0,0,0,0,0,21,204,208,22,0,1,1,1,2,0,0,0,0,184,255,17,0,1,1,1,0,0,0,1,0,0,1,0,0,68,240,207,41,0,0,1,0,0,2,1,120,247,193,8,0,0,3,0,0,0,2,0,1,1,0,0,0,0,75,243,243,113,31,0,0,10,37,127,243,228,47,0,0,0,0,0,1,0,0,0,0,0,2,0,0,0,0,105,243,252,243,198,135,216,253,254,232,41,0,1,0,0,1,1,0,0,0,0,0,0,0,0,0,0,0,1,22,123,162,200,252,255,234,116,16,0,0,1,0,0,1,0,0,1,0,1,0,2,1,0,1,0,0,1,0,1,2,0,1,0,1,1,1,0,1,1,0,0,1,1,1,0,0,0,0,1,0,0,1,0,0,1,1,0,0,0,1,0,0,0,0,0,0,2,1,0,0,1,0,0,1,0,1,0,1,0,2,0,0,1,1,1,0,1,2,1,1,3,1,1,1,0,1,0,0,0,2,0,0,1,0,0,1,0,0,0,0,0,0,0,1,0,1,0,0,0,0,2,1,1,0,0,0,0,0,0
0,0,0,0,0,0,0,2,0,0,0,1,0,0,1,0,0,0,1,0,1,0,0,1,0,0,1,0,0,0,0,0,0,1,0,0,0,0,2,0,0,1,1,0,1,1,0,1,0,1,0,0,0,0,0,0,0,0,0,0,0,0,0,1,0,1,0,0,0,0,2,0,1,1,0,0,1,0,0,1,0,0,0,0,0,1,1,0,0,0,0,1,0,1,1,0,0,0,0,0,0,1,0,2,0,0,0,0,0,0,0,0,0,0,0,0,0,0,1,0,0,0,1,0,0,0,1,0,1,1,0,1,0,1,0,0,0,1,0,0,1,1,0,0,0,0,0,0,0,0,0,0,0,0,0,0,0,0,0,1,0,1,1,1,0,0,0,0,0,0,0,1,1,0,1,0,1,1,0,84,115,66,57,24,18,0,2,0,0,0,0,0,0,1,0,0,0,0,1,1,0,0,0,0,0,17,167,233,253,253,254,255,236,133,84,1,1,0,1,0,1,1,0,2,0,0,0,0,0,2,0,2,0,129,254,137,92,216,196,235,253,255,254,186,118,0,0,1,1,0,0,0,1,0,0,0,1,0,2,0,163,250,130,6,0,13,1,17,57,108,192,252,248,89,1,0,1,0,1,0,0,0,0,0,0,1,0,83,255,165,8,0,0,0,0,0,1,0,5,79,255,244,81,1,0,1,0,1,0,1,1,0,1,2,84,234,229,15,1,0,0,0,1,0,0,0,1,1,95,244,221,51,1,0,1,0,0,0,1,0,0,47,255,254,68,0,0,1,0,0,0,0,0,0,0,1,0,102,238,188,0,0,0,1,1,0,0,2,0,114,252,184,0,2,0,2,0,1,0,0,2,1,0,0,1,2,207,252,0,0,1,1,1,0,2,1,32,240,234,10,0,0,0,0,0,0,1,0,1,0,0,1,0,4,212,253,0,0,1,1,0,0,0,1,68,252,159,0,1,0,1,0,1,2,1,0,1,1,0,0,0,146,253,255,0,1,1,1,0,0,1,1,221,254,46,1,1,1,0,1,0,0,0,0,0,2,0,25,128,244,253,136,0,0,1,2,0,1,0,0,252,212,5,0,0,2,0,0,0,0,0,2,0,0,22,187,254,254,232,57,0,0,2,1,0,0,0,1,210,206,0,0,0,0,0,0,1,0,0,9,7,84,212,252,254,233,56,2,1,2,0,2,0,0,0,0,163,240,66,0,0,0,0,1,0,50,101,209,204,230,169,255,194,15,2,1,0,2,0,0,0,1,0,0,70,255,244,161,70,152,160,162,221,254,255,254,255,254,213,95,1,0,0,0,1,1,1,0,0,0,0,0,9,73,115,114,115,117,115,114,117,115,115,116,114,98,12,0,0,0,0,0,3,2,0,0,0,0,1,0,1,0,1,0,0,0,0,1,0,2,0,0,0,0,1,0,1,0,0,0,0,0,0,1,1,2,2,0,0,0,1,0,1,0,1,1,0,0,0,2,0,0,1,0,0,2,0,1,0,0,1,0,0,0,2,0,0,0,0,0,0,0,0,0,0,0,0,0,0,0,1,0,1,1,0,0,0,0,1,0,0,0,0,1,0,0,0,0,0,2,0,0,0,0,0,0,2,0,0,1,0,2,0,0,2,0,0,1,0,0,0,0,0,0,0,1,0,1,2,1,0,1,0,0,0,0,0,0,0,1,0,0,2,0,2,0,1,0,1,1,0,0,0,0,1,0,2,0,1,0,0,1,0,0,0,1,0,0,0,0,0,0,0,0
2,1,0,0,1,0,0,1,0,0,0,0,1,1,0,0,0,0,0,0,0,1,0,0,0,1,1,1,0,0,0,0,0,0,1,0,0,0,1,1,3,0,1,2,0,0,0,1,1,0,0,1,1,0,0,0,0,0,1,0,0,0,1,0,0,1,0,1,0,2,0,0,1,1,0,0,0,0,1,2,0,0,0,1,1,0,0,0,1,0,0,0,0,0,1,0,1,0,0,0,1,0,1,0,0,0,1,2,1,0,0,2,0,0,0,0,1,0,1,0,0,0,0,0,0,0,1,0,0,0,2,0,0,0,0,0,2,0,0,2,0,0,1,1,0,0,1,0,1,55,159,121,121,121,123,121,170,211,25,0,1,0,0,0,1,1,0,0,0,2,1,1,0,46,155,240,240,245,252,253,254,254,254,253,252,252,177,0,0,0,1,0,1,2,0,1,1,0,2,0,0,69,246,251,253,253,238,161,215,252,255,253,253,253,136,0,0,0,1,0,0,0,1,0,0,0,0,1,0,0,36,155,67,69,75,0,24,82,254,251,253,142,10,1,1,0,1,0,0,0,0,1,0,2,0,0,1,1,0,0,0,1,1,7,145,230,253,252,142,10,2,0,0,1,0,0,0,1,1,1,1,0,3,1,0,0,0,1,0,0,0,56,255,252,254,144,6,1,0,0,0,1,0,0,1,0,0,3,0,1,0,0,1,0,0,0,0,2,28,224,253,253,149,4,0,0,1,0,1,1,0,1,0,0,0,0,0,1,0,1,0,0,0,0,0,0,54,253,253,254,93,35,19,0,0,0,1,0,0,0,0,1,0,0,0,0,1,0,1,0,2,0,0,0,166,253,252,252,253,253,213,34,4,0,0,1,0,1,0,0,0,1,0,1,0,0,0,0,0,1,0,0,41,254,251,252,253,254,251,252,125,0,0,0,0,0,3,0,0,0,1,0,0,2,0,1,1,0,1,2,0,1,0,0,0,0,120,234,253,154,38,0,0,0,2,1,1,2,0,1,0,1,2,0,0,0,0,0,0,0,0,0,1,1,0,11,203,253,136,0,0,1,2,1,1,0,0,0,0,0,1,0,1,0,0,0,0,2,2,0,0,0,0,1,80,252,229,35,0,0,0,0,0,1,0,1,0,0,0,0,1,1,0,0,0,0,0,0,1,0,2,1,9,155,253,91,0,0,0,1,1,2,0,0,1,0,0,0,0,0,2,0,0,0,1,0,1,0,0,0,0,54,254,199,2,0,0,0,0,0,0,0,0,0,1,0,0,0,1,0,0,0,1,1,1,0,0,0,1,84,252,227,0,0,0,0,0,0,0,1,0,0,1,0,0,1,1,0,22,0,0,0,0,1,0,0,48,233,254,229,0,0,1,0,0,0,0,0,0,0,1,0,2,137,160,160,211,160,160,91,27,27,28,27,88,254,248,132,0,0,0,0,1,0,0,0,0,0,0,0,0,203,239,239,170,240,252,254,254,253,254,254,254,249,131,0,0,0,0,0,1,0,0,1,0,0,0,2,1,0,0,1,0,14,119,190,183,254,253,251,218,95,0,0,0,1,0,0,0,1,0,0,1,0,0,0,0,2,1,0,0,0,0,0,0,0,1,0,0,0,0,1,2,0,0,1,0,2,0,0,0,0,1,0,1,0,0,0,2,0,1,0,0,0,0,1,0,0,1,0,0,1,0,2,0,2,0,0,0,3,2,1,0,0,0,0,0,0,2,0,0,0,0,1,0,0,0,0,0,1,0,0,1,0
0,2,1,0,0,0,0,1,0,0,0,1,0,1,0,0,1,0,0,0,0,0,1,0,0,0,2,0,0,0,0,1,0,2,0,0,0,1,0,0,0,0,0,0,0,1,0,0,0,0,1,2,1,1,0,0,2,0,0,0,0,0,2,2,1,1,2,1,0,0,0,0,0,0,0,1,0,0,0,0,0,1,0,0,0,0,0,2,0,0,0,0,0,1,1,0,0,0,1,1,0,0,0,2,2,0,0,1,0,0,0,0,0,0,2,0,0,1,0,0,1,0,0,0,80,214,212,42,1,0,0,0,0,1,0,0,2,0,0,2,0,0,1,1,0,1,0,1,1,0,0,160,243,254,254,242,121,0,1,0,0,1,0,0,0,0,0,0,0,0,0,0,1,0,0,1,1,0,82,250,253,254,255,254,240,0,0,1,1,1,0,0,0,0,2,0,2,0,0,0,2,0,0,0,0,27,244,253,254,254,245,246,233,21,11,0,0,0,0,0,0,0,0,1,1,1,0,0,3,1,1,0,0,100,254,253,253,191,47,73,75,255,215,53,0,0,0,0,0,0,0,0,0,2,0,0,0,0,0,0,11,181,254,254,193,12,0,1,18,255,252,174,3,0,0,0,1,1,2,3,0,0,0,0,0,1,0,0,109,254,254,193,16,0,0,0,3,158,254,252,93,0,2,0,1,0,1,0,1,0,0,0,1,2,0,12,221,254,254,19,0,1,0,0,1,69,254,253,121,0,2,0,0,0,0,0,1,0,0,1,0,0,0,100,254,254,149,3,0,0,0,0,0,70,253,255,157,0,0,0,0,1,0,0,0,1,1,0,0,0,2,178,254,225,2,0,1,2,0,1,0,70,253,255,240,39,0,0,0,0,1,0,0,0,0,0,0,1,31,232,254,142,1,1,0,0,1,1,0,71,255,254,253,66,0,0,0,1,0,0,2,2,0,0,0,0,164,253,255,26,0,0,1,0,0,0,0,94,255,253,254,64,0,0,0,0,0,1,0,0,0,0,0,2,119,254,225,15,1,2,0,1,1,0,0,55,241,253,254,110,1,0,0,1,0,1,0,1,0,0,1,0,65,252,252,92,1,2,1,0,0,0,1,115,245,254,255,98,0,0,1,0,0,0,0,0,1,0,2,0,34,189,254,134,0,0,0,0,0,0,16,213,252,254,224,7,0,0,0,0,1,0,2,0,1,1,1,0,0,122,253,248,53,1,0,0,3,105,215,253,255,255,220,0,0,0,0,0,1,0,0,0,1,0,1,0,0,58,212,254,242,127,74,155,238,253,255,254,255,243,113,2,1,0,0,1,0,2,0,0,1,1,0,0,0,1,101,253,254,254,253,253,254,254,254,254,210,73,0,0,0,1,0,0,1,0,1,0,0,0,0,0,0,0,2,152,242,253,255,253,255,254,252,143,56,0,0,0,0,0,1,1,1,0,0,0,0,0,0,0,0,2,2,0,115,192,230,235,155,154,106,0,0,1,1,0,0,1,0,1,1,0,0,0,0,0,0,0,1,0,0,0,0,0,0,0,2,0,0,0,0,1,0,0,1,0,0,0,0,1,0,0,0,0,0,0,0,1,1,1,1,0,1,1,0,0,0,2,1,0,0,0,2,0,0,2,0,1,0,1,1,0,0,0,0,0,0,0,0,1,1,0,0,1,0,1,0,0,0,1,0,0,1,0,2,0,0,0,0,0,0,2,0,0,1,1,0,0,1,1,1,0,0,0,0,1,0,0,0,0,0,0,0,1
0,2,0,0,0,0,0,1,0,0,0,0,1,1,0,2,0,0,0,1,0,0,0,1,0,0,1,0,1,0,0,0,0,0,0,0,2,0,0,0,0,0,0,0,0,0,1,0,0,0,0,0,2,1,1,0,1,1,0,0,0,1,0,0,0,0,1,0,0,1,0,0,2,0,0,0,0,0,0,1,0,0,1,0,0,0,0,0,0,1,2,0,2,0,0,0,0,0,1,0,0,0,0,0,0,0,0,1,2,0,0,0,0,1,0,0,0,2,0,0,0,0,0,0,0,1,0,0,0,1,1,2,0,0,1,0,0,0,0,0,2,0,0,0,1,2,0,1,0,0,0,0,0,19,170,160,0,0,0,0,1,0,0,0,0,0,1,1,0,0,0,0,0,1,0,0,0,1,2,0,1,59,255,223,0,1,2,0,0,1,0,0,1,0,0,0,0,0,1,0,0,0,1,0,1,0,0,0,1,108,254,246,42,0,0,0,0,0,0,0,0,0,0,1,0,0,0,2,1,1,0,0,1,1,0,1,1,147,254,224,3,2,0,1,0,0,0,0,0,2,1,0,0,0,0,0,0,1,0,0,0,0,2,0,1,149,253,223,0,0,0,0,0,0,1,0,0,1,1,0,0,0,0,0,0,0,0,0,0,0,2,1,0,148,254,222,1,1,0,0,1,0,0,0,2,0,0,1,0,0,1,1,0,1,0,0,0,0,0,2,0,148,253,224,1,1,1,1,2,0,0,0,0,1,0,0,0,0,0,0,0,2,1,0,0,0,1,1,1,149,254,222,1,0,0,0,0,1,1,0,0,1,0,0,0,0,0,0,0,0,0,1,0,0,1,0,1,148,253,223,0,0,0,1,0,0,1,0,2,0,0,0,0,0,1,0,0,1,0,0,0,0,0,0,1,148,254,223,0,0,1,1,2,0,0,2,1,0,0,0,0,0,3,1,0,0,2,0,0,0,0,0,0,136,255,225,0,1,0,0,0,3,2,0,0,0,1,2,0,0,1,0,0,1,0,0,0,0,0,0,0,58,254,222,0,0,1,0,0,0,0,0,1,0,0,1,1,0,0,0,0,0,0,2,0,0,1,0,0,60,255,222,1,1,0,0,0,1,1,1,0,0,0,1,0,0,0,0,1,0,0,0,0,2,0,0,0,60,255,224,1,0,1,0,3,0,0,0,0,1,1,0,0,0,1,0,1,0,0,0,0,2,1,0,1,58,254,242,35,1,1,1,1,0,0,1,0,0,0,1,0,0,0,0,0,1,0,0,0,0,0,1,0,59,254,241,38,1,0,0,0,2,0,0,1,1,0,1,0,1,1,0,0,1,0,0,1,1,0,0,1,37,244,255,103,0,2,0,1,0,1,0,1,0,0,0,0,0,0,0,0,1,0,0,0,0,0,0,1,54,251,254,147,0,4,0,1,0,0,0,0,1,0,1,1,0,0,1,0,0,0,0,0,0,0,0,0,0,187,253,147,0,1,0,0,0,0,0,0,0,0,0,0,1,0,2,1,0,1,0,0,0,0,0,0,1,87,196,65,0,0,0,0,2,0,0,0,0,0,1,0,0,0,0,0,0,0,1,0,0,0,0,0,1,0,0,0,0,0,0,0,0,0,0,0,0,0,0,0,0,0,0,2,0,0,0,1,0,0,1,0,1,0,0,0,0,0,1,0,1,1,0,0,0,0,0,2,0,3,0,0,2,1,3,0,0,0,2,0,0,0,1,1,0,1,2,0,0,0,0,0,1,1,0
0,0,0,0,1,0,0,0,0,0,0,1,0,0,0,0,0,1,0,0,2,0,0,0,2,0,2,0,0,0,1,0,1,3,1,1,0,0,0,1,0,2,1,1,0,0,1,0,0,0,1,0,0,0,0,0,0,0,0,0,0,0,0,0,0,0,0,0,0,1,0,0,0,0,0,1,0,2,0,0,1,1,2,1,1,0,0,0,1,1,1,0,1,1,0,2,0,1,0,0,0,0,0,0,0,0,1,0,0,0,0,0,0,1,1,0,1,0,0,0,0,0,1,0,1,1,0,0,0,0,0,0,0,0,0,0,1,0,0,2,0,0,0,0,0,0,1,0,0,0,1,0,0,0,0,0,0,0,0,1,0,0,1,1,0,1,0,0,1,1,1,0,1,1,0,1,0,0,0,0,76,111,255,253,253,253,253,63,1,1,0,0,0,1,0,0,1,0,0,0,1,1,0,0,0,38,129,224,244,253,254,252,252,253,252,241,70,0,0,0,0,0,0,0,0,1,0,1,0,0,1,1,30,221,252,251,251,252,196,195,194,195,227,252,166,0,1,2,2,0,0,0,0,0,1,0,0,0,0,115,214,254,242,192,83,84,1,0,0,0,139,252,178,7,0,0,0,0,1,0,0,0,0,0,1,0,0,170,253,252,91,0,1,0,0,0,1,0,140,254,252,55,1,1,1,0,0,0,1,0,0,0,0,2,27,207,252,78,0,1,1,0,0,0,0,168,253,255,168,2,0,0,1,1,0,0,2,0,0,1,0,1,59,251,251,0,0,0,0,0,0,30,118,243,251,214,32,0,0,0,1,0,0,0,0,2,0,0,0,0,57,253,251,0,0,0,1,0,27,123,253,252,253,30,0,1,0,0,0,1,1,0,0,0,0,0,0,0,17,196,253,107,19,2,3,28,208,252,251,250,145,0,1,0,1,0,0,0,1,0,0,0,1,0,1,0,2,168,254,253,215,141,152,250,252,251,252,145,2,2,2,0,0,2,2,1,0,1,1,0,0,1,0,0,0,17,202,254,254,253,252,252,255,254,252,85,0,0,1,1,0,0,0,1,0,1,1,0,0,0,0,0,0,0,15,167,168,185,196,167,206,251,253,84,0,0,0,0,0,0,2,0,0,0,0,0,1,1,0,0,0,0,0,0,0,13,18,0,112,251,254,84,0,0,0,0,0,0,0,0,0,0,1,0,1,2,0,0,2,0,1,0,0,0,1,0,127,252,212,29,0,1,0,2,0,1,2,0,0,0,0,1,1,1,0,0,0,0,0,0,0,0,0,1,254,252,196,1,0,1,1,0,0,0,0,0,0,1,1,0,1,0,0,0,0,0,0,0,1,0,0,0,254,252,56,1,2,2,0,0,1,1,1,0,1,0,0,0,1,0,0,0,0,1,1,0,1,0,2,47,254,252,121,155,1,0,0,2,0,1,1,0,1,2,0,0,0,0,2,2,1,0,1,0,0,0,5,167,252,252,253,114,0,0,0,1,1,0,0,2,0,0,0,0,2,0,0,1,0,1,0,0,0,0,29,252,252,242,113,27,0,1,0,0,0,1,0,0,1,0,0,0,0,0,0,0,0,2,1,0,1,0,12,190,190,72,0,0,0,1,1,0,0,1,0,2,0,0,0,0,0,0,0,1,0,2,0,0,2,0,1,0,2,2,0,1,0,0,0,1,1,1,0,0,1,0,2,1,2,0,0,1,0,0,0,0,1,1,0,0,1,1,0,1,2,0,0,1,0,1,0,0,0,0
0,1,0,1,0,2,0,1,1,1,0,1,0,1,1,0,0,0,0,1,1,0,1,0,1,0,0,0,2,0,0,1,0,0,0,0,0,0,1,1,0,0,0,0,0,1,0,1,1,1,0,0,2,0,0,0,1,1,0,0,0,1,0,0,0,0,1,0,0,1,1,0,2,0,0,1,0,1,2,0,0,0,0,0,1,1,0,0,0,1,1,0,1,0,0,0,0,0,0,0,0,0,1,1,0,0,0,0,0,0,2,0,2,0,0,0,1,0,0,0,0,0,0,1,0,1,1,1,0,0,0,1,2,0,0,0,1,0,0,1,0,0,1,0,0,0,0,1,0,0,0,0,0,0,0,0,0,0,0,1,0,0,0,1,0,0,0,1,2,0,2,0,1,0,0,0,0,68,87,164,228,227,164,163,88,1,0,0,0,0,0,0,2,0,0,0,1,0,1,1,0,0,0,73,172,253,253,255,252,253,252,252,249,203,20,0,0,0,0,1,0,0,1,1,2,0,0,0,0,0,106,243,254,253,253,253,253,245,217,225,252,254,203,8,0,0,1,0,2,2,0,0,0,0,0,0,1,3,203,253,254,243,124,136,54,40,2,8,172,254,253,22,2,0,2,1,0,1,0,1,1,0,0,0,0,167,253,252,195,36,1,1,0,0,0,0,141,253,253,139,0,0,0,3,2,0,0,0,0,0,0,0,1,218,253,253,68,0,0,1,1,0,1,37,253,254,254,216,9,1,0,0,0,0,2,1,1,0,0,0,0,115,253,169,0,0,0,0,2,0,12,117,252,255,254,255,35,0,0,1,1,0,1,2,1,0,1,0,0,19,225,205,0,0,0,1,0,1,111,253,252,253,255,255,35,1,0,0,1,0,1,0,1,1,0,0,0,0,153,250,117,3,1,0,1,63,248,255,253,247,254,253,42,0,1,0,1,0,0,0,0,1,0,1,1,2,0,117,255,134,12,0,33,229,254,253,239,112,254,252,128,0,0,0,0,0,0,0,1,0,2,0,0,0,0,2,119,249,254,255,252,255,254,254,151,91,255,252,126,0,1,0,0,0,0,0,0,2,3,0,2,0,0,0,0,88,226,255,253,254,254,180,4,60,254,253,127,1,1,2,0,0,0,3,1,0,0,0,0,0,0,0,0,1,17,75,126,126,74,3,0,91,255,254,82,0,0,0,0,0,0,0,0,0,0,0,1,0,0,0,1,0,0,2,0,1,0,0,0,98,254,254,107,1,0,0,0,0,0,0,0,0,2,0,0,1,1,0,1,0,0,0,2,0,0,0,14,233,254,254,94,1,0,0,0,0,0,0,1,0,1,0,0,0,3,0,0,0,2,0,1,1,0,1,44,255,255,255,36,2,1,0,0,0,2,1,1,2,0,0,0,1,0,0,0,0,1,0,0,0,0,54,109,253,254,201,3,1,0,2,1,0,0,0,0,1,0,0,0,0,1,0,1,0,1,2,0,0,0,124,234,253,253,197,0,0,1,0,0,0,0,2,0,1,0,2,0,1,1,2,1,0,0,0,0,0,0,56,253,254,255,159,0,0,0,0,0,0,0,0,0,2,0,0,2,0,1,0,0,0,2,0,0,0,0,11,118,255,254,42,0,0,0,0,0,0,0,0,2,0,2,0,0,1,1,0,1,0,0,0,2,0,0,0,1,0,2,1,0,1,0,0,0,0,0,0,0,0,1,0,1,1,0,1,0,1,0,0,0,1,0,1,1,0,0,0,1,0,0,0,0,0,1,1
0,0,0,0,0,1,0,0,0,0,1,0,0,0,1,0,0,0,1,0,1,1,3,0,0,1,0,0,0,0,2,0,1,0,0,0,0,0,1,0,1,0,0,0,0,1,0,2,0,1,1,0,0,1,0,1,1,0,0,1,0,2,0,1,3,2,1,0,0,1,0,1,0,1,0,0,0,0,1,0,0,0,0,0,1,0,1,1,0,0,0,0,1,0,0,0,1,1,1,0,0,0,0,0,0,0,0,0,0,0,0,0,0,0,0,0,0,0,1,1,0,0,0,0,0,0,0,0,2,1,0,0,0,0,1,1,0,0,0,1,0,1,0,0,1,1,3,0,0,3,0,1,0,0,0,1,1,0,1,2,1,0,0,0,1,1,1,0,1,0,0,2,0,0,0,0,0,0,91,254,215,28,0,1,1,0,0,1,1,0,1,0,0,0,0,0,0,2,0,0,0,0,2,0,0,26,234,253,253,128,0,0,0,1,1,2,19,77,3,0,0,0,1,0,1,1,0,1,0,0,1,1,0,176,254,253,215,25,2,0,0,0,3,168,229,253,6,0,0,0,2,0,0,0,1,0,0,1,0,1,8,200,254,254,148,0,0,0,0,0,160,251,242,81,1,0,0,2,0,0,0,1,0,0,0,0,0,0,81,255,253,238,39,1,0,0,2,18,222,253,189,0,0,0,1,0,0,1,0,1,0,0,1,0,0,3,156,253,254,149,0,0,0,1,0,111,254,251,138,1,2,0,1,0,1,1,0,2,0,0,0,0,0,4,253,253,222,1,1,1,0,0,1,167,253,254,81,0,0,0,0,1,0,0,2,0,1,0,1,0,0,5,253,253,134,0,2,1,1,1,16,235,254,243,53,0,1,0,1,0,1,0,1,0,2,1,0,1,0,3,255,252,134,1,1,1,11,58,182,253,255,172,1,1,0,1,0,0,0,2,0,0,0,1,1,0,1,6,252,252,210,163,80,154,221,254,253,255,253,119,0,0,0,0,0,0,0,2,1,1,1,0,0,0,1,3,217,255,254,252,252,252,252,254,252,252,252,119,0,0,0,0,0,0,0,1,0,0,0,1,0,2,0,0,11,177,242,253,252,232,161,84,239,252,253,63,1,0,0,0,1,0,0,0,0,0,0,0,1,0,0,1,0,0,40,87,87,6,1,24,242,251,253,11,0,1,0,0,1,0,0,0,2,0,1,1,0,0,0,0,0,1,0,0,0,0,1,90,255,252,176,2,0,1,0,0,1,1,0,0,0,0,0,0,1,0,0,1,0,0,0,0,0,1,1,92,253,253,99,2,0,1,0,1,1,0,0,2,0,0,0,1,0,0,0,2,0,1,0,0,0,2,0,94,252,253,49,0,0,1,0,0,0,0,0,0,0,0,0,0,0,0,0,0,0,0,0,0,0,0,0,92,253,251,46,1,2,2,0,0,0,0,0,2,1,0,0,0,0,0,0,0,0,3,0,0,1,0,2,92,254,254,47,2,0,0,0,0,0,1,0,1,0,1,1,1,0,0,0,0,0,0,0,0,0,2,0,29,245,254,193,8,0,1,1,0,0,0,0,0,0,0,1,0,0,1,0,0,0,0,1,1,0,0,2,1,92,217,163,5,2,1,0,0,0,0,0,0,0,1,0,0,0,1,2,1,1,1,0,1,2,0,0,0,1,1,0,1,0,1,3,0,0,0,0,0,0,0,0,1,1,0,0,0,0,0,1,1,0,1,0,2,0,0,0,0,0,0,0,0,0,0,1,0
0,1,0,0,0,0,0,0,0,0,0,0,0,2,0,1,0,1,1,0,1,0,0,0,3,0,1,0,1,0,1,0,0,0,0,0,0,0,0,1,1,1,0,1,1,0,0,2,1,1,0,1,0,1,0,0,1,2,0,1,0,2,0,1,0,1,0,2,0,0,0,1,1,0,1,0,3,0,1,0,0,1,0,1,0,1,1,0,0,0,0,0,0,0,0,0,0,0,0,0,0,0,1,0,1,1,0,0,0,0,1,1,0,0,0,2,2,0,1,0,1,0,0,0,1,0,212,249,133,0,0,0,0,0,2,1,0,0,0,1,0,0,1,1,0,0,0,0,0,0,0,0,0,26,237,253,251,1,2,0,2,0,0,0,0,0,0,0,0,0,1,0,1,0,0,0,0,1,1,2,0,45,254,253,249,0,0,0,0,0,1,0,1,2,1,2,0,0,1,0,1,0,0,1,1,2,0,0,1,45,254,254,206,0,0,1,0,0,0,1,1,0,0,1,1,0,0,0,0,0,1,1,0,0,0,1,0,109,255,254,192,0,0,1,0,0,0,0,1,1,0,0,0,1,0,2,0,0,0,0,1,0,0,1,0,49,253,253,227,1,0,0,0,0,1,0,0,0,0,0,1,0,0,2,0,1,0,0,0,0,0,0,0,134,254,254,249,0,0,1,0,1,0,0,1,1,0,2,0,0,0,2,0,0,1,0,1,0,1,0,0,159,253,253,161,1,1,0,0,0,0,1,0,0,0,0,0,2,0,0,1,0,0,0,2,0,0,0,1,225,253,252,108,0,0,1,0,0,1,0,1,0,1,0,0,2,1,0,0,0,0,0,0,0,0,0,20,236,254,251,59,0,0,1,0,1,2,0,0,1,0,0,1,0,0,0,0,2,0,1,0,1,0,0,50,249,255,236,1,0,1,0,0,0,0,0,0,0,2,1,1,2,0,0,0,0,0,1,1,1,1,0,60,254,254,237,1,0,0,2,0,1,0,1,0,0,0,0,0,0,0,1,2,1,0,0,0,0,0,1,126,254,255,171,0,0,0,2,0,0,0,0,2,1,0,0,0,0,1,0,0,0,1,2,0,0,0,0,177,253,244,69,0,0,0,0,0,1,0,0,0,0,0,1,0,0,0,2,0,1,0,0,2,0,1,20,242,254,222,0,0,0,0,0,0,0,0,0,0,0,0,0,0,1,1,0,2,0,0,0,0,0,0,70,255,253,223,0,1,1,2,0,0,0,1,0,0,1,0,1,1,1,0,0,0,0,0,0,0,0,0,72,253,254,209,0,0,0,2,1,1,0,1,1,0,0,0,0,1,1,0,1,0,2,0,0,0,0,0,81,255,255,125,2,0,1,0,0,0,0,0,1,1,1,0,1,1,0,1,2,1,3,1,1,1,0,4,193,251,253,80,0,0,0,0,0,1,0,0,0,0,1,0,0,1,0,1,0,0,0,1,0,0,0,0,160,255,254,133,0,0,0,0,2,0,1,0,0,1,2,0,0,0,0,0,0,1,0,0,0,1,1,1,0,0,2,0,1,0,2,0,2,0,2,0,0,0,0,0,0,0,0,1,0,0,0,0,0,1,0,1,0,0,0,1,0,1,1,0,0,0,0,0,1,0,0,0,0,0,1,1,1,1,1,0,2,0,0,1,0,1,0,2,0,0,0,0,0,1,1,0,0,0,0,1,1,0,0,0,1,1,0,0,0,2,1,0,1,0,1,0,0,0,0,0,2,0,2,0,1,0,0,0,0
0,0,0,2,1,0,2,2,0,0,0,0,0,0,0,2,0,1,0,0,1,0,0,0,1,1,0,0,0,1,1,1,0,0,0,2,0,0,0,0,0,0,0,0,1,1,0,0,0,0,0,0,0,0,0,0,0,0,0,1,2,0,1,0,0,1,0,1,0,1,0,2,0,1,0,0,0,0,1,0,1,1,0,0,0,0,0,0,0,0,0,0,0,0,0,1,1,1,0,0,0,2,2,1,1,0,0,2,1,0,0,0,0,0,0,2,1,0,1,1,0,0,3,0,0,0,0,0,2,0,0,0,0,1,0,1,0,1,0,2,0,0,0,0,1,0,0,0,1,0,2,0,106,163,254,254,157,98,0,0,0,0,0,0,0,0,1,0,0,0,0,1,0,1,0,0,1,49,116,232,253,254,253,253,252,251,138,1,0,0,2,0,0,0,0,0,0,0,0,0,1,2,0,0,164,246,255,253,253,252,251,251,253,252,207,1,0,0,0,0,1,0,0,3,0,0,1,1,1,0,3,0,241,253,253,252,218,149,152,174,254,252,206,0,0,2,1,0,1,0,0,0,0,0,0,0,0,1,0,1,241,253,253,251,102,1,0,66,254,252,206,0,0,0,1,1,0,1,0,1,0,0,1,1,0,1,1,2,242,253,253,254,242,89,0,42,228,255,161,1,1,0,0,0,0,0,1,2,0,0,0,0,0,2,0,0,95,202,250,251,251,241,113,18,29,37,25,88,166,216,130,0,1,0,1,0,0,0,1,0,2,1,1,0,1,72,174,243,253,254,255,184,80,170,217,253,253,252,244,56,1,2,0,0,0,1,0,1,0,1,1,0,0,0,0,91,242,255,254,253,253,254,254,252,252,244,168,2,0,2,0,0,0,0,0,0,1,0,0,0,0,0,0,1,115,254,253,255,253,253,254,243,172,52,0,1,1,1,0,0,1,1,2,0,0,0,0,0,0,0,1,0,116,251,253,252,253,251,191,55,0,0,0,0,0,0,1,0,1,0,1,0,0,0,0,0,0,2,0,161,242,253,252,252,251,251,76,0,1,1,0,0,0,2,0,0,0,0,0,1,0,0,0,2,0,0,0,156,253,251,241,243,253,255,168,0,0,2,0,0,0,0,1,0,0,1,1,0,0,0,0,0,0,0,0,221,253,253,162,196,253,252,206,0,0,0,0,1,0,0,0,0,1,1,0,0,0,0,0,1,1,1,2,222,252,202,29,203,255,254,190,0,0,2,0,0,0,0,0,1,0,1,0,0,0,1,0,0,0,0,62,241,253,161,86,255,252,248,72,0,0,0,0,0,0,0,0,1,2,0,0,1,2,0,0,0,0,0,40,234,253,169,232,253,253,201,0,0,0,1,0,1,0,1,0,0,0,0,0,0,0,0,0,0,1,0,1,214,252,253,254,253,251,124,1,0,0,0,0,0,2,1,0,0,0,0,2,0,0,1,0,1,0,1,0,93,255,253,252,255,124,0,0,2,0,0,0,0,0,0,1,1,0,1,0,0,0,1,0,1,1,1,1,45,164,251,253,151,32,2,0,0,0,1,0,0,1,1,1,0,0,0,0,0,0,0,0,0,1,0,1,1,0,0,2,1,0,1,0,0,0,0,1,1,0,1,2,0,1,3,1,1,3,1,1,0,0,0,0,1,3,1,1,1,0,0,2,0,1,1,0,0,1,0,1,0,0,0,1,0,1,0,0,0,0,0,0,2,0,0,0,1,0,0,2,0,0,0,0,1,1,0,2,2
0,0,0,0,1,0,0,0,0,0,0,0,1,2,0,0,0,0,1,1,0,0,0,1,0,3,1,1,0,1,0,0,0,1,0,0,0,1,0,0,0,1,0,0,0,2,0,0,0,0,1,0,0,2,1,0,0,1,0,1,1,0,0,1,0,0,0,0,1,0,0,0,0,0,2,0,0,0,1,1,0,1,0,0,0,1,0,0,1,0,0,0,0,0,0,0,0,0,0,0,0,1,0,0,0,1,1,0,0,2,0,0,0,0,0,1,0,0,0,0,0,0,0,0,127,193,253,255,254,127,0,0,0,1,1,0,1,0,0,0,0,0,0,0,0,0,0,1,1,1,190,255,254,254,254,255,255,254,63,0,0,0,0,0,0,0,0,0,0,0,0,0,0,2,0,0,64,254,255,255,255,255,253,192,255,255,129,1,1,0,0,0,1,2,0,0,0,0,0,2,0,0,0,66,254,255,254,255,64,0,0,1,65,191,254,64,1,0,0,0,0,0,0,1,1,0,0,0,1,2,0,128,255,255,127,0,0,0,0,1,1,63,255,255,1,0,0,1,0,0,0,0,1,1,0,1,0,0,63,254,255,63,1,1,1,0,0,1,0,0,255,254,0,0,0,2,0,1,2,0,0,0,0,2,0,0,127,254,64,0,1,0,0,0,0,0,0,0,255,255,1,0,0,0,0,0,0,0,1,0,0,1,1,0,128,254,1,1,0,0,0,1,0,0,0,128,255,191,0,0,1,2,1,0,1,1,0,1,0,1,2,0,63,255,128,0,0,0,0,2,0,0,1,191,255,126,0,1,0,0,0,2,0,0,1,0,1,0,0,0,2,128,190,1,0,1,1,1,2,0,0,255,253,63,1,0,1,0,0,0,0,0,1,0,0,0,0,0,1,0,1,1,0,0,0,0,0,1,63,255,190,1,0,0,1,1,0,0,0,0,2,2,0,0,2,0,0,1,0,0,0,1,0,63,127,190,254,255,128,1,0,0,0,0,0,0,0,0,0,3,1,0,0,0,0,0,2,0,63,129,255,255,255,255,255,255,64,0,1,0,1,0,0,0,1,0,0,0,0,0,0,1,1,1,0,128,255,255,255,255,254,253,255,254,192,127,0,0,0,0,0,0,0,0,2,0,0,0,1,0,1,0,1,255,254,255,255,255,255,255,255,254,255,255,0,0,2,0,0,0,0,0,0,1,0,0,0,0,0,2,128,253,192,0,65,255,255,190,1,1,255,255,255,127,130,0,1,0,0,0,0,0,0,0,1,1,1,0,252,255,191,129,255,255,255,65,0,0,0,193,255,255,191,0,0,1,0,0,0,0,0,2,0,2,0,0,190,255,255,255,255,254,64,1,0,0,0,1,1,0,0,1,0,0,0,1,0,0,1,0,0,2,0,0,64,255,255,255,252,65,1,0,0,1,1,0,0,0,0,0,1,0,0,1,2,0,0,0,0,0,1,0,0,191,255,255,65,1,0,0,2,0,0,2,0,0,0,0,0,0,0,1,1,0,0,1,0,0,0,0,0,1,0,0,0,0,1,0,1,0,1,0,0,1,0,1,0,0,0,0,0,0,1,0,2,0,0,1,1,1,2,1,0,0,0,2,0,0,0,0,0,0,0,1,0,0,0,1,0,1,0,0,0,0,0,0,0,0,0,0,0,0,0,0,1,0,1,0,1,1,1,0,0,0,0,0,0,0,0,0,0,1,0,0,1,0,0,0,0,0,2,0,1,0,0,0,0,0,0,1,0,0,0,1
1,0,1,0,1,0,2,0,0,0,0,1,0,1,0,0,1,0,0,1,0,0,0,0,0,1,0,0,0,0,0,2,0,0,0,0,1,0,0,0,0,0,0,1,0,0,0,0,0,0,0,0,1,1,0,0,1,0,1,0,0,1,0,0,0,0,0,2,0,2,0,0,0,2,0,1,1,0,1,1,0,0,0,0,0,0,0,0,0,0,0,0,0,0,0,2,0,0,0,0,0,0,1,0,0,0,0,1,0,0,0,1,0,1,1,0,0,1,0,0,0,0,0,2,0,21,132,112,0,0,0,0,0,0,1,0,1,0,0,0,0,0,0,1,0,0,0,0,1,1,0,1,1,90,255,149,1,0,0,0,1,0,1,0,1,0,0,0,0,1,2,0,0,0,0,0,1,2,1,0,0,1,251,148,3,1,0,0,1,0,0,1,0,1,1,0,0,1,1,0,1,0,0,0,0,0,0,0,1,1,252,197,0,0,2,1,2,0,0,0,0,1,1,0,1,0,1,0,0,0,0,0,0,0,0,0,0,1,250,251,1,0,0,0,0,2,0,0,1,0,0,0,0,1,1,0,0,0,0,0,0,2,0,0,0,0,252,250,0,0,0,1,0,1,1,0,0,0,2,1,1,0,0,2,0,2,0,0,0,1,2,1,0,0,250,250,0,3,0,0,0,0,0,0,1,0,0,0,0,0,0,0,0,0,0,1,0,0,0,0,0,0,250,249,2,1,0,0,2,0,0,0,0,0,2,0,0,0,0,1,1,0,1,1,0,0,2,0,1,1,251,251,1,0,1,0,1,1,1,0,0,0,0,0,0,1,0,1,0,0,1,0,0,1,0,0,1,0,250,250,0,2,0,3,3,0,0,0,2,0,1,0,1,1,1,1,2,0,0,2,1,0,0,0,0,40,252,206,0,0,0,1,0,0,1,0,1,0,0,0,0,0,0,0,1,1,1,0,0,0,0,0,0,36,252,149,2,1,0,0,0,1,2,0,0,0,0,1,2,0,0,0,0,0,0,1,2,0,1,1,1,0,251,153,1,0,0,0,0,1,0,0,0,0,0,0,1,0,0,0,0,0,0,0,0,0,0,0,0,28,252,249,0,0,0,0,0,0,0,0,0,0,1,1,0,0,0,0,0,0,1,0,1,1,0,0,0,10,251,251,0,2,0,0,0,0,0,1,0,1,0,0,0,1,0,1,0,2,0,0,0,0,2,1,2,0,252,249,0,0,1,0,0,0,0,1,0,0,0,1,0,1,0,0,0,0,0,0,0,0,1,1,0,0,251,252,0,0,2,2,0,0,0,0,1,0,0,0,0,3,0,0,0,1,0,0,0,1,1,0,1,0,252,250,1,0,0,1,0,1,1,2,0,0,0,0,0,1,0,0,0,0,0,0,1,0,0,0,0,0,192,255,94,0,1,0,0,2,0,1,1,1,0,0,0,0,0,0,0,0,0,0,0,0,0,0,0,0,34,177,94,0,2,0,0,1,0,0,0,0,0,0,1,1,0,0,1,0,0,1,0,1,0,0,0,0,1,0,0,0,0,2,0,0,2,1,0,0,0,0,1,0,0,1,0,0,1,0,0,1,0,0,0,1,0,0,2,0,0,1,0,0,0,0,0,0,0,1,1,0,0,1,0,0,0,0,0,0,1,1,0,1,1,0,0,0,1,1,0,0,0,0,1,0,0,1,1,0,0,0,0,0,0,1,0,0,0,1,0,1,0,0,0,2,1,2,0,0,0,0,0,1,1,1
0,0,0,0,2,0,1,0,0,1,0,0,0,0,0,0,0,0,1,1,0,0,0,0,0,0,0,0,0,0,1,0,0,0,1,0,0,2,0,0,0,0,0,0,0,1,0,0,0,0,0,1,0,1,1,0,0,0,1,0,1,0,2,0,0,0,2,0,0,0,0,0,0,0,0,0,0,0,0,0,0,0,0,2,0,2,0,2,1,0,0,0,0,1,0,53,210,253,156,153,56,8,0,0,0,0,0,2,0,1,0,1,0,0,1,0,1,1,1,0,0,0,0,50,198,253,253,253,252,211,41,1,0,1,0,0,0,0,2,1,1,0,0,1,0,0,0,1,0,0,0,0,15,128,188,241,253,253,230,111,1,0,0,0,0,0,1,1,0,0,1,0,0,2,1,0,0,0,0,2,0,0,0,28,96,236,254,240,35,1,0,1,1,0,0,0,0,0,0,0,0,0,1,0,0,0,1,1,1,0,0,0,1,212,253,252,74,0,1,0,1,0,1,0,1,0,2,0,0,2,1,0,0,0,0,0,1,0,1,0,106,248,252,251,75,0,0,0,0,0,1,0,0,0,0,0,0,0,1,0,1,0,0,0,0,0,0,3,191,254,253,237,20,0,1,1,0,0,0,0,1,2,0,0,0,1,0,0,0,0,0,0,0,0,1,155,255,254,253,157,1,1,0,0,1,0,0,0,0,0,0,0,1,0,0,0,0,1,0,0,0,0,154,242,252,251,200,6,1,0,0,0,0,1,0,0,0,0,1,0,1,0,0,0,0,0,0,2,2,76,252,252,252,224,35,1,2,0,0,0,0,0,1,0,0,0,0,0,1,0,0,0,0,0,0,0,35,244,254,253,253,96,0,1,0,0,0,0,1,0,1,0,0,0,0,0,0,0,0,0,0,0,1,21,206,254,253,252,109,0,0,0,0,0,1,0,1,0,0,0,0,0,0,0,2,1,0,0,0,0,35,229,252,253,245,117,1,0,0,0,0,0,0,0,0,0,1,0,0,0,0,1,0,0,0,0,1,50,234,254,254,254,77,0,0,0,1,0,0,1,0,0,1,1,1,1,0,1,0,2,0,1,0,2,70,215,255,255,248,155,1,0,1,0,0,0,1,0,2,0,0,1,0,0,2,1,0,0,2,1,0,79,246,254,254,254,212,0,2,0,1,0,1,0,0,0,0,0,0,0,0,0,0,0,2,0,0,0,0,152,253,254,253,209,50,0,27,16,35,34,102,134,134,188,60,0,0,0,1,0,0,0,0,0,2,0,0,17,227,252,252,231,240,189,239,217,254,253,253,254,253,206,42,0,0,1,0,2,0,0,1,1,0,0,0,0,58,210,251,255,253,254,254,252,252,254,252,230,138,12,0,0,1,0,0,1,0,1,0,2,0,1,0,0,0,38,146,226,252,252,253,173,155,147,53,29,0,0,0,0,0,0,1,1,0,0,1,1,0,2,0,0,0,0,0,0,0,0,0,2,0,1,1,0,0,0,0,0,0,0,0,2,1,0,0,0,0,1,0,0,0,0,0,1,1,0,0,0,0,1,0,1,1,0,0,0,0,0,0,0,1,0,0,0,0,0,0,0,0,0,1,0,0,1,0,1,0,0,2,2,1,0,1,1,0,1,0,1,0,0,0,0,0,0,1,0,1,0,0,0,0,0,0,1,0,0,0,1,1,0,1,0,0,0,0,0,0,0,0,2,0,0,1,0,0,0,1,1,1,0,1,1,0,0,0,0,0,0,0,1,0,0,0,0
1,0,0,0,0,1,0,0,0,1,2,1,0,0,1,0,0,1,0,1,0,2,1,0,0,0,0,0,0,0,0,0,0,1,0,0,0,0,0,0,0,0,0,1,1,0,1,0,1,2,1,0,1,0,0,0,0,0,1,1,0,0,2,1,0,0,0,0,1,0,0,0,0,1,0,0,2,0,1,0,1,0,0,0,0,1,1,0,0,1,0,0,2,1,0,0,1,1,0,0,0,1,1,1,1,1,0,0,1,0,0,1,0,1,1,0,0,1,0,0,0,1,1,1,0,1,1,1,1,0,0,1,0,1,0,1,1,2,1,0,1,0,0,0,0,0,0,0,0,0,2,0,1,1,1,1,0,0,0,0,0,0,1,1,0,0,0,1,0,0,0,2,0,0,0,1,0,2,0,1,0,29,140,255,254,254,140,1,0,0,0,0,0,2,1,1,1,0,0,0,0,2,1,0,0,0,0,1,57,253,255,255,224,198,254,169,0,0,1,1,0,1,0,0,0,0,0,0,1,2,0,0,0,0,0,58,255,255,254,113,2,0,28,226,87,1,0,0,0,0,1,0,0,0,0,1,0,0,0,0,0,1,30,227,255,255,89,0,1,0,2,87,255,113,0,0,0,0,0,0,0,1,0,0,0,0,0,1,0,0,171,254,254,85,0,1,0,0,58,227,255,255,1,0,0,0,0,0,0,0,0,0,0,1,0,0,0,115,255,255,143,2,0,0,0,86,255,255,254,173,1,0,0,0,0,0,1,0,0,1,0,1,0,0,141,255,254,85,0,0,0,1,141,255,255,255,226,29,1,0,1,0,2,0,0,1,0,0,1,1,0,1,225,254,170,0,0,2,58,228,255,255,254,255,59,0,0,1,0,0,0,0,2,0,0,1,0,1,0,57,254,255,86,0,0,84,225,254,255,254,253,199,0,2,0,1,1,0,0,0,0,1,0,0,0,0,1,28,226,255,30,57,226,254,255,199,253,255,253,57,0,0,0,0,0,0,0,0,0,0,0,0,1,1,2,1,141,255,254,255,255,255,171,113,255,254,115,0,1,1,0,1,0,0,0,2,0,0,0,2,1,0,0,0,2,224,255,255,255,170,30,199,254,227,0,0,1,0,0,0,1,0,1,2,1,0,2,0,2,0,0,0,0,0,56,29,2,2,84,255,254,114,0,0,1,1,0,0,0,1,0,0,0,2,1,0,0,1,1,2,0,0,3,0,1,0,224,254,200,1,0,1,1,0,1,0,1,1,1,1,1,0,1,2,0,2,0,0,0,1,0,0,0,114,254,254,57,0,0,1,0,2,2,0,1,0,0,0,0,0,0,0,0,0,0,0,2,0,0,2,0,199,253,140,0,0,0,1,0,1,0,2,0,0,0,2,1,0,0,0,1,2,0,1,0,0,0,0,58,255,255,85,2,1,1,0,1,0,0,0,0,0,0,0,0,1,1,1,0,0,0,0,0,0,0,1,141,255,169,3,1,0,0,0,0,0,0,0,0,0,0,0,0,0,1,1,2,1,1,1,0,1,1,0,169,255,84,0,1,1,1,0,2,0,2,0,0,0,0,1,1,1,1,0,0,0,0,0,0,0,1,0,86,226,57,2,0,1,1,0,1,0,1,0,0,0,0,0,0,0,1,0,0,0,0,0,0,0,1,0,0,2,0,0,0,0,0,0,1,1,0,0,2,1,1,1,0,0,0,0,0,0,0,0,0,1,0,0,0,0,0,1,2,0,0,1,0,1,1,1,0,0,0,2
0,0,0,0,0,0,2,1,0,1,0,0,0,1,0,0,0,2,1,2,0,0,1,0,0,0,1,1,0,1,1,1,0,0,0,0,0,2,1,0,0,1,0,0,0,0,0,0,0,0,0,2,0,0,0,0,0,2,0,0,0,1,0,2,0,0,0,0,0,0,0,0,0,0,0,0,0,0,1,1,1,0,1,0,1,1,0,0,1,0,1,0,2,0,1,1,2,0,1,1,0,0,0,0,1,1,0,0,0,1,1,1,0,2,0,0,0,0,1,0,0,0,0,0,1,0,1,0,0,1,1,0,0,1,0,0,0,1,0,0,0,0,0,0,0,0,0,0,0,1,0,0,0,0,0,88,162,196,48,1,0,0,0,2,0,0,0,1,0,1,0,0,0,0,0,1,0,0,1,0,48,177,235,253,252,255,138,0,0,0,0,0,0,1,3,0,2,0,0,1,0,0,0,1,1,1,9,127,246,254,254,239,252,255,117,0,1,0,0,0,0,0,0,2,0,1,0,1,1,0,0,0,0,104,212,253,244,168,53,78,253,251,154,0,0,0,0,0,1,0,0,0,0,0,0,0,0,1,0,0,1,220,254,226,40,0,0,120,254,252,72,0,1,0,0,1,0,1,2,0,0,0,0,1,0,0,0,0,0,60,38,1,0,0,0,236,255,255,71,0,0,0,0,1,0,0,0,0,1,0,0,0,0,0,0,0,0,1,0,0,0,0,0,234,253,223,29,0,0,0,0,0,0,0,0,0,0,0,0,0,0,1,0,1,2,0,0,0,0,0,36,243,252,101,1,0,0,2,0,0,1,0,1,0,0,1,1,2,0,0,0,0,0,2,0,0,0,0,72,253,253,54,0,0,0,0,0,0,0,0,0,0,0,0,2,2,0,0,1,0,1,0,0,0,0,0,73,252,252,55,1,0,1,2,1,0,2,0,1,1,1,1,1,2,1,0,0,0,1,0,0,1,0,0,101,253,229,19,0,1,0,0,0,1,0,1,0,0,0,2,0,0,1,1,0,1,1,0,1,1,0,1,182,254,217,0,0,0,0,1,0,0,3,0,0,0,1,0,1,0,1,1,0,0,0,0,0,8,44,128,253,255,251,108,11,0,0,0,0,0,0,0,1,0,0,0,1,0,0,0,0,0,0,31,129,210,252,253,255,252,253,244,67,0,0,0,0,0,1,0,0,0,0,0,1,0,1,0,0,0,0,74,253,240,165,193,255,251,129,41,1,1,0,2,1,0,0,1,0,1,0,1,0,1,0,0,0,0,0,0,54,79,0,92,255,254,35,0,0,0,1,0,0,0,3,1,0,1,0,1,1,0,1,2,1,0,3,0,0,0,4,191,255,253,37,0,0,0,1,0,0,0,0,0,1,0,0,0,0,1,0,2,0,3,1,0,0,0,19,253,255,253,36,1,0,0,2,0,0,1,0,0,0,2,0,1,1,0,0,0,0,0,0,0,0,0,17,253,253,211,9,0,0,1,0,1,0,1,0,0,0,0,0,0,1,0,0,0,0,0,2,0,1,0,12,194,255,103,0,1,1,0,1,0,0,1,0,0,0,2,0,0,2,0,0,1,0,1,0,0,0,0,0,1,2,0,0,2,1,2,0,0,0,0,0,1,1,0,0,0,0,0,0,0,0,0,0,0,0,2,0,0,1,0,0,2,2,0,1,0,0,0,1,0,0,2,1,0,0,0,0,0,0,2,0,1,0,0,0,0,0,0,0,1,0,0,2,0,0,0,0,0,0,0
0,0,1,0,0,0,3,1,0,0,0,0,2,0,1,1,0,0,0,0,0,2,0,0,0,0,0,1,0,0,0,1,0,0,0,0,0,0,1,1,0,2,0,0,0,0,0,0,1,0,0,0,0,2,0,0,2,1,0,1,0,1,0,0,0,0,0,0,0,2,0,1,0,0,0,0,0,0,0,0,0,0,0,0,1,1,1,1,0,2,0,2,0,0,1,1,0,0,0,1,0,0,0,1,1,0,0,0,0,0,0,0,1,0,0,0,0,1,1,0,1,0,0,0,2,0,0,0,0,1,2,1,1,0,1,1,0,1,1,1,0,2,0,0,2,0,0,0,0,0,0,0,1,0,0,0,1,0,1,0,0,0,1,0,0,0,0,0,0,0,0,0,1,2,0,1,2,0,0,0,1,0,0,0,0,1,0,9,97,255,215,253,201,58,0,0,0,1,2,0,0,0,0,0,0,0,1,2,1,0,1,8,18,64,146,219,253,254,237,233,217,47,0,3,0,1,1,1,0,0,0,1,0,0,0,1,0,31,89,205,254,253,252,210,173,79,14,1,1,1,1,2,0,0,1,0,0,1,0,1,0,0,0,34,146,242,251,222,155,117,85,8,0,1,1,0,0,1,2,2,1,1,0,1,0,2,0,1,0,1,37,209,253,185,66,15,0,0,1,1,0,0,0,1,1,0,0,0,0,1,1,1,1,0,0,0,0,1,99,219,52,0,0,0,0,0,1,0,1,1,1,0,0,1,0,0,1,1,0,1,0,0,1,0,0,0,181,150,0,0,0,0,1,1,1,0,1,1,1,0,1,1,0,0,0,0,0,0,0,1,0,0,1,0,197,127,2,1,2,0,0,0,1,0,1,0,1,0,0,1,1,0,0,1,0,0,0,0,1,0,1,1,140,206,7,0,0,2,0,0,1,2,0,1,0,0,0,0,0,0,0,1,2,1,0,0,0,0,0,0,60,255,150,1,0,0,1,0,1,2,0,1,0,0,0,0,0,2,1,0,0,0,1,0,0,1,2,0,0,97,255,186,11,0,0,0,2,0,0,1,0,0,1,1,0,1,2,1,0,0,0,1,0,0,0,0,0,8,46,202,200,28,0,0,0,0,0,0,0,0,0,0,0,0,2,0,0,0,0,0,0,2,0,0,0,1,0,0,165,117,1,0,0,0,1,0,0,0,0,0,1,0,0,1,0,0,1,0,0,0,0,0,0,1,0,0,40,245,92,0,0,0,0,0,0,0,0,1,0,0,1,1,0,0,0,0,0,1,2,1,1,0,0,1,1,196,98,0,0,1,0,0,0,0,1,0,0,0,0,0,1,0,0,0,0,0,0,0,0,1,1,0,47,232,38,1,1,2,1,0,2,0,3,1,1,2,1,1,0,0,1,1,1,0,1,0,0,0,1,51,229,164,1,0,0,2,1,0,0,0,1,0,0,0,1,0,1,0,1,0,49,13,0,3,0,80,167,253,196,17,2,0,1,1,0,0,1,0,0,0,1,0,1,0,0,0,0,1,155,238,234,235,235,255,227,87,10,0,1,0,0,0,1,0,0,0,0,1,0,1,0,0,0,1,0,0,37,140,186,161,156,56,31,0,0,1,1,0,1,0,0,1,0,0,0,0,0,0,1,0,2,0,0,0,0,0,0,0,1,0,1,3,0,0,0,1,1,2,0,0,0,0,0,0,0,0,0,0,1,1,1,0,0,0,1,0,1,1,0,0,1,0,0,2,1,1,0,1,2,0,0,1,1,0
0,0,0,0,0,2,1,0,0,1,0,0,0,0,0,1,1,1,0,0,1,0,0,1,1,1,0,0,0,0,0,1,1,0,1,0,0,1,0,2,0,1,1,0,0,2,1,0,1,0,0,1,0,0,0,1,0,1,0,1,0,0,0,0,0,0,1,3,0,0,2,0,1,0,0,0,1,1,1,0,1,0,0,0,2,0,0,1,2,0,0,0,0,1,0,1,0,1,0,1,0,0,0,0,0,0,1,0,2,0,1,0,0,0,2,0,1,0,0,0,0,3,0,0,0,0,0,1,0,1,0,1,1,0,0,0,0,0,1,0,0,1,0,0,0,0,0,0,0,0,0,0,0,0,0,0,1,0,1,1,0,0,0,0,1,0,0,0,0,0,0,0,0,0,0,0,0,1,0,48,161,197,240,255,157,25,1,1,0,0,0,0,0,0,1,1,0,0,1,1,1,0,1,0,0,0,22,248,253,255,254,252,254,185,28,0,1,1,1,1,2,1,1,0,0,0,0,0,1,0,0,0,5,182,234,255,225,205,130,116,150,255,67,1,0,0,1,0,0,0,0,0,2,0,1,0,0,0,1,1,47,254,254,192,22,0,0,0,1,183,174,1,0,1,1,0,2,1,0,0,0,0,1,1,0,2,0,16,223,254,247,4,1,0,1,1,0,170,240,65,2,1,0,0,1,2,0,0,0,1,0,0,0,1,0,38,254,248,99,0,0,0,0,0,0,169,254,134,1,0,0,0,0,1,0,0,0,1,1,1,0,0,1,125,254,157,0,1,0,0,1,0,0,109,253,191,13,0,0,0,1,0,0,0,2,1,0,0,0,0,0,126,252,189,2,0,1,0,0,0,0,83,254,201,0,0,0,0,0,0,0,1,0,0,0,0,1,0,1,127,255,240,0,0,1,0,0,0,2,80,254,200,0,1,3,0,0,1,0,0,0,1,0,1,0,0,2,15,205,254,72,1,1,0,1,1,18,203,255,201,0,1,0,0,0,0,0,0,0,0,0,0,0,0,0,0,144,245,194,64,32,49,129,177,225,252,253,200,0,1,2,0,0,0,0,0,0,0,0,0,1,0,0,0,2,108,219,253,253,248,254,200,145,151,254,199,0,0,1,1,0,1,0,0,0,0,1,1,0,0,0,0,1,2,49,157,223,59,73,17,0,82,253,219,15,2,0,0,2,0,1,0,0,2,0,1,0,0,0,0,0,0,1,0,0,0,1,1,0,81,254,254,33,0,0,2,0,0,1,0,0,0,0,0,0,0,1,0,0,0,0,0,0,0,1,1,2,80,254,239,25,0,1,0,0,0,1,0,0,0,0,0,1,0,0,0,0,0,0,0,0,0,0,0,0,80,254,199,0,0,0,0,2,0,0,0,0,1,0,1,0,2,0,2,0,0,0,0,0,0,0,0,2,38,249,247,33,0,2,0,0,0,0,0,1,0,0,1,0,0,0,1,0,2,2,0,0,0,0,2,0,1,246,253,35,0,0,1,2,0,0,0,0,0,1,0,0,0,0,1,1,0,0,0,0,0,0,0,0,1,246,255,35,1,0,1,0,0,0,0,0,2,0,0,0,0,0,0,0,0,2,1,0,0,0,0,0,0,182,235,23,0,1,0,0,0,0,0,0,0,0,0,1,2,2,0,0,1,1,0,0,0,0,1,0,0,1,1,0,0,0,2,1,1,1,0,0,0,0,0,0,0,0,0,0,0,0,0,1,0,0,0,1,0,0,1,0,2,0,1,0,0,0,0
0,1,1,0,0,0,1,0,2,0,1,0,0,0,1,0,0,0,0,1,1,0,1,0,1,0,0,0,0,0,1,0,0,0,0,0,0,0,0,0,0,0,0,2,0,0,1,0,1,0,0,0,0,0,0,0,0,0,1,0,0,0,0,2,0,1,0,0,0,1,0,0,0,0,0,0,0,0,0,0,0,1,0,1,0,0,0,1,1,0,2,60,170,201,174,219,255,147,35,0,0,2,1,0,1,1,0,0,2,0,0,0,0,1,0,2,1,0,92,243,252,254,252,251,252,253,244,77,0,1,0,0,0,1,1,0,1,0,0,0,0,0,0,1,0,31,214,253,217,146,194,151,224,253,252,225,69,0,0,0,1,0,0,1,1,2,1,0,0,0,0,0,0,99,252,191,37,0,1,0,11,105,211,253,223,25,0,1,2,0,0,0,0,0,2,1,1,0,0,0,0,59,110,0,2,2,0,1,2,0,11,167,255,162,0,0,0,1,1,1,0,0,0,1,0,0,0,1,0,2,0,2,1,1,1,0,2,1,0,15,189,249,45,0,0,0,1,0,1,0,1,0,0,1,1,0,0,0,0,0,0,0,0,0,0,0,0,1,79,255,125,0,0,0,0,1,0,0,0,2,1,0,0,0,2,1,1,0,1,0,0,0,0,0,0,3,54,253,136,3,0,0,0,0,1,0,1,0,2,0,2,0,0,0,0,0,0,1,0,2,0,1,0,0,0,201,191,0,1,0,1,1,1,0,0,2,0,0,0,1,0,2,0,1,0,1,2,0,0,0,0,0,0,140,215,0,0,0,0,1,0,0,1,1,0,1,0,0,1,0,1,0,0,1,0,2,0,2,0,1,0,96,233,22,0,0,0,0,0,0,1,2,0,1,0,0,0,1,0,0,1,0,0,0,0,0,1,1,0,99,232,15,0,0,0,1,0,0,0,0,0,0,1,0,0,1,2,0,0,0,0,0,13,51,122,98,27,159,215,0,0,0,0,0,0,1,0,3,1,0,3,1,1,0,0,1,2,0,1,63,223,255,254,251,252,251,214,0,1,0,0,1,0,0,0,0,0,1,0,0,0,0,0,1,0,0,11,212,255,255,252,250,253,253,223,7,0,0,1,0,0,0,0,0,1,0,0,1,0,0,1,0,1,0,135,252,180,98,36,104,246,255,254,179,31,0,0,1,2,1,1,0,1,0,0,0,0,1,0,1,0,8,219,254,65,1,0,28,242,255,254,253,178,38,1,0,0,0,1,0,1,0,0,0,0,0,0,0,1,10,226,253,252,147,193,228,252,135,214,253,255,231,159,156,6,0,0,0,0,1,0,0,0,0,0,0,0,0,177,253,255,254,253,251,165,1,29,214,253,255,252,112,1,0,0,0,0,1,0,4,0,0,0,1,1,2,21,140,223,253,217,91,7,1,0,29,169,174,77,5,1,3,1,0,1,1,1,0,1,1,0,0,0,1,0,1,0,0,0,0,0,2,0,1,0,0,1,0,0,0,1,0,2,0,2,1,0,0,0,0,0,1,0,0,2,1,0,0,0,1,0,1,0,0,0,1,0,0,0,0,0,0,0,0,1,1,0,1,0,1,0,0,0,0,0,2,0,0,0,0,0,1,2,0,0,0,1,2,0,0,0,0,0,0,0,0,1,1,0,0,0,0,2,0,0,0,0,0,0,0,0,0,1,0,0,2,0,1,0,0,0,1,0,1,1,0,0,1,0,1,2,0,0,2,1,0,0,0,0,0,0,0,1,0
1,0,2,1,2,0,0,0,0,0,0,0,0,0,0,0,0,1,0,2,0,0,0,0,0,0,0,0,0,0,0,0,0,0,1,0,0,0,0,0,0,0,0,0,0,0,0,0,0,1,0,1,0,1,1,1,0,0,1,0,1,1,0,0,0,1,2,0,2,0,0,0,0,0,0,1,1,0,0,0,0,0,2,1,1,0,0,0,0,0,0,0,0,0,0,1,0,0,0,1,93,255,254,72,0,2,0,0,0,1,2,1,0,1,1,1,0,1,0,0,0,0,1,0,0,0,2,95,253,252,252,72,0,0,0,0,0,2,0,0,0,0,0,0,0,0,1,0,0,0,1,0,0,17,94,255,254,254,252,71,1,1,0,1,0,0,1,0,0,0,0,0,0,0,0,1,1,0,0,1,19,194,253,254,230,246,182,23,0,0,0,1,0,1,0,0,0,1,0,1,0,2,0,0,0,1,0,1,184,254,252,188,38,63,0,0,0,0,0,0,0,0,1,1,1,0,1,3,0,3,1,0,1,1,0,25,227,252,218,0,1,0,0,1,3,0,0,0,0,0,0,0,2,0,0,1,1,1,0,1,0,0,0,87,253,253,34,0,0,1,0,0,0,1,1,0,0,0,2,0,0,1,0,1,0,0,0,0,0,1,30,206,254,157,2,0,0,2,2,0,1,0,2,0,1,2,0,0,1,0,1,0,1,0,1,0,0,0,73,253,253,145,0,0,0,0,0,0,2,1,0,1,0,0,0,0,1,2,0,0,0,0,0,2,0,0,72,252,254,30,0,0,0,0,0,1,0,1,0,0,0,0,0,1,0,0,0,1,0,1,0,1,0,0,72,255,208,25,8,2,1,0,1,0,0,0,1,3,1,0,2,0,0,0,0,0,2,3,0,1,1,0,132,253,253,241,63,0,0,0,1,0,1,0,0,0,0,0,1,0,0,0,0,0,0,0,1,1,0,1,74,253,252,211,100,157,157,83,13,2,0,0,1,0,2,0,0,0,1,1,0,0,0,0,0,0,1,0,72,251,254,254,253,253,252,254,108,0,1,0,0,0,0,0,0,0,0,0,1,0,0,0,0,2,0,0,74,253,252,252,224,197,253,253,217,18,0,1,0,1,0,0,0,0,0,0,0,1,2,0,0,0,1,2,51,241,254,254,42,2,172,253,253,107,0,0,0,0,2,0,0,0,0,0,0,0,0,0,0,0,0,0,2,206,253,253,52,0,47,253,254,193,0,0,1,0,0,0,0,2,0,0,0,0,0,1,0,1,0,0,1,159,254,252,235,218,222,252,252,192,1,0,0,0,1,0,1,0,0,1,0,3,0,0,0,0,1,0,2,8,171,254,252,253,254,254,253,193,0,0,1,0,0,0,1,1,0,0,0,0,0,0,0,0,0,0,0,0,5,62,131,137,253,177,133,42,2,0,0,0,0,0,1,0,1,0,1,0,3,1,1,0,1,0,0,0,0,1,1,1,1,0,1,3,0,0,0,0,1,0,1,0,0,0,0,0,0,1,0,0,1,0,0,0,0,0,0,0,0,0,0,0,0,0,0,0,0,0,0,0,0,0,0,0,1,1,0,0,0,0,0,2,0,0,1,2,0,1,1,1,1,0,2,0,0,1,0,0,0,1,0,1,0,0,0,1,0,0,1,0,0,0,0,0,0,0,0,0,0,0,1,0,0,0,0,0,0,0,0,0,0,1,1,2,0,0,0,1,0,0,1,1,0,2,0,0,0,0,0,1,0,0,0,0
0,0,0,0,3,1,0,1,0,1,0,0,0,0,0,0,1,0,1,0,0,0,0,1,0,0,0,0,0,1,0,0,0,0,0,0,0,1,0,1,0,1,1,1,0,1,0,1,0,0,1,0,1,1,0,0,0,0,0,1,0,0,0,0,0,0,1,0,0,2,0,0,0,0,2,2,1,0,0,1,0,0,0,1,1,0,1,1,0,0,0,1,0,0,0,0,0,1,1,0,1,0,2,0,0,0,1,0,0,0,0,0,2,0,0,0,0,0,0,1,2,0,1,0,2,0,0,0,1,0,0,0,0,0,0,1,0,1,0,0,1,0,0,0,0,0,0,0,0,0,0,0,1,1,0,0,1,1,2,3,0,0,1,0,0,0,1,1,2,1,0,0,0,1,2,0,1,1,1,1,0,0,2,0,0,0,0,0,0,0,1,2,1,0,1,0,1,0,0,0,24,112,43,0,1,2,0,0,1,0,1,2,0,0,73,189,112,4,2,0,0,1,1,0,0,0,2,0,190,250,219,46,0,0,0,1,0,0,0,1,0,0,174,250,252,110,0,2,0,1,0,0,0,1,0,85,245,251,248,95,1,0,0,0,0,0,2,2,1,0,254,251,252,147,1,0,0,0,0,0,0,0,0,193,251,250,211,34,1,0,0,0,0,1,0,1,0,0,154,253,249,31,0,0,0,2,0,0,0,0,0,255,253,253,31,0,0,0,0,2,0,0,0,1,0,0,96,255,252,91,1,2,0,0,1,1,0,1,0,255,251,250,32,0,32,31,32,170,190,191,191,188,190,189,213,252,251,196,11,0,1,0,0,1,0,0,0,254,251,251,140,125,252,249,252,251,251,254,251,251,250,250,253,250,251,250,174,2,2,0,0,3,0,0,2,255,250,251,252,252,253,250,250,250,252,251,248,250,235,228,252,251,249,251,112,0,0,0,0,0,0,0,0,154,249,250,248,251,252,250,172,95,92,95,95,96,69,58,153,251,253,251,97,0,2,0,0,0,0,1,2,1,121,156,157,157,255,64,1,1,0,0,1,1,0,0,60,230,253,253,95,1,1,0,0,0,0,0,1,0,0,0,0,0,64,18,0,0,0,0,1,0,0,1,0,71,249,249,114,0,0,1,0,2,2,0,2,2,0,0,1,1,1,0,0,0,0,0,0,1,0,1,1,32,250,251,251,0,0,0,2,2,1,1,1,0,0,0,0,1,0,0,0,1,0,0,2,0,0,0,0,32,253,252,252,0,1,0,0,0,0,0,1,0,0,1,0,0,0,0,1,2,0,1,0,0,0,0,2,34,250,252,252,0,1,0,1,0,0,0,0,2,0,0,0,0,0,1,1,0,0,2,0,0,0,1,0,34,252,254,194,0,0,0,0,0,0,0,1,1,2,1,0,0,0,0,0,0,0,0,1,0,1,1,0,32,251,250,95,0,0,0,0,0,0,0,0,0,0,0,3,1,0,1,1,0,0,0,1,0,0,0,0,18,189,218,47,0,1,1,0,0,0,0,0,0,0,0,0,0,0,0,0,0,0,0,0,1,0,1,1,0,15,22,0,0,0,0,0,0,0,1,0,0,1,0,0,1,1,0,2,0,1,1,0,0,1,1,0,0,0,0,0,1,2,0,0,0,0,0,0,0,0,0,0,1,0,1,0,0,2,0,0,0,0,0,0,0,0,0,0,0,1,0,0,1,1,1,3,0,0,0,0,0,0,0,0,1,1,0,0,0,1,0,0,1,0,1,0,0,0,0,0,0
0,0,1,0,1,0,1,0,0,1,0,1,0,0,0,1,0,0,0,0,0,0,0,0,0,0,0,2,0,0,1,2,0,0,0,0,0,1,1,0,0,0,0,0,1,0,0,1,0,0,0,0,0,0,0,0,0,2,1,0,0,0,1,0,0,0,1,0,0,0,1,2,0,0,1,1,0,0,0,0,0,0,2,2,0,0,3,2,1,0,0,0,0,2,0,1,0,2,1,0,0,0,0,0,2,1,1,0,0,0,0,2,0,1,1,3,0,1,0,1,1,0,1,0,0,0,0,1,0,0,0,0,0,0,1,0,0,0,0,0,0,0,0,1,1,2,0,1,1,0,0,0,0,0,1,2,64,254,192,1,0,0,0,0,0,0,0,0,0,0,0,0,0,0,2,1,0,0,0,0,0,0,2,191,255,255,191,0,0,1,1,0,0,0,0,1,0,0,0,0,0,0,0,2,0,0,0,0,2,0,66,255,255,255,62,1,1,1,1,0,0,0,0,0,1,1,0,1,0,0,2,0,0,0,1,0,0,0,255,255,255,66,0,0,0,0,1,0,0,0,1,0,0,0,0,1,0,0,0,3,0,0,0,0,0,63,255,255,255,0,0,0,2,0,1,0,0,0,0,0,1,0,1,0,0,0,0,1,2,0,0,2,0,191,254,255,128,1,0,0,1,1,0,0,0,1,0,0,2,0,0,0,0,0,1,2,0,0,2,0,129,255,254,255,65,0,0,1,0,0,0,0,0,2,1,0,0,0,1,0,0,1,0,0,0,0,0,0,129,253,255,129,0,0,0,0,0,0,0,1,0,0,0,0,0,1,0,0,0,0,0,0,1,0,0,0,127,255,255,129,1,0,0,0,1,0,0,0,1,0,0,0,2,1,0,1,0,1,0,0,0,0,0,0,255,254,255,128,0,1,0,1,0,0,1,0,1,0,0,0,0,0,0,1,0,0,0,1,0,0,0,1,254,255,255,65,0,0,0,0,0,0,0,0,0,0,2,1,0,1,0,0,0,1,0,0,0,0,0,0,191,254,254,65,0,0,0,0,0,1,0,0,0,0,0,1,0,0,1,0,0,1,0,0,0,0,0,1,255,255,255,127,0,0,0,0,2,0,0,1,0,0,0,1,0,1,1,0,0,0,0,0,2,0,0,62,255,254,254,1,0,1,1,0,1,2,1,0,0,0,0,0,0,0,0,0,0,0,1,0,0,0,0,128,254,255,132,0,2,0,0,2,0,0,0,0,1,0,0,0,0,0,0,0,0,0,0,0,0,0,2,128,255,255,127,0,0,2,1,0,0,0,0,1,2,0,0,0,0,0,0,0,1,0,0,0,1,1,2,126,255,255,129,1,0,0,0,2,0,1,0,0,0,0,1,0,0,0,0,0,0,1,0,1,1,2,0,190,255,255,1,0,1,0,0,0,0,1,0,0,0,0,1,1,0,0,0,2,0,0,0,0,1,1,0,128,254,254,1,0,0,0,0,0,1,1,0,1,1,0,0,0,1,0,0,0,0,0,0,0,1,0,0,129,255,255,1,0,0,0,1,0,2,0,0,0,1,0,2,1,1,0,0,0,0,0,2,0,0,0,1,1,0,0,0,0,0,0,1,0,0,0,0,0,0,3,1,0,0,0,0,0,0,0,0,0,1,0,0,1,1,0,2,0,1,0,0,0,1,0,1,0,0,0,0,0,0,0,1,0,1,0,1,0,0,0,0,0,0,1,0,0,0,0,0,0,1,2,0,0,0,1,0,0
0,0,1,0,1,0,0,0,0,0,0,1,0,0,0,0,0,0,0,1,2,0,1,0,1,1,1,1,0,0,0,0,0,2,0,1,0,2,0,0,0,0,0,0,1,0,0,0,0,0,0,0,0,0,1,1,0,1,1,2,0,0,0,0,0,2,0,0,0,0,2,0,0,0,0,0,0,0,1,0,0,1,0,0,1,0,1,1,2,0,0,1,1,3,0,1,0,1,0,0,0,2,0,0,0,0,0,1,0,0,1,0,0,2,0,2,0,0,0,0,0,0,0,1,67,231,254,254,96,0,0,0,0,0,2,0,0,2,0,0,0,1,0,0,0,1,0,0,0,7,113,211,252,252,224,105,55,0,2,2,0,0,0,0,0,1,1,0,0,0,0,0,1,0,0,1,5,195,255,253,203,90,2,0,0,0,1,0,1,1,1,0,0,0,1,0,2,0,0,2,0,0,0,0,108,252,242,127,16,0,0,0,0,1,0,0,0,0,0,1,0,1,0,0,0,0,0,0,0,0,0,0,121,251,126,0,0,0,0,0,1,1,0,1,0,0,0,0,0,0,1,1,0,1,0,0,0,0,0,1,119,253,123,0,2,0,0,0,0,0,2,0,2,0,0,0,0,1,1,0,0,0,0,0,0,0,1,1,123,252,159,1,0,0,0,0,0,0,0,0,0,0,0,0,0,0,2,0,0,1,0,0,1,1,0,1,122,251,240,138,86,26,1,0,1,0,0,0,1,1,0,0,1,1,1,0,0,0,0,0,1,0,0,0,45,252,252,251,252,230,98,20,0,0,1,0,0,0,0,0,0,0,1,0,0,0,0,0,0,2,0,1,2,156,227,204,203,242,255,249,112,1,2,0,1,0,0,0,1,0,0,0,0,0,0,0,1,0,0,0,0,14,25,0,1,39,109,231,241,155,4,0,1,0,0,0,0,0,0,0,0,0,0,1,0,0,0,0,1,0,0,0,0,0,0,41,229,254,146,0,0,0,1,0,0,0,0,0,0,1,0,0,2,0,1,0,0,0,0,0,0,0,1,1,49,194,243,116,0,2,0,1,2,0,0,0,0,1,0,0,1,0,1,0,0,2,3,0,2,0,0,0,0,44,231,237,21,0,0,1,0,0,0,1,0,0,1,0,0,0,0,2,1,2,0,0,0,0,1,0,0,0,120,254,130,0,0,0,0,1,0,0,0,0,0,0,0,0,0,0,2,0,53,179,80,0,0,0,1,0,49,245,253,20,0,1,0,0,1,2,0,3,1,0,0,0,0,0,0,0,119,254,226,98,34,23,0,0,0,197,253,34,1,0,1,0,1,0,0,0,0,1,0,0,1,1,0,2,7,64,243,253,253,228,190,106,90,146,252,120,2,0,0,0,0,1,1,0,0,1,1,0,0,0,0,0,1,0,9,85,215,252,254,253,254,255,238,60,1,0,0,0,0,0,0,1,0,0,0,0,1,1,0,2,0,2,0,0,12,55,77,160,227,153,67,0,0,0,1,1,0,1,0,0,0,0,0,0,0,0,1,0,1,0,0,2,0,0,0,0,1,0,1,0,0,0,0,2,0,0,0,2,1,1,0,0,0,0,1,1,1,0,0,0,0,0,0,0,0,0,1,2,0,0,0,0,0,0,0,2,0,0,1,1,0,0,1,0,0,0,0,0,0,0,0,0,0,0,1,1,0,1,0,0,0,0,1,0,1,1,0,1,1,1,0,1,0,1,0,0,0,0,0,1,1,0,0,0,1,0,2,1,0,0
0,0,0,1,0,0,0,0,0,0,0,0,0,0,0,0,1,0,0,0,0,1,0,0,0,0,0,0,1,0,2,0,1,0,0,0,1,0,0,0,1,1,0,1,0,0,1,2,0,0,0,0,1,0,0,0,0,0,2,0,1,0,2,1,1,0,0,0,0,0,0,0,1,1,0,0,1,1,0,0,0,0,0,0,0,1,0,0,0,0,0,0,0,0,1,0,1,0,0,2,0,2,0,0,2,1,0,0,0,0,0,0,0,0,0,0,0,0,0,0,0,0,0,2,1,1,0,0,0,1,1,0,0,1,1,2,0,0,0,2,0,2,0,0,0,0,0,0,1,2,0,210,254,190,0,0,1,1,0,1,0,1,0,0,1,0,0,0,0,0,0,0,1,2,0,1,1,2,145,252,252,128,1,0,2,0,0,1,1,0,0,1,0,0,0,0,0,2,0,0,0,0,0,0,0,143,250,253,183,4,1,0,101,242,240,241,155,2,0,0,0,0,2,1,0,1,1,1,0,0,0,1,41,235,254,221,106,0,1,104,249,251,254,188,71,0,0,0,1,0,0,1,1,0,0,0,1,1,0,1,214,252,220,41,2,1,103,246,250,103,26,9,1,1,3,0,0,0,0,0,1,0,0,1,1,2,0,37,238,255,122,0,0,0,189,254,236,54,0,0,0,0,0,0,0,0,0,0,1,0,0,0,0,1,0,146,255,175,6,0,0,98,245,254,96,0,0,2,0,0,0,1,0,0,0,1,0,0,0,0,0,0,36,240,253,163,0,66,116,243,252,225,37,0,1,0,0,0,1,1,1,0,0,1,0,2,1,0,0,0,112,252,251,187,184,244,254,254,253,254,216,68,1,0,1,0,2,0,0,2,1,0,0,0,0,0,0,0,111,253,253,253,251,253,255,253,254,253,252,215,104,0,1,1,1,0,0,0,0,0,0,0,1,0,0,3,114,252,252,254,201,194,241,253,207,207,252,250,230,22,1,0,0,1,0,0,0,0,0,1,1,2,1,0,31,73,137,71,10,2,202,252,65,16,96,236,251,124,0,0,1,0,1,0,0,2,0,0,2,0,0,0,0,1,2,1,2,1,180,254,65,0,0,168,253,228,0,0,0,1,0,1,0,0,0,0,0,1,1,0,0,0,0,0,0,0,72,255,65,0,2,82,252,243,68,0,1,2,2,1,1,0,0,1,0,0,0,0,0,0,1,2,1,0,72,253,80,0,1,35,242,254,105,0,0,0,1,0,0,0,0,0,0,3,2,2,0,0,0,0,1,0,26,220,229,125,1,0,161,254,105,0,0,0,3,0,0,0,0,1,0,0,0,2,0,1,0,0,0,0,0,113,248,232,60,9,169,252,104,0,0,0,0,0,2,0,0,0,0,2,0,1,1,0,0,1,0,0,0,1,181,254,254,197,252,254,104,0,2,0,1,0,0,1,0,0,0,1,1,0,1,0,0,0,0,0,0,0,28,144,253,253,250,253,103,0,1,1,0,0,0,2,0,1,0,0,3,2,0,0,0,0,1,1,0,0,0,26,147,252,254,172,52,1,0,1,1,0,0,0,1,1,1,0,0,0,0,0,0,0,0,0,0,1,1,0,0,1,0,0,1,0,0,0,1,0,0,1,2,2,0,1,0,1,2,1,0,0,0,0,0,1,1,1,1,0,0,0,1,0,0,3,1,0,0,1,0,0,1,0,0,0,0,1,0,0,0,0,0,1,0,0,0,2,0,1,2,0,0,0,2,0,0,1
1,0,0,2,1,0,1,1,0,1,0,0,1,1,1,0,0,1,0,0,2,1,0,0,0,0,1,0,1,0,0,0,1,0,0,0,0,0,0,0,0,0,1,0,0,0,0,1,0,1,0,0,0,1,0,1,1,1,0,0,1,0,0,1,0,0,1,0,0,0,0,0,1,1,0,1,1,0,0,0,0,2,1,1,0,1,0,1,1,0,2,2,1,1,1,0,2,0,13,63,136,251,255,233,101,1,0,0,1,0,0,1,0,0,1,0,0,0,1,0,0,1,0,0,23,119,231,254,253,252,252,255,220,27,0,0,0,0,2,1,0,0,2,0,1,0,0,2,1,0,2,120,223,253,252,233,200,88,204,255,190,0,0,0,2,0,2,1,1,1,1,2,0,0,0,0,0,0,128,253,254,236,91,42,0,46,255,253,155,1,1,0,1,1,0,1,0,1,0,0,0,0,1,2,75,194,251,191,45,34,0,1,0,228,253,217,14,1,0,0,0,1,0,0,0,0,1,0,0,0,1,0,170,146,145,12,0,0,1,0,149,253,254,157,1,0,0,0,2,0,1,1,0,0,1,0,1,1,3,2,6,0,1,0,2,0,0,149,252,253,170,5,1,1,0,2,0,2,2,0,0,3,0,1,0,1,2,1,2,1,1,1,0,0,55,235,252,224,47,0,0,0,0,1,0,0,0,0,1,1,0,1,0,1,0,0,0,0,0,0,1,10,205,254,235,4,0,0,2,0,0,1,1,0,0,0,0,0,0,0,0,0,0,0,0,0,0,2,29,195,254,186,42,1,2,0,0,0,0,0,0,0,0,0,0,2,1,0,0,0,0,0,0,0,0,55,206,252,231,57,0,0,0,0,1,1,0,2,0,0,1,0,0,1,0,0,0,0,0,0,0,1,95,237,253,231,56,2,0,0,0,0,0,0,0,0,1,0,1,1,0,0,0,0,0,0,0,0,1,47,246,254,235,52,0,1,0,0,0,1,0,0,0,1,0,0,0,1,0,0,1,1,0,0,0,0,46,183,253,238,105,1,1,0,0,1,0,0,0,0,1,0,1,0,0,0,1,0,0,1,0,0,0,22,162,254,253,99,0,1,1,1,2,2,0,0,0,0,1,1,1,2,0,0,0,0,0,0,1,0,35,201,253,251,92,0,0,0,0,0,0,1,0,0,0,0,0,1,1,0,0,1,0,2,0,0,0,25,232,252,255,147,5,0,0,14,69,67,8,32,38,66,65,64,9,0,2,1,0,0,1,0,1,2,1,129,253,252,251,206,201,202,202,213,252,253,207,226,232,252,253,253,126,0,1,0,0,2,0,1,0,0,0,153,253,252,252,253,252,254,254,251,253,254,252,254,252,253,252,174,37,0,0,0,1,0,0,1,0,1,0,26,135,135,136,240,253,252,180,134,136,135,136,134,135,135,104,4,0,0,0,0,0,0,0,0,1,1,0,2,0,2,0,0,0,0,0,2,0,0,1,0,1,0,0,2,0,2,0,1,1,0,1,0,0,1,1,1,0,0,0,0,0,0,0,0,0,0,0,0,0,0,0,0,0,2,1,0,3,0,3,2,1,0,2,1,0,0,0,0,2,1,0,2,2,2,0,0,0,0,0,0,0,0,2,0,0,0,1,0,1,0,2,2,0,2,0,0,0,1,0,1,0,1,0,0,0,0,3,0,1,1,1,1,1,0,1,0,0,1,0,1,1,0,0,0,0,0,0,0,0,0,1,0,0,0,0,0,0,0,0,0,0,1
2,0,1,2,2,1,1,1,1,0,1,0,0,0,0,2,0,0,0,1,0,0,0,1,0,2,0,0,0,2,0,1,0,1,1,0,1,1,1,0,3,0,1,1,3,0,0,0,0,0,0,2,1,0,0,1,0,2,0,0,0,1,1,0,0,1,1,0,0,2,0,0,0,0,0,1,0,1,0,0,0,1,0,1,0,1,0,1,1,1,0,0,0,0,0,0,0,1,0,0,1,0,0,0,1,1,0,0,0,0,0,0,0,0,0,1,1,2,0,0,0,1,3,0,0,2,0,0,1,0,0,0,0,1,0,0,0,1,0,0,0,1,0,0,0,2,1,0,0,1,2,0,0,1,0,0,0,0,0,1,0,0,1,0,1,1,0,0,1,1,3,2,0,0,0,1,1,1,16,95,216,212,147,149,139,13,0,0,0,0,1,0,0,0,0,0,0,0,0,2,1,0,1,0,0,0,164,253,251,252,252,253,253,163,0,0,0,0,0,0,0,2,0,0,0,0,0,0,0,1,0,0,1,101,248,252,251,253,238,252,253,221,20,0,0,1,0,1,0,0,0,0,0,0,0,0,1,0,0,0,97,254,253,250,210,84,14,212,252,254,41,1,0,0,0,1,0,0,0,1,0,0,0,0,1,0,0,27,228,253,253,190,31,0,0,189,250,252,129,2,1,0,1,0,0,0,0,0,0,0,0,1,0,0,1,63,253,252,238,63,0,0,0,132,253,253,252,1,0,0,0,0,1,1,2,0,2,1,1,0,2,1,2,64,253,254,89,1,0,0,0,19,237,253,252,0,1,0,0,0,0,1,0,0,1,1,0,0,0,0,0,61,249,252,63,0,0,1,1,0,224,252,253,97,2,0,2,0,0,0,0,1,1,0,0,0,0,0,1,0,186,253,90,1,0,1,0,0,153,251,251,81,0,0,1,1,1,1,3,1,2,0,1,1,1,0,1,1,107,253,237,17,1,0,0,2,234,253,253,0,0,0,0,0,1,0,1,1,0,0,1,0,2,0,0,2,0,253,252,102,32,0,0,31,237,253,254,0,1,0,1,0,0,0,0,0,0,2,0,0,0,2,0,0,0,251,251,251,236,190,191,238,252,252,138,0,0,0,3,0,0,0,0,0,0,0,1,0,0,0,0,1,0,39,205,250,253,251,252,254,251,252,41,0,1,0,0,0,0,2,2,1,0,0,0,1,0,1,1,0,0,0,0,78,111,189,146,145,247,253,43,0,0,0,0,0,0,1,0,0,0,1,0,0,1,0,1,1,0,1,0,0,1,1,1,2,233,251,218,0,0,0,0,0,0,0,0,0,2,0,1,1,0,1,0,1,0,0,1,0,2,0,1,1,234,252,254,0,1,0,0,1,0,0,0,2,2,0,0,1,1,0,0,1,1,0,0,0,1,0,0,0,231,253,208,70,0,0,0,0,0,1,0,1,0,0,0,0,1,0,0,0,0,2,0,1,0,0,0,0,233,253,252,248,59,0,0,0,2,0,1,0,1,0,0,1,0,0,1,0,0,0,0,0,0,0,0,0,206,252,251,254,62,0,0,0,0,0,3,0,0,0,1,1,0,1,1,1,0,0,0,0,0,0,1,0,128,252,251,254,62,0,0,0,2,0,0,0,0,0,1,0,0,0,1,0,0,0,2,1,0,0,0,1,2,1,0,0,0,0,0,0,0,2,0,2,0,0,0,0,0,2,0,0,0,0,0,0,0,1,1,1,0,0,0,0,0,1,1,1,1,0,0,0
0,1,0,1,0,1,1,0,0,1,0,1,0,0,0,1,0,0,1,1,0,0,0,0,0,2,1,0,2,1,0,0,0,0,0,0,0,1,0,0,2,0,1,1,0,1,2,0,0,0,1,0,1,0,1,2,2,1,0,1,0,0,0,0,1,0,0,1,0,0,0,0,0,0,1,0,0,0,0,0,0,0,0,0,1,2,0,0,1,0,0,0,0,2,0,1,0,0,0,0,1,0,0,0,0,1,1,0,0,0,1,0,0,0,0,1,2,1,0,0,3,99,168,252,148,82,14,0,0,0,1,1,1,0,0,0,0,0,1,0,1,0,0,0,2,0,0,0,43,245,253,251,251,252,251,81,0,3,0,0,2,0,1,0,0,2,0,0,0,0,0,1,0,1,0,1,1,69,130,245,249,251,253,248,68,0,0,0,2,0,0,0,0,0,0,0,1,1,0,2,0,2,0,0,0,0,2,68,205,254,252,253,136,41,1,0,0,1,0,0,0,0,0,0,0,1,2,0,0,0,2,0,1,2,1,2,28,126,249,254,253,224,20,0,1,0,0,1,0,0,0,1,0,0,1,0,1,1,1,1,0,1,1,0,0,0,241,252,252,252,84,2,0,0,1,0,0,0,0,0,0,0,0,1,0,0,0,1,1,0,0,1,0,0,45,255,252,252,84,1,0,0,0,0,0,0,1,0,0,1,2,0,1,0,1,1,0,0,2,0,1,0,0,253,253,251,128,2,1,1,1,0,0,0,0,1,0,0,1,0,1,0,0,0,0,1,1,1,0,0,0,253,252,251,205,0,1,3,0,0,1,2,1,0,0,1,0,0,0,0,1,1,0,29,87,0,0,0,1,253,251,252,146,0,0,0,0,3,1,1,0,0,1,1,2,0,0,2,0,0,89,219,254,211,86,7,121,255,255,252,83,0,0,1,0,1,0,0,1,1,0,0,1,1,1,0,0,5,177,252,253,252,253,205,195,255,252,250,83,1,0,0,1,2,1,1,0,0,2,0,0,0,1,0,1,54,253,253,252,252,252,252,252,251,251,231,34,0,0,0,2,0,0,0,0,0,2,1,1,0,0,0,0,156,252,253,145,222,252,253,251,254,247,118,0,2,0,0,1,1,0,0,0,0,0,0,1,0,0,0,0,64,234,253,232,238,252,251,251,253,232,24,0,0,2,1,0,0,0,1,1,0,0,1,1,0,0,0,1,0,170,252,252,253,251,253,250,254,252,199,59,1,1,0,0,0,0,1,0,1,1,0,1,0,1,0,0,0,55,168,230,252,219,204,212,211,253,252,244,157,0,28,54,0,0,0,0,1,0,0,1,2,1,0,0,0,0,0,27,37,20,16,19,84,212,251,252,242,220,232,156,0,0,0,0,0,2,0,1,0,0,0,0,0,0,0,1,0,0,0,1,0,35,251,251,250,251,252,104,1,3,1,0,2,0,0,0,0,1,0,2,2,0,0,0,0,0,0,1,0,3,11,95,160,68,69,0,0,0,0,0,0,2,0,1,2,2,0,0,0,0,2,1,0,0,0,0,2,0,0,0,0,0,0,0,1,2,0,0,0,0,1,0,1,1,1,0,2,0,0,1,1,0,0,0,1,0,0,0,1,1,1,0,0,0,2,0,1,0,0,0,0,1,0,0,0,0,0,0,0,0,2,2,2,0,0,1,0,0,0,0,0,0,0,1,2,1,1,0,0,2,1,0,1,0,0,0,0,0,0,0,1,0,0,1,0,1,0,2,1,0,1,0,2
0,0,1,0,1,0,1,0,1,1,1,1,0,0,1,0,1,0,0,0,0,0,0,1,0,1,0,1,2,1,0,0,0,0,1,0,0,1,1,0,0,0,0,0,0,1,1,1,2,0,0,0,0,1,0,0,0,3,0,1,0,0,0,0,0,1,0,0,1,0,0,1,3,0,0,2,0,2,1,1,0,1,0,0,1,1,2,0,0,0,1,0,1,2,0,0,0,0,0,0,0,0,1,0,1,0,1,0,1,0,1,1,1,0,0,0,0,0,0,0,1,0,0,0,2,0,0,0,0,1,0,2,0,0,0,1,1,1,2,0,0,2,1,0,0,0,1,0,0,2,1,47,156,171,255,196,77,14,0,0,0,1,1,0,0,0,0,0,0,0,2,0,0,1,0,0,2,10,156,245,254,255,254,253,253,193,93,0,0,2,0,1,0,0,0,1,0,0,0,0,0,1,0,1,0,47,255,254,254,254,255,255,250,251,209,9,0,0,0,0,0,0,1,0,1,0,0,1,0,0,1,0,0,34,240,253,254,255,160,83,43,135,254,175,2,0,1,1,0,0,1,0,0,0,0,1,0,0,0,0,1,0,156,255,255,253,66,0,0,12,190,233,60,0,0,0,1,0,0,0,0,0,0,0,0,0,0,0,0,2,124,254,223,60,11,0,1,0,42,238,235,2,0,0,1,0,0,0,0,2,0,0,0,0,1,0,0,49,252,253,37,1,0,0,0,0,0,141,235,1,1,0,0,1,0,0,0,0,3,0,0,1,0,0,0,105,254,203,2,2,0,2,1,0,1,140,255,73,0,2,1,1,0,0,0,0,0,0,0,0,1,0,37,197,254,90,0,0,0,0,0,1,2,63,252,156,2,1,0,1,2,2,0,2,1,0,0,1,1,0,76,255,240,20,0,1,0,1,1,0,2,49,253,169,0,1,1,0,0,1,1,1,0,0,0,0,0,2,136,255,236,0,0,1,1,1,1,1,0,49,255,170,0,0,0,0,0,2,0,0,0,1,2,1,0,0,170,255,135,0,0,0,0,1,0,0,0,48,255,214,4,1,0,1,0,0,0,1,0,0,0,1,1,9,205,253,46,0,0,0,0,0,1,0,0,88,255,250,9,1,0,0,0,0,0,0,0,0,0,1,1,102,255,206,0,0,1,0,0,0,1,0,1,169,255,106,0,0,2,0,0,0,0,0,0,1,1,0,0,104,254,207,0,0,1,0,1,0,0,0,43,245,236,7,0,0,0,0,1,0,0,1,2,1,1,2,2,58,217,247,37,0,0,0,1,0,1,47,190,254,116,3,0,0,2,0,0,0,0,0,0,2,2,1,1,0,137,253,146,0,1,0,1,0,125,209,254,188,16,0,0,0,0,0,0,1,0,2,0,0,0,0,1,0,58,250,245,152,94,55,58,176,253,255,186,12,1,0,2,0,1,0,1,1,0,0,0,0,0,0,0,0,0,104,248,255,253,254,254,255,225,95,13,0,0,0,0,0,1,0,1,1,0,0,0,0,0,0,1,0,0,0,61,160,216,255,253,135,33,0,0,0,0,0,0,1,0,2,0,1,1,0,0,0,0,1,1,0,0,0,1,1,0,0,1,0,1,0,0,0,2,2,0,0,0,0,2,1,0,0,1,0,0,2,0,2,0,0,0,0,0,0,1,0,0,1,0,1,1,0,1,0,0,0,0,0,2,0,0,1,1,0,0,1,1,0,0,0,0,1,0,1,0,0,1,0,1,0,1,0,0,0,1,0
1,0,0,0,0,0,1,1,1,0,1,0,0,0,0,0,0,0,0,0,0,0,0,1,1,0,0,0,0,0,0,0,0,1,0,0,0,1,0,2,0,0,1,1,1,1,1,0,0,2,0,0,0,0,2,0,0,0,0,1,0,1,0,3,1,0,0,0,2,0,0,0,1,0,1,0,1,0,0,0,1,1,0,0,0,1,0,0,0,2,1,0,0,0,0,0,0,0,1,0,0,0,0,0,0,0,1,1,0,0,1,0,2,0,0,0,0,0,1,0,3,1,0,0,1,0,0,0,0,0,0,0,1,1,1,0,0,0,2,0,0,0,0,0,1,0,0,0,0,0,0,0,1,1,0,76,195,105,3,0,0,0,0,0,0,0,0,1,1,0,0,0,1,0,0,1,1,0,0,1,0,0,0,129,255,252,11,0,0,1,2,0,0,1,1,2,2,0,2,0,2,0,0,20,80,1,1,2,1,0,0,130,254,254,61,0,0,0,0,0,1,1,0,0,0,1,0,0,0,1,1,92,254,110,0,0,0,0,0,131,254,252,121,1,0,1,0,3,1,1,0,0,1,0,0,0,0,0,2,44,254,245,0,0,0,1,0,129,254,252,201,0,0,0,1,1,0,0,0,0,0,0,0,0,1,0,0,43,255,245,5,1,0,2,0,81,254,255,226,0,0,1,1,0,0,0,0,2,0,0,0,1,2,2,0,46,254,255,98,1,0,1,1,20,254,255,226,1,0,1,0,0,0,2,0,0,0,0,0,0,0,0,0,44,255,255,151,88,89,87,57,23,255,254,249,63,0,0,0,0,0,0,0,2,1,0,0,0,0,0,0,98,255,254,255,253,254,254,247,238,255,254,255,81,1,0,0,1,0,0,0,0,1,0,0,0,1,1,3,216,254,252,252,251,255,253,254,254,255,254,254,81,0,0,0,0,0,0,0,0,0,1,0,0,0,1,1,174,253,255,198,163,155,54,55,110,184,255,255,165,0,2,1,0,0,0,0,0,1,1,1,0,0,0,0,26,124,121,5,0,0,0,0,0,59,254,255,182,0,1,1,1,1,0,2,0,0,1,0,0,0,0,1,0,1,0,0,0,0,0,0,1,59,253,254,82,1,0,0,0,1,1,1,2,1,0,1,0,0,1,1,0,3,1,1,0,2,0,1,1,58,253,254,82,1,0,0,0,1,0,1,0,0,1,1,0,0,0,0,0,0,0,1,0,0,0,1,0,53,249,255,139,1,0,0,0,0,0,0,0,0,0,0,0,2,1,0,1,0,0,0,0,0,0,0,0,0,207,252,189,0,0,0,1,0,0,0,0,1,1,0,1,0,0,0,1,0,0,0,3,0,0,0,1,0,206,255,247,37,0,0,0,0,0,0,1,0,0,1,0,2,0,2,0,0,0,0,0,1,1,0,0,0,101,255,255,44,1,1,1,0,0,1,1,0,1,0,1,0,2,0,0,0,1,0,2,1,0,1,1,0,71,253,255,72,1,0,0,0,0,0,0,2,0,2,0,0,0,0,1,0,0,1,1,0,1,0,1,2,0,152,255,152,0,0,0,1,0,1,1,0,0,1,0,0,0,0,0,0,3,0,0,0,0,0,1,2,1,0,0,1,0,0,2,1,0,0,0,1,0,0,0,0,0,1,1,1,0,0,1,0,0,1,0,0,0,0,2,0,1,0,0,0,1,1,2,0,0,0,0,1,1,0,0,0,0,2,0,0,0,0,0,0,1,1,0,0,0,0,0,1,0,1,0
0,0,1,0,0,0,0,1,0,0,2,0,1,0,0,0,0,0,1,0,1,0,0,1,0,0,0,1,2,0,1,1,0,0,0,1,2,0,0,1,1,2,1,0,1,2,1,0,0,0,0,0,2,2,0,0,1,0,0,1,0,2,0,0,0,1,0,0,0,1,0,1,1,1,0,0,0,0,1,0,2,0,0,1,2,0,0,1,0,0,2,0,0,0,0,2,0,0,0,0,1,1,0,0,1,0,0,0,0,0,0,1,0,0,1,0,0,1,0,0,0,0,2,1,0,0,45,140,255,184,12,1,0,1,0,0,2,0,0,0,0,0,0,2,1,3,0,2,1,0,0,0,0,126,229,252,253,253,64,0,0,0,0,0,0,2,0,0,0,0,1,0,0,0,0,1,0,0,0,66,164,219,252,254,253,253,227,163,79,0,1,1,0,0,0,0,0,0,0,2,0,0,1,1,0,2,65,245,254,254,255,251,183,254,254,254,182,79,0,0,0,1,0,0,0,1,1,1,0,1,1,0,0,72,240,253,252,252,255,68,20,179,247,253,252,244,53,0,1,0,0,1,0,0,1,0,0,0,0,3,72,232,253,254,248,223,75,12,0,0,119,252,253,253,78,1,0,0,0,1,2,0,0,0,0,0,1,0,221,253,251,253,127,0,1,1,0,1,37,216,254,253,233,55,1,0,0,0,0,0,0,0,0,0,7,161,251,252,254,115,2,1,1,0,0,0,2,37,252,254,251,106,0,0,1,0,0,0,1,0,0,0,129,254,252,247,128,4,0,0,1,0,0,0,0,7,161,253,253,104,0,0,0,1,0,3,1,0,1,37,217,252,252,223,0,1,0,0,0,0,0,0,0,0,135,253,252,191,0,0,3,0,0,0,0,1,0,210,254,253,222,42,1,0,0,0,1,0,2,0,0,1,136,255,254,255,0,0,0,0,0,1,0,0,87,246,255,251,56,2,0,1,0,1,1,0,0,1,0,0,134,252,254,251,0,0,0,2,0,0,0,0,114,253,253,246,28,0,1,1,1,0,0,0,0,0,1,0,134,254,252,253,0,0,0,2,0,0,0,0,255,254,253,132,1,1,0,1,2,2,0,1,0,1,1,84,191,252,253,183,0,0,0,0,1,0,1,1,253,254,240,15,0,1,0,0,0,0,0,0,5,75,121,244,255,252,239,71,0,1,1,0,0,1,0,1,147,253,249,108,21,0,0,1,2,18,31,154,184,254,253,254,253,253,191,0,1,0,0,2,1,1,3,0,105,253,254,253,216,136,133,134,136,205,253,251,252,253,254,254,254,126,27,1,0,0,0,0,1,0,2,0,6,214,253,254,254,254,253,254,253,253,255,253,253,254,252,241,84,1,0,0,0,0,0,0,0,0,0,0,0,49,159,253,254,253,255,253,253,252,236,207,201,128,164,51,0,0,0,0,0,0,0,0,0,0,0,1,0,1,8,103,235,254,253,163,225,104,61,0,0,0,0,1,0,0,0,1,0,0,0,1,0,0,2,0,0,1,1,1,0,0,2,1,0,0,2,1,1,1,1,1,0,1,1,0,2,0,0,0,2,0,0,0,1,0,0,0,0,1,1,0,0,0,0,0,1,1,0,0,0,1,1,0,3,0,0,1,0,1,0,1,0,0,1,0,1,3,0,2,2,0,1,0,2,0,0,0,0,0,0,0,0,1,0,0,1,0,0,1,1,0,0,0,1,1,0,0,0,0,1,0,0,2,0,2,2,1,0,0,0,0,0,0
0,0,1,0,0,1,0,0,0,0,0,0,0,2,0,0,0,0,0,1,0,1,0,0,0,1,0,2,0,1,2,0,0,2,0,0,0,0,3,2,0,0,0,0,0,0,0,0,2,2,0,0,1,1,0,0,0,0,1,0,0,0,0,1,0,0,1,0,2,1,0,0,0,0,0,0,0,0,2,0,1,0,1,1,0,1,0,1,0,0,1,0,0,1,1,0,1,0,1,1,0,1,0,0,0,1,0,0,0,1,1,0,0,1,1,0,0,0,0,0,0,2,0,1,0,1,0,1,1,2,1,2,0,0,1,0,1,0,0,1,0,0,0,0,1,0,1,0,9,139,145,0,1,0,0,0,2,0,0,0,2,0,0,1,0,1,0,0,0,0,0,1,1,0,1,0,85,254,242,45,0,0,0,3,65,66,65,59,0,1,0,3,2,0,0,0,0,0,0,0,0,0,0,32,221,253,253,70,0,53,139,220,253,253,252,249,218,153,7,0,1,0,0,1,0,0,0,0,1,0,1,133,253,253,252,98,29,236,253,253,252,249,178,186,254,251,160,2,0,1,0,0,0,0,0,1,0,1,16,212,253,186,115,84,18,200,223,180,24,22,0,3,55,181,253,196,7,0,0,0,0,0,0,1,0,1,143,252,249,80,1,1,0,0,0,0,0,1,0,0,0,10,134,255,87,0,1,1,0,1,1,1,0,31,233,254,139,0,2,1,0,0,0,1,0,0,0,0,1,1,40,249,169,0,0,0,0,1,0,0,0,131,253,252,58,0,0,0,0,0,0,0,0,0,1,1,0,0,2,246,253,0,1,0,1,1,0,0,1,173,254,169,3,0,0,0,1,0,0,1,0,2,0,2,0,2,1,244,254,2,0,2,1,2,0,0,0,252,252,128,2,1,0,1,1,1,0,1,0,0,0,1,0,0,74,251,211,0,1,0,1,0,0,1,1,255,251,89,0,0,0,1,1,0,0,0,0,2,1,0,0,47,194,244,42,0,0,0,2,0,1,0,0,254,253,92,2,0,0,1,0,0,0,0,0,0,0,0,10,181,255,164,0,0,0,0,0,0,0,1,0,253,255,117,0,1,1,1,0,0,0,0,0,0,0,7,199,252,229,40,2,0,0,1,0,0,0,0,2,166,255,195,5,0,1,0,0,1,0,1,2,0,91,218,254,226,85,0,0,0,0,0,0,0,0,0,1,67,240,252,141,57,0,0,0,0,0,2,80,170,253,252,227,82,1,0,0,0,0,0,0,1,1,0,0,0,144,253,255,220,133,103,34,112,155,235,254,253,245,169,42,0,0,0,2,0,0,0,0,0,1,0,1,0,2,150,252,254,254,253,253,252,253,251,254,169,45,0,2,0,0,0,0,1,1,2,0,0,0,0,0,2,1,3,59,109,110,110,110,110,111,108,9,4,0,1,1,2,1,0,0,2,0,0,0,0,0,0,0,0,0,0,2,0,1,1,0,0,0,1,1,0,1,0,0,0,0,0,0,1,0,0,1,0,0,0,0,0,0,0,1,0,1,1,1,1,1,0,0,0,1,0,0,1,1,1,1,0,1,0,0,0,0,1,0,0,1,2,0,2,0,0,1,0,1,0,0,0,1,2,1,0,2,0,1,0,0,3,0,0,2,0,2,0,1,0,1,0,0,1,1,1,0,1,1,0,0,0,0,0,0,0,0,0,0,0,0,1,0,0,0,0,1,1,1,0,0,0,0,0,0,0,0,0,0,0,0,0,0,0,2,0,0,0
0,0,0,1,0,2,0,0,1,1,0,0,0,0,0,1,1,0,2,0,0,0,1,0,0,2,0,0,1,0,1,0,1,1,0,0,0,0,1,0,1,0,0,0,1,0,1,0,1,0,0,1,0,0,0,1,0,0,1,2,0,1,0,1,0,0,1,0,2,0,1,1,1,0,1,0,0,1,0,0,0,1,0,0,0,0,0,0,0,0,0,1,1,1,0,1,0,0,0,0,1,1,1,1,0,2,1,1,0,3,0,1,0,0,0,0,1,0,0,0,0,0,0,0,0,15,94,164,195,164,95,43,0,0,2,0,0,1,0,1,1,0,2,0,0,2,1,0,0,0,0,38,208,248,255,255,253,253,251,249,138,1,1,0,0,0,0,1,0,0,1,0,1,0,0,0,0,18,172,185,254,254,194,184,114,169,184,238,254,61,1,2,0,0,0,0,0,0,0,0,0,1,1,1,2,127,253,255,199,56,2,0,0,3,0,198,253,63,0,0,0,1,0,0,0,0,1,0,0,0,0,0,2,69,252,149,17,0,1,0,1,0,9,211,254,64,0,0,0,0,0,0,2,0,1,0,0,0,0,0,0,9,163,11,2,1,0,0,0,9,166,253,241,26,0,0,0,0,0,0,0,0,1,0,0,0,0,0,0,0,0,0,1,0,0,1,7,166,255,255,111,0,3,0,0,1,0,0,1,0,0,0,1,0,1,0,0,0,0,0,0,0,1,56,212,255,254,169,8,1,0,0,0,0,0,0,0,0,1,0,0,0,0,1,0,1,0,1,0,38,163,248,254,255,200,8,2,0,0,0,0,0,0,0,0,0,0,0,0,1,1,0,0,0,0,23,166,249,254,253,249,132,8,0,0,0,0,0,1,1,2,1,0,1,0,0,1,0,0,0,3,12,107,234,253,255,254,212,53,1,0,0,0,1,0,1,0,2,1,0,0,0,0,0,1,3,0,1,137,219,251,254,253,208,62,9,1,2,0,1,0,1,0,0,0,0,0,0,0,3,0,0,0,1,9,137,253,254,255,231,103,8,0,0,0,0,1,0,0,1,1,0,1,0,0,0,0,1,1,0,0,0,186,253,253,208,67,5,0,0,0,0,1,0,0,0,1,0,1,1,1,0,1,0,0,0,0,1,0,1,255,254,229,13,1,2,1,1,1,1,0,9,9,52,105,103,161,166,190,131,0,0,1,2,0,0,0,0,157,255,255,211,184,185,184,167,173,186,186,219,201,200,254,254,254,254,246,241,0,0,1,3,0,0,0,0,24,247,254,255,254,253,254,255,255,253,253,254,247,245,179,160,125,75,21,0,0,0,0,1,1,2,0,3,0,48,160,244,166,162,163,163,163,164,162,152,16,2,0,0,1,0,0,0,0,0,0,0,0,0,0,0,0,1,0,0,1,0,1,0,1,0,1,1,0,0,0,1,0,0,0,0,0,0,1,0,1,0,0,0,0,0,1,1,0,1,0,0,0,0,0,1,2,0,0,1,1,2,0,0,0,1,1,0,0,0,0,0,0,0,0,2,1,0,3,1,0,1,0,0,0,0,2,1,0,1,1,1,0,0,0,0,0,0,0,0,1,0,0,2,0,0,1,1,0,0,0,0,0,0,0,0,1,0,1,0,0,1,2,1,0,1,0,2,0,0,0,1,1,0,0,0,2,0,1,0,0,0,0,1,0,1,0,1,0,0,2,1,0,0,1,1,0,0,0,0,1,0,1,0,1,0,0,0,0,0,0,0,0,0,0,1,0,0
1,1,0,0,0,0,0,0,0,0,0,0,0,0,0,1,0,0,3,1,0,0,0,0,0,0,0,0,1,0,0,1,0,2,0,0,1,1,0,0,0,0,2,0,0,0,1,0,1,1,1,0,2,0,0,0,0,0,0,1,0,0,0,0,1,1,1,1,1,0,0,1,1,1,0,0,1,0,0,0,0,1,0,1,0,1,0,0,0,1,0,0,1,1,1,0,0,0,0,1,0,0,0,1,0,0,0,0,0,0,0,0,1,0,0,0,0,1,0,0,0,0,0,1,1,0,1,1,1,0,1,0,0,0,0,0,0,0,2,0,0,0,0,0,0,1,0,0,0,0,0,72,154,153,232,254,251,193,113,0,1,2,0,0,0,0,0,0,0,0,0,0,1,0,0,0,1,0,81,253,252,254,253,254,254,252,252,140,181,162,1,0,0,1,1,1,0,0,2,0,0,0,0,0,0,2,103,254,253,104,20,0,0,32,232,254,253,83,0,0,0,0,1,1,0,1,3,0,0,0,0,0,0,0,20,212,253,40,0,0,0,92,252,254,90,0,0,1,0,1,1,1,1,1,0,2,0,1,0,0,1,0,0,52,253,235,30,0,82,252,252,123,0,1,2,0,0,0,0,0,1,0,0,0,1,1,2,0,0,0,1,32,232,251,172,82,242,253,131,0,0,1,0,2,0,0,0,0,0,0,1,1,0,0,1,1,0,0,0,1,83,254,253,255,251,123,1,0,0,0,0,1,1,0,0,1,0,0,1,0,0,1,1,0,0,0,0,1,0,214,253,254,171,1,1,0,0,1,0,1,0,0,0,1,1,0,1,0,1,0,0,0,0,1,0,0,43,254,253,254,71,0,2,1,1,0,0,0,0,2,0,0,0,0,0,1,0,1,1,0,1,0,0,42,242,252,211,254,192,0,2,0,1,1,1,0,0,0,0,0,0,0,0,1,2,0,0,0,0,0,22,213,252,82,1,194,253,124,1,0,1,0,0,0,0,0,0,0,1,0,0,0,0,0,0,1,0,21,202,254,172,0,3,111,252,204,0,0,0,0,0,1,1,0,0,0,0,0,2,0,0,1,0,0,0,174,253,226,20,0,0,0,201,236,29,0,2,0,0,0,0,0,1,0,0,1,0,0,0,0,1,1,1,255,253,81,0,0,0,0,203,254,50,1,0,1,0,0,0,0,0,0,1,0,0,0,1,0,1,0,162,255,91,1,0,0,0,0,102,253,150,1,0,0,1,0,0,0,0,0,0,0,0,0,2,0,0,41,243,172,11,0,0,0,0,0,100,250,69,1,0,2,0,0,1,0,0,3,0,0,0,0,0,0,0,53,254,102,0,0,0,1,1,53,233,225,20,1,1,0,0,1,1,2,0,2,0,2,0,0,0,0,0,51,252,201,20,0,1,21,141,234,253,120,0,1,1,0,1,1,0,0,0,1,1,0,0,1,0,0,0,0,183,254,252,212,254,255,255,225,80,0,0,0,0,0,0,0,0,0,0,0,1,0,2,0,0,1,0,0,19,153,193,255,253,233,112,19,1,2,0,0,0,0,0,0,0,0,0,0,1,0,0,0,1,0,1,1,1,1,1,0,0,0,0,2,0,1,0,0,0,0,0,2,0,0,0,0,0,0,0,0,0,0,1,0,0,0,1,1,1,0,0,0,0,0,1,0,0,0,1,0,0,0,1,1,0,0,1,0,0,0,2,4,0,1,0,1,0,0,0,0,0,3,0,0,0,0,1,0,0,0,0,0
0,2,0,0,2,1,2,0,0,0,0,0,2,0,0,1,1,1,0,0,0,0,0,0,1,0,0,0,1,0,1,0,0,0,0,0,0,0,0,1,0,0,0,1,0,0,0,0,1,0,1,2,2,0,0,0,1,0,0,0,0,1,0,0,1,0,0,0,0,0,0,0,0,0,0,1,0,0,1,1,1,0,0,0,1,0,1,0,0,1,0,0,1,0,0,2,0,2,0,1,0,0,0,0,0,0,0,0,0,0,0,0,1,0,0,0,0,0,0,0,0,1,0,2,1,2,0,0,1,0,0,0,0,1,0,0,0,1,0,0,1,1,2,0,0,0,0,0,0,1,2,1,0,1,0,193,192,0,2,0,0,0,0,1,0,0,0,1,0,0,2,0,0,0,0,1,0,0,1,2,1,0,34,242,223,1,0,1,0,1,0,0,0,2,1,0,0,0,1,0,0,0,1,0,0,1,0,0,0,2,77,255,223,1,0,0,0,0,1,0,1,0,0,0,0,1,0,1,1,1,0,2,1,0,0,1,0,10,227,253,147,1,0,0,0,1,0,0,0,0,1,2,0,1,0,0,0,0,0,2,0,0,0,1,0,120,252,255,63,0,0,0,1,0,0,0,0,0,0,0,1,0,1,0,0,0,0,0,1,0,0,1,104,253,254,252,44,1,0,1,0,0,0,0,0,0,0,0,0,1,0,0,0,0,2,0,2,0,0,40,254,255,223,255,47,0,0,0,0,0,0,0,1,1,2,0,0,0,0,1,1,1,0,0,2,0,48,252,255,38,236,253,45,1,1,1,0,0,1,0,0,0,0,0,1,0,2,0,0,1,1,0,0,42,225,251,46,2,237,215,4,0,2,0,0,0,0,0,0,0,3,2,0,0,0,1,1,0,0,0,27,224,242,85,0,81,253,116,1,0,1,0,0,0,70,75,1,0,1,0,0,0,0,0,0,1,1,1,124,254,128,0,0,205,245,25,0,0,1,0,87,122,189,94,1,0,2,1,1,0,0,1,0,0,1,0,132,255,229,198,197,253,243,119,108,177,196,197,234,219,101,10,1,0,1,0,1,0,0,0,0,1,0,0,14,85,159,226,255,253,251,251,250,212,222,160,5,1,0,1,0,0,0,1,1,0,1,0,0,0,0,1,0,0,1,7,254,177,5,0,0,0,0,1,0,0,0,2,1,1,0,1,0,0,0,0,1,0,1,1,0,1,1,122,254,70,0,1,0,1,0,0,0,0,0,1,0,1,0,0,0,0,0,1,0,0,1,2,0,0,0,186,254,3,0,1,1,0,1,1,0,2,0,0,1,1,0,0,1,0,0,0,0,0,0,1,0,0,12,221,181,0,2,1,1,0,0,1,1,0,0,0,0,0,1,1,0,1,0,0,0,1,1,1,1,2,25,254,99,2,1,0,0,0,1,0,0,0,0,0,2,0,2,1,0,0,0,2,0,0,1,0,1,1,24,250,49,0,0,0,0,1,2,0,0,1,1,1,0,0,1,0,2,3,0,0,0,1,0,0,1,1,48,190,0,1,1,0,1,0,1,2,0,1,0,0,2,0,0,0,1,0,1,0,0,2,0,0,1,0,1,0,1,0,0,1,0,1,0,3,0,0,0,1,1,0,1,2,0,0,0,1,0,0,0,1,0,1,1,0,1,1,1,0,1,0,0,0,1,1,0,0,1,0,0,1,1,0,1,0,0,1,2,1,2,0,1,0,0,1,1,2,0,0,2,0,1,0,2,1,0,0,0,0
0,1,0,0,1,1,0,0,0,0,1,2,0,0,0,1,0,0,0,1,0,0,0,0,0,1,0,2,0,0,0,0,0,1,0,1,0,0,0,0,0,0,1,0,3,1,0,0,0,0,1,0,0,2,0,0,1,0,0,2,0,0,0,0,0,0,2,0,0,0,0,0,0,0,0,1,2,0,1,1,1,0,0,0,1,0,0,0,0,0,0,0,0,0,0,0,0,0,0,0,0,0,0,0,0,0,1,0,1,0,0,0,0,1,0,0,0,0,0,0,0,0,1,1,0,2,1,0,0,1,1,2,1,0,1,0,1,2,1,0,0,0,0,0,0,0,1,0,0,0,0,0,0,1,0,2,0,0,0,1,0,1,1,1,0,0,0,0,0,0,1,1,1,0,7,199,253,255,254,254,228,130,42,5,0,0,0,0,1,0,0,0,0,1,0,0,0,0,0,0,0,1,11,249,252,252,254,251,254,253,253,222,40,2,0,0,0,2,0,0,1,1,0,1,0,1,0,0,0,0,0,133,246,254,251,253,253,252,252,254,253,59,1,1,0,0,2,0,0,0,1,0,0,0,0,0,2,1,0,0,62,103,183,246,252,253,255,253,254,172,0,0,0,0,0,0,1,0,2,1,2,0,0,0,0,1,1,2,4,0,0,147,224,222,229,252,252,221,27,0,0,1,0,0,0,0,0,1,1,0,1,1,0,1,0,0,1,0,0,0,0,0,63,252,253,253,43,0,0,0,0,1,0,0,1,0,2,0,0,0,0,0,0,0,0,1,0,1,1,0,63,252,253,254,45,2,0,0,0,0,0,1,0,1,0,0,1,1,0,1,0,0,0,1,0,0,0,0,64,253,253,253,40,0,0,0,0,0,1,0,0,0,3,0,0,0,1,0,0,0,1,0,1,1,1,2,63,253,252,253,69,0,0,3,0,0,0,1,0,0,2,0,0,0,0,0,0,44,185,185,184,185,185,187,203,253,252,253,229,187,186,185,45,0,2,2,2,1,1,0,0,0,0,0,0,49,255,254,252,255,253,253,251,252,252,251,254,252,252,253,142,0,0,0,0,0,0,0,0,0,1,1,0,6,170,253,254,253,254,254,253,253,253,252,254,254,252,222,41,1,0,0,0,1,1,0,0,0,0,1,0,0,29,48,178,253,213,254,253,251,253,148,48,51,47,30,1,0,0,0,0,0,1,0,0,0,0,0,1,1,1,0,107,86,21,90,253,253,254,49,0,0,0,0,1,0,1,0,1,0,0,0,1,1,0,0,0,0,0,0,1,0,0,163,252,254,253,49,0,0,0,0,1,0,0,1,1,0,0,0,0,0,0,0,0,0,0,0,0,1,0,179,252,253,252,48,0,0,0,0,0,0,0,0,0,2,0,0,0,0,2,0,0,0,0,0,0,1,44,246,254,254,252,50,0,0,1,0,1,1,1,1,0,0,0,0,0,0,0,0,0,0,0,0,0,0,26,220,253,254,252,48,0,0,2,1,0,0,0,0,0,1,0,1,0,0,1,0,1,2,0,0,1,2,1,178,253,251,125,2,0,1,0,1,0,0,0,1,0,2,0,0,1,0,2,1,0,0,0,0,1,0,1,123,160,34,1,0,1,0,1,1,0,0,0,0,0,0,3,0,0,0,1,0,1,0,1,1,0,0,1,1,1,1,1,0,1,0,0,0,0,1,1,0,0,0,1,0,0,0,0,1,1,0,1,0,0,0,1,0,0,0,0,0,0,1,0,1,2,1,1,0,1,2
0,0,0,0,0,0,0,0,1,0,0,1,0,0,0,2,0,0,0,1,2,0,0,0,0,1,1,0,0,1,0,3,1,0,0,1,1,0,0,0,0,0,0,0,0,0,1,1,0,1,0,2,0,1,0,0,1,2,1,0,0,1,1,0,0,2,0,2,0,1,0,1,0,2,0,0,0,1,0,0,0,1,0,1,1,0,0,2,0,0,0,1,0,0,0,0,0,0,0,0,1,1,0,0,0,0,1,1,0,0,0,2,0,1,0,0,0,0,1,0,0,0,0,0,1,188,207,1,0,0,1,0,0,1,0,0,2,0,0,0,0,0,0,0,0,0,0,0,0,1,0,1,0,188,254,29,0,0,0,0,1,1,1,0,0,0,0,0,0,0,0,1,0,3,0,0,1,0,0,0,0,187,253,112,1,0,0,1,0,1,1,0,2,0,0,0,0,1,0,0,0,0,0,1,0,1,2,0,0,190,253,122,0,0,0,0,0,0,0,0,0,0,0,0,1,1,0,1,0,0,2,0,0,0,1,1,0,187,252,150,0,0,2,1,0,0,1,0,0,0,0,1,0,1,0,2,0,0,0,1,1,1,2,0,0,188,253,111,1,0,0,0,0,0,0,0,0,0,0,0,0,0,0,1,0,0,0,0,0,0,0,0,3,192,251,109,2,0,0,0,0,0,2,0,0,2,0,0,0,0,1,0,0,0,0,1,0,1,0,1,45,253,252,178,1,0,0,1,3,0,2,3,0,0,0,0,1,0,0,2,0,0,0,0,0,0,1,0,12,205,254,222,0,0,0,0,1,0,0,1,0,0,0,1,0,0,0,0,0,0,0,1,2,0,0,0,0,187,252,223,1,1,0,1,0,0,1,0,0,0,1,0,0,0,1,0,0,0,0,0,1,1,0,0,5,197,253,222,0,2,0,1,2,3,1,1,1,1,1,0,1,0,0,0,0,0,0,1,0,0,0,0,44,255,253,221,0,0,0,0,0,0,0,0,0,0,1,0,1,0,0,1,0,0,0,1,0,1,0,1,45,254,253,177,0,0,0,2,0,0,0,0,0,1,0,1,0,0,1,0,1,0,0,0,1,2,0,0,44,254,254,112,0,0,1,2,0,1,1,1,1,1,2,0,0,0,1,0,2,0,1,0,0,1,0,0,47,253,253,183,0,1,0,1,0,1,0,0,0,0,0,0,0,0,0,0,1,0,1,0,0,0,0,0,11,201,253,248,61,1,0,0,0,0,0,0,1,0,0,2,0,0,1,0,1,2,0,0,1,0,1,0,0,84,252,255,177,3,0,0,2,0,0,1,0,0,0,0,0,0,0,0,0,1,0,0,0,0,0,0,1,1,220,255,188,0,0,0,0,0,0,1,0,0,0,0,0,0,1,1,1,2,0,2,2,0,0,0,0,1,222,254,187,0,1,0,0,0,0,0,1,0,0,1,0,0,0,1,0,0,0,0,0,0,0,0,2,0,77,242,105,0,1,0,1,0,0,0,2,0,0,0,0,0,0,0,0,0,0,0,0,0,1,0,1,0,1,0,2,1,0,0,0,0,0,0,2,1,1,0,2,0,0,0,1,1,2,0,0,0,1,1,0,0,0,1,2,0,0,0,0,1,1,1,0,0,0,0,0,0,0,0,0,1,0,1,1,0,1,0,1,0,0,0,0,1,0,0,1,0,1,0,0,0,0,0,0,0,0,0,0,1,0,0,0,0,1,0,0,1,0,2,0,1,2,0,1,1,1,0,1,2,1,1
0,0,0,0,0,0,0,0,1,0,1,0,0,0,1,0,1,0,0,0,0,0,1,0,0,0,1,0,0,1,3,1,1,1,1,1,1,0,1,0,2,1,0,0,0,2,2,2,0,0,1,0,0,0,1,0,1,0,0,0,0,0,2,2,0,0,0,0,1,0,0,1,1,0,1,1,1,0,1,0,0,0,1,0,1,0,0,1,0,1,0,0,2,0,0,1,0,0,0,1,0,0,0,0,0,0,0,2,0,0,0,0,0,0,0,0,0,0,0,0,0,0,1,0,0,0,1,3,0,0,1,1,1,1,0,1,0,0,1,1,0,0,0,1,0,0,0,0,0,1,1,0,0,1,2,0,0,0,0,0,0,0,1,0,1,0,0,1,0,2,0,0,2,0,0,0,9,50,115,81,116,148,116,37,0,0,1,1,0,0,2,0,0,0,0,0,2,2,1,0,0,0,0,120,210,254,252,178,193,162,176,247,120,1,0,0,0,0,0,0,0,0,0,2,2,0,1,1,0,19,205,253,168,34,0,2,0,0,0,86,182,137,7,0,0,0,1,1,0,0,0,0,1,2,1,1,1,152,245,155,7,0,0,0,0,0,2,0,2,187,166,8,1,2,1,0,0,0,0,0,0,2,0,1,0,237,131,0,0,0,1,0,0,1,2,1,0,14,228,55,0,1,0,1,1,0,1,0,0,0,0,2,0,253,115,1,0,0,0,0,0,0,0,0,1,0,137,138,1,3,0,0,0,0,0,2,0,0,1,0,0,119,49,0,0,0,0,0,0,0,3,0,0,0,138,138,0,1,0,0,1,0,0,0,0,0,0,0,0,0,0,0,0,3,0,0,0,1,0,0,1,0,137,136,0,1,0,1,0,1,0,0,0,1,0,1,0,0,2,0,0,0,0,0,2,14,12,18,6,8,214,98,0,1,1,0,1,0,0,0,1,0,2,0,0,0,0,0,1,0,1,0,34,195,213,240,203,171,184,14,0,1,2,0,0,0,0,0,1,0,2,0,0,1,0,0,2,0,30,203,253,127,143,216,254,255,140,0,2,2,0,0,0,0,3,1,0,2,1,0,2,1,0,0,0,0,146,247,175,0,0,131,235,206,246,141,0,1,0,1,0,0,0,0,1,0,0,1,1,1,1,2,1,32,240,230,0,6,90,216,54,0,76,213,174,19,0,0,0,2,0,0,2,0,0,0,0,0,2,0,0,19,236,238,60,170,202,30,1,0,0,98,194,174,78,0,0,1,0,0,0,0,0,0,2,0,0,0,0,0,82,254,254,127,9,0,0,1,0,3,0,60,164,79,0,0,0,0,1,0,2,0,0,0,0,0,0,0,5,24,23,0,1,0,0,0,0,0,0,0,31,147,128,0,0,1,0,0,1,0,2,0,0,0,0,1,1,0,1,2,0,0,0,0,0,1,1,0,0,1,0,0,0,1,0,0,0,0,0,0,0,1,1,0,0,0,0,0,0,1,0,1,0,0,0,0,1,0,0,0,0,0,0,0,1,0,0,0,1,0,0,1,0,0,1,0,0,1,0,1,1,0,0,0,0,0,1,1,0,0,0,0,2,1,0,1,0,0,0,1,1,0,0,0,0,1,1,0,0,1,1,1,0,1,0,1,1,0,1,1,0,0,0,0,0,0,1,0,1,1,0,0,0,0,0,0,0,0,0,2,0,0,0,0,0,0,0,1,1,1,0,1,0,1,0,0,0,0,0,0,0,2,0,0,0,0,0,0,0,2,0,0,0,0
0,1,0,0,0,0,0,1,0,0,1,0,0,0,0,0,0,2,1,1,0,0,0,1,0,0,2,0,0,1,2,0,0,1,2,0,0,1,1,0,1,0,0,2,0,0,1,0,1,1,0,0,2,0,0,1,0,0,0,1,0,0,2,0,0,0,1,0,1,3,0,0,0,0,0,1,0,0,2,1,1,0,0,0,0,0,0,1,0,1,0,0,0,0,0,0,1,2,0,1,0,1,2,1,1,0,0,1,0,0,0,0,0,0,0,0,0,2,1,0,0,0,0,0,1,0,2,1,0,1,0,0,0,0,1,0,0,2,0,0,0,0,0,0,0,0,1,0,2,35,4,1,0,0,1,170,222,46,0,1,0,0,0,1,0,0,1,0,0,0,0,0,0,0,1,0,41,253,199,18,0,0,0,173,253,147,1,0,0,1,0,0,0,2,0,1,0,0,2,1,2,1,0,0,116,253,253,111,0,0,1,172,254,206,0,1,0,0,0,0,0,1,1,0,1,2,0,2,0,0,0,0,116,253,252,115,0,0,0,207,253,229,1,1,0,1,0,0,1,0,0,1,2,1,0,2,1,0,0,1,90,254,255,89,0,0,1,215,252,228,0,0,1,1,1,0,0,2,0,0,0,0,0,1,1,1,0,0,116,253,253,98,1,0,0,172,253,231,0,0,0,1,0,0,0,1,0,2,0,1,0,0,0,1,1,0,115,253,254,32,0,1,0,217,253,209,0,0,1,0,0,2,1,0,1,0,1,0,0,0,0,1,1,0,117,253,253,55,1,1,75,253,251,147,2,0,54,8,0,1,0,0,1,0,0,0,0,0,0,0,0,1,65,252,252,244,164,155,188,253,253,246,237,238,250,33,0,0,0,1,1,0,0,0,0,0,0,0,0,0,24,236,252,252,253,255,254,254,253,252,252,214,87,1,0,0,0,0,1,0,0,1,0,0,0,0,0,0,1,15,127,163,238,245,254,255,253,148,71,0,0,0,0,1,2,1,0,2,1,0,0,0,0,0,0,1,0,0,0,0,0,1,245,253,231,0,0,1,0,3,0,0,0,0,2,0,1,1,2,1,2,0,0,1,3,1,0,0,0,54,250,255,155,0,2,0,2,0,2,0,0,0,0,1,1,0,0,0,0,0,0,0,1,0,1,0,0,111,253,253,145,0,0,2,0,0,1,0,0,2,0,1,0,0,3,0,0,1,0,0,3,0,1,0,54,235,252,249,37,0,0,0,0,1,0,0,0,2,0,0,0,0,0,1,0,0,0,0,0,0,0,1,134,252,252,247,1,0,0,0,1,1,1,3,0,0,1,1,0,0,0,1,0,0,0,0,0,0,0,0,193,253,253,193,17,2,0,0,1,0,2,0,0,1,0,0,0,0,0,1,0,0,0,0,1,1,1,17,237,252,253,253,127,0,0,1,1,1,1,0,0,0,0,0,0,1,0,0,1,0,0,0,0,0,0,23,211,254,254,175,27,1,1,1,2,0,0,0,0,0,0,0,1,0,0,2,0,0,1,0,0,0,0,2,73,196,171,5,0,1,0,0,0,0,1,2,0,0,0,0,0,0,1,0,0,0,1,0,1,1,2,0,1,1,0,0,1,0,0,0,1,1,0,0,0,0,0,0,0,1,0,0,0,0,0,0,1,0,0,2,0,0,0,1,1,0,0,0,1,0,1,0,0,0,0,0,0,2,0,0,2,2,1,1,1,0,1,0,0,0,0,0,0,0,1,0,1,0,1,1,1,0,0,0
0,0,0,0,0,0,0,0,0,0,0,0,0,1,0,1,0,0,0,1,0,0,1,0,0,0,2,0,0,0,0,0,0,1,0,1,0,1,1,1,2,1,0,0,0,3,0,1,1,2,1,0,0,0,0,0,1,0,0,2,2,2,0,0,0,0,0,1,1,0,1,0,0,1,0,0,1,1,0,0,0,0,0,0,0,0,1,0,0,0,1,0,2,1,0,0,0,0,0,2,1,0,0,1,0,2,1,2,0,1,0,2,0,1,1,0,0,1,1,0,1,0,0,0,0,0,0,0,0,0,0,2,0,1,0,0,2,0,2,1,1,0,0,0,0,0,2,0,44,255,253,254,254,253,255,253,255,243,116,12,5,2,0,0,0,0,0,0,0,0,1,0,0,2,0,25,211,251,252,253,253,253,252,229,228,242,251,254,176,104,0,0,1,0,0,0,0,0,2,0,0,0,2,160,252,245,216,124,206,254,182,5,0,55,96,176,241,226,156,22,1,0,1,0,0,0,0,0,0,0,13,253,245,109,0,0,70,245,142,0,0,0,0,0,60,188,252,134,4,0,0,0,0,0,0,0,0,0,97,250,215,1,0,0,1,215,141,1,0,0,0,0,0,21,188,253,109,2,0,1,0,1,0,2,0,0,167,252,123,0,1,0,0,155,46,0,1,1,1,1,0,0,21,225,229,8,0,1,0,0,0,0,1,1,254,251,193,0,0,0,0,0,0,1,0,0,0,0,1,0,0,177,255,110,2,0,1,0,2,0,0,0,253,252,114,1,1,0,0,0,0,0,0,1,0,2,0,0,0,98,253,178,0,0,0,1,0,0,1,1,255,250,96,1,0,0,0,1,1,0,0,0,1,3,1,0,1,97,251,251,0,0,0,0,0,1,0,0,252,252,98,0,0,0,0,2,1,0,1,1,0,0,0,0,2,97,253,252,1,0,0,0,0,2,0,1,255,254,95,1,1,0,0,0,1,1,0,1,0,0,1,3,1,103,254,132,0,1,1,0,0,0,0,0,254,253,97,0,0,0,0,1,0,1,0,0,0,0,0,0,0,217,252,120,0,0,0,1,0,1,0,1,237,253,168,0,2,0,0,0,0,1,0,0,0,2,0,1,54,239,236,10,0,1,0,1,0,0,0,0,109,253,222,17,1,0,1,0,0,1,0,1,0,0,0,15,176,252,121,1,0,1,2,2,0,0,0,0,3,177,251,172,2,0,0,2,2,1,0,1,0,0,0,101,251,156,7,2,0,0,0,1,0,0,0,0,0,112,252,242,89,0,0,0,2,0,0,0,0,49,160,236,228,25,0,0,0,1,3,1,0,0,0,0,1,5,133,251,240,90,0,0,0,1,1,50,103,235,250,193,33,0,2,0,0,0,0,0,1,0,0,0,0,0,6,134,253,245,215,171,95,97,219,236,254,253,152,25,0,0,1,0,0,0,0,1,0,1,0,0,0,0,1,4,110,228,253,253,253,252,253,251,166,23,8,0,0,0,0,0,1,0,1,1,0,0,1,2,2,0,0,0,0,42,132,130,132,130,132,64,4,0,0,0,1,0,1,0,1,0,3,1,0,0,2,1,1,1,1,1,1,0,0,0,0,0,0,0,1,0,0,0,0,0,1,0,0,1,1,1,1,1,0,0,0,0,0,0,1,0,0,0,0,0,1,0,1,1,0,0,0,0,0,0,2,1,0,1,0,0,0,0,0,0,0,0,0,0,0,2,0,0,0,0,1,0,1,0,1,0,2,1,0,2
0,1,1,0,0,0,1,0,0,1,0,0,3,1,0,0,0,0,1,1,1,0,0,0,0,0,0,2,0,0,0,1,0,0,0,0,0,0,1,0,1,0,0,1,0,0,0,0,1,0,0,0,0,0,0,0,0,0,0,0,0,2,0,1,0,0,1,0,1,0,1,0,0,1,1,0,0,0,0,0,0,0,0,1,0,1,0,0,0,0,0,0,1,0,2,20,154,254,192,61,2,0,1,0,0,0,0,1,1,0,1,1,0,0,0,1,0,1,0,1,0,1,9,189,253,254,254,236,115,2,0,0,0,0,0,0,0,0,1,0,1,0,0,0,0,1,1,1,0,0,118,253,253,176,254,252,234,60,0,0,1,0,0,0,0,0,2,0,0,0,0,1,0,1,2,0,0,0,140,253,130,3,103,253,254,242,0,0,0,0,0,0,0,0,2,0,0,0,0,1,0,1,0,1,0,0,127,202,24,1,0,170,255,253,1,0,0,0,0,0,0,2,0,0,1,0,1,1,2,0,0,0,1,0,0,1,1,1,0,95,255,252,0,2,0,0,0,0,0,0,0,1,1,0,1,0,0,0,0,1,0,0,0,0,0,1,0,57,254,254,1,0,1,0,0,0,0,1,0,1,0,0,0,0,0,1,0,0,0,0,0,0,0,0,0,108,252,253,1,0,0,0,0,1,1,0,0,1,2,1,0,0,0,0,0,0,1,0,0,2,0,2,0,171,254,191,0,1,0,0,1,1,0,1,0,0,1,1,0,0,1,0,0,0,0,0,1,1,0,0,19,226,254,64,0,0,1,0,0,0,0,0,1,0,1,2,0,0,2,0,1,0,0,0,0,0,0,3,207,253,188,4,0,0,0,0,0,0,0,0,0,0,2,0,0,1,1,1,0,0,1,1,0,0,0,151,253,252,120,0,0,1,0,1,1,0,1,0,0,2,1,0,0,1,0,0,1,0,0,1,0,6,103,254,252,75,3,1,0,1,0,1,0,1,0,1,0,0,1,0,1,0,0,0,2,0,0,2,0,132,252,252,125,0,0,0,1,0,1,0,0,3,0,0,0,0,1,0,0,0,0,1,0,1,0,0,148,236,254,177,0,0,1,0,2,0,0,0,0,1,0,0,0,0,1,2,0,0,0,0,1,0,0,51,254,252,176,5,0,1,1,0,0,0,0,51,127,227,51,0,1,0,0,0,0,0,0,0,1,7,154,255,253,125,0,0,0,20,30,78,144,166,254,244,164,38,1,1,0,1,1,1,1,1,1,1,0,133,253,253,231,57,94,168,171,226,254,253,248,196,157,49,0,0,1,0,0,0,0,1,1,0,0,0,0,171,253,253,255,252,253,255,254,197,169,66,51,0,0,0,0,0,1,0,0,0,0,0,0,0,0,0,1,44,178,203,142,115,79,28,30,10,0,0,1,0,2,0,1,0,2,1,0,1,0,0,0,0,0,0,0,1,1,1,0,0,1,1,0,0,0,2,1,0,1,0,0,1,0,2,0,0,1,0,0,0,2,0,0,0,0,1,0,0,0,0,0,2,0,0,1,1,0,0,0,1,1,1,1,0,0,0,1,0,1,0,0,1,0,1,3,2,1,0,0,0,0,0,0,0,0,0,0,1,1,0,2,0,1,0,0,1,0,0,0,1,0,0,0,1,1,1,0,1,0,0,1,1,0,0,2,0,1,0,0,0,1,2,0,0,0,0,0,0,0,0,0,0,0,2,1,1,1,0,0,0,1,0,2,0,0,0,0,0
1,0,0,0,0,0,0,0,0,2,0,0,1,0,2,0,0,0,2,0,0,0,1,0,0,0,0,0,0,0,0,0,0,0,0,0,0,0,0,0,1,2,0,1,0,0,2,1,1,0,0,0,1,2,0,0,1,1,0,0,0,0,0,0,0,0,0,2,0,1,0,0,0,1,0,0,1,0,0,0,0,1,0,0,2,0,0,0,0,0,0,0,0,0,0,0,1,0,0,0,0,0,0,0,0,0,2,0,0,0,0,0,2,1,0,1,0,0,0,0,0,2,0,0,0,0,1,0,0,0,0,0,1,0,1,0,0,0,1,2,0,0,1,0,1,0,0,0,0,0,1,2,0,0,0,0,0,0,1,0,0,0,0,0,1,1,0,1,0,0,0,0,0,0,0,0,1,0,0,2,0,29,88,151,186,253,73,0,0,0,0,0,0,0,0,0,0,2,0,0,0,1,0,0,1,0,0,25,95,232,252,253,254,254,70,0,0,0,0,0,1,1,0,0,1,1,3,0,0,0,2,12,229,244,245,247,254,245,217,116,162,254,129,0,1,1,0,0,1,0,0,0,1,0,1,0,0,0,0,19,204,252,252,200,126,54,0,1,165,252,142,1,0,1,0,0,2,0,0,0,0,1,0,0,0,2,0,0,11,21,21,5,1,1,0,6,198,250,65,0,1,0,0,0,0,0,2,1,0,0,1,0,0,0,3,0,2,1,0,0,0,0,0,42,253,192,0,0,0,1,0,1,0,0,0,1,1,0,2,2,0,0,0,0,0,1,0,0,0,1,1,182,252,118,0,1,0,1,1,0,2,0,1,0,1,0,0,1,0,0,0,1,0,0,0,2,0,0,0,251,252,95,0,0,0,1,0,1,0,1,0,0,1,2,0,0,0,0,1,1,1,0,1,0,4,8,45,251,253,64,6,5,0,0,0,0,1,2,0,0,0,1,1,2,1,1,0,1,2,37,142,157,199,253,252,252,253,253,238,139,0,0,0,1,0,0,0,0,1,0,0,1,1,0,1,0,21,238,255,252,253,253,254,253,251,187,36,0,1,1,0,0,1,1,0,0,1,0,0,0,0,0,1,0,13,139,212,213,212,220,253,251,64,2,1,2,1,0,0,0,0,1,0,1,1,0,0,2,2,0,0,0,0,0,0,1,1,53,252,222,14,0,0,1,2,0,0,0,0,1,1,0,0,0,0,1,1,0,0,2,0,0,0,0,0,65,254,213,0,1,1,0,0,0,0,0,0,0,1,2,0,0,1,0,1,0,0,0,0,0,0,1,0,156,251,140,1,0,0,0,3,1,0,0,0,0,0,0,2,0,0,0,0,2,0,1,0,0,0,1,1,157,253,109,1,0,1,0,0,0,0,0,0,2,0,0,0,2,2,1,1,0,0,0,1,0,0,1,4,221,251,38,1,0,1,0,0,2,0,1,0,0,0,0,0,1,0,0,0,1,1,1,0,0,0,0,53,253,255,5,1,0,1,0,0,0,0,0,1,0,0,0,0,1,0,0,0,0,1,0,0,0,0,0,110,253,254,6,0,1,0,0,0,1,0,0,0,0,0,1,0,0,0,0,1,0,0,1,1,1,0,1,66,253,128,1,0,0,0,0,1,1,3,1,1,3,0,0,0,0,0,0,0,0,0,0,2,0,1,0,0,0,0,0,0,1,0,0,0,0,0,1,0,0,1,1,0,1,1,1,0,0,0,0,2,0,1,0,0,0,2,0,0,0,0,0,0,0,0,1,0,0,1,0
0,0,1,1,1,0,1,0,1,1,0,0,1,0,0,1,0,0,0,1,0,0,0,0,1,0,0,0,0,1,0,1,1,0,1,2,2,0,0,0,0,0,1,1,0,1,1,0,1,0,0,0,0,0,0,0,1,2,0,1,0,0,1,1,1,0,2,0,0,0,1,0,1,0,1,1,0,0,0,0,0,0,1,0,0,2,0,1,1,0,0,0,0,1,1,1,0,0,0,0,0,0,0,0,0,0,0,0,0,1,0,1,1,1,1,0,1,0,1,0,0,2,1,0,0,0,0,0,0,0,2,1,1,1,0,1,1,3,0,0,1,0,1,1,0,0,1,1,0,0,0,0,0,0,1,0,0,1,1,9,159,194,1,0,0,0,0,0,0,0,0,2,0,1,1,0,0,0,0,0,0,1,0,0,0,1,74,194,251,212,0,0,0,2,1,1,0,0,0,2,0,0,1,0,107,211,136,0,1,0,0,0,0,0,150,253,253,88,0,0,0,0,0,0,0,0,0,0,0,0,1,96,251,252,164,1,1,1,0,0,0,9,239,251,251,22,0,0,0,1,1,1,0,0,1,1,0,0,0,99,251,251,183,5,1,2,0,0,0,172,251,252,250,22,0,0,0,0,0,0,1,0,1,0,2,0,0,100,254,252,221,15,0,0,0,0,53,244,252,252,143,5,1,0,0,0,0,1,1,0,0,0,1,0,0,99,255,252,167,0,0,0,0,1,169,252,251,203,4,0,0,0,0,0,0,0,1,1,0,0,0,1,1,100,253,253,250,21,0,1,0,51,252,251,254,195,0,1,0,0,0,0,0,0,0,2,0,0,2,0,0,26,245,252,254,183,1,0,34,226,252,252,247,89,0,1,0,0,0,0,0,0,0,1,0,0,0,0,0,1,243,251,253,249,202,31,110,253,253,252,134,0,0,0,1,1,1,0,0,0,1,0,1,1,0,0,0,0,67,242,253,253,255,252,255,255,253,239,55,0,2,0,0,2,1,0,1,0,1,0,0,0,2,0,1,0,1,137,252,252,251,252,250,255,252,125,0,0,0,0,0,1,2,1,0,1,1,0,0,1,0,0,1,0,0,10,82,202,253,252,251,252,252,45,0,0,2,0,0,0,0,2,0,0,0,0,0,0,1,0,0,1,1,0,0,4,14,197,253,251,180,1,1,0,0,0,0,0,0,1,0,0,1,0,1,0,1,0,1,1,0,0,0,0,69,251,252,254,78,0,0,0,2,0,0,0,0,0,1,0,0,0,2,0,0,1,1,0,0,0,0,4,187,254,252,242,50,1,1,0,1,0,0,0,0,0,0,0,0,0,1,2,0,0,0,0,2,0,1,13,253,252,254,223,11,8,0,0,0,0,0,0,1,1,0,0,0,1,0,0,0,1,0,1,0,0,1,11,250,252,251,254,250,195,4,0,0,0,0,0,0,0,0,0,0,0,1,0,0,0,0,0,0,0,0,11,252,254,252,252,250,121,0,0,0,0,0,0,1,2,0,0,0,0,0,0,0,1,0,0,2,0,1,5,209,219,142,46,66,6,2,0,1,0,0,1,1,0,0,0,0,0,0,1,1,0,0,1,1,0,0,0,0,0,0,1,0,0,0,0,0,0,0,0,0,1,0,0,0,0,0,0,0,0,1,1,1,0,0,0,0,1,0,0,1,1,0,1,1,0,0,0,2,0,0,0,0,0,0,1,0,0,0,0,0,1,1,0,0,0,0,1,0,0,0,0,0,0,0,0,0,0,0,0
0,0,0,0,1,0,1,0,0,1,0,0,1,0,1,1,1,0,1,0,0,2,0,1,0,0,1,0,1,2,0,0,0,0,0,0,0,1,1,0,1,1,1,0,1,0,0,2,1,0,1,0,1,1,0,1,1,1,0,0,1,0,0,0,1,0,0,0,0,0,0,0,0,0,1,0,0,2,1,1,1,0,0,0,0,0,0,0,0,0,1,0,1,0,0,0,0,1,1,0,0,0,1,0,0,1,0,0,0,0,0,0,0,0,1,0,1,0,44,157,242,254,253,254,255,224,86,5,0,0,1,2,1,1,0,0,0,0,0,0,0,0,0,0,0,15,217,200,86,74,72,124,155,244,254,182,4,0,0,0,0,0,1,0,0,1,1,0,1,0,1,1,0,156,127,13,0,0,0,1,0,25,224,254,57,0,0,1,1,0,0,0,0,0,1,0,0,0,0,0,0,21,1,0,0,0,0,0,0,3,191,255,57,0,1,0,2,0,0,0,0,0,1,2,0,0,0,0,0,0,1,0,0,0,0,0,0,22,255,232,11,1,0,0,0,0,0,1,0,0,2,0,1,0,0,0,0,0,0,2,1,0,0,2,0,151,253,118,0,0,0,1,1,0,1,0,0,0,0,0,0,1,0,0,2,0,1,0,0,0,0,2,81,253,223,8,1,0,0,1,0,1,0,0,0,1,0,0,0,1,0,0,0,0,0,0,0,2,0,65,251,204,16,0,0,0,0,2,0,1,0,1,0,0,0,0,0,0,0,1,2,0,1,0,0,2,0,85,252,155,1,0,2,2,1,0,0,0,1,0,0,0,2,0,0,1,2,1,1,0,1,0,1,0,1,0,165,255,150,0,0,0,1,1,0,2,0,1,0,2,0,0,0,1,0,0,1,0,0,1,0,0,1,0,0,140,252,185,79,1,0,0,0,0,0,1,1,0,1,0,0,0,0,0,0,0,0,0,0,1,0,1,0,0,58,219,243,141,27,1,0,1,0,1,0,1,0,0,0,1,0,1,1,0,0,0,0,2,0,1,2,0,1,8,168,254,244,66,0,1,1,0,0,0,1,0,1,0,2,0,3,0,1,0,0,2,0,2,0,0,1,1,7,137,249,221,33,0,0,1,0,0,1,1,2,2,0,0,2,2,1,0,0,1,0,0,0,1,0,1,0,0,107,253,188,0,0,0,2,1,2,0,0,0,2,0,2,0,0,0,0,0,0,0,3,1,0,0,0,1,83,255,189,0,0,0,2,0,0,1,0,0,1,1,0,0,1,0,2,1,0,1,1,0,0,7,70,178,249,255,151,0,0,2,1,0,0,0,1,0,2,0,1,0,0,10,31,1,1,0,1,45,131,231,254,255,241,96,1,2,0,0,0,0,0,0,3,0,0,0,0,0,0,167,201,157,156,178,238,250,255,255,195,115,27,0,0,2,0,1,0,0,1,1,0,1,1,0,0,0,1,127,253,252,253,253,199,174,114,82,2,0,0,1,0,0,1,0,0,1,0,1,1,0,0,0,2,1,0,0,0,0,1,1,1,0,1,0,1,1,0,0,0,1,0,0,0,0,0,0,0,1,0,1,0,1,0,0,0,0,2,0,0,1,0,0,1,1,0,1,0,1,1,0,0,1,0,0,0,0,0,0,0,0,0,0,1,0,1,0,0,0,0,0,0,2,2,0,1,0,0,1,1,0,1,0,2,0,0,0,0,0,0,1,0,1,1,0,0,1,0,0,1,0,0,0,0,0,0,2,1,0,1,0
2,0,1,0,0,1,0,1,1,0,0,0,1,0,0,0,0,0,0,1,0,1,0,0,0,0,1,0,0,0,0,0,0,0,1,0,0,1,1,0,0,0,0,0,0,0,0,0,0,1,0,0,0,0,0,1,1,1,1,0,0,0,0,0,0,2,0,0,1,1,0,1,0,0,0,0,0,0,0,0,1,1,0,0,0,1,0,0,1,0,1,0,0,0,0,1,0,1,1,0,1,0,0,0,0,0,0,0,0,1,1,0,0,0,2,2,1,0,1,0,0,0,1,30,140,254,227,115,27,0,0,2,0,2,0,0,0,0,0,0,0,2,0,2,2,0,0,1,0,0,57,227,255,200,226,255,226,0,1,0,0,2,0,0,0,0,1,0,0,0,0,0,0,0,0,2,1,30,227,254,87,0,0,171,255,87,1,1,0,1,0,0,1,0,0,0,0,0,0,1,2,0,0,0,0,170,226,30,0,0,0,0,198,171,1,0,1,0,1,0,0,0,1,2,0,0,0,2,1,0,0,0,0,142,227,58,0,0,0,0,225,167,0,0,0,1,0,0,0,1,1,0,1,0,0,1,0,0,1,2,0,0,1,0,0,0,3,28,253,170,0,0,2,0,0,0,0,0,0,0,0,0,0,1,0,1,0,1,0,0,0,1,2,0,1,114,255,116,1,0,2,1,1,1,0,1,0,0,1,1,2,0,1,0,2,0,1,0,1,0,0,0,0,199,255,28,2,0,0,1,2,1,0,0,0,1,1,0,0,0,0,1,0,0,1,0,0,29,86,87,198,254,112,0,0,0,0,2,0,1,0,0,0,1,0,0,0,0,0,0,0,0,0,0,115,253,254,255,255,255,226,143,30,0,0,1,2,2,1,3,0,0,1,1,0,0,1,0,1,0,0,0,168,255,254,255,169,85,143,255,226,57,0,0,0,1,0,0,1,1,0,0,0,0,0,1,0,0,2,0,113,170,170,58,0,0,0,56,227,227,29,0,0,0,0,2,0,1,0,0,1,0,0,1,0,0,0,0,0,2,0,0,1,1,1,0,57,255,87,0,0,2,1,0,0,1,0,1,0,0,0,1,1,0,0,0,1,0,0,0,0,0,1,0,1,225,170,1,1,0,1,1,0,1,0,0,0,0,0,0,0,0,0,1,0,0,0,0,0,0,0,1,28,255,171,0,2,0,1,3,0,2,0,0,1,0,0,0,0,0,0,0,0,0,0,1,0,0,0,2,197,255,86,1,1,0,0,1,0,1,0,1,1,0,0,0,0,0,0,56,57,1,0,0,0,0,0,198,255,170,0,0,0,0,0,0,0,1,0,0,0,0,1,0,0,2,2,170,253,168,27,0,0,58,225,255,171,29,0,0,0,0,0,0,0,0,0,0,1,0,0,0,0,1,0,0,140,254,255,254,226,255,254,140,0,0,0,0,1,0,1,0,1,0,0,0,0,0,1,0,1,0,1,1,0,58,197,255,225,114,31,0,0,1,0,1,0,0,0,0,1,1,0,1,0,0,0,2,0,0,0,0,0,0,0,0,0,0,2,0,0,1,0,0,1,1,1,0,0,1,0,1,1,1,1,0,1,1,0,0,0,1,0,2,0,1,1,0,0,0,0,1,0,0,0,1,0,0,0,1,1,0,0,0,0,0,1,0,0,0,2,0,0,2,1,0,0,1,0,0,0,1,0,0,2,0,1,0,0,0,0,0,1,2,0,0,0,1,0,1,0,0,1,1,0,1,0,0,0,0,1,1,0,0
1,0,0,0,0,1,0,1,0,0,1,1,0,0,0,2,0,0,0,0,0,0,0,0,1,0,1,2,0,0,1,0,0,0,2,0,0,1,0,0,0,0,0,0,0,0,2,0,0,0,0,2,1,0,0,2,0,0,0,0,0,0,0,0,0,2,2,0,1,0,0,1,0,0,0,2,0,0,0,2,1,1,1,1,0,0,1,0,2,0,1,0,0,0,0,0,0,1,1,0,0,2,0,0,1,1,0,0,0,0,0,1,0,0,1,0,0,0,0,1,1,0,176,251,254,253,254,255,127,113,40,0,1,0,0,1,2,0,0,1,1,2,0,1,0,0,0,0,12,165,254,252,251,253,252,253,255,251,220,85,0,1,1,0,1,0,0,0,0,0,1,0,0,0,0,0,59,253,253,253,253,251,253,254,251,252,253,251,56,6,1,0,1,0,2,0,0,1,0,0,0,0,1,8,178,253,254,251,252,252,252,252,252,252,252,253,253,122,0,0,1,1,0,0,0,1,0,0,0,2,0,58,254,249,253,251,250,253,251,252,251,252,252,251,253,168,0,1,0,0,0,1,0,0,0,0,0,0,1,57,255,253,255,253,228,46,0,63,177,252,252,254,255,253,120,0,0,0,0,3,1,0,1,0,0,0,29,200,251,252,252,224,53,0,2,0,57,233,252,253,254,253,214,27,0,0,2,0,0,1,0,1,3,0,85,251,250,250,254,166,0,0,0,0,0,74,232,251,254,253,252,83,0,0,0,0,0,0,0,0,0,0,86,254,250,251,253,75,0,2,0,0,1,1,167,251,254,252,252,99,0,0,0,1,0,0,2,0,0,1,162,251,251,253,253,26,0,2,1,0,0,1,170,251,253,252,253,222,1,0,1,0,0,0,0,2,0,0,226,254,252,254,254,28,2,0,0,0,0,0,169,255,255,254,254,224,0,1,2,0,0,0,0,1,1,0,177,252,251,252,253,26,0,0,0,0,0,0,122,252,254,250,251,144,3,0,0,0,1,0,1,0,1,0,84,252,251,252,253,136,1,0,0,1,1,0,60,252,254,252,252,223,0,0,0,0,1,0,0,0,1,0,87,252,254,251,255,224,60,10,0,2,9,138,225,253,254,253,251,208,0,0,2,0,0,0,0,0,0,0,37,221,254,251,253,254,252,178,140,141,178,252,251,251,252,252,252,82,0,0,0,0,0,0,1,0,1,1,0,197,252,254,255,254,252,253,253,255,252,251,254,253,255,252,196,0,0,2,0,0,0,1,0,0,0,0,0,150,253,254,254,252,252,252,253,252,252,253,253,252,254,224,51,0,0,0,0,0,0,1,1,0,1,1,1,15,155,254,251,250,252,254,252,252,254,251,252,253,229,54,0,0,2,2,1,0,1,1,0,0,1,2,2,0,11,84,236,252,253,252,252,253,253,250,250,145,49,2,0,0,0,0,0,1,0,0,0,0,0,0,2,0,1,0,50,111,113,127,249,253,254,140,99,1,4,2,1,0,1,0,0,0,1,0,1,0,0,0,1,1,0,0,0,1,2,1,0,0,0,0,0,0,2,0,1,0,0,0,0,0,0,0,0,0,0,0,0,0,0,0,0,1,0,0,0,1,1,0,0,0,0,0,0,0,1,0,0,0,0,1,0,0,0,1,0,0,0,0,0,1,0,0,1,1,1,1,1,0,0,0,0,0,0,1,0,0,0,0,0,2,0,1,1,0,1,1,1,0,1,2,0,0,0,0,1,1,0,0,0,0,1,0,0,0
0,0,0,2,2,1,1,3,0,0,0,0,1,1,3,1,0,0,1,0,0,0,0,1,3,0,0,1,0,0,0,0,0,1,2,1,2,1,1,0,1,0,0,0,0,0,0,1,0,0,0,0,0,0,2,0,0,0,0,0,0,1,0,0,2,0,0,1,0,0,0,0,1,0,1,0,1,0,1,0,0,1,0,0,0,0,0,0,0,0,0,0,1,0,0,0,0,0,1,2,0,0,0,0,1,0,1,0,3,0,0,2,0,0,0,0,0,0,0,0,0,0,0,0,0,12,129,192,133,115,11,4,0,1,0,0,0,1,0,1,1,2,0,0,0,0,0,1,0,0,0,0,68,245,254,254,251,252,253,148,6,1,0,0,0,1,0,0,1,1,0,1,0,1,0,0,0,1,11,137,239,252,253,252,215,239,254,253,134,0,0,0,0,1,0,0,0,0,0,1,1,0,0,1,0,1,98,253,253,254,253,80,1,69,236,253,122,0,0,0,0,0,0,0,2,0,0,0,1,1,0,0,0,70,236,252,231,139,72,1,0,1,140,253,179,0,2,1,0,1,1,0,0,1,1,0,0,0,0,1,0,183,253,254,64,1,0,0,0,0,49,255,235,72,0,0,0,1,0,1,0,0,1,0,0,1,1,1,41,239,253,253,37,0,0,1,0,1,49,253,252,168,0,0,0,0,0,2,0,0,1,0,1,0,1,0,95,253,252,180,6,0,0,0,0,0,49,255,254,209,18,0,0,0,0,1,2,0,0,1,0,0,0,33,247,254,251,167,0,0,0,0,1,0,49,253,254,167,0,0,1,0,1,0,0,0,1,0,0,0,0,96,253,253,219,27,2,0,0,0,0,1,49,253,254,168,0,1,2,1,0,0,0,1,0,0,1,1,0,156,255,254,218,24,2,0,0,1,0,2,174,253,255,164,1,0,0,1,0,1,0,1,0,0,0,0,2,154,255,253,254,49,1,0,1,0,0,37,252,253,252,47,1,2,1,0,0,0,1,0,0,0,0,0,1,83,251,254,254,50,0,0,0,1,1,112,253,254,210,18,1,0,0,0,0,0,0,0,0,0,0,0,0,38,254,252,255,48,0,0,0,1,40,221,252,253,180,1,0,1,0,0,1,0,0,1,0,0,2,0,2,37,255,253,253,134,0,0,0,10,223,254,254,241,80,1,1,1,2,1,0,2,1,0,0,0,0,0,2,37,251,252,255,192,11,2,35,198,253,253,239,137,0,0,0,1,1,0,0,0,0,0,2,1,1,0,1,7,142,252,250,253,35,38,222,255,253,241,79,2,0,1,1,0,0,0,3,0,0,1,0,0,0,1,0,0,29,227,255,252,223,235,253,255,185,30,0,0,0,0,2,0,0,0,0,0,0,1,1,0,0,0,0,2,0,182,253,251,250,251,201,82,11,0,0,0,0,0,0,0,0,0,1,2,0,0,1,0,1,0,1,0,0,9,80,252,252,143,10,0,1,0,0,2,0,0,0,0,1,2,0,0,0,0,1,0,0,0,0,1,1,1,0,0,0,0,0,1,1,1,0,0,0,0,1,0,0,1,1,0,0,0,0,1,0,1,1,1,1,1,1,0,1,1,1,1,0,1,0,0,2,0,0,0,0,1,0,1,0,1,0,1,0,1,1,0,2,1,2,0,0,1,0,2,0,0,0,2,0,2,0,0,0,1,0,0,1,1,0,1,0,0,0,1,0,1,0,2,0,0,0,0,0,0,0,0,0,0,0,1,1,0,0,0
1,0,0,0,0,0,1,0,0,0,0,0,0,0,1,2,0,1,0,0,0,0,1,0,0,0,2,1,0,1,0,0,0,0,1,0,1,0,0,0,0,2,1,0,0,0,0,3,0,0,2,1,0,1,0,1,0,0,2,0,0,0,0,0,1,0,0,0,0,0,0,1,1,0,0,0,0,0,0,0,0,0,0,0,0,1,0,0,0,1,0,0,0,0,0,0,0,0,1,1,0,1,0,0,0,0,0,1,0,1,0,0,0,0,0,0,0,2,0,5,73,164,183,208,162,130,1,2,0,2,0,0,1,1,0,1,0,0,0,0,1,0,1,0,0,30,146,237,252,254,232,245,223,252,84,1,0,1,0,0,0,4,1,1,0,0,0,0,0,0,2,0,37,232,236,217,184,101,25,30,31,252,91,0,0,1,0,0,0,0,0,0,1,0,0,0,0,0,0,0,98,151,73,2,0,1,0,0,62,252,20,0,2,0,2,0,0,1,0,0,0,0,0,0,1,0,0,2,1,0,0,0,1,0,0,26,238,253,0,0,0,0,0,0,0,0,0,0,1,1,0,1,1,0,0,0,0,0,0,0,0,0,17,197,248,83,0,2,0,0,0,0,0,0,0,1,0,0,1,0,2,1,0,0,1,0,0,1,0,16,162,253,215,1,0,1,1,0,0,1,1,0,1,0,0,0,0,0,1,2,0,2,0,0,1,0,15,195,253,248,59,0,0,0,0,0,0,0,0,1,1,1,0,0,0,0,2,1,0,1,0,0,1,15,193,254,254,232,110,77,45,59,15,0,0,0,0,0,0,0,1,1,0,0,1,0,1,0,1,1,0,43,254,253,253,253,254,253,253,253,242,182,116,93,8,0,1,0,1,0,0,0,0,1,1,0,0,0,0,0,64,92,111,168,162,208,183,196,252,255,255,255,255,123,1,0,0,0,0,2,0,0,0,1,0,0,0,0,2,0,0,1,0,9,0,5,64,147,197,215,253,251,103,0,0,1,0,0,0,0,0,0,0,0,0,0,0,1,0,0,0,0,0,0,0,0,0,12,236,253,223,2,1,0,0,2,0,0,0,0,0,0,0,0,0,0,0,0,1,0,0,0,0,2,0,0,51,225,248,55,0,0,0,0,0,0,0,0,0,0,0,1,0,0,0,0,0,1,0,0,0,0,0,1,74,244,239,22,0,0,0,0,0,0,0,0,0,0,0,2,0,27,0,0,0,1,3,0,2,0,0,23,176,246,104,0,1,0,0,1,1,0,0,1,1,0,2,1,71,174,1,0,0,0,2,0,0,6,88,209,252,146,0,1,0,0,1,0,0,0,3,0,1,0,0,15,245,217,108,37,38,39,37,122,139,218,253,254,146,6,0,0,0,1,0,0,0,0,1,0,0,1,0,16,248,253,254,253,254,253,253,251,255,255,240,151,4,1,0,0,0,0,1,0,0,0,0,1,0,1,0,0,83,129,181,253,252,253,195,164,163,92,21,0,0,0,0,1,0,1,0,0,0,0,0,0,2,0,0,1,0,0,0,0,3,0,0,1,2,0,1,0,0,0,1,0,0,1,0,1,0,1,1,0,0,1,0,0,0,0,1,0,0,0,0,0,1,1,0,0,1,0,2,0,0,0,1,1,0,1,2,0,0,0,0,0,0,1,0,1,1,0,0,0,1,1,1,0,0,0,0,0,1,1,1,1,0,2,0,1,0,0,0,1,0,0,1,2,0,0,1,1,2,0,0,0,0,0,1,0,0,0,0,0
0,0,0,2,1,1,0,0,1,1,0,0,0,0,1,0,0,2,0,1,1,0,0,0,0,0,0,0,0,0,2,0,2,1,0,0,1,0,0,0,1,0,0,1,0,0,1,1,0,0,0,0,0,1,1,2,2,0,1,0,0,2,0,0,0,1,0,0,0,1,0,0,0,0,1,0,0,1,1,0,2,0,0,2,0,0,0,0,1,0,0,0,0,0,3,0,1,0,1,1,1,0,0,0,0,3,0,0,1,0,1,1,2,0,0,1,0,0,1,2,1,1,1,0,0,0,130,192,254,1,0,0,2,0,0,1,1,0,0,0,1,2,0,0,1,1,2,0,0,0,0,1,0,128,255,255,190,0,1,0,0,0,2,0,2,0,0,1,0,1,0,0,0,0,1,0,0,0,0,0,2,127,255,255,0,1,0,0,0,1,1,0,0,1,0,0,0,0,0,0,2,0,1,0,1,0,0,0,1,253,255,128,2,0,0,1,0,1,1,0,1,0,0,0,0,2,1,0,0,1,0,0,2,0,1,0,2,255,255,128,0,1,0,0,0,0,2,0,1,0,0,0,0,0,0,3,1,1,0,0,0,0,0,1,2,254,255,190,0,0,0,1,1,0,0,0,1,0,1,0,0,1,1,0,0,0,0,1,0,0,0,0,0,255,255,255,0,0,0,1,0,0,0,1,0,1,3,0,0,2,0,0,0,0,0,0,0,2,0,0,1,255,255,255,0,0,0,0,0,0,1,0,1,0,1,0,0,0,0,1,0,0,0,0,0,0,0,1,0,255,255,255,63,0,1,1,0,0,0,0,0,0,0,0,1,0,1,0,1,0,0,0,0,0,1,0,0,255,254,255,0,0,2,0,1,0,1,1,1,0,2,2,0,0,0,0,1,0,0,0,1,1,1,0,0,255,255,255,2,1,0,1,1,1,0,0,0,0,1,0,1,1,0,0,0,0,0,1,0,0,0,0,0,255,254,253,1,0,2,0,0,1,2,0,0,0,0,2,2,2,0,0,1,0,1,0,0,2,0,1,2,255,255,255,128,0,2,0,0,2,0,1,1,0,0,1,0,0,0,0,0,0,0,1,0,2,0,1,0,128,255,253,127,0,0,0,0,0,0,0,0,0,0,0,0,0,0,0,0,0,0,0,0,1,1,1,1,126,255,255,128,0,0,0,0,0,1,1,0,0,0,0,1,0,1,1,0,1,1,1,0,0,0,1,0,129,253,255,128,2,2,0,0,2,1,0,0,1,1,0,0,2,2,0,0,0,1,1,0,0,1,0,0,129,254,255,128,2,1,1,0,1,0,0,0,0,0,1,1,0,1,0,0,0,1,0,0,0,0,1,1,127,255,254,255,0,2,0,1,1,0,0,0,1,0,0,0,3,1,1,0,0,1,0,0,2,1,0,0,129,255,255,128,1,0,0,0,0,0,0,0,0,0,0,0,1,1,1,1,0,1,0,0,1,1,0,0,64,255,189,2,1,2,1,1,0,0,0,0,0,0,0,1,0,1,0,0,0,2,0,0,1,0,1,0,0,0,0,0,1,0,0,0,0,0,0,0,0,0,0,1,2,1,0,2,3,0,0,1,0,0,1,1,0,0,0,1,1,0,2,0,0,0,1,0,1,1,0,0,0,0,3,0,0,0,0,1,0,0,1,0,2,0,0,0,0,1,0,0,0,0,0,1,0,1,0,0,0,2,0,0,1,0,0,0,0,2,1,0,0,0,0,0,1,0,0,0,0,0,0,0,0,0,0
1,1,0,0,1,0,2,1,0,0,0,0,0,0,0,0,0,0,0,0,0,0,0,1,0,0,1,1,0,1,0,0,0,0,1,0,1,0,0,1,0,1,0,0,0,2,0,0,1,0,0,1,1,0,0,1,0,0,1,0,0,1,2,0,1,0,1,2,0,1,0,1,0,0,1,0,0,0,2,0,2,0,0,0,1,0,0,1,0,0,1,0,0,1,1,0,1,0,0,0,0,0,0,1,0,0,0,0,0,1,0,1,0,1,0,1,0,0,0,0,1,0,1,0,0,0,0,0,0,0,0,0,0,0,0,0,0,0,2,1,0,1,1,0,1,0,0,0,0,1,0,0,0,1,0,2,0,1,0,0,0,0,2,0,1,0,0,2,1,0,0,1,0,0,0,1,0,0,0,48,96,192,254,131,97,72,1,0,0,1,0,0,0,1,0,1,0,1,0,0,0,1,0,0,21,91,189,221,251,250,251,251,252,234,191,20,0,2,0,0,2,0,0,0,1,0,0,1,1,0,0,1,158,251,252,251,251,251,253,252,251,251,251,206,32,0,0,0,0,0,0,0,1,2,1,0,0,0,1,57,180,251,249,220,51,33,32,30,108,203,251,254,202,0,0,0,0,1,1,0,2,0,0,0,0,0,81,242,253,253,133,47,0,0,0,1,0,66,252,252,239,79,2,1,1,1,0,3,1,0,0,1,0,0,128,253,194,99,0,1,1,0,0,2,0,0,0,255,253,126,0,1,0,2,0,1,0,0,0,0,0,2,141,252,94,0,0,1,0,0,0,1,2,29,32,141,220,110,0,1,0,1,0,0,2,1,0,0,0,15,188,251,94,0,2,0,1,2,0,16,129,234,251,159,0,0,0,0,0,0,0,0,0,0,2,0,1,0,127,252,134,0,0,0,1,40,64,186,252,251,251,158,1,1,1,1,0,0,0,0,1,1,0,1,0,0,126,251,250,158,59,159,158,216,255,251,252,253,252,157,0,0,0,2,0,1,1,0,0,2,0,0,0,1,1,221,255,254,253,254,255,253,255,254,254,252,253,1,1,0,0,0,0,0,0,2,0,0,0,0,0,0,1,94,240,254,253,250,250,251,241,224,252,250,232,1,2,0,1,0,0,0,0,0,1,1,0,0,0,0,0,2,79,129,220,251,140,125,78,32,250,251,96,0,0,0,1,0,0,0,1,0,0,1,1,0,0,1,0,0,0,0,23,31,4,0,25,186,250,195,12,0,0,0,1,0,0,0,0,1,0,0,0,1,1,0,0,2,0,0,0,0,0,0,194,252,254,190,0,1,0,2,0,0,0,0,0,0,0,1,1,1,1,0,1,1,0,0,2,0,0,61,255,253,253,32,0,1,1,0,2,0,0,0,0,0,1,0,0,1,0,1,0,0,0,0,1,0,1,158,253,246,140,8,0,1,0,0,1,1,0,0,0,0,0,0,0,0,0,1,0,1,1,0,0,0,32,206,254,219,0,1,0,0,0,1,0,0,0,0,0,0,0,0,1,0,0,0,2,0,0,0,0,0,162,251,252,220,0,0,0,0,0,1,1,0,1,1,0,0,0,0,1,1,0,0,1,0,0,1,0,0,22,191,254,121,0,0,0,3,0,1,1,0,0,0,0,0,0,0,0,0,0,1,1,0,0,0,0,0,0,0,0,0,0,0,0,1,0,0,0,2,0,0,0,0,0,0,1,0,0,0,0,1,1,1,0,0,0,0,0,0,0,1,0,1,0,0,1,1,0,0,0,0
1,1,0,1,0,0,0,0,0,0,0,0,0,3,2,2,0,1,1,0,0,0,0,0,1,0,0,0,0,0,0,0,0,0,0,0,0,0,1,0,1,0,0,0,1,0,0,0,0,0,0,0,1,1,0,0,0,1,0,0,0,0,0,0,0,0,0,1,0,0,0,0,0,0,0,0,0,0,0,1,0,0,0,0,2,1,0,1,0,1,2,0,0,0,0,0,1,0,0,0,0,0,0,0,76,114,176,88,0,1,0,0,0,0,0,1,0,0,0,1,0,0,1,0,1,0,1,0,0,2,30,193,245,252,206,243,50,0,0,0,0,0,0,0,2,0,0,0,0,0,0,0,0,1,0,0,1,56,200,250,199,54,25,199,164,0,0,0,0,0,0,1,1,0,0,0,0,1,0,0,0,0,1,6,108,253,240,192,27,1,0,28,65,0,0,1,0,1,0,0,1,0,0,1,1,1,0,2,0,2,1,106,251,255,90,0,1,0,2,1,0,2,0,0,0,0,0,0,0,0,0,0,0,0,2,0,0,38,145,253,252,0,0,1,0,0,0,0,0,0,0,0,0,0,0,1,0,0,2,1,0,1,0,1,1,130,252,241,88,0,0,0,1,1,0,0,1,1,0,0,1,0,0,0,0,1,0,1,0,0,0,0,121,248,253,112,0,0,0,0,1,0,0,0,0,0,1,1,0,0,0,0,1,0,0,1,0,0,4,107,253,243,192,27,0,1,0,3,1,0,0,1,1,0,0,0,0,0,0,0,0,1,0,0,2,0,107,252,253,214,139,48,0,0,0,1,0,2,0,0,0,2,0,1,0,0,1,1,1,0,0,0,0,2,170,254,255,254,255,252,114,1,2,0,0,0,1,0,1,0,0,0,0,0,0,0,0,0,0,0,0,52,244,252,253,178,186,251,236,0,1,0,0,0,0,1,0,0,0,1,0,1,1,0,0,0,0,0,1,166,252,253,57,5,15,187,253,0,1,1,0,0,0,0,0,1,3,0,1,0,0,2,2,0,1,0,59,234,251,236,0,0,1,169,253,95,0,0,0,0,0,0,1,0,0,1,0,0,1,2,0,0,0,0,87,252,250,110,0,0,0,168,253,141,0,1,1,0,1,3,0,0,0,1,0,0,0,0,0,0,0,0,86,253,252,174,3,0,0,169,252,77,3,0,1,2,2,0,0,1,1,0,0,0,1,0,0,0,0,1,10,202,252,253,160,57,19,197,252,0,0,0,1,1,0,0,1,0,0,0,0,0,0,1,0,0,0,2,1,88,254,251,254,232,209,254,252,2,2,0,1,0,1,0,1,0,0,1,1,0,0,2,0,0,0,0,1,20,100,225,251,251,252,233,145,1,1,0,0,0,0,0,3,0,0,0,0,0,0,0,0,0,0,0,0,0,2,1,253,254,222,39,0,0,0,0,0,0,1,0,0,1,0,2,0,1,0,0,0,0,0,0,0,0,1,0,1,1,0,0,2,0,0,0,0,1,0,0,0,0,0,0,0,0,0,0,1,0,1,0,0,0,0,0,0,0,1,0,0,0,1,0,0,0,0,0,0,2,2,2,0,0,0,0,0,0,2,1,0,0,0,2,1,0,0,0,0,1,0,1,0,0,0,0,1,0,0,0,0,0,0,1,0,0,0,0,1,0,2,1,0,0,2,0,0,0,0,2,0,0,1,0,0,0,1,2,0,0,0,1,0,0,0,0,2,1,0,0,0,0,0,0,0,0,0,0,0,1,0,0,0,0,0,0
0,0,0,2,0,2,1,1,0,0,0,1,1,0,2,1,0,0,1,0,1,1,0,1,0,1,0,0,0,0,0,0,1,0,1,0,1,0,0,0,0,0,1,0,0,0,0,1,0,0,1,0,0,1,1,0,0,1,0,0,0,0,0,0,0,0,0,1,0,1,0,0,0,0,2,0,0,0,0,0,1,1,0,0,0,0,0,0,0,0,0,0,0,0,1,0,1,0,1,1,0,0,0,1,0,2,0,1,0,1,2,1,0,0,0,0,0,1,0,0,1,1,1,0,1,0,1,0,1,0,1,2,0,0,0,0,0,2,0,0,0,0,0,0,1,1,1,0,0,0,1,0,0,0,0,0,0,0,0,0,1,2,0,0,0,1,0,1,0,0,0,1,0,1,0,2,1,1,1,1,0,0,2,0,0,0,0,0,1,0,0,0,2,0,2,0,0,0,1,1,0,1,1,0,0,2,0,0,0,0,0,1,0,0,0,1,1,0,0,0,0,0,0,1,0,0,1,0,0,0,0,2,0,1,0,1,1,0,0,0,1,0,0,0,37,112,114,187,223,125,0,0,1,0,0,0,0,0,0,0,1,0,1,1,0,1,1,20,64,141,156,253,253,252,254,254,243,223,2,0,0,0,0,0,0,0,0,0,0,0,7,83,171,168,170,226,252,251,253,252,250,251,252,189,56,2,0,0,1,1,0,0,1,0,0,57,85,84,205,253,250,252,252,253,250,252,207,168,169,69,54,19,1,2,1,1,0,0,0,0,0,0,176,243,252,249,252,253,251,254,255,252,164,40,12,0,1,1,0,1,1,0,0,0,0,0,0,1,0,1,251,226,226,225,228,254,253,251,1,0,0,0,0,1,1,2,0,0,1,0,0,1,0,0,1,0,0,1,76,0,0,1,28,253,253,251,172,57,1,1,0,1,0,0,1,1,1,0,0,1,2,0,1,1,0,0,0,0,0,0,18,222,252,252,253,191,20,0,1,0,0,1,0,1,1,1,0,0,0,1,0,1,0,0,0,0,0,0,0,18,115,240,253,253,155,0,0,1,0,0,0,0,2,0,1,0,0,1,0,1,0,0,0,2,0,0,1,1,0,26,255,254,166,0,0,0,0,0,0,0,0,0,1,1,2,0,0,0,0,2,1,1,1,0,0,40,97,243,252,252,169,0,0,0,0,0,0,0,0,0,1,0,0,0,0,0,0,0,0,57,85,85,198,235,253,253,254,197,61,0,0,0,1,0,2,1,1,1,0,0,0,0,0,0,0,0,2,94,228,253,254,252,254,252,179,9,0,0,0,0,1,1,0,0,0,0,0,0,0,1,0,0,1,0,0,1,76,222,177,151,115,63,1,0,0,0,0,1,0,0,0,0,0,1,0,0,0,0,0,0,0,1,0,0,0,1,0,0,0,0,0,1,0,0,0,0,1,0,0,1,0,0,0,0,1,1,0,1,1,0,0,1,1,0,0,2,1,2,0,0,0,1,1,0,0,0,1,0,0,1,1,0,0,0,1,1,0,0,1,0,2,2,0,0,1,0,0,0,1,2,0,1,0,0,0,0,0,0,1,1,0,2,0,0,0,1,0,1,0,0,0,0,0,0,2,0,1,0,0,0,1,0,0,0,0,1,1,3,0,0,0,0,0,2,1,0,1,0,0,0,0,0,2,0,0,1,2,0,0,0,0,1,1,0,0,1,0,0,0,1,1,0,0,1,1,0,0,0,0,2,0,1,0,0,0,1,0,0,1,1,0,1,0,2
0,0,1,0,0,0,0,0,0,1,2,0,0,0,0,0,1,0,0,1,1,0,0,1,1,0,2,0,0,0,1,1,0,0,1,0,0,0,0,1,0,2,3,0,0,0,0,0,1,0,0,1,0,1,1,1,0,2,0,0,0,0,0,0,0,0,0,2,0,0,0,0,0,0,0,0,0,0,0,0,1,0,0,0,2,1,1,1,0,0,0,0,0,0,0,0,0,1,1,1,0,0,0,0,1,0,0,0,0,0,0,2,0,0,0,0,2,0,6,125,149,179,255,255,254,253,253,237,116,0,0,1,0,0,0,3,0,0,0,1,0,0,0,0,0,0,155,253,253,254,252,193,163,218,253,254,253,188,27,2,0,0,0,0,1,0,1,0,0,0,1,0,0,145,248,139,62,11,11,4,0,4,9,28,190,252,216,29,0,0,0,1,0,1,0,0,0,1,1,0,0,161,230,22,0,0,0,0,0,0,0,0,0,204,252,213,28,0,1,0,0,0,0,0,0,1,0,0,1,45,67,5,0,0,0,0,2,1,1,0,0,25,218,255,185,3,0,1,0,0,1,0,0,0,0,0,0,0,1,0,0,1,1,0,2,0,1,1,3,0,89,246,253,67,0,0,1,0,0,1,1,0,1,0,2,0,0,0,0,0,1,1,0,0,0,0,0,0,0,179,254,230,0,0,1,0,0,0,0,0,1,0,0,2,0,0,0,1,0,1,0,1,2,0,0,0,0,127,252,249,61,0,0,0,0,0,0,1,3,1,1,0,0,0,0,0,0,0,6,6,6,5,3,0,1,39,253,255,93,0,0,0,0,1,0,0,0,0,0,0,0,0,1,14,103,156,238,253,253,253,179,156,82,22,237,253,92,0,1,0,0,1,1,0,0,1,1,1,0,0,62,215,252,252,252,252,251,252,254,253,254,208,236,244,16,0,0,1,0,0,0,0,0,0,0,0,0,15,235,243,165,109,109,46,48,23,110,123,243,255,252,244,0,0,0,1,2,0,0,0,2,0,1,0,0,163,253,181,0,2,0,2,0,0,0,1,77,245,252,243,1,0,0,0,0,0,1,0,0,1,0,0,0,188,254,181,0,1,0,1,0,0,2,0,55,242,253,161,0,1,1,1,3,0,0,0,1,0,2,1,0,189,254,183,0,0,0,0,0,0,0,11,203,254,235,200,0,0,0,0,1,0,0,0,1,0,0,0,0,188,252,186,3,1,0,0,2,0,17,220,254,237,55,11,0,0,0,0,0,0,0,3,0,0,0,1,1,95,249,255,130,1,0,0,1,56,233,254,253,101,1,1,0,0,1,0,2,0,0,0,0,0,1,2,0,0,188,251,253,150,70,77,153,239,253,252,93,2,4,2,1,1,1,0,1,1,0,1,0,2,0,1,0,0,48,182,255,254,253,253,253,253,252,89,0,0,2,1,1,0,0,0,1,0,0,1,0,1,0,0,0,0,1,15,94,172,253,254,253,135,46,4,0,2,0,0,0,0,0,1,0,0,1,0,0,0,0,0,2,0,1,0,1,0,0,0,0,0,0,1,0,0,0,0,1,0,0,0,1,1,0,1,0,1,0,1,1,0,1,0,0,1,0,1,0,1,1,0,0,0,0,0,1,1,0,0,0,0,0,0,0,0,3,2,0,0,0,0,0,0,1,1,1,0,1,0,1,0,0,0,0,0,0,1,0,1,0,0,1,0,0,0,0,0,0,0,1,0,0,1,0,0,0,2,0,0,1,2,0,1,1,0,0,1
0,1,0,0,0,0,0,1,0,0,0,1,0,0,1,0,0,2,0,0,1,2,0,1,1,0,0,0,0,0,0,1,2,0,0,1,1,0,1,0,0,0,0,0,0,0,0,0,1,0,1,0,1,0,0,0,0,0,1,0,0,0,1,0,0,0,0,0,0,1,0,0,0,0,0,2,0,0,1,0,1,0,0,0,0,1,1,2,3,1,0,2,2,0,0,3,0,0,0,0,1,1,0,1,1,0,0,1,0,1,2,1,0,1,0,0,0,0,2,0,0,0,0,0,123,160,194,255,255,253,227,12,0,0,0,0,1,0,0,0,0,1,0,1,0,1,1,0,0,22,114,198,251,255,252,255,253,224,254,33,0,2,2,3,1,0,0,1,0,1,0,0,0,2,0,0,0,212,254,247,151,138,91,56,57,19,218,41,2,0,0,0,0,0,0,0,0,1,0,1,0,1,0,0,50,246,213,25,0,1,1,1,0,0,57,6,0,0,1,0,0,0,0,0,0,2,0,0,0,1,1,2,141,254,90,1,2,0,1,0,0,0,0,1,0,0,0,1,1,0,2,0,0,2,0,1,1,0,0,10,253,253,47,0,0,0,0,0,0,1,1,0,1,0,0,0,0,0,1,0,0,0,0,0,0,0,0,41,253,250,47,2,1,0,0,1,0,0,0,1,0,1,1,0,0,1,0,0,1,1,0,0,0,0,8,206,252,151,2,2,0,0,0,1,0,0,0,0,1,0,1,0,1,1,0,0,0,2,3,0,1,1,47,251,253,146,122,122,144,169,123,120,108,30,29,4,0,0,0,0,0,0,2,0,0,0,0,0,0,25,212,252,252,254,252,254,253,253,254,253,255,255,253,192,106,0,0,0,1,0,0,0,0,1,2,1,0,49,246,252,254,253,255,208,188,195,255,255,253,254,255,253,255,188,32,1,0,1,0,0,1,0,0,1,0,1,40,125,154,35,28,10,1,4,29,29,28,29,27,133,231,253,237,83,0,0,0,0,0,0,0,0,2,0,1,0,0,1,0,0,1,1,0,0,0,0,0,0,26,154,253,202,4,0,1,2,0,0,0,1,0,0,0,0,1,0,0,0,1,0,0,0,0,2,0,2,2,1,244,253,65,0,0,1,1,0,0,0,0,0,0,2,0,0,0,0,0,0,1,0,0,0,0,1,0,47,249,253,65,2,0,0,0,0,0,0,0,0,0,8,208,138,3,0,0,0,0,0,0,0,1,0,23,192,254,250,62,0,0,1,0,0,0,0,0,0,0,10,254,254,144,2,0,1,1,0,0,0,25,103,241,254,253,127,0,1,0,0,0,0,1,2,1,1,0,2,37,242,252,215,95,56,57,58,72,154,246,253,252,254,123,2,1,1,0,1,0,1,0,0,2,0,0,0,0,103,247,253,252,250,253,254,252,255,254,227,147,66,5,0,0,0,0,0,0,0,0,0,1,0,0,0,0,0,60,158,214,253,253,253,255,214,131,5,1,0,0,1,0,1,0,1,0,0,0,1,1,0,0,0,0,1,0,0,1,0,1,1,0,0,0,0,0,0,0,0,0,0,0,0,1,0,0,1,0,1,2,0,0,0,1,0,0,0,1,0,1,2,0,0,1,1,0,0,1,3,0,0,0,0,0,0,0,1,0,1,0,2,0,0,0,0,1,1,1,0,1,0,1,0,1,1,0,1,0,0,0,0,2,1,1,0,0,2,1,0,0,1,1,0,3,4,0,0,0,2,0,0,0,2,0,0,1,0
0,0,2,0,0,0,1,1,0,0,0,0,0,0,0,1,2,0,0,0,0,0,1,1,1,0,0,2,0,0,1,0,1,2,0,2,0,0,1,0,1,0,0,0,2,1,0,0,2,1,0,1,2,1,0,0,1,0,0,0,0,0,0,0,0,1,0,0,1,0,0,1,0,0,0,0,0,0,0,1,1,0,2,0,0,0,1,1,0,1,0,0,0,1,0,0,0,0,0,0,0,0,0,2,0,0,0,0,1,0,2,0,0,1,3,1,0,0,2,1,0,0,0,0,1,0,1,0,0,0,2,0,0,0,0,0,0,0,0,0,0,0,0,2,0,0,0,1,2,0,1,1,0,0,1,1,1,0,1,0,0,0,0,0,1,0,0,0,0,0,0,0,0,3,0,0,0,0,0,54,154,192,158,75,20,0,0,0,0,0,1,1,1,0,0,1,0,0,0,0,0,1,0,1,0,0,25,225,253,251,255,255,203,62,0,0,0,0,0,0,0,0,0,0,0,0,0,0,0,0,0,0,0,0,21,238,240,72,89,224,254,138,0,0,0,0,0,0,0,0,0,1,0,0,0,0,0,0,0,0,1,0,0,177,254,67,0,29,133,238,81,0,0,0,0,1,0,0,0,0,0,0,1,0,0,1,0,2,2,0,0,87,253,225,95,176,226,249,90,2,0,0,0,1,0,0,0,3,0,0,1,2,1,0,1,0,1,0,0,77,254,253,254,255,248,94,0,0,0,1,2,0,0,1,0,0,1,0,0,1,0,0,0,0,0,1,0,0,84,130,254,255,194,0,0,2,0,0,0,1,0,0,0,0,0,0,1,0,0,0,0,0,0,0,0,0,0,0,250,255,101,1,1,0,0,0,1,0,0,1,0,0,0,0,0,0,1,0,0,0,1,0,0,1,0,0,249,255,96,0,1,1,0,2,0,0,0,0,0,0,0,0,1,0,0,0,1,0,0,0,2,1,0,20,250,253,76,0,0,1,0,0,1,1,1,1,0,1,0,0,1,1,0,0,0,1,0,0,0,0,0,96,254,248,0,0,1,1,0,0,0,0,1,2,0,0,0,0,0,1,0,0,0,1,0,1,0,0,0,120,253,149,1,0,0,0,0,0,1,0,0,2,0,1,0,0,0,1,0,0,0,0,0,0,0,0,18,224,255,65,1,0,0,2,1,0,1,1,0,0,0,0,0,0,1,0,0,0,0,1,1,0,1,1,40,254,253,50,0,0,1,0,1,0,0,1,1,3,0,0,1,0,0,0,0,1,0,0,0,0,0,0,41,255,255,49,0,0,0,1,0,0,0,0,0,1,0,2,0,0,0,1,1,0,2,0,0,0,0,0,38,255,253,52,0,0,1,0,0,0,1,0,0,1,0,1,0,0,1,2,0,2,0,1,0,1,0,3,39,255,253,51,0,1,0,0,0,0,1,0,0,0,0,0,0,0,0,0,1,1,0,0,0,2,0,1,42,253,255,49,0,2,0,2,2,0,1,0,0,0,1,2,0,2,0,1,0,0,0,0,0,0,0,1,20,204,254,248,189,0,0,0,1,0,0,1,1,0,0,0,0,1,3,0,0,0,0,0,0,0,0,0,0,21,251,253,79,1,0,1,1,0,0,1,1,1,2,0,1,0,0,1,0,2,0,0,0,0,2,1,0,1,1,2,0,0,0,1,0,0,1,0,0,0,0,1,0,0,0,0,1,1,0,2,0,0,0,0,0,1,0,0,0,0,0,0,0,0,2,2,0,1,0,1
0,0,0,0,0,0,0,0,0,2,0,1,2,0,2,0,0,1,0,1,2,1,0,1,0,0,2,0,0,1,0,0,0,0,1,0,0,1,0,0,0,0,0,0,0,2,0,0,0,2,0,0,0,2,0,2,0,0,2,0,0,0,1,0,0,0,0,0,0,1,1,1,0,0,0,0,0,0,2,0,0,0,1,0,0,0,0,1,0,1,0,0,1,1,0,0,0,2,0,0,0,0,0,0,0,0,0,0,1,0,1,2,0,0,1,1,0,0,0,2,1,1,2,1,1,0,1,1,2,2,1,0,0,1,0,1,1,1,0,1,0,0,0,1,0,0,0,1,1,0,0,0,0,0,1,0,0,0,0,0,2,0,0,0,0,0,0,1,1,0,0,1,0,0,0,1,0,0,16,54,144,142,252,253,254,253,228,31,1,1,0,0,0,1,1,1,1,1,1,1,0,1,0,0,0,91,213,252,252,251,252,205,214,252,252,55,0,0,0,0,0,0,0,0,0,0,1,0,0,0,0,0,89,243,250,235,151,106,46,12,18,244,251,144,0,1,0,1,0,1,0,0,0,1,1,2,0,0,0,11,186,193,68,7,0,0,1,0,9,241,251,60,0,2,1,2,0,0,0,0,1,0,0,1,0,0,0,0,0,0,1,1,1,0,0,0,124,252,216,21,0,1,0,1,1,1,1,0,0,0,1,1,1,1,0,1,0,0,0,0,1,0,0,52,245,253,111,0,1,0,1,1,0,0,0,0,0,0,0,0,2,1,1,1,1,0,1,1,0,0,2,122,254,235,45,1,0,0,0,0,0,0,1,0,2,0,0,0,0,0,0,0,0,1,1,0,1,1,101,252,252,104,0,0,2,0,0,0,1,2,2,0,0,0,1,0,0,1,0,0,1,0,0,0,0,0,177,251,221,7,0,0,0,2,1,1,0,0,0,0,0,0,0,0,0,0,1,1,0,0,0,0,2,48,253,254,103,0,0,0,0,0,0,1,0,0,1,0,1,1,1,0,0,0,0,0,1,2,0,1,12,178,254,185,1,0,1,0,0,0,0,0,0,0,0,0,0,1,0,0,0,1,1,1,1,0,1,0,107,251,247,91,0,0,0,2,0,0,2,0,1,0,0,1,1,0,0,0,1,0,0,0,0,0,1,35,243,252,130,1,0,0,0,0,1,0,0,0,2,0,0,0,0,0,0,0,0,0,2,1,0,1,0,158,252,251,53,0,0,0,0,0,0,0,0,0,0,0,0,0,0,1,0,0,0,0,0,0,1,0,83,252,251,156,0,0,1,0,0,0,0,2,1,0,0,0,0,0,0,1,0,0,2,1,1,1,0,0,121,252,251,32,0,0,1,87,0,0,0,0,0,0,2,1,0,0,0,0,0,0,0,2,0,1,0,0,172,253,126,4,7,89,213,69,0,0,0,0,0,1,2,1,0,0,1,0,0,0,0,1,1,1,0,0,230,254,146,45,210,241,117,3,0,0,1,0,0,0,0,0,0,0,0,2,0,0,1,0,0,0,0,0,150,252,251,251,253,151,1,0,0,0,1,2,0,0,1,1,0,0,1,1,0,1,1,0,0,1,0,0,21,208,252,204,82,9,0,0,0,0,0,0,0,1,0,0,0,0,2,0,0,0,0,1,2,0,0,0,0,1,0,1,0,0,1,0,0,1,1,0,0,2,0,2,0,0,1,0,2,0,0,0,0,0,0,0,0,0,3,0,0,1,0,0,1,0,0,0,0,0,0,0,0,1
0,0,0,0,0,0,0,0,1,1,2,1,0,2,0,0,1,0,0,0,0,1,0,1,0,3,0,0,0,0,0,0,1,1,0,0,1,0,0,0,0,0,0,1,1,1,0,0,1,1,0,1,0,0,0,2,0,1,0,1,0,1,1,3,0,0,0,1,0,0,0,0,1,0,0,0,1,0,0,0,0,1,0,2,0,0,0,1,2,0,1,0,0,2,0,0,0,0,0,0,0,0,0,0,0,0,1,2,1,1,0,0,0,1,0,0,0,0,1,0,1,0,0,1,0,1,0,1,0,0,4,0,0,1,0,1,1,0,0,0,1,0,0,0,0,1,1,1,1,1,0,0,2,1,0,2,1,0,1,0,0,1,0,2,1,0,2,3,0,0,0,1,2,1,1,1,1,0,0,0,0,0,0,0,0,0,0,0,0,1,0,1,0,1,0,0,0,1,1,1,0,0,1,0,1,1,0,0,72,223,192,99,1,0,82,112,0,0,1,0,0,0,0,1,0,0,0,0,0,1,1,0,0,1,38,226,252,255,253,255,205,81,205,226,0,0,0,1,0,1,1,0,0,0,0,0,0,0,0,0,2,145,246,254,223,228,254,255,228,206,255,228,2,0,0,1,0,1,0,0,0,0,2,0,0,1,1,0,91,252,252,169,69,223,227,76,217,253,243,68,1,0,0,0,0,1,0,0,0,1,0,1,0,1,3,96,239,220,115,5,191,230,53,171,254,254,223,1,0,0,0,0,0,0,0,0,0,0,0,0,0,0,0,107,254,160,0,0,93,81,222,245,252,253,106,0,0,0,1,0,0,0,0,1,0,0,0,0,0,1,1,107,255,242,105,126,107,228,253,253,253,254,91,2,0,2,0,1,0,0,0,0,0,1,0,0,1,0,0,19,194,255,255,240,246,253,236,150,192,255,199,1,0,0,2,0,1,0,0,0,0,0,0,0,1,1,0,1,19,193,252,255,253,200,73,15,200,255,222,0,0,1,1,0,0,0,0,0,2,1,0,0,1,1,0,0,0,22,59,59,58,12,0,53,254,255,223,0,0,0,1,0,0,0,0,0,1,1,2,0,1,0,0,0,0,0,1,0,0,0,2,54,252,253,125,0,2,0,1,0,0,1,1,0,0,0,0,1,1,1,0,0,1,0,0,1,1,2,1,52,254,254,185,0,0,0,1,0,1,1,0,1,0,0,1,0,1,0,1,1,0,0,0,1,0,0,0,52,254,255,222,1,0,1,0,0,1,1,0,1,0,1,2,2,0,2,1,0,0,1,1,2,1,0,1,19,203,253,220,1,1,2,0,0,0,0,0,0,0,0,0,1,1,0,0,1,1,0,0,0,0,0,0,0,177,253,222,0,1,0,0,1,0,0,0,0,1,1,0,0,0,0,0,1,0,0,1,1,0,2,2,0,163,253,223,0,0,2,0,0,1,1,1,0,1,1,0,2,1,1,0,0,2,0,0,0,1,0,0,0,47,254,223,0,0,0,0,1,0,1,0,1,0,0,0,0,2,2,0,1,0,0,1,0,1,0,1,1,52,254,221,1,0,0,0,0,1,0,0,0,2,2,1,1,0,1,0,1,0,2,0,0,0,0,0,0,178,255,222,0,0,0,0,0,0,1,1,0,0,0,1,0,0,1,0,0,0,0,1,2,0,1,2,1,110,255,221,1,0,0,0,1,0,0,0,0,0,1,0,0,0,0,0,0,0,0,2,1,0,0,0,0,0,0,0,0,0,0,1,0,1,0,0,0
0,0,0,2,1,0,0,0,0,1,2,1,0,0,0,1,0,2,0,0,0,0,0,0,1,0,0,0,0,1,0,0,2,0,0,0,0,0,0,1,0,0,0,1,1,0,0,1,0,0,0,0,0,1,0,1,0,0,0,0,0,0,1,0,1,0,0,0,0,0,0,0,1,1,0,1,0,0,0,0,0,1,0,0,0,1,0,0,0,0,1,0,0,1,0,1,1,0,1,1,1,1,0,0,0,0,0,1,0,0,0,0,0,1,0,1,0,0,0,0,1,92,221,255,253,171,90,11,0,0,0,0,1,0,0,1,0,0,0,0,0,0,0,1,0,1,1,1,0,224,252,253,251,253,254,212,89,1,0,1,0,1,2,0,2,0,0,0,1,0,0,0,0,0,0,0,0,51,9,10,11,94,172,245,252,137,4,0,1,0,0,0,0,0,0,0,0,0,1,0,0,1,0,0,0,1,1,0,0,1,0,52,174,253,192,93,2,1,0,0,0,2,2,0,0,0,0,2,0,0,0,0,0,0,1,1,0,0,1,0,4,177,252,185,1,1,0,0,0,0,0,1,0,0,0,2,0,1,0,0,0,0,0,0,2,0,0,0,9,172,253,184,1,0,1,1,0,1,0,1,0,0,1,1,1,0,0,0,1,1,0,1,10,17,76,155,227,253,253,174,1,0,0,0,0,1,0,0,1,0,0,0,0,0,3,1,1,0,1,139,221,254,253,253,253,210,135,0,1,0,0,1,0,1,0,0,1,0,0,0,2,0,0,2,0,1,0,211,255,250,145,66,41,12,0,1,0,1,0,0,1,3,1,1,0,2,0,0,0,0,0,1,0,1,0,84,234,253,47,0,0,0,0,1,0,0,1,0,0,0,0,0,0,0,2,0,0,0,0,0,0,1,1,1,115,253,229,24,0,0,0,0,0,0,0,2,0,0,1,0,0,1,0,0,0,0,0,0,1,0,0,1,0,186,253,216,28,1,0,0,0,0,2,0,0,0,0,2,1,1,1,0,0,0,0,0,0,1,1,0,1,24,171,252,210,25,0,0,0,0,1,0,2,0,1,0,2,2,1,1,1,0,2,0,0,0,0,1,1,0,42,232,252,85,1,0,0,1,1,0,1,1,2,0,1,0,0,1,1,0,0,1,0,0,0,1,0,1,0,26,244,198,10,0,0,1,1,1,0,2,1,0,0,0,0,1,1,1,1,0,0,0,1,1,1,0,0,0,237,252,26,2,0,0,0,1,0,0,0,0,0,0,0,0,0,1,1,1,0,0,0,0,0,0,11,103,250,200,11,2,0,1,0,1,0,0,1,0,2,0,0,0,0,0,0,1,0,4,10,10,12,93,180,253,253,84,0,1,0,0,0,3,0,0,0,1,0,0,0,1,0,0,78,159,161,205,253,254,255,252,254,210,88,1,0,1,0,0,0,0,0,0,1,0,0,2,0,1,1,1,188,254,252,255,253,253,253,214,133,10,0,0,2,0,1,0,0,0,1,0,0,1,2,0,0,1,0,1,0,1,2,1,0,0,0,1,0,0,1,0,0,1,0,0,1,1,1,0,0,0,0,0,1,0,0,0,0,1,0,1,1,2,0,0,0,0,0,0,1,0,0,0,0,1,0,0,0,0,1,0,2,1,0,0,0,0,1,1,0,0,0,1,0,0,0,0,0,0,1,2,1,0,0,0,0,3,1,1,0,0,0,0,1,0,0,0,0,0,0,2,0,0,0,1,0,0,1,1,0,1,2,2,1,0
0,1,0,2,0,2,0,0,0,0,1,0,0,1,0,0,1,0,0,0,0,0,1,0,0,0,0,2,0,0,2,0,1,1,0,0,0,2,1,0,0,0,0,0,0,0,0,1,3,0,1,2,0,2,0,1,0,0,1,0,2,1,0,0,0,0,1,0,1,2,1,0,0,0,0,0,0,1,0,0,0,0,0,0,0,1,1,0,0,1,0,1,0,2,0,0,0,0,0,1,1,0,2,0,0,0,0,0,1,0,1,1,0,1,3,2,0,0,0,1,0,0,0,2,85,194,124,0,0,0,0,1,0,0,0,0,0,0,0,1,0,1,1,0,0,0,0,2,0,1,0,42,229,254,227,21,0,0,1,0,0,0,0,0,0,0,0,0,1,1,0,0,0,1,0,0,1,0,0,184,255,204,251,49,0,0,0,0,1,0,0,0,0,2,1,0,0,1,0,0,1,0,0,1,0,0,83,245,172,7,204,135,0,0,0,0,0,1,0,1,0,0,0,2,0,0,0,0,0,1,1,0,0,1,229,255,83,94,224,82,0,0,0,0,0,3,0,1,3,0,0,0,0,0,0,0,1,0,0,0,0,37,243,210,7,196,255,192,24,1,0,0,1,0,0,0,2,0,0,1,0,2,0,0,2,1,1,1,0,147,254,96,0,89,222,255,240,96,1,1,0,0,1,1,0,1,0,0,0,0,2,0,0,0,0,0,12,218,254,70,0,2,7,137,254,254,145,6,2,0,1,1,1,0,0,0,0,0,0,1,0,1,0,0,22,253,244,45,1,1,1,1,60,223,255,107,1,1,0,1,0,1,1,0,0,0,0,0,0,1,0,0,21,255,225,0,0,0,0,0,0,50,206,252,132,3,1,0,1,0,1,1,0,1,0,0,2,0,0,0,101,254,142,0,0,0,0,0,0,1,62,241,175,0,0,0,0,0,1,0,0,1,1,0,0,1,0,0,121,254,99,0,0,0,1,1,0,0,2,128,195,4,0,0,0,1,0,0,0,0,0,1,0,2,0,0,116,254,32,0,0,1,0,2,0,0,0,166,254,20,2,0,0,0,0,0,0,1,0,1,2,0,1,0,21,255,125,0,1,0,0,0,1,1,0,128,255,21,0,0,0,0,0,0,0,0,0,0,3,2,0,0,23,254,135,2,0,0,0,0,0,0,0,134,253,19,0,1,1,1,1,0,0,0,3,0,0,1,1,0,23,255,225,1,0,0,0,0,1,0,52,247,228,14,0,0,2,1,0,1,1,0,0,0,0,0,1,0,12,211,229,9,0,0,0,0,0,0,69,250,113,1,0,0,1,0,0,1,0,2,0,0,0,0,0,4,0,174,255,105,0,2,0,0,0,0,145,228,0,0,0,2,0,0,1,0,1,0,0,0,0,0,0,0,2,118,254,184,2,0,0,1,1,28,218,153,0,1,1,0,1,2,1,1,0,0,0,1,1,0,1,1,1,17,236,254,95,0,0,0,0,153,197,6,1,0,0,0,0,0,0,1,1,1,0,0,0,1,1,0,1,0,0,1,0,1,0,0,0,0,0,1,0,0,0,1,2,0,0,1,0,0,0,1,0,0,0,1,0,1,0,0,0,0,2,0,0,0,0,0,0,0,0,1,0,0,0,0,1,0,1,0,2,0,0,2,0,0,1,0,0,1,0,0,0,0,1,0,0,1,1,2,0,0,0,0,0,0,0,0,1,0,0,0,0,0,1,0,0,0,0,0,0,1,0,0,0,0,0,0,1,0,0,0
1,0,0,0,0,0,0,0,0,0,0,0,0,0,1,0,0,1,0,0,0,0,1,0,0,0,1,0,0,0,0,0,0,0,0,1,0,0,0,0,0,0,1,0,0,0,2,1,0,0,0,0,0,0,0,0,0,0,0,0,0,0,1,0,3,0,0,0,0,0,2,0,0,0,0,0,0,0,0,0,0,1,1,0,0,0,1,0,0,0,0,1,0,0,3,0,1,0,1,0,1,0,0,0,1,1,0,0,2,0,0,0,0,0,0,2,0,1,0,1,1,0,1,0,0,0,1,0,1,0,0,0,0,1,0,3,0,1,1,1,1,1,0,1,1,0,0,0,0,1,0,0,0,43,231,131,0,0,1,0,0,0,0,2,0,0,0,0,0,2,0,0,1,0,0,0,0,0,0,0,9,230,255,130,0,0,0,0,0,0,0,0,1,0,0,0,2,0,1,1,0,0,1,0,1,1,0,2,60,254,254,81,0,3,1,0,0,0,2,0,0,0,0,1,0,0,0,1,0,0,0,0,0,1,0,14,191,254,204,9,0,0,1,1,1,0,0,0,0,0,2,0,0,0,1,0,0,0,1,0,1,0,0,82,255,241,67,0,1,1,1,1,0,55,118,14,0,0,0,1,0,0,0,0,1,1,1,1,1,0,2,181,255,150,0,0,1,0,0,0,94,243,252,42,0,1,0,0,0,1,1,0,1,0,0,0,2,1,66,254,244,0,0,1,0,0,0,104,236,249,109,1,0,1,1,1,0,0,0,2,0,2,1,0,0,1,152,255,159,0,0,0,0,0,93,235,253,189,0,0,1,0,2,1,0,1,0,0,1,0,2,0,0,0,154,254,36,0,0,0,3,103,245,255,199,13,0,0,2,1,0,0,1,0,1,0,0,0,0,0,0,1,151,252,28,0,0,58,183,255,254,145,18,0,0,0,0,0,0,0,0,1,0,0,0,0,0,1,0,0,153,255,153,114,201,252,254,252,157,19,2,0,0,0,2,0,0,1,0,0,0,2,2,0,1,1,0,0,141,255,255,254,254,255,255,197,9,0,0,0,0,1,0,1,0,0,0,1,1,1,0,1,0,0,0,2,15,121,194,232,254,253,217,19,0,0,1,0,0,0,1,0,1,0,1,0,2,1,0,0,2,0,0,0,0,0,5,194,254,206,77,0,1,0,0,0,0,0,0,0,0,1,0,1,0,0,0,0,1,0,1,0,1,0,24,252,245,70,0,0,0,0,1,0,0,0,0,0,1,1,0,0,2,0,0,0,0,0,0,0,0,22,201,252,94,1,1,1,0,0,0,0,0,0,0,0,0,0,0,2,1,1,0,0,0,0,0,1,0,128,255,237,33,0,0,0,1,1,0,2,2,0,1,0,0,0,2,0,2,0,0,1,0,0,0,1,5,197,248,44,0,2,0,0,0,1,0,0,0,0,0,0,1,0,0,0,0,2,0,0,0,1,0,2,44,254,245,0,0,0,2,0,0,0,0,0,1,0,1,1,0,0,0,0,1,0,0,0,0,0,1,0,7,154,198,0,0,0,0,2,0,1,2,0,1,1,1,0,0,1,0,0,0,1,0,0,0,0,0,0,0,0,0,0,1,0,1,3,2,2,0,0,1,0,0,0,0,0,2,0,0,2,0,0,0,0,1,0,0,1,1,0,1,0,0,0,0,2,1,0,1,0,1,0,0,1,1,1,1,0,0,0,0,0,1,0,0,0,0,0,1,1,1,0,0,0,1,0,1,1,0,0,0,1
1,0,0,1,0,1,0,0,0,0,0,0,0,0,0,0,0,0,0,0,2,0,0,0,0,1,1,1,0,3,0,0,0,1,0,1,0,0,1,1,0,0,0,0,0,0,0,1,0,0,0,0,0,0,1,0,0,3,1,1,0,0,0,0,0,0,0,0,0,43,194,116,0,1,0,0,0,0,0,0,1,1,1,2,0,1,1,0,0,1,0,0,0,1,1,0,0,193,252,253,83,0,1,0,1,0,0,2,0,0,0,1,0,0,0,0,0,0,0,0,0,0,1,1,0,109,253,254,195,2,0,0,0,0,0,2,0,0,1,0,0,1,0,0,0,0,0,0,0,0,0,0,0,0,249,253,193,1,1,0,2,1,1,0,0,1,0,1,0,0,2,1,0,0,0,0,1,0,0,2,0,65,253,254,194,1,0,0,1,1,1,0,0,0,1,0,0,2,0,0,0,0,0,0,0,0,1,1,0,97,255,254,195,1,0,0,0,1,1,0,1,0,1,1,0,0,0,0,1,3,0,1,0,1,0,0,1,129,254,251,53,0,1,0,0,0,1,0,0,1,0,2,0,0,0,0,0,0,0,0,0,2,0,0,0,197,254,235,1,0,2,1,0,1,0,1,0,1,2,1,1,0,1,0,1,0,2,1,1,0,0,0,0,195,253,113,1,1,0,0,0,2,0,1,1,1,0,0,1,1,1,0,2,0,0,1,1,0,0,2,101,253,245,43,0,0,0,0,0,2,0,0,0,0,0,0,0,0,1,0,0,1,1,1,0,2,0,0,182,254,165,0,0,0,0,0,0,0,0,0,0,0,0,0,1,1,0,0,0,0,0,0,0,1,0,54,248,253,82,0,1,1,0,2,0,0,0,1,1,0,0,1,2,0,0,0,0,1,0,0,0,2,14,201,255,174,1,0,0,0,1,0,0,2,0,0,0,0,1,0,0,1,0,0,1,0,1,1,1,0,123,254,255,93,1,0,0,1,0,0,1,0,0,0,0,0,0,2,1,0,0,0,0,1,0,1,0,78,252,255,227,32,0,0,0,0,2,0,0,0,3,0,0,0,0,0,0,2,0,0,0,0,0,0,44,231,254,180,116,79,81,81,81,82,27,0,0,1,0,0,2,0,0,1,1,0,0,1,0,0,1,62,231,253,254,253,255,253,254,253,253,254,242,147,65,3,1,0,0,1,1,0,1,1,0,2,0,21,176,255,253,254,255,254,254,219,237,202,198,203,254,254,255,182,58,0,0,0,0,0,1,0,1,0,1,135,254,253,251,209,122,67,17,5,9,4,5,10,70,121,240,255,251,132,28,0,1,0,0,0,0,1,0,33,237,187,103,0,0,0,0,0,0,0,0,0,0,0,38,108,230,238,95,0,0,0,1,0,0,1,1,2,1,0,0,0,1,0,0,0,2,0,2,0,0,0,1,0,0,0,0,0,1,1,0,1,1,0,0,0,1,1,0,0,0,0,0,0,0,0,0,0,0,2,0,0,0,0,1,0,0,0,0,0,0,1,1,1,0,0,1,0,0,0,0,2,0,0,0,0,0,0,0,0,1,2,0,0,0,0,0,0,0,0,0,0,0,0,0,0,0,0,0,1,0,0,0,0,1,2,1,0,0,0,1,0,0,0,0,0,1,1,1,0,0,0,0,0,0,1,1,0,0,0,0,0,0,0,1,0,0,2,0,0,0,0,0,0,0,0,0,0,0,1,1,0,0,0,0,2,0,0,1,0,0,0,0,0,1,0,0,0,0,0
1,0,0,0,1,0,0,0,0,1,1,3,2,1,0,0,0,0,2,0,0,0,0,0,0,0,2,0,0,0,0,0,0,0,0,0,2,0,0,0,0,0,0,1,1,0,0,0,0,0,0,0,1,1,1,0,1,0,0,0,0,0,2,0,1,0,0,0,0,0,1,0,0,0,0,0,0,0,0,0,0,0,1,0,0,0,0,0,1,1,0,1,0,0,1,1,1,0,1,0,0,0,0,1,0,1,0,0,0,0,0,0,0,0,0,0,0,0,0,0,0,0,0,0,0,0,191,255,255,255,66,0,2,1,1,1,0,1,0,1,1,0,0,0,0,0,2,0,1,0,0,0,64,190,255,255,254,253,128,130,193,64,0,0,0,0,2,1,0,1,0,0,0,0,0,0,0,1,0,64,254,255,254,191,129,129,0,254,253,255,63,0,1,0,0,0,0,0,0,2,0,0,0,0,1,1,0,253,255,254,255,65,1,1,0,191,255,254,127,0,1,0,0,0,0,0,2,0,0,2,0,0,1,0,190,254,255,255,64,1,0,0,0,0,255,255,255,0,0,1,0,1,0,0,0,0,0,0,0,1,1,127,254,254,254,190,0,1,0,0,1,0,255,254,255,0,0,1,0,0,2,0,1,0,0,0,0,0,64,252,254,254,191,1,1,1,0,0,2,1,255,255,255,1,1,0,2,0,0,1,0,0,1,0,0,0,255,255,254,191,1,0,0,0,1,0,1,0,255,255,255,2,0,1,0,0,0,0,0,1,0,1,0,127,255,254,254,0,0,0,0,0,0,1,0,63,255,255,253,0,0,0,0,0,1,0,2,0,1,0,64,254,253,255,193,1,2,0,0,0,0,0,66,254,255,254,190,0,0,0,0,0,0,0,0,0,0,1,129,255,255,255,61,0,0,1,0,0,1,2,128,255,255,253,64,1,1,0,0,0,1,0,0,0,0,0,130,255,255,192,0,0,0,1,0,0,0,0,129,254,255,128,0,0,0,0,0,1,0,0,0,1,1,0,128,255,253,127,1,1,0,0,0,0,0,63,255,255,255,64,0,1,0,0,1,0,3,0,0,0,0,0,127,255,254,127,1,0,0,1,0,0,0,254,254,254,190,0,1,1,0,0,0,0,0,1,0,0,1,0,128,255,255,128,0,0,1,0,0,2,189,255,255,254,0,0,0,0,0,0,0,0,1,1,0,1,1,0,64,254,254,193,63,0,1,1,0,191,255,253,255,127,0,0,1,1,1,0,0,1,0,0,1,0,0,1,1,126,255,255,255,0,0,64,192,255,255,254,255,0,0,1,0,0,1,0,0,0,0,0,0,1,1,0,0,0,255,255,254,255,255,255,255,255,254,192,1,0,0,0,0,1,0,0,0,1,0,0,1,0,1,0,2,0,130,255,254,255,255,254,255,255,127,0,0,0,0,0,0,0,0,0,0,0,1,1,0,2,0,1,0,1,0,191,255,255,255,254,191,65,0,0,0,0,1,0,0,1,0,0,0,0,0,0,0,0,2,0,0,1,1,1,0,0,0,1,0,1,0,1,2,1,0,0,0,1,0,0,0,0,0,0,1,1,0,0,0,0,1,1,0,0,0,0,0,0,0,0,1,1,0,1,0,0,0,0,0,0,0,0,1,0,1,0,0,0,0,0,1,1,1,1,0,0,0,1,0,0,0,0,0,1,0,0,0,0,0,0,0,0,0,0,0,2,0,0,0,0,1,1,0,0,0,1,0,0,1,0,0,1,0,0,2,0
0,0,0,0,0,0,0,0,1,1,0,1,0,0,0,0,0,0,1,1,2,0,1,0,1,0,0,1,0,0,0,0,0,0,2,0,0,0,0,0,1,0,0,0,0,0,0,1,1,0,0,0,0,1,1,1,0,2,0,1,0,0,2,1,0,0,0,0,0,0,1,0,0,0,1,1,1,0,1,1,1,0,0,0,0,1,0,0,0,0,1,1,1,0,2,1,0,0,2,1,0,0,0,0,0,0,0,0,0,0,0,1,0,0,0,0,0,0,1,1,0,1,0,3,0,0,0,0,0,0,0,0,0,0,0,0,1,1,1,0,1,0,0,0,1,0,0,1,0,1,0,0,2,0,0,0,0,2,1,0,1,1,1,0,0,1,1,0,0,2,0,0,1,0,1,0,0,2,0,0,0,1,0,16,96,217,122,0,0,0,1,2,0,0,0,0,0,0,0,1,0,1,0,1,0,0,0,2,0,70,102,209,252,252,253,79,1,1,0,0,2,0,0,0,0,0,0,0,0,0,0,15,24,127,162,232,231,250,251,251,250,251,253,105,0,2,1,0,0,1,1,0,0,1,0,0,0,0,4,191,254,253,252,253,251,252,254,253,252,252,253,80,0,1,0,0,0,0,1,0,1,0,0,0,2,1,12,172,252,251,255,251,225,148,146,136,252,249,76,0,0,0,0,0,0,0,2,0,1,1,0,0,0,0,0,0,87,167,175,95,0,0,7,157,253,215,18,0,0,0,0,1,0,0,0,0,0,0,1,0,0,0,0,0,1,0,0,1,2,1,122,252,246,124,0,0,0,1,0,0,1,0,1,0,0,0,1,0,0,1,0,1,1,1,0,0,0,0,156,250,232,0,1,0,1,0,1,0,0,1,0,0,0,1,0,0,0,1,0,0,0,0,0,0,1,0,253,251,231,1,1,11,108,6,0,0,1,0,2,0,0,1,2,0,0,3,2,0,0,0,0,0,0,2,253,252,143,0,90,112,147,13,1,1,0,0,2,2,1,1,0,0,1,0,1,0,0,0,0,3,43,43,254,253,252,252,254,131,0,0,0,0,0,0,0,0,0,0,1,0,0,0,0,0,1,0,28,142,253,251,253,251,245,169,80,1,0,0,1,1,0,0,1,0,0,2,0,1,0,1,0,0,0,5,141,251,253,252,253,212,26,0,0,1,1,0,1,0,1,0,3,0,0,1,1,0,1,1,0,1,0,33,236,250,227,252,253,168,1,0,0,0,1,0,1,0,0,1,1,2,1,1,0,0,2,0,0,0,0,0,67,95,25,219,254,169,1,0,1,0,0,0,1,1,0,0,0,0,0,1,0,0,0,1,1,0,0,0,0,0,0,212,255,106,0,0,0,0,1,0,2,0,0,0,0,1,0,0,1,0,0,2,0,0,1,0,0,1,126,240,254,64,0,0,0,0,0,0,0,0,0,1,0,1,1,0,0,0,0,0,0,0,0,1,0,0,74,251,252,64,0,0,1,0,1,1,1,0,0,0,0,0,0,0,0,0,0,2,0,2,0,0,0,0,63,252,225,21,1,0,0,1,0,1,0,0,1,0,0,1,2,0,0,0,0,0,0,0,1,0,0,0,10,174,211,0,0,2,1,0,0,1,0,2,0,0,0,0,0,0,1,1,0,0,0,0,2,2,1,0,1,1,2,1,0,0,0,1,0,1,0,1,0,1,0,0,0,1,0,0,0,0,0,0,0,0,0,0,0,2,1,1,2,0,0,1,0,0,0,0,0,2,0,0
0,0,1,0,0,0,0,0,1,1,1,0,0,0,0,0,1,0,1,1,0,0,0,0,0,0,1,0,0,0,0,1,0,0,0,1,0,0,0,0,1,0,0,0,0,0,0,1,0,1,0,1,0,0,1,0,0,1,0,1,0,0,1,1,0,1,1,0,0,1,0,0,0,1,0,0,1,1,0,0,1,2,1,1,0,0,0,0,0,0,0,1,0,0,1,0,0,1,0,1,0,0,0,0,1,0,0,0,0,1,0,0,1,0,0,0,0,1,2,0,0,1,0,0,1,0,97,223,135,0,0,1,0,0,0,0,1,0,0,0,0,0,1,0,0,0,0,0,0,0,0,0,0,35,223,255,202,1,0,0,0,1,1,0,1,1,0,2,1,0,1,0,0,0,0,0,1,1,2,0,1,72,255,253,201,1,0,0,1,0,1,0,1,2,0,0,0,1,0,0,0,0,0,0,1,0,0,1,1,74,255,255,199,0,0,1,0,0,0,0,0,1,0,0,0,0,0,0,0,1,0,0,0,0,0,0,1,72,252,254,203,0,1,0,0,0,0,0,1,2,0,0,0,1,0,0,1,0,0,0,0,0,0,0,0,73,254,255,203,0,0,0,1,0,0,1,0,0,0,0,0,0,1,1,0,0,0,0,1,0,0,2,0,72,254,253,200,1,0,2,0,1,0,0,0,1,0,0,1,0,0,0,0,1,0,0,0,0,0,0,0,180,255,254,200,0,1,1,0,0,0,0,0,1,0,0,2,0,0,0,0,0,0,1,2,0,0,2,0,203,255,253,202,0,1,0,0,0,0,1,1,0,1,0,0,0,1,0,0,1,1,0,2,0,0,0,21,216,254,255,102,0,1,0,0,0,1,0,0,0,0,0,0,1,1,1,0,0,0,0,1,0,0,0,77,255,252,253,71,0,2,0,2,1,1,1,0,1,0,0,1,0,1,0,1,1,0,2,0,0,0,1,79,254,253,254,73,0,1,0,0,0,0,0,2,0,0,1,0,0,0,0,0,0,1,0,0,0,1,0,79,254,254,255,71,0,0,0,1,0,0,0,0,0,0,0,0,0,0,1,0,0,0,0,0,0,0,2,27,218,254,254,158,1,0,0,1,1,1,0,0,0,1,0,0,2,0,0,0,0,0,0,0,1,1,1,11,211,254,255,202,0,0,0,1,0,0,0,2,0,0,0,0,0,0,1,0,1,0,0,2,2,0,0,78,254,254,252,122,0,3,1,0,0,1,1,0,0,0,0,0,0,1,0,0,2,0,2,0,0,1,0,80,255,254,218,30,0,0,0,0,1,0,0,0,0,0,0,0,0,0,0,0,0,0,0,0,0,0,1,76,251,254,194,0,1,0,0,0,0,0,1,0,0,0,0,0,0,2,0,0,0,0,0,0,0,0,0,0,199,254,195,0,1,0,0,0,0,0,0,1,0,2,2,1,1,1,0,0,0,0,0,0,0,0,0,0,36,224,197,0,0,0,1,0,0,0,0,1,1,0,0,2,1,0,0,0,1,0,1,0,0,0,1,0,0,0,0,0,0,0,0,1,0,1,0,2,2,0,0,0,0,0,0,0,1,0,0,1,0,0,0,0,0,0,0,0,0,0,0,0,2,0,2,0,1,0,0,2,1,0,0,0,0,1,2,1,0,0,1,0,0,0,1,2,1,0,0,0,1,0,0,0,0,0,1,1,0,0,0,1,0,0,2,2,0,0,0,2,0,0,1,0,0,1,0,0,0,0,0,0,1,2,0
0,1,0,0,0,0,0,1,0,1,0,1,0,0,1,0,0,0,0,1,0,0,0,0,1,1,0,0,0,0,0,2,0,0,0,0,0,1,1,0,1,0,0,2,1,0,1,0,0,1,0,0,1,0,0,0,0,0,1,1,0,0,1,0,0,0,1,0,0,0,0,0,0,0,1,1,0,0,0,1,0,0,1,1,0,0,0,0,0,2,0,2,0,1,0,1,0,0,0,1,0,0,1,0,1,1,0,0,2,0,0,2,0,0,1,0,2,0,0,0,1,0,0,0,0,0,72,216,21,1,0,0,1,1,0,0,1,0,0,1,0,1,0,0,0,1,1,1,0,0,0,2,0,0,156,253,146,0,0,0,0,0,0,0,0,1,0,0,0,2,0,1,2,0,0,1,0,2,1,0,0,7,251,254,154,0,0,3,0,1,1,2,0,0,1,0,0,1,1,0,0,2,0,1,0,0,1,0,0,8,252,255,109,1,2,1,0,0,0,0,0,0,1,1,0,0,1,0,0,0,0,0,0,0,0,0,0,7,255,255,55,0,0,0,0,0,0,1,1,0,1,1,2,1,0,2,1,0,2,0,1,1,0,2,2,37,254,254,34,1,1,0,0,0,0,0,0,0,0,1,0,0,0,2,0,1,0,0,0,0,0,0,0,110,255,255,101,0,0,0,0,0,1,2,1,0,2,0,0,0,0,0,0,0,0,1,1,0,1,0,0,137,254,254,5,0,2,1,0,0,0,0,0,0,0,1,0,0,1,0,0,0,0,0,0,0,0,0,0,212,255,255,6,1,1,0,0,1,0,0,0,0,0,0,1,0,0,1,1,1,0,0,2,0,1,0,1,193,254,253,26,1,0,0,1,0,1,0,1,1,0,0,0,1,1,0,0,0,0,0,0,1,2,0,1,110,254,253,109,1,0,0,0,0,1,2,0,0,1,1,1,1,0,0,1,0,0,1,0,0,0,1,0,110,253,254,107,2,0,0,0,1,0,2,0,0,0,0,0,1,0,0,0,1,1,0,2,0,0,0,1,110,253,254,109,0,0,0,0,0,0,2,0,0,0,1,0,1,1,0,1,1,0,2,1,0,1,0,1,109,254,253,24,0,2,0,0,0,1,1,0,1,0,1,1,0,0,1,0,0,0,0,1,2,0,0,0,112,253,253,78,0,0,0,1,0,0,0,1,0,0,0,0,0,0,1,0,0,1,0,0,0,0,0,0,203,253,255,50,0,1,1,1,0,0,2,1,0,0,0,1,0,0,0,0,0,0,2,0,0,1,3,1,213,254,255,6,2,1,1,1,1,3,0,0,0,1,0,0,0,0,0,0,0,0,0,0,0,0,3,0,215,255,173,1,1,0,0,0,1,0,1,1,0,1,0,0,0,0,0,0,1,0,2,0,1,1,0,0,216,254,254,6,0,1,0,2,0,0,1,1,1,1,0,0,1,0,1,1,0,1,1,0,0,0,0,0,85,170,174,2,0,0,1,0,1,0,0,2,0,1,1,0,1,0,0,0,0,0,0,0,0,0,0,0,2,0,0,0,2,0,0,2,0,0,1,0,0,2,0,0,0,0,0,0,0,1,0,0,0,0,0,0,0,0,0,0,0,0,0,0,0,1,0,0,0,0,0,0,0,0,0,0,0,2,0,0,0,0,0,2,1,1,2,0,0,1,0,0,2,1,1,0,0,0,0,0,1,0,0,0,2,0,1,0,0,0,0,0,0,0,0,0,1,1,1,2,0,0,0,0,0,1,0
0,0,0,0,0,2,0,0,0,0,1,0,0,0,1,0,2,2,2,0,1,0,0,1,0,0,1,0,2,0,1,0,0,0,1,0,0,0,0,0,0,1,0,0,2,0,1,0,1,1,1,0,0,0,0,0,0,1,0,0,0,1,0,0,1,0,0,0,2,2,0,1,0,0,1,0,0,0,0,0,0,0,0,1,1,0,0,0,0,1,1,0,0,0,0,0,0,0,1,0,1,0,0,0,0,0,0,1,0,1,0,1,0,1,2,0,0,1,164,255,253,254,253,255,255,254,242,156,45,0,0,1,1,1,0,0,1,0,0,0,0,0,0,2,0,0,29,223,233,177,176,81,21,90,104,190,239,126,18,0,2,1,1,0,1,0,0,1,0,1,1,0,0,0,0,7,5,0,0,0,0,0,0,3,61,239,140,0,1,0,1,0,0,0,1,0,0,1,0,1,0,0,0,1,1,1,3,0,0,1,0,0,2,124,236,62,0,0,1,0,0,1,0,0,0,0,3,1,0,2,2,3,0,0,1,0,0,0,0,0,0,115,253,146,0,1,0,0,3,0,0,1,1,1,0,0,0,1,0,0,0,0,1,0,0,0,2,0,33,243,255,125,0,0,0,1,2,0,0,1,1,3,0,0,1,1,0,0,0,0,0,0,0,1,0,0,84,253,220,27,1,0,0,0,2,2,0,1,1,0,1,0,1,0,1,0,0,0,1,0,0,1,1,26,175,247,84,0,1,1,1,0,0,0,0,0,0,0,0,0,0,1,0,1,1,0,1,0,0,0,40,222,254,178,0,2,0,1,1,0,0,0,0,0,0,0,0,0,1,0,1,1,0,0,0,0,0,0,144,255,247,85,1,0,1,0,0,0,0,0,0,0,0,0,0,0,0,0,0,0,0,2,0,0,0,54,247,255,133,0,2,0,0,1,0,0,0,0,0,0,0,1,0,2,0,0,0,0,0,0,0,1,36,190,255,181,9,0,0,0,0,1,2,0,0,2,1,0,1,0,0,1,1,0,1,1,0,0,0,7,152,255,180,28,0,0,0,1,2,0,1,0,0,0,2,1,1,0,0,0,0,1,1,0,1,0,7,164,255,248,53,0,0,0,1,0,0,1,0,0,0,1,0,0,1,0,0,0,1,0,0,0,0,0,132,254,253,133,0,2,0,1,0,1,3,0,1,1,1,0,0,0,2,0,1,0,0,1,1,0,0,63,240,255,174,9,1,0,0,0,2,1,0,1,4,13,0,0,0,0,0,0,0,0,0,1,0,2,27,220,255,207,7,0,0,2,14,52,108,156,185,184,199,70,2,0,0,0,0,0,0,0,0,0,0,0,70,253,253,114,86,96,140,192,254,255,250,246,212,126,18,0,2,1,0,0,0,0,0,0,0,0,0,0,44,247,255,226,253,253,255,254,207,152,44,1,0,1,1,0,0,0,0,0,0,1,0,0,0,0,0,0,0,100,217,236,167,168,152,70,1,0,1,0,1,0,1,0,1,1,0,0,0,1,1,1,2,1,0,0,0,2,0,1,0,1,0,2,0,0,0,1,2,0,1,0,0,0,0,0,0,1,1,0,0,0,2,0,0,0,0,1,0,0,2,1,0,0,1,0,0,0,0,1,1,1,1,0,0,2,1,1,0,0,0,0,1,1,0,0,0,2,0,0,1,0,0,1,0,1,0,1,0,0,0,0,0,0,0,0,0,0,1,0,1,1,0,0,0,0,0,0,0,0,0,0,0,1,0,0,2,1,1,0
1,1,0,0,0,1,0,2,1,3,0,2,0,1,0,0,3,0,1,0,2,1,0,0,2,0,1,0,0,0,0,0,0,0,0,0,0,0,0,1,0,0,0,0,1,1,0,0,0,0,0,0,0,0,0,0,1,0,0,0,2,0,0,2,1,0,0,2,0,0,1,0,1,0,0,2,0,0,0,0,0,0,0,0,1,1,3,0,0,0,0,0,0,1,0,0,0,0,0,1,0,0,0,0,0,0,0,0,0,0,0,0,0,1,1,0,0,0,0,0,1,0,3,1,0,1,0,134,122,0,0,0,1,1,0,0,0,0,0,0,0,1,1,0,1,1,0,0,0,0,0,1,1,0,0,253,229,0,0,0,2,0,0,0,1,0,1,2,0,0,0,1,0,0,0,1,0,0,2,0,1,0,76,255,244,59,3,0,2,0,0,1,0,2,0,1,0,0,1,0,0,1,0,2,0,1,2,0,0,0,145,254,247,77,0,1,0,0,0,0,0,1,0,0,0,0,1,0,0,0,0,1,0,0,0,0,2,0,242,253,229,1,0,0,0,0,2,1,1,0,2,0,0,0,0,0,0,0,0,0,0,1,2,0,0,0,241,252,229,0,0,0,0,0,0,0,1,0,0,0,0,2,1,0,0,0,1,0,0,0,0,0,0,0,242,253,228,1,2,1,1,1,0,1,0,0,0,1,0,0,1,0,0,0,2,0,1,0,1,1,0,42,245,252,229,0,0,1,0,0,0,2,1,1,0,1,2,0,1,0,2,0,0,1,1,0,1,1,1,111,253,255,176,0,0,0,0,0,1,0,0,0,0,1,1,0,2,0,0,0,1,1,2,0,0,1,0,166,253,253,109,2,0,1,0,0,0,0,0,0,1,0,0,0,1,0,0,0,2,0,1,1,0,0,1,232,255,255,105,0,1,1,0,0,2,1,0,0,0,0,0,0,0,0,0,0,2,0,0,0,0,1,2,231,255,241,2,0,2,0,0,0,0,0,0,0,0,0,0,0,0,1,1,0,0,4,0,0,0,1,0,231,253,242,2,0,1,0,0,0,0,0,0,0,0,1,1,0,1,2,1,0,0,0,0,0,2,0,2,233,253,243,0,0,0,0,0,0,0,0,0,2,0,0,0,0,0,0,0,1,0,0,1,1,0,0,0,228,254,213,0,0,1,0,0,0,0,0,1,0,0,1,0,0,0,3,0,2,2,0,0,1,1,1,28,237,253,122,0,0,0,0,1,0,0,0,0,0,1,0,1,0,0,1,2,0,0,0,0,0,0,0,98,252,254,122,0,0,0,1,0,0,0,1,0,0,0,1,2,0,1,0,0,0,1,0,0,0,1,1,11,234,254,121,0,0,0,1,1,0,2,1,0,0,0,0,0,1,0,2,0,0,0,0,0,1,1,0,1,177,254,121,1,0,0,0,0,0,0,0,0,0,0,0,0,0,0,2,0,1,2,0,0,0,0,0,2,58,248,123,0,0,0,0,1,0,0,1,0,2,1,0,1,0,0,0,0,0,1,1,0,1,1,0,1,0,0,1,0,0,1,0,1,0,0,0,0,0,1,0,0,2,0,1,0,0,2,0,1,0,0,2,0,1,2,0,0,2,0,1,1,0,2,0,0,0,1,0,0,0,0,0,0,0,0,0,0,1,0,0,0,0,1,0,1,0,2,0,0,0,2,1,1,0,0,2,0,0,0,0,0,0,0,0,0,0,0,0,0,0,0,0,0,0,1,2,0,1,1,0,2,1,2,0
0,0,1,0,0,0,2,0,0,1,0,0,0,1,0,0,0,0,0,0,1,0,0,1,0,0,1,2,0,0,0,0,1,0,0,0,1,1,0,1,1,0,0,0,1,0,0,0,0,0,0,0,1,0,0,1,1,0,0,1,0,0,2,0,2,0,0,1,0,1,0,0,0,2,0,0,1,0,0,0,0,0,0,1,0,1,1,0,0,0,0,0,0,0,0,2,0,2,2,0,0,1,1,1,1,0,0,0,1,0,0,0,0,1,0,0,0,1,1,0,0,0,1,0,1,0,0,0,0,0,0,0,0,0,0,0,1,1,0,1,1,2,0,0,0,0,0,0,0,1,9,89,131,220,253,255,254,255,254,210,130,20,0,0,0,0,0,0,0,0,1,0,0,0,0,1,22,153,251,253,243,241,239,240,241,141,118,224,252,253,143,13,0,0,0,1,0,0,0,0,0,1,1,10,207,252,223,111,36,0,0,0,0,0,1,1,98,231,252,144,0,0,0,0,0,1,2,0,0,0,0,92,254,234,39,0,1,0,0,2,1,1,1,0,1,45,241,254,4,1,0,0,1,0,2,0,1,1,0,143,253,206,0,0,1,0,0,1,1,0,0,1,0,0,144,181,1,1,0,0,0,0,0,0,0,0,1,124,253,181,14,0,1,1,0,0,0,0,2,0,0,1,1,46,0,0,1,1,0,1,2,0,0,0,1,15,233,252,115,0,0,1,0,0,0,2,0,1,0,0,0,0,0,1,0,0,1,1,0,1,0,0,2,0,64,251,242,144,0,1,0,1,1,0,0,0,0,0,0,0,0,1,2,1,0,1,0,1,0,0,0,0,7,89,234,242,155,17,0,0,0,0,0,0,0,0,0,0,0,0,0,2,1,1,1,0,0,1,0,0,0,2,62,231,255,177,48,1,1,0,0,1,0,1,0,0,0,0,0,1,0,1,0,0,0,0,0,0,0,1,1,62,233,254,209,49,0,0,0,1,0,0,0,1,0,1,1,0,1,0,1,1,0,1,0,0,0,0,0,0,38,159,253,240,44,0,0,1,0,2,0,0,1,0,0,0,1,1,2,0,2,0,2,1,0,0,2,0,1,10,158,254,215,78,1,1,2,0,0,0,0,0,1,1,0,0,1,1,1,0,0,0,1,0,2,0,2,1,11,160,252,173,0,0,0,0,0,0,0,1,1,0,0,0,1,0,1,1,0,1,0,0,0,2,1,0,0,10,206,243,37,0,0,0,0,0,1,0,2,2,0,0,0,0,1,2,0,0,0,0,0,0,0,0,1,0,198,252,93,0,0,0,0,0,0,0,0,0,2,1,0,1,1,0,0,0,0,0,2,1,1,0,1,1,199,252,166,0,0,0,1,1,0,0,0,0,1,0,1,0,1,1,0,1,0,2,0,76,111,112,143,237,249,253,112,0,1,0,0,1,0,2,0,0,0,1,0,0,2,2,119,118,118,194,242,249,253,253,252,254,253,118,2,0,0,0,0,0,1,0,0,0,0,2,0,1,0,3,73,138,254,254,254,251,252,225,190,128,32,1,0,0,0,0,0,0,0,0,1,0,1,0,0,0,1,0,0,0,0,0,0,0,0,0,0,0,0,1,1,0,0,1,0,0,1,0,0,0,0,1,0,1,0,0,0,1,2,1,1,0,1,0,1,0,0,0,0,0,1,1,0,0,1,0,1,0,0,0,0,0,0,0,1,0,1,2,0,0,0,0,3,0,0,0,1,0,0,0,0,0,0,2,2,2
0,0,0,0,1,0,0,0,0,0,0,0,2,0,0,0,0,1,1,0,1,0,0,0,0,0,0,1,0,0,2,0,0,0,0,1,0,0,0,0,0,0,1,0,0,1,0,0,1,0,3,0,0,0,0,1,2,0,0,0,2,0,1,0,1,0,0,1,0,0,0,0,0,0,0,1,0,1,0,1,1,0,1,2,0,1,0,0,0,0,1,0,0,1,3,1,0,0,2,1,0,1,1,1,0,2,0,1,0,1,0,0,0,1,1,0,0,0,1,0,0,2,1,1,0,0,0,0,0,0,0,0,1,1,0,0,1,0,0,0,0,1,0,1,1,0,1,0,37,104,223,254,254,255,253,252,238,120,22,1,0,1,0,0,2,0,0,1,1,0,1,0,0,0,4,97,239,199,134,83,39,39,45,99,198,254,179,0,0,0,1,0,1,0,0,0,0,0,1,1,0,1,106,253,152,42,0,0,1,0,0,0,68,252,213,11,0,0,0,2,1,0,2,0,2,0,0,0,0,1,166,65,0,3,0,0,1,0,0,1,2,201,223,19,0,0,0,0,0,0,0,1,2,0,0,0,1,1,23,0,0,1,0,0,1,2,0,1,17,216,195,0,0,0,0,0,1,0,0,0,0,0,1,1,0,0,0,2,0,0,0,1,0,0,0,1,160,254,134,0,0,0,1,0,1,0,0,1,0,0,0,0,1,0,1,0,1,0,0,1,2,0,26,184,251,162,16,0,0,1,0,0,0,1,0,0,0,1,0,1,0,0,0,0,0,0,25,79,115,175,241,254,253,89,0,0,0,0,1,2,0,2,0,0,0,1,1,1,0,1,3,0,0,1,154,253,253,215,213,213,234,245,105,1,0,0,0,2,0,1,0,1,1,2,2,1,0,2,1,0,1,0,20,58,58,2,0,1,33,135,239,69,0,1,0,1,2,0,0,1,0,0,0,0,1,1,0,1,0,0,2,1,0,0,0,0,0,0,232,235,0,0,0,1,0,1,1,1,0,0,1,0,0,0,0,0,0,0,1,1,1,0,0,0,0,0,156,233,0,0,1,1,0,0,0,1,0,1,0,0,0,0,0,0,1,0,0,0,1,0,2,1,0,1,184,233,0,0,0,0,0,1,0,0,2,1,0,2,0,1,0,1,0,1,0,0,0,0,1,0,0,54,255,233,0,0,0,0,1,0,0,1,0,0,0,0,1,0,0,114,74,0,0,0,1,0,0,1,1,136,253,122,1,0,0,1,0,1,0,0,0,0,0,1,0,1,122,254,0,0,2,0,0,0,1,0,123,255,196,16,0,0,0,0,0,1,0,0,0,0,0,0,1,0,235,254,10,0,0,0,0,0,26,186,249,207,14,0,0,0,0,1,0,0,0,0,1,0,0,0,1,0,205,252,130,31,0,0,0,101,240,254,195,50,0,1,0,0,0,1,1,0,0,2,0,0,2,1,0,0,76,244,251,242,235,233,235,255,213,117,17,0,0,0,0,1,0,0,0,0,0,0,0,0,0,0,2,0,0,46,155,192,195,155,157,59,9,0,0,0,1,0,0,0,0,1,0,0,0,0,0,0,1,1,1,0,0,0,1,0,1,0,0,0,0,1,0,1,1,0,0,0,0,1,1,0,0,0,0,1,0,0,0,1,0,0,0,1,1,0,0,0,0,0,0,0,1,1,0,0,0,0,1,0,0,0,2,1,1,0,0,0,0,0,0,0,0,1,0,0,0,0,2,1,0,0,0,0,0,0,0,0,0,0
0,0,1,0,1,0,1,0,0,0,0,0,1,0,0,0,0,0,1,1,1,0,1,0,0,0,0,0,0,0,1,0,2,0,0,0,1,0,0,0,0,0,0,1,1,1,0,0,0,0,1,1,0,0,1,0,0,0,0,1,0,0,0,1,0,1,1,0,0,0,0,0,0,3,0,0,0,0,0,0,0,0,0,0,0,0,0,0,0,1,0,0,1,0,0,0,0,1,1,0,2,0,1,1,0,0,2,0,1,0,2,0,0,0,1,0,0,0,0,1,0,0,0,27,142,167,254,253,243,115,5,1,0,0,0,1,2,0,0,1,2,0,0,0,0,0,1,0,0,13,144,243,254,254,209,196,230,253,83,1,1,0,0,0,0,0,0,2,0,0,0,0,0,0,0,1,9,175,253,215,154,55,14,0,54,253,198,10,0,0,1,1,0,0,0,0,0,0,0,2,1,0,0,0,76,252,216,29,0,0,0,1,29,252,254,27,1,1,0,0,0,1,0,0,0,0,0,0,0,1,1,0,76,226,50,1,1,0,1,0,28,254,156,0,0,0,0,2,1,1,0,0,2,1,0,0,0,0,0,0,0,1,1,0,0,0,1,0,55,252,55,0,1,0,0,0,0,1,0,2,3,0,0,1,1,0,3,1,1,0,2,0,1,0,1,2,179,235,37,0,0,1,0,0,0,0,0,0,0,0,0,1,1,0,0,0,0,0,0,0,0,0,0,153,242,59,0,0,1,3,1,1,0,0,0,1,1,1,0,0,0,0,1,2,0,1,0,0,0,7,154,253,150,0,1,1,1,1,0,0,0,1,0,0,0,0,0,0,0,2,0,0,0,1,0,2,45,189,254,204,1,1,0,1,0,0,0,0,1,0,1,1,1,0,0,0,1,1,1,0,0,0,0,0,141,255,254,254,178,0,0,0,0,0,0,1,3,0,0,0,0,0,0,0,1,0,0,1,1,1,2,0,16,52,139,241,252,200,26,1,0,1,0,0,0,0,0,1,0,0,1,2,0,0,0,0,1,0,2,2,0,1,1,0,183,255,127,6,0,0,0,2,1,0,0,0,0,1,2,0,1,0,1,0,0,0,0,2,0,0,0,0,22,233,254,54,0,0,1,0,0,0,0,1,1,0,0,0,0,0,0,0,0,0,0,0,77,1,0,0,1,81,252,141,0,1,0,0,0,0,0,0,1,0,0,0,0,0,0,0,0,0,38,216,75,1,0,0,1,33,229,139,0,0,0,0,0,1,0,1,1,2,0,0,1,1,0,0,1,8,206,203,0,0,2,0,0,69,255,140,1,0,0,0,0,0,0,0,1,0,0,1,1,0,1,0,0,55,254,252,159,46,1,52,121,227,236,59,0,1,0,0,0,0,0,1,0,0,0,0,0,1,1,0,0,13,211,253,255,242,197,249,255,195,63,1,0,0,0,0,0,1,0,0,1,0,1,1,0,0,0,0,1,0,22,77,204,253,253,202,78,10,0,0,0,0,0,1,0,0,0,0,0,1,1,1,0,0,0,0,0,1,1,1,2,1,0,0,0,0,1,1,0,0,1,0,0,1,0,2,0,0,0,2,0,3,0,2,0,0,0,3,0,0,0,0,0,1,0,1,1,0,1,0,0,0,0,0,0,0,2,0,0,0,0,0,0,2,0,0,0,1,0,0,0,1,0,0,0,0,0,1,1,0,0,0,1,0,0,0,1,0,0,0,0,1,0,0,0,0,1,0,0,0,0,2,2,1,0,0,1,0,0,1
0,0,0,0,0,0,0,0,1,3,1,0,0,0,0,0,0,0,0,2,0,0,0,0,1,0,0,0,0,0,0,0,0,0,1,1,2,0,0,0,0,0,2,0,0,1,0,0,1,1,1,0,0,0,0,2,0,1,0,1,0,0,1,0,0,0,0,1,1,1,0,0,1,0,0,0,1,1,2,0,0,0,1,2,0,3,0,0,0,0,0,0,0,0,0,0,0,0,0,0,1,1,0,1,0,0,0,0,1,0,1,2,1,0,0,0,0,2,2,1,1,1,0,0,0,0,0,0,0,0,0,0,0,1,0,1,1,0,1,1,0,0,0,0,0,1,2,0,0,0,0,0,43,118,218,241,53,2,0,1,2,1,0,3,0,0,1,2,2,0,0,0,0,0,0,0,0,6,98,233,240,254,254,253,241,49,0,2,0,0,0,1,1,0,0,0,1,0,0,0,0,0,1,0,12,161,253,253,230,178,194,255,255,167,4,0,0,0,1,0,0,0,0,0,0,0,0,0,3,0,0,13,158,254,254,138,41,0,36,236,255,255,117,0,0,0,1,0,1,0,0,1,1,1,1,0,1,0,0,55,254,253,167,3,1,0,0,72,255,255,221,22,1,2,2,0,0,0,0,1,0,0,0,0,1,1,2,54,253,246,49,0,0,0,0,35,254,253,255,33,0,1,1,0,0,0,1,0,0,0,1,1,1,0,0,128,255,242,1,0,0,0,0,166,255,254,255,36,0,1,0,1,1,1,0,0,0,0,0,1,0,0,0,194,254,180,1,2,0,0,0,30,254,254,255,35,0,0,0,1,0,0,1,2,0,0,1,0,0,0,69,249,254,152,0,0,0,0,1,28,254,255,254,35,1,1,0,0,2,0,0,1,1,0,0,1,0,0,15,203,254,250,206,74,44,0,0,20,225,254,254,33,0,0,0,2,0,1,0,2,0,1,0,0,0,0,0,81,241,255,254,253,231,187,189,170,165,253,254,35,0,0,0,1,0,0,1,0,1,0,0,0,0,1,1,0,79,244,255,255,252,254,253,255,255,254,255,34,0,1,0,0,0,0,0,0,0,0,0,0,0,0,1,0,0,68,111,168,248,250,255,254,253,255,255,33,2,0,1,0,0,0,1,0,0,0,1,0,0,1,0,0,0,1,0,1,0,36,153,189,255,255,255,102,0,0,0,0,1,0,1,0,0,0,0,0,0,0,1,0,0,0,0,0,0,0,3,5,148,254,253,113,0,1,0,0,0,1,0,0,0,1,0,0,1,0,0,0,1,0,2,1,0,1,0,0,27,252,254,78,0,1,2,0,0,0,0,0,1,0,1,0,1,0,0,1,1,0,1,1,0,0,0,0,8,253,253,171,0,1,1,0,0,0,0,0,1,0,1,0,0,1,0,1,1,0,1,2,2,0,1,0,8,255,254,185,9,0,0,0,0,0,0,1,2,0,2,0,0,0,1,0,0,1,1,0,1,1,0,2,7,245,254,254,58,0,0,2,0,0,0,0,0,0,0,2,2,0,1,1,0,1,0,0,1,0,0,1,0,124,253,253,129,2,0,0,1,0,1,1,1,0,0,1,0,1,0,2,0,1,0,0,0,0,0,0,1,1,0,0,0,0,0,0,1,0,0,0,0,0,1,0,0,0,0,0,1,1,0,0,0,1,1,0,0,1,0,0,0,1,1,0,0,0,0,0,0,0,1,0,0,0,0,0,0,0,0,1,0,0,0,1,0,0,1,0,2,1,0,0,1,1,0,0
1,0,0,0,1,0,2,1,0,0,1,0,0,0,0,0,1,0,0,0,0,0,1,0,0,1,0,2,0,0,0,3,1,0,0,2,1,0,0,0,1,0,0,0,0,0,0,0,1,0,0,1,1,1,1,0,0,1,0,0,0,1,1,0,0,0,0,0,0,0,3,0,0,0,2,1,1,1,1,0,0,1,1,0,0,1,0,0,1,0,1,0,0,0,1,0,1,0,1,0,0,0,0,0,0,2,0,0,1,0,1,0,0,0,0,0,0,0,0,2,0,1,0,1,0,0,1,0,0,0,0,2,0,0,0,0,0,0,0,2,1,1,2,0,0,0,0,1,0,0,1,2,2,0,0,0,0,0,0,0,0,0,0,1,0,0,1,0,1,0,0,0,1,1,0,0,0,0,1,0,0,1,0,1,0,0,0,0,2,0,0,0,2,1,2,0,0,0,0,1,1,1,0,0,49,128,155,195,232,239,220,34,0,1,0,0,0,2,2,0,1,0,0,0,0,2,0,0,2,19,119,215,248,253,243,241,254,253,253,234,137,46,0,0,1,0,0,0,0,0,0,0,3,1,1,0,27,142,253,255,215,107,37,31,78,128,252,252,253,143,42,2,0,0,1,1,1,0,0,0,0,1,0,0,93,252,222,95,11,0,0,1,0,1,20,167,253,253,150,0,0,2,0,1,0,2,0,1,0,0,0,8,205,236,38,0,0,0,0,0,0,0,0,24,229,255,248,98,0,1,1,1,0,0,0,1,0,0,0,16,193,53,1,1,0,0,0,0,0,0,0,0,174,254,254,174,1,1,0,0,1,0,0,0,1,0,1,0,0,1,0,3,0,0,2,1,0,0,1,1,99,253,255,175,0,0,0,1,0,0,1,0,1,0,1,0,0,0,0,0,2,0,1,0,1,0,0,0,96,254,252,173,0,0,0,0,0,0,0,0,0,1,0,0,2,0,0,0,1,2,1,0,0,0,0,0,82,253,253,173,0,0,1,2,0,0,0,0,0,0,0,2,1,1,1,0,0,0,1,0,1,0,0,1,150,254,252,138,0,0,0,0,1,0,0,0,1,1,0,1,2,0,0,0,0,0,1,0,0,0,0,0,196,255,136,0,0,1,0,1,2,0,1,0,0,0,0,0,2,2,0,0,1,0,0,1,2,0,0,41,244,255,90,0,0,0,0,0,0,0,0,0,0,0,0,0,0,0,1,2,1,0,0,0,0,0,1,204,253,234,27,0,0,1,0,2,0,1,0,0,1,0,0,0,2,0,0,0,1,1,0,0,0,4,136,250,251,142,0,0,0,0,0,0,1,0,1,1,0,0,0,2,1,2,1,0,0,0,0,0,0,134,255,254,216,24,0,1,0,1,1,2,1,0,0,0,0,1,0,1,0,0,0,0,0,0,0,0,141,255,255,184,24,1,0,1,1,0,0,0,0,0,0,0,0,0,0,0,0,0,0,0,0,0,1,90,254,251,202,10,0,0,0,1,2,0,1,2,0,1,0,1,0,0,0,0,2,0,0,0,0,2,42,213,255,173,0,0,0,0,0,0,0,1,0,0,0,1,1,1,0,0,0,0,0,1,0,0,1,0,136,253,169,2,0,0,0,0,1,0,1,0,0,0,0,3,0,2,0,2,1,1,1,2,0,0,1,1,123,119,0,0,2,1,0,0,0,0,1,1,1,0,2,1,0,0,0,1,2,0,0,1,0,0,0,0,0,0,0,0,0,0,0,1,0,0,2,0,1,1,0,0,0,0
0,0,0,0,0,0,0,0,0,1,0,0,0,0,0,1,0,1,1,0,1,0,0,1,0,2,2,0,0,1,0,0,0,0,0,0,1,0,1,0,0,0,1,0,0,0,1,0,1,0,1,0,0,0,2,0,0,1,1,1,2,0,0,1,1,0,0,0,0,0,2,0,0,0,0,1,0,0,3,0,2,0,0,0,1,0,0,1,0,0,1,0,0,0,0,0,0,1,2,0,1,0,0,0,0,0,0,0,0,0,0,0,1,1,0,0,0,0,0,0,0,0,1,0,0,1,1,0,0,0,0,0,0,0,1,0,0,1,0,0,0,1,1,0,1,1,1,0,1,20,127,139,139,170,160,139,139,66,7,0,0,0,0,0,1,0,0,0,0,0,0,0,1,0,0,9,81,239,253,254,255,253,253,253,253,254,184,121,4,1,0,0,0,0,0,0,0,0,1,0,3,0,0,129,253,251,254,253,254,172,69,70,70,142,233,254,53,1,0,0,0,0,1,0,1,0,1,0,0,1,0,160,255,254,117,45,66,44,1,0,0,1,145,253,233,0,0,0,0,0,0,0,0,0,1,0,0,0,0,15,138,255,127,0,0,0,3,0,0,0,9,212,253,1,0,0,0,0,0,1,0,1,1,0,0,0,0,0,69,253,202,77,9,0,0,0,2,6,56,236,255,52,0,1,2,0,0,0,1,1,1,0,0,0,1,0,57,224,255,254,193,164,161,161,165,178,253,254,211,0,0,1,0,0,0,0,0,1,1,0,0,0,0,0,0,27,206,253,253,252,254,254,254,254,254,253,139,65,0,0,0,0,1,0,0,0,0,3,3,0,1,0,0,34,220,254,255,253,253,254,255,253,252,252,253,250,76,0,0,1,0,1,0,0,0,0,0,0,0,0,65,241,252,252,177,53,24,22,76,23,23,118,189,255,166,85,0,0,0,1,2,0,2,2,1,0,0,111,253,255,243,105,0,0,2,0,0,0,0,0,1,182,253,225,25,0,1,0,0,2,0,0,2,1,4,177,253,252,65,0,0,0,0,0,2,0,1,0,1,9,122,252,120,1,0,0,0,0,0,0,0,1,25,252,254,154,6,0,0,0,0,0,0,0,0,1,1,1,47,253,201,12,0,0,0,0,0,1,2,0,24,252,252,46,1,0,0,0,1,0,1,1,0,0,0,2,141,252,162,0,0,0,0,0,0,0,0,0,21,253,254,99,0,0,0,1,0,1,1,0,1,0,2,0,160,253,110,1,0,0,1,2,0,0,0,0,9,204,253,254,32,0,0,0,1,0,1,0,1,0,0,15,212,247,42,0,0,1,1,0,1,1,0,0,0,140,253,255,214,101,18,2,0,1,0,0,0,0,2,118,253,164,0,0,0,0,0,2,0,1,0,0,2,14,117,251,252,254,210,153,69,6,0,11,70,113,185,255,188,19,0,0,2,1,0,2,0,0,0,0,1,0,13,90,245,255,253,253,252,211,209,217,253,253,254,204,58,0,1,0,0,0,0,2,1,0,0,0,0,0,0,0,21,86,137,223,253,253,254,252,254,255,146,12,0,1,0,0,1,0,0,0,0,0,0,0,0,1,0,0,1,0,0,0,0,0,0,0,0,0,2,0,0,0,0,0,0,0,0,0,0,1,0,1,0,1,0,0,1,0,0,0,1,0,0,0,0,1,0,2,0,2,1,2,1,0,2,1,0,1,0,1,0,0,1,0,0,0,1,0,0,0,0,0,0,0,0,1,2,1,1,0,0,0
0,2,0,0,1,0,2,0,0,0,0,1,0,1,0,0,0,0,0,0,0,1,0,0,0,0,0,0,2,0,0,0,1,0,0,0,0,0,0,0,1,1,0,1,0,0,0,0,0,0,0,0,0,0,0,1,0,1,0,1,0,0,0,0,0,0,0,0,2,0,0,0,0,0,0,0,0,0,0,0,0,0,1,2,0,1,0,0,0,0,0,0,0,0,0,0,0,1,9,38,139,171,255,255,228,41,3,0,0,0,0,0,1,1,0,0,0,1,0,0,0,1,0,0,0,5,161,253,255,255,192,177,199,120,2,1,0,0,0,0,0,0,0,0,0,0,0,1,1,0,0,2,2,161,252,249,184,31,5,1,10,7,0,0,0,2,0,1,2,0,0,0,0,0,0,0,0,0,0,12,163,254,225,88,0,0,0,0,1,0,0,0,2,0,0,2,0,0,0,0,1,1,0,0,2,0,40,161,252,248,62,1,0,1,0,0,0,0,1,0,2,0,0,0,0,0,0,0,1,0,1,0,1,1,119,252,253,43,0,0,0,1,2,0,1,0,1,0,0,0,0,0,1,1,1,4,0,0,1,0,0,16,192,255,132,8,1,0,1,0,0,0,1,0,0,0,0,1,1,0,0,0,0,0,1,0,0,0,0,120,254,217,14,0,2,1,0,0,0,1,1,1,0,0,0,1,0,2,0,0,0,0,2,0,0,0,4,193,253,100,0,0,2,1,0,2,0,0,1,0,0,0,1,0,3,1,2,0,0,0,0,1,0,0,46,253,218,0,1,0,0,0,1,0,0,1,0,0,0,0,0,0,0,0,0,1,0,0,0,0,1,0,41,253,134,0,0,1,2,1,0,0,0,0,0,0,0,0,0,0,0,1,1,1,0,0,0,0,0,0,44,253,133,0,0,4,0,0,0,0,1,0,0,2,0,0,0,0,0,0,1,0,0,1,1,0,0,0,33,238,161,79,168,167,167,169,169,142,36,0,0,0,0,0,3,0,0,0,0,0,0,1,0,0,0,0,76,241,253,253,253,253,252,253,253,254,236,138,0,0,1,1,0,0,1,0,2,1,0,0,0,2,0,63,249,252,252,228,119,19,9,10,67,190,249,252,142,4,0,1,0,0,1,0,1,0,1,0,0,1,1,114,242,142,246,239,137,6,0,0,2,0,66,219,254,72,1,1,0,0,1,2,1,2,2,0,0,0,0,23,79,0,92,254,251,109,0,2,1,0,0,137,253,150,1,0,1,1,1,0,0,0,0,1,1,0,0,1,1,0,0,93,246,253,180,102,32,33,34,151,251,251,6,1,0,1,0,1,0,0,0,1,0,0,0,1,0,0,0,0,59,179,251,254,254,254,255,254,253,225,4,0,0,0,0,1,0,1,0,0,0,1,0,0,0,1,0,0,0,3,61,145,202,253,254,195,118,22,0,0,1,2,1,0,0,0,0,0,0,0,0,2,0,0,0,0,0,0,0,0,0,0,0,0,0,0,0,0,0,0,0,0,1,0,1,0,0,0,0,0,0,2,0,0,0,0,0,0,1,0,0,1,1,1,0,1,1,1,0,0,1,1,0,1,3,0,0,0,0,0,0,0,0,0,2,0,3,0,1,0,1,1,1,1,0,0,0,0,0,0,1,0,1,0,1,0,2,0,0,0,0,0,0,0,2,0,0,0,0,0,0,0,0,0,0,0,1,0,0,0,0,0,0,0,0,0,0,1,1,2,0,0,0,0,1,2,0,1,0,0,1,1,0,0
1,0,0,0,0,0,0,0,0,0,0,0,1,0,1,0,1,1,0,0,1,1,0,0,2,0,1,0,0,0,0,0,0,0,0,0,0,1,0,1,1,0,0,1,0,0,1,0,0,0,0,0,0,1,0,0,0,1,0,0,0,0,0,1,0,0,0,0,1,0,0,1,0,1,1,0,1,0,0,0,0,1,0,0,1,0,0,0,1,1,0,1,0,0,0,0,0,0,1,39,193,100,2,0,0,0,0,0,1,0,0,0,0,0,0,0,0,1,0,1,1,0,2,0,0,0,38,220,252,223,0,1,0,0,1,0,0,1,0,1,0,1,0,0,0,0,0,0,1,1,3,1,0,110,222,251,252,191,0,1,0,1,1,0,0,0,0,0,0,0,0,0,1,0,0,0,0,2,1,1,5,154,253,251,214,28,2,0,0,0,1,0,0,0,0,0,0,1,1,0,2,1,0,1,0,1,1,0,108,252,253,253,194,0,0,0,0,0,0,0,1,0,0,0,0,0,0,0,0,1,1,1,1,0,0,28,206,254,255,253,57,0,0,0,0,2,1,0,0,0,1,0,0,1,1,3,0,1,0,0,0,0,0,57,252,252,251,175,7,1,0,0,0,0,2,0,0,1,0,0,1,0,0,0,0,1,1,1,1,0,0,44,232,251,254,234,42,1,0,1,2,0,0,0,2,0,0,0,0,1,0,0,0,0,0,0,1,0,0,0,155,253,252,252,148,1,0,2,0,0,0,0,1,0,0,1,0,0,0,2,0,0,2,1,0,1,0,0,29,252,252,253,227,45,0,0,0,0,0,0,0,0,3,0,0,0,0,0,0,0,1,0,0,1,0,0,0,141,255,253,253,223,0,0,1,0,0,2,0,0,1,0,0,0,0,0,0,1,0,1,0,1,0,0,0,14,90,243,252,247,147,46,1,1,1,1,1,0,1,0,0,0,2,0,0,0,0,0,0,0,0,0,0,1,0,175,240,251,251,228,20,1,0,0,0,0,0,1,0,0,0,0,0,0,0,0,0,0,2,0,0,0,0,0,101,252,251,250,28,0,0,0,1,0,0,0,0,1,0,0,1,1,0,0,0,1,0,0,0,0,0,0,58,251,252,251,28,1,0,1,1,1,0,1,0,0,1,1,0,1,0,1,62,64,2,0,0,1,1,100,222,252,254,255,28,0,0,1,0,2,0,1,1,2,0,0,0,0,0,25,241,178,85,86,83,162,228,249,252,251,202,27,1,0,0,0,0,1,0,0,0,0,1,1,0,1,0,28,251,255,253,253,253,252,252,251,239,103,24,0,0,0,0,1,1,1,1,0,0,2,0,0,0,0,0,25,242,252,254,251,253,252,225,175,65,0,1,0,0,0,1,2,0,0,0,0,0,0,0,0,0,0,1,0,64,111,112,222,159,113,0,2,0,1,0,1,0,0,0,0,0,0,0,1,0,0,0,1,2,0,0,1,0,0,4,0,0,1,1,1,0,0,0,0,0,0,0,1,0,3,0,0,0,0,0,0,0,0,0,0,1,0,1,0,0,0,0,0,0,0,1,0,0,1,0,1,2,0,2,0,3,0,0,0,0,0,0,0,0,1,0,0,1,0,1,0,0,1,1,0,0,0,0,1,0,2,0,1,0,0,0,0,0,0,0,1,0,1,0,1,0,0,0,0,0,0,0,0,0,0,1,1,0,0,0,0,2,0,0,0,0,1,0,1,0,0,1,0,0,1,3,1,1,2,0,0,0,1,0,0,0,0,0,1
1,0,0,2,0,0,0,0,0,0,1,0,2,2,0,0,2,2,1,2,0,0,0,0,0,0,0,0,0,0,0,1,0,0,1,0,1,0,0,1,1,0,1,0,0,0,0,0,0,0,1,0,0,0,0,0,0,0,0,0,0,0,1,0,0,1,1,0,1,0,1,0,0,0,1,1,0,0,0,0,1,0,0,0,0,0,0,0,0,2,0,0,135,246,65,0,0,0,1,1,0,0,1,0,0,2,1,0,0,0,0,0,2,1,1,0,0,0,0,12,237,89,0,1,1,0,0,0,0,0,0,2,1,0,0,0,0,0,0,2,0,0,0,0,0,0,0,16,241,20,1,0,0,0,0,0,0,0,0,0,0,0,0,0,0,0,2,0,0,0,1,2,0,0,2,19,235,2,0,2,0,0,0,0,0,0,0,0,0,0,1,1,1,0,1,0,0,0,0,0,0,0,0,18,234,1,0,0,1,0,0,1,0,0,0,1,1,0,0,0,0,2,0,0,0,0,0,0,0,0,0,15,235,1,0,0,0,1,1,0,0,0,0,1,0,1,0,0,1,1,1,1,0,2,0,1,0,0,0,17,236,0,1,1,1,0,0,1,1,0,0,0,1,0,0,0,0,1,0,1,0,0,2,0,0,0,0,17,235,0,0,0,1,0,0,0,95,183,60,0,0,0,0,0,1,0,0,0,0,0,3,0,1,1,1,17,237,0,1,0,2,0,0,40,241,227,225,21,0,1,0,0,0,0,1,0,0,1,0,0,1,0,0,17,237,0,0,1,0,0,0,117,199,29,244,119,0,0,0,0,0,0,0,2,0,1,2,0,1,1,0,2,189,48,0,2,0,0,0,207,160,1,161,188,0,1,0,1,0,0,0,0,0,3,0,0,0,0,1,2,102,191,0,0,0,0,0,218,120,0,147,189,0,0,0,0,1,0,0,0,0,0,2,0,0,1,0,0,23,236,14,0,0,0,0,202,121,0,147,188,0,0,0,0,0,0,1,1,0,0,0,1,0,1,0,0,11,222,110,0,0,0,0,117,222,142,235,189,0,0,0,0,0,1,0,0,0,0,0,0,3,1,1,0,1,70,219,0,0,0,0,19,109,109,192,188,1,0,1,1,1,2,0,0,0,1,0,0,0,0,0,0,0,11,197,121,0,0,0,0,1,2,147,189,0,0,0,0,1,1,3,1,2,1,1,1,0,1,1,0,0,1,25,227,55,0,2,0,1,1,226,108,0,0,0,1,2,1,0,0,0,0,0,0,0,0,0,0,0,0,1,62,224,80,0,0,0,36,247,54,0,0,0,1,2,2,0,0,0,0,0,0,0,0,0,0,0,1,1,0,72,254,203,121,100,213,195,0,1,0,0,0,0,0,0,0,0,0,0,2,0,1,0,2,2,0,0,0,1,18,157,171,187,163,39,0,1,0,1,0,2,0,0,0,0,0,0,0,0,1,1,0,0,0,0,1,0,0,0,0,1,1,0,2,0,0,1,0,0,0,1,1,0,0,0,0,0,0,2,2,2,0,0,0,0,0,1,0,1,1,1,0,0,1,1,0,0,0,1,0,0,0,0,0,0,0,0,0,1,0,0,2,0,2,0,0,0,0,0,0,0,0,2,0,0,2,0,3,0,0,0,0,0,0,0,0,0,1,0,0,0,0,0,2,2,2,0,0,1,2,0,2,0,1,1,2,1,0,0,0,0,0,0,1,0,1,1,0,2,0,0,1,0,0,2,0,2,0,0,0,0,1,0,0
3,0,0,2,0,1,0,0,0,1,0,0,1,2,0,0,0,0,0,0,1,0,0,0,0,2,0,0,0,2,0,1,0,0,2,0,1,0,2,0,0,1,0,1,1,0,0,0,0,1,0,0,0,1,0,2,0,0,0,0,1,0,0,1,1,1,0,0,0,0,0,0,1,0,0,0,0,0,0,0,1,0,0,0,0,2,1,0,0,0,0,0,1,1,0,0,0,0,0,0,0,1,0,0,1,0,0,2,2,0,0,1,1,1,0,0,0,2,1,2,0,0,0,0,1,0,2,0,1,0,0,1,0,2,0,0,3,1,0,0,0,0,1,0,1,0,1,0,0,2,0,0,0,36,146,211,125,1,0,0,0,0,0,0,0,1,0,0,0,0,0,0,0,0,0,0,0,1,0,1,1,142,253,255,168,0,0,0,1,0,1,1,0,1,2,2,0,0,2,0,0,0,2,0,0,0,2,0,0,169,254,253,115,1,1,0,0,1,1,0,1,0,1,1,0,0,0,2,0,0,0,0,0,0,0,0,0,168,254,254,64,1,0,0,0,0,0,0,0,0,0,0,0,0,0,2,0,0,0,0,0,0,0,1,0,169,252,255,63,1,1,1,0,0,1,0,1,0,0,0,1,0,0,0,0,0,0,2,0,1,1,0,5,186,255,250,53,0,1,0,0,0,1,1,0,0,1,0,0,0,0,0,0,0,0,1,0,0,2,0,22,254,252,214,1,2,0,0,0,2,0,0,0,1,0,0,0,1,0,0,1,0,0,0,0,1,0,1,21,254,252,212,0,0,1,0,1,0,0,0,0,0,0,0,0,1,0,0,1,0,1,0,0,1,0,1,23,252,253,213,3,0,0,1,0,0,0,1,0,1,2,0,0,0,0,0,0,0,0,0,1,0,0,0,22,253,253,212,0,0,0,1,0,0,0,0,1,0,0,0,0,0,1,0,0,0,2,1,0,0,0,1,23,255,254,151,1,0,0,0,0,0,0,0,1,1,0,0,0,1,1,0,1,2,0,0,0,0,0,0,22,253,255,186,1,1,0,1,0,0,1,0,0,1,0,0,0,1,0,1,1,0,0,1,1,0,0,0,21,255,255,212,0,0,0,2,0,0,0,0,0,1,0,1,1,0,0,1,0,0,0,0,0,0,1,1,22,254,253,142,0,1,0,2,1,0,1,1,0,0,0,0,1,0,0,0,0,0,2,0,1,1,1,1,24,252,253,110,0,0,0,0,0,1,0,1,0,0,0,0,2,0,1,2,0,0,0,1,0,1,0,1,22,255,254,108,0,0,2,2,0,1,0,1,1,0,1,2,0,1,1,1,2,0,0,1,0,0,0,0,23,254,253,107,0,0,1,2,1,0,0,1,0,1,1,0,0,1,1,0,1,0,0,1,2,0,0,0,23,255,250,107,0,1,3,0,1,2,0,0,0,0,0,1,0,0,0,1,0,0,0,2,1,0,1,0,16,232,252,107,0,1,1,0,0,0,0,0,0,1,1,1,2,1,1,0,2,0,0,0,1,0,1,0,0,168,208,17,0,1,1,0,0,0,0,0,0,0,0,1,0,0,0,0,1,1,0,0,2,0,0,0,0,0,0,0,1,1,2,0,0,0,0,1,2,0,0,0,0,0,0,0,0,1,0,3,1,1,1,0,0,0,0,0,0,2,1,0,0,2,1,0,0,0,0,0,0,0,0,0,0,0,0,0,0,0,1,0,0,0,0,0,0,0,0,0,0,1,0,1,0,0,0,0
0,1,0,0,1,0,1,1,1,0,1,0,1,0,0,0,0,0,0,0,0,2,0,1,1,1,0,0,0,1,0,0,0,0,0,4,0,0,0,0,0,0,1,0,0,0,0,0,0,0,2,2,0,2,0,0,0,1,0,0,0,1,0,2,0,1,0,2,1,0,0,0,0,1,0,0,0,2,0,0,0,1,2,0,0,0,1,0,0,1,0,0,0,0,0,0,0,0,0,1,0,0,0,0,0,0,0,0,0,0,1,0,1,0,0,2,0,0,0,0,0,0,0,13,130,172,186,255,239,171,76,0,0,0,0,0,0,0,2,0,3,0,2,0,0,0,1,0,0,0,0,34,253,253,255,254,253,253,255,110,0,2,0,1,2,1,0,0,0,0,0,1,0,1,0,0,0,0,0,34,253,203,158,155,158,242,254,187,0,0,1,0,0,0,0,1,0,0,2,0,0,1,0,2,0,1,1,21,140,13,0,0,44,244,255,122,0,1,0,0,0,1,1,1,0,0,0,0,0,0,1,0,0,0,1,0,2,0,3,110,222,255,199,6,0,0,0,0,0,2,0,0,0,1,3,0,0,0,2,0,0,0,0,0,0,27,163,255,255,202,28,0,0,0,1,0,2,2,0,0,0,0,0,0,2,0,0,0,0,0,0,5,110,223,255,249,161,25,0,0,1,0,0,0,0,0,1,0,0,0,0,0,0,0,0,1,1,5,69,192,253,252,254,228,118,71,4,1,0,0,1,0,1,1,0,0,0,0,0,1,1,2,0,0,17,210,253,254,254,254,254,254,253,254,188,102,4,0,1,0,0,1,1,1,1,0,1,0,0,0,0,0,75,255,251,201,156,130,115,99,65,184,253,254,125,0,0,1,0,0,1,0,1,0,1,0,1,0,1,2,4,96,37,0,1,0,1,0,0,12,137,251,242,67,0,1,0,0,0,1,0,0,1,0,0,0,0,0,0,0,0,0,0,0,0,0,1,1,0,146,253,192,1,0,0,0,0,0,0,0,0,0,0,2,1,0,1,0,0,0,2,0,0,1,0,1,1,31,243,254,7,2,1,1,0,0,0,0,0,0,2,0,3,147,43,0,1,0,1,0,1,0,0,0,0,15,242,255,8,0,0,0,0,1,0,0,1,0,0,2,205,188,1,1,0,0,0,1,1,0,0,0,1,87,255,255,7,1,0,0,0,0,0,0,0,0,0,8,254,77,1,0,0,1,1,0,0,1,0,1,60,239,252,186,1,0,0,2,0,0,2,2,2,1,1,9,254,171,1,1,0,0,0,0,0,0,61,165,247,254,210,43,2,0,0,1,0,0,0,2,1,1,0,9,253,252,146,77,76,76,76,89,159,230,254,254,255,254,107,0,1,0,0,0,2,1,1,0,0,0,1,1,129,255,254,255,252,254,252,255,253,254,253,254,232,77,2,1,0,0,0,0,0,1,0,1,0,0,0,0,4,125,255,253,253,255,255,254,253,210,151,68,3,0,0,0,0,2,2,0,0,0,0,0,0,0,0,0,1,1,0,0,0,0,0,0,1,0,0,0,0,1,0,0,0,1,1,0,1,1,0,0,0,0,0,0,0,1,0,0,1,1,0,1,1,0,0,0,3,2,0,1,0,0,0,1,0,1,0,2,0,0,0,0,0,0,1,0,0,2,0,1,0,0,0,0,2,0,1,0,0,0,0,1,0,0,1,0,1,0,1,0,0,0,0,0,1,0,0,1,1,1,0,1,0,1,0,0,0,0,1,0,0,1
0,0,0,0,0,0,1,0,0,1,0,1,0,1,0,0,1,0,0,0,1,0,0,0,0,0,0,0,1,0,0,0,0,0,0,0,1,1,1,0,2,1,1,2,0,1,2,1,0,1,0,0,2,1,0,0,0,2,1,0,1,0,3,0,1,1,0,0,2,0,0,0,1,0,0,0,0,0,0,0,1,1,1,0,0,0,1,0,1,1,0,0,1,0,1,0,0,0,0,0,0,2,0,0,0,0,1,0,0,1,0,1,1,0,0,0,1,1,0,0,0,1,1,1,0,1,0,0,0,0,103,253,80,0,0,0,2,0,0,1,0,0,2,2,0,0,0,0,1,0,1,1,28,71,48,1,0,104,249,207,23,0,0,0,0,0,1,1,0,0,1,1,0,0,0,0,0,0,8,135,245,253,153,0,15,198,243,69,1,0,1,0,0,0,0,0,0,1,1,0,0,0,0,0,0,55,211,255,180,52,10,14,191,254,112,0,0,0,1,0,1,0,0,0,0,0,0,1,0,1,1,0,54,247,247,135,8,0,0,147,254,148,6,1,0,2,0,0,0,0,0,1,1,0,0,0,0,0,1,39,220,247,75,1,0,1,51,234,211,16,0,0,0,0,2,0,0,0,1,0,0,0,0,0,0,0,2,140,255,247,62,0,0,0,206,246,63,2,0,1,0,0,0,0,0,0,0,1,2,0,0,0,2,1,0,52,239,253,245,89,2,103,255,145,0,0,0,0,0,0,1,0,0,0,0,0,1,1,0,0,0,1,0,0,90,184,250,247,121,203,251,32,1,1,1,1,0,1,0,0,0,0,0,0,1,1,1,0,0,1,1,2,0,0,139,255,252,254,145,2,0,1,1,0,1,0,0,0,0,0,0,0,0,0,0,1,1,0,0,0,0,0,1,79,253,253,255,198,39,2,1,1,0,1,1,0,1,0,0,0,0,0,0,0,0,0,0,1,0,0,0,102,253,204,254,255,227,71,1,0,0,0,0,1,0,1,1,0,0,0,0,0,0,0,0,1,0,1,2,185,252,59,76,228,254,226,42,1,0,0,0,0,0,0,0,1,1,0,0,0,0,0,0,2,0,0,6,205,195,1,1,41,196,252,224,40,1,0,3,0,0,1,0,1,0,0,1,0,0,0,0,1,0,0,41,253,113,0,0,0,40,224,254,224,43,0,0,0,0,3,0,0,0,0,0,0,1,0,2,0,0,0,186,254,70,0,0,0,0,68,254,253,140,0,0,0,0,0,0,1,3,0,1,0,0,0,2,0,0,0,161,252,72,1,2,0,1,103,253,253,100,0,0,0,0,0,0,1,0,1,0,1,1,0,0,0,0,0,115,254,142,12,76,106,157,248,252,218,12,0,0,0,0,0,1,0,0,0,0,1,0,0,1,2,1,1,41,228,254,228,255,254,253,253,229,50,0,0,0,0,1,0,0,1,0,0,0,0,0,1,2,0,0,0,0,33,143,193,226,166,165,87,12,0,1,0,0,0,0,0,0,0,2,0,0,1,1,1,0,0,1,0,2,1,1,1,0,2,0,0,0,0,0,0,0,0,0,0,0,1,0,0,0,1,1,1,0,0,0,1,0,1,0,0,1,0,0,1,0,0,1,0,2,0,0,0,2,1,0,2,1,0,2,0,0,0,0,0,1,0,0,1,0,1,0,0,0,0,0,0,0,1,1,0,0,2,1,2,0,0,0,0,1,0,0,1,0,2,1,0,0,0,3,0,0,0,2,0,0,0,0,1,0,0
3,0,2,0,0,2,1,1,0,0,1,0,0,0,0,1,1,3,0,0,0,0,0,2,0,1,0,0,0,0,0,0,2,0,0,0,1,0,0,0,1,0,0,0,1,1,0,0,0,0,2,0,0,1,0,0,0,0,0,1,0,1,1,0,0,0,0,1,0,1,0,0,0,1,0,0,0,0,0,0,0,1,1,0,0,0,0,0,0,1,1,1,0,0,1,0,0,0,1,0,0,1,0,2,0,1,0,1,0,0,0,0,0,0,0,0,0,0,0,1,1,0,0,0,0,1,0,2,0,0,2,0,0,0,0,1,0,0,0,0,0,0,0,1,0,1,0,1,0,1,0,1,1,255,252,253,102,0,0,0,0,0,1,0,0,0,1,0,0,0,0,0,0,0,0,1,0,0,0,0,0,254,251,252,252,0,0,0,0,0,0,0,0,0,2,0,0,1,0,1,0,0,1,0,0,0,0,0,0,253,252,252,250,0,0,0,0,0,0,2,1,0,0,1,3,0,0,0,0,1,2,0,1,0,0,1,0,253,251,251,252,1,0,1,0,0,0,1,0,0,0,1,0,1,1,2,0,1,0,0,0,0,1,0,1,255,254,252,254,1,0,0,0,0,0,0,0,1,0,0,0,2,0,0,0,0,0,0,1,1,1,0,0,254,251,253,253,1,0,0,1,0,1,0,1,2,0,1,0,1,1,0,0,1,0,0,0,1,0,0,0,253,251,253,251,0,0,1,2,0,0,0,1,0,0,0,0,0,0,3,0,0,0,0,1,0,0,0,0,252,252,251,251,0,0,0,0,0,0,0,2,0,1,0,0,0,0,0,0,1,1,0,1,0,1,0,114,254,252,254,188,0,1,0,0,0,0,0,0,1,0,0,0,1,0,0,0,0,0,0,0,0,0,2,114,252,253,252,139,0,0,0,0,0,0,1,0,0,0,0,2,0,0,0,1,0,0,1,0,2,1,1,113,254,252,251,191,0,0,0,1,0,0,1,1,0,0,0,0,1,1,2,0,0,0,0,0,0,0,0,64,253,253,254,139,0,3,1,0,1,0,0,1,1,0,1,0,0,0,0,0,0,0,0,0,1,0,0,0,255,254,253,141,0,0,0,0,3,1,1,0,2,0,0,0,0,0,0,3,1,0,1,1,2,0,0,1,252,252,252,139,1,1,0,0,0,0,0,0,0,0,1,1,0,0,0,1,0,1,0,1,0,0,0,0,253,251,252,104,0,0,0,0,1,0,0,1,1,0,0,0,0,0,2,2,0,0,1,1,1,0,0,1,251,252,253,28,3,0,1,0,1,0,2,0,0,1,0,0,1,0,1,2,1,1,0,1,1,0,1,0,204,254,251,26,0,1,0,1,0,0,0,1,1,0,0,0,0,0,0,0,1,0,0,1,2,0,0,0,179,253,251,29,0,1,1,0,1,0,1,0,0,1,1,1,1,1,0,2,0,0,1,0,0,2,0,1,102,251,184,5,2,0,0,0,0,1,1,0,0,0,0,0,0,0,0,1,0,0,1,0,0,1,0,0,4,127,120,0,0,0,1,0,0,0,0,0,2,0,0,0,0,0,0,0,0,0,0,0,0,0,0,0,2,1,0,0,2,0,0,0,0,0,1,0,0,0,1,0,0,1,0,0,0,2,1,0,1,1,0,1,1,0,1,0,2,0,0,0,0,0,0,0,1,0,1,0,0,0,1,0,0,0,0,1,0,0,0,1,1,0,1,0,0,1,1,0,0,2,0,0,0,1,1
0,1,1,0,0,1,0,0,0,0,0,1,1,0,0,0,0,1,0,0,2,0,0,0,1,0,0,1,1,0,2,1,0,0,0,1,0,0,1,0,1,0,1,0,0,0,0,0,0,1,0,0,0,1,0,0,0,0,1,1,0,2,1,0,0,0,0,2,0,0,1,0,0,1,0,1,0,1,2,0,0,0,0,1,3,0,0,0,0,0,0,1,0,1,1,0,0,0,0,0,0,0,0,0,0,0,0,1,0,0,1,0,1,0,1,0,0,0,0,0,0,1,0,1,2,0,0,0,0,0,1,0,0,0,0,0,1,0,0,1,1,0,1,0,0,0,0,0,0,0,0,0,0,54,244,242,100,74,1,0,0,1,0,1,0,2,0,0,2,0,0,0,2,3,1,2,0,0,0,0,54,229,253,255,255,240,189,0,0,0,0,0,0,0,1,0,0,0,0,0,1,0,0,2,1,0,0,0,187,255,252,255,255,252,247,81,0,0,0,0,0,0,0,1,0,0,0,0,0,1,0,1,0,0,0,84,253,252,255,254,255,254,255,252,37,1,0,0,0,0,0,0,1,1,0,0,0,1,0,0,0,0,0,87,253,253,254,228,217,250,252,255,155,0,0,0,0,0,0,2,1,2,2,0,1,1,0,0,1,0,0,87,255,253,126,35,0,100,209,253,193,0,0,0,0,1,1,0,1,0,1,1,1,0,2,0,0,0,0,137,253,211,15,0,0,0,172,255,192,0,0,2,0,0,2,1,1,2,0,0,0,0,0,0,0,0,18,242,254,123,0,0,1,1,168,254,193,1,1,0,1,0,0,0,1,0,0,0,0,1,0,1,0,21,198,255,254,122,1,1,0,0,169,254,193,0,0,0,0,0,0,0,0,0,0,0,0,0,0,0,2,39,253,254,255,242,20,0,0,22,195,255,145,0,0,0,0,1,0,1,1,0,0,0,0,1,0,1,1,54,254,196,79,154,21,0,0,85,253,254,37,0,0,0,0,0,0,0,1,1,0,0,0,2,1,0,1,195,255,169,0,1,1,1,0,226,253,199,20,3,0,0,1,0,0,0,1,0,0,2,1,0,0,2,0,196,254,168,1,1,0,0,35,232,251,102,0,0,0,0,2,1,0,0,0,1,0,0,2,0,2,0,0,193,254,169,1,0,2,5,133,255,239,0,0,0,0,0,0,0,0,1,0,1,0,2,0,2,0,0,0,192,254,172,0,0,1,96,252,252,166,0,0,0,0,0,0,0,1,0,0,1,1,1,0,0,0,0,0,195,252,168,0,1,106,243,254,156,14,0,1,0,0,0,0,0,0,0,0,0,0,2,3,0,0,1,0,192,254,172,8,90,247,255,250,30,0,0,0,0,0,0,1,0,1,2,0,0,1,0,1,1,0,1,0,129,253,253,252,255,254,176,75,0,0,0,0,0,1,0,0,1,0,0,1,0,1,1,1,1,0,0,0,39,253,255,254,252,207,59,1,0,2,0,1,0,1,0,2,0,0,1,0,0,0,0,1,0,0,1,2,13,101,246,141,100,9,1,0,0,0,0,0,0,2,0,0,1,1,0,0,0,0,0,0,0,0,1,0,0,0,1,0,0,2,0,1,0,0,0,0,0,1,0,0,1,0,1,0,0,1,2,0,0,0,0,0,0,1,0,0,0,0,1,0,0,0,0,0,1,1,1,0,2,0,0,0,0,2,0,0,0,1,1,0,0,1,1,0,0,0,0,0,0,0,0,0,1,1,0,0,0,1,0
1,0,0,0,0,0,0,1,0,0,0,1,0,0,0,0,0,1,0,0,1,1,1,0,0,0,1,2,0,1,0,1,1,1,0,0,1,0,0,0,0,1,0,0,0,0,0,1,0,0,1,1,0,1,1,0,0,0,2,0,0,1,1,0,1,0,1,0,0,0,0,0,0,2,1,0,0,1,0,1,0,0,0,0,0,0,1,0,0,0,0,1,2,0,0,0,0,1,0,0,0,0,0,0,0,0,1,0,1,0,0,0,0,0,1,0,0,2,1,0,0,0,1,2,1,0,1,1,0,0,0,0,0,0,1,1,0,0,0,0,0,0,0,1,1,1,0,1,0,0,0,2,0,1,0,23,117,240,254,253,254,255,255,254,194,77,0,0,0,0,1,0,0,0,0,0,0,1,3,0,0,18,116,230,253,255,254,255,253,253,253,254,253,173,25,0,0,1,1,0,0,0,2,0,1,1,1,1,66,222,255,255,255,255,255,254,254,192,74,68,67,33,0,0,1,1,0,1,0,0,0,0,0,0,78,162,250,253,255,253,254,252,195,146,24,2,0,0,2,1,1,0,1,0,0,2,0,1,0,0,15,156,252,255,254,254,253,255,254,123,0,0,1,0,0,1,0,0,0,1,0,0,0,0,2,0,0,2,131,253,254,254,255,255,255,254,253,143,1,1,0,1,1,0,2,0,1,0,1,1,0,0,0,0,0,37,241,254,255,249,201,251,255,255,254,144,0,0,0,0,0,0,1,0,0,0,1,1,0,0,0,0,0,142,255,255,220,126,0,226,249,254,248,132,1,0,1,0,0,1,0,0,0,0,0,1,0,1,0,0,0,155,254,252,187,43,2,0,70,135,105,0,1,2,1,1,0,0,0,2,1,0,0,3,0,0,0,0,0,156,255,253,254,237,144,90,26,0,1,1,0,0,0,1,0,0,0,0,0,0,2,0,0,0,1,0,0,56,192,255,255,251,254,254,232,205,62,4,0,3,0,0,0,0,1,0,0,1,2,0,1,0,1,1,0,0,10,149,222,255,254,254,255,255,255,114,0,0,1,1,0,0,1,1,0,0,0,0,0,0,0,0,1,0,0,0,13,101,184,235,253,253,254,248,208,11,2,0,2,1,1,1,0,1,0,0,0,1,0,0,2,2,0,0,0,0,0,30,132,215,255,254,251,20,1,0,0,0,0,0,1,0,0,0,0,2,1,0,0,0,28,0,1,0,0,0,0,0,176,253,255,115,0,1,2,0,2,0,0,0,0,0,1,0,0,0,0,1,123,125,17,0,1,1,33,70,201,255,255,115,0,1,0,0,1,0,1,0,0,1,0,0,0,0,0,1,125,254,198,103,133,197,244,254,254,255,252,76,0,0,1,1,0,0,0,0,0,1,0,1,0,1,0,0,30,252,254,255,252,253,252,252,255,254,152,0,0,0,0,1,0,0,0,0,2,1,1,0,0,0,1,0,4,132,255,255,254,252,254,255,235,99,9,0,0,1,0,1,0,0,1,1,0,0,0,0,0,0,0,0,0,1,84,157,225,160,157,91,29,0,0,1,0,0,0,0,0,1,0,1,0,1,0,0,0,0,1,1,0,1,1,0,1,0,1,1,0,0,0,1,0,0,0,0,2,1,0,2,0,1,0,0,1,0,3,0,1,2,1,1,0,1,1,0,1,1,0,0,0,0,0,2,0,0,0,1,0,0,0,0,3,0,2,0,0,0,1,0,1,1,1,0,2,1,0,0,1,0,1,0,1,0,0,1
0,0,1,0,1,0,1,0,0,1,0,0,0,0,1,1,0,0,1,1,0,1,0,1,0,1,1,3,0,0,1,1,1,0,0,0,0,1,0,1,0,0,1,1,0,1,0,0,0,0,1,3,1,0,0,0,2,1,0,0,1,0,1,0,0,0,1,0,0,1,0,0,0,0,0,0,1,0,0,0,0,1,0,0,0,1,0,1,0,1,0,1,0,0,0,0,0,0,1,0,1,0,1,0,0,1,1,1,0,0,0,0,0,1,0,1,0,1,3,0,1,0,0,0,0,1,0,45,229,240,0,0,1,0,0,0,1,1,0,1,0,0,0,2,1,0,0,0,0,2,0,0,0,0,1,140,254,238,1,0,0,0,1,0,2,0,0,1,2,0,0,2,0,0,1,1,0,0,0,2,0,0,0,254,253,238,0,2,0,0,0,0,1,2,0,0,0,0,0,0,0,2,0,0,0,0,1,1,1,2,73,254,252,167,0,0,1,2,0,0,0,2,0,0,0,0,0,2,2,1,0,0,0,0,1,0,0,14,181,253,236,63,0,0,2,1,0,1,2,1,0,1,0,0,1,0,0,0,0,0,0,0,0,2,0,62,254,255,174,1,0,2,1,1,0,0,0,0,0,0,0,0,1,1,1,0,0,1,0,0,0,1,0,193,253,254,44,0,1,0,0,0,1,0,0,0,2,0,2,0,1,2,0,0,0,1,0,0,0,0,0,194,253,255,45,0,0,0,2,1,0,0,0,1,2,0,0,0,0,1,0,0,0,0,0,1,0,0,1,193,253,237,36,0,0,1,0,0,0,0,0,0,1,0,1,0,0,0,2,0,1,2,0,1,1,0,1,194,253,147,0,0,0,0,1,1,0,0,1,0,1,0,0,0,1,0,1,0,0,1,0,0,0,1,0,196,253,89,0,0,1,0,1,1,0,2,0,2,2,2,0,0,0,2,0,0,0,0,0,0,0,0,109,244,252,0,1,0,1,0,0,1,2,0,0,0,0,0,1,2,0,0,0,0,1,2,2,0,0,7,241,253,252,2,1,0,0,0,0,2,0,2,2,1,0,0,0,1,1,0,0,0,0,0,0,1,1,134,253,254,252,0,0,1,0,2,0,0,1,1,1,1,0,2,0,0,0,3,1,1,1,1,1,0,0,133,252,252,254,132,1,1,0,0,0,0,0,0,0,2,0,0,0,1,0,1,0,1,0,1,0,0,0,134,254,255,252,43,1,0,1,0,0,0,1,0,0,0,0,1,0,0,0,0,0,2,0,0,0,0,0,133,254,253,252,0,0,0,0,0,0,0,1,2,1,1,0,1,1,0,0,0,0,0,0,0,0,1,0,136,252,252,111,0,1,1,1,0,2,0,0,0,0,0,0,1,0,1,1,0,2,2,1,0,1,1,0,135,252,246,87,0,1,2,0,0,0,0,0,0,0,2,0,0,0,0,0,1,2,0,1,0,0,1,1,133,254,209,1,0,1,0,0,0,0,0,1,0,0,0,0,0,0,0,0,0,0,2,0,0,0,0,0,1,0,0,0,0,0,0,1,0,0,0,1,0,0,0,0,0,0,0,0,0,2,0,0,0,0,0,0,1,0,0,0,1,0,0,0,2,0,0,0,1,0,0,0,0,1,0,2,0,1,0,0,0,0,0,0,2,0,0,1,0,0,0,0,1,0,1,1,0,0,0,0,0,1,0,0,1,0,1,0,1,0,1,2,1,0,0,0,0,0,2,1,1,1,1,0,0,0,0,0,1
0,1,0,0,1,1,0,0,1,1,0,2,0,1,0,0,0,1,0,0,0,0,1,0,0,1,0,0,0,0,0,0,0,0,0,0,0,1,0,0,3,0,1,0,0,1,0,1,0,0,0,0,0,0,0,0,0,1,0,0,1,0,0,0,0,2,2,1,0,0,0,0,0,0,0,0,1,0,1,0,1,0,1,0,1,1,1,1,0,0,0,0,0,0,0,0,0,0,0,1,0,3,2,3,0,1,1,1,0,0,1,0,0,0,1,0,0,0,0,0,2,0,2,0,0,0,0,0,0,0,0,0,0,1,0,0,0,2,0,0,0,1,0,0,0,0,0,1,0,0,0,1,1,0,0,0,0,2,0,0,0,0,0,1,1,1,0,0,0,0,1,0,1,0,0,1,7,88,170,254,254,255,253,162,19,0,0,2,0,1,0,0,0,2,2,0,0,0,0,0,0,1,0,38,168,252,253,246,222,185,245,255,197,18,0,0,0,0,0,0,0,0,0,0,1,0,0,0,1,0,38,227,254,233,96,21,1,0,44,218,252,210,49,1,1,0,0,0,0,0,2,0,1,0,0,1,0,0,119,254,227,23,0,0,0,0,0,22,205,254,197,18,0,0,0,0,2,2,0,1,0,0,1,1,0,0,84,178,156,0,0,0,0,0,0,1,23,233,253,118,0,1,0,0,1,0,0,1,1,1,0,0,1,1,0,0,0,0,0,0,0,0,0,1,0,224,253,106,0,1,0,0,1,0,1,2,0,0,0,0,0,0,0,0,0,0,0,1,0,0,1,1,0,223,253,53,0,0,0,0,1,1,0,1,0,0,0,0,0,1,0,0,0,0,0,0,0,0,0,81,205,251,241,22,0,1,1,1,0,1,0,0,1,0,0,0,2,1,0,1,0,0,2,1,1,41,118,245,253,244,70,0,1,0,0,0,1,2,0,1,0,1,0,0,0,0,0,0,0,0,1,57,168,252,251,254,151,18,0,3,0,0,1,0,0,0,0,0,0,0,0,2,1,0,0,1,0,1,1,131,252,247,249,253,221,68,0,0,1,1,0,0,0,0,1,0,0,0,0,0,0,2,1,1,0,0,0,0,38,0,23,140,254,244,47,0,0,0,1,0,0,3,1,0,0,0,0,2,0,2,0,0,0,0,0,0,0,0,0,12,216,253,73,3,1,0,0,0,1,0,1,0,0,0,0,0,0,0,1,1,1,0,0,0,0,1,0,11,226,254,75,1,0,3,0,0,1,0,0,0,0,2,0,0,1,0,1,0,0,1,2,0,1,0,0,17,255,254,73,0,0,0,0,0,0,0,0,0,0,1,0,1,0,0,0,0,0,1,1,1,0,1,0,48,253,234,23,1,0,0,0,1,2,0,1,0,0,0,2,0,2,1,0,0,0,0,2,1,0,3,0,169,253,174,0,0,0,0,0,0,0,0,1,0,0,1,1,1,0,0,0,1,1,0,36,0,0,0,82,244,253,95,1,0,0,0,0,0,0,0,0,1,3,1,0,1,1,0,0,1,1,3,201,67,27,129,251,254,157,14,0,0,0,1,0,1,0,1,0,1,0,0,0,0,0,0,0,0,0,1,45,189,231,174,153,110,17,0,0,1,0,0,0,0,0,1,0,0,1,0,0,0,0,0,0,0,0,1,1,1,1,0,0,1,1,0,2,2,0,0,0,1,0,0,1,1,1,1,1,0,0,0,0,0,0,0,0,0,1,0,1,0,0,0,0,0,0,0,2,0,0,0,1,0
0,0,0,1,0,0,0,0,1,1,1,1,0,0,0,0,0,0,1,0,0,2,0,0,0,0,1,0,0,0,1,0,0,0,0,1,3,0,0,1,0,0,1,0,0,2,0,1,0,0,0,0,0,0,0,0,1,0,1,1,1,0,0,0,1,0,0,1,0,0,1,1,0,2,0,0,1,0,0,2,1,0,0,1,0,1,1,0,1,0,1,0,0,0,0,0,0,0,0,0,1,1,0,0,0,0,0,0,0,0,0,0,0,2,1,2,0,1,0,0,0,1,1,86,143,61,0,0,0,0,1,1,0,0,0,0,0,0,0,0,0,0,1,2,0,1,2,0,0,0,0,86,254,240,83,1,0,2,0,1,0,1,2,0,0,2,0,2,1,1,0,0,1,0,0,1,0,1,0,88,255,253,233,76,2,0,0,0,1,0,0,0,0,0,0,0,0,1,0,0,0,0,0,0,1,0,1,86,255,254,254,93,0,0,0,1,0,0,0,0,0,0,0,0,0,0,2,1,1,0,0,2,0,0,0,86,255,253,253,182,16,1,4,0,0,1,1,0,1,0,0,0,0,0,0,0,0,0,2,0,1,0,0,80,244,255,254,253,27,1,0,1,1,0,0,0,0,2,0,0,0,0,1,0,1,0,0,0,0,0,0,0,153,254,252,253,26,0,1,1,0,0,0,0,0,1,0,0,1,0,0,0,0,0,0,0,0,1,0,0,153,252,253,255,26,0,0,1,0,0,0,0,1,1,1,0,0,2,0,0,2,1,0,0,0,0,0,1,135,250,255,254,46,2,0,1,0,0,0,0,0,1,1,0,0,0,0,0,1,0,1,0,0,1,1,0,0,217,251,254,216,0,0,0,0,0,0,0,1,0,0,0,0,0,1,0,1,1,1,0,1,0,1,0,0,219,255,254,217,0,2,0,0,0,0,1,1,0,1,0,0,0,0,0,1,2,1,0,0,2,0,1,0,49,255,254,222,24,0,1,0,0,1,0,2,0,0,0,0,3,1,0,2,0,0,0,2,0,0,0,0,28,254,254,254,149,0,0,1,1,1,1,0,0,0,1,0,0,1,1,0,1,0,0,0,0,0,0,0,27,254,254,252,219,55,0,0,0,0,0,2,1,0,0,1,0,0,1,0,0,0,0,1,0,0,0,1,30,255,255,255,255,84,2,0,0,1,0,1,1,0,1,0,2,0,2,0,1,0,1,0,1,0,0,0,14,183,252,254,254,85,3,0,0,0,0,0,0,0,0,1,0,1,1,0,0,0,0,0,0,0,0,0,1,94,253,254,254,82,0,0,0,0,0,0,0,0,0,0,0,1,1,0,0,1,0,0,0,1,0,0,1,73,236,255,254,85,0,3,0,0,0,1,0,0,0,0,1,0,0,0,0,0,0,0,0,0,1,1,1,0,161,255,255,86,1,0,3,0,0,0,1,1,0,0,1,1,0,0,1,2,1,1,0,0,0,1,0,1,162,226,64,22,1,0,0,1,0,1,0,0,0,0,0,1,0,0,0,1,1,0,0,0,0,1,1,0,0,0,0,0,1,1,0,1,0,0,1,2,0,0,0,0,0,0,0,0,0,0,0,0,1,1,0,0,1,0,0,0,0,0,0,0,0,0,0,0,1,0,0,2,0,0,0,0,0,2,0,0,0,0,1,1,0,0,0,0,0,0,1,0,0,0,0,0,1,1,1,1,0,1,1,0,0,1,0,0,1,0,0,0,0,0,0,0,0,0,0,0,0,0,1,0,1
0,1,0,0,0,1,1,0,0,0,1,0,1,2,0,0,0,0,0,0,0,0,0,0,0,0,0,0,0,1,1,0,1,0,1,0,0,0,0,2,0,0,2,0,0,0,0,0,0,0,0,0,0,0,0,0,0,0,1,2,0,0,0,1,0,0,0,1,0,1,1,1,1,0,1,0,1,0,0,1,0,1,1,1,0,2,0,0,1,0,1,0,0,0,0,0,0,1,1,0,0,1,1,0,0,0,0,0,0,0,0,0,2,0,1,2,0,0,0,0,0,0,0,0,0,0,0,2,1,0,0,2,0,0,0,0,0,2,0,2,1,0,0,0,0,0,0,0,0,74,138,138,138,232,200,192,138,191,181,201,0,0,1,0,0,1,1,0,0,1,3,0,1,0,1,0,0,230,253,251,254,252,251,254,254,252,254,251,99,18,0,0,0,0,1,0,0,1,0,1,0,3,4,0,150,245,253,253,250,251,253,253,253,253,252,249,235,26,2,0,0,0,0,0,0,1,1,0,0,0,0,1,207,251,254,253,185,159,159,55,86,76,67,45,43,0,0,0,1,0,0,0,0,0,0,1,0,0,0,0,207,254,234,22,5,0,0,0,0,0,0,0,1,0,0,1,0,2,1,0,0,0,0,0,1,0,0,1,94,252,243,51,0,0,0,0,0,1,0,1,0,2,0,0,1,1,0,0,1,0,0,0,2,0,0,0,95,253,251,112,0,0,2,0,0,1,0,1,2,0,1,1,0,0,1,0,0,0,0,0,0,0,0,1,94,251,253,240,103,68,6,0,1,0,1,0,1,1,0,0,1,0,1,1,0,0,0,0,0,0,0,0,188,251,251,253,251,254,212,86,0,0,0,0,0,1,0,0,0,0,0,0,0,1,0,0,1,0,0,0,104,253,255,252,254,253,253,250,209,86,2,0,1,1,2,0,1,1,0,0,0,1,1,0,0,0,1,0,43,219,252,230,230,135,218,233,255,253,117,3,0,0,0,0,2,0,0,0,0,0,0,1,0,0,0,0,0,0,83,0,0,0,2,8,174,252,251,20,1,0,0,0,1,0,1,0,1,0,1,1,0,2,0,0,0,0,0,2,1,0,0,2,14,171,253,55,1,0,0,0,1,0,0,1,1,0,0,1,0,0,0,0,0,0,0,1,0,0,0,0,0,68,252,231,94,0,0,0,0,0,0,1,0,0,1,1,2,0,0,0,0,156,1,0,0,2,0,0,0,70,251,252,116,0,1,0,0,0,1,0,0,1,0,0,0,0,1,1,0,231,254,181,57,6,0,0,4,138,254,253,116,1,0,0,0,2,0,0,1,0,1,0,1,0,0,1,1,209,252,251,254,176,161,162,177,252,250,252,95,0,0,0,0,0,1,0,0,0,3,0,0,2,0,0,0,32,190,251,254,253,252,253,253,253,252,222,1,0,0,2,2,0,0,0,1,0,0,0,0,0,0,0,0,0,16,161,228,251,251,253,251,252,252,95,0,1,0,0,0,0,0,0,0,0,0,0,1,0,1,1,0,0,0,0,18,66,136,252,252,252,158,13,1,0,0,0,1,0,0,0,0,0,0,0,0,1,3,0,0,1,1,0,0,0,1,0,1,0,1,0,0,0,1,0,0,0,0,0,1,1,0,2,0,0,0,0,1,1,0,0,0,0,1,0,1,0,2,0,0,0,1,1,0,0,0,2,0,2,0,0,0,0,0,0,0,1,0,0,0,0,1,0,1,0,1,0,1,0,0,0,1,0,1,1
0,0,0,0,0,0,0,1,0,1,1,0,0,1,0,1,0,0,0,0,0,0,1,2,1,0,1,0,0,0,0,0,0,3,0,0,0,0,0,0,0,1,3,0,1,1,0,1,0,0,0,0,1,0,0,0,1,1,0,0,0,1,0,1,0,1,0,0,1,1,0,1,0,0,1,1,1,1,1,1,1,0,1,0,1,0,2,0,0,0,0,2,0,0,1,0,1,2,1,1,0,0,0,0,0,1,0,0,0,0,0,0,1,0,1,0,1,0,0,0,1,0,58,135,138,137,137,228,210,84,0,0,2,0,0,1,0,0,0,0,0,0,1,1,1,0,0,25,37,132,199,253,255,255,254,253,253,253,6,0,0,0,1,0,0,0,0,1,0,1,2,0,1,0,25,226,253,254,255,204,224,201,172,84,84,82,3,1,3,0,0,0,0,1,0,0,2,0,0,1,2,2,35,255,252,254,253,11,29,0,0,0,1,0,0,1,0,0,1,0,0,0,0,0,0,0,0,0,0,0,7,49,203,255,253,10,0,0,0,0,0,1,0,0,1,0,1,1,1,0,1,0,0,0,0,0,0,0,0,0,190,255,210,9,61,108,136,227,225,227,165,109,89,0,0,0,0,0,0,0,0,1,1,1,1,1,0,0,190,255,202,184,251,254,254,255,252,254,255,254,252,245,111,2,0,0,1,1,0,0,0,1,0,2,0,32,224,254,253,254,254,252,231,231,231,231,231,229,247,254,253,103,0,0,1,0,1,0,1,0,0,0,1,54,253,253,253,236,147,77,0,1,0,1,2,2,84,243,255,171,3,0,0,0,0,0,0,1,0,0,0,42,238,254,228,43,1,1,0,0,0,0,0,0,3,102,253,254,101,1,0,1,0,0,0,0,2,0,0,0,44,113,33,0,0,0,0,0,1,1,0,1,0,66,254,254,136,1,0,0,0,1,0,0,0,3,0,0,2,0,0,1,0,0,0,0,2,0,0,0,2,66,253,252,136,1,1,1,0,1,0,1,0,1,0,2,0,1,0,2,0,1,0,0,0,0,0,1,0,173,254,253,82,2,0,1,0,0,0,0,1,8,12,3,1,0,1,0,0,1,0,0,0,0,1,0,24,222,253,156,2,0,0,0,0,0,0,2,0,136,254,98,0,1,1,1,0,0,0,0,1,0,0,2,61,255,254,137,0,0,1,1,0,0,0,0,0,116,255,237,78,10,1,0,0,0,0,0,0,0,0,42,226,253,239,30,0,1,2,0,1,0,1,2,0,5,150,254,253,155,66,66,0,1,0,0,0,0,125,226,252,253,87,0,0,0,0,2,0,2,0,1,2,1,25,190,252,254,254,253,203,127,82,84,128,202,254,255,240,84,12,1,0,0,0,0,1,0,0,0,1,0,1,6,124,190,255,254,255,254,253,253,255,253,254,180,28,1,1,0,1,0,1,0,1,2,0,0,0,0,0,0,0,6,17,19,135,211,255,255,254,201,73,7,0,1,0,0,0,0,0,0,2,0,0,1,0,0,0,1,0,0,0,1,1,0,0,0,0,0,0,0,0,0,0,0,1,0,1,2,0,0,0,0,0,0,1,0,0,0,0,1,0,1,1,2,1,0,1,0,0,0,1,0,1,0,1,0,0,0,1,2,1,0,0,0,0,0,1,1,0,1,0,0,2,0,2,0,0,0,0,1,0,0,0,0,0,0,0,2,1,0,0,0,0,1,0,1,0,1,2,0,0,0,0,0,0,1,0,0,0,0,0,0
0,0,0,0,1,2,0,1,0,0,0,0,1,0,1,0,3,0,0,0,2,0,0,1,0,2,0,0,0,0,0,0,1,0,0,0,0,0,0,0,1,0,0,0,2,1,0,0,0,1,0,1,0,0,0,0,2,0,0,0,0,0,0,0,0,0,2,0,2,1,0,1,0,1,0,0,0,0,0,2,0,0,0,3,0,0,0,1,2,1,0,0,0,2,1,0,66,254,252,245,0,0,0,0,0,1,0,0,0,1,0,1,0,0,0,0,2,1,1,0,0,0,3,10,185,254,252,245,10,0,1,0,0,0,0,0,0,0,0,0,0,1,0,1,0,0,2,0,1,0,22,187,253,253,253,254,154,1,1,1,0,1,2,0,0,0,0,0,1,0,0,1,2,4,0,1,0,0,70,252,254,252,253,252,134,0,0,0,0,1,0,1,0,0,0,0,0,0,1,0,0,0,0,0,0,60,234,253,255,252,214,127,0,0,0,1,1,0,1,0,1,0,0,1,0,1,1,0,1,0,0,0,28,233,254,253,252,252,139,2,0,1,0,0,1,0,1,0,1,1,1,0,0,1,0,0,0,0,1,0,124,251,253,252,254,167,3,0,0,16,139,137,66,0,0,0,0,0,0,0,0,0,0,0,0,0,0,27,213,253,253,251,194,9,0,45,127,233,251,253,239,192,29,0,0,1,0,0,0,1,0,0,0,1,0,107,253,254,252,253,88,1,51,221,254,253,254,252,252,253,108,0,0,0,2,1,0,1,0,2,1,1,17,251,252,253,252,118,22,82,243,252,253,253,254,255,251,253,152,5,2,0,0,0,0,0,1,0,0,0,16,254,252,254,220,37,73,251,253,255,254,252,172,115,253,252,253,17,0,0,0,0,1,0,0,2,0,0,16,254,253,255,203,55,240,252,254,253,212,140,44,224,252,252,254,14,1,1,1,1,0,0,0,1,0,0,34,254,254,255,98,140,254,252,252,253,138,18,128,252,253,253,144,3,0,0,1,0,1,2,1,0,0,0,179,253,252,252,226,190,254,251,253,245,44,218,253,252,254,227,59,0,0,0,0,0,0,0,1,0,0,1,155,253,255,253,254,253,252,251,252,251,223,252,254,253,255,169,0,1,1,1,0,0,0,0,0,0,1,1,17,253,251,253,253,253,253,253,254,253,254,252,253,253,184,16,0,2,1,1,0,0,0,0,0,0,0,2,16,254,253,253,252,254,252,252,254,252,254,253,227,169,17,0,0,1,0,0,0,0,2,1,0,2,1,0,15,253,251,254,253,252,254,253,254,253,254,237,58,0,0,0,0,0,0,1,0,0,0,2,2,0,0,1,1,15,153,252,254,252,253,254,231,178,119,13,0,0,1,0,1,1,0,0,0,0,0,2,0,0,0,0,0,0,12,89,123,162,89,89,59,0,1,0,0,0,0,0,0,0,1,0,0,1,0,0,0,0,1,0,0,2,0,0,0,0,0,0,1,0,0,0,1,0,0,0,1,0,0,1,1,1,0,0,0,2,0,0,0,0,0,0,0,0,0,0,0,0,0,0,0,2,1,0,0,0,0,0,0,1,0,0,0,1,0,0,1,1,1,0,0,0,1,2,0,0,0,0,0,0,1,0,0,0,0,0,0,1,0,1,2,0,1,0,1,0,1,0,0,0,1,0,0,1,1,1,2,1,0,0,0,0,1,0,0,3,0,0,0,1,0,1,2,0,0,1,1,0,0,1,1,1,0,0,0,0,1,0,0,0,0,0,0,1
0,1,1,1,0,1,0,0,0,0,1,0,0,1,1,1,0,0,0,0,1,1,0,1,1,0,0,2,0,0,1,0,1,1,0,0,2,0,0,0,0,0,0,0,1,0,0,0,0,2,0,0,1,2,0,0,2,0,0,0,0,0,0,1,1,0,0,0,0,0,0,2,0,1,0,0,1,0,0,0,0,1,0,1,1,1,0,0,0,0,0,0,0,0,2,1,0,0,0,0,1,1,0,1,1,0,0,0,2,0,0,1,0,0,1,1,0,1,0,1,2,1,1,0,0,0,0,0,1,2,2,55,237,134,0,0,0,0,0,0,0,0,2,0,1,0,1,0,1,0,0,0,0,0,0,1,0,1,0,155,255,85,0,1,2,0,2,1,0,0,0,0,0,1,0,0,0,0,0,0,0,1,0,0,0,1,33,241,245,44,0,0,2,1,0,0,1,2,0,2,0,0,0,0,0,0,0,1,1,0,0,2,0,3,194,254,169,1,1,0,1,0,1,0,0,0,0,1,0,2,0,0,3,0,0,0,0,0,0,0,0,78,255,209,27,0,0,1,0,0,0,2,0,0,1,1,0,0,0,0,0,0,0,0,1,1,0,0,1,162,255,147,0,2,0,0,0,0,0,0,1,0,0,0,0,0,0,1,1,0,0,0,1,1,0,0,59,238,253,81,0,0,0,0,0,0,0,1,0,0,1,0,0,1,0,0,0,0,0,0,2,0,0,61,203,254,159,0,0,0,1,1,0,0,0,0,0,0,1,0,2,0,1,2,0,0,0,1,0,0,13,206,255,200,13,0,0,1,0,0,0,0,3,0,0,0,0,0,0,0,1,0,0,1,0,0,0,12,185,252,204,61,1,0,1,0,0,0,0,0,1,0,1,0,0,1,0,0,0,0,0,1,0,0,2,180,255,237,58,0,0,2,0,0,0,0,0,2,0,0,0,0,0,1,0,0,1,0,0,1,0,0,115,250,255,54,1,0,0,0,0,0,0,1,0,0,0,0,0,0,3,0,0,0,0,1,2,0,1,39,251,253,139,0,0,1,1,2,0,0,0,2,0,0,1,1,0,0,1,0,1,0,0,0,0,2,13,228,254,133,1,1,1,0,2,1,0,0,0,0,2,0,0,2,1,0,2,0,0,0,0,0,0,9,166,255,204,17,1,0,0,0,0,0,0,0,0,0,0,0,0,0,1,0,0,1,0,1,1,0,0,97,253,253,26,0,0,0,0,0,0,0,1,0,1,0,0,0,0,0,0,1,0,0,0,0,0,0,54,249,253,161,3,0,0,0,0,1,1,1,0,1,0,1,0,0,0,0,0,0,0,1,0,0,0,0,165,254,179,4,0,0,0,0,0,2,0,1,0,0,0,0,0,2,0,0,0,1,0,1,0,1,2,9,240,253,139,0,1,0,0,0,0,0,1,0,1,0,1,0,1,0,0,1,1,0,0,1,1,0,0,4,187,202,54,1,2,2,0,1,0,0,0,0,0,0,0,0,0,0,0,0,0,0,1,0,0,1,0,1,1,0,2,1,2,0,0,0,0,0,2,1,1,0,0,0,0,0,1,1,0,2,0,1,0,0,0,2,0,0,0,0,1,0,0,0,3,0,0,0,0,0,1,0,0,0,0,0,1,0,0,0,1,1,0,0,2,0,0,0,0,1,0,0,0,3,0,1,0,0,0,0,1,0,0,0,1,1,1,0,0,0,1,0,1,0,0,0,0,0,0,0,1,0,0,0,0,0,0,1,0,1,2,1
0,1,0,0,0,2,2,0,0,0,0,0,0,1,0,0,1,0,1,0,0,1,0,0,2,1,0,1,1,0,1,0,1,0,0,1,1,0,0,1,1,2,0,1,0,0,1,0,0,2,0,1,0,0,0,2,0,0,0,1,1,0,0,0,0,1,0,0,0,0,1,0,0,2,1,0,0,1,1,0,0,0,0,0,0,0,0,0,0,0,1,0,0,1,0,1,1,1,0,2,0,0,1,0,0,0,1,0,0,0,0,2,1,1,0,0,0,0,0,0,0,0,0,0,1,0,0,0,0,0,1,0,0,0,0,0,1,0,0,0,1,0,1,1,1,2,0,0,0,0,0,0,0,0,5,12,133,132,192,134,132,134,31,0,0,2,0,0,0,1,0,1,0,2,0,0,0,0,0,0,1,127,193,254,252,252,251,254,252,253,217,20,0,0,0,0,0,1,0,0,0,0,0,0,0,0,0,0,71,241,253,253,220,147,96,95,97,216,252,36,0,0,0,0,2,0,1,2,0,2,3,0,0,1,0,48,238,254,180,83,0,0,0,1,12,205,175,12,0,0,1,0,1,0,0,0,1,0,0,0,0,0,0,73,253,253,59,1,0,0,1,1,18,72,14,0,1,1,1,0,0,0,1,1,2,0,1,0,1,0,0,73,252,252,24,0,1,0,10,73,72,166,72,2,0,1,0,1,0,0,0,0,3,0,0,0,0,1,1,73,253,254,100,85,90,207,212,253,253,254,128,1,1,0,0,1,1,1,0,0,0,0,1,0,1,0,0,71,254,253,252,253,255,255,253,188,157,120,7,0,0,1,0,0,1,0,0,1,0,0,1,1,0,0,29,151,253,255,251,252,144,75,25,7,0,0,0,0,0,1,0,1,0,0,2,0,0,0,1,0,0,25,211,254,252,252,254,137,0,2,2,0,0,0,0,0,0,0,0,0,1,0,0,0,1,1,0,0,3,175,255,252,243,253,255,132,0,0,0,1,1,0,0,1,0,2,0,0,1,0,2,1,0,1,0,0,38,255,246,104,0,219,255,133,0,2,1,0,2,0,0,0,0,0,0,0,0,0,0,0,0,0,0,1,36,252,193,1,0,220,253,132,1,1,1,0,0,0,0,0,0,1,3,0,0,0,2,0,0,0,0,0,39,253,234,41,0,218,253,132,0,1,0,0,0,2,0,0,0,0,0,0,0,0,0,0,0,2,0,2,36,254,253,146,0,216,253,131,0,1,0,1,0,0,4,0,0,0,0,0,0,1,0,0,0,0,1,0,11,189,252,179,65,244,252,99,2,0,0,1,0,0,0,0,2,2,0,0,0,1,1,2,2,1,1,0,0,130,254,206,199,252,162,1,1,1,0,0,0,1,0,0,0,1,0,0,0,0,0,0,0,0,0,0,0,30,225,252,254,252,143,2,0,0,0,0,0,0,1,0,0,0,1,0,1,0,0,2,0,0,1,0,0,0,181,254,253,210,26,0,3,0,1,1,1,0,0,0,2,1,0,1,0,0,0,1,1,1,0,0,1,0,36,225,213,24,0,1,0,0,0,0,0,1,0,0,2,0,0,2,0,2,0,0,0,0,1,0,0,0,0,2,0,0,0,0,0,0,2,0,0,1,1,1,0,0,0,1,1,2,1,1,0,0,0,1,1,0,2,1,1,0,0,0,0,0,0,0,0,0,1,0,0,0,0,0,2,1,0,0,0,0,0,1,0,0,0,1,0,2,0,1,0,0,0,2,0,0,0,2,0,0,0,1
0,0,0,2,0,0,0,1,2,1,0,0,0,2,2,0,0,0,0,0,1,0,2,1,0,0,0,2,0,0,2,1,0,3,0,0,1,0,0,0,0,1,0,0,0,0,0,0,0,0,0,0,0,0,0,0,1,0,0,0,0,1,0,0,0,0,0,0,1,0,0,0,1,2,0,0,1,0,0,1,0,0,0,0,0,0,0,3,0,0,0,1,1,0,0,1,0,2,0,1,0,0,0,0,0,0,0,0,1,1,0,0,1,0,0,0,1,1,0,1,0,0,1,0,1,0,0,0,1,1,0,0,0,0,0,1,0,1,0,0,2,1,0,1,2,1,0,0,0,1,1,0,0,1,1,22,11,39,69,146,165,253,251,145,0,0,0,1,1,0,1,0,0,0,0,0,1,1,0,101,190,192,146,228,204,246,251,251,254,252,252,191,0,0,1,1,0,0,2,1,1,1,1,1,0,1,21,221,253,252,252,252,250,251,253,252,232,231,167,16,0,0,0,0,0,1,0,0,0,0,0,0,0,0,137,252,251,251,252,242,189,188,163,84,0,0,1,2,0,1,0,1,0,0,1,1,0,0,0,0,0,0,253,251,253,156,41,35,0,0,0,1,0,0,1,0,1,0,1,0,0,0,0,0,0,0,0,2,0,63,254,255,187,0,0,0,0,0,0,0,1,0,0,0,0,0,0,0,0,0,0,0,2,0,1,1,21,199,253,252,245,190,104,85,22,0,0,0,0,0,0,3,1,1,1,0,0,0,0,0,0,0,0,10,202,251,253,252,252,252,252,254,238,178,101,6,0,0,0,0,0,1,1,0,0,0,0,0,0,0,0,16,230,253,253,252,252,252,251,254,251,251,252,138,0,1,0,1,2,0,2,1,0,0,0,0,0,0,0,0,170,253,253,173,48,43,43,104,182,253,251,252,1,0,0,0,0,0,0,0,0,0,1,1,2,1,0,0,27,150,107,26,0,0,1,0,1,154,253,254,61,0,2,0,0,0,0,1,0,1,0,2,0,1,1,0,0,0,0,0,1,2,1,0,1,101,252,254,106,1,0,0,0,0,0,0,0,2,1,0,0,0,0,0,0,0,2,0,0,1,0,0,0,126,252,253,96,0,0,0,1,0,0,0,1,0,1,0,0,1,1,0,0,0,1,1,1,0,0,0,0,154,253,254,0,0,1,0,0,0,0,0,0,0,0,1,1,1,80,9,0,2,1,0,0,0,0,0,117,249,251,165,0,0,0,0,0,0,0,0,2,0,0,1,2,0,192,143,0,0,1,2,0,0,1,61,229,253,216,18,0,1,0,0,1,0,0,0,2,1,1,0,0,0,190,247,97,0,0,0,0,0,71,251,251,253,153,1,0,1,0,0,0,0,0,0,0,2,2,0,1,1,51,233,245,146,66,21,30,153,249,252,252,129,7,1,1,1,1,2,0,0,0,1,0,0,0,0,2,0,0,54,231,250,254,251,254,253,252,244,108,8,0,0,1,0,0,0,0,0,1,0,0,1,1,0,1,0,0,0,30,131,254,253,253,252,163,35,0,0,1,0,1,0,2,0,1,0,0,1,0,0,0,2,1,1,0,1,0,0,0,0,1,1,0,1,0,0,0,0,0,0,0,0,0,0,0,0,0,0,1,1,0,1,1,0,0,0,1,0,0,1,1,1,0,0,1,0,0,0,0,0,1,0,0,0,0,0,1,1,1,0,0,1,0,0,2,0,1,1,0,1,0,0,0,0,0,0,1,0,0,0,0,0
1,1,0,0,0,0,0,0,0,0,0,0,1,0,0,0,0,0,1,0,0,1,0,1,1,1,0,0,0,0,0,0,0,0,1,1,2,1,1,0,1,0,1,1,0,0,2,0,1,0,0,0,0,0,0,1,0,1,0,2,0,1,0,0,0,0,1,0,0,1,0,0,0,1,0,0,1,0,0,0,0,0,1,0,1,0,1,0,2,1,0,1,0,0,0,0,0,0,1,0,0,1,0,0,1,1,0,1,2,0,0,0,1,1,0,0,0,0,0,0,0,0,0,0,1,0,0,0,0,1,0,0,0,0,0,0,0,0,0,0,0,0,1,0,0,0,0,1,0,0,0,0,2,0,30,242,75,1,0,0,0,1,2,0,0,0,0,1,0,1,3,0,0,0,0,0,1,1,0,0,0,0,43,255,134,0,0,0,1,2,1,0,1,0,1,0,0,0,0,1,1,0,0,1,0,0,2,0,1,0,70,254,132,0,0,0,1,1,0,0,0,0,0,0,0,0,1,2,0,2,1,1,0,1,0,1,1,0,131,254,133,0,0,0,0,0,1,0,0,0,0,0,0,0,0,0,0,0,0,0,0,0,0,1,0,0,131,254,55,0,0,0,1,0,0,0,0,0,0,0,1,0,0,1,0,0,1,0,0,0,0,1,2,0,128,232,20,0,0,0,0,1,0,0,0,1,0,0,1,1,0,1,1,0,0,1,0,0,0,0,0,0,130,213,0,0,0,2,0,2,0,0,0,0,1,0,0,1,0,0,0,0,0,0,1,0,2,2,1,0,128,139,1,2,0,0,1,2,1,1,1,1,1,1,1,0,0,0,1,0,1,0,0,0,0,3,1,0,147,130,0,0,1,2,0,0,0,0,1,0,0,0,0,0,0,0,0,0,0,1,0,0,0,0,0,1,218,129,0,0,1,0,1,1,0,1,0,0,0,1,0,1,2,1,0,1,0,0,1,0,0,0,1,0,218,130,1,0,0,0,1,0,0,0,0,0,2,0,0,0,0,0,1,0,0,0,0,0,2,0,1,0,216,60,2,0,0,1,1,0,0,0,0,0,0,0,1,1,0,0,0,1,1,1,0,0,0,1,1,1,158,83,0,2,0,1,0,1,0,0,0,1,0,1,0,0,1,1,0,0,1,0,0,0,0,0,0,0,215,128,2,0,0,0,0,0,0,1,0,0,1,0,0,0,1,0,1,0,2,1,0,1,0,1,0,20,232,127,0,0,0,2,0,0,0,0,0,0,1,0,0,0,0,1,0,0,2,0,1,0,2,0,1,50,255,127,0,2,0,0,0,1,0,0,0,0,2,1,0,0,1,1,0,0,0,0,1,0,0,0,0,112,253,130,0,1,1,0,1,0,0,0,0,1,0,0,0,0,0,0,0,1,0,1,0,1,0,1,0,134,253,128,0,1,1,0,0,0,1,1,0,0,0,0,0,0,0,0,0,0,0,0,1,2,0,1,0,104,255,68,0,0,0,0,0,2,0,1,0,0,0,0,1,0,0,0,1,1,0,0,0,0,0,0,1,48,210,28,0,2,1,0,0,0,0,0,1,0,0,0,0,0,1,0,1,0,1,1,0,0,0,0,0,3,0,0,0,0,0,0,0,1,0,0,0,2,0,0,0,1,1,1,0,0,0,0,1,0,2,0,1,1,0,1,0,0,0,0,0,2,1,0,0,0,0,0,1,0,0,1,1,0,0,2,0,1,1,2,0,0,0,0,0,1,0,2,1,1,2,1,0,0,0,1
0,0,0,1,0,0,0,0,0,1,0,1,0,0,1,0,0,1,1,0,1,0,0,2,0,0,1,2,1,1,0,1,0,0,0,0,0,0,0,0,1,0,1,1,0,0,0,0,0,0,0,0,0,0,0,2,0,0,0,0,0,1,0,0,0,0,1,2,1,2,1,1,0,0,2,0,1,1,1,0,2,1,2,0,0,0,0,1,0,0,1,1,0,0,0,1,0,0,1,1,0,0,1,0,2,0,0,0,0,0,1,1,0,0,0,1,0,0,1,0,0,0,1,1,0,0,1,0,1,0,1,0,1,0,0,0,0,0,0,0,2,0,0,0,0,0,1,1,0,1,0,0,1,0,0,1,2,0,0,0,0,0,1,0,1,1,0,0,1,1,0,0,0,0,0,1,1,1,0,0,2,0,2,0,68,192,95,0,0,0,0,1,2,0,0,0,0,0,1,0,1,1,0,0,0,0,2,0,1,0,0,3,177,254,151,1,0,1,0,1,0,0,0,0,0,0,0,58,84,0,2,0,0,1,0,1,0,1,0,45,254,255,152,0,0,2,0,1,0,0,1,0,0,0,1,105,219,60,9,0,0,0,0,0,0,1,0,129,254,245,84,0,0,0,0,0,1,0,0,0,0,0,0,17,168,254,222,216,159,121,53,26,31,120,137,247,253,171,0,1,0,0,0,2,1,0,0,0,1,1,0,0,0,94,209,255,254,254,253,254,252,254,255,252,255,118,1,1,0,0,0,0,0,0,0,0,0,0,0,1,1,1,3,8,47,53,106,106,105,106,54,147,255,120,0,0,1,0,0,2,0,0,0,0,0,1,0,0,0,1,0,0,0,0,0,1,2,1,0,108,253,120,2,0,0,1,2,0,0,0,0,0,0,0,0,0,1,0,0,0,1,0,0,0,0,0,0,107,252,120,0,1,0,0,0,1,0,0,0,1,0,2,2,1,0,0,0,2,0,0,0,0,0,1,0,105,254,120,0,0,0,0,0,2,2,0,0,1,0,1,0,0,1,1,1,0,0,0,0,0,0,0,0,29,255,127,1,1,0,0,0,0,0,0,0,0,0,0,0,0,0,0,1,0,0,0,0,0,0,0,0,9,252,217,0,1,0,0,0,0,0,0,0,1,0,0,1,1,0,0,2,0,0,0,2,0,0,0,0,3,175,217,1,0,0,0,0,0,0,0,0,0,0,0,2,0,0,1,1,0,0,1,0,0,0,0,0,0,167,216,0,1,0,0,0,0,1,0,1,1,0,1,1,1,0,2,0,0,0,0,0,0,0,1,0,0,169,227,16,1,0,0,0,0,0,0,0,0,0,1,2,0,0,0,1,1,0,0,1,1,0,1,0,1,155,255,73,2,0,2,0,0,0,0,1,1,1,0,0,0,0,1,2,0,0,0,1,1,0,0,0,0,73,255,228,28,13,1,0,1,0,1,0,2,0,0,0,0,0,2,0,0,1,0,0,0,1,0,2,0,26,240,254,188,29,1,0,0,0,0,0,0,1,0,2,1,1,1,1,0,1,0,0,0,0,0,0,0,0,219,255,252,29,0,1,0,0,1,0,1,0,0,1,1,0,0,0,0,0,2,2,1,0,1,0,0,0,63,254,230,19,1,0,0,1,2,0,0,0,0,1,0,0,1,0,1,0,0,0,1,2,1,0,0,0,0,1,0,0,0,0,0,0,0,0,0,0,0,0,0,2,0,0,0,0,1,1,0,1,0,1,0,0,0,1,0,0,0,0,0,0,0,0,1
0,0,0,0,0,1,1,0,1,0,1,1,0,0,0,2,0,0,0,0,0,2,0,0,0,0,1,0,0,0,1,0,0,0,0,2,1,1,1,0,0,0,0,0,1,0,0,1,0,1,0,0,1,0,0,1,0,0,0,0,0,0,1,1,0,0,0,1,2,0,0,0,3,1,0,0,0,0,0,1,1,0,0,1,0,1,1,1,0,0,0,0,0,0,0,0,0,0,0,0,0,0,0,0,0,0,1,0,0,1,0,1,1,0,0,0,0,0,1,3,1,0,0,1,1,0,1,2,0,0,2,0,1,1,0,1,0,0,1,0,1,0,0,0,0,0,0,0,0,1,0,1,0,8,38,5,9,166,253,227,25,1,0,0,0,0,0,0,0,0,0,0,1,0,2,0,0,0,0,1,4,161,253,96,136,252,245,198,42,0,0,0,0,0,0,0,1,0,0,0,0,0,0,0,2,1,2,89,215,252,252,77,167,252,226,7,102,1,0,0,1,0,1,0,0,0,1,1,1,1,0,0,1,27,214,253,251,188,65,0,167,254,227,0,110,0,0,0,0,0,0,0,1,1,0,1,0,0,0,0,62,217,252,255,125,0,0,7,194,252,146,20,88,0,0,0,0,0,1,0,0,2,0,0,0,1,0,27,208,252,252,77,3,1,0,22,254,252,130,200,88,0,0,0,1,1,2,0,0,1,0,0,0,0,1,151,252,253,119,1,0,0,0,89,254,254,211,241,34,0,2,0,0,1,1,0,0,0,1,1,1,1,4,230,254,242,2,2,0,1,0,167,253,251,242,125,0,0,1,0,0,0,1,0,0,0,0,1,0,0,7,249,251,248,58,4,0,0,6,238,252,252,173,0,0,0,0,0,1,2,0,0,0,0,0,0,1,0,0,151,254,253,253,184,162,162,194,254,253,233,46,0,0,0,0,0,0,0,0,0,2,0,0,0,0,1,0,52,192,252,253,254,252,253,252,251,253,158,0,0,0,1,0,0,0,1,0,0,1,0,0,1,0,0,0,2,5,22,122,207,178,125,180,253,253,205,5,0,1,0,0,0,0,0,0,0,0,0,0,0,0,0,0,0,2,0,0,0,1,0,200,255,252,253,10,0,1,0,1,0,1,1,1,0,0,0,0,0,1,1,0,0,0,0,3,0,0,0,200,251,253,131,3,0,0,0,0,0,1,0,0,1,3,0,1,1,0,0,0,0,1,0,0,0,0,53,252,254,252,47,3,21,0,1,0,0,0,1,0,0,0,0,0,0,1,0,0,0,2,2,0,0,0,54,253,252,253,49,82,190,0,0,0,0,1,1,1,1,0,0,2,0,0,0,2,0,1,1,0,0,2,56,253,254,251,218,242,69,1,0,0,1,0,0,1,0,0,1,0,1,0,1,0,0,0,0,0,0,2,56,253,254,254,253,152,1,0,0,1,0,0,2,2,0,0,0,0,0,0,0,1,0,0,0,0,0,1,54,253,253,254,184,2,0,2,0,2,0,1,0,0,1,0,1,0,0,0,0,0,1,0,1,1,0,0,10,162,254,228,43,0,0,0,0,0,0,0,0,0,1,1,0,1,0,1,0,0,0,0,0,2,2,0,0,0,0,2,0,0,0,0,0,0,0,1,0,0,1,0,1,0,0,0,0,1,0,0,0,0,3,0,0,0,0,0,0,1,0,0,0,0,0,0,0,1,0,0,0,0,0,0,0,0,0,0,1,0,0,2,0,0,0,0,0,0,0,0,0,0,0,0,2,0,0
0,0,1,3,1,0,0,0,1,1,0,1,0,1,0,1,1,1,2,0,2,1,1,0,0,0,2,0,0,2,0,0,0,0,0,1,0,0,0,0,0,1,0,0,1,2,2,1,1,1,0,0,1,2,0,2,0,0,1,0,1,1,2,0,0,0,0,0,1,0,2,1,3,0,0,0,0,0,0,0,1,0,0,0,0,0,1,1,1,0,0,0,1,0,0,0,1,1,0,0,1,0,0,0,0,1,1,2,0,0,0,0,0,0,0,1,0,0,1,0,0,0,1,0,1,1,0,1,0,0,2,0,0,0,0,2,0,2,1,0,1,0,0,0,88,222,254,23,0,0,0,0,0,0,1,0,0,0,0,0,0,1,2,0,1,0,1,1,0,0,1,15,219,252,236,18,0,2,1,0,0,2,0,0,0,1,0,1,0,0,0,0,1,0,0,0,1,0,1,109,252,252,160,0,1,0,0,0,0,2,0,0,0,1,0,0,0,0,2,0,1,0,0,0,0,0,0,138,253,251,163,0,0,0,0,0,0,1,0,0,0,2,0,0,0,1,0,0,0,0,0,0,1,1,0,137,252,252,201,12,0,0,1,0,0,0,0,0,0,0,0,74,199,189,11,0,0,1,0,0,0,0,0,76,253,254,254,25,0,0,0,1,0,0,0,0,0,0,0,162,255,253,22,1,1,0,0,0,0,1,0,12,195,251,251,117,22,1,0,0,0,0,0,0,0,0,0,163,249,251,22,2,1,1,0,0,0,0,0,0,64,234,252,253,152,26,0,0,1,0,0,1,0,1,0,161,251,253,20,0,1,0,1,0,0,1,0,0,0,64,236,253,252,202,93,17,1,0,0,0,0,0,104,235,250,251,23,1,1,0,0,0,0,1,0,0,0,2,61,243,253,253,250,236,178,116,42,84,160,232,252,253,252,253,22,0,2,1,0,0,1,0,0,0,0,0,2,53,180,234,253,254,255,253,254,253,254,255,245,254,253,252,21,0,0,0,2,1,1,0,0,0,0,0,2,0,1,17,91,92,143,206,215,217,165,93,65,252,253,251,21,0,0,0,1,0,1,0,0,1,1,0,0,0,2,1,1,0,0,0,13,21,0,1,24,252,252,252,23,0,1,0,0,1,0,0,0,0,1,0,0,0,0,0,1,1,2,0,0,0,1,0,23,253,252,252,24,1,0,0,0,0,0,0,0,0,0,0,0,0,0,1,2,1,0,0,0,0,0,0,24,252,252,253,22,1,0,2,0,0,1,0,2,1,0,0,0,0,2,0,0,0,0,0,1,0,0,2,24,253,252,253,23,0,0,0,2,0,0,1,0,0,2,0,1,0,0,0,1,0,0,0,0,0,0,0,20,238,252,252,25,2,0,0,0,0,0,0,0,0,0,0,0,0,0,0,0,0,1,0,0,2,0,0,0,160,252,251,21,0,0,0,1,0,0,0,0,0,0,0,1,0,0,0,0,0,0,0,1,0,0,0,0,160,249,252,21,0,1,1,0,0,1,0,2,0,0,0,0,0,0,0,1,0,0,0,1,0,0,0,0,57,253,253,22,0,1,0,0,1,0,2,0,0,0,0,0,0,1,0,0,0,0,0,1,2,0,0,0,0,1,1,1,0,0,0,1,0,0,1,0,0,2,0,0,0,2,0,2,1,0,0,0,0,0,1,1,0,0,0,0,1,1,0,0,1,0,0,0,0,1,0,1,1,0,1,0,1,0,0,0,0,0,1,1,1,1,0,0,0,0,0,0,1
0,0,3,0,0,1,0,0,1,0,0,0,0,1,1,0,0,0,0,0,0,2,0,0,1,0,0,0,0,1,0,0,0,1,0,1,0,0,1,0,0,1,2,0,2,0,2,1,0,0,1,0,0,0,0,0,2,0,1,0,0,1,1,0,0,0,1,37,171,110,1,0,1,1,0,0,0,0,0,0,0,0,0,0,2,2,1,0,2,0,0,0,2,0,5,178,252,87,0,0,0,0,0,0,0,2,0,1,1,1,1,0,3,0,1,0,0,0,0,0,0,0,109,252,251,100,0,0,0,1,0,0,0,1,0,1,0,0,2,0,0,0,0,1,0,0,2,0,0,0,233,252,227,30,1,0,1,2,0,0,0,0,0,0,0,0,1,0,0,0,0,0,0,0,0,1,0,53,254,252,129,0,1,0,0,1,0,0,0,0,1,1,0,0,0,0,1,0,2,1,0,2,1,0,9,234,254,229,31,2,0,1,1,1,0,1,2,1,1,0,1,0,1,1,2,0,0,1,0,0,0,0,94,253,251,186,0,0,0,1,1,0,0,0,0,0,0,0,0,1,0,0,0,0,1,0,0,0,1,2,123,252,253,92,0,0,1,0,0,0,0,0,0,1,1,0,1,2,0,0,0,0,1,0,0,1,0,0,207,250,245,57,1,1,0,0,1,0,0,0,1,0,0,0,0,2,0,1,0,1,2,0,0,0,0,64,247,250,229,1,2,0,0,0,74,115,116,117,1,0,0,0,1,0,1,0,2,0,0,0,2,0,0,70,255,252,116,0,2,6,75,149,254,254,252,254,11,0,0,0,3,1,0,1,0,0,0,0,0,2,1,71,250,252,115,0,33,174,251,253,252,253,253,251,194,18,1,0,0,0,0,0,0,1,0,0,1,0,2,18,220,253,146,67,233,254,251,253,241,183,240,251,253,92,0,1,1,0,0,1,0,1,0,3,0,1,0,0,207,251,250,238,252,252,210,46,38,0,78,202,253,201,26,0,1,3,0,0,0,0,1,0,0,1,0,1,100,254,253,253,252,119,12,0,0,1,0,223,253,251,70,2,1,0,0,0,0,1,0,0,0,0,1,0,44,240,255,253,222,25,1,1,0,8,109,252,254,197,1,1,1,1,0,0,0,0,0,0,0,0,0,0,1,209,255,253,252,135,48,47,119,186,252,251,253,91,1,1,0,1,0,2,1,0,0,1,1,0,1,0,1,33,168,253,251,251,251,253,250,251,252,252,123,24,1,0,1,0,1,0,0,0,2,0,0,0,0,0,0,1,35,217,252,252,253,252,253,251,218,160,2,0,0,1,0,0,1,0,0,0,0,0,0,0,0,0,0,0,0,38,139,136,190,252,178,54,11,0,1,2,0,0,0,0,0,0,0,1,0,0,2,0,0,1,0,2,0,0,0,0,1,1,1,0,0,0,1,1,0,0,0,0,2,1,0,0,0,0,0,0,0,1,0,2,1,0,0,0,0,0,0,1,0,0,0,0,1,1,0,1,0,0,0,2,0,1,0,0,1,0,0,0,0,0,1,0,0,0,2,0,0,0,0,0,0,1,0,1,0,0,0,0,0,1,0,3,0,0,0,1,2,0,0,0,0,0,0,0,1,1,0,0,0,0,0,1,0,1,0,0,0,0,1,0,1,0,2,0,0,0,0,0,0,0,0,1,0,0,0,0,0,0,0,1,0,0,1,0,0,0,0,0,0,0,0,1,1,2,0,0,0,0,0,0,0,0,0,2,1,1,2,0,0,0
1,0,0,0,0,0,0,0,1,0,0,0,0,2,0,0,0,0,0,0,1,0,0,0,0,0,1,0,1,0,0,0,0,0,0,0,0,0,2,0,0,1,0,2,0,0,0,0,0,0,0,0,1,0,0,0,1,0,0,0,0,1,1,0,1,1,0,0,1,0,0,0,0,0,0,1,0,0,0,1,0,0,0,0,1,1,0,0,0,0,0,0,0,0,0,2,0,0,0,1,0,0,0,0,0,0,0,2,0,0,1,0,1,0,0,0,0,0,1,0,0,0,0,1,3,0,0,0,1,0,1,0,0,0,0,0,0,0,0,0,0,1,1,2,1,1,0,0,0,2,0,41,72,193,214,172,151,153,41,0,0,0,0,0,0,0,0,0,1,1,0,0,0,0,0,0,22,101,201,242,253,253,254,252,253,252,243,41,0,0,1,0,0,2,0,0,0,0,2,1,0,22,71,195,255,252,255,233,143,101,103,101,163,222,254,150,0,0,0,0,0,1,1,1,0,0,0,0,1,184,252,251,255,171,91,31,1,0,0,0,1,102,253,233,0,1,0,0,1,0,0,1,0,2,0,0,130,254,224,121,39,0,0,0,0,2,0,0,0,102,253,252,0,0,0,1,0,1,2,0,2,0,0,122,254,211,20,0,0,0,0,0,1,1,0,1,1,102,252,252,0,0,1,1,0,1,0,0,1,0,0,183,254,132,1,1,0,0,0,1,0,1,0,0,1,103,253,253,0,0,0,0,0,0,0,0,0,0,0,20,153,30,0,0,0,0,1,0,0,1,0,1,0,103,253,252,0,0,0,0,0,0,0,0,1,0,0,0,0,0,0,0,0,1,1,0,0,0,0,3,1,201,253,232,1,0,1,1,0,2,0,2,1,1,0,0,1,1,0,1,0,0,0,1,0,0,0,0,42,241,253,110,0,0,0,1,0,1,1,0,0,0,1,1,0,0,0,0,0,0,2,0,0,0,0,0,152,252,203,0,0,0,0,0,0,0,1,0,0,0,1,0,0,1,0,0,0,1,0,0,0,0,1,82,233,250,122,0,0,1,2,0,1,0,1,1,0,0,0,0,0,0,0,0,1,0,0,0,1,0,51,233,252,132,1,0,0,0,0,0,0,0,2,2,1,0,0,0,1,2,0,0,0,1,1,0,2,0,232,252,211,10,1,0,1,1,1,0,0,1,0,1,0,1,0,0,1,0,2,0,0,0,0,0,11,174,255,231,42,0,0,1,0,0,0,1,0,1,1,1,0,0,0,0,0,0,2,0,2,1,0,0,171,252,253,69,0,1,1,1,0,0,2,0,0,0,1,1,0,2,1,0,1,0,2,1,0,0,2,122,255,253,142,0,0,1,0,1,0,0,0,1,2,0,0,0,0,0,2,1,0,0,0,1,0,1,43,244,253,251,203,102,164,203,203,202,164,2,0,0,1,0,0,1,0,0,0,0,0,0,0,0,0,0,0,123,253,253,253,252,253,254,255,253,183,0,0,0,0,1,0,0,0,2,0,0,1,0,0,0,2,0,0,0,50,50,111,150,253,253,192,153,21,0,2,0,0,0,1,0,0,0,0,0,0,0,1,0,1,1,3,0,1,1,0,1,0,0,0,0,0,0,0,0,0,1,1,0,0,0,0,0,0,0,0,0,1,1,0,1,1,0,0,2,0,0,0,0,0,0,2,2,1,1,0,2,0,0,0,1,2,0,0,1,1,0,1,0,0,0,0,0,0,0,0,2,0,0,0,0,0,0,0,0
1,0,0,1,2,0,0,1,1,1,0,0,0,0,2,0,1,0,0,0,0,0,0,0,1,0,1,0,0,0,1,0,0,0,0,0,1,0,0,1,1,1,0,0,1,0,0,1,1,1,1,1,1,0,0,1,0,0,1,0,1,1,0,0,0,0,0,1,0,0,0,0,0,0,0,2,0,0,1,0,0,1,0,1,0,0,0,0,1,1,0,0,14,150,254,253,255,236,109,3,0,0,0,0,0,2,0,1,0,0,0,0,1,0,1,0,0,2,0,0,178,253,252,252,253,253,253,112,1,0,0,3,1,0,1,0,0,0,1,0,0,0,0,0,0,0,0,0,128,198,82,43,43,44,198,237,0,0,1,1,0,1,1,0,1,2,0,0,2,1,1,0,0,0,0,0,1,6,1,1,0,0,81,252,0,0,1,0,0,0,0,0,0,2,0,0,0,0,0,0,2,0,0,0,0,1,0,0,0,0,77,252,0,0,0,1,0,0,1,1,1,0,0,1,0,1,2,0,3,1,2,0,0,1,0,1,1,0,79,253,0,0,1,0,0,0,0,1,0,2,0,1,2,0,0,0,3,1,0,0,1,1,0,0,0,0,79,253,0,0,0,0,1,0,1,2,0,0,1,0,2,0,0,0,0,2,0,1,1,1,0,0,0,0,145,253,0,0,0,0,0,0,0,1,0,1,1,1,0,0,1,1,0,0,0,1,0,0,0,0,0,14,209,252,0,1,0,0,0,0,1,1,1,0,2,1,2,1,2,0,1,0,1,0,0,1,0,0,0,46,254,207,0,0,1,0,3,0,0,0,0,2,1,0,0,0,0,1,1,0,0,0,0,0,2,0,0,155,253,145,0,0,0,0,0,0,1,0,0,2,0,1,1,1,0,1,1,1,0,0,0,0,1,2,0,155,255,67,1,1,0,0,0,0,1,0,0,1,0,0,1,0,0,0,0,1,0,0,0,0,0,0,11,237,223,19,1,1,1,0,0,2,0,0,0,0,0,0,0,0,1,0,0,0,1,0,1,0,0,1,175,252,176,1,0,1,1,0,1,1,0,0,1,1,0,1,1,0,1,0,1,0,0,0,1,1,0,19,238,243,90,1,2,1,1,0,0,0,1,0,1,0,1,2,0,1,0,0,0,0,1,0,0,0,0,174,254,168,1,0,0,0,34,90,89,139,139,116,1,0,2,1,1,0,0,0,0,0,0,1,0,0,58,250,253,174,120,121,234,231,241,254,252,254,253,205,0,0,0,0,0,0,0,1,0,0,0,0,0,34,217,252,252,254,251,253,255,253,236,199,100,100,195,39,0,0,0,0,0,1,0,1,1,0,0,0,0,133,252,253,254,207,175,176,67,65,42,0,0,0,0,0,0,0,0,1,0,0,0,0,2,0,1,0,0,133,255,167,40,13,1,1,0,0,1,0,2,0,1,0,0,0,0,1,0,1,0,0,0,0,0,1,0,2,1,0,1,0,0,0,0,0,3,0,4,0,1,0,0,0,0,0,2,0,1,1,1,0,1,0,1,0,1,0,0,0,0,1,1,0,1,1,2,0,0,0,0,0,0,1,0,1,1,0,0,0,2,0,0,1,0,0,2,0,0,1,1,0,1,0,0,2,0,0,0,0,0,1,1,0,0,1,0,1,0,0,1,0,0,0,1,0,0,1,0,0,2,2,0,0,2,2,0,0,0,0,1,0,0,0,0,0,0,0,0,2,0,0,0,0,0,0,1,1,0,0,0,0,0,0,2,0,1,0
1,0,1,0,0,0,0,1,0,0,0,0,1,0,0,1,0,0,0,0,0,0,2,0,2,0,0,0,0,0,0,1,0,0,1,0,0,0,0,1,0,1,0,0,0,0,0,0,0,1,0,2,2,0,1,0,1,0,0,0,0,0,2,0,1,0,0,0,1,0,0,1,0,1,0,1,0,0,0,0,0,1,0,1,0,0,1,0,0,0,0,0,0,2,0,0,0,1,1,1,0,0,0,0,0,0,0,0,0,0,0,0,2,0,0,0,0,1,0,0,0,0,0,0,2,1,0,0,0,0,0,0,0,1,0,0,0,0,0,0,2,0,0,1,1,0,0,1,0,0,0,0,0,0,1,1,0,25,56,105,153,233,40,0,0,0,0,0,0,0,0,0,0,0,0,0,0,0,1,1,0,9,29,111,172,228,252,254,255,252,148,0,0,2,2,0,0,0,1,1,0,0,1,0,142,163,164,164,165,233,255,253,253,254,253,254,254,254,139,0,0,0,0,1,0,0,3,0,0,0,1,0,220,255,254,253,254,253,254,245,233,148,134,45,34,34,9,1,0,0,0,2,0,1,0,2,1,0,1,3,221,231,127,151,180,102,80,48,0,2,0,0,0,0,0,1,0,1,1,0,0,1,0,2,0,0,0,33,238,179,1,0,0,1,1,0,1,0,0,0,0,1,0,0,0,2,0,0,0,0,0,0,0,1,0,67,253,146,0,0,0,0,0,1,0,0,2,0,0,0,0,0,0,0,0,1,1,0,0,0,1,1,0,82,255,81,1,0,1,1,1,1,0,0,0,1,4,0,0,1,0,0,0,0,0,0,0,0,0,0,2,164,255,79,1,1,1,0,0,1,2,0,0,0,1,0,0,0,0,0,0,0,0,0,1,1,1,0,0,143,252,221,162,250,237,152,150,112,20,1,0,0,0,1,0,0,0,2,0,0,0,0,1,0,0,0,0,65,254,255,254,253,254,255,253,255,224,160,36,0,0,0,0,1,0,0,0,0,0,0,1,0,1,0,0,0,129,194,194,161,95,98,97,136,194,221,227,67,0,0,0,0,1,0,0,0,0,0,0,0,1,1,0,0,0,1,2,0,1,0,0,0,0,64,210,241,40,0,0,2,0,1,1,0,1,0,1,1,1,1,1,0,0,0,0,0,0,0,1,0,0,1,50,246,196,5,0,0,0,0,1,1,0,0,2,1,0,0,0,0,0,0,1,0,0,0,0,0,0,0,5,228,252,21,0,0,0,0,0,0,0,2,1,0,1,0,1,0,1,0,0,0,0,0,2,0,1,0,102,255,255,20,0,2,0,0,2,0,0,0,0,0,0,1,2,0,0,0,0,26,36,35,37,33,35,164,247,253,242,19,0,1,0,0,1,1,1,0,0,0,0,0,0,1,8,158,188,235,255,255,253,253,254,254,254,246,112,0,0,1,1,1,0,0,2,0,0,1,0,0,0,0,16,227,250,255,254,255,252,253,254,253,208,111,0,0,2,0,1,0,0,1,0,0,0,0,0,0,1,1,1,21,63,152,153,155,154,154,194,105,0,0,0,0,1,0,0,1,0,0,0,1,2,1,0,0,1,2,1,0,0,0,0,2,0,1,0,0,1,0,0,1,0,0,0,0,0,0,0,2,1,0,0,1,1,0,0,0,0,0,0,1,0,0,1,2,1,0,0,0,0,0,2,1,0,2,0,0,0,1,0,0,1,1,0,0,1,1,0,0,1,1,0,0,1,0,0,0,0,0,0,0,0,1
0,0,0,1,2,0,1,0,0,0,1,0,0,0,0,0,0,0,0,0,0,1,2,0,0,0,2,1,0,0,0,0,0,0,0,0,0,1,1,0,0,0,1,1,0,1,0,0,0,0,2,0,0,1,1,0,0,3,0,1,0,0,2,0,0,0,0,0,0,0,0,1,1,0,0,0,1,0,0,1,0,0,2,0,0,2,0,1,2,0,0,2,0,1,1,1,1,0,1,0,0,0,0,0,0,1,0,2,1,1,0,0,0,1,0,0,0,0,1,2,0,1,0,0,0,0,1,0,1,1,1,2,1,0,0,1,1,0,2,0,1,0,0,0,0,0,1,1,0,1,0,1,2,4,109,231,252,228,106,19,1,2,0,0,0,1,0,0,1,1,0,0,0,0,0,1,0,1,1,1,0,128,254,252,253,254,253,205,27,2,0,0,0,0,0,2,0,0,0,1,0,0,0,0,0,0,0,2,41,244,251,124,31,33,119,249,175,1,0,0,0,0,0,0,1,0,1,0,0,0,0,0,0,0,0,31,231,252,121,0,0,0,0,181,226,26,0,0,0,0,0,0,0,0,0,0,1,0,2,1,1,2,3,159,254,202,0,0,0,0,0,135,253,40,0,0,0,0,2,0,0,0,0,0,0,0,0,0,0,2,61,252,251,33,0,0,1,0,0,136,254,41,0,1,0,0,2,0,0,0,0,0,0,0,1,0,0,0,139,254,199,6,0,0,0,0,0,135,252,44,0,0,2,0,0,0,0,0,1,0,0,0,0,0,1,29,238,237,65,0,1,0,0,0,0,136,230,29,0,1,1,0,0,0,1,0,0,0,0,0,0,0,0,133,252,206,0,0,0,0,0,0,0,186,187,1,0,0,0,0,2,1,0,0,0,0,0,0,0,0,0,190,252,134,0,0,0,1,0,1,64,249,186,1,0,0,0,0,0,0,0,0,1,0,1,1,0,1,16,213,245,21,0,0,0,1,0,0,182,254,105,0,0,0,0,0,0,0,1,0,0,0,1,0,0,1,45,253,141,0,0,0,2,1,0,5,209,169,8,0,1,0,0,0,0,2,2,1,0,0,0,1,0,0,116,253,133,0,0,0,0,2,0,86,254,121,0,0,1,0,1,1,0,3,0,1,1,1,0,0,1,0,65,254,220,0,1,0,0,0,0,169,253,119,1,1,2,0,0,2,2,0,0,1,1,1,2,0,0,0,43,252,243,0,1,1,1,0,46,250,201,9,1,1,0,0,0,1,0,0,1,0,1,1,1,0,0,0,35,239,243,1,0,0,0,51,243,254,128,2,0,1,0,0,1,0,0,0,0,1,0,1,2,0,0,1,0,144,247,39,0,0,90,248,252,161,9,0,0,0,0,0,1,2,0,1,2,0,2,0,1,1,1,1,0,81,255,230,57,93,253,253,158,1,0,1,0,0,0,0,1,0,1,0,2,0,0,0,1,0,0,0,0,24,207,251,252,254,239,144,3,1,0,0,0,0,0,1,1,1,0,0,0,1,0,0,1,0,0,1,0,0,23,145,227,195,29,0,0,1,0,0,0,0,1,0,0,0,1,1,0,1,2,2,0,2,1,0,0,0,1,3,0,0,0,0,0,2,2,1,0,1,1,1,0,1,0,0,0,0,0,1,1,0,0,0,0,0,0,0,0,1,1,0,0,0,0,0,0,1,2,3,1,0,0,1,1,0,0,0,0,2,0,0,0,0,2,0,1,2,0,0,0,0,1,0,0,0,0,0,0,0,0,1
2,0,2,1,2,0,0,0,0,0,0,0,0,0,0,0,0,0,0,2,1,1,0,0,0,2,0,1,0,0,1,0,1,0,1,1,0,0,0,0,1,0,1,1,0,1,1,0,0,0,3,0,0,0,0,0,0,0,0,1,0,0,0,1,3,0,0,54,232,27,0,0,0,0,0,1,0,0,1,1,0,1,1,0,0,1,0,0,0,0,2,0,0,2,0,88,227,23,0,1,1,0,0,0,1,0,0,1,0,0,1,0,0,0,0,0,0,0,1,0,0,0,0,88,202,0,1,0,0,1,1,0,0,0,0,0,2,2,0,0,0,0,0,0,1,1,0,0,0,1,15,226,201,0,1,0,0,1,0,0,0,1,1,1,0,0,0,0,0,0,0,0,0,0,2,1,0,1,24,255,192,1,0,0,1,0,0,2,0,0,0,0,0,0,0,0,1,0,1,0,1,1,0,1,0,0,93,254,72,0,0,0,0,0,46,50,0,0,0,0,0,2,0,0,0,1,0,1,0,0,0,1,0,0,120,223,7,1,0,12,127,184,251,248,124,6,0,0,0,1,0,0,0,1,1,0,0,0,0,0,0,0,200,248,10,0,0,171,239,241,221,180,247,185,1,0,3,2,0,0,0,0,0,0,2,0,0,0,0,0,217,169,0,0,59,250,157,85,6,0,137,216,0,0,2,0,0,0,0,0,0,1,0,0,1,0,0,129,252,169,0,30,181,252,101,66,0,0,19,237,73,0,1,0,0,0,1,0,3,1,1,0,1,0,0,136,254,168,1,120,254,168,153,0,0,0,45,246,152,0,0,0,1,1,0,1,1,0,1,1,0,0,0,221,253,104,38,242,254,144,0,0,1,0,72,253,151,0,0,0,1,0,1,0,0,0,0,0,0,0,2,199,232,6,70,254,253,29,0,1,0,0,88,232,31,0,0,0,0,1,0,2,0,0,0,0,0,0,0,228,230,0,77,254,189,3,0,1,3,85,238,211,0,0,0,1,0,1,0,0,0,0,0,0,0,1,0,182,230,2,148,254,172,0,2,0,92,203,253,127,1,1,0,1,0,0,0,0,0,0,0,0,0,1,0,236,232,1,148,255,185,11,46,162,242,254,175,4,0,0,2,0,2,1,0,1,0,0,0,0,0,0,0,154,251,58,116,252,255,210,254,254,237,147,23,1,0,1,0,0,0,0,4,0,0,0,0,0,0,0,0,93,254,225,252,253,254,255,255,207,154,37,0,1,1,0,0,0,1,0,0,0,0,0,0,2,0,0,0,7,171,254,255,242,255,113,66,10,1,0,0,0,0,0,1,0,0,1,0,1,0,0,1,0,0,0,0,1,31,198,178,45,158,10,0,1,0,0,0,1,1,0,1,0,2,2,0,1,1,0,0,3,1,1,0,1,1,0,0,0,1,0,2,0,1,0,1,0,0,1,2,0,1,0,0,2,1,0,0,0,0,1,1,0,0,0,1,1,0,2,2,1,0,2,0,0,0,0,0,1,0,0,0,0,0,0,1,1,1,0,0,0,0,0,1,0,1,1,0,0,0,0,0,1,1,0,0,0,0,1,0,0,0,0,2,0,0,1,0,2,0,0,0,0,2,0,0,1,0,0,1,0,0,1,0,1,2,0,0,1,0,0,1,1,0,0,0,0,0,0,0,1,0,1,1,2,0,0,0,0,0,0,0,0,0,0,2,0,0,0,0,1,0,0,0,2,0,0,0,1,0,0,0,1,0,0,0,0,0,0,0,0,0,0
1,1,0,1,0,1,1,0,3,0,0,1,2,0,0,0,0,1,0,0,0,0,0,1,0,0,1,0,1,0,1,1,2,1,1,1,0,1,0,2,0,0,1,1,0,0,0,1,0,0,0,0,0,1,1,2,2,2,0,1,1,0,0,0,0,0,0,1,0,0,0,0,0,0,1,1,1,1,0,0,0,1,0,0,0,0,1,2,0,0,0,0,0,0,0,0,0,0,1,1,0,0,0,0,0,0,0,2,0,2,0,0,0,0,0,0,2,0,0,0,0,2,0,1,0,0,1,1,0,0,0,0,2,1,0,0,0,0,4,0,0,1,0,3,0,2,0,53,132,153,71,152,150,91,91,173,252,255,252,61,0,0,0,0,2,1,0,0,0,0,0,0,0,0,82,254,251,254,252,253,252,254,252,254,252,192,150,61,0,0,0,0,0,0,0,1,0,0,0,0,2,0,143,255,234,103,100,103,101,101,104,42,0,0,0,0,1,0,1,0,2,0,0,1,0,0,0,2,1,0,103,252,233,2,0,0,0,0,1,1,0,0,0,2,0,2,0,0,0,0,1,0,0,0,2,1,0,0,0,234,253,64,0,0,0,0,0,0,0,1,0,0,0,0,0,0,0,0,0,1,0,0,0,0,0,0,0,70,251,142,0,0,1,0,0,0,1,0,0,0,1,1,0,2,0,3,1,0,0,0,0,0,1,2,0,72,253,103,0,1,0,0,0,1,0,1,0,1,0,1,0,1,1,0,0,1,0,1,0,0,0,0,1,155,252,161,102,103,103,102,101,0,0,0,0,0,0,0,1,1,0,0,0,2,0,0,0,1,0,0,0,152,253,254,254,255,252,253,253,234,113,21,0,0,2,1,1,2,0,0,1,0,0,0,0,0,0,0,0,151,252,70,151,50,50,72,150,253,251,202,20,0,1,0,0,1,1,0,0,1,0,1,1,1,0,1,0,21,61,1,0,0,0,0,1,22,182,254,213,82,0,0,0,0,0,0,0,0,0,1,0,0,0,0,0,1,1,0,0,0,1,1,0,0,0,130,253,244,122,0,0,0,0,0,0,0,1,1,0,0,1,0,0,0,0,2,1,0,0,0,0,0,0,0,82,235,254,131,11,0,0,0,0,1,1,0,0,0,0,0,1,0,0,0,0,0,2,0,0,0,2,0,0,50,233,253,94,1,0,0,0,2,0,0,0,0,0,0,0,1,0,0,1,0,0,0,0,0,2,0,1,0,0,255,253,2,0,0,0,0,0,1,0,0,1,0,1,0,0,0,82,0,0,0,1,1,0,3,1,0,1,131,252,81,0,0,1,1,0,0,1,0,0,1,0,2,0,213,253,0,2,0,0,2,1,0,0,0,0,0,202,101,1,1,0,1,0,0,0,0,0,0,0,1,1,252,252,143,103,41,0,0,1,0,0,0,40,162,241,101,1,1,1,0,0,1,1,0,0,1,0,0,0,82,245,253,254,254,253,235,151,152,151,215,254,254,172,0,0,1,0,1,1,2,0,0,0,0,1,0,1,0,39,73,151,151,151,151,234,251,252,192,151,50,12,0,2,1,1,0,0,0,0,1,0,1,0,0,0,0,0,0,0,0,1,0,0,0,2,0,0,0,0,0,0,2,1,1,0,0,1,0,2,0,0,0,0,0,1,0,1,2,2,0,1,0,1,0,0,0,0,0,0,0,0,0,0,0,0,1,0,1,0,0,0,0,0,0,0,0,0,0,0,0,0,0,0,0,1,0,0,1,0,0
0,0,0,1,0,2,2,0,0,0,1,0,0,0,0,0,0,0,1,1,0,0,1,0,0,0,1,0,0,1,0,0,0,0,0,1,0,0,0,0,0,0,1,0,0,0,1,0,0,0,0,0,0,0,0,0,1,1,0,1,0,0,0,0,0,0,0,0,1,2,0,0,1,0,0,1,0,0,0,0,0,0,0,1,2,0,0,2,0,1,2,1,0,0,0,0,0,1,21,255,253,61,0,0,0,2,0,3,0,0,0,0,2,0,0,0,0,0,1,1,1,0,0,0,1,82,224,255,253,103,1,1,0,0,1,0,0,0,1,1,1,0,0,0,0,0,0,0,0,0,0,1,123,253,233,191,255,0,0,1,0,1,0,0,0,1,0,0,2,0,0,0,0,0,0,0,0,0,2,21,224,232,50,70,213,0,0,0,0,0,2,0,2,0,0,0,1,1,0,2,0,0,0,0,0,0,0,151,253,141,0,154,92,0,0,0,0,1,0,0,0,1,0,1,0,0,0,0,0,1,2,2,0,0,0,111,252,60,0,51,72,0,3,0,0,0,1,0,1,2,0,0,3,0,0,1,0,1,0,0,2,1,2,254,253,0,1,0,0,0,0,1,0,1,0,0,0,0,0,1,0,0,1,0,0,0,0,0,0,0,81,253,210,1,0,1,1,1,0,1,0,0,0,1,0,1,0,0,0,0,0,1,0,0,0,0,0,0,101,255,130,0,2,1,1,1,1,2,0,0,0,0,1,3,1,0,0,0,1,1,0,2,0,1,0,0,142,254,50,1,0,0,0,0,1,0,0,0,1,0,1,0,0,0,0,0,0,0,1,1,1,0,0,1,203,224,20,49,51,51,52,0,1,0,0,2,0,0,0,0,0,0,0,0,1,0,0,0,1,0,0,20,223,243,204,254,251,252,253,204,123,0,1,2,0,0,1,2,0,1,0,0,0,0,0,2,0,2,0,11,213,255,234,82,81,101,141,235,252,162,2,0,0,0,0,0,2,0,1,0,0,1,1,0,0,0,1,131,252,253,151,1,0,0,0,72,253,243,40,0,0,1,0,0,0,1,2,0,0,0,0,0,1,1,0,151,254,255,212,1,0,1,0,0,183,252,51,2,0,0,0,1,0,0,0,0,1,0,1,0,1,0,0,31,172,255,250,121,0,0,0,0,100,253,49,0,1,0,1,0,0,1,0,0,0,0,0,0,0,2,0,0,1,173,254,254,70,0,0,10,172,255,51,0,1,0,1,0,0,0,0,0,0,0,0,1,1,0,1,0,1,32,231,253,234,81,0,91,251,234,31,1,0,0,1,0,1,1,0,0,0,0,1,0,1,1,0,0,0,0,39,234,251,255,253,254,253,124,0,0,0,1,0,1,0,0,0,1,1,0,0,0,1,0,0,0,2,0,1,29,131,214,212,150,72,0,0,0,0,0,1,0,0,0,0,0,0,1,1,0,1,0,3,1,0,0,1,2,0,2,0,1,0,1,0,1,0,0,0,1,1,0,0,1,2,0,1,0,0,0,0,0,0,1,0,0,1,0,0,1,1,2,1,0,0,1,0,1,2,0,1,1,0,0,1,0,0,0,1,0,0,0,0,0,0,0,0,0,0,1,0,1,0,0,0,0,1,0,0,1,0,0,0,0,1,2,1,0,0,0,1,0,0,1,0,0,2,0,0,0,1,0,0,0,0,0,0,0,1,1,0,1,0,1,1,0,0,0,3,0,0,1,1,2,0,0,0,0,1,0,0,0,0,0
0,0,1,2,0,0,0,0,1,0,1,0,0,0,1,0,0,0,2,1,0,0,0,0,0,1,1,0,0,0,0,0,1,0,0,0,1,0,0,1,1,0,0,0,2,0,0,1,0,0,0,0,0,0,0,0,0,0,1,0,1,3,0,0,0,1,0,0,0,0,0,0,0,0,1,1,0,1,1,0,0,0,0,0,0,0,1,0,0,0,1,0,0,0,2,0,0,1,2,0,0,0,1,0,1,1,0,0,0,0,0,2,1,0,0,0,3,0,0,1,0,0,1,0,0,0,0,0,0,1,0,0,1,1,0,0,0,0,0,0,0,0,0,0,0,2,0,1,1,0,60,224,202,155,158,156,89,49,0,0,0,1,2,2,0,0,0,0,0,2,1,1,0,0,0,0,0,5,218,235,182,136,198,235,233,245,177,54,0,0,0,0,1,0,0,1,0,0,0,1,1,0,1,1,0,59,136,0,0,1,0,0,0,87,237,237,93,0,1,0,0,0,0,0,0,1,0,1,2,0,0,0,0,4,2,1,0,1,1,0,0,2,55,217,188,1,0,1,0,1,0,0,1,0,0,0,1,0,1,0,0,0,0,1,1,2,1,0,0,0,112,254,196,0,0,0,0,0,0,0,1,0,0,1,0,0,0,2,0,1,0,0,0,1,2,7,58,201,255,195,52,0,1,0,0,0,0,0,2,2,0,0,0,1,0,1,1,1,10,21,19,20,120,204,254,243,120,13,1,1,0,0,0,1,0,1,2,0,0,2,1,1,0,0,2,72,210,253,253,253,253,253,254,211,67,0,1,0,0,0,0,0,1,0,0,0,0,3,1,0,1,0,2,72,201,215,125,117,20,19,88,190,247,108,1,0,1,1,0,0,0,0,1,0,0,0,0,0,0,0,1,1,1,0,0,0,0,2,0,48,232,196,0,1,3,0,1,0,0,1,0,0,0,0,1,1,0,0,2,0,1,0,0,0,0,1,0,0,98,209,10,0,0,1,1,2,0,0,0,0,0,1,1,0,0,0,1,0,1,0,1,0,0,0,1,1,99,252,35,0,0,0,0,0,1,1,0,0,1,0,0,0,0,0,0,0,1,1,0,0,1,1,2,14,185,196,0,0,1,1,0,0,0,0,2,0,0,0,2,0,3,0,3,71,0,2,1,0,0,1,0,147,254,129,0,0,0,0,0,0,1,0,0,0,0,0,0,0,0,15,173,156,2,0,0,0,0,0,100,251,178,0,1,0,0,1,1,1,0,0,0,0,1,0,1,2,1,235,252,76,1,0,2,1,0,139,255,146,22,0,0,0,0,3,0,0,0,0,1,0,0,0,1,0,1,236,255,0,0,0,3,1,138,247,136,2,0,0,1,0,0,0,0,0,0,0,1,0,1,0,0,1,0,234,255,1,0,1,13,155,255,135,0,1,0,0,0,0,0,0,1,0,0,1,0,0,0,0,0,0,1,93,253,78,123,166,238,255,156,17,1,0,0,0,0,0,2,1,0,0,1,0,1,1,1,0,0,0,1,8,208,254,254,223,156,81,2,1,0,0,0,2,1,1,0,1,0,1,0,1,1,0,1,2,0,0,1,3,1,0,0,0,1,0,0,0,1,2,1,0,0,0,0,1,1,0,0,0,0,1,0,0,0,0,0,1,1,0,0,0,3,1,0,0,2,0,1,0,0,1,0,0,0,0,0,1,0,0,1,0,0,0,0,1,0,0,0,0,0,2,0,0,0,1,0,1,0,1,0,0,0,0,1,0
1,0,1,0,0,0,0,1,1,0,0,2,0,1,0,1,1,0,2,0,0,0,0,0,1,1,1,0,1,0,1,0,2,0,1,1,0,1,0,2,2,0,1,3,0,1,0,0,3,0,2,0,0,1,1,0,0,0,0,0,0,0,0,2,1,1,0,0,2,0,0,0,1,0,0,0,0,0,1,0,0,0,0,0,1,0,0,1,0,0,0,0,0,1,0,0,1,0,1,2,2,3,0,0,0,0,0,0,0,0,0,0,0,0,2,0,0,0,0,0,0,0,0,0,0,1,0,0,0,0,0,1,0,0,0,0,0,0,0,1,0,1,1,0,0,1,1,0,1,1,0,0,0,0,0,0,1,0,0,0,0,1,0,0,1,1,0,2,0,0,0,0,0,0,0,3,0,0,0,2,1,0,2,0,0,1,0,1,0,0,0,0,0,0,1,0,0,0,1,0,0,131,129,127,253,254,254,255,254,255,255,255,254,129,0,0,0,2,1,1,1,1,0,0,0,0,1,0,1,255,253,255,255,255,255,253,255,255,253,254,254,255,64,0,0,0,0,0,1,0,1,0,1,0,1,1,0,64,128,64,0,1,1,1,0,2,1,62,254,255,128,0,0,0,0,0,0,0,0,0,0,1,0,0,0,0,0,0,0,0,0,0,2,0,0,63,255,254,128,0,0,1,0,0,0,0,1,0,1,0,2,0,0,0,0,1,0,1,0,0,1,0,0,128,255,255,130,1,0,0,2,1,0,0,1,1,0,1,0,0,2,0,1,0,1,0,0,0,1,0,0,127,255,255,130,0,1,1,0,0,0,1,1,1,0,1,0,0,0,0,0,0,0,0,0,0,2,0,3,129,253,255,127,1,0,0,0,0,0,0,0,1,0,1,0,0,1,0,0,0,0,0,0,0,0,2,0,129,255,255,128,1,0,1,0,0,0,0,0,0,0,2,1,0,0,0,2,1,0,2,0,0,0,0,0,128,253,255,129,0,0,1,2,0,1,0,1,0,0,0,1,2,1,0,0,0,0,1,1,0,0,0,1,128,255,255,1,1,0,1,0,0,0,1,0,0,0,2,0,0,0,0,0,0,0,1,0,0,0,0,3,190,255,255,2,0,1,0,0,2,1,0,0,0,1,0,0,1,0,1,2,0,0,0,0,2,0,1,1,255,255,255,1,2,0,1,1,0,0,0,1,0,0,0,0,0,0,0,1,1,0,1,0,0,1,0,2,255,255,128,0,0,0,1,0,0,0,0,0,0,0,0,0,1,0,0,0,0,0,0,0,0,1,0,1,255,255,126,0,0,0,0,1,0,0,0,1,0,0,0,1,1,0,0,0,0,0,1,0,0,1,1,0,254,255,128,0,0,0,0,0,1,1,0,0,0,0,0,0,0,0,1,1,0,0,0,0,1,0,0,65,255,255,129,0,2,0,1,0,0,1,0,0,0,0,0,0,0,1,0,0,0,1,0,0,1,0,0,128,255,255,192,0,0,0,1,0,2,0,0,0,0,1,0,0,0,0,1,0,0,1,0,0,0,0,1,0,254,253,255,64,1,0,0,1,0,0,1,0,0,0,2,0,0,0,0,0,0,0,0,1,0,1,1,0,255,255,255,127,1,0,1,1,0,0,0,1,0,0,0,0,0,2,0,0,0,0,1,0,1,0,0,0,191,255,127,0,2,3,2,0,2,0,1,0,0,0,2,1,0,1,0,0,1,0,0,0,0,2,0,0,1,1,0,1,0,1,0,0,1,0,0,0,0
0,0,0,0,0,0,0,0,0,0,0,2,0,1,0,0,1,2,0,1,0,0,0,0,0,0,1,1,0,0,0,0,0,2,1,0,0,0,0,0,0,1,0,1,0,1,0,0,0,0,0,0,0,1,0,0,2,0,0,0,0,0,0,0,0,1,0,0,0,1,0,0,1,0,0,0,1,0,0,0,0,0,0,0,1,0,2,0,0,1,1,16,24,16,0,2,1,0,0,2,0,0,1,0,2,1,0,0,0,1,0,0,1,0,1,0,0,0,164,220,253,217,162,100,47,14,0,0,0,0,0,1,1,0,0,0,0,0,2,0,1,0,0,0,0,0,252,251,250,253,250,252,252,203,90,6,0,0,0,2,0,0,0,0,0,0,0,1,1,2,0,0,0,1,111,160,160,161,159,253,252,251,253,158,43,1,0,1,0,1,0,1,1,0,1,1,0,1,0,0,0,0,1,0,0,1,0,87,160,253,252,253,220,1,1,0,1,0,0,0,0,0,0,0,0,0,0,3,0,1,0,0,0,0,0,0,0,31,229,253,230,0,0,0,1,0,0,0,0,0,0,0,0,0,1,0,0,0,0,2,2,2,1,2,0,2,209,252,230,1,1,0,1,0,0,0,1,0,0,1,0,0,1,0,0,0,1,1,0,0,1,0,1,82,240,252,230,0,0,0,0,2,0,0,0,0,2,0,0,0,0,0,0,0,2,1,0,0,0,0,39,241,253,253,133,0,0,0,1,0,0,1,0,0,1,0,0,0,0,1,0,1,1,1,0,1,1,0,46,253,251,252,11,2,0,0,0,0,1,0,0,0,0,2,1,1,0,1,0,0,1,2,0,0,1,3,171,254,254,138,0,0,0,0,0,1,0,0,1,0,0,0,0,1,0,0,0,0,0,1,2,0,0,97,249,254,252,63,0,0,0,0,0,1,0,1,0,0,0,1,0,0,1,1,0,1,1,0,1,1,0,224,252,252,153,6,0,0,0,0,0,1,0,0,0,1,0,0,1,1,0,0,2,0,0,1,0,0,136,253,253,226,29,1,0,0,2,0,0,0,0,3,0,0,0,0,0,0,1,1,0,0,0,0,0,0,231,252,251,79,0,1,0,0,31,118,115,179,229,229,232,178,0,0,0,0,2,0,1,0,0,2,0,62,245,255,254,88,116,140,255,254,252,252,253,255,252,252,236,74,0,2,1,0,0,2,0,0,1,0,12,213,252,255,252,252,253,252,254,253,252,253,211,208,184,91,18,0,0,0,0,0,0,0,1,0,0,3,70,251,251,252,253,249,252,253,254,209,101,68,6,1,1,0,0,0,1,0,1,0,0,0,1,1,0,0,44,235,253,254,194,129,42,44,44,18,1,1,1,0,1,0,0,1,0,0,0,1,2,0,2,0,0,1,0,20,23,23,10,0,2,0,0,0,1,0,2,0,0,0,1,0,0,1,0,0,0,0,0,1,0,0,0,0,0,0,0,0,2,1,0,0,0,0,0,1,2,2,0,0,0,0,0,0,0,0,0,2,0,0,1,0,1,0,0,0,1,0,0,0,0,1,0,0,0,0,0,0,0,0,0,2,1,0,1,0,0,0,1,0,0,0,1,0,0,0,0,1,2,0,0,0,0,0,1,0,0,1,0,1,2,0,1,0,1,2,0,1,0,0,0,0,0,0,0,0,0,2,2,0,0,1,0,0,0,1,1,0,1,0,0,0,0,0,0,0,0,1,0,0,1,0,0,0,0,1,0,1,1,1,0,1,0,1
0,0,0,0,0,0,0,0,0,0,0,0,1,0,0,0,0,2,0,0,1,0,1,1,0,0,1,0,1,0,0,1,0,0,2,1,0,0,1,0,1,0,0,0,0,0,0,0,0,0,0,1,0,0,1,0,0,1,2,0,0,1,1,2,0,0,0,0,0,0,0,0,0,1,1,0,0,0,2,0,0,0,1,3,2,0,0,0,0,0,0,1,0,0,0,0,0,1,0,0,1,1,0,1,0,0,0,0,0,0,0,0,2,0,0,0,0,0,1,36,117,210,254,182,67,1,3,0,0,2,1,0,0,2,0,0,0,2,1,0,0,0,0,0,1,0,0,201,254,255,196,205,245,185,71,0,0,0,0,0,0,1,0,2,0,0,0,3,0,0,0,0,0,0,0,213,253,183,18,22,99,245,241,114,28,2,0,0,1,0,0,0,0,0,0,0,0,0,1,0,0,1,74,246,212,19,0,1,1,122,252,252,199,23,0,1,0,1,0,1,0,0,0,1,0,1,0,1,1,1,97,252,198,0,1,0,0,30,194,244,254,207,105,2,0,2,0,1,1,0,2,0,0,0,0,0,0,0,96,252,190,0,0,0,0,3,0,74,191,240,254,101,4,0,0,0,0,0,0,1,0,0,0,0,2,0,98,254,61,0,0,0,0,1,0,0,0,6,187,253,34,1,1,0,0,0,0,0,0,0,1,0,0,0,97,251,62,1,0,0,0,1,1,0,2,0,3,241,204,24,0,0,2,1,0,2,0,0,0,0,0,1,98,253,61,0,1,0,1,1,1,0,0,0,0,26,223,177,0,0,0,2,0,2,1,0,0,1,0,0,97,254,62,0,0,0,0,0,0,0,0,1,0,2,184,242,61,2,0,0,0,1,0,0,0,0,0,0,98,254,60,1,0,0,1,0,0,0,1,0,1,0,82,253,176,0,0,0,0,0,1,0,0,1,1,2,96,253,60,0,2,1,1,0,1,0,0,0,0,0,29,219,214,3,0,0,0,0,0,2,0,0,0,0,43,229,140,0,1,0,0,2,1,2,0,0,2,2,0,200,212,0,1,1,1,0,0,1,0,0,0,0,0,212,199,0,0,0,1,1,1,0,0,0,1,0,40,225,252,94,1,1,0,0,1,0,0,0,0,1,0,213,197,0,0,1,0,0,0,0,0,0,0,0,137,254,182,59,1,0,1,0,0,0,0,0,0,1,0,168,245,118,0,0,2,0,0,0,1,0,0,89,249,234,50,0,1,0,0,0,1,0,1,2,1,0,1,17,205,247,115,0,0,0,0,0,0,0,31,141,253,158,0,1,1,1,0,0,1,0,0,2,0,2,1,0,57,175,250,109,43,4,0,0,5,46,214,251,239,45,0,0,3,0,0,1,0,0,0,2,0,0,0,0,0,11,177,245,253,169,157,157,167,254,252,235,82,0,2,0,0,0,1,2,1,0,0,2,1,0,0,1,0,0,0,61,118,162,254,253,254,249,115,4,0,0,2,3,0,0,0,0,0,0,0,0,0,0,1,0,0,0,1,0,0,2,0,0,0,1,2,0,0,0,0,1,2,0,0,3,0,0,1,3,1,0,1,0,1,1,0,2,0,0,0,0,0,0,1,0,0,0,1,0,0,0,0,0,0,0,1,0,1,0,0,0,0,0,0,0,1,0,2,1,0,0,1,1,0,0,0,0,0,1,2,0,0,0,0,1,1,0,0,1,1,2,0,2,2,0,0,0,0,1,1,0,0,1,1,2,1,0,0,1
0,0,0,0,0,0,0,1,0,1,0,0,1,0,0,1,0,0,2,0,0,0,0,0,0,0,0,0,0,0,0,2,1,1,0,0,0,0,0,0,0,1,0,0,0,0,0,0,0,2,1,0,0,0,0,1,0,1,1,0,0,1,0,0,0,0,0,0,2,0,0,0,0,0,0,0,0,0,2,0,0,0,0,0,0,0,0,0,1,0,0,1,1,0,0,0,0,0,0,0,2,2,0,0,0,0,0,0,0,1,1,0,2,0,0,0,2,0,1,1,0,0,0,0,0,0,0,1,1,0,0,0,1,0,0,0,0,1,0,0,0,0,0,1,0,1,2,0,0,0,0,1,30,174,255,252,252,253,122,0,1,0,0,0,0,0,1,0,1,0,0,0,0,0,0,0,0,1,1,7,197,251,254,251,253,251,252,159,0,0,0,0,0,2,0,0,1,1,0,0,0,0,0,0,0,38,126,226,252,253,250,239,252,252,252,233,31,1,0,0,0,0,0,1,1,1,1,1,0,0,0,0,70,251,252,253,235,190,115,28,240,252,251,253,64,0,0,1,0,1,0,2,2,0,1,0,0,0,0,25,213,252,249,155,110,2,0,115,250,252,164,218,9,0,0,0,0,0,0,0,0,1,0,1,0,0,0,127,254,254,150,0,0,0,8,202,251,217,18,0,1,0,0,0,0,0,0,1,0,0,0,0,0,1,0,169,250,187,16,0,0,0,78,251,210,81,0,0,0,1,0,0,0,1,0,0,0,0,0,0,1,1,0,171,250,158,1,0,0,54,245,252,232,42,1,0,0,0,0,0,1,0,1,0,0,0,0,0,0,2,0,98,253,239,132,5,0,133,254,196,172,28,1,0,1,0,0,0,0,1,0,1,0,0,0,0,0,0,0,12,174,254,251,152,97,247,251,169,0,0,0,0,1,2,2,1,0,0,0,0,1,0,2,0,1,0,0,0,1,123,243,254,253,252,230,27,0,3,2,0,0,2,0,0,1,0,1,0,0,0,0,1,2,0,1,0,0,0,50,237,253,251,211,1,0,1,3,0,1,0,0,2,2,1,0,0,0,0,0,0,1,0,2,0,0,0,6,233,251,252,251,199,134,162,75,0,1,0,0,2,1,0,0,1,0,1,0,0,0,1,0,0,0,1,112,252,250,197,199,251,252,183,112,26,1,0,0,1,2,1,0,0,0,0,1,0,0,2,0,1,0,37,240,253,113,5,6,86,138,216,250,151,0,0,0,0,0,0,1,2,0,0,0,0,0,0,0,0,1,45,253,249,69,0,1,0,2,26,150,253,125,0,0,1,1,2,0,0,2,1,0,0,1,0,0,0,0,43,253,230,0,0,0,0,0,0,37,255,167,0,0,0,1,0,0,0,1,0,1,1,0,0,1,0,0,139,251,233,21,12,0,17,33,154,241,249,118,0,0,1,0,0,0,1,0,0,0,1,0,0,0,2,1,75,253,252,252,219,167,232,252,252,251,185,36,0,2,0,0,1,1,1,0,1,3,0,0,1,0,1,0,25,183,199,191,146,190,226,197,148,105,18,0,0,1,0,0,1,0,0,0,0,0,0,1,0,0,1,0,0,1,2,0,0,0,1,0,2,0,0,0,0,0,0,0,2,0,0,1,0,2,2,1,1,0,0,0,0,2,1,0,0,1,1,1,0,0,0,1,0,0,1,0,0,2,0,2,0,0,1,1,2,0,0,0,0,1,0,1,0,0,1,0,0,0,0,0,1,1,0,0,0,0,0
0,0,1,0,0,1,1,0,2,0,0,0,0,0,0,1,0,0,1,0,0,0,0,2,0,0,0,0,0,0,0,0,0,0,1,0,0,1,0,0,0,0,0,0,0,0,0,0,1,2,1,0,1,0,0,0,1,0,0,0,0,0,0,1,0,0,0,0,0,2,1,2,0,0,0,0,1,0,0,0,1,0,0,0,0,0,1,0,1,0,0,0,0,0,0,0,0,0,0,0,1,0,0,0,1,0,1,0,1,0,0,0,0,0,0,0,2,1,1,0,0,1,0,1,0,0,0,0,0,0,0,2,0,0,0,0,1,0,0,0,1,0,1,0,0,1,1,1,1,0,1,53,132,234,155,80,1,0,3,0,1,0,0,0,0,1,1,0,1,0,0,0,0,1,2,0,0,6,86,247,246,248,255,244,202,39,0,1,1,0,0,1,2,0,0,0,0,0,0,0,0,1,0,0,19,200,255,252,59,18,89,168,253,232,47,0,0,0,0,0,0,0,0,1,0,1,0,2,0,0,0,1,76,253,215,110,56,1,0,7,129,255,217,6,0,0,0,0,0,1,0,0,1,0,0,0,0,0,0,0,76,255,170,0,0,1,0,2,10,230,254,78,0,0,1,0,0,2,0,1,0,0,0,0,0,0,0,0,68,251,180,2,0,0,1,0,0,171,254,74,1,0,0,1,0,0,0,0,0,1,1,2,0,0,0,0,0,229,253,48,0,0,1,0,1,170,254,75,0,2,0,0,0,0,1,1,0,0,0,1,0,0,0,0,0,80,254,231,104,2,1,0,31,248,255,75,0,0,0,0,0,1,0,0,0,3,0,0,0,1,0,0,0,7,165,253,255,137,55,23,168,254,233,18,1,0,1,0,0,1,0,0,0,1,0,0,0,0,0,0,0,0,1,114,244,254,253,250,253,240,68,0,0,1,0,0,1,1,0,0,0,0,2,0,0,0,0,1,0,1,0,1,117,252,255,253,247,70,0,0,1,0,0,1,0,2,0,0,1,2,0,0,0,1,0,0,1,0,44,116,232,255,253,253,249,54,0,2,1,0,0,1,0,1,0,1,0,1,1,0,1,1,0,0,0,33,244,255,244,180,58,130,254,173,1,1,0,0,0,1,0,0,1,0,1,1,0,1,0,0,1,0,1,129,253,134,20,0,0,43,244,252,57,1,1,2,0,0,0,0,0,1,0,0,0,0,0,0,1,0,3,43,254,113,0,1,0,1,30,213,230,37,1,3,0,1,0,0,0,0,0,0,0,0,0,1,0,1,0,9,204,243,42,0,0,0,0,170,254,76,1,0,0,0,1,1,0,0,0,2,0,0,0,1,0,0,0,2,170,254,150,1,2,0,3,182,242,34,0,1,1,1,1,0,1,0,0,1,0,0,0,2,2,1,0,1,22,208,227,76,0,0,52,253,193,3,1,2,0,0,0,0,1,1,0,0,0,1,0,1,1,0,0,0,0,76,245,255,205,145,235,252,113,0,0,0,1,1,1,2,0,0,0,0,2,0,0,0,0,0,0,0,0,0,78,214,252,255,255,160,6,0,2,2,1,0,0,0,0,0,0,0,0,0,0,0,0,0,1,0,0,0,0,0,0,1,0,0,1,0,0,0,1,0,0,0,0,1,0,1,0,0,0,0,0,0,1,1,0,1,2,0,0,0,0,1,0,0,0,1,0,1,0,0,1,0,0,0,1,0,2,0,1,0,1,0,0,0,0,0,0,0,1,0,0,0,3,0,0,1,0,2,0,0
0,1,1,0,0,0,0,0,0,0,0,1,1,0,0,0,0,0,0,0,0,0,0,0,1,0,0,1,0,1,1,0,1,0,0,0,0,0,0,0,0,0,0,1,1,0,0,0,0,0,0,0,0,0,0,1,0,0,0,2,0,0,0,0,1,0,0,1,0,1,0,0,0,0,0,0,1,0,0,0,0,0,1,0,0,1,0,1,0,0,0,0,0,1,0,0,1,1,0,0,0,2,0,0,0,0,1,1,2,0,0,0,1,0,0,0,0,0,0,1,0,0,2,0,0,1,1,2,0,0,0,0,1,2,0,0,2,0,0,0,0,1,0,0,0,1,0,0,1,1,0,0,1,5,12,13,13,14,11,87,132,135,133,135,134,133,76,0,0,0,1,1,0,1,1,0,0,0,0,0,55,181,251,253,254,254,253,253,254,253,255,253,251,253,173,0,0,0,2,0,0,0,0,0,1,1,0,56,232,253,254,253,253,255,234,218,217,216,124,95,98,96,5,0,0,1,0,2,0,1,0,0,0,1,34,232,253,251,237,95,83,85,34,0,1,0,0,0,1,0,1,2,0,1,0,0,0,0,1,0,0,10,155,254,253,163,45,0,0,0,0,0,1,0,0,1,1,1,0,0,0,1,0,1,0,2,0,1,0,130,254,252,164,13,0,1,0,1,0,0,0,0,3,0,0,1,1,0,1,0,0,0,0,0,0,0,19,235,252,232,40,0,0,0,0,1,0,1,0,0,0,0,0,2,2,0,0,0,0,1,1,1,0,5,169,254,234,62,0,1,1,0,1,0,0,0,0,0,0,2,1,2,0,0,1,0,1,0,0,0,0,13,252,254,205,0,0,0,1,0,0,1,1,0,0,1,0,0,2,0,1,2,0,0,0,0,0,0,0,7,201,253,251,155,30,1,2,0,2,0,0,0,0,0,0,1,0,0,0,0,0,0,1,0,0,0,0,0,70,205,253,255,254,253,150,25,7,0,0,0,0,0,0,1,0,0,0,1,1,0,0,0,1,0,2,0,1,67,130,228,247,253,255,252,202,13,0,0,0,2,1,1,0,1,1,1,1,0,0,2,0,1,2,0,0,0,0,0,75,135,230,255,253,199,15,0,0,0,0,0,0,0,0,0,0,1,0,0,0,0,0,0,0,0,1,0,0,0,35,135,251,255,191,0,0,1,1,1,0,0,0,0,0,0,2,1,2,1,0,30,0,0,0,0,1,0,2,1,186,255,230,0,2,0,1,0,1,0,0,0,0,2,0,0,0,0,1,223,125,27,0,1,0,1,0,119,251,255,230,0,0,0,1,1,0,1,0,0,0,0,0,0,0,1,0,115,255,149,28,0,0,29,131,250,252,249,95,0,0,1,0,0,0,0,0,1,0,1,0,0,0,0,0,7,211,254,205,128,220,228,253,253,252,149,0,1,0,1,0,0,0,0,2,0,0,1,2,0,1,1,0,0,26,211,255,251,253,252,254,205,88,1,0,0,0,0,0,1,0,2,0,0,0,0,0,1,0,0,2,0,0,7,35,133,132,132,76,18,1,0,0,0,1,0,2,0,0,0,0,0,2,0,0,0,0,0,0,0,1,0,0,0,0,0,0,0,0,0,0,0,1,1,0,0,0,2,2,0,0,0,0,0,0,0,0,0,0,1,0,2,0,0,0,0,0,0,0,0,1,2,0,2,0,1,0,0,0,0,0,0,0,1,1,0,0,1,0,0,0,2,3,0,0,0,1,1,1,0,1,1,2,0,0,0
0,0,0,2,2,0,1,0,2,2,0,1,0,1,0,0,0,0,0,1,1,0,0,0,1,0,0,0,0,0,0,0,0,0,2,1,0,1,0,1,0,0,0,0,0,0,0,0,0,0,0,1,0,0,0,0,0,0,0,0,0,0,0,0,0,1,0,0,1,0,0,0,0,0,0,0,2,0,1,0,0,0,0,1,0,0,1,0,0,0,0,1,0,0,0,0,2,1,2,2,0,0,0,1,0,1,0,0,1,0,0,2,0,0,2,0,1,0,1,1,1,2,0,0,0,0,0,0,1,1,0,0,0,1,0,0,0,0,0,0,0,0,1,1,0,0,0,0,0,0,0,2,1,1,0,1,0,0,2,0,0,0,0,0,0,0,0,0,0,0,0,0,0,0,1,0,0,0,2,0,66,19,0,46,229,138,0,0,0,1,1,1,0,0,0,1,0,0,1,0,0,1,0,0,0,0,1,24,204,136,1,146,253,222,0,0,1,1,1,0,1,0,0,0,0,0,0,0,0,1,0,0,0,0,0,78,255,103,1,146,255,223,0,1,0,2,0,1,2,0,2,0,0,0,1,0,0,1,0,0,0,0,8,194,253,100,1,146,253,222,0,0,0,0,0,0,0,0,0,2,0,2,0,0,1,0,0,0,0,0,114,254,249,6,0,147,254,222,0,2,0,0,0,0,0,1,0,0,1,0,2,0,0,0,0,0,0,0,151,252,219,0,0,144,253,223,0,0,2,0,0,0,0,1,2,0,0,0,0,0,0,0,0,0,0,114,250,253,96,0,0,144,254,222,1,1,1,0,0,0,0,0,0,1,0,0,1,0,0,0,1,1,0,176,252,208,35,0,0,146,252,222,0,0,0,1,0,0,0,0,0,0,0,0,1,1,0,0,0,0,23,243,255,253,238,213,214,237,254,237,76,0,2,0,0,0,0,0,0,0,0,0,0,0,0,0,2,0,21,238,234,251,254,254,254,254,254,255,177,0,0,0,2,1,1,0,2,0,0,1,0,1,0,0,0,0,0,37,31,51,52,73,74,167,254,228,35,0,0,1,0,1,0,0,0,0,0,0,2,1,0,0,3,0,0,1,0,2,0,2,0,146,255,223,1,1,0,0,0,1,0,0,0,0,2,0,1,1,0,0,0,0,0,0,0,1,0,0,1,146,255,187,0,1,0,1,0,2,1,1,0,0,0,1,0,1,1,2,1,0,0,0,1,0,1,0,1,149,254,109,2,0,1,1,0,1,0,0,0,1,0,1,0,0,0,1,2,1,0,0,1,0,0,0,0,147,254,50,0,0,0,1,2,0,0,0,1,0,0,0,0,0,0,1,0,1,1,0,1,1,0,0,0,197,253,25,1,2,0,0,0,0,0,0,1,1,1,0,0,0,1,0,0,0,0,0,1,0,0,0,0,249,253,14,0,0,0,0,0,1,0,0,0,0,0,0,1,1,0,0,0,0,0,1,1,0,0,0,0,251,252,16,0,0,1,1,1,1,0,0,0,2,1,0,1,0,1,0,2,0,0,0,0,0,0,0,0,251,165,0,0,0,1,0,0,0,0,1,0,0,0,0,0,1,0,1,0,1,1,0,1,0,0,1,0,191,56,1,0,0,0,0,1,2,2,0,0,1,2,2,0,2,0,0,0,1,2,0,1,0,0,0,0,0,0,0,0,1,0,0,0,0,1,1,0,1,0,0,1,0,0,0,1,1,0,0,0,1,2,0,1,0,0,0,0,0,1,0,1,0,0,0,0,1
0,1,1,0,3,1,0,3,0,2,0,0,0,0,0,1,0,0,0,0,0,0,0,0,0,0,0,0,2,0,1,0,0,0,1,0,0,0,0,0,0,0,0,0,0,1,0,0,3,0,0,0,0,0,1,0,3,0,0,1,0,0,0,0,0,0,0,0,0,0,1,0,1,0,0,0,0,0,0,1,0,0,1,1,0,0,0,0,1,0,0,0,1,0,0,0,1,0,1,0,0,0,0,0,1,0,0,0,0,0,0,0,0,0,0,2,0,0,1,0,0,0,2,1,0,0,0,1,1,0,0,0,1,1,0,0,0,0,0,0,0,0,1,0,0,1,0,0,1,0,0,1,0,0,213,171,2,1,1,1,1,0,1,0,0,0,0,0,0,0,0,0,0,0,0,0,0,0,1,2,0,0,252,253,0,0,0,0,0,2,0,0,0,1,0,2,1,0,0,0,0,0,0,0,0,0,1,0,1,1,235,253,101,0,0,0,1,1,0,0,1,0,1,0,0,0,0,3,0,0,0,0,0,1,0,1,1,0,153,251,100,0,0,0,0,1,0,0,0,1,0,1,0,0,0,1,0,0,1,0,0,1,0,0,0,0,215,254,43,0,0,1,0,2,1,0,0,0,3,1,0,1,1,0,0,0,0,0,0,1,1,0,0,1,253,253,0,1,1,1,0,0,1,2,1,0,0,0,0,0,0,0,0,0,0,0,1,0,1,1,1,43,254,253,1,1,0,1,0,1,0,0,0,0,0,1,0,1,0,0,0,1,1,0,2,0,0,0,0,84,252,250,0,0,0,0,0,1,0,1,0,0,0,0,0,0,0,0,0,1,1,0,0,3,0,1,0,103,255,253,0,0,0,0,1,2,1,0,0,0,0,0,0,0,0,0,0,2,1,1,0,0,0,0,0,103,254,212,0,0,1,0,0,0,0,1,1,0,1,1,0,0,0,2,0,1,2,1,0,0,0,3,0,102,255,151,1,0,0,0,0,1,1,0,0,3,0,0,0,0,1,1,0,2,1,1,1,0,0,0,0,101,253,149,1,0,1,0,1,1,0,0,0,1,0,1,1,0,0,0,0,0,0,0,2,0,1,0,0,204,255,50,0,0,1,0,0,0,0,0,0,0,0,1,1,2,1,1,1,1,1,1,0,1,0,0,22,221,233,30,0,0,0,0,0,1,1,0,0,1,0,0,4,1,1,1,0,0,1,0,0,0,0,4,71,253,202,0,0,1,0,0,0,0,1,2,0,0,0,0,0,0,0,0,1,1,0,1,0,0,0,0,153,254,203,1,0,1,1,0,0,0,0,0,0,0,0,0,0,0,0,0,1,0,1,0,0,0,0,2,154,254,104,0,1,1,0,0,0,0,1,0,1,2,0,0,1,0,2,0,1,0,0,2,0,1,0,0,232,253,19,0,0,0,0,0,2,0,0,0,0,1,0,0,1,1,0,2,2,0,0,1,0,0,0,22,252,191,0,0,0,0,0,0,0,1,0,0,0,0,0,0,0,1,0,0,2,0,0,0,0,0,1,19,254,111,0,1,0,0,0,0,0,0,0,0,0,0,0,0,1,1,0,0,0,1,1,0,0,1,0,0,0,0,0,0,0,0,0,0,1,0,0,1,0,0,0,0,1,0,0,1,2,0,0,1,0,0,0,0,0,1,0,0,0,0,0,0,1,0,0,0,0,0,0,1,0,0,2,1,0,1,0,0,0,0,0,0,1,1,0,0,1,0,3,1,1,0,0,0,0,1,1,1
0,0,0,0,1,0,2,2,1,1,0,0,0,1,2,1,1,0,0,2,0,0,0,0,0,0,0,0,0,1,0,0,0,1,1,0,0,1,2,0,0,0,1,0,1,0,1,0,0,0,0,0,0,1,0,1,0,0,0,0,0,0,0,1,2,0,0,0,0,0,0,0,0,1,1,0,0,0,0,3,0,2,0,0,0,2,1,1,0,0,1,0,0,2,0,0,1,0,0,0,2,0,0,1,0,0,0,1,0,0,0,0,0,0,0,0,2,0,1,1,0,1,2,0,1,6,190,65,0,0,0,0,1,0,1,0,0,0,0,0,0,0,0,0,1,0,0,0,0,0,0,0,0,0,138,250,14,0,0,0,0,1,1,0,2,2,0,1,0,1,0,0,0,0,0,1,0,0,1,0,0,14,241,255,13,0,2,2,2,1,0,0,0,1,1,1,0,0,0,1,0,0,0,1,2,0,0,0,0,14,254,253,11,0,1,0,0,0,0,0,1,0,0,0,1,0,0,2,0,0,0,0,0,0,0,3,0,13,254,254,15,0,0,2,0,0,0,1,0,1,1,0,0,1,0,1,0,2,0,0,1,0,0,1,0,15,253,255,14,0,1,1,1,0,0,0,0,0,0,0,0,0,0,0,0,2,1,0,1,0,0,0,0,7,190,254,14,0,0,1,0,0,0,0,2,0,1,1,0,0,0,1,2,1,1,1,3,0,0,0,3,27,253,253,98,0,0,0,0,0,0,0,0,0,1,0,0,1,0,0,0,0,2,1,0,0,0,0,16,210,253,252,67,2,0,0,0,1,2,0,0,0,0,0,0,0,1,0,0,0,2,0,0,0,0,0,27,253,253,255,12,0,1,0,0,0,0,0,0,0,0,1,0,0,1,0,0,0,0,0,1,0,0,0,26,254,253,64,0,0,1,0,0,0,0,0,1,0,0,0,0,0,1,0,1,0,0,0,0,0,1,0,27,255,254,134,0,0,0,2,0,0,0,3,0,0,0,0,0,0,0,0,0,0,0,2,0,0,0,0,27,253,252,64,2,0,0,0,0,0,0,0,1,1,0,1,0,0,0,0,0,0,0,0,1,1,2,0,14,198,253,133,2,0,0,2,0,1,0,0,0,0,0,0,0,1,0,1,0,1,1,0,0,2,0,0,28,252,252,135,0,1,1,0,0,0,0,0,0,0,1,0,2,0,1,0,2,0,0,0,0,0,0,0,5,174,254,35,1,0,0,0,0,1,1,0,1,1,0,2,1,2,2,0,0,0,0,0,0,1,0,0,5,164,254,0,0,0,2,0,0,1,1,0,0,0,0,0,0,1,1,0,1,1,1,1,0,2,0,1,27,253,254,70,0,0,0,0,0,0,1,1,0,0,1,0,1,1,0,1,1,0,0,0,0,0,0,0,11,190,247,1,0,0,2,2,0,0,0,0,0,0,1,0,1,1,0,0,0,1,0,1,0,0,1,0,2,147,121,0,0,1,0,0,0,0,0,0,0,1,0,0,0,1,1,0,0,2,0,0,0,0,0,0,0,0,1,1,0,1,0,0,0,1,1,0,0,0,0,2,0,1,0,0,0,2,1,1,1,1,1,0,0,1,0,0,0,0,1,0,0,0,0,1,0,0,2,1,0,1,0,0,3,0,1,1,0,1,0,0,0,0,0,0,0,0,0,0,0,2,0,1,0,0,0,1,0,1,0,0,1,0,0,0,0,0,0,0,0,1,0,0,1,0,0,1,0,0,1,0,0,0,0,1
0,0,0,0,0,0,0,1,1,0,0,0,0,0,2,0,0,0,0,0,1,1,0,0,0,0,0,0,0,0,0,0,0,0,0,2,0,0,0,0,1,1,0,1,0,1,0,0,0,1,1,2,0,0,0,1,1,1,0,0,0,0,0,0,0,0,0,0,1,1,0,0,0,0,2,1,0,0,0,0,0,0,2,0,0,0,0,0,0,0,0,0,0,1,0,1,0,0,1,0,0,1,0,2,0,0,0,0,0,1,0,0,0,1,0,0,1,0,0,0,0,2,0,1,0,0,1,0,2,1,0,0,1,0,0,0,1,0,0,0,0,0,0,1,0,0,0,0,1,0,0,0,0,2,0,0,0,0,0,0,1,0,1,0,1,0,0,0,0,0,1,0,0,0,0,0,1,0,0,50,0,0,1,0,0,2,80,195,61,0,0,0,0,0,0,0,0,0,1,0,1,0,1,1,1,0,94,247,115,2,0,0,1,0,83,253,154,0,0,0,0,1,1,0,0,2,0,0,1,0,0,0,0,0,148,253,172,0,0,0,1,0,169,255,153,0,0,1,0,1,1,0,0,2,0,0,0,1,2,0,0,20,210,255,113,0,0,0,0,0,168,255,154,0,0,0,0,0,0,1,1,0,0,0,0,2,0,1,2,98,253,228,13,1,1,0,1,0,169,254,154,0,0,0,1,0,0,0,0,0,0,1,2,0,0,0,18,233,253,107,1,0,0,2,0,7,230,253,154,0,1,0,1,0,0,2,0,2,0,0,0,1,1,0,174,254,255,43,0,1,1,0,0,29,255,253,100,0,0,1,0,0,0,0,0,1,0,0,0,1,0,6,219,253,165,15,20,16,0,1,0,109,254,215,11,0,0,0,0,1,0,0,0,1,0,0,1,0,2,90,253,255,211,215,253,240,181,150,39,137,253,119,0,0,0,1,0,0,0,0,0,0,1,0,0,1,0,208,255,255,255,254,254,217,255,254,247,252,255,120,1,0,0,0,0,0,1,0,0,0,1,1,0,0,0,249,255,250,221,63,48,13,48,77,55,214,254,118,0,1,0,1,1,0,1,0,2,1,0,0,0,0,0,222,254,103,1,0,0,0,1,2,2,204,253,119,2,1,0,1,0,0,0,0,1,0,1,1,0,0,0,34,68,4,0,1,0,0,0,2,9,210,255,32,0,0,0,2,1,1,0,1,2,0,0,1,0,0,0,2,0,1,1,1,1,1,0,1,44,253,248,23,0,0,0,0,0,0,0,0,0,1,0,0,0,0,0,1,1,0,0,0,0,0,1,0,108,254,86,0,0,0,0,0,0,1,0,1,2,2,0,1,0,0,0,2,1,0,0,2,0,1,0,0,227,252,86,0,0,1,0,0,0,0,0,0,0,1,0,0,0,3,0,0,1,1,0,1,0,0,0,0,235,254,84,0,2,1,1,1,1,0,0,1,0,0,0,0,0,0,0,0,0,0,0,1,0,1,0,0,235,254,85,0,0,2,0,0,0,0,0,2,0,0,0,0,0,0,0,1,2,0,0,1,0,0,2,0,185,254,85,0,0,0,1,0,0,0,0,0,2,1,1,0,0,0,2,0,1,1,0,0,0,0,0,1,88,194,53,0,0,1,0,0,2,0,0,0,0,2,0,0,2,0,1,0,0,0,0,1,1,1,0,0,0,1,1,0,0,2,0,0,0,0,1,1,1,0,0,0,0,0,2,0,0,0,0,1,0,0,1,0,0,1,0,1,0,1,0,0,1,0,0,1
0,0,0,0,0,0,0,0,0,1,0,0,0,0,0,0,1,2,0,0,1,0,1,0,0,0,0,0,0,1,0,0,0,1,0,0,0,0,0,0,0,0,0,0,1,0,0,0,0,0,0,0,0,0,0,0,0,0,0,0,1,0,0,1,0,1,1,0,3,0,0,1,0,0,1,0,1,0,0,1,0,2,1,0,2,0,0,0,1,0,1,1,1,0,2,1,0,3,0,0,0,2,0,0,0,0,0,0,0,0,0,1,0,1,0,0,0,0,0,0,0,0,1,0,2,6,8,1,0,0,1,0,2,59,13,1,0,2,0,0,1,0,2,2,0,0,0,0,0,0,9,34,159,254,255,129,2,0,1,0,0,225,204,14,1,3,0,1,0,2,0,0,1,0,0,0,2,96,215,255,253,249,238,112,0,0,1,0,0,100,253,135,0,0,1,2,0,1,0,0,0,3,0,4,109,255,254,250,205,83,1,0,0,0,0,0,1,1,238,207,17,1,0,0,1,0,1,1,0,0,3,109,255,253,215,82,0,0,0,0,0,1,1,0,0,1,238,253,143,1,0,2,0,0,0,0,1,0,109,253,255,217,34,0,0,0,0,0,0,1,1,0,1,2,158,254,255,0,0,0,0,1,0,0,1,7,255,254,239,34,0,0,2,0,1,1,0,0,0,0,1,0,114,255,253,1,0,1,0,1,0,0,1,7,254,254,144,0,0,0,0,0,0,0,1,0,0,2,0,0,39,246,252,2,1,0,1,0,0,1,0,96,254,240,32,1,0,0,1,0,0,0,2,0,1,1,0,1,0,244,253,1,0,1,0,0,0,0,0,129,255,235,0,2,0,0,1,0,1,0,0,0,1,1,0,0,0,243,254,0,0,0,0,0,0,2,0,225,253,141,0,1,1,1,1,1,1,0,0,0,1,1,1,1,1,244,255,1,0,0,0,1,0,0,1,219,254,209,1,0,0,0,0,2,1,0,0,1,0,1,1,1,0,242,255,0,0,0,0,0,0,0,1,132,253,242,33,0,1,1,0,2,0,0,0,0,1,0,1,0,35,247,215,1,0,0,2,0,0,0,2,88,254,255,147,0,1,2,1,0,0,0,0,1,1,0,0,0,215,254,131,1,1,0,0,0,0,0,2,8,252,255,251,130,0,0,0,0,0,0,1,0,0,3,0,37,242,254,131,0,0,0,0,0,0,0,1,2,102,253,255,249,82,0,1,1,0,0,0,0,1,0,39,225,254,208,19,0,0,0,0,0,0,0,0,1,4,152,255,254,222,89,1,0,1,2,0,0,0,40,225,254,253,86,0,1,0,0,0,0,0,0,0,0,0,11,103,254,252,250,151,32,0,0,0,1,135,243,254,253,95,1,0,1,1,1,1,1,0,0,1,1,1,0,16,150,255,254,255,247,243,243,242,244,252,255,209,86,1,0,2,0,1,0,1,0,2,2,0,0,0,0,0,0,7,6,9,5,7,6,7,7,5,7,4,1,0,0,0,0,0,0,0,1,1,1,0,0,0,2,0,0,0,2,2,2,0,0,0,0,0,0,1,0,1,0,1,0,2,0,0,0,0,1,0,0,1,1,1,0,0,0,1,0,1,0,0,0,2,0,0,0,2,0,1,1,0,1,0,0,0,0,0,0,0,0,0,0,0,0,0,1,1,0,0,0,1,0,2,0,0,1,0,0,0,0,0,0,0,0,1,1,0,0,1,0,0,0,0,1,0,0,1,0,2,0,0,2,1,1,0,0,0,0
0,0,0,2,0,0,1,0,1,0,0,1,0,0,1,2,0,0,0,0,0,2,1,0,0,1,0,0,2,2,0,0,0,1,0,0,2,2,0,0,1,1,1,0,1,0,0,0,0,0,0,1,0,0,0,2,0,0,0,0,0,1,1,0,1,1,1,1,0,0,0,2,0,0,0,0,3,0,0,1,0,0,0,0,1,0,0,0,0,0,0,0,1,0,1,0,2,0,1,0,2,0,0,0,0,1,0,0,0,0,0,0,1,0,1,1,0,0,2,0,0,0,0,1,0,0,1,0,2,1,2,1,1,0,0,0,0,1,0,0,1,0,0,0,1,0,0,0,1,0,0,0,0,0,0,0,0,0,0,0,2,1,0,1,1,2,1,0,1,0,0,1,0,0,0,0,0,0,0,0,0,0,0,0,1,0,1,1,0,0,0,1,2,1,0,0,1,1,1,0,0,19,156,211,168,59,61,26,0,1,0,0,0,0,0,0,0,0,1,0,1,1,0,0,0,2,76,212,242,247,254,230,254,252,252,248,241,160,70,71,18,1,0,1,3,0,1,0,0,0,1,0,1,0,199,255,209,187,139,68,74,58,64,118,190,189,240,255,236,119,39,0,0,0,0,1,0,0,0,0,0,0,42,201,159,1,0,0,0,2,0,0,0,0,16,59,143,239,213,63,2,0,0,0,0,0,1,0,0,0,0,15,10,0,0,0,0,0,0,0,0,0,0,5,39,176,253,183,113,18,0,0,0,0,0,1,1,0,1,0,0,0,0,1,0,0,1,0,0,0,75,228,244,255,254,236,253,68,0,1,0,1,0,0,0,0,0,1,0,0,0,0,0,0,0,1,0,0,101,253,255,208,237,105,89,1,1,1,1,0,0,0,1,0,0,0,1,1,0,2,1,0,0,0,2,0,7,163,247,71,25,0,1,0,0,0,1,1,0,1,0,0,0,0,0,0,0,1,1,0,0,0,2,0,1,17,150,225,175,13,0,0,1,0,0,1,0,0,0,0,0,1,0,0,0,0,0,0,0,0,2,0,0,0,4,72,245,187,49,0,1,1,0,0,0,0,1,1,0,0,0,0,1,0,0,1,2,0,1,2,0,0,0,0,43,221,174,22,0,2,0,0,0,1,0,0,0,0,1,0,0,0,1,2,0,0,1,0,0,1,0,9,94,239,255,226,0,1,0,1,1,2,0,0,0,0,2,0,0,0,1,0,0,2,0,0,0,27,117,220,254,254,249,152,0,0,0,0,1,0,0,0,0,0,0,1,1,1,0,2,0,0,0,56,142,241,253,254,254,238,98,0,0,0,0,1,0,0,0,0,0,0,1,0,0,1,0,0,0,91,157,240,253,253,212,155,121,19,1,1,2,1,0,0,0,0,0,0,1,1,0,0,0,0,1,0,0,15,145,189,148,72,42,0,0,0,1,0,0,1,1,1,1,0,0,0,1,0,2,1,0,2,0,0,1,0,0,1,0,0,0,1,2,2,0,0,2,3,0,1,1,0,1,2,0,0,0,0,0,1,0,0,1,0,1,0,0,0,1,0,3,0,0,0,0,0,0,1,2,0,0,0,0,0,0,0,2,2,2,0,0,0,0,0,1,0,0,0,0,0,2,1,0,0,1,0,2,0,2,0,0,0,0,0,0,1,0,1,0,0,0,0,1,0,1,0,0,1,0,0,1,0,0,1,2,0,0,1,1,1,0,0,1,0,1,0,1,0,1,1,0,0,0,0,0,1,0,0,0,0,0,0,0,0
0,0,0,0,0,1,2,0,0,2,0,0,0,0,0,0,0,1,1,0,1,0,0,0,0,0,0,2,0,0,0,0,0,0,0,2,0,0,0,0,1,1,0,2,2,0,0,0,0,0,0,0,0,2,0,0,0,2,0,0,0,0,0,0,0,1,0,0,0,0,0,0,0,1,0,0,1,0,2,0,0,0,1,0,0,0,0,0,1,0,0,1,0,2,2,0,0,0,0,0,0,2,0,0,0,1,0,1,0,0,1,0,1,0,1,1,0,0,0,1,1,0,0,0,0,1,0,0,1,0,1,0,0,1,2,0,0,0,0,0,0,3,0,1,0,0,0,2,0,0,0,65,127,191,192,64,1,0,1,0,1,1,1,1,0,0,1,1,1,0,0,0,0,4,0,0,127,192,253,253,255,254,255,255,191,0,0,1,1,0,0,1,0,0,0,0,0,0,0,0,0,0,1,254,254,255,255,255,255,255,192,255,255,128,0,0,0,0,0,0,3,0,1,0,1,0,0,0,0,0,0,255,255,255,255,127,64,0,127,254,255,192,0,0,0,0,0,0,0,1,1,0,0,1,2,0,0,0,1,0,128,125,0,0,0,0,191,255,255,190,0,0,0,2,1,0,1,0,1,0,0,0,2,1,0,0,1,1,3,0,0,0,64,255,253,254,255,64,1,0,0,0,1,0,0,0,0,0,2,0,1,0,0,1,0,0,0,0,2,65,254,255,254,255,0,1,0,0,0,0,1,0,0,1,0,0,0,0,0,0,0,2,0,0,1,127,189,255,255,255,255,255,129,1,0,0,1,0,0,1,0,0,0,0,1,0,0,0,0,1,0,1,191,255,255,254,255,255,255,253,253,191,0,0,2,0,0,0,0,1,0,1,1,0,0,0,1,1,0,1,255,255,255,255,252,254,255,255,255,252,255,0,0,0,0,0,1,0,0,1,0,1,0,1,0,1,0,1,129,255,255,255,255,255,128,130,128,255,255,190,0,0,0,0,0,1,2,0,0,0,0,0,0,0,0,0,63,129,128,63,0,1,1,1,0,128,252,255,129,0,0,2,0,0,0,1,0,0,1,0,0,0,0,0,0,1,0,0,1,1,1,1,2,64,255,255,128,2,1,1,2,1,0,0,0,0,0,0,0,1,0,0,0,0,0,0,1,0,0,0,0,127,255,254,255,0,0,0,0,0,0,0,0,1,0,0,0,1,0,0,0,0,0,0,0,0,0,2,0,191,254,254,254,0,1,0,0,1,0,0,1,1,1,0,1,2,0,0,1,0,128,1,0,0,62,128,255,253,255,255,129,0,0,3,0,0,0,1,0,0,0,1,0,0,0,0,0,0,255,255,127,127,255,255,255,255,255,191,0,0,0,0,1,0,1,2,0,0,0,0,1,0,0,0,0,0,192,255,253,255,255,253,255,254,127,0,0,0,2,0,0,0,1,0,0,0,0,0,0,0,1,0,0,0,0,190,254,255,254,254,255,63,0,0,0,1,1,1,2,0,0,2,2,0,0,0,0,0,1,0,0,1,0,0,0,190,129,64,1,0,1,1,0,0,0,1,1,1,0,0,0,0,0,0,0,0,0,1,1,1,0,0,1,0,0,1,0,0,0,0,1,1,2,0,0,0,0,0,0,0,2,0,1,0,0,1,1,0,0,0,0,0,0,0,0,0,0,0,0,0,0,0,0,0,0,1,1,2,0,0,0,2,0,0,0,0,0,0,0,0,0,0,0,1,0,0,0,0,0,2,1,0,0,0
0,1,1,0,1,0,0,0,1,1,0,0,0,0,1,1,0,1,0,0,1,0,0,0,1,0,1,0,1,0,0,1,0,2,0,1,0,0,0,1,0,1,2,1,0,0,0,0,0,0,1,0,0,1,2,3,0,0,0,0,0,4,1,0,0,1,0,0,0,0,2,0,0,0,2,0,1,1,0,1,0,0,0,1,0,0,0,1,0,0,0,1,0,0,0,0,0,0,0,0,0,0,0,2,0,1,2,0,0,2,1,0,1,0,0,0,0,0,2,0,0,0,0,0,0,0,0,1,0,1,0,0,0,0,1,0,0,0,0,1,1,1,0,0,0,1,0,1,1,1,1,0,0,1,0,2,0,0,0,0,0,1,0,1,0,0,0,0,1,0,0,1,0,0,0,1,0,0,0,0,0,0,0,0,1,0,0,0,0,0,0,0,3,0,1,2,0,0,0,1,0,1,0,139,229,255,255,254,169,226,225,253,255,255,170,0,0,0,1,2,0,1,0,0,1,0,0,2,0,1,86,255,197,173,170,170,226,199,171,169,170,199,253,88,0,2,1,0,1,2,0,1,0,0,1,0,0,1,29,58,0,0,0,0,0,0,1,0,0,86,254,28,0,0,0,0,0,0,0,0,0,1,0,0,1,2,1,1,1,1,0,0,0,1,0,0,2,114,200,0,0,1,0,0,0,0,0,0,0,0,0,0,0,0,0,0,0,0,0,2,0,2,0,0,0,226,170,2,0,0,0,0,1,0,0,1,0,1,0,1,2,0,0,1,1,1,0,2,2,1,1,1,88,255,114,0,0,1,0,0,1,0,0,1,0,1,0,0,0,0,0,1,0,0,1,1,0,0,0,0,87,254,58,0,0,0,0,2,0,1,1,0,1,0,0,1,1,1,0,0,1,3,0,0,0,0,0,0,170,199,0,0,0,1,1,0,0,0,0,0,0,0,0,0,0,1,0,1,0,0,0,2,0,0,2,29,255,170,0,1,0,0,1,0,0,0,0,2,1,0,0,2,0,0,1,1,0,0,0,1,1,0,0,88,254,56,1,1,0,0,0,0,0,0,0,0,0,0,0,0,0,0,0,1,0,1,0,0,0,1,0,142,227,2,0,1,0,0,0,0,1,0,1,0,1,0,1,0,1,0,2,0,0,0,1,0,2,1,28,255,169,0,1,0,0,0,0,1,0,1,2,0,1,1,0,0,2,1,0,1,1,0,1,1,0,0,114,254,87,0,1,0,2,1,0,1,0,0,0,0,0,0,0,0,1,0,0,0,0,0,2,1,0,0,226,199,0,0,0,0,0,0,1,0,1,1,0,1,1,0,0,0,0,0,2,0,0,0,0,2,0,30,254,171,0,0,0,0,0,0,0,1,0,0,0,0,2,0,0,0,0,0,0,0,0,0,0,0,0,114,253,29,0,0,0,0,0,0,0,0,2,0,0,0,0,0,0,1,0,0,1,0,0,1,0,1,0,227,169,0,0,1,1,0,2,2,0,1,1,0,0,0,0,0,0,1,1,0,0,0,0,0,0,3,86,255,88,0,0,0,0,1,0,0,1,0,1,0,0,0,1,0,2,1,0,2,1,0,0,0,0,0,225,255,87,0,0,0,0,0,0,0,0,0,0,1,1,1,0,0,0,0,0,0,0,1,1,0,0,0,226,170,26,0,0,0,1,0,0,0,0,0,0,0,0,0,3,0,0,0,0,0,0,2,1,1,0,0,2,0,1,0,2,0,0,0,1,0,0,1,1,2,0,2
1,0,1,0,0,1,1,0,0,0,0,0,0,1,0,1,0,0,1,0,0,0,0,1,0,0,0,0,1,0,1,2,1,1,0,0,0,0,0,0,0,1,2,0,0,0,1,0,0,0,2,1,0,0,0,0,0,1,2,1,0,0,0,1,0,1,0,2,0,0,0,2,22,135,217,254,253,49,0,0,0,1,1,1,0,0,1,1,0,1,0,0,2,0,1,0,0,0,11,95,252,253,253,236,229,43,0,1,2,1,0,0,0,0,1,0,0,0,2,0,1,0,1,0,1,17,199,255,248,216,137,28,0,0,0,0,0,0,0,3,0,0,3,0,0,1,0,2,0,0,0,0,66,207,253,252,128,0,0,0,0,1,1,1,1,0,0,0,0,1,0,1,0,1,0,0,0,1,0,49,191,253,252,126,0,1,1,0,0,0,0,1,0,0,1,0,0,0,1,0,1,0,1,0,0,0,19,220,253,252,68,1,0,0,2,0,1,0,0,0,0,0,0,0,0,0,0,0,0,0,1,0,0,21,194,253,220,119,5,1,0,1,1,0,0,0,0,1,2,1,1,0,0,0,0,1,0,0,0,0,0,108,254,253,113,0,0,1,0,0,0,0,0,0,1,0,0,0,1,0,2,1,0,1,0,0,0,1,97,247,255,177,5,1,0,0,1,0,0,1,0,0,1,1,1,0,0,1,0,0,0,0,3,0,0,16,209,253,252,54,1,0,1,1,0,0,0,0,1,0,1,0,0,0,0,0,1,0,0,0,1,0,2,44,253,252,116,0,1,1,1,0,1,0,2,2,14,1,1,0,0,0,2,0,0,0,0,1,0,0,0,156,253,192,0,0,0,1,0,2,2,98,145,172,253,125,16,0,0,0,0,0,1,0,0,0,2,0,17,217,254,119,0,1,0,0,35,100,165,252,252,253,252,253,170,6,0,0,0,1,0,0,1,0,0,0,27,254,253,71,0,0,18,102,250,253,253,253,199,83,132,254,254,23,0,0,0,1,0,1,1,0,0,0,26,255,254,73,0,21,136,253,254,217,73,71,25,15,175,253,233,19,0,0,0,1,0,1,1,0,1,1,26,252,253,163,1,176,252,254,184,28,0,2,49,175,253,254,157,0,1,0,1,0,1,0,0,0,1,0,17,221,252,213,120,244,253,217,6,0,7,87,198,254,251,185,30,0,1,0,0,0,1,1,0,1,0,1,1,54,253,252,253,254,255,186,97,159,221,253,254,229,157,46,0,0,0,1,0,1,0,1,1,0,0,0,1,2,105,224,252,254,255,254,252,252,254,253,180,112,0,2,0,0,0,0,0,0,1,2,0,0,0,0,1,0,1,38,168,252,253,251,254,191,120,9,4,0,0,1,0,0,0,0,0,0,0,1,0,1,0,0,0,0,0,2,0,0,0,0,1,0,0,0,1,1,0,0,1,1,1,0,0,0,0,0,0,0,1,1,0,0,0,0,1,0,0,2,0,3,0,0,0,0,2,1,1,0,1,1,1,0,0,0,1,0,0,0,0,1,1,2,1,0,0,0,0,0,0,1,0,0,0,0,0,1,0,0,0,2,3,0,0,0,0,0,0,1,0,0,0,0,1,0,1,0,0,0,0,2,0,0,1,0,1,1,0,0,3,0,0,0,0,0,2,1,0,2,1,0,0,1,0,1,1,0,0,0,0,0,0,0,0,0,2,0,0,0,1,0,0,1,2,0,0,0,0,0,1,0,1,0,0,0,0,0,0,0,0,0,0,1,2,1
0,0,0,0,0,1,0,1,0,0,0,0,1,0,0,0,0,0,2,0,0,0,0,0,0,0,0,0,1,0,1,0,0,0,1,1,1,0,0,2,1,2,0,0,1,0,1,0,1,0,2,1,0,1,0,0,0,1,0,0,0,0,2,0,0,1,0,0,0,1,0,0,3,0,0,1,1,0,2,0,0,0,0,2,0,0,0,0,0,1,0,0,1,1,0,0,2,0,2,0,0,2,0,0,1,0,1,3,0,1,1,1,0,0,0,0,2,0,3,1,0,0,1,0,0,0,0,91,116,0,0,0,0,2,0,0,0,0,0,0,0,0,0,0,0,0,0,0,2,1,0,2,1,0,3,208,194,0,0,0,0,1,0,0,0,0,2,1,0,0,0,0,0,0,0,0,2,0,0,3,0,1,51,255,167,0,1,0,0,1,0,0,0,0,0,0,0,1,1,0,0,0,0,0,0,0,1,0,0,0,60,255,96,0,0,0,0,0,0,0,2,0,1,0,0,0,1,0,0,0,1,0,0,2,0,0,1,1,151,253,94,0,0,1,0,1,0,2,0,0,0,0,0,1,0,0,0,0,0,0,1,0,0,0,2,0,200,252,95,0,0,0,0,0,1,0,1,0,0,1,1,0,0,0,0,1,0,0,0,0,1,0,2,1,250,252,97,0,1,1,1,0,0,0,2,0,0,0,0,2,1,0,1,2,1,0,1,0,0,1,1,15,250,250,4,1,0,0,0,0,1,1,0,0,0,0,1,0,2,0,0,0,0,0,1,0,0,0,0,96,254,172,0,2,0,1,0,0,0,2,0,0,0,0,0,0,1,1,0,0,0,0,0,0,0,0,0,155,254,51,0,1,0,0,0,2,1,2,0,0,0,0,1,0,1,0,0,0,1,0,0,0,0,0,0,194,254,50,2,0,0,1,1,1,1,1,0,1,0,0,0,2,0,0,0,0,0,0,0,0,0,0,41,255,255,50,1,1,0,0,1,0,0,0,1,0,0,1,2,2,0,0,0,0,0,0,0,0,0,1,40,254,211,6,0,0,0,1,0,1,1,0,1,2,0,1,0,1,0,0,0,0,0,0,0,0,1,0,42,254,178,1,0,0,0,0,0,0,3,0,0,0,0,0,1,0,0,0,0,1,1,0,0,1,0,0,41,255,103,0,2,0,0,0,0,0,1,0,1,1,1,1,1,0,0,0,0,0,0,0,1,0,0,0,41,253,105,0,0,0,1,0,0,1,2,0,0,0,0,0,2,0,0,0,0,0,0,1,1,0,0,1,40,255,118,0,0,0,0,0,3,0,0,2,0,0,1,0,1,1,1,0,1,2,0,0,0,1,1,0,41,254,206,0,0,1,0,1,0,2,0,0,2,0,0,0,1,1,1,0,0,0,0,1,1,0,1,1,33,243,203,1,1,0,1,1,0,0,1,0,0,0,0,0,0,0,0,2,0,0,0,0,2,0,0,0,1,157,225,18,1,1,0,0,1,1,1,0,0,0,0,1,0,0,0,0,1,2,0,0,1,0,0,1,0,0,2,0,1,0,1,0,1,2,0,0,0,2,0,1,0,0,0,2,0,0,0,0,1,0,0,1,0,1,1,0,1,1,0,1,0,0,0,2,0,1,1,0,1,0,0,0,0,0,0,0,0,0,0,0,0,0,1,0,0,1,0,0,0,0,0,1,1,1,1,0,0,0,0,0,1,0,0,0,0,0,1,1,0,0,0,0,0,0,0,1,0,0,0,0,0,1,0,0
0,0,0,0,1,0,1,0,0,0,0,0,2,0,0,1,0,0,0,0,0,1,2,0,1,0,0,0,0,1,0,0,0,0,0,0,0,0,0,0,0,0,0,0,1,0,0,0,0,0,0,0,1,0,1,0,0,1,0,1,0,1,0,1,0,0,0,0,0,0,0,0,0,0,0,0,0,0,1,2,0,1,2,0,1,1,0,0,0,0,1,0,2,0,0,0,0,1,1,56,226,115,1,1,0,1,3,1,2,1,1,1,1,1,0,0,0,0,0,0,0,0,0,1,1,0,35,229,255,113,0,0,0,0,0,0,0,0,1,1,0,0,0,0,0,0,0,0,2,0,0,0,0,0,217,255,253,114,0,1,1,0,0,0,0,0,0,0,0,0,1,1,0,1,0,2,0,0,1,0,6,156,253,228,235,93,1,0,0,0,0,0,0,0,0,0,0,0,0,0,0,0,0,0,2,1,1,1,77,255,250,58,26,2,0,0,0,0,0,1,0,0,2,0,0,0,0,0,0,0,0,1,0,0,0,39,244,253,137,0,0,0,1,1,0,0,0,0,0,0,0,0,1,0,0,0,2,0,0,1,0,1,1,130,254,237,13,0,1,0,0,0,0,2,0,0,1,0,0,0,1,2,0,0,0,0,0,0,0,0,40,251,251,124,38,38,20,11,1,0,0,0,0,0,0,0,2,0,1,0,0,0,0,0,0,0,2,1,118,254,240,114,250,252,252,212,135,1,0,0,0,0,0,2,1,0,0,0,1,2,0,0,0,0,1,12,226,253,181,255,229,244,254,255,255,187,6,0,0,1,0,1,0,0,0,0,1,0,0,0,0,0,3,103,255,211,11,86,22,38,115,123,251,254,144,0,0,2,0,1,0,1,0,0,1,0,0,0,1,0,0,120,254,202,0,0,0,1,1,1,136,254,214,0,2,1,3,1,0,0,0,0,1,0,0,2,1,0,0,173,254,60,1,2,0,0,0,1,17,255,216,0,0,0,0,1,2,2,0,0,0,0,0,1,0,1,3,219,251,10,3,0,0,1,0,0,89,254,216,0,0,0,1,0,0,0,0,0,0,0,0,1,1,1,58,255,169,1,2,2,1,0,0,54,237,253,123,0,0,1,0,1,0,0,1,1,2,0,0,1,0,0,57,254,168,0,0,2,0,0,56,237,255,161,3,1,0,0,0,0,0,0,0,1,1,0,0,0,0,1,36,240,203,5,0,3,0,126,235,253,130,0,0,1,0,0,0,0,0,1,0,0,1,0,1,1,0,0,0,214,255,96,0,22,139,252,255,125,2,0,0,0,0,0,0,0,0,1,0,0,2,1,1,0,0,0,1,118,255,250,224,236,253,221,59,3,1,0,0,2,0,1,0,0,1,0,0,0,0,0,0,0,1,0,2,6,131,253,255,255,145,13,0,0,0,3,0,1,0,0,0,0,1,0,0,1,1,0,0,0,2,2,1,1,2,0,0,0,0,2,1,0,0,0,2,1,0,0,0,0,0,0,0,1,0,1,0,0,0,0,0,0,0,1,0,0,0,0,1,1,0,0,0,1,1,0,1,2,1,0,0,0,1,1,1,0,0,1,0,1,0,0,1,0,1,1,0,1,0,0,0,0,0,2,0,0,0,0,0,1,0,0,1,0,0,0,1,1,0,0,0,0,0,0,1,0,0,1,0,1,0,0,0,0,0,0,0,0,0,3,0,0,0,0,0,0,0,1,1,1,1,0,0,1,1,0,0,0,0,1,2,1,0,1
1,0,0,0,1,0,0,0,2,0,0,0,0,0,0,0,1,0,0,0,1,2,0,0,0,0,1,0,0,1,0,2,0,0,0,0,0,0,0,0,2,0,1,0,1,0,0,0,1,0,1,0,0,1,1,2,0,1,1,0,0,0,0,0,2,0,0,2,1,0,0,0,0,0,0,1,0,0,1,0,0,0,0,0,0,2,1,1,2,0,0,1,0,0,1,0,0,0,0,0,0,0,0,0,0,0,0,0,0,0,0,1,0,1,0,0,0,1,2,0,0,0,0,0,1,0,1,0,2,0,0,0,0,1,0,0,1,1,0,0,0,0,0,0,0,0,1,0,0,0,38,165,173,173,93,3,0,0,0,0,0,0,0,0,0,0,0,0,0,0,0,1,0,1,0,1,33,157,245,243,225,226,254,124,1,0,0,0,0,2,1,0,0,2,0,0,0,0,0,0,1,2,0,58,236,211,127,31,0,0,134,226,13,0,0,0,0,0,0,0,1,0,0,0,0,0,1,0,0,0,128,242,152,16,2,0,0,0,1,187,146,0,1,0,0,0,2,0,1,2,1,1,0,0,0,0,0,102,246,120,1,0,0,0,0,2,0,58,240,17,1,0,0,0,1,1,0,0,0,1,0,0,0,0,211,222,61,0,0,0,0,0,0,1,0,24,241,87,0,0,0,0,0,0,1,2,0,1,0,2,1,1,19,17,0,0,0,0,1,0,0,0,0,0,159,114,0,0,1,0,0,0,0,0,2,0,0,0,0,0,2,1,0,0,0,0,1,1,0,0,0,0,40,229,0,1,0,0,0,0,0,1,0,0,0,0,0,0,1,0,0,0,0,1,0,1,0,1,1,0,64,205,1,0,1,3,0,0,1,1,0,0,0,1,0,0,0,0,1,0,0,0,0,0,0,2,0,0,138,174,0,2,0,0,0,0,0,0,0,0,0,1,0,0,0,0,0,0,0,2,0,0,0,0,0,67,245,146,1,1,0,0,1,1,0,2,2,1,0,0,0,0,0,0,0,1,1,0,2,0,0,8,109,242,228,21,0,0,0,2,0,1,0,0,0,2,0,0,1,0,0,0,0,2,1,1,8,53,141,225,253,252,64,0,2,0,0,0,2,1,0,2,0,1,1,2,1,2,0,1,0,1,0,30,201,252,253,253,253,235,126,47,0,2,0,2,0,0,1,0,0,1,3,1,2,0,0,0,0,0,2,54,253,254,255,253,255,254,253,252,202,106,16,0,1,2,0,1,1,1,1,1,0,0,0,0,0,2,0,18,80,55,13,13,13,58,138,186,235,252,244,155,70,18,0,0,1,0,0,0,0,0,0,0,1,0,0,1,0,0,0,1,1,2,0,1,13,90,188,241,253,215,0,0,1,2,0,1,0,0,2,0,0,0,0,0,0,0,0,0,1,0,0,0,0,0,0,33,107,60,1,1,0,0,0,0,0,0,1,1,0,0,0,0,0,0,1,1,0,2,1,0,0,2,0,0,0,2,1,0,0,0,1,0,1,0,0,0,0,0,0,2,1,0,0,0,0,0,0,0,0,0,1,2,0,0,0,0,1,0,0,1,3,0,2,1,1,0,0,1,0,0,1,0,1,1,1,0,0,0,0,0,0,0,0,2,1,0,1,1,0,1,0,0,2,1,0,1,0,2,3,0,0,0,1,0,0,0,0,0,2,0,1,0,0,0,0,1,0,0,0,1,0,0,1,0,1,0,0,0,0,0,0,0,0,0,0,0,0,0,0,0,1,0
0,0,0,2,0,0,1,0,0,0,0,0,0,0,0,0,0,0,0,0,0,0,0,1,1,1,0,0,1,0,2,0,1,0,1,1,0,0,0,1,1,0,0,1,0,1,0,0,0,1,0,1,0,0,0,1,0,0,0,0,0,1,1,0,0,0,0,0,0,1,1,0,0,2,0,1,0,0,0,1,1,1,1,0,1,1,0,1,1,0,1,0,1,0,1,1,0,1,0,0,0,0,1,0,0,0,0,0,0,2,0,0,0,0,0,1,0,0,1,0,0,0,1,0,0,0,0,0,0,0,1,0,0,0,0,0,1,0,0,0,0,0,0,0,0,0,0,0,0,0,0,0,0,0,0,0,0,99,255,165,0,1,0,1,0,2,1,0,0,1,0,1,0,0,0,0,2,1,3,1,0,1,3,2,0,244,252,166,0,0,1,0,0,0,1,1,1,1,1,2,0,0,0,0,1,1,0,0,0,0,0,0,81,251,252,165,0,1,0,2,1,0,0,0,1,1,1,0,0,0,1,0,0,1,0,1,1,0,0,7,210,253,250,103,0,0,0,0,0,0,0,1,0,1,0,0,0,0,1,0,0,0,0,2,0,0,0,66,254,249,106,1,1,0,2,1,1,1,0,0,1,0,0,0,0,0,1,0,0,0,0,1,0,0,0,153,253,191,1,0,0,0,0,0,1,0,0,1,0,1,0,1,1,0,0,1,0,0,0,0,0,0,131,246,254,67,2,0,0,0,2,0,0,0,0,0,0,1,0,1,0,0,0,0,0,0,2,0,0,0,213,255,173,4,0,0,2,0,0,0,0,1,0,1,0,0,0,0,0,0,0,0,0,0,0,1,0,116,255,205,12,0,1,0,1,0,0,0,0,1,0,0,0,0,0,0,0,0,0,2,0,2,1,1,83,234,255,138,0,1,0,0,0,2,0,0,0,2,0,0,0,0,1,0,0,0,0,1,3,3,1,25,224,253,159,0,0,1,1,1,0,0,1,0,0,0,0,1,0,0,1,0,0,0,1,0,1,3,0,122,254,253,35,0,0,0,0,0,0,0,2,0,0,1,0,0,0,0,2,3,0,0,0,0,0,0,5,194,252,162,0,1,1,2,2,0,0,1,0,0,1,0,0,0,0,0,2,0,0,0,0,0,0,1,117,253,212,20,0,0,0,0,0,0,0,0,0,0,0,0,0,0,1,0,1,0,0,0,0,2,0,0,194,245,91,0,2,1,0,1,1,0,0,0,0,0,0,2,0,2,0,0,0,1,0,0,0,0,0,156,248,172,0,1,0,1,0,0,1,0,0,1,0,0,0,2,1,0,2,0,1,0,1,0,2,0,28,223,190,9,0,0,1,0,1,0,1,2,0,2,0,1,0,0,2,0,0,1,0,0,0,0,1,0,78,253,65,0,0,0,0,3,0,0,0,0,1,0,0,0,0,0,0,0,1,0,0,2,0,1,0,16,230,154,6,0,0,0,1,0,0,0,0,0,0,0,1,0,0,0,2,0,1,0,0,1,0,0,0,13,191,31,0,0,0,1,0,1,0,0,0,0,0,0,1,0,0,2,0,1,0,0,1,0,0,0,1,0,1,0,0,1,0,0,0,1,0,0,0,0,0,0,0,0,0,0,0,0,0,0,0,0,0,0,0,0,0,0,0,0,1,0,0,2,1,0,0,0,0,2,0,1,1,0,1,0,0,0,0,0,0,1,0,0,0,0,1,0,2,0,1,0,0,1,0,0,0,1,0,0,0,0,0,1
0,1,0,0,0,2,2,0,0,1,0,0,1,0,1,0,0,0,0,0,1,0,1,1,0,0,0,0,2,0,1,1,1,0,0,0,0,0,0,0,0,1,0,1,0,0,1,1,0,0,1,1,0,0,0,2,1,1,0,0,1,0,0,0,1,0,0,0,0,2,0,0,0,0,0,1,0,0,0,1,1,0,0,0,1,0,0,0,0,0,1,0,0,0,0,0,0,2,0,2,1,1,0,0,0,0,1,0,1,0,0,0,0,0,0,0,0,0,0,0,0,0,0,0,0,0,1,0,0,0,0,0,0,2,1,0,0,0,0,0,0,0,0,0,1,0,1,0,0,0,1,0,0,0,0,1,0,0,0,0,1,0,1,0,0,0,1,0,0,0,0,1,1,1,0,0,0,1,1,0,0,1,0,2,0,1,1,1,0,0,0,0,0,0,0,0,0,0,1,1,0,0,1,0,25,148,254,255,210,78,1,0,0,0,0,0,1,2,0,0,0,0,0,0,1,0,1,1,0,0,0,0,168,253,253,253,252,241,122,2,0,2,2,0,0,0,0,1,1,1,1,1,0,0,0,0,1,0,0,0,233,254,253,246,218,240,251,209,73,224,56,0,0,0,2,0,0,1,1,1,0,0,1,0,2,1,2,0,235,253,243,51,0,64,237,254,253,251,233,95,0,0,0,0,1,0,0,0,0,1,0,2,0,0,0,1,223,253,185,2,2,2,158,252,253,253,245,74,1,0,0,2,0,1,0,0,0,0,1,1,0,0,1,0,129,252,167,25,63,94,239,254,253,253,147,0,0,0,1,0,1,0,0,0,0,0,0,1,0,0,0,0,124,253,255,233,249,254,254,253,253,251,70,0,0,0,0,0,0,0,0,0,2,0,1,0,0,2,0,1,9,160,246,252,251,253,254,254,254,233,26,0,0,0,0,0,0,0,2,0,0,1,0,0,0,1,0,1,1,0,42,144,143,81,124,254,252,219,2,0,0,0,0,0,0,0,1,1,0,1,0,1,0,1,0,2,0,2,0,0,0,0,162,253,253,120,0,0,1,1,0,0,0,1,1,0,0,1,1,1,1,0,1,0,1,1,0,0,0,0,203,254,253,119,2,1,0,0,0,0,0,0,0,2,0,0,0,0,0,1,1,1,0,0,0,0,0,30,232,254,253,16,2,1,0,0,0,1,0,0,0,0,0,1,1,1,0,2,1,0,0,0,0,0,0,89,254,254,253,16,2,0,0,0,1,0,0,1,0,1,0,0,0,0,1,0,1,1,2,0,0,2,0,157,254,252,254,15,1,0,0,0,0,0,0,0,0,1,0,0,0,0,1,4,0,0,1,0,0,0,0,157,254,252,253,16,0,0,0,0,0,2,1,0,2,0,0,0,1,0,2,0,1,0,0,0,2,1,1,156,253,252,209,8,2,0,0,0,0,0,0,0,1,1,0,2,1,0,0,0,1,1,0,0,0,0,0,156,253,252,165,0,1,0,0,0,0,2,0,0,1,0,0,1,0,0,1,0,0,1,0,1,1,0,0,156,252,253,117,0,0,0,0,0,1,3,1,1,0,1,0,0,1,0,0,0,0,1,0,0,1,0,0,120,242,254,105,0,0,2,2,1,0,0,1,0,1,0,0,0,0,0,1,0,1,2,0,0,1,3,1,0,118,237,36,0,0,1,2,0,0,0,2,0,0,0,0,0,0,1,3,0,1,0,0,1,1,0,0,0,2,2,0,2,1,0,0,0,0,0,0,0,0,0
0,0,0,1,0,1,0,0,0,0,1,0,2,0,1,0,0,1,1,0,0,1,0,0,1,0,0,2,3,0,0,1,1,0,0,0,1,0,0,0,1,1,0,1,0,0,0,0,0,0,0,0,0,0,0,1,0,2,0,0,0,0,1,0,0,0,2,0,0,0,1,0,0,0,0,2,0,1,0,0,0,0,0,0,0,1,0,0,0,0,0,1,0,0,0,0,0,0,0,0,3,1,1,0,0,1,1,1,0,2,0,0,0,0,0,1,0,1,1,0,0,0,0,0,1,0,0,0,0,0,0,0,0,0,0,1,0,0,0,0,2,1,0,0,0,0,0,2,0,1,0,48,77,77,77,77,38,0,0,0,0,2,0,1,2,0,1,1,0,0,0,1,0,1,0,2,7,88,214,241,254,255,254,253,239,151,20,1,0,1,1,1,0,0,0,0,1,0,1,0,1,0,1,26,254,254,253,254,254,253,252,253,252,254,172,27,0,1,0,0,1,0,0,1,0,0,0,0,0,0,25,205,255,255,255,254,228,173,173,236,255,255,254,160,26,0,0,0,0,1,0,0,0,1,0,2,2,0,74,254,255,253,197,67,18,0,0,21,186,255,253,254,176,0,0,0,2,2,0,0,0,0,1,0,0,0,1,203,254,254,68,0,1,1,0,0,8,181,253,254,231,27,0,0,0,0,0,0,0,1,0,1,0,0,0,29,167,87,6,0,0,1,0,0,0,14,218,253,254,160,2,0,1,0,0,0,0,1,0,0,0,0,3,0,0,0,0,0,0,0,0,1,1,0,151,254,254,254,7,1,1,0,0,0,0,0,1,1,1,0,0,0,0,1,0,2,1,0,0,1,0,0,166,254,253,187,1,0,0,0,0,2,0,0,0,1,0,1,0,1,0,29,94,95,93,93,73,0,1,0,209,254,254,151,1,1,0,0,0,0,0,0,0,0,0,1,50,133,239,244,255,255,254,253,251,239,182,130,232,254,253,96,3,8,0,0,0,1,2,0,0,0,1,98,232,254,255,254,255,255,255,254,254,254,255,254,255,254,254,183,178,196,123,1,1,0,0,0,1,0,0,234,255,255,255,254,207,156,159,162,253,254,253,252,255,254,254,251,254,253,166,2,1,1,3,0,0,0,0,149,254,255,252,172,91,26,66,136,215,255,254,255,254,253,254,253,255,158,21,0,0,0,0,0,0,0,0,62,237,253,253,252,255,255,254,254,255,253,254,255,201,190,188,188,129,23,1,0,0,0,0,0,0,0,2,1,109,245,253,252,255,253,252,255,253,253,247,125,8,0,0,0,0,0,1,1,0,0,1,1,0,3,2,0,1,9,113,115,115,135,222,122,114,76,5,1,0,0,0,0,0,0,0,0,2,0,1,1,1,0,0,0,0,1,1,0,2,0,1,1,0,1,0,0,1,0,0,0,1,0,0,0,0,0,0,0,0,0,0,0,1,0,0,1,1,0,2,0,1,1,0,0,0,1,0,0,1,1,1,0,0,0,0,0,0,0,1,0,0,0,0,0,0,1,1,0,0,0,0,0,1,0,0,0,1,1,0,1,1,0,0,2,0,0,0,0,0,0,0,0,0,2,0,1,0,1,0,0,1,0,0,0,1,0,0,1,1,0,1,0,0,0,0,0,0,0,2,0,0,1,2,0,0,1,0,0,1,0,0,1,0,0,0,0,0,1,0,0,0,0,0,0,0,0,0,0,0,1,0,0,0,1,1,1,0,0,0,1,0,0,0,0,0,0
0,0,0,1,0,0,0,1,0,1,0,0,0,0,0,0,2,1,2,0,0,0,0,1,0,0,1,0,0,0,1,1,0,0,1,0,0,0,1,0,0,1,2,1,0,0,0,0,0,0,0,2,0,0,0,0,0,0,0,0,1,1,1,1,0,0,0,0,1,0,0,0,1,0,1,0,0,2,0,0,0,0,0,0,0,0,0,1,1,0,0,0,0,1,0,1,1,0,0,0,0,0,0,0,0,1,0,0,0,1,1,0,0,0,0,0,0,0,1,0,0,0,2,1,0,0,2,0,0,0,0,0,0,0,0,0,0,0,0,2,0,0,0,0,0,0,0,0,2,1,0,1,0,0,166,254,255,253,255,247,73,0,0,0,1,0,1,0,0,1,0,0,0,1,0,0,0,1,0,16,140,222,250,254,255,253,254,254,213,20,1,0,2,0,0,2,0,2,1,0,0,0,0,0,0,3,69,228,253,253,252,239,152,133,189,253,253,167,0,1,0,0,0,0,1,1,0,0,1,0,0,0,0,26,252,253,253,147,125,59,0,0,39,232,252,141,0,1,0,0,0,0,0,1,0,1,0,1,1,0,2,142,252,255,167,24,2,0,0,0,28,239,253,92,0,1,1,0,1,0,0,0,0,0,0,0,1,0,24,235,255,208,7,0,0,0,0,0,63,255,255,157,0,1,0,0,0,0,0,1,1,0,0,1,0,1,28,240,254,182,0,1,0,0,0,1,128,253,202,40,0,1,0,1,0,0,0,0,0,0,0,0,1,0,1,199,253,217,10,0,0,0,0,9,209,193,23,0,1,0,0,1,0,0,1,0,0,1,0,1,0,0,0,93,254,252,127,0,0,1,1,93,250,101,0,0,0,0,0,0,0,0,0,1,0,0,0,0,1,1,1,11,195,253,238,57,1,0,0,113,120,0,0,0,0,1,1,0,0,0,0,0,0,0,0,0,0,0,3,0,33,254,254,241,63,0,0,0,0,1,1,0,1,1,1,1,1,0,2,1,1,2,0,0,0,0,1,1,0,75,245,253,239,81,54,76,145,145,177,145,114,0,0,0,1,1,1,0,1,0,0,1,0,1,0,0,13,93,243,254,253,254,254,252,253,237,215,191,69,1,0,0,0,0,0,1,0,0,0,0,1,0,0,60,217,254,252,253,255,254,254,101,55,30,1,0,0,0,0,0,0,0,0,0,1,0,0,0,0,1,27,236,253,253,232,162,200,253,254,83,0,1,0,1,1,0,1,1,0,1,1,0,0,0,0,0,1,0,36,253,253,181,6,0,0,181,255,109,0,2,0,0,1,0,0,0,0,0,0,0,1,0,1,0,1,0,29,240,253,113,0,2,0,181,254,173,0,3,0,0,0,2,0,0,0,0,0,0,0,0,1,0,0,0,1,155,252,245,113,37,76,217,255,140,0,2,0,1,0,0,0,0,0,0,1,3,1,0,1,0,1,0,0,37,247,254,253,252,252,255,248,68,0,1,0,0,0,0,3,2,0,1,3,0,0,1,0,0,2,0,0,1,54,165,246,254,253,223,83,0,0,0,0,0,0,0,0,0,0,0,1,1,0,0,0,0,0,0,1,0,1,2,0,0,2,0,0,0,1,0,0,0,0,1,1,0,0,0,0,2,1,0,0,0,1,1,1,0,0,0,0,0,0,1,0,1,0,2,1,1,0,0,0,0,0,1,0,0,1,1,0,0,0,0,0,1,0,0,0,2,1,1,0,0,0,0,1,0,0,0,1,2,0,0
0,0,1,2,0,0,1,0,0,1,0,0,0,0,1,1,0,0,0,1,0,0,2,0,0,1,0,0,0,0,0,0,0,0,0,0,1,0,0,0,0,0,0,0,1,0,0,0,0,0,0,0,1,0,2,0,0,0,0,0,1,0,0,0,0,0,0,0,2,1,0,112,253,58,0,0,0,1,2,1,1,1,0,1,0,0,0,0,0,0,0,2,0,1,1,2,0,2,79,255,236,114,0,0,2,0,0,1,0,0,0,1,0,0,0,1,0,0,1,0,1,1,1,0,0,1,155,253,96,0,1,1,0,0,0,0,1,0,0,0,0,0,0,0,0,1,1,0,3,0,0,1,0,131,251,213,3,0,0,0,0,0,2,0,2,0,2,1,0,0,0,0,0,0,1,0,0,0,1,0,34,203,255,39,0,2,0,0,0,1,2,0,0,1,0,0,0,0,1,0,2,2,0,0,0,2,0,7,233,254,167,0,0,0,0,0,0,0,0,0,0,0,0,0,0,0,0,2,0,0,1,0,0,0,1,116,253,177,12,0,1,0,1,1,0,0,0,1,0,0,0,0,0,0,0,0,0,1,1,1,0,0,55,244,246,56,1,0,1,0,0,2,0,0,1,0,1,1,2,0,0,2,0,0,1,0,0,0,1,0,124,253,176,0,1,1,0,0,0,1,0,0,0,1,1,0,0,0,1,0,0,0,1,1,0,0,0,26,223,244,14,1,1,0,1,0,0,1,1,0,0,0,1,1,0,1,0,0,1,0,0,0,0,0,1,119,255,230,2,0,0,0,1,2,1,1,0,0,0,0,0,0,0,0,0,0,0,1,0,0,0,0,0,166,253,104,0,0,1,8,68,158,179,151,45,1,0,0,0,0,0,1,2,1,0,0,1,0,0,1,9,198,252,23,1,32,149,217,252,253,253,253,200,9,1,0,0,0,0,0,1,0,0,0,2,1,0,0,9,207,254,90,89,218,252,251,233,140,190,253,246,19,0,1,0,0,0,3,0,1,1,1,0,0,0,1,1,167,255,251,255,237,149,78,1,24,208,252,139,1,1,0,0,0,0,0,0,0,1,0,0,0,0,0,0,165,253,252,239,68,0,1,0,139,253,209,11,0,1,0,2,0,1,1,0,0,0,0,0,1,0,1,0,65,253,254,230,31,0,2,119,250,236,55,1,0,0,0,1,0,0,1,0,0,0,0,0,0,0,0,1,23,138,252,254,180,154,168,252,252,102,0,0,0,1,0,0,2,1,1,0,1,1,1,1,0,0,0,1,0,1,116,252,255,253,254,252,146,4,0,0,0,0,0,1,1,0,0,0,0,2,1,0,0,1,0,1,2,0,0,34,116,189,143,65,6,1,2,1,2,0,0,0,0,0,0,1,0,0,0,0,0,1,0,0,0,0,0,1,1,0,0,0,0,1,0,0,1,2,0,1,0,0,0,2,2,0,0,0,0,0,1,1,0,1,0,0,0,1,0,1,0,0,0,0,1,1,2,0,0,0,0,2,0,0,2,0,0,0,0,1,0,0,1,0,0,0,0,0,0,1,0,0,0,2,0,0,0,0,0,0,0,0,0,0,0,0,0,0,1,1,0,1,0,0,1,0,0,0,0,0,2,0,0,1,0,0,0,1,0,0,0,0,0,1,1,0,0,0,1,0,0,0,0,1,0,1,0,0,0,0,3,2,0,0,0,0,0,0,0,0,0,0,1,0,0,0,0,0,0,0,0,0,1,1,0,1,0,0,1,0,1,1,0
0,1,0,2,0,0,0,1,0,1,1,0,1,0,0,0,1,0,0,0,1,1,1,0,0,1,0,0,4,1,0,0,0,1,0,2,0,0,0,0,0,0,0,0,0,0,0,0,0,1,0,2,1,0,0,1,1,0,0,1,0,0,1,1,0,1,0,0,0,2,0,0,0,0,1,0,0,0,0,0,2,0,0,0,0,1,1,1,0,0,1,0,1,0,0,0,2,0,0,0,0,2,0,0,0,0,0,0,0,0,0,0,0,0,0,0,0,0,0,0,0,1,1,1,0,1,0,0,0,0,0,0,0,0,0,1,0,0,0,0,0,0,0,0,1,0,0,0,1,0,0,0,0,0,233,240,28,2,1,1,0,1,0,0,0,2,0,0,0,0,0,0,0,1,0,0,0,0,0,0,2,16,255,253,45,1,1,1,0,1,0,0,0,0,1,0,0,0,0,0,0,1,1,0,0,0,0,0,0,79,255,252,52,0,1,1,0,0,2,1,0,0,1,0,0,0,1,0,1,1,1,1,0,0,0,0,0,7,255,252,108,2,0,0,0,0,0,2,0,0,0,1,1,1,0,2,2,0,0,0,1,0,0,1,0,78,252,252,107,0,0,0,0,1,1,0,1,0,2,1,0,0,0,0,0,0,2,0,0,0,0,0,0,78,255,255,86,1,0,2,0,0,0,1,1,0,0,2,0,0,0,0,0,0,0,0,1,2,0,0,0,4,253,255,108,0,0,0,0,0,0,0,1,0,0,0,1,0,0,0,0,0,0,0,1,0,0,0,0,57,254,253,50,0,0,1,0,1,0,0,0,1,1,0,0,1,0,0,0,0,1,0,0,0,2,1,1,78,252,254,32,0,0,0,0,0,0,0,0,0,1,0,0,0,1,0,2,0,0,2,0,0,0,0,0,77,254,251,77,1,0,1,0,0,2,2,0,0,1,0,0,0,0,0,0,0,2,0,0,0,0,1,1,77,255,254,100,1,0,0,0,0,0,1,0,1,0,1,0,0,0,0,0,0,1,1,2,0,0,0,1,78,254,245,24,0,0,1,0,1,0,1,1,0,0,0,0,0,0,0,0,0,0,0,0,0,0,0,0,166,254,185,0,0,1,0,0,2,0,1,0,1,0,1,0,0,0,0,0,2,1,0,2,0,1,0,20,239,253,131,0,0,0,0,1,0,1,0,0,0,0,0,0,0,0,0,0,0,0,0,0,2,1,0,55,252,254,120,1,0,0,3,0,0,0,2,0,0,0,0,0,0,2,2,2,0,2,0,2,0,1,1,73,254,241,26,0,0,0,0,1,0,0,0,1,0,0,0,0,1,1,1,1,0,0,0,0,2,0,20,232,252,156,0,0,2,1,0,0,0,1,1,0,0,2,1,0,0,0,0,0,0,0,0,1,0,1,40,251,245,22,0,1,0,0,1,0,0,0,0,2,0,0,0,0,0,1,0,0,0,0,0,0,0,1,125,252,176,0,0,0,0,1,1,0,0,1,0,0,0,1,1,1,1,0,0,0,2,0,0,0,2,2,139,254,105,2,1,0,2,1,2,0,0,2,0,0,0,0,1,0,0,0,1,0,0,1,0,0,0,0,0,0,0,0,2,0,0,0,0,0,0,0,1,0,1,1,0,3,0,0,1,1,0,0,0,1,1,1,0,0,1,1,1,1,0,0,0,0,0,0,1,1,0,1,1,0,0,0,1,0,0,0,0,0,0,0,0,0,0,0,2,2,1,0,0,1,0,0,0,0,0,1,0
0,0,1,0,0,0,0,2,2,0,0,0,0,0,1,0,0,0,1,1,1,0,2,1,0,0,1,0,1,0,0,0,0,0,0,0,0,0,0,0,0,1,2,1,1,0,0,2,1,0,0,0,0,1,1,0,0,0,1,1,0,0,0,1,0,0,1,1,0,0,0,0,0,0,0,0,0,2,0,0,0,0,0,1,0,0,1,0,0,0,0,0,0,1,1,0,0,0,0,0,0,0,0,0,0,0,0,0,0,2,0,3,1,0,1,0,1,2,0,1,0,2,0,0,0,1,0,0,0,1,0,1,0,0,0,0,1,0,0,0,0,1,0,0,0,0,1,1,0,0,0,0,2,0,1,0,0,0,0,0,0,0,0,1,0,0,0,2,0,2,0,0,0,2,2,0,0,1,0,0,0,2,21,125,112,196,168,117,11,0,0,1,0,0,0,1,1,0,2,0,1,0,0,0,0,0,0,0,0,80,228,254,232,191,158,250,166,52,0,0,1,0,2,0,0,0,0,0,0,0,0,0,1,1,0,12,153,242,171,46,16,0,0,74,255,137,0,1,0,0,0,0,0,1,1,1,1,0,0,0,2,4,36,191,245,139,21,1,0,0,0,111,253,64,1,0,0,0,0,0,2,0,1,0,0,0,0,1,3,92,253,240,83,1,0,0,1,0,93,250,143,13,0,0,1,0,1,0,0,0,0,0,1,1,0,2,63,247,94,25,0,1,0,0,0,2,160,211,10,0,0,1,1,0,0,0,0,2,1,1,0,0,0,129,239,48,0,0,2,0,0,0,2,108,254,82,0,1,1,0,0,0,0,0,0,1,1,1,0,0,49,244,73,0,0,0,0,0,0,1,4,225,186,8,0,1,0,0,1,0,0,0,0,0,1,1,1,1,71,219,0,0,0,0,0,1,0,43,213,255,78,0,1,1,1,0,0,1,0,0,0,0,1,2,0,0,91,219,0,0,0,45,35,17,0,7,207,241,7,2,2,0,0,2,0,1,1,0,1,0,1,1,0,0,45,230,212,178,178,245,129,27,1,73,255,98,0,0,1,1,0,0,1,1,0,0,1,1,0,1,0,0,0,60,169,201,147,43,1,0,3,201,246,20,0,0,0,0,0,0,0,0,0,0,0,0,0,0,0,0,0,1,0,0,0,0,1,0,36,255,161,0,0,0,1,1,0,1,0,0,1,1,0,2,0,1,1,0,0,0,0,2,0,1,1,0,181,255,71,0,0,0,0,0,0,0,1,0,1,0,0,1,0,0,0,0,0,1,0,0,0,0,0,12,223,243,29,1,0,0,0,0,0,0,0,0,0,0,1,0,0,0,0,0,0,1,0,0,0,0,0,45,255,167,0,0,0,0,0,0,0,0,0,0,0,0,1,0,0,1,2,0,1,0,0,1,1,1,0,137,254,60,0,0,0,1,0,0,0,0,1,3,0,2,0,0,0,0,3,0,0,0,0,0,1,0,0,224,241,32,0,0,0,0,0,0,1,0,0,0,0,0,0,0,0,0,1,1,0,0,0,0,0,0,0,222,189,0,0,2,0,1,0,0,0,0,0,0,0,0,0,0,0,0,0,0,1,0,0,1,0,1,0,192,226,1,0,1,0,2,1,0,1,0,0,0,0,1,0,0,0,1,0,1,0,0,1,0,1,0,1,0,1,0,0,1,0,0,1,0,2,1,0,0,0,1,0,0,0,0,1,0,0,1,0,1,0,0,0,0,0,0,1,0,0,0,1,0,0,0,1,1,0,1
0,0,0,1,0,0,1,2,0,2,0,0,1,1,0,2,0,0,1,0,2,1,1,0,0,1,0,0,0,0,0,0,1,0,0,2,0,1,2,0,1,0,0,1,2,0,1,0,0,0,1,1,0,0,1,0,0,0,0,0,1,0,0,1,1,0,0,1,0,0,0,0,0,0,0,0,1,0,0,0,1,0,1,0,0,1,0,0,1,0,0,0,0,0,0,0,1,0,0,0,0,0,1,0,0,1,0,0,0,0,0,0,1,1,0,0,0,0,0,0,0,1,0,2,0,0,1,0,0,2,11,42,168,118,3,0,0,0,0,1,0,0,1,1,0,1,0,0,0,2,0,12,20,24,27,145,145,161,252,253,253,205,15,0,0,0,1,0,0,0,0,0,0,0,0,2,1,27,73,202,240,254,253,252,254,253,252,252,253,95,0,1,0,0,0,0,0,1,0,1,0,0,0,1,0,180,254,253,252,253,252,253,255,223,238,217,204,38,0,1,0,0,0,0,0,0,1,0,0,2,1,0,0,180,252,253,229,222,191,129,73,28,48,21,2,1,0,0,0,0,0,1,1,0,1,2,0,0,1,0,0,148,254,96,36,29,0,0,1,0,2,0,0,0,0,1,0,0,1,0,1,0,0,0,1,1,0,0,1,61,253,48,0,0,0,0,2,0,0,0,0,2,0,0,1,1,1,0,0,1,1,0,1,0,0,1,0,165,254,167,218,217,219,97,42,0,1,1,1,1,2,0,1,0,0,0,0,0,1,1,0,2,1,0,96,247,253,253,251,252,254,255,229,93,1,0,0,0,0,0,0,0,1,1,0,1,0,0,1,1,0,0,170,252,254,254,253,253,253,253,252,250,81,0,0,0,0,0,0,1,0,0,0,0,0,0,0,0,1,0,163,213,121,81,0,110,121,185,253,252,233,43,0,2,0,0,0,0,0,0,0,0,2,2,1,0,0,0,0,0,1,0,3,1,0,7,107,198,254,191,1,0,0,1,0,1,0,1,0,0,0,0,2,1,0,2,0,0,0,2,1,0,0,0,0,79,242,230,38,1,1,0,0,0,1,2,2,0,1,0,0,0,2,1,0,13,50,50,7,0,1,0,0,1,169,254,82,0,0,0,1,1,0,0,1,0,1,0,0,1,0,9,142,199,253,105,10,2,0,0,1,0,111,254,181,0,0,0,0,0,0,0,0,0,1,0,0,0,0,35,252,253,106,13,0,1,0,0,0,10,193,255,147,1,0,0,0,0,0,0,0,2,0,0,0,1,0,8,185,253,182,57,0,0,0,0,50,166,253,252,61,0,0,0,0,0,0,0,0,1,0,0,0,1,0,0,48,224,251,243,172,97,99,217,238,251,253,202,8,0,0,0,0,2,0,0,0,0,0,1,0,1,0,0,0,45,227,253,254,253,251,254,255,252,180,54,0,0,1,0,2,0,0,1,1,0,0,0,0,1,0,0,1,0,8,11,117,243,254,254,242,115,4,0,1,0,0,1,0,0,1,1,1,1,2,1,0,0,0,1,1,0,0,1,0,1,1,2,1,1,0,0,0,0,1,0,1,0,0,0,1,0,1,1,0,1,0,0,1,0,1,0,2,0,0,0,0,1,0,0,0,0,0,0,0,0,0,0,2,1,0,1,1,1,0,0,0,0,1,0,1,2,1,0,0,1,1,0,0,1,0,0,0,1,0,0,1,1,0,2,0,0,0,0,1,0,1,0,1,0,0,0,0,0,0,0,2,1,2,1,0,0,0,1
0,1,1,0,0,0,0,1,0,0,1,0,1,1,0,0,0,0,0,0,0,0,1,1,0,0,0,0,2,0,0,0,0,0,1,1,1,1,0,0,1,0,1,0,0,2,0,1,0,0,1,0,0,0,1,0,0,1,0,0,0,1,0,0,1,0,1,1,0,0,0,0,1,0,0,0,1,1,0,0,3,0,1,0,1,0,1,0,0,0,1,0,0,0,1,87,151,193,255,223,132,32,0,0,0,0,0,0,0,0,0,1,0,1,0,1,0,0,0,1,0,0,99,253,255,253,252,254,253,219,33,0,1,1,0,0,0,2,0,1,0,0,0,0,0,1,0,0,0,2,84,242,213,111,112,144,254,253,171,1,0,1,0,1,0,1,1,0,0,0,0,1,0,0,0,0,0,0,0,51,0,0,0,64,252,254,179,7,0,1,0,0,0,1,2,0,0,2,0,1,0,0,0,0,0,0,0,1,0,1,0,31,223,254,204,17,0,2,0,0,0,1,1,0,0,2,0,1,0,1,0,0,0,0,1,0,0,0,0,64,252,251,172,0,1,0,0,0,0,0,1,1,1,1,2,1,0,0,0,0,0,1,0,0,2,0,0,61,253,253,213,22,0,0,0,0,0,0,1,0,0,0,0,0,0,0,0,0,0,0,0,2,0,0,0,63,251,252,172,0,0,0,0,0,0,0,1,0,0,0,0,0,0,0,1,0,1,0,0,0,0,0,0,149,252,253,173,2,2,0,1,0,0,0,0,2,0,0,0,0,0,1,0,0,0,1,1,0,0,0,13,203,251,251,172,0,0,0,0,2,0,0,0,0,3,1,0,0,0,0,0,0,0,0,0,0,0,0,149,252,254,252,78,0,0,2,1,0,0,0,1,0,0,0,0,1,0,0,1,1,1,0,0,49,76,99,237,252,254,218,23,1,1,1,0,0,1,1,0,0,1,0,0,1,0,0,0,0,45,142,159,236,254,253,251,255,252,254,215,204,99,190,144,89,43,0,0,0,0,2,0,0,1,0,0,47,180,253,253,254,252,252,252,253,252,253,226,240,254,252,251,254,235,65,1,0,0,0,0,0,0,0,4,239,252,253,251,251,253,252,254,229,127,38,21,30,37,36,36,152,103,0,1,1,0,0,0,0,0,0,6,254,254,242,79,171,253,255,255,192,0,0,0,0,0,0,0,1,0,0,2,0,0,0,0,0,1,0,120,253,253,177,29,245,252,254,179,53,0,0,0,2,1,0,0,1,0,0,1,0,0,0,0,0,0,0,131,252,180,87,237,252,252,231,43,0,2,0,0,0,0,1,0,0,1,3,0,0,0,0,0,1,0,2,73,254,248,249,254,253,176,50,1,0,0,0,0,0,0,0,0,0,0,0,1,0,0,1,0,1,0,0,0,72,198,241,130,51,1,0,0,0,0,0,0,2,0,1,1,0,0,0,0,1,2,0,0,1,0,0,2,0,0,0,1,1,1,0,0,2,0,2,1,0,0,1,0,2,0,0,0,0,1,0,1,1,1,0,0,0,0,0,0,0,0,0,1,0,0,0,0,0,1,0,0,0,0,0,0,0,2,1,0,0,0,1,1,0,0,0,1,1,0,0,1,0,0,2,1,0,0,1,1,1,0,0,1,0,0,2,0,0,0,1,1,0,0,2,0,1,2,1,0,2,0,1,0,0,1,1,0,0,1,0,0,0,0,1,1,1,0,0,0,0,0,1,0,1,0,1,0,1,1,0,0,0,0,0,0,0,0,1,1,0
1,1,0,0,1,0,1,1,1,1,0,0,0,1,0,1,0,1,0,1,2,0,1,0,0,0,0,0,0,0,0,0,1,1,0,0,2,0,0,2,0,0,1,0,0,0,0,0,2,1,1,0,0,0,0,0,0,0,0,0,0,0,0,0,0,2,0,0,0,1,1,1,0,0,2,0,0,0,1,0,2,0,0,1,0,1,0,1,0,0,1,1,0,3,2,1,0,0,1,1,1,0,0,0,0,0,0,0,0,1,0,0,0,0,1,0,0,1,0,0,2,1,1,1,0,1,0,119,239,254,175,0,0,0,0,0,0,0,1,0,0,0,0,0,0,0,2,3,1,1,0,0,0,34,193,254,250,246,214,1,0,0,1,1,0,0,2,1,0,0,2,0,0,0,0,0,0,0,2,73,175,247,252,205,86,108,214,1,0,0,0,0,0,0,1,1,0,1,0,1,0,0,0,0,1,50,162,249,253,231,137,7,1,65,144,1,1,0,0,2,0,0,1,0,0,1,0,0,0,0,0,0,18,194,255,245,155,34,0,0,2,0,0,1,0,1,0,0,0,0,0,0,0,1,0,0,0,1,0,0,39,255,241,104,0,1,0,0,0,0,0,0,2,1,0,0,1,1,0,0,1,0,1,0,0,0,0,0,22,227,222,25,0,0,0,0,1,0,1,0,0,0,0,0,0,0,0,0,0,0,0,0,0,0,0,0,0,165,253,211,55,2,0,0,1,0,2,0,0,3,0,0,1,0,0,0,0,0,0,0,0,1,0,1,0,9,186,254,247,167,40,0,0,0,1,0,0,0,0,1,1,0,0,0,0,0,1,0,1,0,0,0,1,0,13,148,254,253,252,136,53,1,0,0,1,0,1,0,0,2,0,0,0,2,1,0,0,3,0,0,0,0,0,0,31,187,241,253,208,127,26,2,0,0,0,0,0,0,0,0,0,3,0,0,0,0,0,0,1,0,0,0,1,0,30,123,244,253,218,81,1,0,0,1,0,0,0,0,0,2,0,1,0,0,1,0,0,0,0,1,0,1,1,1,36,170,255,254,98,0,0,0,1,0,1,0,0,0,1,1,1,0,0,2,1,0,0,0,1,0,1,0,1,7,131,254,228,21,0,0,1,0,1,0,1,1,0,0,0,0,0,2,0,1,0,0,0,1,0,0,1,0,24,231,255,38,0,1,0,0,0,0,1,0,0,0,1,0,1,1,8,35,0,0,0,0,0,0,0,0,63,254,255,36,1,0,0,0,0,0,0,0,1,1,1,2,0,0,83,153,1,0,0,0,0,1,0,44,228,251,219,20,0,0,0,0,1,1,0,2,2,0,0,2,0,0,68,223,118,12,0,0,1,20,86,231,254,253,98,3,0,1,0,1,1,0,0,0,0,0,1,0,0,1,18,206,254,229,205,234,234,238,253,254,230,101,7,0,1,1,0,0,0,0,0,0,1,1,1,0,1,0,1,22,118,238,252,253,253,254,207,88,28,0,0,0,2,2,0,2,0,0,3,0,0,0,0,0,1,0,0,0,2,1,0,0,1,0,0,1,0,0,2,2,0,0,1,0,0,1,0,0,0,1,0,0,1,1,2,0,0,0,0,0,0,1,1,0,0,0,0,0,0,0,0,0,0,0,0,0,0,0,1,0,1,0,1,1,0,1,0,0,0,0,0,2,0,0,1,0,2,1,0,0,0,1,1,0,0,0,0,3,0,0,2,1,1,0,0,0,0,0,0,0,1,1,0,0,1,0,1,0,0,0
0,0,0,1,1,0,0,0,1,0,0,1,0,0,0,1,0,1,0,1,0,0,0,0,0,0,1,0,0,0,0,0,1,0,1,0,0,0,1,0,1,0,0,0,0,1,0,0,0,0,0,0,0,2,0,2,0,0,1,0,0,0,0,3,0,0,0,0,1,0,1,0,0,2,1,1,0,0,0,0,0,1,0,0,2,1,0,0,0,0,0,0,1,0,2,1,0,0,0,0,0,0,0,0,0,1,1,0,0,0,0,1,0,1,0,0,0,2,0,1,1,1,0,1,0,0,0,1,0,0,0,1,1,1,1,0,1,0,2,0,0,0,0,0,0,0,0,0,0,0,0,0,0,0,0,1,0,0,0,0,0,0,0,0,0,1,0,0,0,0,0,1,0,0,0,0,75,160,0,0,0,1,0,0,1,0,0,203,93,0,0,0,1,1,1,0,0,0,0,2,1,1,0,0,197,251,49,0,0,0,1,2,1,0,0,178,178,0,2,0,3,1,0,2,0,1,0,0,0,2,0,0,152,255,79,0,1,1,0,0,0,0,0,191,214,0,0,0,2,0,0,0,0,0,0,0,0,0,0,0,114,255,195,15,0,0,0,0,0,0,56,250,200,0,0,0,0,2,0,1,0,1,0,0,0,0,0,1,150,254,217,54,0,0,0,0,2,0,69,255,125,1,0,0,1,2,0,0,0,0,0,1,0,0,3,62,241,254,133,0,0,0,2,1,1,0,66,254,95,0,0,0,0,0,1,0,0,1,1,0,0,0,0,214,254,255,81,0,1,0,0,1,0,2,69,255,123,0,0,0,0,0,0,1,0,1,0,2,0,0,0,215,254,253,107,1,0,0,0,0,0,0,67,255,68,1,1,1,0,0,3,1,1,0,1,0,0,0,2,29,223,253,249,239,153,132,90,60,59,38,172,254,37,1,0,0,0,0,0,0,1,1,1,1,1,0,0,30,250,253,255,254,254,254,254,254,254,244,255,245,29,2,0,1,1,1,0,1,1,1,0,1,0,1,0,122,254,255,194,110,44,43,44,51,134,172,255,202,0,0,1,0,1,0,0,1,0,1,0,0,3,0,0,166,235,134,1,0,0,1,1,0,1,80,254,200,1,0,1,0,0,1,0,0,0,0,0,0,0,1,0,0,0,1,0,0,1,0,0,0,0,83,254,200,0,0,0,1,1,0,0,2,0,0,2,0,0,1,1,2,1,0,1,0,0,0,0,0,0,81,255,141,1,0,0,1,0,0,0,0,1,0,0,0,1,0,1,1,0,0,1,0,0,0,0,0,0,82,254,88,1,0,0,0,0,0,0,0,0,1,1,0,0,2,1,0,0,0,0,0,0,0,0,0,0,79,253,23,0,1,0,1,0,1,1,1,1,1,0,0,0,0,1,1,1,0,0,0,1,0,0,0,0,127,255,22,0,1,0,2,0,0,0,1,0,0,0,2,0,0,0,0,0,0,0,0,1,0,0,1,2,169,225,13,0,0,1,1,0,0,0,0,1,0,0,0,0,2,1,0,2,0,0,1,1,0,0,0,1,204,236,15,1,0,1,1,0,0,0,0,0,0,0,0,0,0,0,0,1,0,0,0,0,0,1,1,68,254,187,0,0,1,1,0,1,1,0,1,0,1,0,2,0,1,1,1,1,0,0,0,0,0,1,0,1,0,0,0,0,2,0,0,1,1,0,1,0,0,0,0,0,1,0,0,3,0,0,0,1,0,0,0,3,0,2,2,0,0,0,0,0,1,0,0
1,0,0,1,0,0,0,1,0,2,0,0,0,0,1,0,0,0,0,0,0,0,0,1,2,0,0,0,0,0,0,1,0,1,0,0,0,1,0,1,0,0,0,1,0,1,0,0,0,0,0,1,1,0,1,0,1,0,0,0,0,0,0,0,0,0,0,0,1,0,0,0,1,0,2,0,0,0,0,0,0,0,0,1,1,0,0,0,0,0,1,0,1,0,1,0,1,1,2,1,0,1,149,253,132,0,0,0,0,0,0,0,3,0,0,0,0,1,0,0,0,1,1,1,0,0,0,0,0,0,253,251,227,30,1,0,0,0,2,0,0,0,0,2,0,2,1,0,0,0,1,0,1,0,0,0,0,33,253,252,254,45,1,0,0,0,2,0,0,1,1,0,0,0,0,1,1,0,0,0,0,0,0,0,1,116,253,252,227,29,0,0,0,0,0,0,0,0,1,3,0,0,2,1,0,1,0,1,0,0,0,0,0,117,252,254,183,0,0,0,0,0,0,0,2,0,0,0,0,0,1,0,0,0,2,0,0,0,0,0,0,115,255,251,69,0,0,1,0,0,0,2,0,0,0,0,0,1,0,0,1,0,1,1,1,0,0,2,0,136,251,253,70,0,0,0,0,1,0,0,0,0,0,0,1,0,98,46,0,0,0,0,1,0,0,0,0,230,253,251,70,0,0,0,0,0,0,0,0,0,1,1,0,25,223,233,0,0,1,0,0,0,0,0,32,238,251,253,69,0,0,0,1,2,1,0,0,0,0,0,0,69,251,252,159,1,0,0,0,0,1,0,143,252,252,229,37,0,1,0,0,1,0,0,0,0,1,1,1,131,254,253,223,0,0,0,0,0,0,1,207,252,253,145,2,0,2,1,0,1,0,0,0,0,0,0,0,184,251,252,94,1,1,0,0,0,0,0,205,252,239,33,0,0,0,0,1,0,0,0,0,1,0,0,36,234,252,250,0,0,1,1,32,1,32,84,240,251,229,0,1,0,2,1,0,0,1,0,0,1,1,1,47,252,253,253,208,206,208,206,230,208,229,240,254,250,230,0,0,0,1,0,0,0,1,1,1,2,1,1,27,221,252,252,255,253,253,254,253,255,253,252,253,251,232,1,1,1,0,0,0,1,0,1,0,0,1,1,0,84,210,229,232,231,198,115,115,53,0,80,254,253,169,1,0,1,0,0,0,0,1,0,0,0,1,1,0,0,2,0,0,1,0,0,0,0,0,183,252,249,116,0,0,0,1,0,0,1,1,1,1,2,0,0,0,0,0,1,0,1,0,0,0,0,0,184,252,252,115,1,0,0,0,0,0,0,0,1,0,1,0,0,0,0,1,0,1,1,0,0,1,0,1,65,235,252,114,0,1,0,0,0,0,0,0,0,0,0,0,2,1,1,0,0,0,0,0,0,0,0,1,0,114,189,12,0,1,1,1,0,0,2,0,0,0,1,0,0,0,1,0,2,1,0,0,1,2,0,0,0,0,1,1,0,0,0,1,0,0,0,1,0,0,0,1,0,0,0,0,0,0,0,0,0,0,0,1,0,0,1,0,2,0,1,0,0,0,0,1,0,0,1,0,0,1,0,2,0,0,0,1,1,0,0,3,1,0,0,1,0,0,1,0,0,0,0,1,0,0,0,0,1,0,0,0,2,0,0,1,0,0,0,0,0,0,0,2,0,0,0,1,0,0,0,0,1,0,0,2,0,2,0,1,1,0,0,0,0,0,0,1,0,1,0,1,1,0,0,0,1,0,0,1,0
1,1,0,0,0,0,0,1,0,1,0,0,0,0,0,1,1,0,0,0,0,0,0,0,1,1,0,1,1,0,0,0,0,2,0,1,0,0,0,0,0,0,0,0,0,0,1,1,1,0,0,1,0,0,2,0,0,0,0,1,0,0,1,0,0,0,0,0,0,0,0,1,1,1,0,0,0,1,0,0,0,1,0,1,0,0,1,0,2,0,1,0,0,0,2,0,0,1,0,0,0,1,0,0,0,0,0,0,0,0,0,1,0,0,3,0,0,1,0,1,0,0,0,30,136,77,125,203,255,255,140,14,0,0,0,1,0,0,1,0,0,0,0,0,0,2,2,0,0,2,1,193,254,252,255,252,254,252,253,205,64,0,0,0,0,2,0,1,0,0,0,2,2,0,2,0,0,11,197,220,253,251,248,92,104,181,248,253,197,6,1,1,0,0,0,0,0,0,0,0,0,0,1,0,1,0,21,218,252,119,0,0,0,0,28,255,252,114,0,2,1,1,0,1,1,0,1,0,0,1,0,0,2,0,53,214,201,1,0,0,0,0,7,193,253,216,57,0,0,0,0,1,2,0,0,0,0,0,0,0,1,0,106,252,227,0,0,0,1,1,2,178,254,251,75,0,1,0,1,0,0,2,1,0,0,0,0,0,0,0,19,216,237,1,1,1,1,0,26,254,255,252,75,0,0,0,0,0,1,0,0,0,1,0,1,0,1,0,0,82,230,0,1,1,2,0,110,254,253,226,19,0,0,1,1,1,1,0,1,0,0,2,0,0,0,1,0,1,18,0,0,1,0,1,187,252,252,214,1,1,0,1,0,0,0,0,0,0,0,0,0,0,1,0,0,2,1,1,1,0,1,0,244,252,255,91,0,0,0,1,0,1,0,1,0,2,0,0,1,1,1,0,2,0,1,0,0,0,0,79,252,254,216,2,0,0,0,1,0,0,0,0,1,0,0,0,1,0,0,0,0,0,0,1,0,0,6,156,255,249,91,0,0,0,0,0,0,1,0,1,0,0,1,1,54,166,167,169,168,129,30,0,1,41,188,254,254,163,0,0,0,0,0,0,0,1,0,0,0,0,0,104,250,252,253,252,253,253,229,205,121,175,252,253,231,17,0,0,0,0,0,0,0,0,0,0,1,1,0,184,253,253,251,253,253,242,251,251,252,254,253,253,19,0,0,1,0,1,2,0,0,0,0,1,0,0,1,185,254,242,151,82,80,46,121,254,253,254,252,254,12,0,2,0,3,0,0,2,0,1,2,1,0,0,0,184,251,210,0,5,171,211,234,253,254,246,103,150,6,1,0,0,0,0,0,1,0,0,0,0,0,1,0,185,251,233,105,227,251,254,253,252,228,64,0,0,1,1,1,0,3,0,0,1,0,1,1,0,1,0,0,108,251,254,252,251,255,255,243,77,14,1,0,0,0,2,0,0,1,0,0,0,0,0,1,0,2,1,0,12,132,162,252,253,185,108,33,0,0,0,1,0,0,1,0,2,0,0,3,0,1,0,2,0,0,0,0,0,1,0,0,0,1,0,2,1,0,0,0,1,0,0,1,1,0,0,0,0,1,1,0,2,1,0,0,1,1,1,0,1,0,2,0,0,1,1,0,0,0,1,0,1,0,0,2,0,1,1,0,0,3,1,0,1,0,1,1,0,1,1,1,0,1,0,0,1,0,0,0,0,1,0,0,1,2,0,0,1,0,1,1,0,1,0,2,0,1,1,0,0,0,2,0,0,1,0,0,1,0,0,1,0,1,0
0,2,0,0,0,1,0,1,0,0,0,1,0,0,0,2,2,0,0,1,2,2,1,0,0,0,0,0,0,0,0,0,1,0,0,1,0,1,0,0,0,0,0,0,0,0,0,0,0,0,1,0,1,0,1,0,0,1,0,0,0,0,1,0,0,1,0,0,0,0,0,0,0,0,0,0,0,0,0,0,0,0,0,0,2,0,0,0,0,0,1,0,0,1,1,0,0,0,0,2,0,1,1,0,0,1,0,0,0,2,1,0,0,0,1,0,1,0,0,3,1,0,0,0,0,1,0,0,0,1,0,0,1,0,0,0,0,0,2,2,0,0,0,0,0,0,1,0,0,0,1,0,0,0,44,149,243,252,104,0,0,0,0,1,2,0,0,1,1,1,0,0,1,2,0,1,118,116,0,2,0,116,226,250,252,254,227,1,2,0,1,0,1,1,2,1,0,2,1,1,0,0,2,0,158,250,196,30,164,240,213,127,126,209,246,0,1,0,0,1,1,1,0,0,0,1,1,1,2,1,0,0,35,225,251,253,138,49,0,0,6,191,146,0,1,0,0,0,0,1,0,1,0,0,0,1,1,0,1,0,0,41,225,253,128,0,0,1,153,254,145,2,0,0,1,0,1,0,0,1,0,0,0,0,0,1,1,0,0,0,35,225,253,104,2,13,238,199,18,0,0,0,0,0,0,3,1,1,0,1,0,0,0,0,0,2,0,0,0,40,226,225,85,184,253,84,0,0,1,0,0,0,0,0,0,0,1,0,2,0,0,0,0,0,0,1,0,2,111,246,253,252,226,7,0,0,0,0,1,1,0,0,0,0,0,0,2,0,1,0,2,0,0,0,1,1,0,211,255,253,56,0,0,0,1,0,2,0,0,0,2,0,0,1,0,0,1,1,0,0,0,0,1,0,99,245,253,252,149,1,0,1,0,0,0,0,0,0,0,0,0,2,1,1,0,0,1,1,1,0,0,101,252,235,150,200,252,84,1,1,0,0,1,0,0,0,1,0,0,0,0,0,0,1,0,1,0,0,30,239,251,111,0,22,238,163,1,1,0,0,0,0,0,0,1,0,0,0,0,0,0,0,0,1,0,21,214,250,142,2,0,0,126,246,92,0,0,0,0,0,1,2,0,0,0,0,1,1,1,2,1,0,0,70,252,140,28,0,0,0,7,194,173,0,1,0,0,1,0,1,0,0,2,0,0,0,0,0,0,0,0,192,251,21,1,0,0,0,0,127,254,0,1,1,0,1,0,1,0,0,0,0,0,1,0,1,0,0,0,254,153,1,0,0,1,0,0,83,252,91,1,1,0,0,0,0,1,0,1,1,0,0,1,0,0,0,1,254,99,0,0,1,0,0,9,199,217,0,0,0,0,0,0,0,0,1,0,1,0,0,0,2,0,1,0,147,210,29,0,0,13,56,181,252,138,0,2,0,0,2,0,0,0,0,0,1,0,0,1,0,1,0,1,15,162,241,169,169,217,253,221,120,15,0,0,0,0,2,0,0,0,0,1,0,1,0,0,1,0,0,0,0,2,93,146,192,147,68,21,0,0,0,0,1,2,0,0,1,0,0,0,1,0,0,1,0,0,0,0,0,1,0,0,0,0,0,1,1,0,0,0,0,1,0,2,0,0,0,1,0,1,1,0,1,1,0,0,2,1,0,0,0,0,0,0,0,0,2,0,0,1,0,2,1,0,0,0,0,1,0,0,2,0,0,0,0,0,0,1,2,0,1,0,0,0,0,0,0,0,0,1,0,0,1
0,0,1,0,0,0,1,0,0,0,1,0,0,2,0,0,2,0,1,1,0,0,0,0,0,0,0,0,1,0,1,0,1,0,0,0,0,0,0,0,0,0,0,1,0,0,0,0,0,1,0,0,0,0,0,0,1,0,0,0,1,1,0,0,0,1,0,0,0,0,0,0,0,1,2,0,1,0,0,0,0,0,0,0,0,0,0,1,0,0,0,0,0,0,0,1,0,0,1,0,0,0,1,0,0,1,0,0,0,1,2,0,0,1,0,0,0,0,1,18,20,19,15,12,11,1,1,1,0,0,0,0,0,0,3,0,0,0,0,0,0,0,1,0,23,152,195,248,254,252,240,231,232,159,119,33,0,0,1,0,0,0,2,0,0,0,0,1,1,0,1,0,204,254,253,217,196,194,194,193,252,255,252,241,161,78,9,0,1,0,0,0,0,0,0,0,0,0,0,2,112,251,55,6,2,0,0,0,20,32,97,122,232,254,195,35,1,0,0,0,2,0,1,0,2,0,0,0,7,78,35,1,2,0,0,1,1,0,0,1,29,128,253,158,1,0,0,0,1,0,0,0,0,0,0,0,0,0,0,0,2,1,0,0,1,1,0,0,28,121,252,214,1,0,0,1,0,0,1,3,0,0,1,0,0,2,0,0,0,0,0,2,23,71,136,162,239,254,202,56,0,2,0,1,0,0,0,0,2,0,1,1,1,0,1,0,62,168,235,188,218,252,254,203,175,79,9,1,2,0,1,1,0,0,0,0,1,0,1,1,0,0,0,0,224,254,255,255,255,243,117,19,0,0,0,0,0,0,1,2,0,1,0,0,0,0,0,0,0,0,0,0,95,172,215,214,242,251,253,253,165,83,7,0,0,0,0,0,0,1,1,1,2,0,0,1,0,0,0,0,2,1,0,0,26,76,134,213,253,252,201,72,0,0,0,0,1,1,1,0,0,0,0,0,1,0,0,1,0,0,0,0,0,1,0,6,74,169,253,248,174,16,1,0,0,2,0,0,0,1,0,0,13,193,110,0,0,0,2,0,2,0,0,0,0,0,86,241,255,218,33,0,0,0,0,1,0,1,0,0,97,253,75,0,1,0,1,0,0,0,1,0,2,0,0,36,168,252,221,27,0,0,0,1,1,1,0,0,53,240,232,94,1,1,1,0,0,1,0,0,1,2,0,0,3,142,255,205,1,1,0,0,1,0,1,0,0,87,241,253,205,85,0,0,0,0,0,2,0,0,1,0,1,2,215,250,0,0,1,0,1,1,0,0,0,1,43,127,243,254,210,176,99,86,20,15,1,1,0,0,7,93,242,249,1,0,0,0,1,0,1,0,1,1,0,1,28,147,215,249,254,252,254,236,196,194,152,187,217,253,232,51,0,1,0,0,1,0,0,0,0,0,0,0,0,1,0,36,117,125,152,117,172,192,208,216,195,122,18,0,0,0,2,0,0,2,0,1,1,1,0,1,0,1,1,1,0,1,1,1,0,2,5,8,1,0,1,1,1,2,0,0,2,0,2,0,0,0,1,0,0,1,0,1,0,2,0,0,1,1,0,0,0,0,1,0,1,0,0,1,0,0,0,1,1,0,0,0,0,1,1,0,0,2,0,0,1,0,1,3,0,0,0,0,0,1,1,0,3,0,0,1,0,0,1,0,1,1,0,1,1,0,0,0,0,0,0,1,0,0,0,0,0,0,0,2,2,1,0,0,0,0,0,0,0,1,1,0,0,0,0,0,0,1,0,0,0,0,0,0,1,0,0,2
2,0,1,0,0,0,0,1,0,0,0,0,1,0,1,1,0,0,0,0,0,0,2,1,0,1,1,1,1,0,1,0,0,1,0,0,0,0,0,1,0,1,1,0,2,0,0,0,2,0,0,0,1,0,2,0,0,1,1,1,0,1,1,0,0,0,1,2,0,0,0,1,1,0,1,1,0,0,1,1,0,2,1,0,0,1,1,0,0,0,0,0,0,0,0,1,0,0,1,1,0,1,0,2,0,2,0,0,0,1,0,0,1,2,0,0,0,0,0,0,0,0,0,1,1,1,0,0,2,1,0,0,0,0,1,2,0,1,0,0,0,0,0,1,0,0,0,0,1,0,3,1,0,0,0,3,1,25,192,255,123,0,0,1,1,0,0,1,0,0,0,0,1,0,1,0,0,0,1,0,0,1,22,28,50,14,114,247,232,1,1,0,1,0,0,0,1,0,0,1,2,0,0,1,0,0,1,0,89,176,254,251,252,146,1,155,240,25,0,1,0,0,2,2,0,0,1,0,0,0,0,0,1,47,146,234,236,254,253,236,209,99,0,210,205,34,0,0,0,0,0,1,0,0,0,0,0,0,0,18,135,230,253,254,80,178,58,74,41,0,76,254,120,1,0,1,0,0,2,0,0,0,0,1,0,1,2,160,253,255,226,127,7,0,0,1,0,49,231,99,15,2,3,0,2,0,0,1,2,0,0,1,0,2,37,243,253,151,21,0,3,1,0,1,38,228,161,0,0,1,2,1,0,0,0,0,1,0,0,0,0,0,80,253,184,0,0,0,0,0,0,0,108,227,18,1,0,0,0,0,2,0,1,0,0,1,0,0,0,1,80,252,207,30,0,0,1,0,0,19,206,98,0,0,0,0,0,0,0,0,0,0,0,0,1,2,0,0,18,200,253,218,52,0,1,1,2,20,206,8,0,0,0,0,0,0,1,1,0,0,1,1,0,0,0,0,0,0,135,232,255,157,27,0,14,186,234,15,1,0,1,0,1,0,0,3,1,0,0,0,1,0,1,0,0,0,16,47,219,253,231,176,150,252,165,0,0,0,0,1,1,2,1,0,1,1,0,0,0,0,0,1,0,0,2,2,6,145,247,252,255,254,167,7,1,0,0,0,0,1,0,1,0,0,0,0,0,1,0,0,0,0,1,0,0,1,39,209,254,253,253,166,9,0,1,0,0,0,2,0,0,1,2,1,0,0,0,0,0,0,1,1,0,1,137,253,208,66,187,253,57,0,1,1,0,1,1,0,0,0,0,0,0,0,1,1,0,1,0,0,0,18,238,253,37,0,49,246,58,0,1,1,0,0,0,0,0,0,1,0,0,1,0,1,0,0,0,0,0,153,253,171,0,27,229,172,9,1,0,0,0,0,0,1,0,1,0,0,0,1,1,1,0,1,0,1,1,115,253,154,18,195,252,50,1,0,1,0,0,2,0,1,0,0,0,0,0,0,0,0,0,0,1,1,0,6,220,244,238,251,152,3,0,0,0,0,1,1,0,0,1,0,0,1,1,0,1,0,1,2,2,0,0,0,47,229,231,107,0,0,0,0,0,0,0,2,0,0,0,1,0,0,2,0,0,1,1,0,0,0,1,0,0,0,0,0,0,0,0,1,1,0,0,0,0,0,0,1,0,0,0,1,0,0,0,1,1,0,0,2,1,1,0,0,0,0,0,0,0,1,0,1,0,0,0,0,3,0,0,0,1,0,0,0,0,0,1,0,0,2,1,0,1,0,1,0,2,0,0,0,0,0,0,2
1,1,0,0,0,1,1,1,0,0,0,0,0,0,0,0,0,1,0,0,0,0,0,0,1,1,0,0,0,0,0,1,0,3,0,0,1,1,0,1,0,0,0,0,0,0,0,0,0,2,0,1,1,0,0,0,0,0,0,2,0,0,1,0,1,1,0,0,0,1,1,1,0,0,0,0,1,0,0,1,1,1,0,1,0,0,0,1,0,0,0,0,0,0,0,0,0,0,0,0,0,0,0,0,1,1,0,0,0,0,1,0,1,1,0,2,1,1,0,0,0,2,1,0,2,0,0,2,1,0,1,0,0,1,0,1,0,0,0,0,0,0,0,2,0,0,0,0,1,0,0,1,108,154,212,254,252,254,253,166,69,1,0,1,1,1,0,1,1,0,0,1,0,0,1,3,0,0,112,208,252,254,254,249,241,241,250,253,207,9,0,0,0,0,0,2,0,1,0,0,1,0,0,0,6,132,246,252,195,112,88,54,0,1,128,254,203,7,0,0,0,1,0,1,0,0,0,1,0,2,0,1,106,253,240,61,2,0,0,0,0,7,210,251,87,0,0,0,0,1,0,2,1,0,0,0,1,0,0,0,121,252,223,0,0,0,0,0,1,83,253,245,53,1,1,0,1,0,0,0,0,0,0,0,0,0,0,0,66,233,160,0,0,0,1,1,31,224,254,89,2,0,0,2,0,0,0,0,1,0,0,1,2,0,0,2,0,22,7,0,0,1,0,0,94,254,230,21,0,0,1,0,1,3,0,0,0,1,0,0,1,0,4,0,0,0,0,0,1,1,1,113,248,244,84,0,1,0,0,0,0,0,1,1,0,1,1,1,0,1,0,0,1,0,1,2,0,1,17,224,252,124,1,0,0,1,0,0,0,0,0,1,1,0,1,0,0,0,1,1,0,0,0,1,0,1,147,253,176,0,1,0,0,1,0,1,0,1,0,2,0,0,0,0,0,1,0,0,0,0,0,0,0,120,232,208,19,0,0,0,0,0,0,1,0,1,2,0,0,0,0,1,1,3,0,0,0,0,1,1,48,232,252,87,0,0,0,0,0,0,0,1,0,0,0,0,0,0,0,0,0,0,0,0,0,0,0,6,226,253,162,9,0,2,16,64,185,167,128,0,0,0,0,2,0,1,0,0,0,1,0,1,0,0,10,173,253,162,2,28,94,173,253,254,205,46,1,0,1,1,0,0,0,0,0,1,0,0,0,0,0,0,167,254,238,55,143,237,254,240,164,42,9,1,0,0,1,0,0,0,1,1,0,1,1,0,0,0,0,0,231,253,252,252,253,254,113,40,0,1,0,0,0,0,0,1,0,0,0,0,0,1,0,0,0,0,12,165,252,254,254,227,139,19,0,0,0,0,0,1,0,1,0,1,1,0,1,0,2,0,0,0,1,23,180,252,252,186,107,14,0,1,0,1,0,0,0,1,0,0,0,0,1,1,0,0,0,0,0,1,6,210,253,241,107,2,2,0,0,0,0,0,1,0,0,0,0,0,0,2,1,1,0,2,0,1,0,0,5,183,205,70,0,0,0,0,0,0,0,0,0,0,1,0,1,0,0,0,1,0,0,1,2,1,1,1,0,0,1,1,0,2,0,0,0,0,0,1,2,0,1,1,0,0,0,1,0,0,1,3,1,0,0,1,0,0,0,0,0,1,0,0,0,0,1,0,2,1,0,0,1,0,0,0,1,0,0,1,0,2,0,0,0,2,0,1,0,0,0,0,2,0,0,0,1,0,0,2,0,0,1,1,0,0
0,0,0,0,2,0,0,0,0,0,0,0,0,1,1,0,0,0,1,2,0,0,0,1,1,0,2,0,1,0,0,0,0,0,0,0,1,0,1,0,0,2,0,0,0,0,2,0,0,0,0,0,0,0,0,0,1,0,0,0,1,0,1,1,1,1,1,0,0,1,0,0,1,0,0,0,0,2,0,0,1,0,0,0,0,0,0,0,0,0,1,0,0,0,0,2,0,0,1,0,0,0,0,0,0,0,0,0,0,1,1,0,0,0,0,1,0,0,0,1,1,1,1,0,0,0,1,0,1,0,0,0,0,1,0,0,0,0,2,1,0,3,1,1,0,0,89,207,254,0,0,1,0,0,112,254,222,40,2,0,0,1,0,1,0,0,2,0,1,0,0,0,0,75,244,252,253,127,2,0,0,0,112,252,252,83,0,0,0,0,0,2,0,0,0,0,0,2,0,0,0,84,253,252,249,111,1,2,0,1,112,254,252,199,27,2,0,3,0,0,0,0,0,0,0,0,0,0,0,86,252,252,253,1,0,0,0,2,38,233,252,253,112,0,0,1,0,0,0,0,0,0,1,0,0,0,0,86,251,252,252,0,0,0,1,0,0,147,252,252,189,0,0,0,0,1,0,0,0,1,2,0,1,0,0,85,253,252,253,1,2,0,1,1,0,86,255,252,251,0,1,1,0,0,0,0,0,0,0,1,0,1,1,85,253,254,252,2,1,0,0,0,0,84,253,250,252,162,10,0,2,0,0,0,1,0,0,0,0,0,26,200,251,253,253,0,0,0,0,0,1,17,207,253,252,252,27,0,1,1,1,1,0,0,0,1,0,1,112,250,253,253,251,27,75,169,171,170,106,18,182,251,254,252,121,0,1,0,1,0,0,1,0,0,1,1,113,252,252,253,251,253,251,253,251,252,253,215,88,253,253,251,166,0,0,0,0,0,0,1,3,0,0,0,65,241,255,253,254,255,252,253,254,253,255,254,255,252,252,255,167,0,2,1,0,0,0,1,1,0,0,0,0,103,253,255,253,253,176,164,150,107,252,252,251,251,252,253,166,1,0,0,2,0,1,1,2,1,0,0,0,19,55,55,55,58,7,0,1,2,58,54,54,187,251,252,232,74,0,1,0,0,0,0,1,1,0,0,0,0,1,1,0,1,0,0,0,0,0,0,0,76,251,254,252,203,11,0,0,0,0,1,0,0,1,0,0,1,0,1,0,0,0,2,0,0,0,0,1,12,189,254,250,253,83,0,1,1,0,0,0,0,0,2,0,0,0,0,1,0,0,0,2,0,0,0,1,0,80,255,253,250,85,0,0,0,0,1,0,1,0,0,1,0,0,1,0,0,0,0,0,0,0,0,0,0,1,255,252,252,84,0,1,1,0,0,0,0,0,0,0,0,0,0,0,0,0,0,0,0,0,0,0,0,0,254,252,253,114,1,0,0,0,2,1,0,0,0,1,1,1,1,1,1,2,0,2,0,0,0,0,1,0,237,252,251,208,0,1,2,0,0,0,0,0,0,0,0,0,0,0,0,3,0,1,0,0,0,0,1,0,51,160,253,82,1,1,0,1,1,0,0,0,1,0,0,0,0,0,0,1,0,1,1,1,0,0,1,0,0,1,0,0,1,0,1,1,0,0,0,0,0,1,0,0,0,0,2,0,2,0,0,0,2,0,1,0,0,0,0,0,1,0,0,1,0,0,0,0,0,0,0,1,2,0,0,0,0,1,1,2,0,0,1,0,1,0,1,0,0,0,1,0,0
1,0,0,1,0,0,1,3,3,0,0,0,0,1,0,1,0,0,0,1,1,1,1,0,1,0,1,0,1,2,0,0,0,0,0,0,0,0,1,3,0,0,0,0,2,1,0,0,0,1,0,0,0,1,0,1,0,1,0,2,0,0,0,0,0,0,0,0,1,0,0,0,1,0,0,0,1,0,0,0,0,0,1,0,0,1,1,1,3,0,0,2,0,1,0,1,0,1,0,1,0,0,1,0,0,2,0,0,0,1,1,2,1,0,1,0,1,0,0,1,0,3,8,50,170,131,130,37,69,7,4,0,2,0,1,1,0,1,1,0,0,0,0,0,0,0,0,0,0,155,254,253,252,253,255,253,254,254,113,0,0,0,0,1,1,1,0,1,0,1,0,1,0,1,0,1,15,210,253,254,255,254,255,253,254,255,248,33,0,0,0,1,1,1,2,0,2,0,1,0,1,0,2,0,38,253,255,254,252,235,229,229,249,247,90,2,0,0,0,0,0,0,1,0,1,1,0,0,2,0,0,12,214,253,254,255,148,28,0,0,76,69,2,1,1,1,0,0,0,1,0,0,0,1,1,0,0,0,0,19,252,254,254,254,80,1,0,0,0,0,0,0,0,2,0,0,0,1,1,0,2,1,0,0,0,0,4,120,252,254,255,252,101,10,45,78,169,167,169,167,60,5,0,1,0,0,1,1,3,1,1,0,0,2,12,252,254,255,253,254,239,190,254,253,255,254,255,254,253,130,4,0,0,0,0,0,0,0,0,1,0,0,11,253,254,253,254,254,254,254,255,253,253,254,253,254,255,254,108,1,1,0,1,0,2,0,0,0,0,0,13,255,255,254,254,253,254,254,253,239,192,193,212,253,254,254,141,0,0,0,1,0,0,0,0,0,2,1,11,225,255,254,254,255,241,186,154,47,0,0,25,228,253,255,142,0,0,1,0,1,1,1,0,0,1,0,1,44,255,255,254,182,46,0,3,0,0,0,0,218,255,254,139,2,1,0,0,0,0,0,0,0,1,1,1,3,123,173,154,17,0,1,0,1,0,0,72,248,254,253,102,0,0,0,0,1,1,0,0,0,1,1,0,1,9,33,0,2,0,2,0,0,1,1,190,253,253,255,18,2,0,0,0,0,0,0,0,0,0,0,0,8,169,230,127,2,0,1,0,0,0,31,229,254,255,215,11,2,0,1,0,0,0,2,2,1,2,1,1,13,214,253,251,141,32,1,1,0,30,211,255,253,254,39,0,1,1,0,0,0,1,1,0,1,0,0,0,1,149,254,254,253,238,230,230,233,239,254,254,255,214,15,0,2,0,0,1,0,1,0,0,0,0,0,0,0,94,254,254,254,255,255,253,255,254,254,254,255,38,0,0,0,0,0,0,0,0,0,1,1,1,0,0,0,1,27,153,254,253,253,254,253,253,255,252,107,3,1,0,0,0,1,1,1,0,0,2,1,0,0,0,2,0,0,0,6,92,159,253,221,132,130,23,1,1,0,0,0,0,0,0,0,0,0,0,0,0,0,0,0,1,0,0,0,1,2,0,0,2,0,0,0,0,1,0,0,0,0,0,0,0,0,1,0,0,1,1,3,0,1,0,0,1,0,0,0,0,0,0,0,1,1,3,2,1,0,0,0,1,0,2,0,1,0,0,0,0,0,2,0,0,0,0,0,0,0,0,0,2,1,1,1,2,2,0,0,1,0,0,0,0,0,0,0,2,0,1,0,2,0,0,2,0,0,1,1,0,0,1,1,0,0,0,0
0,0,0,0,1,0,0,2,0,1,1,0,0,0,0,0,0,0,1,0,0,1,0,0,0,0,0,1,0,1,1,0,1,1,0,0,0,0,0,2,1,2,0,0,1,0,0,0,1,0,0,1,2,0,1,0,2,0,0,1,0,0,0,0,0,0,0,0,0,0,0,2,1,0,0,0,0,0,0,1,1,2,1,0,0,2,0,0,1,0,0,0,2,0,0,0,0,2,0,0,0,0,0,0,1,1,0,0,0,0,0,0,1,1,1,1,1,0,1,0,0,0,0,0,1,0,3,0,3,0,0,1,0,0,0,0,0,0,0,2,0,0,0,0,1,1,0,0,0,0,0,0,65,129,255,255,255,128,64,0,0,0,0,0,1,0,0,0,1,1,2,0,0,0,2,2,0,0,0,129,255,255,255,255,255,255,255,63,0,1,0,0,0,1,0,0,0,1,0,0,0,0,0,0,1,0,191,255,255,255,255,254,255,255,254,190,1,1,1,0,0,0,0,0,1,0,0,1,0,0,0,0,0,128,255,255,254,254,255,254,255,255,255,191,0,0,0,2,0,0,0,0,0,0,0,1,1,1,0,0,64,255,255,255,255,63,128,255,255,255,254,191,0,0,0,0,1,0,0,2,1,0,1,0,0,1,0,0,255,255,255,191,0,0,0,1,190,255,254,254,63,0,0,0,2,1,0,0,0,0,0,2,0,0,2,193,255,255,254,1,0,1,2,2,0,192,255,253,255,0,0,0,0,0,0,0,1,0,0,1,0,0,65,255,255,255,190,2,0,0,0,0,0,0,188,254,255,127,0,0,0,0,1,3,1,0,0,0,1,1,129,254,255,190,0,0,0,0,1,0,0,0,63,255,255,127,0,1,2,1,0,0,1,1,0,0,0,1,190,255,255,127,0,1,1,0,2,0,0,0,2,191,255,192,1,1,1,0,0,0,0,1,0,0,0,0,255,255,255,2,0,0,0,0,0,0,0,0,1,128,255,255,1,0,0,0,0,1,0,1,3,0,1,0,254,254,191,0,0,1,0,2,1,0,2,0,0,128,255,255,0,0,1,0,0,0,0,0,0,1,1,0,255,254,128,0,1,0,0,0,0,1,1,1,1,130,253,255,0,0,0,0,0,1,0,0,0,0,0,0,253,255,128,1,1,1,0,0,0,0,1,2,0,193,255,254,0,0,0,0,1,1,1,1,0,0,0,1,190,254,192,0,0,0,0,0,0,0,1,0,63,255,255,255,0,0,1,1,0,2,2,0,1,0,1,1,126,255,255,128,0,0,0,0,0,0,1,0,190,255,255,128,0,1,0,0,0,0,0,0,0,0,0,0,63,190,254,255,128,128,0,0,1,64,192,254,255,254,254,63,0,0,0,1,2,1,0,0,0,0,0,1,1,64,255,255,255,255,254,255,255,254,254,255,255,254,0,0,0,0,1,0,1,1,0,1,1,1,0,0,0,0,64,130,255,255,254,255,254,255,253,255,190,65,0,0,0,0,0,0,0,0,1,2,1,0,0,0,0,0,0,1,0,127,190,191,128,129,128,0,0,1,0,1,0,0,0,0,0,0,0,0,1,0,1,0,0,0,0,1,0,0,0,0,0,0,0,0,0,0,0,2,0,0,0,0,0,1,1,1,2,0,1,3,0,1,0,0,0,1,0,0,0,1,0,0,0,0,0,0,1,1,1,0,1,0,0,0,2,0,1,0,1,1,1,0,0,0,2,1,0,1,1,0,0,1,1,0,1,0,0,0,0,0
0,0,0,0,0,0,0,0,0,0,0,1,0,0,0,0,0,0,1,0,0,0,1,1,0,0,1,2,0,0,0,1,0,0,0,0,0,0,0,0,0,0,0,0,0,1,0,0,0,1,0,1,0,0,0,0,2,1,0,0,2,0,0,1,0,0,1,0,0,0,0,1,0,1,0,1,1,0,2,0,0,2,0,0,1,0,2,3,0,0,0,1,1,0,1,0,1,0,0,0,1,0,1,0,1,0,0,0,0,0,0,0,1,0,0,0,0,2,0,0,1,0,41,125,254,255,255,231,106,0,0,0,0,1,0,1,1,0,1,1,0,0,0,0,1,0,0,0,4,102,214,251,254,245,243,255,250,71,0,0,0,0,0,0,0,1,2,1,1,1,0,0,0,0,1,6,161,254,253,217,114,1,4,254,254,84,0,0,1,1,0,1,0,0,0,0,0,1,0,0,0,0,0,69,252,252,127,15,0,0,5,253,253,83,0,0,0,0,1,1,1,0,0,0,0,1,0,0,1,0,0,188,254,88,0,0,0,1,5,252,247,60,0,0,1,0,0,0,0,1,1,1,0,2,0,0,0,0,26,182,215,12,2,0,0,0,59,253,245,42,0,0,0,1,0,0,2,0,0,1,0,1,1,0,1,1,1,42,78,0,0,0,0,18,195,254,244,21,0,0,0,0,0,0,0,0,0,0,2,1,2,1,0,1,0,0,0,0,0,0,68,240,253,252,254,147,5,0,0,0,0,0,1,0,0,0,0,0,0,0,1,3,0,0,0,0,0,15,218,254,251,193,241,254,202,131,0,2,0,0,0,2,0,1,1,2,0,0,1,0,1,0,2,0,0,41,253,254,169,1,47,183,253,251,142,12,1,0,0,0,1,0,1,0,0,0,0,0,0,0,0,0,0,40,249,149,29,0,1,41,156,253,255,66,0,0,1,0,0,0,0,1,0,0,1,0,0,1,0,0,1,1,0,0,0,0,0,1,0,118,255,65,0,0,1,0,0,0,2,0,0,0,0,0,0,0,0,2,0,0,1,0,1,0,0,0,0,79,253,65,1,0,1,0,0,1,0,1,0,2,0,0,0,7,137,119,21,0,1,0,0,0,1,1,0,108,254,64,0,1,0,0,0,0,1,0,1,1,0,0,0,21,255,252,79,0,0,0,1,0,0,1,16,217,236,33,0,1,0,0,0,3,1,1,0,0,1,0,2,90,252,252,99,0,0,1,2,0,1,82,187,252,217,0,0,0,0,0,0,1,1,2,0,1,0,0,0,199,253,253,206,134,133,135,133,60,140,248,253,242,112,0,0,0,2,0,1,0,0,0,0,0,1,1,0,45,255,252,254,253,253,255,251,252,252,252,243,74,0,0,0,0,0,1,0,0,1,1,0,0,0,0,0,0,108,249,252,252,253,254,253,252,252,212,19,0,0,0,1,0,0,0,1,0,2,0,0,1,0,0,1,2,0,103,151,171,216,234,151,92,52,39,0,0,1,0,1,1,0,0,0,0,0,0,0,2,0,0,0,1,0,1,0,0,0,0,0,0,2,0,3,1,0,0,0,0,1,0,0,0,0,0,2,0,0,1,0,0,0,1,0,0,0,0,0,0,1,2,0,0,0,1,0,0,0,1,0,0,0,1,0,0,1,0,0,0,0,0,1,0,0,1,0,0,0,0,2,1,0,0,0,0,0,0,1,0,0,0,0,0,0,0,0,0,1,1,0,0,0,1,0,0,1,0,0,0,1,0,0,0,0,1,0,0
0,0,0,1,0,1,1,0,0,0,0,0,1,0,0,1,0,0,0,1,0,0,0,0,0,0,0,3,0,0,0,0,0,2,1,0,2,0,1,0,0,0,1,1,0,2,1,1,0,0,0,0,0,1,0,0,0,0,0,0,0,1,0,0,0,2,0,1,0,0,0,0,0,0,0,1,0,0,0,0,0,0,2,0,0,0,0,0,0,0,0,0,0,0,0,0,0,1,1,0,0,1,0,2,0,0,0,0,1,1,0,1,0,0,1,0,0,0,0,0,0,0,1,0,2,0,0,0,0,0,0,0,0,0,0,2,0,0,0,0,0,0,0,0,0,0,0,0,0,0,0,0,0,0,25,96,154,254,126,1,0,0,1,0,1,0,0,0,1,0,0,1,1,0,0,0,0,0,0,1,0,18,189,252,242,200,31,0,0,0,0,0,2,0,0,0,0,0,0,1,0,1,0,1,0,0,1,0,16,189,254,253,79,1,0,0,0,2,0,0,0,1,1,1,0,0,0,3,0,0,0,0,2,1,0,1,33,255,253,212,0,0,0,0,0,0,1,0,0,0,0,0,1,1,0,1,1,0,2,0,0,1,0,0,34,252,253,97,0,1,0,2,1,0,0,0,0,0,0,1,0,0,0,0,0,0,0,0,0,0,1,0,34,254,253,95,0,0,0,0,0,0,0,1,1,1,3,0,0,0,1,1,3,2,0,0,1,0,0,0,33,253,254,95,1,1,0,0,0,0,2,1,1,0,0,0,0,0,0,0,0,0,0,1,1,0,2,0,32,251,253,174,0,1,0,1,0,0,0,0,1,0,0,0,2,0,0,2,0,3,0,1,0,0,1,0,33,252,253,251,0,0,0,0,0,0,0,0,0,0,0,0,2,0,0,1,1,1,0,0,0,0,0,2,32,253,253,253,0,1,0,0,0,0,1,0,2,0,0,0,2,1,0,0,2,0,0,1,0,0,0,1,34,255,254,254,0,1,1,0,0,2,0,0,0,0,0,0,0,0,0,0,0,1,0,0,1,1,0,0,32,251,254,254,122,0,1,0,0,1,0,0,0,0,2,0,0,0,0,0,1,0,0,1,0,0,1,0,33,254,252,253,160,0,0,0,0,1,0,0,2,0,0,1,0,0,0,0,0,0,0,1,0,0,0,0,23,220,253,254,158,1,1,0,0,0,0,0,0,0,0,0,1,0,0,0,1,0,0,0,0,0,0,0,0,130,253,253,158,3,1,2,0,0,2,1,0,0,0,0,0,0,0,1,1,0,0,1,0,0,1,2,0,128,254,254,159,0,2,1,0,1,0,1,1,1,1,0,0,0,2,0,1,0,0,0,1,0,0,0,0,32,231,253,159,0,0,0,0,1,0,0,0,2,0,0,0,1,1,1,0,1,0,0,0,0,2,1,0,1,222,252,160,1,2,1,0,1,2,0,0,1,1,0,0,1,0,0,0,0,0,0,2,0,0,1,2,0,85,253,244,54,0,1,0,0,0,0,0,1,0,1,2,0,0,0,0,0,1,0,0,0,0,0,0,0,63,253,252,161,0,0,1,2,0,0,0,0,0,0,0,1,0,0,0,0,0,1,0,0,0,0,1,1,0,0,1,0,0,0,0,0,0,0,1,0,1,0,0,0,1,0,0,0,1,2,0,0,0,1,0,0,0,0,2,0,1,0,2,0,1,1,0,0,0,1,1,1,1,0,0,0,1,0,0,2,0,2,1,0,0,2,0,0,1,0,0,0,0,0,2,0,0,1
0,1,0,0,0,0,0,0,0,0,0,0,0,3,0,0,2,2,0,0,0,0,0,0,2,0,0,0,0,1,1,0,0,1,0,0,1,1,1,1,0,2,1,0,0,1,1,0,0,0,0,0,1,0,0,1,0,0,0,2,0,1,0,0,0,0,0,2,1,1,0,1,0,0,0,0,1,0,0,0,2,0,0,0,1,2,0,0,0,0,0,1,0,1,0,1,1,0,0,1,0,0,0,0,0,3,1,0,0,0,0,0,0,0,0,1,0,0,1,0,1,0,1,0,3,0,1,0,0,0,1,1,0,0,0,1,0,0,0,1,2,0,0,1,0,0,1,0,1,0,0,0,1,0,0,1,0,0,1,1,2,0,1,0,0,0,1,0,0,2,0,0,0,1,1,0,1,1,1,0,1,0,0,0,0,0,0,0,2,1,1,0,0,0,0,2,0,0,0,0,1,0,0,0,2,1,2,0,1,1,0,0,1,0,0,0,0,1,0,0,0,0,0,0,0,0,0,0,0,0,0,1,1,0,40,30,50,49,133,153,195,214,213,21,0,0,3,0,0,0,2,1,1,1,0,104,184,204,202,203,203,203,242,233,252,253,255,253,253,253,253,105,0,0,0,1,0,2,1,0,0,0,63,254,253,254,254,255,253,245,242,202,242,223,120,101,183,255,252,103,0,0,0,1,0,1,3,0,1,1,19,172,251,254,252,254,251,121,39,0,40,19,1,0,82,251,251,60,0,0,0,0,3,0,0,0,0,1,2,0,1,1,1,63,103,1,1,0,0,1,1,0,104,255,254,2,1,0,0,0,0,0,0,0,0,0,0,0,0,0,1,0,0,0,0,0,0,0,0,0,142,253,251,0,0,2,1,0,0,1,0,0,0,1,2,0,0,1,1,0,0,2,1,1,1,1,1,0,203,253,251,0,0,2,2,0,0,1,0,1,2,0,1,1,0,1,0,0,0,1,0,0,0,0,0,0,202,252,251,0,0,0,0,1,0,0,0,0,2,0,0,2,1,0,0,1,1,1,1,0,0,0,1,2,203,255,215,0,1,0,0,0,0,0,1,2,0,1,0,0,0,0,0,0,0,0,0,0,3,0,0,1,203,253,253,0,3,0,0,0,2,0,0,0,0,0,0,0,1,2,1,0,0,0,1,2,0,0,0,0,201,254,192,0,1,0,0,1,0,0,0,1,1,0,0,0,0,1,0,0,0,1,2,0,0,0,1,42,244,254,112,0,0,0,0,1,1,0,1,0,0,0,0,0,1,0,0,0,1,0,0,0,0,0,0,51,253,255,50,0,0,2,0,0,1,0,1,0,0,0,0,0,4,0,1,1,1,1,0,0,0,3,0,51,253,253,49,1,0,0,0,0,0,0,0,0,2,0,2,0,0,0,1,1,0,1,2,0,0,0,2,173,255,204,0,2,0,0,0,3,1,1,0,0,0,0,0,0,0,0,0,0,0,0,0,0,0,2,41,254,253,201,1,0,0,0,0,0,2,0,2,0,0,0,0,0,1,2,0,0,0,0,0,1,1,0,82,255,253,63,0,0,0,2,0,1,0,0,0,0,0,0,1,1,2,0,0,0,0,1,0,1,0,0,81,254,251,102,1,0,0,0,0,0,0,1,1,0,0,0,0,0,0,0,0,0,0,0,1,0,0,0,101,253,253,102,0,0,1,0,0,0,0,0,1,0,0,0,0,0,1,1,0,0,0,2,0,0,0,0,19,215,170,20,0,0,0,1,0,0,0,0,0,1
1,0,0,1,1,0,0,0,0,2,1,1,0,2,0,0,0,2,0,0,1,0,2,0,0,1,1,1,0,0,0,0,1,0,0,1,2,0,0,1,0,0,1,1,1,0,0,0,0,0,0,0,0,0,0,0,0,1,0,0,0,0,0,0,0,1,1,0,1,0,0,2,2,0,0,1,0,0,0,1,0,0,1,1,0,1,0,1,1,0,0,0,0,0,0,0,1,1,0,1,2,1,0,0,0,0,2,0,0,0,1,0,1,1,1,0,1,0,2,1,0,0,0,1,0,1,0,0,0,0,0,1,0,0,0,0,0,0,0,0,0,0,0,1,1,0,0,0,0,1,1,1,0,1,2,0,2,0,3,0,0,0,3,2,0,1,0,0,0,0,0,0,0,1,1,0,0,0,2,0,10,74,136,220,255,253,58,0,0,0,0,2,0,1,0,0,1,0,0,0,0,0,1,0,0,0,8,67,201,253,254,254,255,255,132,1,2,0,0,0,1,0,0,1,0,0,0,0,0,0,0,0,1,111,223,254,253,245,129,119,209,254,113,2,1,0,0,0,0,2,0,1,0,0,0,0,0,2,2,0,0,204,254,235,108,26,0,7,222,254,63,0,1,0,2,0,0,0,0,0,0,0,0,0,0,0,2,0,1,114,200,170,0,2,0,62,254,253,58,0,0,1,0,0,0,1,1,2,0,0,0,0,1,0,1,0,0,0,8,75,1,0,0,162,254,175,0,0,0,0,0,0,0,0,0,0,0,0,2,0,0,0,0,0,0,0,1,0,0,0,8,236,255,98,0,0,0,0,0,1,1,0,2,1,0,1,0,0,0,1,0,0,0,0,0,1,1,0,57,255,232,15,0,0,2,0,0,1,1,0,1,1,0,0,0,0,1,0,1,0,2,0,0,2,1,0,206,253,154,1,0,0,1,1,0,1,1,1,0,0,0,0,0,0,1,1,0,1,0,0,2,0,0,26,235,255,57,0,1,1,0,1,0,1,1,0,1,0,0,0,0,0,0,0,1,2,0,0,0,0,0,166,255,204,3,0,0,1,0,1,0,0,0,0,0,0,0,0,0,0,0,1,0,0,2,3,1,0,0,229,254,115,0,0,2,0,0,0,1,0,1,1,0,0,0,0,0,0,1,2,0,2,0,0,1,0,85,253,249,19,0,0,0,2,0,0,0,0,0,0,0,0,0,0,0,0,0,0,0,0,1,0,1,0,128,252,243,0,0,3,2,1,0,0,1,1,0,0,0,0,0,1,0,0,0,1,0,0,0,0,1,0,144,255,174,1,0,0,0,2,0,0,0,0,0,0,0,0,2,0,0,0,0,0,2,0,0,0,0,2,206,253,66,1,2,2,0,2,0,0,0,1,1,1,0,2,0,1,0,0,0,0,0,0,0,0,0,52,254,254,163,0,0,0,1,0,0,1,0,0,0,2,0,0,0,0,1,1,0,0,0,0,1,2,1,118,254,254,90,2,0,0,2,1,0,1,0,1,0,0,0,0,0,2,0,0,1,0,0,0,0,0,0,153,255,253,34,0,0,0,0,0,0,0,0,0,1,0,0,1,0,0,0,1,0,0,0,1,1,1,0,116,252,167,6,2,0,0,0,0,0,0,0,0,0,0,1,1,2,0,0,0,0,0,0,1,1,0,0,1,0,0,0,0,1,2,0,0,0,0,0,0,2,1,0,1,0,0,0,0,1,0,1,0,1,0,0,1,2,0,0,0,0,1,0,0,0,0,0,1,0,0,0,2
0,1,0,1,0,0,1,0,0,0,0,1,0,1,0,0,0,0,0,1,0,2,0,1,0,0,0,2,0,0,1,0,0,0,0,0,2,0,0,1,2,0,1,0,0,1,0,0,0,0,0,0,0,0,1,1,0,2,0,0,0,0,0,0,0,1,1,0,2,1,1,2,0,0,1,0,0,0,0,0,0,2,0,0,2,0,0,0,0,0,1,0,1,0,1,0,0,0,2,2,0,0,1,1,1,0,1,0,0,0,0,1,3,0,0,1,0,0,1,0,0,0,0,0,1,1,0,0,0,1,1,0,0,0,0,0,0,0,2,1,1,0,0,0,0,0,1,0,0,0,0,0,0,1,0,1,0,0,2,0,0,0,0,1,0,1,1,0,0,0,1,0,0,0,0,17,191,255,253,232,109,0,31,30,63,111,109,109,108,110,108,29,0,0,0,0,0,1,0,0,0,0,21,182,251,252,252,253,251,217,225,228,236,254,252,251,252,254,252,71,2,0,0,1,0,0,0,1,0,1,74,252,254,253,251,251,254,252,252,251,252,254,251,251,251,218,91,21,0,1,0,0,0,1,0,0,0,0,29,129,253,252,254,254,251,254,253,252,253,252,250,231,107,0,0,0,0,0,0,0,0,1,1,0,2,0,0,0,82,190,252,251,254,251,253,253,253,143,0,0,3,0,1,0,0,0,0,0,1,1,1,0,0,0,0,0,1,109,252,253,250,251,251,253,252,238,155,0,0,1,1,0,0,0,0,1,0,0,0,0,0,0,0,1,0,211,252,251,250,255,252,252,254,252,232,71,0,0,0,1,1,1,0,1,0,0,0,0,1,0,0,2,0,253,252,253,252,254,250,251,254,253,252,216,1,0,0,2,0,0,0,1,1,1,0,1,0,0,0,0,0,111,254,252,252,209,104,22,207,254,252,253,107,0,0,1,2,0,1,0,0,0,0,1,1,1,0,0,0,15,160,179,97,19,2,0,18,253,249,252,107,0,0,0,0,0,2,1,2,1,0,0,0,1,0,0,1,1,0,0,0,1,0,0,2,255,251,251,108,0,0,0,1,0,0,0,0,0,1,0,0,0,3,0,0,0,0,0,0,0,0,0,0,253,252,254,190,2,0,0,0,0,0,0,0,1,0,2,0,0,0,0,1,0,0,0,0,1,1,0,0,254,252,253,253,2,1,0,0,1,0,0,0,0,2,1,1,0,0,0,2,72,73,20,0,0,1,0,2,255,252,252,251,0,2,2,0,0,2,2,1,0,0,3,0,0,1,0,105,251,252,94,1,0,0,26,120,254,253,253,148,0,0,1,0,0,0,0,0,0,1,0,2,1,0,0,145,251,252,215,0,0,1,181,254,254,251,254,108,0,2,0,0,0,1,2,0,3,3,1,1,2,0,0,144,253,251,233,110,173,251,255,255,255,253,153,2,0,0,0,0,0,0,0,0,1,0,0,1,0,0,0,143,249,252,252,251,251,252,253,253,222,137,10,1,0,1,0,0,0,1,0,0,0,1,0,1,0,0,0,41,215,245,252,252,254,254,247,216,43,0,0,1,0,0,1,1,0,0,0,0,1,2,0,1,0,0,1,0,0,133,253,250,253,129,91,0,0,2,0,1,0,0,1,0,0,0,1,1,1,0,0,0,0,2,0,0,0,0,0,0,1,0,0,0,0,0,1,0,1,0,0,1,0,0,0,0,0,0,2,0,0,0,1,1,1,0,1,0,0,0,1,0,0,0,3,0,0,0,0,1,1,1,1
0,0,1,0,0,0,1,1,1,0,2,0,0,0,0,1,1,1,2,0,1,0,0,0,1,1,0,0,2,1,0,1,0,0,0,0,2,1,0,0,0,0,1,0,1,2,0,0,0,2,0,1,0,1,0,1,0,0,0,1,0,0,1,0,0,0,0,0,0,0,0,0,0,0,0,1,1,0,0,1,0,0,1,0,0,0,1,0,0,0,1,0,0,1,0,1,0,0,0,1,1,0,0,0,0,1,0,2,2,2,0,0,1,0,1,0,3,0,0,2,0,0,0,0,0,0,1,0,0,0,0,1,0,1,0,0,0,0,0,0,2,2,0,0,2,1,0,0,0,0,1,0,2,1,1,0,0,0,0,0,1,0,0,0,1,0,0,1,0,0,0,0,1,0,0,1,0,1,0,0,0,0,0,2,0,0,1,0,0,1,1,0,0,0,0,0,0,2,1,0,0,3,13,13,50,134,132,133,134,141,253,254,255,226,191,93,8,1,0,0,2,0,2,1,1,0,2,0,14,162,252,253,255,252,254,253,254,255,252,253,253,252,252,253,155,0,0,1,1,0,0,0,0,0,0,0,26,253,251,253,254,252,254,255,254,253,254,253,254,253,254,253,217,16,1,0,0,0,0,0,0,1,0,0,19,236,253,254,253,254,255,253,252,252,253,252,255,253,252,254,255,23,1,1,1,0,1,1,0,0,1,0,2,157,253,254,252,252,252,253,223,254,183,89,170,101,239,253,254,24,1,0,2,0,0,0,1,1,2,0,1,37,61,60,60,60,60,61,31,57,1,0,1,20,213,254,253,23,0,0,0,0,0,0,1,0,0,0,0,0,0,0,0,0,2,0,0,1,0,0,0,100,254,253,254,24,0,0,0,0,0,1,0,1,1,0,0,0,2,0,0,0,0,2,0,0,0,0,19,209,253,253,217,15,0,0,3,1,1,1,0,0,0,0,1,0,0,0,1,1,0,0,0,0,0,2,101,253,252,254,156,0,0,0,0,1,1,0,0,0,0,0,0,0,0,0,0,2,0,0,0,0,1,34,249,253,253,253,41,0,0,1,0,0,0,0,1,0,0,0,0,1,1,0,0,0,0,0,2,0,0,157,255,254,255,161,0,0,0,0,1,0,0,0,0,0,0,0,1,0,1,0,0,0,1,0,0,0,25,213,253,254,246,44,2,0,0,0,0,1,0,0,1,0,1,0,1,0,1,1,0,2,1,0,0,9,212,251,255,254,163,0,1,0,0,0,0,0,0,2,2,2,1,1,1,1,0,1,0,0,1,0,1,36,254,253,253,252,62,0,1,0,0,0,0,1,1,0,0,1,0,0,0,1,0,0,0,0,0,0,0,162,253,253,254,240,46,1,0,0,0,1,2,0,1,0,0,0,0,0,0,2,0,0,1,2,0,0,94,254,252,253,252,103,0,1,1,1,0,0,0,1,1,0,0,0,0,0,1,0,0,0,1,0,0,2,162,253,253,253,214,12,1,2,0,0,0,2,0,2,0,0,1,0,0,1,0,1,0,0,0,1,0,0,241,253,254,238,70,0,0,0,0,0,1,0,2,2,1,0,1,0,0,0,0,0,2,0,0,0,0,0,191,253,254,167,1,0,0,0,0,0,0,0,0,0,0,1,0,0,1,0,0,0,0,0,0,0,1,0,6,140,182,49,1,0,0,1,0,0,1,0,0,0,1,0,0,2,0,0,0,1,0,0,0,1,0,0,1,0,0,0,0,0,0,1,1,0,0,0,0,0,0,1
0,1,0,0,0,0,1,1,0,0,0,0,0,0,1,0,0,1,0,0,2,0,0,0,0,1,0,0,0,0,0,0,1,2,0,0,0,0,1,0,0,0,0,0,1,0,0,0,1,0,2,0,2,0,0,0,0,1,0,0,0,0,0,1,2,0,0,0,1,1,1,0,0,0,0,0,0,1,0,0,0,0,0,0,0,0,0,1,0,0,2,0,0,0,0,0,0,0,0,0,0,0,0,0,0,0,0,0,0,0,1,1,0,0,0,0,0,0,1,0,1,0,0,0,0,2,2,0,0,0,0,0,0,0,0,0,0,0,2,0,1,0,0,0,0,0,1,1,0,1,0,0,1,0,1,0,2,0,1,0,0,1,1,0,1,0,0,1,3,0,0,0,0,0,1,0,0,0,0,0,0,1,32,206,166,2,3,2,2,0,0,0,2,0,0,0,1,0,0,0,0,1,1,1,1,1,0,81,168,243,247,253,255,32,0,2,2,0,1,2,0,0,0,1,0,1,1,1,0,0,0,0,0,0,135,249,210,175,209,254,251,98,0,3,0,0,1,0,0,0,1,0,0,0,0,0,1,2,0,0,0,127,254,118,5,0,17,254,254,99,1,0,0,2,0,0,0,0,0,0,1,1,0,1,0,1,0,0,88,254,147,5,0,1,19,255,255,27,0,2,0,0,0,0,0,0,0,0,0,0,0,0,2,0,1,10,214,220,4,0,0,0,20,253,255,9,0,1,0,0,2,0,1,0,1,0,0,0,2,0,1,1,1,53,251,83,0,1,0,0,169,255,254,9,0,0,0,0,0,0,0,0,0,1,1,0,0,0,0,1,0,202,246,0,0,1,1,47,232,255,254,10,1,1,0,1,0,0,0,0,0,0,1,0,0,0,0,0,0,202,246,0,0,1,0,172,253,255,255,7,0,2,0,0,1,0,0,0,0,0,0,1,0,1,0,1,0,201,250,134,109,100,152,249,113,192,254,89,0,0,0,0,1,1,0,3,0,0,1,1,1,0,1,0,2,76,211,255,254,253,255,114,9,183,254,97,0,0,0,0,1,0,1,0,1,1,0,0,1,0,0,0,1,0,23,58,91,91,59,8,1,184,255,98,0,1,0,1,0,0,0,1,0,2,1,1,0,0,2,0,0,0,1,0,3,0,0,0,0,183,252,163,2,0,0,0,2,1,0,0,0,0,2,0,0,0,0,0,0,0,0,0,1,1,0,1,0,123,255,186,0,0,0,0,0,0,0,0,0,1,0,0,0,0,0,0,2,1,0,1,0,0,1,1,0,96,254,252,21,1,0,0,1,3,1,1,0,1,0,0,0,0,0,0,0,1,0,0,0,1,0,1,0,14,254,254,22,0,0,0,1,0,0,1,0,0,1,1,0,0,1,1,0,2,0,0,0,0,0,0,0,5,254,253,67,0,0,1,1,1,1,0,0,0,1,1,0,0,0,1,1,0,2,0,0,0,1,1,1,1,185,254,111,0,0,0,0,2,0,1,0,0,0,0,1,1,0,1,1,1,0,0,2,0,0,0,2,0,172,254,113,0,0,0,1,1,0,1,0,0,0,0,0,0,1,0,1,0,2,1,0,0,0,0,1,0,79,197,42,0,0,0,0,0,1,0,0,1,1,1,0,0,0,0,0,0,1,0,2,0,0,1,1,0,0,1,0,1,0,0,0,1,0,0,1,0,1,0,1,0,0,2,1,0,0,2,1,0,0,0,0,0,0,0,0,1,0,0,0,0,0,0,0,0
1,1,0,2,0,1,1,2,1,0,0,0,1,0,1,0,0,0,0,0,1,2,0,0,0,0,0,0,1,1,0,0,0,0,0,1,2,0,2,1,0,1,1,1,0,1,0,0,0,0,0,0,0,0,1,0,0,2,0,2,0,0,0,2,0,0,0,0,0,0,1,0,0,1,0,1,1,1,0,1,1,0,0,1,1,0,0,1,0,0,1,0,1,0,0,0,0,1,1,2,2,0,0,2,1,0,0,2,1,0,0,0,1,0,1,1,0,1,0,0,0,0,1,0,0,1,0,0,1,0,0,0,0,0,0,1,0,0,0,0,2,0,1,0,0,0,1,1,0,1,1,0,0,2,0,0,1,0,1,0,0,0,0,1,0,0,2,0,1,0,0,0,1,1,1,0,0,0,0,0,0,0,0,0,1,1,0,0,0,1,0,0,0,0,0,2,0,2,0,0,0,0,0,0,2,0,39,153,253,224,28,1,1,0,1,0,0,1,0,0,0,1,0,1,1,0,2,0,1,0,2,1,1,116,248,254,226,125,64,1,0,0,0,0,0,0,0,1,0,0,1,0,0,1,1,1,0,0,0,0,116,250,253,211,70,64,62,63,64,140,150,69,1,0,0,0,0,0,0,0,1,0,0,0,1,0,1,48,240,255,253,254,254,254,254,253,253,253,254,252,126,0,0,0,0,1,0,0,1,1,0,0,0,0,1,215,254,253,254,236,208,124,124,70,35,79,254,255,126,0,1,0,0,0,2,1,1,2,0,0,1,0,0,216,248,164,45,25,0,1,0,0,0,139,252,255,51,0,0,1,0,0,1,0,1,0,0,0,2,0,0,28,41,1,0,0,0,0,1,0,9,232,255,226,11,0,0,0,0,1,0,1,1,0,0,0,0,0,1,0,0,2,0,0,0,1,0,0,62,251,253,115,0,0,0,0,2,0,1,0,0,1,0,2,0,1,0,0,1,0,2,0,1,0,1,0,127,253,254,43,0,0,2,1,0,0,0,0,0,0,0,0,2,0,1,0,0,0,0,0,0,0,0,0,238,255,192,17,0,1,0,0,1,0,0,1,1,0,2,1,0,1,0,0,0,1,2,2,2,0,1,70,254,254,34,0,0,1,0,0,0,1,1,1,1,0,0,0,0,0,0,0,0,0,0,0,1,0,0,179,253,253,36,0,0,1,0,0,1,2,0,1,0,2,0,0,0,1,2,0,0,1,1,1,0,0,0,247,253,202,16,3,2,1,0,0,1,2,0,0,0,0,1,1,0,0,0,0,0,0,0,0,0,0,119,253,255,65,0,1,0,1,0,0,0,0,1,0,0,1,0,0,0,0,0,0,0,2,0,1,2,0,212,254,253,27,1,1,0,0,2,0,0,0,0,0,1,0,0,2,1,0,4,0,1,1,1,0,0,12,254,253,161,6,0,1,0,2,0,0,1,0,2,0,1,0,0,1,1,0,0,0,1,0,0,0,1,87,255,254,65,1,0,0,0,1,2,0,0,0,0,0,0,0,0,0,1,0,1,0,0,0,0,2,0,126,255,252,16,0,0,1,1,0,0,0,0,0,0,0,0,0,0,1,1,1,0,0,1,0,0,0,0,172,253,253,122,19,0,0,0,1,1,0,0,0,2,0,2,0,2,0,0,0,0,0,0,0,0,0,0,28,194,198,40,0,1,0,0,2,0,0,0,0,0,0,0,0,0,1,0,0,0,0,0,0,0,1,0,1,1,0,1,2,0,0,0,0,0,2,1,0,1,0
1,2,0,0,0,0,0,1,0,1,1,1,0,0,1,3,0,0,1,0,0,1,0,3,1,1,0,0,0,0,0,0,0,0,1,0,1,0,0,0,0,0,2,0,2,0,1,1,0,0,0,0,0,0,1,0,1,0,0,0,0,1,0,1,0,0,0,0,2,0,3,0,1,0,0,0,1,1,0,0,0,1,0,1,1,0,0,0,1,1,2,0,0,2,0,0,0,0,0,0,2,0,0,0,0,1,0,0,0,1,0,0,0,0,1,1,0,0,2,0,0,0,3,1,0,1,2,255,241,50,0,0,1,0,0,0,0,0,0,0,0,0,0,0,1,1,0,1,2,0,0,1,2,0,11,254,253,96,0,0,0,0,2,2,2,0,0,2,0,1,2,0,0,0,0,0,0,0,0,2,0,1,121,253,235,39,1,2,0,0,0,0,0,0,0,0,1,0,0,0,0,0,1,0,0,0,0,0,0,1,200,252,228,1,0,2,0,0,1,0,2,0,0,0,1,1,0,1,0,0,0,1,1,0,1,0,1,26,243,252,139,2,0,1,0,0,0,0,1,0,1,0,2,0,1,2,1,1,1,0,2,0,1,0,0,108,251,252,107,1,0,0,0,0,0,0,1,1,1,0,0,1,1,2,1,0,0,1,0,0,0,0,0,110,254,252,109,0,0,0,0,2,0,0,0,1,2,0,2,0,0,1,0,0,0,1,0,0,0,0,0,110,252,254,108,0,0,0,0,0,0,0,1,0,0,0,1,2,0,0,0,0,0,0,0,0,0,2,0,218,252,254,108,0,0,0,0,1,0,0,2,0,2,0,0,0,0,0,0,0,0,0,2,0,0,0,1,230,252,253,108,0,0,0,0,0,1,0,0,1,0,0,1,0,1,0,0,1,1,0,0,0,0,1,6,232,253,255,104,0,1,1,0,2,2,0,0,0,0,1,1,0,1,1,0,0,1,1,0,0,0,1,97,252,253,240,0,2,0,0,0,0,1,2,1,0,0,0,0,0,2,0,3,2,0,0,0,0,2,0,172,254,251,224,0,0,0,0,0,0,1,0,0,0,0,1,0,2,1,0,1,1,1,0,0,0,1,1,219,253,253,121,0,2,0,0,1,1,0,0,0,0,0,0,0,0,1,0,0,0,0,0,1,1,1,1,217,253,251,38,1,1,1,1,0,2,1,1,0,0,0,0,1,0,0,0,0,0,1,0,2,0,0,0,217,250,253,69,0,0,0,0,2,1,0,0,0,0,0,2,0,1,1,0,0,0,0,0,0,1,1,0,218,252,251,241,1,0,0,0,1,0,0,2,0,0,0,0,0,0,0,0,1,1,0,0,1,1,0,1,219,253,251,241,0,0,0,0,1,0,0,0,2,0,0,1,0,0,0,0,0,0,2,0,1,1,0,0,217,252,251,189,1,0,1,1,0,0,0,0,0,0,0,1,0,0,0,0,2,0,0,0,1,1,0,0,56,242,252,63,1,0,0,1,0,0,1,0,0,0,0,0,0,0,1,0,0,1,1,2,0,2,1,0,0,0,0,0,0,0,1,0,0,0,0,0,0,0,0,1,0,0,1,0,1,0,1,1,1,3,0,0,0,1,0,1,1,1,2,0,0,0,0,0,0,0,0,0,1,0,0,0,1,0,0,1,2,0,1,0,0,0,1,0,0,1,2,0,0,0,0,0,0,1,0,0,0,1,0,0,0,0,0,0,1,0,0,0,0,0,0,1,1,0,1,0,1,1,0,0,0,0,0,0
0,0,1,0,0,1,0,0,0,0,0,0,0,0,0,1,0,1,0,1,2,2,0,1,0,0,0,0,0,1,0,0,2,1,0,1,0,0,1,0,0,0,0,0,0,1,0,1,1,1,1,1,0,0,0,0,0,0,0,0,1,0,0,0,2,0,2,1,0,0,0,1,0,2,1,2,0,0,1,0,1,2,0,0,0,0,0,0,1,0,1,2,0,0,0,0,0,0,1,1,0,0,0,0,1,1,0,0,0,0,1,0,0,1,1,0,1,0,0,0,0,0,0,0,1,0,0,0,0,2,0,0,1,1,0,0,0,0,2,1,1,0,0,1,1,0,0,2,0,1,0,0,1,0,0,0,2,0,0,1,2,0,1,0,0,1,2,2,0,1,0,0,0,1,1,0,0,1,0,0,1,0,0,0,0,0,0,0,0,0,0,1,0,0,0,2,0,1,0,0,0,2,1,0,0,15,255,194,12,0,85,118,119,120,69,0,1,0,0,0,0,0,0,0,0,0,0,1,0,0,0,2,0,67,251,121,146,235,248,253,254,254,245,85,0,0,0,2,0,0,0,0,0,2,1,0,0,2,0,2,30,237,251,254,252,252,198,177,221,253,252,56,1,1,0,1,0,0,0,0,0,1,0,1,0,0,1,0,138,252,254,253,155,59,19,5,170,253,174,9,0,0,1,0,1,0,1,0,1,0,1,0,1,0,1,0,79,252,233,85,10,1,1,121,252,252,148,2,0,0,0,0,0,0,0,2,0,0,0,2,0,1,0,2,35,255,199,2,0,0,1,166,252,253,70,0,0,1,1,0,0,1,1,0,1,0,0,1,0,0,0,0,38,253,251,77,1,38,130,211,253,186,7,0,0,0,0,0,0,0,0,1,0,0,1,0,1,0,0,0,1,152,253,191,13,129,251,254,254,129,0,0,0,0,0,3,0,0,0,0,0,1,0,0,2,0,0,0,1,24,210,253,230,249,254,252,253,84,0,2,0,0,0,0,0,0,0,1,0,0,0,0,0,0,0,1,1,0,26,182,207,253,254,254,246,1,0,0,0,1,0,0,1,0,0,0,0,0,2,2,0,1,1,0,2,0,0,0,25,69,205,252,245,1,0,0,2,0,0,0,0,0,0,0,0,1,0,1,0,1,0,1,1,0,1,1,0,45,229,253,246,0,0,0,0,1,1,0,0,0,0,0,0,0,0,0,0,0,0,2,1,1,0,0,2,70,252,252,169,0,0,0,1,1,0,0,1,0,0,0,0,0,0,1,0,0,0,0,0,1,0,2,0,70,253,253,108,0,0,0,0,0,0,2,0,1,2,0,0,0,0,0,0,0,0,0,0,0,0,1,2,69,255,226,4,0,0,0,0,0,0,1,1,1,2,0,1,1,1,1,1,2,0,3,1,0,0,0,0,69,254,224,0,0,0,1,2,0,0,0,0,0,0,0,0,0,0,0,0,0,1,1,0,0,1,1,0,69,253,193,0,0,0,0,2,0,0,0,0,0,1,0,0,1,0,1,0,0,1,0,0,0,0,0,0,70,253,89,0,3,1,0,0,1,0,1,2,0,0,0,0,0,2,0,1,0,0,0,0,0,0,1,0,69,252,89,0,1,0,1,0,0,0,0,0,0,0,0,1,0,0,0,0,0,0,0,1,0,0,0,0,68,254,89,1,0,0,0,2,2,1,0,0,0,1,0,0,0,0,0,0,0,0,0,1,1,1,1,0,0,1,0,0,2,0,1,1,0,0,0,0,1,0,0
3,0,0,0,0,0,0,1,0,0,0,0,0,1,0,1,1,0,0,0,1,0,0,0,0,0,0,0,0,0,1,0,0,1,0,0,1,1,0,2,0,0,0,0,0,0,0,1,2,1,1,0,0,0,1,0,0,0,0,1,0,0,0,0,0,0,1,1,1,0,0,0,1,1,0,0,1,1,0,2,0,0,0,1,0,0,0,1,0,0,0,0,1,0,0,0,1,0,3,0,0,1,0,0,0,2,0,0,1,0,0,1,1,0,0,0,0,0,1,0,1,0,1,10,112,181,254,253,193,64,6,0,0,0,1,0,0,0,2,0,1,0,1,0,0,0,0,0,0,1,46,228,251,253,253,254,253,253,109,0,1,0,0,0,0,0,0,1,0,0,0,0,1,0,0,1,3,25,217,253,225,171,97,96,237,253,223,13,0,0,1,0,2,1,0,0,0,0,0,2,0,0,1,0,0,1,159,181,17,0,0,0,50,233,253,85,0,0,0,1,0,0,1,0,0,0,1,1,0,0,1,0,0,1,19,18,0,0,1,0,0,145,253,85,2,0,1,0,0,0,0,0,0,0,0,1,1,0,0,0,0,1,0,0,0,0,0,0,1,146,254,175,1,0,0,0,0,0,1,0,2,0,0,0,0,0,0,0,0,1,0,0,1,2,0,2,0,147,252,204,0,0,0,0,0,0,0,0,1,0,0,0,0,0,0,0,2,0,0,1,0,0,0,1,0,142,253,100,2,0,1,0,0,1,0,0,1,2,0,0,0,1,1,1,0,0,0,0,0,0,1,0,0,144,252,85,0,0,0,1,0,0,0,0,0,0,0,0,0,0,0,0,0,1,0,0,1,0,0,3,12,249,252,83,0,0,0,1,0,0,0,1,1,3,0,1,1,0,0,0,0,0,0,2,0,1,0,0,134,255,218,0,0,1,2,0,0,0,0,0,1,2,0,0,0,2,0,1,0,0,19,62,146,145,144,144,205,254,220,27,26,6,0,1,0,0,0,0,3,0,0,2,1,0,1,1,7,117,226,252,254,254,255,253,253,255,253,254,254,179,157,159,144,8,1,0,0,1,1,2,0,0,1,6,135,253,253,240,204,203,227,253,254,226,205,229,242,229,213,158,48,0,1,0,1,0,0,0,0,0,1,54,255,243,162,53,0,24,202,253,159,31,1,34,53,41,13,0,0,0,0,0,1,1,0,0,0,0,0,143,254,112,0,1,25,199,254,217,28,2,0,0,0,0,0,0,1,0,0,1,0,0,0,0,1,0,11,232,253,84,1,24,199,253,216,32,1,0,0,1,0,0,2,0,1,0,0,2,0,0,2,0,1,0,14,253,253,147,184,228,253,214,32,0,0,0,1,1,1,0,0,0,0,0,0,0,2,0,0,0,0,0,1,105,251,254,253,254,218,32,0,1,1,1,2,0,0,0,0,2,0,0,0,1,1,0,0,0,1,0,3,12,131,214,223,97,7,0,0,2,0,0,0,0,0,0,1,0,1,1,0,1,0,0,1,0,1,0,0,0,0,1,1,0,1,0,0,0,0,0,0,0,0,0,0,0,0,2,0,0,0,0,0,1,0,0,1,0,1,1,0,0,0,0,1,1,0,0,0,3,0,0,0,0,1,0,1,0,0,0,1,2,1,0,0,0,0,1,0,1,1,0,0,0,0,1,0,2,0,0,1,0,0,0,0,0,0,0,1,0,0,0,0,1,1,0,1,1,1,0,0,0,1,0,0,0,0,0,2,0,0,1,0,1
1,0,0,0,0,0,0,1,0,0,1,0,1,0,0,0,0,2,0,0,0,1,0,2,1,0,0,2,0,0,0,0,2,0,0,0,0,1,0,1,1,0,0,1,0,1,0,0,0,0,0,0,1,0,0,0,0,0,0,0,0,0,1,0,0,2,0,1,2,1,1,0,1,0,0,1,2,1,1,0,0,0,0,0,0,0,0,1,0,0,0,0,1,2,1,0,0,1,1,1,0,1,1,0,0,0,0,0,0,2,0,1,1,2,0,0,0,0,0,0,0,0,0,0,1,1,119,253,28,0,0,0,3,1,0,0,0,0,1,0,0,0,1,2,1,0,2,1,0,0,0,0,2,18,226,251,27,1,1,0,0,0,0,0,1,0,0,0,1,1,0,0,0,1,0,1,1,0,0,0,0,29,253,252,28,0,1,1,1,1,1,0,0,1,1,1,1,0,0,2,1,1,0,0,0,0,0,0,0,29,254,215,16,1,1,0,0,1,0,1,0,0,0,0,0,0,0,1,0,0,1,0,0,0,0,0,1,30,254,255,27,0,0,0,0,1,0,0,0,0,0,1,0,0,0,0,0,0,0,0,1,0,0,0,0,29,252,196,10,1,2,0,0,1,0,0,0,1,1,0,0,0,0,0,0,0,0,1,0,0,0,1,1,29,254,169,0,1,0,0,0,1,0,0,0,0,0,0,0,1,1,1,0,0,0,0,0,1,0,1,0,29,253,169,0,1,1,0,0,0,0,0,0,0,0,1,0,0,2,0,1,0,0,0,0,0,0,0,1,79,255,170,0,0,0,0,0,0,0,0,0,0,0,1,1,1,2,0,2,0,0,0,2,0,1,0,0,29,250,169,0,0,0,0,0,0,1,1,0,1,0,0,0,0,2,0,0,0,0,2,0,0,3,0,0,118,253,168,0,0,1,2,0,0,2,0,0,2,0,1,0,1,1,0,1,0,0,0,0,1,0,0,0,41,253,167,0,0,0,0,0,0,0,0,0,1,0,0,0,0,0,0,2,0,0,1,0,1,0,0,0,28,255,170,0,0,0,1,0,0,1,3,1,0,0,0,0,0,1,0,0,0,0,0,1,0,0,0,0,31,253,168,0,0,1,2,0,1,0,0,0,0,0,1,0,0,0,0,1,1,0,1,2,0,0,0,1,28,253,196,10,1,0,0,0,1,1,0,2,0,0,0,1,1,0,1,1,2,1,1,0,0,0,1,2,30,252,252,28,0,0,1,0,1,0,0,0,0,1,0,0,1,0,1,0,1,0,0,2,1,1,0,0,31,255,254,29,0,1,1,0,0,0,0,0,0,0,1,0,2,1,0,0,0,0,0,0,0,0,1,1,22,236,254,53,2,1,0,1,0,1,0,0,0,0,1,0,1,2,0,0,0,1,0,0,0,1,1,0,2,172,253,52,0,1,0,0,0,0,0,0,0,0,0,0,0,0,0,0,0,0,1,0,0,0,0,0,0,168,254,26,0,0,0,0,1,1,0,1,0,0,1,1,0,1,1,1,1,0,0,0,0,0,1,0,0,0,0,0,0,0,1,1,1,2,0,0,0,0,0,0,0,0,0,1,1,0,0,0,1,0,0,0,2,0,0,0,0,0,0,0,0,0,0,2,0,0,0,0,0,2,0,1,2,0,0,0,0,0,3,0,0,0,0,0,1,1,1,0,0,1,0,0,0,0,0,0,0,2,0,0,0,0,2,1,0,0,0,0,0,1,0,0,1,1,0,2,2,1,1,0,0,0,1
2,0,2,0,0,1,1,1,1,0,2,0,0,0,0,0,1,0,1,0,0,0,0,0,0,0,1,0,0,0,1,0,3,0,0,1,0,0,0,0,0,1,0,0,0,0,0,0,1,1,0,2,0,0,0,0,0,0,1,1,2,0,0,0,1,2,1,0,1,1,2,0,0,0,0,0,0,1,0,1,1,0,0,1,0,0,0,0,0,0,0,0,0,0,0,1,0,0,0,1,1,1,1,0,0,0,0,0,1,0,0,0,0,0,2,1,1,0,0,2,0,2,0,0,0,0,1,2,2,1,0,0,1,1,0,0,1,0,2,0,1,1,0,0,1,0,0,2,0,1,1,0,0,0,1,0,0,0,0,0,0,0,0,0,1,0,0,1,0,0,1,0,1,1,0,0,0,0,0,0,0,0,0,0,1,0,0,1,0,1,2,4,80,141,1,1,0,0,0,0,0,0,2,0,0,0,0,0,0,2,0,0,2,0,0,0,0,0,6,156,177,41,0,0,1,0,0,0,1,1,1,1,0,1,0,0,18,148,184,0,0,0,0,0,1,4,159,189,16,0,0,0,0,0,0,0,0,0,0,0,0,3,0,113,223,254,133,2,1,0,0,1,0,159,203,21,0,1,1,0,0,0,0,0,0,0,0,0,0,36,209,243,187,183,0,0,2,0,0,0,94,243,29,0,0,1,0,0,1,1,0,1,1,0,0,8,110,239,169,29,53,30,1,0,0,1,0,132,241,83,0,1,1,0,2,0,0,0,1,1,0,0,7,153,245,108,6,0,1,1,0,0,0,0,56,247,96,0,0,0,1,1,1,0,2,0,1,0,0,0,131,242,57,0,0,1,0,0,0,0,0,49,234,181,0,0,0,0,1,2,1,0,0,0,1,0,1,0,204,125,0,0,1,1,0,0,0,0,31,213,222,33,2,0,0,2,0,2,0,2,2,1,0,0,0,0,240,182,54,0,15,0,0,48,111,139,236,222,35,1,2,1,0,0,2,0,2,0,0,1,0,0,0,1,73,192,248,242,222,194,213,213,162,253,235,55,2,0,0,1,1,0,0,0,0,0,0,0,0,1,0,1,0,0,24,27,14,8,8,1,141,247,102,0,2,1,0,0,0,0,0,0,0,0,0,0,2,0,1,0,1,0,1,1,0,1,0,122,246,125,0,1,0,0,1,1,0,1,0,0,0,0,2,0,0,0,1,0,1,0,1,1,0,0,104,247,134,0,0,0,0,0,0,1,0,0,1,1,0,0,0,1,2,1,0,0,0,1,1,0,1,28,248,145,1,0,1,0,1,0,0,0,0,0,0,1,0,0,1,0,0,0,0,0,0,0,0,0,1,139,226,12,0,0,0,1,0,0,0,2,1,0,0,0,0,0,0,0,0,0,1,0,0,0,0,0,0,254,129,0,0,0,0,0,2,0,0,3,0,0,0,2,0,0,1,1,1,1,1,3,0,0,0,0,0,174,21,0,1,1,0,0,1,0,1,0,0,2,0,0,0,2,0,0,1,0,0,0,0,0,0,0,3,0,0,0,0,1,1,2,0,0,0,0,0,0,0,0,0,0,0,1,0,0,0,0,1,0,0,0,1,2,0,1,1,0,0,0,0,0,0,0,1,0,0,0,0,1,0,0,2,1,0,0,2,1,1,0,1,0,0,1,0,1,0,0,1,0,0,0,0,0,0,1,0,0,0,1,0,1,0,1,0,0,0,0,0,2,0,0,1,0,1,0,0,0,0,1,1,0,0,1,0,0
0,1,1,1,0,0,1,0,0,0,0,1,1,1,0,0,0,0,0,0,0,0,1,0,1,0,0,0,1,0,1,0,0,0,0,2,0,1,0,0,0,0,0,0,0,1,0,0,0,0,1,0,1,1,0,0,1,0,0,1,0,0,3,0,0,0,0,0,0,1,0,1,1,1,1,0,0,0,0,1,1,1,1,0,0,1,0,0,1,0,0,2,0,0,0,0,0,0,0,1,0,0,0,2,1,1,0,1,1,0,0,0,0,0,0,0,0,0,0,0,0,0,2,22,72,153,213,252,255,255,255,254,93,32,0,2,1,0,1,3,0,1,0,0,0,0,0,1,1,1,42,224,255,251,254,252,233,151,252,252,255,192,0,1,0,1,0,2,1,1,0,1,0,0,1,0,0,20,255,253,204,161,39,0,0,0,0,1,93,253,235,32,0,0,0,1,0,0,0,0,0,2,0,0,22,205,253,174,0,0,1,0,0,0,0,0,11,173,254,51,0,0,1,1,0,0,0,0,0,0,0,0,114,231,40,0,0,1,0,1,0,0,0,2,0,103,255,111,0,0,0,0,0,1,0,0,1,1,2,0,234,193,0,0,2,0,0,0,0,0,1,0,0,102,253,151,0,0,0,1,0,0,1,0,0,0,0,1,82,203,1,1,0,0,1,0,0,0,1,1,1,163,255,92,0,0,0,1,0,0,1,0,1,0,0,0,2,0,0,0,1,0,0,1,0,0,0,0,42,244,251,49,2,0,1,0,1,0,1,2,0,1,1,0,0,0,0,1,0,0,1,0,0,0,1,0,133,253,123,0,1,0,0,1,0,0,0,0,0,1,0,0,0,2,0,0,0,0,0,0,0,1,0,82,252,253,0,0,0,0,0,0,1,1,0,0,0,0,0,1,0,1,1,1,0,0,0,0,1,1,53,232,243,81,0,0,0,0,0,0,0,0,0,0,0,0,0,0,1,1,0,0,1,0,0,0,1,81,233,213,82,0,0,0,0,1,1,0,0,0,1,0,0,0,1,0,0,0,0,0,0,0,1,0,71,233,244,80,0,1,2,0,1,0,0,0,0,0,0,0,2,0,2,0,0,0,0,1,1,1,0,83,253,251,84,0,0,1,1,0,1,1,1,0,0,0,1,0,1,1,0,0,0,0,0,0,0,21,131,253,246,80,1,0,0,0,1,0,1,1,1,0,1,1,1,0,0,83,103,143,102,20,0,0,64,204,253,212,40,0,1,0,0,0,0,1,0,0,1,0,2,0,0,1,52,232,254,254,255,252,255,173,254,254,204,0,0,0,0,0,0,0,1,0,1,0,1,0,1,0,0,0,153,251,233,71,90,253,255,252,253,252,242,202,203,204,165,0,0,2,1,0,1,0,0,1,0,1,1,1,90,253,254,253,255,254,244,202,63,141,203,204,142,101,0,0,1,0,0,0,0,2,1,0,0,0,0,0,9,132,214,252,233,111,40,0,3,0,0,0,2,0,0,0,0,1,0,0,1,0,0,1,0,0,0,0,1,2,0,0,1,0,0,0,0,0,0,0,1,1,0,0,1,0,0,0,0,0,0,0,0,1,1,0,0,2,1,0,2,0,1,1,0,0,0,0,1,0,0,0,0,0,0,0,0,0,0,0,0,1,0,1,0,0,0,1,2,0,2,0,0,0,3,2,1,0,0,0,2,0,0,0,0,0,0,0,1,0,0,1,0,2,0,0,0,1,0,0,0,0,0,0,1,0,0,0,0,0,0,0,0,0,0,0
0,0,0,0,1,0,0,0,0,0,0,0,0,0,2,0,0,1,0,0,0,0,0,2,0,0,2,0,0,2,2,1,0,0,0,2,2,0,0,2,2,0,0,0,0,1,0,0,0,3,1,0,0,0,0,3,1,0,0,0,0,0,2,2,0,1,0,0,1,2,2,1,0,0,0,0,1,0,0,1,0,1,0,0,1,0,1,0,0,0,0,0,0,0,0,0,2,0,0,1,0,0,1,0,0,0,1,0,1,0,1,0,0,1,1,1,1,0,1,0,0,0,0,0,0,0,1,1,2,0,0,0,1,2,0,1,2,0,0,0,2,0,0,0,0,1,0,0,0,0,0,0,0,0,1,1,1,1,2,1,1,1,0,1,0,0,0,1,0,0,1,0,0,0,0,0,0,1,0,0,33,125,126,216,168,46,2,1,0,0,0,0,2,0,0,0,0,0,0,0,0,0,0,0,0,41,119,224,251,254,169,159,253,153,2,0,1,0,0,0,0,0,1,0,0,0,0,1,0,0,0,43,227,247,254,254,224,46,5,48,254,253,150,0,3,1,0,0,1,0,0,0,1,0,0,1,0,0,43,231,254,252,254,133,14,0,1,6,175,255,228,0,1,0,0,0,0,0,1,0,0,0,3,0,2,0,108,253,254,176,25,5,0,0,0,1,169,254,228,1,0,0,0,0,2,2,0,0,0,0,0,1,0,0,105,253,254,101,0,0,1,1,1,17,200,254,229,0,0,0,0,0,0,0,1,0,0,2,0,0,0,1,15,188,254,197,14,1,0,0,0,48,255,255,228,0,1,0,0,0,0,1,0,2,0,0,0,0,1,0,0,18,229,253,218,106,149,79,105,218,254,253,229,0,0,0,0,1,1,0,3,1,0,1,1,0,0,0,0,0,93,246,254,254,255,255,253,254,255,253,125,1,1,1,0,0,1,0,0,0,0,2,0,0,1,0,2,2,0,94,188,190,188,189,189,236,253,230,21,1,1,1,0,0,0,0,0,0,0,0,0,0,0,0,0,1,1,0,1,0,1,1,0,177,252,221,0,0,0,0,0,1,0,0,0,0,0,0,1,1,0,1,0,0,0,1,1,1,1,1,0,175,254,222,0,0,0,1,0,2,0,1,0,0,0,1,1,0,0,0,0,1,0,1,0,0,1,1,0,175,254,223,0,0,0,0,0,0,1,0,0,2,0,2,0,0,0,0,0,1,0,2,0,0,0,0,0,178,254,222,0,0,2,0,2,0,2,0,0,0,1,0,0,0,0,0,0,0,0,0,0,0,1,0,0,177,255,222,0,0,0,0,1,1,0,0,0,0,1,0,2,0,0,1,1,0,0,0,0,0,0,0,33,224,253,223,0,0,0,1,0,0,1,0,2,1,0,2,1,1,1,0,0,0,1,0,1,0,0,0,53,255,252,144,0,0,1,1,0,1,0,0,0,0,2,1,1,0,0,1,0,0,0,0,0,1,1,0,61,255,253,91,2,0,0,0,1,0,1,2,1,0,1,0,0,0,0,0,1,0,0,0,0,0,0,1,181,254,253,91,1,0,0,2,0,0,0,0,0,1,0,0,0,0,0,0,1,1,0,1,0,2,0,1,27,147,234,44,1,0,2,0,0,0,3,0,0,1,0,0,0,1,0,0,0,0,2,1,1,1,0,1,3,0,0,0,0,0,0,0,0,0,0,0,1,2,0,0,1,0,0,0,0,1,0,0,0,0,1,0,0,0,2,0,0,0,1,1,0,0,0,0,0,0
0,2,1,0,0,0,1,1,0,0,0,0,0,0,0,2,0,0,0,0,0,0,1,0,0,0,1,0,1,1,1,0,0,1,0,0,0,2,0,0,0,0,1,2,0,0,0,0,0,0,0,0,0,1,1,1,0,1,1,1,0,0,0,1,0,0,0,0,0,1,0,0,0,0,0,1,1,2,0,0,0,0,0,0,0,1,1,0,1,0,1,39,63,131,234,151,18,0,0,0,0,0,2,0,0,1,0,0,0,0,0,1,0,0,0,0,0,0,47,240,252,255,252,255,228,222,138,22,0,0,1,0,2,0,1,3,1,0,0,1,0,0,1,1,0,2,59,253,254,255,253,253,255,253,253,204,8,0,2,0,0,1,1,0,0,1,2,0,0,0,1,0,0,0,1,157,151,101,9,129,196,230,253,253,170,0,1,0,0,0,1,3,0,2,0,1,2,1,0,1,0,0,0,0,0,0,0,0,0,41,186,255,250,99,1,1,0,1,1,0,0,1,0,0,0,0,1,0,1,0,0,1,0,1,0,1,0,0,37,228,254,248,30,0,0,0,1,0,0,1,0,1,1,1,0,0,0,1,0,0,0,0,0,0,1,1,1,64,251,254,221,15,0,1,0,0,0,1,0,0,0,0,0,1,0,0,2,0,0,2,0,0,2,0,0,0,193,255,252,24,1,1,0,0,0,1,2,0,0,1,1,1,0,0,0,0,1,1,1,0,0,0,0,0,73,255,254,22,0,0,0,0,0,1,1,0,0,1,0,1,0,1,0,2,0,0,0,0,0,2,0,0,44,255,252,24,2,0,0,0,0,0,0,1,2,0,0,0,0,0,1,0,0,0,1,0,0,0,0,1,123,254,251,22,0,0,1,0,0,0,1,0,0,0,0,0,0,0,0,0,0,0,2,0,1,0,0,0,205,255,181,0,0,0,0,0,0,0,0,0,0,0,1,0,0,1,2,0,0,1,1,0,2,0,0,13,237,254,131,0,1,0,0,0,1,0,2,1,2,1,1,1,0,0,1,0,1,0,0,0,0,1,1,121,253,250,50,0,0,2,0,2,0,0,2,1,2,1,0,0,0,0,0,2,0,1,70,118,169,132,174,253,254,245,0,1,0,0,2,1,0,0,1,0,0,1,0,0,1,0,2,0,3,108,249,254,255,253,252,253,255,250,72,4,0,0,0,1,0,2,0,0,1,0,0,0,0,0,1,0,24,253,252,253,254,255,255,253,253,254,252,136,2,0,0,0,0,0,0,0,1,1,0,0,0,0,0,0,23,255,255,253,255,253,255,255,254,254,254,254,181,1,1,0,0,0,0,0,0,0,2,0,0,1,0,2,13,193,254,254,254,255,223,95,45,130,244,255,252,81,0,0,0,3,2,1,0,0,0,0,0,0,0,0,0,0,61,142,156,69,13,0,0,2,40,236,253,91,0,1,0,0,2,1,0,2,0,1,0,1,2,1,1,0,1,0,0,0,1,0,0,0,0,1,0,1,2,0,0,0,1,1,0,0,0,0,1,1,0,1,0,0,0,1,0,0,1,1,1,0,0,1,0,0,0,0,0,1,0,0,2,1,1,0,1,0,0,0,1,1,1,0,0,0,2,0,2,0,0,0,0,0,0,0,2,0,0,0,0,0,0,0,0,1,0,1,0,1,1,1,0,0,1,1,0,0,0,1,0,2,0,0,0,2,0,0,0,0,0,1,1,1,0,0,0,0,1,0,1,0,0,1,0,2,0,1,0,0,0,0,0,0,0,1
0,1,0,0,1,0,2,0,0,0,0,0,3,0,0,0,0,1,1,2,3,0,0,0,0,0,0,1,0,1,0,0,2,0,0,0,1,2,1,2,0,0,0,0,0,0,0,0,0,0,2,1,1,0,0,1,1,0,1,0,0,0,0,1,0,2,0,0,0,1,1,0,0,1,0,2,0,0,0,1,0,0,0,0,2,0,1,0,0,1,0,0,0,0,0,1,0,2,0,3,0,0,1,2,0,0,0,0,0,0,0,0,0,2,0,0,0,0,0,1,0,140,228,54,14,204,254,215,142,27,11,0,0,0,0,0,0,0,0,1,0,2,0,2,1,0,1,1,0,65,254,252,165,252,252,253,253,254,196,36,0,0,1,1,0,1,0,0,0,1,0,1,0,0,0,0,0,118,252,252,253,109,55,54,56,119,224,210,58,0,0,0,0,1,1,0,0,1,1,0,0,0,0,0,0,190,251,78,28,0,0,0,1,0,20,204,190,2,1,0,0,0,1,0,0,0,0,1,0,1,1,2,113,255,246,50,3,0,0,0,0,0,0,125,249,125,3,2,2,1,0,1,0,2,0,0,0,0,0,18,193,254,122,1,1,1,0,0,0,0,0,0,200,226,0,0,0,0,1,0,0,2,0,1,0,2,0,123,251,252,83,0,0,0,2,0,0,0,0,1,114,247,65,0,0,0,0,2,1,1,0,2,0,1,0,196,254,229,10,0,0,0,0,0,0,0,0,0,114,252,83,0,1,1,1,0,0,0,1,0,0,1,1,199,252,162,0,1,0,0,0,0,1,0,1,0,112,253,203,4,1,0,2,2,0,0,0,0,0,1,4,197,252,115,0,0,0,1,1,1,2,1,0,0,113,253,252,56,0,0,2,0,1,0,0,1,1,0,46,241,252,26,1,1,0,0,0,0,0,2,0,0,113,252,252,54,0,0,1,0,0,1,0,0,2,0,57,251,253,0,0,1,0,0,1,0,0,1,0,0,115,253,253,54,0,0,0,0,0,1,0,0,0,0,52,247,140,1,0,0,0,0,1,2,0,1,0,0,126,254,247,49,1,0,2,0,0,0,0,2,0,0,1,196,139,2,1,1,1,0,0,0,0,1,0,83,244,252,171,0,2,0,0,0,1,2,1,0,1,0,1,196,227,37,0,2,0,0,0,0,0,1,18,217,252,243,56,1,0,1,1,0,0,0,1,0,0,0,1,96,251,164,0,1,0,0,0,0,0,12,192,253,253,224,0,1,0,0,0,0,1,0,0,0,0,0,0,0,163,242,65,7,0,0,0,9,80,205,253,253,189,51,0,1,0,0,0,0,0,1,0,0,0,0,1,0,39,228,254,100,58,72,169,198,251,254,253,208,59,1,2,0,0,0,0,0,0,0,1,0,1,0,1,1,1,44,224,255,249,252,252,251,250,254,197,37,1,0,0,0,1,2,0,2,0,1,0,2,0,2,0,1,2,2,17,67,192,253,253,251,151,80,8,0,0,0,2,2,1,0,1,0,0,0,0,1,0,1,1,0,0,0,0,1,0,0,0,0,0,0,1,0,0,1,3,0,0,0,0,0,0,1,1,1,0,0,0,0,0,0,0,1,1,0,1,0,2,2,0,1,1,0,0,1,1,1,0,0,1,0,0,1,1,1,0,1,1,0,0,0,1,0,0,0,2,1,0,0,0,0,1,1,2,1,0,0,0,0,1,0,1,0,0,0,0,0,1,0,1,1,1,0,0,0,0,1,0,0,0,0,0,0,0,0
0,0,1,0,0,0,0,0,0,3,0,0,0,0,0,0,0,0,0,0,0,0,0,0,0,1,0,1,0,0,0,2,1,0,0,0,0,0,1,0,1,0,1,1,0,0,1,1,0,2,0,1,0,0,1,0,0,0,0,1,0,1,0,0,2,0,0,1,0,0,0,0,0,1,2,0,0,0,1,2,0,0,0,1,0,0,0,0,0,0,0,1,0,0,0,1,1,0,0,0,1,0,0,1,0,0,0,0,0,0,0,0,0,0,0,0,1,0,0,0,165,253,22,0,0,2,0,0,0,0,1,0,0,2,1,0,0,1,2,0,0,2,0,0,2,1,0,0,174,250,55,1,1,0,3,1,0,159,159,0,0,0,0,1,0,2,0,0,1,0,0,0,0,0,0,1,248,251,126,0,0,0,0,0,58,247,212,1,0,2,0,0,0,1,0,1,0,0,0,0,1,0,0,2,253,251,127,0,0,1,0,0,92,252,182,0,1,0,0,0,0,1,0,2,0,0,0,0,0,0,0,1,252,253,82,0,0,1,0,9,204,251,104,0,0,0,0,0,1,0,0,1,1,1,0,0,0,0,0,1,255,253,23,2,0,0,0,0,168,252,106,0,0,2,0,0,1,1,0,1,0,0,1,1,1,1,0,0,254,250,21,0,1,0,0,0,169,253,104,0,0,0,0,2,0,0,0,0,1,1,0,2,0,0,0,0,253,251,21,0,0,0,0,0,169,252,105,1,1,0,1,0,0,1,1,0,0,0,1,0,0,0,0,1,253,252,21,0,1,2,0,14,225,252,105,48,33,0,1,0,0,1,3,0,0,0,1,0,0,0,0,0,253,252,22,0,0,0,0,153,253,251,228,242,233,212,125,88,1,0,1,0,0,0,0,0,2,0,0,0,253,254,82,2,17,148,226,252,253,252,253,222,211,239,252,253,251,154,67,1,2,0,0,1,0,1,0,0,252,251,126,84,217,251,251,252,252,250,108,16,0,40,62,170,229,252,236,67,0,0,1,1,1,0,1,1,201,251,243,244,252,253,200,180,253,250,0,1,0,0,0,0,14,73,170,27,0,1,0,0,0,0,0,0,174,254,252,253,252,129,22,48,251,251,1,0,0,1,0,0,1,0,0,1,0,0,1,0,0,0,0,0,252,252,252,227,59,2,1,128,251,251,0,0,1,0,1,1,0,0,0,0,0,1,0,0,0,0,1,0,87,254,170,1,0,0,0,109,252,254,1,2,0,1,1,0,0,2,0,1,0,0,2,0,1,0,0,1,12,62,31,0,0,0,0,56,251,253,0,0,0,0,0,0,1,1,0,1,0,1,0,1,1,0,1,0,0,1,0,0,0,0,0,74,251,254,1,2,0,0,0,0,0,1,0,0,0,0,0,0,2,2,1,0,0,0,2,0,0,0,0,22,254,250,0,0,1,1,0,0,0,2,0,1,2,2,2,0,0,0,1,2,0,1,0,0,0,1,0,5,183,251,1,0,0,0,1,2,2,0,1,0,0,1,0,0,2,0,0,1,1,0,0,0,2,0,0,0,0,1,0,0,0,0,1,1,0,0,1,0,0,0,0,1,0,0,1,1,0,0,0,1,0,0,1,0,0,3,0,0,0,1,0,1,0,0,0,0,1,1,0,1,0,0,0,0,0,0,0,1,1,1,0,0,0,0,1,3,1,0,0,0,2,1,1,1,0,1,0,1,2,1,0,1,0,0,0,0,0,0,0,0,0,0,0,0,0,0,0,0,0,0,0,0
0,2,2,0,2,0,0,0,1,0,0,0,2,0,0,0,0,1,0,0,0,0,1,1,1,0,0,1,0,0,0,0,0,2,1,2,0,2,1,2,1,0,0,1,0,0,1,0,1,0,2,0,1,0,0,2,0,0,1,0,1,0,0,0,0,0,0,1,0,0,0,0,0,0,0,0,1,1,0,1,0,0,0,0,1,2,0,1,0,0,1,0,0,0,0,0,0,0,1,1,0,1,0,0,2,0,1,0,0,0,0,0,0,1,1,0,1,2,0,0,1,1,0,2,0,0,1,0,1,0,2,0,0,1,1,0,0,1,0,0,0,2,0,0,0,0,0,2,0,0,0,0,0,0,0,1,0,0,0,0,1,0,0,0,0,0,0,0,0,1,0,0,0,1,2,0,3,1,0,0,81,238,254,255,152,1,0,0,1,0,1,0,0,0,0,1,0,0,0,0,0,0,1,2,0,1,1,116,253,229,106,161,251,105,0,0,1,1,0,0,0,0,0,0,0,2,1,0,0,2,0,1,0,2,54,254,214,45,0,0,188,247,12,2,0,1,0,0,1,1,0,0,0,1,0,0,0,0,1,1,0,1,183,245,32,0,0,1,78,255,181,0,0,0,1,0,0,1,0,0,0,0,0,0,0,0,0,0,0,82,252,122,0,0,1,15,195,253,233,1,0,0,2,1,0,0,1,1,0,1,0,2,0,0,0,0,0,153,253,55,0,0,39,223,253,253,235,0,0,0,1,0,0,0,1,0,0,0,0,0,0,0,0,1,0,232,222,1,12,149,236,228,169,255,236,1,0,0,1,0,0,0,0,1,0,1,0,0,0,0,0,0,1,233,201,129,235,254,181,33,245,247,192,1,1,0,0,1,0,0,0,1,0,0,0,0,0,0,1,1,0,225,254,253,240,123,10,134,254,94,2,0,0,0,1,0,0,0,0,1,1,0,0,1,0,0,0,0,3,128,214,151,30,1,0,227,254,4,1,0,0,2,0,1,2,0,1,0,1,0,0,0,1,0,1,0,0,0,0,0,0,0,62,250,169,0,1,0,0,0,0,1,0,0,0,1,0,0,2,1,0,0,0,0,0,0,1,2,0,0,180,254,27,0,0,0,1,1,0,1,0,0,0,0,0,2,0,0,1,1,2,1,1,0,0,0,0,28,241,214,6,0,1,1,1,1,0,0,1,1,2,0,1,0,2,1,0,0,0,2,0,1,0,0,1,173,255,107,0,0,3,0,1,1,0,0,2,0,1,0,1,0,0,0,0,0,0,0,0,0,0,0,4,207,232,17,0,0,1,1,0,0,1,1,0,1,2,0,1,1,1,0,0,1,0,0,0,2,0,0,128,255,155,0,0,0,0,0,0,1,0,1,0,0,0,0,1,0,2,0,0,0,0,0,1,0,0,8,223,245,32,1,0,0,2,0,2,0,0,0,1,1,1,0,0,0,2,0,1,2,0,0,0,0,1,61,254,169,0,0,0,1,0,0,0,1,0,0,0,2,1,1,1,0,0,0,0,0,1,0,0,0,0,171,254,233,24,0,0,0,1,0,0,0,0,1,0,0,0,0,0,1,0,0,1,2,0,1,0,0,0,100,254,137,0,0,0,0,0,0,1,2,0,0,0,1,2,1,0,0,1,0,0,0,0,2,0,0,0,1,0,0,0,1,0,0,0,0,1,0,0,0,0,3,0,0,0,0,0,0,0,0,0,0,0,0,0,0,0,2,1,0,0,0,0,0,0,1,0,1,0,0,1,1
1,0,0,0,1,0,1,0,0,0,0,0,0,0,0,1,1,0,0,1,1,0,0,0,2,0,0,0,0,1,0,0,2,1,1,1,0,0,0,0,0,3,0,0,0,0,0,0,0,1,0,0,0,0,1,1,1,2,0,0,0,0,0,1,1,0,0,0,1,0,0,1,0,0,0,1,0,0,0,0,0,0,0,1,2,0,0,0,0,0,1,0,0,0,0,0,0,0,0,0,0,0,0,0,0,1,0,1,1,3,0,0,0,0,0,0,1,0,1,0,1,0,0,0,1,0,0,0,1,0,0,0,1,0,0,0,0,0,0,1,2,0,0,0,0,0,0,0,0,1,0,1,0,75,255,126,0,0,0,0,0,1,1,1,0,0,0,0,0,0,0,0,1,0,0,1,0,0,0,0,0,218,255,159,2,0,0,1,0,0,1,0,0,1,1,0,0,0,1,0,0,0,0,1,1,0,1,2,0,221,254,127,1,1,0,1,1,0,1,0,1,2,0,0,0,0,0,0,0,2,0,1,0,2,0,0,1,219,255,128,2,0,0,1,0,0,0,1,1,0,1,0,2,0,0,0,0,1,0,0,0,0,0,0,0,220,253,182,0,0,2,0,0,0,1,0,0,0,0,0,0,2,0,0,0,2,0,0,0,0,0,0,0,189,255,135,0,0,0,1,2,1,1,2,1,0,0,1,0,2,0,1,1,0,0,0,0,0,0,0,0,190,255,128,0,0,0,0,1,0,2,1,0,1,0,0,0,1,1,0,0,2,0,1,1,1,1,0,1,219,254,128,1,0,0,2,0,0,0,1,0,1,0,0,0,0,0,0,0,0,2,1,1,0,1,0,0,142,255,187,2,1,2,0,1,0,0,1,0,0,1,0,2,0,0,0,0,0,2,0,1,1,0,0,0,133,254,129,0,1,0,1,0,0,0,0,0,0,1,0,1,0,1,0,0,0,2,0,2,0,1,0,0,134,253,129,0,1,0,0,0,0,0,0,1,1,0,2,0,1,1,0,0,0,0,0,0,1,0,0,0,132,252,188,2,0,0,0,2,1,1,1,0,0,1,0,0,0,1,0,1,0,1,0,0,0,3,0,0,131,255,127,1,0,0,0,0,0,0,0,0,0,0,0,1,0,1,0,0,0,0,0,0,1,1,0,0,132,254,168,0,0,1,0,0,1,0,0,0,0,0,0,1,1,0,0,1,1,0,1,1,0,0,0,0,98,253,217,3,0,0,0,0,1,0,0,1,1,1,0,0,2,0,1,2,1,0,1,0,0,1,0,0,27,237,254,46,0,0,0,0,1,0,0,0,0,0,0,0,0,0,0,0,0,0,0,0,0,1,0,0,0,217,255,48,0,0,0,0,2,0,0,0,1,0,0,0,1,0,2,0,0,0,1,0,0,0,0,0,1,185,253,48,1,0,1,0,1,0,0,0,2,1,1,1,0,0,0,1,0,1,0,1,1,0,0,0,0,130,254,72,0,1,0,0,0,0,0,1,1,0,0,1,0,1,1,0,0,0,2,0,0,1,1,0,0,87,168,30,0,0,0,0,0,0,2,0,1,1,0,0,1,0,0,0,1,0,1,0,0,0,1,0,0,2,0,2,0,0,0,1,1,0,2,0,0,1,1,0,0,0,1,1,0,1,1,0,0,0,1,2,1,2,0,1,0,0,2,0,0,3,0,0,1,0,1,0,0,1,0,0,1,1,2,0,1,0,0,0,0,0,0,0,0,0,0,0,0,2,0,0,1,0,0
0,2,0,1,1,0,1,0,0,0,0,1,0,1,0,0,1,0,0,1,1,0,1,0,0,1,0,0,0,0,1,2,1,1,0,1,1,1,0,0,0,2,1,0,0,0,1,2,0,0,0,0,1,0,0,2,0,0,0,2,0,0,0,2,0,0,0,1,0,0,0,0,2,0,0,0,0,0,0,0,0,0,0,1,0,0,0,0,0,1,0,1,2,2,0,2,0,0,0,0,1,0,1,1,0,1,1,1,0,0,0,0,0,0,1,1,0,0,0,0,0,1,0,0,0,0,1,1,0,0,0,10,130,193,31,2,0,0,0,0,0,2,0,0,0,0,0,0,2,0,0,1,1,22,21,0,0,0,42,172,252,213,7,0,0,1,1,0,0,2,0,0,1,0,0,0,3,2,0,0,1,253,253,0,2,0,124,253,252,41,1,0,1,0,0,0,2,1,0,2,0,2,1,1,2,0,0,0,124,233,152,1,0,41,243,253,172,0,0,0,1,0,0,0,0,0,0,2,0,0,0,0,0,1,0,113,251,204,1,0,1,152,254,225,20,1,0,0,0,0,1,2,2,0,0,2,0,1,0,0,0,1,39,233,250,122,0,0,1,193,253,203,1,0,0,1,2,2,0,0,0,1,0,0,0,0,0,0,1,11,214,254,172,0,0,0,83,253,253,81,1,0,1,0,0,0,0,0,0,1,0,0,0,1,0,0,0,131,251,172,10,0,0,0,204,251,171,0,0,1,0,0,0,1,0,0,0,0,0,1,0,1,0,0,20,254,253,82,0,1,0,32,232,254,91,0,1,0,0,0,0,0,1,2,0,0,1,0,0,0,0,20,203,253,130,0,1,0,1,172,253,213,9,0,0,0,0,0,0,0,0,0,0,1,0,1,2,0,0,54,252,203,20,0,0,0,0,253,253,101,0,2,2,0,2,0,0,1,0,0,0,1,0,0,0,0,0,93,252,223,202,143,100,43,82,253,252,62,0,1,0,1,0,0,1,0,1,0,1,2,2,0,0,0,1,92,253,253,254,253,253,253,252,255,194,0,1,0,0,0,0,0,0,0,0,0,0,0,0,0,0,0,1,9,50,49,131,172,251,255,253,253,231,104,21,0,0,0,0,0,0,0,2,1,1,0,0,0,0,1,0,0,2,2,1,0,101,252,254,254,254,253,212,213,132,1,0,0,0,0,0,0,0,0,2,0,0,0,0,0,0,0,1,1,142,254,252,49,132,213,253,252,253,2,0,1,2,0,1,0,0,0,0,0,0,0,2,0,0,0,0,0,205,254,150,0,1,2,41,101,61,0,0,0,0,0,1,0,1,0,0,0,1,0,0,0,1,1,0,44,243,253,70,0,1,0,0,1,0,2,0,1,1,2,1,0,1,1,0,0,0,0,1,0,3,1,0,41,240,255,70,0,2,0,1,1,1,1,0,0,0,1,0,1,0,0,1,0,0,2,0,1,0,0,0,0,121,233,91,1,1,2,0,0,0,1,1,0,0,0,1,1,0,1,0,0,1,0,0,0,1,0,0,0,1,2,0,0,1,1,1,0,0,1,2,0,1,0,2,2,1,1,1,0,0,1,0,0,0,0,1,0,0,1,0,0,0,0,0,0,0,0,0,2,1,0,0,0,0,1,0,1,1,0,0,2,0,1,1,0,1,0,1,0,0,1,2,1,1,0,0,0,0,0,1,1,0,2,1,1,1,0,0,0,0,3,0,0,0,0,0,1,0,0,1,0,0,0,0,0,0,0,0,0
0,1,1,2,0,1,1,0,0,0,1,1,0,1,0,1,0,1,1,0,0,1,1,1,0,0,0,0,0,1,2,0,1,0,0,0,0,0,0,0,0,0,2,0,2,0,0,0,1,0,0,0,0,0,0,0,1,0,0,0,2,2,0,0,0,0,0,3,0,0,1,0,0,2,0,1,1,2,0,0,1,0,0,0,0,1,0,1,1,0,1,0,0,1,0,2,0,0,0,0,0,0,0,0,0,1,0,0,1,0,1,0,1,0,0,1,0,1,0,0,0,1,1,1,0,0,0,0,0,0,0,0,0,0,1,0,0,0,0,0,2,0,2,0,0,1,0,0,0,21,73,192,254,254,236,233,125,0,1,0,2,2,4,0,3,1,0,0,0,2,2,0,1,0,0,0,22,204,254,251,131,50,133,252,243,162,0,1,1,2,1,1,0,1,0,0,0,1,0,0,0,0,0,0,215,232,123,0,0,0,0,43,235,234,0,0,0,1,0,0,1,0,2,0,0,3,0,0,0,1,0,123,253,151,0,1,2,0,0,0,29,30,61,183,82,0,1,0,0,1,0,0,2,1,1,0,0,1,0,204,255,50,0,0,0,0,0,0,0,19,254,254,81,2,0,0,1,2,0,0,1,0,0,0,1,0,1,203,254,49,0,0,0,0,0,0,41,222,254,91,1,2,0,0,0,0,0,0,1,0,0,0,0,0,0,203,251,150,1,2,1,1,2,62,214,253,122,0,0,0,0,0,0,0,0,0,0,1,0,0,0,0,0,121,254,234,124,0,0,0,1,183,253,129,1,0,1,0,2,0,0,0,1,1,0,0,0,0,1,0,1,0,173,252,255,173,0,0,152,252,183,0,0,0,1,0,0,1,0,1,0,3,0,0,0,1,1,1,0,0,9,172,254,252,182,102,234,214,19,1,1,0,0,0,0,0,0,0,0,2,1,0,0,0,0,1,1,0,0,1,62,204,253,253,254,151,0,0,0,0,2,0,0,0,2,0,0,1,0,0,0,1,1,0,0,0,0,1,1,21,251,253,255,233,81,1,0,2,0,0,0,0,1,0,0,1,1,1,2,2,0,0,0,1,0,1,0,0,72,254,254,252,233,53,1,0,0,0,1,1,3,1,0,0,0,0,0,0,0,0,0,0,0,0,1,0,192,253,212,212,252,232,40,2,0,2,0,0,0,0,0,0,0,0,1,0,1,0,0,0,0,0,0,0,254,254,101,1,172,255,235,30,0,1,0,0,1,1,0,0,1,1,0,0,0,2,0,0,0,0,2,0,254,251,21,0,9,211,253,51,0,0,2,1,0,0,0,0,0,0,1,2,0,0,0,0,0,0,1,0,254,253,21,1,32,233,255,52,0,0,0,1,1,0,0,1,0,1,0,3,0,1,1,0,0,2,0,0,255,253,162,141,173,252,232,28,0,0,0,0,0,0,0,0,0,0,0,0,0,0,2,0,0,0,0,2,20,202,255,252,255,253,141,1,1,1,0,0,0,0,1,0,1,0,1,0,1,0,0,1,2,0,0,0,0,19,171,213,152,110,19,1,0,1,1,2,2,0,1,1,1,0,0,0,0,0,0,1,0,1,0,0,0,0,0,0,0,0,0,0,0,1,0,0,0,0,0,1,0,0,0,0,1,1,0,0,0,2,0,0,0,0,0,0,0,0,0,1,0,0,0,0,0,2,0,0,1,1,0,0,0,2,1,1,0,0,1,0,0,0,0,0,0,0,0,0,0,0,0,0,1,0,0,1
0,2,0,0,0,1,0,0,0,0,0,0,1,0,0,0,0,2,0,0,1,0,0,0,0,3,2,0,0,0,0,0,0,1,1,1,0,0,0,0,1,0,0,0,0,0,0,1,0,0,0,0,0,0,1,0,0,0,0,1,0,0,0,1,0,1,1,0,0,0,0,0,0,0,0,0,1,0,0,0,1,1,0,0,0,1,0,0,1,1,0,0,0,0,1,1,0,1,0,1,1,1,0,0,0,0,0,0,0,0,0,2,0,0,0,0,0,1,0,0,0,0,0,0,0,0,0,13,194,195,0,0,0,0,0,1,1,0,1,0,0,0,0,0,0,0,0,0,2,1,0,0,2,0,0,94,246,81,1,1,0,0,0,1,0,0,0,1,0,0,0,0,0,0,0,1,1,0,0,0,0,0,2,142,254,85,1,0,0,0,1,0,1,1,0,0,0,0,1,0,0,0,0,0,0,0,0,0,0,0,74,255,233,0,1,0,0,1,2,1,0,1,0,1,0,2,0,3,0,0,0,0,0,0,0,2,0,0,163,255,232,0,1,1,1,1,2,0,0,1,3,0,0,0,1,0,1,1,0,1,2,1,0,0,0,9,206,254,181,0,0,1,0,0,0,0,0,0,0,0,0,1,1,0,0,0,2,0,1,1,2,0,2,38,255,254,57,2,0,0,0,0,0,0,0,3,0,1,0,2,1,0,0,1,0,0,1,2,1,0,0,127,253,222,11,0,0,1,1,1,0,3,0,0,1,0,0,0,0,1,1,2,1,2,0,0,1,0,0,227,252,162,0,1,1,0,0,1,0,0,0,2,0,1,0,0,0,1,1,1,0,1,1,0,0,1,2,234,253,163,1,0,0,0,0,0,0,0,0,1,1,0,0,0,1,2,0,0,0,1,0,1,1,0,30,242,253,161,0,1,1,0,0,2,0,1,0,0,0,1,0,0,0,0,0,0,0,0,0,1,0,0,97,252,254,58,0,0,0,1,1,0,2,0,0,1,1,0,2,1,0,1,1,0,0,0,0,1,0,0,195,255,216,20,0,1,0,0,1,0,0,0,1,2,0,0,0,1,1,0,1,0,0,0,0,0,0,0,196,255,199,0,0,3,0,0,2,0,0,0,0,0,2,0,1,2,0,0,0,0,3,1,0,0,0,48,253,253,98,0,0,0,0,0,1,0,0,0,0,0,0,2,2,0,2,0,1,0,1,0,0,0,1,50,255,253,92,0,1,0,2,0,0,0,0,0,0,0,1,1,1,0,0,0,0,0,0,0,0,0,0,51,255,255,92,1,1,1,1,0,1,0,0,0,2,1,0,1,0,0,0,0,0,0,0,0,0,0,0,49,255,253,92,0,0,0,1,0,1,0,0,2,2,0,1,0,0,0,0,0,1,0,1,0,1,0,0,50,253,255,206,116,0,0,0,0,2,0,0,0,0,1,0,0,0,1,0,0,0,3,1,1,0,0,0,9,159,255,185,47,1,0,0,0,0,1,1,2,0,0,0,1,0,0,0,2,0,0,0,0,0,0,0,1,0,1,0,0,0,0,1,0,1,0,0,2,0,0,0,0,0,0,0,1,0,1,0,0,0,1,1,0,0,0,1,0,0,0,0,0,1,0,2,0,1,0,0,0,1,0,0,0,1,0,0,1,1,0,1,0,2,0,0,0,0,0,2,0,0,0,0,0,0,0,0,0,0,1,0,1,1,1,2,0,0,1,0,0,0,0,0,0,0,1,0,0,0,1,0,0,0,0,1,0
0,1,0,0,0,1,1,0,1,0,1,0,0,0,1,1,0,1,0,0,0,0,0,1,0,0,0,0,0,0,0,1,0,1,0,1,0,0,0,0,0,0,0,1,1,2,0,0,0,0,0,0,0,1,0,0,2,1,0,0,1,0,2,0,0,0,0,0,1,0,0,0,0,0,0,0,1,0,1,0,0,1,0,0,0,0,2,1,1,0,0,0,0,0,0,0,0,0,0,0,0,0,0,0,0,1,2,1,0,3,1,1,0,0,1,1,0,0,0,0,0,1,0,1,1,0,2,1,0,1,1,0,0,1,2,1,0,0,0,0,0,0,2,0,1,0,2,1,1,18,107,156,172,218,155,154,155,70,0,0,1,1,0,0,0,0,0,0,2,2,0,0,0,1,0,0,104,223,253,255,229,222,204,244,247,252,183,16,0,0,0,0,0,0,0,1,0,0,0,2,0,0,0,17,228,236,177,88,5,1,0,0,23,98,253,154,0,0,0,0,0,1,1,1,2,0,1,1,0,0,0,114,245,56,0,0,0,0,2,0,0,2,62,216,0,1,0,0,1,0,1,1,0,1,1,1,0,0,0,99,232,0,0,0,1,0,0,0,0,0,0,200,0,0,1,0,0,0,0,0,1,2,1,0,0,1,0,58,248,82,0,0,0,0,1,0,0,1,8,204,0,0,0,0,2,0,1,0,0,2,0,0,1,0,0,1,188,203,9,3,0,2,0,3,104,0,104,195,0,1,0,1,0,0,0,0,2,2,0,0,0,1,1,0,54,195,217,26,0,0,44,206,163,15,238,70,2,0,0,2,0,0,0,0,0,0,0,0,0,1,0,0,0,48,206,235,50,35,190,114,0,94,174,12,0,1,0,0,1,2,0,0,0,2,0,1,0,0,1,1,0,0,13,138,235,229,144,2,35,235,67,1,2,0,0,0,0,0,1,0,0,1,0,2,1,0,0,1,0,0,0,2,241,253,166,23,63,197,0,0,0,1,1,0,2,0,1,0,0,0,0,1,1,0,1,0,0,1,9,128,245,118,190,215,144,17,0,0,0,0,1,0,2,2,0,0,0,0,1,0,0,1,1,1,0,2,77,255,123,0,24,121,239,85,7,0,1,1,1,0,1,0,1,1,0,0,0,0,1,0,0,0,0,0,197,197,5,0,2,2,76,188,168,10,2,1,0,0,0,0,0,1,0,0,0,0,0,1,0,0,0,66,253,79,1,0,0,0,0,8,157,175,47,0,0,0,1,0,0,2,0,0,0,0,0,0,0,0,1,147,246,49,2,0,0,0,1,0,0,75,208,48,0,0,1,0,0,0,1,0,0,1,0,0,0,0,0,123,224,1,1,0,0,1,0,2,1,0,119,200,8,0,0,0,0,0,0,2,0,0,0,0,1,1,1,78,248,88,0,1,1,0,0,0,0,0,0,134,139,0,0,1,1,0,0,0,0,0,0,0,0,0,0,2,158,251,149,71,18,1,0,0,0,4,46,149,136,0,1,0,0,0,0,1,0,0,0,1,1,0,0,0,6,54,149,193,144,159,163,199,199,206,222,95,0,1,2,0,1,0,1,0,0,0,1,0,0,0,2,0,0,0,0,0,1,1,0,0,0,0,0,1,1,1,0,0,1,1,0,0,0,0,0,0,1,0,2,0,1,1,0,1,0,0,0,0,0,0,1,0,0,0,0,1,0,0,0,0,0,1,0,0,0,0,0,0,0,0,1,0,0,0,1,0,0,0,0,2,1,0,0,0,1,0
0,0,0,0,0,0,0,0,2,0,1,0,0,0,1,0,1,0,0,1,1,0,0,0,0,2,0,1,1,0,0,0,0,0,0,0,0,1,1,0,0,1,0,0,0,0,0,0,2,1,0,0,0,1,0,0,0,0,0,0,1,0,1,1,1,0,0,1,0,0,0,0,0,0,1,0,0,0,1,0,0,0,0,0,0,1,0,0,1,0,1,0,1,1,1,3,0,1,1,0,0,0,0,1,3,0,0,2,0,0,0,0,0,0,0,0,0,0,2,1,0,1,2,0,0,0,0,0,0,1,0,0,0,1,0,0,0,0,1,2,0,2,0,0,0,3,1,0,1,0,237,255,25,0,0,2,0,1,0,0,0,0,0,0,0,0,0,0,1,0,0,0,0,0,0,0,0,0,235,252,26,1,0,0,0,0,0,1,0,1,0,0,0,0,0,0,0,0,0,0,0,2,1,2,1,1,237,254,24,0,0,0,0,0,0,1,0,0,1,0,1,1,1,1,0,0,0,0,0,0,0,0,1,0,238,252,26,2,0,2,0,0,0,0,1,0,0,0,0,0,0,0,3,1,0,0,3,0,1,0,1,0,237,253,26,0,2,0,0,0,0,1,0,0,1,0,0,1,1,0,0,0,0,0,0,0,0,0,0,18,239,253,26,2,201,107,0,0,1,0,0,0,0,0,1,0,0,0,0,0,0,0,0,0,2,0,0,71,253,255,25,0,219,248,41,1,0,1,0,0,0,2,0,0,0,0,0,0,0,0,1,0,1,1,0,71,253,254,24,1,173,255,119,2,1,0,0,0,0,0,0,1,1,2,2,1,0,0,0,0,1,0,0,68,255,252,26,0,60,255,203,0,0,1,1,0,1,1,1,0,2,1,0,0,0,1,1,0,1,1,0,58,250,253,172,54,11,223,219,10,0,0,0,0,1,0,1,0,0,0,1,0,0,0,0,0,0,0,0,0,236,254,254,254,217,247,255,148,125,117,41,36,0,0,0,0,0,1,1,1,1,2,0,0,2,0,0,1,95,221,254,254,254,253,255,254,254,254,254,250,56,0,0,2,0,1,1,0,1,1,3,0,0,0,0,0,0,12,71,138,154,225,250,255,255,252,223,218,37,0,0,0,0,0,0,0,0,0,1,0,0,1,0,0,0,0,0,0,1,0,174,254,96,50,0,0,0,0,0,0,2,0,0,0,0,0,0,2,1,1,0,0,1,0,0,0,0,0,88,254,94,0,0,1,3,0,0,1,0,0,2,0,1,1,0,1,0,0,0,1,0,0,2,0,1,1,39,254,226,5,1,0,0,2,3,0,0,0,0,0,0,0,2,1,0,0,1,0,0,0,0,0,0,1,38,252,253,57,0,0,0,1,0,0,0,0,0,0,0,0,0,1,0,0,0,0,0,0,0,0,0,1,0,206,255,57,0,1,0,0,1,1,0,2,1,0,0,2,0,0,0,1,0,2,0,1,0,0,0,1,1,146,255,55,1,0,0,0,0,0,1,0,0,0,0,0,1,1,1,1,1,0,1,0,1,0,0,1,0,24,228,35,0,0,1,2,2,0,0,0,0,0,0,0,0,0,0,0,0,0,0,0,0,0,2,0,1,1,1,0,0,0,0,0,1,0,0,0,0,0,1,0,0,2,0,0,1,0,0,0,0,0,0,2,0,1,0,2,1,0,1,1,0,0,1,0,0,1,0,1,0,0,0,1,0,0,2,1,1,0,1,0,0,0,0,0,0,0,0,1,0,0,1,1
0,1,0,0,0,0,2,0,0,0,0,0,0,0,0,2,0,1,0,0,0,0,1,0,0,2,0,0,1,0,0,0,0,0,2,0,0,0,2,1,1,0,0,0,0,0,2,0,0,2,1,0,0,0,0,0,1,0,1,0,1,0,0,0,1,0,0,0,0,0,0,1,0,0,0,0,1,0,1,0,0,0,0,0,2,0,0,0,0,0,0,1,0,0,0,1,0,1,0,0,0,1,1,0,0,0,0,1,0,1,1,0,2,0,0,1,0,0,1,0,1,0,0,1,0,0,0,1,2,0,0,0,2,1,2,0,1,0,0,0,2,0,0,0,0,1,0,0,0,0,0,0,0,0,2,1,1,0,0,0,0,0,0,0,0,2,0,0,0,0,0,0,0,0,2,0,1,1,3,0,0,0,1,0,2,0,0,0,1,0,0,0,1,0,2,0,0,1,0,0,0,0,1,0,0,0,0,0,1,0,1,0,2,1,0,0,0,0,0,0,0,0,1,0,0,0,0,1,0,0,0,0,1,0,0,23,54,49,0,0,0,0,1,54,53,131,173,172,126,30,0,0,0,0,0,0,0,0,0,0,0,0,60,149,254,194,0,2,23,71,180,253,254,254,253,254,253,191,0,0,0,0,0,0,0,1,0,0,18,179,246,217,51,19,57,171,222,254,252,253,255,195,133,48,47,26,1,0,0,0,1,2,0,0,0,66,193,255,255,246,170,227,244,253,252,254,158,143,29,10,0,0,0,0,0,0,0,1,1,0,0,1,9,203,252,255,152,181,246,130,130,47,11,11,1,2,0,0,0,2,1,0,0,1,1,0,0,0,1,1,9,198,253,253,64,5,0,0,0,0,0,0,1,0,0,0,0,0,2,0,1,0,0,0,1,0,0,2,0,74,220,254,254,121,42,20,1,1,0,0,0,1,0,0,0,0,1,0,0,0,0,0,0,0,1,0,0,1,17,165,244,253,253,212,180,83,2,0,1,0,0,0,0,0,1,0,1,1,0,0,1,1,0,0,1,0,1,0,48,164,251,254,255,240,159,12,1,1,0,0,0,0,0,1,0,0,0,0,1,0,1,0,0,0,0,0,0,1,41,167,255,255,253,86,0,0,1,0,1,0,0,0,0,1,1,0,1,0,0,0,0,1,0,0,0,2,0,4,41,168,254,246,21,0,0,2,0,2,0,1,0,0,0,1,0,1,0,1,2,0,0,1,1,0,1,0,0,66,252,254,24,1,1,0,1,0,0,1,0,1,1,0,1,0,0,0,27,0,1,1,0,0,0,0,38,225,253,197,8,0,0,0,0,3,0,0,0,0,1,0,0,2,2,3,228,150,41,1,0,20,47,59,221,254,238,75,0,0,2,0,1,1,1,0,1,1,0,0,1,0,1,0,47,199,240,151,66,200,253,255,254,239,77,1,1,2,0,0,0,0,0,0,3,1,0,0,0,1,0,2,0,8,54,51,54,158,172,171,98,41,0,0,1,1,0,0,0,0,0,0,0,0,1,0,1,0,0,0,1,0,0,0,0,0,0,0,1,1,0,2,1,0,1,1,1,0,1,0,0,1,0,0,0,0,0,1,0,0,0,2,1,0,0,0,0,0,0,0,0,1,0,0,1,2,0,0,1,0,1,2,0,0,0,0,0,0,0,1,0,0,0,1,0,0,1,0,1,0,1,0,0,0,0,1,0,0,0,1,0,0,0,0,1,0,1,0,0,0,0,1,0,0,0,0,0,1,0,0,0,0,0,0,0,1
2,0,0,0,0,1,0,0,1,0,0,0,0,0,1,0,1,0,0,0,0,0,0,1,0,1,0,0,1,0,1,0,1,0,0,1,0,0,1,0,0,0,0,1,1,0,0,0,2,0,1,0,1,0,0,0,0,0,0,0,2,0,0,0,0,1,0,0,2,1,0,1,0,0,0,1,0,0,0,1,0,0,0,1,0,1,0,0,0,0,1,1,1,0,1,2,0,0,0,0,1,1,0,0,0,0,1,1,1,1,0,0,0,0,0,0,1,0,0,3,0,0,2,1,1,0,1,0,0,1,0,0,2,1,0,0,0,2,0,0,0,0,0,0,0,0,0,1,0,1,2,2,0,0,1,0,0,0,0,0,0,0,0,0,1,1,0,0,1,1,0,0,0,1,0,2,1,0,0,0,21,154,156,215,123,3,1,0,1,1,0,0,0,1,0,0,0,1,1,0,0,1,0,2,0,0,1,39,227,254,255,253,250,182,17,0,0,1,0,0,0,0,0,0,0,0,0,0,0,0,0,1,0,0,22,208,253,190,189,229,254,252,194,1,0,0,0,0,0,0,0,1,0,0,0,1,0,0,0,0,0,0,96,234,59,0,1,22,173,254,229,2,1,1,2,0,0,0,2,0,2,0,0,0,0,1,1,1,0,10,207,215,0,1,1,0,116,253,229,0,1,0,1,1,0,0,0,0,0,3,1,0,0,0,0,1,1,83,255,73,0,2,0,8,171,254,230,1,0,1,1,0,0,0,0,1,0,0,1,1,0,0,0,0,0,130,192,5,0,1,0,133,255,253,230,1,0,0,1,0,1,0,0,0,0,0,0,0,1,2,0,0,0,145,169,0,1,0,22,247,200,255,228,0,0,0,1,0,0,1,1,2,0,0,1,1,0,0,0,1,0,231,169,0,1,21,200,232,64,254,152,0,1,0,1,0,1,0,0,0,2,2,0,0,0,0,0,1,1,231,185,51,53,170,253,135,114,252,71,1,0,0,1,1,0,0,0,0,0,1,0,0,0,1,1,1,0,228,254,254,253,253,129,18,116,253,30,0,0,0,1,0,1,0,0,0,0,0,1,1,0,0,0,0,0,106,254,254,254,137,19,0,178,183,0,0,2,0,0,0,0,0,0,0,1,1,0,0,0,1,0,0,0,7,40,95,62,2,0,1,213,185,0,0,0,0,0,1,0,2,0,1,1,0,0,0,0,0,1,0,2,0,1,0,0,1,1,41,240,156,0,0,0,3,0,0,2,0,0,0,1,0,0,0,2,0,0,0,1,0,0,0,2,0,0,150,254,80,0,1,0,0,0,0,0,1,0,0,0,0,0,0,1,0,1,1,0,1,0,2,0,0,0,160,240,1,1,0,0,1,2,0,2,0,0,0,0,1,1,0,0,0,0,0,1,0,0,0,1,0,6,248,148,1,0,0,1,0,1,0,1,0,0,0,0,1,0,1,0,0,0,0,1,0,1,1,0,0,81,254,140,0,0,0,0,0,0,1,0,0,1,0,0,0,0,0,1,0,1,0,0,0,0,1,0,1,202,255,82,1,0,0,0,0,0,1,0,0,1,0,0,0,0,0,0,0,0,2,0,0,0,0,0,0,206,167,7,0,0,1,1,0,0,0,1,1,0,0,0,0,1,0,0,0,2,1,0,0,0,0,0,0,1,0,0,0,1,2,1,0,0,2,0,1,1,1,0,1,1,0,0,0,0,1,0,0,0,0,0,0,3,0,0,0,0,0,0,1,0,0,0,0,0,2
2,0,0,0,0,0,0,1,1,1,0,0,0,0,0,1,0,2,0,0,0,0,0,1,2,0,0,1,0,0,1,0,2,0,0,0,0,0,0,0,2,1,0,0,0,1,0,0,0,0,1,0,1,0,0,1,1,0,1,0,2,0,0,1,0,0,0,0,1,1,0,1,2,0,1,0,0,0,0,0,0,0,1,0,0,1,0,0,0,0,0,0,0,0,1,1,0,1,0,1,0,0,0,0,1,0,0,1,1,2,0,0,0,2,0,0,0,0,1,0,0,1,0,0,1,0,1,0,1,0,0,1,0,1,0,1,0,2,0,0,0,0,0,0,0,0,0,0,0,1,0,0,0,100,158,253,255,231,43,0,0,0,0,0,1,0,1,1,1,1,0,1,0,0,0,0,1,0,1,142,249,253,253,255,253,254,211,0,0,0,2,0,1,0,0,1,0,0,0,0,0,0,1,0,0,0,210,251,254,254,226,113,11,181,214,0,1,0,0,0,0,1,0,0,0,0,0,1,0,0,0,0,0,145,251,254,220,44,15,0,0,81,32,122,212,0,0,0,0,0,0,0,0,0,0,0,0,1,0,1,0,230,251,253,205,71,1,1,0,42,231,253,176,0,0,1,1,0,0,0,2,0,0,0,2,0,0,0,0,79,241,254,253,243,222,125,90,189,254,243,63,0,0,1,0,0,0,0,0,0,2,1,0,2,0,0,0,1,34,111,254,252,253,253,252,252,252,111,2,0,1,1,0,0,1,1,1,0,0,0,0,1,3,0,1,0,0,16,43,150,196,254,252,254,181,16,1,0,0,0,0,0,0,0,1,0,1,1,0,0,0,0,0,0,0,2,0,0,68,254,255,228,39,0,0,0,0,0,0,0,0,1,0,0,0,0,1,0,1,0,0,1,0,0,2,1,97,255,252,254,85,0,0,0,0,0,0,1,0,0,1,0,1,0,0,0,0,0,0,0,0,0,1,86,240,252,254,252,85,0,1,0,0,1,0,1,1,0,0,0,1,0,1,0,0,1,2,2,2,0,0,200,253,253,253,253,84,0,0,1,0,0,0,1,0,0,1,0,0,0,0,0,0,0,3,0,0,0,79,236,254,253,253,245,72,1,0,0,1,0,0,1,0,0,0,0,0,0,0,1,0,1,0,0,0,58,239,242,157,254,253,206,0,0,0,2,1,0,0,0,1,1,0,0,0,0,0,0,0,1,0,0,0,85,251,180,82,252,253,123,0,0,1,3,0,1,0,1,1,0,2,1,1,0,1,0,2,0,0,0,0,167,253,226,230,253,209,30,1,0,0,0,1,1,0,0,0,0,1,0,0,0,0,0,1,1,0,0,2,216,254,253,253,253,71,0,0,0,2,2,0,0,0,0,0,0,0,1,0,0,0,1,0,0,0,2,0,216,253,255,253,211,31,0,0,2,1,1,1,1,0,0,1,0,1,0,0,0,0,1,0,0,3,0,1,215,253,253,215,27,0,0,0,0,0,1,0,0,0,0,0,0,1,0,0,0,0,1,0,0,0,0,0,215,254,216,29,1,0,0,0,1,2,0,0,2,0,0,0,0,0,0,0,0,0,1,0,0,0,0,0,0,0,1,1,2,0,0,0,0,0,0,0,0,0,0,0,0,0,0,0,0,0,0,2,0,0,0,1,0,0,0,0,0,0,0,0,0,1,0,1,1,0,0,0,1,1,0,0,0,0,0,1,1,1,1,0,0,0,0,0,1,0,0,1,0,2,0,0,1,0,0,0,0
0,1,0,0,0,0,0,1,0,0,1,0,0,0,0,0,0,0,0,1,1,1,0,1,2,0,0,0,0,0,0,2,0,0,1,0,1,0,0,2,1,0,0,0,0,0,0,0,0,0,1,0,1,1,0,0,1,0,0,0,1,0,0,0,0,0,1,1,0,0,1,0,2,1,0,0,1,0,0,0,0,0,0,1,0,1,0,0,0,1,1,0,0,0,2,0,1,2,0,1,0,2,0,0,0,0,0,4,0,1,0,0,1,0,2,0,0,0,0,0,0,0,0,0,0,0,0,0,0,0,0,0,0,0,0,1,0,1,2,1,0,0,0,0,1,0,0,1,1,1,0,0,0,84,150,192,254,217,138,34,2,2,0,0,0,0,0,0,0,0,0,1,0,0,2,1,0,1,0,1,129,245,253,217,160,232,251,175,0,1,2,0,1,0,0,0,1,0,0,0,0,0,1,0,1,0,98,230,250,252,146,5,0,9,181,248,81,0,1,0,0,1,1,0,1,0,1,0,0,2,0,1,1,19,234,254,254,252,98,0,0,1,136,253,129,2,0,0,0,0,1,0,0,0,0,0,0,0,0,0,0,120,253,245,82,222,150,0,0,0,135,253,75,1,0,0,0,0,0,0,0,0,0,1,1,1,0,0,0,156,253,241,0,109,202,0,0,0,165,232,18,0,0,0,1,0,0,0,0,0,0,1,0,1,1,0,0,228,253,239,0,12,23,0,0,51,246,170,0,0,0,1,0,0,0,0,1,0,0,1,0,1,0,0,0,103,253,240,0,0,1,0,11,207,245,57,0,0,0,0,0,1,0,1,0,0,0,0,0,0,0,0,0,26,252,250,72,0,0,1,171,253,133,0,0,0,0,0,0,0,0,0,0,0,1,0,0,1,0,1,0,1,113,253,166,7,0,22,249,179,5,0,1,0,0,2,0,2,0,0,0,1,1,1,0,0,1,0,0,0,17,227,254,122,43,222,182,15,0,1,0,1,0,1,0,1,0,0,1,0,1,3,0,0,0,1,0,0,0,146,254,254,252,238,6,1,0,1,1,0,0,1,1,0,1,0,0,1,0,0,0,0,0,0,0,0,0,2,186,253,252,120,0,2,0,0,0,0,0,0,0,0,1,0,0,0,1,0,0,0,1,1,0,0,0,21,212,252,212,11,0,0,0,0,0,0,1,0,0,0,0,0,0,0,1,1,0,1,1,1,0,1,0,194,253,252,253,125,0,1,2,0,0,1,1,0,1,0,1,0,0,0,0,0,2,2,0,0,2,3,124,252,146,123,254,204,5,2,1,1,0,1,1,0,0,0,1,0,0,0,0,0,0,2,0,0,1,27,253,242,29,111,254,254,4,1,2,0,1,1,0,0,0,1,0,0,1,0,0,0,0,1,0,0,0,26,255,235,3,110,253,209,4,0,2,0,1,1,1,0,0,0,0,0,0,0,0,1,0,0,1,1,0,26,255,254,192,203,252,131,2,2,0,1,0,0,0,0,0,0,0,0,0,0,0,0,0,1,2,0,0,4,78,240,252,253,211,10,1,3,0,0,0,2,0,0,0,0,1,0,1,0,1,0,1,0,1,1,1,1,0,0,0,1,0,0,1,0,0,0,1,0,0,0,0,0,0,2,2,0,0,0,0,0,1,0,0,0,0,0,0,1,0,0,0,0,0,0,0,0,1,0,1,0,0,0,0,0,0,1,0,0,0,0,0,0,0,0,0,0,1,0,1,0,0,0,0,0,0,0,0,0,0,1
2,2,0,1,0,0,0,0,0,0,0,0,0,0,0,1,0,1,0,0,1,0,0,2,0,0,2,0,1,0,0,0,0,0,0,3,0,1,0,0,1,0,0,0,1,0,1,0,0,0,0,0,0,1,0,1,0,0,1,0,0,0,1,0,0,0,0,0,0,0,0,0,0,0,0,2,0,0,1,0,0,1,0,1,0,0,0,2,0,0,1,0,0,0,1,1,1,0,1,0,1,0,0,1,1,0,0,1,0,2,1,0,0,1,0,1,0,0,0,0,0,1,1,0,0,0,0,2,0,1,0,0,0,0,0,0,1,0,0,1,0,0,0,1,81,255,255,255,254,170,97,253,253,254,254,255,151,64,0,0,1,1,0,0,1,0,0,0,0,1,1,0,83,252,254,252,253,252,252,253,254,253,254,254,252,234,159,28,1,0,1,0,0,0,0,0,0,0,1,0,79,254,253,253,253,254,254,253,254,253,253,252,252,254,254,215,35,0,1,1,1,2,1,1,1,0,0,1,35,200,155,252,228,115,114,115,213,253,252,253,254,253,253,253,205,34,0,0,0,0,0,1,0,1,0,1,1,20,9,35,27,0,6,44,76,255,253,252,254,254,253,253,252,59,2,0,2,1,0,0,1,0,1,1,0,0,0,0,2,59,136,255,253,254,253,254,254,252,253,252,198,31,0,1,0,0,1,0,1,0,0,0,0,0,0,0,38,226,252,254,252,254,253,253,254,229,227,79,30,1,1,2,0,1,0,0,0,0,0,2,2,0,1,0,44,253,253,253,252,252,253,224,148,15,0,0,0,0,1,0,2,0,0,0,0,1,0,1,1,0,0,1,43,255,254,251,253,253,253,63,3,0,2,0,0,0,0,0,0,0,1,1,0,1,1,0,0,0,1,0,44,252,252,251,253,255,255,255,155,8,0,2,0,0,0,0,0,0,1,0,0,0,0,1,1,0,0,1,15,85,219,253,255,253,252,253,253,175,167,29,2,0,0,0,0,1,2,0,0,0,0,2,0,0,0,0,0,0,5,9,16,182,229,252,252,251,253,101,72,17,0,1,0,0,0,0,1,0,1,0,0,1,0,1,0,0,0,0,0,0,69,248,252,253,253,254,252,163,0,2,0,0,0,1,0,0,0,1,3,0,0,0,2,0,0,0,0,2,0,24,129,211,253,254,252,252,229,71,0,0,0,1,0,0,2,0,1,1,0,1,0,1,1,0,1,0,0,0,0,52,252,255,252,252,252,77,1,0,0,0,0,0,1,0,1,0,0,2,0,0,1,15,39,36,35,37,136,218,254,253,254,253,253,77,0,0,2,1,0,0,1,0,0,0,0,0,99,115,118,171,253,252,253,254,252,255,253,252,252,254,209,42,0,0,1,0,0,0,1,0,1,1,0,1,218,254,253,253,252,253,253,255,253,253,254,251,253,226,36,0,0,1,0,1,0,1,1,0,0,0,1,0,152,253,253,255,255,251,254,253,253,252,253,172,157,37,0,0,1,0,0,0,0,0,1,0,0,0,0,1,15,79,218,252,252,254,252,252,252,94,78,12,0,0,0,0,0,0,0,0,0,2,0,1,0,0,1,0,0,0,2,0,1,3,0,0,0,0,0,1,1,0,1,2,0,0,2,1,1,1,0,0,0,0,0,0,0,0,1,1,1,0,0,0,1,0,0,0,0,0,0,0,0,0,0,0,2,0,0,0,0,0,1,0,0,0,0,0,2,0,0,1,1,2,0,0,0,0,2,2,0,1,0,0
0,1,1,0,0,1,0,1,1,0,1,2,0,0,1,0,1,0,1,1,2,2,0,0,0,0,1,0,0,1,0,2,1,2,3,0,1,1,0,0,2,0,0,0,0,0,1,1,1,0,0,1,0,0,0,0,2,0,1,1,0,0,1,0,0,0,1,0,1,0,0,0,3,1,0,0,0,0,0,0,1,0,1,0,1,0,0,1,1,1,2,0,1,0,0,0,0,0,1,0,1,1,0,1,0,0,0,0,0,0,0,1,2,0,0,0,1,0,0,0,0,0,0,0,0,1,0,1,0,0,1,0,0,1,0,0,0,0,0,0,1,0,0,0,0,0,0,0,0,0,0,0,0,2,1,2,1,0,0,0,1,0,0,0,0,1,0,1,1,0,0,2,0,2,0,0,0,0,0,2,0,0,1,0,0,0,0,0,0,0,1,0,0,2,0,0,0,1,1,0,1,1,0,0,0,0,27,71,169,254,254,255,205,55,0,3,0,0,0,3,0,0,0,1,0,0,0,1,0,0,0,2,10,166,239,254,252,253,251,253,252,234,56,2,0,0,0,0,0,0,0,0,0,1,0,1,0,0,0,6,132,252,253,254,232,230,230,196,250,255,236,43,1,1,0,0,0,1,0,1,0,0,1,1,1,1,35,172,252,253,252,103,6,1,1,0,129,252,252,160,1,0,0,0,0,0,1,0,0,2,0,0,1,1,152,255,214,132,0,0,1,0,0,0,0,209,254,127,0,2,0,0,2,0,1,0,0,0,1,0,2,14,224,214,19,1,1,2,0,0,1,0,0,207,254,93,0,0,0,0,0,0,0,0,0,1,0,1,1,5,114,66,0,0,0,0,0,0,0,0,1,208,251,93,0,0,0,0,0,1,0,0,0,0,0,2,0,1,0,0,0,0,1,2,0,0,1,0,0,207,253,60,0,0,0,0,2,1,1,0,1,0,1,1,1,0,0,0,0,0,0,0,1,0,0,1,97,254,169,1,1,1,0,1,0,1,0,0,0,0,0,0,0,0,0,0,1,0,0,0,0,1,0,13,235,247,55,0,0,0,3,0,0,0,0,0,1,2,0,2,1,0,0,0,0,1,0,0,0,0,1,186,253,144,1,0,0,0,0,0,0,0,0,1,0,1,1,0,1,0,0,0,0,1,0,1,0,0,0,255,254,47,0,0,0,1,1,1,1,2,0,0,0,0,0,0,0,2,1,0,0,1,0,0,0,0,149,252,200,16,1,0,0,1,0,0,0,0,0,0,0,1,0,1,0,0,0,0,1,1,0,2,0,23,246,254,32,0,0,0,2,0,1,0,0,0,0,0,0,1,0,0,0,0,0,0,0,0,0,1,5,147,253,154,3,0,0,0,1,0,0,0,1,0,0,2,0,1,0,0,0,1,1,0,0,0,0,0,47,254,254,25,1,3,0,1,0,0,1,0,0,0,0,0,1,0,0,0,0,0,2,1,0,2,0,0,166,246,85,0,0,0,1,0,0,0,0,0,0,0,0,1,1,0,0,0,1,0,0,0,0,1,1,64,249,229,18,0,0,0,0,2,0,2,0,0,0,2,0,0,0,1,0,0,0,1,0,0,0,0,2,69,253,239,67,0,1,0,0,0,0,0,0,0,2,1,1,0,0,0,0,0,0,0,1,0,1,1,0,72,237,53,1,0,0,0,0,0,0,0,0,0,0,0,0,0,0,0,0,0,0,0,0,0,0,0,0,0,0,1,1,0,0,0,1,1,1,0,0,2,0,2,0,2
0,0,1,1,0,0,0,0,1,0,1,1,0,0,0,0,2,1,0,0,0,1,0,1,0,1,0,0,0,0,0,0,0,0,1,0,0,1,0,1,1,0,0,0,0,0,0,0,0,1,1,0,1,1,0,1,1,0,0,1,1,0,1,0,0,1,0,2,0,1,0,0,0,0,0,0,0,0,0,0,0,0,1,1,0,0,0,0,0,0,0,0,1,1,2,0,0,0,1,0,0,57,227,195,83,3,1,0,2,1,0,1,1,1,0,0,0,0,0,1,0,2,0,0,2,0,0,1,102,239,252,201,38,0,1,0,0,0,1,0,0,0,0,1,1,0,0,0,2,0,0,0,0,1,0,120,246,239,103,11,0,1,0,0,1,0,0,1,0,0,0,0,0,0,0,0,0,0,1,0,0,4,146,255,207,46,0,1,0,0,0,0,2,0,2,0,3,0,0,1,0,1,0,0,0,2,0,2,1,165,251,230,24,0,1,0,0,0,0,0,0,0,0,0,0,0,0,0,0,0,0,0,0,0,0,2,73,250,244,20,1,0,2,0,0,1,0,1,0,0,3,2,0,0,2,0,1,0,0,0,0,1,0,33,225,252,76,0,1,1,2,2,1,2,0,1,0,0,1,0,0,0,0,0,1,2,0,0,0,0,0,136,252,155,0,1,0,0,0,0,0,0,1,0,0,0,0,0,0,0,0,0,0,0,1,0,0,1,72,245,252,132,40,24,2,1,0,2,0,0,0,1,1,1,0,1,0,2,0,0,0,1,0,0,1,1,254,254,253,253,253,248,213,161,4,1,0,0,0,0,1,0,0,0,0,0,1,0,0,0,0,0,0,72,255,254,181,72,128,230,254,252,128,2,1,2,2,3,0,0,0,0,0,1,0,0,0,1,0,0,0,7,255,250,45,0,1,26,126,248,250,38,1,0,0,0,0,1,1,0,0,1,0,2,0,1,0,0,0,1,253,205,0,2,0,0,0,143,253,40,1,0,1,1,0,1,0,1,0,0,0,0,0,0,0,0,0,47,255,168,1,0,0,0,0,128,252,43,0,0,0,0,0,0,0,1,1,0,0,0,1,0,0,0,0,71,255,170,0,1,2,0,2,146,254,42,2,1,1,0,0,0,0,0,0,2,0,0,1,1,0,0,0,90,254,168,0,1,0,1,44,255,195,1,1,1,0,1,0,1,0,0,0,0,2,0,1,0,0,1,1,28,255,171,0,0,0,2,153,254,107,0,1,0,0,1,0,0,0,1,1,2,0,0,0,0,0,1,0,0,239,249,108,3,18,168,253,174,1,0,0,0,0,0,1,0,0,2,0,0,0,0,1,0,0,0,0,0,64,249,253,240,244,254,199,23,1,0,0,1,1,0,0,1,1,1,1,1,0,1,0,0,1,0,0,0,0,64,182,190,193,101,5,0,2,0,0,0,0,0,1,1,2,0,0,2,1,0,0,0,0,2,2,0,0,1,1,0,1,0,1,0,1,0,1,0,0,1,1,0,0,0,0,1,1,0,0,0,0,0,0,0,1,0,1,0,0,0,0,0,0,0,0,0,0,1,3,0,0,0,0,0,0,0,0,0,0,1,2,0,1,0,1,0,2,1,0,1,0,1,1,2,0,0,0,0,0,0,1,0,0,0,0,0,0,0,0,2,0,0,0,0,1,1,3,0,0,0,0,1,0,0,0,0,0,0,0,0,2,1,0,2,1,0,1,1,1,0,0,0,0,1,1,0,0,0,0,1,0,1,0,1,1,0
1,1,1,0,0,1,2,0,0,0,1,0,0,0,0,0,0,1,0,0,1,0,0,0,0,0,0,2,1,0,0,0,2,2,0,0,1,2,1,0,0,0,0,0,0,1,0,0,0,0,1,0,0,0,0,0,0,0,0,0,0,0,0,0,0,0,0,0,0,1,1,0,0,0,0,1,2,0,0,0,0,1,1,0,0,0,0,0,0,2,2,0,0,0,1,1,0,1,0,0,0,0,1,1,0,0,0,0,0,2,0,1,0,0,0,0,0,0,0,0,0,0,1,0,0,0,1,1,0,0,0,1,0,0,0,0,1,0,2,0,0,0,0,0,0,0,1,0,12,92,74,49,133,255,253,255,189,82,1,0,0,2,0,0,1,2,1,2,0,0,0,2,0,0,0,7,154,252,239,219,252,252,253,253,254,245,179,49,8,0,0,2,0,1,0,0,0,0,0,0,0,0,0,107,250,253,253,255,253,253,252,253,253,253,252,253,177,13,1,1,0,2,0,0,0,0,0,0,0,0,2,125,253,254,254,253,253,254,253,253,253,252,251,254,252,60,13,0,2,1,0,0,0,1,0,0,1,2,96,254,252,254,254,255,253,253,252,253,253,252,253,252,253,253,175,9,0,1,1,0,1,0,0,0,2,18,196,253,254,254,255,226,56,40,41,151,223,253,253,254,253,252,252,14,1,1,0,0,0,0,0,0,0,91,254,253,254,254,255,114,1,0,0,2,44,127,254,253,254,254,254,17,2,0,0,0,0,1,1,1,2,92,251,254,254,254,240,86,0,0,1,1,0,4,25,209,254,253,254,163,0,0,0,1,1,2,1,0,0,91,253,250,253,252,204,0,0,0,0,0,1,0,0,105,254,253,253,222,56,1,0,0,1,0,1,1,1,92,251,253,253,214,32,0,0,0,0,0,0,0,0,44,251,254,254,253,91,0,0,0,0,1,0,0,1,90,253,253,252,129,0,2,0,0,0,0,0,0,0,151,252,255,253,253,88,0,0,0,0,0,1,0,0,91,252,254,254,178,15,0,0,3,0,0,0,1,44,225,254,253,253,252,90,0,1,1,0,0,0,1,0,93,252,254,252,161,11,0,0,0,1,0,1,35,217,252,254,254,255,184,23,0,1,0,0,0,0,0,0,90,252,252,252,186,18,0,2,0,1,5,116,218,252,253,255,252,255,13,0,2,0,0,0,0,0,0,0,90,252,252,252,253,75,43,42,43,96,206,252,254,253,253,233,213,212,13,0,0,1,0,0,1,0,0,0,43,214,254,253,253,252,253,253,253,252,251,254,253,254,253,122,0,0,0,2,0,0,0,0,2,1,1,1,0,36,255,252,252,253,252,253,252,252,250,254,254,254,180,15,0,0,0,1,0,0,1,1,0,0,0,0,0,7,165,252,254,252,253,255,253,253,255,251,255,253,48,1,1,0,1,0,0,0,0,0,1,0,1,1,1,0,77,188,253,254,251,251,251,253,254,251,247,106,2,0,0,0,1,2,0,0,2,0,0,0,1,2,0,1,0,11,87,227,251,209,89,90,88,89,82,0,0,0,0,0,3,0,0,0,0,0,0,1,1,0,0,1,0,0,0,0,0,0,0,0,2,2,1,0,0,0,0,0,0,0,0,0,0,1,0,0,0,0,0,0,2,3,0,0,0,0,0,0,0,0,0,0,1,0,1,0,0,1,0,0,1,0,1,0,0,1,0,1,2,0,0,0,0,0,0,0,0,0,1,0,0,0,0,1,0,0,0,0,0
0,0,2,0,0,1,0,0,1,0,0,0,1,0,0,1,0,0,0,0,0,1,0,0,0,0,0,0,0,0,0,0,1,1,0,0,0,0,0,1,1,0,0,0,0,0,0,0,0,0,0,0,0,1,0,0,0,0,0,0,0,2,0,0,0,0,0,0,0,0,0,0,0,0,0,0,1,1,2,0,0,0,0,0,1,0,0,0,0,0,0,1,0,0,1,0,0,1,0,1,0,0,2,0,1,0,1,0,1,0,1,0,1,0,0,0,0,0,1,0,0,2,0,2,0,14,167,128,5,0,0,0,0,1,1,0,0,0,0,1,0,0,2,0,1,0,1,0,0,0,0,0,28,179,253,198,9,0,0,1,0,0,1,0,0,1,0,0,0,0,0,0,1,0,0,0,0,1,0,29,210,254,254,168,1,12,84,58,0,2,0,0,0,1,0,0,1,0,1,0,0,1,1,0,0,1,0,86,252,253,252,119,2,16,216,243,75,0,0,2,0,0,1,0,0,0,0,0,1,0,0,0,0,0,46,230,252,240,76,0,1,0,170,252,253,1,0,0,2,0,0,0,0,1,0,1,1,0,1,2,0,0,169,253,252,87,0,0,0,0,93,252,254,27,0,1,0,0,0,0,2,0,1,0,0,2,0,1,0,24,235,253,214,1,2,1,0,0,56,252,252,113,0,0,0,0,1,0,1,0,1,0,0,0,0,0,1,128,252,252,42,0,1,1,1,0,57,251,252,164,0,1,0,1,1,0,0,0,0,2,0,0,0,0,0,255,254,168,0,1,0,0,0,0,0,198,255,225,0,0,1,0,1,0,1,0,0,0,1,1,1,2,1,253,251,167,0,0,1,1,0,0,0,198,251,201,0,1,0,0,1,0,0,0,0,0,0,1,0,0,88,254,252,169,0,0,0,0,1,1,2,147,252,112,2,0,1,1,0,1,0,0,1,0,0,0,0,0,164,251,252,69,0,0,0,0,0,0,0,199,252,113,1,0,1,2,0,1,1,0,0,0,0,1,0,11,227,254,255,57,0,0,0,1,0,1,6,205,253,52,0,1,0,0,0,0,0,2,0,2,1,1,0,86,252,253,252,56,0,2,0,0,0,8,151,252,227,1,0,1,1,0,0,0,0,0,0,0,0,0,0,84,251,251,251,56,0,1,0,0,1,155,252,225,44,0,0,0,1,0,0,0,0,0,0,0,0,1,0,10,178,253,250,105,0,0,0,0,51,255,253,120,1,0,0,0,0,0,0,0,0,0,0,1,0,1,0,0,101,255,254,218,143,29,54,178,255,240,138,1,2,2,0,1,0,0,0,0,0,0,0,0,0,0,2,0,0,255,251,252,250,255,252,253,229,176,1,0,0,2,1,0,0,1,2,0,1,1,0,0,1,1,0,1,1,69,224,253,251,254,251,185,32,1,0,0,0,0,3,0,0,1,0,1,0,0,0,0,1,1,0,1,1,0,95,136,192,91,139,44,0,1,0,1,0,0,1,0,0,0,0,1,0,2,0,0,0,0,0,0,1,0,0,0,0,0,1,1,0,0,0,0,0,2,2,1,0,0,1,2,0,2,1,1,0,2,0,0,0,0,0,2,0,0,0,0,0,0,0,0,0,1,1,0,0,0,1,0,1,0,0,2,1,0,0,1,1,0,0,0,0,0,1,0,0,0,0,0,0,1,0,1,0,2,0,0,0,1,0,0,0,1,1,1,0,0,0,1,0,0,0,1,0,0,0,2,0,0,0,0,0,0,1,0
0,1,0,0,0,0,0,1,0,1,0,0,1,2,1,0,1,0,0,0,1,2,1,0,0,1,0,1,1,1,0,0,0,0,0,0,1,0,1,0,0,0,0,0,0,1,0,0,0,2,0,1,0,1,1,0,0,0,0,0,1,1,0,0,0,1,0,0,0,0,0,0,0,0,0,1,1,0,0,1,0,0,0,1,0,0,1,0,0,0,1,1,0,1,0,0,0,0,0,1,0,0,0,2,0,0,0,0,0,0,0,0,0,0,0,1,0,0,0,0,0,0,0,0,0,0,0,0,0,2,0,0,0,0,0,0,0,0,2,2,0,1,2,0,2,1,1,0,37,218,254,253,253,255,114,93,0,1,0,2,0,2,0,0,1,1,0,1,0,0,0,0,1,1,1,116,220,253,254,253,252,252,252,248,103,0,0,2,0,0,0,2,2,0,0,0,0,0,1,0,0,1,0,148,255,253,252,253,253,252,253,252,129,0,0,0,1,0,0,1,0,0,0,0,1,0,0,1,0,0,0,148,164,158,77,4,7,86,244,254,128,2,1,0,0,0,1,0,0,1,0,0,0,0,0,3,1,1,0,35,3,1,0,3,5,120,248,249,110,0,0,0,0,0,0,0,1,0,0,0,0,0,0,1,0,1,0,0,0,1,0,0,114,253,253,145,0,1,0,0,1,2,0,0,0,1,0,0,0,0,0,1,0,0,0,0,1,1,0,226,249,250,253,127,2,0,0,0,1,0,0,1,0,0,0,0,0,2,0,0,0,1,1,0,1,6,116,248,254,252,252,247,185,185,186,115,5,0,0,0,0,0,2,0,0,0,0,0,0,0,1,0,1,36,253,254,253,252,253,252,253,252,251,253,118,0,0,0,0,1,0,0,0,0,0,0,1,0,1,1,2,39,253,252,254,254,252,253,255,252,251,253,247,82,1,0,0,1,0,0,0,0,1,0,1,0,1,0,0,13,77,221,230,228,184,76,76,76,193,251,253,199,0,1,0,0,2,0,1,0,0,1,0,0,1,2,1,0,0,0,0,0,0,0,0,0,168,254,252,246,0,1,0,0,0,1,0,0,0,0,0,0,0,1,0,0,0,0,1,0,1,0,1,19,193,253,254,203,1,1,0,0,0,0,1,0,0,0,0,0,1,0,1,1,0,0,0,1,1,1,6,174,254,252,249,86,0,0,0,0,0,0,0,0,0,0,0,0,0,0,2,0,0,1,1,0,0,10,182,253,253,252,123,0,1,0,0,1,0,0,0,0,1,0,0,0,0,1,0,1,2,0,1,1,0,153,253,254,253,224,28,0,1,0,0,1,0,0,0,0,0,0,1,0,0,0,4,7,4,1,0,8,152,225,255,254,239,49,0,0,0,1,0,1,1,0,0,0,1,0,0,0,2,1,92,254,170,43,125,253,251,253,253,223,48,1,0,0,1,0,0,1,1,0,0,0,0,1,1,0,0,0,17,202,254,227,254,252,252,215,123,31,0,0,0,1,0,0,1,2,0,0,1,2,0,0,0,0,1,0,1,76,183,253,254,255,206,28,0,0,0,1,0,1,0,0,0,0,0,0,0,1,0,1,0,0,0,2,1,0,0,0,0,0,0,0,0,1,0,1,0,0,0,0,1,0,1,0,0,0,0,0,0,1,1,1,0,0,0,0,0,0,0,1,1,2,0,0,0,2,0,1,0,1,0,1,1,0,1,0,0,1,1,0,1,1,0,0,1,0,2,0,0,1,0,0,0,1,0,0,1,1,0,0
0,0,1,0,0,0,3,0,0,0,0,1,0,1,0,0,0,2,0,0,1,0,1,0,0,0,0,0,0,0,0,0,0,0,1,0,0,0,0,0,0,0,1,2,2,0,0,1,0,0,0,0,0,0,0,3,0,2,0,0,0,0,0,0,0,0,1,0,0,2,0,2,0,1,2,0,0,1,0,0,0,1,0,0,1,0,0,0,0,0,1,1,0,0,1,0,1,1,0,1,0,3,1,1,2,1,2,1,1,2,0,1,1,2,0,1,1,2,2,0,0,0,0,0,1,0,1,0,0,0,1,0,0,0,0,2,0,0,2,0,0,0,0,1,0,1,0,0,0,1,0,0,0,26,211,184,157,40,0,0,0,0,1,0,0,0,0,0,0,0,0,0,0,0,0,1,1,2,0,0,2,181,236,163,235,193,14,0,0,0,0,1,0,0,0,2,0,0,1,0,0,0,1,0,1,0,0,0,33,255,160,0,32,243,116,0,1,2,0,0,1,0,1,0,0,0,0,0,0,0,0,0,0,0,0,0,98,228,59,0,0,183,197,1,0,0,0,0,0,0,0,0,0,2,0,0,0,0,0,0,1,1,0,21,243,154,0,0,0,55,197,0,0,0,1,0,0,0,0,0,0,0,0,0,0,1,0,0,0,1,2,30,252,65,0,0,0,55,222,11,1,0,0,0,0,0,0,0,1,0,1,0,0,0,0,0,1,0,0,95,222,2,0,0,0,57,255,26,0,0,0,1,0,1,1,0,0,0,0,0,0,0,0,0,2,0,0,150,181,0,0,0,1,30,242,52,0,1,0,0,0,1,0,1,0,0,1,0,0,0,0,3,0,1,12,225,125,0,3,2,0,27,238,24,0,1,0,0,0,0,0,0,0,0,0,0,1,0,1,0,0,2,23,253,54,0,0,0,0,55,255,25,0,0,0,1,1,1,1,1,0,1,0,0,0,0,1,1,3,0,40,248,43,1,0,1,0,54,204,5,0,0,1,0,2,2,0,1,0,1,1,3,1,0,0,1,1,1,54,226,0,0,1,0,0,72,195,0,0,0,1,0,0,0,0,2,2,0,0,0,1,1,1,0,1,0,54,225,2,1,0,0,1,137,196,0,1,0,0,1,0,1,2,0,0,0,0,0,0,0,0,1,0,0,110,223,2,0,0,1,0,186,148,0,0,0,0,1,0,1,1,0,0,0,0,3,1,1,1,0,0,0,110,225,0,1,0,0,46,239,30,0,0,0,1,0,0,0,0,0,0,1,0,0,0,2,0,0,0,0,60,226,0,0,0,14,186,128,0,1,1,0,0,0,0,0,0,0,0,1,0,0,1,1,0,0,0,0,26,233,16,0,1,122,224,11,0,0,0,0,0,1,2,0,0,0,1,0,1,0,0,0,0,0,1,1,25,254,80,0,117,252,128,0,0,0,0,0,0,0,0,1,0,0,0,0,1,0,0,0,0,0,0,0,18,237,211,203,252,130,2,0,0,0,0,1,0,0,0,1,2,0,0,0,0,0,0,2,0,0,1,0,0,50,237,189,90,1,0,0,0,2,2,0,0,0,0,0,0,1,0,0,1,0,0,0,0,1,0,0,1,1,0,0,1,3,2,1,0,2,2,0,0,1,0,0,1,1,0,1,0,0,1,1,0,1,2,0,1,0,1,0,0,0,0,0,0,0,2,0,0,1,0,1,0,0,0,0,2,1,0,0,0,0,0,0,1,1,0,0,0,0,0,0,3,0,0,0,0,0,2,2,0,0
0,1,0,1,1,0,0,1,1,0,0,0,2,0,0,1,0,0,0,1,1,1,0,0,0,0,0,1,0,0,0,0,1,0,2,0,0,0,0,0,0,0,2,0,1,0,0,0,0,1,1,2,0,0,0,0,0,0,1,0,0,2,0,0,0,1,0,0,0,1,0,1,1,0,0,0,1,0,1,1,0,2,0,2,0,0,1,0,2,1,0,0,0,0,1,0,0,2,1,0,0,1,2,0,0,0,0,0,0,0,0,2,0,0,0,2,0,0,1,2,2,2,0,0,0,0,0,1,1,1,0,0,1,2,1,2,0,0,0,0,0,0,0,0,0,0,0,1,2,0,1,3,6,24,130,140,137,192,178,253,190,139,48,0,0,0,0,0,0,0,0,0,0,2,0,0,1,45,46,119,187,252,253,254,251,253,251,252,255,253,228,31,1,1,1,1,0,0,0,0,2,0,0,19,163,245,252,253,252,227,183,184,163,70,70,69,78,227,252,46,0,0,1,0,0,1,2,0,0,0,0,70,253,252,251,236,77,29,0,1,0,1,1,0,10,195,227,30,0,0,0,0,0,2,0,1,1,0,0,6,66,137,200,173,32,0,0,0,0,0,0,1,182,253,183,0,1,0,0,1,0,0,0,1,0,0,1,0,0,0,1,0,1,1,1,0,1,0,10,130,254,250,116,0,0,0,1,0,0,1,0,1,1,1,0,0,0,0,0,0,0,1,1,0,0,0,114,253,253,130,0,1,0,1,0,0,1,1,0,1,0,0,0,1,0,1,0,0,0,0,0,0,0,134,240,252,123,26,0,1,1,0,1,0,0,0,1,1,0,0,0,0,1,0,1,1,0,1,0,9,166,240,252,169,0,0,1,0,0,0,1,1,0,1,0,0,1,1,0,0,0,0,0,0,1,0,55,180,254,252,117,2,0,0,2,0,2,0,0,0,0,0,0,0,0,0,0,0,0,0,0,0,8,67,242,255,251,65,0,0,0,0,1,2,1,0,2,1,0,0,2,0,2,1,0,0,0,0,0,52,185,252,252,221,75,1,0,2,0,0,0,1,1,0,0,0,0,0,0,0,1,0,0,0,0,1,50,227,253,252,222,33,0,2,0,0,0,0,0,0,0,1,0,0,1,0,0,1,0,0,0,0,1,135,232,252,227,120,27,0,1,0,1,2,0,0,1,0,1,0,0,0,0,1,0,0,0,0,0,32,209,250,254,231,49,0,0,0,0,0,0,2,0,0,1,1,0,0,0,1,0,0,0,2,0,1,87,221,253,253,157,0,1,1,11,34,118,9,0,0,0,0,0,0,0,0,0,0,0,1,1,0,0,1,161,251,254,104,0,9,47,90,204,254,244,56,0,2,0,0,0,0,0,0,0,2,1,0,1,0,0,0,162,252,252,188,185,196,250,253,220,172,55,0,0,0,1,0,2,0,0,1,0,0,0,1,1,1,0,0,120,251,252,253,252,253,252,252,95,1,0,1,1,3,0,1,0,0,0,1,0,0,0,2,2,0,0,1,6,54,137,138,190,136,56,22,3,0,1,0,0,0,0,1,1,0,0,0,0,0,0,0,0,0,1,0,0,1,0,1,0,0,2,1,0,0,1,0,1,1,0,0,0,0,0,1,0,2,0,0,1,0,0,0,0,0,1,0,0,1,0,1,0,1,0,0,0,1,0,0,0,0,1,2,1,0,0,0,0,0,1,0,1,1,0,0,2,0,1,0,1,1,0,0,0,1,0,1,0,0,0,0,0,0
0,0,0,2,0,0,2,0,0,0,0,1,0,1,0,1,1,0,0,0,0,0,0,1,0,1,0,0,2,0,0,0,0,1,1,1,1,0,0,0,2,2,0,0,0,0,0,0,0,0,0,0,1,1,0,0,1,0,0,1,0,0,0,0,2,0,0,1,0,2,0,0,0,0,0,0,2,0,0,0,1,2,0,1,0,1,2,1,1,0,1,0,1,2,0,1,0,1,0,0,2,0,1,0,0,0,1,0,0,0,1,0,0,0,1,1,1,0,0,0,0,0,0,0,0,1,0,0,1,0,0,0,0,0,0,1,0,0,0,0,0,0,0,0,0,1,0,1,1,1,0,110,1,1,0,0,0,1,1,0,0,0,0,0,0,0,2,0,1,0,0,1,0,0,0,2,1,10,146,179,0,0,0,0,0,0,0,2,1,0,1,0,0,0,0,1,0,1,0,1,0,0,0,1,0,45,252,52,1,0,0,0,0,0,0,2,1,0,0,0,3,0,0,0,0,1,0,0,0,1,0,1,0,188,209,42,1,2,0,0,0,0,0,0,3,1,0,1,0,0,1,0,0,1,1,3,0,0,0,0,70,192,0,0,0,1,0,0,36,50,0,67,125,124,124,79,1,1,0,2,0,0,1,0,0,2,0,0,140,189,0,0,0,25,201,201,217,224,196,217,253,254,254,233,202,0,0,0,0,0,1,1,0,1,0,26,187,33,53,21,0,184,216,217,252,251,128,131,252,253,253,252,180,0,1,0,0,0,0,1,0,0,0,187,254,188,216,52,1,172,44,44,70,69,8,37,216,248,253,181,20,0,1,3,2,0,0,0,0,0,55,243,203,52,166,36,0,1,0,0,1,0,1,0,12,161,253,155,0,0,0,1,1,0,1,1,0,0,158,253,114,0,0,0,0,0,0,1,0,1,0,0,36,252,253,156,1,0,0,1,2,0,0,0,0,126,250,191,4,1,0,0,0,0,0,0,0,1,2,128,248,144,8,6,0,1,0,0,0,1,1,0,0,254,253,191,0,0,0,0,0,0,0,2,0,0,136,203,126,57,0,1,1,0,0,0,0,0,1,0,0,255,255,206,24,1,0,0,2,0,0,0,52,156,251,225,35,0,0,0,0,0,1,0,1,0,2,0,1,254,253,254,184,16,0,0,0,0,47,131,248,175,122,58,0,0,0,0,2,1,0,1,1,0,0,1,0,218,240,252,254,187,37,176,211,210,228,113,43,17,0,2,0,0,0,1,0,1,0,0,0,0,0,0,0,0,158,146,204,251,252,252,254,250,138,46,2,0,1,0,0,1,0,0,0,0,0,0,1,0,0,1,0,0,38,4,33,212,236,237,235,105,2,0,2,1,1,0,0,1,0,2,0,1,0,0,1,0,1,2,0,0,0,0,0,1,1,0,0,0,0,0,1,0,0,1,1,0,0,0,0,0,0,0,0,0,0,0,1,1,0,0,0,0,1,0,1,0,0,0,0,1,1,0,0,1,0,0,0,1,0,0,0,1,1,1,0,0,0,1,1,0,0,0,0,1,0,0,0,0,0,0,1,1,0,0,0,1,0,0,2,0,0,1,1,0,2,1,1,0,0,0,0,0,0,0,2,0,0,0,0,0,0,0,0,0,0,1,0,0,0,2,1,1,0,0,1,0,0,0,1,1,0,0,0,1,1,0,1,0,0,0,0,0,0,1,0,0,0,1,0,0,0,1,0,0,2,0,1,0,1,1,1,0,2,0,0,0,1,0,0,0,0,0
0,1,0,1,1,0,0,0,0,0,0,1,1,1,0,0,0,0,0,0,0,0,0,1,0,0,0,0,0,0,1,1,1,1,0,1,0,0,0,0,0,0,0,1,0,0,1,1,0,0,0,1,0,0,0,0,0,2,0,0,1,0,1,2,0,2,0,0,0,2,0,2,2,0,0,0,1,3,0,1,0,0,0,1,0,0,0,1,2,0,0,0,0,0,0,0,0,1,1,0,5,109,191,15,0,0,0,0,2,0,0,0,0,0,0,2,0,0,0,0,0,0,1,0,1,0,4,108,229,255,254,105,0,0,1,0,0,0,1,1,0,0,0,0,0,1,0,0,2,1,1,0,2,47,170,254,254,253,253,161,0,0,0,0,1,1,0,0,0,1,0,0,0,0,0,0,1,0,0,5,132,253,254,254,254,232,127,68,0,1,0,0,2,0,1,0,1,0,0,0,0,0,1,0,1,0,5,128,255,254,254,247,186,19,0,0,2,1,0,0,0,1,0,0,0,0,0,0,0,2,0,0,0,6,132,255,253,247,186,66,0,1,1,0,0,1,0,0,0,1,3,1,0,0,0,0,0,0,0,0,1,54,251,253,246,162,0,0,1,1,1,0,1,0,1,0,0,1,0,0,1,0,1,0,0,0,1,0,1,176,254,247,104,0,0,0,0,0,2,1,1,0,0,0,0,1,3,0,0,1,0,1,1,0,0,0,52,255,254,183,0,0,0,44,57,56,59,7,0,0,1,0,2,0,0,1,1,1,0,0,0,0,1,7,177,255,229,22,0,48,154,238,255,253,255,152,36,0,0,0,0,1,2,1,0,1,0,0,0,3,0,19,253,254,122,1,130,237,254,253,253,254,252,254,230,20,1,2,0,0,1,0,0,1,0,0,0,0,1,19,255,230,32,99,237,253,255,253,233,179,205,255,255,61,0,1,0,2,0,0,0,0,1,0,0,1,2,18,254,182,39,254,255,236,145,49,34,0,18,124,253,147,1,0,1,0,0,0,1,0,0,0,1,0,0,19,255,140,143,253,236,70,0,0,0,0,0,93,255,148,0,0,0,0,0,0,0,1,0,1,2,0,0,18,253,251,239,238,69,0,0,0,1,0,1,94,254,240,17,1,0,0,0,0,0,0,0,0,1,0,0,12,213,253,254,211,0,2,1,1,0,0,33,155,253,214,11,0,0,1,0,0,0,0,0,0,0,0,2,0,99,255,254,229,106,31,1,1,0,85,156,251,254,149,0,3,0,1,1,1,0,1,0,2,0,0,1,0,2,163,254,254,254,242,237,237,237,250,254,255,254,32,0,0,0,0,1,1,1,0,0,0,1,0,1,2,0,6,109,252,255,254,255,255,254,253,252,254,103,4,0,2,2,0,0,0,0,0,0,0,0,0,3,1,0,2,3,25,153,254,255,254,252,252,149,86,1,0,0,0,0,0,0,1,0,0,0,0,0,2,0,0,1,0,0,0,0,0,0,0,0,0,0,0,0,1,0,0,1,0,1,1,0,2,0,0,1,1,0,0,2,1,1,0,0,0,0,0,2,1,0,0,2,2,1,0,0,0,0,0,1,1,0,0,0,0,1,0,0,0,0,0,1,0,1,0,1,0,1,1,0,0,2,2,3,0,0,0,0,1,1,0,0,2,1,0,0,1,0,0,0,0,0,0,0,0,0,0,1,0,0,0,0,0,0,0,0,0,0,0,1,0,0,0,1,1,0,0,1,0,0,0,1,1,0,0,0,0,1,1,0,0,3,1
0,1,2,1,1,0,0,0,0,1,0,1,2,0,0,1,1,0,0,1,0,0,0,0,0,0,1,0,0,0,1,0,1,0,2,1,0,1,0,0,0,0,0,1,1,2,0,0,0,0,0,0,0,1,1,0,0,0,1,1,0,0,0,1,0,0,0,0,0,0,0,1,0,0,1,0,0,1,0,0,1,0,0,0,0,2,0,0,1,0,1,0,0,0,0,0,0,0,0,0,0,0,0,0,1,1,0,0,0,0,2,0,1,1,0,1,0,2,0,0,0,0,1,2,0,0,0,0,1,0,0,1,1,1,1,0,0,1,0,0,0,1,0,0,1,0,1,0,1,0,0,1,0,1,0,0,0,0,0,0,1,0,1,0,0,1,1,1,1,0,1,0,0,0,0,2,0,0,0,0,1,1,0,0,0,40,155,181,255,156,2,1,1,0,0,0,0,0,1,0,1,0,1,1,0,0,0,1,0,0,0,0,144,244,254,251,252,224,1,0,0,0,0,1,1,2,0,0,0,0,0,1,0,0,0,1,0,0,46,149,250,253,252,253,251,177,0,1,2,1,0,0,0,0,1,0,0,1,0,0,0,0,0,0,2,43,233,252,251,252,253,252,238,63,0,0,0,0,1,0,0,0,1,0,1,1,0,0,0,1,0,43,144,227,253,253,252,252,254,252,214,0,0,2,0,0,0,0,0,0,0,0,0,1,0,0,1,2,11,180,254,252,253,228,99,230,251,252,141,0,0,1,0,0,0,0,0,0,0,0,0,0,0,1,0,38,187,251,253,253,252,218,202,252,252,250,240,84,0,0,0,0,1,1,1,1,0,0,0,1,0,0,21,145,253,253,252,253,254,252,253,254,252,253,251,225,0,0,0,0,0,2,0,0,0,1,0,2,0,47,230,253,251,255,253,251,252,252,252,252,241,141,106,95,0,0,0,0,0,0,0,0,0,0,2,0,49,171,253,251,253,251,251,252,253,250,252,210,24,0,0,0,1,1,1,0,0,0,0,0,0,2,0,52,239,254,253,252,253,253,252,252,254,252,208,92,0,0,1,0,0,0,0,0,0,3,2,0,0,0,2,108,252,252,252,253,251,184,152,252,254,253,105,0,1,1,1,0,1,0,0,0,0,0,2,0,0,0,0,106,253,251,177,129,25,11,14,253,252,212,16,2,1,0,0,1,2,0,0,0,0,1,0,0,0,0,0,15,39,38,7,1,0,24,214,254,215,27,0,0,0,2,0,0,0,0,1,0,0,1,0,0,0,2,2,0,0,1,1,0,0,131,252,252,101,0,0,1,1,0,0,0,1,0,0,0,0,1,0,1,0,0,0,0,0,0,1,2,29,227,250,200,0,0,0,0,0,0,0,0,0,0,1,1,0,0,0,0,0,0,0,0,1,0,0,8,143,252,215,1,0,0,0,1,0,0,0,0,0,1,0,0,0,1,2,1,1,0,0,0,0,0,0,54,254,236,39,0,0,0,0,0,2,1,1,0,0,2,0,0,0,0,0,2,0,2,0,0,0,0,0,54,253,226,2,0,0,0,0,0,0,0,0,0,0,1,1,0,1,0,2,0,0,0,0,1,0,0,0,24,207,226,0,0,0,0,1,0,0,1,0,0,0,0,0,3,1,1,0,0,0,0,0,1,2,0,0,0,0,1,0,2,0,0,0,0,0,1,0,0,0,0,1,0,0,0,0,0,0,2,0,0,1,0,2,0,0,0,2,0,0,1,0,0,1,2,0,1,0,0,1,0,0,0
0,0,0,0,0,0,0,0,0,0,0,0,1,0,0,0,0,1,2,0,1,1,1,0,0,0,0,1,0,0,0,0,0,0,0,0,1,0,0,0,0,0,0,0,0,0,1,1,2,0,3,0,0,0,2,1,0,0,1,0,2,0,1,0,0,0,0,1,0,0,3,0,0,1,0,0,0,1,2,0,0,0,0,0,0,1,0,1,1,0,0,0,0,0,1,1,0,1,0,2,2,1,1,0,0,0,1,0,4,1,0,1,0,1,1,0,1,0,0,0,0,0,0,1,0,0,0,0,0,0,0,0,0,2,0,0,0,1,0,0,0,0,1,0,1,0,0,0,0,0,0,0,1,0,0,123,254,255,235,45,0,0,0,0,0,1,0,0,0,1,1,0,0,2,0,0,1,0,0,0,39,153,248,252,253,252,252,217,0,0,0,0,0,0,0,1,0,2,1,0,0,0,1,0,0,0,0,38,156,254,253,253,229,220,252,253,149,1,1,0,0,0,1,0,0,1,1,1,1,0,0,0,0,2,0,207,253,251,172,119,15,176,251,254,227,0,0,2,0,0,0,0,1,1,0,0,0,0,0,0,0,0,36,229,252,188,8,0,0,177,251,251,177,0,1,2,0,0,0,0,0,0,1,3,0,0,0,0,1,0,137,253,223,50,0,1,0,177,253,241,63,0,1,0,0,1,0,1,0,0,0,0,1,0,2,0,1,84,250,254,175,0,0,18,112,242,253,176,0,2,0,0,0,0,0,0,0,0,0,0,1,0,0,0,0,98,254,252,200,80,80,120,253,254,242,64,0,1,4,3,0,0,0,0,0,1,0,0,1,1,0,0,0,70,244,253,252,253,254,253,253,253,214,1,0,0,0,0,0,0,1,0,0,1,0,0,1,0,0,0,0,0,189,255,253,254,221,252,254,253,113,0,0,1,0,2,0,1,1,0,0,1,0,1,0,0,0,1,0,1,25,176,226,193,60,206,254,253,84,0,0,0,0,0,0,0,1,0,0,2,0,0,0,0,0,1,1,0,0,0,36,0,16,202,252,220,25,0,2,1,1,0,0,1,0,0,0,0,0,1,0,1,0,0,1,0,1,0,0,0,88,253,252,184,0,0,1,0,0,1,0,1,2,0,0,1,1,2,0,0,1,0,19,157,110,0,1,0,196,252,253,77,1,1,0,1,0,0,0,0,2,0,0,2,0,0,0,0,0,0,104,252,161,0,1,10,203,253,251,78,1,1,0,1,0,1,1,0,0,1,1,0,0,0,0,0,2,0,105,253,218,23,9,157,253,252,246,70,1,0,0,0,0,0,0,1,0,1,0,0,0,0,1,1,0,0,97,252,254,164,183,252,253,250,185,0,1,0,0,0,0,0,1,0,0,0,2,0,0,1,0,0,0,1,1,221,253,254,253,252,254,188,0,0,1,0,0,0,0,0,0,1,0,0,0,0,0,0,1,3,0,1,0,98,253,254,253,253,215,30,0,1,0,2,0,0,2,0,0,0,0,0,0,2,0,0,1,1,0,0,1,48,123,234,145,123,30,0,0,1,0,1,0,0,1,0,0,0,0,0,1,1,0,1,0,2,0,0,0,1,1,0,2,0,0,0,0,1,1,1,0,0,0,0,0,0,1,0,0,2,0,0,0,1,0,0,0,0,0,0,2,0,0,1,0,0,0,1,1,0,0,1,0,2,2,1,1,0,0,0,0,2,0,0,1,1,1,0,0,1,0,0,0,2,0,0,0,0,0,0,0,0,1,0
0,0,0,1,0,2,0,0,2,0,0,0,0,0,0,0,0,1,0,0,0,1,0,1,0,0,1,0,0,2,0,0,2,0,0,1,1,0,1,0,2,0,0,0,2,0,0,0,2,1,0,1,1,0,1,1,0,0,2,0,0,0,0,1,1,0,0,0,2,1,0,0,0,0,0,0,0,0,0,0,1,1,1,1,1,0,0,0,0,1,0,0,0,0,0,2,0,0,0,0,0,0,0,0,2,0,1,3,1,0,1,1,0,0,3,2,0,1,0,0,1,0,1,1,2,0,0,0,0,0,0,0,0,1,0,0,1,2,1,0,1,0,1,0,123,121,76,1,0,0,1,1,1,1,0,0,0,0,0,0,0,0,2,0,2,0,0,0,2,0,0,0,253,253,250,240,241,242,241,241,242,241,242,113,108,106,178,86,2,0,0,0,0,2,0,1,2,1,0,0,254,253,254,254,255,252,253,252,253,253,254,253,254,253,254,199,0,1,0,0,0,0,2,0,0,0,1,1,103,172,174,173,193,251,254,254,253,253,253,252,251,253,253,200,1,0,2,0,0,1,1,0,0,0,1,2,1,2,2,0,67,253,254,252,252,253,224,188,185,144,124,42,0,1,1,0,0,1,0,0,0,0,1,0,0,2,0,0,96,252,254,254,253,127,35,0,1,0,0,2,0,0,1,1,1,1,1,1,0,1,0,0,0,0,0,12,210,252,251,234,76,0,0,0,0,1,0,1,1,2,0,0,1,0,0,0,1,0,0,0,0,0,0,73,250,252,251,244,160,160,98,2,0,0,1,0,1,1,0,0,0,1,0,0,0,0,0,0,0,0,1,0,125,252,255,252,252,252,255,151,147,34,14,2,2,1,1,0,0,1,0,0,0,0,0,0,1,0,0,1,31,119,214,253,254,254,254,254,252,252,253,164,42,1,0,1,0,0,2,0,1,0,0,0,1,0,0,1,0,0,0,0,78,134,191,254,253,255,251,254,255,170,115,0,0,0,1,1,1,2,0,0,0,1,0,0,0,0,0,0,1,0,6,12,130,182,254,252,252,251,245,108,0,0,0,0,0,0,0,1,0,0,1,0,0,0,0,2,0,0,0,0,0,9,27,54,224,253,252,253,1,0,0,0,0,0,0,1,0,1,0,0,1,0,0,0,0,0,0,0,1,0,0,61,200,253,252,255,1,1,0,0,0,1,1,2,0,0,1,98,202,159,0,1,1,1,1,0,61,67,174,241,252,252,255,218,0,0,0,0,0,0,0,1,0,0,22,222,252,239,96,55,55,125,188,186,247,253,254,252,255,254,242,30,0,1,0,0,0,1,0,0,0,1,78,247,253,252,253,252,254,252,255,254,253,252,253,244,213,199,75,0,0,0,0,2,0,2,0,0,2,1,1,190,232,254,254,254,252,252,253,253,242,226,120,74,0,2,1,0,2,1,0,0,1,0,0,0,0,0,0,0,28,205,240,240,160,106,108,106,67,2,0,0,1,0,0,0,0,0,0,0,0,1,2,0,0,0,1,0,0,0,0,1,0,2,0,1,0,2,1,1,0,1,0,0,0,0,2,0,1,0,0,3,0,1,0,0,0,2,0,1,1,0,0,0,0,1,0,1,0,0,0,0,2,0,0,1,1,0,1,1,2,0,0,2,3,0,1,0,0,0,0,1,0,0,2,0,0,0,0,2,0,0,0,1,0,1,0,1,0,0,0,0,0,1,0,0,0,0,0,0,0,0,0,0,1,2,0,0,0,0,0,0
1,0,0,0,0,0,0,0,0,0,1,0,0,2,0,0,0,0,0,0,1,0,0,2,0,1,1,0,0,0,1,0,0,1,1,0,0,0,0,0,0,0,1,0,1,1,0,0,0,0,0,0,2,0,2,0,0,0,1,1,0,0,1,0,0,1,1,0,1,0,0,0,1,1,0,1,0,0,0,1,0,0,2,1,0,0,0,0,1,2,3,0,1,0,2,0,1,0,0,0,1,0,0,0,3,1,0,1,1,0,0,1,0,2,2,0,1,0,0,1,1,0,1,1,2,0,0,0,1,0,0,0,0,0,1,0,1,0,0,0,0,0,0,0,0,0,0,1,0,51,238,253,252,253,255,251,143,40,0,0,0,0,0,1,0,1,0,0,0,0,0,0,2,0,0,1,0,237,254,250,252,252,254,253,254,82,1,0,0,0,0,1,0,1,1,1,1,0,0,1,1,0,1,1,0,222,252,253,253,252,251,253,251,198,24,0,1,0,0,1,0,0,0,0,0,1,0,0,0,1,0,1,1,101,251,253,252,251,252,251,250,249,99,0,0,0,1,0,0,0,0,1,0,0,0,0,0,1,1,0,1,1,225,252,250,253,252,253,253,145,1,1,1,1,1,1,1,0,0,0,0,0,0,0,0,0,0,0,0,176,254,252,253,254,253,254,228,48,0,0,0,0,0,0,0,0,0,0,0,0,0,0,0,0,0,1,1,128,254,252,253,254,254,250,69,0,0,0,0,1,0,0,0,0,1,0,0,0,0,1,1,1,0,2,1,88,244,254,252,252,253,250,209,97,0,0,0,1,1,0,0,0,0,1,0,0,1,0,3,0,0,0,1,0,207,252,251,252,253,253,251,243,91,0,2,0,0,1,2,0,0,0,0,0,0,2,0,0,0,0,0,1,38,223,251,251,255,252,253,252,251,0,0,0,0,1,2,0,0,0,1,1,0,1,0,0,0,0,1,0,0,0,0,81,254,254,253,254,255,192,11,1,0,1,0,0,0,0,2,0,0,0,1,0,0,0,0,0,0,1,1,0,26,183,251,251,251,253,73,0,0,1,1,2,0,0,0,0,0,0,1,0,0,0,0,0,2,0,0,1,3,86,250,252,251,253,167,1,1,1,0,0,0,0,1,1,0,0,0,0,0,0,0,0,2,0,0,2,0,101,251,252,251,253,166,0,0,0,0,0,1,0,0,0,0,0,0,1,1,0,1,0,0,0,1,0,139,241,252,252,253,252,167,0,0,1,0,0,0,0,0,0,1,0,3,0,2,12,111,113,50,114,113,112,255,254,251,252,254,206,15,0,0,0,0,0,0,0,1,1,2,0,0,0,0,155,251,254,237,250,253,252,253,251,252,251,253,15,0,1,1,1,1,0,0,1,0,0,0,1,0,2,0,170,252,253,251,253,253,253,254,254,252,196,55,1,1,0,0,0,0,2,0,3,0,0,0,0,0,0,0,150,238,253,251,251,252,253,240,244,192,29,0,0,0,0,0,0,1,0,1,0,1,1,0,0,1,0,0,0,63,175,252,252,157,111,49,74,0,0,1,0,0,0,0,0,0,0,0,1,1,0,0,1,0,1,0,2,2,2,0,1,0,0,0,2,0,0,0,0,0,0,0,2,0,1,0,0,1,0,1,1,1,1,1,0,1,0,0,0,0,1,0,0,0,2,1,0,0,0,1,0,1,1,0,0,0,0,0,0,1,0,0,0,1,0,0,0,0,0,1,2,0,1,0,1,0,0,0,1,1,0,0,0
0,0,0,2,1,0,0,0,0,1,0,0,0,0,0,2,1,0,0,1,1,0,0,1,0,0,0,0,2,0,0,0,2,0,1,0,0,0,0,0,0,0,0,2,1,0,0,0,0,0,0,2,1,0,1,0,0,0,0,2,0,0,0,2,0,0,0,0,0,0,0,0,0,1,0,1,1,0,0,0,0,0,0,0,0,0,0,0,0,0,0,0,0,0,0,0,1,0,0,1,2,1,0,1,2,0,0,1,0,0,0,0,2,0,0,1,0,2,0,1,3,0,0,0,0,0,0,0,0,0,0,2,1,0,0,0,0,0,1,0,0,0,0,0,0,0,1,2,64,128,128,255,190,128,127,126,63,1,1,0,0,0,0,0,0,0,1,1,0,0,1,0,1,0,0,191,255,255,254,255,255,255,255,255,255,255,193,0,0,1,0,0,0,0,1,0,0,0,1,1,0,0,0,65,254,254,255,255,255,255,255,254,255,255,255,128,2,1,0,1,0,0,0,0,1,0,0,0,0,0,1,0,66,127,129,128,255,253,255,254,255,255,254,254,62,0,1,1,3,0,0,0,0,3,0,1,0,0,0,1,0,0,1,0,0,1,1,63,254,255,255,255,129,1,0,1,0,0,1,1,0,0,0,0,1,0,0,0,0,0,0,0,0,0,0,0,191,255,254,254,128,0,2,0,0,0,0,0,1,0,3,0,0,0,1,0,0,0,0,0,0,0,63,191,254,254,255,255,127,0,0,1,0,0,1,1,0,0,0,0,0,0,0,0,0,1,0,0,0,128,254,255,253,255,255,191,0,1,0,1,0,2,1,0,0,0,0,1,0,0,0,0,64,128,254,255,255,254,254,254,254,254,254,1,0,0,3,0,1,1,0,2,0,1,0,0,1,0,0,0,190,254,254,254,254,255,255,255,255,254,254,0,1,0,0,0,0,0,0,0,0,0,2,0,0,0,0,0,192,255,254,255,254,255,255,255,255,255,255,190,2,0,1,1,0,1,0,0,0,0,1,0,1,0,0,0,67,255,255,253,255,255,254,255,255,255,254,253,2,0,0,1,0,1,0,1,1,0,0,3,0,0,2,0,0,0,128,65,0,0,2,1,255,255,253,254,64,0,1,2,0,0,0,0,0,1,0,0,0,1,0,0,0,0,0,1,0,0,0,0,255,255,255,255,63,1,0,0,0,1,0,0,0,0,0,0,2,0,0,0,65,129,0,0,0,0,64,191,254,255,255,191,1,0,0,0,0,0,3,2,1,0,0,0,1,0,0,65,255,255,129,0,1,65,192,255,254,253,255,1,1,0,0,0,0,0,0,4,0,0,0,0,1,1,1,128,254,255,255,129,192,255,254,255,255,255,64,0,0,0,1,1,0,0,2,1,0,0,0,1,2,2,0,128,253,255,255,255,255,254,253,255,255,65,2,0,0,0,1,3,0,0,0,0,0,0,0,1,1,0,0,0,129,253,255,253,255,255,255,254,128,0,0,0,0,1,0,0,0,2,0,0,1,0,1,0,0,0,1,0,2,64,191,254,253,254,128,0,1,0,0,0,1,1,1,0,0,0,1,0,1,1,1,0,0,0,0,0,1,1,1,0,2,1,1,1,0,0,1,0,1,1,0,0,0,1,1,0,0,1,0,1,0,1,0,0,0,1,0,1,0,0,1,0,1,0,0,0,0,0,1,0,0,0,1,0,1,0,0,0,0,0,0,1,0,1,1,0,0,0,1,0,1,0,0,0,2,0,1,0,0,0,0,0
0,0,0,0,0,0,0,0,0,1,0,0,0,0,1,2,1,0,0,2,2,1,0,0,0,2,0,0,0,1,1,0,0,0,0,0,0,2,2,0,0,0,0,0,0,0,0,0,1,1,0,0,0,1,0,1,2,1,0,0,0,0,1,0,0,1,1,0,0,0,0,0,0,0,0,0,0,3,0,0,0,0,2,1,0,0,2,0,1,2,0,0,0,0,0,0,77,162,229,255,115,12,1,0,0,2,0,0,0,0,2,1,1,0,2,0,1,0,0,0,1,0,17,159,250,252,214,234,253,55,0,0,0,0,0,0,0,0,1,0,0,0,0,0,1,0,0,0,3,102,229,244,139,53,11,163,255,128,0,0,0,0,0,0,0,0,0,0,1,0,1,0,0,1,0,16,182,253,216,81,0,0,0,163,253,126,0,1,0,1,0,0,0,0,0,0,0,1,0,0,0,0,0,103,244,161,25,0,0,0,0,164,253,126,0,1,0,1,1,1,0,2,0,0,0,0,2,1,0,0,0,191,176,0,0,0,1,0,0,163,252,126,1,0,0,0,0,0,0,0,0,1,2,0,0,0,0,2,0,21,30,0,0,1,0,0,1,164,253,126,0,0,2,0,0,0,0,0,0,1,1,0,0,1,1,0,0,0,0,1,0,0,2,0,0,162,252,127,1,1,1,0,0,1,0,0,0,2,0,2,1,0,0,0,0,1,1,1,0,1,0,0,7,233,249,52,1,0,0,1,1,1,0,0,0,2,0,0,0,1,0,0,0,1,0,0,0,3,0,0,90,254,166,0,0,0,0,2,0,0,1,0,0,0,0,1,0,0,0,0,3,0,0,1,1,2,0,13,230,254,111,0,0,0,2,0,0,0,0,0,0,1,1,0,1,2,0,1,0,0,0,0,0,1,0,154,255,237,20,0,1,0,1,1,0,1,2,1,1,2,0,1,0,0,0,0,2,0,2,0,0,2,19,227,253,93,0,0,0,0,1,2,3,0,0,0,1,0,2,0,0,1,0,2,2,0,1,1,0,0,144,253,208,0,0,0,1,0,0,0,0,0,0,0,1,0,0,0,0,1,0,1,0,0,1,0,0,71,243,253,73,0,2,0,1,0,0,1,0,0,0,1,0,0,0,0,0,0,0,0,0,0,0,0,21,240,255,178,47,0,0,0,0,0,0,2,0,2,0,0,0,1,1,1,1,0,0,0,0,0,50,177,241,255,253,253,246,154,23,1,0,0,0,1,0,1,1,0,0,1,0,0,0,2,0,2,0,46,245,254,254,245,216,217,240,254,180,49,37,67,64,127,44,0,0,2,0,0,1,0,0,1,0,1,2,126,254,252,208,47,1,0,70,247,253,252,254,253,242,236,136,0,0,0,0,0,0,0,3,0,0,2,0,48,228,163,0,0,0,0,1,47,124,163,161,129,27,0,0,1,0,1,0,0,0,0,1,0,0,2,0,1,3,1,0,2,0,0,0,1,0,0,0,0,0,0,0,0,0,0,1,1,0,0,2,0,2,0,0,0,0,2,0,0,0,0,0,0,0,1,0,0,1,1,0,0,0,0,1,0,0,0,1,0,0,0,0,0,0,0,1,0,0,0,0,0,0,0,0,0,0,0,0,0,1,0,0,0,0,0,0,1,0,1,0,0,0,0,0,0,1,0,0,0,2,0,0,1,0,1,0,1,0,0,0,0,0,0,0,1,1,0,0,1,1,0,2,1,0,2,0,0,0,0,0,1,0,0,1,0,0,0,0,0
0,0,1,0,0,0,0,1,1,0,0,0,2,0,0,0,2,1,0,0,1,0,1,0,0,1,0,0,0,1,0,1,0,1,1,0,0,0,1,0,2,1,2,0,1,1,0,1,0,0,1,0,0,0,0,0,1,0,0,1,0,0,0,0,0,2,0,0,0,2,0,0,0,0,0,1,0,0,0,0,0,2,0,0,0,0,0,1,0,0,3,0,1,0,0,0,0,0,0,1,1,0,1,0,1,0,0,0,1,0,1,1,0,0,0,0,0,0,0,0,2,76,91,132,255,201,93,56,0,0,0,0,1,0,1,0,1,1,2,2,0,0,1,0,1,0,1,35,180,242,246,196,73,232,236,226,163,17,15,0,0,0,0,1,0,0,0,0,0,0,0,0,0,2,46,221,252,163,66,0,0,1,6,144,225,253,212,1,0,3,0,0,1,1,0,1,0,1,1,0,0,12,220,253,236,36,1,0,0,0,1,0,60,251,244,112,5,0,0,2,0,0,2,1,1,0,1,0,1,15,254,237,69,1,0,0,1,1,0,0,24,252,253,252,32,0,1,0,1,0,1,0,0,0,1,3,0,3,110,177,1,1,1,0,1,0,0,0,25,255,245,119,5,0,0,1,1,0,0,0,2,0,0,0,0,2,2,2,0,0,1,0,2,0,0,0,117,254,213,0,2,1,0,1,0,0,1,1,0,2,0,0,2,0,0,0,3,0,0,0,1,0,8,230,245,222,51,0,0,0,1,1,0,0,0,1,0,0,0,1,0,1,1,0,0,1,0,0,0,50,158,255,238,53,0,1,1,0,0,1,3,0,0,1,0,0,1,0,0,0,0,1,1,0,2,2,0,243,254,253,253,171,84,40,0,0,0,0,0,1,0,2,0,0,0,0,0,0,0,1,0,0,0,0,0,239,238,80,97,246,246,212,134,10,6,0,1,0,0,0,0,1,2,1,1,0,0,1,1,0,1,0,0,0,1,0,0,0,28,154,240,253,178,1,0,2,1,0,0,0,2,0,2,17,25,6,1,0,1,0,0,0,1,0,0,0,0,2,100,254,234,69,0,0,0,0,0,0,0,0,116,214,252,55,0,0,1,0,0,2,0,1,1,1,0,0,57,254,254,90,1,0,0,0,0,0,0,1,106,241,251,82,0,1,3,0,2,0,0,0,0,1,1,0,57,253,252,90,0,0,0,0,0,0,1,0,0,97,253,236,132,106,0,0,0,1,0,0,0,0,0,1,59,254,254,88,0,0,2,0,0,1,1,0,0,3,100,240,254,247,132,7,0,0,0,0,0,1,0,31,209,218,147,12,0,1,1,0,1,0,0,1,2,0,0,103,252,253,252,120,93,100,0,0,1,0,0,133,253,105,1,0,0,1,0,1,0,0,0,0,0,0,1,2,16,152,180,241,247,247,238,237,240,238,238,245,188,75,0,0,0,0,0,0,0,0,1,0,0,0,0,1,0,0,2,122,149,142,254,253,254,253,120,87,11,0,0,0,0,0,0,0,0,0,0,1,1,0,2,0,0,0,0,2,1,0,0,0,1,0,0,0,0,2,2,0,0,0,1,2,0,1,0,2,1,0,1,0,1,0,0,0,0,0,1,1,0,0,0,0,0,0,1,0,2,1,1,1,0,1,0,0,1,0,0,0,1,1,0,1,1,0,1,0,0,0,0,2,0,0,0,0,1,0,0,0,1,0,0,0,1,1,0,1,0,1,0,1,1,0,1,1,2,0,0,0,1,0,0,1,0,1,0,1
0,0,2,0,0,0,0,0,0,1,0,0,0,1,0,1,1,1,0,0,0,1,0,1,0,0,0,0,1,0,2,0,0,1,0,1,0,0,0,0,0,2,1,1,0,1,0,0,0,0,0,0,0,1,0,0,0,1,0,1,1,1,0,1,0,0,0,0,0,0,0,0,0,0,0,0,0,1,1,0,0,0,0,1,0,0,0,1,0,2,1,0,1,0,0,0,0,0,0,0,0,0,0,1,1,0,0,0,0,0,2,0,2,1,1,0,1,2,0,2,0,0,0,0,0,1,1,2,0,1,0,0,0,0,0,0,0,0,0,0,0,0,0,0,0,1,0,0,0,0,0,1,1,0,0,0,0,0,0,1,0,0,0,0,0,0,1,0,0,0,0,0,1,1,0,0,0,0,0,2,0,0,0,0,1,0,0,1,0,2,1,1,0,0,2,1,0,0,0,2,0,0,1,0,0,0,17,106,138,135,201,233,137,137,86,0,1,0,0,1,1,1,0,1,0,0,0,0,0,0,0,0,22,108,218,253,252,252,253,230,251,251,253,100,18,0,2,0,0,1,0,1,0,0,1,1,0,1,0,0,200,254,251,201,183,130,69,36,97,89,206,253,90,0,0,0,1,2,0,0,1,0,0,0,1,0,0,171,248,244,139,12,0,0,0,0,0,0,75,253,186,0,0,1,0,0,0,1,0,1,0,1,0,2,65,248,251,125,1,3,2,0,0,1,0,2,105,254,154,0,2,0,1,0,0,0,1,0,0,2,0,0,36,232,253,116,0,0,1,0,1,0,0,0,178,254,92,0,0,0,0,2,0,0,0,1,1,2,0,1,56,243,251,114,1,1,0,0,1,0,1,17,236,249,76,0,1,1,0,1,0,0,0,0,1,0,0,0,0,176,253,155,25,0,0,1,3,1,0,125,252,230,1,1,0,1,0,0,0,1,1,0,0,0,2,0,0,59,243,253,202,25,0,1,1,0,99,244,253,230,0,0,1,0,0,0,0,0,0,1,0,0,0,0,0,0,178,253,251,234,190,168,233,230,246,252,253,178,0,0,0,1,0,1,0,0,1,0,0,0,0,0,0,1,0,10,136,247,254,244,231,231,229,247,252,105,0,0,1,0,0,0,0,1,0,0,0,0,2,1,0,0,1,2,0,68,91,51,0,1,0,206,253,0,0,0,0,0,2,0,0,0,0,1,1,0,0,1,0,1,0,0,0,1,0,0,0,0,1,121,253,0,0,1,0,0,0,1,0,0,1,2,1,0,1,0,0,0,0,1,0,0,0,0,0,1,1,135,251,0,0,2,2,0,0,0,1,0,0,0,1,1,0,0,1,0,1,0,1,1,0,1,2,0,32,230,252,0,1,0,0,0,0,0,0,0,0,3,2,0,0,0,1,0,0,1,0,0,0,1,0,0,69,252,242,0,0,0,0,0,0,0,1,0,0,1,0,0,1,2,0,1,0,0,2,0,1,1,0,0,122,253,135,1,0,0,2,1,1,0,0,0,1,0,0,0,0,1,1,0,0,0,0,0,1,2,1,0,71,252,138,0,1,0,0,0,0,0,0,0,1,0,0,1,0,0,0,0,0,1,1,0,0,1,1,0,45,236,232,137,1,0,0,0,0,0,2,0,0,0,1,0,0,1,0,0,0,0,1,0,2,0,0,0,1,155,253,73,0,0,0,2,0,0,1,0,0,0,0,0,0,1,0,0,0,0,0,1,0,0,1,0,0,0,1,0,0,0,1,0,0,0,1,1
0,0,0,0,0,0,0,0,1,0,0,1,1,0,0,2,0,0,0,0,0,0,0,1,3,1,0,0,0,0,0,0,0,0,2,2,3,0,0,0,0,1,0,0,2,0,2,0,0,0,1,1,1,1,0,1,0,0,0,0,2,1,1,0,0,0,0,0,1,1,0,1,0,0,0,0,0,0,1,1,0,1,0,0,0,0,1,0,0,0,1,0,0,0,1,0,0,1,0,0,0,0,3,2,0,2,0,1,0,2,0,0,2,0,0,0,0,0,0,1,0,0,0,0,0,0,1,74,254,215,0,0,1,0,0,0,0,0,1,1,0,0,0,0,0,0,0,0,0,1,0,0,0,0,0,74,250,215,0,1,1,1,1,0,1,0,2,0,0,0,0,0,0,0,0,1,1,0,0,0,1,0,0,74,252,245,122,0,0,0,0,0,0,1,0,1,2,0,0,1,0,0,1,0,1,0,1,1,0,1,1,150,250,250,144,2,0,0,0,1,0,0,0,1,0,0,0,0,0,2,1,0,0,0,0,0,0,1,0,254,251,225,42,0,1,1,1,0,1,1,1,0,0,0,0,0,0,0,0,1,0,0,1,2,0,0,53,255,252,218,0,1,0,0,1,2,0,1,0,0,1,0,0,0,0,0,0,2,0,0,0,0,0,0,181,253,251,218,1,0,1,1,0,0,0,1,0,0,0,0,1,0,0,0,0,1,1,0,2,1,0,17,192,252,251,217,2,1,0,0,0,0,0,2,0,1,0,2,0,1,2,0,0,0,0,0,1,0,1,110,252,254,252,135,0,1,1,1,0,1,1,0,0,0,1,1,1,1,0,0,0,0,1,0,0,0,0,109,250,253,251,34,0,1,0,0,0,0,0,0,1,0,0,0,0,0,2,1,0,0,1,1,0,0,36,253,253,253,209,24,0,0,0,0,0,0,1,0,1,0,1,2,1,1,0,1,0,0,0,0,0,0,36,254,252,252,108,0,0,0,0,0,1,0,1,0,1,1,1,0,0,1,0,0,0,0,2,0,0,0,194,251,251,190,15,0,0,2,2,2,0,0,1,0,0,0,0,0,1,0,0,1,0,0,0,0,0,66,230,250,251,182,1,0,0,0,0,1,0,1,2,0,0,0,0,0,0,1,0,1,0,1,0,0,0,145,253,249,252,180,0,1,1,0,1,0,0,0,1,1,0,0,0,0,0,1,0,1,0,0,0,0,1,146,253,253,252,0,0,1,0,0,0,0,0,1,0,0,1,0,0,1,0,0,0,0,1,0,0,0,2,143,251,251,251,0,1,0,0,0,1,0,1,0,0,0,1,0,0,0,0,1,0,0,0,0,1,1,1,144,252,253,225,2,0,0,0,0,0,0,0,1,0,1,0,0,0,0,0,0,0,0,0,0,0,0,1,145,250,251,72,0,0,0,0,0,2,0,0,1,0,0,0,0,0,0,1,0,0,1,0,0,0,0,1,41,226,174,19,0,0,1,2,0,0,1,0,0,0,1,0,0,0,0,0,0,0,0,0,0,0,0,2,0,1,0,0,0,0,0,0,2,1,2,1,0,0,0,0,0,0,0,0,1,0,0,0,0,1,0,0,0,0,0,0,0,1,1,0,0,0,0,0,0,0,0,0,0,0,0,0,0,1,0,0,1,0,1,0,1,1,0,1,0,1,1,1,0,0,0,0,0,1,0,0,0,0,0,2,0,0,1,0,0,1,0,0,0,0,1,0,0,0,0,0,0,0,0,0,0,0,0,0,0
0,0,0,0,0,0,0,0,1,0,1,1,0,0,2,1,0,0,1,0,0,0,0,0,0,1,1,0,1,2,1,1,0,0,0,2,0,0,0,0,1,0,1,0,0,0,0,0,0,1,2,1,0,1,0,1,1,0,0,0,0,0,0,0,0,1,0,0,1,1,1,2,2,1,0,0,2,1,0,0,0,0,1,1,0,1,0,2,0,0,1,0,0,0,1,1,0,0,1,1,2,2,0,0,0,0,0,0,0,1,1,0,0,0,0,0,1,1,0,0,1,0,0,0,0,18,128,170,229,61,0,0,1,0,0,2,0,0,1,1,0,0,0,1,0,0,0,0,1,0,0,0,119,243,254,186,216,230,17,0,0,0,1,0,0,0,2,1,0,1,0,0,0,0,0,0,0,0,18,174,255,174,49,3,41,255,52,0,0,0,1,0,0,2,0,1,0,0,1,0,0,0,0,0,1,19,205,253,125,5,1,0,63,253,52,0,0,0,0,2,1,1,0,0,0,1,0,1,1,0,0,1,0,172,239,62,3,0,0,1,177,247,39,0,1,0,0,0,2,0,0,0,0,0,1,0,0,0,1,2,67,255,89,1,1,1,0,0,212,220,0,1,0,0,0,1,0,0,0,0,1,0,0,1,1,0,0,0,60,199,12,1,0,1,1,0,213,172,0,0,0,0,2,0,0,2,0,0,3,1,0,0,0,0,0,0,0,1,0,2,0,0,3,7,220,116,0,1,0,0,0,1,0,0,0,0,0,0,0,0,1,1,0,0,0,0,2,0,0,0,1,45,255,48,1,0,1,0,0,2,0,0,0,0,0,1,0,0,0,0,1,1,1,2,1,0,1,1,0,103,234,24,0,0,0,2,0,0,0,0,0,0,2,0,0,0,0,0,0,1,1,0,0,1,1,0,9,219,132,0,0,2,1,0,2,0,0,0,0,0,0,0,1,1,0,0,1,0,1,0,1,0,0,0,101,253,44,2,0,1,0,0,2,0,0,0,2,1,0,1,0,0,0,0,0,0,1,0,0,0,1,6,225,211,10,2,0,1,0,0,1,1,0,0,0,0,3,1,0,1,0,0,1,0,1,1,0,0,0,99,255,86,0,1,0,1,0,0,1,0,0,0,1,0,0,0,2,0,1,1,2,0,0,2,0,0,24,239,173,8,1,0,0,1,0,0,0,0,0,0,1,0,0,1,0,0,0,0,1,1,1,1,1,0,155,253,34,0,0,0,0,1,0,0,1,0,0,0,0,0,0,0,0,0,1,0,0,0,0,1,0,83,248,178,9,2,2,2,10,15,14,12,11,2,0,0,1,1,0,1,2,0,0,1,0,2,0,2,31,241,208,11,23,111,182,182,241,255,245,245,153,21,1,0,2,0,0,0,2,0,2,0,0,1,0,0,238,253,186,192,255,252,206,164,96,69,0,0,1,0,0,2,0,0,1,0,0,1,0,0,0,0,0,1,237,253,177,122,83,13,1,0,1,1,0,0,0,0,0,1,0,0,0,1,1,0,0,0,1,0,0,1,0,0,0,1,0,1,0,0,0,1,0,0,0,1,0,2,2,0,0,0,0,0,1,1,2,0,1,0,1,0,0,0,0,0,0,0,0,0,0,0,2,0,2,0,0,0,1,0,1,0,0,0,0,0,1,0,0,0,0,0,0,0,0,0,0,2,0,0,2,0,0,2,0,0,0,2,2,0,0,0,0,2,0,0,0,0,0,0,0,0,1,1,0,0,0,0,1,0,0,0,1,1
1,1,0,0,0,0,0,0,0,0,0,0,0,0,0,1,0,0,2,0,0,2,1,0,0,0,0,1,0,0,0,0,0,0,1,0,0,1,1,0,0,1,1,1,0,0,0,0,0,0,2,2,0,2,0,0,0,1,0,0,0,0,0,1,0,0,1,0,0,0,0,0,0,0,0,0,0,1,0,0,0,0,0,0,0,0,0,0,2,0,0,0,0,0,0,0,0,0,1,0,0,1,1,0,0,0,0,0,1,1,1,0,0,0,0,0,1,2,0,0,0,1,0,0,1,1,0,0,2,0,43,200,101,0,0,0,0,0,0,3,0,0,0,0,0,1,1,0,1,0,0,1,1,0,0,0,69,179,251,255,216,1,0,1,0,0,0,1,1,0,1,0,0,2,0,0,1,2,0,0,0,0,0,145,246,253,253,201,187,2,0,2,2,0,0,0,0,1,0,0,1,0,0,0,0,0,1,0,0,3,143,252,254,222,104,3,40,0,0,0,2,0,0,2,1,2,0,1,1,0,0,0,2,1,0,1,26,164,253,253,158,18,0,0,0,0,0,0,0,0,0,1,0,0,0,0,1,0,0,0,0,0,1,15,208,255,255,232,5,0,0,1,1,0,2,0,0,0,0,2,0,0,1,2,0,0,0,1,0,1,4,139,255,255,203,16,0,0,0,0,0,0,1,0,0,0,0,1,1,0,0,2,0,0,1,0,0,0,37,255,254,243,18,1,1,0,0,0,0,1,2,0,1,0,1,0,0,0,0,0,1,0,0,2,0,1,134,254,246,69,0,0,0,0,1,0,1,3,1,2,0,0,0,1,2,0,0,0,0,0,1,0,1,43,253,255,247,114,89,119,95,84,8,1,0,2,1,1,0,0,0,1,0,2,0,0,2,0,0,1,0,46,255,252,253,255,254,89,245,255,235,49,0,0,1,0,1,0,2,0,1,1,0,1,0,0,1,0,0,130,254,245,190,203,151,120,231,201,255,234,27,0,0,0,0,1,1,0,0,2,1,2,0,1,0,0,13,223,244,85,4,3,0,0,13,5,159,254,44,0,1,1,0,2,0,0,0,0,0,1,0,0,0,0,53,254,218,2,0,0,0,0,0,1,130,255,43,0,0,0,0,0,1,1,0,0,0,0,0,1,0,0,10,226,218,0,1,0,0,1,1,0,215,254,43,0,1,0,0,1,1,0,0,0,0,0,0,1,0,2,0,178,218,0,0,0,1,0,0,43,241,230,22,1,0,0,0,1,0,0,0,0,3,0,2,0,0,0,0,93,248,88,0,0,0,27,28,221,255,131,0,1,0,0,1,0,1,1,0,0,0,0,0,0,0,0,1,25,231,247,156,106,136,254,255,255,221,20,1,2,0,1,0,1,2,0,1,0,1,1,0,0,0,2,1,0,58,250,255,252,253,253,221,106,6,0,0,0,2,0,2,1,0,0,0,0,0,1,1,0,1,0,0,0,0,37,86,167,198,108,4,0,0,0,0,0,1,0,0,1,0,1,1,0,1,0,0,1,0,0,0,1,0,1,0,0,1,1,0,1,2,0,1,2,0,0,1,0,2,0,0,1,0,0,0,0,0,0,0,2,0,0,0,0,1,0,0,1,0,0,0,0,1,0,0,1,0,0,0,0,0,0,0,1,1,1,0,1,0,0,1,0,0,0,0,0,1,1,0,0,0,1,0,0,1,0,2,1,0,0,0,0,1,0,0,0,0,1,0,0,2,0,1,0,0,0,0,0,0,1,1,1,0,1
0,1,0,1,0,0,2,1,1,0,1,1,0,0,0,0,0,0,0,0,1,1,1,0,0,0,2,1,0,0,1,0,2,0,0,0,0,1,2,0,0,1,0,0,2,0,0,0,1,0,0,0,2,0,0,1,0,0,1,1,2,1,1,0,0,0,0,0,0,0,0,0,0,0,0,1,1,1,0,0,0,2,0,0,0,0,0,0,0,0,0,1,1,0,0,0,0,1,0,1,0,0,0,0,0,0,0,0,0,0,1,1,0,0,1,1,0,0,1,0,0,0,0,0,1,0,1,0,0,0,0,1,0,1,0,1,1,0,1,0,0,0,0,0,0,1,0,0,0,1,2,0,2,0,0,0,0,0,0,0,2,3,0,0,1,0,0,0,0,0,2,0,1,0,1,0,1,0,1,1,41,149,231,254,254,231,150,18,0,0,0,1,1,1,0,0,0,0,0,0,1,0,0,0,1,0,41,124,241,254,245,243,203,205,252,197,13,4,4,0,1,0,0,0,1,0,1,1,3,1,0,1,0,111,254,251,205,173,22,0,0,0,87,255,87,165,182,0,1,0,0,3,0,0,2,1,1,0,0,0,31,235,253,171,9,0,1,1,0,0,15,254,253,253,210,0,1,0,1,0,0,0,0,1,0,0,0,2,65,252,224,17,1,0,0,1,0,18,126,254,253,230,44,0,1,1,0,0,1,0,0,0,0,0,0,0,7,173,254,165,0,0,0,1,15,199,253,245,125,16,3,0,0,0,0,0,1,0,0,0,0,0,0,2,1,86,253,246,85,0,0,51,194,252,248,82,0,0,0,1,2,0,0,0,0,0,1,0,0,0,0,0,1,10,155,252,249,46,108,245,254,205,29,0,0,0,1,0,1,3,0,0,0,0,1,1,0,2,0,0,2,0,18,197,254,244,241,253,210,21,1,1,0,0,0,0,0,0,1,0,0,0,1,0,1,0,2,0,0,0,1,34,254,253,253,166,21,0,1,2,0,1,0,0,1,0,0,0,1,0,0,1,2,0,1,0,0,2,1,33,252,253,253,145,1,0,0,2,0,1,0,0,1,0,0,0,3,0,0,0,1,0,1,0,1,0,0,154,253,197,239,253,72,0,1,1,0,0,2,2,0,1,0,1,0,0,0,0,0,0,0,1,1,0,35,239,213,7,144,254,193,0,0,1,0,0,0,1,0,0,1,1,0,1,1,1,0,0,2,0,0,0,75,254,167,0,1,181,251,92,0,0,1,0,0,0,1,1,0,0,0,2,1,0,1,0,3,1,1,0,75,254,178,3,1,101,254,195,1,0,1,0,0,1,0,1,0,0,0,0,0,0,0,0,0,1,2,2,23,237,252,15,1,36,237,236,29,0,0,0,0,0,0,1,0,1,1,0,0,1,0,0,0,1,0,1,1,125,253,122,0,26,233,255,40,0,0,0,0,1,0,2,0,0,0,0,0,2,0,0,0,0,2,0,0,31,254,242,44,129,253,209,9,0,0,0,0,1,0,0,0,0,0,0,0,1,0,0,0,0,0,4,0,15,180,252,246,250,234,84,0,1,1,1,2,1,1,0,0,0,0,0,0,0,0,1,0,0,0,0,2,1,0,199,254,233,91,0,1,1,0,1,0,0,0,0,2,0,0,0,1,0,0,1,0,0,2,0,0,0,1,0,0,0,1,0,0,0,0,0,0,1,0,1,0,0,0,0,2,0,0,0,0,1,1,0,0,0,0,2,1,0,0,0,1,1,1,1,0,0,1,0,1,0
0,0,1,0,0,2,3,3,1,2,0,0,0,0,1,1,1,1,0,0,0,1,2,0,1,1,0,0,0,0,0,0,2,0,0,0,0,0,0,1,0,0,0,0,0,1,1,0,0,0,0,0,1,0,1,0,0,2,1,0,1,1,0,1,0,1,1,0,0,0,0,0,0,1,0,0,0,0,0,0,1,1,0,1,0,0,0,0,0,0,1,1,1,0,0,0,0,0,0,1,0,0,0,2,0,0,1,0,1,1,0,0,0,0,1,1,0,0,0,1,0,0,0,0,66,129,190,129,129,0,0,0,1,1,0,0,1,0,0,0,1,0,1,0,1,0,0,0,2,0,1,192,255,254,254,255,255,253,63,0,0,4,1,0,0,1,1,0,0,0,0,0,0,0,0,2,0,128,254,255,191,128,128,190,254,255,255,190,2,1,1,0,0,0,0,0,0,0,0,1,0,1,1,0,0,255,255,127,1,0,1,1,0,255,255,254,64,0,0,1,0,2,0,0,0,0,0,0,0,0,0,0,1,192,255,127,0,0,1,0,1,0,192,255,255,0,0,0,1,0,0,0,2,0,1,0,0,0,0,0,62,255,255,129,0,1,0,1,0,1,65,255,255,127,0,0,0,0,1,0,1,0,0,1,0,0,0,1,255,255,191,0,0,0,0,1,0,1,2,255,255,130,0,1,2,1,1,0,0,0,0,1,0,2,0,65,254,255,1,0,0,0,1,2,0,0,1,190,253,126,0,0,0,0,0,0,0,0,1,0,0,0,2,129,255,128,0,0,0,2,0,0,0,1,0,0,253,127,0,1,0,0,0,0,0,0,0,0,0,0,1,129,255,64,0,0,0,0,0,2,0,0,0,0,255,128,1,0,2,0,3,0,0,1,1,0,0,1,0,252,255,128,2,1,1,2,0,0,0,1,0,2,254,130,0,1,1,0,0,0,0,2,0,2,2,0,0,255,255,128,0,1,1,0,1,0,1,0,2,1,255,255,0,1,0,0,1,1,1,0,0,1,0,0,0,254,255,129,0,0,0,0,0,2,1,0,2,0,254,255,1,0,0,1,0,1,0,1,1,0,1,0,1,128,255,192,2,0,0,0,0,0,0,2,1,1,255,255,0,1,0,0,1,0,0,2,0,0,0,0,1,0,255,254,192,0,1,0,0,0,0,0,0,0,254,254,0,0,0,1,1,0,0,0,1,0,0,0,1,0,191,254,254,191,0,1,3,0,2,0,0,0,254,255,128,1,0,0,0,1,0,0,1,1,0,1,0,0,0,128,255,255,128,0,0,0,0,0,0,0,255,254,0,0,0,0,0,1,0,1,0,0,0,0,0,0,0,0,129,191,255,254,189,127,62,128,128,192,255,190,0,0,2,0,2,1,2,1,1,1,0,0,0,0,0,0,0,0,190,254,255,255,255,255,255,255,255,127,0,0,0,0,1,1,0,0,0,0,0,0,2,0,0,0,0,0,0,126,255,255,255,254,190,127,0,0,2,2,1,1,0,0,1,0,0,0,0,2,0,0,0,0,0,0,0,0,0,0,1,0,0,0,0,0,1,0,1,0,0,0,0,1,2,0,1,0,0,0,0,1,0,0,1,1,1,2,0,0,0,0,1,0,0,0,0,0,0,1,0,1,0,0,0,0,0,0,0,1,0,1,0,0,0,0,0,0,0,0,1,0,0,0,1,0,0,0,0,0,2,1,1,0,2,1,1,0,0,0,1,0,0,0,1,1,1,0,0,0,1,0,0,0,0,0
0,1,0,0,0,0,0,0,3,0,0,0,2,0,1,0,2,1,0,1,0,0,0,0,0,0,0,1,0,0,0,0,0,0,0,1,0,2,2,0,1,1,0,0,1,0,0,0,2,1,0,0,0,0,0,0,0,1,0,0,0,0,2,1,1,0,0,0,0,1,0,1,0,0,1,0,0,0,2,0,1,0,0,1,0,0,0,0,2,0,0,0,1,1,0,0,0,2,0,0,1,0,0,1,0,0,2,0,0,1,0,2,0,1,0,0,1,0,0,0,0,0,0,1,0,0,0,2,0,0,0,0,0,0,1,0,0,0,0,0,0,0,0,1,0,0,0,2,0,0,0,0,0,0,0,1,0,0,0,0,1,0,0,0,0,0,0,0,1,0,0,1,0,0,0,0,1,1,0,0,0,2,0,0,0,1,0,0,2,0,0,1,0,0,0,0,1,0,0,0,0,2,0,1,1,0,2,0,1,0,6,17,118,190,254,255,99,6,0,0,0,1,1,0,1,1,0,0,0,0,0,0,0,0,0,94,155,154,177,255,253,254,252,253,252,70,1,0,0,1,1,0,0,0,4,2,0,0,0,0,1,19,158,251,253,252,254,253,254,254,253,224,178,24,1,1,0,0,1,3,0,0,0,0,0,0,0,0,0,178,252,252,254,252,253,232,182,183,67,28,0,1,0,1,0,0,1,0,1,0,0,0,0,2,0,1,60,247,254,254,246,93,48,33,0,0,1,0,0,0,0,0,1,0,0,2,0,0,0,1,0,0,1,0,72,253,255,251,73,0,1,0,2,0,2,0,0,0,0,0,0,0,2,0,0,0,1,0,0,1,1,0,4,210,252,251,235,105,62,2,0,3,0,0,0,0,0,0,0,0,0,0,0,2,0,2,0,1,1,0,31,218,255,253,253,254,255,125,0,1,0,0,0,0,0,2,0,0,2,0,1,0,0,0,1,0,0,0,0,33,93,95,95,168,241,224,26,0,0,1,0,0,0,1,2,2,0,0,2,0,0,0,0,1,0,0,1,0,0,1,0,0,151,254,123,0,0,0,0,0,0,1,1,0,0,1,1,0,0,1,1,2,0,1,0,0,2,1,0,0,43,235,122,1,1,0,0,0,1,0,1,0,1,0,0,0,2,0,0,1,0,0,0,0,1,0,0,1,1,194,142,0,0,2,0,0,0,2,0,0,0,1,0,0,0,0,0,0,1,1,1,0,2,0,1,0,1,89,201,9,1,0,0,0,0,0,1,0,0,0,0,0,0,0,0,1,0,0,0,0,1,0,0,1,2,79,254,21,0,0,1,0,1,0,0,0,1,1,3,0,0,0,0,0,1,1,1,0,0,1,3,0,0,77,254,23,2,0,1,1,0,0,0,0,0,0,0,0,2,0,1,0,0,0,0,0,1,0,1,0,1,77,252,22,1,1,0,0,2,0,0,0,0,0,0,0,0,0,0,1,0,0,0,0,2,62,60,0,74,207,184,7,1,1,2,0,0,0,0,0,0,1,0,0,1,0,0,1,0,0,0,0,1,149,249,202,240,254,121,0,0,0,0,1,0,0,1,0,0,1,0,1,2,0,0,0,1,0,1,1,1,77,210,252,253,223,24,1,1,0,0,2,0,0,0,0,0,1,0,0,0,1,0,1,0,1,0,0,0,0,86,252,169,41,0,0,0,0,1,0,0,0,1,0,0,1,2,1,0,0,0,0,0,1,0,0,0,2,0,0,0,1,0,1,0,0,0,0,0,0,0,0,0,1
0,1,1,1,1,1,0,1,0,0,1,0,0,0,1,0,0,0,1,0,0,0,0,1,2,0,0,0,0,0,0,1,0,0,0,1,1,0,0,1,0,0,2,0,0,0,0,0,2,0,0,1,0,0,0,2,1,1,0,0,0,0,1,0,1,191,255,190,0,1,0,0,0,1,1,0,1,0,0,0,2,0,0,1,0,1,0,0,0,1,2,1,0,255,255,255,64,0,1,0,1,0,0,0,0,0,0,0,1,0,0,0,0,1,0,0,1,1,0,1,1,255,255,255,127,0,0,1,0,1,0,2,0,0,1,0,0,0,0,0,0,2,0,0,0,1,0,1,129,254,254,253,1,2,0,0,0,1,0,1,1,0,0,2,0,1,1,0,2,1,1,1,0,0,0,2,189,253,255,255,0,0,0,2,0,1,0,0,0,0,1,2,1,0,0,0,0,0,0,1,0,1,0,1,255,253,255,255,0,1,0,0,1,0,0,0,0,0,1,2,0,1,0,0,1,0,0,0,1,0,0,127,255,255,254,255,0,0,0,0,0,0,1,0,0,0,1,0,1,0,1,2,1,0,0,0,0,0,0,127,255,254,255,255,0,0,0,0,0,0,1,0,0,0,1,0,0,2,0,0,0,0,0,1,0,0,0,128,254,255,255,129,0,0,0,0,0,0,127,128,129,128,0,0,0,0,0,2,0,2,0,0,1,0,0,128,255,255,255,127,1,0,1,1,66,193,255,254,255,254,190,0,1,0,0,0,0,0,1,0,0,0,1,128,255,254,254,129,0,0,0,64,254,255,255,255,255,255,255,192,0,0,0,0,0,1,0,1,0,0,0,1,255,255,255,255,1,0,64,253,254,255,254,190,65,192,255,254,0,0,1,0,0,0,0,0,1,0,1,0,254,254,252,255,0,3,189,255,255,255,191,1,0,126,253,255,0,0,0,1,0,0,0,0,0,0,0,0,127,255,254,255,130,63,255,254,254,255,0,1,2,127,255,255,1,0,1,0,1,0,0,2,1,0,1,0,1,255,255,255,254,191,255,254,254,63,0,0,0,192,255,254,0,1,0,0,0,0,0,0,0,0,0,2,0,192,255,255,255,255,254,255,126,0,0,0,1,254,255,255,1,1,0,1,0,1,0,0,0,1,0,1,1,0,193,254,255,254,254,255,255,64,0,0,190,255,255,128,1,1,0,0,0,0,0,0,2,0,2,0,1,0,0,128,255,253,254,255,255,254,254,255,255,255,255,64,1,0,0,0,0,0,1,0,1,0,0,1,0,0,0,0,64,192,254,255,255,255,255,255,254,193,65,0,0,0,1,0,1,0,0,0,0,0,1,0,0,0,0,0,1,0,66,127,255,255,255,254,192,2,1,0,0,0,0,0,0,0,0,0,2,0,1,1,2,2,1,1,0,2,1,0,1,0,0,0,1,3,0,0,0,0,2,0,1,0,0,0,1,1,0,0,1,0,0,0,1,0,0,0,1,0,1,0,0,2,0,0,1,0,2,0,0,2,1,0,0,1,0,1,0,0,0,0,1,0,0,0,0,0,1,0,0,0,0,0,0,0,0,0,0,0,0,0,0,0,2,0,0,0,0,1,0,0,0,1,1,0,0,1,0,0,0,2,1,1,0,0,0,0,0,0,1,1,1,0,0,0,0,1,0,0,0,1,0,2,1,0,0,2,0,1,0,1,0,1,0,0,2,1,0,0,0,1,0,1,0,1,0,0,0,0,0,0,1,0,0,1,1,0,0,0,0,0
1,0,0,0,0,1,0,0,1,0,0,1,0,1,0,0,0,1,2,2,2,0,1,0,0,0,1,1,0,2,1,0,0,0,1,0,1,0,0,0,1,1,0,1,1,0,0,0,0,0,0,0,0,1,0,0,1,0,0,0,1,0,0,0,2,0,0,0,2,0,1,0,0,0,0,1,0,1,0,0,1,1,0,0,0,0,1,0,0,0,0,0,0,2,0,0,126,192,192,64,1,0,1,1,1,1,1,0,1,2,1,0,0,0,0,0,2,0,0,0,0,1,129,255,255,255,191,126,189,0,0,0,0,1,0,0,2,0,0,0,0,0,2,0,2,0,0,0,65,192,255,255,255,255,255,255,254,126,0,0,0,0,1,0,0,0,3,1,0,0,0,0,0,2,0,0,130,253,255,255,255,255,255,253,255,128,0,0,1,0,0,0,0,0,0,0,1,0,0,0,0,0,0,1,255,255,255,191,0,127,255,255,255,193,0,1,0,1,1,0,0,0,1,0,0,0,0,0,1,2,2,128,255,254,255,128,1,1,63,65,131,1,0,0,1,2,1,0,1,0,1,0,0,0,0,0,0,0,0,191,255,255,255,65,0,0,0,3,0,0,0,1,0,1,1,1,0,0,0,1,1,0,0,0,0,0,0,255,255,255,255,0,0,0,0,1,0,1,0,1,1,0,1,0,0,0,0,0,0,1,0,0,0,0,1,253,255,253,255,1,0,0,1,1,2,1,1,0,0,2,0,0,0,1,0,1,0,0,0,1,0,0,0,191,255,255,254,65,0,0,2,127,129,130,128,129,0,0,0,0,1,2,0,0,0,0,1,0,1,1,65,255,255,255,254,255,65,0,191,255,255,255,255,253,255,191,128,0,0,0,0,0,0,0,0,1,2,1,0,189,255,255,255,255,254,255,255,255,255,255,252,254,254,255,253,64,1,0,0,1,0,0,0,0,2,0,0,190,255,255,255,254,255,255,255,255,254,127,255,255,254,255,253,254,63,1,0,1,0,0,1,0,0,0,0,64,255,255,255,255,255,255,189,130,1,1,64,254,255,255,254,255,127,0,1,0,0,0,0,0,0,1,1,0,191,255,254,255,255,253,1,0,0,0,0,0,192,254,255,255,189,0,1,0,1,0,0,0,0,0,0,0,65,191,255,254,254,255,253,190,65,127,63,128,254,254,253,255,128,0,1,1,2,0,0,0,0,0,3,1,1,129,255,255,255,255,255,255,255,254,255,255,255,255,254,63,0,1,0,2,1,0,0,0,0,0,0,0,0,0,129,255,255,255,254,254,255,255,255,255,254,255,190,0,0,0,0,0,0,0,0,0,1,0,0,2,0,0,0,63,189,254,255,254,253,255,255,255,190,128,0,0,0,0,2,1,0,0,0,2,1,1,1,1,0,0,0,0,0,128,65,0,128,190,130,129,1,0,0,0,0,0,1,0,0,0,0,3,1,0,1,0,0,0,0,1,0,1,0,0,0,0,1,0,0,1,0,1,1,1,0,1,1,1,0,0,1,0,0,1,1,1,1,0,2,0,0,1,0,2,0,0,0,1,1,0,2,1,0,0,0,1,0,0,0,1,0,0,1,0,0,0,1,0,0,0,0,0,1,0,0,0,0,1,0,0,1,0,0,0,0,1,0,1,0,0,0,0,0,0,0,0,1,0,1,0,0,0,1,0,0,0,1,1,1,1,0,0,0,0,0,0,0,0,0,0,0,0,0,0,0,0,1,0,0,0,1,0,0,1,0,1,0,0
0,1,0,0,1,1,0,0,0,0,0,0,1,0,0,1,1,0,0,0,0,0,1,0,0,0,2,1,1,0,0,0,1,0,0,0,0,1,0,0,0,1,0,0,1,2,0,0,0,0,0,2,0,1,0,0,0,0,0,0,1,1,0,0,0,0,0,0,0,1,1,0,0,1,1,1,0,1,0,0,1,1,0,2,1,0,0,0,1,0,0,1,1,0,1,0,62,215,252,195,29,0,0,2,0,0,0,1,3,0,0,0,0,1,1,0,1,0,0,0,1,0,0,84,222,253,251,252,50,0,0,0,0,1,1,0,2,0,0,0,1,0,0,0,0,0,1,1,0,0,40,215,251,255,255,124,0,0,0,0,0,1,0,0,0,0,0,0,1,0,2,1,0,0,1,0,1,19,223,253,252,234,70,0,1,0,0,0,0,1,0,0,0,0,0,0,0,0,0,0,1,0,0,0,0,172,254,254,233,82,1,0,1,1,0,0,0,1,1,1,0,0,0,1,1,1,0,0,0,1,1,0,123,253,252,253,111,0,0,1,0,1,0,1,0,0,0,0,1,0,0,0,1,1,0,1,2,0,0,33,234,253,253,141,0,0,2,0,0,0,0,0,0,1,0,0,0,2,1,0,2,0,0,0,0,1,0,92,253,253,253,62,0,1,0,0,0,0,0,0,1,0,0,0,0,0,0,0,0,0,1,0,1,0,0,152,252,255,170,0,0,0,0,0,0,0,1,0,0,0,2,0,0,0,1,1,0,1,0,0,0,0,40,232,253,254,52,0,0,0,1,0,0,2,39,101,102,42,1,0,0,0,0,0,0,0,1,0,1,0,100,254,253,254,51,0,0,0,0,12,131,255,253,255,253,255,170,21,1,1,0,1,1,0,0,0,0,1,18,253,254,254,50,0,0,2,41,212,253,254,251,251,253,252,251,103,0,1,0,0,0,0,0,0,0,0,0,253,254,253,51,0,0,51,234,255,254,255,172,133,252,253,253,101,1,0,0,0,0,0,0,2,0,1,0,212,253,253,88,1,82,232,253,254,212,91,10,92,254,254,251,104,0,0,0,1,0,0,0,0,1,2,1,152,254,254,255,113,193,251,253,224,19,0,61,255,252,255,235,0,0,0,1,1,0,0,0,0,0,0,0,71,253,253,253,254,254,253,251,81,0,83,222,254,251,253,70,0,1,0,0,0,0,0,0,0,0,0,0,22,182,255,252,253,254,254,253,254,253,255,254,255,253,122,0,0,0,0,0,1,2,0,0,0,0,0,0,0,1,114,194,255,252,253,253,252,251,255,251,253,170,1,0,2,0,0,0,0,0,1,0,1,0,0,1,0,0,1,1,81,244,254,253,254,254,224,102,83,0,0,0,1,0,1,0,0,0,0,0,0,0,0,1,0,0,0,0,1,40,253,251,131,50,41,0,0,0,0,0,2,0,0,0,0,1,0,0,1,0,0,1,1,0,0,0,2,0,0,0,0,0,0,1,0,1,1,1,0,0,0,0,0,0,0,0,1,2,0,0,1,1,2,0,0,0,1,0,1,0,1,0,1,0,0,1,0,1,2,0,0,0,1,0,0,1,1,0,0,1,2,1,0,0,0,1,0,1,0,0,1,0,0,0,0,0,1,1,0,0,0,0,0,1,1,0,0,3,1,0,0,0,0,0,1,1,2,0,0,1,0,0,0,0,1,1,2,0,0,0,0,0,1,0,0,0,0,0,0,2,0,0,0,0,0,0,1,1,1,0,1,0,0,2,1
0,2,0,1,0,0,1,0,0,0,0,0,0,0,0,2,0,0,0,0,0,0,0,0,0,0,0,2,1,1,2,0,0,0,0,0,2,2,0,0,1,1,0,0,0,0,0,0,0,0,1,0,0,0,0,0,0,1,0,1,0,2,1,1,0,1,1,1,0,1,1,0,0,0,1,1,0,0,0,0,0,1,0,0,1,0,0,1,1,0,0,0,0,0,1,0,0,0,1,0,0,0,0,0,0,0,0,1,0,1,0,1,0,1,0,1,2,0,0,0,0,2,0,0,2,0,0,0,1,0,0,3,0,0,0,0,0,0,2,0,0,2,0,0,1,1,0,0,1,0,1,0,1,0,2,1,0,0,0,0,0,0,0,0,0,0,0,1,1,1,0,0,0,0,1,0,7,35,34,119,222,128,32,52,20,28,0,2,1,0,1,0,2,0,0,2,1,0,1,0,1,0,0,125,193,253,253,250,250,218,221,142,222,244,175,175,93,0,0,1,1,0,0,0,1,0,0,2,0,30,192,251,252,250,252,251,250,251,205,233,250,252,231,231,129,91,0,2,0,0,0,1,1,2,2,0,0,1,201,241,206,120,115,28,121,121,122,120,169,123,110,200,195,202,241,32,0,0,2,0,0,0,1,0,0,0,34,43,0,0,0,0,0,0,0,0,0,21,233,184,251,252,252,56,1,0,1,0,0,0,0,2,1,1,1,0,0,0,0,0,0,0,0,0,1,148,252,253,253,252,252,105,0,0,0,0,0,0,2,1,0,3,0,1,2,0,60,6,60,59,23,74,211,247,253,242,246,240,128,3,0,0,0,0,0,0,0,0,0,0,2,0,0,0,233,209,252,251,212,251,251,142,222,45,43,0,0,0,0,0,0,1,1,0,0,0,0,0,0,1,1,0,159,222,252,252,253,252,221,43,23,2,0,0,0,0,1,0,0,0,0,0,0,2,0,0,0,0,1,0,1,135,177,253,253,223,40,0,1,2,0,0,0,1,0,0,1,0,1,0,0,1,0,0,0,0,0,0,2,0,0,48,254,99,20,0,0,0,1,0,0,0,0,0,1,1,1,0,1,0,0,0,0,1,0,0,0,0,0,0,252,251,153,0,0,0,0,1,1,0,0,0,0,1,1,0,1,0,0,0,2,0,1,0,0,0,30,146,253,251,154,0,0,0,0,0,0,0,0,0,1,2,1,0,0,0,0,0,0,0,1,2,0,15,85,246,244,250,95,0,0,0,0,0,2,0,1,0,1,0,0,0,0,1,0,1,1,0,2,1,33,217,227,241,215,209,14,1,0,0,0,0,0,0,1,1,0,3,1,0,0,1,0,1,1,0,18,126,226,251,219,236,252,100,2,0,0,0,0,0,0,0,0,0,0,0,0,0,0,0,0,0,1,0,57,245,251,252,251,98,232,41,2,1,0,0,0,0,0,0,1,0,0,1,0,0,0,0,75,74,29,43,92,137,216,224,126,14,43,1,2,0,1,0,0,0,0,0,0,1,0,1,0,0,0,1,144,253,148,249,251,250,136,26,0,1,0,1,1,1,0,2,0,0,1,0,1,1,1,1,1,0,0,0,32,66,33,243,252,214,25,0,1,0,0,0,0,1,0,0,0,0,1,2,0,0,1,0,2,0,1,1,0,0,1,0,1,0,0,0,0,1,0,1,0,0,1,1,0,0,0,0,2,0,0,0,0,1,0,0,2,1,0,2,0,1,0,0,0,0,0,0,0,0,0,0,0,0,0,1,0,0,0,0
0,0,1,0,0,0,0,0,0,0,2,1,0,1,0,0,1,0,0,1,0,1,0,0,2,0,1,0,0,0,0,0,1,0,0,0,0,1,0,0,1,0,0,0,0,0,2,0,0,0,0,1,1,0,0,1,0,0,1,0,2,0,1,0,2,0,0,1,0,0,0,1,0,0,1,0,1,0,0,1,0,0,0,0,0,0,2,0,0,0,1,0,0,0,1,0,0,0,1,0,0,0,0,0,0,0,0,0,0,0,0,0,0,3,0,0,0,0,1,1,0,1,0,0,0,1,0,0,1,0,0,1,1,0,0,0,1,0,1,0,0,0,0,0,0,2,0,2,0,0,0,1,0,0,0,1,0,0,0,0,0,0,0,1,0,2,0,0,0,0,0,1,0,1,0,1,0,0,63,127,255,255,255,253,255,255,255,191,128,2,0,1,2,0,0,1,0,1,1,0,0,0,0,1,63,255,255,255,255,253,255,254,254,254,255,255,255,129,0,0,0,0,1,2,1,2,0,1,1,1,0,1,255,255,255,255,127,128,129,0,63,128,126,190,255,255,1,0,0,1,0,1,0,0,0,0,0,0,2,130,254,255,255,254,254,192,128,1,1,0,0,190,255,255,0,1,0,1,0,0,0,1,0,0,0,1,0,1,255,255,255,255,255,254,255,191,64,0,192,255,255,65,0,2,0,0,0,0,0,1,0,0,1,1,0,0,64,253,255,254,254,254,255,255,191,191,255,255,190,0,2,0,0,2,0,1,0,1,1,0,1,0,0,1,2,1,127,255,255,255,255,255,255,255,254,190,1,0,0,1,0,0,0,0,0,0,2,0,0,0,0,0,1,0,0,0,0,128,255,255,255,254,254,126,0,0,0,0,0,0,2,1,1,1,0,0,0,0,0,1,0,0,0,1,0,192,254,254,253,255,254,63,0,0,1,1,0,0,1,1,1,0,1,0,0,0,0,0,0,0,2,0,64,255,255,192,191,255,255,128,0,0,0,0,0,0,0,0,0,0,1,1,0,3,1,3,1,0,0,65,254,255,190,0,0,255,254,131,1,0,0,0,1,1,1,1,2,1,0,0,1,0,2,0,2,2,64,254,255,128,1,0,0,254,255,128,1,2,1,0,0,0,0,1,0,0,0,1,0,0,0,0,0,0,191,255,190,1,2,0,0,254,255,126,0,0,0,1,0,0,0,0,0,0,2,0,1,0,2,0,0,128,255,255,0,0,1,0,0,255,255,1,0,0,0,1,1,0,0,0,1,0,0,0,0,0,0,0,2,191,255,253,0,0,0,2,66,255,191,0,0,0,0,0,0,0,0,2,0,0,0,1,1,1,2,0,0,255,254,128,0,0,0,0,126,255,0,0,0,0,0,0,1,0,1,1,1,0,0,0,0,0,0,1,0,255,255,192,1,0,2,128,255,255,1,1,0,1,1,0,0,0,0,2,0,0,0,0,0,2,0,2,0,129,254,255,191,127,193,255,253,191,0,0,0,0,1,0,0,2,0,0,0,0,0,0,0,0,0,0,1,0,255,255,254,255,254,255,191,1,0,0,0,0,0,1,0,0,0,0,0,1,0,0,1,0,0,2,3,0,0,127,253,255,255,127,0,1,0,0,0,0,0,0,0,0,0,0,0,0,0,0,0,0,0,0,0,1,0,1,0,0,0,0,0,1,1,1,0,0,2,0,0,0,2,2,1,0,0,0,1,1,0,0,0,0,0,0,2,0,0,0,1,0,0,0,0,0,0,0,0,0,0,1
0,0,0,0,1,0,0,0,1,0,2,1,0,0,0,0,1,0,0,0,1,0,1,0,1,0,1,0,0,0,0,0,1,1,0,2,1,0,0,1,1,0,0,0,0,0,0,0,0,1,0,0,0,0,1,0,0,0,1,0,1,0,1,1,0,1,0,1,0,0,0,0,0,2,0,1,0,0,1,1,0,0,0,0,0,0,0,3,0,1,0,0,0,0,2,0,1,0,0,0,0,0,0,0,0,0,1,1,0,0,1,1,1,0,0,0,0,0,2,0,0,0,0,0,0,0,0,0,0,1,0,0,1,1,1,1,1,0,0,0,0,1,2,0,0,1,0,0,0,1,0,1,12,134,214,254,194,115,22,2,0,0,0,0,1,0,0,0,0,0,0,0,2,0,0,0,1,1,0,7,176,252,254,254,216,253,224,166,85,0,0,2,1,1,0,0,0,0,1,0,0,0,0,0,1,0,0,116,253,236,91,9,6,126,222,253,253,215,77,0,2,0,0,0,0,0,2,0,0,0,0,0,1,0,0,121,252,111,1,0,1,1,8,67,236,255,139,1,0,0,0,0,0,2,0,1,1,0,0,0,0,1,1,118,254,50,2,0,2,1,0,2,229,253,140,1,1,0,0,0,0,0,0,0,0,2,2,1,0,1,1,90,253,145,0,1,0,1,1,53,234,255,67,1,1,0,0,0,0,1,0,0,0,0,1,1,0,0,0,9,214,150,0,8,1,7,84,246,251,99,4,0,0,0,0,0,0,1,0,1,1,2,1,0,1,0,0,11,221,253,167,202,109,172,253,254,98,1,0,0,0,0,0,0,1,0,0,0,2,1,0,1,2,1,35,160,255,253,253,253,253,253,237,73,3,2,1,0,1,0,2,0,0,1,0,0,2,1,1,0,0,101,223,252,254,255,233,233,252,178,6,1,0,1,2,0,1,0,0,0,1,0,0,0,1,0,0,1,34,241,253,208,179,252,253,255,179,14,0,0,0,0,0,0,0,1,2,0,0,1,1,0,0,0,0,19,224,254,123,2,27,230,254,253,164,0,0,1,0,1,1,0,0,0,0,0,1,0,1,0,1,0,0,38,252,231,18,0,1,98,253,102,52,0,0,2,0,1,1,0,1,1,0,0,0,0,0,1,0,0,1,134,252,228,0,0,0,5,253,50,0,0,0,1,1,2,0,0,1,0,1,0,0,1,0,1,0,0,0,141,252,153,0,0,1,5,253,51,1,0,0,2,3,0,1,1,1,2,0,0,0,0,1,0,0,0,0,91,251,130,1,0,1,5,252,143,0,0,0,0,0,1,0,0,1,0,0,0,2,0,1,0,1,0,0,38,252,244,54,0,2,34,253,128,0,0,0,2,0,0,1,0,0,0,1,1,1,0,0,0,1,0,0,21,219,254,155,24,11,157,253,51,0,0,0,0,0,1,0,1,1,1,0,1,0,0,0,0,0,1,0,1,31,240,253,252,252,252,196,19,1,0,0,0,1,1,0,0,0,2,0,0,0,0,0,0,0,0,0,1,0,54,180,252,251,165,17,3,0,0,0,1,0,0,0,0,0,0,0,0,0,0,0,0,0,0,0,0,0,0,1,0,2,0,0,1,0,1,0,1,0,0,0,0,0,0,0,1,0,0,0,0,1,1,0,0,0,0,0,0,0,0,1,0,0,0,1,1,0,0,2,1,0,1,0,0,1,0,2,1,0,0,0,0,0,0,0,3,0,0,0,0,0,0,0,0,1,1,0,1,0,0,0,0
0,0,0,2,0,1,0,0,0,0,0,1,0,1,0,1,1,0,0,1,2,0,1,1,1,0,0,1,0,1,2,0,4,0,0,1,0,0,0,0,0,0,0,0,1,0,0,1,0,0,0,1,0,1,0,2,0,0,0,0,0,0,0,0,0,0,0,1,1,1,0,0,0,0,1,0,0,1,0,1,0,1,0,0,0,0,0,2,0,0,0,0,1,0,0,2,0,0,1,0,2,0,0,0,0,2,1,1,1,0,0,0,0,0,1,0,0,1,0,2,0,0,0,0,0,1,0,0,0,0,0,0,0,0,0,0,3,0,1,1,0,0,1,0,0,0,0,0,1,1,2,4,7,7,7,6,2,1,0,0,0,0,1,1,3,0,0,0,0,0,0,0,0,0,0,0,9,90,137,214,252,255,255,254,163,26,0,1,0,0,0,0,0,0,0,0,0,0,1,0,0,0,17,144,207,254,255,254,253,255,255,253,254,127,4,0,0,0,0,1,0,0,0,0,0,0,0,1,1,15,206,254,253,254,239,148,106,105,103,206,254,253,55,1,1,0,1,0,0,1,1,0,1,0,0,0,0,205,255,255,236,208,35,0,1,3,2,68,255,255,167,0,1,0,0,0,1,0,0,0,0,2,2,2,1,177,255,235,89,0,1,0,0,0,0,70,255,253,167,0,0,0,1,0,0,0,0,0,1,0,2,1,1,47,85,39,0,2,1,1,1,0,0,149,253,255,168,0,0,0,0,0,0,0,0,1,0,1,0,0,0,1,0,0,0,0,0,0,0,0,1,193,255,253,166,1,0,0,2,0,0,0,2,0,1,0,0,0,0,0,2,0,0,0,1,0,0,1,69,237,254,254,81,1,1,0,0,0,1,1,0,1,0,0,0,0,1,1,0,1,1,0,1,0,0,0,187,255,253,164,14,1,0,0,1,0,0,1,0,0,0,0,1,0,0,0,0,0,0,0,0,0,1,43,239,255,255,50,0,2,0,1,2,0,0,0,0,0,0,0,0,0,0,1,1,1,0,0,1,1,15,176,254,255,159,11,1,0,0,0,0,0,0,0,0,0,1,0,2,0,2,1,0,2,0,0,0,2,90,253,252,199,11,0,0,0,0,1,0,0,0,0,1,0,0,0,2,1,0,0,0,0,1,0,0,139,241,254,255,143,0,0,1,2,0,36,90,145,213,1,0,0,0,1,1,0,0,1,0,0,0,13,112,242,254,254,255,131,95,92,136,218,218,235,254,212,98,0,2,0,0,1,0,0,1,0,1,0,2,81,255,252,254,254,254,255,253,254,253,253,252,165,152,21,0,0,0,1,1,1,1,0,0,1,1,0,2,156,254,254,254,254,255,253,255,253,166,101,25,3,1,0,1,0,0,0,1,0,1,0,1,0,0,0,1,40,254,255,255,254,227,142,104,16,2,1,1,0,0,0,0,2,0,1,0,1,0,2,0,0,0,0,0,3,31,114,74,12,8,0,0,0,1,0,1,0,0,0,0,0,0,0,1,1,0,0,0,0,0,0,0,0,0,0,0,1,0,0,1,0,0,0,0,1,0,0,1,0,1,1,2,0,0,0,0,0,0,1,0,0,0,0,0,0,0,1,1,1,0,1,0,0,1,0,0,1,3,1,0,0,1,0,0,0,1,0,0,0,2,1,0,0,2,1,1,1,0,0,0,0,0,0,0,0,0,0,0,0,1,0,0,0,0,0,0,0,1,2,0,1,0,0,0,1,0,0,2,0,0,1,1,1,0,0
1,0,0,0,0,0,0,0,0,0,0,1,0,0,0,1,0,1,0,0,0,0,1,1,1,1,0,1,2,0,0,0,0,0,0,1,0,0,0,0,0,3,0,0,0,0,2,1,1,0,0,0,1,0,1,1,0,0,0,0,0,0,2,0,0,0,0,1,0,0,0,2,0,0,0,0,0,0,0,1,1,0,0,0,2,0,0,0,1,1,1,1,0,0,0,2,0,0,1,0,0,1,2,0,0,0,0,0,0,0,1,1,1,0,0,0,0,0,3,0,1,0,0,1,1,0,1,1,0,0,0,0,0,0,2,1,0,2,0,0,0,0,0,0,0,0,2,1,0,0,1,0,1,0,0,1,0,0,0,0,0,0,0,0,0,0,0,0,1,2,1,0,0,0,0,1,0,0,2,128,126,125,127,127,130,128,127,190,255,126,64,0,2,1,1,1,1,2,0,0,0,0,1,0,0,193,253,254,253,255,255,254,255,254,255,254,255,255,253,0,0,0,0,0,0,2,0,1,1,0,0,0,0,255,254,253,255,254,255,255,255,255,253,255,255,255,190,2,0,0,0,0,1,0,0,1,1,0,0,1,0,130,191,127,128,128,127,65,129,129,190,255,252,253,64,0,0,0,0,2,1,0,0,0,0,2,1,0,0,0,0,1,0,0,1,0,0,0,192,255,255,128,0,0,1,0,0,1,0,0,0,0,0,0,0,0,2,0,1,0,0,1,2,1,0,191,255,255,191,0,0,2,0,0,1,0,0,0,1,0,0,0,1,0,0,1,0,0,3,1,2,0,130,254,254,255,0,0,0,0,0,0,0,0,0,0,0,0,1,2,2,1,0,0,0,0,0,0,1,189,255,254,255,255,254,191,128,0,0,0,0,0,0,0,0,0,0,0,1,0,1,64,129,128,128,190,255,255,255,254,255,254,128,64,1,0,0,1,0,0,1,2,0,1,0,0,0,65,255,255,254,255,255,255,255,255,255,190,128,2,0,0,0,0,1,2,1,0,0,1,1,0,0,0,0,127,254,254,255,255,253,254,253,255,255,0,0,0,0,1,0,0,1,0,0,0,0,0,0,0,0,1,0,0,190,255,64,1,129,255,255,254,62,2,0,0,1,0,0,1,1,0,0,2,0,1,1,1,0,1,0,0,0,190,0,0,190,255,255,65,0,0,0,1,1,0,0,0,0,0,0,1,1,2,2,0,0,0,3,0,64,193,1,190,255,255,129,0,1,0,2,0,0,0,0,0,0,1,1,2,0,1,1,0,0,0,0,0,255,131,64,255,255,191,0,0,1,0,0,2,0,0,0,2,0,0,0,0,0,0,0,0,0,0,0,64,254,63,191,255,191,0,0,0,0,0,0,0,0,1,2,0,1,1,0,0,2,0,0,1,0,0,65,255,190,254,255,192,63,0,0,0,0,0,0,0,1,2,0,0,0,0,1,0,1,0,0,0,0,0,128,254,255,254,255,1,0,1,1,0,0,0,0,1,0,1,0,1,1,0,0,0,0,0,0,0,0,0,130,253,254,189,0,1,0,2,0,1,1,1,0,0,0,0,1,1,1,0,2,0,1,2,0,1,0,2,129,253,192,66,0,2,0,1,0,1,0,0,0,2,0,1,0,0,0,1,0,2,1,1,0,0,0,0,1,0,0,2,0,0,0,2,0,1,0,0,0,0,0,0,1,1,1,1,0,0,0,1,0,1,0,0,1,0,0,0,0,0,1,1,0,1,0,0,1,0,0,1,1,0,2,0,0,0
0,1,1,0,0,0,0,2,0,0,0,2,3,0,2,0,0,0,0,0,0,0,0,0,0,1,0,0,0,0,1,0,0,1,0,0,0,0,0,0,0,2,0,0,1,3,0,1,0,0,0,0,0,1,0,0,0,0,0,0,0,0,0,1,1,0,0,0,1,0,0,1,0,0,0,0,1,0,0,0,0,1,0,0,0,0,0,1,1,0,0,0,0,0,1,1,0,1,0,0,0,0,0,0,0,0,0,1,0,1,0,2,0,0,0,0,0,0,0,2,0,0,0,1,0,1,0,0,1,0,0,2,1,1,0,0,0,0,1,0,3,0,2,0,1,0,0,0,1,1,0,0,0,95,127,169,63,0,2,0,0,0,0,0,1,1,1,0,0,0,1,0,0,0,1,0,0,20,94,217,217,246,251,253,238,217,197,31,1,2,0,1,0,0,0,0,0,0,0,0,0,0,1,22,37,179,252,254,253,251,226,154,252,253,252,210,1,0,1,0,1,0,0,0,1,0,0,1,0,0,21,206,251,251,251,252,253,253,131,0,254,171,251,252,0,2,1,1,0,0,0,0,0,0,0,0,2,0,181,253,251,251,238,142,82,0,0,0,0,0,106,142,3,0,1,0,0,2,0,0,0,1,2,1,0,0,181,251,252,252,174,0,0,2,0,0,0,0,0,1,1,1,1,1,0,1,0,0,0,0,1,1,0,0,74,234,252,252,175,0,0,1,0,0,0,0,0,0,0,0,0,0,0,0,0,0,0,0,0,1,0,0,0,145,252,253,236,144,1,0,0,0,0,0,0,1,0,0,2,1,1,0,0,0,1,1,0,0,0,0,0,1,144,240,253,252,255,252,232,47,0,0,0,0,0,1,0,0,1,0,0,0,0,0,2,1,0,2,1,1,0,70,232,255,254,251,253,230,73,10,0,1,0,1,1,0,1,1,0,0,0,0,0,1,0,0,0,0,0,0,71,216,232,250,251,252,255,190,73,0,0,1,1,0,0,0,0,0,0,0,1,0,0,0,0,0,1,1,0,0,46,149,252,252,255,252,234,61,0,1,0,0,0,1,0,0,2,0,0,0,1,0,1,1,0,0,0,0,0,0,85,85,254,253,253,251,108,15,2,1,1,1,0,0,1,0,0,1,0,1,0,0,0,0,0,0,0,0,1,1,35,159,230,252,254,159,0,1,1,0,0,1,2,1,0,1,0,0,2,1,0,0,0,0,0,1,0,1,0,0,181,250,253,177,0,1,0,0,0,1,2,0,0,0,1,1,0,0,0,0,0,0,1,0,1,0,0,42,221,253,252,179,0,1,1,0,0,0,0,1,0,0,1,0,0,0,0,0,0,0,1,0,0,64,171,254,254,252,207,19,1,0,1,0,0,0,0,0,0,1,1,0,0,0,176,215,197,155,217,92,174,235,255,253,252,252,103,0,0,1,0,0,0,1,0,0,0,0,0,0,0,0,30,112,216,236,254,254,252,251,253,220,215,215,0,0,1,0,2,0,0,1,0,0,0,0,0,0,0,1,0,0,1,61,169,128,191,109,192,15,0,0,0,0,0,0,0,0,0,0,0,0,0,0,1,1,0,1,0,0,1,2,1,0,2,0,0,0,1,1,0,0,0,0,0,0,1,1,0,2,0,0,0,1,0,0,0,0,0,1,0,0,0,0,0,0,0,0,0,0,0,0,0,0,0,1,1,0,1,0,0,0,1,0,0,0,0,0,2,0,0,0,1,0,1,0,0,1,0,0,1,1,0,0
0,0,1,0,1,1,0,1,1,1,0,0,0,0,0,0,1,2,1,0,0,2,0,0,1,0,1,1,0,1,0,1,0,0,0,0,0,0,1,0,0,0,1,1,0,0,0,0,0,0,0,0,0,0,0,0,0,0,0,2,0,3,0,0,0,0,0,0,0,1,0,0,0,0,0,0,0,0,0,0,0,0,0,0,0,1,1,1,1,0,2,0,0,0,0,0,0,0,0,0,1,1,0,1,1,2,0,0,0,0,0,0,0,0,0,1,1,0,0,0,0,0,0,0,0,0,0,0,0,0,0,0,1,0,1,0,0,0,0,0,0,0,0,1,0,0,0,0,1,2,0,0,0,1,46,131,149,185,254,252,247,50,1,0,2,0,0,0,0,1,0,1,0,0,0,0,0,1,0,47,93,140,251,254,254,222,172,254,253,82,0,0,2,1,0,0,1,0,0,0,0,0,1,0,0,28,170,250,254,253,196,115,55,8,105,254,249,72,0,0,0,0,0,0,0,0,0,1,0,1,1,0,0,207,253,208,66,66,1,0,0,99,252,252,79,2,1,0,0,0,0,0,0,0,3,1,0,1,0,0,35,218,156,24,0,0,0,1,91,249,250,121,3,1,1,0,0,0,1,0,0,0,0,1,0,1,0,2,2,1,29,0,0,0,1,30,219,252,193,1,0,0,0,1,0,0,1,0,0,0,0,0,1,0,0,0,0,116,238,84,6,1,4,152,252,211,22,0,0,2,2,0,1,0,0,0,0,1,0,0,1,0,0,2,0,56,235,254,154,31,183,253,202,57,0,0,0,0,0,0,1,1,2,0,1,0,0,0,0,0,0,0,0,1,131,252,243,232,253,165,18,0,1,1,1,0,0,0,0,0,0,0,0,1,0,1,0,1,0,1,1,1,1,159,252,255,222,21,1,0,0,0,1,1,0,0,0,0,0,0,0,0,0,0,2,0,0,0,1,0,29,215,253,253,243,82,0,0,0,1,1,0,0,0,0,1,0,1,0,1,0,1,0,2,1,1,0,5,186,253,219,26,237,251,65,0,0,0,0,1,0,0,0,2,1,0,0,1,0,0,0,1,0,0,0,104,254,248,83,0,60,235,218,45,0,1,0,0,0,1,0,0,0,0,0,0,0,0,0,0,0,0,0,228,253,140,0,0,1,136,253,159,0,0,1,0,1,0,0,0,0,2,2,1,1,1,1,0,0,0,60,248,230,51,0,1,0,0,175,229,44,0,1,0,0,0,1,0,1,0,0,1,0,0,0,0,0,0,83,254,95,1,0,0,0,1,145,253,211,1,1,0,0,0,0,0,1,0,1,1,1,0,0,1,0,0,61,248,231,50,0,0,1,0,145,252,223,0,0,0,2,0,0,1,1,0,0,1,0,0,0,0,0,1,0,228,253,238,192,115,115,115,193,254,171,0,0,0,0,0,0,1,0,0,1,0,1,0,0,0,0,0,0,48,164,245,251,251,252,252,253,175,6,0,0,0,2,0,1,1,1,0,2,0,0,0,1,0,1,1,0,0,2,88,150,152,253,172,92,14,0,0,0,0,1,0,0,1,1,0,3,1,0,1,0,0,0,0,1,0,0,0,0,0,1,0,0,1,0,0,0,0,1,0,1,0,0,0,2,1,0,0,0,0,0,1,0,0,1,0,0,0,1,0,0,0,0,0,0,0,0,1,0,0,0,0,0,0,0,0,0,0,0,0,0,0,1,1,0,0,1,1,1,0,1,1,0,1,0,0,1,0,1,0
0,0,1,0,0,0,0,1,1,0,1,0,1,1,0,0,0,1,0,0,0,0,1,1,2,1,0,0,0,1,2,1,0,0,2,1,0,0,2,0,0,0,0,0,1,0,0,0,0,1,0,2,1,1,0,0,1,1,0,0,0,0,0,0,0,1,0,1,0,0,0,0,0,0,2,1,0,0,0,1,0,0,1,0,0,1,3,2,1,1,1,0,1,0,0,2,0,1,0,0,1,0,0,1,0,0,1,0,0,0,2,0,0,1,1,0,1,1,0,0,0,0,2,0,0,2,1,0,0,2,1,0,0,0,0,1,1,0,1,2,0,1,0,0,0,0,0,0,1,1,1,0,0,0,1,1,0,2,2,0,0,0,1,0,0,0,0,0,0,1,0,0,0,0,0,0,0,0,1,0,0,0,1,0,0,0,1,0,1,3,0,1,2,0,1,0,0,0,1,0,0,0,0,1,1,0,1,0,144,157,255,245,194,138,14,0,0,2,0,0,1,1,1,0,0,0,0,0,0,1,0,0,0,2,3,119,247,232,175,134,202,250,105,1,0,0,0,0,0,1,0,0,0,0,0,0,0,0,0,0,0,0,89,254,114,1,1,0,1,72,48,0,0,0,0,0,1,2,0,1,0,0,0,0,2,1,0,1,0,33,223,116,1,0,0,0,0,52,233,92,0,2,2,0,2,1,0,0,0,0,1,2,0,0,0,1,0,97,193,1,0,1,0,1,1,213,254,60,0,1,0,1,0,0,0,0,0,0,0,0,0,1,0,1,62,255,77,1,0,0,0,97,224,253,254,0,0,0,0,2,0,1,0,0,2,0,0,0,1,1,0,0,99,204,7,1,0,9,140,185,209,253,209,1,0,0,0,0,0,2,0,0,1,0,1,1,2,2,1,0,69,237,29,0,44,123,116,10,146,253,156,0,1,0,0,0,1,1,0,2,0,0,0,1,1,0,0,0,0,104,191,113,131,5,0,0,176,254,66,0,0,2,2,0,0,1,0,0,0,0,0,0,0,0,0,1,0,1,0,24,0,0,0,16,235,224,14,0,0,1,1,0,2,0,1,1,0,0,0,0,0,0,0,0,0,1,0,0,1,0,1,118,253,193,0,1,2,2,0,1,0,0,0,0,1,0,0,0,1,0,0,1,1,0,1,0,0,3,0,119,252,110,0,0,2,2,1,0,0,1,1,0,0,0,0,1,1,0,0,1,0,1,0,0,0,1,0,185,228,14,0,0,0,1,3,0,0,1,2,2,2,0,0,0,1,0,1,2,2,0,0,0,1,2,107,250,159,0,0,0,0,1,0,1,0,0,1,0,0,0,0,1,0,0,0,1,0,0,1,0,0,0,157,245,49,0,0,0,0,0,3,0,3,2,0,0,0,0,0,0,0,1,0,0,0,0,1,0,1,62,255,174,0,2,0,0,0,1,0,0,0,0,2,0,0,0,0,0,2,1,0,0,0,1,0,0,0,141,251,89,1,1,1,0,0,1,0,0,2,0,2,0,0,0,0,2,0,1,0,0,0,0,1,0,0,195,128,1,1,0,0,0,0,0,0,1,0,0,2,0,1,0,0,0,0,0,0,1,1,0,1,0,50,248,98,0,1,0,0,2,1,0,1,0,0,0,0,0,0,0,1,1,2,1,0,1,0,0,1,0,136,214,25,0,0,0,1,0,1,0,0,0,0,0,1,0,0,1,0,0,1,0,0,0,0,1,2,0,0,0,0,0,0,0,0,0,1,0,0,0,0,2,0,0
0,0,0,0,1,0,0,0,0,0,0,0,0,1,1,0,1,0,0,1,0,0,2,0,1,0,1,0,0,1,0,0,1,0,0,0,0,0,1,0,1,1,0,1,0,0,0,0,1,0,0,1,2,1,0,0,0,2,0,1,1,0,0,0,0,0,13,181,143,38,0,1,0,1,0,2,0,0,1,0,0,0,0,1,0,0,0,0,1,0,0,1,1,0,119,253,254,113,37,0,1,1,0,1,0,1,2,0,1,1,0,1,0,0,0,0,0,0,0,0,0,137,243,253,252,181,87,0,1,0,0,0,1,0,2,1,1,0,0,0,0,0,1,0,0,0,0,1,1,166,253,233,7,5,0,0,0,0,0,0,1,0,1,0,1,0,1,0,1,0,0,0,2,1,0,0,14,221,252,131,0,0,0,0,3,0,2,0,1,0,1,0,1,2,0,0,1,0,0,0,0,1,0,0,62,252,254,45,0,0,1,1,0,0,1,0,0,0,1,0,2,1,1,0,1,1,0,2,0,3,0,0,133,253,171,3,0,0,0,1,0,0,0,1,1,0,0,0,0,1,0,0,0,0,0,0,0,0,1,0,199,254,164,0,0,0,0,0,0,1,0,0,0,1,1,0,0,0,0,0,1,0,1,1,0,0,0,0,242,253,165,0,0,0,1,0,0,0,1,50,77,8,1,0,0,0,1,0,0,0,0,0,1,0,0,0,243,254,70,1,1,0,0,2,0,0,117,241,252,71,0,0,0,0,0,0,0,1,0,0,0,1,1,101,254,254,54,0,0,0,1,0,39,144,248,246,247,250,57,0,1,0,0,0,1,0,0,0,0,0,0,100,255,214,18,0,2,0,1,0,145,253,210,59,201,252,101,0,0,0,1,0,0,0,1,0,0,0,0,99,251,199,0,0,1,0,0,59,207,254,121,0,198,254,97,0,0,0,0,1,0,1,0,0,0,0,0,101,254,204,4,0,1,0,58,251,251,190,11,63,251,131,46,0,2,0,0,0,0,0,0,0,0,1,2,34,246,253,56,0,0,0,133,253,253,45,0,166,234,41,0,1,0,0,0,0,1,0,0,0,0,1,0,0,244,252,140,0,0,0,223,253,231,28,9,198,117,26,0,0,0,3,0,0,1,1,0,0,0,0,0,0,136,253,209,17,0,0,220,254,189,55,228,254,161,1,0,0,0,0,0,0,0,0,0,0,0,1,1,0,9,200,253,207,135,46,227,255,253,254,250,184,22,1,0,0,2,0,0,1,0,1,0,1,0,1,0,0,0,69,236,252,255,255,252,255,252,181,62,0,1,0,0,0,0,0,0,0,0,2,0,0,0,0,0,0,0,0,26,37,143,129,205,158,206,108,0,0,0,3,0,0,0,0,1,0,0,1,0,0,0,0,0,0,1,0,0,0,0,0,0,1,0,3,0,1,1,1,0,0,2,0,1,1,0,1,0,0,0,0,0,1,0,3,1,0,0,2,0,1,0,1,0,0,1,3,2,0,0,1,0,1,0,0,1,1,0,1,1,1,0,1,0,0,0,0,1,3,0,0,0,1,0,1,0,0,2,0,0,1,0,0,0,0,0,0,0,0,0,0,1,0,1,0,0,0,0,0,2,0,3,1,0,1,2,0,0,0,0,1,0,0,0,0,0,1,0,1,0,0,2,0,1,1,0,1,0,1,0,0,0,0,2,0,0,1,0,0,0,0,0,0,1,0,0,0,0,1,0,0,0,0,0,1,0,0,0,1,1,0,1,0,2,0
0,0,0,0,0,0,0,0,0,0,0,0,0,1,1,0,0,1,1,0,0,0,0,1,0,1,0,0,2,0,0,0,0,0,0,0,0,2,1,0,0,0,0,1,0,1,2,0,0,0,0,0,0,2,1,0,2,0,0,0,1,0,0,0,0,0,0,0,0,0,2,1,2,0,0,1,0,0,0,0,0,1,0,0,0,0,0,1,0,0,0,0,0,0,2,0,0,0,2,0,1,0,1,1,2,0,0,0,2,0,0,0,3,1,0,0,0,0,0,0,0,1,0,0,0,0,0,0,0,0,0,0,0,0,1,0,0,0,0,0,0,1,1,0,1,0,0,0,0,0,0,2,83,182,11,3,0,0,0,0,1,0,0,0,0,0,0,1,0,0,0,0,1,0,1,0,0,0,1,0,85,254,96,0,0,0,0,0,1,1,0,0,0,0,0,1,0,0,0,2,1,0,2,0,2,0,1,0,83,253,145,0,1,0,0,0,0,0,2,1,0,0,0,0,0,1,0,0,0,2,1,1,0,0,1,0,35,246,143,0,0,0,0,0,0,0,0,1,0,1,0,0,0,0,0,0,1,0,1,0,0,0,1,1,0,241,225,1,1,2,0,2,0,0,0,0,1,0,0,0,0,0,0,0,2,0,0,1,0,0,0,0,0,240,238,2,0,1,1,2,0,0,0,0,1,0,0,0,0,1,0,2,0,0,0,0,1,2,1,1,0,241,239,0,0,0,0,0,0,0,0,2,3,0,1,0,0,0,0,1,0,1,0,0,0,0,0,0,0,203,240,0,0,0,0,0,0,2,0,0,0,1,1,0,0,0,0,1,0,2,0,0,0,0,0,1,0,212,239,1,0,0,0,0,1,0,2,0,0,0,1,2,0,0,0,0,2,0,0,1,0,0,1,0,0,144,240,0,0,0,0,1,1,0,0,0,0,1,1,0,0,1,0,0,0,1,0,0,0,0,1,0,0,144,239,0,0,0,0,1,0,0,0,0,0,0,2,0,0,0,0,0,0,0,0,0,0,1,0,0,1,143,240,0,0,1,2,0,2,0,0,0,0,0,0,0,1,0,1,0,0,1,0,0,0,0,0,0,0,56,247,45,0,0,0,0,1,0,0,0,1,0,0,2,0,1,1,1,0,0,0,0,0,0,0,0,1,49,253,82,0,1,1,0,1,1,0,0,0,0,0,0,0,0,0,1,0,1,0,1,1,0,1,3,0,50,254,82,0,1,1,2,0,0,0,2,0,0,0,1,0,0,0,1,1,1,2,0,0,0,0,0,0,48,255,80,0,0,0,0,0,1,1,0,1,0,1,0,0,0,1,0,0,0,0,1,0,0,1,0,0,50,253,81,2,1,2,0,0,1,0,0,0,1,0,0,0,1,0,0,0,0,2,0,1,0,1,1,0,50,255,81,1,1,1,1,0,1,1,0,0,0,0,0,0,0,0,1,0,0,2,1,1,0,0,1,0,42,248,80,0,1,2,1,1,0,0,0,0,1,0,0,0,0,0,0,0,0,0,0,0,0,0,1,1,0,166,50,0,0,0,1,0,0,0,1,0,0,0,1,0,0,1,0,0,1,0,1,0,0,0,1,0,1,0,2,2,0,0,1,1,0,0,2,1,0,0,2,0,1,1,0,0,2,1,1,0,1,0,0,0,0,1,0,0,0,0,2,1,1,0,0,0,0,0,0,1,0,1,0,0,2,0,1,0,0,0,0,0,2,1,0,1,1,0,0,0,0,1,1,1,1,0,2
0,0,1,0,0,0,0,1,1,0,2,1,1,0,0,0,0,0,0,1,2,0,1,1,0,0,0,0,0,0,0,0,0,0,0,0,0,1,0,2,1,0,0,0,0,0,0,0,0,1,0,0,0,2,1,1,0,1,2,0,0,0,0,0,0,0,0,1,1,0,0,0,0,0,1,1,1,0,0,1,0,0,1,0,0,0,0,0,0,0,0,0,0,0,0,0,1,0,0,0,0,0,1,0,0,2,0,0,1,0,0,2,0,0,1,0,3,0,0,0,0,0,0,0,0,0,0,0,0,1,0,0,0,1,0,0,0,0,0,1,0,0,0,0,0,1,3,0,0,1,1,0,0,1,0,2,0,26,112,206,68,0,0,1,2,1,1,1,0,0,1,0,1,0,0,0,1,2,1,0,0,1,5,5,55,230,255,253,211,14,1,0,2,0,0,2,1,0,0,0,0,1,0,0,0,0,0,0,38,104,218,219,221,254,209,235,252,122,0,0,0,1,1,0,0,0,1,0,1,1,0,1,0,1,23,153,238,255,253,255,252,254,246,244,254,120,1,0,0,2,1,0,2,0,0,2,1,0,1,0,0,24,206,253,253,252,253,255,236,244,173,202,253,121,0,0,0,1,1,1,2,0,0,1,0,0,0,0,3,137,254,255,227,147,125,85,56,23,95,254,254,70,0,0,0,0,0,0,0,0,1,0,0,0,0,0,93,255,243,98,5,1,1,2,21,132,253,253,253,52,0,0,0,0,1,1,1,0,1,0,1,0,0,0,122,254,240,68,43,41,41,161,244,255,254,253,154,55,0,0,0,1,0,0,2,0,0,0,0,0,0,0,120,254,254,255,254,254,255,254,255,255,201,98,17,0,0,1,0,0,1,1,2,0,1,0,0,0,0,1,3,103,229,254,253,253,254,253,255,254,224,18,0,0,0,0,1,0,0,1,0,1,1,0,0,0,0,0,0,0,40,228,255,255,254,255,254,254,254,30,2,0,0,0,0,0,0,0,0,0,0,0,0,0,0,0,0,17,199,253,254,255,243,192,193,245,253,52,0,0,0,1,0,0,0,0,0,0,2,0,0,0,0,1,1,80,254,253,216,116,73,0,1,209,254,213,1,0,0,0,0,0,0,2,1,0,0,0,0,0,1,1,7,198,253,255,88,0,0,1,0,89,254,229,0,0,0,0,0,0,1,0,0,0,2,1,1,2,1,0,109,254,255,211,7,0,0,0,0,17,253,242,36,2,0,1,0,1,1,0,0,0,1,0,0,0,0,1,121,254,245,77,1,0,1,1,0,47,253,247,51,0,1,0,1,0,2,1,0,0,0,0,0,0,0,0,121,252,252,90,2,2,0,14,59,230,254,161,0,0,0,1,0,0,0,1,0,0,0,0,1,0,1,0,38,226,254,252,178,88,91,197,253,253,253,69,0,0,1,0,0,2,0,0,0,0,0,0,0,0,0,1,0,36,223,255,254,252,254,253,255,217,115,2,0,0,0,0,1,0,0,1,0,0,0,0,2,0,0,0,1,0,40,226,254,255,255,172,92,8,0,0,0,0,0,0,1,0,0,3,1,1,0,2,1,0,1,0,1,0,0,1,0,0,3,0,0,0,0,0,0,0,0,0,0,0,1,0,2,0,0,1,0,2,0,0,0,0,0,0,0,0,0,0,1,0,2,0,0,0,0,0,0,0,0,0,2,0,0,0,0,0,0,1,1,1,0,0,1,0,1,3,0,0,1,1,0,0,0,0,0,1,0,0
2,0,0,0,1,0,0,0,1,0,0,0,0,0,0,3,1,0,0,1,0,0,1,0,0,0,0,0,0,0,1,0,0,1,1,1,0,1,0,0,0,0,0,0,0,0,0,2,0,0,1,1,1,0,0,1,0,0,0,0,1,0,0,0,0,0,0,0,1,1,0,0,1,0,1,1,0,0,0,0,1,1,0,0,2,1,0,0,0,0,2,1,0,1,1,0,1,1,0,0,0,0,0,0,0,0,0,0,1,1,1,0,0,0,1,0,0,1,0,0,1,0,1,1,1,0,0,1,0,1,0,0,0,0,0,0,0,1,0,0,1,0,0,0,25,79,202,80,14,0,0,0,0,0,0,0,0,0,0,1,1,0,1,0,0,1,0,0,0,0,1,0,81,253,255,253,60,84,0,0,0,0,0,0,0,0,0,0,0,0,0,0,1,1,0,0,0,0,2,2,80,255,255,255,121,132,1,0,0,0,0,0,0,95,237,92,62,16,1,1,0,0,0,0,1,0,0,0,78,255,255,254,255,132,0,1,0,2,1,0,0,229,255,254,253,62,0,0,0,1,1,0,0,1,0,0,80,254,254,253,244,111,0,0,0,2,0,0,1,231,254,254,252,58,0,0,0,1,0,0,0,1,0,0,78,254,254,253,232,66,1,1,0,0,0,0,1,231,255,254,255,146,0,0,0,0,0,1,0,0,0,0,79,255,255,254,254,143,5,0,0,0,0,0,0,232,254,253,255,249,111,0,1,0,1,0,0,0,0,0,81,255,255,251,255,255,51,0,0,0,1,0,0,230,253,253,255,239,1,0,0,1,0,1,0,0,0,0,77,252,255,254,253,254,199,185,185,185,187,186,184,242,254,254,255,250,115,0,0,1,0,0,0,1,1,0,0,159,254,255,253,254,255,255,254,254,255,255,253,79,254,254,253,254,157,2,0,0,1,1,0,0,1,1,0,56,244,253,253,252,254,255,255,253,252,255,155,61,255,255,255,255,157,1,0,1,0,0,1,1,0,1,0,0,66,254,255,254,254,254,253,208,208,12,3,53,255,254,251,255,156,1,0,1,1,0,0,0,0,0,0,0,25,104,234,253,253,253,247,40,35,0,0,22,182,253,255,253,155,1,0,0,1,1,1,1,0,0,0,0,1,0,22,24,26,25,25,0,1,1,0,2,131,254,255,254,158,1,0,1,0,1,1,0,0,0,0,0,1,2,0,1,0,0,0,0,0,1,0,0,131,254,252,253,206,41,1,0,1,0,0,0,0,0,0,0,0,1,0,0,1,0,0,1,0,0,0,0,131,254,254,254,255,78,1,0,0,0,2,3,0,0,0,0,0,1,0,0,0,0,0,1,0,0,0,0,71,234,254,253,254,77,1,0,0,1,0,1,0,0,0,0,0,1,1,1,0,1,0,1,2,1,0,2,0,211,253,255,254,78,0,1,0,0,0,0,0,0,2,0,0,0,0,1,1,2,0,0,0,0,0,0,0,212,255,250,158,51,2,0,1,0,0,0,1,0,1,0,0,2,1,0,0,0,0,2,1,0,0,1,2,90,253,237,1,0,0,1,0,0,0,0,0,1,1,1,1,0,0,0,2,0,0,0,1,0,0,0,0,0,1,0,0,0,0,1,0,1,1,2,0,1,0,0,1,1,1,0,1,1,0,0,0,0,0,0,0,1,0,0,0,0,0,0,1,2,0,0,1,0,1,0,1,0,0,0,0,1,0,2,1,0,1,0,0,1,0,0,0,0,0,1,0,0
1,0,0,0,0,2,0,0,0,1,0,0,1,0,0,0,0,0,1,0,2,0,0,0,0,1,0,0,0,0,0,0,0,1,0,1,0,0,0,0,0,0,0,2,1,0,0,0,2,0,0,1,0,0,1,0,0,0,0,0,0,1,0,0,0,0,2,0,1,0,0,2,2,1,2,0,0,0,0,0,0,0,0,2,1,0,1,0,0,0,2,0,0,1,0,0,1,0,0,0,1,0,0,0,1,0,1,0,0,1,0,1,0,0,0,0,0,1,1,0,1,1,0,0,57,225,97,0,1,0,1,1,1,1,1,2,0,1,0,0,1,1,0,0,1,0,0,0,1,0,0,0,57,253,223,35,0,0,1,1,0,0,0,0,1,0,0,0,0,0,0,1,1,0,0,0,0,0,1,0,57,255,254,179,1,1,1,0,0,0,1,0,1,1,0,0,1,0,0,0,0,0,0,0,0,0,0,1,25,215,254,225,31,0,0,1,0,2,1,0,0,2,0,3,0,0,2,1,0,0,0,1,1,0,0,0,0,189,254,255,49,2,0,0,1,0,2,1,1,0,0,0,0,0,1,0,0,2,0,0,0,0,0,0,0,187,254,253,50,1,0,3,0,0,0,0,0,0,0,0,0,0,0,0,0,0,0,0,0,1,1,1,0,188,255,255,51,0,0,1,0,0,0,0,0,0,0,0,0,0,0,1,1,1,0,0,0,0,0,0,12,201,255,253,47,0,0,0,0,0,0,0,1,0,1,0,0,1,0,0,0,1,0,0,0,1,0,0,56,253,254,254,48,1,0,1,0,2,0,2,0,0,0,0,0,2,2,0,0,0,1,0,1,0,0,0,56,253,253,253,49,0,2,0,0,0,1,0,1,0,1,0,0,0,0,1,0,0,0,0,2,1,1,0,55,254,254,234,35,0,0,0,1,0,0,2,0,0,0,0,0,0,1,0,0,0,0,2,0,0,1,0,57,254,253,177,0,0,0,2,0,1,0,0,1,0,0,1,0,0,2,2,0,0,1,0,0,1,1,0,58,254,255,217,24,0,0,1,0,0,0,1,0,0,0,0,0,0,0,2,0,1,0,0,1,0,0,0,59,253,255,181,0,0,1,0,1,0,1,0,0,0,2,0,0,0,0,0,1,1,0,0,0,0,2,0,104,253,255,179,0,1,0,0,0,0,1,1,0,1,1,0,0,0,0,1,0,1,1,0,1,0,0,20,208,254,254,178,0,0,0,1,1,0,0,0,0,0,3,1,1,1,1,1,0,0,2,1,0,0,0,50,255,254,254,66,0,0,2,0,2,1,0,0,0,1,1,2,2,0,2,1,0,1,0,1,0,0,0,49,253,254,255,56,1,1,1,0,0,0,0,0,0,1,0,1,0,0,0,0,0,0,1,0,0,0,0,50,253,255,253,56,0,0,0,2,0,1,0,0,2,0,0,0,0,1,0,0,1,0,1,0,0,0,0,1,94,220,186,3,0,0,2,0,2,1,1,1,2,0,0,0,0,0,1,0,0,1,0,0,0,0,1,1,0,0,0,0,0,1,0,1,0,0,0,0,0,0,0,0,0,0,0,0,0,0,0,0,1,0,0,1,1,0,0,0,0,0,0,2,0,0,1,0,0,0,0,0,0,1,2,2,0,0,0,1,0,0,1,0,1,1,2,1,0,0,0,1,0,1,0,0,0,2,0,0,0,0,0,0,0,0,2,0,0,2,0,0,0,0,0,0,0,0,1,0,1,0,0,1,0,0,0,2
0,1,1,2,1,0,0,0,2,0,0,0,2,0,0,0,1,0,0,1,0,1,0,0,0,0,0,0,0,2,0,0,0,0,2,0,1,1,0,1,0,0,0,0,0,0,2,2,1,2,0,1,1,1,2,1,0,0,0,0,1,1,0,1,0,0,1,1,1,0,0,0,0,0,0,0,0,0,1,0,1,2,1,2,0,0,0,0,1,0,0,0,1,0,1,1,0,65,128,255,255,191,126,0,0,0,1,1,0,0,0,2,0,0,0,1,0,0,0,0,0,0,0,191,255,255,255,255,255,255,255,253,128,1,0,1,0,0,3,2,2,0,0,2,1,0,0,0,0,2,189,255,192,192,127,128,128,128,191,255,255,126,0,0,0,1,0,0,0,0,1,0,2,0,0,0,0,0,62,0,3,1,0,0,1,0,1,254,253,130,2,0,0,1,0,1,0,1,0,0,0,0,0,0,0,0,0,0,1,0,0,0,2,0,0,255,254,63,0,1,0,0,1,0,0,0,0,0,1,0,0,1,1,0,0,0,1,0,0,0,0,1,64,254,255,0,0,0,0,0,0,1,0,0,2,1,0,0,0,0,1,0,0,3,0,0,0,1,0,0,191,255,129,1,0,0,1,0,0,0,0,0,1,0,2,0,1,2,0,2,0,1,1,0,1,0,0,130,255,255,65,0,0,0,0,0,1,0,0,0,1,0,1,0,2,0,1,1,2,1,0,1,0,0,0,191,255,190,0,0,0,0,0,1,1,0,1,2,1,0,0,0,1,1,0,0,0,0,0,0,0,0,193,255,255,0,0,3,0,1,2,0,0,1,1,0,0,0,1,0,0,1,0,0,0,0,0,2,0,64,255,253,63,0,0,1,0,0,1,0,0,0,1,0,2,0,0,3,0,0,0,1,0,0,0,1,64,255,192,65,1,0,0,0,0,0,0,1,0,1,0,1,0,0,0,1,0,2,0,0,1,0,0,0,189,255,0,0,0,1,0,0,0,1,0,1,0,0,0,2,0,1,1,0,1,2,1,2,1,0,66,255,191,61,0,0,0,0,0,0,0,0,0,0,1,1,1,1,0,0,0,0,0,65,63,130,128,129,255,255,65,2,0,0,0,0,0,0,0,2,0,1,0,1,0,0,0,1,0,65,193,255,255,254,255,255,254,126,0,0,0,0,1,0,1,0,1,1,0,0,0,0,0,0,1,1,65,255,254,127,0,191,255,254,254,255,65,1,0,1,1,0,1,0,1,0,0,0,0,0,0,2,0,1,255,255,255,65,189,255,190,62,191,255,255,255,127,65,0,0,0,2,0,0,1,0,0,0,0,1,0,1,252,255,255,253,255,128,0,0,0,129,255,254,255,255,254,129,128,127,0,0,2,0,0,0,2,0,0,1,63,190,255,193,65,0,0,0,0,0,1,0,130,128,192,190,191,192,1,0,0,1,1,1,0,0,0,0,0,0,0,0,0,0,1,0,0,0,1,0,0,1,0,1,0,0,0,0,0,0,1,0,0,0,0,0,1,2,1,1,0,0,0,2,2,0,0,0,0,0,0,2,1,0,0,0,0,0,0,1,1,0,0,1,1,0,0,1,0,2,0,0,0,1,0,0,0,1,0,1,1,0,0,0,0,1,1,0,0,0,0,0,0,0,0,0,1,0,0,1,0,0,0,1,1,0,0,0,0,0,0,1,0,0,0,0,0,0,1,0,0,0,0,0,0,2,0,0,0,0,0,0,0,0,0,0,1,0,0,0,2,0,1,0
0,0,0,1,1,0,1,3,0,2,0,0,0,1,0,0,0,0,0,0,0,0,0,0,1,0,0,2,1,0,0,0,1,1,1,0,0,1,0,0,0,0,0,0,0,0,0,0,0,0,0,1,1,0,0,0,0,1,0,1,0,0,0,0,3,0,0,0,1,1,0,0,0,1,0,1,0,1,0,0,0,1,0,0,0,0,0,0,3,0,1,1,1,0,1,0,0,1,0,0,0,0,0,0,0,0,0,2,0,0,0,1,0,0,0,0,0,2,0,1,1,1,0,8,133,254,180,40,1,1,0,0,0,0,0,0,0,0,0,0,0,0,0,1,1,0,0,1,0,0,0,177,251,254,252,182,121,7,0,0,0,0,0,0,0,2,0,0,0,0,0,0,1,2,1,0,0,0,0,201,250,128,157,211,254,185,65,25,1,0,0,0,0,0,0,1,0,0,0,1,0,0,0,0,0,0,2,29,245,231,0,44,184,242,254,212,1,0,0,1,0,0,0,0,1,0,1,0,0,0,0,0,0,0,0,0,243,190,0,0,0,39,47,44,0,1,0,0,0,0,0,0,0,0,1,0,0,0,0,0,0,1,0,96,253,216,0,0,0,0,2,0,0,0,0,0,2,1,0,0,0,0,0,2,2,0,1,0,0,0,0,112,252,114,1,0,1,0,1,0,0,0,2,0,1,0,0,0,1,0,0,0,0,2,0,1,0,0,1,226,249,0,0,1,1,0,0,1,0,0,1,0,1,2,0,0,3,0,0,1,0,1,0,0,0,2,56,243,247,0,0,0,2,0,0,1,1,0,1,0,0,1,0,0,0,0,0,0,0,2,0,0,0,0,89,251,246,0,0,0,0,0,0,0,1,0,0,0,0,0,1,0,0,0,0,2,2,0,1,0,2,0,88,253,248,1,1,0,0,0,0,0,0,0,1,1,0,0,0,0,0,0,1,0,0,0,1,0,0,0,90,252,249,54,95,178,214,114,52,0,0,0,0,0,0,0,0,1,2,1,0,1,0,0,1,1,2,0,197,251,253,244,253,253,255,252,242,166,0,0,0,0,0,1,0,1,0,1,0,1,0,1,1,0,2,0,200,254,253,247,167,126,125,126,177,255,165,4,0,0,0,0,0,1,0,0,0,0,1,0,1,0,1,0,36,105,107,46,0,0,0,0,15,248,252,87,1,0,0,0,0,0,0,1,0,0,1,1,0,0,0,0,0,0,0,0,0,0,0,1,112,253,233,31,0,0,0,0,0,0,0,1,0,0,1,0,0,1,2,0,0,0,0,0,0,1,21,164,215,251,110,0,0,1,0,0,0,1,0,0,0,1,0,0,0,0,1,1,0,0,1,1,0,21,190,253,253,164,1,0,0,2,0,1,0,0,0,0,0,1,0,0,0,0,0,2,0,0,53,162,220,228,253,169,100,1,1,0,1,0,0,0,0,0,0,1,1,0,0,1,0,0,2,0,3,2,11,201,254,227,98,4,0,0,0,0,0,1,0,1,0,0,1,1,0,0,0,0,0,0,0,0,0,0,0,0,1,0,0,1,0,0,0,0,0,2,1,0,1,2,1,0,0,0,2,0,0,0,0,1,0,0,1,1,0,0,0,0,1,1,0,1,0,0,0,0,1,0,1,0,0,0,0,0,0,0,0,2,0,1,1,0,1,0,2,0,0,0,0,1,0,0,3,0,0,1,1,2,1,0,1,0,0,0,0,1,0,0,0,0,0,0,1,0,1,0,0,0,1,0,1,0,3,0
0,1,0,0,0,1,0,1,2,1,0,0,1,0,0,1,1,0,0,0,0,1,0,0,0,0,0,1,0,0,0,0,0,0,1,0,1,2,0,0,1,0,1,1,0,0,0,0,0,0,0,0,0,2,0,1,0,0,0,0,2,2,0,0,0,0,0,0,0,1,0,0,0,0,1,1,2,0,0,0,0,1,1,0,0,1,2,1,0,0,1,0,0,0,0,1,0,0,0,0,0,0,0,0,0,0,1,0,0,1,0,0,0,0,0,1,1,2,0,2,0,0,0,3,0,3,2,1,0,1,0,0,1,0,1,1,0,1,0,1,0,1,1,0,0,1,1,0,0,23,168,255,254,255,214,90,13,0,0,0,0,0,1,0,0,1,0,0,1,0,2,0,0,2,0,0,57,205,253,225,177,179,204,253,182,13,0,0,0,1,0,1,1,1,0,2,0,0,0,0,0,0,1,19,217,255,204,21,2,0,12,97,255,139,3,0,1,0,1,0,1,0,0,0,0,2,1,2,0,1,1,45,255,177,0,0,0,0,0,23,252,254,29,0,0,0,1,2,1,0,1,2,0,2,0,0,0,0,1,125,253,134,1,0,0,1,0,21,254,255,118,0,1,1,0,1,0,1,0,1,0,0,1,0,0,0,0,152,252,134,0,0,0,0,1,3,177,254,120,0,1,0,0,0,0,0,2,2,2,1,3,1,2,1,1,150,254,134,0,0,0,0,1,0,167,254,121,0,0,0,0,0,0,0,2,1,0,1,0,0,0,1,1,115,254,219,2,0,0,1,2,2,122,255,202,0,0,0,0,0,0,0,1,1,0,0,1,1,1,0,0,3,189,252,144,17,2,7,13,129,247,253,228,6,1,0,0,0,0,0,0,1,0,0,0,0,1,0,0,0,32,214,253,253,170,200,234,193,91,223,253,103,2,0,1,0,0,0,0,0,0,0,0,0,0,0,1,1,2,25,75,162,160,94,56,1,1,122,255,187,1,1,0,1,0,0,1,1,2,2,0,1,0,0,1,0,0,3,0,0,1,0,0,0,0,49,248,189,0,0,0,0,0,1,0,0,1,0,2,0,0,0,0,0,0,1,0,0,0,0,0,0,1,0,172,203,10,0,0,0,0,0,0,0,0,0,0,0,0,0,1,0,0,0,1,0,0,3,1,0,0,1,136,253,84,0,0,0,1,0,0,0,0,0,0,0,0,0,0,2,1,0,0,10,2,0,0,1,0,0,133,254,138,0,2,1,1,0,0,0,0,0,0,0,0,0,0,2,0,2,61,176,16,0,0,0,0,1,165,253,41,0,0,0,0,1,0,0,0,2,0,1,0,0,0,1,0,10,237,168,0,0,0,0,0,41,250,200,8,1,1,0,0,0,0,0,0,1,0,0,0,1,0,0,0,0,147,253,197,118,33,33,32,165,253,243,37,0,0,0,0,1,0,1,3,0,1,0,0,0,0,0,0,0,15,159,220,253,254,254,250,252,245,88,0,0,0,0,1,0,0,1,1,1,0,1,0,0,0,0,1,0,0,0,17,84,254,252,252,165,39,0,0,0,0,1,0,0,1,0,0,0,0,0,0,1,0,0,0,1,0,1,1,0,0,0,1,1,0,0,0,0,0,2,0,0,0,0,0,2,0,0,2,3,0,1,0,0,0,0,0,0,1,0,0,1,0,0,0,0,1,0,0,0,0,0,0,0,2,1,0,0,0,0,0,0,1,1,0,1,1,0,0,0,0,1,0,0,0,2,1,0,0,0
0,0,2,0,1,2,0,0,0,0,1,0,3,0,0,1,1,1,0,1,0,0,1,0,0,0,1,1,1,1,0,0,0,0,1,1,0,0,0,0,1,0,0,0,0,0,0,0,0,0,0,0,0,0,0,0,0,0,1,0,2,0,1,0,0,0,0,0,1,0,0,2,0,0,2,1,1,0,0,0,2,0,0,0,1,1,0,1,0,1,0,1,1,1,0,2,1,0,0,0,1,0,2,0,0,0,2,0,0,0,0,1,0,2,1,0,0,1,1,1,1,1,0,1,0,0,1,0,0,15,184,255,89,0,1,0,0,0,0,0,2,0,0,0,0,0,0,1,0,0,2,0,0,1,0,0,0,65,252,177,34,0,0,0,2,3,0,1,0,0,0,1,0,0,0,0,0,2,0,0,0,0,0,1,30,222,238,0,0,0,0,1,1,2,0,0,0,1,2,0,1,0,1,0,0,2,0,0,1,0,0,0,105,254,143,0,0,2,0,1,0,0,0,0,2,0,0,0,1,0,1,0,0,1,0,1,0,1,0,15,187,237,28,1,0,0,2,1,0,0,0,1,0,0,0,0,1,0,0,1,2,0,2,0,0,1,0,152,252,184,1,0,0,0,1,0,2,2,1,0,0,0,0,0,0,0,0,0,0,0,0,0,0,0,32,251,216,24,0,0,0,0,0,0,0,1,0,0,1,0,0,0,0,0,0,2,0,1,1,1,0,0,150,252,147,2,2,0,1,0,1,0,1,0,0,0,2,1,2,1,1,0,2,0,0,0,0,1,0,15,217,233,55,0,1,1,0,0,1,0,0,2,1,1,0,1,0,0,0,0,0,0,0,1,0,2,0,100,253,144,0,1,1,2,0,0,0,0,0,1,0,1,0,0,0,0,0,1,0,1,1,0,1,1,0,220,254,103,2,0,0,0,0,1,1,1,1,1,0,0,2,0,2,0,2,0,1,1,0,1,0,1,0,241,255,82,0,0,1,0,1,0,0,0,0,0,0,0,1,0,0,0,0,0,1,2,1,0,0,0,117,251,172,1,1,0,2,0,0,1,1,0,1,2,0,0,0,1,0,3,2,1,1,2,0,1,2,1,185,253,93,0,0,2,0,0,0,0,0,0,0,1,0,0,0,0,0,0,0,1,1,1,0,2,1,14,219,168,6,0,0,0,0,0,0,0,0,1,1,0,1,0,0,0,1,0,1,0,0,0,1,1,0,101,252,115,0,0,1,0,0,0,0,1,0,0,0,2,0,0,0,0,1,0,0,0,1,1,0,0,1,130,255,116,0,0,1,1,0,2,0,0,0,2,0,1,1,1,1,0,0,0,1,0,0,0,0,0,1,163,254,113,1,0,1,0,1,0,0,1,1,0,0,0,1,0,0,0,1,1,0,1,0,0,0,0,0,173,254,191,128,2,1,0,0,0,0,0,1,0,0,0,0,0,1,0,0,0,0,0,1,2,1,0,0,40,225,255,120,1,0,0,0,0,1,0,0,0,0,1,0,0,2,0,1,1,0,0,0,0,0,0,0,0,0,1,0,1,0,2,0,0,0,2,0,0,0,0,0,2,0,1,1,0,2,0,0,0,0,0,1,1,1,0,0,1,1,2,0,0,0,1,0,0,0,1,0,0,0,0,0,0,1,0,1,2,0,0,0,0,1,1,3,1,0,0,0,0,1,0,0,0,0,0,0,0,0,1,1,0,0,0,1,0,0,0,2,0,1,1,0,0,0,1,0,1,0,1,0,0,0,0,1,1
0,0,0,0,0,0,2,0,0,0,0,0,0,0,1,0,0,1,0,0,0,0,0,1,1,1,0,0,0,0,0,0,0,1,0,0,0,1,1,0,0,1,1,1,0,0,0,1,0,1,0,2,0,0,0,1,0,1,0,0,0,0,0,0,0,0,0,2,0,0,1,0,2,0,0,0,1,1,2,0,1,0,1,0,0,1,0,0,0,0,1,0,0,0,1,0,0,2,0,1,0,0,0,2,0,0,1,2,0,0,0,0,0,0,1,0,0,1,0,1,0,0,1,0,2,0,0,0,0,0,0,1,0,0,1,0,0,0,0,0,0,0,0,0,0,0,2,0,0,1,1,1,1,0,1,1,0,0,0,0,0,1,0,0,0,0,1,2,0,0,0,2,1,1,0,0,0,0,10,164,253,253,133,65,0,0,0,0,0,0,0,1,0,0,0,0,1,0,0,1,1,0,0,1,1,43,235,255,254,253,254,243,66,0,0,0,0,0,0,0,0,0,0,0,0,0,0,0,0,0,0,0,9,158,252,239,166,97,253,253,222,30,0,1,0,0,0,0,1,0,0,0,1,0,0,0,0,0,0,1,141,255,254,76,0,0,86,157,252,238,82,12,0,0,1,0,0,0,0,1,2,0,1,2,0,0,0,0,183,254,193,11,0,0,1,8,154,253,254,146,1,1,0,1,0,0,0,0,0,0,0,2,0,0,0,40,235,253,75,1,0,1,0,7,157,251,253,90,0,0,0,0,0,2,1,0,1,0,1,1,0,0,0,9,194,252,145,0,1,2,0,123,253,255,254,61,0,0,0,1,1,0,0,0,0,0,0,1,0,0,0,0,180,252,241,30,0,0,116,237,254,253,253,61,0,0,0,0,1,1,1,0,0,0,0,4,1,1,2,1,130,252,254,188,111,110,243,243,159,252,252,58,1,0,0,1,1,0,0,0,0,0,0,1,0,0,0,0,2,138,251,253,254,254,191,64,37,253,254,59,1,1,2,2,1,0,2,0,0,1,0,0,0,0,1,0,1,0,42,121,121,6,0,1,157,255,222,29,1,0,0,1,1,0,0,2,2,1,1,1,0,0,0,0,0,1,0,0,0,0,0,0,158,252,194,0,0,0,0,0,0,0,0,0,0,0,0,0,0,0,1,0,0,1,1,0,0,0,0,4,171,253,193,0,2,0,0,0,0,0,0,0,0,0,0,1,0,0,0,2,1,0,1,1,0,0,0,24,253,253,111,0,1,3,0,0,2,0,1,1,2,0,0,0,0,0,1,0,0,1,0,0,1,1,0,26,253,254,71,0,0,1,0,1,1,1,0,0,0,0,0,0,1,0,0,1,0,1,0,2,1,0,0,24,253,252,73,0,0,0,1,1,0,0,0,0,0,0,0,1,0,0,0,0,0,0,0,0,1,0,0,26,254,253,72,0,0,2,0,0,0,0,0,0,0,0,1,1,1,1,0,0,0,1,0,0,1,0,0,26,252,253,118,0,0,3,0,0,1,0,0,1,0,1,0,0,0,0,0,0,1,0,0,0,0,0,0,27,253,254,194,1,1,2,1,0,0,0,0,0,1,1,1,0,0,0,1,0,0,0,0,0,1,0,0,12,133,190,42,1,0,0,0,0,0,0,0,0,0,0,1,0,0,0,1,0,0,1,0,0,1,0,0,2,1,0,0,0,0,0,1,0,0,0,0,0,0,1,0,0,1,0,0,0,1,1,0,0,1,0,1,0,0,1,1,0,0,0,0,2,1,1,0,0
1,0,0,2,0,0,0,0,1,0,0,0,0,0,0,0,0,1,0,1,0,1,0,0,0,0,0,1,0,0,0,0,0,0,1,0,0,1,1,0,0,0,0,0,1,0,0,1,0,0,1,0,1,0,1,0,0,0,1,1,2,0,0,2,0,1,0,2,0,0,0,0,0,1,1,0,0,0,0,0,0,0,0,0,0,1,0,1,0,0,1,1,0,0,0,2,1,2,1,0,0,2,0,0,1,1,0,0,1,0,0,0,0,0,0,1,0,0,0,1,0,0,0,1,1,1,1,1,0,0,0,0,0,1,0,0,0,0,2,1,0,0,0,0,0,0,0,1,0,0,0,0,0,0,0,0,1,0,1,0,0,0,0,0,0,2,1,0,0,1,1,0,1,0,0,0,0,0,0,0,0,0,0,0,0,0,1,1,1,0,0,0,2,0,2,0,1,1,10,65,68,119,163,158,160,209,184,161,158,122,22,0,0,0,0,1,0,0,0,1,0,0,1,1,0,157,230,254,255,254,254,255,252,255,252,253,255,254,235,225,150,55,0,0,1,0,0,0,1,0,0,0,2,247,254,172,150,62,59,56,112,195,215,55,138,154,244,248,254,237,123,10,0,0,0,1,1,0,0,0,0,23,133,40,0,0,0,2,0,1,62,0,0,0,0,48,131,255,255,234,19,0,2,2,0,0,1,2,1,1,2,0,0,0,0,0,0,0,0,1,0,0,1,1,3,83,252,253,171,0,0,1,1,1,0,1,0,0,0,2,0,0,0,1,0,0,1,0,2,1,0,0,1,0,126,255,255,0,0,0,0,0,0,1,0,0,0,0,0,0,1,0,1,1,1,1,0,1,1,1,0,0,57,255,255,0,1,0,1,0,0,1,0,1,0,1,0,1,1,1,0,0,0,1,1,0,0,0,0,0,58,253,255,1,0,0,0,1,0,0,0,0,0,0,0,2,0,1,1,1,0,0,0,0,1,0,0,0,68,253,251,1,0,0,0,0,0,0,0,1,0,0,1,0,0,0,0,0,1,1,0,0,1,0,0,0,187,253,216,0,1,0,0,0,0,0,0,0,0,0,0,0,0,0,0,0,0,0,0,0,0,0,0,54,251,255,134,0,0,0,0,1,0,0,1,0,0,2,1,1,0,1,0,0,1,2,0,0,1,2,0,100,254,239,33,0,0,1,0,0,0,0,1,1,0,0,0,2,4,1,1,0,0,0,1,0,0,1,53,236,255,221,1,0,0,0,0,0,0,1,0,1,0,0,0,0,0,1,0,1,0,0,1,0,1,1,115,253,237,57,1,0,0,0,0,0,0,0,0,1,0,0,1,0,0,1,0,1,2,0,1,0,0,27,225,253,179,3,0,0,0,1,1,0,0,1,1,0,1,1,0,0,0,0,0,0,0,0,0,0,0,124,254,247,61,2,0,0,0,0,1,2,0,0,1,1,0,0,1,0,0,0,0,1,1,0,1,0,1,207,254,169,1,1,0,0,0,4,0,0,0,0,0,0,0,1,2,2,0,0,0,0,0,0,0,0,28,241,255,147,0,0,0,0,0,2,0,0,1,2,2,1,0,0,1,0,1,0,1,1,0,0,0,0,30,242,255,122,0,0,0,1,0,0,0,0,1,0,0,0,1,0,0,0,0,1,0,0,0,0,0,2,2,202,255,133,0,1,2,0,0,0,0,0,0,0,0,0,1,0,0,2,0,0,0,0,0,0,2,1,1,0,0,0,1,2,0,2,1,0,0,0,0,0
0,0,3,1,1,0,0,0,1,0,1,0,1,0,0,1,0,0,0,0,0,2,1,0,1,1,0,2,0,0,0,0,0,1,0,0,0,0,0,0,0,0,0,0,0,2,0,1,0,0,0,0,0,1,0,2,0,2,1,0,0,0,0,1,1,0,1,0,0,2,1,1,0,0,0,0,0,0,0,0,0,2,1,0,1,0,1,0,0,0,1,0,0,0,0,1,1,1,0,2,0,0,0,1,0,0,1,0,0,0,0,0,1,0,0,0,1,1,1,0,0,0,0,0,1,0,1,1,1,0,0,1,1,0,1,3,2,0,0,0,0,0,0,0,0,2,1,3,0,0,0,0,0,2,0,0,0,0,1,1,0,0,0,0,0,0,1,1,0,0,0,0,0,0,0,1,0,1,0,0,0,2,0,0,0,0,0,1,0,0,0,1,0,0,0,0,0,0,1,2,0,0,2,2,1,0,0,2,2,0,0,0,0,0,0,0,0,0,0,0,0,0,0,0,2,1,1,2,0,2,2,0,0,0,0,0,1,0,0,0,1,2,0,0,0,1,0,0,0,0,1,1,0,0,0,0,2,1,0,0,2,0,10,49,74,96,24,0,0,0,1,6,49,48,49,48,82,101,57,33,2,0,1,2,0,1,0,1,0,6,174,255,252,254,229,118,142,143,223,226,253,255,253,254,205,189,189,180,0,0,0,0,0,1,0,0,2,33,241,86,214,255,219,173,173,174,122,85,16,15,16,15,2,0,1,0,0,0,0,0,0,0,1,0,15,209,145,0,1,1,0,0,0,1,0,2,0,0,1,1,1,0,1,1,1,1,0,0,0,2,0,1,215,231,12,1,0,0,0,0,2,0,0,1,0,0,0,0,1,1,0,2,0,0,1,0,0,1,1,1,240,198,1,0,1,2,1,0,0,0,1,1,0,1,0,0,1,2,1,0,0,0,1,0,1,1,0,0,110,250,108,3,0,0,0,0,0,0,0,0,0,0,0,0,0,1,0,0,0,1,0,0,1,0,1,0,7,140,251,104,1,0,0,0,0,0,1,0,1,0,0,0,0,0,0,1,0,3,0,0,0,0,0,0,0,10,137,254,130,1,0,2,0,1,0,0,1,0,1,1,0,1,1,0,1,0,0,0,0,0,0,0,0,0,12,161,255,96,1,0,1,0,1,0,0,1,0,0,1,1,0,0,1,1,1,0,0,0,0,0,0,1,0,13,187,174,1,0,0,0,1,0,1,1,0,0,0,0,0,0,0,1,1,0,0,0,0,1,0,0,0,2,99,239,0,1,0,0,0,1,3,0,0,0,0,0,0,0,1,0,0,0,0,0,0,1,1,0,0,39,245,213,0,0,0,0,0,1,1,1,1,0,1,1,0,0,1,1,1,0,0,1,0,1,72,173,95,218,249,76,1,2,0,0,0,0,0,0,1,0,1,0,1,0,0,0,0,1,0,0,0,0,88,253,253,235,78,0,0,1,1,0,0,0,1,1,0,2,1,0,0,0,0,0,1,0,0,0,0,1,8,128,113,21,0,0,0,0,0,0,1,0,1,3,0,1,0,1,2,0,0,1,0,0,0,0,0,0,0,0,2,0,0,0,0,1,0,1,1,0,1,0,1,0,1,0,0,2,0,1,0,0,1,0,0,0,1,0,1,0,2,0,2,0,0,2,2,0,0,0,0,2,0,1,0,0,1,0,0,1,0,0,0,2,1,0,0,0,2,0,1,0,0,1,1,1,0,0,0,2,1,0,0,1
0,1,0,0,2,0,0,0,1,0,0,1,0,0,0,1,0,0,1,1,1,0,1,1,0,0,1,1,0,2,2,1,0,1,0,0,1,1,0,1,0,0,0,1,0,0,0,0,2,0,1,0,0,1,0,1,0,0,1,1,0,0,1,0,1,1,2,0,0,0,0,1,1,0,0,0,0,0,0,0,1,0,0,1,0,0,0,0,0,1,0,2,0,0,2,0,0,1,0,0,0,0,0,3,0,0,0,1,0,0,0,1,0,1,0,1,0,1,0,0,1,1,0,0,0,0,1,1,0,0,0,0,0,0,0,0,0,0,1,0,1,1,1,1,1,0,1,0,0,0,164,252,54,0,0,0,0,1,0,0,1,0,0,0,0,0,0,1,0,1,1,0,0,0,1,0,0,0,204,251,48,1,0,0,0,0,1,0,0,2,1,0,0,1,0,0,0,0,2,0,0,0,1,0,0,32,232,254,50,0,2,1,19,41,0,0,0,0,0,0,1,1,0,0,0,0,0,0,0,0,0,0,0,173,252,152,30,1,0,0,184,205,0,1,0,2,0,0,2,1,0,0,0,0,0,0,0,0,0,1,21,255,192,0,1,1,0,0,203,214,10,1,1,0,1,0,0,1,0,0,0,0,0,2,1,0,0,1,141,254,70,0,0,0,0,0,202,253,51,0,1,0,1,0,1,0,1,1,0,1,0,0,0,0,0,30,233,255,50,0,1,1,1,0,202,243,40,1,1,2,0,0,1,0,0,0,0,0,1,0,0,0,0,51,252,213,12,0,0,0,1,1,203,201,1,1,0,103,18,0,0,1,0,0,0,0,1,1,0,0,0,153,252,173,30,1,0,1,1,31,212,235,113,173,251,203,20,0,0,0,2,1,1,1,0,1,0,1,0,111,252,253,231,203,204,204,202,235,255,254,251,253,171,20,1,2,0,1,0,2,0,1,0,1,0,0,0,20,183,234,253,255,254,254,252,252,253,242,162,80,0,1,0,0,2,0,1,1,1,0,0,0,0,1,1,0,0,31,49,50,91,151,151,214,252,164,0,0,0,1,0,0,0,1,2,2,0,1,0,0,1,1,0,0,0,0,0,1,0,0,1,151,253,102,0,0,0,0,0,0,0,1,0,0,1,0,2,0,1,0,0,1,0,2,0,0,3,0,1,193,255,103,0,1,0,2,0,2,1,1,0,1,2,0,0,0,0,0,0,0,0,0,0,0,0,2,0,253,254,1,0,0,0,0,0,2,0,0,0,1,0,0,0,0,0,0,0,0,0,0,0,1,0,1,0,254,251,1,0,1,0,0,0,0,0,0,0,0,0,0,1,0,1,1,0,0,1,0,1,0,0,2,102,253,130,2,0,2,0,0,0,1,0,0,0,0,0,0,1,0,0,1,0,0,0,0,2,0,0,0,141,254,52,0,1,0,0,0,0,0,0,0,0,0,0,0,1,0,0,1,2,1,0,0,0,0,0,0,102,255,51,0,0,0,1,0,0,0,0,0,0,0,0,0,0,0,1,0,2,0,0,0,0,0,0,0,19,254,132,0,0,0,0,1,1,0,0,1,0,0,2,0,0,0,0,0,1,1,0,1,0,0,0,2,0,0,0,0,0,0,0,2,0,0,1,1,0,0,1,1,2,0,2,1,1,3,0,0,0,0,0,0,1,0,2,0,2,0,1,0,2,0,0,0,0,2,0,1,1,2,0,0,0,0,0,0,0,0,1,1,1,0,0,0,0,1,0,1,1,0,1,0,1,0
1,0,0,1,0,2,0,0,0,0,0,1,0,1,0,0,1,0,1,0,0,1,0,0,1,0,0,0,0,0,0,2,0,1,0,0,0,0,0,1,0,0,0,0,1,1,1,0,0,1,1,1,0,1,0,0,0,1,0,1,0,1,0,0,2,0,0,2,0,0,1,0,2,0,1,0,0,0,0,0,0,0,0,1,1,2,0,1,0,0,0,1,0,2,2,0,1,0,1,1,0,0,0,0,0,2,0,2,0,1,0,0,0,0,0,1,0,2,0,0,0,0,0,1,0,32,198,178,218,127,2,0,0,0,1,0,0,0,0,0,1,1,0,0,0,0,0,1,1,0,0,1,16,197,255,255,254,252,189,0,1,1,0,0,2,2,0,0,0,1,0,0,0,1,0,0,1,0,1,37,246,252,253,196,155,231,242,73,0,0,0,1,0,1,0,1,0,2,0,0,0,1,0,0,0,0,7,186,253,206,56,0,1,9,169,204,1,0,0,0,2,0,0,0,1,0,1,0,0,2,2,0,0,1,190,255,190,20,2,0,0,2,41,245,39,1,1,1,0,0,1,0,2,1,0,1,0,0,0,0,0,60,248,241,14,0,0,0,1,0,41,255,117,1,1,2,1,2,0,0,0,0,1,0,0,0,0,0,0,176,253,141,1,0,0,0,0,1,42,255,115,2,0,0,0,0,0,0,2,0,0,0,1,1,0,0,10,224,239,27,0,0,0,1,1,0,41,255,140,0,2,0,0,1,1,0,1,0,2,1,0,1,2,0,142,254,122,1,0,1,0,3,0,0,30,242,116,0,1,0,0,0,2,1,0,1,0,1,0,0,2,58,253,254,36,1,0,1,0,0,1,0,40,252,194,0,0,0,1,0,2,1,0,0,0,0,1,0,0,119,251,173,0,0,0,2,1,0,0,1,41,253,196,0,1,1,0,0,0,0,0,0,0,0,0,0,0,196,254,40,0,0,0,1,1,0,0,0,41,253,195,1,1,1,0,0,0,2,0,1,1,0,0,0,0,198,237,24,0,1,2,0,0,0,0,0,83,253,160,0,0,0,0,0,1,0,0,0,1,0,1,0,0,196,213,0,0,0,0,0,1,0,0,37,242,247,73,2,0,0,0,0,1,0,0,0,1,1,0,1,0,196,214,2,0,1,0,0,0,0,12,208,253,204,1,1,0,0,1,1,1,2,0,0,0,1,3,0,0,113,245,34,0,0,0,1,0,4,122,254,253,119,0,1,0,1,0,0,1,0,0,1,0,1,1,0,0,16,228,114,9,0,1,0,24,200,254,255,212,19,1,1,2,0,1,0,0,0,0,0,0,0,0,1,0,1,156,255,233,155,149,148,239,254,255,213,28,0,0,1,0,0,0,1,0,0,0,0,1,0,0,0,1,0,20,205,255,254,253,255,253,254,155,9,0,0,2,1,1,0,0,0,0,1,1,1,0,1,0,0,0,0,1,4,78,212,254,255,173,83,0,0,0,0,0,0,0,2,0,0,0,0,0,0,2,1,0,0,0,0,0,1,0,0,0,0,0,0,0,2,0,1,0,1,1,0,1,0,2,0,0,0,1,0,1,1,0,0,1,0,0,0,0,0,0,0,1,0,0,0,0,0,0,0,0,0,0,1,1,0,1,1,1,0,0,0,0,0,0,0,0,0,0,0,0,0,2,2,0,0,0,0,1,0,0,1,1,0,0,1,0,0,1,0,0,1,1,0,0,0,0,0,0,1,0,1,0,1,0,1,0,1,0,1
0,0,0,0,1,0,0,0,0,0,0,0,0,0,2,0,1,0,0,0,0,0,0,0,0,0,2,2,0,0,0,0,1,1,0,0,1,1,0,2,0,0,0,0,0,1,0,0,0,0,0,1,0,0,0,0,0,0,1,0,1,0,0,0,1,0,1,0,0,0,0,0,1,0,0,0,0,1,0,0,0,1,0,0,1,0,0,0,0,1,1,2,0,1,0,0,0,0,0,2,0,1,0,0,1,0,0,1,0,0,0,0,1,0,1,0,0,0,0,0,1,0,0,0,0,0,0,0,0,0,0,0,1,1,2,1,1,0,0,0,0,1,1,0,0,0,0,0,1,1,0,1,1,1,0,0,0,0,0,0,0,1,0,2,0,1,1,0,0,2,0,0,0,1,1,0,0,1,0,0,40,73,152,173,253,1,1,0,1,0,0,172,111,1,1,0,0,0,0,0,0,0,0,0,0,21,100,202,244,254,252,131,47,1,0,0,0,0,40,252,192,1,2,1,1,0,0,0,0,0,0,31,91,216,254,255,214,141,61,0,0,0,1,0,1,31,231,254,91,0,0,0,2,0,0,1,0,21,183,233,251,252,212,92,11,2,0,0,0,0,1,1,1,172,252,193,30,0,0,1,2,0,0,0,0,254,253,233,112,1,2,0,0,0,1,0,1,0,0,10,173,255,232,0,0,1,0,1,0,0,0,1,0,174,251,254,173,41,0,0,0,1,0,1,1,0,0,172,252,233,49,0,0,1,0,1,0,0,0,1,1,3,82,192,252,254,172,40,0,0,0,0,0,11,213,252,234,40,0,1,0,0,0,0,0,1,0,0,0,0,0,29,89,213,252,242,161,42,0,1,0,214,253,233,51,1,0,0,0,0,1,0,0,0,0,0,0,0,0,0,0,22,100,215,253,254,173,70,193,255,233,41,0,0,0,1,0,0,1,0,0,0,1,0,0,0,0,0,2,1,0,9,131,213,252,252,252,232,50,1,1,1,0,2,0,0,0,0,0,0,0,0,1,0,1,0,2,0,0,1,0,70,253,255,253,0,0,0,0,0,0,0,1,0,2,1,0,0,1,3,0,0,1,0,0,0,0,0,0,192,252,252,252,123,1,1,1,1,0,0,2,1,0,0,0,0,0,0,0,0,0,0,0,1,0,0,164,255,192,20,202,254,50,1,0,1,0,1,0,1,0,1,0,1,0,1,0,0,0,0,0,0,1,82,243,235,50,0,60,255,130,1,0,0,1,1,1,0,0,0,0,0,1,0,0,0,0,0,1,0,0,254,232,41,0,1,0,232,214,0,1,1,1,0,1,0,0,0,0,0,0,0,1,0,0,0,1,2,81,252,70,0,0,0,0,152,250,2,2,0,1,0,0,0,0,0,1,0,0,0,0,0,0,0,0,0,100,255,71,0,0,0,0,175,252,1,0,0,2,0,2,0,2,0,0,0,1,0,0,0,1,0,0,0,19,254,232,100,20,0,82,252,130,1,0,0,1,1,0,0,0,0,2,0,0,1,0,0,0,1,0,0,0,122,222,254,252,213,252,183,20,0,1,0,0,1,0,0,0,0,0,0,0,1,0,0,1,1,1,0,1,0,21,48,91,152,109,0,0,0,0,0,0,0,0,0,0,1,0,0,0,0,0,2,1,0,1,0,1,0,1,1,0,0,0,0,0,0,1,1,0,0,0,0,2,0,0,0,0,0,1,0,1,0,2,0,2,0,2,2,2,2,1,1,0,0,1,0,0,0,0,1,2,0
0,0,0,0,0,1,0,0,0,1,0,0,1,0,0,0,0,0,0,0,0,0,0,0,0,0,1,0,0,2,2,0,0,1,1,0,0,1,0,1,1,1,0,2,0,2,1,0,0,1,0,0,0,0,1,0,0,2,1,1,0,0,0,0,0,0,0,2,0,0,1,0,0,0,2,0,1,0,0,0,2,1,0,0,0,0,0,0,1,0,2,3,1,1,0,0,0,1,1,0,0,0,0,1,0,0,1,0,0,0,1,0,1,1,0,0,0,0,2,0,0,0,1,1,0,0,1,1,0,0,0,1,0,0,1,0,3,1,0,2,0,0,0,0,1,0,1,1,1,1,0,1,0,0,1,0,0,0,0,0,0,0,0,1,0,1,0,1,0,0,0,0,0,1,0,0,1,1,0,1,0,0,0,0,1,1,0,1,2,0,1,0,0,0,0,0,1,0,0,0,0,2,0,0,2,1,0,1,1,0,0,14,139,218,209,124,0,0,1,0,0,0,1,0,0,0,1,1,0,0,0,0,0,1,0,1,23,83,104,209,252,254,251,209,0,0,0,0,0,2,1,1,0,0,0,1,1,0,1,1,0,0,15,127,238,251,254,252,251,251,251,107,0,0,0,1,1,0,0,1,0,0,0,0,1,0,0,0,1,99,234,252,251,253,254,231,137,111,241,39,43,0,0,0,1,2,0,1,0,0,0,0,1,0,0,2,89,236,252,251,254,165,40,27,8,106,186,233,237,17,0,0,0,0,0,1,0,2,0,0,0,2,0,83,253,255,185,56,2,0,1,15,191,254,254,255,182,4,0,0,1,0,1,0,0,1,0,3,0,0,0,169,251,151,15,0,1,0,145,210,245,224,172,254,151,6,0,1,0,1,0,0,0,1,1,0,0,0,13,211,253,169,128,135,231,233,253,246,126,15,161,253,64,0,0,0,0,0,1,0,0,0,1,0,0,0,7,197,252,252,251,251,253,253,251,98,0,43,239,252,62,1,0,0,0,0,0,0,1,2,0,1,0,0,0,81,253,251,252,251,181,103,85,14,0,108,254,173,12,0,1,0,0,0,1,0,0,1,0,0,1,0,0,1,0,106,106,10,0,0,1,0,30,218,254,0,0,1,0,0,0,0,0,1,0,1,0,0,1,0,0,1,0,1,1,0,0,0,0,0,127,251,217,0,0,0,0,1,0,0,0,0,0,1,0,0,0,1,0,0,0,0,0,0,1,2,0,0,180,250,95,1,0,0,0,0,0,0,1,1,1,2,0,1,0,1,0,0,1,0,1,0,1,0,2,57,246,208,12,0,0,1,0,0,0,0,1,0,0,0,0,0,1,2,0,0,0,0,0,1,0,0,0,84,253,189,0,0,1,1,1,0,0,0,1,0,0,0,1,1,0,0,1,0,0,0,0,0,0,0,0,191,252,85,0,0,0,0,0,1,0,0,0,0,0,0,0,0,0,0,0,0,1,1,0,0,2,1,1,189,243,57,0,1,0,1,2,1,0,0,0,0,1,1,0,0,0,0,1,2,0,0,1,1,0,0,23,222,178,0,1,1,0,0,0,0,1,0,0,0,0,1,1,0,0,0,2,3,1,0,0,1,0,2,43,252,125,0,0,1,1,1,0,0,1,2,0,0,0,0,0,0,0,0,2,0,1,0,0,0,1,0,27,156,21,1,0,0,0,0,1,0,1,1,0,0,0,0,1,0,0,0,1,2,0,0,2,0,0,1,1,1,1,0,0,0,0,0,1,0,0,0,0,0
0,0,0,0,1,0,0,0,0,0,0,0,1,1,0,1,0,0,0,0,0,1,0,0,0,0,0,0,0,1,1,1,0,0,0,0,0,0,0,0,1,1,0,0,4,0,1,0,1,0,0,0,0,0,0,2,2,1,0,1,0,1,1,1,1,1,0,0,0,0,0,1,0,2,1,0,0,2,0,1,0,1,2,0,1,0,0,1,1,1,0,0,1,1,0,0,0,1,1,1,0,0,1,2,0,0,0,0,0,0,0,1,1,0,1,0,0,1,1,0,1,0,0,0,0,0,1,1,1,0,0,0,1,1,1,0,0,0,0,0,0,0,0,0,2,0,2,1,1,0,0,0,1,0,1,0,0,1,1,0,0,0,0,0,0,1,0,0,3,0,0,0,0,0,0,0,0,0,0,1,1,1,1,1,0,0,2,1,0,0,0,0,0,0,3,1,2,0,0,0,0,0,0,0,0,0,53,164,249,254,254,250,131,0,0,0,0,1,1,0,0,1,0,0,1,1,0,2,0,0,0,0,6,132,251,237,191,192,160,196,253,154,1,0,0,1,1,0,0,0,1,1,0,0,0,1,1,0,0,0,90,254,174,20,0,0,0,2,189,254,150,22,2,0,2,0,1,0,0,0,1,0,0,1,1,1,0,30,245,203,1,0,1,0,0,27,243,254,254,123,0,0,0,0,0,0,0,1,2,0,0,0,1,0,0,37,253,155,0,1,1,0,0,106,255,253,246,243,29,1,0,0,0,0,0,1,1,0,0,0,0,0,2,9,211,223,7,0,0,0,0,105,253,159,159,213,10,2,1,1,1,0,1,1,0,0,0,0,0,0,0,0,51,254,225,5,0,0,0,19,255,113,220,170,1,0,0,0,0,0,0,0,2,0,0,1,1,1,0,0,0,107,253,226,109,8,0,161,253,252,237,48,0,0,2,0,0,2,1,0,1,0,1,0,0,0,0,2,0,0,77,194,248,240,236,251,252,234,83,1,0,0,0,0,0,1,0,1,0,0,1,0,0,1,0,0,0,0,0,1,29,125,246,251,152,21,0,0,0,0,0,0,0,0,2,0,0,0,1,1,0,0,0,1,2,0,0,1,0,1,210,228,12,1,1,3,1,0,0,0,0,0,0,1,0,1,0,0,0,2,2,0,1,0,0,2,2,72,244,109,2,0,0,0,0,0,1,0,0,0,1,0,0,0,0,0,0,0,0,0,1,0,0,1,0,197,243,37,0,0,0,1,0,0,0,0,0,0,0,1,0,2,0,0,0,0,1,0,0,0,0,0,0,224,195,0,0,0,1,1,0,0,0,0,0,1,0,0,1,0,1,0,0,0,2,1,0,0,2,0,0,223,131,0,0,0,1,0,0,0,0,0,0,1,0,0,1,2,0,2,0,0,1,0,2,0,0,0,55,252,82,1,0,0,0,1,0,0,1,2,2,0,0,1,0,0,0,0,1,1,0,0,0,0,0,0,60,253,89,0,0,0,0,2,0,2,0,0,1,1,1,0,0,2,0,1,1,0,0,0,0,1,0,2,131,254,102,0,1,0,0,2,0,0,0,0,1,1,0,0,0,0,1,2,1,0,0,0,0,0,1,0,150,252,133,0,0,2,0,2,0,1,1,0,0,0,0,0,0,0,0,1,0,0,1,0,0,0,0,0,115,254,134,1,0,0,0,0,0,1,0,1,0,0,1,0,1,0,0,0,0,0,0,0,0,0,0,1,0,0,0,0,0,0,1,0,0,0,3,0,0,0,0,1
0,0,2,0,1,1,3,1,1,0,0,1,0,0,0,0,0,0,1,1,0,2,0,0,0,1,0,0,0,1,1,0,0,0,0,0,0,0,0,1,0,1,0,0,0,0,0,1,1,0,1,0,1,1,1,2,0,0,0,0,0,1,1,0,0,0,0,0,0,0,0,1,0,0,0,1,0,0,0,0,0,2,0,0,1,0,0,1,1,0,0,1,0,1,0,0,0,0,1,1,0,0,1,0,1,0,0,1,0,0,0,1,1,0,0,1,0,0,1,2,1,0,2,0,1,1,0,1,84,203,1,0,0,1,0,0,1,1,0,0,0,0,0,1,0,0,0,0,1,2,0,1,0,0,0,48,238,239,1,0,1,0,0,2,0,0,0,0,0,0,0,1,0,1,0,0,1,1,0,0,1,0,0,106,253,173,0,0,0,1,0,1,0,1,1,0,1,0,0,2,1,0,0,1,2,0,2,2,0,0,0,115,255,91,0,1,0,1,0,0,0,0,1,2,0,0,2,0,2,0,1,0,0,1,1,3,0,0,0,204,254,39,1,0,2,3,0,0,0,1,0,0,0,0,0,1,0,1,0,3,0,0,0,1,1,0,47,249,200,5,1,0,0,0,0,0,1,0,1,0,0,0,0,0,0,1,0,1,0,0,0,0,0,0,123,253,193,0,0,2,0,0,2,1,0,0,0,1,0,0,2,0,0,0,0,0,0,0,0,0,0,0,149,254,98,0,0,0,0,0,2,0,0,0,1,0,0,1,0,0,1,0,0,0,0,0,1,1,0,0,228,252,23,0,0,1,0,0,0,0,0,0,0,0,1,0,1,0,2,0,0,0,0,0,1,1,0,56,254,190,2,0,2,0,0,2,1,0,1,0,0,0,0,0,0,0,2,0,0,0,0,0,1,0,0,176,252,148,2,0,0,0,2,0,0,0,0,1,0,2,0,0,1,0,1,0,3,0,0,2,0,1,1,194,253,149,0,2,1,0,0,0,0,0,0,0,0,0,0,1,1,0,1,0,1,0,1,1,0,0,0,195,232,44,0,0,1,0,0,0,0,0,0,2,2,0,0,0,1,0,1,0,1,0,0,0,1,1,28,237,204,0,0,0,0,0,1,1,0,0,1,0,0,0,0,0,0,0,0,1,1,1,1,1,0,1,53,255,117,2,0,0,0,0,0,0,0,0,2,1,0,1,1,1,2,0,1,0,1,0,0,0,1,1,140,254,104,1,1,0,2,0,1,0,0,1,0,0,0,0,2,1,0,0,0,0,2,0,0,1,0,1,232,255,52,0,0,0,0,0,0,0,0,0,0,0,0,1,1,0,0,1,1,0,0,0,1,0,0,0,240,220,4,0,1,0,0,0,0,1,0,2,0,0,0,0,0,0,0,0,0,0,2,0,0,1,0,0,240,158,1,0,1,1,0,1,0,0,0,0,0,0,0,0,1,0,0,0,1,0,0,0,0,1,0,1,239,233,4,0,0,0,0,0,0,0,1,0,0,1,0,1,0,0,0,1,0,1,2,0,0,1,0,1,0,2,0,0,1,0,0,0,1,0,0,0,1,0,0,0,0,0,0,1,0,0,0,0,1,0,0,0,1,2,1,0,1,1,0,0,0,0,0,0,1,0,0,1,1,0,0,1,0,0,1,0,0,0,0,1,1,0,2,1,0,1,0,2,1,0,0,1,1,0,0,0,0,0,0,0,0,0,0,0,0,0,0,0,0,1,0,0,1,0,0,0,1,0,0,0,0,1,0,1
0,1,0,0,0,1,0,0,0,0,1,0,1,0,0,0,0,0,1,0,0,0,0,0,0,0,0,2,0,0,0,0,0,0,0,0,1,0,1,0,1,1,0,0,0,1,1,1,0,0,1,0,1,1,0,1,0,0,0,0,1,3,0,1,1,0,1,1,1,0,0,1,2,1,0,0,0,0,2,2,0,0,1,0,1,1,0,0,0,0,0,1,0,1,0,0,1,0,0,1,0,1,0,0,1,0,1,0,1,0,0,1,0,0,0,1,1,1,0,0,0,0,0,1,0,0,0,0,0,1,1,0,0,0,0,0,1,0,1,1,1,2,0,0,1,0,0,0,0,0,0,0,0,0,0,1,1,0,2,0,0,1,0,1,2,0,1,0,0,0,0,1,2,0,0,1,0,0,0,0,1,4,19,19,6,0,0,0,0,1,0,0,0,0,2,1,3,0,1,0,1,1,0,1,0,0,0,1,5,137,252,253,130,1,0,1,0,10,14,1,0,0,1,1,0,0,0,0,2,0,0,0,0,0,0,42,174,251,253,196,72,0,1,0,0,106,156,2,0,0,1,0,1,1,1,0,0,1,1,0,0,0,41,224,254,247,126,24,0,0,1,0,0,107,253,90,1,0,1,2,0,0,1,0,0,2,0,0,0,105,224,254,226,164,0,0,0,2,1,0,1,89,250,156,0,0,0,0,0,0,0,0,1,0,0,1,125,223,253,199,26,0,1,1,0,0,0,0,0,0,237,254,31,0,0,0,0,0,0,0,2,0,2,71,254,253,200,24,0,0,0,0,0,0,0,0,0,1,237,253,129,1,0,0,0,0,0,1,1,0,106,253,254,232,24,0,0,0,0,0,0,0,0,2,0,1,209,253,132,1,1,0,1,1,0,0,2,1,136,254,249,105,0,0,0,0,1,0,0,0,0,0,0,1,113,254,163,1,1,0,1,0,0,2,0,42,229,250,102,1,1,0,1,0,0,0,0,0,0,0,0,1,209,255,218,0,0,0,1,0,0,0,2,232,254,236,0,0,0,0,0,0,0,0,0,1,0,31,131,204,250,254,91,0,1,1,0,0,0,0,0,150,254,237,2,0,1,1,1,0,1,66,126,209,213,230,255,217,167,111,1,1,1,0,1,1,1,0,1,23,211,252,145,95,95,96,179,218,220,247,254,255,221,161,50,21,0,0,0,1,1,0,1,0,0,0,0,0,23,160,253,255,255,255,255,233,229,180,155,115,21,0,0,1,1,0,0,1,0,0,0,0,0,0,1,2,1,2,23,40,71,24,23,19,19,7,0,0,0,1,0,0,0,1,1,0,1,0,0,0,0,1,0,0,1,1,0,2,1,0,1,2,0,0,0,0,0,1,0,0,2,0,2,0,0,2,1,0,0,2,0,0,0,0,0,0,0,1,0,1,1,1,1,0,2,0,0,1,0,2,0,0,0,0,0,1,0,2,0,1,1,0,1,0,0,0,0,0,0,1,0,0,1,0,0,1,0,1,0,1,0,1,0,0,0,1,1,1,0,0,0,0,2,0,0,0,0,1,0,2,0,0,0,0,0,0,2,0,0,0,2,0,0,0,0,0,1,0,0,0,0,0,0,0,0,1,0,1,0,0,1,0,0,0,0,2,0,1,0,0,0,0,1,0,0,1,0,1,0,1,2,0,0,0,2,0,0,0,0,0,1,0,0,1,0,0,0,2,0,0,0,0,0,0,1,1,0,0,0,0,0,0,0,0,1,1,0,0,1,0,0,0,0,0
0,0,0,0,0,0,0,0,0,0,1,0,0,0,0,0,0,0,2,2,0,1,0,0,0,0,0,0,1,0,0,1,0,0,0,1,1,0,0,0,0,0,1,0,0,2,0,0,0,0,0,0,0,0,0,1,0,0,0,0,2,0,0,1,1,0,2,0,1,1,0,1,1,0,1,0,1,0,0,0,1,0,2,0,0,1,0,0,1,1,2,0,0,0,1,1,0,0,0,1,0,0,0,0,0,0,2,0,0,0,1,0,0,0,0,0,0,0,2,0,0,0,0,0,0,0,0,0,1,1,0,0,0,1,0,0,0,1,1,0,0,0,0,1,0,1,0,0,0,0,0,0,0,79,208,252,255,255,183,103,32,0,0,0,0,0,1,0,0,0,1,0,0,0,0,0,0,0,0,0,48,230,255,252,253,252,251,254,243,0,0,0,0,1,2,2,0,1,0,0,0,0,0,0,0,1,0,38,241,253,196,126,134,107,154,155,147,0,1,0,0,1,2,0,0,1,0,0,1,0,0,1,0,0,7,202,252,89,6,2,0,1,0,0,1,0,1,1,0,0,2,0,0,0,0,2,0,2,0,2,1,0,86,252,179,12,0,0,1,0,0,1,1,1,0,0,0,0,0,0,0,0,0,0,0,0,0,0,0,31,215,218,14,0,1,1,0,1,0,0,2,0,0,0,0,0,1,1,1,0,0,1,1,0,0,0,8,192,243,61,0,0,0,0,1,3,0,0,0,0,1,0,0,0,2,1,0,0,0,0,1,0,0,6,182,254,113,0,0,0,1,12,44,2,0,0,2,1,0,1,2,0,0,0,0,0,1,0,0,0,0,106,253,252,139,97,188,186,189,205,252,131,26,1,2,1,0,0,0,0,0,0,2,0,0,1,0,0,0,84,253,253,252,252,253,251,239,172,254,253,137,1,0,0,0,0,0,0,1,0,0,1,0,2,2,0,0,11,158,110,112,42,0,1,2,0,92,136,253,164,1,2,1,1,0,0,1,1,0,0,1,0,0,0,0,0,1,0,0,1,0,1,0,0,0,165,252,165,1,0,0,2,0,1,0,0,3,0,1,0,0,0,0,0,0,0,0,0,1,0,0,0,2,242,254,122,0,0,0,1,2,0,0,0,1,1,2,0,2,0,0,2,0,0,0,0,1,0,0,36,224,252,225,27,1,0,0,0,0,0,1,0,0,2,1,0,0,1,0,0,0,0,1,0,2,0,7,155,252,252,172,0,2,0,0,0,0,0,0,0,0,1,0,0,0,1,0,0,0,0,0,1,0,39,160,253,252,197,18,0,0,0,0,0,2,1,3,0,0,0,0,0,1,2,2,0,1,0,1,2,94,227,254,250,149,16,0,0,1,1,0,0,0,0,0,0,1,0,0,0,0,1,1,43,13,17,51,171,253,252,228,107,0,0,1,0,0,3,0,0,0,0,1,2,0,2,0,0,2,0,0,210,210,211,254,254,253,136,29,1,0,0,0,0,0,0,0,0,1,0,1,0,0,0,0,0,0,1,1,16,129,254,196,80,34,6,0,1,1,0,0,1,0,1,1,0,0,1,0,0,0,0,0,1,0,0,0,0,0,1,0,0,0,0,0,1,0,0,0,2,0,0,1,0,0,0,2,0,0,1,0,0,0,0,0,0,0,0,0,0,0,0,0,0,1,1,0,0,2,0,0,0,0,0,0,0,0,0,1,0,0,0,0,0,0,0,0,0,1,0,1,0,1,0,2,2,0,0,0,0,0,1,1,0
2,0,1,0,0,0,0,1,2,1,1,0,2,0,0,0,2,0,2,0,0,1,0,0,0,1,0,0,0,0,0,2,0,1,0,0,1,0,0,0,0,0,1,2,0,0,0,3,0,1,0,1,1,1,1,1,0,0,1,0,0,0,1,0,0,1,1,0,0,0,1,0,2,0,0,0,0,0,0,0,1,1,0,2,0,1,0,1,0,0,0,0,1,0,0,1,0,0,0,0,1,0,0,0,1,2,0,0,1,0,1,0,0,1,0,3,0,1,0,0,0,0,0,0,0,1,0,129,128,191,254,255,254,128,64,0,0,0,0,0,0,1,2,0,0,1,0,1,2,0,0,0,64,190,255,255,255,255,255,255,255,255,254,64,0,0,0,0,0,0,1,1,0,1,0,0,0,0,0,0,191,255,254,255,255,255,255,128,192,255,254,255,0,0,1,0,0,1,0,1,1,1,1,0,1,1,0,62,255,255,127,63,0,128,1,0,1,128,255,254,0,0,0,0,0,0,0,0,1,1,1,0,1,0,0,64,128,0,0,1,0,0,0,0,1,128,255,192,0,0,0,0,0,1,1,0,2,1,0,0,0,0,0,0,1,2,0,0,1,0,0,0,65,255,255,0,0,0,0,0,0,0,0,0,0,0,0,1,1,0,0,0,0,0,0,1,2,0,0,66,255,255,191,2,1,0,0,0,0,1,1,0,0,0,0,0,0,0,1,1,1,1,1,0,0,0,191,253,255,129,1,0,0,0,0,2,1,2,1,0,0,0,0,0,0,1,0,0,0,0,0,2,130,255,255,129,0,0,0,0,1,0,0,1,0,0,2,1,0,0,0,0,0,1,1,1,0,0,62,192,254,255,62,0,0,2,0,0,0,0,2,1,0,1,0,0,1,2,0,0,0,1,0,1,0,63,255,255,190,65,2,0,0,0,1,0,0,0,0,0,0,0,1,1,0,0,2,1,0,2,0,64,192,254,192,64,2,0,0,0,1,0,0,0,0,1,2,2,0,0,0,0,0,0,0,0,0,2,128,253,255,191,0,0,0,0,0,0,0,1,0,1,0,0,0,0,0,1,1,1,0,0,0,0,64,191,255,255,127,0,0,1,0,2,0,0,0,0,0,1,0,1,0,0,1,3,0,0,1,0,64,129,255,255,255,0,2,0,0,62,127,129,255,191,65,0,0,0,1,0,0,0,0,0,0,0,0,64,255,255,255,63,2,1,0,63,255,255,255,254,190,0,0,1,1,1,0,0,0,2,0,1,0,1,0,254,254,255,255,255,255,254,255,253,255,254,253,0,0,1,0,0,0,0,0,1,0,0,2,0,0,0,127,255,255,255,253,255,255,254,253,255,129,64,0,1,0,0,0,0,0,0,0,0,0,0,0,0,0,0,191,255,255,254,255,255,191,129,65,0,0,0,1,0,1,2,0,0,0,0,0,0,1,1,0,1,2,0,0,0,128,128,0,0,0,0,0,0,0,0,0,1,0,0,0,1,0,0,0,0,1,1,0,0,0,0,2,0,0,0,0,0,0,0,0,1,0,2,0,0,0,1,0,0,0,2,1,1,0,0,1,1,0,0,0,0,1,1,0,0,0,1,0,1,0,0,0,0,0,1,0,0,0,0,0,2,0,0,0,0,0,1,0,0,0,0,2,0,0,2,0,0,0,1,1,0,0,0,0,1,1,0,0,0,0,1,1,0,0,0,0,0,0,1,0,1,0,1,0,0,0,0,0,0,0,0,1,0,0,0,0,0,1,1
0,0,0,1,0,0,0,0,0,0,0,0,0,1,0,0,0,1,2,0,0,0,1,1,0,0,1,1,0,0,0,0,1,1,0,0,0,0,1,0,1,0,3,0,1,0,0,0,1,1,1,0,1,0,0,0,1,0,1,0,1,1,0,0,0,1,1,0,0,0,1,1,0,1,2,0,0,1,1,1,0,1,1,2,0,0,0,2,0,0,0,0,2,0,1,0,0,0,0,0,0,0,0,0,0,1,1,0,0,0,1,0,0,0,0,1,0,0,1,0,6,17,74,134,139,163,253,253,255,193,121,0,0,0,0,0,1,0,0,1,0,0,0,0,0,0,7,126,187,255,252,251,254,252,254,253,252,252,242,76,10,0,0,1,0,0,1,1,0,0,0,0,4,69,190,253,252,252,253,248,199,173,85,81,82,144,252,251,151,0,0,0,2,2,0,0,1,0,0,0,18,253,254,251,253,191,70,60,0,0,0,2,1,46,254,253,236,40,1,0,1,1,0,1,0,0,0,1,115,252,253,187,68,6,0,0,0,1,1,0,2,171,252,253,201,9,0,2,0,1,0,1,1,0,1,1,32,254,156,7,1,0,0,0,0,2,0,1,150,255,255,252,84,0,0,0,0,0,0,0,0,0,0,0,1,11,3,0,0,0,0,0,0,0,0,107,241,254,253,147,3,0,0,0,0,0,0,0,0,0,1,1,0,0,0,0,0,1,0,0,1,18,151,255,253,253,214,0,0,0,0,1,2,0,0,1,0,1,0,0,1,0,0,0,0,0,1,52,160,225,253,252,254,225,40,2,0,1,1,0,1,1,1,1,0,0,0,0,0,0,1,0,1,25,121,252,253,253,254,253,252,212,156,0,1,0,0,1,0,0,0,1,0,0,0,0,0,1,0,0,0,103,254,254,252,254,252,253,252,253,248,119,60,0,0,0,0,0,0,0,0,1,0,0,0,0,0,0,0,68,248,254,255,188,70,41,41,101,172,254,245,87,0,0,1,0,0,0,1,0,0,1,0,2,2,0,0,2,78,130,23,8,1,0,0,1,17,214,254,244,32,0,0,0,0,1,0,0,0,1,0,0,0,1,4,0,0,0,0,0,0,1,0,0,0,27,218,253,201,8,0,1,0,0,1,0,1,0,0,22,125,9,0,0,0,0,0,0,0,0,1,0,0,21,193,253,253,18,0,1,0,1,1,0,0,0,1,31,239,152,32,0,0,2,0,0,3,0,1,3,63,222,255,254,254,16,1,0,3,2,0,0,1,0,0,1,172,254,229,134,33,0,0,1,20,66,65,185,251,252,254,253,151,5,0,0,2,0,1,2,1,0,0,1,60,233,253,252,230,201,201,202,217,252,253,254,253,253,254,148,8,0,0,1,1,0,0,1,1,0,0,0,0,26,77,240,254,253,252,253,252,253,254,253,242,153,69,10,0,0,1,0,0,0,0,0,2,0,0,0,0,1,0,14,189,253,255,253,253,154,135,76,15,0,1,0,2,0,1,1,0,0,0,2,1,0,0,0,0,0,0,0,0,1,0,0,0,0,2,0,1,2,0,0,1,1,0,0,0,0,2,0,0,0,1,1,0,1,1,0,1,2,0,0,0,0,1,2,1,1,0,0,0,1,0,1,1,0,0,0,1,0,0,1,0,1,1,1,0,1,2,0,0,2,0,0,0,2,0,1,1,1,0,0,0,2,0,0,1,0,0,2,0,1,1,0,0,0,2,1,2,3,0,1,0,0,0,0,0,1,0,0,0,0
0,0,2,0,0,0,3,0,1,0,0,0,0,0,0,0,2,0,2,0,0,1,0,0,0,0,0,1,0,0,0,0,0,1,1,1,0,1,0,1,0,0,0,1,0,0,3,1,2,0,0,2,0,0,1,0,1,1,0,0,0,1,1,1,0,0,0,0,0,0,0,0,0,0,2,0,0,1,0,1,0,1,0,1,0,0,0,1,1,0,1,2,0,0,0,2,1,0,0,2,1,0,1,0,0,0,0,1,0,0,0,0,0,2,0,0,0,1,1,0,0,2,0,0,0,0,1,2,0,1,1,0,0,0,0,0,2,2,0,1,1,0,0,1,1,1,1,0,2,0,0,0,0,0,0,1,1,0,0,0,0,0,0,0,0,0,1,1,0,1,0,0,0,0,0,0,0,0,0,0,0,0,0,1,0,0,0,1,0,0,1,1,0,0,0,0,1,1,0,0,0,36,255,255,253,150,80,127,18,73,51,79,83,21,18,14,0,0,0,0,2,1,0,0,0,1,1,1,1,35,254,253,254,253,251,252,255,253,253,253,251,252,253,237,61,0,0,0,0,0,0,1,0,0,0,0,0,28,236,253,252,253,229,251,253,254,229,255,253,252,251,252,231,39,0,0,0,1,1,1,0,1,1,1,0,1,43,66,65,63,33,75,108,66,70,82,171,218,253,252,251,140,0,1,0,0,1,0,0,2,0,0,0,0,0,0,0,1,1,0,1,0,0,1,0,131,253,252,255,168,1,0,0,0,0,0,0,1,0,1,0,2,0,2,0,0,1,1,0,0,0,0,0,180,250,254,226,98,0,1,0,2,0,0,0,0,0,0,0,1,0,0,0,0,1,0,1,0,0,0,166,253,254,254,131,0,1,0,0,0,2,0,2,0,0,0,0,0,1,0,1,0,1,0,2,0,0,0,230,252,253,248,66,0,0,0,1,0,0,0,0,1,0,0,1,0,0,0,0,0,1,1,1,0,1,80,245,255,239,90,0,0,1,0,0,1,0,0,1,0,1,1,1,0,0,0,0,0,0,1,2,1,17,223,252,253,232,24,0,0,0,1,0,1,0,0,1,0,1,0,0,0,0,1,1,0,0,1,0,1,77,251,255,249,100,0,0,1,0,0,1,0,0,1,0,0,0,0,0,1,0,1,0,0,1,0,0,2,176,252,253,241,0,0,0,0,1,1,0,0,0,0,0,1,0,1,0,1,2,0,1,0,0,1,0,80,221,252,253,83,0,0,0,0,2,0,0,0,0,0,2,0,0,1,0,0,0,1,1,0,0,3,106,252,253,252,189,6,2,0,1,1,0,0,1,0,2,0,1,0,0,0,0,1,0,0,2,1,0,38,254,253,254,252,24,0,0,0,0,1,1,1,0,0,0,0,1,0,0,0,0,0,0,1,0,0,3,163,252,253,254,192,7,1,0,0,0,0,0,0,0,1,0,0,0,0,1,0,0,2,1,0,1,1,92,252,252,253,202,63,2,0,1,1,0,0,0,0,0,0,0,1,1,1,0,0,0,0,2,0,0,1,125,253,253,252,115,0,1,0,1,0,2,1,0,0,1,1,1,0,0,0,0,0,0,0,0,1,1,0,125,251,251,154,7,0,0,0,0,0,1,0,0,0,1,1,1,0,0,0,1,0,0,0,1,0,0,0,10,201,234,41,0,0,0,0,0,1,1,0,0,0,0,0,0,1,0,0,0,1,0,1,0,0,0,0,0,0,0,2,0,0,0,0,0,0,1,0,0,0,0,1,0,1
0,0,0,0,2,0,0,0,1,0,1,0,0,2,0,1,1,0,0,2,0,0,0,0,0,0,1,2,0,0,0,1,2,0,0,0,1,0,0,1,1,1,0,2,0,0,2,0,0,0,0,1,0,1,1,1,0,3,0,1,0,0,1,0,1,1,1,1,0,0,0,0,1,0,0,1,0,0,0,0,0,0,1,1,1,0,0,0,0,0,0,1,1,0,0,0,0,1,0,52,238,221,38,0,0,0,0,0,0,0,0,0,0,1,0,0,0,0,2,2,0,1,1,0,1,10,163,239,254,253,208,0,1,2,0,0,0,1,0,2,0,0,0,2,2,1,0,0,0,0,0,3,45,204,253,255,253,254,144,1,2,0,1,0,0,0,0,1,1,0,0,1,0,1,1,0,1,0,0,26,157,252,251,254,253,254,242,91,0,1,0,0,0,0,0,0,0,0,0,0,1,0,0,0,0,0,0,146,251,252,251,253,251,253,250,252,140,95,0,1,0,0,1,0,1,0,0,0,0,1,1,1,0,1,51,237,253,252,252,255,253,253,253,251,254,169,1,0,0,0,0,0,0,0,0,0,1,1,0,2,2,0,160,253,252,251,203,28,74,186,251,253,253,243,98,0,0,1,0,0,0,0,1,0,2,0,1,0,1,0,253,252,252,198,26,0,0,59,252,253,253,232,76,0,0,0,0,0,0,1,1,0,0,0,0,0,2,1,252,251,252,99,16,14,29,155,253,254,254,168,0,0,0,0,1,1,0,1,1,0,1,0,0,0,1,0,253,252,250,238,202,192,251,252,252,250,252,87,2,0,0,0,1,1,0,0,0,1,0,0,0,0,0,141,254,253,252,252,253,255,254,255,251,255,80,2,0,1,0,0,1,1,0,1,0,0,0,0,1,0,151,240,252,252,252,252,253,254,252,251,253,251,0,0,0,0,0,2,0,0,1,0,0,0,0,0,0,45,233,252,252,252,238,103,131,253,252,251,253,253,135,6,2,1,0,0,0,0,1,0,1,0,0,1,0,149,251,254,253,193,65,0,1,146,247,254,252,253,255,124,0,0,0,0,0,3,0,2,0,1,0,0,49,228,254,252,252,89,0,0,0,0,224,251,252,251,253,167,0,0,0,0,0,1,0,0,0,0,0,0,86,252,253,253,203,14,2,13,114,255,253,253,252,252,255,105,0,0,0,0,1,0,1,2,0,1,1,0,85,251,252,252,241,146,225,228,252,254,253,252,252,252,26,3,0,0,0,0,1,1,0,0,1,0,0,0,84,253,253,252,251,253,252,251,251,252,253,250,247,117,1,0,0,0,1,0,0,1,0,0,1,0,0,1,28,214,251,253,252,251,252,252,252,225,224,222,122,0,0,0,0,0,0,0,0,0,0,0,1,1,0,1,1,119,250,252,253,252,252,158,113,0,1,0,0,0,0,0,0,0,0,0,0,0,0,0,0,0,1,0,1,0,0,0,0,1,1,0,0,0,0,0,0,0,1,0,0,0,0,0,0,1,0,0,0,0,0,0,0,1,0,0,0,0,0,0,0,0,0,0,1,0,1,0,2,1,3,0,0,1,0,0,0,1,0,0,0,0,0,0,1,1,0,0,0,0,0,0,0,0,0,0,0,0,1,1,1,0,0,1,1,2,0,0,0,0,2,1,0,0,0,0,0,2,1,0,1,0,1,0,1,0,2,1,1,0,1,1,0,1,0,1,1,0,0,4,0,2,2,1,1,0,0,0,1,0,1,0,0,1,1,0,0,1
0,1,1,0,1,0,0,1,0,0,0,1,0,0,0,0,0,2,0,0,1,0,0,0,0,0,1,0,1,0,0,1,0,1,0,1,2,0,0,0,1,0,1,0,1,1,0,0,0,0,0,0,0,0,0,0,1,0,0,1,0,0,0,0,1,1,1,0,0,0,1,0,1,0,0,0,0,0,0,0,0,0,0,1,0,0,0,0,0,1,0,1,0,0,0,2,1,0,1,0,1,0,2,1,1,1,0,0,0,0,1,1,0,0,0,1,2,1,0,0,0,1,0,0,2,0,0,1,0,0,0,1,1,2,1,2,0,0,0,1,1,1,0,0,0,0,0,0,2,0,0,0,0,0,0,0,0,0,0,0,1,1,0,0,2,1,0,0,3,2,0,0,0,1,0,0,0,2,39,191,255,254,242,120,2,0,0,0,0,0,1,1,0,0,1,1,1,1,0,0,0,1,1,0,0,44,238,253,223,215,235,250,124,1,1,0,0,1,0,0,0,1,0,0,0,0,0,0,0,1,1,1,0,159,254,155,15,0,44,226,236,53,0,0,0,0,0,1,0,0,2,2,2,0,1,1,2,1,0,0,41,229,215,15,0,0,0,76,254,111,0,0,0,1,1,0,1,0,1,1,2,0,1,0,0,0,0,1,131,253,144,0,1,0,0,4,204,207,8,1,0,1,0,0,1,0,0,0,1,1,0,0,0,0,1,21,227,215,20,0,1,0,0,15,174,252,125,0,1,0,0,0,0,0,1,0,1,1,0,0,0,0,2,113,254,168,1,1,1,0,27,235,252,254,139,0,0,0,0,0,0,0,0,0,0,1,1,1,0,0,0,142,253,98,0,1,2,0,15,219,253,252,141,0,1,1,2,2,0,0,3,0,0,1,0,0,0,0,0,130,252,166,1,1,0,9,113,225,242,253,138,2,0,0,0,0,0,0,0,0,2,2,0,0,0,0,1,14,217,231,166,58,95,170,254,212,166,253,141,1,0,1,0,0,0,0,0,1,0,0,0,0,0,0,2,0,83,234,253,254,253,254,180,21,168,255,140,1,2,0,1,0,0,0,0,0,0,1,1,0,0,0,0,0,1,52,143,137,123,63,1,0,169,251,139,0,0,0,0,0,0,0,0,0,0,0,0,1,1,0,0,1,0,0,0,0,0,1,0,0,169,254,141,0,2,1,0,0,1,0,2,0,0,1,0,1,0,1,0,0,0,0,0,0,0,0,0,1,170,253,139,0,0,0,1,1,2,1,0,0,1,0,3,0,0,0,1,1,1,0,1,1,0,0,0,0,169,254,139,1,0,1,1,0,1,1,0,0,0,0,1,0,0,0,1,1,0,1,1,0,1,0,0,1,169,254,101,0,0,0,0,0,2,2,0,0,0,0,0,0,0,0,0,1,0,1,0,0,1,1,0,0,169,253,47,0,0,0,0,0,1,0,1,1,0,0,0,2,0,0,0,0,0,0,0,1,0,0,1,0,169,253,48,0,0,0,0,2,0,0,0,0,1,1,0,0,0,0,0,1,1,0,1,0,0,1,0,8,242,251,47,3,0,2,0,1,1,0,0,0,1,0,0,0,0,0,0,4,2,0,0,2,1,0,0,5,220,184,12,1,1,0,0,0,0,0,0,0,1,0,2,0,0,0,0,1,2,1,0,0,0,1,0,1,0,0,0,0,0,0,1,1,2,0,0,0,0,1,0,0,0,0,0,0,0,0,0,1,0,2,0,0,0,0,1,0,0,1,0,0,0,0,1,0
1,0,1,0,0,0,0,0,1,1,1,0,0,0,0,0,0,1,1,1,0,0,1,0,1,1,2,0,1,0,0,0,0,0,0,0,0,0,0,0,0,0,0,0,0,0,1,1,1,0,0,0,0,0,0,0,0,0,0,0,2,0,0,0,1,2,0,0,0,0,1,0,0,0,0,0,0,0,1,0,0,1,0,0,1,0,0,0,1,1,1,1,2,0,1,0,0,0,1,2,1,1,1,0,1,0,0,0,0,0,0,0,0,1,0,0,0,0,0,0,2,0,0,0,0,0,0,0,0,0,0,0,2,0,0,0,1,0,0,0,1,0,0,0,2,0,0,2,0,0,57,248,238,103,11,1,0,2,0,0,2,0,0,1,2,1,0,0,0,0,1,1,2,0,0,0,0,0,137,255,254,254,116,0,1,0,0,0,0,1,0,0,1,0,0,1,0,0,0,0,1,1,0,1,1,2,138,253,237,108,9,0,2,0,0,1,0,0,1,0,0,0,0,0,0,0,0,2,0,2,0,0,0,0,140,254,128,0,0,0,2,83,87,1,0,0,0,0,0,1,0,0,0,0,0,0,0,0,0,0,0,0,141,254,221,0,0,0,94,247,238,1,1,0,0,0,1,0,0,2,0,0,1,0,1,0,1,0,1,1,138,253,224,0,1,13,196,253,239,1,2,0,1,0,0,0,1,0,0,3,0,0,0,1,0,0,1,0,140,255,223,0,0,77,254,231,159,1,2,0,0,0,1,0,0,1,0,0,1,0,1,0,0,1,0,1,139,253,226,1,1,179,253,183,0,0,0,0,1,0,0,0,0,0,1,1,0,0,2,0,1,0,3,0,140,253,241,66,0,179,253,185,0,0,0,0,1,1,0,0,2,0,0,0,0,0,1,0,2,2,0,0,13,193,253,245,233,248,255,41,3,0,1,0,2,0,0,0,0,2,0,0,1,1,1,0,0,0,0,0,0,79,248,255,254,254,252,28,0,0,2,1,0,0,2,0,0,0,1,0,0,0,1,0,1,1,0,2,0,0,97,194,253,254,194,16,0,0,0,1,0,0,0,0,1,0,0,0,0,0,0,0,1,0,1,0,2,0,0,131,252,248,95,0,0,0,0,0,0,0,1,1,0,0,0,1,0,1,0,0,1,0,1,2,0,1,0,133,253,231,0,0,0,0,1,0,0,0,0,1,0,0,0,0,0,1,0,0,0,0,1,1,1,0,0,133,254,231,0,1,1,1,0,1,0,0,1,0,0,0,2,0,0,0,0,0,1,0,1,1,1,0,0,134,253,231,0,0,0,1,0,0,0,0,0,0,0,0,0,0,1,0,0,0,0,0,1,0,0,0,1,132,255,230,0,0,1,0,1,0,1,0,1,0,0,0,0,0,1,0,0,0,1,0,0,0,1,1,0,76,245,239,107,13,0,0,0,0,0,2,1,1,0,0,3,0,0,0,1,0,1,0,0,0,1,1,0,1,201,254,253,156,0,0,0,0,0,0,0,0,0,0,0,0,0,0,0,0,0,0,0,0,0,1,0,0,32,207,255,92,0,0,0,0,0,1,0,0,1,2,0,0,0,0,0,0,0,0,0,1,0,0,0,0,1,3,0,1,0,0,0,1,0,0,1,0,0,0,0,0,0,0,0,1,0,0,0,0,0,0,0,0,0,2,1,0,0,0,0,0,1,0,0,1,0,1,1,2,1,1,0,0,1,0,0,0,0,0,1,0,0,0,0,1,1,0,0,0,0,1,0,1,0,1
0,0,0,0,4,2,0,1,1,0,0,0,0,1,0,2,0,0,0,0,2,1,1,0,0,0,0,0,0,1,1,0,1,0,0,0,0,0,0,0,0,0,1,1,0,0,0,0,0,0,0,0,0,0,2,0,0,0,2,1,1,0,0,0,2,1,1,0,0,2,1,0,0,0,0,0,1,0,0,0,0,2,0,0,0,0,0,0,0,0,0,1,1,0,0,1,1,0,0,0,0,0,0,0,0,1,0,0,0,1,0,0,2,0,0,0,1,0,1,3,1,0,1,2,0,0,1,1,1,0,0,0,0,0,0,1,0,0,0,0,0,0,0,0,0,1,1,0,3,2,2,2,68,153,255,255,253,183,148,6,1,0,1,1,0,0,1,0,1,0,0,0,0,0,2,0,0,0,2,70,236,254,252,254,255,254,253,174,27,0,1,0,2,0,0,0,0,0,0,1,1,1,2,1,1,0,6,200,251,251,109,30,32,57,182,252,83,0,0,0,1,0,0,0,1,1,1,0,0,1,2,0,0,1,11,255,252,237,0,0,0,2,1,243,188,0,0,0,1,0,0,0,0,1,1,0,0,0,0,1,0,1,47,255,254,78,1,0,1,1,0,243,190,0,1,0,1,0,3,0,0,1,0,0,0,1,1,0,0,0,215,253,213,11,0,3,1,0,87,252,136,0,0,1,2,1,0,0,0,0,1,2,1,0,0,1,0,72,245,252,98,0,0,0,0,0,118,252,81,0,0,0,0,1,0,1,2,0,0,0,2,0,0,0,17,210,252,181,15,0,1,0,0,21,222,254,80,0,2,0,2,0,0,1,0,1,1,0,0,0,0,0,44,254,254,96,0,0,0,0,1,68,254,222,7,1,0,1,0,1,0,1,0,0,0,1,0,1,0,1,44,253,253,99,1,1,0,0,4,188,254,98,1,0,0,0,0,0,0,0,1,0,0,0,0,1,2,2,45,253,253,96,1,0,0,0,108,253,254,12,0,0,0,0,0,0,0,0,1,0,2,0,0,2,0,0,43,252,252,98,0,0,0,8,188,253,106,1,1,1,0,1,0,1,1,0,0,0,0,1,0,2,0,0,44,253,254,96,0,0,0,118,252,213,18,1,1,1,0,1,0,1,2,1,2,1,0,0,1,0,0,0,44,254,253,98,1,0,22,221,251,108,0,0,0,0,0,0,2,0,1,2,1,1,0,0,1,0,0,0,21,210,253,155,0,10,161,253,222,3,1,0,0,0,0,0,0,0,0,1,1,0,0,1,0,0,0,0,0,59,247,239,40,44,253,253,95,0,0,0,1,0,0,2,1,0,0,0,1,0,0,2,0,1,0,0,0,0,229,252,149,166,252,179,0,1,0,1,1,0,1,1,0,2,0,0,0,0,0,0,0,1,0,2,0,0,213,252,253,253,252,58,0,0,1,1,0,2,0,0,1,1,1,1,0,0,0,0,0,0,0,0,1,0,42,250,253,247,160,16,1,1,0,1,2,0,0,1,0,0,0,0,0,0,0,0,2,1,0,1,0,1,2,102,191,139,1,2,1,2,1,0,0,1,0,0,2,0,0,0,0,0,0,0,0,0,1,0,0,0,0,0,2,0,2,0,0,1,0,1,0,0,1,1,1,0,1,1,1,0,0,0,0,0,0,0,0,0,0,0,1,0,0,0,1,2,0,0,0,0,2,0,0,0,1,0,1,0,1,3,3,0,1,1,0,1,0,0,2,1,0,0,1,0,0,0,0,2,0,0,0,0,0,0
0,0,0,1,0,0,0,0,1,1,0,2,0,0,0,0,2,0,0,0,0,0,0,0,0,0,0,0,0,0,0,0,1,0,1,0,1,0,0,2,0,0,0,1,0,0,1,1,0,0,0,1,0,0,0,0,1,0,0,0,1,0,0,0,0,0,0,0,0,1,0,1,0,0,0,0,1,1,1,1,0,0,0,0,0,0,0,0,0,1,0,0,1,1,1,1,1,0,0,1,0,51,236,95,0,0,0,0,0,0,1,0,0,0,1,1,0,1,1,0,2,0,0,0,0,0,0,0,50,235,212,12,0,1,0,1,2,0,0,3,0,0,0,1,0,1,0,0,1,0,0,0,0,0,0,48,212,249,85,0,0,0,0,0,0,0,0,1,0,1,1,3,0,1,0,1,0,0,0,0,0,0,17,154,158,63,14,0,0,0,1,0,1,0,0,2,0,2,0,0,0,0,0,0,0,0,2,0,1,0,141,185,6,0,0,0,0,1,2,0,1,1,0,0,0,0,0,0,0,0,1,0,2,0,0,0,0,86,223,22,0,0,1,0,1,1,1,2,0,0,1,1,0,1,0,0,0,2,1,0,1,0,0,1,14,233,70,1,0,0,0,0,0,0,1,0,0,0,0,0,0,0,0,0,0,1,0,0,0,0,0,0,116,180,0,0,0,2,0,0,0,1,2,1,1,0,0,0,0,1,0,0,0,0,0,0,0,1,1,10,234,32,0,0,0,0,0,0,1,0,0,1,0,1,1,0,2,0,1,2,1,1,1,0,1,1,0,125,215,0,0,0,0,2,1,0,0,0,1,0,0,1,1,1,1,0,0,1,1,0,0,0,1,0,2,215,59,0,1,0,0,0,0,0,0,1,1,0,0,0,0,0,0,0,0,0,1,1,0,0,0,0,47,254,14,0,37,165,191,109,15,2,1,0,1,0,0,0,1,1,0,0,0,0,0,0,1,0,1,2,107,194,15,136,247,255,254,255,59,0,0,0,2,0,0,0,0,0,1,0,0,1,0,1,0,0,0,1,162,173,182,218,91,60,116,249,60,0,0,2,0,0,0,0,0,0,1,1,0,1,0,0,1,0,1,0,180,246,172,14,1,0,18,244,61,2,0,1,1,0,1,0,0,2,0,3,0,0,1,0,0,0,0,0,181,238,12,0,0,0,91,244,18,0,1,0,0,0,1,0,0,1,0,0,0,0,0,0,1,1,0,0,180,254,16,0,1,0,151,135,1,0,1,0,0,1,0,0,0,0,1,0,0,0,0,1,0,0,1,1,130,236,37,0,0,81,186,10,0,0,0,0,0,0,1,0,0,0,0,0,1,1,0,0,0,0,0,0,48,254,184,9,86,232,79,2,0,0,1,0,0,2,1,0,0,0,0,0,1,0,1,0,0,0,2,0,4,215,254,232,229,71,0,0,1,1,0,0,2,1,1,1,0,1,0,0,0,0,0,0,1,0,0,1,1,0,0,0,1,0,0,0,0,0,0,2,1,0,0,0,1,0,0,2,1,0,0,1,0,0,1,0,1,1,0,1,0,0,0,1,0,1,1,0,1,0,0,1,0,0,0,2,0,0,0,1,0,0,1,0,0,0,0,1,0,0,0,0,0,0,1,1,0,1,0,1,0,0,0,0,0,0,2,0,1,0,0,1,0,0,0,0,1,0,1,0,1,2,0,0,2,0,0,0,1,0,0,2,0,0,1,0,0,2,1,1,1,1,0,1,0,0,2,1,0,0,0,0,1,0,0,0,1,1
