3,1,0,0,0,0,1,0,1,0,7,0,18,0,0,0,0,0,0,15,0,5,7,6,6,0,0,0,0,0,0,0,0,0,10,0,33,0,0,0,0,0,11,0,0,5,0,0,0,0,0,1,0,22,0,5,15,4,0,0,36,0,0,0,0,0,18,0,4,15,9,0,9,12,0,0,1,0,0,0,0,0,0,13,0,0,25,4,0,6,19,1,0,8,6,0,0,0,0,0,17,16,32,18,31,14,8,4,0,0,15,1,0,0,15,0,2,0,0,12,0,0,0,0,3,12,15,0,0,0,35,0,8,2,5,6,0,21,0,3,0,12,0,9,0,6,22,0,0,3,32,13,5,11,4,7,0,5,0,6,0,0,2,4,2,0,0,0,0,5,0,0,0,0,6,0,0,0,13,0,0,16,0,5,7,11,0,0,0,25,15,18,0,0,0,0,0,0,0,0,0,0,77,174,166,147,74,33,8,0,0,18,10,16,15,13,0,26,0,4,2,0,10,4,4,0,10,0,0,3,228,239,246,250,246,244,231,204,193,204,188,190,179,199,170,70,11,12,0,7,6,0,2,0,0,0,0,0,69,107,86,131,185,215,255,235,255,237,255,251,215,255,248,151,26,0,19,5,0,17,0,1,0,0,0,0,0,2,0,0,4,39,75,20,81,101,54,68,50,234,255,107,5,3,0,14,0,0,6,0,0,0,5,2,8,0,10,18,17,2,5,0,0,8,0,0,81,255,204,33,40,0,0,5,24,3,0,0,0,0,8,6,0,0,0,1,0,0,5,14,0,0,0,8,229,238,90,0,0,8,3,0,3,0,15,22,0,14,10,11,18,35,0,0,0,0,8,14,7,19,0,112,255,255,45,0,4,25,0,0,0,0,4,0,0,0,16,6,0,28,0,0,35,23,10,0,0,10,42,255,255,84,6,0,0,8,8,0,0,0,4,0,2,7,8,0,8,2,0,0,0,0,11,0,19,16,138,255,184,0,0,15,0,0,0,0,0,17,11,8,18,0,0,14,19,0,0,0,0,0,0,10,11,16,186,255,45,0,0,34,1,0,0,19,0,0,0,11,0,2,0,0,16,0,18,26,22,0,0,0,0,115,229,178,0,0,0,0,0,0,0,13,0,1,0,0,0,0,15,0,0,5,7,11,0,7,4,0,71,255,235,33,1,5,0,27,14,0,0,3,2,31,4,20,17,12,0,6,0,9,0,0,35,5,5,20,231,255,158,0,0,4,6,8,0,0,0,0,12,8,4,0,0,13,0,0,0,19,0,0,0,24,0,206,241,209,34,11,5,0,12,22,0,0,0,0,2,4,0,3,0,7,0,0,0,8,16,0,0,0,59,255,255,86,14,7,1,26,0,6,38,13,1,7,2,8,0,0,0,0,0,26,0,2,2,0,3,48,211,255,124,40,0,14,0,7,8,7,7,0,5,0,1,0,0,0,0,17,7,0,0,3,8,0,5,147,255,255,60,0,13,0,8,20,10,0,0,11,2,5,20,0,4,0,1,17,19,0,0,0,0,4,55,248,255,255,52,24,0,0,0,0,0,5,0,31,0,0,11,0,0,0,1,0,22,0,10,10,0,18,118,252,249,229,35,8,0,2,4,10,0,0,0,4,17,0,0,0,14,0,0,0,5,0,0,0,0,0,119,255,200,15,4,0,0,0,4,0,19,0,0,11,10,5,0,0,21,0,0,8,0,0,14,0,0,4,15,0,0,0,2,0,1,0,0,3,13,7,0,4,4,3,11,2
9,12,6,18,0,12,16,0,0,9,29,0,9,0,0,4,32,0,2,11,5,1,0,0,0,0,2,0,7,0,0,17,0,5,7,0,0,0,14,32,7,0,0,0,0,5,0,0,0,9,0,15,21,0,0,7,6,3,0,0,0,29,5,34,0,0,3,4,0,0,14,11,0,6,1,0,2,0,0,0,22,28,0,0,0,0,0,0,0,5,7,8,10,31,132,150,179,249,249,153,91,0,13,12,0,0,0,0,0,16,0,8,15,4,3,7,0,0,24,0,0,177,255,229,252,248,252,255,244,31,0,0,0,0,14,0,8,3,0,14,0,2,24,1,9,0,13,0,180,255,235,229,216,138,190,255,249,140,0,0,0,0,0,0,0,1,1,8,8,0,0,15,0,18,0,39,237,255,232,53,17,14,0,195,255,117,6,0,1,22,3,10,4,0,0,0,17,11,18,0,4,0,0,61,251,212,17,0,9,0,142,255,239,83,12,7,8,0,0,12,0,0,4,0,30,20,0,0,6,0,17,9,39,36,0,0,10,20,208,239,249,57,0,0,3,34,0,9,14,0,0,0,3,27,0,24,16,0,0,6,3,2,3,0,6,135,255,255,224,28,0,1,0,11,0,0,2,13,4,9,0,4,6,0,18,10,0,0,10,17,17,11,86,255,255,219,81,14,11,8,0,1,0,0,0,5,15,10,23,11,0,0,16,0,0,0,0,11,0,6,114,254,255,149,16,0,6,0,0,0,0,1,15,18,0,6,4,0,11,18,0,11,0,8,0,0,0,171,235,244,164,8,3,0,14,0,7,14,0,10,23,8,8,0,10,0,5,4,11,0,0,0,0,0,20,215,255,229,37,0,0,0,0,0,0,3,1,11,0,0,3,10,0,0,1,8,13,10,13,11,0,0,212,253,255,130,0,0,0,0,0,0,23,20,4,4,2,0,0,0,26,0,2,0,4,3,0,9,1,69,218,230,201,0,0,3,0,0,0,0,8,22,0,0,25,0,11,0,0,3,4,4,0,0,0,6,0,203,251,245,137,0,5,0,0,0,0,8,1,8,11,7,0,0,0,11,12,0,0,0,0,11,0,0,142,255,245,156,7,0,0,14,0,0,0,11,20,15,0,8,13,0,0,0,14,18,15,1,0,5,0,0,232,255,255,19,0,3,18,0,0,0,3,0,0,0,2,21,8,0,0,0,17,0,13,2,0,0,0,4,254,255,254,50,17,30,23,33,3,0,32,41,48,46,139,141,167,142,25,0,0,12,0,0,21,0,0,0,244,246,255,255,238,235,251,253,162,144,158,244,255,255,249,255,255,235,106,0,1,15,8,8,0,0,13,0,177,255,255,246,247,255,255,255,255,255,255,250,240,255,248,165,114,117,53,0,0,0,10,21,0,7,25,19,0,117,112,105,129,170,249,255,241,163,120,128,41,5,0,6,0,14,6,16,8,4,9,6,0,7,0,24,0,17,13,7,0,0,3,18,0,0,0,6,19,0,33,5,0,0,4,0,0,9,14,28,7,21,0,0,18,0,15,0,0,8,6,2,9,2,6,20,17,16,15,21,0,0,0,8,3,2,0,0,23,0,3,7,6,0,0,21,0,0,0,4,0,22,8,18,6,2,0,23,6,20,9,11,0,21,0,0,11,0,0,21,8,5,4,0,0,1,0,0,0,6,6,25,0,0,0,0,36,4,11,0,5,12,14,16,2,0,5,3,9,0,0,0,0,11,11,3,31,5,13,0,9,0,0,0,0,0,0,0
0,0,13,0,8,5,1,5,1,0,0,2,14,0,9,0,0,0,4,0,0,0,6,0,8,0,6,0,0,0,0,0,0,0,1,2,0,0,0,29,0,0,0,20,23,0,16,0,8,20,8,0,9,7,3,0,6,0,15,29,5,2,0,7,0,8,0,0,3,0,0,0,3,6,0,4,7,5,0,0,0,0,0,0,0,6,19,12,0,0,11,0,2,0,0,3,0,0,0,0,7,8,0,1,8,0,21,0,6,0,4,11,0,0,0,21,1,0,13,15,0,0,5,17,0,3,0,0,62,252,140,0,14,0,0,0,11,19,1,0,0,0,1,0,0,0,0,2,0,9,4,7,0,17,6,0,60,243,67,0,0,0,3,24,11,0,0,4,0,0,0,1,0,0,0,11,0,0,9,0,0,0,16,7,139,255,0,0,0,0,0,0,0,15,0,14,6,16,4,0,3,1,0,0,0,0,4,0,0,14,3,52,254,168,7,0,2,13,9,0,0,0,0,0,0,5,3,0,0,0,0,5,0,0,0,22,2,0,0,78,246,75,0,40,0,0,12,0,0,4,18,0,0,1,6,18,1,0,21,0,11,1,0,0,5,0,0,213,194,6,6,1,5,0,7,0,0,0,14,0,8,0,15,0,0,0,0,0,24,28,26,9,0,0,58,241,212,0,10,2,2,2,0,0,2,0,0,9,6,0,9,0,0,8,6,1,0,0,3,0,0,0,89,255,206,0,0,15,0,23,0,9,0,20,0,0,0,17,3,3,8,0,0,0,0,20,0,31,0,0,125,255,84,0,20,0,0,14,0,6,4,23,29,11,0,0,16,19,9,2,27,0,15,20,0,12,0,43,237,206,21,0,0,0,4,0,0,5,0,2,0,9,24,0,17,13,7,4,0,19,0,0,0,25,0,124,255,167,22,12,7,1,8,0,0,0,0,0,0,0,0,0,0,0,9,9,0,4,0,0,16,22,0,165,239,81,0,0,0,0,2,0,0,0,11,0,15,0,10,12,8,0,0,7,0,0,9,4,14,0,32,218,225,0,18,2,0,0,4,4,0,0,0,1,0,23,16,7,0,8,2,0,0,0,8,0,0,10,118,252,148,10,0,9,0,2,10,18,0,0,0,16,4,1,10,0,0,16,25,10,0,0,14,12,0,6,151,246,140,5,11,23,4,19,0,0,1,9,0,2,0,0,5,0,4,0,12,12,0,0,11,23,0,15,204,245,51,0,4,3,0,7,0,18,0,6,33,3,0,8,12,7,11,2,0,1,0,4,0,14,0,75,255,255,60,0,2,3,0,1,2,17,0,8,0,0,9,0,0,0,0,18,0,0,0,0,0,8,17,133,255,213,0,4,0,0,14,0,0,23,0,27,15,0,2,0,5,0,0,0,0,0,0,5,13,0,7,198,255,118,0,0,0,0,0,0,0,18,0,1,0,0,28,13,23,0,18,0,10,0,19,0,0,0,9,200,167,10,0,0,0,0,0,1,20,0,9,0,0,0,8,0,0,12,9,0,0,12,4,0,36,0,0,18,0,8,0,1,11,17,0,0,12,0,8,10,3,0,19,8,0,0,1,0,0,17,22,0,0,0,12,0,16,15,0,0,0,4,2,0,0,11,0,17,10,0,10,2,3,0,0,0,0,3,0,5,16,0,10,0,10,0,0,14,12,0,0,0,0,0,0,21,5,4,4,5,8,0,0,5,5,1,27,5,10,1,0,4,1,3,14,4,0,0,0,13,0,0,0,1,28,0,18,17
0,2,25,0,2,0,0,0,0,11,7,10,14,0,0,0,0,0,7,17,0,0,4,6,9,35,0,14,12,0,0,0,23,0,6,0,3,38,0,0,0,0,9,1,0,0,0,18,0,8,0,6,0,11,0,0,9,0,0,1,0,7,16,13,9,5,0,0,15,23,0,24,0,25,13,0,2,0,7,0,11,0,0,0,0,2,18,2,0,0,35,15,0,0,0,7,0,2,0,0,2,0,0,10,4,12,0,28,0,0,0,5,21,27,0,0,11,0,9,4,0,0,14,0,19,138,255,180,34,3,2,0,4,0,0,0,8,1,0,0,0,0,8,0,15,0,4,2,0,4,0,25,24,255,255,255,113,8,0,0,0,0,0,0,2,5,0,10,3,13,0,0,0,0,0,0,0,0,33,25,194,255,246,255,116,0,0,0,6,12,0,3,10,0,9,8,10,6,2,0,3,0,6,6,0,4,89,184,255,255,255,255,183,109,43,0,0,0,15,5,0,0,8,0,0,0,14,0,2,0,2,0,13,0,244,255,255,249,245,255,252,255,212,56,23,24,13,14,0,0,0,7,21,0,0,0,11,11,0,0,3,191,217,246,243,241,243,242,208,248,243,255,0,0,0,0,0,0,0,16,13,0,7,14,31,8,28,0,78,230,251,253,246,255,175,81,66,107,243,255,111,21,0,15,0,0,13,0,0,0,3,0,0,14,6,43,221,255,253,224,224,143,6,0,0,31,230,240,240,121,0,15,8,11,5,8,0,0,0,18,0,10,0,37,237,239,248,172,30,7,3,0,16,0,100,255,255,255,44,0,0,5,17,0,0,5,0,6,0,16,9,30,244,253,197,31,2,11,0,0,7,2,24,215,242,240,36,9,10,0,9,11,0,3,0,8,8,0,0,41,237,255,9,0,4,0,14,0,0,18,16,198,255,255,149,0,1,17,11,0,8,8,10,17,0,18,19,142,242,253,0,0,8,0,0,0,4,0,125,248,255,252,33,0,5,0,0,1,0,0,0,0,5,7,0,211,240,255,0,12,0,0,0,0,33,67,227,244,255,227,32,16,12,0,0,0,21,0,0,6,8,0,18,223,255,250,1,16,11,0,18,0,159,255,250,255,210,78,10,9,0,0,0,0,2,8,0,9,0,3,5,218,255,255,0,5,35,21,9,195,206,242,255,255,142,0,36,4,16,0,0,0,3,0,0,0,4,0,27,222,251,243,63,59,251,250,234,246,255,255,255,255,0,0,6,1,24,27,11,0,0,0,0,0,0,6,0,116,255,248,244,250,255,249,255,255,255,255,229,163,2,4,0,11,2,22,0,11,20,4,0,2,2,0,4,42,219,234,225,255,240,255,232,255,217,188,37,10,0,0,0,0,0,17,13,14,0,7,0,11,5,0,0,1,69,129,245,243,247,243,245,255,105,19,0,0,0,0,1,4,8,2,0,0,12,19,7,11,0,2,0,2,0,0,75,166,234,195,73,64,27,3,0,7,0,5,8,19,3,8,10,0,13,18,16,0,0,0,0,0,0,0,1,0,14,6,0,0,6,0,0,0,8,7,17,12,0,0,0,0,0,0,34,0,21,10,2,0,12,11,6,12,0,6,0,0,6,0,23,0,5,2,10,26,11,12,8,0,2,17,5,21,5,15,15,6,6,3,3,4,4,15,0,0,0,21,17,0,5,0,0,0,0,0,0,0,0,0,8,0,7,0,7,0,0,0,0,4,0,0,0,7,0,6,3,0,21,22,0,0,0,6,4,1
2,0,14,9,6,0,0,0,7,0,10,3,26,0,0,9,0,2,0,19,14,1,3,5,0,4,10,2,0,7,0,35,23,17,21,0,0,2,0,0,0,2,0,0,18,5,0,11,14,11,17,0,4,0,6,0,11,25,6,0,17,0,5,15,0,1,0,0,0,0,10,8,0,4,0,0,11,3,6,24,0,0,15,0,4,0,0,0,23,0,2,0,0,0,0,6,0,0,0,0,14,5,1,3,12,0,0,1,7,11,0,11,0,11,1,0,10,0,0,0,0,6,20,0,14,11,0,10,0,18,11,0,0,0,24,2,0,8,0,4,0,0,9,1,0,0,0,10,3,0,40,220,0,0,0,0,14,0,0,86,46,5,2,0,0,0,0,21,0,15,0,0,0,0,18,0,2,0,114,229,2,7,0,4,0,0,0,146,150,11,0,13,8,4,0,0,2,0,0,2,0,0,8,13,0,9,189,241,3,1,9,0,4,11,10,121,211,0,0,7,13,12,0,14,21,9,6,0,22,3,0,8,0,70,255,130,17,0,12,14,0,9,0,131,250,10,21,0,8,19,0,0,3,0,3,0,0,30,12,0,36,248,241,0,0,6,3,7,0,0,5,174,255,8,6,11,0,3,0,0,0,7,21,3,9,12,0,13,179,239,72,10,8,10,4,3,0,10,0,255,230,14,0,13,13,10,18,0,0,3,0,12,0,20,19,85,229,207,0,4,6,0,0,0,7,10,123,234,199,12,0,19,0,0,0,0,17,2,20,1,0,0,0,194,255,92,11,0,3,1,0,4,17,26,218,255,61,5,0,1,0,0,12,0,0,5,0,6,16,2,19,239,255,0,4,0,14,0,3,17,7,119,255,219,0,0,16,21,0,4,0,11,7,6,7,0,4,0,20,236,167,28,2,0,18,14,0,0,0,184,255,164,8,5,0,0,0,0,0,0,0,1,1,0,0,0,3,187,208,21,0,0,0,0,11,0,16,252,249,95,2,0,0,8,1,13,6,0,0,11,0,0,0,0,0,170,234,198,99,92,94,86,107,168,195,248,255,110,11,0,0,17,6,0,20,16,13,0,18,3,20,3,0,45,150,232,248,255,241,255,219,225,255,243,241,9,22,0,24,29,0,11,14,16,17,12,0,1,0,10,0,12,14,33,80,64,107,67,0,0,176,255,255,21,20,1,0,0,0,0,3,4,0,2,0,7,3,8,1,0,9,0,0,15,2,0,7,8,142,246,252,54,0,0,0,1,1,15,5,19,41,0,22,0,0,32,5,9,0,7,0,0,14,0,8,0,118,255,255,13,0,0,0,21,0,10,0,1,0,0,0,0,0,19,0,0,2,10,7,0,0,0,3,5,97,255,255,0,11,7,0,1,6,0,0,0,0,0,0,15,2,26,4,0,10,0,13,0,0,1,0,0,140,246,246,0,10,0,0,1,10,0,9,0,11,0,0,0,0,0,4,0,1,15,0,27,0,0,15,17,251,249,111,0,0,10,0,6,10,16,0,0,24,19,19,16,0,0,0,2,14,0,0,0,0,0,21,10,171,63,9,19,0,3,10,10,0,6,9,0,0,0,18,12,0,0,0,5,9,0,0,10,4,13,0,0,0,0,0,6,6,1,7,0,16,12,17,0,0,27,9,0,13,0,24,0,0,4,0,4,0,0,2,0,0,12,0,0,24,7,0,0,0,3,0,6,0,3,1,26,0,0,13,0,0,7,0,32,0,10,5,14,2,0,16,0,0,17,29,8,0,0,0,2
0,0,0,0,0,17,0,20,10,1,0,0,0,0,0,0,6,11,6,0,4,13,4,16,0,0,7,10,0,16,0,14,13,0,0,28,0,26,0,11,0,0,12,0,0,0,0,5,10,7,0,0,11,0,9,0,0,0,6,0,0,14,6,0,11,0,0,0,0,13,0,0,12,18,7,0,13,0,5,0,20,9,9,3,20,0,14,15,0,8,0,0,10,23,9,21,15,0,5,12,0,0,0,0,0,5,0,8,20,0,0,1,14,24,35,0,2,0,6,2,0,2,12,5,3,0,0,17,1,28,0,6,18,1,0,0,15,12,0,9,2,0,25,8,1,0,14,0,9,0,1,0,17,0,0,4,65,255,110,0,0,7,0,0,0,5,3,23,0,4,0,4,0,1,0,16,0,0,0,0,0,0,0,13,229,242,251,13,7,0,15,0,25,0,4,0,17,4,7,0,6,23,0,30,0,1,0,0,0,0,0,87,255,240,184,2,0,1,0,0,0,0,0,0,15,5,0,0,9,0,0,0,0,0,5,26,17,0,33,217,255,255,82,0,0,12,7,0,0,8,0,4,12,0,7,0,0,0,3,0,24,6,10,1,0,0,50,249,255,255,0,4,6,8,1,5,1,21,0,0,16,10,0,9,0,0,9,0,0,0,7,0,5,0,124,255,246,180,0,3,11,0,1,0,0,14,20,7,0,0,4,0,0,0,0,9,2,0,7,0,0,10,186,250,255,36,0,1,11,0,9,8,13,0,23,0,6,25,5,4,8,0,0,0,15,7,2,0,0,68,255,244,242,0,0,0,11,0,0,23,14,5,14,0,5,0,1,4,6,7,0,0,0,10,9,0,15,108,250,255,119,32,3,0,0,34,2,0,0,0,16,11,9,3,1,11,14,7,19,10,14,0,8,22,0,164,253,242,44,13,8,10,4,0,8,16,31,6,0,17,3,19,0,0,19,0,6,0,20,0,2,0,55,230,255,230,2,41,0,9,0,13,8,0,5,5,17,0,1,0,0,0,0,0,12,0,19,0,0,12,66,247,255,176,0,30,8,0,0,0,11,37,1,19,12,0,18,15,0,5,8,0,5,0,7,13,10,0,173,255,236,60,8,11,0,7,0,1,0,11,7,2,0,10,5,7,0,0,4,0,0,0,16,0,0,30,255,243,232,0,17,0,0,7,7,0,4,0,0,0,0,0,8,29,11,0,0,0,12,12,11,0,0,76,255,244,135,24,0,8,18,0,0,1,9,0,13,9,0,0,0,14,0,0,0,10,12,16,12,0,0,103,255,255,26,0,3,0,0,0,0,9,0,7,22,9,0,5,4,10,0,0,0,1,8,0,7,4,0,167,255,208,0,0,23,11,0,9,18,0,0,16,0,0,0,0,0,0,0,0,2,13,5,6,0,12,5,200,255,200,4,9,0,16,0,1,0,12,7,1,6,13,0,0,0,17,0,29,22,0,25,0,18,18,0,182,253,134,0,0,12,0,0,0,0,0,0,0,0,0,0,3,17,0,0,21,12,0,0,0,0,21,10,33,162,99,3,0,0,0,2,1,4,11,23,0,3,4,9,4,13,6,0,0,0,4,1,24,0,23,0,0,0,0,9,11,0,1,16,0,16,11,0,0,31,41,0,18,0,19,0,7,2,0,0,20,0,0,15,0,3,12,0,11,17,24,6,11,30,19,10,0,0,0,12,8,0,0,5,0,1,14,0,18,21,31,17,4,12,4,12,0,0,0,19,0,5,0,0,0,0,0,21,0
20,0,12,0,0,0,9,0,0,0,0,25,0,0,0,11,32,0,0,0,13,0,0,0,10,0,0,0,0,0,0,3,0,3,15,2,9,0,4,3,0,4,0,0,0,1,17,0,0,0,0,0,2,0,0,0,11,6,0,0,0,0,2,0,10,0,0,0,5,1,23,0,11,0,21,18,20,17,1,0,0,10,18,0,13,0,14,12,7,0,0,6,0,0,0,22,0,0,3,9,0,0,4,0,16,15,0,0,0,0,0,5,0,0,4,2,0,2,0,6,6,0,0,0,8,11,15,10,0,10,0,0,4,9,11,0,23,1,6,0,8,0,8,0,16,0,13,0,20,9,214,137,27,0,4,11,17,0,0,4,15,22,69,0,14,0,7,0,1,0,0,2,0,0,24,12,18,227,241,148,23,0,0,7,2,9,0,0,9,206,230,25,9,0,3,17,8,13,4,7,0,0,0,26,199,255,167,0,2,0,0,24,14,0,0,0,142,246,100,0,9,7,0,7,20,4,0,14,0,0,0,72,246,245,34,0,0,0,9,23,0,0,3,61,255,190,5,9,2,8,19,4,13,8,3,0,0,0,17,162,244,102,6,17,6,0,23,0,8,4,55,238,254,96,1,0,18,7,4,0,19,0,0,0,0,0,133,242,208,22,6,0,18,20,11,15,0,0,116,255,170,12,0,7,5,0,36,0,0,0,3,2,0,11,151,244,174,5,0,0,7,0,2,0,20,125,248,255,0,2,28,10,20,0,11,0,0,0,10,10,0,15,165,255,250,196,178,81,55,63,74,149,177,247,255,151,0,0,12,22,3,4,23,8,0,3,0,2,0,0,32,234,255,239,255,255,253,250,245,255,249,255,227,27,9,0,0,4,0,13,0,28,0,0,0,15,4,6,0,4,62,153,255,233,127,136,140,32,240,255,157,10,5,0,7,0,24,0,0,21,0,0,0,3,0,0,0,0,0,21,0,0,10,0,0,7,242,213,29,0,26,0,0,0,0,0,9,3,12,8,0,9,3,10,15,1,4,4,0,0,0,4,0,155,253,61,0,20,0,0,0,7,0,0,12,0,0,23,0,8,3,0,8,6,0,10,0,0,2,0,74,255,254,58,2,0,1,0,7,30,0,18,14,5,0,12,10,7,0,0,1,8,11,3,0,1,3,16,154,255,182,7,25,0,6,0,4,4,4,16,0,8,3,0,8,0,0,0,0,0,5,14,12,0,0,3,237,255,44,0,11,12,10,0,7,0,0,0,0,1,20,24,0,0,17,0,1,9,0,0,0,3,8,105,255,221,7,0,10,0,7,20,6,6,4,0,4,8,16,7,0,0,6,0,0,6,0,0,0,10,20,211,255,168,0,22,27,0,0,0,2,0,0,0,0,0,1,10,16,12,16,0,0,0,0,0,5,0,0,177,255,159,103,192,146,3,0,10,22,0,20,2,0,17,13,0,0,0,2,16,8,25,0,24,0,0,25,203,237,245,252,137,26,23,9,5,5,0,9,4,0,0,0,5,0,16,0,15,0,0,0,0,0,19,2,51,187,103,22,0,0,25,14,0,0,0,0,8,0,0,4,0,9,0,0,0,10,2,14,0,22,0,12,16,12,21,2,35,10,7,6,6,10,0,9,33,1,5,23,0,0,0,0,42,0,5,0,0,10,0,21,13,0,0,0,2,0,0,3,11,8,13,0,0,0,17,5,18,13,15,0,6,11,0,0,1,14,0,0,1,8,15,26,14,0,16,7,0,0,0,17,0,15,3
10,0,0,3,0,3,11,2,0,0,0,0,0,0,0,32,12,0,0,0,0,0,0,1,17,12,0,0,16,13,0,0,9,16,2,17,0,11,0,2,0,0,9,15,0,23,9,0,20,15,14,2,0,22,1,37,8,9,0,0,0,0,7,0,0,10,0,0,0,19,11,5,24,0,0,0,0,0,0,20,0,0,0,17,11,4,0,3,15,0,0,9,0,0,14,0,0,3,3,18,0,3,0,0,19,0,23,30,0,0,1,34,0,0,0,26,0,9,16,0,0,1,26,33,3,0,0,0,0,0,5,16,8,0,14,0,0,0,0,0,0,0,0,0,12,2,20,0,2,0,14,17,15,4,0,0,0,0,0,0,0,0,0,16,0,0,22,11,11,18,5,7,3,0,1,0,4,8,1,32,153,221,0,0,0,0,5,12,0,0,5,0,11,4,0,1,1,11,0,0,4,0,15,0,0,11,126,244,255,239,28,0,3,0,0,0,14,0,1,12,4,32,12,0,0,6,16,0,0,0,9,0,0,45,255,255,247,251,164,18,20,8,12,0,7,0,14,3,0,15,5,0,0,0,5,0,0,0,33,12,13,156,255,248,255,244,255,232,107,0,0,0,0,7,0,0,0,0,0,0,0,15,2,8,0,0,2,0,41,234,255,206,198,255,252,249,247,5,20,0,0,1,2,6,0,0,4,16,11,22,0,6,0,0,0,0,81,255,184,2,0,120,215,246,255,180,23,0,13,0,0,7,0,8,0,0,0,1,0,0,0,10,1,1,82,255,86,10,0,1,187,252,255,219,0,0,0,0,0,0,8,0,24,15,15,0,0,0,0,0,5,0,186,241,154,0,0,0,230,246,255,112,0,0,0,0,0,0,0,0,0,0,0,0,0,0,0,3,0,13,81,238,224,50,89,161,235,240,255,216,45,0,1,0,23,4,5,2,0,0,0,0,0,0,10,4,0,0,7,237,255,255,255,251,166,45,236,240,161,0,0,2,7,0,5,0,0,0,18,17,15,2,2,0,0,0,10,64,246,255,255,153,24,15,149,246,222,39,0,0,4,5,2,12,12,0,7,0,5,0,0,10,0,5,21,16,73,146,141,28,0,0,0,204,251,161,0,0,9,1,4,27,0,0,0,8,0,3,11,0,0,0,0,0,2,10,0,1,21,0,3,91,248,240,21,0,20,9,0,0,0,0,3,0,0,0,4,3,0,19,12,7,18,0,22,0,10,0,0,15,171,255,126,1,3,3,0,0,10,0,18,0,0,0,0,0,5,0,0,0,26,14,0,0,0,4,7,3,52,245,255,63,16,1,0,26,2,17,6,0,0,5,15,0,0,21,0,9,0,4,0,0,0,10,17,0,0,134,235,188,0,9,0,4,3,10,9,4,0,0,0,0,0,10,0,0,15,0,0,0,0,11,0,0,3,16,215,235,47,0,0,0,0,0,0,0,0,0,12,8,0,7,25,0,0,11,0,29,0,1,1,9,0,15,61,255,181,0,0,23,0,12,0,0,0,5,0,23,0,0,0,0,15,0,0,13,10,0,3,0,0,10,0,196,255,55,3,0,2,5,16,17,2,0,0,13,0,7,0,2,4,3,0,3,0,14,8,0,14,0,0,13,211,59,11,0,16,6,12,0,6,21,4,0,0,1,0,4,10,15,17,0,16,7,0,0,0,0,11,16,1,0,8,0,0,11,0,0,0,0,20,0,19,21,0,7,0,28,0,0,0,13,8,31,15,0,3,11,0,0,8,5,0,0
0,0,0,0,11,5,18,0,17,0,13,13,0,0,14,12,16,0,1,0,0,3,0,0,0,3,19,2,0,19,5,0,0,3,4,14,0,4,2,0,5,2,10,0,12,17,24,12,0,3,0,0,0,12,1,0,5,0,0,6,4,0,3,0,17,0,0,16,0,0,0,0,0,0,0,0,0,0,0,4,0,15,0,1,13,19,0,0,0,0,0,0,2,16,9,8,20,1,0,0,12,3,0,13,0,8,5,0,9,2,1,0,5,21,24,9,6,17,0,0,18,1,9,13,1,0,0,9,0,27,18,48,44,6,120,82,59,0,0,20,0,0,0,0,0,0,8,3,3,0,0,0,11,9,0,81,159,218,255,255,255,226,244,255,227,10,0,7,0,12,0,34,10,0,9,0,0,0,11,0,35,142,249,255,241,244,238,255,251,239,255,253,255,0,0,8,0,0,1,9,0,0,0,0,0,20,34,2,49,255,234,249,230,241,252,247,224,156,166,153,169,6,0,0,5,9,5,0,0,15,1,2,39,133,65,0,61,233,230,222,164,101,59,18,15,3,18,0,10,1,0,2,0,11,19,0,16,2,13,8,206,254,65,14,3,26,8,44,11,20,3,6,0,0,0,13,38,17,34,9,0,0,11,0,25,0,2,178,240,130,17,10,1,5,0,0,0,7,0,11,4,0,0,0,0,5,16,1,0,0,0,25,0,0,125,241,249,16,0,8,10,22,3,0,5,0,0,14,0,12,0,7,0,13,0,2,16,7,10,3,0,60,255,218,6,3,2,34,0,2,0,21,21,11,9,3,17,0,0,8,3,12,0,4,0,4,0,0,12,156,250,163,6,0,2,0,3,9,3,0,0,14,10,11,0,4,0,0,0,20,5,0,15,0,0,9,7,216,238,231,124,50,0,14,9,5,5,0,0,8,0,3,0,7,0,16,21,0,0,0,0,0,0,0,0,247,253,255,234,253,143,104,109,84,22,57,93,42,18,0,18,0,8,0,1,2,23,17,26,6,2,8,0,137,255,241,255,247,255,255,241,255,250,241,255,223,177,0,0,0,0,24,0,0,0,0,0,27,0,1,10,0,32,232,231,246,244,252,255,248,255,241,255,238,255,121,0,0,0,4,7,0,0,0,0,15,8,20,0,3,0,5,0,62,62,199,255,255,255,255,242,248,251,159,18,0,0,11,10,0,0,1,5,0,0,0,22,0,0,0,0,14,0,99,255,255,131,34,188,255,255,178,13,6,23,0,0,0,0,0,10,0,0,0,1,25,9,3,0,12,0,52,255,229,234,157,255,255,255,146,17,0,0,0,19,5,7,19,1,6,0,0,0,0,17,0,3,0,9,13,167,255,255,255,247,243,170,2,6,8,0,0,9,12,3,10,0,6,27,0,31,19,0,0,0,0,0,0,18,187,243,237,227,133,6,2,14,0,0,0,0,0,10,7,4,15,1,0,19,0,15,13,28,19,6,6,0,0,98,125,37,0,3,18,1,0,7,0,0,0,0,9,7,30,0,0,1,0,16,0,6,2,0,14,0,13,13,0,0,0,0,0,0,0,0,0,18,0,3,10,0,0,7,2,19,13,0,0,0,0,0,0,0,0,0,11,0,6,0,0,7,0,0,0,0,6,13,1,0,9,0,0,4,0,0,11,0,16,2,0,15,0,21,0,18,0,11,6,7,23,19,5,12,0,0,10,0,0,0,5,3,11,0,18,25,21,8,10,8,8,0,4,18,0,0,15,0,0,7,15,18,0,11,0
1,12,14,0,2,0,0,0,3,3,0,0,0,0,0,0,0,10,0,7,3,0,8,9,0,7,6,8,19,30,0,0,7,0,6,17,6,0,26,6,21,0,21,24,0,19,24,0,0,7,5,15,0,0,0,9,12,1,12,0,0,9,0,0,0,20,3,4,0,0,0,0,1,2,0,18,0,7,1,0,0,0,0,5,6,2,0,7,0,0,0,4,0,9,0,0,9,3,0,0,14,0,6,0,8,0,10,0,9,8,0,0,0,5,18,7,5,15,0,0,5,0,0,5,22,15,6,18,0,0,0,28,0,0,4,5,0,10,7,0,0,15,0,4,5,5,6,1,0,4,5,0,6,8,4,0,3,17,0,3,2,0,7,0,0,3,0,0,22,0,0,0,3,0,0,0,0,0,0,11,0,0,0,11,8,17,0,3,2,6,0,0,0,16,6,1,0,0,0,0,19,0,0,5,0,0,24,2,6,29,69,145,217,197,101,33,0,14,0,0,19,0,3,10,18,0,0,8,6,0,0,8,11,0,14,49,148,226,252,253,255,255,255,255,210,144,22,12,5,0,0,0,5,0,0,4,0,14,29,0,1,28,157,241,238,236,237,171,144,221,221,255,253,236,116,9,9,16,0,22,7,0,0,20,6,0,0,40,162,227,255,251,185,126,23,9,2,200,27,195,255,238,244,37,5,0,0,4,0,0,8,0,14,0,15,125,255,236,222,120,36,0,0,0,1,198,58,79,252,255,249,14,0,0,0,0,0,0,19,34,12,27,73,255,255,223,63,10,0,0,1,0,41,125,231,243,249,255,169,13,0,12,23,0,11,23,0,0,0,0,74,248,245,233,126,137,169,178,174,216,255,227,255,223,253,238,33,0,0,25,0,12,1,0,0,42,0,16,0,166,243,255,251,255,249,247,255,255,255,232,255,255,176,12,0,14,0,16,24,0,11,0,0,0,14,0,0,24,5,146,197,171,156,157,187,249,250,255,249,159,25,0,6,0,0,0,19,0,7,0,3,0,0,7,0,5,1,10,0,11,8,19,155,255,255,255,114,21,12,7,6,0,0,3,0,0,0,4,14,21,9,5,1,28,0,7,14,22,1,119,236,255,245,91,0,12,24,0,0,1,22,13,0,13,0,0,20,0,0,0,21,6,5,0,17,23,109,255,246,255,202,20,0,3,0,0,1,13,9,3,0,0,8,12,15,9,0,8,0,0,0,0,0,51,226,255,248,255,60,18,0,4,0,16,6,14,0,0,10,0,26,25,25,0,0,0,9,0,1,0,0,113,255,249,221,63,18,0,11,12,0,9,3,0,0,0,0,0,0,5,0,0,0,0,23,11,0,0,0,245,250,255,153,0,0,16,0,0,0,2,23,0,0,0,0,0,0,21,0,16,0,0,0,0,0,10,235,255,255,204,0,2,0,1,0,37,3,9,0,0,2,0,0,4,0,0,0,23,22,3,6,2,0,74,255,255,245,66,0,16,0,13,15,0,0,15,0,0,0,0,0,5,6,7,4,2,9,2,11,17,4,215,253,255,124,0,0,1,0,0,0,0,9,1,0,4,18,4,8,0,10,2,0,0,15,0,0,7,17,229,254,236,18,13,2,0,0,14,21,0,12,0,0,15,0,0,0,25,3,3,0,9,15,0,0,0,16,122,255,114,0,0,30,15,0,1,13,0,5,0,10,0,0,19,0,3,0,0,5,0,3,11,0,16,0,8,0,0,0,0,0,20,3,23,3,0,0,0,4,28,0,2,2,0
9,18,0,4,3,11,0,14,0,21,7,7,17,0,13,0,0,12,7,0,24,1,0,0,0,17,0,0,3,0,0,22,0,0,3,27,0,9,0,0,0,11,8,7,0,1,11,3,0,17,0,7,23,23,9,0,26,0,0,0,0,4,6,0,0,7,10,3,0,0,0,0,0,0,0,0,1,2,1,7,7,15,0,0,5,3,1,23,0,0,34,0,11,13,5,9,0,0,9,0,0,0,17,0,11,7,0,19,10,28,0,7,2,5,0,0,0,0,2,18,6,3,0,55,5,41,124,214,143,130,67,27,0,0,0,2,18,0,0,0,0,18,20,7,1,8,17,17,0,33,185,253,252,232,236,255,250,247,237,234,65,20,17,0,8,0,0,0,0,13,0,8,2,0,8,0,0,156,245,249,250,208,178,184,185,167,242,240,223,41,0,0,0,0,12,0,22,19,0,6,7,0,0,0,37,247,255,222,69,23,24,0,8,11,118,232,255,169,18,18,12,26,0,15,6,0,8,0,7,16,0,19,78,255,244,111,6,0,0,14,0,0,0,130,255,255,83,0,0,31,20,0,31,6,0,0,3,9,6,4,65,255,163,4,0,13,9,21,1,0,0,0,230,242,178,7,13,0,0,2,0,0,0,8,0,0,0,5,207,255,93,0,0,11,0,0,0,38,0,0,178,255,214,7,27,11,0,0,0,0,0,1,0,0,0,34,217,235,74,4,0,0,0,0,7,0,0,0,76,227,218,0,14,1,0,0,3,0,0,20,0,31,0,119,249,183,0,3,26,9,6,6,0,17,0,7,89,255,224,12,0,0,3,0,0,0,1,0,18,0,0,210,245,57,0,0,2,0,0,20,0,7,4,0,58,255,208,0,4,10,0,6,0,0,0,5,0,0,2,210,191,0,0,0,0,0,0,19,17,0,11,0,92,255,220,0,0,0,0,0,0,0,0,15,7,0,25,230,212,4,8,0,0,0,8,0,6,2,0,0,92,238,216,9,0,14,9,5,5,13,0,20,0,0,109,255,193,12,0,1,15,12,4,0,0,0,0,0,171,255,226,0,0,0,0,3,0,3,0,0,15,27,108,252,188,9,0,6,0,32,8,20,2,0,0,68,255,254,45,13,12,9,0,0,0,19,4,0,10,0,74,255,205,0,0,4,9,15,11,0,4,0,54,181,255,211,2,5,5,10,0,24,7,13,12,15,0,0,60,245,213,7,2,0,11,20,0,0,10,0,175,255,218,37,0,4,6,22,11,0,6,0,1,0,0,13,4,225,225,0,0,0,22,5,0,45,154,204,238,252,60,1,12,0,2,0,0,3,0,8,10,9,0,16,6,198,255,220,200,179,195,164,161,238,255,252,232,148,28,11,7,8,10,0,7,0,12,0,9,0,0,10,3,91,198,255,235,238,255,255,251,252,243,220,126,11,2,11,1,0,0,0,0,2,0,8,0,0,14,0,24,0,40,213,255,246,255,255,255,158,86,0,13,17,0,0,1,12,0,0,11,0,12,12,0,13,1,0,11,0,9,3,24,1,0,0,13,21,33,0,9,3,4,0,3,16,0,1,1,0,17,13,8,2,21,0,0,12,12,25,9,6,28,7,0,0,9,0,12,0,0,0,0,0,13,0,0,0,0,0,0,4,17,0,17,0,0,7,0,0,0,22,0,7,0,0,4,15,0,4,0,17,0,0,0,0,0,0,2,1,2,0,0,14,0,0,0,0,10,30,0,0,0,0,0,3,1,4,10,17,10,2,8,0
3,0,9,1,14,0,23,3,0,4,0,32,9,0,24,0,0,0,20,0,28,0,0,0,7,15,2,0,8,0,13,0,2,0,0,7,0,17,3,1,0,0,7,7,0,0,0,20,0,11,0,0,4,0,0,0,6,22,0,0,14,0,0,0,0,2,0,0,19,7,8,15,0,7,9,7,0,0,27,11,16,12,0,0,1,0,1,0,0,0,0,0,5,0,4,185,241,173,9,0,0,0,0,2,25,0,10,0,5,13,0,0,2,0,0,1,9,21,0,0,5,0,153,240,255,133,0,0,0,1,2,0,0,8,2,12,0,5,21,9,11,15,0,11,0,8,10,3,15,107,255,182,57,18,18,0,0,1,0,0,0,0,0,0,10,4,0,8,0,11,5,21,6,20,0,0,8,130,245,118,0,15,9,0,0,0,3,0,14,2,3,0,0,4,3,21,1,0,0,0,0,0,0,0,10,142,239,38,17,8,0,0,0,0,0,21,10,3,0,0,6,9,8,0,23,0,0,0,6,0,14,0,18,255,207,0,0,0,33,13,0,0,0,31,3,0,8,22,0,0,0,0,0,7,20,2,1,31,26,21,156,234,201,0,7,18,8,13,4,0,57,88,91,26,0,0,0,14,14,1,0,0,9,0,11,9,37,7,217,255,94,0,0,3,0,0,151,227,242,253,255,255,109,0,12,0,2,17,0,0,0,11,1,8,0,9,204,229,11,17,0,17,47,237,247,255,229,181,226,239,241,40,0,0,7,0,0,24,3,10,0,0,0,110,253,177,0,0,18,118,255,248,222,150,29,0,0,184,255,29,10,2,0,0,0,0,0,0,12,0,0,156,254,93,10,0,145,255,249,172,52,0,0,0,3,126,255,60,0,0,8,8,11,10,19,29,10,11,0,197,243,132,0,45,231,255,151,6,13,0,8,0,0,133,195,3,9,6,4,0,18,0,5,27,0,20,0,206,246,120,17,152,229,169,0,24,0,1,20,0,16,161,178,2,7,8,8,2,0,2,0,0,0,0,1,210,238,96,8,163,255,199,0,8,8,21,0,2,34,255,182,4,22,0,0,0,0,1,24,0,7,0,12,175,255,119,15,23,245,250,106,21,0,0,0,15,213,239,84,6,13,0,3,3,0,11,0,11,3,18,33,220,252,127,9,0,5,228,255,176,22,12,99,180,231,113,2,8,0,0,2,1,23,0,3,0,5,0,0,181,238,176,31,13,0,4,82,24,19,149,255,254,133,5,0,0,0,2,12,16,13,1,0,24,18,0,0,26,204,239,202,73,33,67,151,204,252,255,236,54,7,0,0,6,10,6,8,20,16,0,0,7,5,0,0,0,40,223,248,255,252,249,255,255,241,147,17,0,7,0,3,0,2,0,0,34,0,1,7,0,0,0,11,0,0,25,93,149,234,139,146,129,24,0,0,0,11,3,0,18,0,12,9,12,4,0,0,13,0,16,0,11,4,0,9,1,0,5,10,0,0,0,3,0,2,0,1,9,3,0,0,0,0,0,18,0,0,14,18,0,0,8,12,6,6,0,0,0,12,3,0,0,3,10,1,21,2,10,0,1,3,16,9,9,0,0,12,11,0,4,15,9,0,3,9,9,0,13,9,0,10,0,0,0,3,27,0,0,0,0,0,19,5,8,0,8,0,0,0,7,0,12,0,1,12,11,0,0,6,12,0,8,10,0,0,0,0,21,0,9,0,0,0,0,8,0,0,15,0,0,9,4,1,26,0,0,4,0,0,17,0,0,0,0
0,12,0,8,11,15,0,0,22,0,0,0,9,0,0,0,1,0,6,11,0,4,0,22,4,1,10,7,2,28,0,17,16,0,14,0,0,3,0,0,8,0,11,0,0,5,17,0,12,0,0,0,9,13,0,2,0,0,0,0,10,8,11,0,1,0,0,13,10,23,0,16,0,10,0,0,3,11,7,0,9,6,0,24,0,23,0,0,7,0,18,0,6,0,0,9,36,0,4,0,0,0,12,0,8,0,0,0,0,3,0,8,0,5,0,3,0,0,2,14,0,7,0,3,7,5,19,0,22,8,11,5,8,5,0,6,0,0,0,0,8,0,0,0,6,0,0,0,0,0,8,0,4,6,7,5,0,0,26,8,0,4,3,0,11,16,7,0,0,4,0,0,0,23,2,6,19,0,23,0,0,0,9,0,19,0,1,11,2,13,1,8,0,0,11,0,11,0,0,12,13,19,26,2,0,0,0,7,61,157,230,255,255,175,55,10,67,9,0,0,0,0,0,16,12,17,17,0,0,0,0,0,10,0,0,69,236,237,249,254,249,255,153,207,255,91,0,9,0,0,4,0,0,0,0,7,1,16,0,2,9,0,48,246,255,245,95,64,61,121,83,243,239,66,0,0,8,0,6,0,0,0,0,0,0,1,0,0,0,30,245,243,176,48,7,0,0,16,197,227,120,9,7,0,9,0,5,9,0,0,20,0,0,11,0,0,0,171,247,190,44,0,3,1,0,56,255,255,59,0,1,0,0,2,0,0,17,24,0,0,0,0,8,0,158,255,241,51,23,0,21,0,11,182,245,188,0,0,0,15,0,0,9,6,24,23,9,0,0,20,0,12,205,245,247,0,0,17,5,0,146,253,255,99,0,17,0,2,24,0,8,22,12,0,7,7,13,21,0,0,207,230,241,0,0,0,48,167,236,221,249,0,0,0,8,0,16,18,0,0,13,7,25,0,13,0,0,0,180,238,239,213,216,214,226,255,243,246,161,6,15,0,4,3,0,0,0,0,0,0,0,0,5,0,2,0,28,167,255,222,252,255,255,68,167,249,66,0,0,0,0,4,0,8,0,0,0,0,0,0,0,5,0,0,0,8,28,113,126,107,0,171,255,187,34,0,0,0,0,1,13,11,6,10,0,0,0,0,0,5,0,0,2,13,2,3,0,13,4,255,255,171,0,13,0,0,23,0,11,4,4,0,0,1,10,0,5,5,3,1,0,0,0,0,5,14,31,248,253,51,8,0,8,0,16,23,0,0,8,21,16,23,0,0,0,0,4,23,16,2,0,4,0,0,164,241,187,0,14,23,14,10,5,0,5,7,23,0,11,0,0,2,0,0,0,0,0,0,0,0,4,39,248,247,114,8,21,11,0,13,1,0,0,0,0,21,0,8,0,0,12,2,0,0,3,14,0,0,0,76,255,243,104,0,12,0,10,6,0,9,0,0,0,11,7,0,4,0,0,0,6,0,0,0,20,34,11,108,252,199,0,0,17,0,4,0,0,11,2,0,5,0,15,0,0,0,0,6,0,0,11,0,0,0,0,212,251,134,0,10,0,0,14,0,7,0,14,0,19,0,5,0,27,0,16,0,15,4,13,15,9,0,0,172,255,115,0,22,0,0,18,0,8,0,0,0,12,0,0,0,5,4,6,20,0,3,0,17,7,22,0,85,219,63,12,0,2,0,4,14,3,11,10,0,0,0,0,12,8,0,0,0,11,0,20,13,0,6,6,0,3,0,0,8,0,7,4,11,20,11,0,0,17,0
0,0,8,14,0,0,0,8,0,0,0,0,0,18,0,0,0,0,0,6,0,0,23,0,0,8,0,0,17,1,0,6,5,0,0,4,0,11,4,4,0,0,1,0,30,4,0,0,22,5,5,0,1,11,0,9,6,0,4,0,0,16,9,0,0,0,0,0,0,2,3,11,0,0,0,6,1,0,5,13,2,0,1,0,7,5,19,13,19,6,5,0,8,0,4,0,0,11,0,0,6,0,0,0,0,0,10,3,12,10,0,0,2,23,0,26,0,0,12,0,0,0,5,10,9,0,4,0,1,0,7,6,0,9,8,9,0,0,0,3,15,18,14,5,0,0,0,0,6,19,11,23,36,46,129,248,255,172,158,22,6,7,0,0,0,5,1,0,0,17,0,6,22,11,10,0,0,5,0,97,224,229,255,245,255,249,255,150,0,17,12,0,1,0,12,0,8,0,8,0,11,0,21,0,2,0,117,255,255,246,255,181,246,255,255,255,0,0,34,0,0,0,6,0,0,22,0,0,0,9,10,8,3,46,229,255,255,247,118,17,138,255,246,255,6,23,0,0,0,4,8,0,6,5,0,14,0,0,19,1,44,194,252,252,216,56,3,2,13,61,214,252,226,0,1,7,3,15,0,21,0,4,0,4,0,0,31,0,91,255,255,248,115,5,14,0,18,0,167,248,255,157,4,6,18,0,0,6,37,0,9,0,0,6,0,11,155,255,233,191,1,0,11,0,21,0,2,208,255,185,0,0,19,7,0,8,1,1,6,0,0,0,26,16,222,254,255,80,3,0,0,0,20,6,0,120,255,206,0,0,7,10,10,12,0,0,0,17,4,10,9,58,255,252,209,28,27,13,6,0,0,0,6,87,236,253,33,0,0,0,8,0,16,4,0,9,7,7,0,129,249,238,74,0,3,0,0,11,0,19,0,118,250,255,62,0,0,0,0,0,7,12,0,10,2,3,0,136,255,255,8,5,0,12,5,3,0,13,0,124,255,250,73,17,0,12,22,7,0,17,0,8,10,5,1,179,237,225,6,2,0,6,4,10,6,6,6,138,235,254,74,0,0,4,0,4,0,11,13,3,0,0,8,183,247,255,8,17,0,3,0,9,0,8,13,125,255,237,21,2,0,3,0,17,8,1,0,14,0,10,0,180,255,253,12,0,9,2,20,0,3,2,0,214,245,113,9,0,7,0,11,0,16,9,1,0,0,0,0,36,238,255,166,1,7,0,0,0,8,10,0,222,223,0,0,2,0,20,0,0,19,0,0,0,12,23,0,3,88,254,235,52,0,0,0,13,0,0,169,243,162,5,0,15,0,0,1,14,17,3,4,1,17,0,4,0,34,149,236,131,0,0,0,0,4,69,238,238,36,0,0,0,0,0,0,0,0,15,9,0,9,0,5,1,0,48,215,244,157,7,10,51,75,239,255,126,0,7,8,7,0,19,10,1,26,0,0,5,20,0,1,11,19,0,25,175,242,194,114,232,255,255,199,9,0,0,0,8,1,11,2,17,1,4,0,14,18,6,0,10,8,21,3,23,40,148,255,123,124,56,21,0,5,5,2,3,0,0,26,12,17,0,0,0,0,11,1,0,0,0,0,2,10,11,0,0,0,23,0,11,0,0,0,5,0,5,0,1,1,0,0,0,0,0,0,0,1,0,32,0,2,0,13,9,0,0,0,12,12,0,0,0,0,0,29,0,3,9,0,0,0,2,4,0,12,0,0,0,1,0,0,0,0,0,4,0,1,0,0,38,0,0,0,0
0,3,0,2,0,8,7,6,0,7,0,0,8,0,1,14,8,11,0,1,9,0,0,0,0,6,5,1,5,0,0,0,16,0,8,13,24,18,23,4,0,6,0,0,4,8,22,0,0,0,15,0,0,7,5,0,5,25,0,0,0,0,0,0,12,2,0,0,0,2,0,19,17,7,2,18,7,0,0,9,16,5,0,9,0,11,0,0,6,6,4,0,7,0,5,0,1,0,21,17,10,0,22,3,14,0,2,15,0,0,0,0,0,3,0,15,10,0,2,0,0,0,10,0,11,125,245,188,8,0,0,1,0,3,11,0,20,7,0,5,0,0,0,5,1,13,0,0,0,0,13,28,5,177,244,235,57,0,9,16,0,0,0,0,8,0,3,0,0,0,0,0,0,0,0,15,23,8,0,10,0,255,247,255,134,0,2,0,0,0,0,0,0,0,12,0,0,0,15,0,10,0,0,7,0,14,0,0,10,254,253,255,0,14,0,0,0,0,8,2,0,4,0,0,6,0,2,2,0,10,0,0,0,1,17,0,2,236,255,240,0,21,27,9,6,7,0,0,8,5,7,0,14,5,3,0,7,0,3,14,0,0,5,0,0,124,255,251,118,0,1,0,20,0,6,0,4,20,3,11,4,20,1,6,0,3,0,8,0,12,17,10,0,250,246,255,118,0,7,1,0,25,0,0,0,3,0,0,25,9,1,4,0,0,26,8,10,17,10,0,7,214,255,255,122,10,10,18,0,0,12,0,13,16,4,0,11,0,0,0,0,14,0,0,8,8,0,0,2,255,255,248,135,0,0,0,0,11,31,0,3,0,0,0,5,4,3,22,12,0,3,5,11,8,0,0,0,255,239,255,146,8,0,0,0,0,0,0,3,0,11,0,0,0,6,0,5,0,1,0,2,0,8,0,0,255,255,255,0,2,9,0,1,0,0,6,0,0,6,4,6,1,0,9,0,0,3,5,19,10,0,7,0,254,221,255,0,0,22,9,0,20,0,11,0,0,0,8,0,25,0,0,3,15,0,0,6,0,0,0,0,255,243,255,5,20,0,0,31,0,19,29,0,0,4,19,0,0,7,22,0,3,3,24,0,18,0,12,0,247,252,255,3,11,0,0,0,0,0,0,0,11,0,0,7,0,0,0,0,9,1,0,0,13,0,0,0,202,255,254,136,3,0,0,0,0,0,0,19,0,0,0,11,4,0,9,1,0,0,22,1,1,0,0,15,182,244,239,129,0,12,21,0,0,0,0,0,7,0,25,0,9,0,4,7,11,2,0,0,6,0,0,57,255,255,248,130,0,14,4,0,13,9,19,0,0,0,21,2,0,0,10,0,0,8,0,0,0,0,11,197,248,253,255,128,0,4,0,9,0,0,0,0,0,29,10,0,0,0,16,16,0,1,0,0,9,10,48,247,253,255,45,0,0,19,0,0,15,0,2,4,0,4,16,10,2,14,0,17,29,0,0,0,0,24,69,254,131,3,7,0,0,0,0,15,10,0,9,0,0,0,0,0,2,0,0,9,0,0,3,0,3,16,13,0,0,0,0,3,0,0,8,0,10,0,0,35,0,0,3,2,0,17,0,6,22,8,13,7,0,4,0,0,0,0,0,0,0,6,0,0,0,0,8,17,0,0,12,8,0,29,20,0,1,0,8,0,6,0,0,0,6,0,11,5,17,0,5,0,0,5,7,0,25,0,0,0,9,0,14,0,0,13,16,0,0,0,16,3,0,0,0,6,25,17,0,0,0,7,0,11,9,8,3
0,0,0,1,2,1,0,0,0,0,0,11,4,7,0,9,22,0,0,23,0,0,17,0,0,19,0,6,1,11,0,0,5,0,1,0,0,0,0,8,3,1,18,0,25,3,0,8,7,0,0,4,0,6,0,2,8,4,0,6,3,3,11,14,0,17,14,0,0,8,0,3,8,0,0,6,0,0,0,6,19,13,0,8,7,0,9,0,15,7,0,10,0,0,14,0,0,0,0,20,11,14,4,7,11,14,7,5,0,0,0,11,20,9,1,0,0,0,3,23,0,0,7,0,54,147,206,243,234,241,203,144,17,0,0,0,0,0,0,0,11,0,0,0,5,0,0,9,108,136,208,184,255,247,253,240,131,55,0,9,0,0,0,0,0,1,3,16,17,20,0,0,0,0,0,0,254,255,251,208,165,123,92,5,0,0,0,0,0,0,0,0,0,0,15,0,10,0,0,0,0,0,4,2,164,255,188,0,5,0,1,0,0,16,17,11,0,0,0,5,25,0,10,1,0,0,9,1,0,0,0,0,37,230,246,34,14,11,11,0,10,3,18,0,0,7,0,0,6,0,25,0,0,0,0,4,12,0,0,0,0,104,255,40,0,10,0,9,2,0,5,13,14,0,0,3,26,0,34,10,0,0,4,0,4,9,0,13,0,118,224,105,58,42,67,22,0,0,0,0,4,21,10,0,2,1,23,0,0,0,35,0,0,0,11,3,44,221,255,242,255,250,255,204,87,19,0,0,14,9,0,28,0,0,0,0,0,0,25,0,0,0,4,16,214,253,198,173,102,123,197,226,255,225,54,0,0,0,7,0,12,0,2,0,7,1,4,1,0,0,0,65,252,160,5,10,0,0,0,11,106,174,251,207,36,0,0,23,0,10,0,0,0,0,0,10,0,0,0,2,16,0,13,0,6,0,13,9,0,8,109,177,251,51,0,0,0,18,0,0,11,0,19,0,0,1,2,0,2,1,0,24,14,9,0,11,1,11,0,12,226,232,106,15,18,0,0,25,4,7,6,8,9,5,0,0,0,15,0,1,0,8,0,0,20,12,8,16,71,205,224,110,21,0,3,0,4,7,0,0,0,0,7,6,0,12,0,15,4,0,6,0,12,22,0,0,1,27,207,254,0,0,16,0,20,0,0,0,0,0,1,7,0,4,0,7,0,0,7,0,0,8,0,3,0,24,141,234,14,8,0,0,3,1,8,0,0,0,1,0,7,0,31,0,0,0,11,0,0,17,17,7,0,30,243,213,6,0,5,15,0,18,17,17,5,11,0,0,126,94,0,3,0,0,17,14,8,12,0,7,41,175,242,31,0,11,4,6,18,21,0,0,17,12,11,90,255,140,19,24,14,0,0,3,39,115,92,184,252,202,92,12,4,0,0,5,0,23,0,5,0,12,17,76,249,255,236,168,188,183,159,255,255,255,231,220,143,22,0,0,8,6,0,0,8,3,19,6,0,0,26,0,61,177,152,228,233,216,159,159,120,39,40,2,0,14,0,0,0,8,5,0,6,1,0,0,0,5,8,9,5,17,18,0,0,22,10,0,0,24,17,23,0,0,8,0,22,15,0,0,4,0,0,9,2,9,0,8,0,11,0,0,2,18,5,0,5,0,26,0,35,12,0,0,0,10,0,0,0,17,27,0,0,0,0,0,0,15,0,0,0,0,0,0,0,8,4,24,1,0,0,5,9,0,0,0,0,21,0,9,10,0,6,0,0,0,0,18,0,2,1,10,0,0,20,0,17,13,4,0,3,15,18,9
7,4,0,0,0,21,0,5,0,0,0,13,35,3,0,1,5,0,0,0,0,17,0,1,0,0,0,0,11,5,4,0,17,0,4,0,37,13,14,0,2,0,0,21,23,0,0,0,11,0,6,18,0,0,11,0,0,6,0,0,0,0,4,0,0,0,0,0,0,0,14,0,0,0,2,5,1,27,0,16,0,17,16,7,0,0,11,19,0,17,0,18,0,0,17,0,11,25,0,9,0,18,0,18,0,5,1,8,0,18,0,0,0,6,0,8,12,0,29,0,21,0,26,0,0,0,1,6,0,1,3,0,0,6,0,0,26,0,0,30,0,3,7,10,4,15,0,16,14,0,0,18,2,21,14,3,9,23,0,0,0,2,1,6,0,0,4,2,10,0,0,7,6,2,6,0,0,11,10,40,145,253,239,216,105,0,0,3,16,0,0,0,0,0,0,16,10,1,0,0,0,3,0,0,0,40,199,237,255,211,243,215,255,68,0,0,25,22,0,0,0,0,0,0,10,32,0,7,0,12,3,3,15,216,246,204,51,27,0,39,212,173,1,82,32,4,0,5,4,0,20,0,1,0,10,0,20,0,8,0,131,236,225,0,3,0,0,0,32,10,82,255,255,7,0,19,6,0,22,0,0,0,10,0,8,7,0,82,255,248,18,0,0,4,8,0,0,54,225,247,190,0,15,0,0,13,0,5,0,0,0,17,0,9,0,127,255,204,0,0,15,0,4,26,0,5,223,242,133,0,0,0,22,0,0,0,0,5,0,3,0,6,0,178,237,58,0,3,11,8,7,4,5,81,254,242,80,4,0,3,0,4,0,0,10,18,23,0,0,0,15,246,255,11,0,0,0,4,0,9,12,211,249,220,18,0,0,20,0,26,0,0,34,0,0,9,0,0,28,251,255,38,0,0,0,28,6,21,58,255,249,162,0,0,0,3,0,4,0,0,11,8,0,13,8,0,18,230,242,105,0,6,21,0,24,103,220,222,255,29,0,0,0,0,5,0,10,0,0,0,0,0,10,6,7,25,243,253,183,100,144,164,220,255,246,222,217,38,6,21,22,0,15,4,0,2,0,0,0,0,5,0,7,0,71,183,243,255,244,215,167,64,241,255,169,0,13,0,0,14,23,3,2,13,0,5,1,0,0,0,9,3,0,0,52,43,34,0,27,59,253,255,83,0,0,11,0,7,0,0,0,0,4,2,0,0,13,13,0,0,12,0,0,2,0,19,15,70,255,235,25,9,1,7,8,2,3,11,0,4,4,0,1,12,0,2,0,12,0,0,7,14,4,13,3,137,235,255,13,1,0,18,0,3,0,0,0,0,2,0,0,1,0,18,0,4,0,0,3,0,19,0,29,232,236,193,0,1,9,9,0,0,1,21,17,0,0,7,0,11,0,0,3,6,16,2,0,7,4,14,69,248,239,113,0,16,0,5,0,0,8,0,13,10,0,0,4,17,28,0,20,0,13,26,0,0,9,0,82,255,241,0,15,0,18,17,32,25,13,0,0,27,7,0,0,0,0,0,0,0,13,0,0,0,0,4,197,247,185,12,0,0,2,22,0,10,0,0,4,0,0,0,17,3,1,2,17,16,1,0,0,6,3,5,245,246,157,13,0,7,14,8,35,0,12,3,0,10,8,0,0,0,3,8,9,23,16,11,10,6,4,6,25,0,10,23,25,0,14,0,11,0,7,15,0,0,5,16,3,14,0,0,16,21,1,0,5,18,0,0,5,0,0,7,25,0,0,5,0,17,14,0,0,0
0,3,0,3,8,0,4,0,0,13,3,0,0,1,0,0,0,10,6,15,0,0,14,9,1,0,0,0,0,0,0,6,0,0,3,0,0,3,14,0,0,0,0,19,8,0,1,12,0,15,7,0,0,0,0,0,11,24,0,23,0,0,0,6,25,8,0,27,0,24,0,2,26,6,0,6,2,0,0,0,0,8,2,0,0,0,20,19,0,0,0,0,10,0,0,13,0,0,0,6,5,0,0,0,0,0,0,0,0,0,8,0,3,1,0,0,16,0,9,0,18,0,0,20,3,5,13,0,0,0,6,4,0,1,0,2,6,0,0,1,0,0,0,0,3,0,5,0,10,0,0,2,6,8,0,0,9,0,4,14,2,12,0,6,0,0,0,0,0,12,0,9,0,23,0,0,9,7,2,5,10,0,0,0,0,0,0,5,0,0,0,7,18,0,0,30,6,20,0,22,63,240,250,255,255,247,183,173,150,28,95,68,0,0,18,0,0,0,2,23,0,18,1,4,24,0,0,17,106,255,248,247,246,244,231,252,240,244,253,255,204,111,68,40,6,12,8,0,11,0,24,0,9,0,4,0,10,106,147,90,94,83,195,188,185,233,255,245,255,239,255,255,108,17,16,0,0,1,0,4,7,0,1,21,0,0,0,14,9,13,14,0,4,41,129,122,198,255,255,248,244,33,19,1,0,5,0,24,19,18,0,30,0,5,0,4,0,5,0,4,0,0,26,1,30,51,177,255,240,132,20,4,11,0,0,0,37,0,0,13,7,0,21,0,0,0,0,7,17,0,24,16,27,0,47,241,239,21,0,3,21,10,0,0,0,27,0,0,0,24,7,6,0,0,20,0,14,1,0,20,1,7,123,255,254,135,13,0,10,21,13,0,0,0,3,6,0,7,0,1,5,8,0,0,4,0,13,0,3,47,233,255,255,23,27,0,0,17,3,0,0,15,0,15,0,18,1,19,0,3,0,0,0,0,13,0,0,123,255,255,147,3,3,25,0,0,0,0,0,0,28,0,0,11,1,0,0,0,0,10,5,5,0,12,30,239,241,234,28,9,0,0,1,1,0,25,0,0,0,0,25,0,0,0,17,6,0,0,18,0,0,18,158,238,255,106,0,0,0,15,16,0,10,1,11,28,16,0,3,0,7,0,2,0,15,4,0,0,7,137,247,253,247,14,0,0,6,5,16,0,0,0,3,0,0,15,0,10,4,22,0,0,9,0,0,0,85,239,255,248,44,8,0,15,0,31,5,8,0,0,1,0,0,3,0,14,0,7,2,9,0,13,0,60,235,255,255,86,0,0,0,3,5,23,0,12,28,0,0,2,12,1,8,0,0,0,1,0,0,3,0,232,247,246,141,4,2,0,22,0,13,0,5,0,0,5,0,0,0,0,8,0,13,6,0,9,0,7,109,255,245,199,16,3,25,5,3,0,12,6,0,0,0,0,0,14,0,28,5,7,0,0,4,15,0,56,255,251,255,71,0,0,0,0,23,13,0,0,0,8,0,14,0,5,0,0,13,0,0,14,0,0,24,229,252,255,180,6,3,0,0,14,4,1,17,0,0,0,11,27,0,5,9,0,0,10,0,13,2,9,75,254,255,194,53,0,0,0,0,0,0,11,0,0,0,0,0,1,0,0,0,0,0,0,35,0,12,4,50,233,203,48,7,5,0,6,0,1,3,10,0,0,0,0,0,0,0,0,0,0,0,4,3,0,4,6,0,0,5,24,32,16,5,0,0,7,2,4,0,0,3,4,0,0
0,0,0,0,7,10,0,21,2,0,0,0,16,10,11,5,3,23,19,0,0,0,5,0,8,16,7,0,0,0,0,0,0,14,0,0,0,21,7,5,0,0,0,0,19,0,2,0,12,0,0,0,0,0,0,3,0,12,11,12,0,0,6,0,0,0,6,0,18,0,15,3,0,0,0,0,13,6,4,0,0,0,0,24,11,5,0,0,0,0,6,0,0,21,0,0,11,1,0,0,11,0,14,3,0,1,0,6,0,3,0,21,0,0,0,5,0,0,6,41,134,152,41,0,0,8,8,0,12,6,0,9,6,4,0,5,0,0,0,0,0,11,0,0,0,14,151,255,255,255,251,144,12,0,0,1,0,19,0,0,0,15,0,0,4,0,0,14,0,4,0,0,0,114,255,243,255,230,239,247,217,74,0,13,0,0,0,21,0,0,0,24,0,13,0,0,0,0,0,0,12,97,255,255,154,109,129,245,255,229,142,3,0,0,9,0,4,0,4,0,6,15,0,0,0,0,0,0,1,177,255,174,8,0,0,65,236,255,255,164,0,0,0,0,5,0,15,0,5,0,2,4,13,7,0,3,0,236,224,38,15,0,19,0,52,198,238,255,149,0,2,26,0,2,0,6,0,0,0,0,0,15,0,5,16,188,239,15,21,6,17,25,2,72,252,255,255,94,12,0,0,11,0,0,0,0,4,35,6,0,0,0,0,153,255,20,0,101,194,91,95,95,129,255,250,123,5,36,9,0,13,18,0,0,0,0,0,10,5,6,2,75,252,89,36,232,255,255,244,255,255,255,255,229,77,0,0,0,20,0,0,0,0,14,36,5,10,0,0,37,79,3,24,245,255,255,247,255,255,249,255,251,236,238,77,25,0,1,0,26,4,0,9,16,17,8,0,12,0,0,0,67,177,169,255,255,248,255,255,255,255,233,242,197,41,0,0,0,0,4,21,17,0,4,11,11,0,5,0,0,0,4,41,3,43,72,43,28,154,240,255,255,193,47,0,0,2,20,0,8,14,0,15,0,0,0,0,24,73,0,0,0,0,5,1,2,0,34,220,242,244,200,0,0,7,2,8,0,12,3,0,2,0,0,86,246,254,99,2,0,6,0,38,1,0,0,15,230,255,226,70,0,2,0,0,0,0,0,34,0,1,0,91,236,241,255,54,4,0,3,0,14,7,0,14,64,255,255,209,3,0,5,0,0,4,30,0,9,0,0,7,110,255,255,54,16,0,0,0,2,8,4,0,101,255,255,125,0,0,0,0,0,0,0,7,0,0,0,5,8,220,255,229,155,53,0,2,0,0,115,215,255,226,255,119,14,0,1,12,0,0,32,14,25,0,0,23,3,8,220,222,255,255,255,241,245,248,255,244,248,254,199,3,0,13,18,12,0,23,0,3,0,6,0,0,0,3,26,106,198,247,241,241,255,239,255,245,199,114,20,0,6,7,0,0,0,1,2,14,17,0,5,5,0,0,9,2,22,11,44,135,63,117,73,34,2,32,0,4,0,8,12,0,0,0,12,0,17,0,9,23,10,0,8,0,0,0,0,1,5,8,29,0,0,0,5,0,0,0,17,0,9,3,2,0,0,23,0,8,2,2,8,10,2,0,20,0,10,4,0,2,0,0,10,3,14,11,14,0,0,1,3,12,2,9,5,4,0,0,4,7,0,0,15,4,8,0,0,0,0,0,0,0,7,0,3,0,9,13,0,6,5,0,26,0,0,24,0,21,11,0,2,22,4,0,5,1,0,0,24,0,0,12,0
7,8,0,0,0,0,0,0,0,0,0,16,0,2,6,0,13,1,22,0,10,27,0,5,0,0,9,0,15,8,12,15,19,0,8,31,0,0,0,18,0,5,0,0,0,7,1,0,0,0,0,0,32,0,16,0,15,7,0,0,0,0,13,25,6,12,0,1,0,5,0,0,0,3,5,0,0,5,5,21,11,0,0,0,0,4,4,12,0,0,0,0,0,3,0,0,12,15,22,0,0,0,4,0,0,11,0,21,0,21,3,0,0,0,0,0,0,13,0,1,10,19,0,20,13,0,15,0,19,19,10,0,0,0,0,12,0,0,0,0,0,2,9,20,0,0,23,10,0,5,0,0,0,0,0,0,0,24,180,108,2,0,0,0,2,16,18,5,0,4,0,0,0,0,0,0,0,0,0,29,0,1,0,1,0,0,252,147,3,7,0,16,0,0,2,4,0,17,0,6,12,23,0,12,0,5,8,2,0,1,0,0,0,36,244,128,7,16,10,0,0,0,0,0,0,0,10,0,20,6,0,5,0,40,170,32,0,2,0,6,0,40,253,89,11,4,0,0,0,12,14,2,0,0,15,0,0,0,0,31,0,87,255,88,0,0,17,17,35,84,255,41,0,0,0,5,17,18,13,0,2,0,1,7,12,8,0,3,0,151,255,57,0,0,3,4,0,194,235,10,0,0,0,8,15,10,6,2,0,0,17,10,9,14,0,21,0,241,167,0,23,0,0,0,6,187,226,0,4,5,0,0,11,0,0,0,0,0,8,15,8,0,18,0,45,235,102,2,0,0,0,0,2,253,175,2,6,5,17,12,2,5,11,13,0,20,0,32,0,0,0,6,134,255,40,8,0,0,12,5,80,255,135,3,8,6,0,3,1,12,19,0,23,0,7,7,4,3,0,0,213,248,98,151,172,161,255,255,255,239,120,0,8,0,0,10,0,0,0,0,0,6,5,13,0,0,2,16,255,255,243,239,186,184,204,187,238,255,216,97,6,2,1,0,0,4,8,0,0,5,6,0,0,19,7,23,209,249,140,39,0,0,18,8,207,255,249,218,2,0,0,0,0,0,0,3,0,0,0,13,0,26,0,12,35,14,7,14,0,0,0,19,248,195,57,21,6,25,0,6,0,21,0,12,7,24,3,0,6,4,13,0,11,7,5,0,9,0,8,81,255,121,0,0,5,20,0,0,0,0,0,6,13,0,0,4,0,0,24,12,20,6,0,10,0,7,6,123,255,80,9,0,1,0,1,0,0,0,0,4,0,19,0,13,18,0,0,0,10,2,0,0,0,2,2,127,243,56,0,10,3,22,0,0,0,15,3,0,13,0,5,0,0,12,0,0,0,33,0,0,8,1,3,126,237,73,0,0,12,35,12,0,0,5,2,0,0,20,0,0,15,10,9,0,13,0,0,23,0,7,0,169,250,83,5,0,2,25,0,0,16,9,24,11,8,0,0,0,0,0,0,0,23,0,0,0,0,15,6,201,251,76,0,0,0,0,2,5,1,0,0,20,12,8,12,0,0,0,17,0,0,5,0,4,4,0,0,112,179,16,0,0,8,9,22,0,0,0,0,38,0,0,1,0,12,16,0,8,0,12,4,9,11,0,0,19,7,4,0,9,16,4,0,25,0,14,13,0,0,0,0,0,0,0,7,0,1,0,22,9,6,0,0,2,19,6,0,9,25,0,8,0,9,18,0,0,0,0,0,0,0,0,6,0,1,0,0,0,0,8,12,12,8,6,16,8,0,0,4,14,0,1,0,8
0,0,0,2,0,0,5,0,6,1,4,25,9,5,0,3,0,0,0,0,6,0,26,9,6,15,23,0,0,0,16,0,3,2,19,15,0,0,10,9,21,0,1,10,19,16,0,0,0,0,6,0,0,0,21,2,4,0,4,0,0,38,1,4,21,0,0,0,0,31,7,1,9,0,11,0,0,0,6,0,0,17,0,5,11,8,0,0,0,2,7,12,0,0,0,26,0,28,0,0,0,0,0,12,0,4,0,0,0,1,10,0,0,14,0,0,0,0,0,6,34,7,0,4,6,4,0,11,8,0,0,0,11,0,9,0,23,0,0,1,21,2,27,16,0,14,0,0,2,0,10,0,16,0,0,0,0,14,11,3,11,0,5,0,7,2,0,4,29,0,5,0,2,19,0,8,8,16,24,29,0,6,5,23,138,170,51,7,16,0,2,0,0,0,22,2,5,4,0,0,16,0,15,16,0,7,0,8,0,23,164,220,251,246,234,67,85,52,4,0,0,0,0,0,16,4,6,8,1,0,0,0,0,0,0,32,32,235,255,250,254,253,239,255,255,180,13,11,0,2,4,8,0,0,0,8,0,0,9,1,0,12,24,132,232,240,255,233,242,233,254,236,255,226,10,10,0,20,0,0,0,0,4,0,0,17,0,6,0,8,152,242,237,255,110,75,194,240,234,241,216,45,0,0,9,13,11,10,10,1,10,0,8,6,0,0,0,165,255,255,224,41,126,229,232,204,251,255,202,8,2,0,0,0,4,8,18,6,0,0,19,0,7,0,127,255,255,222,105,244,242,255,255,255,255,218,32,38,0,8,20,21,0,5,0,11,0,7,4,20,9,0,223,255,255,255,239,255,233,124,188,255,255,115,0,0,0,0,0,0,0,0,0,22,2,0,8,2,0,0,190,255,255,229,243,132,20,23,254,255,212,7,0,13,9,0,0,1,0,5,0,8,21,0,16,0,0,0,2,112,108,32,0,0,5,178,251,221,35,0,0,14,22,0,20,12,9,8,6,0,0,14,0,11,20,0,0,0,0,0,0,9,97,251,253,148,0,0,19,23,0,23,0,0,0,23,15,0,0,11,0,0,2,14,0,0,0,29,4,28,201,255,238,19,0,6,0,3,0,0,6,0,0,0,0,14,0,14,3,9,0,0,0,0,12,0,7,206,255,255,88,0,9,0,3,14,0,24,28,0,0,0,3,2,16,0,0,7,0,0,21,0,10,27,27,229,246,168,19,19,2,10,0,0,14,3,1,0,3,17,14,7,11,11,0,0,17,22,21,12,7,32,223,255,218,32,8,13,0,4,0,0,0,17,0,6,0,5,0,16,0,8,12,12,7,9,0,0,1,81,229,239,153,0,15,0,5,11,0,2,0,0,0,23,9,0,0,0,13,3,0,9,0,14,0,0,53,241,255,233,59,0,0,13,0,0,0,0,9,0,0,0,11,0,3,6,1,0,0,16,8,0,0,6,200,233,236,237,36,0,0,15,0,6,10,0,6,0,16,13,10,0,0,0,3,0,0,0,0,3,0,128,255,255,221,25,0,0,5,3,0,0,8,0,19,19,0,0,13,0,0,0,0,12,0,0,5,0,0,106,242,132,21,0,14,1,3,0,0,11,6,7,0,0,10,0,0,7,15,0,0,5,9,0,3,9,6,0,0,9,3,4,0,2,4,11,8,25,0,0,0,26,6,0,0,0,6,1,0,0,0,0,0,0,23,0,9,0,0,0,10,18,7,0,0,7,12,0,1,14,0,0,0,1
0,0,0,0,8,16,0,14,2,0,6,10,0,4,0,0,0,0,0,0,0,0,18,40,0,0,0,0,15,0,12,3,0,0,0,0,14,0,15,0,0,8,1,0,0,25,0,24,0,0,10,0,10,0,0,0,4,0,26,0,0,0,0,0,26,0,12,0,1,19,0,21,8,0,0,2,0,0,0,0,24,7,0,4,8,5,0,1,0,16,10,32,0,2,0,0,81,166,255,247,50,4,0,19,1,14,0,0,19,22,7,0,24,14,0,8,0,0,0,16,0,0,0,0,193,241,255,222,200,0,0,0,16,0,0,0,9,0,6,0,9,0,22,7,0,5,5,0,7,0,0,89,241,248,144,32,55,11,0,0,6,17,16,0,19,4,10,0,0,0,0,0,2,10,6,0,22,10,4,247,253,186,9,0,2,0,0,0,7,11,1,0,0,0,23,0,3,0,3,26,16,0,3,0,9,0,76,255,245,83,0,0,0,10,0,11,2,2,0,0,0,23,0,0,0,4,5,0,0,0,12,16,0,9,164,242,193,6,7,2,0,0,0,0,2,3,0,0,0,0,0,0,19,3,0,0,0,0,9,1,15,28,195,255,64,7,0,9,3,8,0,0,0,0,1,10,12,0,0,0,18,0,9,12,0,0,9,0,11,116,255,245,56,0,10,0,0,11,0,4,0,0,0,0,6,2,0,0,0,3,0,12,15,0,4,6,0,189,255,205,0,0,3,5,0,0,1,0,4,0,0,8,0,0,0,0,2,9,0,22,0,0,0,0,0,249,255,99,8,0,28,0,9,0,0,34,0,18,0,0,9,0,0,17,0,2,0,3,0,0,0,21,0,214,233,189,136,157,250,247,255,236,103,0,0,0,12,16,0,0,0,15,0,4,0,4,0,0,0,0,0,251,255,249,255,255,255,243,247,255,232,99,0,0,7,0,10,0,13,0,6,0,0,0,0,0,0,0,8,237,238,248,180,80,70,0,50,172,251,251,99,0,2,6,4,8,0,0,0,12,12,17,0,0,0,0,0,127,255,153,0,0,7,0,0,26,201,255,136,15,0,6,0,0,0,10,11,0,2,0,0,0,24,21,5,157,255,207,5,0,0,26,0,0,152,255,117,8,6,9,0,11,0,0,9,0,3,15,0,0,13,12,0,106,255,215,3,0,0,0,0,16,255,252,131,16,0,27,27,5,0,0,2,9,0,0,0,0,0,7,2,5,169,252,159,0,0,14,16,198,241,255,88,0,0,0,13,14,12,5,21,0,0,17,10,7,0,0,19,0,11,235,255,153,71,79,227,238,214,159,0,0,0,0,1,0,0,0,6,0,41,0,5,4,4,10,17,0,4,63,228,226,255,244,241,206,66,0,0,0,0,0,0,0,0,26,0,0,0,0,13,19,0,0,7,18,0,7,36,181,255,181,111,6,0,3,0,0,0,6,17,0,0,0,4,0,0,0,14,7,0,16,5,3,0,0,18,0,0,0,24,10,7,13,7,11,12,0,5,0,0,29,0,0,10,0,0,0,8,0,12,0,4,0,0,5,1,23,0,8,2,0,0,0,7,0,13,0,0,0,5,0,0,10,0,0,0,0,20,4,10,7,11,4,0,24,16,30,0,0,0,0,2,0,0,0,0,2,8,0,0,12,8,0,0,0,34,0,8,0,0,10,0,13,0,0,1,19,15,9,1,7,24,10,0,0,16,13,0,0,0,1,0,0,15,3,3,3,15,11,0,0,0,2,0,5,0,3,18,14,10,0,3,14
0,6,2,0,3,0,9,14,13,0,0,0,0,6,1,12,0,18,0,7,13,25,0,3,0,0,9,0,3,32,0,15,3,0,4,0,0,0,10,0,0,8,16,0,15,1,6,0,6,17,9,0,0,0,0,0,2,5,0,9,0,0,0,3,0,0,23,7,28,19,0,0,2,0,3,0,0,0,0,8,8,7,3,0,13,0,12,0,0,0,9,15,9,106,242,74,0,0,0,13,24,0,0,26,0,10,17,0,6,8,1,0,5,17,5,8,0,7,0,0,18,234,248,51,0,5,8,0,0,0,3,10,6,8,23,3,9,4,7,0,0,2,21,22,0,0,7,6,36,252,115,2,5,0,0,0,0,10,23,0,0,0,0,0,0,0,0,35,17,0,5,13,0,8,10,7,110,255,97,16,7,0,3,6,0,0,3,0,2,22,9,0,0,13,0,1,0,0,0,0,18,0,5,5,205,255,27,11,20,0,11,0,24,1,16,0,1,2,0,24,0,1,0,6,2,6,1,0,0,0,0,34,237,216,0,1,0,0,5,0,0,0,10,7,4,0,0,0,0,0,24,0,2,15,6,0,0,11,9,134,254,147,0,0,14,2,0,0,64,89,92,144,44,32,7,0,3,1,4,10,0,2,0,0,0,0,9,193,252,91,0,8,1,0,0,75,222,253,227,255,255,70,13,28,0,0,1,5,2,0,0,5,20,7,13,165,253,90,0,2,9,0,0,150,249,255,110,35,213,202,8,7,0,20,0,0,0,0,3,0,0,23,0,173,231,70,2,7,8,0,60,255,238,79,0,0,174,239,0,9,23,11,11,0,10,0,0,17,27,0,2,154,229,94,0,0,27,9,171,255,55,0,0,0,147,255,72,6,0,15,23,3,0,0,0,3,0,7,0,167,255,117,0,0,19,42,254,201,0,15,2,17,156,244,96,29,0,5,5,18,22,1,8,12,0,0,15,14,255,255,0,13,12,172,236,119,0,0,0,3,199,229,0,0,0,14,0,11,26,0,6,2,12,12,3,0,184,255,118,16,0,161,252,90,11,0,14,108,255,133,0,17,0,0,0,0,0,0,0,0,0,9,10,0,84,255,239,149,52,255,255,21,26,0,109,225,209,34,0,11,0,18,27,0,0,0,11,0,0,0,1,0,2,118,236,247,255,255,255,86,63,148,251,255,42,1,0,13,13,8,14,5,7,11,9,4,8,0,0,12,2,0,30,158,255,255,255,255,248,255,199,39,23,12,0,9,5,14,0,0,10,26,0,6,4,3,0,7,10,4,0,20,0,224,255,255,151,80,1,0,0,6,1,0,8,19,0,0,3,12,0,0,0,0,0,0,8,0,0,0,19,159,255,240,182,170,64,0,0,26,0,3,0,0,0,0,0,10,7,0,0,0,0,0,0,5,4,0,0,0,143,221,179,90,21,0,10,0,0,0,0,21,7,3,0,0,0,9,7,8,0,0,17,1,0,0,22,0,0,0,6,0,0,7,0,16,14,1,6,0,0,9,0,15,15,0,17,4,0,0,15,3,0,0,5,0,0,0,2,5,0,0,0,0,1,0,5,3,24,0,0,0,3,0,2,1,0,0,0,7,42,0,1,0,24,0,18,0,0,0,3,0,0,0,3,0,0,0,6,0,5,0,0,0,0,0,0,9,0,15,0,16,0,0,0,0,0,0,0,0,0,1,1,0,10,10,0,0,0,0,0,10,6,0,0,0,0,9,3,0,0,0,0,4,10,0,0,0,0,25,18,4,3,0
0,0,0,15,0,2,7,0,30,11,0,4,0,0,0,0,0,0,15,0,16,0,0,24,8,0,32,2,0,2,11,0,0,0,0,2,0,21,2,0,20,15,7,31,22,4,10,0,17,10,0,0,9,11,0,0,25,25,0,0,19,4,4,5,15,0,0,0,18,0,8,13,24,0,11,14,17,12,0,0,0,0,9,18,12,0,4,0,6,13,0,0,0,29,1,16,25,1,0,0,6,0,17,0,14,12,6,0,0,14,0,0,0,6,8,0,0,12,9,1,5,0,0,0,11,2,13,3,9,0,4,0,0,0,0,4,0,0,0,7,0,2,0,0,6,7,0,0,5,13,2,4,0,0,0,6,96,157,243,253,247,251,244,253,52,0,2,0,0,10,0,4,0,0,0,0,0,0,0,0,2,92,166,215,238,253,180,120,94,56,166,250,127,0,32,1,0,0,0,1,0,0,12,0,0,32,0,126,230,246,255,221,152,50,12,14,3,10,107,238,0,6,0,0,0,13,5,3,4,13,1,0,0,5,6,217,255,172,48,3,0,17,7,0,0,30,42,31,0,0,0,0,18,13,9,0,0,0,0,8,23,0,6,168,255,92,0,0,0,2,0,0,0,0,12,15,11,0,9,0,9,15,11,21,0,0,8,0,7,2,35,255,203,0,2,0,3,10,3,0,0,18,5,0,11,14,0,0,0,0,4,0,0,0,0,0,7,0,142,238,152,0,0,5,0,0,0,0,0,0,3,0,0,6,0,0,0,0,0,5,1,0,0,7,0,0,154,244,110,10,8,7,36,0,10,0,0,21,0,6,0,7,0,0,27,0,2,0,17,0,9,0,0,0,225,245,40,0,13,0,0,27,5,0,0,1,0,5,17,8,0,0,0,0,0,14,19,0,0,0,0,27,255,206,24,44,47,54,25,4,0,0,19,5,0,0,5,22,0,0,0,0,26,14,0,18,6,18,0,64,255,251,255,247,249,247,191,88,0,19,0,0,0,0,0,6,18,13,1,0,0,0,0,0,0,2,0,21,199,157,137,127,151,227,255,255,184,4,0,13,0,0,18,21,7,0,0,0,0,13,0,0,0,11,0,0,0,17,0,2,0,7,41,176,255,123,0,2,6,0,6,6,0,0,13,10,9,3,2,0,10,1,1,6,0,2,3,5,0,0,30,199,243,104,14,0,11,3,5,0,13,13,9,0,10,29,0,0,0,3,0,17,0,9,0,14,4,54,216,255,189,18,0,0,0,15,8,5,0,0,12,14,0,0,14,1,0,10,9,0,17,12,10,0,147,235,241,215,53,0,8,17,0,7,0,5,0,0,19,9,0,0,0,0,6,0,0,11,101,138,142,226,255,255,133,0,13,0,0,0,6,0,0,0,0,0,4,0,5,0,1,0,0,0,105,250,214,255,255,234,199,36,7,11,4,19,0,0,0,0,2,0,0,0,18,12,0,15,0,0,0,134,245,254,255,241,191,69,15,17,0,0,9,12,0,17,0,0,0,19,0,3,0,0,0,21,8,0,0,67,180,200,82,7,8,0,0,0,0,0,0,1,16,3,0,7,18,0,9,17,0,4,0,5,0,0,33,4,2,0,0,18,12,3,16,0,0,4,5,0,0,11,0,0,0,0,2,10,0,0,6,11,0,0,16,0,16,23,7,26,6,0,36,14,0,0,0,6,0,0,13,27,3,6,0,0,0,6,2,0,13,0,0,3,0,20,0,6,5,0,0,34,10,0,5,8,0,0,0,0,0,11,0,2
0,0,0,0,3,0,0,23,0,1,4,0,0,4,12,1,4,0,0,0,21,11,0,0,7,0,12,0,13,0,0,0,0,0,0,6,0,0,0,0,0,17,0,7,0,9,7,0,0,0,0,3,13,1,0,0,0,0,4,0,17,0,0,7,14,0,5,0,19,18,0,0,0,0,20,2,0,10,0,0,12,5,17,0,3,5,5,0,20,14,15,3,0,13,0,0,1,0,9,0,0,24,8,0,6,0,0,0,12,0,7,0,0,0,5,0,17,0,0,0,0,0,0,12,0,0,7,1,0,1,22,0,0,0,0,0,0,36,0,0,0,0,8,8,0,0,9,3,0,0,0,181,52,0,0,9,3,0,0,15,0,0,11,24,8,2,19,0,0,0,0,0,17,0,0,0,0,0,53,246,37,5,19,20,0,9,0,0,0,0,0,0,0,0,4,13,0,0,0,4,0,0,0,22,18,4,182,228,9,8,2,31,132,76,2,0,0,11,0,11,0,0,0,0,0,0,5,0,12,3,0,4,0,98,207,24,1,0,20,0,120,160,0,11,0,0,0,12,0,24,12,19,0,15,8,0,0,0,5,0,11,137,113,0,0,0,0,7,99,197,23,0,0,0,0,0,14,0,0,0,10,18,15,0,9,0,0,6,35,230,120,12,13,15,6,15,91,246,54,0,3,0,0,9,2,16,0,0,0,0,16,0,3,2,0,14,114,201,4,13,0,0,0,0,171,240,78,21,1,0,0,0,0,12,0,5,0,7,0,0,3,0,14,11,250,122,0,0,0,8,6,42,242,113,2,1,0,12,23,0,13,0,5,0,8,11,9,19,0,0,0,126,249,18,6,0,0,8,0,29,218,106,2,0,0,0,8,0,9,14,0,9,5,2,0,1,10,0,0,247,189,0,9,0,4,19,0,0,165,144,16,0,24,26,0,0,11,22,17,0,41,2,2,16,0,16,24,160,255,144,112,11,10,0,0,0,117,231,32,21,11,19,0,0,14,2,7,0,17,2,13,2,0,4,10,10,84,134,197,204,218,199,209,215,243,255,255,211,123,8,0,6,9,0,0,0,2,5,0,43,15,0,0,0,0,0,0,15,20,49,92,81,217,255,34,18,21,1,5,15,0,0,0,0,1,0,25,19,0,0,5,3,15,0,0,0,1,0,0,7,170,224,23,2,0,7,20,15,0,0,0,1,0,5,0,8,0,10,1,0,10,0,0,16,0,0,3,0,150,147,7,0,15,0,9,0,0,11,1,6,11,0,0,20,4,10,13,0,0,4,3,0,0,0,0,0,86,176,7,0,0,0,0,0,7,35,19,0,0,2,19,0,0,0,8,10,20,0,0,2,7,0,7,4,85,242,18,0,4,0,0,3,8,11,0,2,3,1,27,0,19,0,0,2,18,3,0,0,4,0,0,22,44,228,54,23,0,0,0,7,0,10,0,0,0,19,3,0,16,4,17,0,0,8,18,31,0,0,0,0,6,191,226,0,0,0,2,12,0,31,0,5,0,0,0,0,35,0,0,2,26,0,6,0,0,15,0,11,15,103,153,8,0,0,28,26,0,2,0,0,0,17,0,5,0,0,0,0,0,0,0,7,6,6,0,3,30,0,8,0,0,14,0,14,0,6,6,0,0,1,0,5,0,0,10,0,10,0,0,0,19,0,8,0,0,15,28,0,0,0,12,7,0,0,0,0,0,0,0,0,19,4,38,8,0,0,8,0,0,0,10,3,0,0,2,7,23,6,9,0,0,26,0,8
21,0,0,21,3,1,0,35,3,0,0,0,19,9,4,14,0,3,4,21,0,0,24,0,0,5,0,0,0,0,17,0,22,22,0,24,0,0,0,0,5,21,9,11,30,0,17,3,17,11,7,3,0,0,7,5,0,0,0,18,0,15,0,4,8,0,14,0,0,13,0,8,0,4,9,0,0,0,1,6,9,0,0,0,7,20,0,26,19,8,8,0,2,0,0,2,0,0,16,0,7,26,7,0,2,0,0,0,0,4,3,1,0,8,0,0,12,5,0,0,0,0,0,13,0,38,81,189,84,80,85,85,13,16,16,1,0,0,0,0,3,22,0,0,0,0,0,16,7,27,0,2,0,17,255,255,230,255,244,254,158,0,0,9,0,2,0,0,12,0,8,3,4,10,23,1,18,0,63,46,9,21,247,253,255,255,255,255,230,236,45,0,0,9,0,11,0,6,0,18,0,0,0,0,21,142,248,249,90,1,168,255,247,229,241,255,255,255,48,0,0,0,9,3,0,10,6,0,3,0,0,2,149,255,241,255,173,0,77,213,255,238,255,241,234,253,231,0,8,10,0,10,1,0,0,6,0,7,4,148,248,247,255,255,182,31,0,0,156,254,141,194,255,255,252,76,0,0,0,0,0,2,0,13,5,9,124,255,247,248,255,253,255,55,0,1,21,38,0,44,208,228,255,155,0,5,0,0,0,5,23,8,16,107,246,231,253,249,255,255,222,32,0,0,4,0,0,25,43,236,231,202,50,9,4,0,14,0,0,0,0,86,255,239,245,248,255,220,29,0,0,3,3,0,0,0,49,238,255,255,91,0,16,7,28,0,0,0,6,239,254,248,255,245,241,175,4,3,17,13,0,0,10,9,194,249,255,241,84,0,13,9,0,7,2,0,1,248,255,243,255,237,173,22,7,3,9,0,10,11,0,8,203,240,255,255,78,5,8,0,0,4,0,0,30,255,255,253,255,221,0,12,21,5,15,0,0,50,228,239,245,255,253,151,0,0,0,0,16,14,0,8,43,233,227,255,248,222,6,0,8,3,0,74,125,213,255,255,251,254,216,91,3,9,17,0,20,0,0,0,0,235,255,255,236,219,48,39,31,189,226,243,255,255,255,255,245,232,63,12,18,0,0,0,0,0,0,4,0,175,251,252,255,233,250,234,255,255,255,249,235,254,242,255,255,197,32,0,20,0,0,0,0,5,2,0,0,96,251,255,250,240,255,255,250,249,237,229,255,249,245,224,188,1,17,0,0,0,0,6,4,11,0,14,0,52,204,247,250,238,255,255,243,251,255,255,239,241,227,57,0,0,0,0,11,1,0,6,0,11,4,0,0,0,44,244,242,248,252,243,255,255,245,253,247,238,81,0,0,22,0,0,0,8,0,0,4,32,3,4,0,15,0,33,192,255,255,238,234,255,255,187,125,9,0,0,7,0,9,27,19,16,2,13,0,2,7,0,14,0,10,0,43,121,254,240,168,76,80,21,6,1,0,0,0,0,23,3,0,6,3,14,0,21,16,14,9,4,2,2,0,0,0,14,0,17,0,26,0,0,0,0,7,9,0,17,23,1,36,0,0,0,2,65,0,15,7,0,14,0,0,7,0,6,0,0,0,10,4,15,9,0,0,0,0,0,21,0,5,0,6,0,0,0,0,0,0,0,0,0,0,0,1,10,12,2,0,0,26,39,0,20,6,0,1,0,0,12,0,0,0,13,2,17,3,21,10,0,0,0,2,28,0,18,2,9,6,5,2,5,6,0,0,0
0,4,0,7,0,0,19,13,0,0,0,0,0,0,0,2,0,22,0,0,21,21,0,0,5,18,0,0,21,4,0,12,7,7,6,3,11,0,3,0,0,9,0,0,9,0,18,6,10,8,8,0,3,0,8,0,0,0,21,0,0,17,5,0,6,1,0,0,20,0,11,0,0,0,0,0,12,0,0,0,16,0,3,0,0,0,15,15,0,0,3,0,7,5,12,0,3,3,0,0,0,0,10,0,31,0,0,0,24,9,4,14,3,16,10,4,33,0,4,4,17,0,3,17,3,0,0,0,11,0,11,12,14,27,0,15,13,3,9,29,0,14,0,0,23,4,6,0,0,6,4,0,0,4,0,7,13,16,0,0,0,0,0,0,12,0,0,2,0,21,0,0,0,0,1,2,6,0,9,9,8,14,0,0,15,0,0,0,26,0,0,3,0,0,6,0,9,15,0,4,18,0,10,26,8,0,12,0,0,6,2,13,0,0,0,0,0,0,5,3,0,0,13,0,2,12,0,18,4,15,16,6,0,0,18,85,172,255,255,255,255,255,62,5,0,14,2,4,4,0,0,7,30,0,0,0,4,0,127,0,6,133,190,241,216,136,132,136,255,255,137,0,6,10,2,0,2,0,0,19,0,0,34,0,0,159,150,164,234,255,177,84,0,0,15,0,138,251,232,62,0,0,5,8,8,0,20,0,3,9,0,8,93,248,242,255,151,16,6,10,0,0,0,0,19,224,255,142,0,0,0,0,27,5,0,0,0,16,14,0,113,210,104,29,17,0,0,6,16,23,0,4,7,199,255,151,0,0,0,13,4,13,2,0,7,0,4,0,0,2,0,11,0,34,0,4,0,0,6,12,0,130,254,163,5,10,0,7,18,0,0,3,0,0,0,0,6,11,0,0,5,0,6,13,0,7,5,13,0,97,255,164,24,0,8,0,0,7,0,23,19,5,0,0,5,0,0,2,0,17,0,0,0,0,2,0,0,122,255,145,0,0,0,4,3,0,12,0,16,0,14,0,10,23,7,0,5,14,1,11,16,1,12,0,0,170,255,82,2,0,2,0,11,3,0,0,0,0,0,0,6,0,0,20,2,24,0,0,13,19,30,4,13,202,255,27,10,1,17,16,8,4,0,2,0,0,0,18,0,0,0,0,9,8,6,0,0,4,12,22,7,189,206,0,11,0,18,0,0,12,0,3,0,1,2,1,11,0,27,6,14,17,0,12,16,4,6,26,32,216,140,0,0,14,8,2,20,0,0,0,0,7,0,16,0,7,0,0,1,6,0,11,7,24,0,0,79,255,71,16,0,27,0,15,5,0,0,0,0,16,9,0,9,23,0,3,32,13,15,11,18,0,7,18,230,255,83,0,15,3,0,5,0,2,0,0,0,8,0,2,11,0,26,0,0,20,0,0,11,9,0,0,252,241,3,7,7,0,13,16,6,0,0,0,0,0,0,0,7,7,0,1,9,22,0,0,0,6,0,26,236,140,17,0,14,4,0,0,1,2,0,0,6,0,6,0,0,0,12,0,8,0,0,0,8,13,3,116,255,48,14,14,17,0,0,3,2,0,8,0,0,0,0,2,14,0,7,4,19,0,1,0,8,0,12,216,221,12,12,0,0,6,8,0,9,0,0,0,0,7,0,44,0,0,0,0,15,19,18,0,0,0,55,255,209,5,8,14,16,0,25,4,4,0,32,4,0,0,1,0,0,7,0,0,0,0,6,16,1,0,46,255,3,16,8,26,3,0,3,0,0,0,19,15
0,11,0,2,0,17,0,9,8,15,0,8,0,0,5,17,0,6,8,20,0,0,0,0,0,22,7,10,2,0,0,9,33,12,5,12,0,7,0,0,6,0,0,7,0,0,0,0,0,0,0,10,0,0,19,11,9,16,0,24,0,10,2,0,16,8,0,29,13,0,5,0,0,11,0,0,9,3,1,5,13,5,0,11,11,0,0,6,0,6,27,11,17,5,0,0,0,14,0,0,0,7,0,2,0,26,0,2,14,0,3,17,0,24,0,0,4,0,0,5,0,0,1,0,2,0,35,13,0,0,6,21,4,0,0,0,0,0,0,8,14,0,0,9,0,21,0,0,0,14,0,2,245,113,0,0,0,5,13,0,0,0,0,0,0,28,0,12,0,0,0,0,11,17,0,12,0,17,0,35,247,126,0,0,0,0,34,214,148,3,2,22,6,1,8,10,0,9,0,3,17,11,9,21,0,13,2,183,241,116,0,0,8,0,26,253,208,16,16,0,0,0,0,7,0,0,20,11,13,5,0,0,0,0,51,221,229,91,22,0,0,0,80,241,182,20,0,0,9,0,0,0,5,1,0,8,5,0,0,0,17,8,220,252,156,0,1,1,8,0,150,246,131,10,0,0,0,9,0,0,0,4,0,6,0,6,2,12,0,121,255,255,72,2,0,5,0,13,215,251,90,2,5,0,3,33,12,8,0,0,29,0,0,3,0,0,5,228,255,103,0,0,2,1,13,7,215,255,6,10,2,8,0,0,2,0,0,10,0,31,27,0,5,0,216,255,212,32,10,24,2,18,0,43,254,250,6,0,9,0,0,0,6,0,0,0,0,17,2,28,0,173,236,241,26,14,0,3,4,12,0,47,252,246,22,0,0,25,0,13,12,12,0,7,2,2,19,1,36,249,255,249,218,170,60,64,44,0,36,132,255,244,0,18,0,16,0,0,0,11,0,51,11,0,19,3,8,255,240,245,255,255,250,255,215,170,205,243,252,191,0,0,2,0,19,0,9,8,0,0,15,24,0,0,0,81,168,215,231,219,253,253,247,229,255,255,243,64,0,16,10,8,0,5,5,14,1,3,4,17,4,3,7,0,0,11,0,4,116,151,139,91,176,255,235,6,0,31,19,18,2,0,0,0,0,0,0,0,6,17,4,0,3,3,13,1,19,0,0,1,153,250,196,0,10,22,0,2,12,0,0,0,4,4,0,21,0,0,21,23,14,0,0,0,9,0,14,0,167,255,155,0,0,0,16,21,0,11,0,0,0,0,17,9,0,0,0,2,0,0,0,24,0,8,0,0,205,255,129,0,19,0,0,0,0,0,9,0,7,0,5,8,1,0,0,11,0,13,10,11,0,0,25,63,245,255,84,21,4,3,13,0,0,0,5,0,25,0,9,2,0,0,12,0,0,3,14,11,0,4,5,89,255,236,39,0,0,0,4,6,0,0,18,29,0,10,0,0,0,0,0,0,0,0,0,0,0,5,8,51,255,209,19,10,0,2,6,3,0,0,8,0,15,0,9,0,18,0,15,22,0,0,0,0,0,3,0,1,181,113,0,0,22,16,27,15,8,11,11,0,0,6,0,0,0,1,16,1,3,5,0,0,13,0,0,0,12,16,2,0,0,0,0,9,4,0,8,13,0,21,0,17,9,0,0,0,38,9,0,0,6,0,4,0,2,0,0,20,17,19,0,20,0,15,3,0,13,6,16,8,0,12,0,11,0,0,1,11,0,19,0,0,3,0,8,6,0,8,0,9,1,3,9,5
3,0,0,12,1,0,0,0,0,21,7,0,0,6,7,1,4,0,22,0,5,0,11,0,7,0,13,0,0,8,7,7,0,0,0,0,8,0,2,0,18,0,20,5,5,5,4,0,0,0,14,0,17,9,5,18,0,9,0,0,0,12,6,6,0,3,0,0,0,0,0,0,0,0,2,0,0,0,0,0,0,17,0,0,0,2,2,16,26,10,0,6,0,0,0,11,0,21,12,0,0,4,1,11,0,6,0,0,0,0,11,13,6,0,5,0,0,7,10,0,0,20,0,9,16,19,21,0,0,0,34,6,0,17,3,9,0,4,7,0,0,0,3,27,21,0,25,0,1,38,250,225,232,239,254,255,139,132,82,2,0,0,0,11,0,2,8,0,17,4,10,1,0,16,2,0,0,46,255,255,255,249,234,255,253,237,255,107,0,0,7,5,45,5,5,0,2,13,2,0,0,0,0,14,0,35,127,253,255,255,255,255,255,255,255,249,25,0,7,0,18,13,0,0,4,0,5,0,9,0,0,0,2,0,0,66,255,253,173,211,255,255,255,247,110,0,0,0,0,0,20,20,10,0,3,4,15,0,22,13,8,15,0,169,255,164,0,33,145,247,238,233,223,15,0,1,3,26,0,0,9,1,15,0,0,0,7,0,9,13,107,234,252,32,5,0,0,177,255,242,248,35,5,1,0,0,13,0,4,1,0,0,0,0,3,17,0,34,239,229,123,6,25,31,0,58,255,239,254,111,0,0,13,18,5,0,13,27,0,0,0,0,0,7,0,119,255,200,40,14,0,0,4,17,180,248,239,167,0,0,14,0,0,11,3,0,22,0,1,0,0,12,41,235,221,78,10,0,0,0,14,0,96,255,241,172,2,0,24,0,5,0,0,3,10,7,0,0,1,0,138,251,226,0,24,0,16,2,5,5,82,255,246,142,8,0,0,0,0,0,0,0,2,0,39,18,15,22,239,255,94,0,5,0,1,0,5,31,64,252,242,158,3,5,0,0,0,16,0,19,0,0,7,0,0,13,240,251,110,0,8,0,9,6,0,3,118,255,241,150,0,5,0,22,0,0,1,0,6,0,7,16,15,28,249,255,100,1,9,4,0,0,28,0,77,248,251,92,0,0,0,0,0,23,11,5,0,21,0,23,0,5,240,255,109,0,6,0,0,5,0,9,105,236,226,31,0,12,4,17,1,13,0,1,0,2,35,9,0,42,254,241,238,39,0,13,0,12,0,0,139,255,161,0,0,10,0,1,7,0,0,2,12,11,11,0,0,23,226,255,246,230,127,0,90,106,94,197,249,229,22,0,0,0,18,0,0,0,0,0,0,4,0,0,0,5,167,248,255,232,236,239,210,229,255,255,255,96,0,8,20,0,0,17,0,12,0,9,0,10,1,0,0,0,69,236,237,243,239,252,239,255,246,249,146,0,8,0,11,19,7,3,2,12,0,0,19,0,10,5,12,16,0,33,255,255,255,236,255,246,246,137,11,11,2,0,0,9,0,0,4,12,7,0,1,0,0,0,3,13,0,28,73,69,198,158,107,18,7,15,0,16,0,0,0,0,5,1,0,4,0,0,10,0,0,0,0,0,9,3,9,0,1,0,0,9,0,5,4,7,14,0,10,10,3,1,0,0,7,0,13,22,17,0,0,2,8,5,0,0,6,0,14,0,0,15,3,20,19,0,0,0,0,13,0,0,0,0,1,11,11,0,0,0,0,4,21,6,0,3,0,11,37,0,5,0,0,0,11,0,16,6,0,2
13,6,19,0,0,0,26,1,0,2,0,0,0,22,0,23,0,5,2,12,0,0,10,0,0,0,14,0,0,0,0,6,0,9,9,8,0,12,15,10,14,6,21,0,5,7,14,0,0,0,15,7,0,0,0,3,4,0,9,1,0,2,2,0,14,0,20,0,0,0,0,0,0,0,0,0,0,1,27,0,7,0,8,1,9,0,18,19,0,0,34,0,14,15,13,8,2,0,0,18,4,24,6,0,11,0,0,10,2,0,9,11,0,4,1,2,7,32,0,1,0,0,6,221,225,10,0,11,10,0,0,0,0,0,0,0,0,6,6,6,0,10,22,0,0,0,0,0,15,7,0,224,255,79,0,0,0,0,1,19,0,4,0,12,19,1,6,0,16,22,0,13,4,7,15,0,0,21,20,197,255,255,1,0,5,4,16,0,0,0,0,0,14,23,0,0,0,0,0,0,0,4,6,10,22,0,3,87,199,243,9,18,6,11,0,3,0,5,19,4,2,17,0,6,6,12,0,10,2,15,0,0,0,13,10,23,96,255,148,12,0,9,5,0,0,6,0,0,0,5,0,0,0,8,0,0,0,13,5,0,11,9,14,0,109,255,255,0,14,8,4,0,26,0,0,0,0,9,8,0,0,0,10,7,0,8,16,0,5,6,18,13,197,255,252,12,0,0,15,0,0,0,0,0,0,2,0,15,0,9,10,0,0,6,0,8,0,19,0,3,120,255,219,0,10,5,0,0,7,9,4,4,0,6,13,0,0,0,4,16,14,0,2,0,0,0,9,0,176,255,248,0,5,0,0,0,0,0,0,3,0,0,0,5,16,23,0,1,2,5,0,0,18,0,6,0,226,255,248,107,0,0,0,0,5,12,0,0,0,0,5,6,0,28,0,0,4,4,0,33,10,3,0,21,60,173,248,168,0,0,0,18,0,0,0,0,17,7,7,6,0,22,0,0,17,1,0,0,5,0,0,0,0,106,244,247,0,5,5,16,0,2,0,13,0,20,5,2,0,16,0,0,0,0,0,23,0,7,4,0,23,112,255,238,2,0,3,0,18,22,0,14,0,15,0,5,0,0,4,4,17,0,0,0,13,10,0,0,10,125,255,220,0,0,26,0,19,3,0,0,0,0,6,7,0,11,0,0,0,0,0,0,11,0,0,3,0,134,255,207,16,0,0,16,0,8,12,14,0,0,5,0,0,6,0,0,4,0,4,15,42,0,5,16,10,187,250,240,10,28,19,0,0,11,7,11,0,30,1,8,0,0,0,0,0,0,3,8,0,0,7,2,6,196,255,233,107,5,0,0,0,0,0,7,0,0,0,0,0,0,8,14,14,0,0,0,12,15,10,0,0,135,234,236,116,17,0,0,4,0,0,0,0,6,1,0,7,2,0,27,5,0,0,19,0,18,0,0,0,118,235,230,93,4,9,10,9,0,0,1,1,12,0,0,17,0,0,0,11,5,0,2,0,0,4,23,0,56,194,236,57,4,0,0,12,0,0,0,0,16,8,0,13,0,0,0,0,0,0,12,0,0,0,0,0,0,6,7,0,11,0,0,7,9,6,0,7,30,38,0,5,12,0,0,0,22,0,0,0,7,13,1,13,5,6,1,4,0,7,2,1,0,0,13,10,0,22,0,0,0,4,0,0,0,21,2,0,0,9,0,4,0,14,0,0,0,0,15,13,1,11,7,0,14,9,13,10,0,6,17,0,1,0,1,0,5,3,0,12,0,0,15,0,0,0,0,10,0,0,0,5,0,0,11
0,0,13,4,15,0,0,13,0,5,23,0,21,21,3,0,0,0,0,1,2,0,0,5,10,0,0,0,2,0,9,0,1,0,0,0,13,0,17,0,0,3,2,9,0,9,5,0,5,0,0,14,13,12,7,8,0,0,0,21,0,0,0,15,0,3,0,22,0,0,18,0,0,0,2,0,0,15,0,15,0,0,0,10,0,4,22,5,0,18,0,0,0,0,0,0,0,0,2,0,1,0,0,14,17,0,0,11,15,9,0,0,0,0,7,0,12,0,2,26,0,0,0,0,0,4,0,1,9,0,0,0,0,0,0,5,10,0,0,5,0,0,12,1,0,0,20,0,4,0,30,5,5,0,11,0,0,15,6,13,0,0,6,0,0,11,0,0,16,10,0,0,0,7,18,3,93,194,255,249,255,255,255,176,77,9,0,31,0,0,0,29,12,9,16,0,4,0,2,0,0,0,18,203,243,221,255,255,238,255,237,249,232,26,5,10,0,0,0,24,5,0,12,0,0,22,0,0,0,0,0,197,255,230,166,104,232,181,229,237,255,135,0,0,23,6,4,0,0,0,10,8,5,0,0,0,9,23,10,67,165,42,13,0,0,38,198,255,255,128,0,0,0,0,0,11,0,0,0,17,11,0,0,5,16,0,7,0,6,0,0,0,0,214,255,248,224,3,0,0,7,6,2,0,0,16,7,1,23,1,0,0,4,3,0,0,0,4,0,117,207,249,254,233,88,0,1,0,0,19,0,0,18,17,0,4,3,0,0,22,0,0,0,8,13,0,32,248,255,253,255,134,37,9,11,0,0,31,13,0,7,0,12,32,12,13,17,6,0,2,0,6,0,3,0,242,240,255,251,231,217,124,95,0,17,5,0,11,0,20,9,0,7,3,7,0,7,17,0,0,0,11,0,17,117,227,254,226,255,232,255,80,8,18,0,0,6,0,8,8,22,0,0,13,0,1,0,0,9,0,7,3,0,13,37,124,216,251,215,220,10,0,8,11,11,17,24,0,0,23,0,14,21,3,19,20,0,19,1,3,6,0,0,11,28,168,243,255,101,24,0,7,0,30,10,9,6,0,5,4,1,3,0,0,0,11,0,6,0,0,15,0,23,193,255,255,78,0,0,0,5,14,5,0,14,5,30,2,0,3,0,10,0,0,8,0,3,0,25,0,138,252,245,73,7,0,6,6,8,16,0,19,0,10,5,8,14,0,0,5,22,26,0,0,0,0,3,136,242,255,247,23,6,0,3,0,13,0,0,5,0,12,0,7,13,0,0,0,3,0,5,1,1,58,227,245,255,188,0,4,25,0,0,0,10,0,0,0,0,0,29,0,3,0,0,14,0,12,0,0,142,236,255,255,171,24,5,0,0,0,4,0,12,0,0,2,2,2,0,0,0,0,9,21,23,173,170,255,249,255,211,69,0,1,4,3,14,0,0,0,0,11,4,0,21,8,0,0,6,23,0,0,130,255,250,255,255,176,27,0,6,0,0,0,0,0,5,2,23,2,11,0,0,0,0,2,6,17,0,0,167,255,248,170,80,6,0,0,6,0,22,9,1,0,0,0,12,0,11,12,0,14,9,1,0,18,8,5,123,191,127,0,26,0,0,8,6,10,0,4,14,5,16,0,0,0,5,0,7,0,4,10,0,24,8,7,10,9,0,0,0,4,22,9,0,0,0,16,0,9,0,0,0,0,0,0,0,7,0,4,0,0,4,0,3,0,5,0,0,7,0,0,0,0,3,16,4,9,0,11,9,0,4,2
0,0,2,5,7,2,13,0,0,0,0,9,8,0,0,0,0,19,12,0,0,5,4,7,0,14,0,0,0,4,0,0,0,2,0,2,0,0,0,0,15,7,0,0,3,0,13,0,32,12,0,35,5,24,0,0,2,0,0,8,11,0,2,1,6,0,11,0,0,18,0,0,5,0,0,1,0,0,0,0,0,0,0,0,0,11,0,4,0,9,18,0,0,0,22,0,0,0,2,1,0,3,0,0,0,12,6,20,0,7,10,4,0,0,0,0,21,0,7,17,20,0,0,7,5,12,10,0,12,0,0,0,5,0,23,1,0,0,1,0,0,0,2,22,15,0,22,4,0,0,0,0,193,188,32,19,7,0,6,9,0,3,0,10,0,0,0,0,0,6,5,3,0,21,0,8,6,8,0,6,198,255,115,0,2,6,14,7,22,0,17,12,6,0,16,0,1,0,0,4,3,19,0,0,13,10,0,0,101,236,160,21,4,17,0,2,0,0,17,13,0,0,17,26,0,0,7,9,5,0,0,0,0,0,4,0,104,255,156,0,6,8,0,14,2,20,7,0,9,2,0,0,0,1,0,0,0,1,0,12,6,0,11,9,30,255,255,2,16,5,0,0,0,3,16,0,0,3,0,0,2,4,12,14,2,6,0,16,0,0,0,0,2,249,227,84,0,0,0,10,0,2,6,17,0,0,12,16,0,0,0,4,0,3,12,0,0,0,3,0,0,156,239,218,10,20,0,19,0,20,0,3,0,0,4,0,0,14,4,0,0,0,0,2,0,11,0,0,0,127,241,204,7,31,0,0,11,3,7,14,0,0,0,2,0,0,0,1,0,4,4,34,14,7,24,0,10,95,253,206,24,0,3,5,0,0,8,0,3,12,0,4,13,0,2,0,0,0,0,12,0,0,5,6,0,17,215,248,56,0,5,5,0,0,10,6,0,0,0,23,4,12,0,10,0,8,0,0,25,0,0,14,6,0,233,255,101,7,4,0,17,28,5,0,0,3,0,21,0,6,0,0,25,0,0,3,0,18,15,0,36,0,158,255,142,16,0,21,6,25,0,0,13,18,0,0,0,10,0,16,20,34,2,0,15,0,17,1,0,0,92,255,153,0,8,14,0,0,0,16,0,0,17,2,0,2,9,13,2,8,0,8,0,3,0,0,7,0,112,252,204,14,3,8,0,0,0,0,32,18,24,0,0,0,0,20,0,0,0,30,0,0,12,0,0,0,116,245,226,9,20,0,1,10,0,20,21,0,6,0,3,14,1,4,0,0,0,0,12,13,18,0,0,29,132,255,252,0,8,1,0,0,0,0,8,14,7,0,10,0,2,5,4,22,7,15,9,0,0,0,12,0,50,255,255,0,26,0,5,0,13,21,1,4,0,0,3,5,3,9,0,0,0,0,0,0,0,0,11,30,14,255,250,14,0,0,11,1,0,0,12,0,0,14,2,14,0,0,0,7,0,0,18,0,0,0,0,10,1,192,255,79,6,9,3,21,0,10,0,0,11,12,3,4,26,30,0,3,8,0,0,0,0,7,0,0,0,30,255,101,0,0,0,0,0,0,0,0,11,0,0,18,5,14,23,0,0,0,3,30,19,4,10,10,27,9,0,0,5,0,0,12,0,0,0,12,4,10,0,15,0,3,0,15,18,0,0,18,0,2,12,0,11,0,10,0,28,0,0,8,0,3,0,2,1,14,0,0,5,0,0,0,0,0,0,22,0,5,11,0,3,0,0,11,24,8,0,0,6,10,0,15,0,5
0,17,0,5,9,5,0,6,12,0,36,0,0,0,0,0,22,0,6,29,0,0,0,4,6,13,0,13,0,0,6,19,0,7,16,8,0,10,0,18,0,17,0,0,0,21,0,10,0,15,0,0,12,4,0,19,6,3,28,3,9,19,0,0,0,0,0,0,8,0,0,9,23,0,1,9,15,0,0,0,0,24,0,4,0,0,5,0,8,0,0,0,0,0,0,10,26,26,0,15,3,0,0,0,12,0,3,0,0,0,0,0,0,13,0,14,11,6,0,28,0,0,8,2,30,0,0,0,0,2,7,5,19,6,0,0,13,0,0,1,13,0,0,0,0,0,6,19,89,236,240,255,255,207,134,32,1,12,28,4,7,3,12,1,0,17,19,12,0,0,5,12,0,0,15,173,246,248,255,241,245,255,255,144,0,10,5,0,2,0,4,17,0,0,3,25,13,0,0,14,0,0,53,225,233,222,196,187,52,73,255,254,80,0,7,0,1,1,0,0,0,0,0,0,0,9,0,11,0,0,22,193,163,23,3,13,14,74,251,255,93,0,0,25,0,0,11,30,12,0,0,0,0,0,0,0,0,0,16,0,7,11,0,10,0,85,235,247,99,0,4,0,0,4,18,0,0,12,14,6,0,20,15,5,0,0,2,4,24,0,0,8,28,144,246,167,17,0,0,0,11,7,0,0,8,0,0,0,9,0,21,0,0,0,19,0,27,9,7,45,247,255,237,81,2,5,26,0,0,0,3,0,0,0,0,0,0,6,6,0,0,0,30,10,0,26,93,240,255,255,241,9,0,0,30,0,12,0,0,0,0,0,6,0,19,0,0,0,0,0,0,17,20,232,232,252,255,241,248,220,103,17,0,17,3,0,0,0,2,6,27,0,1,1,0,20,0,13,0,0,41,251,255,239,255,254,247,255,248,213,41,3,0,6,0,21,6,0,0,4,0,0,0,15,1,0,0,0,38,232,211,209,81,81,73,200,244,255,233,51,0,20,15,0,8,18,0,3,0,0,11,0,0,6,0,9,0,0,9,0,0,0,21,77,182,255,237,191,26,15,21,7,0,10,0,0,0,0,6,13,13,15,0,15,0,0,3,0,0,0,10,27,17,165,253,252,55,0,7,27,12,1,18,0,10,0,4,0,23,3,10,19,5,0,4,0,0,0,0,17,0,0,144,234,222,19,0,18,20,0,0,5,23,0,0,0,12,4,6,0,0,1,0,0,0,0,0,25,19,16,127,243,240,103,0,0,0,6,0,0,0,6,26,21,0,5,16,14,21,2,0,0,0,0,22,4,0,23,237,242,255,64,6,19,14,9,0,0,10,0,0,0,3,0,5,14,8,0,19,4,0,5,10,64,128,217,255,255,255,58,0,0,3,0,0,0,14,0,1,24,0,0,3,0,2,10,9,32,24,151,197,250,255,250,255,219,74,0,1,0,0,0,6,0,6,0,0,0,15,5,10,8,4,30,156,236,248,255,241,251,255,229,98,0,0,0,10,0,10,0,14,0,0,17,12,0,0,8,17,20,15,105,205,255,222,255,213,129,131,8,1,4,12,0,0,0,11,0,0,12,4,3,2,0,0,0,0,23,0,0,0,0,7,10,0,1,0,0,2,5,5,4,0,0,0,0,0,0,18,5,10,26,1,0,19,0,0,4,1,0,7,0,3,0,44,0,0,15,0,0,0,0,5,19,0,0,0,10,6,10,0,0,17,0,0,7,7,0,11,0,0,0,12,1,0,0,0,32,1,0,2,0,0,0
24,14,15,0,14,0,0,11,0,5,14,0,0,0,0,0,8,3,9,25,0,0,0,3,0,23,0,12,9,0,0,3,11,25,1,0,0,0,0,0,0,8,5,29,22,23,0,9,0,0,0,0,0,5,14,0,0,4,0,4,1,0,0,22,0,0,8,13,6,5,0,9,20,9,0,0,0,0,0,0,8,2,10,10,4,14,14,10,16,15,11,12,20,17,4,6,0,0,28,0,0,0,5,0,0,11,0,17,5,0,16,0,0,13,5,17,0,0,13,10,0,9,0,7,0,1,30,21,0,0,26,1,18,3,0,0,0,0,0,0,0,0,0,0,8,0,22,17,0,7,182,168,60,1,7,3,6,3,0,0,0,0,0,18,0,0,0,19,0,0,0,2,17,5,4,15,22,0,148,255,117,0,9,16,2,0,0,0,10,12,12,139,145,0,15,0,0,1,6,0,0,0,20,0,0,4,128,247,89,16,1,0,21,25,0,0,0,0,74,255,255,0,8,5,0,8,0,9,3,7,9,0,0,0,220,235,127,0,11,0,11,15,0,22,0,20,136,245,219,0,7,0,0,6,0,0,0,1,17,0,0,34,228,247,106,12,18,10,0,0,9,0,0,4,202,255,92,17,11,0,0,0,0,13,0,0,9,12,0,115,249,255,83,0,28,9,23,0,19,8,13,3,206,252,0,0,22,14,0,11,16,0,0,0,13,0,28,210,255,171,16,24,0,6,0,9,23,0,28,69,253,150,0,0,0,4,0,0,10,4,18,0,17,10,179,255,255,31,14,3,17,2,7,6,0,0,4,163,255,133,15,3,0,0,3,0,0,3,0,5,3,77,242,254,213,3,4,10,12,0,0,0,13,13,0,206,227,172,29,0,0,2,2,0,0,0,10,0,41,219,250,255,62,0,5,10,5,0,1,0,0,0,45,246,255,68,2,0,11,0,0,22,0,0,2,4,29,255,246,168,7,0,17,0,14,7,0,0,8,0,45,251,247,44,0,0,7,0,0,11,0,0,0,54,220,255,233,40,0,0,23,24,8,4,11,0,4,15,58,229,172,0,2,3,10,27,0,0,2,0,11,155,255,254,220,155,174,160,251,255,255,228,255,245,104,43,126,251,154,4,0,22,0,2,10,0,0,2,4,236,242,247,255,255,225,255,255,255,255,213,236,214,255,217,228,255,51,12,0,5,0,0,0,0,4,0,5,102,242,250,229,225,192,190,124,84,63,7,37,16,71,143,251,207,23,0,0,9,9,6,0,7,6,5,7,6,34,42,46,8,9,13,0,0,12,0,7,0,0,135,241,129,0,12,0,0,15,0,0,8,0,0,0,2,13,0,0,0,0,0,0,4,5,10,0,6,3,44,39,10,0,0,15,0,5,0,3,14,0,0,0,8,4,13,0,24,0,0,20,3,0,0,0,0,2,3,23,20,0,8,0,0,0,4,0,6,0,0,0,0,0,14,17,4,16,0,0,17,3,6,1,9,0,14,1,0,0,0,0,0,0,0,7,20,0,16,6,0,0,0,0,0,1,0,0,0,20,15,17,13,0,0,9,15,0,0,12,7,0,0,22,0,4,17,7,0,1,7,0,4,0,0,0,0,0,0,0,0,0,0,0,33,9,12,0,0,0,13,0,0,0,15,0,6,0,0,0,13,11,0,15,8,2,0,2,5,0,7,0,0,15,0,0,0,9,0,0,32,0,0,4,11,0,0,0,11,8,2,0,4,0,17,0,7,1,0,0,6,0,0,13,7,15,5
0,0,9,1,0,0,0,3,8,0,10,0,2,0,0,0,0,31,0,22,0,0,19,9,0,0,24,0,5,0,0,9,4,0,17,10,7,0,14,0,0,11,0,0,0,0,8,1,0,3,8,0,8,0,0,0,0,0,0,0,0,0,12,16,0,21,2,0,4,0,12,19,5,0,0,0,4,0,0,0,3,0,17,0,7,0,0,1,0,0,9,0,0,0,0,12,0,0,7,0,2,27,13,0,1,4,0,34,6,3,0,20,9,9,0,0,0,17,9,0,0,17,12,0,0,0,22,25,0,0,0,0,0,0,19,5,0,16,0,8,0,7,8,10,4,12,0,25,0,13,0,13,0,0,0,5,7,0,1,23,13,0,0,0,0,0,0,0,3,0,0,12,17,32,0,225,195,100,0,3,0,0,0,8,50,134,121,215,249,240,39,0,2,4,0,0,0,0,0,0,9,8,4,65,251,225,253,204,240,255,253,235,243,245,234,252,251,255,93,0,2,6,0,0,6,0,2,10,9,12,21,35,71,169,242,255,248,250,255,251,251,240,244,248,255,255,110,0,0,12,0,0,0,13,25,12,0,0,0,0,0,28,51,31,59,92,33,26,18,21,213,222,224,213,84,0,1,4,12,3,4,0,0,0,8,10,0,1,0,0,0,0,0,23,1,0,7,72,255,255,221,28,18,10,4,1,5,0,8,43,0,3,19,0,0,0,0,0,0,3,0,0,0,1,11,110,255,241,186,18,0,0,11,2,0,0,8,4,0,0,20,0,0,17,0,0,1,0,21,0,9,0,98,245,226,251,177,0,0,15,8,0,16,3,0,0,2,13,0,0,0,5,2,0,16,25,0,21,0,4,251,255,247,124,28,5,0,0,0,2,9,0,1,3,0,16,0,0,27,0,0,2,13,6,0,12,13,188,255,255,240,54,0,0,0,24,1,10,0,0,11,0,0,7,0,11,11,16,5,20,13,0,25,0,180,249,255,249,111,0,0,0,7,4,0,0,6,0,18,0,7,0,23,15,0,2,22,0,8,17,0,201,228,255,255,160,0,0,4,0,9,14,19,0,13,0,0,0,9,0,0,15,5,0,0,0,1,18,150,255,255,255,255,120,0,0,0,8,3,11,6,0,6,10,0,0,6,0,0,0,9,0,0,11,0,89,255,255,247,255,41,0,38,0,19,3,0,11,21,0,1,0,14,0,4,0,3,19,0,14,3,0,4,212,243,253,208,105,0,0,0,10,0,14,0,0,12,0,12,0,10,19,0,8,0,19,0,11,17,30,168,249,255,241,76,35,1,4,25,0,0,0,0,0,11,17,10,0,14,0,25,20,10,0,0,0,18,103,255,255,241,151,11,0,0,0,7,10,0,6,20,0,0,26,0,8,3,0,3,10,0,3,0,4,157,249,244,255,235,34,0,0,4,1,0,0,4,0,9,9,0,11,0,0,21,0,0,14,6,0,0,20,211,247,255,252,150,0,8,0,2,0,7,0,10,0,2,0,0,2,0,8,0,4,0,17,0,0,2,93,249,254,253,227,44,10,0,0,12,0,0,20,0,0,0,0,14,0,0,10,0,14,0,5,0,5,9,10,213,215,231,64,0,0,23,8,6,14,0,6,13,0,0,0,0,0,0,16,1,0,0,13,0,12,22,4,0,4,11,0,2,12,12,0,0,12,0,2,31,5,33,0,26,0,6,0,7,0,1,16,10,8,1,10,0,2,0,0,5,1,17,0,0,9,0,0,0,0,5,9,0,0,0,4
0,0,0,2,13,0,1,1,7,0,16,4,0,10,0,0,0,17,10,4,0,0,0,1,0,0,0,0,4,3,5,9,0,4,5,10,0,0,0,2,6,0,1,0,10,0,6,0,21,6,0,17,0,1,0,10,0,0,0,11,10,0,10,24,0,0,0,0,0,0,5,4,0,0,0,1,17,15,0,20,0,21,0,15,0,6,10,0,2,0,1,0,0,0,13,0,0,0,0,0,3,0,15,0,0,0,0,0,10,0,3,2,0,5,9,6,0,0,3,0,0,12,0,10,42,127,187,205,255,255,239,231,77,0,0,2,20,4,0,24,17,13,0,13,3,0,0,12,7,7,0,194,235,255,255,255,255,232,216,255,250,227,18,0,3,0,0,12,5,0,6,0,0,0,0,0,8,85,236,255,248,226,140,62,5,16,0,89,242,255,120,12,17,3,0,0,0,0,0,13,8,0,0,0,106,219,242,164,126,9,7,8,22,15,11,8,212,253,108,0,15,12,0,5,8,0,0,7,0,0,5,73,252,255,179,16,9,0,1,0,0,0,0,0,139,255,124,7,1,0,0,0,18,25,0,0,0,13,89,237,201,40,0,0,10,8,0,0,21,7,0,1,161,252,125,25,12,6,0,5,0,7,12,15,2,0,107,255,97,13,11,0,0,0,16,19,0,6,8,0,195,231,26,7,15,0,5,5,4,0,2,1,0,29,6,61,17,0,0,6,4,0,0,0,6,20,14,70,255,228,0,32,9,0,14,7,0,0,30,0,0,0,0,13,18,0,6,0,3,0,0,18,0,7,47,243,255,115,0,28,0,1,0,12,0,14,7,8,3,1,0,6,23,13,0,0,0,0,0,16,0,41,148,253,114,16,0,4,0,0,9,0,10,0,0,2,0,0,0,8,0,9,10,0,16,8,7,9,19,174,246,231,37,0,14,14,0,0,0,3,0,14,0,0,0,0,0,22,3,6,4,6,0,0,11,26,152,238,255,93,4,0,0,0,10,8,20,4,0,0,3,0,25,0,2,0,24,0,11,3,0,0,9,153,248,181,80,0,0,0,0,0,0,12,10,0,12,0,0,5,0,10,0,0,0,0,0,0,25,19,146,255,224,56,2,21,0,0,6,0,40,0,0,0,29,4,0,10,5,0,11,0,45,33,37,134,164,205,228,216,36,0,0,8,2,0,20,0,10,0,0,11,10,0,5,0,9,23,24,80,214,255,254,255,227,255,255,255,171,84,19,0,0,14,158,86,9,7,20,0,4,19,0,10,7,73,188,238,255,243,255,255,221,231,195,255,251,255,230,156,76,137,89,60,0,0,0,0,0,0,0,0,2,244,255,233,255,255,255,242,83,8,9,91,238,238,249,255,238,158,0,0,7,32,14,0,13,17,28,10,72,255,247,255,236,255,122,39,21,0,0,0,30,117,164,188,45,0,0,13,27,3,14,0,0,0,8,0,8,116,147,154,135,14,0,0,0,2,1,10,0,5,0,0,0,0,8,6,0,0,11,3,18,0,0,25,15,0,13,0,15,0,0,7,0,9,3,11,0,0,0,0,2,0,0,0,6,0,0,11,0,10,0,21,0,0,18,0,12,0,0,17,0,2,5,0,6,4,11,22,0,28,0,0,3,7,0,0,0,0,7,14,11,0,0,2,20,4,21,0,14,14,0,0,2,7,9,16,2,20,0,1,0,7,0,17,0,0,1,22,0,0,0,4,0,0,17,0,0,0,10,0,3,0,3,0,0,0,0,5,14,2,0,8
0,4,29,0,0,35,0,0,0,0,0,0,18,0,0,0,12,0,10,0,1,15,25,0,0,1,8,0,34,0,11,0,0,15,0,6,3,18,0,12,0,0,0,3,6,0,4,28,3,10,0,12,0,9,9,4,9,0,0,3,0,0,5,0,0,10,0,1,11,0,0,6,3,10,11,15,25,0,5,13,0,0,3,4,0,25,0,0,1,0,0,10,0,0,0,1,16,9,0,13,5,0,0,0,0,10,9,18,13,0,0,4,0,0,4,0,7,9,0,0,1,0,8,37,24,16,0,8,0,0,0,0,16,0,0,0,22,8,0,1,19,0,0,0,0,0,0,0,0,1,0,0,16,0,1,15,0,4,0,0,1,0,1,0,11,0,0,0,5,18,16,9,6,1,0,16,23,12,0,14,0,12,0,0,0,25,0,4,0,1,0,0,9,0,7,10,3,0,0,0,0,0,72,155,154,107,75,153,239,249,255,255,220,169,164,64,0,12,0,8,0,0,0,0,6,0,0,1,9,44,195,255,245,241,255,217,238,195,234,208,235,235,245,242,24,10,0,0,0,20,17,8,23,1,6,0,1,153,253,254,243,246,160,43,0,0,23,6,0,48,234,255,94,0,29,0,12,16,1,0,0,1,0,1,179,254,234,248,127,29,18,0,5,0,3,2,0,2,243,228,28,0,13,20,0,0,7,1,0,0,5,135,239,255,200,45,0,6,17,0,23,0,0,0,0,44,251,255,17,0,4,6,7,0,11,14,0,0,0,114,197,98,0,0,10,6,5,0,5,20,28,0,0,176,255,147,0,1,10,0,0,14,4,0,9,0,2,0,5,11,0,0,17,0,0,1,0,0,1,0,8,250,241,84,0,5,8,26,4,14,0,0,0,0,0,16,5,19,24,0,1,2,0,4,0,0,0,15,179,245,159,9,10,6,0,2,0,0,9,0,0,0,0,2,33,9,0,0,2,6,8,0,34,13,12,54,254,253,53,0,0,6,0,0,1,0,15,0,0,0,1,0,7,4,11,16,0,0,0,10,9,4,0,79,244,188,23,27,7,6,19,0,0,0,7,20,0,0,3,7,8,0,1,2,0,4,1,0,0,0,32,227,255,0,0,18,9,4,0,1,12,21,0,0,3,0,0,19,0,0,6,0,0,0,26,0,9,13,87,255,252,195,221,228,191,0,20,13,7,6,9,0,9,0,0,11,14,0,0,0,0,20,0,0,16,164,255,255,255,254,255,255,212,0,0,0,6,0,13,0,0,15,17,0,0,16,0,0,0,3,0,0,193,255,246,253,190,113,51,21,36,0,2,0,0,5,0,4,0,1,8,0,0,0,3,12,0,7,0,3,121,57,218,215,47,7,12,0,0,0,15,0,20,17,0,2,11,0,0,3,0,0,0,8,0,19,0,0,0,95,244,227,8,4,0,0,0,0,0,0,4,0,0,5,14,32,14,32,0,19,0,0,14,13,7,5,0,129,233,160,0,13,0,0,21,0,0,23,8,4,23,2,12,10,0,16,0,1,0,0,0,31,0,8,1,100,255,110,0,0,0,0,0,0,2,11,2,10,12,0,0,0,0,3,19,7,17,0,16,0,0,0,0,120,255,103,2,0,0,0,0,0,6,8,11,0,0,8,0,4,0,13,0,24,13,0,10,6,0,1,14,71,187,46,11,0,0,2,0,1,6,0,10,11,14,1,0,5,23,0,0,0,0,5,14,18,0,0,0,14,0,0,10,12,7,0,0,5,2,0,4,3,0,5
0,0,0,0,0,21,0,14,5,0,0,28,1,0,0,0,0,0,0,5,10,15,0,10,12,0,0,0,0,9,2,2,0,0,0,0,0,9,0,0,0,17,0,12,0,0,26,0,0,9,0,0,12,0,0,35,0,0,6,0,0,4,6,4,11,19,0,13,19,8,13,5,22,15,0,3,0,0,3,3,1,0,6,0,6,14,0,5,0,15,8,10,0,4,0,0,11,0,0,38,12,5,0,0,5,0,1,0,0,16,10,15,10,0,5,0,0,11,0,0,0,0,0,8,15,0,10,16,0,18,0,0,0,0,0,0,0,22,0,0,0,14,0,0,0,12,4,7,19,0,0,30,203,222,50,22,8,0,0,13,0,19,5,0,10,5,8,11,0,24,0,8,0,3,0,0,0,2,3,14,180,242,187,18,0,0,18,0,0,2,0,12,0,0,9,0,0,2,0,0,1,8,0,0,0,7,0,0,171,253,205,19,6,9,0,10,15,0,21,0,21,0,4,0,15,0,0,0,0,15,0,0,6,0,15,33,150,228,248,49,17,0,0,0,0,0,0,7,0,0,15,0,2,0,0,5,0,0,0,0,0,0,8,0,154,255,254,86,0,0,0,0,0,0,4,5,11,1,22,4,0,13,3,31,2,0,11,0,0,12,0,0,117,255,241,145,12,0,10,13,0,28,7,0,12,0,0,0,0,4,0,0,10,2,0,12,0,8,0,7,66,255,252,173,0,0,0,9,11,0,0,0,0,0,4,0,0,0,0,0,9,23,0,7,20,5,3,12,56,240,236,203,0,8,0,0,23,0,0,0,17,0,0,0,11,0,0,0,1,1,0,0,0,23,15,17,3,199,255,246,0,8,10,0,24,0,0,0,0,11,4,12,5,0,10,18,0,19,0,5,0,24,0,1,0,189,237,255,23,17,0,6,0,0,0,5,6,14,0,0,11,4,0,16,0,22,0,3,4,3,22,8,0,223,254,244,49,0,23,12,0,0,9,0,0,0,12,11,18,9,0,1,13,0,0,18,8,0,0,0,0,219,244,249,31,21,0,0,8,13,0,0,0,13,0,1,14,11,0,0,0,12,0,0,8,8,0,0,0,212,255,255,26,0,2,0,11,0,0,0,1,8,26,0,0,14,0,9,16,0,0,0,13,0,26,0,0,160,248,255,43,11,11,5,0,15,0,2,0,0,18,0,0,1,0,14,0,0,8,7,2,0,15,0,26,198,248,241,0,4,0,0,0,5,12,0,0,0,0,0,10,0,0,11,0,0,33,0,0,0,11,3,0,198,255,250,12,19,5,0,3,1,19,0,0,0,9,16,30,0,0,0,0,0,20,15,30,0,6,0,0,124,252,255,0,0,0,0,0,15,0,0,0,0,0,0,4,0,0,6,22,10,11,0,0,0,15,0,2,94,255,252,18,0,0,6,0,9,0,0,0,6,0,3,0,0,5,18,9,0,0,19,13,0,0,0,0,107,252,244,29,0,6,19,16,3,0,10,22,3,0,0,0,0,16,0,1,0,4,4,0,9,20,11,1,13,209,188,0,15,0,0,15,0,6,0,0,13,15,0,6,21,1,0,1,5,0,0,0,19,0,0,0,14,0,0,11,0,2,0,0,18,0,7,0,0,14,0,21,6,16,4,18,5,0,0,0,0,3,0,5,4,0,1,12,5,9,0,2,0,0,16,0,0,1,12,0,20,32,0,18,0,0,21,0,4,15,27,0,0,0,0,0,0,10,0,9,13,0,0,23,3,11,0
0,0,0,0,0,0,0,9,5,0,9,0,5,0,0,9,0,0,7,7,0,0,21,0,1,0,21,1,0,5,17,3,15,6,0,0,5,0,0,0,0,0,0,0,6,2,1,0,20,6,15,1,3,2,0,0,3,0,3,0,18,0,16,0,15,0,4,0,8,0,1,0,10,0,0,14,6,20,8,0,0,0,15,0,3,3,0,15,8,0,21,0,8,0,14,0,16,8,0,12,11,36,0,28,5,0,1,19,20,0,0,16,1,3,0,0,7,12,1,0,8,0,0,0,2,43,174,246,55,0,0,9,1,9,0,0,15,0,1,13,2,0,0,0,17,8,9,0,0,6,4,38,189,237,240,227,172,0,16,2,0,0,3,0,1,0,0,0,0,6,0,6,0,7,0,0,0,13,79,231,255,227,220,232,176,0,0,0,19,0,20,26,16,3,2,26,10,2,0,10,15,11,0,0,27,166,255,233,68,41,124,255,164,0,0,0,0,0,21,2,7,6,0,0,4,3,4,0,0,10,3,19,199,243,98,40,7,0,93,255,137,0,0,7,0,0,0,0,30,0,3,34,25,0,0,0,7,0,0,13,109,47,0,26,0,0,112,255,26,0,0,10,0,5,12,0,5,35,0,0,0,8,0,2,0,23,34,0,8,18,0,0,16,19,109,213,1,0,0,2,10,0,9,3,0,0,10,16,0,22,6,0,14,3,0,5,0,15,15,2,0,36,225,159,1,11,1,17,0,0,0,13,10,11,0,0,0,8,6,13,0,1,6,12,8,15,0,13,10,134,175,25,0,10,11,0,15,22,5,0,4,7,10,0,2,10,0,24,26,2,0,11,0,6,31,2,7,240,164,1,25,0,0,11,7,18,0,20,0,0,7,2,22,0,0,2,14,3,8,5,17,0,0,3,172,245,90,3,0,18,0,0,0,23,0,0,0,0,0,5,15,0,17,5,18,0,0,0,0,0,20,34,197,152,0,3,7,0,3,12,4,8,6,0,5,0,17,5,0,0,6,2,11,0,0,27,24,14,8,166,199,27,5,0,3,4,0,0,0,0,115,212,54,0,5,1,0,0,0,20,19,26,0,0,9,0,53,255,81,0,0,12,24,0,10,17,81,218,255,147,11,19,5,21,0,0,0,0,10,0,10,0,0,0,219,247,39,0,3,8,0,22,145,226,243,228,78,13,2,2,0,15,0,0,3,8,11,0,11,1,23,126,240,78,0,2,0,52,164,245,255,186,120,0,0,0,11,2,10,0,0,7,0,6,0,19,0,28,26,212,178,1,39,96,171,255,240,168,80,9,3,4,8,0,3,14,0,0,0,2,0,0,0,1,9,0,135,233,108,107,243,255,255,178,32,27,0,3,14,0,1,5,7,0,0,9,0,0,3,7,0,22,2,3,231,255,255,246,232,206,41,4,0,14,1,11,6,0,19,25,0,0,12,21,0,0,0,0,0,0,6,43,243,236,186,138,63,0,0,5,26,0,0,15,12,0,2,0,6,6,0,0,0,24,0,0,0,0,3,0,14,17,0,0,14,8,23,0,2,8,23,0,11,0,13,0,0,2,0,0,16,6,0,0,12,0,0,7,16,9,3,10,0,8,0,0,7,31,0,10,16,0,0,0,1,2,24,8,0,0,0,21,0,4,16,7,9,0,8,0,10,1,10,0,7,2,4,25,4,0,0,0,0,0,28,0,0,0,0,0,2,0,0,2,0,14,5,0,1,0,0,0,12,0,0,0,0,2,0,0,0,5,0,1
9,0,0,14,8,0,3,0,10,0,1,25,0,1,17,0,0,19,12,2,22,0,0,0,10,9,0,0,0,0,9,0,29,8,17,0,12,7,0,4,1,0,0,0,3,0,22,12,0,18,2,7,15,0,0,0,9,8,0,0,0,7,3,3,16,21,0,0,8,4,1,0,0,5,0,2,6,0,15,0,0,0,20,0,0,0,4,0,5,9,17,0,12,0,25,11,0,9,13,21,0,0,7,0,0,0,14,6,3,0,11,24,0,25,6,17,0,17,1,5,2,22,21,25,0,0,93,196,22,0,0,8,0,2,0,0,1,0,3,1,0,0,0,0,2,0,11,0,20,1,0,0,0,29,204,227,108,0,5,23,0,12,0,0,1,0,0,6,0,11,0,15,19,29,16,4,24,0,24,0,0,51,244,249,255,168,0,16,3,7,0,23,4,3,5,11,0,18,10,0,0,7,0,0,0,0,16,4,0,176,255,247,243,167,15,6,0,3,0,10,17,0,0,0,0,0,0,0,10,0,0,4,0,0,0,0,0,187,255,255,242,145,9,28,0,0,0,0,0,0,0,2,0,11,16,0,0,0,4,0,6,0,0,2,6,173,249,244,229,28,9,3,0,0,17,8,0,2,0,0,7,5,0,0,7,9,0,0,1,1,19,20,29,222,255,255,164,0,5,0,0,0,0,31,0,4,11,0,19,0,3,15,14,0,5,0,6,0,0,7,120,251,255,253,175,8,0,0,0,12,0,2,0,2,19,1,3,0,0,0,0,0,0,14,0,0,0,1,213,255,255,255,50,17,0,0,3,0,6,7,0,0,8,0,7,27,0,0,11,0,8,2,21,0,0,46,255,255,252,255,57,0,7,0,3,0,12,13,0,9,0,4,14,0,3,12,0,0,0,5,14,0,0,31,228,255,255,255,15,24,3,0,0,5,0,4,1,0,0,0,0,27,0,0,0,18,0,0,0,0,0,34,255,254,255,185,0,7,1,0,4,0,8,0,5,6,0,0,0,0,15,0,6,4,1,18,14,18,0,45,246,253,255,93,11,0,0,19,0,15,3,0,3,1,0,3,7,16,5,0,0,0,0,0,0,0,4,48,242,255,193,11,0,7,11,21,3,0,0,0,0,16,0,3,6,0,10,10,0,0,0,0,0,0,0,30,216,255,237,115,0,0,0,0,0,4,8,0,19,0,9,0,0,0,35,5,19,12,0,15,15,4,0,27,223,245,249,197,1,0,6,0,8,0,14,0,0,0,16,0,0,0,0,8,0,0,0,0,0,4,8,17,201,255,255,176,4,0,0,0,0,10,3,17,12,0,0,0,17,0,4,15,11,10,0,22,0,26,0,22,216,236,250,190,0,3,0,0,22,11,2,0,0,0,0,0,0,1,0,0,0,0,13,0,0,0,0,6,210,255,245,196,0,0,19,11,0,6,10,5,0,0,0,1,2,27,0,2,19,3,0,3,1,0,9,14,98,255,248,130,9,11,16,19,0,4,0,5,0,0,0,3,0,0,0,12,0,8,5,0,0,8,3,3,16,0,0,9,0,0,0,0,9,16,0,8,0,9,0,0,5,21,0,0,4,0,0,0,2,0,2,0,0,18,17,0,0,0,4,1,0,12,10,2,0,0,0,11,0,0,0,0,23,0,0,0,13,0,14,0,0,0,0,0,2,1,0,0,0,10,1,0,6,0,9,0,6,9,1,0,0,0,13,0,0,0,0,0,8,0,15,0,0,0,10,0,21,0,4,0,3,13,0,0
5,17,0,0,26,1,0,0,0,0,0,13,0,0,16,14,13,0,0,0,13,0,21,0,10,0,0,13,0,7,0,0,0,0,0,8,0,0,31,0,0,0,0,0,0,0,0,7,0,2,4,12,11,11,0,13,0,6,0,0,4,0,0,17,0,0,0,10,14,0,7,4,18,4,26,0,0,6,18,0,0,0,0,0,0,0,0,0,5,26,20,21,24,0,0,7,0,10,0,8,1,25,0,0,15,11,0,0,0,3,0,5,11,18,0,3,25,5,0,18,12,4,0,0,5,141,41,9,1,9,0,19,8,18,18,10,12,8,0,3,0,2,12,2,11,0,18,1,0,26,0,11,0,221,167,0,0,0,14,0,0,9,5,2,10,0,0,0,5,5,0,0,0,1,0,0,0,4,3,0,11,124,246,13,15,6,12,0,0,0,3,27,0,0,1,0,0,0,0,3,9,1,33,0,5,10,15,20,5,66,220,0,0,0,0,2,0,0,6,0,0,10,25,0,2,3,36,2,0,0,0,8,0,21,0,0,3,57,239,15,0,0,22,0,0,12,3,0,0,0,0,0,4,0,7,5,21,0,19,9,0,12,0,0,0,0,255,74,8,5,1,2,0,15,0,0,0,0,0,0,0,0,1,3,0,8,4,0,0,0,0,12,3,9,255,77,19,0,8,25,0,0,8,22,4,22,0,0,0,11,0,0,1,0,0,0,25,0,0,6,0,0,249,51,0,0,1,2,1,0,5,16,0,2,12,0,11,0,5,13,0,0,0,0,0,6,0,0,3,5,245,106,19,13,15,0,10,0,6,22,0,14,0,0,12,0,2,0,14,10,0,6,0,0,15,20,10,0,247,60,0,7,1,30,0,0,25,0,5,0,0,6,6,11,0,0,0,14,14,0,0,7,0,20,8,41,248,89,0,0,0,1,15,11,7,13,0,0,0,0,11,8,0,22,16,3,6,0,12,0,0,0,0,100,255,36,12,8,11,4,12,0,0,5,0,0,0,4,0,11,0,6,0,0,0,17,5,0,0,0,0,57,214,0,0,8,0,24,10,19,0,1,0,8,0,23,0,0,17,12,0,0,0,0,2,0,2,8,3,156,232,26,0,7,18,0,18,0,8,0,4,0,34,0,9,0,0,0,0,7,14,0,0,3,0,0,0,170,239,8,8,25,12,11,7,0,0,3,0,22,0,0,2,3,0,0,1,4,29,0,8,5,0,0,12,215,224,0,0,0,0,4,44,4,0,0,0,28,4,3,18,5,0,4,7,18,9,0,27,0,34,11,15,241,149,5,14,9,16,13,30,0,3,5,0,0,0,1,4,11,5,0,6,3,15,0,4,0,0,4,9,245,87,0,15,13,5,9,6,0,17,0,4,0,0,19,9,2,24,9,6,0,0,10,0,28,0,2,67,255,32,0,0,2,21,0,0,16,0,16,0,0,20,20,8,9,18,0,0,0,23,0,0,9,20,3,105,255,0,0,0,30,0,0,0,33,0,0,7,0,1,0,32,0,0,21,0,35,7,5,0,0,0,5,0,0,22,2,2,6,0,2,0,0,4,1,0,0,0,0,0,0,17,0,1,0,0,21,0,0,9,2,0,0,13,21,0,0,13,0,26,5,0,1,8,0,0,0,0,0,0,11,0,0,0,0,17,0,16,0,0,0,0,0,6,0,0,0,4,0,0,16,0,0,1,11,0,0,8,0,2,24,3,5,0,4,10,6,11,0,10,0,8,0,18,6,0,6,1,5,0,0,0,0
9,0,6,0,0,0,9,10,0,0,0,0,12,12,0,0,34,20,16,0,0,0,0,5,32,0,0,0,5,9,0,0,30,0,13,14,0,0,0,4,17,0,1,0,0,15,8,19,0,5,0,25,0,0,0,0,0,9,0,0,1,0,14,0,4,31,0,0,0,7,0,5,12,20,0,0,16,0,0,7,0,8,1,0,5,0,0,17,0,0,0,1,12,0,2,3,17,0,0,0,8,20,4,0,10,7,1,0,0,0,7,0,0,0,13,0,0,0,0,0,0,8,0,4,0,1,0,5,0,0,0,16,3,24,0,0,9,15,0,0,10,0,0,0,11,0,0,0,0,0,15,4,0,0,0,0,1,12,0,0,0,0,3,0,0,2,33,0,0,0,0,0,0,5,0,0,3,4,28,0,0,1,0,0,25,0,0,0,4,9,4,20,0,13,9,0,12,5,6,0,0,1,0,17,0,0,20,16,94,191,246,253,218,102,16,0,0,12,9,2,3,4,0,0,0,13,22,0,0,6,0,27,45,120,222,243,236,249,255,231,246,245,107,5,0,2,5,0,0,0,12,0,14,0,0,0,13,30,32,159,254,255,246,215,188,171,71,27,196,243,87,0,0,11,4,5,23,8,0,18,0,0,6,0,8,0,44,251,255,232,45,24,2,12,0,24,86,255,114,10,0,0,5,0,0,0,0,2,4,0,0,0,11,8,0,96,88,54,0,0,0,19,0,12,76,233,202,2,0,4,9,11,0,2,9,0,0,24,1,0,1,20,0,0,0,0,11,0,1,0,0,9,60,255,138,10,15,0,0,0,0,0,0,0,0,0,0,0,0,14,0,0,11,15,0,2,0,34,0,9,128,248,23,0,0,0,0,0,0,0,6,20,0,0,0,0,10,19,6,0,0,0,0,0,25,0,17,18,191,159,0,0,0,6,7,0,7,12,20,0,1,20,0,22,13,0,0,0,23,0,11,0,0,0,2,108,255,132,21,0,8,12,0,3,0,0,1,13,3,0,0,0,7,5,0,5,0,0,23,0,0,15,233,189,255,114,25,0,0,2,0,0,0,2,0,0,0,19,0,21,4,7,6,14,9,7,3,0,0,63,254,244,255,244,237,213,62,0,0,14,0,13,10,3,5,7,0,0,9,8,0,8,23,12,2,4,8,11,138,255,238,251,213,255,222,0,11,14,0,0,0,0,0,0,0,19,0,18,0,0,0,0,0,0,5,0,177,192,69,50,66,177,117,0,9,0,3,1,0,0,14,0,0,0,10,1,0,0,6,15,0,7,18,145,255,95,0,5,0,0,0,26,0,0,0,5,0,6,0,0,0,0,2,0,0,0,0,0,25,10,32,194,171,5,3,0,7,0,1,9,5,8,3,0,0,0,17,8,0,0,0,7,3,9,0,16,0,0,130,222,29,0,0,5,0,0,13,0,0,0,0,0,4,17,10,0,0,0,0,4,0,0,0,2,1,64,223,84,0,0,0,21,25,5,0,0,0,0,14,0,0,9,5,0,0,8,0,22,0,0,8,0,8,166,217,32,5,5,0,17,0,0,9,5,18,0,1,0,11,0,19,19,4,0,0,0,2,0,0,0,9,253,139,2,17,0,0,9,0,0,0,0,16,10,0,0,0,0,0,0,8,5,0,8,0,4,0,3,4,169,0,0,0,0,0,3,7,1,8,0,14,10,0,0,20,0,9,2,1,0,9,0,0,0,2,11,6,0,15,0,0,22,11,6,0,0,5,0,0,0,15,0,0,15
10,7,2,0,0,5,0,1,0,6,8,0,15,0,0,0,0,5,11,0,0,15,0,0,1,5,0,0,19,0,27,0,0,0,6,19,17,1,21,0,0,0,0,0,12,0,0,0,0,28,11,0,0,0,0,22,0,0,4,6,5,0,10,19,11,0,0,0,0,0,0,18,1,3,24,0,0,0,5,26,5,0,0,30,12,9,0,0,8,0,0,17,0,0,0,18,5,1,0,0,0,12,22,0,0,0,0,0,29,1,13,0,17,8,0,4,0,0,0,11,0,0,12,0,0,16,7,0,10,0,13,0,0,0,21,0,0,0,0,3,10,0,1,9,2,0,2,9,20,0,0,1,11,0,14,0,20,6,0,26,0,6,0,0,8,0,3,0,4,4,9,14,0,2,0,0,151,233,167,0,11,0,0,5,0,75,255,182,0,0,0,0,22,0,14,0,0,0,0,0,0,2,0,3,153,251,159,0,12,0,18,3,0,89,255,255,38,1,0,9,7,8,3,0,0,0,10,15,30,10,17,11,209,224,96,0,0,0,0,7,4,126,251,244,42,0,0,0,13,0,18,9,17,0,4,0,0,0,3,29,221,251,92,2,0,19,0,2,68,235,238,217,9,2,0,0,7,12,0,1,5,0,0,2,0,0,21,59,255,252,41,23,20,1,0,0,156,234,255,199,0,0,1,0,0,0,4,12,9,25,5,4,12,0,0,65,243,244,9,5,0,3,0,142,246,255,243,114,0,0,7,1,7,0,7,18,27,5,0,10,0,0,0,143,238,236,1,3,0,2,143,255,237,249,227,25,0,16,1,0,0,14,9,14,7,3,0,8,12,0,19,147,255,255,17,7,20,95,221,255,255,237,184,0,5,0,13,0,0,0,0,20,19,7,0,4,1,18,0,119,255,255,38,0,23,222,245,239,255,255,172,0,12,0,25,0,15,0,0,3,1,0,24,12,0,0,0,0,160,243,157,83,251,250,231,252,241,255,64,3,11,6,0,0,6,0,6,9,0,0,13,0,0,0,10,2,64,183,255,250,255,220,153,255,255,190,0,10,0,2,3,16,0,16,18,0,3,0,5,5,0,0,0,0,6,0,114,185,158,35,94,255,242,118,4,26,0,0,5,0,11,1,0,0,0,0,0,0,4,0,11,0,0,6,22,19,19,0,189,255,226,153,0,4,0,0,0,0,15,18,0,3,0,15,20,0,25,6,0,0,5,1,0,0,8,1,118,226,195,10,5,7,9,0,22,0,0,4,0,10,26,0,0,16,14,0,0,20,0,15,11,0,11,0,166,249,208,16,10,0,14,0,1,0,28,13,0,17,0,2,0,37,0,14,2,0,0,3,0,3,7,4,117,255,125,7,0,0,21,24,0,7,4,0,0,0,12,33,0,0,6,5,0,0,0,19,27,0,5,1,204,255,96,11,0,0,0,0,11,0,18,5,19,0,0,0,2,18,19,0,4,0,13,6,0,0,0,12,220,255,125,0,20,0,0,26,3,26,24,0,7,0,20,0,0,15,0,20,0,15,10,12,8,6,0,12,213,255,98,0,0,0,17,11,0,0,29,0,14,15,0,8,2,15,4,0,0,0,10,8,0,23,0,26,32,200,112,2,5,7,0,24,8,0,0,8,4,0,2,20,4,1,28,2,2,0,0,0,0,0,15,0,0,0,12,0,11,11,14,4,0,0,8,0,0,0,4,6,1,0,9,18,0,6,0,0,14,1,19,0,0,17,0,13,6,0,12,10,2,18,0,2,0,13
0,0,14,0,25,0,8,0,0,17,13,0,0,8,7,0,0,5,20,0,0,0,0,0,1,10,0,12,18,18,9,0,0,0,0,0,2,0,0,8,1,20,0,0,3,0,20,0,0,0,0,0,0,11,25,6,21,0,0,6,0,0,0,0,11,14,15,0,0,0,1,0,0,0,0,11,12,0,0,4,0,0,15,4,12,0,2,4,0,0,0,1,0,0,0,0,6,0,0,10,8,0,1,0,0,7,0,0,14,0,14,5,8,1,5,0,5,10,9,0,9,7,0,6,0,0,47,93,96,0,3,4,0,3,0,2,0,4,0,30,8,0,0,7,0,33,0,9,1,10,9,12,0,5,81,209,253,168,0,6,20,0,0,0,0,14,0,16,7,0,0,0,2,0,1,0,13,0,10,5,0,0,17,29,221,211,35,22,6,7,15,8,0,0,0,0,11,3,4,15,11,15,9,0,11,0,13,7,17,8,0,0,201,225,20,22,10,23,0,0,0,33,15,10,3,15,3,10,11,4,6,0,0,27,0,0,0,0,0,49,239,173,15,9,0,8,9,2,22,0,0,0,0,10,20,0,15,0,0,0,20,0,5,0,2,0,0,54,243,67,0,9,0,3,10,0,14,18,0,22,0,0,0,3,10,20,0,0,0,3,0,0,0,0,53,216,220,0,9,0,0,4,0,19,8,6,0,0,0,0,0,0,12,0,0,0,0,0,0,0,0,10,162,255,34,0,0,3,0,0,0,4,16,0,23,0,0,0,0,7,0,6,0,0,0,23,6,0,2,134,238,184,0,0,0,17,0,0,13,0,0,0,9,10,0,19,8,9,3,13,1,0,0,0,34,0,12,242,189,18,0,1,5,11,0,15,8,0,14,0,2,0,0,2,3,0,5,0,0,2,0,3,21,23,199,212,46,0,8,0,12,12,23,0,0,21,8,0,2,3,1,6,7,0,0,0,10,0,0,10,1,132,255,84,7,28,56,42,25,119,123,136,160,141,15,0,8,0,0,0,0,0,2,0,0,13,0,10,98,254,248,224,210,250,255,240,255,255,240,244,255,255,91,0,2,1,8,10,19,22,13,0,0,23,53,181,255,253,255,255,209,82,103,0,0,4,14,0,0,178,183,14,26,7,5,0,2,0,4,13,123,224,243,254,255,179,116,68,2,0,2,9,3,0,6,0,0,0,42,0,0,14,8,0,0,0,0,180,255,255,246,241,33,0,8,0,12,0,16,0,3,0,0,0,0,20,0,0,0,34,0,0,0,16,2,239,252,255,110,21,7,0,0,0,0,0,0,6,1,15,2,0,10,10,1,0,1,0,2,14,0,0,3,122,125,44,11,0,0,14,12,0,15,6,31,0,0,0,0,0,0,0,0,15,9,2,16,3,11,15,19,0,0,2,0,0,1,6,0,6,0,0,14,0,0,10,3,16,10,20,0,7,1,0,0,0,6,17,0,0,9,12,0,0,4,0,0,0,4,0,0,0,16,27,0,3,5,1,28,7,11,0,0,0,0,20,7,27,13,26,6,4,13,12,0,0,1,0,0,0,0,5,0,0,4,0,8,9,40,0,7,6,0,0,0,0,0,7,12,0,27,0,0,11,0,0,11,0,11,1,11,9,0,1,0,15,13,0,0,11,0,0,0,3,0,16,0,16,2,0,0,8,0,5,0,12,2,0,8,0,0,4,0,0,7,22,0,0,0,10,0,0,0,0,0,34,0,0,0,12,6,0,26,15,0,0,0,0,12,0,14,0,0,1
1,7,34,10,0,17,8,0,0,0,11,0,0,0,4,0,0,0,8,0,0,0,0,12,4,0,0,0,0,0,0,0,0,0,4,15,4,0,0,26,18,0,0,0,7,0,0,10,22,7,8,16,0,13,11,15,0,4,0,0,20,7,0,9,13,17,5,10,0,5,0,0,0,0,0,0,7,1,0,19,1,0,6,0,13,1,8,0,0,0,0,16,0,0,0,19,0,0,0,7,1,0,12,0,0,2,0,26,0,5,0,13,7,16,0,13,0,8,0,0,0,44,143,255,249,147,56,2,0,4,0,0,0,5,0,0,0,7,13,0,0,12,12,0,0,0,0,0,33,216,255,243,239,242,57,0,4,4,0,0,0,0,0,0,0,0,0,9,7,0,21,0,0,4,0,12,154,242,140,114,255,255,194,0,2,2,8,0,23,0,0,9,0,0,0,5,3,0,2,0,0,0,0,0,119,74,0,5,169,250,196,0,0,30,16,15,0,0,0,0,0,6,0,0,0,7,10,0,10,0,4,0,6,0,7,8,0,178,254,46,20,0,0,0,26,0,0,0,10,9,0,0,0,16,1,0,4,10,0,20,0,26,19,0,49,244,255,24,2,4,0,22,21,0,9,0,0,0,0,6,9,0,11,0,0,0,7,0,20,7,0,4,61,255,186,29,0,0,0,9,30,0,23,0,6,2,4,0,0,3,17,0,0,0,7,0,12,4,8,0,183,228,177,16,9,0,0,9,0,0,0,9,9,0,0,7,0,13,3,6,14,0,8,0,1,0,0,46,202,255,225,67,8,0,0,11,7,8,0,0,14,18,0,6,0,1,16,0,6,0,6,15,3,0,0,35,250,255,255,255,180,19,14,7,0,7,0,13,3,11,0,3,0,3,0,0,0,19,0,0,12,0,0,27,177,225,254,255,255,183,8,6,19,0,2,0,5,7,1,0,0,17,4,7,8,0,1,0,0,6,14,0,6,41,84,210,233,255,194,36,6,0,0,0,7,18,15,0,0,0,0,0,0,0,7,0,18,24,7,9,29,18,0,15,212,239,255,13,0,0,7,2,0,22,0,6,0,0,11,0,0,11,23,2,9,0,0,0,26,0,4,0,210,255,245,8,0,16,0,7,0,0,0,0,0,3,0,0,0,0,0,2,0,2,0,0,3,13,3,117,254,255,224,21,4,0,0,0,0,0,0,11,0,0,6,18,0,0,0,0,8,4,2,25,3,61,196,254,249,234,29,5,0,0,18,0,0,4,0,4,0,8,0,4,1,28,8,16,8,0,0,88,233,246,255,244,156,49,0,15,8,0,19,14,1,6,0,0,0,0,0,0,23,0,13,7,0,0,104,245,238,230,239,113,16,5,0,13,0,0,0,0,1,0,8,14,22,0,0,0,8,1,0,6,10,0,144,253,255,255,128,0,0,0,8,0,1,0,0,2,0,3,0,20,3,0,7,0,10,7,10,4,11,0,98,248,254,47,10,19,0,3,0,3,0,20,0,0,25,7,0,16,0,0,0,0,0,11,31,25,7,2,9,0,3,18,5,5,0,7,11,9,0,0,0,0,12,0,20,11,0,22,0,10,0,36,0,21,0,0,0,10,2,19,0,0,24,6,36,0,0,0,10,0,0,0,4,0,0,0,0,7,4,0,15,0,12,0,0,8,7,6,0,0,0,0,0,0,6,0,29,0,0,0,0,3,0,12,18,6,17,0,0,9,0,13,0,5,0,16,0,3,0,23,0,4,7,6,0,0,0,0,6,0
12,6,15,1,0,3,19,11,13,0,0,11,13,5,2,0,0,3,0,0,2,20,6,19,0,2,0,10,0,10,0,0,0,11,0,0,0,25,0,0,0,7,18,0,0,0,0,0,0,0,0,0,5,0,12,5,7,0,0,0,15,0,0,11,4,6,0,4,0,9,0,0,0,4,20,0,22,6,16,6,0,1,1,9,9,0,20,0,0,0,0,0,0,16,11,2,0,0,0,0,23,0,0,8,2,20,0,0,23,4,0,0,0,0,0,4,5,0,14,0,7,0,0,17,0,4,0,0,12,26,37,4,0,0,0,3,16,5,0,0,0,19,0,1,0,0,26,0,0,0,8,0,164,190,121,103,62,51,44,34,29,11,0,3,0,0,0,5,7,0,0,12,1,2,0,2,0,5,13,19,211,254,255,250,249,248,244,239,198,81,0,0,11,4,8,6,0,0,0,0,2,16,29,20,15,19,0,45,237,62,0,19,111,76,112,79,58,210,45,14,0,0,0,0,15,0,0,11,19,16,0,0,0,16,0,48,255,93,2,0,4,0,0,0,0,79,11,0,23,7,0,0,0,0,0,0,0,0,0,0,28,0,19,36,255,104,0,5,0,0,12,0,0,6,14,0,0,0,5,0,0,17,0,20,0,0,3,0,0,2,0,94,255,117,1,0,6,12,0,0,6,0,6,0,0,10,4,8,17,8,0,0,0,4,14,1,0,4,2,175,255,96,0,8,0,2,0,24,0,0,0,0,7,0,0,0,0,16,0,9,5,0,9,5,6,8,0,255,243,215,194,211,191,96,0,0,3,0,0,0,21,0,0,2,0,17,0,8,0,11,16,0,7,0,125,255,247,234,198,193,218,243,72,0,11,7,0,18,0,0,0,0,11,0,13,0,0,2,0,11,12,36,229,255,135,31,25,26,16,255,217,26,0,0,0,0,5,25,0,6,0,0,0,0,0,0,11,15,0,145,253,178,0,7,0,0,0,115,253,99,12,1,0,2,0,0,0,11,0,0,15,0,22,30,0,0,3,41,142,23,0,0,0,9,17,63,237,106,0,2,0,0,0,0,21,20,15,4,6,0,1,7,28,16,3,20,8,14,0,7,9,9,27,121,253,84,6,3,3,16,0,29,11,0,2,0,4,1,0,0,3,4,66,203,8,9,2,0,0,0,0,194,250,91,12,0,0,0,0,4,25,5,9,13,0,0,0,0,0,0,190,180,0,3,10,27,0,0,19,255,236,30,0,2,9,6,0,2,13,20,0,3,0,4,0,5,8,0,185,100,1,4,0,0,28,25,191,255,141,0,0,0,0,6,6,9,0,0,0,0,0,0,5,0,0,0,207,127,0,1,0,21,53,179,249,195,9,0,0,4,16,13,14,0,0,3,6,8,0,11,10,0,0,17,185,233,93,36,118,143,232,251,169,0,0,0,0,0,0,0,0,0,2,2,0,3,0,0,3,0,0,13,46,255,244,255,246,255,192,79,0,0,3,1,0,7,0,0,0,0,0,27,0,0,6,0,0,0,12,0,0,36,123,184,147,42,17,15,0,1,0,0,0,0,10,0,0,0,0,0,0,0,11,0,24,0,0,4,0,0,1,0,0,7,6,24,11,0,0,0,5,6,0,0,3,0,0,0,8,23,11,0,21,0,11,8,1,5,28,4,0,18,7,6,12,0,0,11,0,6,0,0,0,2,4,0,6,22,0,6,1,0,27,0,0,0,0,14,0,8,2,1,8,0,12,0,0,5,0,0,13,0,1,14
0,7,12,15,13,15,28,0,0,0,0,0,0,9,0,21,0,0,0,4,10,7,5,1,0,20,0,27,2,14,32,22,0,0,0,0,0,4,0,0,6,0,0,12,0,0,0,0,4,0,9,0,0,14,0,4,16,0,0,0,15,0,0,3,6,0,0,0,0,0,8,0,0,0,0,30,0,9,16,0,29,0,0,0,11,14,0,19,8,3,0,0,4,2,0,14,0,0,15,1,2,12,13,0,13,1,0,4,0,0,12,8,9,0,0,6,11,20,7,0,0,7,154,255,166,17,0,0,0,0,0,0,2,2,0,7,0,21,0,0,0,0,0,0,0,39,0,0,0,18,228,255,246,65,0,0,0,10,0,2,0,0,3,3,8,2,0,0,16,0,0,0,9,0,0,0,0,0,202,255,252,178,0,5,0,35,5,7,27,10,21,0,0,28,0,0,0,0,0,0,0,3,0,4,19,3,115,255,244,238,89,0,0,4,0,8,0,11,0,0,0,13,0,0,0,28,3,0,0,0,0,0,0,2,63,255,255,255,127,0,22,25,8,0,0,13,0,11,1,0,1,0,0,0,7,0,8,0,0,1,0,0,2,205,251,255,229,23,0,0,16,0,14,0,20,0,0,0,17,0,0,17,7,0,0,12,4,0,4,2,9,73,255,255,255,205,0,2,16,8,7,4,0,0,0,0,0,0,8,0,24,0,10,0,9,1,4,0,0,25,249,239,241,212,7,10,11,2,8,12,0,2,0,0,0,17,0,0,3,0,0,0,0,31,2,0,14,0,137,255,255,255,66,14,5,0,0,0,0,21,0,36,13,0,0,13,0,20,9,8,0,0,3,16,23,0,0,217,255,255,213,30,0,6,10,0,26,4,0,6,5,8,12,4,7,0,0,0,10,29,12,4,0,8,0,178,228,255,251,25,0,32,0,9,17,0,23,0,10,19,1,0,0,3,5,20,0,2,0,0,8,10,17,140,255,253,255,138,0,0,3,7,2,11,1,0,0,2,2,0,0,0,0,15,5,7,0,0,0,0,11,69,236,253,238,177,8,0,0,0,15,22,0,0,0,0,0,0,0,17,7,27,23,4,0,0,0,0,0,20,215,252,248,255,136,0,0,9,3,0,1,1,15,17,1,13,0,2,3,0,0,7,21,0,0,1,10,0,125,255,255,249,165,12,0,36,5,6,0,0,0,0,0,0,19,0,3,15,1,23,2,0,0,12,0,16,73,255,232,244,237,42,0,3,24,0,4,0,27,0,9,0,8,9,0,0,3,12,15,2,0,8,0,3,7,203,252,251,255,165,0,0,7,0,0,5,30,0,3,10,0,2,0,24,12,4,0,0,0,0,8,0,1,131,255,236,245,184,0,0,0,0,0,1,0,1,0,8,7,4,0,1,2,0,0,0,0,2,21,33,7,36,255,250,246,129,1,11,17,0,0,0,0,10,4,0,14,0,17,2,14,0,0,0,0,0,3,0,0,4,116,240,255,58,9,0,5,6,0,13,0,1,12,10,0,8,1,3,0,9,11,17,0,16,0,15,13,0,3,0,5,9,0,11,7,0,0,8,1,0,0,5,0,15,0,6,4,0,21,1,2,0,0,0,30,0,0,11,3,6,0,15,13,0,10,0,0,3,5,0,0,0,0,0,0,0,12,0,23,0,1,5,0,5,2,8,7,6,0,0,0,0,0,3,0,6,6,4,0,0,0,0,0,4,8,9,0,0,0,11,1,0,1,8,15,6,0,0,11,0,11,0,0,0
1,0,24,7,0,8,0,0,19,0,0,27,2,1,0,17,0,0,0,0,0,15,32,19,0,0,0,3,0,0,2,18,0,0,0,16,4,0,9,0,0,0,5,3,16,11,0,12,0,1,0,13,5,0,0,0,18,0,0,0,8,0,5,0,1,78,177,239,234,198,45,5,8,9,0,0,0,30,15,8,6,0,0,0,5,7,9,1,3,5,24,0,0,214,82,62,94,173,255,97,8,15,10,0,0,20,2,0,0,0,12,0,8,6,0,14,0,0,0,16,0,115,14,6,0,3,126,218,89,4,0,10,0,19,0,4,4,0,0,10,0,0,19,18,0,0,0,0,0,0,24,0,14,27,0,109,217,17,0,0,0,0,9,0,10,0,9,8,0,0,0,4,0,1,10,0,0,19,0,12,7,8,0,29,194,157,0,0,15,0,0,0,9,25,0,0,5,0,2,3,5,0,0,11,0,4,0,16,0,0,12,24,49,213,7,0,20,6,0,0,0,0,9,5,13,3,17,0,12,0,10,0,0,0,0,0,10,10,0,20,49,255,73,18,3,1,0,0,12,0,0,0,11,15,1,0,10,0,0,0,0,0,3,8,13,10,3,28,0,164,176,0,11,8,10,22,0,6,15,0,10,4,4,0,0,0,10,0,0,0,8,25,0,0,0,5,0,215,163,1,20,15,0,0,8,10,0,0,9,19,0,16,12,0,0,13,0,11,9,14,0,28,0,4,19,238,152,0,5,4,12,0,9,0,0,0,0,12,3,4,0,0,15,0,1,0,0,0,0,0,0,0,54,255,94,8,1,0,0,0,17,1,18,12,10,0,0,0,0,0,0,0,3,17,0,2,0,0,19,3,52,255,41,0,0,0,12,24,1,2,6,0,0,7,0,0,1,0,0,16,0,3,63,64,100,36,0,2,156,171,13,11,0,10,18,10,0,0,7,2,11,0,14,0,8,5,20,0,31,151,242,232,250,228,93,51,246,100,0,0,0,25,15,0,3,0,0,0,0,2,0,0,8,0,0,11,179,214,44,3,1,106,230,255,194,11,20,1,0,19,7,1,6,19,6,14,4,0,12,0,9,0,0,28,248,92,2,0,5,0,61,255,228,20,0,0,0,4,1,19,0,35,20,0,0,0,1,4,0,3,0,50,255,52,16,0,0,106,250,226,224,183,17,0,14,7,2,17,0,0,10,1,0,0,8,2,0,0,0,24,255,57,0,64,99,255,218,31,25,219,200,67,0,22,13,0,8,0,5,0,0,16,9,9,0,0,0,35,194,250,216,255,255,169,36,11,0,35,125,241,210,93,51,14,0,16,0,0,5,6,4,0,0,0,0,5,27,152,184,85,21,2,1,0,21,4,0,112,210,242,62,0,21,10,0,12,0,15,0,2,3,0,0,0,8,15,0,2,19,6,0,4,0,2,3,6,0,20,0,11,4,12,0,6,11,0,10,0,0,9,0,0,10,2,5,2,0,14,0,26,11,12,7,0,32,0,3,0,0,0,0,13,12,0,1,0,18,26,9,18,14,0,0,0,0,0,1,6,0,0,1,0,14,0,0,3,0,3,0,0,0,0,0,0,0,23,40,0,0,0,11,12,13,16,0,6,5,0,0,0,0,0,0,0,21,0,0,0,0,0,0,0,0,0,1,0,12,8,0,0,11,0,0,6,1,0,2,9,0,0,0,14,15,0,13,5,11,0,3,0,2,12,10,0,15,0,6,9,3,0,0,2,5,21,0,9,22,0,1,0,13,4,0,25
3,2,0,20,17,23,13,0,11,0,5,0,0,4,3,4,4,0,7,7,0,1,0,0,17,1,0,0,2,0,0,22,17,0,2,0,0,4,0,0,3,9,31,0,0,17,0,0,19,3,7,0,20,0,21,15,0,0,0,3,0,0,16,0,13,21,10,6,0,0,0,14,11,0,0,0,1,9,0,5,22,14,0,0,10,0,24,0,0,5,28,0,0,16,24,5,0,8,0,21,10,0,8,0,0,0,4,0,0,7,0,0,0,5,6,0,0,1,4,0,3,22,3,0,0,0,0,0,9,19,0,0,0,0,0,6,5,7,0,0,0,0,15,0,8,0,2,2,0,22,0,0,0,6,11,6,0,4,14,0,0,0,0,0,8,0,0,0,4,0,6,10,0,26,4,0,10,1,84,120,99,10,10,5,15,2,101,157,219,13,7,20,0,8,0,23,2,0,6,0,6,0,19,0,0,90,255,255,255,10,0,0,28,125,253,248,251,33,0,13,10,0,10,22,0,0,13,3,3,0,14,1,54,230,242,255,231,0,0,0,32,255,255,255,255,126,0,9,0,6,8,0,0,0,0,0,10,7,13,0,183,255,255,255,143,0,0,0,37,243,239,255,255,126,0,13,15,25,18,2,0,0,0,4,0,0,9,44,221,247,246,255,54,0,0,5,33,255,255,235,255,25,0,0,5,0,6,10,0,0,2,4,26,0,11,194,237,255,246,227,30,0,8,85,214,231,255,253,242,49,0,0,20,0,0,5,0,0,9,0,0,16,22,252,255,255,249,255,95,107,206,255,255,255,227,255,207,0,3,24,11,0,0,0,21,2,0,0,10,0,149,255,255,250,255,255,228,255,249,255,255,241,255,246,57,0,3,19,0,12,0,5,6,26,7,0,0,0,91,247,223,255,244,247,248,253,233,255,241,255,255,196,0,8,7,0,0,0,13,20,6,0,0,0,0,0,26,247,255,255,248,242,249,253,255,235,255,244,247,160,0,12,21,0,23,0,0,5,0,0,0,4,7,0,20,250,243,151,230,255,255,255,255,252,242,255,254,185,0,3,14,1,23,1,15,0,0,12,3,7,7,10,0,58,0,0,0,0,19,0,3,198,255,255,255,73,0,8,8,0,21,0,7,13,0,10,18,0,2,0,7,6,0,7,1,0,19,28,0,134,225,255,248,76,19,0,6,0,12,0,0,8,0,0,0,0,16,3,14,0,0,0,0,9,0,0,11,216,241,255,236,144,22,0,8,4,0,0,2,7,0,0,17,17,0,11,18,0,0,0,0,10,0,6,50,235,255,255,255,139,16,29,0,3,17,0,3,0,0,4,0,0,15,10,0,4,31,0,0,0,8,3,228,235,249,255,255,52,0,0,0,15,3,9,0,0,3,0,3,3,9,0,0,8,0,3,0,0,1,90,255,248,255,252,255,64,24,0,0,7,13,0,8,0,16,0,0,0,0,13,0,0,0,18,11,13,0,121,235,240,255,255,219,39,0,2,40,2,8,2,0,27,0,0,4,4,0,0,0,7,6,21,0,0,0,13,247,241,246,245,74,0,0,17,5,0,0,0,0,0,0,0,0,0,0,10,0,17,0,0,4,19,0,4,255,255,151,9,16,0,8,17,0,0,4,0,9,9,1,0,24,0,6,14,0,0,5,0,0,19,6,12,7,0,0,0,7,0,0,18,0,0,0,10,0,0,0,23,24,0,19,0,0,0,0,0,0,0,3,11,0,0,13,2,0,0,0,0,0,6,16,17,0,0
28,0,0,12,0,10,16,16,7,0,0,0,0,0,7,0,1,0,16,0,4,0,7,4,0,0,0,23,0,6,13,43,19,0,0,2,0,0,0,0,0,0,0,13,15,21,0,0,0,7,11,6,7,0,0,2,11,7,6,16,0,8,17,0,1,0,0,6,0,28,0,1,10,24,17,3,2,1,0,2,3,7,10,2,0,13,17,0,0,14,0,0,14,0,0,0,0,0,1,0,0,0,0,0,0,4,0,3,13,13,0,0,18,8,0,0,34,0,0,29,0,9,11,16,19,23,0,8,0,0,3,0,9,0,0,0,21,31,13,16,6,0,5,0,0,0,0,102,200,0,29,0,0,18,10,0,15,11,43,0,29,5,0,0,3,0,0,29,0,0,2,0,0,0,0,236,255,0,6,16,0,0,8,30,0,71,229,89,6,1,0,0,0,0,14,2,0,0,0,3,7,0,4,248,255,0,0,0,7,18,0,0,0,25,232,156,0,0,0,0,0,10,0,5,40,5,0,0,13,0,1,255,254,42,0,25,4,7,0,4,2,17,255,215,25,5,7,0,11,8,6,0,0,0,6,27,1,0,8,255,254,91,0,13,0,8,0,0,0,68,253,255,60,0,0,4,0,0,5,2,0,10,0,0,14,0,16,248,255,68,4,0,14,0,0,0,0,63,247,248,58,0,0,0,0,14,0,9,0,13,1,0,0,15,13,253,234,110,0,0,0,14,0,0,6,45,237,252,49,53,119,0,0,0,0,0,1,7,0,0,15,0,0,255,255,68,0,0,25,0,0,0,3,92,255,209,53,201,174,10,4,15,0,0,0,0,0,3,0,0,14,235,232,106,0,0,0,4,0,0,0,165,231,234,247,176,22,0,12,3,11,10,12,0,7,0,4,23,0,255,251,100,0,0,0,0,0,4,32,200,237,255,218,13,18,21,11,0,0,1,0,10,9,0,8,0,3,222,246,255,166,49,57,74,102,233,255,255,255,252,54,38,0,8,0,6,0,0,18,0,0,0,1,10,0,54,224,255,242,251,233,251,244,234,255,255,255,220,19,10,1,7,12,25,0,8,0,2,2,9,0,0,7,0,62,211,246,255,255,242,220,150,78,253,255,172,0,4,0,0,0,0,0,0,0,0,18,0,23,0,0,0,10,23,39,43,38,38,11,0,16,246,255,97,0,0,6,13,13,0,0,0,10,0,17,0,0,9,4,0,0,1,1,0,0,3,10,0,21,131,255,215,0,12,1,0,9,2,0,0,7,0,12,0,0,0,3,15,0,5,1,0,0,9,0,7,7,232,253,121,4,14,4,0,0,7,2,0,15,7,0,0,7,1,0,16,0,0,0,0,0,9,3,0,17,218,254,97,0,15,28,19,0,0,18,26,7,0,0,15,20,16,0,2,4,0,0,3,19,0,0,13,0,255,239,123,1,1,0,0,0,4,7,26,16,1,24,0,4,1,15,0,0,8,7,1,0,0,0,8,2,183,246,115,0,0,7,0,0,0,0,0,12,0,0,0,0,10,19,0,0,0,14,17,0,0,0,11,2,6,184,78,0,0,0,16,0,0,0,0,0,0,0,0,16,0,0,27,1,0,0,0,6,40,0,11,0,0,6,1,1,0,2,3,0,10,2,9,11,0,1,18,0,0,0,0,0,0,4,12,0,17,17,2,0,5,0,0,0,21,0,6,2,0,0,0,8,0,0,7,3,0,0,11,0,0,0,0,0,0,10,0,0,0,0,8,0,0,17,15,4,22,3,23
0,0,0,0,0,0,0,0,1,3,0,0,10,12,0,7,0,9,8,3,5,0,0,9,0,0,0,0,0,5,0,13,0,0,15,26,9,0,8,7,11,2,0,11,10,17,0,0,27,0,0,0,0,1,0,0,0,6,0,0,0,0,1,0,0,0,1,0,10,12,9,7,9,17,1,4,14,0,5,4,25,0,6,0,4,20,10,39,26,3,5,0,19,18,0,0,0,0,0,21,33,149,234,40,0,25,0,0,0,0,0,0,5,0,19,10,0,0,0,0,0,19,0,0,0,0,14,42,219,255,253,61,0,14,0,0,0,0,9,0,16,0,9,6,0,0,12,0,0,0,14,0,0,0,0,111,255,255,157,0,0,0,10,0,5,5,0,0,0,0,0,29,1,0,1,13,0,6,0,0,17,0,72,234,255,196,0,24,0,0,7,0,11,14,0,0,13,0,18,13,17,0,0,0,0,17,0,0,1,8,134,253,228,13,0,18,28,13,0,0,0,9,15,0,0,7,0,16,7,0,0,0,18,0,0,0,0,106,236,248,38,0,9,0,16,0,7,0,5,17,6,0,9,13,0,0,14,0,0,0,0,0,0,3,0,215,227,117,0,0,7,0,0,0,6,0,1,6,12,9,0,10,0,33,0,0,0,0,7,0,0,0,79,253,184,0,0,0,0,4,0,0,4,0,12,0,2,4,0,24,6,1,0,25,10,6,16,8,0,178,133,249,39,0,0,0,11,4,0,0,0,4,26,0,0,21,0,0,0,8,1,16,17,1,0,3,33,227,255,72,10,5,9,0,11,22,7,7,0,0,0,11,0,14,0,0,2,0,0,23,31,14,4,0,218,243,176,8,0,0,12,29,42,0,13,4,0,0,0,0,0,0,0,0,0,0,7,0,0,0,14,0,253,240,81,0,26,137,205,244,218,67,20,11,0,11,5,11,20,0,7,19,11,13,12,13,0,0,0,59,253,242,63,0,147,141,183,255,249,221,2,0,14,16,0,11,18,13,0,0,18,0,0,0,8,0,0,193,250,190,0,0,18,7,0,217,250,248,76,21,0,13,0,9,0,0,0,2,0,1,10,0,0,0,0,199,222,119,9,0,10,0,3,247,248,208,4,12,0,0,6,0,0,0,0,0,1,0,20,31,0,0,0,188,255,123,23,0,0,0,16,250,236,136,1,0,5,0,0,5,0,1,0,8,0,8,0,0,0,0,41,227,255,212,81,17,0,1,81,254,255,66,0,19,0,3,0,13,0,0,0,2,0,8,26,0,3,7,0,148,236,255,232,166,61,157,252,251,156,14,0,0,0,7,0,14,27,0,10,10,17,6,23,0,19,0,0,15,83,207,219,255,255,255,247,225,23,5,8,0,1,0,0,0,0,0,10,0,9,3,3,0,0,0,6,14,0,6,71,179,198,190,79,25,0,15,3,0,0,0,0,0,17,0,0,0,0,0,0,0,0,3,0,0,14,0,1,0,8,0,11,0,4,0,14,20,0,0,5,25,0,1,0,8,0,0,0,0,6,0,0,22,18,10,20,1,5,0,5,2,9,0,12,0,22,15,0,0,0,0,0,7,0,15,15,0,0,0,26,0,0,2,18,0,4,0,0,1,10,11,0,0,0,6,12,0,16,0,25,10,0,0,0,0,0,11,10,0,3,0,15,0,0,0,3,13,3,30,0,15,0,5,10,13,0,0,0,0,0,4,0,0,10,16,8,10,2,0,1,0,0,0,0,0,6,0,0,0,0,4,0,0,0,29
9,6,0,14,12,0,9,6,0,0,0,0,5,10,0,2,15,0,6,22,0,6,0,0,18,6,2,2,0,0,15,38,9,27,0,0,0,0,6,5,0,15,0,6,0,11,2,1,9,2,4,0,2,15,0,0,0,2,13,0,0,14,11,0,0,0,0,5,13,0,0,6,0,0,0,14,3,0,0,0,0,0,29,16,0,5,17,0,11,9,23,0,0,12,11,11,3,1,0,4,0,0,5,0,0,18,1,15,0,0,8,0,20,8,0,0,0,0,0,29,12,27,13,0,0,0,0,10,5,0,2,16,0,4,0,0,6,0,4,11,0,0,0,14,0,0,10,18,0,0,4,24,0,3,0,0,0,0,0,0,0,32,0,0,7,0,2,0,0,1,2,29,18,43,65,145,211,200,202,221,214,213,208,187,65,37,0,0,0,8,0,0,8,0,13,0,3,0,0,4,194,247,246,255,240,255,238,243,251,246,255,239,251,208,48,18,29,0,8,7,2,0,0,0,8,0,26,12,250,255,243,255,255,255,246,217,236,255,255,254,255,251,152,0,11,12,0,0,6,1,5,15,0,0,13,28,78,174,144,199,175,193,106,31,27,11,80,231,251,255,177,0,36,0,11,0,0,25,0,2,0,0,0,2,3,1,15,0,0,0,0,0,3,0,106,243,255,255,133,11,0,9,0,0,5,0,7,14,23,7,0,9,0,21,4,21,0,0,1,0,32,109,226,231,255,255,20,0,0,4,0,0,0,7,4,11,0,3,1,0,0,0,12,9,34,108,102,227,234,255,253,255,255,255,102,76,0,14,4,7,7,25,4,1,2,21,0,0,14,10,0,86,224,236,255,255,255,255,255,245,255,255,240,241,104,48,18,5,17,0,4,0,0,0,1,0,5,0,0,116,250,255,255,235,254,253,252,255,230,248,244,255,252,246,154,1,0,0,0,15,1,0,18,0,4,0,10,102,255,255,255,175,128,0,0,0,0,65,175,223,254,243,254,113,0,1,0,0,30,0,25,18,0,0,0,26,45,44,32,0,0,0,0,0,6,6,0,43,217,255,240,158,0,0,19,0,0,3,0,0,0,0,4,5,0,0,16,20,0,0,16,0,18,0,14,0,24,244,244,226,13,0,0,0,23,11,0,0,7,12,0,7,2,72,2,0,9,0,0,6,0,0,10,35,24,255,255,192,0,0,13,1,0,0,5,1,0,4,12,1,66,246,144,3,0,0,0,0,1,0,0,70,253,231,243,81,12,1,4,5,0,0,0,22,6,0,0,3,78,229,255,182,183,184,131,74,157,197,172,239,255,245,190,39,13,2,3,0,0,29,4,0,13,0,0,13,35,234,250,251,255,242,235,255,255,255,237,254,251,165,5,0,1,5,0,7,12,15,17,0,4,2,9,1,0,3,85,156,188,184,233,249,255,255,220,159,162,36,0,0,0,17,0,9,14,0,9,18,0,18,0,0,4,7,13,0,0,25,51,94,98,56,14,0,0,0,0,0,0,0,0,0,0,0,17,3,0,0,10,0,0,0,0,0,0,0,0,11,0,0,0,4,0,4,11,0,0,11,18,0,0,0,0,0,7,0,7,2,0,14,0,7,0,23,0,16,10,0,11,0,0,15,14,16,0,0,9,0,1,0,0,0,0,0,0,0,0,3,0,6,12,0,1,4,0,0,8,0,7,1,0,23,5,0,2,12,0,1,0,11,2,0,0,0,1,26,0,0,0,0,17,12,0,0,0,0,0,16,20,10,0,7,18,0
0,0,22,12,0,0,12,16,3,0,13,0,8,1,12,2,5,19,9,0,20,10,0,0,1,0,0,0,13,2,0,0,0,16,0,0,0,0,0,14,9,0,3,0,11,0,0,1,3,0,9,22,28,0,4,9,17,8,9,0,0,15,9,0,0,11,11,0,10,0,0,0,0,0,10,6,0,0,0,18,6,17,2,8,18,23,13,2,0,0,0,0,18,0,0,0,10,0,0,1,1,12,16,0,0,0,0,0,0,17,15,1,16,0,0,7,0,0,0,0,0,0,0,0,0,0,17,3,6,0,0,0,0,0,4,0,5,17,1,12,4,0,4,15,16,6,19,11,0,18,7,18,2,0,0,5,15,0,0,0,0,0,2,13,94,44,0,5,8,0,9,0,0,6,0,0,0,4,4,0,6,0,0,31,4,8,2,60,123,164,240,245,190,101,0,0,0,0,0,23,21,0,18,0,0,0,0,6,13,55,30,0,38,110,195,239,255,251,148,99,10,0,12,0,20,2,11,15,0,6,0,0,2,13,20,5,198,255,251,205,247,255,229,146,93,37,11,0,0,0,3,0,0,21,10,29,3,0,0,5,0,0,24,217,255,255,255,249,220,98,26,7,2,0,7,12,21,0,0,14,11,5,19,0,6,0,6,5,2,33,189,232,253,248,139,71,0,0,5,0,0,1,0,0,0,0,0,10,9,7,10,4,0,6,4,0,7,203,255,255,200,51,0,0,0,25,3,0,14,0,0,0,1,13,23,6,0,0,0,0,0,5,25,0,91,222,255,166,0,0,0,13,11,0,0,17,19,0,14,0,6,23,0,0,11,23,6,0,11,0,0,0,213,251,160,16,0,0,8,3,20,0,0,0,0,0,0,0,0,3,1,0,0,0,0,8,0,0,10,27,238,255,74,39,109,132,184,172,74,33,0,0,0,0,9,18,0,0,3,18,0,0,1,21,0,0,0,102,250,247,232,247,228,240,221,243,255,252,87,14,4,8,8,0,0,0,0,0,5,5,0,12,10,0,12,210,255,248,201,150,60,18,0,36,145,233,239,102,0,9,0,20,0,0,0,0,22,6,0,17,0,2,0,9,130,78,8,0,0,14,0,0,0,141,255,204,0,0,4,13,15,0,8,7,0,5,21,14,0,10,3,7,0,0,0,4,0,24,31,9,0,106,246,255,0,0,16,0,6,0,4,0,12,5,11,10,0,0,4,3,16,13,0,0,0,0,0,4,18,212,255,168,0,0,0,0,5,17,0,1,16,0,0,23,9,5,14,27,0,0,0,0,0,0,0,65,223,254,231,53,0,0,2,0,1,4,0,0,0,0,0,0,1,0,0,0,23,0,7,14,29,89,186,255,255,242,88,0,7,0,0,0,2,0,0,0,0,7,0,4,16,0,44,35,28,85,105,164,228,255,255,252,136,16,0,0,11,0,0,8,0,7,15,5,5,21,0,5,0,0,249,255,255,255,255,237,255,166,88,43,0,1,24,0,0,0,0,4,0,17,15,0,0,0,0,0,0,0,6,30,50,60,34,10,0,0,1,8,0,25,15,10,28,0,3,0,16,7,0,0,21,0,13,0,0,0,0,0,0,5,0,0,0,0,0,0,0,0,0,0,3,9,16,0,0,0,17,0,0,0,0,0,14,0,3,0,0,1,14,0,0,0,0,0,0,0,1,11,18,0,0,15,5,0,0,9,12,0,0,0,0,15,0,0,6,4,0,0,20,7,0,0,15,17,0,0,0,0,29,4,0,0,0,0
19,15,0,20,21,9,0,0,17,0,0,0,31,0,33,0,7,7,0,0,0,0,8,0,0,24,0,0,0,38,5,0,18,0,1,0,4,0,0,0,13,6,9,10,0,7,0,0,0,0,10,0,0,25,4,0,0,0,21,0,12,20,7,3,3,33,0,6,1,0,27,14,6,0,9,1,0,2,3,17,0,1,2,10,0,0,0,0,15,3,0,0,0,8,0,6,12,8,0,0,0,0,4,22,11,28,0,10,2,16,8,0,3,0,5,6,8,0,2,0,8,0,0,16,9,22,39,152,199,220,56,2,0,0,7,0,0,0,19,0,2,1,3,0,14,5,22,2,2,0,14,0,1,80,218,202,60,22,6,3,6,0,0,15,0,0,7,15,0,0,9,0,7,0,0,11,55,149,126,167,170,219,115,0,0,0,0,5,10,0,13,0,0,0,0,0,0,0,18,0,0,0,0,0,223,198,158,171,106,44,4,0,0,1,13,5,0,0,0,7,10,0,4,25,0,0,0,0,0,17,5,14,247,74,6,0,17,0,5,6,5,6,4,0,0,0,20,0,12,6,0,0,0,15,0,0,0,0,0,39,252,36,0,13,0,16,0,29,0,0,0,2,0,0,6,0,0,45,0,4,3,0,0,0,1,0,8,70,255,59,34,0,0,0,14,0,13,0,0,0,3,11,3,13,4,5,6,0,24,12,13,9,6,11,0,164,255,63,0,0,8,48,29,16,49,54,13,1,0,0,12,0,1,0,5,22,2,9,26,0,0,7,0,101,255,52,32,75,209,243,229,246,255,255,176,72,0,0,0,0,0,0,1,0,0,0,4,0,8,0,0,62,252,163,221,243,163,71,71,26,18,92,191,236,108,10,0,0,0,21,0,2,6,0,0,6,0,9,20,10,200,192,154,54,6,0,0,0,0,6,0,125,246,53,0,0,0,0,11,0,0,0,0,0,0,22,17,0,0,6,0,0,0,0,0,7,0,1,20,26,222,231,2,4,10,0,0,0,22,14,8,0,8,0,0,21,0,0,1,0,0,5,21,13,11,5,19,16,75,255,30,0,11,1,0,0,0,10,0,19,0,18,0,0,0,0,5,6,0,0,11,13,14,1,0,16,72,233,71,0,0,0,25,18,0,0,16,0,7,0,2,0,0,1,0,14,17,1,9,20,0,7,5,10,68,235,29,6,14,7,15,22,6,17,13,4,4,13,0,0,0,0,0,6,1,0,2,0,0,0,0,6,189,241,14,3,0,7,18,29,0,6,5,3,14,19,5,14,28,1,0,3,0,12,10,0,0,0,5,39,248,187,7,8,20,0,0,0,17,0,9,0,10,0,20,0,26,254,60,8,0,6,7,0,0,20,152,249,173,0,0,8,0,15,0,3,0,0,5,0,0,0,0,0,13,141,247,80,13,25,57,46,176,219,228,119,0,0,0,3,0,0,13,0,10,0,6,11,0,0,29,0,0,1,111,205,239,249,255,223,201,102,53,0,0,0,3,0,0,8,2,0,10,4,0,10,11,19,0,0,0,0,0,9,0,0,12,4,2,0,0,0,5,0,0,12,0,0,0,0,3,0,14,0,29,0,0,19,0,2,0,15,8,9,7,12,0,6,2,1,0,0,6,0,7,0,6,13,0,0,0,12,8,0,0,15,12,0,0,10,16,0,13,4,8,0,0,30,17,0,0,14,18,0,25,13,0,0,24,13,0,0,4,10,0,0,10,0,14,5,4,0,19,0,6,0,0,0,8,20,0,6,4,0
21,5,0,0,0,7,24,13,0,0,0,17,0,6,0,0,0,3,8,7,0,12,6,10,0,0,4,7,14,10,0,2,0,0,0,0,0,0,0,7,0,0,0,0,0,11,17,0,17,0,28,14,0,0,1,0,7,0,2,9,28,0,9,0,0,0,5,5,0,0,0,0,0,1,0,0,0,7,11,0,0,15,0,0,0,0,0,0,19,15,26,0,13,4,189,220,0,44,13,24,0,23,0,2,0,22,0,14,5,15,0,0,13,21,5,6,0,2,4,0,58,206,255,219,10,0,2,2,0,16,0,10,0,0,11,6,0,12,0,22,0,11,24,0,15,4,0,10,201,239,253,163,4,14,0,6,0,24,0,0,0,0,3,0,12,14,0,0,0,1,0,6,10,0,0,141,238,255,130,0,0,0,5,10,17,2,22,0,0,23,8,0,0,19,0,9,8,0,8,0,0,17,10,218,255,255,51,8,18,13,0,0,0,10,7,2,0,0,15,0,1,0,27,16,11,0,3,0,0,0,203,255,253,146,0,0,10,0,24,0,0,8,36,7,0,0,0,16,0,0,0,14,12,26,4,0,0,27,231,255,255,34,0,0,0,9,11,4,0,17,0,0,6,6,11,0,0,22,6,4,0,0,0,0,0,19,255,255,227,0,0,0,20,0,0,0,63,68,37,42,68,43,9,14,0,0,0,0,0,0,1,0,0,0,250,255,255,0,0,0,7,0,83,167,251,241,255,254,255,245,162,139,24,0,13,21,0,0,0,14,3,26,223,255,228,11,6,5,16,9,186,245,234,201,223,166,107,182,255,255,203,121,0,24,18,14,0,0,0,33,243,238,146,0,4,3,0,127,236,255,161,1,4,0,23,1,92,194,242,253,0,17,0,4,5,15,0,5,255,255,221,9,0,0,0,187,251,245,60,0,0,25,17,21,1,95,250,253,0,0,5,3,16,6,0,0,255,255,243,0,0,0,11,194,255,245,77,0,0,0,0,12,0,117,241,220,16,4,0,0,2,9,18,0,255,243,228,40,5,5,5,166,237,252,153,15,4,0,0,0,10,143,248,96,14,3,9,1,13,32,3,26,132,232,239,241,81,0,12,24,124,224,239,189,55,30,0,10,0,142,255,124,5,9,10,30,1,5,23,3,1,213,255,255,206,0,4,0,1,125,219,238,255,99,0,0,30,255,229,71,0,0,0,0,0,0,0,0,0,15,254,252,255,155,18,0,28,25,47,145,199,255,187,125,225,255,101,0,5,0,6,16,5,6,0,16,11,6,91,205,228,255,253,203,110,109,120,81,117,166,248,237,220,44,0,0,12,18,7,0,0,25,0,15,0,14,1,64,131,209,232,255,255,239,233,255,255,223,153,120,1,4,0,18,0,10,0,0,0,0,0,0,9,12,0,18,18,0,0,99,156,128,142,122,137,35,0,21,0,5,0,0,21,15,0,0,0,15,0,32,0,10,6,10,0,0,5,10,16,21,0,13,0,0,8,0,1,7,15,12,26,1,8,0,22,14,0,1,7,0,0,19,19,27,8,0,9,1,0,9,1,20,1,0,10,0,0,12,0,0,12,14,0,0,2,11,0,0,12,6,11,28,0,8,5,26,8,7,5,8,0,12,0,0,0,0,0,26,16,0,0,8,5,7,13,0,4,0,0,15,13,16,11,12,0,0,0,9,7,0,10,8,0,0,0,10,0,0,0,0,0,7,12,0,7,18,1,0,14,15,0,0,11,19,0,0,0,0,7,0,14,0,0,0
0,5,0,16,0,0,0,8,0,0,0,0,18,7,25,0,0,0,0,0,0,10,5,9,2,0,0,0,8,0,18,17,0,4,0,0,2,0,0,0,4,0,0,39,0,0,0,0,0,2,0,4,0,3,8,0,16,0,0,0,30,0,5,19,2,0,0,0,4,18,0,19,6,0,35,26,0,20,6,28,17,3,0,0,0,0,0,5,0,0,0,6,0,0,0,0,0,0,4,34,5,0,0,16,0,0,2,0,10,3,11,0,0,18,1,0,0,0,0,5,0,9,0,6,0,0,0,33,0,0,0,1,16,13,7,0,0,9,0,24,0,10,0,0,4,3,0,0,0,1,0,21,11,2,61,232,250,160,23,0,0,7,8,12,0,2,2,14,0,16,6,0,0,33,7,16,4,0,14,80,233,179,233,255,255,250,121,8,7,0,8,9,0,17,1,8,0,0,0,0,2,23,10,0,0,24,0,122,255,248,255,133,67,255,255,132,0,26,0,0,6,6,0,12,0,0,17,7,16,0,6,0,0,1,46,242,230,255,100,5,0,152,255,180,0,0,0,0,0,11,20,0,2,6,0,0,0,0,0,0,17,0,168,242,241,248,87,18,0,9,217,255,100,0,0,2,0,0,0,6,0,0,0,11,2,0,0,0,5,0,168,253,255,255,60,0,3,15,178,255,218,0,0,0,0,6,0,5,8,6,3,10,4,5,20,7,14,15,185,255,255,118,0,0,0,11,96,255,253,0,0,0,0,0,0,0,0,0,0,0,16,0,0,25,0,33,244,241,253,0,0,2,2,0,58,255,255,13,0,10,0,9,0,4,5,0,12,2,24,5,0,17,24,76,247,246,255,3,0,0,13,16,62,248,247,4,0,17,0,5,0,0,10,10,31,5,8,8,11,0,0,157,232,255,250,10,14,0,1,0,55,254,247,17,0,28,19,11,1,6,6,6,13,14,0,0,12,1,7,248,252,213,164,9,2,0,16,0,45,244,248,37,2,0,4,0,0,0,0,0,9,6,0,4,5,0,18,255,255,163,19,0,1,0,0,11,51,217,245,0,23,1,0,17,19,22,0,15,9,11,4,0,0,9,0,254,245,146,1,5,7,13,8,9,104,247,192,13,0,20,11,0,0,0,12,0,1,10,0,7,30,0,0,254,255,86,3,0,28,11,0,0,165,255,72,0,0,6,13,0,24,0,19,28,0,6,0,16,0,0,3,255,240,79,0,0,5,0,0,5,215,255,21,0,0,0,11,0,0,0,3,0,0,0,0,17,5,12,3,252,244,160,0,14,0,8,9,194,255,188,25,0,10,0,15,17,0,0,0,0,10,1,8,1,0,26,0,184,255,175,26,0,16,78,196,247,208,29,0,22,0,2,7,0,0,26,12,7,7,0,17,0,0,8,5,28,255,237,221,190,236,255,255,212,24,0,14,22,15,13,8,0,0,0,0,11,3,0,8,10,2,10,0,7,111,253,240,255,249,248,214,12,0,7,0,6,0,0,15,3,0,0,4,12,0,23,0,12,40,0,3,3,3,51,244,255,192,105,14,0,0,3,13,0,28,0,0,0,6,0,0,0,0,0,4,0,22,0,16,0,0,0,0,8,0,0,7,0,0,11,0,20,0,1,10,0,1,2,1,3,6,16,12,0,17,12,15,2,4,11,0,0,0,15,0,7,1,0,0,6,23,10,0,0,10,15,0,0,3,0,0,0,9,0,0,0,0,0,3,0,0,0,0,0,0,3,0,0,8,12,9,0,0,7
22,0,0,16,18,0,8,0,18,0,24,2,0,21,8,21,0,19,0,0,0,7,6,0,16,2,7,0,0,5,0,0,7,14,10,0,12,9,16,0,35,7,0,0,3,5,24,0,35,12,0,2,4,8,11,0,0,11,0,1,15,3,0,5,0,5,0,7,0,4,0,22,0,0,0,7,0,0,6,0,0,0,0,4,2,0,7,0,2,0,0,2,14,2,11,0,0,0,30,0,2,9,0,23,0,10,6,0,5,0,0,18,0,0,6,0,0,0,0,0,0,0,11,4,0,0,0,0,0,6,3,6,11,0,0,1,3,0,0,22,23,0,7,0,11,0,0,28,99,248,140,0,1,0,0,9,0,0,8,6,0,0,0,1,0,0,2,0,9,10,4,0,8,0,10,32,198,255,231,52,0,0,1,2,0,0,0,0,159,238,97,5,14,0,23,8,0,0,0,0,2,0,10,56,254,228,254,27,0,13,0,0,3,0,10,20,245,241,204,0,9,0,0,1,27,10,0,9,7,0,0,47,255,255,175,0,0,29,5,7,0,16,0,149,255,255,86,0,0,0,5,0,4,0,0,0,0,3,0,38,235,249,147,21,0,20,1,8,18,1,13,200,255,255,74,7,0,5,1,9,0,0,0,0,0,0,7,126,255,255,132,8,0,8,23,0,0,8,25,254,255,205,30,0,14,0,9,0,2,3,3,0,8,0,13,187,255,227,126,0,5,0,0,0,13,0,19,243,233,36,0,0,0,0,0,10,0,23,19,3,0,10,0,202,229,255,18,3,0,0,0,2,0,0,83,251,255,30,3,24,0,0,0,0,9,0,7,0,5,8,67,248,248,239,5,21,0,0,0,0,10,60,255,255,178,18,5,0,16,0,9,0,11,23,0,12,28,0,105,252,227,169,127,150,146,146,128,84,29,175,255,238,159,0,2,0,9,9,24,0,3,0,0,12,0,25,96,250,255,250,255,254,245,238,255,255,255,245,255,239,129,16,0,27,0,2,13,4,43,10,6,10,0,0,48,221,255,249,255,238,250,247,215,201,255,255,236,251,142,21,0,0,0,0,0,27,0,8,0,6,21,17,11,69,200,195,45,55,54,82,34,56,49,211,243,238,17,0,0,20,0,0,0,27,0,0,38,0,9,0,0,0,6,0,0,11,0,0,6,4,82,241,255,93,0,0,12,12,17,26,0,0,5,0,0,9,6,0,0,6,0,0,0,31,0,0,4,0,192,246,255,107,0,8,0,0,7,3,3,0,3,0,6,3,0,4,0,11,15,0,0,3,0,0,0,3,220,255,255,135,10,12,17,23,0,1,9,0,9,17,6,4,0,35,0,0,0,20,1,2,13,0,19,97,255,255,236,106,4,0,0,5,0,6,2,11,3,0,0,0,2,0,24,0,3,0,0,0,0,0,0,100,255,255,255,93,6,12,0,15,0,12,0,0,18,6,0,17,15,7,2,0,5,0,4,0,1,27,5,34,240,233,141,127,0,0,15,0,10,0,14,0,1,0,33,2,0,0,13,0,0,0,6,0,0,0,2,0,148,255,80,21,0,0,0,15,3,0,6,2,18,0,0,0,0,12,0,0,16,0,0,19,0,0,0,0,9,3,8,0,0,0,15,2,0,0,0,0,0,0,0,0,21,13,6,0,23,27,0,0,8,8,5,2,17,5,29,2,12,0,0,0,0,0,8,0,7,2,2,35,10,12,4,0,6,29,11,0,0,0,0,0,11,17,0,0,7,3,14,0,13,2,2,0
24,0,0,0,8,0,0,8,0,4,20,8,0,21,7,22,6,3,4,11,0,20,8,4,9,12,11,0,17,19,20,0,16,0,0,0,0,0,0,8,0,0,0,10,10,3,18,16,0,0,0,6,0,0,0,4,0,0,32,0,0,6,0,0,1,7,1,0,32,0,0,0,0,0,24,14,3,21,0,21,9,3,0,15,0,6,18,4,5,0,0,0,0,1,8,0,1,0,0,1,0,0,0,0,7,11,0,6,0,0,7,8,0,0,5,31,0,0,5,0,0,0,15,8,0,0,0,0,5,0,0,15,0,0,0,0,8,3,13,16,0,15,0,5,0,0,0,0,0,21,5,26,3,0,0,94,255,110,12,14,21,35,26,0,15,9,0,19,14,0,0,8,0,2,0,0,21,0,3,5,1,6,0,212,255,204,0,0,0,0,7,0,0,0,3,0,0,0,1,0,0,2,0,16,3,7,0,19,11,9,3,235,255,195,0,0,1,0,0,0,0,12,1,0,4,0,12,12,14,0,0,0,0,0,11,0,0,0,0,255,255,82,30,0,5,0,12,6,0,0,0,0,0,12,15,0,6,2,0,0,12,0,0,0,11,9,0,253,255,60,0,0,0,0,0,21,0,0,0,3,0,0,14,0,0,15,1,0,9,0,23,0,1,0,21,246,236,0,0,0,16,8,0,0,2,6,0,0,0,0,0,11,0,0,16,4,0,9,2,14,11,0,143,246,138,6,5,0,17,12,6,0,0,0,3,9,0,13,0,8,0,3,5,4,35,24,12,1,0,15,229,239,79,8,0,14,0,39,6,11,0,0,27,6,0,3,24,0,0,0,0,6,0,16,0,0,3,89,236,228,26,0,0,27,0,20,0,0,0,30,16,11,14,0,0,12,0,17,0,11,19,0,3,4,0,120,251,115,0,5,16,0,12,0,0,0,9,0,1,4,0,0,0,5,0,0,0,0,0,10,0,0,0,115,254,1,0,15,1,0,20,0,4,0,5,0,0,16,17,5,2,0,3,0,0,0,0,42,15,16,12,206,255,13,12,10,0,25,41,0,0,7,0,16,0,0,14,0,0,0,1,10,0,7,17,0,8,22,108,248,226,0,4,0,23,1,1,0,10,0,7,7,0,0,19,0,4,0,0,9,22,5,0,0,7,2,172,245,111,7,0,0,19,0,0,9,6,0,4,9,0,20,13,0,0,0,0,0,0,0,0,0,7,0,224,237,0,19,3,0,0,0,0,0,0,0,0,0,13,2,0,26,1,8,12,4,0,0,0,0,22,0,211,173,0,1,0,0,2,0,0,0,0,0,0,11,5,0,0,26,7,0,0,0,4,0,2,16,9,37,216,130,0,8,0,0,17,0,0,0,13,10,4,21,0,13,11,16,0,3,0,12,0,0,28,0,0,90,255,162,0,0,3,0,0,13,0,0,2,6,0,0,16,21,21,16,2,0,4,0,0,12,0,2,0,7,226,139,0,0,0,9,0,0,0,6,0,6,0,0,16,8,0,0,0,7,7,0,0,0,0,0,0,18,157,196,0,0,0,11,9,15,0,7,10,0,0,8,0,11,13,20,0,0,0,0,2,1,7,0,0,0,6,0,12,35,9,0,11,0,1,1,9,0,0,10,0,0,0,9,8,0,4,0,17,6,0,0,0,1,14,0,0,0,14,0,0,24,0,22,8,8,0,20,6,14,0,1,0,13,14,0,0,0,0,0,15,1,5,0,6,7,0,0,9,0,0,0,8,15,0,0,11,10
0,1,9,8,4,7,0,4,0,0,3,28,0,27,0,1,3,3,3,15,1,19,0,6,0,6,0,5,2,0,0,0,15,0,6,0,0,0,2,0,0,8,6,0,5,0,18,0,11,32,7,7,21,2,0,0,0,0,0,0,0,1,0,0,0,5,13,0,0,0,9,0,12,14,15,0,0,0,1,0,0,0,0,0,0,0,14,7,2,0,0,0,14,0,23,0,0,0,0,8,0,14,3,7,0,5,0,18,1,6,0,0,5,0,0,9,19,0,0,4,0,0,0,0,0,15,23,0,3,2,6,22,0,16,0,0,0,0,0,6,0,9,0,0,9,6,0,0,0,0,3,0,0,4,11,0,9,0,0,12,22,0,0,0,0,15,0,0,0,0,2,27,20,0,9,0,0,10,0,4,11,7,9,0,0,6,2,0,0,13,0,1,0,20,0,17,1,0,2,12,0,0,3,0,0,0,0,18,11,27,66,149,176,194,148,12,0,0,0,0,0,0,14,0,24,0,0,0,13,0,8,13,15,10,11,53,164,255,255,252,244,255,255,186,37,0,2,0,1,0,0,12,9,20,0,16,0,0,21,5,17,40,171,238,238,221,194,190,131,178,255,242,62,0,15,0,0,0,14,6,0,5,0,8,8,2,0,0,122,215,255,246,172,66,0,0,2,22,206,255,91,0,25,0,0,0,0,0,0,0,0,0,0,20,0,107,232,255,203,67,3,0,3,0,0,8,166,243,164,1,14,0,0,22,0,19,0,24,0,6,36,21,85,250,255,189,8,0,9,0,0,0,0,25,217,255,255,121,0,6,6,0,16,0,0,6,10,3,0,10,128,255,197,14,0,0,16,18,5,4,51,190,255,244,255,42,0,0,0,0,0,0,0,0,0,17,39,7,125,250,185,98,35,31,13,106,181,231,241,248,237,255,178,21,11,0,4,9,7,12,0,12,0,0,14,8,83,255,255,254,255,226,236,255,246,255,255,255,255,255,91,12,3,0,0,1,20,0,0,7,0,23,0,19,12,116,247,249,255,255,255,227,147,72,89,199,249,237,27,0,0,4,2,10,0,18,0,0,4,0,0,0,0,0,0,54,103,56,0,0,0,0,43,251,239,84,11,0,20,10,0,0,14,6,5,0,0,0,5,0,0,0,0,0,8,22,0,0,2,19,155,255,186,31,0,10,14,0,0,6,5,0,0,0,16,15,10,0,0,3,0,4,0,0,0,0,13,12,235,255,77,0,0,15,0,0,5,0,6,0,9,13,29,0,2,0,0,0,25,0,0,10,0,1,0,126,255,213,0,1,29,1,0,8,0,0,0,0,0,0,27,0,0,0,0,0,1,0,0,0,16,0,1,149,226,199,0,8,28,0,0,0,1,4,12,0,11,0,32,22,26,0,0,0,10,0,8,20,0,6,34,250,254,152,8,23,0,0,0,0,11,0,6,5,24,0,11,0,4,0,8,10,17,16,0,9,0,4,191,255,244,92,0,2,4,18,6,3,21,13,6,0,0,8,0,0,4,4,9,3,8,16,0,0,2,50,255,255,141,0,7,3,0,5,0,0,0,0,0,0,4,3,9,6,3,0,9,21,0,6,0,0,5,157,255,239,59,7,0,0,5,2,38,9,0,0,0,5,3,0,11,10,16,1,0,12,10,0,10,6,18,67,184,77,11,0,9,22,0,5,0,5,0,2,8,0,0,13,0,6,0,0,5,4,0,25,0,11,0,0,0,0,0,0,0,0,2,5,0,4,0,0,0,0
2,0,19,9,0,0,9,0,26,11,0,24,0,0,0,0,0,1,11,0,0,3,1,0,0,5,0,26,6,16,9,7,10,0,0,0,17,2,9,18,2,6,0,30,0,0,0,0,1,17,0,6,0,3,0,0,21,3,0,24,14,0,6,0,0,0,0,0,0,5,0,0,7,4,0,14,0,3,6,0,0,0,4,0,0,0,20,0,0,10,8,0,0,0,17,0,0,13,1,1,0,0,0,0,2,0,0,0,2,0,0,0,0,15,6,14,0,0,0,0,9,10,21,0,14,0,11,0,0,0,0,43,0,0,23,19,0,2,7,3,0,18,15,0,7,1,0,0,21,0,19,7,0,0,0,0,11,42,7,0,13,8,0,12,0,0,0,0,9,5,1,33,6,0,2,19,1,0,0,11,4,0,5,16,0,0,0,0,1,0,0,106,147,4,0,14,0,0,18,3,0,9,17,0,2,0,0,0,3,0,12,7,0,10,0,0,73,103,193,222,94,5,0,0,1,0,4,1,0,9,5,12,0,0,12,24,1,10,0,12,26,51,162,239,255,236,73,71,15,15,0,0,0,0,7,7,4,0,24,8,8,2,5,0,0,37,55,144,249,247,255,143,42,9,18,8,0,11,9,14,0,16,2,8,13,0,0,11,5,8,119,210,219,216,230,250,255,220,50,10,19,14,0,0,0,0,15,2,0,0,0,7,11,0,0,0,0,0,152,221,214,221,161,75,7,0,0,0,0,0,3,0,0,0,5,0,0,39,0,2,0,4,0,5,0,37,77,99,34,33,14,1,7,14,3,5,18,14,0,10,0,24,1,24,8,8,0,7,13,0,0,12,45,116,81,36,0,0,0,0,0,6,13,0,27,0,0,9,6,0,0,0,7,0,0,1,0,8,0,18,87,208,39,5,2,4,0,5,9,0,0,0,0,5,2,16,2,0,0,0,0,5,0,12,25,14,7,0,5,240,255,34,4,9,14,8,0,1,3,0,0,0,0,0,2,10,0,0,0,5,0,0,12,7,0,8,28,160,255,220,175,33,6,0,0,0,18,5,0,0,5,9,3,0,0,0,24,0,0,25,5,8,0,0,0,42,53,66,225,136,0,0,0,6,15,8,0,0,0,0,0,0,3,9,0,0,1,3,0,5,6,10,0,3,5,2,173,186,0,0,0,1,19,0,7,0,0,14,17,0,8,0,0,0,15,0,0,0,0,7,4,12,0,0,239,202,41,2,0,0,7,0,0,0,4,0,13,0,0,0,1,9,23,0,27,0,0,0,0,0,1,3,245,72,3,0,0,0,3,0,1,18,13,0,0,2,0,2,19,0,14,20,0,25,34,2,0,0,0,5,213,5,7,15,0,19,0,6,0,8,12,1,0,0,8,13,0,9,0,0,0,1,31,12,7,9,22,152,248,82,11,0,0,0,0,0,0,0,0,0,2,0,9,0,9,0,0,0,0,0,29,0,0,29,136,253,248,38,0,0,2,5,4,0,20,1,6,9,5,15,23,7,0,0,10,0,0,31,0,15,7,9,255,197,48,0,0,9,0,13,6,0,15,0,17,2,15,0,0,8,0,0,13,3,9,15,0,0,0,9,138,8,0,0,0,16,19,0,30,0,0,5,7,1,5,0,0,0,0,28,13,1,0,0,4,0,6,0,4,16,14,0,0,0,16,0,1,1,0,0,10,0,0,2,0,0,0,17,0,0,0,0,8,0,9,6,1,0,11,11,0,8,4,11,11,0,1,0,0,0,0,0,20,17
0,9,4,18,23,13,2,19,0,6,0,9,10,0,11,4,0,10,22,0,2,14,12,20,12,10,35,14,0,0,0,0,9,0,0,10,6,1,0,16,1,0,10,0,0,0,6,0,0,0,11,9,18,10,3,10,0,10,2,0,11,20,18,0,0,5,5,8,3,0,17,7,3,0,12,5,0,0,0,20,8,4,0,13,3,6,1,0,0,0,0,0,0,0,0,2,0,0,21,0,0,0,0,25,0,0,11,9,6,16,6,6,6,8,5,16,0,12,0,0,3,1,3,10,0,10,2,0,0,2,2,3,0,6,14,0,8,5,17,0,0,14,0,0,0,6,0,1,0,0,3,0,5,0,9,5,0,0,1,11,0,2,7,0,16,0,26,7,21,0,0,0,0,0,0,0,9,0,23,0,0,0,0,0,0,0,2,6,0,1,0,8,5,4,6,0,0,0,44,184,255,134,101,114,73,0,0,10,6,0,25,10,0,1,23,0,9,12,25,0,25,0,0,20,0,1,136,236,255,255,255,255,255,249,255,251,251,105,134,55,10,23,8,0,22,32,0,0,0,0,0,27,0,0,67,255,255,254,255,254,255,255,255,255,240,255,255,239,202,41,0,0,0,0,0,15,5,3,0,0,4,5,14,0,88,43,143,106,151,111,232,255,255,255,243,255,255,255,135,0,0,0,0,0,7,0,0,0,0,0,18,7,3,15,3,19,0,0,17,0,0,79,191,236,255,254,255,233,76,0,0,0,16,9,9,0,0,2,0,0,17,3,7,7,0,2,13,0,0,0,0,71,249,255,255,255,134,0,5,4,0,0,0,17,0,6,1,7,0,0,0,16,0,7,0,0,0,0,5,0,78,255,247,249,132,18,0,0,2,0,14,1,6,0,28,6,0,15,4,0,21,36,15,0,13,8,3,10,19,130,232,253,255,23,3,17,0,0,0,9,23,7,0,0,17,0,3,0,5,0,0,12,0,0,7,17,0,132,255,242,255,67,0,9,31,0,8,0,6,0,0,0,0,0,0,0,7,21,0,6,6,9,0,15,0,123,255,252,251,125,15,5,0,0,0,0,0,0,8,9,4,3,7,0,0,9,0,15,1,6,12,0,5,128,245,252,255,11,5,0,21,0,0,1,8,0,0,0,12,9,6,0,15,0,1,0,0,11,26,0,3,130,255,255,188,0,13,8,0,1,0,0,0,8,0,12,0,2,0,0,0,0,17,4,0,17,14,0,1,187,241,255,135,0,25,2,4,0,8,0,0,11,8,0,0,0,6,0,17,9,0,0,7,0,0,0,117,255,249,255,73,4,3,6,1,0,0,0,0,7,0,0,15,0,0,0,2,0,0,0,0,18,42,0,255,255,252,185,0,0,23,8,0,2,4,13,29,0,0,0,7,6,0,0,0,2,4,1,16,3,0,0,255,255,255,58,3,14,0,27,16,23,12,24,0,1,0,8,0,0,12,6,0,0,29,13,36,4,0,168,254,245,249,0,0,27,0,0,0,0,24,0,12,0,0,23,0,27,1,0,0,0,0,0,43,13,150,255,250,255,197,0,8,7,3,0,7,4,21,4,13,0,0,0,0,14,2,0,5,4,4,0,0,0,137,255,241,194,0,1,17,12,7,4,0,17,11,11,0,0,21,0,5,0,4,16,0,3,0,12,1,0,103,255,245,54,0,19,0,0,2,0,0,0,22,0,14,0,8,0,0,3,0,11,0,0,0,13,19,0,13,0,0,0,0,0,0,0,0,3,0,0,1,4
0,15,0,4,0,0,0,18,42,6,1,0,4,0,11,21,6,0,15,12,1,8,0,10,12,6,0,0,7,0,9,6,0,0,0,0,0,0,0,17,0,0,5,7,7,0,0,0,0,0,0,2,12,2,0,0,6,0,8,0,13,0,10,0,0,7,0,5,0,0,0,0,0,0,7,17,0,1,0,11,0,4,10,13,0,0,5,0,4,0,21,0,13,7,35,0,0,15,0,3,0,15,7,7,0,8,2,10,0,1,7,33,14,4,0,1,0,0,26,5,0,0,0,3,25,0,9,0,28,18,0,0,0,0,22,5,3,1,0,20,0,0,0,24,0,0,8,0,2,3,0,9,1,26,37,44,0,0,7,0,0,0,10,0,0,8,0,4,2,2,0,0,0,11,0,0,16,11,0,7,93,238,229,252,193,229,234,203,130,52,26,7,0,9,0,0,0,18,7,17,13,0,0,0,15,0,18,218,249,255,244,227,255,251,240,255,255,240,219,3,0,3,0,0,7,0,0,10,0,0,0,6,24,37,208,255,255,207,128,139,77,115,73,66,159,255,254,163,0,0,5,12,0,4,0,21,9,3,14,10,0,139,255,255,203,26,0,35,0,0,23,27,0,161,255,220,0,0,7,0,4,5,7,0,0,21,4,0,1,121,255,255,29,6,12,17,18,0,15,10,95,235,255,211,0,6,6,6,3,11,16,3,0,0,11,18,26,92,251,255,100,21,0,0,0,0,0,51,225,255,242,167,0,8,10,0,1,12,12,0,2,8,0,4,2,0,146,255,255,35,7,0,16,28,155,245,255,251,198,32,0,0,8,0,0,5,4,0,11,6,0,0,0,0,13,191,255,190,17,25,65,244,254,237,214,135,0,10,0,26,0,0,18,10,0,0,0,18,0,7,10,5,2,8,220,255,212,250,255,254,225,131,19,1,3,7,15,1,0,32,3,6,0,2,0,2,0,0,25,0,0,105,242,252,255,255,236,72,23,4,7,23,0,0,14,5,7,6,7,0,6,7,16,4,4,20,69,176,255,255,255,255,255,249,118,3,16,0,9,0,0,0,0,3,5,17,9,0,0,11,16,32,138,222,226,255,248,183,123,48,223,252,250,7,0,0,0,23,0,0,0,0,0,0,1,9,9,0,157,233,255,237,255,178,49,0,9,106,243,255,247,54,0,2,19,17,11,2,0,3,5,20,6,0,14,0,134,255,255,255,229,112,118,143,202,255,246,241,233,23,0,2,2,0,0,6,0,8,0,1,0,0,12,4,0,117,225,244,234,226,255,244,255,253,255,238,45,34,0,3,11,0,27,0,17,7,1,10,0,8,0,0,27,0,24,113,133,229,218,196,225,212,117,3,12,4,0,0,23,6,0,0,0,21,0,16,0,16,0,0,16,0,0,7,0,7,9,1,18,32,0,0,0,0,0,0,6,0,0,2,5,0,0,0,0,8,0,0,4,0,10,0,14,0,1,1,0,5,0,2,1,9,0,0,0,0,9,3,0,0,0,5,2,0,11,0,0,0,0,25,0,0,7,6,4,0,7,10,16,9,0,8,0,11,11,0,7,0,26,8,0,0,4,16,6,20,5,3,0,5,10,0,12,7,0,17,0,0,0,3,16,0,13,21,12,8,0,0,20,10,0,0,8,0,16,10,0,1,11,0,0,16,7,0,12,0,0,0,0,1,0,0,5,9,0,0,2,0,2,13,9,14,4,4,5,8,7,23,0,3,2,0,0,6,0,0,25,0,0,4,0,8,28,14
0,0,11,0,0,1,10,0,18,3,2,0,0,0,18,0,3,0,6,14,7,0,7,12,0,2,5,14,21,3,0,25,17,20,9,0,0,0,0,10,5,0,0,14,0,0,8,12,8,0,13,0,8,0,0,3,7,0,9,0,13,4,13,12,18,6,0,8,13,0,0,0,0,21,6,0,12,0,0,0,0,0,0,10,0,3,0,11,3,0,8,7,0,12,0,0,0,0,5,1,0,0,0,0,2,2,9,0,0,18,16,0,2,14,0,4,0,6,0,23,20,33,0,0,0,7,4,0,0,0,0,7,0,5,0,2,14,0,5,0,9,7,0,0,7,0,0,0,7,19,6,4,0,3,11,0,0,12,3,0,0,19,0,0,2,1,5,8,0,2,0,2,4,0,0,0,0,0,152,241,215,172,212,137,97,34,26,0,0,0,0,0,0,5,0,0,4,0,0,0,0,0,16,0,6,73,242,78,69,170,196,224,249,241,187,26,2,12,0,2,0,9,18,5,0,0,13,0,12,1,0,0,0,167,222,8,6,0,0,0,0,98,86,0,14,0,15,3,0,0,11,0,4,0,0,0,1,15,0,7,18,222,172,0,25,24,0,17,11,14,0,22,0,1,0,0,4,14,21,32,0,13,4,0,6,4,0,0,2,226,91,25,0,0,7,10,0,0,0,14,8,9,0,0,2,5,8,0,22,5,0,13,0,0,17,3,25,239,133,8,0,4,0,0,0,18,0,1,0,31,0,0,26,13,5,1,18,0,0,18,3,0,10,15,0,183,245,36,21,0,0,0,150,68,2,1,0,0,0,16,0,0,0,0,0,0,0,3,0,0,0,8,12,154,255,90,3,0,0,12,208,144,0,0,0,9,16,5,0,0,0,1,0,0,9,9,11,15,0,13,0,82,246,96,0,27,6,84,242,124,14,0,7,22,0,12,5,0,12,0,0,0,12,6,5,8,0,5,0,0,193,204,36,5,0,141,252,54,0,4,19,0,4,21,0,0,0,10,7,16,0,10,5,0,0,0,0,0,121,255,154,0,22,206,255,46,4,19,14,6,1,28,0,3,0,0,0,12,4,2,2,10,1,3,0,0,0,194,245,195,185,188,250,62,15,12,5,12,0,16,10,8,2,0,0,0,9,13,0,0,0,13,7,1,0,39,135,170,21,144,255,63,0,0,5,0,0,22,5,10,0,0,10,4,0,0,22,0,0,0,0,8,0,8,2,0,21,95,255,74,0,0,0,5,0,0,7,0,7,6,0,3,0,0,8,4,0,1,0,0,0,7,17,0,3,126,230,65,15,0,0,9,0,16,0,25,18,22,0,0,19,12,13,0,2,0,1,0,0,6,0,13,0,174,255,64,8,13,0,0,4,1,3,1,6,0,6,10,0,16,0,8,0,17,6,0,15,16,0,0,0,115,231,9,0,8,8,8,0,7,0,10,0,2,4,10,10,0,0,10,4,27,0,30,6,16,1,12,20,115,243,54,0,5,7,24,14,15,0,0,16,11,2,21,1,7,0,10,11,11,26,0,0,0,22,1,0,97,245,39,0,0,0,4,0,0,3,4,0,11,2,19,3,1,13,0,11,14,0,4,0,15,0,0,5,115,209,3,7,10,17,7,0,4,0,0,4,0,4,0,0,0,9,9,0,6,0,5,0,3,0,0,15,18,0,0,0,0,0,0,15,8,0,0,7,0,2,8,26,0,0,0,3,5,24,7,0,0,4,19,0,0,7,0,0,0,3,3,15,0,0,0,4,4
0,14,7,0,31,3,16,0,0,0,0,13,0,4,0,4,0,8,7,11,0,0,0,4,0,21,15,16,0,14,0,18,11,12,10,20,16,0,6,0,0,20,0,3,0,5,13,0,6,0,7,0,0,0,9,0,3,4,6,11,0,9,4,15,0,0,6,0,0,4,0,25,21,1,13,5,17,25,20,4,0,0,4,0,0,17,0,13,0,7,11,0,12,0,0,67,188,68,0,0,15,29,0,0,0,0,21,0,0,7,7,10,4,6,12,0,4,0,12,0,0,0,0,178,255,221,194,33,0,9,0,6,0,0,29,27,0,0,14,0,12,10,0,0,21,2,3,9,0,8,16,121,250,242,243,214,99,16,3,0,3,20,2,6,0,18,0,0,0,0,16,0,0,16,7,0,2,0,31,0,97,237,255,255,232,145,17,0,28,0,7,0,0,0,0,2,0,1,0,0,0,23,10,0,0,0,1,0,0,84,123,156,250,255,170,15,0,22,0,0,0,0,1,18,4,0,5,0,22,0,5,19,19,0,0,3,20,0,0,7,131,255,255,139,0,0,16,11,0,5,18,0,1,1,14,6,0,0,1,17,0,0,0,0,7,8,0,0,0,200,239,191,4,20,0,10,0,0,0,0,0,0,8,0,0,8,0,0,11,0,5,10,0,0,0,15,17,18,226,235,45,24,12,8,5,0,0,0,0,1,0,0,14,0,0,2,0,6,21,0,0,0,0,0,0,94,253,250,6,0,4,0,0,16,8,1,7,26,35,8,0,0,0,13,6,4,0,14,0,1,0,6,137,247,253,195,11,2,17,22,25,15,7,0,0,0,0,13,3,0,0,0,0,142,247,255,149,131,138,185,255,235,231,30,0,0,0,20,0,0,0,16,0,0,13,0,9,4,0,1,14,163,234,253,251,255,244,255,220,133,29,11,0,14,8,0,8,0,15,0,1,6,0,0,21,9,0,5,0,2,80,128,207,243,255,248,139,0,13,11,3,4,0,1,0,6,0,0,0,16,0,0,7,0,2,0,8,3,0,22,7,4,160,242,219,20,0,1,1,7,0,0,17,25,0,15,0,0,0,6,15,0,0,1,17,4,0,0,0,2,60,212,255,26,14,9,5,0,0,0,3,6,0,10,0,0,0,22,13,0,1,138,52,0,21,0,0,8,41,255,232,43,6,8,3,6,3,13,5,2,0,23,0,0,0,18,1,0,67,255,19,0,9,0,21,168,208,247,238,28,21,0,7,8,0,0,6,16,0,0,0,0,0,5,1,0,182,253,10,19,29,120,222,246,240,225,163,0,22,10,0,0,9,13,21,12,0,9,7,3,8,20,13,27,243,247,255,250,253,255,239,193,120,8,2,0,15,10,0,0,0,9,1,19,16,0,7,0,0,0,5,16,183,250,255,242,148,160,53,0,1,4,19,4,3,10,0,1,0,10,0,0,0,7,2,0,0,0,0,8,0,0,2,0,4,0,0,10,12,1,1,19,11,9,8,3,0,0,0,0,12,22,0,20,0,13,0,0,6,0,0,6,0,0,0,0,0,1,0,1,0,0,8,0,29,0,0,22,33,0,1,0,0,0,9,6,7,0,0,9,10,30,3,3,5,5,0,18,5,19,15,0,0,0,0,14,3,0,4,0,12,0,9,0,0,0,0,0,8,0,0,0,0,14,19,1,0,4,0,0,0,3,0,0,0,13,0,0,0,2,6,0,5,0,13,0,11,13,0,0,0,0,2,5,24,0,0,0,0,1,2,0,0,12
0,10,0,0,0,0,16,7,0,10,7,0,2,0,7,0,13,6,0,0,22,0,7,0,0,3,6,0,0,3,26,4,22,3,0,0,6,1,23,0,0,0,4,0,0,0,20,0,3,0,0,0,7,0,0,0,13,0,0,0,9,0,1,0,0,0,0,0,1,5,1,13,0,0,12,0,2,7,0,14,10,3,15,21,0,6,0,11,0,0,0,0,2,0,4,7,6,0,0,6,0,7,1,0,9,0,0,8,0,23,0,0,3,11,34,4,0,16,11,21,0,0,0,20,29,0,6,5,0,0,0,0,0,0,0,3,15,24,19,0,0,10,0,6,0,0,0,12,12,28,0,8,17,15,0,3,0,0,10,6,4,23,9,0,3,0,8,6,5,0,0,0,28,33,7,0,0,2,20,0,0,4,12,1,0,19,0,0,0,0,9,1,8,0,0,0,7,28,0,0,44,190,246,238,130,233,219,163,135,136,125,118,96,125,63,106,43,75,0,0,0,5,0,0,17,6,3,0,129,243,255,229,247,255,244,228,255,245,255,247,255,255,245,254,255,255,255,10,0,0,0,13,0,0,10,16,0,40,119,132,123,100,117,106,141,233,233,206,235,240,255,231,255,251,253,66,7,0,7,9,0,17,5,0,12,15,2,14,21,0,0,7,0,4,10,0,35,45,48,222,253,249,173,7,2,22,0,19,9,15,0,1,0,0,17,0,9,11,17,11,0,0,2,1,0,0,114,225,251,143,17,0,0,3,2,5,16,0,2,0,13,0,5,35,0,0,0,0,0,8,4,2,1,51,243,245,204,71,8,0,3,0,11,2,8,18,0,11,12,16,0,3,5,19,75,24,27,36,28,0,70,235,255,214,26,19,0,0,0,31,0,0,0,0,0,3,0,16,0,27,26,248,255,243,248,251,197,154,219,251,255,164,69,35,0,0,9,0,11,0,0,19,1,0,3,0,0,0,32,217,255,251,255,255,245,255,233,250,244,255,255,215,179,29,0,10,0,0,0,0,0,0,0,1,9,5,0,32,69,142,109,237,255,246,253,252,255,234,255,253,249,117,0,22,0,5,0,0,0,0,0,0,6,1,1,23,6,0,29,222,249,255,207,151,41,79,66,50,59,11,0,0,0,6,5,11,4,5,18,2,1,4,0,12,21,37,155,241,235,171,19,2,2,8,8,5,22,9,12,0,0,15,16,10,6,0,13,0,4,34,0,19,0,153,234,252,103,9,0,0,0,3,12,0,0,12,14,0,20,24,0,16,0,1,1,5,0,0,13,18,82,238,255,166,6,14,9,7,1,17,0,23,11,0,0,0,0,0,9,0,0,25,2,3,3,15,0,21,241,247,214,0,0,0,0,0,0,11,3,17,12,10,0,0,9,0,24,6,4,10,0,7,2,0,22,88,255,231,51,11,18,13,3,0,4,0,6,0,0,14,21,4,0,0,7,0,1,0,11,0,14,6,52,245,255,88,0,14,13,19,0,0,26,0,0,0,16,16,1,0,0,8,15,30,17,3,5,0,13,78,209,255,255,47,0,0,0,0,0,0,20,18,4,33,0,0,3,0,0,0,10,0,8,3,5,16,49,248,244,255,33,0,6,3,0,11,0,0,0,27,0,0,13,0,18,5,12,0,4,6,4,0,0,0,31,243,248,143,10,1,2,0,0,9,27,36,0,1,11,0,1,0,0,0,0,20,0,0,0,0,1,0,0,6,0,12,0,25,4,0,0,8,0,5,0,9,0,3,0,6,15,8,16,0
0,7,0,21,20,27,0,0,0,0,0,19,0,0,4,0,13,22,40,0,8,23,14,0,0,8,0,16,0,2,1,0,14,5,0,0,13,0,0,2,0,0,0,0,0,0,0,0,0,5,0,2,6,0,0,0,3,16,0,5,4,0,0,7,0,0,1,1,10,0,7,0,8,3,5,5,20,0,5,37,0,0,0,0,27,0,0,13,11,0,15,14,5,8,0,0,0,14,0,9,0,13,1,0,3,0,0,0,0,6,0,0,3,0,0,14,6,0,0,0,4,0,0,0,26,4,0,10,0,9,0,0,11,0,4,0,1,8,0,0,0,29,0,5,12,0,14,0,0,0,0,0,11,11,0,0,201,89,0,9,0,0,16,10,1,0,0,0,14,0,19,14,23,0,0,0,15,0,0,0,31,0,22,0,225,128,0,20,0,22,0,13,3,3,24,0,3,4,0,0,0,0,1,0,10,11,3,7,123,6,4,16,236,163,0,0,0,15,7,0,0,10,0,5,0,0,13,15,0,19,0,0,0,0,11,14,245,103,0,0,204,161,0,3,7,3,1,16,3,6,25,1,0,0,1,16,9,0,0,0,0,8,0,67,250,67,0,0,232,140,0,0,0,0,0,20,4,2,0,0,0,3,0,33,4,4,16,20,0,25,4,108,255,98,6,0,188,172,0,6,2,0,0,0,1,0,0,0,6,10,0,29,0,15,11,17,19,0,0,134,229,72,0,17,120,234,0,0,3,7,11,6,2,21,0,0,0,2,0,6,0,0,16,4,22,0,0,239,255,55,0,2,127,248,0,11,0,0,0,0,0,10,0,0,0,0,15,15,0,10,0,0,0,0,134,253,255,154,106,109,228,178,3,0,12,26,6,0,0,13,0,23,0,0,0,0,1,8,0,28,4,0,245,243,255,255,242,255,255,137,3,18,0,0,0,7,0,0,0,22,0,0,8,0,0,0,0,4,8,4,243,244,181,86,71,71,221,141,18,0,2,25,0,0,24,15,5,5,3,9,10,0,11,0,0,0,0,3,189,62,0,0,18,34,237,128,10,11,0,12,8,0,10,12,0,0,0,16,20,5,7,0,0,0,0,0,0,7,3,2,3,54,255,151,0,0,0,27,15,0,0,0,0,0,0,0,7,7,4,2,0,0,8,0,0,4,13,10,1,58,255,128,5,0,0,0,6,2,12,1,1,0,22,6,10,15,3,1,0,4,4,10,9,8,0,13,0,56,246,134,0,6,0,0,0,0,0,0,0,6,0,0,0,0,30,3,0,0,0,0,7,4,0,0,0,67,255,93,0,6,12,0,0,23,22,0,0,0,0,0,0,0,0,0,0,21,11,12,0,0,11,0,12,154,255,42,0,0,0,0,15,17,5,0,4,9,0,22,0,0,0,7,0,3,2,7,9,0,5,4,17,128,249,69,17,17,0,7,21,0,2,0,0,0,0,4,0,0,0,0,5,0,0,22,2,0,0,2,0,155,223,28,0,12,0,0,0,0,10,5,22,0,4,0,0,0,0,0,21,15,7,12,0,0,0,7,4,125,99,0,18,17,13,16,0,0,0,9,10,0,0,14,0,0,10,0,0,0,2,0,0,7,5,0,0,1,0,0,12,0,0,4,0,0,7,0,0,0,18,8,12,4,0,0,10,0,0,0,0,9,0,0,2,0,0,0,12,0,0,0,3,6,0,8,6,10,3,25,0,24,14,0,0,10,0,8,15,0,0,9,16,0,9,0,0,0,0,8,0,13,4,0,0,0
22,0,0,0,25,0,0,7,0,21,0,0,0,0,0,4,0,0,13,6,0,6,0,26,0,0,0,0,1,0,2,2,5,0,0,0,0,0,0,0,0,0,2,10,17,0,0,0,32,4,0,17,3,0,8,3,18,2,5,0,0,14,0,0,5,21,0,0,99,181,0,1,0,0,0,0,3,4,0,5,3,0,13,0,7,0,0,0,10,0,16,0,0,8,0,29,252,175,0,0,23,14,8,0,0,0,15,1,7,34,0,16,0,17,0,11,14,0,5,4,0,0,6,202,243,146,0,19,0,0,20,8,0,0,0,27,14,0,0,0,11,0,0,20,11,0,14,21,0,11,160,255,142,26,0,0,2,0,3,8,0,0,19,0,0,10,37,0,0,18,4,8,0,19,10,2,21,90,242,81,2,0,0,0,0,1,8,0,0,27,0,0,0,0,12,0,21,4,0,14,11,0,0,13,19,163,220,22,18,0,0,0,27,0,0,12,29,18,0,0,0,0,0,3,0,29,0,0,0,0,12,0,70,253,69,0,14,0,0,11,0,0,124,239,251,145,0,0,0,0,0,0,12,7,7,0,0,4,19,0,168,198,0,0,0,33,0,0,59,242,255,254,250,255,66,17,0,9,8,15,0,18,16,15,14,0,0,0,230,172,0,0,1,0,0,30,185,252,179,70,216,244,49,0,8,0,1,7,8,10,3,0,19,12,0,59,222,10,0,0,0,12,0,205,255,131,0,7,198,255,0,10,11,1,15,5,14,0,0,0,25,13,0,166,207,0,8,11,0,0,76,252,203,19,6,0,114,255,19,13,6,0,0,23,11,0,18,0,0,0,7,209,143,0,0,10,0,0,165,252,79,22,0,0,189,153,2,0,12,0,2,6,0,0,27,31,7,13,12,212,190,0,5,0,7,7,232,248,19,0,8,33,244,121,0,0,13,0,0,0,13,0,5,0,5,0,0,212,139,0,30,4,5,29,234,217,0,1,25,216,242,24,0,2,9,0,25,4,0,8,9,20,0,1,0,203,187,17,32,0,0,83,254,138,3,22,119,255,168,16,1,0,13,0,0,0,0,0,4,14,0,0,0,203,228,12,13,0,0,89,255,101,0,71,243,255,40,11,0,0,1,10,0,9,4,7,10,10,0,0,0,121,255,137,3,0,14,89,255,166,37,245,232,50,19,2,0,4,18,6,3,29,10,0,36,0,10,3,0,0,183,238,148,16,1,95,255,240,244,235,114,9,0,5,6,0,0,0,16,5,11,0,0,13,0,0,26,0,97,208,255,195,161,226,255,255,241,244,73,0,16,0,0,0,0,0,9,0,5,0,0,18,0,0,0,6,0,37,143,236,250,237,152,154,229,101,11,16,8,0,21,0,0,2,0,0,8,10,0,16,0,0,8,0,0,7,0,10,0,0,0,0,0,0,18,0,17,0,11,0,0,15,1,0,13,2,0,1,0,11,0,0,0,0,8,0,13,0,7,0,0,2,0,0,2,4,0,5,11,4,0,0,0,0,24,21,35,12,31,0,0,4,0,0,13,0,0,0,0,0,6,15,3,0,0,36,5,0,0,0,0,0,4,14,1,0,6,3,0,0,0,30,0,0,0,7,4,0,2,3,1,0,15,0,0,0,0,8,8,14,0,6,28,0,13,13,2,0,0,0,17,9,21,0,18,21,4,9,4,13,17,7,0,0,13,6,2,0,3,0,5,9,0,26,0,8,5,16,7,9,0,4,0,0,2,0,20,0,10,29,25,9,1,16
0,0,13,11,10,0,21,0,0,3,0,0,0,0,0,0,0,0,12,7,0,7,0,0,6,14,9,19,14,11,0,5,0,0,3,10,0,11,3,0,0,0,7,10,18,0,11,0,0,4,5,0,0,0,0,0,0,20,0,5,23,0,1,4,25,0,4,0,0,10,0,0,9,0,9,7,0,0,0,6,0,0,0,7,12,0,2,0,6,0,0,0,6,0,7,0,0,10,13,17,6,21,19,0,0,0,8,0,0,0,2,9,16,0,1,11,22,3,0,0,7,0,7,0,0,0,12,0,15,5,0,0,0,12,0,0,0,13,5,9,0,0,0,7,0,3,6,0,6,0,0,8,3,0,9,3,8,0,0,10,10,175,255,47,18,14,0,4,7,0,2,9,0,0,0,0,17,0,0,9,0,0,0,0,0,0,4,89,149,255,222,14,4,0,0,0,0,0,21,8,0,0,0,0,0,20,16,5,11,2,5,3,7,12,114,242,255,245,42,0,0,0,25,0,0,13,0,0,0,0,11,3,0,57,47,4,0,0,0,10,0,10,206,255,233,96,0,0,13,6,0,0,0,9,0,17,0,0,2,37,175,231,70,4,0,5,0,0,16,69,93,235,182,34,0,0,0,0,0,24,5,12,0,8,14,5,27,246,155,60,8,0,0,0,0,0,0,79,178,217,45,0,5,3,0,25,0,0,22,3,0,0,17,120,147,209,1,21,0,0,6,2,0,7,9,220,236,141,0,0,0,0,0,0,0,0,11,3,9,0,30,251,255,43,3,17,6,16,0,0,0,11,75,218,237,136,15,0,8,0,0,12,0,0,15,13,4,0,42,255,247,71,25,1,0,11,0,11,20,0,36,183,246,92,2,0,0,2,0,0,0,0,0,11,9,15,83,251,252,130,8,0,18,7,19,0,0,61,38,215,213,12,0,0,1,8,0,0,0,0,2,4,1,0,56,255,255,255,191,111,26,23,0,57,78,160,223,255,168,0,0,0,0,0,0,21,0,10,0,22,0,0,0,145,254,249,251,253,255,236,255,255,241,255,255,255,153,0,15,0,16,0,0,0,0,0,2,0,0,9,0,0,128,191,251,255,255,255,240,230,207,255,250,174,51,0,0,6,0,0,7,0,4,0,16,0,0,3,0,0,25,6,21,175,117,2,27,8,0,58,255,189,47,0,6,0,6,0,22,13,0,0,0,0,0,0,13,4,1,6,2,5,1,0,0,16,0,11,190,255,66,19,3,1,9,0,5,26,18,15,0,26,0,7,0,0,5,13,21,16,1,29,7,0,5,130,240,245,72,0,17,0,8,0,0,7,5,0,0,0,0,1,8,11,0,15,0,0,15,19,0,11,0,195,251,228,20,10,0,0,5,0,0,0,16,14,0,0,3,13,18,0,6,6,0,0,0,12,0,7,0,193,198,146,9,8,8,0,15,10,25,5,21,0,0,11,2,0,0,8,0,0,0,18,0,4,0,30,0,230,165,95,0,0,9,0,0,18,15,0,0,0,0,0,9,0,1,7,5,5,18,3,31,10,6,13,0,129,14,16,17,8,1,13,0,8,3,26,0,11,0,7,3,0,0,0,0,0,0,0,0,0,23,0,0,0,0,6,1,0,4,0,0,11,0,0,4,4,0,0,6,18,0,0,0,0,0,0,3,10,23,0,10,0,0,0,22,7,12,18,6,14,17,19,0,5,9,0,22,18,7,0,0,0,0,0,0,3,14,0,3,12,1,0,0,2,0,8,0,0,0,11,0,17
0,0,0,8,25,1,0,7,0,0,23,0,30,0,0,0,0,5,24,9,0,5,0,17,0,17,3,0,1,49,3,0,8,3,14,10,0,0,0,10,12,0,0,14,0,0,0,10,13,0,0,5,0,9,17,0,0,9,0,3,0,0,0,0,1,0,24,0,7,0,0,2,6,13,11,11,0,0,9,0,13,0,18,0,1,0,5,12,0,9,0,0,0,9,0,0,0,8,11,16,17,0,0,0,16,0,10,0,0,0,0,11,4,0,0,0,3,3,0,0,0,0,6,0,0,0,20,0,0,0,0,3,7,7,19,0,0,3,0,7,17,0,0,20,0,0,0,2,53,106,145,153,238,123,255,198,122,54,0,0,0,0,24,3,0,0,20,0,11,16,0,8,1,8,9,55,255,254,202,242,255,255,248,250,239,255,65,23,1,24,0,0,0,0,19,2,0,0,17,0,0,3,22,122,242,250,255,255,255,248,255,255,247,212,244,62,0,0,0,0,7,0,23,8,2,0,0,0,0,0,0,42,114,124,108,125,56,3,149,168,253,254,255,134,0,0,22,0,0,1,0,12,0,0,11,5,6,5,35,0,0,20,0,2,2,0,0,132,255,242,233,151,0,6,0,0,12,17,14,37,25,28,0,0,0,21,7,1,0,7,0,0,87,129,115,208,237,255,255,59,0,0,34,25,11,11,0,16,0,4,0,1,0,0,0,14,10,18,0,139,247,245,255,255,234,255,188,11,8,0,0,0,0,11,0,21,0,22,5,15,4,0,0,22,12,0,63,255,255,255,252,255,255,189,87,13,0,0,12,12,7,0,0,22,0,0,0,7,24,12,6,0,4,113,246,244,250,228,220,244,255,8,0,0,0,8,0,31,0,9,0,0,19,7,7,0,9,0,11,6,0,255,231,244,255,255,221,255,255,219,76,4,0,0,3,0,0,29,0,4,19,0,0,0,6,7,0,0,0,205,234,240,245,255,250,244,254,239,204,0,13,0,0,21,9,21,0,0,6,0,2,3,0,15,0,0,7,6,145,143,149,125,125,255,241,255,247,128,0,0,0,8,14,19,12,13,0,0,0,0,0,0,1,0,0,0,0,0,0,0,0,57,243,255,241,182,0,0,0,6,0,3,0,6,19,3,0,12,10,3,3,0,2,6,0,2,8,5,0,0,255,255,251,233,0,0,3,19,0,18,0,9,4,0,0,0,0,0,15,0,15,0,0,80,31,0,10,1,255,255,249,255,1,12,0,0,0,0,0,0,19,0,4,15,11,0,3,0,0,9,136,255,193,0,64,255,247,255,255,121,2,0,0,0,0,0,0,0,19,0,4,2,16,32,0,0,12,145,223,255,255,184,253,245,238,255,243,0,0,0,0,0,0,0,12,0,3,0,0,0,0,5,0,7,0,0,255,255,255,237,255,255,255,255,133,0,0,0,0,0,0,0,3,0,6,0,3,6,0,0,0,7,0,0,255,250,237,249,255,241,255,63,15,0,10,0,0,0,0,0,13,0,0,3,0,0,1,0,0,0,15,0,0,186,238,255,250,118,57,1,32,0,5,0,9,0,0,0,10,14,0,2,0,0,0,0,4,0,9,0,18,9,0,0,10,0,0,0,1,16,0,9,12,0,29,0,0,0,0,7,4,8,0,18,7,18,15,0,0,0,0,0,22,9,0,0,0,19,16,0,0,7,0,0,0,10,0,0,14,1,0,14,5,0,0,4,0,0,0,0,19,0,30,7,3,0,0,0,5,0,0,19,6,27
4,0,10,6,2,0,2,0,0,4,9,25,0,0,4,1,25,14,0,5,0,0,13,0,12,20,3,0,0,0,0,0,14,0,3,0,8,0,0,0,12,0,13,9,0,0,0,0,0,1,0,6,0,6,11,0,0,17,0,8,0,0,0,12,0,7,6,0,6,0,0,2,4,10,16,1,12,36,0,3,6,0,3,1,0,3,0,5,19,8,5,17,27,5,0,0,17,0,0,12,0,5,3,0,1,2,0,0,7,0,0,0,18,0,0,0,0,0,5,0,0,20,5,0,19,0,13,21,4,8,0,7,7,23,0,0,0,13,0,6,1,0,0,13,24,0,4,0,13,0,0,0,9,7,1,0,8,0,0,0,0,0,0,1,3,1,0,0,5,0,0,18,22,0,0,0,0,0,0,104,212,234,129,65,96,106,95,102,39,12,0,0,2,18,0,3,4,15,27,2,0,17,11,2,0,7,133,255,240,255,255,255,238,255,233,255,255,136,0,0,8,18,9,1,13,6,15,0,17,10,4,25,40,192,238,230,237,237,236,226,204,121,141,193,236,255,167,0,0,0,0,5,0,0,0,19,0,0,0,40,212,255,232,199,129,147,219,10,0,0,0,6,31,169,254,147,18,8,10,0,0,6,0,0,4,0,19,227,244,213,30,0,0,1,0,36,17,0,3,0,0,3,221,244,119,0,21,8,0,10,3,0,0,30,125,255,255,41,0,0,8,0,0,0,0,0,5,1,0,0,81,249,233,0,0,5,17,1,1,13,0,63,255,218,115,13,0,0,6,0,1,0,0,0,0,0,13,30,55,245,255,1,0,0,10,0,0,0,10,202,250,246,11,0,9,13,0,25,0,0,2,0,0,2,18,0,73,239,247,0,8,0,21,10,4,0,0,225,255,133,0,0,0,15,10,0,0,23,12,23,0,9,17,14,71,255,255,14,0,0,0,7,0,0,0,252,240,53,0,0,24,0,6,0,23,0,0,0,0,1,0,4,116,250,195,19,0,0,12,12,0,0,0,244,252,69,0,13,0,0,0,0,0,0,3,0,0,0,0,31,246,255,138,0,0,0,0,0,15,12,0,250,255,61,13,0,0,0,13,0,20,3,0,0,0,0,84,212,255,239,46,2,8,0,0,8,0,33,0,178,255,255,99,0,0,0,3,0,4,4,1,35,124,173,255,255,210,20,0,5,0,10,18,0,0,2,21,37,218,255,255,180,135,93,57,124,137,129,212,255,234,248,244,135,30,9,7,0,0,0,10,0,0,8,0,0,21,173,235,250,255,239,246,238,253,255,255,255,246,123,25,0,10,7,3,0,11,5,13,5,0,2,0,15,9,3,41,182,196,205,199,167,180,179,155,77,52,0,16,3,0,14,11,2,0,0,0,0,19,0,0,2,3,0,5,0,0,0,23,1,13,0,0,12,4,5,2,19,7,0,26,0,0,5,2,4,0,0,0,15,7,0,0,6,0,25,0,0,0,0,0,9,3,0,3,0,12,0,0,0,0,20,0,0,16,0,0,12,19,23,1,0,15,0,0,24,10,2,3,0,0,35,28,3,24,17,0,13,0,3,5,17,0,2,0,9,0,4,26,17,5,0,0,0,0,2,0,19,0,0,0,0,0,0,2,0,21,28,3,15,0,0,0,5,0,0,10,7,26,0,0,24,25,8,0,7,0,2,0,17,0,11,0,0,12,0,12,0,0,11,13,16,0,12,12,4,21,0,10,13,8,3,7,27,10,0,0,0,1,6,0,0,16,0
0,11,0,2,0,8,1,0,4,0,0,5,0,0,13,5,0,17,0,30,0,13,0,13,14,0,1,0,4,0,0,9,0,0,19,3,0,0,0,0,0,0,11,0,0,0,12,0,0,0,0,0,12,0,0,7,0,0,10,0,0,15,3,3,0,0,0,2,0,4,0,29,0,0,1,22,22,0,0,13,0,18,0,0,0,0,0,0,20,0,0,0,6,0,18,0,0,3,4,3,0,0,0,0,0,0,17,0,24,8,0,25,0,22,14,0,1,5,0,9,0,4,9,9,10,4,0,9,14,0,0,2,1,0,4,0,2,9,10,0,42,3,14,0,16,34,0,0,34,0,0,16,5,0,0,21,0,0,16,1,0,1,0,0,9,0,0,0,9,0,0,0,1,12,11,18,0,0,4,3,9,0,4,8,7,0,9,0,7,0,0,0,5,0,0,7,4,0,0,0,0,0,7,0,0,0,10,11,22,57,0,17,10,0,7,0,6,12,3,5,0,0,12,0,0,11,204,241,239,255,236,235,255,234,252,225,220,235,241,191,127,9,0,8,24,5,13,0,6,2,0,5,15,0,206,245,236,243,255,247,238,248,245,255,254,255,255,253,246,252,192,168,88,23,0,0,2,0,9,0,16,6,0,0,6,9,26,3,12,11,108,97,151,98,157,226,255,255,255,240,253,109,0,22,0,0,2,0,2,19,0,16,0,13,19,0,0,6,4,7,0,3,12,4,54,153,238,242,255,231,13,0,22,17,0,0,0,26,0,0,1,11,6,3,0,11,18,4,0,0,0,0,0,0,51,222,255,224,0,7,0,0,0,0,22,3,0,0,0,0,0,6,1,0,32,9,0,0,1,0,14,11,18,222,244,184,0,0,0,2,3,0,0,0,0,0,2,5,0,1,0,18,0,0,0,0,0,18,10,3,124,255,255,89,7,11,0,12,0,18,17,1,19,5,9,24,18,0,0,0,0,28,0,21,6,10,0,19,232,255,181,4,9,12,0,0,15,0,0,4,3,23,0,0,4,0,22,27,0,0,0,0,0,7,37,203,245,246,56,0,0,15,0,0,0,0,2,25,0,0,0,1,0,14,0,11,0,0,6,0,0,23,200,248,238,71,1,0,0,6,6,0,0,15,8,0,7,0,13,2,5,16,0,0,12,0,10,33,4,176,255,245,77,0,0,0,0,29,0,28,6,17,6,0,0,0,0,0,0,2,1,0,0,0,11,0,152,255,221,203,0,21,17,0,0,0,3,9,11,0,24,0,31,0,13,9,8,10,30,8,18,7,0,80,250,240,183,43,0,0,4,1,0,0,5,17,13,0,5,0,0,0,17,0,1,21,1,5,0,9,16,229,255,228,28,0,0,0,21,0,7,17,3,0,0,0,0,4,18,24,0,0,0,7,2,0,0,14,201,238,248,57,0,0,0,0,2,8,4,0,0,7,0,26,16,0,0,7,28,0,2,0,0,0,0,176,247,254,155,7,0,9,0,0,15,6,2,27,8,0,9,0,18,8,2,12,5,2,8,6,0,0,127,236,255,157,4,1,24,0,8,2,0,0,0,0,13,0,0,23,0,0,28,4,3,23,0,13,9,0,174,255,167,40,5,6,0,0,0,7,19,7,22,0,6,4,0,0,0,15,0,0,7,16,0,1,3,0,60,87,0,0,4,5,0,0,0,0,0,0,7,4,0,0,2,13,16,15,0,5,8,17,14,5,1,0,0,8,0,0,3,0,8,0,0,6,19,0,0,0,0,0,0,0
0,0,6,9,0,20,4,7,5,9,12,0,0,17,31,0,4,10,15,2,0,14,11,0,0,0,1,0,9,0,7,0,0,12,0,7,16,15,0,0,0,22,0,14,0,12,16,0,0,11,1,13,32,0,0,5,0,0,1,0,8,5,5,0,2,15,0,0,0,10,0,0,0,0,6,0,0,0,17,10,0,0,0,0,9,9,7,5,9,1,6,0,0,2,5,0,22,4,4,3,28,0,6,0,12,0,29,5,1,0,0,3,1,0,2,0,9,2,27,0,13,0,0,93,239,239,244,255,136,9,6,19,1,19,14,0,0,0,25,0,28,3,33,0,12,0,0,0,17,0,92,248,248,248,250,249,255,255,162,110,74,0,0,0,0,0,5,4,15,0,7,0,0,0,10,0,0,8,209,242,255,248,226,239,255,255,255,253,221,77,0,0,1,0,9,12,0,0,0,0,23,0,9,4,0,133,254,245,243,243,46,58,173,254,244,255,235,242,7,0,0,0,0,0,0,8,0,0,12,17,0,10,100,244,254,239,207,3,0,0,14,53,171,250,254,234,151,12,20,6,0,11,10,3,1,0,8,15,0,70,224,255,242,238,54,0,0,0,24,0,29,201,236,255,222,50,0,12,0,6,10,0,25,0,0,6,54,255,230,250,255,139,18,0,0,23,0,14,0,67,216,255,255,104,26,0,0,0,4,0,1,0,0,13,119,255,253,243,225,55,4,16,0,0,0,0,0,21,151,255,254,104,15,0,0,0,0,8,0,0,29,8,151,255,227,255,53,6,0,7,27,19,0,8,0,6,147,234,236,105,16,18,0,1,13,6,0,2,0,7,146,255,252,175,6,6,12,4,0,0,0,38,23,17,180,247,255,227,0,4,2,0,0,11,13,0,0,0,255,229,243,52,23,22,0,7,5,6,0,0,5,0,150,255,253,255,9,0,0,0,5,7,6,0,10,4,157,255,255,147,2,2,0,0,0,0,0,0,0,0,176,255,240,255,0,11,16,0,9,0,1,0,0,10,194,255,244,141,0,0,18,0,0,22,0,16,0,3,176,237,255,104,0,11,1,3,23,0,0,0,0,0,145,255,247,151,0,4,6,0,18,10,0,0,0,125,245,255,255,118,0,0,0,6,17,0,15,0,13,8,147,255,249,151,0,0,0,3,0,0,0,16,79,255,240,255,255,95,0,6,16,0,0,0,0,0,0,0,35,242,248,224,47,0,17,7,0,0,21,121,255,247,252,244,141,3,0,7,6,12,13,0,2,0,19,0,0,245,251,255,211,43,111,161,148,177,238,255,252,255,241,221,0,16,0,8,0,8,12,4,11,0,0,15,23,103,255,255,245,246,239,255,249,255,248,255,251,236,170,0,0,0,0,6,0,0,0,0,16,2,0,0,2,0,218,252,255,255,246,234,255,224,206,147,174,125,43,0,15,0,0,7,0,21,3,5,0,1,0,0,0,0,31,133,153,234,97,128,115,90,0,0,3,20,0,10,11,17,29,0,24,19,11,9,0,0,0,0,0,15,0,0,11,11,30,6,13,20,9,0,0,0,1,24,0,4,0,3,0,0,0,0,0,3,0,28,12,24,0,0,11,3,6,0,0,0,0,16,16,0,7,5,0,0,0,0,5,3,0,0,0,0,0,0,9,7,2,0,5,0,0,9,0,0,0,2,29,0,12,0,0,0,19,0,0,15,0,5,5,0,27,0,0,0,29,0,0,0,0,6,0,0,0,7,5,0,22,1,8,11,0,0,13,0
0,0,2,0,32,0,32,5,16,0,3,0,4,0,39,11,0,2,5,0,0,0,0,7,15,0,0,0,25,0,0,0,0,0,8,19,24,0,0,0,0,11,0,8,17,7,4,0,16,0,16,9,0,5,6,5,3,0,0,0,0,0,6,0,0,5,0,0,0,5,0,0,6,1,0,0,0,0,8,12,0,4,0,0,0,2,0,0,0,6,2,0,11,0,0,0,9,0,0,6,0,0,0,0,9,7,0,25,14,0,0,8,0,0,0,0,3,0,0,26,135,251,255,255,255,240,255,237,221,125,21,0,10,24,2,4,0,0,0,0,11,0,0,12,2,12,19,244,255,251,243,255,246,150,206,234,219,255,218,70,0,9,18,0,0,0,2,0,0,0,0,0,0,13,31,225,244,252,255,174,33,9,9,0,39,145,245,178,19,0,0,2,0,4,0,0,0,10,0,13,5,0,0,75,186,192,51,20,7,15,21,9,0,32,134,255,168,14,0,0,0,0,0,0,0,19,7,6,0,0,2,0,0,0,0,0,0,14,0,2,0,11,7,194,233,114,0,19,0,0,0,6,24,12,0,2,0,5,11,11,3,0,15,15,6,0,15,5,10,12,2,113,255,181,3,4,3,8,0,4,0,0,11,7,0,0,0,0,0,16,6,0,0,25,0,19,0,11,0,39,255,163,3,2,0,8,1,8,0,14,3,0,0,20,3,0,0,2,4,10,0,1,12,18,3,27,6,56,255,172,4,8,0,9,0,4,2,0,1,0,0,6,0,0,11,0,19,0,0,6,20,17,0,9,0,115,234,167,4,0,4,0,0,0,0,0,1,1,0,0,14,0,0,0,11,0,0,0,0,19,13,8,28,165,244,85,0,0,0,0,0,3,0,16,22,18,8,0,5,7,0,12,0,16,1,0,20,0,0,13,0,190,208,22,7,0,0,0,25,7,0,4,0,0,0,4,8,1,0,0,9,0,11,31,0,16,0,6,104,250,193,12,15,18,7,1,0,7,13,0,3,2,0,6,13,28,17,17,0,0,1,0,0,2,0,1,243,252,88,0,0,0,0,5,0,4,0,0,0,0,0,0,0,15,41,134,25,0,0,0,3,0,0,178,255,147,2,3,1,6,3,30,6,11,0,0,0,8,11,0,42,169,255,255,250,208,164,134,21,0,114,247,234,47,7,10,28,0,11,1,1,10,0,0,9,6,7,21,193,255,204,102,207,200,245,239,194,172,241,247,95,0,0,0,0,0,0,14,1,0,0,2,0,12,2,31,255,213,15,4,0,25,82,222,246,232,255,247,0,12,0,8,13,7,0,0,0,0,0,12,1,0,0,45,242,244,108,14,29,49,152,232,230,246,255,255,125,23,0,0,6,19,6,4,11,0,0,7,0,7,7,16,181,249,255,229,241,228,255,255,226,41,97,246,255,126,18,0,11,5,6,0,0,3,0,6,5,4,9,15,2,45,227,246,255,243,232,107,23,0,0,67,249,247,107,0,0,0,0,0,1,0,0,0,2,0,16,6,0,19,18,5,1,8,0,16,11,8,0,0,0,12,0,14,14,26,9,0,3,11,0,0,12,13,12,8,1,0,13,0,5,11,1,0,0,3,8,0,27,1,19,0,20,5,20,7,0,6,2,0,22,0,0,1,0,3,0,2,0,8,4,0,0,0,0,0,7,6,26,8,0,28,0,3,0,17,0,1,3,0,0,0,4,0,11,5,17,0,10,0,0,0,5,13,4,0,25,9,0,16,0,0,0,0
3,16,4,0,9,0,0,6,0,0,13,2,2,0,4,11,0,1,0,0,5,3,15,15,20,11,0,0,0,12,1,0,0,0,13,9,12,0,0,0,5,0,7,0,0,0,0,8,0,0,0,10,0,0,1,18,15,0,0,0,0,0,0,0,2,3,1,0,8,5,0,0,0,8,14,0,0,16,0,6,5,13,12,0,19,0,12,14,0,6,0,10,0,0,5,15,0,0,18,3,0,0,0,0,8,0,23,4,8,0,0,0,0,0,0,0,0,0,2,0,0,0,0,0,0,0,0,0,5,11,0,9,0,0,7,5,9,0,9,0,9,0,7,0,7,23,0,4,0,2,33,23,0,0,9,9,9,14,0,0,8,4,0,0,0,0,8,8,0,0,0,10,0,0,0,0,2,0,0,0,48,145,216,255,210,250,255,134,0,7,8,0,29,0,0,0,0,0,18,0,0,10,10,0,0,0,15,31,223,251,246,241,255,255,255,203,36,0,0,8,0,15,0,0,0,0,0,11,0,0,0,0,0,7,0,201,255,255,255,255,236,255,240,255,158,10,2,20,8,16,13,5,7,0,0,0,0,0,20,0,0,0,72,253,255,237,156,26,31,165,220,251,155,14,0,0,0,0,0,17,1,2,8,0,37,6,0,2,0,0,190,255,255,221,60,0,0,207,255,255,214,20,11,0,4,3,0,0,20,2,9,32,19,0,0,0,0,0,52,255,225,252,74,136,177,255,255,250,121,3,3,6,0,4,3,0,0,0,0,13,8,1,3,0,13,8,7,172,255,255,254,255,235,255,245,246,62,0,0,0,15,0,0,3,6,0,0,0,10,9,13,0,18,15,0,14,74,215,255,255,246,246,255,197,0,18,0,0,11,0,13,1,0,7,0,0,0,11,0,3,0,18,8,0,0,96,236,249,238,244,213,95,0,8,16,5,1,1,15,0,0,0,0,0,0,3,0,6,0,0,0,0,0,134,240,254,237,255,31,6,21,4,10,0,0,0,0,0,9,12,0,0,0,0,0,0,2,17,10,4,83,255,255,242,254,168,10,0,0,3,13,6,15,15,0,0,0,5,0,0,0,29,5,16,20,0,4,107,227,248,255,141,106,22,3,0,0,0,0,3,0,4,0,8,0,0,0,18,0,22,0,0,20,0,102,255,255,247,244,26,0,2,5,0,14,0,0,0,4,23,24,0,7,0,11,0,3,30,6,10,0,106,229,255,244,255,141,0,0,12,14,0,11,0,0,9,0,0,0,9,0,0,12,0,16,16,10,0,47,217,252,255,255,202,39,29,0,5,0,20,13,0,1,0,0,18,14,9,0,0,21,28,1,7,0,8,188,231,250,255,189,17,3,2,5,0,11,1,0,28,0,2,0,24,0,0,0,1,0,0,8,0,9,86,255,251,254,238,97,0,0,0,0,2,6,3,7,0,3,0,0,0,3,0,0,0,0,11,17,16,47,226,244,249,254,129,0,0,0,11,4,31,0,0,2,29,6,18,0,0,0,0,0,0,0,0,7,0,16,208,255,255,184,12,0,0,0,9,0,5,9,0,0,5,0,0,0,10,0,2,0,11,0,0,0,0,1,167,255,233,8,12,0,0,0,0,0,10,0,0,0,0,9,0,0,0,0,0,0,0,31,0,12,0,0,0,0,8,28,0,9,0,0,0,10,0,8,0,1,11,12,20,0,0,0,0,0,7,0,2,0,0,34,0,0,0,0,0,15,0,0,7,19,0,3,0,5,10,4,0,0,2,0,0
11,2,8,0,0,22,0,0,0,0,10,0,8,13,2,5,0,10,4,0,9,12,0,0,1,14,0,7,10,2,0,12,0,0,7,6,2,0,3,15,0,0,0,0,0,0,8,5,16,9,0,1,14,0,4,22,0,0,0,6,0,0,17,0,0,0,4,0,3,6,0,3,0,0,0,0,0,31,10,9,20,0,0,0,14,6,13,0,0,0,7,0,0,5,13,0,10,0,4,17,21,0,0,9,0,20,0,3,19,0,0,0,16,0,0,0,0,2,0,0,20,12,0,25,0,7,0,6,21,0,11,0,0,0,0,23,0,0,0,0,35,0,3,0,0,0,0,0,24,0,9,4,11,203,251,130,0,0,0,0,0,0,14,8,7,2,6,17,13,0,9,0,0,0,1,0,9,8,14,20,39,239,255,147,12,0,0,0,12,0,0,0,6,0,7,0,0,0,34,0,13,8,0,0,0,0,14,7,64,251,246,155,8,13,0,6,0,5,2,0,0,8,0,19,8,16,0,8,0,0,0,0,0,0,12,0,166,255,252,171,0,7,10,0,0,17,8,15,14,0,0,0,18,0,2,6,19,5,0,0,2,0,0,0,175,255,249,154,6,20,0,1,1,19,0,0,22,9,15,20,0,3,0,0,11,0,0,4,0,6,0,15,155,250,242,160,0,0,0,0,4,9,0,0,0,2,0,0,0,0,8,11,0,0,0,0,0,0,0,0,163,250,251,151,0,19,3,21,4,0,7,0,0,0,0,7,0,0,0,18,1,26,0,15,3,17,12,0,149,252,245,150,14,0,16,6,0,2,0,0,1,0,0,0,0,0,0,2,10,6,12,21,0,0,0,9,68,234,239,240,3,1,6,11,0,0,0,23,2,0,2,0,11,0,21,22,0,5,0,3,0,0,2,0,40,243,250,255,35,3,20,0,0,0,2,10,19,14,0,3,12,0,35,33,1,0,18,0,0,0,0,0,80,255,255,237,23,3,13,8,0,0,0,5,0,0,18,0,11,21,7,6,3,0,0,9,9,6,3,2,28,249,243,253,11,0,0,1,0,4,0,4,0,0,1,0,4,0,0,10,0,2,0,16,0,0,16,13,34,255,255,240,16,8,18,0,2,15,7,5,26,0,5,21,20,7,10,7,0,4,0,0,0,7,18,8,59,251,255,190,16,0,7,5,6,14,5,0,0,14,1,22,14,14,3,0,0,0,0,16,9,5,0,0,32,230,255,143,17,0,0,0,17,0,2,18,0,15,1,0,0,1,0,11,15,0,3,12,0,0,0,3,67,255,239,160,0,0,0,0,10,20,1,22,16,0,0,9,0,0,0,16,0,2,2,0,0,0,0,17,199,255,255,65,0,0,0,2,0,0,0,0,0,0,0,2,14,4,0,0,8,0,7,15,0,0,13,15,151,244,198,2,0,13,0,0,0,0,0,4,25,1,0,0,19,4,0,27,0,0,0,0,18,11,0,30,228,255,194,3,1,5,0,0,21,0,0,6,11,4,0,0,19,0,27,0,0,7,2,0,12,13,20,0,110,184,152,3,0,2,0,0,0,0,10,0,10,0,0,4,0,0,0,10,0,3,0,15,4,0,16,0,0,0,18,4,8,0,0,17,0,0,0,0,4,0,19,7,0,9,5,0,0,11,0,9,0,14,0,12,11,23,13,13,0,0,2,0,14,26,8,0,0,6,10,18,0,19,15,3,0,0,9,4,0,9,7,0,6,0,0,3,0,0,0,12,5,6,0,0,16,20,0,0
2,0,2,0,0,25,0,0,0,0,4,3,9,0,0,24,17,3,0,0,0,1,16,0,0,5,0,12,3,0,1,21,0,0,14,7,0,23,0,9,15,23,15,0,3,9,0,0,3,0,0,0,0,5,0,12,0,0,0,0,0,0,15,1,12,0,0,0,0,11,8,3,17,0,3,0,0,10,20,0,0,6,8,14,12,4,10,0,6,4,0,0,0,8,8,2,12,0,0,21,1,0,0,0,2,14,0,9,12,13,0,4,0,0,18,15,0,43,0,10,0,0,2,0,0,12,2,0,9,0,0,3,0,7,0,2,5,0,15,13,4,3,0,1,0,24,20,0,0,0,5,0,30,0,8,17,0,1,0,0,0,0,0,21,2,0,10,8,1,0,6,0,0,0,3,0,0,0,18,9,0,0,0,0,21,0,9,10,0,0,0,0,3,12,7,0,0,0,0,7,0,0,0,0,15,0,9,18,13,1,0,0,0,25,229,221,42,0,24,0,16,1,0,12,25,11,0,9,3,22,19,23,0,0,13,19,33,29,43,28,43,222,246,255,38,17,15,0,5,1,11,0,5,15,0,16,141,255,238,212,64,122,162,211,255,215,255,240,246,252,255,167,12,0,16,26,0,0,17,0,0,0,0,0,99,195,211,197,235,225,250,255,255,255,246,255,255,255,173,0,0,12,0,0,0,0,0,0,3,0,0,6,0,4,19,0,35,57,90,65,80,81,76,145,255,221,45,0,12,0,0,27,0,0,7,2,0,0,0,9,25,23,4,16,7,0,16,14,20,0,9,166,246,95,16,1,5,0,0,21,0,0,16,0,0,0,0,0,5,19,10,0,31,0,8,4,0,0,126,235,231,61,17,0,1,5,0,0,0,0,0,0,0,0,0,0,7,0,0,0,17,0,7,5,5,4,139,254,217,51,0,0,0,6,7,0,19,0,1,0,5,0,0,0,0,8,5,0,0,0,87,107,117,134,195,239,241,141,99,122,187,92,14,0,0,0,0,5,3,0,0,0,0,0,0,9,4,73,247,253,255,255,255,246,255,255,254,245,242,94,29,15,0,3,0,11,3,0,0,0,3,0,0,0,0,0,120,236,242,246,255,255,240,195,155,77,12,4,0,0,0,16,0,23,17,0,14,0,9,1,0,33,0,0,4,0,0,0,255,236,79,15,5,0,0,7,2,0,15,9,0,0,13,4,11,6,0,0,0,14,0,33,0,0,13,13,252,193,0,0,0,0,0,0,0,0,0,0,5,0,3,1,14,13,0,0,0,0,0,8,9,0,14,92,246,227,0,0,1,8,0,0,0,2,0,19,3,3,4,0,0,6,22,30,0,12,5,0,7,0,26,167,255,218,0,0,25,0,0,0,24,0,7,0,0,0,8,13,0,0,0,11,19,0,7,2,2,17,0,216,255,167,3,0,0,9,0,0,13,21,8,0,0,1,0,13,0,0,0,0,14,0,0,9,0,13,22,255,255,104,0,31,15,0,25,0,0,4,3,0,13,0,24,31,29,0,0,34,0,0,0,22,0,0,9,244,249,81,15,2,0,0,0,0,12,15,0,0,0,0,0,0,0,0,22,0,0,3,26,0,0,0,0,255,255,111,0,0,0,18,23,35,0,0,30,37,4,15,0,0,0,0,0,21,13,13,0,10,0,16,8,107,229,66,0,26,4,0,0,0,12,1,7,0,15,5,9,15,2,0,28,0,2,0,15,18,8,5,1,1,0,11,0,0,0,8,0,10,0,5,8,2,0,1
0,0,12,0,0,0,11,0,0,0,0,14,9,1,0,0,0,9,0,7,0,7,9,0,3,0,15,0,0,5,18,0,6,0,1,1,0,11,12,0,3,0,14,0,14,3,0,5,0,0,0,0,5,0,21,0,0,24,0,0,1,0,0,6,3,6,0,0,0,0,0,12,1,3,11,0,0,0,0,13,0,6,15,0,15,10,0,10,14,16,0,34,4,0,16,0,1,17,5,0,0,13,2,0,18,0,5,1,0,14,13,0,10,5,12,4,0,0,0,0,23,0,6,0,48,164,219,255,152,0,6,0,13,0,0,2,16,0,0,0,17,0,0,0,19,12,10,13,0,0,0,81,225,209,245,255,246,54,0,3,3,11,9,0,0,17,0,0,1,16,0,4,0,5,0,0,14,0,50,243,222,72,15,119,251,144,0,7,0,6,0,0,0,13,14,0,2,0,3,20,2,12,19,0,5,30,172,194,0,0,0,28,223,106,0,20,23,12,0,4,0,9,0,0,0,0,12,4,0,3,4,1,14,0,75,88,1,11,0,32,236,101,0,7,17,0,0,0,0,0,0,0,0,5,22,0,0,0,0,0,13,0,18,1,0,8,0,156,232,67,6,0,0,0,0,0,0,0,24,4,10,2,0,0,3,7,13,0,0,21,2,1,0,26,222,236,141,2,0,5,29,0,0,7,15,0,0,0,23,0,11,7,10,0,16,8,10,4,1,16,46,209,255,170,27,0,11,15,2,5,0,13,0,11,0,0,7,6,11,0,20,0,0,6,0,0,0,133,250,255,220,35,0,0,12,5,0,30,0,14,0,0,0,4,0,0,0,20,1,15,8,20,11,17,146,253,235,227,246,186,0,16,0,4,0,0,29,0,3,0,0,15,0,0,0,0,0,0,8,11,11,0,45,219,233,180,203,169,161,144,0,3,19,0,9,0,0,0,0,2,6,12,0,0,0,0,0,0,23,0,4,22,0,0,9,35,228,236,171,31,0,6,2,2,2,3,29,9,0,0,0,0,5,0,1,0,16,0,15,14,1,5,1,5,9,150,252,147,18,9,5,0,2,6,20,11,0,0,0,0,27,16,11,0,2,3,0,0,4,0,3,0,0,23,214,180,36,6,0,7,10,0,0,14,0,3,3,0,0,4,16,0,2,0,0,5,4,0,0,0,19,12,187,235,7,0,7,15,4,0,10,0,1,5,15,0,23,0,6,0,0,2,5,0,0,10,0,0,13,71,255,147,5,0,0,8,22,0,0,32,0,0,4,10,6,5,0,0,62,0,0,0,0,0,6,20,87,184,238,19,0,0,0,0,0,0,0,27,0,0,0,0,6,0,4,17,161,113,27,0,0,0,0,154,244,249,157,0,12,8,0,0,0,0,0,0,0,0,22,0,16,0,7,39,244,213,16,18,33,92,203,249,253,195,0,9,15,0,11,0,9,0,9,26,19,0,0,0,0,0,0,10,199,255,242,255,255,255,250,243,57,0,0,28,12,0,0,0,0,0,0,4,0,8,4,0,40,3,24,11,7,6,0,7,0,2,23,0,10,6,0,0,0,0,0,12,0,0,16,18,0,0,29,0,0,6,6,0,9,0,0,8,0,0,4,0,20,16,0,9,12,0,13,4,0,0,7,8,3,0,11,6,7,0,0,0,0,0,7,1,8,0,10,0,4,28,0,13,0,15,1,19,16,0,14,26,0,0,0,23,0,7,6,8,0,0,0,3,0,18,10,17,4,0,24,6,0,0,12,10,0,0,7,0
13,0,0,5,6,0,19,0,0,0,0,0,5,0,0,12,1,10,27,13,0,0,0,1,14,0,0,13,0,0,0,3,0,5,0,0,0,3,0,30,0,3,27,0,3,0,11,2,3,0,0,0,16,0,2,0,0,7,0,18,0,0,7,0,0,0,13,0,0,12,0,0,8,16,3,8,14,0,5,0,5,16,0,0,2,0,0,2,4,0,20,21,0,12,0,0,0,5,0,0,0,0,6,0,0,0,0,4,24,0,12,0,0,0,0,0,16,12,2,12,0,12,0,13,13,1,0,0,3,0,11,12,15,8,9,0,7,0,0,0,0,0,0,0,0,0,0,0,9,0,0,10,10,0,0,4,17,0,0,0,4,0,3,0,0,4,1,0,1,6,14,13,13,0,15,0,0,3,6,0,13,11,17,0,0,11,0,0,0,0,0,0,0,0,14,0,11,0,0,1,0,29,0,3,10,0,25,149,148,144,137,60,0,4,7,0,9,12,3,0,0,10,0,5,4,3,3,0,0,5,0,53,108,173,255,255,253,247,255,255,201,78,0,8,11,4,22,12,0,0,4,24,10,8,0,10,0,0,94,219,244,240,167,41,35,24,55,118,255,250,155,16,17,17,0,0,9,0,0,10,0,0,0,0,15,29,244,231,104,14,0,0,10,14,0,7,92,255,241,37,0,15,4,8,0,0,0,2,0,2,0,0,10,242,255,128,5,0,0,8,0,17,6,0,0,206,243,73,13,0,5,15,0,0,17,17,0,0,0,0,8,247,255,134,0,0,26,0,0,0,6,4,0,192,247,84,0,0,6,0,0,19,8,8,0,15,0,15,0,121,49,10,2,0,0,0,15,2,5,0,24,251,235,17,0,0,7,3,0,0,23,0,0,0,0,0,31,1,19,10,0,20,0,10,0,23,2,0,128,241,145,6,1,1,0,0,0,4,0,0,0,0,0,4,1,1,0,17,24,0,12,4,0,0,0,114,222,137,0,21,1,6,0,0,0,0,0,0,0,3,0,23,0,7,0,0,0,1,4,0,30,0,61,251,198,23,1,11,9,2,0,0,6,0,7,0,0,0,0,0,0,24,0,0,4,5,0,0,0,120,226,178,24,0,0,11,6,7,3,13,0,0,6,7,1,0,0,6,5,0,22,0,10,13,7,23,188,252,190,0,0,0,0,0,0,14,0,5,0,0,0,0,0,0,0,2,0,0,22,6,0,32,0,204,246,199,65,0,24,0,0,10,6,0,0,15,47,0,0,6,0,0,0,0,32,28,0,0,26,18,152,248,255,255,239,242,230,238,234,217,212,192,104,227,249,15,1,5,0,3,7,3,0,0,0,16,0,63,254,114,104,56,102,82,77,139,153,160,109,219,134,221,236,9,25,3,0,21,0,9,12,0,0,0,39,2,33,16,0,4,0,0,0,12,4,0,0,27,0,6,46,13,4,20,0,0,0,0,0,1,0,0,7,0,0,13,0,0,19,0,20,6,0,9,0,16,0,20,0,13,12,0,0,5,6,0,0,0,7,0,4,1,9,10,1,0,0,0,13,16,0,0,0,21,15,20,0,0,0,11,0,0,38,0,0,10,0,3,9,0,0,0,0,0,0,0,0,0,0,0,2,0,0,0,3,0,0,11,10,0,29,14,6,0,9,11,0,25,0,2,8,0,0,0,7,2,10,0,9,0,0,5,0,6,10,25,15,10,2,0,0,30,0,1,0,0,0,26,17,12,0,0,0,0,0,3,3,0,2,0,0,0,19,10
0,0,0,0,0,17,0,10,0,0,0,0,12,7,4,5,0,4,0,18,0,0,0,14,0,0,9,0,5,19,0,13,2,0,5,4,0,0,31,4,7,2,0,0,0,8,0,0,25,2,0,0,0,0,11,0,0,0,0,24,12,12,13,0,0,8,35,0,15,0,14,8,17,22,0,14,0,0,10,0,0,26,0,13,6,0,21,11,9,0,0,0,9,9,0,10,0,6,0,5,25,25,0,3,12,10,15,3,0,0,5,0,12,4,10,1,6,0,0,0,10,0,4,0,0,39,23,0,0,20,0,0,0,0,0,0,0,0,0,0,13,15,9,0,0,24,2,0,18,0,0,5,0,0,19,0,0,16,6,0,0,25,3,11,0,0,0,10,0,0,0,8,0,16,0,0,0,0,0,0,9,0,0,47,213,255,120,20,2,16,1,0,9,0,0,0,4,12,0,0,13,0,6,0,0,0,1,6,0,0,52,232,255,252,255,18,17,3,31,0,18,0,33,1,15,0,0,0,11,3,0,0,0,0,0,7,0,0,242,255,205,162,255,36,0,15,0,0,20,9,0,0,0,5,3,0,7,0,0,13,21,0,0,0,44,190,249,178,6,27,254,124,0,0,9,3,22,12,19,0,19,20,0,0,0,11,43,1,0,0,10,65,202,255,69,20,6,65,244,138,0,0,9,0,5,0,30,0,0,0,12,17,0,21,0,25,0,0,49,247,255,142,23,9,111,224,255,186,15,0,17,0,37,26,0,0,19,6,18,0,11,21,0,5,11,10,221,223,152,61,164,229,244,246,242,68,1,0,0,0,7,0,4,0,0,3,0,0,6,0,8,0,0,35,255,246,200,247,247,255,254,255,205,9,8,15,0,0,8,4,0,2,0,0,16,7,11,1,15,0,0,0,218,244,238,254,239,255,224,187,9,0,23,14,2,27,0,14,0,0,0,9,0,0,0,1,0,0,1,2,61,86,69,40,255,221,135,6,14,0,0,0,0,0,0,10,0,18,10,16,5,0,2,3,9,21,20,0,0,17,0,144,255,146,3,13,14,17,0,6,0,0,0,0,4,7,0,0,0,4,3,0,6,0,0,0,0,0,62,249,255,47,8,0,8,0,22,2,15,10,18,0,0,4,0,0,1,0,10,0,0,1,3,2,17,6,151,229,224,9,8,0,1,0,0,5,0,22,21,0,0,0,0,12,1,0,9,0,0,3,0,11,13,35,255,249,71,0,0,0,12,0,0,0,0,0,8,14,0,17,0,0,0,12,0,0,0,0,19,3,8,169,235,241,2,16,0,0,7,0,20,0,11,0,0,0,3,0,0,2,16,0,2,0,0,4,0,0,0,202,255,99,0,22,37,9,0,0,2,18,18,1,0,0,4,21,0,0,0,8,15,0,0,0,0,15,40,249,253,27,0,4,8,12,10,23,1,0,20,24,17,0,3,0,0,0,18,7,0,3,0,3,0,0,116,243,238,32,105,51,0,4,8,12,11,0,17,0,0,1,0,9,0,5,0,0,0,0,0,16,0,0,36,255,249,255,235,62,0,0,8,0,0,27,0,0,12,23,3,3,22,0,0,0,0,5,0,14,4,0,0,151,241,212,73,0,0,15,0,17,2,13,0,0,19,0,0,8,27,0,6,0,10,0,0,14,22,4,18,10,0,4,4,0,14,8,20,6,0,22,8,15,0,0,9,0,17,0,14,4,6,5,0,0,19,0,19,0,0,0,0,13,0,11,1,0,4,0,0,0,12,4,1,0
28,0,0,8,1,0,4,0,1,0,0,3,3,4,14,0,0,0,0,0,0,7,25,0,0,0,17,0,2,0,0,0,0,6,0,0,8,9,2,0,1,0,21,0,0,0,17,0,0,0,0,9,0,0,0,18,0,0,8,0,0,23,24,7,0,4,0,0,2,0,0,16,0,26,0,1,0,0,4,3,0,10,0,17,0,7,3,4,3,2,0,0,0,0,3,0,0,0,21,0,0,0,18,0,5,0,0,0,0,0,0,0,19,4,5,5,0,0,31,2,5,1,12,0,0,6,15,0,11,0,0,0,2,0,0,0,7,0,2,0,4,0,3,20,3,6,0,0,0,0,0,17,29,4,0,0,20,19,0,12,0,7,16,0,0,11,4,0,5,8,0,5,5,0,0,0,10,0,4,0,9,2,0,0,0,0,3,19,3,0,7,14,0,0,2,11,14,0,9,18,11,0,0,0,0,7,11,0,0,23,132,200,243,254,251,255,255,167,0,5,0,0,24,0,10,0,26,13,0,7,3,91,149,218,217,238,229,225,233,251,255,255,254,255,238,228,50,0,0,0,0,0,9,0,26,0,5,26,202,221,255,255,241,244,255,255,239,255,246,255,255,236,255,236,98,0,0,0,0,21,7,9,2,12,0,90,255,250,255,255,240,240,255,252,254,255,255,255,255,231,255,237,36,2,16,6,11,10,0,11,0,0,24,67,235,255,255,245,255,250,255,235,207,213,140,250,255,251,215,224,0,15,0,1,2,0,0,3,0,10,0,0,100,112,217,139,106,95,117,70,0,5,13,255,253,233,240,196,1,21,0,0,18,0,12,0,0,0,0,0,1,0,0,0,23,2,13,0,7,94,200,234,241,239,255,140,2,11,0,16,0,0,11,0,3,0,0,16,0,0,5,0,0,0,22,11,33,190,249,252,243,242,146,3,5,7,0,5,16,0,0,2,3,0,18,8,0,5,16,0,11,16,6,0,210,255,255,255,255,255,55,0,17,0,0,0,9,25,0,0,11,0,0,2,9,1,6,10,0,12,34,202,254,247,255,243,232,135,2,0,16,4,0,2,0,0,0,0,0,0,0,0,0,7,0,0,6,14,191,248,254,255,214,223,47,0,9,0,16,11,6,5,4,1,15,0,0,14,17,11,0,14,5,0,12,96,225,242,245,255,249,68,13,3,0,0,0,6,0,0,19,0,23,0,12,23,17,14,2,8,5,0,151,255,241,237,255,255,165,4,18,0,0,4,2,1,25,10,1,0,14,6,0,21,3,0,15,16,0,75,255,255,255,239,244,90,19,0,0,2,3,0,9,0,0,3,0,0,4,0,0,10,7,11,14,0,76,238,244,244,255,248,139,0,0,0,15,0,0,1,0,0,0,0,19,0,11,3,27,7,0,13,0,80,242,255,250,255,255,206,4,17,0,0,16,0,25,0,0,13,0,10,0,0,0,4,0,12,2,2,5,178,245,255,250,255,234,76,0,2,0,0,14,2,2,0,0,11,1,0,23,7,6,0,0,0,16,0,6,78,235,255,240,255,225,47,14,0,0,19,4,25,0,0,0,0,0,21,0,21,16,7,4,0,21,0,0,2,157,243,244,246,98,3,19,0,0,0,0,0,0,0,14,15,0,4,0,1,0,0,0,0,22,0,0,8,11,128,249,124,0,17,0,0,0,21,9,8,0,26,0,0,3,5,5,9,8,13,0,15,0,0,11,3,17,28,15,0,37,0,0,0,0,9,0,13,6,0,14,15,8,19,4,0
0,13,0,0,3,0,10,0,0,9,11,0,0,0,0,0,0,20,0,0,8,0,0,0,0,0,2,0,0,26,6,7,4,0,2,0,0,0,0,1,0,0,0,12,0,8,0,0,5,0,8,6,11,24,18,0,0,17,0,0,8,21,7,0,5,27,10,8,4,4,0,5,1,0,0,2,8,0,0,15,0,5,8,13,0,0,0,16,6,0,15,0,0,9,0,14,10,0,11,9,0,30,0,10,10,8,0,4,2,0,18,12,0,0,0,0,1,9,18,0,0,0,3,5,0,0,2,0,0,0,6,0,0,0,0,9,14,0,8,8,1,18,0,0,0,0,1,22,0,8,11,9,7,0,2,10,0,0,0,9,27,20,0,0,0,7,0,0,0,5,0,14,31,0,0,23,8,0,2,32,0,1,0,18,15,0,0,3,9,0,0,0,0,0,0,0,0,8,4,1,0,0,1,1,0,148,185,32,20,2,27,95,224,37,0,2,3,0,0,5,0,0,6,6,7,8,0,3,0,21,28,0,10,255,241,251,205,208,206,255,244,168,18,0,0,4,0,0,17,0,0,4,0,9,32,4,4,0,9,16,25,255,255,255,241,255,253,244,243,228,37,0,6,0,0,10,0,4,8,0,0,4,0,0,5,23,0,0,79,255,241,105,135,230,253,245,239,221,40,9,0,0,0,15,0,3,0,15,15,0,17,5,0,22,0,0,131,238,229,2,0,16,51,45,229,248,38,3,17,10,0,14,0,15,0,0,28,0,0,11,0,0,0,0,138,252,255,40,22,12,0,3,241,223,67,0,0,32,0,0,0,0,0,18,0,0,0,19,5,0,0,0,93,249,255,26,0,36,0,3,250,252,150,10,0,5,24,0,0,0,0,0,0,4,0,10,0,0,0,0,98,247,254,7,0,19,13,15,242,249,167,0,14,0,0,0,0,6,14,0,0,3,0,0,0,0,0,0,75,213,255,41,11,0,7,7,224,245,147,0,19,18,6,1,7,2,0,0,2,0,10,11,0,0,18,30,1,52,150,26,0,0,0,0,250,239,128,10,2,8,18,10,19,0,26,11,8,0,0,9,4,0,5,0,0,4,3,9,0,0,0,0,235,253,133,0,0,12,0,5,12,18,0,0,0,0,0,0,0,3,0,5,1,0,8,6,10,0,0,14,234,245,144,0,7,0,3,0,0,2,0,16,2,0,5,7,0,0,7,2,0,0,0,0,0,21,0,2,224,242,157,0,5,7,0,0,22,0,19,0,0,0,9,0,9,0,0,0,8,17,13,0,21,0,0,7,234,255,150,0,0,22,14,0,0,0,0,0,0,0,0,2,21,4,8,7,5,0,7,3,1,14,9,0,212,226,147,0,0,0,11,0,16,0,0,0,0,6,5,0,5,4,0,2,0,4,5,0,0,8,0,23,255,253,206,3,0,7,8,1,2,3,0,0,7,4,0,0,0,8,0,11,6,18,19,0,9,0,1,17,234,241,247,4,20,0,4,10,0,0,0,0,0,3,2,18,30,0,6,0,6,7,13,2,0,14,25,19,243,251,254,12,9,0,0,0,0,7,0,0,1,4,8,0,0,0,10,22,0,0,0,0,4,0,8,13,229,254,255,0,0,0,0,0,13,21,0,25,0,0,0,0,8,8,0,8,0,0,6,5,0,0,4,0,42,215,197,1,0,0,10,0,0,0,0,0,9,2,0,6,9,13,0,0,0,0,17,0,2,0,3,0,0,0,8,0,26,8,3,22,0,10,19,4
0,0,2,19,1,3,4,0,5,0,0,14,0,0,4,0,1,18,0,4,0,0,10,5,8,7,0,12,0,0,12,0,0,2,7,0,0,15,2,0,0,17,18,18,9,5,0,10,0,1,0,12,7,0,9,19,0,0,0,20,51,6,0,8,0,0,20,20,18,0,0,0,14,0,0,0,4,0,0,26,0,16,0,10,6,0,0,2,0,0,0,0,0,10,0,0,7,21,10,63,172,135,9,0,0,0,0,7,0,0,0,0,0,0,0,15,9,0,0,1,22,0,0,0,16,78,215,255,255,239,5,2,0,0,8,4,1,1,0,14,0,0,4,1,0,10,16,0,11,0,3,0,102,223,255,255,255,255,3,4,0,3,0,0,0,0,3,3,0,0,25,11,1,0,0,9,0,0,12,72,255,255,255,255,206,140,17,3,0,0,0,0,0,16,1,1,20,0,0,25,0,0,0,0,1,2,17,185,255,240,228,111,16,18,0,13,18,0,0,0,7,0,0,8,0,1,0,2,0,0,0,0,9,0,134,255,255,230,17,14,18,0,0,0,3,0,0,22,0,0,0,9,8,12,0,4,2,0,0,0,14,35,224,255,227,44,15,0,31,0,10,4,0,0,0,0,9,0,13,20,0,1,0,0,0,7,0,12,3,214,255,255,104,0,0,1,0,0,0,0,0,14,4,6,12,5,0,6,0,0,7,8,0,0,0,6,19,239,255,141,16,7,0,1,0,2,0,0,0,0,6,0,2,7,0,2,20,0,0,5,6,0,7,15,15,220,248,133,0,0,5,0,18,0,9,8,0,0,8,0,0,0,0,0,0,3,10,5,0,1,3,5,92,255,211,56,1,4,0,0,41,94,198,185,19,0,7,0,0,3,2,0,0,4,0,18,1,22,0,0,63,232,187,0,0,7,16,67,246,255,255,254,104,27,0,0,16,6,0,4,0,8,0,0,0,0,0,29,18,233,162,0,0,0,16,217,255,230,250,245,242,15,21,3,0,16,0,2,1,0,0,0,11,0,3,19,6,216,211,0,0,18,116,250,255,255,161,196,230,0,8,0,0,7,22,1,19,0,3,0,7,17,0,7,0,215,217,2,0,9,185,255,248,80,0,195,221,1,0,20,0,0,1,0,0,10,7,5,1,3,8,12,0,218,255,126,5,24,255,232,93,0,82,252,173,0,0,0,0,0,4,17,0,0,0,0,11,6,1,1,0,117,255,249,177,66,254,255,162,111,255,247,43,4,12,0,6,8,0,0,0,5,0,10,0,0,0,12,2,0,198,254,240,255,255,255,255,255,255,193,4,0,0,0,0,0,0,0,0,10,6,0,4,6,1,8,0,0,3,142,255,255,255,255,255,232,202,34,6,24,0,17,21,0,7,0,9,0,0,11,12,8,0,35,0,33,20,6,81,230,250,150,132,27,0,0,0,8,0,6,0,33,11,13,0,25,0,0,0,25,3,15,6,3,0,15,16,7,14,0,15,0,4,0,0,0,11,0,0,14,0,20,0,0,0,0,0,9,0,0,0,0,0,9,0,0,0,0,0,16,8,10,25,0,8,6,31,0,9,0,0,7,0,5,5,0,0,8,0,0,10,6,6,0,0,2,0,23,0,0,0,7,3,0,0,0,3,20,0,0,1,0,0,0,1,7,20,0,0,0,2,29,0,8,20,27,12,5,0,28,8,0,0,3,17,0,21,0,0,0,2,13,0,0,0,0,23,0,0,13,0,11,9,0,0,0,0,0,14,0,0,0,0,8
1,0,9,0,6,4,0,0,0,1,10,3,0,0,0,10,0,0,1,0,0,2,17,0,13,0,19,0,0,32,0,0,0,0,16,15,27,0,7,2,17,3,7,17,0,3,12,0,0,20,0,0,0,12,6,2,1,0,2,0,0,10,0,0,10,0,0,2,1,0,0,2,0,10,0,0,0,24,0,0,8,0,0,0,0,0,0,0,0,10,0,15,8,1,16,13,0,0,41,39,146,185,115,0,0,4,4,0,0,17,0,0,7,13,19,6,0,3,0,0,0,0,31,105,142,255,255,249,250,250,255,164,0,1,0,29,8,0,17,17,0,4,5,0,0,0,0,0,42,167,217,249,255,255,255,254,255,243,255,243,28,0,19,0,0,0,0,0,0,10,0,0,0,0,11,0,172,255,255,254,255,200,175,46,86,140,247,233,68,13,0,0,0,0,0,0,10,3,13,21,14,0,0,6,84,235,249,146,31,14,4,0,15,98,250,255,79,9,0,0,0,14,17,0,3,18,0,0,7,0,0,0,0,21,13,2,25,4,0,0,21,129,233,237,94,1,19,0,0,6,0,0,6,0,2,10,0,15,0,8,0,11,10,0,1,0,0,17,0,2,246,255,90,0,0,0,0,0,4,1,4,5,4,3,0,0,0,1,0,8,5,15,0,4,7,0,0,114,249,244,70,0,20,0,10,7,4,3,16,7,14,0,0,20,10,0,0,16,5,0,0,0,0,0,0,191,255,243,62,8,0,0,3,0,0,0,13,9,13,17,0,16,0,12,0,6,0,6,0,0,0,0,84,255,242,234,22,11,5,0,3,0,13,0,0,0,0,0,0,0,4,0,37,0,4,0,0,0,0,0,186,255,251,121,23,0,18,0,8,0,0,0,1,0,0,0,0,14,0,0,4,0,7,0,25,0,28,22,232,255,244,0,6,0,0,15,6,7,0,0,0,12,1,0,11,20,0,3,0,0,16,3,0,23,16,236,255,247,253,16,0,4,0,0,0,0,0,19,0,1,0,0,10,9,13,26,64,233,255,242,236,255,255,245,249,248,35,6,0,0,6,2,0,3,1,0,8,4,2,4,4,0,0,76,244,248,255,244,243,240,255,255,255,248,142,24,3,23,0,0,13,0,0,0,0,14,15,0,17,0,53,219,255,255,255,255,245,237,255,234,243,255,255,231,77,0,24,3,0,0,0,1,0,10,0,9,0,5,155,255,255,239,233,224,239,240,237,104,182,251,232,243,247,178,0,0,0,0,5,5,0,0,0,2,1,31,150,244,234,251,255,255,248,169,1,0,0,17,109,224,235,255,190,23,0,12,0,3,2,5,13,17,0,0,156,255,255,255,252,243,99,6,0,23,0,5,0,17,57,173,254,75,0,1,10,20,12,0,0,0,17,5,12,212,255,255,137,7,9,6,0,19,21,9,19,0,2,13,126,58,4,10,20,0,0,0,0,0,18,0,6,5,13,16,0,0,4,5,0,7,0,0,7,0,1,4,10,1,3,0,0,3,0,1,0,19,13,0,0,0,8,0,26,0,15,0,0,13,3,0,2,0,5,0,7,7,0,3,0,2,0,30,21,0,0,0,12,0,0,23,0,11,0,0,6,15,0,24,0,0,2,0,0,0,11,2,0,0,0,5,11,0,0,3,27,0,0,0,0,0,0,4,0,32,0,0,0,0,0,0,0,0,6,0,0,23,3,6,6,0,4,11,10,0,8,20,0,2,0,0,10,0,28,0,10,5,5,0,20,17,0,5,7,4
0,0,0,0,0,0,12,22,0,2,8,10,0,0,0,10,0,15,18,0,7,0,0,3,0,23,0,9,0,4,0,0,0,0,0,0,0,1,18,0,0,15,0,0,18,9,12,0,3,0,7,0,13,13,25,0,3,9,0,17,0,0,10,0,0,0,11,0,7,0,6,0,0,0,8,10,0,4,0,0,0,3,0,7,9,0,5,5,1,0,5,3,0,0,9,0,0,0,0,14,7,19,0,0,0,0,9,0,10,10,5,0,0,9,4,1,0,0,0,13,0,0,0,15,15,18,0,1,0,9,0,0,8,0,16,0,0,0,10,0,0,0,0,8,8,0,18,0,13,14,5,0,6,0,0,0,0,12,0,0,3,12,0,0,0,25,0,5,0,8,0,1,0,1,9,22,0,7,0,5,13,26,0,0,3,11,0,5,0,0,0,27,0,2,3,0,0,0,9,0,0,2,0,7,103,180,71,60,32,12,23,0,6,0,21,0,0,22,2,0,22,30,0,2,4,4,0,1,1,0,3,0,197,255,250,255,249,202,219,200,206,191,172,25,16,0,0,0,0,0,10,0,21,0,2,0,7,5,12,0,130,238,196,212,235,178,255,255,244,255,246,131,0,17,17,0,0,12,7,0,14,0,0,0,0,0,17,0,185,249,62,22,0,0,0,4,8,230,255,146,0,0,7,0,4,0,0,0,25,13,12,0,0,0,9,47,235,166,23,1,0,6,0,5,67,243,255,96,0,9,8,0,2,0,0,0,0,20,8,9,12,0,25,228,255,62,0,3,20,18,0,0,94,255,235,55,0,14,0,0,7,0,10,0,0,0,17,0,0,0,76,255,180,0,24,0,0,1,7,7,111,255,255,17,0,4,0,15,0,8,0,0,0,11,24,17,17,0,5,78,59,6,0,3,4,4,4,0,197,255,186,0,0,0,0,4,0,17,19,16,0,3,19,6,5,3,0,9,0,0,0,11,3,4,9,0,216,255,190,6,5,17,24,0,10,8,9,3,31,4,7,0,0,0,24,12,1,0,0,13,0,0,0,0,221,255,58,8,0,12,0,13,0,22,0,0,9,0,4,35,0,17,0,0,0,0,7,0,8,0,7,3,209,255,97,4,2,0,19,0,0,0,0,6,3,30,0,7,0,4,22,0,16,0,0,8,10,0,5,23,201,255,84,0,10,0,8,1,0,12,0,0,0,32,0,13,14,10,3,4,7,39,20,0,5,0,13,38,229,255,48,0,0,37,0,23,13,7,0,14,0,0,0,0,0,0,0,0,6,0,0,0,6,2,9,69,255,251,0,0,4,0,17,12,0,1,4,11,0,32,5,1,0,0,9,0,0,28,2,0,2,26,3,185,255,254,7,5,0,18,0,3,0,3,0,0,11,27,0,26,0,0,0,14,0,0,7,8,0,0,0,170,255,230,0,0,14,0,7,0,0,16,0,0,0,0,0,0,7,0,0,0,0,0,29,13,4,0,4,135,255,218,0,18,0,8,5,0,0,0,9,0,8,0,0,20,0,0,0,29,7,0,0,0,15,8,22,224,255,140,0,0,10,0,0,0,0,13,22,6,0,0,0,19,0,0,0,4,15,22,0,23,0,0,33,236,255,112,6,0,7,5,0,2,0,0,0,7,5,0,7,8,0,0,29,9,0,20,23,7,5,0,0,196,183,17,0,0,8,7,0,2,0,10,0,39,0,11,5,0,11,0,8,5,0,0,1,0,0,7,1,0,4,0,0,13,0,14,0,8,2,0,0,5
0,26,0,2,0,6,0,2,1,16,0,5,10,0,0,0,12,8,2,16,0,5,29,0,0,0,14,6,0,0,3,0,11,0,0,0,16,0,2,0,14,0,0,0,6,0,21,0,0,21,0,27,0,1,3,15,5,3,0,0,0,18,4,0,0,4,0,8,0,0,0,0,0,0,0,0,14,5,0,14,0,19,2,0,0,14,9,0,0,0,0,6,0,4,11,18,0,16,0,0,0,0,0,0,0,28,12,9,15,24,12,0,0,0,0,32,0,2,12,3,0,0,13,0,0,0,0,0,12,21,0,14,0,0,0,26,0,0,0,5,1,3,0,0,17,1,0,3,0,3,0,8,0,0,15,0,20,94,0,115,184,157,73,22,6,0,14,8,0,2,5,0,0,11,0,0,24,1,2,11,0,13,96,191,255,81,9,212,255,233,242,109,22,0,25,2,19,12,0,11,0,0,2,17,0,11,12,61,111,205,242,171,30,10,5,89,235,255,249,80,9,0,0,2,0,13,25,0,14,0,0,20,9,83,218,250,255,210,70,0,0,6,117,244,255,186,62,0,0,7,9,6,0,2,2,0,9,32,21,0,136,255,255,224,134,0,0,10,83,187,240,255,153,6,0,2,0,9,21,0,0,0,8,15,16,0,0,120,224,255,217,34,8,3,15,60,227,255,216,38,0,22,12,0,2,28,18,10,7,13,19,0,0,27,35,236,253,211,53,0,0,8,28,243,255,196,22,17,0,0,5,0,0,0,9,0,1,6,3,0,2,0,89,255,255,32,0,0,16,2,185,254,255,29,0,2,0,0,0,4,0,0,0,12,8,0,0,0,15,0,14,229,249,243,164,19,49,192,255,196,4,0,13,0,6,22,7,18,0,0,6,0,2,0,0,2,0,13,0,117,251,255,249,233,241,255,199,29,22,4,0,6,1,36,1,0,1,5,0,28,17,25,0,0,4,0,0,0,44,94,157,249,255,255,255,201,124,0,0,0,10,9,0,4,0,0,0,7,12,8,3,0,0,4,1,0,0,0,12,223,249,221,179,238,237,202,75,0,0,0,0,0,0,1,12,18,0,0,0,27,0,5,0,0,0,4,104,255,247,109,3,0,17,209,255,131,0,0,6,0,0,3,10,8,0,0,7,4,3,7,10,0,9,0,50,246,228,23,7,12,0,0,178,254,43,0,2,31,0,29,0,16,0,0,0,0,10,0,0,2,10,26,117,246,252,8,10,5,6,7,78,243,179,0,13,0,9,0,0,0,11,3,7,0,0,0,12,0,0,0,59,251,255,11,0,3,5,1,121,255,108,0,0,0,0,18,0,5,3,0,0,0,12,0,0,0,0,0,0,236,255,79,3,0,0,12,192,245,51,16,0,34,10,0,16,0,0,19,0,8,16,13,0,0,0,0,4,62,248,196,19,0,0,141,255,175,19,2,5,10,0,3,0,0,13,25,0,1,16,0,0,0,0,0,3,15,96,237,236,126,181,234,243,21,0,0,0,6,11,28,0,8,0,0,20,8,0,7,0,9,20,0,0,0,0,31,155,196,197,93,22,0,0,0,1,13,7,0,0,0,0,0,0,17,17,0,0,0,0,15,0,12,10,15,0,14,18,0,3,0,15,0,9,8,2,31,16,5,0,10,0,6,0,27,0,25,0,18,0,0,21,5,0,0,2,0,0,0,12,0,0,11,0,0,7,0,0,2,5,21,7,4,7,7,0,0,3,8,2,0,14,1,14,0,0,0,0,22,7,9,0,0,12,5
0,0,0,11,5,0,0,0,0,11,1,3,0,1,0,0,10,0,0,0,14,6,0,0,0,4,2,6,0,15,0,0,0,0,12,5,0,4,0,0,11,5,0,9,0,0,0,11,0,13,9,0,0,2,0,4,14,8,6,1,7,0,22,6,17,19,20,13,1,0,0,8,21,27,0,2,6,1,17,21,7,0,0,12,0,15,0,6,1,11,4,17,0,0,6,0,0,0,10,17,12,0,0,21,0,3,0,0,19,10,4,7,15,0,0,0,2,32,7,0,0,0,0,18,0,0,3,15,1,5,17,0,1,0,0,0,3,14,0,0,0,0,6,0,0,7,4,2,13,1,7,21,0,0,12,0,0,15,68,252,236,29,0,0,0,0,0,0,11,16,13,13,0,1,0,60,222,29,0,0,0,0,0,0,0,0,202,254,251,202,19,0,16,2,7,4,0,12,0,0,18,8,17,181,255,185,31,0,1,0,9,7,0,60,232,255,227,255,13,0,0,3,0,0,0,0,18,0,2,1,50,238,233,255,145,2,0,10,4,20,0,69,255,250,255,190,2,22,11,7,0,0,0,1,0,0,0,0,42,252,254,255,162,28,3,8,0,0,0,187,255,255,226,65,0,8,19,18,10,18,9,3,0,33,8,0,62,250,255,230,172,10,1,11,0,1,16,215,248,255,189,19,9,1,0,0,6,4,13,0,9,10,11,0,172,241,255,255,178,2,0,57,87,157,154,255,255,225,170,0,23,27,0,5,0,1,0,0,0,0,0,0,152,255,255,255,179,149,171,228,255,250,255,255,238,254,108,17,0,0,0,0,0,4,2,5,0,3,0,9,167,255,249,239,255,255,249,255,255,255,255,248,255,182,16,0,27,0,0,7,12,0,0,24,0,0,3,16,136,244,255,232,243,249,241,237,255,255,255,255,255,180,0,2,0,23,19,18,20,0,0,3,0,0,6,16,241,255,255,247,251,255,232,253,230,228,253,255,254,108,8,12,0,5,0,20,0,0,20,0,5,4,0,0,84,232,255,231,255,246,216,173,41,136,243,240,255,67,12,2,4,12,0,0,8,0,6,0,10,6,0,4,0,9,193,208,149,95,19,14,17,65,255,255,241,213,221,37,0,5,20,0,0,16,0,3,11,7,0,0,0,23,0,0,0,0,0,2,6,17,255,252,231,255,138,4,0,0,0,15,0,4,0,0,0,0,0,0,0,0,0,8,20,0,0,22,14,118,255,255,255,162,16,2,0,3,6,0,6,0,0,0,0,0,0,9,1,0,0,4,11,0,0,1,6,240,255,251,237,48,0,13,0,26,10,0,0,4,0,10,0,0,16,12,0,25,0,0,0,0,0,4,31,255,255,247,164,0,0,1,0,6,2,7,0,0,0,8,0,0,5,0,12,0,0,0,0,14,5,0,83,252,255,204,0,0,26,11,0,17,0,29,29,11,10,0,0,7,13,10,14,0,0,0,0,0,0,0,12,255,231,228,7,23,18,10,0,0,13,19,0,2,0,16,0,9,0,4,2,0,3,5,0,0,23,0,5,205,255,157,11,12,14,0,38,9,9,0,0,8,0,0,0,10,15,0,14,9,9,32,0,12,0,0,0,2,0,0,5,7,0,0,7,0,25,0,0,0,17,1,2,0,0,29,11,10,2,1,0,0,25,18,8,8,11,0,0,7,0,0,0,5,0,0,3,0,0,33,33,0,3,9,0,0,0,0,10,31,0,19,9,14,3,0,10,0,0,0,4,1,0,0,0,29
14,6,4,2,0,0,0,10,3,0,0,0,0,15,0,8,0,8,25,0,8,6,0,4,3,4,0,0,0,0,0,0,0,5,13,1,5,0,0,0,11,0,0,3,5,8,32,9,15,20,2,13,7,0,21,9,0,0,7,0,2,14,0,0,3,7,0,2,0,39,0,0,0,6,0,0,6,2,12,0,0,18,3,9,0,1,0,13,3,12,0,0,0,0,0,0,0,0,9,0,1,6,16,0,0,2,0,0,1,0,1,0,19,0,11,0,15,0,0,27,0,3,12,25,5,11,10,0,0,9,0,0,0,35,0,0,22,0,0,0,0,0,0,0,0,0,0,9,2,0,5,1,17,23,0,2,0,15,8,0,4,13,0,2,5,4,0,1,0,0,6,0,0,3,25,13,15,9,0,0,0,1,16,4,0,21,0,0,0,0,0,7,0,0,5,0,31,11,0,0,18,0,0,37,140,187,139,231,185,196,92,98,3,66,122,23,26,13,0,12,0,0,6,4,0,11,2,0,6,6,0,96,241,253,255,230,255,255,252,255,205,235,255,160,37,0,0,0,0,0,7,0,0,0,0,8,0,14,0,90,255,239,255,252,255,255,254,240,237,255,255,255,93,1,0,3,2,0,4,0,13,31,9,0,0,5,3,2,21,228,163,145,254,182,255,255,254,255,255,255,82,2,4,0,2,5,0,0,8,5,0,0,0,12,0,0,2,62,18,26,46,3,74,151,255,237,242,207,2,0,8,25,0,8,0,1,1,0,15,10,8,11,10,10,23,1,0,0,0,0,3,120,233,253,255,209,0,0,0,9,12,7,0,0,0,11,1,0,17,21,0,0,0,1,6,0,13,0,7,235,241,239,224,0,1,3,0,0,9,0,0,13,10,0,20,4,0,0,0,0,0,0,23,0,5,2,117,255,233,255,174,0,7,0,0,11,2,2,12,0,20,7,0,0,0,8,20,2,17,4,0,10,8,34,215,255,239,246,56,5,4,0,4,0,3,11,0,1,0,8,0,23,3,11,0,3,4,11,5,0,0,196,248,245,255,114,12,3,0,22,0,0,13,9,0,12,0,0,0,0,14,0,0,0,10,10,0,25,89,246,255,243,220,33,0,13,0,4,17,4,16,1,0,0,0,0,7,0,8,0,14,1,0,0,0,106,241,255,255,255,110,19,0,2,0,0,11,0,0,0,2,10,13,8,5,7,1,25,3,0,22,21,17,177,255,255,231,108,0,0,0,0,9,27,30,3,4,8,18,25,29,26,0,0,15,7,0,0,8,0,12,205,243,255,224,0,6,0,0,3,7,8,0,10,3,6,20,13,11,0,0,36,0,6,0,0,0,0,3,206,248,251,227,0,19,15,0,0,0,4,12,2,0,7,0,0,11,12,0,0,0,8,9,19,17,0,79,234,244,240,198,7,9,0,0,4,0,4,17,0,18,3,4,3,0,0,0,18,36,4,0,8,6,0,93,255,255,255,77,3,13,0,7,0,1,0,17,17,3,17,8,4,4,20,0,0,9,0,9,1,0,0,186,255,255,169,0,7,6,12,0,0,0,10,24,15,3,2,0,11,0,0,24,0,2,3,0,0,0,0,62,255,255,38,23,5,0,6,10,0,0,0,10,0,0,0,8,0,0,0,0,0,5,21,10,0,10,15,0,207,255,31,0,0,0,1,3,0,3,1,0,0,12,13,0,0,0,0,0,24,0,0,0,13,6,0,0,0,4,0,0,0,7,15,34,12,0,0,0,16,22,2,0,9
0,0,3,0,19,0,0,0,2,3,26,0,0,0,0,5,1,11,17,0,0,0,0,0,7,0,0,1,0,12,20,0,6,4,0,5,0,0,0,0,0,1,1,0,0,18,0,6,9,4,7,0,0,12,10,0,13,0,0,11,0,10,0,0,0,0,0,11,0,0,14,0,13,17,0,0,0,0,8,2,6,0,0,0,0,0,0,0,8,0,0,0,2,14,1,0,2,16,0,0,0,21,10,0,3,0,1,21,0,0,0,9,17,11,0,0,9,26,6,27,0,0,2,0,0,12,7,1,7,27,0,6,5,16,8,3,0,0,0,0,0,2,0,3,7,9,87,173,241,255,255,249,255,255,161,21,19,0,0,7,12,2,15,2,0,1,15,0,5,0,5,0,0,106,211,253,244,245,253,247,255,255,249,107,45,0,18,13,2,0,0,15,0,0,0,4,0,38,1,0,0,137,203,242,171,44,18,29,39,253,238,93,4,0,0,7,0,3,8,0,0,0,0,0,7,9,0,0,0,0,0,0,0,0,12,12,39,249,255,105,10,19,0,0,0,0,5,0,0,0,0,0,0,6,0,1,0,0,0,4,4,0,0,20,233,241,223,37,0,6,0,5,7,13,11,0,0,19,15,6,5,5,0,0,3,0,0,9,0,16,26,154,254,239,26,0,11,0,22,22,0,0,7,0,12,0,0,0,0,2,0,11,4,2,0,8,0,34,202,238,253,239,106,44,0,0,12,0,0,0,5,0,0,0,0,0,14,0,14,10,0,0,32,18,129,232,254,251,255,255,248,246,154,15,0,0,0,4,12,8,7,0,23,23,3,0,9,0,13,0,0,157,255,242,238,164,79,155,213,232,255,195,30,0,3,16,5,32,25,0,0,0,0,0,0,9,0,0,12,82,248,166,19,15,0,0,12,125,248,240,225,32,0,8,125,114,21,12,2,22,7,18,0,0,8,0,22,0,0,0,7,3,4,18,0,10,39,227,228,133,95,222,232,39,0,0,16,16,15,0,0,0,3,0,14,3,8,0,15,10,14,12,6,26,2,107,251,255,249,216,14,3,8,0,0,20,0,0,0,0,2,0,0,1,0,6,9,2,3,12,0,14,0,94,255,255,175,18,4,9,19,0,0,10,0,0,0,0,15,10,0,0,10,0,0,0,11,0,8,47,200,247,254,255,96,4,18,23,9,4,0,0,14,9,0,0,7,0,16,13,0,2,16,12,0,0,82,234,255,255,231,238,36,14,0,0,0,7,17,11,20,0,12,0,0,0,6,0,3,22,27,0,0,73,245,210,85,251,254,207,0,0,10,15,0,16,0,0,0,0,26,9,0,0,0,0,5,26,6,0,127,246,208,12,204,255,247,89,9,0,0,13,0,15,0,0,9,19,1,0,9,0,15,5,0,17,23,55,251,255,115,175,255,255,128,7,0,0,0,0,15,0,5,13,7,0,1,0,0,2,0,6,20,5,12,86,232,237,255,255,244,101,0,10,0,30,1,0,4,1,0,11,0,17,7,0,0,22,3,3,6,0,0,89,246,255,255,200,114,9,0,6,18,4,0,2,22,5,0,0,6,0,0,0,0,6,0,7,12,0,1,6,0,0,0,6,0,0,0,0,18,0,21,12,15,0,0,1,13,20,3,1,0,0,0,7,13,0,0,0,27,26,25,0,0,0,0,7,9,4,0,0,3,0,3,0,0,0,3,12,13,2,0,0,4,0,7,0,3,0,0,7,14,0,0,0,0,17,6,0,0,0,0,0
0,0,30,2,0,4,0,0,0,0,0,0,0,0,33,0,0,0,9,0,12,4,4,0,0,0,1,23,8,2,4,0,10,0,0,1,0,0,6,3,2,0,18,0,5,7,0,0,0,0,0,0,0,0,3,0,6,21,2,0,0,0,0,0,0,3,0,39,168,241,86,0,1,0,27,20,12,0,4,4,0,2,8,0,0,9,5,7,0,0,0,23,14,0,0,198,249,246,255,27,11,5,0,9,7,0,9,0,5,17,0,0,0,0,16,0,0,3,0,18,0,0,80,255,225,102,214,7,0,8,8,6,0,38,0,3,4,0,0,0,5,0,26,0,0,0,12,0,12,53,210,237,170,0,28,9,0,4,0,0,0,3,0,22,0,1,0,0,0,13,26,0,9,3,0,4,0,74,255,253,63,0,16,6,0,6,5,0,0,9,30,0,5,2,22,0,8,0,0,2,2,5,15,16,22,172,255,154,6,0,17,0,5,0,13,14,0,16,0,0,8,0,0,0,0,5,23,18,6,0,12,2,19,226,241,62,9,3,13,0,12,0,0,0,0,0,34,4,0,2,2,0,13,8,28,0,0,0,0,0,34,252,243,45,11,13,0,0,6,0,7,0,0,2,5,17,5,2,25,0,0,0,36,18,25,0,0,0,150,248,253,72,0,0,25,0,2,14,13,0,0,0,22,0,0,0,25,0,0,7,2,0,9,4,0,3,156,244,255,79,9,4,0,0,0,20,88,198,157,40,0,16,13,1,0,13,6,3,0,10,0,34,3,0,140,227,255,48,16,0,11,0,24,86,171,255,255,240,14,3,0,0,1,0,0,22,9,11,0,0,3,0,173,246,244,51,6,10,0,0,81,249,254,255,255,255,231,18,27,13,5,20,0,0,5,15,0,3,0,2,143,255,244,77,10,2,0,24,198,255,238,149,62,233,243,117,5,11,0,6,4,0,0,1,0,17,11,0,18,231,250,69,0,6,10,152,241,227,44,0,6,183,255,168,0,0,10,0,38,6,0,0,3,0,0,0,26,218,255,89,0,4,163,255,255,48,0,7,0,205,255,140,0,22,6,0,0,0,0,0,0,3,0,7,0,150,244,247,67,21,236,239,102,8,0,0,101,222,175,6,0,0,0,0,7,2,0,30,0,0,0,0,0,0,210,255,235,222,255,255,15,10,44,177,255,255,126,0,5,17,0,1,18,5,0,0,7,0,17,11,0,0,38,235,251,255,248,246,200,157,230,224,237,130,29,21,0,0,0,14,0,0,0,6,0,15,0,0,17,9,0,111,241,255,255,241,255,255,255,223,122,4,0,0,0,0,8,5,0,1,8,3,8,12,7,2,16,5,26,14,3,118,127,249,248,255,133,44,0,6,0,4,0,0,0,2,13,0,26,22,10,5,0,0,20,8,0,1,21,0,0,27,13,3,11,0,14,7,0,17,4,0,2,4,7,0,0,0,20,12,0,0,0,0,0,0,0,0,11,5,0,0,0,0,12,17,8,0,0,2,0,18,14,10,0,0,0,7,0,0,5,0,2,10,3,0,0,10,0,12,14,0,0,4,5,3,0,2,0,12,0,23,0,0,14,18,16,0,0,0,8,4,12,0,10,6,5,0,0,0,0,0,15,0,3,0,34,11,0,0,0,0,6,0,0,7,18,3,15,7,0,22,0,29,20,17,1,18,8,6,0,2,2,0,0,0,21,0,0,0,0,0,0,0,0,11,17,17,0,0,0,0,0,8,0,0,2,0,0,0,0,0,10,7
8,14,9,0,8,12,1,0,0,0,13,13,2,16,6,1,18,0,3,0,0,0,17,13,7,0,0,2,0,0,14,0,0,5,5,2,0,0,0,0,3,17,0,9,0,13,22,10,2,0,0,0,0,0,0,0,4,0,6,9,0,0,0,16,0,0,1,31,12,12,0,16,0,0,0,13,0,0,0,0,5,0,0,3,0,0,0,9,0,11,13,9,8,2,5,0,0,7,18,13,0,0,0,0,0,0,0,1,7,0,5,16,0,0,3,0,0,1,0,0,0,4,0,0,0,12,0,14,124,252,215,4,0,7,5,0,0,0,0,0,0,0,0,1,0,0,7,0,0,3,0,13,23,0,25,0,137,255,229,0,8,0,27,0,3,0,4,0,7,9,2,21,14,9,0,0,14,23,0,15,20,0,0,3,115,241,217,0,0,0,0,0,0,0,26,10,25,3,0,5,1,5,0,1,0,14,0,10,0,0,8,31,139,245,195,5,0,0,3,0,0,0,0,0,0,8,0,0,9,1,2,0,0,0,10,0,0,0,28,123,255,255,207,0,15,0,13,11,19,2,2,8,0,0,11,0,1,0,4,0,15,0,0,14,1,18,0,255,247,239,88,0,9,5,0,3,6,2,0,0,29,0,0,3,4,33,25,0,0,3,0,1,12,10,160,255,252,103,0,8,11,0,0,14,0,7,0,4,0,1,10,0,1,5,0,17,33,10,0,8,11,16,219,255,219,51,21,9,4,12,8,12,0,0,2,0,0,0,4,0,6,14,2,0,0,0,0,29,36,188,241,255,138,19,19,0,23,0,0,10,2,0,0,6,11,3,0,0,2,8,0,20,3,0,17,1,74,255,255,255,150,0,8,0,0,0,0,8,0,30,0,0,0,15,14,5,0,0,0,0,0,7,0,30,255,255,249,255,93,2,0,0,0,0,0,14,0,18,0,0,0,3,0,2,1,0,0,0,0,5,11,6,191,239,247,247,85,25,0,21,4,27,0,15,0,5,0,0,6,0,12,24,0,22,13,0,0,0,3,0,69,255,241,255,127,0,23,0,14,0,0,0,0,6,17,0,4,3,0,7,21,18,9,0,0,12,3,31,225,255,255,206,12,8,0,22,16,13,0,6,0,0,0,14,0,0,11,1,9,7,17,0,0,0,18,89,232,255,245,127,1,0,2,0,3,11,0,27,0,12,15,14,0,1,4,0,0,12,14,0,0,2,0,229,255,249,243,0,6,24,14,10,0,0,10,22,17,0,3,0,0,5,0,0,13,7,0,7,4,4,128,249,224,255,255,3,0,5,0,0,0,20,4,0,7,0,2,0,0,12,25,9,24,0,0,3,0,13,156,251,255,255,31,20,9,0,0,0,0,27,0,0,5,0,13,0,0,27,19,2,0,0,0,0,0,4,162,252,243,255,55,0,0,23,4,7,0,0,16,3,0,21,0,0,0,16,0,0,8,2,25,0,3,0,49,64,171,58,0,0,3,0,0,15,13,0,13,0,10,0,0,0,9,6,0,0,4,25,1,0,16,15,0,4,0,5,9,0,0,0,6,14,5,11,0,1,1,9,3,4,0,0,4,14,17,1,6,0,0,9,0,17,0,12,10,2,2,22,0,0,0,13,1,0,0,13,0,11,19,0,1,3,0,19,14,0,0,0,0,0,0,2,4,6,0,3,1,5,0,4,10,0,2,0,0,18,15,5,1,13,0,17,0,2,0,4,8,13,0,0,10,0,21,0,0,0,0,21,10,23,8,0,2,19
13,3,33,15,0,11,0,21,0,14,30,2,23,2,4,4,17,0,15,0,0,11,0,0,0,0,0,4,0,25,0,6,0,3,12,0,9,0,14,0,0,39,0,4,0,9,10,20,0,0,1,0,23,0,0,3,0,41,0,0,0,0,0,0,0,0,9,0,0,3,13,0,0,16,7,0,11,0,7,13,7,0,0,0,0,0,15,0,0,0,0,7,2,0,10,1,0,0,13,13,0,23,0,0,0,0,17,0,1,0,1,0,8,0,2,8,0,0,0,8,0,14,0,0,0,4,16,12,4,20,0,0,0,0,5,4,0,0,0,0,0,0,0,0,9,3,5,8,21,0,4,0,14,107,203,255,253,255,153,21,7,8,9,0,3,0,0,0,20,0,0,0,22,0,0,4,0,0,7,56,212,247,252,242,255,241,248,176,30,0,0,0,6,0,0,0,32,3,10,6,5,0,6,0,0,0,117,249,255,212,153,81,52,109,242,255,6,8,3,15,6,5,31,10,0,0,3,0,17,0,0,0,0,126,255,225,153,45,0,0,2,120,252,251,12,0,0,27,0,0,3,13,5,17,5,7,30,14,0,9,4,13,133,45,1,0,13,3,48,230,236,113,4,0,0,0,2,3,0,11,17,17,13,11,10,0,0,12,19,6,9,0,0,7,114,154,237,255,216,3,21,9,0,0,14,0,3,9,0,0,0,0,3,14,21,2,0,0,2,14,0,68,247,255,255,212,56,0,0,0,5,0,0,0,0,0,0,8,0,0,6,0,3,0,0,4,1,161,234,238,249,240,255,239,99,0,13,0,17,0,2,0,0,0,14,6,10,5,0,2,4,12,0,3,0,224,253,252,244,177,255,255,252,96,0,6,17,13,0,0,9,14,0,10,17,0,0,0,0,0,0,23,0,26,42,0,6,4,48,174,255,225,84,0,0,8,0,5,3,0,15,5,0,0,0,2,0,0,13,0,0,0,39,0,17,0,0,6,240,255,131,17,0,10,0,4,15,0,0,0,0,0,2,9,0,12,14,2,0,1,10,29,12,3,0,0,138,252,215,5,0,4,0,10,19,17,0,0,0,0,6,4,10,18,1,4,8,11,9,0,0,0,0,13,110,255,212,0,26,15,26,0,0,2,0,27,7,0,0,5,6,96,95,0,5,0,4,0,0,0,4,0,215,255,144,0,11,5,0,0,8,0,0,10,0,3,14,0,35,227,166,0,0,7,0,0,0,10,0,97,251,250,75,0,0,0,6,0,5,0,8,2,0,1,0,9,62,249,176,7,0,1,0,0,3,0,52,244,255,199,5,0,0,0,0,0,0,9,0,0,0,0,0,0,40,247,199,0,19,8,13,0,40,142,246,233,184,29,0,8,0,0,22,9,0,6,16,10,0,0,0,7,0,222,234,135,75,97,83,158,231,246,249,151,11,0,0,0,12,0,0,0,0,8,15,9,2,12,9,0,4,140,243,228,245,243,248,246,220,157,25,4,0,13,0,2,7,0,17,0,18,11,9,13,3,0,0,6,0,43,111,163,246,206,176,129,35,0,0,0,0,0,0,0,0,0,13,2,10,0,7,7,12,23,0,3,0,23,10,0,0,0,0,28,5,16,1,8,0,0,0,20,0,6,2,0,0,13,2,0,0,0,0,0,1,2,1,0,0,0,4,0,9,0,0,17,0,5,0,0,5,0,0,0,0,2,0,13,0,0,0,2,0,5,0,0,0,0,34,0,11,0,0,5,19,14,1,0,0,0,7,0,0,10
0,0,0,0,4,0,0,0,6,0,13,0,9,14,9,3,5,5,4,0,7,0,6,0,0,12,15,18,7,3,0,15,0,0,24,23,0,0,6,32,0,0,25,2,0,0,0,9,7,20,0,0,0,0,0,0,0,10,20,16,10,11,0,0,7,0,20,0,1,5,0,8,144,206,75,0,14,0,0,6,11,19,0,6,0,0,0,0,17,0,12,0,0,10,0,27,0,0,2,184,238,240,103,0,13,2,4,0,7,5,0,21,0,0,11,0,0,0,0,0,1,7,9,28,3,7,96,255,167,117,38,0,8,5,0,20,0,4,20,18,3,13,3,9,0,21,4,0,8,3,5,4,0,64,228,236,40,0,0,0,0,0,0,9,0,0,5,0,0,6,38,1,5,1,0,0,18,5,3,0,54,210,255,48,4,0,0,0,0,0,0,0,20,0,0,0,0,0,0,12,0,0,10,0,0,24,0,7,124,255,175,1,3,6,0,0,0,22,0,0,0,0,0,0,7,5,11,0,0,0,5,16,9,6,0,98,243,226,2,2,5,0,11,17,12,2,11,14,0,0,0,0,0,0,18,3,0,4,0,0,8,0,21,198,228,11,0,25,3,11,0,0,0,0,7,0,0,7,21,0,0,0,0,12,22,0,0,3,0,0,152,255,184,0,20,0,6,0,0,0,0,7,0,0,9,0,9,3,11,0,16,0,0,4,0,2,0,0,204,255,112,0,0,8,0,0,0,1,0,0,13,4,0,17,2,5,0,19,10,1,6,14,0,0,8,30,255,169,0,0,0,0,37,116,48,0,0,0,0,0,0,10,0,9,0,0,0,0,0,0,0,0,4,179,254,148,0,2,72,207,222,243,234,186,0,0,6,0,0,20,28,0,0,12,0,0,8,6,0,0,0,191,252,115,7,101,253,229,209,104,199,255,78,26,0,22,2,5,0,2,9,6,0,0,0,1,0,0,9,185,235,160,72,255,255,154,21,0,127,255,166,13,0,0,0,16,0,0,0,0,0,0,0,0,0,3,0,191,246,147,220,239,126,18,0,6,141,255,103,15,9,4,3,0,0,11,0,0,0,0,2,0,0,0,0,99,255,255,254,157,7,0,0,0,140,255,22,1,0,0,7,0,4,4,7,5,0,0,0,1,0,0,1,24,215,255,255,108,0,5,17,34,198,232,60,0,0,0,15,5,1,5,0,0,0,0,0,0,0,0,0,0,130,236,254,242,172,226,255,236,252,121,11,0,11,0,12,0,25,0,0,0,0,0,0,18,0,0,4,11,2,86,228,255,251,245,249,255,221,28,12,0,19,0,0,0,7,0,0,9,14,20,3,5,0,4,0,17,0,0,30,160,224,255,246,230,96,0,0,1,0,3,0,12,0,0,8,0,2,22,0,0,0,22,0,23,0,0,0,0,0,5,0,0,21,0,3,1,0,0,0,0,0,0,0,0,13,1,0,7,29,25,11,0,0,1,7,14,0,0,16,5,1,20,0,0,7,0,0,2,0,0,22,0,2,6,0,0,11,0,1,0,14,7,4,0,0,0,12,25,8,4,13,0,0,0,6,18,3,0,0,8,17,0,0,0,0,0,19,18,0,4,0,0,0,24,9,10,8,0,0,5,0,26,0,0,0,0,7,3,26,12,11,0,0,18,0,5,0,3,0,0,0,18,2,10,3,0,3,0,0,0,0,3,12,0,27,0,0,0,0,0,4,6,2,14,0,0,0,1,0,3,0,2,0,0,0,0,25,0,6,31,2,0
0,0,0,6,0,0,0,8,3,0,0,0,0,0,3,0,0,0,0,0,0,0,0,5,7,16,12,0,0,0,0,0,0,5,0,9,0,24,0,9,0,19,0,19,0,0,0,6,18,0,0,0,1,33,0,6,0,0,0,0,11,0,21,22,0,21,0,11,4,0,0,1,0,7,0,7,0,3,0,0,0,24,10,0,0,0,1,6,5,0,0,19,15,34,11,0,4,5,0,0,0,0,0,2,0,15,5,0,33,0,10,2,3,0,4,6,24,15,0,0,0,0,16,0,1,5,0,17,0,9,0,0,0,0,0,7,1,0,6,4,0,0,4,0,6,0,3,0,0,0,4,5,0,28,2,0,0,0,0,0,2,4,0,0,0,6,0,22,0,27,0,5,6,0,11,0,9,3,3,0,16,3,12,132,255,239,237,60,16,32,125,0,3,0,2,0,0,0,0,0,23,0,0,0,25,5,0,0,5,7,148,189,101,0,162,14,14,215,225,6,4,0,23,0,0,2,11,0,15,0,0,17,5,0,3,0,8,188,124,69,0,13,64,8,181,233,43,27,0,0,0,0,0,4,0,2,7,0,0,32,3,0,10,0,87,191,20,3,20,0,5,68,209,77,0,6,11,0,2,2,0,8,0,0,2,0,1,9,0,0,14,0,123,120,34,1,26,5,25,241,243,50,1,6,13,14,0,0,9,5,20,8,0,5,3,2,0,1,14,152,204,6,5,0,0,0,144,255,107,5,0,9,2,4,1,5,2,0,1,0,9,0,0,0,0,4,85,211,1,0,0,6,21,172,255,149,12,5,23,0,0,0,0,0,0,0,2,0,12,0,20,0,0,0,228,106,0,38,0,77,200,213,132,0,12,0,6,8,0,8,0,5,0,31,0,0,0,51,12,0,0,66,205,44,29,61,142,255,255,69,3,0,4,2,1,26,0,1,0,14,1,0,0,2,32,0,4,0,0,76,232,221,252,206,201,255,180,0,11,0,4,20,0,0,0,6,5,11,15,26,0,8,28,0,0,0,4,0,115,207,114,0,128,255,147,22,0,13,0,0,0,0,8,0,0,18,17,0,11,0,0,3,17,2,5,0,21,7,0,85,255,194,0,0,0,18,0,18,4,0,0,10,0,0,0,1,5,0,2,5,5,15,48,3,0,0,13,255,232,27,0,20,0,3,0,0,0,0,13,5,32,0,5,0,2,0,0,23,7,3,3,5,16,13,215,210,44,8,0,6,4,3,0,0,0,2,11,0,24,22,0,8,9,0,13,0,0,0,0,0,10,125,238,17,16,7,10,0,15,5,19,18,0,0,0,20,29,10,27,2,0,1,0,0,0,4,15,4,79,243,157,0,2,0,0,0,1,0,0,5,0,0,2,5,20,3,3,4,9,0,0,0,0,8,0,98,253,152,0,0,0,15,0,5,0,0,15,0,2,13,9,4,12,0,14,0,0,0,5,0,0,8,18,229,232,13,0,8,19,16,0,0,0,16,23,11,0,23,0,5,0,18,0,9,0,0,0,24,0,0,1,211,113,0,3,0,20,0,25,8,6,2,5,14,10,0,0,16,10,0,0,0,18,0,1,0,0,0,47,114,22,10,0,0,0,0,0,0,3,0,0,15,11,18,11,0,0,9,0,0,0,6,2,9,17,0,4,0,14,0,7,3,4,0,0,0,0,1,0,4,0,0,0,0,0,5,0,0,5,0,0,32,0,0,0,1,9,7,0,0,5,0,0,4,0,23,8,8,15,18,0,0,2,13
6,2,0,13,0,0,0,0,4,0,0,17,22,0,0,23,0,0,24,0,0,14,0,0,0,13,6,0,0,0,7,0,0,0,0,0,9,0,0,0,7,0,0,15,6,0,0,0,9,1,1,5,0,0,5,23,17,15,7,13,20,21,0,0,0,0,0,0,0,5,0,5,13,0,2,3,8,0,0,0,0,0,0,0,0,0,3,1,4,0,8,17,0,4,0,9,0,0,3,0,0,11,0,11,12,20,0,12,7,0,9,0,11,0,0,9,0,15,13,0,3,0,12,20,4,0,2,1,20,19,22,17,0,0,12,0,3,3,0,0,3,0,0,18,0,0,0,0,8,104,118,137,127,152,197,138,61,4,4,0,1,0,5,11,0,0,13,11,0,13,0,0,0,8,4,0,151,251,255,255,253,244,246,255,248,87,7,0,0,0,9,0,11,0,0,5,6,0,0,0,25,0,0,0,165,255,255,255,234,246,255,255,250,240,131,0,9,0,8,0,16,2,3,0,0,0,0,23,0,0,23,16,14,98,248,246,255,255,249,245,255,253,223,4,8,0,15,7,0,0,11,0,9,6,3,0,0,0,13,33,15,13,24,115,187,255,246,247,246,255,220,0,0,20,3,0,0,0,9,0,2,8,0,0,0,15,0,10,3,6,7,196,224,248,253,253,252,255,197,12,14,10,11,0,27,8,2,4,6,5,0,0,0,0,0,0,12,0,108,235,243,246,255,234,255,243,103,0,9,0,14,0,0,8,7,0,0,0,19,0,0,0,1,0,0,3,212,255,255,246,255,249,251,252,107,0,23,0,11,0,0,11,13,6,0,0,0,14,13,0,0,0,0,1,89,233,255,248,255,255,255,255,224,9,0,12,0,0,2,15,0,5,3,0,1,0,0,0,0,8,23,4,0,95,246,238,211,252,253,234,237,2,3,7,20,5,0,13,10,10,0,0,0,1,0,0,0,2,12,0,4,0,58,55,34,143,255,255,245,119,0,17,9,10,1,0,30,0,1,8,1,0,0,0,0,0,0,35,0,11,0,1,0,46,255,233,247,238,1,0,0,7,3,0,0,26,7,0,0,6,0,1,0,0,0,15,0,0,1,0,0,88,255,255,245,117,4,0,7,0,26,10,16,1,6,0,6,0,0,11,0,0,17,0,6,1,16,0,54,234,225,255,244,87,3,14,25,0,2,7,0,31,0,12,14,0,1,0,5,0,19,57,25,0,0,8,138,255,243,243,227,64,9,18,0,12,6,0,0,0,0,35,4,0,0,11,1,0,176,194,154,85,124,185,245,255,255,255,219,0,0,0,0,0,12,18,3,24,2,0,0,0,0,0,0,70,240,236,255,255,255,255,247,255,247,243,86,25,1,0,34,0,10,0,0,0,14,10,0,21,13,13,36,126,245,255,255,229,247,255,246,255,229,124,0,0,17,2,0,8,8,0,8,0,0,15,0,0,0,0,0,54,255,255,255,237,255,221,251,226,18,18,0,0,0,0,0,9,0,15,7,0,0,0,0,12,0,13,6,18,27,124,235,253,240,241,53,25,0,0,0,4,0,0,0,3,0,0,0,0,1,0,0,4,0,0,0,5,20,8,0,0,6,6,8,0,2,11,0,0,0,0,0,0,0,13,0,0,3,0,0,0,8,2,0,9,0,8,0,0,0,13,18,16,0,24,0,17,0,0,23,17,7,14,16,6,0,0,0,0,0,25,1,0,0,0,7,0,4,0,0,2,6,3,0,17,13,0,19,0,0,0,0,0
8,0,7,0,11,0,0,0,0,7,13,10,12,0,0,14,13,0,5,8,1,11,5,25,0,0,19,11,0,15,0,17,14,7,17,6,0,14,0,0,0,0,24,0,0,23,15,12,22,1,11,13,0,19,7,0,16,0,10,0,0,0,0,7,7,2,7,10,3,2,18,0,0,0,13,4,26,0,9,30,0,17,0,8,0,33,11,16,0,1,0,0,0,0,0,10,0,0,4,0,0,6,0,15,1,0,0,0,19,4,0,10,0,0,0,3,1,6,13,0,5,0,22,109,246,255,255,7,0,2,0,9,0,0,23,13,14,0,6,14,0,10,16,17,20,9,3,2,1,16,0,188,244,255,255,2,10,15,18,0,1,29,0,1,8,0,0,8,0,5,0,0,3,0,9,1,0,0,0,175,253,242,246,0,15,10,0,0,21,0,28,0,10,0,1,0,0,0,0,2,5,17,7,8,6,0,0,177,252,238,255,0,14,0,4,9,0,7,10,0,0,0,0,6,6,22,3,0,0,8,0,16,9,0,2,207,255,236,243,21,0,7,33,5,0,6,0,7,16,2,3,3,21,11,0,0,0,0,0,1,0,9,0,162,255,226,255,189,16,11,0,3,6,12,6,2,0,3,0,0,1,12,0,13,0,2,2,4,18,38,24,211,246,255,255,235,52,0,10,6,0,0,0,0,0,0,4,1,0,8,8,0,0,9,33,3,0,0,0,218,249,237,255,255,121,0,0,0,0,0,2,18,1,3,0,0,21,0,16,16,2,22,0,17,0,25,0,48,248,241,255,235,226,19,0,0,0,3,11,5,21,10,24,0,0,0,0,0,13,4,6,0,23,0,0,45,255,241,247,251,251,0,0,6,10,0,0,18,4,20,0,7,0,11,29,0,13,15,0,0,0,23,3,0,190,253,255,255,200,22,0,0,0,10,28,26,0,0,9,0,2,8,0,25,14,0,0,0,11,0,0,36,255,249,253,255,202,7,4,0,0,0,0,5,40,0,0,0,9,0,13,22,2,3,0,0,0,0,3,23,255,253,255,254,220,5,0,0,0,0,0,0,0,2,0,5,9,0,0,0,10,0,0,0,0,0,0,23,246,255,245,245,226,0,0,9,0,15,0,20,0,2,38,0,0,2,0,0,28,0,10,16,0,0,0,53,255,251,253,247,236,13,0,9,0,0,0,0,15,11,17,7,0,20,0,0,9,0,0,0,0,21,0,14,216,252,254,251,245,122,0,1,0,4,0,3,0,37,0,5,7,7,12,0,9,13,0,0,0,0,0,0,52,219,240,255,255,147,1,3,9,5,0,3,19,0,0,0,0,16,30,18,26,0,11,0,0,12,0,24,0,205,252,255,244,199,96,0,0,0,1,28,0,0,0,10,0,0,0,3,8,0,0,0,24,0,0,0,0,162,225,242,240,255,196,0,7,0,11,2,0,0,0,0,7,0,0,0,2,0,0,0,12,0,0,0,0,30,37,156,255,255,108,0,0,7,0,9,13,2,0,20,39,0,0,3,0,0,17,0,0,13,0,8,0,17,6,0,1,15,0,16,0,8,0,0,19,0,24,16,19,9,16,20,0,0,0,6,0,0,0,2,0,23,0,0,5,0,0,8,0,15,0,0,0,0,0,30,0,0,0,6,0,0,0,5,0,10,11,3,0,0,6,0,22,0,0,0,6,0,9,0,0,13,6,0,1,1,12,15,5,0,23,0,0,2,0,17,8,12,7,27,19,0,0,0,0,0,1,5,23,0,18,0
2,0,19,0,0,13,1,13,0,0,14,0,11,0,2,23,0,6,0,0,14,0,2,3,1,0,4,0,14,12,1,0,5,0,19,0,0,6,1,14,0,1,0,0,8,0,0,0,7,15,24,3,40,3,13,0,25,12,0,0,3,4,0,0,9,0,0,0,8,0,29,20,13,0,0,0,0,0,2,0,18,8,7,14,0,0,0,27,0,21,6,5,4,18,0,1,0,5,0,1,11,0,15,12,12,0,0,5,18,0,0,6,18,0,0,3,12,8,19,2,0,15,11,0,12,3,0,0,0,0,0,0,0,0,0,0,8,6,0,3,2,0,0,3,0,0,18,7,0,0,13,14,0,0,9,14,6,0,27,236,230,255,82,0,0,0,0,3,8,0,15,2,0,0,0,0,0,0,0,1,18,73,62,16,0,60,182,255,252,248,66,20,0,18,9,0,8,25,0,0,5,5,0,0,10,1,0,13,190,245,205,0,27,209,250,252,245,177,9,2,17,25,3,1,0,0,24,8,0,0,0,1,0,17,17,144,246,218,112,0,194,255,255,239,152,1,14,0,0,14,4,5,20,6,0,0,0,0,2,0,23,95,201,250,208,11,0,156,254,249,255,90,8,28,0,0,23,0,15,9,0,0,0,11,10,10,0,6,12,243,253,235,11,1,48,234,255,255,204,29,15,13,0,0,0,0,0,0,5,11,0,11,0,0,8,54,223,255,226,126,0,13,144,255,247,236,202,0,0,27,0,7,7,12,6,0,0,35,0,12,9,4,32,228,255,252,119,0,0,82,255,246,255,255,77,0,126,199,58,0,7,0,22,11,0,0,6,15,7,2,176,240,247,242,54,13,2,82,242,240,230,225,121,195,243,255,76,0,20,4,9,5,14,0,0,0,0,65,243,247,255,252,130,57,50,122,255,237,238,255,255,255,253,255,57,0,0,9,0,0,11,4,0,0,16,68,250,255,255,241,255,244,212,241,255,233,254,255,255,235,233,154,3,0,0,0,7,13,9,8,0,0,3,66,254,248,255,255,227,243,250,255,237,234,255,232,255,247,147,3,0,0,14,13,1,0,2,19,0,0,0,25,156,215,231,255,239,251,255,249,249,248,250,236,243,130,0,1,0,0,26,12,0,21,1,6,0,17,0,22,6,137,202,185,220,253,244,252,245,251,200,155,48,20,3,0,0,0,10,0,14,0,10,0,3,6,0,9,25,28,22,11,63,163,238,255,250,252,148,0,0,26,19,0,0,2,11,0,1,3,0,24,8,12,21,13,0,1,25,17,0,21,254,255,246,255,250,127,0,1,8,11,0,0,0,12,0,0,11,1,4,0,0,10,8,0,15,0,0,0,189,255,255,255,255,249,134,14,0,22,4,0,0,25,0,11,0,5,0,1,19,0,7,18,0,8,11,0,62,248,239,252,255,255,177,4,3,0,0,0,0,0,10,27,14,10,0,20,0,3,6,3,0,0,5,11,0,97,223,217,237,254,41,14,10,0,4,0,1,0,0,14,0,1,6,0,0,12,5,2,0,0,8,0,0,10,10,188,103,31,7,0,0,0,7,0,0,0,0,7,0,0,8,2,1,0,14,0,0,0,10,0,0,0,0,4,0,0,4,0,19,38,0,0,17,8,6,0,15,0,0,0,0,0,0,22,0,6,2,0,11,0,0,24,4,0,0,15,20,4,17,9,0,0,0,9,2,1,30,11,13,0,0,14,20,0,5,0,0,0,5,0,5,0,0,0,0,18,10,7,0,0,14,1
0,0,3,16,9,21,0,0,2,15,0,0,13,0,0,0,14,19,0,0,0,0,8,4,0,10,0,16,0,4,0,0,0,9,17,0,0,25,0,11,0,5,0,0,0,0,12,0,11,9,19,17,0,7,2,16,10,0,22,34,6,15,0,6,18,15,8,25,0,0,0,0,0,0,2,0,2,7,0,10,8,6,12,18,0,24,0,9,13,0,0,0,6,0,0,21,0,13,0,25,0,5,3,0,0,0,21,21,8,6,0,14,4,0,0,0,0,0,0,10,10,8,18,0,16,0,2,13,0,0,0,0,0,0,0,0,0,9,8,7,0,11,13,0,6,11,0,2,33,33,241,82,6,3,6,0,10,8,0,0,1,0,0,1,8,15,11,0,8,22,0,4,11,0,2,0,0,0,86,231,188,211,2,0,4,0,0,26,10,33,20,7,0,2,14,24,0,2,7,2,0,4,12,16,0,0,0,181,255,255,11,6,0,0,16,12,0,17,22,11,0,0,0,7,1,0,0,0,0,0,0,20,0,1,17,189,251,255,0,0,0,2,5,0,1,0,0,0,35,0,0,12,0,3,5,20,0,7,16,0,19,1,0,132,250,248,93,0,6,0,0,0,0,24,0,0,23,4,7,0,0,13,0,0,0,24,0,0,1,21,0,43,237,255,255,63,0,6,22,0,16,9,0,0,0,10,0,2,0,0,26,20,1,2,13,6,13,3,0,6,143,248,255,99,0,3,0,0,11,6,15,6,0,7,0,17,10,0,0,0,21,15,12,0,2,12,1,5,72,207,254,219,1,0,0,0,8,38,15,6,0,5,6,16,0,0,0,0,11,0,5,7,0,8,0,0,0,8,255,234,120,4,0,0,25,0,4,0,0,11,10,10,0,0,24,26,0,0,10,0,6,0,6,0,0,4,233,231,188,23,0,7,0,20,11,7,4,23,4,0,0,9,0,5,23,2,4,0,0,0,3,0,0,1,244,250,186,0,0,0,11,0,10,0,0,0,0,1,5,0,0,0,2,0,16,21,11,0,17,9,0,0,160,255,215,0,0,1,12,4,26,3,0,0,0,0,0,0,4,0,0,0,13,0,0,0,0,4,32,0,24,238,255,55,2,14,0,9,0,1,0,10,2,4,12,12,10,8,0,7,5,0,0,0,0,0,4,0,16,174,242,29,0,0,10,0,0,0,0,11,0,23,0,8,1,2,0,0,0,0,0,0,0,0,1,19,24,27,255,157,0,18,34,2,0,4,7,4,9,0,0,20,0,0,0,6,0,0,0,0,21,0,0,0,0,67,245,158,0,1,1,0,17,0,9,1,0,0,0,7,0,4,9,19,0,1,2,0,2,0,8,9,18,52,255,172,14,19,0,0,31,0,15,8,0,0,28,0,0,2,4,2,0,0,0,3,4,10,6,17,0,43,251,162,26,0,20,22,30,3,0,2,0,19,0,17,30,2,0,10,0,0,22,9,0,6,1,6,0,46,255,232,36,2,8,0,32,0,9,8,1,8,3,0,5,0,8,11,0,0,2,16,0,7,14,4,8,4,141,109,4,2,0,3,21,2,0,0,0,4,0,12,0,0,0,8,0,0,10,0,0,12,0,0,0,0,0,24,0,0,0,0,12,12,0,2,0,12,0,10,17,0,0,26,7,21,13,0,0,6,0,10,0,9,0,35,0,0,0,0,0,0,0,0,6,0,1,0,3,0,0,0,18,18,0,2,0,0,0,11,3,10,0,1,0,0,0,0,2,0,0,0,0,0
17,4,8,3,0,14,0,12,0,0,28,0,27,0,0,25,0,4,0,0,0,0,0,12,1,8,0,17,0,1,0,0,0,13,0,9,3,0,2,0,0,10,0,0,3,3,11,0,0,0,0,3,4,0,8,0,0,3,16,9,3,3,0,6,8,2,0,10,1,0,0,12,0,0,13,2,0,0,18,0,13,15,0,1,4,14,0,4,0,21,0,17,5,0,15,14,0,0,1,15,2,0,8,0,8,18,7,4,0,3,0,0,0,28,6,0,0,0,25,10,3,14,11,0,0,0,0,0,0,8,2,2,0,0,0,1,4,7,0,10,0,13,10,22,0,9,0,0,23,0,13,11,0,15,23,0,0,0,9,0,0,19,18,0,0,0,16,0,0,13,0,3,17,0,16,32,141,68,26,0,0,38,27,42,148,31,4,8,13,5,2,0,0,4,0,0,0,2,0,12,0,0,0,255,255,251,244,252,255,254,236,255,246,248,57,0,14,0,0,0,14,4,3,10,0,10,23,6,0,0,18,255,244,246,241,255,249,255,255,231,247,250,26,3,29,0,0,2,4,17,0,0,0,2,15,7,2,11,0,68,178,168,62,165,195,252,231,255,255,233,18,21,0,5,1,30,2,0,0,2,2,14,3,26,0,24,0,0,0,0,15,0,64,246,235,255,231,54,2,0,17,20,12,0,0,0,28,5,6,0,2,0,8,11,3,0,0,0,3,14,11,255,250,238,239,47,0,0,10,3,0,11,0,12,0,5,0,10,3,14,7,5,25,0,0,3,6,1,10,215,255,242,179,3,4,3,22,0,1,0,0,4,0,25,7,4,0,5,0,0,11,0,11,35,122,137,125,232,255,246,56,21,24,45,38,10,22,23,10,39,7,0,0,8,0,0,0,5,0,0,18,237,248,243,255,246,248,250,255,244,255,252,255,237,247,228,251,255,165,0,12,3,9,0,17,16,0,7,0,66,110,217,248,254,255,250,255,255,254,255,228,255,208,195,170,56,0,0,9,0,4,0,0,23,0,0,0,38,0,95,245,255,233,240,219,178,174,66,57,48,6,0,0,3,6,12,27,9,0,9,0,0,8,24,0,0,0,84,252,243,246,163,24,5,0,7,0,7,19,3,0,0,9,5,0,0,0,3,0,2,0,0,0,0,10,74,242,245,255,104,0,3,0,0,0,22,15,9,24,7,0,4,0,1,0,14,17,18,0,12,0,0,0,80,255,244,212,0,17,0,25,0,14,0,32,0,0,3,11,0,25,11,11,0,0,0,5,18,16,12,0,66,255,234,224,65,3,0,0,14,0,7,8,5,0,0,0,0,8,0,0,0,27,0,0,18,0,0,9,93,244,240,235,93,15,15,0,8,0,0,13,0,6,0,0,0,0,0,0,10,21,0,3,0,0,27,0,115,249,221,255,115,26,0,0,0,15,19,0,10,0,3,0,0,0,11,0,11,1,11,13,0,1,0,21,84,255,255,213,34,1,26,0,15,7,14,0,0,7,10,3,12,10,0,0,0,0,7,0,1,0,6,16,91,251,255,226,17,6,6,0,0,3,0,15,0,9,0,0,4,0,0,0,8,0,0,5,21,8,8,8,0,119,143,65,8,0,0,0,1,4,1,19,0,0,0,0,0,3,0,0,0,6,4,1,1,17,0,1,12,3,0,0,7,1,0,0,4,3,0,0,0,0,0,0,10,0,7,0,2,19,0,3,0,0,18,0,13,24,0,0,3,4,0,8,0,2,0,0,34,0,0,5,27
0,13,6,12,0,19,6,3,0,0,2,0,4,0,3,11,0,0,17,1,0,8,2,0,12,0,9,7,0,22,17,8,0,0,0,4,12,0,0,0,15,9,0,0,0,0,8,4,14,3,0,3,1,0,0,0,8,0,0,6,10,0,12,0,16,5,0,0,13,1,6,0,21,7,9,20,17,15,5,3,12,4,4,15,0,0,10,13,0,0,0,0,10,0,3,35,3,10,0,10,162,249,251,138,11,11,20,0,0,0,9,0,0,12,0,11,6,0,0,3,21,20,5,3,7,0,77,222,246,203,221,251,155,6,5,9,0,18,0,8,18,12,10,4,22,0,22,0,0,0,5,0,8,188,255,255,35,1,21,181,252,122,3,12,9,16,0,5,12,0,0,0,16,4,6,21,0,0,9,0,159,255,207,32,8,12,15,45,255,130,0,0,2,0,7,0,4,14,3,0,10,2,4,0,22,4,12,39,244,249,0,21,0,0,0,0,1,2,6,6,0,0,0,0,0,0,2,8,0,31,0,31,12,0,10,188,255,76,25,0,10,0,0,0,0,16,2,0,4,16,7,0,0,5,1,20,0,0,0,0,0,16,199,255,146,0,0,1,0,0,5,0,0,0,3,0,0,10,0,0,2,0,0,0,0,0,5,0,2,138,251,224,8,0,0,19,0,4,3,10,9,0,31,0,0,0,0,4,0,7,0,0,0,18,8,7,31,234,255,92,13,0,2,11,22,24,23,28,0,8,6,0,8,1,14,2,0,0,0,12,6,0,0,10,106,240,194,4,8,0,0,0,0,12,11,24,3,0,5,0,12,6,0,0,0,14,3,0,11,4,0,14,122,255,188,0,0,0,0,15,2,29,0,3,10,0,2,19,0,0,0,17,2,14,5,15,2,0,0,2,117,255,143,0,9,2,0,0,0,9,0,0,0,13,6,3,3,0,0,0,0,0,0,12,11,18,0,0,142,252,94,8,0,13,14,9,0,3,0,18,2,0,0,8,0,17,5,22,12,0,0,0,7,0,0,25,240,246,142,0,0,5,19,38,0,9,13,2,3,6,0,13,0,14,21,20,16,0,2,5,0,0,0,16,240,255,168,0,18,51,136,232,248,255,255,220,75,0,14,0,5,0,0,32,12,8,8,5,14,1,0,0,120,255,201,0,140,252,250,245,189,176,242,252,193,0,0,0,0,0,0,2,29,0,0,0,5,17,0,6,85,241,255,255,250,221,108,12,22,12,223,255,255,22,23,2,0,0,0,0,0,0,3,12,0,2,6,0,31,138,255,239,246,145,23,0,0,36,208,245,143,0,0,0,0,17,4,0,4,4,0,0,0,1,0,0,7,30,203,255,255,228,199,193,218,255,246,193,11,28,0,4,0,0,0,0,24,0,0,0,5,0,0,0,19,14,27,109,178,245,255,253,244,208,82,9,28,0,0,6,0,0,11,0,0,24,0,0,12,0,5,0,0,14,0,32,19,3,5,0,7,12,7,0,14,0,0,0,19,0,2,8,15,0,0,25,0,8,0,0,3,11,12,0,0,17,10,8,0,9,0,0,18,0,1,2,0,25,0,0,6,0,0,20,0,20,9,30,0,3,0,0,0,10,0,0,4,0,0,0,0,10,0,2,16,0,8,0,0,0,12,6,12,12,0,0,0,12,0,11,0,0,3,0,0,7,0,8,0,0,0,6,29,25,7,22,0,0,0,0,6,6,3,17,0,3,0,0,10,7,16,0,16,9,4,0,3,5,13,0,6,14,0,0
0,6,10,2,0,0,11,13,0,5,0,0,14,15,0,0,2,0,1,23,0,0,0,0,0,7,0,4,30,6,24,1,19,0,0,28,0,27,12,6,11,19,0,0,10,0,0,12,0,20,11,9,3,13,7,9,0,0,8,0,0,0,0,0,0,0,0,38,0,0,3,0,0,14,0,4,0,0,1,19,9,6,2,0,2,4,10,0,10,12,28,0,0,0,1,0,7,0,11,0,22,0,9,0,4,0,34,6,8,0,0,0,0,32,15,0,0,4,15,0,0,21,10,0,8,0,4,0,8,4,4,4,6,0,0,0,0,15,0,0,0,0,0,0,0,16,0,5,8,0,7,0,12,0,5,0,0,0,0,1,7,20,0,8,0,14,20,3,13,22,0,17,11,0,2,0,8,1,38,119,226,250,245,253,121,6,0,0,2,0,23,0,4,0,3,2,0,1,0,0,27,10,8,25,52,195,255,255,255,255,239,229,232,142,3,0,0,4,30,5,24,0,0,0,23,0,4,0,0,0,27,2,196,255,255,255,254,249,213,255,253,252,81,0,6,0,13,12,0,0,0,4,7,14,0,11,4,10,0,129,250,236,255,209,117,31,0,163,255,255,183,4,16,0,0,0,0,0,11,0,16,0,0,2,25,0,25,255,239,255,158,0,0,0,8,4,245,248,255,94,0,0,0,2,0,0,0,1,0,6,0,0,0,3,8,255,249,130,0,0,8,0,4,3,69,251,255,222,32,12,19,0,0,0,11,23,0,0,0,0,0,0,81,255,230,10,0,0,0,13,0,31,234,255,234,255,156,19,18,5,17,7,11,0,0,10,8,18,4,0,118,251,243,0,12,0,12,26,37,193,255,255,255,255,241,0,0,0,0,9,17,17,2,8,14,1,0,6,54,255,246,141,0,0,0,47,158,255,251,255,255,247,162,11,0,0,0,0,26,0,8,0,0,0,7,0,0,249,255,201,90,69,168,255,232,248,250,245,255,239,89,8,0,12,0,17,0,6,0,7,7,0,6,0,6,122,255,255,236,255,255,249,224,255,230,255,254,163,0,3,0,7,0,8,13,0,3,5,3,0,8,3,9,6,97,184,255,248,255,233,182,16,52,252,255,77,9,4,0,0,22,0,4,0,1,0,0,0,0,0,0,1,0,0,58,79,68,0,7,0,22,213,225,37,0,8,7,2,2,0,0,9,10,0,0,0,22,13,0,0,0,0,0,0,0,0,16,11,28,219,232,0,0,0,0,16,0,2,25,0,5,8,0,0,0,0,0,5,0,0,0,2,0,0,0,0,69,248,135,0,11,2,0,0,14,0,0,4,6,0,0,23,4,0,0,0,0,7,0,0,0,17,7,0,178,255,176,5,0,0,4,0,0,7,5,8,0,0,0,28,0,12,16,2,0,0,15,21,1,0,0,0,157,250,249,41,1,11,13,0,0,17,0,6,25,0,7,0,10,0,7,0,5,21,0,0,0,8,10,0,153,252,253,84,12,0,14,13,4,0,0,11,0,2,0,32,0,6,14,0,7,9,7,0,0,4,0,25,176,255,255,86,0,7,0,0,13,0,31,0,0,0,8,0,0,9,0,0,10,12,6,1,10,0,2,27,91,222,255,43,5,0,13,0,0,9,20,0,0,0,10,17,23,0,7,0,0,0,0,0,1,9,3,12,0,0,0,21,0,9,0,0,0,9,0,19,4,0,2,5,0,8,2,0,0,0,0,0,5,0,11,0,0,0,0,0,1,0,25,0,9,10,0,0
0,10,1,25,0,26,0,0,0,0,0,4,10,0,0,1,0,0,0,1,0,0,0,9,27,0,0,14,0,0,0,0,5,4,0,5,0,0,0,0,3,0,0,0,3,3,0,0,0,13,0,2,0,0,14,3,2,0,0,7,0,3,0,0,6,0,21,0,132,216,41,0,0,0,18,4,16,14,0,0,2,6,18,29,0,16,0,21,8,0,0,0,0,9,9,55,229,215,118,0,0,0,0,6,10,18,0,0,13,2,0,0,19,0,6,0,1,9,0,0,0,11,35,235,147,0,0,0,0,2,0,0,0,0,0,0,5,11,0,0,18,8,7,25,15,7,3,1,4,23,124,223,8,5,0,20,10,32,0,0,0,0,0,0,0,11,6,0,1,12,0,13,20,0,5,0,0,11,234,137,21,0,0,6,0,12,2,15,0,0,0,0,0,0,0,0,10,0,0,0,0,2,4,7,28,6,255,92,0,11,1,11,14,0,9,0,2,8,0,0,0,0,0,0,0,0,0,32,6,0,22,3,17,64,255,4,14,5,0,3,2,0,6,15,0,13,4,0,0,11,0,0,17,7,3,0,0,0,17,0,14,188,242,0,16,0,0,0,7,0,10,13,20,5,4,15,0,0,2,7,13,18,0,0,20,0,1,0,0,225,170,13,0,9,22,0,15,63,125,147,158,75,8,6,0,9,17,0,0,19,0,0,0,0,1,0,29,248,104,0,1,0,4,1,127,233,208,235,204,250,67,0,2,0,0,4,8,16,0,30,5,17,0,5,46,236,73,12,3,5,8,148,255,105,19,22,0,68,227,28,0,0,0,0,0,24,10,8,0,0,17,33,79,255,9,0,10,11,141,222,89,0,5,17,0,3,216,22,5,0,0,0,0,0,0,7,20,10,16,0,81,255,9,4,0,33,230,55,0,11,0,3,0,3,196,74,5,13,7,0,0,18,0,0,16,11,0,11,97,239,31,0,1,99,255,1,0,0,0,0,17,0,187,100,0,0,0,0,0,10,1,0,0,0,3,23,2,222,148,0,14,61,255,62,9,0,6,8,6,6,210,87,16,0,5,3,2,0,0,5,23,0,0,0,0,188,240,1,7,41,250,51,0,17,0,0,6,119,233,2,0,0,6,0,11,2,19,11,0,1,7,1,3,78,250,151,0,0,143,235,150,140,134,57,92,242,56,25,11,13,0,4,0,7,23,0,0,22,0,21,0,19,157,255,146,7,15,63,96,97,114,121,184,67,0,0,0,7,0,2,0,0,4,0,0,8,4,0,0,7,18,147,244,220,141,121,122,195,247,171,32,0,0,15,0,15,0,0,0,23,5,0,4,0,0,10,2,0,4,13,46,132,205,255,170,129,44,0,10,0,14,3,5,8,12,4,0,23,21,4,23,0,7,22,5,0,17,17,4,0,0,6,5,4,0,3,0,2,18,16,10,0,2,0,9,0,0,26,23,33,0,0,0,0,7,0,0,0,0,0,20,0,0,0,21,3,0,1,21,6,0,15,1,16,10,5,10,16,0,0,9,18,24,0,0,21,15,2,0,2,12,7,1,10,3,0,1,0,20,3,0,8,0,0,0,8,6,0,0,0,0,38,7,1,0,0,0,0,16,0,24,0,0,14,9,4,0,12,0,11,0,0,0,0,7,0,0,0,12,0,15,0,0,0,0,29,0,0,6,2,11,14,0,0,0,0,13,13,0,19,10,0,6,0,0,0,0,4,11,0,0,0,4,0,6,6,0,0,0,0,8,6,1,13
16,0,0,28,0,4,0,0,29,13,0,10,12,7,3,13,25,1,0,0,0,0,0,4,4,11,0,18,7,2,0,0,2,2,0,0,0,17,3,0,0,0,0,0,0,0,0,0,0,13,0,6,22,15,0,26,10,0,0,0,0,0,11,7,9,5,9,0,0,0,11,16,20,29,0,0,0,0,14,30,26,0,4,20,0,2,5,0,0,0,10,0,0,0,0,0,0,12,0,1,5,7,0,0,12,8,0,10,0,16,0,6,0,0,7,0,8,0,0,24,3,0,11,0,6,0,0,3,15,2,2,32,5,17,0,14,0,0,0,2,19,0,1,2,7,0,7,0,0,42,11,12,0,33,198,232,65,79,146,18,19,0,18,4,0,0,9,20,9,0,0,0,0,0,1,0,19,9,0,1,47,235,230,251,255,213,246,222,10,5,26,6,0,4,0,0,5,15,0,0,14,3,0,0,0,10,0,126,208,218,244,227,255,117,185,253,221,25,4,18,0,0,0,32,0,23,0,0,0,7,0,0,0,0,145,245,255,181,51,149,158,25,108,255,241,54,0,0,23,0,26,0,11,0,0,0,0,12,0,21,12,97,255,250,189,27,0,2,0,17,0,82,164,250,61,15,0,4,15,0,7,0,4,3,15,2,0,0,55,252,249,238,44,3,0,0,3,8,0,0,113,227,163,0,0,0,26,0,0,4,0,0,10,0,3,15,231,255,248,111,9,2,0,0,0,12,15,0,31,138,230,23,1,0,0,0,1,0,0,10,0,0,4,52,255,246,171,8,0,0,0,0,0,18,0,0,0,71,255,41,0,0,9,0,11,26,10,3,12,14,0,99,255,255,12,0,0,0,0,17,0,5,6,0,0,79,235,3,0,7,0,0,3,7,12,0,26,1,10,162,255,255,0,4,20,20,23,0,1,0,0,0,0,114,255,26,9,3,7,9,7,5,0,22,0,7,14,195,255,219,0,0,0,0,4,0,1,0,21,0,0,63,247,19,8,2,0,0,15,0,0,10,0,30,36,247,255,113,10,6,25,0,0,4,2,6,0,0,33,246,218,0,10,0,0,0,1,7,4,0,0,6,25,254,255,46,0,2,20,0,5,0,0,0,0,2,108,240,158,0,29,0,0,0,0,0,0,0,0,0,49,238,250,100,0,2,0,15,0,0,20,21,0,38,247,255,52,0,0,1,0,0,0,1,10,0,0,0,1,87,254,255,12,0,8,0,0,0,0,3,47,168,235,201,55,0,25,2,0,3,10,0,0,12,0,0,0,36,200,255,166,25,0,1,0,0,0,0,169,255,231,24,6,3,0,19,0,0,0,0,14,0,12,8,9,23,106,255,255,103,2,0,31,0,49,158,232,238,119,0,0,0,0,0,22,0,20,0,0,0,4,37,4,0,9,149,255,241,216,184,141,244,234,254,244,67,0,9,0,1,12,13,0,23,14,15,0,8,9,0,7,0,18,13,135,222,255,255,235,255,255,170,94,0,0,1,4,0,13,22,4,0,0,0,11,0,2,6,0,0,20,17,0,2,51,62,165,114,60,0,33,5,0,0,0,4,0,0,0,0,6,0,9,0,23,0,0,0,0,6,0,8,14,7,0,0,2,17,0,7,0,0,4,0,4,7,5,0,34,0,0,0,0,0,0,6,0,0,3,10,8,4,3,9,0,8,0,20,2,13,0,16,0,7,0,36,13,25,7,0,4,22,1,2,11,13,1,11,0,21,18,0,5,8,37,12,6,0,0,12,0,3,0,7
0,0,6,0,6,1,0,0,0,7,0,7,0,0,8,15,0,0,16,0,0,0,5,7,8,13,0,0,20,0,0,0,0,0,4,15,0,23,21,0,0,0,0,0,1,0,0,7,12,0,2,4,2,30,0,1,0,0,12,0,6,4,1,0,7,0,23,25,0,0,0,14,0,0,12,1,0,2,7,3,6,0,0,1,0,33,0,8,0,18,10,0,6,0,18,0,0,0,20,16,1,14,12,0,0,0,0,16,0,0,34,11,19,4,15,0,0,0,0,0,9,10,0,0,0,0,0,0,0,16,0,16,0,16,0,0,0,4,0,16,0,17,17,3,4,0,3,1,0,0,5,2,4,6,22,7,23,0,12,0,0,0,0,0,5,0,0,0,4,0,0,19,0,0,4,3,0,0,12,1,0,0,15,38,24,95,157,123,144,255,220,215,77,9,0,4,0,0,3,3,0,0,10,9,109,181,162,255,194,165,191,250,255,248,238,238,243,255,253,252,121,26,6,0,0,16,0,4,0,0,1,85,225,242,255,255,251,255,255,203,150,175,182,87,60,93,255,232,33,0,0,13,0,0,0,19,1,9,16,219,255,212,213,255,200,81,42,0,17,0,0,13,0,25,76,1,7,0,13,0,0,0,0,0,0,41,255,255,224,0,47,234,15,0,6,0,3,4,8,2,0,3,0,0,13,0,16,2,0,0,0,4,0,134,255,248,216,162,99,43,25,0,0,0,0,0,0,0,4,16,11,1,0,0,0,8,0,9,0,0,0,68,255,221,254,255,252,255,228,119,67,0,27,0,0,0,7,0,0,12,0,14,0,0,10,23,7,0,9,0,44,24,57,31,57,180,246,248,255,126,53,0,7,0,5,0,0,0,4,23,6,0,0,0,0,0,0,0,0,0,0,22,0,0,57,142,247,248,235,139,2,3,2,0,0,0,17,7,11,4,0,0,10,0,10,0,0,17,1,27,0,0,0,0,57,178,253,255,148,0,0,12,0,0,0,8,8,45,3,18,0,0,0,0,2,0,16,4,4,0,30,15,17,24,121,237,255,100,15,0,0,0,6,0,0,7,0,2,0,11,35,12,18,31,0,0,0,1,0,0,10,2,17,105,245,192,28,3,1,2,0,0,13,0,24,0,19,9,0,0,2,0,0,0,4,17,29,0,16,0,0,101,252,255,66,1,0,5,0,0,0,37,11,8,4,22,10,0,12,9,0,4,0,0,11,0,26,0,35,211,254,247,33,18,0,0,17,0,0,0,11,0,0,7,0,0,0,4,8,2,20,0,0,15,0,67,194,240,246,94,21,0,1,12,0,10,0,2,0,2,17,5,0,0,0,0,0,0,0,0,1,0,85,234,255,255,157,0,0,7,0,9,7,8,0,0,0,0,0,0,0,0,23,75,0,27,5,6,18,235,243,254,255,153,0,9,0,0,13,21,5,0,0,0,0,0,14,16,0,7,0,212,108,51,78,184,240,243,255,201,43,0,18,17,1,7,0,0,2,0,0,14,0,18,8,7,7,0,4,149,255,255,241,255,243,228,156,0,20,16,17,0,0,14,0,30,0,0,17,0,11,7,0,7,13,0,0,20,113,183,255,206,165,33,0,0,0,0,3,0,0,0,0,0,0,0,4,0,0,0,10,12,12,3,0,4,1,0,2,0,0,5,4,0,17,10,0,0,0,0,14,4,0,0,5,0,16,0,11,2,27,5,0,0,10,0,0,0,7,0,0,8,4,0,7,0,0,0,23,13,8,13,13,11
0,10,21,8,5,14,7,0,10,0,13,0,15,10,0,0,21,0,0,0,0,9,0,7,0,15,0,0,0,0,0,5,7,0,0,2,0,15,9,0,0,0,0,0,1,10,3,17,7,26,6,19,1,0,0,10,1,2,1,15,24,0,4,3,25,0,1,3,0,7,12,13,0,0,0,10,0,0,0,0,20,23,21,0,3,8,0,15,9,3,0,11,0,6,2,0,20,8,10,0,8,0,0,2,2,0,0,0,0,10,0,9,8,6,2,15,17,1,0,0,0,9,23,29,5,8,13,0,6,0,80,245,39,0,0,2,0,6,5,11,0,12,0,3,0,0,9,4,0,3,0,4,9,0,15,0,19,0,171,237,220,0,22,4,10,0,11,8,5,38,13,0,0,0,11,16,0,19,0,6,0,0,0,4,0,11,231,254,216,9,0,0,0,0,13,0,29,0,13,0,11,0,0,110,167,39,20,20,13,0,0,2,7,0,192,255,110,21,0,3,0,20,0,18,15,0,0,0,0,0,0,204,241,65,0,17,0,2,7,1,12,15,212,255,116,12,0,0,0,0,0,0,9,0,0,1,0,13,18,169,255,195,9,0,0,10,8,0,15,38,244,244,113,15,7,12,0,0,0,3,29,2,0,22,5,0,0,154,253,178,12,0,23,12,12,0,7,70,250,239,0,0,8,17,24,7,0,15,0,3,0,4,0,16,0,160,246,224,11,18,21,12,0,0,0,67,248,251,11,0,0,9,0,0,7,10,12,14,1,0,0,19,0,238,255,162,15,0,0,3,5,0,12,161,253,245,0,0,0,0,0,5,3,0,13,0,1,15,0,56,164,254,207,32,0,0,17,0,7,0,30,177,228,255,18,0,3,0,7,0,2,0,23,0,6,0,88,252,255,251,185,33,32,48,8,3,0,0,0,145,247,237,25,9,6,0,0,9,0,0,17,0,1,136,255,255,232,242,255,220,222,239,218,244,222,201,207,247,242,168,0,0,0,0,10,7,14,5,0,9,0,213,255,255,255,236,241,182,255,244,255,255,252,255,255,245,255,149,15,0,20,0,0,0,12,16,4,8,20,54,57,34,27,0,11,1,19,81,43,81,98,79,192,251,242,195,22,0,4,0,0,16,13,0,11,11,16,0,0,0,0,0,0,0,2,6,0,9,0,0,95,255,255,176,2,3,7,12,0,6,11,5,0,0,29,10,0,18,1,0,0,0,13,0,9,3,0,6,106,255,239,188,8,35,11,0,0,11,0,0,0,21,0,0,0,4,0,0,6,0,0,6,0,11,0,0,112,255,255,164,0,0,20,0,10,0,12,7,6,4,4,13,2,0,3,5,3,18,0,5,7,2,0,0,80,231,255,175,0,0,0,0,0,0,0,0,4,8,0,0,0,3,7,0,0,0,0,3,0,8,16,1,6,170,255,193,0,17,10,0,12,0,0,10,21,9,8,4,0,0,0,0,0,25,17,5,0,0,20,8,0,97,217,37,0,12,0,7,0,0,0,15,0,0,1,0,0,0,0,0,15,0,0,23,1,13,5,0,0,0,3,0,0,0,6,15,18,1,1,18,0,0,4,7,0,0,0,22,21,0,2,10,0,8,0,19,0,2,26,19,0,0,0,5,0,11,6,0,0,0,7,0,0,0,11,0,14,11,0,0,5,0,22,5,0,12,0,0,12,0,11,0,0,0,0,0,2,20,0,11,0,4,16,14,11,3,8,10,22,0,15,6,0,27,0,0,28,8,9,5,0,10,0,18
16,12,0,15,0,0,0,0,0,0,6,17,0,22,0,20,0,43,9,0,30,2,28,0,0,11,0,0,0,0,0,0,6,0,12,0,0,0,26,21,12,0,3,0,10,13,3,0,0,0,7,1,0,0,0,28,0,0,21,4,0,2,1,0,12,0,8,0,20,0,0,0,9,2,6,9,0,0,0,0,0,14,21,0,21,0,0,4,19,9,4,0,0,15,2,0,2,0,0,0,14,13,2,0,0,14,5,0,0,0,9,0,0,15,19,5,8,0,0,0,7,7,0,0,22,5,10,12,7,0,4,7,23,0,26,0,8,9,29,3,10,4,18,0,0,0,0,0,15,0,7,15,0,9,5,4,0,0,0,6,12,0,0,8,0,0,0,0,0,8,0,4,0,0,9,0,24,15,125,235,255,255,255,173,36,0,0,15,0,12,23,2,8,6,0,12,7,0,0,0,16,0,0,0,57,223,255,255,234,185,208,255,207,0,3,0,0,0,18,0,9,6,12,1,0,0,16,0,2,0,1,30,228,255,235,98,60,0,50,194,255,108,0,0,0,7,10,0,0,2,0,0,0,12,6,7,32,2,13,222,254,198,35,4,5,1,0,39,238,235,54,1,14,0,0,0,10,19,0,0,3,2,2,1,0,7,151,255,249,88,5,2,2,16,23,0,23,126,62,8,13,0,12,2,0,0,17,0,10,2,3,0,0,7,194,247,200,12,0,9,0,4,0,0,0,0,0,31,17,0,4,0,0,7,12,2,0,7,21,0,25,0,231,255,136,0,36,0,29,0,0,16,0,6,27,8,2,7,8,8,0,0,0,5,7,0,8,1,0,5,236,245,124,0,13,11,6,19,1,0,0,3,0,22,0,7,17,15,13,14,4,8,2,0,0,0,0,0,158,249,224,105,74,14,45,90,137,210,213,214,223,127,82,8,1,0,11,0,4,8,0,9,21,2,0,7,22,220,255,255,239,162,226,240,252,255,255,255,247,253,222,16,0,7,0,0,0,0,23,4,7,0,6,3,15,67,204,149,177,150,174,162,162,44,29,33,34,144,246,20,0,5,9,0,7,8,0,17,0,0,13,0,2,0,0,15,4,0,0,0,14,0,0,22,12,211,255,125,0,0,0,3,0,0,14,0,1,0,11,22,6,0,13,2,0,4,0,0,9,19,0,0,0,230,255,119,0,0,13,5,0,14,0,0,0,26,7,23,0,0,1,0,0,5,7,0,0,0,0,7,31,245,250,95,0,0,3,0,0,0,9,22,0,0,0,11,0,4,0,0,0,11,0,0,9,6,0,0,119,241,255,26,0,0,0,22,8,15,2,1,0,0,1,3,0,9,0,21,27,22,9,24,19,3,9,4,166,254,187,0,0,0,0,0,1,0,1,0,15,6,0,0,4,0,0,3,0,8,4,16,18,5,0,0,187,255,177,5,0,0,3,0,0,0,0,0,0,17,6,4,0,0,8,3,6,4,0,0,0,0,14,11,178,255,199,0,0,5,3,0,6,0,23,4,23,15,15,40,15,0,1,0,6,0,0,0,0,0,12,16,185,255,243,28,23,14,1,13,16,2,14,0,0,12,8,1,0,4,3,0,1,23,3,0,0,0,15,19,12,183,164,0,3,0,5,0,18,0,6,9,0,0,22,0,0,11,3,0,2,9,0,0,0,20,0,0,6,6,21,0,8,31,14,4,18,0,0,0,10,3,2,0,11,0,0,7,0,14,0,0,5,16,0,0,0,0,6,22,0,0,0,0,0,0
14,6,0,0,0,1,16,0,13,2,0,1,0,5,18,0,31,25,0,0,0,0,0,11,0,19,3,4,0,9,2,29,0,0,4,0,20,0,5,0,22,14,2,0,19,0,0,3,25,8,0,9,0,0,11,11,12,1,0,1,0,10,5,4,0,16,13,1,0,8,13,0,0,0,23,0,19,2,0,0,14,0,0,0,5,1,8,6,8,5,0,18,12,0,0,4,2,7,22,0,0,19,0,0,11,0,0,0,6,13,0,0,30,0,4,6,12,0,9,0,0,17,0,0,5,0,16,9,0,0,1,0,19,9,1,0,0,1,2,0,0,10,2,6,0,0,1,13,14,0,21,10,0,13,8,7,19,0,0,12,0,0,0,1,0,0,0,14,15,6,0,0,0,8,1,11,24,0,0,0,21,14,13,12,5,0,5,0,16,9,20,25,22,0,13,28,0,0,0,25,0,27,7,9,14,0,0,77,173,179,155,194,201,164,27,13,0,21,12,0,2,22,0,0,0,0,1,0,0,0,0,0,0,100,255,255,249,240,255,186,191,234,227,142,0,0,0,0,0,15,19,1,4,0,0,0,4,6,5,0,64,250,255,204,48,25,38,5,15,16,181,254,94,0,0,11,0,0,13,7,0,19,10,0,5,0,21,17,191,255,144,38,26,3,26,1,13,6,0,225,197,19,0,0,6,0,0,14,3,0,0,0,0,25,9,118,255,197,0,0,0,0,0,0,5,3,109,219,7,0,20,0,12,11,1,23,18,0,2,0,0,0,7,233,255,55,0,0,0,0,2,8,0,62,233,205,0,0,0,19,2,0,0,22,0,20,12,0,0,0,0,226,218,0,6,8,2,0,0,7,20,253,255,131,0,10,5,0,11,0,0,1,13,10,0,0,12,0,0,219,231,59,0,24,0,1,6,71,225,255,209,17,18,20,0,0,4,5,0,0,2,0,1,7,0,0,16,202,255,253,173,132,125,144,229,255,229,255,136,0,0,0,0,8,3,0,5,0,15,0,0,10,0,4,0,22,162,254,235,228,240,255,228,126,227,255,34,4,0,4,29,0,1,13,0,0,0,0,0,0,0,3,10,9,0,75,76,122,100,22,6,0,170,255,0,0,2,0,14,0,13,0,6,8,0,7,17,0,15,2,0,2,6,25,0,1,0,0,0,0,173,255,61,0,4,0,0,0,0,8,0,0,40,0,0,0,18,3,0,0,15,0,10,0,2,5,38,14,190,255,114,31,0,31,22,0,0,0,14,8,7,0,0,13,0,0,16,0,18,0,0,3,1,0,0,0,179,254,103,7,0,5,0,23,4,2,2,11,9,0,0,0,9,4,9,5,30,0,0,11,0,0,0,24,181,254,63,0,24,14,12,0,0,10,9,18,0,0,0,2,19,0,0,6,12,0,0,6,0,2,5,21,170,250,27,0,2,0,0,0,16,0,0,0,1,6,0,2,20,0,0,0,0,28,0,2,4,17,0,15,240,214,12,6,0,7,0,0,4,0,3,0,0,5,0,0,0,6,8,0,18,0,0,4,0,0,18,54,251,162,0,12,6,0,0,0,0,0,11,11,18,4,0,0,0,5,0,0,8,14,0,2,15,12,0,119,249,104,3,6,0,0,0,8,0,10,11,0,0,3,0,0,0,0,0,0,4,9,33,0,3,0,0,128,233,10,10,0,0,15,0,9,4,6,9,0,0,1,20,0,0,0,3,0,3,0,0,0,16,0,0,7,5,0,0,0,0,14,25,8,14,15,14,0
0,0,0,0,0,7,0,4,0,0,0,1,18,0,0,0,2,0,4,0,0,0,0,0,9,11,4,17,10,0,0,0,23,0,0,0,18,4,0,19,0,0,0,0,0,1,10,16,0,6,8,18,7,0,0,11,0,4,5,17,3,16,12,0,0,0,0,0,3,0,3,0,42,0,0,6,0,0,1,0,26,0,14,0,4,0,0,13,18,28,19,0,10,11,11,0,0,0,6,0,0,6,0,15,2,0,0,12,0,5,0,11,11,0,0,3,0,0,19,2,0,0,3,9,106,143,144,193,151,132,0,10,10,36,1,0,0,14,32,0,0,0,0,7,16,0,15,0,15,33,138,60,250,249,240,194,241,198,190,241,143,17,0,2,0,0,0,0,19,0,0,0,8,10,0,47,185,255,242,240,207,108,145,88,41,21,68,233,184,168,19,5,0,19,0,7,0,0,0,47,2,0,34,226,255,252,255,172,36,0,24,0,11,16,0,167,250,255,65,9,0,0,6,0,2,0,7,2,0,0,51,248,237,221,50,1,9,4,0,0,0,28,2,122,209,255,64,0,14,7,0,10,12,10,0,19,0,0,3,127,29,17,0,0,6,0,0,2,0,0,0,38,157,191,165,0,12,0,5,16,29,0,0,21,0,6,0,2,0,0,0,0,16,18,9,16,0,13,2,3,27,250,143,3,5,5,0,0,2,5,0,11,33,25,0,12,0,1,18,0,0,10,0,0,0,0,0,0,78,255,170,0,3,0,9,0,7,14,0,0,1,8,0,0,22,0,0,0,0,0,0,0,0,6,12,100,250,223,71,0,0,0,0,0,0,3,0,0,0,0,0,0,2,0,14,13,0,0,21,9,9,19,8,225,235,255,34,10,7,9,0,12,14,13,3,0,3,0,20,0,10,0,0,0,0,1,17,5,1,6,68,255,255,255,34,0,0,0,22,0,1,22,0,18,18,6,0,5,3,5,25,120,96,96,99,34,3,9,142,252,255,123,5,0,11,0,12,19,0,0,9,0,0,4,0,0,76,214,248,240,252,255,255,192,229,126,231,255,185,28,0,0,0,0,19,0,0,0,13,11,0,0,27,208,255,232,237,145,155,56,47,19,63,250,255,255,189,0,0,12,10,0,0,0,0,0,0,13,0,7,65,255,247,204,14,12,32,7,0,16,189,255,255,236,189,6,13,0,0,0,4,0,0,0,16,8,0,41,196,254,215,54,0,0,0,0,75,178,255,204,217,238,227,37,0,11,0,4,0,20,0,0,0,0,37,252,255,255,87,6,1,0,0,74,231,230,213,0,8,129,251,56,24,4,24,13,0,0,0,14,22,0,26,252,243,255,27,8,46,85,154,246,244,97,10,0,0,0,60,28,0,4,3,0,9,10,0,0,7,0,14,106,235,255,193,165,247,187,134,103,46,26,12,11,0,18,0,3,6,0,0,0,0,0,10,2,2,0,9,10,49,97,225,166,204,6,7,14,4,0,0,0,17,5,0,0,0,5,0,2,0,3,0,0,41,30,4,17,21,0,18,0,11,8,15,0,0,11,0,10,6,0,0,0,0,13,0,0,11,8,11,11,25,1,10,26,9,0,0,7,0,15,0,2,0,0,0,7,1,19,17,7,0,0,0,0,0,3,13,0,0,0,23,9,5,6,15,16,0,0,0,0,9,0,0,7,0,35,2,10,0,9,0,8,7,0,2,8,0,0,22,14,18,0,13,4,9,0,6,0,15,0,0,15,20,0,3,0,0,0,9,3,0,17
0,9,5,0,20,0,0,15,23,14,26,8,20,0,0,11,0,0,8,7,0,5,11,0,2,0,1,17,0,0,0,0,0,2,2,19,1,12,18,0,0,0,0,0,15,9,0,0,19,0,23,0,0,6,11,0,0,0,0,0,7,22,13,0,0,0,0,17,14,0,0,0,33,0,18,0,0,0,7,2,8,0,0,8,16,0,0,0,0,0,0,0,0,0,0,0,2,0,0,0,25,0,18,0,0,0,5,17,0,2,2,7,0,0,0,51,0,13,17,0,0,0,8,19,6,22,12,0,0,13,72,181,15,0,0,6,11,0,2,0,3,0,9,7,3,0,24,0,4,0,0,0,0,10,5,12,6,52,242,136,21,0,2,0,5,0,7,0,0,6,3,0,0,3,13,0,20,0,4,0,10,0,15,7,71,161,255,153,6,0,1,13,4,0,0,4,0,0,0,3,5,7,0,0,3,0,0,0,0,0,0,0,169,255,238,72,0,8,0,9,0,0,0,0,0,0,10,22,0,5,28,0,24,2,17,22,0,8,4,141,252,237,125,17,0,8,5,7,0,14,0,5,0,11,0,0,0,0,9,6,0,8,5,2,0,0,69,237,244,239,84,24,0,19,0,0,0,15,0,0,0,0,10,0,6,0,0,14,6,0,0,4,8,0,212,255,255,129,7,15,1,14,0,19,0,0,8,0,0,3,0,10,0,0,0,0,11,1,0,0,0,108,236,254,169,12,11,0,9,0,5,15,0,0,0,0,15,13,0,4,7,6,0,0,0,3,28,0,41,254,255,254,50,11,5,0,0,0,0,10,0,22,0,26,25,6,0,0,3,11,14,0,0,8,0,0,182,247,246,192,6,6,2,0,0,0,11,0,6,0,0,0,4,23,9,0,0,0,3,0,0,0,4,81,233,255,171,9,41,0,0,0,10,0,0,0,9,0,8,0,4,6,0,0,0,11,0,5,3,0,0,228,251,255,93,8,0,0,12,0,12,0,0,0,0,8,11,0,18,4,0,0,0,0,0,22,0,20,47,252,242,99,2,0,12,0,0,10,6,0,1,0,15,10,11,0,17,6,0,0,8,9,0,2,11,0,152,247,197,0,0,23,14,0,0,24,25,14,12,3,12,2,0,0,0,12,0,0,0,0,0,3,14,42,175,247,157,0,2,0,0,0,0,0,0,1,8,0,15,13,21,6,18,2,2,0,7,0,13,25,2,128,255,252,106,0,0,0,0,0,0,0,0,0,0,0,0,11,3,4,4,0,0,0,30,0,0,0,4,20,230,244,229,0,23,0,4,0,20,8,16,0,22,16,0,0,0,1,0,20,0,0,0,0,2,4,0,48,255,239,224,0,0,16,10,0,0,7,8,0,0,0,15,0,20,0,0,9,5,0,0,29,16,5,9,37,127,248,236,64,31,0,0,0,8,0,5,0,0,0,0,0,5,5,1,13,0,0,7,0,0,0,14,0,0,170,110,11,9,12,8,16,21,0,5,18,7,0,2,0,0,8,3,17,6,0,0,3,12,4,0,13,0,0,10,0,0,24,0,0,0,0,12,0,0,0,0,0,0,0,6,0,0,0,8,28,1,10,0,13,0,12,0,0,1,11,0,2,7,0,2,0,0,22,2,1,0,0,8,0,11,0,2,15,3,10,0,0,9,5,0,17,0,14,16,18,0,30,0,33,0,0,0,4,13,23,0,3,0,1,0,19,9,2,11,0,12,0,5,0,25,0,0,0,5,0,5,8,0,9,12,5,0,20
0,0,7,0,0,0,0,8,19,0,10,3,4,0,0,16,21,8,14,0,0,19,9,0,23,6,15,0,6,9,0,0,0,0,6,10,2,0,21,0,31,0,0,11,5,29,0,2,19,7,2,0,0,10,0,0,4,22,7,23,0,0,10,28,13,0,13,18,0,0,0,0,0,0,16,0,0,4,0,0,0,0,0,0,0,0,1,0,0,0,10,24,0,33,18,8,7,10,10,0,0,1,0,1,12,51,18,0,0,3,0,1,6,0,2,0,0,18,6,0,0,19,6,0,0,0,0,0,0,7,3,0,10,0,0,11,10,6,0,6,14,0,0,0,5,12,0,0,7,4,0,0,0,0,13,8,17,2,4,0,0,0,3,0,0,5,3,0,12,0,9,0,1,3,0,0,0,0,3,10,99,207,247,255,126,0,0,0,0,37,17,0,4,14,0,0,12,2,0,7,12,0,8,10,0,0,5,214,249,240,245,244,218,8,2,0,0,8,0,0,14,5,0,9,0,9,11,3,17,0,5,0,13,50,186,255,250,170,59,133,221,0,8,9,21,5,1,0,19,0,5,9,2,7,5,0,13,0,7,0,21,235,252,255,141,9,0,43,121,15,38,0,0,0,12,22,0,0,0,6,6,0,5,0,0,1,0,37,206,255,180,0,0,1,0,0,143,215,162,0,0,6,0,0,0,29,0,7,0,0,7,6,0,25,0,130,255,207,175,0,7,20,63,163,250,255,208,4,3,16,0,0,17,5,0,3,0,0,0,2,0,5,0,189,255,255,236,232,217,238,255,237,255,252,239,3,0,0,0,15,0,7,0,13,1,0,0,0,0,0,11,199,237,255,254,255,255,244,255,255,245,255,132,9,0,0,0,9,18,0,12,0,0,0,0,0,5,11,0,31,178,209,255,203,173,97,61,10,248,255,116,5,5,27,1,3,0,0,26,21,0,0,0,0,21,16,0,0,5,4,37,8,0,13,11,31,229,238,74,27,1,22,0,0,8,17,0,12,6,20,2,11,0,0,5,0,6,0,0,0,0,0,0,86,253,244,72,0,17,0,11,17,0,0,4,0,1,0,0,0,0,6,2,12,0,0,13,0,20,6,1,74,228,255,58,17,4,2,47,11,0,10,0,5,0,0,0,1,5,0,22,10,17,0,9,15,0,0,2,149,255,255,60,0,0,0,13,0,0,0,0,0,2,3,0,0,4,8,0,15,7,8,0,0,0,24,17,169,234,246,26,3,16,0,0,0,0,22,15,2,0,0,0,0,7,16,0,0,0,0,0,0,0,0,12,183,254,248,56,14,6,31,0,0,0,0,1,1,0,1,1,1,0,0,0,0,1,10,0,4,0,14,7,188,255,242,38,0,8,0,0,0,0,1,13,9,3,0,2,0,1,4,6,5,0,0,0,14,0,4,0,190,255,225,61,0,4,1,25,0,22,0,10,2,4,0,0,7,0,15,3,22,0,0,0,18,7,4,11,126,255,246,90,11,16,0,13,12,5,0,0,5,0,10,0,0,23,0,0,0,28,10,5,12,4,10,0,115,255,232,41,5,0,33,11,0,0,0,0,5,6,12,1,0,3,0,1,0,6,0,0,0,3,0,1,17,203,94,23,16,21,0,0,0,0,0,3,10,20,0,0,21,0,0,0,0,0,0,12,0,8,14,0,18,0,7,0,0,0,0,11,2,0,0,0,0,0,0,0,0,15,16,10,0,0,7,17,16,16,7,7,0,0,0,0,0,15,34,0,0,10,0,11,16
3,2,2,0,21,0,1,0,0,0,0,0,0,13,4,0,5,10,0,0,0,0,0,1,25,0,26,6,2,0,0,0,5,5,0,3,0,6,0,0,16,16,11,12,8,1,0,12,19,6,0,10,0,9,0,0,9,16,0,0,11,0,3,0,1,0,0,0,0,13,0,6,3,15,15,16,11,2,0,13,3,0,0,11,0,0,0,9,0,0,0,14,2,3,0,8,0,20,30,0,9,15,0,28,0,0,2,0,0,0,12,10,0,3,11,3,0,0,0,0,11,0,0,8,3,241,220,5,0,5,7,20,0,6,7,0,0,1,6,2,0,0,22,25,0,0,0,3,0,0,0,0,0,255,252,2,9,7,4,0,0,0,7,0,9,1,16,0,0,0,5,0,0,0,0,0,9,18,19,0,73,207,49,11,0,16,17,194,118,11,0,0,0,0,5,0,0,3,0,5,0,0,0,9,0,0,10,50,255,194,0,0,0,0,24,238,9,21,0,5,14,4,0,6,13,0,4,13,14,0,0,11,0,15,6,187,255,76,14,14,0,0,162,255,0,0,0,3,0,0,0,5,0,0,38,0,0,0,16,11,0,13,152,250,151,0,0,3,0,10,255,188,0,0,0,0,0,0,0,14,0,0,3,0,13,12,0,0,0,46,255,240,18,13,13,0,0,122,255,113,13,7,0,4,0,7,20,0,0,0,0,0,16,0,0,0,13,236,240,73,0,7,0,6,7,220,255,1,37,19,27,0,16,15,0,0,0,0,0,9,12,0,0,0,37,255,203,0,4,12,0,0,19,243,209,19,2,0,3,7,0,7,0,0,15,22,0,22,17,0,10,0,203,255,62,0,0,0,0,2,126,226,88,0,11,3,0,0,10,0,20,0,0,0,0,4,7,0,4,1,255,247,0,0,0,0,12,0,223,255,9,0,8,124,0,10,0,15,12,1,0,26,3,3,0,0,0,2,250,241,5,0,6,0,0,71,255,185,28,60,211,229,3,29,4,3,0,0,11,11,15,9,1,0,3,0,229,253,255,172,102,102,97,162,255,251,239,255,252,89,0,0,23,3,2,0,0,19,0,0,17,1,1,0,16,124,255,255,255,255,255,255,255,195,179,88,5,2,0,0,0,3,11,1,0,3,0,0,8,16,0,0,5,0,13,93,85,180,209,255,189,0,0,24,0,24,13,5,6,18,11,0,4,0,0,0,36,4,24,24,17,0,0,0,0,13,255,255,4,6,3,0,1,12,3,0,7,0,0,0,0,0,9,0,7,0,0,6,3,10,0,0,0,0,255,245,25,9,11,0,5,14,2,8,0,0,0,19,0,0,0,0,0,2,6,0,9,14,0,10,3,4,255,163,11,1,0,4,0,0,9,6,0,5,0,7,13,0,0,0,16,19,0,5,0,5,0,1,0,14,248,210,33,6,3,0,0,0,0,5,12,39,0,0,13,0,18,5,0,5,7,0,15,3,0,0,4,10,188,192,19,7,1,1,5,0,0,0,1,5,0,7,0,11,0,0,27,4,0,0,13,0,7,6,0,27,0,1,11,0,4,0,0,0,3,0,0,21,16,14,0,0,0,3,0,13,0,11,0,0,0,14,0,0,11,0,0,0,0,2,0,0,0,6,6,18,0,4,0,0,0,5,16,11,14,14,5,31,0,6,0,14,13,3,0,0,0,0,0,21,2,6,0,0,11,0,16,0,6,11,0,11,0,0,0,0,0,0,1,36,0,0,0,6,7,6,3,0,7,4,8,3,23,18
15,0,17,9,3,0,7,0,0,0,20,0,0,1,16,0,0,18,0,0,27,22,10,7,0,4,8,7,12,0,0,11,0,2,0,1,0,2,0,0,44,0,0,0,7,9,0,0,1,0,4,0,0,0,0,2,0,0,6,12,24,6,0,16,12,9,0,0,14,9,0,0,21,18,3,0,0,7,0,0,8,0,11,0,18,0,0,19,15,5,7,0,11,10,19,0,8,0,4,0,0,0,4,9,0,13,0,0,0,0,7,0,0,0,2,17,0,11,11,11,11,1,0,0,8,8,3,35,147,226,164,136,0,0,0,0,0,0,0,0,16,12,17,0,2,0,6,0,0,0,7,0,0,48,161,255,255,253,255,245,174,7,3,11,14,3,13,5,7,0,3,15,7,0,0,1,0,23,0,0,50,242,228,204,125,78,117,255,239,78,0,0,0,0,0,7,0,10,0,0,0,0,0,0,0,0,0,33,222,255,139,8,3,10,52,243,242,85,0,14,0,17,11,0,6,0,0,0,0,0,3,13,0,0,9,200,253,126,20,7,0,30,208,253,216,26,0,0,0,0,1,0,0,0,3,0,11,0,7,12,25,13,0,210,255,39,8,8,109,236,255,219,20,0,9,29,0,4,0,6,11,19,11,14,0,3,6,10,0,4,7,181,243,76,45,135,237,255,198,62,0,0,3,2,14,0,5,15,11,11,11,0,0,0,0,0,13,0,0,182,244,214,241,244,255,251,176,151,34,0,0,2,0,0,1,0,10,0,0,0,0,0,0,11,8,11,0,128,244,255,237,242,189,243,128,7,9,7,0,0,0,7,0,1,0,0,0,0,9,13,0,9,0,23,0,78,230,252,242,237,189,21,6,4,22,0,0,0,0,0,15,28,0,0,0,3,14,11,0,7,0,9,18,39,180,227,246,223,26,0,2,2,5,0,0,5,0,0,5,0,16,13,0,0,16,14,0,16,20,0,116,248,229,193,190,255,234,21,16,10,0,0,0,0,0,0,0,0,0,3,14,0,0,0,1,1,0,103,255,247,186,50,66,255,250,133,9,23,8,0,5,0,0,15,1,0,9,4,3,0,0,14,1,1,159,248,255,127,20,3,24,78,234,250,58,15,11,19,0,0,0,0,0,12,0,9,0,0,4,0,0,39,255,255,110,17,0,0,17,21,255,255,60,1,6,19,0,0,5,0,9,3,6,8,0,2,9,0,18,181,244,224,0,0,0,17,0,57,255,218,62,0,0,4,0,0,0,0,0,2,11,10,0,0,6,8,50,232,239,73,21,0,6,6,101,237,240,120,6,1,5,0,8,0,0,0,0,3,0,0,10,12,0,10,82,255,248,76,3,88,150,186,249,255,173,22,13,0,3,8,0,0,13,27,0,5,0,0,13,20,0,0,45,206,241,239,236,249,243,255,177,125,9,0,16,7,0,5,0,0,0,2,0,2,14,5,18,0,0,0,3,63,236,255,255,214,95,49,5,0,24,27,0,0,23,0,5,0,0,12,0,0,18,16,0,0,0,0,11,0,10,11,0,0,0,19,8,0,0,0,9,1,2,16,22,5,7,0,13,0,0,0,0,0,20,19,11,1,18,0,32,0,0,9,0,0,14,19,0,24,11,0,15,0,18,23,0,0,1,6,8,0,0,0,0,0,6,4,4,0,0,0,1,0,0,9,1,15,15,0,0,0,1,0,6,27,0,0,0,0,0,0,14,0,6,11,1,0,0,5,1,0,0,0,0,3,0,1,13,9,0,0,7,12
14,0,0,0,0,0,0,0,0,0,12,16,0,14,12,0,0,9,5,11,2,6,0,0,0,0,0,0,22,7,14,11,0,6,0,0,4,4,19,10,0,0,14,0,0,0,14,14,0,0,0,0,0,0,12,0,0,0,10,4,12,6,0,2,0,9,0,3,0,0,27,4,3,6,0,0,10,0,7,5,0,7,22,0,4,9,0,9,0,13,11,3,6,0,0,15,0,8,11,0,7,0,9,0,0,16,0,0,9,10,6,20,0,25,0,0,22,15,44,0,0,0,18,0,26,0,0,0,5,0,0,2,0,0,17,0,5,17,3,14,4,0,4,0,0,13,0,9,0,0,1,0,17,7,0,5,1,0,0,0,0,1,8,0,2,3,23,4,4,0,6,0,20,0,0,0,17,5,44,56,162,191,191,201,106,8,0,2,0,0,17,8,0,4,0,1,0,0,0,0,2,0,35,0,6,27,209,253,230,237,252,255,242,118,0,0,0,1,0,26,2,0,6,7,0,0,16,0,0,0,13,0,0,21,121,255,255,127,126,255,255,231,18,3,19,0,0,16,4,0,8,13,0,5,8,1,0,6,19,0,0,15,1,165,84,0,48,220,251,227,10,4,5,3,0,0,0,12,0,0,0,0,0,28,12,10,0,16,14,21,21,0,3,0,50,255,237,233,25,1,4,0,11,0,37,0,0,12,16,12,0,3,28,3,1,0,3,1,3,0,8,23,128,242,247,234,45,1,0,0,12,14,0,5,0,0,25,0,0,0,6,0,4,0,0,0,0,12,8,38,154,255,254,199,0,1,14,0,5,0,0,0,16,13,0,0,0,0,15,0,0,0,3,0,23,0,15,63,251,254,246,106,17,12,0,13,26,16,12,24,7,6,8,5,17,0,0,6,9,0,0,0,18,0,0,128,232,255,229,37,9,13,0,0,0,0,0,0,0,17,0,15,26,5,11,0,0,0,0,3,18,1,24,211,255,242,136,34,0,0,2,0,0,12,0,0,6,7,0,4,0,0,23,6,11,0,17,4,0,12,107,228,252,255,16,5,11,8,0,1,0,1,15,16,0,0,2,0,14,0,3,0,0,0,3,1,0,8,198,255,255,157,27,1,8,7,9,4,0,0,0,0,16,0,0,0,0,11,0,0,0,10,0,19,0,0,255,255,230,24,0,0,0,1,0,6,0,12,2,0,4,8,0,0,0,0,4,3,0,3,2,7,14,70,255,226,188,15,0,0,13,0,16,0,11,0,0,7,18,0,5,0,0,0,0,0,19,0,0,15,29,207,255,255,56,11,0,5,8,10,4,0,8,4,0,0,0,7,0,0,0,13,0,7,10,4,0,0,42,255,237,251,56,9,12,2,0,11,21,0,8,19,0,7,0,7,0,0,7,12,0,0,0,0,0,10,49,248,255,248,36,0,20,20,0,12,0,0,13,0,0,0,0,0,0,5,7,0,5,14,0,0,0,19,124,255,255,179,10,0,4,0,16,11,3,13,0,0,0,1,0,4,4,3,12,6,0,6,19,0,7,7,75,232,224,217,0,0,5,0,4,0,32,3,0,0,6,15,11,0,17,4,0,0,0,10,0,0,0,0,0,23,142,83,2,6,0,10,8,0,17,0,12,4,11,0,8,0,3,0,23,21,24,11,0,0,5,0,0,0,1,0,0,8,0,13,6,0,14,17,12,0,7,0,15,0,22,0,0,0,15,0,0,3,14,0,7,8,15,0,0,19,0,0,3,1,12,0,0,3,0,17,0,23
0,5,1,0,26,0,8,16,0,0,0,12,1,11,12,1,7,20,0,19,0,8,0,0,2,6,0,1,4,0,0,11,0,1,14,0,22,0,5,0,0,0,34,8,0,0,0,27,2,0,0,0,0,5,4,0,0,0,19,0,0,0,11,0,0,0,0,0,12,0,0,12,0,15,0,0,28,0,0,0,3,0,10,16,4,0,0,0,9,0,0,0,0,0,7,0,0,3,5,0,8,4,4,15,0,1,0,13,6,0,3,0,9,21,0,0,0,11,20,15,0,0,18,10,0,0,15,9,0,19,2,0,39,1,5,0,0,0,0,7,0,14,0,0,0,19,0,3,11,133,253,255,230,169,177,143,75,3,20,0,0,23,2,0,0,0,0,8,0,0,20,0,0,7,3,0,0,73,171,236,185,210,240,255,232,52,0,0,1,5,11,15,0,0,0,17,0,18,0,0,13,2,0,0,0,0,0,1,0,22,97,255,230,131,0,23,0,0,0,6,0,0,22,0,0,0,1,5,0,2,0,0,1,0,15,14,0,40,68,244,248,135,1,0,3,0,0,0,0,6,0,8,0,0,14,4,6,9,11,0,0,15,26,0,0,36,208,248,235,24,0,1,13,9,4,0,0,0,0,11,10,0,0,0,0,5,2,12,0,0,0,34,15,223,255,254,98,13,22,0,31,0,7,13,0,17,0,3,0,0,0,0,0,16,10,7,0,14,0,31,170,239,241,64,11,0,0,7,9,0,0,0,1,0,17,0,10,0,8,0,0,0,0,6,3,2,55,246,255,199,67,0,10,10,0,0,0,16,0,16,21,0,10,0,12,1,5,4,0,23,0,3,14,6,127,255,230,162,7,0,17,0,0,5,3,5,20,5,8,5,0,28,0,0,0,0,8,4,8,7,0,13,15,123,255,229,172,13,0,0,0,9,1,9,0,24,6,0,0,7,0,5,16,0,21,2,0,0,0,0,0,6,101,218,254,229,77,5,0,21,0,4,5,10,0,9,0,0,19,0,2,0,0,0,2,0,11,0,0,3,0,16,149,255,226,77,0,0,18,8,18,17,2,0,0,28,0,5,0,0,0,0,0,0,5,29,13,4,9,7,13,111,255,238,51,35,0,3,15,3,5,0,4,0,0,27,14,0,16,0,0,0,0,12,0,13,8,2,2,45,255,255,143,0,2,5,0,0,8,5,0,7,3,0,8,4,7,0,0,23,0,0,12,6,17,10,50,189,246,238,109,2,0,5,0,0,0,0,0,0,8,0,0,5,0,13,0,2,17,0,15,0,0,17,105,255,246,236,21,0,0,0,24,0,1,17,13,0,0,0,0,0,0,0,0,24,9,0,0,0,0,71,230,248,255,90,0,28,1,0,16,33,0,0,0,14,16,0,0,17,0,20,0,4,2,0,68,28,84,255,253,247,109,0,12,6,11,5,0,0,0,0,0,0,8,0,1,0,4,0,0,0,5,79,241,224,232,221,180,86,8,0,0,0,6,0,6,0,0,3,15,6,0,10,0,0,16,0,0,5,0,11,231,238,249,148,0,20,7,0,7,0,0,5,9,0,0,0,5,0,0,9,0,4,0,0,6,0,0,0,12,0,0,0,0,6,5,0,0,1,0,11,0,0,0,0,29,0,13,0,9,10,8,0,0,3,0,0,0,4,0,0,22,4,0,9,5,0,2,0,7,23,11,8,35,0,5,2,2,0,0,10,2,17,6,10,0,5,0,18,22,0,0,13,12,7,16,0,0,0,7,4,0,12
6,26,0,0,3,11,1,0,5,0,0,31,2,21,0,10,27,0,0,4,0,2,18,0,0,0,16,18,6,0,0,0,12,0,0,14,9,0,0,5,0,5,0,0,6,0,7,0,1,3,0,0,0,0,2,0,0,1,1,0,0,0,2,0,0,15,25,11,0,9,0,0,14,11,13,0,0,7,0,0,0,6,7,8,10,15,1,4,0,0,0,5,0,0,0,27,2,0,14,0,0,0,0,0,17,5,0,0,0,0,0,0,18,9,13,0,28,15,0,0,0,0,0,0,0,2,22,10,0,13,6,10,2,0,15,0,0,20,0,8,23,0,0,8,0,22,1,7,2,2,3,24,0,13,3,3,0,2,0,4,7,0,0,0,3,10,0,6,0,23,0,0,0,0,0,0,7,5,0,1,32,0,6,0,10,0,0,0,0,1,0,8,0,1,4,0,0,0,0,8,0,0,12,0,6,0,10,123,157,255,255,245,197,102,0,0,17,0,0,8,0,21,13,1,17,2,17,0,7,8,0,16,22,20,171,248,254,255,248,242,255,255,108,27,0,0,0,0,0,13,0,0,0,0,1,0,10,3,0,2,11,198,240,219,125,69,37,84,180,246,249,30,0,0,0,15,0,0,0,19,14,11,1,10,0,0,0,8,43,247,248,123,1,0,0,0,11,181,239,143,21,6,6,0,0,19,2,0,0,0,18,11,22,0,0,0,134,247,213,4,0,11,45,27,237,255,236,173,4,0,0,0,11,0,0,0,16,5,0,21,0,34,5,4,170,255,75,12,0,11,9,66,237,255,255,119,0,9,0,14,0,0,0,0,2,19,0,1,0,0,0,6,191,255,32,0,6,0,9,234,255,246,254,70,23,10,0,0,0,0,4,0,10,24,0,0,11,28,0,3,170,246,71,0,0,0,182,227,255,205,24,0,5,0,0,0,7,0,0,6,8,37,0,0,0,0,1,14,136,255,176,22,0,170,255,255,231,133,0,0,6,4,23,8,15,3,0,0,0,1,0,2,0,0,0,0,35,219,255,239,248,235,236,246,251,167,0,19,1,0,0,0,9,20,0,0,30,2,0,6,0,5,6,0,0,16,204,255,255,177,116,171,255,186,17,0,0,0,13,1,7,7,0,15,6,0,2,7,0,10,0,0,0,0,6,0,0,0,0,153,246,155,18,3,0,3,23,8,4,0,0,0,0,0,0,17,13,17,31,0,0,0,23,11,0,0,0,143,245,190,1,0,0,4,0,12,0,21,7,1,0,0,0,0,0,0,4,4,0,2,7,11,0,0,0,161,249,252,24,0,0,0,0,0,0,0,13,0,0,8,0,2,0,14,7,0,0,38,25,11,0,13,0,61,253,255,32,0,0,14,0,0,9,18,17,0,0,2,0,0,0,2,0,12,0,0,18,0,0,0,0,66,242,239,76,0,9,0,17,0,5,11,8,0,3,16,0,0,3,0,0,0,2,26,0,0,5,0,11,38,244,254,0,0,0,7,14,0,5,19,0,0,0,0,0,5,9,6,0,13,19,11,8,0,6,0,19,59,250,249,86,0,0,15,2,0,15,19,0,17,3,10,0,20,0,0,7,11,6,0,3,9,0,0,0,7,221,255,102,0,0,15,21,18,0,20,0,0,16,10,2,21,2,0,6,11,0,4,3,9,23,7,0,17,184,220,35,12,14,7,2,0,0,14,22,13,0,8,22,0,0,1,14,2,11,19,3,10,0,9,5,0,3,1,17,0,19,1,2,17,29,0,0,0
1,0,3,0,0,8,5,0,1,18,0,0,0,0,26,0,12,9,7,0,0,1,0,0,11,3,8,5,0,0,0,11,7,0,0,14,17,5,0,10,0,43,0,10,0,21,0,5,24,0,0,0,10,0,0,2,3,0,5,0,0,0,10,8,6,0,0,0,30,0,0,0,27,15,3,6,3,0,2,0,1,11,18,0,10,0,19,4,24,8,5,15,0,0,0,0,19,11,7,0,1,8,1,0,1,0,3,1,0,7,16,13,0,0,0,0,20,0,0,9,0,0,0,0,5,13,0,0,0,0,1,38,4,0,0,0,0,0,10,14,14,0,14,0,11,0,0,6,0,0,0,0,0,0,7,0,0,2,0,0,0,0,1,8,17,2,13,12,5,10,14,20,0,0,0,0,0,191,255,163,74,21,19,42,9,0,13,0,0,0,8,0,0,22,0,0,4,0,2,0,3,10,0,4,8,243,233,255,245,242,246,214,43,0,0,6,0,11,0,10,2,29,30,0,15,0,19,0,0,8,8,0,6,142,255,244,255,235,255,253,173,0,0,9,13,0,8,0,20,15,0,11,0,22,0,10,0,12,0,0,0,0,127,193,150,252,245,238,255,8,0,0,0,7,0,0,10,0,11,0,0,5,1,16,0,7,0,0,12,24,0,12,0,0,23,174,255,54,0,5,0,3,0,0,6,0,0,0,24,0,0,26,33,9,3,9,23,0,1,4,8,0,0,101,235,108,12,9,16,12,0,5,4,3,15,0,0,0,11,0,27,0,30,16,23,0,0,0,0,0,0,77,255,99,5,5,8,0,0,0,0,0,0,0,22,0,17,0,0,0,0,0,0,0,12,0,12,0,5,70,255,76,12,19,22,2,8,0,0,8,0,0,1,0,17,4,0,4,0,0,0,11,0,0,0,9,19,151,255,27,42,43,22,8,0,0,0,0,25,11,0,16,0,0,0,10,0,10,0,0,0,21,51,195,177,237,255,245,255,255,154,0,24,0,0,21,0,1,0,1,13,0,0,0,14,7,9,0,68,231,243,251,255,253,254,255,225,120,26,5,5,15,0,11,4,2,0,0,0,0,0,0,0,0,3,42,255,255,229,255,255,255,255,152,23,0,0,0,6,7,0,0,12,12,0,0,17,3,16,0,0,0,6,2,142,197,117,217,238,214,0,0,5,0,29,0,0,0,12,23,5,0,0,0,6,0,16,15,0,0,0,2,1,6,29,165,250,159,0,0,15,0,17,0,0,12,0,9,4,0,14,0,0,16,0,6,29,0,35,0,1,9,2,247,255,96,0,0,0,18,14,1,0,0,0,0,0,0,11,0,9,0,0,0,0,26,0,0,25,0,0,251,193,10,0,0,0,6,0,0,8,20,9,0,0,0,0,0,0,3,11,5,0,0,0,0,4,18,73,248,77,10,2,0,0,0,0,21,2,0,0,5,0,0,0,0,0,0,8,0,0,0,0,0,0,7,5,240,84,0,0,17,25,3,0,31,0,2,7,0,38,5,0,0,0,32,0,2,0,19,4,2,0,21,1,255,80,0,16,10,25,14,0,0,19,0,0,0,3,0,6,1,0,10,0,8,8,0,0,0,11,19,0,148,82,7,7,4,4,0,11,2,2,15,0,0,1,22,5,0,0,2,0,7,7,18,0,0,0,5,0,0,0,15,6,0,0,0,0,0,5,7,1,0,13,0,0,0,0,1,0,0,24,0,0,10,0,0,0,0,17,0,0,0,0,0,0,0,0,2,11,0,0,0
4,3,5,0,0,0,0,6,3,0,5,15,4,0,0,0,0,20,0,18,9,0,3,3,0,0,0,0,9,0,0,12,4,0,9,0,9,0,6,32,0,0,3,0,0,8,0,10,8,13,0,0,0,9,6,0,7,17,0,7,13,0,0,1,0,5,0,0,14,10,5,8,6,0,12,2,13,11,0,0,7,0,9,27,0,0,11,16,11,18,15,8,2,0,13,0,1,0,5,0,12,1,0,6,0,3,5,0,11,1,0,0,3,0,0,3,16,11,3,0,0,0,0,10,0,0,18,102,244,64,6,0,9,0,9,0,0,25,0,7,17,0,0,0,13,27,23,0,0,0,0,0,18,0,124,253,255,58,0,24,0,0,3,5,0,2,0,0,0,0,0,0,0,0,0,1,31,28,0,0,2,49,249,255,69,0,6,0,0,0,0,0,13,0,0,1,2,7,4,0,15,0,17,5,12,4,6,0,38,216,255,88,9,7,3,3,22,0,4,0,0,0,0,0,2,4,14,13,1,27,0,0,0,0,1,43,210,228,111,10,0,0,0,0,0,0,0,0,0,10,0,2,4,7,0,0,0,0,0,0,0,16,10,175,244,146,2,10,3,9,21,12,35,2,14,0,13,3,7,0,0,3,0,2,8,0,2,0,8,0,136,255,161,11,27,0,10,148,99,1,0,0,0,0,0,0,0,3,1,20,24,6,2,0,0,1,0,28,239,226,39,20,2,0,20,255,194,6,0,0,0,0,5,0,0,9,0,2,0,0,6,0,0,0,0,128,255,84,5,5,18,24,158,255,182,0,2,0,11,21,6,0,0,0,0,11,0,0,2,0,0,0,50,255,179,16,16,11,0,13,248,253,100,0,0,0,2,0,3,0,10,19,0,11,0,7,0,0,0,0,138,248,203,15,22,0,12,105,242,255,47,18,11,11,0,8,0,0,10,0,6,6,0,0,0,0,8,7,57,255,250,179,61,0,52,232,255,160,0,18,0,0,3,0,22,6,5,10,0,0,0,0,4,0,0,0,5,150,244,246,255,169,234,236,255,39,4,8,9,6,0,15,0,13,10,19,8,2,0,15,0,0,0,2,0,21,100,218,244,248,255,246,210,0,0,0,26,3,0,16,0,13,0,11,14,0,17,0,0,8,0,0,0,0,14,3,22,47,255,240,33,1,5,0,0,12,2,0,0,0,5,9,23,0,7,5,16,6,5,0,0,22,0,0,0,61,254,219,11,1,14,0,0,0,0,0,0,0,17,1,0,1,0,0,0,21,0,22,7,0,0,13,0,189,251,154,0,0,2,0,0,0,16,0,26,0,12,0,21,7,21,10,18,0,13,3,6,2,0,0,57,255,239,133,5,8,0,0,16,2,10,16,0,0,7,0,0,17,12,0,2,0,0,10,3,0,0,0,42,255,221,64,15,0,33,0,0,0,0,3,0,0,11,31,0,0,0,0,0,14,16,0,8,0,0,0,23,246,186,23,0,9,0,6,0,0,0,2,4,3,0,2,0,0,0,2,8,0,4,0,2,17,1,5,0,0,0,0,0,0,28,0,4,40,26,11,3,0,0,5,0,0,1,6,12,5,0,8,0,8,0,0,0,0,20,9,7,7,0,0,0,20,4,13,0,0,0,0,0,0,8,0,6,10,0,23,18,2,0,0,5,14,0,25,0,0,0,0,48,0,8,0,0,3,10,0,0,13,18,13,11,1,0,10,2,0,0,0,0,5,0,0,9,7,7,0,0,4,2,8,0,0,0,0
8,2,0,4,21,6,14,3,28,19,10,0,4,4,0,4,0,0,0,3,0,0,0,0,0,8,0,1,35,7,0,0,0,0,0,6,0,5,6,0,0,11,0,0,22,21,14,18,2,0,0,25,0,10,0,19,1,0,9,2,11,0,3,0,0,13,14,23,4,28,4,0,0,0,6,6,9,6,0,0,3,16,0,0,0,0,0,6,0,0,27,0,8,0,0,13,0,4,0,8,0,0,0,0,0,0,4,3,22,0,0,0,0,0,0,13,3,0,0,17,0,0,0,11,15,0,0,13,1,0,15,7,7,9,0,12,0,0,12,6,0,0,1,0,0,6,0,10,0,0,0,114,196,0,6,14,36,0,1,0,0,15,4,12,0,1,10,7,0,1,0,0,0,0,5,0,3,18,0,189,193,0,4,0,0,0,17,26,0,15,0,0,12,6,0,0,0,4,0,0,0,0,0,15,0,0,7,225,174,0,0,1,0,3,0,12,0,0,12,0,0,6,0,24,0,21,8,0,6,0,28,2,0,6,104,247,175,0,2,0,0,4,47,88,0,0,3,0,0,22,0,12,4,28,3,0,8,3,0,24,0,0,157,255,79,23,12,8,9,0,122,240,4,0,16,6,0,10,0,21,7,20,0,0,0,0,0,0,0,20,185,229,11,0,0,0,0,68,233,192,0,1,10,0,13,8,4,0,0,0,0,12,8,2,22,0,0,4,255,126,0,0,17,0,22,238,253,99,0,0,15,0,0,8,14,4,0,9,1,3,3,0,20,0,0,44,255,144,0,2,0,29,230,255,220,16,17,3,20,0,17,17,0,0,0,0,5,0,0,1,5,22,0,0,255,134,6,12,63,239,253,255,133,0,0,0,16,25,0,0,21,12,0,31,0,0,0,26,0,0,0,0,196,239,138,125,244,244,243,249,40,4,0,5,2,0,0,0,0,13,3,0,12,5,27,0,7,0,2,0,63,228,230,255,255,195,207,202,0,0,15,37,0,6,0,17,0,5,14,4,0,34,0,6,8,22,15,21,0,73,196,238,183,51,225,167,0,5,17,6,6,13,8,11,0,0,0,24,11,0,10,5,0,0,5,0,0,2,0,8,14,60,243,79,11,17,0,0,0,26,0,35,4,0,0,0,0,3,10,25,0,0,0,21,8,0,1,0,5,110,237,107,7,0,0,12,0,9,4,0,0,8,0,0,0,3,5,0,3,10,9,0,33,0,25,0,8,180,237,72,7,11,0,11,0,0,0,0,24,9,0,0,0,0,0,16,21,0,0,0,0,0,0,11,19,245,227,11,0,0,33,0,8,1,0,3,14,0,0,8,4,0,0,8,0,0,0,2,10,8,0,9,0,251,237,7,34,13,24,1,1,0,0,0,6,8,3,10,0,10,0,0,0,0,3,3,0,0,0,1,0,244,240,0,0,0,10,21,1,15,12,0,0,0,15,0,0,0,2,0,0,0,4,19,0,0,0,0,0,156,244,0,0,0,20,6,7,30,1,0,0,7,0,3,0,0,19,4,0,0,4,8,0,6,0,0,0,30,232,0,0,9,0,9,0,0,16,0,0,11,3,0,5,0,0,7,24,0,0,2,0,0,1,10,0,0,10,0,8,3,13,5,3,0,0,14,0,4,24,0,0,0,0,0,0,0,0,0,2,0,16,0,0,0,0,7,0,8,0,0,9,0,0,29,4,13,0,4,0,5,7,0,0,0,0,1,10,0,0,8,17,8,4,0,0,0,9,12,10,0,0,0,0,0
0,0,19,5,3,0,15,0,0,0,0,0,21,2,6,12,6,5,1,0,0,0,15,0,17,0,10,0,0,7,15,22,17,20,0,0,0,24,0,8,11,4,12,0,3,1,0,5,0,0,0,23,0,6,0,0,16,4,0,15,5,1,0,0,0,0,0,8,0,0,0,15,0,13,13,0,4,22,18,8,9,11,4,6,0,8,6,2,16,1,16,8,14,15,0,0,0,19,7,0,0,0,0,4,21,2,0,0,0,15,0,0,0,5,27,0,19,0,0,1,0,19,0,13,0,0,27,22,0,0,40,2,26,15,0,0,0,11,0,0,7,0,0,0,0,0,0,0,0,4,0,0,21,0,0,8,14,0,1,0,6,191,94,10,0,8,0,0,0,0,0,0,0,11,26,0,0,5,0,1,13,0,0,0,14,28,0,7,46,255,201,2,0,11,0,22,0,0,0,21,5,1,251,3,0,22,23,0,0,0,0,8,5,0,10,0,201,255,190,12,33,0,6,0,0,1,8,0,2,85,244,81,5,1,0,0,23,0,6,0,0,10,15,62,255,255,118,0,36,7,0,16,0,12,0,0,0,150,242,120,24,0,0,4,9,0,2,0,2,0,0,112,250,243,73,0,7,0,0,0,1,0,0,25,6,211,252,93,0,0,4,0,0,7,0,0,0,6,25,212,255,151,0,17,6,13,0,0,7,0,0,0,0,239,255,206,0,16,3,0,5,5,0,7,0,13,85,255,253,77,0,1,12,0,6,0,0,0,0,0,14,216,239,255,57,1,16,0,0,0,4,0,6,13,196,251,217,5,0,0,0,0,3,0,16,4,3,6,2,130,238,255,240,177,136,12,0,52,27,57,47,55,255,255,132,6,0,0,0,3,3,14,0,0,22,0,36,42,174,246,243,255,244,158,236,244,242,253,175,253,255,255,71,5,0,0,0,0,14,18,11,9,0,0,0,0,67,248,255,250,233,255,255,231,249,223,146,247,255,255,55,1,7,0,0,7,4,9,5,0,1,11,4,16,20,98,223,238,255,255,249,255,253,255,131,139,248,252,58,0,0,1,7,9,14,8,15,0,1,2,0,12,2,0,69,138,224,241,255,233,244,156,64,191,255,199,11,1,0,0,2,0,0,0,23,1,0,10,1,0,0,26,0,10,6,44,61,23,29,0,0,200,255,178,16,2,0,19,0,2,21,6,0,5,0,0,5,0,0,0,4,0,0,0,40,0,0,0,1,199,248,166,0,0,3,0,0,12,0,0,0,0,0,22,0,2,0,22,0,23,0,0,12,0,0,0,0,178,245,136,6,17,0,14,18,0,2,8,11,2,11,3,2,0,2,20,0,5,0,0,0,0,2,25,23,188,255,83,5,0,12,0,10,0,0,0,1,0,0,0,22,16,9,24,6,11,10,0,0,9,2,0,10,210,252,87,3,0,0,17,14,0,11,3,1,12,0,5,7,18,4,0,0,9,9,20,12,0,6,0,14,203,255,79,0,0,21,0,0,0,6,9,0,0,0,12,5,0,7,15,0,7,0,9,2,0,0,2,35,126,124,0,0,0,14,9,5,18,27,0,0,0,32,0,4,0,3,15,0,0,0,4,0,0,1,0,0,4,14,0,12,0,5,1,10,9,0,0,0,24,1,0,10,0,2,23,17,0,0,10,10,0,0,0,0,14,0,0,6,16,0,0,5,13,12,0,3,16,15,27,0,28,7,0,0,24,9,0,11,2,0,9,13,7,9,8,4,0,11,0,0,0,0,28
22,17,0,21,0,16,2,18,2,0,12,8,13,0,0,0,20,0,2,5,13,0,24,0,0,0,9,0,7,17,1,14,0,26,5,5,4,0,2,0,3,19,13,0,3,14,0,3,20,11,0,0,4,0,0,0,0,0,2,0,31,0,20,0,0,0,11,39,17,4,25,0,0,18,0,0,17,8,0,0,0,0,0,0,0,0,7,8,6,39,2,0,0,0,2,10,0,0,8,2,16,3,5,5,0,0,0,8,7,0,0,0,0,0,19,0,0,0,0,0,23,1,21,0,0,0,6,0,0,0,0,0,3,4,14,0,0,4,10,1,6,20,47,5,7,1,10,0,16,9,3,1,0,6,0,0,0,0,22,0,11,0,22,2,0,5,0,8,0,6,6,14,0,5,0,0,0,0,0,6,8,0,43,142,228,223,74,0,0,29,13,5,2,0,0,0,0,0,0,17,20,5,0,0,20,0,0,0,0,156,255,238,170,186,241,34,0,0,0,0,1,19,0,13,0,0,3,14,6,16,0,2,0,0,0,10,197,246,110,5,0,25,203,109,14,0,14,0,0,6,0,37,0,0,0,0,0,0,0,0,0,6,0,178,250,84,3,0,0,0,201,160,0,21,0,0,0,0,4,0,5,11,0,0,1,20,3,11,3,0,162,255,103,1,6,11,0,0,214,112,0,0,10,1,4,16,0,6,0,0,16,0,0,0,0,5,0,92,255,150,0,0,7,27,16,31,247,103,1,20,0,12,7,16,0,2,0,23,0,12,0,12,10,11,29,247,203,4,9,0,21,0,10,223,252,68,16,33,23,0,0,5,2,20,21,0,0,0,2,7,6,0,74,244,52,0,11,7,10,0,16,225,232,26,0,6,6,9,14,0,0,0,17,21,4,16,12,0,0,0,204,253,37,0,15,0,0,0,209,233,53,0,0,4,0,0,0,3,25,18,0,22,11,7,0,0,0,0,220,255,24,0,11,0,58,206,253,168,0,0,6,0,0,12,4,8,0,9,5,17,0,0,7,0,0,4,75,252,254,145,110,192,227,227,249,63,0,11,0,11,4,21,10,0,0,0,5,5,0,16,4,0,0,0,0,81,132,212,172,142,131,255,228,0,15,0,10,0,0,0,2,0,1,0,15,15,0,0,16,10,0,15,33,0,2,5,20,0,115,255,189,0,0,8,4,11,17,18,3,0,0,1,8,0,0,11,0,0,0,0,14,16,10,0,8,11,109,234,126,11,0,18,7,14,0,10,0,0,14,12,7,0,0,6,0,14,0,13,4,19,15,0,7,42,182,233,86,0,0,5,19,0,10,9,1,13,0,0,0,0,8,0,0,0,0,0,8,0,0,0,0,0,234,233,24,2,10,29,0,0,7,0,0,0,16,22,0,0,12,0,0,0,0,0,4,4,12,26,0,123,249,149,11,0,20,12,0,0,0,9,0,0,0,2,0,6,0,22,1,17,0,8,4,0,6,3,0,138,249,95,76,0,0,0,11,0,3,6,0,9,0,9,0,0,10,15,7,0,0,15,21,0,8,0,2,198,255,254,68,0,6,19,0,14,0,29,6,3,6,0,0,0,10,4,0,0,0,0,5,1,0,5,0,118,227,47,0,5,0,19,0,5,5,29,0,0,0,0,3,0,3,12,0,17,8,10,6,18,20,0,0,2,0,20,17,0,0,6,0,0,4,0,0,15,0,0,0,22,0,10,12,11,29,4,0,0,18,0,17,16,0,0,0,18,9,11,18,14,0,17,22,12,5,13
0,0,24,10,10,0,15,19,0,13,0,0,8,23,4,5,7,0,12,13,0,0,10,0,5,0,0,0,21,1,0,21,0,14,1,1,11,0,11,0,0,2,0,23,0,0,7,21,12,0,2,0,0,22,15,0,0,0,1,15,1,8,4,13,0,0,0,7,0,0,0,0,0,0,19,0,0,0,0,0,0,5,13,0,0,23,12,17,15,0,8,0,0,4,5,0,0,0,5,5,1,11,9,2,3,0,0,0,13,16,0,0,0,5,9,0,0,5,0,0,3,0,0,0,0,0,0,13,13,0,5,2,12,24,13,0,0,5,0,1,14,11,0,0,8,7,3,11,17,4,10,0,0,0,9,171,255,197,14,0,13,0,0,9,0,0,7,0,3,9,0,0,0,0,0,13,23,7,0,199,136,167,252,167,225,253,172,135,0,0,0,4,0,0,5,4,0,0,0,4,0,0,0,0,16,11,215,253,234,255,254,216,218,230,234,245,191,11,4,7,0,29,10,23,0,9,0,0,0,0,7,0,58,230,249,245,225,211,95,47,18,31,47,249,207,0,0,2,0,12,17,10,0,11,12,5,4,16,1,15,231,255,242,241,121,24,5,10,0,9,66,255,178,21,13,4,3,0,19,11,0,0,0,22,0,6,17,179,251,255,240,101,19,0,0,0,0,0,84,255,237,40,11,0,0,0,0,0,0,0,0,13,2,12,45,240,243,237,103,0,0,0,23,14,0,0,126,249,215,0,4,0,0,0,0,14,10,8,17,10,10,6,71,255,251,173,3,24,0,8,14,0,7,34,202,252,121,20,13,0,0,0,0,4,0,11,11,0,0,2,0,106,142,0,0,12,3,12,0,5,10,134,255,221,31,0,13,0,0,18,14,0,3,0,11,7,5,21,22,14,11,2,12,7,3,20,0,39,2,180,249,147,0,0,0,14,0,0,0,20,0,0,12,0,8,8,5,0,15,0,0,0,7,0,34,85,138,228,246,105,0,4,0,0,0,0,34,5,17,25,0,14,9,0,4,1,0,0,0,7,13,174,255,248,255,247,208,25,21,19,22,0,0,0,8,0,0,0,14,0,5,10,7,0,0,2,0,167,249,242,255,255,255,255,204,2,7,12,0,0,3,0,0,0,0,0,0,8,0,0,0,5,0,13,101,239,231,252,235,255,255,255,222,43,20,22,0,4,0,0,6,0,5,4,0,0,7,18,12,5,0,20,255,255,231,255,255,255,207,87,255,219,0,14,0,0,0,9,8,10,0,0,0,0,0,9,9,0,0,9,245,255,255,255,249,236,27,12,229,223,24,0,6,0,3,0,0,5,0,0,0,17,15,0,14,6,7,9,239,253,255,255,170,16,25,0,255,255,66,0,21,0,2,6,0,0,0,21,0,0,1,6,0,5,0,20,224,254,243,116,14,0,17,7,175,246,132,6,0,5,0,1,16,0,11,0,0,12,2,0,19,11,0,15,27,158,50,10,8,14,1,0,158,238,91,0,11,0,0,2,0,15,10,0,9,9,0,0,5,8,14,25,0,0,0,3,0,13,0,22,2,86,73,0,0,8,5,0,17,14,5,0,15,7,7,6,0,0,18,0,0,2,0,5,17,9,7,0,0,4,0,0,1,0,3,0,0,17,0,0,0,0,9,0,1,0,26,0,0,7,0,19,29,2,20,0,2,0,0,1,8,0,31,4,0,0,0,0,0,0,3,0,0,5,7,31,0,0,8,30,7,12,14,5,0,0,0,0,0,0,0,0,0,19
22,1,3,0,20,0,0,0,7,0,9,0,0,3,3,0,0,3,0,2,5,0,12,3,0,18,0,0,4,14,7,7,0,0,0,0,0,0,0,4,0,0,0,0,22,0,14,6,16,0,22,3,0,6,4,0,0,0,0,0,0,24,0,19,11,13,2,8,3,0,14,0,3,0,0,0,15,0,0,0,0,8,0,8,0,0,0,0,3,8,0,0,0,0,0,15,0,1,0,0,7,0,0,1,19,8,0,0,18,0,0,11,5,0,0,20,0,14,7,0,14,0,0,19,0,10,0,1,12,4,0,2,3,7,0,19,0,0,11,0,12,0,0,4,0,0,0,0,0,0,11,5,68,59,246,176,228,138,99,115,32,4,0,0,0,0,8,0,0,0,0,1,0,0,9,87,222,255,230,224,255,227,241,255,255,242,255,241,87,3,0,0,1,17,0,0,11,13,0,0,8,12,131,255,252,214,255,236,254,255,242,234,237,228,252,255,220,3,16,3,0,0,30,1,4,0,0,0,12,0,255,250,232,167,245,182,167,83,114,9,43,32,163,255,231,68,12,0,0,0,0,11,13,0,0,12,0,0,239,255,255,114,38,0,11,3,5,0,10,0,31,37,58,15,0,0,0,9,0,27,0,9,0,11,1,0,107,255,241,58,0,7,0,0,0,3,16,5,16,4,0,4,0,5,7,0,12,0,20,27,0,3,0,0,84,255,255,84,35,35,22,26,0,1,0,30,6,9,17,1,0,9,0,15,1,19,0,9,0,0,11,0,20,229,255,249,239,255,202,192,176,87,25,0,2,0,13,0,0,2,11,0,8,3,5,23,0,18,13,0,13,98,234,252,255,255,249,250,255,255,200,89,7,0,0,12,0,0,12,0,0,0,3,0,0,0,17,15,13,80,235,245,255,255,252,251,255,243,255,235,171,0,6,13,20,10,6,0,0,0,0,13,0,1,9,4,14,0,20,142,247,148,205,219,207,242,255,253,255,146,0,8,2,2,0,1,21,0,4,0,0,0,30,2,3,0,11,0,0,14,16,14,0,127,222,255,255,252,78,0,0,13,0,11,1,2,0,19,6,0,0,17,0,0,9,0,4,0,27,0,5,0,29,210,218,255,127,4,0,16,0,7,4,4,0,0,12,0,12,0,18,5,0,26,0,0,3,0,1,0,6,223,255,241,254,72,0,17,0,0,1,20,14,0,4,20,13,12,10,0,20,0,0,4,0,0,0,4,109,247,239,240,233,3,5,0,12,0,0,0,0,7,4,0,10,5,0,2,47,29,0,3,32,32,170,195,240,255,255,241,206,32,0,6,0,0,16,11,0,0,3,0,12,18,0,0,177,172,168,156,231,240,255,253,255,255,246,252,112,0,5,2,7,0,0,16,8,6,0,0,0,12,0,7,95,248,255,242,255,255,255,250,244,255,250,112,10,0,0,5,1,0,4,11,1,16,29,0,0,0,1,0,15,178,220,246,249,249,255,255,246,216,116,0,18,0,0,1,15,0,0,16,0,12,0,0,0,0,11,10,0,0,19,141,249,255,108,69,9,0,0,9,3,10,0,0,11,0,6,11,0,0,0,7,0,9,3,0,22,0,0,0,1,0,0,0,24,0,0,9,22,0,0,0,0,0,10,0,0,3,0,0,0,20,0,7,15,8,2,21,15,0,0,15,0,1,12,8,0,3,0,6,0,13,0,0,7,0,3,44,7,0,14,7,0,6,8,15,7,0,18,0,25,10,6,11,0,0,5,0,23,13,0,9
0,0,11,0,0,0,0,0,2,8,0,0,0,21,9,11,32,0,0,2,8,3,0,0,14,10,0,4,4,0,38,2,0,0,31,1,0,0,14,22,12,0,13,1,0,0,3,13,16,10,0,0,0,20,0,0,0,0,2,14,0,16,6,0,12,0,0,18,0,0,0,0,11,0,20,0,0,3,9,28,0,0,0,0,9,0,21,8,0,0,0,22,0,0,16,13,5,0,12,26,0,24,2,0,12,12,0,0,4,0,0,11,3,0,12,0,0,23,0,1,0,0,11,23,0,0,97,224,242,22,7,0,0,3,0,5,21,0,0,0,1,6,0,4,9,3,0,3,20,0,0,4,0,98,219,253,190,15,4,22,0,0,0,0,0,0,22,0,3,0,4,13,0,0,0,0,4,8,0,32,71,215,219,58,11,0,0,3,5,0,0,0,0,4,32,10,0,2,12,0,0,12,28,6,3,0,1,30,220,243,98,0,14,0,0,13,0,0,1,14,0,0,0,0,0,0,21,0,0,0,14,0,0,0,0,124,255,133,25,22,17,0,9,0,20,0,128,61,12,0,0,0,0,9,2,9,0,11,0,0,11,3,37,228,247,68,19,0,6,4,0,0,4,56,255,61,6,14,5,9,13,0,0,2,0,11,20,0,20,0,174,255,50,0,8,0,4,5,13,22,97,240,211,46,11,11,0,0,0,0,0,5,0,0,14,12,0,55,222,239,13,2,14,0,0,0,0,0,205,250,207,13,8,0,8,23,19,0,0,0,13,0,0,6,0,197,251,145,17,8,5,20,0,0,4,218,255,244,58,0,11,11,15,0,0,4,0,13,14,0,5,20,12,192,233,15,0,10,0,0,0,13,104,255,255,81,1,11,15,10,5,11,0,6,0,0,0,16,6,4,41,255,160,0,0,20,3,0,0,106,255,242,139,0,9,0,5,7,10,0,2,0,0,0,0,7,13,16,51,254,177,1,0,11,18,105,201,255,223,141,44,10,0,6,0,0,10,0,0,18,20,19,13,0,17,0,54,255,255,234,109,171,255,255,255,253,187,11,0,19,2,11,0,0,0,2,10,5,0,0,0,2,3,0,5,123,255,255,255,247,255,239,249,108,0,19,14,0,3,0,5,0,0,15,5,1,0,0,0,6,2,4,0,0,50,105,114,142,255,255,106,52,8,1,20,8,0,0,13,0,0,9,16,0,0,0,0,12,0,0,0,11,0,0,107,255,234,115,0,25,8,12,5,15,0,13,0,21,0,2,12,0,0,4,0,0,0,0,10,0,0,14,255,255,181,0,0,0,9,0,11,0,8,5,8,11,0,0,0,5,0,8,0,26,12,0,2,10,0,150,254,210,10,0,22,0,0,0,14,9,0,15,12,0,7,23,0,4,15,0,0,17,0,0,0,2,0,217,255,123,0,3,0,0,1,5,18,13,2,0,0,8,0,3,0,6,0,0,7,0,19,0,0,7,0,160,180,66,1,15,19,3,7,7,0,38,0,0,0,0,3,0,19,0,0,0,0,0,0,11,2,0,9,3,0,0,4,3,5,15,0,0,0,0,17,9,0,6,0,0,0,0,0,0,5,0,11,0,0,13,3,0,0,18,0,0,22,0,0,11,0,0,0,9,30,0,10,0,0,17,0,0,18,23,0,0,0,25,17,0,0,3,0,0,1,11,0,0,21,14,8,6,0,7,0,8,3,0,0,27,0,0,2,0,16,4,0,13,0,5,0,0,2,11,6,6,0,0,0,0,23,0,7,19
1,0,3,0,16,8,0,0,14,0,0,3,0,25,1,12,1,0,2,1,0,0,0,2,17,0,23,0,0,10,0,0,17,13,30,0,0,0,3,11,0,8,9,0,0,6,0,15,13,42,10,0,0,1,0,7,10,0,14,1,18,1,7,0,7,18,0,15,0,10,0,0,7,13,23,0,2,0,20,11,10,9,16,8,3,0,0,0,0,0,18,1,6,15,0,1,11,10,3,0,2,0,10,3,5,6,0,1,4,0,0,0,0,0,0,17,6,15,4,15,12,0,0,20,0,9,0,0,0,0,20,0,8,0,0,0,8,0,10,4,13,0,10,21,0,5,11,0,15,5,0,0,11,0,0,6,12,0,0,1,0,0,12,11,0,8,1,0,0,5,14,17,16,0,4,226,219,88,15,25,24,0,0,0,6,8,14,0,0,20,10,7,4,0,10,0,0,7,0,11,0,0,17,198,255,255,240,145,104,47,0,15,17,0,4,0,0,4,0,1,0,0,0,4,0,10,0,5,0,4,1,58,204,235,255,249,249,255,183,43,14,18,0,14,2,11,0,20,14,0,0,0,1,0,0,7,0,13,0,9,0,39,72,173,216,194,255,242,111,0,3,0,0,8,5,8,2,0,10,11,12,4,0,0,13,0,0,0,0,0,0,8,22,12,45,179,250,33,0,10,0,0,0,0,0,11,0,0,0,0,0,12,16,0,5,15,0,2,2,0,13,0,6,129,255,182,23,0,0,23,10,9,12,1,0,0,0,7,0,2,0,0,6,1,10,8,4,0,16,0,8,101,255,229,11,22,0,13,2,0,0,0,4,0,5,3,13,0,4,1,0,8,15,0,0,4,9,20,0,44,255,255,86,1,2,0,25,0,1,0,0,0,0,0,4,16,0,0,7,0,3,31,0,0,5,21,0,0,233,242,7,12,0,9,0,24,9,0,8,0,2,14,24,0,29,0,12,3,3,8,0,0,8,0,0,0,255,238,24,4,0,3,6,2,12,8,25,0,2,0,0,0,9,0,0,0,13,3,3,13,4,1,0,0,255,253,83,2,6,0,5,0,2,4,10,3,12,1,23,0,24,0,11,0,0,4,0,0,5,17,0,39,221,229,57,14,10,27,33,0,0,5,1,2,13,0,0,2,0,8,13,9,20,0,3,25,16,1,8,109,255,198,7,15,3,3,24,8,14,10,0,15,0,1,0,0,0,0,0,14,0,2,4,0,0,7,9,105,252,100,10,0,5,4,17,0,0,0,0,0,0,0,0,0,10,0,0,32,0,14,6,0,0,2,19,83,255,115,19,13,0,13,21,0,16,0,0,0,0,1,4,9,1,28,0,0,5,0,0,3,4,0,0,135,254,99,9,0,0,0,14,2,10,0,0,0,0,0,0,0,0,0,0,2,6,8,9,0,0,0,0,254,255,124,0,11,9,9,0,30,1,5,10,0,0,0,0,3,0,0,0,0,0,34,5,5,2,6,2,252,249,77,0,0,0,0,14,0,16,0,13,0,0,18,11,6,10,30,7,0,8,20,0,15,1,0,1,228,246,0,0,9,8,0,7,0,0,13,0,23,0,6,0,0,10,0,1,0,17,0,0,0,17,0,11,220,244,0,13,15,13,0,22,7,3,0,1,0,0,0,0,7,0,28,0,7,0,0,26,10,23,29,0,10,0,0,22,9,2,7,7,0,0,8,6,23,0,0,9,10,0,0,10,0,3,3,0,0,4,4,16,0,8,0,0,1,0,6,0,5,0,0,23,0
0,2,0,27,9,2,0,7,24,0,2,0,2,0,13,0,17,0,0,0,0,1,2,10,7,0,0,0,0,11,0,4,0,11,0,0,3,0,21,0,0,21,0,0,0,16,0,0,8,0,5,13,10,2,4,12,9,12,0,0,3,0,10,20,0,0,0,0,0,0,0,11,176,255,35,4,19,0,0,0,1,0,4,0,0,0,11,8,1,16,15,0,13,12,2,1,0,0,11,164,255,122,9,11,4,0,0,0,0,22,0,0,10,1,1,16,0,0,0,3,9,0,0,4,1,23,220,242,254,32,8,0,0,14,0,10,0,15,3,0,0,5,0,0,21,1,12,17,14,0,0,0,4,111,255,230,47,19,0,2,0,0,0,0,0,0,1,0,0,0,1,12,3,4,0,0,4,0,0,0,70,221,235,63,3,0,10,0,0,0,12,6,0,4,0,0,17,8,0,2,6,0,10,0,0,0,9,8,244,255,81,0,0,18,14,17,9,0,8,12,16,5,22,0,6,0,10,25,0,0,0,9,11,0,14,186,255,142,23,0,32,0,0,18,0,0,0,3,0,1,0,22,0,0,17,1,4,0,0,3,21,0,58,232,255,19,0,0,0,0,0,3,0,10,0,0,3,12,0,17,0,3,0,8,12,0,0,5,0,5,235,229,103,0,1,1,3,1,2,6,15,0,0,0,0,0,0,0,0,0,1,27,9,5,0,5,0,126,255,203,3,0,0,0,137,195,244,196,78,23,17,0,13,18,3,4,0,0,0,1,6,0,10,0,17,219,255,59,5,16,2,205,255,229,238,244,149,0,10,8,0,4,5,0,20,0,12,0,0,0,0,10,0,222,239,37,0,0,161,237,238,237,52,165,255,45,0,9,0,0,0,0,6,0,4,10,0,7,6,0,22,226,224,0,4,0,200,255,195,58,10,139,255,62,14,0,0,0,6,0,0,10,0,0,6,1,0,3,77,233,214,0,0,3,255,255,30,1,0,160,224,31,0,0,0,0,0,0,0,0,10,2,0,0,0,8,171,247,132,0,22,8,210,200,0,3,81,255,141,0,17,0,0,0,0,0,14,3,3,32,11,12,0,0,140,255,90,2,0,22,255,244,20,12,183,223,29,17,25,0,19,9,0,26,0,10,0,0,0,3,1,0,87,255,202,11,0,14,189,255,109,162,255,148,0,21,21,0,16,0,4,0,0,0,18,0,8,0,0,22,22,226,248,136,5,0,80,255,255,255,252,111,51,35,2,22,9,18,0,7,4,11,6,11,0,0,9,9,7,142,255,246,225,159,188,251,248,255,255,224,108,51,2,13,5,5,4,0,0,0,0,6,2,8,0,16,0,10,104,255,255,255,248,195,50,0,3,12,0,0,31,4,10,0,0,8,0,3,0,8,0,0,13,2,0,15,0,5,0,10,0,0,0,14,0,5,0,16,3,0,0,20,0,0,0,28,5,3,13,0,5,4,7,0,2,14,0,0,12,6,0,0,19,8,4,0,15,0,7,0,14,13,7,13,15,0,0,0,18,0,0,8,9,0,22,0,0,7,0,0,13,0,12,9,1,0,16,0,17,11,8,13,0,0,0,17,2,17,28,0,0,11,0,0,1,0,10,0,9,0,2,0,0,7,0,0,0,0,14,0,0,28,0,0,0,0,0,9,0,15,0,0,0,0,2,20,0,16,30,0,9,0,11,4,0,9,14,0,29,5,0,9,0,0,0,0,1,0,0,0,1,0,0,0,13,5,5,0,0,0,5,6,2,0
0,15,5,0,21,0,14,6,0,0,0,0,0,0,17,8,0,0,1,0,4,3,0,0,9,0,4,8,0,4,0,17,0,9,0,11,12,0,0,18,7,0,1,0,0,3,13,0,8,5,0,7,0,0,0,12,0,4,24,1,0,0,5,0,2,8,0,0,14,0,0,6,0,0,7,30,5,0,0,6,6,7,23,11,0,0,23,2,0,8,0,11,10,24,0,0,3,13,8,10,0,15,4,0,5,0,11,16,0,14,0,0,16,0,0,0,0,12,0,7,0,6,0,3,8,0,0,7,6,0,12,6,21,0,3,16,0,5,2,0,0,0,18,8,0,0,0,0,2,12,12,5,0,21,0,14,0,0,0,9,0,7,0,0,0,3,1,17,26,14,0,0,17,25,2,19,0,9,4,0,5,10,0,11,9,0,0,0,0,0,0,0,0,0,19,12,14,0,0,144,95,0,0,0,0,0,16,6,20,0,0,0,0,3,0,0,3,0,0,0,0,22,0,9,2,21,0,237,227,60,16,7,0,0,0,17,0,0,0,0,0,0,8,22,65,118,12,4,11,0,24,9,9,7,4,234,251,135,0,0,0,14,8,10,3,9,0,5,7,0,13,101,235,249,155,0,10,3,4,0,10,19,11,71,239,228,169,59,28,0,0,6,21,21,0,34,70,152,230,249,255,255,203,5,4,0,0,18,0,0,0,7,170,244,255,247,253,240,195,241,126,119,141,255,255,243,255,243,255,255,171,3,9,6,0,19,0,4,25,5,0,150,224,244,255,241,236,253,247,255,255,255,171,238,255,255,255,109,17,0,11,0,0,3,0,9,6,2,1,0,72,137,241,228,192,235,255,255,167,67,182,238,241,255,55,0,0,6,22,22,0,0,2,11,0,0,0,20,10,0,0,0,58,106,94,72,1,134,237,252,245,102,0,1,20,32,23,0,0,0,0,5,15,4,11,5,5,0,12,0,4,0,18,6,2,187,252,235,235,9,0,0,23,2,2,15,18,0,0,0,12,0,26,0,8,28,3,0,0,31,0,6,41,243,255,235,56,0,0,12,3,0,9,0,15,0,0,0,0,0,18,0,0,7,0,0,0,0,8,14,162,249,237,128,0,0,0,12,9,0,21,0,1,0,2,0,0,0,0,5,0,0,21,9,0,0,0,9,255,248,118,0,0,0,12,0,6,15,0,0,35,1,0,7,0,8,17,0,0,0,0,9,0,24,0,142,248,247,114,7,0,31,8,0,0,9,3,0,0,0,16,0,0,0,9,10,13,7,0,0,8,0,51,251,255,253,118,0,0,0,0,0,0,7,15,33,0,0,0,2,0,8,0,23,0,1,5,0,7,3,14,209,255,255,90,0,2,18,0,0,12,18,5,0,20,16,0,1,10,1,0,0,0,0,0,0,0,4,4,186,248,233,16,2,33,11,0,1,10,16,8,0,4,10,0,0,0,13,12,0,0,7,3,14,0,0,48,252,244,164,13,11,0,4,0,0,1,2,7,4,20,0,0,0,31,0,2,8,0,0,11,0,5,0,48,255,253,83,0,2,5,7,0,6,7,1,0,0,0,12,0,0,18,0,0,7,0,21,8,2,0,0,11,203,231,56,0,0,13,0,0,0,0,0,0,12,11,0,0,0,0,3,0,22,6,4,13,0,9,0,0,25,32,1,0,0,0,9,0,0,25,0,0,0,15,11,15,0,8,4,0,6,6,0,0,0,0,7,5,0,0,6,0,5,14,11,0,0,4,15,0,10,0,32
0,5,0,3,10,0,0,4,0,20,12,0,0,6,4,12,0,0,0,12,11,0,0,0,0,0,0,0,3,0,0,0,0,14,31,0,11,0,20,0,10,0,0,15,17,0,3,16,0,7,0,15,0,12,4,10,0,0,4,10,21,0,6,0,0,15,0,0,2,27,9,0,0,0,27,11,12,3,10,0,0,0,3,0,7,10,14,2,5,0,20,0,0,7,0,0,1,17,0,0,0,0,0,10,0,6,0,6,0,0,0,2,0,0,4,6,15,0,16,17,0,0,0,0,21,0,0,6,1,0,0,4,9,19,6,18,12,8,0,13,15,1,0,0,0,0,15,6,0,0,1,9,0,2,118,210,129,0,3,8,0,0,0,0,3,24,0,1,10,0,21,0,0,17,7,2,0,0,0,2,86,231,244,236,181,11,0,0,7,4,1,3,0,0,0,21,0,0,0,18,11,0,0,0,0,0,0,30,195,244,255,255,188,0,0,21,0,0,26,0,0,11,0,21,0,8,0,8,0,0,8,6,0,2,10,240,209,22,30,152,232,133,0,15,26,6,0,17,0,7,4,8,0,0,0,13,18,0,3,15,27,0,209,234,23,10,0,121,255,190,0,3,20,0,0,21,7,4,0,5,0,5,4,0,0,21,0,10,0,51,237,122,0,0,0,103,252,187,5,0,2,0,0,15,16,9,11,0,9,0,8,0,0,0,7,24,4,246,213,29,0,0,4,111,248,199,3,0,3,33,0,0,0,0,7,0,5,9,15,9,0,0,15,0,69,255,95,0,0,0,11,120,255,170,0,6,11,21,2,7,0,0,26,16,0,0,6,0,7,0,21,0,157,255,3,0,1,7,17,176,235,214,3,15,31,13,0,0,2,6,0,10,7,0,0,0,0,18,0,5,162,255,27,0,0,31,154,255,255,181,0,5,7,0,4,2,0,6,17,0,3,5,0,27,0,9,0,0,175,255,29,0,28,164,252,243,255,178,4,0,0,0,8,0,21,0,0,0,12,10,3,5,6,12,2,0,106,249,126,83,241,241,191,41,240,202,0,0,0,25,4,25,9,1,17,9,2,7,0,0,2,0,25,0,17,227,255,242,182,159,4,25,253,255,45,0,0,19,0,0,0,0,10,0,0,0,0,2,0,11,15,0,5,0,121,100,8,5,16,7,217,228,98,0,0,9,5,5,18,0,0,0,7,8,10,1,0,22,7,3,15,5,0,0,4,3,0,0,183,224,124,2,14,0,0,0,29,10,0,0,0,8,0,1,7,9,0,0,7,18,4,8,30,0,0,0,102,255,161,0,5,6,11,0,34,0,3,2,0,5,0,0,0,10,0,0,7,0,2,0,0,0,4,2,0,253,174,5,0,8,0,0,0,4,22,0,0,0,8,9,4,0,0,0,0,19,5,11,0,29,0,0,1,153,223,54,0,18,5,16,7,0,24,18,0,0,0,1,0,0,5,4,0,1,0,19,0,16,0,14,0,59,253,208,27,13,24,0,0,7,15,12,3,0,0,10,0,0,0,0,5,4,0,0,0,14,0,10,3,0,106,214,255,23,0,0,4,0,2,0,0,31,2,0,8,0,7,5,21,15,0,7,0,4,19,0,2,4,0,0,0,0,4,2,0,0,0,10,0,15,0,0,0,0,0,0,0,0,0,0,0,3,0,13,0,18,2,18,4,16,0,0,0,40,0,2,2,8,12,11,0,0,0,19,6,1,0,0,12,1,0,11,16,0,0,0,26,19,0,4,13,0,2,31
0,12,0,6,0,10,21,12,7,24,30,17,10,0,2,7,0,0,2,7,0,0,4,4,21,28,0,4,7,0,5,25,7,21,2,13,0,25,0,5,0,0,2,16,0,0,13,0,22,10,19,0,1,6,15,0,9,0,0,14,16,16,10,30,0,9,0,0,2,14,0,0,0,3,0,15,0,0,23,23,0,0,0,16,15,0,4,0,24,42,9,5,0,8,0,18,0,23,24,14,8,4,0,0,0,4,0,0,0,0,3,0,2,0,0,0,20,0,0,4,4,3,0,43,107,42,0,6,0,19,10,2,0,0,17,18,0,0,0,0,0,0,10,0,0,0,0,0,11,17,99,172,250,225,215,102,6,0,14,8,36,34,13,6,10,0,0,0,0,17,0,14,6,0,6,0,86,215,252,255,239,255,255,252,113,0,3,0,20,23,4,12,0,0,0,11,0,3,0,0,0,7,0,28,209,255,190,154,50,34,175,238,145,17,19,0,22,1,3,0,0,0,8,0,0,0,0,3,13,19,59,218,250,239,4,0,8,0,33,180,255,219,20,12,7,0,0,0,0,11,6,18,0,5,0,8,8,14,212,255,204,82,12,0,0,0,0,5,203,255,230,104,0,12,5,0,0,14,1,0,25,0,8,8,0,170,152,244,84,1,8,10,0,0,20,0,80,248,255,202,106,11,1,0,0,16,0,9,6,12,0,0,5,246,255,228,37,11,1,2,0,0,0,18,4,83,238,255,255,122,0,7,23,7,0,18,8,0,11,0,104,249,222,55,0,11,0,0,0,16,19,1,5,18,186,255,249,207,21,0,8,0,0,0,0,0,10,1,110,255,174,18,0,4,12,0,0,18,0,1,12,10,46,198,255,251,74,0,4,22,5,2,0,0,0,4,204,252,91,0,0,0,0,1,0,0,0,0,20,9,0,89,255,231,209,0,0,0,4,2,0,20,0,15,126,245,27,0,15,5,0,4,0,0,5,0,10,3,0,41,249,247,230,6,0,0,4,8,0,12,3,0,132,255,120,12,0,0,8,20,1,0,0,0,0,0,0,0,196,249,255,112,0,0,0,0,0,0,13,0,107,254,169,0,4,5,0,0,0,4,2,4,4,0,19,7,64,255,255,186,0,0,9,26,1,9,0,0,9,239,203,0,3,14,4,0,0,0,0,7,0,0,7,0,81,255,221,82,0,2,27,19,7,0,33,0,0,246,212,11,0,0,0,4,4,1,0,13,0,15,0,26,198,255,235,25,3,0,4,0,0,1,8,0,0,106,220,101,76,90,58,59,41,76,45,70,62,77,201,228,255,255,251,19,0,0,12,0,0,13,0,0,0,6,21,100,210,254,245,228,217,250,218,247,255,255,253,255,237,116,59,3,15,7,0,0,13,0,0,0,0,0,13,0,60,190,245,228,170,208,206,236,233,160,102,117,77,10,13,0,0,0,0,0,0,0,0,2,0,0,0,14,0,1,0,19,0,0,0,6,2,5,0,0,0,0,11,0,3,2,28,0,0,0,0,0,15,22,25,6,0,0,8,11,12,0,0,0,12,0,0,0,0,21,19,0,7,20,8,0,5,0,0,0,0,6,10,13,0,0,2,0,0,2,1,7,21,0,5,18,9,0,5,0,12,0,0,0,0,0,7,8,12,31,0,17,0,0,0,0,0,19,0,10,0,8,11,0,11,0,0,3,0,0,0,0,0,0,17,12,8,9,0,0,0,0,7,0,0,16,0,1,0,10,0,5,26,6,0,12,0,19,3,0
5,0,0,18,4,0,0,3,0,0,11,12,1,0,6,3,0,0,0,0,3,18,15,11,0,0,0,0,0,9,13,2,1,12,0,0,0,0,0,5,19,21,0,8,11,16,14,0,0,0,0,0,3,13,2,0,6,0,0,4,11,23,0,0,0,4,0,0,27,0,0,0,15,0,0,0,0,6,4,3,4,14,9,0,8,0,0,0,8,0,0,6,4,0,4,0,0,4,0,11,7,4,0,0,15,0,6,7,9,0,0,0,1,0,0,7,17,5,5,0,0,0,1,0,0,6,22,10,22,0,17,3,2,17,8,0,0,0,0,13,0,17,0,6,5,11,2,16,0,12,10,4,3,14,7,4,1,0,52,143,254,255,254,216,0,0,0,3,0,0,0,0,1,16,5,0,0,20,9,0,0,13,15,25,84,146,255,253,255,255,255,209,0,1,3,10,11,0,0,0,10,0,0,0,25,16,0,24,20,74,183,234,249,231,255,243,212,129,75,64,20,7,0,0,4,8,17,14,0,19,15,3,0,20,68,162,208,255,255,229,255,250,193,132,19,0,21,8,0,0,0,0,2,16,29,11,15,0,10,56,178,218,235,232,255,235,248,207,117,65,0,13,24,0,10,6,0,12,9,19,0,0,0,7,8,0,0,165,232,255,255,255,251,212,73,15,0,3,6,0,0,10,0,0,0,1,0,9,0,0,18,0,0,0,0,24,223,255,247,84,29,6,15,30,0,11,0,0,5,0,0,5,0,22,23,0,0,7,5,2,3,19,0,32,255,255,255,26,5,8,0,13,0,13,0,26,0,8,7,0,12,0,2,0,0,0,0,0,0,0,5,21,232,245,253,68,23,0,13,14,5,0,0,4,0,0,0,14,0,0,17,0,9,0,0,0,6,9,0,0,148,255,255,246,227,118,44,0,11,0,0,0,2,0,21,12,8,9,0,5,0,0,15,0,0,7,10,7,26,70,226,254,255,255,255,110,29,0,2,19,0,0,0,0,0,19,1,6,0,0,6,4,14,30,13,0,0,13,37,80,217,247,249,238,153,14,0,0,17,9,11,0,9,0,0,12,0,0,4,0,4,0,0,0,13,0,16,0,29,46,199,255,246,82,16,8,2,0,14,0,0,8,0,0,13,18,0,0,0,0,19,0,8,0,3,0,0,0,23,218,255,255,24,4,0,17,1,8,0,6,0,14,12,1,0,1,17,3,0,11,0,0,3,0,0,13,6,148,241,244,12,0,10,7,15,3,19,17,0,9,4,14,0,0,0,0,3,1,15,32,6,0,0,0,11,120,232,252,31,0,0,0,0,12,1,0,10,0,3,4,9,3,0,6,0,1,114,116,0,0,0,24,93,206,255,235,28,0,2,0,14,16,0,0,0,0,2,3,0,0,36,0,0,7,184,255,234,220,173,185,255,244,233,179,0,0,10,0,0,0,19,22,5,0,15,3,0,18,2,3,16,13,107,239,255,248,255,255,255,255,184,49,1,10,4,20,9,0,0,0,22,8,0,0,13,3,0,5,25,10,9,12,110,158,161,183,143,123,11,0,11,3,0,0,10,0,0,0,16,12,0,9,0,24,0,0,0,0,11,0,0,0,5,8,4,23,0,0,15,2,7,1,0,15,4,24,0,17,0,9,0,0,0,27,0,0,0,5,0,0,21,8,10,23,8,0,0,14,7,13,0,0,5,0,0,0,0,1,1,0,0,11,0,20,3,0,0,0,4,0,0,0,0,0,0,1,5,9,8,0,0,0,4,29
15,10,0,4,9,0,0,0,6,11,0,6,1,0,0,0,0,0,7,2,0,17,0,13,21,0,29,0,18,6,12,0,0,12,0,1,0,0,8,0,0,0,0,0,0,20,0,5,0,0,3,13,21,2,8,0,0,0,1,0,4,0,8,3,8,11,0,0,14,23,12,6,0,0,0,0,12,0,0,0,0,0,0,0,0,0,0,26,0,0,0,0,0,1,24,7,25,0,0,14,0,4,9,0,8,0,0,0,0,0,17,8,0,8,5,0,1,27,0,23,0,4,0,0,0,3,0,0,5,5,0,0,9,0,0,0,0,12,0,0,2,0,0,0,9,12,1,13,16,0,0,3,0,9,10,24,16,0,15,0,0,6,0,0,3,15,0,5,0,10,0,0,0,0,0,0,9,30,116,116,107,179,255,255,255,242,255,231,214,18,8,0,0,0,18,7,5,0,9,0,0,0,0,134,255,241,255,255,255,255,247,237,250,251,252,255,238,93,3,0,0,0,23,0,0,0,0,0,0,0,76,240,251,255,241,255,255,255,185,157,224,242,255,255,207,33,11,14,0,12,0,0,0,12,4,0,12,0,86,255,248,255,165,28,16,39,9,5,3,89,255,245,188,17,19,0,0,0,0,19,0,11,24,0,0,0,0,231,255,255,209,42,0,0,22,2,123,204,252,176,30,0,3,0,3,23,0,4,5,11,0,0,34,1,21,65,177,255,255,204,35,4,28,167,237,243,246,40,17,0,0,0,15,4,0,0,0,10,0,0,5,7,0,0,137,232,232,245,239,152,211,255,255,221,86,12,2,5,0,1,4,0,6,6,27,24,0,0,0,10,0,0,16,187,255,246,255,231,255,254,243,142,14,6,0,3,0,11,0,0,1,0,0,0,18,20,0,0,0,0,0,21,134,255,255,254,255,255,152,0,23,4,1,13,0,0,0,10,2,7,0,13,0,2,0,0,0,15,0,0,3,108,255,236,255,243,251,112,5,2,1,19,3,7,10,1,5,0,0,0,0,0,5,15,0,15,0,0,21,228,249,255,237,255,255,174,5,0,12,4,1,0,0,0,1,0,4,0,0,0,0,0,17,0,4,7,107,255,255,186,148,241,228,222,47,9,3,7,0,0,6,0,0,10,6,1,0,0,11,0,4,8,3,71,210,255,254,17,0,74,255,255,119,0,0,0,8,13,2,0,0,0,0,20,13,17,0,0,12,0,11,157,239,251,152,0,19,0,233,250,229,64,0,0,2,0,4,9,0,15,15,13,29,2,4,0,16,0,52,237,255,255,106,4,6,0,142,255,252,64,0,0,0,0,0,0,9,24,0,21,6,26,0,0,0,2,51,249,226,243,91,0,0,0,110,240,255,78,0,0,0,2,15,0,0,0,0,3,0,0,9,1,8,9,4,183,248,250,105,18,1,31,195,255,241,61,10,0,14,18,0,15,0,6,0,0,11,8,12,0,0,4,3,76,255,255,252,165,155,242,254,249,170,0,0,0,0,1,13,7,0,0,2,0,0,0,23,0,6,7,30,0,174,255,254,255,255,255,255,189,44,10,5,0,0,1,0,0,14,0,0,7,0,9,0,11,8,0,0,0,13,66,125,255,255,127,73,2,0,0,0,0,0,0,12,6,0,0,13,13,8,3,0,25,0,0,3,0,9,12,9,2,0,16,0,0,15,5,0,1,7,13,0,0,0,13,0,17,13,0,0,0,7,0,0,20,0,0,0,0,20,17,0,0,0,6,3,10,0,4,18,7,0,0
0,0,12,0,0,0,0,9,4,6,0,18,2,0,0,19,0,6,2,10,0,1,0,0,0,0,0,0,0,3,9,0,7,20,15,15,23,0,6,2,0,2,6,12,0,19,4,0,23,10,0,5,0,0,0,0,11,0,0,0,16,10,3,4,0,15,0,20,4,0,13,0,0,0,11,0,10,0,1,0,0,0,4,13,0,0,4,5,1,16,8,0,3,10,0,23,0,9,10,0,13,0,0,0,0,17,5,0,0,0,10,5,0,0,0,10,31,0,4,0,0,0,29,0,0,0,14,26,0,0,9,19,11,0,0,5,0,0,0,0,9,3,36,8,0,10,0,13,0,12,0,0,0,6,128,182,27,0,7,13,49,47,131,149,54,5,6,3,18,0,0,0,0,11,0,0,0,3,2,0,25,92,248,255,139,93,149,218,255,223,255,170,19,20,25,0,0,3,4,20,6,12,4,0,0,0,22,42,199,255,252,255,252,231,254,253,255,175,85,3,0,0,0,0,0,6,0,7,9,5,0,5,0,2,19,218,255,255,237,197,184,185,145,79,48,6,7,0,9,0,2,0,6,0,15,10,0,0,0,21,5,0,198,238,203,34,29,0,0,0,0,1,0,0,19,11,2,31,15,17,6,18,6,3,0,12,3,0,0,131,235,211,26,0,0,0,7,0,0,9,12,0,0,0,0,12,0,0,0,0,0,30,0,0,0,14,15,255,246,17,7,0,0,21,0,6,0,17,3,0,0,10,7,0,6,0,5,0,0,14,2,13,32,0,73,255,201,15,0,0,5,5,0,0,6,0,0,12,16,18,10,9,4,11,3,0,0,0,27,0,0,0,51,235,255,228,135,72,0,19,8,11,0,12,0,18,11,3,0,9,0,0,3,11,0,0,18,0,22,0,0,71,233,255,255,235,206,115,2,0,0,0,0,2,0,9,10,0,0,5,7,0,0,11,4,0,11,0,0,0,7,64,146,237,255,232,168,28,21,9,0,0,0,0,0,12,0,27,0,13,0,7,0,14,0,0,0,0,0,21,5,7,164,246,255,236,126,0,10,3,0,0,9,14,0,0,15,0,0,0,4,15,0,5,0,5,0,26,0,7,0,16,191,255,249,0,19,0,11,0,0,9,0,0,9,22,2,0,0,0,14,20,0,13,0,0,0,2,0,18,76,255,255,51,0,0,4,0,0,8,19,14,8,0,0,0,0,13,0,15,0,0,0,0,17,0,2,47,200,255,249,0,6,15,0,10,3,0,0,21,0,6,0,15,16,11,0,0,0,1,7,0,10,0,70,248,251,251,75,0,0,8,13,2,0,0,23,5,0,10,21,6,0,11,0,3,134,0,0,8,0,164,251,246,195,76,13,0,0,6,4,9,16,26,0,9,0,14,4,11,2,0,0,85,236,50,70,181,218,221,230,178,74,0,0,1,0,4,15,10,31,0,11,0,1,0,1,0,0,0,12,80,255,255,253,244,255,198,103,15,0,0,0,0,0,13,0,0,0,3,1,6,5,33,17,0,4,0,0,25,145,255,255,176,115,50,0,0,0,7,0,0,6,4,13,0,12,0,6,13,0,14,19,0,0,0,6,12,21,0,2,11,1,0,5,9,0,0,17,10,2,16,0,3,9,0,9,0,1,0,0,0,6,0,0,15,0,1,18,14,0,0,2,0,5,19,0,10,0,0,9,0,0,9,0,7,16,0,16,6,12,15,0,0,0,0,6,0,1,5,23,0,3,31,10,0,0,18,0,0,50,0,5,5
0,6,9,0,0,9,0,5,0,0,9,1,0,3,3,0,0,10,5,4,10,3,0,6,0,9,0,0,6,17,0,0,17,0,0,23,0,12,0,0,2,7,1,0,0,14,0,18,0,4,0,16,0,0,0,7,0,21,9,0,0,20,0,9,0,4,37,0,12,15,0,0,0,0,0,6,0,3,6,0,0,14,7,1,14,13,1,0,0,0,13,8,0,3,0,0,0,9,0,0,61,171,223,58,0,34,11,0,0,4,0,0,7,0,0,37,14,8,4,0,4,0,11,0,0,0,1,157,241,239,255,246,0,0,0,2,0,0,0,1,0,0,0,0,0,13,20,11,0,0,0,0,16,149,208,242,255,254,194,199,11,9,1,0,0,0,3,22,0,7,7,9,6,0,9,0,0,2,15,5,160,216,253,255,255,248,64,0,8,0,0,8,0,13,5,0,0,0,8,3,19,0,7,0,0,19,0,93,237,255,245,203,105,131,16,13,28,0,13,1,6,2,0,0,10,0,14,12,0,22,26,0,22,16,51,234,247,255,255,0,0,15,0,15,7,0,27,0,0,0,0,0,0,0,0,0,0,0,6,12,6,20,206,247,255,255,113,4,2,14,9,0,1,12,0,0,0,0,0,0,2,0,12,0,8,9,0,6,7,138,229,255,247,209,98,5,0,0,15,16,23,5,20,10,0,27,0,0,15,0,0,0,0,0,0,2,110,232,255,249,227,25,11,19,0,14,11,20,2,0,20,10,7,0,0,0,10,19,0,0,0,0,3,6,174,242,243,243,129,18,18,6,0,127,155,157,72,3,17,0,4,5,0,0,7,0,0,2,8,0,0,0,147,240,255,163,0,12,3,171,236,255,255,244,249,28,25,6,11,3,13,0,0,0,16,0,4,0,12,10,164,255,255,180,9,39,178,255,233,240,255,254,255,178,6,19,0,0,0,4,0,0,0,20,29,0,7,0,186,251,254,84,0,161,255,255,220,160,186,247,255,184,0,3,7,9,11,3,6,7,2,0,0,0,0,0,168,245,254,194,76,229,255,251,49,2,166,239,237,194,0,14,3,4,7,24,11,0,2,0,4,0,20,9,171,255,220,230,255,249,255,55,55,173,234,237,255,148,0,17,0,0,16,13,0,5,0,6,11,9,3,1,129,255,255,255,255,255,245,255,255,236,255,236,218,20,3,0,3,5,0,17,17,20,0,0,29,0,19,7,0,88,255,250,255,255,255,239,255,250,189,162,14,0,0,8,0,16,0,9,0,0,0,0,8,0,0,13,23,0,49,232,235,243,235,255,231,215,9,0,13,14,0,13,5,0,9,0,0,0,13,0,1,4,2,0,10,0,0,81,178,255,255,239,255,182,0,22,0,0,6,8,0,0,0,6,9,0,0,0,4,0,4,0,0,4,0,2,17,112,216,170,107,0,0,0,0,0,17,4,0,0,15,2,9,0,1,9,3,1,0,0,10,0,12,7,3,7,7,0,7,0,31,37,0,7,0,15,0,0,20,0,7,0,0,10,0,0,11,3,1,9,0,1,15,0,1,14,24,0,15,0,0,0,0,10,1,4,0,0,1,0,0,3,4,23,0,8,8,6,0,10,0,0,0,0,4,0,0,3,16,19,8,4,0,4,11,24,14,10,0,0,8,18,10,0,0,0,0,16,0,7,13,18,14,7,0,0,8,0,4,12,0,0,21,0,0,0,5,0,3,12,9,0,0,0,0,30,0,15,3,3,0,10,19,0,0,10,1,0,0,3,27,0
0,0,0,25,0,8,0,0,0,25,1,0,6,0,0,0,0,0,10,0,0,6,4,16,0,25,0,10,0,9,1,7,12,28,5,0,22,1,15,0,19,1,0,0,8,33,0,5,0,0,36,0,0,4,16,1,0,2,0,16,9,0,32,3,0,0,2,0,0,0,5,3,0,0,18,11,0,0,11,4,0,0,16,12,10,0,0,7,2,16,30,0,0,7,6,10,18,21,0,0,0,50,177,255,147,9,8,0,24,0,0,0,36,0,0,0,0,0,0,25,19,13,0,0,0,3,1,10,83,232,255,243,255,93,0,0,12,13,0,0,0,20,0,0,27,0,0,0,17,15,0,0,5,26,81,191,251,245,237,255,255,88,0,19,0,0,0,16,0,0,19,12,0,0,0,0,0,9,0,0,4,180,243,249,255,255,153,229,219,0,0,1,22,0,0,0,0,0,4,0,0,19,0,12,11,1,2,61,223,255,244,255,227,94,26,174,58,7,0,3,0,1,0,0,14,5,0,0,0,0,0,1,0,19,15,158,255,252,255,215,84,8,6,23,0,0,13,10,15,10,13,3,3,0,7,2,0,23,10,0,26,44,147,240,255,244,255,0,5,1,16,14,0,12,1,0,0,4,0,26,1,13,0,17,2,3,0,4,0,64,237,243,247,183,64,10,0,0,0,17,0,6,0,8,0,0,18,0,0,0,0,14,8,0,0,0,1,202,246,237,229,50,33,21,20,0,29,9,14,19,0,10,0,0,14,0,0,0,0,0,0,16,18,0,0,206,255,255,75,0,9,0,4,0,0,0,0,14,18,0,0,0,0,0,10,11,1,0,5,4,0,0,133,241,253,234,22,6,0,58,104,118,176,255,255,171,10,1,7,0,6,0,7,0,0,0,7,10,0,29,134,255,255,138,0,47,77,231,255,217,255,255,236,255,17,1,13,16,0,0,11,1,0,0,0,0,9,19,255,255,244,118,74,233,255,255,247,255,225,253,253,251,4,0,0,0,0,2,0,0,0,3,0,0,0,34,241,255,255,246,255,251,238,250,251,175,56,224,255,255,11,30,3,21,5,13,0,6,10,8,12,6,0,24,229,255,243,250,241,255,255,204,86,72,174,253,242,213,0,15,0,0,0,6,15,7,0,3,0,1,5,35,237,242,227,238,255,253,122,45,71,228,255,255,195,49,9,0,8,1,7,7,3,17,0,0,0,0,4,5,245,236,255,252,242,228,128,196,255,228,255,253,69,0,8,1,3,1,6,0,0,29,5,22,0,12,0,26,255,255,244,250,252,255,237,250,242,255,219,109,0,0,34,14,4,5,10,22,1,0,0,13,10,0,0,1,80,188,236,244,255,225,255,255,255,230,35,3,12,0,0,0,2,4,9,0,16,8,13,12,2,0,5,15,4,63,210,255,247,246,255,188,121,46,2,27,1,5,4,0,6,20,7,2,20,15,4,0,1,0,0,6,4,0,0,18,0,0,0,13,4,0,0,0,19,5,0,29,3,0,6,0,0,12,0,10,0,8,12,0,0,0,0,18,0,9,1,0,4,1,0,1,16,5,33,13,1,0,2,0,0,0,0,9,24,0,14,19,0,1,3,12,0,16,7,0,0,0,3,0,0,1,0,0,12,0,7,1,0,0,15,18,7,0,0,5,0,10,0,0,4,0,0,16,27,0,0,40,0,0,0,0,0,0,8,10,9,19,28,14,0,0,0,4,8,0,15,0,8,1,0,0,0,0,4,2,0,0,2,1,3,3,0,6
20,2,0,1,0,19,17,0,21,19,0,0,0,0,0,15,15,20,0,0,3,9,0,0,0,0,14,0,0,0,15,0,0,18,8,4,4,24,0,0,0,6,0,0,34,0,0,0,1,3,0,1,0,0,3,0,12,0,14,18,10,26,0,0,2,0,0,0,0,24,0,9,12,0,0,14,10,0,26,9,20,4,1,24,27,0,3,15,11,0,26,0,4,0,0,0,7,7,8,0,1,0,0,0,8,0,17,1,0,10,0,10,0,0,0,0,0,0,0,1,0,19,6,0,0,0,0,80,202,255,253,254,65,1,4,13,0,0,4,0,0,0,11,1,4,0,0,0,19,8,0,0,0,74,219,227,255,254,249,255,131,16,0,1,0,0,0,1,0,0,3,9,1,23,6,3,12,62,133,120,171,255,236,255,255,247,255,255,117,9,0,0,0,0,0,7,0,0,0,0,0,0,0,4,58,255,249,255,255,255,241,255,255,238,181,163,56,0,14,15,0,26,0,0,40,11,0,0,11,3,4,63,255,255,255,255,255,255,255,142,77,0,0,0,0,20,9,0,0,17,17,0,17,15,0,0,0,0,0,255,255,239,243,251,239,137,57,10,0,0,1,11,0,0,0,10,13,0,3,23,2,14,3,8,0,19,5,59,237,245,255,125,57,0,0,14,0,0,0,0,1,0,0,0,5,0,0,0,0,0,0,0,6,26,23,0,196,254,250,199,78,0,13,1,0,4,0,0,9,12,1,1,0,0,0,1,0,0,8,0,0,0,9,11,80,255,255,255,255,201,113,46,5,0,0,5,21,0,0,0,30,9,13,0,0,0,0,0,1,0,0,8,5,145,200,254,250,235,249,255,140,61,0,1,0,0,4,20,0,23,9,0,0,18,1,16,20,0,1,0,0,0,0,173,255,243,249,253,249,238,139,0,0,0,0,26,3,14,0,25,0,0,0,14,22,7,0,0,0,10,0,4,66,137,116,252,255,255,252,248,58,16,2,11,0,0,0,14,1,0,0,6,5,0,3,3,2,0,0,0,34,13,2,3,180,255,244,246,248,144,0,6,13,11,16,0,33,7,30,10,0,0,0,8,30,0,2,10,0,0,0,12,35,73,163,255,248,246,67,5,0,0,0,0,2,0,0,0,13,2,12,0,5,29,1,0,33,0,0,0,7,9,196,229,223,255,255,21,3,8,10,0,6,1,3,0,21,0,2,15,133,243,250,123,0,6,9,4,60,188,255,255,255,255,172,0,1,0,0,19,0,0,8,2,0,4,16,0,134,255,244,53,57,247,251,255,240,255,255,255,255,245,1,9,0,0,0,0,10,19,33,0,0,9,0,0,120,255,243,241,245,245,251,255,239,255,255,243,197,128,5,2,2,15,0,1,0,0,0,0,0,1,19,0,24,14,255,255,254,255,255,255,251,241,255,64,0,11,0,16,4,3,0,0,0,11,0,0,11,0,0,2,1,0,80,115,125,246,254,174,0,19,16,1,0,0,0,26,10,0,3,0,3,2,0,10,0,0,0,0,0,4,23,2,9,20,2,22,0,0,0,8,16,0,0,0,0,0,12,11,0,0,12,4,15,0,9,0,0,0,5,6,16,3,0,21,0,0,0,5,0,0,2,0,0,0,0,0,8,15,6,10,32,12,0,0,0,0,0,0,4,9,0,0,23,17,0,33,6,5,0,0,13,9,0,0,0,20,0,0,0,0,0,0,13,11,0,8,0,13,6,14,42,20,0,9,0,16,7,0,15,7,10,0
23,23,0,0,17,0,1,2,0,0,0,24,0,0,9,0,20,7,5,0,26,5,0,0,8,2,16,0,0,0,0,14,11,0,14,0,0,0,0,0,0,0,10,5,0,0,0,11,4,0,11,0,0,4,0,1,4,13,10,11,0,0,0,12,0,7,0,28,3,23,0,5,0,12,7,4,21,0,18,0,0,0,2,5,3,0,6,0,7,0,21,1,0,12,0,0,0,18,0,0,0,0,26,21,11,4,0,28,0,10,19,15,1,1,5,1,0,3,0,0,12,0,0,0,3,7,35,13,7,0,8,3,4,1,11,16,0,2,3,8,9,0,0,0,96,191,122,44,11,0,0,0,0,0,14,0,0,12,7,0,0,18,0,39,0,31,0,0,0,0,0,0,38,255,255,228,216,109,106,101,108,56,0,0,12,0,5,2,0,17,0,0,13,17,22,8,16,0,2,15,15,41,255,232,255,235,255,255,252,243,229,241,196,131,178,114,31,0,19,19,9,12,0,0,34,8,0,16,16,0,52,160,161,250,255,255,254,251,255,255,255,238,244,246,206,0,0,0,0,0,19,0,0,12,26,0,0,9,14,0,33,78,232,230,223,184,237,141,231,255,255,255,225,11,9,0,27,10,0,1,0,0,0,0,0,0,0,0,3,0,0,4,0,0,0,0,0,178,255,247,229,23,0,0,9,0,14,1,0,10,0,1,0,0,0,0,5,6,10,0,17,4,0,0,27,248,255,233,246,30,0,14,7,12,0,0,13,4,12,0,0,18,6,0,5,9,8,0,3,12,0,0,95,249,242,237,188,17,3,0,0,6,0,12,0,0,24,0,0,4,14,1,8,14,0,0,0,0,3,21,209,241,255,255,131,3,0,0,6,0,4,0,12,7,0,0,11,0,0,0,10,11,15,7,4,2,0,100,255,254,245,242,60,6,0,0,0,4,22,0,9,3,27,11,10,5,0,0,0,10,0,11,6,90,78,238,249,255,245,253,131,0,0,0,0,19,0,0,0,0,6,8,0,25,21,22,36,96,159,180,232,255,250,255,255,223,255,239,129,0,10,4,0,1,0,19,0,0,9,5,0,0,0,119,244,255,255,250,255,241,255,241,253,252,180,86,13,0,5,9,0,18,5,0,1,0,0,0,7,0,2,65,243,255,255,255,255,249,255,245,248,197,15,5,0,0,34,2,9,5,3,8,0,0,0,0,0,6,6,17,46,230,255,174,76,189,236,255,255,40,0,0,0,0,4,0,0,11,0,0,1,2,0,0,3,2,0,7,0,87,106,16,0,93,255,240,230,26,0,7,28,3,15,13,0,0,4,0,0,0,0,12,0,0,5,4,0,7,1,10,0,155,255,255,221,23,13,3,0,0,0,3,0,13,0,0,5,26,7,5,8,3,0,0,3,0,1,0,0,231,255,255,219,0,0,0,12,0,7,24,4,0,0,0,0,0,0,0,0,18,0,0,28,25,0,0,0,101,255,255,155,0,4,0,20,0,0,0,17,8,13,0,7,0,21,7,0,1,0,0,0,0,13,10,0,12,173,255,29,0,13,22,0,0,10,8,0,0,5,0,11,1,0,0,12,0,0,12,0,9,19,0,0,0,0,0,4,6,27,10,4,0,2,21,0,0,5,18,0,0,4,0,0,0,6,10,13,6,3,12,7,0,1,0,0,0,7,19,23,4,0,0,8,6,19,18,11,0,0,4,0,4,0,7,1,7,0,10,0,0,0,11,0,0,0,0,2,4,0,0,0,7,10,5
8,0,0,13,8,4,0,1,1,16,0,4,1,2,16,0,0,0,0,0,11,0,1,7,17,19,17,21,13,0,16,0,0,0,0,13,16,0,15,0,0,1,0,1,0,0,0,8,0,0,10,4,0,6,0,0,0,12,0,17,0,0,19,0,10,20,0,0,8,0,7,4,7,6,0,12,0,12,0,0,4,2,14,9,0,0,0,12,0,0,7,0,0,12,40,9,8,21,0,3,0,5,15,0,0,6,1,0,3,0,0,9,0,0,0,20,0,23,6,5,0,19,16,6,0,0,8,13,0,0,0,0,8,0,0,10,1,13,1,0,0,0,15,0,2,0,1,0,21,18,0,0,0,0,6,60,174,255,255,255,171,5,0,17,0,0,0,9,0,0,0,0,20,2,0,0,3,12,20,41,52,1,121,202,255,184,192,237,247,97,4,4,5,0,1,2,0,0,0,15,6,1,0,0,17,78,227,244,252,208,224,89,17,4,0,53,255,146,21,5,15,1,8,0,0,0,15,4,0,18,4,0,0,211,255,252,255,255,187,0,18,0,7,110,244,102,13,0,0,0,0,11,16,0,0,0,0,26,0,17,1,125,255,254,221,180,55,0,21,7,60,246,255,46,15,2,15,4,10,7,10,13,0,8,0,0,0,9,20,5,176,251,245,38,0,20,0,53,218,243,66,0,2,0,4,0,10,0,0,0,4,9,0,0,0,0,7,0,51,239,241,229,152,0,66,240,252,198,0,0,0,0,8,3,0,14,0,0,0,1,13,0,0,0,0,14,10,106,252,255,160,42,234,255,132,0,6,0,4,0,10,16,12,0,17,12,9,22,0,0,0,10,10,0,0,0,137,225,255,255,231,184,5,0,9,0,0,2,13,2,0,0,0,0,4,7,28,20,0,10,4,0,5,0,64,255,255,255,175,18,0,0,0,0,15,13,3,35,24,34,0,0,22,0,0,24,12,0,0,0,19,26,238,247,255,243,178,2,0,0,0,15,1,16,0,11,0,0,18,6,0,0,0,0,0,15,19,9,68,234,255,171,228,255,255,11,0,2,0,0,0,15,0,23,5,3,0,0,8,6,0,11,0,0,9,47,223,227,73,0,72,255,255,51,4,17,0,0,0,7,0,5,3,3,0,0,0,0,0,0,0,0,21,122,251,142,0,24,48,243,255,107,0,21,0,4,8,9,0,0,25,0,3,22,23,0,7,3,21,12,35,239,246,32,32,0,8,243,227,211,4,0,7,0,12,0,3,0,0,16,9,0,13,7,4,3,0,19,127,230,172,0,7,0,3,117,233,255,4,3,5,0,19,24,16,4,9,0,0,16,14,0,0,6,8,14,42,255,182,0,5,19,0,150,255,255,0,3,0,19,5,20,0,0,11,0,0,1,0,0,0,18,0,0,21,218,255,129,16,57,113,236,255,213,0,0,0,14,20,0,0,14,0,0,7,2,0,7,12,0,0,8,0,139,255,224,255,244,241,255,209,15,11,19,0,7,3,1,0,3,7,12,0,0,0,0,0,25,6,6,0,0,97,186,255,241,251,156,24,21,22,0,8,19,18,0,0,0,0,0,0,13,20,15,0,0,16,1,0,0,12,4,0,0,0,0,0,7,13,5,0,0,0,0,0,0,8,0,6,0,8,4,3,3,14,12,0,4,3,6,3,33,0,0,7,0,0,0,0,0,3,4,5,21,6,12,10,14,0,4,17,7,1,6,2,3,0,18,17,0,37,2,0,0,8,14,8,11,4,0,14,0,0,16
10,10,0,0,0,0,8,4,7,8,5,7,10,0,13,12,0,0,5,10,0,20,0,0,0,0,1,5,17,0,7,0,0,0,0,0,23,12,0,16,0,0,0,0,4,0,0,0,3,1,5,0,0,0,11,5,3,0,4,0,23,15,0,28,0,0,0,0,0,0,0,0,0,0,5,8,20,6,0,0,0,0,0,0,6,0,4,0,1,0,0,0,0,0,24,0,0,0,0,0,0,3,10,5,0,0,29,6,0,0,14,0,13,24,0,3,2,0,0,0,0,0,0,12,0,32,248,226,51,13,0,18,0,0,0,0,0,0,0,0,9,17,0,11,0,0,1,0,0,5,0,16,0,116,255,242,218,55,0,0,7,0,9,13,0,7,12,27,7,7,0,0,0,0,0,11,16,0,0,5,20,123,251,251,244,42,8,0,0,0,17,0,0,17,0,5,0,0,0,0,0,11,0,0,22,0,30,0,8,165,255,255,255,20,0,1,0,0,7,14,0,0,0,0,0,0,7,0,12,0,0,0,0,12,7,2,0,117,244,255,245,34,6,0,0,0,0,3,9,0,15,0,9,6,1,0,9,22,5,2,0,0,0,7,45,137,255,255,172,14,32,12,0,0,4,5,0,9,7,0,0,34,18,0,0,0,4,0,0,7,0,0,18,182,255,245,151,0,0,0,5,3,2,9,28,25,0,0,15,3,0,0,26,0,5,0,6,0,10,9,37,253,243,244,135,26,0,4,0,0,0,0,0,0,1,4,27,0,12,0,1,0,12,2,0,15,4,13,48,241,255,247,129,25,17,7,12,0,29,7,0,0,21,0,0,0,0,0,0,0,0,0,0,27,0,13,81,255,241,252,93,0,0,0,2,6,0,1,0,6,0,12,14,9,0,0,0,0,17,2,0,0,0,10,201,255,238,232,0,27,0,0,0,3,0,14,14,0,0,0,0,0,3,6,0,0,30,20,0,0,0,0,199,234,255,254,12,18,0,0,7,1,5,0,7,2,0,0,0,0,3,0,0,15,0,9,12,0,0,0,170,255,255,220,0,0,0,0,3,0,0,0,0,0,0,0,0,0,1,6,0,4,0,1,5,0,3,0,195,243,255,252,8,0,0,18,10,7,3,0,23,0,15,2,0,6,0,11,0,0,1,21,26,0,2,17,180,247,255,236,3,0,1,0,0,30,0,0,0,0,0,0,0,0,31,0,0,0,10,0,7,0,21,0,192,247,255,231,0,9,0,21,6,2,0,0,9,9,18,0,9,0,0,0,0,8,0,13,0,0,0,20,172,255,255,255,0,0,5,0,0,8,0,6,12,0,0,13,0,6,6,13,3,9,2,0,1,10,0,0,198,255,235,249,19,0,0,0,3,23,0,8,0,10,0,5,0,9,0,5,0,0,0,0,9,0,0,0,159,255,236,239,0,0,10,0,2,0,0,1,0,11,15,0,0,17,0,0,15,0,14,12,2,0,4,1,111,246,252,139,9,19,11,6,0,0,29,0,0,0,0,11,0,0,9,12,0,0,35,9,0,0,15,0,6,0,0,13,0,0,0,0,1,5,6,0,0,0,0,20,5,0,0,12,13,0,0,18,0,0,0,9,20,6,0,20,0,2,11,0,9,0,0,8,0,0,5,0,19,0,10,2,0,19,33,0,0,0,0,6,0,21,7,0,1,0,0,0,0,0,0,10,22,2,10,0,0,0,35,12,0,0,0,0,0,0,0,2,6,11,0,0,0,25,0,5,4,20,23,7,1,5,16,0
11,0,0,0,3,0,0,4,3,1,0,8,5,18,0,0,0,18,0,10,0,0,13,4,0,21,4,9,0,12,0,1,0,20,0,0,0,16,16,0,0,0,11,0,12,8,0,7,21,0,4,15,0,0,13,0,0,0,4,9,0,0,0,9,15,0,0,1,2,0,0,16,14,0,5,20,10,6,0,0,0,4,0,17,2,0,20,25,1,7,0,4,10,4,0,0,0,0,3,0,1,0,0,0,5,0,2,11,3,11,0,0,0,0,4,0,0,0,9,0,13,10,18,0,0,28,120,236,141,56,10,0,0,16,0,0,0,0,10,0,4,0,1,10,0,0,0,15,0,1,45,175,102,205,255,253,245,223,85,0,0,33,18,0,6,0,0,24,0,7,8,20,19,24,0,4,0,0,217,255,255,230,185,167,254,253,196,25,0,0,0,19,0,0,21,1,0,0,18,0,16,20,0,0,12,93,255,255,199,7,0,0,106,159,251,158,20,0,0,26,28,3,5,0,21,0,0,0,8,16,0,6,0,0,205,224,197,0,7,1,0,39,226,247,89,12,9,12,0,0,0,3,21,7,9,2,0,3,5,13,0,62,238,255,116,0,0,0,8,0,219,248,74,10,0,13,0,0,0,0,9,17,27,0,3,0,0,4,0,105,255,238,50,1,0,12,5,0,111,255,125,0,12,9,0,0,3,0,0,18,0,3,7,15,0,0,0,182,239,169,4,8,14,0,0,0,95,255,171,0,0,1,7,0,0,0,13,9,7,0,0,7,11,5,38,245,255,91,2,5,5,19,21,19,0,238,181,0,0,0,0,9,0,0,0,0,0,0,15,0,18,0,37,252,252,91,2,0,11,9,16,0,2,233,187,0,5,0,0,0,0,0,0,1,0,4,0,21,0,1,19,255,251,33,0,5,5,3,0,0,0,251,188,0,17,11,0,0,0,0,8,3,6,0,3,22,0,0,29,238,255,0,12,0,0,0,16,4,9,226,156,0,7,17,1,4,3,0,14,8,26,9,8,0,0,2,34,255,245,0,0,0,0,0,0,5,67,236,92,0,0,0,0,0,0,0,0,17,0,13,0,4,5,23,48,255,233,0,7,3,0,0,5,16,143,255,72,0,8,0,0,0,5,0,0,1,10,0,0,0,4,5,54,255,234,0,0,0,9,13,5,56,255,224,38,18,41,0,23,0,0,6,0,0,0,2,0,0,20,0,45,255,243,69,0,7,2,7,40,216,255,150,20,13,11,14,0,0,19,9,0,7,0,0,15,12,0,0,43,243,250,118,4,0,12,45,162,242,255,48,0,0,9,15,0,15,1,0,11,11,0,0,4,0,2,0,24,117,249,255,128,37,143,219,255,246,87,19,0,27,23,0,0,0,0,2,10,0,7,8,0,7,0,0,20,13,204,236,255,247,243,255,253,164,15,11,0,0,0,6,0,0,0,3,8,1,8,5,3,0,6,0,2,0,0,171,255,245,254,205,98,20,0,0,0,1,0,0,21,0,0,4,3,1,6,4,0,6,0,0,5,32,3,0,22,0,0,0,0,0,0,0,0,16,0,2,22,4,1,0,0,0,0,3,3,0,0,7,30,28,20,0,1,0,0,2,0,0,1,11,10,7,0,0,0,0,15,0,18,0,0,0,0,0,2,0,0,6,0,0,4,0,0,17,22,11,6,0,7,0,0,14,3,13,0,13,14,26,6,0,5,0,0,0,19,11,0,2,0,9,6,1,0,8,0,0,0,11,0,8,15,2,0,0
1,0,0,0,0,0,11,18,0,5,4,34,0,0,4,4,14,4,22,4,0,0,23,0,0,4,0,9,2,10,3,13,1,19,4,2,7,5,0,0,0,0,0,4,3,4,22,4,31,0,0,0,11,0,11,16,0,0,9,10,8,3,27,0,9,0,0,1,14,0,12,0,5,0,4,0,0,0,0,0,7,0,0,0,0,0,4,0,16,0,18,0,0,0,0,9,0,4,0,12,2,0,33,0,0,11,0,1,9,0,8,0,0,0,0,0,0,0,0,0,16,0,15,4,0,0,0,0,88,243,42,0,0,0,17,22,0,0,0,0,0,0,5,0,0,0,10,2,3,0,0,2,14,3,12,0,215,238,93,0,0,0,0,0,0,0,6,0,0,0,12,18,2,0,0,0,15,15,0,0,27,6,9,114,232,225,236,15,5,7,0,8,2,7,7,0,0,2,5,1,0,0,4,22,0,11,29,0,0,0,91,255,255,255,177,0,0,0,12,0,0,6,5,0,0,3,0,0,0,6,0,2,0,1,0,0,0,0,195,255,255,255,76,0,22,7,0,0,0,0,6,0,0,0,0,26,0,0,0,2,0,3,0,5,0,11,232,253,255,255,68,9,9,23,3,18,9,0,12,0,0,0,6,5,0,0,0,10,0,0,20,2,10,91,248,255,242,255,52,0,13,0,0,0,0,0,23,13,35,8,2,0,0,0,6,3,0,0,0,0,50,170,255,246,255,155,1,0,2,8,0,7,2,26,3,0,0,0,0,2,0,3,5,25,6,17,4,28,115,255,242,255,234,97,0,18,0,10,0,17,14,1,0,0,0,0,0,1,0,0,15,7,5,0,6,46,197,244,255,245,184,26,12,4,15,2,7,10,11,17,0,0,0,2,7,5,0,9,0,17,4,2,2,67,228,255,255,239,47,0,0,0,2,0,0,0,0,13,0,0,11,0,0,4,0,0,10,16,7,0,0,32,255,244,228,247,51,0,13,14,1,6,9,0,9,0,4,23,0,0,0,0,0,0,0,0,0,5,6,56,239,255,255,250,19,7,17,7,0,0,18,0,0,11,0,0,2,5,0,0,19,0,1,0,1,0,1,230,248,245,255,87,5,16,7,0,0,5,0,0,3,1,0,12,10,0,17,16,6,0,0,0,8,0,121,219,242,242,203,19,0,0,2,21,13,3,4,18,0,0,9,5,13,3,10,10,0,0,0,0,22,85,255,253,255,255,10,21,0,0,0,0,0,1,0,4,1,0,0,0,12,0,0,14,6,2,13,0,0,171,255,255,254,244,0,3,0,15,14,0,0,2,5,0,0,0,0,1,0,0,0,0,0,12,0,0,19,232,232,238,230,235,0,0,0,3,0,0,0,10,0,5,9,7,0,0,0,0,0,1,1,2,1,15,0,255,242,255,255,57,7,0,10,10,0,5,0,0,0,7,5,13,0,11,0,13,0,1,1,0,0,17,22,111,237,223,58,22,0,0,0,11,16,0,15,0,0,0,0,4,16,0,1,7,6,0,0,0,10,13,9,6,1,12,0,0,0,0,0,0,2,3,0,0,0,7,12,0,2,18,15,9,3,0,0,17,5,14,4,6,0,0,0,6,3,22,0,0,0,0,0,0,0,11,0,0,19,0,4,36,0,0,12,0,0,0,3,4,18,24,14,0,0,4,0,20,0,11,0,0,0,28,4,0,5,0,10,0,0,0,0,0,0,0,1,0,2,5,0,29,0,0,0,0,8,0,0,0,11,5,15,0,6,0
0,0,8,0,18,0,0,0,0,0,0,0,0,1,10,13,0,1,13,0,0,0,22,3,0,25,0,2,3,0,0,9,0,12,0,10,0,0,0,4,15,4,0,0,0,0,7,0,0,0,22,18,0,11,16,5,0,2,0,0,0,13,3,1,0,4,0,194,113,8,6,0,0,0,9,12,0,20,0,12,0,13,6,3,0,0,0,6,0,0,0,2,0,5,119,255,235,47,0,12,17,15,0,0,0,13,0,5,0,18,13,0,0,0,0,0,0,14,2,5,22,38,151,245,252,49,0,1,0,6,29,6,13,3,0,0,0,7,0,0,5,0,0,0,4,0,3,0,8,6,168,255,217,57,0,13,0,0,23,10,0,24,0,9,7,10,0,11,8,6,0,8,0,12,0,2,0,24,246,255,178,4,12,18,14,3,3,4,11,9,0,0,3,7,10,23,0,0,21,1,5,5,0,0,0,48,255,253,177,13,0,1,18,16,1,2,0,0,33,3,0,0,6,0,5,0,26,3,0,0,0,16,2,26,255,255,116,12,2,18,2,0,0,0,0,3,0,24,10,0,0,13,0,0,15,0,0,0,0,0,3,150,255,255,21,0,9,0,23,0,16,5,21,6,19,1,0,4,0,1,19,0,0,1,0,0,4,6,8,201,252,255,21,0,0,0,0,0,12,32,12,30,26,0,0,0,14,1,0,0,0,0,27,14,0,0,61,255,248,148,4,0,10,0,17,29,168,245,255,96,0,0,1,10,10,0,0,6,5,5,14,0,31,0,234,255,255,146,7,13,3,0,53,244,255,255,246,232,81,0,0,0,0,11,0,11,0,0,0,26,0,13,198,255,232,99,35,0,32,67,241,255,215,162,147,255,255,63,20,12,14,1,2,0,13,0,9,0,10,32,180,236,154,0,0,9,70,251,243,192,96,8,23,241,245,50,28,28,12,0,0,0,0,0,0,0,0,0,200,240,89,0,34,126,219,248,157,0,16,18,117,255,240,53,0,20,0,11,2,0,0,0,0,0,4,2,192,225,0,0,0,195,216,107,6,0,0,36,246,233,250,43,14,0,9,4,6,4,0,0,8,20,0,0,191,251,130,11,20,211,146,0,8,22,72,215,246,244,112,0,10,18,0,0,0,0,0,0,18,0,0,20,205,237,136,8,99,193,13,5,35,137,255,255,248,123,6,7,31,0,0,6,0,6,0,0,0,2,0,1,163,255,245,132,121,255,181,135,225,250,231,219,121,0,0,18,0,8,5,0,0,27,5,0,0,1,0,20,11,199,223,242,255,239,255,253,255,245,205,23,18,0,7,0,0,0,11,0,9,1,0,0,0,0,27,0,0,21,132,255,255,249,255,233,116,6,0,33,0,8,17,0,0,0,0,0,0,0,0,0,0,0,26,23,0,0,0,0,3,3,0,0,0,6,0,3,0,5,0,0,0,8,18,0,0,1,5,0,0,8,4,12,0,0,0,8,12,9,0,1,24,12,10,11,0,0,22,0,2,0,0,0,7,13,0,10,6,0,19,0,0,0,5,15,4,21,15,5,1,0,10,1,27,19,0,0,10,6,0,0,0,1,0,0,10,6,0,0,0,11,0,0,8,0,6,11,12,0,0,3,17,4,17,5,4,4,0,13,0,0,35,0,28,0,0,3,17,0,0,0,7,0,10,0,2,5,8,5,0,0,0,0,0,10,13,0,0,0,0,0,0,20,22,2,0,0,7,0,0,0,0,1,2,6,2,3,15,3,0,4,0,0,8,0
0,0,12,21,4,7,8,4,7,3,0,23,1,13,0,0,0,4,0,0,8,1,7,0,3,0,0,0,0,19,0,0,0,4,16,0,5,0,11,11,0,0,0,0,0,11,18,0,0,34,14,0,10,10,0,0,0,26,0,0,35,3,0,22,27,2,0,0,0,0,0,4,0,0,3,4,0,0,0,0,0,18,0,23,5,0,22,0,0,3,4,0,13,13,1,0,0,0,0,0,0,0,0,0,0,4,0,1,0,0,2,3,0,2,0,0,11,3,16,1,0,16,0,3,0,28,9,14,0,5,0,3,5,31,1,3,0,11,0,9,12,1,4,35,20,20,0,12,0,8,0,5,5,0,11,0,0,10,9,5,9,0,0,3,0,0,0,0,5,33,0,0,7,2,1,0,0,14,4,0,17,187,92,16,1,0,0,26,11,46,79,0,34,0,0,0,16,0,0,15,0,0,2,4,2,11,16,140,225,247,201,37,0,0,0,0,85,248,237,232,11,16,0,13,0,0,5,0,0,9,7,21,1,0,58,251,242,186,64,8,29,23,7,9,186,255,240,93,28,20,15,0,0,5,0,0,0,14,0,2,0,88,216,253,131,9,0,6,0,1,0,122,255,233,67,28,0,0,10,11,0,0,13,2,0,13,0,0,6,180,245,171,0,0,0,5,0,10,108,236,255,204,0,0,0,0,0,10,0,0,17,22,0,0,23,0,99,255,211,0,5,47,0,0,15,11,196,255,236,83,5,0,1,0,0,25,19,13,0,0,0,1,23,0,217,249,80,6,39,0,0,5,0,156,255,255,168,0,8,2,1,0,1,9,0,1,15,0,17,0,0,15,216,174,0,25,0,9,0,0,123,252,248,178,0,9,0,0,0,35,0,0,0,0,0,0,0,11,0,40,255,132,0,18,7,9,35,118,244,255,255,135,0,0,9,19,10,21,2,0,0,0,1,0,19,0,19,126,255,23,0,2,93,118,255,237,255,255,179,10,4,36,7,0,14,0,0,17,20,11,4,0,0,0,0,118,252,251,234,255,252,255,240,255,255,201,11,14,0,0,1,14,0,8,18,9,0,0,11,15,14,7,5,9,173,254,255,234,255,247,245,246,220,45,15,20,0,22,0,10,3,1,3,2,14,0,0,12,0,6,0,9,26,193,246,255,243,255,254,249,189,0,18,2,17,11,0,0,0,1,4,0,0,0,0,0,7,0,0,9,12,17,7,19,136,251,230,233,70,4,22,0,16,0,3,0,0,2,5,2,13,1,11,12,18,2,0,0,6,0,0,43,229,244,243,134,0,3,10,0,0,9,8,0,5,0,0,22,0,22,5,19,0,0,7,0,22,0,7,186,234,255,143,38,14,13,17,2,2,0,10,0,0,3,0,0,0,3,13,0,22,0,0,0,10,8,0,197,255,194,31,18,8,0,31,0,0,14,0,0,10,2,0,15,3,31,0,0,0,13,5,0,0,7,55,255,255,35,20,0,0,0,4,0,8,0,0,0,0,4,0,16,26,31,0,5,0,0,12,0,0,0,64,248,195,0,0,0,5,2,0,8,0,0,0,18,12,0,0,0,0,0,0,11,7,2,5,2,0,24,12,211,84,0,20,0,8,0,0,0,0,10,0,0,8,11,12,0,0,0,0,13,11,10,0,0,0,0,0,0,0,0,14,0,0,13,0,0,0,15,12,23,9,0,0,6,0,1,28,0,0,1,0,0,10,0,1,0,2,0,3,46,14,4,0,0,19,0,7,17,9,4,0,25
0,0,1,0,10,0,3,0,0,6,0,0,3,0,3,0,19,0,0,0,9,0,0,1,13,13,8,0,0,1,6,0,11,0,0,0,13,0,28,0,10,0,0,11,0,0,0,0,5,23,12,11,6,0,0,20,0,0,0,0,0,4,0,4,6,13,0,11,0,0,2,0,3,4,0,0,25,4,0,0,8,3,0,0,8,32,6,12,18,19,0,27,0,0,3,0,1,14,0,25,180,227,54,0,0,0,28,0,0,0,5,0,0,0,3,5,20,21,0,0,0,12,0,0,7,0,9,130,248,145,13,0,24,5,0,0,9,0,0,5,10,2,0,4,4,0,8,17,8,0,12,3,0,11,112,227,163,14,0,8,4,0,2,0,17,0,16,0,18,7,16,3,20,0,0,11,10,10,18,0,0,49,232,235,85,0,4,12,0,0,18,0,0,16,10,0,10,0,0,3,4,23,0,14,0,0,27,0,30,166,255,135,0,9,0,3,3,0,0,5,0,0,10,0,0,0,0,0,0,4,18,18,21,8,16,6,65,255,160,0,8,0,0,15,0,4,15,4,9,0,17,0,0,15,0,2,0,3,18,5,0,11,0,19,236,254,52,21,0,0,0,4,0,0,4,0,5,13,0,15,20,0,0,0,0,0,0,0,27,0,0,74,255,197,7,8,4,0,0,18,0,10,16,0,9,2,41,19,1,11,6,17,2,0,0,0,2,0,14,206,255,46,8,0,0,0,0,0,3,0,0,2,0,0,0,21,0,1,24,0,0,0,28,8,0,0,20,251,205,12,0,0,1,0,18,4,0,0,4,9,23,12,5,1,15,0,18,0,0,10,2,0,3,1,209,244,64,0,0,0,11,18,4,0,26,0,7,0,20,12,17,0,0,0,5,4,22,13,27,18,15,23,255,251,31,0,0,19,62,111,12,7,0,15,0,0,0,17,0,0,12,0,15,2,12,21,0,13,12,0,253,208,0,5,46,247,214,125,164,113,17,1,0,0,1,12,0,6,1,0,16,0,0,0,24,0,0,74,255,94,0,3,174,245,61,0,47,254,0,0,17,14,0,4,0,25,12,0,0,7,5,0,10,0,29,72,254,119,7,64,252,46,0,15,46,255,10,5,15,18,0,8,0,0,1,22,0,0,0,8,4,0,0,10,255,195,11,98,139,0,26,0,46,243,3,18,9,13,0,0,21,0,7,0,0,0,0,9,2,0,21,0,205,252,55,103,152,3,0,6,108,166,10,0,0,13,10,0,16,0,24,2,0,8,0,30,0,0,0,2,27,238,172,18,60,33,4,114,236,118,15,0,15,0,16,0,1,0,2,0,0,0,0,0,0,0,8,12,0,109,247,203,53,97,167,230,126,13,18,2,2,6,0,0,1,0,18,13,1,0,0,14,0,0,0,0,0,8,151,254,235,245,221,61,0,7,20,0,0,1,0,0,0,0,0,0,0,7,0,1,13,0,0,1,8,1,0,12,23,0,2,0,0,4,0,8,3,6,0,0,0,8,9,6,13,0,29,0,8,7,5,0,3,0,0,12,11,0,1,0,10,0,21,0,0,0,0,0,0,15,0,10,4,0,9,0,10,6,0,0,6,0,9,0,22,0,0,6,0,0,0,12,44,0,0,23,16,0,0,10,16,0,19,0,0,0,0,0,20,4,0,0,0,25,0,0,11,9,0,11,11,0,20,0,0,0,0,0,0,0,0,20,0,2,9,4,30,0,28,0,12,0,13,23,9,15,0,0,4,11,0,4,17,12
0,5,0,19,27,0,31,4,0,0,0,0,0,0,0,0,6,0,0,19,0,8,0,4,0,12,19,0,0,16,2,0,9,6,0,2,0,19,12,0,16,9,0,6,11,18,0,0,13,13,1,6,0,0,0,0,16,0,0,0,23,0,0,20,14,0,0,20,0,0,14,0,3,25,0,1,0,20,11,0,31,0,0,0,0,22,19,9,14,14,30,0,8,1,0,0,2,0,0,0,0,4,0,26,4,14,2,0,0,0,0,6,9,0,0,17,0,2,9,11,0,15,24,0,5,19,0,1,0,0,0,0,0,9,18,0,15,0,0,0,27,15,8,3,0,0,0,0,2,4,12,0,9,0,1,0,0,0,8,0,2,4,0,5,0,0,0,0,0,0,6,8,0,2,12,0,0,0,4,0,8,0,0,2,0,2,0,26,0,8,0,13,0,0,7,0,0,0,2,0,18,0,0,8,11,0,1,0,0,0,16,1,0,10,0,0,25,0,0,0,0,0,6,0,0,29,113,151,153,132,146,160,131,146,144,155,129,135,146,85,60,33,47,145,255,0,0,13,5,0,5,5,39,233,255,229,255,255,255,241,239,241,255,242,214,255,226,255,255,252,255,255,255,7,0,0,0,0,1,16,6,41,46,30,34,25,36,35,23,30,61,47,47,109,141,148,147,232,248,234,123,5,3,13,0,2,0,0,16,5,0,0,20,0,0,9,9,0,1,0,0,0,6,4,1,157,255,171,0,13,10,0,11,0,13,4,0,8,0,1,2,7,8,0,0,11,0,8,7,32,0,0,0,198,251,173,0,13,0,23,7,0,8,40,0,8,0,9,0,0,0,0,25,4,0,4,13,0,0,11,0,234,237,79,0,0,25,0,0,0,8,8,0,0,8,0,2,0,0,6,0,3,25,0,5,0,0,14,0,232,254,80,0,23,4,16,8,0,11,31,0,0,0,6,5,11,11,0,0,0,0,0,0,10,0,0,14,229,231,0,3,0,8,0,0,0,0,0,5,0,0,8,0,1,0,0,0,0,8,7,0,9,18,5,111,255,215,5,0,0,38,0,0,10,15,0,0,0,0,0,7,0,0,0,0,0,6,9,0,0,0,0,86,255,170,18,6,0,10,0,14,0,0,14,19,1,4,0,0,7,0,0,6,1,9,6,0,1,4,9,93,249,103,0,17,6,0,8,0,0,6,0,15,0,4,7,0,0,6,0,1,0,0,0,0,1,0,0,109,242,112,0,8,0,15,0,7,18,11,14,7,4,0,0,1,0,9,0,3,0,0,7,14,0,0,0,198,251,96,33,0,2,9,0,33,10,0,0,1,8,0,12,0,5,0,0,0,8,4,0,16,0,19,0,202,241,89,10,20,5,16,0,9,2,0,0,5,12,0,7,0,0,10,0,0,0,0,16,14,4,0,0,215,255,104,0,0,43,8,0,0,7,12,16,2,0,0,0,6,7,0,13,14,0,0,0,0,0,0,0,200,255,103,0,0,0,10,4,0,0,11,0,0,0,6,0,6,0,0,0,1,0,3,5,0,3,4,0,141,239,136,0,4,16,5,0,0,0,9,2,0,0,0,14,10,0,0,0,2,4,1,14,19,0,17,19,72,255,240,70,0,0,20,1,10,16,0,9,27,11,5,16,21,0,49,15,0,1,19,0,1,0,0,3,0,225,255,176,6,0,0,0,0,4,0,0,9,0,8,0,0,4,19,21,13,16,0,3,0,13,0,7,0,149,255,134,10,9,28,2,6,0,8,0
0,0,19,0,4,8,15,3,0,9,0,1,0,8,0,2,13,0,15,0,0,0,0,0,0,0,16,10,1,12,0,2,24,0,9,8,18,0,0,14,1,0,18,0,0,1,0,6,7,12,3,0,14,5,2,0,28,22,0,0,0,0,6,0,12,0,8,0,5,0,0,7,0,0,0,0,9,1,10,0,26,0,8,22,0,0,0,0,1,6,0,15,0,1,2,0,0,4,0,0,19,0,6,0,18,0,0,16,0,7,3,19,1,0,11,2,1,0,15,0,9,16,13,24,13,16,0,8,5,2,2,0,0,0,2,12,9,18,0,6,0,4,3,3,0,0,21,7,103,144,223,255,255,251,146,41,0,2,0,13,8,0,13,3,5,3,8,2,3,22,27,0,17,9,59,255,255,244,233,219,211,228,233,239,128,7,0,0,7,0,0,24,17,0,12,0,0,0,0,15,0,35,255,235,180,66,64,0,9,0,143,248,244,166,28,13,0,17,5,4,9,0,0,0,20,0,0,0,0,124,250,94,0,12,0,19,12,15,5,73,236,255,161,0,21,13,0,12,0,0,4,6,30,0,7,0,0,95,255,63,11,0,0,0,0,0,0,0,44,238,246,16,16,3,1,0,0,0,5,0,23,16,25,5,0,0,174,37,0,26,0,0,6,16,9,29,0,158,250,57,0,0,0,6,3,14,0,11,0,4,8,0,0,0,6,4,7,24,6,0,0,11,1,26,0,174,254,59,0,9,4,4,0,0,4,5,0,0,4,7,0,0,12,9,2,16,4,2,0,13,0,5,35,227,214,33,26,0,3,18,0,1,6,0,0,4,21,0,13,0,0,9,5,5,0,0,2,23,0,2,93,255,203,0,14,5,4,0,6,0,7,8,9,0,0,9,2,0,3,12,0,7,0,9,16,1,29,68,245,255,96,0,8,0,12,8,1,8,0,7,5,20,5,0,0,0,0,13,0,0,12,1,14,134,193,227,255,251,157,45,0,12,19,13,20,5,3,4,2,0,11,0,0,0,0,0,16,0,20,0,117,235,245,255,217,243,255,238,89,0,0,0,0,0,14,6,0,6,0,12,0,0,1,2,0,0,20,6,88,252,233,88,13,14,116,219,255,106,10,0,7,2,4,17,0,0,0,0,0,0,17,0,0,26,3,0,0,97,0,0,7,18,0,99,255,204,0,5,11,0,22,2,7,0,0,0,0,3,15,0,0,0,14,0,0,0,1,7,1,1,21,79,234,253,7,0,18,4,0,25,0,18,0,0,0,23,0,0,15,25,17,0,0,0,0,0,0,15,12,171,251,242,0,5,0,34,0,1,1,1,2,0,0,0,0,3,1,12,4,2,0,3,0,0,0,1,90,244,230,129,10,0,2,11,34,4,0,0,6,0,0,0,5,26,25,0,3,19,0,3,8,96,91,166,253,246,128,13,0,14,4,0,0,8,0,0,0,0,0,0,0,50,221,136,125,98,197,219,213,242,255,195,60,13,17,0,7,9,13,0,0,0,0,0,8,0,0,1,9,18,112,255,255,255,247,218,131,130,71,31,17,0,0,12,0,6,15,0,0,1,10,0,0,24,0,0,0,12,10,7,0,0,0,15,17,8,0,0,0,0,19,3,21,0,0,3,0,0,0,15,0,0,4,0,3,0,1,1,0,4,0,0,0,26,0,0,0,0,0,0,0,0,0,6,0,0,32,0,0,0,3,4,7,0,2,0,0,15,0,0,0,10,7,1,7,15,14,14,0,0,19,0,0,2
2,0,9,0,6,0,0,0,0,16,0,0,0,0,0,10,0,7,0,0,7,4,0,21,0,0,17,6,0,7,0,17,0,0,16,23,0,0,7,0,5,0,0,25,4,0,3,0,0,27,11,17,38,0,3,14,0,6,0,0,2,0,7,0,12,0,0,9,0,12,6,39,11,0,0,17,0,0,1,13,19,6,0,0,0,0,0,1,4,8,0,0,0,0,1,5,13,0,4,29,2,15,7,5,1,9,6,0,0,0,0,0,31,0,0,0,0,0,8,0,3,6,6,0,0,8,17,185,116,0,0,0,0,0,0,7,12,12,14,5,0,0,0,0,22,0,9,19,1,0,0,0,1,0,136,253,118,0,0,1,0,0,0,0,17,0,0,0,5,0,0,0,0,0,11,0,0,0,0,0,0,8,209,247,80,8,0,0,0,19,0,0,2,0,0,12,0,10,2,10,0,1,14,9,0,0,0,0,0,0,184,255,100,15,0,0,0,2,1,0,4,10,2,4,9,0,3,5,11,7,2,3,0,1,0,23,0,0,194,255,90,0,3,0,1,25,2,0,2,4,0,0,16,0,10,0,0,12,6,12,21,0,0,1,0,0,212,255,96,6,20,4,14,0,0,0,7,0,0,4,6,0,0,0,12,15,16,9,0,0,13,34,0,4,197,255,85,7,0,0,0,0,0,11,16,2,0,0,0,14,0,0,0,0,0,0,11,11,0,0,8,5,221,233,85,4,0,0,0,0,0,0,0,0,12,0,2,0,0,5,0,7,3,0,1,0,0,0,17,10,255,246,86,16,0,0,6,2,11,0,10,14,0,0,0,18,6,7,0,0,5,20,0,22,0,0,0,61,247,255,0,0,8,0,16,10,19,11,0,2,0,20,19,0,1,0,0,2,0,18,12,0,3,0,0,146,255,165,4,3,0,0,4,1,7,0,0,0,9,0,12,8,21,2,0,8,0,28,4,0,3,0,1,244,255,110,9,0,21,35,23,5,0,4,0,0,13,1,16,0,0,0,0,0,10,0,8,0,0,29,48,223,226,92,0,1,3,0,0,0,0,11,0,0,0,4,1,2,0,6,0,0,0,0,6,0,0,24,170,242,229,4,13,1,0,0,38,0,36,0,12,0,17,0,0,0,0,13,0,0,0,0,9,0,7,18,255,237,151,5,0,0,8,7,0,16,0,0,0,0,0,26,0,5,0,0,0,8,0,7,0,17,0,28,252,255,78,8,19,0,12,0,0,0,8,11,30,0,0,0,0,13,0,15,0,13,0,13,0,0,0,133,255,234,0,6,15,0,0,0,0,0,14,10,2,0,0,2,0,0,15,0,4,7,4,0,7,0,0,199,237,212,15,0,0,0,0,7,0,0,19,14,8,0,13,0,18,0,0,15,10,15,0,0,0,0,0,139,254,224,44,4,22,14,0,0,0,0,0,0,19,15,1,15,0,0,0,2,20,0,0,14,0,4,0,19,255,148,43,3,0,12,2,17,0,20,12,1,0,0,0,0,24,0,0,0,0,5,14,0,12,0,9,15,0,24,19,0,14,0,0,0,21,0,0,0,0,0,0,20,0,9,0,0,0,3,17,16,7,0,0,6,3,0,3,0,0,16,0,19,0,11,0,0,1,0,9,0,0,2,0,0,0,9,0,0,0,0,0,0,7,7,0,0,0,0,0,0,0,0,0,0,0,0,0,0,0,0,10,11,11,0,1,0,10,0,29,5,0,0,0,0,19,3,0,0,0,24,0,22,0,0,17,28
0,15,7,0,6,0,0,3,21,4,0,0,0,9,6,11,10,7,0,25,0,4,0,10,15,0,0,9,8,3,3,0,0,0,0,0,3,0,0,15,3,0,0,0,7,0,13,0,0,0,0,0,0,0,0,0,0,0,0,0,8,13,16,0,0,22,0,0,4,13,5,0,0,19,0,0,0,8,0,0,7,0,0,0,0,0,7,7,16,19,21,0,8,0,0,0,0,24,19,6,6,0,0,0,0,3,0,0,0,0,0,0,3,0,0,11,0,10,15,26,3,0,4,0,0,0,0,16,0,0,0,0,0,0,14,17,0,0,0,0,0,0,0,0,0,19,19,12,6,12,11,5,14,0,0,0,16,0,0,0,0,0,4,0,0,25,6,0,0,5,0,17,10,22,1,2,0,0,29,0,0,0,0,16,29,0,0,3,0,11,7,0,0,16,0,1,18,13,6,0,2,23,0,9,2,0,1,62,181,155,173,205,255,255,179,1,0,15,1,0,9,0,20,0,1,0,13,15,0,5,1,6,62,170,216,255,254,255,247,249,221,255,252,114,0,1,0,8,0,22,1,0,0,16,0,22,0,3,6,0,150,253,242,244,249,251,249,200,199,234,255,200,11,3,0,0,11,14,21,0,3,0,7,0,0,13,4,27,157,228,164,167,122,75,45,0,3,54,249,96,0,25,15,0,0,0,0,0,0,7,21,13,3,23,0,24,3,9,2,0,32,0,0,0,0,173,234,85,10,7,0,0,13,0,4,0,0,12,0,15,8,11,0,0,17,9,6,5,0,14,14,7,0,236,244,46,8,0,0,13,0,6,0,0,0,0,0,4,4,6,0,10,12,7,32,0,0,16,12,5,171,251,227,2,0,4,14,0,0,19,18,0,12,0,16,0,5,13,0,0,0,0,0,19,9,15,80,145,250,241,66,5,0,1,9,6,0,0,0,0,0,3,0,0,7,0,0,14,44,217,255,255,251,239,226,239,252,244,255,219,96,53,0,7,0,3,0,0,0,12,0,0,0,0,7,0,88,255,245,254,252,255,252,251,251,252,240,255,230,156,4,0,0,0,3,0,0,2,0,0,0,7,0,15,173,245,215,201,198,243,237,234,211,155,145,77,1,0,31,17,18,4,0,4,16,0,9,0,10,21,3,0,11,29,22,0,0,182,255,203,7,0,0,0,0,0,4,0,0,0,3,0,32,0,0,12,0,0,9,0,0,0,0,0,165,251,226,36,17,0,9,28,0,16,0,13,33,23,0,0,11,0,8,0,13,10,5,0,8,0,0,92,230,255,112,0,0,15,14,0,10,0,4,0,0,2,5,13,11,7,7,0,0,15,14,5,0,0,29,246,255,108,0,0,14,0,0,0,0,0,2,0,0,8,28,0,5,2,42,11,6,0,0,0,0,8,156,240,165,0,6,6,0,0,18,13,10,0,0,14,0,8,0,0,1,0,0,14,0,0,0,1,0,41,255,249,44,25,0,0,0,0,0,18,0,0,0,0,0,0,0,1,6,0,6,0,12,7,3,8,11,136,255,197,20,0,0,2,2,0,19,0,2,3,4,0,0,17,27,2,23,0,0,0,13,0,0,0,0,189,255,142,6,8,12,0,7,0,0,0,20,18,5,0,0,17,0,4,0,0,0,0,0,9,15,17,18,204,163,0,14,2,14,0,10,0,0,16,26,0,0,19,15,17,17,27,19,6,3,10,24,0,0,0,5,18,16,10,0,19,2,0,22,12,2,9,41,0,10,0,0,5,15,0
4,0,6,16,8,0,0,18,12,11,20,0,0,0,0,3,0,0,0,3,27,0,0,17,0,1,0,0,23,0,0,0,0,13,0,10,7,0,1,7,0,14,0,7,1,0,11,0,3,20,0,0,10,0,0,3,0,24,0,0,11,0,3,2,0,7,0,0,0,0,0,29,0,4,0,8,16,4,0,13,0,6,0,0,2,0,16,0,0,0,8,0,7,0,3,0,0,0,0,9,7,0,7,0,6,0,0,0,5,28,22,13,0,0,6,5,0,3,8,0,5,16,0,0,75,255,0,12,10,0,0,0,0,0,11,16,7,0,0,0,0,21,10,21,5,0,0,22,0,0,0,0,204,250,0,1,7,0,0,0,0,14,4,0,27,24,0,11,12,0,0,0,9,6,0,0,13,10,6,0,158,251,1,0,13,0,7,13,0,0,12,18,0,0,6,0,1,0,4,0,0,0,7,0,0,0,3,66,252,255,22,1,0,15,11,9,0,0,0,0,17,0,0,9,0,0,0,0,15,14,0,2,0,0,7,68,255,255,62,0,0,34,35,0,25,0,0,3,0,0,19,0,20,5,4,17,1,14,2,3,0,6,0,10,245,227,222,12,17,0,6,20,0,7,2,0,0,11,0,0,0,0,0,0,0,0,14,0,0,4,0,1,148,249,229,29,0,8,6,0,0,2,5,0,0,2,0,0,0,0,4,0,6,15,0,0,0,0,0,0,81,239,222,40,0,0,10,0,23,5,4,0,1,0,2,19,11,28,3,10,0,3,9,2,0,4,0,0,59,243,236,0,12,0,0,0,0,0,14,13,0,0,6,0,0,15,19,5,0,19,7,16,10,0,1,0,49,255,251,35,0,0,0,0,0,4,15,0,0,17,12,7,20,6,0,0,0,6,11,5,0,6,0,11,27,253,243,51,0,0,0,18,0,15,23,0,2,0,1,3,0,10,0,0,0,15,15,9,0,0,8,3,0,160,255,123,0,0,14,0,0,0,18,0,35,0,0,17,0,0,12,7,20,0,6,14,2,9,4,10,0,118,248,166,13,10,0,5,0,1,9,0,0,0,0,11,0,0,10,0,1,0,8,9,9,6,0,0,0,70,244,243,20,0,0,1,0,0,15,0,0,0,0,16,0,0,21,18,0,0,0,0,7,11,5,6,13,5,255,234,0,0,0,0,0,9,10,7,8,5,0,6,0,0,0,0,2,0,0,0,0,0,0,10,0,25,249,255,77,5,11,15,0,0,0,0,0,0,23,0,0,11,0,0,0,0,22,0,9,0,5,0,0,21,255,249,53,7,1,4,16,0,13,0,0,1,8,8,0,10,0,31,0,5,13,26,2,3,1,0,0,0,245,234,80,12,1,0,12,0,14,0,10,0,17,0,16,16,14,4,0,17,0,0,5,0,0,0,0,9,243,255,86,0,0,0,6,18,0,31,0,15,0,0,0,0,4,0,19,23,0,0,0,0,0,12,9,0,68,241,22,6,23,17,1,0,20,8,0,0,8,12,14,16,0,19,11,22,18,0,8,0,7,0,15,0,0,0,1,8,0,11,0,0,12,42,0,0,0,1,18,0,0,0,13,0,9,16,13,18,9,5,0,12,32,0,1,0,6,6,0,0,22,0,0,0,0,0,26,0,0,7,0,0,6,0,0,5,0,0,0,22,0,0,2,6,0,0,12,0,0,0,0,4,1,9,9,0,4,10,0,2,0,0,17,1,0,0,0,6,15,0,16,0,0,0,7,9,15,0,5,0,9,12
0,0,5,4,9,20,4,2,0,3,9,4,0,0,0,0,0,15,7,7,21,0,25,0,5,0,15,8,0,0,0,24,0,0,10,0,16,12,3,21,18,0,0,9,28,9,9,0,0,0,2,0,17,0,0,0,7,16,37,3,1,0,26,16,5,17,1,2,0,13,0,0,0,0,1,0,7,0,0,6,18,1,4,19,21,17,16,35,0,0,4,10,5,9,0,10,0,0,6,0,0,9,0,0,0,0,0,0,0,0,20,0,20,0,20,0,0,25,0,0,11,0,22,0,0,0,0,0,7,0,7,0,2,13,0,0,10,19,1,0,0,9,7,0,0,22,31,5,15,3,0,0,9,25,136,218,255,237,56,12,4,13,2,0,0,9,0,0,2,0,0,12,16,0,0,0,14,3,2,0,84,196,249,255,255,251,94,14,12,0,0,0,0,0,0,18,0,0,0,0,10,16,0,17,0,23,59,211,254,242,255,240,231,254,136,7,29,145,211,5,0,15,7,6,4,14,0,12,0,0,0,46,12,13,236,247,255,255,152,101,53,165,88,47,213,244,253,114,0,0,16,0,0,0,0,0,4,5,0,0,12,151,230,234,184,72,11,0,0,0,94,217,255,255,170,1,0,0,0,0,0,0,8,0,0,0,25,0,131,245,223,97,3,0,0,0,0,153,251,255,222,102,19,0,0,0,0,0,13,0,0,0,0,0,0,0,236,229,183,2,27,0,0,19,174,239,242,232,30,0,0,0,8,0,0,3,0,0,9,2,17,0,5,9,231,248,75,0,0,0,59,190,255,255,191,45,9,4,22,11,1,0,0,0,0,0,0,0,2,18,0,0,221,255,190,0,0,2,178,242,255,250,75,4,3,6,0,0,0,3,0,0,13,3,0,0,3,0,0,34,190,255,255,218,42,168,251,249,222,52,0,0,0,1,12,1,0,0,0,17,0,0,16,0,7,0,14,16,31,255,252,254,239,255,255,189,28,52,0,0,0,0,8,0,0,0,0,12,0,0,0,0,0,7,2,18,0,104,200,239,255,255,238,107,6,11,1,3,0,0,0,7,1,0,7,10,11,5,3,3,0,5,0,0,0,0,46,242,255,255,247,217,28,8,0,0,1,6,3,0,1,8,0,3,0,0,0,0,17,6,0,0,0,12,100,248,195,188,239,254,237,13,0,2,5,0,12,4,0,0,2,29,11,6,6,4,0,35,0,22,2,10,213,245,14,2,172,242,255,76,25,3,0,14,0,0,0,22,0,0,3,3,4,0,0,9,2,0,1,47,253,224,2,0,18,105,252,213,11,6,0,20,0,17,22,22,0,9,0,0,13,0,0,0,0,17,0,29,215,255,47,0,0,97,246,236,18,13,4,0,0,18,3,0,0,12,3,6,0,7,10,0,10,0,2,0,134,243,255,244,196,246,250,181,4,10,0,0,3,0,0,0,0,0,14,0,4,10,1,17,1,3,21,0,28,167,255,246,255,255,255,60,5,12,0,0,14,0,6,0,0,8,0,10,0,13,25,0,0,4,5,0,19,0,143,255,255,240,80,0,0,26,2,0,5,10,32,8,0,0,1,7,21,8,14,0,0,4,10,0,27,0,7,1,0,0,7,0,4,0,0,0,9,0,0,4,7,0,4,19,0,6,0,3,0,11,10,2,8,8,0,2,0,3,26,2,0,4,0,13,4,0,14,2,20,16,17,0,0,0,8,26,0,0,0,8,0,0,0,1,0,0,4,0,7,0,2,0,0,10,0,0,5,4
3,0,12,5,21,0,0,10,3,0,2,0,0,26,5,0,9,1,8,12,6,0,19,0,0,9,0,6,0,6,0,4,4,0,7,5,6,0,0,0,2,13,0,21,12,7,0,14,0,2,0,13,0,0,6,20,0,0,6,1,0,15,5,0,20,0,11,8,0,2,10,13,11,13,0,0,8,0,0,29,9,2,11,17,28,0,0,5,14,27,0,3,3,0,5,5,24,85,135,242,255,255,157,22,6,3,0,0,8,5,32,0,0,0,3,0,3,0,0,0,0,0,17,0,182,247,255,255,248,244,249,201,80,6,0,10,0,0,0,0,0,12,11,0,0,0,33,9,10,8,85,255,237,244,141,163,176,255,255,255,144,7,0,12,0,4,0,0,19,2,0,3,22,15,4,3,13,12,182,255,189,46,0,0,32,62,225,255,250,55,0,0,0,0,5,6,3,2,9,0,4,0,12,12,24,189,254,190,73,3,16,2,5,0,154,243,244,167,0,0,0,1,35,4,0,0,0,5,9,1,9,15,62,255,185,0,21,0,0,2,17,12,151,255,252,173,20,10,0,0,16,0,8,10,10,0,2,0,0,1,16,184,181,10,0,27,0,12,0,33,205,253,250,173,0,7,0,5,0,0,0,1,0,0,19,0,22,7,0,25,20,0,0,0,6,0,0,36,255,239,255,23,0,8,3,0,5,10,0,32,0,0,12,9,17,0,0,9,9,24,9,0,0,0,6,65,255,245,255,33,0,2,2,0,6,10,6,0,0,6,11,0,11,0,30,13,7,14,0,4,1,0,0,198,254,255,199,6,11,5,7,0,0,6,0,13,0,0,0,4,14,6,12,14,12,5,6,0,0,10,45,246,254,255,83,0,16,7,0,0,0,0,0,10,0,0,0,13,0,180,255,235,216,202,105,99,108,92,158,244,245,255,81,0,8,26,17,7,3,12,1,0,5,0,4,105,205,254,248,245,246,255,251,247,255,255,230,232,226,59,0,0,0,0,6,18,7,2,0,0,13,0,7,222,253,255,166,124,149,125,255,248,255,255,237,235,122,0,1,4,3,8,0,3,17,13,29,0,1,0,141,235,244,137,0,8,24,35,131,240,225,252,238,253,123,16,15,0,8,0,0,10,0,15,29,4,0,1,160,255,200,9,0,57,155,255,255,244,244,239,249,249,190,106,0,23,17,0,0,19,14,0,2,8,0,0,199,235,216,208,240,223,254,255,255,244,222,179,220,255,255,198,0,22,7,13,4,4,20,10,0,0,9,4,106,255,228,249,255,238,255,255,215,106,70,13,123,252,237,209,59,17,9,0,10,0,1,0,36,0,0,17,34,178,238,253,255,236,167,86,7,0,11,8,85,255,240,255,124,5,5,0,0,0,0,0,5,0,5,0,15,0,63,97,98,95,4,0,0,3,0,0,37,98,255,226,55,3,3,13,4,0,0,9,9,7,3,0,0,15,0,0,0,0,10,5,1,8,0,19,35,0,0,0,4,7,0,0,0,15,9,11,4,0,0,0,0,8,0,0,0,0,0,0,0,2,11,3,15,5,0,0,0,4,6,0,6,0,0,0,0,0,0,0,0,0,12,11,15,0,6,0,0,6,0,13,0,0,0,0,6,16,18,2,8,5,0,8,9,8,12,0,0,12,9,13,4,4,0,0,19,6,0,0,10,6,4,2,14,0,6,0,0,0,0,1,0,3,0,0,18,8,0,0,30,1,0,0,0,0,0,12,0,0,12,4,0,12,11,10,0,0,7,0
0,32,7,0,9,1,7,0,9,0,0,0,0,4,31,3,0,10,0,7,0,0,0,0,7,3,28,18,0,0,0,5,0,0,6,1,0,0,17,0,0,5,0,1,0,15,0,0,0,5,0,16,0,16,1,2,15,0,0,0,0,0,9,0,3,0,0,6,0,19,0,0,1,0,7,0,2,0,11,19,16,0,0,20,0,0,1,0,24,4,0,20,0,0,7,0,20,31,12,1,8,6,3,0,0,12,0,0,8,3,0,17,0,0,0,12,15,11,6,0,0,5,0,8,4,0,81,197,129,8,3,2,0,16,0,10,0,0,17,0,7,8,0,0,0,22,0,0,0,6,0,0,0,79,231,255,255,182,4,0,0,1,0,0,0,4,0,0,0,19,4,4,3,0,0,12,0,0,0,1,8,194,255,248,255,255,226,108,0,0,3,0,2,0,14,19,29,3,0,0,12,7,0,0,19,0,35,8,192,255,219,16,89,237,254,161,0,1,6,0,9,0,1,12,3,7,0,8,0,27,0,1,6,0,7,70,250,250,70,0,3,12,207,242,93,2,20,4,4,0,0,0,2,0,0,0,22,0,6,0,23,16,36,208,245,97,0,0,5,11,131,248,211,0,0,12,0,5,26,7,13,0,0,0,0,1,6,0,0,0,79,255,193,24,7,3,24,2,13,212,196,0,0,0,4,0,17,0,0,14,7,4,1,10,0,0,1,61,241,255,58,11,0,0,0,23,0,171,238,14,0,0,18,9,0,4,22,9,11,0,0,2,0,0,2,99,229,249,22,16,0,4,24,0,3,78,255,71,18,5,0,4,0,9,8,13,11,13,0,23,2,0,0,145,255,115,6,0,0,0,0,0,0,111,248,108,6,0,0,29,8,9,0,18,7,0,0,22,4,7,26,224,254,47,18,21,0,0,0,15,0,108,247,179,0,2,18,0,19,9,0,28,22,0,0,0,0,0,163,248,214,0,0,20,9,1,0,0,10,104,255,107,22,16,0,0,11,0,5,2,0,9,10,0,0,8,160,255,203,9,0,0,0,0,3,13,0,152,253,73,0,16,0,1,0,22,0,0,0,0,6,15,2,0,218,234,110,1,0,0,12,39,0,0,0,237,252,40,13,9,0,0,0,26,0,0,0,4,0,17,0,2,191,236,91,0,0,0,11,11,16,8,150,245,201,0,5,0,0,0,0,12,0,15,0,0,34,0,0,0,165,255,208,5,0,0,0,3,5,52,231,255,153,5,13,0,11,0,5,11,0,19,11,0,0,2,6,23,119,237,252,139,32,0,0,44,138,218,255,185,0,10,0,1,28,5,0,0,1,1,4,0,0,0,19,0,6,153,241,249,193,110,122,250,246,230,127,19,17,2,0,5,0,0,11,0,32,1,6,0,0,0,15,0,7,96,236,255,240,255,253,228,247,54,1,0,0,0,0,22,0,12,0,23,3,1,0,0,0,4,0,0,16,0,17,52,176,235,212,113,43,6,3,0,17,0,15,2,0,9,0,2,8,32,0,3,8,0,9,9,0,21,5,27,1,0,23,12,14,8,22,0,0,4,0,5,2,0,0,0,29,19,0,10,7,0,7,0,1,14,0,0,0,0,0,10,0,18,0,0,7,2,0,0,4,11,0,12,15,0,0,0,0,9,9,0,16,12,24,0,0,0,0,0,14,0,0,16,0,0,0,0,0,5,0,13,0,6,11,0,4,24,0,6,0,20,0,8,0,0,1,0,0,0,2,0,9,5,11,0,0,13,0,0
0,0,0,0,3,0,9,16,10,11,4,9,0,0,0,0,4,0,7,0,0,0,0,0,9,0,0,3,8,0,20,7,0,0,0,0,9,29,15,0,13,0,0,0,4,0,0,11,1,0,7,0,7,0,15,8,10,0,8,2,0,0,18,0,22,0,0,0,1,4,0,2,12,13,0,0,33,1,0,0,33,0,0,0,0,0,0,8,0,22,0,0,0,0,0,3,5,0,0,0,8,18,1,19,0,3,0,0,19,0,12,0,0,9,22,0,0,0,0,0,30,12,15,0,9,13,0,8,0,2,15,11,17,0,15,6,3,19,7,0,0,0,0,3,11,1,22,0,0,0,11,4,8,0,22,0,0,4,0,3,0,12,0,0,7,6,0,17,2,0,3,22,8,5,2,5,3,0,0,90,235,211,96,16,0,5,7,0,3,0,2,0,0,0,0,7,14,0,0,0,15,0,0,0,0,0,19,41,149,231,255,191,38,17,0,0,0,0,22,12,0,0,24,0,14,0,23,21,0,27,20,0,14,18,13,12,13,0,89,243,239,52,0,4,0,14,2,0,9,24,0,18,0,0,7,14,0,11,14,0,0,0,0,0,0,5,0,79,255,73,0,0,0,5,0,0,14,5,0,0,0,10,0,0,0,0,0,0,8,0,0,0,9,1,0,1,220,117,0,3,9,10,22,0,0,0,0,0,0,0,0,7,0,5,0,0,24,23,123,176,140,63,24,46,246,30,10,0,11,2,0,6,0,0,11,0,0,0,8,18,0,3,0,17,92,247,238,227,233,235,218,187,155,0,16,17,3,0,0,10,5,0,0,10,1,5,5,11,6,0,0,70,173,137,26,0,16,77,240,251,163,32,5,12,3,5,0,0,0,5,7,4,15,11,0,0,12,6,69,233,79,13,13,0,19,112,231,210,243,221,53,0,19,2,0,0,0,0,8,4,7,8,4,0,19,0,220,196,29,0,3,9,71,238,210,1,87,237,237,27,12,14,12,0,21,0,5,23,1,0,0,0,30,0,144,119,0,16,0,15,236,227,10,16,0,40,234,201,19,0,13,0,3,0,0,0,4,25,0,10,6,27,59,230,102,6,94,244,182,40,0,5,0,0,43,237,219,19,9,19,9,0,0,11,0,14,0,7,0,8,13,114,241,173,246,226,18,4,26,19,0,0,4,42,250,180,36,1,6,24,6,0,3,6,10,0,0,13,9,17,202,196,88,30,0,5,0,18,0,0,0,0,66,243,219,0,8,0,0,15,9,0,0,16,0,15,9,1,0,24,0,0,0,8,4,11,9,0,32,18,0,22,255,189,31,13,0,0,0,3,2,0,7,0,20,10,0,8,0,0,0,0,15,21,0,8,0,2,0,0,87,255,94,0,0,6,0,12,0,0,20,0,0,16,6,13,14,0,0,18,6,1,0,19,0,18,6,11,0,104,247,85,0,5,5,0,0,0,0,0,0,24,1,0,0,0,19,3,2,10,0,0,0,0,3,8,0,14,193,235,15,0,0,7,0,0,0,0,6,0,13,2,0,3,3,3,0,0,0,17,0,3,0,0,0,0,15,28,18,6,0,0,11,2,8,7,0,4,1,8,0,24,1,0,11,0,0,14,0,0,24,8,0,0,0,0,26,0,17,14,17,0,11,3,8,0,8,13,0,5,0,0,8,0,20,0,0,0,13,0,15,0,10,0,0,0,3,3,0,6,0,15,0,0,0,5,0,13,14,13,2,8,1,15,4,0,0,0,11,6,0,0,19,0
0,6,0,0,5,0,0,26,0,38,10,2,0,10,5,0,15,0,7,0,0,0,5,0,0,0,0,1,0,0,6,0,0,18,17,0,0,0,0,0,0,9,0,0,6,9,9,0,23,0,0,19,0,0,1,5,5,0,15,16,0,0,13,0,0,25,0,0,0,1,1,0,0,0,11,9,0,7,2,0,0,0,0,19,18,2,4,0,0,18,1,0,0,0,2,24,0,8,0,15,0,0,28,19,9,8,9,0,7,0,13,1,0,23,6,27,18,0,0,0,0,0,6,0,13,0,4,19,13,15,16,23,0,0,6,0,20,20,5,0,0,2,13,8,0,23,6,0,9,0,0,2,0,8,119,180,195,83,6,0,8,0,0,0,0,0,15,0,0,0,3,0,0,0,18,1,0,14,0,25,167,255,247,255,242,255,140,0,7,2,15,2,16,0,40,0,4,0,4,0,7,0,0,0,0,0,113,243,255,211,169,185,255,254,255,31,0,15,2,17,0,0,10,0,0,0,0,2,5,0,1,0,8,127,230,235,112,0,0,0,108,212,108,0,10,0,16,16,0,0,11,0,39,20,9,0,10,11,0,0,21,216,235,30,2,1,10,13,8,21,24,0,8,0,10,0,19,0,12,14,3,0,22,0,4,0,0,0,178,246,159,31,0,0,0,0,13,0,0,104,0,0,12,20,0,10,13,0,0,0,0,0,0,0,0,69,235,244,33,23,9,3,16,0,16,19,218,243,85,0,10,0,23,0,14,0,0,0,11,0,0,0,0,187,253,130,4,12,0,0,11,0,20,213,255,242,59,0,15,7,8,0,0,0,4,2,0,0,0,0,0,182,255,119,9,0,0,17,0,30,176,255,251,255,9,18,13,8,0,23,15,4,0,3,13,19,5,0,11,165,244,231,122,31,53,53,178,241,255,255,255,100,1,9,0,0,0,5,5,8,1,0,0,0,3,0,0,33,211,255,255,255,237,255,255,202,161,242,255,79,0,0,0,4,0,7,2,4,6,0,0,7,1,0,13,6,39,172,251,255,197,229,185,15,194,250,253,10,1,0,10,9,5,8,0,0,12,26,16,5,0,0,1,0,0,13,65,74,37,0,9,0,210,255,187,6,0,0,8,0,7,0,22,0,0,0,3,0,17,0,20,0,16,0,23,4,10,0,0,0,221,255,130,0,0,8,0,0,7,0,0,0,15,0,4,0,0,14,15,15,7,1,0,0,2,4,0,23,240,243,152,0,5,0,5,0,2,0,0,0,0,0,18,1,0,21,0,0,18,0,0,2,0,25,3,70,255,255,137,0,5,5,18,0,7,9,0,5,0,29,0,15,0,5,11,10,12,5,8,0,0,0,0,124,238,255,122,0,2,0,0,14,0,1,7,1,0,0,0,0,9,0,15,14,13,1,0,0,0,27,0,125,252,255,104,0,1,0,22,3,0,15,1,7,20,0,3,7,0,0,0,0,0,0,0,0,15,0,4,146,255,252,100,1,0,0,0,4,0,0,0,0,13,0,14,8,0,10,9,0,3,0,0,14,20,0,47,123,255,255,87,9,0,11,9,0,17,22,14,0,0,3,0,0,9,12,0,0,7,0,3,8,3,3,3,8,21,0,0,4,0,3,0,4,6,0,15,0,2,4,0,0,0,0,0,11,3,0,0,13,0,1,2,5,7,3,0,8,26,14,0,19,0,23,5,4,10,7,0,6,0,0,0,4,0,7,0,0,0,0,0,5,4,13,0,16,0,0,0,0,0,0,0,11
0,0,0,0,6,0,0,8,16,0,0,29,15,0,0,0,0,7,6,7,15,0,7,8,5,0,1,9,6,6,28,0,4,13,0,0,0,0,0,9,28,0,20,4,0,9,19,0,0,0,0,13,0,16,2,18,8,12,0,3,0,17,1,0,6,8,13,16,5,0,0,2,0,6,0,7,1,2,0,7,0,22,5,3,0,14,8,0,3,17,1,0,0,14,0,19,9,0,10,6,4,0,0,0,4,3,0,27,20,13,0,5,0,0,0,0,5,11,0,2,7,0,0,42,18,0,0,7,0,0,14,10,11,0,4,0,0,0,0,7,0,0,11,0,0,17,3,20,0,8,101,163,255,255,249,255,174,133,26,0,10,0,0,4,0,2,0,0,0,12,0,0,0,0,6,0,136,234,239,255,250,249,255,251,255,245,158,9,1,0,0,29,6,0,0,0,3,12,7,0,3,0,13,133,234,255,247,237,165,88,86,248,255,250,195,20,0,0,0,10,6,0,9,0,3,6,12,0,0,6,26,247,233,118,67,27,4,0,118,250,206,185,255,59,0,3,7,10,0,0,8,0,7,15,18,9,0,0,209,255,166,0,0,0,23,9,42,249,182,16,239,150,0,9,0,18,13,1,5,11,2,9,0,0,2,44,228,255,153,0,5,0,0,0,2,138,255,64,207,180,0,4,15,0,0,0,0,0,0,11,12,10,24,41,244,235,92,0,16,0,0,3,0,0,157,239,245,198,0,0,0,0,0,0,13,6,0,0,2,0,10,15,228,219,38,0,0,0,2,0,11,0,30,247,248,166,0,0,0,0,1,0,0,0,0,0,13,36,0,7,109,241,117,0,0,0,0,3,16,16,42,214,255,200,8,0,3,0,0,0,0,0,0,0,0,10,11,0,75,227,197,110,17,15,0,8,0,76,181,227,235,252,66,22,0,8,0,0,7,0,0,13,8,2,0,2,0,198,249,250,221,120,115,99,96,239,255,186,13,82,241,69,0,0,19,0,0,0,4,0,0,0,10,0,0,0,60,221,255,255,225,242,250,205,99,0,0,0,124,134,17,0,21,9,6,0,18,0,1,7,13,9,0,0,4,27,100,156,156,140,32,0,16,0,9,8,0,187,148,0,0,0,11,0,0,0,0,0,22,17,0,12,12,0,0,15,16,3,14,0,0,3,0,0,9,188,198,0,0,0,25,0,0,0,8,0,0,0,0,3,0,3,0,6,17,20,0,23,27,0,11,0,0,156,246,64,0,2,0,20,0,0,3,0,0,3,0,21,12,2,9,17,0,0,0,6,2,0,0,26,5,51,202,162,0,4,0,15,4,0,8,0,20,0,5,0,0,2,0,0,20,39,52,165,178,90,4,13,6,127,255,93,0,14,14,0,2,0,11,17,21,0,0,20,13,0,4,14,130,235,225,255,250,51,33,39,116,208,250,92,5,2,0,0,26,6,0,28,0,18,1,0,0,6,0,0,88,244,246,252,255,255,249,234,255,236,157,2,4,2,15,0,0,0,26,0,0,0,9,5,0,0,0,0,15,0,129,120,246,232,247,251,221,25,0,4,0,0,5,0,2,0,0,21,4,1,12,4,0,0,25,13,0,0,0,12,12,0,12,8,0,2,2,0,3,0,0,0,7,0,0,15,16,0,0,11,0,10,0,0,11,0,15,33,6,0,14,0,0,0,0,0,0,0,0,0,2,0,23,0,0,6,26,0,10,0,10,0,13,28,0,0,2,15,0,0,0,0,0,17,0,9,7,0
21,9,0,7,0,0,12,0,0,19,4,0,0,0,7,0,15,3,7,1,4,0,20,3,0,2,0,10,6,4,11,10,0,0,0,0,6,18,5,0,16,0,19,11,13,0,0,22,0,8,1,3,0,8,1,0,0,0,0,0,0,11,2,7,3,0,0,2,18,0,0,0,0,15,12,0,0,0,0,0,15,0,0,3,2,0,27,0,15,0,9,0,0,24,0,0,2,0,2,0,0,0,0,17,0,0,6,0,11,4,0,0,14,3,1,13,0,3,2,10,11,0,1,1,0,21,4,0,0,1,6,32,5,4,0,0,0,0,0,3,0,0,0,0,0,0,12,15,0,0,10,0,16,0,7,29,13,0,0,0,14,18,0,0,0,1,9,23,3,8,3,0,0,13,16,0,0,0,0,15,0,7,0,26,0,8,5,46,0,0,0,0,0,0,5,20,19,9,6,0,5,0,0,0,14,18,0,2,74,57,106,138,98,190,226,246,183,194,168,138,150,167,147,0,2,0,0,5,7,0,17,9,0,7,10,109,241,252,248,233,254,231,200,167,255,249,254,252,250,255,146,1,0,0,16,1,0,0,21,0,8,0,71,255,235,158,116,24,0,34,0,4,23,0,1,80,93,18,7,12,4,9,0,0,4,0,0,5,13,0,61,224,199,12,0,0,25,1,0,0,0,0,19,0,22,19,0,0,13,0,0,2,5,0,2,0,5,0,144,253,37,0,0,0,0,0,0,4,0,0,17,0,0,5,0,5,21,2,0,0,15,7,0,7,0,66,255,212,12,1,0,7,0,0,2,0,16,0,36,9,13,0,9,0,0,4,1,22,5,0,0,18,0,154,251,78,9,8,0,4,0,2,0,24,0,0,0,5,3,18,0,12,7,0,0,13,7,0,10,2,126,255,195,28,19,11,13,7,17,0,0,10,0,0,0,15,13,10,14,24,0,3,0,9,0,0,0,0,200,255,243,255,235,255,211,114,10,9,11,17,30,8,3,0,4,1,0,16,0,0,10,0,0,9,0,66,255,255,255,255,158,146,210,233,7,28,0,15,19,0,0,3,2,0,10,4,0,0,0,0,8,18,2,249,241,199,32,25,11,24,81,232,9,7,0,0,8,8,0,11,23,0,0,25,17,0,3,20,5,1,0,75,104,7,2,0,0,0,69,246,74,16,11,12,14,0,0,0,0,22,0,0,5,0,0,20,0,0,0,6,13,8,23,16,8,0,184,239,4,0,0,0,0,0,3,10,0,0,7,1,2,0,0,6,29,0,0,13,0,0,1,11,0,39,228,251,0,3,6,1,8,0,19,0,12,0,0,0,0,12,0,2,0,6,0,155,59,5,0,0,0,151,255,173,0,7,17,0,5,21,5,0,0,0,0,8,11,0,0,28,0,0,5,214,220,77,8,0,107,219,212,21,0,5,0,0,7,10,0,0,10,4,2,0,0,6,0,2,0,6,1,11,227,255,255,255,236,246,95,0,0,0,29,3,31,27,0,0,0,0,0,0,20,0,0,21,5,9,14,0,80,135,181,183,100,15,4,0,2,0,12,27,11,3,8,0,0,36,10,16,0,0,0,2,0,0,0,0,14,18,1,6,0,14,7,0,7,12,0,7,0,0,6,8,0,25,0,26,0,20,11,7,0,3,21,0,0,0,0,11,0,0,9,0,5,3,13,0,0,16,0,0,7,0,0,23,7,5,0,0,0,0,0,0,0,13,5,0,0,0,0,0,8,13,0,21,0,8,0,0,0,0,0,0
0,0,7,18,0,7,0,10,20,0,7,14,17,0,10,11,29,0,11,0,0,4,6,0,15,0,2,11,8,4,0,22,0,24,6,0,19,7,10,15,0,14,14,2,10,14,1,10,12,0,8,0,0,10,14,0,11,0,0,0,2,0,0,1,3,17,7,19,12,0,1,0,0,8,0,0,0,14,8,1,0,0,19,0,25,6,1,1,2,27,9,0,0,5,5,0,0,0,4,11,0,14,0,14,0,7,22,0,7,0,8,0,0,5,15,0,6,1,0,0,25,0,15,0,123,255,158,0,0,3,8,0,13,0,3,0,3,0,0,0,11,20,0,0,21,0,0,12,11,0,1,15,236,221,20,19,15,0,0,0,0,0,32,0,0,0,0,0,8,8,21,0,0,0,0,0,6,7,3,189,255,102,50,91,66,95,71,63,12,13,7,1,0,0,0,15,0,19,0,0,0,7,0,0,0,10,102,248,255,255,255,245,255,255,243,255,144,18,0,0,3,4,6,0,3,0,0,5,0,5,0,0,2,0,194,237,255,192,171,71,75,86,53,35,20,6,21,0,0,0,14,0,20,0,5,16,0,3,1,0,1,8,247,186,0,0,0,0,11,0,0,0,18,0,0,0,17,0,0,13,0,4,8,21,0,0,0,17,4,89,255,105,0,13,0,15,0,0,0,0,0,2,0,20,0,0,0,7,0,7,0,6,0,6,0,0,9,109,255,200,69,16,2,0,14,5,0,0,16,0,0,0,0,0,0,0,6,3,0,0,0,0,17,0,15,3,167,255,255,255,158,40,8,7,0,0,0,0,2,2,0,19,0,0,2,0,0,13,23,0,0,15,9,0,3,54,161,255,243,255,143,6,8,4,2,0,0,0,0,0,0,0,0,7,2,1,0,10,27,0,21,0,20,0,1,6,67,198,237,195,12,13,0,0,0,0,5,0,0,1,0,0,44,0,0,10,0,22,10,3,0,0,1,16,0,2,156,235,129,6,20,0,4,0,0,0,26,0,8,9,15,10,0,21,0,0,0,0,0,0,0,17,0,0,3,185,255,55,1,6,14,35,0,0,4,0,0,29,0,16,0,3,0,36,173,126,6,0,8,0,0,10,1,39,242,156,26,3,18,0,14,0,1,0,12,13,12,0,11,17,24,147,184,48,0,0,0,5,0,17,1,0,219,178,9,5,1,0,0,0,0,0,9,0,24,0,0,0,17,163,205,0,0,0,0,0,15,17,0,7,179,255,0,5,0,2,0,9,14,3,2,14,0,12,0,0,7,83,255,143,0,21,0,0,0,0,9,22,243,202,15,18,13,0,0,6,0,6,0,0,5,3,0,19,0,0,160,255,169,63,0,0,1,13,44,186,237,94,0,0,4,0,0,17,0,0,9,18,0,5,0,0,6,0,0,98,202,255,182,183,173,201,255,255,142,0,1,0,0,12,2,22,8,0,0,0,0,0,0,9,15,4,16,0,45,130,172,255,252,238,174,49,0,8,3,0,18,3,14,22,4,0,8,1,9,15,0,3,9,11,9,0,5,0,0,6,8,15,0,9,5,0,5,2,6,0,2,13,0,0,6,0,0,26,6,0,0,4,0,7,4,0,12,7,0,1,0,0,3,0,0,0,0,15,0,13,5,5,6,14,2,0,14,1,0,6,0,0,0,10,7,0,0,0,0,0,8,0,14,0,0,6,15,0,1,0,0,2,0,0,0,1,0,0,12,0,34,0,23,13,2,0,8,0,0,0,21,4,7,0,0,7,0,16
0,30,8,0,0,5,0,9,10,0,14,11,4,8,12,0,0,10,0,16,8,0,25,0,0,9,11,0,0,7,0,0,12,0,0,20,12,13,8,19,9,0,4,0,13,0,10,5,21,0,0,0,0,0,0,19,0,0,0,0,0,26,10,15,0,0,0,0,0,0,17,0,0,7,0,0,0,0,0,0,0,0,12,2,0,5,17,18,0,34,0,25,9,16,0,0,0,3,34,0,13,0,0,4,0,1,0,20,0,8,0,0,14,1,0,0,8,0,16,14,0,6,10,0,0,0,197,57,19,0,0,0,11,6,3,3,0,5,7,0,1,5,0,0,20,0,0,0,12,9,19,0,0,85,254,50,0,5,1,14,0,0,7,0,34,0,0,0,0,9,0,8,0,0,0,5,15,0,3,13,3,103,237,109,3,0,6,0,0,0,16,3,0,6,0,8,0,0,13,0,0,0,0,13,5,0,25,0,9,112,252,130,8,13,20,0,15,6,14,0,19,0,25,5,3,0,18,9,0,8,0,0,0,0,12,0,6,117,255,135,0,13,0,0,0,0,23,0,20,25,0,0,17,21,0,19,0,0,0,0,1,6,8,0,1,32,255,143,17,17,0,20,6,0,0,0,0,9,0,2,0,0,0,0,6,3,13,0,4,0,4,10,10,20,234,150,0,0,0,11,5,0,20,0,0,3,6,13,1,0,0,17,0,10,0,0,0,5,18,0,0,0,255,206,10,0,24,4,0,15,16,0,0,0,0,11,0,0,0,9,0,9,16,6,5,0,0,0,0,0,171,255,107,0,14,4,0,0,0,2,0,17,16,0,5,0,0,0,5,0,13,16,37,3,0,1,0,0,136,255,78,14,0,0,0,14,13,0,12,14,10,5,4,0,14,0,0,30,0,1,23,2,5,23,0,6,150,255,122,12,10,4,0,1,24,9,0,0,7,0,14,4,0,14,6,0,20,8,17,0,0,19,14,0,215,250,126,0,1,0,19,0,0,3,0,0,0,5,0,0,4,0,0,3,0,0,0,17,0,28,4,9,255,232,102,0,0,0,0,16,20,1,0,0,10,1,4,11,0,9,0,0,0,5,0,0,0,0,10,9,234,247,131,5,0,0,22,10,1,0,0,6,0,0,14,3,1,0,0,15,2,0,0,0,11,0,0,0,255,255,38,22,23,0,0,0,0,3,0,1,0,0,0,0,0,0,12,0,15,0,0,0,0,0,0,0,251,255,66,6,0,1,0,6,3,0,0,27,0,0,12,0,2,19,18,0,0,6,14,0,0,0,0,27,230,225,0,0,10,8,1,0,1,2,1,2,9,3,3,0,0,0,0,9,7,0,10,25,7,11,0,27,255,255,0,0,22,6,0,0,0,0,0,0,0,6,14,0,6,13,2,24,0,2,19,9,0,0,0,16,249,174,11,15,7,0,7,0,0,1,0,16,11,0,0,0,3,0,0,0,8,9,5,0,17,0,0,54,241,123,0,0,21,0,2,17,0,5,8,5,0,0,0,16,22,11,4,0,0,6,9,0,15,0,0,0,13,0,0,16,0,0,0,0,0,7,0,0,21,0,24,8,12,0,0,1,0,12,10,12,7,0,12,0,0,13,0,0,10,0,0,0,15,0,0,0,12,43,15,0,0,8,12,0,0,9,0,0,3,0,0,18,0,0,25,1,0,13,0,6,0,0,0,8,0,6,0,2,12,0,0,0,5,0,0,10,3,0,4,0,11,0,17,4,0,0,0,0,0,5,8,0,5,6
0,0,0,0,2,0,23,25,0,0,30,24,0,0,3,0,19,0,0,0,5,9,0,0,3,0,20,0,0,0,0,19,12,0,0,7,16,0,11,10,10,0,0,0,0,5,0,0,13,0,6,0,0,12,0,0,0,0,15,10,5,0,0,1,9,0,0,6,1,5,0,0,22,18,0,15,0,0,8,0,0,0,0,0,3,0,0,0,0,2,0,16,0,11,19,0,0,4,0,0,30,12,0,0,8,12,0,4,3,7,7,0,3,0,8,32,10,26,6,0,12,4,0,0,25,0,28,0,0,0,51,136,134,150,247,145,0,1,0,0,0,7,0,7,9,0,1,24,0,24,0,0,0,13,0,0,70,147,255,255,255,255,255,255,19,0,19,0,0,38,0,0,1,0,3,0,0,3,1,22,0,12,22,46,202,247,254,255,230,250,227,173,0,3,0,6,2,6,18,0,7,0,9,21,11,4,9,0,29,30,0,215,255,255,255,222,168,91,18,0,14,0,24,5,15,0,0,8,0,7,0,13,14,0,8,93,255,228,107,180,255,208,68,15,0,0,0,38,27,0,5,0,4,16,0,13,16,0,0,19,24,65,215,255,245,222,31,19,50,41,0,4,0,15,0,0,9,7,10,0,4,20,7,0,4,7,27,19,100,224,233,255,216,99,0,10,0,5,26,2,3,0,15,23,4,1,19,18,0,0,0,8,0,15,0,56,241,249,255,212,48,0,0,0,0,0,7,16,0,0,5,3,11,2,0,0,16,3,0,20,16,0,1,163,254,255,255,219,112,54,0,22,11,0,14,0,7,0,0,0,0,0,0,14,11,11,0,0,0,0,73,240,255,247,231,241,244,247,253,101,51,0,0,10,3,0,18,0,0,3,22,24,7,5,0,0,10,0,0,208,231,253,242,255,254,232,255,255,239,172,8,0,5,0,0,9,17,0,0,3,0,0,0,0,26,0,0,29,37,59,81,100,131,255,255,255,250,234,238,0,0,0,6,10,0,0,12,4,3,0,0,0,13,0,11,0,0,0,0,10,0,73,160,241,250,245,226,10,0,0,13,0,0,5,8,0,0,10,0,17,0,0,17,0,0,7,0,0,0,1,0,179,255,243,171,17,0,0,25,0,0,14,0,0,10,18,14,0,3,0,0,0,9,0,6,0,25,2,61,211,255,247,193,2,0,1,0,12,0,1,0,19,0,14,0,12,18,0,17,0,0,0,11,0,7,130,239,253,255,255,105,31,0,0,8,0,2,19,0,7,5,0,7,0,16,9,89,18,0,0,85,81,214,255,255,255,246,69,0,13,0,11,0,0,0,0,0,0,0,9,23,0,0,0,211,247,227,241,254,255,233,238,255,178,78,0,24,0,9,0,35,0,0,14,0,0,0,10,0,0,0,0,91,234,253,249,253,255,246,247,190,0,10,0,1,0,6,0,0,8,0,9,0,4,0,0,10,0,6,6,2,30,144,237,254,222,146,100,0,2,15,7,0,12,7,0,0,0,12,0,4,0,4,3,24,0,22,0,27,0,0,0,0,10,9,10,16,0,15,3,0,30,0,3,0,0,0,5,0,0,0,0,0,10,10,16,0,3,1,4,10,0,0,0,0,0,0,0,0,4,19,20,0,0,0,16,0,2,0,0,0,3,0,19,0,4,0,2,9,0,0,0,0,16,0,0,0,10,3,4,0,4,6,0,8,19,0,0,2,0,0,0,14,2,15,3,16,5,0,9,6,1,0,0,24,23,9,0,0,0,0,0,16,0
10,21,1,0,17,10,0,14,2,0,0,0,0,34,6,0,0,0,14,0,12,15,19,7,22,0,0,11,0,27,15,0,0,5,0,0,0,14,224,187,7,0,5,19,0,5,5,0,0,0,0,0,10,20,0,0,0,29,0,0,2,4,5,0,0,7,254,239,0,0,3,0,0,10,0,10,3,0,2,19,21,0,0,0,5,3,0,0,0,11,0,9,13,33,255,230,0,12,11,2,32,1,11,11,0,4,9,26,9,0,0,10,3,0,19,6,5,6,3,5,17,118,250,148,11,4,0,0,0,0,3,0,17,9,1,0,0,0,0,0,0,14,2,0,0,4,3,0,0,208,230,47,0,0,0,0,3,9,0,0,0,0,14,0,5,0,0,12,14,1,7,24,0,0,6,0,54,234,255,23,15,0,0,0,13,17,18,11,6,0,0,0,0,18,25,22,0,6,0,0,13,9,0,8,55,242,255,7,7,0,11,17,0,0,0,16,2,13,26,20,0,0,1,16,7,0,3,0,0,5,3,0,61,248,240,54,0,8,0,0,9,0,8,12,0,32,10,0,20,0,0,9,8,0,0,0,22,20,0,12,55,255,255,21,10,10,12,9,0,10,0,0,25,15,0,0,10,0,15,0,0,20,0,17,9,0,0,0,45,244,248,25,0,0,2,8,0,0,0,11,0,0,17,39,0,0,0,0,7,0,10,0,0,2,3,10,63,237,246,27,24,0,19,0,0,0,4,0,0,0,0,10,0,0,0,12,12,8,0,6,11,17,0,0,70,255,239,19,26,0,0,0,0,6,10,0,0,3,3,6,9,0,0,20,0,0,0,16,17,0,0,3,66,253,185,13,0,19,13,1,10,23,70,221,222,143,6,0,4,6,0,19,0,11,10,1,12,24,0,15,42,255,214,7,29,11,12,0,28,231,255,255,255,252,229,53,0,0,35,5,0,0,0,0,9,3,2,4,77,255,255,0,23,0,0,75,248,255,202,119,55,178,247,62,5,0,20,9,0,18,0,0,28,22,16,0,0,223,255,40,0,1,0,135,255,236,33,0,39,222,210,0,1,3,0,0,4,3,0,0,0,0,1,8,0,209,225,234,34,7,0,185,240,76,12,49,196,234,67,3,0,4,3,1,7,2,0,0,0,0,3,0,14,6,227,253,192,98,85,252,255,130,201,255,216,80,0,0,0,12,7,0,0,7,0,0,2,38,16,3,0,0,17,221,255,255,255,242,235,239,255,191,51,8,2,19,22,4,0,0,0,0,9,0,0,0,2,0,0,0,0,32,133,161,255,228,249,224,164,2,0,0,26,0,13,5,18,3,19,3,9,16,0,0,20,0,22,0,24,12,3,2,0,7,0,13,0,0,17,5,0,0,0,0,0,0,0,21,0,6,0,0,4,21,0,0,2,0,29,4,0,0,0,0,0,0,5,0,16,0,5,0,1,3,25,4,10,0,15,0,8,0,9,0,3,17,1,0,9,0,0,1,3,4,0,4,7,5,0,0,0,7,18,0,0,6,4,3,0,2,5,8,0,0,2,0,6,12,4,0,13,0,2,8,0,0,17,2,0,0,0,2,2,13,0,0,6,3,3,3,7,0,15,6,0,6,0,6,7,0,0,7,0,0,0,0,0,0,0,0,16,13,0,0,9,0,0,14,0,0,5,0,0,0,18,0,0,0,0,11,0,0,7,0,2,0,6,0,0,3,0,0,0,1,11,2,19,29,2,1,0,19,5,0,0,0,2,18,8,16,0,0,0,0
6,18,12,0,0,0,0,17,0,0,0,0,0,0,13,0,16,11,0,0,0,11,0,0,15,9,4,5,0,31,0,7,0,0,27,0,0,12,0,2,8,2,8,5,0,3,0,15,10,11,5,0,0,0,0,0,0,0,0,1,0,0,21,5,14,0,18,16,0,0,0,0,0,11,6,0,14,0,8,4,0,0,0,26,0,7,9,15,0,30,0,0,0,0,0,13,0,16,0,13,0,5,0,0,8,13,0,2,0,7,0,15,0,0,0,0,0,0,1,0,0,11,19,0,9,63,131,10,0,15,21,5,0,4,0,0,4,13,10,0,9,17,0,16,0,0,18,8,18,32,0,27,10,64,255,182,27,0,11,0,0,2,8,0,0,0,1,0,0,0,0,0,0,18,0,0,26,2,5,71,185,248,255,255,229,180,16,9,0,0,0,0,0,6,1,2,9,6,0,9,0,27,24,15,5,0,64,222,249,248,247,250,252,244,125,0,0,39,3,0,0,27,3,8,0,0,0,0,0,6,23,0,0,0,222,255,255,152,168,89,49,231,255,101,0,0,8,0,0,1,0,0,4,18,0,27,0,0,4,5,0,44,255,212,234,0,0,12,0,51,222,229,47,0,0,13,0,8,0,2,3,0,0,3,5,0,0,0,18,95,239,238,36,0,0,0,14,0,21,238,150,0,0,24,1,14,7,8,24,0,0,0,16,0,2,0,25,156,255,146,26,9,0,0,0,7,0,255,190,0,0,0,15,0,14,0,0,0,0,0,0,0,26,0,0,160,255,87,0,11,28,14,0,4,8,253,255,55,0,0,20,0,0,7,0,8,10,0,11,15,0,8,12,214,249,65,7,22,9,0,0,0,18,255,246,30,0,0,0,8,0,0,16,9,3,14,0,20,1,3,87,248,244,26,1,0,0,0,6,0,1,255,255,0,0,10,12,17,0,0,0,0,0,0,0,0,0,25,98,245,255,13,0,0,34,22,0,0,20,251,255,10,14,0,6,0,0,0,0,0,7,0,15,0,1,10,18,245,255,13,0,14,0,5,1,7,36,248,255,19,0,0,0,0,3,0,0,0,10,0,0,6,7,1,53,255,252,10,7,34,0,0,3,12,149,255,220,0,17,0,13,0,0,0,0,17,5,13,0,0,14,8,1,255,245,33,10,0,0,0,0,58,255,248,88,2,9,1,17,6,0,13,4,31,0,0,19,0,0,5,0,155,244,139,0,1,0,17,55,179,255,254,59,0,0,0,12,0,4,5,16,0,5,4,0,0,6,1,0,0,139,233,164,17,0,26,144,253,242,21,9,10,10,0,3,0,0,0,0,0,7,10,25,0,0,0,1,0,54,237,223,215,167,207,250,255,199,1,0,0,8,0,0,22,22,1,10,13,0,0,0,0,0,0,13,13,0,29,118,255,251,255,252,220,132,6,0,0,0,23,8,0,0,0,25,8,0,0,15,13,0,0,0,1,0,0,0,92,181,190,110,24,0,15,0,29,0,10,4,0,0,0,0,2,0,0,1,0,0,0,16,13,0,0,0,0,9,0,31,0,16,0,0,0,23,0,17,0,0,12,5,5,0,19,1,23,29,16,0,0,0,0,16,0,0,13,11,0,0,6,19,0,0,9,8,0,1,19,0,0,2,6,0,3,1,12,2,0,0,0,24,9,8,0,10,16,1,0,5,0,0,24,7,7,2,0,3,0,0,2,15,0,20,0,0,7,5,0,3,0,0,0,10,3,28,0,12,9,0,0,0,17,3,14
0,0,4,0,0,3,17,5,0,9,6,0,0,14,12,13,0,14,0,22,5,6,10,0,0,8,21,0,0,0,7,23,15,0,0,0,0,21,0,21,0,3,0,0,0,7,0,15,1,11,0,12,14,14,0,0,0,5,0,0,0,10,0,0,0,0,6,26,8,7,0,5,0,0,0,0,1,0,4,10,9,18,0,6,7,0,0,3,12,0,0,26,0,0,0,0,0,7,0,12,0,0,3,1,0,0,9,4,4,4,9,0,0,18,0,13,12,12,77,72,152,182,175,179,150,48,21,5,0,20,11,0,0,0,0,0,38,5,10,0,0,0,15,1,11,219,255,246,255,255,255,245,254,231,156,22,8,4,3,30,13,0,3,0,0,0,9,0,0,2,3,0,1,221,248,255,255,250,255,236,199,238,137,2,0,9,10,0,0,2,0,0,12,6,0,2,4,5,0,0,0,24,107,78,43,34,42,0,0,222,245,34,0,0,17,0,4,10,0,4,12,13,0,0,0,0,1,0,19,13,0,11,0,3,8,15,129,239,238,133,9,18,6,0,2,25,8,0,0,0,0,0,0,8,12,0,0,0,3,0,15,0,1,9,118,242,253,255,165,22,12,3,0,6,0,25,0,6,0,0,0,10,0,3,0,0,0,0,0,0,0,7,22,145,228,255,255,236,38,0,0,2,10,1,3,22,3,0,28,0,6,3,19,0,0,0,0,16,3,0,0,1,11,40,160,255,230,46,0,22,0,2,9,0,23,4,14,21,0,6,0,0,0,6,3,0,0,4,11,24,0,7,12,163,255,215,9,0,9,0,0,0,0,12,11,20,7,22,10,12,9,0,21,0,0,15,11,23,0,0,0,41,220,225,8,8,0,0,14,3,3,0,0,0,0,0,6,0,0,3,21,38,20,6,21,0,1,0,1,0,96,255,90,10,0,1,19,15,0,0,0,7,11,1,0,1,0,0,0,6,13,0,25,16,30,0,0,31,36,251,156,0,0,0,0,15,0,0,0,19,10,17,0,5,0,0,0,8,5,29,0,0,5,6,9,0,56,255,233,30,12,24,12,0,0,0,0,9,0,3,0,3,0,0,0,0,1,0,0,0,0,0,0,24,43,245,194,18,0,8,12,0,0,0,0,14,0,6,0,0,23,21,0,38,0,7,2,0,14,0,0,0,117,255,115,4,0,0,0,0,0,17,11,0,0,0,17,1,1,0,55,232,178,76,17,5,0,0,24,56,243,247,69,0,0,7,15,0,9,0,0,0,0,0,17,10,10,0,62,235,255,255,219,189,122,128,110,184,255,244,4,0,10,0,0,0,0,1,8,0,9,0,0,20,4,15,8,189,232,254,255,231,243,255,255,255,242,128,0,0,4,0,23,17,11,0,3,18,0,0,0,0,0,0,0,41,190,244,255,255,255,255,247,254,138,0,0,2,5,0,23,34,0,6,0,14,0,0,0,3,2,7,0,12,12,55,71,142,163,204,244,191,45,2,0,3,2,12,0,11,9,0,0,11,3,0,7,0,0,0,0,10,5,0,0,7,0,0,0,0,0,0,1,0,0,0,10,4,13,0,0,11,12,15,0,0,11,7,0,8,24,0,0,22,28,5,0,16,0,8,19,0,0,0,0,0,0,14,3,3,12,0,0,0,0,6,0,2,12,0,0,24,0,19,17,0,18,5,0,37,4,11,0,0,0,0,0,0,0,0,0,0,0,0,0,0,2,0,0,9,0,0,0,8,0,0,0,4,2,3,0,0,0,0
19,8,0,27,15,2,22,14,0,0,0,7,0,12,43,40,10,29,0,19,0,2,0,3,0,8,17,0,10,0,0,19,0,0,5,0,19,10,0,10,0,0,6,15,0,25,16,0,1,8,11,3,13,0,0,0,0,10,6,0,0,7,0,0,7,0,0,7,0,17,0,0,0,0,14,0,0,0,0,0,0,0,0,0,1,16,11,0,0,0,0,0,0,16,4,0,14,12,2,21,0,3,0,0,0,7,9,0,0,30,0,0,2,14,0,3,21,0,7,3,0,0,4,5,12,11,6,3,4,0,3,0,0,2,0,0,0,5,0,0,0,0,0,0,18,0,0,5,3,0,1,14,18,3,18,173,177,0,0,33,0,0,5,18,0,0,0,17,10,0,9,6,11,11,4,0,10,6,0,0,0,0,114,251,145,11,9,1,13,5,0,0,9,0,12,19,10,0,5,10,0,0,0,0,0,10,0,0,5,1,132,247,15,0,0,20,0,17,22,8,0,0,0,0,7,15,19,0,0,0,16,3,16,13,1,0,7,54,254,255,58,8,11,17,5,6,10,10,1,0,0,0,0,7,0,0,16,0,0,0,0,1,11,0,25,232,231,255,47,0,0,0,0,7,1,1,4,2,5,0,13,5,0,0,22,0,4,0,0,0,4,66,255,236,148,249,46,0,1,0,20,2,4,0,0,4,0,0,0,8,0,0,0,26,2,0,8,0,38,231,216,59,39,244,30,10,16,1,0,14,25,16,1,0,0,0,0,0,0,0,0,0,13,0,30,58,247,214,19,9,48,255,134,1,21,0,25,0,25,0,0,0,0,13,0,16,16,3,0,7,25,10,17,215,199,37,0,7,29,230,144,3,0,0,0,0,0,0,4,0,16,0,9,22,13,0,5,0,2,0,129,255,27,0,0,0,0,192,209,0,0,0,2,3,5,0,6,0,0,0,0,0,0,26,2,6,0,0,238,209,28,33,44,17,76,213,208,7,0,0,0,10,0,0,0,0,0,23,0,0,0,25,28,15,13,6,233,249,255,244,255,255,255,255,255,201,195,166,0,0,3,1,7,0,15,9,12,8,0,16,2,0,0,0,52,138,91,90,59,45,127,252,184,134,171,106,0,38,2,0,0,0,2,21,0,11,4,0,5,5,10,1,3,0,0,3,0,0,50,254,133,0,0,0,0,0,20,0,0,0,0,0,0,5,0,0,0,0,0,12,0,12,0,10,12,0,35,255,115,19,3,23,0,0,0,0,0,1,0,4,6,10,5,6,11,0,0,8,9,0,0,0,0,6,45,248,131,0,17,10,15,0,0,0,0,0,7,0,0,0,8,6,6,0,10,0,0,0,18,0,19,0,33,248,161,0,0,0,3,0,23,0,4,3,0,5,44,16,2,0,12,0,15,0,5,13,10,11,22,0,34,253,121,0,10,22,0,18,20,18,0,0,0,0,0,4,0,0,14,0,14,0,0,0,0,0,0,24,48,254,67,0,14,0,1,21,0,2,0,0,0,0,0,0,6,6,0,5,0,0,0,4,0,9,7,0,65,231,32,0,0,0,12,0,0,0,0,14,0,1,0,10,0,12,1,0,0,0,12,0,4,0,0,0,0,0,14,0,0,1,13,22,0,1,0,30,11,10,7,4,4,9,0,0,6,28,0,2,1,4,0,5,0,11,0,13,10,12,4,24,13,0,0,1,0,0,0,0,0,0,0,0,21,0,10,24,0,0,0,35,0,3,0,4,0,23,4,6,2,17,0,4,20,4
0,4,0,8,11,0,0,13,5,16,0,0,0,15,0,0,17,0,0,0,0,0,3,0,16,17,6,8,0,0,0,0,0,19,10,12,17,1,4,0,7,11,9,0,0,0,5,0,4,10,0,0,3,0,0,28,0,0,0,0,0,0,0,8,4,1,0,3,6,0,13,5,0,7,10,0,0,11,0,2,1,13,21,0,8,0,0,4,13,2,0,0,0,0,7,1,0,0,2,0,14,0,20,0,0,0,0,0,0,15,0,11,1,0,1,10,5,0,9,13,1,41,240,203,0,10,10,16,2,0,6,0,0,12,0,7,0,0,0,18,0,0,0,0,3,0,12,6,0,78,254,207,0,7,2,4,14,0,0,0,0,0,7,1,0,0,0,0,2,10,14,0,0,14,0,0,2,180,255,195,0,12,0,10,0,0,0,0,0,0,0,0,22,14,4,13,0,0,0,9,0,0,0,8,0,180,255,212,0,22,0,16,0,26,9,0,10,0,0,30,7,1,25,7,0,2,0,4,4,0,0,0,8,249,255,203,4,0,0,8,4,68,166,163,30,5,0,9,0,0,0,3,5,0,0,0,0,19,0,11,53,244,249,216,4,9,0,0,21,254,254,255,125,4,11,0,23,0,8,0,5,0,17,11,0,0,0,7,147,255,233,202,1,7,4,18,206,255,255,251,79,0,0,0,0,16,0,11,14,0,0,0,3,0,0,0,169,249,240,131,0,0,0,97,255,255,170,114,11,0,15,0,0,16,0,2,0,7,7,9,0,13,0,0,52,255,252,192,0,1,0,144,242,255,69,0,9,5,0,0,0,3,0,3,0,5,4,0,1,6,0,0,47,230,255,224,27,0,24,244,255,247,9,9,7,5,0,0,4,0,1,25,10,0,0,15,7,21,0,0,0,180,255,255,171,15,154,255,238,196,0,4,0,20,0,0,0,0,0,0,13,19,24,0,0,12,2,0,0,56,218,247,239,150,206,255,248,207,0,12,4,1,0,0,0,1,6,8,4,4,0,0,15,5,11,3,16,0,107,255,251,255,255,223,255,186,30,0,0,0,7,12,4,0,0,0,1,0,18,8,6,0,0,23,0,0,8,109,189,239,255,255,255,8,8,10,0,0,0,0,0,0,12,7,0,0,0,23,12,6,10,0,0,19,3,3,0,141,255,255,199,1,7,0,0,28,0,17,16,0,10,6,7,0,21,0,0,0,0,0,0,0,18,24,0,58,240,243,130,3,0,12,6,0,9,0,0,22,0,0,0,0,5,0,0,2,0,0,0,0,0,11,17,0,255,251,192,16,12,0,0,4,0,0,3,23,8,15,10,16,0,0,0,24,1,18,13,4,0,1,20,17,221,255,222,120,26,32,38,2,6,0,38,0,0,1,0,0,13,0,22,4,0,0,13,5,13,0,0,0,143,234,229,255,253,255,224,4,0,0,0,0,0,10,10,3,20,8,14,8,0,0,0,22,0,0,3,0,5,124,251,247,231,243,151,0,7,0,3,8,0,9,5,8,0,0,0,12,0,7,0,4,0,0,6,14,0,0,14,0,0,11,0,16,5,8,0,0,0,0,0,0,27,9,0,0,9,0,0,7,4,0,12,15,2,0,11,12,16,5,12,0,0,0,0,10,0,0,0,9,2,2,1,0,5,2,0,12,0,13,14,0,0,0,0,1,4,0,3,10,0,0,9,0,0,14,9,13,0,28,0,0,0,0,4,0,3,1,0,0,0,0,17,0,3,0,0,0,36,39,0,0,0,12
10,0,0,13,6,0,14,0,0,10,6,0,18,0,13,0,0,0,0,6,0,0,0,4,0,4,0,0,0,17,0,5,0,0,0,22,0,0,0,23,0,5,4,9,9,0,0,0,10,0,2,0,0,0,19,14,2,0,0,2,12,0,0,0,0,0,0,16,3,9,17,0,0,0,18,154,189,155,0,5,0,13,0,0,0,6,11,5,0,0,0,11,0,0,18,0,0,0,1,0,0,18,176,254,255,102,7,19,0,0,0,15,0,3,17,18,1,24,5,15,0,6,0,0,0,0,25,0,56,200,255,191,48,0,15,11,0,0,28,0,11,10,0,0,0,0,5,7,0,0,14,0,3,19,13,70,205,229,158,0,8,10,0,13,17,20,0,14,21,12,0,0,0,0,0,0,13,0,31,0,8,10,89,232,222,85,12,0,2,7,6,3,0,0,0,14,0,6,14,13,8,15,0,16,0,0,0,0,7,74,241,222,57,19,0,0,0,0,13,9,0,0,11,0,1,9,0,1,7,23,22,0,0,0,16,0,78,255,255,38,10,0,4,0,21,0,0,8,1,0,27,4,0,0,0,0,0,9,0,0,0,16,0,39,249,255,88,16,7,0,8,0,0,0,0,7,0,3,6,4,13,0,2,26,0,20,14,10,3,0,126,248,254,94,0,0,0,14,4,0,15,23,0,18,8,29,17,0,41,0,0,0,0,0,0,0,6,28,226,214,97,5,0,0,8,2,19,15,0,0,4,2,5,0,2,14,0,0,0,15,9,0,0,9,26,178,238,126,0,16,0,0,0,25,0,3,7,2,5,7,0,0,5,19,13,13,2,0,0,0,12,14,83,255,192,0,7,2,6,1,0,4,15,15,19,2,0,2,0,5,0,3,0,0,20,0,3,0,9,117,255,255,35,2,6,1,12,72,149,173,233,248,248,168,89,13,7,3,23,10,0,0,0,9,9,5,0,213,255,246,17,33,128,208,206,255,189,235,239,255,235,249,217,14,0,7,0,0,0,0,2,0,0,0,0,214,255,248,95,224,131,109,14,6,9,12,25,162,249,254,228,0,0,2,0,0,33,4,3,0,6,15,85,238,245,255,45,0,31,5,9,0,0,0,0,120,251,250,184,26,9,21,9,0,0,8,2,0,0,0,83,252,255,246,174,0,0,0,16,11,0,0,97,255,238,205,17,17,37,37,16,18,6,3,6,0,23,5,5,193,249,255,253,154,165,35,21,28,137,196,255,255,187,64,0,9,0,17,29,3,7,26,0,0,14,12,0,91,214,255,252,253,252,249,250,255,244,233,198,56,5,0,0,0,13,0,0,21,0,0,19,4,3,7,6,14,61,126,232,249,202,231,133,56,66,10,2,7,0,0,0,0,0,13,0,6,12,2,11,0,9,13,0,0,0,0,0,0,0,0,17,0,0,3,12,0,13,0,0,0,0,3,17,0,0,39,0,1,5,16,0,0,12,7,0,2,3,13,22,0,6,0,22,19,2,3,0,0,11,0,0,0,11,0,0,10,3,6,0,7,2,7,0,31,13,0,7,5,0,0,3,0,0,8,4,0,0,6,6,0,0,0,0,0,10,1,9,0,0,8,8,0,0,2,10,0,2,20,2,0,26,8,9,0,9,7,5,24,3,0,6,3,0,0,9,0,0,0,0,0,6,0,3,0,0,4,0,10,1,0,1,6,20,0,2,11,0,9,8,0,4,16,1,0,0,0,0,14,0,14,0,25,0,16,0,0,0,0,6,0,0,2,0,10
0,0,0,0,0,0,0,21,0,6,12,10,6,18,6,20,10,0,0,0,0,1,0,0,0,0,30,0,0,5,0,4,10,0,5,0,0,0,31,16,16,1,0,0,0,0,16,0,0,13,8,0,0,8,5,0,7,0,0,16,0,8,0,3,0,0,26,8,0,0,0,0,0,0,22,0,0,0,0,0,4,7,39,0,3,25,30,0,0,37,0,0,3,10,0,1,16,5,29,5,23,3,32,3,12,0,0,12,0,9,0,0,0,28,21,6,0,0,9,0,0,13,0,0,15,0,11,0,3,0,1,24,0,0,0,0,0,0,0,6,0,1,0,0,2,4,0,2,13,13,172,147,137,130,5,88,60,80,108,128,168,148,241,187,4,0,0,4,22,0,0,0,0,0,0,0,0,49,251,255,216,254,255,252,232,245,255,255,255,255,255,255,90,12,0,8,0,1,30,6,8,6,0,0,0,133,241,234,238,238,230,249,238,255,252,248,250,251,249,255,195,0,0,0,16,0,0,17,0,0,0,0,4,243,251,255,230,255,247,195,255,255,222,161,155,129,130,19,5,7,0,28,0,0,13,3,0,0,9,0,19,255,233,250,171,32,23,36,23,31,29,8,0,0,15,0,14,2,0,0,8,25,0,0,0,0,0,14,115,233,246,255,67,31,29,18,0,0,0,0,0,0,0,0,13,0,14,0,0,0,0,0,8,0,3,0,179,252,255,244,35,15,19,15,0,0,13,0,8,0,20,14,0,16,0,23,0,10,3,16,0,0,0,0,230,255,255,255,165,27,5,0,13,0,0,0,7,3,19,18,0,21,0,8,22,0,0,11,8,0,0,0,85,251,230,251,243,223,130,24,0,0,21,7,0,14,1,2,15,0,0,0,0,0,0,1,13,0,7,0,15,73,172,173,255,242,253,189,79,24,13,4,12,1,0,0,12,2,0,13,0,14,0,14,0,0,22,0,0,0,0,0,22,181,255,255,255,167,36,0,22,0,0,10,0,17,0,0,3,2,0,7,0,4,13,0,6,0,7,0,8,31,63,175,227,247,200,68,5,0,24,0,10,0,16,14,10,4,21,6,0,2,0,12,11,14,0,13,0,0,3,0,114,255,241,182,2,0,1,2,22,0,19,0,8,1,0,7,14,25,17,9,0,13,0,8,0,3,0,0,64,249,247,216,0,0,12,5,24,0,0,0,0,0,1,0,0,23,4,153,136,5,0,0,8,0,15,0,66,243,252,222,14,0,4,8,0,13,3,6,1,0,1,4,1,0,8,250,232,123,9,15,0,0,15,0,199,244,255,208,0,22,0,7,17,0,0,12,13,2,0,0,18,0,2,179,255,235,218,143,121,127,143,231,231,255,251,215,12,8,0,1,26,0,4,12,0,0,11,4,9,0,9,41,255,255,253,255,255,251,255,255,247,237,208,0,17,0,0,0,0,1,0,8,18,11,7,8,2,0,1,4,47,223,255,239,255,240,246,255,255,206,43,9,2,0,10,0,0,0,7,3,0,0,0,0,0,14,1,0,0,18,158,196,255,255,249,204,94,6,0,3,2,21,0,24,0,0,2,0,0,5,3,0,10,0,16,5,16,0,0,0,3,4,0,6,0,16,0,20,0,0,0,0,10,24,3,0,19,0,0,9,0,0,4,0,0,8,0,2,11,0,0,16,0,9,8,12,0,0,0,0,0,27,0,0,12,0,19,0,8,7,0,0,2,3,2,0,0,0,9,4,10,0,0,0,0,3,0,27,0,10,0,15
18,0,11,19,7,5,21,0,18,0,9,26,0,0,0,9,4,2,15,4,0,0,7,0,0,0,0,1,0,0,16,9,0,7,0,0,0,0,3,11,0,0,0,4,0,0,1,0,1,0,0,3,0,9,7,0,6,10,3,16,0,0,2,8,2,0,10,0,12,4,15,7,0,0,0,9,11,20,0,0,15,0,24,0,1,4,0,0,0,13,16,11,12,0,0,0,0,0,0,13,0,30,5,22,0,0,7,0,0,0,0,24,0,2,24,0,26,0,3,13,8,0,12,0,0,0,3,9,0,0,17,4,0,22,12,28,9,5,13,0,0,0,5,7,0,0,0,1,0,0,0,2,0,0,21,10,0,5,6,18,0,3,0,11,0,0,0,0,1,0,0,21,14,0,46,226,112,5,22,24,33,18,0,0,0,19,76,195,20,10,0,13,0,19,0,7,0,0,11,0,26,5,139,255,208,29,3,0,1,13,3,0,0,0,213,230,181,0,0,0,13,0,0,0,0,0,0,11,0,23,148,231,229,24,4,0,0,0,34,0,29,29,225,255,250,0,31,3,22,0,17,10,0,0,16,10,0,56,255,252,141,17,10,0,12,0,15,1,3,127,242,235,243,0,0,0,0,5,0,4,8,0,4,0,11,192,255,255,146,1,0,15,6,0,16,0,48,248,255,240,210,0,0,2,0,0,0,0,1,0,4,0,3,247,255,255,126,14,1,7,0,9,0,0,61,237,247,244,72,0,0,15,0,0,11,0,17,15,3,0,106,234,255,207,30,0,0,0,0,13,0,10,48,255,255,255,76,20,7,33,24,0,0,0,2,0,1,7,147,255,231,215,74,0,14,0,0,5,0,24,38,247,255,237,69,11,0,5,10,0,13,13,0,1,0,0,31,251,248,255,212,191,174,204,173,182,188,162,200,255,255,255,186,0,6,0,2,0,14,17,0,19,11,0,0,36,217,240,241,255,226,254,250,234,255,246,241,255,255,255,253,153,13,0,0,0,0,16,11,0,0,0,4,3,53,96,240,255,249,254,244,242,255,239,243,255,249,254,244,69,0,0,0,0,0,9,0,5,0,6,14,1,2,0,0,136,118,6,70,181,166,174,248,255,255,149,3,3,0,3,5,0,25,0,0,13,0,10,12,13,10,0,1,8,0,10,27,8,0,5,235,255,255,46,21,20,0,0,10,0,0,0,0,0,4,0,0,0,0,2,0,0,0,1,1,36,0,0,223,255,196,3,10,9,12,4,3,0,0,8,29,2,0,0,3,29,28,0,0,0,0,0,2,19,0,13,232,255,228,24,0,0,7,0,2,23,0,0,21,4,0,0,28,0,8,21,6,0,0,0,0,0,0,131,248,249,225,0,0,3,0,11,4,0,4,27,0,7,0,9,0,0,0,14,7,0,9,11,2,2,0,131,255,243,146,13,18,2,0,0,1,17,0,0,0,13,0,0,0,0,0,0,14,3,3,0,0,15,0,136,255,248,33,0,0,0,3,18,0,0,0,0,10,12,0,1,21,16,0,0,7,2,0,2,0,0,3,144,255,255,18,0,31,0,0,0,0,6,14,12,23,24,1,0,0,0,10,5,8,3,15,0,7,1,0,52,195,74,21,0,2,0,11,11,2,24,20,6,0,0,6,0,0,11,21,0,0,0,8,8,4,0,18,4,12,7,0,18,0,0,0,10,10,7,5,0,6,0,0,14,7,0,10,6,0,15,14,31,29,7,0,0,0,0,0,0,0,0,13,0,0,12,5,0
2,17,9,6,0,8,0,6,9,7,9,0,0,0,0,7,12,1,0,12,11,0,0,0,0,7,0,0,5,0,0,0,0,17,1,0,6,0,6,0,0,0,0,20,5,15,0,5,0,13,0,2,4,0,24,0,6,16,15,0,0,0,0,0,10,0,0,16,0,10,0,16,20,0,23,0,8,0,11,0,0,6,25,0,14,12,0,3,12,0,0,0,0,106,240,180,13,0,0,27,0,0,0,0,0,16,0,8,14,8,0,6,0,0,0,10,13,0,13,0,5,200,237,108,0,0,21,10,7,0,5,0,0,0,9,15,15,0,6,26,0,0,6,0,0,0,9,24,35,147,239,130,0,10,2,9,9,0,12,0,2,29,7,0,12,8,10,0,0,0,0,2,0,0,0,20,0,52,255,214,1,0,0,2,0,1,0,0,0,0,6,8,0,12,11,21,8,0,11,0,21,0,12,3,5,46,255,181,5,0,7,0,2,5,0,26,0,10,6,0,0,0,7,0,8,30,0,2,0,18,0,0,8,143,244,84,0,7,0,0,0,0,6,12,13,0,0,0,0,0,11,0,12,16,0,0,0,0,12,0,9,177,255,11,2,2,0,0,2,0,0,0,26,16,17,1,22,8,0,8,0,15,7,0,7,18,17,2,14,245,240,0,0,9,3,0,0,0,29,94,13,14,8,19,15,7,0,17,9,0,0,4,23,5,0,0,15,191,254,13,0,0,3,0,46,179,234,244,242,97,18,4,10,0,6,0,0,0,14,3,0,0,0,10,24,255,255,0,2,0,0,0,251,255,255,216,187,254,95,0,0,0,0,26,6,13,3,0,9,0,0,5,6,189,238,69,2,0,0,121,255,203,75,14,13,255,156,0,0,2,0,8,13,21,12,11,17,5,0,0,21,129,228,112,11,4,34,206,255,55,0,15,88,240,98,3,1,0,31,7,10,0,11,10,0,0,10,10,0,99,250,206,1,0,214,237,143,22,0,17,217,216,7,8,0,9,0,5,0,0,0,10,0,4,13,0,4,50,246,220,31,112,255,240,0,0,0,109,236,105,0,0,6,8,0,0,0,6,0,6,15,0,15,15,0,29,228,244,187,218,250,119,0,95,212,255,255,7,0,13,27,0,0,12,0,0,4,8,0,0,9,0,15,8,70,255,252,234,254,255,253,255,252,209,49,0,0,10,14,0,0,0,18,8,17,0,0,17,5,1,0,0,0,131,247,255,255,248,233,220,100,32,2,0,0,16,10,0,19,0,0,21,0,16,7,26,3,0,0,5,0,30,253,255,125,17,28,2,0,6,0,0,0,0,0,0,6,11,12,0,8,0,0,3,5,0,0,0,24,43,241,226,145,73,0,8,0,0,0,10,14,0,21,0,0,0,3,4,0,6,0,2,23,16,0,0,18,0,176,252,215,98,0,32,8,2,0,0,2,0,0,16,17,8,0,0,0,10,26,9,0,0,2,34,0,0,0,0,0,0,6,0,0,2,0,12,7,0,0,0,7,16,14,9,0,0,0,0,0,2,3,0,10,0,18,10,15,12,8,0,17,1,11,0,0,0,0,12,23,0,14,0,11,6,0,7,0,13,0,4,18,0,0,0,3,13,0,0,2,17,0,6,0,8,2,0,6,8,0,0,4,0,0,5,11,17,3,0,0,11,0,0,13,0,0,12,0,0,0,20,0,19,0,0,0,1,6,0,0,11,0,9,0,7,0,0,10,4,0,0,0,17,8,11,0,17,3,0,0,0,16,7,0,0
0,0,0,1,0,0,6,15,0,0,0,14,0,6,0,0,5,7,6,0,4,0,0,13,10,0,12,0,0,0,16,0,0,6,5,0,0,0,0,0,0,18,0,21,0,0,7,0,12,0,0,0,0,0,10,0,0,2,0,0,14,0,0,13,0,0,11,10,3,9,0,18,8,23,0,0,5,0,3,0,0,7,0,24,16,23,0,0,0,17,0,8,19,0,12,14,14,0,7,23,11,0,0,0,0,0,0,6,3,0,5,2,0,17,6,0,0,1,0,14,0,4,15,1,24,49,125,133,173,144,80,9,11,0,0,0,0,17,1,0,9,0,9,8,8,4,28,0,34,180,155,166,255,255,249,255,255,232,227,20,0,0,24,0,0,0,0,0,6,0,0,8,0,12,0,17,228,255,255,250,255,255,254,255,255,255,186,0,2,0,3,19,0,6,0,3,3,6,8,2,0,0,5,0,245,225,238,176,209,123,124,118,91,11,0,6,0,0,0,0,5,5,12,9,24,1,0,0,30,1,19,7,243,246,163,13,0,10,3,0,8,0,0,5,14,29,9,0,0,8,4,5,3,14,0,0,3,0,0,8,245,255,152,17,0,6,13,0,1,0,0,1,0,0,17,0,3,0,0,0,3,12,0,18,5,13,0,0,245,217,175,0,0,3,0,0,10,0,22,7,0,10,10,16,8,0,29,0,10,2,12,0,0,16,0,103,255,255,198,16,21,84,82,24,33,0,0,7,0,0,0,16,0,20,29,0,0,0,2,0,0,13,0,102,247,252,255,250,247,255,238,255,255,196,129,26,0,0,7,0,0,20,27,0,23,0,0,0,0,0,5,14,240,245,255,245,234,232,240,255,255,255,255,237,140,8,8,0,0,14,13,12,0,0,0,17,0,1,6,0,96,120,96,109,133,97,122,116,120,185,255,247,255,103,14,20,0,6,0,0,0,12,0,4,6,0,0,0,13,0,10,0,0,0,23,0,6,11,90,229,255,255,0,4,14,5,0,0,0,15,0,0,4,4,11,0,21,0,0,12,11,18,0,0,0,0,0,129,249,255,0,0,0,18,0,0,19,0,15,11,0,13,0,0,0,9,19,0,0,13,0,4,16,0,6,144,233,255,44,12,0,10,0,8,21,0,11,14,0,5,0,3,13,22,51,32,15,0,0,0,0,7,0,92,255,249,83,0,19,0,0,5,0,0,13,0,0,0,0,0,62,227,255,0,0,0,13,10,0,0,5,180,239,239,54,0,0,13,7,0,1,0,13,0,0,0,28,6,117,255,244,83,17,0,0,0,0,1,113,234,234,191,28,3,6,1,8,20,20,4,0,6,11,6,0,0,108,255,252,255,165,147,164,44,125,185,255,238,209,112,17,3,0,0,10,0,0,0,0,23,6,17,13,0,19,120,255,255,232,246,255,232,253,253,228,197,59,0,24,12,18,28,29,0,19,15,0,0,0,0,10,9,9,18,66,164,210,255,255,222,158,146,130,0,16,15,16,0,0,0,0,17,28,3,0,0,0,5,12,0,0,0,0,1,0,0,3,9,0,6,0,0,0,0,4,0,0,6,0,13,0,19,8,0,6,0,19,0,0,0,3,4,11,8,0,9,13,0,0,0,5,9,33,0,14,6,12,0,0,8,14,22,0,7,25,7,0,0,3,19,0,5,0,15,0,0,0,4,0,0,0,17,0,6,5,0,0,17,8,19,0,0,6,0,17,0,0,0,0,16,0,0,2,0,2,0,0,18,9,6,0,0,4,0
0,6,0,0,0,2,9,0,0,17,0,11,0,17,0,14,4,0,0,0,6,0,0,0,6,3,6,2,0,0,5,0,0,20,3,0,9,0,0,7,0,7,0,9,8,0,7,0,10,1,3,0,0,35,17,6,8,0,0,1,0,12,4,29,0,0,7,15,0,0,5,25,0,0,0,0,2,18,10,4,3,0,0,0,0,0,0,0,25,0,11,11,3,0,0,2,0,0,0,18,0,0,14,6,0,0,6,3,14,5,0,0,4,14,0,9,0,9,0,4,1,7,35,11,8,10,10,0,0,0,0,1,0,19,8,18,0,14,0,10,0,0,0,0,0,0,11,0,0,0,18,16,218,232,87,3,11,14,0,0,14,0,13,1,1,0,20,0,15,0,0,0,0,8,2,0,0,16,29,33,255,248,191,0,0,0,45,106,95,77,0,7,2,20,16,17,0,9,9,0,10,4,0,11,0,0,8,24,255,223,30,0,10,28,217,247,255,255,64,8,0,0,4,39,0,2,0,0,0,0,0,0,4,0,0,89,233,139,0,0,0,159,242,101,73,82,8,8,0,0,1,3,0,0,0,2,0,0,0,7,0,0,0,185,218,29,0,0,34,253,181,0,0,8,0,1,3,6,22,0,1,0,16,0,0,1,0,0,0,8,55,251,203,0,6,0,45,255,170,0,8,9,0,0,0,0,0,3,0,5,3,0,7,0,0,10,0,3,146,255,154,8,24,23,37,255,173,0,6,0,2,0,0,0,10,21,0,14,0,31,29,1,0,12,0,12,202,221,5,19,0,0,104,251,104,1,18,8,5,0,0,3,0,1,0,15,7,18,0,5,9,0,4,35,226,163,0,12,17,0,155,238,78,6,69,212,4,0,4,3,12,6,9,1,2,0,5,5,7,0,25,159,238,79,15,0,12,10,202,255,157,208,255,73,0,0,2,0,9,0,0,0,0,0,5,14,12,10,63,222,205,0,0,8,11,71,244,244,250,178,43,0,6,0,0,0,11,0,0,7,0,3,8,0,0,8,166,253,47,27,85,152,215,246,255,250,80,0,14,4,0,0,2,19,0,17,0,0,0,2,0,0,6,31,255,250,182,226,250,255,193,155,243,208,6,6,0,18,0,11,3,7,0,4,0,0,0,4,0,0,1,155,235,255,255,186,147,56,0,47,254,195,0,0,0,0,13,18,0,0,8,16,0,0,3,6,11,24,0,157,192,77,28,0,6,0,0,117,255,149,17,0,12,0,7,1,0,8,0,0,0,0,11,19,9,0,5,5,0,28,10,3,7,0,0,207,255,42,17,1,0,27,0,14,2,0,11,23,0,0,20,33,0,0,22,1,0,6,0,8,9,2,0,194,242,20,0,6,6,0,25,18,14,0,6,11,10,19,10,0,17,0,12,16,0,2,3,5,0,0,0,216,233,0,0,12,0,0,21,7,9,0,5,0,6,0,16,6,26,12,0,0,27,7,6,0,2,0,11,199,212,13,4,13,0,0,8,0,0,8,0,3,0,9,20,0,0,0,16,0,8,0,0,12,4,3,0,151,201,21,0,0,0,0,12,0,0,0,0,1,0,0,7,0,0,0,0,2,19,0,0,0,4,0,0,4,0,0,11,0,0,0,1,4,15,6,15,0,0,0,10,0,11,9,2,1,7,14,19,0,0,3,0,3,0,0,14,9,6,0,0,0,0,2,0,0,6,10,10,0,14,0,0,0,12,17,0,0,0,19,12,17,0,16,4,8,12,11,8,24,15,13,0,19
0,0,2,5,0,0,0,0,23,8,6,0,16,0,1,0,0,4,0,0,22,1,0,15,0,0,23,7,24,0,2,2,17,0,0,0,0,0,7,0,0,4,0,0,0,19,0,21,16,2,6,0,17,0,0,11,10,0,0,5,9,0,26,13,0,6,0,10,9,3,25,0,0,1,0,0,0,21,8,12,0,0,19,0,0,0,1,8,0,9,0,3,14,0,23,3,0,12,0,0,22,0,0,16,11,0,0,0,3,6,3,7,0,0,3,0,6,3,0,0,16,20,0,1,0,5,0,20,1,0,6,0,0,0,15,2,7,4,0,4,1,12,18,0,0,0,0,0,0,10,0,0,0,0,0,15,15,0,0,5,0,0,0,0,14,0,14,23,2,24,0,17,21,36,2,35,30,0,5,0,0,0,5,0,0,0,0,11,0,12,0,0,8,6,13,0,0,0,0,6,18,0,17,0,23,11,0,16,0,1,0,2,15,3,1,0,11,18,0,0,14,29,0,0,11,3,0,0,14,0,0,14,7,11,14,5,0,0,0,13,70,111,104,78,18,34,22,0,0,0,6,23,6,0,0,0,0,0,0,0,7,0,0,0,0,5,30,138,255,255,178,173,242,254,209,125,32,2,14,0,13,0,0,10,0,0,20,0,15,0,6,7,0,0,160,252,181,43,20,0,63,129,239,244,254,114,0,0,0,7,17,6,24,2,12,0,30,6,0,0,27,222,255,233,20,0,0,0,28,0,6,58,163,170,18,10,0,0,0,1,0,0,0,0,0,18,48,155,229,248,255,168,40,0,13,0,0,0,0,16,0,0,0,3,14,1,0,8,12,0,25,0,39,155,251,255,229,247,255,255,228,197,103,8,0,6,0,0,5,19,0,0,6,9,8,12,0,2,0,136,255,239,254,201,116,100,137,116,195,201,247,150,5,20,6,0,0,20,7,0,0,15,0,21,0,0,0,198,255,199,41,2,0,0,0,0,7,6,212,233,20,0,16,13,0,31,8,0,0,2,0,10,0,0,3,57,73,0,0,0,14,0,0,3,34,175,248,130,0,16,18,4,0,0,0,0,3,0,14,0,0,0,7,12,15,6,6,9,22,2,18,97,232,255,203,59,7,0,0,0,0,10,0,10,0,4,0,6,0,0,0,9,8,0,0,47,78,128,191,255,231,149,11,1,17,9,0,0,0,16,25,0,15,4,2,0,10,0,72,119,106,118,211,231,255,254,215,153,37,2,0,0,4,0,0,6,9,3,0,12,0,0,10,0,0,2,255,238,243,195,164,156,193,145,26,0,0,14,7,10,6,9,4,0,11,8,4,26,0,6,7,6,0,0,74,25,31,0,2,17,19,0,0,0,4,11,0,0,0,11,9,7,18,0,0,0,5,0,0,15,7,16,2,0,0,0,15,0,0,2,0,4,0,0,0,5,0,7,20,0,0,0,0,0,8,13,27,0,0,16,12,0,16,0,0,1,12,0,0,0,17,0,0,0,0,0,9,6,11,0,0,0,1,0,0,0,0,5,0,0,13,0,0,5,0,1,0,0,0,0,24,10,14,13,5,7,0,3,0,0,0,3,22,0,5,25,0,17,0,17,0,0,0,2,0,0,0,12,0,16,0,0,5,0,7,3,0,0,0,10,12,0,0,9,0,3,0,0,23,0,1,2,1,0,0,4,0,0,6,0,0,25,0,15,2,2,15,32,0,0,4,2,23,5,0,8,16,13,2,0,0,0,0,1,0,11,12,14,0,24,0,6,4,0
5,24,0,0,0,0,0,12,1,0,0,8,0,8,0,16,0,12,0,3,0,0,3,0,0,6,0,0,0,0,0,0,3,0,0,0,10,0,0,0,0,0,0,0,0,0,0,0,2,0,2,0,0,0,0,0,0,0,0,0,0,19,6,0,0,0,15,0,21,0,0,0,3,0,0,0,0,9,0,8,0,0,0,13,0,0,0,0,0,2,0,0,5,8,0,0,12,3,0,0,0,0,1,0,0,0,0,10,0,1,14,0,0,9,3,0,5,0,0,0,23,0,0,3,12,132,182,8,0,0,9,22,0,9,0,0,0,0,15,0,0,9,2,16,25,0,7,25,12,0,4,27,77,255,246,57,0,0,30,11,0,0,0,1,0,0,0,16,0,0,0,0,0,0,5,0,1,0,0,0,104,238,247,63,12,0,19,7,1,0,12,0,11,0,3,1,3,20,1,3,1,0,7,0,0,13,5,0,139,241,255,50,0,17,0,9,0,0,7,0,0,7,19,3,0,22,0,25,0,0,8,0,17,7,3,37,126,255,235,125,18,0,4,0,5,25,0,10,0,15,0,0,0,9,0,4,2,15,3,22,12,17,0,0,31,242,255,178,1,0,0,0,19,0,9,8,0,0,22,0,0,0,3,0,23,2,0,14,6,0,0,0,85,253,255,185,0,18,18,0,10,25,1,0,10,8,0,21,0,0,18,18,22,0,1,9,0,0,14,0,138,242,236,197,0,5,2,0,14,5,28,0,5,0,6,5,4,5,0,10,0,3,12,0,2,5,0,1,3,255,255,180,9,3,0,0,4,8,21,7,0,5,11,0,3,1,18,0,0,0,0,13,0,0,6,2,7,231,255,58,0,2,2,0,25,0,6,0,2,0,0,8,11,17,0,0,22,15,2,0,1,0,0,12,39,253,255,51,0,2,3,7,0,0,25,0,0,0,0,10,19,0,0,2,0,12,0,0,0,10,0,11,34,214,255,66,0,3,9,8,0,0,6,2,8,9,0,8,0,0,11,0,0,13,18,17,15,0,9,19,25,235,254,114,0,0,0,13,32,0,0,0,24,0,5,0,0,0,3,0,16,21,8,11,12,19,0,0,21,253,246,173,12,0,0,18,5,0,1,0,0,8,17,12,8,0,6,0,0,7,10,0,6,0,0,7,91,255,255,226,15,5,13,14,13,0,6,5,18,0,0,0,0,4,2,19,1,0,0,17,3,31,0,0,64,255,255,213,105,1,11,21,10,0,0,10,11,19,0,0,0,0,0,0,0,0,0,3,16,0,10,0,79,251,250,255,170,0,0,18,0,2,1,6,0,0,0,26,0,0,0,0,0,0,2,1,4,6,0,0,10,212,255,249,234,21,0,19,14,11,0,10,0,4,0,20,0,0,25,0,0,0,0,7,0,0,8,7,0,140,255,249,175,8,0,0,0,0,13,7,0,0,0,0,0,0,0,7,16,2,0,0,0,0,0,0,0,32,247,195,0,0,11,0,0,0,0,6,0,0,10,0,0,20,1,6,0,0,0,0,0,0,0,0,0,3,0,0,4,0,0,0,0,6,0,0,0,7,27,0,0,15,0,2,2,0,0,2,12,0,0,0,0,23,8,0,0,0,0,11,0,5,10,0,20,0,6,25,17,0,0,0,0,9,0,1,0,1,0,0,1,11,0,26,0,0,1,11,0,0,5,0,0,0,26,5,3,0,0,23,0,0,0,10,8,15,0,0,1,0,0,17,0,5,0,8,0,39,7,19,21,4,8,0
10,0,0,2,0,8,0,18,3,0,0,6,11,0,0,24,0,13,0,10,0,5,11,0,5,0,6,0,2,0,20,0,0,5,6,0,21,15,9,0,3,22,2,0,0,7,20,14,0,11,0,0,0,9,19,0,0,11,16,4,5,15,10,0,0,0,1,0,5,9,4,0,10,5,0,11,0,0,0,0,0,0,3,7,11,0,0,10,3,0,1,11,0,9,14,1,12,12,0,3,0,0,14,5,6,0,6,18,25,5,1,2,30,0,0,0,0,0,0,0,3,0,0,0,0,23,14,0,0,0,16,2,0,7,0,0,0,8,3,24,0,0,0,1,12,0,0,0,15,18,0,0,0,0,21,19,0,203,41,0,15,0,5,0,12,0,5,14,3,14,0,0,0,0,15,17,7,52,148,12,6,4,0,0,65,254,95,16,2,0,17,0,0,0,0,0,0,8,0,18,0,8,0,1,20,84,250,116,4,8,4,0,149,245,59,2,0,22,23,27,3,10,0,0,10,0,3,8,13,3,0,0,0,165,233,62,0,0,0,3,235,255,64,0,0,24,9,0,0,0,4,0,7,0,0,4,13,0,0,0,0,211,226,24,0,0,16,14,173,249,65,0,25,0,2,0,26,0,0,0,16,5,0,8,0,0,13,0,0,181,255,36,0,0,3,0,110,252,145,0,0,0,10,0,6,12,16,0,4,0,0,0,0,16,1,0,48,255,207,0,12,0,2,15,127,255,141,19,0,0,2,0,1,0,0,19,14,5,0,7,3,18,0,3,147,245,133,5,38,41,48,30,140,255,130,25,17,0,3,2,0,0,14,18,0,24,14,0,0,0,17,0,154,240,204,209,231,239,253,235,247,255,159,15,0,12,0,0,0,2,0,35,0,2,0,0,0,19,0,0,246,251,255,248,255,175,200,207,255,250,255,92,0,0,13,0,0,3,0,18,23,0,0,9,16,0,0,8,225,255,234,103,33,0,0,33,241,251,255,138,9,0,15,0,18,9,23,4,7,0,0,0,12,13,17,0,113,138,36,11,0,24,0,102,255,255,173,126,0,0,0,11,0,13,26,0,0,0,9,3,0,0,0,0,0,0,0,0,0,0,0,104,246,167,0,0,5,7,5,0,0,0,0,34,13,3,0,10,0,0,0,0,7,0,0,0,16,0,3,149,235,149,0,0,0,0,21,5,15,0,4,0,22,2,8,0,4,30,1,0,6,0,9,0,0,3,0,216,255,123,2,33,0,0,0,20,0,0,5,1,0,0,0,4,7,21,0,0,0,0,0,32,0,0,0,194,248,61,0,0,7,0,0,0,6,19,6,0,2,0,9,15,22,0,0,0,0,0,0,0,0,0,0,248,250,39,0,0,0,28,6,12,19,5,10,0,3,0,0,0,14,10,25,0,10,22,0,0,4,0,77,254,255,75,0,4,4,0,0,16,5,10,0,0,31,0,12,2,0,0,0,6,0,16,5,0,0,8,122,248,255,124,2,5,4,28,1,2,0,0,18,13,0,0,28,16,0,12,0,0,0,7,0,4,0,0,27,255,198,16,0,17,22,0,3,14,0,0,0,13,0,0,0,30,0,0,0,11,0,0,0,0,7,10,0,0,0,0,9,0,9,0,0,0,6,6,6,1,4,12,0,17,6,7,0,0,0,17,9,0,0,0,0,0,2,6,19,0,0,35,21,0,21,19,0,0,0,0,0,0,14,4,0,0,0,12,0,0,0,0,1,0,0,8,0,9,12,8,2,0,0,0,11,12
0,1,0,0,16,0,5,19,15,12,5,0,0,0,27,5,0,0,17,8,0,0,0,7,0,0,0,0,0,11,0,6,2,4,0,6,0,9,4,17,0,10,0,0,0,0,33,5,5,0,0,0,20,23,13,0,0,0,13,25,0,0,2,5,0,3,24,13,10,0,0,6,33,0,0,0,0,8,3,19,8,0,0,0,0,0,0,0,0,13,7,10,0,0,9,1,0,14,5,9,13,0,19,3,8,0,2,0,0,3,0,0,0,2,10,0,11,0,0,20,0,7,0,0,0,2,8,2,9,0,2,12,0,6,0,5,7,0,0,12,0,0,7,7,8,0,11,0,0,0,0,8,0,24,0,2,0,14,204,23,13,0,0,16,4,0,3,1,20,7,0,10,0,0,2,13,0,0,0,50,0,0,9,12,0,132,252,46,0,9,24,6,0,16,0,17,12,25,12,12,4,22,8,0,18,2,154,241,90,5,0,0,0,251,204,4,5,0,18,0,0,0,12,15,0,9,0,14,8,0,11,17,0,0,223,255,116,6,7,8,123,255,77,1,4,0,0,5,0,19,0,4,0,0,2,18,16,23,16,0,0,35,217,255,82,13,2,1,103,234,53,0,11,0,6,5,13,3,0,11,0,4,0,7,4,13,0,12,20,183,255,221,33,0,13,0,94,253,101,0,0,0,0,0,0,0,16,1,3,4,19,11,31,7,0,8,87,249,255,132,0,0,0,3,113,246,60,0,5,2,2,6,24,6,12,0,0,0,0,6,1,26,15,0,70,255,245,41,0,0,3,0,103,255,34,20,25,0,0,3,0,0,3,9,20,0,14,0,0,10,1,2,51,255,244,0,4,6,6,23,80,255,76,1,3,0,8,0,0,3,9,16,0,23,22,0,2,0,9,0,62,233,234,150,111,99,106,125,174,254,99,0,3,12,0,10,9,24,16,0,8,1,4,0,7,12,0,0,8,116,255,254,255,255,255,247,228,240,77,4,0,1,3,10,10,0,0,0,20,6,0,0,1,20,0,0,11,17,68,134,180,178,181,201,255,236,0,0,0,0,0,0,5,0,0,0,7,0,0,19,1,0,0,1,0,12,15,12,0,0,0,3,117,234,7,0,2,0,0,0,0,1,10,1,12,0,0,0,9,21,0,0,0,11,9,13,0,0,7,0,143,255,32,0,6,0,0,0,0,0,8,0,0,0,20,0,4,12,5,0,15,0,12,12,4,2,5,0,229,235,103,1,0,4,7,0,0,0,0,0,0,0,0,1,3,18,15,18,0,1,0,0,0,21,0,0,215,251,89,14,0,9,0,0,4,34,4,2,22,18,1,0,0,17,0,9,0,5,30,5,0,0,0,2,154,227,0,8,14,0,0,2,5,0,0,0,0,24,0,0,2,2,3,0,3,0,0,17,0,6,0,0,103,233,94,0,0,19,0,0,0,16,0,15,30,0,0,9,0,0,0,0,0,23,13,0,0,0,0,0,60,255,220,0,0,4,0,0,0,0,13,23,6,0,5,0,0,0,4,0,0,0,3,0,7,3,1,0,4,207,247,68,0,0,0,4,4,0,0,0,0,0,9,24,15,0,4,0,7,1,0,0,11,30,0,13,1,0,0,3,0,1,7,0,0,11,17,0,0,0,14,12,0,0,0,10,4,9,0,1,0,0,16,2,2,0,2,2,0,0,14,4,0,3,9,0,0,0,6,0,0,12,0,0,4,2,0,0,0,0,10,0,0,0,6,0,0,15,2,2,8,0,35,0
0,0,0,1,0,3,16,19,0,0,5,0,10,0,9,17,18,11,0,0,5,0,0,10,3,9,3,11,0,0,7,0,0,34,1,0,17,10,0,6,0,14,0,1,10,0,6,0,7,0,0,0,0,0,0,5,6,0,0,0,0,13,0,0,0,0,19,0,0,0,12,14,0,0,8,13,0,0,11,0,13,0,0,0,15,17,7,24,0,0,0,0,16,0,0,1,0,0,5,0,19,3,0,0,0,0,0,0,9,0,4,0,0,15,30,0,0,8,0,0,0,5,3,2,0,0,10,0,0,1,0,2,3,0,0,0,8,0,11,0,13,0,0,22,3,17,10,0,0,5,0,6,5,2,7,10,0,27,10,10,0,3,0,18,0,23,3,0,2,5,0,15,19,0,3,23,9,3,88,251,202,156,141,61,35,8,10,0,0,0,0,0,13,4,0,2,11,24,0,3,11,35,15,0,0,3,201,255,254,255,255,245,251,214,156,106,11,0,0,0,0,14,14,23,0,0,0,0,0,0,0,0,0,0,151,254,255,255,240,254,238,255,250,248,195,89,1,0,0,0,0,5,0,0,0,0,5,4,0,5,0,0,72,255,255,239,251,255,255,250,246,255,246,254,35,0,0,15,0,0,9,1,9,0,8,5,9,9,9,12,17,80,166,215,245,246,255,255,236,238,244,255,27,20,12,0,20,4,3,11,7,17,0,4,4,0,0,0,0,13,27,22,51,89,81,214,241,226,255,255,44,0,0,0,15,0,20,6,2,4,26,28,11,0,0,8,0,0,2,17,8,0,179,250,255,251,255,138,7,0,35,0,7,0,0,0,0,0,0,14,0,1,0,0,17,0,0,21,18,238,255,255,254,245,162,0,26,0,6,2,1,14,3,1,0,0,0,0,3,16,0,8,0,21,10,36,185,255,255,246,244,240,27,0,5,0,0,0,5,3,22,0,0,4,0,0,0,0,5,8,0,9,70,235,255,253,255,238,234,69,0,0,26,0,0,0,8,6,0,9,3,0,0,0,0,5,0,13,1,54,238,255,240,255,231,216,22,0,0,24,0,7,0,0,0,6,15,0,0,0,0,0,0,0,0,9,53,226,244,251,255,255,248,117,8,9,0,20,0,14,12,0,3,0,4,0,0,2,0,0,0,0,0,36,157,255,242,252,246,255,205,0,0,0,7,2,0,10,0,0,0,6,0,9,0,0,0,1,15,8,39,230,255,204,250,255,255,215,43,7,10,0,0,0,0,0,15,0,0,10,0,11,0,0,19,21,11,83,195,247,253,255,255,226,229,35,0,0,0,12,20,0,10,2,0,0,1,5,0,0,3,0,0,10,62,233,253,255,255,251,248,84,6,0,30,17,0,16,0,0,4,0,0,1,0,8,11,12,13,7,0,18,172,245,248,253,235,192,67,0,0,0,0,23,2,0,11,26,0,1,11,10,0,0,0,7,0,13,0,0,219,231,247,255,198,32,0,0,0,0,13,7,0,1,0,9,0,15,14,19,0,0,0,18,1,0,0,0,141,255,235,178,100,21,12,0,6,0,0,6,19,0,0,5,0,0,0,4,18,6,19,5,10,15,14,0,61,213,240,125,5,0,4,4,2,0,23,0,0,0,0,0,0,15,6,18,0,0,5,7,17,3,4,0,3,0,0,11,8,0,0,0,8,0,0,18,0,12,0,24,7,11,24,0,18,0,0,0,0,3,0,10,0,10,8,11,0,0,21,17,4,25,0,12,0,18,0,6,16,0,9,0,0,19
0,10,0,0,0,0,0,0,0,11,3,2,0,3,10,9,0,3,0,11,0,0,0,0,0,0,0,6,0,13,11,0,0,0,0,0,6,3,4,24,15,27,0,2,3,17,4,0,25,0,1,6,14,6,26,8,9,0,3,0,0,0,2,11,5,0,5,0,0,0,9,5,0,0,0,7,0,0,0,10,13,17,0,22,0,0,0,0,30,1,0,0,6,0,5,11,0,0,12,0,0,9,0,0,0,0,0,0,18,4,12,0,0,13,20,6,0,0,24,0,0,3,8,0,41,169,255,148,226,255,255,250,195,83,0,0,0,0,3,8,4,12,0,16,0,0,15,12,10,113,124,160,255,249,255,243,251,243,231,255,255,255,14,6,20,0,7,0,7,9,11,23,4,0,4,17,157,221,237,249,218,255,244,213,255,142,140,243,250,255,33,0,0,0,15,9,0,4,0,0,13,0,6,0,255,255,224,210,119,46,0,27,0,2,196,255,255,190,6,0,0,0,10,1,0,0,34,0,2,21,0,0,69,0,3,0,0,0,0,18,27,157,250,235,168,12,11,0,5,11,8,6,1,21,18,12,8,1,11,0,21,0,0,4,0,0,18,0,191,226,255,188,0,0,0,0,0,0,10,9,4,0,14,0,9,3,0,0,9,0,0,7,0,0,34,180,255,252,156,35,0,14,15,0,0,0,19,2,0,0,18,20,7,17,15,7,0,1,10,16,0,65,221,255,255,156,1,0,0,0,14,0,3,0,6,0,0,15,0,0,0,20,8,0,0,7,0,3,1,166,245,243,73,0,4,20,0,0,19,0,23,0,2,22,9,18,0,16,6,7,6,0,0,0,0,0,223,236,226,97,0,0,0,0,7,24,11,0,0,13,0,11,0,15,0,0,17,0,10,0,0,7,68,202,238,249,84,21,9,17,38,0,5,8,6,15,0,3,0,16,0,6,0,0,0,18,4,0,0,82,234,255,245,85,0,16,19,19,7,5,18,1,6,20,0,0,0,17,13,0,0,8,0,0,2,13,102,254,255,213,33,0,0,14,0,8,1,26,23,0,11,0,0,0,0,0,0,0,0,11,7,0,0,121,246,255,219,85,0,0,12,17,2,0,15,6,9,26,19,0,0,0,13,12,0,10,2,9,28,6,59,244,255,255,54,6,18,0,0,10,0,0,0,0,0,16,19,133,237,223,4,0,0,0,4,0,3,0,177,213,253,68,10,1,5,0,0,1,13,9,5,0,80,219,229,255,214,29,6,21,3,0,8,8,0,18,248,231,219,12,0,12,0,9,6,105,100,204,242,234,247,255,168,101,0,0,7,0,0,0,15,5,11,0,255,247,229,129,86,120,209,240,222,255,241,242,255,168,81,47,0,1,0,13,0,0,0,5,0,18,8,0,90,253,248,228,255,255,255,244,255,255,153,121,31,16,0,0,2,28,7,7,0,0,5,6,0,0,10,19,3,79,123,243,255,255,228,126,109,16,0,0,1,0,0,0,0,9,0,16,6,9,0,3,0,6,0,0,6,23,4,7,0,4,0,0,24,6,0,12,0,17,7,0,15,0,0,0,7,9,0,7,16,0,0,25,0,12,0,4,0,2,0,13,0,0,9,0,0,0,18,18,0,0,19,21,0,0,0,0,0,7,0,0,1,4,0,0,0,17,12,11,0,0,27,2,9,0,3,0,12,1,0,2,0,0,32,0,0,0,7,21,0,0,2,0,0,0,22,0,16,0,0,0,39,0,0,6,0,4,9,2,1,2
14,0,0,0,0,18,16,0,5,0,4,0,0,2,11,0,0,0,3,0,0,0,0,0,11,0,0,6,0,0,17,7,20,0,0,16,0,0,0,0,0,0,0,0,18,1,0,0,0,16,0,2,5,0,0,0,21,0,0,0,0,0,0,15,11,0,0,0,0,7,0,1,19,0,3,0,1,0,7,0,0,11,0,0,2,0,0,18,0,0,0,7,14,10,0,6,4,8,0,0,4,0,9,0,0,7,0,0,0,0,23,8,5,0,2,0,12,3,12,0,0,0,35,5,0,0,5,0,15,0,7,5,0,27,0,0,2,0,13,0,0,0,0,12,6,15,0,0,46,179,145,151,232,208,255,189,44,15,1,22,2,0,0,3,0,0,0,0,0,5,2,0,0,2,65,178,226,213,194,119,135,163,97,205,255,82,14,3,0,5,4,0,1,0,0,0,0,0,2,24,8,2,85,142,53,5,0,0,28,0,0,49,233,184,15,5,0,20,0,0,0,0,10,13,5,0,2,24,7,0,3,27,10,0,9,11,10,0,12,0,170,236,20,0,10,0,0,4,0,5,21,12,0,25,0,0,11,0,5,19,1,7,0,0,19,29,11,69,254,122,2,0,8,4,0,0,0,0,0,0,0,11,5,7,0,1,0,15,0,0,2,6,0,39,123,203,205,47,40,33,7,0,16,16,0,2,0,0,0,0,2,0,0,9,0,0,14,2,29,86,180,252,255,246,230,245,249,201,35,2,0,0,4,0,0,19,0,0,0,21,7,0,0,19,10,136,238,255,199,255,183,49,8,103,190,255,224,24,0,9,4,0,0,1,0,1,7,0,4,0,19,0,102,239,250,255,250,116,0,0,16,0,1,36,196,173,0,6,2,0,5,23,0,0,0,0,3,0,0,0,47,99,102,60,12,0,0,0,0,15,4,0,104,244,119,0,0,21,0,0,3,0,6,19,0,3,0,10,0,0,0,0,11,29,6,10,0,0,6,11,21,197,168,0,11,14,3,7,0,0,1,14,0,0,0,0,3,5,0,0,11,0,0,9,3,2,0,8,19,30,255,8,0,0,21,14,8,7,0,0,32,18,11,17,14,83,12,5,11,0,0,0,4,0,28,0,0,96,226,31,0,0,0,10,0,11,0,3,0,0,16,10,118,200,0,0,0,8,15,3,4,8,9,0,53,255,93,13,0,16,0,0,3,22,11,4,0,0,9,0,222,4,0,12,0,3,0,5,9,24,10,73,209,223,9,0,10,14,0,0,0,9,8,0,4,0,13,34,225,0,0,0,21,32,0,1,9,9,132,239,184,54,0,0,1,10,0,0,0,23,4,5,0,6,10,2,179,130,26,21,0,0,14,9,38,170,252,146,18,0,0,0,0,0,18,22,0,0,5,16,5,0,0,17,67,249,93,0,7,0,36,43,242,251,94,19,3,0,0,0,0,0,0,5,7,0,0,0,27,0,0,21,0,158,255,211,146,160,236,216,168,8,0,0,6,0,26,0,3,0,0,10,0,0,18,13,1,9,5,0,0,18,59,144,191,141,78,0,0,13,0,19,0,0,8,0,0,0,14,9,10,0,1,11,2,4,0,0,0,0,0,3,4,0,3,6,2,15,5,0,8,0,26,0,7,0,7,0,3,0,0,15,0,16,1,0,0,0,11,7,25,0,0,1,7,0,0,0,21,0,0,0,0,0,4,8,0,0,0,0,0,2,5,0,0,17,0,3,0,0,3,0,10,0,0,0,9,9,4,0,19,0,0,0
6,3,12,0,13,0,0,0,4,0,0,0,2,0,5,31,0,8,9,0,22,21,4,0,24,0,0,0,0,5,5,0,6,0,0,0,0,5,0,1,29,0,3,19,0,5,0,12,9,0,0,0,0,0,0,0,2,0,27,0,28,0,0,3,25,17,0,0,0,0,0,22,22,0,0,4,6,0,0,0,0,0,24,14,0,19,0,1,0,7,0,0,0,16,0,0,14,8,0,0,28,0,0,0,0,0,0,5,2,3,1,11,0,5,0,0,0,7,0,0,19,0,0,86,211,255,255,216,73,9,0,17,3,0,0,3,1,0,0,0,0,0,0,7,0,15,0,8,9,5,76,222,255,255,230,251,247,124,0,0,0,0,0,0,0,3,12,0,0,0,0,0,0,0,7,8,0,0,212,253,159,52,120,244,242,234,32,0,1,1,0,0,0,0,0,4,5,7,0,13,20,0,1,36,0,0,234,201,0,8,7,117,239,255,108,0,0,0,0,2,0,0,2,0,0,0,36,2,5,12,0,15,0,0,233,193,0,17,0,0,184,233,113,27,5,0,14,19,4,0,0,23,0,12,0,21,0,0,2,8,0,0,129,35,0,5,8,0,192,248,97,6,0,0,5,17,0,0,1,0,1,11,0,8,0,8,0,7,0,0,0,2,5,11,0,2,77,255,108,0,0,12,10,4,6,5,10,5,4,0,2,21,4,0,9,11,20,16,15,16,1,0,4,2,88,243,126,0,7,8,14,27,0,0,16,11,0,13,2,0,7,0,0,0,0,5,0,0,10,11,4,0,217,243,111,0,0,0,10,0,0,0,1,5,0,0,7,15,0,27,0,12,1,4,22,0,4,0,27,17,206,231,121,0,0,8,6,0,0,10,0,3,0,0,6,0,12,0,19,2,1,0,0,3,0,2,12,75,255,214,0,1,0,0,6,0,14,0,2,0,0,4,0,0,3,10,0,0,0,0,30,86,69,31,12,222,247,97,9,0,8,0,9,4,0,10,3,9,1,13,13,0,0,9,3,0,37,119,226,255,221,211,189,255,201,28,21,8,0,2,3,6,0,0,4,0,0,0,0,26,2,9,0,0,133,255,221,225,235,255,255,229,193,7,0,3,0,6,0,0,0,0,0,6,0,0,0,17,15,0,0,0,229,251,84,0,9,172,254,233,219,13,12,0,13,3,0,0,15,0,13,8,24,16,5,5,0,6,0,60,250,239,24,0,98,246,255,255,231,111,0,0,23,5,0,2,2,6,0,2,6,17,0,20,30,15,4,12,253,254,94,129,237,255,112,105,248,211,20,0,10,0,7,11,0,0,0,0,0,0,0,0,14,0,17,0,163,255,226,255,255,107,0,22,187,249,112,0,0,0,9,11,3,1,11,7,8,6,13,24,0,6,20,15,134,255,254,172,61,0,19,12,72,248,190,24,21,10,17,10,0,11,0,9,0,0,0,0,0,0,19,0,21,108,72,0,11,0,29,6,22,203,255,246,18,0,0,0,19,0,0,25,9,0,0,0,15,2,12,1,0,9,11,12,0,0,7,0,12,0,29,0,15,2,4,0,0,0,25,0,1,0,0,0,0,4,0,0,0,10,14,0,0,11,0,0,0,0,18,6,15,0,0,5,0,3,0,18,0,2,0,15,0,0,21,0,0,0,0,0,31,8,0,18,7,13,5,0,0,0,0,1,6,4,0,19,3,0,0,19,0,0,14,0,1,0,10,17,3,9,4,8,11,0,31,0,0,6,9,20,0,6,0,7
16,1,0,1,3,10,1,16,14,0,0,2,0,19,4,2,0,0,0,0,0,7,0,0,0,0,0,1,7,2,2,8,0,0,0,0,19,18,0,0,13,4,16,22,16,0,5,0,3,1,2,6,6,0,11,0,0,30,0,8,0,0,0,0,21,0,9,8,18,14,0,14,3,0,23,12,7,0,6,0,0,17,0,13,13,17,0,4,12,15,19,0,11,4,1,0,4,0,18,0,0,3,2,0,0,1,0,17,28,2,0,0,0,5,9,30,0,0,6,7,0,0,5,12,6,0,5,5,0,0,0,0,9,1,0,5,0,18,28,11,8,0,0,10,0,17,0,4,17,0,5,0,0,0,0,0,8,0,16,0,0,13,0,19,0,13,0,1,0,24,17,8,0,0,9,5,5,0,0,0,138,224,205,232,183,26,3,19,0,0,12,16,16,0,0,0,4,2,20,18,15,0,0,0,4,0,74,219,182,20,0,39,250,137,7,0,0,20,0,0,0,18,0,10,0,7,0,0,0,0,4,0,0,8,141,112,17,2,0,0,180,146,0,0,22,0,14,0,16,0,18,22,14,19,7,15,0,6,8,0,0,23,9,18,5,15,0,5,193,170,19,1,0,0,24,0,0,2,0,0,1,0,7,17,4,0,8,2,0,2,0,0,0,10,11,117,224,19,0,0,8,0,0,6,0,0,15,1,21,0,4,0,5,14,0,1,19,17,0,0,14,18,11,128,200,24,0,0,2,0,5,12,9,3,0,0,17,0,3,0,1,34,15,3,0,0,0,0,5,9,15,133,201,5,0,4,3,0,24,8,0,0,5,0,0,8,0,0,10,0,0,8,11,6,0,0,14,0,17,218,120,0,0,0,1,16,0,10,0,18,27,0,0,5,18,5,11,0,0,0,26,0,17,26,11,2,52,244,80,0,14,3,1,12,0,2,9,5,0,0,0,34,0,18,5,0,0,0,3,0,14,0,0,0,158,149,33,10,0,0,4,4,13,19,1,4,0,4,0,0,11,0,1,0,0,0,2,0,0,0,4,0,204,116,0,4,4,21,0,0,0,0,0,0,0,0,35,12,0,7,13,0,0,0,8,17,0,0,7,0,201,121,0,0,0,4,17,0,0,0,0,0,0,11,0,13,0,10,10,0,17,10,0,0,5,0,18,27,224,60,0,7,0,12,5,7,16,0,22,4,14,0,0,6,0,0,11,8,18,0,0,14,0,11,0,88,45,0,0,27,30,0,0,0,0,11,0,8,12,0,9,0,1,0,15,6,18,0,0,11,28,0,0,180,96,24,19,19,21,0,23,0,0,7,0,0,17,0,33,0,0,0,9,19,0,0,17,0,7,14,5,255,35,0,0,0,0,10,0,9,4,0,0,33,3,0,0,0,5,6,9,4,7,0,0,5,0,0,76,231,19,17,19,6,0,0,0,9,0,13,0,0,0,0,9,19,0,0,12,0,1,15,3,0,0,0,193,167,52,0,0,0,0,15,0,0,0,0,0,0,6,0,5,6,3,11,0,0,0,0,0,2,0,0,226,255,70,9,4,0,16,7,0,0,1,0,21,0,0,0,4,8,4,0,0,0,2,0,10,0,0,0,182,147,17,0,0,2,5,16,3,9,0,5,0,0,0,0,5,0,12,13,0,0,22,0,10,0,2,0,0,0,1,0,0,0,16,1,0,0,0,0,2,6,7,0,9,0,1,17,13,5,5,9,0,5,15,0,0,8,19,10,0,0,4,0,0,11,0,25,0,0,0,5
0,35,0,0,0,12,0,1,0,0,0,0,9,16,0,0,0,12,27,16,10,0,21,14,1,5,0,12,2,0,0,0,6,0,15,0,7,4,0,0,0,12,19,0,9,0,0,8,20,11,1,4,1,4,0,2,0,0,0,17,12,0,0,19,25,0,0,0,0,2,0,0,0,4,5,21,0,8,10,2,10,0,0,9,14,0,6,0,0,0,0,0,13,12,0,0,7,0,11,16,0,7,0,35,0,0,13,1,0,14,14,0,2,0,0,0,0,0,2,3,0,0,0,0,0,0,194,102,2,1,0,26,0,0,0,0,0,3,1,10,16,7,8,0,0,0,0,0,9,1,3,0,1,0,135,35,0,0,5,7,0,24,3,4,0,0,0,0,0,3,0,0,0,11,0,0,9,9,0,0,0,69,255,46,0,0,3,0,5,0,3,6,7,4,0,0,0,1,0,0,0,5,0,2,7,0,22,0,8,75,249,133,0,0,0,2,11,1,0,0,0,16,0,0,0,8,10,7,21,21,0,0,0,2,3,0,0,73,250,111,22,23,0,0,0,0,0,11,8,0,0,0,21,0,5,1,8,6,16,9,5,12,0,0,2,132,250,123,4,25,11,7,7,3,0,1,0,7,6,11,3,4,0,0,2,5,0,0,8,5,0,0,9,125,246,121,21,14,0,0,0,14,15,3,9,15,0,11,0,0,1,0,30,0,0,7,13,0,2,0,0,114,240,76,0,12,0,2,6,11,5,23,15,10,1,0,0,0,0,0,0,13,1,8,11,0,0,11,0,119,255,17,0,0,11,27,0,0,0,0,0,0,0,3,0,6,0,8,9,0,0,1,6,2,7,4,14,162,249,20,0,20,0,0,0,0,9,0,16,0,25,0,0,19,3,0,23,5,0,10,6,0,0,20,8,134,255,45,15,9,6,6,0,2,0,0,0,0,4,5,17,10,0,0,1,9,1,0,0,0,0,0,10,156,223,20,16,0,9,17,9,0,0,6,0,3,2,9,0,10,0,4,0,0,0,13,13,6,17,0,0,200,203,0,0,0,0,0,5,0,0,30,6,0,4,0,0,0,0,14,0,26,17,0,3,0,0,25,41,237,142,0,13,0,23,0,1,26,5,15,14,1,0,0,9,7,0,0,0,0,18,8,0,0,0,0,31,255,119,0,0,0,0,0,0,11,0,12,0,0,7,0,12,8,9,0,0,19,8,12,8,0,0,0,0,225,125,9,0,1,7,3,15,11,19,0,18,20,0,0,0,14,8,0,12,0,10,18,0,1,0,2,68,253,113,0,0,9,0,15,0,0,0,13,0,0,20,7,0,0,0,7,10,1,0,0,1,0,26,0,118,220,13,0,0,9,17,1,0,0,0,0,8,0,5,15,0,0,0,5,0,9,10,3,0,0,4,15,114,216,2,0,0,8,3,11,21,6,0,0,0,1,26,6,0,8,0,2,0,0,0,2,12,0,4,0,110,173,0,2,0,0,0,5,4,9,0,7,0,1,0,26,0,0,0,0,13,0,0,0,0,17,8,0,0,19,0,8,9,2,0,0,21,23,0,0,1,4,20,16,14,10,22,6,7,22,0,0,1,0,0,0,9,0,0,11,0,12,0,10,0,0,0,0,2,0,0,3,19,0,0,10,0,0,0,12,7,1,0,15,4,2,0,0,3,0,0,9,0,0,1,0,0,3,0,5,2,0,0,8,0,0,2,2,0,7,0,8,0,0,13,6,23,0,2,1,0,9,0,0,0,9,0,0
0,12,11,0,0,16,0,20,3,7,13,0,28,10,0,5,0,0,0,2,0,1,13,0,0,20,3,0,20,13,0,14,13,0,10,0,12,5,32,19,12,5,0,1,0,2,9,0,0,0,9,18,0,9,1,13,0,0,20,0,0,0,0,0,7,11,5,0,0,15,7,0,0,0,3,1,0,2,0,0,12,0,8,0,0,0,4,0,11,0,0,0,3,17,0,1,0,24,0,20,10,0,0,4,8,0,1,18,7,0,0,12,0,0,19,0,0,0,0,0,6,10,0,15,0,0,0,0,2,10,0,0,0,9,0,13,0,15,27,5,1,4,0,4,0,0,0,17,0,0,0,22,47,220,240,229,216,125,0,0,14,13,5,22,7,0,0,0,10,10,17,0,12,0,8,0,0,0,0,23,188,232,243,245,242,234,175,8,0,0,0,15,7,0,17,13,4,0,0,0,11,2,0,0,12,0,14,62,255,255,110,50,84,221,231,20,3,0,0,7,0,0,0,12,0,0,20,0,0,0,0,0,2,0,3,253,239,189,15,6,12,82,250,106,5,35,3,0,23,0,10,1,11,0,0,15,0,10,0,3,0,0,120,255,242,16,0,10,0,56,250,105,9,0,0,26,0,8,6,0,0,11,20,7,3,16,6,10,3,0,172,250,158,11,30,19,4,97,255,98,0,0,17,13,0,0,0,0,0,3,0,5,0,7,13,0,0,0,200,236,57,0,0,0,38,232,253,45,0,5,2,0,0,0,0,10,29,2,0,24,19,6,10,6,0,38,236,215,31,0,26,48,244,255,223,7,0,0,0,0,17,3,11,1,0,0,22,0,0,0,0,24,0,124,255,223,19,29,0,173,247,255,92,6,14,14,5,0,14,0,4,0,0,0,8,4,5,0,0,0,0,58,255,234,164,27,170,247,246,255,70,0,17,0,0,0,17,0,13,0,0,0,15,0,0,8,0,12,0,15,171,255,249,251,255,246,172,255,255,1,0,0,22,0,0,0,5,3,0,7,0,2,0,0,0,0,0,3,75,229,243,241,229,119,32,131,249,120,3,4,6,1,10,14,9,0,13,14,0,5,9,0,0,0,0,11,5,105,255,255,34,5,0,58,255,207,0,0,0,0,9,0,9,0,9,0,0,18,20,13,0,15,0,0,0,239,249,157,0,13,12,55,255,236,27,0,9,0,0,0,21,0,0,0,3,19,33,9,5,8,4,2,0,255,254,4,0,2,0,30,255,218,19,13,0,18,0,0,0,0,0,12,23,0,0,0,2,0,13,0,25,230,252,0,0,1,18,94,255,180,0,0,0,13,6,0,13,8,13,22,0,0,0,0,0,0,2,3,113,255,255,0,0,7,182,240,229,0,19,0,0,0,0,16,0,0,17,1,0,5,0,11,0,5,0,26,106,237,244,45,51,153,234,227,33,15,0,12,1,10,1,17,14,0,0,0,0,0,0,7,0,13,0,6,32,209,246,242,255,250,183,57,0,0,0,0,0,4,12,0,2,12,0,0,0,18,6,0,7,0,20,0,0,71,237,255,214,103,0,21,0,0,0,4,9,15,0,0,0,5,0,0,0,25,0,5,2,9,19,0,0,0,5,0,16,3,0,16,0,4,14,0,8,0,0,33,10,0,16,0,1,5,31,9,0,0,0,0,9,14,5,29,0,5,0,0,3,1,0,9,11,3,0,0,0,24,0,1,0,19,22,12,27,1,2,0,0,1,0,0,2,0,0,13,10,0,0,4,0,18,41,5,6,0
0,0,12,11,24,0,3,0,0,16,0,2,5,0,0,0,15,0,0,26,0,0,11,0,0,9,0,0,6,13,3,20,22,5,8,3,0,6,7,24,0,22,30,1,13,0,16,2,0,0,2,0,14,22,23,0,3,0,18,6,0,0,13,4,22,0,0,5,10,0,0,0,0,12,10,0,0,1,14,14,14,2,12,11,0,0,0,0,0,12,0,5,0,0,3,2,10,9,0,23,0,3,0,18,9,0,1,0,13,0,6,4,0,0,5,0,14,0,0,0,0,0,0,0,12,2,0,150,136,0,2,0,20,0,6,21,0,4,13,0,16,0,0,20,0,0,24,19,11,0,0,14,0,0,127,236,247,4,0,2,0,0,0,17,0,0,0,14,3,20,0,0,6,7,0,14,0,9,0,9,0,0,226,253,218,21,0,30,4,8,0,23,0,15,4,0,0,5,0,0,24,0,13,16,0,10,12,0,1,12,208,255,213,0,0,0,0,0,0,3,5,0,0,0,0,0,0,0,8,12,0,8,13,12,16,12,0,10,225,229,255,21,5,1,0,0,0,0,0,14,7,0,0,0,10,0,16,19,1,0,2,1,19,11,0,0,233,245,205,19,13,1,0,0,0,0,0,10,0,0,0,0,17,0,0,0,0,0,0,14,0,27,14,50,243,255,123,0,0,11,35,0,0,2,0,0,0,19,0,0,0,21,0,0,15,0,0,0,0,0,0,70,255,254,69,6,5,8,8,9,2,0,6,4,0,0,0,0,0,0,10,8,21,0,5,0,0,0,0,151,247,246,56,19,0,11,13,6,3,10,0,0,0,12,11,4,0,0,0,5,19,31,3,0,10,0,0,159,237,230,26,8,1,0,0,0,0,9,0,0,2,17,11,0,0,0,0,3,0,0,0,12,0,11,4,180,255,231,1,0,3,0,0,0,0,0,20,16,0,0,0,0,9,1,5,0,2,0,19,0,8,0,19,212,255,189,3,0,1,34,30,0,0,0,0,0,0,9,0,0,8,0,13,0,0,7,0,0,6,0,25,224,244,220,0,0,0,0,0,0,0,8,0,11,0,0,6,0,19,10,0,1,14,0,7,0,4,0,1,255,227,214,11,0,0,6,15,27,11,0,7,0,0,0,0,9,0,15,7,0,0,0,0,0,5,0,24,255,242,203,0,0,0,0,0,0,4,24,0,9,0,0,4,0,10,22,5,0,0,0,0,0,10,0,24,245,246,216,13,21,1,0,16,0,18,3,16,0,11,21,0,18,1,6,22,0,0,10,12,1,0,1,8,239,241,201,0,0,0,0,0,8,18,0,0,14,0,16,14,0,7,0,1,3,0,0,0,0,0,7,30,251,247,218,4,19,0,15,37,0,9,0,12,32,0,5,8,5,2,11,0,5,3,0,3,27,0,11,0,241,240,235,0,2,6,13,4,0,0,15,0,0,11,0,0,22,0,11,13,4,0,9,4,0,0,0,0,176,255,119,7,0,0,2,0,10,0,0,3,0,0,31,0,0,7,0,0,0,0,0,7,21,0,3,1,9,13,0,1,11,8,0,0,26,0,0,30,5,9,19,3,0,17,5,9,14,4,13,0,0,0,5,26,0,0,0,0,0,9,5,0,0,20,0,0,14,9,3,4,0,0,0,0,1,5,0,0,1,0,18,0,10,13,0,9,4,0,6,10,2,0,24,1,0,2,12,0,9,0,0,3,0,0,6,0,0,0,19,0,0,6,6,0,0,0,13,0,3,0,0,24,0,7,0
0,17,0,5,13,18,0,0,23,0,19,2,1,13,0,11,0,32,0,0,0,0,0,9,0,2,6,0,0,7,7,0,0,6,3,12,5,13,9,15,12,9,0,0,13,0,18,11,0,0,9,0,29,4,0,0,0,10,35,0,5,11,3,13,0,17,0,0,16,0,2,2,0,0,0,5,0,5,0,19,0,0,0,11,0,10,0,0,0,0,0,0,5,0,0,0,0,14,0,0,2,0,4,11,12,5,1,0,0,0,5,3,6,0,0,9,0,5,0,3,4,0,14,23,7,89,61,96,255,173,18,0,0,3,10,0,24,30,0,0,0,0,0,3,0,0,8,0,3,0,1,0,77,189,255,255,249,255,132,9,8,8,0,12,4,2,5,19,13,25,6,0,0,0,6,4,5,45,61,255,255,247,255,227,237,235,253,60,16,7,0,0,0,12,3,12,1,0,0,1,0,0,0,7,115,233,236,255,227,242,174,60,15,176,255,167,0,0,0,0,0,9,0,0,4,0,0,6,0,15,5,15,216,254,243,255,155,0,0,0,9,255,247,69,0,0,7,22,0,0,7,0,6,0,0,12,0,14,15,0,203,230,255,241,169,0,10,28,36,220,228,0,21,28,3,0,11,14,0,30,0,5,0,9,12,0,20,2,98,206,255,255,250,15,25,148,217,245,165,6,22,0,1,8,0,0,6,4,0,0,0,0,9,0,6,6,38,59,223,255,255,186,44,180,238,191,0,0,2,15,0,0,2,0,0,7,0,0,31,0,0,0,4,4,0,0,90,175,255,246,200,232,255,111,0,0,19,7,0,0,9,7,0,0,0,9,6,11,30,0,0,0,0,1,0,8,150,255,255,252,186,0,1,11,21,0,6,0,10,10,7,7,2,0,0,4,0,0,0,0,0,0,9,1,0,255,247,230,154,0,29,0,5,7,10,11,4,2,0,26,7,2,0,0,0,14,7,8,0,6,0,20,205,226,237,251,239,19,7,0,0,0,16,18,0,0,0,8,11,0,1,0,0,0,13,11,0,14,0,136,243,255,239,194,241,178,0,0,0,1,0,5,0,5,17,0,0,17,9,18,3,0,0,0,13,1,113,255,254,239,29,23,211,219,54,0,0,0,0,27,22,10,6,8,11,0,0,0,0,21,12,0,7,146,246,245,255,71,1,0,115,232,199,16,0,0,0,17,0,7,5,2,8,0,0,0,17,0,0,5,84,255,255,253,80,14,0,18,5,189,237,7,19,0,0,0,20,0,22,1,10,0,0,0,0,15,0,5,124,255,252,210,63,0,0,15,0,68,239,70,2,0,0,21,14,10,29,0,0,0,0,0,3,0,0,0,7,231,235,229,255,184,209,191,190,190,244,189,7,10,25,18,0,0,12,0,6,1,0,0,15,0,0,39,4,174,242,255,237,249,248,241,246,253,231,174,0,0,8,0,0,0,0,0,14,1,0,0,31,7,8,16,5,106,255,252,255,236,255,255,245,223,154,44,0,0,1,17,0,11,0,2,0,4,3,0,31,0,0,10,0,2,14,30,9,0,4,0,10,12,20,18,7,20,12,13,0,0,26,0,0,0,1,11,10,0,0,2,9,13,0,17,7,4,0,8,0,0,0,0,3,5,0,6,18,9,0,10,13,15,0,13,0,14,0,0,0,0,0,26,5,17,7,0,18,16,0,12,10,13,0,0,0,16,1,7,7,19,24,3,0,0,0,11,2,0,8,0,0,1,12,1,30,0,3,3,0,0,0,12,3,23,1,14
13,6,12,0,2,5,20,9,0,0,21,0,10,4,0,0,0,27,0,2,12,7,0,0,0,19,0,0,12,8,0,15,3,0,0,6,2,0,0,0,0,15,0,5,13,0,19,0,0,13,17,1,4,1,0,0,0,6,0,2,0,7,0,0,0,0,0,0,3,0,0,0,0,0,0,0,1,1,4,0,0,1,0,0,0,19,4,1,5,0,4,0,23,0,1,6,0,21,23,0,22,0,24,18,16,6,14,1,19,0,1,0,5,0,12,0,0,0,9,0,23,4,0,17,0,15,0,1,26,0,14,7,0,19,0,0,12,6,4,0,0,0,0,0,0,0,3,12,1,0,0,0,15,0,173,255,107,18,8,27,3,23,11,0,0,0,14,0,0,3,0,4,0,0,0,0,0,0,0,0,8,14,244,255,119,13,0,29,14,0,0,0,0,19,0,6,6,0,6,0,11,0,0,5,0,0,18,0,10,15,245,249,105,0,0,10,0,25,8,0,30,24,0,4,8,0,13,8,5,16,18,1,11,1,0,0,0,8,249,253,100,0,11,14,18,0,3,19,0,0,16,0,10,7,0,13,11,0,1,13,0,6,0,0,23,48,243,235,108,0,4,0,0,0,0,0,16,0,0,0,3,8,17,0,24,28,7,13,24,0,0,0,0,0,232,252,91,0,11,16,1,8,10,0,13,5,3,19,0,0,0,19,0,0,16,1,0,6,1,9,0,0,232,232,99,0,9,6,1,0,0,7,10,28,0,0,14,0,0,7,10,0,14,0,0,0,11,2,0,0,241,250,110,0,0,0,14,0,4,0,0,0,0,5,6,0,0,0,4,18,0,0,18,5,0,0,5,91,255,236,92,20,0,0,11,0,1,2,7,4,5,12,0,15,18,12,0,0,0,2,0,8,0,7,0,112,253,255,20,29,7,10,0,0,0,17,1,11,0,0,0,0,0,0,0,2,0,0,0,22,0,4,0,109,255,247,0,0,6,0,10,5,0,0,0,1,5,0,15,0,0,7,12,17,1,0,0,0,3,0,12,113,249,253,0,0,0,0,0,0,0,3,0,0,9,0,0,9,0,5,0,4,0,1,0,0,7,0,7,118,255,214,3,2,14,5,0,0,0,2,0,2,17,11,0,11,0,0,13,26,9,0,7,0,22,0,0,87,254,211,4,4,4,17,0,24,9,0,0,19,0,0,0,14,5,18,0,0,26,5,0,0,11,0,0,115,247,139,0,11,5,0,0,7,0,7,5,0,15,18,4,10,17,0,4,0,12,0,8,16,8,0,6,101,255,158,0,0,5,23,0,0,13,0,10,19,0,6,0,0,0,0,18,5,3,4,0,26,0,0,9,184,255,117,0,8,0,28,0,0,7,0,0,16,1,0,9,12,18,0,27,0,0,0,0,0,9,0,0,225,255,160,0,0,3,4,0,19,9,2,3,0,0,11,0,17,2,0,4,0,0,13,18,0,3,0,13,237,238,233,11,0,0,0,9,8,0,15,0,16,0,19,0,15,17,0,0,9,0,0,5,11,0,0,3,84,253,105,0,0,4,0,2,0,0,0,0,0,0,18,0,5,0,0,10,0,9,21,0,0,21,3,0,9,0,0,0,0,0,0,0,0,0,15,19,7,7,26,6,0,14,0,0,25,0,10,0,10,0,1,0,0,3,5,0,11,10,0,18,0,0,11,0,0,10,0,0,15,6,0,0,0,18,1,0,6,1,11,8,0,15,6,2,0,0,0,19,2,0,0,1,0,7,5
0,0,3,0,0,5,4,8,8,7,0,0,6,21,0,0,9,0,7,0,16,0,0,0,14,10,0,0,30,0,4,0,6,24,6,0,0,8,0,0,0,5,6,0,0,10,0,0,0,0,0,0,0,0,0,9,0,17,3,0,0,12,3,0,35,0,0,10,0,3,3,8,0,0,0,12,0,11,0,6,2,0,0,0,5,6,0,0,8,0,20,10,3,1,0,4,0,17,0,7,4,20,2,0,24,0,0,0,0,11,1,0,2,0,0,0,0,2,0,0,0,0,9,13,61,149,159,206,255,247,196,0,16,2,14,0,0,0,0,9,0,7,0,22,2,6,14,0,0,0,142,250,254,249,237,255,236,255,252,199,0,0,0,0,4,0,0,0,0,17,0,3,7,13,0,24,10,30,222,255,255,241,251,236,149,151,154,188,0,0,3,1,23,2,12,0,13,22,14,13,3,0,0,12,3,154,243,250,221,149,22,18,0,6,5,0,17,0,3,0,2,0,11,0,0,0,18,12,0,0,31,6,0,158,252,236,25,5,9,21,1,7,5,0,34,0,1,0,0,0,0,0,0,5,19,0,4,0,0,0,3,157,255,228,147,0,0,0,2,0,44,205,138,7,13,0,0,5,0,4,0,0,3,15,0,0,13,9,0,120,255,253,254,116,8,13,25,152,227,222,54,0,0,0,0,0,1,0,3,0,0,0,0,3,0,33,0,0,31,180,245,248,127,69,239,231,250,165,0,0,0,0,2,3,0,14,14,3,0,0,4,4,4,22,9,23,4,9,192,229,255,252,246,248,148,22,14,0,0,0,21,2,2,6,8,12,0,0,0,4,0,8,0,20,36,8,25,244,252,232,255,198,35,16,2,0,0,23,11,18,0,0,21,3,0,0,17,17,8,0,5,0,0,90,213,255,255,246,250,205,29,0,0,0,0,9,6,4,0,6,0,0,5,4,0,0,17,25,7,0,53,251,255,249,253,141,228,248,127,20,4,0,1,0,2,0,9,4,0,0,25,8,0,1,0,0,0,6,86,236,252,238,160,8,57,218,239,17,0,11,2,0,0,13,14,4,0,1,3,21,19,20,0,3,0,0,130,255,242,222,29,0,10,99,240,198,13,5,0,0,19,18,8,2,0,0,18,0,5,0,2,0,0,3,205,229,250,102,15,6,0,0,200,255,40,0,6,0,0,10,0,0,0,0,0,0,11,0,0,0,4,0,197,255,239,48,0,12,0,16,170,255,145,0,0,0,0,6,0,0,0,2,34,0,0,0,0,9,14,0,112,245,255,42,40,30,0,103,254,249,171,0,15,0,14,21,1,4,25,2,0,0,14,8,18,0,0,21,56,250,233,231,225,245,245,243,255,216,18,13,1,9,0,0,0,15,0,0,0,10,16,0,0,19,0,7,7,135,245,255,255,255,226,255,211,100,0,3,0,0,9,4,5,0,0,1,18,8,14,0,10,0,0,0,4,62,36,181,253,255,221,134,8,0,1,0,0,15,0,17,1,12,0,20,0,15,19,7,0,0,0,0,0,0,11,0,3,4,4,0,21,0,0,0,0,14,13,0,0,0,0,0,2,0,6,18,0,0,7,3,33,0,0,13,0,0,23,0,3,14,0,0,0,8,0,0,0,13,3,12,0,5,0,1,13,9,0,0,0,7,0,0,0,0,15,17,0,8,15,0,1,0,0,0,2,0,9,0,0,0,0,0,1,0,0,8,0,0,2,1,0,15,6,0,9,0,4,0,0,0,0,21,6,10
5,0,3,15,9,6,0,7,11,19,0,11,0,2,0,0,0,0,0,0,0,2,0,6,0,0,1,0,33,22,0,0,0,0,0,5,13,0,7,0,2,13,0,0,16,0,0,11,27,21,0,1,10,0,4,1,1,31,12,10,12,0,11,25,0,15,23,2,8,0,0,0,11,12,0,13,0,0,12,6,1,22,0,0,8,0,3,12,22,2,0,0,19,7,6,0,0,5,0,6,4,0,0,0,0,14,4,2,5,0,0,19,0,13,2,7,0,0,9,0,10,11,0,0,0,0,0,0,14,9,9,0,0,5,0,3,0,12,22,0,0,12,0,6,6,7,0,0,0,21,5,10,0,0,0,0,0,46,156,201,233,83,6,17,6,0,13,0,3,0,0,0,0,4,0,17,11,1,2,15,8,20,0,107,210,229,238,255,181,6,12,0,0,13,31,0,0,15,11,3,0,19,10,0,10,6,0,10,44,131,244,252,247,228,212,73,4,12,0,0,4,0,0,14,0,11,14,0,2,14,0,0,0,0,0,121,255,247,255,231,145,30,12,0,0,12,16,13,6,0,0,1,0,4,5,28,0,0,0,4,0,1,0,255,255,244,255,128,0,0,9,1,0,0,0,4,0,0,8,3,0,0,14,0,0,5,0,3,17,11,32,254,240,251,70,0,4,0,0,13,0,16,0,0,0,0,7,0,0,0,9,12,7,21,1,0,9,0,76,255,255,138,0,10,0,20,11,0,21,0,0,16,0,24,0,5,11,0,7,4,12,28,7,8,12,0,100,252,240,26,0,20,0,5,0,8,0,0,10,10,3,0,0,0,7,3,4,0,27,0,11,0,10,10,141,243,170,13,0,0,7,18,0,6,0,14,0,0,0,0,0,22,0,1,0,23,22,0,0,0,0,0,72,255,250,26,1,12,0,40,13,0,0,0,3,19,0,8,0,0,0,8,0,0,0,0,2,0,0,0,33,162,229,218,46,12,13,13,7,6,8,11,0,2,8,3,21,0,7,0,0,0,17,0,0,13,0,9,0,58,227,255,241,155,11,12,0,31,4,0,0,14,6,0,6,3,19,12,9,0,0,20,0,3,17,0,0,0,81,217,240,245,168,102,8,18,17,0,6,13,5,5,0,7,0,0,0,0,6,6,15,1,1,0,0,0,3,42,92,219,225,255,82,0,9,0,1,0,0,0,0,0,15,0,0,22,0,0,0,0,0,0,0,11,2,23,0,29,73,255,193,34,0,0,0,15,0,0,27,0,0,2,0,0,6,0,7,24,0,6,0,14,3,27,1,0,230,255,205,0,15,4,9,0,18,0,0,0,2,0,8,12,0,0,23,17,0,15,6,0,0,6,0,126,255,250,88,0,26,0,3,0,6,0,17,0,1,0,5,15,26,1,5,0,3,0,11,0,23,12,138,250,254,242,18,0,1,0,0,14,0,6,3,0,0,0,4,7,0,0,0,26,0,18,14,224,201,247,253,255,220,43,0,2,9,0,5,0,0,0,0,0,0,22,7,14,0,20,0,0,12,10,3,63,210,255,240,186,12,0,0,14,15,0,8,2,0,12,15,0,11,2,0,0,0,0,0,11,0,0,0,32,2,0,6,15,13,0,0,19,0,0,0,0,0,10,0,9,0,0,0,2,0,0,0,13,1,0,0,16,0,0,0,0,0,0,0,0,24,8,4,13,0,14,4,0,0,0,0,1,19,2,6,0,4,0,0,0,7,0,0,0,0,3,8,0,7,2,0,0,9,0,0,23
0,0,10,0,0,18,0,0,6,0,16,0,1,0,9,24,7,6,5,0,0,0,0,0,5,1,0,0,0,0,0,0,0,4,0,12,0,0,0,4,17,1,0,0,0,0,0,20,0,0,0,0,11,0,0,5,0,0,11,2,0,0,11,0,25,0,6,0,11,0,0,11,0,0,4,7,13,18,11,0,2,2,3,11,7,0,0,0,0,0,0,0,0,7,0,0,4,0,0,9,7,28,0,0,7,2,2,0,2,0,0,16,0,6,22,25,0,0,21,2,0,6,0,64,171,255,255,249,247,241,117,67,3,7,0,0,8,40,2,14,19,0,0,0,0,14,0,4,0,18,198,252,255,249,255,120,83,125,254,241,115,0,0,10,0,0,3,0,0,0,0,23,0,0,4,0,7,188,253,247,255,255,197,0,0,0,135,255,255,195,9,9,0,13,0,23,20,0,0,0,0,0,0,0,66,255,255,183,157,137,69,12,4,0,1,247,247,255,81,8,0,0,0,18,2,21,0,7,3,0,2,19,177,254,255,109,16,0,14,0,0,9,12,72,255,255,249,56,7,0,0,0,0,0,0,5,0,1,11,197,255,237,250,12,0,0,0,0,0,5,4,0,139,254,255,138,0,6,0,7,16,6,10,0,0,4,9,255,255,255,55,0,0,6,0,1,0,5,1,3,82,240,255,171,0,0,3,0,4,0,0,13,0,0,202,240,255,250,0,4,41,0,0,1,9,28,0,0,0,124,255,255,16,0,16,24,0,0,0,3,0,46,255,255,252,50,0,7,19,2,0,0,0,0,0,0,15,72,255,231,129,1,0,19,0,0,0,0,9,116,254,255,137,0,4,2,12,0,16,0,0,6,13,0,0,84,237,255,137,11,0,1,9,0,9,0,2,255,251,255,65,10,0,0,0,12,0,3,0,0,0,0,5,205,255,255,71,0,0,0,0,17,0,0,2,240,244,255,0,0,0,0,18,0,2,0,6,11,0,41,119,253,238,127,0,0,0,0,0,4,0,9,0,230,255,131,0,6,17,3,0,15,0,0,21,0,0,123,255,249,186,8,0,0,0,0,0,0,4,28,0,255,241,199,9,18,7,0,0,0,0,0,21,0,140,255,255,255,64,0,0,3,0,3,11,2,2,26,9,240,255,247,16,5,0,11,0,4,0,7,9,178,249,255,255,250,0,15,7,28,4,5,0,0,6,7,0,224,255,242,132,0,5,0,0,2,21,72,251,255,255,230,177,0,11,0,8,10,0,0,0,0,0,16,0,110,255,250,216,122,0,14,55,124,186,255,255,255,255,82,20,0,13,2,11,0,2,0,14,0,0,8,0,51,207,255,234,255,255,255,255,255,226,246,249,207,0,18,18,5,5,18,0,4,29,0,0,23,0,25,0,0,0,176,255,226,255,255,240,255,245,188,0,14,0,0,0,0,5,19,13,0,15,18,18,0,0,6,0,14,0,0,68,255,255,230,255,233,77,10,0,15,8,0,8,8,3,0,0,0,0,19,18,0,15,0,0,10,18,19,0,3,0,6,6,0,2,12,9,0,0,5,0,1,0,20,0,26,0,13,13,0,0,9,21,0,0,9,0,2,1,14,0,1,0,0,0,0,3,0,3,1,13,2,13,0,4,1,0,10,0,18,0,10,0,0,16,8,0,8,23,0,0,7,0,0,0,0,14,0,3,0,0,0,0,1,4,12,6,3,21,0,0,0,19,0,20,12,9,0,0,20,20,9,23,0,0,6,10,11,0,0,0,0
0,0,0,0,0,0,0,0,0,11,7,31,0,0,9,0,0,2,0,20,0,13,0,0,18,13,0,0,7,7,8,0,2,0,0,15,26,0,3,28,5,0,11,7,0,0,2,4,9,5,0,0,0,0,0,7,4,0,5,7,0,8,7,0,0,0,7,7,0,0,24,1,28,14,0,0,0,0,13,0,13,4,0,12,15,24,0,9,0,1,19,1,0,1,22,2,17,1,0,0,20,0,0,0,21,0,7,1,0,3,15,15,17,0,0,0,13,0,0,17,13,25,0,7,81,100,98,135,255,179,63,0,16,0,0,0,10,9,17,12,0,0,2,0,5,20,0,0,0,0,17,132,224,194,185,156,180,235,243,90,14,3,3,4,11,0,0,6,0,3,0,22,9,16,3,9,0,27,48,107,0,0,0,10,8,134,255,250,0,0,0,0,15,0,0,10,0,0,0,0,16,0,0,32,7,0,0,0,22,3,21,0,7,23,232,229,46,0,0,4,0,11,0,5,5,0,0,0,0,0,15,12,0,0,12,12,0,0,0,0,0,72,255,251,50,0,14,10,10,0,6,0,11,5,9,0,0,1,0,28,31,3,0,2,1,11,16,4,0,125,255,208,0,0,14,19,20,8,6,0,10,0,21,0,8,6,23,0,12,116,174,180,198,40,31,10,65,215,240,107,0,13,0,0,0,0,5,8,0,0,27,15,0,25,8,2,49,117,131,190,249,239,146,157,231,252,232,41,3,0,0,0,0,0,0,7,15,3,2,0,18,0,6,0,1,0,5,50,192,212,255,251,238,246,37,9,0,21,0,3,13,12,4,0,24,16,5,12,0,0,14,0,0,1,18,11,23,162,232,244,249,246,133,24,0,14,0,0,21,5,11,12,18,0,4,13,0,0,9,15,0,0,19,44,248,243,255,161,157,235,255,80,5,0,3,23,27,0,11,0,0,10,0,0,2,12,0,0,0,7,82,192,253,185,57,1,0,156,255,115,11,11,0,17,0,2,0,5,19,2,0,0,0,0,0,10,23,1,255,244,176,37,0,25,13,127,242,147,7,0,0,0,1,6,0,4,14,6,3,15,1,4,0,0,0,152,248,196,0,11,13,0,0,121,255,129,10,0,8,0,4,0,20,5,0,0,14,0,0,1,0,0,13,151,238,99,0,11,1,0,12,186,255,108,4,0,3,16,0,0,0,0,0,14,8,18,30,4,0,0,33,201,240,97,19,0,23,50,107,245,218,48,5,1,2,0,0,0,0,0,7,0,0,11,0,0,0,14,20,190,255,90,0,6,21,217,251,255,60,12,13,0,9,0,10,4,0,0,0,7,0,12,6,0,0,0,0,156,248,233,129,214,229,236,253,110,29,0,18,0,0,11,0,13,0,0,5,0,8,28,22,0,9,0,0,143,239,239,247,255,248,230,89,24,0,0,0,3,0,0,0,0,27,0,0,0,11,24,0,6,2,0,33,0,87,83,169,221,106,59,17,2,0,20,1,0,0,10,8,0,13,0,0,6,0,32,22,0,4,8,24,23,0,0,4,0,19,1,4,11,0,7,0,0,0,0,0,0,2,13,0,0,0,3,17,9,10,32,6,0,0,31,0,10,0,0,0,0,8,2,0,4,13,22,12,0,15,0,6,26,1,16,0,16,23,0,0,11,9,45,4,2,18,8,10,0,0,0,0,0,7,0,9,0,5,18,6,15,4,0,7,7,0,0,0,2,0,15,22,27,24,0,16,0,3,3,2,0,0,4,0,8,8,8
4,12,0,0,1,0,0,21,0,21,0,3,9,5,0,17,12,3,8,0,13,16,0,5,4,2,13,9,4,12,0,0,0,8,27,7,0,0,0,10,0,12,0,31,21,0,3,0,6,6,1,10,9,7,0,15,0,23,0,0,2,14,21,0,0,0,10,16,3,9,0,5,15,0,0,16,0,0,6,9,12,11,6,26,0,0,0,0,0,11,0,0,0,0,0,12,25,0,0,0,14,15,0,0,1,0,6,0,10,4,1,0,0,3,7,0,0,0,0,0,5,21,21,7,0,0,23,0,0,0,8,0,9,4,20,0,0,0,9,12,0,22,13,5,0,9,0,9,2,10,0,9,11,26,6,128,234,227,102,0,6,0,10,0,4,4,7,0,13,0,2,4,0,21,0,0,0,13,0,7,12,35,255,255,255,227,136,0,1,0,6,0,0,26,2,20,0,0,0,0,21,0,17,0,26,0,0,0,103,200,255,245,111,36,12,0,0,0,7,0,0,0,14,10,17,15,0,15,7,0,3,14,0,0,4,135,248,237,180,22,5,0,0,0,8,0,0,5,9,0,0,0,2,0,17,0,12,0,0,0,13,7,149,250,243,146,5,11,9,15,1,0,26,0,23,0,0,0,8,5,0,0,10,0,27,8,9,3,9,76,255,246,78,0,0,17,0,3,141,250,82,0,4,27,2,0,0,0,0,0,2,0,0,0,0,0,83,192,254,116,13,0,0,0,0,71,255,251,113,0,8,9,0,4,6,0,0,1,9,19,0,0,0,18,226,255,167,14,0,0,15,0,44,255,246,255,75,16,0,5,5,0,0,0,0,9,0,4,2,8,0,130,255,181,26,18,9,6,8,19,215,255,243,241,8,0,6,0,20,0,0,0,9,0,0,0,0,0,0,218,235,129,0,0,9,0,103,247,253,255,251,156,16,0,3,6,0,4,5,23,0,0,0,0,7,0,13,212,246,66,20,0,0,75,255,243,255,255,252,101,2,11,5,45,3,20,0,0,0,12,11,0,3,0,15,138,255,55,31,115,172,237,244,161,211,255,193,10,0,0,0,0,0,0,12,0,14,5,0,7,11,9,0,44,229,208,255,255,241,207,53,119,246,255,63,3,10,0,0,0,0,0,0,30,0,0,0,0,7,0,0,0,30,197,227,126,73,1,0,215,255,202,0,4,0,0,3,0,13,0,0,0,17,1,7,3,13,4,0,4,5,0,2,3,0,6,26,243,255,140,0,11,1,0,18,3,0,0,8,0,0,0,2,5,0,3,0,0,5,7,0,4,0,14,81,252,234,38,3,17,0,0,16,2,0,18,4,0,0,0,10,0,0,0,3,0,14,14,2,16,0,0,129,243,145,0,7,5,0,19,0,0,0,16,0,1,4,8,5,0,14,6,0,0,0,9,4,0,0,0,147,240,30,4,0,10,0,6,6,16,0,5,9,0,4,0,6,12,12,0,1,0,0,0,0,0,0,0,90,202,24,0,14,0,0,0,6,0,0,1,0,31,0,0,13,0,18,13,0,20,0,1,12,15,2,0,44,227,158,18,10,2,12,11,3,0,0,0,0,1,0,0,5,0,0,0,0,3,5,0,0,0,3,3,0,0,6,9,13,0,0,0,0,2,2,0,1,2,0,1,0,0,0,8,0,0,0,0,0,5,0,0,17,0,0,0,0,0,17,25,0,0,0,12,0,13,0,0,0,49,20,0,18,0,0,23,0,0,0,0,0,0,0,0,7,0,0,0,0,0,0,4,4,0
14,3,0,23,0,4,0,0,0,34,4,0,18,0,18,0,19,0,0,1,0,5,22,0,29,15,16,12,8,17,11,17,10,0,0,0,0,0,0,32,0,0,7,12,0,3,0,3,0,15,7,0,18,0,4,0,0,0,0,10,0,5,19,7,0,0,22,0,0,0,0,1,10,0,0,0,4,23,12,2,0,0,11,0,0,0,8,0,0,0,2,2,0,14,1,0,14,0,24,0,0,0,0,0,0,0,0,1,0,10,14,0,0,0,0,17,7,10,12,11,41,110,122,227,255,250,255,133,84,74,0,0,0,28,9,0,12,9,0,0,11,0,1,6,8,13,0,12,214,255,248,252,255,238,248,255,255,226,65,6,2,11,0,8,8,0,7,8,0,11,0,0,6,0,9,108,216,242,239,254,240,225,255,255,251,253,227,28,28,0,0,1,7,0,0,0,0,0,12,14,18,0,7,119,235,255,237,255,255,237,255,245,252,241,255,82,0,0,19,17,6,0,0,0,0,0,0,0,19,0,1,35,231,228,173,162,53,62,115,183,243,234,253,146,0,0,7,2,0,5,0,2,0,0,7,11,0,0,6,1,58,64,0,0,0,12,13,123,255,255,225,30,0,0,7,0,1,21,0,5,0,0,0,17,4,6,15,8,0,0,0,0,4,0,112,234,255,255,243,41,11,0,11,0,14,0,18,0,10,0,0,0,20,0,9,0,11,11,0,0,0,12,217,255,245,255,80,0,0,25,0,4,0,12,13,4,0,3,7,5,0,6,0,0,0,19,18,0,14,134,212,237,247,193,31,0,0,0,0,13,18,0,0,1,5,21,9,0,1,0,2,0,0,0,0,0,18,247,255,242,255,98,0,6,2,5,0,23,0,0,0,0,0,5,1,0,11,0,0,0,0,2,12,27,239,255,254,255,121,8,3,16,0,22,11,2,10,0,11,0,14,14,11,9,0,12,0,0,0,0,33,228,255,255,236,189,4,4,10,16,7,0,0,15,4,1,5,13,0,0,14,0,0,0,2,0,0,42,210,241,249,246,188,13,19,15,0,3,0,0,0,0,0,5,0,0,0,10,13,0,4,0,0,0,0,85,243,239,246,255,55,0,0,0,23,0,73,112,122,30,2,0,20,9,14,17,0,2,0,0,7,15,120,225,242,255,241,98,9,0,0,42,104,244,239,250,255,189,6,10,4,18,7,6,0,0,0,23,12,0,216,251,255,255,239,172,183,181,202,253,255,255,255,253,196,72,0,7,4,12,0,0,3,0,0,0,28,5,220,233,255,255,246,247,245,230,255,237,254,249,247,117,56,0,0,8,2,8,0,0,23,0,21,11,3,0,230,251,247,251,255,255,248,255,245,249,171,62,7,1,0,10,5,0,2,26,0,5,0,0,21,11,0,0,199,255,255,255,252,255,243,245,230,108,0,0,35,14,4,15,9,0,22,1,5,5,0,25,2,0,0,4,170,253,255,255,255,255,160,139,0,0,19,24,2,0,0,0,0,0,0,17,0,0,0,9,8,17,0,3,0,13,0,28,19,0,16,7,0,16,0,8,3,0,8,0,12,0,19,0,3,0,0,5,18,0,5,0,0,0,0,2,0,0,12,5,0,0,0,13,13,19,0,2,0,0,21,0,0,0,0,0,0,0,0,0,0,0,4,0,0,15,8,0,10,0,0,0,0,1,0,3,0,0,0,3,12,0,9,16,0,0,3,0,0,0,0,0,0,0,7,0,3,0,1,0,0,0,0,0,0,1,4,0
0,3,16,0,2,11,2,3,6,0,0,0,6,19,0,15,0,2,0,3,9,13,3,0,0,17,9,0,5,0,15,8,15,0,1,6,24,0,7,0,0,0,0,10,15,5,8,11,22,0,0,13,0,0,5,0,6,0,10,0,0,0,8,2,0,7,0,8,21,15,0,25,0,9,0,0,10,6,5,9,9,3,0,3,7,0,13,0,0,2,0,16,0,15,0,1,0,0,0,18,8,0,0,0,0,0,0,4,2,0,0,14,0,0,0,7,2,23,13,14,22,0,5,2,9,0,10,9,0,0,3,0,0,0,0,1,24,0,0,0,2,0,0,3,14,17,14,20,0,7,199,255,255,231,142,148,77,71,45,0,6,0,0,9,0,28,0,4,0,7,0,0,0,0,28,0,3,90,255,255,244,242,241,255,255,255,221,92,0,1,7,20,0,12,18,0,3,0,0,1,17,0,12,14,0,132,248,255,234,255,255,246,239,255,254,232,41,24,0,0,0,0,0,8,0,8,0,6,0,0,0,0,5,117,245,186,18,16,95,97,132,100,195,227,113,14,0,0,0,0,5,2,0,16,1,0,20,0,19,0,15,193,252,43,0,0,1,10,0,13,1,11,14,0,0,3,12,8,4,0,0,0,5,0,0,0,0,0,22,218,171,6,8,18,0,0,23,15,1,8,0,5,6,0,0,4,0,12,3,0,1,5,7,15,0,0,7,191,165,20,16,0,0,0,0,1,0,0,8,7,0,40,25,7,0,0,3,3,0,0,0,9,2,13,0,212,152,19,0,55,33,38,59,4,2,9,0,18,6,9,5,4,0,0,0,8,0,0,0,0,5,0,3,185,255,234,238,255,255,255,255,215,143,0,0,0,0,18,0,0,6,0,0,0,13,0,0,4,0,7,0,130,248,254,255,241,255,255,255,237,246,203,44,4,0,16,1,0,0,9,0,5,2,0,0,7,0,0,14,12,165,255,229,163,60,51,71,193,215,249,228,6,10,0,7,0,11,1,0,10,13,3,12,2,0,3,0,3,2,0,0,0,24,0,4,3,11,62,223,103,25,0,2,9,0,4,0,0,15,12,0,2,6,19,0,7,0,4,0,0,6,0,0,9,9,8,67,241,2,0,7,10,0,13,11,0,7,16,0,13,16,0,0,6,13,11,0,0,0,0,25,14,0,29,115,252,3,10,0,0,0,17,0,0,0,8,12,0,1,5,18,7,4,12,0,11,7,0,17,0,4,0,187,233,10,0,0,0,0,25,0,2,0,0,8,8,0,78,219,25,0,0,27,0,4,0,0,16,24,77,241,255,16,4,0,0,5,11,18,24,13,0,15,0,0,89,252,255,167,81,86,0,0,19,95,165,238,252,255,205,0,0,0,16,3,19,0,16,18,29,0,21,6,24,230,255,255,255,255,236,233,225,255,252,255,255,209,0,0,0,9,11,0,6,6,0,22,0,0,0,5,0,6,77,153,217,244,253,240,255,255,142,43,88,19,0,0,3,9,0,0,28,14,0,0,29,17,0,0,0,0,0,17,0,12,242,211,250,116,0,16,17,0,0,6,0,13,21,0,3,10,12,0,0,17,0,0,0,6,11,0,0,1,0,0,0,0,0,4,0,0,0,0,3,0,20,2,0,0,9,0,1,8,28,13,0,0,0,16,0,0,3,0,0,0,0,0,17,1,0,15,0,0,29,0,0,0,0,0,23,0,7,7,0,0,0,18,0,4,7,15,0,7,0,4,10,14,9,0,0,10,0,0,17
0,19,18,0,15,0,7,0,25,14,28,0,3,0,8,23,0,0,16,0,0,0,1,15,0,19,1,0,0,0,5,2,7,0,0,0,6,11,2,7,0,7,0,0,0,9,0,4,0,0,21,4,0,25,0,5,0,16,0,17,2,26,0,0,4,2,0,1,0,0,0,0,0,1,3,0,0,0,0,0,2,0,17,2,0,0,0,0,13,0,0,0,0,20,9,2,12,37,7,0,0,0,6,12,0,0,16,2,0,0,5,0,4,5,19,13,1,0,0,6,0,0,0,0,12,0,21,0,21,20,18,0,0,0,0,10,0,0,0,0,2,1,17,21,0,23,0,8,10,20,0,0,27,244,232,54,0,0,10,0,0,0,1,16,6,0,11,0,0,16,5,5,0,0,0,0,12,0,3,28,205,255,250,236,88,109,86,65,0,0,7,0,5,5,8,0,0,0,0,0,0,18,0,10,13,0,3,149,255,255,255,253,253,225,248,239,209,131,44,0,1,6,8,0,0,17,0,0,17,2,1,0,0,8,126,255,246,245,250,244,248,255,255,254,255,255,221,62,12,15,0,8,0,14,1,0,0,0,0,2,0,36,242,255,255,250,255,255,252,247,250,255,184,253,255,229,31,0,0,27,14,30,20,2,0,0,0,18,0,14,244,241,248,197,12,0,16,6,0,7,0,188,246,255,219,0,6,10,0,0,9,10,0,4,0,1,7,187,233,255,243,60,25,4,14,0,0,0,24,13,237,247,212,0,0,0,0,13,3,12,0,1,13,0,104,255,248,255,70,14,9,0,2,11,0,0,0,0,230,242,226,5,0,0,11,2,2,0,12,0,0,0,201,255,242,162,5,3,0,0,0,0,3,0,0,74,243,240,203,0,0,0,0,3,0,26,0,0,14,17,193,240,241,151,0,4,1,0,13,19,1,0,0,124,248,240,159,0,8,0,0,0,0,0,0,3,16,99,255,255,198,0,4,0,10,12,0,0,5,2,82,255,255,226,28,5,0,24,0,15,0,0,0,5,0,196,255,255,90,11,1,0,0,0,0,0,15,32,247,237,240,39,0,13,0,0,0,0,16,0,10,0,85,233,255,222,15,4,0,0,11,13,0,0,43,139,253,210,42,23,0,0,0,3,22,0,0,12,33,1,113,255,255,199,0,0,0,0,15,0,0,9,199,255,250,113,4,0,0,27,0,19,8,0,0,5,8,1,110,252,245,223,19,0,11,0,15,6,46,174,253,241,168,0,0,0,0,0,18,3,6,0,10,0,4,0,112,249,255,224,0,0,0,0,0,110,255,238,255,157,0,0,21,0,20,6,18,3,0,11,0,17,12,35,71,242,237,255,69,34,94,87,171,250,255,232,122,12,0,0,11,0,0,0,17,0,0,2,0,0,0,0,3,210,245,255,255,226,237,255,255,255,227,23,1,2,1,0,30,0,1,0,1,14,11,18,0,0,1,7,2,113,254,255,255,243,255,255,235,138,40,0,0,0,22,0,0,5,0,0,6,0,7,7,2,0,8,0,12,19,106,202,255,255,255,127,117,0,0,5,22,0,0,0,2,0,9,0,12,13,7,0,0,0,11,9,0,3,0,0,17,0,6,0,0,0,22,16,0,16,0,12,5,0,6,0,0,0,1,1,0,11,0,0,0,4,17,0,9,16,5,0,0,7,4,3,0,0,0,0,0,0,3,0,14,6,12,0,0,0,28,5,9,29,0,0,0,0,0,0,17,5,0,0,30,0,0,10,0,0,0,4,0,9
0,0,0,8,0,8,0,0,3,0,9,1,0,0,12,0,0,26,5,4,4,21,0,0,5,9,15,10,10,7,20,0,0,2,0,0,0,0,0,2,8,6,0,0,0,0,6,0,9,0,1,0,28,0,21,1,5,0,3,0,7,0,11,1,1,0,8,0,0,16,12,0,0,0,6,15,0,0,30,18,23,11,0,13,0,0,0,2,8,0,21,0,1,9,0,5,0,18,10,8,0,0,3,0,30,3,8,0,1,11,0,5,0,0,13,0,10,0,0,0,0,18,2,0,112,166,0,3,2,0,0,0,0,0,0,2,9,11,16,0,0,0,0,30,0,0,0,0,12,12,0,3,200,237,7,0,12,7,15,19,2,14,11,12,0,5,19,0,0,0,5,0,11,0,13,5,8,0,10,10,214,210,24,3,6,0,0,0,0,11,0,15,0,0,8,24,0,0,0,0,13,15,8,9,2,0,11,6,236,240,0,7,5,0,28,0,0,0,0,0,0,5,0,0,0,10,0,22,0,0,8,14,0,7,0,6,169,255,83,0,0,6,6,0,0,0,6,0,6,0,2,31,7,0,0,3,0,2,0,0,0,0,0,20,117,255,120,0,0,0,11,0,10,0,19,0,0,0,0,9,0,2,19,0,5,2,12,0,8,0,10,15,46,249,191,2,0,4,0,10,0,0,8,0,16,0,0,1,5,0,0,19,13,6,0,0,0,14,11,0,26,242,196,0,12,0,0,0,4,0,0,1,0,0,4,0,0,0,10,19,0,0,0,37,0,0,0,5,29,247,224,0,11,15,0,0,0,14,0,0,10,3,0,9,0,0,0,0,0,13,0,4,4,26,10,0,0,143,255,70,0,24,31,0,0,0,23,0,0,14,18,0,16,0,0,8,24,18,23,2,0,17,0,0,0,91,255,82,5,0,0,0,0,2,8,0,0,0,0,0,5,8,0,14,0,7,0,22,0,0,0,5,11,53,242,181,7,0,2,5,0,4,6,11,0,0,7,0,0,0,17,0,2,0,0,0,9,17,11,0,0,4,217,255,68,0,0,7,4,0,0,0,17,0,2,16,0,0,0,0,17,0,0,2,14,0,0,4,0,4,92,255,135,0,5,30,7,0,0,17,0,1,25,1,2,5,0,11,0,9,3,5,5,0,4,0,0,7,0,232,252,24,0,17,0,0,13,11,0,1,0,22,0,0,0,0,27,0,0,12,2,0,0,0,0,4,0,138,252,94,18,0,21,0,3,8,0,0,4,0,0,0,0,2,0,3,5,10,8,0,5,10,5,31,17,107,255,143,0,5,11,15,10,0,1,0,2,0,0,34,0,7,6,10,0,23,19,5,0,6,0,0,0,41,255,230,2,0,15,23,0,0,0,4,0,0,15,4,0,2,0,0,0,0,0,0,22,9,4,0,0,35,209,227,0,8,0,0,3,0,1,11,0,9,3,0,0,14,0,0,0,0,0,14,5,0,0,0,0,23,255,145,6,0,4,10,5,6,20,0,0,10,3,4,4,0,1,17,0,29,0,1,0,0,9,11,0,21,0,8,0,3,2,11,0,5,0,0,1,0,0,0,0,3,18,1,0,5,2,0,7,10,0,0,0,13,20,7,1,22,13,0,9,28,20,0,0,0,0,0,0,11,10,20,0,0,24,0,12,18,1,2,1,0,0,3,1,0,0,0,0,0,0,0,0,5,0,0,0,0,31,7,18,6,6,24,0,3,0,13,0,9,0,0,0,6,6,0,0,6,0,19,4,0
0,0,7,7,4,6,5,3,0,4,17,0,13,0,15,6,0,0,0,3,11,4,6,0,0,4,0,2,5,0,4,0,7,0,11,0,6,0,8,7,10,3,18,7,0,3,15,23,3,22,11,0,0,0,0,8,3,0,0,0,0,0,0,0,0,0,6,0,0,0,0,19,0,0,0,9,0,14,0,24,2,0,4,22,0,0,0,7,3,0,0,1,5,11,0,9,0,4,0,0,9,0,1,0,0,11,0,5,0,0,3,0,4,4,2,0,0,5,11,13,8,13,3,12,12,0,0,0,0,0,0,0,0,0,0,11,10,0,0,4,0,0,0,3,0,0,15,0,4,0,14,11,0,6,11,2,94,255,147,26,1,0,2,0,4,7,10,0,0,32,0,1,0,0,2,0,2,5,3,0,0,0,19,4,255,254,234,82,12,0,0,1,0,9,14,8,10,0,16,16,0,0,0,7,0,0,14,0,5,0,0,126,252,255,255,196,8,11,20,0,0,24,0,0,8,4,0,0,6,14,0,3,0,1,12,0,0,2,21,224,255,234,253,215,0,0,6,0,0,4,0,10,0,35,0,0,14,4,0,0,11,0,0,0,0,8,81,247,233,253,252,83,0,15,0,0,17,0,4,5,1,0,28,0,0,0,23,0,8,0,6,3,0,101,204,249,240,255,211,12,0,0,0,0,0,0,0,0,6,14,0,0,1,11,31,2,5,14,7,0,0,207,255,237,239,240,227,0,1,0,0,14,3,12,20,0,24,22,6,0,0,0,3,0,4,0,0,0,94,252,248,255,255,243,86,0,11,9,6,0,0,0,7,0,8,0,10,0,3,2,0,0,0,0,0,0,98,189,255,238,221,235,38,0,0,11,0,0,0,18,0,14,22,0,3,0,0,0,23,0,0,13,5,0,67,223,245,255,238,58,0,0,12,0,0,0,4,0,0,0,14,14,3,5,1,10,8,10,3,3,0,16,77,231,255,253,217,0,5,0,24,0,0,0,0,3,0,0,0,7,0,0,3,10,3,0,0,7,11,66,250,255,234,255,154,0,0,2,0,0,6,11,0,5,10,10,0,0,0,0,0,11,0,8,21,0,0,215,241,255,237,250,15,0,0,0,0,24,0,4,0,14,0,21,11,17,2,0,16,0,18,0,2,0,154,255,248,255,238,160,0,2,10,13,8,0,4,10,5,1,10,0,0,0,0,2,0,0,0,0,0,0,181,255,240,255,255,51,0,9,10,0,6,10,5,0,5,28,1,0,11,0,0,6,0,0,6,10,0,0,226,244,255,211,179,0,0,16,11,0,0,7,0,12,0,10,0,0,0,0,0,40,0,0,4,0,0,11,194,252,255,97,118,0,0,0,13,14,0,0,4,0,14,0,8,22,0,4,0,0,0,0,5,10,0,22,126,247,243,209,129,4,15,0,3,0,6,6,19,14,0,0,24,0,0,0,5,10,6,0,0,6,0,12,10,161,247,255,120,0,0,20,5,10,13,10,0,12,2,0,0,7,5,0,0,20,0,0,0,0,15,12,0,9,108,190,76,4,3,0,11,0,10,1,0,24,5,6,0,0,1,16,0,0,23,7,0,0,0,5,8,11,0,2,23,10,0,10,12,1,13,7,0,0,21,0,12,9,0,0,13,0,1,0,22,2,0,27,0,3,0,0,13,0,0,21,0,23,20,3,0,10,13,2,0,0,19,19,0,10,0,0,15,12,25,0,3,0,1,0,11,0,0,0,0,17,27,9,0,42,0,8,0,2
0,0,5,0,0,11,0,1,0,0,0,0,0,0,11,2,0,0,23,0,12,0,0,9,0,0,0,28,0,0,0,0,2,0,0,14,0,0,0,15,0,12,0,0,5,0,0,0,4,17,0,0,2,0,0,0,1,0,2,0,19,12,14,0,0,0,16,0,2,0,17,4,0,0,2,0,0,0,0,0,0,16,13,9,10,0,0,0,7,7,0,16,1,7,0,0,20,20,19,0,0,39,17,19,0,0,0,13,0,0,8,2,6,0,1,0,0,0,0,0,0,2,212,106,0,16,0,3,2,2,0,0,6,0,4,9,0,14,0,0,0,0,0,3,0,0,3,0,0,54,247,236,43,0,4,6,0,16,0,19,0,0,0,0,3,20,0,19,13,0,0,0,0,1,0,2,15,0,223,255,127,0,14,0,2,6,0,6,0,0,6,0,0,0,6,0,0,0,0,1,4,1,0,24,1,0,64,241,255,73,0,18,3,18,0,0,0,4,14,1,0,0,5,0,0,0,13,0,6,0,0,0,13,0,1,239,255,227,7,0,0,0,0,7,0,0,26,0,17,3,3,7,8,6,0,0,0,0,0,0,5,0,6,179,242,248,81,0,0,3,2,0,5,0,0,0,4,0,0,0,2,0,0,0,2,0,6,0,0,8,11,36,255,253,162,0,0,0,2,5,14,0,6,0,6,16,0,0,16,11,22,0,21,0,0,0,19,0,11,0,193,255,217,4,1,21,0,0,8,16,0,0,0,15,0,0,29,1,13,4,0,20,6,3,0,7,0,16,174,255,235,46,4,0,0,2,16,0,0,0,11,0,0,0,0,0,0,11,0,0,8,6,13,0,14,0,85,246,243,161,0,0,1,0,0,30,0,0,0,26,0,5,1,0,8,0,0,7,0,0,19,0,0,0,0,158,255,250,116,15,0,6,12,4,0,4,0,0,20,2,0,4,0,2,0,0,15,10,0,0,1,0,5,41,255,255,159,21,0,0,10,0,0,11,18,18,0,10,0,13,0,0,18,29,10,6,10,15,7,0,3,2,250,241,178,0,6,0,0,10,11,16,0,0,0,0,5,0,0,0,17,0,5,0,0,0,7,0,16,7,125,255,241,0,11,6,0,9,0,0,0,0,3,0,5,1,0,0,0,33,12,0,0,0,0,2,0,0,41,255,255,88,0,11,4,9,0,11,0,0,2,26,0,10,18,0,4,8,0,0,8,7,20,0,0,10,31,255,249,109,0,17,0,1,23,8,5,2,0,0,0,4,0,6,0,0,0,15,0,18,0,0,19,0,18,158,255,210,0,19,0,0,25,8,0,0,0,0,0,0,4,0,1,10,13,1,0,0,1,2,6,5,0,186,233,216,26,11,0,9,15,0,15,0,4,0,11,8,24,6,0,0,0,0,17,0,0,15,0,10,0,65,236,255,56,20,0,0,0,10,2,0,0,9,0,19,0,24,2,0,0,0,0,0,0,8,9,0,20,0,162,193,33,11,2,6,15,0,9,0,0,0,6,6,1,21,11,0,6,16,4,2,0,0,18,0,0,0,3,0,1,10,29,0,5,0,23,0,11,0,0,38,5,0,0,10,12,16,0,0,4,0,0,0,2,9,1,20,2,0,8,7,0,1,25,2,14,0,7,0,0,0,0,23,0,11,0,4,2,10,7,11,0,5,0,3,3,0,20,9,0,0,0,7,32,8,0,3,0,4,0,0,14,5,20,0,0,5,0,0,0,11,0,3,11,0,15,0,0,0,0,0,0,0
10,0,12,3,21,9,9,3,33,27,0,0,17,0,15,0,0,7,1,11,0,5,2,26,2,6,0,0,6,0,0,4,4,22,12,0,0,3,0,0,0,0,0,5,18,2,4,0,0,5,19,0,0,0,6,10,0,0,8,7,19,0,0,8,0,13,17,0,25,0,14,30,0,0,0,0,0,0,0,0,0,0,13,3,16,0,0,14,0,8,0,14,19,0,0,13,0,22,1,21,0,4,0,11,0,7,25,0,4,0,0,9,6,6,0,0,0,12,0,0,7,0,20,1,0,0,16,0,13,27,98,244,255,163,11,0,0,0,0,2,0,0,3,0,0,16,17,4,13,10,6,17,0,6,1,0,94,253,255,255,215,254,136,22,0,15,0,0,0,2,11,0,30,0,1,0,4,6,0,11,0,0,0,140,233,249,249,255,252,138,100,0,0,0,0,2,0,22,0,0,11,0,14,0,0,8,0,13,0,38,205,248,255,159,135,219,230,210,42,8,0,12,5,0,33,0,5,15,0,0,18,2,13,5,0,0,8,151,235,255,131,0,0,3,148,255,202,0,0,0,0,2,0,10,0,0,0,0,23,4,2,0,0,20,123,246,255,92,13,13,9,9,27,255,255,41,10,0,14,0,8,0,11,1,18,0,16,0,0,0,16,139,255,254,62,0,8,4,0,0,0,207,255,19,6,0,23,12,0,0,14,10,8,0,0,0,0,3,135,255,222,150,3,0,0,0,5,9,46,232,251,35,0,4,4,20,0,4,6,15,0,0,4,0,0,94,255,255,150,0,5,0,0,0,2,0,112,232,174,19,0,5,14,0,0,0,0,6,1,0,2,0,60,255,255,183,29,0,0,16,0,4,16,0,200,255,49,0,0,19,0,8,0,0,0,0,17,6,0,35,206,247,251,79,16,0,11,0,18,0,5,139,255,198,0,4,0,0,0,11,0,2,0,0,0,3,11,171,255,255,74,0,0,17,4,0,12,0,151,247,246,0,13,1,16,0,10,0,3,19,0,15,4,0,143,255,238,139,0,24,19,2,20,12,0,71,243,247,93,0,13,25,0,1,6,16,0,0,1,0,0,43,224,234,185,23,0,0,0,11,4,29,110,250,253,95,0,5,1,10,19,17,14,25,0,17,0,0,0,131,247,251,85,0,0,6,0,0,37,211,251,212,48,5,0,16,0,0,1,1,8,2,15,0,19,2,39,194,246,204,0,5,37,0,0,118,255,252,248,111,14,8,0,0,0,6,7,0,0,0,2,0,0,0,17,247,235,108,7,20,80,121,202,234,249,172,91,7,0,0,0,0,23,0,10,0,0,0,0,14,2,11,6,248,255,207,147,153,255,242,237,211,90,32,0,0,0,0,0,4,2,0,12,0,8,3,0,12,0,5,15,242,240,255,240,255,255,225,154,30,16,10,0,16,5,16,0,0,2,11,0,3,5,0,9,0,7,5,0,53,215,255,252,255,149,31,0,0,7,7,18,0,0,3,0,0,0,4,0,0,0,0,8,0,3,0,23,18,1,9,0,16,0,0,16,3,0,0,31,0,8,2,4,0,17,0,0,0,0,0,0,0,0,22,3,0,0,4,2,0,7,12,9,6,0,3,12,1,33,0,2,0,0,3,29,3,0,0,20,0,0,0,1,7,0,11,0,10,0,0,0,6,0,0,5,0,0,0,9,0,10,0,10,0,25,0,0,0,6,15,24,20,8,0,9,6,0,0,4,12,0,0,10,9,0,2,4,2,0,0,27,1,0,26
0,0,10,0,0,0,14,8,1,0,0,12,0,1,0,9,11,0,18,34,24,0,1,0,0,0,0,15,4,15,3,1,0,5,0,27,30,3,0,5,18,0,0,20,16,6,0,0,6,0,21,2,0,6,2,0,6,14,0,17,7,0,0,18,8,6,6,0,0,11,0,0,15,0,0,0,18,7,6,0,14,4,0,2,0,0,0,5,2,0,0,6,0,22,10,0,25,6,5,0,0,0,20,12,0,0,8,0,10,18,0,8,6,5,14,0,1,0,7,0,0,0,1,6,3,0,0,0,10,0,0,0,8,6,0,1,14,24,8,5,11,0,0,0,18,0,0,0,0,0,15,5,0,0,7,0,5,6,3,6,0,0,18,21,10,21,2,11,4,2,14,11,0,5,0,11,84,219,255,250,253,176,71,2,0,0,0,3,3,5,0,8,28,0,27,0,0,5,7,7,1,0,12,184,255,255,192,131,113,203,255,83,25,0,0,0,6,17,0,0,0,3,4,2,0,0,0,7,0,8,108,255,224,155,0,0,4,3,143,252,94,0,0,6,3,1,24,2,0,0,3,0,0,18,19,17,0,21,221,232,20,19,14,0,0,0,13,175,223,13,0,0,0,7,0,3,0,0,12,5,10,0,15,25,14,0,204,255,102,0,9,0,11,8,4,34,224,204,8,0,4,0,6,0,5,0,6,10,0,13,2,11,5,13,82,255,220,47,0,14,7,10,8,0,102,222,5,0,0,9,0,0,4,12,5,0,0,8,4,8,0,0,13,129,240,252,85,10,0,0,41,165,64,213,109,14,16,0,0,0,7,0,0,9,9,5,0,16,21,12,14,4,74,254,255,150,60,0,44,253,146,126,255,19,0,3,6,0,19,0,0,18,0,0,0,6,14,14,0,0,0,15,162,239,250,182,127,255,177,27,225,15,21,2,0,7,0,6,4,0,12,0,0,23,22,0,25,22,3,0,7,49,190,237,248,255,244,165,243,68,15,0,0,6,0,0,18,0,0,0,20,0,13,0,0,8,0,4,9,2,0,39,49,149,255,131,242,123,8,2,6,0,0,6,0,7,0,0,5,14,4,0,0,13,7,16,0,3,13,0,15,127,255,59,217,190,0,0,8,5,16,0,0,5,0,0,0,14,0,12,10,0,0,0,0,15,0,15,0,110,253,20,184,135,18,0,0,0,0,0,24,12,10,0,15,11,6,5,27,11,15,1,0,1,8,0,15,137,255,29,171,112,10,6,14,16,0,11,6,0,24,0,0,0,4,0,14,0,5,0,0,16,0,0,0,128,255,31,242,114,0,5,4,22,0,0,0,0,0,0,9,2,18,17,2,0,0,5,1,5,0,0,5,103,216,122,255,48,7,0,0,0,0,0,0,0,3,0,0,26,0,0,0,13,13,0,20,6,0,0,2,121,255,210,254,32,1,0,0,29,0,4,3,0,0,0,12,15,4,0,6,11,0,0,0,0,0,0,4,102,231,253,231,17,0,8,9,14,0,0,0,7,11,2,0,0,0,15,0,5,0,14,5,2,0,1,7,115,255,219,46,1,3,9,14,4,24,0,0,0,1,7,23,12,0,14,10,0,0,0,4,0,9,0,14,78,221,167,0,0,10,0,1,0,1,17,0,1,0,0,0,13,16,0,17,18,10,0,9,0,0,0,0,2,9,10,0,18,2,0,6,6,10,0,19,0,0,8,0,11,0,10,0,13,0,10,10,0,0,0,15,4,0,0,0,10,1,0,0,0,8,4,17,0
0,9,1,21,0,0,13,0,0,0,0,0,1,4,0,14,8,0,1,0,15,7,0,0,18,0,11,8,0,7,1,0,4,0,0,14,0,0,9,0,35,0,0,0,0,0,0,7,0,5,0,15,0,0,0,7,9,0,0,20,4,0,0,6,0,21,8,0,0,8,0,0,0,0,0,15,0,3,31,0,0,0,0,0,0,0,2,1,0,3,6,26,0,1,0,0,4,21,0,12,0,7,13,0,0,16,0,16,10,6,0,0,15,2,1,0,1,1,0,0,0,0,3,15,1,28,8,0,4,0,0,10,13,0,11,0,0,2,0,0,11,0,14,0,0,14,8,21,4,0,8,106,222,228,251,255,59,0,0,0,15,17,0,0,0,25,16,2,0,0,3,14,0,0,1,0,7,135,214,255,255,235,255,228,255,194,0,5,12,15,4,0,10,0,0,0,7,0,0,7,16,0,16,7,50,255,241,255,245,191,178,255,246,242,185,40,0,10,0,0,0,0,15,2,0,7,6,17,0,11,4,7,191,255,158,255,255,46,0,34,122,242,255,218,116,7,0,0,0,0,0,0,24,0,0,6,5,0,0,0,216,232,137,251,200,22,6,2,3,60,237,254,101,0,6,14,15,4,0,0,6,0,0,0,0,11,7,0,0,96,255,250,139,0,0,5,0,0,104,246,253,42,0,0,4,2,0,7,8,0,0,0,1,0,0,2,0,109,250,232,53,4,0,7,4,0,0,245,255,177,8,0,17,7,0,0,0,0,0,0,9,1,21,0,113,201,255,112,11,8,0,0,7,19,0,181,255,220,0,0,3,0,0,0,0,15,0,3,0,0,7,15,192,244,228,5,10,0,20,8,0,12,0,133,234,204,44,10,12,24,0,10,0,0,3,0,0,0,0,0,187,246,212,0,1,7,16,0,12,13,14,168,249,216,54,5,0,11,0,14,21,16,2,18,3,0,15,23,224,255,38,0,0,0,18,0,0,0,0,249,250,183,17,21,0,0,0,0,0,3,0,13,0,0,14,43,239,132,0,11,0,2,15,0,0,0,6,212,249,195,3,1,0,0,0,25,0,0,1,3,16,0,11,66,250,118,10,0,11,1,3,0,19,0,92,239,232,85,0,0,19,0,0,0,0,0,0,5,4,0,0,109,255,7,0,5,0,0,19,6,0,43,255,242,126,0,0,0,5,0,0,0,11,3,1,13,0,10,1,147,212,13,0,0,2,6,7,0,28,218,255,255,60,2,1,0,0,15,0,0,0,23,0,1,3,0,0,61,246,86,0,2,0,0,0,29,185,225,255,69,15,8,4,9,0,25,0,3,14,13,0,0,4,0,13,128,242,195,30,14,0,78,100,201,255,255,175,16,8,0,0,0,0,8,10,0,8,8,2,0,0,5,0,56,255,255,219,223,171,227,240,249,233,146,38,0,0,0,10,2,4,0,0,0,0,0,0,11,1,0,0,0,217,240,255,246,230,198,231,224,85,26,0,1,0,0,0,17,0,8,2,11,11,0,3,0,27,0,0,0,5,183,255,255,180,95,120,10,0,2,0,3,0,0,8,5,0,2,0,1,0,3,0,6,19,14,0,11,5,0,1,0,21,0,16,3,9,4,9,0,0,0,2,0,0,0,12,0,12,0,0,10,18,0,10,0,0,9,0,0,0,0,6,0,0,14,15,0,0,4,18,8,3,1,0,12,10,0,19,16,23,0,0,0,35,3,9,0,0,0,0,15,0,0,0,0,14,4,8,0,5,0,0,0
7,9,9,0,0,0,13,6,22,0,0,2,9,0,0,0,0,1,4,4,6,0,6,0,0,23,5,0,0,23,7,0,0,0,7,28,3,6,0,0,0,0,11,0,0,3,0,33,9,0,0,1,0,17,13,13,0,1,0,3,0,0,0,2,0,7,0,5,0,0,0,0,0,0,0,0,3,8,0,0,0,0,11,6,16,0,7,16,0,0,20,0,14,0,0,12,7,3,2,0,0,0,0,8,0,2,0,0,18,1,0,0,0,0,14,0,0,30,1,0,8,0,6,0,0,0,17,0,0,0,0,0,28,9,1,0,0,18,0,0,2,11,16,0,0,0,0,0,0,0,8,7,0,3,0,0,7,0,0,0,0,0,0,0,0,0,0,0,0,0,13,0,13,8,3,0,127,226,254,242,210,74,3,0,8,0,0,0,6,17,0,11,12,30,1,10,0,0,0,23,0,0,0,161,226,132,19,85,225,170,0,0,3,0,10,3,0,0,7,0,0,14,14,1,30,1,0,12,2,5,20,255,43,0,14,0,124,219,7,0,26,12,10,0,8,0,7,18,4,0,0,0,0,1,17,0,0,4,6,239,28,0,0,15,13,255,88,0,7,11,0,6,1,0,0,0,2,11,0,12,2,2,8,2,17,2,33,19,16,0,0,8,30,247,95,0,0,6,0,8,16,15,0,6,1,9,0,0,0,0,0,21,4,6,0,5,0,16,17,0,22,255,93,0,0,3,0,6,22,9,0,24,25,0,8,1,0,0,0,0,3,4,18,0,0,0,9,12,124,255,44,1,9,0,0,0,0,0,11,0,3,0,0,0,1,14,0,18,0,0,27,0,1,11,0,6,139,199,17,5,0,0,7,0,17,5,0,12,10,0,0,10,24,2,5,0,4,0,0,0,3,2,0,31,228,109,2,0,0,1,4,16,0,14,0,1,6,7,16,5,0,0,0,0,0,11,11,4,3,0,12,187,242,219,198,166,55,0,0,5,0,13,0,0,0,0,0,0,3,2,0,3,0,0,11,6,0,0,6,255,231,191,204,190,249,207,27,3,11,0,8,0,0,10,0,0,3,5,0,0,0,9,0,11,0,0,0,9,16,0,0,15,12,134,197,42,18,21,0,1,0,16,0,0,16,6,0,10,0,0,10,0,11,0,23,23,16,9,18,0,0,2,125,253,32,7,0,5,0,7,13,0,2,0,15,2,28,0,0,8,14,2,0,7,0,8,0,0,19,0,1,212,120,2,0,2,25,0,15,0,0,0,2,8,0,5,8,0,0,0,11,0,0,21,13,0,0,38,0,120,252,1,0,0,0,5,2,0,0,0,0,3,0,4,5,14,17,0,4,0,0,0,0,12,1,4,0,48,249,13,2,2,14,15,0,0,24,17,0,15,0,0,0,18,0,6,0,0,9,13,22,1,1,12,0,48,252,18,0,0,0,1,0,0,0,0,17,3,1,13,0,17,0,23,0,19,27,13,7,0,0,28,20,85,239,0,0,3,12,0,23,0,0,0,0,9,0,1,27,0,0,0,0,0,0,0,0,0,1,0,0,212,144,1,0,0,9,17,0,15,11,21,7,0,0,9,0,17,4,8,2,4,8,0,9,15,5,49,141,233,52,0,17,0,4,1,0,0,0,0,11,0,4,0,0,4,1,13,4,0,11,0,0,3,0,0,12,0,0,5,0,0,15,19,7,6,5,0,0,20,3,0,0,19,0,0,12,0,5,16,0,12,0,1,0,0,0,0,12,8,9,0,6,0
0,3,0,0,16,0,7,0,1,2,0,0,0,6,8,0,6,1,21,0,19,4,0,0,15,6,0,10,0,0,0,0,5,0,5,15,7,0,0,14,0,0,2,12,1,0,0,12,0,0,20,14,20,0,8,0,0,0,9,0,0,0,7,0,0,9,5,0,0,23,14,0,0,0,0,0,0,0,4,0,0,1,0,9,2,11,0,2,0,0,1,25,17,6,0,21,0,5,0,0,0,1,9,13,9,0,0,19,0,0,0,2,0,3,0,9,0,0,17,13,9,6,0,0,14,113,193,24,7,0,0,0,0,0,3,27,4,0,0,6,0,4,17,12,23,0,10,0,0,2,0,6,32,250,247,145,12,0,6,2,0,0,7,19,0,28,9,0,13,0,18,8,0,0,3,0,19,18,7,0,22,253,255,241,88,7,0,15,0,7,12,0,2,0,6,0,13,0,1,0,0,0,0,0,18,0,0,0,120,251,254,255,89,0,0,13,0,10,22,0,4,3,18,0,2,0,0,0,15,9,12,7,2,11,0,2,144,250,247,247,79,5,12,6,13,0,5,0,0,3,0,22,6,0,6,11,0,0,0,0,0,0,0,1,123,255,255,243,90,0,15,0,9,0,16,10,0,0,0,35,1,3,0,1,4,0,8,0,0,25,3,0,145,243,255,252,107,5,0,0,2,16,0,4,0,0,0,0,1,0,0,0,10,11,13,2,0,1,0,6,232,237,255,255,95,0,9,37,0,12,11,0,3,0,4,0,0,0,0,3,11,0,5,19,16,10,0,1,242,251,243,235,75,0,0,0,11,0,0,43,0,0,0,17,7,20,5,3,0,3,0,0,0,0,0,0,239,255,255,251,0,0,0,11,0,9,10,12,0,1,23,0,11,12,0,8,18,0,0,12,1,0,0,64,254,255,255,243,14,0,4,7,0,0,0,10,0,0,0,0,0,4,0,12,3,0,0,10,9,6,0,103,255,234,255,247,0,0,0,1,5,3,0,0,3,7,0,0,0,0,0,0,0,14,0,12,0,0,0,80,255,241,246,237,7,1,4,6,10,0,0,0,0,0,0,11,0,0,0,0,7,18,2,0,14,13,0,102,255,255,243,233,0,0,7,0,7,0,0,7,6,5,5,2,0,0,0,0,3,5,0,17,0,0,0,103,253,248,252,221,0,0,2,0,0,0,28,0,3,12,0,0,10,2,0,0,0,2,2,11,0,0,0,114,233,252,240,255,0,11,6,4,0,1,1,22,8,0,20,0,0,0,0,6,16,0,21,0,0,9,0,72,248,255,247,227,0,4,0,24,0,5,0,0,0,0,0,3,0,0,0,0,0,5,0,0,0,0,22,68,246,255,244,236,4,0,0,0,11,2,19,17,0,0,12,0,4,21,6,0,1,0,0,0,13,0,0,63,245,255,252,179,4,0,5,3,6,2,7,0,0,39,6,0,0,2,22,8,0,0,12,0,10,7,0,0,195,243,49,18,0,0,0,0,0,0,14,0,0,0,12,13,0,0,14,9,0,0,0,0,0,29,12,21,29,12,0,0,21,18,0,7,7,5,24,22,4,5,0,7,7,0,7,1,0,0,0,0,0,0,0,9,16,2,25,0,17,4,16,6,0,0,0,0,0,11,0,0,1,18,1,0,5,26,13,0,4,0,0,0,0,5,0,8,0,0,0,0,1,0,3,18,0,0,11,2,2,0,0,7,0,4,11,0,0,2,0,28,2,12,0,0,0,9,0,0,12,0,12,3,0,0,18,11
28,0,22,0,8,8,6,7,18,0,13,0,8,11,3,0,0,8,0,12,0,0,0,4,0,0,17,0,2,9,2,2,4,16,0,0,4,17,1,7,0,0,0,0,16,0,2,0,1,13,0,0,7,0,0,0,5,25,8,19,14,5,0,0,0,0,7,0,14,0,17,0,12,15,21,18,27,4,0,25,0,13,3,0,0,0,6,0,2,9,0,0,10,21,17,21,4,0,0,0,0,18,195,255,191,12,0,10,0,14,0,7,0,3,2,22,0,0,5,3,0,0,19,0,0,10,0,3,72,185,238,241,255,14,0,2,0,0,11,0,0,9,0,0,0,0,0,2,0,0,0,0,19,8,0,141,248,245,249,255,255,0,13,0,0,18,0,1,0,0,0,0,0,0,0,8,5,0,0,0,0,1,186,223,255,234,255,66,0,3,4,14,0,10,10,5,0,18,0,0,7,15,0,2,0,28,11,15,0,191,247,255,255,237,0,0,0,0,12,0,10,0,2,3,0,12,3,0,19,7,0,0,0,0,0,19,196,255,254,239,162,0,0,20,0,0,5,0,7,6,0,0,0,8,6,8,0,0,3,0,17,0,7,63,255,248,255,216,55,0,2,5,0,0,0,0,0,0,0,5,4,0,15,0,10,0,1,7,0,4,0,194,253,246,255,11,2,0,0,0,16,0,0,15,0,2,4,0,0,20,0,1,14,0,0,18,0,9,128,251,232,255,60,0,7,0,9,0,1,0,7,0,3,3,0,22,18,0,0,0,1,3,0,12,0,66,255,255,247,107,0,0,0,0,9,0,0,0,0,0,0,0,6,9,0,6,10,0,0,2,0,0,0,249,250,243,249,0,0,17,0,0,4,0,0,0,0,0,0,16,20,5,15,0,0,15,1,0,0,0,14,252,255,255,75,186,255,255,255,255,0,5,0,0,7,0,9,7,0,0,14,0,0,3,4,8,0,12,55,255,255,255,254,239,255,255,249,240,171,0,0,0,0,7,17,0,5,0,10,0,0,21,0,0,0,19,120,242,255,255,230,249,255,246,181,255,245,73,0,0,2,0,2,5,0,0,0,20,2,0,0,1,1,0,122,255,249,255,249,246,202,0,189,248,255,121,22,0,3,0,10,9,0,0,3,0,3,27,18,17,3,13,135,253,253,255,254,131,5,165,255,233,240,0,0,0,8,3,0,1,1,3,5,0,6,7,0,0,29,0,0,255,239,255,255,134,232,255,255,255,64,16,13,3,0,0,1,2,0,0,5,0,1,4,1,0,26,0,0,255,235,252,234,249,255,255,243,134,15,0,0,36,0,8,0,0,0,4,0,23,0,1,0,0,15,0,0,81,252,255,255,242,247,255,67,0,0,15,29,0,0,0,15,15,0,0,15,0,0,15,1,2,0,0,0,12,56,119,243,255,194,10,0,0,0,0,11,0,4,19,0,9,0,0,0,5,0,0,0,0,13,0,21,0,0,0,0,0,3,19,10,9,0,0,2,18,0,0,0,0,4,21,13,0,13,7,11,16,2,8,0,0,10,0,0,5,14,0,11,0,2,0,8,0,0,0,15,11,0,5,0,0,0,6,5,2,27,0,9,0,0,6,10,21,0,19,0,0,0,0,0,12,9,4,0,0,0,0,0,0,0,16,0,0,0,0,28,0,8,0,9,23,6,21,5,0,10,0,2,0,0,8,10,0,19,0,0,0,1,36,1,0,7,0,5,17,0,0,4,10,10,0,0,2,20,11,0,0,2,26,13,12,3,0
0,0,6,24,0,0,0,4,6,20,0,15,0,9,22,12,4,0,0,16,25,0,4,1,11,6,0,0,4,6,0,0,0,0,14,7,0,3,0,3,12,0,0,0,0,0,0,0,26,0,0,3,0,3,0,8,0,0,5,12,0,0,0,0,0,15,8,8,0,0,0,8,4,6,13,27,0,7,0,0,0,3,0,3,0,4,0,10,5,7,0,0,0,2,0,12,0,5,0,0,0,0,0,7,1,0,0,0,1,6,0,16,5,12,14,5,11,0,0,0,0,17,15,10,7,0,7,0,5,0,0,2,2,10,1,20,0,0,0,0,0,15,0,0,8,0,15,34,13,0,3,18,3,21,5,0,0,0,0,0,5,0,0,2,7,0,0,0,2,26,0,0,0,14,0,0,5,0,1,83,214,163,16,1,5,1,10,6,7,0,13,10,0,0,0,4,19,6,0,12,0,0,0,13,12,0,89,255,248,2,0,0,0,11,60,215,184,10,0,0,7,5,0,0,0,2,15,0,0,0,0,30,0,10,197,255,194,0,12,8,24,17,186,243,97,3,0,0,5,23,6,20,0,20,6,3,5,8,13,0,0,43,255,255,123,0,5,12,0,48,250,225,1,0,10,0,0,7,24,7,27,0,0,5,10,0,0,2,27,52,241,230,31,5,6,0,0,106,255,191,13,0,4,18,0,33,4,20,5,0,17,11,8,5,4,0,0,129,250,224,0,9,0,0,71,255,248,75,10,0,11,1,33,0,4,20,7,0,5,0,14,8,0,9,13,182,238,154,5,0,3,1,41,254,242,11,1,0,0,0,4,4,3,0,0,3,4,0,0,21,0,15,0,194,255,220,15,0,6,8,141,228,210,20,13,18,0,0,0,0,8,0,16,8,0,16,0,18,0,0,0,117,242,246,170,0,3,2,144,255,223,12,0,12,0,0,18,0,0,9,0,7,0,0,37,22,27,0,2,0,200,255,240,188,200,211,255,236,152,5,21,0,0,0,0,0,2,1,0,0,7,7,14,9,0,0,3,0,56,181,243,255,255,240,244,251,41,2,22,0,15,20,9,0,20,0,6,25,0,15,0,9,21,5,0,4,0,0,35,36,71,118,249,212,9,0,27,0,10,8,28,0,5,0,1,0,0,0,0,0,0,0,0,9,0,0,9,0,0,53,255,218,4,20,3,21,0,0,27,0,0,0,15,0,0,0,0,0,5,12,2,22,3,0,19,17,0,105,242,198,6,0,5,23,8,0,13,0,9,0,0,0,0,0,0,0,3,0,0,13,0,0,11,0,9,155,255,140,12,0,8,0,0,0,0,7,15,0,0,0,0,1,5,0,19,5,10,2,0,2,14,27,24,221,255,95,8,0,6,15,0,0,2,0,0,0,6,0,5,0,11,4,0,0,0,14,7,1,12,0,27,241,239,59,0,0,0,3,0,2,0,0,0,14,12,2,19,1,0,11,6,0,5,0,0,4,0,41,93,255,247,44,0,15,10,0,0,10,0,11,4,0,3,0,9,0,0,12,0,0,3,8,0,0,0,21,174,254,224,0,0,8,7,0,0,0,0,4,8,0,8,0,0,10,0,0,0,0,0,0,0,2,11,20,78,215,68,0,13,0,0,2,0,0,0,6,0,0,5,0,0,0,1,0,0,0,12,11,13,14,0,0,15,0,0,0,8,7,7,0,0,0,6,0,0,10,4,8,0,11,0,8,0,28,12,0,0,14,0,0,6,13,0,0,7,2,0,8,7,0,0,14,0,9
0,0,0,6,9,0,10,0,0,11,0,2,0,0,0,0,0,0,0,0,10,0,0,13,0,12,0,9,13,0,0,0,0,0,0,0,12,13,0,0,1,11,0,0,3,0,2,0,9,0,1,2,13,0,11,9,0,0,1,9,0,0,6,11,0,12,0,0,9,0,0,0,0,31,0,4,0,4,11,0,0,10,0,0,5,4,0,0,14,0,4,0,22,13,6,0,15,17,7,7,0,1,24,2,0,0,0,28,0,12,2,0,0,0,29,1,0,11,5,0,8,0,0,0,50,132,255,254,250,152,93,18,1,0,0,16,0,0,9,9,0,12,0,0,14,0,0,23,0,28,21,70,182,249,251,255,249,252,230,108,10,0,0,11,0,0,22,6,0,7,25,0,0,0,24,0,12,66,231,244,227,232,247,255,229,232,252,225,51,0,2,0,0,6,0,0,0,0,12,0,5,17,0,0,0,94,245,235,255,247,250,253,245,255,255,255,178,3,24,0,0,15,0,0,15,3,0,16,10,0,0,9,0,54,237,245,247,192,79,63,86,244,255,253,255,26,0,15,0,0,28,28,0,9,0,0,4,0,0,15,7,32,84,168,132,0,1,0,35,255,254,245,255,51,0,0,18,0,12,0,0,0,0,0,0,0,0,0,9,4,0,6,0,0,0,0,32,255,251,242,251,42,0,24,0,0,18,0,5,0,0,5,25,4,0,0,27,25,0,2,7,0,0,0,115,254,255,255,177,10,0,10,3,0,12,0,0,0,10,0,0,0,0,4,5,0,0,0,8,0,7,124,223,255,255,212,34,21,12,0,0,0,15,0,15,1,8,11,0,0,0,0,9,14,16,0,0,18,79,228,247,250,243,176,0,11,3,12,0,14,10,5,0,3,16,0,0,0,0,2,11,6,0,0,8,64,254,255,255,236,227,3,0,8,0,0,10,0,0,0,3,0,0,0,0,11,9,0,11,5,11,3,89,234,255,255,253,216,68,0,0,8,15,9,0,1,7,9,0,12,0,3,0,2,0,13,0,0,17,116,231,255,255,255,255,196,21,4,0,1,0,9,7,14,0,0,12,0,0,3,0,22,22,7,16,0,83,240,250,255,247,255,255,253,227,152,10,1,2,10,0,0,0,0,0,0,2,0,0,22,2,11,37,103,255,255,255,228,239,248,254,242,235,255,80,0,15,4,0,3,0,0,0,7,0,10,0,9,0,162,255,255,255,251,255,245,246,255,246,255,242,234,48,3,0,0,10,20,0,12,9,13,1,8,6,0,21,241,255,249,248,255,255,255,247,255,255,246,255,127,6,0,23,18,9,0,10,10,0,2,0,14,0,16,156,255,255,255,237,245,255,229,244,237,154,135,123,0,0,6,0,0,0,0,17,13,0,7,0,8,16,8,115,255,255,255,255,255,196,142,45,34,0,8,6,0,20,0,13,0,0,8,0,11,11,14,0,0,0,4,20,168,255,255,148,91,24,15,11,3,3,0,0,1,0,3,1,8,0,0,14,9,0,2,0,1,9,0,23,0,3,10,0,11,1,0,0,11,1,25,0,0,12,2,3,2,0,0,0,1,0,0,13,0,3,18,0,0,12,11,0,15,5,11,0,23,0,36,0,9,4,0,8,26,0,6,0,14,1,13,8,7,0,0,5,6,0,2,0,8,0,0,0,0,11,17,13,0,0,8,0,0,0,0,0,3,0,5,0,0,0,0,0,0,6,0,0,6,6,0,7,0,0,0,0,4,0,21,0,0,25,26,0,0
0,0,0,0,26,0,20,0,0,0,7,0,0,0,16,9,10,0,10,0,5,0,1,4,0,0,1,0,15,4,0,5,2,0,5,0,0,5,2,0,13,0,0,12,11,2,6,26,0,0,21,9,14,0,1,0,7,0,26,0,0,16,1,0,0,0,0,11,8,6,0,0,0,0,0,0,4,8,2,0,0,0,12,12,0,0,0,24,0,0,0,0,4,15,0,8,0,3,12,0,0,0,0,0,5,4,0,24,0,0,26,12,7,12,8,12,15,15,0,0,0,70,103,232,247,255,254,255,245,255,197,62,1,10,0,7,11,0,7,10,1,19,23,0,22,0,10,29,115,226,252,255,226,255,246,234,255,249,255,154,24,0,0,7,7,3,0,14,0,13,0,10,4,0,25,0,209,242,255,255,247,255,247,248,255,246,255,245,30,0,0,10,0,23,13,12,0,0,7,0,15,0,0,0,230,255,255,239,227,250,249,252,251,255,249,255,129,0,1,0,4,14,0,0,6,19,0,21,0,8,0,0,178,255,250,255,255,233,254,254,255,255,255,255,166,0,18,2,0,2,5,0,0,14,0,7,15,0,0,10,33,174,182,32,32,37,163,255,253,248,255,255,118,0,13,0,0,0,0,4,33,13,15,0,0,0,0,0,10,0,6,15,44,138,224,236,255,242,255,195,25,13,3,0,15,0,0,1,0,11,0,11,3,10,0,1,4,0,0,211,255,246,246,237,255,255,255,133,3,3,0,10,2,0,19,0,0,0,1,19,7,6,17,0,25,179,251,255,248,245,255,255,255,255,245,121,0,4,0,0,0,0,0,16,0,0,0,0,13,21,3,0,13,200,246,255,248,236,255,255,243,250,253,224,91,11,11,0,6,11,0,0,0,0,0,17,11,10,5,18,15,204,255,246,244,255,243,236,255,249,249,255,227,30,2,0,0,0,2,0,0,14,0,0,0,2,3,0,6,160,255,247,255,254,228,188,224,227,255,231,254,60,0,0,3,1,0,22,32,1,0,20,0,102,41,0,2,195,255,237,220,129,5,0,95,247,255,255,255,73,0,1,0,0,3,0,11,0,4,4,207,247,250,53,0,48,187,178,37,0,0,29,201,245,255,252,255,73,0,3,8,0,3,0,10,0,21,0,199,245,242,236,47,46,45,35,36,44,137,220,247,233,255,241,254,77,2,0,8,3,0,0,0,0,0,5,41,235,235,253,233,249,255,255,240,231,255,255,255,255,255,253,225,7,6,10,0,0,0,12,6,18,19,0,8,180,253,255,235,254,235,253,251,237,250,255,241,233,249,210,24,4,12,8,0,0,20,0,9,0,2,3,11,54,255,235,255,245,247,246,246,254,255,255,255,255,255,94,4,5,0,0,14,6,0,3,0,25,0,0,9,13,74,140,185,255,253,250,255,241,255,250,255,202,72,0,0,0,1,0,12,3,14,1,5,0,0,5,0,14,0,16,25,132,121,255,253,244,239,97,105,47,0,26,5,8,4,0,22,28,0,13,0,0,0,0,19,12,0,0,0,0,39,0,0,0,0,18,0,25,0,32,17,9,3,8,13,9,0,0,0,15,13,8,2,0,0,0,14,0,0,0,2,1,0,1,0,0,0,0,0,14,0,4,0,16,0,0,13,0,0,0,0,12,0,3,15,18,0,12,0,9,6,26,9,0,10,0,4,3,0,0,6,5,0,0,0,31,14,11,10,5,0,0,0,0,0,16,0,0,0,0,0,0,0,3,0,15,5,0,0,0,23,9
18,0,0,0,2,0,4,5,12,6,2,5,13,5,0,0,0,0,7,0,0,17,15,10,0,8,0,5,0,30,2,0,9,9,11,0,9,0,0,8,0,0,12,2,0,0,5,0,8,9,14,0,12,12,0,2,0,2,0,12,0,0,0,0,7,0,0,7,21,160,105,0,0,0,19,13,0,0,10,0,0,0,5,4,10,10,17,28,14,16,0,4,29,0,0,0,213,255,229,50,0,0,3,1,1,16,7,3,25,27,0,0,0,0,17,11,0,0,4,0,0,0,26,81,255,255,255,50,5,8,3,0,0,0,25,1,0,0,25,4,10,0,0,0,17,2,30,0,7,2,76,151,248,255,213,23,0,31,13,10,0,5,0,1,5,8,0,0,2,0,0,0,7,1,30,0,4,1,158,247,196,136,70,0,11,1,0,0,0,0,0,0,10,0,5,31,5,8,0,15,11,18,22,2,0,152,255,170,20,0,0,7,0,24,0,6,17,0,0,5,0,8,5,0,20,3,9,15,10,0,3,7,114,255,210,34,0,0,0,1,9,4,0,0,0,11,3,0,0,0,6,0,6,0,0,5,0,2,0,85,249,255,135,0,0,5,8,12,0,0,0,26,3,0,18,0,7,2,3,0,0,0,4,0,0,0,8,148,254,233,33,0,9,7,23,7,0,7,0,16,67,79,79,9,32,0,8,25,12,0,0,0,0,0,27,216,255,22,0,0,3,0,0,11,13,8,41,151,255,234,255,197,29,3,0,0,5,0,0,0,8,0,193,255,236,8,15,9,4,1,10,0,10,89,238,249,255,220,244,254,128,0,0,0,0,7,21,13,4,5,255,249,136,8,0,2,0,12,18,13,80,255,234,210,201,135,209,255,124,0,0,0,0,0,0,0,0,94,240,255,115,0,30,3,0,1,4,146,255,255,97,0,27,20,255,248,127,0,0,0,0,0,8,19,2,132,255,255,16,5,15,5,0,7,102,255,239,107,0,10,0,115,255,233,52,0,15,8,13,0,0,7,14,30,244,255,55,0,0,0,0,29,225,244,189,9,0,0,114,209,229,162,5,2,7,0,8,0,0,0,1,0,233,255,216,11,8,0,5,75,255,234,54,0,59,169,251,238,198,0,20,11,0,0,12,0,1,0,6,14,243,240,255,209,149,42,10,146,252,215,16,176,231,255,255,217,65,13,0,0,0,3,3,2,3,7,8,0,46,255,248,255,249,249,173,214,254,237,255,255,255,254,157,31,8,0,0,0,0,25,0,0,0,0,0,0,19,41,162,255,247,237,255,221,254,254,255,235,155,98,11,9,10,0,0,3,0,6,21,4,0,7,1,0,4,0,14,44,115,121,144,221,255,214,111,27,0,0,0,24,0,0,1,3,0,15,0,0,0,16,0,9,0,11,11,0,6,17,10,0,0,0,8,1,19,9,29,0,0,0,13,1,0,0,2,20,7,3,0,5,0,0,0,0,0,22,23,1,0,7,0,2,18,8,4,29,0,2,0,3,0,0,0,0,0,15,0,0,0,18,14,0,0,11,19,5,0,0,9,26,1,0,18,0,0,10,0,6,2,0,2,0,0,0,16,0,22,0,1,4,0,0,15,0,5,9,0,0,20,0,0,0,32,8,1,1,0,0,0,18,17,0,14,0,2,0,7,0,0,0,0,0,0,0,6,18,0,5,0,0,0,2,0,0,0,0,9,0,20,0,0,8,0,0,14,0,0,3,0,0,3,4,0,0,0,0,6,25,12,0,0,6,18,0
0,0,7,0,7,0,0,0,7,13,16,2,0,0,0,7,0,0,0,0,0,15,0,0,6,12,7,0,0,4,5,8,0,0,13,8,0,0,0,0,12,2,21,0,11,0,0,1,0,0,0,0,2,0,0,0,0,24,16,0,12,0,0,0,0,9,2,9,0,1,0,21,14,0,8,0,0,7,22,14,12,0,0,0,0,1,0,0,1,5,0,13,0,0,13,0,0,0,15,0,0,31,0,0,8,16,0,1,5,1,13,0,0,0,0,8,3,4,0,10,0,0,0,0,0,0,0,0,1,87,163,0,0,0,0,0,0,0,0,0,0,18,3,0,10,0,9,18,0,0,8,0,0,0,8,33,0,77,134,7,0,15,0,0,0,0,14,6,0,13,0,0,13,0,0,6,4,0,0,2,0,30,5,0,0,195,249,151,0,0,0,0,2,0,0,0,6,0,7,0,0,0,7,0,7,0,10,0,0,0,0,0,15,238,247,86,1,11,0,0,8,14,0,0,0,10,0,12,14,0,0,0,15,0,0,4,0,0,4,3,130,250,231,15,17,0,6,0,13,29,0,21,0,2,4,0,2,17,10,0,2,16,0,0,0,0,7,50,248,243,158,14,29,3,0,0,0,7,0,2,0,25,8,12,10,0,22,17,7,9,0,0,0,30,14,133,255,247,67,0,0,0,23,0,0,7,6,0,0,20,0,0,16,10,0,0,3,0,0,5,9,0,88,223,255,178,0,0,0,0,0,0,0,8,0,8,0,1,15,4,12,0,2,0,0,0,0,23,0,14,197,255,232,0,24,0,6,0,15,8,0,1,15,0,8,6,0,0,0,0,2,25,0,0,0,0,0,126,255,249,111,16,0,0,15,0,0,0,0,8,0,6,0,0,9,0,0,0,0,0,11,10,0,5,0,255,255,189,9,0,0,22,2,0,0,14,0,0,18,0,0,20,0,5,21,0,0,0,0,0,0,20,141,255,255,65,9,20,2,0,0,0,2,10,0,0,1,13,0,0,0,0,0,0,0,0,0,21,15,36,248,255,140,0,0,0,6,5,0,29,0,0,11,0,0,0,0,5,0,7,5,0,6,0,0,16,0,93,255,219,25,0,17,6,26,0,0,14,0,12,15,12,0,22,0,0,4,6,7,0,11,0,29,0,7,173,255,134,22,6,4,7,5,0,0,17,6,21,0,0,0,11,13,12,5,0,9,0,0,10,0,14,61,253,255,70,21,7,8,0,0,15,0,0,0,18,0,0,0,0,15,0,0,0,19,14,0,19,0,11,180,245,239,16,0,3,0,5,0,7,0,2,15,0,0,6,0,0,21,4,0,8,11,0,7,0,24,0,191,249,124,0,8,0,0,0,0,0,0,8,5,0,2,0,12,17,9,0,4,0,3,0,16,29,13,20,251,254,220,0,0,0,0,0,7,0,6,0,0,0,0,5,0,0,0,0,7,0,0,0,0,0,0,0,173,255,182,7,6,10,0,4,10,3,8,12,0,0,0,0,0,3,1,27,16,35,0,29,0,0,0,0,17,6,0,10,20,0,16,0,15,0,0,0,16,12,0,0,10,0,13,28,0,1,14,0,0,10,0,0,8,5,0,0,6,27,0,9,0,0,0,9,0,0,0,10,1,0,12,1,12,0,0,8,11,9,0,17,0,0,13,0,6,23,1,3,13,0,0,5,0,0,0,9,14,0,0,11,2,3,0,4,17,0,5,1,0,4,14,11,0,4,0,15,12,3,1,4,0,7,3,9,0,0
16,0,0,4,23,3,0,0,0,11,0,0,0,0,0,0,0,0,19,17,9,0,4,0,0,16,23,0,0,0,13,3,3,0,0,0,1,0,12,0,4,0,0,0,0,14,0,0,23,22,13,2,10,0,0,11,0,0,0,13,15,12,0,0,23,0,0,6,11,0,0,0,0,0,0,26,0,22,19,5,13,0,0,4,0,0,0,0,1,5,5,8,0,0,4,0,0,0,1,0,0,0,34,11,17,0,10,0,0,15,0,0,10,9,20,0,4,1,0,2,13,0,0,0,4,0,0,7,12,2,9,0,9,16,17,3,0,26,3,0,29,0,0,27,8,31,0,1,1,0,0,0,0,3,136,226,45,7,10,5,0,0,10,17,0,1,0,0,0,15,0,6,0,7,0,0,0,0,0,2,0,0,228,228,36,0,22,17,0,4,0,0,7,0,0,0,0,0,0,0,0,0,17,0,40,19,0,14,0,0,232,99,5,7,0,0,0,8,0,17,15,0,0,0,0,19,0,0,0,20,0,4,0,6,14,0,10,85,255,55,0,4,0,0,6,17,2,8,0,14,18,0,6,0,16,0,0,0,10,19,15,10,3,0,11,158,255,65,3,12,0,0,0,18,9,21,0,0,0,14,0,12,9,0,0,0,0,19,0,0,0,14,3,129,255,81,0,20,3,4,3,13,6,1,13,30,3,25,0,0,8,2,0,18,0,21,0,30,8,7,11,115,255,92,0,0,0,0,0,0,0,5,0,4,8,0,33,0,0,0,0,0,3,13,0,1,0,0,0,142,243,65,0,0,4,0,13,6,0,22,12,0,5,0,8,11,19,0,0,0,0,0,1,0,8,0,0,149,255,95,0,13,0,0,0,12,5,0,0,0,0,0,2,0,24,0,0,2,2,0,5,20,0,5,0,141,255,65,0,12,0,0,24,0,0,6,24,0,11,2,0,2,10,12,5,6,0,0,0,7,3,13,0,63,255,78,18,19,0,0,6,17,0,16,11,0,0,20,14,24,0,0,27,0,0,2,0,17,4,2,14,39,252,155,0,5,0,11,0,7,0,2,0,11,0,0,11,0,11,13,0,5,0,18,33,13,0,0,2,0,244,172,0,25,9,0,0,0,0,0,0,20,33,6,1,0,39,0,6,0,0,16,13,0,0,0,9,1,239,169,0,6,0,0,22,0,3,10,13,0,4,21,8,0,11,0,0,9,0,0,22,17,0,0,16,9,221,169,0,2,0,4,16,0,7,0,6,3,4,0,0,0,16,0,15,0,0,0,16,15,7,0,0,0,227,164,4,29,0,0,3,0,0,1,3,21,0,1,6,0,0,0,10,10,0,0,0,13,19,0,0,12,218,255,10,28,0,0,18,13,0,0,7,3,1,0,0,9,0,0,9,8,12,0,19,0,10,0,7,0,183,227,0,0,7,0,8,10,12,0,0,20,7,0,0,13,0,18,0,6,13,0,13,6,14,25,0,0,150,255,43,0,0,31,0,0,8,0,19,7,2,0,19,0,0,22,14,23,0,0,8,28,5,12,14,1,27,240,84,0,0,0,0,0,0,11,0,7,0,0,0,0,11,29,0,4,13,13,8,0,4,0,0,4,8,11,0,17,13,0,0,8,0,5,0,3,0,0,0,0,2,0,14,0,7,1,0,0,10,6,11,0,3,0,0,0,0,0,0,9,10,3,1,0,24,0,28,0,8,0,0,20,0,0,0,0,36,7,23,0,0,0,0,0,0,7,0,10,0,0,0,10,0,0
0,17,18,8,10,16,7,2,4,10,7,0,26,19,11,14,1,0,0,34,0,0,3,0,2,3,0,0,0,0,9,14,0,10,9,0,1,0,0,0,21,0,0,0,7,5,0,0,0,18,0,14,4,0,0,1,0,0,8,0,0,18,0,0,0,12,18,17,0,0,0,0,0,7,0,13,0,9,0,0,12,0,13,12,10,0,0,3,0,0,0,0,6,11,8,0,3,34,15,12,0,0,4,5,0,4,17,0,0,22,0,0,0,10,0,4,0,4,11,0,1,0,13,0,15,0,3,11,32,249,31,9,0,0,0,0,0,5,0,0,0,0,0,3,15,28,0,4,4,0,0,2,18,2,0,0,74,255,91,0,16,0,8,10,1,0,12,4,7,38,0,1,0,1,0,0,2,0,0,0,0,0,4,0,89,255,74,11,7,0,7,0,7,0,8,9,2,0,0,9,13,15,0,0,0,0,0,14,0,0,0,3,243,203,8,8,0,0,20,0,11,10,12,0,13,0,20,0,0,7,0,10,3,0,6,15,0,0,0,95,249,215,9,0,0,0,3,0,14,6,14,0,0,0,13,13,9,0,0,14,3,0,5,0,0,16,18,182,249,139,20,0,0,0,6,0,19,24,5,0,10,5,0,0,0,0,6,8,10,7,15,17,1,0,37,233,231,0,13,8,16,0,9,9,0,0,0,0,11,7,9,15,25,6,0,0,20,0,2,0,0,2,174,255,169,15,0,0,6,0,0,8,0,0,0,0,0,0,8,0,0,0,0,1,0,0,27,0,12,15,138,255,74,0,0,0,0,0,0,0,0,0,0,0,0,0,12,14,0,11,0,5,0,10,0,0,0,10,221,236,2,14,11,0,0,0,0,0,0,0,1,0,1,7,31,0,2,0,7,3,0,0,15,0,0,106,255,151,0,0,0,16,0,0,1,10,1,0,24,0,20,0,0,3,3,0,2,6,18,3,11,12,0,205,244,93,0,0,0,8,0,0,0,0,0,0,4,0,0,15,3,1,11,0,0,0,5,0,13,0,37,251,220,0,0,19,24,4,10,0,0,0,0,0,5,5,0,0,0,0,0,0,12,0,9,0,0,0,111,255,129,0,9,2,24,13,35,0,8,0,0,0,0,30,0,0,28,17,0,0,4,0,11,0,2,16,208,244,96,0,2,12,5,0,15,19,0,8,0,0,0,0,0,4,0,9,18,10,0,4,11,16,0,0,194,243,136,0,0,10,0,11,0,0,0,4,11,3,0,4,25,4,0,1,0,0,0,7,10,0,12,0,212,246,129,0,9,0,0,2,22,0,14,0,5,1,0,0,0,0,1,0,0,0,18,13,13,10,0,58,243,250,95,0,24,10,1,0,11,0,0,15,23,0,2,13,0,8,8,0,1,0,4,11,0,0,5,133,243,202,0,10,0,13,0,6,0,0,0,0,0,5,21,11,16,0,0,0,16,0,2,0,16,2,0,104,228,67,4,0,0,0,0,3,0,0,0,0,0,8,6,19,4,18,6,0,0,0,9,0,0,0,8,7,0,5,4,8,2,14,0,0,0,8,22,11,0,0,4,0,0,0,44,0,0,0,0,0,6,0,18,0,0,12,2,0,0,0,0,0,11,0,2,0,0,1,0,0,1,0,0,1,0,0,18,0,0,0,8,0,0,1,0,0,0,0,0,0,0,0,0,0,0,14,3,0,0,0,0,7,11,9,0,0,0,3,9,0,0,1,0,10,0,0,2,0,13,0,6,16,0,0,0,5
4,0,0,0,12,13,0,4,0,0,0,1,4,0,0,20,19,10,0,0,6,4,0,0,0,6,0,0,0,1,0,2,0,9,0,0,0,10,12,16,10,0,28,0,5,9,0,0,9,17,0,0,3,0,2,0,14,0,12,9,0,9,0,14,7,0,6,0,0,0,0,0,13,11,0,6,0,1,0,0,0,0,13,21,0,15,0,0,9,0,0,0,0,15,0,0,16,20,4,10,0,0,17,0,0,19,0,0,0,1,13,0,0,13,0,0,11,0,0,0,0,0,0,13,25,13,13,0,13,0,0,0,0,17,17,28,0,17,0,0,0,3,6,8,2,6,0,5,128,255,249,246,255,238,141,0,0,0,0,0,13,7,2,0,0,13,10,0,15,3,18,0,0,0,0,68,255,146,54,65,91,167,245,133,0,4,0,11,0,7,16,0,19,10,0,2,0,0,19,0,7,0,0,85,170,0,0,0,2,0,181,251,126,0,13,3,0,7,0,0,0,0,23,11,0,0,0,2,0,3,24,0,22,21,0,7,0,0,101,254,147,8,1,0,7,0,4,6,23,4,0,0,12,0,0,0,2,1,0,9,10,0,0,0,1,9,114,255,99,0,0,0,3,0,0,0,0,11,0,7,0,0,0,14,41,0,12,21,0,0,15,9,0,0,170,228,56,3,0,12,0,20,21,19,7,12,0,15,2,7,0,3,8,0,0,13,0,0,15,11,0,154,221,158,5,0,0,14,6,13,0,18,14,13,11,0,0,0,0,0,0,7,5,16,8,0,11,10,196,244,214,19,9,0,8,0,13,13,0,0,5,2,0,0,0,0,0,0,8,0,10,12,21,5,28,208,247,235,255,209,198,124,4,2,0,17,0,0,2,3,12,6,0,0,0,0,2,0,0,0,26,0,129,241,253,200,130,128,206,255,215,21,0,0,0,0,0,0,0,0,0,0,7,0,27,14,0,13,21,0,58,136,31,22,0,9,14,102,255,57,6,19,8,0,1,10,2,5,14,0,15,14,16,0,23,18,0,0,5,0,0,0,0,0,8,7,225,235,0,34,9,0,0,9,4,19,2,16,8,4,4,0,0,0,3,39,26,0,18,24,19,0,0,16,227,249,13,0,0,0,10,22,0,0,0,0,0,0,21,16,0,0,0,4,0,0,0,9,0,0,20,6,251,255,10,22,4,0,3,0,33,0,25,8,0,0,6,10,12,13,0,0,0,0,0,15,7,1,4,39,226,209,9,0,9,0,5,0,0,0,8,3,10,0,1,0,0,5,0,18,10,0,0,0,0,0,54,255,249,70,10,4,0,3,0,0,0,0,11,0,23,8,7,20,14,0,7,0,0,0,0,0,12,118,221,248,53,0,0,0,0,0,15,0,8,9,6,24,14,0,19,2,6,7,22,14,2,0,16,93,226,251,214,79,0,0,0,0,14,3,1,0,16,0,0,0,0,4,10,0,3,8,22,0,18,15,228,255,216,147,35,0,6,0,0,0,0,5,5,26,8,0,0,0,0,23,0,10,1,10,0,0,0,189,255,114,4,10,0,0,0,9,8,19,0,0,0,0,0,13,0,8,12,10,5,0,17,0,0,0,0,12,0,6,10,4,19,0,5,10,0,0,14,15,0,0,0,0,28,28,27,0,8,16,12,0,0,0,8,8,0,16,0,10,0,0,12,0,0,6,5,3,15,0,0,3,8,0,4,6,0,0,0,10,0,5,0,12,0,0,0,0,0,12,0,13,10,6,7,20,7,0,2,3
0,0,0,0,0,0,2,2,11,0,14,12,0,3,8,9,0,0,6,0,9,0,0,21,0,0,0,0,0,3,0,0,0,10,0,2,0,0,10,19,16,0,7,3,0,2,0,0,24,14,3,0,1,9,7,5,5,0,0,0,0,0,7,0,5,7,0,13,6,3,0,0,0,0,2,9,12,0,6,8,0,0,1,8,0,0,0,0,16,0,14,0,0,0,12,5,37,6,0,9,0,9,0,8,20,7,15,0,9,20,0,0,0,1,12,0,0,0,0,0,0,9,0,0,0,22,0,0,0,0,0,0,0,27,14,4,3,0,30,32,0,16,12,0,0,2,0,23,11,0,0,0,11,11,0,9,6,0,25,0,0,0,0,1,8,22,26,0,8,0,6,5,6,0,0,0,0,2,14,7,32,149,255,255,247,203,110,13,20,10,0,0,0,5,0,5,11,0,7,0,4,0,14,0,16,0,0,141,243,254,252,255,255,223,255,122,7,12,0,0,0,2,4,4,9,0,0,0,0,6,15,33,4,22,143,253,235,251,255,200,201,247,225,146,24,5,3,8,0,8,7,28,12,0,0,21,0,29,0,16,100,244,234,255,253,217,55,30,21,78,244,240,5,2,0,19,18,0,0,0,23,11,0,5,2,8,8,45,225,239,228,239,89,13,0,0,7,1,176,237,35,26,28,0,0,7,11,4,8,0,25,0,0,0,0,202,252,255,255,89,10,24,0,10,39,57,53,107,0,0,3,0,0,4,0,0,21,29,0,0,10,31,6,195,236,249,244,171,148,200,166,213,251,247,1,2,14,0,0,33,28,0,22,7,26,0,1,20,0,0,17,187,234,244,250,255,237,250,255,255,241,255,23,21,25,3,7,25,0,16,0,10,0,14,0,20,0,0,4,21,189,255,255,241,255,223,255,250,240,242,32,0,0,24,0,0,24,1,0,0,0,5,0,0,0,8,0,1,16,13,130,125,35,36,106,255,255,252,39,2,0,4,0,8,0,22,0,9,5,0,0,0,3,14,0,27,0,0,0,2,0,0,145,253,255,199,0,0,0,0,0,0,0,4,0,0,8,0,11,0,0,9,7,2,6,0,0,18,0,0,255,250,255,156,0,8,3,12,0,22,8,2,7,0,0,0,6,0,4,20,12,5,0,0,0,13,21,15,246,242,255,69,0,0,20,1,0,9,0,0,0,8,0,9,0,0,0,11,0,8,4,0,0,0,7,0,255,242,250,25,11,2,6,1,0,2,23,18,0,0,6,0,9,14,0,1,14,5,0,0,0,0,7,129,255,255,164,8,0,8,15,4,0,0,0,19,7,7,0,0,0,0,0,0,1,3,1,21,0,0,0,124,255,248,192,0,5,0,5,0,0,2,5,0,18,0,1,0,6,0,4,0,0,0,22,8,0,0,0,80,255,245,189,0,6,0,0,15,0,2,12,5,0,0,17,0,0,13,2,0,0,17,8,0,0,15,6,0,255,255,229,82,0,30,0,0,0,9,0,21,0,0,2,3,9,8,10,0,0,15,8,0,0,20,19,0,168,240,255,234,210,218,81,3,12,13,12,0,5,0,7,17,12,0,0,18,0,4,0,4,25,0,0,18,10,93,230,227,251,192,0,31,16,20,0,3,0,0,4,4,10,0,3,0,0,0,0,0,0,0,6,0,19,2,0,3,5,16,0,11,10,0,2,0,0,10,0,6,0,0,0,0,0,10,0,0,0,6,0,0,0,0,9,7,0,0,19,9,23,13,0,2,5,0
23,2,0,6,0,2,0,0,10,0,13,0,3,7,25,16,0,0,0,7,17,14,15,3,4,0,0,0,2,6,1,13,0,1,0,22,29,0,4,0,7,8,0,4,20,0,1,0,0,1,3,0,0,0,17,1,11,18,10,0,0,0,0,8,1,0,0,14,5,0,2,5,23,0,6,18,5,9,0,3,2,0,0,0,15,0,11,8,0,15,23,5,0,4,6,0,8,0,0,5,0,0,0,0,13,0,0,17,0,0,0,0,2,0,4,0,0,0,5,0,0,2,17,3,0,0,16,8,6,16,0,28,0,13,0,0,29,21,17,23,5,0,0,13,1,2,13,0,149,203,134,106,69,11,24,78,157,4,13,0,0,7,21,22,0,0,0,15,0,0,9,0,0,0,9,63,233,254,255,246,221,228,238,255,255,66,7,0,0,6,12,0,14,0,0,3,0,0,0,5,8,16,0,0,154,255,228,169,187,224,172,185,120,32,5,0,0,0,0,0,0,0,14,0,4,0,0,3,0,0,0,20,53,255,186,6,7,14,10,21,5,0,9,0,16,0,4,0,11,0,6,4,16,0,0,6,14,0,0,6,101,250,207,1,2,0,10,5,4,0,24,3,0,0,13,0,16,13,0,0,0,0,0,4,8,0,5,16,46,248,211,18,77,107,119,54,0,0,0,0,0,4,1,4,0,0,0,0,0,0,7,0,0,0,0,0,130,242,221,232,255,255,236,244,123,35,3,0,0,0,3,12,0,0,0,5,22,16,12,19,11,11,2,0,199,255,224,247,240,147,118,201,248,255,101,0,8,0,0,5,10,0,16,17,8,0,11,2,0,5,0,6,201,244,255,106,21,0,22,36,59,236,231,56,0,0,0,0,0,0,5,0,25,4,0,12,7,4,10,0,169,255,95,12,3,10,13,0,0,87,255,233,4,17,0,22,2,0,0,10,11,6,0,0,6,4,0,12,11,75,17,23,33,0,0,35,15,0,128,255,173,1,2,13,9,4,0,0,0,0,0,0,0,11,0,10,4,0,21,0,0,0,0,0,7,4,60,245,236,38,5,0,1,0,7,8,0,2,0,11,0,0,6,0,0,0,10,12,26,0,0,0,4,24,34,157,234,103,0,0,0,8,0,0,0,0,0,1,0,21,14,0,0,0,3,0,12,0,1,13,16,0,0,121,255,150,3,10,0,0,0,0,1,0,0,0,12,15,1,25,14,17,241,221,70,0,0,0,0,6,0,190,252,120,0,17,0,0,0,9,19,0,17,0,0,0,22,13,13,120,247,198,62,17,0,0,0,0,0,134,237,162,0,22,0,6,38,0,11,15,0,0,1,43,0,0,37,107,247,222,101,0,0,0,0,0,21,228,239,91,8,0,0,28,18,0,0,6,1,0,15,0,2,5,0,15,152,245,231,205,103,14,17,26,164,255,199,19,9,0,0,18,0,0,3,9,16,16,12,10,8,0,17,0,0,69,255,255,249,228,251,227,246,244,54,0,0,32,0,0,0,0,18,0,14,18,0,3,0,0,0,0,2,0,17,144,251,245,255,255,207,41,8,4,1,0,0,0,0,0,9,0,2,0,13,7,0,0,10,3,4,0,0,0,15,0,12,0,0,6,7,12,2,0,0,0,9,0,0,0,1,0,2,18,6,0,6,7,0,0,8,0,1,10,1,0,0,0,19,19,0,0,0,19,0,11,0,0,9,1,18,0,2,0,0,0,0,24,12,0,3,10,17,1,0,9,0,12,17,17,7,0,0,3
1,6,12,12,0,0,9,12,0,0,0,1,4,8,2,3,0,0,0,16,8,2,1,0,10,0,1,9,0,12,7,19,0,18,3,0,22,5,0,0,0,0,1,6,0,0,4,3,1,27,2,0,24,0,0,0,0,0,0,0,0,7,12,4,3,0,0,12,0,50,0,11,13,0,2,0,15,6,0,0,0,0,0,1,0,0,0,10,2,0,0,0,0,8,0,3,0,0,4,2,19,9,3,1,0,0,0,7,11,0,0,0,0,13,13,0,2,0,1,30,0,1,5,23,105,112,172,182,144,180,0,8,0,0,0,6,16,17,0,0,0,12,7,0,0,5,1,16,0,7,32,202,253,255,252,240,255,244,178,36,7,0,0,6,0,0,20,5,0,0,0,0,0,0,0,3,0,0,61,255,243,249,104,40,26,219,253,51,0,0,0,2,5,27,0,16,2,0,0,16,18,9,5,0,0,0,36,152,141,47,11,4,0,30,248,148,0,0,3,0,0,5,8,12,0,0,0,0,22,4,0,24,8,0,0,0,0,6,6,0,22,0,221,175,30,0,12,0,2,5,0,0,0,0,0,0,0,0,0,16,0,0,0,0,0,4,0,0,0,0,203,181,12,15,8,8,5,0,0,0,0,3,0,15,16,0,0,0,46,0,0,0,0,5,0,8,0,64,255,86,0,1,3,3,0,9,0,0,6,4,0,0,33,0,16,6,13,0,0,5,24,16,0,3,0,166,236,38,0,0,11,0,0,15,0,2,0,7,6,0,31,0,0,0,0,0,0,0,0,8,0,15,13,239,155,1,13,0,1,9,0,9,15,2,0,0,15,12,15,0,0,0,0,12,0,0,13,0,2,0,43,228,92,4,5,0,0,4,0,0,0,0,2,11,14,14,2,9,15,16,14,0,22,4,0,9,0,1,184,206,27,0,3,0,0,8,0,0,0,5,2,4,11,0,1,4,3,0,0,5,58,58,106,76,94,171,246,137,0,15,5,0,12,4,20,0,20,0,0,11,8,0,0,0,0,10,48,181,233,233,255,255,233,245,255,241,157,86,0,0,8,0,0,13,0,0,0,15,0,0,16,9,9,74,204,255,239,255,240,255,250,242,243,250,226,232,234,152,0,47,46,73,2,14,7,3,8,2,0,0,20,122,255,237,255,251,243,245,208,198,208,188,214,191,255,255,195,190,217,104,14,0,0,10,4,11,16,0,80,255,255,130,234,255,233,232,26,3,0,13,3,0,61,89,86,81,70,0,10,0,0,0,0,19,0,32,198,231,240,255,255,239,195,63,27,2,0,0,0,0,13,0,9,17,13,0,0,2,0,8,0,4,11,0,52,252,255,230,216,84,0,0,3,27,0,0,12,2,0,0,0,7,0,0,0,0,0,5,0,12,23,1,0,0,5,8,0,0,2,0,20,0,0,0,0,24,0,0,6,0,14,0,10,0,0,11,0,0,8,0,2,5,0,0,16,15,0,0,1,18,0,0,0,0,1,0,0,15,0,5,0,0,0,0,13,0,0,5,0,0,3,0,24,0,16,0,9,0,0,8,0,0,2,0,0,0,0,7,0,7,5,0,0,0,6,0,14,8,0,0,0,0,7,0,0,0,0,0,0,6,17,0,9,0,0,0,0,0,0,3,27,2,7,6,0,0,13,8,0,7,0,4,0,0,0,14,0,9,0,2,0,17,14,18,0,0,0,0,0,0,3,0,4,0,32,0,0,0,0,0,0,7,0,2,11,14,0,0,8,27,2,20,0,2
15,0,0,2,7,0,5,32,15,0,0,0,0,0,0,0,10,0,0,12,0,1,0,13,0,0,0,0,0,0,20,4,2,25,8,0,5,0,0,0,8,0,15,3,0,0,0,0,3,5,0,0,0,0,9,8,6,14,3,0,10,28,0,10,27,0,0,0,0,0,0,0,5,0,0,0,3,0,1,13,11,13,3,19,0,0,10,1,0,0,20,0,28,12,9,4,0,0,0,6,6,0,0,0,12,0,0,0,10,0,8,2,3,4,5,0,6,0,0,0,11,0,9,13,10,5,0,12,5,0,0,7,0,0,11,12,0,17,0,26,13,16,0,8,19,1,0,13,2,0,0,0,10,4,5,21,14,0,21,0,17,0,1,0,10,5,0,0,2,0,0,3,0,0,17,0,27,0,9,0,0,9,0,0,1,7,11,0,8,14,0,16,0,3,0,0,0,2,0,0,8,17,11,12,0,15,2,43,117,242,246,251,167,12,0,0,0,0,8,3,3,0,0,32,0,0,0,1,0,0,0,0,57,162,240,255,255,255,255,246,255,235,50,0,1,5,25,12,5,6,12,13,15,0,2,5,0,0,7,74,211,253,252,255,239,255,250,229,252,255,63,4,5,4,0,8,0,0,0,0,0,0,0,0,6,6,8,173,255,252,233,246,255,255,234,255,251,255,69,0,10,0,11,19,0,8,0,8,0,3,0,0,11,2,0,154,221,255,238,255,238,230,242,255,251,255,127,8,6,0,3,0,0,9,0,2,0,0,2,9,0,0,33,236,234,255,255,241,255,245,224,255,255,224,95,0,0,0,5,0,0,0,9,0,0,0,14,6,5,0,28,255,248,255,248,247,247,245,232,255,255,244,236,141,0,0,30,30,26,0,3,9,10,12,19,11,35,13,15,164,221,241,255,244,237,255,247,243,255,240,255,203,13,0,6,0,0,3,1,0,0,0,3,0,14,0,0,29,236,253,235,231,229,217,245,247,254,248,249,233,56,1,2,0,0,0,0,13,0,0,3,11,22,16,3,4,6,14,8,13,11,20,67,28,133,194,249,255,160,0,19,35,7,2,24,0,0,0,0,0,25,9,15,16,9,0,9,6,0,0,0,0,0,0,205,253,210,36,0,2,0,6,8,0,0,0,3,0,0,8,22,0,0,2,0,0,6,0,0,0,8,0,176,255,238,4,0,0,13,0,8,7,16,2,14,0,0,0,0,22,0,0,13,4,18,26,0,0,7,4,181,246,156,0,0,3,0,6,25,12,0,0,0,6,0,0,21,0,1,0,20,0,3,16,3,0,0,9,175,255,168,0,0,4,0,3,0,3,7,0,19,0,0,0,3,0,5,0,9,2,0,0,11,0,1,20,161,254,156,8,0,0,0,0,8,0,0,5,0,0,7,0,19,27,2,0,0,0,1,7,0,0,12,31,236,246,71,4,11,0,0,2,0,0,10,0,0,16,7,0,11,0,6,1,0,1,0,3,0,0,0,151,245,255,82,11,0,0,0,0,0,17,0,12,1,0,0,0,0,20,1,0,0,0,0,2,0,3,20,178,255,255,50,0,0,2,7,1,0,2,0,4,0,18,3,0,4,1,5,0,18,17,4,0,0,8,0,136,252,225,26,0,0,23,0,5,6,0,0,9,0,0,0,6,11,0,2,0,1,0,0,0,0,0,0,5,174,93,0,7,0,0,5,0,7,0,0,1,0,0,5,0,0,4,12,18,6,6,21,6,0,0,1,4,10,0,0,0,0,4,2,0,5,8
21,0,20,18,0,0,4,0,0,0,2,0,0,11,0,0,10,9,0,0,7,0,1,7,0,0,11,20,0,0,17,0,1,0,4,0,13,1,0,5,0,0,2,15,0,1,6,0,0,7,25,0,5,0,0,5,0,9,7,0,3,16,0,0,0,0,0,5,0,3,3,4,14,0,20,0,28,0,0,28,0,0,0,0,12,3,0,0,0,0,7,0,0,5,4,0,0,0,5,23,11,6,0,0,0,16,0,5,0,0,0,1,7,10,5,2,0,2,0,0,0,0,11,3,16,0,0,11,0,15,5,12,0,0,14,0,7,10,10,0,15,4,0,0,0,13,18,0,5,0,0,11,0,17,0,11,3,0,0,0,14,7,1,0,0,0,37,22,0,0,0,0,1,0,6,31,157,66,5,0,0,0,0,16,0,24,20,9,151,209,42,7,0,14,0,5,0,0,0,0,11,0,0,121,254,149,37,0,0,4,21,7,0,0,4,54,250,211,5,6,3,10,0,0,0,4,8,0,5,9,0,220,255,127,1,0,15,0,8,9,0,0,0,87,255,95,0,0,14,0,0,0,0,20,3,8,23,2,0,246,255,83,0,2,26,0,13,5,0,0,0,133,249,29,0,14,16,5,8,4,17,25,11,8,0,6,0,255,255,0,0,1,0,0,9,5,0,0,0,219,235,0,0,0,13,0,27,11,0,1,9,4,10,19,222,244,144,11,0,0,46,10,0,0,0,34,50,229,229,16,0,0,0,9,0,0,3,17,0,0,0,32,240,255,73,0,3,0,16,5,10,6,0,5,77,255,206,0,12,0,0,0,13,0,12,6,9,0,8,97,255,233,46,0,0,5,0,24,0,0,14,0,174,255,59,0,6,4,0,13,3,0,0,0,7,13,0,27,174,252,111,47,23,44,1,13,0,9,0,50,255,170,0,0,9,12,0,12,6,6,6,0,3,13,21,0,0,247,238,255,233,242,185,226,192,179,188,206,255,212,0,0,14,18,0,0,11,4,0,4,0,0,3,0,9,0,58,76,109,66,2,0,0,29,5,243,254,133,0,0,0,0,12,0,8,7,20,0,5,0,0,0,7,0,0,0,4,0,7,9,0,8,133,253,229,18,0,14,0,3,5,0,4,0,3,0,0,0,0,13,7,0,16,0,13,0,0,0,16,20,163,255,176,0,0,11,0,5,0,17,0,4,1,0,4,0,28,0,14,0,4,0,3,0,10,1,18,0,178,234,138,16,3,22,0,0,0,4,0,6,7,0,11,33,0,0,2,0,0,1,0,2,0,0,0,20,255,249,37,0,0,21,0,16,1,6,9,0,3,23,11,11,0,12,9,0,0,9,6,12,1,18,7,82,255,219,9,0,0,22,20,0,0,2,0,0,17,0,17,0,0,1,16,0,0,7,0,23,0,13,0,179,255,131,0,0,4,0,0,4,19,4,6,0,0,0,0,0,0,0,0,0,0,0,5,8,0,6,0,210,255,166,1,0,0,0,0,0,15,8,7,0,10,15,2,0,0,5,0,0,0,0,6,0,0,0,1,225,255,101,9,0,3,8,0,0,0,0,0,0,2,21,0,11,2,0,7,0,0,2,2,8,0,0,0,207,213,6,1,0,2,0,11,5,1,12,0,0,25,0,12,0,0,0,0,0,0,8,0,0,0,21,0,5,14,16,0,0,21,0,0,16,2,14,0,0,0,0,8,0,11,0,3,11,0,12,10,29,0,17,0,0,0,0,0,8,0,0,0,0,25,0,0,0
0,6,0,0,15,0,23,7,0,0,0,0,25,0,0,0,26,0,10,5,1,27,9,4,7,9,0,7,25,0,0,24,6,7,0,0,12,11,17,0,9,0,0,22,2,0,0,10,0,6,0,3,0,25,16,0,8,0,6,0,13,0,3,0,0,5,4,3,0,0,10,6,0,0,0,0,0,0,0,32,0,0,0,8,9,0,0,0,7,0,0,1,0,0,0,0,26,0,9,0,0,0,0,0,3,0,3,0,0,2,20,0,19,1,0,8,0,15,0,7,20,0,0,0,2,0,0,0,9,11,7,0,0,9,0,0,0,10,0,4,0,0,0,0,0,7,31,0,1,0,0,0,0,0,19,0,18,0,0,3,9,0,7,0,3,6,0,16,7,0,20,0,0,0,8,22,12,0,1,0,19,0,13,0,6,64,240,236,240,240,213,34,0,0,0,0,0,0,0,0,0,9,0,0,2,9,21,1,0,14,57,153,255,246,207,71,97,236,199,41,9,0,0,13,0,2,9,0,0,0,11,24,4,1,0,0,0,115,199,224,94,39,19,82,223,206,26,13,16,0,0,0,0,8,1,0,4,10,0,0,19,0,8,77,200,252,155,1,0,107,212,230,180,47,0,9,14,21,0,0,0,0,0,0,0,7,0,0,0,12,103,244,199,86,52,129,220,255,201,106,16,16,0,0,0,0,0,0,0,14,0,0,9,0,9,5,7,145,243,208,16,0,134,255,164,80,6,0,0,10,0,1,11,30,0,0,0,0,0,0,1,0,30,2,32,250,149,0,0,3,1,25,0,0,6,7,6,2,0,0,0,26,13,13,0,8,0,0,0,0,0,0,45,241,155,4,5,0,0,0,1,0,0,11,6,0,1,0,26,2,1,0,5,11,0,0,0,19,2,0,32,211,160,0,0,19,3,0,0,6,4,12,0,14,0,19,0,0,0,3,0,0,18,0,0,1,0,0,0,170,237,173,0,0,1,0,9,5,23,0,8,4,0,0,19,4,0,10,0,0,26,3,0,0,17,13,0,12,198,236,118,41,6,0,0,0,11,6,0,19,21,6,33,19,18,0,0,1,0,2,4,0,3,2,3,8,34,211,255,149,32,15,3,14,2,0,13,4,11,9,0,19,14,0,0,1,21,0,10,0,0,21,1,0,3,13,114,246,220,58,0,9,0,0,0,0,0,0,0,3,10,25,8,9,6,12,11,2,0,0,0,17,0,0,1,0,203,251,38,2,0,0,1,1,0,0,8,14,6,0,10,0,7,22,0,5,0,0,1,0,0,0,0,0,47,237,106,0,3,8,0,0,4,0,0,11,12,0,14,7,0,12,0,0,3,20,12,0,12,13,0,17,204,255,89,36,7,7,4,0,6,0,10,0,0,0,0,0,20,0,0,1,37,125,2,10,0,17,0,148,231,148,12,0,16,6,6,16,0,0,0,15,4,5,0,0,29,18,0,22,38,249,23,0,0,31,204,251,178,18,5,7,5,0,1,19,1,0,0,2,0,0,25,0,3,0,0,10,0,133,211,230,161,245,243,91,22,0,2,13,3,26,8,0,4,0,1,0,0,12,10,20,0,0,16,0,0,0,116,212,209,150,75,0,0,23,14,0,26,0,0,20,2,12,18,17,3,6,29,0,0,20,0,0,3,12,0,0,22,2,12,8,0,8,0,0,0,4,0,13,13,0,2,4,0,3,6,0,0,2,22,0,0,18,0,0,0,0,0,17,0,0,8,0,16,0,0,17,0,0,20,7,0,2
0,1,28,0,0,0,4,0,0,10,8,0,21,0,0,0,0,0,0,7,0,10,17,0,0,0,18,0,8,0,0,8,0,0,0,0,0,17,13,14,0,0,0,0,5,30,32,0,16,2,0,5,0,0,4,14,0,26,17,0,0,6,0,2,14,0,1,11,15,5,0,15,7,0,0,0,8,3,13,0,0,0,0,25,0,0,17,0,0,24,1,16,0,0,24,6,7,5,19,12,14,2,7,3,8,30,0,0,0,23,0,0,4,7,0,1,7,4,16,16,0,0,6,3,6,6,8,7,6,8,20,0,28,0,9,0,18,0,22,20,14,13,5,1,6,5,0,0,0,0,17,0,0,14,4,0,0,0,0,0,21,1,11,0,10,12,0,15,8,0,0,20,0,0,0,8,0,0,0,0,9,8,0,0,3,5,0,11,7,0,0,2,5,0,0,14,4,8,14,0,0,9,8,25,157,167,252,195,160,123,43,8,1,12,2,0,0,0,0,8,1,0,0,0,20,0,0,11,0,0,0,182,255,218,255,244,255,242,247,156,9,0,0,0,0,0,1,14,43,0,0,0,0,9,32,0,0,0,29,226,255,255,251,253,251,244,255,255,252,51,0,9,0,2,0,0,0,14,20,0,6,2,0,0,1,1,120,255,192,64,70,74,68,181,255,245,242,218,51,0,0,10,0,25,4,15,0,16,8,9,0,0,0,10,254,248,173,0,0,22,0,0,180,255,243,255,198,30,0,0,0,0,0,0,5,7,4,0,0,0,0,17,255,244,193,0,0,0,0,0,71,253,255,231,233,136,0,0,1,0,0,10,0,3,0,10,6,11,0,0,220,255,237,118,53,39,41,57,196,244,255,255,241,255,73,7,2,0,19,29,6,24,0,0,0,0,0,0,103,255,253,236,243,241,255,255,255,242,162,237,255,253,143,4,0,9,1,15,0,0,0,0,0,0,3,0,0,42,205,255,238,253,255,255,255,170,28,195,233,236,206,5,0,0,2,3,0,2,0,36,7,3,12,0,18,14,16,38,119,158,130,139,127,11,8,182,255,243,214,18,0,15,0,0,0,8,4,0,0,15,19,0,21,14,2,0,0,22,7,0,0,14,11,129,255,252,175,12,0,8,0,0,4,0,12,29,0,0,4,0,0,0,0,0,0,3,0,0,6,28,0,106,246,239,187,16,3,0,3,0,22,9,0,0,0,1,0,1,4,5,0,0,0,13,11,11,0,2,12,110,255,245,251,33,0,0,0,1,0,27,0,10,0,6,8,1,2,8,0,0,0,6,17,11,14,0,3,105,255,255,237,38,0,5,0,0,6,3,0,0,0,0,0,0,14,0,0,5,16,0,0,5,2,0,0,107,255,255,255,96,15,0,0,0,0,0,0,26,0,0,0,6,0,9,18,3,10,0,0,22,0,0,0,106,255,250,255,118,5,20,0,0,0,2,0,0,0,0,0,5,0,0,0,20,0,10,0,2,0,0,0,85,248,252,255,56,18,7,11,0,0,0,7,0,25,0,0,9,0,8,0,18,0,12,8,6,0,8,0,94,255,231,246,57,1,0,0,0,0,0,3,7,0,0,0,0,0,0,0,0,27,3,0,17,0,17,0,93,253,250,216,7,4,2,0,5,0,2,0,2,0,11,0,0,11,40,0,0,0,0,0,0,0,6,5,26,131,223,103,0,3,0,0,4,18,12,0,0,0,11,0,4,0,12,0,4,0,0,2,13,6,6,0,0,2,2,0,0,13,0,0,0,1,0
11,13,0,2,0,0,1,17,0,14,1,13,0,5,6,0,0,1,0,6,0,8,0,0,5,11,0,0,8,0,0,12,0,12,0,0,0,0,0,0,5,0,0,23,0,0,14,5,0,0,0,0,18,26,2,0,15,0,0,18,14,3,0,0,3,22,2,0,0,3,25,0,13,1,0,0,0,0,22,21,7,4,14,0,6,0,0,0,0,0,13,0,1,3,7,26,3,0,0,0,0,0,8,0,0,11,0,0,0,0,0,16,3,25,0,0,6,0,4,0,16,0,6,0,22,0,5,7,0,0,15,0,0,10,0,0,4,0,0,0,15,1,4,13,1,0,0,8,15,219,255,184,122,29,0,0,0,0,0,0,0,3,0,0,3,5,2,0,0,0,0,8,0,10,22,0,30,211,247,248,255,230,187,102,0,20,12,0,13,0,0,0,18,22,0,0,0,5,0,7,0,0,0,0,0,0,17,23,109,220,251,252,255,74,0,0,0,28,13,0,0,0,11,0,0,7,0,5,8,14,0,13,12,0,0,10,13,25,109,225,251,234,21,0,25,0,0,5,3,9,11,0,6,0,2,7,0,0,2,4,7,10,2,0,0,0,0,81,227,253,151,0,15,7,0,0,0,0,0,16,4,24,0,0,0,8,2,0,0,16,0,3,13,0,0,66,242,253,151,7,11,0,0,0,18,0,0,3,0,6,22,11,21,22,0,0,0,0,0,0,2,0,63,222,250,78,0,0,1,0,0,0,0,11,4,1,19,0,1,25,0,15,24,0,1,0,12,7,3,58,226,255,118,9,0,23,5,2,16,9,6,34,0,0,12,20,1,7,25,0,0,6,0,0,0,39,166,230,255,168,23,3,0,0,0,15,0,18,5,0,2,0,0,5,15,0,0,14,0,7,0,15,0,148,255,255,255,10,22,0,0,0,0,0,0,11,0,10,0,0,0,0,0,10,1,42,10,3,3,0,0,12,141,200,255,247,199,22,0,7,11,0,6,4,15,0,0,18,0,0,15,11,4,0,0,0,0,15,0,15,0,35,224,253,255,132,0,0,6,0,0,0,0,0,0,0,0,0,0,0,0,0,0,1,14,15,14,0,0,0,25,255,255,132,8,2,6,6,0,15,0,0,17,5,0,0,0,0,9,0,0,0,20,20,0,0,19,2,59,229,232,76,6,0,0,31,0,0,0,0,0,0,0,0,19,0,0,0,10,0,9,7,16,2,7,24,194,251,130,12,0,0,22,8,0,0,18,0,0,0,4,17,6,0,10,0,27,9,0,24,0,0,6,56,255,216,17,3,0,8,5,12,10,0,0,11,0,0,13,8,15,9,13,3,0,8,0,0,0,32,13,245,250,53,8,2,0,6,12,0,17,0,0,0,0,18,6,0,0,12,0,0,0,0,0,5,0,101,240,225,46,6,12,0,0,16,3,22,14,0,1,9,0,0,29,0,8,0,22,0,0,6,21,38,200,255,232,123,3,9,6,8,0,3,0,8,0,1,18,0,0,29,9,0,0,17,0,1,0,0,0,127,237,121,45,0,14,0,14,0,0,0,9,8,2,1,13,0,9,25,19,4,0,0,0,6,0,6,11,6,0,0,29,35,0,0,0,10,0,0,1,0,2,0,18,6,18,14,7,0,0,31,0,19,5,0,0,17,0,5,13,0,6,21,0,0,0,0,11,12,23,0,8,8,0,8,0,0,3,0,11,3,19,0,8,9,5,20,0,0,18,2,17,0,9,10,0,20,0,13,19,1,0,0
2,0,0,0,0,24,4,0,0,0,0,3,11,0,0,9,4,0,4,1,0,10,21,5,1,0,0,0,0,0,23,0,0,3,2,0,0,0,0,0,8,1,0,13,3,13,0,0,27,8,13,0,19,16,4,13,4,0,6,0,0,7,17,2,0,9,0,14,4,0,0,0,7,4,0,19,0,0,0,8,5,3,0,4,0,0,0,20,0,0,6,19,0,0,6,16,0,0,0,0,0,9,3,5,0,4,2,3,0,0,0,13,2,0,3,0,1,0,0,16,11,0,0,8,8,0,0,6,0,0,0,7,0,9,0,16,0,0,0,7,6,17,0,14,0,0,3,0,0,0,0,0,0,11,0,0,0,0,26,5,1,14,0,0,18,0,0,8,9,4,22,0,0,0,0,9,6,37,0,20,111,193,201,138,21,10,0,0,0,9,0,7,0,0,0,0,1,3,17,0,22,0,0,0,14,37,123,220,255,237,230,255,218,157,13,0,13,0,0,15,0,5,0,0,0,0,7,0,0,0,0,1,0,108,255,241,255,255,238,255,246,255,185,52,0,0,12,0,0,11,0,11,1,33,0,0,4,0,0,12,55,207,248,255,226,207,133,181,255,244,245,187,10,0,3,6,0,2,0,0,0,0,7,12,6,0,0,17,161,253,255,248,54,15,12,92,237,255,253,217,0,12,0,0,21,4,1,0,0,10,22,11,0,0,7,0,213,230,253,153,25,0,18,88,248,253,240,108,9,5,0,8,0,6,1,0,0,0,18,0,4,0,16,0,207,255,248,136,2,9,0,97,235,249,254,103,0,24,0,9,0,0,18,0,0,4,15,17,0,6,5,15,208,255,248,188,26,11,114,240,255,240,255,62,0,9,5,11,2,0,0,2,0,2,0,4,18,0,0,1,33,255,247,241,255,255,255,255,254,255,157,0,10,0,0,0,0,26,0,0,9,0,0,22,0,0,0,0,11,166,243,255,241,247,246,248,239,238,62,9,0,24,1,0,0,0,0,0,0,8,0,20,0,7,0,0,8,17,138,240,212,186,238,255,255,247,26,16,0,0,5,9,19,0,0,0,0,0,19,8,12,0,0,7,13,0,19,26,17,4,162,255,227,255,68,0,0,2,0,18,0,3,0,0,22,6,15,0,16,0,8,14,24,2,0,8,18,1,131,255,234,255,255,0,0,0,4,0,5,0,16,0,10,0,4,0,12,0,8,27,0,3,0,0,0,1,121,238,255,255,231,0,7,0,0,0,1,23,0,30,12,0,0,0,19,0,0,0,7,0,20,7,4,7,134,218,242,241,199,14,1,0,4,5,0,10,0,0,0,8,30,10,14,0,1,0,2,15,0,0,0,1,197,255,255,251,222,0,16,11,10,5,0,0,0,5,0,6,0,0,0,0,0,4,0,0,17,2,5,16,129,255,231,252,248,3,9,0,0,0,0,0,18,0,13,0,3,0,0,15,13,5,0,14,0,0,0,1,124,241,255,223,255,0,0,0,0,20,0,0,4,21,2,16,5,0,1,0,0,0,8,18,17,11,7,0,72,255,255,244,174,1,0,0,2,0,2,0,0,0,1,17,9,11,0,0,0,0,17,0,7,0,0,10,12,117,201,135,13,0,9,2,0,17,0,18,8,0,0,0,3,33,19,3,0,0,0,0,0,13,0,0,0,0,7,6,11,0,0,0,22,0,5,11,0,0,0,0,18,0,1,2,4,0,0,0,6,26,6,8,0,0,0,0,0,22,25,0,0,0,21,0,3,0
0,10,11,7,6,0,5,0,7,12,0,0,0,0,0,12,0,2,9,1,8,9,4,0,12,0,0,1,0,0,18,27,1,0,0,0,0,8,0,0,12,0,0,0,0,1,1,0,4,10,0,0,0,0,0,7,0,15,8,24,28,3,18,0,9,0,11,7,0,0,7,0,29,0,0,11,8,15,8,0,0,14,10,0,0,2,0,10,6,0,0,11,8,10,0,0,0,0,0,12,0,1,9,0,0,0,0,0,19,6,2,0,0,0,2,0,0,3,12,0,3,0,0,0,9,29,84,227,255,118,21,13,0,1,2,22,12,11,17,4,0,0,11,0,0,7,0,0,0,6,0,0,173,255,247,255,255,253,208,43,10,0,1,0,0,0,0,16,14,14,0,0,0,14,12,0,0,10,0,147,255,247,247,244,255,255,255,123,0,0,11,0,12,0,7,24,19,3,3,5,0,1,0,2,12,0,153,255,255,255,150,51,243,255,248,234,2,0,6,3,0,0,0,6,0,0,14,0,0,0,5,0,0,129,219,244,255,95,0,0,41,214,255,255,35,6,0,0,9,22,1,0,6,0,1,0,8,0,0,0,39,226,255,255,156,0,10,0,0,220,246,255,15,0,2,7,0,0,0,3,2,10,0,10,0,19,0,0,67,242,250,219,23,0,0,0,12,195,255,240,0,0,10,0,15,2,0,0,1,0,0,0,0,0,0,0,179,238,240,171,8,0,19,25,7,193,253,255,0,8,0,1,7,0,0,0,0,16,13,0,20,0,10,0,248,255,243,23,10,0,7,5,24,191,254,242,0,15,5,5,0,0,3,0,0,4,18,0,0,0,0,0,255,247,193,18,0,0,0,16,5,165,233,241,0,0,19,6,0,8,7,0,4,0,0,0,0,7,0,1,241,255,145,10,0,0,0,4,15,240,246,250,0,0,0,0,0,0,16,15,0,4,0,0,0,0,9,65,255,255,48,0,0,3,0,2,82,255,231,249,0,0,0,13,9,5,22,15,4,0,6,2,0,0,0,73,255,235,21,0,0,0,0,20,170,237,251,184,0,0,3,0,0,13,0,20,0,0,2,0,15,8,0,81,255,242,51,1,0,12,16,51,224,244,249,31,2,25,0,3,4,11,0,8,17,19,0,0,1,1,0,66,253,255,45,0,9,14,47,202,255,238,241,13,0,0,4,15,3,0,4,0,4,0,0,15,5,0,0,79,244,221,4,17,0,40,207,248,248,255,111,8,0,7,0,0,2,0,6,1,0,8,0,0,0,4,7,17,248,241,71,0,44,200,255,255,251,136,0,5,4,0,8,0,9,0,0,0,0,0,0,21,2,0,6,0,221,255,239,194,223,246,246,231,191,37,2,0,0,0,6,1,22,5,7,18,12,7,0,0,7,7,3,5,61,242,251,249,253,255,231,173,0,4,0,23,18,0,0,37,13,0,19,5,6,14,2,0,0,17,0,0,5,120,220,242,244,238,127,0,0,10,5,11,0,10,6,0,0,0,0,13,4,33,18,9,0,0,9,0,0,10,0,0,11,0,0,0,23,0,9,5,0,0,29,0,1,2,6,0,0,0,8,14,0,14,7,0,20,0,1,0,0,0,0,7,4,17,12,9,11,11,4,0,15,0,19,0,0,8,0,2,9,0,23,10,0,15,0,0,8,0,0,0,14,7,10,0,13,0,0,0,8,2,0,0,9,0,8,8,0,0,0,0,0,0,3,2,0,22,14,0,0,0,14,14,0,0,2,0,0,6,0,4
0,0,6,8,0,0,6,15,0,12,5,0,0,9,0,8,11,0,0,5,0,0,11,28,18,0,4,0,0,0,17,5,8,0,1,0,1,0,0,21,22,0,4,0,0,0,19,4,2,19,0,7,0,14,8,0,0,0,1,0,0,0,5,23,0,2,7,0,0,6,0,12,0,10,1,5,2,16,0,0,0,0,0,0,9,0,0,5,1,0,0,0,22,9,6,0,2,0,0,0,1,17,11,0,0,0,17,11,0,0,12,0,4,9,0,3,0,6,0,0,0,15,11,0,11,5,14,1,6,6,3,4,0,0,0,2,0,0,0,0,0,4,0,8,3,0,0,10,13,58,127,121,247,246,223,242,156,65,5,2,9,0,0,1,0,0,13,0,0,5,0,0,0,0,0,0,132,255,255,255,244,251,255,255,248,247,73,0,1,16,13,0,5,4,2,0,0,0,0,11,22,0,7,3,179,220,214,225,152,102,165,207,254,240,192,14,3,0,0,0,0,0,23,0,0,0,0,7,6,14,0,10,59,38,2,0,4,0,11,0,189,255,183,5,0,4,0,8,0,5,4,0,2,0,16,0,10,0,24,1,0,0,0,0,0,0,0,5,39,255,193,0,0,0,14,6,18,0,10,5,33,0,0,0,1,6,5,0,0,0,0,10,9,0,0,25,175,233,137,0,0,11,5,8,0,1,0,4,1,0,1,0,15,4,0,0,0,0,0,0,0,32,0,135,255,199,27,0,0,8,0,2,13,0,4,0,7,8,0,23,0,5,9,0,9,14,26,15,0,57,176,248,252,99,0,7,1,13,6,0,0,0,11,0,0,20,0,8,19,0,0,2,0,0,0,55,144,234,241,252,253,231,117,0,0,0,0,0,0,7,0,0,19,16,0,11,7,9,22,0,0,8,2,229,245,246,241,255,255,255,255,117,0,0,7,0,16,0,21,0,0,18,0,0,9,0,0,18,13,0,43,250,255,225,245,234,246,255,255,152,0,0,0,1,3,0,0,7,0,0,0,0,0,13,0,6,5,0,0,116,41,12,13,4,28,98,255,155,0,0,0,0,0,8,0,0,0,0,5,7,0,17,0,0,0,2,33,1,4,10,8,0,6,146,255,77,0,1,0,20,3,2,0,15,10,15,5,0,0,4,9,5,8,23,0,0,9,5,15,16,53,232,208,0,2,0,0,25,0,4,8,0,0,0,8,0,2,3,12,21,0,0,0,3,0,1,18,55,219,255,120,0,0,20,0,15,0,0,0,8,30,0,0,0,9,13,0,0,0,18,0,0,6,66,213,241,236,109,38,11,0,0,0,0,0,18,0,0,7,0,0,19,6,0,0,32,83,61,85,139,224,254,255,218,90,10,0,16,0,17,0,0,0,0,0,7,0,1,0,6,15,0,11,200,255,252,230,244,240,252,194,34,0,2,8,7,24,0,2,20,0,11,2,0,4,8,0,10,9,26,195,251,255,254,255,248,192,21,39,13,2,0,19,11,0,8,15,0,0,16,0,0,8,0,0,0,0,26,213,230,212,142,103,9,19,7,0,15,22,25,4,29,0,5,26,15,23,0,28,0,1,9,0,0,7,2,18,0,10,9,11,0,0,31,0,12,0,11,0,0,6,0,13,16,0,3,0,16,0,13,0,0,0,0,21,7,0,7,3,4,11,8,8,0,8,18,0,8,23,0,4,0,0,0,13,0,0,16,0,0,0,0,0,0,0,14,5,0,0,13,3,0,0,0,0,0,0,7,0,3,14,0,16,0
0,21,0,11,0,0,0,0,3,0,0,0,0,8,9,25,0,16,0,3,0,0,0,19,4,0,8,0,3,2,0,16,0,1,15,0,0,3,0,1,3,1,5,0,0,3,9,0,14,0,2,0,12,0,0,8,0,0,0,0,6,0,0,0,0,16,0,0,14,8,17,0,0,28,0,24,15,0,7,0,0,0,0,0,0,0,12,0,6,4,0,1,19,0,0,4,2,2,0,19,0,11,0,0,0,14,0,4,8,0,0,0,0,0,8,4,20,21,0,0,2,19,0,0,5,0,0,18,4,5,21,24,49,118,179,209,142,49,12,24,18,0,21,0,0,13,0,0,7,0,2,0,13,20,0,6,0,16,72,174,251,253,255,246,232,205,0,0,0,13,0,3,0,0,0,0,0,9,12,0,0,0,0,0,36,168,249,255,255,252,231,193,159,50,0,0,16,0,20,0,0,0,18,2,0,11,0,0,16,11,0,137,213,255,255,230,146,37,42,0,3,1,5,6,8,17,6,0,2,4,0,0,0,0,11,0,0,0,148,255,255,255,183,46,0,0,0,0,1,0,8,5,15,0,14,11,10,0,0,0,22,0,0,0,0,131,249,255,240,134,9,0,4,5,24,0,0,4,21,12,0,4,0,0,0,0,6,19,3,0,8,0,118,255,255,223,104,16,19,4,32,8,2,10,0,0,17,0,0,0,0,16,0,7,23,9,12,2,19,150,255,244,242,64,0,0,0,0,16,12,3,29,0,0,0,21,0,0,0,0,18,15,0,14,3,0,111,255,255,255,56,19,0,3,0,17,13,7,11,11,19,0,0,8,13,10,12,2,0,6,4,0,22,53,229,254,254,88,0,0,4,6,15,0,0,3,20,1,2,0,4,0,0,0,0,0,18,0,6,0,0,168,255,241,248,108,18,0,0,0,4,15,0,14,0,0,0,22,0,0,1,0,0,17,8,0,0,0,7,252,253,255,255,244,255,146,29,6,0,0,5,10,14,0,1,10,13,0,5,8,3,9,0,0,0,16,139,246,248,255,255,237,255,247,217,10,20,0,0,0,0,0,13,5,13,15,2,0,0,12,0,17,0,23,196,255,220,95,81,87,117,255,243,127,0,2,14,0,5,0,13,5,0,0,0,0,3,0,23,2,9,18,201,232,140,0,0,0,53,255,240,115,0,0,0,2,0,3,0,2,10,17,0,6,0,4,2,3,0,20,231,255,134,3,0,0,177,255,250,134,0,6,4,3,2,2,0,0,18,9,0,7,3,15,0,0,0,0,199,255,110,20,11,136,255,222,208,42,14,2,11,4,12,0,7,2,0,0,6,6,8,0,22,0,0,0,145,255,223,198,185,232,255,241,110,7,0,35,1,0,8,13,0,10,0,0,29,0,11,0,16,0,38,0,17,213,253,253,229,255,235,88,12,0,2,0,16,0,0,0,0,0,0,0,0,0,0,0,0,21,10,16,5,115,201,224,202,143,49,5,0,0,0,0,0,0,0,13,14,0,14,0,3,0,0,0,6,0,11,0,0,0,3,0,0,10,0,6,0,19,0,0,8,5,0,15,11,0,15,3,14,8,1,0,0,0,0,9,0,0,0,4,0,0,0,0,0,9,10,0,0,0,32,2,1,12,4,0,0,0,0,0,9,0,0,9,10,20,0,5,0,0,0,0,32,4,20,14,18,0,0,0,15,0,0,0,1,0,0,0,13,8,0,0,0,0,1,10,0,17,8,0,11,1,0,13,12,0,6,0,3,0,11,4
2,0,32,0,1,22,0,0,1,0,7,0,2,0,0,0,17,0,0,15,6,4,8,10,12,0,29,7,16,12,0,19,5,0,0,0,18,0,29,0,0,0,11,0,8,4,0,12,0,13,0,10,0,9,0,0,0,0,5,0,21,0,8,0,0,0,0,1,6,1,13,5,4,18,0,0,7,8,6,16,28,0,0,0,0,0,0,0,3,0,0,0,5,5,2,0,0,1,0,0,0,26,10,11,0,0,0,11,10,0,11,0,0,23,0,0,0,22,5,0,0,16,11,7,0,4,1,6,21,13,0,0,0,0,0,20,0,3,5,0,2,0,2,0,1,17,0,7,17,0,0,31,0,0,39,0,0,0,0,18,7,0,1,14,0,0,26,16,0,8,0,1,15,9,8,14,20,4,0,44,182,23,0,0,10,27,0,0,0,0,4,0,12,0,0,0,0,0,0,6,0,22,0,0,11,6,13,214,231,41,0,3,0,15,0,19,0,0,27,22,0,0,0,13,3,5,23,0,25,5,1,0,12,15,56,255,219,7,9,11,154,72,238,255,255,255,254,142,0,14,1,2,17,0,0,0,0,0,0,17,0,0,168,250,226,169,245,255,234,255,255,253,254,245,224,190,31,0,0,0,17,5,0,0,0,0,9,15,0,6,158,255,255,255,218,218,220,221,138,99,76,87,1,5,12,18,26,10,4,0,3,0,10,0,7,0,24,98,255,205,210,124,36,23,20,19,6,0,1,5,11,0,0,3,0,5,0,0,0,0,11,0,12,5,4,132,249,81,0,0,0,0,19,23,0,0,4,6,0,1,0,11,11,10,16,19,0,3,9,0,0,10,4,144,255,193,11,8,15,6,0,0,9,0,16,0,10,2,27,5,0,11,0,1,20,4,0,0,0,0,0,8,144,255,178,45,12,10,15,16,0,8,0,8,4,0,0,10,16,0,0,0,24,0,0,8,0,0,10,0,18,89,229,226,116,27,17,0,0,0,6,10,4,16,0,1,0,5,12,0,9,0,2,17,5,0,0,0,0,0,128,219,255,64,16,0,4,0,1,6,9,0,7,5,9,0,4,0,0,0,8,0,0,17,0,0,3,0,8,77,245,183,39,0,4,0,14,0,0,0,0,0,6,0,0,17,2,5,0,13,16,0,0,1,4,22,12,37,196,251,80,0,0,7,0,3,0,21,0,16,1,6,0,0,0,15,0,2,21,0,0,0,0,16,0,46,223,255,77,13,2,11,1,0,11,0,0,0,13,5,0,0,33,4,0,0,0,5,21,0,21,0,12,181,240,159,22,5,1,0,2,0,36,0,12,1,17,0,0,0,5,0,17,0,0,28,0,12,0,0,190,255,255,41,0,33,0,0,7,0,2,0,13,0,0,3,0,0,9,2,1,6,0,0,0,0,10,185,234,243,61,0,0,7,7,17,0,7,0,20,0,0,0,0,8,0,0,0,0,27,0,0,54,61,206,254,190,59,19,0,0,18,0,0,1,0,0,5,14,0,7,0,7,0,0,0,0,7,13,21,234,247,255,187,42,0,12,0,0,0,11,16,0,14,0,8,15,0,0,0,0,0,3,4,2,11,0,1,138,196,105,0,8,0,8,0,10,11,0,0,22,0,3,0,0,0,0,8,23,8,0,27,0,22,14,0,7,0,0,0,22,0,0,0,16,0,0,0,0,0,0,0,0,0,0,0,12,5,0,0,0,0,17,8,0,0,0,7,0,0,34,20,0,7,7,3,5,0,0,0,6,1,13,44
5,0,5,0,0,0,0,3,0,8,15,8,0,3,0,2,0,15,18,0,0,0,0,0,3,0,1,0,5,20,24,13,5,3,0,0,5,0,21,3,19,10,11,0,1,19,2,11,3,12,13,15,0,0,3,13,2,0,0,2,9,0,0,0,5,0,0,0,3,24,15,0,5,0,0,19,0,3,12,0,0,22,5,13,5,3,10,0,3,11,0,0,0,38,6,42,0,0,0,0,0,0,3,13,2,12,1,16,0,0,14,5,0,4,2,0,0,0,0,9,11,1,0,24,0,0,0,0,0,5,0,0,6,0,0,4,12,18,0,12,0,0,0,0,11,0,2,7,3,0,7,0,8,0,6,0,0,0,0,27,0,3,1,34,31,0,18,17,34,0,0,15,0,4,0,0,0,1,0,4,10,10,5,152,12,38,108,133,203,219,232,255,230,0,30,10,0,8,0,0,15,0,0,0,16,2,0,11,0,74,225,237,255,255,250,255,219,255,248,179,83,0,0,0,3,12,17,0,19,6,15,0,0,23,0,0,132,233,255,251,230,178,130,57,25,0,0,0,0,0,18,0,0,0,0,0,9,0,0,0,7,0,0,127,255,249,251,164,68,0,27,4,0,20,5,0,0,0,0,8,0,9,0,0,0,0,0,8,28,0,0,185,255,253,126,10,6,0,0,0,11,0,4,16,2,0,0,2,0,0,0,0,3,0,0,0,22,0,94,252,236,174,27,96,77,195,189,120,0,0,10,13,18,0,23,18,7,0,0,9,0,13,0,0,0,0,155,255,212,230,255,252,230,247,233,254,64,0,12,0,0,0,29,1,0,0,0,0,5,0,0,22,2,25,220,255,255,255,223,87,5,0,90,255,107,0,0,0,26,2,8,6,0,26,0,20,0,4,0,0,0,0,111,124,83,45,21,0,0,5,1,229,167,0,0,0,0,16,13,23,0,0,15,8,21,0,0,6,2,9,10,0,5,0,0,0,0,0,5,240,202,9,0,0,1,0,0,4,0,5,12,0,0,4,28,0,0,4,0,0,0,29,0,0,0,17,34,255,211,0,26,0,7,0,0,24,6,1,0,0,8,4,27,34,0,14,0,0,17,0,8,0,8,2,116,255,109,0,5,0,8,10,0,0,0,0,0,0,11,54,223,232,0,0,2,0,6,19,29,13,0,28,189,212,54,0,0,9,0,13,13,0,0,7,21,0,0,255,255,193,19,5,0,6,0,0,0,18,47,235,255,113,9,0,0,13,0,0,0,0,0,9,0,12,17,187,239,142,13,0,0,25,27,28,7,107,244,224,136,14,8,20,0,21,16,0,0,0,5,0,2,16,0,82,214,26,0,0,0,9,36,97,164,245,206,80,16,0,20,6,3,0,25,0,5,0,0,0,0,0,0,87,253,248,166,135,137,176,251,244,255,158,22,7,0,0,14,14,0,5,8,6,0,0,25,4,0,10,0,9,129,190,176,177,167,171,135,95,16,14,0,10,14,11,15,0,0,6,25,4,0,0,8,0,11,0,0,4,0,0,21,0,0,1,7,0,0,25,11,13,4,0,8,3,8,0,0,0,0,20,9,0,15,5,0,0,7,0,0,8,4,6,0,0,5,0,0,5,0,0,4,7,0,16,23,0,0,0,0,29,0,0,5,3,0,0,5,0,0,0,25,0,0,11,0,30,17,0,7,0,0,0,0,2,0,0,0,0,0,0,0,13,5,0,0,0,0,0,0,0,0,1,15,0,0,9,2,0,0,14,0,0,0,0
2,0,0,0,0,0,0,24,25,7,0,20,2,0,6,24,1,0,0,0,2,15,8,0,0,12,15,8,6,7,0,1,12,17,0,17,2,0,17,0,3,6,0,0,0,0,5,0,3,15,0,3,2,12,3,0,10,13,0,0,0,0,0,0,4,0,0,0,2,1,9,0,5,0,11,3,0,0,7,18,0,18,0,0,23,0,0,0,8,0,21,0,0,0,16,0,21,3,0,0,7,17,3,11,6,2,11,3,7,1,0,0,8,2,0,0,0,6,0,0,0,18,9,6,0,13,0,0,0,0,0,0,0,0,4,0,0,0,3,4,0,0,0,14,10,6,0,0,15,0,7,0,0,0,21,0,0,12,0,4,0,2,21,9,5,0,10,0,0,6,15,0,0,19,0,1,0,3,9,187,10,145,128,3,0,0,29,0,15,0,0,11,14,4,0,1,6,0,0,0,1,0,0,0,6,111,199,249,253,235,244,253,130,10,1,0,3,0,0,21,0,1,9,16,0,0,0,23,0,0,0,17,149,233,246,242,254,223,253,252,229,179,0,0,0,4,0,20,0,1,5,14,0,0,0,0,10,0,46,190,244,240,230,251,255,231,255,246,236,242,86,1,0,3,12,0,0,0,0,16,18,0,21,0,0,12,61,255,255,251,255,250,250,122,62,49,161,247,161,6,0,0,7,0,13,1,0,0,0,0,0,0,1,0,71,255,249,253,143,41,32,9,6,1,44,255,249,54,0,0,0,13,10,0,3,14,0,1,12,3,1,0,179,244,255,146,36,21,0,7,0,0,46,248,239,170,0,13,0,0,10,0,0,15,1,11,20,0,9,9,159,253,247,26,9,19,0,0,3,0,49,254,250,170,0,24,12,3,29,0,0,10,6,15,0,13,0,9,127,248,40,0,0,9,0,12,0,2,144,253,255,175,10,0,13,17,0,0,0,18,2,0,3,6,16,1,33,129,39,0,22,0,0,1,14,1,151,237,255,120,2,0,0,12,24,0,0,0,0,0,25,13,0,0,0,0,0,0,6,10,7,7,0,64,246,255,255,56,0,32,0,0,0,4,0,0,14,0,0,0,0,2,0,17,1,17,1,0,2,10,15,41,205,255,232,32,14,24,0,28,3,0,0,0,11,0,10,0,24,7,0,21,8,24,19,0,3,17,0,150,255,238,224,13,0,19,6,2,1,0,0,0,0,0,0,2,8,20,0,0,5,8,3,26,29,0,15,157,227,243,92,8,23,4,0,0,0,0,0,3,14,0,0,1,0,0,18,0,0,0,20,0,1,0,9,149,247,246,84,12,23,1,20,0,0,0,0,12,1,6,0,19,18,0,0,0,0,17,10,12,29,5,3,186,252,255,58,0,15,7,0,0,0,7,0,0,0,0,22,6,1,0,12,0,12,0,9,3,0,8,50,236,240,255,62,0,0,6,10,8,4,5,1,4,3,0,0,0,22,11,0,0,0,11,0,0,0,22,255,255,246,210,25,5,0,0,0,0,14,0,15,0,0,0,0,17,0,6,0,0,2,14,8,0,0,150,255,255,255,98,12,0,4,7,12,7,24,1,11,15,4,0,0,1,0,12,0,0,0,0,0,0,54,255,217,241,148,0,14,0,12,13,13,4,6,7,0,0,5,16,0,21,5,28,2,0,0,0,14,6,17,0,0,0,0,0,13,0,0,5,31,0,0,7,9,19,4,12,3,1,0,0,16,23,2,0,5,18,0,3,0,0,0,6,0,0,0,9,3,0,19,21,10,0
0,25,1,0,1,7,0,0,13,7,0,0,21,0,0,9,20,0,0,14,0,20,0,0,0,0,0,0,0,15,0,18,0,0,7,0,0,0,3,6,11,0,0,30,0,0,2,0,2,7,0,2,16,0,0,10,21,0,15,0,0,0,14,19,0,14,7,0,10,0,5,0,13,0,22,0,0,0,0,11,0,0,1,0,0,0,0,0,0,12,0,0,0,0,0,0,0,10,3,0,20,17,1,0,13,0,0,0,0,0,0,0,4,0,0,8,0,20,20,18,0,10,106,195,98,137,25,0,1,2,17,8,0,0,0,0,25,0,0,9,0,10,7,0,1,0,6,52,144,203,253,255,251,234,247,155,57,0,0,4,0,0,22,24,23,0,0,0,9,0,7,0,12,7,0,148,255,234,239,240,253,241,248,255,224,40,4,2,7,5,13,0,0,0,0,6,4,0,0,0,9,10,24,237,253,86,0,0,0,77,217,255,249,142,22,3,0,0,0,0,0,0,6,0,0,1,0,0,0,0,0,62,167,83,0,0,0,12,16,197,252,245,118,5,0,0,15,28,12,0,22,0,0,9,9,0,4,16,24,0,1,0,0,0,0,0,0,62,226,255,172,0,0,0,2,0,0,2,31,11,0,0,0,0,11,16,12,16,0,14,11,0,18,9,0,0,120,255,178,3,0,11,0,0,1,29,0,0,0,38,0,3,0,5,8,0,2,0,14,16,4,0,15,0,52,219,255,127,18,0,18,0,0,14,0,9,23,0,0,0,0,0,3,0,6,2,0,2,0,0,10,0,0,217,235,255,20,2,1,1,0,5,0,4,14,9,0,5,0,0,0,0,12,0,0,8,15,0,0,0,28,139,255,255,60,5,0,0,0,0,0,18,0,1,8,0,0,4,0,15,109,207,170,159,73,24,4,0,0,48,210,253,152,0,0,6,35,0,0,12,12,0,0,0,0,0,5,49,212,236,255,255,237,205,107,72,21,0,231,255,145,0,12,15,0,0,0,15,0,4,0,11,1,0,5,171,251,229,158,213,227,247,247,246,179,11,204,230,144,4,0,0,0,0,14,11,0,2,0,3,0,1,0,164,248,216,0,14,37,127,254,255,255,245,234,255,133,0,5,30,2,0,29,0,0,8,23,7,22,13,8,97,255,255,101,15,0,6,84,212,252,255,229,244,148,0,0,16,0,7,15,0,0,4,0,0,0,19,10,19,215,250,209,49,11,0,0,16,128,236,251,255,26,0,21,0,0,9,0,0,6,0,0,6,28,2,0,0,158,251,249,135,0,5,10,39,95,255,255,242,43,7,5,16,19,7,8,5,12,11,0,0,10,0,14,0,20,181,255,252,229,108,149,255,255,255,236,200,15,0,4,0,0,0,0,37,0,17,0,2,9,0,9,0,0,18,205,252,253,231,246,255,239,255,127,0,0,0,0,12,3,0,0,10,16,0,0,0,0,0,0,1,2,1,21,101,239,248,144,133,85,11,3,0,20,0,0,9,12,4,0,11,4,0,3,0,0,4,10,8,22,1,2,17,14,0,0,0,3,0,8,7,0,19,0,0,0,15,18,0,2,0,0,0,0,6,0,5,0,7,21,0,16,0,15,5,22,0,1,4,5,0,21,19,0,11,12,7,0,0,11,0,0,0,7,0,0,6,23,0,9,0,1,12,0,15,16,21,5,6,16,0,0,13,5,11,0,12,0,13,0,6,2,0,6,0,0,0,0,6,0,0,0,10,0,13,24,19,0,16,0,17,22,17
6,0,11,2,7,0,2,1,0,0,0,3,20,0,10,4,17,26,0,30,0,0,28,0,28,10,0,0,13,13,0,1,0,0,0,0,0,2,18,0,4,9,19,0,0,0,21,3,3,0,0,0,3,0,0,9,0,0,0,0,0,12,1,10,2,17,18,0,7,0,0,0,0,16,0,0,0,0,0,0,7,0,0,0,21,0,0,9,6,4,0,4,2,0,8,6,14,0,5,0,29,19,0,0,7,6,0,0,24,0,2,6,0,0,11,0,6,0,1,4,7,0,0,0,29,4,13,3,0,4,0,5,0,14,10,0,0,0,0,10,3,0,0,0,0,0,7,0,0,8,0,55,126,177,238,255,249,107,3,4,1,0,0,0,5,0,3,6,0,0,0,0,0,19,8,0,8,132,224,235,254,253,234,255,237,243,138,15,33,0,1,23,0,0,0,0,0,5,11,0,0,8,0,65,118,239,255,255,249,255,255,255,238,244,255,137,0,5,5,0,0,1,16,0,18,10,20,0,12,0,45,226,255,255,255,239,255,241,240,255,255,255,238,205,0,21,13,5,0,9,7,13,16,1,17,0,10,7,224,255,242,238,255,255,245,235,169,140,168,255,229,244,43,24,18,3,4,22,3,4,6,0,0,10,0,7,244,255,246,245,247,188,62,31,2,17,47,255,250,253,205,10,2,3,0,0,0,0,0,0,5,7,0,0,20,255,255,255,171,0,0,15,0,0,11,187,241,250,231,0,0,0,0,20,0,29,6,9,0,4,20,0,0,95,156,72,0,13,0,19,4,0,48,233,255,244,210,0,14,0,20,0,8,0,0,0,0,9,12,3,0,0,6,41,52,95,71,50,86,44,48,238,236,238,218,10,0,0,0,0,12,0,14,0,8,0,0,2,0,52,107,217,244,255,255,245,243,233,216,233,255,255,147,0,0,0,0,0,10,8,0,3,0,1,8,0,13,148,246,239,255,244,249,255,255,255,255,255,248,255,229,118,65,9,0,0,0,5,13,16,22,2,15,35,89,255,255,255,253,236,255,247,223,255,248,250,224,252,255,255,255,190,201,108,0,8,3,0,0,10,0,0,214,255,255,241,255,234,228,255,255,255,246,231,255,235,255,255,255,245,255,255,9,21,0,0,5,0,29,0,172,255,231,234,119,44,43,158,254,255,255,255,255,255,242,248,237,255,255,251,0,0,5,6,18,0,5,10,101,255,252,153,4,26,129,251,255,253,248,255,126,109,221,249,247,251,255,224,0,3,2,10,17,0,2,0,0,235,255,255,246,239,255,244,255,252,229,84,0,0,0,0,120,104,75,35,0,0,0,0,0,5,13,0,0,128,255,249,253,244,247,255,247,255,102,0,21,3,4,0,0,0,0,2,0,0,26,0,3,0,0,0,0,70,234,239,251,255,251,246,255,108,0,30,0,0,6,0,0,5,0,0,0,0,13,2,2,0,8,0,0,0,53,248,240,255,240,215,121,23,15,20,0,2,28,20,30,9,0,21,5,1,16,0,0,0,0,24,3,0,0,5,59,0,0,8,0,3,3,10,9,0,0,15,0,15,0,20,0,0,6,0,0,17,8,12,10,0,0,0,4,28,6,0,0,0,5,15,0,0,0,15,0,0,0,10,0,8,2,26,6,26,0,0,22,9,0,10,0,0,0,0,0,0,0,3,0,0,0,0,0,0,0,0,0,0,0,10,18,17,6,0,0,0,5,8,0,3,6,0,0,0,18,16,8,0,0,17,0,0,0,2,0,0
32,4,0,0,6,7,0,1,17,8,1,0,24,6,41,5,0,28,1,0,12,0,0,6,6,14,0,10,6,0,0,0,4,19,13,20,0,0,6,13,8,0,0,7,0,0,4,9,0,0,1,7,11,16,0,16,9,0,15,11,11,0,17,13,8,7,11,40,18,24,0,3,0,0,0,24,0,3,19,11,1,15,0,14,0,3,0,7,4,0,0,0,0,0,0,42,0,0,5,0,0,0,0,0,3,1,0,20,41,12,4,1,10,9,0,11,7,5,0,0,3,6,21,0,0,0,0,0,0,0,5,0,29,0,0,0,0,0,0,18,21,0,0,11,0,5,19,0,3,1,11,0,0,11,32,0,3,0,0,9,13,9,11,7,10,8,20,20,0,7,4,5,0,0,0,0,0,0,4,0,0,7,9,19,0,7,12,0,0,11,0,0,0,3,0,0,0,0,0,18,0,6,0,6,0,7,79,105,182,255,255,252,127,65,0,12,18,11,13,0,0,0,0,0,1,0,2,4,0,0,22,107,172,234,250,255,248,251,255,251,255,239,160,22,12,9,0,1,4,6,0,8,20,10,12,0,9,15,19,212,252,255,255,247,250,255,245,255,242,252,253,172,19,0,11,15,0,0,6,8,15,1,5,14,0,23,69,255,255,196,177,130,58,82,74,77,145,231,242,250,76,12,0,1,0,0,0,12,0,0,7,8,0,0,20,56,43,0,0,4,0,13,8,0,0,118,255,255,201,0,0,0,16,0,0,5,0,0,21,29,11,0,0,21,0,0,0,0,15,0,0,8,14,193,243,255,116,0,5,0,5,28,0,8,5,15,30,1,21,5,7,12,6,1,0,0,0,0,15,3,156,255,247,208,25,3,19,1,14,0,16,13,0,0,0,0,27,0,0,12,4,22,9,11,0,0,5,2,181,251,255,167,15,10,0,33,12,10,0,0,1,0,0,0,0,0,0,0,0,0,0,3,13,0,25,172,242,253,219,41,13,6,12,6,0,0,7,7,0,1,0,12,28,17,6,0,1,5,7,0,4,0,18,255,235,245,45,0,10,13,4,0,7,0,0,0,23,11,13,0,0,6,8,10,13,15,0,9,24,95,203,255,255,110,0,0,0,29,0,0,0,1,0,7,0,2,7,0,0,0,0,0,0,16,6,0,19,204,255,230,157,9,0,0,12,0,0,16,5,9,25,0,0,32,0,0,0,0,0,0,0,22,2,67,194,255,255,238,105,0,0,0,0,11,0,0,0,5,0,34,5,2,0,0,6,0,5,7,34,25,0,109,250,241,243,118,0,34,0,3,0,0,3,25,10,0,2,19,0,14,19,5,0,18,0,0,0,0,50,245,255,255,144,2,20,0,0,0,0,0,0,4,0,4,14,15,6,0,9,0,0,0,19,13,2,0,183,255,230,157,2,25,0,0,1,0,8,0,26,0,0,4,0,2,2,0,0,0,0,4,0,0,0,59,254,248,234,25,0,29,0,0,22,3,8,0,0,0,4,0,0,1,4,2,0,0,0,0,0,0,66,228,255,255,156,0,0,3,6,11,29,16,0,12,1,4,0,15,7,0,0,0,0,3,14,23,8,0,183,232,243,181,0,0,25,6,17,4,22,4,0,13,4,0,6,0,0,20,18,4,11,0,7,22,0,0,95,255,178,50,0,22,0,0,0,0,0,0,9,0,0,0,15,2,11,0,0,10,12,0,18,23,0,9,0,13,0,0,0,4,0,12,10,15,3,6,4,5,0,11,0,0,3,3
4,0,24,9,0,2,0,7,5,13,6,0,0,8,0,6,7,0,0,15,1,0,0,20,4,0,0,4,7,0,16,0,4,0,9,9,5,0,0,0,0,3,10,10,35,0,12,0,0,0,0,0,0,24,15,9,4,0,0,0,1,35,4,0,11,0,4,12,0,1,13,3,0,0,14,0,18,0,2,0,19,16,4,0,0,0,4,8,11,17,0,12,0,0,0,21,0,16,7,0,2,5,14,9,0,0,0,11,13,24,0,12,31,10,16,0,14,16,0,9,2,4,12,7,0,0,14,4,0,92,225,0,17,4,7,0,23,14,2,0,0,0,7,10,9,11,0,0,0,0,0,15,6,0,11,6,3,156,103,0,2,0,0,0,0,0,0,0,2,0,0,14,11,15,0,0,0,0,0,18,0,0,0,7,0,203,105,12,0,0,12,0,9,15,0,0,0,0,7,3,0,0,0,0,5,0,0,12,0,7,0,0,12,221,28,14,0,17,18,25,10,0,0,0,0,20,0,12,2,0,20,16,16,0,0,0,11,0,2,0,124,210,17,0,0,0,0,0,7,7,0,13,0,2,0,16,0,0,0,14,0,0,2,14,14,4,0,5,230,116,3,7,0,0,20,0,7,6,21,20,0,0,0,0,0,0,0,10,19,10,0,0,11,0,0,66,249,33,4,18,5,23,0,4,3,0,3,6,11,0,4,0,14,14,16,8,1,12,0,17,0,8,16,197,147,0,13,18,0,9,5,29,0,10,0,14,0,15,14,16,11,0,0,1,3,0,26,0,0,0,27,239,59,11,18,0,6,11,0,0,17,15,0,17,14,12,0,8,17,12,0,0,16,0,0,25,0,0,171,182,0,0,0,0,0,6,0,8,5,9,0,4,20,1,4,0,0,14,0,0,0,0,6,2,5,36,255,86,0,0,21,9,0,8,0,0,11,0,0,0,11,0,0,7,0,5,28,0,0,0,0,0,0,186,213,10,0,12,0,1,8,14,4,15,0,0,0,0,0,0,3,0,0,5,16,2,14,5,3,0,53,255,69,1,0,6,9,14,0,9,0,4,2,0,7,2,0,0,0,0,0,0,0,0,0,5,14,8,152,174,0,32,0,0,0,16,0,0,0,3,0,15,12,0,2,12,3,6,0,0,0,1,10,6,0,35,255,50,4,0,0,16,0,5,3,4,22,0,0,14,36,7,6,12,17,0,1,18,9,20,0,3,19,159,134,2,5,0,0,6,4,0,0,9,0,2,0,16,14,39,3,0,12,27,6,9,0,15,0,0,25,247,115,12,0,0,13,6,4,4,0,0,0,2,12,0,0,27,0,6,0,1,6,14,0,10,8,0,55,250,32,0,0,0,0,25,28,0,0,9,6,0,30,0,0,13,11,13,14,21,0,5,5,0,6,0,61,204,49,2,4,0,19,22,0,0,6,0,3,17,0,19,9,2,11,0,1,0,10,19,2,2,0,0,66,233,45,2,11,2,1,13,11,0,22,0,7,3,1,0,0,24,0,0,25,0,12,3,0,0,0,25,0,0,18,2,9,8,26,15,0,0,0,5,7,6,0,0,0,0,4,22,5,21,4,0,6,0,0,0,9,0,9,16,0,12,1,10,25,0,0,6,0,25,1,10,1,0,14,0,0,14,0,3,6,0,0,0,20,0,0,0,15,0,15,0,0,2,2,0,0,3,14,5,9,8,0,13,0,1,10,9,2,10,22,10,0,15,28,10,0,22,1,4,0,10,0,8,0,0,0,0,0,1
0,0,18,21,0,3,0,9,0,0,10,0,0,2,0,0,3,0,5,2,27,10,5,12,7,10,0,0,8,0,0,0,3,2,0,8,0,8,0,0,5,0,0,2,0,0,16,2,0,10,0,0,0,5,0,0,14,0,0,11,0,2,6,0,23,19,39,0,0,0,22,0,0,3,0,6,0,9,0,4,8,28,0,12,0,31,0,0,0,6,22,0,4,0,2,7,5,10,27,5,2,0,0,1,15,0,0,0,0,0,20,0,0,0,0,13,1,0,0,0,46,156,171,164,250,255,255,235,162,151,105,41,0,0,24,26,0,0,0,0,14,0,15,0,1,25,0,0,250,235,255,245,255,254,235,255,251,255,255,243,115,1,4,21,3,0,0,0,0,22,0,0,19,24,0,10,255,255,222,166,93,86,110,91,173,196,221,248,248,83,0,0,0,7,4,7,36,1,0,22,9,17,0,12,255,176,24,12,0,33,13,0,10,0,66,211,239,194,5,0,2,0,0,0,3,13,8,0,4,0,3,14,182,15,15,0,0,0,23,5,30,0,0,78,255,255,0,7,0,31,0,13,0,24,2,20,0,30,16,0,6,9,8,0,0,0,0,2,0,0,18,0,245,246,23,0,0,1,0,0,0,0,5,16,0,7,0,0,0,0,11,2,16,0,0,0,0,2,0,48,255,243,0,0,2,13,0,10,6,0,0,0,8,0,0,14,2,11,17,0,8,0,11,0,0,3,9,136,242,204,19,0,0,9,3,12,0,11,0,0,0,0,0,0,0,12,0,0,0,4,15,0,0,2,143,255,251,62,0,0,0,0,17,0,0,0,21,0,4,0,0,1,0,0,0,0,0,0,0,0,0,136,253,244,79,0,6,1,0,0,0,10,0,0,0,5,0,0,8,2,0,0,2,0,0,16,3,0,140,255,237,51,17,0,6,2,9,0,0,7,3,17,0,11,23,0,23,0,0,2,1,0,14,14,0,132,246,239,52,0,6,0,4,11,0,0,0,0,0,0,0,0,0,12,9,20,3,0,0,18,7,4,114,253,250,90,17,0,4,5,29,2,0,0,0,0,0,9,0,3,28,10,11,0,13,3,4,0,25,146,236,227,43,0,30,3,2,16,3,1,13,8,20,8,1,0,8,8,0,4,16,0,18,1,0,30,160,221,226,87,10,15,12,0,0,21,2,1,5,0,0,10,0,11,0,4,4,0,0,20,22,16,27,178,244,177,0,0,0,0,0,9,0,10,40,12,0,11,5,15,0,0,0,0,2,7,0,1,84,212,255,255,153,13,2,2,0,0,1,66,145,217,113,25,0,0,15,0,2,16,1,6,8,0,5,96,243,249,254,176,34,17,0,6,5,74,138,230,255,129,8,8,0,14,0,0,0,0,3,0,26,0,129,230,255,255,112,72,149,157,155,169,236,255,255,205,51,6,0,0,13,13,9,19,0,0,0,12,37,106,242,244,255,255,218,255,241,241,255,241,233,169,58,17,0,6,2,14,1,3,0,0,8,0,3,0,0,0,0,0,21,0,17,18,0,18,8,16,0,15,3,4,0,7,0,0,2,10,19,0,0,0,8,0,2,0,0,0,11,0,0,0,18,0,0,3,0,0,20,0,6,0,0,0,0,20,16,4,0,0,0,13,0,0,0,4,12,0,1,23,4,0,0,0,15,0,15,0,18,24,0,0,2,6,0,0,25,4,0,0,0,0,0,0,15,0,0,0,6,4,0,0,0,12,8,0,0,8,0,0,0,18,0,0
6,6,4,0,0,7,3,15,13,0,0,0,7,0,18,4,0,1,0,0,0,0,0,0,8,7,10,0,0,5,7,11,0,15,27,0,0,10,0,0,19,15,14,5,5,5,0,2,4,23,16,0,23,0,0,0,13,7,0,0,3,12,11,0,3,12,9,0,3,0,22,6,0,0,0,8,0,0,15,0,0,0,2,12,12,0,7,0,0,0,10,15,0,0,16,11,0,0,0,0,0,2,0,0,4,5,0,0,12,0,0,0,0,2,6,3,0,20,0,8,0,2,0,7,0,10,0,10,0,0,0,11,0,10,0,14,9,6,8,0,0,0,6,0,0,10,33,11,0,4,50,79,87,243,76,16,6,1,23,0,12,1,0,10,5,20,11,0,0,14,18,0,0,0,12,0,116,221,239,255,238,232,55,0,0,0,0,14,4,0,0,13,13,9,0,0,2,0,0,10,26,10,0,0,179,255,255,255,250,190,94,23,0,6,0,110,44,0,20,0,12,6,0,0,0,17,0,8,11,11,10,0,218,255,255,255,244,154,89,0,20,12,116,239,255,177,0,0,7,3,0,8,0,12,0,1,0,0,4,56,254,255,252,234,254,84,0,0,145,224,244,247,247,149,30,0,0,2,3,8,6,11,12,11,19,21,0,112,229,255,239,224,236,104,0,129,255,253,177,109,232,62,13,0,0,13,0,0,0,12,12,0,0,0,0,38,51,57,235,255,241,255,208,254,239,255,251,121,172,8,0,13,28,5,16,10,0,0,0,0,0,17,7,0,9,17,191,255,253,255,255,255,248,254,163,1,0,20,29,16,0,0,2,0,8,0,15,12,12,0,0,8,1,9,29,158,233,255,241,233,238,148,26,0,5,0,0,0,0,0,4,0,30,13,0,0,16,5,28,0,0,0,0,15,203,252,255,241,193,99,0,1,0,23,4,0,0,11,0,13,26,0,6,0,0,0,19,9,7,25,7,0,200,255,255,242,239,187,17,15,18,16,7,0,18,0,0,0,5,1,6,5,0,0,1,5,15,14,2,86,237,255,228,255,253,228,167,46,0,0,0,20,4,0,10,0,15,6,15,20,15,0,0,6,0,0,0,186,255,170,111,160,255,255,249,229,0,4,0,0,0,4,0,28,13,4,0,0,0,0,0,19,0,18,0,253,246,119,54,110,200,225,115,178,35,3,0,0,0,0,4,8,21,8,3,2,0,9,0,0,0,7,24,240,250,144,0,6,113,252,96,79,0,11,0,0,0,7,0,7,0,0,0,16,0,11,0,19,13,0,0,246,231,235,54,134,239,255,182,168,75,4,0,0,2,10,3,0,16,0,5,2,12,0,2,0,0,16,0,249,240,240,206,255,239,255,255,193,29,0,0,0,0,14,23,0,0,7,11,11,5,10,4,4,8,13,12,255,255,255,250,249,255,255,247,11,0,0,0,12,0,5,17,0,19,4,0,35,0,0,0,5,0,0,1,76,249,251,255,254,237,195,110,8,0,0,10,0,6,4,8,8,1,13,5,0,7,0,0,0,22,0,0,0,123,205,210,153,139,5,23,0,0,0,1,28,11,0,0,22,0,0,0,0,0,13,0,4,5,0,0,4,13,9,3,0,0,0,27,0,17,10,0,0,14,7,9,0,2,6,1,17,7,2,0,0,0,17,0,17,0,15,6,0,16,0,8,20,6,4,0,0,0,0,5,1,0,0,15,0,18,4,0,0,9,12,8,9,5,16,6,12,0,0,0,0,9,0,0,0,0,43,11,3
7,0,0,21,25,15,0,0,0,0,18,0,0,3,0,0,0,1,0,4,0,0,0,9,10,0,44,0,10,9,0,0,0,6,6,0,0,0,8,0,0,0,11,4,0,4,2,0,0,0,0,3,10,16,12,0,19,0,0,0,1,0,0,0,0,2,15,3,0,0,0,23,0,0,0,0,7,0,10,0,0,9,4,11,9,5,0,0,5,13,2,19,12,10,0,0,0,0,12,1,0,5,8,8,9,0,0,0,3,12,0,6,0,0,0,0,7,5,0,0,1,1,0,0,0,182,84,0,7,5,6,0,0,0,0,13,8,11,2,0,1,21,9,0,0,28,0,3,12,0,5,16,15,239,153,0,0,0,0,0,2,14,22,0,15,0,10,0,1,7,1,5,21,9,8,0,4,0,13,6,161,250,134,25,0,0,0,10,5,0,4,15,0,3,19,11,0,4,0,24,0,0,0,0,8,0,0,17,22,250,32,23,0,0,5,0,15,0,0,11,0,7,25,22,14,0,0,0,8,0,10,0,0,14,0,0,77,252,25,8,0,0,92,13,0,4,15,0,0,0,0,27,0,0,9,0,5,5,0,0,27,4,0,0,179,181,0,0,1,19,224,50,0,0,0,0,7,0,18,1,6,3,6,8,8,41,0,8,13,0,3,14,231,115,14,0,3,1,234,0,0,6,6,20,0,18,0,10,0,0,0,6,4,3,4,0,0,14,0,170,238,29,0,2,0,121,222,0,22,0,0,24,7,0,0,50,3,6,0,0,0,0,2,0,0,13,42,253,79,17,0,0,7,219,144,0,38,7,0,19,0,1,13,0,11,0,0,0,10,0,0,0,0,4,169,174,8,0,8,0,8,244,41,7,0,18,0,0,0,14,13,21,0,10,0,6,0,10,11,0,0,32,232,70,12,11,0,0,107,255,0,0,6,0,1,12,9,0,16,3,0,2,0,20,0,0,0,0,13,159,237,93,132,139,156,111,252,177,0,0,0,0,0,9,0,24,0,14,2,13,0,3,1,0,21,8,43,255,255,255,255,200,197,243,239,81,18,12,0,0,0,1,0,4,0,0,0,0,1,0,0,9,8,10,55,162,86,91,3,0,5,133,255,0,0,2,9,0,9,0,0,0,0,0,4,0,0,0,6,8,0,0,23,0,0,15,24,7,12,202,199,2,0,0,9,0,0,0,17,7,0,10,4,0,8,3,0,0,6,12,0,2,10,0,0,0,0,243,108,2,0,13,0,0,16,0,20,11,8,0,5,12,3,5,14,14,0,10,0,0,11,23,6,12,20,216,80,0,0,0,8,0,0,0,9,0,0,7,18,0,11,28,11,0,0,18,0,13,0,0,0,14,85,247,30,2,0,0,14,0,7,0,17,10,0,1,20,21,0,3,12,0,0,0,0,6,21,0,22,14,116,203,12,0,2,6,0,7,0,0,10,3,4,4,0,1,15,15,2,16,0,13,2,0,0,0,0,0,118,112,0,4,0,9,37,8,0,4,23,0,6,0,0,0,0,0,0,0,12,0,0,1,0,22,0,12,0,18,20,0,9,0,6,0,21,11,0,2,15,10,11,0,10,2,4,0,7,0,11,3,11,0,0,0,20,0,25,6,0,0,0,14,11,0,0,0,4,0,0,35,0,28,0,2,1,12,0,12,0,0,0,2,2,0,7,3,12,11,0,0,0,0,0,0,0,0,5,12,10,0,0,0,11,18,10,6,0,0,3,3,0,0,0,0,5,0,0,0,0,0,0,14,15,1
18,0,0,0,0,29,0,0,3,0,26,0,3,0,0,0,18,7,14,6,0,0,10,0,0,0,6,0,22,0,0,7,1,0,0,0,9,4,0,8,0,7,4,0,20,0,1,9,4,0,30,19,13,0,8,22,0,0,5,0,12,5,0,29,18,12,20,0,0,0,0,0,2,6,0,0,0,9,2,0,22,1,0,4,0,0,16,5,0,9,0,0,0,0,2,1,5,23,0,3,17,0,14,4,0,8,12,0,0,22,4,0,2,0,0,0,0,17,0,12,15,0,10,0,0,0,16,2,45,156,0,20,11,9,8,6,0,0,0,0,0,0,0,0,0,0,0,3,6,3,0,5,12,0,0,0,208,247,5,5,11,19,14,0,1,0,0,20,0,8,2,2,0,0,1,3,7,0,0,0,0,0,0,171,249,247,73,0,0,5,0,14,16,0,7,16,4,0,6,0,14,0,0,10,0,0,0,0,9,0,0,193,255,205,24,0,18,4,0,0,0,1,1,4,9,0,0,6,3,0,0,0,24,5,0,12,0,0,11,240,255,254,8,16,0,0,0,0,4,15,0,6,0,0,0,3,2,19,0,8,3,22,0,1,14,0,148,255,255,120,22,5,2,15,4,17,9,2,0,0,2,0,0,0,0,0,0,14,0,0,14,5,24,0,161,249,146,0,15,0,9,14,0,0,5,0,0,0,12,0,15,0,1,8,0,0,14,9,0,0,19,0,223,253,151,21,23,0,0,18,13,0,14,8,9,0,9,0,31,12,16,0,1,0,2,0,20,12,3,73,255,251,183,0,8,3,0,0,3,19,14,16,0,0,16,0,0,8,0,0,3,0,10,4,0,0,0,201,255,255,95,2,0,0,16,0,0,14,3,0,1,7,4,3,0,32,25,0,26,11,0,17,9,2,31,242,227,84,0,0,0,2,2,10,4,0,8,11,0,0,0,5,9,0,20,0,0,5,4,10,16,9,70,248,189,0,0,8,12,11,11,6,0,4,0,2,0,10,0,9,3,0,0,0,0,0,10,14,0,3,141,251,109,15,10,0,13,0,0,9,10,0,0,0,6,28,0,6,23,8,0,10,12,0,4,4,8,63,255,254,117,12,1,5,7,33,8,0,10,7,0,3,11,24,0,0,0,0,0,0,0,0,2,0,4,108,242,223,71,0,0,9,0,4,15,3,16,0,0,0,0,0,13,0,3,0,0,1,0,0,21,0,86,226,250,155,0,0,10,27,8,15,0,4,0,3,0,0,0,4,6,0,19,0,0,12,2,0,16,0,65,253,189,45,0,0,0,0,0,0,0,5,0,8,0,0,0,1,11,0,16,2,0,1,6,0,12,7,200,246,155,19,0,0,0,23,22,0,0,0,0,15,17,0,0,22,5,0,0,0,0,0,10,14,30,145,255,247,34,0,0,0,18,15,20,21,0,0,0,11,0,15,4,1,0,0,1,0,0,0,0,8,0,161,193,72,16,0,0,2,0,3,0,20,0,0,0,25,9,5,8,0,0,3,9,0,0,26,0,11,10,0,0,0,4,14,0,0,5,17,16,0,0,20,0,0,0,2,0,10,0,0,0,0,0,7,0,14,0,8,0,24,0,6,2,24,5,0,3,0,0,4,19,12,0,3,0,3,8,0,0,5,0,0,0,22,4,0,0,0,0,0,5,18,8,0,11,0,4,18,0,0,0,10,0,0,0,0,4,1,18,0,2,8,0,0,0,5,0,0,5,0,0,0,0,26,15,17,31,24,6,0,0,0
19,0,27,0,0,10,0,17,26,0,0,0,0,0,7,0,3,0,0,0,22,9,0,0,10,0,0,0,0,1,0,0,4,12,0,0,21,6,5,3,3,13,0,12,0,6,0,0,25,0,15,0,0,0,0,0,1,10,20,0,0,0,0,0,24,0,3,0,0,0,0,17,0,16,0,26,0,0,0,7,0,19,7,5,6,1,22,5,9,0,5,8,0,0,0,6,1,0,0,0,0,1,0,26,0,0,0,21,0,18,0,0,15,22,1,9,9,0,0,9,10,7,0,10,21,0,4,8,20,2,9,0,15,0,0,0,22,0,5,8,0,0,0,0,0,3,23,0,20,0,0,0,0,0,0,0,0,0,0,0,5,0,0,0,0,0,0,5,0,0,0,2,28,0,0,0,0,7,0,9,0,0,0,0,14,0,0,9,6,0,13,2,0,7,0,5,20,0,0,10,0,0,10,8,14,13,0,20,89,171,169,167,146,69,0,9,0,0,15,5,0,1,4,0,18,6,0,0,18,22,21,6,8,115,200,204,255,240,247,244,236,255,30,4,0,26,0,0,0,13,0,8,0,5,0,0,9,0,20,70,246,237,210,148,98,105,89,3,222,237,57,0,0,16,0,0,6,17,0,0,8,0,24,0,3,0,0,195,78,56,0,15,12,11,0,0,212,255,125,0,0,0,25,0,0,0,0,22,8,30,0,1,4,0,17,7,0,0,0,8,7,0,0,15,218,252,27,0,10,13,3,3,0,0,1,4,0,35,0,0,15,37,0,0,10,3,0,0,0,5,0,0,197,234,39,0,0,0,1,0,0,0,0,26,5,9,0,6,0,0,0,2,0,0,0,0,14,6,0,5,192,180,16,0,0,15,29,0,0,0,8,11,0,13,9,0,16,0,0,0,0,1,0,0,2,0,0,58,248,93,0,0,0,4,11,19,0,7,0,4,9,3,18,9,7,2,0,0,0,0,0,0,2,0,0,158,238,35,0,0,0,5,3,2,0,0,0,13,1,0,0,8,1,18,12,0,16,10,0,4,0,1,9,242,228,10,0,17,16,0,0,16,6,3,15,13,0,0,0,9,0,0,11,18,1,7,0,0,0,12,51,249,95,0,0,0,4,8,8,0,0,0,0,1,1,1,3,0,19,0,9,0,9,1,17,0,0,22,101,229,43,0,1,0,0,3,0,18,6,0,0,0,0,0,0,11,5,0,0,0,8,0,10,0,6,0,209,217,24,0,0,16,0,17,0,4,0,11,6,0,0,4,11,15,4,0,0,7,9,0,2,0,45,43,243,59,0,1,0,0,0,0,0,14,0,1,7,2,13,12,28,9,0,14,7,0,0,2,0,5,24,135,240,0,0,24,12,0,0,0,2,9,3,0,0,0,6,23,0,21,0,0,0,7,10,24,0,0,23,255,168,0,0,0,0,0,24,0,0,13,0,8,0,19,1,0,0,0,21,12,0,1,0,24,0,0,92,232,49,26,8,0,21,0,0,0,0,0,0,0,0,2,6,3,0,0,15,0,0,17,4,0,7,0,188,201,0,9,8,7,0,6,2,0,0,12,0,20,0,0,8,0,13,0,0,0,8,0,0,0,0,28,255,115,0,3,5,0,12,0,0,16,0,0,0,0,9,0,15,0,8,0,1,0,9,3,5,3,5,113,214,0,0,23,0,30,0,3,5,0,20,0,20,20,1,29,0,0,0,13,0,0,10,6,0,0,0,0,0,0,0,4,0,0,1,0,0,0,3,0,9,10,0,2
0,1,0,0,9,0,26,4,0,14,11,0,0,0,10,11,0,0,6,0,4,0,9,0,0,3,0,0,0,0,0,0,1,0,13,0,6,0,24,0,0,0,2,0,0,16,18,16,0,14,0,0,19,0,5,0,0,10,0,4,0,10,18,0,0,0,25,1,1,0,0,2,29,0,0,0,17,11,4,0,0,0,0,0,0,0,15,0,0,0,8,0,0,27,0,10,1,0,0,0,11,10,13,0,0,0,5,0,8,0,12,0,3,6,0,7,8,0,0,0,6,2,15,129,220,209,194,195,89,0,0,0,0,0,13,0,13,0,0,0,0,0,22,24,6,0,12,25,31,18,52,255,242,255,239,255,255,86,0,18,0,0,4,0,0,1,0,0,9,7,0,0,0,0,0,2,15,7,0,122,129,146,242,246,253,255,103,0,0,5,6,0,12,4,29,0,15,4,0,5,0,0,2,0,15,0,0,0,0,3,215,255,245,242,9,16,6,0,0,18,8,2,13,0,25,0,0,0,10,0,0,0,6,0,0,20,61,223,242,247,229,60,0,0,0,3,5,0,0,0,0,0,0,10,7,10,0,0,0,0,0,1,30,36,221,255,255,144,62,8,0,6,0,0,16,24,1,0,0,0,0,9,9,0,11,2,9,0,2,10,0,67,255,238,255,106,0,4,0,0,3,0,20,0,11,0,0,10,0,10,0,0,3,0,0,0,17,8,17,28,170,248,245,255,177,10,13,0,8,0,6,11,0,0,0,5,9,4,0,21,3,13,1,0,27,5,0,7,23,13,241,245,255,193,30,0,0,0,14,3,1,8,0,0,30,0,0,0,0,0,14,0,0,7,0,6,14,2,39,149,249,254,199,22,8,8,35,0,0,7,40,0,0,0,9,20,0,7,8,5,0,0,5,0,19,4,0,0,144,255,235,87,2,0,0,30,0,3,0,0,0,0,27,2,13,0,14,28,0,6,17,11,4,21,27,0,19,204,255,206,78,12,13,0,5,0,0,23,0,25,19,0,0,0,0,10,0,0,0,0,0,4,0,22,7,99,242,239,143,0,0,11,18,19,22,14,8,0,0,0,7,0,0,5,5,0,0,0,0,4,5,0,30,186,255,255,81,0,3,8,15,10,4,23,2,0,0,0,0,7,0,0,0,0,9,3,0,0,0,137,251,255,224,116,0,23,0,6,6,7,15,1,8,0,0,0,0,2,4,0,5,24,7,4,73,84,240,249,255,243,53,6,0,19,16,0,0,0,0,12,5,15,0,25,0,0,2,21,168,196,111,134,255,252,255,195,147,30,24,0,5,21,5,0,26,0,3,0,0,0,0,0,0,16,16,145,252,250,237,255,255,241,178,10,19,0,4,0,15,0,0,0,7,0,0,8,0,21,0,10,0,17,0,208,237,255,253,249,168,78,10,0,0,0,6,0,2,4,0,16,0,0,0,0,13,0,0,9,12,29,0,178,202,94,43,27,7,4,0,7,0,2,12,0,36,0,17,0,0,9,13,0,4,0,0,18,18,0,0,14,0,5,0,0,0,0,0,13,14,14,8,0,4,20,0,13,0,0,17,17,0,0,23,2,0,10,0,1,19,10,0,3,0,0,0,0,23,0,0,8,0,7,0,0,3,14,4,4,2,0,0,0,0,12,0,0,5,0,5,0,10,0,15,0,0,23,6,1,11,0,18,0,0,0,0,0,12,3,0,0,13,3,0,14,0,0,0,3,2,14,0,5,1,3,0,8,0,18,12,0,21,0,0,12
2,0,0,0,21,0,0,22,12,0,2,16,0,0,10,1,17,0,0,0,0,13,0,14,0,0,17,4,8,0,6,0,0,13,0,16,0,0,12,0,0,16,0,22,0,0,2,2,0,11,0,0,1,12,0,0,0,1,21,0,22,0,4,0,17,32,24,0,0,13,0,0,0,21,0,12,22,27,0,0,0,30,8,2,18,0,0,16,0,15,0,34,0,3,31,3,0,13,0,0,0,7,0,0,1,0,10,6,0,2,0,17,5,8,0,14,12,5,17,17,22,12,11,24,223,188,188,176,112,11,15,7,0,0,0,0,0,12,10,0,0,5,0,0,0,12,0,0,11,0,0,123,255,242,255,226,255,237,88,22,0,6,0,16,7,0,12,0,0,19,3,0,2,0,0,0,0,0,18,143,255,37,45,44,79,212,247,26,8,22,13,0,15,2,7,3,5,4,20,0,0,16,0,0,0,0,0,157,92,2,7,19,0,207,247,45,2,0,13,0,42,8,2,0,0,15,0,0,8,8,6,0,0,0,10,92,47,0,20,0,63,249,194,0,0,0,0,0,0,3,11,12,0,3,12,25,24,0,4,0,6,2,11,1,12,1,0,52,255,240,48,7,0,13,0,0,8,3,0,9,0,0,3,0,20,0,8,18,10,0,0,0,0,8,17,161,245,66,3,7,0,7,8,0,14,9,0,0,9,0,8,0,19,9,0,16,0,0,0,0,55,127,238,247,96,6,0,0,0,0,0,23,7,9,0,0,7,0,0,0,0,16,11,0,5,16,0,65,255,240,236,30,4,11,8,0,0,0,4,2,0,0,3,0,8,0,11,5,0,0,0,2,0,7,0,35,121,162,255,161,10,24,5,8,0,16,0,0,2,14,23,24,4,15,23,0,0,15,0,9,2,0,0,4,5,0,147,255,88,0,0,28,0,0,0,14,13,8,8,0,7,0,0,0,0,33,2,16,0,0,9,23,19,0,7,232,237,8,5,7,0,0,3,3,5,5,0,0,15,0,0,0,4,0,0,0,0,0,6,1,0,6,10,124,255,53,0,0,18,4,10,0,9,4,0,6,0,6,6,1,0,0,20,0,0,20,23,3,5,0,0,41,253,40,0,16,0,10,0,24,0,19,0,2,0,9,6,17,6,1,25,12,0,3,0,0,0,17,23,133,235,66,0,13,7,19,0,9,2,19,0,0,0,0,0,0,5,5,36,162,0,5,0,0,0,7,33,192,227,22,3,14,0,7,9,0,0,0,19,0,0,23,2,0,10,0,91,197,37,0,4,21,9,0,0,202,197,0,0,0,15,11,0,28,12,33,16,7,0,0,5,17,3,19,28,213,233,81,28,0,11,4,58,255,120,14,0,0,5,0,15,1,0,0,0,15,0,0,0,0,0,0,0,25,191,255,237,251,160,154,200,211,22,1,14,1,7,0,2,0,0,7,2,12,6,0,6,0,4,21,0,0,5,116,191,236,255,251,213,49,4,5,0,0,0,0,0,0,9,0,13,3,0,9,9,0,13,17,0,12,29,6,0,8,0,10,0,24,0,13,14,0,17,3,3,3,0,0,0,0,1,0,0,11,11,0,0,0,0,0,15,16,0,0,0,0,10,0,0,16,9,0,0,9,0,0,26,0,7,4,2,0,8,0,0,0,18,16,0,0,0,2,15,5,4,0,0,0,0,19,0,5,23,17,0,25,18,0,0,1,0,0,21,0,9,14,0,0,16,0,0,0,30,0,0,38,10,0,0,0,10,0,20,0
0,0,17,0,0,0,0,0,0,7,0,0,18,20,0,4,0,0,0,0,0,0,11,12,9,0,0,14,0,2,2,0,18,11,3,0,0,23,22,0,2,0,8,16,14,0,1,9,0,13,2,0,0,0,0,0,1,0,2,0,11,0,0,0,29,23,0,5,20,4,1,8,0,24,0,0,8,20,8,9,0,0,0,14,19,0,0,24,2,22,8,7,0,8,0,0,2,25,0,0,4,0,0,14,15,10,12,0,17,0,0,0,0,10,8,1,0,0,4,13,12,0,21,0,39,50,203,159,172,142,53,0,0,33,0,4,0,0,10,4,4,14,0,21,1,0,0,0,0,0,21,159,224,243,255,248,255,255,200,13,0,2,0,0,11,0,9,0,18,0,0,3,3,0,12,3,31,98,235,225,246,244,255,180,164,240,239,117,0,37,0,16,0,0,0,0,0,0,0,0,8,7,16,0,151,255,255,255,212,63,33,11,0,81,255,150,0,0,0,13,8,0,5,10,0,0,9,28,20,0,0,8,195,252,255,107,36,0,0,0,0,0,174,5,1,7,0,0,6,17,10,0,3,27,0,10,0,0,0,1,196,255,249,67,10,29,28,1,7,12,0,6,0,3,12,10,6,0,5,0,0,12,0,14,0,0,0,5,108,255,248,240,39,0,6,0,5,25,7,0,0,0,2,7,0,0,6,0,0,21,0,0,6,0,0,0,4,205,255,255,229,51,12,0,11,1,12,0,2,0,14,0,0,6,11,0,0,0,2,0,3,22,6,0,0,57,201,242,255,228,82,74,75,85,25,0,0,0,3,0,0,2,9,14,0,16,5,0,0,1,0,4,12,12,53,219,238,255,255,255,216,255,163,18,10,2,0,12,0,4,0,14,4,8,0,0,18,0,0,0,0,0,0,93,248,255,255,255,199,45,6,3,18,4,1,0,0,0,11,2,11,0,0,3,0,0,23,8,0,0,52,234,255,255,248,250,231,71,2,8,17,0,0,0,3,5,1,0,14,10,0,3,0,17,0,7,14,22,229,249,255,211,91,206,254,210,62,17,6,0,26,3,0,0,0,26,0,0,17,0,11,9,0,5,0,90,242,246,214,0,0,62,223,255,255,89,0,14,0,6,0,0,14,15,10,0,7,5,0,7,17,5,0,146,246,255,218,5,3,8,115,248,255,182,0,2,0,3,0,16,2,0,12,0,15,0,0,1,7,7,0,119,242,254,205,0,2,0,0,223,255,192,5,21,21,0,27,15,0,0,0,0,26,2,9,0,0,0,0,0,184,222,255,160,65,25,10,151,248,182,0,0,0,0,0,12,0,0,0,0,7,0,10,0,5,0,0,8,123,233,255,246,255,252,222,255,255,208,1,19,13,0,1,0,0,0,0,3,0,0,11,3,10,11,0,0,0,105,250,247,231,255,255,255,243,144,7,0,0,0,24,0,0,4,8,0,20,0,6,8,0,2,9,0,0,5,35,128,211,247,175,117,35,0,0,0,0,5,0,0,5,3,0,0,6,0,12,14,13,0,0,8,11,7,0,0,0,13,6,0,0,0,0,0,0,0,0,1,7,6,0,0,0,0,0,0,0,4,15,0,0,23,0,7,3,0,0,4,0,0,0,13,0,0,10,0,0,4,0,6,0,0,2,0,0,5,8,0,18,8,0,0,0,40,21,0,6,19,0,16,5,8,0,0,0,10,0,22,0,0,0,4,0,0,4,0,32,0,0,0,0,0,34,6,1,0,0,0,0,3,23,10,0,9
11,13,0,0,0,0,0,7,5,0,12,0,0,0,0,0,0,17,1,0,9,9,0,2,3,15,0,0,3,0,0,0,6,2,0,0,6,18,9,6,16,0,16,13,9,11,2,0,0,11,10,0,0,0,0,21,0,34,0,0,0,3,5,0,3,21,0,9,4,0,0,17,0,0,21,0,0,0,0,5,0,3,0,0,0,5,7,0,0,15,0,11,20,10,0,9,14,9,0,0,0,25,0,31,2,8,8,0,0,0,15,0,15,2,1,6,9,7,0,3,0,0,0,0,1,0,23,0,0,0,0,0,0,0,0,25,0,0,11,0,7,25,0,0,6,3,17,3,16,1,0,21,0,0,0,9,20,8,6,6,22,5,0,5,0,7,5,0,10,0,0,0,18,0,0,0,0,5,14,77,105,100,200,255,225,120,121,33,19,0,3,0,12,6,2,0,5,2,5,3,11,0,13,35,214,240,242,225,249,255,242,240,255,255,255,103,20,0,0,0,17,20,3,19,0,0,0,1,0,7,0,210,255,255,255,252,248,252,248,255,232,248,255,201,8,0,1,0,0,0,0,0,4,6,0,0,0,0,0,216,241,252,255,255,255,255,240,234,255,255,245,255,218,114,34,12,0,2,0,0,0,3,12,0,0,4,42,183,255,248,196,56,71,211,182,104,58,65,56,200,255,255,86,0,0,24,10,0,0,7,0,0,0,0,0,21,229,241,195,69,0,40,0,0,0,16,180,255,230,188,40,0,0,0,0,8,2,0,6,0,21,7,0,0,114,215,255,179,28,6,0,0,23,175,255,240,227,8,11,11,0,6,14,1,5,0,17,0,16,0,7,26,12,33,208,255,255,86,1,0,195,253,219,202,41,6,0,0,20,0,0,0,0,1,13,0,0,16,3,0,12,0,44,191,239,255,151,92,255,244,246,47,0,22,0,27,0,0,3,0,4,0,2,0,5,2,0,12,14,0,0,0,95,255,243,255,255,203,80,0,2,0,12,0,0,0,11,16,18,4,0,0,3,10,31,0,0,1,14,20,35,195,255,255,251,37,0,2,0,0,12,3,0,18,2,0,2,41,0,0,5,2,3,11,0,17,0,0,8,143,255,253,255,49,0,0,0,16,6,0,12,0,0,6,0,0,0,14,0,12,13,0,4,6,0,0,26,229,238,255,255,138,8,15,10,36,7,10,21,0,0,0,0,0,0,0,26,0,6,6,0,0,6,2,73,255,213,91,216,242,33,11,0,5,6,26,20,0,2,22,18,0,1,0,17,0,0,1,0,0,0,18,246,240,83,0,95,255,13,12,2,0,8,0,1,0,8,0,4,0,0,3,0,0,26,3,5,0,4,136,241,146,0,0,227,255,45,0,19,5,12,2,0,0,5,0,0,3,0,0,2,0,9,21,0,10,3,215,255,120,116,168,255,176,18,11,0,17,0,8,0,17,15,0,8,0,0,0,19,0,1,0,0,0,0,168,246,229,255,254,239,152,40,2,0,0,23,41,11,7,2,8,4,0,0,0,8,2,0,31,0,5,0,196,249,251,250,248,206,0,0,5,0,0,0,0,0,0,0,24,0,9,0,22,0,8,0,0,0,9,0,112,255,242,190,120,0,1,8,0,0,0,0,4,0,17,1,8,0,0,0,8,0,13,0,8,0,0,3,0,5,4,0,12,24,0,4,0,0,9,9,0,18,10,17,6,0,0,32,10,0,4,0,11,0,0,12,0,0,0,0,0,0,0,18,15,0,8,0,0,0,0,8,0
0,5,0,8,16,0,0,0,0,14,16,0,13,0,0,17,1,8,0,5,10,1,0,0,0,2,0,31,16,0,3,5,0,0,32,1,0,2,5,0,10,13,9,0,3,1,2,23,0,12,15,1,0,0,0,5,0,6,0,1,0,0,0,5,12,27,0,0,0,4,0,0,0,4,3,5,9,0,9,3,18,0,0,7,19,16,0,13,9,3,30,10,0,0,4,0,0,8,8,10,0,0,0,4,0,16,0,33,3,2,0,19,0,0,0,15,0,0,2,0,2,17,8,17,8,0,3,11,0,0,13,7,6,21,0,1,0,0,5,0,5,0,3,9,0,0,15,0,5,0,3,0,7,0,0,17,5,20,11,0,0,0,7,17,0,0,24,12,5,0,0,0,0,0,21,7,0,0,0,31,61,94,149,166,238,226,79,9,1,0,15,11,13,12,3,3,3,3,0,20,0,22,0,45,205,234,224,247,255,255,255,255,252,219,151,5,9,0,5,0,9,0,15,12,2,14,0,0,0,0,9,42,75,199,200,182,154,146,153,47,114,255,139,0,22,1,19,6,1,10,0,0,2,0,1,0,4,0,0,9,10,0,0,10,0,0,0,14,65,243,137,0,0,0,19,22,26,0,24,5,13,0,0,0,1,0,0,4,0,2,7,18,18,0,0,0,159,255,161,7,6,13,22,0,6,0,0,0,0,0,3,2,1,10,0,0,0,3,7,0,8,2,0,3,231,255,65,0,2,0,8,1,29,0,0,6,13,0,0,15,19,0,21,19,12,0,10,19,0,0,0,15,243,234,27,0,0,10,8,18,0,0,1,6,0,0,10,4,0,12,10,0,0,0,0,1,0,0,3,91,247,164,9,5,2,10,0,0,0,18,0,23,9,1,0,4,0,1,3,5,5,0,12,11,0,9,0,159,253,63,0,0,0,19,13,0,1,1,0,30,0,0,7,0,5,3,5,0,9,27,21,17,0,0,0,179,255,30,0,0,0,0,0,9,8,11,11,0,0,18,1,0,4,0,0,10,9,3,24,10,2,9,21,225,255,17,0,0,5,0,0,10,0,0,15,8,0,0,0,0,0,0,20,8,0,22,0,9,0,20,50,255,162,8,0,21,25,0,0,0,13,9,27,0,0,7,5,0,0,22,0,0,17,0,24,1,23,9,193,238,53,16,6,0,5,0,24,14,0,6,0,0,0,1,0,0,5,1,5,0,3,3,16,0,0,54,251,247,2,0,1,1,4,14,0,3,29,5,0,12,0,0,1,2,0,14,0,1,0,5,7,0,17,80,255,219,11,40,0,0,0,0,29,6,1,0,0,0,11,1,0,12,0,0,0,9,9,8,0,0,12,186,247,142,177,0,4,0,14,0,6,0,0,12,0,10,1,0,0,7,20,0,15,13,8,0,0,0,75,255,250,255,94,0,0,2,9,2,19,0,0,0,0,8,0,0,0,0,0,5,0,26,0,0,0,0,104,254,232,165,20,3,14,7,0,0,14,0,2,0,0,0,0,0,0,0,3,0,0,0,8,28,9,0,173,255,207,0,9,3,7,0,2,0,0,37,0,0,6,2,2,10,14,8,0,6,10,15,0,0,10,0,103,225,42,0,7,19,8,0,0,0,19,17,18,0,11,12,23,0,0,0,0,9,12,9,6,0,0,0,0,0,15,0,6,0,5,0,0,4,0,0,0,4,9,8,0,19,3,0,0,9,3,0,0,14,0,1,31,0,2,0,26,8,0,6,28,4,9,20,12,0,3,7
0,7,0,0,0,0,4,0,13,0,0,1,0,20,13,0,0,21,12,8,0,0,4,0,17,0,0,0,12,4,3,4,20,0,0,7,1,16,25,10,6,5,0,9,7,5,0,8,0,0,22,0,7,11,0,4,0,0,0,0,18,0,0,0,0,10,7,15,4,10,6,16,0,0,2,0,0,0,1,13,28,0,0,0,0,0,0,0,19,6,0,0,0,9,0,19,25,0,0,0,0,3,0,3,16,0,0,0,0,7,0,0,0,0,0,0,0,0,0,0,0,0,0,2,23,0,0,0,0,0,0,0,0,4,12,0,0,0,20,10,0,3,2,28,0,0,20,0,0,0,7,0,6,0,0,0,1,0,0,0,16,0,0,0,9,0,18,0,11,0,9,1,0,0,16,0,0,4,25,0,0,5,0,0,0,0,12,0,0,20,0,16,0,1,12,5,1,5,0,0,0,0,16,13,17,0,45,154,175,250,255,247,221,115,0,0,0,13,0,0,0,0,11,10,0,0,9,0,14,4,12,6,0,147,220,255,216,169,198,212,231,242,185,6,2,22,25,17,0,0,4,0,8,0,0,21,17,2,0,12,201,255,183,36,35,0,0,0,11,171,250,79,20,5,9,0,0,11,2,18,10,0,1,0,0,20,12,98,255,56,4,14,18,2,0,17,0,123,255,0,0,0,0,0,0,0,0,0,0,0,7,0,0,0,0,235,217,7,19,2,0,0,21,9,21,175,213,32,37,3,0,0,0,0,6,0,2,0,20,4,0,2,26,217,181,29,8,7,5,9,0,0,0,0,69,255,186,0,7,25,0,10,0,7,1,4,0,0,3,0,0,133,255,29,3,1,8,20,0,32,11,24,165,255,198,0,44,9,2,0,21,0,0,0,0,20,0,0,0,28,250,193,0,1,0,14,0,6,0,69,239,253,74,24,0,6,17,5,6,16,3,1,9,0,29,8,0,0,121,255,135,0,6,0,0,0,18,151,255,188,5,0,2,0,0,0,0,0,0,30,4,0,0,0,0,0,0,139,242,185,37,0,12,17,50,232,216,34,4,7,1,29,0,24,0,0,14,0,14,0,0,0,17,11,0,5,42,208,254,188,181,241,255,251,123,5,6,0,20,21,0,7,0,12,0,0,0,26,0,0,0,6,0,5,0,0,73,160,249,224,241,235,12,0,8,0,0,0,0,25,0,12,0,1,0,26,0,11,0,9,10,0,13,19,16,3,15,38,233,191,0,0,15,0,0,3,8,0,9,14,0,27,29,15,17,7,8,12,0,13,8,14,0,0,0,96,255,160,7,13,0,3,6,0,0,0,16,0,5,8,0,0,17,1,2,0,0,14,0,23,0,7,18,113,247,172,19,2,0,0,7,0,6,8,0,10,23,0,0,0,10,0,1,27,0,16,33,3,10,27,12,74,233,136,0,0,0,0,0,24,4,26,10,2,0,20,0,0,1,0,3,0,2,0,0,0,0,14,2,18,230,207,0,15,0,0,0,0,0,0,0,0,11,0,0,0,0,3,0,0,0,3,15,8,19,0,0,0,223,214,12,5,0,8,0,0,0,0,0,11,5,0,8,1,8,6,0,0,2,0,0,1,0,13,0,0,207,229,4,4,0,9,0,0,6,0,3,19,17,13,9,3,4,16,19,12,7,0,0,2,0,0,29,0,180,210,2,0,0,9,0,0,11,2,0,2,0,9,4,5,14,18,0,4,0,11,0,0,0,0,0,5,0,0,2,3,0,12,26,3,16,0,10,0
0,2,19,0,0,0,0,0,0,0,0,2,13,0,0,7,0,0,0,0,1,1,5,0,0,11,8,15,0,0,0,0,18,0,0,12,0,13,0,0,8,0,0,0,18,0,17,0,0,12,0,2,0,0,8,0,3,31,0,0,10,19,15,8,0,0,0,0,0,7,2,0,8,0,0,4,0,0,5,10,0,13,0,0,0,0,10,11,12,0,0,56,179,246,255,255,156,12,0,7,20,0,0,0,0,0,10,0,0,0,10,25,0,0,0,0,5,22,6,139,242,255,246,249,255,168,57,14,0,0,0,13,0,5,20,0,0,0,0,13,23,10,4,15,0,28,0,105,241,255,255,247,255,243,255,0,5,0,11,2,0,4,8,16,18,0,3,0,0,22,0,0,0,23,29,70,202,154,106,132,128,255,254,237,59,0,0,14,8,0,14,3,9,7,0,15,0,0,13,0,0,0,0,0,10,5,0,9,0,64,250,242,201,3,0,5,3,0,20,0,9,19,8,28,0,0,0,2,0,6,19,14,0,16,38,6,7,12,69,249,255,207,0,5,24,0,24,0,0,16,0,0,12,0,0,0,15,0,2,0,0,0,3,3,0,1,15,192,249,244,46,22,0,0,0,0,0,0,0,0,0,4,8,0,15,8,0,0,4,1,0,9,0,0,2,61,193,255,255,13,1,0,0,24,0,13,0,12,0,3,0,4,15,0,0,0,3,4,6,0,0,5,29,0,108,255,244,0,0,0,26,0,0,0,3,15,16,10,0,2,0,11,18,3,0,21,0,0,0,1,1,0,140,255,243,57,5,0,22,0,0,0,7,0,7,0,0,14,6,36,0,5,0,0,0,0,0,9,9,16,139,233,246,128,14,0,0,0,0,0,3,0,9,12,20,1,14,4,0,0,0,0,3,12,23,18,9,0,188,246,253,0,0,0,14,0,0,0,0,0,0,14,17,0,15,13,8,0,9,19,0,7,0,0,30,182,255,255,255,0,16,0,0,28,13,0,4,3,0,0,4,1,0,0,0,2,12,0,4,0,0,0,189,254,247,255,48,0,3,0,0,0,2,11,6,7,4,10,0,12,0,0,0,1,0,8,0,0,71,244,255,255,255,254,21,0,12,0,1,0,0,0,12,2,0,0,0,2,0,0,10,0,16,12,0,178,255,248,247,255,255,138,21,0,0,5,14,9,9,0,0,2,0,25,0,2,9,0,0,0,0,0,135,254,253,255,250,255,255,0,0,0,14,0,8,12,0,0,1,16,20,9,2,27,10,2,26,15,0,15,127,255,255,255,255,251,244,250,252,246,252,199,71,0,0,0,0,4,19,3,8,0,0,0,17,6,6,0,21,252,251,255,245,255,255,255,255,255,254,188,64,0,3,0,0,13,5,2,0,0,5,6,0,0,2,0,0,214,255,229,231,255,239,255,240,255,122,78,8,3,17,0,9,12,0,0,0,11,0,14,9,0,6,0,0,17,3,0,0,0,0,19,0,0,0,0,4,16,0,12,0,10,13,0,1,0,7,20,0,4,0,4,0,20,0,23,0,0,3,0,0,0,9,0,15,12,6,1,0,0,12,3,0,8,0,0,0,0,0,0,0,10,11,0,2,0,0,0,0,15,10,0,0,0,33,0,9,17,0,17,11,6,25,0,21,22,10,13,7,0,0,0,8,6,1,4,0,20,0,0,0,0,10,10,0,0,0,0,12,0,12,0,0,0,0,0,0,3,19,0,0,0,9,1,0,8,0,5,8,20,4,0,0,19
23,0,6,0,0,1,7,18,8,16,11,1,0,0,0,19,0,3,0,9,0,0,0,4,1,3,0,0,6,0,0,0,0,0,0,0,0,6,2,1,0,9,0,6,4,1,7,9,7,0,1,0,11,4,0,5,0,0,0,16,0,0,0,0,0,0,1,0,74,206,99,43,0,0,0,13,12,2,0,2,10,0,2,0,0,0,6,0,0,24,0,0,11,17,0,2,108,199,238,236,134,0,2,0,6,19,0,7,26,0,14,2,5,9,0,0,0,0,5,0,1,10,2,0,7,19,78,255,253,129,16,19,0,0,6,0,0,0,17,6,10,0,3,3,2,15,1,17,8,10,27,4,2,0,0,142,238,246,25,0,7,3,7,0,0,0,12,0,0,3,22,0,0,23,0,3,0,14,10,0,0,19,0,15,212,255,110,0,0,24,5,0,3,0,0,3,0,0,0,0,0,11,9,0,21,14,3,0,3,0,12,0,176,255,144,14,1,7,0,0,21,8,0,2,10,14,7,0,0,0,0,0,8,0,0,2,7,0,0,0,176,255,118,0,0,2,1,8,0,0,0,6,0,0,8,0,0,0,9,0,14,4,0,0,15,0,0,0,159,254,121,0,5,0,1,2,34,0,0,0,0,20,3,0,8,0,17,11,0,19,19,0,0,0,23,6,213,255,117,10,8,4,16,0,12,0,0,9,0,0,0,18,19,0,13,0,0,3,0,16,12,6,0,48,255,255,72,0,16,0,0,0,0,0,13,0,0,11,0,0,0,2,0,0,0,0,0,0,0,0,6,145,250,255,0,0,11,0,21,0,2,8,1,4,0,0,2,4,0,10,0,27,0,8,0,1,0,23,0,202,255,234,0,3,0,7,2,15,37,24,0,21,9,0,5,0,8,7,0,0,0,0,5,0,0,0,107,237,232,103,2,0,2,1,8,0,5,21,17,0,0,0,8,7,16,0,0,0,0,0,28,33,26,19,155,255,226,20,18,0,0,0,21,19,0,0,0,18,13,0,0,7,0,0,0,2,47,133,213,223,233,255,249,242,54,16,28,0,9,9,5,25,2,0,6,0,2,1,10,0,0,0,28,0,214,255,235,168,255,244,248,247,62,0,0,17,1,0,2,16,1,0,0,5,0,5,22,0,24,17,0,58,255,199,52,82,247,255,249,255,255,215,124,31,10,14,10,23,0,1,0,0,0,0,30,0,1,0,3,229,236,120,76,255,255,170,0,124,209,244,224,248,166,157,55,10,0,2,0,1,1,0,0,4,10,0,0,176,255,240,250,243,172,20,0,0,28,54,115,198,185,255,92,0,6,15,0,13,3,19,0,0,13,0,0,52,152,255,210,75,3,7,18,4,13,6,23,0,28,27,0,0,19,0,18,17,7,0,14,2,0,0,0,6,3,0,0,15,13,0,10,7,0,14,4,0,9,7,19,0,7,2,0,38,10,0,13,0,7,0,0,0,15,0,12,0,6,0,13,7,1,0,0,3,0,0,0,13,0,12,16,0,1,10,0,0,10,12,0,7,0,0,0,0,0,0,0,0,7,13,0,0,6,22,0,15,0,19,0,24,9,23,0,0,4,3,5,0,2,10,0,6,0,5,7,0,0,0,14,0,0,0,0,2,18,11,9,0,0,0,0,0,2,0,24,3,0,19,0,9,23,15,0,6,0,0,9,0,5,12,0,9,0,17,2,2,0,20,4,0,0,23,7,17,0,23,0,0,0,21,0,3,1,0,0,0,10,8,0,0,2,0,0,0
0,12,0,0,0,0,0,0,0,4,10,6,0,13,28,6,0,0,0,0,4,16,4,0,0,0,9,0,0,1,0,0,0,8,0,25,0,0,0,0,0,0,0,0,7,0,2,0,0,3,3,9,8,0,8,8,17,4,11,17,0,0,5,10,9,14,31,0,13,0,0,21,0,7,0,0,0,0,0,0,2,0,3,0,23,13,0,0,1,2,0,0,0,0,0,10,3,20,0,1,0,0,0,8,0,16,0,8,9,0,3,21,0,0,0,0,16,9,0,0,0,0,19,9,0,1,5,7,0,0,2,1,0,0,0,3,5,0,6,0,0,28,16,3,0,5,9,15,0,0,0,0,0,8,0,18,0,0,112,241,10,6,0,0,0,12,29,24,0,0,0,0,0,17,12,11,17,6,5,0,19,25,22,3,0,63,234,211,41,0,1,0,1,3,8,0,0,0,15,3,0,0,11,21,5,0,8,33,0,13,1,0,0,197,238,188,0,26,53,0,38,22,20,9,0,1,2,0,0,0,0,14,40,165,199,11,1,4,0,0,0,219,227,94,0,22,10,6,0,0,0,0,18,0,0,7,15,8,5,0,172,255,233,70,4,9,10,16,0,156,247,75,0,18,4,0,0,4,0,0,19,1,0,0,18,14,0,33,216,252,226,30,22,0,0,10,18,229,250,72,0,0,0,8,0,0,6,0,0,0,0,0,0,0,0,99,241,247,113,4,0,12,0,0,135,250,255,46,0,0,0,7,0,9,10,0,21,0,16,0,9,0,55,242,244,204,3,2,0,0,4,0,220,236,255,49,0,10,0,9,0,3,2,0,0,0,0,11,3,8,85,255,242,199,22,6,2,0,40,56,229,252,255,93,3,3,15,0,0,0,7,0,10,4,0,10,2,15,111,253,249,192,0,84,230,255,255,245,239,255,252,190,187,85,4,7,14,0,2,0,0,10,0,0,4,0,111,243,244,252,242,255,242,254,255,244,255,251,255,245,162,0,17,15,1,12,3,1,0,0,0,0,14,22,115,255,255,238,250,255,242,233,171,183,240,255,146,6,1,10,0,5,0,0,12,12,12,0,12,12,0,0,72,180,242,255,174,156,33,45,8,176,255,174,24,19,0,0,0,12,0,18,0,8,9,4,10,19,13,3,22,16,23,66,10,13,0,0,109,238,255,166,2,0,1,0,16,0,0,0,15,0,13,2,0,0,10,22,17,6,9,0,13,0,22,3,114,246,255,185,12,4,8,6,8,0,0,0,18,5,0,0,3,27,7,0,7,22,0,0,0,0,22,0,134,252,255,149,9,0,2,0,0,0,1,0,0,10,0,0,16,15,0,3,0,8,7,6,0,0,8,2,124,240,251,42,0,1,10,8,0,6,0,11,0,22,19,0,0,23,0,1,0,17,0,0,7,0,0,0,111,245,60,0,0,15,0,4,32,10,11,2,0,2,9,2,1,0,0,0,13,29,0,0,0,0,0,0,124,255,12,0,3,12,0,0,8,12,11,33,0,9,0,13,0,3,0,0,0,18,0,0,3,11,0,4,114,210,0,0,23,0,25,0,0,3,19,11,0,0,26,0,0,0,1,0,22,19,19,0,8,0,0,7,11,15,17,16,0,19,0,23,0,0,4,0,0,0,23,8,0,0,3,7,0,19,18,0,0,0,0,0,13,0,15,0,3,0,20,11,0,6,6,15,20,0,0,11,5,0,7,0,0,0,2,4,0,0,0,7,20,4,0,0,0,6,0,0,0,8,36,1,0,17
0,13,1,0,18,3,0,0,0,3,0,6,0,0,0,0,0,7,0,0,8,0,0,2,7,0,0,4,0,3,0,9,0,0,4,0,11,0,0,0,0,17,0,0,5,22,0,0,0,2,1,0,0,0,10,6,2,0,0,2,0,8,0,0,0,4,0,0,0,10,0,0,12,19,0,3,0,0,13,0,8,0,6,13,0,0,22,5,1,16,15,5,0,0,0,1,0,5,24,0,6,0,7,0,0,2,0,31,0,19,0,5,17,0,4,14,2,12,0,8,15,24,11,0,0,0,169,92,33,22,0,0,0,23,20,0,0,0,7,0,0,0,0,0,10,0,0,0,21,0,3,21,8,4,237,87,9,0,0,0,0,21,0,9,0,0,5,12,0,11,0,0,17,0,7,0,14,0,0,0,8,48,236,165,0,0,25,7,3,0,24,3,0,11,1,2,3,9,0,5,0,3,0,0,2,0,12,0,1,49,255,228,2,10,10,0,0,0,0,0,0,0,0,36,0,2,0,7,0,0,29,4,0,1,8,17,0,98,255,210,5,2,0,3,0,24,4,6,0,16,8,0,7,0,14,0,0,0,19,0,2,5,18,8,8,210,255,255,36,1,20,12,12,3,12,3,0,0,0,0,2,0,0,17,1,0,0,0,0,3,0,0,18,230,255,222,43,30,6,0,0,0,0,1,0,0,19,3,6,0,25,0,0,11,11,0,0,9,17,0,0,226,251,198,21,0,0,2,0,0,4,0,0,5,10,0,0,0,0,0,0,0,13,0,14,0,0,3,0,150,255,196,15,0,0,5,0,0,14,6,20,0,0,7,0,11,0,16,0,0,0,0,0,0,2,0,0,139,210,180,0,13,0,0,3,13,24,0,24,0,17,6,0,13,0,0,13,0,24,0,14,0,10,0,20,169,254,207,14,0,0,0,2,1,0,0,0,0,0,11,0,0,0,17,14,9,0,3,0,0,0,3,3,139,255,209,0,14,0,0,0,3,0,0,9,0,0,14,0,22,0,1,0,0,5,4,0,6,0,0,8,26,223,236,51,0,13,6,0,16,10,19,0,0,0,19,0,0,0,8,0,0,0,0,0,11,0,15,15,60,253,231,48,0,15,5,0,0,0,0,0,0,0,0,0,2,5,0,0,0,0,0,0,3,0,19,2,131,255,255,55,1,1,13,0,0,0,0,0,0,0,0,1,21,0,2,0,5,0,0,0,3,16,0,14,39,255,255,51,18,0,0,5,0,1,0,0,25,15,0,17,4,0,9,15,0,7,0,17,0,5,0,11,172,252,253,45,12,9,12,25,33,15,12,0,0,0,0,0,0,0,4,0,0,0,0,19,9,0,0,7,81,241,254,75,0,0,34,0,0,2,0,13,0,5,5,3,22,0,0,0,16,15,0,14,0,0,0,34,17,217,255,69,0,0,0,6,2,0,10,0,0,6,12,0,0,6,11,5,0,15,3,7,15,0,4,17,0,162,255,155,0,11,10,4,19,2,7,0,0,0,0,26,0,0,0,4,0,5,0,22,0,0,0,3,13,11,28,0,7,21,0,0,19,0,5,0,0,7,0,7,0,7,24,8,0,8,0,1,1,0,0,3,0,4,13,29,0,0,0,0,0,5,0,0,15,0,0,0,2,0,0,0,0,0,2,0,30,0,0,7,19,0,8,0,1,12,26,2,8,0,0,0,5,0,0,3,14,0,13,27,0,0,9,0,0,1,11,7,2,10,0,0,12,4,4,15,0,6,2,0,0,0,7
8,0,13,0,0,4,0,0,8,0,0,0,13,3,0,6,0,1,18,6,0,0,9,2,0,11,5,0,5,0,0,11,0,0,0,0,0,5,0,7,10,0,6,0,0,14,0,0,37,1,0,0,0,11,0,0,0,11,1,0,0,13,1,0,5,0,0,4,0,1,7,28,6,22,16,35,0,8,0,1,0,0,19,0,1,0,0,0,0,13,10,0,20,5,3,0,21,0,16,0,3,0,0,1,0,15,0,6,0,2,10,16,17,2,0,0,0,14,0,2,0,0,9,0,1,19,48,122,166,191,214,52,14,0,0,9,21,4,9,0,11,5,0,6,0,0,3,17,0,0,0,65,156,213,243,254,255,255,255,212,10,0,8,20,0,7,13,0,0,3,0,0,0,0,20,0,0,24,16,193,255,255,253,248,255,251,255,192,0,5,15,4,0,2,0,17,15,0,0,2,0,5,8,3,0,8,115,242,238,194,234,96,136,233,87,49,0,13,0,0,0,0,16,9,0,0,4,29,0,8,15,0,33,31,251,248,255,199,75,6,9,16,4,0,5,15,0,6,10,0,7,0,2,0,5,27,5,8,0,0,0,75,253,201,84,0,21,0,0,0,3,9,0,22,2,13,0,24,0,0,6,0,6,0,15,0,0,2,0,83,255,117,16,14,8,0,0,0,23,8,5,13,0,0,6,0,18,0,0,24,18,10,13,0,0,20,2,42,237,246,141,24,0,0,11,13,0,25,0,8,0,0,0,6,19,3,0,1,10,0,19,20,8,0,20,89,255,248,247,205,125,59,0,12,0,14,0,6,1,0,5,0,0,3,0,0,6,0,0,0,0,0,0,0,170,255,255,255,255,241,197,131,6,6,0,12,0,0,0,31,0,0,0,0,20,5,6,19,0,0,0,0,11,63,251,255,253,255,255,255,163,20,0,0,8,0,0,0,9,11,0,0,7,6,2,12,0,21,2,1,0,1,0,87,121,175,203,253,239,120,0,7,0,34,0,20,0,24,0,0,1,0,0,3,0,0,19,14,0,6,3,0,0,5,19,90,253,218,2,0,5,0,6,21,10,0,15,11,0,14,0,12,14,6,7,0,25,3,0,0,0,19,5,2,159,254,70,0,7,1,0,12,0,0,14,4,0,0,0,0,10,0,0,1,29,10,0,0,5,15,0,8,68,255,85,5,0,11,10,0,0,0,4,0,0,0,11,0,0,0,0,3,0,0,0,0,20,0,0,0,0,223,61,0,4,15,5,0,0,10,9,0,0,3,7,0,0,0,0,38,72,24,33,26,0,0,16,51,164,255,77,16,0,0,10,0,0,14,1,0,0,0,0,0,6,0,8,63,255,231,249,255,203,195,190,233,249,255,89,0,2,0,0,0,6,4,3,0,0,12,0,1,0,5,0,77,247,255,249,232,255,251,255,240,244,207,27,6,0,0,7,2,8,0,12,1,4,1,8,6,0,0,14,27,59,75,239,206,253,252,254,182,94,11,7,0,12,0,5,1,0,0,0,0,0,0,0,0,24,0,0,0,0,0,11,9,0,14,0,9,0,13,0,0,0,4,0,0,8,0,1,0,7,0,11,5,12,0,3,0,0,12,8,0,8,14,16,0,0,0,0,10,0,28,6,0,8,3,4,2,7,13,0,0,0,0,3,0,0,9,0,13,3,3,16,0,22,39,0,19,0,0,0,0,6,26,0,5,11,0,0,0,2,11,0,13,0,4,19,11,0,11,0,0,5,19,15,0,0,8,1,0,0,0
0,0,27,0,0,6,20,0,0,4,6,0,0,0,3,0,0,0,11,0,7,12,15,0,0,10,3,0,0,0,12,17,1,0,0,11,1,0,0,0,23,0,0,11,0,0,0,2,0,0,8,21,0,3,0,0,0,0,20,0,9,0,0,0,12,0,9,13,0,1,7,0,10,2,4,0,0,16,0,0,0,7,20,15,1,0,15,0,0,3,12,3,2,6,0,0,28,14,0,13,0,17,0,0,0,15,0,18,0,0,15,0,6,0,0,18,0,9,19,5,0,12,4,0,18,0,9,0,0,0,9,0,0,0,0,0,0,4,8,0,0,0,7,0,6,8,0,9,32,0,26,144,217,255,255,136,85,14,0,0,0,0,0,0,0,0,0,11,0,0,0,0,2,6,5,2,13,97,195,240,238,255,255,239,236,222,18,0,12,5,0,3,0,0,0,0,11,1,0,0,0,3,0,19,97,247,249,255,168,119,89,152,255,255,156,2,0,0,18,27,1,0,0,0,8,0,22,0,0,0,0,72,195,255,234,32,0,0,0,0,63,227,255,25,0,0,0,10,6,5,0,0,1,1,3,0,4,0,1,143,255,219,39,3,0,0,11,6,0,205,232,26,2,13,11,0,11,0,38,12,14,12,0,22,3,10,5,140,240,132,11,3,0,0,31,20,3,210,255,21,4,0,0,0,0,4,9,4,12,19,0,0,3,0,0,131,237,98,12,0,0,0,0,17,0,116,255,123,22,0,0,14,0,0,28,12,13,0,13,3,0,10,14,148,255,205,5,0,0,0,7,0,2,155,255,140,0,5,12,1,0,0,0,19,3,0,1,12,0,2,22,180,251,226,50,10,3,0,9,0,0,197,229,147,0,0,0,0,0,4,2,0,0,0,0,17,9,12,0,72,255,255,213,117,72,57,81,189,195,235,255,155,16,8,0,29,14,7,11,9,2,0,2,9,5,0,0,13,122,251,255,240,238,249,255,255,255,234,238,255,23,0,0,0,0,12,9,8,12,0,0,0,6,0,0,0,0,75,164,234,153,226,236,162,77,120,255,245,11,10,0,1,0,14,0,18,4,4,0,0,0,4,14,0,0,0,9,48,0,34,31,3,0,96,255,255,44,0,0,26,0,0,16,18,0,9,3,17,0,7,23,16,0,27,20,0,0,0,28,7,8,67,246,255,110,0,0,0,0,0,0,0,1,0,0,0,4,13,0,23,182,152,29,12,0,0,14,0,0,72,232,244,31,18,1,8,2,0,0,0,0,0,0,19,5,0,0,3,122,255,166,36,0,0,0,27,0,91,255,255,30,0,0,0,0,20,0,0,13,5,8,0,8,1,13,2,11,210,246,230,86,75,16,21,0,125,255,216,0,4,4,0,1,0,0,2,12,10,4,15,2,0,0,0,13,15,205,253,255,255,225,237,224,253,250,99,7,0,0,12,0,0,2,0,0,14,19,1,0,26,0,17,0,0,11,156,240,245,245,246,255,255,222,8,11,0,0,0,0,10,0,0,0,5,8,0,0,2,6,21,0,25,10,0,0,82,130,233,199,161,13,7,0,4,12,6,5,0,10,12,0,0,16,18,0,0,0,9,11,0,0,0,0,0,0,8,0,21,6,0,25,11,0,23,0,13,0,24,0,0,0,0,0,7,8,0,0,2,0,11,1,9,1,5,14,10,0,6,0,10,9,0,10,0,14,15,0,0,0,0,9,0,0,0,0,18,6,7,0,0,0,0,0,3,10,0,7,15,0,0,0,15,17,0
21,11,0,2,0,0,0,0,18,0,0,0,16,5,4,10,6,18,14,0,0,0,5,0,0,0,0,0,13,0,0,0,0,0,0,0,0,24,7,13,0,0,12,0,3,14,0,0,16,3,7,17,0,0,0,9,0,0,0,0,0,0,0,22,8,0,0,0,0,0,0,0,0,0,18,0,8,0,0,0,0,0,12,0,0,5,0,12,0,2,0,8,0,5,0,17,9,0,4,0,0,0,0,3,14,0,0,4,0,0,21,0,0,0,0,0,0,7,0,0,6,0,7,0,8,11,9,0,0,0,0,0,0,0,6,6,0,0,1,0,0,12,5,1,9,0,0,18,0,0,0,1,12,0,0,0,2,0,25,0,0,0,0,0,0,0,7,0,0,1,0,16,22,0,0,0,0,0,20,24,19,125,120,185,249,197,129,135,42,10,15,12,13,0,0,22,0,0,8,0,0,0,0,0,0,0,23,28,206,252,255,255,255,255,245,255,234,192,8,9,0,0,15,0,0,23,0,6,13,0,16,19,0,0,1,181,254,255,255,255,251,243,164,236,232,227,18,15,4,0,10,2,0,0,0,26,0,0,16,0,0,15,113,250,255,245,254,135,39,32,0,15,74,226,60,14,1,0,24,0,5,0,0,0,21,0,0,0,0,44,209,255,249,250,95,9,0,5,19,3,26,212,196,177,126,0,0,11,11,6,0,11,3,0,15,0,6,243,255,251,234,215,7,1,0,0,12,105,204,255,248,238,231,0,0,0,17,21,0,0,0,19,0,0,15,218,255,255,238,104,5,0,18,179,188,242,246,255,250,212,15,0,16,0,0,12,0,14,12,3,0,29,13,193,251,255,139,7,2,111,200,251,255,242,255,253,130,18,0,0,0,0,5,5,0,0,0,0,4,0,35,123,249,244,110,22,151,255,246,249,239,255,225,87,0,9,9,4,0,4,0,0,0,4,0,0,0,0,0,213,247,248,255,242,233,255,255,254,230,133,8,0,10,5,0,0,0,0,0,0,16,23,8,11,11,7,5,201,255,255,252,244,255,255,255,255,100,0,0,14,5,0,10,7,13,0,0,0,0,0,24,20,5,0,81,249,255,255,255,255,255,255,74,11,0,0,0,0,0,17,12,0,0,0,3,0,0,0,0,0,0,28,221,255,255,249,255,232,179,15,0,8,0,0,0,7,3,0,13,6,29,10,3,0,0,2,2,0,3,169,244,242,234,255,229,164,3,0,0,5,9,8,13,0,0,0,22,3,8,9,6,0,22,14,0,13,5,243,252,252,248,255,186,0,0,0,4,0,0,0,10,19,12,4,13,0,0,7,0,2,9,20,28,27,28,228,250,252,236,232,53,2,17,5,23,10,0,15,0,0,0,0,0,8,22,0,0,0,19,3,28,15,32,228,255,247,255,226,102,0,0,0,7,0,0,0,33,8,0,0,4,0,0,0,9,0,0,0,21,0,1,93,236,255,233,245,221,0,0,3,4,7,0,0,0,0,13,0,9,2,24,37,0,0,0,0,8,1,11,39,144,247,222,227,241,156,5,0,0,10,0,0,0,24,22,12,7,0,0,8,40,1,0,23,0,0,32,0,4,0,28,35,164,102,27,7,0,0,16,3,0,10,0,0,6,10,13,5,3,0,0,0,13,6,0,13,14,0,0,0,0,0,9,24,0,0,1,6,3,13,11,11,0,21,2,10,14,0,0,0,7,7,8,11,0,17,10,2,0,0,7,0,16,5,0,13,3,22,0,0,0,12,10,0
3,0,6,6,29,6,0,4,0,0,1,0,7,0,4,9,0,7,0,13,13,21,0,0,0,0,0,17,0,11,3,17,0,26,5,8,0,0,0,6,0,2,4,0,0,17,6,10,18,7,6,0,0,0,0,5,0,0,19,9,0,0,0,0,0,14,0,0,0,0,0,9,0,0,0,1,19,0,0,17,0,0,0,8,0,0,2,0,2,0,0,13,0,21,0,16,6,0,3,0,0,0,0,5,4,4,0,3,0,38,5,0,16,13,0,0,19,37,0,21,2,7,0,6,0,0,0,1,6,0,0,0,17,0,0,12,0,14,21,7,0,7,0,2,0,21,0,0,17,5,0,15,0,0,5,11,0,21,14,0,22,0,13,11,0,5,0,23,0,5,0,5,1,0,4,0,0,9,9,0,2,0,0,18,3,9,11,19,0,0,31,16,5,1,0,20,3,3,0,15,0,3,66,134,198,239,244,198,182,91,3,0,0,10,11,5,6,11,0,2,9,0,16,0,0,18,20,0,0,190,244,255,255,251,206,246,249,247,215,76,3,0,0,0,0,9,0,0,11,0,5,0,12,0,3,0,9,212,202,11,11,31,0,6,35,148,252,255,63,9,0,2,24,3,28,10,0,0,0,14,0,0,0,0,0,46,45,9,12,6,9,0,0,0,83,255,212,27,11,3,10,16,0,0,0,0,0,0,14,0,0,0,0,11,0,0,4,11,0,2,6,3,0,178,248,55,9,10,31,2,17,0,0,0,0,0,12,0,1,25,16,9,0,0,8,0,0,0,2,0,18,88,255,80,1,0,0,8,0,0,12,15,0,0,0,8,0,19,0,0,0,0,7,2,6,11,1,0,0,97,255,80,0,0,2,21,74,70,109,1,1,24,5,0,6,2,0,0,0,0,16,64,158,239,249,222,225,241,253,221,244,231,222,221,233,239,235,0,0,9,0,5,0,4,12,6,10,6,182,255,255,248,221,253,244,255,255,255,215,204,208,180,138,98,24,13,0,0,0,19,0,16,9,3,15,24,242,139,76,43,21,7,17,184,255,46,11,0,11,2,1,0,4,30,0,0,4,0,19,0,0,0,0,0,154,47,1,0,0,0,0,160,254,7,18,0,0,0,0,0,0,9,23,1,0,0,0,0,12,0,18,11,0,1,0,11,0,0,0,211,190,19,0,12,20,2,0,0,0,19,0,0,8,16,23,5,0,0,24,16,8,6,4,9,1,3,0,244,209,0,0,15,5,0,0,4,0,0,10,5,0,7,0,5,13,0,0,10,0,0,0,0,13,0,85,246,130,0,0,20,19,0,0,4,4,0,3,2,10,8,0,0,8,0,5,0,6,0,0,10,1,20,117,255,157,1,0,0,0,0,0,43,20,0,0,0,0,0,0,2,0,10,0,0,0,0,0,1,16,38,69,243,124,0,10,4,11,6,3,0,0,0,0,3,0,7,10,7,0,0,18,0,0,0,24,0,0,2,95,247,85,0,19,8,7,23,0,0,0,0,0,2,14,8,13,1,17,0,0,0,0,6,10,0,0,12,141,255,60,6,0,16,0,15,3,16,3,0,0,0,1,16,0,0,0,0,20,0,0,0,7,0,0,13,106,255,177,0,6,7,0,0,7,0,0,5,0,0,0,0,2,0,1,0,0,12,11,29,6,0,7,0,0,96,85,0,9,12,0,0,0,16,11,11,0,12,0,0,0,9,3,0,4,0,8,0,0,16,0,0,0,16,6,5,0,40,1,12,0,11,11,0,0,0
0,22,0,0,3,4,0,0,22,2,0,20,17,0,0,0,0,2,6,0,12,0,6,0,0,20,4,9,4,0,4,0,0,13,23,0,0,0,0,22,4,4,0,14,0,4,0,6,0,6,7,0,0,25,0,17,0,12,1,2,25,0,0,9,0,0,0,0,5,7,0,7,3,0,0,0,0,0,12,0,0,13,17,0,0,3,0,9,4,0,4,1,20,0,6,0,0,0,0,0,0,0,0,0,2,0,0,5,9,0,7,0,11,0,15,0,6,21,2,29,0,117,242,244,129,55,9,23,0,0,3,0,0,5,0,0,0,0,21,4,0,0,12,6,0,0,13,19,0,249,255,228,244,245,51,0,0,0,0,22,4,6,8,0,0,28,1,23,27,1,12,5,1,2,1,0,0,127,152,234,255,236,170,10,0,8,0,13,0,0,10,0,11,22,0,0,9,10,0,0,10,0,0,15,20,11,0,0,90,255,255,127,0,0,0,7,4,3,0,0,0,0,0,5,9,0,2,0,3,2,14,0,0,13,3,0,1,143,255,170,19,5,0,0,6,2,0,0,0,0,0,0,0,5,7,9,0,10,0,9,1,19,0,11,27,32,234,231,129,0,5,0,0,12,7,13,10,0,11,0,0,4,0,11,9,7,9,4,0,10,2,1,0,0,130,252,158,18,0,5,10,0,0,17,0,0,0,9,8,0,8,1,7,0,0,1,0,0,11,1,0,6,43,234,142,11,10,0,0,2,5,3,0,1,0,14,0,0,0,20,0,0,0,0,0,19,18,11,3,12,8,197,219,9,3,26,0,0,0,8,0,0,0,0,0,9,11,5,0,10,2,2,7,0,0,0,0,0,21,118,247,9,0,0,0,0,2,9,8,15,2,0,0,0,6,0,0,0,0,4,3,0,0,0,22,3,0,123,238,0,0,7,0,12,2,0,0,0,0,7,3,8,0,0,0,0,0,0,0,0,13,0,10,5,0,118,255,0,0,0,0,9,0,12,3,0,5,5,10,13,16,3,11,0,0,0,9,7,0,5,0,122,184,235,241,225,130,18,0,1,0,13,0,8,0,0,0,0,2,21,15,0,0,1,0,0,30,33,196,253,240,238,248,255,239,240,58,0,9,3,4,0,14,0,9,0,24,0,19,0,0,7,0,13,30,199,255,96,164,219,50,52,110,187,236,0,0,14,7,0,2,0,13,13,4,0,0,0,0,3,0,19,208,239,45,7,197,122,4,0,11,0,65,7,19,16,3,3,0,2,21,0,5,0,4,11,6,8,0,45,245,43,0,99,204,39,0,10,0,3,3,7,10,17,6,34,14,15,0,27,10,14,1,12,16,11,11,155,235,74,7,205,103,0,0,0,0,0,4,18,1,0,0,0,2,0,0,12,0,16,0,1,40,14,0,172,255,222,252,95,0,10,0,0,3,0,0,0,0,15,12,0,0,4,8,34,3,0,9,0,0,0,6,77,226,243,140,0,0,5,5,16,6,0,2,18,0,1,0,1,13,0,11,0,10,26,13,9,5,26,12,7,13,15,0,4,0,13,0,2,9,9,5,3,0,0,9,22,0,22,3,11,0,0,18,4,20,4,13,0,0,0,0,0,0,20,0,0,0,0,0,0,10,4,3,0,0,0,19,13,0,7,5,0,0,15,0,0,0,0,0,0,0,0,0,0,0,0,0,0,2,12,4,0,5,0,2,1,3,10,0,0,0,20,0,5,11,1,0,0,0,0,0,0,0,0,0,0,0,2,2,10,0,0
4,0,0,8,8,0,10,0,0,24,6,12,0,0,0,10,0,0,15,0,0,0,9,0,8,1,8,19,15,0,0,0,3,0,7,6,6,0,0,0,19,0,0,20,13,0,0,10,0,0,11,5,9,16,0,0,0,9,26,0,0,0,0,0,0,0,5,0,4,0,16,12,3,9,10,0,0,0,0,0,0,23,0,0,5,9,0,16,9,0,0,0,1,5,12,20,0,7,0,0,0,19,0,3,18,11,18,3,0,0,0,0,1,0,0,0,160,1,9,0,0,0,0,0,5,19,0,5,2,0,8,0,0,16,5,0,0,10,0,3,0,4,0,8,229,78,8,12,13,9,10,0,0,0,9,0,2,0,0,11,0,15,0,0,0,8,0,0,9,17,14,10,97,212,31,0,10,4,0,3,0,0,1,0,19,0,0,0,1,0,0,0,14,0,12,0,0,5,0,28,0,159,179,85,99,91,115,108,102,215,147,15,0,2,11,12,0,0,0,0,0,1,0,0,0,5,6,0,29,44,199,244,255,238,233,255,255,172,255,60,0,25,22,0,0,18,7,0,0,0,24,0,7,1,0,0,18,6,24,66,69,0,31,115,83,83,255,58,14,0,4,11,16,3,5,10,6,0,0,0,0,2,0,20,4,0,5,0,0,0,0,0,59,243,252,40,0,13,9,0,7,0,0,7,4,19,19,11,8,3,0,0,10,0,0,0,7,0,17,39,196,242,117,0,60,0,12,0,0,17,3,0,0,39,0,3,0,0,5,0,10,0,6,9,3,14,70,210,255,255,177,235,225,205,215,116,57,0,5,2,0,0,18,23,6,0,0,16,12,0,10,0,4,219,231,255,255,241,185,119,70,14,0,56,143,239,144,27,28,14,0,14,3,8,3,3,0,0,25,0,0,230,248,206,124,70,11,0,0,0,4,0,5,41,204,161,0,0,8,0,1,16,7,0,7,5,0,18,0,14,21,33,12,8,6,6,0,0,4,1,0,24,171,255,25,11,0,11,0,0,14,4,2,0,0,1,5,0,0,0,0,12,0,0,0,15,9,0,0,116,255,228,0,28,0,0,0,7,9,7,22,0,3,12,3,0,8,14,6,0,0,0,0,18,0,14,126,255,225,47,1,3,0,0,0,0,15,16,9,6,71,252,253,26,0,6,2,17,0,0,0,0,26,196,254,227,81,12,0,0,0,5,0,0,2,13,1,0,37,129,240,230,160,41,0,0,4,64,89,195,251,240,188,54,0,7,19,10,19,0,0,10,4,2,10,0,15,13,4,89,112,201,248,242,225,236,255,220,158,50,3,8,0,10,2,0,0,0,0,3,0,6,0,4,2,0,0,0,3,45,89,74,137,153,79,1,0,5,0,0,23,0,2,37,11,23,0,15,10,22,9,7,0,0,12,9,0,0,9,30,0,0,7,4,7,0,8,7,0,0,0,6,0,22,11,0,0,0,7,8,0,6,28,0,11,0,0,0,0,23,0,31,5,0,0,0,0,0,0,3,0,2,0,5,0,27,0,0,0,0,13,15,6,2,8,0,26,9,19,0,0,4,0,0,17,0,8,0,2,0,7,3,12,1,0,7,15,8,3,0,10,14,0,0,0,0,6,0,0,0,12,0,0,3,0,8,0,0,3,0,0,38,7,8,9,0,4,25,21,0,14,0,0,2,0,0,8,11,22,0,20,0,0,4,8,0,7,0,11,20,14,0,0,1,0,0,0,0,0,0,0,8,0,0,0,0,0,0,0,0,21,0,21,0
0,0,4,22,19,0,0,0,0,0,14,15,8,0,0,0,0,0,0,0,2,6,14,3,0,0,0,5,0,0,8,11,1,0,15,0,16,0,0,0,11,1,0,0,0,0,1,0,47,0,0,8,5,5,7,24,0,3,0,40,17,0,0,0,2,12,0,0,0,0,4,0,1,0,5,0,0,4,9,9,11,0,0,0,0,15,0,0,28,26,0,2,0,5,10,22,0,11,1,0,8,0,10,0,8,10,0,4,7,12,3,0,0,0,20,1,19,0,5,0,2,8,62,141,134,237,255,193,12,0,3,0,15,0,0,0,0,3,12,0,0,6,0,0,5,0,11,0,8,154,249,246,247,236,255,237,255,167,90,0,0,0,4,8,0,0,0,8,0,0,0,0,0,8,0,0,146,255,255,255,244,226,246,242,252,236,146,0,0,0,0,13,0,0,0,0,21,0,0,0,14,5,0,70,243,255,238,209,62,2,51,175,234,229,234,194,39,11,0,0,13,0,0,0,13,15,2,0,0,0,78,234,255,255,229,32,0,24,0,0,89,214,255,255,177,27,0,14,0,9,0,0,10,17,0,12,9,14,151,251,255,209,43,0,7,24,5,0,4,30,255,252,255,168,26,10,0,6,0,0,0,5,0,12,15,88,251,231,243,92,22,3,18,18,0,0,33,9,71,252,247,240,154,19,0,0,0,10,0,7,7,3,4,125,250,239,214,12,12,0,17,6,16,0,0,4,8,84,243,255,243,52,6,0,5,0,8,0,4,0,0,135,240,255,71,1,0,30,0,0,0,4,16,7,17,23,79,243,254,252,93,14,0,25,19,0,11,16,7,166,255,247,45,0,4,23,0,0,0,0,10,0,16,2,13,94,243,243,131,0,13,16,0,11,17,31,20,166,243,252,86,0,0,11,0,0,0,0,0,0,0,0,0,75,255,244,163,4,0,0,0,8,0,0,0,150,255,230,93,0,0,0,0,0,1,20,0,19,0,0,0,1,201,230,255,12,10,0,0,7,0,0,23,128,255,240,213,11,1,0,17,16,8,3,0,0,3,0,0,0,243,227,247,5,0,0,0,20,0,0,12,11,209,238,255,54,1,1,11,10,19,0,11,8,0,0,0,14,210,244,168,0,4,0,0,0,0,0,0,16,143,255,255,222,95,0,0,21,19,21,5,14,12,12,0,60,255,251,146,0,0,0,20,10,0,9,23,0,0,215,255,236,213,155,2,0,0,0,7,0,0,0,43,165,240,254,61,0,0,0,0,4,0,1,0,1,6,54,223,255,255,253,217,178,58,97,73,68,97,78,210,255,255,179,5,1,7,22,24,8,8,20,10,0,1,9,24,148,250,243,255,232,237,252,252,248,244,255,255,255,204,39,11,14,11,0,0,0,0,14,0,1,0,0,0,1,50,159,209,240,255,247,230,239,243,248,182,110,18,0,13,0,21,0,2,14,5,11,0,0,10,0,9,12,0,0,8,82,114,147,121,127,130,0,7,23,0,9,19,0,0,0,0,0,2,0,0,10,0,0,0,10,0,0,0,0,0,0,8,9,0,17,6,5,0,3,0,0,8,18,0,0,16,7,22,5,8,0,0,8,0,0,28,0,0,0,0,0,0,0,2,0,0,4,0,17,0,0,0,0,11,8,21,0,0,16,14,0,22,3,6,0,0,0,8,0,0,0,0,0,19,9,4,18,3,0,0,0,13,4,0,0,0,0,0,19,0,0,0,0,12,0,5,0,0,0,10,0,20,0,10,6,1,2
26,11,0,0,0,4,31,12,0,0,6,4,0,7,0,0,0,0,3,2,4,17,0,0,11,0,17,0,0,0,0,4,28,0,0,23,0,23,0,0,0,5,0,0,0,0,0,9,9,0,10,8,7,7,0,0,0,0,10,0,0,0,1,0,0,0,1,2,5,0,34,0,188,157,0,0,0,0,9,0,0,0,8,12,7,21,0,17,0,0,0,0,11,0,0,14,0,0,7,55,255,239,31,7,35,10,0,4,11,0,0,0,5,1,12,0,0,0,30,0,0,0,6,0,7,6,8,23,255,238,9,3,15,0,0,0,0,0,9,0,24,0,0,0,2,14,16,15,0,1,0,2,0,0,11,22,255,136,0,0,0,0,24,0,0,17,12,8,19,5,10,3,0,0,4,32,7,0,0,2,9,0,0,153,232,25,6,1,0,8,0,5,0,0,0,5,0,9,0,0,0,0,0,15,0,8,0,0,1,16,45,222,225,0,0,0,6,0,0,9,0,0,0,13,0,0,1,0,20,0,5,4,0,13,0,0,13,20,102,241,125,2,11,9,0,22,0,0,0,16,21,0,0,21,11,10,13,0,3,5,0,0,0,9,13,8,201,241,25,0,0,15,13,4,0,9,0,10,1,18,0,20,28,8,0,4,7,4,0,0,0,0,18,69,251,175,0,28,4,8,0,10,0,4,18,16,0,0,0,12,1,0,16,18,0,0,11,0,12,0,0,202,239,48,22,201,219,32,2,12,5,0,12,0,3,0,2,0,9,4,6,6,41,5,0,0,14,9,130,238,172,0,63,255,226,28,8,0,0,0,0,19,12,0,2,15,13,0,0,21,11,10,0,24,0,40,224,255,104,24,201,246,224,28,17,0,0,17,7,0,13,0,10,2,0,0,0,0,28,0,9,16,73,218,255,245,11,65,252,242,230,33,23,8,4,7,0,35,9,4,0,0,0,1,3,0,0,0,14,179,251,231,233,255,242,240,246,255,241,255,250,68,1,0,16,0,0,6,0,0,3,0,0,0,0,26,142,255,240,255,140,107,205,255,255,237,235,255,216,132,0,15,0,11,0,0,4,0,0,0,21,3,3,165,255,255,255,119,0,28,214,255,255,210,137,76,7,0,0,1,1,19,0,6,0,17,0,0,13,0,41,255,255,255,151,18,0,102,250,255,160,0,0,6,27,0,4,0,0,0,0,16,0,0,0,9,4,0,178,255,255,215,7,5,1,97,228,140,0,0,14,0,0,9,6,0,3,24,23,0,1,7,0,4,3,17,199,255,243,47,0,0,0,151,246,46,0,0,5,0,8,0,2,0,6,5,8,0,17,15,7,0,0,0,254,255,52,0,0,0,0,9,53,0,10,0,0,0,0,6,3,13,0,0,10,0,0,0,24,0,9,19,33,0,3,0,0,0,1,0,6,6,7,9,0,0,23,26,9,0,13,9,22,0,3,7,0,0,0,0,11,3,0,0,13,14,10,0,0,0,0,0,0,14,0,0,0,0,0,0,0,0,0,0,4,0,3,6,0,14,0,6,29,3,0,10,0,0,5,0,6,0,0,8,13,0,10,0,0,0,22,0,8,4,0,0,0,0,0,32,2,0,0,0,0,0,0,4,7,0,0,0,0,0,0,0,0,5,16,11,0,11,0,8,7,0,21,0,0,13,22,7,5,0,0,0,7,0,4,3,3,0,1,0,0,0,5,24,0,0,0,0,3,0,0,0,0,0,0,8,0,3,16,12,22,0,0,0,11,0,8,0,0,0
10,0,0,16,0,0,38,1,11,8,11,8,7,0,0,0,18,13,0,0,0,0,10,0,0,7,0,10,0,1,0,0,17,0,0,0,1,0,5,3,0,0,0,4,0,0,0,0,0,0,10,10,0,0,0,5,0,0,0,18,0,0,0,0,11,0,16,0,0,27,11,22,0,0,11,0,32,0,7,0,0,25,0,0,0,23,0,13,19,19,0,0,0,0,0,0,0,0,0,33,12,0,0,0,9,10,0,0,0,15,0,9,0,0,3,7,0,13,0,20,0,0,0,11,10,1,6,12,3,12,19,0,0,10,16,12,10,0,0,5,0,0,5,0,14,0,2,9,0,5,0,3,0,0,0,0,0,0,65,205,249,145,7,0,7,0,8,7,0,2,0,1,0,19,0,19,0,0,0,10,0,15,0,0,0,0,119,255,247,209,35,11,0,0,0,29,27,0,9,11,8,7,0,14,122,127,34,9,0,0,0,6,6,0,134,231,250,177,0,0,7,0,8,19,14,9,7,1,0,5,10,147,224,251,249,92,0,2,12,19,4,5,216,250,251,99,0,1,2,0,0,9,17,0,0,9,0,0,4,215,253,242,253,188,0,0,21,20,0,141,255,243,236,43,0,0,0,0,14,0,11,0,0,4,0,0,41,247,237,241,209,98,0,0,0,13,21,194,255,255,210,0,5,0,2,0,12,16,9,0,0,0,0,15,150,255,252,255,76,0,0,0,7,7,61,249,246,253,137,1,0,0,0,0,1,0,0,0,0,6,4,6,185,224,249,235,90,13,0,7,0,19,174,228,253,254,60,0,0,0,3,0,14,0,12,0,0,5,7,7,197,221,247,246,70,20,0,15,20,37,219,241,234,226,15,8,23,0,8,0,13,0,0,7,8,18,0,55,255,243,255,232,0,0,0,0,0,65,239,255,255,226,0,0,0,0,12,0,0,16,13,0,0,21,29,62,252,255,255,255,114,10,36,32,131,191,244,241,240,153,6,0,20,0,2,0,4,36,0,0,0,16,5,48,239,242,243,255,247,255,255,241,255,253,250,255,246,114,0,19,20,0,21,0,30,13,0,15,15,0,0,0,152,249,243,254,255,245,233,253,255,250,236,238,255,28,0,0,0,20,10,0,2,9,0,13,0,0,12,0,13,97,147,236,227,231,159,80,106,192,255,238,213,26,18,11,0,0,0,11,7,0,0,14,6,3,7,7,22,0,8,8,16,0,0,7,0,154,255,240,145,1,26,0,4,0,0,2,0,4,2,0,0,3,0,0,2,3,12,9,0,0,5,3,71,255,253,245,140,17,0,23,0,6,0,3,0,2,0,0,11,0,0,7,0,0,0,0,14,4,20,0,143,255,254,239,130,0,2,0,0,0,12,1,2,21,5,0,16,0,0,0,6,7,4,8,5,0,0,5,231,255,255,255,15,0,0,0,3,0,17,0,0,3,0,3,10,15,14,0,23,7,21,6,6,23,0,0,255,241,251,255,30,0,0,12,0,0,0,0,21,0,0,0,5,0,0,0,0,1,0,1,25,0,0,0,253,255,255,162,0,0,0,0,0,3,0,0,0,11,0,0,0,0,0,0,0,12,14,13,0,0,11,16,0,5,0,15,30,13,0,13,4,0,17,0,5,0,0,0,0,4,2,0,0,1,0,0,12,0,0,14,0,0,11,0,0,24,0,9,0,0,0,0,3,18,15,24,2,13,23,0,6,0,9,0,26,9,2,25,0,0,0,2,0,1,7,35,0,0,0,0,2,0
0,0,20,3,0,0,0,20,11,12,7,0,12,14,0,0,0,10,9,7,0,6,0,0,15,14,3,4,0,0,0,0,0,11,15,1,1,0,10,0,0,0,5,20,1,0,0,19,1,10,0,0,0,10,17,0,0,0,0,0,8,19,0,15,0,17,0,5,0,11,16,15,0,0,0,0,0,3,9,0,0,9,0,6,12,0,15,15,0,2,11,0,0,0,7,3,148,227,242,191,68,12,17,0,0,3,0,5,20,2,0,13,12,0,0,31,0,0,2,0,18,0,6,47,248,246,251,255,233,145,53,0,2,0,0,0,8,18,0,6,9,0,0,7,0,0,0,0,8,0,6,3,0,93,179,255,255,253,164,0,0,10,10,0,0,14,17,0,8,11,2,3,0,0,0,10,5,0,0,8,8,1,1,21,175,255,243,71,8,0,0,11,0,2,17,0,0,5,0,0,1,0,6,15,14,0,0,12,14,0,0,4,3,214,232,62,3,13,2,0,9,0,0,0,15,0,0,20,10,0,0,1,10,3,0,0,0,8,0,7,8,213,255,103,0,0,14,8,13,8,0,8,0,0,13,39,0,9,10,6,0,0,4,8,9,2,7,0,45,245,182,11,19,3,22,7,0,0,0,0,2,8,11,0,1,4,8,2,12,20,6,0,0,0,0,0,143,237,186,0,0,15,1,11,3,34,7,0,6,0,1,0,3,5,0,0,0,0,0,16,1,8,35,80,241,226,80,9,0,5,0,3,5,0,1,19,0,0,0,0,8,0,28,0,0,0,24,0,2,14,1,160,255,123,0,7,5,0,0,3,0,0,11,5,0,0,0,0,19,0,0,1,26,0,10,0,1,0,89,249,217,26,1,9,0,11,17,0,2,0,10,1,2,5,27,0,8,0,0,0,8,2,0,0,5,65,255,249,79,0,17,0,15,32,6,2,9,0,0,12,7,20,0,28,0,0,12,0,0,5,18,0,6,205,240,119,26,4,0,0,0,0,0,8,0,0,0,12,0,27,17,14,0,0,0,4,0,4,0,16,175,231,119,17,7,6,2,3,14,11,3,2,0,0,0,0,0,0,12,5,32,4,7,0,0,0,0,179,247,229,44,4,6,23,9,12,0,0,26,0,16,3,0,2,0,12,10,0,0,7,2,12,6,9,69,254,255,132,20,0,18,0,7,6,0,3,0,6,0,0,0,0,11,6,11,7,17,1,0,12,12,98,217,255,255,217,133,136,228,236,239,106,10,3,12,16,8,6,6,10,16,0,0,0,0,8,9,0,119,244,241,244,255,255,241,248,242,228,121,62,0,9,9,14,19,0,15,0,0,0,14,17,10,0,0,0,187,231,254,255,208,220,153,115,13,48,14,1,0,20,6,8,12,0,8,0,1,20,0,0,0,8,0,0,91,200,143,92,35,0,5,33,0,8,5,0,27,9,8,0,24,0,0,11,7,16,17,4,2,0,0,0,1,15,0,1,0,1,0,7,0,0,4,0,23,20,0,2,0,0,16,28,2,0,23,5,1,10,0,0,14,0,2,0,0,10,9,0,17,0,0,0,24,9,0,1,15,2,11,0,0,0,6,0,0,0,0,3,8,0,9,6,23,20,0,0,0,11,0,0,2,20,10,0,0,16,0,0,0,3,0,0,0,0,0,0,0,0,0,0,0,9,0,0,0,19,0,2,1,0,0,0,22,9,15,12,31,0,0,10,6,0,0,4,0,13,0,16,0,2,0,1,0,33,2,14,0,0,16,0,0,0,0,0
0,0,0,0,0,5,0,11,13,2,9,10,3,7,0,3,0,0,0,23,0,3,12,6,10,7,5,10,10,28,0,0,0,0,0,0,6,0,7,0,7,0,14,0,0,0,0,3,0,22,11,0,5,0,0,0,0,0,0,20,7,0,0,9,0,13,0,0,0,0,0,5,14,0,5,0,8,13,0,8,0,0,1,13,9,0,0,15,0,14,6,0,32,0,0,0,0,0,1,0,0,28,13,22,3,6,8,0,28,7,0,0,10,0,0,0,0,0,0,0,0,14,4,0,14,0,0,29,0,0,13,0,0,0,0,1,0,0,0,0,17,25,0,10,0,0,19,0,0,0,17,91,29,10,22,65,179,206,1,0,0,0,0,0,24,2,35,20,0,0,0,0,7,13,0,16,14,0,132,244,206,0,0,119,255,245,151,0,0,6,0,0,1,1,4,0,16,15,0,0,6,7,0,0,0,154,255,255,227,84,8,195,255,247,232,9,0,0,0,15,0,7,32,8,7,0,2,15,13,8,0,12,7,238,255,245,255,80,46,255,248,255,231,73,0,0,0,0,0,2,0,27,6,0,11,8,17,0,0,0,0,223,255,240,242,3,0,235,255,255,242,1,0,23,0,7,0,13,0,8,33,0,10,21,0,0,13,0,84,243,248,255,228,0,56,252,255,250,216,10,0,0,6,0,0,0,23,21,12,4,0,0,7,0,11,9,210,253,255,248,163,0,8,228,210,245,231,36,0,0,13,17,35,0,0,0,0,0,0,0,17,0,16,48,249,243,250,255,94,0,53,232,255,255,255,94,9,10,0,9,0,0,0,0,3,16,0,11,5,0,0,45,246,253,247,255,252,236,245,255,238,250,255,213,30,10,1,17,12,7,9,0,22,2,21,21,3,5,0,153,236,247,255,255,255,255,248,255,255,245,255,134,1,0,0,0,21,30,0,0,2,0,0,0,9,22,0,72,255,255,254,255,255,255,250,246,253,244,255,87,12,0,5,13,0,3,0,0,0,0,0,0,0,3,0,0,66,220,249,255,252,243,255,255,255,255,255,69,0,4,0,0,0,0,0,11,11,0,0,0,6,16,8,0,0,0,69,92,80,85,211,249,218,240,238,0,2,5,6,0,17,13,19,4,12,20,8,0,27,0,0,20,14,0,0,13,16,1,196,255,255,244,236,0,12,0,0,2,0,2,0,4,0,0,9,11,0,0,0,5,0,20,2,2,5,3,113,244,255,248,189,45,27,0,0,0,15,0,19,0,0,4,0,0,0,0,1,0,17,0,0,22,4,0,80,255,238,255,255,97,10,15,0,1,15,0,6,0,0,0,3,0,0,8,15,0,9,0,0,10,0,16,103,255,242,255,232,119,0,0,0,0,0,0,0,0,0,5,19,7,19,0,0,0,4,0,0,3,2,19,99,249,255,255,242,83,0,18,5,0,0,0,0,0,0,0,0,0,1,4,0,0,0,2,3,4,0,0,55,250,244,249,241,34,6,0,0,0,0,13,1,6,0,0,0,0,1,0,0,0,0,19,15,0,0,0,0,195,255,170,90,18,0,0,7,21,6,0,4,0,8,0,10,0,0,0,0,0,0,0,12,19,19,5,12,15,0,7,0,4,7,16,0,0,0,15,15,0,0,0,0,0,0,7,0,0,22,4,0,0,18,0,14,0,1,11,0,1,31,0,1,0,0,0,0,0,1,19,3,0,17,0,5,0,7,0,0,6,27,9,4,7,0,19,0,0,0,0,0,0,4,0,8,11
0,0,13,0,0,0,13,0,0,5,12,0,0,2,0,3,0,30,3,0,0,9,12,0,0,6,14,6,11,17,0,0,0,0,0,0,4,9,7,0,16,0,4,8,0,0,0,0,14,10,14,7,0,0,8,10,6,3,17,0,19,6,9,10,13,16,17,6,0,9,5,14,9,7,0,5,13,8,12,2,22,0,4,29,10,0,7,19,5,0,11,0,0,3,34,0,0,12,0,0,0,0,2,0,0,2,27,0,0,0,0,24,0,1,0,18,9,0,13,5,0,6,0,0,0,5,0,9,0,0,6,0,11,2,16,9,0,13,0,4,0,22,13,9,0,0,0,0,0,0,0,0,52,168,40,0,0,0,8,19,0,7,0,25,17,7,0,0,18,5,26,0,0,0,9,0,30,21,3,10,169,242,171,14,18,5,12,0,10,0,13,27,0,17,30,0,0,1,18,23,0,0,20,0,19,0,29,13,223,243,239,75,0,0,0,0,0,6,18,0,3,5,6,3,0,0,23,16,6,6,0,5,0,2,11,19,240,240,126,10,0,0,12,2,4,0,0,0,7,0,0,0,6,20,12,7,5,18,16,3,16,13,7,24,217,202,128,5,0,0,0,16,7,0,1,26,0,0,0,22,0,2,2,0,9,0,14,3,4,4,1,11,89,243,115,35,34,0,0,0,39,0,0,0,18,11,18,9,6,13,16,0,15,0,15,17,0,3,0,11,155,230,119,0,0,9,0,13,0,0,0,8,1,0,1,5,0,4,0,0,29,7,0,26,21,2,8,3,123,253,104,0,0,0,3,0,0,13,0,0,0,17,0,0,0,0,20,17,0,0,0,12,4,0,0,6,125,240,10,0,2,4,23,9,0,0,1,6,30,0,17,0,0,21,8,0,0,0,9,3,0,4,2,33,218,255,81,17,0,1,17,0,13,15,13,7,5,0,17,0,0,0,2,3,2,0,0,8,7,0,1,0,12,255,90,5,0,17,0,1,12,27,0,0,0,8,0,0,8,0,0,24,3,0,1,0,6,0,0,9,0,166,107,0,15,0,8,4,0,0,5,0,8,17,0,13,24,20,0,9,13,2,0,10,0,18,11,0,0,183,225,0,0,0,1,4,4,0,18,28,10,0,7,5,22,0,0,0,5,0,0,0,0,0,33,7,13,172,232,21,0,0,0,2,15,0,17,6,0,5,10,14,4,0,3,0,0,19,0,0,0,20,16,0,4,80,255,112,4,9,0,0,10,39,14,7,0,9,0,5,4,0,12,4,0,8,0,0,0,1,0,4,13,5,242,184,0,0,2,0,22,1,3,0,0,7,0,10,14,0,0,6,0,0,9,0,0,37,0,0,0,0,129,243,37,13,0,19,0,0,0,0,0,0,0,0,0,3,0,21,0,26,7,5,0,10,0,7,1,0,78,234,153,0,0,9,1,4,24,0,1,14,18,0,13,2,2,6,6,0,4,0,0,0,8,30,0,3,0,145,214,40,13,31,14,12,16,4,0,17,0,0,0,3,0,5,0,5,9,0,7,0,0,7,0,33,0,38,205,194,0,2,10,0,27,16,5,5,0,3,0,0,3,0,0,16,1,23,0,14,0,2,9,0,0,1,3,0,0,21,1,2,0,0,0,0,20,0,6,0,0,0,0,13,0,3,7,6,0,0,7,0,1,2,8,7,0,7,5,13,13,5,24,0,0,14,0,1,11,1,14,24,5,0,0,11,0,0,4,3,0,0,12,16,0,4,9,15,12,0,0,13,5,11
9,0,4,11,19,27,0,12,0,0,0,27,20,9,7,0,14,0,0,0,18,0,0,0,0,0,4,5,0,7,6,0,0,0,0,0,0,0,0,0,0,0,8,0,0,0,2,0,12,7,4,0,0,0,0,0,24,18,0,0,3,6,0,0,0,3,20,0,0,0,8,0,15,0,11,21,0,3,0,4,0,0,19,4,10,2,0,15,1,13,1,0,0,0,26,16,3,5,0,0,6,0,26,0,23,3,0,0,0,11,0,0,3,0,0,0,0,2,7,0,11,23,18,0,9,0,9,10,6,0,0,13,5,0,6,0,1,0,0,2,0,0,0,0,8,9,0,0,0,0,0,12,12,0,0,0,0,0,4,2,0,0,0,19,0,15,0,0,4,0,35,10,0,0,0,0,0,1,10,8,0,0,0,0,0,4,4,0,9,0,5,0,5,0,9,3,10,15,12,7,0,0,7,7,12,0,0,123,232,255,255,114,19,7,5,3,0,23,0,0,0,21,0,0,0,19,25,0,0,0,0,4,6,0,137,255,255,232,255,227,171,45,23,20,0,16,0,15,0,38,0,0,3,0,0,0,10,6,0,0,0,178,255,255,254,237,150,195,245,231,133,19,0,0,31,0,1,0,8,0,0,26,16,0,7,5,0,4,211,247,245,247,212,85,0,135,255,240,255,60,0,0,15,13,0,0,0,0,5,0,28,5,20,0,32,121,247,251,248,160,36,0,20,215,252,251,254,59,0,0,4,26,2,0,15,0,5,10,0,0,10,9,5,212,255,252,117,0,0,29,176,255,253,236,234,64,0,0,17,11,0,21,34,6,0,0,10,8,2,2,55,233,255,255,69,13,35,216,227,255,233,255,229,21,0,19,0,0,8,0,5,0,12,12,0,7,0,9,56,255,255,224,16,110,215,255,232,250,255,255,197,21,0,0,0,9,3,15,3,0,0,0,14,0,0,0,59,243,255,239,195,255,252,255,201,255,239,255,183,0,0,0,0,0,12,15,17,2,0,2,10,15,10,3,0,82,248,255,247,255,238,78,0,110,251,252,153,5,0,38,21,1,0,0,0,0,7,9,0,3,0,1,11,0,30,97,189,236,194,0,0,146,247,255,195,0,0,2,0,4,0,0,15,0,0,5,0,9,16,0,0,0,0,0,3,20,15,0,2,191,255,243,105,0,0,14,0,4,15,21,0,0,0,0,1,2,3,14,25,3,6,22,14,0,0,5,0,174,255,238,48,0,0,0,10,6,0,14,0,0,0,1,6,14,0,22,0,2,0,0,5,0,20,3,0,244,255,221,7,0,2,0,11,1,0,0,20,4,2,5,0,3,0,0,10,0,0,21,0,15,0,0,33,230,255,255,0,0,27,20,0,4,10,2,0,0,0,18,0,0,2,0,0,0,13,0,0,0,7,0,0,242,255,250,19,2,24,2,0,15,33,12,0,0,7,10,0,0,3,5,0,13,9,2,2,0,0,0,13,233,255,255,8,4,12,3,13,3,2,0,24,10,0,6,1,13,29,0,0,4,2,14,0,1,6,0,0,204,255,241,0,0,0,8,11,1,14,0,0,2,6,0,0,9,0,4,12,2,0,11,0,9,6,5,0,177,255,255,0,0,0,8,5,0,0,4,5,11,0,2,15,12,5,14,0,0,0,0,10,2,0,0,13,128,255,230,0,14,13,6,6,9,24,6,21,15,0,18,3,9,0,15,0,0,2,3,0,0,0,3,4,0,7,0,26,17,0,6,1,2,0,5,0,8
1,6,13,12,15,0,28,4,0,23,0,4,0,0,14,18,2,0,0,0,0,0,0,0,14,0,5,0,0,12,3,0,3,0,0,0,5,4,0,0,16,0,0,0,0,0,3,0,0,6,0,0,0,0,0,10,18,5,0,13,0,10,6,0,0,1,0,7,0,0,0,0,0,0,0,4,6,2,0,0,7,12,0,0,0,0,8,0,2,3,0,5,0,0,48,2,5,0,7,19,17,0,0,0,0,0,0,24,11,21,8,19,15,3,6,0,0,0,0,0,9,2,33,6,0,18,0,0,6,5,0,0,0,0,0,0,12,7,0,0,20,0,0,0,30,0,0,15,1,0,0,0,37,0,1,74,104,174,238,255,241,250,189,0,0,7,8,11,0,0,0,0,19,0,10,4,0,16,0,94,239,158,176,235,253,217,125,135,112,119,52,0,0,4,0,1,0,0,13,6,18,0,22,0,21,14,0,170,251,240,201,118,41,15,1,0,13,10,0,13,7,0,11,8,2,13,7,35,10,1,0,24,14,1,0,10,217,136,0,0,0,11,0,0,0,3,0,4,5,7,11,0,17,0,0,0,0,7,23,9,24,0,2,76,236,68,18,0,3,0,0,0,0,0,13,16,0,0,0,0,14,13,0,0,0,10,0,0,0,0,5,203,220,30,13,12,0,0,0,4,4,0,0,28,30,12,0,17,0,11,0,0,21,0,6,0,0,36,52,255,74,9,17,4,10,0,7,0,0,8,0,0,11,20,0,12,18,0,4,5,0,33,4,3,0,12,208,255,229,206,126,118,34,0,0,6,17,0,0,0,17,1,0,23,0,1,0,9,10,8,6,0,0,34,254,251,212,162,177,232,242,158,1,23,6,0,4,0,0,6,5,6,4,1,0,0,0,0,10,0,9,15,117,44,5,1,28,63,223,249,116,0,2,0,0,14,10,4,0,0,17,0,0,10,10,0,0,0,9,9,16,4,7,9,0,0,4,247,201,0,23,0,11,0,16,11,2,0,0,7,0,0,0,0,22,0,0,13,0,24,5,0,0,0,4,154,242,0,18,0,3,0,0,0,19,0,2,0,0,17,0,0,0,9,16,0,10,1,3,7,0,13,2,144,231,8,31,0,10,5,0,17,9,0,2,3,0,11,0,19,0,21,17,0,0,0,8,0,1,0,0,235,201,2,9,4,23,0,12,18,11,19,9,0,0,0,24,0,4,47,108,4,6,0,0,6,0,0,56,241,107,19,0,0,17,0,0,11,1,0,6,12,0,0,0,5,4,115,197,0,0,4,3,2,0,0,140,212,0,0,0,34,0,0,11,2,7,18,0,0,12,0,16,6,8,173,243,20,5,0,0,0,4,118,255,160,0,7,0,0,0,0,0,7,6,15,5,0,15,20,0,0,0,61,251,212,61,12,0,0,123,245,175,2,11,0,14,3,0,4,0,0,0,0,6,0,0,0,21,0,0,8,103,231,255,243,137,186,248,189,40,10,0,18,2,4,0,1,32,9,9,0,0,9,0,0,8,14,0,6,0,123,179,252,255,174,108,5,6,21,0,11,12,0,18,0,20,0,0,13,0,5,19,0,11,12,11,1,0,21,0,0,0,14,1,13,0,14,0,0,18,17,2,2,0,0,13,11,3,1,0,0,0,24,4,0,0,0,9,0,0,0,0,17,1,0,13,0,13,8,0,4,22,0,0,16,0,0,0,0,22,0,0,0,0,0,0,2,9,24,8,1,8,12,1,0,0,0,6,33,0,0,0,0
9,0,0,0,10,0,0,6,37,0,0,0,12,13,0,28,18,9,41,0,11,11,0,0,0,0,11,0,18,17,1,20,15,11,9,0,0,12,1,3,0,0,0,5,0,2,0,13,0,0,0,6,9,14,0,0,0,10,9,0,1,0,5,0,0,0,0,14,7,2,0,3,13,0,2,0,0,6,27,13,0,5,13,2,33,4,0,0,0,16,0,0,14,10,4,0,0,18,0,0,0,12,2,0,0,0,0,20,13,0,4,16,12,0,0,1,6,0,0,0,0,18,0,0,0,8,0,0,6,5,0,0,6,0,0,13,2,0,5,0,0,7,22,6,0,12,3,4,4,8,0,0,17,0,0,32,17,0,0,0,17,9,0,8,0,0,0,23,15,7,12,0,0,13,1,0,0,5,0,11,5,14,3,8,0,11,12,1,2,0,7,2,0,0,2,0,5,0,5,3,10,28,6,34,35,38,159,188,152,253,255,189,132,27,0,0,0,6,6,9,0,6,7,0,24,10,29,6,0,48,125,230,255,245,255,225,255,254,255,255,255,248,87,18,12,0,0,18,0,0,0,9,17,0,0,4,116,245,255,255,198,223,166,136,55,38,0,16,175,250,244,25,10,0,3,0,5,4,0,16,8,2,6,9,57,221,171,75,0,0,11,0,2,0,5,0,103,245,240,26,0,7,0,0,17,0,0,7,12,11,0,0,3,29,14,2,5,0,1,2,0,0,0,5,87,255,246,26,6,0,11,0,4,0,0,0,3,17,0,7,0,0,0,1,0,24,4,0,6,10,3,6,97,238,225,30,15,0,0,18,0,6,0,0,0,9,0,10,0,16,5,19,0,1,9,9,15,0,0,0,108,255,157,30,6,0,6,3,0,0,19,26,13,0,0,0,8,0,14,12,0,0,10,22,0,0,0,4,94,255,119,0,6,20,19,3,13,0,0,0,0,5,5,0,0,0,0,23,17,0,10,0,0,0,2,0,163,243,58,7,0,3,0,0,0,17,19,0,4,0,11,7,20,3,4,18,0,0,1,8,0,0,0,63,242,242,48,11,4,11,0,0,0,17,0,8,25,23,0,0,24,14,0,21,0,0,5,0,15,0,0,83,246,205,0,0,8,0,0,7,0,25,13,0,9,8,24,19,0,0,0,0,0,0,0,4,8,3,5,104,240,177,6,0,12,11,0,0,1,0,1,8,3,0,14,0,0,24,0,0,17,0,3,12,17,0,18,166,250,209,0,0,2,0,22,4,2,15,1,2,12,0,4,6,3,3,12,0,0,0,9,0,9,11,2,206,255,64,0,0,0,0,0,0,0,18,0,14,15,5,0,8,0,6,15,0,0,5,0,0,0,23,100,252,225,14,13,9,0,20,11,2,0,16,0,3,0,0,2,0,2,0,0,21,16,8,25,10,0,6,239,255,79,0,0,0,0,0,0,13,9,0,4,13,15,0,0,0,1,0,2,0,0,0,0,0,15,83,255,222,0,0,0,6,0,0,0,22,0,6,19,3,8,0,0,0,0,0,4,18,0,9,0,0,53,255,242,107,6,0,3,0,0,0,0,0,8,6,28,4,6,10,0,0,12,9,0,7,0,0,14,0,53,255,244,1,12,0,0,3,2,0,0,5,10,3,19,0,12,14,1,9,0,0,0,38,1,0,2,0,31,227,155,0,0,11,18,6,0,5,2,1,15,0,0,0,23,0,1,0,16,0,0,0,6,7,0,0,5,3,0,0,3,18,0,0,4,0,0,0,0,11,0,10
0,0,0,7,5,24,0,3,0,1,0,26,0,0,13,0,3,19,0,0,0,5,0,0,3,0,0,0,18,10,0,16,5,10,11,7,0,0,0,15,0,0,7,0,0,0,0,0,0,19,17,0,0,2,9,0,9,5,0,0,0,12,16,0,7,0,14,0,5,0,0,0,24,8,0,1,25,1,13,10,0,9,0,12,0,0,0,0,1,0,2,6,6,0,8,0,0,2,10,19,0,0,0,1,2,3,9,1,0,16,0,4,0,25,0,11,0,0,16,8,14,0,0,1,13,0,8,0,2,0,0,0,0,0,5,0,0,0,3,0,0,0,0,0,3,0,3,14,0,0,0,0,0,0,0,0,0,10,1,0,0,0,20,4,0,16,1,0,13,13,0,0,13,10,0,11,88,104,238,255,239,247,255,150,55,0,0,0,2,0,24,7,0,0,10,13,10,26,6,7,0,5,24,8,193,255,253,255,249,228,179,251,231,22,0,0,15,6,0,0,0,0,0,9,14,0,4,0,0,5,0,72,240,239,255,200,110,55,59,255,244,37,11,16,5,23,5,3,8,0,0,0,0,20,21,6,0,9,8,24,86,120,0,0,5,0,16,190,229,188,9,11,0,0,0,0,0,0,1,0,0,0,1,4,16,19,5,15,0,0,14,14,0,8,12,159,255,241,74,0,0,6,0,0,0,18,4,1,11,4,0,0,19,1,7,1,17,0,0,0,0,0,24,186,255,255,67,14,5,0,0,15,0,13,0,0,0,0,0,7,10,25,19,10,4,11,0,19,0,6,0,151,255,214,36,11,12,0,0,0,12,15,0,10,0,0,0,19,14,8,0,0,30,4,17,0,0,10,1,167,255,170,1,0,3,0,3,13,0,5,0,12,28,16,18,0,7,0,8,1,4,0,0,0,0,0,12,174,244,173,0,0,9,12,0,33,0,1,1,15,0,0,2,10,0,0,12,0,18,11,0,0,0,16,49,255,255,180,2,0,0,0,0,8,0,7,0,0,28,8,0,0,0,0,3,3,0,14,19,8,13,0,41,241,255,184,26,0,0,0,20,0,0,13,12,8,19,4,1,0,2,0,0,6,0,0,0,11,0,10,59,234,255,182,0,0,0,2,0,0,16,2,20,7,0,25,16,10,10,0,0,0,0,0,0,2,0,0,164,253,234,70,1,0,25,0,13,0,18,27,15,30,0,1,0,0,0,3,0,10,6,0,2,0,0,15,188,255,255,25,0,3,20,0,1,8,4,22,0,26,0,8,10,5,15,0,0,0,0,0,0,12,3,24,221,253,255,42,3,0,15,14,0,15,0,10,13,8,0,0,21,12,11,0,0,6,7,0,10,0,0,97,245,233,235,22,15,0,21,3,2,0,0,0,1,24,3,9,0,9,10,0,0,0,0,0,15,6,0,106,255,236,255,31,0,0,10,1,0,22,5,12,23,9,5,0,0,0,7,0,0,4,0,0,0,0,2,109,253,255,214,20,2,5,0,0,0,5,8,0,20,21,0,11,2,0,4,0,14,0,1,0,0,9,4,102,255,223,121,5,6,4,0,0,0,0,11,10,16,23,0,0,16,0,0,18,2,3,24,0,0,0,14,101,137,107,0,10,0,0,0,0,8,0,0,0,1,0,0,3,3,0,0,0,0,0,2,0,0,0,0,18,0,9,4,17,7,6,4,0,0,0,0,0,0,0,5,14,2,15,0,6,0,21,9,26,0,4,7,0,7,4,6,4,17,0,16,0,0,10,8,0,3,0
0,12,0,7,0,15,5,5,0,0,21,10,0,0,0,8,0,6,0,0,9,0,0,18,0,16,0,4,0,7,0,28,20,8,0,6,0,16,24,0,1,0,3,19,0,3,0,0,0,27,0,0,14,0,0,0,18,16,2,0,3,0,2,0,8,0,0,0,12,3,21,0,0,16,0,0,20,0,0,0,0,0,15,0,0,3,7,0,11,6,0,0,0,5,5,4,14,10,0,25,0,0,6,20,0,23,12,17,1,0,0,13,1,0,0,0,0,0,5,11,0,11,8,0,0,19,63,117,143,199,28,0,0,0,0,0,0,0,14,11,24,0,0,0,0,12,6,0,1,2,0,50,109,218,249,236,255,242,210,35,2,0,0,0,0,5,0,6,0,0,11,0,10,0,0,0,0,96,192,243,255,254,231,198,157,239,255,238,0,16,0,0,5,5,0,0,26,2,7,9,0,5,1,0,7,200,255,249,221,34,25,7,57,255,255,243,11,0,7,0,2,2,7,0,0,0,0,4,14,8,13,20,0,80,100,43,0,0,7,11,143,255,255,215,7,13,9,0,3,18,0,0,0,1,0,0,0,0,8,20,0,0,0,21,12,6,0,10,212,255,231,94,0,2,0,17,4,0,0,7,26,0,0,6,0,25,13,5,8,7,10,16,4,0,0,106,254,255,131,0,0,0,2,0,0,7,10,0,0,11,16,0,0,0,0,0,8,8,0,19,0,0,50,247,250,137,29,0,6,0,0,12,0,5,0,9,10,5,0,0,11,0,11,1,6,31,15,0,9,1,231,251,241,146,12,0,0,0,27,0,6,10,0,0,17,0,0,12,13,5,0,2,0,11,10,0,9,166,245,253,230,4,0,0,20,5,4,3,14,0,0,0,0,0,1,22,0,1,0,0,0,16,4,0,46,228,255,255,112,2,0,0,18,6,0,10,0,0,0,1,27,8,0,1,0,0,1,0,0,0,0,0,104,255,254,119,0,0,0,0,9,5,0,5,0,0,16,2,7,0,0,17,0,0,0,0,0,0,6,77,255,255,239,29,14,4,0,6,3,0,3,6,0,0,9,0,0,0,10,0,0,0,1,15,3,11,24,206,249,245,125,9,19,0,14,8,4,0,0,0,0,5,1,0,23,0,3,4,2,11,0,0,9,0,133,239,255,255,0,0,32,35,53,126,21,0,24,3,0,3,0,0,0,9,0,5,0,0,0,9,18,105,255,255,255,255,198,193,253,255,255,244,245,81,0,4,28,11,0,0,0,0,0,0,4,13,14,0,29,206,255,251,233,230,229,237,231,247,226,229,130,101,10,0,7,0,5,5,6,7,0,0,11,0,27,0,202,255,244,255,255,253,167,194,110,40,0,0,0,0,0,23,0,0,0,11,0,0,0,0,15,0,0,4,195,255,245,235,160,55,22,5,0,24,0,0,0,4,0,19,7,0,0,13,9,0,6,1,18,0,0,4,124,225,236,88,2,0,0,0,0,0,0,0,2,2,10,0,15,5,0,8,13,20,0,12,5,0,24,0,10,13,10,0,0,0,12,0,3,0,0,4,0,0,0,14,0,19,0,2,10,2,12,0,11,0,0,2,5,0,0,14,0,0,4,7,5,0,6,3,13,18,20,0,0,0,0,6,12,19,0,0,2,9,13,0,0,37,5,17,1,0,18,22,0,0,0,5,0,0,5,17,0,5,6,0,0,0,0,0,18,0,0,0,24,1,0,0,23,0,13,12,0,0,8,7,0,10,10,1,0,0,0,17
0,0,0,0,11,0,22,4,0,0,1,6,7,4,0,0,3,20,16,0,0,0,16,9,18,11,17,0,16,0,0,0,11,0,15,0,0,0,18,12,25,19,18,0,0,10,0,10,0,8,0,9,5,1,0,8,5,14,0,0,5,0,0,19,10,8,0,0,0,0,0,0,6,0,20,1,0,0,9,0,0,0,0,0,0,22,23,0,0,0,3,0,0,0,26,5,11,0,2,0,9,0,0,2,4,0,0,12,0,0,4,0,14,0,0,0,17,5,0,12,0,0,15,143,247,255,240,153,67,5,0,0,0,26,11,0,1,11,0,0,0,9,8,28,11,16,0,0,0,2,0,99,90,115,229,255,233,133,10,8,0,0,7,22,19,0,0,0,0,9,8,0,13,2,23,2,8,4,0,83,125,14,6,158,255,255,86,0,4,0,9,0,0,8,21,0,0,15,3,4,0,0,0,0,0,0,18,215,242,120,0,220,255,239,23,7,0,0,10,18,19,0,0,2,0,0,7,2,2,3,0,0,0,7,0,159,254,80,59,255,251,164,3,0,11,1,0,19,14,15,11,7,0,10,0,19,0,0,19,5,15,7,0,138,255,200,243,255,244,48,2,10,0,0,0,19,0,0,0,0,0,0,0,3,0,0,19,7,0,3,0,74,235,236,255,245,244,11,0,7,6,7,11,0,3,2,0,0,5,21,7,10,0,0,0,0,1,0,0,39,255,247,243,255,33,0,8,1,4,0,0,4,8,0,0,4,0,0,15,0,0,0,35,0,10,0,1,0,187,232,243,183,4,22,0,0,0,2,1,0,0,0,0,0,0,0,0,0,0,0,15,10,2,13,0,43,247,244,230,183,6,8,0,1,0,5,25,0,0,0,20,0,26,0,0,5,25,20,0,0,0,7,0,128,255,249,255,236,61,22,1,0,0,0,0,0,0,0,0,14,0,8,25,7,0,1,0,2,0,27,19,249,247,255,243,255,212,30,0,27,0,0,0,0,0,16,0,14,11,0,6,0,22,11,0,2,0,29,84,255,255,238,13,175,248,203,13,0,0,0,24,0,20,17,0,7,0,0,2,1,0,0,15,0,0,26,98,255,225,218,0,10,216,255,151,13,0,0,0,0,0,0,9,10,3,0,5,3,3,9,0,9,4,8,128,255,255,213,0,12,126,255,251,20,5,9,0,0,11,13,0,0,5,0,14,17,0,0,0,0,23,0,112,255,255,116,11,0,153,255,190,14,7,4,20,0,0,4,0,0,0,0,0,0,10,1,11,1,0,14,106,255,255,117,8,142,228,255,82,11,4,0,2,14,10,24,0,3,4,0,0,4,0,0,0,0,0,10,107,255,255,154,161,250,250,141,5,15,9,16,0,0,0,0,10,23,3,26,0,0,0,10,0,0,12,0,63,221,246,255,255,252,128,34,0,20,4,0,0,19,0,8,0,0,20,0,0,0,27,3,10,5,7,9,22,14,144,244,204,61,0,16,0,0,11,0,6,2,3,0,1,1,0,23,0,0,0,0,0,0,0,0,5,3,18,0,0,0,0,9,0,0,0,0,0,0,1,0,5,0,11,12,0,0,24,3,0,21,0,10,0,0,7,8,7,1,12,0,4,13,17,5,0,0,0,6,14,0,12,0,9,0,10,0,0,0,1,8,14,0,7,16,0,20,16,0,5,0,0,14,0,0,0,0,6,15,0,9,13,13,0,0,9,0,26,0,14,26,21,7,4,0,0,14,1,0,13,20,0,26,22,0,25,14
0,0,20,0,9,0,0,0,10,0,0,31,0,0,6,0,12,0,0,18,4,0,0,1,16,1,0,10,1,0,0,3,0,4,0,0,27,24,13,23,0,0,32,1,11,30,0,0,0,8,0,0,0,20,1,4,0,9,6,0,0,0,0,2,0,1,6,4,0,0,0,23,5,5,0,0,0,17,0,0,11,22,0,0,12,5,0,0,0,6,4,25,0,0,103,149,246,255,244,115,83,6,9,8,7,22,11,0,4,0,0,0,7,15,0,4,30,3,0,6,27,210,228,255,255,250,255,237,236,109,9,0,0,12,19,0,0,0,0,8,0,15,0,0,0,0,0,8,165,242,254,235,255,255,242,253,249,233,119,1,21,0,12,0,3,0,0,0,18,0,0,0,3,3,5,7,44,249,249,214,222,218,152,93,212,237,239,101,0,10,15,4,17,13,0,0,3,22,0,0,12,10,0,0,0,108,110,92,0,0,20,0,119,244,241,203,28,0,0,0,16,9,0,0,1,0,0,1,0,16,0,9,14,0,0,6,0,2,0,0,0,127,234,247,29,8,16,0,5,0,0,8,0,0,9,2,5,0,0,19,2,4,5,1,0,0,0,0,0,0,152,234,130,5,5,3,0,0,0,0,0,5,1,0,0,0,23,0,0,0,2,0,0,0,0,0,0,0,152,231,217,14,0,0,26,14,0,0,0,0,9,0,10,0,0,0,3,0,0,16,3,0,16,0,0,0,121,247,241,67,10,24,0,22,15,8,0,0,19,0,0,6,27,16,0,0,8,7,0,7,25,0,2,1,131,242,255,64,0,0,0,11,0,0,0,0,0,0,11,0,0,18,0,11,6,17,0,0,0,3,0,84,251,247,253,66,17,0,0,0,4,12,31,17,0,6,0,0,10,6,0,0,17,15,17,1,0,0,34,229,255,245,205,40,0,0,5,4,0,1,2,0,11,21,5,17,5,77,203,191,167,62,42,80,7,11,174,246,255,255,162,4,2,0,0,15,5,10,0,0,5,7,12,12,35,240,255,227,249,239,238,241,174,195,255,243,235,233,70,0,23,7,0,0,0,2,15,12,2,1,0,0,0,197,255,253,224,241,255,255,246,255,228,243,255,111,6,0,0,0,0,8,0,6,0,9,0,11,5,4,0,121,248,237,245,250,253,255,243,234,249,253,240,98,1,0,0,9,0,21,11,0,0,0,0,15,0,24,0,21,230,255,249,255,255,255,217,240,249,241,229,246,220,54,0,4,0,7,7,0,8,0,0,0,0,12,0,0,108,255,225,255,255,238,255,255,255,255,255,255,239,54,0,0,11,0,10,0,0,24,8,6,11,0,0,1,0,71,211,217,241,213,85,80,121,226,226,255,113,9,0,0,0,7,0,4,0,0,4,0,0,1,0,0,18,10,0,34,92,0,0,0,0,69,97,182,4,1,0,2,0,17,0,11,0,0,16,15,6,5,28,0,6,0,41,0,0,6,6,0,9,8,2,19,0,0,0,0,0,3,0,0,3,23,0,2,0,0,3,6,8,0,0,12,0,3,6,0,4,6,1,9,17,0,9,4,0,20,19,14,19,4,0,2,0,0,0,0,9,0,8,13,7,11,5,0,0,0,0,29,6,0,0,0,16,11,1,0,0,1,8,0,0,4,0,5,0,22,0,16,0,13,8,0,29,0,3,4,0,1,11,0,0,0,0,18,8,17,0,0,0,0,0,2,11,0,4,19,15,3,9,0,0,14,25,10,11,0,0,0,3,10,0,12
5,7,0,0,10,26,19,0,0,0,0,18,0,3,0,11,6,0,0,0,12,0,1,0,0,0,0,0,0,0,11,8,0,15,6,22,0,0,0,0,0,0,15,0,8,3,0,0,16,1,0,0,22,16,3,8,8,0,0,0,0,1,0,2,0,17,10,0,0,0,5,0,0,0,0,0,0,4,0,0,28,5,0,24,0,0,0,6,10,9,8,6,0,0,0,61,243,255,78,0,15,25,23,11,3,21,0,18,16,0,10,0,16,2,0,5,0,0,0,1,0,21,152,243,255,225,13,0,0,0,0,39,2,6,4,13,0,17,8,12,9,17,3,3,0,0,6,0,2,0,230,245,239,24,0,0,6,0,5,16,9,0,0,18,3,0,8,13,0,0,7,0,0,21,4,0,0,172,247,206,68,7,0,2,0,0,0,0,2,10,9,0,2,18,22,0,1,0,0,0,0,0,7,0,12,231,255,51,0,0,10,0,0,0,9,9,0,0,0,0,15,0,0,0,0,14,1,2,0,0,10,0,98,248,172,13,25,0,32,93,103,20,4,2,9,0,1,10,0,0,0,20,20,3,15,1,0,2,0,6,103,250,117,11,69,183,210,240,255,243,222,196,117,38,3,0,6,2,0,0,21,7,0,8,0,3,3,0,220,244,18,68,253,248,255,255,254,255,251,246,255,216,43,0,0,0,10,5,0,11,0,0,0,0,7,91,249,232,126,197,249,216,61,57,45,47,36,158,229,253,129,2,0,0,4,0,0,0,0,0,12,0,6,150,255,255,255,243,211,50,0,0,2,0,2,0,72,255,248,84,0,20,17,0,0,0,14,10,0,0,0,102,246,245,255,236,83,0,0,0,0,3,0,7,37,214,208,130,22,0,6,4,6,9,0,26,12,0,0,122,253,214,248,126,0,5,0,5,16,0,0,0,28,52,246,249,6,0,24,5,8,21,0,2,40,0,19,107,255,255,68,24,0,0,0,13,17,0,11,5,19,21,249,243,0,10,4,0,14,0,0,0,7,21,21,132,255,255,16,0,0,0,0,1,13,0,0,0,0,59,249,237,0,0,0,0,23,0,7,6,0,0,4,105,238,243,0,0,29,10,3,0,0,17,0,0,25,161,239,173,0,7,0,0,0,0,11,0,0,8,0,23,239,255,123,0,0,0,5,8,0,5,14,0,64,233,235,40,0,0,8,7,0,0,0,6,13,0,7,0,160,255,247,199,88,0,13,0,0,5,20,31,204,255,159,0,3,0,2,24,10,0,3,0,10,0,0,0,47,157,236,254,255,168,155,137,145,80,149,255,243,98,34,6,5,0,0,3,0,0,0,0,21,0,0,15,9,0,43,140,255,255,225,252,249,243,240,227,106,0,13,1,3,4,0,12,15,8,12,4,3,15,19,0,0,0,0,0,28,198,255,249,251,215,124,39,28,0,7,1,15,0,3,9,0,0,1,9,0,16,0,0,0,23,16,0,8,22,0,0,0,19,0,0,0,25,0,2,0,4,3,6,0,0,0,0,0,0,1,18,7,0,14,8,8,0,8,3,0,4,21,0,12,0,0,0,0,0,0,0,0,0,0,11,1,0,19,0,1,9,5,26,0,0,0,25,0,10,11,16,1,18,0,0,0,3,2,0,0,12,0,0,3,4,0,0,0,0,14,21,10,0,0,0,0,0,14,1,0,0,0,6,13,17,0,0,17,0,15,0,0,0,13,14,0,0,0,18,0,17,2,0,0,19,0,0,5,0,0,17,0,15,0,0
9,1,5,0,0,0,13,12,0,24,0,0,0,9,6,0,0,23,14,13,0,0,13,0,11,0,2,0,0,24,0,0,10,7,0,0,0,0,0,7,4,0,1,9,0,6,0,14,0,7,0,8,18,18,6,0,0,0,0,0,4,6,0,0,19,11,0,0,8,0,0,8,0,0,0,0,0,1,16,9,1,5,16,0,0,0,0,0,0,8,0,5,5,4,0,2,0,0,0,0,0,0,13,5,0,5,8,0,16,0,0,0,0,8,8,0,15,16,0,4,0,0,0,0,27,2,7,0,0,0,0,0,0,17,0,0,0,5,0,17,17,7,0,0,8,13,0,10,0,23,8,0,0,0,7,9,11,29,8,74,202,182,51,1,4,28,0,0,4,0,0,0,0,8,0,9,0,14,2,0,8,16,47,167,226,255,253,255,246,249,225,64,0,7,0,0,5,0,12,0,0,0,0,0,4,0,0,0,89,226,242,239,255,227,66,17,83,116,255,224,14,16,11,8,10,3,0,0,8,6,11,0,2,19,146,212,255,255,245,173,117,20,6,22,0,17,152,254,121,12,8,6,0,0,0,7,4,6,8,9,6,204,247,241,220,85,59,17,0,0,8,22,10,62,201,243,117,0,0,0,0,5,11,0,9,0,0,18,9,255,217,131,7,0,0,31,17,0,0,8,87,249,246,251,74,18,13,14,9,19,17,0,0,0,0,0,7,247,155,0,6,4,0,0,20,3,62,113,206,236,178,17,0,3,11,21,13,0,5,0,19,0,9,17,0,189,237,25,0,1,0,9,26,96,253,255,102,35,7,2,0,1,0,0,0,2,0,7,0,0,0,0,19,70,239,157,2,0,0,75,177,239,201,104,10,12,9,0,0,11,7,4,5,10,0,5,0,21,0,14,0,33,147,255,82,88,212,241,242,157,0,0,0,15,2,8,0,8,21,14,0,0,13,0,0,0,0,17,0,0,107,211,224,255,249,191,92,0,0,17,1,9,18,0,26,0,9,9,5,17,0,1,3,7,0,12,0,13,102,254,241,255,123,15,7,2,14,21,15,0,6,0,11,4,10,0,4,0,0,8,12,3,0,0,17,178,200,218,141,227,18,6,0,0,0,3,0,9,0,39,19,10,0,0,0,0,15,0,12,0,0,16,207,247,156,13,37,206,170,9,11,8,0,11,0,13,0,9,12,0,0,11,18,4,0,2,13,0,0,121,255,85,14,0,0,70,233,73,3,35,0,29,2,0,0,14,0,16,5,6,0,0,20,2,0,0,18,139,228,26,13,0,6,11,114,202,42,0,0,0,18,22,6,10,0,0,0,0,6,0,0,7,0,2,0,107,243,104,18,0,12,4,0,184,192,34,0,0,8,12,0,0,0,0,6,19,1,10,0,3,0,12,0,130,255,230,216,48,28,12,28,87,252,137,15,8,0,0,23,0,12,8,0,0,0,0,16,0,18,0,18,0,100,252,255,255,158,136,165,255,246,129,9,29,4,0,0,0,0,0,21,0,4,24,0,5,0,0,0,1,12,13,0,26,188,116,221,185,195,42,6,0,25,0,0,0,0,0,5,0,0,0,13,0,0,0,8,0,0,8,10,0,0,8,0,0,0,0,0,19,0,13,0,4,0,0,2,0,0,10,0,0,9,16,0,17,0,0,7,0,0,19,10,0,3,1,4,0,0,0,10,0,4,0,17,5,0,10,0,12,3,19,3,0,0,0,6,0,0,0,0,10,24,11,0,0,6,0,0,0,0,25,7,2
8,0,5,0,3,5,0,0,7,0,0,4,5,0,8,10,0,36,0,2,0,1,21,19,0,8,0,21,0,0,15,22,0,1,19,5,0,0,9,0,0,12,0,25,0,23,15,18,12,0,38,6,0,4,12,3,0,24,0,0,0,10,6,2,0,0,0,7,5,0,0,0,24,11,8,0,22,16,16,0,0,10,0,12,0,19,19,12,5,0,6,27,0,0,21,0,0,4,0,7,0,16,15,0,7,0,8,0,0,0,10,7,2,26,4,0,0,0,6,0,12,17,15,0,21,0,12,0,0,0,0,4,0,3,8,0,6,0,0,3,0,10,0,0,2,5,0,0,0,1,18,0,4,13,12,70,121,27,0,0,13,0,0,0,0,0,13,0,0,24,4,0,10,15,0,3,2,24,6,0,0,5,70,235,255,127,0,0,10,0,4,0,0,0,6,10,0,0,0,2,20,13,15,11,0,0,3,0,52,67,166,255,255,186,197,188,170,111,69,32,0,0,0,0,3,1,5,0,17,0,0,5,21,0,0,0,234,255,255,231,246,236,255,242,255,247,238,255,205,101,0,0,0,20,0,8,9,8,0,5,0,0,0,46,255,254,226,171,47,47,76,56,64,50,60,72,151,142,0,10,10,0,4,0,10,0,10,0,0,4,0,0,7,183,255,114,0,0,12,0,11,5,0,18,0,2,7,0,20,0,11,0,2,5,8,0,0,2,9,0,30,243,230,0,0,0,0,10,6,6,0,8,0,8,2,16,0,4,0,9,0,4,0,25,34,0,0,21,96,226,172,0,5,20,0,9,7,0,2,0,22,0,0,0,0,0,0,0,5,4,20,0,0,0,16,21,36,248,119,15,0,9,5,15,0,6,4,8,0,0,0,0,9,1,0,12,30,3,0,3,7,18,0,6,34,255,189,0,0,2,0,17,14,11,0,16,0,0,11,0,13,0,0,19,0,0,7,33,6,0,0,7,14,237,248,66,0,0,0,10,10,0,4,1,0,6,0,0,1,0,6,0,8,12,0,0,0,0,0,7,1,165,233,192,0,23,0,0,3,4,0,6,0,0,25,10,10,0,7,0,0,3,0,0,0,21,0,0,0,34,222,255,133,20,1,29,12,0,0,6,0,0,7,5,0,4,25,0,6,8,0,2,0,5,0,0,0,18,196,239,164,2,0,2,0,3,0,12,0,10,0,0,21,11,0,2,12,9,5,3,0,2,0,12,13,176,238,226,13,13,7,0,0,3,15,8,0,0,16,0,0,27,9,0,0,2,96,35,9,1,13,0,180,253,238,72,0,0,31,5,16,0,13,7,13,4,18,0,0,7,0,0,0,10,214,143,17,40,125,207,255,249,114,22,0,0,0,3,0,0,0,6,5,0,6,0,0,0,12,0,6,19,184,254,174,214,245,243,210,75,0,0,18,0,0,0,0,1,0,19,0,0,0,0,0,0,0,0,0,17,112,202,247,229,222,63,13,3,0,9,0,0,7,4,1,0,0,16,0,11,0,14,0,0,20,0,3,17,0,45,69,54,0,0,0,0,17,0,2,0,0,15,0,4,0,12,0,0,1,0,7,12,0,13,13,0,7,0,13,0,20,0,0,0,0,8,7,9,3,9,10,0,0,5,1,0,0,18,18,0,4,0,0,3,10,0,0,0,0,0,22,7,17,6,0,0,0,0,13,10,0,0,0,0,0,10,18,28,8,16,14,0,0,14,1,2,0,24,0,1,6,0,12,0,2,18,0,30,5,14,11,1,18,0
0,5,15,0,19,8,13,0,16,0,8,1,0,0,25,0,0,0,5,29,0,13,4,10,0,23,0,0,5,0,0,0,1,0,13,0,0,0,0,5,0,0,1,0,0,1,11,4,2,1,0,14,0,1,0,0,21,0,0,0,1,0,10,0,2,7,25,9,9,0,0,3,0,0,7,6,11,0,3,0,1,0,5,0,12,14,0,0,6,0,0,0,7,8,0,0,0,0,6,0,0,15,0,0,5,0,4,0,0,0,4,3,14,8,3,0,0,7,0,10,32,11,0,5,1,0,2,0,0,5,22,2,27,0,21,0,0,0,2,0,0,25,16,0,4,0,9,12,0,8,0,0,0,4,0,21,0,14,1,5,0,0,0,5,0,0,0,17,10,2,0,11,4,0,0,0,0,0,21,8,0,0,21,0,0,3,17,9,10,5,3,11,0,0,0,8,0,12,0,0,0,5,0,25,0,3,0,3,1,10,26,17,2,0,0,0,7,4,7,0,0,4,0,17,0,3,5,9,96,131,138,125,149,139,131,121,18,17,108,122,149,237,248,136,0,0,0,4,9,9,0,6,14,125,215,252,255,237,255,255,254,232,242,245,253,244,250,247,255,248,255,136,8,16,24,0,1,5,2,0,34,197,186,92,100,99,108,149,102,105,106,123,211,212,240,203,245,255,255,144,6,17,9,0,2,28,0,7,15,0,14,0,0,0,12,0,0,0,0,0,0,31,13,21,80,239,242,70,22,2,0,5,0,0,0,0,0,0,0,1,5,0,0,0,6,0,0,21,0,0,0,6,76,247,242,34,1,21,0,10,12,0,0,0,0,0,0,0,13,0,0,0,0,9,0,0,20,0,0,6,175,255,255,3,21,20,0,10,0,0,0,10,26,0,4,0,0,0,0,2,8,0,4,4,0,3,0,0,203,253,160,14,1,2,0,0,0,27,5,0,0,0,0,0,6,3,5,0,6,8,23,30,25,0,15,34,195,248,90,0,0,3,9,4,29,5,11,5,14,0,0,0,10,7,5,1,0,0,0,8,0,15,0,67,249,255,41,2,13,0,18,9,0,23,0,0,0,0,0,1,2,0,0,0,0,10,13,0,2,21,0,93,255,236,31,0,0,2,10,0,0,0,0,0,6,2,0,0,0,3,0,15,0,0,20,13,0,2,0,158,238,255,46,0,0,0,0,0,19,5,2,0,0,0,15,0,16,0,9,8,0,5,0,0,0,0,0,205,255,250,26,20,9,12,0,0,0,0,0,23,0,0,0,0,3,0,0,29,0,6,15,0,0,33,0,211,255,254,26,3,0,36,28,0,24,16,0,0,0,35,0,19,13,0,11,0,0,21,24,0,0,0,10,182,255,244,18,8,21,11,18,7,0,0,0,19,25,0,0,0,0,0,4,0,17,30,16,0,0,0,6,198,254,161,0,0,0,5,7,19,7,4,0,0,0,12,0,0,0,0,0,2,0,8,16,0,0,0,0,186,255,167,27,21,0,0,0,16,0,0,0,0,0,0,1,0,1,2,1,15,4,0,0,0,0,15,20,252,226,166,6,7,0,0,0,0,0,17,30,14,0,0,0,0,26,21,11,1,0,0,6,0,0,3,36,236,255,63,10,13,0,7,3,0,0,6,0,0,1,6,13,0,0,7,0,0,0,0,0,0,0,7,106,253,236,31,0,22,8,0,22,0,0,0,4,0,14,0,0,5,0,0,0,0,15,10,2,0,3,0,191,230,170,1,0,0,0,18,0,6,0,22,7,0
9,24,0,10,0,0,0,9,6,0,0,23,16,10,23,2,0,8,0,8,4,0,0,0,0,0,0,5,28,3,10,0,1,12,0,0,7,0,0,15,3,0,0,15,2,12,12,0,21,26,0,0,0,0,15,9,0,0,0,0,0,7,0,13,0,1,9,22,0,5,0,10,0,0,0,0,20,33,14,3,0,0,4,6,0,10,0,4,0,0,0,1,16,0,13,8,27,0,9,0,0,24,18,0,26,18,2,9,8,13,0,0,0,0,4,7,0,3,0,0,0,0,0,18,22,20,12,19,0,11,0,11,0,17,0,6,0,0,0,8,0,5,0,9,0,0,0,0,7,0,17,0,20,0,23,0,26,0,13,0,22,0,4,0,20,13,17,0,0,19,0,8,4,2,0,0,0,0,5,5,3,7,8,14,9,0,0,0,10,12,1,7,16,0,14,2,0,0,0,1,3,0,9,0,7,14,52,59,130,154,161,159,148,219,69,0,0,12,0,5,8,0,5,0,5,5,6,19,9,13,8,50,95,182,252,255,255,249,255,252,249,255,102,1,0,5,22,0,0,20,6,5,0,2,5,0,0,67,239,249,255,255,255,225,207,104,106,189,255,255,101,0,9,0,7,0,0,0,0,2,1,7,0,0,0,92,222,228,135,149,72,29,4,24,18,135,255,240,72,0,0,35,0,0,0,0,18,13,0,7,17,1,28,0,12,1,0,13,0,0,10,12,0,236,251,235,72,0,0,0,0,0,0,6,0,0,0,0,0,0,3,0,7,2,0,2,0,27,0,21,0,229,255,237,0,0,9,34,0,9,9,3,0,18,0,4,0,13,7,0,0,0,0,15,17,10,3,1,37,255,255,219,9,13,0,0,0,0,4,0,2,4,0,12,21,0,0,2,0,3,0,0,0,1,18,0,0,234,237,181,27,21,16,19,7,8,1,0,19,0,5,0,16,4,0,0,0,0,0,5,0,0,11,14,0,240,255,142,21,0,0,0,0,0,4,1,9,0,8,6,4,0,16,0,13,0,0,2,8,9,11,9,110,255,227,72,21,0,9,0,4,4,12,0,0,33,3,0,2,20,22,0,9,4,10,0,10,0,5,29,232,252,215,16,13,18,5,6,0,0,15,0,0,0,0,8,6,15,4,0,14,0,0,0,1,5,0,40,247,255,97,14,5,3,0,15,3,0,0,4,0,0,11,0,0,2,0,7,3,0,37,5,4,4,0,107,255,236,81,2,0,8,26,15,8,0,0,5,0,9,0,1,0,0,1,12,0,0,0,20,0,25,0,170,250,226,59,22,0,0,0,14,0,0,8,0,0,17,0,19,30,7,3,4,0,0,7,9,10,6,13,255,245,180,1,12,0,0,8,0,11,6,0,0,0,3,9,0,0,8,10,17,15,2,19,9,7,6,74,249,223,50,3,13,11,14,0,0,0,16,2,6,0,0,0,13,1,10,16,0,3,10,10,1,0,13,128,255,255,32,0,0,18,0,0,0,0,0,0,13,0,8,9,4,13,0,5,0,3,3,0,44,0,28,211,236,200,16,5,16,0,0,12,7,8,0,0,0,0,0,0,0,0,11,1,26,0,12,13,23,0,53,255,255,178,0,0,15,0,0,9,8,0,14,3,1,0,5,0,0,0,3,0,0,5,0,27,13,3,71,249,228,59,19,10,0,0,3,0,7,21,35,0,1,0,25,0,0,1,11,3,0,0,0,23,13,20,0,0,0,0,8,3,2,0,6,0,0,3,19,0,4,0,0
0,9,0,9,0,0,0,9,0,4,9,0,9,0,5,7,0,0,0,0,0,1,0,16,0,0,0,2,0,3,0,0,0,0,9,5,0,0,13,15,0,15,0,0,7,0,0,12,5,15,0,0,0,4,8,11,0,0,0,11,0,0,0,16,0,0,9,0,0,2,16,0,3,0,2,7,6,0,16,4,1,7,0,0,0,0,0,4,0,2,0,6,2,10,27,14,4,0,13,17,0,20,27,0,8,0,2,11,0,0,7,4,0,26,0,19,0,0,0,7,0,2,0,5,7,0,0,0,0,0,16,2,6,0,0,5,12,1,0,17,0,0,4,24,4,15,0,10,18,0,0,139,237,201,40,0,9,0,0,16,0,0,17,10,31,0,2,13,2,0,1,3,33,16,0,0,0,9,70,255,255,255,188,7,28,0,0,0,0,0,0,0,12,2,0,0,3,3,0,8,0,14,1,19,32,2,222,245,153,214,255,66,0,0,15,5,20,0,8,3,12,0,0,25,22,5,7,0,13,6,0,2,0,154,255,162,0,123,252,183,91,0,0,0,30,7,9,0,0,18,4,0,19,7,8,10,3,3,9,0,5,222,250,57,7,24,255,251,228,13,9,2,17,6,0,13,6,0,14,2,10,0,0,0,4,27,0,3,5,215,246,56,0,13,255,249,255,50,12,6,0,0,12,3,8,0,0,0,26,0,19,5,0,0,0,14,1,212,255,35,0,19,217,237,255,7,3,0,11,0,0,10,12,26,21,12,0,0,6,0,0,2,22,6,20,103,239,88,0,0,148,255,205,0,0,0,0,0,0,9,0,10,0,5,0,0,4,3,5,0,0,0,0,42,255,244,177,126,215,241,166,7,0,0,1,0,3,0,5,6,0,23,0,0,8,7,0,14,1,3,19,1,133,247,255,230,250,242,157,23,0,0,5,0,7,0,15,0,9,5,19,0,18,1,0,3,18,0,0,0,0,87,121,129,88,255,201,12,8,1,17,11,8,20,0,19,2,13,0,4,12,13,20,0,0,0,0,3,21,9,15,18,4,250,253,14,11,17,14,17,0,10,7,0,0,13,8,0,1,7,0,1,0,10,12,0,21,0,0,2,2,255,255,97,22,0,8,16,4,0,0,1,0,0,14,0,0,0,0,0,12,12,6,0,15,0,7,31,5,206,255,155,12,14,0,13,2,11,0,0,0,3,0,8,0,0,0,12,0,6,0,0,0,0,2,0,9,166,255,213,11,0,2,18,20,5,7,0,9,22,0,10,17,0,0,32,0,0,0,0,0,8,0,20,0,92,250,188,40,0,5,6,0,14,0,20,0,0,12,0,22,0,5,0,2,0,19,5,0,12,0,8,0,0,253,255,67,0,0,0,0,1,20,0,0,0,4,3,21,12,0,0,6,0,0,1,0,3,19,0,11,0,219,235,148,0,0,34,0,10,0,6,0,2,12,0,11,0,18,16,0,0,0,0,6,17,0,0,2,3,138,244,255,132,171,0,6,23,0,0,0,0,0,1,18,0,0,34,6,15,0,2,8,29,0,0,0,18,25,223,248,254,172,0,5,0,0,0,0,0,0,3,25,11,2,9,0,0,0,11,21,10,13,13,0,0,0,10,1,0,17,0,4,0,0,2,6,0,0,0,0,3,0,0,0,12,3,1,0,0,0,7,9,3,0,0,22,0,0,5,5,10,13,7,2,0,0,11,0,17,0,0,16,2,26,0,22,0,4,17,5,5,0,11,12,8,0,0,0,0,0,0,0,2
0,8,14,13,2,13,0,2,13,0,0,0,0,2,0,0,13,0,0,4,12,31,6,15,20,13,0,0,9,0,0,0,14,5,5,9,6,11,9,0,0,5,5,15,0,7,0,15,0,3,0,13,8,7,16,13,17,7,0,0,0,18,0,9,0,10,0,0,0,3,0,0,2,13,8,30,10,0,0,0,21,8,0,0,9,2,0,0,5,0,0,17,7,0,0,8,1,0,0,0,0,15,0,14,0,0,0,0,0,0,0,1,2,25,0,0,0,8,0,9,27,0,0,13,33,233,255,224,57,0,33,3,7,7,4,5,1,3,0,16,13,10,0,0,0,0,7,0,0,20,2,0,85,255,255,255,164,0,0,1,7,0,0,11,0,11,17,0,0,3,21,0,6,0,9,0,17,5,10,0,103,244,255,255,174,0,15,0,26,0,0,1,0,0,5,3,0,0,0,0,0,7,2,5,0,2,3,0,0,240,231,255,149,0,8,2,0,0,0,0,0,12,0,7,13,0,0,10,3,4,18,11,0,12,4,0,0,164,255,237,48,8,3,0,0,0,0,0,12,8,0,0,0,0,0,0,0,0,18,8,3,0,0,0,0,164,250,255,62,0,0,0,1,0,10,8,0,2,0,0,20,0,11,0,0,0,0,7,5,10,0,3,11,206,255,222,41,0,0,4,9,17,0,17,0,0,26,27,0,0,28,0,14,1,3,0,6,16,0,0,34,255,243,250,57,0,14,0,10,1,0,0,0,6,0,0,8,0,0,11,0,0,8,0,0,0,0,18,0,254,238,255,65,0,4,0,0,0,0,0,38,0,0,5,15,5,0,5,8,0,0,0,1,0,0,3,19,255,243,241,60,0,30,8,3,0,5,2,0,20,8,21,0,0,0,6,14,7,27,0,0,0,0,0,30,255,243,255,64,13,2,0,7,0,0,0,8,20,5,0,0,23,0,0,14,30,0,0,18,0,0,0,72,241,255,250,70,0,0,2,0,0,13,11,0,0,0,0,0,0,5,4,19,19,4,12,0,8,0,0,129,248,237,234,39,0,1,12,0,0,0,18,0,0,8,14,0,21,0,0,15,2,0,0,3,25,0,4,135,251,255,238,60,10,4,0,0,0,1,0,0,20,10,5,0,0,0,0,0,0,3,9,0,0,11,0,127,239,255,253,76,5,18,13,7,0,2,4,2,1,1,0,0,5,0,21,0,0,23,0,5,0,10,5,126,233,232,242,76,0,0,5,0,0,0,21,0,0,1,10,0,22,19,20,0,10,2,0,0,0,7,0,28,255,253,242,232,10,0,0,0,2,0,0,0,19,15,0,6,9,0,0,6,4,9,4,21,16,0,0,9,255,253,238,228,30,0,5,6,12,17,0,2,21,14,16,2,0,0,8,7,0,0,0,0,6,0,0,14,235,246,255,198,29,9,0,0,0,0,0,0,13,0,0,14,11,0,0,0,0,7,5,2,0,5,0,5,82,231,195,59,0,6,3,0,0,0,0,6,34,0,0,11,17,7,1,0,0,10,0,11,9,10,0,0,0,0,0,11,3,38,11,10,0,12,25,15,0,0,9,6,3,0,0,0,5,23,0,0,0,0,4,11,0,0,4,0,0,0,34,6,1,12,0,0,3,0,0,14,0,0,0,0,0,0,5,0,0,14,10,0,0,34,18,13,4,17,0,0,0,0,2,1,19,2,4,0,0,6,0,8,0,0,16,23,6,0,0,0,0,18,34,6,21,6,0,19,0,0,0,0,9,0,24
22,9,0,7,0,0,3,0,0,0,21,0,18,5,0,1,4,0,0,0,0,22,2,0,0,7,0,19,1,0,1,0,7,0,0,19,0,5,0,3,28,9,0,2,0,15,0,0,0,2,4,16,30,0,17,0,0,3,0,3,0,2,9,0,22,8,0,16,0,0,0,24,15,0,0,0,0,14,3,0,1,0,13,8,0,0,9,7,0,0,0,15,0,3,2,0,3,11,0,0,0,8,0,4,0,10,10,5,16,24,8,8,10,25,0,0,0,10,0,16,3,11,0,0,0,4,67,188,227,112,11,0,2,12,0,0,26,0,0,9,17,7,0,25,0,0,0,0,0,0,0,4,18,169,219,255,247,255,199,19,0,0,14,1,22,0,13,0,8,4,12,0,0,5,12,0,4,0,17,14,190,254,246,179,190,255,255,58,0,0,0,18,0,0,0,8,40,5,0,0,22,0,4,0,16,0,0,140,255,254,112,18,122,255,255,172,19,12,11,0,0,0,0,0,0,13,0,18,4,0,4,0,0,28,166,249,232,127,21,0,102,225,243,154,0,0,0,0,0,19,2,5,0,27,9,0,17,0,3,16,7,194,240,255,250,118,20,23,130,252,249,53,11,17,15,0,0,11,0,6,0,0,20,3,0,17,14,17,80,229,255,237,255,103,30,100,247,255,255,50,15,0,8,8,0,11,0,35,19,24,16,7,11,0,0,9,85,225,229,255,154,144,220,255,242,252,255,151,8,26,0,0,1,2,13,0,0,8,8,0,6,17,10,0,71,255,243,255,255,242,255,238,255,255,255,255,236,72,0,0,0,0,25,0,0,12,9,0,0,13,15,0,42,209,232,233,232,255,255,251,201,121,156,248,241,93,0,0,0,11,0,0,1,15,8,0,0,16,0,8,15,72,253,254,252,240,249,121,1,11,19,155,255,84,9,0,0,9,0,11,21,16,5,0,22,0,4,0,0,69,242,255,255,201,91,0,0,6,0,182,234,54,6,0,0,14,0,0,7,3,0,0,0,0,3,12,0,101,244,229,181,0,0,0,0,22,44,217,234,92,0,15,14,28,0,0,14,16,5,0,0,0,0,0,31,214,255,234,12,6,1,0,0,0,180,255,255,83,0,0,0,0,3,2,21,2,0,0,0,0,0,15,80,248,255,219,20,0,6,0,11,82,229,231,247,66,0,12,0,0,0,0,8,9,0,0,0,14,19,8,64,233,255,213,0,8,5,56,134,248,227,225,106,0,0,0,0,0,0,3,0,0,15,0,4,5,9,0,178,255,251,228,22,130,153,254,255,255,235,83,12,0,5,7,9,12,16,11,14,10,0,13,2,0,16,0,133,255,247,255,206,255,255,238,255,206,89,0,0,20,26,8,14,16,0,0,13,0,0,24,15,11,22,0,82,227,251,255,244,239,253,207,134,12,0,9,0,0,0,0,0,3,19,11,0,0,0,0,16,0,1,14,0,9,153,255,245,255,118,53,18,4,0,0,0,0,0,9,0,0,6,16,0,0,3,13,12,0,2,0,0,0,21,0,0,0,18,0,0,4,0,26,2,0,0,0,0,0,20,0,10,0,0,20,17,20,0,13,21,18,3,0,0,0,18,0,0,14,3,17,5,0,13,9,1,0,0,0,9,0,5,0,0,0,0,0,0,0,0,0,10,22,0,23,15,13,9,5,5,0,11,1,8,2,0,0,12,0,16,2,4,15,2,16,0,0,15,0,0,0,0,15,16,16,0,0,0,0,0,0,14,0,15,0
4,0,39,9,0,8,1,0,2,12,0,0,0,0,0,0,0,5,0,0,18,0,1,0,0,0,3,0,19,15,0,4,10,0,0,0,0,7,3,27,0,9,2,0,7,0,2,7,28,0,32,1,0,0,0,0,9,0,0,0,0,5,19,9,11,0,13,0,0,4,7,11,0,7,0,8,0,2,10,0,3,3,0,2,18,0,3,9,8,24,0,2,6,0,0,10,20,2,1,0,25,0,21,21,0,0,10,10,24,0,0,2,7,4,12,4,0,0,23,4,0,4,4,0,0,14,210,119,17,0,8,9,1,0,5,3,0,19,0,0,0,18,0,0,1,0,19,0,0,0,10,20,0,34,251,255,138,8,0,0,0,0,9,3,5,0,0,0,11,17,0,12,0,0,0,10,0,6,0,0,3,73,250,255,152,1,17,11,0,30,20,4,3,0,0,25,0,15,0,0,1,11,0,11,10,0,0,0,9,151,255,253,131,0,0,0,26,1,0,1,0,0,0,17,1,16,12,0,9,1,19,0,5,0,18,0,1,150,248,255,163,11,0,0,23,5,29,7,31,19,19,0,7,0,0,9,20,0,0,0,0,0,0,0,6,163,249,230,140,14,29,6,0,0,0,25,0,5,15,20,2,12,1,0,13,24,8,1,9,1,8,2,0,161,253,251,158,9,1,23,0,0,0,0,23,0,7,9,0,15,9,0,0,0,0,0,10,28,0,0,25,246,243,255,217,19,0,7,5,4,18,3,0,0,0,0,0,12,6,4,0,0,11,8,1,0,12,0,22,255,255,253,253,26,4,13,0,18,8,0,0,0,0,0,2,0,0,0,2,0,11,1,9,17,0,1,24,253,247,241,255,43,0,7,0,5,0,0,0,0,0,0,4,0,16,5,0,0,0,0,0,20,5,15,42,248,239,248,241,21,15,3,0,0,0,0,18,0,0,3,0,0,0,28,20,0,6,12,2,15,7,29,39,255,244,255,253,29,0,15,3,0,0,0,0,9,30,11,0,0,21,7,0,0,0,0,0,6,12,8,11,216,255,240,168,7,0,10,0,16,9,0,2,0,10,0,5,13,2,0,0,0,5,0,1,17,0,0,2,246,255,255,141,8,0,1,0,15,1,1,0,12,0,25,0,7,0,15,0,0,0,6,7,0,0,5,35,246,255,236,159,17,0,16,8,0,9,13,0,12,24,0,5,18,11,0,0,0,0,0,0,3,6,21,21,248,235,255,168,3,0,0,6,0,8,17,12,0,28,0,2,0,12,19,14,1,6,0,0,0,0,0,33,255,241,255,167,0,0,0,19,6,0,14,0,0,0,0,4,0,0,0,13,0,1,8,1,1,0,5,21,225,220,250,255,26,0,31,5,0,6,2,8,8,12,9,0,0,0,11,0,4,0,0,0,31,0,12,3,157,249,255,199,10,15,0,5,6,0,0,0,1,0,1,13,10,15,0,2,0,0,2,0,0,4,12,13,72,161,112,6,0,31,5,8,0,8,3,0,3,0,1,0,0,0,0,12,8,16,2,0,0,0,6,0,11,9,0,13,12,0,7,5,5,0,21,0,0,0,0,12,0,0,0,0,8,0,6,6,7,0,3,11,0,13,8,0,0,22,2,0,0,23,0,0,0,0,0,12,0,18,0,0,5,23,13,1,0,0,13,4,19,0,0,2,0,0,0,0,0,0,3,0,14,8,20,0,0,4,24,5,10,0,0,1,0,0,0,0,0,11,5,0,22,4,12,0,3,12,1,2,10,9,9
0,0,8,8,4,0,0,0,0,5,6,0,0,0,0,3,0,0,0,3,0,0,13,1,10,0,8,6,21,6,1,2,0,8,11,0,0,5,8,0,7,0,14,18,3,12,6,0,1,8,11,0,18,13,7,13,17,0,0,7,25,4,10,6,12,5,12,8,0,32,0,0,0,0,0,9,0,26,0,0,13,5,17,16,0,8,2,0,0,0,0,0,0,0,0,13,6,7,17,8,0,8,0,29,3,11,5,1,0,13,36,8,4,0,0,2,4,6,0,12,0,0,165,255,118,0,0,16,0,16,0,4,0,9,5,16,1,0,0,0,0,1,12,1,16,0,0,0,0,93,238,255,245,154,136,134,109,33,0,6,5,0,9,0,11,0,19,20,0,0,10,0,2,14,0,0,168,255,228,149,243,239,221,202,237,237,121,14,0,0,0,0,0,0,0,15,16,18,0,0,16,0,14,116,255,196,26,48,221,186,0,0,73,234,255,247,59,0,1,0,16,0,13,0,0,2,0,10,0,5,0,235,230,44,7,9,50,37,0,0,4,21,172,245,216,92,0,0,0,22,0,0,0,10,0,0,0,19,0,250,240,0,0,0,5,7,2,20,15,0,0,71,228,236,55,0,23,0,12,10,2,1,0,15,3,11,0,152,234,49,3,0,0,0,0,0,0,27,0,9,121,251,150,11,0,0,16,0,10,0,0,6,8,10,0,76,225,229,112,10,0,8,7,8,20,14,0,0,1,222,255,38,0,6,0,0,5,0,0,13,14,0,0,2,53,229,255,217,101,21,25,4,3,6,17,9,35,181,242,30,0,4,0,9,13,15,0,0,0,8,11,0,15,112,177,232,255,226,200,97,23,6,0,124,236,255,159,12,0,0,0,22,19,0,0,4,5,2,0,0,0,0,0,39,92,187,252,251,248,240,253,245,229,125,32,17,10,0,0,2,0,0,0,0,16,0,2,1,33,102,203,187,252,234,255,207,252,255,248,130,11,6,21,0,8,4,20,0,8,2,0,13,0,3,0,110,236,255,201,152,103,24,32,20,76,220,236,188,0,0,7,1,0,0,7,0,0,1,11,4,19,4,16,210,207,30,5,0,0,0,0,4,0,39,228,255,84,4,13,3,0,6,6,0,0,14,5,17,0,0,48,232,143,0,16,7,0,8,0,0,3,0,94,255,233,11,7,10,0,10,0,9,0,22,0,0,5,0,0,214,180,34,1,9,0,0,12,5,0,0,0,189,250,11,0,6,0,0,2,16,0,11,0,7,0,0,0,81,230,205,55,0,0,0,14,0,4,0,134,247,198,0,8,10,30,1,17,12,7,11,0,0,0,0,0,0,88,255,255,81,23,13,6,13,32,129,249,221,48,15,3,22,8,12,3,0,0,13,0,0,0,0,0,3,0,98,242,238,246,203,135,218,241,255,227,28,28,0,0,18,9,7,17,0,12,12,0,0,4,0,0,2,0,7,39,98,166,206,247,250,231,96,36,16,0,0,20,22,12,18,1,6,0,0,1,17,16,0,13,12,16,4,0,17,2,0,0,0,1,0,0,0,20,0,0,0,0,9,0,0,0,0,29,0,0,0,6,0,7,0,1,0,4,0,2,3,6,14,2,9,17,6,5,15,0,8,0,6,5,0,24,2,4,4,27,3,0,7,7,15,0,3,1,11,18,0,0,0,6,11,0,13,22,0,10,1,0,4,0,0,0,24,34,8,1,0,12,15,10,3,0,6,0,14,11,0,12,0,1,0,0,20,16,0
22,0,0,0,4,0,6,0,0,20,0,0,0,2,24,0,0,0,8,15,0,12,0,0,0,7,3,12,0,0,0,3,0,0,9,11,0,0,0,8,16,0,0,0,7,0,24,0,10,2,12,0,26,0,0,0,10,1,0,11,6,0,6,0,0,22,9,14,0,5,39,21,14,9,20,0,8,7,0,28,0,17,26,13,0,17,0,7,9,0,0,0,9,11,0,0,0,0,13,1,3,15,0,0,0,1,0,23,0,0,7,5,5,0,0,18,7,11,0,15,0,0,6,5,24,12,0,0,12,0,1,0,0,6,3,10,9,0,0,0,0,0,0,0,0,0,0,7,15,0,17,11,0,0,10,2,10,0,11,0,0,23,8,11,15,0,3,0,0,10,8,0,7,5,0,2,2,0,7,96,144,73,37,18,11,0,0,0,7,20,8,5,11,4,5,6,7,0,0,0,0,0,22,0,31,2,167,241,247,236,251,255,223,140,84,4,1,1,14,0,0,9,0,0,0,0,1,0,4,19,0,0,5,139,255,128,76,213,209,238,255,255,255,186,131,30,9,0,3,11,19,0,8,3,15,0,0,21,0,10,180,237,163,0,0,13,1,0,55,110,207,255,241,81,0,0,0,5,10,17,0,0,2,0,0,17,0,95,250,162,1,8,0,0,0,0,2,0,0,76,255,240,63,0,7,0,3,13,0,12,5,28,11,0,84,245,223,20,5,13,10,8,0,0,21,0,14,0,87,232,227,47,0,0,0,0,5,16,0,14,0,40,255,231,47,6,18,12,14,4,7,16,11,2,0,4,0,82,239,190,16,0,0,3,23,9,0,0,0,101,255,184,11,7,13,0,0,29,0,0,17,0,15,0,17,0,189,247,19,30,3,0,0,24,0,8,21,249,238,31,12,0,12,14,8,6,0,0,0,0,0,0,0,25,213,254,0,15,2,0,0,6,0,0,51,255,155,0,11,0,0,0,10,8,10,9,9,14,21,0,21,146,249,255,10,3,0,0,22,0,0,0,214,252,54,10,0,16,15,13,0,29,18,6,18,17,0,0,135,241,255,140,8,4,17,5,6,15,12,0,250,217,10,0,27,1,0,8,19,0,31,0,0,6,30,201,247,244,208,65,13,0,0,0,15,0,20,5,214,207,5,0,0,14,7,1,0,0,0,23,4,73,198,231,247,248,54,2,0,0,0,0,0,26,0,0,136,255,76,0,7,25,0,25,0,38,121,206,204,244,170,255,181,0,14,0,0,0,0,0,7,6,3,10,56,255,245,182,54,146,168,167,215,248,233,255,240,255,218,100,0,6,18,8,2,0,0,6,7,9,1,18,4,62,102,112,119,104,115,134,111,81,119,96,118,82,22,15,3,0,4,6,9,0,0,10,1,0,0,27,2,5,22,20,0,0,0,17,0,7,15,11,0,3,0,0,8,9,0,0,2,0,23,25,20,11,0,5,24,0,0,0,7,20,0,14,3,12,1,0,2,0,7,0,0,12,0,12,0,0,0,20,2,0,16,6,6,12,0,0,0,0,0,16,0,10,0,8,15,0,0,0,0,14,3,0,4,0,0,15,0,31,0,0,0,0,4,15,0,0,7,13,0,17,21,0,0,11,0,0,0,0,15,8,4,0,1,4,0,0,11,0,8,4,0,11,0,0,12,0,3,0,0,0,7,0,0,0,10,0,0,14,7,0,0,12,9,4,0,5,0,24,8,5,4,12,8,0,0,0,3,0,23,0,25,0,0,14,0,0,6,0,4,0
0,0,6,20,0,7,2,16,0,0,0,1,11,21,0,12,0,0,4,6,0,4,3,4,13,10,11,8,0,0,0,2,0,5,6,8,2,24,21,0,0,2,0,0,0,4,0,0,0,10,0,14,12,0,0,0,0,0,0,1,12,3,10,0,0,11,0,8,0,1,18,0,9,0,0,0,0,20,0,1,0,8,0,17,0,0,0,0,0,0,0,9,16,25,0,0,0,0,1,0,0,11,0,0,0,1,19,0,0,22,4,8,0,6,20,0,0,20,2,0,0,0,0,0,12,0,14,0,0,0,4,4,13,0,14,0,0,16,0,6,9,20,13,6,17,0,15,0,6,45,174,118,131,119,118,132,184,206,39,10,0,10,15,2,0,4,14,22,0,0,0,0,0,28,152,238,255,245,255,254,247,226,249,254,249,255,200,22,4,0,11,12,12,0,12,10,7,15,7,0,14,68,223,250,250,255,237,136,213,255,255,231,255,231,144,15,0,0,0,0,9,2,0,6,0,10,13,9,5,0,28,169,59,71,80,5,38,74,255,251,255,141,9,0,5,19,0,0,11,0,6,3,0,14,0,0,4,17,0,0,20,5,22,11,150,243,237,252,142,11,0,6,18,0,13,20,19,0,0,0,0,13,0,0,0,3,0,0,2,1,2,71,236,249,255,138,5,0,0,0,3,0,0,0,0,0,0,0,20,0,4,7,0,0,0,0,0,9,28,211,252,252,155,0,5,12,0,0,6,9,9,7,6,23,7,0,28,6,7,0,0,3,22,20,0,0,75,255,249,255,122,35,24,0,9,0,0,4,0,0,0,0,0,0,11,0,0,0,0,0,0,31,3,0,156,253,255,233,255,255,218,29,0,0,0,11,22,0,1,12,0,0,6,9,0,0,0,12,15,10,0,9,43,254,255,245,255,235,254,255,142,9,0,0,0,26,0,10,0,4,0,0,0,0,0,0,6,7,17,4,18,0,0,0,12,0,138,235,255,159,38,6,4,0,0,0,9,0,0,6,13,0,16,0,21,0,0,0,0,33,0,15,16,6,0,14,206,255,130,9,10,0,18,0,0,2,11,0,0,0,0,19,0,0,0,35,0,14,0,24,0,17,17,0,68,255,228,40,0,0,0,0,0,20,0,0,23,1,16,0,24,2,0,10,8,7,19,14,28,0,8,0,22,154,255,102,0,0,0,0,0,8,0,0,0,13,8,15,0,0,15,0,0,22,14,2,0,0,0,0,8,47,242,205,0,13,0,0,3,0,0,11,0,0,0,15,6,4,0,0,0,0,12,0,0,0,11,3,3,83,255,242,0,0,0,10,0,0,0,1,0,0,0,0,7,0,0,10,36,4,0,1,0,0,27,0,35,227,255,213,28,0,6,6,0,9,0,0,29,4,2,17,15,115,137,151,203,132,170,108,33,32,12,40,93,255,245,106,6,10,0,9,1,4,0,16,0,14,3,0,0,213,237,248,166,255,244,255,242,247,255,255,255,250,121,22,0,8,0,5,7,0,4,16,7,0,0,0,0,7,0,0,0,14,117,197,160,255,255,246,201,93,22,11,10,8,8,0,0,0,2,0,11,0,4,14,13,20,9,13,8,0,0,5,6,0,0,0,12,0,6,5,16,7,2,0,0,0,17,3,30,0,2,0,0,0,17,3,18,3,0,0,1,0,0,2,0,0,15,0,11,0,15,0,23,9,0,2,19,0,10,19,6,5,3,5,0,0,16,0,9,0,0,12,0,0,0,23,2,0,0,0,13,0
15,2,22,4,15,0,23,0,0,0,11,7,1,9,0,16,5,0,9,0,18,0,9,0,30,0,11,6,0,12,14,3,7,14,0,10,4,0,4,24,0,1,12,0,6,18,0,7,20,11,0,8,0,0,7,0,0,0,0,0,7,0,0,15,12,13,6,0,0,17,0,0,0,22,5,19,8,0,15,9,0,0,10,0,0,8,0,0,0,0,0,0,0,0,0,0,15,1,0,0,0,0,0,0,0,0,0,0,20,0,0,0,0,13,14,0,6,8,0,20,5,0,0,14,93,219,233,33,19,1,17,22,12,0,0,0,9,6,0,1,0,0,0,13,0,0,0,0,28,0,11,136,242,255,255,251,138,0,15,0,11,0,29,0,2,19,0,5,0,11,2,0,29,0,0,0,0,0,98,255,255,255,244,255,247,0,0,13,10,17,0,9,0,26,7,0,0,0,15,0,0,0,0,0,1,22,234,255,255,255,244,255,246,30,12,0,0,2,0,3,4,4,1,17,0,0,13,0,6,8,15,0,8,95,224,248,235,172,54,74,83,235,195,67,14,0,0,0,8,13,18,3,4,0,1,0,5,0,0,11,0,179,248,235,198,5,1,0,21,255,236,177,4,0,1,20,12,0,0,20,8,2,0,0,10,29,4,0,134,225,255,202,11,10,4,4,12,162,236,255,112,0,0,0,12,14,12,23,0,3,9,0,0,0,19,46,222,255,255,15,0,8,5,0,0,74,245,248,114,10,25,0,10,0,1,0,0,0,29,0,12,23,0,111,255,255,145,2,1,1,9,20,15,81,255,242,149,0,0,19,0,24,11,0,0,8,0,0,6,0,0,186,255,219,0,6,14,0,15,0,0,56,251,255,232,69,0,0,0,0,20,20,0,0,0,0,0,16,41,250,255,142,0,12,0,0,9,3,0,84,255,255,254,53,7,7,11,0,3,0,0,0,4,0,0,26,162,246,255,29,0,0,3,14,6,0,13,85,255,240,213,58,0,14,12,0,0,11,18,1,7,0,0,0,111,255,202,27,0,2,12,0,0,1,0,69,255,239,255,113,0,14,3,5,0,0,24,0,0,0,10,7,66,255,255,109,8,0,0,1,5,14,22,89,241,247,248,75,0,0,15,0,0,13,9,0,9,10,14,0,33,209,246,136,22,6,0,0,0,0,30,216,255,255,215,0,0,3,0,0,0,0,0,0,0,0,25,0,0,140,255,250,66,0,1,0,4,102,216,243,255,215,233,0,0,17,7,0,20,0,0,1,0,19,4,7,8,77,219,255,240,121,80,150,238,245,237,252,255,234,115,0,8,1,7,0,2,0,0,2,0,0,0,1,0,0,96,250,255,255,254,255,255,240,255,242,225,86,6,8,17,0,0,28,13,6,0,0,19,0,0,4,19,6,27,122,240,248,255,255,244,252,241,135,38,0,0,0,0,0,0,0,31,0,0,16,0,7,0,23,0,25,12,6,121,193,231,242,163,135,130,0,4,0,5,6,0,2,0,0,0,0,0,2,8,5,0,6,0,17,10,0,5,0,0,0,3,0,0,18,6,10,0,7,18,0,15,0,0,1,7,0,0,9,0,0,1,6,0,5,7,0,15,0,4,0,0,0,0,4,3,31,0,14,7,6,0,4,0,3,11,0,0,0,0,19,0,20,0,0,8,22,0,0,0,0,27,15,11,0,0,0,5,0,1,0,8,0,0,9,0,6,3,0,0,0,1,2,3,4,36,0,13,0,20,7,0,0,0,0,0,0,4,0
0,12,25,9,4,15,0,13,0,14,0,0,22,3,3,7,25,9,0,0,1,10,0,1,0,0,13,22,0,0,12,0,0,0,0,0,0,0,0,0,4,0,31,11,0,7,0,4,0,0,0,6,10,4,0,0,15,0,0,7,7,0,0,12,0,0,2,0,15,0,8,0,0,16,0,5,3,0,11,0,19,16,0,0,10,6,9,0,6,0,13,0,0,0,0,7,0,0,0,0,0,0,22,5,0,0,4,0,0,0,20,0,17,3,0,15,0,0,14,11,4,0,5,0,8,0,1,0,0,17,20,0,0,29,0,8,6,0,0,0,0,0,9,0,0,0,0,0,16,16,0,9,18,0,152,155,0,17,13,0,0,0,21,1,1,21,0,17,2,0,8,21,0,6,12,20,0,10,8,10,2,56,255,196,3,18,9,7,26,0,0,0,5,0,0,0,34,4,0,11,9,2,32,3,0,5,0,12,0,106,227,255,43,18,0,0,2,0,17,0,0,0,0,28,2,2,1,0,0,23,0,24,0,0,19,0,16,162,246,255,0,0,12,0,6,3,0,8,0,0,5,1,0,8,4,12,11,0,0,10,0,4,0,0,0,150,245,226,0,9,0,5,20,8,0,0,0,0,2,0,0,0,5,0,0,18,3,13,0,15,1,4,0,146,250,207,7,0,2,20,21,4,0,0,0,18,3,1,4,0,0,7,0,20,0,0,32,13,0,0,8,122,255,249,12,10,15,15,16,8,18,11,3,4,0,4,16,0,0,9,12,26,16,0,19,0,0,0,0,134,255,230,0,0,0,4,0,0,0,0,0,8,0,0,0,0,14,13,15,0,0,14,0,9,0,16,7,139,255,227,2,7,0,3,0,14,0,4,5,0,0,11,4,12,0,3,22,2,0,12,0,0,1,0,4,149,228,233,0,9,28,0,0,0,0,10,0,0,4,18,0,0,6,0,0,15,0,14,12,0,6,0,0,130,245,214,0,0,1,0,0,3,0,6,0,27,0,0,0,0,8,0,1,0,0,4,1,14,9,0,0,76,250,236,10,0,6,0,0,0,0,15,0,1,0,24,1,5,10,0,18,24,0,3,0,9,0,5,0,48,255,200,0,13,12,7,0,0,0,1,0,0,0,0,0,0,3,0,17,4,8,0,10,13,11,1,9,69,245,223,1,3,9,0,7,0,0,1,19,0,7,0,5,0,13,3,13,9,22,0,0,0,0,9,0,60,244,255,57,0,0,5,0,0,0,0,5,12,0,0,5,3,8,0,0,6,0,0,0,0,0,6,4,62,248,255,61,0,2,0,25,0,0,0,0,0,0,17,0,0,21,0,7,0,0,0,2,11,0,9,0,20,245,255,114,31,0,0,20,0,11,0,0,0,8,0,0,2,0,13,0,0,4,8,2,0,0,0,11,65,237,253,140,21,0,5,0,1,0,0,0,0,0,0,0,0,1,0,3,0,0,0,0,3,11,0,14,0,186,255,153,0,4,0,0,0,0,0,0,11,0,7,0,0,0,0,3,0,0,0,2,4,1,7,0,13,104,205,61,22,0,0,0,7,0,13,0,0,2,0,6,0,6,17,0,0,0,0,0,0,2,7,0,0,13,0,2,0,13,0,0,12,2,15,3,0,4,0,8,0,0,7,18,1,1,18,0,12,0,0,1,15,0,0,0,0,2,3,0,0,0,0,0,0,14,0,7,5,0,4,0,7,11,0,0,0,0,15,0,6,0,15,34,15,0,0,15,0,17,0,0,4,0,0
0,0,15,7,0,15,0,0,0,0,0,2,5,0,18,18,0,0,0,0,3,1,11,0,11,0,0,0,19,11,7,0,0,0,0,10,0,20,0,16,21,5,0,19,0,19,4,13,4,0,15,3,4,0,17,2,6,10,0,0,0,14,4,0,0,0,0,0,5,5,0,21,20,1,0,9,0,4,0,0,4,7,20,1,0,3,0,5,7,0,10,2,0,9,1,0,1,1,0,0,0,0,0,0,0,0,0,0,12,0,5,14,2,1,0,0,4,0,0,5,18,0,25,0,0,5,0,0,0,0,24,0,0,0,21,0,32,5,4,15,0,11,7,19,7,0,8,8,0,0,8,0,23,12,1,7,0,9,11,0,0,2,0,0,0,4,5,0,0,22,0,0,0,14,24,0,10,0,3,3,74,88,255,249,252,224,245,69,11,0,21,18,3,0,11,10,11,0,0,0,1,0,0,17,4,37,122,233,252,244,231,255,255,255,252,251,82,0,19,0,0,11,0,14,9,17,0,0,13,6,4,23,41,209,247,255,255,255,181,176,165,209,246,238,154,6,2,0,4,16,2,2,0,0,0,11,0,0,23,122,211,255,234,195,69,78,0,0,15,0,130,237,166,18,0,13,7,0,0,11,24,0,0,11,3,4,0,153,220,217,102,2,0,3,0,18,0,0,162,255,255,52,0,20,23,0,12,0,0,9,9,0,23,10,31,208,245,81,8,0,0,15,19,0,8,177,255,255,187,16,13,8,15,4,34,10,25,0,0,18,9,0,53,255,255,0,0,0,2,0,0,60,126,245,255,226,35,10,0,9,0,0,0,0,9,0,16,5,6,0,73,248,255,0,0,11,6,0,5,113,252,251,243,35,0,19,0,2,0,20,14,0,7,6,18,9,0,0,24,196,231,112,0,19,20,21,221,255,255,248,155,1,0,0,5,12,2,9,14,23,17,5,6,0,11,2,4,201,246,246,222,142,168,249,250,254,243,126,12,0,16,0,0,0,8,0,5,0,3,7,14,3,0,0,0,19,185,243,255,255,255,246,255,255,255,74,6,27,0,0,0,0,3,0,12,13,0,9,1,10,0,0,1,2,18,171,171,175,180,182,238,255,255,75,0,8,5,0,8,4,0,0,4,4,0,2,14,9,10,0,0,2,18,0,0,16,11,9,102,239,246,82,12,26,6,4,0,0,0,5,0,0,0,23,13,0,0,0,15,14,1,0,22,0,0,0,113,255,207,6,0,7,0,7,5,6,0,7,5,31,9,0,16,13,12,32,0,11,9,0,0,0,0,0,255,255,182,4,0,0,9,0,13,0,0,0,0,11,20,10,0,18,0,0,0,0,12,10,21,0,4,0,248,247,40,2,0,0,0,0,0,0,0,0,4,11,0,0,5,8,13,0,0,0,0,0,0,5,0,76,245,242,103,156,20,20,0,4,13,0,0,17,6,9,3,0,0,2,1,17,2,13,0,3,0,0,16,168,227,252,250,104,0,6,0,15,0,2,0,0,27,0,1,0,2,2,5,0,7,1,0,0,0,0,37,235,239,250,117,18,2,0,0,23,0,0,8,0,0,11,8,0,0,0,0,0,0,18,10,0,0,17,12,166,186,67,0,2,0,0,20,7,0,0,0,11,6,0,25,0,4,0,0,2,0,0,10,0,3,16,3,0,1,10,23,0,0,0,0,0,27,9,5,13,0,26,8,0,5,0,6,15,0,0,0,0,0,0,0,0,0,0,6,1,1,0,0,16,0,0,17,7,0,6
17,14,0,0,0,20,0,0,24,0,17,0,0,7,0,0,9,5,0,7,0,12,2,0,16,23,2,8,0,0,0,6,0,0,0,0,0,0,0,2,8,0,0,0,12,14,20,0,0,9,8,0,0,0,0,0,11,24,0,0,6,0,10,0,0,8,0,0,0,0,0,0,0,0,0,28,16,0,0,0,0,15,0,11,0,0,8,2,9,0,0,0,23,0,20,9,0,0,7,0,13,0,0,23,10,0,0,7,0,0,21,0,0,5,4,0,4,10,3,0,9,20,0,5,0,0,0,0,4,0,5,9,0,0,17,12,7,4,11,0,0,18,0,0,0,6,0,0,0,0,16,8,1,11,24,0,0,0,0,10,0,5,0,6,0,2,20,0,7,17,0,0,3,12,11,9,0,107,125,156,211,229,151,150,92,0,5,7,14,16,0,23,0,0,0,10,0,0,0,0,2,0,0,78,168,251,235,240,255,248,255,233,252,221,17,0,10,8,0,0,0,0,0,15,0,0,11,0,25,11,131,227,255,255,250,255,249,244,232,220,244,249,177,0,0,2,6,0,0,0,5,0,0,12,17,0,0,0,210,244,255,232,142,119,60,24,0,11,157,254,251,22,31,0,23,0,9,0,6,0,18,0,0,0,0,177,254,255,213,43,14,0,1,0,0,0,141,251,252,126,0,0,8,15,38,0,5,7,0,7,0,20,6,196,255,245,92,0,37,4,0,0,2,29,235,255,221,226,0,0,12,0,16,5,17,0,13,0,2,4,12,105,251,157,0,0,0,0,2,0,10,108,254,249,255,231,45,8,23,0,0,0,15,0,0,0,0,11,14,8,231,197,5,0,0,0,0,6,122,255,255,247,255,247,34,0,4,0,0,0,0,0,5,1,0,0,10,10,156,232,135,0,17,0,4,56,244,255,255,254,246,255,22,0,0,9,19,3,0,18,5,16,0,0,7,0,0,147,255,140,23,10,23,229,255,255,255,119,255,233,135,0,4,4,2,0,4,23,0,0,8,23,13,0,2,21,107,254,238,245,255,228,242,255,129,84,242,255,145,10,0,0,0,4,3,11,6,0,7,0,17,12,0,0,5,87,234,255,255,255,255,175,0,71,255,255,117,0,10,1,8,10,0,0,1,31,29,0,0,0,0,13,10,0,40,57,145,129,95,4,0,92,252,234,87,0,0,2,5,0,0,0,0,0,16,0,22,18,0,8,29,24,17,0,13,6,0,0,21,118,253,229,110,0,0,0,0,0,0,13,15,0,14,9,11,0,0,0,0,22,0,0,0,1,0,0,20,241,255,246,106,10,4,14,11,0,0,0,0,5,0,9,10,19,4,11,16,9,0,0,0,26,13,9,40,229,238,255,47,0,9,8,0,10,0,13,1,17,6,0,0,6,0,28,0,15,6,0,0,0,0,41,121,255,255,206,0,0,4,0,25,0,0,0,0,0,11,0,0,2,33,2,0,0,9,12,0,0,0,120,227,255,245,181,3,0,0,4,0,12,0,2,2,0,0,7,12,26,0,23,0,0,5,0,0,4,0,36,241,254,251,151,0,0,0,17,0,16,10,0,0,0,4,10,0,0,0,6,10,19,4,0,0,7,3,20,123,228,255,43,0,5,0,0,0,10,8,4,7,0,0,0,0,0,0,1,3,14,9,0,0,4,0,9,0,0,5,15,0,15,0,0,0,1,0,0,0,14,0,0,4,0,7,1,14,10,0,15,7,3,0,1,2,3,6,8,13,8,0,26,0,0,8,0
3,0,0,0,1,10,0,0,0,0,0,5,0,10,2,3,0,9,0,0,0,0,0,0,0,6,0,17,15,11,0,4,21,0,0,8,0,14,0,2,0,0,0,21,0,0,0,10,10,0,0,0,21,0,19,0,1,0,5,0,9,12,0,3,18,0,0,14,25,7,10,0,0,3,6,0,0,6,15,11,7,15,0,0,6,18,1,0,0,43,19,0,0,12,20,0,24,3,0,0,0,0,13,0,21,0,1,0,0,18,19,0,8,0,8,0,10,0,13,13,8,0,0,0,0,12,0,0,0,1,4,0,1,0,0,0,0,0,7,0,0,0,0,12,14,0,0,8,17,0,0,0,0,8,0,3,0,0,1,14,0,0,17,0,8,10,3,31,0,0,0,0,3,0,0,3,0,7,95,254,227,27,10,2,0,0,0,13,8,0,5,23,0,0,0,0,0,15,6,6,15,0,0,0,23,22,252,255,255,118,0,0,12,4,1,0,33,91,11,0,6,8,0,0,0,0,7,10,6,0,26,8,4,174,255,244,224,17,0,0,0,0,10,188,215,252,7,3,0,0,15,1,0,0,0,0,15,0,0,7,5,215,255,255,158,4,0,0,11,0,177,249,226,90,29,0,9,0,36,7,0,6,19,0,0,0,0,2,76,255,255,206,38,11,1,0,0,23,214,255,171,0,8,10,0,0,0,5,7,23,0,5,0,0,6,17,179,248,241,168,0,0,3,16,0,131,232,249,131,14,0,14,5,4,1,0,19,0,2,0,0,0,0,0,255,233,227,3,0,0,0,7,14,176,239,250,81,4,4,22,0,13,0,3,0,21,9,12,0,13,0,0,236,250,143,0,2,0,11,0,16,208,255,226,46,0,25,13,19,0,0,0,0,0,16,21,0,7,27,25,246,233,135,0,0,1,22,51,178,255,255,187,0,0,0,0,0,8,5,0,0,0,15,10,0,9,0,0,255,255,197,178,59,168,214,246,246,248,255,115,1,8,8,10,0,30,0,0,0,2,0,7,4,0,0,5,206,255,248,248,255,255,247,229,237,255,237,110,0,0,12,0,0,3,27,0,0,0,5,0,0,0,0,11,2,184,233,238,242,234,160,89,229,252,255,76,0,5,0,0,0,10,5,0,33,0,8,0,16,4,29,3,17,0,8,98,64,0,0,25,255,255,255,4,5,4,0,9,6,0,0,16,0,10,8,0,3,0,0,18,0,19,0,0,0,0,0,97,244,255,188,12,0,21,0,6,0,0,0,0,13,1,0,0,0,17,9,21,6,0,22,0,0,0,5,64,255,255,88,17,5,6,7,0,21,0,9,0,0,0,0,13,0,9,18,0,1,0,23,0,9,0,3,91,242,255,77,0,14,2,6,0,0,6,0,2,3,4,0,0,19,0,14,0,1,0,8,24,1,0,0,111,255,250,46,0,0,6,0,8,17,24,13,1,0,0,0,0,0,3,0,5,15,7,13,33,0,0,21,96,255,249,42,0,0,0,0,1,0,0,1,0,0,1,0,0,0,3,0,22,20,26,0,0,1,0,0,34,250,235,210,0,0,0,0,0,9,1,10,12,0,0,0,28,7,11,20,0,0,3,13,11,0,0,3,19,104,218,165,16,0,6,12,9,15,12,0,0,3,14,0,0,0,22,0,13,12,17,0,18,0,6,0,5,0,0,20,0,24,11,0,21,0,0,9,2,0,17,18,6,0,0,17,8,0,2,2,6,0,5,1,1,0,0,0,0,0,0,0,0,9,0,6,0
0,7,6,12,0,20,12,2,17,0,15,0,0,6,0,9,32,2,16,0,12,0,1,0,0,0,14,0,5,0,0,8,7,25,13,3,11,4,12,10,0,0,21,11,5,0,0,0,0,0,0,0,0,15,0,0,14,9,0,0,19,17,18,4,6,7,0,0,8,0,14,0,5,18,0,0,9,0,5,0,0,13,0,7,4,0,0,0,11,0,0,0,17,1,0,0,7,14,0,2,0,6,1,0,8,1,4,0,2,0,3,15,12,0,19,0,0,1,5,0,0,0,0,14,8,5,201,241,136,0,0,15,10,0,0,0,1,12,13,0,0,5,0,0,0,0,0,0,0,0,10,17,7,20,228,255,255,4,10,0,3,0,0,1,7,23,10,1,0,0,10,0,0,0,4,7,16,7,0,0,0,15,253,255,255,13,2,19,17,6,5,0,13,0,0,0,0,0,18,0,2,16,1,0,0,2,0,0,0,59,255,245,201,0,0,0,11,0,12,16,0,1,0,19,1,6,0,2,0,7,0,0,29,9,0,33,12,130,240,255,208,7,0,1,0,0,0,0,0,11,14,10,0,5,11,12,11,0,0,0,0,26,0,0,12,30,245,255,230,0,0,1,0,0,2,3,0,0,16,0,6,0,0,29,7,0,28,0,0,0,0,0,0,125,254,255,255,0,12,0,4,3,30,0,0,2,0,0,15,22,2,6,12,11,0,0,0,0,0,12,0,174,251,255,161,0,0,0,0,6,33,0,6,15,0,0,7,12,9,3,12,0,0,0,13,0,4,8,13,209,255,255,103,0,16,3,0,13,9,0,15,5,0,17,0,21,13,0,0,7,0,0,27,0,6,0,31,219,250,244,47,0,0,6,0,0,1,0,10,0,8,0,15,4,9,0,0,4,8,0,7,11,6,0,63,248,255,247,0,7,0,0,3,22,0,5,18,0,0,4,8,0,2,18,15,6,0,7,0,26,21,0,44,255,255,255,0,2,2,2,0,0,0,7,14,11,26,16,2,0,5,3,7,0,0,0,9,0,15,0,107,249,245,168,32,0,0,0,11,11,6,0,0,1,7,16,0,0,0,4,0,32,0,7,0,0,0,0,175,248,253,70,6,0,27,5,0,7,0,2,14,20,5,0,0,18,11,0,0,0,0,1,10,1,0,37,235,255,217,0,0,0,0,8,7,14,0,0,0,18,8,21,0,9,0,0,11,0,0,0,37,38,0,79,255,244,209,0,8,0,0,0,5,6,3,0,0,0,10,0,0,0,0,0,8,0,7,0,10,0,0,65,255,251,217,8,32,0,0,0,0,0,0,0,0,31,4,18,0,3,32,8,0,0,6,24,0,0,11,84,255,246,132,7,0,0,2,7,12,17,0,13,0,0,0,3,0,8,0,0,0,3,0,0,0,0,0,165,255,255,92,0,3,0,0,15,0,0,19,4,0,1,0,20,8,12,12,7,0,0,0,3,0,0,0,172,255,248,128,0,5,15,3,15,21,6,0,0,7,0,29,7,0,0,0,3,1,0,1,0,0,6,0,12,9,7,20,5,14,6,0,0,0,0,19,0,14,4,0,2,0,4,7,0,28,0,0,0,1,30,4,9,5,4,17,19,4,20,6,0,20,7,0,0,0,0,0,0,11,6,20,0,15,0,0,0,0,0,0,5,0,2,0,1,12,0,2,14,17,1,3,8,18,23,25,10,0,2,8,0,3,5,3,13,0,0,0,6,0,9,18,0,0,0,0,0,17,0,0,4,0,0,3,8
6,1,0,3,10,0,2,0,0,0,13,0,0,0,0,31,0,6,15,0,0,0,0,17,0,3,0,0,0,14,18,13,3,0,0,15,4,32,15,0,10,0,1,3,0,12,3,12,0,0,9,0,11,21,26,19,0,0,2,0,0,24,0,7,0,0,0,0,17,8,0,1,5,0,1,0,6,11,0,7,0,0,0,0,0,0,0,0,8,22,6,0,0,0,7,0,5,0,0,25,14,8,7,0,21,14,6,0,0,0,0,1,7,0,0,12,0,0,0,0,0,2,0,0,15,0,1,0,0,3,1,0,0,0,0,8,0,0,0,2,20,0,0,0,0,2,0,0,7,0,0,0,101,164,255,245,159,85,6,6,1,13,0,0,7,0,0,0,0,0,0,0,0,0,0,5,5,63,103,242,255,255,245,255,248,245,144,2,1,4,30,0,9,22,0,19,0,30,0,0,19,6,3,0,168,248,255,230,255,255,255,255,254,252,213,5,21,18,0,0,8,0,0,0,16,0,3,6,13,0,8,0,243,255,255,255,229,140,145,171,255,234,226,5,0,0,0,8,0,0,8,0,0,1,0,28,17,0,24,0,241,246,242,255,88,8,0,64,255,255,200,0,0,0,13,14,0,0,2,1,0,16,20,4,0,0,17,0,231,255,255,240,232,84,0,59,241,255,189,7,0,4,0,0,0,12,0,0,9,0,1,0,0,0,13,1,91,182,250,244,243,244,127,23,49,32,39,82,165,216,127,0,0,0,0,0,0,6,2,0,0,4,8,0,22,68,193,255,253,255,255,169,79,172,218,255,255,252,222,50,11,2,0,0,0,0,0,0,0,0,0,0,0,0,0,84,236,255,226,255,253,255,255,246,255,208,149,10,0,5,1,8,0,1,0,0,15,0,23,3,0,0,1,0,110,255,242,255,251,244,244,222,168,30,15,4,0,0,0,19,12,0,1,0,0,10,11,0,0,17,4,12,117,255,255,255,249,255,175,44,0,24,9,0,4,0,12,0,9,1,2,0,0,0,0,0,9,0,0,164,242,244,255,229,244,238,69,0,0,3,25,0,0,11,23,6,0,25,21,21,1,9,0,5,17,1,0,139,255,237,254,255,252,255,177,0,26,11,0,9,29,4,4,6,2,0,0,0,3,0,0,0,4,0,5,228,255,255,154,195,251,255,204,32,1,0,0,5,0,0,0,0,2,0,19,15,8,0,7,15,8,0,12,232,255,216,16,190,255,241,181,0,0,16,0,21,5,6,0,3,0,1,0,0,5,16,10,3,0,0,68,221,254,156,105,240,255,243,92,4,2,0,0,0,12,8,2,7,21,15,0,6,0,0,27,0,0,6,35,252,255,156,230,250,255,211,0,0,7,0,0,0,0,6,1,0,0,3,0,0,2,0,27,0,0,21,0,188,255,253,238,252,246,121,0,4,0,4,0,2,0,14,0,0,0,27,0,2,0,1,8,0,0,0,0,101,255,255,242,255,105,0,7,0,0,2,7,10,26,0,0,0,11,6,0,4,0,2,0,0,0,4,1,47,177,255,255,171,25,0,0,1,0,5,26,9,7,7,0,0,0,25,0,0,7,17,0,0,2,0,0,5,8,13,0,5,7,5,0,0,4,10,0,0,0,0,8,5,4,0,13,0,2,2,16,0,5,12,8,29,4,0,0,5,0,0,4,7,9,0,29,0,14,0,6,0,13,14,6,18,0,0,0,0,0,14,0,45,5,0,0,23,15,0,0,6,0,0,25,7,0,17,14,28
0,14,0,0,0,0,10,0,3,3,0,14,0,20,0,0,0,0,7,8,23,0,17,0,0,0,5,0,0,0,0,0,16,18,0,0,18,7,0,0,11,7,0,0,4,0,25,0,0,0,5,0,13,17,0,15,0,0,19,3,2,0,12,0,25,24,0,0,22,0,27,0,0,0,0,0,2,9,2,0,9,2,0,2,0,3,0,0,0,1,0,0,1,0,0,0,7,0,0,14,0,0,0,0,0,5,6,17,10,0,0,0,12,0,0,6,0,16,0,3,0,0,0,22,122,198,255,250,252,125,0,0,1,24,2,0,0,0,7,1,19,0,0,0,0,7,0,0,0,19,208,237,255,248,255,255,255,248,79,0,18,22,0,0,0,0,0,0,13,0,0,1,0,4,0,0,69,255,255,255,255,254,255,188,251,255,133,11,0,7,10,0,0,0,14,0,4,4,0,0,17,0,0,66,255,255,241,254,64,0,0,3,41,182,255,66,29,0,12,0,8,0,19,3,17,0,25,20,0,0,0,134,254,255,129,27,0,0,0,0,6,58,227,252,3,11,0,0,0,2,0,0,0,0,0,0,4,5,67,255,255,93,3,15,0,0,10,0,0,13,255,255,4,5,0,0,0,17,0,10,12,0,5,5,4,0,143,232,56,0,8,0,0,19,3,1,0,0,235,255,0,0,9,0,0,7,0,0,0,16,25,0,0,0,124,255,3,3,0,0,0,13,14,18,15,145,255,191,6,9,5,23,4,0,3,0,0,0,0,6,0,0,60,249,133,15,3,0,14,22,2,3,9,201,227,109,2,13,0,0,0,18,0,0,0,0,0,0,25,13,0,135,205,0,9,20,0,24,0,3,1,255,236,58,0,0,1,11,0,0,5,0,17,17,0,0,0,0,0,0,0,0,13,7,14,0,0,17,72,255,210,8,0,0,2,0,0,7,24,11,11,28,13,24,0,0,20,0,4,0,14,0,16,67,144,192,247,255,134,6,0,0,0,2,0,0,1,8,0,0,0,0,0,0,0,9,8,0,48,141,255,246,218,249,252,252,57,0,6,0,0,0,5,8,0,11,0,0,9,23,0,0,11,0,0,126,255,254,255,255,255,219,247,255,200,128,5,32,0,33,0,1,15,5,0,0,0,7,0,0,0,12,0,255,255,255,255,233,248,255,248,255,226,245,0,8,17,0,9,12,5,0,26,10,0,6,0,14,4,20,123,255,199,0,77,255,231,213,3,0,255,255,255,138,130,0,7,3,12,24,1,29,0,0,16,0,14,0,255,255,189,135,234,255,247,64,0,18,0,214,253,255,203,0,0,14,0,13,9,1,18,0,0,6,0,13,193,251,242,249,255,255,49,0,0,4,8,0,0,4,0,8,0,7,18,18,0,13,29,1,0,6,11,0,53,249,244,255,247,73,0,0,11,27,0,3,0,3,0,0,0,0,0,18,0,26,16,0,5,0,18,11,17,193,247,255,81,25,6,19,0,11,0,1,0,0,3,0,0,0,17,0,4,0,5,0,18,11,15,7,7,0,2,4,20,16,3,0,0,3,3,21,15,25,0,19,18,2,0,9,0,2,0,19,0,0,0,0,0,0,11,0,4,0,1,1,0,16,34,12,19,0,2,0,14,5,0,9,0,0,23,13,0,10,17,0,18,4,0,6,0,0,0,12,5,13,0,18,0,0,0,3,0,3,5,4,0,0,0,21,10,0,0,4,28,0,0,1,1,0,0,22,15,0,0,0,1,0,0,3,11,4,0,0
2,0,0,0,24,0,4,0,0,0,0,0,6,2,18,7,12,9,3,0,0,6,22,14,0,0,0,22,0,0,0,0,0,0,9,0,1,0,20,18,0,0,0,18,0,0,3,0,0,0,0,2,0,0,26,7,20,6,0,0,0,7,16,17,1,7,0,0,0,12,25,0,7,2,0,10,3,0,13,3,3,0,4,26,0,15,0,0,11,25,0,5,0,0,0,12,0,19,4,0,0,40,9,0,0,0,0,0,0,10,0,0,7,0,16,0,20,28,12,0,5,23,0,22,20,25,127,110,0,0,0,24,0,14,0,0,0,17,25,0,7,0,9,0,17,20,0,1,1,0,0,6,0,97,241,144,0,3,0,0,9,6,0,0,5,8,0,21,0,0,0,0,6,0,0,0,2,0,24,0,0,0,255,170,14,23,1,18,0,3,21,0,7,0,0,8,0,0,0,11,26,0,0,12,20,3,14,0,0,10,242,209,0,0,0,0,3,11,0,10,0,0,7,11,18,0,0,22,11,18,17,0,0,13,26,0,19,0,255,245,8,3,0,0,0,0,0,0,0,0,0,0,14,17,0,0,0,0,20,0,0,0,0,0,4,0,255,246,12,0,14,0,0,6,0,3,0,0,0,0,20,11,0,0,0,9,0,3,0,15,10,0,5,0,255,255,0,14,0,7,4,0,8,0,3,17,5,2,15,3,0,0,3,0,10,0,3,28,23,0,5,0,255,255,19,35,0,0,29,33,0,5,0,0,13,20,11,7,0,0,5,28,0,0,12,6,15,0,3,15,255,255,0,0,0,0,23,20,0,19,10,0,0,0,0,6,15,0,6,9,0,3,0,0,0,0,24,19,229,253,20,5,3,0,0,2,13,6,1,0,0,5,4,13,4,2,5,0,0,9,16,0,0,5,2,38,235,209,0,7,0,0,5,1,0,3,0,0,0,0,0,0,10,27,0,0,0,15,0,20,0,0,0,31,255,163,4,0,0,0,0,42,0,0,0,9,0,0,0,19,3,0,17,1,0,8,11,9,0,9,1,0,255,162,0,5,0,1,7,0,0,0,3,0,0,16,24,0,0,32,0,4,25,0,0,0,0,10,0,10,255,246,19,0,9,0,27,1,0,0,23,3,0,3,0,11,6,2,0,22,9,6,0,9,27,1,22,0,255,253,0,0,0,0,17,0,0,24,0,10,0,15,0,0,6,0,0,0,1,0,10,0,0,1,19,10,249,231,3,0,0,0,0,8,5,0,7,20,0,28,2,25,0,0,2,0,0,0,20,21,0,7,0,0,245,249,0,0,11,22,22,17,0,5,0,14,0,0,2,0,4,12,10,0,11,0,17,1,0,10,0,0,255,234,9,16,0,0,0,8,0,6,0,0,0,0,0,6,0,10,16,0,1,0,6,14,0,0,5,13,185,246,79,0,0,0,1,0,6,22,0,0,0,9,3,0,0,0,26,0,0,6,0,28,7,17,24,0,30,186,109,0,0,14,1,0,0,0,0,1,0,15,0,10,10,0,0,5,0,0,9,0,0,1,0,15,0,0,28,0,0,0,0,5,8,0,10,0,0,6,0,5,7,6,0,5,20,0,0,0,20,0,1,15,0,0,11,0,9,0,15,0,0,1,0,0,19,27,0,0,17,0,0,24,15,0,11,0,8,20,8,18,0,12,6,0,3,0,13,8,4,0,0,0,0,0,5,12,34,13,0,0,25,0,0,1,10,0,16,0,0,0,0,0,0,0,0,0,0,10,1,0,0,0
0,0,0,0,3,0,11,0,14,0,0,13,0,0,18,23,0,11,0,0,18,0,6,11,0,36,1,0,3,0,0,0,26,19,0,18,0,0,0,10,0,5,17,1,3,0,6,21,24,0,0,0,6,0,0,0,14,0,11,0,13,0,2,15,15,0,0,15,10,18,0,7,0,0,16,11,0,0,31,10,0,7,0,0,5,0,5,0,10,0,0,8,23,4,7,44,215,255,155,143,59,31,9,23,0,10,0,0,0,0,0,0,4,11,9,12,12,21,3,17,4,0,17,48,192,240,247,255,249,209,51,2,10,8,0,1,16,0,0,0,26,0,0,0,0,0,0,0,0,0,9,16,25,139,171,255,244,251,225,117,0,0,0,0,2,0,5,5,8,0,6,0,3,0,0,12,0,0,0,0,0,36,0,41,90,234,253,230,37,7,0,0,0,7,0,0,6,0,10,15,8,7,15,0,0,2,0,0,9,8,0,0,1,213,255,255,79,4,0,0,0,32,0,0,17,0,22,0,11,0,13,0,1,2,16,11,8,0,0,0,114,247,236,240,85,0,0,8,6,0,0,11,0,0,0,0,0,1,7,0,26,1,3,0,21,8,4,0,176,255,255,251,25,16,0,0,19,13,0,0,0,31,0,0,0,0,12,0,0,0,0,11,0,2,13,156,255,246,245,153,0,2,4,0,0,3,0,4,0,13,0,18,5,4,0,0,1,0,5,1,5,0,150,241,246,255,196,0,6,0,0,9,20,9,0,0,6,0,0,4,9,20,0,19,0,25,0,0,0,74,255,238,244,209,23,9,0,22,0,0,0,6,9,0,0,0,0,2,5,0,0,4,1,0,0,4,19,234,237,255,255,86,0,0,3,0,0,0,0,0,0,0,13,0,32,15,0,0,0,0,30,0,0,45,210,242,252,255,117,5,0,19,0,6,11,6,0,0,7,0,0,0,15,0,1,0,0,0,0,0,38,230,244,255,225,120,10,5,0,1,0,6,0,11,0,0,0,20,0,8,2,18,7,9,0,0,2,72,242,255,253,255,60,0,13,8,16,25,2,0,0,0,0,0,7,7,0,10,6,9,0,14,10,11,52,218,238,240,255,149,0,13,0,10,0,0,11,19,0,9,0,0,0,0,0,0,0,8,15,9,0,86,241,255,252,255,226,0,0,0,0,0,4,0,0,0,0,0,9,14,18,5,0,35,17,0,0,17,0,156,255,249,255,226,59,0,53,4,38,39,111,145,139,184,72,0,0,10,0,6,0,0,0,24,6,0,2,1,222,242,255,230,255,181,243,222,255,255,233,242,247,225,50,4,10,5,0,6,0,0,0,7,0,0,7,27,40,220,255,242,230,255,227,255,255,253,255,229,135,10,0,1,0,0,26,0,21,5,0,0,0,0,0,0,0,41,121,230,255,255,255,166,170,149,63,28,11,0,9,0,0,6,0,23,0,13,6,0,0,0,9,0,0,0,4,1,0,0,6,5,0,0,15,0,0,0,0,0,0,9,0,12,10,33,0,27,23,11,0,0,26,5,10,0,0,0,0,0,25,6,30,0,0,19,12,0,15,11,19,0,9,0,0,0,0,0,6,1,0,4,7,0,0,7,0,0,14,1,0,0,0,12,0,13,10,0,0,0,0,0,7,0,0,0,15,23,21,1,8,11,14,0,10,9,4,0,0,5,34,13,29,6,0,20,17,0,0,6,0,0,17,0,7,0,0,0,2,7,6,0,16,0,0,28,0,0,0,9,0,16,0,0,0,0
0,14,18,8,12,7,0,0,5,0,0,3,26,0,4,18,1,0,8,6,10,5,0,8,20,0,0,0,3,0,0,0,0,8,13,10,30,0,2,2,16,17,26,0,12,7,0,15,11,19,11,0,0,0,0,16,0,4,0,0,0,17,0,0,0,2,2,6,0,4,0,10,5,6,21,0,27,3,19,4,0,11,6,0,0,0,5,0,0,0,0,0,0,0,0,8,0,0,0,5,0,14,34,13,10,0,0,0,0,0,0,1,1,12,1,0,0,24,0,0,0,7,13,0,0,0,0,0,0,0,7,25,15,0,11,0,6,0,0,15,0,7,19,0,0,2,0,9,3,0,0,15,11,9,25,0,12,9,0,2,5,0,3,3,0,0,0,0,9,21,8,0,8,0,0,0,0,16,0,0,8,13,158,242,255,255,146,1,10,0,10,0,21,0,0,0,12,0,0,11,0,27,38,4,1,0,0,3,63,245,255,247,243,207,251,172,0,1,25,35,0,3,11,0,13,0,0,17,5,15,0,0,0,8,0,56,251,244,254,125,17,0,21,216,59,20,1,3,16,29,14,9,9,0,4,0,1,17,0,4,0,7,30,243,251,236,98,0,0,15,0,87,252,115,0,5,0,25,2,2,0,0,0,0,10,0,24,0,25,0,145,235,255,96,0,4,0,0,82,225,254,251,7,0,0,23,12,11,0,0,0,0,3,0,0,1,6,117,247,242,149,6,23,0,3,76,255,227,255,172,4,0,0,2,22,0,7,7,0,11,8,0,12,20,144,234,255,100,0,0,0,13,140,247,252,255,210,36,2,0,0,0,20,0,3,2,0,23,0,6,0,6,212,240,187,9,11,2,50,239,246,255,249,212,61,0,0,0,4,0,0,0,0,0,4,14,0,5,0,54,255,242,88,6,0,57,234,255,255,255,238,205,21,3,0,0,22,0,0,0,0,0,17,2,0,0,0,7,220,238,42,72,229,254,255,194,255,255,255,52,4,0,10,0,0,0,1,10,3,0,0,0,6,2,34,13,151,240,249,255,253,255,166,122,255,218,124,0,2,0,0,8,1,0,3,0,0,0,0,7,20,0,1,10,0,233,251,255,255,178,51,199,249,204,0,16,4,10,0,0,15,16,0,6,0,0,0,0,6,16,0,22,5,7,56,4,10,0,79,255,255,119,0,0,0,0,15,17,0,18,0,28,0,0,8,5,0,11,0,0,0,0,0,16,15,20,243,249,192,4,0,0,6,13,14,8,0,19,0,11,0,0,0,0,0,6,10,6,6,0,0,7,0,127,255,255,45,0,2,0,0,0,28,3,0,0,13,0,9,0,0,13,0,0,0,1,24,0,8,0,0,192,253,145,0,21,6,0,0,2,14,0,1,5,0,1,13,22,0,0,14,0,0,9,0,12,0,0,39,241,251,97,0,0,3,0,0,1,0,6,0,0,12,0,12,0,8,0,15,5,19,0,12,0,0,2,147,255,200,11,5,0,0,0,12,0,0,0,1,0,10,0,4,4,21,11,0,3,0,3,0,0,6,0,154,252,75,0,0,11,0,14,6,0,0,14,17,0,14,7,2,3,13,11,0,8,11,0,0,2,11,0,71,202,63,0,0,4,0,4,13,0,12,15,2,0,5,0,0,8,0,0,0,0,2,3,13,0,0,9,5,0,13,0,7,24,10,10,0,0,11,16,0,22,1,0,8,0,0,0,0,20,0,0,0,0,0,0,0,0,3,0,3,0,2,0,1,0,0,0,0,3,0,27
0,0,0,1,1,0,12,0,24,1,0,15,0,18,0,0,2,0,15,15,0,27,2,0,6,9,0,25,12,0,0,14,8,0,0,0,0,19,18,7,3,4,0,9,13,0,5,10,0,0,0,9,28,9,0,5,5,0,2,0,0,5,0,0,0,0,0,0,1,6,0,0,14,0,19,20,0,0,2,24,0,0,0,10,0,0,6,0,0,5,5,4,15,9,26,0,0,0,11,7,0,4,7,8,15,7,9,8,0,0,1,13,0,18,0,0,13,14,3,0,11,10,3,0,17,20,0,4,16,0,17,13,1,0,0,5,0,0,1,0,13,25,0,6,9,8,12,0,0,11,1,32,0,30,14,96,162,188,42,0,0,1,24,2,0,11,0,0,0,0,1,0,4,0,0,5,0,13,0,2,41,159,246,255,242,236,139,16,9,25,0,0,0,23,0,5,17,0,0,3,0,0,24,0,14,7,7,128,217,255,235,234,239,255,126,13,0,0,0,0,0,6,1,0,16,15,11,14,0,20,0,11,23,96,201,255,254,134,47,63,255,255,144,6,0,14,0,0,9,0,0,0,8,0,0,0,0,0,0,0,37,225,255,227,21,0,0,105,255,238,71,9,0,8,0,0,0,2,15,0,0,22,0,0,0,0,0,17,8,74,40,25,10,16,0,242,245,255,44,6,0,0,0,0,0,0,13,8,3,23,0,0,0,0,23,5,2,0,0,27,0,0,13,248,239,241,29,14,2,2,0,0,0,8,22,0,28,0,5,10,0,0,0,34,3,7,5,0,14,18,33,255,248,83,0,0,0,12,15,0,0,0,0,13,6,8,3,22,5,0,0,3,0,16,0,18,0,19,59,230,229,48,0,0,6,12,0,16,0,0,0,4,0,9,0,0,0,23,15,0,10,0,1,17,15,0,49,228,244,50,11,0,15,15,13,12,0,9,0,0,11,0,0,12,0,0,23,24,0,9,16,0,0,12,96,255,219,21,25,7,6,0,22,7,24,14,0,0,0,14,0,2,0,0,0,0,6,7,0,0,1,0,178,234,226,1,0,0,0,0,0,8,0,4,16,0,15,2,0,15,7,4,0,18,0,6,12,23,49,126,246,236,253,116,7,18,5,3,0,20,4,0,5,0,16,0,0,0,6,0,0,18,0,42,128,222,247,237,255,255,243,255,56,5,3,3,0,4,0,8,16,7,7,0,0,3,0,13,0,0,14,76,248,251,167,195,234,255,122,55,16,8,0,11,24,0,0,9,0,10,0,0,18,39,0,1,5,11,14,8,58,61,0,95,242,255,35,20,7,0,8,25,0,0,0,6,7,0,0,0,7,0,17,3,0,0,15,1,4,0,36,209,232,250,32,0,7,0,14,0,0,8,0,0,0,0,0,0,8,17,17,2,10,0,10,0,3,19,12,246,255,255,42,0,8,18,0,0,12,11,0,10,0,3,11,0,0,15,0,15,27,2,0,0,14,13,0,255,255,205,4,0,6,0,28,10,0,0,0,0,0,0,0,2,0,0,8,0,5,0,9,0,0,17,0,161,255,104,12,23,7,0,2,0,11,14,0,0,0,2,15,14,9,0,0,4,0,11,8,0,0,0,0,0,0,6,0,0,0,0,6,0,0,16,7,13,2,17,0,6,0,4,0,5,0,0,0,0,0,8,0,0,0,10,6,0,0,14,0,0,5,0,0,0,5,0,8,0,9,0,0,16,0,12,12,12,13,0,0,6,15,6,18,2,0,18,10,1,0,0,0,18,0,17
0,8,0,0,0,0,0,3,14,0,0,2,0,0,0,0,14,0,0,0,11,5,0,0,0,1,6,1,1,0,12,3,0,9,0,0,0,1,5,0,4,0,0,0,0,0,14,0,8,3,7,4,0,0,5,0,6,5,22,0,2,10,0,0,0,16,16,17,0,1,0,7,0,9,25,15,13,3,0,32,0,12,17,0,14,0,10,24,0,6,6,1,14,0,0,0,0,4,0,5,0,0,18,0,0,0,9,0,13,0,0,10,0,14,2,0,10,0,9,6,2,12,1,3,7,0,0,0,0,1,17,6,0,8,3,2,0,0,0,0,0,6,10,13,0,0,11,17,0,0,4,0,0,15,6,0,0,0,39,0,0,4,0,0,4,17,32,9,0,13,7,0,0,19,0,0,0,11,17,20,8,1,15,0,0,7,0,15,78,254,206,251,189,68,4,3,13,0,15,3,16,10,24,0,0,4,0,0,9,0,0,11,29,67,161,204,229,255,242,221,225,47,0,20,0,18,26,0,0,0,14,1,6,25,1,0,17,47,98,237,253,239,239,213,185,58,17,16,3,0,7,5,0,0,6,4,2,3,9,7,7,4,0,49,140,255,245,237,142,103,105,0,0,18,0,0,1,4,11,0,0,0,0,13,16,6,13,0,8,4,23,221,255,158,91,30,0,0,0,22,4,3,0,0,19,10,5,0,0,0,8,6,0,0,0,2,1,0,95,192,43,0,0,0,0,9,0,5,0,0,13,6,26,11,0,0,0,0,1,8,16,17,19,2,11,0,185,131,0,0,0,0,0,0,0,0,0,24,0,0,0,12,17,28,0,6,0,1,0,2,8,19,0,2,208,133,13,8,13,0,20,0,0,0,21,9,3,11,0,6,6,31,22,2,9,0,9,0,26,0,4,0,146,213,14,0,14,0,0,12,8,1,0,16,0,0,0,4,0,3,2,6,6,2,5,0,0,0,0,6,50,248,131,0,4,0,0,4,4,0,9,0,7,11,0,2,0,19,7,0,8,4,24,1,0,9,0,4,0,89,255,183,1,0,0,0,11,0,0,2,17,3,0,5,9,0,0,34,0,11,0,0,16,0,1,12,0,0,42,216,205,43,16,16,2,17,0,14,0,0,20,6,13,0,0,17,8,7,0,5,0,5,0,0,0,4,0,13,198,103,0,0,0,0,8,9,0,9,1,1,0,0,0,0,0,20,0,0,0,8,0,0,0,0,8,0,55,251,88,6,0,0,7,11,0,6,11,0,3,0,5,25,7,0,8,1,6,0,13,15,0,2,10,0,6,204,92,0,3,0,0,15,0,9,0,0,0,0,14,14,3,0,0,0,0,0,1,0,7,0,0,0,41,219,52,12,11,15,0,3,14,0,0,0,20,11,23,0,0,5,3,0,12,23,0,0,0,0,0,55,218,158,0,0,5,0,0,24,3,0,7,0,1,0,31,6,0,0,0,5,48,20,3,20,0,59,165,226,201,25,0,2,0,0,20,9,0,6,0,33,0,7,3,8,4,0,0,16,169,221,245,243,233,253,223,88,13,0,0,21,9,18,7,0,8,0,0,0,0,0,14,0,0,4,0,0,24,143,205,185,136,45,24,0,0,0,0,9,3,5,3,0,13,10,0,0,7,1,9,0,0,0,0,5,0,2,0,0,0,13,0,0,0,3,0,12,0,0,11,0,7,0,15,3,0,0,27,14,0,0,1,31,0,12,0,22,0,0,2,0,0,0,5,0,30,2,5,2,0,7,13,0,0,17
0,0,0,12,9,4,0,4,11,0,11,0,0,3,0,13,17,25,13,0,21,15,20,0,7,0,0,4,0,7,33,6,9,0,0,6,0,8,0,6,0,1,0,21,0,0,10,0,0,22,0,0,0,0,2,0,3,0,0,3,0,0,0,0,0,7,0,0,3,6,8,0,8,0,9,0,0,0,13,0,0,6,20,0,13,0,1,0,0,0,21,3,0,0,2,0,13,0,0,10,9,0,1,0,11,1,23,0,21,0,6,0,3,25,0,0,0,18,0,4,0,0,3,0,0,0,0,9,2,3,0,12,3,0,21,8,19,0,0,0,8,1,41,0,0,5,0,7,8,9,0,3,0,0,15,0,0,0,0,0,6,0,32,0,0,0,0,11,10,21,0,0,12,1,1,6,0,0,0,51,168,217,250,244,156,11,0,0,0,0,0,24,0,7,0,0,6,4,2,0,22,0,0,0,0,0,15,233,255,225,255,249,255,174,15,14,0,0,0,9,0,29,1,2,0,0,0,17,6,0,0,35,23,185,246,233,224,212,127,124,168,255,84,28,22,2,6,0,0,5,0,7,0,0,0,0,9,6,1,9,61,246,255,168,17,11,0,2,12,177,154,0,0,15,0,0,0,11,0,24,19,29,8,0,0,4,0,4,215,255,245,7,1,24,2,0,0,189,255,71,2,0,3,0,0,0,0,4,22,7,0,0,0,0,14,29,247,253,87,0,2,1,21,19,1,167,255,136,26,19,0,0,8,16,6,0,7,15,0,0,12,0,0,117,255,156,8,17,0,0,5,2,14,118,231,195,3,0,12,0,0,4,0,0,0,11,8,19,0,8,7,138,255,197,0,0,20,0,0,6,0,54,240,208,4,0,0,15,0,0,0,14,0,1,7,10,17,19,4,123,238,231,0,0,16,0,1,12,12,93,242,198,14,10,0,0,17,6,0,0,7,5,3,0,5,0,12,8,201,246,77,0,3,0,0,0,0,216,255,190,0,3,0,0,0,0,23,0,0,0,9,0,8,12,0,3,141,227,208,30,40,38,122,188,229,255,255,204,8,0,0,0,0,2,0,5,1,19,7,11,0,25,0,17,0,111,212,247,255,250,247,208,131,144,255,185,0,17,4,0,9,0,0,0,5,5,0,0,3,0,0,7,0,10,34,164,213,53,68,32,0,85,255,236,12,12,21,8,0,0,5,0,0,0,13,0,0,18,0,8,0,0,3,10,15,9,5,0,0,62,255,255,24,0,0,0,0,26,0,0,3,0,2,0,0,0,0,14,4,9,0,2,14,5,0,4,10,79,244,246,7,0,0,38,15,0,0,0,7,10,0,0,11,3,10,0,0,0,1,0,23,0,0,0,0,71,255,214,0,0,23,16,20,0,2,0,4,0,0,0,0,0,0,6,0,0,15,0,9,0,0,13,3,33,255,235,22,0,0,2,34,5,0,0,1,0,16,1,1,0,0,0,0,0,0,20,0,8,0,0,4,2,210,255,39,4,0,5,8,0,11,0,16,27,26,0,1,6,23,0,0,27,0,9,0,0,8,18,0,0,236,255,30,2,7,1,0,6,24,0,13,8,0,9,16,0,15,0,8,0,25,13,7,0,0,0,6,0,190,214,3,9,0,0,26,0,4,2,7,0,0,0,11,5,0,0,5,0,15,0,13,37,0,0,0,0,0,10,1,0,0,0,0,0,21,13,0,5,0,0,0,7,9,8,0,0,0,22,0,0,12,0,1,0,27,9,0,0,9,3,0,20,0,0
0,0,0,0,17,0,4,0,14,0,12,0,4,0,6,0,0,0,0,0,14,0,3,0,3,10,21,0,0,2,0,0,20,22,1,0,0,17,0,31,16,0,19,17,15,25,18,6,0,0,11,0,9,2,19,0,0,0,0,2,8,0,11,0,0,8,0,5,0,11,1,0,15,15,5,9,12,0,0,9,8,11,22,0,20,22,5,12,15,0,27,55,152,182,195,193,255,150,35,6,0,6,0,0,0,0,7,0,0,0,0,0,0,10,0,0,9,0,78,255,240,255,240,244,255,246,254,79,10,0,10,13,0,8,0,0,0,0,0,5,2,0,0,0,7,14,189,246,226,142,195,172,216,255,252,232,84,0,0,11,0,0,0,0,21,6,5,0,10,3,18,1,0,88,255,189,50,0,14,15,16,103,201,254,221,36,6,0,0,11,3,0,26,0,0,0,0,7,21,0,0,52,115,10,28,0,2,0,2,2,16,157,255,169,0,8,0,0,0,0,0,7,0,20,12,4,9,0,23,0,0,0,0,0,0,0,1,10,4,10,170,255,50,0,26,0,14,8,5,1,0,0,16,0,15,0,32,0,0,4,3,19,14,21,2,3,15,0,74,255,131,0,0,20,14,3,0,10,0,26,0,0,29,0,0,11,2,7,0,0,10,11,7,2,32,0,56,251,142,15,0,10,15,3,0,0,0,13,2,0,0,0,0,19,0,0,0,8,9,2,12,0,0,13,0,171,210,4,11,9,0,0,0,0,0,0,8,7,15,0,9,17,0,0,9,0,0,0,0,0,0,0,3,117,214,13,0,0,2,0,10,4,1,16,0,4,0,0,5,0,0,4,0,0,22,0,0,0,0,0,0,92,224,21,0,15,7,0,8,2,10,0,0,12,0,0,0,3,0,3,4,25,7,1,13,0,2,0,0,107,227,18,0,0,0,27,0,0,19,0,5,14,0,10,0,0,21,2,6,0,27,31,0,55,113,95,32,165,227,8,0,8,0,9,4,0,1,15,6,0,0,0,0,0,17,0,14,0,0,66,225,255,255,243,255,222,233,21,7,0,6,17,22,0,24,0,12,8,20,7,0,0,2,4,0,11,11,213,255,243,255,255,255,255,214,21,0,22,0,0,9,4,0,14,0,5,6,0,30,0,5,4,11,10,140,235,191,85,15,115,214,255,255,170,19,12,8,0,15,0,0,0,0,16,0,12,0,0,4,0,4,11,210,240,55,11,3,40,242,255,240,255,199,42,0,8,16,25,15,0,9,0,0,0,2,7,1,10,30,8,208,238,255,150,181,234,247,143,203,255,235,208,180,157,0,0,0,12,25,0,10,8,16,5,0,0,0,0,208,255,255,255,241,244,164,0,13,206,243,255,255,112,6,0,0,0,0,4,0,0,11,0,0,0,0,3,40,150,211,255,220,107,17,4,0,43,165,173,66,5,0,0,12,4,10,18,0,11,0,0,0,12,0,12,8,0,1,0,10,8,0,0,0,31,12,0,5,5,9,21,5,0,0,0,0,0,0,0,5,0,0,0,17,27,1,8,0,3,14,8,0,30,0,0,3,19,1,19,0,0,4,13,0,0,0,23,0,0,8,0,9,0,0,0,0,6,0,0,0,3,14,28,0,0,0,5,0,3,8,0,1,0,0,0,9,0,0,4,0,35,0,14,0,8,0,14,2,0,0,0,7,13,0,3,0,17,10,0,7,0,0,0,12,4,9,0,1,0,0,2,0,0,9,9,0,0,24,27,14,0,0,0,8,10
0,0,13,21,6,15,0,12,0,14,0,4,0,22,6,31,0,4,0,10,0,4,5,30,0,20,16,15,6,5,0,0,0,5,20,0,9,0,21,8,0,0,0,4,2,24,0,0,5,0,25,0,0,0,0,0,0,0,0,9,0,3,0,15,5,1,16,0,0,0,0,0,14,11,0,23,2,8,0,9,3,0,4,0,0,11,0,6,0,14,0,18,0,17,1,24,4,0,0,16,79,245,249,69,0,2,0,6,1,0,0,12,0,0,0,0,6,0,0,3,0,13,0,0,0,8,0,117,236,252,244,73,19,0,0,7,12,21,0,0,23,26,0,0,6,0,5,12,0,0,0,18,22,18,112,255,249,255,242,71,0,0,0,0,0,13,0,11,14,0,1,9,5,9,0,0,14,2,0,2,39,194,239,251,238,255,177,23,9,9,0,0,0,0,6,26,1,0,4,0,3,1,10,8,0,0,11,17,166,247,246,205,60,62,0,0,7,0,0,1,5,4,9,0,7,3,0,0,0,11,19,6,13,5,0,24,229,255,227,16,15,0,1,12,13,0,27,11,9,0,0,6,0,17,0,13,0,20,3,25,6,0,26,79,235,255,13,0,7,5,0,10,8,11,0,7,0,0,0,1,2,16,5,5,3,0,12,0,20,0,9,219,241,156,8,25,7,23,9,9,0,0,0,2,0,5,4,5,23,0,22,28,0,27,0,7,11,0,98,255,226,135,4,0,0,0,0,9,0,0,6,0,0,0,5,0,31,0,0,0,0,0,0,6,0,0,78,250,255,42,9,0,0,0,0,0,0,3,10,19,0,3,1,0,38,0,9,0,24,0,0,6,5,9,77,239,205,47,2,20,0,0,0,0,0,0,11,3,1,26,0,0,0,0,4,5,13,0,19,9,21,3,136,255,255,224,68,12,0,31,0,0,10,4,10,0,0,9,0,18,11,6,14,14,0,0,27,0,9,17,55,255,255,194,89,164,149,76,14,0,0,9,0,0,0,0,7,29,0,0,0,17,15,5,0,0,0,0,94,247,255,240,255,255,236,255,94,0,0,6,0,9,18,4,2,0,0,9,13,0,0,0,28,21,0,4,86,255,224,227,228,196,253,225,240,22,0,11,0,0,0,0,0,0,18,10,0,0,0,0,23,3,18,0,55,206,255,255,45,7,170,251,255,99,16,0,0,4,7,0,7,16,0,2,0,4,2,14,16,26,0,0,16,209,255,255,31,0,33,255,252,180,0,11,8,28,0,12,8,0,0,0,16,22,29,0,3,11,21,5,0,176,255,244,255,230,247,243,255,182,0,0,0,0,0,10,0,0,39,7,12,4,0,0,0,0,0,8,4,0,183,235,255,246,253,242,255,185,0,2,5,8,10,3,11,0,11,0,0,0,31,7,4,12,0,24,17,6,7,65,131,136,255,186,126,33,0,7,8,0,4,4,0,23,3,1,0,0,0,3,6,10,11,0,12,0,12,0,13,18,18,0,24,16,0,7,1,17,10,0,3,12,0,0,7,12,0,0,0,0,0,12,12,4,0,0,0,22,11,16,0,0,0,3,0,3,0,0,0,2,4,7,4,5,0,0,0,0,0,0,0,33,8,0,0,12,9,0,0,2,18,4,15,3,0,0,5,4,15,21,0,8,0,7,0,0,0,3,19,5,0,5,3,17,0,0,20,9,2,1,12,0,32,0,0,14,0,4,0,3,0,0,5,8,0,0,0,29,0,8,0,15,0,0,0,0,0,0,0,7,0,1,0,0
0,9,0,6,0,5,0,7,22,0,0,2,0,0,0,0,0,0,19,3,0,3,6,0,0,12,21,0,15,0,1,0,0,0,1,2,0,6,0,0,9,12,3,7,1,4,0,0,23,3,4,0,0,7,0,0,0,1,0,0,9,15,7,0,16,0,0,7,0,14,13,1,11,0,0,13,0,0,0,15,6,15,0,12,22,0,0,0,1,0,0,6,11,2,13,0,0,0,39,7,0,4,15,25,0,0,0,0,7,0,0,11,10,6,27,0,6,0,0,0,0,0,0,0,0,35,10,9,0,5,0,0,21,0,0,12,0,0,17,0,0,0,2,15,0,2,20,0,24,10,8,0,20,0,4,0,29,5,5,0,0,0,0,26,14,0,0,0,0,0,0,0,1,0,4,0,9,16,3,19,22,0,8,1,14,0,16,0,0,0,19,11,13,13,7,0,12,8,12,8,32,119,39,0,0,0,17,0,12,0,0,0,5,15,100,177,108,0,0,0,0,3,0,6,0,0,0,7,194,255,211,56,2,0,0,0,0,0,0,0,16,6,182,238,246,114,6,0,1,0,0,0,6,0,1,71,242,255,255,86,0,0,0,7,0,7,0,0,0,0,249,246,250,136,16,0,0,0,1,26,1,17,2,196,244,255,224,29,0,22,0,0,2,18,0,0,2,9,152,231,239,47,0,14,2,3,1,10,11,0,15,255,255,236,50,0,0,13,10,7,14,0,3,5,0,0,65,255,255,75,2,7,9,0,19,0,22,1,0,255,255,241,22,34,37,50,70,156,201,191,194,202,196,188,222,255,252,201,36,0,8,11,9,2,11,0,17,233,247,246,148,139,232,226,255,249,255,243,234,255,241,255,255,250,230,254,176,8,2,0,10,8,0,0,0,255,255,252,241,250,255,255,242,255,245,250,255,238,241,232,242,236,255,241,99,0,2,0,0,0,6,9,18,159,245,254,246,255,255,255,185,102,96,95,112,100,58,46,161,251,255,255,97,1,1,5,0,12,23,4,4,0,128,190,159,151,255,74,5,0,0,0,0,0,7,0,78,235,223,255,86,13,0,1,14,6,18,1,15,0,0,6,10,0,64,11,0,8,0,0,4,0,0,0,11,77,255,255,125,2,0,1,0,0,0,0,0,9,0,0,5,0,4,0,13,0,0,0,3,0,9,0,4,11,255,250,246,16,0,2,2,15,0,6,0,24,2,3,16,16,16,1,11,0,0,12,0,0,1,0,2,38,255,239,255,0,7,8,0,0,2,3,16,8,5,4,18,14,0,14,2,0,0,0,0,7,0,0,4,20,255,255,250,0,0,12,14,0,6,0,3,0,0,0,3,0,0,0,10,0,8,0,0,0,0,21,0,41,255,255,172,24,0,0,9,4,4,0,18,11,0,21,0,15,0,0,0,0,0,0,0,0,0,5,11,52,242,239,108,8,0,23,0,13,11,0,8,4,11,0,15,0,12,0,20,8,0,0,0,0,1,1,0,0,188,215,55,0,15,0,0,5,0,0,0,0,0,0,24,0,5,0,12,0,2,5,0,0,3,0,0,0,25,12,6,18,0,11,20,0,0,0,0,0,16,0,2,2,0,0,3,0,9,0,5,5,0,0,21,0,9,5,0,0,0,15,0,5,48,0,0,23,0,32,0,14,7,0,0,0,3,3,0,0,0,13,11,0,5,1,0,13,3,0,8,15,0,7,0,11,0,0,0,1,7,4,0,0,11,0,0,13,0,10,20,0,0,10,0,14,0,0,0,0
24,0,4,0,0,4,12,4,6,29,0,0,0,2,0,0,2,21,0,0,0,0,3,0,14,0,16,1,14,0,13,2,11,5,4,28,0,0,0,13,0,12,0,0,13,0,32,0,0,15,8,8,0,18,0,17,11,0,8,0,0,8,22,4,0,0,0,6,4,0,9,0,0,0,0,9,6,14,8,0,3,2,13,14,0,12,2,0,0,2,11,15,2,0,8,0,0,24,0,20,0,0,25,5,0,0,4,0,9,0,22,0,14,11,0,10,16,0,0,0,0,15,6,0,0,0,4,10,0,0,9,0,0,1,2,3,0,0,0,0,9,0,0,8,8,8,14,5,0,5,14,15,5,0,0,27,59,249,183,0,0,0,0,0,28,13,31,21,0,0,23,16,0,8,0,13,0,0,0,0,6,11,6,196,255,255,174,0,0,1,0,0,23,24,0,1,0,14,10,23,0,9,0,0,0,9,0,0,0,0,55,255,248,255,69,0,0,0,5,15,2,0,0,0,0,0,0,2,0,18,7,0,0,0,2,0,0,17,255,255,255,63,0,21,1,0,16,23,18,9,0,2,0,3,13,10,0,0,7,10,9,0,18,6,21,68,255,255,255,0,0,22,3,0,5,3,7,0,0,0,0,5,0,12,5,0,0,7,0,0,0,0,0,174,255,255,113,0,4,4,4,8,10,0,21,26,11,0,0,0,0,0,0,0,0,0,3,10,5,11,112,252,249,250,76,0,14,0,12,4,0,2,8,25,0,0,5,0,0,33,0,16,3,0,0,12,15,0,119,243,244,134,0,0,2,0,0,13,0,0,0,9,0,0,0,12,0,7,7,10,3,9,1,0,0,0,111,231,255,116,7,5,9,5,18,0,0,1,0,2,0,2,0,0,0,0,10,0,0,0,13,0,0,14,255,220,246,120,0,9,0,17,19,2,0,0,0,0,12,0,0,0,0,0,0,0,0,3,4,0,0,0,253,255,237,114,0,3,7,0,0,0,23,0,0,0,0,13,0,15,10,0,1,9,27,0,0,0,4,7,175,245,255,62,17,0,1,0,0,0,0,3,0,3,31,0,0,5,7,0,0,7,0,24,10,0,12,0,255,255,242,121,0,0,1,0,14,0,2,2,6,0,11,0,17,0,7,4,13,17,1,0,0,17,14,47,247,253,255,8,0,6,0,1,0,0,0,0,1,0,21,0,0,0,0,20,0,0,5,0,0,3,7,134,251,227,157,0,25,13,1,0,8,15,0,1,0,0,0,0,22,3,20,0,5,13,0,10,0,0,10,140,255,255,149,4,23,0,0,0,6,27,4,0,0,29,5,13,25,0,0,0,10,0,0,0,19,11,0,128,255,255,107,0,0,0,0,0,25,6,5,9,11,0,13,12,32,2,0,0,0,0,15,0,0,9,0,199,255,255,0,10,0,4,1,2,0,20,0,0,0,0,18,0,0,0,0,0,0,18,0,0,6,0,2,131,242,255,1,16,0,23,2,10,16,0,0,8,0,0,0,6,0,0,0,0,12,2,1,0,0,3,11,128,253,248,0,0,10,0,8,0,5,0,1,0,3,20,0,0,16,0,17,12,2,0,0,0,0,0,0,5,21,0,15,0,0,17,0,22,8,11,0,0,23,14,21,0,26,0,0,14,12,3,0,22,31,11,17,0,0,2,20,9,0,7,0,0,10,0,7,0,0,0,4,0,25,0,0,0,17,0,0,7,0,0,2,16,7,10,0,0,0,13,4,5,0,0,0,0,3,7,0,5
0,16,0,18,16,0,0,5,0,11,0,0,22,20,2,0,0,0,6,0,26,0,22,0,0,0,0,26,19,0,0,7,7,16,6,15,43,0,8,5,0,6,8,0,0,0,0,11,8,0,0,0,0,2,0,16,1,0,4,0,0,0,34,2,0,0,0,0,0,30,1,10,4,0,0,4,3,7,6,6,20,0,10,2,0,2,0,25,3,0,20,0,4,2,35,9,15,2,0,7,5,0,0,8,19,0,0,20,0,0,0,0,0,0,0,0,0,0,1,16,1,3,15,0,69,214,245,243,116,0,19,11,0,9,8,0,0,3,0,12,21,8,0,20,26,23,1,16,7,2,120,219,250,255,217,88,59,0,14,0,6,0,2,0,14,16,15,22,0,0,14,2,0,0,0,0,0,199,255,255,228,79,14,2,0,3,4,0,5,0,0,21,0,1,10,0,36,0,32,27,13,0,17,0,112,248,242,129,35,0,0,6,0,0,0,3,13,5,16,11,0,12,0,0,0,0,21,11,0,4,0,0,110,255,100,9,3,16,34,2,0,5,9,1,13,0,7,2,8,10,4,0,1,3,0,0,5,11,0,0,124,255,100,1,1,6,14,0,1,9,0,5,1,7,0,14,0,11,0,0,3,0,2,0,17,6,0,0,114,255,166,1,3,0,0,0,20,0,7,0,0,0,11,12,0,6,0,10,19,0,0,0,0,0,0,0,146,255,255,131,89,24,0,0,0,7,22,8,0,4,0,0,0,0,0,2,0,0,0,21,14,6,8,20,64,244,235,255,240,229,82,22,0,9,11,0,0,0,18,0,2,0,0,0,0,0,0,4,0,0,0,0,28,155,216,207,229,249,240,250,119,0,0,0,0,0,1,0,12,0,0,0,6,0,0,23,18,6,5,0,0,6,25,0,3,32,118,227,229,172,15,11,0,13,0,0,6,24,0,12,9,0,0,0,4,0,0,0,0,0,0,19,7,11,7,45,253,255,150,0,7,0,6,17,16,0,0,0,0,2,13,0,0,0,8,4,4,0,0,3,10,29,0,5,45,214,240,105,0,0,9,11,0,1,2,10,0,26,0,23,20,0,12,0,0,14,0,6,12,14,1,16,12,36,218,225,24,3,0,9,4,5,5,0,0,5,0,0,4,0,0,9,16,0,4,17,5,20,0,0,0,0,98,255,117,5,0,0,11,0,8,14,17,21,2,18,0,0,0,2,1,0,69,170,84,0,0,0,0,5,68,245,255,15,0,12,3,10,6,6,0,12,0,0,0,1,0,0,0,0,111,255,232,90,39,23,33,0,4,180,254,33,0,0,0,0,0,0,0,2,0,0,0,0,0,0,0,6,3,59,248,255,255,236,160,104,109,151,255,103,0,18,23,0,3,0,10,5,12,0,5,4,0,23,0,0,8,0,9,90,209,254,243,255,254,255,234,57,5,23,0,0,0,0,0,21,0,0,17,0,10,0,2,0,0,0,0,0,19,55,58,152,233,155,71,34,19,0,2,0,0,0,0,0,0,13,12,0,0,12,4,0,19,9,0,0,6,6,0,0,0,0,8,16,6,0,17,1,0,0,0,1,10,2,15,0,18,3,5,0,0,0,9,0,4,0,1,0,0,4,27,0,7,1,0,0,2,0,0,30,18,0,0,0,6,8,0,0,9,21,2,0,1,20,0,0,19,0,13,0,17,4,0,0,7,11,0,1,0,0,0,0,0,1,0,5,0,2,1,0,0,0,11,0,0,18,22,0,5,0,13,3,0,0
0,22,0,4,1,0,0,0,0,0,0,0,0,0,0,16,0,5,11,0,0,0,0,0,6,2,14,7,11,5,0,21,5,20,22,0,0,0,0,0,0,0,0,6,11,0,0,11,0,7,29,23,0,8,0,0,19,1,4,7,0,15,3,2,0,0,7,16,15,13,0,8,10,2,5,0,0,0,6,20,2,7,15,6,0,16,0,9,14,12,8,0,5,19,10,16,23,0,0,1,0,0,0,6,0,6,13,5,7,22,20,0,6,9,0,4,5,0,15,0,8,0,5,3,0,9,5,32,0,17,14,1,11,24,14,0,0,2,0,0,0,19,0,0,0,3,0,6,2,11,28,187,255,182,0,0,25,17,6,0,0,0,0,0,0,13,0,7,0,0,0,0,0,8,0,2,0,0,128,252,217,158,16,0,22,3,16,6,13,0,0,16,11,0,13,16,20,0,19,0,0,14,0,0,0,153,244,242,186,0,10,14,113,229,234,243,153,4,0,0,22,0,0,9,8,0,2,0,15,0,0,0,66,255,255,226,124,0,0,114,255,252,255,169,68,0,2,7,0,18,9,0,0,0,6,18,0,0,0,0,217,244,218,45,5,12,87,227,242,95,28,23,0,0,0,8,0,9,1,0,11,0,0,0,8,8,3,17,234,245,109,21,0,0,206,235,217,55,0,0,0,0,0,0,4,1,9,0,0,15,0,20,9,1,0,138,255,193,0,0,18,98,240,255,99,0,0,0,22,0,0,0,0,7,4,5,0,0,1,5,0,16,46,226,236,171,0,59,115,238,245,207,36,0,23,0,6,8,0,17,6,16,27,0,9,23,21,0,0,0,112,255,255,200,197,227,255,255,255,236,232,46,0,0,11,0,0,7,0,0,0,0,6,12,17,0,8,18,128,255,249,255,255,255,255,255,246,248,250,233,110,13,8,19,12,0,12,0,10,13,3,14,17,14,0,0,116,255,245,255,213,207,230,245,202,205,244,251,240,24,0,0,9,11,4,0,18,14,17,13,4,24,0,11,24,77,156,97,4,13,220,248,76,35,98,225,234,123,2,10,0,8,22,0,3,3,5,5,0,11,3,11,6,12,23,28,0,0,195,255,36,2,0,157,253,230,18,0,0,0,0,0,0,0,3,35,22,7,12,4,2,2,0,15,0,8,77,255,54,0,0,81,239,240,50,0,0,6,3,3,9,3,6,3,0,9,6,0,7,0,16,0,0,0,68,243,101,0,18,34,255,255,105,11,0,0,0,9,0,0,0,0,0,0,10,5,21,23,0,2,0,0,44,228,250,121,18,8,158,255,92,0,15,0,18,0,10,0,0,4,0,5,0,0,4,6,0,8,12,0,4,116,251,245,60,0,173,255,135,11,0,0,0,7,9,0,0,1,0,3,5,0,0,0,16,0,16,0,0,16,166,251,250,210,233,255,99,9,22,0,11,13,0,24,0,3,19,2,19,1,12,11,1,10,7,0,26,6,30,140,255,255,255,236,105,0,4,11,8,0,14,0,0,0,0,0,0,5,2,1,20,0,7,5,2,14,0,30,139,240,229,188,53,3,0,10,0,13,0,9,10,12,21,19,17,0,0,0,0,5,3,5,0,13,7,0,19,0,21,0,0,0,0,0,0,8,6,0,0,8,0,20,2,2,14,0,0,0,0,0,0,11,1,13,5,5,0,0,2,0,0,0,7,0,8,3,0,0,13,3,0,4,8,0,2,0,0,2,4,7,6,0,0,8,13,8,6,13,0,30,0,0,9,0
8,6,1,0,0,1,6,13,3,0,0,0,0,0,7,20,8,0,6,0,20,0,8,11,5,3,0,19,0,0,0,0,18,0,0,17,19,2,0,4,0,0,8,1,4,0,13,0,0,0,18,10,8,0,0,0,16,0,11,0,12,0,0,0,17,0,0,8,0,17,0,7,1,8,16,1,0,0,1,3,10,6,3,9,0,0,3,0,0,0,3,0,0,0,0,2,0,0,28,79,136,248,250,215,104,0,6,12,0,6,0,0,0,0,0,18,7,0,13,9,0,0,0,7,43,133,235,255,242,231,254,255,207,40,0,1,5,4,0,10,10,4,5,13,0,0,0,0,0,0,0,107,243,227,255,214,201,117,214,236,191,10,0,0,6,0,0,0,0,12,8,0,0,7,13,3,0,0,139,255,255,248,64,45,22,45,254,252,156,0,0,0,0,0,0,0,28,7,1,0,0,1,0,0,82,196,255,195,62,21,0,0,0,237,255,211,25,0,0,5,29,3,8,0,34,0,12,0,0,15,30,15,170,158,138,1,0,14,0,9,121,243,237,162,0,0,6,0,0,7,10,0,3,0,41,0,0,0,9,0,0,0,0,11,5,0,0,165,255,252,160,0,13,0,0,0,0,0,16,4,0,0,8,0,27,0,0,7,0,1,0,16,11,0,56,245,255,215,40,0,9,0,11,0,3,2,0,0,20,0,2,0,0,17,0,3,0,0,0,1,0,20,202,254,236,0,0,0,1,28,0,3,0,11,0,0,18,8,0,0,11,9,21,0,0,20,15,2,29,189,255,184,29,0,10,0,1,2,0,0,20,0,22,11,0,22,11,0,0,2,19,0,7,4,0,58,201,244,210,62,0,15,14,7,3,0,10,2,10,15,0,3,0,30,0,0,0,21,0,30,0,4,69,225,255,245,63,0,0,0,7,0,0,6,7,0,0,31,7,5,0,21,0,0,0,0,0,10,15,43,227,254,255,35,11,7,12,10,0,0,23,25,0,0,9,12,10,0,9,16,6,24,0,12,2,0,50,176,255,249,115,23,8,0,2,0,18,0,0,0,4,0,12,0,7,0,15,0,2,9,0,7,5,20,175,250,227,118,16,4,0,0,11,0,8,3,16,24,0,0,0,0,0,7,0,25,0,7,0,0,28,206,255,255,108,12,0,0,0,0,1,9,0,12,0,10,0,0,0,2,0,0,0,13,0,0,0,9,238,255,249,162,0,9,0,29,84,50,7,50,42,52,60,61,0,0,0,0,6,29,8,0,0,0,0,114,249,248,227,214,203,197,187,211,229,255,208,227,228,255,248,248,117,21,4,0,10,15,18,0,0,8,0,159,249,255,255,254,238,255,255,249,242,255,255,239,249,252,255,157,4,1,8,0,0,12,16,0,12,22,0,28,140,155,134,255,255,235,187,136,124,165,143,128,128,142,111,20,8,0,1,0,0,6,0,0,3,3,0,0,0,0,1,0,0,3,0,0,0,0,0,14,6,0,1,3,12,0,5,25,0,5,3,24,0,27,2,23,0,0,0,0,0,0,0,0,0,0,0,0,0,2,0,0,0,4,6,7,0,0,0,7,0,0,0,5,7,0,13,0,14,0,0,0,0,3,0,25,0,0,3,6,13,0,6,14,0,13,17,0,2,6,15,7,0,3,9,15,12,7,5,2,19,13,0,0,5,11,0,0,0,2,14,18,0,10,10,13,0,0,0,0,0,0,4,10,0,0,4,0,3,0,5,0,0,0,0,0,3,0,0,0,0,15
7,2,10,0,25,1,0,16,8,0,0,21,0,0,3,1,29,15,14,0,5,0,0,0,22,0,2,1,0,3,13,0,11,0,4,10,14,1,23,0,0,4,0,10,0,7,8,10,0,23,5,3,7,19,19,0,10,25,8,0,2,0,11,3,9,0,32,0,10,3,10,0,0,3,0,0,11,0,0,26,0,0,27,0,6,0,0,5,0,0,0,0,18,0,0,0,0,12,23,15,0,27,20,6,0,9,2,0,12,0,15,2,8,0,14,0,18,9,3,3,15,0,8,0,0,0,33,16,10,0,5,0,0,0,0,0,0,0,0,12,28,0,0,0,1,5,3,0,5,0,24,0,28,5,4,0,23,0,10,14,21,0,0,7,18,0,0,1,6,0,8,0,0,17,33,0,18,7,12,79,222,195,143,132,157,0,2,5,2,0,10,10,0,0,0,0,9,0,0,3,8,0,0,0,25,0,184,237,246,236,255,231,248,168,0,0,10,0,10,0,0,10,0,12,0,29,22,0,0,0,1,0,0,109,255,255,240,242,225,252,252,229,29,0,13,9,0,4,0,2,30,0,0,0,1,0,6,0,11,14,114,247,253,252,221,86,8,214,236,244,27,0,1,11,0,0,0,13,0,0,0,0,0,0,0,6,0,39,234,253,231,182,33,18,0,192,255,246,134,25,8,0,0,0,0,2,0,13,0,0,4,0,5,22,12,60,247,253,248,71,5,0,0,165,255,255,255,11,0,9,7,35,9,20,0,0,0,0,14,0,11,0,17,64,255,255,92,0,4,14,0,13,238,255,251,9,3,3,15,0,2,18,0,13,0,0,4,16,14,16,0,61,239,241,69,0,3,5,0,6,226,255,237,92,5,22,12,0,3,8,2,0,0,0,0,5,18,0,11,0,193,255,78,12,0,0,0,0,142,247,255,76,29,0,0,4,0,0,0,0,0,0,8,0,9,0,0,2,89,247,232,22,0,0,16,0,218,252,252,9,0,27,0,9,17,22,0,0,18,0,0,0,15,12,0,0,14,255,255,91,43,1,0,65,224,241,242,20,3,5,17,0,0,0,0,9,13,0,0,0,20,0,0,0,0,255,246,255,236,208,202,235,247,255,113,0,0,0,22,6,4,0,5,0,1,0,2,5,0,4,16,0,7,50,198,255,250,255,255,255,255,237,57,0,0,0,21,10,1,0,5,8,0,0,0,0,16,8,1,2,0,0,0,78,124,189,140,171,253,251,22,0,2,21,11,12,0,14,0,0,0,0,21,13,9,11,0,1,0,0,0,0,0,0,20,2,227,255,220,0,0,0,0,0,0,11,17,12,2,1,1,5,0,0,7,18,0,0,3,3,24,0,16,17,226,250,252,7,19,0,0,0,0,7,0,0,0,7,21,0,0,8,0,0,1,0,4,7,0,0,8,0,237,251,207,77,0,0,0,0,0,0,0,0,0,0,0,0,0,12,0,0,0,19,9,0,0,1,0,0,248,249,255,244,46,11,0,0,17,33,0,4,0,12,6,22,0,0,0,3,18,0,11,0,0,26,5,3,218,254,255,255,70,0,19,3,0,2,12,0,0,19,0,0,4,1,0,12,0,0,7,0,0,16,0,4,113,255,245,255,79,0,9,13,5,3,0,0,2,18,17,0,0,0,10,10,0,17,6,0,0,9,31,0,0,10,0,10,0,4,2,7,0,3,0,0,4,17,8,0,14,0,16,0,0,0,4,2,19,3,26,30,11,0,14,0,0,0,19,3,11,0,1,0
0,0,0,21,0,16,13,12,11,0,13,0,0,6,5,0,38,2,0,0,6,0,5,16,0,0,16,18,0,0,26,0,0,5,0,0,4,23,0,5,12,0,16,0,0,0,0,12,0,3,0,0,15,17,13,2,11,8,0,16,0,0,0,0,11,0,0,0,3,0,0,3,5,1,0,14,0,0,13,0,0,9,4,0,5,0,0,12,0,3,15,0,0,0,8,16,0,0,0,14,0,0,0,1,0,0,0,15,14,1,22,6,2,0,0,0,18,27,8,11,19,118,184,255,148,70,21,0,0,6,5,0,0,0,0,1,0,0,3,17,0,9,0,7,2,0,0,1,48,231,248,239,255,255,255,97,0,0,0,0,0,3,0,16,0,0,33,0,0,16,0,0,13,0,0,17,34,74,138,237,252,235,238,244,59,29,0,0,9,0,2,10,0,0,0,7,7,0,0,0,0,4,0,0,1,0,0,64,226,252,255,255,144,40,45,0,6,0,27,0,0,12,5,6,4,0,6,1,17,0,0,8,0,1,0,0,20,105,245,255,255,217,46,3,0,0,17,2,10,5,0,9,0,32,0,0,0,9,0,0,11,28,0,0,0,1,251,255,235,248,79,0,30,0,23,0,0,4,0,1,24,0,0,0,0,0,0,0,0,0,12,0,19,1,22,240,255,248,88,1,11,0,0,16,0,0,8,1,0,0,0,0,0,5,6,15,0,2,0,12,0,11,16,255,255,234,103,28,0,3,7,0,0,0,0,0,0,0,0,0,16,0,15,0,3,0,12,12,4,0,0,255,233,250,220,2,0,8,15,0,0,5,2,0,1,0,8,4,14,5,10,0,23,47,76,1,0,8,21,255,255,253,135,6,0,0,8,0,0,11,0,0,1,0,0,1,0,0,1,13,105,201,255,223,92,0,116,250,246,255,82,16,0,11,4,7,0,0,6,0,0,0,0,0,0,12,5,10,175,248,255,255,255,200,216,247,244,255,96,0,0,0,16,7,2,9,6,8,0,0,12,15,8,0,0,51,240,236,255,255,255,250,244,255,246,240,49,8,16,12,0,0,7,0,0,0,10,7,10,0,0,0,12,137,255,255,144,223,255,255,250,252,234,112,17,0,0,23,0,8,0,0,2,7,1,21,0,2,16,15,0,81,237,252,246,255,239,244,255,255,223,20,0,18,0,3,0,0,7,0,0,14,12,30,0,6,0,5,0,11,179,255,255,255,255,255,249,255,251,205,77,21,14,6,0,0,9,0,0,0,27,0,0,4,0,3,0,0,30,148,225,244,193,218,220,199,239,254,237,144,0,6,61,3,17,0,0,0,0,25,0,0,0,2,0,3,11,0,9,32,4,26,4,67,233,255,255,253,201,249,145,0,0,0,32,6,0,23,0,0,15,0,0,0,0,3,24,0,0,0,0,0,51,255,255,249,255,247,97,0,0,0,0,39,6,1,0,0,5,6,0,0,0,33,5,0,13,19,0,0,1,0,72,174,71,62,5,7,0,14,5,0,0,17,2,0,15,4,0,13,0,0,2,2,13,0,10,21,19,0,26,0,1,21,0,0,5,2,9,0,1,18,8,23,0,1,0,0,21,3,0,13,10,1,21,0,0,0,6,0,0,0,18,0,3,0,3,5,1,14,19,13,0,3,10,8,0,0,12,0,0,10,0,8,9,0,24,0,0,0,16,19,0,0,3,19,2,0,0,13,0,19,30,4,0,0,0,0,0,6,0,0,0,16,12,0,18,0,14,12,2,11,16,4
0,0,0,0,0,0,0,0,0,6,0,0,0,0,6,0,8,19,0,0,0,15,0,10,0,21,21,0,0,12,0,0,7,0,0,0,0,17,0,0,13,3,0,0,5,11,9,0,0,12,0,0,0,0,10,1,0,0,0,6,12,5,0,0,0,0,0,0,15,0,0,0,0,0,0,14,2,0,9,0,9,4,0,38,6,0,12,6,5,17,0,0,0,1,5,0,0,0,0,8,0,0,3,15,7,5,15,0,0,0,0,0,0,3,0,0,16,6,0,0,0,35,10,14,15,0,15,9,9,4,0,11,0,0,0,0,6,13,5,0,0,0,0,0,0,0,0,12,0,18,30,41,143,161,244,181,73,23,0,0,12,0,1,0,0,6,0,7,0,0,0,8,0,15,3,0,0,14,166,240,252,255,243,248,255,192,103,2,4,0,0,0,4,7,0,21,16,0,17,0,0,1,0,11,0,35,255,244,255,245,255,248,215,255,218,11,4,0,0,4,28,3,0,7,1,6,0,0,9,0,21,4,8,21,250,252,237,245,138,80,60,129,243,185,26,8,8,0,0,5,2,0,0,2,0,10,1,4,4,11,11,18,148,255,255,255,47,0,0,7,205,233,72,0,24,24,2,0,0,15,1,1,16,0,0,21,0,2,0,0,143,252,230,60,17,0,0,0,43,233,228,0,0,0,4,0,0,4,0,11,10,0,0,4,4,18,9,34,223,255,45,0,14,29,0,0,0,156,227,0,0,0,0,0,8,28,37,9,0,0,3,0,0,13,4,81,255,212,23,6,0,0,0,19,0,143,252,52,0,0,0,5,0,0,0,17,0,6,0,12,15,7,31,175,249,82,0,0,14,0,0,6,0,69,235,169,0,40,0,5,0,3,18,2,0,18,1,11,28,11,78,254,231,20,0,3,0,2,0,0,14,44,253,134,17,16,0,0,0,18,16,15,0,0,8,0,0,0,121,244,245,0,10,1,4,0,5,0,8,39,255,188,12,8,1,0,0,21,0,0,1,1,0,0,0,1,208,255,156,0,9,4,0,0,0,3,1,52,226,217,3,28,5,0,3,0,13,0,7,0,5,0,0,0,205,252,68,0,0,15,18,2,4,0,0,81,236,255,25,0,1,14,5,12,16,11,5,2,12,0,1,90,255,220,8,0,5,0,3,0,0,21,3,173,255,86,0,0,4,18,2,3,0,17,5,20,9,0,7,124,242,193,3,0,0,0,0,5,13,0,46,255,224,0,14,0,22,0,0,0,16,0,4,9,0,0,23,68,230,241,45,0,26,18,7,20,1,29,195,239,115,0,14,0,0,12,4,0,4,6,0,0,0,0,5,0,105,255,150,0,13,6,0,12,112,212,244,183,14,13,17,0,6,0,0,0,20,26,5,0,27,21,11,0,61,252,253,140,106,66,67,180,232,244,176,36,0,0,1,0,20,10,0,28,25,7,8,0,14,0,12,22,4,126,255,255,245,243,249,231,222,72,22,0,10,0,6,4,7,0,4,4,0,10,15,0,0,0,0,2,0,1,58,122,202,232,244,138,35,6,10,3,21,4,17,3,0,19,15,0,17,7,25,0,0,6,0,21,11,18,0,13,28,1,4,0,0,0,17,11,6,5,0,4,0,20,4,9,18,0,9,11,19,0,11,22,0,13,4,0,0,7,5,0,13,0,0,0,0,18,0,0,12,0,8,49,1,0,21,0,1,0,2,2,5,0,2,0,0,13,0,9,38,4,10,24,7,0,0,14,0,0,2,0
6,0,3,0,8,9,0,6,0,0,18,6,8,2,0,21,0,0,0,0,17,18,0,6,2,10,0,6,23,10,0,4,12,0,4,0,0,0,0,0,24,0,4,0,0,0,0,3,0,0,0,16,3,15,6,8,0,8,14,23,7,0,0,0,0,0,21,0,0,19,9,0,16,0,9,0,7,0,0,13,2,0,0,4,0,15,0,2,24,27,0,1,0,0,0,26,8,16,42,0,8,0,0,4,0,16,20,31,0,0,15,0,0,11,0,19,14,14,8,3,9,0,4,0,0,0,4,7,0,2,0,0,0,24,26,0,0,9,19,0,0,0,5,5,0,0,0,0,12,11,0,0,15,33,2,73,182,107,0,0,11,1,0,10,0,7,17,14,1,0,3,6,0,0,16,0,0,0,22,14,16,14,9,128,255,230,31,13,17,10,7,14,0,20,0,3,0,0,0,4,0,10,0,26,85,0,0,3,0,17,0,132,240,255,35,0,0,0,16,0,0,25,13,13,12,0,0,6,18,6,0,91,255,102,27,0,0,0,0,127,255,251,115,15,3,12,0,18,2,0,12,6,0,0,0,0,0,0,0,60,254,244,11,0,0,0,0,132,252,252,190,0,13,0,0,0,0,0,0,0,14,0,0,0,0,18,0,47,253,220,1,0,0,0,0,86,244,255,229,1,6,0,23,2,7,10,11,0,20,2,19,0,20,0,0,49,234,255,78,31,21,2,18,10,252,255,242,0,0,0,0,0,0,5,7,0,0,0,10,0,0,27,0,37,255,255,118,89,83,94,38,37,255,255,239,53,0,0,5,0,0,25,7,5,0,0,0,0,1,0,17,93,243,255,255,255,238,235,243,230,248,255,252,90,0,5,0,0,0,0,0,0,15,0,4,0,10,3,11,199,255,249,253,230,250,255,255,251,242,251,242,73,0,0,4,12,4,17,0,0,4,7,2,0,22,0,0,166,248,250,221,144,160,32,54,122,186,247,255,154,3,0,10,0,2,8,0,7,0,2,16,0,0,3,0,45,138,109,24,0,0,21,0,0,59,249,241,185,20,9,0,24,6,9,0,7,0,4,0,0,1,9,0,46,22,0,0,0,20,27,0,0,66,255,250,62,0,0,10,15,0,2,0,0,4,3,0,23,6,10,0,0,0,0,8,0,0,0,0,0,80,255,255,76,17,22,7,0,2,0,1,0,0,0,15,0,4,0,0,17,0,12,0,5,10,0,15,0,49,226,250,110,8,0,0,5,7,10,1,11,18,3,0,2,5,0,0,0,10,7,29,0,0,0,0,2,8,212,246,189,15,13,0,0,4,20,0,0,0,0,0,1,16,18,10,7,2,0,14,2,6,0,0,10,0,216,255,246,45,0,5,0,0,22,13,7,0,0,1,0,0,0,7,0,21,9,0,0,3,10,0,0,10,107,252,251,54,12,9,0,0,21,0,0,20,15,0,0,0,0,17,2,9,20,21,14,0,10,11,26,0,72,245,248,85,0,0,5,1,0,0,7,0,0,0,0,0,0,26,0,3,18,9,6,0,3,0,4,14,0,140,249,153,0,9,0,1,0,34,8,0,3,4,0,0,7,0,0,18,26,0,0,0,15,0,10,0,6,0,0,9,5,0,2,0,2,0,12,0,15,0,1,23,0,6,20,12,17,0,21,29,0,0,0,11,0,0,0,3,4,1,0,0,7,0,8,0,9,0,0,1,0,16,0,0,4,7,0,3,0,4,0,0,30,16,4,1,0,34,0,11,10,11,13
13,0,0,0,8,12,25,7,10,0,0,0,0,0,0,13,0,24,16,14,0,0,27,6,0,8,6,1,3,4,0,0,0,18,1,16,13,15,2,0,0,1,0,0,25,0,0,0,10,1,0,0,0,0,14,3,0,0,0,0,0,0,0,10,0,7,18,0,20,11,22,16,0,0,8,8,0,6,0,0,10,3,7,23,0,10,6,13,2,0,0,13,7,3,5,0,0,0,0,0,0,0,0,5,19,8,0,0,5,0,0,0,0,8,0,0,0,8,17,20,2,2,0,4,0,0,45,120,242,193,12,0,23,8,0,0,0,0,20,0,6,16,0,0,0,12,11,5,0,25,4,0,6,123,240,241,251,255,48,15,12,0,0,15,0,0,5,0,0,4,6,14,0,0,7,18,9,22,0,85,173,229,230,255,252,255,241,143,76,0,2,0,15,3,14,0,5,23,1,0,0,0,0,0,0,0,51,255,234,250,255,248,200,255,227,237,198,95,12,7,0,18,0,0,2,0,0,5,0,1,0,6,3,89,244,255,255,244,246,52,20,159,242,255,251,243,46,7,0,0,0,0,38,0,0,11,7,2,4,0,62,249,247,255,255,186,63,10,0,3,102,254,255,253,78,21,0,3,7,3,22,9,1,0,0,0,1,28,229,247,233,247,121,23,6,6,0,13,40,200,255,249,243,54,15,4,21,0,0,22,0,0,0,0,5,163,255,235,241,112,4,14,10,12,8,9,1,50,239,245,250,116,0,0,0,0,4,3,6,0,0,0,151,253,255,255,129,0,0,4,11,5,2,0,0,12,178,254,240,104,0,5,0,0,17,4,6,0,0,9,211,230,234,225,3,0,0,17,5,0,0,0,8,0,145,255,247,165,30,0,2,14,3,13,2,17,0,193,242,253,222,33,0,8,10,0,0,0,2,0,0,0,129,255,253,250,0,6,0,0,2,0,0,0,71,243,255,255,61,0,0,0,0,6,0,11,0,0,14,0,144,252,255,236,0,2,0,6,0,0,0,0,115,255,255,243,23,17,0,0,0,0,5,8,0,0,26,0,105,255,255,255,0,0,8,16,0,6,4,5,255,247,246,109,0,0,37,5,0,0,31,0,0,11,0,90,182,243,247,173,0,2,0,0,0,0,0,10,240,255,255,9,3,0,11,0,12,0,6,0,27,79,125,239,244,241,221,86,5,10,3,0,0,28,10,0,142,248,234,123,31,10,16,1,5,23,31,152,192,255,227,234,235,242,199,0,10,0,0,15,0,6,8,0,139,252,245,255,224,122,118,138,124,216,234,255,248,255,255,239,255,128,9,0,0,0,0,0,0,10,12,23,12,222,244,255,255,241,246,255,251,255,255,255,241,255,255,253,84,30,0,0,15,0,9,0,0,0,0,0,21,58,181,244,255,250,242,232,250,240,234,201,204,128,140,32,0,0,7,0,1,0,8,20,6,0,8,0,0,0,7,94,222,247,253,147,235,90,63,10,0,0,0,3,0,5,0,2,0,0,0,27,19,0,6,16,15,0,0,0,0,0,0,33,0,0,0,0,5,21,24,5,11,0,4,1,13,13,0,0,11,3,0,14,0,0,0,0,0,3,5,0,0,0,20,0,3,13,20,16,6,0,0,10,9,8,0,0,0,0,0,0,3,0,0,12,17,3,0,11,0,26,0,0,0,12,0,0,0,0,5,0,0,7,1,16,15,0,0,7,9,0,0,15,5,17,5,9,2,5,0,0,2,10,0,0,1,0,14,10,20,0,0,6
7,0,0,0,12,0,0,0,0,3,10,13,0,0,0,0,24,1,0,0,1,0,0,14,0,0,0,0,8,0,2,5,0,0,27,0,0,0,18,0,0,0,8,1,0,13,0,3,32,5,22,12,4,0,13,0,24,0,0,1,7,25,11,4,0,13,4,0,0,0,0,0,8,0,6,0,0,4,20,16,0,9,10,0,3,0,5,0,0,10,0,0,0,0,5,0,0,8,0,0,19,0,1,5,6,2,9,27,11,0,0,0,11,9,0,0,3,1,0,0,0,0,0,6,10,0,0,0,3,0,0,2,0,0,1,0,8,0,0,5,13,14,0,0,0,0,2,10,11,132,146,9,0,4,0,5,5,9,26,0,0,4,2,0,0,0,0,4,0,7,0,16,0,1,14,2,86,255,246,26,17,0,0,15,67,41,30,70,0,0,0,23,0,9,27,0,0,0,25,15,0,1,3,23,230,250,255,70,0,45,125,205,252,247,251,252,204,151,15,9,19,13,0,1,17,0,0,2,0,1,0,147,243,255,227,110,23,247,251,251,255,255,162,182,242,240,158,0,0,1,2,0,20,12,17,0,0,0,5,193,247,191,130,84,53,170,204,196,13,11,0,25,68,167,237,204,0,8,0,1,19,0,5,4,6,4,147,246,236,80,16,9,21,0,0,15,0,0,0,19,0,0,150,246,106,8,7,7,13,24,0,0,0,0,218,251,126,23,5,0,18,13,17,8,0,29,0,0,16,0,44,255,151,13,0,0,31,0,3,0,0,121,255,250,89,9,0,13,0,0,0,5,4,0,0,0,0,2,0,245,255,0,0,0,6,5,0,29,12,197,255,189,0,0,13,7,0,12,0,10,0,3,0,0,0,11,5,229,253,0,0,0,0,0,0,0,0,255,240,129,23,0,21,0,0,0,0,22,6,5,1,0,0,0,49,255,210,0,4,0,0,0,0,0,19,251,255,89,16,0,13,10,8,0,0,8,1,0,0,14,9,40,176,255,50,0,0,0,0,0,0,0,8,255,238,83,0,0,0,0,0,12,0,10,25,7,15,5,0,190,211,164,0,11,39,0,0,15,0,0,15,255,255,100,0,0,0,12,0,1,4,0,32,0,18,0,205,240,233,40,0,0,0,19,27,8,0,0,0,177,235,200,1,6,6,10,0,0,23,0,0,0,112,242,247,231,77,0,21,14,0,0,0,0,18,1,20,64,242,243,139,40,9,9,0,0,0,0,82,166,255,239,234,65,17,0,26,29,0,21,34,0,8,14,0,4,153,255,248,233,156,89,41,101,158,225,242,255,241,157,43,0,0,5,0,0,3,23,0,13,0,0,0,0,0,140,251,242,255,255,255,255,255,255,254,156,64,3,24,8,13,0,2,9,0,0,13,22,9,5,5,0,6,0,69,109,104,116,105,111,110,121,0,5,0,9,18,10,19,8,8,6,0,0,0,0,7,0,3,2,0,0,0,11,0,0,0,29,0,0,0,0,11,0,0,26,0,1,20,22,6,14,12,13,0,13,7,0,0,1,14,0,0,17,8,13,4,0,0,15,23,0,15,15,8,0,25,5,0,11,11,0,0,0,11,3,0,0,0,13,19,0,0,6,0,0,4,14,2,0,7,6,0,0,1,13,0,9,0,0,2,9,1,16,1,0,4,24,0,2,0,0,0,0,0,0,0,8,10,3,0,0,10,18,9,0,0,0,0,7,16,0,7,11,13,4,0,6,0,1,0,0,1,0,0,0,3,7,0,3,9,0,0,0
3,0,0,9,0,9,12,0,0,2,0,6,14,0,0,26,0,5,0,15,1,0,5,0,18,0,12,0,0,10,0,6,0,5,0,0,14,0,0,0,0,1,13,11,0,0,10,0,17,15,0,0,0,1,5,7,8,19,0,10,0,0,12,7,2,16,27,3,0,0,10,30,0,21,0,22,2,0,14,17,8,5,19,7,0,36,15,0,0,0,2,7,6,0,14,13,2,0,0,0,0,20,21,8,0,6,27,5,0,10,0,3,28,0,13,0,0,0,0,0,1,24,14,26,1,7,108,132,187,155,80,23,0,5,1,3,10,8,6,0,0,8,0,0,0,4,0,2,0,0,0,52,187,241,255,251,252,255,255,250,158,0,8,3,0,0,0,5,15,14,0,7,3,19,0,0,0,29,170,181,255,255,197,170,114,170,155,228,254,56,21,18,12,10,10,13,0,0,15,0,0,2,0,13,4,120,246,247,192,69,17,6,6,0,0,181,255,52,15,0,12,0,0,2,0,0,0,0,11,4,0,2,3,56,255,172,15,13,10,0,1,9,0,208,255,52,0,0,0,0,5,0,0,0,0,0,0,0,0,0,0,15,159,20,0,0,4,12,0,28,195,250,220,20,0,0,11,0,1,0,0,1,0,4,0,0,12,0,0,0,1,7,0,1,0,1,15,158,255,242,106,0,0,9,0,6,0,2,12,0,0,13,1,7,4,0,0,19,17,6,8,19,0,58,233,216,247,155,11,0,24,0,7,0,15,3,0,0,27,0,0,30,2,4,0,0,19,0,0,31,148,241,252,255,204,8,0,14,0,0,0,0,0,1,0,2,2,0,2,12,4,5,4,0,0,5,154,253,255,236,255,136,0,0,9,6,0,15,5,0,0,14,9,0,5,0,3,0,0,0,0,36,100,240,255,241,248,224,64,13,0,6,0,0,12,0,5,1,0,10,2,2,0,11,0,0,0,14,115,206,226,255,255,207,76,23,0,0,4,7,9,0,19,0,38,0,0,8,23,0,0,0,6,0,0,128,255,255,249,228,89,0,0,6,0,0,0,1,6,1,7,0,7,0,0,0,13,0,0,27,12,0,195,243,255,203,71,25,23,0,0,0,0,24,0,0,0,0,0,0,0,4,0,0,14,16,0,0,10,24,255,232,220,24,0,0,0,1,2,0,19,0,0,45,104,102,166,181,203,148,0,18,14,0,3,0,2,0,148,251,243,223,191,169,168,179,164,170,180,228,204,177,246,255,245,235,246,255,0,3,5,2,0,10,8,10,28,251,237,254,250,255,255,249,255,250,241,255,255,247,167,140,147,74,36,9,9,0,0,0,0,0,0,0,19,33,148,255,175,170,162,141,149,144,151,162,10,0,0,8,13,0,12,3,0,0,0,0,7,8,0,27,5,5,0,0,0,0,10,0,1,10,7,0,8,0,0,0,0,15,1,0,0,2,0,0,0,3,0,0,0,17,22,3,4,0,3,0,0,19,15,0,0,0,0,14,0,10,8,0,0,3,10,1,3,0,25,9,13,0,0,9,3,0,0,4,0,8,4,0,4,0,23,0,9,11,0,1,0,0,0,0,16,0,0,11,0,5,0,0,0,0,12,0,5,0,0,12,0,8,0,0,0,0,33,0,0,0,0,6,0,0,5,3,22,6,3,0,9,0,0,0,21,1,0,0,0,0,9,0,16,10,6,0,0,0,0,0,0,0,14,10,2,0,0,13,0,0,0,0,8,0,0,0,14,0,10,0,0,0,0,6,10,0
2,0,5,0,9,0,0,0,2,29,0,0,12,12,0,0,10,13,2,26,3,0,0,0,12,0,12,0,0,2,0,0,0,5,4,1,6,0,14,29,9,5,8,10,0,0,32,0,0,9,0,0,6,8,7,6,0,0,18,29,0,8,0,19,0,9,0,4,0,0,0,0,0,0,0,0,1,2,1,7,10,0,0,5,0,0,12,0,10,0,9,22,0,0,0,0,0,0,0,0,12,0,0,6,0,8,0,0,0,13,2,0,7,0,30,32,0,8,0,0,0,15,21,0,0,0,0,3,10,3,0,1,13,0,22,1,2,0,0,0,0,0,0,24,0,16,6,0,5,0,9,77,158,148,212,246,255,173,107,0,0,3,0,0,3,9,0,3,6,0,0,0,0,0,2,0,0,17,84,246,255,252,255,255,229,235,255,121,171,181,0,0,0,7,4,6,0,0,0,13,0,23,0,8,0,24,120,241,255,75,15,0,0,38,224,255,250,77,30,5,0,0,0,15,0,9,17,0,0,15,3,0,4,16,13,226,255,54,0,0,0,90,255,241,76,15,0,0,6,0,11,15,0,0,6,0,3,0,16,2,0,0,0,54,236,231,29,4,96,255,245,130,9,0,3,43,5,16,5,0,0,0,17,2,0,5,11,10,4,5,6,36,245,241,176,68,240,255,106,0,0,12,12,0,0,0,0,8,2,26,0,0,6,0,0,0,9,31,10,0,93,255,255,240,226,98,16,4,1,0,0,14,18,0,0,0,11,0,3,24,28,0,20,7,2,19,3,15,0,228,239,255,177,0,0,0,0,0,3,14,19,0,7,0,0,7,26,0,12,7,0,0,0,12,0,0,48,246,255,255,69,0,15,7,21,0,4,3,7,0,10,17,0,23,17,12,0,7,17,0,0,0,4,42,245,249,219,241,196,24,9,0,13,4,2,0,0,7,0,0,0,0,0,0,7,8,0,6,0,0,23,223,255,78,7,188,232,119,0,20,0,0,0,0,1,0,0,0,17,1,0,14,0,2,15,1,0,17,188,255,159,0,0,111,242,199,0,0,6,13,0,0,0,1,5,0,0,0,7,9,0,7,27,0,0,180,255,217,32,0,8,0,218,228,36,3,0,0,0,0,0,2,1,8,5,0,0,0,2,0,11,6,0,252,255,97,0,0,22,0,201,244,23,0,2,0,0,14,14,21,2,15,0,16,28,9,7,0,0,0,154,255,89,0,0,0,0,0,79,255,150,0,0,0,2,11,0,0,3,1,15,20,0,0,0,7,14,44,247,175,19,4,1,0,14,14,96,246,68,3,5,0,13,0,0,18,0,0,12,15,0,12,9,0,4,67,251,108,0,0,16,0,13,59,245,211,29,0,1,0,0,3,0,23,14,4,0,8,0,5,0,0,2,61,255,197,42,0,2,2,152,247,255,118,0,9,10,0,27,0,6,6,8,0,13,0,0,0,0,0,0,3,160,244,246,198,255,255,255,216,63,4,7,2,0,1,0,8,0,0,0,0,0,11,0,5,0,9,0,29,33,160,186,255,255,222,108,28,18,0,0,0,0,14,10,15,5,0,0,0,0,0,0,0,0,0,7,0,17,3,4,0,7,13,0,0,0,16,0,0,0,0,12,13,0,2,0,0,0,2,0,19,0,0,10,0,6,0,0,12,0,0,1,0,10,0,5,1,7,13,2,0,21,0,24,0,0,11,8,5,8,0,0,0,0,11,0,0,7,0,21,0,0,0,0,0,0,0,5,6,0,4,6,0
24,0,1,6,1,6,5,31,1,8,0,13,0,0,11,0,0,0,1,0,2,10,0,0,6,0,1,5,20,4,0,21,0,0,15,0,7,0,15,6,0,7,0,0,2,0,0,4,0,0,5,4,0,0,0,0,0,0,3,28,26,0,1,0,0,0,0,21,4,0,8,0,0,0,0,25,11,0,0,0,19,3,24,3,9,6,5,1,0,1,0,6,6,0,19,0,7,7,0,7,0,0,6,0,22,0,0,0,2,5,26,7,0,0,0,0,5,23,0,15,11,0,0,2,7,0,0,3,9,4,0,0,0,5,0,0,0,17,0,22,0,6,15,0,0,19,4,0,0,0,0,16,0,0,7,201,192,0,21,0,0,3,0,2,13,24,11,10,0,1,36,2,0,6,0,2,16,0,0,16,8,0,62,234,225,0,0,0,0,12,0,0,17,0,14,0,1,0,17,7,5,11,0,6,11,15,20,13,15,0,79,239,220,0,0,6,0,0,8,9,14,18,0,0,0,0,4,0,16,7,13,0,1,0,0,0,12,20,215,255,154,0,0,8,0,0,6,6,0,18,3,2,28,0,10,9,13,10,0,33,0,3,0,6,21,128,253,255,67,10,0,0,11,1,11,3,0,0,0,20,10,0,0,0,16,11,0,0,0,0,20,0,98,255,255,245,51,0,0,0,5,17,0,15,0,6,0,18,0,12,8,0,26,0,12,0,20,12,0,44,255,241,216,245,60,1,0,0,5,12,0,0,2,3,0,0,0,14,0,0,6,0,13,0,25,15,52,255,255,40,246,255,24,0,17,0,0,0,0,0,3,0,0,0,0,8,0,0,0,0,16,8,0,38,201,242,44,19,236,231,0,2,5,0,18,0,1,14,1,0,2,0,4,0,0,9,12,18,8,0,13,210,249,76,9,78,255,129,0,0,0,1,6,7,67,94,0,7,16,0,0,0,6,0,12,0,0,14,107,255,122,19,0,192,255,52,18,0,5,0,83,128,205,103,0,0,0,0,1,16,0,0,23,0,0,0,140,253,238,209,184,255,230,103,111,181,208,193,235,215,92,12,2,0,2,0,22,0,0,13,13,19,0,0,19,89,152,229,255,255,249,245,255,212,217,160,0,0,0,0,22,0,32,12,0,5,0,5,0,19,0,2,14,15,4,12,255,193,0,10,14,0,2,2,0,2,0,3,7,17,0,6,10,18,22,1,0,0,7,13,4,24,0,106,243,79,11,0,2,20,0,0,0,0,8,0,13,0,21,0,0,11,26,16,17,28,0,0,11,13,1,188,255,0,19,0,0,14,32,2,0,0,0,0,9,0,0,0,0,0,0,0,0,0,0,0,0,0,0,207,180,0,12,0,0,4,11,0,9,0,4,28,0,0,16,3,0,20,0,2,0,11,0,13,0,0,34,255,107,15,0,0,2,8,2,4,0,6,0,11,6,5,9,4,0,0,0,0,0,7,8,0,4,0,11,248,53,10,1,5,0,0,9,0,10,7,0,5,4,16,0,0,0,0,0,10,28,0,0,0,7,28,58,194,0,3,4,0,24,0,10,5,1,0,0,20,16,0,9,0,0,0,0,3,0,0,5,28,0,9,0,14,0,19,0,0,10,0,15,0,23,14,0,0,15,0,1,20,0,10,1,0,0,0,0,0,0,5,13,0,0,1,0,0,12,7,0,0,4,0,0,7,15,0,1,0,21,0,2,0,0,27,3,0,0,10,16,22,18,8,0,4,0,0,26,0,0,0,11,0,1,0,24,0
0,0,8,0,33,6,5,4,1,0,3,0,0,0,0,0,3,11,0,0,9,7,0,0,5,31,11,0,0,0,0,0,5,7,6,9,6,20,18,0,0,0,3,6,14,0,1,6,0,0,0,0,21,0,11,0,0,1,18,5,0,2,23,17,16,0,0,13,0,0,0,0,1,6,0,7,8,14,0,0,0,0,11,2,3,0,17,0,5,2,12,0,4,0,4,0,0,24,0,0,10,0,0,1,2,0,0,0,3,13,18,12,33,0,0,10,0,18,0,12,2,5,0,4,17,0,0,25,10,6,0,0,22,0,9,0,7,12,20,0,0,10,14,0,18,4,14,15,12,0,1,0,22,16,2,0,17,8,2,0,6,5,3,0,3,0,0,0,0,0,0,21,5,0,26,192,255,237,250,245,227,124,20,22,0,0,8,16,0,0,0,5,0,4,0,0,0,0,0,0,16,13,18,232,250,240,252,255,240,244,255,223,52,0,0,0,0,8,0,0,8,0,0,0,5,0,0,14,8,4,3,129,246,244,255,255,241,237,255,251,242,61,0,12,0,0,1,8,1,22,0,0,0,0,0,0,15,0,0,0,62,97,175,255,240,255,255,248,251,161,7,21,6,0,19,0,0,12,0,0,10,6,12,1,3,0,22,0,0,0,0,163,234,213,223,230,234,243,24,1,0,0,13,1,0,0,2,4,0,0,9,0,18,0,0,0,0,0,23,0,0,0,54,244,241,255,52,2,0,0,0,0,0,5,0,1,4,8,12,4,29,0,11,0,0,4,0,0,0,31,82,255,255,255,58,9,0,0,3,3,0,0,0,0,27,23,4,0,5,0,0,0,26,2,14,0,3,0,78,249,253,255,63,0,0,0,0,11,4,0,0,3,0,0,0,0,1,3,0,0,17,7,3,7,0,0,63,245,249,238,90,13,7,0,18,8,28,0,0,0,0,20,12,0,0,13,1,54,174,183,171,192,203,171,212,248,255,247,214,174,180,201,31,26,2,0,0,11,14,13,6,0,27,8,16,68,255,255,244,245,250,255,255,244,255,240,255,240,255,244,155,4,0,0,0,8,0,4,0,1,0,0,0,16,179,245,255,242,249,248,255,241,255,242,255,255,245,225,45,0,0,0,0,0,5,0,4,11,2,11,0,0,30,19,197,255,217,252,255,255,243,148,45,48,53,21,0,19,4,7,0,8,0,15,0,30,0,0,0,0,0,0,107,91,11,87,241,253,227,47,3,26,0,0,0,6,0,0,0,0,1,7,0,2,16,12,14,17,0,0,26,20,0,163,250,247,253,43,0,21,14,31,8,23,0,0,0,0,5,6,15,19,0,0,3,5,3,0,0,0,0,178,243,240,240,61,43,0,0,0,0,6,0,0,0,0,0,0,0,0,0,0,0,0,7,19,0,0,41,237,242,247,252,32,0,0,0,13,9,0,0,0,8,0,0,3,26,0,0,0,10,0,29,5,30,0,23,226,255,251,232,37,3,4,0,0,18,6,9,2,6,10,16,13,18,0,8,10,0,0,3,0,0,9,24,169,255,255,126,0,10,0,11,0,0,5,16,0,0,0,0,18,11,0,22,33,0,1,26,0,0,15,0,105,164,35,8,2,10,7,0,3,10,0,6,0,16,3,4,0,0,0,16,4,0,23,16,0,4,16,0,7,9,0,6,5,15,0,1,1,0,0,0,16,2,0,0,0,0,0,0,2,0,0,0,1,15,0,27,3,12,0,0,1,0,0,19,0,15,13,0,5,0,4
0,0,0,0,14,1,0,0,5,0,21,1,12,3,27,10,0,0,0,20,0,7,12,16,0,0,0,0,0,11,0,0,0,0,2,4,0,0,1,0,0,32,0,9,7,0,0,33,0,0,3,0,0,3,10,2,0,0,12,19,0,10,0,4,0,0,0,0,0,0,20,7,0,3,4,11,8,0,0,8,0,0,0,0,0,11,20,0,1,0,0,1,0,4,0,4,0,12,0,0,7,17,0,13,0,0,0,0,0,0,3,6,0,0,0,3,0,0,10,3,0,7,0,0,21,210,206,6,0,0,0,0,0,5,15,0,0,0,0,4,26,18,0,13,9,0,0,0,23,7,0,1,0,207,255,40,0,21,0,0,0,17,0,17,5,0,0,0,3,0,5,0,4,20,0,18,0,26,0,8,9,185,255,106,0,0,0,0,0,0,4,1,0,33,4,2,22,0,0,0,0,0,28,0,0,12,0,9,20,206,255,120,0,9,0,7,0,0,2,14,5,0,27,0,0,0,1,0,12,0,0,9,0,4,3,5,13,175,255,145,0,3,15,11,4,0,9,0,10,0,14,0,0,9,1,0,1,0,0,0,6,0,0,15,6,165,233,116,3,0,1,0,0,0,0,0,8,0,3,4,16,10,0,9,0,0,0,0,0,0,0,0,8,216,255,120,17,3,0,17,0,1,0,0,1,2,0,7,0,4,31,0,0,0,0,4,14,15,4,0,52,251,255,175,10,1,0,14,12,5,1,1,0,0,8,0,0,0,2,0,25,16,7,9,0,0,0,2,33,215,245,222,0,0,4,3,30,30,0,0,11,3,0,1,5,0,0,0,6,0,0,19,8,7,4,0,0,192,226,245,15,18,0,0,0,20,2,7,0,0,0,8,0,0,0,0,7,0,0,0,32,0,0,12,20,172,255,199,2,7,9,14,0,0,1,0,0,0,0,0,0,3,0,5,13,0,13,4,0,0,5,0,44,255,255,216,0,0,0,11,0,4,13,0,12,0,0,11,6,9,0,0,0,0,0,7,0,11,0,0,52,232,254,165,18,0,0,13,0,1,0,0,15,8,3,2,0,0,0,0,0,30,2,0,3,0,8,4,26,237,255,120,0,3,3,2,0,2,39,0,0,13,0,1,6,4,0,12,0,0,11,17,0,0,9,0,70,255,254,189,0,7,6,1,0,0,13,0,0,3,7,11,5,5,28,0,0,14,0,0,12,5,29,0,18,182,255,230,35,14,4,0,0,12,12,0,4,0,0,20,0,7,1,0,26,11,0,3,0,0,9,0,0,58,255,242,182,0,0,0,25,15,0,0,0,9,8,0,0,9,0,0,0,24,0,0,0,0,0,0,0,0,223,243,177,0,17,0,0,0,9,0,0,13,0,0,17,3,16,0,5,8,0,9,8,11,17,2,4,2,213,255,202,0,0,8,2,12,25,3,4,10,0,14,0,5,2,0,13,15,4,11,5,10,13,0,0,0,56,255,120,6,0,3,6,0,0,0,0,16,7,6,0,0,6,0,0,0,1,0,0,0,0,5,0,1,0,2,14,20,3,0,0,0,3,0,31,0,0,3,0,0,0,1,2,10,0,0,0,13,0,3,0,3,0,0,2,3,11,0,0,0,0,12,15,0,7,8,0,0,0,0,1,0,14,0,3,12,0,0,15,0,1,6,17,1,0,0,1,0,0,0,14,0,0,14,19,0,5,0,22,0,0,0,0,0,0,0,2,10,3,2,20,0,0,0,7,0,0,7,19,14,4,0
0,0,11,10,0,17,8,0,0,4,1,13,0,0,0,4,26,37,0,3,0,0,0,15,5,0,3,0,0,0,7,0,4,0,8,0,18,0,0,0,3,12,0,0,0,0,0,0,0,11,0,21,0,0,5,4,1,0,0,4,4,7,0,0,0,15,0,10,0,0,23,0,0,7,5,4,0,0,2,7,0,18,5,2,13,3,0,0,18,0,27,0,0,0,8,0,0,0,0,28,0,0,4,3,0,0,10,15,9,0,23,0,0,3,0,3,10,0,1,0,0,0,4,0,7,0,4,0,0,9,20,0,0,13,0,23,0,0,0,0,0,12,16,7,18,0,0,0,15,0,0,0,6,8,0,0,4,2,0,1,0,0,0,34,0,6,0,0,0,1,7,0,12,2,1,0,6,71,105,80,115,161,117,30,6,0,34,0,0,0,8,7,0,0,0,0,0,0,0,0,8,5,11,123,201,226,240,158,198,164,166,249,122,5,0,6,0,11,23,0,0,0,12,0,0,20,3,0,0,24,208,255,166,45,14,0,34,0,20,77,175,160,21,1,0,0,0,0,9,14,0,0,3,0,0,17,10,156,250,160,7,0,5,0,0,7,0,0,0,180,137,0,9,0,0,1,0,9,8,0,0,11,0,0,0,230,132,3,0,0,0,11,9,0,0,28,0,16,223,68,0,0,5,14,2,0,0,0,0,0,19,0,0,239,102,30,5,0,22,17,0,11,7,14,6,0,153,148,35,7,17,0,2,25,12,0,6,0,0,3,28,122,28,28,0,0,0,0,9,0,0,13,0,0,143,136,5,3,0,12,0,0,8,25,3,3,0,0,9,1,0,0,0,8,4,0,0,2,6,17,0,17,169,124,0,6,18,19,0,0,0,0,1,0,7,5,1,0,10,13,7,0,0,5,14,0,0,16,0,6,217,101,19,0,5,16,1,12,12,0,13,3,15,8,18,4,0,20,0,0,7,0,26,201,203,230,226,158,176,15,8,0,0,0,0,31,0,17,3,0,0,10,0,0,0,3,8,0,23,205,249,119,141,205,255,249,152,0,6,0,0,0,0,3,11,0,0,0,12,9,7,4,0,8,0,6,129,254,156,0,0,118,231,188,243,129,0,0,8,18,16,0,0,0,19,3,0,0,3,0,0,0,0,47,244,252,8,10,86,196,55,8,68,209,193,23,2,6,13,23,0,11,0,0,4,4,19,8,10,0,0,0,220,246,50,179,196,0,4,1,12,116,202,167,83,0,22,18,4,1,20,0,0,2,0,11,27,9,0,11,62,255,255,133,8,0,5,11,0,0,0,67,148,64,0,10,0,0,0,5,4,0,0,16,0,0,0,0,0,6,31,0,8,0,25,5,0,0,2,10,47,155,137,8,0,1,18,0,3,2,12,1,8,25,8,0,1,0,0,14,0,15,4,0,0,4,4,0,0,0,5,0,0,6,2,7,0,0,0,0,6,0,0,0,12,8,0,0,0,0,11,0,20,29,13,21,0,0,0,0,0,0,16,0,0,0,4,0,16,2,0,0,13,0,5,15,6,14,4,0,17,0,0,0,0,0,23,7,9,9,5,6,6,0,2,15,0,0,0,0,0,0,12,6,0,0,7,0,20,2,14,11,12,0,0,2,11,19,0,0,5,0,9,20,12,0,0,5,0,7,13,0,0,0,0,0,26,0,0,12,0,0,4,0,0,3,0,0,0,5,20,0,1,0,8,7,14,0,10,4,0,0,0,0,0,23,0,0,9,12,0,19,0,11
21,0,0,0,12,12,4,12,23,5,0,20,0,19,0,22,0,0,0,8,0,0,0,4,0,7,3,27,0,0,0,0,18,5,17,17,14,0,0,12,0,0,0,0,0,0,4,0,0,17,16,8,0,13,0,3,16,16,0,0,1,0,6,6,0,5,13,8,0,0,21,0,0,0,14,16,0,10,0,0,7,14,0,10,0,0,35,4,22,0,7,6,6,35,0,1,14,0,16,0,0,0,10,0,20,0,6,0,4,0,11,1,0,0,0,0,0,2,4,0,13,24,0,8,6,6,15,0,8,8,0,6,0,9,0,0,13,0,0,5,0,0,13,5,15,9,0,3,0,19,43,0,0,7,0,179,219,40,0,0,16,13,0,0,1,8,15,0,0,8,0,0,0,0,3,0,41,255,205,22,12,0,8,163,246,132,3,13,0,0,0,5,0,0,0,0,0,0,0,0,0,2,11,0,114,255,255,138,0,10,16,175,230,224,0,7,1,4,0,0,6,8,3,14,0,0,3,10,0,0,0,0,126,237,244,102,0,25,0,207,255,226,0,6,0,16,0,6,8,13,2,0,6,28,0,3,0,0,0,0,108,255,255,93,10,0,17,228,246,213,0,0,5,9,2,0,19,0,2,18,5,24,2,0,0,1,17,5,97,227,255,80,0,0,16,177,249,210,19,13,0,0,0,18,0,8,4,0,0,21,6,0,0,9,0,6,91,255,250,23,2,0,10,232,255,180,17,28,6,0,0,0,0,0,0,8,0,0,0,5,0,7,13,0,121,255,243,75,2,6,57,255,255,148,0,0,62,22,0,0,9,0,3,31,5,23,0,0,10,17,5,0,71,252,255,247,200,154,180,238,255,254,246,251,241,54,0,6,0,0,5,1,0,0,0,15,0,0,9,0,21,246,239,245,255,255,242,254,253,232,250,197,87,0,0,0,0,0,8,0,0,19,0,0,15,0,11,7,0,0,114,164,240,252,253,253,255,171,86,14,2,3,0,0,0,9,10,0,17,0,7,12,0,15,0,0,14,0,1,7,12,0,255,255,255,10,0,6,12,7,0,8,5,22,0,5,0,15,0,1,0,0,20,8,22,0,9,0,8,51,255,246,154,13,0,6,0,0,10,5,0,6,0,10,1,0,0,5,24,19,0,4,0,0,4,0,6,110,242,251,138,0,0,7,0,19,0,4,6,25,0,0,0,8,8,0,0,1,10,6,0,0,15,24,40,224,255,239,20,0,0,12,2,0,2,0,0,9,1,0,16,6,0,0,3,0,0,12,0,0,0,0,142,250,244,255,27,0,0,0,15,20,0,0,0,7,0,22,0,19,1,0,0,0,0,0,3,0,0,0,199,249,241,175,30,0,8,20,0,0,31,6,0,0,11,24,0,24,22,26,0,0,15,2,13,11,0,31,230,249,230,243,134,0,10,7,1,5,0,0,0,0,10,0,15,17,0,12,0,4,8,0,0,0,0,25,212,252,255,180,45,9,0,0,0,14,14,0,0,28,4,0,0,0,0,0,21,9,0,0,0,0,0,13,59,196,176,2,0,1,0,0,9,8,0,12,0,0,3,13,0,4,8,0,6,0,3,9,0,16,26,0,0,7,0,0,8,20,2,8,25,0,11,6,0,0,0,15,8,9,0,0,26,0,11,0,3,0,0,0,4,0,22,27,0,7,6,11,2,17,18,8,11,0,17,0,11,8,0,0,6,20,0,0,9,6,22,0,2,15,21,22,0,0,0,9,0,0,0,10,0,0,0,0
0,0,0,6,0,0,0,0,0,0,0,0,0,6,0,0,2,0,12,0,12,2,26,21,0,6,3,6,3,10,28,10,12,0,0,0,0,0,0,0,3,0,14,31,4,0,0,0,0,0,0,14,8,0,8,10,2,3,6,0,0,0,24,5,0,0,9,21,4,0,7,0,0,3,0,5,13,9,0,8,7,0,0,0,21,0,0,5,0,2,0,12,8,0,9,10,0,4,0,0,0,13,0,0,0,20,0,4,1,6,8,2,17,0,0,0,29,15,0,0,1,0,0,0,28,0,6,13,0,0,0,0,0,17,5,0,17,0,0,0,7,19,0,0,14,0,0,2,36,252,238,255,244,255,255,246,252,239,130,32,0,7,0,0,11,3,0,2,10,14,10,8,24,0,5,17,208,255,252,242,255,255,249,227,237,255,240,248,180,93,0,0,0,0,3,18,0,7,0,0,3,0,0,162,255,255,236,130,221,255,199,17,12,42,85,165,246,226,141,0,0,14,0,0,2,25,3,0,0,0,0,232,239,97,0,0,70,252,127,4,0,9,0,32,42,207,250,120,2,4,16,8,0,1,5,0,0,0,92,228,217,0,0,0,18,207,158,0,5,14,0,17,0,25,166,247,127,8,26,27,10,0,0,19,0,21,167,255,127,0,6,17,8,144,25,12,21,29,0,15,2,0,8,227,236,0,6,0,0,0,0,6,7,11,246,255,181,4,26,17,0,17,0,8,0,3,2,24,0,11,27,182,247,89,10,18,4,0,3,1,3,0,233,255,110,18,0,7,8,0,0,4,13,3,0,0,0,8,0,92,238,183,0,0,0,6,0,16,8,0,242,255,94,10,0,9,0,0,0,0,11,0,11,0,0,0,5,98,255,255,11,20,0,0,0,0,2,0,255,247,111,0,0,6,4,1,4,5,0,0,0,5,18,0,6,101,250,242,0,7,0,0,0,0,0,5,244,246,104,0,0,0,8,1,0,0,0,0,0,0,0,0,28,117,255,129,1,0,0,0,0,0,19,4,244,255,115,26,3,0,7,13,1,0,16,0,0,6,0,0,20,203,239,122,16,9,11,0,0,9,0,33,223,245,188,2,4,0,5,5,0,0,13,0,3,0,0,16,49,237,235,0,7,0,7,0,0,4,5,6,104,243,235,24,0,0,0,16,13,9,0,6,16,0,0,6,157,255,124,7,3,15,0,0,7,13,0,3,9,173,255,173,0,15,0,6,0,0,10,6,8,9,0,109,251,177,5,0,0,0,2,5,0,8,10,0,0,114,255,216,76,21,12,0,16,0,13,10,0,38,157,244,233,26,7,0,7,0,3,11,0,0,0,17,0,14,132,255,235,96,0,1,0,2,9,30,148,232,245,199,27,14,6,3,0,0,22,9,0,0,0,5,14,0,8,137,253,235,218,170,109,108,215,234,241,244,151,28,0,0,12,0,11,3,4,0,2,10,0,14,0,18,3,21,120,208,238,255,255,251,255,246,158,24,0,3,10,14,11,9,32,4,0,0,0,8,0,0,4,0,0,0,0,57,157,146,137,105,144,51,3,5,0,20,0,16,0,0,10,10,9,4,0,20,0,0,0,3,0,5,0,0,0,13,0,14,0,7,0,35,18,0,0,21,14,0,0,18,0,10,0,0,0,19,0,0,0,0,0,0,0,0,0,0,0,0,0,0,0,17,0,0,0,17,3,0,0,17,0,0,1,0,0,6,0,0,10,17,7,0,3,6,15,0,0,0,0,0,9,0,0,0,0,0
0,26,4,11,0,0,1,0,0,20,2,13,1,0,0,0,3,0,1,2,30,11,0,17,0,3,7,0,9,9,0,0,0,0,5,0,0,28,0,0,24,0,0,0,12,5,0,16,3,0,9,0,0,30,0,0,4,0,6,10,0,0,24,0,17,8,0,4,0,0,15,0,11,3,0,19,6,2,2,2,10,0,0,21,0,0,0,0,0,0,8,21,9,0,1,19,156,255,179,31,0,0,19,10,0,14,3,0,0,5,5,4,10,0,16,0,1,0,5,16,5,29,0,198,240,233,255,232,87,3,0,0,0,0,0,0,9,12,0,0,27,0,13,2,12,9,35,0,18,0,123,255,240,166,244,255,225,86,10,0,9,0,4,0,11,18,0,14,16,10,0,0,3,0,5,0,0,0,143,230,131,0,108,254,239,244,6,24,0,0,8,1,0,6,0,3,0,9,0,0,0,6,0,0,14,1,141,199,30,0,0,158,255,255,0,0,19,14,0,0,0,0,0,3,0,6,0,2,6,0,6,10,10,0,0,0,13,0,0,106,236,247,0,0,0,0,23,0,9,0,8,2,25,7,0,0,0,0,18,5,0,0,23,0,0,0,4,62,253,252,6,0,0,0,0,12,4,9,0,2,15,0,0,0,0,0,10,0,7,16,0,9,19,6,0,103,238,246,0,0,0,2,19,0,25,5,0,0,9,0,0,3,0,0,1,0,3,3,0,0,3,0,0,174,255,170,0,0,0,0,0,0,19,0,0,11,0,30,0,0,4,0,0,0,0,0,12,0,0,11,23,232,221,30,0,2,0,4,5,0,0,0,24,0,0,0,0,0,0,17,11,0,0,26,22,0,27,8,205,255,186,0,0,0,0,6,14,3,0,11,7,1,0,4,0,0,11,13,23,2,20,0,0,3,0,146,238,245,126,0,0,0,13,12,6,2,44,0,0,0,0,11,11,10,5,0,22,7,0,0,5,1,113,255,251,99,5,0,9,0,4,2,0,16,0,0,15,7,2,0,15,0,16,9,10,3,0,15,9,134,255,238,120,12,0,6,9,0,10,0,5,0,3,18,4,11,10,20,0,13,4,18,9,0,0,0,157,234,250,170,5,0,8,9,0,0,0,2,0,18,4,0,1,0,0,24,5,2,0,0,0,0,16,35,242,255,189,0,1,0,0,0,24,0,0,40,131,205,53,0,12,0,0,0,5,0,0,0,36,0,134,251,226,138,0,0,4,30,8,66,137,158,251,250,165,39,0,25,0,0,5,5,0,0,0,0,24,123,255,229,244,77,97,164,174,214,253,244,255,206,178,53,6,1,0,1,0,28,0,17,0,1,0,3,0,182,240,237,251,252,255,255,255,200,189,79,58,25,6,3,1,0,0,22,0,0,2,0,0,0,0,1,0,31,156,186,123,109,72,24,6,4,3,10,5,0,13,0,4,0,0,0,0,3,16,0,19,0,0,20,3,8,0,0,0,11,0,0,30,0,0,17,6,0,0,0,0,12,9,0,0,13,0,0,0,4,0,3,0,0,0,1,13,8,9,22,16,8,6,35,8,0,10,0,0,0,3,0,5,0,4,2,36,9,15,0,0,0,0,0,8,0,0,23,9,11,0,0,14,0,0,2,22,13,0,0,0,12,5,0,12,0,17,8,0,0,0,0,9,0,0,0,18,0,28,5,0,10,0,0,8,0,0,10,0,0,0,0,0,0,0,0,13,0,0,11,9,24,0,0,2,4,4,9,0,15,0,22,27,0,36,0,13,26
27,0,24,5,6,7,11,0,0,9,0,0,17,0,2,1,0,1,0,13,5,0,0,0,0,3,0,7,0,10,14,23,0,0,0,1,4,0,0,6,0,0,0,0,0,0,0,0,5,2,0,4,19,0,14,20,0,16,12,0,19,7,0,7,0,0,11,6,8,2,0,27,5,0,4,0,34,13,9,8,0,0,6,9,0,0,26,0,21,0,0,0,6,17,1,0,8,0,0,10,21,0,26,0,1,8,10,5,0,9,0,0,0,0,0,28,2,0,20,0,0,8,0,4,15,0,0,3,17,0,5,0,6,9,6,0,0,9,0,13,0,0,0,10,0,19,0,0,1,0,0,15,11,0,0,12,2,6,0,0,13,4,9,0,0,1,12,0,0,0,1,0,22,31,1,2,0,0,6,4,22,34,83,155,190,240,59,11,0,12,18,0,0,0,0,22,3,0,15,2,0,0,1,0,2,0,9,27,93,237,249,249,255,255,75,1,0,17,0,0,0,6,7,5,12,0,16,0,16,0,2,8,232,251,249,255,255,253,219,104,159,255,130,0,0,2,38,17,0,9,26,2,0,0,0,0,0,19,0,10,204,255,255,194,121,60,2,0,173,237,128,20,12,0,3,8,9,9,0,0,0,0,0,0,14,0,1,6,7,31,14,0,0,9,0,2,177,241,81,0,15,0,0,0,0,27,6,0,10,0,10,0,0,9,0,18,15,15,13,4,0,0,0,33,255,170,0,0,0,2,20,5,0,0,0,15,0,0,0,10,0,0,0,1,0,10,0,16,16,0,3,167,236,106,8,11,0,4,0,0,17,0,0,29,0,0,0,0,0,0,0,0,0,30,21,0,0,0,0,238,255,62,0,0,0,8,0,0,0,0,0,0,0,11,0,0,10,0,0,0,6,0,0,0,9,23,64,251,249,65,12,11,15,17,0,0,1,0,0,12,0,12,0,10,0,0,0,14,0,60,137,148,204,251,255,252,255,255,227,143,0,3,0,5,0,0,0,3,14,0,0,0,0,0,0,0,37,240,255,255,254,245,244,255,255,198,41,0,0,0,5,0,0,0,0,0,5,0,0,20,0,0,12,35,20,153,210,225,206,209,237,255,62,14,5,0,6,0,7,7,0,0,1,17,12,5,22,9,0,0,8,8,18,13,0,0,1,62,255,244,20,0,0,0,3,6,0,0,0,18,0,27,0,0,17,6,1,0,10,0,12,0,12,0,13,59,238,214,0,0,16,4,0,17,7,7,0,0,0,7,0,6,10,4,2,0,17,0,0,10,0,22,8,127,255,148,0,0,0,0,0,0,5,9,0,3,3,5,13,17,23,16,0,0,0,0,0,2,3,0,0,169,255,114,5,0,0,8,0,0,0,4,8,11,0,7,19,21,0,0,0,1,0,0,0,0,15,0,0,237,225,31,0,0,0,0,0,15,1,11,10,0,1,21,0,0,1,17,7,0,7,25,0,0,1,17,55,251,255,22,0,17,5,15,3,0,0,10,0,5,0,5,0,0,17,0,6,7,4,0,0,5,0,16,124,251,253,0,0,0,0,0,8,19,14,18,0,0,2,19,0,0,0,3,0,12,0,12,0,8,13,13,80,227,131,0,0,0,0,2,0,6,19,0,8,0,14,16,8,0,5,3,0,4,0,14,31,5,0,7,3,0,0,5,0,3,0,8,0,0,8,0,0,0,1,4,0,1,12,0,0,4,0,0,0,7,4,0,0,0,0,15,1,0,7,12,0,0,0,4,2,11,0,0
13,22,0,11,0,2,9,0,7,0,0,0,0,0,0,0,0,5,10,11,0,8,0,2,7,0,0,13,2,0,0,0,0,13,12,0,12,29,2,0,0,0,12,0,0,0,5,0,8,10,0,0,20,4,0,0,15,1,11,22,0,0,0,0,0,6,2,3,15,19,2,20,0,0,3,0,13,0,0,2,0,0,0,1,0,0,5,0,0,6,0,0,0,1,0,0,0,24,0,15,14,3,0,3,1,3,0,0,18,25,0,1,0,15,0,0,0,0,2,9,0,19,11,0,0,4,0,0,16,19,0,15,0,0,1,10,6,0,18,18,0,20,0,0,0,13,9,0,0,0,9,7,12,13,0,23,15,26,8,7,138,201,0,0,17,0,0,0,0,0,8,5,0,15,15,0,0,10,0,0,0,0,10,4,12,0,86,192,234,210,0,0,17,4,17,0,4,0,0,0,0,5,1,2,87,210,132,0,9,8,10,0,0,0,156,234,236,71,11,3,0,0,12,0,8,11,4,23,9,27,11,98,255,242,185,7,0,4,22,0,10,0,235,247,249,19,4,0,1,14,7,0,0,22,0,0,0,0,1,98,255,237,212,10,0,3,0,11,7,162,245,255,255,0,0,5,0,20,12,0,0,14,19,2,2,0,3,114,255,255,227,5,0,0,0,0,73,255,238,255,142,15,3,0,20,0,0,0,8,7,11,0,0,10,1,103,255,255,177,8,0,10,0,0,160,221,243,189,30,17,0,0,0,0,0,0,0,9,0,0,13,31,12,84,255,255,255,48,0,2,1,58,235,255,222,196,9,0,0,0,15,0,32,0,0,0,0,5,1,0,3,14,255,232,246,177,4,16,22,215,239,236,255,63,0,0,0,0,0,0,0,0,0,1,0,15,0,11,0,0,238,255,255,255,202,50,110,251,249,250,140,19,0,14,0,7,0,13,0,14,0,0,0,14,0,1,11,0,58,228,255,240,255,252,253,255,251,250,62,25,20,6,7,4,0,0,25,21,24,17,0,7,0,0,0,0,8,140,255,227,255,239,255,225,238,140,9,5,0,9,24,0,0,15,0,0,0,19,0,18,0,0,0,22,3,1,111,199,252,255,232,247,237,61,0,5,0,5,22,4,5,0,11,0,0,0,10,0,15,0,0,8,7,0,0,0,16,187,255,247,178,1,0,17,0,0,12,0,5,18,5,0,0,0,1,12,2,0,7,0,0,0,17,21,54,246,255,255,70,6,23,10,0,7,0,0,0,0,0,0,0,0,7,0,1,0,11,0,6,0,26,0,197,239,252,242,59,4,6,0,6,0,4,6,7,0,0,3,0,0,3,0,0,13,2,0,38,6,3,22,255,238,255,228,36,0,0,0,2,0,0,0,0,9,0,0,0,8,8,4,0,0,33,29,0,10,0,0,234,252,244,255,226,186,24,0,1,1,3,0,0,15,0,3,12,4,0,0,0,0,14,0,10,1,0,0,244,255,243,255,232,119,5,8,24,23,0,10,10,15,16,0,0,0,0,24,8,0,0,5,4,0,4,0,208,248,164,29,70,7,0,7,0,0,0,0,0,0,11,0,0,3,16,1,10,0,2,0,12,13,0,18,0,0,0,0,0,0,1,0,0,0,12,2,7,17,0,0,0,0,0,0,0,0,4,9,15,15,0,21,9,0,3,0,13,0,3,0,12,0,15,0,24,0,0,0,0,0,0,26,8,0,4,0,0,1,9,0,13,17,6,0,7,0,0,3,0,6,9,9,25,0,28,8
7,0,0,0,0,0,17,6,0,0,18,1,0,0,0,3,3,0,9,0,6,10,17,1,24,0,3,11,0,0,0,9,0,5,30,9,13,8,0,2,3,6,6,0,0,0,0,2,0,12,8,0,12,0,0,5,0,19,1,0,0,6,12,0,16,3,5,13,0,3,0,3,15,0,9,16,1,0,0,8,0,0,3,0,0,0,0,12,1,7,0,9,6,12,0,7,3,9,15,6,13,3,0,0,0,0,0,11,10,16,15,0,8,40,11,17,0,0,52,186,255,248,247,251,255,213,84,21,12,0,0,0,0,0,9,0,0,0,0,0,13,0,0,8,0,24,223,206,87,79,71,142,160,253,255,190,0,0,28,0,5,0,0,6,0,0,0,0,0,0,30,0,0,131,122,0,14,0,3,0,8,35,229,238,64,9,0,16,3,20,14,14,0,5,0,24,0,0,18,0,11,30,9,0,0,0,7,20,1,0,181,233,67,15,20,31,10,0,20,1,0,0,10,1,9,19,0,2,0,0,0,0,0,0,0,0,0,28,246,225,0,0,0,0,0,14,0,0,5,2,2,0,7,12,0,0,3,0,3,0,15,0,0,0,10,159,246,128,16,0,1,1,11,4,21,16,9,21,0,0,0,11,0,4,0,0,0,0,9,0,5,19,77,255,215,0,3,12,0,19,0,0,0,39,20,0,14,23,5,25,19,0,2,2,0,21,0,8,17,54,255,193,18,11,6,0,0,0,25,3,8,0,0,16,32,0,18,0,15,0,0,2,0,3,0,11,7,101,241,176,0,0,1,26,6,0,0,0,16,0,3,0,0,0,0,10,3,24,0,14,0,0,0,0,0,0,161,255,169,22,0,23,0,2,7,10,2,0,0,0,0,11,14,2,0,8,3,7,0,1,0,10,0,0,0,120,255,165,78,0,3,0,0,7,0,5,0,0,8,6,0,0,3,0,11,0,0,6,0,0,0,26,9,0,46,213,239,127,10,21,0,0,11,2,0,13,2,0,28,0,0,0,13,0,12,0,0,0,0,0,2,0,0,0,154,255,255,69,0,6,10,11,22,18,23,10,0,0,12,15,10,0,2,0,3,26,3,0,5,18,0,0,19,128,246,229,37,0,10,10,4,0,4,17,0,0,13,0,1,0,22,0,0,0,0,1,0,13,10,0,9,13,88,255,188,0,0,5,0,7,22,0,0,0,8,20,0,0,11,0,11,0,24,27,3,1,0,11,2,0,104,245,196,19,0,0,0,22,0,0,0,12,0,0,19,10,0,2,4,0,0,1,21,11,0,9,29,185,246,255,162,28,5,0,4,22,24,16,0,0,10,0,7,21,0,1,21,0,0,0,0,35,119,235,255,241,240,84,0,8,0,2,18,5,3,0,0,7,10,14,0,0,7,199,193,171,151,170,217,251,255,255,204,126,13,0,0,3,0,18,0,0,0,0,0,0,0,0,23,5,0,136,255,252,255,238,198,151,114,84,0,1,2,0,3,0,19,3,0,0,25,10,0,1,0,2,4,6,6,0,0,0,5,2,14,9,11,0,5,4,4,13,0,0,0,0,0,2,0,0,0,0,0,0,0,0,2,14,5,3,0,7,14,1,0,23,7,0,0,0,8,0,0,6,0,0,20,3,0,10,7,0,0,11,7,0,24,15,0,0,26,0,8,24,0,0,8,0,8,0,12,0,1,0,0,0,19,4,0,11,3,15,0,4,0,0,0,0,15,28,0,23,0,19,0,0,11,0,13,27,0,3,5,0
0,13,0,0,5,5,0,0,19,8,8,19,14,8,0,8,0,2,8,0,0,0,1,0,0,15,0,0,5,4,4,0,0,12,17,18,0,31,0,5,22,0,7,8,20,2,4,13,0,0,4,18,0,0,16,0,0,7,0,22,0,13,9,5,12,0,12,0,1,21,0,0,0,9,12,4,7,9,10,5,3,0,10,0,0,0,0,4,14,41,0,8,0,0,0,0,0,16,0,17,2,13,20,9,0,0,10,0,0,0,0,1,1,0,11,19,0,0,0,0,0,2,19,33,141,246,225,106,41,0,6,0,6,0,2,20,0,1,11,0,13,0,5,0,0,0,0,0,6,0,47,233,253,198,214,255,209,13,12,9,3,4,3,0,0,9,0,0,10,0,0,0,0,0,0,0,25,28,224,255,83,0,0,178,255,99,5,19,0,0,17,0,2,0,18,0,28,8,9,0,4,0,5,0,12,160,212,31,21,0,1,10,207,161,0,0,0,0,15,14,0,0,11,10,23,10,3,0,26,0,0,15,10,151,249,80,2,0,0,23,244,157,2,14,15,9,0,0,1,16,0,0,0,0,0,0,10,0,7,0,0,0,3,16,0,9,8,36,255,170,0,7,0,1,12,0,0,0,0,0,0,0,0,0,19,8,0,0,2,4,6,0,0,0,0,123,245,106,0,0,10,0,0,0,0,21,0,0,0,1,0,12,27,0,15,0,0,8,22,0,24,21,0,224,255,25,6,0,23,8,0,0,0,8,10,16,0,9,1,0,0,0,0,2,0,3,0,25,80,89,227,229,141,7,0,0,0,0,0,5,0,0,5,8,15,23,5,0,40,6,1,11,0,16,114,255,255,255,255,255,227,143,13,0,13,13,0,16,0,0,0,0,0,4,7,4,0,8,13,0,0,0,161,255,241,255,176,75,164,255,227,32,0,0,1,10,5,20,7,0,19,36,5,0,5,24,0,11,25,4,124,185,182,66,19,0,3,46,218,207,38,18,0,5,0,0,0,11,0,0,2,3,9,15,11,11,0,0,0,0,0,6,0,4,0,0,69,254,85,0,1,1,1,9,0,0,0,0,0,0,0,0,0,4,0,29,0,9,16,0,0,4,16,4,3,211,160,24,0,8,0,0,1,5,12,4,0,1,11,0,4,13,0,7,14,35,0,8,0,10,10,26,27,255,188,8,0,5,15,6,5,0,7,1,3,0,0,0,6,16,0,3,35,0,0,0,0,11,0,0,195,255,95,15,0,3,7,20,22,4,16,0,0,18,12,8,0,0,19,86,51,3,2,0,0,2,0,194,255,142,17,21,0,0,0,0,0,15,0,0,0,0,10,0,7,0,0,152,255,180,2,11,0,72,215,249,168,0,0,23,0,0,0,0,2,6,0,8,5,2,3,1,27,0,18,0,136,255,247,255,231,229,255,122,0,0,0,0,1,19,0,0,0,0,0,26,0,12,0,22,0,2,8,5,0,63,196,252,222,118,28,4,0,0,1,10,1,0,0,21,0,15,1,0,21,0,0,14,0,0,0,0,3,0,0,23,0,10,9,2,6,0,6,8,14,32,0,6,0,1,0,0,9,1,13,0,6,13,9,0,12,7,7,0,0,7,0,0,0,8,0,0,19,10,0,0,7,0,0,2,0,0,39,23,8,21,1,0,0,2,0,20,0,3,0,26,0,20,3,0,9,4,0,0,0,11,0,0,9,3,15,19,11,23,10,6,0,5,0,10,0,3,1,25,2,0,0,1,0,0,21,23,0,2
25,7,7,0,0,10,0,10,2,19,37,6,18,20,0,22,9,15,20,1,13,2,0,0,35,19,0,7,0,4,15,0,0,0,0,13,0,0,9,4,0,0,0,9,0,9,0,0,6,18,0,22,8,0,0,6,0,0,18,0,0,0,17,0,0,0,0,0,0,0,13,24,16,0,0,7,17,1,0,7,5,4,0,4,0,21,7,0,0,26,0,0,1,2,9,6,0,0,0,11,0,5,17,16,0,0,0,1,25,12,6,13,6,0,0,0,0,20,11,28,0,10,176,255,238,238,230,255,106,123,48,4,0,1,24,18,23,13,7,0,5,0,18,0,5,0,12,0,3,145,255,237,255,255,243,255,255,227,236,60,30,3,0,0,12,0,8,0,0,15,6,9,0,8,6,0,49,255,255,255,233,255,255,255,255,255,237,255,55,12,18,0,16,0,0,21,1,23,0,0,9,0,13,7,181,248,255,255,248,247,255,249,255,253,255,254,255,113,4,13,0,0,28,19,0,6,0,0,0,18,11,50,255,255,255,243,255,255,236,241,245,255,248,255,255,172,12,0,6,10,0,0,1,0,10,11,22,0,0,65,255,255,215,255,235,49,8,80,192,248,252,251,255,254,145,11,0,0,11,0,0,0,0,12,22,21,10,206,242,255,248,218,46,0,12,5,60,242,239,236,255,255,212,27,0,6,24,0,0,9,6,26,8,0,89,237,219,255,255,176,2,0,16,8,0,64,221,220,249,255,255,82,12,16,0,0,0,12,0,17,2,0,75,244,239,245,255,73,0,0,0,0,0,15,162,246,254,255,240,99,5,3,21,0,12,4,21,21,0,18,159,249,255,235,255,18,0,0,25,15,0,19,161,255,255,255,249,243,0,0,0,0,0,0,0,0,0,1,222,248,253,243,246,50,0,6,10,0,19,19,162,255,255,255,255,242,3,0,3,1,0,0,15,0,25,11,183,241,255,255,255,48,0,0,2,0,10,0,107,238,255,255,253,150,0,0,0,7,0,0,2,0,20,0,114,215,255,255,243,131,14,0,0,8,0,7,72,251,255,247,250,220,0,0,0,9,0,26,27,0,0,13,83,255,237,250,255,222,53,0,0,13,4,141,238,235,248,250,243,208,4,0,0,0,0,10,11,0,0,0,61,226,255,255,246,221,241,186,127,149,173,247,219,255,255,255,255,74,4,0,10,7,11,0,0,0,14,0,16,216,255,249,244,252,252,239,252,242,255,255,255,255,255,235,199,0,23,6,0,0,0,15,7,0,0,5,4,150,248,242,255,255,255,244,254,251,255,255,240,241,255,241,56,0,3,16,0,0,0,15,0,6,0,0,13,0,181,254,253,235,243,235,255,255,225,255,252,249,202,66,4,7,22,0,0,9,16,3,11,21,0,12,26,2,0,83,219,255,245,255,255,243,255,255,255,148,44,10,15,24,0,14,0,9,13,5,0,21,0,0,0,0,0,6,27,102,101,117,255,255,252,151,107,0,11,0,19,15,0,0,11,0,10,10,14,0,5,0,13,0,3,0,5,9,7,0,0,25,0,10,34,0,0,0,12,26,0,8,0,3,4,0,13,8,0,0,4,9,0,0,0,10,16,0,11,1,0,0,0,0,0,0,3,3,10,28,0,0,7,20,0,0,12,7,0,0,0,0,7,4,1,14,0,0,0,10,1,11,0,0,1,0,0,16,7,0,0,19,0,0,0,2,2,31,0,10,5,0,13,5,0,0,1,3,0,0,10,2,1,14,6,0,14,0
11,9,0,3,3,9,0,0,11,0,22,0,8,22,16,4,0,1,0,1,11,0,6,0,0,0,13,9,0,12,0,11,16,0,0,28,0,4,0,21,17,0,8,0,3,0,6,0,4,20,0,22,0,26,0,0,20,12,4,26,0,8,0,12,0,18,0,7,13,2,0,0,0,0,0,13,9,0,3,0,0,0,0,0,0,36,0,0,0,0,2,0,0,0,0,2,0,4,17,0,0,0,0,0,0,0,15,7,0,4,0,17,0,13,11,18,8,3,0,0,0,2,0,31,13,19,145,200,143,139,26,22,0,0,0,0,0,0,6,25,0,1,3,0,5,0,4,0,6,0,0,4,70,219,234,255,254,250,248,138,22,0,0,0,0,17,8,0,0,9,10,2,16,0,0,7,0,0,19,126,252,220,245,255,241,250,240,216,142,13,0,0,0,0,0,3,0,0,8,0,0,3,0,3,2,0,119,234,255,252,255,73,0,64,249,249,97,0,0,8,6,14,5,3,0,0,1,0,0,0,0,0,0,52,214,239,245,147,39,0,0,0,154,250,185,15,0,8,0,9,0,10,9,9,0,16,9,1,0,5,0,180,255,249,83,0,0,0,16,1,56,254,220,54,4,23,0,0,0,2,0,6,14,0,4,0,9,0,30,255,255,255,51,0,10,1,5,0,55,253,251,156,0,1,0,7,1,12,9,17,0,16,0,0,21,1,114,245,232,179,0,0,6,8,0,0,50,255,240,216,8,12,4,0,28,0,1,4,13,2,0,16,9,36,245,253,255,168,0,0,1,24,7,2,60,242,254,155,0,0,9,0,9,13,4,1,1,0,0,15,10,101,255,255,219,11,10,0,0,0,0,1,58,241,255,167,9,4,9,6,0,0,22,10,0,0,17,0,0,158,253,249,216,27,9,0,0,7,0,9,175,239,255,164,3,2,19,0,10,7,9,3,0,0,0,0,0,176,249,255,255,53,10,0,0,0,0,28,243,247,255,48,1,0,30,0,0,0,4,4,0,3,7,0,2,76,248,245,252,63,1,8,0,0,13,126,232,231,213,31,27,11,14,17,11,4,0,2,0,1,7,0,0,30,255,255,228,50,8,13,0,3,62,223,255,255,181,0,0,10,32,0,21,1,26,22,2,0,12,6,13,31,228,247,232,137,4,0,19,14,227,251,255,247,63,10,0,24,13,14,2,0,0,1,33,3,0,2,0,34,241,255,255,206,15,0,58,189,253,255,228,140,0,18,0,0,16,5,0,0,0,2,0,0,0,0,6,3,164,248,247,249,38,49,237,255,255,255,97,13,0,25,4,0,0,0,0,0,0,0,0,0,6,3,19,0,26,209,255,211,233,225,243,255,179,63,18,0,17,0,20,10,10,0,5,0,5,8,18,0,22,5,0,3,11,182,255,250,255,233,213,75,9,0,0,15,3,0,0,13,19,0,0,0,0,16,15,0,0,0,0,12,12,4,110,252,255,145,0,2,0,32,0,0,3,8,0,0,17,20,17,0,10,1,16,0,4,0,1,0,0,6,0,4,0,0,0,0,0,10,9,0,0,0,0,0,21,21,7,8,0,0,5,28,0,10,0,22,0,0,15,0,0,11,0,0,0,0,0,4,16,0,0,0,0,0,0,19,0,0,13,0,0,0,6,0,13,0,5,0,0,9,4,4,0,0,13,0,15,5,0,5,0,0,0,0,11,3,22,0,0,0,12,20,15,3,12,0,5,2,13,11,0,5,2,5,0,0,0,0,0,9,1,0
2,3,0,4,7,13,0,0,9,16,0,0,20,0,6,0,0,0,0,0,6,0,27,0,16,16,0,0,7,2,0,18,0,12,11,10,4,13,0,0,0,0,0,14,0,11,0,12,18,17,0,0,0,0,11,1,0,4,0,10,0,0,0,0,3,0,3,14,10,1,12,15,0,0,0,13,10,0,6,0,28,7,23,0,3,4,16,0,7,0,9,10,25,4,4,0,3,12,4,11,0,3,0,0,0,23,1,0,0,28,7,0,19,0,12,0,10,6,29,0,61,170,177,228,170,155,27,0,4,0,0,6,4,0,0,3,0,0,0,12,2,0,7,3,17,30,118,228,241,255,234,251,227,255,93,3,4,15,13,0,3,0,2,4,6,0,0,3,0,0,0,2,40,220,215,200,190,115,34,16,45,254,83,0,0,0,0,0,0,1,14,20,0,0,0,2,0,0,7,0,74,146,71,1,0,0,0,1,75,237,21,18,4,0,6,0,16,0,8,0,4,0,22,5,6,0,3,0,0,0,4,9,0,6,0,33,235,242,0,5,2,3,0,0,0,13,0,16,6,0,5,5,16,29,25,0,7,4,8,2,0,12,6,207,248,98,0,0,0,1,11,25,6,18,21,0,0,0,12,0,6,0,0,19,2,23,1,0,0,22,169,234,186,5,8,0,12,8,0,0,12,0,4,0,21,6,2,0,6,0,0,0,13,17,10,0,0,205,248,253,57,0,0,0,0,4,0,16,0,0,0,2,0,0,0,17,7,6,0,22,2,0,3,0,211,255,244,234,109,82,57,54,4,0,2,20,7,7,4,0,10,0,0,11,14,0,0,14,0,0,6,53,255,255,255,238,255,240,245,244,222,177,126,94,0,3,0,0,7,8,2,23,10,0,6,4,3,0,5,0,56,102,101,166,162,194,203,208,242,255,255,249,255,105,12,0,1,0,1,7,4,3,6,0,23,0,0,1,14,0,0,22,0,21,7,0,56,133,197,223,254,250,97,18,10,18,0,1,0,0,2,0,18,0,25,27,1,0,0,0,9,9,15,0,13,0,11,11,253,255,232,13,19,0,19,8,19,0,0,0,21,3,4,2,20,1,11,3,0,3,4,6,0,0,0,0,43,206,239,64,0,0,0,0,0,0,10,0,6,0,9,14,3,2,0,16,7,0,0,2,9,26,4,0,80,252,255,46,13,8,12,0,0,0,21,3,0,0,10,0,0,25,0,5,0,0,0,10,0,1,11,25,159,232,102,17,6,13,0,2,7,0,16,0,0,0,0,0,72,196,7,0,7,0,6,4,4,2,112,223,238,153,0,4,3,4,0,0,0,5,0,4,9,14,0,23,250,226,114,26,50,41,44,125,130,215,253,255,134,0,0,0,13,11,0,8,35,0,9,3,0,13,13,18,255,254,255,248,233,243,255,255,242,245,236,156,0,0,12,0,0,0,0,0,5,3,8,0,21,2,0,0,104,148,198,250,249,255,199,177,186,84,17,4,21,0,2,0,7,0,0,19,30,0,0,0,3,1,28,0,0,0,0,16,22,3,0,14,5,0,3,2,12,21,3,17,6,6,0,0,0,0,5,16,0,0,20,0,9,0,12,5,7,0,19,0,10,0,6,20,30,11,0,0,16,9,0,13,9,1,0,8,2,14,0,2,2,0,0,0,0,16,0,0,0,25,0,6,3,6,0,0,0,0,13,0,4,5,4,0,20,0,0,8,2,0,0,11,13,0,0,0,0,11,13,0,2,0,5,12,16,5,1,18
0,3,0,5,6,0,1,0,0,3,0,0,0,0,2,19,1,27,4,0,4,0,19,0,21,7,0,3,9,18,10,4,0,5,0,0,6,0,0,0,6,0,0,6,1,20,4,13,1,13,22,25,2,0,9,10,3,0,0,0,0,5,0,8,0,9,0,0,0,13,8,2,0,9,13,5,4,0,0,15,0,0,0,0,9,6,0,0,0,7,0,8,4,0,36,5,0,18,0,0,2,0,14,0,0,10,0,12,0,0,1,0,10,9,0,5,0,6,6,0,0,0,23,0,0,2,133,176,255,0,0,2,0,0,0,0,11,0,8,2,6,0,4,0,0,2,10,13,0,11,28,0,0,133,255,209,203,0,0,0,0,0,0,29,0,1,10,0,6,19,13,0,0,11,10,0,10,3,7,0,19,124,255,255,0,1,0,0,0,9,0,20,0,0,0,0,0,3,0,0,19,0,7,4,15,0,6,0,0,255,255,95,0,0,0,0,2,11,0,8,14,3,1,0,16,0,0,24,0,6,0,0,8,0,2,12,0,255,252,128,6,0,1,0,11,0,0,4,5,0,0,0,0,5,2,0,0,14,20,0,0,0,0,5,13,237,248,170,6,0,0,0,0,0,16,10,0,0,0,1,0,18,0,0,1,0,25,0,0,0,12,25,1,255,227,255,0,16,2,0,0,0,0,0,24,4,6,13,3,0,0,3,0,20,14,0,10,0,2,4,0,255,237,254,0,0,0,0,4,0,2,25,9,3,0,0,15,21,10,0,12,0,9,0,0,12,8,7,25,236,255,225,68,0,11,0,0,0,0,0,5,8,0,6,0,0,4,9,16,3,0,5,0,0,9,0,0,255,255,255,39,0,0,0,17,0,6,21,0,0,0,3,2,0,3,0,0,2,0,12,0,1,4,9,3,255,224,255,0,38,0,0,24,2,0,8,0,10,21,0,10,0,2,7,14,0,19,5,0,21,5,0,0,255,239,255,20,0,0,14,22,2,29,17,2,0,1,0,0,0,1,15,0,17,1,3,29,0,20,0,0,237,250,253,109,0,30,2,0,0,0,0,0,7,0,10,6,0,0,0,6,0,0,0,0,21,0,0,0,120,246,224,127,0,0,0,21,0,0,0,3,0,0,0,19,0,4,0,0,0,35,0,0,8,1,0,4,135,255,255,118,2,19,5,0,3,0,0,9,0,19,4,7,5,0,0,0,0,0,0,20,0,2,0,0,137,241,252,138,0,0,0,0,15,0,0,0,17,0,0,0,0,11,0,0,0,0,0,2,0,0,2,12,119,244,255,141,8,18,10,11,26,0,5,13,0,0,3,21,1,0,0,8,4,0,16,0,0,6,14,0,156,255,244,255,0,9,0,0,0,0,7,2,0,14,6,0,13,5,0,0,0,0,13,0,0,0,9,0,126,255,255,129,0,0,0,0,15,21,0,20,7,0,15,0,5,0,2,21,4,0,0,0,21,0,0,7,56,253,199,3,11,0,0,10,26,0,7,0,6,0,0,0,0,7,10,0,0,0,27,2,5,0,2,3,1,19,2,0,0,25,16,0,0,3,0,10,4,0,9,0,3,0,0,5,14,14,0,0,0,0,0,8,0,0,0,18,0,20,33,13,0,8,0,11,0,5,0,0,0,8,12,3,17,0,0,0,20,4,0,8,0,0,0,0,6,0,0,5,7,4,8,2,9,0,22,9,0,0,26,14,7,9,1,0,0,0,0,11,2,9,0,0,0,12,11,0,3,0,18,0,0,0,0
0,13,9,0,0,0,0,8,0,0,0,0,0,8,2,0,0,0,0,0,0,8,0,14,0,0,0,12,19,0,0,7,0,5,0,0,20,0,0,1,0,12,17,13,0,0,0,0,0,0,0,0,0,0,0,0,1,4,0,4,0,13,14,9,32,0,0,7,0,0,0,9,6,0,10,0,14,8,0,19,5,0,17,1,6,13,13,16,0,0,0,8,0,0,0,7,0,14,9,2,13,0,0,11,0,0,2,0,3,0,17,0,0,7,6,39,13,18,0,0,2,10,0,0,0,11,4,0,0,21,0,12,1,9,7,3,10,0,10,0,0,0,1,6,13,0,16,2,0,0,16,0,9,0,0,0,0,0,3,9,0,11,7,9,0,0,0,0,0,6,0,0,10,3,4,0,9,0,9,25,89,204,255,140,96,77,10,0,5,18,0,0,0,6,9,0,0,12,0,0,8,5,0,3,22,88,194,239,247,255,236,245,255,233,196,29,0,18,4,0,0,17,0,16,6,0,22,0,2,14,0,0,152,255,241,232,255,255,255,254,237,255,223,204,48,0,16,0,0,12,0,0,0,21,10,0,0,12,11,51,160,237,255,219,49,29,16,26,97,219,255,238,210,0,0,0,0,0,14,0,20,0,0,5,0,6,84,234,254,235,146,30,17,0,0,0,0,51,255,237,248,68,6,12,0,11,6,26,0,10,0,21,0,0,141,255,184,99,0,0,0,5,0,32,5,0,13,255,244,123,8,6,0,0,0,0,0,0,0,0,0,0,133,243,87,0,16,0,0,0,7,0,0,52,41,142,224,105,20,1,9,0,0,23,0,0,0,9,2,25,204,245,79,21,0,10,18,0,23,16,131,227,255,155,0,12,0,0,5,0,0,14,0,9,2,0,1,0,111,255,135,0,0,0,0,27,61,181,245,243,250,148,1,0,0,15,1,2,0,0,0,12,12,16,13,13,134,240,255,172,63,157,152,230,255,252,244,246,242,165,0,0,0,11,0,0,0,0,0,0,0,0,0,0,1,222,255,255,255,255,235,255,250,251,252,255,238,0,13,1,0,5,6,0,0,0,5,0,4,0,2,6,0,89,255,254,249,248,255,253,233,239,255,255,231,2,3,3,8,8,1,22,30,3,5,0,3,0,9,0,0,8,83,121,229,255,140,162,79,39,237,248,122,0,16,0,20,0,0,10,0,0,4,0,5,2,3,17,0,0,9,0,0,10,0,1,40,194,233,204,14,0,0,0,3,27,17,0,0,11,0,2,5,0,22,0,14,0,0,0,7,5,0,5,193,251,255,187,0,0,2,13,0,0,8,0,6,9,3,20,0,0,28,0,11,14,0,5,15,11,0,44,255,247,255,19,16,0,0,0,24,10,7,0,3,0,2,0,12,0,23,0,7,0,0,1,0,0,0,185,250,255,121,0,0,2,0,0,20,3,0,0,0,0,0,0,0,0,0,0,0,0,0,3,0,19,44,194,239,218,0,2,0,0,0,15,23,0,0,0,0,0,0,2,33,4,0,17,10,1,0,3,12,0,170,245,255,249,8,12,0,43,0,23,0,0,2,17,4,9,18,18,21,0,25,0,0,0,0,9,1,0,11,213,252,92,0,17,4,22,0,11,0,0,0,2,0,8,0,0,3,7,0,12,0,31,0,8,0,4,0,0,5,16,3,9,0,0,2,0,0,0,0,2,17,0,14,2,3,0,12,16,0,23,0,14,0,2,7,0,3,11,14,0,6,10,0,0,2,0,6,0,0,0
0,1,6,15,12,17,0,21,0,6,0,6,0,0,0,0,6,0,0,8,0,4,8,0,0,0,0,0,21,0,0,4,20,0,2,0,4,5,17,3,0,0,0,4,0,7,0,0,6,12,9,0,0,1,12,3,6,11,0,7,8,0,0,3,5,5,0,0,8,0,0,5,3,13,0,0,4,0,10,0,0,14,7,0,6,7,0,2,0,0,0,14,5,0,11,0,0,0,15,0,0,0,0,16,75,118,187,103,24,29,8,0,10,0,0,0,13,11,9,0,6,0,0,0,21,5,0,0,1,0,45,211,233,255,201,239,40,0,4,6,0,0,14,0,0,13,10,0,5,0,7,11,12,0,6,0,0,56,176,247,173,55,35,205,166,0,0,0,0,1,0,5,11,10,26,0,0,0,0,25,0,0,0,0,108,237,228,191,29,0,14,43,50,0,0,1,23,2,8,0,0,0,0,9,8,0,0,8,0,0,0,112,255,255,88,14,1,0,1,17,0,12,0,0,2,0,0,18,3,8,11,0,0,0,0,0,18,42,138,238,250,22,3,0,0,0,0,0,14,0,15,0,0,5,0,0,0,28,0,0,4,35,0,0,5,126,254,255,84,16,7,0,12,8,39,15,8,2,12,0,3,2,8,0,0,0,0,3,0,6,18,16,138,255,255,120,0,22,0,8,8,6,0,0,7,1,10,3,21,0,0,0,0,0,0,7,0,0,0,106,255,248,197,27,0,11,0,0,5,1,7,2,0,0,18,13,0,0,1,8,1,15,0,0,29,0,123,242,255,211,117,32,11,0,0,23,18,0,3,0,14,3,0,7,0,6,9,0,0,0,0,7,23,10,180,252,255,248,226,251,118,15,8,9,0,0,0,0,0,0,0,2,18,0,0,0,0,0,0,3,0,63,226,234,248,193,231,222,236,2,11,30,0,10,2,11,0,0,25,19,18,0,7,13,0,0,0,0,0,164,255,234,36,16,15,188,242,0,20,24,1,12,8,3,15,0,3,0,13,6,0,2,6,0,0,19,38,228,255,255,15,0,0,168,243,75,9,0,0,0,0,0,5,0,0,0,10,0,8,0,6,0,0,0,96,247,234,104,0,13,0,158,229,151,0,8,0,0,0,0,0,20,0,0,2,5,0,0,0,0,0,2,73,242,255,182,0,5,0,158,255,66,0,0,0,0,15,14,2,13,8,7,0,8,29,0,6,1,9,0,23,198,252,238,155,50,4,202,255,0,4,0,0,8,0,23,10,3,6,0,9,2,0,17,2,0,0,0,1,109,246,234,245,210,214,255,235,0,0,8,13,0,0,0,0,0,0,3,0,5,4,14,0,1,0,0,7,0,93,230,243,234,255,245,127,0,7,9,0,14,7,0,10,0,27,0,3,0,4,0,14,0,2,0,17,0,3,0,250,241,224,45,0,2,0,2,0,0,20,2,0,23,0,10,0,0,24,3,0,0,0,8,0,0,13,12,9,15,4,3,0,16,0,0,0,0,10,0,0,0,0,11,12,0,0,0,0,22,0,0,9,16,0,0,7,15,5,17,12,7,7,30,0,4,0,34,0,0,12,1,23,0,0,0,0,7,3,0,0,0,0,0,0,0,0,0,0,1,8,0,17,0,8,0,8,10,0,0,45,0,8,18,11,18,0,0,4,13,0,0,13,4,15,1,0,15,0,0,0,0,17,0,0,2,18,8,0,8,0,15,0,0,0,0,10,0,30,0,10,4,0,4,3,0,0,3,13,36,17,8,7,9,0,0
0,0,7,0,0,0,15,0,11,7,0,0,0,0,1,24,0,0,19,25,0,0,14,8,0,13,0,5,0,2,0,0,7,10,0,0,7,2,9,15,0,0,6,29,9,0,0,0,4,0,0,0,3,0,0,18,0,0,1,0,4,0,0,7,33,9,3,0,13,4,10,9,0,0,0,5,6,0,0,0,0,0,0,10,14,0,0,0,16,0,0,0,21,0,14,13,10,10,32,0,18,0,0,0,3,0,23,0,0,0,0,0,0,0,0,0,5,0,2,7,0,0,0,0,0,19,4,8,0,0,11,0,0,0,23,7,0,6,5,0,0,14,0,0,31,5,0,22,0,0,31,5,0,9,13,11,13,8,1,8,0,0,26,3,37,5,0,0,0,0,26,0,0,0,15,0,0,0,0,0,0,14,0,1,1,0,11,11,0,21,0,8,0,0,22,17,19,4,0,0,0,7,0,8,0,0,0,9,9,10,0,0,19,11,0,0,0,0,3,0,0,0,17,0,0,22,0,3,0,6,0,12,0,0,0,0,9,0,6,0,0,1,0,9,54,106,110,178,216,159,0,0,23,19,8,1,7,0,0,10,0,7,6,0,0,0,0,29,79,147,169,255,255,255,237,254,237,199,0,0,9,0,4,2,24,6,0,7,15,2,0,58,193,181,179,217,244,231,255,255,253,255,242,185,67,14,6,26,19,0,0,0,5,18,0,88,91,107,184,239,238,255,250,242,231,253,221,175,164,76,68,21,0,0,0,0,0,8,26,25,0,7,184,246,251,253,255,255,243,234,248,255,167,52,17,0,0,0,0,0,3,0,0,0,11,17,0,0,0,24,253,219,232,229,235,255,255,230,6,4,0,4,0,0,7,0,0,0,0,4,7,0,7,4,0,0,43,9,69,0,0,15,39,255,249,255,179,83,10,0,0,22,0,15,4,0,0,4,7,3,14,0,6,0,0,16,21,0,0,9,4,223,247,255,240,180,42,9,0,1,0,0,34,0,0,0,12,4,18,0,0,3,16,0,0,0,4,0,16,45,131,255,255,240,155,7,0,0,0,0,3,2,11,1,0,3,0,0,8,0,12,22,26,8,0,9,0,0,0,41,255,237,151,0,0,0,0,8,0,4,9,0,0,0,0,6,0,3,7,0,9,0,0,27,0,32,94,255,252,241,187,0,0,2,0,0,0,0,0,12,0,12,1,0,4,0,0,0,22,51,86,74,185,221,250,255,248,215,62,23,0,0,6,11,3,15,7,7,0,0,24,0,3,11,0,0,2,89,215,255,233,243,248,255,175,6,0,10,10,0,5,0,0,0,23,10,29,0,0,12,0,3,0,16,6,0,68,218,162,131,126,51,0,0,0,23,0,8,0,0,6,0,3,0,0,0,0,7,2,0,8,0,22,0,22,0,10,6,3,0,0,0,0,0,0,0,0,0,0,4,0,0,0,15,0,20,1,0,4,1,24,3,0,0,8,0,0,13,11,0,0,6,2,0,8,0,2,0,0,0,9,3,0,0,0,0,7,0,0,0,9,0,6,0,0,0,8,12,0,0,0,9,2,5,0,37,0,0,0,22,0,0,0,0,0,0,0,5,0,0,0,7,12,11,4,0,0,0,0,0,0,1,16,0,0,0,0,2,0,0,8,0,10,0,0,0,0,3,0,0,0,13,2,17,0,14,13,15,13,4,14,0,15,0,22,0,0,0,0,0,8,0,0,0,16,7,19,26,0,0,0,13,0,0,0,13,28,0,0,0,0,6,15,0
0,14,14,0,0,0,0,10,0,10,6,2,5,20,17,21,9,0,0,0,4,0,0,0,19,3,8,0,20,7,0,13,0,10,7,8,0,2,25,0,0,30,0,0,9,0,1,0,12,15,6,0,7,35,0,2,3,4,13,0,15,0,7,0,0,0,6,0,23,3,8,0,0,10,0,0,0,0,2,4,0,6,0,0,1,0,0,32,18,9,10,0,2,1,0,3,0,0,0,0,0,4,5,0,0,0,0,0,0,0,0,1,21,9,0,29,0,0,23,149,150,215,248,246,248,241,255,249,128,11,14,0,0,7,4,0,8,0,11,1,2,0,0,16,0,4,171,242,237,255,249,195,148,228,224,255,250,178,33,0,13,3,0,18,0,0,30,0,0,14,0,11,0,146,255,134,50,18,0,15,4,17,22,18,182,235,222,54,0,2,1,11,9,5,0,0,13,0,0,0,0,165,229,37,0,0,0,0,0,0,4,20,6,198,254,224,33,9,2,4,0,4,0,0,9,0,19,7,0,56,62,9,0,0,14,3,3,13,0,3,0,0,215,238,194,0,1,5,6,0,0,0,0,0,0,13,0,5,7,0,20,0,0,16,9,0,1,0,3,0,102,255,255,69,0,6,0,0,0,6,13,0,0,0,0,0,0,0,0,0,5,0,2,21,0,7,0,11,13,182,245,208,0,0,0,0,0,0,0,0,0,6,0,3,7,26,2,0,11,4,0,15,2,0,7,18,0,137,255,255,73,17,0,12,4,16,0,1,19,12,0,5,0,0,0,0,0,21,7,16,9,7,29,0,1,46,255,250,102,0,0,0,0,0,3,0,0,0,6,0,9,0,5,31,118,141,248,237,255,255,176,169,76,18,239,255,105,6,23,5,6,0,5,0,4,17,5,0,0,21,65,215,249,255,255,255,255,255,248,255,255,211,255,241,12,17,13,12,0,0,0,0,16,0,0,0,0,34,247,248,195,84,97,42,35,30,94,105,244,249,253,255,11,2,0,0,17,0,0,1,0,24,1,1,0,157,251,196,15,16,0,16,0,0,0,6,54,253,255,225,0,0,0,16,0,0,6,10,0,16,16,3,1,175,248,177,0,20,0,0,6,0,0,20,43,243,241,165,0,13,7,5,8,0,21,14,0,0,0,0,12,186,255,183,0,1,0,0,24,0,39,25,184,255,220,198,0,24,0,1,10,17,0,14,0,11,10,0,18,161,255,181,0,2,0,0,0,0,15,208,224,255,68,28,4,6,0,0,9,0,3,2,4,7,15,0,0,108,252,244,106,8,0,0,4,45,227,255,255,88,6,22,13,1,2,2,3,0,0,0,18,27,0,0,0,0,167,251,253,164,70,75,145,229,255,255,79,0,0,0,17,0,10,6,0,0,5,7,5,0,9,8,0,0,59,167,255,248,252,239,255,255,255,95,0,3,0,19,0,0,0,6,0,15,0,0,25,11,12,13,3,0,0,30,96,182,254,246,255,145,51,19,5,0,0,0,0,0,2,0,19,0,6,5,5,0,0,10,0,16,13,0,0,11,0,1,0,0,0,9,0,7,0,0,0,27,1,17,0,0,0,0,0,16,0,0,25,0,0,0,0,3,8,7,16,9,0,1,0,0,0,0,1,15,0,24,10,0,0,0,0,0,0,4,22,0,0,0,1,6,4,0,0,26,28,6,1,7,13,0,6,16,3,10,0,21,0,0,0,7,0,6,0,0,16,9,0,0,0,18,0,8,7,0,0,20,0,29,9,0,11,6,0,18
0,13,1,8,0,0,0,13,17,14,0,0,12,0,2,12,0,0,0,0,0,16,11,0,0,0,2,0,18,11,4,18,12,0,0,0,3,0,2,2,18,26,1,0,0,0,7,0,0,25,0,6,0,0,0,0,0,0,0,0,7,0,0,0,6,5,11,0,0,0,12,0,7,22,13,17,0,1,0,0,0,2,0,0,1,0,0,0,7,0,8,0,0,0,0,0,4,7,0,0,0,0,9,12,5,16,15,5,0,3,0,0,3,20,0,11,8,16,1,0,0,0,0,0,139,176,188,247,255,255,215,9,0,0,10,19,0,0,3,0,12,5,0,15,8,16,6,6,0,17,120,160,250,254,233,255,255,207,255,35,0,0,0,0,0,16,0,1,0,19,0,15,0,1,0,4,30,217,255,234,159,140,98,58,54,1,207,30,6,14,0,0,11,7,0,3,2,15,3,2,0,0,0,0,55,255,203,25,0,5,9,0,15,0,40,39,0,1,5,0,0,6,0,0,0,0,22,1,18,0,0,25,142,255,106,0,0,0,0,0,10,0,0,0,0,0,0,0,0,7,22,22,17,11,0,1,10,0,26,14,241,255,43,13,10,0,26,0,0,0,0,0,0,0,0,16,2,9,0,0,14,0,0,2,0,0,0,41,231,255,52,0,2,9,0,7,0,4,0,0,0,15,0,0,0,36,11,0,17,12,2,34,20,4,15,197,255,134,16,0,13,0,10,1,0,0,2,2,7,0,0,0,19,0,0,0,0,0,7,0,3,0,54,254,236,125,112,106,141,159,128,133,92,27,13,6,20,0,5,16,24,14,0,0,0,11,20,0,0,21,197,255,255,250,249,248,255,255,255,234,233,239,255,199,110,0,0,2,0,9,0,0,0,0,0,0,14,69,255,255,255,246,255,196,194,200,251,255,255,230,255,249,245,193,7,0,9,14,0,11,0,3,5,11,0,6,28,133,154,44,24,8,0,20,26,18,24,24,31,133,229,252,231,79,0,0,17,5,8,0,4,0,1,17,12,0,0,8,5,3,0,9,0,0,3,23,0,0,41,158,255,205,0,0,0,7,0,0,16,6,14,2,3,8,0,0,6,0,0,0,0,7,10,6,0,8,0,0,238,255,83,0,1,17,19,14,3,1,0,0,3,0,0,0,26,0,12,0,3,20,0,7,17,0,0,32,255,255,75,0,0,0,8,0,15,4,0,5,0,19,212,140,28,0,11,0,0,0,0,0,7,4,21,188,255,242,44,16,11,0,7,0,16,5,8,0,0,34,247,249,131,0,0,0,9,3,0,0,26,92,232,255,227,122,26,0,0,6,0,0,0,0,0,0,0,19,73,247,255,218,106,48,51,79,74,166,243,255,253,255,139,0,0,0,0,5,1,0,0,0,0,0,19,4,0,93,249,238,255,255,245,255,255,255,245,211,139,82,16,3,16,0,0,0,0,4,15,0,3,0,6,0,0,0,62,171,212,242,255,255,242,228,129,4,0,0,0,0,9,9,0,0,13,1,4,14,2,12,15,2,0,0,0,0,11,24,21,5,14,0,29,5,0,0,8,9,26,0,0,0,20,0,0,0,0,0,10,0,0,2,8,0,13,0,0,0,1,0,0,8,0,23,0,0,0,0,4,0,0,5,1,0,0,3,0,5,0,0,5,25,13,4,0,0,2,0,7,14,0,0,7,0,22,2,3,0,6,0,0,0,3,0,10,1,4,3,0,1,8,0,13,0,0,0,0,18,0,0,0,0,1,0,30,4
13,11,0,8,2,0,0,6,18,0,4,13,5,1,18,0,0,22,0,0,0,0,3,18,0,0,0,0,0,12,30,0,12,0,9,0,0,0,0,4,0,3,10,9,7,2,0,0,10,2,22,0,0,1,4,14,0,0,0,23,4,0,0,0,0,16,1,17,0,0,5,0,17,0,0,0,19,0,0,0,0,0,3,0,0,0,0,0,18,0,0,6,0,10,0,2,18,0,0,26,2,10,0,2,0,2,0,0,0,0,0,10,13,4,16,0,3,4,0,11,9,0,7,0,0,12,30,14,3,0,0,1,8,12,18,0,3,21,4,3,0,0,8,15,0,0,7,0,3,7,0,6,0,0,9,0,0,0,29,3,0,4,16,0,11,17,0,17,0,25,4,0,5,12,0,0,0,2,2,52,164,186,156,81,16,0,6,10,0,9,0,0,12,0,0,0,36,0,8,24,0,0,0,7,0,0,43,217,242,252,251,255,207,57,22,0,0,0,0,13,0,0,15,0,0,0,0,0,0,0,0,10,3,1,17,253,227,71,91,231,255,150,0,0,13,0,0,7,9,9,0,0,2,28,24,0,4,0,0,0,0,2,4,165,228,73,0,14,135,228,78,0,5,0,0,2,9,1,10,0,0,0,0,8,0,0,0,6,0,2,5,80,255,205,100,173,222,244,84,0,0,0,0,0,9,0,0,0,9,4,0,0,0,19,0,10,18,0,0,66,255,250,255,255,240,99,0,2,7,5,0,7,0,22,0,34,0,0,0,17,24,5,0,0,0,29,0,0,79,128,255,249,220,0,0,15,0,10,0,1,0,0,0,0,0,7,0,28,5,0,0,11,5,0,0,10,8,0,255,228,100,0,0,3,0,13,19,1,0,22,10,0,7,0,19,6,0,0,0,10,1,2,1,0,8,0,230,255,79,13,0,0,0,0,0,0,0,0,7,0,0,10,0,0,0,1,7,0,26,8,6,0,0,22,238,231,99,0,13,17,16,12,0,0,0,0,6,2,0,0,0,0,11,0,0,4,0,0,0,30,0,92,255,250,0,15,0,0,2,8,13,0,16,17,0,21,0,7,0,11,0,0,0,3,11,1,29,21,0,133,249,146,9,1,8,7,6,0,0,7,12,13,7,11,0,0,7,13,4,0,6,5,16,0,0,0,36,227,255,85,11,4,0,0,0,19,0,0,2,5,0,20,0,16,0,10,11,0,0,24,0,0,4,34,49,255,255,55,11,8,0,16,0,27,0,0,0,0,6,13,7,0,3,1,0,0,0,0,10,0,0,16,32,237,251,42,0,10,0,11,7,18,0,3,7,0,0,17,13,0,17,18,11,0,0,0,13,0,13,0,47,229,244,43,0,0,3,1,10,0,0,0,0,0,0,18,0,1,22,0,12,17,0,0,0,0,0,0,33,250,254,33,15,4,0,8,0,0,0,21,6,0,0,5,0,0,0,22,23,0,13,0,14,0,1,0,55,242,252,81,0,9,27,6,4,5,0,0,8,1,0,0,3,0,0,2,0,0,5,0,0,0,14,0,21,224,255,252,182,8,15,17,0,11,2,0,0,24,0,2,0,0,2,0,0,6,2,6,0,0,8,7,2,15,255,252,86,0,0,0,0,0,42,17,9,10,0,0,5,0,0,21,0,0,0,0,17,0,0,0,0,0,0,0,16,0,0,0,0,0,1,4,21,0,2,10,1,6,0,30,0,9,0,9,5,18,0,0,0,0,6,0,0,10,0,4,0,0,5,16,0,11,10,0
0,0,0,14,2,0,11,0,0,0,0,0,2,0,19,6,0,5,10,9,0,0,0,7,1,21,5,0,7,7,0,5,0,7,30,0,0,7,0,9,4,0,0,5,0,10,0,3,14,4,18,0,25,19,5,2,4,0,0,0,1,0,2,0,0,0,2,17,11,8,0,0,1,0,0,0,7,16,4,0,0,0,3,0,0,7,0,20,6,4,0,3,39,22,0,7,0,0,5,5,13,0,11,0,0,0,26,8,0,36,18,0,7,19,0,0,0,5,0,10,0,0,21,0,13,0,0,9,13,0,6,4,9,25,14,2,0,10,0,30,0,0,7,0,0,6,6,0,0,0,0,15,0,0,5,2,1,0,16,0,2,0,0,7,0,0,0,0,0,0,1,34,0,0,0,5,8,9,25,47,131,132,255,255,255,255,249,26,0,0,0,0,0,21,12,6,0,0,0,18,13,0,0,15,16,92,220,229,255,255,242,211,201,255,255,48,0,2,12,21,8,9,0,1,6,5,0,0,1,0,0,6,85,254,252,223,154,101,67,6,13,245,252,143,4,6,0,16,2,0,10,0,17,0,9,5,0,6,0,0,172,206,73,21,0,0,0,22,14,227,255,67,0,0,0,0,28,21,8,13,26,0,0,0,0,17,0,9,0,11,0,0,21,10,7,19,141,255,221,22,3,8,7,0,13,18,0,12,0,14,0,0,0,25,0,19,1,0,14,0,12,0,23,33,225,255,99,0,14,0,16,15,12,0,3,24,0,0,0,9,0,3,0,0,2,3,0,0,17,22,1,123,251,233,43,25,4,6,2,0,0,4,7,0,9,0,0,0,7,6,0,0,0,20,0,0,4,0,89,242,249,111,0,2,0,14,0,11,7,0,6,0,21,0,0,0,4,14,8,36,0,21,7,26,0,0,177,249,202,5,17,0,7,0,0,0,0,12,4,15,5,0,12,4,1,12,0,5,7,0,0,5,0,38,251,255,120,0,6,0,0,0,15,18,18,13,7,0,14,4,12,0,11,12,22,0,4,14,3,0,26,190,255,202,14,0,3,0,13,3,0,0,7,14,0,0,0,0,31,0,0,0,0,0,0,10,0,0,80,252,254,66,22,0,0,22,0,0,4,13,0,23,0,0,0,20,23,0,0,0,0,9,25,11,17,38,246,255,139,0,5,0,6,0,0,6,0,0,0,5,1,0,0,0,0,0,1,3,3,0,0,16,14,160,255,246,40,0,0,0,14,0,10,6,0,7,0,5,4,18,0,1,0,0,14,0,0,0,0,17,80,228,255,148,0,10,0,0,9,0,0,0,0,3,3,7,16,4,4,0,2,0,22,9,0,5,7,0,94,246,214,48,2,10,0,77,0,10,0,4,14,2,0,0,13,4,0,0,9,0,14,6,7,0,23,20,173,255,142,0,0,81,214,68,0,0,0,4,0,0,0,0,6,21,2,0,0,1,5,0,20,9,5,1,206,255,138,58,199,247,101,0,0,0,0,0,0,0,17,0,0,0,1,0,16,1,0,0,11,5,6,0,129,250,255,250,255,152,0,3,0,0,0,0,0,13,0,0,0,8,0,0,4,0,0,9,0,11,8,0,23,225,245,223,83,3,0,0,0,10,0,0,0,10,26,24,1,0,0,0,0,3,0,0,0,21,12,18,0,0,0,0,0,0,0,6,11,0,1,1,3,0,26,3,26,28,2,0,10,0,0,0,19,6,10,5,0,21,10,0,0,0,0,1,14,0,0,8,0,16,11,8,0,2
1,0,26,0,7,0,11,0,0,14,0,0,1,0,13,0,0,18,4,0,0,21,0,0,0,11,1,26,13,0,0,0,3,11,0,0,0,0,0,22,6,7,6,0,10,10,0,0,0,0,7,0,0,0,5,0,0,15,25,0,5,15,0,9,24,0,0,0,0,10,0,0,0,7,7,7,0,0,0,0,0,0,16,0,10,0,0,4,0,2,18,24,6,0,0,0,9,20,1,0,0,0,0,5,0,0,0,4,4,16,0,11,0,0,6,12,0,34,14,0,0,2,0,5,0,7,0,6,5,4,0,8,6,0,12,0,3,0,18,3,0,0,1,4,0,8,0,0,0,0,0,0,12,0,17,0,0,5,7,0,25,6,0,31,14,8,0,17,20,0,3,0,0,12,0,15,13,7,0,0,0,1,0,23,7,0,12,0,16,0,5,0,0,0,14,7,0,0,13,1,0,11,0,0,0,3,15,4,63,222,201,97,10,6,90,86,0,3,0,0,0,0,0,0,19,0,0,0,12,8,31,0,9,17,37,229,246,255,241,250,215,81,229,213,10,10,0,5,11,0,1,0,9,10,18,2,0,0,0,0,0,158,241,247,232,240,255,249,221,202,255,224,11,0,0,0,0,0,0,0,0,16,8,0,0,15,0,28,86,255,252,201,53,218,219,77,233,251,243,70,19,0,0,1,0,0,0,14,2,0,6,9,0,0,21,79,249,231,106,19,209,250,29,176,254,249,221,0,17,6,0,0,0,4,0,7,17,0,0,2,0,4,5,109,255,156,0,0,78,99,224,226,252,255,116,0,1,10,9,0,0,0,23,1,9,1,16,3,0,14,14,125,255,238,85,123,109,227,250,255,244,244,109,14,12,24,0,0,15,1,0,0,0,0,0,20,12,21,0,4,187,255,255,243,242,255,249,137,194,255,198,4,1,11,12,0,8,0,7,2,0,12,4,18,0,0,5,9,5,191,239,255,255,185,99,32,206,255,214,22,0,22,0,0,0,0,16,0,0,0,0,0,0,0,0,13,16,22,81,68,84,9,14,64,249,255,231,0,0,0,0,1,17,21,9,0,18,7,14,0,8,0,11,19,18,0,15,0,14,23,12,73,250,249,126,21,0,0,0,0,0,0,8,0,0,14,0,9,20,0,3,12,0,40,0,0,0,3,0,44,247,255,174,17,0,9,0,0,0,0,7,0,0,0,4,12,25,0,0,15,2,0,7,11,0,0,0,52,255,245,224,10,15,6,8,0,6,13,0,9,0,22,0,6,6,0,3,0,0,0,0,17,0,0,0,10,220,255,217,11,3,4,1,6,0,1,15,18,0,2,0,4,0,0,0,3,11,0,0,12,0,0,5,10,178,255,214,5,10,0,29,0,0,8,0,4,2,13,0,9,0,0,7,0,18,0,0,11,0,1,2,0,181,232,226,1,0,7,0,0,10,0,0,8,0,0,0,0,0,0,8,0,0,0,21,24,3,15,0,17,64,255,218,17,0,0,0,0,0,0,14,0,0,0,26,0,0,14,0,0,0,0,7,0,0,0,11,10,47,255,210,1,1,0,0,0,16,11,16,0,22,3,12,0,0,5,0,0,24,0,0,2,25,8,14,19,187,233,222,3,13,0,21,9,0,2,0,0,2,0,5,5,0,0,0,10,39,8,13,8,0,0,0,11,106,255,197,17,16,0,12,0,9,0,0,19,5,0,2,13,0,26,0,0,0,0,0,0,19,0,0,0,0,0,0,0,3,2,14,3,8,0,0,0
0,0,19,0,0,5,0,0,0,21,0,0,0,0,0,0,16,1,0,0,12,0,0,0,0,15,1,16,0,0,0,4,0,0,12,0,16,12,11,0,6,0,0,0,3,0,0,10,21,10,2,0,7,0,4,14,12,11,7,0,8,32,0,0,0,0,4,0,0,0,3,4,0,0,0,0,8,18,0,0,0,13,0,4,0,9,9,5,0,3,0,0,0,13,2,8,2,0,3,0,2,8,3,0,4,31,0,0,0,0,12,15,0,0,5,8,0,0,2,0,1,105,235,245,255,168,103,6,0,0,0,2,0,0,0,0,13,0,13,18,0,9,0,18,2,5,0,15,1,227,252,235,241,234,255,197,125,0,0,0,11,0,1,0,0,0,0,2,0,0,8,0,0,0,8,0,20,47,20,0,10,108,170,237,253,119,15,1,0,0,5,0,7,0,0,0,3,0,4,0,0,0,0,13,11,0,9,0,9,17,0,53,180,252,208,84,0,17,0,15,5,2,8,5,4,0,0,5,0,22,9,12,0,0,0,0,5,0,0,31,23,174,242,198,25,3,12,0,14,2,2,6,16,1,0,0,0,0,0,0,0,21,7,0,12,10,0,2,1,184,247,191,12,24,18,4,19,7,11,13,0,5,0,11,0,5,10,0,8,0,0,5,0,13,79,129,245,241,240,162,0,0,23,13,21,0,0,0,0,16,1,2,0,0,0,0,0,19,0,149,242,235,255,255,255,190,136,0,0,17,3,0,19,0,0,0,12,0,0,22,0,8,0,0,0,0,0,211,255,255,147,75,56,29,0,0,0,10,2,0,7,0,11,5,0,20,3,0,0,9,8,6,12,11,0,96,242,244,23,12,0,0,20,0,14,0,5,0,0,0,0,0,1,0,0,0,23,0,1,0,0,19,22,0,124,250,227,16,0,0,8,6,0,0,8,0,12,11,0,32,0,0,0,8,0,0,16,0,0,0,1,0,22,178,252,198,24,6,7,0,0,1,0,0,0,9,0,0,3,0,6,0,7,0,1,0,0,0,0,0,13,41,159,255,197,24,0,0,3,19,14,0,20,0,5,0,0,0,19,16,0,0,5,18,0,0,0,18,0,8,59,217,247,76,0,0,0,5,34,0,0,0,0,0,4,0,0,0,0,12,5,9,0,0,10,0,4,3,8,21,255,190,0,22,0,5,13,25,3,24,0,0,0,0,3,0,0,0,0,5,0,0,14,0,3,2,0,0,254,255,33,0,7,14,4,0,1,4,3,19,0,2,6,0,0,0,1,0,8,0,2,0,0,0,26,110,234,212,8,0,0,0,17,26,0,14,43,0,16,8,0,0,0,0,5,0,5,4,26,0,4,75,180,255,255,91,7,0,16,0,11,0,0,8,0,10,4,0,0,0,2,0,59,158,175,189,241,248,251,254,231,221,104,0,16,0,0,0,0,0,0,2,1,0,0,0,6,0,0,12,199,250,255,241,244,255,255,189,110,1,0,1,3,2,0,15,9,0,0,11,0,8,0,0,19,0,6,4,1,6,0,0,3,21,2,2,0,0,0,0,24,6,12,0,0,0,8,21,13,2,0,0,8,19,0,0,0,1,0,0,0,0,0,19,12,0,4,0,19,0,0,25,0,0,16,0,0,2,7,17,0,37,0,2,29,0,4,0,15,11,14,20,0,0,0,0,0,0,0,0,0,0,23,0,14,0,11,0,10,0,0,0,7,0,11,2,0,0,15,0,0,0,0,3,15,0,0,29,0,0,0,12,11,0
9,8,41,8,0,0,15,8,0,7,0,2,0,0,16,0,10,7,6,6,21,3,0,0,0,0,0,0,0,0,0,17,18,0,0,0,12,0,12,0,1,2,5,2,18,0,0,13,0,0,26,6,0,0,22,3,1,5,0,18,0,0,1,0,2,0,13,3,22,0,10,0,0,0,11,0,4,0,0,0,0,17,0,0,7,0,0,4,9,0,34,0,0,3,0,12,11,34,0,0,28,0,6,10,0,10,0,0,1,0,0,0,26,0,0,0,0,0,0,1,24,28,19,0,106,176,118,0,12,12,0,0,0,5,0,17,4,11,0,16,0,19,3,0,4,1,0,25,4,0,9,56,206,244,240,20,0,4,4,13,0,0,0,2,0,6,6,0,0,0,0,8,15,5,0,16,0,0,0,168,255,189,255,56,5,5,0,0,0,0,16,21,6,6,13,8,9,3,0,13,8,13,0,6,8,14,81,242,168,6,185,164,0,5,0,3,0,0,0,8,0,0,11,0,0,4,0,0,17,31,0,0,18,3,229,228,95,97,206,83,21,17,0,29,0,7,4,8,0,0,0,10,5,0,2,0,0,0,0,0,9,49,244,201,17,213,245,184,22,4,19,5,0,12,0,1,0,0,13,1,11,0,0,2,6,15,11,0,5,168,255,103,0,89,219,255,254,87,0,35,17,0,0,0,6,10,5,6,0,0,25,0,0,9,0,9,19,224,254,75,6,1,16,136,255,226,157,7,14,0,8,9,15,0,0,20,21,10,3,29,0,0,7,0,19,255,249,62,3,13,21,0,80,236,255,110,1,7,0,0,7,0,7,5,9,0,3,0,10,0,0,0,28,244,236,0,0,0,0,0,0,65,224,230,130,15,0,0,3,7,0,10,0,7,15,0,10,8,4,0,88,229,124,11,5,0,0,28,3,0,66,205,187,0,0,0,0,2,2,3,0,25,0,0,0,23,17,9,143,248,81,0,5,0,0,0,0,5,16,116,200,4,0,0,5,13,12,18,0,6,0,7,18,8,14,1,118,255,29,23,16,0,0,17,0,0,11,185,255,9,27,1,0,0,11,11,0,0,18,0,0,0,0,0,12,255,114,0,11,10,0,0,3,11,0,118,235,33,0,0,0,0,38,0,12,0,0,16,6,4,0,16,16,245,133,0,0,0,8,0,6,9,16,133,255,37,15,15,5,12,1,0,5,14,0,0,41,14,11,0,18,250,217,1,6,0,14,27,9,8,42,255,211,17,0,0,0,2,2,0,0,0,7,11,0,0,0,0,23,183,247,21,19,0,15,0,0,2,74,250,117,0,3,0,0,3,9,3,11,0,0,0,19,2,0,7,0,175,255,88,0,12,0,6,0,5,146,211,23,2,0,7,29,14,21,4,7,5,11,0,0,9,0,1,0,114,255,187,17,0,0,8,0,29,201,157,13,23,0,2,0,5,8,20,0,0,0,3,0,14,0,0,0,10,221,255,114,0,17,8,0,141,210,0,6,0,0,6,0,13,0,4,0,0,0,7,0,11,19,3,0,13,0,0,5,0,9,0,0,6,0,0,0,1,0,0,0,0,14,0,0,7,0,0,0,11,0,10,12,4,0,0,7,1,4,0,20,0,12,5,10,2,21,0,0,3,0,2,0,3,18,12,18,0,0,5,0,0,0,19,0,0,4,6,0,8,4,1,0,0,0,11,4,4,7,0,3,0,8,0,0,0,0,0,12,20,0,0,9,0,17,0,0,17,0,22,8,35,17,22,10,12,3,7
0,0,0,3,0,14,17,0,0,0,14,0,0,0,0,0,0,8,13,0,11,0,14,0,0,0,0,0,0,0,0,0,3,7,0,0,0,0,0,20,0,5,0,0,11,0,12,1,7,0,0,0,17,0,0,0,0,0,0,11,8,6,0,30,4,0,22,0,0,17,0,7,0,23,22,0,34,0,9,0,0,0,0,0,0,0,0,0,0,0,1,0,0,5,0,0,0,0,18,0,0,0,7,0,0,0,0,0,13,15,17,9,10,0,0,17,0,0,8,0,0,5,0,0,22,10,0,0,3,2,0,13,0,8,21,19,0,2,5,27,0,12,0,0,11,0,0,4,14,0,0,0,18,57,240,157,0,0,6,9,0,20,21,0,6,2,3,0,0,0,0,0,1,7,22,0,0,0,0,14,0,239,250,151,0,6,16,22,0,0,0,0,18,16,16,11,0,0,0,19,0,6,8,0,0,0,27,4,72,247,248,71,4,5,3,0,13,0,0,0,0,5,20,0,0,0,0,0,9,0,0,0,10,3,8,35,201,255,190,11,0,0,2,10,0,11,0,0,0,14,0,23,1,0,4,16,12,0,11,0,0,11,0,106,248,242,96,0,5,6,2,0,0,77,110,7,16,14,3,0,0,0,17,8,0,8,13,0,0,8,4,190,255,151,0,0,0,0,0,7,93,254,255,58,0,0,8,16,10,0,11,17,0,0,0,0,0,4,55,255,255,2,15,3,8,5,0,92,227,255,114,0,0,0,8,0,12,0,0,0,12,2,0,0,9,15,133,255,181,7,12,0,0,3,80,226,254,210,0,24,20,0,11,0,0,23,0,2,0,19,0,8,0,11,164,220,55,18,2,3,15,99,227,233,187,17,0,0,3,0,3,0,0,0,2,0,0,11,0,2,10,7,153,255,15,0,0,60,185,244,243,144,4,3,12,0,0,0,7,7,0,10,0,24,8,14,0,0,0,6,150,245,158,120,175,253,251,255,171,31,12,0,0,0,0,11,13,0,0,3,0,0,0,17,0,17,4,0,152,247,255,242,233,235,255,189,0,4,18,0,11,0,12,24,0,0,0,0,0,0,0,7,29,1,0,3,19,136,175,247,244,255,202,26,0,0,0,7,17,0,26,7,2,0,24,0,0,3,4,7,24,0,0,13,0,3,9,205,255,203,81,2,0,27,0,4,18,0,6,4,0,0,0,6,0,22,6,12,10,0,0,6,8,9,27,252,251,63,2,0,2,0,0,0,2,0,0,9,0,0,20,23,0,0,14,0,9,7,8,23,0,35,207,255,101,20,10,12,17,0,3,0,0,0,0,14,0,0,2,16,0,24,8,0,0,0,2,5,1,140,238,253,45,0,0,4,0,8,0,1,0,0,0,8,0,22,1,0,0,0,15,0,13,1,0,1,4,197,224,47,12,5,0,2,0,0,21,10,0,1,16,0,0,0,0,6,3,0,6,0,4,0,19,17,41,228,231,0,0,0,24,0,0,0,0,0,14,17,14,0,17,16,6,24,0,18,0,3,4,0,0,27,28,169,196,6,0,2,3,9,0,2,12,0,0,0,0,6,0,13,0,0,19,0,1,3,0,0,1,19,0,18,0,1,0,0,4,10,17,1,11,0,8,0,0,10,3,0,8,11,4,1,7,0,0,0,6,0,16,0,0,0,0,0,6,0,16,0,16,29,9,0,0,0,1,6,16,15,15,13,0,10,27,0,13,3,1,36,3,9,0,0,0,11,34,8,10,0,17,0,0,0,24,0
0,0,3,2,0,2,9,0,12,17,0,0,0,0,5,9,0,0,1,0,0,20,2,4,0,0,15,2,4,5,6,0,0,0,16,17,0,0,26,0,0,0,0,6,0,1,1,0,19,9,0,6,12,0,0,0,0,0,0,0,0,8,0,17,8,2,16,0,0,36,213,121,0,22,0,0,9,0,0,12,0,7,0,0,4,17,0,2,0,1,8,29,0,0,0,0,0,197,255,255,78,2,10,20,0,0,6,0,12,8,6,15,13,0,0,0,0,28,0,15,0,6,4,22,1,117,245,255,193,0,2,1,0,0,23,0,1,0,0,3,1,0,0,9,0,4,0,0,7,2,0,0,0,2,240,250,189,17,4,3,21,0,0,0,0,0,24,11,19,0,0,0,9,0,3,7,0,0,10,0,0,81,255,255,190,0,10,34,4,1,0,0,0,0,20,14,32,0,20,0,0,0,0,0,17,0,0,0,0,108,255,253,204,3,17,0,6,0,0,0,0,1,0,0,0,0,5,13,20,0,0,0,0,0,11,7,5,137,255,255,56,5,0,0,11,6,0,0,0,0,0,0,0,4,0,0,0,0,0,0,11,0,9,0,0,210,249,225,0,0,6,8,4,26,0,0,0,0,0,0,3,16,1,10,0,0,10,6,0,0,8,15,20,187,255,108,0,5,0,0,0,0,11,20,10,0,0,0,4,0,6,0,0,0,0,16,0,16,9,0,80,227,250,42,0,0,0,0,0,7,0,23,13,0,1,18,0,0,8,0,0,10,6,0,4,22,11,0,191,255,159,0,0,0,14,17,3,0,0,0,0,17,0,14,2,12,1,1,1,16,18,0,7,11,4,54,217,250,86,12,0,2,0,11,22,4,13,20,2,0,0,5,0,0,0,18,7,24,0,0,0,0,14,194,246,167,0,0,0,25,0,0,8,10,11,0,14,0,26,0,0,21,5,6,10,2,0,15,0,0,118,255,255,106,16,9,0,3,10,0,0,0,10,0,2,2,0,23,1,5,4,29,0,0,0,4,0,47,247,255,223,22,0,24,0,0,2,0,12,0,1,0,0,0,4,0,0,0,0,7,0,4,20,0,33,229,255,194,106,79,80,84,99,59,18,33,0,0,0,0,0,1,0,5,13,0,0,0,22,0,2,64,217,255,255,255,255,255,240,254,243,249,244,133,79,2,17,0,6,0,15,8,0,0,10,0,0,19,192,255,239,230,252,249,244,240,230,198,191,202,255,247,255,190,68,0,0,0,0,1,0,12,0,0,10,124,245,255,255,213,107,72,18,3,0,0,7,27,63,117,243,230,245,138,12,18,0,0,0,0,0,0,18,38,255,176,106,0,11,0,8,0,0,6,5,12,0,0,29,90,247,252,104,8,1,0,0,0,17,0,13,6,0,0,0,8,10,0,0,0,0,0,0,18,0,10,0,12,0,0,10,4,0,11,0,0,0,24,0,5,1,0,19,2,2,7,0,0,14,7,9,24,0,0,5,0,0,1,0,0,5,0,14,0,0,0,0,0,7,0,0,0,0,11,0,0,0,3,0,7,11,18,0,7,0,10,0,12,29,15,0,0,0,0,0,0,0,3,8,0,0,0,1,0,17,0,24,0,0,0,7,0,9,0,0,11,6,0,0,0,2,4,16,29,3,0,20,0,0,31,0,0,0,2,2,3,0,6,0,0,8,0,9,5,5,14,0,0,3,7,0,10,0,2,12,0,0,0,0,0,7,0,0,8,7,0,19,0,10,7,0,0,0,0
0,3,6,0,15,28,9,0,0,22,0,0,0,0,0,12,0,0,6,0,0,0,0,3,0,30,0,0,0,0,13,17,0,2,0,0,11,3,0,10,8,5,0,7,0,14,17,0,1,2,11,0,34,0,0,0,0,17,7,0,11,6,2,0,5,28,12,0,16,36,0,0,0,8,0,0,10,0,0,0,0,18,9,0,17,0,8,1,0,0,2,5,0,0,2,0,11,3,0,0,16,4,5,0,0,16,0,1,21,6,4,12,0,17,6,0,0,6,11,0,0,0,19,6,2,0,179,255,255,249,43,6,3,19,6,0,7,0,0,3,0,0,0,5,5,0,0,2,0,6,0,16,88,211,255,245,235,226,139,120,193,63,0,0,1,17,1,4,0,13,11,3,0,0,4,0,0,2,3,87,255,231,254,173,141,135,1,251,245,242,49,0,0,0,2,5,13,0,0,5,0,0,0,0,0,1,0,255,255,245,254,77,0,10,0,194,255,238,139,0,0,12,15,7,8,0,0,0,2,0,0,0,32,2,165,255,230,244,52,0,0,4,0,3,255,240,255,0,0,0,9,0,17,0,6,14,0,0,0,4,0,130,255,232,255,178,53,1,0,0,0,12,255,255,255,0,2,12,0,2,6,0,0,0,0,0,0,0,71,255,253,255,193,0,6,15,1,5,8,0,255,255,255,5,2,0,3,0,0,4,0,0,0,0,23,8,253,255,245,198,4,14,0,6,7,0,0,0,255,255,252,2,13,3,0,6,0,3,0,0,0,0,0,153,241,255,255,0,0,0,0,0,0,0,0,72,255,255,236,2,7,4,0,10,0,13,6,13,0,0,45,233,255,254,206,0,0,1,9,1,0,3,68,225,242,251,184,4,3,11,10,0,0,1,3,0,12,26,144,253,244,255,54,37,0,0,6,0,0,0,116,255,239,255,67,13,0,10,0,0,7,3,8,7,0,24,136,255,255,175,0,32,0,0,9,0,2,0,140,255,255,136,0,0,0,0,0,14,3,13,0,0,0,20,131,255,247,131,0,0,0,0,2,0,21,64,242,255,255,70,0,0,6,0,4,0,6,0,0,7,11,1,137,246,244,116,0,7,4,0,18,10,0,255,255,245,192,12,8,6,12,10,0,7,6,14,20,0,40,14,141,233,251,126,0,20,5,0,3,0,185,251,247,242,0,1,7,17,14,0,0,15,0,0,18,0,0,1,66,255,255,212,62,0,1,12,0,187,255,254,242,128,0,10,0,0,6,7,12,0,11,3,0,0,0,1,32,121,255,255,255,14,6,56,196,225,255,255,248,0,17,1,2,0,0,0,6,0,6,0,0,28,0,7,0,0,255,254,255,241,255,249,250,233,254,194,0,2,1,2,0,0,0,10,11,0,0,0,26,11,18,0,0,0,150,251,247,255,255,255,237,246,82,2,0,0,2,5,0,0,8,20,0,0,11,17,2,15,0,4,10,0,0,211,245,246,255,248,187,65,3,12,9,2,14,0,13,17,16,0,11,0,0,0,10,0,8,0,11,0,0,0,0,12,0,2,0,0,7,0,14,0,25,0,2,11,2,8,17,0,8,2,12,0,0,0,28,1,15,5,0,0,0,0,8,5,0,0,20,2,16,0,0,7,3,4,0,0,0,0,2,0,9,0,6,0,11,0,0,0,0,0,0,0,0,0,0,6,7,13,8,0,0,14,0,7,0,16,17,24,9,0,0,0,0,0,1,6,12,8,0,0,0,12,2,5,0,2,0,6,0,18,24,9
9,2,10,0,19,0,0,5,0,0,0,0,0,0,23,1,0,6,0,0,0,8,17,0,5,34,13,0,0,0,16,21,0,11,0,0,0,1,0,2,0,11,31,9,11,0,6,0,0,0,14,0,0,4,10,0,4,4,8,0,0,0,0,15,11,14,0,27,0,0,6,0,3,2,1,7,0,0,2,0,4,0,0,0,11,0,30,0,2,0,7,1,0,0,0,27,0,11,4,0,0,6,0,0,4,0,0,0,3,16,0,0,11,0,0,11,0,22,23,3,1,17,0,24,0,18,0,0,0,0,0,0,21,0,0,0,0,9,0,5,11,22,2,0,12,0,0,0,0,13,8,0,9,24,2,0,3,0,0,0,7,2,0,7,0,17,0,0,0,0,0,23,0,0,16,0,0,11,9,0,2,1,8,0,86,233,121,0,15,11,18,9,2,10,0,11,0,0,2,20,0,0,1,0,13,5,4,0,0,74,94,221,255,255,236,68,0,0,11,0,0,0,0,9,0,14,0,1,6,13,0,0,21,120,171,241,252,255,244,246,255,238,223,113,0,14,2,7,2,0,0,0,0,3,0,0,1,0,0,162,243,245,253,255,255,248,252,255,255,243,243,67,0,0,0,0,9,0,17,4,0,0,4,19,7,0,0,165,255,255,242,255,207,142,143,123,251,244,63,0,0,3,0,0,13,25,2,0,0,0,0,0,0,0,0,14,77,159,153,93,0,6,10,167,255,188,18,0,0,15,0,0,0,0,0,0,2,0,5,14,0,0,0,13,0,8,1,0,0,0,142,255,244,122,3,6,0,0,20,0,0,0,13,8,0,0,0,11,6,17,14,0,0,0,8,11,0,1,137,255,210,11,12,6,3,7,2,17,5,6,15,7,0,5,0,14,11,3,0,4,6,6,0,0,0,5,239,255,195,0,9,12,86,24,21,0,2,3,0,0,0,0,6,0,20,4,10,14,10,0,0,30,29,3,250,255,138,0,92,114,160,14,5,0,0,24,1,0,0,2,27,0,10,6,6,15,0,0,2,0,62,56,235,245,231,255,255,134,1,1,21,2,0,16,0,9,11,0,34,0,6,0,0,0,7,0,31,140,255,254,247,255,235,174,80,0,0,8,7,0,0,0,8,0,0,0,0,6,0,0,23,5,6,28,154,250,254,228,249,203,23,0,7,10,0,6,0,9,8,0,2,0,0,0,7,2,0,18,0,6,20,19,234,238,222,255,255,164,0,0,10,0,0,0,0,17,0,5,0,0,2,0,0,0,0,0,5,15,2,8,71,112,17,218,245,158,0,12,9,3,4,0,0,0,13,0,5,0,7,0,21,19,0,0,0,0,0,9,0,0,8,202,255,106,0,0,5,0,7,1,0,12,12,0,22,7,0,26,0,0,32,11,19,0,14,11,10,0,133,234,243,65,0,0,4,0,4,0,4,0,14,23,11,17,0,14,0,0,0,15,0,5,21,0,0,23,81,240,245,56,27,0,0,0,0,0,0,0,13,0,0,7,0,0,13,23,0,0,0,0,10,0,8,0,74,251,223,6,13,0,0,0,5,0,9,8,0,2,5,0,0,3,6,0,0,0,1,0,12,4,0,0,20,189,209,0,0,5,0,0,22,0,0,0,15,11,0,23,5,0,0,0,13,0,0,0,0,0,11,0,0,39,6,0,0,26,0,0,0,0,0,21,0,8,0,0,10,0,0,0,0,4,17,3,11,0,0,0,7,0,46,4,0,0,0,0,17,3,0,4,0,8,5,0
14,0,2,8,0,11,0,9,0,0,1,1,5,12,5,2,0,35,0,11,0,4,6,5,0,0,0,0,4,5,0,23,13,0,8,0,0,17,0,0,0,0,0,0,15,0,23,8,0,8,5,0,6,0,0,2,3,3,0,0,20,0,0,0,11,0,13,10,0,22,0,11,2,10,0,2,0,0,0,0,1,0,0,10,0,0,21,21,13,3,0,9,16,2,0,10,31,0,0,0,2,30,0,0,10,0,6,0,20,0,0,0,0,6,0,0,18,2,0,0,0,0,2,0,14,1,91,255,162,4,18,22,3,4,10,0,21,0,0,13,21,8,0,0,4,0,18,7,4,9,0,0,0,49,244,234,205,0,0,27,17,3,13,0,0,7,19,0,6,0,9,0,0,1,0,3,6,0,0,8,0,85,255,255,205,19,0,0,0,18,7,29,4,0,0,0,3,0,0,0,0,0,0,0,0,12,0,8,0,81,255,247,210,4,4,0,0,0,14,3,0,0,3,0,13,1,16,12,0,16,22,0,5,4,3,0,0,51,255,255,218,28,9,0,16,0,0,20,0,4,6,0,21,0,0,7,0,0,0,3,0,7,0,0,0,75,235,239,210,0,6,13,1,0,0,0,0,0,0,0,10,5,7,6,4,3,0,4,0,0,0,0,0,78,255,244,192,0,14,13,1,0,0,0,9,0,0,6,0,13,2,0,7,16,1,2,1,0,0,0,0,168,255,255,209,4,4,3,0,27,8,3,0,0,8,13,0,0,11,14,0,3,15,12,1,2,0,12,12,219,251,251,210,8,0,2,0,0,15,6,0,0,7,7,0,4,0,0,0,0,0,0,4,2,1,0,0,215,255,255,95,0,0,16,0,1,3,0,0,2,0,0,0,7,0,0,2,8,0,19,0,10,8,13,96,226,232,255,87,0,14,12,0,7,26,0,0,0,12,0,1,24,0,21,7,0,0,1,2,12,17,1,82,255,255,255,67,0,9,10,15,18,29,0,0,4,7,0,2,10,3,15,8,6,4,0,11,17,6,0,98,232,255,255,66,0,15,0,26,13,0,0,1,0,13,0,0,9,0,7,1,0,0,1,0,0,16,8,32,220,255,255,157,6,0,0,0,0,0,0,0,0,0,17,0,0,9,0,6,10,0,6,9,0,0,3,16,206,249,255,198,15,12,2,7,11,0,0,9,0,6,0,0,0,1,0,21,22,0,0,0,15,3,5,85,255,247,255,115,0,0,0,1,5,22,2,0,5,0,0,8,0,8,15,4,0,0,0,9,9,1,3,75,255,255,215,40,4,19,42,13,0,2,0,0,7,0,0,0,13,0,0,24,0,10,1,0,0,10,13,82,228,255,217,2,0,1,0,4,16,11,0,7,0,0,13,18,1,0,11,0,15,0,1,0,0,0,0,0,197,250,195,4,0,0,22,9,0,0,0,0,6,24,0,8,0,9,5,1,0,1,0,1,0,22,16,16,14,216,184,15,0,0,5,0,2,4,0,19,0,0,19,0,27,9,0,10,20,0,15,17,1,10,10,0,10,0,0,5,0,0,1,4,0,14,24,10,0,0,7,0,0,4,0,0,0,0,0,0,7,0,7,15,0,10,0,0,0,0,0,0,15,8,2,17,5,0,0,9,5,14,4,0,0,0,0,28,28,37,0,10,3,5,6,0,12,1,1,8,0,21,0,14,0,0,0,19,0,4,7,0,0,8,0,0,14,0,6,2,0,18,0,0,0,12,0,0,11,8,0,19,7,3,0
2,0,2,18,12,4,28,7,0,2,3,1,5,3,0,6,0,0,0,0,38,0,14,0,0,0,0,12,13,0,12,0,8,2,8,0,0,5,0,9,0,0,0,0,0,0,12,11,13,15,0,0,13,0,0,23,0,9,0,0,7,0,8,0,1,5,0,0,15,0,0,12,5,12,30,2,4,4,30,16,0,17,0,25,8,0,0,14,11,0,13,5,2,0,0,0,12,16,0,0,0,0,1,0,13,1,0,5,13,2,0,2,0,19,0,16,16,3,6,0,12,0,16,6,0,7,68,206,48,0,9,22,2,0,0,0,0,11,0,0,0,0,0,0,0,12,12,0,0,0,0,0,0,0,146,255,138,0,0,1,0,0,0,0,16,8,5,0,0,2,0,0,14,0,10,0,29,0,25,0,7,2,238,255,177,0,10,0,0,8,0,2,0,0,15,0,0,4,0,0,0,0,7,0,0,0,0,16,21,2,250,255,95,0,0,0,0,0,0,0,0,0,18,0,19,10,0,0,0,0,0,0,0,10,0,17,4,25,255,232,40,0,0,0,0,12,0,3,0,0,0,0,14,0,1,4,4,0,0,0,0,0,0,7,0,53,252,251,38,17,0,6,26,8,6,0,1,17,20,4,2,10,1,0,0,27,2,5,0,0,0,0,0,100,255,255,116,10,5,5,21,0,7,3,0,8,0,25,0,0,1,0,0,0,1,18,0,14,0,27,2,135,231,255,0,0,10,0,16,0,3,8,19,0,0,0,0,0,21,16,19,0,0,8,3,0,0,0,0,222,255,255,0,0,14,0,4,16,5,17,33,2,0,0,13,3,23,0,6,19,0,0,0,0,0,0,4,173,253,232,55,6,11,0,17,0,0,0,0,11,0,0,0,15,17,16,12,0,17,7,17,0,6,0,9,99,255,255,109,10,17,9,2,0,0,0,0,0,19,0,5,0,12,0,0,14,0,0,0,7,0,0,0,104,229,255,92,0,21,0,0,22,2,7,9,0,17,0,19,0,0,0,2,13,0,0,0,15,0,15,17,110,255,255,126,0,11,0,0,0,3,9,0,21,8,0,14,12,12,0,6,13,0,0,2,0,0,0,4,128,255,228,22,0,10,0,14,5,0,2,1,0,10,0,0,2,0,0,0,0,0,2,3,0,3,24,48,105,255,228,85,3,4,0,7,4,11,9,4,0,0,1,0,0,5,0,18,0,0,10,0,0,18,6,4,196,255,255,74,0,17,1,9,0,0,14,0,22,0,0,8,0,15,9,10,0,0,11,0,0,4,4,0,203,244,255,0,4,4,0,0,0,0,2,7,27,0,5,5,0,0,0,0,0,0,1,0,1,0,0,0,206,255,180,0,0,0,0,7,0,0,5,0,0,3,22,0,0,0,0,8,29,0,0,0,0,2,13,0,214,255,255,2,0,0,15,7,0,0,0,18,0,0,14,5,0,0,12,0,0,0,0,0,2,0,0,0,78,172,172,0,0,1,8,0,0,0,0,0,3,4,0,13,6,0,8,2,0,5,3,0,12,0,0,0,4,13,0,19,1,0,0,0,0,0,22,17,3,0,0,0,0,0,11,0,0,0,10,0,0,1,6,35,0,0,0,18,0,2,17,13,0,17,0,3,0,0,4,0,0,11,3,0,7,7,0,11,0,5,0,16,0,0,6,8,0,0,20,20,1,0,0,0,0,0,33,0,0,0,2,0,2,13,2,2,15,0,1,11,0,13,16,21,18,2,0,19,0,2,0,16,18,0,20
0,1,0,0,0,14,18,0,2,0,0,20,0,6,0,18,0,8,0,0,0,0,6,26,1,0,0,1,0,8,0,0,0,0,9,0,0,0,7,0,13,0,16,15,0,25,8,20,0,21,15,0,0,0,8,0,22,0,1,0,0,0,2,19,0,2,0,0,0,5,1,6,12,0,0,4,1,9,21,0,20,9,0,26,12,0,10,12,0,6,0,0,7,8,19,13,0,19,0,0,3,10,15,0,4,9,19,0,8,0,4,0,0,21,7,17,13,1,158,255,231,255,239,239,255,255,255,161,44,0,0,7,14,15,10,0,3,4,0,5,8,0,15,8,0,0,19,220,210,178,188,79,17,88,105,184,255,129,12,0,7,2,8,15,0,0,1,29,0,0,0,6,0,0,14,0,0,1,0,0,0,1,25,0,74,244,152,28,0,0,0,0,0,12,24,0,0,8,0,4,0,0,18,7,0,0,23,15,0,0,0,17,0,122,255,81,0,0,23,3,0,0,7,0,0,0,9,15,0,6,9,0,0,0,0,2,11,0,0,15,0,106,225,128,0,0,1,0,0,17,10,4,0,15,2,10,3,15,0,18,0,4,0,0,10,0,0,0,39,255,253,122,0,0,7,1,12,0,0,3,0,6,5,0,6,27,26,0,2,0,0,12,0,0,16,0,72,255,207,13,0,2,6,0,0,0,5,38,0,8,0,25,0,0,9,0,15,0,0,6,0,0,0,34,172,243,83,0,5,7,0,0,33,0,3,6,0,0,0,4,12,12,22,0,6,0,10,18,0,19,59,218,255,174,12,7,0,0,7,5,4,1,0,0,0,0,0,3,0,23,5,1,1,0,0,0,0,8,166,251,241,101,12,1,13,0,0,3,0,10,0,0,20,0,0,4,0,16,7,0,18,0,0,19,0,53,247,255,139,14,0,16,0,0,1,9,29,0,4,8,0,2,0,7,0,0,0,9,0,0,9,14,21,189,255,167,0,0,26,0,21,20,1,0,0,5,0,2,0,0,0,0,0,1,17,0,6,10,8,0,169,239,153,40,3,0,0,27,4,0,19,2,0,0,0,0,5,0,0,0,8,22,0,0,29,20,8,163,252,236,37,0,0,15,0,3,5,31,0,20,20,0,23,0,1,11,25,0,25,0,1,3,14,0,155,234,231,140,0,25,4,7,8,14,0,17,0,11,17,14,0,3,0,0,0,26,0,15,1,0,0,45,218,255,162,20,11,11,2,16,2,2,16,5,0,2,17,25,32,1,12,0,7,0,0,0,0,0,53,221,238,189,16,0,0,14,24,64,119,169,163,201,192,73,28,15,5,24,5,5,4,0,7,5,0,10,50,255,221,127,91,72,142,195,244,255,255,240,207,114,31,8,8,11,0,0,1,0,28,12,0,0,0,0,47,254,255,222,255,255,255,246,225,137,44,3,0,24,0,2,0,0,0,14,5,14,0,1,3,8,10,0,0,94,211,242,177,153,150,78,0,0,9,10,0,0,4,7,0,0,0,10,12,0,2,6,1,7,5,0,0,0,0,9,0,3,0,0,3,0,5,0,4,0,12,0,5,0,3,0,0,28,17,0,27,5,9,0,0,0,4,2,18,19,19,5,7,19,0,0,18,15,0,12,11,28,8,15,0,7,0,5,0,27,0,13,8,0,0,20,12,0,0,11,0,0,0,0,0,6,0,0,0,10,0,0,0,13,0,0,0,0,2,13,3,0,0,12,0,2,5,0,19,0,5,7,0,1,0,1,16,0,0,0
0,0,7,0,2,0,0,16,0,0,9,11,15,0,0,0,0,18,0,15,0,0,24,2,1,0,2,0,0,12,0,0,21,3,9,18,0,7,2,12,16,1,24,6,0,1,0,0,0,22,0,1,0,6,0,3,14,5,0,7,9,0,5,1,1,7,17,0,0,0,0,0,5,3,0,0,9,14,0,8,18,0,0,2,14,11,0,0,0,0,10,17,9,0,12,9,8,24,0,9,0,0,0,0,1,0,2,3,0,15,0,2,1,3,8,20,0,0,0,8,17,11,0,0,0,29,0,162,108,6,0,0,7,0,0,0,0,0,0,0,1,0,0,31,0,0,0,9,8,0,0,0,11,2,0,246,224,0,9,22,0,3,0,10,9,0,0,6,18,0,15,0,8,10,1,0,10,21,13,0,0,3,86,255,253,61,0,0,2,3,0,9,0,8,26,18,4,0,16,0,11,0,0,0,0,0,1,0,6,0,165,250,247,74,0,10,10,0,2,0,23,0,0,0,1,3,2,4,19,9,21,0,0,23,0,2,0,1,255,255,238,13,0,0,19,0,17,0,8,0,22,12,15,1,6,1,0,22,14,0,0,5,8,10,17,5,255,255,235,0,0,0,0,0,19,15,25,10,0,14,0,3,8,0,0,0,7,3,1,1,3,8,19,14,244,239,219,0,6,4,16,13,0,17,2,0,16,0,0,0,0,21,16,16,0,14,0,6,10,8,0,42,242,250,239,9,0,0,0,15,0,5,12,0,0,0,11,23,18,0,0,0,4,1,0,23,0,0,0,105,234,255,182,23,0,0,9,8,0,2,8,0,0,5,0,11,0,15,0,0,5,0,0,0,7,2,0,159,242,255,119,0,0,0,10,0,14,12,15,1,0,0,0,0,0,9,0,1,2,16,3,0,11,0,8,239,241,241,86,0,0,0,0,5,26,3,7,0,9,0,0,0,12,1,0,0,0,0,6,0,4,0,0,212,249,233,0,0,0,3,0,0,0,20,6,0,6,21,18,0,8,0,16,0,10,0,12,0,0,0,0,220,247,227,2,7,1,0,0,0,2,6,0,0,6,0,0,10,0,0,18,0,0,3,11,12,0,0,8,217,255,251,0,0,14,17,0,0,0,4,14,5,0,0,13,3,13,0,20,0,3,8,7,5,5,5,0,234,255,204,0,6,0,0,15,1,0,0,0,0,0,0,0,15,7,8,14,16,7,23,1,0,0,8,8,255,255,117,0,0,0,0,15,0,0,3,0,7,0,6,13,0,9,15,0,14,0,19,0,0,24,0,106,232,255,115,11,20,0,5,9,0,10,0,0,0,3,4,0,0,11,5,4,18,15,3,0,13,0,24,27,230,239,110,0,2,5,10,0,0,4,1,12,11,0,0,0,28,4,0,0,0,0,17,12,0,14,0,0,189,252,127,0,6,23,18,17,0,14,0,10,5,0,0,0,7,2,0,0,11,25,0,4,0,0,2,0,36,255,108,25,20,19,5,0,30,9,0,0,13,0,0,0,17,4,18,4,0,0,11,0,0,15,11,0,13,5,3,0,10,0,0,8,0,1,2,0,1,0,0,0,0,5,16,8,10,3,0,8,2,0,7,22,2,29,0,0,3,0,0,12,11,7,0,7,7,0,0,0,18,13,0,0,7,0,0,0,11,14,12,22,0,0,0,1,4,0,11,13,0,9,18,5,18,8,9,0,18,0,33,15,0,2,0,0,6,26,0,3,0,21,0,12,0,9,0,13,0,0,0,5,6,15,1
1,1,0,5,9,0,0,3,10,8,8,8,0,0,11,18,5,0,0,0,0,0,1,0,1,5,0,18,14,2,0,0,0,18,0,8,4,0,0,0,31,0,0,0,20,0,0,0,0,0,5,2,0,0,6,0,0,4,37,0,0,0,17,0,8,0,0,0,21,28,0,0,0,0,0,0,5,0,0,0,16,0,15,0,0,0,1,10,17,0,0,0,0,4,0,0,0,0,9,0,13,0,38,1,3,19,3,10,0,0,6,2,0,0,0,0,0,0,0,20,0,0,2,5,0,0,0,0,6,0,13,1,0,5,14,0,0,11,0,0,6,8,8,1,11,6,0,8,5,31,0,107,113,230,255,238,245,250,229,203,130,13,10,0,0,2,0,0,3,0,1,16,16,10,8,8,45,124,248,255,254,254,224,233,225,151,106,214,255,244,160,27,23,0,15,0,0,0,0,0,9,12,21,31,195,243,204,116,36,4,0,0,0,7,6,1,107,248,235,135,0,8,8,0,6,0,20,18,0,8,0,93,246,231,48,9,0,0,9,7,0,0,0,0,0,53,254,255,0,9,0,0,22,6,12,0,5,3,4,153,255,190,0,5,0,11,7,0,1,21,5,23,0,0,156,181,28,0,0,0,16,0,2,10,0,20,13,124,250,180,3,0,18,0,7,19,3,9,1,12,0,0,2,32,0,20,10,9,0,11,0,0,6,8,0,11,225,255,116,0,7,0,27,0,8,7,0,2,0,17,4,4,11,32,0,7,0,4,14,0,22,21,0,0,57,246,225,165,1,0,0,19,0,10,0,11,2,0,13,0,15,6,0,0,4,0,0,0,0,0,0,6,12,104,240,222,162,37,4,1,37,4,0,3,11,0,0,9,6,0,17,9,0,6,15,0,19,0,17,10,0,0,77,230,255,173,62,24,0,0,2,0,0,0,0,0,14,0,8,0,0,0,0,0,0,2,0,4,3,0,6,67,216,255,210,44,0,22,35,0,3,2,9,0,3,32,0,9,0,0,0,0,4,0,16,0,3,12,0,0,36,148,255,250,29,23,0,0,0,0,0,0,0,6,0,13,3,4,0,6,20,0,0,9,0,1,9,0,4,7,148,248,206,84,27,5,3,0,20,0,0,0,25,4,6,0,0,3,8,1,0,1,5,0,0,0,14,0,26,195,255,193,0,0,1,12,18,2,1,0,12,7,15,0,0,0,0,0,0,14,0,6,0,0,15,0,1,18,209,236,29,0,0,3,0,3,15,0,11,7,0,0,27,0,0,0,0,10,0,14,8,10,6,0,0,19,189,255,77,0,0,0,2,0,0,12,5,11,0,33,0,0,0,0,2,4,0,12,0,5,8,0,0,31,187,255,173,0,0,1,0,6,4,16,0,5,0,1,0,20,0,16,0,0,8,0,2,58,128,100,145,233,241,255,103,0,1,7,21,0,0,0,0,0,4,0,0,10,13,0,112,108,109,192,254,255,227,252,252,254,245,144,11,0,3,8,0,0,3,3,21,5,16,0,4,12,0,0,63,102,251,254,255,255,255,214,172,132,40,0,0,0,12,3,5,2,0,0,0,16,0,0,23,0,5,0,0,22,0,7,5,20,0,0,7,0,18,4,21,15,0,0,0,24,0,0,12,0,0,0,0,17,7,0,15,1,5,0,19,0,2,26,1,1,8,4,0,17,0,5,2,0,0,0,9,0,2,0,0,0,0,0,21,1,0,0,0,0,0,0,0,3,0,18,0,5,4,0,7,15,0,9,18,18
1,0,0,6,0,0,0,7,0,0,0,0,0,0,0,0,0,12,5,0,0,8,11,4,17,13,8,0,0,0,8,0,18,8,0,11,12,6,1,0,0,13,8,0,23,0,3,0,0,13,1,0,0,2,0,8,0,0,7,0,20,0,0,0,3,0,6,0,0,0,6,10,3,15,3,0,15,0,9,0,0,4,0,2,0,0,0,2,10,0,18,0,0,0,21,0,0,0,0,0,0,2,5,18,25,0,0,0,4,3,0,13,0,0,0,13,3,0,9,0,15,1,0,0,0,8,11,15,12,4,0,0,4,0,0,9,0,15,0,0,0,0,0,20,0,17,7,16,13,120,205,255,251,245,224,255,244,141,26,9,0,16,20,0,0,0,6,7,0,8,0,0,24,3,11,126,230,205,138,97,35,43,58,109,180,240,171,12,2,0,5,0,17,0,0,0,0,0,0,0,0,0,125,242,148,52,0,0,0,0,6,0,71,243,232,7,14,3,7,1,0,0,0,10,5,0,0,0,6,0,175,82,28,0,0,7,11,0,0,0,8,199,207,13,0,0,6,20,1,8,16,0,0,5,0,0,21,24,8,0,0,0,0,3,0,19,0,0,21,209,216,9,0,0,4,0,9,12,0,15,0,23,37,0,0,0,0,0,0,0,0,10,8,0,11,6,161,255,140,0,6,0,0,0,3,4,0,12,0,0,8,3,23,0,0,0,0,10,0,30,13,0,40,191,236,160,16,0,0,0,5,0,4,23,0,0,2,3,12,0,0,0,0,17,0,0,4,93,108,164,252,233,247,82,5,0,7,7,0,0,7,26,0,6,1,0,12,2,0,0,3,0,4,27,153,255,246,211,231,205,255,227,116,10,0,0,0,10,12,0,0,0,0,0,15,2,0,0,0,0,0,6,4,68,57,16,0,0,13,126,246,83,0,9,4,0,11,10,0,0,18,0,3,18,5,4,0,0,0,15,6,16,1,10,1,0,3,0,231,231,0,0,0,0,5,0,8,0,0,0,0,6,0,6,0,0,0,0,6,10,0,8,3,0,11,0,160,248,0,0,0,0,0,6,0,0,4,15,16,0,3,2,0,0,7,0,0,11,0,10,18,2,5,0,157,224,0,8,5,0,5,1,0,0,0,0,12,0,0,15,0,0,0,7,8,0,0,0,5,0,12,72,246,219,0,0,18,0,0,0,0,0,0,0,0,11,2,12,3,112,63,3,6,0,0,17,0,6,0,144,255,121,0,0,0,0,0,16,0,28,1,2,0,0,3,18,131,232,2,0,0,19,0,0,5,16,135,252,176,0,0,0,0,0,0,0,0,16,17,9,0,28,1,26,206,240,32,1,20,0,0,0,26,185,240,210,34,0,0,0,0,0,0,12,0,0,2,9,20,7,0,0,193,255,148,29,4,0,1,90,232,228,170,21,0,9,2,0,0,5,15,11,0,0,6,0,12,0,2,0,93,248,255,229,242,253,249,255,217,119,35,13,10,10,7,9,5,34,1,0,0,0,0,0,0,0,0,4,0,55,146,187,211,175,185,64,17,4,8,0,0,11,0,0,12,0,0,4,0,13,0,2,3,0,23,0,16,12,6,2,5,0,0,0,2,15,26,24,16,0,10,3,6,14,0,0,5,0,0,0,3,1,0,2,2,0,28,0,0,0,26,16,16,0,1,24,8,0,0,0,0,8,8,11,6,2,7,0,0,0,0,16,12,23,0,0,11,13,0,9,0,0,0,0,0,2,12,15,0,9,5,0,0,7
12,0,4,1,0,3,5,0,0,5,10,0,13,12,16,23,0,7,29,0,0,0,0,8,1,4,0,16,13,0,1,3,9,14,17,13,15,0,8,1,21,8,0,0,0,6,0,7,0,0,18,0,9,0,1,0,13,0,32,6,0,0,0,0,6,7,8,6,0,0,0,6,8,0,17,5,0,2,0,3,0,0,0,0,0,4,6,0,0,0,0,0,0,0,0,22,0,0,13,0,28,5,9,8,0,0,0,7,0,7,0,13,16,0,0,15,11,9,0,6,19,23,0,30,133,180,255,255,236,115,2,0,15,9,0,0,9,14,0,23,11,0,0,0,8,23,0,0,23,29,132,255,246,255,211,194,200,255,59,1,0,5,12,0,5,0,3,18,0,0,0,12,18,0,0,9,22,168,233,201,149,33,31,0,27,245,196,11,0,16,0,0,18,1,1,0,0,0,0,0,0,0,0,2,78,255,216,37,0,12,13,0,24,255,255,38,0,0,0,17,0,9,0,0,1,0,13,6,0,3,10,0,75,226,44,2,0,0,18,0,40,249,140,0,0,0,0,8,7,6,0,0,0,21,0,5,0,10,10,3,0,17,0,0,4,25,2,10,48,255,51,8,0,0,0,1,0,12,14,9,0,8,0,28,0,0,0,11,1,5,4,0,1,11,0,1,181,241,41,4,3,0,2,4,26,5,0,0,15,0,0,20,0,11,11,0,0,12,0,11,0,0,1,151,244,59,12,7,0,0,0,15,17,0,3,0,0,10,0,17,0,1,17,14,1,3,25,0,13,6,157,235,158,7,0,2,0,6,12,0,0,0,0,0,0,0,5,9,7,3,0,0,25,0,14,0,13,176,255,196,0,0,0,0,9,0,7,0,0,0,0,18,0,0,7,14,0,3,0,0,2,12,0,10,143,255,255,255,175,8,3,17,5,3,0,10,11,6,3,0,8,0,11,0,0,3,0,0,22,0,9,0,27,33,128,244,251,190,34,15,2,7,0,5,0,0,0,4,0,2,0,0,0,2,0,0,10,4,8,6,0,6,0,1,167,255,123,25,0,14,0,2,5,0,7,0,1,0,0,0,0,7,21,0,0,3,0,0,7,0,0,23,2,228,255,73,0,9,0,0,0,0,6,0,0,9,13,0,2,10,0,9,0,8,0,0,82,10,0,0,0,73,245,142,12,0,0,16,0,0,0,2,0,11,0,0,13,6,0,0,0,0,61,207,81,9,20,0,0,0,255,136,0,1,0,0,9,15,14,2,4,0,1,0,9,22,12,0,35,18,195,214,0,5,0,0,0,61,255,120,0,0,7,0,0,6,6,0,4,21,0,0,6,0,1,0,13,64,241,252,166,39,15,70,118,219,236,64,18,3,12,0,0,0,8,16,0,0,0,0,0,30,0,15,0,0,207,251,253,215,201,238,253,191,95,30,8,8,0,0,0,0,0,0,20,0,1,17,24,0,3,0,8,1,6,91,202,241,255,174,85,0,3,0,10,10,0,16,3,14,0,0,0,9,4,0,0,0,0,1,0,11,3,10,1,0,0,10,4,0,10,18,26,6,0,3,0,3,0,0,22,0,7,0,0,3,27,0,0,5,6,2,17,5,0,0,14,9,0,13,0,21,0,6,10,7,0,0,0,6,24,6,0,4,10,0,0,12,9,17,20,0,1,0,5,5,0,0,11,1,9,9,13,0,8,0,0,0,0,0,7,4,11,12,0,0,6,0,7,11,0,0,7,0,21,8,0,12,22,6,7,0,12,11
9,1,0,0,0,0,0,0,0,29,4,0,13,20,5,17,0,0,0,12,0,2,16,0,0,22,0,11,3,5,2,8,0,9,7,16,1,0,0,11,0,22,9,0,0,0,0,0,0,1,0,0,0,30,21,0,4,5,0,0,11,0,0,17,3,26,0,1,8,0,0,0,12,0,24,0,0,14,0,3,0,17,10,6,0,0,0,0,19,4,8,0,12,0,15,0,0,0,30,4,17,22,0,4,9,23,6,0,14,0,0,1,0,0,0,0,7,0,0,0,0,0,0,0,4,19,0,0,2,0,2,0,12,8,6,0,0,0,0,8,12,0,0,26,0,0,0,0,0,2,0,0,52,156,216,221,54,9,0,11,0,9,0,5,0,0,0,0,17,2,2,0,14,0,0,27,0,0,82,244,255,254,255,253,239,25,5,0,0,0,0,14,1,10,18,2,0,0,14,0,9,21,11,12,19,173,255,254,209,174,185,255,255,179,14,0,0,10,6,0,2,19,16,0,0,20,5,0,0,0,0,9,151,242,255,150,40,5,53,236,246,253,118,0,0,10,0,0,0,4,9,0,0,0,15,10,0,0,0,52,255,251,158,16,0,3,0,64,255,255,225,23,9,15,0,0,0,25,0,2,28,22,0,16,6,0,13,66,248,251,37,0,8,0,0,33,237,254,244,26,0,1,0,6,26,9,6,7,0,1,9,3,27,4,0,114,255,222,7,1,6,0,0,174,241,249,237,45,0,0,6,0,3,4,0,23,0,13,0,1,15,3,0,214,249,154,0,0,9,12,5,34,240,249,255,17,22,0,14,0,4,6,10,0,0,9,0,5,0,2,76,255,255,137,15,14,19,0,9,28,255,252,239,36,0,2,26,37,17,10,1,10,0,0,4,0,0,0,18,203,251,246,215,90,66,5,4,29,255,241,246,58,0,2,0,0,13,6,16,21,0,0,3,1,0,15,0,74,238,236,255,255,205,163,185,177,169,252,255,2,7,10,0,2,27,9,0,0,0,4,0,0,0,7,4,0,96,225,233,222,242,255,254,250,242,249,252,38,10,0,8,8,19,17,15,0,6,1,19,0,11,15,17,8,17,79,112,181,255,255,255,255,240,255,245,32,4,14,34,0,24,0,0,15,15,0,0,28,2,10,15,5,1,0,24,0,0,40,164,197,237,247,255,99,10,30,0,1,18,4,0,0,5,24,16,0,14,0,0,5,0,0,0,23,5,20,0,0,154,255,251,141,19,0,14,2,0,0,11,0,2,0,6,7,7,4,4,0,0,15,13,0,5,3,2,19,19,255,255,73,14,14,1,3,0,0,0,3,0,0,0,0,0,10,0,0,0,0,5,7,3,19,0,17,18,255,241,160,13,0,0,9,13,21,13,23,0,1,0,0,1,0,0,0,28,0,27,0,14,0,0,0,2,243,255,194,23,4,1,16,16,29,0,0,16,0,0,0,9,0,0,8,8,9,0,19,24,0,0,0,14,249,251,255,33,20,11,0,9,0,0,1,0,8,0,0,14,14,6,9,8,8,0,8,0,0,1,22,0,116,255,244,130,0,1,30,17,1,2,4,0,3,5,18,0,12,0,0,6,30,0,7,20,13,17,31,0,0,31,0,0,0,11,16,0,0,0,0,1,17,0,7,0,7,11,0,4,4,17,1,0,0,0,9,0,0,10,8,9,0,14,12,18,20,3,15,0,0,0,0,0,0,0,0,4,0,3,0,0,2,0,0,0,11,2,0,6,5,44,0,10,6,0,0
0,15,25,18,0,0,2,0,0,0,11,7,1,2,1,0,0,9,0,0,0,17,0,4,9,1,0,7,0,14,0,0,0,0,0,24,5,0,19,0,0,5,0,7,0,0,0,0,0,0,8,0,0,19,0,10,3,0,4,1,12,13,14,3,12,0,0,5,0,5,12,4,0,0,20,2,12,10,0,10,0,0,2,7,0,0,16,0,0,0,16,0,0,19,4,0,0,4,14,0,8,2,7,0,22,0,0,4,19,0,10,14,8,0,0,0,3,0,11,4,22,0,19,4,0,0,24,0,0,0,0,0,2,13,0,7,8,7,0,0,0,0,0,2,7,7,0,0,0,23,0,26,0,12,10,9,0,17,0,9,0,2,0,0,20,3,0,0,0,1,0,0,0,16,0,8,0,21,0,16,0,6,1,0,1,0,0,1,0,2,20,0,0,10,0,0,12,0,9,0,0,8,2,6,51,118,154,189,225,255,240,20,0,19,16,0,0,15,3,19,0,0,0,4,0,0,21,0,26,12,119,193,235,253,227,230,254,255,252,229,152,75,0,0,15,16,4,15,0,9,0,0,0,0,0,0,36,148,244,242,208,109,23,27,80,153,241,255,255,136,51,0,8,0,0,11,12,0,0,0,0,1,0,10,104,246,212,100,20,9,0,0,14,0,48,152,251,255,159,0,6,0,0,8,0,0,0,0,0,0,8,18,180,233,24,3,0,15,3,24,0,8,0,43,237,255,249,94,0,2,18,0,5,1,15,0,9,0,0,27,201,20,0,0,0,0,0,4,0,0,0,19,174,255,255,161,0,0,0,0,5,8,16,0,11,5,9,10,0,10,0,10,0,13,7,27,3,0,0,7,97,255,246,159,9,18,0,3,1,0,0,17,4,25,0,0,0,0,7,2,0,4,9,0,0,0,0,0,105,255,239,172,2,4,0,2,0,8,0,15,0,3,0,0,1,3,4,0,2,0,8,0,14,0,0,24,73,255,255,151,0,0,0,0,0,17,0,21,0,0,0,10,12,11,13,0,27,17,3,0,0,0,0,0,149,233,255,116,0,0,36,7,2,0,7,8,0,22,10,21,0,0,0,12,2,12,0,1,0,0,7,8,198,247,154,4,4,1,17,0,11,2,0,9,4,0,0,0,3,0,0,7,0,0,4,0,0,0,0,27,244,255,86,18,2,0,18,0,0,32,10,0,14,0,0,5,0,0,24,7,17,0,22,1,8,4,3,202,249,227,33,30,0,0,12,38,2,0,0,0,10,3,0,11,3,0,13,0,5,8,6,7,0,0,130,246,255,124,1,0,0,0,6,0,0,0,7,0,35,13,0,6,0,11,10,0,0,3,0,0,0,111,239,255,197,22,0,16,0,0,9,0,0,3,10,0,1,5,0,0,18,0,0,0,1,1,5,14,134,251,255,189,22,3,8,0,0,14,10,3,21,0,0,20,0,8,3,0,13,0,0,7,1,14,0,97,255,255,211,7,10,0,15,0,13,2,19,12,21,0,32,0,14,0,20,0,0,4,6,0,0,3,48,219,247,194,2,16,12,5,0,2,0,0,24,1,10,0,0,7,0,18,23,0,0,12,0,7,0,6,127,255,151,8,31,0,0,21,0,0,13,0,4,0,0,15,29,0,13,18,0,20,2,0,0,0,0,0,127,105,6,19,3,16,3,0,21,0,1,5,0,4,1,8,15,5,9,0,0,0,0,0,10,0,17,0,0,0,0,0,1,0,19,5,0,0,0,0,0,11,0,10,4,0
0,0,0,0,2,1,0,24,2,6,11,4,0,6,2,0,0,0,0,0,3,0,19,1,9,6,0,4,7,6,0,14,0,19,0,6,4,23,3,0,5,1,0,1,0,0,16,0,9,0,2,15,28,0,10,15,0,0,11,7,17,0,0,0,5,11,2,3,24,2,12,0,7,0,0,14,14,24,1,11,0,0,0,9,22,6,29,3,2,10,0,4,0,3,0,20,0,4,0,0,21,18,0,0,18,0,0,10,0,8,0,13,1,0,0,0,11,0,0,0,0,4,0,0,0,1,0,24,0,16,14,0,9,5,4,0,13,0,17,7,12,0,0,0,0,0,8,4,20,28,121,142,137,154,156,145,143,65,0,15,0,0,0,0,0,0,24,0,23,0,0,2,16,21,19,13,86,214,255,232,255,255,255,255,252,231,177,122,16,0,0,0,10,0,2,7,0,18,4,11,0,0,7,142,245,245,255,237,255,165,43,87,56,120,249,248,56,8,0,19,14,0,14,0,19,0,0,0,0,26,0,158,241,251,120,39,87,39,20,0,3,0,140,255,255,0,13,0,6,18,0,0,2,0,3,0,28,5,9,20,139,255,138,17,2,5,19,0,0,16,11,216,255,9,2,7,7,7,20,16,0,19,2,0,0,6,7,24,77,245,233,104,12,0,0,15,4,12,56,211,248,58,0,12,0,21,8,6,17,4,31,13,5,0,0,0,55,219,255,242,200,156,165,172,165,177,255,244,222,7,0,9,0,17,0,6,0,0,0,0,0,3,5,9,3,10,204,255,247,255,255,255,247,255,255,238,140,52,0,6,2,0,0,12,0,0,0,8,0,9,6,0,30,43,232,247,249,250,255,255,255,255,255,255,255,255,77,5,0,0,0,5,23,5,0,1,0,10,0,8,73,246,255,255,175,65,26,23,86,33,20,94,193,255,161,61,0,26,0,0,10,10,0,0,6,11,19,114,255,248,227,110,5,0,1,1,4,14,0,17,0,199,253,228,22,3,31,0,5,0,21,0,29,15,0,195,255,249,76,0,0,11,7,0,0,0,0,1,0,10,120,248,115,0,0,7,0,0,0,0,0,0,12,255,250,164,4,13,0,0,5,0,12,8,0,12,0,12,34,252,203,9,0,7,6,13,0,18,0,6,22,255,255,54,0,0,4,0,0,0,0,25,0,8,7,13,113,255,169,0,0,0,0,20,0,0,1,0,20,240,255,105,13,0,0,0,5,4,5,0,7,0,1,0,162,255,103,0,0,7,12,0,32,0,0,6,3,195,231,255,42,9,0,7,0,6,11,18,19,4,0,11,200,242,53,15,0,0,24,7,0,18,10,7,0,140,255,237,221,99,27,0,0,0,0,13,0,0,0,115,255,157,2,0,19,8,0,1,10,0,0,9,16,18,135,255,236,253,198,177,81,18,1,9,75,121,180,250,163,22,0,9,0,7,18,0,5,0,20,16,4,4,8,89,253,228,255,255,255,208,222,221,255,255,255,204,65,0,3,0,2,0,0,0,16,0,6,7,0,0,22,10,18,108,149,236,255,236,233,252,255,252,157,10,1,4,0,0,0,0,0,0,0,0,0,0,0,0,0,7,3,22,0,0,12,8,0,6,13,16,0,17,8,0,2,0,6,8,3,0,8,0,0,24,8,0,11,8,19,0,0,27,3,0,0,0,0,20,17,8,0,0,11,0,0,1,11,0,0,4,9,1,7,0,6,10,0,2,0,0,3,0,0,11,32,2,0,0,0,11,0,0,13,0
0,0,0,9,0,0,0,14,0,0,37,0,29,0,0,0,0,0,19,0,10,15,9,0,8,19,0,5,0,0,0,0,0,0,0,4,0,0,15,0,27,14,0,0,0,0,0,3,0,0,19,0,24,0,14,0,0,11,27,0,0,15,0,7,11,3,8,0,0,8,16,0,9,0,0,0,18,0,0,26,0,0,0,0,0,10,0,0,5,0,0,0,0,0,0,0,0,0,7,39,152,188,240,243,235,38,12,0,41,0,0,16,0,0,0,4,0,8,0,0,0,0,0,17,8,8,174,255,243,255,184,190,199,126,0,4,12,15,9,0,0,0,0,5,0,8,0,7,11,1,0,0,0,146,255,236,138,28,13,1,33,15,1,0,20,0,0,1,11,0,16,8,0,0,6,0,2,0,10,12,148,255,245,101,0,0,0,0,24,12,0,0,15,5,11,0,9,0,0,4,0,1,0,0,0,0,35,169,255,255,68,4,12,24,0,18,0,19,0,0,0,15,0,6,17,0,0,16,0,4,0,0,0,0,127,255,255,27,0,2,0,31,6,0,0,3,8,3,5,19,12,0,17,7,0,4,0,0,0,10,14,0,205,255,139,21,17,25,9,6,0,0,0,0,0,16,6,16,0,0,14,6,15,0,11,0,0,7,0,102,246,230,31,19,3,0,0,4,11,9,0,10,5,6,18,4,0,0,7,0,12,0,2,0,0,2,2,188,246,75,0,3,3,1,0,15,13,3,4,0,0,6,20,4,8,0,13,0,0,0,6,12,20,0,46,255,207,14,23,0,1,0,0,14,0,12,9,1,0,0,0,13,11,1,0,0,12,0,6,1,0,0,39,255,138,2,14,0,27,26,0,25,41,36,0,0,0,0,0,0,0,0,5,20,6,0,0,0,14,0,48,251,116,15,0,14,0,12,2,0,0,4,0,0,0,13,0,0,0,0,8,0,4,5,0,3,0,0,24,250,147,94,161,166,161,157,195,141,35,11,22,0,0,0,4,9,0,0,18,0,8,0,0,0,25,10,62,253,255,255,246,255,255,234,255,255,242,124,16,6,0,1,12,11,0,0,0,2,6,0,0,13,1,78,255,248,255,237,115,29,5,0,72,196,255,237,127,0,0,29,23,0,0,14,0,0,0,0,0,9,14,105,223,153,250,215,136,0,0,0,1,0,43,236,255,69,5,0,0,0,0,10,3,11,1,0,7,0,0,20,81,9,105,243,239,83,10,0,0,0,0,137,255,143,0,4,0,9,0,0,0,0,4,0,1,16,0,8,0,12,0,80,228,255,168,122,23,37,35,153,255,255,31,16,1,13,18,0,18,0,0,34,0,0,0,10,18,2,10,0,53,170,245,253,237,255,252,241,232,235,0,0,0,12,0,1,2,0,0,0,0,3,14,0,5,11,0,0,0,13,62,158,181,255,251,197,136,39,0,22,11,0,0,17,0,13,0,17,0,0,10,25,0,3,0,5,0,16,5,18,0,0,2,0,3,8,17,16,0,0,0,0,0,0,8,0,11,0,5,0,5,0,0,5,7,39,11,8,0,0,0,5,14,0,0,0,3,0,0,12,2,0,15,2,0,0,0,7,10,10,4,0,0,2,21,0,12,0,25,0,28,0,0,0,12,0,0,13,3,0,0,2,0,0,5,3,0,0,0,1,10,0,0,4,0,0,14,0,0,12,0,29,2,0,0,8,0,11,0,4,3,22,0,0,3,8,0,10,15,0,0,0,0,0,1,13,0,0,0,9,16,15,0,17
0,4,1,0,13,4,17,0,0,0,14,2,3,0,9,0,0,0,12,0,7,0,0,0,8,0,18,27,29,0,0,2,5,0,3,0,4,3,4,3,10,0,3,12,7,12,32,0,4,11,0,0,23,8,1,5,0,8,12,0,0,0,26,0,0,0,0,0,7,6,4,0,0,7,0,0,0,0,2,6,30,11,0,0,0,4,0,6,0,0,0,0,0,22,0,10,0,1,2,56,196,104,9,0,3,1,0,7,0,2,0,2,0,0,0,0,24,0,16,0,0,8,25,15,3,0,52,219,251,204,1,25,11,4,11,0,5,0,0,6,6,0,3,1,0,8,0,0,4,0,0,0,10,112,205,255,251,219,0,12,0,11,12,0,0,0,4,0,0,0,0,0,0,1,0,13,1,0,0,0,0,165,247,245,218,36,0,16,0,24,0,2,0,7,5,1,8,5,0,3,0,0,0,10,9,0,31,0,121,238,252,255,190,0,2,0,0,0,0,2,0,16,0,0,2,2,0,6,0,0,3,31,0,6,17,27,208,253,255,255,52,10,0,0,0,9,10,0,0,0,17,0,0,9,0,0,0,2,32,4,0,2,14,54,239,243,255,196,18,0,0,2,21,1,17,32,0,4,0,2,0,0,17,10,0,0,0,0,12,0,0,50,241,237,255,255,34,5,0,0,0,0,34,3,0,0,3,31,21,0,22,0,11,0,27,0,0,0,0,0,183,243,255,241,149,0,18,0,18,32,0,2,0,9,0,12,0,0,0,20,10,10,6,11,0,0,7,0,32,251,255,235,228,61,0,0,8,2,13,0,0,13,0,7,0,5,2,6,18,0,0,0,0,0,22,17,3,130,240,237,255,239,0,0,11,0,11,3,0,10,0,0,0,2,0,10,6,11,13,0,19,0,12,0,0,30,86,242,255,254,172,52,0,7,0,0,32,0,0,0,18,0,31,0,4,4,4,0,4,0,4,0,12,9,0,199,255,244,255,220,27,7,0,0,1,7,22,12,0,0,0,16,17,4,0,0,5,3,0,13,0,0,0,0,115,246,252,245,24,0,22,0,10,11,0,0,18,20,0,7,0,0,0,0,0,0,0,4,1,0,1,2,50,255,255,244,34,0,16,0,4,0,0,4,3,8,0,0,3,0,1,0,52,66,0,0,13,2,5,121,225,255,244,255,7,9,25,2,3,0,0,0,0,0,0,6,0,22,17,32,224,180,93,98,80,157,225,255,252,255,189,42,0,8,0,2,0,0,0,0,0,0,0,0,21,16,0,13,228,255,240,255,236,232,255,238,253,116,25,0,0,23,0,0,16,0,0,0,8,4,4,0,0,15,0,42,255,246,255,246,238,240,230,183,62,0,8,9,4,0,3,11,0,24,4,20,0,0,0,10,2,12,0,0,65,120,112,222,153,111,7,0,12,0,0,0,5,0,10,0,0,0,0,0,0,28,0,0,2,0,0,0,0,13,8,10,0,0,0,22,10,9,12,20,10,0,0,7,5,3,4,9,0,10,26,0,0,0,0,0,0,3,21,5,0,21,0,19,5,4,0,0,0,1,0,16,0,9,0,0,0,0,0,25,3,0,0,0,3,15,0,0,0,0,0,0,3,0,31,0,5,0,13,0,2,0,9,0,5,0,0,0,0,9,0,0,0,16,0,0,0,0,0,24,0,4,0,0,3,0,5,0,14,6,21,7,0,0,0,0,0,9,14,0,0,0,4,25,1,0,13,0,16,1,0,9,0,1,19,0,0,0,11,0
3,0,0,0,0,0,3,20,0,0,6,12,4,0,10,13,0,0,0,0,0,17,0,2,8,12,2,0,0,0,4,21,24,0,0,6,21,13,7,0,0,2,0,9,19,21,0,0,0,0,1,16,9,0,13,3,0,0,16,0,27,27,2,2,3,0,5,0,0,0,0,0,9,11,14,22,0,0,0,0,7,9,8,16,0,7,0,0,6,1,0,0,119,243,66,0,0,8,27,0,0,0,4,8,0,2,0,6,2,0,0,16,0,0,4,0,0,3,0,6,255,80,0,3,0,11,11,0,0,0,0,1,0,12,0,21,0,13,10,11,10,3,4,0,0,0,20,23,222,18,13,0,4,14,0,0,2,0,34,0,9,0,0,0,14,19,0,0,17,0,0,4,0,10,0,23,252,14,0,0,6,8,12,0,0,0,9,0,0,0,7,2,0,0,2,0,10,0,1,21,1,4,0,18,232,7,21,0,0,0,8,0,0,26,22,1,0,0,3,0,0,4,22,4,0,0,5,0,0,15,5,30,229,0,0,18,3,0,18,0,0,0,0,12,0,0,0,0,4,0,7,18,0,0,9,1,0,4,11,26,237,0,21,7,12,0,0,0,9,19,0,3,0,14,14,0,7,0,0,0,0,1,0,5,0,0,4,0,240,15,0,0,16,0,10,15,91,197,79,0,0,0,12,11,0,0,5,0,0,0,8,2,0,3,0,16,240,0,0,0,6,0,0,59,255,251,223,37,1,1,0,0,1,5,0,5,9,0,0,0,0,7,10,9,248,0,3,0,14,18,21,105,197,41,239,112,0,0,9,0,10,0,0,3,0,11,9,8,2,0,0,4,204,65,0,12,0,0,0,205,183,5,164,178,0,0,0,0,8,0,2,0,7,0,19,0,0,0,14,7,125,178,22,0,0,0,0,207,128,16,162,204,0,15,0,3,0,24,0,0,0,13,8,0,8,0,0,3,23,223,11,0,10,0,0,214,110,0,136,180,11,6,5,0,0,6,18,25,1,6,0,15,0,22,14,0,47,246,97,0,0,3,0,141,213,120,237,184,0,0,0,0,8,0,0,6,5,12,0,14,4,0,0,0,0,82,222,0,14,3,15,28,88,102,190,180,1,0,15,0,15,11,15,0,0,0,23,3,0,4,0,0,0,0,212,109,16,0,17,11,1,0,131,200,0,0,8,0,29,0,0,13,0,0,15,33,8,0,0,0,0,23,32,242,43,0,10,0,7,0,226,92,8,27,9,0,23,16,10,0,0,6,10,6,0,12,0,0,7,17,8,81,237,96,8,17,0,27,241,50,0,0,19,3,0,10,9,0,13,15,6,16,0,14,0,2,26,25,22,0,84,244,213,104,91,228,182,5,0,0,0,24,0,5,0,0,0,24,5,6,4,0,0,0,0,10,0,0,4,14,163,177,172,160,32,0,3,0,5,2,0,0,7,11,3,22,28,12,30,0,0,0,13,0,0,0,0,0,11,0,0,27,0,7,10,0,0,6,0,22,15,25,11,0,0,0,8,7,0,5,15,0,0,0,0,7,15,0,0,10,20,11,16,0,0,0,0,0,0,2,0,0,0,0,0,0,10,30,0,0,0,4,0,2,0,0,7,0,14,0,9,0,0,12,22,1,21,0,0,0,0,0,0,33,3,0,26,12,0,0,0,1,0,22,0,9,0,0,0,6,0,0,4,23,23,15,0,0,0,0,0,21,14,7,16,0,0,0,5,1,0,8,1,0,3,25,16,0,0,0,21,0,14,0
0,0,10,8,1,0,20,23,14,10,0,21,7,0,13,0,4,0,27,2,0,0,7,5,9,32,9,0,6,20,0,0,8,0,10,9,0,0,0,0,0,0,6,1,0,0,0,0,0,2,13,4,6,6,0,0,1,0,0,11,0,0,8,0,0,11,9,21,0,0,0,18,8,0,0,8,1,9,0,19,0,0,0,0,0,9,15,17,12,5,0,0,0,12,15,0,0,0,15,0,0,0,0,5,11,9,0,1,0,0,14,11,0,0,0,6,0,0,22,0,0,15,11,0,14,14,2,6,0,15,0,0,10,16,0,3,18,10,5,7,0,10,0,6,5,15,7,0,0,5,0,10,0,78,145,208,146,0,0,11,3,3,0,8,0,0,1,0,0,0,0,18,0,1,6,0,3,9,0,0,0,168,239,255,153,5,0,0,7,2,1,4,0,0,8,6,2,0,2,6,0,19,0,14,35,0,6,9,1,170,252,255,95,0,5,2,0,15,6,4,14,0,0,18,4,4,0,0,0,1,5,0,16,15,0,12,4,161,255,255,80,0,0,8,0,0,0,19,3,2,0,1,0,0,17,4,0,0,8,17,0,16,2,0,18,177,255,255,56,6,2,3,4,0,0,0,20,9,0,0,0,0,0,0,0,6,0,2,0,0,0,0,0,187,255,251,56,0,3,2,0,23,5,2,4,0,0,17,0,0,2,2,0,0,10,11,0,0,0,12,7,255,247,223,21,6,0,3,0,0,28,16,0,7,0,0,0,0,7,0,0,6,0,12,27,0,0,2,24,254,248,196,0,2,0,0,12,0,7,6,0,0,0,0,5,16,0,10,0,0,5,7,0,1,0,5,19,255,255,210,0,0,0,9,0,0,0,7,8,0,5,5,5,20,0,15,3,2,4,0,0,13,11,0,7,246,255,197,15,11,24,0,16,0,0,10,0,1,0,0,0,18,9,7,12,0,0,14,0,0,0,1,45,255,240,149,7,20,3,0,0,10,2,0,2,30,0,0,3,0,0,3,0,0,18,0,0,5,0,0,16,248,255,180,0,9,7,0,0,0,12,16,0,0,0,0,4,0,0,2,6,14,5,0,27,13,3,6,18,254,255,226,9,1,0,0,13,14,16,11,10,3,0,1,21,6,0,0,15,2,2,16,14,37,2,0,47,255,255,141,4,0,0,7,22,0,6,11,0,13,20,0,5,7,0,13,0,0,0,0,0,0,6,0,21,255,236,96,11,0,0,8,0,0,0,0,0,0,0,0,0,32,0,34,0,0,0,9,21,0,0,3,30,254,246,100,0,1,19,1,0,0,0,11,0,0,10,14,0,0,1,0,0,0,0,0,11,0,8,0,11,255,238,113,2,0,0,0,7,1,0,17,21,18,10,26,0,0,6,0,0,0,13,16,0,30,9,3,4,255,255,94,3,0,16,9,7,0,13,0,7,20,0,0,0,26,5,0,0,32,0,2,5,5,12,0,8,221,255,111,12,0,0,0,9,4,0,8,2,0,2,0,19,0,0,1,0,10,0,24,12,6,0,0,0,166,212,7,5,0,0,0,0,0,24,0,15,0,0,14,22,0,28,0,0,8,0,18,0,0,2,0,0,0,12,0,0,0,6,6,8,5,0,32,9,4,1,0,0,9,0,5,5,0,0,0,0,7,0,0,0,0,1,4,0,0,0,2,0,0,0,0,7,0,8,1,1,6,0,0,0,0,0,0,13,0,1,4,6,6,0,0,20,16,18,0,0,0,0,4,0,11,0,6
0,10,15,7,13,22,2,16,0,19,19,8,2,0,9,9,0,2,0,0,0,29,0,1,7,0,2,3,18,0,9,0,0,7,1,0,0,1,9,0,4,14,20,0,0,1,14,23,0,11,0,0,12,8,3,12,0,9,4,0,0,8,4,9,6,1,11,0,11,13,0,0,0,1,0,0,0,0,0,17,0,0,0,0,16,0,3,0,5,4,0,0,3,0,5,13,7,9,0,0,0,0,3,0,0,26,0,0,10,1,10,0,5,3,10,34,0,4,2,0,0,0,0,19,146,175,170,237,215,152,69,0,11,0,7,9,0,0,0,30,4,15,0,1,0,0,0,0,0,0,2,36,255,255,255,248,255,254,254,119,0,0,4,3,0,0,9,2,0,9,5,0,0,0,0,3,8,2,0,34,248,202,137,164,172,246,255,187,0,0,0,0,6,0,12,0,0,0,27,0,3,6,0,0,0,10,15,23,136,6,1,0,47,243,250,131,0,0,0,23,0,0,5,0,0,0,2,1,0,0,0,0,17,0,7,0,0,0,12,100,238,250,200,5,2,0,0,30,0,18,0,0,0,0,0,1,0,0,12,0,39,5,0,0,5,22,168,255,255,189,22,9,7,0,6,0,0,10,0,9,15,7,0,0,0,18,0,0,9,6,22,17,105,229,231,255,170,57,0,25,0,0,10,0,0,15,10,0,0,15,0,2,5,0,10,0,7,1,44,199,253,247,255,243,131,76,16,9,0,18,29,5,0,26,0,0,0,0,0,0,12,0,0,0,2,199,255,254,255,229,255,246,255,251,175,98,9,19,1,1,12,0,0,14,0,4,19,0,0,0,3,0,75,255,236,209,161,137,108,96,67,176,247,255,106,5,2,6,1,7,21,1,0,9,8,22,0,0,10,0,0,86,40,0,13,1,0,1,0,12,125,255,253,71,0,0,0,13,2,3,0,1,8,3,0,1,15,0,0,0,0,0,15,0,28,0,0,14,0,124,255,212,0,0,0,0,0,15,6,12,13,0,0,6,0,14,0,4,10,0,9,25,0,0,0,3,0,20,255,255,0,4,0,0,0,0,0,0,5,0,0,6,0,127,56,0,0,0,0,0,6,25,18,3,0,20,244,255,47,10,0,0,2,11,0,3,0,0,0,0,183,200,0,11,0,5,0,0,0,0,26,0,0,88,255,234,30,0,8,0,16,13,3,0,3,0,2,1,255,72,0,17,10,0,0,0,0,0,0,15,41,255,237,183,5,10,0,3,10,0,0,7,7,0,0,21,255,184,0,17,0,0,0,17,2,5,61,163,237,255,215,54,21,0,1,0,24,0,13,8,12,12,1,10,255,255,139,74,64,58,81,78,166,187,255,255,255,255,110,0,0,3,8,0,11,0,0,0,16,0,0,0,104,243,252,230,255,241,255,255,221,255,255,255,238,79,0,0,6,0,15,0,12,7,0,11,0,0,8,0,0,121,242,255,229,255,239,243,249,206,166,70,0,11,8,0,0,0,5,5,3,0,5,7,0,0,0,0,16,0,6,0,0,0,21,1,1,6,0,12,19,17,0,0,7,12,5,19,0,0,0,9,0,1,18,0,0,7,0,0,2,10,0,0,14,0,20,0,7,5,4,0,0,0,0,0,22,5,0,0,14,0,0,0,12,0,14,0,0,0,7,0,4,10,0,23,19,11,0,4,10,0,0,0,0,6,0,28,0,13,10,18,0,0,14,6,0,0,0,0,0,1,11,0,18,4,0,0,3,5,10,22,0,4
4,21,0,0,0,0,0,12,2,0,8,15,0,0,1,0,23,0,0,0,0,0,14,17,0,0,0,0,15,0,12,0,0,2,0,5,0,0,3,0,0,7,9,14,6,8,10,0,11,0,9,8,17,1,41,0,8,0,0,0,0,0,0,6,11,0,0,0,0,12,9,0,1,13,25,4,10,5,19,0,5,6,0,0,2,5,1,0,3,0,0,0,0,0,0,11,18,3,0,0,0,4,33,8,12,0,12,0,0,0,0,7,0,0,3,9,19,0,3,3,9,0,2,0,14,6,0,0,0,0,116,255,103,1,19,0,0,0,2,2,0,1,0,0,11,11,2,0,15,21,0,0,47,77,36,3,0,122,234,215,25,0,0,0,0,1,9,8,0,15,0,0,0,12,0,0,22,11,0,134,242,253,169,1,14,192,247,70,0,0,9,0,0,7,0,11,0,3,5,0,0,13,0,0,14,62,220,235,193,60,0,0,203,250,110,0,8,18,0,5,10,12,0,18,0,0,0,22,1,8,0,12,68,255,241,149,5,0,0,156,255,153,16,0,0,0,2,1,0,0,0,5,7,5,0,0,0,7,11,41,215,228,84,7,0,8,64,214,203,33,23,0,0,14,0,2,0,15,0,0,17,0,0,14,0,10,0,153,248,240,46,0,0,20,186,251,64,19,0,0,0,2,23,0,0,0,21,0,4,16,0,0,11,0,5,59,222,235,255,83,0,105,255,122,0,0,0,3,0,0,9,2,8,0,4,0,0,0,0,0,0,0,1,4,103,181,255,241,122,190,255,49,9,1,10,17,0,0,0,7,22,1,9,3,0,31,15,8,0,3,0,12,0,7,147,243,252,224,147,17,0,5,26,0,1,0,33,0,25,1,0,23,14,18,0,22,0,0,4,19,0,0,3,73,255,229,255,196,30,0,0,21,17,10,0,0,12,0,0,8,13,0,0,0,10,0,0,15,0,16,10,100,255,206,255,255,207,61,17,17,1,14,0,0,0,6,0,9,0,0,7,0,0,0,0,6,22,0,0,188,255,56,71,221,245,239,58,5,9,20,0,0,11,0,2,8,0,15,8,14,0,0,0,0,0,34,22,202,205,0,0,37,204,255,229,43,0,0,0,7,0,9,4,0,1,0,0,0,8,0,0,6,15,0,52,253,119,1,12,0,45,228,247,202,24,24,9,1,5,14,0,0,0,1,0,0,12,12,0,30,12,15,197,255,64,0,0,0,0,78,244,241,148,18,0,7,22,0,13,8,0,0,15,10,0,0,4,18,0,0,174,255,71,0,0,0,0,99,255,255,93,4,0,2,5,0,9,0,0,0,0,6,8,0,17,8,2,0,126,246,108,22,87,98,156,255,255,225,14,0,0,0,4,0,13,0,1,8,2,2,3,19,13,7,6,17,62,233,255,211,255,255,255,247,230,51,0,22,11,0,6,6,16,27,0,0,11,16,0,0,0,0,8,0,0,36,154,202,218,163,158,89,3,10,0,9,0,11,0,9,0,2,0,10,7,0,6,13,9,10,0,0,0,0,24,0,11,12,0,23,7,5,0,14,0,0,12,0,0,0,14,0,10,15,20,0,28,0,6,7,20,0,0,0,0,0,0,0,0,0,0,5,7,0,0,0,1,5,10,0,0,0,16,3,0,29,0,0,3,0,0,3,7,5,0,0,0,12,0,0,0,7,6,0,1,2,0,9,0,12,0,9,6,5,6,3,0,0,31,0,0,8,10,3,0,3,0,0,0,10,0,5,0,0
0,16,17,8,0,0,0,0,0,0,0,4,1,4,25,2,0,0,11,0,11,0,0,0,0,0,0,0,0,19,0,5,0,15,9,4,0,5,4,9,0,0,7,0,6,0,0,27,0,25,8,9,9,0,15,0,19,19,0,0,0,0,7,0,0,0,0,0,1,5,0,0,0,7,0,11,4,0,7,12,0,0,0,0,0,7,0,8,0,3,4,0,0,10,0,15,0,26,16,0,20,0,0,16,0,0,2,0,0,0,4,0,5,22,0,0,0,0,0,1,0,8,9,0,5,0,0,0,10,28,11,8,0,0,19,0,0,0,4,0,19,1,7,0,3,0,0,0,16,10,0,11,0,255,255,249,105,1,0,6,17,1,0,0,0,17,4,14,13,3,15,15,24,0,0,0,1,2,18,13,0,255,236,243,255,0,2,7,0,0,0,0,0,0,10,0,0,0,0,0,0,21,0,5,32,10,0,15,8,255,255,235,237,2,0,6,4,0,0,8,0,11,3,21,0,0,0,15,0,0,0,0,0,4,0,12,0,255,255,239,255,16,18,19,1,0,0,4,0,0,4,0,8,0,27,0,0,0,0,0,3,12,18,0,0,251,247,249,242,1,12,0,5,19,6,0,0,3,9,0,0,11,11,0,0,0,13,0,0,0,0,0,4,249,231,255,254,0,0,3,0,7,0,0,9,2,4,0,0,3,20,0,0,10,0,0,10,3,14,4,0,234,235,251,251,0,15,4,13,13,1,8,4,0,0,1,0,0,0,8,0,3,16,6,4,0,0,1,4,255,235,255,255,0,10,0,0,0,0,20,4,0,4,9,0,4,6,22,7,0,0,20,8,0,0,0,133,255,255,255,191,0,0,0,10,2,0,0,8,0,0,0,0,23,0,0,0,0,19,7,0,0,11,0,116,243,240,235,127,0,10,0,12,0,0,18,13,9,3,0,6,0,1,4,0,3,0,0,22,0,0,4,98,255,255,240,166,0,5,0,14,0,0,0,0,0,0,3,7,3,0,18,9,15,7,19,0,7,2,19,64,248,254,255,153,0,0,8,2,0,7,9,17,0,0,3,4,0,17,0,0,0,6,0,2,22,0,16,0,255,255,243,140,4,7,8,0,8,9,0,0,0,0,2,0,0,0,0,17,0,0,0,25,0,1,1,6,255,255,255,144,3,0,21,11,5,12,13,5,16,4,0,1,0,0,0,19,12,0,0,0,4,29,0,0,240,244,251,96,0,22,0,6,16,2,14,0,11,0,10,10,3,0,0,6,11,5,0,10,0,11,0,7,247,238,255,27,21,0,0,0,0,0,0,0,2,3,0,5,0,0,0,5,0,9,22,0,11,0,0,0,220,252,255,20,0,16,0,9,0,0,0,0,0,0,0,19,0,4,0,1,0,26,12,0,0,15,0,8,163,250,255,27,0,0,0,1,0,18,10,0,0,0,3,0,0,0,4,0,30,0,3,0,11,5,23,0,100,247,203,8,2,0,0,21,14,0,0,0,1,0,3,0,0,0,5,23,10,0,0,0,1,0,0,14,0,118,92,13,18,11,0,24,4,0,33,1,8,0,0,0,4,0,13,0,0,0,0,2,0,1,0,29,0,0,18,11,21,0,10,4,0,0,0,0,6,8,0,0,0,16,16,0,6,0,0,0,2,0,11,5,0,6,7,0,18,0,13,2,22,2,0,20,0,33,3,24,0,0,0,0,0,6,6,0,4,13,0,0,0,0,0,0,10,1,18,11,0,2,8,0,0,15,0
1,13,0,20,8,0,27,0,0,5,8,0,0,18,0,2,14,8,18,0,23,0,0,0,0,24,11,0,0,26,0,0,5,7,0,12,0,0,0,0,0,18,12,20,0,0,24,15,4,8,2,3,0,0,26,20,0,21,0,1,0,0,0,8,8,0,0,0,0,6,9,0,0,0,0,26,13,0,19,0,0,0,0,4,19,0,0,6,7,0,1,0,0,0,0,0,8,0,21,0,11,0,6,0,0,14,9,13,0,0,11,6,6,5,0,0,12,0,19,0,4,13,0,6,0,0,9,0,0,0,0,0,0,0,0,0,0,0,14,0,0,0,14,11,10,0,7,0,0,0,0,9,5,47,235,251,105,78,0,8,0,0,2,14,15,3,0,7,0,0,4,0,0,0,5,20,1,0,1,0,50,227,252,255,240,249,175,10,3,8,0,4,0,0,14,13,11,0,3,30,0,7,0,0,0,0,0,5,204,234,255,255,255,251,236,104,6,0,27,0,13,17,8,0,5,7,3,3,0,0,0,0,0,11,4,105,244,239,255,239,255,235,243,235,45,10,0,0,0,0,0,0,0,0,5,0,9,18,24,14,5,8,0,77,255,255,255,226,228,253,232,233,180,0,0,0,0,0,0,17,0,21,0,0,11,0,3,0,0,0,0,74,247,255,130,31,3,107,213,255,171,13,1,8,0,10,5,5,22,4,19,7,19,0,0,9,4,0,6,135,244,229,29,10,3,1,183,238,172,9,0,0,0,0,6,1,25,9,8,0,0,8,0,12,0,16,25,230,250,134,1,0,2,4,165,238,173,0,0,0,0,4,12,13,7,0,22,4,5,0,15,0,0,29,209,244,255,109,0,0,0,0,171,232,182,2,5,13,0,0,18,27,7,7,0,0,1,0,0,0,0,56,255,224,252,255,33,0,5,37,207,255,138,8,20,2,0,0,14,23,0,12,0,1,6,7,13,7,1,54,253,196,70,151,23,30,29,78,243,255,36,8,0,1,11,1,0,0,12,0,0,17,0,0,3,16,2,199,247,180,20,0,15,2,2,211,255,197,28,24,0,0,0,0,0,0,0,0,0,21,13,0,0,0,0,205,247,147,0,0,8,1,30,237,226,105,4,1,8,12,0,5,6,0,17,9,25,0,8,0,0,13,20,187,255,183,0,0,0,0,113,243,242,0,0,0,8,0,3,0,8,0,18,15,8,0,0,0,2,0,3,199,246,174,0,0,0,90,242,255,164,0,0,0,0,0,0,3,0,0,0,0,0,11,11,0,0,0,0,174,231,167,4,2,101,253,234,137,7,0,0,0,9,16,7,7,0,10,0,1,9,1,10,25,2,0,14,203,235,194,19,79,255,241,255,30,0,0,0,0,0,3,0,0,26,11,0,0,0,0,21,0,0,15,5,153,249,237,246,255,255,175,79,9,20,21,9,0,17,3,6,8,0,12,4,4,0,33,1,0,10,28,10,40,253,255,255,255,203,36,6,0,3,12,14,0,10,7,0,5,0,0,17,0,8,5,9,0,0,0,0,18,94,230,142,118,33,0,31,0,0,0,0,7,0,0,0,0,0,10,0,12,6,0,2,0,0,0,2,11,0,0,8,0,4,18,0,0,0,0,25,0,11,11,0,0,6,0,0,0,0,12,0,0,6,3,0,15,12,9,0,0,0,0,2,14,0,0,0,1,0,0,0,13,0,29,0,9,16,0,0,5,19,9,0,0,1,20,0,0,2,6,10,0,0,0,8,0,24,5,14,0,0,0
0,21,1,0,5,2,8,6,0,18,0,1,0,14,0,5,0,0,16,9,4,5,0,0,0,23,0,0,0,0,0,37,0,0,16,0,10,0,0,10,0,0,2,26,0,0,5,0,0,14,0,0,3,12,0,10,0,0,0,0,0,15,0,0,0,11,0,7,0,0,0,0,11,0,0,0,0,0,0,1,12,0,3,0,0,11,0,7,0,0,0,0,0,0,0,0,0,0,0,0,4,20,0,15,6,0,15,0,4,0,0,0,38,0,0,0,0,0,3,0,0,0,1,20,0,26,1,0,11,0,0,0,0,14,3,13,0,0,0,21,7,11,0,8,0,0,0,0,5,0,19,0,9,0,0,14,119,238,246,255,255,251,234,250,207,82,8,0,0,3,1,22,0,0,1,6,0,0,0,0,0,25,102,219,241,254,244,245,255,255,253,255,247,172,16,16,3,9,0,7,5,7,25,3,15,6,7,2,81,226,255,231,254,255,246,216,255,194,83,75,83,27,0,0,21,0,18,7,6,0,0,13,1,5,78,169,244,246,255,243,243,255,229,149,31,33,0,0,0,3,2,0,14,9,0,0,0,0,0,22,0,131,242,252,251,238,239,255,238,112,0,0,0,19,10,0,19,11,10,0,13,0,0,0,0,7,0,0,130,235,255,238,255,252,247,250,244,140,2,2,0,17,0,0,0,0,0,28,17,8,6,0,5,3,4,38,248,255,255,250,186,255,255,251,255,138,0,0,8,0,14,14,10,13,0,0,12,15,22,0,0,0,13,142,255,255,210,109,27,217,255,253,234,98,0,21,0,0,0,0,4,10,10,2,0,0,7,7,9,7,35,194,243,255,179,37,40,4,42,143,107,0,2,0,0,1,0,0,7,14,5,0,30,12,0,10,3,3,3,128,255,255,255,248,133,87,44,0,0,0,19,0,0,10,0,0,0,0,0,0,3,4,1,27,0,0,4,61,167,241,241,236,255,255,229,204,91,0,0,4,1,0,0,6,0,0,0,6,0,0,0,0,11,0,0,0,16,140,208,240,252,242,255,255,241,109,0,0,5,0,8,1,17,4,0,0,0,41,0,7,0,0,0,4,0,0,24,99,186,235,253,255,249,231,204,7,0,14,18,2,8,0,0,0,0,0,5,6,0,2,4,1,0,20,0,3,7,35,134,203,255,255,251,28,0,29,0,0,14,9,0,11,0,0,12,0,0,0,8,0,31,26,5,3,0,0,13,0,170,233,245,132,0,6,20,5,2,0,0,0,0,0,16,9,0,0,0,6,130,150,26,0,3,4,32,67,186,255,242,106,0,0,2,14,23,10,0,15,0,5,6,17,8,15,0,7,133,254,188,93,112,218,254,243,253,251,255,80,0,23,0,0,4,2,0,4,14,7,0,0,0,0,3,0,5,255,255,255,238,251,255,255,255,247,160,0,8,6,0,0,11,21,11,0,0,7,0,0,12,1,0,0,0,138,245,254,255,255,255,255,213,97,20,1,0,7,0,10,2,0,0,6,1,0,18,0,9,0,13,5,7,9,89,153,237,131,168,94,15,16,10,4,9,6,0,22,28,15,7,23,13,3,11,0,24,0,4,0,0,0,2,4,0,14,29,3,0,0,5,2,9,23,0,15,0,9,21,15,0,7,0,10,4,0,0,2,0,5,4,18,0,9,0,8,0,0,0,0,1,2,0,15,1,0,6,3,0,4,11,2,27,2,13,0,0,5,0,0,0,0,0,1,22,14,0,0,13,4,5,0,0,4,0,8
24,0,1,0,0,0,6,6,0,0,12,8,0,16,7,0,12,6,6,5,18,0,11,0,10,0,3,0,5,0,7,0,0,0,0,21,0,19,0,0,19,5,0,2,0,0,14,15,0,3,0,3,0,6,2,0,2,8,0,17,0,0,0,0,6,5,21,8,0,0,1,0,18,1,15,7,0,15,0,0,0,0,0,24,36,20,4,7,2,0,0,8,23,11,4,0,0,14,10,0,7,1,1,29,0,0,5,15,0,18,0,2,0,11,0,0,4,0,5,0,8,12,36,0,0,6,0,37,242,227,0,4,0,34,0,0,4,5,11,4,11,0,13,0,0,0,0,0,0,17,0,0,0,14,7,147,245,234,15,9,0,3,0,3,0,29,31,20,0,0,14,6,0,4,0,0,0,6,2,0,1,2,0,246,255,241,12,0,30,0,0,0,0,0,0,0,0,10,3,0,32,0,19,0,6,15,12,2,0,0,52,255,250,170,0,3,2,5,1,0,17,0,0,0,9,10,4,0,12,14,0,0,0,0,0,0,9,15,188,246,213,47,11,2,12,11,14,0,0,0,0,3,7,7,16,0,0,0,0,5,12,13,8,11,21,55,245,253,185,0,0,0,0,9,0,0,7,9,0,0,9,33,0,3,12,17,19,0,4,14,9,0,0,185,237,255,35,18,0,0,0,0,4,0,12,0,0,9,0,6,0,0,3,0,0,11,0,0,0,0,0,218,242,255,68,0,0,4,0,0,8,7,1,12,0,0,3,18,0,12,11,10,0,3,0,0,0,5,0,209,238,239,47,8,0,0,16,0,37,0,7,0,1,0,0,0,0,0,0,4,0,5,11,0,10,2,9,192,255,124,17,10,1,14,1,0,6,0,0,0,15,0,0,0,0,4,0,5,4,0,0,0,0,0,24,183,255,99,0,0,7,0,9,2,6,14,0,0,5,0,9,7,0,7,0,0,2,0,0,0,0,12,102,242,233,0,0,0,0,0,21,0,2,0,0,0,19,0,0,30,1,8,0,31,0,0,4,0,13,29,212,236,249,24,1,0,0,0,9,2,16,0,0,0,0,9,0,0,13,4,22,7,8,0,0,0,0,132,255,229,246,2,0,0,0,27,0,0,0,13,0,2,8,10,12,0,0,0,0,0,0,0,9,0,0,149,255,248,231,137,0,27,1,24,19,10,0,0,21,0,0,16,10,1,0,0,10,7,11,0,0,15,10,121,249,255,232,67,8,0,4,0,0,15,7,11,0,2,0,1,0,12,0,2,0,0,0,0,7,0,0,128,255,255,236,17,0,6,6,0,0,9,0,0,0,0,0,17,0,21,0,8,6,0,9,1,22,3,28,140,255,245,97,0,5,6,0,0,0,5,21,0,0,22,5,10,0,0,0,0,0,9,11,12,14,0,0,132,252,248,85,1,0,7,0,11,0,0,0,17,8,4,0,0,18,12,0,5,0,8,2,8,6,4,4,124,244,208,21,5,8,0,8,8,0,16,4,0,0,3,0,0,0,5,6,0,2,17,12,21,0,0,0,0,1,0,21,0,0,0,0,4,0,0,0,18,12,3,0,4,14,19,3,0,0,19,0,8,11,14,0,4,1,0,4,0,19,0,18,2,4,0,0,14,0,0,0,0,13,14,12,0,7,2,12,19,0,24,9,0,0,0,6,3,0,0,5,0,0,0,18,0,0,28,0,0,3,14,0,6,0,0,12,0,0,0,0,11,14,17,0,0,4,0,0,12,0,0,0,0,0,12,15,0
12,7,0,2,17,24,0,0,8,0,0,0,15,4,0,1,0,14,3,1,0,0,0,8,30,9,9,9,0,0,0,0,3,4,0,0,0,0,0,0,0,13,0,0,3,26,5,0,5,0,8,0,4,1,0,0,29,0,3,0,19,0,8,0,0,13,0,7,23,1,3,1,18,11,17,0,0,7,7,9,18,13,21,24,0,14,12,0,0,0,0,4,6,10,2,0,0,10,0,0,2,0,7,0,0,0,0,0,16,0,0,0,5,0,0,0,21,0,0,0,0,0,0,8,0,6,0,0,0,0,5,0,20,18,20,5,0,0,22,0,12,0,13,0,6,0,5,1,6,0,17,0,0,9,0,0,30,0,0,0,0,4,0,0,0,24,0,0,7,0,0,17,0,0,0,19,0,75,175,249,255,255,255,165,21,0,1,0,3,6,0,1,0,0,0,1,0,8,0,0,10,0,0,21,161,255,255,242,241,181,235,237,209,18,11,7,0,0,0,0,8,24,14,21,0,0,0,16,0,0,32,215,247,251,98,29,0,1,44,221,255,205,48,13,0,0,10,0,4,0,5,11,0,0,24,21,0,0,101,255,226,28,0,1,0,25,10,44,179,254,194,16,0,0,0,0,0,0,0,23,28,0,0,0,6,9,88,189,165,0,0,11,0,0,0,17,41,228,255,157,0,1,19,11,1,0,0,7,0,0,0,0,13,31,35,2,0,26,0,15,18,0,0,21,8,241,236,138,4,4,10,0,17,0,7,1,31,23,0,0,0,0,0,25,0,0,1,0,0,0,0,7,0,236,227,35,3,0,0,9,1,0,33,0,4,20,8,0,0,0,0,0,0,0,9,13,0,8,12,72,206,255,215,11,0,0,0,6,0,11,0,0,2,0,0,0,13,29,0,6,12,0,0,0,28,68,114,238,255,235,55,0,8,7,0,29,0,0,0,0,8,0,0,25,2,0,0,10,1,0,19,38,175,230,252,255,157,23,4,8,0,0,0,0,0,7,0,0,3,0,26,29,11,4,18,9,14,7,0,132,255,242,246,255,200,56,0,0,10,1,0,0,0,0,0,22,0,0,9,0,7,21,0,0,14,5,0,18,46,0,44,125,255,219,77,14,0,7,0,0,3,0,0,5,0,17,20,7,0,0,0,13,0,0,0,19,10,0,0,0,226,255,83,0,11,2,4,20,15,1,0,0,0,0,0,0,3,0,0,7,0,11,0,1,0,0,0,1,227,250,84,0,16,0,9,0,0,0,7,0,0,5,0,0,0,12,10,0,0,20,5,5,0,0,0,9,255,233,74,1,0,10,6,0,7,0,0,0,0,0,0,0,24,9,0,2,0,18,0,20,0,10,0,54,236,244,29,14,0,12,0,0,0,18,10,0,6,16,15,14,12,23,0,4,0,27,18,9,0,0,0,189,255,184,11,3,0,0,0,3,15,9,0,0,13,0,18,13,0,19,0,0,0,0,23,0,0,0,71,240,255,91,15,0,0,0,4,0,11,7,0,2,0,0,0,7,5,0,0,6,1,23,196,47,25,127,238,255,156,10,9,9,4,11,20,0,1,0,2,0,0,17,0,0,12,3,7,0,19,0,37,194,249,177,169,124,0,0,11,10,18,0,0,0,0,12,0,0,6,15,19,0,1,0,0,12,28,0,0,0,3,11,3,0,22,0,10,0,8,6,0,8,0,0,0,3,0,3,6,16,0,0,7,3,0,19,0,5,5,0,0,0,0,9,0,0,10,10,0,15,0,0,13,0
6,0,0,0,0,0,17,0,0,13,0,0,2,11,2,3,0,0,0,0,0,0,12,0,1,16,4,12,0,21,12,11,0,0,0,0,6,4,9,21,6,0,11,20,7,0,0,15,1,0,0,0,0,11,8,0,0,0,0,10,7,0,3,0,14,3,0,0,5,0,0,10,0,0,16,14,16,0,6,16,0,16,0,10,0,0,20,0,0,12,10,0,0,0,22,0,7,14,0,0,0,0,0,7,22,1,0,0,9,12,26,0,0,0,0,10,0,0,0,21,0,0,1,68,161,64,8,17,0,7,0,23,0,0,0,0,0,11,13,0,22,0,0,23,2,0,11,0,0,7,0,92,249,240,84,15,0,17,0,2,0,8,2,0,0,18,7,6,0,0,0,0,0,8,5,0,20,0,0,107,232,255,225,51,31,0,0,6,13,0,0,0,36,0,0,0,0,7,0,0,17,0,0,0,1,20,25,97,250,252,255,95,0,6,0,0,0,1,0,0,22,14,12,0,6,13,0,2,7,0,0,0,3,12,0,83,255,255,231,221,9,11,0,3,8,0,12,0,28,0,0,0,7,12,0,1,5,17,0,16,23,0,9,86,252,255,255,255,23,22,7,0,0,0,0,0,0,5,17,13,22,0,24,22,0,0,0,0,8,11,17,12,143,255,255,248,21,6,34,0,0,3,0,5,22,0,0,3,10,9,16,3,0,30,0,17,0,6,0,0,154,236,224,242,39,7,6,4,5,2,5,0,2,3,1,10,17,9,10,10,18,29,0,3,0,0,2,18,129,255,251,247,39,0,22,3,0,11,11,23,23,13,7,0,3,0,11,2,13,18,0,15,18,16,0,0,23,220,255,247,238,0,8,0,0,0,0,0,0,14,3,10,0,19,0,15,18,8,0,0,10,19,0,0,0,209,255,255,193,13,2,0,15,0,0,21,3,21,0,15,12,11,0,0,0,0,4,0,13,0,15,6,0,22,249,255,227,24,4,0,0,0,35,0,8,0,0,0,0,3,0,0,18,0,1,17,6,28,0,0,8,13,244,249,255,134,26,0,0,0,6,9,1,3,31,16,20,9,7,0,0,4,0,3,14,0,21,19,19,14,255,247,248,222,48,2,0,7,18,1,0,0,0,1,14,0,8,15,0,29,30,7,12,2,0,0,0,39,239,255,255,220,87,0,0,23,14,0,1,30,0,7,7,2,0,16,1,3,3,0,5,11,0,32,4,0,187,255,246,255,94,0,10,0,10,0,17,0,0,0,0,0,0,0,0,0,0,8,0,0,5,0,0,2,112,249,253,248,55,24,0,0,1,0,0,16,0,8,12,9,10,0,0,0,8,16,2,4,4,0,0,2,84,244,252,255,69,0,10,11,0,20,0,12,1,3,11,13,11,6,0,0,0,6,5,0,7,13,0,35,8,157,255,242,82,13,0,0,30,8,0,0,16,2,0,0,10,1,0,0,12,0,0,0,0,33,0,9,0,176,213,60,4,0,19,0,22,10,15,1,26,0,26,26,6,10,2,23,0,0,0,0,11,16,19,0,0,0,12,0,7,0,0,0,0,0,6,0,0,0,12,6,9,0,11,5,15,2,2,8,2,0,0,4,0,0,5,9,0,0,26,10,0,0,8,0,0,0,0,0,24,7,12,10,0,5,5,5,0,12,2,0,0,0,8,31,1,0,0,19,0,0,0,1,0,0,0,0,0,0,0,2,0,17,0,4,3,0,0,15,0,8,0,0,0,0,0,12,3,0,1,2,12,20
1,22,0,0,0,10,0,22,0,5,0,14,27,1,13,15,7,0,0,1,0,0,2,0,10,8,7,12,0,0,25,0,0,17,5,0,9,23,22,19,0,0,3,3,4,0,0,13,0,13,4,0,4,1,0,8,13,0,0,0,5,16,0,0,1,0,14,4,0,17,3,0,1,1,0,1,0,3,0,19,9,0,0,5,0,0,7,12,17,0,0,0,8,25,0,0,0,24,14,0,5,0,0,0,21,0,0,0,0,0,0,0,0,2,0,0,0,0,0,25,0,0,0,0,0,0,11,0,7,0,13,10,0,0,0,0,4,11,1,15,22,27,0,0,0,0,10,12,0,81,141,157,133,237,198,200,145,183,174,211,7,0,7,0,0,0,0,1,22,18,1,0,0,0,8,0,0,236,255,238,255,238,255,255,247,255,231,255,91,19,0,0,1,0,0,0,0,18,0,7,0,15,4,0,149,243,254,236,255,251,255,242,255,247,245,255,223,12,25,2,0,0,0,0,2,0,13,0,10,0,0,17,191,255,244,253,165,141,176,56,74,81,70,35,34,10,12,14,0,6,13,2,10,9,0,2,35,0,14,0,211,224,253,22,4,0,0,0,0,0,32,4,3,4,0,10,0,9,0,0,8,15,0,12,0,0,3,0,97,255,238,83,3,0,13,0,8,3,0,0,10,0,6,12,0,4,0,7,0,11,1,0,5,0,0,0,82,240,243,106,0,0,0,11,0,0,0,0,0,8,2,3,22,0,41,0,8,0,21,0,0,0,0,0,103,255,251,229,121,59,24,0,3,0,9,0,0,24,14,0,0,3,0,0,2,0,0,13,0,12,4,0,184,250,249,255,247,255,197,105,10,0,0,0,0,6,0,0,2,5,0,0,0,3,6,18,6,0,16,0,107,255,255,255,255,255,255,255,189,102,16,0,0,0,0,12,1,0,12,2,6,21,0,1,25,0,13,0,53,244,250,225,229,142,208,231,240,242,122,0,5,0,0,19,5,15,8,13,0,0,0,11,0,8,8,6,5,0,69,0,0,14,0,1,183,249,243,15,0,6,0,4,0,0,0,9,0,0,0,0,0,0,9,0,0,0,0,8,0,18,0,4,0,151,245,55,0,0,17,24,7,0,26,7,3,0,22,0,9,1,24,0,3,0,5,0,0,0,28,1,5,64,255,224,80,4,17,14,32,7,18,0,0,0,0,6,11,7,0,0,0,145,0,6,3,2,4,0,0,45,255,255,118,5,17,3,0,0,0,9,7,0,0,25,0,25,32,0,0,246,242,207,61,10,0,32,19,135,255,255,120,9,0,7,33,0,18,2,6,3,0,21,1,0,2,0,22,213,235,255,242,200,130,164,152,232,241,253,93,2,0,0,0,14,0,0,15,19,0,0,0,12,6,3,2,0,185,255,255,247,236,255,255,255,249,225,0,0,0,0,9,0,0,12,0,0,0,11,0,0,0,0,22,0,0,172,248,249,255,249,254,226,234,83,3,0,11,0,25,0,13,3,0,0,0,0,13,1,0,6,9,7,0,6,20,68,145,255,255,255,140,3,11,0,20,20,15,2,16,0,0,12,0,14,12,8,0,10,2,0,3,19,7,14,20,0,0,5,16,21,0,0,26,0,0,0,0,16,0,2,5,0,0,18,0,0,0,3,0,0,0,0,0,0,0,0,14,0,29,0,21,0,7,0,8,6,0,0,16,0,0,0,0,0,0,0,11,4,0,13,17,0,8,18,5,9,0,5,15,0,0,9,0,0
11,0,0,0,0,0,0,16,11,13,2,2,0,24,16,20,8,5,0,9,10,0,8,1,1,0,0,0,0,0,0,3,0,3,0,19,0,0,8,0,0,0,15,8,16,0,1,0,0,7,0,0,0,4,0,2,13,20,0,0,31,0,17,0,0,0,0,19,0,0,4,0,0,15,0,0,0,4,0,5,13,10,0,0,0,4,4,0,0,1,0,0,1,0,16,21,9,17,0,4,7,0,0,12,0,0,0,13,15,0,14,11,0,29,0,2,10,30,19,0,9,21,47,141,107,159,137,217,216,89,21,0,0,8,5,2,11,6,24,0,1,6,0,0,19,8,0,10,60,127,195,255,255,255,241,255,255,250,11,0,29,3,0,11,3,13,4,8,3,15,14,10,8,0,28,223,255,255,255,209,232,199,157,72,103,65,0,34,0,16,4,7,0,0,0,0,16,10,0,0,0,25,52,255,255,255,255,5,35,10,21,10,0,5,6,7,0,3,7,0,0,0,0,11,12,7,0,0,26,17,5,37,200,245,245,8,0,0,19,7,0,0,16,9,0,0,0,29,0,0,5,4,0,0,0,9,0,1,6,0,183,252,227,0,67,109,125,195,210,208,175,102,105,0,11,0,0,22,1,7,6,0,8,0,0,0,0,12,181,246,190,205,255,244,246,255,255,247,246,255,251,254,111,0,0,0,0,1,10,0,10,0,2,0,0,24,244,230,247,248,255,255,242,217,223,250,218,247,255,255,241,111,0,7,0,18,0,0,3,12,0,0,0,61,235,249,255,217,141,52,0,4,5,6,0,1,73,244,255,167,0,19,0,0,0,11,0,17,1,0,0,55,236,246,238,28,21,0,6,5,16,4,0,2,13,76,250,254,107,11,10,0,0,17,0,14,15,14,9,7,49,106,44,0,0,13,2,0,0,0,8,0,24,75,246,255,122,0,0,24,7,0,0,0,7,0,0,0,0,0,0,3,0,5,6,0,0,0,7,0,15,62,208,249,134,10,24,0,0,4,1,0,0,18,7,0,0,0,12,6,0,0,19,20,5,1,7,0,9,164,255,250,73,0,18,0,0,0,0,10,0,17,19,21,0,0,7,0,0,0,2,8,19,6,10,7,1,216,249,183,0,0,7,19,0,0,0,0,3,135,226,88,0,0,0,0,8,5,5,7,21,11,0,5,47,255,252,129,19,0,0,0,17,0,0,3,0,111,255,255,84,0,7,0,0,0,0,3,16,0,9,34,230,255,244,13,0,0,7,14,9,6,0,0,0,0,153,255,241,127,55,75,7,0,26,2,5,0,120,238,229,253,99,24,1,0,9,16,0,4,16,0,1,4,1,194,255,255,240,255,201,138,68,99,135,198,255,255,236,101,3,0,18,2,6,0,0,0,0,0,3,0,0,12,119,181,255,255,255,253,255,255,255,255,253,179,27,0,6,0,6,1,0,0,17,0,0,0,0,10,0,0,6,0,14,29,124,218,250,255,222,203,71,0,10,0,8,10,0,0,0,3,0,22,17,0,0,3,12,9,0,0,0,0,0,20,8,20,0,0,13,3,0,0,12,0,0,0,12,0,0,15,11,0,12,0,18,0,0,0,0,0,17,0,8,0,12,0,0,0,38,0,9,17,0,21,27,0,0,8,0,0,12,0,12,0,11,0,4,0,0,5,0,4,6,0,9,33,18,0,0,16,5,18,0,6,0,6,0,0,0,0,5,0,4,0,0,0,11,4,6,6,11,0,15,0,0,6,9,6,6,6,1,0
1,17,8,0,1,0,14,0,13,27,0,0,7,2,0,4,0,0,3,10,0,0,18,25,0,7,0,2,0,9,24,4,0,3,0,8,0,0,12,5,0,0,10,0,0,11,2,5,13,0,31,7,0,3,0,0,5,0,30,15,0,0,6,0,0,4,0,0,2,0,0,0,11,0,16,0,0,0,5,8,0,0,0,8,0,7,3,1,0,17,0,0,13,0,0,23,65,242,254,255,17,0,27,14,3,0,24,0,6,0,7,10,16,14,0,5,26,13,0,3,1,8,0,8,195,255,249,238,0,0,0,3,0,0,0,0,2,0,9,0,0,0,9,2,0,1,0,0,0,9,31,185,249,239,255,255,154,0,12,12,0,0,3,0,3,0,0,8,0,4,0,0,0,18,0,0,9,0,66,248,255,235,255,230,127,0,0,1,8,26,12,0,0,5,0,3,12,11,16,0,0,3,3,13,0,64,234,255,245,239,210,137,3,12,0,4,0,0,0,0,2,0,11,0,0,0,6,0,16,3,2,17,0,255,232,249,232,241,146,10,0,7,7,0,0,0,0,19,0,8,3,0,0,0,0,3,5,0,14,20,147,254,249,255,234,168,30,0,0,18,156,148,79,0,5,3,14,0,15,18,15,5,0,0,0,0,0,36,194,255,253,232,206,14,2,48,116,234,233,244,251,185,16,25,11,0,0,0,3,6,0,0,6,0,8,104,251,255,245,255,85,0,56,233,255,255,251,253,249,236,103,0,0,0,8,0,0,12,0,0,18,0,20,255,254,236,229,137,15,81,245,241,255,255,242,254,255,255,128,27,11,0,0,0,0,8,14,0,9,0,26,255,250,255,223,42,64,255,222,230,215,247,167,97,242,255,255,37,0,11,10,0,3,10,0,0,11,31,21,255,255,245,187,47,228,250,232,255,216,123,45,230,255,250,243,24,0,0,12,8,7,5,29,0,15,0,13,255,254,244,112,141,255,242,255,255,143,23,109,255,238,255,146,0,0,0,0,0,0,8,0,9,7,16,168,255,251,255,221,175,246,222,252,248,77,205,235,255,255,249,74,0,10,0,2,13,7,1,25,0,12,14,170,236,255,255,255,247,255,242,255,255,234,255,247,236,255,164,6,14,8,5,20,1,0,1,5,13,11,3,4,244,255,255,255,255,250,255,255,254,255,238,255,250,173,14,4,0,0,9,0,0,17,22,4,17,0,2,15,246,251,255,255,255,255,245,255,255,253,240,206,172,28,0,0,21,14,0,8,0,0,0,11,0,16,0,10,255,249,229,255,239,255,255,255,247,246,232,68,19,0,0,0,9,0,0,0,5,9,27,11,0,5,2,9,22,132,252,255,255,250,255,240,179,107,33,0,0,50,0,0,0,0,6,4,2,18,7,5,0,4,0,29,12,3,97,133,164,90,103,37,0,0,0,0,0,5,0,0,19,20,22,0,5,8,0,0,5,18,0,0,9,10,4,3,0,5,13,0,0,0,1,32,1,0,20,0,0,0,2,0,0,10,13,8,0,4,11,8,13,21,8,0,0,0,0,0,0,0,8,0,8,0,22,9,6,0,0,0,0,3,11,21,0,0,1,8,3,10,3,0,0,0,0,4,13,0,14,3,0,9,3,0,0,3,3,0,0,21,0,0,0,0,0,0,0,2,0,0,9,0,0,0,11,0,7,15,12,20,0,5,0,0,0,0,0,0,3,0,25,0,0,29,0,7,10,0,9,3,15,0,4,7,1,22,15,13,10,11,3,0,0,9,0
0,9,1,0,5,0,29,0,18,0,15,4,14,0,0,2,26,11,0,11,20,0,0,7,0,0,0,0,9,0,0,7,0,0,0,3,12,0,0,1,19,13,0,0,0,0,0,19,17,10,6,1,0,0,5,8,0,0,13,18,13,0,0,0,16,5,0,0,0,0,0,0,10,7,0,0,0,0,10,14,20,11,0,39,17,0,4,0,0,19,0,0,0,0,35,0,0,2,0,0,18,0,0,5,18,0,0,0,23,16,0,0,0,30,0,0,0,0,7,8,0,0,7,2,0,0,0,10,0,0,0,66,238,135,0,0,0,22,0,0,0,0,0,0,0,0,0,0,0,0,0,7,0,16,10,8,9,2,17,141,255,82,29,3,5,0,14,14,2,0,1,0,0,12,0,18,0,0,6,0,5,6,1,0,0,22,11,255,227,36,0,6,0,2,0,0,0,0,0,3,0,18,8,0,0,0,8,0,16,0,15,0,0,7,202,245,169,5,12,0,20,0,6,7,0,0,0,0,1,0,0,0,13,0,0,0,0,0,0,4,7,84,255,197,31,4,23,5,0,2,0,15,6,0,0,0,14,1,0,0,8,0,0,21,0,0,0,3,0,147,246,144,0,0,1,0,0,6,0,26,0,13,0,14,17,8,33,0,0,8,20,0,15,0,5,0,59,237,255,70,0,0,17,0,0,10,33,0,0,0,0,9,0,0,12,0,19,0,4,13,0,0,0,63,206,255,143,16,0,8,1,5,0,0,0,8,20,8,9,8,1,0,0,0,0,15,5,0,0,0,0,195,255,192,10,1,0,0,0,0,10,4,2,18,0,0,18,0,0,0,0,0,0,0,2,0,0,0,182,254,193,63,0,14,7,0,0,8,0,14,2,2,0,13,10,0,0,0,0,8,9,28,0,5,2,175,234,241,47,6,0,0,0,0,0,0,15,17,2,0,0,0,12,5,3,0,17,0,12,0,0,0,114,242,255,52,0,0,0,0,0,0,19,14,0,21,27,0,0,19,0,0,0,0,19,0,0,0,12,17,240,255,151,0,0,6,0,1,0,6,11,19,23,0,0,0,0,0,0,6,3,0,0,0,0,18,0,245,255,141,9,21,17,0,0,9,10,16,0,0,4,0,2,8,23,32,5,6,0,0,2,0,0,0,167,253,201,35,0,13,13,0,0,0,0,0,7,13,0,0,5,0,10,0,20,17,0,0,11,0,1,92,243,255,18,0,0,0,0,6,0,9,0,37,0,2,12,16,6,19,27,0,0,3,0,0,0,9,81,255,252,189,12,0,3,5,0,13,0,0,24,6,0,3,0,0,2,14,0,0,0,0,19,0,16,0,179,255,187,0,0,25,0,0,0,2,6,10,3,1,18,0,0,0,9,0,15,4,0,14,0,0,0,17,255,248,164,0,0,28,7,0,0,2,0,0,0,0,9,0,0,0,1,0,0,0,1,4,18,4,1,13,212,225,50,10,10,15,0,0,0,5,0,8,0,7,6,0,2,0,0,11,15,0,10,0,0,16,3,0,0,1,3,0,22,0,21,0,10,4,8,14,0,0,15,23,2,4,19,0,0,0,0,11,13,1,1,28,0,18,0,10,3,0,0,0,0,0,27,3,10,4,0,0,0,0,5,0,16,18,0,0,2,19,0,0,28,8,2,8,0,0,5,0,0,0,0,0,7,0,15,14,0,0,15,0,8,0,0,13,5,12,9,7,17,15,0,19,22,0,0,8,14,0,7,4,8,0,3,14,26,0,0,0
0,4,1,0,14,5,0,0,0,9,0,3,0,3,0,0,0,0,0,7,3,4,0,7,0,0,0,12,3,0,0,3,11,0,11,0,0,0,10,1,0,0,0,4,0,0,0,0,16,0,0,0,0,0,0,10,0,3,0,0,0,6,1,0,0,0,6,0,9,4,0,0,0,0,0,0,0,6,0,27,0,16,0,5,37,0,3,12,0,1,11,1,6,0,0,0,0,8,0,20,0,0,0,14,18,26,4,5,0,5,20,0,4,0,0,0,12,0,5,0,1,8,6,9,5,3,8,0,10,14,0,0,1,0,0,0,6,0,12,0,0,32,19,0,4,0,19,0,14,4,0,0,23,0,0,10,131,141,183,127,129,116,38,18,0,5,0,9,0,0,24,16,0,21,0,0,0,14,15,0,0,100,203,255,252,255,255,255,255,243,196,19,0,0,0,0,0,0,1,16,6,15,0,0,0,0,4,0,56,237,253,247,231,121,114,88,104,214,240,46,10,4,6,0,16,0,0,0,0,5,0,0,12,20,1,79,235,255,188,91,29,0,0,0,3,204,177,0,9,5,28,13,0,10,2,0,0,2,0,13,0,14,2,62,255,245,36,0,0,0,4,0,21,78,9,0,25,0,28,0,0,3,8,11,6,0,11,16,0,0,19,66,255,255,12,0,0,37,27,64,73,163,83,0,8,17,0,0,0,19,0,0,0,30,0,11,0,0,16,58,245,255,104,78,99,205,226,236,231,255,121,0,0,0,0,2,0,6,0,0,3,13,0,0,0,1,0,84,243,237,255,243,255,239,254,182,136,115,16,0,0,4,9,0,5,7,0,5,14,11,0,2,4,18,13,156,245,255,255,255,132,70,40,0,10,12,0,6,6,0,12,0,2,0,4,0,0,0,0,14,5,34,189,255,254,255,241,167,0,18,0,0,0,0,20,2,0,4,0,4,0,5,0,2,10,0,4,0,0,142,255,243,255,255,255,130,0,0,23,0,17,0,0,7,0,19,0,0,8,2,0,0,31,0,10,14,18,241,255,85,15,228,255,141,6,0,0,0,9,0,0,17,0,22,0,0,0,0,0,13,13,1,0,20,25,255,204,18,9,200,255,135,9,3,0,8,0,17,11,7,0,3,6,17,0,0,23,0,0,0,10,2,49,246,235,46,0,203,255,140,1,13,18,0,0,0,7,19,4,0,0,0,8,0,10,0,0,4,6,0,39,255,238,126,0,222,228,135,0,0,0,0,10,0,14,0,16,0,7,18,0,10,0,11,0,0,0,0,26,202,255,181,77,255,255,98,8,7,0,20,14,0,2,20,0,4,0,10,0,0,8,1,11,0,8,0,16,150,255,204,236,248,172,30,2,18,18,0,17,9,0,10,0,0,8,27,19,15,0,6,7,0,0,0,5,24,223,255,255,237,157,13,1,0,0,10,0,0,0,20,0,11,0,1,0,13,4,22,19,0,5,9,4,3,195,243,255,207,30,13,0,7,0,12,3,0,0,18,0,12,18,7,2,2,0,1,43,7,8,0,0,0,55,227,205,36,0,0,8,0,14,4,0,0,0,8,8,0,0,21,0,14,15,5,3,8,0,3,0,0,5,9,0,0,0,0,8,0,0,0,10,0,5,7,0,20,0,0,0,0,0,11,8,12,10,0,0,8,0,0,1,0,0,5,9,2,21,2,0,0,0,0,10,2,0,12,15,0,0,11,4,0,3,0,0,0,0,0,0,4,8,0,0,8,2,4,0,19,0,0,8,27,0,5
9,0,12,0,0,9,12,20,13,18,0,29,0,12,0,10,0,31,0,0,0,2,7,1,0,0,5,0,0,0,0,10,0,0,12,2,0,0,0,28,0,9,6,0,13,0,0,0,8,0,21,2,0,0,5,13,11,0,0,0,10,20,0,1,0,0,0,0,2,0,0,5,24,0,31,0,5,0,11,0,13,0,0,15,3,2,0,0,0,0,8,15,11,0,0,14,31,0,0,0,0,7,0,0,11,7,9,6,0,0,9,0,0,0,22,5,1,0,0,16,28,0,0,0,0,0,11,0,13,0,16,0,0,1,13,14,7,0,0,0,10,6,1,0,0,0,8,0,11,0,12,6,1,0,0,30,21,28,85,137,183,244,255,134,0,0,6,0,28,21,0,0,0,0,21,16,0,0,0,110,174,200,152,229,196,255,255,255,255,243,244,178,0,0,2,12,24,0,0,14,9,0,6,25,0,0,21,215,251,255,252,255,252,229,255,250,237,237,180,23,11,14,0,0,0,0,6,0,18,0,0,3,8,22,124,255,247,248,231,229,166,189,162,92,0,5,0,23,2,7,0,0,2,0,3,0,0,0,15,0,0,0,255,255,232,153,44,27,0,0,0,0,0,0,0,15,11,0,13,0,26,0,4,2,0,0,0,2,0,66,255,251,193,0,0,7,1,5,10,0,29,0,15,0,0,0,0,0,0,0,12,0,0,21,0,0,19,200,241,233,254,195,98,54,31,3,0,0,0,0,13,0,3,0,5,0,16,0,0,14,0,10,7,25,212,253,237,255,239,237,255,255,226,173,80,0,16,11,2,4,13,0,15,0,0,0,17,3,0,2,0,29,213,255,252,238,225,255,255,239,235,247,255,149,0,0,0,13,6,0,0,0,0,0,0,4,13,9,0,0,179,236,249,166,46,18,30,110,168,251,255,246,8,28,4,5,2,0,10,0,4,3,0,0,0,20,0,0,17,124,106,16,1,0,5,0,14,149,254,255,67,14,1,0,0,5,3,0,0,0,10,5,0,9,2,0,0,0,0,7,0,17,0,26,17,124,237,255,110,0,0,0,11,0,0,3,0,0,8,0,7,26,10,16,9,1,0,16,0,13,0,17,0,122,255,231,111,0,14,6,1,0,0,7,2,2,2,0,1,13,0,0,34,0,40,4,0,0,2,0,22,140,247,246,2,6,1,0,0,0,0,6,11,0,0,0,25,18,80,20,13,0,0,0,0,0,0,0,100,246,255,159,0,15,16,17,6,28,0,12,0,8,0,0,14,14,202,133,0,4,0,0,5,1,1,65,224,248,211,36,0,0,0,0,3,0,0,10,16,0,0,10,12,0,203,241,111,0,14,0,0,5,86,249,251,255,134,0,3,3,0,0,3,3,0,0,0,0,0,0,23,0,40,208,255,137,43,9,27,136,255,255,255,135,0,0,0,6,1,12,0,0,16,15,4,15,2,0,0,1,0,51,238,255,255,236,255,243,247,255,99,4,0,2,0,0,26,0,0,6,0,1,0,2,12,0,17,12,27,25,32,121,255,233,241,255,169,15,0,2,9,6,0,0,12,1,25,0,4,18,0,7,7,13,8,0,0,0,0,14,8,0,0,19,0,0,9,9,0,2,6,22,2,0,10,0,0,0,2,0,0,0,0,2,0,6,0,0,1,12,0,13,0,0,7,0,12,0,0,3,0,19,0,0,16,0,0,0,0,0,8,4,22,5,0,0,0,0,1,4,5,2,0,0,20,0,5,0,5,0,8,1,0,12
2,0,0,0,10,0,0,8,0,0,0,0,0,6,0,9,0,12,0,0,9,0,12,0,0,2,0,0,10,3,10,12,0,13,0,8,8,0,12,0,14,27,17,0,13,7,4,0,0,0,0,5,0,8,3,0,5,0,0,15,8,0,4,0,7,1,0,11,0,0,0,14,4,7,0,9,0,0,4,9,0,0,0,0,0,0,12,0,0,20,16,0,0,22,0,0,0,9,11,0,23,6,0,0,0,9,7,22,13,0,2,2,6,0,0,7,12,10,0,0,0,0,0,0,4,7,18,16,0,0,0,0,0,0,0,1,0,0,0,0,0,0,0,0,0,0,2,0,0,20,8,8,0,12,11,235,103,0,0,0,0,12,4,10,6,10,23,0,1,0,9,0,0,8,1,0,14,1,0,15,4,6,33,255,149,26,0,1,9,4,0,0,5,0,0,0,0,4,10,0,16,0,1,0,0,0,0,0,0,6,60,252,138,3,0,8,0,0,0,9,17,3,24,0,0,0,1,0,14,0,1,16,0,22,0,0,0,18,127,228,138,0,5,16,13,11,16,0,0,0,10,2,11,0,18,8,5,7,0,0,26,0,13,7,13,0,136,255,70,8,7,0,0,0,10,6,6,22,14,0,0,13,0,1,26,1,6,0,0,0,9,22,0,7,136,254,28,0,0,0,5,0,1,0,27,0,0,17,5,0,3,0,0,0,6,0,20,2,9,2,0,21,137,199,26,12,12,0,0,8,8,8,0,19,22,4,33,17,12,0,14,14,13,0,0,0,3,12,5,0,150,163,0,14,18,0,0,0,0,0,0,0,10,13,15,2,0,9,0,0,17,0,0,0,4,1,0,0,163,106,0,8,7,19,0,0,10,0,20,10,0,0,12,6,22,0,14,13,0,0,0,22,0,11,34,3,213,144,3,1,0,0,0,0,7,0,5,0,0,10,0,0,10,2,6,0,0,0,0,0,5,10,0,0,218,136,6,0,1,0,14,24,1,0,7,0,6,0,0,0,0,0,9,14,32,12,3,0,7,0,0,0,216,79,0,0,0,23,1,12,0,0,9,0,3,0,18,15,3,37,0,1,30,10,21,10,5,0,26,3,154,59,0,0,0,0,0,20,0,0,0,0,0,20,13,0,0,5,19,10,0,0,10,7,15,0,0,0,232,153,0,9,2,0,0,0,2,0,0,14,0,4,0,0,16,0,0,0,3,0,4,0,8,0,0,7,247,124,12,23,12,0,0,2,16,0,0,4,15,0,2,0,18,0,0,11,5,0,0,2,14,0,0,76,255,140,23,0,6,4,0,1,7,0,15,0,0,0,19,0,3,0,26,16,0,0,6,0,0,12,0,124,254,120,2,15,20,0,10,0,0,0,5,0,7,0,0,8,10,8,0,0,7,23,21,7,0,0,0,154,255,106,0,7,16,29,0,5,4,3,6,0,0,7,0,9,8,0,4,3,0,4,0,30,0,44,0,110,242,69,3,0,0,0,0,0,0,8,8,14,11,3,3,1,11,17,0,16,0,9,0,0,27,0,0,47,192,22,27,0,7,0,0,2,9,23,12,1,17,22,9,0,6,2,7,27,0,0,13,12,8,0,0,7,6,3,15,11,3,7,3,5,3,4,11,0,24,0,24,0,3,4,0,0,0,3,15,0,3,0,26,11,8,0,0,0,13,0,0,0,17,0,7,0,0,0,0,0,0,0,19,0,14,0,0,27,24,7,0,0,0,0,0,0,4,8,0,20,12,4,0,12,6,0
0,0,8,9,16,0,0,0,6,1,0,0,0,8,3,4,0,9,3,3,0,0,0,0,25,6,17,13,0,13,3,9,22,0,0,0,9,0,5,17,4,0,0,23,0,7,0,0,0,0,18,6,0,32,0,0,0,0,22,0,12,17,3,0,0,0,0,4,0,1,0,5,12,24,10,0,0,0,11,18,2,1,0,0,0,19,0,11,11,0,0,0,20,15,0,0,0,0,0,0,9,0,17,17,18,0,0,0,12,14,1,10,1,6,13,0,0,0,0,6,22,0,0,0,9,0,17,0,0,0,9,0,0,11,0,0,1,5,0,0,0,22,17,4,0,0,0,0,17,0,0,7,0,1,0,4,0,1,0,13,0,0,0,0,0,4,4,6,0,0,3,27,2,0,23,0,0,21,2,7,10,23,0,19,80,205,91,14,0,0,0,2,0,0,0,14,0,7,0,9,4,9,0,15,4,0,12,18,16,7,0,0,185,255,143,0,0,9,14,0,0,0,0,19,0,0,0,54,87,27,1,0,0,15,4,0,0,0,0,47,238,255,140,0,0,0,30,0,0,0,5,0,5,0,0,96,221,61,0,0,0,0,0,0,0,3,10,143,245,255,73,14,0,26,0,1,0,0,0,0,8,0,18,31,164,252,238,224,146,87,51,30,39,151,128,255,251,142,0,12,17,0,16,0,2,25,6,0,1,15,2,15,13,71,218,241,253,253,255,255,237,248,255,253,253,123,0,0,10,0,7,0,0,12,0,9,7,21,1,7,13,3,5,0,17,31,97,130,103,109,48,142,255,127,0,26,16,0,2,0,8,13,19,30,5,1,7,0,0,0,0,0,21,0,0,15,0,18,2,105,255,116,7,20,0,1,0,0,13,0,20,2,0,7,0,3,13,26,1,0,0,12,4,0,0,5,40,115,248,116,0,3,0,0,0,10,0,15,0,0,11,3,1,9,8,0,4,0,18,22,0,18,0,0,0,116,247,117,0,0,0,20,0,35,0,0,10,0,13,0,0,24,1,4,19,0,0,17,0,0,0,0,0,20,252,133,3,0,13,1,1,0,7,0,14,4,0,0,15,10,5,8,11,0,10,0,13,0,0,0,27,0,255,202,0,0,4,1,0,0,14,0,0,0,2,0,15,0,14,8,2,0,10,6,0,4,0,0,0,29,179,226,0,0,9,12,0,0,0,0,9,15,8,0,22,9,36,15,0,0,4,1,0,8,6,0,0,0,176,230,4,0,8,11,0,6,0,1,4,0,0,0,0,0,0,0,0,0,0,0,10,0,5,0,0,0,161,235,26,0,0,0,30,4,7,7,0,1,4,0,0,0,13,0,0,7,7,0,0,0,0,0,12,3,161,255,87,2,12,7,0,0,0,0,0,0,0,0,0,15,4,0,24,10,0,0,0,15,16,0,0,0,60,255,234,32,18,2,0,0,0,7,29,11,0,20,5,0,7,0,6,0,13,0,0,5,0,0,0,1,37,239,255,185,20,0,0,6,7,2,15,2,0,0,0,0,32,9,0,10,33,6,0,0,4,0,3,0,0,230,248,252,30,0,11,0,5,0,0,0,10,0,0,17,9,13,0,5,7,4,7,0,17,7,3,3,6,51,255,217,43,0,0,0,0,0,0,8,0,0,0,0,0,9,1,0,0,16,20,0,11,2,13,10,21,0,7,5,25,10,6,1,0,0,7,0,0,0,5,0,1,24,8,0,4,0,0,2,6,13,0,0,21,14,0,6,3,0,0,0,6,0,0,0
19,0,21,3,10,18,0,5,0,10,0,0,0,0,0,0,9,8,0,12,0,13,18,7,19,0,0,23,0,23,0,0,0,0,35,21,8,0,16,0,0,0,20,0,10,0,0,6,2,0,0,0,23,9,0,25,3,2,0,2,0,7,0,5,0,0,0,18,15,7,8,0,12,0,0,0,9,0,3,15,0,0,12,6,15,16,0,16,0,0,15,12,1,22,17,2,0,1,2,0,2,0,2,9,4,0,0,0,0,4,11,4,19,0,6,0,0,0,3,9,0,0,3,0,15,0,0,6,0,1,0,0,5,0,0,0,7,0,0,0,25,11,3,0,0,0,15,6,0,18,9,0,8,9,29,0,0,158,253,227,40,37,6,24,20,0,16,0,22,2,8,0,0,0,0,7,6,15,0,0,24,170,231,94,156,255,255,183,17,17,4,11,0,8,0,2,19,1,0,0,0,34,5,11,0,18,13,113,217,247,255,64,176,255,245,8,106,0,10,8,0,15,20,0,8,0,21,0,0,2,7,0,0,25,218,255,232,191,80,0,174,254,234,30,110,14,11,20,10,21,0,29,32,4,0,5,10,4,15,7,44,215,255,244,112,4,4,26,215,237,135,43,84,0,0,16,3,0,4,5,22,0,0,0,0,22,33,21,219,234,255,71,0,4,0,20,254,247,136,196,79,0,0,20,17,15,4,16,17,0,0,14,9,0,0,159,255,249,109,8,0,13,11,106,244,255,232,223,33,7,0,0,24,0,0,0,0,0,0,0,0,0,24,206,255,245,0,0,2,0,0,164,255,255,249,128,5,0,1,0,0,3,4,10,14,0,13,0,0,11,6,241,255,250,56,0,1,14,0,240,227,255,186,0,0,0,6,0,0,0,0,0,6,15,0,7,0,4,2,140,242,255,254,189,160,182,168,252,255,225,53,3,0,0,4,5,21,0,0,15,0,12,13,0,20,0,28,54,203,250,247,255,253,238,239,252,255,152,2,19,0,0,0,16,0,0,19,38,0,0,0,3,18,9,10,0,25,22,129,217,182,94,171,250,255,211,10,0,0,0,4,5,0,0,0,17,11,2,0,6,0,2,4,21,0,0,0,11,6,0,216,255,255,242,9,11,0,0,5,0,0,14,9,0,0,0,11,5,0,30,4,13,0,0,13,0,0,0,196,240,238,142,0,0,0,13,0,9,3,5,7,0,0,0,11,5,0,0,0,9,0,0,24,5,0,61,255,238,249,39,3,0,0,10,12,0,0,0,7,0,1,0,15,14,11,17,0,9,0,4,3,9,10,63,252,250,255,51,74,191,12,26,0,0,8,8,3,0,0,0,15,5,22,0,15,8,1,13,5,0,0,47,255,255,242,216,229,73,16,0,0,7,42,10,0,0,0,0,0,10,4,16,0,0,2,0,1,0,0,62,239,235,255,246,130,16,0,4,7,15,0,56,0,0,3,1,0,6,0,25,19,0,8,0,4,7,0,41,250,248,246,198,16,0,0,0,0,18,0,7,0,1,0,0,0,0,0,0,5,5,12,0,0,0,0,6,186,255,232,38,0,25,14,0,4,1,9,0,5,0,0,0,5,0,0,0,0,0,0,11,13,5,0,11,14,2,0,17,16,0,0,0,0,0,7,0,0,0,0,0,4,0,7,3,6,0,6,0,0,12,5,0,0,13,0,0,4,5,6,23,14,14,0,5,2,4,0,0,2,0,20,0,15,0,8,13,2,0,0,0,0,2,0,11,13,27,0,0,0,0,1,0,0,2
0,8,7,0,17,1,0,0,0,12,0,6,0,0,4,0,28,0,0,0,9,18,0,15,0,14,0,0,22,0,0,0,9,0,0,0,25,0,11,0,5,17,8,0,1,0,5,0,8,12,12,2,0,8,13,13,39,0,0,0,2,17,0,6,0,16,1,23,0,5,1,0,0,0,4,18,18,0,15,10,8,0,0,0,4,8,0,0,10,0,14,7,0,0,20,5,0,38,0,2,0,7,0,0,7,11,6,24,11,0,16,0,16,0,0,13,16,10,10,19,0,0,0,0,0,0,4,26,8,0,3,0,12,0,0,0,0,0,0,3,4,2,5,4,93,227,255,33,0,0,0,0,0,0,16,0,0,0,16,0,0,7,0,0,8,7,0,10,11,0,14,25,226,255,233,24,9,0,0,26,0,0,0,0,14,0,23,0,4,0,9,23,9,5,9,27,0,3,0,93,255,255,175,0,2,21,0,0,0,7,0,7,0,0,8,0,14,18,0,1,1,0,0,11,0,0,0,135,244,253,157,32,10,0,15,0,0,18,3,23,0,6,0,4,0,17,0,18,0,0,0,6,8,7,0,146,240,239,183,15,1,7,8,0,11,12,0,0,3,1,0,75,194,195,5,0,0,19,0,4,0,0,0,68,255,232,251,30,3,8,0,0,0,0,0,0,27,0,7,161,239,249,16,12,12,10,8,0,0,10,0,5,182,255,255,110,18,0,1,5,16,0,0,0,0,0,1,171,250,249,2,2,0,2,10,14,0,28,4,24,78,235,253,234,158,21,0,0,0,0,0,0,0,0,16,162,230,253,41,15,0,15,0,0,0,3,12,7,0,58,234,255,255,212,91,21,0,2,25,9,0,0,81,228,255,255,20,2,24,0,14,15,0,17,0,27,0,0,40,226,254,255,244,249,166,112,66,76,147,224,255,240,253,255,28,0,0,3,0,16,20,0,3,8,11,2,0,67,192,233,255,255,235,232,255,248,252,254,254,251,255,242,15,0,0,0,7,0,0,7,4,11,0,12,0,14,16,18,104,105,145,194,216,235,176,65,75,253,250,252,34,0,0,0,12,0,11,3,8,0,0,3,0,0,0,0,5,0,1,7,4,26,17,0,22,242,239,249,18,0,0,0,0,14,0,5,24,0,0,11,18,0,18,0,0,17,0,22,0,5,0,8,20,251,251,255,12,0,11,4,9,2,0,0,0,0,0,0,0,3,5,0,9,0,13,0,0,0,0,0,18,255,246,255,22,5,9,0,37,10,15,0,0,0,0,4,0,0,3,0,14,0,0,0,1,0,25,0,5,255,247,255,31,0,0,0,6,0,0,0,0,0,0,3,0,19,10,3,0,0,9,34,0,19,0,0,24,242,255,230,51,10,0,0,0,0,0,0,29,7,0,0,4,20,18,0,0,0,0,6,1,0,27,17,0,158,254,255,16,0,15,7,1,0,8,0,1,0,0,0,11,0,0,0,0,19,4,0,2,14,17,12,14,168,253,247,20,7,0,0,27,31,1,1,0,6,0,0,0,0,9,7,0,35,0,0,3,0,7,13,3,51,251,255,24,3,5,0,4,10,11,27,2,0,15,0,0,0,20,7,4,0,4,0,4,0,0,0,17,14,21,11,3,0,0,0,0,2,0,0,0,13,0,1,1,0,12,0,7,0,0,10,5,0,0,0,0,5,0,25,0,0,0,0,0,17,12,0,0,0,15,13,0,0,9,0,0,0,0,22,24,6,6,4,0,8,0,0,0,0,12,0,8,8
17,0,0,8,0,0,5,0,0,0,8,4,0,6,28,23,2,4,18,3,0,0,3,7,0,0,3,6,14,1,17,0,11,0,3,8,0,23,2,0,27,0,10,11,22,16,0,0,17,8,0,0,0,0,19,0,0,0,2,7,0,9,0,0,0,0,0,22,171,91,13,5,0,2,7,0,6,0,3,7,0,11,1,0,0,0,24,0,19,25,2,0,0,8,0,172,255,80,3,13,0,0,4,0,0,6,0,4,14,0,0,11,0,10,3,1,8,0,0,0,4,0,118,255,241,105,8,0,4,0,2,6,7,0,0,7,0,0,4,0,11,0,3,0,0,13,6,0,5,8,239,248,238,12,14,0,0,22,0,19,17,1,15,19,0,13,9,1,1,0,0,2,4,14,0,16,0,47,252,255,150,22,2,0,8,0,16,8,0,0,0,0,9,0,16,6,0,12,0,0,0,0,0,2,0,245,239,232,25,5,24,27,0,0,0,0,0,28,9,2,4,12,0,15,0,12,7,0,3,16,0,0,93,255,236,198,0,0,4,4,12,13,0,21,11,13,11,6,0,0,0,0,4,3,21,0,4,10,7,0,129,255,255,92,8,0,32,0,0,8,0,0,17,0,0,19,3,0,0,3,0,0,6,0,0,0,0,0,202,249,255,43,0,14,0,0,0,0,26,0,0,0,0,14,3,0,6,5,0,7,5,0,0,0,0,54,250,253,233,0,21,0,0,0,68,112,114,85,17,0,5,16,1,0,0,0,0,6,0,4,0,0,0,80,254,244,126,0,10,24,63,163,255,255,255,255,14,0,7,0,21,5,0,19,0,15,24,0,31,3,6,94,255,232,124,12,53,186,245,255,255,247,255,255,196,38,0,4,16,0,0,8,0,2,22,2,3,0,0,20,204,255,141,95,254,252,244,245,239,186,236,255,255,87,0,13,11,0,5,13,7,2,0,0,0,17,0,11,201,255,255,241,252,255,209,53,51,9,90,195,255,218,26,0,0,0,12,8,9,6,2,0,11,0,0,3,99,255,255,255,241,129,0,8,0,7,0,217,249,255,73,1,0,30,0,5,0,39,0,0,24,7,0,0,39,237,255,253,229,31,10,0,9,9,103,255,255,180,0,6,10,0,17,9,5,7,0,33,3,0,0,6,0,224,244,255,255,153,69,46,102,186,253,255,239,84,0,0,0,4,17,0,0,0,0,7,13,0,5,0,0,50,179,243,255,241,255,255,242,247,245,234,130,22,0,1,0,0,6,21,13,8,0,0,0,16,15,0,0,9,36,218,255,255,236,252,255,255,222,147,0,0,0,8,4,0,13,0,3,0,0,0,0,1,5,0,0,0,10,48,103,121,194,247,162,46,9,0,0,8,0,0,0,9,0,19,0,0,0,0,0,18,4,0,0,4,12,0,10,0,0,0,6,0,23,0,23,0,0,0,0,6,6,0,0,0,0,28,0,11,0,27,0,0,0,0,9,4,20,3,0,16,15,4,0,9,0,3,3,11,0,0,0,0,0,3,0,0,5,0,9,0,0,4,0,0,0,2,6,0,3,0,0,0,0,0,4,0,24,0,0,12,11,2,0,16,9,1,0,0,1,21,0,5,0,0,15,0,0,0,0,15,0,0,5,0,0,25,1,6,0,0,1,0,0,0,0,20,11,15,2,0,0,0,13,8,8,0,16,3,3,3,0,0,0,27,1,1,0,15,0,0,21,0,0,3,0,7,0,2,2,0,0,11,0,7,0,1,0,6,7,9,0,10
0,11,0,29,8,29,0,0,0,1,0,23,0,24,0,5,0,0,1,0,0,0,0,0,16,3,16,0,0,3,0,0,0,3,5,1,9,18,6,0,0,0,9,0,14,0,0,3,17,0,0,11,24,0,6,2,0,23,2,0,0,0,13,0,0,3,8,0,13,0,15,9,1,4,7,0,7,24,0,0,20,0,26,0,0,0,0,14,0,2,0,0,15,19,17,19,17,9,0,0,8,11,5,0,0,18,12,0,12,0,14,3,10,19,9,0,22,5,0,0,10,6,13,0,0,6,9,4,0,0,0,7,0,0,0,0,0,0,0,4,0,0,7,0,10,3,5,0,8,0,0,32,74,192,227,171,152,157,53,21,0,7,21,1,0,16,0,0,11,7,2,0,6,0,7,0,30,93,203,242,245,255,248,248,253,250,249,24,0,10,0,0,18,11,11,19,1,9,9,2,10,17,64,186,241,255,255,223,137,80,93,134,177,226,255,143,0,3,0,23,16,5,0,7,3,15,6,14,17,182,255,255,255,201,82,24,19,11,9,0,6,94,255,235,1,5,0,0,2,11,0,3,22,0,22,0,143,255,208,102,39,0,0,0,4,3,0,0,17,96,244,255,0,0,6,0,6,0,0,0,17,17,0,121,227,205,14,0,0,0,21,0,0,0,2,0,0,111,244,241,17,18,12,0,20,0,2,0,0,2,6,177,255,122,4,0,0,0,27,0,13,0,5,13,9,118,252,255,4,30,0,8,0,7,4,0,0,3,0,20,168,37,0,0,14,0,0,0,11,0,18,0,0,78,255,219,0,5,0,0,0,2,0,1,2,1,0,2,0,0,0,0,0,0,5,2,0,0,0,2,0,203,236,228,0,6,0,0,9,19,11,0,19,0,13,22,0,1,3,0,0,0,3,2,12,7,0,0,33,250,249,99,34,0,0,0,13,0,6,10,13,9,0,0,0,0,0,4,15,2,0,14,9,8,35,0,148,255,202,10,0,0,0,9,1,0,0,3,0,0,7,1,0,0,10,12,0,0,0,10,11,0,0,77,235,255,117,0,8,0,0,0,19,0,0,6,5,26,17,12,0,0,9,14,27,0,0,8,2,4,54,237,248,131,0,11,0,11,26,0,6,9,9,0,0,0,3,6,0,0,0,0,0,7,4,0,0,21,244,236,223,1,0,5,0,1,10,6,12,0,0,0,0,0,7,5,0,1,14,0,13,0,0,0,3,179,255,251,42,7,16,6,12,0,0,0,14,0,0,0,0,26,0,6,2,0,0,0,0,0,0,12,175,255,255,73,0,6,14,3,16,0,0,24,0,8,4,6,0,0,11,10,0,10,0,0,0,11,0,116,254,255,151,14,4,11,0,1,0,0,2,0,6,0,0,1,0,0,4,0,4,7,2,11,10,1,59,255,255,255,208,100,181,182,189,194,145,0,7,10,2,0,0,0,10,7,0,0,7,0,0,0,0,0,0,150,255,255,255,249,255,253,251,255,197,7,0,0,0,0,0,0,5,0,0,15,27,12,1,0,0,23,0,0,31,51,118,135,255,255,189,141,18,0,0,0,0,13,3,0,22,11,0,0,25,0,0,9,0,7,0,0,13,0,17,0,0,0,14,0,33,0,7,0,11,15,0,0,0,0,0,17,0,0,0,9,0,4,1,12,0,0,15,0,2,0,0,13,0,0,2,2,0,15,0,12,3,0,0,3,20,0,0,4,0,0,0,2,10,8,0,0,9,0,10,0,1,8,11,13,0,0,8,14
0,0,2,0,16,0,0,0,0,11,0,1,0,0,13,13,4,3,0,0,8,0,0,0,0,23,8,0,5,2,0,7,0,13,30,9,0,0,0,8,0,17,8,25,0,18,7,0,0,0,0,7,11,2,14,11,0,8,2,11,0,2,0,0,0,22,0,15,0,19,21,0,22,3,4,8,6,0,7,1,8,7,14,4,0,0,6,0,0,10,1,30,17,169,255,255,255,219,109,32,32,0,2,10,0,0,0,0,3,0,0,0,8,0,2,0,0,15,13,14,181,255,255,255,253,255,255,108,0,15,11,1,7,0,7,0,15,6,0,0,0,8,0,0,0,0,2,0,126,187,75,28,34,62,199,243,0,18,2,0,0,0,24,4,0,9,10,0,0,0,10,0,0,0,15,0,0,12,8,21,10,24,60,240,0,18,4,0,18,27,0,3,0,1,0,4,0,0,2,19,11,0,3,10,0,0,4,19,0,0,63,253,3,0,0,0,0,0,3,2,13,6,1,7,0,13,3,0,3,1,7,12,6,4,0,4,4,0,109,247,7,0,0,14,2,9,0,0,3,21,14,0,1,27,0,0,27,0,0,0,9,0,0,0,22,0,96,255,0,12,20,4,0,0,0,11,1,10,0,0,0,0,18,9,0,0,0,19,0,13,0,0,0,8,131,242,7,15,0,20,2,0,0,0,8,1,1,1,0,0,0,0,10,14,6,20,0,23,0,10,6,15,226,241,17,0,0,3,1,0,0,0,9,14,0,6,0,19,0,0,0,0,3,0,12,4,0,11,23,57,240,202,3,14,0,1,0,15,0,0,17,20,7,0,22,0,15,9,0,0,0,5,1,0,6,19,0,137,248,162,0,0,0,14,0,0,11,0,6,0,6,7,0,9,1,1,0,0,2,11,0,28,5,10,0,156,255,69,0,2,12,0,0,0,17,0,12,0,10,0,14,0,0,11,0,0,15,0,0,0,21,0,5,237,226,20,8,0,0,0,0,0,4,0,0,0,3,0,1,4,10,0,15,20,0,8,0,22,0,0,164,255,167,0,0,0,0,0,0,7,7,0,0,15,3,4,0,0,0,17,11,36,4,12,3,15,19,23,255,241,69,19,0,21,0,6,5,0,26,8,3,0,0,0,14,8,0,3,29,0,0,0,0,12,3,159,255,161,8,0,7,2,43,107,88,157,114,120,0,7,41,0,0,0,0,0,0,28,5,8,12,16,69,242,255,178,124,121,239,231,218,255,244,252,255,197,4,23,0,9,0,14,0,0,0,12,10,8,18,34,228,255,249,230,252,251,255,255,206,177,119,122,198,67,0,32,4,0,0,0,6,0,2,0,8,0,11,117,254,253,245,171,192,162,54,71,55,0,17,0,0,0,8,11,1,2,7,16,12,0,0,11,0,0,0,126,248,148,37,13,8,0,0,21,4,6,0,16,0,0,15,0,17,0,1,10,25,8,0,1,0,0,0,0,10,0,13,24,5,1,9,0,0,0,0,3,3,21,0,0,0,8,4,0,0,1,0,7,2,0,0,0,2,0,0,0,0,0,12,36,0,9,0,12,0,6,7,12,21,0,10,9,0,3,21,0,0,3,0,22,0,0,17,0,10,22,0,0,17,22,11,1,0,4,0,27,11,2,13,0,8,0,0,0,2,7,0,6,0,0,6,12,25,5,3,4,0,0,0,0,1,0,0,12,14,14,0,0,0,1,0,0,0,5,11,7,0,0,0,0,0,2,33,15,0,0,5,0,0,8,0,14,2,0
8,8,2,7,0,0,14,0,17,6,0,7,8,0,0,3,0,9,0,2,0,24,0,9,0,6,0,0,0,13,0,1,8,0,0,0,2,0,0,1,0,14,0,9,0,39,24,3,2,1,0,25,3,8,2,0,0,20,0,13,0,6,0,0,0,1,0,0,0,8,7,0,5,0,12,14,17,3,7,0,8,6,0,0,0,13,18,0,13,0,12,0,11,2,0,14,0,0,0,0,10,18,4,0,0,0,7,5,7,10,10,14,0,5,1,16,18,0,0,0,0,7,0,15,0,0,0,7,3,16,0,0,0,0,2,0,0,7,5,1,13,0,2,2,0,0,0,0,0,0,14,0,0,0,0,0,0,13,70,113,131,231,54,0,0,4,0,5,0,22,10,0,2,0,0,0,0,0,23,7,0,18,15,115,189,244,230,255,255,246,152,8,0,0,0,18,14,3,0,0,2,0,37,13,122,178,158,163,164,237,255,238,255,241,246,255,254,250,128,1,0,17,0,18,20,7,12,22,0,0,16,0,213,230,244,255,255,241,246,245,247,144,131,43,43,28,0,11,10,9,0,10,0,14,0,0,0,15,21,0,230,247,130,139,158,89,93,42,5,0,25,0,0,8,4,0,13,0,0,3,0,10,0,3,0,0,11,51,255,178,14,2,0,2,26,0,0,28,0,8,0,8,14,12,0,0,0,13,0,24,0,15,0,17,0,61,237,131,0,6,0,0,12,0,10,0,1,14,0,4,0,0,3,0,0,4,0,1,0,3,3,23,10,98,255,92,0,12,0,21,12,0,0,0,0,0,12,12,8,0,0,0,5,0,0,0,0,24,0,0,7,128,241,76,0,5,2,4,0,2,10,0,0,0,0,0,0,0,2,0,7,0,0,1,0,28,5,0,4,143,253,225,175,249,255,149,169,112,7,11,0,2,18,0,0,0,0,12,0,0,0,0,0,0,1,24,3,47,253,255,255,238,244,245,255,234,229,158,16,0,1,0,4,6,0,0,0,15,0,0,0,8,8,0,0,0,139,176,189,160,86,111,92,128,174,241,241,55,0,5,2,6,0,0,0,2,0,2,1,0,0,0,0,0,0,0,6,9,3,6,8,23,0,68,186,242,53,0,0,2,0,30,0,0,0,0,0,0,0,0,9,29,0,0,0,0,0,0,4,0,0,0,46,241,209,0,17,6,8,0,0,0,0,5,0,0,27,0,9,0,5,0,11,0,0,10,4,0,0,0,0,217,252,13,15,0,0,0,9,3,0,0,18,0,0,0,0,9,0,0,3,0,7,3,11,4,2,0,93,242,228,0,0,7,7,0,7,6,19,0,4,7,28,1,8,0,8,0,0,33,21,44,29,47,46,170,246,253,227,24,29,13,8,5,0,4,20,0,0,0,0,1,6,14,17,168,187,237,249,251,255,252,244,239,243,255,106,0,0,0,0,0,0,0,11,4,0,6,0,0,2,0,9,226,246,241,255,255,250,254,255,255,229,82,0,0,17,0,27,14,10,0,4,0,20,0,12,0,11,4,2,8,46,160,150,137,144,146,190,105,8,0,2,0,8,0,1,14,0,1,0,9,11,0,23,0,0,7,0,0,0,10,17,0,0,13,19,0,0,4,30,0,14,2,21,30,7,6,0,0,13,11,9,0,11,10,4,2,8,0,0,8,5,26,0,22,0,0,1,8,19,7,5,0,0,10,10,0,3,4,0,0,0,7,9,0,3,0,10,18,6,0,0,10,1,5,0,12,12,9,16,7,19,0
0,0,0,11,0,0,0,1,0,13,0,0,13,9,0,11,13,2,0,2,1,0,14,8,0,0,1,18,7,4,5,14,9,0,0,5,0,3,0,8,4,0,0,0,21,2,5,16,6,11,5,0,2,7,0,0,24,13,3,0,4,11,12,1,4,0,0,0,5,8,2,0,0,0,0,14,4,6,13,0,0,14,9,10,0,0,4,0,18,0,0,0,3,12,15,2,0,21,0,14,25,16,0,8,1,23,0,2,14,0,0,0,0,0,5,0,0,0,4,0,0,0,21,3,8,7,0,2,0,0,18,0,0,0,0,0,9,12,0,0,0,0,17,0,14,19,11,0,0,0,14,0,0,6,113,218,245,244,103,29,0,4,0,7,12,10,14,0,6,0,20,0,0,0,9,3,0,32,6,1,0,120,254,233,254,255,254,233,16,0,0,0,0,16,12,15,0,14,11,0,0,37,5,10,0,0,0,3,34,218,255,138,28,45,118,245,167,15,0,0,15,0,14,14,0,0,0,0,17,0,0,8,6,3,4,29,233,249,128,0,1,0,29,187,211,34,1,10,9,16,0,0,0,4,9,0,1,0,0,5,0,0,0,154,255,197,7,11,0,0,9,138,240,42,0,2,0,0,0,0,2,0,8,0,0,0,10,0,0,0,58,249,237,6,12,4,0,0,15,141,254,78,0,7,7,27,12,0,7,18,0,0,0,6,12,0,0,12,142,255,170,0,0,22,0,5,10,128,251,37,0,2,0,9,2,0,0,14,0,5,0,0,13,0,17,42,236,247,86,2,0,0,11,0,0,116,225,31,23,0,0,23,2,0,0,1,4,2,9,0,0,5,6,131,242,225,0,9,5,1,0,3,5,177,183,0,2,21,0,0,0,0,13,9,9,0,11,39,0,7,0,196,255,134,0,0,12,0,0,0,63,230,195,0,30,15,0,0,0,0,2,1,0,0,0,0,13,0,10,225,250,3,15,5,0,0,0,1,195,249,78,0,10,0,14,2,14,0,12,12,12,3,32,9,19,0,30,249,141,0,12,0,18,0,14,14,219,158,0,2,4,0,20,0,7,0,0,0,0,0,0,4,2,0,118,255,169,0,2,0,0,26,3,97,255,98,0,0,1,4,0,0,20,7,0,3,13,0,0,0,8,0,72,255,237,2,15,0,8,3,1,156,246,123,18,0,1,3,0,28,0,15,5,0,0,8,33,0,0,7,35,255,241,19,14,1,17,0,34,255,214,24,10,0,0,0,0,14,7,0,14,0,3,30,0,0,4,0,23,247,255,0,25,8,0,29,234,255,120,0,11,0,12,0,0,0,0,41,19,0,0,0,5,0,5,0,0,128,249,27,11,24,75,239,255,161,13,3,2,0,0,10,0,0,0,2,0,0,0,0,20,2,0,0,0,65,230,237,44,77,238,229,142,7,9,7,14,9,0,22,16,20,5,0,13,0,0,0,0,6,13,22,10,0,177,255,255,255,244,114,30,0,20,0,0,7,0,0,0,5,10,0,15,0,0,0,0,0,0,4,0,0,26,142,224,178,42,2,18,6,9,0,13,0,5,0,0,16,15,4,8,0,16,0,9,0,0,7,12,0,0,23,6,2,12,0,16,0,0,23,11,0,0,12,2,0,8,7,0,17,0,9,1,0,18,3,0,3,3,7,1,0,0,0,0,10,0,0,3,27,11,0,8,0,0,19,7,0,0,16,17,0,0,3,10,0,0,0,3,0,0,0,0,0,0,2,18,0,2,0,0,6,25,2
9,0,0,2,0,0,0,0,0,13,0,4,0,0,1,13,9,0,10,0,0,0,1,16,0,6,12,0,0,34,9,0,3,0,15,0,7,10,0,2,6,15,18,1,0,27,0,31,5,0,28,0,7,5,0,13,39,0,0,0,0,0,7,0,22,2,6,60,234,21,25,0,29,7,0,0,0,0,0,0,4,0,1,6,0,27,0,15,0,7,0,5,0,4,0,86,239,18,15,0,1,0,22,0,5,0,1,33,0,0,0,0,0,0,0,0,6,0,16,25,15,5,17,85,224,0,0,0,11,16,0,0,19,0,0,0,0,16,0,0,0,14,0,7,7,5,8,6,0,3,4,239,209,5,1,0,17,0,6,3,0,2,8,3,6,0,10,0,0,0,6,0,18,0,0,0,0,3,38,255,204,0,0,21,0,0,0,17,0,0,0,0,6,17,0,0,10,0,12,0,21,0,0,0,13,33,105,251,66,6,13,0,0,2,41,49,0,4,10,3,0,0,4,3,5,0,0,0,2,0,0,0,20,9,126,217,6,3,9,18,109,196,213,241,126,2,0,12,0,0,2,0,0,0,0,17,1,13,12,9,4,9,191,246,3,2,0,145,215,226,232,163,233,177,9,0,0,0,0,24,0,0,12,0,0,24,20,0,3,14,207,184,0,0,50,217,151,66,14,0,142,184,9,6,20,5,0,0,17,20,13,2,0,0,27,14,0,116,255,170,0,39,192,255,101,55,0,10,0,246,52,0,3,0,3,12,10,12,0,0,5,11,0,1,0,137,255,184,4,131,241,178,159,0,22,17,52,253,166,2,1,11,0,9,0,4,0,1,10,9,6,0,2,216,255,119,29,246,254,144,0,4,0,0,74,255,143,0,4,6,15,0,15,16,1,0,0,15,19,0,19,207,255,11,74,220,255,59,0,1,11,3,93,210,20,18,0,0,0,1,6,14,0,0,19,0,0,25,0,205,242,9,83,255,181,0,6,0,15,87,255,209,0,0,0,0,0,0,0,7,0,0,0,0,0,0,8,202,228,0,151,245,149,0,0,0,88,214,255,144,0,0,0,0,0,0,15,0,11,7,1,0,5,0,0,243,234,6,138,251,193,27,53,161,255,255,186,0,6,0,0,0,0,7,0,0,3,20,5,0,0,0,12,167,227,40,82,253,255,203,232,248,255,166,0,3,22,0,5,0,0,0,0,9,16,0,0,0,12,0,0,110,250,214,239,255,255,255,245,211,173,28,0,0,0,0,13,8,0,4,4,0,20,0,0,6,0,14,0,8,195,234,231,246,255,114,90,4,0,15,21,0,7,8,0,0,8,2,14,0,4,22,7,0,7,3,29,0,29,217,189,38,152,27,9,0,15,5,6,0,4,0,11,0,0,8,0,0,27,0,0,0,0,0,14,3,0,16,18,0,0,8,12,0,0,0,0,0,0,0,2,14,0,18,13,0,0,7,9,0,0,0,26,0,12,2,0,0,0,5,0,19,1,0,14,0,0,4,0,0,5,10,0,8,0,10,1,0,0,10,16,24,0,0,0,5,0,0,0,16,13,30,0,29,23,0,16,18,1,2,4,1,0,0,0,0,26,11,8,2,0,13,8,0,10,0,4,12,0,3,0,0,0,8,16,0,8,23,0,5,0,3,19,17,8,3,0,4,7,13,0,0,32,0,0,0,7,0,8,8,0,2,0,0,0,1,0,8,0,18,6,0,0,5,4,15,13,7,0,1,0,0,0,23,0,0,0,0,0,0,3,11,0,19
0,0,0,8,24,10,1,0,19,0,0,8,10,4,9,11,0,0,0,35,6,19,3,0,1,13,0,1,22,8,0,0,0,14,7,24,14,0,0,0,7,0,0,9,9,0,5,6,7,2,19,0,7,10,15,0,0,0,5,5,0,0,25,4,0,0,0,0,4,12,0,5,0,0,28,0,12,0,0,2,19,0,21,12,5,0,0,0,0,6,0,4,0,7,8,31,13,14,0,12,0,5,0,2,0,0,0,17,0,0,0,7,5,3,0,0,0,0,0,0,10,21,0,0,10,0,4,0,0,0,0,0,13,4,14,4,3,5,3,9,7,5,10,3,0,0,27,51,138,169,63,135,145,106,81,186,255,252,255,55,0,0,0,3,0,9,11,16,0,0,24,0,16,0,75,240,248,224,255,245,242,235,255,242,253,170,156,62,0,1,6,12,0,19,0,1,0,0,0,5,9,0,134,255,251,91,136,91,106,123,99,44,2,0,10,2,0,8,9,14,20,20,26,0,9,0,0,6,5,19,95,249,250,7,34,0,0,0,1,0,0,16,12,26,4,11,0,9,12,1,0,14,0,0,16,24,26,0,0,225,248,48,1,0,11,0,4,21,0,35,0,0,0,16,5,11,6,0,4,0,14,13,0,0,0,0,11,62,241,124,0,0,0,0,0,0,2,0,1,0,16,0,5,0,0,3,6,10,24,0,6,13,0,0,15,73,255,99,3,0,0,0,1,0,9,0,0,1,4,0,15,2,0,20,0,2,7,19,23,0,0,13,21,142,255,150,88,98,102,85,96,1,0,9,26,0,0,16,0,0,2,13,4,2,9,30,11,0,0,22,22,165,255,240,255,251,243,243,255,238,98,21,0,6,0,15,0,5,11,0,0,0,0,3,24,13,0,5,0,156,246,75,153,50,58,72,153,255,247,200,27,0,0,0,3,2,11,6,0,0,12,1,11,0,1,0,0,25,60,7,16,3,25,0,20,31,205,246,212,77,0,14,0,0,0,3,13,0,6,4,0,15,24,7,9,3,0,8,0,0,0,4,0,0,0,143,255,255,133,12,18,24,10,0,0,3,0,7,18,0,18,16,10,1,2,11,0,0,4,0,0,22,2,0,83,237,244,119,16,0,0,3,9,0,4,0,8,19,0,0,1,11,5,10,0,2,2,0,23,2,5,0,0,47,255,255,61,0,0,1,0,0,12,32,27,14,0,12,0,0,0,27,0,0,5,14,0,6,5,0,1,0,12,255,255,2,20,0,0,0,0,0,1,0,0,2,0,0,2,9,74,5,3,0,0,0,11,0,11,12,27,126,253,65,0,0,8,3,10,1,0,0,19,1,0,13,16,197,250,7,10,0,0,14,22,1,10,0,35,3,205,109,0,0,10,0,3,0,0,23,3,15,16,0,14,229,255,159,110,61,0,6,0,0,0,0,58,156,241,87,16,0,0,0,4,0,0,0,0,0,0,16,0,83,222,251,232,238,240,250,136,169,139,216,255,255,178,0,0,16,0,7,0,8,0,18,0,0,0,7,0,8,34,62,145,147,152,158,220,249,242,207,140,35,7,9,0,0,0,0,0,0,13,23,0,0,0,0,0,1,17,21,0,7,0,4,0,18,0,0,24,0,0,3,11,0,0,0,0,0,8,25,0,0,18,10,0,3,0,13,9,0,3,4,24,8,10,0,1,0,0,1,3,10,0,0,0,19,0,0,5,0,0,9,5,9,0,0,18,6,6,0,5,0,0,0,0,0,0,0,5,8,0,19
0,0,0,0,8,10,0,0,0,0,8,8,0,15,0,10,0,4,0,14,14,2,0,0,19,0,16,0,6,13,20,0,0,17,4,0,12,10,0,0,0,0,20,18,5,7,0,0,6,0,12,0,11,0,0,7,19,16,15,4,5,0,4,0,0,15,0,9,0,0,14,0,0,0,11,0,0,0,0,14,0,0,0,18,0,4,0,12,0,16,0,0,22,6,11,0,0,11,27,255,255,65,0,0,16,0,18,21,3,0,0,5,9,0,0,0,0,0,1,0,0,9,5,2,0,85,235,255,254,111,0,0,0,0,17,0,30,17,12,0,0,13,0,32,0,0,0,8,13,30,3,0,104,252,245,200,234,0,0,0,7,2,8,1,0,0,0,25,0,7,2,0,0,0,0,4,0,0,9,18,235,251,74,68,201,3,0,0,0,0,8,0,10,0,6,8,12,0,6,0,0,0,2,18,4,15,0,149,255,138,0,154,86,11,2,17,11,10,11,24,3,8,3,1,0,0,0,9,0,0,12,16,14,0,11,106,255,73,28,64,75,0,14,0,1,7,7,1,14,0,3,33,16,4,0,14,4,0,12,2,0,14,0,255,232,0,5,0,18,12,0,19,16,23,10,0,0,13,0,4,10,11,4,2,0,18,9,0,0,0,67,244,181,19,0,10,20,0,3,4,0,19,0,3,0,0,4,0,0,15,0,0,3,15,0,0,19,20,115,251,148,1,0,0,0,0,25,3,16,0,2,0,20,0,9,12,4,1,0,0,0,26,0,10,3,0,141,255,45,7,0,0,10,8,0,9,0,0,3,4,3,22,4,0,3,0,0,0,8,0,0,3,0,6,212,209,25,43,39,66,42,0,6,0,17,0,2,8,0,0,24,0,2,0,15,0,0,4,0,8,0,24,241,252,204,240,255,255,255,213,130,0,0,20,0,9,12,8,13,4,0,0,1,2,0,8,0,0,0,4,217,255,242,96,76,108,125,234,253,155,0,16,27,0,0,9,17,0,0,0,0,5,13,0,0,10,16,121,252,239,172,0,0,3,0,74,255,241,29,0,10,3,19,0,27,12,0,1,0,4,11,4,9,0,0,150,249,251,228,14,9,8,36,10,200,243,62,0,17,0,0,13,0,0,12,0,8,0,0,0,0,0,13,10,171,255,229,134,1,2,0,14,102,255,49,0,0,11,7,0,5,12,21,6,0,0,6,0,16,19,1,10,16,178,237,255,66,14,0,0,152,255,63,2,5,0,0,2,9,0,0,21,0,3,0,0,18,2,7,16,1,25,212,242,244,80,13,99,254,216,52,0,0,14,0,0,0,8,15,9,9,19,0,0,5,0,5,0,0,17,34,215,248,255,255,250,240,117,8,7,18,0,0,0,5,9,18,0,0,12,0,0,0,0,0,3,0,3,0,18,144,231,228,163,77,0,14,0,38,8,0,0,0,0,9,0,0,13,0,4,0,14,2,0,10,24,17,2,3,0,21,21,10,0,0,0,21,3,0,12,4,6,18,28,0,7,9,0,0,3,8,0,40,9,1,3,0,3,25,10,6,2,0,0,0,6,23,0,17,11,0,0,0,0,9,0,0,12,5,20,1,0,0,0,0,0,21,0,0,0,0,0,0,0,2,19,0,0,0,10,0,0,12,0,11,4,9,14,0,0,0,0,0,0,3,0,17,0,2,0,3,12,15,7,0,16,0,4,8,0,9,0,0,11,2,0,0,33,0,4,0,0,2,0,0,6,0,4,0,0,0,13,10,7
0,0,0,0,2,0,8,8,0,0,0,0,4,9,7,0,0,0,0,18,3,9,0,0,5,5,6,0,26,0,0,24,2,2,12,0,0,11,19,0,0,8,0,0,0,0,0,7,0,0,6,7,0,0,10,6,0,0,32,0,0,0,0,4,0,5,3,4,16,0,0,13,0,6,3,0,0,15,1,0,0,10,20,18,6,0,0,0,12,0,0,0,5,0,0,10,0,0,0,0,10,14,4,0,0,0,0,9,0,0,5,0,0,6,11,0,0,22,1,0,0,20,12,0,3,34,0,0,0,0,3,0,0,0,11,1,0,0,18,7,5,0,17,27,3,0,0,0,0,14,77,220,201,170,154,167,56,71,0,1,0,0,0,0,0,0,0,0,3,0,1,0,0,0,0,12,0,15,216,239,186,150,208,243,235,239,172,60,3,3,4,16,6,0,0,0,13,10,11,0,6,0,2,2,4,50,135,0,1,10,16,0,0,94,244,229,89,0,0,0,3,0,6,0,16,0,2,0,0,5,0,0,0,23,0,0,0,7,0,0,0,5,62,218,199,11,20,0,5,1,14,0,15,0,0,0,9,0,9,2,0,0,0,0,8,0,0,0,20,0,79,255,209,0,7,0,18,0,7,15,0,0,5,2,10,2,0,0,28,7,4,8,0,0,0,0,63,194,255,200,45,8,4,8,0,11,0,8,20,3,0,0,6,0,0,0,0,0,9,12,9,19,112,199,245,255,129,4,7,0,0,0,14,7,13,17,0,18,0,1,0,0,0,0,0,78,224,255,236,238,250,252,255,204,78,10,13,6,15,4,0,4,0,21,0,3,0,23,6,0,0,0,0,78,179,226,125,92,0,19,75,197,233,113,11,0,0,0,0,0,9,18,23,0,16,2,10,8,17,22,9,13,13,0,0,0,0,4,0,46,236,181,0,0,3,22,5,0,0,0,0,0,0,1,1,0,0,0,5,0,0,0,0,0,0,0,26,3,94,236,6,0,0,0,0,3,6,0,0,4,0,6,9,11,0,0,0,0,10,12,16,8,0,0,4,3,99,255,36,20,0,15,0,1,0,23,0,8,12,7,0,1,11,5,0,0,0,10,10,0,7,9,2,0,191,220,0,0,0,0,0,24,0,15,0,0,0,0,0,0,0,9,14,81,5,0,0,10,0,26,0,130,249,123,0,0,0,0,16,13,5,10,0,42,1,9,0,0,19,7,171,164,0,0,13,6,2,0,93,233,181,0,0,0,0,0,0,0,7,26,18,0,0,0,22,1,23,255,255,75,0,0,0,13,11,150,255,153,20,0,14,0,0,0,0,1,0,0,8,0,2,0,3,0,0,235,250,0,0,9,15,0,141,255,142,13,12,0,16,21,12,0,2,0,9,0,0,10,0,0,15,1,12,235,250,0,3,0,3,141,238,136,0,0,0,16,0,0,2,0,0,0,0,0,0,11,0,0,13,0,0,82,246,87,136,172,236,251,147,29,9,0,2,0,3,0,4,0,5,0,0,0,26,0,25,0,16,2,0,0,217,227,228,244,148,102,9,0,0,0,0,8,15,4,14,0,0,0,6,0,0,0,5,19,15,0,19,0,0,0,16,18,24,0,0,0,0,0,0,0,0,5,0,0,0,0,0,2,11,0,7,0,0,9,0,1,1,13,0,0,0,0,0,0,9,0,0,12,12,0,0,13,3,27,0,3,21,0,7,21,0,17,8,0,18,12,14,0,12,21,8,0,0,19,0,0,21,0,15,0,0,6,7,0
4,0,25,0,0,0,5,10,0,3,0,0,20,8,16,1,9,0,3,0,7,5,16,0,18,6,0,0,14,2,23,0,6,0,0,0,0,17,28,0,0,0,14,0,0,0,22,23,0,0,16,0,17,3,8,0,1,18,0,0,2,0,2,0,11,11,0,0,0,0,5,0,11,0,0,0,15,8,0,0,0,10,11,0,18,0,7,6,17,21,0,0,0,0,0,0,0,0,0,0,0,6,0,20,5,0,14,0,0,6,4,0,0,0,0,15,0,1,3,0,0,6,18,0,0,11,0,0,0,0,0,0,17,6,19,9,0,0,0,0,11,10,30,0,12,6,0,0,0,33,0,0,0,0,0,0,0,13,0,22,0,6,17,0,0,2,4,0,0,6,0,2,12,0,6,7,0,0,19,13,30,0,21,1,0,19,0,0,0,0,0,22,26,27,6,3,0,5,31,0,17,142,134,124,236,255,255,253,255,255,255,227,243,126,0,0,22,0,1,0,5,7,6,0,14,0,0,4,5,238,255,242,239,245,255,249,255,242,255,255,255,255,84,0,0,4,24,0,0,0,0,2,2,18,4,6,0,73,134,61,6,1,6,2,0,0,0,65,255,251,131,0,0,0,9,3,0,2,2,0,0,0,0,0,0,0,0,7,0,0,1,0,0,0,7,79,255,255,149,1,9,0,0,7,0,6,3,0,0,2,5,3,15,1,0,0,15,11,0,7,0,0,24,143,255,255,129,0,0,14,1,0,0,7,0,16,0,0,0,1,20,0,12,5,0,0,7,0,0,0,18,122,255,255,107,2,0,5,17,14,12,6,3,0,6,0,8,0,14,6,0,0,0,0,21,0,12,17,0,141,252,255,113,0,14,0,0,0,2,0,0,0,19,0,0,0,1,0,15,16,13,0,7,0,7,8,0,127,255,244,149,0,0,3,0,0,1,12,0,2,0,0,6,1,0,7,22,13,0,0,0,0,1,0,5,125,255,255,126,0,0,0,12,0,0,24,14,7,0,0,13,0,9,17,0,0,11,11,6,0,7,0,18,128,247,255,0,1,13,0,11,18,12,0,12,6,0,0,16,0,5,0,0,0,0,8,4,0,0,6,2,205,249,255,0,0,1,0,0,12,28,0,0,42,7,0,0,0,0,0,26,8,1,12,0,0,0,0,0,255,255,255,0,0,7,0,11,0,0,12,0,11,0,5,8,0,1,3,0,26,0,0,24,0,0,10,0,246,238,119,34,0,1,0,0,0,20,12,0,0,0,9,29,0,0,0,0,2,20,0,7,25,6,0,16,253,255,120,0,0,0,0,0,1,0,10,4,18,1,34,1,12,9,9,0,0,0,0,0,0,0,0,3,255,255,107,8,0,0,0,22,6,0,0,0,10,8,40,6,0,0,19,3,4,2,2,4,4,5,5,82,248,255,146,2,0,1,0,0,13,0,8,26,0,0,0,20,0,0,8,6,0,0,6,11,24,6,3,140,252,255,195,9,0,0,0,0,0,0,0,0,0,0,3,4,13,0,20,0,13,8,0,3,24,0,6,0,250,253,255,93,5,0,19,21,0,1,0,4,0,0,4,0,9,14,0,18,0,14,7,24,0,0,0,0,255,248,252,114,27,16,1,12,0,0,0,0,9,2,13,0,0,5,3,3,0,6,14,0,0,0,3,0,203,255,123,17,9,0,0,5,0,0,0,0,4,14,0,8,9,0,9,7,11,4,0,0,0,0,0,0,0,0,0,3,0,0,0,10,0,0,13,0,1
1,0,0,0,0,0,0,2,0,5,23,5,0,0,0,0,19,0,17,0,0,0,7,15,6,0,17,0,0,10,15,0,0,0,0,7,25,0,0,17,0,0,0,5,0,20,16,9,0,15,6,6,0,0,0,2,6,0,13,3,1,0,14,14,0,35,0,9,17,24,0,8,0,24,0,2,0,35,4,5,2,33,7,0,0,4,0,1,0,0,0,19,27,0,0,0,3,0,4,0,2,0,8,0,0,0,0,21,7,23,0,22,3,6,0,2,0,0,163,212,242,218,157,94,47,0,3,4,0,37,1,0,16,0,0,0,21,0,4,0,6,7,1,0,0,33,255,255,252,245,255,255,249,191,87,2,0,0,0,0,9,0,0,0,0,12,0,0,0,0,4,6,1,14,112,147,128,167,180,240,255,255,245,141,54,20,0,4,16,0,0,3,0,0,14,0,0,0,5,18,16,0,14,0,6,0,1,84,173,254,255,255,227,0,0,0,0,9,17,0,0,0,0,7,3,0,0,0,0,0,11,0,2,5,0,17,0,29,243,255,255,0,0,13,24,0,0,18,0,11,3,6,16,0,0,7,6,12,0,0,11,0,1,0,0,0,204,254,208,19,8,22,0,5,0,0,4,0,0,0,8,3,0,6,4,0,1,0,0,0,2,0,7,97,224,252,244,0,0,0,15,0,6,8,14,0,0,0,0,6,18,0,4,16,0,0,20,1,0,0,50,241,255,255,115,21,15,32,3,0,0,0,6,0,0,0,0,0,0,0,0,0,6,0,16,1,0,6,51,242,255,255,12,6,0,3,0,0,2,0,0,3,0,0,13,0,6,0,4,10,0,0,0,26,0,5,172,255,255,120,0,0,4,0,12,0,12,0,0,0,15,11,0,11,16,0,6,0,26,0,0,6,6,93,255,255,254,56,0,0,0,0,24,0,3,0,0,0,2,0,3,0,0,0,5,2,0,2,0,0,0,218,255,236,155,13,18,0,0,12,23,0,16,0,0,4,5,0,4,21,0,36,0,0,5,2,0,0,117,255,255,229,42,0,12,0,0,5,9,0,2,6,9,18,0,0,2,9,0,12,4,0,0,4,9,7,211,226,255,67,8,0,7,0,17,136,101,165,232,246,239,169,8,0,7,19,0,0,0,13,11,0,0,39,217,255,255,89,130,149,245,249,247,255,255,255,255,255,243,63,0,0,0,3,9,6,7,9,0,0,23,215,255,255,246,255,241,243,249,238,255,255,222,194,204,128,25,0,0,0,16,0,0,13,25,0,2,0,46,242,238,255,249,246,248,255,248,212,79,83,9,0,13,0,16,20,11,0,12,0,26,0,3,0,7,0,35,226,255,255,187,134,52,58,61,26,0,0,0,0,0,0,9,3,0,0,18,0,0,0,0,0,0,0,12,9,22,5,2,0,9,0,0,0,0,15,10,3,0,6,17,0,0,5,19,1,0,28,11,0,0,0,0,0,0,0,0,0,20,19,6,0,8,0,0,0,0,0,0,0,0,9,2,21,23,24,1,0,17,0,0,0,0,0,0,15,7,16,0,0,0,0,2,2,0,3,0,16,5,0,0,5,0,15,8,0,14,0,0,9,13,6,0,0,0,0,0,15,0,3,14,10,26,0,15,46,0,8,0,0,26,12,6,0,13,0,0,21,0,11,11,16,0,0,10,0,0,6,0,0,0,0,7,6,0,0,4,8,1,0,0,6,5,0,14,4,0,0,13,4,1,0,0,0,18,0,0,22,9,0,18,3,20,1
0,0,6,0,15,0,3,0,0,21,14,10,0,19,0,0,10,0,0,2,0,0,10,0,0,1,0,0,0,7,5,0,23,0,14,0,12,16,17,11,0,2,0,13,0,0,8,11,18,7,0,0,7,15,0,6,19,0,13,0,23,6,0,12,0,0,0,3,9,1,6,26,8,6,0,5,0,0,0,0,17,0,0,16,6,0,0,33,0,0,0,6,1,0,0,5,0,0,0,14,10,9,25,2,1,13,2,7,0,0,0,0,0,4,6,0,29,0,0,9,101,225,255,170,55,0,8,2,17,2,0,10,3,0,2,1,17,0,0,0,13,3,0,0,0,1,0,192,244,255,175,176,255,197,61,0,0,32,0,0,0,0,0,2,6,0,15,0,22,13,15,1,0,0,0,215,255,188,13,7,109,244,234,120,15,0,4,0,0,0,0,0,0,8,0,0,0,1,0,0,1,0,62,238,220,16,6,12,3,127,255,229,187,36,0,9,15,0,0,0,0,9,0,8,28,0,6,3,0,0,76,255,179,0,0,0,27,56,189,234,255,216,97,13,0,0,6,0,1,0,3,9,19,17,0,1,7,0,118,255,181,0,4,6,0,18,10,55,203,235,242,111,0,0,0,0,9,20,0,23,21,9,6,11,0,0,110,239,64,19,9,0,0,8,0,21,3,21,176,236,28,0,0,0,0,11,12,8,0,9,1,0,2,0,80,251,79,23,12,0,24,12,0,18,0,14,39,239,224,44,0,0,0,8,0,0,0,0,0,0,5,0,93,252,69,9,1,20,0,7,0,0,0,0,16,39,224,205,9,0,0,0,0,15,0,0,0,3,13,0,83,243,57,8,27,30,0,0,0,13,18,16,0,0,180,255,72,0,0,0,0,24,4,0,19,5,0,0,98,229,77,11,0,2,19,0,15,0,2,0,2,16,83,255,192,0,7,28,0,0,0,5,0,0,0,0,94,255,66,0,0,0,0,14,0,19,0,0,0,0,24,215,216,17,0,5,0,0,0,8,0,9,0,10,30,247,132,3,0,0,14,0,35,0,10,19,0,0,0,183,232,0,17,15,1,0,26,20,3,7,8,7,4,222,168,0,24,0,0,0,5,0,1,0,0,6,20,233,236,91,0,18,0,16,0,0,22,0,17,5,16,198,204,8,17,18,11,16,3,6,0,0,0,1,141,253,201,40,17,0,0,25,0,0,17,8,5,19,7,160,255,124,7,11,14,0,0,0,13,10,18,120,255,223,79,0,0,0,1,0,0,6,16,3,26,34,0,16,217,240,119,24,0,0,15,1,11,4,20,138,255,122,0,0,0,0,0,17,0,2,0,11,0,0,0,14,63,169,249,101,32,0,0,0,14,28,211,255,254,54,0,0,0,26,0,9,8,0,6,14,5,18,0,0,11,11,181,241,247,167,165,178,157,255,255,255,73,4,0,2,0,12,0,0,0,5,7,13,0,0,17,0,17,0,0,62,86,171,255,255,255,255,110,3,0,0,23,0,0,0,5,14,0,16,0,9,0,18,2,22,0,0,6,3,0,0,0,4,0,7,0,20,0,0,14,0,0,0,7,0,0,6,9,0,14,0,0,4,17,0,16,19,18,17,15,0,0,28,0,0,12,17,0,11,10,0,0,22,0,11,0,24,0,0,0,10,0,30,0,9,0,9,0,0,1,14,6,0,16,17,0,9,0,0,0,0,1,0,11,0,0,9,14,0,0,7,0,0,2,0,0,26,0,0,0,0,0,4,0,0,10,9,1,7
15,0,0,0,0,0,9,16,11,0,0,0,16,0,0,0,0,21,0,4,0,0,0,2,11,0,9,4,2,0,0,5,0,0,0,18,0,14,0,10,8,6,0,0,18,5,0,3,22,4,0,0,0,8,10,0,9,0,0,7,0,0,17,41,0,1,0,11,1,1,13,34,0,29,7,15,21,0,0,0,10,0,9,0,14,0,0,0,16,0,0,15,4,16,4,0,0,0,0,10,10,15,0,0,28,0,10,0,0,12,0,5,29,0,5,15,4,0,4,12,4,0,3,2,7,21,4,0,0,10,0,0,0,0,0,29,0,2,0,0,0,3,0,14,0,0,0,0,0,24,5,18,25,174,243,240,221,255,135,0,21,4,0,7,1,30,11,0,14,0,4,6,17,34,10,3,0,18,7,0,216,250,244,241,255,255,243,143,9,6,2,0,7,0,10,0,0,0,0,15,2,0,10,7,0,14,115,225,254,255,224,223,244,255,224,242,36,0,0,5,3,0,0,3,16,0,0,12,0,0,3,10,59,255,255,255,231,212,123,35,226,248,255,255,92,0,15,20,4,18,0,0,0,30,0,0,5,0,3,34,193,227,255,159,103,5,0,123,255,255,152,231,0,0,0,1,9,0,0,0,4,0,0,4,0,7,19,130,229,232,149,15,0,0,26,215,255,214,9,4,18,25,19,0,2,0,0,7,1,0,25,0,0,8,8,162,255,170,23,0,3,4,65,255,226,68,0,5,1,25,10,13,0,0,0,15,8,0,10,2,0,8,0,166,252,169,0,7,23,68,230,255,214,40,6,8,3,0,15,8,0,0,13,0,26,10,0,11,3,33,13,97,255,245,134,17,8,127,246,191,186,36,0,24,0,0,11,11,12,14,12,12,2,0,23,0,0,0,7,19,175,255,255,173,76,240,230,164,5,0,0,0,18,0,0,13,12,0,0,14,3,0,0,0,10,0,1,28,0,118,251,253,245,240,216,49,24,0,0,0,2,14,0,6,13,0,0,3,4,0,0,12,0,0,0,0,0,16,55,214,234,237,194,0,3,10,0,6,0,9,0,19,0,13,0,15,13,7,0,0,9,0,0,4,0,20,18,234,255,255,255,192,130,154,60,15,10,0,12,1,0,0,3,9,0,0,4,0,19,2,27,0,1,0,130,255,246,201,185,249,255,172,111,30,20,0,0,0,13,0,14,0,6,0,2,1,0,8,21,0,2,31,242,243,128,0,7,84,149,199,255,143,0,0,5,0,8,0,4,0,9,0,8,0,17,20,31,15,0,41,251,235,84,3,0,12,22,52,132,254,109,0,0,6,2,6,3,0,3,13,17,0,10,0,0,0,10,59,255,228,5,20,10,0,0,0,41,255,149,0,2,0,0,14,13,0,0,0,24,0,17,0,0,2,11,131,239,220,7,29,0,16,26,146,255,253,120,0,0,2,11,0,26,0,14,0,10,22,5,0,0,2,0,90,220,255,242,203,169,242,255,255,251,187,28,5,2,0,0,24,0,0,9,0,0,0,0,3,7,7,22,37,168,226,189,151,157,228,203,161,100,5,4,0,0,13,0,0,24,18,10,20,4,0,0,0,4,0,0,0,0,16,0,6,0,6,0,0,0,12,0,19,0,12,0,5,25,0,0,17,5,14,0,13,0,0,4,0,0,8,1,4,0,0,12,5,4,0,0,6,0,0,0,0,10,0,0,14,16,10,9,0,10,0,19,16,11,0,8,0,0,11,0,5,0,0,0,0,0,6,0,21,0,6
0,26,15,17,0,30,0,0,1,9,0,0,8,0,0,0,6,4,0,0,0,9,19,0,9,7,18,0,1,6,0,0,0,0,0,0,0,13,0,0,15,0,0,0,0,0,3,6,23,0,0,0,15,0,0,0,12,7,0,0,4,0,0,0,0,20,0,0,0,7,0,0,0,0,0,8,2,0,0,0,0,0,3,1,0,4,5,0,8,29,1,0,2,16,0,0,7,0,0,0,0,0,7,26,0,0,0,0,12,0,5,7,17,0,0,0,14,3,0,0,0,0,0,0,13,5,0,0,6,0,0,24,0,0,9,8,6,6,0,0,17,6,0,9,0,17,0,0,7,8,0,61,119,214,133,91,0,7,0,0,0,11,0,6,2,32,5,0,0,0,5,0,7,0,0,2,0,0,76,250,228,234,249,228,210,67,0,0,0,7,0,13,0,24,0,3,21,0,0,0,0,28,7,20,46,190,255,255,71,16,99,172,255,222,34,6,0,2,3,0,0,3,2,22,0,11,3,11,0,4,0,0,61,255,193,114,67,0,7,2,106,239,207,4,0,30,5,10,0,2,20,8,17,14,0,5,16,0,17,0,86,255,187,4,18,10,10,0,11,244,252,88,11,9,2,0,0,0,0,0,0,0,0,0,16,0,7,20,86,231,198,0,0,3,14,0,0,164,230,79,19,0,0,0,16,13,0,0,12,21,0,22,0,0,14,6,10,245,255,39,15,0,1,0,18,160,255,73,0,0,19,2,0,24,0,3,4,0,17,3,19,4,0,5,0,95,235,241,115,6,36,0,32,255,249,90,0,0,0,13,0,3,1,4,0,1,0,0,0,0,15,0,12,3,142,255,233,155,57,26,175,255,255,45,0,29,0,0,0,0,0,0,1,22,0,18,6,0,0,0,0,19,1,104,248,247,240,235,241,255,69,0,0,0,13,0,0,0,0,0,3,0,0,1,0,15,7,5,0,13,0,0,116,255,255,254,255,58,4,0,1,0,0,9,10,34,1,0,0,11,0,20,0,0,0,4,10,0,61,109,231,255,252,255,249,63,2,0,23,0,0,0,0,16,3,6,0,0,0,35,4,0,2,0,13,35,206,255,224,174,74,124,237,171,24,0,19,5,2,0,0,24,14,0,0,26,8,11,0,0,0,0,10,124,255,140,21,4,37,44,255,255,54,5,1,0,23,25,3,0,0,17,2,0,11,0,0,12,14,0,0,21,239,113,12,5,10,0,39,214,233,41,7,0,0,0,0,0,15,7,16,0,0,3,0,11,13,12,19,0,212,243,32,0,0,0,0,163,244,96,3,0,0,15,0,27,0,32,11,0,0,12,0,0,0,12,0,0,151,247,165,15,15,25,5,187,237,45,33,23,0,0,20,18,30,0,8,0,24,0,15,0,0,0,7,20,3,210,242,90,18,0,50,248,181,20,0,0,0,0,0,11,0,19,1,0,2,14,9,0,0,0,0,5,31,84,241,238,212,143,232,255,105,0,2,1,26,31,0,15,0,0,0,0,28,18,2,16,13,14,0,4,10,0,88,227,241,255,255,166,8,0,11,5,0,7,1,11,3,0,0,0,0,4,0,31,3,14,0,0,0,0,0,7,0,7,12,0,13,17,16,0,0,0,11,0,7,14,9,5,0,0,0,0,0,0,7,16,0,13,0,5,20,0,0,0,26,11,7,0,9,3,6,3,0,19,4,0,0,3,13,12,0,0,15,0,0,0,32,12,8,0,13,0,0,0,4,13,0,3,0,0,0,0
0,0,0,0,2,8,10,3,7,0,9,8,0,0,0,0,0,0,0,9,6,0,0,0,11,0,0,0,2,0,0,16,3,0,16,0,0,0,0,0,5,2,6,0,0,0,0,0,0,0,9,2,4,0,0,0,22,25,0,4,0,0,3,8,0,0,0,5,0,0,0,0,11,10,0,0,10,11,3,9,0,8,0,0,3,0,0,0,0,20,0,15,0,0,0,22,8,0,1,1,0,0,0,0,0,0,6,29,3,12,0,0,7,11,12,1,9,7,0,5,0,0,5,0,20,14,0,0,0,3,0,1,1,0,0,0,22,0,3,0,6,19,2,0,0,0,1,0,11,0,3,11,0,2,2,26,16,26,35,116,150,129,124,133,137,111,83,1,0,0,0,3,1,3,14,6,2,0,0,0,58,185,253,230,255,255,251,246,233,255,247,252,255,251,168,7,0,0,1,0,9,0,0,16,6,13,0,81,222,255,247,250,255,249,237,224,217,218,121,106,90,92,0,0,2,0,1,0,28,0,16,0,36,0,50,216,255,254,214,105,84,87,37,8,0,2,0,0,2,8,0,0,32,31,0,0,21,15,10,0,2,12,158,235,251,174,50,0,0,0,0,12,1,0,11,8,0,5,0,0,0,0,0,14,10,3,0,4,13,143,250,255,158,4,0,0,0,0,0,0,12,15,9,0,5,8,0,0,0,7,4,4,8,0,0,0,26,227,255,219,72,0,6,7,0,0,14,22,0,0,18,0,11,0,1,6,0,4,23,6,0,2,0,12,167,255,243,80,0,0,3,0,0,1,5,16,2,3,8,0,20,0,0,18,22,1,5,15,31,0,7,0,255,255,210,15,0,0,33,0,12,0,0,0,5,3,8,0,0,37,11,0,0,0,0,0,13,0,0,11,193,252,229,161,38,0,0,12,9,4,0,14,0,0,0,0,13,7,8,0,0,20,0,7,29,0,0,0,79,182,255,248,247,254,148,34,16,18,0,5,11,17,15,38,11,0,8,7,0,0,6,1,0,10,0,0,6,82,140,224,245,255,255,255,187,0,1,0,2,0,0,1,6,0,0,0,0,21,2,0,0,0,0,0,0,15,0,0,67,138,238,255,255,198,17,0,6,12,0,4,15,1,0,0,3,0,11,0,53,23,0,0,0,0,8,9,0,0,35,127,251,239,179,0,1,2,39,30,3,27,16,19,26,17,26,11,0,0,0,37,0,18,0,0,2,13,0,0,199,237,232,21,0,0,12,4,0,0,36,13,7,10,3,4,5,9,1,249,118,33,10,19,0,0,3,114,255,252,255,4,6,6,16,1,0,2,0,0,8,10,0,7,5,9,19,132,255,150,4,12,0,6,135,254,255,255,81,0,22,0,0,0,0,21,0,0,18,0,8,14,0,0,0,12,224,253,193,141,202,222,243,250,243,147,0,14,0,2,8,10,0,0,0,0,0,21,0,17,0,0,0,0,17,191,255,249,255,251,241,183,69,0,18,0,0,0,0,0,0,3,0,0,6,15,1,2,0,14,0,7,12,1,20,124,126,138,71,15,0,0,12,0,0,19,0,23,5,0,6,17,0,0,0,15,5,1,2,0,0,28,6,0,0,0,1,1,5,0,6,1,26,0,18,0,9,0,0,8,0,17,1,0,8,0,0,0,0,0,29,16,0,5,27,16,13,6,0,0,1,25,19,0,0,17,13,0,0,0,0,14,0,7,7,0,0,0,0,0,0,6,0,0,21,17,7,0,8,0,0,0,4,0,13,0
0,0,0,0,23,14,18,10,0,0,1,0,0,0,16,0,36,0,11,2,0,0,0,13,9,2,0,0,9,0,0,0,0,0,0,0,3,0,0,6,0,12,0,0,10,0,0,0,0,2,0,34,8,0,29,18,0,0,13,2,0,4,1,0,0,0,0,3,5,11,4,0,18,0,0,23,0,0,0,21,8,12,0,2,4,0,0,11,3,8,5,0,0,0,0,0,18,0,8,0,0,3,21,6,17,12,13,0,15,14,0,0,0,6,28,1,17,0,11,10,9,9,6,0,0,0,0,9,0,3,0,1,15,6,3,0,0,0,0,14,9,9,0,9,0,4,12,0,16,0,0,5,5,0,7,0,16,0,0,5,0,0,11,3,8,7,0,0,5,13,14,0,25,0,3,0,0,2,8,0,72,8,32,38,223,157,14,0,9,0,0,0,20,0,0,0,0,0,0,0,11,0,0,0,14,0,2,2,206,136,13,148,255,214,0,0,0,1,0,1,0,6,0,16,29,0,0,4,11,14,0,0,0,0,0,82,242,106,0,140,255,220,0,0,0,6,0,0,0,13,17,0,0,0,0,24,0,0,8,8,7,20,4,199,255,88,0,143,244,219,12,9,9,19,0,25,17,0,0,6,0,1,0,5,7,1,0,2,20,0,148,255,240,0,20,140,255,194,0,0,15,10,0,7,19,2,23,19,10,3,12,0,8,19,1,0,0,7,146,249,230,32,17,162,233,222,0,5,28,5,2,20,36,5,0,0,14,23,0,0,20,12,0,13,0,105,225,255,91,0,4,120,251,208,20,3,0,0,22,0,6,3,0,0,10,0,0,14,8,16,9,3,3,184,255,207,42,5,10,145,255,243,0,7,0,14,15,0,7,0,4,0,6,19,6,0,0,0,0,0,34,226,250,239,242,223,203,231,254,255,94,18,3,0,0,0,17,0,0,0,0,9,0,5,19,0,0,18,19,247,205,255,255,255,237,250,251,255,184,0,0,6,11,14,30,0,14,0,15,0,0,0,0,15,0,0,0,29,30,42,57,71,72,183,247,218,45,7,12,18,0,2,2,14,19,0,23,4,0,0,1,0,4,0,0,2,19,5,0,0,0,130,255,234,0,3,0,11,0,0,12,0,0,0,7,3,0,20,0,0,0,16,0,0,0,0,0,8,0,148,255,171,2,11,0,0,11,16,0,0,0,1,11,0,0,21,5,0,5,24,16,0,7,13,16,5,0,151,227,117,0,0,2,16,0,0,30,0,1,6,28,2,10,20,14,0,4,0,0,2,8,0,0,0,18,127,255,43,1,2,7,0,0,0,0,0,0,16,0,0,8,0,0,0,7,0,11,32,0,13,0,0,10,202,251,20,4,24,0,11,16,0,0,29,0,7,0,18,0,0,7,3,0,0,0,0,0,27,0,0,0,236,251,15,17,0,0,0,0,10,4,22,0,5,14,0,0,14,7,3,0,4,4,0,0,9,9,0,11,252,251,0,21,0,7,0,2,0,0,1,11,16,0,8,0,0,0,0,0,3,0,10,6,0,0,0,0,251,176,1,14,6,20,0,3,6,0,0,15,0,0,13,0,0,8,0,0,16,2,5,2,0,20,0,0,186,63,5,0,21,0,23,6,8,0,20,27,0,10,0,0,0,8,0,2,9,0,2,12,0,3,0,0,0,30,19,0,0,11,0,0,1,37,9,0,15,10,0,4,0,13,0,0,0,30,0,7,12,5,0,0,2,0,0,0,0,4,0,0,1,4,0,15,0
0,0,0,0,0,0,0,0,16,0,0,3,17,18,2,30,0,13,0,0,4,0,9,5,5,17,0,0,11,0,8,8,0,0,0,6,1,9,5,4,0,0,0,10,0,3,9,3,0,0,0,0,6,0,13,8,14,0,0,0,7,0,1,22,4,2,6,9,31,1,0,0,1,0,0,4,0,0,1,6,0,0,6,0,0,0,27,16,10,0,31,10,8,4,0,2,0,10,0,0,15,2,10,0,14,0,8,0,0,6,14,9,0,0,2,3,14,10,2,0,23,0,24,13,0,10,22,7,0,26,4,2,0,3,10,0,9,0,5,3,0,4,28,10,3,14,1,4,18,0,11,0,10,0,199,170,0,0,2,14,3,0,12,7,0,0,10,0,2,20,0,14,7,0,7,20,1,10,15,0,0,0,248,255,20,0,0,0,9,0,5,0,0,0,0,11,16,32,9,12,0,0,0,20,12,11,0,0,21,0,227,240,124,1,0,0,0,6,0,18,7,0,0,2,19,9,0,0,8,0,3,10,0,15,0,0,0,0,169,229,101,6,3,6,0,0,28,0,5,0,9,8,0,0,0,26,9,0,0,15,0,0,1,0,3,4,197,248,50,0,0,0,0,0,3,2,0,0,10,8,0,0,14,6,0,10,31,0,3,8,0,10,20,1,246,247,22,0,0,0,0,0,0,0,10,0,0,7,0,5,24,4,33,0,0,4,0,0,0,42,0,31,255,255,9,0,0,0,4,15,0,0,0,5,3,17,4,11,18,24,4,0,19,0,0,4,20,0,0,97,255,255,12,0,0,14,0,16,0,0,0,0,1,0,1,12,5,0,23,0,10,14,0,19,0,0,12,118,255,255,0,5,0,8,0,8,8,0,0,0,0,0,0,4,2,15,2,3,28,7,0,19,3,0,0,121,238,194,0,1,0,1,10,11,14,0,16,0,2,0,0,0,11,0,0,1,0,7,0,8,25,0,0,115,228,166,4,0,0,0,20,0,0,0,0,0,0,4,0,0,0,16,0,0,8,22,4,0,0,5,0,115,246,159,6,0,0,0,2,19,9,0,0,31,0,5,0,0,20,0,0,8,29,0,0,0,15,10,0,199,255,50,0,2,4,8,0,5,0,0,0,0,14,0,11,0,1,0,0,1,0,0,0,0,0,0,41,215,226,18,0,0,0,0,19,0,4,0,0,2,6,0,3,8,8,0,0,1,15,2,0,0,10,6,85,255,192,0,21,0,21,9,1,9,2,0,14,0,0,0,5,0,12,19,7,8,0,0,0,0,3,0,152,234,197,32,5,5,0,6,0,20,0,0,0,0,8,0,18,0,0,1,4,4,0,0,10,0,0,5,150,245,98,5,0,0,14,2,9,0,15,0,0,2,0,0,0,4,12,0,11,23,0,0,0,0,13,0,244,255,31,20,3,2,0,5,0,0,4,0,0,0,5,9,0,0,0,7,0,0,0,11,12,0,16,15,251,182,2,0,8,7,6,3,0,9,0,0,4,0,10,0,0,0,11,7,13,0,0,0,0,0,0,19,255,118,0,0,0,19,1,3,0,6,10,5,5,10,25,0,0,0,0,0,3,0,4,1,9,0,0,0,0,7,0,0,4,29,0,20,14,0,0,11,0,24,13,1,1,0,0,0,9,0,0,0,0,0,6,0,0,15,0,0,0,11,7,0,0,0,0,6,0,5,0,6,2,9,15,14,5,29,5,0,16,6,5,0,0,3,3,0,16,0,0,0,1,0,0,0,3,0,12,0
0,0,17,25,0,0,0,0,0,9,3,1,0,0,0,1,24,0,0,0,9,2,9,9,14,21,16,0,12,0,0,31,1,0,14,0,4,1,0,0,0,0,0,0,10,0,0,0,0,0,22,7,9,0,11,16,2,0,0,0,0,9,0,0,2,4,0,0,32,14,14,17,0,6,21,0,11,0,0,0,10,9,29,0,3,3,4,18,0,0,6,1,12,5,0,0,0,0,0,0,21,12,0,0,0,1,8,9,4,15,11,1,0,8,20,25,0,0,0,0,18,0,0,0,0,0,198,62,6,4,0,17,0,19,15,13,0,14,22,1,4,1,5,0,3,0,0,9,0,0,5,0,0,5,131,255,2,4,21,0,0,0,0,1,0,9,0,0,0,0,0,0,6,0,6,16,0,0,9,21,0,0,248,246,16,8,0,1,4,0,0,2,9,19,7,0,0,0,0,0,1,0,12,15,0,0,0,9,0,22,248,249,13,0,0,0,0,0,0,0,0,7,12,7,20,18,0,6,2,0,0,0,0,2,3,27,0,0,235,253,0,0,0,0,0,0,0,0,0,7,2,0,9,0,16,0,0,5,8,0,0,0,0,0,0,9,255,255,21,0,0,0,0,6,9,7,7,0,0,36,0,0,7,7,0,9,8,0,3,9,4,0,20,30,184,244,5,0,0,0,6,11,0,9,0,0,11,0,0,25,0,0,0,0,0,0,0,3,0,9,0,43,255,239,130,0,0,0,0,0,6,0,17,21,14,0,10,9,1,0,0,0,6,0,3,15,3,0,25,199,240,255,101,7,26,9,0,18,1,4,0,0,0,0,0,14,0,0,0,0,0,0,0,22,0,0,30,245,255,246,33,0,0,0,0,0,0,0,19,5,3,0,0,5,0,0,0,0,8,0,21,30,0,5,20,255,255,44,13,0,18,21,0,1,0,0,0,0,0,8,0,0,13,2,0,7,0,0,0,0,0,0,47,255,255,129,0,13,1,0,0,0,1,10,0,0,11,0,0,0,0,22,0,0,1,6,0,0,0,0,22,246,246,55,0,0,4,0,19,4,0,4,0,24,0,0,0,0,0,6,0,0,20,6,6,9,0,0,19,219,232,114,7,0,0,0,15,19,0,6,0,0,0,3,0,0,6,6,0,9,0,0,2,0,13,14,24,224,255,134,0,0,0,0,0,11,15,2,6,9,23,6,0,3,0,0,16,5,5,0,3,0,22,0,0,166,246,30,0,0,0,2,0,7,0,0,16,0,13,0,5,9,0,13,0,0,0,2,0,6,0,3,5,170,255,0,21,1,0,0,0,23,5,19,16,3,1,0,0,0,0,17,0,0,0,0,0,3,27,0,32,241,246,68,0,0,0,11,0,17,0,1,0,0,0,0,0,1,18,5,0,2,35,10,34,0,22,10,8,166,255,10,23,9,4,1,2,2,4,0,0,3,0,17,10,1,0,3,10,0,4,1,0,14,4,5,0,159,120,14,3,6,14,0,23,3,0,0,0,9,8,0,6,0,20,12,0,12,7,0,0,1,0,8,7,0,0,3,0,0,5,7,0,15,0,4,0,26,0,0,28,0,0,0,0,6,12,11,13,0,5,0,0,0,0,19,20,1,1,4,7,0,0,0,0,0,0,21,31,0,17,0,4,8,0,6,4,6,0,0,13,0,0,2,7,5,0,3,0,19,0,0,0,6,0,14,0,0,0,0,0,0,0,6,0,0,6,15,17,1,0,13,0,0,0,0,0,0,0,4,0,0,0,7
0,6,0,0,13,0,1,0,9,0,9,13,0,1,19,0,0,0,0,0,7,0,0,0,10,0,0,0,10,0,0,0,11,2,0,16,0,0,9,5,0,14,0,0,0,0,12,11,4,0,2,0,0,7,0,0,13,0,3,0,18,11,0,0,6,6,1,0,4,26,0,22,6,0,0,0,0,0,0,0,0,1,0,11,0,0,8,15,8,10,0,0,0,6,15,2,10,0,15,6,0,0,0,13,11,5,9,0,9,2,0,0,21,5,15,9,0,5,0,0,0,0,14,10,12,0,8,0,0,18,10,11,0,15,5,10,6,2,14,29,0,0,0,0,20,8,0,1,0,29,0,0,4,4,0,8,0,0,14,8,0,19,11,15,12,4,0,0,0,0,14,0,19,1,0,0,0,0,0,53,0,15,3,0,0,6,71,221,60,0,0,19,13,0,0,0,4,2,0,1,0,0,2,0,3,8,67,243,117,5,3,9,21,6,62,255,155,0,0,0,17,8,0,8,9,0,17,20,0,7,0,0,0,0,147,249,156,0,5,0,14,0,151,255,143,0,1,0,16,23,5,4,0,6,0,0,2,11,0,0,0,11,218,255,90,10,13,0,5,0,171,255,171,3,0,0,0,2,0,7,9,0,0,0,19,22,0,0,0,74,255,210,8,17,0,10,0,10,155,248,179,0,0,20,4,3,7,24,3,38,1,17,0,0,0,19,12,223,237,98,0,0,14,0,2,0,241,255,146,0,0,10,3,0,0,0,2,22,0,8,0,17,25,0,170,244,255,52,9,3,0,3,24,24,255,254,102,7,0,0,0,0,20,0,15,15,0,0,0,16,15,26,202,255,171,9,35,7,0,21,0,112,242,216,5,8,7,9,13,0,6,0,0,12,5,0,0,8,0,119,250,255,195,219,255,247,171,166,42,137,250,114,1,0,23,0,6,5,1,14,38,0,0,27,0,27,21,220,247,255,239,250,236,203,236,244,255,255,253,140,0,12,3,0,0,0,1,0,15,0,8,0,0,0,7,240,245,227,212,68,56,28,40,64,62,236,245,115,3,0,6,1,0,15,1,0,5,0,0,15,7,0,0,206,254,104,0,2,0,0,5,0,4,206,255,125,0,13,2,0,22,0,0,18,4,10,0,0,0,0,6,17,78,11,13,0,7,0,0,0,19,216,238,31,8,2,1,4,12,0,0,20,20,0,0,11,0,10,0,0,6,0,0,0,11,15,0,6,28,255,255,28,0,0,0,1,0,8,10,17,18,7,0,0,11,5,5,17,0,0,0,0,0,0,5,19,104,250,99,14,0,2,0,2,0,4,5,0,0,0,6,15,0,24,8,0,0,0,0,11,0,0,14,18,242,221,78,0,0,0,9,4,20,0,0,0,0,19,9,0,0,0,0,0,12,0,0,5,3,0,0,10,235,255,127,11,0,16,15,10,0,0,5,0,0,0,0,0,5,0,0,27,0,6,0,8,0,0,17,0,238,255,81,0,0,0,0,7,1,0,0,9,0,13,0,3,0,0,0,19,0,0,23,0,1,0,4,0,199,255,60,0,3,0,4,0,0,0,14,9,0,3,0,0,0,0,0,0,6,0,9,0,7,4,0,6,116,173,65,0,6,16,0,10,0,0,14,0,0,0,9,6,0,0,0,0,0,5,9,0,0,0,0,0,20,0,1,0,0,0,0,0,0,0,17,7,0,0,5,14,0,0,0,0,0,0,0,0,0,0,2,4,6,11,4,1,5,0,0,0,1,0,0,0
0,0,7,30,0,14,1,26,12,12,5,0,0,31,0,0,0,0,0,2,0,0,9,0,2,0,19,12,6,0,4,0,9,0,0,0,0,0,22,0,3,11,13,14,18,4,0,18,0,0,6,0,0,2,0,0,11,6,10,4,0,0,0,0,4,14,9,16,9,0,19,0,12,0,1,6,5,5,0,9,0,0,1,4,14,0,0,10,0,0,0,0,15,0,8,5,0,13,0,7,7,11,0,0,0,0,0,0,10,6,1,0,1,0,0,23,14,14,17,13,0,0,0,0,1,0,13,0,2,0,0,0,8,57,3,0,4,0,1,0,12,0,0,17,2,35,0,0,5,0,0,20,163,252,245,106,12,6,0,0,0,229,211,0,12,0,14,0,0,27,0,11,0,20,12,0,10,93,222,253,239,255,230,104,11,22,26,0,0,86,251,133,0,9,1,21,26,1,0,10,0,6,0,0,93,255,236,252,222,85,3,24,9,12,0,0,0,10,231,173,24,4,0,22,4,1,0,0,0,0,6,123,238,255,179,77,11,22,0,0,21,0,0,0,0,0,253,255,156,4,8,8,0,6,0,0,27,0,90,250,234,202,27,13,1,0,27,0,10,26,0,0,0,10,153,240,231,5,0,0,0,0,24,3,14,0,249,255,248,60,0,0,3,0,5,15,0,12,8,20,0,0,112,246,255,3,0,0,13,6,0,8,0,18,243,255,142,9,0,7,0,17,1,0,0,1,20,0,8,0,48,254,240,11,7,0,0,0,12,12,11,99,255,244,33,34,0,0,8,0,11,4,5,0,14,3,0,0,0,250,255,0,0,5,8,0,0,0,0,116,236,225,5,4,0,4,0,0,8,0,2,0,10,11,2,0,1,240,255,0,0,11,4,0,6,0,1,219,255,139,0,0,8,0,0,0,10,3,0,8,6,16,0,0,0,255,255,0,3,8,1,2,0,0,0,233,255,214,0,0,4,14,0,0,0,0,14,5,0,4,27,0,3,247,255,0,0,0,0,0,1,4,20,128,236,255,37,0,9,0,12,11,2,2,15,0,0,1,0,0,72,247,205,0,0,0,24,10,12,0,0,90,255,255,146,41,0,0,10,0,0,0,0,7,0,0,7,0,200,243,118,17,8,12,0,0,0,12,6,0,241,241,255,127,0,8,0,2,18,2,0,13,0,9,0,7,215,255,141,0,0,4,9,18,0,0,0,34,107,242,247,235,75,3,0,8,18,1,12,26,3,0,21,224,232,224,7,0,16,0,0,0,0,15,10,0,0,172,247,255,225,87,0,0,0,4,14,0,17,51,250,247,255,91,7,0,0,0,0,23,2,16,0,0,0,22,92,250,242,255,173,30,6,2,1,3,128,238,255,245,75,0,0,4,0,16,0,0,0,0,17,31,18,0,4,140,244,255,244,226,235,230,236,219,255,246,207,110,0,0,0,0,0,0,0,0,0,0,3,18,0,0,11,0,0,0,8,11,4,9,15,15,0,0,0,10,2,9,12,2,1,8,0,15,0,3,2,0,11,18,24,15,0,10,0,0,0,6,2,0,0,4,0,0,1,0,4,0,13,11,9,1,18,11,0,0,0,0,16,0,11,12,0,0,0,0,3,6,11,10,0,0,0,33,39,0,0,0,3,6,0,3,1,0,0,6,9,0,0,0,6,0,25,0,8,18,0,0,0,14,4,0,0,0,0,0,7,9,6,11,20,3,15,11,11,8,0,0,0,7,0,7,7,0,20,0,0,19,1,0,0,15,11,15
6,0,5,0,4,0,0,0,0,0,29,0,0,0,20,0,0,5,11,0,0,0,12,16,0,10,0,5,5,0,0,0,24,5,0,0,29,6,0,0,13,16,4,0,0,0,33,19,13,0,11,0,0,1,18,0,10,2,18,0,12,5,0,0,0,6,9,0,5,0,26,5,0,0,0,0,0,0,1,0,21,3,19,0,8,0,5,9,0,14,0,0,6,0,9,0,0,0,30,0,10,26,0,8,13,0,8,18,6,29,17,7,0,0,12,3,1,9,15,0,19,13,0,0,0,24,5,0,0,9,6,6,0,0,0,0,1,7,17,0,7,7,22,0,3,15,9,20,0,0,0,0,0,0,16,0,0,19,0,6,16,0,0,0,0,17,14,9,24,14,0,0,1,4,4,7,0,7,12,0,0,0,0,1,0,16,0,9,0,8,14,0,1,0,0,6,14,7,0,5,19,18,164,217,170,74,55,16,24,1,0,13,0,0,10,9,22,0,12,0,0,32,9,11,0,0,88,184,233,228,248,232,254,243,234,255,224,150,63,58,27,5,0,0,2,0,0,7,0,4,1,10,1,1,186,244,196,192,141,78,82,69,83,103,176,181,240,252,243,102,39,41,0,20,2,0,10,4,0,5,0,0,35,182,143,0,22,0,5,0,7,13,0,10,11,86,137,234,219,63,0,0,12,0,0,0,0,0,0,8,4,24,20,0,13,8,5,11,0,0,9,0,0,0,31,184,240,183,131,0,5,10,3,0,0,0,0,21,18,0,11,4,0,8,0,0,0,6,14,0,88,216,252,254,255,234,246,82,0,16,8,3,0,0,0,16,13,9,10,21,0,0,3,0,0,0,0,0,120,255,255,167,251,119,88,17,0,9,18,0,0,0,32,23,0,0,0,0,0,20,0,3,12,0,0,13,0,147,255,83,36,10,0,4,6,6,11,0,18,0,14,8,14,14,0,13,0,0,9,0,0,6,5,0,0,15,141,232,200,22,0,6,0,0,4,19,15,0,26,0,0,8,7,0,0,7,5,6,1,22,0,0,9,0,9,58,240,178,61,0,0,0,0,0,6,2,13,6,1,1,13,5,0,6,0,3,15,0,3,0,0,12,6,0,47,221,172,1,3,14,21,0,0,21,14,13,0,2,19,0,0,6,0,0,0,0,2,0,0,2,7,16,71,252,255,231,0,1,2,0,7,0,6,0,0,6,0,0,0,0,0,4,4,14,0,0,0,20,107,233,227,234,236,140,7,2,0,21,3,0,0,0,8,0,0,21,5,10,1,5,0,0,24,65,160,236,250,255,254,230,119,5,5,0,8,14,0,22,0,5,8,0,8,0,0,0,4,0,4,83,147,241,255,255,235,151,129,16,14,0,0,15,6,7,4,6,0,0,0,1,13,11,0,17,34,0,0,5,120,201,139,53,22,0,8,0,1,0,4,2,1,0,0,0,15,7,0,23,0,30,17,0,2,13,3,7,0,0,0,0,0,7,0,0,0,0,0,17,6,6,18,2,5,0,0,5,0,0,0,14,0,17,7,0,10,13,12,0,0,6,0,0,15,0,0,0,10,7,11,10,3,20,0,0,14,0,0,0,1,30,0,14,8,0,10,0,0,16,29,0,0,0,5,0,1,17,0,4,0,5,14,23,5,24,0,0,0,0,19,0,0,6,2,7,1,8,0,0,10,0,0,0,0,4,0,7,20,5,2,5,2,0,11,0,10,0,0,6,7,2,0,0,13,0,18,0,13,0,27,0,8,4,0,6
12,10,0,0,9,0,12,0,0,0,3,0,0,11,6,19,1,0,6,0,1,12,0,0,28,0,16,20,0,0,0,0,9,4,14,15,0,0,5,1,14,0,0,0,0,0,0,0,1,15,0,0,0,17,13,0,19,6,3,0,0,0,2,12,17,0,11,9,0,0,0,0,1,24,1,0,0,6,0,0,7,0,0,2,1,0,10,0,10,4,7,0,21,10,7,0,0,6,0,7,18,1,17,0,0,20,7,23,0,16,0,0,7,9,0,0,0,14,8,0,2,19,7,39,0,4,4,0,17,11,0,0,0,0,0,8,0,13,0,0,14,9,11,29,13,0,15,7,4,0,0,78,112,189,198,93,11,0,7,0,0,3,0,0,25,0,4,0,0,2,2,0,3,0,13,24,134,183,255,247,254,255,230,255,195,1,0,0,0,0,0,0,0,2,0,2,0,8,0,0,0,3,2,255,240,247,255,255,246,249,186,253,249,119,9,0,25,18,10,9,22,0,0,3,22,0,0,0,1,8,0,255,255,237,255,147,78,0,127,248,252,195,0,1,0,0,0,3,0,3,12,0,18,0,0,11,0,18,0,0,144,144,12,2,0,6,170,255,255,198,0,0,13,0,12,15,6,0,0,18,0,0,0,0,0,0,11,0,0,0,0,13,55,255,255,236,253,40,0,8,0,1,6,0,3,4,0,12,0,1,0,0,5,0,26,11,1,7,0,95,247,249,255,253,7,0,0,0,0,0,6,8,0,0,11,0,5,7,0,0,0,0,0,15,6,127,172,255,250,247,255,255,130,12,4,6,14,19,0,8,0,0,0,1,0,13,4,0,0,16,14,0,201,254,255,255,246,255,250,237,233,198,26,11,0,7,3,0,0,11,3,1,15,0,2,3,17,0,0,20,255,245,255,245,255,255,243,249,254,251,251,22,0,0,0,5,10,31,1,0,0,0,0,0,0,17,21,0,115,250,232,255,255,255,109,134,129,255,255,196,20,0,3,0,3,7,0,20,15,3,0,0,10,19,0,0,69,144,108,67,5,11,0,16,0,117,255,255,119,0,0,0,0,11,16,0,0,2,0,11,0,9,16,6,4,0,0,21,0,0,0,13,14,61,255,250,151,0,0,0,1,4,1,14,0,0,13,4,23,18,0,5,0,9,1,0,11,0,36,0,0,107,246,255,249,0,15,5,0,13,0,0,0,19,0,5,0,16,2,1,15,0,0,0,0,10,0,6,7,206,233,234,255,2,0,0,8,7,0,0,0,0,9,0,3,0,6,26,16,8,158,11,0,0,61,154,255,241,255,255,139,0,0,0,0,6,12,11,30,18,0,0,3,1,3,0,21,6,247,255,141,126,255,255,255,239,243,211,0,0,4,12,5,0,9,0,0,11,21,17,1,0,0,25,8,0,176,255,255,240,229,255,255,255,125,0,0,8,8,11,0,6,0,0,7,1,0,5,8,10,4,0,3,3,1,182,255,249,255,255,255,69,4,0,0,7,13,0,0,0,5,0,0,0,21,9,4,0,20,12,0,8,17,0,0,185,157,64,0,5,2,0,16,0,0,11,15,0,0,0,8,0,6,0,0,0,10,15,0,0,0,0,0,14,2,13,4,0,0,0,0,36,0,0,0,7,0,4,0,0,7,0,0,24,0,0,13,0,0,2,0,0,0,0,0,0,4,0,0,9,0,0,11,0,16,14,0,0,0,0,19,1,5,40,0,0,0,0,0,0,0,0,0,3,0,0,0,11,14,10,0,32,3,4
17,4,0,6,8,0,0,0,2,17,0,0,0,0,0,0,0,6,0,2,0,0,0,16,15,0,7,0,3,0,0,3,0,7,9,2,0,0,2,0,0,13,0,0,0,0,0,0,20,0,0,0,7,2,1,0,11,0,0,0,2,8,0,0,11,0,1,0,21,3,10,0,0,0,0,8,5,7,0,0,1,6,0,0,2,13,11,0,12,0,10,12,12,2,15,22,0,0,0,5,12,2,10,18,1,0,0,14,0,0,0,20,0,5,2,0,0,16,9,0,0,0,0,0,2,0,9,17,6,0,35,5,5,0,0,4,21,0,0,19,4,27,3,0,0,0,1,0,16,0,0,0,0,17,19,0,0,7,14,29,7,4,0,0,0,20,9,0,16,12,19,0,14,0,8,0,13,4,0,7,0,0,0,1,0,5,0,10,0,0,0,0,14,0,3,9,6,18,31,0,13,10,27,129,207,236,250,243,186,231,218,241,246,251,183,10,0,0,0,0,0,8,1,0,0,15,0,10,0,0,78,255,169,159,184,165,223,212,190,176,179,193,255,84,0,0,0,0,10,0,0,0,22,6,19,0,0,0,20,48,0,0,1,11,10,38,16,7,17,72,234,52,0,0,0,0,0,0,0,0,0,12,4,10,0,0,7,0,0,3,0,0,0,12,22,7,4,120,177,0,14,0,0,10,0,14,17,0,0,0,16,27,0,3,0,12,0,0,0,5,0,0,14,0,8,221,185,0,0,0,0,10,0,20,6,0,0,14,1,10,0,4,0,10,0,0,0,0,11,19,7,0,104,254,110,0,4,0,0,30,0,13,0,1,0,5,5,8,0,0,0,14,37,0,0,0,18,6,0,0,80,245,42,0,0,0,7,2,0,0,0,22,6,0,18,0,0,11,2,0,1,5,0,18,0,0,0,0,167,209,0,1,0,12,21,10,0,23,0,3,10,0,10,0,0,15,25,6,18,0,0,2,0,0,0,29,255,193,19,0,6,0,0,16,0,5,0,16,0,0,1,0,0,0,10,12,0,9,20,4,0,0,0,99,255,55,35,18,13,0,6,0,0,0,19,18,1,26,0,0,6,27,0,9,0,0,16,3,0,0,0,150,245,15,28,25,12,9,12,16,4,0,2,3,0,0,0,0,26,0,14,7,0,0,0,3,0,0,49,250,162,0,0,0,13,0,21,0,3,14,0,0,15,5,32,0,0,3,1,0,0,0,0,0,0,6,121,255,88,5,3,0,11,0,0,20,1,0,0,19,0,1,22,0,0,0,0,16,0,0,0,0,5,4,227,202,0,7,0,2,0,0,21,0,0,12,0,0,0,0,10,16,5,28,0,0,9,0,7,0,0,6,250,173,5,3,11,0,0,17,20,0,1,18,0,10,4,4,0,0,7,0,7,0,0,0,9,15,10,115,250,36,0,0,4,6,0,7,9,6,0,0,0,5,6,19,15,3,0,0,5,12,2,4,0,0,10,224,152,10,22,0,5,25,2,2,0,12,0,0,0,0,0,0,0,0,14,22,6,0,0,0,0,0,92,243,82,0,5,2,16,6,5,0,0,20,11,0,3,11,21,6,0,0,19,0,0,0,0,0,0,0,221,235,86,8,0,4,0,0,0,0,0,10,0,14,10,3,0,15,0,24,0,0,13,6,3,16,16,17,238,185,31,23,0,0,0,17,0,7,0,0,17,0,21,7,0,30,9,20,0,0,0,0,0,0,0,0,0,31,16,0,8,18,7,0,0,8,0,0,0,5,15,7
0,0,19,2,9,0,18,14,0,14,0,0,0,19,0,0,0,10,0,13,6,5,5,0,0,0,7,0,11,5,38,0,0,8,0,24,10,3,10,0,0,0,0,21,0,0,0,8,0,0,0,0,4,0,0,18,17,1,3,6,9,1,0,0,0,9,2,0,5,5,5,12,3,156,233,255,255,46,16,13,0,0,0,12,25,3,18,25,0,5,0,5,0,0,0,0,0,4,27,92,228,246,234,228,232,54,5,0,0,17,0,1,0,0,9,6,15,0,0,13,6,23,0,25,0,0,207,255,235,198,162,14,7,0,0,1,18,33,0,15,0,26,0,23,0,0,4,3,0,0,0,0,91,216,254,231,117,0,0,29,23,17,1,0,12,6,11,11,0,0,6,0,0,16,0,0,0,0,7,29,191,252,242,133,0,15,0,0,2,18,0,3,8,0,20,0,0,0,0,0,0,8,6,1,0,0,0,225,243,255,61,0,0,15,0,13,0,4,0,9,0,6,14,0,0,0,0,0,3,15,10,0,18,19,165,250,207,116,0,8,0,12,0,5,3,0,10,18,0,2,8,5,1,0,0,11,10,0,1,0,0,123,224,243,106,0,0,0,0,1,0,7,0,5,0,0,10,0,18,14,8,0,0,21,0,0,1,0,81,241,241,176,3,23,25,0,7,0,0,0,0,4,8,4,1,0,13,0,14,5,6,0,25,10,0,33,206,246,240,51,1,0,9,9,3,13,0,0,0,0,0,0,0,0,0,9,0,0,0,0,3,16,0,35,241,231,96,9,4,15,0,0,0,29,0,10,0,12,10,6,0,18,10,17,2,0,0,0,8,13,6,140,247,201,0,0,10,2,0,0,0,93,162,198,255,115,21,0,3,4,19,15,0,0,0,0,16,5,29,227,255,105,0,20,0,2,31,92,163,253,255,255,255,250,180,5,0,12,0,0,0,12,0,3,0,3,26,255,255,94,14,2,19,106,255,255,247,248,182,89,136,229,240,20,0,5,12,11,14,5,0,1,0,1,35,255,244,77,0,32,118,255,233,202,60,59,21,6,183,245,247,25,0,0,0,27,0,4,0,9,5,0,17,255,249,189,3,163,255,255,175,38,15,0,49,176,251,255,167,8,0,5,0,0,0,0,33,5,0,12,12,219,255,215,100,232,255,237,3,0,3,107,204,255,240,196,27,2,14,19,0,0,13,4,0,0,16,0,19,39,245,255,255,237,239,170,139,162,224,255,255,220,155,57,14,24,13,11,5,12,5,10,5,0,0,1,0,3,95,207,250,241,255,245,239,246,255,251,188,113,0,0,18,0,0,2,0,10,0,0,0,0,0,6,0,0,17,11,169,249,250,249,228,194,101,5,0,1,17,3,12,0,6,0,0,0,0,6,0,0,0,11,0,9,16,0,0,15,0,2,0,0,4,0,9,0,0,2,0,17,0,0,11,5,8,0,2,3,1,11,0,0,0,1,13,0,2,13,0,33,9,0,17,6,5,0,0,38,26,0,26,6,2,4,3,8,20,0,12,2,16,0,0,19,15,0,0,0,12,0,12,0,0,0,0,0,1,9,12,4,0,0,0,17,0,10,0,23,0,15,25,0,0,0,0,8,0,2,0,0,0,16,5,0,0,0,21,11,20,0,0,29,0,0,0,15,10,0,0,16,16,7,4,0,16,0,2,2,13,0,0,0,11,0,5,11,0,0,0,10,0,0,5,0,11,12,0,14,0,0,11,1,0,19,0,0,0,0,0,0,0,34,13,0
7,8,8,16,28,0,0,7,3,4,0,0,0,20,0,24,1,0,0,4,7,14,1,0,0,0,0,3,7,31,9,13,0,0,0,3,13,13,15,16,0,0,3,0,8,1,2,0,0,0,0,0,19,0,0,3,23,9,10,0,6,0,11,0,2,9,2,0,13,0,11,14,0,20,0,21,7,37,0,0,5,0,0,10,15,0,0,0,0,15,20,0,0,0,0,0,0,0,0,1,0,13,0,0,0,19,9,0,22,17,3,0,0,0,4,8,16,24,9,0,18,0,10,0,0,8,14,85,108,0,18,0,5,0,0,5,0,0,13,0,0,10,0,0,0,6,4,0,0,7,0,0,18,0,0,202,191,0,0,13,0,0,0,9,0,12,13,0,0,0,1,0,0,0,15,0,0,10,8,0,1,0,55,234,173,7,18,0,6,0,5,6,8,12,11,0,0,5,0,0,0,0,1,0,0,23,28,0,1,24,65,228,103,8,0,0,16,4,0,3,0,0,12,0,6,1,0,0,0,0,0,0,0,0,26,8,1,32,154,248,118,0,8,5,2,7,0,0,25,0,0,12,17,3,1,1,0,0,1,0,4,3,7,9,15,24,214,250,80,0,7,8,0,0,0,16,0,0,0,17,4,0,0,4,7,0,0,15,5,9,0,19,5,0,235,247,91,0,6,0,0,16,1,0,19,0,17,0,0,6,0,0,0,0,5,15,0,7,16,7,0,39,253,247,5,2,0,0,0,2,13,11,0,0,8,0,0,15,0,5,0,9,0,0,15,11,16,11,17,87,255,162,16,6,0,0,0,16,9,16,0,3,6,0,0,0,0,0,0,0,0,15,7,2,0,0,0,153,243,48,1,0,0,0,0,13,18,10,28,21,5,0,1,5,0,7,0,17,0,0,0,0,1,10,10,219,255,54,0,8,0,12,0,0,0,0,0,12,0,6,0,12,0,0,2,0,6,0,0,0,0,0,48,254,240,70,38,0,5,0,14,0,2,28,11,2,0,0,4,1,0,0,0,0,26,0,0,6,13,24,32,255,210,0,8,21,0,6,0,21,10,0,0,0,0,0,5,0,0,12,0,10,0,3,0,0,0,0,51,255,185,1,0,5,6,0,5,0,0,1,0,9,25,6,0,19,0,13,4,19,16,4,16,20,0,13,47,255,111,0,0,19,3,0,16,8,0,0,2,23,10,0,0,9,0,4,0,0,7,22,0,18,0,10,32,255,121,2,14,0,20,16,1,10,0,0,27,8,0,2,0,11,13,1,5,11,0,0,9,19,17,0,23,255,128,0,4,2,5,0,0,0,0,7,0,0,15,2,12,0,13,0,26,0,0,21,5,0,0,3,28,255,232,26,0,0,19,16,12,7,0,15,16,0,0,2,17,22,0,0,0,0,4,5,24,7,9,6,22,220,187,13,0,13,7,0,0,13,24,14,0,19,7,0,0,0,0,0,0,0,0,0,22,2,0,1,0,162,214,25,0,0,13,0,0,5,0,10,9,1,16,0,7,15,0,0,0,0,13,0,18,38,19,1,13,0,16,23,22,7,0,6,8,0,0,6,0,0,0,0,0,0,11,4,4,0,29,0,0,4,4,0,6,6,0,0,3,0,6,0,20,0,0,18,0,0,5,12,0,18,0,0,5,0,5,21,0,21,0,1,4,0,17,1,2,0,15,0,0,0,0,9,0,3,23,0,0,0,23,0,0,0,0,0,12,0,0,0,0,0,19,0,0,0,14,12,0,0,0,0,21,0,8,6
0,0,8,0,17,0,0,15,0,10,8,14,0,14,15,15,0,14,1,15,0,3,0,6,6,0,21,4,0,0,0,0,6,0,7,8,0,20,0,16,2,0,15,11,0,0,2,0,9,0,13,0,7,5,12,12,0,15,0,8,6,6,0,11,0,25,25,6,0,9,20,16,0,13,17,4,0,0,24,0,1,3,10,0,0,14,14,17,7,0,8,0,0,1,0,0,6,0,0,71,213,122,13,19,0,0,0,4,0,4,0,0,17,0,0,17,4,0,20,18,12,0,0,8,12,4,24,231,251,103,0,12,0,8,2,7,0,0,5,0,0,2,3,0,11,12,0,20,11,0,0,0,0,16,205,255,255,116,15,0,0,0,0,0,15,0,12,0,0,0,5,0,5,5,15,7,5,0,10,5,11,196,246,229,221,69,0,11,0,0,0,3,0,0,17,0,9,0,5,6,1,0,6,12,0,16,18,5,90,255,255,63,0,14,0,0,0,19,0,0,8,3,6,15,3,0,0,0,5,0,14,7,32,6,0,26,232,255,111,3,3,0,3,0,0,27,31,0,0,0,0,5,0,4,0,0,17,5,0,0,39,28,13,132,236,234,23,19,0,0,0,1,0,25,0,2,0,12,13,4,20,6,0,0,7,16,15,16,1,0,25,254,255,119,33,30,49,10,27,2,13,12,0,12,4,18,2,2,2,0,0,5,13,0,1,7,2,3,128,245,221,110,243,244,255,226,133,0,0,6,15,13,0,0,16,6,20,0,0,0,0,0,11,0,4,16,216,255,177,255,223,239,255,255,255,182,16,0,0,0,4,0,0,0,2,0,0,0,0,15,28,4,0,97,246,215,4,88,9,39,93,139,255,243,142,12,0,15,12,0,0,0,0,0,29,3,20,33,0,8,1,113,255,180,9,0,16,13,8,0,159,255,207,14,27,11,0,0,0,0,0,0,0,7,14,0,0,0,0,174,255,63,9,0,8,0,9,0,7,250,211,11,6,0,12,1,0,0,0,4,0,16,4,0,11,18,0,224,242,9,0,22,11,12,9,30,97,255,193,6,16,1,0,0,16,0,0,0,14,5,0,0,13,0,45,255,184,0,20,13,0,2,22,47,237,239,114,17,11,20,0,12,0,0,25,0,2,13,0,8,0,0,48,247,175,9,10,2,8,3,77,243,248,173,0,0,3,0,9,0,0,0,9,0,0,33,0,0,9,12,12,255,194,0,11,22,0,115,236,238,112,2,18,26,11,0,5,0,7,0,0,27,0,24,2,0,23,0,5,198,255,102,9,41,141,255,255,116,0,0,12,0,0,6,7,23,3,0,0,0,0,0,10,8,4,0,0,116,255,244,211,244,225,224,53,17,4,15,0,12,0,0,11,13,11,4,10,0,0,13,0,6,0,0,0,2,148,250,255,255,124,0,0,6,0,0,8,3,0,13,13,8,8,0,0,14,9,4,0,18,0,0,8,14,0,26,0,28,5,0,0,0,0,5,14,12,17,10,0,0,2,7,17,1,5,10,12,1,10,18,0,13,12,0,0,5,23,4,0,0,0,0,7,0,0,4,8,32,0,0,4,3,14,1,0,2,0,0,0,7,0,0,0,1,0,0,0,0,0,0,0,0,0,0,6,0,0,0,0,0,0,0,0,20,16,0,11,4,0,6,8,2,0,0,9,0,5,7,7,0,15,23,14,6,19,0,0,0,0,9,15,0,11,4,0,0,11,0,0,27,0,0,0,36,4,0,25,17,4,15,0,0,7,1
0,0,0,0,0,0,0,0,1,11,1,3,17,0,8,1,0,0,12,7,14,0,0,0,17,3,16,0,5,0,9,7,0,10,0,0,18,14,0,14,0,0,9,0,0,0,0,0,21,14,1,0,9,0,11,5,5,16,2,32,25,0,0,3,0,8,0,2,0,7,7,7,0,0,11,6,0,16,1,16,14,0,0,0,0,0,2,0,0,0,1,0,12,14,0,1,30,14,3,8,27,0,0,7,14,0,2,9,0,1,10,0,0,3,0,7,0,0,4,0,6,0,10,0,0,8,13,1,5,3,0,6,0,0,0,17,0,0,0,0,0,0,0,10,0,0,0,4,0,0,31,159,175,187,89,15,3,24,0,10,0,0,1,0,27,14,0,0,15,0,0,0,18,0,8,1,19,164,252,229,198,235,248,115,5,0,0,0,0,12,0,2,5,35,9,10,8,0,15,0,0,0,4,83,239,216,133,21,0,3,129,218,12,11,0,12,0,0,1,14,14,0,15,5,7,10,0,23,0,21,126,249,175,25,12,0,3,0,0,194,145,2,7,2,0,0,0,0,0,24,9,0,0,9,0,12,0,102,254,115,0,2,0,0,2,0,0,62,242,9,12,0,0,7,17,10,8,20,0,36,2,10,0,0,214,226,50,6,0,2,0,0,0,0,0,22,255,88,0,15,0,0,19,0,4,12,5,2,0,12,0,0,41,17,0,0,0,0,0,0,0,12,0,0,157,124,9,7,9,11,0,2,33,16,4,2,0,5,4,0,4,16,0,31,1,14,2,0,0,0,0,21,30,222,0,0,10,4,0,10,15,0,12,5,10,11,0,0,0,0,0,6,5,0,4,5,0,0,24,4,52,198,8,14,0,4,4,14,9,2,5,4,9,0,18,3,0,0,6,8,3,13,0,21,0,20,1,8,139,162,0,0,0,10,9,8,1,0,19,0,3,25,2,2,0,0,2,13,0,11,0,0,2,17,14,73,245,144,5,6,0,0,0,5,0,9,6,40,0,0,0,5,0,0,36,3,12,0,15,1,0,0,114,247,238,26,0,27,0,0,0,21,0,2,16,24,18,0,5,0,0,0,0,1,10,7,0,45,131,217,237,239,67,0,11,0,10,0,0,0,1,10,18,7,15,0,0,19,0,0,12,0,0,46,171,255,246,255,255,245,129,55,0,0,37,0,5,0,24,6,0,11,13,3,11,0,26,19,17,0,16,55,255,240,250,255,255,255,241,255,213,112,31,0,21,0,0,10,0,3,0,13,0,18,0,0,0,11,0,3,74,77,8,19,14,47,145,198,224,246,227,149,66,35,0,1,2,0,0,6,6,3,31,0,0,0,27,17,0,0,7,0,0,0,0,0,27,80,183,233,255,214,0,0,0,0,5,0,0,0,1,31,27,0,0,21,10,0,0,0,0,0,0,0,1,0,15,16,130,55,14,7,0,10,0,0,0,0,21,8,0,4,0,0,2,0,1,20,10,0,0,4,5,0,6,3,19,0,0,0,0,9,25,0,16,0,3,0,0,0,0,6,0,0,32,1,15,0,0,0,0,0,0,18,0,0,0,0,26,2,8,8,2,0,0,0,6,0,0,0,6,12,0,2,0,0,0,0,0,0,0,0,11,0,23,0,5,0,1,0,2,6,0,4,32,6,0,28,5,4,0,20,2,0,5,27,0,0,17,0,0,4,0,16,3,0,11,5,0,4,15,0,10,0,0,4,0,0,0,23,13,0,5,6,0,0,0,13,0,0,0,0,0,0
0,0,1,0,0,0,0,0,0,4,0,0,3,0,13,0,0,15,0,0,0,9,0,0,5,0,8,6,1,2,24,11,0,10,15,0,0,14,8,0,14,0,11,0,0,0,13,5,0,0,15,0,0,2,11,21,6,0,7,0,0,7,8,18,9,12,0,0,0,0,5,7,12,21,0,0,1,0,0,30,10,0,6,13,3,7,0,0,0,0,0,0,14,22,0,0,2,13,4,0,0,9,5,4,7,0,8,0,0,0,0,0,0,0,0,8,0,0,0,0,7,0,2,0,0,9,5,0,7,0,0,5,0,3,0,10,13,2,7,13,4,11,9,5,9,0,0,0,0,19,0,6,0,0,0,0,0,110,255,160,9,18,4,7,17,6,0,0,0,15,0,0,0,17,0,0,10,10,0,13,1,25,0,0,0,220,255,149,9,0,4,13,0,0,0,0,14,0,0,0,6,0,0,0,14,7,0,1,2,0,0,0,86,249,239,139,7,0,0,3,0,2,0,2,0,0,15,6,0,1,19,0,7,0,0,9,3,15,0,0,201,240,244,86,25,0,13,0,9,0,8,1,12,0,1,0,15,14,0,13,0,0,5,0,0,9,11,62,255,252,106,6,0,12,7,0,0,0,1,0,10,2,5,12,1,8,18,0,6,0,0,0,0,11,0,145,245,209,28,0,3,1,7,0,0,16,0,0,0,0,0,0,3,0,0,0,0,0,6,0,0,0,113,236,255,107,9,0,0,20,4,17,14,8,0,0,0,3,4,8,0,4,0,0,0,6,13,0,0,0,220,253,167,0,16,0,10,2,0,6,9,9,0,2,1,13,4,0,0,16,0,11,0,3,6,0,0,101,255,178,22,6,10,1,17,0,16,0,2,0,22,8,0,0,0,12,0,0,0,2,0,0,6,0,81,237,251,110,12,19,1,0,1,3,11,9,0,10,15,0,0,18,25,2,36,0,0,0,0,6,0,4,225,247,130,10,0,0,18,2,9,0,0,0,17,4,0,0,10,0,0,0,4,0,0,0,0,17,0,127,249,238,46,17,15,0,1,0,11,0,0,8,9,2,3,0,9,0,4,24,18,0,0,0,10,0,6,200,255,178,0,17,0,0,23,0,7,8,0,2,7,0,11,11,0,11,3,0,0,0,11,18,19,0,118,247,213,20,16,0,0,8,0,11,4,22,3,10,4,0,6,0,26,11,0,0,3,0,16,1,27,3,190,251,78,21,21,0,8,0,0,0,6,0,2,0,0,18,10,0,21,22,0,3,0,7,12,0,3,170,245,146,0,0,14,35,0,0,26,2,1,0,3,0,6,28,20,10,0,0,0,3,0,0,9,0,38,212,185,19,6,0,0,0,10,18,1,0,7,0,0,5,1,19,0,5,0,7,3,0,0,0,0,6,48,248,73,0,0,0,17,6,0,0,10,20,0,0,4,6,0,0,0,0,0,0,0,0,0,26,0,26,236,143,19,2,3,0,0,14,0,0,2,0,1,0,0,0,3,2,0,22,0,0,0,0,0,0,15,0,191,42,6,0,0,10,0,16,1,0,0,0,0,0,9,0,0,29,0,0,15,10,12,0,7,0,2,9,0,2,20,0,0,0,0,0,21,2,21,0,10,0,8,3,15,0,9,10,2,0,0,0,25,22,24,0,6,2,0,2,0,13,3,10,0,0,6,18,7,24,0,5,0,7,11,2,0,0,0,27,1,0,0,10,5,0,0,0,4,0,0,0,20,23,24,13,3,0,4,0,13,0,0,0
0,6,0,4,8,8,5,0,16,0,15,6,21,12,2,28,0,0,14,16,2,0,18,0,0,0,0,8,0,23,0,0,2,24,0,18,0,0,0,0,0,1,25,0,0,0,8,0,0,7,4,12,13,0,40,4,0,0,12,4,0,0,15,0,0,0,0,1,4,11,5,7,14,0,0,23,16,19,8,0,0,0,12,0,30,0,0,29,0,15,20,1,4,14,4,11,0,0,0,5,12,15,0,42,0,1,1,12,14,7,9,0,0,0,0,0,8,0,0,18,0,0,0,3,3,0,0,0,28,0,0,2,20,0,5,14,0,0,0,13,11,5,5,6,0,2,0,14,0,6,0,0,2,9,0,11,0,0,3,19,17,0,0,0,0,27,13,0,1,0,16,12,0,2,16,0,0,0,7,0,0,7,3,0,0,8,0,0,4,0,0,2,6,0,11,0,19,0,0,0,14,0,5,4,17,142,255,250,205,114,22,12,0,16,3,0,1,0,7,0,0,3,2,0,0,16,0,0,21,0,0,16,175,255,255,255,254,247,123,9,12,12,6,0,0,0,0,0,0,0,12,3,0,0,1,0,5,7,0,0,250,252,255,243,209,240,238,233,66,227,59,7,24,0,0,0,0,17,3,0,0,16,11,2,1,9,9,1,229,241,247,60,0,84,246,255,255,250,228,98,9,1,0,1,0,0,16,4,0,0,13,0,23,1,5,0,240,255,193,5,11,0,174,255,255,255,243,77,0,0,0,0,0,0,8,0,1,0,0,0,0,2,10,0,138,255,183,42,78,110,242,255,239,249,145,0,0,0,0,5,3,0,16,5,18,0,2,10,0,8,0,31,114,255,255,201,254,255,249,242,247,236,95,23,0,0,0,9,21,15,0,4,0,33,0,0,5,0,0,6,13,147,235,255,255,255,255,237,241,250,19,12,0,0,0,0,0,0,4,9,13,0,20,5,10,0,19,8,5,4,50,137,145,66,137,255,252,190,0,12,6,13,0,0,4,0,0,6,15,18,0,1,0,21,8,0,6,13,8,0,5,33,168,255,255,131,5,25,2,7,9,11,3,0,25,0,0,1,2,10,6,9,0,0,0,12,0,0,4,15,217,252,234,112,22,0,4,2,14,0,3,8,0,0,0,6,0,0,0,0,4,0,0,0,0,10,0,36,240,249,255,4,0,0,2,0,0,0,0,0,0,0,0,0,0,0,8,0,0,0,20,0,14,1,0,94,232,249,255,15,0,18,6,3,9,0,0,0,0,9,4,9,0,10,0,0,21,0,0,0,0,0,9,139,255,239,255,2,15,3,0,3,0,0,6,6,0,0,10,35,0,5,8,0,2,0,2,16,18,9,0,158,249,255,253,0,0,0,7,0,2,0,2,0,0,7,0,0,0,18,0,7,0,3,17,0,0,0,4,153,253,247,218,0,0,7,4,0,5,1,0,7,0,4,3,0,6,2,0,0,0,24,1,3,9,0,0,162,255,252,158,0,0,10,24,0,12,0,3,31,0,20,4,0,0,26,0,21,6,11,0,0,14,0,0,160,254,244,121,21,4,0,0,16,0,7,6,0,32,0,0,0,0,0,0,0,0,21,12,0,0,3,0,113,253,255,116,7,0,4,2,2,6,0,0,12,7,0,2,0,0,16,10,0,0,0,0,0,0,0,0,15,104,231,28,0,37,4,0,10,0,0,0,7,0,23,7,8,23,0,0,0,20,0,3,0,0,6,0,0,0,0,0,18,0,0,0,0,7,7,0,0,1,0
27,0,12,0,4,8,12,0,25,9,0,5,2,6,0,0,0,0,14,0,0,3,0,0,8,13,19,0,12,11,27,12,0,0,10,0,5,0,0,2,11,0,0,6,11,0,0,0,0,0,0,0,0,0,13,27,0,0,21,8,0,11,0,4,10,16,0,0,0,0,0,11,0,0,13,7,0,10,0,14,0,0,5,9,0,0,0,3,0,0,23,0,0,25,0,5,0,0,13,0,0,3,7,0,26,0,3,5,0,8,2,0,0,8,0,0,4,0,0,5,9,0,19,0,6,0,10,21,8,0,0,6,0,3,0,0,0,2,0,0,2,0,0,5,0,14,2,16,13,17,0,32,65,83,71,87,31,0,0,0,35,9,2,13,0,10,0,0,20,5,0,0,9,17,0,0,0,81,211,255,244,247,249,255,226,127,0,10,8,4,0,0,0,0,1,12,0,0,0,3,13,15,0,0,255,255,255,245,255,255,241,255,234,255,169,32,13,4,18,0,22,0,0,0,9,0,0,10,23,10,33,221,237,255,255,239,211,171,149,255,242,253,255,151,17,23,1,0,0,7,0,0,5,0,0,1,3,7,79,255,255,255,208,84,37,29,8,24,173,248,253,242,182,0,3,5,0,26,0,0,0,0,15,0,0,0,0,211,255,240,50,7,11,0,0,10,30,185,239,246,224,26,0,0,0,0,0,3,9,3,12,0,2,3,0,23,171,98,25,0,0,0,18,7,0,9,199,255,255,164,0,0,0,11,19,0,0,21,0,0,11,0,0,0,17,0,0,14,2,13,22,0,2,5,169,255,245,255,2,0,11,12,16,9,0,0,0,8,13,23,4,0,9,4,0,0,18,3,0,16,5,0,169,255,255,178,2,0,8,0,0,0,0,0,0,9,0,0,4,24,5,27,96,70,95,114,57,0,7,0,204,242,253,162,0,0,23,0,0,0,3,11,13,0,4,13,54,129,244,226,255,255,255,255,239,235,180,120,232,249,242,121,7,14,8,0,0,0,0,0,0,24,2,111,221,253,237,255,255,255,255,255,255,255,253,255,230,240,255,200,163,190,120,9,0,26,2,0,0,0,0,234,255,235,255,246,222,146,146,157,221,237,255,255,243,255,245,255,254,255,159,9,0,8,0,0,0,1,0,137,246,241,213,170,108,36,44,155,220,254,255,255,240,249,255,255,250,145,21,0,5,0,6,4,0,0,15,50,239,255,253,250,255,250,255,251,255,255,255,255,216,198,174,194,124,26,0,0,2,9,28,0,7,14,6,0,127,224,255,250,239,247,247,241,255,219,253,136,5,11,0,19,0,4,0,21,0,8,3,13,0,11,0,26,4,18,122,90,122,142,225,151,104,102,4,0,0,0,15,6,0,4,6,0,0,9,8,0,0,8,2,0,16,17,0,0,42,7,14,0,0,0,0,0,0,0,0,0,9,4,0,42,14,0,0,0,1,0,0,5,0,9,7,0,19,1,16,9,8,20,0,0,10,19,14,0,0,0,0,0,15,0,5,0,14,0,3,0,1,0,0,22,0,1,0,0,0,15,4,0,0,18,0,18,19,0,6,0,0,14,0,0,0,0,0,9,0,21,3,0,17,0,15,8,17,8,0,19,1,14,0,0,3,2,0,0,0,9,19,0,0,0,9,2,0,0,0,0,0,5,0,0,0,0,0,0,0,6,7,0,0,10,0,0,0,1,2,18,9,0,0,0,1,0,10,0,9,7,0,0,0,2,16,0,4,6,19,13,20,0,3,0,12,17
0,0,4,0,12,19,0,0,0,9,0,12,0,9,2,0,2,3,0,0,0,0,0,1,14,0,0,8,0,0,0,0,14,2,2,0,16,0,13,15,14,14,10,0,12,7,0,16,2,38,0,3,0,0,0,0,14,19,4,0,0,0,0,0,0,0,0,0,0,7,0,8,0,11,12,0,0,3,0,23,9,0,12,14,17,17,4,15,0,18,20,1,0,0,0,24,2,27,0,0,0,21,24,6,0,0,19,0,0,1,0,10,3,0,23,7,0,5,0,21,19,0,0,4,0,18,0,10,8,0,0,3,0,3,2,0,6,2,13,7,2,0,7,15,0,2,0,21,0,12,0,0,0,14,174,242,255,255,255,253,72,13,0,0,0,21,6,0,0,3,0,0,7,0,1,0,0,0,0,28,117,215,239,239,255,242,255,239,220,5,20,13,0,0,15,0,11,0,0,1,0,0,15,0,0,0,44,218,250,255,255,230,158,134,177,255,237,174,0,0,0,15,0,0,7,0,9,17,0,1,14,0,0,45,246,235,242,151,112,79,1,0,75,237,255,119,10,2,0,8,19,0,5,23,10,20,14,0,12,0,16,161,245,255,171,32,17,6,0,0,23,212,245,87,0,0,16,30,0,14,0,18,8,0,0,9,0,18,22,205,253,197,16,7,6,0,18,0,67,255,255,157,0,6,0,9,0,0,1,6,12,0,16,0,16,0,30,219,250,154,1,0,0,0,25,0,109,243,206,37,10,11,0,0,0,0,0,0,0,0,15,0,0,0,7,192,255,205,0,0,0,0,0,10,207,188,44,4,0,5,4,0,16,6,10,5,0,0,0,34,0,0,0,88,238,238,109,0,0,0,0,70,245,112,0,0,13,0,0,0,0,7,0,0,0,6,18,0,0,4,6,19,192,250,243,68,17,0,4,113,137,0,3,10,10,7,9,0,8,20,0,0,10,28,6,0,0,13,0,0,40,244,244,249,90,0,0,29,0,0,0,0,16,6,0,9,0,12,0,0,6,0,0,0,0,0,0,3,0,78,247,248,251,82,65,77,154,126,182,147,98,0,0,3,9,27,0,0,0,0,6,1,7,19,0,0,30,94,230,255,255,233,247,246,243,250,215,196,76,22,5,5,3,0,0,4,13,4,0,0,0,0,0,61,228,251,255,245,255,255,240,105,70,26,0,14,0,19,13,0,5,8,11,15,0,21,19,0,2,0,30,244,254,255,225,164,207,255,226,58,0,0,12,2,0,0,7,0,0,13,0,18,0,0,0,29,0,5,31,251,255,210,0,0,0,170,238,106,0,0,6,13,0,0,0,0,0,10,8,4,0,0,9,0,0,0,29,240,255,121,12,9,0,202,253,161,0,0,15,11,0,10,18,0,8,3,21,0,0,0,0,36,0,0,12,135,231,255,111,43,72,203,240,151,0,0,0,0,11,24,0,1,6,14,0,0,0,2,23,1,4,3,3,41,242,255,255,249,245,255,250,81,9,17,11,0,13,3,0,0,14,1,0,0,16,0,0,27,7,4,5,7,39,170,251,255,238,226,101,6,6,2,0,0,0,6,7,23,13,8,18,10,0,0,0,0,14,0,0,1,0,2,3,0,0,0,0,0,0,0,0,0,5,4,5,6,3,0,8,3,0,8,18,0,0,19,0,4,14,1,12,29,0,0,0,4,7,17,0,12,0,12,9,0,25,0,6,23,0,0,27,3,12,21,0,0,0,0,12,0,1,0,6,0,0,9,38,19,16,0,2,2,0,0
11,0,2,16,30,0,0,0,8,7,14,11,20,17,0,29,0,9,3,20,16,0,5,0,0,1,20,0,0,0,0,4,15,1,0,4,0,0,9,6,11,10,0,14,20,0,0,10,0,26,5,20,0,0,0,0,8,6,0,0,11,7,10,0,4,5,0,0,11,0,30,94,255,52,0,3,1,0,0,0,0,1,0,14,4,12,10,28,0,21,0,0,0,0,0,0,21,0,92,255,229,124,16,0,0,0,6,0,0,0,7,0,8,0,0,4,0,14,0,2,6,27,9,0,8,7,182,253,105,0,11,0,0,0,15,3,7,0,0,12,0,0,0,0,14,28,10,0,0,27,16,0,0,130,255,218,0,0,10,0,0,15,0,0,0,0,0,0,2,0,11,0,0,14,11,10,0,0,0,0,31,210,239,62,0,5,10,0,0,0,4,0,0,0,6,0,18,14,17,12,10,0,1,0,8,9,11,11,225,248,152,0,0,6,1,0,22,11,0,0,0,0,0,0,16,0,1,0,9,15,0,2,0,16,8,115,255,171,16,0,0,13,4,0,0,6,0,0,0,1,0,0,0,0,9,29,23,0,0,0,0,0,44,247,245,33,9,0,2,2,0,0,0,0,4,0,0,0,0,0,0,15,0,7,0,0,6,0,0,0,120,255,189,0,3,0,0,0,0,0,10,11,0,0,0,0,4,0,0,22,9,14,0,10,0,0,0,39,245,239,15,0,0,12,14,0,5,10,4,0,0,9,0,4,0,0,4,8,1,0,9,0,0,0,24,114,246,228,0,3,13,26,0,2,0,0,0,0,0,0,0,0,0,0,5,20,0,0,14,0,0,0,25,140,255,77,0,0,18,18,67,137,166,144,49,13,0,0,14,5,5,0,12,0,0,22,27,0,0,4,16,203,255,31,26,35,133,197,255,255,254,255,194,13,0,0,0,20,45,0,0,17,0,0,8,1,0,0,17,199,255,81,92,223,232,255,230,134,185,255,236,32,16,0,0,0,6,0,0,0,4,12,0,0,7,0,0,155,255,255,255,237,157,81,0,37,201,248,191,0,24,26,0,0,0,8,12,0,14,16,12,3,0,15,0,157,255,255,255,76,0,7,0,129,244,218,20,23,0,0,0,9,0,0,0,0,6,9,0,0,0,19,9,75,245,255,223,37,0,0,119,251,247,55,8,0,8,0,11,0,16,4,7,0,0,0,0,0,0,10,0,41,161,250,251,170,137,178,255,255,100,18,17,9,17,2,0,3,0,0,21,0,9,4,10,0,0,13,0,18,0,102,255,234,255,243,230,134,3,0,13,0,8,0,0,21,0,1,6,0,0,7,0,0,0,0,2,31,0,0,25,106,197,142,55,11,0,6,0,0,0,0,20,22,1,0,16,11,5,0,0,4,4,26,0,28,20,0,3,15,0,8,9,0,0,7,0,17,0,0,0,0,0,7,0,8,0,0,5,0,0,0,10,0,0,14,0,0,0,14,1,0,0,12,0,0,0,6,0,10,0,0,0,0,10,0,1,0,0,24,1,0,4,6,5,14,0,19,8,4,3,0,0,0,0,0,0,0,0,3,0,7,0,0,0,0,5,0,2,26,0,6,0,0,9,4,18,0,1,10,0,0,5,0,0,0,0,10,8,0,0,15,0,0,22,0,0,12,5,13,0,13,11,0,13,3,3,0,4,0,0,0,10,0,24,10,29,0,1,10,0,12,10,0,0,4,4,0,2,2,9,11,17,0,0,0,4,0,7,0,8,0,10,13
0,0,0,5,0,2,0,0,16,12,0,0,0,3,11,0,0,0,19,0,9,0,3,0,7,1,9,0,5,0,18,0,4,0,2,0,0,0,15,7,0,6,0,20,8,15,1,0,10,0,7,0,7,9,0,0,10,1,0,3,1,19,0,0,2,10,0,8,0,13,9,4,0,5,0,0,3,4,11,13,16,7,0,12,0,23,6,0,0,10,0,1,8,10,1,0,33,29,0,0,0,0,12,1,0,20,0,0,12,0,3,0,0,3,0,0,0,0,3,11,0,0,0,3,15,10,15,24,0,10,18,18,0,1,0,0,0,0,0,0,2,0,0,1,0,0,3,0,8,0,31,0,13,0,223,221,28,0,0,31,4,0,0,19,7,0,0,0,4,0,0,0,0,18,0,0,0,0,0,1,3,18,228,241,47,10,2,8,0,14,9,6,19,0,5,11,0,5,1,15,0,1,0,3,5,22,5,0,1,58,240,251,38,0,9,2,0,4,21,19,18,19,17,0,3,19,30,0,0,0,3,42,12,24,16,4,0,11,255,255,128,2,8,0,1,2,9,7,0,19,9,10,0,0,8,0,0,0,0,15,0,0,0,0,3,79,243,255,127,2,20,0,25,11,0,10,0,0,0,2,0,0,6,0,1,0,12,0,0,6,16,2,0,55,239,222,76,1,0,11,0,0,12,0,0,12,0,20,16,0,0,0,2,0,11,0,0,42,2,7,11,0,255,255,114,0,3,1,20,0,1,0,0,0,0,0,9,20,12,3,11,0,0,0,7,8,3,0,6,58,247,255,80,0,0,11,15,0,0,0,0,8,0,3,23,0,0,1,0,0,0,3,0,11,0,0,0,85,255,255,31,9,0,0,0,7,16,0,0,7,0,11,21,0,12,0,11,4,0,0,7,0,21,18,20,82,255,254,59,0,9,0,0,0,0,14,12,0,0,14,6,23,4,4,34,0,0,5,0,0,0,0,0,86,255,255,88,3,22,0,15,1,3,0,0,2,19,0,0,36,2,11,0,22,11,4,0,3,6,0,14,70,243,226,15,3,9,11,0,0,4,0,14,0,0,0,0,0,3,7,0,7,14,12,0,4,8,28,15,151,252,206,0,0,3,12,0,0,16,0,5,9,0,0,0,9,8,0,0,1,0,0,0,8,0,4,25,240,250,131,2,0,20,34,16,0,19,0,0,0,0,0,0,18,0,2,0,0,0,17,0,0,0,4,89,244,249,103,9,7,0,0,0,0,0,10,0,1,1,12,2,0,0,6,14,0,0,23,0,0,6,0,69,238,255,1,0,0,22,0,0,17,0,9,2,0,0,0,14,6,13,4,16,0,0,25,15,0,0,18,234,255,138,4,4,0,0,0,8,14,0,7,0,0,0,15,0,7,18,2,0,0,0,3,0,0,0,40,226,235,16,18,2,4,7,0,21,13,0,0,7,5,0,2,10,0,0,0,20,0,0,0,14,0,0,118,241,191,0,0,14,2,5,0,0,5,34,1,0,6,0,12,7,0,0,10,11,0,19,20,22,14,0,144,247,110,1,15,0,3,0,0,24,9,0,0,3,0,0,14,21,2,0,0,5,3,34,0,2,0,0,0,5,10,26,0,0,9,2,0,0,0,14,0,25,0,0,0,28,0,21,10,0,17,0,0,0,18,0,3,3,0,5,0,15,12,9,4,0,5,13,0,0,0,0,0,0,13,0,0,0,0,0,0,0,0,0,0,0,9,0,0,0,17,0,0,18,0,0,1,0,0,0,0
0,24,0,0,0,0,9,0,0,0,22,7,8,1,21,5,0,0,11,0,18,0,22,7,0,0,1,2,0,0,8,0,0,0,12,16,5,0,0,19,19,0,30,0,7,23,6,0,8,0,16,4,8,0,0,5,0,23,12,0,0,0,25,0,15,0,12,1,2,0,0,0,0,0,0,5,0,0,3,0,0,14,0,0,19,0,2,6,10,6,4,0,11,0,0,8,0,14,5,0,5,0,0,6,0,10,18,0,0,0,0,9,3,8,13,0,1,0,0,11,14,15,0,14,0,0,0,0,0,18,0,11,11,2,19,2,3,0,0,9,34,0,0,14,0,0,11,0,0,0,0,2,5,23,0,15,16,23,25,0,0,8,0,8,1,21,3,0,10,0,0,9,0,0,0,2,0,0,0,4,5,0,34,133,110,178,163,114,0,15,0,11,3,7,0,5,0,0,21,4,0,12,0,18,16,45,0,15,4,69,252,255,238,187,151,245,155,69,16,0,0,0,10,18,4,0,0,0,5,10,21,0,0,4,16,16,127,254,173,48,10,18,1,60,255,146,7,21,0,0,0,18,0,9,18,0,0,0,4,1,0,9,43,192,249,155,33,8,9,13,19,137,255,64,0,0,12,0,0,16,15,0,0,0,9,0,0,0,14,67,255,251,111,10,0,10,0,0,105,243,126,20,15,1,12,3,13,36,0,0,25,0,3,0,3,0,52,255,88,21,0,9,0,0,3,0,184,208,12,5,0,0,0,2,0,0,0,7,0,0,4,0,2,116,229,53,15,0,30,8,0,0,13,113,255,99,7,0,0,0,7,5,0,0,0,0,0,15,0,1,18,251,65,0,0,10,0,41,0,0,17,212,204,7,8,0,8,0,0,6,0,12,0,0,0,0,3,0,65,236,0,0,9,0,22,4,0,48,231,216,83,0,7,0,8,0,17,0,6,0,2,0,0,0,0,0,115,228,0,7,16,57,63,38,0,0,206,232,0,0,0,0,1,0,0,3,21,0,0,0,0,1,0,10,53,203,224,172,169,247,118,19,0,73,255,97,0,5,10,17,10,6,0,20,3,0,15,0,22,20,11,10,0,54,165,187,115,37,18,1,0,210,244,17,17,16,11,0,0,0,0,0,16,28,0,0,15,0,10,0,0,7,4,9,0,3,0,17,43,255,177,0,0,6,5,0,16,22,0,0,0,0,4,0,0,39,5,0,0,9,40,2,0,11,17,21,168,255,51,0,8,2,9,7,0,0,1,0,0,0,12,5,20,0,0,0,5,12,10,23,5,0,2,27,223,255,16,2,0,14,3,28,18,0,0,0,0,0,0,0,19,14,0,0,0,0,7,0,0,6,0,62,255,174,10,0,0,14,11,17,1,0,0,21,0,0,0,0,2,0,0,2,9,4,2,0,9,22,5,134,255,53,28,0,0,0,0,0,2,7,3,15,0,14,0,10,4,4,28,0,0,0,2,0,0,0,0,215,227,25,13,0,0,0,13,11,9,6,8,0,0,0,9,3,17,0,0,1,6,6,5,0,0,5,0,224,202,10,0,0,22,0,1,14,1,4,0,1,0,8,0,9,12,0,9,0,0,16,12,0,10,2,2,198,189,0,0,0,8,7,6,8,0,18,11,0,0,20,6,12,0,0,0,0,4,0,7,0,7,19,0,22,1,13,0,0,19,14,0,0,0,0,0,0,0,0,10,2,0,0,2,2,0,2,12,0,1,0,10,0,0,0,0,0,8,0,4,6,1,4,0,0,0,11
0,3,0,6,0,2,12,0,16,0,0,0,0,0,0,0,0,0,0,0,0,22,0,0,22,3,0,0,3,1,5,20,15,0,0,0,0,9,3,0,1,16,0,4,0,0,23,2,11,4,0,10,19,3,0,2,0,0,0,6,0,6,4,3,0,9,1,0,0,14,3,0,0,0,0,8,0,0,4,9,0,13,0,25,0,0,6,0,7,0,10,0,0,11,0,0,0,0,0,0,0,17,23,0,0,2,8,11,0,0,3,0,10,0,0,0,13,0,0,0,4,0,0,0,0,0,0,0,13,7,17,49,153,126,0,0,15,16,0,5,0,0,2,13,0,8,11,7,0,2,5,4,25,49,39,154,170,165,232,255,255,216,25,0,11,21,13,18,0,0,16,0,0,0,0,0,0,48,59,194,249,215,241,247,255,255,255,252,254,101,0,5,9,0,0,0,0,3,3,0,0,0,0,1,32,191,234,255,255,255,250,255,255,237,232,214,217,29,11,23,27,7,13,12,0,0,0,0,21,3,0,0,0,194,255,229,224,220,176,126,87,19,55,17,0,0,0,0,17,0,0,3,22,0,7,18,0,0,6,0,7,168,255,95,39,41,7,0,0,14,2,0,25,0,0,0,0,11,30,0,3,0,6,0,0,3,7,18,0,46,228,69,9,12,6,11,10,0,0,0,0,0,0,7,0,0,3,13,19,10,7,0,6,0,0,5,11,182,255,177,217,195,243,79,50,0,0,2,12,0,0,0,0,0,0,1,14,5,16,0,14,0,1,0,84,236,255,246,255,246,249,244,239,98,0,0,2,0,0,0,0,0,0,0,0,7,0,0,7,0,0,5,171,250,252,242,246,242,255,243,255,228,101,0,0,20,0,11,0,0,0,0,0,0,0,0,0,6,5,0,174,216,123,75,0,105,123,194,253,241,233,45,7,11,0,0,13,6,4,0,12,0,0,9,14,0,0,35,1,1,0,0,11,0,0,0,100,178,255,198,14,0,8,0,0,15,22,0,7,0,2,4,0,0,0,0,0,13,0,0,0,0,0,2,4,96,255,237,55,16,9,24,0,5,0,2,0,20,0,14,8,6,26,6,0,35,49,44,0,0,28,31,0,0,186,255,87,0,0,6,0,17,0,14,2,12,14,0,0,0,3,9,144,180,255,92,16,3,12,0,9,0,113,235,178,0,0,8,10,0,6,20,0,19,16,2,16,0,11,0,255,255,126,1,0,0,27,0,0,15,169,253,144,9,0,3,14,0,11,0,0,11,13,0,0,0,12,3,192,255,183,49,0,5,1,5,66,157,255,242,50,0,0,6,25,0,5,0,7,0,0,25,0,1,0,0,52,243,255,217,188,106,95,193,237,255,241,220,0,13,0,0,0,0,7,16,0,0,0,1,0,0,9,0,2,28,219,227,243,243,234,238,247,244,164,58,0,17,7,0,2,15,0,0,0,9,0,13,0,1,5,0,4,30,5,0,117,224,255,255,242,110,2,0,0,2,0,0,14,10,18,7,10,4,0,10,9,9,0,0,3,12,0,0,14,0,0,15,15,0,15,22,0,0,10,19,3,0,0,3,11,0,2,0,0,0,0,0,15,0,0,2,1,0,15,14,24,0,12,0,2,19,10,0,0,11,11,0,5,0,0,18,1,0,0,13,0,27,0,4,0,0,0,0,17,19,17,9,13,0,2,7,0,22,3,23,0,3,24,0,0,0,19,18,8,0,9,1,0,4,15,26,7,0,9,0,18,0,0,0,9,7,23,13
4,0,22,6,0,18,0,9,15,8,4,0,31,9,8,3,6,0,2,4,9,5,15,2,29,0,4,3,2,0,0,7,3,0,17,30,0,12,0,0,5,1,0,9,17,17,0,6,0,5,0,3,6,3,4,0,1,14,0,31,0,0,0,0,0,0,10,0,21,0,0,2,0,0,0,13,2,0,0,0,3,5,0,0,9,0,2,0,19,0,18,0,5,0,0,84,140,179,252,231,126,42,0,4,0,0,0,0,4,16,0,5,11,0,10,0,32,0,0,0,0,0,101,255,250,255,255,235,246,203,42,11,0,9,0,0,0,0,13,28,9,0,0,0,0,4,9,0,0,14,77,251,222,70,97,146,237,255,153,13,0,0,7,7,11,0,16,0,3,0,0,11,0,0,0,9,33,0,16,37,0,0,0,70,255,253,175,3,31,2,7,0,9,15,22,12,1,0,0,16,0,0,0,0,0,1,0,0,0,0,7,38,233,253,214,35,4,5,0,8,0,9,24,14,0,0,16,0,25,0,4,0,0,0,0,11,5,11,0,81,246,253,170,0,1,5,4,0,9,0,0,0,1,0,0,1,27,1,0,0,2,0,0,0,0,6,12,57,238,255,222,22,16,5,0,13,9,0,17,0,0,4,0,17,0,0,17,8,0,0,0,5,4,9,0,46,255,255,171,0,0,7,0,0,8,25,0,0,0,4,0,0,1,0,3,0,0,0,8,31,0,0,0,142,236,255,162,10,7,2,5,18,9,0,0,0,0,0,1,20,0,2,8,0,4,10,0,0,20,11,5,191,255,255,154,10,12,0,0,0,3,0,0,6,0,6,0,17,9,0,0,0,13,7,7,0,12,27,152,249,246,246,50,0,20,7,15,9,0,0,5,0,2,0,0,5,4,20,0,0,6,0,5,27,92,83,255,255,253,190,4,0,0,12,4,0,0,0,1,8,0,0,20,0,2,10,0,13,35,145,146,224,255,244,255,255,255,254,215,196,89,180,137,89,57,0,16,9,2,0,0,2,3,5,0,51,175,247,252,253,255,255,255,255,235,255,220,243,255,255,255,255,233,69,18,5,10,13,0,16,0,2,4,254,246,255,236,255,255,235,243,221,123,47,17,54,30,24,46,137,90,0,0,0,0,24,1,0,11,0,36,250,247,207,59,193,253,255,255,201,0,0,29,0,0,7,0,0,4,0,0,6,3,0,0,0,9,0,127,255,245,187,29,249,255,236,175,57,0,0,0,0,4,0,0,20,0,26,11,0,17,7,0,0,0,11,120,251,189,94,243,247,255,234,33,0,3,3,0,0,7,0,0,16,0,0,11,0,0,12,0,0,0,3,77,250,247,243,247,255,156,39,18,0,0,0,0,32,4,18,0,0,0,5,2,13,14,0,0,14,4,6,9,60,194,254,119,37,12,28,12,0,20,0,10,13,33,11,3,0,9,0,0,16,1,8,0,0,0,0,3,0,0,0,0,0,11,0,8,0,0,0,0,5,0,0,0,0,6,2,18,0,0,0,1,0,11,10,0,8,8,0,0,0,0,0,9,0,4,1,31,0,8,3,0,0,9,5,4,15,15,20,17,25,0,12,10,21,0,0,0,18,0,0,7,0,0,0,0,0,0,0,0,0,4,18,0,4,0,0,0,0,0,19,0,1,0,0,0,4,8,0,5,0,2,13,2,4,0,5,0,0,0,14,0,3,0,0,19,0,0,0,0,0,18,3,0,0,0,0,6,7,0,0,1,12,7,13,20,0,3,18,0,0
0,3,15,11,0,1,13,0,22,8,2,0,7,9,0,0,18,0,0,0,0,0,3,0,0,0,11,0,6,0,0,5,0,0,2,6,10,0,4,0,15,0,0,0,6,0,0,0,0,0,0,17,0,31,38,6,0,0,0,3,15,0,0,6,0,17,14,0,0,0,6,0,1,0,0,0,0,0,9,3,5,12,0,23,9,0,0,0,5,2,1,23,5,7,0,0,0,4,8,24,18,20,0,3,0,0,0,7,0,1,4,0,0,0,5,16,0,6,0,0,21,2,2,10,17,14,5,110,243,255,198,3,0,11,0,0,0,0,31,0,11,0,0,0,0,13,11,0,0,15,0,2,0,48,205,250,238,255,205,9,0,0,0,11,1,0,0,0,4,8,0,0,0,0,0,0,0,0,10,60,170,227,251,218,106,128,214,14,0,0,26,0,10,0,10,0,0,0,12,15,30,4,0,0,0,62,168,248,255,232,132,0,0,62,163,6,0,10,0,4,11,11,14,0,9,0,0,0,24,0,6,6,17,212,235,238,181,36,17,0,0,0,4,19,4,0,0,14,11,18,0,5,15,0,0,13,20,13,0,19,39,255,246,107,0,0,14,0,0,18,0,0,13,0,0,10,14,0,0,0,16,5,4,10,0,21,0,0,2,245,230,51,0,2,16,0,0,0,27,0,0,0,10,20,24,26,0,0,0,0,11,17,10,6,0,1,0,161,248,209,57,19,0,4,4,32,0,0,11,3,0,0,0,0,4,0,9,17,0,0,4,3,15,0,0,0,189,255,225,180,41,0,0,0,41,0,13,11,15,21,0,8,0,8,0,3,6,0,0,12,6,0,0,14,26,163,232,255,232,126,59,0,0,0,3,0,5,25,17,8,13,13,3,13,0,2,20,0,0,0,0,0,0,2,22,175,255,237,208,121,29,0,0,2,15,7,20,11,3,8,36,0,8,20,9,6,13,15,0,0,14,0,0,0,16,151,239,254,209,50,0,1,15,0,0,27,0,3,0,12,0,0,0,10,0,0,0,0,5,5,0,10,0,4,27,171,241,240,106,2,5,0,0,11,0,0,7,0,25,0,0,11,0,8,0,0,0,0,8,0,10,0,0,0,128,255,237,5,0,10,0,0,0,2,0,0,0,11,2,5,3,12,11,7,14,0,0,17,3,13,2,0,39,255,241,40,0,0,0,0,3,10,0,0,0,12,0,1,7,0,30,44,7,9,0,8,22,0,0,3,60,244,255,45,2,0,19,5,0,6,8,0,11,0,0,4,0,20,74,155,0,0,31,1,0,0,0,39,218,240,224,17,8,7,7,0,27,0,15,0,39,5,1,12,1,0,55,226,108,21,2,8,4,14,73,222,255,239,68,0,16,0,9,0,18,0,12,0,4,3,0,0,0,0,26,202,255,234,191,237,222,255,255,240,249,100,17,0,0,1,0,17,0,2,15,4,5,0,0,5,0,3,6,0,134,231,251,242,255,255,216,85,14,5,0,1,21,0,0,7,0,0,0,0,1,0,5,0,0,0,0,1,30,0,19,6,0,4,0,5,4,4,10,3,0,0,13,0,3,0,5,6,0,8,0,22,18,19,0,7,1,4,13,7,36,2,0,0,0,0,0,0,0,14,1,15,0,0,0,0,0,2,0,0,4,0,0,0,22,0,11,0,11,11,13,0,2,23,0,0,7,0,0,0,5,7,0,3,0,14,0,3,0,0,2,0,25,7,22,0,0,10,0,0,3,23,0,4,1,20,0,0,0,8
11,2,2,0,7,0,0,18,2,10,13,8,1,0,13,11,0,0,5,0,16,3,11,5,1,5,0,5,0,0,11,0,0,12,22,0,14,27,7,18,0,9,8,0,10,18,24,19,0,0,3,10,0,0,0,7,0,8,0,0,8,5,0,19,0,8,13,0,0,0,4,0,0,0,17,15,0,13,20,0,0,0,29,6,0,12,0,0,4,3,8,7,0,0,7,6,5,0,21,10,8,1,5,2,0,16,0,13,23,0,3,0,0,21,0,6,12,1,8,3,12,0,0,0,0,21,0,0,0,0,0,12,1,16,0,0,0,4,0,14,0,0,0,0,6,16,0,0,9,0,5,7,2,0,21,0,16,0,0,3,0,0,0,0,13,0,0,1,14,32,36,3,0,7,3,11,69,171,0,8,30,0,13,0,0,0,13,186,81,21,0,0,0,0,0,0,0,0,24,8,0,0,0,0,212,255,38,0,0,0,0,0,7,5,0,198,173,4,16,0,9,0,6,0,0,0,2,10,0,16,0,10,149,240,76,4,30,11,0,13,10,0,4,202,212,0,22,7,29,30,0,0,0,0,0,9,0,0,9,2,107,255,209,17,0,4,14,2,0,13,48,246,191,0,22,6,0,16,19,0,0,0,0,7,0,14,0,0,152,253,228,61,0,18,0,6,2,11,63,230,87,13,0,0,0,0,13,0,2,3,6,25,0,0,0,71,239,255,139,0,0,0,0,4,0,13,91,252,108,0,0,2,0,3,0,16,0,10,0,5,0,2,0,205,253,255,71,0,4,0,15,11,13,0,73,255,104,0,29,0,33,0,18,3,0,0,9,0,0,24,0,231,255,255,95,11,1,0,10,0,23,11,51,255,58,0,0,21,0,0,7,11,14,0,7,2,0,0,4,30,198,242,255,246,163,140,86,60,67,53,184,245,25,12,22,0,6,0,0,0,0,10,2,10,0,0,3,36,253,235,239,251,255,255,255,248,255,252,242,230,0,30,0,9,0,7,0,0,9,19,8,19,7,7,1,123,255,255,190,124,74,35,53,46,136,151,234,204,0,0,0,0,14,0,0,0,0,0,9,22,0,0,20,183,247,124,0,4,1,5,0,9,2,95,255,202,6,0,0,0,20,1,0,0,22,7,8,3,0,11,4,0,0,1,6,0,0,25,0,0,27,81,244,215,7,0,0,7,0,15,36,9,0,20,26,0,12,0,7,12,7,0,0,0,0,0,12,4,15,90,239,148,13,12,0,10,10,9,0,18,0,0,0,19,3,12,6,3,0,0,13,0,0,6,0,8,18,59,255,91,16,13,0,0,7,0,23,1,0,12,0,0,11,0,7,20,0,0,15,0,0,5,7,0,5,87,255,0,0,0,18,20,0,0,0,0,0,5,19,0,0,3,0,9,21,0,13,8,0,0,0,0,0,118,255,37,20,11,0,2,14,0,0,0,0,0,9,5,0,10,0,17,0,5,5,3,26,3,0,0,3,166,243,11,0,9,19,20,0,0,9,0,0,0,11,0,12,0,11,7,3,0,0,0,3,0,0,0,5,212,242,15,0,5,5,6,3,0,3,14,3,0,17,0,0,0,0,19,0,0,12,0,16,0,0,16,64,255,192,27,9,0,0,8,0,0,0,0,8,0,0,0,20,0,11,0,16,0,13,15,0,13,0,8,20,7,0,2,0,0,0,0,0,0,17,9,2,0,4,4,32,5,3,0,6,29,0,0,0,11,19,6,28,0,0,22,0,0,0,0,0,1,17,0
3,13,0,0,12,0,0,0,0,0,0,14,0,6,0,3,0,2,29,0,0,13,0,12,0,1,0,2,16,3,0,0,0,14,0,10,3,0,7,0,0,0,1,0,1,0,5,18,0,0,5,0,24,0,19,1,3,6,0,10,14,4,0,35,0,0,4,0,0,0,12,0,4,0,0,0,0,0,0,0,18,0,0,0,15,0,0,3,10,2,0,0,21,0,0,0,7,19,0,0,0,0,132,255,131,0,0,0,6,0,0,1,0,14,0,0,11,0,0,4,0,0,0,10,39,0,0,0,22,0,238,249,236,24,0,0,15,6,29,16,0,0,0,12,2,33,0,0,3,0,4,12,5,13,15,17,0,32,255,255,255,56,3,0,0,0,15,15,16,0,0,0,2,0,10,15,0,0,28,11,0,0,0,0,18,117,255,237,235,20,4,0,0,0,10,0,1,0,0,17,13,0,12,5,8,0,0,0,0,0,0,0,2,105,255,255,201,0,0,20,0,0,0,3,0,28,0,10,3,5,10,9,0,29,3,19,20,6,0,9,0,120,250,253,55,0,0,5,4,7,12,0,15,0,2,6,0,0,13,2,0,0,0,0,0,20,0,3,2,129,255,255,58,7,0,0,1,3,6,0,0,0,6,0,2,7,99,40,3,0,1,28,0,0,3,0,0,236,239,255,66,0,0,6,0,0,0,0,0,20,0,3,6,19,223,248,2,0,0,7,3,39,2,13,19,227,227,235,92,0,19,0,0,18,0,0,0,5,0,0,0,95,251,255,145,2,0,0,0,3,26,20,151,250,242,241,18,0,3,0,0,21,0,2,12,0,6,0,9,135,255,255,214,0,0,0,0,6,5,3,211,255,255,156,0,11,0,0,0,0,0,1,12,1,4,0,4,170,240,255,95,0,0,0,0,0,2,0,206,255,213,33,0,3,0,0,3,5,6,8,0,0,0,0,30,246,243,255,14,0,0,11,39,0,29,91,232,254,240,5,30,8,0,4,0,0,0,31,0,2,0,0,50,255,239,250,194,206,197,197,219,213,226,228,255,245,244,2,0,4,17,0,11,0,15,0,7,3,15,16,29,210,255,244,247,239,244,251,255,233,253,253,255,241,242,0,18,0,0,11,0,0,4,14,3,0,0,1,2,81,201,243,238,255,202,137,92,60,0,64,255,253,181,18,17,0,5,14,14,8,0,0,0,7,7,0,9,4,0,0,13,1,0,0,0,4,0,165,255,241,110,0,6,0,0,0,8,0,3,16,18,7,0,4,24,0,0,12,12,0,13,0,4,0,26,165,255,243,122,0,0,4,0,0,0,13,3,7,8,0,22,0,1,0,13,0,0,6,26,0,20,8,0,62,228,229,112,0,0,0,1,26,0,12,4,20,11,10,0,14,0,7,0,3,0,0,1,0,0,14,0,0,112,176,0,0,20,3,0,4,2,2,1,0,0,6,8,0,14,4,11,8,0,0,10,0,0,0,0,0,17,14,0,3,0,22,4,0,9,0,10,0,16,11,0,14,1,0,0,0,9,9,0,8,0,16,4,2,0,0,0,20,0,5,38,0,0,5,18,0,6,0,2,0,0,0,5,0,8,0,0,0,10,0,6,28,9,18,3,21,0,3,0,12,6,3,0,9,2,15,3,3,0,39,14,0,0,0,0,4,0,0,0,3,0,0,0,0,23,0,0,7,0,0,0,0,0,10,0,0,17,0,28,0,5,1,0,0,0,6,8,0,0,0,0,0,0,1,0,7,0,0,12,0
4,22,21,8,5,21,0,0,1,23,0,0,0,0,1,13,5,0,0,13,20,0,1,0,0,19,2,0,0,4,0,25,0,12,2,0,18,0,21,0,0,0,0,0,20,0,0,11,22,20,15,10,8,18,14,0,0,7,10,0,14,2,23,2,0,16,5,7,0,0,4,0,0,9,0,7,3,7,0,3,0,14,0,0,0,24,31,5,10,0,7,6,27,0,0,0,0,17,0,23,11,16,0,19,0,3,18,0,20,0,0,0,2,18,21,0,1,8,3,0,0,0,18,0,139,75,113,210,255,255,131,39,0,0,0,1,3,0,0,6,0,8,0,15,0,3,2,19,0,0,0,201,255,255,255,255,255,250,255,199,65,0,0,8,10,6,0,6,10,0,0,0,1,0,0,10,14,19,183,196,243,228,238,87,122,189,255,255,198,23,0,2,0,10,0,19,0,1,11,0,18,0,38,21,20,0,20,224,231,113,10,5,18,21,29,253,255,111,17,2,0,0,5,1,1,28,10,0,0,0,5,0,0,5,44,204,178,0,0,0,0,29,7,187,255,238,58,0,0,13,0,0,8,0,0,0,0,0,13,2,0,1,94,242,220,0,0,4,0,13,9,167,253,255,74,25,14,1,7,29,5,12,14,7,1,0,0,0,0,1,11,215,250,9,0,0,0,8,20,247,255,255,67,0,15,14,4,0,8,15,0,12,0,0,0,0,0,7,5,70,240,0,0,4,4,17,90,255,255,232,8,0,22,19,0,0,17,7,21,0,0,0,0,7,11,13,7,0,3,0,3,0,2,0,184,236,255,226,0,0,3,0,0,3,0,0,17,12,40,9,0,0,0,12,0,11,17,13,0,0,0,0,236,254,243,83,16,0,13,17,0,0,5,3,17,0,20,0,0,5,0,0,0,0,0,9,0,0,11,75,255,255,225,21,0,19,0,5,0,11,0,2,0,1,0,0,0,11,0,8,0,2,0,0,12,0,0,148,244,255,62,1,23,18,9,0,5,0,0,1,2,0,11,10,38,164,174,182,176,162,26,5,0,19,171,255,255,162,5,13,0,20,0,0,0,0,0,0,0,10,11,108,239,245,252,255,250,247,228,206,108,172,239,255,236,14,6,0,18,7,0,0,20,0,0,11,1,5,0,179,255,255,251,255,245,252,255,255,248,255,254,242,8,0,22,15,15,0,0,0,1,0,0,0,13,0,11,174,255,251,141,53,69,53,143,255,255,219,255,255,0,2,24,6,17,0,0,12,13,14,0,0,0,13,0,194,235,223,3,12,160,212,244,250,248,238,96,150,18,0,0,1,4,2,0,7,12,4,1,14,0,8,17,183,255,247,107,225,255,255,255,250,223,61,6,0,0,0,0,0,0,7,0,0,13,1,36,0,6,0,0,105,255,246,255,255,232,239,245,78,15,5,0,17,1,27,0,0,0,17,6,0,2,0,0,0,0,0,14,0,141,138,240,237,164,122,18,0,24,8,22,1,0,5,10,0,0,0,0,0,0,20,0,23,0,5,0,0,0,0,39,0,0,0,8,0,8,0,0,0,0,0,0,0,0,0,0,9,28,0,4,0,0,0,9,15,22,22,0,5,9,0,0,0,0,7,0,0,18,0,0,0,0,7,22,23,0,6,10,3,0,21,4,15,16,0,0,0,13,8,0,0,0,18,0,0,10,11,5,16,11,0,0,0,0,9,14,4,23,16,0,0,1,28,18,2,2,0,17,10,0,0,0,0,0,0,0,0,0,7,8,0,2,0
0,13,0,12,0,0,0,17,12,12,4,0,9,0,1,0,8,0,18,7,0,20,15,0,21,5,0,1,0,0,0,0,0,13,0,0,0,0,0,4,0,5,9,11,0,0,0,6,0,14,0,19,0,23,0,19,16,17,0,0,0,16,0,0,0,6,0,12,6,2,10,0,18,0,1,2,13,1,0,0,11,0,0,2,19,15,0,0,0,0,0,8,18,11,12,0,0,2,24,3,8,6,14,0,0,5,7,0,20,0,0,0,12,0,0,23,0,0,0,0,0,1,0,0,6,15,1,0,8,0,0,6,0,0,8,2,0,0,13,0,5,1,0,0,0,11,22,11,32,0,0,5,0,0,44,174,244,255,51,7,14,0,0,5,0,0,0,25,1,11,0,19,9,0,4,0,139,130,13,0,0,118,222,255,239,255,204,2,8,4,0,0,0,4,0,2,0,1,8,0,18,22,0,0,142,225,211,28,189,251,203,146,125,199,246,0,5,5,0,31,0,0,13,0,9,0,7,5,10,6,8,20,42,237,247,248,138,52,2,0,23,229,153,0,0,0,0,22,0,0,6,0,14,8,7,0,0,5,21,16,15,22,250,255,130,0,0,0,139,255,151,0,0,0,0,19,0,2,30,0,0,0,1,0,13,0,0,10,15,0,50,238,237,107,0,36,227,221,1,6,0,4,1,9,4,0,0,15,0,6,0,0,0,0,12,27,0,0,0,62,221,242,92,178,234,90,0,20,1,0,0,26,0,0,12,0,0,0,6,5,14,0,0,9,0,6,16,4,114,255,247,243,238,13,0,2,19,21,15,7,5,9,0,3,0,0,0,7,0,10,2,3,0,3,6,14,0,199,254,244,73,5,0,4,0,14,13,3,27,3,0,0,4,0,7,17,0,10,0,0,0,35,0,0,122,249,248,250,147,10,8,0,0,20,9,0,0,0,3,0,0,0,0,12,15,16,6,0,2,0,10,116,255,227,167,189,222,101,0,2,0,0,4,2,0,0,0,4,0,0,4,1,0,7,2,0,13,23,29,230,252,107,4,6,221,186,0,20,0,0,0,0,0,10,3,0,5,0,31,18,0,4,0,0,10,9,188,244,167,21,4,0,116,236,92,3,0,0,13,11,19,0,0,8,6,5,10,13,0,21,0,15,6,80,255,146,25,0,2,0,19,207,179,0,0,6,0,0,14,1,0,0,22,5,0,0,0,16,7,0,0,203,255,56,0,0,0,0,0,112,235,0,0,0,0,0,0,0,5,2,0,0,0,0,4,1,24,0,19,246,150,0,0,4,23,10,0,59,244,79,0,0,3,0,12,0,1,21,8,0,0,0,0,6,0,0,25,235,106,16,7,0,0,29,0,205,222,0,0,27,20,15,22,0,11,0,9,15,2,16,5,24,22,7,0,163,211,13,0,10,21,45,164,224,156,2,0,1,5,0,0,15,22,10,0,0,15,7,3,0,15,0,0,21,162,239,152,166,225,255,215,116,28,0,12,0,4,11,11,10,0,15,3,0,0,40,0,0,6,3,0,2,16,106,155,180,152,54,12,0,11,0,0,0,16,0,13,0,7,0,0,2,13,0,6,0,18,0,0,12,4,8,4,0,10,0,0,0,8,11,9,11,0,7,0,0,15,0,15,0,0,0,0,0,0,0,2,0,18,0,0,0,19,7,0,0,0,7,4,12,0,10,0,0,12,13,0,7,0,0,0,24,6,13,7,0,1,6,20,5,2,16,4,12,0,5,3,0,0,8,24,0,0,11
0,0,6,0,0,14,23,0,13,0,0,2,30,0,14,0,3,0,17,0,0,0,0,0,11,12,0,0,5,6,0,0,2,0,11,0,17,5,0,6,8,17,0,0,9,0,1,0,0,3,0,23,38,0,0,0,0,0,0,23,0,0,6,0,0,3,0,0,0,0,17,0,0,13,10,0,10,22,0,0,0,22,7,2,17,0,7,0,42,3,0,3,0,9,0,20,17,0,7,0,19,0,0,10,5,0,8,7,2,4,22,0,2,2,0,15,0,0,0,0,39,39,7,0,12,17,8,9,9,0,0,1,13,5,5,0,0,1,26,12,0,0,0,0,6,154,199,255,255,240,245,222,230,179,111,45,9,7,16,0,0,0,0,1,29,0,0,0,12,17,0,0,186,255,250,214,196,204,197,199,245,251,255,246,143,87,7,19,7,0,8,17,6,0,5,31,0,8,0,5,110,252,57,0,25,3,16,6,26,54,111,114,220,230,198,29,0,0,16,0,7,0,27,0,0,15,0,5,0,80,22,0,12,3,3,19,5,0,14,10,15,131,237,168,20,0,0,13,3,0,0,11,0,12,0,0,0,0,19,10,0,0,3,0,0,8,3,29,34,121,255,195,0,13,0,3,9,0,0,0,16,0,0,10,0,17,0,0,2,0,2,0,6,68,150,167,245,255,182,78,15,0,20,0,0,8,8,0,11,12,0,0,5,0,0,0,56,158,223,188,214,238,246,182,185,85,26,16,6,24,0,0,9,0,0,6,12,4,16,0,8,14,0,0,212,253,246,255,237,249,124,12,4,0,2,0,0,0,15,31,18,0,17,7,0,0,7,0,0,0,0,0,95,174,220,233,244,243,245,255,180,66,1,0,0,22,0,9,5,7,0,0,20,0,0,0,17,3,2,16,5,0,0,22,25,83,153,203,250,243,216,72,13,0,1,24,13,0,0,12,9,0,0,0,17,0,5,0,0,13,18,2,0,0,0,27,74,187,255,243,178,3,0,0,18,9,4,14,14,9,0,15,20,204,119,6,2,0,0,0,0,0,16,6,1,1,73,232,255,211,34,0,0,14,0,0,0,0,0,0,83,250,65,0,0,7,0,0,14,0,5,0,0,9,7,21,163,255,205,29,0,0,6,0,0,0,0,0,63,234,247,85,28,4,6,0,0,0,0,0,6,14,6,0,0,136,255,181,24,0,0,14,3,0,1,0,0,89,255,253,204,84,10,0,8,20,4,11,1,27,0,0,4,0,210,244,0,0,0,0,12,0,11,20,8,4,29,127,236,255,200,162,82,70,35,22,8,0,0,0,0,95,246,255,0,0,10,0,0,0,0,0,0,0,0,0,26,157,203,255,255,231,255,235,207,199,153,195,204,253,244,67,0,20,10,0,0,0,0,0,0,10,5,5,0,2,6,40,130,121,163,131,173,210,216,203,208,135,42,0,20,28,13,9,0,13,9,0,6,3,0,0,14,34,0,0,22,16,0,0,0,18,5,25,8,15,18,0,0,18,0,5,6,1,13,30,0,0,18,0,0,0,2,1,2,10,7,10,5,0,1,14,28,3,0,15,0,9,4,7,15,22,33,0,0,0,0,15,0,0,3,0,4,11,12,0,0,18,12,3,0,0,26,19,1,0,0,5,0,3,0,0,0,0,0,0,5,5,0,0,20,0,0,2,0,0,25,4,33,11,0,8,0,4,8,0,0,0,7,8,2,0,0,0,9,15,8,0,0,0,0,0,0,15,0,0,0,0,1,0,9,0,4,0
5,0,16,0,0,3,0,0,0,3,0,0,0,5,18,6,0,8,0,0,13,0,0,0,11,23,0,15,0,12,3,10,0,36,17,0,17,12,0,0,0,6,0,0,15,0,4,0,0,18,3,21,0,0,0,0,0,0,0,13,0,0,0,0,0,6,0,0,0,8,18,23,7,0,3,0,0,0,0,0,15,10,0,28,0,0,0,0,1,7,0,0,0,0,0,0,9,0,25,0,7,0,5,0,17,0,0,8,6,0,26,10,0,0,0,0,0,6,0,2,18,7,13,0,3,0,0,0,0,16,0,4,9,17,0,16,11,0,0,25,0,0,16,8,0,0,0,11,11,0,10,21,0,0,9,0,0,13,189,255,122,0,3,0,11,8,19,5,0,1,0,0,0,0,1,0,0,4,17,10,0,13,30,48,41,2,91,250,221,1,16,0,0,15,18,7,0,0,0,8,0,0,0,2,0,0,0,1,85,170,255,255,255,129,0,151,238,22,3,7,0,0,23,12,2,0,0,0,9,0,0,0,4,31,143,231,237,243,238,249,208,87,12,197,208,60,19,11,8,0,2,0,0,6,0,0,8,0,0,21,122,233,249,252,91,163,61,88,31,10,91,248,112,0,29,0,0,0,0,0,0,0,0,14,0,10,11,154,250,255,230,119,0,12,13,0,24,54,215,106,23,0,14,0,0,8,0,16,3,0,0,5,25,0,55,228,255,142,17,0,10,4,0,21,53,227,169,0,0,29,20,4,0,4,9,0,9,0,6,5,0,0,96,255,193,0,29,0,7,11,2,11,102,222,39,0,0,0,2,0,1,12,6,0,15,14,0,0,6,10,88,255,200,38,11,0,0,19,0,13,213,110,0,0,10,0,8,0,0,11,20,0,11,0,9,6,0,0,13,195,240,217,49,0,0,7,22,17,213,15,0,0,20,8,17,0,0,0,14,0,0,0,22,2,22,0,3,16,139,234,240,146,45,0,6,184,241,7,6,0,9,0,18,3,1,0,0,10,2,10,2,21,7,12,0,0,14,51,218,236,240,191,133,244,142,1,4,15,7,14,15,0,4,17,6,0,0,0,0,0,9,0,11,0,0,7,9,151,235,255,255,253,170,22,0,20,0,0,0,7,28,0,0,1,0,0,0,0,12,0,0,21,0,19,0,0,50,219,241,245,255,149,22,11,14,0,0,0,0,0,11,0,0,0,0,8,0,4,2,0,0,20,1,0,125,227,205,76,191,255,53,31,10,0,5,0,0,0,0,3,0,0,5,0,0,5,15,13,0,8,13,19,225,255,39,13,49,255,66,1,0,24,0,4,0,4,0,0,0,0,21,14,0,21,8,0,1,13,0,167,255,180,11,22,233,168,10,0,0,0,0,2,13,0,18,12,0,0,0,0,7,7,0,16,1,14,0,105,247,152,7,193,255,49,13,0,21,29,0,3,0,2,5,0,4,8,6,0,17,0,5,7,10,0,7,3,237,251,243,255,167,15,15,0,0,1,0,17,0,24,6,15,10,24,13,0,0,17,0,0,4,15,0,2,36,223,240,99,0,0,0,14,2,0,0,5,1,0,7,0,0,7,2,0,0,0,0,13,1,0,0,0,0,28,0,0,0,0,9,2,1,0,16,3,0,0,9,2,0,0,0,0,0,0,0,9,9,19,0,0,0,18,1,0,3,0,0,8,21,0,9,6,1,0,16,4,0,10,0,0,11,0,0,5,0,0,0,14,12,0,8,0,0,0,23,3,6,14,0,0,6,3,0,0
10,9,0,0,0,0,0,8,0,15,0,0,11,14,0,0,2,0,0,3,2,0,2,22,0,0,0,5,2,20,19,0,0,39,0,0,5,10,4,0,10,0,0,19,0,2,0,6,16,0,1,0,0,23,0,0,0,0,3,0,0,0,0,8,6,10,16,30,0,0,3,0,7,0,0,0,21,1,6,20,6,13,11,0,0,12,7,2,15,0,0,3,0,0,0,0,13,0,20,2,4,0,0,0,0,0,0,4,0,8,0,0,0,10,0,5,18,2,4,0,0,0,13,0,2,11,17,0,0,0,11,2,7,15,0,17,2,4,0,5,8,0,13,4,8,0,12,16,0,9,0,4,124,134,218,239,242,255,255,159,54,0,0,0,8,0,0,0,0,13,3,8,11,31,30,0,25,5,116,210,255,242,224,250,217,223,248,255,197,0,2,0,0,15,1,13,0,0,0,0,0,0,0,0,0,149,246,255,207,124,111,47,0,0,127,231,202,2,8,0,0,10,23,0,6,0,5,3,2,0,0,0,111,244,233,76,3,9,0,0,0,6,215,255,66,16,12,0,1,0,0,8,0,0,17,0,13,15,11,0,126,255,241,0,12,0,0,0,10,101,253,255,33,3,14,0,0,4,14,0,0,0,0,0,0,12,0,8,60,240,156,0,11,0,12,0,29,218,255,86,5,0,0,11,3,0,0,19,9,0,5,3,0,17,0,0,4,18,7,9,0,0,1,6,98,255,234,24,16,0,6,0,0,2,0,0,0,0,0,20,0,0,9,18,22,2,9,0,36,1,8,97,246,255,97,7,0,0,0,13,0,0,0,14,0,9,11,0,6,0,0,9,0,0,0,2,0,0,15,255,255,103,12,0,13,11,0,0,15,27,2,0,0,0,8,0,0,0,3,6,0,3,0,12,0,0,152,247,197,16,14,11,7,18,0,6,0,9,0,8,18,15,0,0,6,0,3,27,0,0,7,0,0,117,222,180,18,5,11,0,0,17,0,0,13,13,0,11,0,0,20,5,0,0,0,18,17,9,0,0,61,197,237,87,0,9,9,7,3,36,17,1,0,21,0,0,0,0,0,1,4,6,0,0,0,0,7,24,226,255,147,3,0,0,12,85,184,154,127,0,0,5,0,0,0,0,8,13,0,13,0,0,0,17,26,207,255,167,20,26,105,162,255,255,196,40,0,14,0,11,12,0,8,12,4,4,8,0,0,0,0,0,192,255,226,44,145,233,245,231,168,34,0,0,0,0,0,0,14,15,15,0,0,0,0,13,0,1,0,0,220,255,253,255,255,250,128,23,21,0,0,0,0,7,11,2,6,8,0,0,24,30,10,20,11,14,10,137,254,253,242,235,139,0,0,0,10,9,1,5,0,0,0,0,14,0,5,2,0,0,11,0,0,27,163,254,246,197,90,26,4,0,0,10,0,0,0,13,33,20,4,11,0,0,0,1,12,35,3,0,27,214,242,251,103,20,0,1,0,1,9,8,0,11,10,4,0,8,15,0,17,0,0,0,0,0,12,5,0,188,225,69,0,7,0,19,21,18,0,0,1,0,1,0,13,21,10,12,16,0,12,0,0,21,0,2,4,4,0,10,19,0,4,0,3,2,5,0,0,6,0,1,18,8,0,4,0,24,4,17,2,2,9,0,7,7,16,0,0,5,0,0,1,5,0,0,0,6,0,0,10,13,0,0,0,0,0,12,14,0,22,0,0,3,0,0,0,0,20,19,8,10,3,0,3,3,0,13,1,16,2,0,36,10
0,0,13,7,12,17,4,5,0,6,11,0,1,4,0,0,0,7,2,30,7,0,0,1,0,0,9,14,0,2,0,2,6,6,0,3,0,0,4,24,5,0,18,3,0,12,7,0,0,0,0,22,0,0,0,9,6,0,10,12,14,7,2,6,0,21,1,0,0,0,1,11,0,15,0,0,11,14,11,10,14,0,0,0,16,0,0,23,0,0,0,14,0,1,9,2,0,0,0,0,10,0,3,3,0,1,0,4,0,0,0,3,13,8,16,0,0,0,8,0,0,1,16,0,14,0,0,1,9,0,1,12,1,14,0,0,0,0,8,2,0,0,8,0,0,0,95,176,255,14,22,0,5,3,95,251,214,36,0,0,0,0,0,4,0,6,28,3,0,0,0,27,0,85,210,253,255,109,20,0,15,1,116,255,253,64,0,9,9,7,0,24,0,0,25,15,17,1,0,10,11,86,249,236,235,105,0,0,6,0,109,221,243,194,31,2,0,17,0,21,26,4,1,16,6,0,29,1,0,92,255,241,255,18,0,22,0,9,41,252,251,229,119,0,14,0,6,0,0,10,12,0,0,15,3,16,2,61,255,235,255,0,0,25,12,25,12,158,251,255,200,14,20,0,12,0,34,14,0,33,0,10,0,0,0,58,255,226,225,17,8,0,0,0,0,76,232,246,236,0,0,3,0,0,2,11,5,18,0,18,0,0,5,75,244,222,237,3,11,0,0,0,29,83,255,240,249,147,31,0,0,0,0,0,13,11,0,12,0,0,27,214,255,255,255,13,0,2,12,0,0,30,193,252,236,255,25,0,13,1,3,10,0,15,2,2,0,13,119,255,240,230,240,38,60,184,148,163,122,2,170,234,242,255,140,9,0,0,0,14,11,8,0,0,20,0,114,255,233,254,255,234,255,227,246,228,255,208,90,249,255,233,165,0,0,0,10,0,4,0,0,21,0,10,67,245,247,255,254,251,255,251,253,247,255,255,255,255,235,252,177,19,15,23,0,9,5,0,0,5,0,0,0,119,254,233,255,255,167,159,135,109,234,254,239,255,248,242,158,0,0,10,11,13,1,0,0,0,11,13,0,17,55,52,51,91,13,15,0,1,56,48,73,183,255,251,225,75,18,6,14,0,12,5,3,14,0,2,2,0,0,0,0,1,11,0,10,0,13,12,0,94,255,244,247,201,29,0,6,0,0,0,0,0,18,9,8,4,2,0,16,4,14,0,0,32,0,0,6,6,184,249,231,242,69,0,0,0,22,0,0,0,0,0,13,0,1,0,2,10,4,12,0,5,2,13,0,1,73,255,246,255,76,22,0,0,3,0,22,11,0,17,11,0,0,0,32,4,18,0,14,0,0,7,11,6,0,244,254,255,89,0,3,7,19,0,31,0,28,14,1,10,8,0,0,16,22,0,0,6,20,0,15,0,4,247,255,248,103,10,25,0,0,7,0,0,0,0,17,8,13,5,4,5,1,1,0,0,0,12,26,13,1,237,246,255,205,0,6,6,3,21,0,0,0,3,3,3,12,0,10,0,0,1,0,20,0,0,11,6,0,61,183,236,76,0,0,0,19,0,12,0,0,0,0,0,8,0,0,0,11,0,0,3,15,5,0,0,13,6,10,0,4,0,15,0,17,0,0,15,4,10,0,0,1,11,6,6,28,0,4,0,0,0,0,20,12,0,0,11,3,0,9,0,0,15,7,31,0,0,0,16,13,0,0,0,0,0,3,0,13,8,0,0,0,8,15,4,7,0,10,1,0,20
5,4,0,0,0,0,0,0,18,7,0,18,12,16,0,31,0,13,9,0,0,23,0,9,0,0,16,5,4,0,17,0,0,25,0,7,5,0,25,0,0,0,0,0,0,0,0,0,0,0,11,10,0,0,0,0,0,16,10,0,9,15,1,4,11,17,7,22,8,24,0,0,0,0,0,2,0,21,0,3,0,12,0,0,14,0,28,3,1,0,0,0,5,0,0,0,0,0,1,0,0,0,22,15,9,22,0,0,0,0,0,5,7,0,0,0,5,30,6,0,0,4,7,49,161,131,140,41,64,17,0,16,0,9,1,0,0,0,7,0,0,0,1,8,0,2,7,0,0,161,252,243,246,255,254,255,255,255,127,18,0,20,0,0,0,0,16,6,0,17,16,11,0,13,0,32,2,225,243,255,255,255,241,255,237,244,250,25,0,0,5,0,7,0,0,12,0,12,0,7,0,0,2,0,39,255,241,249,246,222,235,236,241,232,78,0,7,7,1,5,0,0,0,3,4,0,9,5,4,6,14,13,216,245,255,228,152,20,0,0,67,66,7,0,0,0,0,0,0,7,4,0,7,0,1,0,0,0,0,15,255,255,255,255,87,7,0,0,0,8,0,0,0,15,0,12,4,1,0,0,0,0,19,0,0,9,0,113,255,255,255,255,129,18,18,56,162,173,177,166,52,2,0,19,11,39,4,15,0,0,0,23,0,24,6,246,255,254,255,255,243,204,255,239,255,255,255,255,254,138,0,0,12,0,20,0,8,0,0,0,1,0,23,235,238,246,228,245,255,243,237,255,255,255,255,255,255,251,107,14,0,7,0,17,5,6,0,1,0,0,20,255,249,237,230,253,244,247,255,243,188,193,168,239,255,244,120,14,3,18,0,0,9,8,0,12,8,0,3,233,255,242,255,253,231,171,146,45,0,0,27,215,251,255,142,0,9,0,0,0,39,0,5,0,7,0,9,38,250,255,251,176,50,0,0,0,19,13,0,209,255,255,141,0,0,0,0,0,11,0,4,3,9,0,11,45,122,163,161,5,2,0,3,0,2,10,51,242,255,244,91,11,1,0,4,0,0,12,0,3,13,0,0,4,30,39,0,6,1,3,0,0,0,8,191,255,245,250,0,0,0,0,15,0,7,7,16,29,1,0,16,13,154,237,137,13,0,0,0,6,0,35,206,245,233,225,11,26,22,11,6,0,0,0,0,0,0,0,14,0,227,255,235,122,14,0,0,0,28,210,255,255,255,39,1,9,3,0,0,0,0,2,14,0,5,8,0,0,154,255,252,255,250,237,233,220,241,255,255,255,210,15,4,0,0,0,0,0,6,0,0,0,0,14,0,14,87,255,248,255,225,255,255,235,255,255,255,247,46,2,0,0,0,8,0,4,7,0,21,0,0,0,24,0,0,45,152,255,255,235,234,255,255,255,255,109,28,5,0,0,4,0,0,14,0,32,0,0,0,0,0,0,4,11,0,0,79,172,238,224,126,124,51,1,0,3,20,3,8,0,4,0,6,0,0,7,6,0,0,0,4,13,0,8,0,2,5,7,0,0,4,0,0,0,0,7,11,0,6,0,0,0,11,14,3,0,4,3,0,0,0,0,0,0,0,0,0,0,0,6,0,0,0,0,30,0,0,0,0,0,10,0,0,0,26,0,0,22,4,0,0,0,0,0,0,29,0,0,9,8,0,5,0,0,3,11,21,9,0,12,0,0,0,20,0,0,2,29,0,2,2,0,0,3,18,0,0,8,5,8,0,0,0,0
0,10,0,3,0,0,15,0,0,0,0,0,0,10,1,0,0,12,0,11,0,0,0,15,8,12,0,25,0,1,0,0,0,0,0,0,2,0,17,0,0,0,17,16,6,0,11,1,14,7,12,0,4,28,0,0,0,37,6,0,0,0,6,12,2,3,0,5,23,0,29,25,7,0,0,10,6,0,0,25,10,1,0,1,8,6,12,15,25,1,0,21,0,0,0,15,17,0,12,0,0,5,0,16,0,0,0,12,13,24,0,12,0,10,0,4,0,0,5,0,0,0,17,0,10,0,13,1,0,18,0,7,0,0,0,0,3,10,0,0,18,0,12,0,5,0,9,5,0,0,7,0,76,116,255,248,255,108,60,26,3,0,3,0,0,0,10,5,0,0,2,0,0,0,0,0,0,0,6,133,237,251,235,247,255,246,255,54,9,0,22,12,1,0,1,7,0,15,3,6,2,0,0,0,15,0,211,255,255,250,247,255,229,245,255,190,14,1,0,10,0,0,3,0,26,2,0,2,0,12,0,0,0,118,246,255,255,255,255,249,255,237,240,182,0,0,0,4,16,12,22,0,0,8,2,0,0,0,20,0,69,228,242,248,255,78,129,246,247,255,255,179,0,13,0,0,23,0,0,0,9,0,22,0,0,0,6,0,255,246,255,191,0,0,5,0,183,240,255,253,70,6,9,0,10,0,1,0,0,7,4,0,9,10,0,195,244,255,244,6,8,13,2,0,0,182,249,255,255,0,0,14,0,0,0,0,5,9,14,2,7,5,46,255,255,246,197,10,4,0,0,36,0,14,206,255,255,147,0,14,11,11,0,5,0,14,4,13,0,0,130,255,241,169,0,10,17,0,11,0,10,0,67,255,255,119,0,0,0,10,0,0,12,0,8,0,0,17,182,239,227,137,0,6,0,2,0,0,0,0,32,195,240,206,11,0,2,2,7,3,0,14,0,18,7,3,238,254,255,17,18,0,0,0,0,9,24,0,0,117,246,242,18,0,0,19,9,5,19,15,0,2,0,16,245,249,175,12,9,0,6,7,0,0,0,19,0,121,249,255,5,0,0,0,1,13,0,0,0,20,1,0,255,252,150,15,19,0,16,0,4,0,10,0,11,121,255,247,21,2,0,0,0,0,16,15,8,3,0,0,255,255,127,4,1,0,9,0,0,22,0,1,0,192,241,255,0,0,11,9,1,6,13,20,0,0,0,10,183,235,187,6,0,0,3,0,11,14,0,17,82,252,231,237,0,0,17,26,0,1,0,11,0,22,0,0,118,255,241,131,0,14,0,9,12,0,0,22,183,255,246,123,12,0,1,5,2,0,0,31,28,0,0,2,59,188,234,253,105,154,0,0,29,54,193,255,255,253,249,57,0,0,30,8,10,0,0,0,0,0,3,0,3,54,255,243,255,255,248,255,255,246,255,255,255,255,0,6,0,9,0,11,0,0,3,0,7,2,0,7,0,0,52,102,254,235,255,255,250,244,255,255,182,64,16,0,23,21,10,0,3,0,22,19,4,0,0,27,0,0,6,0,7,139,189,197,124,97,128,7,13,0,0,0,0,6,15,0,0,8,2,0,0,29,0,12,0,0,10,0,0,0,0,0,7,4,9,0,0,0,8,14,0,0,24,0,0,0,0,8,12,19,0,4,0,0,0,11,0,10,0,0,0,1,0,13,5,0,16,0,0,0,0,0,1,0,0,8,0,9,0,0,3,32,0,0,0,0,0,0,13,0,0,4,7,19,0,0,0,1,6,9,0,0
2,11,0,0,0,0,16,5,0,0,0,0,6,5,0,0,6,1,5,0,7,0,3,5,1,12,12,4,0,23,26,3,0,0,0,3,16,25,0,5,0,4,11,6,0,1,0,1,16,12,0,0,9,26,0,6,0,0,16,0,0,0,1,0,0,0,13,17,5,1,0,0,0,0,6,0,0,2,9,26,0,0,10,0,8,3,0,4,16,14,6,0,0,0,0,0,5,0,0,0,20,6,0,0,23,3,0,0,5,2,0,16,0,0,1,0,0,5,0,5,5,8,17,131,254,251,255,225,105,8,0,0,8,2,1,7,3,0,11,0,6,5,0,6,0,0,13,0,15,105,229,255,247,246,231,245,255,56,0,3,0,0,0,0,8,25,0,14,0,4,0,14,4,0,8,15,140,255,249,210,126,10,0,245,246,91,0,0,0,0,13,12,0,0,0,0,11,0,7,13,9,0,12,58,255,245,126,10,9,9,0,252,255,74,15,0,4,3,12,0,18,0,0,0,0,0,15,0,13,8,13,192,241,103,1,0,0,2,0,255,253,50,4,22,14,5,1,0,3,10,2,0,9,0,8,18,0,0,33,182,220,13,6,22,0,14,88,251,255,33,0,0,1,8,0,20,7,14,0,0,0,2,1,0,0,0,17,40,87,7,0,0,0,33,208,245,244,38,0,2,11,0,0,0,0,3,0,0,8,0,0,0,0,33,0,17,7,0,0,0,54,252,246,254,228,152,0,0,0,14,4,0,0,0,0,18,0,18,0,0,0,0,11,0,0,0,9,7,212,255,243,180,250,255,222,125,14,0,0,0,0,2,0,0,2,3,0,2,8,0,0,16,5,31,7,44,255,255,160,1,47,192,255,255,160,33,18,3,0,0,0,0,0,22,0,0,5,3,0,9,0,0,0,13,255,158,18,0,0,51,167,255,255,74,11,7,0,10,2,32,1,0,0,6,0,0,8,0,0,0,1,0,8,0,0,0,1,0,0,92,243,64,0,0,0,6,0,1,0,0,0,25,9,4,4,30,10,4,0,30,12,0,16,0,16,0,0,80,255,82,12,0,0,1,0,0,16,0,30,1,0,10,24,6,154,107,41,18,0,0,10,0,0,0,13,106,255,56,3,13,0,11,20,0,14,0,0,0,15,17,0,15,249,255,58,0,0,0,4,0,0,0,2,232,253,50,0,23,0,8,13,0,6,0,8,0,1,0,0,74,244,255,91,0,0,0,2,0,9,78,165,237,247,11,12,0,0,4,18,0,0,0,0,5,2,6,9,193,255,255,217,150,129,142,134,74,148,255,253,243,126,27,15,0,2,18,4,0,16,6,5,6,5,0,0,46,232,245,255,255,255,255,242,255,228,250,249,68,0,0,12,0,0,0,13,20,1,21,0,2,9,0,2,0,105,230,248,254,255,255,255,249,246,200,23,0,0,42,12,0,0,2,17,13,0,0,4,0,8,0,0,0,10,96,150,193,220,234,152,90,85,33,0,0,0,0,1,0,0,0,0,0,0,5,0,0,18,23,0,0,0,3,0,7,4,0,0,0,7,4,0,0,0,6,14,0,6,4,2,8,0,2,0,9,25,6,11,14,0,0,6,5,0,0,9,0,0,0,18,0,0,8,18,12,0,0,0,6,2,25,17,0,10,28,7,14,12,0,0,6,5,0,23,0,0,0,0,0,41,1,0,0,10,0,17,0,1,16,5,19,0,1,16,0,0,6,16,6,0,13,25,0,6,7,0,0,11,0,10,8,3,5,0,3
14,0,0,0,0,0,0,0,0,4,0,0,3,0,12,0,12,0,0,0,0,0,0,7,3,0,0,10,17,21,23,0,0,17,0,16,24,18,0,5,1,0,0,0,1,8,0,1,0,0,22,3,3,4,0,23,33,0,0,4,6,13,8,7,0,9,16,0,24,16,20,5,3,0,0,10,16,20,0,7,0,0,14,0,0,19,4,0,0,18,18,12,1,3,0,0,0,0,22,6,0,0,0,0,28,0,0,0,0,14,0,18,3,0,3,0,0,0,0,0,0,25,0,0,0,21,0,15,7,0,13,1,12,2,1,0,7,3,0,0,8,0,0,0,0,0,10,0,10,7,15,19,0,0,11,102,145,255,130,0,0,1,0,0,0,3,0,0,2,0,0,5,0,0,15,0,15,0,5,5,0,7,209,255,249,188,23,0,20,17,0,0,0,16,10,0,0,0,13,0,25,3,0,8,0,6,6,0,16,181,255,238,74,22,7,9,0,0,0,0,7,16,0,0,0,0,10,3,20,3,2,2,9,5,6,0,18,225,243,218,0,5,22,0,2,0,0,20,0,1,0,0,25,0,0,1,21,5,3,23,0,1,3,0,47,243,232,75,0,0,0,4,3,0,0,0,1,3,18,0,0,0,0,0,0,0,0,6,0,0,4,8,26,255,225,100,0,17,0,0,27,0,20,0,0,11,13,10,18,12,11,0,0,0,0,0,6,0,22,4,20,238,255,109,0,0,17,8,6,10,17,7,0,0,0,0,0,5,0,0,2,0,26,4,0,0,12,3,47,255,245,154,18,0,0,24,0,0,0,10,3,15,8,4,0,0,0,0,9,18,0,0,3,6,6,0,23,251,255,255,0,10,17,0,0,0,0,0,17,0,0,0,0,4,0,5,0,0,8,4,15,0,0,14,36,255,255,239,0,0,0,0,24,5,0,34,4,5,12,0,9,0,3,0,21,0,12,0,0,2,0,18,17,255,255,250,0,0,0,0,0,0,0,0,0,0,0,16,19,22,11,13,0,3,0,0,8,0,3,0,28,255,239,255,120,0,6,18,0,3,0,6,0,0,0,12,5,15,1,11,15,9,20,30,0,0,10,0,38,251,242,237,167,0,2,12,0,6,12,16,14,0,0,0,0,0,19,0,23,6,0,0,0,2,0,4,10,225,255,253,140,0,0,0,6,0,12,0,0,0,8,19,6,10,0,18,12,12,0,12,8,0,0,0,20,119,255,255,159,0,0,9,1,27,0,14,0,15,7,14,0,13,0,6,7,0,0,12,0,10,0,17,1,151,255,240,165,0,9,0,0,6,0,3,0,0,1,28,3,15,12,15,10,34,0,0,0,0,0,5,0,38,217,255,161,0,9,16,0,1,0,13,0,21,0,23,10,0,0,0,13,0,9,4,16,0,6,0,8,0,245,237,179,9,5,0,10,0,0,16,1,22,19,0,13,0,0,0,5,6,0,0,10,23,0,0,14,0,93,241,228,38,16,0,12,0,0,0,0,1,6,11,12,0,0,0,0,0,16,8,2,5,0,16,0,0,80,245,255,181,0,0,7,0,9,16,4,16,0,4,10,0,0,0,20,30,0,28,18,44,18,3,7,0,0,0,5,0,0,0,0,0,15,0,0,0,0,0,0,13,0,5,0,0,15,5,14,23,0,22,0,5,0,4,0,5,0,0,4,4,29,12,0,0,0,0,0,4,0,25,16,0,0,4,0,10,19,7,0,1,7,0,0,24,0,4,8,0,0,0,0,7,7,5
9,0,0,20,0,2,23,3,11,3,7,2,7,0,0,19,0,0,0,0,0,7,0,20,0,0,1,0,0,13,0,1,7,12,37,0,0,6,26,0,8,5,15,0,0,0,0,0,0,11,3,0,0,3,3,7,4,13,7,4,0,0,8,7,27,0,0,0,0,0,9,0,0,1,12,6,0,3,8,24,22,0,2,0,12,0,0,4,1,7,0,12,1,0,0,6,17,8,12,20,0,0,11,7,0,16,0,0,8,3,0,0,0,0,19,0,0,0,0,0,2,22,13,11,0,12,4,0,0,8,0,0,0,3,10,13,26,0,0,7,0,1,5,13,3,0,0,12,0,21,0,0,0,18,4,0,1,0,16,0,0,0,0,8,8,10,25,8,0,2,0,0,30,0,0,0,6,0,11,6,0,0,3,25,0,0,3,1,0,0,10,0,0,0,0,0,0,0,0,2,2,0,19,0,22,4,9,19,0,0,5,0,7,9,8,25,0,0,0,6,0,0,0,0,0,0,0,13,0,0,3,0,0,0,27,22,56,44,126,149,188,232,213,29,0,0,0,0,27,0,0,0,5,14,0,93,178,198,202,193,197,188,235,244,249,250,255,243,247,249,242,92,0,12,0,9,22,0,0,0,0,0,62,255,242,255,227,255,255,251,243,205,227,224,97,117,191,255,238,108,0,0,7,3,0,27,16,0,4,0,12,169,255,255,255,252,229,116,65,1,33,16,0,0,84,251,255,75,0,0,0,13,2,16,0,0,0,13,0,0,0,0,0,67,90,15,16,25,10,13,8,16,91,255,226,0,5,4,4,0,0,26,0,11,0,16,0,0,0,0,4,0,13,6,26,0,10,0,0,0,156,255,255,22,0,0,12,0,0,0,0,0,6,0,0,0,0,3,0,0,0,7,10,16,11,0,0,2,182,253,255,0,7,0,14,0,6,7,39,0,15,0,0,13,0,22,0,11,10,5,12,0,4,18,0,26,217,252,255,0,0,12,17,14,0,0,0,0,6,8,0,13,0,24,11,4,0,7,0,0,0,18,0,4,212,249,217,26,0,0,0,15,7,0,4,0,27,29,0,0,0,0,0,4,0,6,12,0,0,1,0,0,190,255,238,0,2,0,0,10,16,25,8,0,0,6,0,11,14,0,5,0,20,5,0,11,0,22,14,2,229,255,195,10,0,0,5,0,0,0,0,0,0,0,18,6,0,0,15,9,2,6,0,0,0,14,4,45,235,222,111,0,0,0,3,0,22,18,6,0,0,13,0,25,19,42,2,0,0,6,0,8,22,0,13,44,255,244,58,0,0,5,20,0,0,0,17,0,15,0,20,0,6,11,0,4,17,1,9,11,15,0,18,41,237,246,26,2,0,11,0,0,0,0,17,2,0,9,7,0,0,0,20,0,0,0,0,20,0,0,3,166,253,200,0,0,5,0,0,1,0,24,0,0,20,0,0,14,2,0,0,0,0,3,0,0,10,0,60,240,255,214,2,0,2,0,0,0,1,0,0,0,5,9,9,0,0,0,24,29,0,12,0,5,2,0,83,250,255,78,0,0,4,15,0,0,0,2,29,5,7,25,0,18,0,15,16,0,0,6,0,4,0,6,70,246,248,111,0,0,0,0,0,0,0,0,0,0,0,0,0,13,23,0,0,14,0,0,15,0,10,2,101,255,255,103,0,10,6,2,19,9,0,0,0,5,0,0,0,1,0,0,1,0,0,1,0,20,4,0,14,203,176,10,4,0,0,11,0,4,0,20,0,0
15,0,0,17,8,0,2,6,0,0,2,0,0,12,17,0,0,16,5,24,22,18,16,0,9,0,0,0,0,1,0,4,12,0,0,13,0,25,0,7,0,4,7,22,19,14,8,18,0,0,0,14,1,0,0,5,0,0,0,16,0,13,0,0,0,0,0,0,9,0,8,0,19,0,1,0,6,29,11,0,0,4,0,14,9,1,3,0,19,9,0,4,8,0,0,0,7,12,29,0,0,0,1,0,0,8,5,0,9,0,1,14,11,8,0,0,0,7,4,0,0,0,5,0,20,0,16,0,5,17,12,12,0,0,0,1,9,0,0,14,1,26,14,0,0,7,0,0,2,0,0,2,0,0,0,5,13,0,0,9,9,14,3,10,0,3,0,0,6,0,0,2,1,0,0,10,17,11,8,0,8,97,117,211,255,239,58,11,0,2,0,0,0,0,5,0,21,13,0,0,0,2,0,11,11,10,8,72,207,240,255,255,255,255,139,6,6,3,0,18,1,0,0,5,16,0,0,3,0,0,0,0,3,110,245,255,233,247,115,108,200,255,119,0,0,0,0,0,4,0,0,5,1,0,19,17,12,0,13,6,0,213,241,225,99,27,13,0,203,253,58,11,0,2,0,0,11,20,0,0,0,4,0,0,5,0,6,0,0,96,201,171,0,0,0,54,255,239,39,0,0,5,0,5,0,0,0,11,15,0,0,9,0,3,4,4,0,0,0,59,10,1,2,156,255,180,0,0,3,11,7,18,0,0,4,0,8,0,19,0,10,0,18,2,3,0,0,0,13,13,0,231,237,116,0,2,6,0,5,31,0,0,0,0,0,9,0,17,14,0,2,0,0,9,7,0,9,4,59,255,244,25,0,9,21,12,12,0,0,19,0,0,4,18,13,14,2,0,0,0,11,0,12,7,9,0,202,254,148,0,5,0,11,0,1,8,0,7,0,0,0,8,17,0,0,4,11,13,13,0,22,11,0,27,231,242,57,0,34,12,8,0,5,0,0,0,0,13,6,0,2,0,6,0,7,0,0,0,15,0,1,158,224,194,5,0,8,8,0,6,13,0,1,14,0,0,14,0,0,0,17,5,0,18,20,11,9,0,0,245,255,121,26,31,16,7,0,14,0,0,0,19,11,1,2,8,16,0,0,5,0,5,13,13,0,0,83,255,226,0,0,5,3,19,0,0,11,12,0,0,21,0,0,0,7,9,0,0,0,0,16,14,7,0,118,254,243,0,0,3,0,0,0,1,8,15,10,0,34,0,0,11,0,7,10,0,0,0,0,8,5,3,142,250,176,23,0,0,8,0,23,7,0,14,0,0,0,5,4,24,4,0,11,0,0,0,15,0,0,17,201,255,75,27,25,17,26,0,14,0,17,0,0,0,0,0,0,0,1,11,0,0,11,0,0,0,0,45,253,255,165,0,0,0,13,7,0,0,3,5,0,4,16,2,3,19,20,6,0,18,0,0,0,0,16,92,254,255,109,0,0,0,0,11,7,9,0,0,0,0,0,4,0,0,3,0,19,0,14,7,0,0,0,139,243,255,31,8,3,20,17,0,0,8,3,0,11,14,2,18,0,0,0,0,0,0,0,0,0,30,6,127,255,163,0,0,2,0,0,0,0,29,0,0,0,29,3,0,2,3,14,4,0,6,0,0,0,0,3,13,16,0,0,4,9,0,6,9,0,0,11,11,0,11,0,0,0,15,0,0,0,0,22,23,19,0,0,0,0,9,0,0,0,7,0,0,10,0,0,27,4,19,0,0
0,0,8,4,0,11,0,6,0,0,0,7,18,0,4,2,7,6,11,13,0,0,0,1,19,8,0,0,5,2,2,0,0,0,6,17,7,0,0,8,0,12,22,15,1,0,0,2,13,0,1,0,0,8,9,12,2,6,13,5,1,0,3,1,4,0,0,1,12,3,9,0,0,0,0,0,0,0,5,0,3,0,0,24,8,1,13,0,4,2,0,15,0,8,15,0,0,12,0,6,0,0,4,0,9,1,0,1,0,6,0,0,7,4,0,0,5,0,0,0,4,0,0,0,1,0,44,20,0,0,0,5,0,13,0,6,10,12,0,0,3,0,0,0,0,0,8,0,11,0,0,2,0,27,6,0,4,10,0,18,0,0,0,17,7,8,17,0,0,0,0,7,12,4,8,31,194,255,232,211,93,3,35,36,65,109,94,100,103,122,127,19,1,24,0,12,4,0,0,0,44,18,51,182,255,255,255,243,243,233,216,220,241,243,255,249,255,255,255,65,0,4,10,7,0,0,0,0,0,0,66,247,255,248,225,250,255,255,245,247,253,255,255,243,247,204,70,33,0,14,0,0,0,0,0,11,4,6,34,131,255,254,250,255,255,255,238,227,248,249,255,238,103,0,0,4,0,0,0,4,5,0,7,9,13,0,1,0,90,221,246,252,255,234,244,247,255,153,0,6,0,5,15,3,3,0,0,32,0,9,10,0,2,0,0,0,0,105,248,250,255,233,255,255,255,237,150,19,20,31,2,0,0,4,13,14,2,0,0,0,17,0,0,0,7,211,239,249,240,255,255,241,255,246,245,66,0,0,5,0,0,14,0,0,0,12,1,7,0,9,19,1,0,255,255,244,247,255,246,248,242,255,251,234,8,12,1,19,6,0,9,0,0,4,0,5,0,18,0,0,0,108,255,255,237,231,121,48,202,255,255,254,102,13,0,17,22,4,0,2,0,0,6,6,7,11,0,0,12,20,165,180,98,9,0,0,25,255,236,237,93,0,0,6,0,16,0,12,8,0,17,33,5,9,0,0,7,0,1,20,0,0,8,24,0,255,244,247,121,0,14,0,0,0,11,0,2,6,9,0,0,0,16,11,0,5,2,0,21,0,12,0,5,255,243,255,221,0,3,0,11,7,25,0,7,2,0,6,27,0,0,3,8,31,0,27,0,0,23,0,0,244,255,253,251,0,0,7,0,0,0,0,3,11,0,2,0,0,13,0,14,87,82,24,0,7,0,14,0,245,229,246,246,5,10,0,6,0,0,9,0,0,0,0,22,23,24,17,122,255,254,99,2,9,30,30,128,248,255,237,138,0,0,0,4,0,16,0,8,0,0,0,2,31,0,0,139,244,255,232,0,0,0,176,249,255,255,247,105,8,0,11,8,0,0,0,7,4,34,12,0,0,0,0,139,240,255,244,112,182,244,246,255,255,255,149,0,0,0,11,1,17,0,1,0,11,0,12,0,5,2,2,148,250,244,255,250,254,255,239,255,215,116,0,13,0,0,39,8,0,11,5,0,0,6,7,11,0,5,26,39,218,244,233,229,255,236,241,228,30,1,1,1,0,0,0,0,0,13,0,0,0,1,0,8,11,3,9,13,10,114,255,216,239,114,83,0,13,0,11,0,0,5,0,0,0,5,0,0,0,1,0,0,5,0,0,13,0,5,0,0,4,0,12,0,0,0,17,0,0,10,10,0,16,12,13,0,0,19,0,0,0,0,0,0,20,0,12,35,2,2,0,13,16,0,0,0,0,0,0,12,1,0,0
0,0,0,0,15,0,0,0,1,8,0,2,0,0,6,0,0,8,17,16,5,0,0,3,0,7,0,0,13,3,0,0,0,0,0,7,0,0,0,4,0,5,8,0,1,0,0,1,30,0,0,1,0,0,0,0,0,0,34,5,29,14,13,0,21,11,0,0,0,2,0,0,0,13,14,12,0,0,0,0,29,13,2,28,15,0,0,0,22,0,5,9,5,6,0,23,8,15,0,0,0,0,11,0,10,0,0,25,0,10,0,0,0,4,0,6,0,0,0,6,0,0,27,0,2,0,7,21,22,24,15,0,8,0,0,0,4,11,13,0,11,0,0,0,4,7,12,8,0,0,0,6,13,0,0,0,7,12,23,0,11,10,1,12,13,0,0,39,1,0,0,0,11,10,0,0,0,0,0,0,5,0,2,6,8,0,4,19,0,0,9,0,6,0,0,7,22,22,0,0,0,1,0,32,46,134,129,168,126,165,247,255,255,235,211,107,8,0,0,0,21,10,0,15,0,5,0,1,37,139,249,255,247,248,236,255,255,255,255,255,241,255,252,255,152,4,0,0,8,0,25,0,0,4,7,14,7,255,252,254,245,255,237,230,255,255,255,255,255,255,255,255,219,25,7,0,0,8,16,0,14,7,0,0,31,245,244,237,255,240,252,255,248,255,255,255,243,255,246,253,255,34,0,19,0,0,0,7,0,0,0,0,0,146,255,255,253,245,247,236,206,255,195,104,167,102,242,253,255,11,12,5,4,0,7,0,0,0,9,0,0,21,56,52,89,54,54,47,21,55,0,8,0,26,230,246,255,50,5,20,39,20,2,0,0,12,7,20,2,0,0,0,0,9,6,3,1,0,0,14,14,112,255,248,255,21,0,2,0,9,15,2,22,0,4,16,1,24,0,0,3,7,19,3,0,3,28,6,18,214,255,255,224,0,0,0,0,7,4,20,8,5,0,0,0,1,17,0,4,0,0,0,2,4,9,0,95,255,255,234,156,0,4,0,6,4,3,1,0,0,23,20,4,0,36,15,0,0,0,1,0,1,0,35,255,255,243,255,36,1,0,7,0,0,1,22,7,0,0,0,20,0,2,20,14,1,0,0,0,7,0,166,255,246,246,163,3,17,0,21,19,0,0,31,0,5,0,0,0,0,7,16,20,24,0,5,10,6,31,209,255,245,248,53,0,0,23,0,13,19,0,12,0,0,0,18,3,17,10,0,0,0,10,17,19,9,206,251,255,247,183,0,0,17,0,33,0,20,0,13,0,0,4,2,0,0,18,20,0,0,0,0,2,14,233,255,255,243,60,1,0,0,0,8,0,6,1,0,0,11,0,14,0,0,0,0,0,0,32,11,5,160,241,241,255,221,40,0,0,49,0,0,12,5,14,0,14,2,2,14,0,10,2,0,0,7,11,1,62,255,235,255,246,82,22,3,13,7,7,1,1,0,0,20,39,6,6,22,7,0,14,0,0,0,0,0,157,255,230,255,211,5,0,13,0,0,7,10,17,0,0,11,8,0,19,0,0,0,8,9,0,0,7,0,246,253,230,234,78,0,10,0,5,1,9,0,15,0,10,0,5,0,0,0,8,0,3,0,14,11,27,14,191,244,250,169,16,0,13,0,0,0,15,1,0,0,0,11,0,35,18,5,0,0,6,0,5,4,0,19,0,146,190,44,10,0,5,0,0,19,9,0,0,0,0,21,4,14,0,0,16,9,0,0,0,0,25,0,6,0,0,0,0,9,0,0,0,21,9,5,0,0,0,14
0,0,0,0,4,5,26,5,7,0,0,10,0,4,9,14,38,8,0,15,0,0,0,0,0,0,9,5,0,0,0,0,13,23,0,0,14,9,2,9,1,1,0,0,0,0,0,0,13,13,0,3,0,6,1,0,3,0,0,12,0,0,0,6,17,17,0,0,10,0,16,0,0,4,15,5,0,1,5,13,0,9,1,0,6,8,0,0,0,26,0,0,15,0,0,1,3,0,9,0,0,13,0,5,0,0,5,0,8,0,15,0,0,27,0,6,24,0,0,33,8,22,7,0,27,0,0,0,0,16,0,0,0,0,0,20,0,1,0,0,18,13,2,8,0,0,0,2,0,0,4,14,4,0,0,0,4,2,3,0,0,0,18,0,0,12,0,0,4,12,0,0,0,0,0,0,0,0,0,0,0,4,40,210,161,17,0,0,0,7,18,2,0,0,0,6,3,0,16,0,0,0,22,0,0,32,0,92,173,255,255,255,255,35,16,0,4,2,30,15,0,0,8,0,0,0,0,0,0,0,2,0,9,12,119,232,239,161,205,243,234,120,29,0,0,1,13,0,4,16,6,0,0,3,0,7,1,0,0,9,0,134,241,127,10,9,15,247,244,105,0,0,0,8,2,6,0,0,10,11,0,12,39,28,5,0,2,0,87,255,151,0,8,33,7,255,255,42,0,0,12,0,0,6,0,0,22,0,18,4,0,0,12,17,0,10,189,240,3,0,0,0,2,255,255,7,0,0,0,0,3,0,4,0,0,0,14,6,0,0,12,0,0,40,247,70,18,7,3,0,179,255,255,12,7,0,0,0,15,0,9,0,23,29,13,0,0,0,0,0,21,181,232,10,0,0,0,47,233,255,226,27,0,12,0,8,0,0,0,0,8,23,19,4,0,6,0,0,28,188,255,22,0,0,1,183,247,234,255,23,3,0,0,1,9,0,0,1,0,5,27,2,0,15,0,14,4,214,246,118,124,107,167,255,135,173,233,78,9,16,0,0,5,23,7,0,7,0,0,0,2,0,0,0,0,79,222,255,253,231,252,97,0,193,251,103,0,0,11,0,0,1,0,15,0,0,7,0,8,0,0,12,7,0,31,58,100,78,73,20,0,174,255,79,0,0,0,0,2,11,7,9,14,0,32,7,0,3,0,12,0,0,0,0,31,0,0,4,22,191,231,172,0,0,4,0,0,0,1,0,14,0,0,0,0,0,0,18,2,5,0,0,8,0,0,0,0,119,254,189,0,0,0,0,0,0,2,3,0,0,0,0,0,0,0,0,0,0,0,0,0,0,0,11,5,88,244,234,13,0,8,17,0,0,0,15,1,9,0,0,6,0,8,0,0,19,7,1,25,0,8,0,4,4,251,240,0,2,0,12,13,0,0,0,9,6,1,0,2,0,0,1,0,0,9,0,0,3,0,12,5,2,242,249,56,0,13,21,5,0,0,15,0,24,0,0,16,2,0,0,0,27,30,0,5,0,0,0,0,5,181,242,123,0,12,10,0,0,10,8,0,0,0,29,0,0,4,24,0,14,0,6,0,5,8,0,0,3,185,253,99,0,0,0,11,0,0,4,0,3,20,0,8,0,0,17,0,0,3,0,0,6,0,4,0,2,100,211,35,3,18,0,0,5,3,8,0,0,4,13,0,9,7,22,4,10,0,0,0,28,0,23,0,0,0,8,0,11,3,0,12,3,17,2,0,8,6,14,0,0,0,2,0,8,1,0,0,0,0,26,9,1,16,0,0,0,7,13,4,0,15,15,0,0
7,4,18,8,10,0,0,16,5,16,0,0,0,9,0,0,0,0,0,0,4,0,0,15,1,0,0,0,14,0,1,12,9,10,0,15,0,11,0,18,16,10,16,0,0,0,11,0,0,17,0,8,4,0,0,7,29,0,18,0,8,7,0,0,6,17,29,6,0,0,0,0,0,0,20,5,0,28,6,11,0,7,2,0,4,18,13,8,5,0,19,0,3,10,19,10,6,0,15,0,10,15,18,12,0,0,38,4,20,7,0,0,0,1,5,6,4,14,1,0,15,4,0,20,0,7,0,15,16,0,0,0,4,0,18,2,0,1,0,0,0,0,1,0,13,11,18,0,18,4,2,0,0,0,0,5,5,1,4,1,28,0,15,7,34,0,0,8,17,18,6,0,0,0,2,9,20,0,1,0,3,0,2,0,5,0,0,5,2,0,0,0,19,0,9,0,14,0,4,39,0,17,6,7,0,0,28,146,255,236,1,10,0,0,3,0,0,15,6,4,12,10,0,11,0,0,0,0,0,17,19,14,0,105,248,255,249,126,45,0,0,0,0,0,0,2,0,0,6,0,0,0,13,0,6,21,0,0,12,0,107,255,255,202,61,57,50,62,94,145,157,54,0,0,0,4,1,13,0,12,0,0,0,0,0,0,0,30,237,250,243,250,255,255,255,250,252,255,255,248,122,0,0,16,0,21,0,0,28,0,0,12,0,5,10,245,251,255,249,203,179,127,130,68,27,89,255,255,106,6,0,13,0,7,0,0,0,0,0,0,8,3,6,220,245,168,27,30,0,0,0,11,6,154,255,252,50,5,15,34,21,0,0,12,2,9,0,0,27,0,0,19,39,7,0,0,1,13,0,0,0,224,255,241,31,3,0,10,0,0,17,42,0,16,0,0,0,13,13,13,0,9,15,20,16,0,0,2,24,250,255,139,2,16,23,26,19,1,12,17,21,13,10,0,7,0,0,5,0,0,0,8,0,0,12,0,107,255,255,29,7,0,19,0,8,12,7,9,0,6,0,0,6,1,0,0,0,0,0,0,9,0,0,0,233,255,179,2,0,2,2,13,0,6,5,8,2,0,1,0,0,0,0,0,6,0,2,0,0,18,0,79,243,244,33,9,0,0,17,7,0,6,0,0,2,20,2,0,0,0,2,12,14,0,0,0,9,0,2,175,234,255,41,9,10,1,0,0,0,3,1,6,3,17,0,0,4,0,8,8,22,2,7,0,1,0,0,255,255,192,16,0,0,9,0,0,13,19,3,9,0,18,0,11,3,0,25,14,0,19,0,13,14,3,132,249,251,76,0,2,0,0,5,16,11,0,6,0,7,0,0,10,9,0,17,2,0,0,0,0,18,0,223,240,255,37,8,16,5,23,0,0,0,7,0,18,0,0,3,0,0,26,0,3,0,0,0,0,0,20,235,235,177,1,14,0,17,0,0,0,0,13,8,0,13,9,0,0,0,0,0,2,0,3,0,17,0,79,254,241,94,0,8,0,0,11,0,3,0,14,0,12,4,6,10,26,0,8,4,7,33,0,0,1,12,122,255,240,21,12,0,10,0,6,0,0,0,0,1,0,0,2,17,13,0,4,0,17,3,0,0,14,0,174,251,255,116,9,0,6,0,8,16,0,0,0,2,0,0,0,4,7,0,4,7,0,30,15,7,9,13,58,193,212,32,0,6,0,0,0,0,0,18,0,0,3,8,0,2,0,0,0,8,7,7,0,0,0,0,8,0,0,0,19,0,5,9,16,0,10,0,0,0,5
10,0,6,10,3,3,0,0,0,2,35,36,22,0,7,0,21,8,4,5,1,0,28,0,0,0,0,0,0,0,7,0,0,0,0,0,0,0,0,25,0,7,11,0,0,0,18,0,0,7,0,1,0,0,13,0,12,0,16,0,4,0,0,0,0,0,4,9,0,0,22,0,32,0,0,0,10,2,0,11,0,0,0,0,2,0,0,19,6,0,8,0,14,0,0,5,0,0,31,11,0,14,0,3,0,1,0,0,0,0,10,10,0,0,5,30,0,22,8,0,0,16,8,0,20,25,4,238,226,62,0,0,7,6,16,0,21,6,22,8,19,7,0,31,28,0,0,5,4,2,0,0,0,0,16,255,252,96,0,26,9,0,0,6,0,22,0,2,10,0,7,11,1,0,8,1,20,0,0,4,11,32,131,255,206,38,0,0,0,12,0,0,15,0,16,27,0,15,9,0,3,12,8,0,15,5,0,18,1,19,197,240,244,0,0,0,5,0,3,0,9,12,20,0,0,0,3,8,0,2,15,3,12,0,0,0,0,32,232,255,102,13,0,5,16,2,0,1,0,0,5,0,0,16,0,2,0,0,0,24,9,10,17,0,21,118,251,255,96,17,11,0,4,0,0,15,0,10,0,0,8,5,0,0,0,0,0,9,5,4,0,0,0,104,255,221,104,1,10,0,0,0,0,10,0,0,0,2,32,21,1,0,0,0,0,6,0,0,0,15,6,95,255,255,98,22,0,0,0,6,16,0,16,0,17,9,28,7,12,0,10,6,0,0,0,8,0,9,16,226,255,255,107,0,9,1,4,0,0,5,0,6,0,0,0,0,0,30,16,31,21,0,9,0,0,0,0,227,255,248,121,3,17,0,15,18,12,35,0,0,22,3,0,8,26,6,24,6,0,0,12,5,32,0,12,220,255,249,93,0,16,8,7,3,0,0,0,0,0,5,1,0,3,16,1,13,9,0,0,14,0,17,113,255,255,250,2,0,0,0,0,0,0,2,0,0,0,0,18,0,0,0,0,10,0,0,0,0,17,12,160,234,255,203,0,14,0,0,5,17,10,0,19,10,0,0,14,11,0,6,3,18,0,5,7,4,10,0,192,232,250,133,0,0,0,7,5,3,0,31,0,10,28,13,0,0,0,6,0,0,9,4,20,0,5,0,216,255,255,43,8,9,0,10,0,0,0,0,14,0,0,0,0,13,6,0,3,6,0,0,5,0,0,1,219,218,255,48,0,0,0,9,10,2,3,0,8,0,0,0,0,0,13,0,10,0,6,0,18,18,0,0,232,255,249,226,0,20,2,0,0,0,0,0,10,8,16,5,0,0,25,0,0,5,3,0,0,4,18,8,221,234,255,239,2,0,0,0,0,6,0,2,6,0,0,8,6,0,0,0,0,13,24,11,0,15,0,10,220,238,239,209,8,15,9,0,0,0,0,38,25,0,0,0,0,0,0,0,0,0,4,26,4,0,0,0,53,248,255,64,17,0,0,0,10,0,0,0,0,0,17,0,0,0,0,3,0,2,7,0,0,2,13,0,19,6,0,0,10,8,14,2,0,6,4,5,0,5,0,10,19,0,0,9,0,0,4,0,0,6,0,0,0,0,0,10,14,10,7,14,7,15,1,8,0,4,18,0,3,0,1,0,0,0,24,0,29,8,0,2,0,0,0,0,16,8,0,0,0,0,0,6,0,24,0,7,0,21,0,0,21,5,0,22,0,6,19,0,4,0,0,11,8,11,0,0,4,5,11,2,2,3,9,0
0,0,0,0,13,0,8,14,9,0,0,0,11,0,0,0,1,19,0,16,0,0,0,0,9,0,0,0,18,2,6,0,26,6,0,0,13,0,14,8,0,6,0,20,13,10,0,5,10,0,0,0,0,26,15,0,13,17,0,0,12,7,0,0,22,2,0,9,8,0,15,0,0,0,0,0,23,11,12,16,0,0,6,0,0,0,14,6,0,0,14,10,3,0,5,0,0,10,33,6,25,14,12,0,11,0,11,0,0,0,19,3,2,7,8,0,14,0,8,4,0,10,0,12,0,17,0,0,0,22,0,0,12,0,0,0,20,0,25,21,4,0,0,0,0,1,0,18,0,6,0,6,0,0,8,0,0,0,0,1,33,0,1,1,12,2,0,0,10,1,0,5,10,0,18,5,11,1,0,0,10,3,0,0,0,19,0,0,11,0,0,3,0,0,0,1,1,4,0,17,37,12,0,0,22,11,228,174,32,3,87,133,118,112,54,0,0,0,0,4,0,0,8,18,4,0,27,0,0,0,0,3,14,85,255,126,150,244,239,249,255,251,252,68,5,1,0,0,4,30,15,0,12,0,0,0,4,0,1,0,52,230,232,255,234,255,192,183,226,251,230,50,7,11,1,34,8,0,0,2,0,4,0,5,12,0,0,0,152,236,222,255,152,70,27,2,158,255,170,0,6,10,0,0,9,0,0,6,4,16,0,0,12,0,28,23,77,240,244,87,10,11,0,120,242,246,137,0,2,11,0,5,0,0,5,0,14,0,3,29,3,15,19,9,43,255,219,21,18,0,5,190,252,248,50,0,23,0,7,14,8,0,2,1,2,0,0,12,0,0,16,11,34,236,232,72,0,35,136,225,246,189,4,3,0,18,0,0,0,0,0,0,13,16,0,5,11,18,0,0,0,117,229,201,0,124,241,255,245,143,6,0,19,1,0,8,26,9,0,0,23,17,2,0,8,0,0,1,22,36,212,255,223,233,255,255,246,81,0,0,0,0,4,0,0,2,3,23,14,28,2,12,0,5,7,0,5,0,19,194,203,255,255,255,240,9,7,0,0,9,0,0,0,3,0,5,0,3,7,2,11,2,0,0,0,7,24,8,12,63,196,255,249,11,0,4,0,15,12,0,0,0,8,8,0,0,9,0,19,0,0,0,0,0,0,15,0,59,238,255,230,0,0,4,0,10,0,8,14,14,14,3,0,0,0,5,5,4,0,0,9,2,0,14,2,73,255,255,170,0,1,0,0,5,0,0,0,0,0,19,0,0,2,21,22,0,6,3,6,0,8,11,12,101,253,255,134,5,0,0,12,14,0,0,0,0,0,0,7,0,0,18,0,0,0,0,0,2,13,3,19,66,255,229,5,4,22,0,15,0,21,0,0,16,6,14,0,0,0,17,3,12,0,3,0,17,0,7,24,75,255,210,0,0,21,5,0,12,0,0,0,0,0,0,0,1,26,4,8,3,7,1,0,5,0,0,6,71,255,205,0,0,0,0,10,0,0,14,1,0,0,0,18,0,2,14,0,13,0,0,0,0,0,0,14,56,255,100,0,25,0,5,1,0,0,6,30,0,21,10,0,0,23,0,0,0,17,0,0,11,0,0,9,52,235,82,18,0,0,5,10,13,0,0,7,4,6,4,0,5,0,7,0,4,5,6,0,14,0,10,0,80,228,97,0,0,0,0,0,0,10,0,11,0,0,0,0,9,0,0,7,0,0,0,29,1,13,0,0,0,0,8,2,29,4,0,0,0,0,0,0,1,0,0
0,0,3,7,0,18,1,5,0,15,0,16,0,0,0,8,2,12,0,0,0,0,0,0,12,0,8,0,16,0,0,5,0,0,1,4,0,3,3,0,32,0,2,0,0,5,17,0,18,0,0,5,0,0,0,0,4,2,22,3,0,0,16,0,17,0,0,6,0,6,33,1,0,4,0,0,27,3,21,0,0,9,0,0,13,10,0,0,11,15,0,2,0,7,4,15,0,18,12,0,16,4,0,6,5,23,0,0,0,13,6,18,0,0,0,3,0,0,0,16,0,2,0,27,112,189,240,231,176,56,0,0,0,26,23,23,0,0,0,7,8,0,0,0,0,23,6,2,15,11,36,236,255,255,255,243,255,244,100,0,0,4,43,11,0,0,7,3,13,0,29,0,0,0,0,7,0,23,204,255,242,148,100,96,243,247,227,22,0,0,5,13,7,0,0,1,0,0,0,3,0,19,16,6,4,0,137,187,19,0,0,7,41,253,241,100,19,0,7,16,5,0,6,8,0,28,1,17,0,11,3,0,6,13,0,18,0,0,0,0,0,136,255,81,0,0,0,10,1,0,3,0,0,0,3,4,0,0,0,1,9,0,0,22,11,0,4,0,21,154,255,183,0,0,17,0,0,10,0,26,0,0,0,18,0,8,4,5,0,9,9,5,17,6,0,13,22,133,255,186,9,0,18,0,0,0,0,0,12,0,0,0,7,0,0,17,0,6,0,0,0,5,0,11,0,140,253,103,0,5,0,18,2,0,10,13,0,28,0,0,0,0,0,0,0,5,1,1,8,0,0,2,11,141,225,81,7,0,0,0,15,1,3,0,0,9,6,22,24,0,0,0,0,0,1,0,0,0,19,0,6,255,241,81,0,0,6,8,4,19,4,0,1,0,7,0,11,14,0,0,2,19,5,10,16,0,0,0,157,255,247,0,16,0,0,16,9,0,1,0,21,0,13,0,4,0,5,0,0,29,0,84,146,161,130,151,203,255,209,31,36,13,0,0,0,0,0,7,0,0,27,3,0,28,0,21,5,107,251,255,255,241,255,255,255,242,255,252,249,166,170,153,149,18,14,0,0,18,0,16,10,0,0,11,127,236,248,240,203,207,240,255,255,199,189,202,241,241,236,159,44,7,19,0,28,2,0,10,8,0,0,90,254,248,172,62,9,17,220,255,155,22,16,0,43,40,17,0,0,7,0,1,0,0,15,0,1,0,1,134,237,82,0,13,11,195,234,210,36,0,0,0,0,0,0,4,5,0,4,5,10,12,8,0,0,0,15,244,247,79,0,32,195,255,219,35,0,17,23,14,7,0,0,0,0,0,16,0,0,0,0,0,0,26,20,255,241,146,168,222,250,217,17,9,0,14,3,0,1,4,0,10,0,6,11,0,0,5,0,0,0,2,8,100,249,244,225,255,235,39,0,14,0,0,0,13,5,20,0,7,0,0,12,8,0,0,25,17,20,0,0,0,129,206,205,106,23,13,12,13,0,0,0,0,12,0,0,15,0,0,0,0,0,0,0,9,0,0,0,0,0,0,5,0,0,6,10,0,9,0,5,7,16,0,0,22,0,3,0,18,1,0,0,8,22,0,3,0,0,10,1,0,18,33,5,0,0,0,0,4,17,0,2,5,2,7,4,28,0,0,22,0,0,0,25,14,8,0,4,0,0,0,4,12,0,0,13,14,0,15,0,0,0,2,2,20,15,0,8,3,19,0,0,4,14,2,0,0,11,1,10,0,27,33,0,0,0,0,0,0,0,0,0,0
5,0,0,14,0,2,23,17,11,0,0,2,10,7,0,0,11,0,0,16,0,30,24,0,0,0,0,0,0,16,7,3,0,0,0,0,0,13,0,8,7,3,0,9,0,0,0,12,12,11,12,0,0,0,0,9,0,0,27,10,0,15,1,0,24,24,0,0,0,0,5,4,39,0,12,0,0,0,8,0,6,0,0,18,0,0,5,15,5,12,8,0,0,0,5,3,0,0,0,0,0,17,0,13,20,16,7,14,11,3,0,0,10,0,0,6,0,3,0,0,4,0,0,0,40,1,160,255,30,19,0,14,20,0,0,12,0,0,34,0,21,6,6,4,13,7,0,11,0,10,0,1,0,29,227,255,27,7,0,11,0,0,0,21,19,16,22,12,0,4,0,2,0,0,0,0,0,0,29,1,1,41,239,254,22,0,10,0,19,0,1,0,3,0,0,3,4,0,0,0,0,16,0,0,0,0,0,11,10,45,255,218,22,0,0,5,0,3,0,0,0,12,23,0,11,0,0,0,9,0,5,27,0,2,0,6,27,27,255,255,15,0,2,0,0,15,0,7,12,17,0,0,4,0,0,0,31,0,0,0,0,0,5,0,32,44,255,197,5,0,12,3,0,0,0,4,3,0,0,2,22,19,0,0,1,0,0,0,0,18,14,0,4,9,243,162,6,11,0,8,12,4,17,13,0,9,22,1,0,0,0,0,0,4,11,0,0,5,23,0,1,35,254,170,26,10,0,12,0,0,0,27,0,0,0,0,8,0,0,16,0,0,16,0,0,0,16,6,6,98,255,156,11,0,1,14,17,16,10,2,13,16,7,0,0,16,5,0,3,8,5,7,0,3,13,0,12,28,255,157,0,16,2,3,16,8,20,12,3,0,19,19,0,2,0,7,0,6,0,22,0,0,0,0,0,110,255,160,0,0,0,11,0,12,0,0,18,0,6,22,0,9,0,34,8,4,0,9,0,8,0,0,0,10,243,158,11,6,1,0,0,0,13,0,12,0,0,0,7,8,0,8,0,0,0,19,0,2,18,0,0,38,235,173,8,0,0,16,11,8,0,0,0,4,4,24,0,8,11,5,0,30,28,0,0,0,14,0,9,41,236,178,14,0,0,0,0,0,3,0,0,14,14,3,0,0,15,21,12,0,12,0,1,0,0,0,21,14,255,217,6,5,2,10,0,7,0,0,12,0,0,14,2,0,0,0,5,3,6,0,0,13,9,12,4,11,242,255,28,3,0,0,10,30,1,0,40,0,0,0,0,0,0,0,0,0,0,0,8,1,0,14,0,22,255,255,6,0,17,0,6,4,0,0,0,0,36,10,0,11,9,0,20,0,4,14,16,0,0,1,0,20,226,238,58,11,0,6,0,0,0,0,2,16,0,0,7,2,0,5,0,0,21,15,19,0,0,0,0,0,175,255,43,0,9,12,1,0,0,3,13,0,0,5,6,0,0,0,0,6,0,6,9,0,0,0,14,11,193,253,4,8,14,6,0,0,0,0,0,0,0,0,8,18,20,7,0,13,15,0,0,0,7,0,0,5,0,11,4,0,9,9,23,4,2,0,27,5,0,7,3,0,27,7,8,0,0,14,0,14,0,9,0,0,16,9,0,0,21,7,0,0,0,0,10,6,16,0,0,8,19,0,0,0,0,6,13,0,9,4,9,0,0,0,9,6,0,0,4,7,18,20,28,7,13,0,0,5,2,12,0,28,0,26,5,2,0,28,9,0,0,0,2,7,7,0,0,6,0,19,0,24,9,0
3,0,16,3,0,0,0,6,2,11,19,0,0,9,0,0,17,16,9,0,0,14,0,0,0,0,0,6,0,0,0,8,17,0,3,0,2,0,8,12,0,0,2,0,0,0,18,9,0,9,0,0,12,0,0,21,0,0,16,8,20,0,0,0,0,3,0,17,16,10,25,0,0,0,0,26,0,1,0,10,25,0,0,4,0,0,0,1,0,7,5,6,6,0,7,4,10,0,11,0,23,20,0,10,8,17,7,6,0,10,0,18,0,0,0,0,0,0,1,0,3,0,0,16,15,15,0,15,0,0,0,0,0,0,5,0,0,0,0,0,0,17,10,11,0,17,20,0,16,6,12,16,0,0,0,2,9,11,2,0,0,8,0,15,0,0,0,11,14,8,13,1,1,0,0,0,7,0,7,0,11,0,3,10,13,0,0,0,0,0,1,0,71,143,0,0,0,32,0,0,20,12,19,1,0,10,0,5,2,10,8,11,24,0,17,0,0,12,0,172,187,40,12,9,1,0,0,9,21,0,2,0,10,0,0,0,30,151,215,0,0,4,7,0,12,0,147,189,33,25,0,0,8,0,15,0,0,0,0,0,3,0,0,114,240,255,133,0,0,8,0,5,0,163,210,18,4,2,25,16,4,0,23,0,13,7,0,0,16,31,216,247,203,181,0,0,0,0,0,1,88,243,29,7,15,10,0,17,0,5,15,7,3,6,0,3,123,236,167,52,54,13,8,0,17,0,11,145,228,83,0,16,1,0,0,0,7,8,4,0,17,0,5,141,255,107,0,0,18,3,0,0,21,0,45,255,106,5,0,0,0,0,0,10,0,0,1,11,19,27,111,230,34,2,2,0,2,0,17,31,3,50,238,189,0,0,0,15,0,0,13,0,16,0,5,0,5,0,213,126,0,5,0,2,17,6,11,0,3,205,225,46,19,2,0,3,16,17,0,29,0,0,3,7,0,4,238,170,51,0,11,0,0,48,108,145,234,209,27,0,0,1,0,7,4,6,9,8,0,0,16,2,6,0,82,201,255,251,213,185,230,201,153,252,231,76,2,0,0,0,0,0,0,0,0,1,0,20,10,0,0,0,0,22,25,33,8,14,2,0,154,216,80,0,0,16,0,0,0,0,0,0,0,0,0,7,0,14,7,4,14,0,3,0,15,0,0,138,245,121,0,5,0,0,13,27,15,3,0,0,9,0,0,0,0,2,0,0,2,0,22,4,0,0,71,255,133,13,12,0,0,0,0,7,11,0,0,8,0,0,4,4,0,0,18,6,11,28,0,0,0,26,255,139,11,25,3,12,0,12,0,10,1,0,0,10,19,24,0,0,32,8,3,14,0,16,22,0,7,146,232,22,0,2,9,2,23,0,17,21,3,0,13,11,43,0,0,14,7,0,0,21,4,0,0,0,0,255,135,0,6,0,5,8,0,0,0,11,14,0,19,13,4,1,0,9,15,0,28,8,8,2,16,17,10,166,17,0,22,1,0,0,9,13,10,1,9,0,6,0,0,20,0,7,2,20,0,0,0,8,0,0,0,0,4,7,0,0,0,8,0,0,0,0,0,0,0,13,0,0,4,0,0,0,2,22,13,4,0,1,0,6,8,13,0,26,0,0,0,0,9,26,10,3,0,0,7,0,16,0,0,0,0,6,0,0,0,0,13,0,0,19,0,14,3,14,15,3,0,10,0,0,0,0,7,3,0,2,26,23,0,2,6,0,10,17,0,10,0,13,13,0,0,0,5,0,0,30,7,0,6,14,4,6
0,7,0,0,26,0,0,0,11,22,0,16,0,14,9,0,0,0,5,0,0,23,0,8,0,21,11,14,0,28,12,28,0,0,0,8,0,0,0,0,13,0,9,0,0,0,0,0,0,15,17,0,0,0,8,0,12,0,0,0,0,1,0,0,9,13,13,11,1,3,0,0,0,25,0,0,4,0,0,0,0,0,6,0,9,4,17,5,17,0,0,5,0,0,13,0,8,0,2,5,4,21,0,4,0,0,0,13,2,0,0,11,0,0,7,0,0,23,1,11,16,0,0,10,50,163,240,250,255,255,255,255,93,9,0,0,0,0,14,8,0,0,0,0,8,3,19,3,12,2,50,223,255,255,251,252,229,162,250,252,236,203,19,30,0,0,24,0,0,6,0,0,20,0,6,6,0,23,242,255,204,153,27,22,2,26,0,0,81,231,229,22,0,0,3,0,0,0,14,0,7,0,0,0,41,181,255,163,0,16,8,5,0,1,1,5,12,163,255,52,7,3,0,8,0,0,0,13,0,2,0,0,120,216,45,5,15,27,1,0,1,4,0,5,0,102,252,123,13,0,0,1,0,20,0,0,10,0,4,17,221,192,0,21,0,0,0,13,0,0,0,19,0,93,241,169,9,0,13,0,0,0,0,0,19,2,0,0,95,190,2,9,12,0,15,0,0,1,13,0,0,158,255,69,18,5,4,0,0,8,14,0,0,0,8,8,0,8,0,23,0,0,0,20,6,0,12,0,41,242,255,39,10,0,15,0,0,0,0,5,18,0,16,0,17,0,9,5,7,0,0,13,0,17,26,7,146,255,122,5,0,1,6,0,0,13,0,11,8,2,0,1,0,6,0,0,5,16,15,0,16,13,0,94,255,255,3,0,0,0,0,5,0,0,0,4,10,1,17,12,0,1,0,8,0,9,25,3,0,0,52,242,233,73,14,5,0,0,1,3,1,12,0,7,0,5,0,0,2,19,0,16,0,0,8,0,22,93,240,207,78,0,17,11,2,14,0,11,0,13,2,3,5,14,19,4,12,15,0,14,0,7,0,0,68,222,242,39,0,6,22,0,0,11,0,8,20,0,4,8,32,15,0,0,0,0,38,14,0,4,0,80,241,255,77,0,6,0,14,7,9,0,0,0,4,14,0,9,0,10,4,0,2,0,0,2,8,31,144,233,218,79,4,0,0,0,11,19,0,10,11,21,0,6,0,0,0,88,110,141,94,22,11,0,56,224,255,220,42,10,0,0,12,12,11,13,0,0,3,0,15,9,3,5,39,255,239,255,252,244,255,166,253,229,216,0,0,0,0,0,0,0,6,0,0,10,12,23,23,0,11,15,172,239,230,61,71,255,252,238,254,255,255,222,181,213,155,0,1,0,0,0,0,13,0,17,14,25,0,21,94,247,255,255,255,255,252,203,68,112,203,232,126,117,23,0,0,0,0,14,15,0,12,0,0,0,3,0,1,118,225,250,223,137,47,12,0,18,0,10,0,0,0,0,5,0,0,0,0,0,0,0,4,14,9,0,13,1,0,0,0,0,4,7,9,6,23,7,0,0,15,0,0,9,0,18,0,0,0,0,17,23,2,0,1,0,16,17,14,6,0,0,0,22,0,0,4,0,0,0,17,17,17,2,4,0,0,27,15,7,0,1,15,3,0,0,13,0,11,0,27,0,24,0,0,2,0,4,0,0,9,0,0,13,0,28,0,18,0,0,0,5,12,6,11,0,15,0,0,0,13,3,13,0,4,10,4,1,0,13,7,20,0,0
13,1,0,23,0,0,0,0,8,22,0,5,0,0,0,0,0,0,7,1,0,0,2,0,0,13,26,0,1,5,0,4,9,0,16,0,0,17,0,0,25,0,0,0,14,14,18,0,0,15,2,0,0,16,0,19,0,0,0,38,0,6,0,17,14,0,0,0,0,0,0,0,4,17,0,0,0,0,4,0,13,0,21,0,0,0,1,14,0,0,0,10,8,0,0,16,0,0,16,17,0,3,11,6,0,1,6,0,0,0,0,0,11,13,14,0,7,15,0,0,5,0,6,13,17,6,16,9,1,0,18,0,4,0,0,13,0,0,25,8,6,17,3,6,13,0,6,0,0,0,0,0,1,0,2,0,5,0,0,6,8,0,0,0,0,0,0,12,16,15,7,14,0,0,14,0,0,0,3,0,52,141,154,212,166,21,0,34,0,10,16,4,0,0,3,6,5,0,18,26,6,20,0,0,0,24,112,193,255,255,174,159,248,159,0,0,7,0,0,2,0,25,31,14,8,3,0,13,21,2,0,46,200,246,255,247,234,46,11,13,255,255,161,0,7,23,3,0,18,22,0,17,0,8,0,7,0,0,39,242,243,255,229,141,30,0,0,1,195,240,219,0,0,0,0,0,1,11,7,0,0,0,26,0,0,4,100,248,233,169,18,0,33,0,0,17,177,255,219,15,2,0,0,0,0,3,8,8,0,6,13,9,4,0,113,253,255,112,0,8,11,3,0,36,200,255,206,12,2,3,0,17,3,0,0,2,0,5,0,17,14,9,19,196,255,197,5,0,4,5,18,58,238,255,249,0,16,2,3,0,6,0,0,1,0,0,0,16,14,10,0,9,211,241,229,127,153,86,92,232,221,245,229,14,0,0,0,0,3,7,0,5,0,16,0,0,10,0,0,0,81,217,255,224,237,250,231,242,255,235,129,12,26,9,0,0,0,2,0,1,0,20,27,0,0,0,2,0,0,106,198,187,181,164,181,229,255,219,14,0,31,0,1,2,22,0,0,0,4,0,7,0,0,0,3,15,5,0,15,0,10,0,0,206,243,222,0,1,7,0,3,0,26,0,10,0,0,9,9,0,4,1,15,0,22,6,0,16,7,0,0,169,251,229,12,0,4,11,0,4,0,1,0,0,1,3,25,0,0,0,0,3,10,1,0,19,0,0,0,163,255,210,0,17,7,15,13,0,0,11,2,0,4,0,0,2,0,12,0,0,21,0,0,8,11,1,2,178,238,218,7,27,0,13,0,0,0,0,2,20,6,7,0,0,7,10,0,6,6,6,0,0,0,2,0,165,255,217,12,14,7,0,0,36,5,9,0,0,0,0,5,25,4,0,0,18,0,0,0,5,0,0,35,247,255,222,0,16,0,3,12,5,0,0,27,0,0,0,15,0,0,0,13,8,23,5,0,10,7,0,55,247,254,153,15,0,1,0,0,9,0,13,0,7,16,0,0,0,10,20,10,3,5,0,0,8,0,14,62,232,255,95,0,0,0,0,23,25,4,0,3,8,0,15,0,0,0,8,10,3,9,0,0,0,13,0,185,247,246,98,0,9,0,0,7,0,0,9,14,0,0,6,18,5,0,4,0,8,3,0,0,16,0,0,54,159,215,41,0,0,14,19,0,0,0,0,8,0,0,0,9,0,0,0,0,13,26,0,0,0,0,18,0,7,0,0,0,3,2,16,0,20,8,21,15,20,0,33,7,0,0,0,0,10,0,0,3,0,0,16,7,0,0,8,0,25,0,0,10,0,0,14,20,0
15,5,26,2,2,0,0,6,0,0,12,0,19,0,4,1,19,2,0,16,1,17,0,0,0,15,0,20,0,0,19,0,15,0,0,7,19,3,11,17,3,0,16,0,18,0,0,1,0,0,1,7,20,0,4,0,8,0,0,0,2,0,15,0,0,3,5,0,0,0,13,0,0,7,0,1,2,0,0,12,10,0,5,4,3,7,0,15,0,0,0,9,41,117,235,145,52,20,20,0,0,0,0,15,0,6,0,22,2,0,7,0,0,9,9,0,0,5,56,227,255,245,255,237,238,201,137,6,0,33,0,0,20,0,12,0,8,3,0,0,0,1,0,0,0,0,80,255,248,253,255,255,238,236,255,211,13,0,0,0,0,0,34,12,0,0,15,4,5,12,0,0,0,0,24,149,172,109,20,117,193,243,238,255,176,13,0,19,15,0,4,6,0,1,6,0,0,2,3,0,0,8,0,18,30,0,0,0,2,41,181,255,238,81,4,7,0,1,2,0,0,0,7,0,0,0,10,0,0,14,1,11,2,0,7,0,0,0,35,216,241,249,18,0,0,19,0,6,0,0,0,0,2,0,11,0,17,0,0,6,0,6,11,5,0,0,0,79,255,254,228,1,0,0,0,0,0,4,0,0,0,6,14,1,0,2,7,0,0,0,0,0,0,9,0,0,188,255,247,33,6,0,0,0,16,7,7,0,5,0,6,0,0,21,0,0,0,23,23,0,1,1,0,0,84,252,249,9,0,16,1,7,4,0,0,0,0,9,0,4,0,0,0,18,0,0,16,0,0,5,0,0,53,253,240,15,28,1,9,0,3,0,10,23,0,13,1,1,21,0,4,0,0,0,0,0,2,15,0,0,120,238,236,11,0,0,23,0,13,0,0,10,16,0,16,0,0,5,20,0,27,0,0,14,0,0,20,0,211,252,181,0,14,20,0,0,0,7,6,0,15,0,18,10,15,29,0,16,0,0,3,1,11,20,1,28,254,254,122,2,17,6,0,1,10,8,0,6,10,32,26,0,0,0,0,0,0,0,0,22,4,21,11,102,222,251,44,9,23,0,0,10,1,1,0,0,20,0,22,7,0,7,0,0,0,3,81,105,150,131,177,255,255,243,0,0,8,7,0,0,14,1,2,0,17,23,6,22,0,0,15,1,0,94,250,226,255,234,251,255,255,255,61,16,0,5,2,0,0,4,0,0,23,3,0,0,0,12,0,0,4,250,255,255,245,255,255,235,249,255,255,126,5,13,0,10,16,0,0,16,0,6,0,11,20,2,0,5,36,255,246,254,255,255,255,250,255,255,248,255,166,0,0,17,19,0,2,0,0,0,4,17,2,0,0,3,32,171,245,255,253,239,243,82,30,135,254,255,251,88,0,0,27,0,3,6,29,21,0,1,3,7,0,4,4,5,84,142,146,67,18,0,11,4,34,237,237,77,0,0,0,0,0,13,5,0,0,0,0,0,1,4,0,8,0,1,18,0,22,7,14,4,0,3,0,0,0,0,0,7,5,14,9,0,0,0,0,26,26,0,0,18,8,0,0,0,0,0,3,2,13,2,0,0,19,0,0,0,0,0,10,7,4,12,0,6,2,0,16,0,0,10,0,0,11,0,23,0,4,20,0,1,0,0,13,13,0,0,0,18,42,12,0,0,2,0,0,0,2,11,10,0,12,14,0,11,0,2,7,19,0,21,0,13,0,16,0,5,19,0,27,6,0,18,3,6,0,0,0,0,0,0,4,1,0,0,0,0,0,0,0,1,0,5
0,0,0,3,0,5,12,14,3,8,0,25,7,0,0,11,11,16,0,0,19,21,6,18,17,0,27,3,0,13,4,0,6,15,7,0,5,0,3,11,12,0,23,27,0,0,12,0,0,14,0,0,0,6,2,7,3,24,6,13,0,2,5,0,13,11,17,6,2,9,0,0,0,0,0,3,6,0,2,0,1,32,0,18,0,2,0,0,0,0,27,0,0,0,0,1,20,7,19,2,0,8,0,0,0,0,0,30,1,30,3,12,13,0,10,5,0,5,0,0,0,120,222,51,33,206,244,226,150,14,0,4,0,5,0,0,0,3,13,6,0,4,0,0,0,11,2,0,21,65,247,255,172,247,255,255,246,255,195,50,0,0,11,25,0,14,0,0,0,1,0,0,3,23,0,0,11,116,248,255,254,109,70,66,55,131,208,208,44,9,7,2,0,0,18,0,0,7,0,0,0,0,0,0,14,176,255,90,27,3,2,11,1,0,0,219,168,0,1,29,0,15,0,0,12,5,0,0,0,0,21,34,125,255,239,46,12,0,14,0,0,1,0,122,255,132,0,0,0,27,1,0,5,6,0,16,10,0,0,23,187,240,140,0,0,2,16,0,14,0,12,0,186,237,29,0,0,0,11,0,14,0,3,22,0,0,14,101,254,255,71,21,26,6,7,0,18,8,8,28,129,246,79,0,0,0,0,28,0,15,0,0,11,19,32,199,235,240,0,3,20,0,8,0,8,0,0,4,121,255,71,4,6,14,0,17,0,0,8,0,0,0,0,206,234,169,2,0,0,9,0,1,0,14,0,4,136,255,202,30,0,10,0,0,0,0,3,0,0,21,8,193,255,113,5,1,0,0,0,5,0,0,0,8,124,255,249,57,0,0,0,0,0,0,6,0,0,1,31,253,225,19,2,0,16,23,5,3,0,0,0,0,90,237,247,59,15,0,0,23,0,7,0,4,0,0,54,233,255,12,0,0,0,12,0,15,3,4,12,0,111,255,255,68,0,0,0,20,2,0,1,0,10,0,52,250,127,0,10,0,0,18,0,9,0,5,10,0,101,241,242,32,0,0,0,0,0,3,0,0,5,1,0,201,146,15,13,11,2,0,14,0,0,4,6,84,255,255,167,0,0,14,3,0,0,0,22,0,7,15,0,189,188,21,0,0,0,0,0,0,0,18,27,196,255,229,63,0,4,6,22,9,0,0,5,3,13,0,14,101,255,151,0,0,0,0,15,4,0,22,198,241,238,228,6,8,9,0,0,0,0,12,1,0,0,0,0,0,154,242,42,12,0,0,0,0,65,208,245,255,182,47,0,25,9,0,14,23,0,23,4,4,0,0,14,0,40,217,244,104,59,79,168,198,250,255,241,212,38,18,0,0,5,0,0,0,0,10,0,0,0,0,2,11,0,10,226,227,239,255,253,255,255,254,209,15,0,0,0,0,17,18,0,0,17,0,0,0,6,13,0,15,24,0,41,48,168,245,241,239,152,74,7,13,20,0,0,0,0,0,6,0,1,0,0,0,4,4,0,0,9,0,0,9,12,18,0,0,0,14,21,0,0,0,18,16,0,0,0,4,13,25,0,17,0,4,23,0,0,0,0,3,0,1,0,9,0,28,0,0,11,0,19,0,2,12,0,0,24,0,0,25,9,0,11,0,12,2,9,13,5,0,0,0,0,0,13,0,0,0,0,0,29,20,0,0,0,0,0,0,0,0,0,12,1,0,8,0,0,0,0,3,0,0,1,0,15,0,0,27,0,1,7,0
0,7,0,0,0,12,4,4,3,0,1,0,1,0,0,4,2,0,0,6,0,0,0,1,0,0,0,0,18,10,0,0,0,21,0,0,23,1,12,1,3,20,12,0,3,24,0,5,8,0,3,8,0,5,1,5,8,1,0,0,7,4,14,0,0,0,14,17,2,0,0,0,0,0,0,0,0,0,0,2,8,1,6,16,0,0,1,0,0,0,20,1,0,4,0,0,0,0,5,0,0,0,2,0,0,0,7,14,20,0,0,4,0,0,0,2,16,10,0,0,162,244,18,0,9,0,0,19,4,13,2,0,0,0,0,0,0,14,0,0,0,10,0,11,8,1,4,0,179,244,49,8,4,6,0,10,6,145,145,0,0,10,18,0,0,0,10,0,0,4,0,3,6,0,0,0,230,255,132,2,0,6,0,13,72,251,216,0,0,17,3,0,0,11,2,0,19,10,0,0,0,0,0,10,249,226,140,0,0,0,7,4,104,255,166,0,0,0,0,0,0,13,15,14,0,10,0,0,24,0,2,12,255,255,100,23,47,2,0,34,193,247,116,0,20,5,7,0,2,11,23,7,7,0,18,15,0,10,0,0,237,255,22,17,16,0,0,9,171,255,86,0,9,0,0,6,6,23,0,13,10,7,19,0,0,0,0,14,255,226,32,0,8,0,0,8,185,231,79,8,0,0,4,0,12,0,0,0,7,18,17,0,5,0,0,3,248,255,29,0,9,21,0,13,171,249,97,10,19,0,0,0,4,0,0,0,38,0,0,3,0,1,1,19,243,254,38,0,2,0,23,0,196,255,116,48,30,12,2,0,0,0,0,1,13,1,0,0,3,0,0,20,246,247,10,14,0,0,0,153,255,250,255,255,217,210,101,101,8,8,19,11,0,1,10,0,9,0,9,2,241,255,92,0,10,131,228,250,255,240,245,231,209,234,230,255,255,172,61,0,4,0,0,0,0,0,6,12,234,248,122,99,226,255,254,249,249,247,105,10,0,60,62,136,236,247,247,54,0,0,21,2,16,0,17,5,198,242,216,235,255,252,201,168,219,255,21,0,3,0,20,0,16,69,207,34,0,13,0,0,0,0,0,0,167,255,254,249,255,102,16,67,255,255,0,0,0,0,4,0,0,0,17,0,0,0,5,3,9,17,0,5,238,255,250,215,84,22,0,158,255,247,0,8,0,0,2,0,3,3,0,0,0,0,13,13,0,0,0,0,101,255,196,21,0,4,18,118,224,255,0,0,0,8,0,6,14,6,14,0,0,2,4,2,0,0,6,0,6,37,31,14,0,3,0,74,255,239,2,0,0,0,7,0,13,11,19,0,0,10,0,0,0,0,8,0,0,9,0,30,0,0,1,55,243,249,2,0,0,0,22,2,2,27,15,0,10,0,13,8,17,0,44,8,8,0,0,21,0,0,0,22,249,255,11,1,0,0,0,0,15,1,11,3,15,18,8,11,0,21,10,0,0,0,10,0,0,0,7,0,171,252,9,0,0,0,0,0,0,10,0,12,27,2,0,1,0,0,0,12,0,25,13,0,0,6,28,0,0,0,8,8,0,5,0,0,0,7,0,0,0,6,21,0,0,1,0,0,35,0,0,0,17,18,11,12,0,0,0,0,17,15,0,9,0,0,0,0,0,0,0,10,0,3,3,10,2,0,9,10,0,1,0,5,0,0,3,0,0,0,15,0,20,0,0,2,0,0,0,2,0,9,10,15,7,10,7,0,3,0,0,0,2,0,22,0,0,0,17,4,0,0,6,7
0,0,25,16,7,0,0,12,0,0,1,0,7,0,2,11,0,0,14,0,0,6,0,0,0,23,10,5,17,0,5,3,0,14,2,0,11,1,0,0,25,11,0,0,0,0,0,0,0,0,0,9,0,0,0,0,0,0,0,15,0,8,0,0,3,0,31,1,0,2,0,20,0,0,18,0,4,18,13,13,2,0,0,20,11,2,0,0,0,3,6,7,5,28,0,0,19,0,0,0,10,6,0,2,0,1,3,0,0,2,5,4,0,14,0,0,2,3,15,0,0,0,0,16,0,1,0,9,0,0,0,7,0,12,0,11,0,0,0,4,0,0,0,2,0,21,0,0,0,0,0,0,0,0,0,5,1,23,20,10,0,0,16,3,0,0,7,0,3,0,22,12,13,0,0,9,0,1,23,0,70,223,255,246,165,14,14,0,0,0,19,0,0,0,13,4,0,6,19,0,14,12,0,5,14,0,0,121,255,220,126,139,255,103,0,2,7,7,5,0,31,4,5,3,0,0,0,28,0,0,0,0,1,0,65,226,227,33,0,0,181,242,2,0,0,0,1,0,0,10,0,6,0,4,0,0,0,0,0,17,0,0,167,230,33,0,0,0,86,255,177,0,3,6,0,0,14,0,0,0,27,0,0,0,25,8,2,8,0,90,255,141,0,14,16,14,195,255,233,0,0,0,0,0,0,17,22,16,5,0,0,0,17,7,0,0,0,171,243,68,0,0,30,193,255,235,226,10,0,21,0,0,0,0,5,3,13,0,0,9,0,13,4,0,9,244,226,16,22,149,254,222,204,255,229,2,9,0,0,8,2,0,11,3,6,0,11,0,13,4,0,0,0,255,187,114,249,255,185,15,244,250,187,12,32,6,13,0,0,0,0,0,4,0,0,13,11,0,5,0,10,207,255,255,251,123,0,129,242,87,0,0,0,0,2,0,0,16,9,3,8,1,18,2,1,0,29,0,5,127,207,164,52,8,15,211,255,0,0,0,0,0,6,0,24,0,0,0,0,0,0,0,7,8,3,19,0,8,2,0,0,13,84,252,177,3,1,4,7,0,16,8,11,0,0,0,3,5,0,0,1,8,0,2,0,0,8,2,10,4,186,249,21,0,0,4,3,0,0,0,0,10,11,2,14,15,5,9,20,23,0,7,17,8,24,0,0,27,247,188,16,23,2,2,8,17,4,0,0,12,0,6,11,4,2,0,3,0,0,2,0,0,9,0,0,185,250,114,13,0,4,0,0,0,0,6,0,13,2,0,0,0,5,0,0,0,25,0,0,4,5,0,2,196,233,12,14,0,0,0,12,0,3,0,4,0,17,0,6,1,4,10,9,11,10,0,11,0,0,0,90,248,176,0,0,0,0,0,9,3,10,8,0,0,0,0,7,0,25,0,0,3,0,0,0,0,27,0,236,255,27,0,4,0,0,0,0,2,2,12,12,8,4,0,3,0,0,6,4,0,2,4,11,0,15,74,246,177,0,0,3,0,0,6,0,0,2,0,0,0,14,20,17,4,28,6,0,0,13,4,0,0,1,144,255,225,21,5,0,10,20,0,0,0,0,0,9,0,10,0,0,0,7,0,0,4,0,0,0,0,1,123,255,134,0,1,0,0,5,0,0,0,0,0,35,16,0,0,5,0,0,0,0,0,4,10,0,7,14,0,0,0,0,0,14,22,0,0,0,0,16,0,0,14,23,7,12,10,10,0,0,14,0,1,8,0,11,14,6,0,12,0,30,0,15,0,0,0,0,0,0,0,0,3
7,0,0,0,0,2,18,0,1,0,7,3,0,1,18,4,0,0,0,0,0,10,0,0,0,7,0,0,0,4,0,0,0,0,0,3,0,0,20,1,0,0,3,10,0,0,0,0,0,0,0,3,0,11,0,0,0,10,43,0,5,0,0,20,20,0,0,4,4,12,0,14,0,14,0,1,0,5,0,14,0,15,10,0,1,20,7,1,0,2,0,0,0,0,0,0,0,0,0,24,0,20,0,17,0,11,0,0,0,9,0,0,8,23,0,24,27,0,5,4,1,4,0,24,12,0,0,0,15,0,11,13,0,2,0,6,0,0,7,4,6,0,4,22,0,30,5,5,5,0,1,1,4,59,255,118,0,25,10,0,20,17,6,10,0,0,6,0,0,0,0,10,0,9,0,30,3,0,22,6,20,221,255,171,12,18,0,0,0,0,11,14,6,5,4,5,14,0,7,0,9,11,0,2,0,0,0,0,0,193,255,134,0,0,0,14,4,15,0,0,0,11,17,1,8,0,0,0,0,1,9,7,0,41,0,9,5,241,241,135,16,0,5,0,4,19,0,0,0,25,0,0,3,0,27,8,0,0,0,4,0,0,0,30,16,228,252,190,0,0,3,0,8,0,18,0,9,19,17,19,0,0,10,26,10,0,23,2,0,20,0,8,0,189,253,143,0,0,0,3,6,0,7,1,0,1,0,0,7,0,0,0,5,17,0,3,0,0,0,0,0,205,254,136,14,0,4,14,0,0,16,0,16,0,0,5,1,16,0,6,0,0,10,1,0,13,0,30,0,212,255,114,13,0,0,0,0,0,0,9,9,9,2,0,0,9,0,6,13,0,3,0,9,0,0,0,38,135,255,200,0,5,0,19,6,0,0,0,0,20,8,0,0,0,0,0,10,14,0,0,5,0,0,2,0,144,255,107,24,0,9,0,0,0,1,2,0,0,0,8,0,0,13,20,0,0,0,18,22,15,0,0,8,147,255,124,0,3,10,3,0,0,5,5,23,0,4,7,16,7,0,19,0,0,15,2,5,11,0,0,12,137,255,175,0,3,9,16,0,0,0,15,0,0,8,0,0,21,29,0,3,0,4,0,0,6,10,8,4,131,255,122,0,0,11,16,0,0,1,0,0,2,1,0,0,0,0,0,0,24,0,0,0,0,0,0,18,102,255,157,2,0,2,0,0,0,0,1,0,14,10,0,1,0,5,8,0,7,0,0,0,0,0,0,0,91,251,208,0,0,3,7,0,9,0,0,2,0,0,0,4,0,9,15,0,0,9,7,0,3,5,0,0,19,236,252,48,0,0,4,3,3,1,0,0,0,17,28,0,8,1,0,0,25,0,0,0,35,0,0,0,0,217,252,22,0,0,27,0,7,0,0,0,0,15,0,0,14,16,0,0,0,0,0,0,0,0,25,15,7,195,255,53,11,3,3,0,13,0,4,0,0,0,0,0,3,29,0,14,0,0,0,0,8,0,30,7,9,121,255,65,7,0,7,16,16,0,14,0,0,20,11,0,8,0,0,0,8,22,0,27,0,0,5,9,0,96,167,23,0,17,0,0,0,6,0,0,0,13,0,0,3,16,4,6,6,0,10,3,0,8,14,0,0,0,0,0,16,0,0,0,0,6,0,32,0,0,0,12,0,0,0,11,0,8,9,19,12,1,5,0,9,8,11,1,12,0,13,0,0,0,12,16,2,8,16,0,0,0,0,5,0,6,12,10,0,0,7,0,0,0,0,7,0,3,17,1,4,0,20,0,0,0,5
23,0,39,0,10,10,0,18,0,12,10,0,19,0,5,0,0,0,0,25,0,8,0,0,0,14,0,0,7,0,0,6,5,0,1,0,18,1,0,1,0,0,5,0,0,0,0,0,2,11,0,0,1,4,0,0,2,0,0,0,0,7,0,0,0,3,4,0,3,0,0,4,0,33,15,0,7,0,0,0,0,7,0,0,14,0,5,12,0,32,0,0,11,21,1,0,26,33,6,0,0,2,0,19,7,15,8,0,0,0,20,7,25,23,0,2,0,6,0,13,14,6,20,24,0,35,0,3,0,0,0,5,148,191,32,0,0,5,0,0,24,29,0,27,0,21,21,0,0,0,0,0,0,24,2,4,12,0,50,167,255,201,5,4,0,9,4,21,15,0,0,3,0,0,0,0,0,13,21,0,0,255,255,0,0,0,150,255,255,37,0,0,2,0,1,0,0,2,5,6,0,14,0,0,0,0,0,0,132,238,147,0,2,31,255,236,170,0,5,0,0,0,6,10,0,0,0,7,16,0,0,12,0,11,0,105,250,222,4,4,17,154,254,246,18,0,0,0,3,0,0,0,7,18,0,0,5,11,18,18,0,9,31,234,232,133,6,0,0,189,247,198,4,0,2,34,15,0,5,0,2,7,17,0,7,0,16,2,0,1,240,255,204,9,30,0,74,253,251,97,0,0,5,0,13,2,14,8,0,0,10,12,1,13,11,0,0,139,238,163,17,0,1,0,188,245,173,18,9,0,0,0,0,3,9,0,19,0,0,0,9,2,0,4,28,255,247,83,0,25,2,45,223,255,104,5,0,19,4,11,6,12,2,0,15,6,0,32,9,2,10,28,204,249,118,0,0,0,0,156,255,225,7,17,0,0,0,0,0,14,4,1,0,2,8,0,3,0,27,53,255,206,6,0,0,3,0,255,255,110,31,33,10,0,0,0,11,0,5,6,4,2,0,28,0,0,8,88,255,240,198,133,101,43,92,251,254,71,14,0,5,13,0,2,18,3,8,0,10,0,14,3,0,0,0,91,255,233,255,255,255,255,255,254,192,0,9,16,0,12,0,22,0,0,0,10,0,0,11,5,5,5,12,26,36,42,127,174,254,255,241,254,246,98,24,2,0,0,0,13,1,0,0,23,0,0,0,2,31,0,13,18,9,0,12,13,85,255,249,243,251,229,220,217,165,13,6,0,0,0,0,0,6,5,3,0,5,0,0,0,2,11,0,8,161,255,232,51,141,218,239,255,255,0,0,0,0,0,0,3,0,0,0,13,0,4,0,17,0,17,10,1,214,251,140,11,0,17,54,90,75,16,0,0,38,10,0,10,17,4,0,15,3,4,20,19,0,3,0,26,229,239,55,9,0,0,13,0,1,0,0,0,0,19,0,0,0,25,0,19,26,0,0,13,2,0,0,54,231,255,56,0,3,11,17,0,0,0,0,0,27,4,0,0,11,3,0,0,0,0,20,0,5,26,0,18,125,238,99,5,0,0,0,20,0,34,7,15,19,4,0,0,26,0,6,0,6,0,0,7,20,10,4,4,0,0,2,10,4,6,1,0,5,15,0,0,0,0,0,1,0,16,2,0,23,0,6,30,16,0,14,0,18,0,0,0,0,0,0,0,0,3,8,0,0,9,0,14,2,0,17,0,0,13,0,15,0,0,11,23,7,0,0,0,13,17,0,15,19,20,22,0,0,0,0,0,0,0,6,18,9,0,6,21,0,0,1,0,0,0,0,0,2,0,0,6,0,15,0,23,0,20,0,17
0,0,0,13,0,0,3,0,25,5,14,11,0,0,21,12,0,0,0,13,1,7,8,1,5,12,0,12,0,0,0,15,0,0,0,11,0,5,0,7,9,0,5,14,9,9,7,0,0,18,0,3,13,4,20,1,4,0,0,19,0,0,13,4,0,11,12,0,0,2,0,0,0,0,5,0,14,0,0,0,0,9,0,0,8,0,18,0,0,8,21,0,0,6,11,0,18,0,15,0,7,0,0,0,0,0,0,4,0,20,6,3,0,0,0,18,0,0,0,21,18,0,9,15,9,18,0,11,0,0,0,4,14,0,6,23,0,0,5,0,0,0,15,9,14,0,27,3,0,18,60,205,245,255,249,246,151,0,0,0,2,0,0,24,1,7,0,1,0,0,0,0,10,8,0,0,29,207,255,255,132,59,124,234,239,159,0,5,13,0,0,4,18,0,0,0,0,6,0,10,0,0,3,0,219,254,126,0,11,0,10,49,229,242,0,16,0,0,0,19,8,0,6,0,0,1,4,0,27,0,3,100,255,158,11,10,0,15,0,0,22,32,71,180,68,9,19,5,8,0,14,0,0,0,0,0,0,4,0,207,255,49,32,0,9,0,21,0,0,31,255,250,89,0,0,0,0,13,0,21,0,23,12,6,3,11,0,211,244,50,0,12,0,5,24,7,45,222,233,111,13,0,0,2,0,0,15,0,0,9,0,0,0,0,0,188,245,153,7,0,0,0,0,71,225,250,147,0,17,12,0,7,0,0,7,0,5,0,0,0,0,0,0,120,234,240,119,0,0,0,0,195,255,122,0,7,0,18,11,0,27,7,15,0,20,0,0,28,0,6,10,18,193,254,233,147,0,0,174,234,163,0,0,0,0,0,0,8,0,0,3,12,0,0,0,8,6,10,9,13,0,163,255,255,172,90,255,221,16,0,0,0,0,2,0,10,4,10,0,6,0,20,5,0,0,3,5,9,0,8,76,199,251,235,255,164,0,0,15,0,17,0,5,5,0,0,26,1,4,10,8,0,1,0,0,19,13,7,16,19,255,255,251,233,77,0,2,29,33,0,12,0,0,18,10,0,1,0,8,14,0,25,19,8,17,0,11,0,74,255,221,255,255,49,8,0,0,3,0,0,0,0,0,0,14,0,14,4,21,0,1,15,9,0,20,19,190,255,199,221,249,225,21,0,13,0,30,4,12,12,0,25,0,0,0,14,5,0,7,0,0,0,0,9,233,255,115,21,164,248,202,40,23,7,3,0,0,5,18,0,3,0,0,7,0,0,0,19,3,11,0,0,255,255,32,0,34,220,240,46,17,7,0,0,15,0,0,10,10,0,6,12,0,15,0,0,5,0,19,0,255,253,20,7,32,233,255,58,4,0,0,0,2,0,15,0,0,0,0,23,0,6,26,0,0,0,3,2,247,250,146,144,191,255,248,28,0,14,26,4,6,17,15,19,0,19,1,0,14,0,20,0,9,0,9,8,20,197,255,254,255,252,148,18,11,0,3,0,14,9,7,8,12,19,0,0,0,0,0,0,0,24,10,0,12,23,173,213,160,119,16,0,0,0,0,7,0,0,14,12,0,0,0,0,0,23,0,10,7,26,0,13,3,21,0,0,0,39,0,0,5,8,0,12,0,22,0,1,22,0,0,0,0,6,7,0,0,0,17,0,0,20,0,26,5,0,20,8,17,0,18,17,0,0,2,0,0,1,6,10,25,10,9,13,0,0,9,0,0,0,0,31,3,0,8,22,0,2,37,0,0,8,0,9
24,4,0,0,4,0,0,0,0,10,11,11,19,0,0,0,21,3,0,2,1,0,10,0,0,27,0,6,0,0,0,0,0,0,0,0,0,0,0,0,15,0,19,13,7,0,0,4,0,20,24,9,10,0,17,1,11,11,0,14,14,0,6,0,0,20,27,21,0,0,6,0,0,9,14,14,8,14,0,0,9,0,12,7,14,0,0,9,0,6,10,2,5,8,0,8,16,0,0,0,0,0,0,1,0,24,10,13,17,2,0,0,1,8,5,18,0,6,0,0,13,0,0,5,0,1,0,2,184,181,4,13,0,0,0,0,0,0,0,17,0,0,14,17,7,16,12,10,2,0,0,4,17,0,2,84,247,71,2,0,24,0,0,0,0,0,0,0,0,0,12,0,0,0,0,0,16,4,6,23,0,13,0,144,255,89,0,18,0,0,20,7,0,0,8,5,0,0,0,0,10,6,0,0,8,0,0,12,0,0,83,254,228,19,14,0,8,21,2,11,0,8,12,0,16,12,0,4,25,0,6,12,21,0,0,9,5,10,147,239,241,0,4,0,0,0,0,11,0,14,17,19,2,0,2,0,18,1,0,23,11,0,16,0,24,8,220,247,193,0,0,24,0,22,0,0,13,6,0,0,0,0,0,0,0,0,0,0,3,0,0,0,0,51,255,242,44,0,27,14,18,6,0,23,0,11,5,0,0,0,0,0,0,0,2,16,31,1,24,0,14,127,253,222,8,4,4,6,6,0,12,9,0,0,6,0,7,26,3,0,0,0,0,0,21,17,2,13,0,216,228,168,22,0,0,2,19,0,0,0,12,26,2,0,1,33,0,0,0,11,0,0,7,30,6,0,0,240,255,170,0,3,0,10,0,0,0,13,18,0,8,9,3,10,5,0,0,0,0,1,0,0,0,4,51,242,255,172,0,4,5,0,0,9,3,0,0,0,10,0,30,0,8,0,0,0,2,3,7,0,19,19,94,248,255,56,2,9,5,0,10,0,7,14,0,0,1,0,7,0,17,18,14,3,0,10,0,0,10,20,182,240,206,15,0,15,25,1,12,0,0,14,0,0,0,0,0,0,1,0,0,0,13,28,0,11,0,8,181,247,209,13,0,11,0,8,0,0,0,17,0,7,1,0,0,6,0,17,13,0,0,13,0,3,22,18,255,235,105,0,3,0,0,10,0,0,0,4,15,0,0,0,0,14,12,7,11,4,22,0,7,0,18,40,221,255,85,12,10,14,26,4,0,0,10,0,9,4,0,19,0,0,9,1,0,16,0,0,16,0,0,39,255,255,98,0,0,0,0,0,7,0,2,5,2,0,0,7,3,8,4,0,14,3,0,0,14,0,11,58,255,251,87,11,2,1,0,10,2,11,0,16,0,0,15,0,10,0,0,0,30,14,0,8,0,0,19,53,255,255,206,97,0,7,4,4,0,3,0,12,0,1,0,22,0,3,0,2,20,0,12,4,1,7,0,5,157,255,180,60,0,0,0,0,13,11,0,0,2,10,10,5,5,0,0,0,20,22,27,0,0,21,19,7,22,0,2,2,9,8,0,8,26,0,0,0,0,0,0,0,0,2,10,0,17,8,0,0,0,0,0,0,12,21,18,11,15,1,19,0,2,0,0,7,20,0,0,0,1,0,6,0,12,0,10,20,11,0,2,0,0,14,19,0,0,0,12,0,0,18,0,0,2,0,0,5,0,3,12,8,21,0,4,0,0,0,0,0,0,12,1,29,8,0,13,9,0,0,4,0,0,0,0,18
0,0,5,0,0,0,16,6,0,14,12,0,4,0,0,0,6,24,0,6,2,7,6,7,11,3,0,3,14,0,0,4,0,0,0,0,6,17,0,0,0,0,20,0,0,0,0,10,1,0,12,0,24,8,6,0,4,7,0,0,11,0,12,0,0,2,10,0,0,6,0,19,0,0,0,6,18,6,1,7,20,5,5,0,0,0,0,8,0,3,0,1,7,0,0,0,1,0,17,0,2,0,0,16,14,0,0,0,0,0,7,0,9,0,1,10,2,0,0,0,0,2,0,3,12,19,16,0,0,3,3,7,0,0,0,0,0,1,12,0,5,4,0,12,3,0,9,2,5,30,112,156,194,221,164,160,159,76,18,0,0,7,0,0,4,8,8,0,0,15,5,12,0,0,14,3,127,243,250,244,226,207,202,246,243,239,204,9,21,3,2,19,5,0,9,0,14,4,0,2,11,0,28,23,248,229,177,98,1,0,5,8,29,114,255,158,0,0,3,2,0,8,0,6,0,0,11,8,12,40,0,104,232,17,0,0,0,14,20,4,0,3,64,231,2,8,0,0,17,0,22,0,7,0,7,4,0,0,0,106,244,0,0,13,25,0,0,0,0,24,20,215,23,0,27,10,10,0,7,2,0,14,0,33,0,0,11,42,239,87,13,26,0,0,7,14,0,20,0,193,0,20,0,0,11,0,0,9,0,0,0,3,0,0,2,0,189,210,25,2,0,0,1,0,127,0,98,189,19,5,0,23,12,0,0,17,32,0,0,0,0,10,11,1,43,205,222,26,5,12,39,206,177,34,237,59,40,24,4,0,4,10,0,2,0,0,16,0,3,3,12,14,12,75,220,228,17,33,199,124,0,91,189,38,17,2,0,8,27,0,0,0,34,10,0,0,8,0,1,5,15,0,26,130,230,212,160,0,48,245,58,0,0,0,0,0,0,0,3,0,0,0,0,0,0,11,0,0,3,5,0,0,231,249,161,8,71,176,0,0,0,0,0,1,0,2,9,0,11,5,12,0,0,0,0,0,5,0,12,118,253,118,184,213,150,17,7,0,0,0,8,1,8,5,44,0,7,1,7,0,0,1,1,24,11,0,72,255,121,1,51,119,232,106,8,0,0,0,19,5,12,0,9,17,20,14,0,0,9,0,0,0,0,24,186,192,0,0,0,6,98,195,158,6,0,0,18,14,4,0,3,14,0,0,0,0,11,0,0,20,6,67,245,71,0,0,0,19,0,14,161,180,42,22,12,0,0,0,9,35,7,0,0,0,0,0,8,0,1,125,245,40,0,9,0,0,0,0,3,58,206,47,0,0,0,0,1,3,0,0,0,13,9,0,23,1,0,113,207,23,0,8,0,2,0,0,0,0,126,215,16,0,14,0,0,0,13,0,0,0,0,0,4,0,7,66,230,91,0,0,12,21,0,10,0,0,19,156,144,0,27,0,0,0,24,13,0,4,22,4,0,10,0,0,150,242,166,79,25,10,14,3,0,19,61,146,137,0,0,9,0,0,0,0,0,16,0,3,5,0,0,5,1,39,146,202,160,156,152,187,189,182,210,88,14,0,6,10,2,23,0,0,3,13,0,0,15,0,15,15,11,0,0,0,2,24,0,0,9,12,12,0,13,4,0,0,0,5,0,0,2,7,0,0,6,0,0,0,0,9,20,0,0,0,0,17,2,22,0,0,16,19,19,3,0,0,11,0,7,1,0,10,0,0,29,0,6,23,0,0,2,19,0,3,0,7,0,0,0,0,20,0,9,2
0,10,3,0,1,23,0,0,0,0,0,1,23,2,0,0,17,0,0,4,0,0,0,44,0,0,4,7,0,14,8,0,0,15,0,0,17,0,0,3,0,0,0,0,8,16,8,0,21,12,27,2,13,15,0,13,0,0,4,23,0,0,15,4,25,0,14,0,0,24,3,0,0,0,1,10,0,12,0,20,17,11,2,6,10,12,1,0,4,0,6,11,0,0,0,0,0,0,14,15,5,0,3,8,5,0,9,0,4,2,19,0,13,12,0,0,0,0,13,0,4,16,7,20,10,0,0,23,2,0,0,0,0,0,18,25,0,0,0,6,0,0,0,0,0,1,14,12,0,3,245,251,31,14,0,12,12,0,5,0,0,17,0,12,4,0,0,0,18,0,15,0,7,9,13,0,0,0,244,255,20,0,10,1,0,0,4,10,5,5,0,0,0,3,0,0,4,1,0,0,16,7,1,34,0,6,214,246,24,0,12,0,0,0,16,0,0,0,0,11,0,2,7,0,0,0,7,4,0,0,0,0,0,6,241,255,12,3,0,0,18,5,0,3,15,0,0,14,15,0,0,5,7,0,7,0,19,0,0,0,26,0,232,235,0,11,12,9,12,0,0,19,1,0,2,0,0,7,15,22,0,6,6,13,2,0,1,5,0,19,253,229,13,0,180,120,10,9,0,0,4,4,0,12,22,12,4,0,0,4,0,0,14,0,3,10,4,88,249,255,35,0,217,248,41,1,15,7,0,0,21,0,15,0,0,9,10,0,8,21,0,0,0,0,0,84,255,233,20,5,171,249,137,0,0,0,0,0,7,11,28,14,0,10,1,22,0,0,0,0,1,2,0,80,237,252,16,0,70,255,209,13,25,3,7,25,0,5,0,3,12,0,0,12,6,4,0,7,25,16,0,65,236,249,176,61,10,212,211,15,2,0,0,0,0,3,0,0,22,0,0,8,13,22,0,0,11,0,3,30,245,236,255,226,224,251,240,142,128,121,42,51,0,0,10,3,3,14,0,0,0,0,0,16,1,0,0,22,126,213,252,243,255,255,241,255,253,249,255,255,63,8,11,18,4,0,25,0,0,0,24,17,0,0,0,0,14,10,92,165,158,245,247,255,255,238,240,243,21,5,9,8,0,0,0,0,0,0,0,0,0,15,0,11,8,0,0,0,19,0,193,252,105,55,0,21,0,10,0,0,0,1,0,0,0,0,13,0,0,0,10,0,0,15,0,2,0,7,92,255,104,0,2,0,21,3,11,0,0,0,0,0,13,3,10,1,16,0,0,4,9,3,0,0,0,0,44,255,232,2,5,11,0,8,4,0,0,16,9,14,11,15,10,0,5,0,7,0,10,13,7,0,0,0,34,249,255,65,0,0,1,0,13,13,4,10,0,8,8,21,17,0,0,0,10,7,12,18,0,0,0,0,0,202,254,58,14,7,3,2,0,0,0,0,18,13,0,0,12,0,0,0,0,0,0,7,0,0,24,16,0,153,251,66,0,10,0,3,0,8,0,24,0,0,6,18,0,5,4,17,0,0,10,9,5,0,2,9,0,45,195,36,0,9,5,25,30,0,0,1,0,0,9,0,0,0,0,7,3,19,30,0,0,47,0,0,0,0,9,0,3,0,11,11,0,16,3,0,0,20,3,6,0,0,0,0,2,0,15,0,0,20,0,23,0,0,0,4,16,28,0,17,0,0,2,4,0,0,2,0,0,26,19,0,2,0,5,0,1,24,0,0,0,5,7,6,8,7,4,0,35,9,29,17
0,0,0,0,29,0,0,14,4,3,3,6,0,25,0,4,2,0,10,0,26,12,0,16,12,0,0,0,0,8,0,0,0,8,0,0,0,5,19,2,0,2,11,21,3,1,14,38,2,0,0,0,22,0,13,12,0,22,0,0,17,11,0,0,0,0,7,2,8,2,0,0,7,29,7,27,16,0,3,14,0,13,10,0,0,10,3,21,32,8,0,0,0,0,0,0,4,0,0,0,5,6,0,0,5,14,0,0,0,14,17,0,0,17,6,0,0,0,20,7,6,12,0,9,0,0,8,1,0,9,0,0,0,20,0,0,0,12,4,7,19,0,7,7,0,3,0,0,0,12,0,0,0,12,0,0,8,28,1,0,0,0,0,2,21,14,0,4,0,30,19,0,20,0,7,7,7,0,0,7,11,6,22,0,10,6,5,0,0,9,0,0,0,12,0,15,17,4,0,8,2,0,9,0,0,0,30,4,9,0,3,0,0,0,0,0,10,10,15,21,25,0,14,0,10,0,0,15,18,2,3,11,0,33,7,48,52,50,12,0,10,8,0,61,66,155,157,145,115,34,11,0,0,20,14,7,0,21,0,0,0,17,57,159,255,217,0,1,29,65,178,255,255,232,251,232,241,199,27,6,4,5,8,7,4,7,13,28,31,162,223,203,48,7,50,180,228,252,254,255,254,184,119,45,40,19,10,1,6,0,0,0,3,0,0,64,173,248,255,227,174,225,230,253,255,254,161,147,35,50,0,0,9,16,0,12,33,0,0,20,0,12,13,191,253,255,142,165,242,131,132,69,1,19,3,23,21,1,21,0,8,1,0,0,11,0,0,0,0,7,0,190,254,254,76,0,0,0,7,7,19,0,2,16,28,0,0,0,0,15,1,12,0,18,0,0,0,0,1,71,224,255,255,117,46,10,15,9,0,8,0,10,4,1,0,2,4,0,14,0,0,0,0,0,0,10,6,16,18,166,224,232,239,220,190,75,0,0,18,0,2,2,0,0,0,11,10,18,8,0,4,12,0,0,0,12,10,0,36,158,240,246,252,228,131,16,0,3,0,0,13,11,14,10,1,2,4,11,13,0,0,14,0,0,0,19,13,0,23,167,255,253,253,69,7,0,0,4,15,0,1,0,0,0,0,14,0,0,0,0,8,7,0,23,0,14,0,22,41,172,255,236,22,0,15,13,15,2,16,0,0,0,0,0,11,13,0,13,4,0,11,13,2,2,0,5,8,69,242,239,17,0,0,26,0,0,3,2,7,11,0,2,2,0,0,0,33,0,0,6,0,0,0,0,53,227,252,187,11,6,11,0,17,0,0,0,0,23,0,14,10,0,0,8,247,139,26,0,0,16,70,48,244,245,255,97,9,6,10,0,1,0,3,7,5,0,3,0,12,10,0,0,54,208,255,150,73,198,255,255,255,208,62,9,0,0,0,22,16,8,3,0,0,6,0,0,7,16,3,4,1,19,65,47,31,148,177,180,81,44,13,0,10,0,0,14,0,0,0,0,16,12,1,2,0,14,0,0,18,0,4,0,0,20,21,6,0,22,9,14,0,0,17,9,5,0,12,0,0,6,2,0,0,15,0,0,3,0,2,0,0,10,4,6,7,13,0,10,6,0,1,0,0,14,9,19,13,0,0,7,15,0,0,1,18,0,0,0,23,0,14,14,7,22,3,9,0,0,0,0,7,9,0,1,6,6,24,18,9,0,8,0,0,0,0,0,0,0,3,15,0,5,0,6,0,0,1,10,0,0,11,12,0,0
5,0,13,2,0,0,6,0,0,1,0,9,1,0,16,0,0,0,0,0,0,10,16,6,22,11,4,0,0,3,29,4,9,0,0,0,0,4,0,0,0,0,0,13,0,0,8,35,0,0,5,3,10,15,17,0,0,0,5,0,0,16,0,0,0,10,0,0,0,0,3,1,10,0,3,13,9,0,1,0,17,16,16,0,0,0,1,1,0,0,0,16,12,0,1,0,9,0,3,17,0,3,0,0,6,0,5,0,1,11,17,0,2,2,23,28,10,2,6,0,0,0,9,0,0,0,0,0,16,0,10,15,0,0,0,0,0,25,3,0,0,0,21,12,0,0,0,0,3,11,3,0,14,0,19,0,1,0,1,2,0,16,4,4,0,0,18,0,0,24,10,18,7,0,0,17,8,0,0,0,3,124,156,226,122,22,3,0,0,0,14,0,0,20,0,4,0,6,0,2,0,3,10,16,21,14,0,46,235,255,255,238,255,175,0,15,0,0,21,7,0,0,5,0,0,0,0,0,0,2,14,17,5,5,37,209,252,167,195,222,249,255,183,0,0,14,17,0,0,0,0,6,25,0,3,0,0,22,0,0,11,0,88,213,46,15,0,16,139,255,230,0,0,19,0,0,7,1,26,0,0,17,0,4,0,15,0,5,0,9,223,221,9,0,0,0,128,253,215,0,8,0,11,0,0,0,0,0,18,0,0,0,7,11,17,0,0,94,255,80,0,8,0,24,170,255,236,2,1,37,0,2,0,0,0,0,0,12,7,13,5,4,0,1,0,119,183,4,0,10,0,120,233,255,236,8,2,7,0,0,6,0,0,14,0,8,0,0,5,0,0,6,3,140,159,0,6,0,17,246,203,253,245,0,21,1,0,0,21,0,0,0,0,2,0,15,0,0,0,0,0,217,176,0,0,43,182,245,55,255,165,16,4,16,0,0,0,4,0,0,22,9,0,9,18,1,6,14,10,229,180,55,24,183,235,145,76,255,84,13,0,3,5,0,6,6,7,0,5,0,15,5,0,0,0,0,5,249,255,255,243,255,115,23,114,255,26,2,0,0,8,5,10,0,0,3,18,0,0,0,19,8,0,0,0,88,255,254,248,161,58,0,174,191,0,0,18,10,2,17,0,0,14,1,0,1,0,3,21,30,6,22,15,17,38,113,65,0,0,9,228,175,25,0,0,5,1,0,0,4,0,0,0,0,0,2,35,0,0,0,0,2,0,0,5,0,8,50,242,152,4,9,2,7,3,0,0,13,6,0,7,0,3,10,0,0,0,0,0,2,0,36,15,3,6,127,251,74,15,0,0,0,0,10,11,4,13,0,0,24,0,14,0,0,17,0,0,0,5,0,4,0,8,171,255,3,0,33,16,0,13,9,16,4,6,4,0,0,0,0,16,18,0,7,17,22,0,1,0,4,11,236,143,0,9,0,13,0,10,7,12,0,19,0,18,7,0,0,12,0,16,0,2,0,0,9,0,18,88,247,132,11,23,0,1,0,17,0,23,0,0,7,2,3,15,4,4,13,0,9,0,12,2,0,0,3,199,235,97,0,3,0,0,3,0,0,11,0,0,15,0,0,6,15,31,0,9,11,3,0,17,2,1,0,201,158,26,23,0,12,20,0,0,0,2,7,0,0,3,0,0,0,8,0,7,0,6,14,8,25,0,20,0,0,0,12,0,0,0,8,6,18,0,0,0,4,0,19,0,0,10,7,6,0,11,0,0,8,20,10,0,0,0,4,0,0,0,0,0,0,0,3,16,14
0,2,14,0,9,20,2,0,0,0,0,15,25,0,7,3,15,0,0,0,0,6,0,5,10,0,0,7,0,0,0,0,0,0,11,16,0,22,0,11,0,2,0,7,0,9,0,15,7,5,0,0,0,0,0,0,16,0,0,3,39,1,0,0,9,0,0,6,0,0,0,1,0,10,0,4,10,19,14,0,11,0,2,0,17,0,8,0,0,10,0,3,0,0,24,7,0,0,0,0,17,3,5,20,0,0,0,0,23,18,26,8,7,19,1,7,6,1,1,5,6,2,0,15,0,12,2,11,4,11,0,1,2,0,0,0,1,6,4,3,0,0,5,0,15,0,14,21,0,0,0,3,0,110,160,255,255,243,59,0,11,0,0,15,6,0,17,21,32,13,0,4,18,4,9,20,0,6,16,136,227,236,255,255,255,255,211,9,0,20,6,6,0,7,1,14,0,19,0,17,0,0,16,0,0,0,228,237,230,255,237,115,7,153,218,5,0,0,1,0,5,0,12,18,17,0,10,0,0,0,25,0,0,162,245,236,216,46,0,20,21,105,21,123,190,6,0,0,0,0,0,0,0,0,0,18,0,0,0,0,6,236,255,251,217,72,0,30,0,29,219,237,200,16,3,12,0,16,10,6,7,0,0,17,17,0,4,24,0,73,255,248,243,253,226,99,83,186,255,225,44,5,0,0,0,9,7,13,8,15,12,4,0,0,0,26,0,15,42,90,233,254,245,229,247,250,255,133,8,0,8,0,15,0,0,13,0,0,0,0,9,0,0,0,15,11,34,15,57,157,161,248,252,244,180,13,0,2,0,28,0,0,0,16,0,20,0,0,0,0,25,0,0,0,10,13,4,1,52,250,245,240,52,0,1,0,12,3,0,0,1,2,10,0,0,10,1,0,0,0,0,0,0,0,0,9,115,252,246,255,84,17,17,0,0,0,20,5,0,0,0,0,11,27,24,0,9,0,1,14,1,0,0,69,255,241,238,255,87,0,17,0,1,0,0,3,0,3,0,4,8,3,9,0,12,0,0,12,0,0,0,184,255,255,241,255,82,1,3,0,9,13,5,0,5,12,0,17,0,16,0,0,0,3,0,0,18,0,79,233,250,240,248,255,84,0,29,9,0,18,0,11,0,7,12,7,0,11,11,0,2,4,0,4,11,65,242,227,157,255,255,212,0,0,0,14,0,0,0,11,0,10,0,5,5,24,4,0,23,5,0,1,4,69,255,176,78,255,247,124,0,5,2,6,0,0,0,0,5,11,7,0,0,0,0,0,17,0,0,0,17,157,248,237,244,255,231,35,0,0,0,0,18,1,11,0,2,0,11,4,0,0,2,2,0,0,0,4,0,195,255,246,255,255,57,0,5,5,0,0,0,14,0,0,0,0,9,0,0,8,0,0,0,7,10,0,0,227,255,255,255,218,25,0,0,0,0,2,7,14,20,0,0,3,11,0,8,10,0,12,19,11,8,0,0,198,255,255,184,8,0,5,0,9,2,0,11,0,0,3,0,0,0,0,0,23,0,0,0,24,0,0,28,201,249,216,8,0,0,0,21,0,15,0,7,0,0,0,6,22,0,6,0,0,6,8,21,0,13,0,4,0,4,0,3,28,0,4,0,26,0,0,0,0,0,4,31,1,16,2,8,5,5,18,0,0,0,0,8,0,0,6,13,0,5,22,0,0,0,0,0,4,0,0,0,0,7,0,0,23,0,5,6,0,16,25,0,0,15,0,0,0,18,0,0,17,1,0,7,2,0,0,11,18
3,0,0,0,0,0,0,0,10,0,0,0,0,0,11,0,0,0,0,20,10,17,5,0,2,8,0,4,17,0,0,3,0,27,8,0,13,0,0,0,23,0,3,0,15,0,0,1,0,0,14,0,0,9,0,8,22,3,15,2,4,5,0,0,0,0,0,0,3,0,0,8,31,2,0,0,0,28,0,21,11,0,0,2,0,0,1,14,14,0,0,0,5,10,0,0,14,0,21,0,0,24,0,0,18,0,10,0,1,0,0,29,0,14,0,7,0,0,0,12,0,0,2,0,15,0,4,0,17,0,5,3,0,0,0,0,0,0,3,24,0,0,28,0,0,13,1,24,5,0,18,0,0,108,121,189,252,210,130,24,22,0,0,0,0,0,0,0,4,0,0,0,12,0,0,7,4,0,0,27,112,254,249,213,155,246,230,170,7,7,0,0,17,16,1,0,0,3,0,0,8,6,0,3,0,0,82,225,244,244,159,1,13,4,161,255,82,15,0,0,8,0,10,7,14,16,10,18,0,0,0,7,0,1,240,252,246,242,114,0,0,0,150,255,133,9,0,0,4,6,14,0,0,0,7,0,0,0,4,0,0,119,239,245,95,219,161,1,6,0,138,255,85,0,0,0,11,0,12,2,0,0,10,31,4,0,7,0,0,141,255,233,0,100,205,5,0,0,165,255,15,24,0,0,2,23,1,0,0,7,3,0,5,0,28,16,13,223,254,230,0,21,31,0,0,28,251,187,0,0,9,0,12,0,4,0,0,0,0,0,0,0,0,0,0,95,255,224,16,12,0,0,0,220,254,60,15,9,11,0,21,0,8,0,0,8,17,0,6,8,9,9,0,17,249,236,86,6,3,0,185,244,135,10,0,0,0,0,19,0,18,0,0,10,18,0,0,6,0,2,13,0,132,255,168,18,4,13,234,174,0,0,11,0,12,5,0,13,0,0,0,0,0,9,4,7,0,7,0,6,12,246,253,131,38,234,185,8,1,0,0,3,0,11,2,0,0,25,14,8,5,0,7,0,0,8,13,12,0,145,242,229,255,235,19,7,10,13,0,0,5,0,13,0,3,0,35,1,5,0,10,1,5,7,0,3,0,0,173,255,241,127,0,0,10,0,0,0,0,0,17,0,0,7,3,15,18,0,6,0,27,12,0,0,19,21,222,255,191,16,0,15,7,10,7,0,0,0,14,0,5,0,0,4,3,0,0,0,3,0,0,1,0,197,255,255,255,123,0,5,0,0,17,6,0,0,0,6,0,0,18,1,0,12,0,0,0,0,0,16,125,231,171,125,255,202,0,11,0,0,0,0,0,0,0,14,4,0,0,0,3,0,14,0,5,0,12,19,238,241,20,132,255,255,16,0,0,10,0,0,0,2,6,10,0,0,0,0,0,18,0,9,0,12,0,15,238,240,0,121,249,212,13,9,18,0,1,0,0,5,8,7,7,5,9,3,8,0,0,0,0,4,15,33,255,255,182,207,242,150,7,0,0,0,0,22,0,11,0,5,6,1,0,26,0,12,0,20,0,0,12,0,72,234,234,250,214,44,0,8,0,0,5,13,23,4,0,0,22,12,3,0,0,2,0,0,0,0,0,0,0,4,16,0,0,0,11,0,0,0,0,8,2,0,19,0,0,0,8,2,0,0,0,3,0,0,0,12,0,39,0,0,0,25,12,18,1,0,13,5,0,0,0,21,0,0,0,8,5,0,10,0,0,0,0,0,4,8,0,0,1,0,0,0,1,0,21,8,9,0,20,0,0,0
0,0,33,0,1,34,11,11,17,4,1,12,0,0,0,8,0,0,5,0,7,0,9,0,4,0,0,8,0,2,0,0,15,3,0,16,0,0,7,5,0,0,6,24,4,0,0,16,0,0,7,1,0,10,4,5,0,0,0,0,0,0,0,0,0,5,7,11,10,3,2,0,16,0,15,6,0,6,0,25,0,0,0,0,0,33,6,0,4,0,3,0,18,21,0,0,8,6,8,4,0,8,0,0,6,27,30,20,6,19,0,20,0,0,24,10,12,36,0,1,13,0,0,0,23,0,15,0,24,15,0,0,0,0,0,0,6,11,0,0,0,0,19,10,84,255,248,255,255,157,104,247,255,255,255,255,145,60,0,6,0,0,10,42,13,0,5,0,0,5,0,0,85,252,255,234,247,250,255,244,255,244,237,243,247,232,168,27,0,25,0,0,5,17,2,0,2,0,0,15,48,255,253,255,255,243,247,252,255,255,248,255,255,255,230,215,25,13,4,0,0,5,11,5,0,35,0,0,32,190,153,246,223,115,120,114,230,252,247,255,244,255,246,254,215,41,5,0,4,0,0,5,10,0,0,7,0,29,12,30,21,7,2,50,90,255,238,248,255,241,247,248,252,90,4,8,4,19,0,10,0,0,8,14,3,5,0,16,1,52,135,255,255,255,245,235,241,255,240,255,186,49,21,1,9,0,13,12,0,0,0,0,0,0,0,5,24,243,254,255,233,247,255,238,245,232,224,84,27,7,0,10,1,6,0,8,2,0,0,0,20,0,12,15,33,254,237,255,255,255,235,221,157,20,0,16,32,16,0,0,0,17,2,0,22,10,0,22,0,0,0,7,55,255,255,255,255,255,248,45,0,0,0,0,0,33,7,0,1,0,26,0,3,25,0,10,26,11,0,0,0,255,248,255,229,255,241,255,156,31,1,0,8,16,13,9,7,0,6,10,0,17,0,2,0,0,3,3,12,85,203,234,255,209,239,255,230,169,154,13,0,0,0,0,1,0,14,0,3,1,18,8,0,11,0,14,18,15,5,0,12,177,230,244,239,253,255,111,77,14,0,11,0,0,2,0,5,32,23,7,0,2,0,0,0,0,0,25,0,0,58,218,255,237,255,249,255,155,7,0,0,14,24,0,0,0,0,8,0,0,1,8,0,0,0,5,0,0,0,39,134,194,255,255,234,255,229,61,15,0,0,0,0,0,0,9,13,0,12,0,20,29,0,0,13,16,0,0,5,64,236,234,255,223,255,96,16,0,0,3,0,0,3,8,0,0,0,0,0,7,0,13,29,42,47,50,148,225,245,249,245,230,255,74,0,0,2,0,26,0,0,18,0,0,14,0,87,96,128,159,243,255,255,209,255,252,251,255,245,255,204,46,0,0,0,8,8,0,17,0,14,0,11,0,219,255,252,228,255,255,255,255,255,255,255,255,252,213,40,9,0,0,0,0,30,19,0,18,5,0,3,0,157,255,243,255,247,255,255,254,253,255,234,164,171,44,0,0,0,0,12,4,0,0,0,0,0,2,6,12,16,73,218,252,255,255,233,255,241,98,74,22,23,4,0,0,0,0,9,2,6,11,2,0,0,0,0,17,0,5,7,0,37,10,20,0,0,5,0,0,0,0,13,0,0,0,0,13,0,0,0,7,2,4,0,5,0,0,0,14,0,21,0,0,19,9,0,0,3,0,4,0,0,19,11,9,0,0,13,3,7,0,0,0,32,0,0,2,5,0,0,0,0,5,0,0,5,0,0,0,0,12,1,0
0,0,0,0,11,0,0,0,0,3,0,3,1,0,0,0,0,0,6,0,0,17,0,0,0,17,1,0,0,11,10,7,0,0,15,0,9,0,13,19,21,0,0,0,0,0,0,20,0,3,5,21,0,23,0,0,7,0,14,0,0,0,7,10,27,0,0,7,15,0,2,9,0,11,0,0,0,4,0,7,20,22,0,0,10,16,0,0,0,0,21,0,5,0,11,4,0,1,0,13,2,0,14,19,0,5,0,0,7,9,3,2,0,0,8,0,0,0,0,3,0,0,0,0,11,0,0,31,6,0,0,0,0,0,11,3,0,38,0,0,0,0,4,16,8,10,0,0,0,4,0,3,0,11,1,15,2,0,20,0,0,6,0,0,0,16,0,4,0,9,0,8,16,0,5,7,0,8,0,0,0,1,0,0,0,13,1,13,0,16,0,0,0,23,14,1,0,0,0,1,2,0,3,1,0,25,2,64,179,219,242,255,174,55,0,14,0,18,1,0,14,0,11,12,7,0,0,0,0,0,4,0,6,171,245,240,255,255,255,255,253,242,43,0,0,18,13,0,0,0,22,3,0,0,0,18,0,9,2,11,99,255,248,255,237,248,240,208,253,242,229,67,0,0,0,4,0,12,0,0,2,0,12,18,7,0,38,172,238,255,255,107,3,0,0,7,147,246,246,150,0,9,0,0,0,0,15,0,0,4,10,10,11,0,156,241,219,141,0,8,0,16,23,7,0,219,255,110,0,0,3,0,0,0,0,10,3,0,8,0,26,28,236,224,9,5,0,4,14,4,20,0,0,231,255,108,0,4,0,4,16,0,5,0,0,0,2,7,15,0,124,84,10,0,0,0,5,0,0,0,0,210,251,91,0,0,0,9,1,0,12,0,0,33,27,0,0,26,12,0,0,2,5,0,4,4,6,1,0,214,247,51,31,7,0,4,16,0,0,1,17,19,0,1,0,7,0,15,0,0,0,11,3,0,0,20,79,255,160,0,0,18,15,0,0,19,0,0,0,0,26,0,8,0,0,24,0,0,0,24,13,0,0,2,234,255,45,5,4,0,18,30,0,6,8,0,4,0,9,19,4,15,0,0,0,0,0,0,3,7,2,181,242,108,0,25,15,6,0,11,0,15,0,0,21,2,15,3,0,10,3,0,10,9,0,0,0,16,0,252,251,36,0,0,22,17,0,0,7,16,0,6,0,0,6,0,11,34,17,2,12,17,0,5,14,5,132,255,201,23,0,0,5,0,0,0,0,20,0,0,0,0,3,21,0,10,0,0,0,12,17,0,13,43,255,232,29,0,3,0,7,12,26,0,0,9,10,2,0,0,0,6,15,0,0,13,0,8,17,0,0,131,243,151,25,0,1,3,4,0,0,0,0,8,0,18,0,27,0,10,3,0,0,14,0,0,0,7,32,245,253,32,0,0,8,8,0,0,11,0,4,0,0,15,0,0,3,11,6,8,0,0,0,12,2,0,159,252,91,1,0,0,0,0,3,33,11,0,0,0,10,7,0,13,8,21,11,3,12,0,26,13,0,76,241,255,19,0,7,0,0,0,0,0,9,19,0,0,0,0,23,35,0,20,0,0,0,10,0,0,0,55,233,231,61,0,8,11,0,3,7,18,10,0,1,0,0,0,5,36,0,9,0,7,0,0,0,0,0,83,255,39,1,14,0,22,0,1,3,0,15,0,0,6,3,7,0,11,10,23,9,0,29,0,0,2,24,8,11,0,0,15,8,5,0,0,20,0,7,28,0,0,5,6
16,0,0,8,16,16,0,0,0,0,4,32,9,8,3,4,0,0,26,6,0,0,0,3,0,18,21,3,4,0,6,0,40,0,0,0,0,0,5,0,11,1,0,32,21,2,5,0,0,2,0,0,0,0,0,3,0,0,10,8,0,18,0,20,14,12,0,0,12,0,0,0,0,6,0,0,0,0,5,13,0,13,7,9,3,1,0,8,22,5,0,3,0,32,0,19,1,16,0,0,9,55,231,208,111,0,2,0,0,1,0,0,3,0,0,34,0,18,0,22,3,0,0,0,39,3,0,0,120,249,255,182,25,16,0,14,0,7,0,11,14,16,5,4,17,12,0,0,1,0,0,0,9,0,2,118,223,223,108,13,0,19,11,0,16,9,0,2,8,0,17,0,9,26,26,1,0,0,0,0,0,0,141,255,191,40,0,10,23,0,10,0,18,13,3,6,8,0,9,16,25,17,0,0,4,0,0,8,0,172,230,221,31,0,0,15,0,0,0,0,7,0,8,0,0,0,0,3,16,0,0,0,9,12,7,9,78,239,255,30,0,11,0,0,0,0,0,0,0,0,0,0,7,19,23,0,0,0,19,6,18,25,20,26,219,251,87,8,0,22,2,0,0,0,19,0,0,7,0,0,15,0,0,0,4,3,0,0,2,2,0,135,255,156,11,0,16,0,8,6,0,0,15,11,0,8,21,25,10,0,0,17,0,0,6,10,19,0,70,221,237,121,49,36,0,0,4,2,10,0,1,0,17,0,22,0,0,6,0,2,4,0,18,0,18,0,255,255,236,255,255,244,198,163,15,10,23,0,3,0,10,13,0,21,2,0,0,0,3,10,0,0,24,73,255,248,174,79,136,238,255,255,125,0,14,0,6,0,0,0,3,0,0,19,0,7,0,9,0,2,7,1,255,240,35,2,21,52,121,255,255,46,29,5,0,9,0,12,0,0,0,3,2,0,0,19,0,0,0,15,255,185,3,0,0,9,9,127,255,56,10,0,4,0,0,2,0,0,0,0,3,4,0,6,0,17,15,39,255,166,0,0,24,0,0,102,246,59,0,16,0,26,2,12,4,0,0,11,1,2,0,11,4,0,12,81,245,168,0,6,0,0,0,157,242,31,13,0,20,4,13,0,0,0,0,4,0,0,9,0,0,0,0,74,243,175,0,12,1,2,71,255,198,0,0,6,0,0,0,0,10,4,0,0,9,3,6,0,20,4,0,46,220,161,0,0,0,18,171,242,114,20,0,0,14,6,3,7,22,7,0,0,8,0,0,0,1,6,3,0,238,246,108,27,17,161,255,167,19,9,12,10,0,0,3,3,0,0,0,3,0,14,21,0,16,0,2,0,50,255,255,247,246,255,192,16,9,0,9,0,5,12,28,0,2,9,21,0,18,23,13,21,5,9,0,3,22,68,180,184,179,95,0,0,16,0,0,0,7,18,0,15,15,14,0,0,0,13,8,0,0,0,10,0,0,7,0,7,0,0,0,11,0,6,0,0,13,18,0,0,8,5,0,0,35,1,20,17,10,19,0,11,10,18,0,0,19,27,0,0,0,9,0,10,1,0,1,0,13,0,18,0,3,16,17,11,0,0,0,0,1,0,0,5,12,0,19,0,16,0,1,0,0,11,0,0,0,0,0,0,8,0,8,12,0,0,2,10,0,0,12,9,0,3,0,0,10,20,0,0,6,0,0,0,0,0,0,3,0,18,0,15,14,28,6,15,14,0,0,0,0,7,0,0,0,7,0,12,0,0,4,0,14,0
3,0,0,7,3,11,0,0,2,0,0,0,23,3,16,14,17,0,1,5,0,9,0,0,10,4,13,0,0,3,0,7,0,0,7,0,40,3,18,0,26,0,4,15,0,5,0,1,0,1,0,2,0,0,0,0,0,0,0,0,12,20,2,0,12,20,0,13,14,11,9,0,25,0,32,0,23,0,0,0,0,0,3,4,2,2,0,0,0,0,0,16,0,0,4,0,0,6,0,5,9,1,0,2,3,0,10,0,0,29,0,14,0,0,0,0,0,6,6,2,0,4,0,20,2,0,3,18,4,0,10,1,0,2,0,26,17,10,12,24,3,2,0,0,0,4,0,11,34,86,97,19,119,235,255,251,202,92,3,8,5,0,0,0,8,2,0,0,17,15,0,6,0,0,0,23,141,241,255,217,255,247,255,252,255,241,164,62,10,13,0,0,18,0,1,0,0,0,0,0,31,0,3,105,255,246,250,236,252,255,240,255,247,255,241,255,179,31,13,0,10,4,0,1,18,11,0,12,13,0,21,133,237,254,254,245,255,255,255,223,239,241,255,255,255,77,18,9,8,5,10,0,20,0,0,0,0,17,73,252,250,255,244,255,225,255,255,249,243,254,236,255,255,255,192,6,1,0,0,0,9,13,1,1,16,35,199,251,255,249,255,229,34,47,39,137,223,255,255,243,253,231,210,22,17,0,0,4,0,26,4,0,28,70,249,253,255,241,255,129,5,0,0,1,33,132,234,243,247,255,253,25,8,4,8,0,2,0,7,0,0,109,249,255,240,255,245,94,0,14,20,0,0,15,36,201,250,227,255,169,0,0,0,21,18,1,0,0,0,104,237,250,233,255,216,0,15,0,27,14,0,0,0,86,255,255,250,193,66,0,0,10,0,0,0,0,11,115,255,233,248,216,37,0,11,3,0,11,29,0,0,50,255,222,251,231,96,2,0,1,0,0,2,22,0,77,239,232,231,141,0,0,0,0,42,0,0,1,22,158,255,255,255,251,77,0,20,0,0,1,9,3,4,76,247,255,249,194,11,7,0,7,7,4,0,0,63,221,243,250,255,255,84,0,0,0,0,18,11,3,0,117,255,255,241,188,13,0,0,0,8,25,0,47,225,255,235,255,217,191,8,0,0,0,19,0,0,0,0,98,255,248,246,184,19,2,0,0,0,7,136,221,236,242,255,245,234,38,0,11,3,0,17,2,0,12,29,100,237,255,255,255,84,48,57,35,87,186,243,255,248,239,231,220,215,9,0,0,0,11,5,0,17,9,1,39,214,255,255,255,254,255,247,255,234,253,245,228,255,255,146,1,8,0,0,0,27,0,0,3,0,0,6,0,47,253,237,255,245,255,253,249,253,255,255,255,247,140,0,25,4,0,0,19,0,19,0,13,0,0,4,0,15,195,255,242,255,218,255,255,255,255,255,255,255,36,19,5,9,0,0,27,0,11,0,0,0,13,15,0,0,79,191,246,255,255,254,255,255,255,245,241,97,5,0,0,0,19,0,9,11,0,0,0,0,0,23,0,30,0,14,78,212,255,219,83,106,83,78,72,0,0,0,2,5,25,0,0,24,15,0,0,0,0,0,8,12,0,0,0,11,0,0,0,4,0,11,0,0,13,0,8,0,24,5,12,0,0,0,0,14,1,11,0,6,0,0,23,0,23,0,15,11,10,0,0,0,9,0,12,5,8,0,20,9,3,0,0,0,0,5,0,19,0,0,8,18,6,0,0,0,8,0,10,9,21,0,0,0,0,31,13,0,0
0,0,3,0,0,1,0,0,21,0,2,19,14,1,25,34,0,10,7,6,11,0,0,0,17,9,4,0,9,0,25,0,0,0,0,3,23,1,23,21,3,7,0,0,8,0,0,0,0,0,3,0,5,0,0,0,0,6,0,0,12,0,0,0,3,5,9,0,0,0,0,0,0,0,0,1,0,7,25,0,0,28,10,11,31,0,18,0,10,10,17,2,0,11,0,0,0,13,0,0,0,4,11,0,0,7,0,0,7,0,0,0,0,5,0,0,18,0,8,10,4,4,18,6,11,0,170,118,0,2,0,0,0,4,0,11,5,31,1,0,0,22,6,5,0,10,11,21,0,3,2,0,17,158,255,195,0,8,19,0,0,9,5,0,0,25,6,0,0,0,10,3,13,5,3,0,0,10,7,25,195,220,240,134,0,2,72,37,12,0,0,1,0,0,0,0,7,21,0,15,0,0,2,4,5,0,0,108,247,255,255,118,0,0,202,243,75,0,0,4,22,0,9,1,1,13,0,7,0,7,20,0,0,0,45,227,232,227,78,33,3,20,185,247,242,0,0,26,10,0,12,0,12,21,10,0,0,7,21,0,0,19,181,239,255,95,29,0,0,0,79,255,233,36,8,18,0,0,0,0,19,0,2,17,5,3,0,5,0,32,242,255,213,6,14,0,0,1,62,255,255,104,16,0,0,0,6,13,4,4,0,0,4,0,0,0,0,128,247,255,44,0,20,21,0,0,44,248,255,159,7,16,9,0,0,0,10,9,0,0,8,4,0,0,11,248,255,157,8,0,12,0,0,0,0,186,255,222,0,31,0,0,0,46,1,25,0,0,0,0,0,19,0,255,255,159,0,0,12,0,18,0,9,195,250,195,4,0,0,10,0,31,1,21,5,0,0,11,0,0,79,245,237,164,0,0,0,29,15,15,8,175,255,110,0,13,13,0,0,0,17,0,9,3,0,0,3,0,156,253,244,97,23,7,23,10,12,0,0,184,255,112,13,0,0,0,0,0,0,8,0,11,0,0,1,21,231,255,244,59,5,19,0,6,0,6,5,198,246,46,0,0,0,7,11,13,0,0,0,8,10,0,0,91,255,255,255,73,0,0,0,2,18,0,114,255,201,23,0,1,5,0,5,0,0,4,6,0,26,0,7,81,255,255,255,73,0,0,0,0,7,149,246,238,34,0,0,0,13,14,5,0,0,20,24,15,0,4,0,29,157,246,249,98,19,2,11,0,42,255,255,111,9,0,0,11,0,1,0,23,0,3,37,0,20,0,0,0,128,255,246,208,133,21,54,176,248,255,147,13,0,0,14,12,11,4,6,9,0,8,0,2,0,0,18,11,3,255,247,255,234,255,246,244,224,180,0,10,9,0,3,0,0,0,5,12,4,0,18,22,2,12,0,20,0,86,208,255,236,254,255,184,32,1,0,19,0,0,0,17,0,0,20,18,0,0,6,0,15,0,0,0,14,15,101,141,197,72,141,36,0,4,5,19,0,0,0,1,5,4,0,0,13,16,0,0,0,10,13,0,11,13,14,21,10,0,0,0,0,4,0,0,0,0,16,0,0,3,9,0,7,16,0,0,0,2,12,0,0,0,0,0,0,14,0,0,0,11,0,0,3,2,21,0,0,12,0,4,0,2,8,5,0,1,0,15,18,22,5,0,0,11,0,10,0,0,0,0,17,14,5,20,0,0,19,0,0,10,2,0,0,3,5,12,2,0,6,8,0,0,0,4,0,12,0,0,0,0,0,3,2,14,0,5
0,0,7,0,4,5,1,3,0,5,0,7,0,0,17,7,0,9,0,0,0,0,0,13,7,3,12,3,10,6,0,0,16,15,0,9,0,5,0,6,17,9,0,0,3,0,0,0,4,0,0,6,3,0,16,0,0,4,0,0,0,16,0,0,0,7,2,0,18,0,0,0,0,6,0,0,0,12,5,0,0,8,6,0,0,4,0,19,0,0,0,0,0,0,1,0,0,0,0,0,0,11,12,19,0,0,0,0,17,0,5,2,18,0,7,9,11,0,0,5,0,0,9,0,0,30,23,18,0,28,0,0,22,21,0,0,0,0,0,0,8,20,1,16,0,13,2,0,72,212,245,241,238,249,123,99,0,0,0,0,0,0,0,1,16,0,12,11,26,0,1,21,0,0,6,100,216,215,255,255,255,255,255,234,52,8,0,0,6,0,0,13,6,0,0,0,19,3,4,0,0,0,0,161,245,253,244,255,255,255,238,239,108,0,10,0,0,9,0,27,0,0,0,0,0,0,0,0,0,0,0,148,161,152,80,0,3,69,245,247,125,0,2,0,0,7,0,2,15,0,0,17,0,7,0,0,6,19,1,41,36,17,2,13,12,123,245,247,122,0,19,6,1,0,0,0,0,21,0,32,15,9,14,25,1,0,0,25,0,0,3,10,111,241,254,114,0,0,23,15,0,9,0,0,10,0,23,7,12,0,1,0,10,0,0,9,26,0,0,238,242,255,232,107,0,5,16,0,12,0,0,0,19,12,0,0,0,2,4,8,26,3,17,2,17,7,131,255,249,244,255,248,182,191,182,115,8,22,0,22,0,1,2,2,13,7,15,20,0,7,4,9,8,48,251,255,255,247,255,255,255,255,251,255,143,14,0,8,9,10,26,0,0,0,5,0,14,10,12,7,18,53,255,253,252,254,249,255,255,248,255,239,247,69,0,0,0,0,0,22,9,14,0,2,0,0,0,0,0,2,41,227,246,226,174,63,80,80,173,253,255,209,0,0,7,26,17,0,0,0,0,12,10,5,0,16,23,0,0,0,0,20,0,0,0,8,141,245,248,255,0,8,11,6,22,0,15,21,4,0,0,0,0,0,0,0,12,0,0,0,10,20,0,24,212,241,255,208,0,0,0,18,27,9,1,0,1,0,0,4,0,0,0,3,19,14,3,1,4,0,0,178,245,255,239,87,0,3,10,0,21,10,0,0,7,17,0,21,8,0,0,22,0,3,0,0,0,7,188,255,243,255,113,0,0,16,0,0,0,11,0,0,0,0,21,0,0,12,0,13,0,8,0,0,15,166,255,255,235,215,28,1,0,11,0,2,0,17,0,6,0,3,0,0,11,14,0,17,14,0,0,0,123,218,251,239,236,43,0,19,1,0,12,0,0,10,10,0,0,28,0,0,7,0,105,244,198,26,114,255,255,245,249,248,59,0,0,8,0,1,0,8,0,0,0,5,0,6,0,8,16,7,26,194,223,220,244,255,255,207,130,26,0,0,0,10,0,11,5,23,10,0,0,0,0,23,0,2,5,0,8,46,170,255,248,255,209,38,0,0,17,0,0,0,0,23,6,0,11,0,0,10,0,14,11,0,5,26,0,0,0,2,13,16,0,12,0,0,9,0,27,0,0,0,4,4,7,4,0,0,0,0,4,0,0,20,0,13,1,3,7,0,11,3,21,0,31,0,8,0,0,0,0,0,10,0,14,0,0,12,6,2,0,0,1,0,5,4,0,0,5,13,0,0,0,13,19,0,0,0,5,0,0,12
14,1,0,8,15,14,0,1,0,0,0,0,19,3,0,6,4,0,0,19,0,19,6,8,0,0,0,22,0,19,6,0,14,10,6,5,0,0,0,4,11,1,7,33,8,0,11,4,0,13,0,24,0,8,0,4,0,20,8,0,24,0,3,0,14,4,0,2,7,0,6,12,10,17,3,9,26,2,0,0,9,0,6,0,11,0,11,0,22,4,5,1,5,8,0,0,2,0,0,0,0,21,10,14,0,0,0,7,0,13,0,12,21,0,14,9,13,0,0,0,16,9,21,0,10,0,18,0,5,9,0,0,24,0,0,0,20,0,14,0,0,0,0,1,3,18,0,0,6,0,0,0,8,38,232,189,162,16,0,0,0,0,14,0,0,1,5,0,6,0,0,1,0,0,0,3,18,0,7,11,0,190,235,149,248,183,6,4,5,13,0,8,32,3,10,21,0,9,0,1,0,5,0,11,3,3,0,2,35,249,169,0,38,224,116,18,21,0,0,3,10,0,0,0,0,2,0,16,0,0,0,23,0,0,4,0,79,224,73,0,2,174,183,0,1,0,0,6,17,0,15,0,0,0,0,0,0,0,2,8,21,0,4,38,224,150,8,0,24,58,183,6,0,0,31,1,3,13,1,0,0,0,0,4,5,3,18,0,0,7,0,45,255,50,15,2,0,63,213,11,0,0,5,0,8,0,0,0,9,17,0,23,7,0,1,1,27,4,0,85,236,9,0,0,5,58,233,15,0,0,0,1,0,0,0,18,0,6,11,0,29,4,9,0,0,13,0,155,174,0,0,0,7,23,247,36,5,0,2,9,0,0,0,26,0,0,0,0,0,4,0,10,0,8,11,225,141,0,0,4,4,12,237,15,15,4,0,30,15,0,0,0,29,20,0,8,0,0,10,0,0,14,23,255,57,0,5,18,0,63,255,18,19,0,0,4,0,0,0,11,0,10,9,0,8,7,0,6,3,2,38,247,42,7,10,0,9,79,196,19,0,0,0,3,0,5,3,3,0,21,0,0,0,0,1,9,3,0,35,236,0,0,0,14,24,63,187,0,0,1,0,0,0,6,0,4,0,0,0,0,0,9,0,0,0,0,57,228,0,2,0,0,0,133,208,0,8,12,0,17,0,18,11,0,0,8,0,5,2,0,0,0,0,0,135,218,0,0,0,5,0,199,137,0,0,0,15,11,0,12,10,10,23,0,0,13,0,0,4,4,0,0,108,224,0,0,0,0,56,213,25,0,4,0,4,8,4,0,0,0,22,0,0,7,16,0,0,0,7,0,68,219,2,9,0,15,166,120,0,13,15,13,5,5,10,6,0,10,8,5,0,3,1,29,1,0,0,0,37,231,47,6,3,114,213,10,0,0,21,18,0,9,0,18,8,0,0,5,13,0,3,0,15,0,8,0,45,235,72,0,119,233,155,9,0,20,11,0,1,0,0,0,2,6,0,0,0,28,6,19,0,0,15,4,1,211,220,197,243,132,0,0,0,0,1,0,0,5,2,0,0,0,0,0,0,0,43,0,0,0,1,0,22,60,235,195,64,0,5,0,1,5,0,0,16,0,0,1,25,0,0,2,0,8,20,19,0,13,26,24,0,1,0,0,10,19,0,19,0,0,0,0,2,0,7,8,3,4,0,22,9,0,0,17,9,20,0,13,24,17,0,0,0,6,6,9,12,5,0,10,3,0,4,0,0,19,12,18,2,0,0,5,3,0,0,6,0,0,0,0,2,2,8,0,4,0,15,0,0,0,0,0,4,0
0,6,5,20,0,0,0,0,2,0,0,0,12,0,3,10,0,0,0,0,0,2,0,0,0,2,4,0,0,8,0,0,0,0,8,23,0,0,0,0,0,5,20,0,0,0,0,0,9,4,0,10,28,14,14,3,4,4,18,25,2,0,44,1,0,0,0,0,0,0,7,0,0,0,0,3,0,0,0,0,0,4,0,0,4,0,0,9,1,2,9,0,23,0,2,0,17,16,8,0,18,0,18,31,0,2,26,0,0,0,21,0,9,0,0,8,26,7,0,2,5,0,1,0,0,0,0,4,4,7,0,11,0,0,3,0,6,0,7,8,0,0,0,0,9,0,20,2,16,0,11,0,17,19,128,136,167,179,203,255,206,128,83,7,8,0,7,3,0,0,0,7,4,0,0,0,0,44,53,135,188,235,244,255,255,244,255,243,244,243,225,37,1,0,0,0,9,0,1,0,10,0,0,42,165,251,252,233,255,218,182,180,163,64,63,95,82,217,253,42,0,0,0,0,0,4,22,12,26,0,13,55,244,249,250,224,84,12,0,10,14,1,1,14,18,175,224,34,17,0,0,20,0,0,5,0,0,0,11,28,65,126,224,167,20,9,6,0,0,0,13,0,160,251,177,0,2,0,0,0,8,0,0,7,0,10,0,0,0,8,13,6,8,36,0,4,7,0,11,121,255,254,122,7,0,33,6,18,0,0,0,12,0,6,0,0,0,0,18,10,9,8,0,0,0,0,121,251,241,117,0,2,0,14,0,0,0,0,12,6,14,23,0,0,0,0,0,9,6,0,0,3,17,145,245,229,103,33,0,12,0,0,0,0,0,0,7,0,3,2,0,5,8,13,0,10,15,0,10,7,174,248,255,172,12,4,0,0,16,4,0,0,0,20,0,5,0,0,10,5,1,0,5,0,0,0,39,192,255,234,129,0,0,0,0,31,15,1,0,0,7,0,8,6,0,9,0,0,10,7,0,7,9,60,255,238,237,55,19,6,3,1,5,0,0,8,14,30,5,0,6,25,22,0,0,0,13,33,12,47,176,255,255,223,79,0,20,15,0,5,0,19,19,0,18,1,8,4,8,25,0,0,8,15,0,0,54,229,249,255,227,44,3,0,8,11,8,0,0,3,5,0,0,2,14,0,0,0,15,0,0,6,0,130,228,255,238,129,16,0,0,23,35,13,1,0,13,4,0,0,0,7,0,0,14,0,0,3,11,35,200,234,255,210,46,0,19,11,4,16,0,0,7,0,0,5,13,0,0,0,0,13,0,10,0,0,71,207,240,250,148,0,26,12,15,33,115,3,0,15,10,0,6,0,0,19,0,16,25,0,16,3,0,7,164,255,255,119,11,16,59,89,205,250,241,48,17,6,0,0,0,0,0,0,8,0,4,13,10,0,7,0,156,255,240,187,178,208,247,232,222,174,59,7,0,1,0,0,4,4,0,8,0,13,3,0,0,8,0,20,116,247,251,234,249,255,255,255,80,1,0,0,0,0,0,0,1,0,20,1,10,0,3,0,6,0,23,0,3,68,135,162,217,156,59,7,0,0,1,17,0,4,10,19,0,0,0,9,0,0,0,8,12,5,17,0,21,0,15,25,2,0,3,14,14,0,20,0,0,15,0,0,0,7,0,21,5,6,0,0,18,11,0,0,0,22,0,9,0,0,5,0,0,0,3,0,0,0,6,15,0,0,0,3,18,0,0,2,5,15,20,0,0,3,0,0,33,0,0,2,2,0,15,0,0,1,0,0,20,0,0,6,0,15
25,0,0,0,2,0,0,0,0,7,0,2,3,0,0,0,14,10,0,7,0,0,0,7,0,0,3,13,0,0,0,30,17,21,0,0,0,0,13,3,6,16,19,8,0,18,0,3,0,5,8,7,3,1,0,14,9,20,0,24,20,0,5,0,0,0,25,8,16,11,17,19,0,0,0,0,16,0,26,28,2,4,0,0,32,0,0,0,11,0,0,20,14,16,0,0,6,0,0,0,0,0,0,10,12,2,0,0,0,1,13,24,13,9,1,0,11,28,5,0,0,2,9,0,13,8,2,3,7,0,13,0,9,0,0,0,5,7,3,0,3,3,5,0,1,5,4,12,4,0,11,104,15,1,3,0,0,7,0,11,0,0,0,0,4,0,0,2,4,0,21,5,0,2,2,13,0,11,165,171,0,0,0,0,1,0,0,0,0,0,0,5,9,4,12,0,5,12,0,2,5,5,1,8,0,54,254,46,0,0,0,7,0,19,2,0,0,3,23,0,0,4,8,10,8,0,0,17,0,5,9,6,20,199,214,25,0,16,14,0,0,1,0,0,0,0,6,7,5,12,0,18,16,7,16,5,1,1,0,21,75,202,0,8,5,8,0,7,39,46,4,73,128,123,147,64,26,11,0,0,0,0,23,24,0,10,20,0,140,191,0,0,0,9,216,185,208,222,197,206,250,253,245,243,185,0,3,4,12,0,7,0,0,16,4,17,183,51,36,26,0,182,226,216,255,255,132,166,250,255,255,229,175,6,0,11,0,0,0,0,14,0,21,197,254,204,225,67,2,181,37,39,69,89,5,40,247,240,253,171,11,0,2,1,4,0,10,0,0,0,47,255,219,66,186,40,0,0,5,7,8,2,0,18,36,153,255,193,5,0,13,17,0,8,19,19,3,0,149,254,121,14,10,0,18,0,11,0,0,4,9,14,31,232,249,149,5,4,5,0,1,17,6,8,0,121,255,204,5,11,1,0,0,0,13,0,0,4,19,120,238,130,0,21,12,1,5,0,0,4,23,26,2,249,232,186,5,0,4,7,33,19,14,0,7,4,146,214,122,60,6,1,0,14,10,0,0,0,0,9,0,245,255,217,25,4,25,3,0,18,10,3,70,137,235,220,36,0,0,0,0,0,10,0,0,5,14,12,16,255,250,241,180,14,11,0,11,0,18,137,240,163,119,50,0,0,10,0,8,1,0,28,3,15,2,0,17,216,239,253,255,173,51,185,204,218,247,102,54,9,3,0,3,19,0,0,0,0,0,0,37,0,0,13,0,0,150,179,203,242,247,230,254,251,139,47,7,0,19,40,0,23,17,0,11,16,0,9,0,41,10,0,18,0,63,21,25,203,231,237,212,120,14,8,19,3,0,7,12,0,13,13,1,2,0,0,4,0,0,19,4,0,0,0,0,8,0,1,15,4,0,10,24,0,9,14,4,2,0,0,14,0,10,0,0,0,0,20,0,9,18,6,0,19,0,7,0,18,5,0,0,1,0,1,2,3,6,0,0,0,0,0,1,1,3,38,4,0,0,18,2,9,0,0,3,11,0,20,6,12,11,16,0,6,0,0,11,17,28,24,0,0,0,0,0,8,0,0,6,0,0,19,1,0,0,16,0,0,0,13,0,0,0,9,0,3,2,5,15,9,0,4,18,0,9,0,10,0,10,0,0,0,0,0,0,0,0,0,8,0,0,0,2,0,0,0,4,12,10,0,12,13,0,0,0,0,9,0,11,8,10,0,15,0,0,0,15,0,2,9,0,0,0,0
3,22,2,0,19,9,0,0,19,2,0,0,0,16,0,20,24,0,0,0,0,0,0,0,0,13,10,17,16,12,0,0,4,0,0,0,9,0,12,12,0,0,3,11,0,0,0,8,7,5,24,13,0,0,1,0,0,7,17,0,23,0,0,9,9,7,5,0,0,0,0,0,0,0,12,13,0,0,0,0,20,0,3,0,18,8,2,0,17,0,0,18,0,0,0,16,0,19,11,0,0,98,172,0,3,3,0,18,0,17,2,11,0,0,0,0,0,0,0,0,19,0,10,10,0,6,12,112,213,253,253,111,0,17,0,0,0,0,11,0,16,0,9,16,1,26,0,0,0,7,10,10,0,46,170,255,248,246,255,190,17,4,13,0,0,3,36,0,27,9,0,5,1,0,0,0,0,0,0,0,142,255,255,241,255,235,142,85,7,2,0,0,0,0,12,0,0,0,15,3,0,0,0,1,0,0,5,126,230,244,255,255,191,31,0,7,0,7,14,0,17,0,0,0,12,21,12,0,0,12,1,16,1,8,127,236,255,230,191,91,23,0,0,0,0,0,0,3,12,0,3,11,0,0,0,9,8,0,0,14,3,77,247,255,244,160,0,0,0,0,0,3,4,4,24,2,7,0,0,0,16,3,0,0,0,6,34,0,16,190,255,239,102,0,12,0,0,0,2,0,0,27,0,0,0,29,0,3,0,0,2,13,0,4,8,0,71,252,255,184,0,14,0,36,56,48,46,16,8,23,0,0,7,14,0,5,11,4,0,22,0,0,13,0,189,250,227,26,0,41,170,229,255,255,249,144,27,0,12,0,0,20,0,18,0,0,2,29,1,5,0,33,249,255,117,5,135,255,255,255,255,255,255,255,218,2,8,0,0,3,12,0,0,0,0,0,0,0,15,32,251,237,33,126,245,255,241,228,206,190,199,255,255,71,0,1,0,3,0,0,0,1,14,0,10,13,6,19,253,168,28,255,252,231,151,51,42,14,23,136,240,174,5,2,0,0,0,0,4,0,1,0,0,21,0,16,255,134,139,236,255,90,0,0,0,16,1,94,253,125,2,11,9,3,5,0,0,0,4,0,0,0,0,30,250,255,236,219,66,0,0,0,14,27,7,60,255,231,36,0,0,0,0,0,8,5,0,0,0,0,0,13,192,255,255,210,0,16,9,0,0,9,64,150,243,232,3,0,7,8,14,0,0,0,8,0,0,0,0,13,82,255,249,232,81,35,0,0,20,74,152,255,255,149,0,10,27,17,6,0,0,0,15,9,15,3,0,18,2,159,255,255,249,213,218,241,244,255,243,253,255,18,0,9,0,0,13,0,18,0,5,6,0,0,0,0,0,29,128,240,255,255,255,255,244,248,237,251,92,5,0,0,0,2,1,0,5,3,13,18,8,3,0,0,0,0,3,29,157,255,235,237,248,255,130,85,8,15,0,0,0,0,0,14,0,0,0,0,0,0,21,0,24,0,0,0,11,32,15,0,2,0,0,0,16,0,10,17,16,0,8,0,5,0,0,0,0,4,6,0,8,26,3,0,0,9,24,0,0,8,0,0,0,0,14,0,0,0,0,18,5,2,7,1,0,27,0,0,3,5,7,13,5,0,24,0,7,1,0,4,10,7,25,18,15,0,12,0,0,22,13,11,0,0,0,0,13,0,17,0,0,16,0,2,10,0,0,0,7,0,2,0,0,22,0,7,0,15,0,0,5,3,4,0,5,0,0,0,0,8,1,0,0,0,0,0,1,0,0,0,5,7,3,0
3,2,0,19,0,0,13,0,0,0,22,0,2,13,0,14,0,11,0,9,0,4,0,0,10,0,9,10,3,16,0,23,0,0,0,4,0,17,0,0,9,0,0,25,1,0,2,0,0,24,13,0,0,0,12,0,0,0,13,0,0,21,5,1,0,0,4,0,0,0,10,0,5,0,10,0,0,1,8,2,0,0,9,0,11,0,0,1,0,0,0,0,0,0,3,0,0,8,0,1,9,0,14,20,7,0,0,0,11,0,16,0,0,15,13,6,0,2,9,6,8,4,15,0,7,0,0,0,4,28,32,0,5,0,2,0,14,9,9,10,0,26,15,15,4,0,3,0,10,1,0,0,0,13,0,0,0,0,0,10,0,14,8,0,1,0,0,0,24,7,0,0,0,0,6,0,0,8,0,0,0,0,15,6,1,39,172,178,255,176,6,29,20,11,2,10,0,4,10,15,7,25,0,4,9,0,17,0,0,0,8,0,146,250,243,247,236,219,0,11,1,8,0,0,6,31,5,10,0,11,0,0,0,4,0,0,0,6,50,130,255,255,255,252,224,161,0,0,7,0,5,0,3,6,0,6,4,7,0,0,12,11,2,7,5,30,239,255,247,237,255,253,235,74,5,0,0,25,0,0,0,6,4,0,0,0,0,0,0,0,0,44,160,230,223,217,255,255,250,235,215,11,0,0,0,3,13,0,0,0,0,0,5,0,9,0,0,11,21,209,246,247,233,222,92,231,239,255,132,2,0,22,7,13,10,0,0,0,8,0,0,0,0,0,5,72,177,255,255,248,242,215,206,243,255,255,237,72,7,0,0,0,17,0,0,0,1,9,2,0,11,0,22,150,255,255,255,248,255,231,255,255,255,247,240,223,0,2,0,22,0,8,16,0,13,5,5,11,0,57,232,255,255,250,246,240,255,255,253,251,255,160,103,103,0,6,0,9,0,0,0,10,0,0,0,13,68,170,255,249,244,215,254,255,255,255,255,200,19,6,6,2,0,0,8,1,0,0,8,3,23,0,0,50,215,255,237,250,255,255,254,243,241,250,216,89,0,1,7,6,13,16,0,22,0,0,0,0,3,0,0,101,255,255,243,255,253,169,170,255,255,239,101,0,11,0,0,0,1,0,23,0,0,13,7,0,9,22,0,98,235,255,200,128,35,3,18,255,253,212,3,1,3,0,0,18,0,0,0,0,0,0,0,7,9,5,7,11,53,36,0,0,2,42,213,255,186,30,8,1,0,8,0,9,26,0,15,0,20,0,0,18,0,0,0,2,0,2,14,0,14,116,255,255,97,0,0,0,8,10,0,0,0,0,7,0,5,0,0,0,0,33,0,11,0,13,0,32,41,205,246,181,1,11,0,0,11,0,0,0,0,0,0,0,14,0,9,0,0,5,12,17,0,13,9,16,152,255,195,3,15,5,13,0,0,4,0,0,0,1,12,2,3,0,0,0,9,4,13,9,32,12,0,64,235,255,43,2,17,24,5,1,1,28,0,1,0,12,0,0,0,21,6,17,0,6,1,9,11,16,0,76,238,236,14,0,2,0,0,0,4,3,0,0,0,0,8,2,0,0,0,12,0,1,31,0,9,0,2,22,197,198,0,5,0,15,0,15,0,11,16,0,0,0,7,0,3,0,0,4,0,8,0,0,5,0,0,0,8,17,11,8,0,27,22,0,0,10,0,3,7,0,14,0,0,12,0,2,0,4,10,0,13,8,0,5,3,0,0,0,0,0,5,2,18,15,0,33,15,11,4,0,0,30
2,0,0,8,2,0,0,0,5,4,0,0,7,6,0,0,12,7,25,0,0,0,0,17,0,0,30,0,0,0,5,0,0,10,0,4,4,0,5,19,0,15,0,2,6,0,0,8,0,3,0,2,11,0,13,0,1,0,0,0,0,12,0,0,0,29,0,19,0,0,3,0,0,0,0,0,0,0,0,2,0,8,6,13,22,0,0,1,2,0,0,0,1,0,23,0,10,9,0,15,2,0,0,0,0,0,0,5,27,0,0,0,21,3,0,0,3,0,3,33,16,0,13,0,7,0,10,0,0,0,6,0,0,0,0,2,5,2,15,0,0,0,0,0,15,3,7,0,0,0,1,5,0,0,5,104,255,250,255,24,0,11,14,18,6,6,0,0,0,0,7,2,18,0,11,0,5,0,0,3,46,137,246,236,242,255,242,226,0,14,13,0,7,0,0,0,0,0,0,0,5,0,7,2,6,7,12,25,171,255,255,255,230,214,244,245,159,8,0,25,8,0,10,0,6,11,0,11,17,0,0,0,0,11,0,224,242,244,159,120,34,190,254,243,226,9,11,2,0,0,0,0,0,20,0,13,15,17,0,3,13,1,32,238,251,194,2,0,13,196,245,249,152,2,11,0,12,4,0,0,0,37,0,0,12,0,0,11,0,4,141,255,228,43,1,0,0,183,255,221,61,0,15,0,0,7,12,1,1,6,0,2,0,0,0,2,20,87,255,242,168,6,0,31,104,243,255,177,0,11,0,0,1,4,0,12,0,9,0,0,3,0,0,0,6,120,228,255,199,82,95,118,230,255,240,66,0,4,0,0,0,3,0,20,0,1,0,2,0,0,3,6,1,71,247,255,255,255,247,239,255,255,189,13,0,0,0,1,1,26,0,0,0,13,0,0,21,0,0,20,0,0,167,251,240,255,213,255,255,255,135,0,0,0,0,0,8,11,0,0,0,0,1,2,0,0,8,0,0,3,29,163,224,210,78,194,255,255,86,17,19,20,0,1,18,0,20,3,0,0,0,14,4,4,17,0,0,0,0,0,24,0,27,198,255,255,9,0,0,0,0,9,0,0,10,0,0,0,0,10,13,0,0,2,3,21,5,1,0,0,73,255,249,198,0,16,7,0,0,0,0,0,2,12,0,8,15,24,16,0,4,7,37,139,120,0,0,0,190,255,251,89,0,0,1,1,0,0,0,0,18,0,5,0,7,9,20,13,0,0,79,255,154,0,0,14,184,239,229,96,11,20,24,0,1,0,0,5,0,0,0,8,0,0,0,3,7,7,108,254,224,3,15,133,252,250,242,74,18,2,0,1,0,13,0,1,0,0,7,5,0,0,0,17,0,0,97,255,253,164,169,252,232,252,194,3,0,2,0,27,7,14,0,16,0,0,4,0,0,0,0,1,0,9,30,222,255,254,250,255,254,196,11,10,33,0,2,5,15,0,17,0,4,2,11,0,10,0,0,14,9,0,0,102,255,251,255,255,201,38,11,8,0,0,0,0,0,5,9,0,0,7,0,4,10,8,1,10,0,0,22,58,121,228,173,112,33,0,0,11,0,4,0,0,0,0,0,14,0,0,1,1,14,32,0,1,4,0,20,18,18,5,22,0,0,0,0,0,16,0,0,9,1,10,0,0,0,0,18,0,0,7,0,38,9,0,0,7,0,12,0,5,0,7,0,0,7,14,0,4,0,0,0,3,0,0,4,14,0,6,6,10,15,11,0,13,9,0,20,0,6,0,0,1,0,0,0,5,0,0,0,0,24,11
23,4,0,15,19,0,34,0,26,0,0,0,10,0,0,0,0,0,0,12,7,0,9,4,0,0,0,11,13,3,0,2,4,7,33,0,0,5,3,1,10,4,4,0,3,0,0,16,0,0,0,0,0,0,5,10,0,0,0,0,0,0,0,0,7,0,0,4,17,4,0,4,0,0,16,0,0,0,0,0,0,10,21,0,0,3,0,0,0,1,12,14,6,5,6,34,17,0,0,11,35,0,0,5,9,0,2,0,0,3,28,0,15,0,1,0,8,0,11,4,0,1,0,0,9,8,0,4,1,24,0,5,0,0,23,17,6,8,16,1,0,0,21,6,126,132,87,0,2,10,0,8,3,17,13,0,14,0,0,0,0,0,0,5,11,15,0,0,13,8,6,0,241,255,255,218,234,231,242,246,230,219,253,115,107,106,162,107,0,0,0,2,0,8,0,9,0,0,0,0,235,236,252,254,255,254,249,255,255,255,255,229,245,242,237,178,0,11,0,2,0,7,0,0,11,29,0,0,103,168,185,174,202,255,226,241,250,246,255,255,255,255,255,200,24,8,6,0,0,2,2,29,10,0,1,7,0,0,0,11,59,243,255,246,240,255,243,220,193,157,145,32,0,21,1,0,0,6,0,1,0,0,0,13,0,9,0,0,75,232,236,252,246,125,36,0,0,7,18,0,18,0,0,7,8,0,0,19,0,0,6,0,8,0,7,35,221,255,237,241,101,0,0,0,4,0,15,6,0,0,0,0,17,0,0,0,2,0,11,0,4,0,0,91,238,241,236,225,157,156,81,0,7,23,7,0,32,0,0,7,2,0,33,0,15,10,3,0,6,0,0,0,142,243,254,250,236,250,236,142,134,35,12,13,0,4,0,6,0,11,0,1,0,0,0,22,0,6,0,14,17,123,213,255,239,251,255,255,255,255,252,167,38,42,5,23,13,0,0,0,3,13,0,13,3,0,0,0,0,18,3,5,59,132,202,255,253,255,248,246,247,169,116,23,0,0,27,18,2,10,0,0,8,0,0,7,0,0,23,0,0,0,0,14,139,170,237,247,255,255,247,83,0,0,22,2,0,1,23,0,0,5,26,6,10,10,0,0,0,7,9,19,5,0,1,64,231,221,255,255,0,26,5,0,34,0,0,12,0,16,0,0,6,0,0,0,0,0,0,0,9,7,3,35,179,255,235,238,0,5,0,1,17,0,0,13,6,0,0,122,182,134,0,16,2,8,15,0,66,77,182,247,245,228,252,224,4,0,5,0,0,0,0,0,2,0,6,229,255,220,88,49,60,135,208,170,240,255,252,243,255,249,237,11,8,0,12,0,11,0,0,22,18,2,80,238,245,251,247,224,227,255,252,255,255,208,255,255,213,191,79,0,0,0,18,30,4,0,0,3,4,5,6,182,241,255,235,255,255,253,254,236,239,208,117,76,11,13,16,18,0,1,0,0,17,0,8,0,2,6,0,0,24,203,244,248,174,109,108,114,78,0,0,0,0,33,1,19,0,2,7,0,7,0,0,10,10,0,0,1,8,0,17,0,0,12,0,0,0,16,10,0,0,11,0,11,0,10,0,0,0,0,7,0,28,0,0,9,1,17,0,0,0,0,2,38,4,2,7,12,7,0,12,4,6,0,0,3,0,16,0,0,19,0,0,0,0,0,0,11,0,0,16,0,0,13,0,0,11,22,0,5,20,0,17,0,2,36,0,6,0,0,6,8,0,10,0,15,0,0,0,5,0,0,0,0,9,0,10,0,0,21,7,20
5,0,3,0,0,35,10,34,0,0,16,5,0,12,0,0,0,9,0,14,0,0,0,0,0,19,15,7,24,14,0,0,6,20,0,6,4,6,1,0,0,0,12,9,11,0,0,5,4,11,6,2,2,0,2,6,0,0,0,0,0,5,3,15,14,6,0,14,15,1,8,9,0,17,6,0,0,0,0,2,11,4,0,0,12,0,15,23,10,0,0,17,7,24,3,5,11,9,27,0,8,0,0,0,0,23,0,10,0,0,0,0,14,0,0,26,0,0,0,0,0,0,19,17,24,0,0,0,12,5,16,0,0,0,0,0,0,0,13,8,0,7,0,3,16,0,8,0,0,65,245,255,255,255,250,255,127,26,0,0,0,16,0,5,0,29,0,14,0,0,0,3,13,10,0,0,3,242,252,250,239,247,249,249,255,89,17,0,0,0,5,0,0,0,5,0,11,0,2,0,0,0,17,4,0,241,255,255,240,232,255,255,255,187,7,17,3,4,0,13,6,0,0,0,0,0,0,2,0,0,13,0,0,102,255,255,255,255,248,246,245,237,109,4,1,0,9,0,9,9,0,0,0,0,0,14,9,0,0,16,0,0,237,255,239,255,253,243,254,151,4,0,0,0,0,17,16,0,21,0,0,11,4,2,9,0,1,0,7,180,253,237,255,242,255,255,235,36,0,0,5,0,4,14,0,10,6,14,0,16,0,5,0,0,0,0,0,101,242,251,255,245,255,250,66,0,0,0,30,0,18,11,11,0,0,0,1,0,10,0,2,15,0,0,0,76,255,255,255,247,238,255,228,89,0,32,0,10,5,11,0,0,9,0,0,0,9,0,0,10,0,4,11,0,194,227,248,255,255,255,249,240,86,21,9,4,0,0,0,3,21,9,0,0,0,0,4,0,0,0,14,0,42,209,245,241,255,255,240,255,255,7,0,0,4,0,0,20,0,0,0,0,15,4,0,0,0,0,0,16,0,0,11,77,246,243,243,242,255,195,5,9,2,0,2,0,0,8,0,0,0,8,9,11,2,0,15,0,0,8,0,4,17,171,244,249,242,255,79,0,0,20,2,3,0,4,0,0,5,10,0,0,0,0,0,7,2,0,16,1,9,93,255,226,255,227,168,1,27,0,11,0,11,5,15,0,0,5,17,0,0,2,0,1,0,8,2,9,10,104,253,254,250,255,170,29,8,6,0,13,0,0,0,27,0,2,30,0,8,0,11,0,3,0,9,0,128,215,234,223,241,255,171,0,0,0,32,0,12,0,2,0,0,0,0,0,0,7,108,113,27,130,107,126,255,245,248,244,238,219,14,26,18,0,0,0,1,4,0,0,0,15,24,0,0,154,225,229,231,238,241,255,231,243,245,254,255,19,2,3,0,3,2,10,25,4,0,8,16,0,4,0,15,171,253,242,255,255,250,248,255,255,255,204,50,5,0,0,0,0,12,0,0,0,0,42,22,0,0,0,0,148,248,255,255,255,255,235,229,216,184,41,23,0,0,11,19,0,0,13,0,16,0,8,0,0,0,0,0,0,64,157,237,246,152,137,54,72,18,0,0,4,7,0,0,0,16,1,0,0,13,4,4,0,12,2,33,8,0,14,0,0,0,0,0,0,0,0,0,23,0,4,1,0,11,0,8,0,0,5,0,9,10,7,0,0,0,8,11,8,0,0,1,25,2,21,22,6,0,3,4,6,0,0,1,14,0,14,0,16,27,29,0,0,0,0,4,11,0,0,6,0,0,25,0,4,0,5,0,4,0,9,0,0
29,0,0,0,0,1,0,0,21,17,14,21,0,0,0,6,2,0,1,8,5,0,0,0,0,0,6,0,13,0,4,10,0,0,14,11,18,0,0,0,2,0,8,0,23,0,3,0,4,0,20,0,0,0,5,0,0,0,0,14,15,0,8,9,14,2,8,18,18,0,0,0,0,16,0,4,14,12,3,0,0,14,11,0,0,0,7,0,0,0,3,24,0,0,0,5,21,15,0,0,0,0,0,0,14,0,10,0,1,0,10,2,0,21,0,6,0,0,0,0,4,7,23,15,12,0,0,0,10,25,0,18,0,0,12,0,0,3,0,8,0,0,8,11,0,3,0,3,69,135,154,253,202,127,132,140,57,2,0,0,0,2,3,17,13,3,0,17,4,0,13,0,4,5,12,196,255,255,255,255,255,245,255,254,243,255,189,2,0,17,14,0,0,0,7,13,0,16,0,0,0,0,18,47,247,242,247,253,255,255,245,255,255,255,243,129,0,11,8,0,0,0,4,0,0,8,2,15,0,0,0,16,50,120,125,137,251,240,245,251,247,252,253,254,59,0,0,0,0,0,6,0,0,8,0,0,0,4,0,18,2,0,12,0,0,3,0,72,248,255,239,255,124,0,0,10,2,14,9,0,0,0,9,0,0,0,11,0,0,0,0,0,11,0,0,4,190,250,255,248,138,0,12,3,0,0,0,0,2,0,0,10,2,11,0,14,6,0,0,0,9,9,62,201,255,238,255,247,124,7,3,8,0,0,6,0,0,13,0,3,0,29,3,2,0,0,12,0,0,125,255,255,251,255,251,190,18,0,10,15,0,5,5,17,26,0,0,0,0,6,0,18,59,140,255,239,252,255,255,255,247,255,255,20,0,0,0,16,0,0,10,13,0,0,2,28,3,0,0,0,193,232,248,255,255,244,231,255,237,254,255,2,15,2,7,17,0,0,0,0,8,17,0,0,1,4,0,0,179,255,255,255,246,247,255,249,238,240,255,181,1,7,8,3,15,0,0,0,14,0,1,0,23,0,0,2,51,255,250,255,255,255,255,255,255,255,255,244,0,0,0,14,0,7,0,2,0,0,0,0,5,0,15,0,4,0,128,67,6,0,0,4,255,247,255,255,52,0,0,11,0,2,18,0,0,0,0,14,6,10,0,7,3,20,1,0,0,7,10,0,255,250,251,255,70,0,0,3,0,0,5,0,11,0,0,10,26,0,33,3,48,137,0,9,6,1,52,195,239,253,254,207,0,0,0,3,9,0,12,0,14,0,0,0,6,15,0,50,236,243,109,12,0,72,178,255,255,249,254,2,9,0,0,2,0,0,11,8,12,1,0,0,0,0,0,129,255,255,255,112,164,236,252,255,255,247,58,8,0,0,5,1,0,0,0,0,1,0,0,7,0,0,0,130,255,249,251,255,255,255,255,255,255,45,33,5,0,0,0,16,0,2,6,27,0,0,10,0,6,0,7,1,137,255,247,253,252,255,255,252,97,3,0,2,0,0,0,0,0,0,4,0,21,0,3,0,0,0,1,0,0,64,183,247,255,255,113,0,0,0,0,19,0,0,0,0,0,12,14,17,0,5,0,6,21,0,9,4,15,6,1,12,0,0,19,0,26,0,0,25,0,0,0,16,0,10,0,7,0,0,0,4,0,5,13,10,0,21,0,0,0,0,0,0,0,0,10,0,0,0,13,0,2,26,24,21,8,3,5,0,0,11,0,1,2,8,12,0,5,16,5,0,2,0,24,6,10,0,7,0,0,0,5,0
0,6,20,0,2,4,0,0,0,16,0,0,0,15,0,0,0,30,1,0,0,8,0,0,14,19,5,1,9,0,13,0,1,6,0,29,4,0,0,23,3,0,23,6,0,0,5,8,0,13,4,0,0,0,0,0,0,0,0,0,0,6,0,16,0,14,0,0,0,3,8,0,0,0,0,0,0,10,7,0,0,0,0,3,12,1,0,0,15,0,8,0,13,0,1,0,88,171,233,224,110,0,0,0,0,0,9,0,0,0,10,12,24,0,9,6,0,22,4,0,7,2,15,171,255,255,229,254,255,64,0,6,0,3,11,0,0,0,15,26,0,0,0,0,0,0,0,7,9,87,255,246,154,59,0,170,255,121,0,0,0,0,0,13,17,8,2,0,0,6,3,0,0,0,30,22,208,255,219,89,12,0,0,164,254,140,19,0,0,2,3,0,4,6,25,0,0,9,21,16,0,0,0,109,225,151,8,0,0,0,0,171,255,128,0,4,0,0,0,17,23,3,0,16,0,0,0,6,5,3,0,182,171,11,0,0,5,0,1,161,224,139,10,8,0,0,0,11,7,16,12,0,0,0,5,0,17,2,0,33,16,6,16,25,0,0,0,163,244,107,0,29,7,6,0,12,11,4,1,0,0,0,4,0,1,13,0,13,3,0,0,9,2,0,0,171,255,123,0,0,0,0,0,3,0,11,0,6,0,0,12,0,0,1,7,1,0,8,19,0,0,15,13,240,240,48,0,0,12,6,0,0,0,2,0,0,20,0,11,0,20,6,0,6,0,10,5,0,0,0,89,228,184,0,1,0,0,9,0,5,0,0,1,0,12,0,0,9,0,0,0,23,0,0,2,0,0,7,217,255,108,0,0,0,11,0,0,9,1,45,0,1,0,8,0,0,0,2,3,7,0,0,21,4,0,141,250,231,8,0,9,0,16,0,7,14,20,2,0,0,0,11,0,0,0,0,7,0,0,0,3,13,2,234,254,99,0,1,7,14,0,0,0,0,19,12,9,1,8,3,0,8,1,7,0,17,22,0,0,0,158,255,192,0,3,14,2,8,4,0,0,0,0,7,0,0,0,10,21,9,5,15,4,0,0,0,5,44,255,255,76,0,0,0,14,0,0,0,0,0,8,7,0,0,6,1,0,0,0,8,0,18,0,14,17,244,255,160,78,18,0,15,9,8,12,21,5,20,2,0,0,0,7,0,0,0,1,0,0,0,49,189,232,255,255,249,235,154,25,0,0,14,0,10,0,5,0,17,9,0,0,0,0,0,0,9,0,38,254,255,255,252,202,231,252,255,192,63,32,90,61,106,37,0,16,11,0,0,0,5,3,1,0,13,0,128,255,255,196,53,22,21,78,249,254,255,235,250,244,232,140,0,1,0,13,0,0,19,0,0,16,20,0,34,223,141,0,19,17,14,7,47,134,160,169,100,28,7,0,15,15,0,0,0,0,0,5,0,0,0,1,0,0,18,4,5,0,0,26,5,11,0,13,0,0,0,0,6,0,6,4,9,0,16,1,0,0,21,0,0,15,10,0,0,4,1,0,4,0,11,0,0,1,21,0,11,12,10,4,0,4,3,0,1,0,3,4,12,2,5,9,5,0,5,0,0,0,0,0,16,8,4,26,0,0,0,5,0,0,0,0,0,0,0,11,0,7,0,0,6,8,0,15,0,29,0,16,14,0,9,0,0,0,0,21,0,0,0,0,4,0,0,31,8,0,8,13,4,0,0,11,0,28,0,6,0,2,4,7,0,0,23,0,0
0,7,9,8,4,0,0,11,0,15,0,0,0,5,0,16,8,15,10,8,0,0,17,3,1,24,4,3,0,7,0,4,3,0,8,7,10,3,17,4,0,20,20,5,4,0,0,0,0,11,11,0,0,0,6,0,0,0,0,0,0,2,0,10,0,0,12,16,0,11,3,19,0,19,0,0,13,0,0,12,0,7,20,16,0,28,13,0,0,1,0,0,0,0,2,0,25,22,15,0,11,0,23,2,0,3,11,0,9,10,11,0,16,3,0,0,0,12,23,0,32,74,99,120,244,189,102,65,29,10,2,4,6,0,8,15,0,15,0,0,2,0,10,0,0,2,0,19,160,254,249,191,65,209,216,213,177,20,13,10,13,0,6,0,14,0,14,0,6,0,1,0,20,8,38,227,242,165,74,12,0,0,0,153,210,255,220,10,0,17,0,0,0,6,7,9,0,1,8,11,0,27,224,243,245,28,11,8,7,0,9,20,40,253,242,98,0,0,2,15,0,2,3,0,0,0,0,12,0,9,237,251,73,16,0,0,24,0,0,0,19,252,255,249,42,8,10,4,0,7,15,3,1,0,20,15,1,4,102,186,0,13,9,4,0,7,13,0,11,245,251,107,0,0,18,0,18,3,0,5,0,0,15,0,12,13,0,0,7,0,1,13,0,3,16,17,101,255,216,22,0,0,0,13,9,0,0,0,0,0,0,29,1,0,0,0,8,0,13,15,0,0,0,218,255,203,83,0,6,0,0,0,7,0,0,19,9,0,13,0,1,0,15,0,17,10,7,1,12,52,172,248,228,70,2,13,0,6,0,20,0,0,0,0,0,0,3,12,0,18,0,16,0,0,0,1,0,242,249,239,255,174,102,16,1,0,3,0,0,0,0,7,0,0,0,0,0,18,0,15,34,0,28,9,4,255,240,97,104,228,237,194,136,0,28,3,0,0,1,0,9,0,1,21,8,11,5,13,0,7,0,15,16,18,0,13,18,4,25,141,245,249,169,11,0,0,0,0,0,11,0,20,5,14,4,18,10,13,0,7,0,15,7,15,10,22,0,0,113,241,245,62,0,0,0,7,0,2,0,4,139,225,255,56,0,6,0,16,2,33,0,5,0,0,7,4,54,254,255,93,0,0,15,0,0,0,0,0,85,255,246,86,7,12,0,0,0,19,0,16,15,0,0,6,57,255,255,80,0,0,0,0,0,3,0,3,0,90,252,246,141,120,0,0,12,0,7,0,0,0,0,0,82,246,247,78,3,0,0,10,10,0,21,0,13,0,90,244,223,255,154,30,11,11,10,0,0,0,13,64,235,212,119,0,0,1,23,10,8,0,0,12,10,0,8,121,252,255,243,120,71,84,5,13,6,9,0,146,252,96,0,5,0,24,0,0,0,1,0,19,3,0,11,19,11,159,179,255,255,233,224,228,247,246,225,232,181,45,14,0,9,7,0,17,0,18,0,10,3,0,11,6,22,0,13,109,141,147,255,251,255,255,102,63,16,0,0,5,0,14,0,2,29,0,0,0,6,0,2,27,0,11,0,2,0,0,5,0,28,0,0,0,0,0,20,0,5,0,0,0,0,0,1,0,0,0,0,0,0,20,0,2,14,7,0,0,0,10,9,0,9,0,15,9,0,0,13,0,13,0,0,31,0,0,27,0,4,6,7,0,0,6,0,10,0,0,0,0,0,0,13,0,0,0,2,0,15,7,0,8,0,22,9,0,0,0,18,0,9,0,0,9,5,15,13,0,4,30,3,6,2,8,1,0
0,5,6,3,0,0,0,0,0,4,23,0,14,0,19,0,0,7,0,0,6,5,0,0,0,0,13,0,8,0,11,2,20,11,0,0,0,0,2,0,0,0,10,0,0,0,0,8,2,0,18,0,17,0,0,13,0,0,9,4,19,13,0,0,6,0,13,0,6,4,0,0,0,2,0,0,0,0,4,0,7,0,0,13,0,24,0,2,0,0,23,25,0,3,0,4,8,6,10,1,8,0,6,3,0,4,18,0,6,8,40,0,15,0,0,0,27,5,0,12,4,0,5,0,0,0,1,0,0,0,16,0,26,13,0,0,0,2,2,0,0,0,10,0,0,19,15,6,13,8,10,2,15,7,0,6,18,2,9,5,0,24,0,0,4,11,9,0,17,0,9,4,1,0,4,0,0,0,11,10,0,0,0,17,2,0,0,0,3,0,0,10,0,17,12,5,14,0,22,11,12,0,7,2,0,21,25,114,134,124,203,238,138,156,102,0,5,2,3,0,10,0,1,4,5,17,3,25,3,12,11,0,10,93,215,233,253,246,250,224,255,245,255,105,25,0,0,0,22,0,0,0,0,20,1,24,0,0,30,0,200,255,212,200,209,124,70,39,104,88,208,255,85,2,0,0,4,6,0,4,0,28,0,0,0,0,0,167,255,235,149,0,0,0,0,0,0,18,75,250,183,10,2,23,0,7,0,0,5,2,9,0,1,0,72,255,246,130,5,14,11,19,0,0,8,0,114,223,151,5,0,15,12,4,0,0,0,10,32,0,8,0,23,223,236,105,0,0,10,8,7,0,1,3,184,255,95,0,7,0,0,0,0,0,11,0,19,0,0,10,57,228,255,85,18,11,13,0,0,7,0,26,232,246,74,0,16,9,0,8,7,0,7,0,3,15,0,10,9,198,255,169,26,0,0,0,14,0,0,111,243,231,0,0,17,0,0,0,0,2,0,27,0,6,11,0,15,54,234,255,205,38,4,9,3,0,95,255,238,229,6,2,8,12,17,14,0,0,0,12,0,0,15,3,12,0,158,255,242,225,168,184,248,245,255,252,254,173,0,14,4,2,10,0,0,11,2,9,0,0,0,0,0,2,28,0,133,251,253,248,223,232,250,249,255,126,0,28,11,19,0,0,23,0,0,0,18,6,10,15,3,0,2,0,11,73,112,65,10,0,3,221,255,2,20,0,0,0,20,4,1,0,10,9,23,0,0,0,0,0,0,0,2,1,0,7,8,0,0,124,238,25,0,14,12,4,24,16,0,0,0,13,10,4,5,0,7,7,0,5,0,0,0,5,0,0,25,126,247,10,0,4,0,10,0,0,0,0,19,2,12,14,5,0,0,17,0,35,13,0,1,14,0,0,36,227,242,0,19,4,15,3,6,0,2,15,9,0,0,11,11,0,19,3,0,7,1,8,10,0,0,4,80,231,255,0,0,12,41,0,11,8,2,30,0,0,16,1,0,3,0,10,6,9,0,5,6,0,0,0,139,255,125,0,8,5,0,0,8,11,13,3,0,1,0,0,0,0,0,0,0,0,14,4,5,0,0,0,63,255,134,0,0,0,12,0,9,3,11,0,0,0,0,8,16,0,4,7,0,0,10,0,6,1,4,0,41,240,255,121,7,0,0,10,1,0,0,0,0,0,0,5,0,6,0,0,0,0,0,1,0,0,11,16,1,161,230,77,0,3,3,12,33,0,0,13,0,0,1,0,0,9,0,0,0,0,0,0,0,9,0,9,6,0,0,12,0,2,10,0,0,6,10,0
2,0,17,13,1,5,5,35,2,0,8,5,0,17,0,7,15,7,8,0,9,1,0,0,0,0,0,4,15,0,0,8,10,0,8,0,0,6,3,0,0,18,12,2,0,0,0,0,15,0,5,0,15,8,4,0,1,13,2,0,10,0,5,9,0,0,0,19,24,0,26,28,0,0,0,0,0,25,15,0,0,0,15,19,7,17,8,11,7,0,6,1,10,1,0,14,8,0,0,0,0,0,0,0,0,2,0,7,0,0,0,0,0,0,0,0,0,5,0,11,3,22,0,0,8,0,0,92,253,220,0,12,0,0,11,0,0,7,0,0,0,7,0,0,0,5,0,15,19,0,19,0,0,10,0,65,255,230,0,12,0,0,0,0,0,0,0,0,0,0,18,29,0,0,0,0,2,0,0,0,15,20,1,57,255,252,130,0,0,11,33,0,1,20,10,0,0,0,17,22,0,0,14,3,7,4,0,0,12,9,0,149,243,255,151,11,8,26,0,0,0,0,0,0,0,0,0,13,4,8,6,19,5,0,0,0,0,0,12,255,235,227,14,4,0,19,0,0,0,0,0,0,10,0,0,0,0,0,13,16,22,19,3,0,7,0,36,252,238,202,20,17,0,15,0,0,0,0,9,1,0,0,0,11,8,0,6,21,0,16,0,4,18,12,169,254,255,207,0,0,0,7,12,16,18,0,0,7,0,0,6,0,6,14,0,5,18,8,24,1,0,14,183,253,249,217,0,8,16,25,0,1,0,16,0,24,4,0,25,0,0,0,0,0,0,0,0,2,0,120,246,241,255,158,16,11,8,0,15,27,0,5,0,24,0,34,11,1,0,16,14,13,0,0,0,9,0,102,235,255,235,41,0,10,25,3,16,0,0,0,33,12,0,0,0,9,0,0,26,17,0,19,4,6,31,255,242,255,205,11,24,0,10,11,0,18,26,5,0,1,1,0,8,0,0,10,2,11,3,29,0,26,47,254,255,245,112,0,0,0,1,0,1,0,0,0,12,0,0,1,0,0,1,0,14,0,0,0,0,0,199,250,239,210,21,7,0,0,14,0,0,0,22,0,0,16,10,0,20,0,0,26,0,0,6,6,12,44,217,254,238,182,9,7,0,13,0,0,0,2,0,0,18,0,0,0,0,0,29,9,0,1,13,0,0,155,220,221,246,178,6,0,22,0,13,0,0,0,15,0,11,0,19,9,0,0,0,32,14,12,0,16,13,138,240,255,255,9,0,5,14,0,10,0,1,1,0,2,28,2,8,12,0,0,0,0,0,21,1,0,11,143,234,255,249,0,0,3,5,0,0,0,0,0,0,0,0,24,25,0,0,12,0,0,0,14,9,15,10,144,249,245,210,0,0,22,27,1,2,0,14,0,0,13,0,0,0,0,0,21,10,6,19,10,24,0,0,148,241,216,54,0,0,0,1,0,15,18,20,0,9,6,2,0,7,0,0,0,14,0,0,0,0,0,4,57,215,172,40,14,0,13,0,6,0,0,0,9,0,12,0,0,8,0,9,6,0,8,0,1,0,0,0,0,2,0,27,23,13,0,2,0,13,6,4,0,0,0,23,9,1,9,5,0,0,5,16,0,22,0,11,0,0,3,0,0,0,0,0,0,4,17,2,0,3,25,0,0,21,20,0,0,3,0,0,13,23,12,0,0,7,0,0,0,0,9,2,0,6,0,0,0,0,0,4,0,0,10,9,6,31,20,0,0,0,0,0,17,0,11,0,6,0,5,5,14,0,0,0,37,4,0,0,9
0,1,0,0,0,3,0,14,22,35,5,16,0,0,0,0,15,1,0,20,4,0,0,1,2,0,0,11,0,0,0,7,14,19,0,23,0,0,12,0,0,14,15,12,20,0,3,0,6,17,1,0,26,22,11,0,2,13,9,1,16,0,0,0,1,0,1,10,9,6,4,0,0,0,12,0,6,0,5,0,0,4,0,8,7,4,15,0,4,0,7,16,0,0,7,16,0,0,0,0,0,10,0,3,0,13,1,0,5,0,18,1,0,8,18,5,0,1,0,0,10,0,0,0,0,17,147,159,232,69,0,18,0,0,17,0,0,0,0,3,15,1,10,11,0,0,3,29,0,0,7,21,143,255,231,193,221,232,1,18,0,0,4,0,0,0,4,0,0,0,6,0,14,0,1,0,0,3,51,163,255,170,51,0,46,255,87,0,23,14,18,17,14,0,0,0,0,0,0,0,0,33,0,0,0,15,211,230,132,19,5,14,69,255,62,9,0,1,0,32,4,21,0,0,0,6,0,0,18,0,9,4,5,163,244,67,14,0,26,14,164,242,21,0,0,0,0,9,4,0,8,0,1,3,0,8,17,9,0,5,67,240,85,10,0,1,4,0,217,221,7,2,0,0,0,0,0,0,0,4,5,12,0,9,2,9,27,0,57,204,34,17,0,2,4,0,212,171,0,0,0,0,8,4,0,0,0,11,0,0,4,0,0,9,1,0,2,0,0,0,10,21,0,12,230,114,0,10,0,0,13,0,29,11,0,4,3,8,0,7,0,1,4,0,0,0,0,9,14,6,1,57,255,63,8,9,15,8,0,0,12,11,0,20,11,0,7,6,0,0,2,11,0,0,0,2,0,0,13,105,224,32,25,0,0,1,0,24,0,0,2,5,18,5,0,0,0,0,0,11,14,13,17,0,18,0,10,206,115,3,4,10,0,0,0,7,0,17,8,6,12,1,19,0,3,4,0,0,0,10,0,5,22,4,108,248,74,3,0,19,0,0,0,0,11,0,5,8,0,0,0,25,11,2,4,0,0,7,0,2,0,0,191,234,11,0,10,3,10,11,10,14,0,15,7,17,0,4,5,0,0,0,8,0,2,17,3,0,12,86,255,73,0,5,3,8,0,15,0,5,17,0,0,0,1,0,0,18,10,0,0,0,5,0,19,0,29,229,187,7,0,0,6,0,0,9,19,0,2,0,0,6,6,4,23,0,3,8,0,0,0,0,3,0,152,240,64,0,0,22,0,11,0,0,0,17,1,0,11,6,0,1,0,0,0,0,0,0,0,15,8,103,246,180,9,6,5,0,22,13,27,0,25,0,0,0,0,12,0,11,0,0,11,6,10,5,16,29,36,223,222,2,27,116,205,207,223,255,243,250,160,13,9,0,6,14,0,0,0,0,0,10,0,4,0,0,230,242,178,200,232,237,214,187,105,60,0,4,3,0,1,7,0,0,0,0,11,0,10,0,13,17,7,0,245,255,138,123,87,24,0,7,5,2,6,0,9,0,0,0,5,12,5,0,0,12,19,10,0,3,0,11,13,11,2,12,3,5,0,0,12,0,16,5,4,0,9,0,4,4,20,8,0,4,0,4,6,4,4,0,5,0,0,6,25,19,4,33,0,0,0,0,4,2,6,11,0,5,1,6,27,0,12,23,0,5,0,5,10,4,0,14,0,0,5,0,0,0,4,0,24,18,4,2,0,0,0,24,0,4,0,3,0,0,12,23,0,8,7,0,0,0,0,0,4,3,0,5,0,5,13,0,31,0
14,8,0,0,0,0,0,7,3,21,0,0,17,4,0,0,4,9,4,24,0,0,5,0,15,0,0,11,16,9,6,0,1,0,6,0,29,0,0,22,0,1,0,7,7,29,7,0,0,0,8,24,0,0,3,0,0,17,0,3,0,0,16,0,7,7,0,0,10,10,0,2,6,12,0,1,4,0,20,1,0,8,0,0,13,3,11,7,0,6,2,0,11,0,0,10,0,0,0,0,8,22,0,0,0,0,5,0,0,0,4,0,0,0,13,16,0,7,19,11,6,13,14,10,31,3,0,0,3,0,47,196,96,0,0,9,0,6,0,4,1,13,10,0,13,0,0,0,0,5,3,0,3,7,16,0,71,175,250,255,237,4,0,0,7,0,0,7,0,0,3,0,11,0,6,3,15,0,0,12,7,11,7,132,245,255,255,229,199,0,0,0,8,0,3,0,0,15,0,0,0,16,0,0,0,2,32,3,0,0,141,255,255,234,83,2,40,12,14,5,0,0,1,12,11,17,0,0,7,1,0,7,3,3,0,9,40,157,245,255,154,11,0,0,21,2,7,18,0,0,0,12,19,16,0,0,0,0,8,0,4,0,23,25,195,255,254,214,16,1,0,10,15,8,6,19,0,0,16,0,0,0,14,0,0,9,0,8,0,3,20,147,252,255,228,3,3,2,0,11,0,9,0,0,0,6,0,8,0,0,30,0,5,0,1,12,17,0,18,255,251,253,20,0,0,0,22,14,22,8,0,2,18,0,4,0,0,16,3,0,5,0,0,4,11,0,119,239,232,73,6,3,5,1,0,13,19,6,10,4,0,0,2,22,4,0,9,9,24,0,0,0,10,60,246,255,236,129,101,118,88,60,25,0,0,14,14,0,0,7,15,0,13,18,0,3,0,21,0,3,8,42,255,255,255,255,255,74,229,255,233,73,3,0,0,27,6,4,7,21,18,8,0,21,2,0,0,3,13,137,255,237,178,204,159,136,243,198,255,240,47,0,0,3,0,0,6,0,30,0,7,22,18,0,0,0,7,217,255,88,0,3,0,0,21,5,162,255,51,0,2,0,8,0,0,0,0,3,0,7,0,5,9,0,68,249,215,0,0,0,0,1,6,20,132,245,43,12,3,8,0,0,0,0,0,14,0,0,7,0,5,7,0,221,230,11,0,0,11,0,1,0,175,234,58,1,7,0,16,0,0,16,0,20,0,0,15,0,0,0,0,166,229,21,0,3,0,0,21,43,248,239,20,0,5,0,4,7,7,16,23,0,0,0,23,2,5,0,0,88,250,65,0,21,7,34,41,224,241,113,0,7,9,9,1,21,17,18,0,0,0,27,5,0,21,10,0,20,240,250,169,83,140,255,255,255,237,6,0,0,2,4,0,0,0,7,19,13,0,0,0,0,0,0,0,5,56,254,248,255,255,240,205,123,15,18,0,0,7,10,12,0,9,0,10,0,0,21,0,0,27,0,24,5,4,71,95,184,205,104,4,8,22,0,1,15,13,0,0,8,0,18,0,9,6,4,0,0,5,2,18,8,21,0,0,3,7,0,0,0,4,13,16,0,0,23,6,0,0,0,0,0,7,5,8,13,0,7,0,0,0,0,30,0,0,0,28,8,0,0,11,12,0,0,3,0,0,0,0,8,16,0,0,0,2,0,0,4,0,0,14,0,0,11,0,5,2,5,0,7,23,0,6,3,1,0,2,0,0,0,0,0,14,6,18,0,2,0,12,0,24,7,22,11,0,13,0,4,0,18,1,0,0,0
0,0,4,2,0,17,0,19,14,12,10,17,16,0,6,2,0,3,0,0,0,14,0,5,2,0,0,0,12,0,9,21,0,0,9,0,11,0,0,19,5,0,0,0,0,4,14,2,0,0,0,0,4,5,0,15,0,0,0,0,8,9,0,16,0,27,20,0,0,0,0,2,9,0,14,0,0,0,1,0,0,0,0,11,0,0,0,0,7,0,0,11,0,0,22,0,26,0,8,4,0,0,0,21,5,8,1,0,0,0,0,6,10,17,0,5,0,0,0,0,7,0,0,5,0,0,0,18,0,6,0,15,0,7,17,0,0,0,0,20,4,0,40,2,6,4,0,13,6,11,14,1,0,7,0,0,1,4,0,18,3,0,13,0,0,5,0,6,3,0,8,19,0,7,0,0,0,0,5,1,10,158,232,255,243,230,149,37,5,0,3,0,0,0,31,7,0,0,0,26,3,14,31,0,0,0,45,89,220,255,241,223,205,218,247,202,8,11,3,0,0,0,20,2,7,9,0,0,18,0,0,2,0,106,219,254,217,165,0,4,0,16,100,255,62,161,198,0,0,1,0,31,0,3,14,16,0,4,17,3,46,211,248,175,26,0,14,0,0,9,3,235,255,255,208,0,3,0,13,0,0,9,4,0,19,0,0,0,59,246,217,14,15,15,14,0,10,35,111,247,255,240,51,1,0,0,14,4,28,20,0,0,8,5,13,3,36,170,255,189,0,0,5,0,0,201,243,243,110,11,0,7,0,0,9,16,0,0,0,0,22,12,7,0,9,99,245,228,87,0,0,66,188,255,251,90,0,10,0,2,21,0,17,0,0,0,5,2,0,0,0,0,0,4,143,255,232,43,106,251,246,222,37,0,3,0,3,0,26,0,9,0,9,0,0,0,0,13,11,0,12,7,38,204,244,235,245,255,245,50,0,15,5,0,0,0,0,0,13,8,7,7,0,0,0,0,10,6,12,0,10,27,239,235,247,147,23,0,0,0,4,11,0,0,14,0,20,0,0,0,16,34,5,0,14,0,0,13,0,39,255,240,215,155,3,0,19,0,0,0,2,3,0,0,0,0,4,6,19,2,5,10,0,4,0,0,0,173,239,182,252,255,55,0,19,0,16,3,0,0,0,6,0,0,0,8,5,0,0,0,6,6,0,32,33,242,212,19,140,255,196,14,0,3,10,0,0,0,0,9,0,0,4,0,0,0,0,0,0,13,0,23,84,255,152,3,0,188,255,117,0,5,1,0,0,0,20,0,2,3,4,8,0,0,0,0,25,0,27,0,75,249,201,17,2,102,255,182,11,0,0,14,3,0,11,0,16,0,0,0,0,20,0,13,2,3,0,1,38,249,237,16,1,54,241,226,36,0,0,0,5,2,26,0,5,0,0,0,0,31,0,5,0,0,0,0,0,136,255,126,0,21,218,255,51,0,0,6,0,0,9,1,0,0,0,0,0,0,0,0,0,10,0,0,0,54,250,255,65,122,255,221,2,1,0,7,0,0,6,0,21,4,11,5,0,11,0,0,0,29,0,27,0,12,188,239,255,243,255,85,12,7,0,9,3,8,2,6,0,7,0,10,0,4,0,0,16,4,0,0,0,0,13,205,255,232,86,0,17,2,7,0,0,0,5,15,0,1,4,11,0,14,0,11,0,0,9,9,0,0,14,11,0,0,3,0,15,5,8,0,0,0,11,2,0,12,0,7,11,4,0,6,0,1,11,8,0,0,0,21,0,13,12,13,8,0,0,5,18,0,13,0,0,0
0,4,23,3,5,12,14,0,4,8,18,7,3,1,5,0,0,14,15,0,0,2,0,3,0,0,8,1,12,6,0,11,4,12,0,0,0,0,0,1,0,1,3,1,0,1,10,8,7,13,0,0,9,0,5,8,0,5,9,0,0,0,0,27,17,0,0,0,5,4,14,10,2,0,17,2,10,0,0,0,0,0,0,11,6,0,23,26,0,3,0,3,6,17,0,0,3,0,7,24,0,0,38,5,0,0,0,7,0,2,0,1,0,12,0,0,2,0,14,0,14,8,0,9,60,141,192,155,133,9,8,16,0,1,0,0,0,19,32,19,14,8,0,4,0,0,0,19,0,0,0,186,255,237,255,255,255,255,70,0,0,0,10,10,9,5,0,0,6,0,0,10,0,0,6,0,14,122,255,255,190,121,130,188,248,255,242,219,0,0,12,0,0,0,0,0,0,0,0,6,7,0,0,9,15,255,246,131,0,5,0,1,0,255,255,245,46,2,0,11,11,0,19,0,9,17,5,12,11,13,9,0,0,197,251,122,4,0,0,6,6,14,203,248,238,5,0,0,6,0,5,0,7,0,7,31,12,1,0,8,67,255,246,133,0,9,7,0,8,6,68,255,255,125,0,0,8,0,2,0,0,9,17,19,5,0,0,0,245,240,191,12,2,23,14,0,0,2,0,253,255,140,0,0,0,0,0,0,0,0,6,0,0,0,8,80,245,248,27,9,24,0,0,22,0,22,14,188,252,119,1,13,5,19,13,0,0,0,3,9,0,0,0,123,255,134,0,0,0,0,7,1,0,0,12,5,246,117,2,0,0,5,0,16,0,0,1,2,18,8,37,137,253,67,2,0,0,0,0,20,10,0,0,0,232,127,0,4,0,0,5,0,16,0,0,0,0,17,6,249,251,122,0,0,16,15,19,0,4,21,0,0,245,116,13,12,0,7,0,0,0,3,4,0,8,25,0,255,254,144,0,2,5,11,0,7,0,0,17,6,255,250,7,24,0,12,0,0,12,0,11,25,0,7,0,248,249,92,9,5,0,10,8,0,0,0,15,0,254,255,0,0,0,0,0,9,0,0,0,0,0,0,6,131,255,166,1,0,13,26,3,0,3,0,10,0,255,232,0,24,0,12,34,6,0,0,1,16,34,0,9,0,255,255,206,0,0,0,5,5,0,18,0,3,247,246,3,0,0,0,0,15,5,16,0,3,12,10,0,0,202,255,254,174,8,0,0,0,0,3,0,9,253,255,133,0,19,0,14,4,0,9,0,0,0,13,14,23,13,136,254,255,130,0,8,0,1,0,0,14,246,232,15,1,4,0,15,16,0,7,0,0,0,24,0,11,0,0,133,179,249,250,208,107,78,118,121,187,253,205,0,17,0,3,14,0,8,0,4,13,0,0,6,4,0,11,9,0,187,255,255,255,254,253,252,255,255,128,0,0,3,0,0,0,12,0,16,15,0,20,18,0,2,17,0,0,13,118,255,255,230,245,216,121,38,0,8,0,0,2,4,0,29,0,0,0,0,0,0,0,0,4,0,0,0,0,11,0,0,0,7,22,14,4,0,0,0,1,16,10,0,0,0,27,4,0,0,0,0,4,0,18,0,21,18,0,3,11,4,0,0,0,0,0,0,18,2,6,5,10,0,6,16,15,0,5,0,0,2,0,2,10,0,13,0,18,0,26,31,4,14,0,0,0,20,0,0,0,2,0,0,7,1,8,0,0,13,0,3,13,2,18,13,7,0,0,0,0,9,17,8,18,0,3
9,14,0,0,11,0,0,5,0,0,25,0,8,2,16,0,0,0,0,0,0,7,5,2,4,12,0,0,3,0,0,20,25,0,0,0,0,1,7,4,0,9,7,0,0,25,0,0,2,4,0,0,1,12,6,6,0,0,0,7,1,0,0,0,0,0,1,0,18,0,0,0,0,0,0,13,0,0,0,0,0,11,0,0,11,0,0,0,22,6,0,0,0,5,0,0,0,0,3,0,15,17,0,0,0,8,0,23,0,0,15,6,25,0,0,2,0,0,19,12,1,9,0,9,0,0,0,13,13,11,0,0,6,15,15,0,0,0,0,9,3,0,15,23,0,18,0,10,12,6,0,8,0,2,12,2,0,0,0,9,0,10,0,0,7,15,3,0,3,7,0,0,0,24,4,2,27,0,0,10,24,0,4,3,0,3,0,15,13,3,0,11,0,3,6,0,12,7,17,0,0,0,0,0,2,0,0,1,2,0,0,28,112,194,253,255,106,0,5,18,0,3,27,6,0,0,0,4,1,0,0,0,0,12,0,94,150,148,176,231,255,233,255,255,255,62,0,12,2,4,14,0,0,5,0,3,13,0,0,26,6,25,139,255,248,252,241,247,255,255,255,219,179,26,9,10,7,2,0,0,22,1,0,10,4,3,3,0,9,194,255,237,252,247,244,212,183,200,48,26,0,3,3,0,0,0,0,0,12,5,0,0,0,0,10,0,58,255,255,246,246,79,42,31,0,0,0,11,0,0,4,0,5,0,7,12,0,6,0,0,0,25,1,6,80,255,246,255,82,0,10,14,4,20,15,0,11,0,0,8,0,0,0,10,0,25,2,0,0,8,0,0,18,226,255,254,217,107,50,0,8,10,3,4,0,0,0,0,0,6,0,0,8,8,0,6,9,18,0,0,35,196,255,249,255,255,255,105,18,0,5,0,11,0,0,0,3,24,3,14,5,2,0,4,1,1,0,0,3,45,101,99,79,159,243,246,29,0,0,4,3,5,15,0,0,13,0,7,0,3,2,0,4,2,13,0,0,22,6,0,0,0,128,255,94,11,10,0,6,0,0,0,0,0,0,13,0,16,3,7,0,15,0,0,7,0,13,0,3,0,32,252,140,0,2,0,6,0,0,1,0,25,0,0,0,1,2,17,0,10,32,0,0,0,0,3,0,23,8,188,146,2,5,0,17,3,0,0,4,14,0,0,3,0,14,0,0,0,3,0,1,0,0,3,18,3,2,98,211,4,0,3,6,14,0,6,0,3,0,9,0,0,10,23,0,0,0,4,0,5,0,24,32,0,0,84,255,24,0,1,18,11,0,0,0,16,0,17,2,2,0,0,17,0,9,0,0,21,9,5,0,21,0,85,237,18,20,0,15,0,13,0,0,0,5,18,0,0,0,16,15,0,0,0,0,17,0,12,17,7,0,56,249,6,7,3,2,10,11,0,0,0,9,0,0,0,8,39,0,6,10,0,21,0,0,60,80,22,81,210,162,12,0,25,0,0,4,0,0,3,0,5,5,0,4,17,0,0,15,12,25,0,9,122,244,204,236,254,132,0,17,10,0,5,0,15,29,0,15,7,0,0,5,0,29,0,25,0,21,0,0,82,213,251,236,229,3,27,9,0,23,0,0,8,0,0,5,6,0,0,0,11,0,3,11,0,2,8,13,16,95,255,174,42,0,0,0,0,6,0,0,11,0,5,8,0,9,2,0,0,0,1,8,0,0,0,17,0,1,12,9,0,0,29,4,0,0,3,0,0,7,0,2,6
0,0,0,0,25,0,0,13,0,0,0,24,0,0,0,0,19,0,0,12,0,30,0,0,9,0,21,9,0,0,0,17,0,7,0,0,6,20,0,0,10,19,20,0,0,14,0,20,11,7,0,0,0,9,6,0,0,0,0,10,0,22,11,0,0,191,255,194,0,0,20,0,0,0,0,19,24,17,0,1,0,0,8,0,0,3,0,0,0,30,0,23,36,255,255,220,63,16,0,21,0,27,0,0,33,0,0,0,18,6,0,0,1,3,8,0,0,0,0,6,12,232,255,251,117,8,15,8,0,0,0,0,9,31,0,0,0,14,19,1,5,10,4,0,0,9,0,11,143,239,255,255,5,0,1,3,0,7,0,0,6,0,0,0,10,23,6,19,0,3,23,3,0,0,0,0,183,255,237,255,5,0,2,0,7,0,5,0,7,13,2,0,1,0,0,2,0,0,0,30,4,10,23,22,245,252,243,227,4,0,36,8,0,0,0,0,0,0,0,21,16,0,0,0,0,0,0,15,0,0,0,120,255,242,255,232,3,13,12,0,12,21,25,6,0,0,15,0,8,15,4,0,7,0,0,0,0,0,9,144,244,255,239,247,2,0,0,0,15,0,2,0,10,0,8,11,0,3,3,3,14,0,7,0,0,15,8,117,255,248,255,126,0,0,22,6,0,23,135,114,150,135,0,0,9,0,1,2,25,0,0,1,24,4,0,134,254,255,255,119,7,15,6,1,75,182,255,248,255,236,211,11,0,0,0,0,0,27,0,0,17,6,0,122,249,255,220,114,10,0,0,55,239,255,231,255,255,255,255,161,18,2,5,0,0,17,6,5,0,13,0,8,254,253,255,252,0,6,81,255,255,255,235,207,56,209,248,255,9,0,7,3,21,0,3,4,6,0,4,0,251,237,255,255,0,12,192,251,255,242,178,1,19,134,255,253,0,11,10,29,0,25,0,0,0,8,6,5,118,255,255,255,124,61,250,255,230,255,0,0,5,113,253,255,0,0,15,2,0,0,13,0,0,0,0,0,3,255,253,255,255,182,253,255,255,71,12,17,0,197,255,255,0,3,0,6,0,11,0,0,0,18,0,5,27,193,255,255,242,255,252,255,130,0,3,6,0,255,235,240,0,0,6,0,0,0,0,0,8,14,18,8,17,0,184,250,254,255,255,242,253,60,0,0,201,255,251,133,0,3,0,0,3,21,0,0,10,0,0,0,1,15,0,127,251,255,255,255,249,255,235,255,244,250,245,65,0,0,0,0,4,27,0,2,6,26,0,10,0,0,6,6,52,192,254,238,255,255,255,255,252,181,89,16,0,12,0,0,0,0,11,1,0,7,0,13,0,0,13,4,20,15,59,140,255,251,255,253,200,2,2,23,0,8,9,3,1,0,3,33,11,0,0,0,8,2,0,0,0,4,12,0,0,0,27,0,0,2,17,15,0,0,4,5,0,0,34,17,0,0,0,0,2,6,0,0,20,0,0,10,16,0,8,0,0,0,0,0,0,0,21,20,0,4,0,0,10,0,4,0,0,0,0,15,0,14,0,14,7,6,0,5,7,3,5,5,0,0,0,0,17,0,13,7,20,0,16,20,0,12,0,1,0,1,0,0,0,0,21,0,0,0,0,0,15,0,22,19,0,8,0,0,26,0,4,26,15,6,4,0,10,0,0,3,3,0,0,0,0,13,0,2,3,0,11,10,0,24,0,1,14,3,33,0,0,2,0,8,0,0,2,8,10,0,10,2,25,7,0,0,0,7,0,0
28,28,0,4,11,26,3,0,4,9,25,30,8,0,0,4,10,13,0,0,0,0,0,3,0,0,0,8,0,0,19,6,0,5,0,0,25,0,14,0,0,0,31,0,12,11,0,0,0,0,0,27,0,6,0,0,0,0,6,17,11,5,2,0,0,2,0,0,9,0,1,0,5,1,7,0,0,0,0,0,0,4,11,16,0,1,6,0,0,7,0,0,2,17,13,0,99,187,193,57,0,0,11,0,0,17,0,10,5,0,0,0,17,0,0,0,12,1,4,0,6,0,135,255,255,255,168,130,189,0,1,0,0,0,6,0,0,0,0,23,2,0,21,0,0,8,16,0,64,190,255,243,255,255,238,255,255,115,0,0,12,4,0,13,16,0,0,7,0,17,0,4,2,2,16,0,139,255,253,255,255,255,240,255,255,122,0,14,0,30,4,5,10,0,4,0,0,25,6,12,0,0,3,8,255,226,255,212,0,108,240,255,255,181,23,0,13,0,5,0,0,15,0,20,19,0,5,5,7,0,12,116,254,237,255,137,32,17,54,46,125,7,0,5,0,0,0,3,0,22,0,19,0,0,0,4,2,0,15,199,245,255,248,38,2,0,0,0,0,9,0,13,0,0,0,6,0,0,0,0,2,0,0,0,4,9,0,255,255,232,255,9,3,9,3,0,1,0,0,0,6,9,7,0,0,14,0,0,21,2,0,9,16,0,7,232,245,223,255,10,0,10,3,0,2,0,5,0,0,0,3,0,0,7,0,0,0,0,2,0,29,0,0,201,251,253,255,73,0,10,8,120,133,117,125,146,21,6,0,0,29,0,17,0,9,0,8,0,0,0,63,255,251,251,255,254,55,0,189,255,229,255,234,255,248,191,113,0,13,0,0,9,25,6,0,8,13,0,0,169,246,255,255,255,248,255,255,255,255,240,255,226,246,255,255,48,5,10,0,9,0,5,0,0,16,0,28,196,255,238,255,255,255,236,255,246,255,121,242,255,251,224,255,255,90,11,1,0,0,19,2,2,0,7,4,52,255,255,255,255,255,255,185,116,2,0,56,255,222,235,255,255,132,0,7,0,6,0,1,22,0,9,0,5,188,255,254,255,246,255,0,2,0,6,0,0,198,255,255,252,189,0,0,0,14,0,0,0,0,25,0,10,60,212,246,251,255,245,255,177,69,158,49,152,255,255,255,237,150,0,0,0,0,0,0,0,0,0,1,12,0,146,249,255,255,237,255,255,238,255,255,253,232,255,255,49,0,12,1,22,0,35,18,3,17,32,0,2,0,0,138,255,242,241,255,255,255,255,255,255,255,255,202,0,4,0,0,0,0,0,13,1,0,14,0,0,0,4,0,92,194,255,255,255,254,249,247,252,181,150,0,0,4,0,8,0,0,0,0,4,0,5,0,0,14,15,0,10,0,143,59,0,118,195,115,122,0,5,0,0,23,0,3,1,3,0,0,0,0,0,7,0,0,17,10,0,0,0,16,0,0,19,0,0,0,12,0,0,18,0,14,0,7,1,0,0,36,0,15,5,0,0,0,0,0,0,0,12,0,2,11,3,0,6,17,0,0,6,0,0,0,0,11,21,22,1,0,0,0,0,0,10,6,0,0,0,0,30,7,1,0,4,0,10,22,6,14,3,2,4,0,3,6,0,0,4,12,0,8,0,0,7,0,0,0,1,0,0,0,17,13,5,0,0,17,0,0,10,0,0,0,11,1,25,10,0,0,0,0,4,14,0,0,0,2,0,0,19,0,0,0,11,0,6
5,3,0,0,0,0,29,18,13,0,3,2,0,0,0,13,0,0,7,0,0,0,0,0,0,0,15,0,5,0,0,0,0,11,16,0,8,0,12,0,4,7,0,0,0,0,0,2,10,0,27,0,0,0,15,0,0,6,10,6,4,0,3,12,9,0,3,3,0,0,0,0,11,3,5,2,11,5,5,0,0,7,13,0,15,0,5,0,0,0,0,14,0,49,5,0,75,207,243,162,32,0,10,7,10,0,0,7,10,0,13,0,2,0,0,17,8,0,4,0,9,1,0,94,219,252,234,240,32,10,12,11,5,0,54,3,11,0,0,17,22,0,2,3,10,0,0,6,0,0,33,223,255,255,255,142,0,0,0,9,1,5,5,7,5,0,21,27,13,20,0,0,0,0,15,0,0,42,255,231,254,255,96,24,1,14,6,5,3,0,0,0,13,0,3,10,17,10,20,0,2,29,0,6,3,161,251,255,224,72,0,5,11,0,21,10,0,10,23,0,28,0,7,8,6,9,0,5,0,2,0,0,124,255,255,254,108,0,0,0,0,6,0,0,0,0,0,10,0,0,23,0,7,0,0,0,3,0,0,23,236,255,245,149,0,0,12,0,6,0,22,3,2,0,0,14,4,6,6,15,21,0,9,18,0,0,0,92,253,242,255,46,0,0,0,0,0,19,1,26,9,4,10,17,0,0,0,0,0,13,1,6,1,1,11,151,255,249,160,3,1,0,13,8,2,0,13,0,2,0,2,3,10,4,0,12,0,25,1,0,9,6,24,234,255,255,24,0,5,0,0,0,0,0,36,95,87,25,0,0,0,0,2,0,4,0,28,9,0,1,83,255,250,255,49,34,0,19,4,2,133,255,234,255,250,255,177,17,5,0,6,0,4,0,0,0,5,0,13,255,252,247,47,0,0,0,47,218,250,255,255,255,255,254,255,110,4,0,11,0,18,16,8,11,0,17,14,244,254,244,35,0,13,53,215,251,246,255,175,133,255,255,255,93,10,0,4,0,0,0,0,2,0,0,5,216,253,255,90,0,83,232,255,250,209,89,0,82,243,255,235,92,0,0,0,3,0,15,0,0,4,4,0,158,255,235,255,113,189,232,255,229,21,17,87,255,244,231,217,1,0,14,13,11,0,11,6,0,0,10,11,84,250,255,255,255,254,237,251,83,17,77,218,255,236,250,66,0,4,4,6,0,12,21,4,17,11,9,0,26,167,247,251,255,248,255,229,254,243,250,246,246,255,123,17,12,3,7,0,0,5,0,10,14,0,26,0,0,7,98,175,255,255,255,236,252,255,234,240,249,161,22,0,28,2,8,7,0,8,2,0,0,0,19,0,3,0,17,0,78,238,252,236,240,255,216,113,101,5,8,11,0,0,0,16,0,7,0,13,0,10,21,0,0,0,9,0,20,37,226,240,120,38,36,9,0,9,0,2,0,0,0,5,3,0,4,7,5,0,27,0,0,12,0,0,6,14,0,0,0,13,0,3,0,10,0,28,1,0,0,0,0,0,6,11,26,5,24,0,0,0,0,3,11,0,17,0,4,14,0,24,0,1,0,24,3,0,4,24,0,2,0,0,0,0,0,0,28,0,30,0,1,0,0,0,0,16,0,18,27,3,2,10,13,0,0,5,14,0,0,15,0,26,1,0,0,7,4,24,13,11,9,2,0,0,0,0,14,21,0,0,0,0,0,0,0,23,4,0,8,0,0,0,21,10,0,2,0,19,0,0,0,4,7,0,16,0,0,4,2,6,5,4,0
0,6,6,0,13,15,0,0,0,0,0,0,21,0,7,0,0,6,0,23,0,0,0,0,0,0,0,4,13,0,0,10,20,16,11,6,13,0,19,10,0,4,0,0,18,0,4,0,21,3,0,5,6,3,23,28,0,0,9,15,0,0,28,0,0,0,0,5,13,0,0,0,0,0,16,0,0,9,6,7,0,0,1,11,0,11,19,6,0,0,10,0,0,1,0,1,0,6,0,0,28,8,1,0,0,5,13,18,0,28,3,2,0,5,10,10,17,12,0,0,21,6,0,18,10,0,12,0,9,2,9,12,0,23,0,0,11,7,0,9,0,6,0,0,3,2,10,0,0,0,2,12,2,0,10,8,0,0,2,8,0,0,22,0,0,7,13,4,16,0,24,0,0,17,0,0,4,45,37,115,210,120,40,57,14,25,2,0,0,0,0,0,7,0,19,19,0,15,8,8,0,16,0,124,193,255,255,230,252,224,231,147,229,245,173,146,106,0,3,0,18,4,11,0,15,4,0,17,0,48,177,255,255,239,242,255,254,215,209,246,248,255,238,243,132,81,2,0,0,0,0,5,0,0,0,9,10,0,211,248,209,132,112,38,104,114,108,138,163,135,98,205,167,203,215,47,0,0,14,8,5,0,7,0,0,0,22,63,0,10,0,15,0,3,0,0,13,21,218,194,255,255,255,55,0,12,0,0,3,0,8,10,0,11,0,0,0,0,0,11,8,0,4,0,0,157,255,249,251,250,242,99,0,16,0,0,2,0,1,0,22,0,0,0,0,13,64,0,55,69,27,64,216,235,255,247,249,224,126,0,0,0,25,0,5,0,30,0,0,0,0,6,0,26,243,221,233,230,234,248,255,131,218,17,46,3,0,7,0,0,0,0,6,9,0,14,0,9,1,0,7,6,157,229,255,255,255,243,212,45,5,0,0,0,0,16,2,3,0,0,15,0,0,0,6,2,0,23,3,0,0,146,177,235,249,223,29,30,0,5,0,0,0,0,0,12,5,6,17,0,0,6,0,0,0,1,0,0,0,0,15,46,253,93,18,0,0,0,0,0,5,0,2,8,0,12,0,0,0,0,3,0,0,0,0,0,0,18,20,10,255,255,157,0,4,0,0,0,0,2,8,2,15,0,0,15,0,14,0,0,0,16,0,15,0,0,37,145,255,240,149,10,0,6,1,0,18,0,4,6,0,0,0,0,0,0,0,6,0,0,0,0,0,29,92,255,242,225,103,19,13,1,0,9,5,0,1,0,4,4,22,27,0,0,0,0,0,0,27,14,27,226,219,251,189,175,21,0,0,0,0,9,0,0,0,4,3,19,10,12,0,1,1,2,6,3,8,136,219,250,201,231,255,121,5,0,0,0,0,0,0,0,7,0,0,0,0,1,0,3,0,0,24,0,52,234,255,255,229,95,225,38,0,6,2,0,3,1,6,0,0,0,22,12,0,13,0,0,95,78,28,43,40,137,227,222,127,12,63,19,7,1,0,15,0,0,0,3,9,0,13,0,0,0,26,0,144,249,153,233,255,245,143,13,0,0,0,1,0,2,0,0,16,6,15,27,5,0,2,0,0,0,0,0,64,55,33,236,246,198,16,0,4,5,0,0,13,12,9,11,15,8,0,0,0,0,26,0,4,0,5,16,0,10,0,15,0,20,0,8,0,3,0,0,0,0,11,11,14,0,7,0,0,0,0,16,19,16,0,0,0,0,0,5,0,0,14,0,0,16,0,0,1,5,7,26,17,28,0,0,0,12,8,15
12,6,9,0,5,0,15,24,7,1,0,26,0,0,0,2,0,0,4,0,9,0,17,0,0,2,0,10,18,0,0,0,2,7,11,3,4,0,29,25,5,0,9,0,0,0,0,8,0,0,3,15,20,18,0,9,0,4,4,17,18,0,0,8,0,7,23,0,0,3,0,0,0,0,0,16,32,5,3,6,0,10,9,12,12,20,16,17,26,1,0,0,1,11,0,1,0,24,13,7,8,0,19,5,18,6,0,0,2,26,0,0,0,9,0,0,0,0,3,0,21,0,0,13,0,0,0,0,0,1,0,0,0,6,11,0,0,0,13,13,3,0,0,0,15,5,14,0,4,15,0,5,21,16,22,7,0,5,6,5,7,0,14,0,0,0,0,0,0,0,0,0,0,21,9,15,0,1,71,161,255,252,220,255,255,244,255,205,151,1,0,14,6,0,23,0,0,0,0,0,16,19,0,14,77,255,255,240,251,255,255,239,255,255,246,229,253,113,10,0,8,6,0,10,9,0,0,0,12,0,4,8,251,251,255,251,141,114,125,5,42,156,132,194,255,249,15,0,0,0,12,2,2,2,0,0,0,19,0,129,255,252,252,253,255,189,130,0,4,0,6,173,252,255,0,13,11,6,0,10,13,9,4,7,0,0,0,0,243,255,255,255,255,255,255,188,61,13,207,231,255,69,0,4,6,2,0,0,0,2,0,3,5,6,0,0,53,255,255,255,250,255,255,254,202,189,250,248,201,0,0,23,0,0,0,10,0,1,14,0,0,0,0,8,0,4,125,242,255,255,255,255,255,254,255,190,0,6,0,12,0,0,1,0,18,0,10,0,2,0,0,18,0,4,16,14,0,152,236,243,255,243,255,121,0,0,4,9,0,11,26,0,0,0,0,0,2,7,12,5,0,0,27,0,0,205,240,251,255,244,252,66,0,4,10,0,4,0,2,0,10,0,1,0,0,3,0,7,0,13,1,8,51,237,249,204,194,255,253,157,14,22,3,0,0,7,0,0,6,0,0,36,0,0,20,12,0,19,4,85,243,245,198,11,0,255,255,109,0,0,0,12,2,2,0,11,2,35,0,0,5,0,0,0,0,3,37,255,239,126,0,0,1,255,255,134,0,5,0,0,16,9,2,29,27,16,0,0,16,0,7,0,5,0,191,243,201,0,3,2,0,239,255,125,0,11,0,12,7,28,16,0,12,4,27,0,0,13,0,10,15,130,254,250,0,5,10,0,0,255,255,0,0,2,0,2,16,0,0,0,0,19,11,0,0,9,0,1,0,197,231,243,0,0,0,3,75,248,207,0,18,6,12,0,5,16,0,0,0,3,0,25,16,15,7,11,0,255,255,117,0,0,0,17,127,255,0,0,0,18,14,2,0,21,0,0,7,20,28,0,0,21,0,9,0,248,252,211,8,7,0,119,242,245,14,1,1,10,0,0,0,0,5,0,18,0,0,0,32,4,0,18,0,142,251,255,206,131,178,255,254,201,0,0,4,0,0,3,0,0,24,0,0,8,16,0,0,5,0,0,0,0,251,255,239,244,252,255,204,2,15,12,8,18,0,5,32,0,0,0,2,9,19,0,22,0,0,3,0,0,2,147,247,251,234,129,0,0,0,0,0,10,0,1,17,5,10,20,0,11,0,2,0,0,0,2,0,0,12,0,0,27,0,11,0,0,0,17,0,2,0,7,0,9,0,0,13,0,0,0,0,10,4,26,0,3,2,0,0,0,0,0,4,0,0,18,20,15,0,0,0,0,0,0
0,4,0,0,0,20,9,0,15,3,0,0,0,14,2,0,0,0,30,0,12,11,6,0,24,0,8,22,12,6,4,7,0,21,15,0,16,0,0,0,0,22,3,16,0,0,0,0,1,3,0,10,24,0,0,0,22,7,0,0,0,11,7,5,17,0,6,13,0,0,10,7,0,0,4,2,0,9,0,0,0,25,0,1,0,0,0,2,0,25,16,0,12,0,0,0,0,6,11,15,16,3,0,0,0,0,4,0,0,0,0,0,20,12,0,21,8,9,20,0,0,0,14,0,0,0,0,9,0,6,8,0,9,21,25,0,4,0,0,0,0,15,15,0,0,0,0,13,11,0,2,8,34,134,215,232,168,108,19,6,8,0,5,0,0,21,0,3,1,7,13,0,0,0,7,0,0,8,22,13,189,248,253,253,192,245,225,176,131,0,0,16,0,6,31,1,9,0,0,0,5,0,14,4,6,0,0,119,255,218,83,41,8,115,228,255,249,231,70,20,8,4,23,0,2,9,0,6,13,11,11,0,18,0,11,113,255,116,0,10,0,7,22,66,243,255,133,13,0,7,0,0,0,0,19,25,0,0,13,0,15,9,0,106,254,54,0,7,0,11,21,9,210,237,155,12,0,0,2,9,7,0,6,0,0,0,0,23,0,0,7,87,221,161,0,0,0,0,6,58,232,246,62,2,0,0,7,12,4,0,0,7,0,0,0,0,6,11,6,0,198,149,0,35,0,34,98,233,255,107,0,0,0,0,2,17,0,0,8,0,0,1,0,0,9,0,4,5,222,239,176,206,115,168,255,248,92,0,0,3,0,0,7,0,10,0,32,27,0,0,2,0,0,0,34,168,228,241,248,241,255,250,229,48,29,0,4,0,5,0,0,6,0,12,0,4,0,4,15,0,15,110,237,255,248,255,228,252,253,186,8,15,0,0,0,6,0,5,4,5,12,0,0,0,10,0,0,0,33,230,255,199,182,255,247,255,183,18,0,8,0,0,0,6,0,8,6,0,9,0,13,0,29,7,0,9,224,253,136,0,25,213,255,231,179,0,12,0,0,0,0,11,3,0,0,16,5,8,0,7,0,21,1,47,255,250,11,0,0,99,255,96,22,0,5,1,13,0,0,19,10,0,19,1,1,0,0,0,0,0,0,126,242,225,0,0,13,40,255,71,16,4,0,12,26,0,0,0,21,0,0,0,21,0,0,0,8,0,2,139,255,151,19,28,0,0,254,60,5,11,0,27,0,0,2,6,0,1,21,0,7,24,0,4,0,22,2,103,233,159,5,0,22,13,255,148,2,0,14,21,0,14,4,6,1,13,0,15,12,0,22,0,0,0,25,15,253,255,54,6,0,45,248,128,0,0,1,0,24,0,1,0,25,0,0,0,11,6,16,0,8,0,0,23,208,243,157,26,32,175,241,55,6,10,4,0,0,0,0,22,13,39,0,16,0,0,15,0,0,24,0,0,31,255,235,232,249,249,165,16,10,7,5,0,0,10,6,0,0,0,28,12,9,0,3,0,19,18,23,4,10,54,217,255,255,154,11,0,0,9,2,1,0,0,0,0,0,0,16,0,0,0,0,0,0,0,0,11,0,11,14,0,3,0,0,13,24,3,0,0,2,0,15,0,11,1,0,3,20,0,0,0,9,13,0,0,0,0,10,0,0,0,0,4,0,0,11,19,0,0,25,0,3,1,0,0,0,3,4,0,0,17,6,2,11,1,0,0,11,5,23,3,0,0,14,13,0,20,0,4,0,0,11,0
15,0,0,0,0,21,0,22,8,7,0,13,12,0,10,0,12,0,0,6,0,0,0,3,19,0,0,0,0,6,0,0,0,1,0,0,0,9,0,18,0,15,4,0,27,19,0,0,0,0,0,0,8,11,0,10,0,0,0,5,25,9,0,0,0,0,4,6,0,0,7,0,0,1,1,6,0,7,0,4,0,0,0,20,0,0,11,0,3,0,0,4,10,0,9,0,26,20,0,16,18,0,0,4,0,0,16,0,2,18,0,0,5,0,10,13,0,0,9,2,13,8,0,11,0,17,0,5,5,17,14,7,0,6,0,6,0,0,0,2,1,7,0,0,0,1,0,1,0,20,14,11,34,13,6,25,5,1,0,21,0,0,0,0,0,13,0,24,0,4,8,0,14,0,1,28,10,86,148,218,255,255,251,255,147,37,0,1,0,8,0,19,11,0,0,26,0,0,0,0,0,0,20,177,204,255,255,254,251,255,255,255,243,133,7,0,0,0,6,12,0,32,0,17,0,13,12,0,1,17,209,251,255,254,224,155,132,96,118,192,234,255,71,0,24,3,16,11,0,3,16,5,0,7,9,9,18,219,255,252,241,216,21,0,0,0,0,85,241,255,172,5,0,23,0,4,3,7,12,0,0,6,15,5,2,175,240,228,113,20,5,12,0,0,0,96,243,255,185,16,0,14,4,9,0,21,0,19,0,4,0,0,0,49,78,23,0,0,0,0,18,0,14,148,255,242,161,13,9,0,23,17,0,6,1,4,0,0,7,0,4,1,0,0,4,0,0,5,6,1,0,180,254,255,146,15,8,0,0,8,14,0,0,21,10,0,0,0,0,27,4,0,0,0,0,11,0,0,72,230,255,251,73,0,8,0,0,16,3,7,30,7,1,3,5,11,3,3,0,1,0,3,0,7,6,14,183,255,255,172,16,0,0,2,1,1,11,0,0,27,4,0,0,0,4,6,0,0,10,0,0,0,0,48,248,251,247,67,0,2,13,0,0,0,3,0,7,0,0,5,0,0,13,13,0,11,0,2,0,0,24,170,255,247,159,5,0,0,0,0,2,0,0,8,5,0,24,0,0,0,0,0,4,0,0,0,10,0,105,246,255,211,22,9,0,22,0,10,0,0,3,0,0,1,0,2,0,0,18,0,11,22,3,4,0,165,236,242,239,136,6,9,0,22,0,31,75,171,188,4,0,34,6,0,32,0,0,3,0,15,0,24,102,249,233,252,255,114,82,86,138,234,217,217,250,235,92,0,0,15,8,1,0,16,0,0,0,11,0,93,244,227,253,255,244,255,255,255,246,253,236,169,158,19,10,10,7,0,0,0,7,0,0,0,0,5,33,150,246,238,250,255,255,255,255,251,173,124,31,0,0,3,23,9,0,0,15,0,0,0,1,8,0,0,0,28,255,250,248,255,237,131,112,2,11,0,8,11,11,0,22,5,13,16,0,13,0,3,0,0,1,13,0,9,16,117,65,0,7,0,1,11,0,0,0,13,0,21,0,8,23,0,0,26,8,9,0,0,7,0,23,0,11,8,0,19,0,5,6,0,0,6,4,8,11,0,8,19,5,9,6,0,5,0,29,23,11,0,0,0,0,0,0,0,13,0,0,11,0,11,24,4,0,2,0,0,8,12,0,0,0,0,32,35,0,0,9,0,0,2,0,11,3,9,0,0,8,0,21,13,0,0,0,0,11,0,0,0,9,7,9,9,0,18,19,3,0,0,0,5,3,4,8,12,5,2,0,0,1,0,2,0,0,17
36,0,0,8,7,3,0,15,0,6,0,0,0,9,0,2,0,11,17,0,0,4,0,0,0,11,26,0,8,4,0,0,12,15,4,0,24,0,9,0,0,0,0,0,0,3,0,10,0,7,6,0,0,0,4,17,3,4,24,0,18,6,17,10,0,0,13,10,0,11,0,0,11,0,0,0,0,3,5,0,13,28,10,19,0,3,11,2,0,0,0,4,10,9,16,0,15,5,0,0,9,0,1,0,1,0,0,2,26,20,0,0,1,13,0,8,4,0,20,6,0,13,3,0,0,0,4,7,6,0,15,12,0,4,0,0,6,3,0,10,0,14,11,5,0,7,0,3,4,0,0,0,10,0,5,0,0,10,10,0,0,11,10,0,0,0,0,5,0,0,17,6,0,0,5,0,15,0,10,136,151,117,127,98,155,136,143,209,253,126,70,0,0,10,0,20,2,0,0,22,0,0,8,1,0,173,255,255,241,255,255,255,255,255,231,240,251,255,251,16,0,0,1,24,0,0,11,6,0,9,0,4,0,247,255,244,255,255,255,249,243,252,250,255,253,247,176,11,0,3,0,0,0,3,0,17,0,6,0,20,5,130,213,102,135,117,132,93,140,140,181,255,255,248,58,3,0,10,24,11,6,0,0,9,3,40,8,0,0,26,13,0,23,0,0,13,7,0,192,255,249,131,1,0,0,0,28,4,0,21,0,6,9,0,0,0,0,0,0,13,0,0,0,0,0,176,255,240,192,0,19,13,0,1,5,0,16,0,0,0,1,0,4,15,23,0,0,0,5,7,5,9,107,239,255,255,0,6,23,0,0,0,6,0,0,0,9,0,10,8,0,0,6,3,19,9,3,0,0,195,238,252,255,255,255,197,127,8,0,7,1,4,0,3,0,0,4,2,5,0,10,50,109,126,140,210,253,251,255,255,239,236,130,87,0,15,0,5,14,22,0,13,1,3,0,1,0,42,246,254,255,255,255,233,248,255,246,192,135,0,0,0,0,0,0,2,8,0,18,0,18,0,4,2,0,124,255,251,255,255,255,255,255,255,232,0,0,6,1,6,8,0,1,0,0,0,0,24,11,1,11,17,28,3,205,255,49,8,127,254,255,255,60,0,9,0,0,0,0,0,0,1,0,0,0,1,6,0,0,0,7,0,12,189,0,1,198,255,255,60,0,15,4,7,1,27,0,0,11,0,12,0,0,9,0,0,0,0,29,0,45,181,0,167,246,249,156,0,14,0,0,0,7,18,0,0,0,0,0,0,9,6,0,1,9,0,20,0,255,136,49,252,255,184,7,0,14,0,0,7,0,0,0,0,18,9,0,16,0,4,0,7,16,0,0,48,255,30,192,255,182,0,0,5,0,0,6,11,0,7,0,0,14,4,0,31,13,11,22,0,22,1,53,255,185,225,254,200,72,0,0,5,0,0,0,0,0,19,5,9,0,0,1,20,0,0,0,7,0,0,147,245,255,255,255,3,0,5,0,4,22,0,4,0,0,0,6,2,0,0,0,0,11,1,3,21,17,8,128,248,255,202,0,0,0,7,0,0,0,5,0,6,23,0,0,0,0,13,0,0,0,0,0,5,0,16,144,244,222,48,13,12,0,3,6,0,0,0,10,5,10,10,0,14,0,17,5,0,0,0,34,0,5,2,0,0,0,3,21,3,2,0,0,10,0,0,0,0,26,0,0,9,16,9,0,13,0,8,2,0,2,0,13,0,7,0,0,0,20,1,12,1,0,0,0,0,0,0,0,7,2,18,0,8
10,0,0,0,0,5,0,0,0,5,6,0,0,10,3,0,0,4,8,12,0,6,0,0,13,0,0,39,3,0,0,0,1,0,19,10,5,1,11,18,0,0,12,14,9,23,0,3,0,0,23,3,0,2,0,0,0,8,0,1,0,0,0,14,0,1,12,1,0,0,0,0,24,26,2,17,17,2,1,0,0,5,0,7,0,0,4,0,2,17,25,9,2,1,0,0,0,0,0,0,0,23,0,16,8,0,14,0,1,18,19,15,0,0,2,5,11,15,12,10,22,8,0,0,5,6,0,7,0,3,8,0,10,13,0,0,0,0,0,0,0,0,12,0,0,0,0,6,1,0,1,2,0,104,124,160,38,0,14,0,0,2,0,0,0,2,0,13,12,13,1,0,10,0,0,0,13,0,81,215,194,232,255,253,208,223,203,40,0,3,0,0,0,7,0,2,19,4,4,0,31,23,0,0,36,182,255,255,255,252,239,158,236,255,253,199,21,10,0,0,7,0,0,13,2,0,6,0,0,0,10,218,242,255,247,252,248,255,133,3,239,175,255,255,3,11,13,0,0,0,2,0,12,5,0,0,2,2,179,236,213,255,243,141,90,0,0,0,0,26,105,122,27,0,0,0,0,0,0,0,3,0,6,5,7,0,183,246,255,243,173,3,11,11,0,15,1,10,0,2,15,0,0,0,1,0,7,34,16,9,0,0,22,2,81,223,232,255,163,0,0,1,0,10,21,15,0,0,5,13,0,13,1,0,0,0,24,0,0,5,0,3,8,130,246,255,218,147,0,0,0,8,0,0,0,17,0,0,0,26,0,7,2,8,12,9,0,0,0,2,0,0,140,222,255,255,255,244,248,55,0,14,31,9,0,0,24,0,0,0,3,0,0,0,0,20,5,0,0,0,6,92,234,255,255,240,244,232,68,12,0,0,0,0,0,1,0,0,15,28,0,0,0,9,8,3,0,0,9,9,98,220,217,239,255,245,250,187,71,15,0,3,3,0,0,17,0,13,0,0,0,1,8,13,0,0,6,0,0,9,37,153,255,221,251,240,221,64,16,10,8,0,4,42,0,0,0,14,0,2,2,0,0,13,0,0,2,0,5,0,81,67,252,255,255,255,131,16,10,3,2,0,4,6,0,0,0,8,8,2,0,18,41,14,10,10,8,4,0,11,38,168,229,255,240,163,19,0,3,0,2,8,8,0,0,13,13,0,21,0,18,0,0,5,3,0,6,12,4,0,202,255,246,205,38,0,28,7,0,7,16,14,0,0,8,5,0,0,0,0,0,2,0,0,6,0,27,47,232,255,254,169,1,11,0,12,11,0,1,2,0,0,0,0,0,0,6,19,16,7,0,0,13,63,184,255,236,218,224,23,0,0,0,31,0,0,17,8,11,15,1,6,0,0,172,203,210,149,216,65,167,226,255,248,255,246,76,25,0,0,14,0,1,4,0,9,7,34,0,0,10,0,38,118,200,233,255,248,236,255,246,212,200,213,14,0,0,0,0,0,5,9,3,0,0,0,0,0,5,5,17,2,3,60,185,149,180,120,179,22,2,15,0,0,0,8,0,0,7,0,0,0,0,0,0,0,6,33,6,14,7,0,0,2,0,0,1,0,16,0,0,0,0,11,21,11,0,0,0,0,22,18,1,0,3,13,9,0,11,0,12,0,30,0,33,0,13,0,17,0,0,0,0,11,0,0,6,13,0,0,0,0,2,0,13,7,19,0,13,0,3,0,2,0,18,12,0,12,0,0,0,7,5,9
3,3,0,8,0,20,22,7,0,0,19,3,0,7,5,0,0,4,5,0,0,7,12,0,0,0,7,3,14,0,5,22,0,0,0,0,0,4,0,0,0,19,0,12,1,15,16,0,0,0,0,0,8,7,0,0,3,0,16,9,11,8,10,18,1,0,0,0,15,15,0,7,13,0,0,1,6,11,0,10,0,0,0,0,2,4,0,0,0,0,25,0,0,0,0,0,22,0,0,10,4,0,11,0,0,0,10,30,0,16,0,6,6,0,0,2,0,33,0,38,17,19,0,4,0,0,36,0,0,14,0,0,0,5,0,0,0,2,0,13,6,0,0,0,0,17,8,17,0,0,0,11,15,0,47,135,153,166,249,255,255,45,0,2,0,10,6,0,0,0,0,14,0,2,0,0,0,2,1,38,89,133,255,229,255,223,141,255,255,43,0,18,0,0,6,6,5,12,29,24,0,0,1,15,4,39,139,255,255,235,217,93,69,19,82,255,241,63,9,0,0,22,15,0,0,0,0,10,0,0,0,0,10,208,244,226,71,61,0,3,0,98,255,255,66,0,0,5,0,0,0,7,30,0,22,5,22,0,0,0,32,211,161,19,14,20,0,0,116,255,255,138,0,10,0,1,0,0,0,12,0,0,0,0,0,6,3,0,0,8,16,14,1,8,0,37,206,255,182,13,0,0,0,0,11,13,5,0,18,11,0,0,17,9,8,0,8,119,247,94,0,16,17,157,255,201,54,2,4,0,0,0,0,16,13,0,30,0,0,0,5,0,0,0,3,60,205,233,158,56,180,255,195,34,2,11,9,12,0,0,0,0,0,29,0,0,0,7,4,0,2,12,28,7,133,238,232,216,233,173,23,18,10,4,0,21,0,7,19,0,15,0,0,0,0,13,0,0,22,2,0,13,18,150,255,252,212,22,10,0,0,1,0,19,9,15,1,0,0,14,8,6,2,13,15,5,0,9,0,17,34,227,253,245,255,67,15,0,23,2,20,0,2,0,0,0,6,17,13,13,0,1,0,13,0,3,29,19,186,255,215,20,231,236,84,7,0,0,0,20,4,0,8,5,6,0,22,0,18,14,0,18,0,9,0,117,255,231,74,0,43,248,202,45,9,0,0,4,12,13,10,0,0,0,5,0,0,14,11,0,17,0,0,236,244,145,0,6,0,149,255,141,0,0,0,0,17,7,0,0,7,13,0,15,11,0,0,0,4,0,59,247,225,45,0,9,6,0,154,241,17,0,26,0,13,0,3,8,0,0,0,4,0,15,8,2,0,7,86,255,99,32,9,0,0,3,143,244,201,0,30,0,10,0,6,11,0,17,15,0,0,5,0,2,8,0,47,239,228,48,0,0,35,0,127,245,195,0,0,0,5,5,0,3,9,7,4,16,0,0,11,16,0,1,17,234,255,236,203,120,121,137,203,242,181,15,0,0,3,5,0,0,21,0,0,4,3,15,3,15,20,18,12,59,193,250,254,255,241,255,250,167,0,14,0,34,3,0,0,2,0,9,0,0,0,0,0,0,0,0,0,0,4,111,153,135,229,164,115,0,10,14,4,0,16,0,4,13,8,0,10,4,0,0,1,0,11,2,0,0,0,1,0,14,0,0,0,0,1,9,0,35,8,2,0,0,0,14,0,5,3,0,16,0,2,12,0,0,1,0,11,0,0,5,0,11,0,10,3,17,0,0,12,16,24,0,0,8,0,22,0,12,3,0,1,0,0,0,0,0,0,0,0,0,18,12,0,0,20,0,3,10,0,17
1,0,0,0,13,13,3,6,0,0,7,6,1,1,9,0,7,0,6,0,3,17,0,12,0,15,0,0,0,4,0,2,1,10,0,0,9,0,0,14,3,0,0,0,16,6,0,0,2,9,0,0,12,0,0,11,0,0,13,11,3,0,23,7,0,0,9,10,0,1,0,0,0,0,0,3,0,20,11,0,0,0,0,4,0,4,0,21,12,0,18,4,13,0,10,0,0,7,14,3,0,16,0,0,10,0,0,2,14,5,0,21,13,0,1,0,0,10,7,0,6,0,17,0,0,0,0,2,0,2,3,8,0,0,1,2,0,8,0,0,1,0,0,4,0,0,0,20,0,12,6,0,0,13,7,8,0,0,0,3,2,4,0,0,8,0,0,0,2,0,0,0,14,0,0,0,17,8,21,9,0,0,0,9,3,5,0,16,0,10,0,0,7,6,16,0,0,0,0,0,6,17,0,6,0,0,10,8,133,158,241,235,196,158,18,0,6,0,4,0,23,16,0,0,31,0,0,0,0,0,0,0,0,0,0,126,255,246,178,134,209,244,98,8,0,0,0,0,0,7,0,0,9,0,8,0,0,7,0,31,0,5,102,252,104,0,0,0,12,100,40,0,0,3,8,0,3,4,0,5,12,10,11,0,0,3,0,3,0,29,223,122,0,0,0,2,9,47,236,88,13,0,6,0,0,12,16,12,18,19,0,9,0,0,0,0,0,102,194,0,0,14,0,0,0,213,255,83,17,0,0,16,3,11,0,0,0,0,12,5,13,0,6,15,47,241,76,2,7,7,0,83,214,255,215,0,14,6,14,0,0,0,1,8,0,0,0,10,15,0,0,13,82,224,9,1,0,19,114,171,208,222,195,0,0,0,19,7,6,2,0,7,3,0,0,0,1,21,17,3,81,232,23,0,41,142,133,19,124,237,176,0,15,0,0,3,2,1,0,9,0,0,16,14,0,9,0,27,1,86,197,108,117,0,11,9,164,251,52,0,0,0,0,4,0,20,6,14,0,3,11,0,0,0,0,0,20,6,16,20,0,1,21,6,233,216,0,0,0,11,0,0,12,0,4,0,21,0,0,0,0,4,15,0,0,5,0,0,0,0,0,115,255,175,0,0,0,1,12,5,0,5,2,6,0,5,0,0,17,17,0,5,0,0,12,0,0,0,8,105,246,115,0,0,0,3,0,0,0,7,1,10,0,0,0,0,0,20,0,0,7,0,10,0,15,6,3,168,239,5,0,0,7,0,7,0,20,4,8,2,0,8,0,0,0,0,0,0,18,6,9,0,10,0,85,245,167,13,0,0,6,0,0,0,4,13,0,4,4,28,0,0,0,0,17,7,37,1,7,0,1,2,157,238,66,4,2,26,0,0,0,0,24,5,25,11,3,21,0,0,0,14,5,10,25,0,0,0,0,97,246,149,13,0,22,0,7,0,1,0,0,2,0,16,0,0,0,0,4,5,15,6,0,17,14,4,0,160,248,102,0,19,21,0,2,13,1,0,11,16,6,0,19,0,11,0,17,0,0,14,0,0,21,10,3,180,116,0,0,0,0,0,13,0,0,14,3,0,0,0,37,12,3,0,23,5,0,5,15,0,0,16,55,255,100,24,18,0,13,32,0,0,9,0,0,23,9,1,11,14,8,0,11,0,2,0,0,0,0,0,144,200,31,22,0,0,7,0,0,9,0,0,0,7,0,3,8,0,0,3,16,21,0,0,5,0,0,22,6,15,0,0,22,4,2,0,12,0,0,0,13,0,14,13
8,10,0,4,0,0,0,7,9,0,6,0,26,0,0,0,3,0,1,12,6,0,0,20,2,0,0,0,3,14,5,0,0,26,0,4,8,3,0,13,0,0,5,10,13,0,0,0,6,0,0,9,0,9,24,0,17,6,14,4,33,0,15,1,0,0,33,184,143,31,1,5,0,10,0,0,0,0,0,0,0,10,0,0,0,0,0,0,0,0,6,0,8,0,126,242,253,118,23,0,5,0,12,10,0,7,3,0,16,17,0,5,0,0,0,23,0,0,0,0,15,155,246,246,247,185,98,3,21,6,0,0,0,0,4,1,0,0,0,4,0,0,2,7,0,14,0,0,0,163,249,244,19,5,1,19,0,7,3,4,4,4,0,5,17,0,6,0,0,19,5,2,14,0,1,0,13,237,239,139,7,0,0,0,5,1,0,0,0,0,0,8,2,0,8,15,6,0,12,10,0,0,17,0,54,247,249,20,0,3,8,10,2,0,8,3,0,23,0,18,0,0,8,0,0,4,0,12,13,0,0,0,153,255,160,0,0,0,8,7,3,0,0,0,6,0,0,0,0,3,0,4,0,0,17,0,4,0,0,18,193,250,157,34,0,0,30,0,0,0,0,9,0,0,0,0,0,0,0,16,3,0,19,0,0,12,14,0,222,235,178,18,0,0,0,10,10,17,0,47,94,0,11,24,0,0,0,0,0,0,10,0,0,0,0,9,252,250,54,15,14,0,20,11,11,7,112,234,234,54,0,0,0,0,34,1,4,0,5,2,0,0,3,87,255,255,50,0,14,0,0,0,62,137,255,255,249,243,70,6,0,5,21,0,0,9,10,24,0,8,6,109,255,190,20,0,1,12,22,18,146,246,230,72,192,255,116,0,0,20,17,0,0,9,15,13,0,0,1,122,255,217,0,0,10,0,0,63,197,255,105,0,202,255,76,2,4,7,0,33,14,12,0,0,2,0,0,99,255,211,0,23,0,0,69,255,255,168,1,56,255,133,38,0,0,10,3,0,0,0,0,17,0,0,12,7,249,255,71,5,0,0,120,255,247,35,3,153,255,48,9,0,3,0,0,0,7,0,0,0,0,3,0,27,255,255,124,1,11,0,207,255,200,35,3,175,118,23,15,0,0,31,22,7,19,0,9,15,0,1,11,0,128,245,213,10,16,16,246,247,177,41,245,236,163,0,0,0,0,16,10,0,0,0,15,1,0,0,5,1,12,225,247,223,148,16,237,255,243,242,255,189,18,8,7,26,24,7,6,0,9,0,0,0,0,25,0,10,10,81,231,247,249,255,255,252,254,190,73,12,0,0,8,14,0,0,3,18,0,0,0,0,0,0,0,13,0,3,16,37,157,134,214,172,221,114,0,0,0,6,0,10,0,0,9,0,17,4,16,3,0,15,6,3,0,1,0,13,0,0,0,2,0,10,1,5,0,0,4,0,16,0,0,0,0,5,10,9,5,9,6,0,0,0,14,0,6,0,25,0,3,14,17,0,5,18,16,0,0,0,21,1,0,26,14,0,11,11,13,1,6,0,0,0,6,0,0,0,7,0,1,0,0,0,3,0,10,1,9,4,21,0,7,0,10,12,0,0,5,0,2,6,14,0,0,0,6,15,0,0,0,0,0,0,0,15,0,13,0,0,13,8,0,21,16,18,0,0,0,18,0,0,5,9,1,1,0,7,0,4,15,5,0,8,2,0,11,0,11,0,14,0,0,10,0,0,0,0,0,0,10,0,1,8,0,0,9,5,0,12,0,14,21,0
0,0,17,0,21,3,0,0,0,0,1,0,0,22,0,18,0,5,11,0,2,3,0,1,1,0,0,0,21,0,0,12,17,18,0,10,0,0,8,17,5,0,0,9,0,1,10,0,0,0,12,4,0,0,0,6,0,7,12,6,5,0,0,14,0,0,16,0,0,20,0,0,3,6,0,5,16,6,0,0,15,30,0,16,0,0,3,0,0,7,0,1,0,13,0,5,0,0,0,23,11,15,0,28,0,0,0,0,0,5,0,0,16,0,6,0,0,0,19,12,15,0,9,1,4,2,4,0,13,0,11,0,25,6,2,13,0,0,0,19,0,24,2,0,0,22,0,3,6,0,0,3,92,187,0,0,2,16,0,8,0,0,0,5,0,0,7,5,0,0,6,3,0,7,4,1,6,22,6,10,91,251,96,8,6,7,0,0,8,27,0,0,6,14,0,5,0,0,0,13,12,5,4,0,0,14,0,5,87,242,154,0,0,23,2,0,2,0,0,7,0,0,0,0,14,2,6,1,0,6,0,0,0,0,6,0,34,254,145,4,18,18,0,0,7,17,13,0,0,18,0,15,19,9,0,7,0,11,2,6,5,0,0,0,16,224,227,0,0,0,0,0,0,0,4,0,0,10,13,2,0,28,0,1,0,27,3,2,13,0,9,5,0,251,255,12,0,6,11,6,0,15,0,0,0,10,0,0,0,7,0,0,0,0,11,3,0,9,11,0,0,222,255,0,0,2,13,6,24,0,27,0,0,0,17,7,3,15,6,0,2,2,0,1,0,11,0,13,9,190,249,0,5,8,11,4,0,15,0,0,0,7,0,22,0,0,2,0,0,0,0,11,0,0,0,8,0,204,223,0,16,0,13,10,13,0,0,0,13,15,16,0,0,6,0,6,1,0,0,16,3,0,11,0,5,125,232,21,11,0,12,0,5,0,0,41,5,17,3,21,0,0,0,0,16,0,18,17,0,0,0,13,0,155,255,0,4,0,18,22,0,22,0,1,0,4,4,2,0,0,4,4,8,0,0,30,15,0,0,3,0,143,251,0,20,0,0,0,0,0,0,3,1,0,6,0,0,0,0,13,13,16,1,0,2,22,11,2,0,42,253,46,0,22,0,0,0,0,0,7,5,9,4,0,0,0,1,0,0,25,0,0,7,0,0,21,0,64,255,65,0,0,0,0,0,2,29,16,0,0,0,7,0,0,4,5,0,17,0,0,0,0,0,0,5,30,255,74,16,26,0,0,0,0,12,6,0,23,0,8,0,4,9,0,9,0,0,0,0,0,0,9,0,65,255,55,0,7,21,13,0,0,16,3,12,13,0,0,0,4,20,0,0,4,0,0,5,0,2,0,0,37,255,69,0,0,0,0,0,1,8,0,5,0,18,0,29,16,0,0,0,0,9,2,0,0,9,13,0,48,251,96,7,0,0,12,11,0,8,0,0,0,21,0,8,17,10,0,0,0,3,0,13,19,0,0,0,41,251,97,3,0,0,0,0,0,0,0,0,4,0,0,10,9,5,0,0,13,0,6,14,2,0,0,0,0,155,47,4,2,0,0,2,0,21,3,1,8,12,8,0,8,17,4,0,0,0,8,0,22,2,3,0,0,18,22,0,8,0,0,0,0,0,9,0,10,0,21,17,2,7,0,0,8,1,0,0,3,10,0,0,31,1,0,8,0,2,14,0,0,0,0,0,18,25,6,2,15,20,2,16,0,2,9,0,15,37,9,3,6,8,19,15,0,3,6,0,1,15,20,0,14,0,0
9,0,13,9,0,4,0,14,0,0,29,20,0,2,0,0,20,6,0,4,16,14,0,7,40,0,0,0,2,16,0,10,0,8,10,26,5,0,14,0,0,20,9,1,0,5,0,10,0,0,0,7,3,9,3,0,11,24,0,0,1,4,25,0,4,0,0,0,0,0,0,0,0,0,0,0,0,27,9,16,19,0,0,0,0,8,0,25,0,12,0,14,6,9,1,0,24,0,1,1,0,0,0,0,0,0,0,41,2,1,5,7,15,17,17,3,21,0,2,9,0,0,13,0,0,24,15,7,12,19,3,14,0,11,0,18,0,0,0,3,0,6,0,8,0,0,13,21,24,8,0,0,25,18,4,0,0,32,112,202,72,0,16,0,0,0,0,0,0,5,4,12,0,8,22,0,0,0,7,0,1,10,0,1,39,210,255,255,212,16,3,0,0,3,4,12,0,0,4,12,0,15,0,0,25,5,0,0,45,114,233,221,237,255,196,218,251,153,0,3,0,14,9,0,19,0,3,0,0,9,0,18,0,2,35,155,234,255,255,255,255,241,248,239,252,127,8,14,0,0,15,19,0,0,0,0,0,0,0,11,6,0,215,237,255,244,246,240,232,255,186,202,255,117,0,0,9,18,0,8,9,0,0,0,0,0,14,3,0,123,247,250,254,139,118,71,41,10,88,237,255,71,0,19,27,9,0,0,0,0,5,15,21,13,7,8,86,246,234,95,4,10,25,0,18,141,255,232,254,51,32,13,13,0,0,1,0,6,0,0,0,5,0,0,96,254,236,51,39,52,39,145,237,255,252,255,157,61,8,0,0,4,0,7,8,0,14,0,0,8,14,0,116,249,255,237,248,251,255,247,254,249,200,110,36,13,21,11,0,0,0,0,0,1,0,0,0,8,2,0,28,112,237,255,255,255,244,255,249,255,235,31,0,9,0,0,6,0,0,0,0,0,0,21,0,0,0,0,0,1,42,233,250,255,239,255,255,255,241,27,0,0,10,0,0,0,0,7,0,24,15,0,14,0,20,0,0,18,174,250,254,255,230,170,167,239,249,31,3,12,23,0,17,14,15,8,0,2,4,0,0,0,22,0,0,70,255,243,193,104,75,0,1,219,253,185,0,0,7,19,0,0,2,0,27,6,0,3,8,0,8,19,4,191,246,242,79,0,0,5,3,108,255,233,2,0,13,17,10,11,15,0,0,3,2,0,0,0,0,0,142,220,255,214,0,0,4,0,13,17,255,245,16,10,0,5,0,0,0,2,0,3,14,10,2,0,0,4,117,255,230,91,6,8,0,12,1,45,244,255,67,0,0,0,8,0,11,4,2,10,9,0,2,0,0,4,127,255,249,71,5,1,12,0,56,230,255,156,0,0,0,0,24,0,0,5,0,0,18,13,4,0,10,0,68,250,255,255,180,102,97,193,255,251,231,67,0,9,0,0,0,0,0,2,4,23,3,0,1,9,21,14,19,37,224,255,255,231,247,232,243,211,113,16,8,6,14,4,0,8,16,0,4,0,32,0,0,0,0,9,5,1,59,231,246,255,253,198,108,13,8,0,0,4,9,0,4,10,27,1,27,7,0,0,0,3,20,8,20,0,18,6,0,2,0,22,10,0,11,0,0,0,0,2,27,9,0,12,0,0,1,9,7,20,0,2,3,0,0,0,0,0,6,0,0,0,13,0,4,0,0,4,4,2,0,0,4,0,15,0,0,6,6,0,0,2,0,0,10,12,0,0,18,0,2,0,3,0,0,0,0,10,0,10
0,7,0,0,15,10,9,10,0,0,0,8,0,3,5,0,24,3,21,5,9,0,0,0,12,10,11,1,17,0,26,0,31,0,0,7,4,0,15,14,0,7,0,8,10,0,2,0,0,0,0,0,7,0,0,10,0,10,0,8,0,0,0,2,0,0,0,6,0,0,0,7,2,5,5,0,0,15,7,6,2,26,0,0,0,6,9,0,2,0,0,0,0,0,14,9,2,0,6,2,14,0,0,1,0,0,0,19,0,7,19,0,0,0,1,5,17,17,6,0,0,3,0,0,0,0,24,0,6,0,1,21,13,0,0,8,0,0,14,16,2,0,0,1,52,70,208,80,12,2,0,1,4,10,2,5,0,12,0,7,15,8,0,0,4,10,6,0,0,8,0,6,73,255,255,255,54,98,0,0,7,11,0,0,0,0,3,22,11,0,18,0,0,0,23,2,0,13,0,0,44,240,254,255,146,140,15,0,0,9,11,0,29,79,253,96,77,40,17,10,0,8,0,0,0,0,9,0,89,255,249,255,255,134,9,0,3,0,4,6,4,232,244,255,242,47,0,0,15,4,0,0,1,20,0,0,72,251,254,243,245,92,1,0,9,0,0,0,15,213,218,255,255,68,0,22,0,0,9,0,9,0,22,0,71,255,255,255,223,54,1,13,0,0,13,0,0,253,255,255,249,153,0,14,0,18,19,2,0,3,0,25,89,243,253,255,252,147,11,36,22,8,28,0,4,255,246,255,255,220,134,0,0,7,0,0,0,0,26,3,75,234,245,255,255,253,45,0,0,3,14,19,11,239,255,224,249,247,8,0,0,0,0,0,8,0,0,13,68,255,250,255,255,254,195,183,188,193,197,197,189,255,255,220,247,255,121,10,9,0,0,6,0,0,4,0,0,158,253,255,255,253,255,236,229,255,255,255,245,93,253,239,247,243,160,0,6,0,7,0,8,0,0,9,0,61,240,243,254,255,239,255,228,254,245,237,158,55,255,254,236,255,163,7,22,3,5,5,8,14,21,0,18,0,75,255,248,255,253,255,224,195,182,22,12,59,255,234,255,248,176,0,0,0,2,0,0,17,21,3,8,0,39,91,255,250,243,255,229,55,19,9,1,8,172,255,233,255,162,0,5,16,7,23,6,0,0,0,0,0,0,0,34,24,34,30,52,0,0,4,0,0,120,253,242,254,156,0,5,0,31,0,0,0,18,3,3,0,1,19,4,8,0,0,15,0,0,12,0,9,132,254,255,255,227,55,9,0,0,7,7,0,0,0,0,0,0,0,2,11,0,17,23,0,9,0,7,17,154,247,255,253,255,99,0,12,0,0,6,2,0,0,0,0,0,0,9,2,9,22,3,0,0,0,0,10,93,223,248,254,255,83,17,0,6,0,0,0,9,3,0,0,0,5,0,5,0,0,0,0,0,5,0,1,0,232,250,254,254,63,0,2,0,0,4,14,24,0,6,0,6,7,0,0,3,0,1,0,8,0,0,6,0,202,245,247,158,32,0,0,0,0,13,10,1,8,5,0,9,16,19,6,0,0,6,0,24,1,0,2,5,92,255,234,0,2,0,0,0,0,4,0,0,8,0,3,0,16,0,0,0,16,10,8,14,0,0,1,0,0,7,21,0,0,40,0,15,0,17,0,0,0,0,0,15,0,17,0,0,3,0,0,0,20,0,0,0,0,0,12,0,0,2,0,5,0,15,8,10,12,10,7,28,0,0,0,0,0,0,0,7,0,0,0,1,11,8,0,0,17,24,22,0,18
0,0,0,20,5,4,2,0,1,6,0,3,16,3,0,0,0,0,7,0,23,2,0,0,26,0,0,0,13,6,0,0,0,16,0,0,0,0,6,0,0,21,0,6,0,15,15,10,0,0,0,4,0,0,14,0,0,3,25,11,0,0,0,0,0,0,1,14,0,0,0,0,0,6,0,17,9,10,0,1,0,0,0,0,8,0,15,0,10,17,0,14,16,21,0,7,8,0,0,0,3,0,0,5,28,3,21,0,0,0,9,0,0,0,0,0,0,0,8,0,5,2,0,14,49,240,97,0,10,13,0,6,16,0,0,0,0,0,0,0,14,1,0,19,0,7,14,0,19,21,0,0,49,246,209,33,0,13,0,4,5,2,2,9,25,4,0,0,7,1,0,9,0,6,2,0,0,3,0,0,45,255,255,189,0,0,0,4,0,0,29,0,0,0,6,0,0,9,0,6,0,10,0,19,0,15,0,4,32,221,255,234,42,0,2,0,0,0,5,17,10,5,14,17,10,0,2,0,4,0,0,0,6,4,0,20,9,190,254,255,51,0,0,0,1,16,0,0,0,0,0,2,5,2,16,29,0,0,20,29,1,0,0,14,0,169,253,255,65,7,3,7,0,22,0,0,0,19,9,0,0,0,0,10,0,0,5,13,6,5,0,0,8,198,255,255,26,0,0,0,6,0,0,24,12,5,11,0,27,4,2,6,8,0,0,12,13,0,35,0,25,192,246,211,58,8,15,0,0,0,0,23,0,2,0,0,9,0,0,15,10,3,12,0,2,0,0,9,68,246,255,250,45,35,16,1,0,0,7,11,20,0,8,1,10,8,0,4,0,0,14,0,0,0,11,0,48,250,239,254,42,7,0,0,8,26,0,0,0,0,30,0,23,0,0,14,0,12,8,24,20,5,3,7,55,255,242,210,17,30,0,12,11,0,0,0,16,4,6,6,14,0,0,13,0,19,5,7,11,0,3,14,72,255,255,179,0,6,0,18,10,10,0,6,3,0,6,27,0,0,0,0,4,22,0,1,19,4,0,0,65,255,230,209,17,11,0,10,9,0,6,0,0,0,0,0,21,16,0,0,23,6,7,0,5,3,0,1,47,255,255,148,2,2,17,0,0,0,18,13,4,12,21,0,13,3,0,0,0,6,5,5,10,0,5,16,114,229,239,185,0,0,0,0,0,2,11,5,14,22,11,9,0,0,0,0,0,3,12,3,0,0,4,13,209,245,250,183,14,10,16,4,6,0,0,0,7,0,9,0,0,0,0,0,8,4,0,0,22,0,0,37,252,255,255,90,0,0,0,0,3,0,0,0,6,29,0,7,4,8,8,2,0,0,0,3,3,14,0,38,250,234,234,61,9,12,2,5,27,18,0,0,0,0,0,0,13,6,4,7,0,15,4,13,0,0,0,69,245,255,255,45,0,1,6,10,16,5,3,0,14,0,1,0,0,0,0,14,0,16,11,0,21,1,0,12,116,219,185,26,21,4,0,0,0,0,0,0,0,0,0,0,0,25,0,0,10,8,18,0,32,0,0,0,30,0,0,2,16,3,8,5,0,0,2,0,0,0,0,0,0,9,0,0,9,0,0,12,10,0,0,7,0,12,25,0,0,0,0,5,0,0,0,8,0,0,2,0,0,20,0,0,0,14,6,0,0,0,0,0,12,0,0,0,0,0,4,0,0,12,5,0,0,0,0,0,0,0,0,4,10,15,0,0,0,0,0,9,10,0,0,0,0,2,0,0,0,8,13,0,5,0,11,13
0,14,6,0,0,5,0,0,0,0,10,7,0,0,0,2,10,0,33,0,0,18,0,12,6,14,0,26,0,0,0,0,0,22,1,13,0,4,0,0,0,0,6,0,0,0,27,10,0,0,17,5,16,0,2,16,2,0,0,1,0,0,0,0,21,12,5,3,0,0,16,0,9,17,0,5,0,0,3,0,9,0,0,0,0,0,0,10,6,0,0,0,31,8,1,13,30,63,118,255,255,177,112,1,14,0,8,12,5,16,0,7,8,18,7,1,0,6,10,0,0,0,0,183,237,227,255,230,255,255,255,253,128,6,2,0,19,0,0,7,6,0,0,1,0,0,0,0,6,0,174,253,172,188,105,143,144,117,207,255,246,116,4,14,0,14,2,0,0,0,0,0,8,0,0,13,15,19,54,0,27,10,0,0,6,0,26,227,255,130,0,0,0,0,1,0,0,0,17,0,9,0,0,6,0,15,0,0,7,0,0,0,0,0,0,248,254,64,4,20,7,8,6,10,24,17,0,0,0,0,0,0,0,0,0,25,0,14,0,9,0,17,67,250,255,0,1,0,17,13,36,0,0,0,7,16,0,8,4,5,7,0,0,5,16,10,8,0,7,0,185,255,123,9,21,1,7,8,5,8,10,8,0,0,0,3,0,4,0,0,0,0,7,6,12,0,0,103,243,255,69,0,0,15,17,10,0,17,0,0,0,0,20,0,14,16,0,7,0,16,0,21,0,14,3,188,247,206,11,0,26,0,5,0,1,4,0,0,0,0,0,0,0,3,23,1,14,0,0,13,18,0,200,247,248,4,9,0,24,0,14,16,6,19,0,12,0,1,9,0,0,0,0,0,0,0,0,0,0,76,246,255,47,0,0,4,38,4,8,8,0,0,0,12,0,14,0,0,13,0,21,20,0,0,14,0,69,255,197,34,11,0,16,16,0,2,21,8,8,0,0,0,0,0,0,5,14,0,26,0,14,0,0,0,170,255,0,17,0,7,0,4,0,6,4,15,0,0,0,2,0,0,0,7,5,5,6,28,0,15,68,246,177,66,0,10,4,24,5,0,0,8,3,0,6,0,12,2,3,1,12,0,0,56,40,132,127,114,255,235,68,7,0,4,6,0,18,15,0,0,0,0,3,29,0,8,21,0,5,70,201,255,255,238,252,245,249,133,5,0,0,8,0,0,0,13,0,0,0,0,0,26,2,0,5,0,91,255,253,126,0,197,255,255,252,255,70,0,4,16,13,0,3,19,0,20,8,4,2,19,0,11,0,0,233,255,255,68,213,255,217,59,205,255,252,240,120,75,0,10,1,9,0,0,6,2,29,9,0,2,8,0,255,255,248,220,240,139,4,16,0,130,249,255,239,221,208,113,121,105,0,0,0,0,0,17,11,0,0,0,71,210,255,197,71,10,11,11,0,7,29,10,129,139,211,177,197,189,17,0,0,0,15,0,0,0,8,0,0,0,6,0,0,4,0,0,0,7,0,0,22,11,0,4,0,15,3,22,0,0,8,13,4,2,12,0,0,14,0,0,30,3,0,0,0,9,0,9,7,11,0,0,0,0,0,0,11,17,24,0,32,0,13,0,0,20,0,0,0,0,0,19,0,7,0,0,0,0,0,0,0,4,2,0,5,12,0,0,0,1,14,14,0,8,0,0,16,0,0,0,0,0,0,0,0,0,0,1,25,0,0,11,12,0,0,11,2,16,14,0,10,0,0,0,0,4,9,0,0,15,0,0,20,3,9,7,16,1,17,15,0,9,0,0
0,5,7,0,2,4,0,0,0,8,0,0,0,0,0,10,8,0,12,2,24,0,5,20,11,0,10,4,14,12,0,0,0,11,16,10,0,0,0,2,0,0,0,20,10,0,0,0,0,1,6,0,0,0,13,0,0,0,0,12,5,0,0,0,0,2,0,19,0,0,12,20,0,0,17,0,0,20,0,0,0,0,11,8,0,0,0,10,17,11,26,10,8,0,10,19,4,0,0,0,16,29,9,11,12,0,0,14,0,7,0,0,0,0,18,0,12,0,7,1,0,4,0,0,130,255,197,33,0,19,0,17,1,17,0,0,18,9,0,0,0,0,4,11,0,0,14,0,20,0,0,186,241,235,244,190,109,4,5,12,25,0,14,0,0,6,3,9,0,0,3,4,0,16,0,3,0,0,0,188,245,148,143,215,251,193,77,9,0,19,23,0,0,0,0,0,11,0,0,23,2,0,3,0,0,0,0,27,245,232,0,65,171,246,255,241,0,0,20,0,0,0,16,0,3,10,0,7,0,3,0,3,0,0,0,4,239,174,0,0,0,55,33,46,12,3,0,0,0,4,7,11,0,0,0,0,30,22,21,1,0,0,0,85,255,218,0,0,2,14,0,6,6,0,5,0,0,24,0,0,0,0,0,0,1,2,0,0,0,0,0,113,255,97,0,18,0,0,0,0,0,0,9,6,15,14,6,2,6,0,0,0,0,0,10,0,0,1,0,203,247,0,0,0,0,0,9,0,0,10,0,3,0,0,2,10,1,0,0,0,0,0,0,0,7,9,71,246,254,5,0,13,25,4,8,10,0,0,0,0,0,0,13,0,4,0,12,10,0,18,0,0,0,20,94,244,244,5,0,0,0,8,0,0,0,0,0,2,0,0,36,0,10,15,0,9,0,0,0,0,12,8,92,244,254,14,0,0,20,0,4,1,0,14,0,0,6,1,16,1,3,25,9,12,10,8,0,0,2,0,74,255,255,51,103,160,218,117,40,19,0,1,8,18,0,0,0,1,0,27,12,6,0,5,0,0,0,0,211,255,255,244,255,243,237,255,239,175,0,3,8,0,6,0,9,0,0,5,2,0,11,17,0,0,5,0,195,253,249,234,162,128,139,127,174,250,181,0,0,2,26,0,15,0,1,0,0,3,0,0,8,0,10,4,13,112,99,43,27,1,0,0,0,229,255,98,0,0,0,13,0,4,0,4,9,8,0,0,0,14,15,0,0,17,0,3,0,6,0,0,108,255,242,36,0,0,0,0,0,9,0,13,10,0,2,3,19,0,0,18,1,0,0,3,0,4,17,168,232,255,129,0,5,6,8,0,0,0,0,0,12,0,4,0,0,5,9,28,0,0,0,0,21,33,189,255,255,161,0,0,8,0,0,4,0,0,0,5,0,0,0,0,12,0,12,0,0,0,71,156,221,255,255,175,95,0,14,0,0,0,28,4,0,27,0,3,0,22,5,0,0,0,1,0,6,4,17,212,252,239,83,12,0,0,1,1,3,15,0,0,0,0,0,0,5,0,12,11,11,7,0,2,0,0,15,0,14,0,29,4,0,0,0,21,0,0,36,0,23,0,0,0,0,0,18,0,15,14,0,3,0,8,19,0,18,9,0,0,2,3,0,0,0,10,0,7,5,2,24,7,0,6,0,0,5,0,0,0,0,0,0,7,0,0,2,0,0,0,0,0,0,0,19,7,9,0,0,24,2,18,0,6,11,0,0,0,39,14,0,0,0,22,0,0,0,13,3,18,0,2,0,0,0,4
0,12,0,8,14,14,0,0,0,3,0,17,10,0,7,0,0,15,0,33,0,0,0,0,6,0,7,29,0,18,0,6,0,11,16,0,21,11,0,0,0,4,0,0,12,0,1,1,0,5,0,3,5,0,0,0,0,16,0,35,0,0,8,2,0,0,20,25,11,3,35,0,1,4,0,16,0,0,17,0,4,3,0,2,0,5,23,17,5,10,26,0,0,17,10,11,0,34,11,0,0,0,19,11,1,7,19,35,0,0,9,4,2,7,0,4,0,16,0,3,0,21,6,0,21,9,0,0,0,10,13,0,0,26,0,0,1,0,12,7,0,0,0,28,0,17,16,0,0,50,154,255,228,244,212,96,14,19,1,0,0,1,3,0,0,0,1,0,0,12,0,13,0,6,0,26,63,199,255,223,161,156,218,254,158,22,13,0,6,1,0,9,0,21,15,2,0,0,13,11,0,16,0,0,196,243,184,5,0,0,21,109,255,140,6,9,2,9,22,0,0,0,7,0,2,13,0,0,0,25,0,43,249,169,7,0,0,0,1,27,233,255,25,0,0,0,0,32,11,2,7,0,12,0,0,26,10,0,9,109,233,140,0,0,0,0,7,26,245,237,111,0,4,0,0,0,0,6,0,1,0,19,4,12,0,0,0,170,255,125,0,6,0,0,13,10,177,255,114,0,2,0,0,0,5,25,20,9,17,0,0,6,0,5,0,145,255,127,17,0,9,19,0,0,165,234,123,0,9,10,0,8,0,0,5,7,0,4,11,0,2,0,0,118,251,225,0,0,0,0,0,3,114,255,191,6,16,0,11,0,0,0,0,10,0,10,0,0,0,0,13,12,195,249,168,15,3,4,10,154,224,245,248,2,5,10,0,0,0,0,0,0,1,0,0,0,13,0,0,0,29,212,255,250,171,201,221,213,116,218,252,92,17,0,0,4,0,2,21,13,13,0,0,0,6,0,0,3,0,17,83,177,158,104,62,1,28,126,255,175,25,0,0,11,10,0,0,0,2,0,0,0,0,0,2,0,4,0,0,0,0,7,6,0,4,28,255,172,12,11,5,0,3,14,2,3,0,0,0,0,0,0,6,0,0,3,5,11,0,0,2,0,6,20,178,168,0,0,0,0,0,18,0,0,0,0,19,3,0,0,0,7,0,3,0,0,39,13,0,0,11,19,152,255,87,2,0,0,5,0,0,15,3,3,0,0,7,9,0,0,9,0,2,5,3,2,21,0,0,13,151,236,153,19,9,1,0,20,3,0,12,4,3,0,0,0,0,6,0,8,78,172,38,0,0,0,0,7,170,255,53,0,0,0,0,8,0,0,18,0,23,0,9,23,0,0,0,35,252,187,17,5,6,0,0,32,241,182,0,11,0,0,0,9,13,2,5,1,0,11,0,0,0,0,4,0,156,253,191,112,36,37,29,162,251,231,32,25,0,24,0,0,0,9,13,0,0,21,0,6,7,0,0,0,27,145,224,248,254,248,248,252,238,105,0,19,0,2,12,0,0,0,0,0,0,15,6,0,0,1,0,11,0,0,8,104,255,254,253,159,28,0,0,5,2,0,9,14,0,11,11,6,13,6,0,3,2,0,1,0,9,0,0,6,0,13,14,0,0,18,3,10,0,0,13,5,4,0,5,6,0,2,0,0,0,0,0,0,15,8,8,0,15,13,5,13,0,13,18,0,10,0,21,0,0,0,0,0,0,13,0,0,7,6,0,5,0,16,23,9,0,4,0,0,0,0,0,0,18,0,2,2,12,2
0,6,12,16,10,0,3,17,4,5,0,0,0,0,0,0,23,18,0,0,0,20,8,11,0,2,39,0,0,8,0,0,0,15,0,0,13,18,14,8,4,0,13,0,0,7,0,0,0,0,12,0,10,0,0,0,2,2,0,22,7,12,2,12,8,0,0,3,14,4,0,33,0,8,0,0,1,0,0,0,31,0,17,0,0,0,11,0,0,36,5,1,0,0,6,0,0,12,0,0,6,0,0,5,2,0,5,11,6,8,7,0,0,0,9,0,17,8,11,0,10,7,0,12,0,0,0,18,0,4,169,255,88,0,10,0,18,13,0,0,2,0,0,0,0,5,0,0,0,0,11,20,8,0,0,0,12,71,246,175,37,0,0,0,0,0,0,0,3,0,23,11,0,11,5,7,18,0,0,2,0,0,0,14,34,209,242,0,8,12,4,8,0,0,14,0,10,0,0,0,0,0,0,8,0,0,0,23,13,0,0,5,98,238,145,8,10,10,4,0,4,0,0,0,0,0,0,0,9,14,5,0,0,16,0,0,0,0,12,22,172,249,34,0,19,8,0,0,0,0,0,9,14,0,6,10,0,5,0,0,0,0,0,3,0,0,5,134,253,182,0,0,14,0,0,12,0,10,20,0,0,0,0,0,5,0,0,2,0,9,5,16,5,0,39,238,230,36,26,12,3,8,0,17,0,0,0,1,0,0,14,0,4,2,0,2,20,15,0,0,0,0,148,246,157,14,0,9,1,0,0,0,11,0,14,0,0,0,0,0,3,2,10,0,0,0,0,0,0,15,223,232,37,0,0,0,0,31,0,14,9,3,0,0,2,13,0,0,0,0,1,0,6,0,7,9,0,121,255,146,0,0,0,13,9,29,2,13,13,0,19,0,4,0,0,0,0,0,0,0,0,4,23,8,5,192,241,105,22,32,6,12,23,0,0,0,0,0,19,0,0,0,0,2,5,0,0,0,0,0,0,11,0,224,245,87,0,1,2,0,0,4,0,0,4,0,0,0,16,0,1,0,0,5,0,4,13,10,0,0,112,255,163,2,0,0,13,0,23,8,0,0,1,0,3,0,0,1,0,0,0,0,5,0,20,1,0,21,175,245,96,12,0,0,10,0,20,0,0,0,0,0,11,17,0,0,0,29,0,0,11,0,0,9,0,47,208,154,20,0,0,11,12,0,0,7,19,16,4,0,10,0,21,3,4,12,0,3,20,0,10,0,0,91,246,125,6,0,0,0,0,0,4,0,0,0,0,0,0,0,0,0,0,0,3,10,0,0,0,1,12,134,242,113,0,0,0,0,9,2,0,0,0,0,10,0,15,9,0,8,36,10,0,14,0,0,5,16,2,172,255,107,0,0,0,0,11,0,0,18,0,29,11,6,18,1,6,0,0,5,20,0,0,0,0,19,0,169,252,191,117,0,0,0,13,8,12,0,0,4,0,7,0,2,28,0,0,4,0,19,0,0,11,15,0,40,243,255,106,8,19,12,0,0,0,0,0,5,11,10,0,0,20,12,5,0,0,11,1,13,0,11,0,26,6,0,0,0,0,12,2,5,1,0,0,6,0,1,0,14,26,19,0,5,0,0,34,0,0,0,0,12,0,0,0,0,0,0,26,0,0,0,19,6,1,0,0,0,10,8,0,4,0,0,17,0,29,9,2,0,3,0,14,17,0,0,0,19,4,8,0,0,0,36,0,4,6,0,2,0,0,0,0,10,0,0,0,0,0,0,0,8,0,0,0,11,11,4,3,0,11,0,20,0
5,0,6,0,2,0,0,0,0,0,18,23,5,12,2,0,28,0,0,0,0,12,0,14,14,1,0,6,21,0,12,8,11,9,0,22,0,4,0,0,9,5,0,5,4,0,0,0,0,2,3,8,0,25,0,1,1,0,21,0,0,0,0,0,0,0,1,15,0,0,0,0,0,0,0,0,0,11,0,0,10,0,8,0,3,16,17,0,9,13,13,0,1,0,8,0,0,5,0,0,0,0,10,0,14,0,0,0,0,0,6,18,15,0,0,0,5,7,4,2,0,8,1,0,0,2,3,18,9,3,6,11,0,11,14,0,0,4,8,2,1,0,0,0,0,7,0,27,0,4,11,0,0,0,0,15,8,0,0,9,7,0,6,4,19,0,0,22,0,4,0,0,5,2,0,17,0,0,34,147,255,245,116,66,4,16,3,0,4,5,0,4,4,8,0,0,0,12,0,0,0,4,9,20,0,33,235,251,248,255,255,246,93,10,0,1,6,0,1,12,0,7,0,7,0,0,0,18,0,0,5,0,21,167,233,249,163,110,223,248,211,12,23,0,0,1,0,0,0,12,0,0,17,0,15,0,3,13,1,2,124,254,255,91,9,0,108,196,254,243,90,12,12,0,11,0,0,0,0,0,5,1,7,2,0,0,13,7,179,255,191,31,0,0,21,0,167,242,253,139,0,9,19,0,0,6,9,6,6,0,5,0,0,3,0,42,248,252,75,1,1,6,0,15,165,255,255,69,0,0,15,13,0,17,5,4,16,0,8,10,0,0,0,6,171,255,153,21,0,3,0,119,255,240,228,50,15,0,3,0,0,0,0,11,0,0,9,0,0,15,0,1,182,255,255,22,14,12,116,241,255,248,249,61,8,5,10,3,0,0,8,4,13,0,0,2,0,9,0,0,155,255,234,171,98,110,255,255,179,233,255,70,0,0,9,13,1,0,10,0,2,0,0,0,0,30,25,0,6,130,255,243,247,255,181,57,30,247,255,49,14,7,0,17,0,1,0,10,0,9,0,0,0,4,0,0,0,5,58,134,145,21,0,0,183,255,223,57,6,0,0,0,0,0,0,0,7,0,16,8,0,0,0,0,0,0,31,0,0,0,11,0,135,255,202,6,0,0,0,0,9,0,7,0,0,7,0,0,7,0,20,10,0,0,0,16,2,8,4,8,180,249,182,0,8,17,0,14,3,0,0,0,0,0,0,0,5,10,0,0,9,0,0,10,6,0,0,29,255,223,105,0,0,0,0,6,19,4,8,0,0,23,2,12,1,1,0,0,18,13,13,0,10,0,16,20,231,240,52,0,0,11,1,0,13,17,0,8,0,0,4,0,13,0,0,0,3,0,34,0,0,1,0,26,241,246,79,18,0,4,15,0,0,6,4,14,2,0,2,0,0,12,23,0,15,9,0,18,8,6,0,35,255,255,77,0,0,3,0,1,2,4,3,0,27,0,9,0,0,2,7,0,0,0,0,0,12,1,0,21,252,232,117,0,0,18,1,8,0,31,2,8,0,26,2,1,0,0,10,13,0,5,0,0,9,0,28,19,244,255,202,13,0,0,11,17,19,0,22,0,9,0,0,8,11,0,0,0,0,29,3,0,0,0,0,16,136,168,59,0,0,13,0,0,0,0,3,2,0,21,24,0,2,11,14,13,0,14,0,0,7,0,12,20,14,0,0,0,0,14,15,9,22,0,0,22,10,0,3,0,0,0,0,0,0,0,8,0,25,7,0,0,0,8,0,10,0,0,10,0,16,0,0,13
0,0,0,6,0,5,29,0,8,11,2,10,0,2,8,0,5,19,0,0,0,10,0,31,24,0,2,0,0,3,5,0,0,0,11,0,0,11,6,0,8,1,0,0,15,0,0,0,3,0,0,0,0,7,11,11,26,0,4,0,0,0,1,8,1,0,0,19,3,0,0,0,5,0,0,0,7,12,27,0,0,0,0,6,22,22,4,0,2,7,13,0,0,0,0,14,0,0,16,0,0,10,0,0,0,0,14,27,2,0,0,0,2,0,0,0,5,0,0,0,0,0,2,0,0,0,0,10,0,0,1,0,19,0,28,0,0,4,8,9,0,0,0,10,22,0,18,0,0,20,0,0,6,0,20,4,0,0,4,12,6,10,0,3,9,0,0,7,0,6,0,1,12,0,15,17,26,2,6,0,19,11,0,8,2,19,0,0,0,20,15,4,0,2,0,1,1,0,25,86,76,117,149,160,157,215,175,149,144,125,25,0,0,0,9,0,0,4,1,16,6,20,0,0,0,158,234,253,255,255,255,239,255,255,255,252,255,255,235,242,153,36,0,0,0,0,0,0,0,19,0,2,13,255,246,165,154,59,62,52,124,195,230,66,164,139,250,244,255,216,106,27,11,2,21,2,17,18,0,0,4,21,133,52,0,0,0,3,0,1,79,0,0,14,0,60,123,255,255,225,34,0,0,0,0,0,0,0,0,0,11,0,0,0,5,13,5,0,0,0,5,0,4,14,0,87,255,255,174,0,1,0,0,15,8,19,6,0,8,0,9,0,0,2,0,0,0,10,14,10,0,12,36,0,115,234,254,3,11,1,7,0,37,0,16,0,4,3,21,0,19,1,0,0,11,12,22,0,6,0,16,16,69,253,255,0,10,23,11,13,0,2,10,0,0,0,1,7,12,0,2,0,4,5,3,0,0,2,0,0,73,254,248,2,4,13,0,8,0,0,5,0,25,0,8,7,0,9,1,3,9,0,8,3,0,9,0,20,70,255,255,15,0,0,0,0,0,9,7,5,0,1,0,0,0,21,3,0,13,0,17,0,14,10,0,1,214,255,225,0,6,0,2,0,7,4,10,0,7,14,0,5,0,5,18,0,0,3,0,11,8,28,9,60,249,255,141,0,0,0,2,0,0,15,4,27,24,9,0,12,7,0,0,4,0,4,0,2,0,17,0,86,249,242,38,28,0,0,0,14,2,11,0,0,17,0,3,0,0,12,10,3,0,0,0,0,0,0,28,235,249,232,16,3,4,30,1,20,14,6,3,0,0,11,15,0,3,16,0,0,0,16,0,0,19,3,126,255,229,65,5,0,0,0,0,9,4,0,0,0,9,35,1,0,4,14,0,7,0,13,0,5,0,21,218,255,185,0,26,20,0,2,4,0,1,17,5,18,7,0,0,0,0,2,4,2,10,0,0,0,12,122,255,240,55,0,0,0,3,0,0,19,0,0,22,9,0,0,16,0,0,6,0,1,20,2,0,20,25,217,243,140,24,1,0,0,0,1,0,0,0,0,11,6,3,0,8,5,20,0,21,0,0,3,0,29,27,228,242,123,0,0,0,18,0,17,0,2,0,0,19,19,0,9,0,32,0,14,25,12,0,19,2,5,11,239,250,108,0,0,16,0,0,0,0,0,11,0,0,6,3,23,20,11,0,2,1,13,3,18,0,0,0,196,255,119,0,0,5,12,1,0,6,0,4,4,0,7,9,0,4,0,0,14,0,0,5,0,17,0,12,7,6,3,0,6,14,11,0,0,12,7,0,0
0,17,1,8,8,0,0,11,2,1,0,0,0,0,2,0,6,0,23,0,1,0,9,0,0,0,27,8,0,0,10,2,0,11,0,13,20,0,25,8,0,0,4,10,13,7,15,0,0,0,0,0,1,0,0,0,0,0,0,0,2,0,0,0,19,0,5,0,0,15,0,0,3,3,14,0,13,0,0,12,1,0,5,0,0,0,0,0,5,3,11,0,9,0,6,0,0,8,10,11,0,16,10,0,15,0,0,3,3,9,0,1,24,11,0,0,14,9,0,2,1,7,5,13,0,21,6,11,0,11,5,13,0,0,19,0,0,0,11,4,28,7,0,6,15,2,3,0,0,0,3,0,17,10,0,0,0,0,6,5,7,0,14,18,0,5,0,19,0,14,0,14,0,28,6,6,15,0,0,1,0,0,0,18,13,12,0,0,13,0,0,0,0,0,9,5,0,0,11,0,6,0,7,3,2,13,6,15,7,0,9,9,7,0,0,0,2,11,0,9,0,0,0,8,1,3,19,7,0,18,1,0,0,0,0,17,0,0,11,0,0,9,0,0,0,0,21,24,0,0,9,8,0,4,4,0,0,16,19,9,0,0,12,65,48,93,35,17,0,0,0,0,39,59,43,49,87,93,53,42,6,3,0,3,3,0,0,18,0,20,158,255,254,242,233,126,131,150,222,236,255,255,255,255,220,194,186,164,0,5,5,0,9,0,0,0,0,38,235,100,196,228,213,159,191,183,119,92,14,25,29,23,25,0,0,0,16,13,0,0,0,0,0,0,0,173,149,0,0,0,12,0,0,0,0,12,0,16,0,0,12,5,0,7,0,11,4,0,10,0,10,19,211,233,0,8,0,0,0,7,0,0,1,7,0,5,0,2,4,0,7,0,1,0,14,0,11,19,0,8,255,196,0,0,4,0,26,11,0,8,0,0,10,0,0,0,0,0,0,0,0,2,0,4,8,7,0,3,146,255,112,0,1,0,0,5,0,0,0,2,0,1,0,8,1,0,0,0,1,0,14,30,5,0,0,0,29,128,255,90,11,5,0,16,0,25,6,0,0,0,0,0,6,0,0,0,12,0,6,0,6,11,17,0,7,9,144,251,131,5,0,3,0,0,19,31,0,0,3,11,0,16,2,0,8,0,0,0,0,1,12,5,12,15,23,150,255,86,0,5,11,19,0,12,0,0,10,11,0,0,0,1,23,4,6,0,0,3,0,8,0,0,7,12,188,183,23,0,0,8,0,0,13,2,19,0,0,0,4,7,0,0,0,0,6,0,0,0,10,0,0,19,99,236,0,6,0,0,0,0,0,9,0,26,0,0,0,7,0,13,17,0,13,0,0,10,19,0,3,52,221,202,6,0,29,8,0,0,0,1,3,0,1,11,0,8,0,5,23,0,9,26,18,7,104,180,104,224,255,69,10,0,0,0,0,0,0,21,0,0,4,0,0,16,5,22,0,0,8,2,16,0,80,255,252,231,67,20,0,0,0,0,0,12,0,10,19,21,0,0,16,0,6,3,0,0,0,1,0,0,0,123,106,31,0,6,0,0,0,1,0,8,12,9,25,0,0,0,5,0,3,7,11,9,0,0,9,18,5,0,9,4,4,0,4,13,0,1,0,17,9,0,0,0,0,2,2,0,0,0,2,0,0,0,7,4,2,0,1,1,27,0,0,0,21,6,0,0,0,0,0,0,0,0,0,0,7,8,12,0,3,5,11,0,0,0,0,13,0,13,0,0,15,0,5,5,0,0,5,17,4,0,0,0
12,0,0,24,14,0,2,13,0,2,9,8,0,5,7,0,0,0,0,10,0,0,0,9,0,26,22,3,3,0,14,0,0,27,8,0,0,0,8,25,0,9,0,0,11,2,11,1,1,0,0,14,0,25,0,0,0,0,0,0,18,0,6,15,7,0,0,13,5,4,0,29,0,0,0,0,5,16,0,5,0,19,1,0,0,3,23,0,0,0,2,22,4,0,7,0,0,6,0,0,8,2,14,4,10,9,16,0,11,8,9,0,0,0,0,6,0,0,12,0,0,0,0,0,0,2,4,19,14,12,0,11,10,9,0,9,0,0,0,0,11,0,17,12,0,11,0,7,0,5,165,255,56,0,0,2,0,10,0,3,0,0,0,0,0,0,0,2,0,0,19,2,3,0,0,39,0,0,201,255,36,0,0,0,15,0,11,0,7,0,1,0,0,3,25,0,0,0,0,0,7,7,1,8,0,22,207,255,39,13,8,2,50,30,0,0,9,0,0,12,6,0,3,0,12,8,0,6,4,0,1,0,0,169,215,150,48,6,10,0,185,212,0,7,0,0,0,0,0,29,5,21,0,0,0,15,0,0,0,0,27,255,166,0,2,20,7,0,200,216,2,0,0,5,10,0,2,7,0,4,2,0,0,1,2,22,0,0,129,249,73,16,0,0,0,12,192,249,59,0,3,0,0,0,12,11,0,0,4,9,0,0,20,0,0,29,234,255,47,0,13,0,0,0,192,255,26,3,23,0,6,9,0,0,0,19,0,0,0,0,0,9,0,51,240,227,24,11,14,0,0,4,191,201,0,3,8,89,17,0,0,11,1,0,11,6,0,0,0,0,1,140,238,163,25,4,0,0,3,8,216,241,114,179,250,198,19,0,0,7,0,0,4,17,0,4,0,19,0,104,255,255,230,208,193,191,187,253,254,227,255,248,168,9,0,1,0,5,12,8,0,23,1,21,0,0,7,9,159,223,255,251,255,250,255,255,255,252,168,76,0,0,5,6,0,19,0,0,0,0,0,0,0,13,20,0,0,44,49,55,70,168,139,203,255,172,3,0,27,17,0,0,0,0,0,0,0,0,7,0,0,0,0,2,0,12,0,0,4,0,0,137,252,113,0,20,0,11,0,1,0,0,0,0,0,13,23,0,14,12,0,0,2,0,16,0,0,0,5,229,255,113,5,16,8,0,0,10,0,15,15,0,15,4,12,5,0,0,6,3,11,24,7,0,0,11,9,255,250,31,1,9,9,0,0,2,0,19,8,0,2,15,10,0,0,9,18,10,6,5,16,24,0,0,0,231,245,0,3,0,0,8,0,13,6,4,0,11,3,0,0,0,0,0,0,0,0,0,0,7,0,0,97,249,125,0,0,0,5,9,0,17,18,0,0,0,0,0,22,0,0,0,7,0,3,0,0,7,0,0,126,252,26,0,11,0,0,0,0,3,0,11,0,0,6,1,7,1,0,1,5,7,18,12,7,5,0,0,109,255,55,0,0,3,13,9,0,0,0,0,13,0,0,0,14,0,0,4,0,0,0,9,0,11,0,0,5,255,133,0,24,3,0,0,0,10,0,5,0,24,0,0,12,7,20,0,0,0,2,8,0,0,0,0,17,0,22,2,0,0,14,0,1,4,0,0,0,9,0,11,8,0,0,1,0,4,22,20,0,10,0,7,0,3,3,6,0,3,0,21,15,9,0,2,0,0,0,0,1,0,0,0,25,0,0,0,4,16,0,23,1,13,5,10,13,14,5,18,0,0,0,16,0,0
10,0,0,0,0,0,36,0,13,1,0,0,0,0,12,0,4,0,0,11,0,0,6,0,0,0,0,0,5,0,11,10,0,0,7,1,0,0,4,0,0,1,8,2,0,2,0,7,28,0,14,0,0,4,24,0,0,3,0,3,0,18,32,0,2,0,0,3,0,3,17,12,0,14,22,2,1,0,12,17,0,19,0,8,0,0,2,2,19,0,0,0,0,3,0,21,0,0,0,7,0,11,0,0,0,1,0,0,0,0,3,0,5,19,0,0,23,8,0,11,10,0,0,0,2,38,192,171,227,138,0,9,13,0,9,7,2,2,5,0,0,2,0,0,0,21,0,0,1,0,0,0,15,187,255,255,255,255,194,0,2,14,0,2,0,0,0,12,1,0,0,25,1,16,0,14,13,0,0,36,255,255,248,183,167,249,237,77,5,2,0,6,16,6,8,8,0,2,0,30,3,0,3,27,13,0,20,201,255,203,61,0,6,0,148,226,0,0,4,0,3,0,0,0,8,0,0,0,5,4,6,0,0,0,184,255,181,12,0,10,8,2,17,241,42,6,10,12,0,23,13,0,0,0,0,9,9,0,0,0,0,56,246,229,10,0,18,15,0,9,35,255,111,21,9,0,0,0,0,10,0,0,21,36,0,0,23,17,1,187,243,156,0,20,17,6,0,0,31,255,114,19,0,5,0,12,0,3,0,4,0,0,7,0,17,0,8,225,227,32,7,0,7,19,0,0,51,255,147,0,3,0,0,5,0,0,8,0,6,0,11,5,0,0,137,255,128,14,0,17,4,0,0,6,26,241,114,0,0,0,0,21,17,18,0,0,0,0,0,3,11,87,255,255,41,6,13,0,0,6,2,0,43,222,199,4,0,0,0,15,0,0,0,9,8,0,12,0,8,120,239,165,0,7,2,9,0,0,8,0,41,243,178,19,14,1,9,21,0,3,0,0,0,0,0,8,3,170,254,22,24,9,7,24,4,0,2,14,25,251,212,0,0,0,0,0,25,15,4,0,0,16,0,13,1,217,247,30,0,2,0,4,0,0,0,22,84,253,165,6,0,26,4,0,0,0,0,0,11,0,9,4,0,175,227,1,12,0,0,8,0,0,11,46,252,252,82,15,11,20,0,10,19,2,24,3,13,13,22,0,17,188,179,4,0,0,0,0,26,0,13,224,251,208,23,0,0,0,7,0,0,0,4,0,18,0,0,6,0,117,232,46,20,0,0,0,0,0,107,251,255,124,0,5,0,0,5,0,14,3,0,0,7,0,0,0,0,10,223,119,0,9,0,0,27,217,255,255,204,49,0,17,6,7,22,2,21,0,0,0,0,0,0,0,4,11,138,255,226,156,150,144,244,248,249,201,42,17,4,0,0,0,0,0,21,7,0,11,6,0,0,0,0,2,18,208,255,253,255,255,255,255,166,0,0,21,11,22,0,0,12,0,0,0,0,0,0,14,0,0,0,0,0,0,96,201,227,248,181,70,2,4,4,18,23,0,0,0,0,14,9,0,1,4,0,1,8,0,0,11,0,14,0,0,5,5,0,0,2,0,0,4,7,2,13,0,0,28,0,0,0,0,0,0,0,17,0,0,0,0,0,13,4,0,0,7,2,1,0,0,0,5,0,0,10,0,6,38,0,7,0,1,0,0,26,12,12,0,0,0,0,17,3,24,8,3,0,0,12,0,15,2,0,0,0,0,10,16,4,0,0,2,0,24,20,17,11,21,0,0,1,0,3,0,6,6,11,10,15,0,5,8,11,0
0,15,0,0,0,5,4,3,0,0,0,0,1,0,0,14,20,0,17,8,0,0,0,31,6,0,0,0,0,0,10,0,0,3,10,7,0,5,2,0,0,10,0,8,18,0,25,11,9,0,0,8,16,7,25,0,15,14,13,0,0,24,0,0,13,0,9,8,0,0,0,13,11,3,0,0,0,0,0,0,12,7,0,7,17,0,0,0,3,0,12,0,0,28,0,0,10,0,0,0,8,0,0,25,0,0,0,0,0,0,4,9,2,4,0,1,6,19,0,1,3,16,0,0,0,0,0,0,4,10,6,0,0,0,0,12,8,1,0,0,17,13,3,0,0,8,27,0,4,0,9,0,0,3,0,10,0,4,22,0,0,15,3,0,0,26,2,0,0,0,16,24,19,0,5,3,19,5,0,13,37,80,143,176,248,0,12,18,0,0,0,181,91,7,0,0,0,16,0,0,0,0,0,0,10,26,88,216,255,236,247,125,35,0,0,3,1,8,29,233,189,0,7,23,0,0,0,15,0,0,7,42,120,198,255,255,219,180,80,0,0,1,1,0,0,27,237,255,83,32,3,0,0,7,9,32,5,14,206,232,242,247,228,87,13,0,0,0,0,0,8,24,0,178,245,173,25,20,11,0,15,0,12,0,18,254,251,253,104,0,0,0,13,5,21,17,1,0,15,12,172,253,210,0,45,7,0,0,21,7,2,8,16,166,255,255,144,42,9,11,0,11,0,0,2,8,0,188,255,234,49,0,16,28,0,6,12,18,0,8,0,0,70,197,253,255,171,14,16,0,0,16,0,0,232,251,238,33,26,5,27,15,1,0,0,0,23,0,0,30,15,14,93,202,255,235,157,42,0,0,0,218,241,235,30,0,24,0,0,0,0,13,0,0,0,0,5,15,0,0,0,38,78,223,255,255,177,94,206,255,234,45,15,7,0,12,0,0,0,20,0,0,0,1,19,1,0,6,0,31,0,0,152,195,255,255,255,237,48,0,2,2,0,14,0,13,14,0,0,14,0,8,4,21,18,13,9,0,3,14,12,82,254,255,241,0,0,2,12,20,0,5,0,0,0,0,17,0,14,0,0,5,12,23,13,0,0,0,3,205,252,255,255,135,2,0,16,0,0,0,0,15,19,6,0,0,0,0,7,16,21,11,8,0,0,0,145,255,189,12,181,255,56,8,0,0,21,0,2,0,0,10,6,22,0,14,6,0,7,2,0,0,12,93,216,248,43,0,63,252,165,0,0,2,6,0,0,15,0,14,2,1,0,12,0,0,5,7,5,12,12,249,221,36,17,0,0,221,209,0,5,0,10,18,0,16,0,0,2,19,0,0,0,0,5,30,0,8,102,255,64,33,4,0,0,123,255,11,3,0,9,0,0,0,0,0,13,0,19,8,8,6,1,0,4,0,82,225,68,4,0,0,21,176,255,6,0,0,26,16,5,25,6,0,0,0,0,0,0,6,4,0,14,0,0,255,238,99,15,14,91,242,117,3,1,3,10,10,13,25,0,10,4,0,0,16,2,0,0,0,24,0,7,111,224,255,255,210,255,168,31,3,5,38,7,0,6,0,17,0,0,0,0,5,22,19,0,0,2,19,0,2,15,48,77,144,101,11,0,0,8,0,22,0,0,16,7,9,22,14,17,0,0,0,8,0,30,0,0,14,5,0,13,14,4,5,12,18,1,0,0,10,0,0,1,0,15,14,0,0,5,11,14,5,0,0,0,0,6,0,11,12,0,1,13,1,0,5,0,0,9,0,6,8
20,0,1,5,14,7,1,4,8,0,0,23,11,11,18,0,0,18,0,12,0,12,0,12,0,0,0,0,0,16,17,0,22,0,0,0,0,4,0,7,24,7,8,0,0,0,4,0,0,1,6,28,0,0,7,0,0,9,22,0,15,19,0,29,0,14,0,0,0,0,15,2,2,19,2,0,29,17,0,0,0,10,0,0,0,0,14,0,0,4,0,11,9,0,8,0,0,0,0,1,0,11,0,24,1,9,24,0,10,0,0,0,0,0,1,0,0,0,0,6,9,2,0,19,0,16,0,0,0,13,0,0,0,0,0,1,0,29,6,0,8,6,14,0,30,0,20,10,0,0,0,0,0,0,8,0,0,0,0,20,0,11,16,6,0,6,0,22,0,0,13,4,0,5,0,0,8,0,0,0,9,13,21,0,0,4,29,13,3,6,24,11,0,7,0,9,0,1,12,20,0,5,0,7,0,0,0,7,2,0,5,30,108,218,196,109,2,11,3,0,0,11,0,0,0,0,0,5,0,0,0,9,0,0,5,0,36,75,88,224,255,244,255,211,6,15,0,3,0,0,0,17,0,17,8,9,8,7,0,0,0,11,48,99,255,255,252,255,242,255,255,105,9,0,0,0,0,0,8,0,23,0,0,0,4,0,8,8,0,88,230,248,255,230,246,228,135,94,229,30,43,0,0,11,0,0,0,0,0,43,0,18,6,14,3,4,105,236,255,255,255,165,51,42,4,115,203,253,254,6,0,3,0,0,16,1,12,0,0,15,4,10,0,98,255,245,201,58,0,13,22,19,196,255,255,250,178,7,0,0,8,0,0,6,3,0,0,0,0,1,2,175,243,160,27,0,0,11,150,220,246,207,188,255,151,6,0,0,23,3,0,7,0,12,0,21,5,0,8,215,224,186,129,141,243,230,255,244,118,34,164,255,68,0,0,13,30,0,0,0,0,1,0,0,0,0,30,207,241,253,255,255,242,255,255,94,0,44,232,227,38,0,11,2,0,4,0,20,0,1,0,11,11,3,5,90,242,254,255,230,187,98,106,0,0,126,239,175,28,0,0,0,0,9,22,4,22,16,0,0,7,0,0,0,3,99,101,1,0,5,0,7,41,199,255,21,0,0,27,0,5,0,0,28,7,0,0,0,16,16,0,9,0,0,0,0,10,4,0,1,139,255,196,0,21,10,7,14,11,0,0,0,3,9,19,18,20,0,12,0,0,0,0,2,17,0,0,0,191,243,92,26,0,0,9,9,16,18,0,23,0,0,14,0,19,0,0,5,6,18,0,0,0,0,0,43,243,196,13,0,24,0,0,13,0,34,5,19,0,5,11,0,5,48,6,28,0,6,0,5,6,0,8,89,249,216,0,5,6,3,8,0,0,0,27,1,7,0,0,0,17,27,0,5,0,8,0,9,0,8,9,209,230,93,22,0,12,0,12,0,0,5,3,0,0,5,0,12,13,10,0,0,0,0,0,0,0,0,21,193,228,62,0,7,0,0,9,13,0,10,0,0,7,0,21,7,0,7,13,0,5,0,0,13,0,16,7,211,193,0,11,0,13,14,22,0,0,18,0,14,22,0,10,0,23,0,3,0,0,9,3,0,8,5,42,255,113,0,8,0,26,25,0,0,1,0,5,6,0,21,0,27,7,0,5,18,0,0,15,8,5,0,16,151,6,9,13,23,0,4,14,5,11,0,11,0,6,7,6,0,2,1,4,0,0,13,33,4,16,16,4,6,30,0,12,0,0,27,0,0,0,3,0,8
0,0,27,0,0,0,0,22,8,0,0,6,0,0,0,0,0,3,0,7,0,0,0,0,10,0,9,14,0,0,0,6,0,0,10,0,0,0,0,27,0,11,0,15,0,24,21,14,14,0,2,16,28,7,19,0,0,10,0,12,0,0,6,0,10,0,18,6,21,0,4,19,0,0,1,11,0,0,0,9,0,0,0,0,17,0,17,0,0,2,4,8,1,4,17,6,8,0,0,0,0,2,0,0,0,3,15,0,4,5,14,5,0,0,14,10,19,0,2,0,1,0,0,0,2,21,0,0,7,0,0,4,0,0,10,1,0,8,0,19,12,0,19,0,13,1,0,0,0,6,0,22,0,0,0,0,12,0,0,0,3,2,0,0,10,20,9,19,12,0,2,0,0,0,1,0,0,0,3,29,5,0,19,15,0,30,0,1,0,10,13,0,7,20,16,7,28,14,0,13,0,0,16,0,17,0,50,166,255,255,233,237,141,7,16,0,0,0,10,8,2,0,24,15,6,10,0,11,0,0,0,9,16,143,222,228,196,195,166,177,255,155,0,0,0,3,10,1,13,9,10,8,0,0,0,0,0,3,0,0,65,254,177,11,5,0,14,5,194,248,151,10,2,0,0,5,0,18,8,14,18,0,0,5,0,0,0,29,233,206,0,22,0,16,4,24,236,255,255,153,7,11,2,0,8,12,0,0,0,0,0,27,0,4,0,41,255,181,8,0,0,13,22,105,254,247,255,247,18,0,12,1,21,0,0,0,0,14,12,0,3,0,0,36,222,225,0,0,12,0,4,123,252,149,176,227,0,9,8,1,0,14,4,1,16,0,0,8,0,0,0,0,47,255,242,0,0,0,0,20,255,125,222,172,18,0,31,0,0,0,17,0,0,2,17,0,4,38,0,0,2,120,243,227,99,26,0,185,247,241,245,54,0,0,0,0,0,13,0,0,0,3,0,0,0,0,0,0,0,5,79,199,252,221,245,255,255,223,85,26,0,7,13,30,25,0,0,0,10,2,15,0,11,0,0,18,0,0,0,0,2,122,247,255,145,10,29,23,0,0,1,2,5,23,1,3,0,1,1,0,2,0,4,18,1,15,2,0,6,1,196,209,0,24,0,29,5,1,24,1,6,0,0,12,0,15,11,17,0,3,0,1,0,11,4,5,18,73,255,101,0,1,12,4,9,0,13,0,10,7,0,18,0,0,0,3,5,12,7,18,1,0,14,0,12,215,243,51,0,0,0,0,5,0,0,5,0,25,0,0,9,0,3,7,0,5,2,0,32,0,13,0,4,227,178,9,2,12,21,8,0,0,26,1,12,21,29,31,25,7,0,10,17,0,0,0,0,0,0,2,9,232,157,0,4,0,0,11,4,0,8,0,0,0,3,2,0,0,0,19,0,0,0,0,28,0,0,8,48,255,94,0,10,0,35,12,21,0,8,0,0,0,0,0,5,15,0,4,11,0,5,0,0,0,8,4,64,255,105,3,12,23,0,4,0,0,6,0,0,0,8,1,0,0,8,0,7,8,9,0,0,0,0,0,151,252,82,0,0,0,19,5,6,7,16,0,0,0,0,0,1,0,0,0,0,0,0,7,0,8,0,0,125,248,105,0,18,12,0,6,0,0,0,0,0,1,0,0,0,0,15,0,10,0,0,9,0,0,0,5,89,255,142,9,12,0,0,14,0,0,0,5,5,2,14,0,5,0,0,13,0,0,2,0,0,0,1,9,2,0,0,19,1,25,0,0,0,1,0,0,9,0,0,0
0,26,6,13,0,0,0,0,16,19,4,0,5,0,0,8,17,0,17,0,0,8,0,16,16,0,0,16,6,14,0,0,10,5,0,0,0,0,0,9,0,8,0,3,3,0,0,0,5,11,0,0,13,0,25,16,0,0,0,0,0,0,8,0,0,0,0,0,0,0,0,11,0,0,1,2,2,1,0,0,10,4,10,0,0,0,0,9,6,0,8,7,7,16,18,0,0,0,7,11,0,12,2,8,4,2,0,0,9,0,17,0,5,5,0,0,0,17,0,2,9,18,0,0,0,0,6,1,78,201,0,0,0,0,0,10,9,0,14,22,11,0,0,23,1,2,0,0,8,17,0,0,6,14,6,60,233,248,0,0,12,0,0,15,23,0,0,13,0,0,22,15,0,0,23,8,18,0,0,0,8,0,16,106,255,154,2,7,12,23,0,0,0,0,6,5,0,3,14,16,2,9,1,0,0,0,0,0,4,28,0,116,245,85,9,0,0,0,0,0,0,10,14,0,0,0,0,0,13,6,3,0,0,0,0,0,22,0,0,203,255,37,0,3,23,0,14,8,10,0,1,5,0,0,0,0,0,0,0,11,0,7,10,0,0,0,53,255,191,0,0,0,0,2,3,0,5,0,3,0,0,10,0,0,0,25,0,0,0,8,0,4,0,0,125,255,197,0,3,0,0,0,0,1,0,0,0,0,9,0,0,0,14,0,15,0,11,0,7,15,4,19,134,240,107,0,18,11,15,0,3,0,0,0,11,0,8,12,6,15,0,0,0,33,4,0,0,0,0,0,226,255,22,23,0,0,26,13,0,0,10,0,0,9,15,0,1,6,0,0,1,1,35,0,16,38,0,71,255,180,33,0,0,2,0,12,0,0,5,0,0,11,0,0,0,0,5,0,0,0,17,0,19,0,2,176,255,150,0,0,0,9,26,0,0,0,18,4,0,18,0,13,0,0,0,0,0,0,5,0,4,4,16,179,248,149,13,0,4,6,7,9,5,0,7,0,0,18,19,0,4,4,23,0,4,0,2,1,0,7,12,182,231,49,10,7,0,3,0,2,4,1,0,0,2,11,0,17,0,0,7,19,0,11,0,0,2,19,24,233,218,0,0,10,0,0,0,0,5,13,9,30,6,0,6,0,0,7,0,0,8,0,11,10,6,2,83,255,125,0,0,0,0,0,0,8,0,0,0,0,7,0,0,0,4,0,8,4,10,0,0,5,3,0,139,255,128,0,0,0,0,5,0,0,8,1,6,22,0,18,20,0,1,0,1,5,10,2,0,14,16,0,233,255,57,0,24,1,0,0,0,0,5,14,0,6,13,0,0,14,5,0,0,13,4,17,17,2,3,7,220,214,0,0,1,0,0,2,12,0,0,0,0,0,2,0,11,9,27,0,0,4,27,6,0,14,0,15,214,168,0,0,19,1,12,13,0,6,6,12,4,8,9,16,0,0,23,0,9,17,8,0,0,8,3,0,249,231,0,1,9,6,2,8,0,17,0,7,0,0,0,2,0,0,0,0,1,0,0,9,7,0,0,0,9,7,33,6,0,0,6,0,7,9,0,0,15,9,13,20,9,0,1,0,20,0,14,5,19,17,0,24,0,0,7,3,13,3,0,0,0,0,0,0,24,0,8,0,0,7,5,0,15,5,10,0,10,0,0,7,0,0,0,30,28,7,18,0,6,0,0,2,12,0,1,0,0,0,5,0,0,9,16,0,0,0,33,0,21,20,0,0,0,0,0,11,23,0,18,0,0,0,0,0
4,0,0,0,0,13,0,0,0,0,0,0,0,0,0,0,0,9,0,9,0,0,8,0,0,3,6,1,0,0,0,5,2,0,0,4,0,0,13,7,3,7,0,4,13,8,0,0,7,9,0,0,0,12,0,1,8,0,5,0,0,0,0,0,0,0,8,8,0,0,11,0,14,14,10,11,0,16,6,0,0,4,0,19,0,11,0,21,0,0,0,0,17,12,4,0,1,0,0,4,0,0,0,0,0,0,0,7,21,4,6,14,10,0,0,2,4,13,10,26,0,1,0,10,0,0,0,0,0,0,6,0,2,0,0,12,25,10,0,3,0,2,0,0,0,12,0,0,0,0,0,16,12,0,9,4,1,0,0,0,8,2,0,8,0,0,18,0,0,8,0,2,0,0,5,0,0,17,13,0,12,13,29,18,0,0,0,11,0,0,9,1,0,0,23,2,0,0,0,25,0,11,0,2,0,4,0,0,0,127,240,249,106,0,14,0,8,11,29,0,7,16,0,0,8,24,15,0,0,11,20,1,0,26,8,55,168,255,249,201,71,22,26,0,23,109,139,4,0,0,23,0,14,3,0,17,2,9,9,6,27,3,60,243,238,252,126,24,0,0,17,10,9,121,251,96,7,0,6,0,0,3,0,4,20,12,7,0,0,119,232,255,206,168,0,11,0,0,0,21,0,87,233,175,2,0,0,0,10,0,0,0,11,15,0,17,151,233,255,181,31,16,25,24,0,0,0,0,0,0,242,255,47,0,20,0,1,0,0,0,0,0,0,76,255,255,181,21,0,0,17,0,12,0,0,0,11,33,234,253,125,0,0,0,0,0,24,17,0,0,104,255,234,255,14,0,5,8,8,1,9,0,0,25,0,0,216,254,130,0,22,14,17,10,1,2,0,0,153,255,255,83,3,0,12,1,0,0,0,0,21,22,10,0,129,255,160,0,2,24,0,7,7,6,6,22,221,255,79,9,0,4,0,0,15,0,0,25,20,0,0,0,241,255,221,1,17,0,0,27,1,13,9,222,255,238,0,0,0,0,0,0,0,18,22,0,19,44,122,204,255,255,100,0,0,0,0,8,0,7,17,167,255,220,10,0,12,4,0,6,0,56,132,216,214,219,255,217,162,94,4,0,5,0,0,26,6,2,0,32,188,244,137,78,87,93,186,212,225,255,255,254,228,166,53,17,0,15,0,0,0,7,0,16,0,11,12,0,9,161,255,255,249,255,255,228,238,180,164,124,34,15,0,0,0,0,0,0,12,18,2,0,15,16,24,11,14,8,12,44,69,22,25,19,0,11,3,0,4,0,0,0,5,2,5,34,4,0,8,0,0,2,10,0,2,12,10,21,0,3,15,12,9,13,0,0,8,0,0,0,0,0,13,14,5,8,0,0,0,0,0,4,0,0,5,0,0,0,9,0,6,8,0,0,5,0,0,0,9,4,0,0,0,0,6,0,15,1,18,15,11,0,10,4,22,0,0,0,0,0,7,10,9,20,0,4,0,3,0,0,9,0,0,1,0,7,2,0,15,0,0,0,20,6,11,0,0,0,0,0,0,0,4,0,0,0,8,13,4,14,11,0,0,10,24,0,0,0,0,6,0,4,0,0,1,0,6,21,0,0,0,0,0,0,7,0,3,0,0,18,0,0,0,23,14,6,0,0,15,11,14,4,0,15,14,0,0,4,0,17,1,16,25,0,0,0,12,8,0,6,0,25,6,0,6,4,0,0,0,17,6,0,0,0,24,16,16,5,0,0,0,0,7,14
0,0,13,0,0,23,10,2,0,15,0,0,0,18,0,3,5,15,1,21,0,0,12,5,0,17,1,28,0,0,0,10,0,0,30,0,0,0,8,0,0,11,9,2,5,0,0,9,11,1,0,1,29,0,13,0,28,0,29,0,9,5,0,12,19,0,0,0,7,13,2,10,0,0,11,5,0,0,15,20,1,9,18,15,13,0,0,0,2,0,0,2,7,0,0,14,6,2,1,0,0,0,0,20,0,10,0,10,0,2,0,0,8,12,6,0,0,26,0,0,9,10,0,0,0,0,17,7,10,0,0,0,3,3,11,0,0,0,3,26,11,0,3,0,0,0,5,4,0,16,20,0,0,68,213,249,245,238,176,96,44,8,0,12,13,3,0,0,0,0,2,0,0,0,0,15,8,0,2,0,60,219,255,255,253,255,255,255,224,0,6,0,3,0,14,20,0,0,10,12,10,4,0,15,3,0,0,25,237,255,192,129,144,93,159,168,138,9,0,13,0,11,0,0,0,6,0,14,5,16,2,7,22,0,23,201,255,112,13,0,7,0,0,1,0,0,0,0,37,4,0,13,11,0,0,0,16,0,17,0,9,0,90,255,160,14,0,0,2,0,3,0,7,12,11,25,0,0,0,0,1,3,2,0,0,0,0,10,11,33,201,209,27,10,0,6,9,0,9,0,18,3,0,0,0,0,8,0,14,7,0,0,23,9,0,10,7,189,253,75,0,0,9,0,0,16,29,0,0,12,6,22,17,0,0,0,10,0,0,0,0,0,9,0,179,248,130,2,14,8,27,15,36,1,8,37,0,0,12,0,0,0,13,0,24,21,0,5,3,0,3,77,255,240,113,95,167,220,187,191,255,148,32,15,14,0,6,5,8,0,0,0,0,0,0,0,8,8,19,104,255,255,255,249,255,255,240,190,255,240,125,13,10,14,6,27,8,9,0,5,0,0,0,0,0,8,6,12,139,125,116,25,0,7,0,7,104,146,255,162,0,0,10,2,0,5,0,15,12,0,0,0,26,18,0,23,0,0,0,1,0,0,0,9,0,146,243,175,18,9,3,17,11,12,0,14,0,0,4,0,0,8,0,0,21,13,18,0,13,14,9,17,4,225,251,122,6,8,0,0,0,20,0,0,14,0,2,0,0,0,0,0,0,0,0,30,3,0,0,41,216,250,216,24,11,10,0,0,0,0,7,0,5,3,4,5,2,0,14,11,0,0,7,0,19,0,15,171,250,246,192,0,8,9,0,0,0,0,10,10,9,17,0,9,0,0,7,0,2,12,14,0,0,21,176,250,250,211,19,0,4,0,0,4,0,0,1,17,0,0,0,16,21,0,5,22,0,4,13,28,98,235,255,245,139,9,10,17,0,0,21,4,21,3,4,16,0,0,15,0,6,0,0,39,16,13,65,157,246,252,236,108,14,3,0,0,9,0,6,0,0,17,0,17,11,21,8,0,0,0,0,190,231,231,255,255,255,143,45,2,2,7,22,0,1,0,6,20,0,13,0,0,0,14,4,0,16,14,0,18,136,252,188,70,20,0,0,9,0,0,22,0,6,0,0,1,3,0,6,0,19,0,4,0,0,9,0,17,17,0,2,0,7,0,0,0,6,0,0,0,16,0,0,0,0,14,9,0,0,0,0,0,11,2,0,0,11,0,23,1,0,8,1,0,6,5,27,0,14,7,0,0,1,0,1,11,1,0,1,11,0,0,10,17,10,6,0,0,0,0,0,0,1,0,8,3,0,0,0,0,0,4,0,0
0,20,0,0,7,8,0,0,0,14,11,0,0,9,0,0,6,3,2,0,9,9,0,0,2,3,3,13,0,0,0,0,0,0,0,5,0,0,15,24,1,15,0,7,0,0,5,0,3,0,0,0,0,17,0,10,14,0,0,0,0,13,7,3,0,8,8,0,8,1,0,0,12,0,0,10,0,0,0,0,0,12,14,5,7,1,5,9,0,4,0,0,0,16,0,16,0,0,5,0,5,0,0,0,0,16,0,0,0,0,27,1,6,11,0,17,0,8,14,9,0,7,4,0,0,0,0,154,115,158,255,255,243,136,62,9,6,2,16,5,22,0,2,10,14,14,0,0,7,2,9,0,45,177,255,255,255,255,249,242,239,255,234,43,1,11,0,0,0,6,0,0,0,0,21,10,0,18,0,15,202,255,255,255,255,238,255,123,183,244,255,255,0,12,19,0,2,0,11,0,13,0,10,0,1,21,0,74,255,255,127,78,9,118,0,4,0,140,247,246,13,9,20,3,4,0,5,0,9,4,9,0,6,28,0,70,136,0,10,6,0,0,0,0,0,133,255,193,4,0,2,0,0,2,1,14,0,6,0,0,0,17,9,14,7,0,0,6,3,28,0,2,100,236,255,0,0,0,0,10,0,0,16,0,5,0,3,0,17,10,0,26,4,20,0,0,17,18,14,46,234,232,196,2,10,0,0,14,19,13,0,0,2,11,6,7,0,12,0,0,3,0,3,4,18,0,199,238,248,154,0,8,3,5,0,0,20,0,0,0,17,5,0,3,0,0,0,0,3,20,0,0,135,255,255,115,5,2,0,2,2,0,0,0,5,9,1,0,0,0,0,6,0,10,15,16,7,0,61,182,244,255,60,7,17,2,0,0,7,13,14,11,10,0,0,6,30,0,0,15,13,0,0,0,1,60,255,254,178,59,0,2,0,0,9,7,4,0,0,0,16,0,8,0,1,3,1,0,0,4,0,68,185,238,216,61,2,27,0,1,0,14,0,0,1,27,0,2,14,0,10,0,14,22,0,0,0,8,141,255,239,175,0,26,0,17,16,19,26,0,18,0,13,16,12,9,0,0,10,0,1,0,3,12,65,207,255,255,113,0,0,6,0,0,0,0,2,0,0,0,6,0,0,0,3,10,0,10,17,0,66,135,255,244,250,0,4,17,0,55,145,123,255,190,36,0,0,7,0,7,9,0,6,9,0,6,16,58,255,255,255,56,17,0,0,55,255,255,248,255,188,0,0,4,25,0,0,16,0,34,0,15,0,1,2,252,249,247,247,248,255,255,255,255,255,255,255,16,25,0,12,10,21,10,0,1,0,14,2,0,16,0,141,255,255,255,239,248,251,246,244,255,123,75,27,0,0,20,0,0,24,14,0,5,17,8,0,0,19,0,191,226,249,250,227,255,190,111,61,19,0,13,7,10,0,0,18,3,5,0,0,0,17,21,0,10,0,0,0,0,119,150,8,0,0,0,0,0,10,18,15,0,0,8,0,2,0,0,0,0,0,0,0,22,16,10,0,12,0,6,2,0,2,2,0,42,0,0,0,0,22,22,19,0,14,13,4,0,10,0,0,0,0,7,3,7,0,19,10,16,0,0,6,0,0,9,0,9,0,0,1,7,3,0,0,0,0,14,0,0,0,8,1,0,5,14,0,13,7,0,1,22,7,0,0,0,17,6,0,5,11,14,3,16,0,6,0,0,27,3,1,0,1,0,15,1,14,8,3,11,0,15,6,21,0,38,0,0,25,0,0,0,0,15
19,0,2,0,9,0,6,15,15,0,0,2,26,2,0,5,26,0,10,25,0,0,0,10,18,0,0,9,0,0,0,0,8,0,0,0,0,9,0,3,9,0,18,0,0,0,0,3,1,11,15,9,0,35,9,12,0,0,0,18,10,0,0,0,0,8,18,0,15,0,0,0,0,0,4,0,3,0,0,25,0,12,0,0,0,5,25,2,0,0,0,0,10,0,10,0,17,0,0,0,0,0,0,11,0,0,2,0,1,3,10,3,0,0,0,0,2,12,15,0,1,29,102,144,145,159,243,255,222,200,124,0,21,6,0,14,21,5,4,0,0,0,0,10,0,0,12,118,192,233,255,235,247,255,251,255,246,233,236,67,3,0,0,9,0,1,0,12,17,9,0,0,0,77,197,255,244,254,255,236,191,166,69,75,57,128,247,249,159,0,16,0,0,5,9,0,3,0,0,4,31,255,244,255,248,176,74,68,11,12,0,0,17,42,247,255,226,4,0,0,0,0,4,13,0,0,17,11,114,255,244,179,63,27,7,0,0,0,21,0,14,169,255,250,197,0,13,18,19,0,0,1,29,1,32,2,33,255,170,18,0,0,10,7,16,29,0,0,156,246,235,255,66,8,0,0,15,30,0,1,0,13,11,0,0,0,0,3,0,0,0,9,20,6,3,129,255,255,255,138,0,15,0,0,0,21,0,0,12,12,0,16,2,0,0,4,5,0,0,0,11,18,156,244,255,243,196,12,0,14,22,0,0,0,0,11,23,0,0,0,17,4,0,6,13,17,1,56,161,238,243,251,250,241,28,2,0,0,10,0,4,5,0,0,0,1,0,0,6,22,0,0,0,50,116,234,244,255,255,255,255,214,156,11,0,17,0,0,2,0,8,0,0,0,0,20,7,0,25,17,12,109,242,251,238,254,255,255,255,237,234,117,52,15,0,0,0,9,5,0,0,0,0,0,0,0,4,0,0,44,221,255,249,185,45,55,50,96,173,249,234,82,1,0,0,3,0,12,0,0,10,0,0,32,0,24,0,1,74,143,37,0,0,0,6,9,11,219,248,245,33,0,0,3,0,8,1,8,10,0,0,2,0,6,0,0,15,0,0,0,8,15,2,0,1,38,229,255,195,10,8,0,0,0,5,12,16,6,4,10,108,17,7,0,0,14,0,8,28,0,8,1,5,14,185,248,236,20,11,4,0,11,0,7,12,2,30,13,221,147,28,7,0,1,2,8,7,15,0,3,65,222,255,255,253,23,0,0,0,0,14,9,0,0,0,0,153,255,215,137,50,14,9,1,27,79,70,188,255,255,255,248,149,0,0,2,6,0,0,0,0,0,0,0,74,253,235,240,219,210,208,177,216,231,222,234,255,226,255,145,29,0,0,17,17,0,11,9,10,0,0,0,0,39,88,248,250,255,243,255,246,255,247,245,250,138,84,12,12,0,11,3,0,0,0,0,0,0,12,6,0,0,0,44,214,242,255,255,242,143,138,62,1,20,0,0,0,13,0,0,23,13,0,5,14,0,21,0,21,16,10,0,2,0,0,7,1,20,0,14,12,1,0,24,27,9,10,15,0,0,0,21,4,0,0,0,0,7,0,6,0,0,0,5,1,14,0,0,17,0,0,4,6,29,0,4,6,0,1,11,0,0,12,0,8,0,0,4,6,5,6,0,18,0,0,10,16,10,2,2,11,0,0,7,0,0,5,0,7,3,21,0,18,11,12,7,7,0,0,18,13,2,1,34,0,10,0,0,7,0,0,17,0,24
7,0,16,0,0,32,7,7,0,0,2,0,8,5,5,0,0,0,15,0,0,10,0,11,9,0,3,5,13,0,0,19,0,0,4,0,22,19,0,0,0,0,0,8,9,15,0,2,6,9,0,2,11,0,0,0,16,0,15,0,0,6,0,5,12,1,0,32,0,0,2,0,5,7,0,6,0,0,1,10,0,0,0,3,31,30,0,4,0,4,3,0,23,0,0,9,0,20,0,0,0,9,0,24,0,8,2,16,11,0,3,1,0,0,0,1,35,18,0,12,0,0,0,10,0,0,0,4,0,0,8,12,3,0,0,0,0,3,0,14,12,0,3,0,5,9,5,11,3,0,37,0,0,17,0,28,0,13,0,0,0,5,0,12,14,13,0,11,19,20,6,0,4,0,9,0,9,0,22,5,0,11,0,0,13,16,7,35,0,4,0,6,0,0,0,11,0,20,0,0,0,29,255,255,255,153,88,123,15,75,55,65,64,20,20,33,0,0,0,8,18,10,0,23,0,0,30,0,0,35,253,255,255,242,255,252,244,249,237,236,239,227,255,228,35,0,0,0,7,9,16,0,0,6,24,12,9,16,216,250,255,255,213,255,255,255,238,244,242,255,255,244,234,37,7,0,11,0,26,0,0,0,0,0,14,0,47,50,58,66,38,67,123,71,75,92,167,217,255,245,236,139,14,13,23,0,1,0,0,6,5,0,0,11,0,0,0,0,0,0,0,21,22,13,0,118,255,245,255,198,8,18,0,0,0,0,0,0,0,0,0,4,0,12,0,0,0,8,3,7,0,4,21,156,242,255,249,78,18,0,0,3,9,0,0,0,0,2,1,15,19,0,5,0,0,11,0,0,1,2,179,255,228,248,122,6,3,6,0,0,0,0,0,0,0,0,0,9,38,0,0,0,0,0,18,0,0,0,246,248,237,238,64,12,0,8,6,0,34,0,0,0,0,0,0,0,9,9,0,0,0,0,3,5,16,69,231,244,242,80,4,23,16,0,0,5,23,0,22,15,6,2,0,9,0,5,11,2,0,23,17,13,17,206,241,255,233,37,5,2,3,10,0,0,0,0,0,0,2,0,3,0,1,14,7,0,0,12,0,0,87,255,248,242,90,0,0,7,5,15,31,0,0,0,4,12,1,0,0,1,0,14,0,18,3,4,13,17,180,234,238,223,0,3,0,22,8,0,0,0,0,0,0,14,13,3,0,9,0,1,0,15,0,15,21,103,228,254,252,52,8,0,0,0,9,0,0,19,3,0,0,0,5,3,7,0,10,12,0,0,22,14,119,255,243,255,199,14,0,6,26,11,10,0,15,0,30,15,29,1,7,0,0,0,21,20,0,12,0,33,251,248,248,255,23,0,0,0,12,0,0,0,7,0,9,0,3,20,11,0,2,4,6,0,14,0,12,172,245,255,247,177,2,18,11,0,0,2,0,0,0,26,0,0,5,0,13,0,0,3,0,8,21,14,69,251,255,255,199,68,0,9,38,0,26,1,26,0,11,22,17,0,5,12,13,0,0,0,0,0,14,0,110,244,255,244,112,1,29,9,0,15,3,8,8,16,24,9,9,11,5,15,0,0,6,3,0,20,0,13,137,255,255,125,16,6,0,5,0,0,0,19,0,20,6,0,5,18,7,23,0,8,0,0,0,5,0,0,27,174,223,51,12,15,0,10,0,0,13,3,0,5,0,0,0,0,34,22,0,0,3,8,0,0,0,12,10,18,1,0,10,0,0,0,0,9,3,0,5,9,10,0,12,0
10,2,0,0,2,14,0,0,5,13,0,0,8,0,0,0,6,0,14,10,0,0,1,1,8,10,0,13,4,12,0,0,19,8,1,6,8,0,2,0,7,4,0,0,1,9,6,0,0,0,0,0,0,0,0,2,11,0,0,0,0,0,0,0,0,0,0,0,0,0,5,11,4,8,4,17,13,12,8,23,0,4,1,29,0,10,0,0,2,10,0,0,10,0,20,0,0,12,0,42,245,246,65,0,7,2,0,0,3,13,21,16,14,6,0,0,14,19,0,0,1,0,2,0,0,0,145,255,255,238,207,19,0,3,18,2,0,0,3,0,0,0,6,0,0,0,9,0,15,0,17,6,0,199,255,243,245,253,165,13,10,12,0,0,0,21,0,0,14,5,0,0,6,0,10,0,9,9,15,27,164,208,255,255,255,247,247,85,0,0,8,11,6,15,13,3,0,0,22,25,0,9,0,7,17,0,0,144,255,255,255,255,255,255,237,245,126,63,7,0,27,0,10,0,0,0,5,0,12,0,17,0,1,6,69,251,248,255,255,255,243,231,251,223,255,176,20,12,16,9,1,0,0,0,0,19,15,8,0,12,0,0,178,254,248,238,201,13,60,209,255,255,255,232,90,0,0,12,0,0,8,0,0,20,22,1,20,3,0,0,230,252,236,222,41,0,0,57,255,255,242,255,72,9,0,12,5,0,10,15,4,0,0,1,0,6,6,0,255,247,255,99,7,11,26,166,255,221,255,172,0,2,0,3,13,0,0,5,2,0,3,0,2,0,0,0,255,249,235,251,213,180,244,247,226,248,255,93,0,2,0,20,0,0,0,13,12,0,5,0,0,27,0,136,255,230,255,255,228,241,255,255,255,253,98,0,0,0,16,0,0,10,3,0,0,8,14,0,33,3,148,230,236,255,255,255,251,255,255,255,255,249,0,0,0,0,12,0,38,0,0,5,3,0,13,8,12,34,248,247,255,255,233,108,150,245,240,238,248,255,134,15,11,8,12,0,0,13,3,0,0,7,0,0,0,158,246,255,250,190,76,0,0,123,238,228,242,255,249,106,18,5,32,15,0,1,19,13,0,0,1,9,36,210,250,248,255,80,3,0,5,0,228,255,255,255,243,179,0,2,4,0,17,14,0,0,0,0,13,18,89,255,255,252,220,0,27,20,115,255,255,255,255,238,255,101,0,10,17,23,1,0,0,3,0,21,14,0,67,254,251,255,249,164,216,221,255,255,255,238,250,249,47,0,0,0,2,19,5,0,12,0,0,0,0,0,83,255,255,234,223,246,250,228,238,255,233,255,242,93,5,1,0,15,16,19,4,0,12,0,23,0,3,0,41,229,231,255,255,248,255,255,249,221,218,252,112,0,11,2,0,0,15,0,13,12,0,0,0,1,0,0,2,109,255,255,248,255,243,136,99,8,0,9,2,6,0,20,7,0,16,1,5,0,6,0,7,0,11,4,0,1,0,0,13,2,0,0,0,0,0,6,0,0,0,5,5,0,13,0,0,6,6,0,0,3,1,11,0,7,0,7,5,1,7,0,27,0,0,0,6,0,0,13,0,0,3,0,0,0,16,13,0,0,19,0,0,0,22,0,8,4,12,0,5,8,0,0,0,15,0,11,2,17,0,12,0,13,3,0,0,24,0,0,10,6,0,0,0,0,0,0,11,0,11,0,12,14,5,0,22,9,0,0,3,25,0,0,0,23,14,0,0,2,0,26,0,3,0,0,0,0,24,2,0,8,0,7,0,15,0,0,17,0
0,0,2,13,4,18,0,0,18,0,0,0,7,0,3,13,5,4,7,29,28,15,0,3,13,9,0,16,17,0,2,0,0,9,0,0,1,5,0,7,5,17,0,0,6,11,0,3,0,0,0,0,12,5,0,8,0,0,0,2,11,0,16,9,3,17,0,0,11,6,0,5,7,3,4,0,15,0,0,7,0,2,17,21,7,0,0,5,0,0,7,0,10,0,0,6,0,1,13,0,0,1,0,0,0,8,0,0,2,0,0,9,0,0,0,0,0,0,0,6,2,9,0,12,0,0,9,0,0,13,0,7,0,0,0,23,0,8,0,0,0,3,6,8,0,0,0,1,0,0,0,2,2,0,0,0,0,0,5,0,12,8,0,6,0,0,0,0,0,0,0,0,0,0,0,30,8,20,56,196,242,255,232,115,10,21,2,0,12,0,0,0,0,10,10,0,5,24,16,0,0,5,0,10,0,52,237,255,218,236,232,225,128,0,12,0,1,7,0,0,0,0,0,9,6,16,3,1,18,9,9,4,0,147,255,169,17,0,58,222,243,68,0,0,3,8,0,1,0,0,0,10,0,0,1,13,0,7,4,3,30,219,221,18,0,1,20,73,255,119,0,9,0,0,8,0,15,0,1,6,0,0,0,0,0,12,8,5,160,245,139,0,3,4,0,27,212,206,0,0,13,16,14,0,0,0,1,21,0,7,0,12,12,13,4,0,237,214,22,0,0,0,0,6,178,249,132,0,10,15,0,5,0,8,0,0,0,24,8,0,0,0,0,114,238,168,0,0,4,6,40,253,221,248,150,0,0,8,0,12,0,0,26,19,0,0,0,0,0,15,0,136,250,95,0,0,0,0,11,236,239,255,132,11,11,8,11,8,0,1,0,0,10,0,41,0,14,0,0,149,246,161,7,0,6,17,82,221,246,255,112,0,3,0,0,0,0,0,0,1,0,2,11,0,16,24,4,0,236,207,158,74,91,183,255,209,168,255,124,0,0,19,0,20,7,0,0,0,0,11,12,0,13,0,0,4,105,229,255,255,246,255,172,27,165,255,119,0,13,1,12,0,0,0,26,4,15,24,17,0,2,9,1,0,6,53,164,128,120,78,21,19,140,255,131,11,0,7,1,0,0,0,18,0,0,6,2,0,0,19,0,0,35,6,0,0,0,0,0,1,167,247,125,0,0,0,0,0,11,0,0,0,0,0,8,0,0,3,8,0,4,0,5,2,0,9,0,8,184,252,152,12,0,0,0,0,24,12,0,0,0,0,1,10,0,0,7,0,2,10,9,18,12,3,0,6,152,255,117,0,0,14,6,6,4,0,0,8,0,2,1,11,2,0,0,6,0,0,16,6,2,0,0,13,157,248,90,0,16,0,0,0,0,0,3,0,0,6,10,0,13,0,0,0,0,14,0,0,0,0,5,0,177,232,49,13,0,0,0,0,5,0,0,6,0,33,0,0,0,3,2,8,8,0,8,0,0,0,0,0,173,248,56,0,13,0,0,2,9,0,0,11,0,0,0,17,0,0,1,22,11,0,2,14,22,0,0,3,244,241,55,0,0,0,8,1,0,12,2,0,16,3,12,0,4,7,26,17,22,0,0,11,0,0,0,7,219,184,8,0,11,19,16,19,18,0,2,0,0,7,6,20,27,15,0,7,18,0,4,11,4,0,0,17,8,0,2,8,0,0,0,0,0,0,3,0,0,17,0,0,24,6,0,0,8,5,3,0,6,10,0,11,1,5,0,10,0,0,2,4,21,0,6,0
21,0,5,0,0,0,0,3,4,8,0,0,0,0,15,9,11,11,0,0,10,6,0,0,17,15,0,0,20,0,0,4,8,12,0,10,4,1,10,5,0,0,11,0,5,10,3,18,8,0,0,5,3,17,0,3,0,0,13,0,0,0,12,7,0,5,4,0,2,5,8,0,6,2,0,0,0,8,0,0,26,17,0,0,15,0,0,4,0,0,0,0,26,0,0,14,5,6,19,0,10,17,12,0,7,0,14,20,3,0,0,0,0,2,0,9,28,0,0,0,0,0,0,16,4,0,2,21,14,2,12,0,7,2,13,11,1,5,0,0,0,0,22,16,0,0,0,5,4,0,59,252,252,99,36,0,0,0,3,13,10,20,3,7,0,33,8,0,0,16,1,13,8,8,11,0,5,22,133,235,248,255,123,6,0,7,0,0,0,3,4,13,0,0,0,22,16,18,9,10,0,0,25,20,3,9,161,250,249,130,0,1,35,12,0,0,5,3,0,0,4,9,2,0,0,8,0,7,10,21,18,0,15,0,120,248,111,0,8,3,8,73,87,13,0,14,24,9,0,6,0,0,25,0,0,28,8,0,5,18,14,0,144,255,249,25,0,0,85,255,247,14,0,0,3,1,0,12,0,0,0,10,0,11,0,0,21,0,0,10,144,255,212,0,0,36,194,255,238,0,0,30,0,5,0,5,3,0,8,0,7,2,15,0,7,2,0,0,139,255,226,17,15,78,243,236,148,0,5,11,8,0,0,0,0,10,0,0,8,0,4,10,0,11,0,16,125,255,212,0,0,190,241,187,0,0,4,0,0,0,26,0,0,1,0,2,0,0,21,0,1,0,0,0,141,248,249,72,17,196,255,172,12,5,0,2,0,0,0,13,8,0,0,9,5,27,0,0,13,4,23,0,25,190,238,223,237,218,255,27,14,0,0,0,2,0,2,11,6,0,0,0,19,16,0,0,4,8,12,5,0,89,244,250,255,255,255,37,4,0,6,17,11,14,0,13,13,14,0,0,0,1,0,8,0,0,6,5,24,0,85,193,255,255,197,18,0,3,0,4,21,19,21,0,0,12,0,0,28,10,3,27,0,6,0,0,6,9,9,139,248,248,92,13,8,3,4,2,0,0,0,6,35,0,0,0,0,29,4,11,15,14,21,19,0,0,1,153,231,211,0,6,0,0,10,1,0,0,0,0,0,6,0,4,14,8,0,12,2,0,3,18,18,0,5,127,251,213,0,0,0,0,20,9,8,3,0,18,19,5,22,0,0,3,0,14,5,11,0,0,0,15,0,135,246,213,4,11,7,0,0,0,0,15,0,0,0,3,0,0,16,5,0,0,0,0,0,22,12,3,15,134,245,225,5,0,0,7,1,0,0,1,0,0,5,0,2,0,0,0,0,0,0,17,0,0,2,0,5,113,255,245,88,0,0,5,18,0,0,23,8,0,10,10,0,0,21,20,19,1,2,7,0,0,0,7,0,2,187,238,255,133,7,0,0,7,17,7,24,5,1,0,0,16,0,1,0,0,0,23,17,5,0,0,5,0,20,181,255,85,6,11,8,0,0,0,0,0,0,0,23,6,7,7,5,25,0,20,16,0,16,0,16,0,0,0,1,0,0,1,0,12,5,12,5,15,0,0,0,0,24,2,0,3,9,0,0,0,6,7,4,0,0,11,6,0,15,10,0,0,0,5,2,0,26,0,0,0,4,0,0,0,0,6,0,0,0,0,0,0,23,19,0,0,0,17,28,0,0,4,0,0,18,0
0,6,8,9,0,0,24,0,0,0,0,15,10,0,4,5,0,0,0,0,0,0,0,17,13,0,3,13,5,0,0,0,0,1,0,0,0,0,0,0,9,12,0,0,0,16,0,0,4,13,6,0,0,18,8,16,3,0,0,5,11,4,0,4,4,12,0,21,0,0,4,18,14,5,11,7,0,0,0,14,0,0,8,0,0,0,0,0,7,4,0,0,11,5,9,0,10,0,0,22,0,23,1,1,4,0,6,8,11,0,0,0,0,6,0,19,0,0,3,0,0,0,0,15,0,0,24,26,0,0,18,16,8,1,8,9,0,0,0,0,3,3,3,0,8,0,0,0,0,0,0,6,84,154,242,233,240,176,131,33,2,0,15,0,0,0,11,0,6,0,6,0,15,0,6,0,0,0,9,72,228,245,247,246,234,255,250,172,10,0,4,22,19,9,19,0,0,17,0,1,8,14,0,1,1,0,0,206,247,230,97,38,35,41,161,255,90,14,0,0,0,4,0,28,0,2,0,0,0,0,0,0,0,14,11,255,245,227,14,0,6,0,11,228,195,0,0,0,18,10,0,3,30,0,0,0,0,7,0,0,13,12,49,255,227,77,0,0,0,0,16,229,211,25,0,0,0,7,12,0,0,7,0,7,3,9,0,0,13,0,207,255,191,0,8,0,4,12,75,255,132,0,0,23,0,0,0,23,0,0,0,0,0,8,0,0,9,77,219,249,98,2,0,0,5,0,103,247,83,0,0,17,0,6,0,2,0,5,3,8,0,0,0,10,22,191,255,161,12,0,12,1,2,21,214,238,81,10,0,0,0,0,0,0,15,0,14,6,0,0,2,22,34,242,253,94,14,6,14,9,0,67,253,230,4,0,9,26,0,0,0,3,11,8,0,0,0,11,9,0,38,240,255,77,0,10,12,5,11,189,255,73,0,8,0,0,1,13,0,19,4,0,5,19,14,2,0,2,10,255,255,58,15,17,0,0,104,253,243,0,18,16,16,0,10,0,0,2,24,0,15,5,0,3,0,0,16,250,255,99,10,0,15,44,186,233,110,0,3,0,3,0,0,5,9,0,5,37,12,0,0,0,10,2,48,251,255,100,6,13,0,115,247,215,3,11,7,4,12,5,2,0,1,8,0,12,0,0,2,19,0,20,33,253,255,71,0,43,13,236,236,81,0,0,20,0,1,0,1,21,0,0,22,6,0,0,0,19,3,0,22,200,255,171,0,2,133,249,237,0,1,3,0,7,2,18,6,0,0,0,22,19,0,0,2,0,10,0,0,68,244,236,36,48,243,234,112,0,0,24,0,18,27,30,0,0,4,2,3,0,0,12,9,1,3,21,0,21,228,243,163,161,255,173,23,0,0,0,0,13,15,0,1,0,2,18,0,0,0,0,14,0,0,0,0,0,218,241,250,234,255,54,0,2,0,0,0,0,9,4,1,14,12,15,0,0,0,0,10,0,4,0,47,0,40,252,252,255,156,24,13,0,6,9,11,0,0,15,24,0,25,0,0,0,0,14,16,0,5,0,13,0,16,83,192,139,0,0,31,0,0,0,19,10,0,0,0,0,0,7,4,10,0,0,0,3,5,4,17,0,0,0,0,0,0,1,3,6,5,1,4,3,0,16,0,17,9,1,0,20,0,18,0,0,7,26,0,12,0,0,0,0,0,0,0,12,2,0,13,13,0,0,0,18,0,8,0,0,0,5,0,0,0,8,0,0,0,0,0,11,0,5,8,0,7,13,0,0,17,14,0,0,1,0
15,19,1,18,6,14,3,11,0,4,0,18,10,2,0,0,0,0,0,14,0,9,4,6,6,0,9,6,0,9,0,0,0,6,0,2,4,0,0,12,24,0,2,7,11,17,8,0,9,9,0,0,0,3,0,0,5,0,12,2,4,13,0,0,27,7,14,0,0,4,0,11,0,10,20,8,0,0,10,0,22,0,0,0,8,5,14,1,0,4,0,3,4,0,14,0,12,0,2,15,17,36,255,108,0,0,0,0,0,5,15,0,7,0,32,20,12,0,20,0,16,5,14,0,0,9,13,2,62,252,208,19,6,0,26,3,3,0,23,13,16,0,0,0,12,0,37,20,23,8,6,5,0,0,0,64,225,255,81,3,0,3,0,0,0,4,11,6,20,7,6,0,9,12,0,8,2,0,0,15,14,33,26,158,176,58,11,7,2,0,0,0,3,11,0,20,0,16,7,11,0,19,0,1,1,0,2,0,0,1,122,194,0,6,0,0,7,0,0,9,0,0,5,16,0,0,0,0,0,20,0,4,4,0,0,0,0,90,243,22,0,0,1,0,0,0,8,5,3,6,18,0,25,0,2,0,7,0,12,0,19,0,16,0,30,233,61,0,0,26,19,17,0,4,0,0,6,8,0,0,0,7,0,20,0,13,0,0,0,0,0,12,101,187,0,0,33,0,9,21,13,4,0,0,11,0,11,0,18,32,0,0,0,7,3,15,0,9,8,9,235,56,7,0,0,13,12,1,0,14,17,13,14,0,0,8,0,0,0,7,14,16,0,0,0,0,0,154,203,3,0,3,12,9,0,21,7,0,15,0,0,15,0,3,0,0,0,2,6,8,0,0,0,0,0,221,65,0,0,0,0,0,0,9,0,0,0,0,0,0,0,6,0,0,15,32,0,0,5,11,6,5,51,255,18,27,45,176,198,115,36,3,0,25,0,3,6,1,0,0,0,0,25,0,0,8,12,18,17,5,106,200,37,145,240,255,255,248,59,22,15,0,0,0,0,0,0,0,0,3,11,1,10,0,1,10,0,0,162,188,181,223,87,60,120,250,44,0,0,0,0,0,0,3,5,3,5,0,21,1,4,0,0,13,15,0,191,239,170,7,13,0,45,238,54,0,0,0,0,0,7,0,0,30,0,0,13,0,0,0,9,9,0,12,167,237,12,0,5,16,89,247,7,6,4,7,0,21,2,0,12,0,17,7,24,15,21,0,0,0,19,2,202,255,15,0,0,0,162,134,1,17,1,0,0,3,0,0,18,0,7,0,0,0,16,10,0,0,27,5,121,238,41,5,0,96,174,0,0,6,0,0,5,0,19,0,0,0,0,5,0,4,0,0,0,0,0,0,55,255,178,13,77,216,89,0,0,0,0,0,9,1,29,0,17,2,23,0,0,11,0,0,0,0,0,8,2,230,255,213,205,76,5,0,0,0,0,0,0,9,0,0,6,0,7,22,4,9,0,9,42,3,5,0,0,10,6,0,0,0,0,0,0,0,0,0,0,3,11,0,0,0,0,4,1,0,3,4,0,0,0,0,0,8,0,0,0,1,0,23,0,1,0,4,8,21,0,0,12,14,0,0,0,0,0,0,20,2,0,0,5,24,0,28,0,2,0,10,0,0,0,0,3,0,6,4,5,0,13,0,0,0,17,0,18,2,5,0,6,0,3,0,0,0,14,0,0,0,2,0,0,2,0,0,3,0,4,4,2,10,28,13,7,6,0,0,10,0,9,0,0,4,0,4,6,4,1,18,0,2,23,7,0,0
