2,1,2,2,0,0,2,0,0,0,0,3,1,0,0,0,1,0,0,1,0,0,0,2,4,1,0,3,2,0,1,1,1,1,1,0,0,0,0,0,0,1,0,1,0,0,1,3,0,4,0,0,0,0,0,0,0,0,0,0,0,0,0,1,0,0,2,0,1,0,0,0,2,0,0,1,0,0,0,0,0,2,0,0,0,0,1,0,0,3,2,0,0,0,3,3,3,0,0,0,2,0,1,2,0,0,0,3,0,3,0,1,0,0,3,2,0,1,0,0,0,0,0,0,0,0,0,1,2,2,1,0,1,0,0,4,0,0,0,2,0,0,0,0,0,2,2,3,0,0,3,2,0,1,0,0,3,2,0,0,0,1,2,0,0,0,1,0,1,3,0,1,0,4,0,0,0,1,1,0,3,0,0,1,0,0,0,1,2,3,2,0,0,0,0,0,1,1,2,1,0,0,81,187,158,154,60,35,1,2,1,0,0,1,2,0,0,3,0,3,0,2,0,1,0,3,0,0,0,0,221,254,254,253,253,242,198,198,198,198,194,198,195,200,169,51,2,0,0,0,0,3,0,2,0,0,1,1,64,113,75,114,160,229,253,223,255,247,252,245,226,252,255,140,0,0,0,0,1,0,1,0,0,0,0,0,1,2,0,0,0,17,66,13,70,67,67,56,18,237,250,108,1,0,1,3,0,6,0,3,2,0,1,2,3,0,2,2,1,0,0,0,0,0,0,1,83,253,209,17,1,1,1,1,0,2,1,0,1,0,2,1,1,1,1,0,3,0,0,0,0,0,0,23,236,255,84,0,0,0,0,0,2,0,0,0,0,1,2,0,2,1,0,0,0,0,0,3,0,0,2,129,255,238,43,1,0,1,0,2,0,2,0,0,1,0,1,0,1,0,0,1,0,2,1,0,0,2,59,249,253,59,0,0,0,2,0,0,2,0,1,2,3,1,0,0,0,0,1,0,0,0,2,0,0,1,135,253,188,6,0,1,0,0,0,0,1,2,0,2,0,0,1,1,0,0,0,1,0,2,3,0,0,7,206,247,59,1,3,0,0,4,0,0,2,2,0,2,0,2,0,0,0,2,4,0,0,0,0,1,0,129,254,183,0,0,1,1,0,2,0,0,0,2,0,0,0,0,2,0,0,1,1,0,4,2,0,0,73,250,237,60,0,0,0,1,0,0,0,1,0,0,0,0,2,1,0,3,1,0,0,0,2,1,0,19,222,254,164,2,4,0,0,0,1,0,2,0,0,0,0,4,0,0,1,0,0,0,0,0,3,2,4,201,251,213,36,0,1,2,0,0,0,0,0,0,3,0,0,1,0,1,0,0,0,1,0,3,3,1,37,251,255,78,0,0,0,1,0,0,0,2,2,0,0,0,2,1,4,2,0,2,0,2,3,2,0,31,224,253,115,0,2,4,0,0,0,0,0,3,0,0,3,0,1,0,0,0,2,0,4,1,0,1,0,132,254,254,50,0,4,0,2,2,0,3,0,1,3,0,2,0,0,0,3,2,0,1,0,0,0,2,59,240,254,255,50,2,3,0,2,0,0,0,1,0,0,1,0,0,0,0,0,1,1,0,0,1,2,0,122,254,255,215,38,0,3,0,0,0,0,2,1,1,1,0,0,0,1,0,0,0,0,1,0,1,1,0,123,255,209,16,0,0,1,2,3,0,0,2,2,2,0,0,2,0,0,0,2,1,0,1,1,4,1,2,0,0,2,1,1,0,0,2,2,0,1,3,0,1,1,0,0,0
0,0,2,1,0,0,0,2,3,0,0,4,0,1,1,0,0,1,2,0,1,0,0,0,0,3,1,0,0,3,0,0,2,2,0,1,3,0,0,0,0,0,2,0,5,2,2,1,2,2,3,3,3,0,0,2,1,0,0,3,1,2,0,0,1,0,0,1,1,0,0,3,4,3,2,0,1,0,0,0,1,1,0,0,2,1,1,0,0,2,3,0,0,1,115,123,172,253,255,151,94,0,0,0,0,1,1,0,1,0,0,0,0,2,0,1,0,0,1,2,1,168,251,255,252,254,252,255,216,33,0,0,0,2,1,0,1,0,0,0,0,0,0,0,0,2,0,0,170,250,253,253,212,143,178,250,253,123,1,0,0,0,0,1,0,0,0,1,1,3,0,0,0,1,0,52,248,254,213,33,13,2,9,203,250,138,2,3,0,2,0,0,0,0,0,1,0,1,0,2,0,1,0,79,248,210,26,0,0,2,121,252,250,65,3,0,0,0,0,5,4,0,0,0,2,2,0,1,3,2,0,0,27,20,0,0,0,0,207,254,252,66,1,2,0,0,0,3,0,0,2,2,0,0,0,0,0,2,0,0,1,0,2,0,0,119,248,255,198,9,4,2,1,0,0,0,0,0,0,1,1,4,0,0,0,0,0,0,0,0,0,0,73,248,254,232,64,0,3,1,0,3,0,2,0,1,0,1,0,2,0,0,0,5,1,0,0,2,0,0,129,254,254,142,0,0,2,1,1,1,0,0,0,1,4,0,1,2,0,0,2,2,4,0,1,0,1,179,248,251,163,13,1,0,2,2,0,0,0,0,1,0,2,0,1,1,0,4,1,1,0,2,2,2,23,233,251,232,35,0,0,0,3,1,0,0,0,3,0,3,0,2,1,0,2,0,1,0,0,0,0,4,200,253,250,142,0,0,0,2,1,0,2,0,0,2,0,0,1,4,0,0,0,0,0,0,1,0,0,81,245,253,192,11,0,0,0,0,0,0,0,2,0,0,0,0,1,0,0,0,0,0,1,2,0,1,19,200,251,253,141,1,0,0,0,0,0,0,0,0,0,0,0,0,2,1,2,0,1,0,1,0,0,0,133,253,250,172,14,0,0,0,1,0,0,1,2,0,1,0,0,0,0,0,0,1,1,0,1,1,0,0,249,252,251,27,0,0,1,0,0,0,0,1,0,2,1,0,0,0,1,0,0,0,0,0,2,0,0,0,248,252,253,44,19,19,21,21,2,3,6,20,20,39,154,151,148,147,12,1,0,0,0,0,0,0,0,1,251,254,251,255,255,250,254,251,167,142,163,252,253,253,255,253,253,253,126,0,0,0,0,1,0,0,0,0,176,252,255,251,253,254,251,252,255,254,253,252,247,247,247,167,117,118,55,2,0,0,0,1,1,0,0,0,2,116,122,121,122,165,252,253,255,155,124,125,40,2,0,0,0,0,0,3,1,0,0,0,0,0,0,1,0,0,1,0,0,0,0,0,0,0,2,4,0,0,0,3,0,0,1,1,2,0,1,0,1,3,0,0,1,0,0,2,0,0,0,0,3,1,0,0,1,0,0,1,0,0,3,0,0,3,2,1,0,0,0,0,0,3,1,1,0,3,1,0,0,2,0,0,0,0,0,0,2,0,2,0,0,2,0,1,0,0,0,0,0,0,0,0,1,0,3,2,0,4,0,0,0,0,0,0,4,0,0,0,0,1,0,0,0,0,1,0,0,0,0,0,0,1,2,0,0,0,0,2,0,1,2,0,0,0,0,0
1,0,2,2,0,0,0,3,0,0,0,0,0,1,0,1,0,1,0,0,0,2,0,1,0,2,2,2,0,0,0,0,1,0,1,0,0,0,3,0,1,2,0,0,2,0,3,0,0,0,1,0,4,0,0,1,0,0,0,1,0,1,0,0,0,1,3,0,1,0,0,0,1,0,0,0,3,0,2,2,1,0,2,0,1,0,1,1,0,1,0,2,0,0,4,0,0,0,0,0,0,0,2,0,1,0,0,0,2,0,0,4,0,0,0,2,0,0,2,0,1,4,0,1,2,0,0,1,40,255,109,1,0,1,2,2,0,0,1,0,1,0,0,0,0,1,1,2,0,0,0,0,1,0,1,6,89,251,83,0,2,0,1,0,3,0,0,3,0,0,0,2,0,4,2,1,0,0,1,0,0,0,0,3,134,242,0,0,0,0,0,0,1,0,0,0,1,1,1,2,1,1,3,0,0,0,4,0,0,0,3,43,243,151,0,2,0,0,1,0,0,1,0,0,0,0,0,0,0,2,1,0,2,0,1,0,3,0,0,85,255,63,0,1,0,0,2,4,1,0,0,0,0,0,1,1,0,2,0,1,0,0,3,1,2,2,1,203,225,12,1,1,0,0,1,0,0,4,1,2,0,0,0,0,0,0,0,3,1,0,0,0,0,1,30,249,217,0,0,0,0,0,0,0,2,1,2,0,0,0,0,0,0,0,4,0,0,2,1,0,0,2,95,255,196,0,1,0,0,1,2,1,0,0,0,0,1,1,0,2,0,0,3,0,0,0,0,0,0,0,139,255,78,2,0,2,0,0,0,0,0,0,0,0,2,0,1,1,0,4,0,0,0,2,0,0,0,57,236,206,10,0,2,1,0,2,2,0,0,0,0,0,0,3,1,4,0,3,0,0,1,0,0,0,0,122,255,168,1,0,0,0,1,0,0,0,1,2,0,2,1,0,0,0,3,1,0,0,0,2,1,4,1,170,252,82,3,0,1,0,0,0,0,0,2,2,1,2,0,1,0,0,4,0,2,0,0,1,1,1,24,230,211,2,0,1,0,0,4,0,0,0,0,1,0,0,0,1,2,0,0,4,0,1,1,1,0,1,120,255,157,0,0,2,0,2,0,2,1,2,1,0,0,0,3,0,0,0,1,2,0,3,1,1,2,0,152,255,141,0,0,2,2,0,1,0,0,0,0,0,0,0,0,0,0,0,0,0,1,1,0,0,1,0,229,252,67,1,0,0,0,1,0,3,1,0,3,5,0,0,0,0,0,0,1,1,4,2,2,1,0,60,249,254,67,0,0,0,0,0,0,0,0,2,0,3,1,0,0,1,0,0,1,1,0,2,1,2,0,140,251,207,1,1,0,1,0,0,2,1,0,3,4,0,1,2,0,0,2,1,0,0,1,0,4,0,10,212,253,119,1,3,0,0,0,1,1,2,0,0,0,0,0,1,0,0,0,0,0,2,1,0,0,0,3,199,177,9,0,0,3,0,1,2,0,2,2,0,0,1,2,0,1,2,0,0,1,1,0,0,0,1,3,1,0,0,2,0,3,0,1,0,0,0,0,0,0,2,0,0,1,0,1,1,0,0,0,5,0,0,0,0,0,1,1,0,2,1,1,0,0,3,0,1,0,0,1,0,1,1,0,0,0,0,0,0,2,1,2,1,0,0,0,0,0,0,0,0,2,0,0,2,3,1,0,2,2,0,1,0,0,0,0,0,0,0,3,0,0,0,2,1,0,0,1,2,0,2,1,3,2,4,0,0
0,1,1,0,0,0,1,0,0,0,1,0,0,1,0,0,1,2,1,4,0,2,0,2,3,0,1,2,2,1,0,0,0,1,3,3,0,0,0,1,1,0,1,2,0,0,2,0,0,2,2,1,0,2,0,0,2,1,1,0,0,0,0,1,0,1,1,1,0,0,0,0,0,2,2,2,0,0,0,0,0,0,0,0,0,0,3,1,0,0,0,0,0,0,0,0,0,2,0,0,1,1,0,1,1,1,0,0,0,2,0,0,0,3,0,0,4,0,2,2,4,0,3,1,11,150,253,201,29,0,0,0,1,2,1,1,2,0,0,1,0,0,0,0,0,2,0,2,0,1,0,1,42,250,253,254,105,1,0,3,0,2,0,0,4,0,0,1,2,0,0,0,0,0,0,0,2,0,0,22,199,254,250,255,109,0,0,0,2,0,1,2,1,0,0,1,0,0,0,1,0,0,1,0,0,0,112,192,253,251,253,255,170,108,65,0,0,0,0,0,0,0,1,2,0,0,0,0,0,0,0,0,1,0,250,250,251,251,253,255,249,251,219,52,0,0,2,2,1,1,0,0,0,0,0,0,2,3,0,0,1,180,255,252,251,255,254,235,226,255,252,253,0,4,0,0,1,0,0,0,0,0,1,0,6,0,0,1,66,224,255,252,250,249,147,80,61,127,246,253,105,2,1,0,0,0,0,0,0,0,1,0,0,2,0,31,231,250,255,253,222,138,7,0,0,33,229,250,242,113,5,2,0,0,0,0,0,0,2,3,0,0,2,38,251,250,254,187,22,1,0,0,0,1,108,251,253,250,32,0,0,0,1,0,1,0,0,0,3,0,1,40,250,250,201,30,0,0,0,0,2,0,30,201,251,254,34,2,0,0,0,0,3,1,0,0,0,0,0,37,255,253,0,3,0,3,2,0,0,0,30,200,255,253,165,0,0,0,1,0,1,0,0,1,0,3,2,140,254,252,0,0,1,2,2,3,0,0,110,255,251,253,36,0,1,0,1,0,1,0,0,3,1,0,0,219,252,252,0,2,1,0,0,0,24,67,231,251,251,230,32,0,1,0,0,0,1,0,0,0,0,3,3,218,248,255,0,0,2,3,1,0,146,247,254,251,220,59,0,0,0,0,0,0,0,0,4,1,0,0,2,217,248,255,0,0,0,3,2,180,222,251,250,250,177,1,1,2,4,0,2,4,3,0,0,3,0,1,0,217,251,255,71,73,229,254,255,252,255,251,254,254,0,1,0,0,0,4,0,1,1,0,3,0,0,0,1,113,252,249,253,250,254,253,251,252,253,252,254,147,1,0,2,1,0,1,0,3,0,0,0,3,3,0,3,30,232,252,255,250,253,250,252,254,230,189,33,9,1,3,0,0,1,0,1,1,0,0,0,3,0,1,0,0,61,143,252,250,252,250,251,250,108,0,2,0,0,2,0,0,0,1,0,0,1,4,0,0,0,0,0,2,0,0,76,172,252,173,68,74,28,4,3,4,0,0,0,2,1,2,0,0,1,1,0,0,2,2,1,2,0,0,0,2,2,0,2,0,1,1,0,2,1,1,0,0,0,0,0,0,2,0,2,0,0,0,0,2,0,0,2,0,0,0,0,0,1,2,0,0,3,2,3,2,2,1,0,2,1,0,0,0,2,0,2,0,0,2,0,0,1,0,2,4,0,1,0,0,0,6,4,0,0,1,0,0,1,0,2,0,0,0,2,0,0,2,0,1,0,0,0,0,0,0,0,0,0,0,1,0,3,2,0,1
0,2,0,2,0,0,1,0,0,0,0,1,3,0,2,0,0,1,1,0,0,3,1,0,2,0,2,0,1,1,1,3,2,0,1,0,4,1,2,0,3,0,0,0,2,0,2,1,2,0,0,2,0,4,1,0,0,1,0,0,1,0,5,0,0,0,2,0,0,2,0,1,2,0,0,0,3,0,0,1,0,0,0,0,3,1,3,0,1,0,2,0,0,0,4,0,0,0,0,0,3,0,1,1,0,0,0,1,3,2,1,0,0,0,0,0,3,0,1,1,0,0,0,1,1,1,0,3,0,2,4,0,1,0,0,0,0,0,1,0,3,2,0,3,0,2,0,1,1,0,52,225,2,0,0,3,0,0,0,72,27,1,0,1,1,0,0,0,0,0,1,1,1,0,3,1,1,0,122,232,0,2,0,0,5,0,0,147,170,0,0,0,0,0,0,0,1,1,1,1,0,0,1,1,0,2,194,230,0,0,0,2,0,0,3,91,208,7,0,0,0,0,0,0,0,0,0,0,0,2,0,1,1,69,250,136,0,0,1,4,2,0,2,115,249,21,0,3,1,0,0,0,0,0,2,2,0,1,2,2,45,238,219,14,0,0,2,3,2,0,0,193,253,21,0,0,3,0,0,0,0,0,0,3,3,0,2,3,170,252,55,0,1,0,2,0,0,0,19,255,254,23,0,0,0,3,0,3,0,0,0,0,4,0,0,83,242,215,2,0,2,0,2,1,3,0,144,250,188,4,0,0,0,0,0,0,1,0,0,0,0,0,2,166,253,107,3,0,1,0,0,0,0,33,232,250,69,0,1,3,2,2,0,2,0,0,4,0,2,0,15,224,253,0,2,0,0,1,1,4,1,139,254,212,0,0,0,0,1,2,1,0,0,1,2,0,2,2,23,250,165,0,0,0,0,0,2,2,0,167,253,167,2,0,0,0,0,0,0,0,2,2,2,0,0,3,10,205,211,15,3,2,0,3,0,0,23,251,253,108,0,0,0,0,2,0,2,1,0,0,1,0,0,2,0,167,252,201,86,86,86,81,131,162,196,253,252,104,2,0,0,0,0,1,0,0,0,0,0,1,0,0,0,42,168,240,254,249,255,248,231,231,250,251,252,6,0,1,0,0,0,0,0,0,1,0,0,0,0,0,2,0,0,50,81,83,84,87,1,0,159,251,254,0,1,0,0,0,1,0,3,0,0,0,1,1,0,3,0,0,0,3,2,0,0,0,3,0,126,249,253,45,1,0,1,0,0,0,1,2,0,0,0,0,0,2,0,0,0,3,0,0,1,1,1,1,125,252,255,4,2,1,6,0,3,0,2,0,0,2,2,3,1,1,2,0,0,0,0,0,0,1,0,2,128,252,250,1,1,0,2,1,2,0,1,0,0,2,2,1,0,0,3,0,2,0,0,0,3,1,0,2,137,250,243,2,2,5,0,2,0,0,1,0,0,1,0,0,0,0,5,0,0,0,0,0,0,2,0,1,231,239,109,0,1,0,1,1,0,1,0,3,0,0,1,0,0,1,0,0,0,1,1,3,0,0,0,0,178,62,1,0,1,1,0,0,1,0,2,0,3,2,0,2,2,0,0,3,1,1,0,0,3,0,0,0,4,1,0,0,1,2,0,0,2,3,0,2,0,0,3,1,1,0,0,0,2,0,0,0,0,1,0,0,0,0,0,0,0,0,0,2,0,0,4,0,0,0,0,3,0,0,0,0,3,0,2,0,0,1,0,0,0,0,2,0,1,1,1,0,3,0,2,0
0,0,0,0,0,0,3,1,0,1,0,1,1,1,1,1,0,0,2,0,1,0,3,0,0,1,0,2,0,0,0,0,3,0,0,0,0,0,1,0,2,0,0,0,0,0,0,1,1,0,2,0,0,0,2,0,0,2,2,1,2,1,0,1,2,0,0,0,0,1,1,0,0,0,0,3,0,1,0,4,0,0,0,0,1,0,0,0,0,2,0,0,1,1,0,0,1,0,3,0,0,0,2,2,0,0,0,1,0,0,1,0,1,2,0,0,0,1,4,2,0,2,0,5,1,0,5,1,0,0,0,4,0,0,2,0,0,2,2,0,0,0,0,1,0,1,0,0,0,0,0,1,3,0,0,2,77,255,106,3,0,0,2,1,1,1,1,0,1,0,1,0,0,0,1,3,3,0,1,2,0,0,1,22,227,252,254,7,0,4,3,0,1,2,0,0,2,0,0,0,0,0,0,3,0,3,0,2,0,1,0,81,254,254,166,0,0,0,2,0,0,2,1,0,0,0,0,0,0,0,0,1,0,0,2,0,0,0,9,204,253,252,72,1,0,0,1,2,1,0,1,1,1,1,0,1,0,5,0,1,2,0,0,0,0,0,54,255,253,247,2,0,2,3,3,0,1,1,1,0,0,0,1,2,0,3,2,2,0,1,0,0,0,1,137,255,254,180,0,0,0,0,1,0,0,0,5,3,2,0,0,0,0,4,0,1,0,2,0,0,0,0,199,255,247,48,0,0,0,0,1,3,1,3,0,0,1,1,1,0,0,1,0,0,0,2,0,0,1,60,255,254,233,2,0,0,4,0,2,1,0,0,0,1,0,0,3,4,0,1,0,0,0,2,0,0,1,109,254,254,132,0,0,0,0,2,0,0,2,0,0,0,0,0,0,0,1,0,0,3,0,0,0,0,4,161,255,237,30,2,0,0,1,0,0,0,0,0,0,0,0,2,0,1,3,0,3,1,0,1,0,0,61,251,255,223,1,0,0,0,1,2,0,1,1,1,0,2,0,0,0,0,1,2,1,0,1,0,3,0,79,252,255,155,0,1,2,3,1,0,5,0,0,0,1,1,0,0,0,0,0,1,3,0,3,0,0,0,165,255,238,56,1,1,1,0,0,0,0,0,0,2,0,1,4,0,2,0,1,0,0,0,0,0,0,27,250,253,210,4,0,0,0,3,3,1,0,2,2,0,1,1,2,0,0,2,0,0,0,0,0,0,0,84,252,255,134,0,1,0,0,0,1,0,1,1,2,0,1,0,1,0,1,0,0,1,0,0,2,0,2,105,255,233,17,0,1,0,0,0,3,0,0,1,0,0,2,4,0,0,2,0,0,0,0,0,2,0,1,178,254,203,4,0,0,0,1,1,1,0,0,2,0,1,0,0,0,0,0,0,0,1,0,1,0,0,3,211,255,194,0,0,1,0,0,1,2,0,0,1,0,2,0,1,0,1,0,3,0,2,0,3,0,0,0,158,255,159,0,0,0,0,2,0,0,0,0,0,0,0,0,0,1,0,1,0,0,2,1,0,0,2,0,26,158,109,0,0,1,0,0,0,2,2,2,0,0,0,0,0,2,0,2,0,0,1,0,0,0,0,0,0,0,0,0,0,0,1,0,1,2,0,4,0,0,0,2,0,0,0,0,1,0,0,0,0,2,0,1,0,2,0,0,0,0,0,2,1,0,3,3,2,0,0,2,0,2,0,0,0,0,0,0,0,0,0,2,0,0,0,1,4,2,0,1,2,1,0,2,0,1,0,0,0
0,2,1,0,1,0,0,3,1,0,0,0,2,3,0,2,0,0,1,0,3,0,1,0,1,0,0,3,0,0,3,0,3,0,0,1,0,0,1,0,2,0,2,1,1,0,4,0,3,0,0,1,1,2,1,0,0,0,0,3,0,0,2,0,0,4,0,0,0,1,0,1,0,0,3,0,0,0,0,1,0,0,0,1,0,0,0,1,0,0,2,0,2,0,0,2,4,0,1,0,0,1,0,0,0,0,0,1,0,0,0,0,3,0,0,0,0,2,2,0,0,0,2,0,1,1,0,3,0,0,0,2,0,1,0,0,0,3,0,0,1,3,1,3,0,0,1,0,1,22,194,137,33,1,0,1,0,0,2,0,0,13,75,5,1,0,0,2,0,1,1,1,2,0,1,0,19,237,250,169,0,0,4,1,0,0,0,0,17,222,240,38,2,0,0,1,2,1,4,3,0,1,0,22,190,252,149,0,0,0,0,4,4,1,0,2,136,250,98,2,0,0,0,0,1,0,3,1,0,0,1,70,249,254,23,2,0,1,0,0,1,0,0,41,254,175,13,0,4,1,0,3,0,0,0,1,0,0,20,151,253,95,1,0,2,0,0,0,2,0,47,233,254,91,2,0,0,1,0,0,0,2,0,0,0,0,164,255,203,10,4,1,2,0,0,0,0,0,102,252,159,0,2,0,1,0,0,1,0,0,0,1,3,1,164,251,176,4,0,2,0,1,0,0,8,132,239,253,2,2,2,0,0,0,0,0,0,1,0,3,0,1,162,249,254,192,177,73,69,71,73,131,201,255,252,170,1,0,0,1,1,0,0,0,0,2,0,1,1,2,50,227,250,253,253,249,252,253,255,253,254,255,218,32,0,0,0,1,1,2,0,2,0,2,0,0,0,0,0,15,68,133,254,233,136,141,136,41,252,249,160,2,2,1,0,0,0,0,0,0,0,0,0,0,0,0,0,0,0,0,0,0,0,0,0,38,253,202,17,0,0,2,0,0,0,3,0,1,0,1,2,1,2,3,1,2,2,0,2,0,0,0,0,160,252,71,0,0,0,2,2,0,2,0,0,0,0,1,0,0,0,0,0,2,0,2,0,2,0,0,84,250,241,53,3,0,0,2,0,2,0,2,1,0,3,2,0,0,1,0,1,0,0,1,0,1,1,0,160,254,168,4,2,0,0,3,1,2,0,1,1,3,0,0,0,3,0,2,0,0,2,0,1,0,0,2,232,243,51,0,0,0,1,1,0,3,0,1,0,2,0,0,2,0,1,0,4,0,2,0,0,1,0,104,254,235,2,0,0,1,0,5,0,2,1,1,2,3,2,0,1,3,0,1,1,0,0,0,0,0,0,207,251,157,1,13,30,0,0,1,2,0,0,0,0,0,0,0,0,1,2,0,4,0,0,1,0,0,1,208,253,154,92,206,163,0,1,1,0,0,0,0,1,0,0,0,0,0,1,0,0,0,0,0,1,0,0,207,251,255,252,155,28,0,1,0,0,2,0,0,1,1,2,0,0,0,3,0,0,0,3,0,2,2,0,60,188,126,24,6,0,0,1,0,0,0,0,0,1,2,0,0,0,0,0,0,0,0,3,0,0,2,2,1,0,0,2,1,0,1,0,2,1,0,0,0,3,0,2,1,1,0,2,0,5,0,0,0,0,0,0,0,1,0,0,0,0,0,2,3,1,0,0,0,4,2,1,0,0,0,1,0,2,0,0,1,0,0,0,2,0,0,0,0,0,0,0,3,1,4,1,0,0,0
0,1,0,0,0,0,1,1,0,0,0,1,0,1,0,1,2,0,1,0,0,1,1,1,0,1,0,3,1,0,0,0,0,0,1,3,0,4,0,0,0,1,2,1,0,5,0,0,2,1,0,0,0,1,0,0,1,2,0,0,0,0,1,0,2,0,0,0,2,0,0,4,0,0,0,0,1,0,0,0,0,0,4,0,0,0,1,1,1,0,0,0,2,0,0,0,1,2,0,0,3,0,0,0,0,0,1,0,0,0,0,2,1,0,0,0,0,0,1,2,2,2,0,0,0,0,0,2,0,0,1,2,3,0,0,2,0,0,0,0,0,0,0,0,0,3,0,0,0,0,1,4,3,0,0,0,0,0,2,1,0,0,0,0,0,1,2,0,1,2,0,1,0,0,0,0,1,1,1,14,149,194,1,0,0,0,3,0,2,0,1,2,0,0,0,0,0,2,0,0,0,0,3,0,1,0,91,224,252,255,17,0,0,0,0,3,0,0,3,0,0,0,1,2,0,2,0,1,4,0,1,1,0,29,234,255,249,252,165,20,1,2,4,1,1,1,1,0,0,0,0,0,3,1,0,3,0,0,0,0,0,143,251,251,252,254,253,239,117,8,0,1,0,0,0,0,2,0,2,0,0,0,1,0,0,0,0,0,29,245,253,209,186,253,255,253,235,25,3,0,0,3,0,0,1,1,0,0,0,0,0,0,0,0,2,0,77,253,193,0,10,98,219,251,255,200,20,0,2,2,0,0,0,1,3,1,0,0,2,2,0,1,0,0,83,254,80,1,2,0,182,252,253,191,12,0,1,0,1,0,0,0,0,0,0,2,1,1,0,0,0,4,173,255,153,0,3,2,234,254,254,137,0,1,0,0,3,0,2,0,4,0,4,1,0,0,3,0,1,1,87,255,208,40,87,166,252,238,254,240,43,3,1,0,0,0,0,0,0,3,3,4,1,0,0,2,1,1,14,237,254,254,252,250,186,32,214,254,153,0,1,1,2,1,0,0,1,0,0,0,0,1,0,0,0,0,0,67,242,255,255,146,12,1,133,253,221,32,0,0,1,0,0,0,1,0,0,0,0,0,0,1,1,0,0,3,67,157,141,15,0,0,9,176,253,159,1,1,0,0,0,0,1,2,1,2,2,0,0,0,3,2,2,0,0,0,2,0,0,0,1,85,253,228,19,0,5,1,0,0,0,0,1,0,0,0,0,0,5,0,0,0,2,0,0,0,0,2,0,3,164,253,125,1,0,4,0,0,0,1,0,1,3,0,4,1,0,1,1,4,2,0,0,0,2,0,0,5,45,246,255,37,0,0,2,0,0,0,1,0,0,1,0,1,0,2,0,0,1,0,0,4,0,0,0,0,0,116,255,172,9,0,2,0,0,2,0,1,0,0,1,0,1,3,0,0,1,0,2,1,0,1,3,1,0,20,217,255,48,0,0,0,0,3,0,0,1,0,0,0,1,0,0,0,2,0,0,2,2,0,0,0,0,0,33,254,169,0,0,0,1,0,0,2,0,0,1,2,0,1,2,3,2,1,0,1,0,1,2,0,2,1,0,185,244,40,0,0,0,0,0,2,5,1,2,2,1,0,1,0,0,0,3,2,0,4,0,2,1,0,0,12,221,75,1,0,0,1,0,0,2,1,2,5,1,0,2,2,1,0,1,0,0,0,1,1,0,2,2,0,0,0,3,0,0,0,0,0,3,1,1,2,0,0,1,1,2,3,2,0,1,0,0,0,2,0,1,1,0,0,0,0,0,0
0,3,0,0,0,0,0,0,0,0,0,0,0,1,0,0,2,0,0,1,0,1,0,0,0,0,2,1,2,1,1,0,0,0,1,3,1,0,0,0,0,0,0,0,0,0,0,1,3,0,1,0,0,0,0,0,2,0,0,0,0,0,0,0,0,0,1,1,0,0,2,1,0,1,2,0,2,4,0,1,3,0,0,0,0,2,1,0,1,0,0,0,0,1,0,0,0,0,0,1,0,0,1,1,1,0,1,0,1,1,0,0,0,1,4,0,0,1,0,3,2,0,1,3,2,0,0,1,0,16,47,49,46,16,127,82,50,0,0,0,2,0,1,0,0,0,0,4,0,0,0,0,0,0,2,76,155,218,255,255,255,218,243,252,253,1,0,0,1,0,0,3,0,0,0,0,0,0,1,0,37,145,243,252,251,255,250,253,253,251,255,253,255,1,4,1,0,0,0,1,1,0,1,2,1,0,4,0,66,254,255,250,254,250,255,253,211,167,173,169,167,0,0,0,0,0,0,0,1,0,0,0,24,130,72,2,57,237,226,235,166,127,69,21,10,0,2,0,0,0,1,2,0,1,0,0,0,0,1,13,206,253,77,3,2,33,3,29,1,2,0,1,0,0,2,0,1,0,1,1,0,0,0,1,2,0,5,177,254,132,10,0,2,1,4,0,0,0,2,1,0,0,1,0,1,0,0,0,0,0,2,0,4,10,132,252,232,17,0,1,0,1,0,3,2,2,1,0,0,0,1,0,1,0,0,0,1,0,0,1,2,91,252,225,24,0,0,0,1,1,2,0,0,1,2,5,1,0,3,1,1,1,1,3,0,0,3,0,1,152,255,175,0,2,0,0,0,1,6,0,2,0,2,0,0,3,0,0,0,3,0,1,0,0,2,0,0,236,253,246,125,50,3,3,2,0,0,0,1,3,3,2,2,0,0,0,0,0,0,0,0,2,0,0,0,255,253,254,251,252,147,90,124,84,44,42,84,26,0,0,4,0,1,0,0,2,1,0,3,0,0,0,3,141,252,254,252,255,252,252,250,253,248,255,251,236,168,0,0,1,0,0,4,0,0,1,1,0,0,0,0,4,54,220,220,249,254,252,249,255,254,253,254,254,253,124,0,0,2,2,0,0,0,0,0,0,0,0,0,1,0,0,0,65,74,199,254,250,254,251,255,255,252,177,1,1,0,2,0,1,0,0,0,1,0,2,0,0,0,1,2,0,2,118,251,247,150,52,164,255,254,173,0,0,0,0,0,0,2,3,0,0,0,5,0,2,1,0,0,0,0,50,253,253,250,188,252,253,254,150,3,1,0,0,0,0,0,1,0,1,2,5,0,0,0,2,1,0,1,9,168,255,249,253,255,251,174,12,3,0,1,0,0,1,0,0,2,3,0,1,2,0,1,0,0,2,0,0,25,180,232,252,223,130,0,0,1,0,1,2,0,0,0,0,0,1,1,0,4,2,1,0,0,1,0,1,3,0,94,150,23,0,2,0,0,3,0,0,0,0,2,4,2,4,0,0,1,0,0,3,3,0,2,0,1,2,0,0,0,0,3,0,0,0,3,1,0,0,0,0,3,2,0,0,1,3,0,4,1,1,0,2,2,0,0,1,1,0,0,0,0,0,2,1,1,1,0,0,0,0,0,1,0,2,0,0,0,3,0,2,1,2,2,0,0,0,0,0,0,0,0,0,0,0,1,0,0,0,1,0,0,0,1,0,0,1,0,0,1,0,0,1,0,0,1,0,2,1,0,0,1,0,0,0
1,0,0,0,0,0,0,1,1,2,3,0,0,1,1,3,0,0,2,1,0,0,1,0,0,2,0,0,0,0,0,2,2,0,0,0,0,0,1,2,0,2,0,2,0,2,1,0,0,0,0,2,0,2,0,0,2,1,1,0,0,0,0,0,1,2,0,0,3,0,2,4,1,0,0,0,1,0,4,0,1,0,2,0,0,2,0,0,0,0,0,0,0,0,0,0,0,1,0,1,1,3,3,2,3,0,0,0,0,0,0,0,0,2,0,0,1,0,0,2,1,2,0,0,0,0,0,1,0,5,0,1,1,2,0,2,3,0,0,1,1,1,1,0,2,0,0,2,0,0,0,0,3,0,0,1,2,0,2,0,1,0,2,0,0,0,3,0,0,0,0,2,0,0,0,1,0,0,3,1,0,0,1,0,1,0,1,1,0,1,0,1,0,0,0,0,0,0,0,0,0,0,0,0,0,0,0,2,1,35,56,137,201,201,93,35,1,0,0,0,4,0,2,0,0,2,0,0,1,0,1,1,0,0,0,43,151,236,254,255,254,253,255,248,212,148,8,0,3,0,1,2,3,0,2,2,0,0,0,0,0,47,153,240,255,255,225,165,136,252,196,255,230,227,107,0,0,0,0,0,0,0,0,1,2,3,0,0,152,232,255,253,190,144,9,0,0,191,40,199,246,227,254,19,1,0,2,0,1,1,2,0,0,0,9,130,255,252,229,131,13,0,3,2,0,208,42,63,253,254,252,20,0,2,0,0,0,2,2,0,0,0,70,240,251,228,53,2,0,0,2,3,33,115,224,243,254,255,164,5,0,2,0,0,0,0,0,0,1,0,74,242,255,225,109,140,178,176,168,207,253,230,255,252,255,230,41,0,0,2,0,0,0,0,2,0,0,0,8,178,245,255,254,255,254,250,254,252,255,255,254,252,171,24,4,2,0,0,0,0,2,1,0,0,0,0,0,0,20,139,193,174,143,153,200,254,252,252,255,150,19,0,1,0,3,3,0,0,0,0,1,0,0,0,2,2,0,0,2,0,0,0,163,255,255,239,103,2,0,1,1,1,3,0,1,0,1,0,0,1,0,2,1,0,2,2,0,3,0,119,249,255,253,91,0,1,0,0,0,0,0,1,1,2,0,2,0,1,0,3,0,0,0,1,1,0,98,239,251,253,211,7,0,0,0,1,0,2,0,0,0,0,3,1,1,2,4,0,0,3,2,0,0,50,239,255,253,242,57,3,2,0,0,0,0,0,0,0,0,0,0,0,1,3,0,1,0,0,6,5,0,130,254,254,241,61,1,0,0,0,0,1,2,2,0,0,0,2,0,1,0,2,2,1,0,0,0,3,11,248,250,255,154,3,2,1,0,0,3,0,0,0,3,0,0,0,1,0,2,0,1,1,0,3,1,12,227,254,254,209,10,1,0,0,1,2,2,4,0,0,0,1,3,0,1,1,1,0,0,0,5,0,0,77,255,254,254,66,1,0,0,1,2,0,0,0,0,3,0,0,2,0,2,1,0,0,0,0,2,0,1,207,255,254,137,0,0,1,0,0,0,0,0,0,0,0,0,0,0,0,2,0,0,0,0,1,0,0,3,225,255,234,30,0,0,3,0,1,0,2,0,0,1,1,0,0,0,2,0,0,0,0,0,0,0,0,0,114,254,107,2,0,1,0,0,0,4,2,0,0,0,1,0,1,0,0,0,0,0,0,0,0,0,0,0,1,2,0,3,0,1,0,3,0,1,0,1,0,0,2,0,3,1,3
0,1,1,1,0,0,1,0,3,0,1,0,0,1,0,1,1,1,0,0,3,2,1,0,0,0,0,0,1,0,3,0,1,0,0,1,2,0,0,0,0,0,0,2,0,0,0,0,0,3,0,0,3,0,0,0,0,1,3,0,0,3,1,1,0,0,0,1,0,0,0,0,0,2,0,0,0,3,0,1,0,0,1,0,0,0,0,0,3,1,1,1,0,0,0,1,0,0,2,3,0,0,0,1,0,2,0,0,0,2,0,0,1,2,0,0,1,3,0,2,0,0,0,61,3,43,116,193,120,119,67,2,1,0,0,0,3,1,0,2,0,1,2,3,0,1,0,1,2,11,177,245,233,243,252,254,254,255,242,236,85,0,3,0,2,0,0,1,0,0,1,2,1,0,0,0,0,149,252,255,251,209,191,180,177,182,253,254,240,45,0,0,0,0,0,3,0,0,0,2,0,0,0,2,44,236,255,228,61,26,10,0,3,0,126,253,254,172,18,0,0,0,0,0,1,3,1,0,3,0,0,0,58,255,253,109,0,2,0,0,0,1,0,132,251,251,77,0,2,0,0,1,0,2,0,0,1,0,1,0,64,255,158,0,1,2,0,1,0,1,1,1,222,255,154,0,0,0,0,0,0,1,0,0,1,1,0,1,193,255,103,2,0,3,2,2,0,0,0,1,150,254,213,0,0,0,0,0,2,1,0,0,0,2,0,34,221,241,56,0,2,1,0,0,0,0,0,0,87,253,214,0,2,2,0,0,2,0,1,0,1,0,0,129,255,176,0,0,0,0,1,0,0,0,0,0,85,251,214,0,0,0,0,0,0,1,1,0,0,0,0,215,237,58,2,1,0,0,0,1,0,0,2,0,87,255,212,1,0,0,1,0,0,1,2,0,3,3,0,212,197,0,3,1,1,3,1,0,2,1,3,0,85,255,214,2,0,0,0,0,0,0,0,0,0,0,9,220,199,0,1,1,1,0,1,1,0,1,0,0,85,255,216,0,1,1,1,0,0,0,1,0,0,0,101,254,201,0,0,0,3,0,1,1,0,2,0,0,162,253,205,2,0,1,0,1,0,0,0,0,2,1,97,254,201,2,0,1,1,0,0,0,1,0,0,53,236,251,73,0,0,0,4,0,0,0,2,1,0,0,98,255,198,1,0,2,0,0,0,1,0,2,53,165,254,195,2,0,0,1,3,0,0,3,0,0,0,0,63,240,201,1,0,0,0,0,0,0,0,2,168,254,228,54,0,2,0,0,2,3,5,0,0,0,4,5,0,213,214,16,3,2,3,0,0,48,152,203,255,253,63,0,2,0,2,0,0,0,1,0,0,1,1,2,0,218,253,203,181,178,177,179,182,233,251,252,232,155,11,0,0,0,1,0,0,2,0,3,0,4,0,1,1,79,203,251,254,254,253,253,255,253,254,236,120,2,0,0,2,3,0,0,2,2,0,0,0,0,1,1,0,0,26,210,254,254,254,254,253,151,103,0,0,0,0,0,2,0,2,3,0,2,3,1,0,1,0,0,0,0,0,1,2,1,0,0,1,0,0,0,0,0,0,0,0,0,0,0,1,0,0,0,1,0,1,0,1,2,0,0,0,1,0,0,2,0,0,0,0,0,0,0,2,0,0,3,0,2,1,0,0,0,0,1,1,1,0,1,0,0,0,0,0,0,0,0,0,0,0,3,2,0,1,0,0,3,0,1,0,0,0,0,1,1,0,0,1,0,1,0,1,0,1,0,3,0,0,0,0,0,2,3,0,0
0,0,0,1,0,3,0,2,0,0,2,0,0,0,1,0,0,0,0,0,2,1,0,0,1,0,0,0,0,0,0,0,0,0,0,0,0,0,2,0,0,1,0,1,1,0,0,0,0,0,1,0,1,0,0,0,1,0,0,0,0,1,0,2,3,1,0,1,0,0,2,0,0,0,0,0,4,1,0,0,0,0,1,0,1,0,1,0,0,0,1,1,0,0,6,203,254,176,0,0,0,1,1,2,0,0,0,0,2,1,2,0,0,0,0,0,0,0,1,1,1,8,150,252,251,125,0,0,1,0,0,0,0,1,0,0,1,3,0,0,0,3,0,2,0,0,1,0,0,116,254,186,56,2,0,1,0,2,0,1,1,0,0,3,0,0,0,1,0,0,0,0,1,0,0,0,0,143,248,122,0,0,0,0,0,1,1,0,0,0,0,0,0,1,0,3,1,0,0,0,0,4,1,0,0,153,247,51,0,0,0,0,2,0,0,0,1,1,0,0,2,0,0,0,0,1,2,2,0,2,0,1,26,250,198,2,0,3,2,0,0,3,2,0,0,0,0,0,0,0,0,0,0,0,0,1,0,0,1,0,153,250,198,2,0,3,0,0,0,0,61,82,84,37,0,0,0,0,1,0,3,0,3,0,0,2,0,0,226,255,96,4,0,2,0,0,150,227,243,252,253,239,127,0,0,1,0,0,0,0,0,0,0,3,0,10,229,229,0,3,1,4,57,229,255,255,236,177,226,255,224,30,0,0,0,1,1,1,0,0,2,1,0,109,254,150,0,1,26,126,250,248,224,135,28,2,0,178,249,59,0,2,0,0,0,0,6,0,4,0,2,158,251,114,0,1,150,253,254,184,42,0,1,1,1,145,253,54,0,3,0,0,0,0,0,0,4,2,0,188,253,116,0,38,239,255,151,8,3,0,2,1,0,141,204,6,4,0,0,1,1,0,0,0,0,0,0,200,254,113,0,149,254,163,0,0,0,2,0,0,0,156,194,0,0,2,0,0,3,0,2,0,0,1,0,197,254,113,1,172,251,187,0,2,0,0,1,0,26,254,167,5,0,1,0,0,0,0,0,2,0,0,0,198,252,113,1,20,231,248,124,19,0,2,0,2,203,243,59,0,2,0,1,3,0,1,0,0,0,0,27,224,253,110,0,0,25,202,253,192,13,0,75,200,248,123,0,2,0,2,0,0,2,3,0,2,0,0,0,183,250,180,8,0,0,0,76,32,31,152,252,245,124,0,3,1,0,2,0,2,3,0,1,2,1,0,0,30,210,252,196,81,58,56,130,199,253,251,211,84,0,2,3,2,3,0,0,0,0,0,1,0,5,0,3,0,22,218,254,251,255,252,250,250,254,155,19,0,2,0,1,0,0,0,0,0,0,0,0,0,0,0,0,0,0,15,104,139,243,139,142,140,43,5,1,2,0,3,0,2,0,0,3,0,0,0,1,1,0,0,1,1,0,1,1,1,0,0,0,2,0,0,1,0,3,0,0,2,2,0,0,0,0,0,0,0,2,0,1,0,0,1,0,1,0,1,0,3,2,3,0,0,2,0,0,2,0,0,1,2,0,0,3,0,3,0,0,0,3,0,0,1,0,0,5,0,0,4,0,0,2,0,0,0,2,0,0,1,0,2,1,0,1,0,3,0,0,1,2,2,0,1,2,1,0,0,0,1,0,0,0,0,1,1,1,0,0,1,0,4,0,0,2,0,0,3,0,0,0,3,0,2,0,0,1,1,0,1,0,0,0,0,0,1
1,0,0,1,2,3,0,2,0,0,0,0,0,0,2,0,0,0,0,0,0,0,0,0,0,0,2,0,0,0,0,0,0,1,0,1,4,3,2,0,1,1,0,0,0,0,2,0,1,1,0,0,0,0,3,0,0,0,0,2,0,0,0,1,0,0,2,0,0,0,0,1,2,0,1,0,0,0,2,0,0,2,1,1,0,0,0,3,0,2,0,0,0,1,0,0,0,0,1,0,1,1,0,0,1,3,0,1,0,2,0,0,0,0,3,0,4,0,0,0,0,0,0,0,2,0,2,1,0,1,2,0,0,0,0,0,2,0,0,0,0,0,0,0,0,0,0,0,0,0,0,0,2,2,0,2,3,1,0,1,0,0,2,0,0,3,0,0,1,0,0,0,0,1,1,0,0,0,0,1,0,1,2,1,0,1,2,2,0,0,0,0,1,0,1,0,2,0,2,0,0,0,0,1,1,1,2,1,50,180,255,255,251,171,34,9,75,10,0,0,0,1,0,0,0,0,0,0,0,0,2,1,0,0,6,69,230,250,247,255,254,251,161,186,253,94,1,0,1,0,1,0,0,0,0,1,3,2,0,1,0,2,56,250,253,229,77,68,70,103,90,239,247,68,2,2,2,0,2,0,2,0,0,0,0,0,1,1,0,42,234,254,185,49,0,0,4,24,206,250,134,0,1,4,0,2,1,0,1,1,0,0,2,0,0,1,0,170,254,182,36,0,0,0,0,70,254,251,63,0,0,2,0,1,0,0,0,0,0,0,0,0,2,0,156,251,242,42,0,0,0,4,4,192,251,190,0,1,0,3,3,0,0,0,0,0,0,2,0,2,0,0,209,252,228,3,0,0,0,5,134,251,252,66,0,0,0,0,2,1,0,0,0,0,0,0,1,2,3,0,206,249,228,1,1,0,30,137,252,253,226,15,1,0,1,3,0,0,2,1,1,0,2,0,1,0,1,2,164,251,245,206,207,209,228,249,253,250,164,3,0,0,0,0,1,3,0,1,0,0,0,2,1,0,2,0,9,180,253,253,250,254,251,75,169,252,57,0,0,1,0,1,0,0,0,0,0,0,1,2,0,0,2,0,0,1,63,117,114,77,0,150,252,214,20,2,0,1,0,0,1,3,0,0,0,0,3,2,0,0,2,0,0,3,0,1,0,0,0,254,252,164,0,0,2,0,1,1,0,0,0,2,0,2,2,0,4,0,2,0,0,0,0,0,0,1,34,253,239,45,3,4,1,0,0,0,0,0,1,0,0,2,3,4,0,1,2,2,4,1,2,2,0,1,158,255,165,4,0,1,0,0,1,0,2,0,0,0,0,0,0,2,0,0,2,1,2,3,0,0,1,43,243,255,92,2,0,0,0,0,0,0,0,2,0,0,0,1,1,0,0,3,0,0,0,0,0,1,2,90,254,254,80,1,2,2,3,0,0,0,0,0,4,0,0,2,3,1,1,0,2,0,0,2,0,0,0,115,252,209,1,2,0,0,1,0,0,0,0,0,0,0,0,0,1,1,0,0,0,0,0,0,1,0,0,207,252,115,0,0,0,2,0,0,0,0,0,0,0,0,0,0,1,0,1,2,0,1,0,0,0,0,0,163,253,115,0,0,0,2,0,2,0,1,0,2,2,1,0,2,0,0,0,0,1,0,0,0,1,0,0,93,199,61,0,0,1,0,0,0,1,2,0,2,1,0,0,0,0,1,0,0,0,0,0,0,1,0,0,0,0,0,1,0,2,1,1,0,0,0,0,0,2,3
0,0,2,1,0,0,0,1,0,0,1,0,2,0,3,4,3,2,0,0,0,0,0,0,0,1,0,2,0,3,1,0,0,0,0,0,0,3,2,0,3,1,0,0,0,1,0,3,0,0,0,0,0,0,3,1,0,0,3,2,2,1,0,0,0,0,0,1,0,0,0,0,0,0,0,1,0,0,0,0,2,0,0,0,0,0,0,0,1,0,0,0,2,3,2,0,1,0,1,0,0,0,2,0,0,2,0,1,1,0,0,0,0,0,0,0,0,2,0,0,0,0,2,1,0,3,1,2,0,0,3,0,0,0,0,1,0,0,2,4,0,2,0,0,2,1,0,2,0,3,1,0,18,62,138,255,252,168,139,22,0,0,0,0,0,0,1,0,0,1,0,1,0,2,0,3,1,1,8,117,227,253,250,249,252,254,249,156,0,1,0,0,0,0,0,0,0,1,0,0,2,0,0,0,0,1,108,252,252,254,249,191,252,253,250,250,0,0,0,0,0,0,0,0,1,3,1,3,0,0,3,2,0,40,234,252,254,250,119,3,133,255,255,250,0,4,0,1,0,0,1,0,2,0,0,0,1,1,0,3,42,176,251,252,220,46,1,0,8,54,230,254,212,0,2,1,0,0,1,0,0,2,2,0,1,3,1,1,93,253,253,251,113,0,2,0,0,0,134,250,255,154,0,0,0,3,1,0,0,0,3,0,2,0,0,0,167,250,252,187,3,0,2,0,0,0,0,211,252,206,0,2,0,2,0,0,0,0,0,0,0,0,1,19,216,250,252,94,0,1,3,1,0,2,0,114,252,206,5,0,0,3,1,0,0,1,0,0,0,0,0,70,253,252,192,17,0,0,0,0,2,0,0,113,250,225,22,2,0,0,0,0,0,0,2,0,0,4,1,121,253,247,65,1,0,0,7,0,0,0,0,116,254,254,68,0,0,0,1,0,1,0,0,1,2,2,3,130,252,251,0,0,1,0,2,0,0,1,1,117,252,255,68,0,2,0,0,2,0,2,0,1,0,0,0,184,249,252,1,2,0,2,0,1,0,3,0,117,251,250,70,1,4,1,0,0,0,0,0,1,0,1,0,184,255,253,0,3,0,0,0,0,1,0,1,115,255,240,56,0,0,0,0,0,3,3,0,3,0,0,2,185,246,253,2,0,0,2,0,1,0,0,1,211,252,111,0,0,0,0,0,0,0,2,2,0,0,2,0,50,234,251,158,0,2,0,0,0,0,0,1,227,232,9,0,0,0,1,0,0,0,0,0,0,0,0,1,0,92,255,243,49,0,2,0,1,0,0,157,253,167,1,1,1,0,0,0,0,0,0,1,0,1,1,0,0,35,162,253,115,4,0,1,0,0,64,237,231,42,0,1,0,1,0,0,0,0,0,0,2,2,0,3,1,0,29,224,238,135,0,3,39,89,232,251,136,0,0,4,0,0,1,0,2,3,0,0,0,0,0,1,1,2,0,24,178,241,208,104,233,253,252,174,32,0,0,1,0,0,2,0,0,0,0,0,1,0,0,3,2,0,1,0,14,55,178,253,134,138,54,5,1,1,1,0,1,0,1,1,0,1,1,0,0,0,1,3,1,3,0,0,0,0,0,2,3,0,0,0,0,2,0,0,0,3,0,3,0,0,5,3,3,0,6,4,0,0,3,0,0,0,3,1,3,0,0,2,2,1,0,1,1,1,0,0,2,0,0,0,0,0,1,3,0,1,0,0,1,2,0,0,1,3,0,1,0,0,1,1,0,1,0,1,3
1,0,3,0,0,0,1,0,3,1,0,0,0,2,2,0,0,2,1,3,0,1,1,0,0,0,1,0,1,0,0,1,1,2,1,2,0,0,2,2,0,0,0,1,1,0,0,0,0,0,0,0,0,1,1,1,1,0,0,0,0,0,2,2,0,2,0,1,1,0,0,2,0,0,5,3,0,0,0,0,1,0,3,0,2,2,2,2,0,0,2,0,0,0,0,0,2,0,0,0,2,0,1,0,1,0,3,0,0,2,3,0,2,1,3,1,0,0,0,0,1,3,1,0,1,129,255,189,0,0,3,0,1,0,1,1,0,0,2,0,0,1,0,0,2,0,0,0,2,0,0,5,0,192,254,255,61,1,4,0,0,1,1,0,1,0,2,0,0,0,1,0,5,1,0,0,3,0,0,0,0,253,255,255,126,2,0,0,0,0,0,0,0,1,1,1,0,1,0,2,0,5,0,0,1,2,0,0,0,255,255,255,0,3,0,2,0,0,0,1,0,2,0,2,0,3,1,0,2,0,0,0,0,0,0,0,0,255,255,252,0,0,0,0,4,0,0,2,0,0,0,0,0,1,0,2,0,0,0,6,0,0,0,0,0,128,255,255,131,0,3,0,0,0,0,1,0,1,0,1,0,0,0,0,2,0,0,0,1,1,3,2,1,255,255,255,125,0,1,1,0,1,0,0,0,0,1,3,0,0,0,0,1,0,0,1,0,0,3,1,0,255,252,255,128,3,2,1,0,0,0,0,2,0,0,0,1,2,0,0,1,0,2,0,0,2,4,2,0,253,253,255,126,0,0,2,0,1,1,0,1,2,0,2,1,1,1,2,0,1,3,0,2,0,0,0,1,253,254,254,131,0,0,0,0,1,0,1,2,0,0,2,2,0,0,1,0,0,4,0,1,1,0,2,1,254,255,255,4,0,2,1,2,1,0,0,0,1,2,0,0,0,0,0,1,0,0,1,0,0,3,0,0,253,253,255,3,0,0,0,1,0,3,0,0,2,0,0,1,2,0,1,1,2,2,3,3,1,0,0,0,255,255,255,0,0,0,0,0,1,3,0,0,0,0,0,3,1,0,2,0,0,0,0,0,1,0,0,0,255,255,255,3,0,1,0,3,0,0,2,0,0,0,0,0,2,0,3,0,0,0,4,0,1,0,0,0,192,254,253,124,0,0,0,0,3,2,0,0,0,0,0,1,3,0,1,0,3,0,0,3,2,1,1,0,193,254,253,128,0,0,2,0,0,2,0,2,0,0,0,1,0,0,2,2,3,3,1,0,1,0,2,63,255,252,255,129,1,0,0,0,0,2,0,2,1,0,1,0,0,0,0,1,2,0,0,0,0,2,0,192,255,254,252,129,0,0,0,0,0,1,2,2,0,0,1,0,1,0,0,1,0,0,1,0,0,0,61,254,255,255,63,0,2,0,2,0,0,0,0,1,0,0,2,0,0,0,0,0,1,3,0,0,0,0,67,255,127,0,0,2,1,1,1,2,0,0,0,0,0,0,0,1,2,1,3,2,1,3,0,0,2,0,0,3,1,0,0,2,0,1,0,0,0,0,0,0,1,0,0,0,2,0,0,2,0,2,0,0,1,0,2,0,2,0,0,0,0,0,1,0,1,0,1,1,1,0,0,2,1,0,1,1,1,3,0,0,0,2,0,0,3,1,3,0,1,0,0,1,0,0,2,0,0,2,4,1,5,2,0,0,0,0,0,0,0,0,2,2,0,0,0,2,0,0,1,1,0,0,0,0,0,0,0
0,1,0,0,0,0,1,0,0,0,2,0,0,0,1,2,1,0,1,1,0,3,1,0,1,2,0,1,0,0,0,0,4,3,0,1,2,0,3,0,2,0,0,0,0,2,0,0,0,0,2,0,2,2,0,0,0,0,4,0,0,1,0,0,0,0,2,0,0,1,3,1,0,0,1,1,1,3,0,0,0,0,0,0,0,1,0,0,2,1,0,1,2,0,0,0,1,0,3,0,0,0,5,0,0,0,2,0,0,1,0,4,0,1,0,1,2,0,3,1,2,0,0,0,48,129,218,254,251,255,203,162,38,1,2,0,1,1,2,0,0,0,0,0,0,1,0,0,99,143,203,201,253,252,254,254,152,70,0,0,1,1,0,0,0,0,0,1,1,0,0,0,2,0,0,2,255,253,245,199,143,100,86,0,3,4,1,0,0,0,1,0,0,0,0,0,0,0,1,0,1,2,4,2,170,251,205,0,2,0,0,0,3,0,1,0,0,1,0,0,1,0,0,0,1,0,0,1,0,0,0,0,20,223,235,30,1,3,1,1,3,0,0,0,3,0,0,1,0,1,1,0,0,1,1,1,2,0,0,2,1,121,255,51,3,0,1,3,1,2,0,0,1,0,0,0,0,1,0,0,0,0,0,4,2,2,1,0,1,122,254,88,51,54,51,10,0,2,2,0,0,0,0,0,0,0,1,0,0,0,0,0,2,2,3,0,20,224,250,253,254,253,254,172,83,1,1,1,4,0,0,1,2,1,0,0,0,0,0,0,0,0,0,21,214,255,202,162,100,102,202,225,255,255,53,7,0,0,0,4,2,0,0,1,1,0,0,2,0,0,0,59,253,172,0,0,0,1,0,19,111,189,251,212,43,0,0,0,2,0,2,0,1,2,0,0,0,0,0,0,2,0,1,0,3,0,0,0,0,1,104,205,233,51,0,0,1,2,0,2,1,2,0,0,0,0,1,2,1,0,0,1,0,1,2,0,0,0,0,20,214,231,83,0,2,1,0,0,3,2,1,0,1,1,0,0,0,2,1,0,1,0,0,2,0,0,0,0,64,203,234,110,2,0,1,0,0,2,3,1,0,0,4,0,2,0,1,1,0,2,0,0,0,0,0,2,1,20,213,250,3,0,0,2,0,2,1,1,0,0,0,0,0,0,0,0,2,2,0,0,0,0,2,3,1,0,153,252,0,0,0,0,0,2,0,0,1,2,0,0,1,1,2,0,4,1,2,0,0,0,0,0,0,43,234,211,0,0,0,4,0,0,1,5,0,0,0,1,117,95,0,1,1,0,1,1,1,0,4,0,34,175,247,41,0,2,0,3,0,0,0,0,0,0,1,83,254,152,1,0,0,2,1,0,17,102,101,183,236,214,80,0,0,0,3,0,1,0,0,1,2,3,0,83,255,253,237,153,153,192,176,251,255,254,253,212,143,17,0,0,0,0,2,2,3,2,1,3,0,0,0,0,74,148,150,231,253,211,192,149,132,49,51,7,0,1,1,0,0,0,0,0,0,0,0,0,0,4,1,2,0,0,2,0,0,0,0,0,0,0,0,2,0,0,0,1,3,0,0,0,0,1,2,2,0,1,0,0,0,0,0,0,2,1,1,0,0,0,0,2,0,0,0,2,0,0,4,0,0,3,1,0,0,0,0,2,0,1,0,0,0,0,2,0,0,1,0,3,0,1,0,0,3,2,0,0,1,0,2,2,3,0,0,0,2,0,1,1,0,0,0,2,1,0,0,0,0,4,2,0,0,2,3,0
0,0,2,0,1,2,0,1,0,0,1,1,2,0,4,1,0,0,5,0,0,2,0,0,0,0,0,0,0,0,1,0,4,4,3,2,0,0,0,1,2,3,0,1,3,0,0,1,1,0,0,0,2,3,0,2,3,1,5,2,2,0,1,0,5,0,2,2,0,0,1,0,1,0,2,1,0,0,0,0,0,1,0,1,0,0,0,0,0,2,3,0,0,2,0,0,2,0,0,3,1,0,1,2,2,1,0,0,0,2,1,0,4,0,0,1,0,0,1,0,3,1,0,0,1,3,1,0,1,0,0,1,0,0,2,0,0,0,0,0,2,1,0,3,0,0,1,0,1,0,0,1,0,0,1,0,0,0,0,0,1,0,0,0,0,0,0,1,3,0,2,0,0,0,1,0,1,2,3,64,145,226,252,205,121,0,1,1,0,0,0,0,5,0,1,0,0,4,1,0,0,0,1,1,0,27,201,252,255,225,217,234,252,86,0,0,1,1,0,3,0,1,0,0,1,0,1,0,1,0,2,0,20,207,255,223,69,16,0,27,204,174,2,87,38,2,2,2,0,0,0,0,1,0,0,0,0,1,0,0,138,255,226,9,1,1,0,0,35,28,79,249,255,7,4,0,0,1,0,1,0,0,0,0,0,3,3,88,250,237,13,0,0,0,1,2,1,43,237,251,174,0,3,1,1,0,2,0,0,0,4,0,0,0,0,132,254,192,0,2,2,0,0,0,0,17,239,252,160,0,0,0,0,1,0,1,1,1,1,0,0,0,0,168,253,74,1,0,1,0,1,1,0,85,247,253,77,0,0,0,0,0,0,0,1,0,2,0,0,0,9,250,252,46,2,1,0,4,0,0,4,220,253,241,31,0,1,0,0,0,0,1,1,0,3,1,0,0,10,252,252,46,1,0,0,0,0,6,77,252,254,147,1,0,0,0,0,0,1,0,0,0,2,1,0,0,4,221,255,118,2,1,0,0,24,117,254,253,252,47,2,0,0,1,0,1,0,0,1,0,0,0,1,0,0,27,243,252,185,104,144,157,220,245,239,254,225,22,0,0,1,0,0,6,0,0,0,0,1,0,0,1,0,0,79,200,255,254,250,216,155,65,246,255,155,3,0,1,0,1,2,1,2,0,0,0,0,0,0,2,1,0,0,6,57,56,52,2,1,39,252,254,74,0,0,1,0,0,0,0,0,0,1,0,0,0,2,0,0,0,1,0,0,0,1,0,0,63,252,250,19,0,0,2,0,2,2,0,0,0,1,0,1,0,1,3,2,0,3,0,0,3,2,0,3,147,254,251,17,2,0,0,0,0,0,0,0,2,3,3,0,0,2,0,1,0,1,1,0,0,2,0,31,239,252,192,2,1,0,1,0,0,0,2,0,0,0,0,0,0,0,0,0,0,0,0,2,0,1,0,68,255,255,115,2,1,0,0,0,0,0,3,2,0,0,0,0,0,1,2,0,1,2,1,1,0,1,0,87,255,243,4,2,0,2,2,5,0,0,0,1,1,0,0,0,0,2,0,0,0,1,0,0,0,3,3,172,252,199,2,3,3,0,0,3,2,1,0,3,4,0,0,0,0,0,0,0,0,0,1,0,1,0,0,253,255,150,0,1,1,0,1,2,3,2,4,2,0,0,0,3,2,0,0,1,1,2,1,0,0,0,0,0,1,3,0,3,1,1,0,3,0,0,0,1,0,1,1,1,0,0,1,0,1,0,2,0,0,1,0,0,0,1,0,2,1,0,0,0,0,1,0,1,1
0,0,0,0,2,0,0,3,0,0,0,0,0,1,0,1,0,0,2,0,2,3,0,1,2,0,1,2,0,0,3,1,2,0,0,0,0,0,1,0,0,3,0,0,0,0,0,0,0,0,1,0,1,0,1,0,2,0,0,0,0,0,0,0,1,0,5,0,0,0,0,0,0,1,0,0,0,1,0,2,0,1,0,0,0,0,1,0,0,1,0,0,2,1,0,0,0,0,0,0,0,0,0,3,0,0,1,0,0,0,0,2,0,2,1,0,0,2,0,1,3,0,1,1,1,1,0,1,0,2,0,1,0,1,0,2,1,2,3,0,1,2,1,0,0,0,0,0,1,1,0,0,3,3,0,2,1,0,0,1,0,0,0,5,0,0,0,3,0,0,1,1,3,2,1,0,2,0,2,3,0,3,2,2,0,0,0,1,0,0,3,0,2,1,4,3,2,0,3,0,72,246,255,253,253,245,169,166,137,23,80,56,3,0,0,0,0,2,2,0,3,1,2,0,0,3,0,0,106,255,252,253,255,252,253,254,254,248,252,249,197,116,68,39,2,3,1,2,3,0,0,3,2,4,2,1,5,98,135,108,104,111,191,192,193,232,255,255,253,252,255,241,129,0,1,0,0,0,1,1,3,0,0,0,0,4,0,0,0,0,0,0,0,47,118,115,203,253,255,254,239,13,0,0,2,0,0,1,0,0,1,0,0,0,0,1,0,0,1,0,0,0,0,0,7,32,156,255,252,129,0,0,0,0,0,3,1,0,0,0,0,1,3,0,0,0,0,0,0,0,0,0,0,2,33,253,241,35,0,0,0,4,0,0,0,0,0,4,0,1,1,1,0,0,0,0,2,0,1,0,0,1,115,255,252,118,0,0,1,1,3,0,2,4,0,0,0,2,2,0,3,1,0,2,2,0,0,1,1,34,243,254,242,16,1,0,1,1,1,3,1,0,1,0,3,1,0,0,0,0,0,2,1,0,4,1,1,111,255,251,141,0,1,0,2,1,4,0,1,0,2,0,0,0,0,0,0,0,2,0,1,0,0,2,36,241,255,245,41,0,0,1,0,4,2,0,1,2,0,2,0,1,1,5,0,0,2,0,0,0,0,21,179,252,251,115,0,1,2,0,0,1,0,0,0,3,0,0,0,2,0,2,0,0,1,0,1,0,1,139,255,253,219,4,3,0,0,2,0,1,2,2,1,1,0,0,2,2,2,0,0,1,3,3,0,2,88,252,250,240,46,0,1,0,0,0,0,0,0,0,0,0,0,0,0,0,0,0,3,1,0,1,0,66,245,255,255,82,0,2,0,0,0,0,2,2,0,0,0,0,0,0,0,0,2,4,0,0,2,0,17,244,252,251,145,5,0,0,0,1,0,1,0,0,1,0,0,2,0,0,0,0,0,0,0,2,0,2,111,252,250,200,2,1,0,0,3,4,1,0,3,0,1,0,2,1,0,0,1,0,0,0,0,0,3,59,250,250,255,85,1,2,0,0,4,0,3,0,1,0,0,0,0,2,1,3,0,0,0,0,0,4,14,235,255,255,193,5,3,0,0,1,0,0,2,0,1,0,0,0,4,1,2,0,0,1,0,1,1,1,82,253,255,193,29,0,1,2,0,0,1,0,1,0,0,0,0,1,0,0,3,0,0,0,0,1,2,1,40,230,194,27,0,0,2,0,0,2,0,2,0,0,0,0,0,1,2,0,2,1,0,1,2,0,0,3,1,2,0,5,0,0,3,0,0,0,1,2,2,2,0,0,0,2
0,0,2,0,0,0,2,0,3,0,1,0,1,0,1,2,2,0,2,1,0,0,0,0,0,2,1,1,0,0,0,0,0,0,0,3,0,0,0,0,0,1,0,2,1,0,0,0,0,0,0,0,0,0,0,0,3,3,0,0,0,0,1,0,1,0,0,0,0,0,1,0,0,0,0,1,0,0,0,0,3,1,0,0,1,0,1,0,1,0,0,2,0,1,0,0,0,0,0,1,0,0,0,0,2,0,0,4,0,1,1,0,2,0,0,0,0,0,12,39,145,146,48,0,0,1,0,0,1,1,1,0,3,0,1,0,1,0,0,2,0,0,0,2,0,9,128,252,253,254,250,162,18,0,0,1,1,1,0,2,0,0,3,0,0,4,0,0,0,0,0,1,0,135,255,253,254,253,254,250,228,70,3,0,0,0,2,0,2,1,0,1,0,2,0,0,1,3,1,4,1,97,255,249,143,103,111,237,253,249,126,11,0,1,0,0,5,0,0,0,0,3,0,2,0,2,0,1,0,183,252,167,0,0,0,61,237,253,255,164,9,0,1,0,0,0,4,0,1,0,0,1,0,0,0,1,0,252,253,41,0,0,2,0,58,191,252,252,163,3,0,0,1,2,0,0,0,0,0,0,0,0,1,3,2,187,253,33,0,0,0,1,3,54,235,251,253,87,0,1,2,1,0,0,1,0,0,0,0,1,0,0,0,147,249,33,0,101,192,88,84,85,145,250,252,124,0,0,0,0,2,0,0,0,0,0,0,0,3,0,0,91,255,80,40,246,252,255,252,251,249,253,252,223,83,14,1,0,0,1,0,0,1,0,2,0,0,3,3,15,91,8,36,240,254,252,254,251,255,253,253,251,255,245,91,9,0,2,5,1,1,1,1,1,0,3,2,1,0,0,0,75,158,181,251,251,253,254,253,252,255,255,249,210,40,0,1,0,3,1,0,0,2,1,0,0,1,0,0,0,0,2,15,13,38,40,17,18,144,246,252,251,184,49,0,0,1,0,1,2,1,2,1,0,0,1,0,15,56,1,1,0,0,2,0,2,0,59,209,254,253,184,1,1,0,1,0,3,1,0,2,2,0,0,81,219,250,80,0,1,0,0,1,0,0,0,14,216,254,239,73,1,0,0,0,0,1,1,0,2,0,2,91,244,254,250,57,0,3,0,0,0,0,0,1,51,250,252,194,2,0,0,0,2,0,1,3,1,1,0,4,115,254,255,57,2,1,1,0,2,2,2,0,102,250,254,145,1,2,0,4,2,3,0,0,4,3,0,1,15,186,255,224,157,40,1,0,2,1,111,213,245,253,250,144,0,0,3,0,0,0,0,0,1,0,0,1,2,14,222,246,253,253,250,250,250,249,251,254,251,255,200,20,2,0,1,2,0,0,0,0,2,2,0,1,1,1,0,98,184,227,252,254,252,249,254,255,193,126,24,1,0,0,0,3,1,0,0,0,0,1,0,0,2,0,1,1,1,24,35,137,73,128,87,31,6,0,0,0,0,0,1,2,0,0,2,0,0,0,2,1,0,0,0,0,0,0,0,0,0,3,0,2,0,0,0,0,0,1,3,1,2,1,0,1,1,0,2,2,0,0,0,0,0,4,0,0,0,0,0,5,1,0,1,1,0,0,0,1,0,0,0,3,0,0,0,0,3,0,0,2,0,2,0,0,0,0,0,2,0,5,0,1,0,0,1,1,0,2,2,2,1,0,0,0,0,1,4,0,0,1,0,0,0,0,1,0,0,0,2,0,0,0,1
0,1,0,1,1,0,1,0,2,0,1,0,0,0,0,0,0,1,0,1,1,4,0,0,0,0,0,0,0,2,0,0,0,1,0,0,1,0,0,0,2,1,0,0,1,0,4,1,0,0,0,1,0,0,2,0,0,4,0,1,5,0,0,0,1,0,0,1,3,1,0,3,0,1,0,1,0,0,0,2,0,0,0,0,1,2,0,0,0,0,0,3,0,2,0,3,1,0,0,0,0,2,2,0,2,1,0,0,2,1,3,1,1,0,1,2,0,1,0,0,0,0,0,0,1,0,2,2,0,0,0,0,2,0,0,4,2,2,0,0,0,1,2,0,0,0,1,0,0,0,0,3,0,0,0,1,3,0,170,92,2,1,0,0,0,0,0,0,1,1,0,0,4,0,0,0,0,1,3,0,0,0,0,1,1,5,233,126,0,0,0,1,2,0,0,0,0,0,0,0,0,0,1,0,1,0,4,1,0,0,2,2,0,51,249,125,3,0,1,0,0,1,0,1,0,2,0,0,2,0,0,0,5,40,181,29,0,2,2,1,4,50,255,82,3,0,1,4,1,0,0,0,1,0,0,0,0,0,1,1,1,96,253,82,0,3,1,0,1,86,255,52,3,4,0,0,0,0,2,1,3,3,0,0,0,0,0,1,2,162,251,58,0,0,1,0,1,187,239,3,0,2,0,0,0,0,2,2,2,0,2,1,1,1,0,0,12,226,167,1,1,0,1,0,0,194,235,0,2,0,0,0,1,0,0,0,0,2,0,2,0,0,0,1,54,254,116,0,2,2,1,0,15,234,165,0,0,1,0,3,0,0,1,0,0,1,0,1,0,2,0,0,115,253,50,0,0,0,3,0,107,255,106,2,1,0,0,2,2,1,1,0,0,0,0,0,0,1,0,9,220,237,76,157,180,193,255,248,252,252,117,1,3,0,1,1,2,0,0,1,1,0,0,0,2,0,3,18,254,252,255,253,211,178,179,181,248,253,248,90,0,2,0,0,5,0,0,1,0,0,2,1,0,1,1,10,220,241,120,23,0,0,0,0,226,255,243,198,0,0,0,0,0,1,0,3,2,0,0,2,1,0,2,0,15,17,1,0,0,2,1,29,243,207,48,37,0,1,0,0,2,1,1,0,0,0,3,0,0,1,0,0,2,0,1,4,0,0,0,99,253,132,0,0,0,2,0,0,0,2,1,2,0,0,0,1,0,0,0,1,1,2,0,3,0,0,2,114,254,64,0,1,0,0,1,1,2,5,2,0,1,1,0,1,0,4,1,0,0,1,0,0,3,1,0,120,255,61,0,0,0,0,1,0,0,2,0,3,0,0,0,2,0,0,0,1,3,0,0,0,0,0,0,113,253,60,2,0,0,0,0,2,3,0,0,1,2,0,3,0,3,0,0,0,0,0,0,0,1,0,1,173,255,98,2,0,0,3,0,1,0,0,0,0,0,1,0,0,3,0,1,3,0,0,0,1,2,3,2,186,254,82,2,0,4,0,0,2,0,5,1,2,4,2,0,0,0,0,1,2,1,3,2,1,0,1,2,114,174,9,0,1,0,2,2,0,0,3,0,0,0,0,1,0,1,0,2,0,1,1,2,0,0,0,0,1,1,1,0,0,1,0,1,0,0,0,2,0,3,0,0,1,0,0,0,0,0,0,0,2,0,0,1,1,3,0,2,1,0,1,3,1,0,0,0,0,1,1,1,0,1,0,1,1,1,1,0,0,0,1,2,0,0,0,0,1,0,0,3,0,2,0,2,1
1,1,0,0,3,1,0,0,2,3,1,0,0,0,0,2,0,0,0,1,2,0,1,0,0,0,0,1,1,1,0,0,2,0,0,3,0,0,0,2,0,0,2,0,1,1,1,2,0,0,0,0,2,1,0,0,0,0,2,0,0,1,1,1,3,1,0,0,0,0,0,2,0,1,0,0,1,0,0,2,0,0,0,0,4,0,0,0,2,2,2,0,0,0,2,0,0,1,0,0,0,1,0,0,2,0,0,0,0,0,4,0,0,0,0,1,1,0,3,0,0,0,0,2,0,0,0,1,0,0,0,0,0,3,0,2,0,0,2,1,3,4,0,1,2,4,2,0,0,0,0,0,0,0,0,0,3,0,0,0,0,1,0,3,0,1,0,2,2,0,0,0,0,0,1,0,0,0,1,0,2,0,2,33,142,191,46,1,0,0,0,1,2,0,0,3,0,4,0,4,1,0,0,1,1,1,1,2,3,39,146,238,255,254,226,49,76,45,0,0,3,0,2,1,0,0,0,0,1,0,0,0,4,0,3,3,42,229,253,253,254,255,252,240,254,193,5,0,0,0,5,1,1,1,1,0,4,0,2,3,2,0,25,128,253,255,250,239,252,254,255,255,255,238,3,0,1,1,0,0,0,0,1,0,1,0,2,0,0,0,154,255,252,246,103,73,196,252,254,254,234,57,0,1,0,1,0,0,0,0,0,0,2,0,0,0,2,174,254,252,207,50,118,217,254,254,255,254,185,0,0,0,0,0,1,1,0,0,3,1,0,0,0,3,114,250,255,216,88,248,255,253,254,255,255,220,29,4,0,3,0,0,2,0,1,0,2,0,2,4,2,3,228,255,254,253,255,254,236,129,194,254,253,118,2,1,0,2,0,0,1,2,2,0,0,0,0,2,2,0,195,254,255,241,236,132,16,45,246,255,200,15,1,0,0,2,0,1,1,0,2,1,0,3,1,0,2,2,12,93,87,42,0,0,12,172,254,242,38,0,0,0,0,2,2,3,0,0,3,0,0,4,4,2,0,0,0,0,0,1,0,1,93,254,251,156,3,0,0,1,2,0,1,0,2,1,0,0,3,2,0,0,0,0,0,0,0,0,0,18,210,255,226,5,0,0,2,2,0,2,1,0,2,0,0,0,0,0,2,0,0,0,0,0,0,0,2,201,253,253,99,0,3,0,2,2,1,0,1,0,0,0,0,1,0,0,1,0,0,1,2,1,0,0,35,240,253,179,3,1,0,0,0,0,0,3,0,0,0,0,0,1,2,0,0,0,0,0,0,1,0,26,222,252,229,28,1,1,0,1,1,0,0,3,0,0,4,0,0,0,0,0,1,0,0,0,0,0,0,74,254,254,129,0,0,2,4,0,0,0,0,0,2,0,0,0,0,1,0,0,0,0,3,1,2,0,51,239,255,250,51,0,0,2,0,0,0,4,0,1,0,0,0,0,0,0,1,1,0,1,0,0,0,5,185,255,252,234,44,1,0,2,0,0,0,3,0,1,0,0,1,6,0,3,1,0,2,1,0,0,2,110,254,255,231,47,0,0,3,0,0,1,0,0,0,0,0,1,1,0,0,1,0,2,0,0,0,0,1,111,240,128,27,1,3,0,0,0,0,2,0,0,3,1,0,0,0,0,0,0,0,0,2,0,0,1,0,2,0,3,0,3,1,2,0,0,1,0,4,2,0,0,1,0,0,0,0,1,2,0,2,0,2,0,0,0,0,0,1,0,2,2,0,2,1,1,0,3,0,0,3,0,0,0
3,0,5,0,0,1,0,0,0,0,0,0,0,0,0,0,0,0,1,0,0,0,5,2,3,0,0,0,0,2,3,1,1,0,0,0,0,2,0,0,0,2,0,0,0,4,1,0,0,0,0,2,2,0,0,5,0,0,0,0,2,1,0,2,0,0,0,0,2,0,0,0,0,4,0,0,0,0,0,4,0,2,2,0,2,1,0,0,1,0,0,0,0,3,2,0,46,183,252,241,51,0,0,0,0,0,1,0,0,1,0,0,0,1,0,3,0,2,0,2,5,0,0,0,182,250,253,232,165,0,2,0,1,2,1,1,1,0,3,0,0,0,0,5,3,2,0,0,1,0,1,64,236,255,139,35,59,0,0,0,0,0,0,0,3,0,1,0,0,2,0,2,1,0,2,0,2,0,19,235,252,178,4,1,0,0,0,0,2,0,3,0,0,2,0,0,1,2,0,0,2,0,0,0,0,0,76,251,254,58,2,0,0,0,0,0,5,0,1,0,0,0,0,0,1,0,0,0,1,1,1,0,0,1,139,255,174,0,0,1,1,1,1,0,2,0,0,0,2,0,0,3,0,0,0,0,0,0,0,0,0,20,213,253,67,1,1,0,2,0,1,0,0,0,4,0,2,0,0,0,0,1,3,2,2,0,0,0,3,114,253,237,51,0,1,2,0,0,0,0,2,1,0,0,0,0,4,0,0,3,0,0,1,0,4,0,0,156,254,209,2,2,0,1,0,1,2,1,1,0,2,1,2,2,1,0,0,0,1,2,1,0,1,3,0,231,250,104,0,0,1,1,0,0,0,0,0,1,2,0,2,0,0,0,1,2,0,0,0,3,0,0,1,228,255,182,141,183,255,255,255,221,97,5,5,0,0,1,0,0,0,0,0,0,0,0,0,0,0,0,2,234,253,253,251,251,252,213,252,251,252,115,0,1,1,0,0,0,4,0,0,1,0,0,2,3,0,1,0,229,252,244,181,87,69,8,68,167,253,251,86,3,0,0,1,1,0,0,0,0,0,1,0,0,1,0,0,135,255,154,1,1,2,0,1,13,213,250,115,0,0,3,2,0,0,2,0,0,0,0,3,0,0,0,1,118,253,207,0,3,2,0,0,0,155,251,116,1,0,1,1,0,2,0,0,0,3,0,2,2,0,0,0,107,255,209,7,1,0,0,1,47,234,254,116,0,0,0,2,0,1,0,1,0,1,0,0,0,2,5,1,1,159,252,154,8,0,0,31,199,253,253,95,0,1,0,0,0,0,0,1,2,1,0,0,0,2,0,0,1,15,227,253,154,70,84,229,254,228,129,2,0,1,3,4,0,0,0,0,1,0,0,1,0,0,0,0,0,0,46,227,255,250,255,251,186,50,0,1,2,1,0,0,0,1,0,3,0,1,0,1,0,1,0,1,0,0,1,50,177,253,190,116,5,2,2,0,0,4,0,0,0,0,2,0,1,0,0,0,1,0,0,1,1,2,0,0,0,0,1,2,3,2,0,1,2,0,0,0,1,0,0,0,0,1,2,0,0,2,2,0,0,1,0,0,4,0,5,0,2,0,0,1,2,0,0,0,0,0,0,0,0,2,0,1,1,3,0,0,0,4,2,0,0,0,2,1,2,0,1,0,2,2,1,0,0,0,3,0,0,0,0,0,0,0,0,2,4,0,0,0,0,0,0,0,0,0,0,0,0,0,0,0,0,5,1,2,1,2,6,1,1,0,1,2,0,3,0,0,3,1,0,1,0,0,0,1,0,0,0,1,1,2,0
0,4,0,3,0,0,5,0,0,0,0,1,0,1,0,5,1,1,2,1,1,0,0,0,4,3,0,3,0,1,0,0,0,3,0,0,0,0,0,0,0,3,2,0,0,1,0,0,0,0,2,0,0,2,2,1,0,1,1,0,0,2,1,0,0,0,0,0,0,1,0,1,2,1,0,0,0,0,0,0,0,0,0,0,3,0,0,0,1,3,0,0,0,114,253,60,0,0,2,0,0,0,0,0,0,0,0,2,1,1,2,0,0,3,0,3,3,0,4,3,1,223,255,57,0,4,1,2,0,0,3,0,2,0,0,0,3,0,2,0,0,4,0,0,0,1,0,0,31,252,114,0,0,0,0,0,0,0,1,2,3,0,0,0,1,0,0,1,0,0,1,0,1,1,0,0,111,252,86,0,0,0,0,0,2,0,0,0,2,0,1,0,0,0,0,2,0,0,1,4,0,0,0,0,194,255,26,3,0,2,1,0,0,0,0,3,0,1,2,0,0,0,4,1,0,0,0,0,0,0,0,31,255,225,0,0,0,1,0,2,0,1,0,2,0,1,0,0,1,0,0,2,0,0,2,0,2,2,0,138,255,141,2,0,2,0,2,0,58,88,87,140,55,0,0,0,0,0,0,0,0,0,2,0,1,2,2,170,255,85,0,0,0,1,0,57,226,254,253,255,255,57,0,0,0,0,1,0,0,3,0,0,0,0,0,169,255,87,0,3,0,2,1,171,255,255,116,55,226,199,0,3,0,0,2,0,0,1,3,2,0,0,0,170,255,86,0,0,0,0,59,254,255,87,2,1,169,255,0,1,1,0,0,0,0,1,3,1,1,2,2,172,253,86,2,0,0,0,168,254,89,0,0,0,171,255,84,0,1,0,4,3,1,1,0,0,1,1,0,140,255,112,2,0,0,31,254,197,0,0,0,1,170,251,86,0,0,0,0,1,0,2,0,1,2,0,2,31,253,253,0,0,1,168,255,114,0,1,1,0,200,225,1,4,1,0,2,0,0,1,0,0,2,0,0,4,197,255,114,0,1,174,252,86,0,0,0,84,255,115,1,0,0,0,2,1,3,1,1,2,0,0,0,0,86,255,251,171,56,255,255,29,1,0,86,224,226,30,4,0,0,0,2,1,2,1,3,0,0,2,2,0,0,113,228,253,255,252,255,86,84,170,255,255,58,0,0,0,0,2,0,0,0,3,0,0,0,0,0,0,2,0,28,143,255,255,254,255,255,255,202,28,1,1,2,0,0,0,3,0,0,0,0,0,1,0,0,0,1,1,4,2,0,227,255,255,140,87,0,1,2,0,3,0,0,1,1,2,1,4,1,1,0,0,0,0,0,0,0,1,1,141,255,255,169,171,56,0,0,3,0,0,1,3,0,0,0,2,0,0,0,1,0,1,0,0,0,1,0,2,141,223,170,112,28,0,0,0,1,0,0,1,0,1,1,0,0,0,1,1,0,0,1,0,0,0,4,0,4,0,0,0,2,0,1,0,2,3,1,0,0,0,3,0,1,3,0,0,0,0,0,0,0,0,0,4,0,0,0,1,0,0,0,0,1,1,0,2,3,1,0,0,2,0,1,2,1,0,0,0,1,1,0,0,0,0,0,0,0,2,0,0,1,0,0,1,0,0,2,0,1,4,3,0,0,1,0,0,1,0,1,0,2,2,1,0,1,0,0,0,1,0,1,0,0,0,4,1,0,0,1,0,1,0,0,1,1,0,0,0,1,0,2,1,1,0,0,0,0,1,0,1,0,0
0,0,3,0,1,4,0,0,0,1,2,0,0,2,0,1,0,0,0,3,0,0,0,0,0,2,0,0,0,0,0,0,0,0,1,0,0,0,0,1,0,0,0,0,0,0,0,0,2,0,0,0,0,0,0,0,0,0,1,3,0,0,0,2,1,1,0,4,0,0,0,0,2,0,1,2,2,1,0,0,0,0,0,0,0,1,0,0,0,0,1,1,0,0,0,0,0,1,0,0,0,1,2,0,0,0,0,0,0,0,1,0,3,3,1,0,2,1,0,1,1,0,0,0,2,0,0,0,0,0,1,0,0,0,0,0,3,0,0,0,0,1,1,0,5,0,0,1,0,1,2,0,0,0,0,1,66,152,235,254,255,254,254,251,52,2,0,0,0,1,2,0,0,1,2,0,2,0,0,0,0,83,163,239,253,255,217,139,87,43,152,255,132,0,0,0,0,2,1,0,0,0,1,0,0,1,0,139,246,253,253,213,168,55,5,0,1,2,100,191,3,1,0,0,0,1,0,0,0,1,1,0,1,0,0,233,255,170,54,3,2,3,3,2,0,1,33,8,0,0,1,3,2,0,4,0,1,1,3,0,0,0,3,177,251,94,1,0,0,2,1,4,2,0,0,0,0,1,0,0,0,0,2,0,0,0,2,4,0,0,37,244,223,12,3,0,0,0,0,1,0,0,1,0,0,0,0,2,1,0,0,0,4,0,2,0,1,0,143,255,150,0,0,0,0,1,4,0,2,0,0,0,0,0,1,0,0,0,1,2,3,2,0,0,0,1,151,251,110,0,0,0,0,0,0,0,0,0,3,0,0,1,2,0,3,2,1,0,0,1,0,5,1,3,228,245,36,1,3,2,2,0,1,3,1,0,0,0,0,2,0,3,0,3,0,0,0,1,0,1,1,11,239,202,44,40,45,44,10,0,0,0,1,0,0,0,0,0,0,2,2,0,0,1,1,1,0,0,1,69,255,252,253,255,253,255,203,84,8,0,1,0,0,0,1,0,0,0,0,0,0,0,0,0,0,0,1,39,184,171,134,135,161,210,254,255,166,9,4,1,0,0,0,0,0,5,0,1,1,0,2,0,0,0,0,2,1,1,2,3,0,7,51,178,253,127,0,0,0,0,1,0,0,0,1,0,0,0,4,0,1,1,1,2,0,0,0,1,0,0,29,210,254,105,1,0,0,1,0,0,2,0,0,2,2,0,1,0,1,1,3,5,0,0,0,0,1,63,206,252,192,11,1,1,4,0,0,0,1,0,2,0,1,0,0,0,3,1,0,0,3,8,0,8,134,245,252,199,52,3,2,1,1,0,0,1,0,0,2,3,1,1,0,0,0,0,1,13,87,120,148,225,252,243,127,13,0,0,0,2,4,0,0,1,0,0,0,2,0,0,0,0,0,5,119,251,212,245,255,251,200,52,0,2,0,2,1,2,0,0,4,1,2,0,3,0,0,0,1,1,0,136,255,253,255,248,206,72,1,1,1,1,2,0,0,1,0,0,2,1,1,0,0,1,1,1,0,0,1,80,164,201,89,3,1,0,3,0,1,1,0,0,2,0,1,2,2,0,0,4,0,0,0,2,0,0,2,0,1,0,0,0,0,1,0,0,0,3,0,2,0,1,3,1,2,1,0,1,0,0,1,0,1,1,0,0,0,0,1,0,0,0,0,2,0,0,0,1,0,3,0,0,0,0,0,0,0,0,1,0,0,1,1,0,0,0,0,0,0,0,0,0,3,0,0,2,1,1,1,0,1,2,4,4
0,0,0,0,0,0,2,1,3,1,1,0,0,2,0,0,1,0,0,1,0,0,2,2,0,0,0,0,0,0,0,1,0,0,0,1,0,0,0,0,4,0,1,0,1,3,5,0,0,0,0,3,0,2,1,0,0,0,0,1,0,2,2,0,0,0,0,2,0,3,2,0,2,2,0,1,0,0,0,0,0,0,0,1,0,0,3,2,1,2,4,0,0,1,0,1,1,0,0,1,0,0,2,0,0,2,0,0,0,0,0,0,2,0,0,2,0,2,2,0,0,0,3,0,0,0,1,0,1,1,0,0,3,0,1,0,1,2,5,0,0,0,0,1,1,2,0,0,0,0,0,199,61,0,1,0,0,0,0,0,0,2,1,0,0,0,0,3,2,0,2,1,0,1,2,0,3,3,50,243,42,0,0,0,0,4,2,1,0,1,2,0,0,3,0,0,1,2,0,0,0,3,1,0,0,1,188,239,22,1,0,0,132,82,0,0,1,1,1,3,2,0,0,0,0,1,0,1,0,2,0,1,1,87,210,29,0,2,0,0,128,170,3,0,1,0,0,0,0,1,1,2,0,0,0,2,0,0,3,4,3,126,118,1,0,0,1,2,90,208,3,3,3,0,0,0,1,0,0,0,0,0,0,1,0,3,2,1,29,234,109,0,2,0,0,0,92,242,31,0,0,0,0,2,0,0,1,0,0,2,2,0,0,0,0,0,117,222,20,0,0,0,0,1,168,245,58,0,0,0,0,0,3,0,0,1,2,1,0,2,0,1,0,30,238,123,0,1,2,0,0,41,252,139,0,2,2,0,3,0,1,0,0,0,1,0,0,0,1,2,0,129,245,20,2,0,3,0,0,14,232,133,0,0,0,0,0,0,1,0,0,0,1,1,0,0,0,0,15,252,178,2,0,3,1,0,2,3,165,134,1,1,0,2,3,0,0,0,0,3,2,0,1,0,0,0,8,189,230,139,101,19,4,2,4,0,112,212,31,34,32,3,0,0,0,0,2,1,1,0,0,0,0,0,0,8,87,126,195,218,207,211,212,209,229,255,255,206,119,6,0,3,2,2,0,0,0,3,0,1,4,3,0,2,0,0,0,10,13,39,91,92,195,241,35,4,0,3,0,0,0,0,0,1,1,0,1,2,0,1,3,0,2,2,0,0,0,3,2,0,164,234,16,0,0,2,0,0,2,0,0,0,3,2,2,3,0,3,0,0,0,0,0,4,0,1,1,4,165,146,0,0,3,2,0,0,0,1,0,2,0,0,0,5,4,1,3,0,0,0,1,1,0,0,1,3,91,187,0,0,0,1,0,0,0,1,0,0,1,1,0,0,1,0,2,2,2,1,0,0,2,0,1,2,90,237,32,0,0,0,0,0,0,0,0,0,0,0,0,2,0,0,0,0,0,2,0,2,1,0,5,0,17,252,60,2,0,0,4,4,0,0,1,0,0,0,1,0,6,0,3,0,2,0,0,2,0,1,0,0,4,207,220,0,0,0,1,0,0,0,1,3,0,0,0,1,1,0,0,2,0,3,0,0,1,1,0,4,0,106,166,2,0,1,1,0,0,0,0,1,0,2,1,6,1,3,0,0,0,2,0,0,1,2,0,3,0,0,1,2,0,0,0,1,0,0,0,3,0,0,1,2,1,5,0,0,0,0,0,2,0,0,1,4,0,0,0,0,1,2,0,1,2,0,0,0,0,0,1,0,1,1,0,1,0,2,0,0,1,3,2,0,1,1,0,0,0,0,0,0,2,3,1,0
0,0,0,0,1,0,0,0,2,0,2,0,3,0,0,4,0,1,0,0,0,1,3,0,0,0,0,0,0,0,0,4,0,1,0,1,0,3,0,0,2,1,1,1,0,1,0,1,2,5,0,0,0,0,0,0,0,3,0,2,1,0,0,0,0,3,0,4,2,0,1,0,0,2,0,0,2,0,2,0,0,0,1,0,0,0,1,0,2,1,3,0,4,1,0,0,0,0,0,1,0,0,1,1,0,2,0,0,2,1,0,0,0,0,1,0,0,0,0,0,0,0,0,1,0,2,82,192,84,79,77,76,11,2,0,0,0,1,2,0,0,2,3,0,0,2,1,0,0,0,2,0,0,8,252,252,255,252,250,255,151,0,0,0,0,1,2,0,0,0,2,2,2,0,0,1,1,11,66,57,0,8,250,252,254,250,253,253,250,237,60,0,3,0,0,0,1,0,1,2,2,0,0,3,2,142,254,244,86,4,162,254,254,254,255,254,252,251,62,3,0,3,2,0,1,0,0,0,0,0,2,12,144,247,254,254,147,1,73,210,251,252,254,254,254,254,213,1,2,0,0,0,0,0,0,0,2,0,2,147,255,252,251,255,200,33,2,0,163,251,142,194,252,253,243,78,0,0,0,2,0,0,2,0,0,10,137,251,253,253,253,255,251,68,1,0,15,49,7,26,201,253,252,156,0,1,0,0,2,0,3,1,0,81,255,252,255,251,254,252,209,41,0,2,3,3,0,1,38,252,255,195,33,1,1,0,1,0,0,0,0,89,252,253,252,254,255,236,40,0,1,0,0,0,0,0,41,254,252,253,76,0,0,0,2,0,0,1,1,253,252,252,254,254,252,164,1,1,0,0,2,0,0,0,209,255,253,254,78,0,0,0,2,2,2,1,0,255,253,252,252,255,173,15,2,0,0,0,1,0,4,0,211,248,247,253,80,0,0,3,0,0,1,3,3,255,253,253,251,210,3,0,0,0,0,2,0,42,229,245,252,255,253,156,4,0,3,0,1,0,2,0,0,254,251,253,254,209,3,3,2,0,0,100,146,210,250,252,253,255,242,66,0,2,0,0,0,1,0,0,1,255,253,250,252,215,51,52,52,182,229,245,254,253,251,255,254,255,75,0,0,0,0,3,0,2,0,0,1,164,251,253,255,253,250,255,255,255,251,252,250,255,252,253,252,191,30,0,0,0,0,2,0,0,0,0,0,80,254,251,254,255,251,251,251,255,254,255,252,251,253,233,190,26,0,0,0,1,0,0,1,0,1,0,0,43,212,255,251,251,254,249,254,253,254,255,254,251,228,65,0,1,2,4,1,2,0,3,4,0,0,2,0,1,38,227,252,252,250,253,254,252,250,255,249,234,63,0,3,3,0,0,0,3,1,1,4,0,0,0,0,0,0,37,210,252,252,255,251,248,251,190,114,1,0,0,0,2,0,0,2,0,0,0,1,0,0,0,2,3,0,0,42,108,252,252,179,78,77,27,2,1,2,2,0,2,0,0,1,2,1,0,1,0,0,0,0,2,0,0,1,2,0,1,0,0,0,0,2,0,0,1,0,0,2,1,0,0,0,0,2,0,0,0,1,3,0,0,3,0,0,0,0,1,0,0,0,1,0,0,0,1,0,0,0,1,0,0,0,0,1,3,0,0,0,0,2,2,3,0,0,0,0,0,0,0,2,0,0,1,1,3,3,1,3,0,0,2,0,0,0,1,0,0,0,0,0,0,0,0,0,2,0,0,0,0,0,2,0,0,1,0,0,0
0,0,0,0,1,0,0,0,2,1,0,0,0,1,1,0,5,2,0,0,3,2,0,0,0,1,0,2,0,0,0,0,0,0,2,1,0,0,0,0,0,0,0,0,3,0,2,0,0,0,0,2,2,0,0,0,0,0,0,0,1,0,0,0,0,2,0,0,1,0,0,4,1,0,1,1,2,0,2,1,0,0,0,4,0,0,2,0,0,0,2,2,0,0,3,1,0,1,0,2,1,2,0,0,1,1,0,2,0,0,0,1,0,0,1,0,3,0,0,0,4,0,0,0,1,0,0,1,0,0,3,0,2,2,0,0,0,0,1,1,1,0,0,0,0,0,0,1,4,0,2,0,0,0,1,0,0,0,0,0,0,0,0,0,1,1,0,0,0,4,0,0,1,1,3,0,0,3,0,0,2,1,2,2,1,1,1,0,1,1,0,0,0,0,0,2,0,0,0,0,0,3,0,0,0,0,0,0,2,0,0,0,1,0,3,1,0,1,0,0,0,0,0,0,1,1,0,0,0,0,24,1,0,1,13,91,173,251,252,253,251,252,62,0,0,1,1,0,0,0,0,3,0,0,0,0,0,0,143,0,23,101,214,252,234,150,133,127,254,252,141,1,0,1,0,0,3,0,0,0,2,0,0,0,0,167,152,153,216,231,183,103,4,1,2,0,130,252,255,48,0,2,0,1,0,0,0,1,0,0,0,0,81,242,254,253,131,33,0,0,0,1,0,0,10,212,252,129,3,0,2,0,0,1,0,0,2,0,0,2,124,203,104,23,1,0,0,0,0,0,0,0,0,202,255,148,0,1,0,1,1,0,1,2,1,0,0,0,1,1,1,0,2,0,0,0,2,0,1,3,0,157,253,152,0,0,2,3,0,0,0,0,0,0,0,0,0,0,0,4,0,0,1,0,0,2,0,0,0,102,255,158,0,0,2,0,0,1,5,1,0,0,4,0,0,1,0,1,0,1,0,0,1,0,3,0,1,102,250,153,0,4,3,3,4,0,3,0,1,0,2,0,2,0,2,1,0,2,0,0,0,2,1,0,2,162,255,91,0,0,0,0,1,0,0,0,1,4,4,0,0,1,0,0,1,0,1,0,0,1,0,0,0,203,255,50,0,1,0,0,0,0,0,0,0,0,1,0,0,0,0,0,2,2,0,0,1,1,2,0,0,200,201,0,0,0,0,1,2,2,0,0,3,1,1,1,0,1,3,2,2,0,0,1,1,2,0,0,19,224,122,0,0,1,0,0,2,1,1,3,0,0,0,0,0,1,2,0,0,1,0,0,2,3,1,3,72,247,102,0,0,0,0,0,0,0,0,2,0,0,1,0,1,0,2,0,3,0,0,0,0,0,3,1,231,254,100,0,1,0,0,1,0,0,1,0,0,0,1,2,1,0,2,0,0,0,0,0,0,1,1,0,255,234,6,4,0,0,0,0,0,0,0,4,1,1,1,0,0,0,3,0,0,2,0,3,0,1,2,40,252,149,0,0,0,0,1,0,3,0,0,0,0,2,0,2,0,2,2,1,0,1,0,2,0,0,1,124,252,50,0,0,0,0,0,0,0,0,1,3,1,1,0,0,0,3,1,0,0,2,0,0,0,1,21,222,230,30,0,0,1,0,0,0,0,1,0,0,2,0,3,0,1,0,0,2,2,0,1,0,0,0,51,254,184,0,1,0,0,2,2,3,0,2,1,0,1,0,1,0,0,2,3,4,0,3,0,4,0,2,52,250,20,0,1,0,0,0,2,0,0,0,1,0
0,0,0,0,0,1,0,1,0,2,1,0,0,1,0,1,0,0,0,0,0,1,0,1,2,0,0,0,0,0,0,2,0,0,0,0,0,0,0,0,0,1,0,0,0,0,1,0,1,0,1,1,1,2,0,3,2,0,1,0,0,2,5,0,0,0,0,2,1,0,0,1,0,0,0,0,0,0,0,3,1,0,0,2,2,0,1,0,3,0,2,0,1,1,1,3,0,0,0,0,0,0,0,0,1,0,0,2,0,0,0,0,0,1,0,0,0,0,1,0,3,0,0,2,0,0,0,2,1,1,0,0,0,1,0,0,0,1,0,2,1,0,0,0,3,0,0,0,0,0,0,0,223,117,0,3,0,0,0,0,1,0,2,0,1,0,0,0,0,0,0,2,0,0,0,0,0,0,1,53,254,146,0,0,0,0,22,230,134,0,1,0,0,1,0,0,0,2,1,4,0,0,3,0,0,0,0,166,253,114,0,0,0,0,25,255,182,3,0,2,0,1,2,4,1,2,0,1,4,0,0,0,3,0,51,233,255,82,0,0,1,2,91,254,184,1,1,0,0,0,1,0,0,1,1,2,4,1,0,0,0,13,223,255,160,0,0,1,1,0,143,253,125,2,0,0,0,2,5,0,0,0,0,0,0,2,0,4,0,115,255,255,78,1,3,1,1,2,209,251,93,0,0,2,0,1,1,3,4,0,0,0,0,0,3,0,14,230,252,101,1,1,3,0,1,1,207,255,17,1,1,0,1,0,0,0,1,0,0,0,0,3,0,1,227,254,203,20,1,0,4,0,0,37,238,254,1,1,1,0,0,2,0,0,0,0,0,0,0,0,5,173,255,253,46,0,0,0,3,1,0,47,252,253,2,3,0,0,2,0,0,0,2,0,1,0,0,1,24,254,253,255,234,163,47,46,29,0,3,131,253,255,3,2,1,0,0,0,1,3,2,1,0,0,0,3,23,246,253,254,252,252,255,252,231,170,208,231,251,177,4,2,0,0,0,0,1,0,0,0,0,0,1,1,2,86,161,213,220,222,254,254,255,254,255,251,244,70,1,0,0,0,0,3,0,2,5,0,0,0,0,0,0,0,2,0,1,0,91,140,143,90,172,255,228,0,0,0,1,0,0,1,0,0,2,0,1,0,1,0,0,1,0,1,0,0,4,2,0,0,149,252,210,0,0,0,0,2,0,2,1,1,0,4,1,0,0,2,0,0,0,0,2,0,0,0,0,1,169,253,138,2,0,2,0,0,3,0,0,0,0,0,0,0,0,2,0,0,0,0,3,0,0,1,3,2,220,251,138,0,0,0,0,0,0,1,1,1,0,0,0,0,5,0,0,0,0,0,0,2,1,0,0,61,255,255,81,0,0,0,0,0,2,0,0,0,0,0,2,1,0,1,0,2,0,0,0,1,0,1,1,92,255,251,46,0,0,0,3,0,2,0,0,1,1,0,1,0,3,2,1,0,1,0,2,0,0,3,0,49,251,213,12,5,1,1,0,0,2,0,0,2,1,0,0,0,0,0,0,0,2,0,0,0,0,3,1,0,186,107,0,0,1,1,1,3,0,0,2,3,0,0,0,0,1,0,1,0,1,0,1,1,0,2,0,0,0,0,3,1,0,2,0,1,2,0,0,0,0,0,2,3,0,0,2,0,0,0,0,0,0,2,0,0,0,0,0,1,2,0,0,2,0,1,0,0,1,0,0,1,1,4,2,1,0,2,0,4,0,1,0,2,0,3,0,0,2,2,0,1,2,0,3,1
1,0,0,0,1,0,0,0,0,0,0,1,3,1,5,0,1,0,0,0,0,1,0,0,1,1,0,1,1,0,1,0,0,2,0,0,0,2,0,0,2,0,0,1,0,0,0,0,3,0,0,0,2,2,1,0,0,0,0,0,0,3,0,0,0,1,0,1,1,0,0,0,0,0,0,0,0,3,0,0,0,0,0,0,0,0,0,0,0,0,0,0,0,0,1,1,0,0,0,3,0,0,0,0,1,0,1,0,0,2,0,0,0,0,0,0,0,4,0,1,0,1,0,0,0,0,0,0,0,1,0,1,0,3,1,1,0,2,0,0,2,0,0,0,1,2,1,1,2,32,255,255,255,253,252,255,156,129,88,0,3,0,0,0,1,1,0,0,0,0,0,0,0,0,1,0,0,34,252,251,254,254,255,254,251,252,252,107,2,1,0,2,0,0,2,1,0,0,1,0,2,0,0,0,0,15,128,241,254,252,250,253,251,255,251,253,30,0,0,0,0,2,0,0,0,0,0,0,4,1,0,0,0,2,0,55,252,248,169,235,250,252,253,253,105,0,0,0,1,0,1,1,0,1,0,2,2,1,0,0,0,0,6,179,253,179,3,26,135,248,254,251,217,15,0,0,0,1,2,1,0,0,2,1,0,0,1,0,0,5,128,253,219,26,0,0,2,189,253,253,252,22,0,0,0,0,0,0,1,0,0,2,2,1,2,2,1,34,254,253,121,3,0,3,0,67,247,253,252,103,1,1,0,0,0,0,0,0,0,0,0,2,0,3,0,117,254,201,28,0,2,0,1,0,189,253,251,153,0,0,0,2,0,1,2,0,0,2,0,0,2,1,45,224,244,67,0,0,0,0,0,3,85,251,253,147,0,0,1,2,0,0,0,0,1,0,1,0,0,0,150,252,182,2,0,0,0,2,0,2,88,251,251,150,0,0,0,0,2,0,0,0,2,0,0,0,2,16,230,252,93,0,0,1,1,0,0,0,89,250,251,150,3,1,0,0,0,1,0,1,0,0,0,1,0,20,252,252,93,1,0,0,0,0,1,2,89,249,255,147,0,1,0,0,1,2,1,0,1,0,2,4,2,22,253,254,91,0,0,2,0,0,0,4,89,250,254,108,0,5,1,0,0,0,0,0,3,0,2,0,0,17,254,253,135,0,3,1,0,1,0,0,91,255,220,16,0,2,0,1,0,0,1,0,0,0,2,1,0,18,252,254,226,32,0,0,1,0,0,1,131,250,150,1,0,1,0,3,1,0,1,1,0,0,0,0,0,20,254,250,254,234,120,1,71,101,102,202,250,218,31,0,1,3,2,0,3,0,1,0,1,0,0,0,2,1,162,251,251,250,248,231,251,255,254,253,252,110,2,0,0,0,2,3,0,0,1,5,0,3,0,2,0,3,99,251,253,255,255,253,255,254,252,250,118,0,2,0,1,3,2,2,0,1,0,1,0,0,0,0,0,1,3,41,249,253,253,255,250,254,252,119,1,0,0,1,1,0,0,4,0,0,0,1,2,0,0,0,0,2,1,17,51,89,214,163,99,2,11,2,0,0,0,2,1,0,0,0,0,0,0,3,0,0,0,0,0,0,0,1,0,0,0,1,3,2,0,2,0,1,0,0,3,3,2,0,1,0,0,2,0,2,2,1,0,1,0,1,0,4,0,0,0,0,0,0,0,1,0,2,2,2,0,0,3,0,1,0,0,4,0,3,0,0,0,0,0,0,0,0,0,0,2,0,0,0,0,0,0,2,1,2,0,0
2,0,0,1,1,0,3,1,2,0,1,0,0,5,0,1,0,0,0,0,0,0,0,0,0,2,0,0,0,0,0,0,2,0,0,0,0,5,1,1,1,0,1,1,3,2,1,0,0,0,0,3,1,2,0,0,0,4,0,0,0,1,1,0,3,1,0,0,0,0,2,1,0,3,0,0,0,2,0,0,0,0,0,0,0,0,4,1,0,3,1,0,0,0,0,0,1,0,4,0,0,0,0,3,0,1,0,0,2,2,0,0,2,1,0,0,2,0,0,0,0,0,0,219,255,12,1,0,0,0,1,2,1,0,0,0,1,0,1,0,0,1,0,0,0,0,2,0,0,0,0,217,251,93,0,0,2,0,1,0,0,2,0,0,0,2,1,0,2,0,0,4,3,2,0,1,1,1,0,200,253,254,3,2,0,0,2,0,0,1,3,0,0,2,0,0,0,1,0,0,1,0,0,2,1,0,0,75,201,254,23,0,4,0,1,1,0,2,0,0,0,0,1,0,0,0,0,2,0,1,0,3,0,2,0,0,80,247,147,0,0,2,0,0,0,1,0,0,0,1,2,4,0,5,2,4,0,1,0,1,3,0,0,0,108,252,242,1,0,0,1,0,2,0,1,0,2,0,2,1,1,0,0,1,3,0,0,1,0,2,0,0,205,253,240,0,0,0,0,4,0,0,1,0,0,0,0,1,0,0,2,2,1,0,0,2,1,2,1,0,127,249,240,0,0,3,0,2,0,1,1,0,2,0,2,0,0,2,4,0,0,0,0,0,2,0,0,4,163,252,242,0,0,0,1,0,0,0,0,0,0,0,0,2,1,0,1,1,0,1,1,0,1,0,0,3,230,252,254,105,0,4,0,0,0,0,0,0,0,0,2,0,0,0,0,2,3,2,0,0,1,0,0,0,50,184,254,173,0,0,0,0,1,1,0,0,0,0,2,1,0,0,3,2,1,0,0,0,0,1,2,1,0,120,254,228,0,2,0,0,0,0,0,4,0,1,2,0,0,1,2,0,2,0,0,0,0,0,1,0,0,122,253,227,2,1,1,0,0,2,0,1,2,0,1,0,2,0,3,0,2,0,2,2,0,0,2,0,0,121,252,228,0,1,1,0,0,1,0,0,1,0,0,0,0,2,2,1,0,0,3,0,2,0,1,0,0,125,254,230,3,2,1,0,3,0,0,0,0,1,1,0,0,2,2,0,0,0,1,0,0,1,0,4,1,213,251,236,28,0,1,1,0,2,0,0,2,1,2,0,0,1,3,0,1,0,0,4,0,1,1,0,0,203,255,250,96,0,0,1,2,0,1,0,0,0,0,0,2,0,2,0,1,1,0,0,0,0,0,0,0,122,252,252,94,1,2,2,1,0,0,0,0,0,0,0,0,1,1,0,3,0,1,1,0,1,1,2,0,119,253,252,96,2,2,0,1,1,2,3,0,2,0,1,0,2,0,2,0,0,1,0,1,2,2,0,1,64,197,240,52,0,0,1,1,0,0,0,0,0,0,1,2,1,0,2,0,0,0,3,2,1,0,1,0,1,1,0,2,0,1,0,0,2,0,2,0,1,0,2,2,4,0,1,2,0,0,0,1,0,1,0,0,0,1,0,1,0,0,0,0,1,0,0,0,1,0,0,0,1,0,0,0,0,0,0,2,3,0,2,0,1,0,1,1,0,0,0,0,2,3,3,1,1,0,0,0,0,0,3,0,0,1,0,1,0,2,4,0,0,0,0,0,0,0,0,2,0,0,0,0,2,0,0
0,0,0,1,2,1,3,0,0,1,1,0,4,1,0,0,0,2,2,0,1,0,0,1,0,0,0,0,1,0,0,0,2,1,2,1,0,0,2,5,0,0,3,0,0,0,0,1,1,2,0,0,2,0,0,1,3,0,0,1,0,0,0,0,2,2,2,1,0,0,0,0,0,2,0,0,3,1,0,1,0,0,0,4,0,0,2,0,0,0,0,0,0,4,0,0,2,1,0,0,0,1,1,0,2,0,2,0,0,2,1,0,0,0,0,2,1,3,3,0,0,0,0,3,0,0,0,2,0,0,0,0,0,2,0,0,2,0,0,2,1,2,0,1,2,0,0,0,4,0,0,3,0,0,0,1,0,3,2,0,0,0,0,1,0,0,0,0,3,0,0,0,3,0,0,20,111,194,255,255,254,253,253,170,82,0,0,1,0,0,0,0,2,0,0,0,0,0,2,0,1,1,1,185,254,248,251,254,251,254,251,250,243,40,0,0,0,0,0,0,0,1,0,0,0,1,0,0,2,0,3,206,255,235,184,100,201,203,235,254,254,154,1,0,0,3,1,1,0,0,0,1,1,0,0,5,0,1,0,82,153,52,0,1,0,42,193,254,254,113,0,0,0,0,1,0,1,0,4,0,2,2,3,2,0,0,0,0,3,0,2,1,14,215,254,255,203,1,0,0,0,0,1,0,0,0,0,0,1,2,1,1,0,0,0,0,1,2,0,123,214,254,252,255,82,1,2,1,3,1,0,3,1,0,0,0,0,0,0,0,0,0,2,3,1,0,51,254,254,253,253,150,21,0,4,1,0,0,0,0,0,0,3,0,0,0,2,2,0,3,1,2,1,2,9,211,255,254,252,229,223,120,82,2,0,1,0,2,0,2,0,0,0,1,3,4,2,3,0,0,2,1,1,3,125,223,253,255,253,252,254,72,0,0,0,0,0,2,0,0,1,1,2,0,0,0,0,0,0,0,0,0,2,20,48,133,211,250,253,193,0,0,0,1,1,0,0,0,0,0,1,0,0,0,0,2,0,1,1,0,1,0,0,2,20,161,252,255,100,0,0,1,0,0,1,3,1,0,0,0,1,0,1,2,1,1,2,1,0,1,2,0,19,204,252,253,59,0,0,3,0,0,0,1,0,0,0,0,0,0,0,1,0,0,0,0,0,1,1,0,134,255,255,91,2,0,1,3,0,0,0,0,0,2,0,0,0,0,0,3,0,1,0,2,0,0,19,141,254,253,232,33,0,1,1,0,0,0,1,1,0,0,0,0,1,0,3,1,2,0,0,2,0,42,215,252,252,213,0,4,3,0,0,0,0,1,2,0,0,1,3,2,0,0,1,5,0,0,0,0,161,243,252,251,175,9,2,0,0,1,0,0,0,1,3,1,2,0,3,0,0,1,0,3,9,175,173,253,255,255,223,82,0,0,0,3,0,1,0,0,1,2,0,0,3,0,1,0,3,0,0,1,131,255,255,252,255,169,19,1,2,0,1,0,4,0,2,0,2,1,0,0,0,0,0,0,5,0,1,1,151,255,244,201,80,0,0,3,1,1,0,0,0,0,0,0,3,0,0,1,0,0,0,1,0,2,1,0,88,191,124,2,2,3,0,0,0,0,0,0,0,2,0,0,0,1,0,1,1,0,1,1,0,0,1,0,0,0,2,0,0,0,0,0,0,0,0,0,0,1,1,0,0,1,3,0,0,0,1,0,0,0,4,0,1,0,0,0,0,0,0,0,0,0,0,0,0,3,1,3,0,4,0,0
6,2,4,1,0,0,0,0,0,0,2,0,0,1,0,0,0,0,0,2,1,1,2,0,0,2,2,0,0,2,0,0,2,0,0,0,1,3,0,0,0,3,2,2,0,1,0,1,2,0,1,0,0,0,1,2,0,0,0,0,2,3,0,0,0,0,0,0,0,1,0,0,1,0,0,0,0,1,2,0,0,1,1,0,1,4,2,0,2,0,0,1,4,0,1,0,1,0,1,0,1,0,0,0,0,2,1,0,1,0,1,0,0,2,0,0,1,2,0,2,1,2,0,0,2,0,2,1,2,0,0,0,0,1,0,0,1,3,0,0,0,0,2,1,0,0,0,1,1,0,1,1,202,192,31,0,2,0,0,0,1,0,0,1,1,0,0,1,0,0,1,0,1,1,2,2,0,0,0,0,202,254,132,0,0,1,2,0,0,0,1,0,0,2,0,2,2,1,1,0,0,2,0,1,0,0,0,0,104,255,150,0,0,0,0,1,1,1,1,2,3,2,4,1,1,0,1,0,0,0,0,4,0,2,0,0,104,255,152,0,2,1,1,0,0,3,0,1,0,0,0,4,2,1,1,0,0,0,0,0,0,0,0,0,41,255,255,2,1,0,0,0,0,0,2,2,1,0,0,0,1,0,1,0,2,0,0,0,0,0,3,0,1,254,252,80,1,3,3,2,0,0,1,0,0,0,1,1,2,0,0,3,4,0,0,1,0,1,0,2,0,155,253,203,3,0,4,3,0,1,0,1,0,0,1,0,0,0,0,0,1,3,0,1,0,0,0,0,1,154,252,203,1,0,0,0,0,0,2,1,0,3,0,0,1,0,0,0,1,1,3,1,0,0,2,0,0,94,253,213,9,1,1,1,2,0,3,4,0,0,0,0,0,0,1,0,0,0,0,0,2,0,0,0,0,8,212,253,51,0,1,1,2,0,3,0,0,0,0,0,0,1,0,2,0,0,0,0,1,0,0,0,0,0,202,254,115,0,0,4,2,2,2,0,0,0,0,0,1,0,0,0,0,0,0,0,0,2,0,3,0,2,159,254,147,0,0,0,0,1,0,0,0,2,0,0,0,0,0,1,0,2,1,0,5,0,1,4,1,4,103,252,149,0,2,0,0,0,0,0,1,0,0,1,3,0,0,1,3,0,0,0,0,2,1,1,1,1,103,253,191,3,1,0,4,1,0,0,0,0,3,0,0,0,2,1,1,0,0,1,2,4,1,2,1,0,101,255,252,0,2,0,3,1,0,0,0,2,0,0,0,0,0,1,0,0,2,0,2,4,0,2,2,0,101,249,252,0,1,1,4,0,0,1,0,0,3,0,0,0,0,2,1,0,0,1,0,0,1,0,0,3,42,255,252,0,3,0,0,0,1,1,0,3,3,1,0,0,2,2,0,0,1,0,0,0,0,2,0,0,0,254,253,0,2,0,1,3,0,1,0,0,0,0,2,0,0,0,0,1,0,0,0,5,1,3,0,0,0,174,250,60,0,0,0,2,0,0,0,1,0,0,0,3,0,0,0,0,2,2,0,0,0,3,3,4,3,50,252,104,2,0,3,1,0,0,1,0,0,0,0,2,3,0,0,0,0,0,3,1,0,0,5,0,0,0,0,3,3,1,0,2,2,0,2,0,1,0,2,0,1,0,0,2,0,1,4,0,1,0,0,0,1,3,0,0,0,1,0,0,0,0,2,0,0,0,0,0,1,0,0,2,0,0,0,1,0,1,1,0,1,1,0,0,2,3,0,1,0,1,0,2,0,0
0,0,0,3,0,0,4,1,0,0,0,2,1,0,2,0,3,0,2,2,0,0,0,0,0,3,1,0,0,0,1,0,1,0,3,0,0,1,0,2,0,0,0,1,0,2,0,0,0,0,0,0,2,2,0,0,0,1,0,0,0,0,0,0,0,3,1,3,0,0,1,2,2,0,0,0,0,0,0,0,2,3,0,0,0,2,0,0,0,0,0,0,2,0,0,0,0,2,1,2,0,0,0,0,0,0,0,0,4,2,0,0,0,0,3,0,0,0,0,1,0,1,0,1,0,0,1,0,0,3,0,1,1,0,1,1,0,4,1,2,0,0,0,2,3,0,1,4,98,255,255,252,251,215,117,41,0,3,0,0,0,0,2,1,1,0,0,3,0,1,1,0,0,0,3,179,247,253,250,255,255,255,255,142,1,0,2,1,5,0,0,0,0,3,0,0,1,0,0,1,0,0,66,243,253,208,176,177,57,101,254,247,92,0,0,1,1,0,0,0,1,0,0,0,0,0,0,0,0,3,18,166,181,28,0,0,0,69,252,252,110,3,0,0,1,0,0,0,0,1,0,0,0,3,4,0,2,4,1,0,1,0,0,0,1,69,248,248,93,0,1,0,0,2,0,0,0,0,1,0,0,2,0,1,0,0,4,2,0,0,2,0,12,153,250,144,3,3,0,1,0,2,0,0,0,0,0,0,0,2,2,0,0,0,1,0,0,0,0,56,240,255,254,88,3,0,0,0,2,1,3,0,2,1,1,1,3,1,0,2,0,0,0,0,0,7,110,244,250,253,224,41,0,0,3,2,1,2,0,2,3,0,0,2,2,1,0,2,1,0,3,0,30,226,253,252,251,252,254,222,89,2,1,2,0,3,1,1,2,0,1,1,0,0,0,3,0,0,0,0,37,254,253,254,253,253,254,253,250,208,48,0,0,3,1,0,2,1,1,0,1,0,0,1,0,0,0,2,28,203,203,204,81,70,70,190,251,251,225,52,0,0,0,1,0,4,0,0,0,0,0,0,2,0,1,2,0,0,3,2,0,1,0,56,167,252,255,221,35,1,0,0,0,2,1,0,0,0,0,1,0,1,1,0,2,1,1,0,0,0,1,2,0,176,249,254,58,2,0,0,2,1,0,0,1,0,0,0,0,0,0,0,2,2,1,0,2,0,0,1,0,0,172,253,220,37,0,0,2,0,0,1,0,1,0,1,0,1,0,0,0,0,2,0,1,0,0,1,0,1,104,253,253,78,0,0,0,1,3,4,3,2,1,0,0,2,0,1,2,0,0,3,4,0,2,1,1,41,226,252,251,73,0,3,0,0,5,0,0,0,1,1,0,0,0,1,0,0,0,1,1,0,13,59,141,224,252,255,241,56,0,0,0,0,3,1,2,2,2,0,3,0,2,1,0,1,4,38,41,153,194,253,251,253,252,215,86,1,0,1,0,0,2,0,0,0,0,0,2,0,0,1,2,31,156,250,253,254,251,253,251,233,105,13,1,0,0,0,0,0,1,3,2,1,0,1,0,0,0,4,17,116,185,253,251,251,228,114,111,0,0,0,0,0,0,3,0,0,0,0,0,0,1,1,2,1,0,0,2,0,1,0,0,0,0,1,2,0,0,2,0,0,0,0,0,0,1,1,0,1,2,3,0,0,0,0,4,0,0,0,0,1,0,1,0,0,0,5,0,1,2,0,2,0,1,0,2,3,2,0,1,3,2,0,0,2,4,0,0,1,0,1,0,0,2,5,2,0,0,0,1,0,0,0
0,1,0,1,0,0,1,0,2,0,0,2,0,0,0,0,1,1,0,0,0,0,0,0,0,0,0,0,0,0,0,0,0,3,0,1,0,0,4,0,0,1,2,0,0,1,2,3,0,3,0,0,1,0,2,1,1,1,1,0,0,0,2,1,0,0,0,2,1,1,1,0,0,0,0,1,2,0,0,0,0,2,1,0,0,0,0,0,0,0,0,1,0,0,1,4,0,0,0,0,0,0,0,2,1,1,3,0,2,0,3,1,0,0,0,0,0,2,2,1,1,2,16,1,1,2,3,0,4,0,0,0,0,3,0,2,0,1,0,1,2,0,0,0,0,0,0,2,0,0,187,177,75,2,1,0,0,2,0,0,0,1,0,22,2,0,0,0,0,4,2,0,1,0,0,1,0,0,137,253,113,1,3,0,0,0,4,0,0,0,0,134,140,0,1,0,1,0,0,1,0,0,2,0,0,2,105,255,110,0,1,1,0,0,1,0,0,0,67,250,254,0,2,0,0,0,0,0,0,2,0,1,0,2,216,252,111,2,0,1,0,0,1,2,0,0,134,255,205,1,2,1,2,1,0,0,0,0,0,3,0,45,242,252,114,1,0,0,2,0,0,3,2,2,200,253,79,0,0,3,0,0,0,0,0,0,0,0,0,100,254,255,100,0,0,0,1,3,2,0,0,8,203,241,20,1,0,2,0,0,0,0,0,0,0,0,14,218,255,172,2,0,0,1,0,1,2,0,0,88,255,152,0,0,2,0,0,0,2,0,0,0,1,0,159,253,254,50,0,0,0,2,1,2,0,2,0,183,253,152,0,1,2,0,1,0,2,0,0,0,0,79,239,255,224,5,2,3,2,0,0,2,0,0,13,205,252,153,0,0,1,2,1,0,2,1,4,0,15,202,252,254,51,0,1,1,0,0,1,3,4,2,50,252,255,55,2,0,2,0,0,2,2,1,3,3,36,255,253,177,2,1,4,0,4,0,0,1,0,3,51,255,253,37,1,0,0,0,3,1,0,0,0,72,204,253,219,24,0,0,13,11,15,9,17,16,0,2,50,254,175,0,0,0,0,0,2,0,0,0,2,155,255,255,223,152,150,152,253,255,253,202,254,255,92,13,118,254,158,0,2,2,1,0,3,1,1,2,0,235,252,253,251,253,253,254,250,253,253,216,226,208,254,202,222,255,50,1,0,1,0,0,0,3,0,2,2,108,252,254,224,203,188,186,123,71,73,17,31,7,67,175,252,209,15,0,2,0,0,0,0,0,1,0,0,4,55,55,29,8,1,3,2,0,2,1,0,0,0,147,253,151,0,0,0,0,0,1,0,0,0,3,0,0,0,0,2,0,0,0,3,0,2,1,0,0,2,21,35,9,0,1,1,0,3,1,0,1,3,0,3,0,0,0,0,0,0,0,0,2,2,1,0,0,0,3,0,0,2,1,0,2,0,2,2,1,1,0,0,0,0,1,2,0,0,1,0,0,0,0,1,0,4,1,0,0,0,0,0,0,0,2,2,0,0,0,1,2,0,0,0,0,1,0,0,4,0,0,1,0,3,0,1,1,0,0,0,3,0,0,4,0,1,0,0,1,2,3,0,0,0,2,2,0,0,1,1,0,6,0,1,1,0,2,0,2,0,0,0,1,0,0,2,2,1,2,3,2,4,0,1,0,0,1,1,3,0,0,3,0,0,0,1,0,0,1,0,0,2,0,0,0,0,0,2,0,0,0,0,0,0,0,2,3,2,0,2,0,0,0,2,2,0,0
0,1,0,0,0,0,0,0,2,0,0,0,0,1,6,1,0,1,2,0,0,0,2,0,3,0,2,0,0,1,2,0,0,0,0,0,0,3,1,0,0,1,0,0,4,0,0,0,0,0,0,1,2,0,0,4,2,0,0,0,0,0,0,0,0,0,0,0,0,0,0,0,0,0,1,0,1,0,0,0,0,0,0,0,0,3,3,2,0,0,0,0,1,2,0,0,0,1,1,0,3,1,6,0,0,0,2,3,0,0,1,0,0,0,0,0,0,0,0,2,1,0,0,1,0,0,1,0,0,1,0,2,0,0,0,3,0,0,0,1,0,0,0,1,1,1,1,0,0,2,3,0,0,1,1,0,1,1,0,1,2,0,0,0,0,2,1,0,0,0,1,1,3,0,0,227,210,90,0,0,0,0,0,1,52,119,120,225,253,232,40,1,0,2,0,0,0,0,0,1,0,1,2,61,238,248,243,239,239,240,241,240,244,250,252,251,249,253,92,1,0,1,2,0,0,3,0,0,0,1,0,0,63,183,254,253,250,252,250,252,251,252,252,250,250,250,94,2,1,1,3,0,0,0,0,1,0,0,0,0,0,10,39,43,52,96,36,38,38,40,221,253,252,199,62,1,2,0,0,2,0,0,0,0,0,1,0,2,1,0,0,1,0,0,0,0,1,71,242,251,209,22,1,2,0,0,0,2,0,1,0,0,1,0,0,1,0,0,2,2,0,0,0,4,2,126,249,251,198,2,0,2,2,0,1,0,0,1,0,2,0,2,1,1,2,2,0,1,2,2,1,0,98,240,249,250,175,0,0,3,0,2,3,0,1,0,1,0,0,3,3,0,0,1,1,0,0,0,1,10,243,251,249,125,26,0,0,2,0,0,0,0,2,0,0,0,0,0,0,0,1,0,0,1,0,2,9,197,252,252,248,53,0,2,3,0,0,0,0,1,1,0,1,1,0,3,2,0,0,0,2,1,1,11,197,250,254,250,106,0,0,0,2,0,0,0,0,0,3,2,1,0,0,1,0,2,0,3,0,0,17,196,249,255,253,156,1,0,1,0,0,0,1,0,0,0,0,0,0,0,0,0,0,0,0,0,0,16,123,253,251,254,254,104,0,0,1,0,0,0,0,0,0,0,0,0,3,0,1,0,2,0,0,3,0,90,251,251,253,252,39,6,0,0,0,0,0,0,0,3,3,0,3,0,0,1,3,1,0,0,0,3,20,197,252,254,209,113,0,2,0,0,0,5,3,0,4,1,0,0,0,3,0,1,0,0,2,0,0,19,176,252,252,247,87,1,0,0,1,0,0,2,0,0,1,2,0,0,1,0,2,1,0,2,0,0,15,109,251,252,254,142,0,0,2,0,0,0,1,0,1,0,1,0,1,0,0,0,0,3,3,0,0,0,171,252,254,251,232,34,0,0,0,0,2,2,1,0,0,0,1,0,1,0,0,0,0,0,0,0,0,7,219,252,254,254,141,0,0,0,1,0,0,0,1,0,0,0,0,0,0,0,1,0,0,2,2,0,0,87,252,251,253,224,37,0,0,0,0,1,0,1,0,0,0,0,0,0,0,0,0,1,2,0,0,1,0,1,213,215,213,78,0,0,0,1,0,0,0,2,2,4,0,0,0,2,1,0,0,0,4,0,2,0,1,2,2,1,0,2,0,1,0,3,0,1,0,2,0,0,1,0,0,0,0,0,1,0,0,0,0,0,0,3,0,2,1,3,0,0,2,4,0,0,0,1,3,2,0,0,0,0,0,0
0,0,0,1,1,0,0,0,1,0,0,1,0,0,0,0,3,0,1,0,2,0,0,0,0,2,0,1,0,0,1,0,0,0,1,1,0,0,0,0,0,0,0,0,0,2,2,0,4,1,2,3,0,0,0,2,0,3,2,1,0,0,1,2,0,0,0,1,0,0,1,0,0,0,0,1,0,1,2,3,2,2,0,0,1,0,1,2,0,0,0,0,1,2,0,0,0,0,0,2,2,1,2,0,0,3,1,2,0,1,5,2,2,0,3,0,2,1,0,1,0,2,0,3,33,126,192,217,255,254,255,242,52,0,0,2,2,0,0,0,0,2,0,0,1,0,1,3,0,0,0,203,250,253,255,248,255,254,254,254,250,234,0,0,0,0,0,3,0,2,0,1,1,0,0,1,0,88,240,249,250,227,142,49,14,12,11,104,252,251,111,0,0,1,0,4,2,1,5,0,3,0,2,2,95,221,251,169,115,11,0,0,0,0,0,15,210,255,119,0,1,2,2,1,0,0,0,3,0,0,0,89,237,251,171,29,0,2,3,0,1,0,2,0,150,254,117,1,2,0,0,0,2,0,4,0,0,0,99,246,219,47,2,0,0,0,1,0,1,2,0,1,149,252,119,0,1,3,1,1,0,2,0,1,1,0,114,255,113,0,0,0,1,0,0,0,0,0,0,9,184,239,18,0,1,5,0,1,0,0,0,0,0,0,17,45,4,0,3,0,0,0,1,1,1,0,0,66,255,241,2,0,0,0,3,0,0,0,0,3,0,0,3,1,0,0,0,0,0,2,2,0,0,0,24,235,249,106,0,3,0,0,0,0,2,0,0,0,0,0,3,0,0,1,0,1,0,0,0,0,1,42,156,253,131,0,0,0,0,0,0,1,0,0,0,0,1,0,0,0,0,0,0,1,0,0,1,0,14,189,251,206,26,0,0,3,1,0,0,0,0,0,1,0,0,0,0,0,1,0,1,0,0,0,1,9,155,252,247,78,0,0,2,0,1,1,0,1,0,0,0,0,0,1,0,0,0,0,0,2,0,4,12,154,252,204,70,0,2,0,1,0,0,0,0,0,0,1,0,3,2,0,0,0,1,0,1,2,0,13,156,250,229,70,0,0,0,0,0,0,5,0,0,0,1,0,1,0,0,0,2,0,32,32,35,140,162,189,250,224,41,0,1,0,2,2,0,0,0,0,0,1,4,0,1,0,0,3,12,82,244,253,255,251,251,253,251,254,187,68,22,0,0,20,161,76,0,0,1,2,0,0,0,2,0,79,192,252,253,252,255,253,245,230,166,248,253,253,240,147,72,145,105,49,0,1,0,0,1,0,0,1,11,247,255,254,252,254,251,243,107,0,1,106,241,253,253,251,249,157,1,0,2,0,1,0,1,0,0,1,55,248,251,252,252,245,135,22,1,0,1,2,24,117,183,185,47,2,2,0,4,0,0,1,1,0,1,1,1,124,123,174,135,14,0,0,2,3,0,2,1,2,0,2,0,2,0,0,0,2,2,0,0,2,3,1,0,0,0,1,1,1,0,1,0,0,0,2,0,1,1,0,2,0,0,0,0,2,4,0,0,0,0,0,0,0,2,3,0,0,0,1,0,0,1,0,2,0,0,3,0,1,1,4,1,0,1,1,2,1,2,2,1,2,0,2,0,0,0,0,0,0,0,1,0,2,1,0,0,0,3,1,0,3,2,0,0,1,4,0,1,0,0,1,1,0,1,1,0,0,2,0,2,0,0,0,0,0,0,0,0,0,1,1
4,1,0,0,0,0,0,0,1,1,3,0,2,0,0,0,1,2,0,0,0,0,1,3,0,0,3,0,0,0,1,0,1,0,1,3,3,3,0,4,2,2,3,1,0,3,0,3,0,0,0,0,2,0,0,2,0,2,0,0,0,3,0,1,2,3,3,0,0,0,0,0,0,1,0,0,0,0,0,1,1,1,2,0,0,0,0,0,0,0,0,0,3,0,0,0,2,3,1,2,0,4,3,0,1,0,0,0,2,0,0,0,0,0,0,2,0,2,0,1,0,1,0,2,1,0,0,1,0,0,1,0,2,1,0,0,0,0,2,0,1,1,0,0,0,0,1,0,0,0,0,0,0,0,0,0,0,0,2,0,0,0,1,1,0,1,1,0,0,2,0,0,0,2,0,2,0,0,2,2,0,1,0,1,0,2,1,1,0,0,0,0,0,3,0,0,0,0,0,3,2,0,61,157,149,88,83,154,253,255,252,255,217,160,147,40,0,0,0,1,1,0,3,1,0,0,0,0,0,23,209,254,252,254,254,247,235,195,231,233,236,247,255,241,22,0,2,2,3,2,2,2,0,4,2,0,1,165,253,253,252,253,125,49,0,3,1,1,2,47,226,251,89,1,0,2,0,0,0,0,0,0,0,4,176,249,253,243,124,15,0,0,0,0,0,2,0,0,214,248,18,0,0,0,0,0,1,0,1,0,0,134,255,253,179,41,0,0,2,0,0,0,0,2,0,47,244,254,18,0,2,2,1,0,1,0,2,0,3,127,195,91,0,0,0,0,1,0,1,3,1,0,0,179,254,157,4,0,0,0,1,0,2,1,0,0,0,1,0,0,0,3,0,0,3,0,0,0,0,0,9,251,251,75,0,0,0,1,2,1,0,0,0,0,0,0,0,0,0,0,3,4,1,1,2,0,0,0,162,253,164,1,0,1,3,1,0,0,1,0,0,2,1,0,0,2,0,1,0,0,1,0,2,0,2,36,249,254,46,0,2,3,3,3,0,1,4,2,0,0,0,0,0,4,0,0,1,3,0,0,0,0,1,75,252,174,8,0,0,0,2,2,1,0,3,0,1,0,0,1,0,0,1,0,0,0,0,2,0,1,19,240,253,1,1,0,0,1,2,1,1,2,0,1,0,0,2,0,0,2,0,0,0,1,1,0,0,1,92,252,255,216,213,215,181,0,0,3,2,0,0,0,2,0,0,1,0,1,0,0,0,0,1,0,21,169,253,252,255,252,255,254,213,1,1,0,0,3,1,0,0,2,0,2,0,0,0,0,0,0,1,2,202,255,251,252,188,118,30,18,15,0,0,0,0,0,1,1,1,0,4,0,2,0,3,0,1,0,1,0,116,72,194,235,35,0,1,2,2,0,0,0,0,0,2,3,0,1,0,0,0,2,0,2,3,1,0,1,2,80,254,214,2,0,1,0,0,0,2,3,0,1,0,0,1,0,0,0,0,3,2,0,1,0,1,0,0,119,253,168,1,0,1,0,0,3,3,3,1,0,1,0,0,0,3,0,4,3,1,3,0,2,2,0,0,117,251,117,0,0,1,0,0,1,3,0,0,1,0,0,2,1,0,0,0,0,0,0,0,0,0,3,0,119,253,118,0,0,0,1,2,1,1,1,0,3,0,1,0,0,0,2,0,1,0,0,0,2,0,0,0,71,195,35,0,0,2,1,0,0,0,0,0,0,3,0,2,3,0,0,1,0,0,0,0,0,0,1,0,0,0,1,1,1,2,1,0,0,0,1,0,1,0,0
1,1,1,0,0,0,0,0,0,0,2,0,1,3,2,1,0,0,0,3,0,0,0,1,0,0,0,0,0,1,1,0,0,1,3,0,0,3,1,1,0,0,0,0,4,1,0,0,1,0,0,0,0,3,3,2,1,0,2,0,0,0,0,0,0,1,1,0,0,0,1,0,0,0,0,0,1,0,0,0,0,2,0,0,0,1,0,1,0,0,0,0,2,2,0,0,2,0,2,1,0,0,0,0,0,0,2,1,0,1,2,3,1,1,1,0,0,0,1,1,2,0,0,3,1,1,0,1,0,0,0,3,2,1,0,0,2,2,0,0,0,1,0,1,0,0,4,3,0,2,0,9,219,210,62,2,1,0,2,1,1,0,1,0,0,0,0,0,0,1,1,0,1,2,3,0,0,0,0,3,187,253,185,0,0,3,0,0,0,0,0,0,1,0,0,0,1,2,0,0,2,1,1,0,0,0,0,0,170,252,218,4,0,2,2,0,2,0,0,2,3,3,0,0,0,0,2,1,0,1,0,1,1,0,1,0,164,253,255,65,2,0,0,0,0,0,1,0,0,2,1,0,2,0,1,0,0,5,0,1,0,0,0,1,170,254,251,66,0,1,1,0,0,0,0,0,0,0,0,4,0,4,0,3,0,0,3,0,0,0,2,0,107,255,254,164,0,3,0,2,0,0,1,1,2,0,1,1,0,0,1,2,0,0,0,0,0,0,4,0,66,253,254,168,0,2,2,0,0,2,0,2,1,0,5,0,0,0,0,1,2,1,2,0,2,0,0,5,58,246,252,211,8,0,2,0,0,0,1,0,0,0,0,0,0,2,1,0,0,0,0,0,0,0,0,3,0,214,252,252,23,3,0,1,2,0,0,0,0,4,1,0,2,0,2,0,0,1,3,0,3,0,3,0,0,207,255,252,23,2,0,0,0,0,1,0,0,2,0,0,0,0,2,1,0,0,2,1,0,0,1,2,0,213,255,255,18,2,2,0,2,1,0,0,0,0,0,1,0,0,0,3,0,2,2,0,2,0,2,0,0,209,255,251,21,3,1,0,1,3,0,0,0,0,1,0,2,1,0,2,0,0,0,1,0,2,0,0,0,210,252,250,22,2,1,0,1,0,2,0,0,1,2,0,0,0,0,0,0,1,0,0,0,0,0,1,0,165,253,250,22,3,1,1,0,0,0,0,0,2,1,0,0,1,0,3,0,0,2,0,4,0,0,0,0,212,253,254,22,0,2,2,2,2,0,0,1,0,0,0,0,2,1,2,0,0,0,3,2,0,3,1,0,210,254,253,22,1,0,1,0,2,0,0,1,0,0,0,3,0,0,1,1,0,1,2,0,3,0,1,0,129,252,251,20,2,0,0,0,0,0,2,0,0,1,0,1,0,1,0,0,1,0,0,0,0,0,0,1,105,253,248,21,0,3,0,5,0,0,2,1,0,0,0,1,0,0,0,2,3,3,2,0,1,1,2,0,107,254,250,19,0,2,2,0,2,2,1,0,4,1,0,2,0,2,1,1,0,0,1,0,1,0,2,3,18,208,182,0,3,2,0,0,1,1,0,0,0,1,0,0,0,0,0,0,0,0,0,1,0,1,0,3,1,0,2,0,1,0,3,3,0,0,0,0,0,0,2,1,0,2,0,0,2,2,1,0,1,1,0,0,0,1,1,0,0,0,1,3,0,0,0,1,0,0,2,2,2,0,1,0,0,0,1,1,0,2,0,0,1,0,1,2,1,0,0,1,0,0,0,1,0,0,2
0,0,0,0,0,0,1,0,1,0,2,2,0,0,0,3,0,0,1,0,0,0,0,1,0,0,0,0,1,3,0,1,1,0,0,0,2,0,0,0,0,0,0,0,0,2,0,0,1,1,2,0,4,0,1,0,2,0,1,2,1,0,1,2,0,0,0,0,0,0,0,0,0,0,3,0,0,0,2,3,0,2,2,2,2,0,2,0,0,0,0,0,1,2,0,1,0,0,3,0,0,2,2,2,1,0,1,1,0,0,0,0,1,2,1,0,2,0,3,2,1,1,2,2,0,48,170,255,58,0,0,0,0,0,0,1,2,0,2,4,3,0,0,4,2,1,0,0,0,0,0,38,189,244,255,254,178,1,0,0,0,0,0,0,0,3,0,0,2,2,4,0,0,1,0,1,2,4,69,246,251,230,231,252,184,2,1,0,1,0,0,0,0,0,0,1,0,0,0,4,2,0,2,0,23,184,253,244,99,27,107,254,180,1,0,0,0,0,0,0,0,0,1,0,0,1,0,1,0,0,2,20,207,245,98,23,0,0,111,253,150,0,1,0,2,2,0,0,2,0,0,0,0,0,0,4,0,0,0,40,103,25,0,4,0,0,111,252,35,3,1,2,0,0,1,1,2,1,0,3,0,0,1,0,0,3,2,0,1,0,0,0,0,0,110,233,0,0,1,1,0,2,1,0,2,2,0,0,0,1,2,0,0,1,0,0,0,4,3,0,0,31,213,149,0,0,0,0,0,0,0,0,0,1,0,0,3,1,3,0,4,0,0,0,0,1,1,0,0,131,202,17,0,0,0,2,0,0,0,0,0,1,0,0,0,0,0,1,0,1,0,0,0,0,0,1,22,231,143,0,1,2,3,1,2,2,2,3,3,1,0,1,4,4,0,1,1,0,0,1,1,2,0,2,145,246,71,0,0,0,0,2,0,0,0,1,0,3,0,0,0,3,1,0,0,0,0,0,1,1,0,16,198,134,0,0,0,0,0,1,0,0,0,0,3,0,0,2,0,3,0,0,1,3,0,3,2,3,0,163,227,29,0,2,1,1,0,2,0,10,122,204,48,2,2,1,0,0,0,0,0,0,0,2,0,0,79,254,125,0,2,0,0,0,0,17,84,218,252,144,11,2,0,0,0,0,0,0,0,2,1,0,0,5,207,228,35,0,0,0,0,19,134,239,252,229,64,0,0,0,0,0,4,0,0,0,0,1,0,1,2,134,255,67,0,0,0,51,186,255,255,199,115,2,1,0,1,0,0,3,0,1,0,0,1,2,1,0,22,229,183,0,31,101,184,247,240,178,94,6,1,0,0,0,2,0,0,0,0,0,0,0,3,2,4,2,127,252,98,129,231,254,250,184,59,2,0,0,0,1,0,0,0,0,0,0,0,0,0,2,4,3,2,3,224,255,254,254,251,191,73,0,1,1,0,3,0,0,0,4,1,0,0,1,0,1,4,1,0,0,0,56,253,255,189,104,70,12,0,0,3,0,0,0,0,0,0,1,0,0,1,0,1,2,0,0,2,0,0,0,3,0,1,1,0,0,0,0,1,0,0,1,0,1,0,1,0,0,1,2,1,0,0,0,3,0,0,4,3,2,1,0,0,1,0,1,1,0,0,0,1,0,1,0,0,0,1,3,0,2,1,0,0,0,0,2,0,0,0,3,0,4,0,4,0,2,0,0,0,0,0,1,2,1,0,0,2,1,0,0,0,2,1,3,0,0,0,3,0,5,0,2,0,0,0,2,0,0,2,5,0,0,0,0
0,3,0,0,0,2,0,5,1,0,1,3,0,1,4,1,1,0,1,1,1,0,0,1,0,1,0,0,1,0,1,0,0,2,0,0,0,0,0,0,1,0,1,0,0,1,0,0,0,3,1,0,0,0,0,0,1,0,1,2,0,0,1,1,1,3,2,0,0,0,0,3,4,0,4,0,0,0,2,1,1,0,0,0,1,0,0,2,0,0,0,0,0,3,0,2,0,1,1,1,0,0,3,0,0,1,0,5,0,2,2,0,0,1,0,0,4,2,0,4,0,0,0,0,0,0,65,222,30,0,0,0,1,0,0,1,0,0,3,1,0,0,0,1,0,0,0,2,2,0,0,1,0,31,222,255,125,9,0,1,0,2,0,0,2,0,6,0,0,0,0,1,0,2,1,1,2,4,0,0,2,64,255,253,255,174,0,0,0,0,0,0,1,0,3,0,0,0,0,0,0,0,2,0,0,0,1,0,0,179,254,253,255,174,0,0,0,0,0,2,4,1,0,1,2,0,0,0,0,0,0,2,2,2,0,0,1,182,249,253,253,158,2,1,0,0,1,2,1,1,0,2,0,0,0,4,1,0,0,1,0,3,0,2,0,182,253,251,243,43,0,3,0,2,0,0,0,2,0,6,1,0,0,0,0,0,0,1,0,0,0,0,33,231,251,252,182,2,0,1,0,0,2,1,0,3,1,0,2,0,2,1,1,0,3,0,2,0,0,1,136,252,254,251,154,0,0,0,0,1,0,2,0,0,1,0,0,0,1,1,1,0,0,0,0,0,2,11,190,249,253,255,58,3,0,0,0,0,1,1,3,0,0,0,0,2,0,0,0,0,3,3,1,0,1,42,251,252,252,252,56,0,0,0,1,2,0,2,0,0,1,0,1,1,0,0,2,3,0,0,0,2,0,45,255,255,254,234,39,0,0,0,1,1,0,0,0,0,0,0,2,2,0,0,0,2,0,0,0,0,1,41,255,255,252,189,2,2,2,1,0,0,0,0,0,1,0,2,0,0,1,0,0,0,0,1,0,0,0,43,253,255,254,88,0,0,2,2,1,3,0,0,1,0,0,0,1,1,0,0,0,4,3,4,3,2,0,46,255,255,203,11,4,1,0,0,0,0,1,0,1,0,0,0,0,5,0,1,0,0,0,0,0,0,0,22,215,254,243,101,0,0,0,0,0,2,0,0,0,1,0,1,3,0,0,1,0,0,1,2,1,0,4,26,221,255,254,186,0,0,0,2,2,0,2,0,0,0,0,2,0,0,0,0,2,3,1,0,0,1,4,21,210,255,253,183,0,0,0,2,0,1,0,0,1,1,1,0,0,1,0,0,0,1,2,1,1,0,0,26,215,255,254,187,0,3,1,0,0,0,1,0,0,2,1,0,2,2,0,0,0,2,0,1,1,0,0,23,218,254,253,188,0,0,0,0,3,0,0,0,0,0,0,0,1,1,0,0,0,0,1,0,0,0,1,0,113,255,252,124,1,0,0,0,0,1,0,0,0,0,2,0,3,1,0,0,0,1,0,0,1,0,1,0,2,2,2,0,3,1,0,0,1,0,0,3,0,3,0,0,1,1,0,2,0,1,0,0,0,0,0,0,1,0,1,0,0,0,0,0,0,0,3,0,0,1,1,0,0,0,0,0,0,0,0,1,2,4,3,0,4,2,0,2,0,1,0,0,1,0,0,0,2,3,0,0,0,0,0,0,4,0,0,0,2,0,2,0,2,0,3,1,0,0,0,0,0,0,0,1,0,4,3,0
0,0,3,0,0,0,0,2,0,2,0,0,0,1,3,0,0,0,2,3,0,3,2,0,2,0,1,0,2,0,1,2,0,2,0,0,0,2,0,0,0,0,2,0,0,1,0,2,1,2,0,0,0,0,1,1,3,1,0,0,2,1,0,0,0,0,0,0,3,0,1,1,2,0,0,1,1,0,0,0,2,0,0,0,0,0,0,0,0,0,1,1,0,2,0,1,2,0,0,0,4,0,3,0,1,0,3,1,2,0,2,3,0,0,0,0,2,4,2,0,1,0,0,0,0,163,33,3,0,0,1,0,0,0,3,0,0,1,0,0,0,1,0,0,1,0,0,0,0,0,0,0,1,221,151,4,1,0,0,1,0,0,0,0,0,6,0,1,1,0,0,0,2,2,0,0,0,0,0,0,0,131,227,0,0,1,0,0,2,0,1,4,0,1,3,2,1,0,0,0,0,2,1,0,0,0,0,1,0,80,231,0,1,0,5,2,0,3,0,1,0,0,1,1,0,0,0,0,0,0,1,0,0,0,0,0,0,67,236,12,0,0,0,5,3,1,0,0,0,1,0,0,2,0,3,0,3,0,3,2,0,0,2,0,0,0,255,52,0,0,0,0,3,0,0,0,0,0,1,0,1,0,1,0,0,0,2,0,0,2,4,0,0,0,253,57,0,5,0,2,0,0,0,0,0,2,2,0,0,1,0,0,1,0,1,0,1,0,0,0,0,0,255,54,1,0,2,2,0,2,0,0,2,0,2,0,0,2,0,1,2,0,3,3,0,1,1,0,0,2,255,92,0,1,2,0,0,2,2,0,0,0,1,0,0,0,2,0,0,3,0,0,0,4,0,0,2,0,253,82,2,2,1,1,0,0,0,2,2,0,0,0,1,0,0,0,2,2,1,0,0,0,3,2,1,31,255,79,3,1,1,0,0,1,0,0,1,1,0,0,0,3,0,0,0,1,0,1,3,0,0,0,0,80,253,54,2,0,0,0,1,0,0,1,0,0,0,0,0,2,3,4,0,0,0,0,0,0,0,0,4,79,237,6,2,0,0,0,1,0,0,0,2,2,1,1,0,0,0,1,0,0,0,0,0,0,0,5,0,125,232,2,0,0,2,4,0,0,0,3,0,1,0,1,1,2,0,0,0,0,0,0,1,1,0,2,2,165,231,0,0,0,0,0,0,0,0,0,0,0,0,4,2,0,0,0,0,2,0,1,1,1,2,0,1,232,212,2,1,0,0,0,5,0,0,2,3,0,1,0,1,0,0,0,0,0,2,0,2,0,0,0,3,227,149,0,3,2,1,1,0,0,0,2,0,1,2,0,0,2,0,1,3,0,1,0,0,0,4,0,7,234,79,0,2,2,0,0,0,0,1,0,0,0,3,2,2,2,1,0,2,2,3,1,3,0,0,0,54,252,40,2,0,2,0,0,0,0,0,0,0,0,2,1,1,1,0,2,1,0,0,1,0,0,0,0,102,250,0,1,0,0,0,3,0,2,0,1,1,1,0,0,0,0,1,0,0,2,0,0,1,0,3,1,0,2,0,1,0,0,0,0,2,0,1,0,0,0,0,3,0,0,1,0,0,2,1,0,0,0,0,2,0,4,0,2,0,0,0,1,0,2,1,1,0,1,0,0,2,0,3,0,2,2,2,1,0,1,1,0,1,0,1,0,2,0,0,1,1,0,5,2,0,3,0,0,0,0,0,5,2,0,0,1,0,1,0,0,3,2,0,1,0,1,1,0,3,0,0,0,0,0,0,1
0,0,0,0,0,0,0,2,3,0,0,0,3,0,3,0,0,0,0,0,0,0,0,3,0,1,0,2,0,0,2,1,0,0,1,0,0,2,2,0,0,0,2,1,0,1,3,0,0,1,0,0,0,0,0,1,0,1,0,0,1,0,0,0,0,0,0,0,1,0,2,3,2,0,0,0,0,0,0,1,0,2,2,1,0,0,0,0,0,0,1,0,0,4,1,0,0,0,0,0,1,3,2,1,2,0,3,0,4,0,0,0,0,1,0,0,0,0,0,4,0,1,1,0,1,0,0,5,1,0,2,0,1,1,1,2,1,0,0,0,2,3,0,0,0,0,4,1,0,0,0,1,0,1,1,1,0,0,2,0,0,0,0,1,1,1,3,0,0,0,4,0,0,5,2,0,0,4,0,0,2,0,0,0,0,1,0,0,1,4,0,2,0,0,3,0,1,0,0,2,1,0,0,2,3,1,0,26,96,183,253,255,217,105,2,2,1,0,0,2,0,3,3,1,0,0,1,2,0,0,2,1,27,128,212,245,255,252,246,240,250,254,92,3,1,0,0,1,0,0,5,0,1,0,0,0,0,0,25,149,240,255,254,221,204,191,72,29,217,255,95,0,0,0,0,2,0,0,0,0,1,0,3,0,5,2,44,247,253,236,39,13,0,0,0,0,94,253,110,2,2,2,3,0,0,0,0,1,0,0,0,3,3,0,0,123,71,32,0,0,0,3,1,2,77,253,186,0,0,4,0,0,2,0,0,2,4,0,0,4,0,1,1,1,0,1,0,0,1,0,0,0,94,251,150,0,3,0,1,1,1,0,0,2,0,4,2,2,0,1,1,0,2,4,0,0,1,1,1,0,125,253,43,0,0,0,1,0,0,0,0,0,1,0,0,0,1,0,1,3,0,0,0,1,0,2,0,7,204,173,0,1,0,1,5,0,0,2,1,0,2,0,0,0,0,2,1,0,0,0,0,0,0,0,0,102,255,120,1,2,0,1,1,0,0,2,1,2,1,0,0,0,1,0,1,0,1,0,2,1,2,37,227,202,255,116,33,0,0,0,0,3,0,1,1,0,0,0,2,0,0,0,0,2,1,0,2,0,1,42,246,254,255,252,245,192,70,0,0,1,0,0,0,3,3,0,0,0,0,0,1,0,0,0,0,0,1,0,139,255,253,249,206,255,213,3,2,0,1,0,2,4,0,0,0,2,0,0,0,1,0,0,0,0,2,1,185,210,71,51,72,192,135,0,3,0,0,3,0,0,1,0,1,1,2,0,0,0,0,0,1,0,0,135,252,119,0,1,0,0,1,1,0,0,3,0,0,0,1,0,0,0,0,0,0,0,0,0,1,0,14,198,170,0,0,0,0,0,0,0,2,0,3,0,0,2,0,0,0,0,1,0,3,0,0,1,0,0,141,225,44,0,0,1,0,0,0,4,2,0,0,0,0,2,0,0,4,0,0,0,2,0,0,3,2,49,232,106,0,1,0,2,0,0,1,0,0,2,2,1,0,3,2,0,2,0,2,1,2,0,1,4,1,160,225,16,2,1,0,0,0,2,0,0,0,0,3,0,3,1,0,0,4,2,2,0,0,0,0,0,2,228,126,1,2,0,0,0,1,0,0,0,2,0,0,0,0,0,0,2,2,0,1,0,0,2,3,0,1,171,6,0,0,0,2,0,1,0,0,1,1,0,1,1,0,0,0,0,2,0,2,1,0,0,0,2,2,0,3,0,0,0,1,3,0,0,2,1,0,0,0,0,0,0
2,0,2,2,3,0,0,0,2,0,0,1,0,1,1,0,0,3,0,0,3,2,0,0,1,0,2,2,0,2,0,2,1,1,3,1,0,3,0,0,0,1,0,0,0,0,1,0,0,1,3,4,1,0,1,0,0,0,0,0,0,1,1,1,2,0,0,0,0,0,0,0,1,0,0,0,0,0,0,0,0,2,1,0,0,0,0,1,0,1,0,0,0,3,0,0,1,1,0,1,2,0,0,0,0,0,0,1,0,4,0,0,0,1,0,0,1,0,0,1,1,1,0,1,2,0,2,0,1,1,0,0,0,2,1,0,0,1,0,0,0,1,1,0,0,0,0,0,2,0,0,0,0,0,0,1,3,0,2,0,0,2,0,0,0,0,3,0,1,0,3,0,2,0,1,3,120,255,166,0,3,1,1,0,0,71,255,179,0,0,0,0,0,0,2,0,0,0,1,0,0,1,1,0,133,254,154,0,1,1,0,0,0,105,252,249,50,3,1,2,0,1,0,0,0,3,1,0,0,0,2,0,215,255,104,0,0,1,0,1,0,140,253,242,35,0,0,0,0,0,1,1,3,0,1,0,1,0,1,12,221,255,86,0,0,0,3,0,87,233,252,215,0,0,0,1,0,2,1,0,0,0,4,0,0,0,0,57,253,255,46,0,0,2,2,11,183,253,251,203,0,0,0,0,0,3,0,1,1,0,0,0,0,0,0,61,253,255,12,0,1,1,0,146,255,255,255,117,0,0,0,1,0,2,0,0,0,0,0,3,3,1,0,152,254,254,9,0,3,1,124,253,255,253,238,21,0,0,0,0,0,0,2,0,1,0,0,0,2,0,2,154,255,255,10,1,1,95,248,255,253,255,184,0,0,0,0,0,3,2,0,0,3,2,1,0,0,1,0,103,240,254,41,3,27,246,255,254,255,255,150,3,3,0,0,2,3,1,0,1,0,3,2,0,1,1,0,2,160,254,169,101,244,253,253,255,254,251,69,0,0,0,0,1,3,2,0,2,0,0,4,0,0,2,0,0,71,175,254,255,251,243,168,255,254,203,2,0,0,0,0,1,0,1,1,2,0,1,0,0,0,0,0,0,3,2,99,176,146,34,107,251,254,150,0,0,2,0,0,0,0,1,0,0,2,0,0,1,0,0,0,3,0,0,1,2,3,2,202,254,254,130,0,0,0,0,0,0,1,0,0,1,0,0,1,2,2,2,2,1,0,0,1,0,0,0,131,255,217,12,0,1,2,0,1,1,2,3,0,1,4,1,0,4,0,2,3,0,0,0,0,2,0,0,171,252,212,0,0,0,0,0,0,0,0,2,0,0,0,1,2,0,2,0,1,1,0,0,3,0,0,1,157,253,124,0,1,0,2,0,0,1,0,1,2,1,0,2,0,0,1,0,0,0,0,1,0,0,1,1,184,255,113,0,1,0,3,1,3,0,0,0,0,0,1,0,0,0,0,0,0,1,0,0,0,0,0,0,205,255,116,0,1,0,0,0,1,0,0,1,1,0,0,2,2,0,1,0,3,0,0,0,0,0,5,0,195,255,112,0,1,1,0,2,0,0,0,3,0,2,0,1,0,0,1,2,2,2,1,4,0,0,0,0,27,194,114,1,0,0,0,1,3,1,0,0,0,0,0,0,0,1,1,0,0,3,0,0,2,0,2,1,1,2,0,1,3,1,0,0,2,0,0,0,3,1,0,0,2,0,0,0,1,1,0,0,0,0,0,0,0,2,0,0,0,1,1,0,0,0,0,0,0,0
0,0,0,0,1,0,0,1,1,2,0,1,0,0,4,1,0,0,1,2,1,0,0,1,1,2,0,1,0,0,0,0,1,1,0,3,0,0,0,0,0,2,1,1,2,1,2,0,1,3,3,3,0,1,2,0,0,0,2,0,1,2,3,2,0,0,0,2,2,1,0,0,1,0,1,0,0,0,0,0,0,0,0,1,1,0,0,0,4,0,0,2,1,2,0,1,0,0,2,1,0,1,5,1,0,0,0,3,2,0,0,0,1,3,0,0,0,0,1,2,0,2,0,3,0,0,41,102,102,2,0,0,0,0,2,0,1,0,3,0,3,2,0,4,0,0,1,4,0,0,2,2,0,2,82,215,253,164,0,2,2,0,2,2,0,0,1,0,0,0,1,2,0,0,0,0,0,0,0,0,0,0,0,30,232,225,20,0,0,1,2,0,0,1,1,0,2,0,0,0,0,1,0,2,0,0,2,0,1,0,0,0,202,241,36,2,0,1,0,0,0,0,1,0,0,0,0,4,0,0,0,1,1,0,1,0,1,0,2,42,243,164,2,1,0,2,0,0,1,0,3,0,0,3,1,0,1,1,2,2,0,0,0,3,1,0,0,71,255,40,0,0,1,1,5,0,0,1,0,2,2,0,0,2,0,0,0,1,0,0,0,1,1,0,38,233,213,0,0,0,0,1,1,0,0,0,0,2,1,0,0,1,0,0,1,0,2,0,0,0,0,12,174,223,18,0,1,0,0,0,0,2,3,3,1,0,0,1,2,0,2,0,4,0,0,0,0,1,0,133,252,163,0,0,0,1,0,0,0,0,0,1,0,2,1,2,0,0,0,0,0,5,1,0,0,1,22,254,193,1,0,0,0,1,4,0,1,2,0,1,0,1,1,0,1,0,0,0,0,0,0,1,4,19,205,234,50,2,0,0,0,4,4,0,1,0,0,0,1,1,0,2,2,2,0,0,0,0,2,1,2,134,251,106,0,29,47,49,52,114,113,111,150,131,9,0,0,0,0,0,0,1,0,0,0,0,0,1,81,255,252,225,200,231,250,255,252,255,251,251,253,252,92,1,1,0,0,0,0,0,0,3,1,8,52,176,253,255,255,253,213,101,103,0,3,0,0,0,3,163,205,2,2,0,0,0,1,2,0,0,124,213,252,254,253,191,108,51,12,0,2,0,1,0,0,0,0,0,43,0,0,0,1,3,1,3,0,177,255,255,252,225,38,0,0,1,0,0,1,0,0,1,0,0,0,0,3,0,1,0,1,0,0,1,0,253,252,251,128,21,0,2,0,1,1,3,0,1,0,0,0,1,0,0,0,0,0,2,0,0,0,0,0,100,104,44,0,2,0,1,3,2,1,0,0,0,3,3,0,0,3,0,1,0,0,0,0,0,4,0,0,1,0,0,0,0,0,0,0,1,4,0,0,1,3,0,0,3,1,2,0,0,0,0,0,0,0,2,0,1,0,2,1,2,3,0,1,1,0,0,0,0,0,0,4,0,1,0,0,0,0,0,0,0,1,1,2,0,1,0,1,0,2,1,0,0,2,0,0,1,0,0,0,4,0,1,0,0,0,1,3,0,0,0,0,0,1,0,0,0,0,0,3,0,0,0,0,5,0,0,2,1,0,3,1,2,0,0,0,0,1,1,0,1,2,0,3,0,0,0,2,4,1,0,0,0,0,0,1,0,0,0,1,0,0,1,0,0,1,0,0,0,0,0,0,1,1,1,2,0,3,1,0,1,0,0,2,0,1,0,1,1,1,1
5,1,4,0,0,0,1,0,0,1,0,3,0,2,3,0,0,0,2,1,3,0,2,0,1,0,1,0,2,0,0,0,0,1,0,1,0,2,0,0,0,2,0,0,0,0,1,0,2,1,2,2,0,0,0,0,0,0,0,1,2,0,0,0,4,0,1,1,0,0,4,2,1,0,4,0,0,3,0,2,1,3,1,1,0,0,0,0,0,1,2,0,0,0,2,5,0,0,0,0,0,1,0,0,3,1,0,2,0,0,0,4,0,0,1,0,0,0,0,0,0,24,154,255,254,162,34,1,1,4,0,0,1,1,1,0,1,0,1,0,0,0,3,0,2,0,0,0,23,213,252,252,254,253,67,0,2,1,1,1,0,0,0,0,0,3,2,0,0,0,1,0,0,0,0,0,154,240,149,135,250,250,186,0,0,0,0,0,1,0,2,0,0,0,2,2,0,0,0,0,1,0,0,2,141,85,0,0,162,248,193,10,0,0,0,0,3,3,0,0,0,0,2,0,0,1,1,0,0,2,2,1,0,0,1,1,6,194,253,55,0,1,0,2,0,3,0,0,0,4,0,0,0,0,1,2,0,2,2,2,0,0,0,0,55,254,251,54,0,0,1,0,0,0,0,0,0,2,0,2,0,3,0,0,0,3,1,0,1,1,0,1,78,254,209,19,0,0,0,0,0,1,0,0,1,0,1,0,0,0,0,1,3,2,0,2,3,3,0,1,181,250,187,0,0,1,2,2,2,0,0,0,1,1,0,0,0,0,0,0,2,0,0,0,1,2,0,36,230,251,201,56,15,1,0,0,0,0,0,3,0,0,4,0,0,1,1,0,0,0,1,2,0,0,1,49,248,255,255,255,159,43,1,0,0,0,0,0,0,1,0,0,1,0,0,0,0,3,0,0,0,1,1,42,182,235,255,255,254,191,10,0,1,0,1,3,0,0,0,0,1,1,0,0,4,0,1,1,0,0,4,0,0,41,88,204,253,253,204,25,2,4,0,4,1,0,0,0,0,0,1,0,0,0,0,0,2,0,3,0,0,0,0,15,212,252,251,26,0,2,0,1,0,0,0,1,0,0,0,0,2,0,0,0,3,0,0,4,0,0,0,0,203,254,255,29,0,1,0,0,0,0,3,0,2,0,0,0,0,0,0,0,5,1,0,3,0,0,28,131,242,253,220,15,1,0,0,2,0,0,0,1,3,0,0,1,1,0,0,0,0,1,0,0,3,76,204,250,253,220,37,0,0,0,0,0,0,0,0,1,0,0,0,2,0,0,0,3,0,1,0,95,228,247,254,252,166,34,4,1,0,0,0,0,1,1,3,0,3,0,0,0,2,0,0,2,2,4,96,249,253,253,250,130,4,0,0,0,1,0,0,0,1,0,1,3,0,2,4,0,1,0,0,1,0,1,172,251,252,251,128,5,0,0,0,0,1,1,1,0,0,0,0,0,2,0,0,1,0,0,2,0,0,0,106,251,224,40,2,1,2,0,0,2,1,0,1,2,1,2,0,0,0,1,0,2,0,1,2,0,2,0,0,0,0,0,1,0,0,0,1,1,0,0,2,2,0,2,0,3,3,1,0,0,0,0,0,0,0,0,1,2,0,0,0,0,1,0,1,4,4,0,0,2,0,0,0,3,0,0,0,0,4,0,0,2,1,1,0,1,2,0,1,1,0,0,0,0,0,0,0,0,3,1,1,1,0,1,0,4,0,4,0,1,1,0,2,2,2,0,0,0,0,1,0,0,4,0,1,2,0,4,0,0
0,0,2,0,0,0,3,0,0,1,0,4,0,1,0,0,4,0,1,0,2,0,1,1,2,0,1,0,2,0,0,0,0,0,0,2,1,0,0,0,2,0,1,1,0,1,1,1,1,4,0,0,3,0,1,0,0,0,0,0,0,0,0,3,1,0,0,0,0,0,0,0,0,0,0,1,1,0,0,0,2,1,0,2,2,2,0,2,1,0,1,0,1,4,1,0,0,0,0,0,1,0,1,3,3,0,0,0,0,0,2,3,1,0,2,0,0,0,0,2,2,0,0,0,3,0,0,0,2,1,2,1,0,0,0,0,0,0,1,2,1,1,1,2,0,0,1,0,0,0,0,0,164,194,150,93,49,48,53,49,31,0,0,0,0,0,0,0,0,1,0,0,0,0,1,0,0,0,0,21,227,252,251,252,251,252,251,251,188,84,0,4,1,0,0,2,2,1,2,0,1,2,1,1,2,2,2,49,252,101,0,23,103,65,99,104,60,183,43,0,0,1,0,1,0,0,0,0,3,0,0,0,1,1,0,48,252,101,0,1,2,0,0,0,0,61,0,0,0,0,3,1,0,0,3,0,2,1,2,1,0,0,1,53,255,107,3,1,0,1,0,0,2,3,0,0,0,0,0,0,0,0,0,0,3,2,4,0,1,0,0,95,251,100,0,2,0,3,2,0,0,0,1,0,3,0,0,0,0,0,0,0,2,3,4,0,0,0,0,169,255,106,1,1,0,0,0,0,0,0,4,4,0,3,1,2,0,0,1,1,2,1,0,0,1,0,1,253,252,222,204,205,203,81,0,0,0,3,0,3,2,0,1,0,0,1,0,1,0,1,0,0,0,0,122,255,252,225,200,201,224,254,71,1,0,2,0,2,0,3,2,2,1,1,0,0,2,0,1,2,0,41,238,255,130,19,1,0,18,252,233,41,0,1,0,0,4,3,0,0,0,2,0,0,0,0,0,0,1,152,255,186,0,0,0,0,0,131,254,103,0,0,0,0,0,0,0,2,0,0,0,0,0,1,0,3,3,48,153,18,4,1,0,1,2,50,251,101,0,1,0,2,0,0,0,1,0,0,1,0,0,0,0,1,2,20,0,0,1,0,0,1,0,112,253,103,0,3,1,0,1,0,2,0,3,0,5,0,0,1,0,2,84,182,3,3,0,3,0,1,3,194,251,103,0,0,1,0,1,0,1,1,2,0,0,3,0,0,0,0,204,185,0,0,0,0,3,1,22,255,255,38,1,2,0,2,0,0,0,1,1,2,0,0,2,0,2,22,223,101,1,0,1,0,0,20,201,252,127,1,0,0,0,1,0,0,2,1,0,1,0,0,0,0,0,0,206,123,0,1,0,0,41,170,253,205,18,2,2,0,0,0,0,0,1,0,0,0,0,1,2,1,1,0,162,224,101,22,104,166,244,251,170,21,2,1,1,0,2,1,0,0,0,0,0,3,1,0,0,4,0,0,43,230,253,255,253,255,175,81,1,1,1,0,2,4,0,0,2,2,0,0,0,1,0,0,0,0,1,0,4,31,131,187,111,53,11,0,0,1,0,1,2,0,0,0,3,1,0,4,0,0,1,0,0,0,0,0,0,0,0,0,2,1,4,4,1,1,1,4,0,0,1,3,1,0,0,0,0,1,0,3,0,0,0,1,0,0,2,1,0,1,0,0,0,0,0,1,0,0,0,0,2,0,0,0,0,1,3,2,0,2,0,2,1,0,0,2,1,0,0,0,0,0,3,0,0,0,0,0,1,0,0,0
0,0,0,2,0,0,4,0,0,0,0,0,2,0,1,0,3,0,3,3,0,0,0,0,0,0,2,0,0,0,0,1,1,0,0,1,2,0,2,1,4,0,3,0,2,0,0,0,0,0,1,0,2,0,0,0,1,3,0,2,3,1,2,2,3,0,1,2,1,0,2,2,0,0,0,0,1,1,0,0,0,0,1,0,0,3,0,0,3,0,0,0,1,1,0,0,0,2,0,0,1,0,0,0,1,0,0,3,0,0,0,0,1,0,0,1,0,2,0,1,0,2,150,252,165,9,0,2,0,2,0,0,1,3,0,1,4,0,0,0,0,0,0,0,0,2,1,1,0,25,221,254,251,64,1,0,0,0,0,1,0,0,0,2,1,0,0,0,0,0,2,0,2,1,0,0,0,1,199,252,253,186,13,0,1,0,4,0,0,0,0,0,0,1,1,1,1,1,0,0,0,0,1,0,2,0,139,252,252,251,88,2,1,0,0,0,2,2,3,1,1,0,0,1,0,0,2,0,0,0,0,0,0,1,70,248,253,252,144,0,0,0,0,1,0,0,0,3,0,0,1,0,1,0,0,0,0,0,2,1,0,0,1,195,251,253,229,39,0,1,0,0,0,4,0,0,1,0,4,2,1,0,1,0,0,0,0,0,0,0,0,72,252,250,251,212,0,0,0,0,3,0,2,1,2,2,0,3,0,0,1,1,1,2,0,0,0,0,1,13,234,250,252,229,15,0,0,0,0,0,1,1,0,2,0,1,1,3,0,0,2,0,0,1,1,1,2,1,123,255,251,251,77,0,1,1,0,0,1,2,2,2,4,1,1,1,0,5,1,0,0,2,0,0,0,0,6,197,254,251,200,17,0,0,0,1,1,0,0,0,1,0,1,0,0,0,3,0,1,0,0,2,1,1,0,189,253,255,252,43,0,2,0,1,1,0,2,0,1,4,0,0,0,0,0,1,0,2,2,3,0,1,0,155,254,254,250,123,0,0,1,2,0,2,2,2,0,0,0,0,0,1,0,0,0,0,0,1,2,2,0,79,254,252,252,194,6,0,2,2,0,0,0,0,1,2,0,0,0,0,0,0,0,0,1,0,0,0,3,3,213,254,251,252,115,2,0,1,2,1,1,0,2,1,0,1,4,3,0,0,0,0,2,1,1,0,0,4,113,255,250,254,195,1,0,0,0,0,2,0,6,1,0,0,0,1,0,0,2,0,0,2,1,0,2,0,78,254,251,253,238,31,0,0,0,0,0,0,0,1,0,4,1,0,3,0,2,0,3,0,0,0,0,0,0,200,251,253,250,142,0,2,0,3,0,0,0,2,0,0,2,0,0,2,3,0,0,1,0,0,1,4,0,124,253,251,252,202,0,0,0,0,0,0,0,5,1,0,0,0,0,0,0,0,0,0,0,0,0,3,0,36,250,253,250,115,1,0,1,0,0,0,0,0,0,2,0,1,2,0,0,0,1,0,0,0,0,2,3,5,113,232,240,50,0,1,1,0,1,0,1,0,0,0,0,0,0,3,0,0,0,0,3,0,3,1,0,4,0,0,2,0,1,1,0,1,1,1,1,1,2,2,1,0,2,0,1,0,0,1,4,0,0,1,1,0,0,6,0,1,0,0,0,0,0,0,0,0,3,0,0,0,0,0,1,3,0,2,0,1,0,2,2,0,0,2,0,0,0,0,0,3,1,0,0,0,1,0,0,0,0,2,0,3,0,1,4,0,0,0,0,0,0,0,1,1,0,1,0,1,0,0,4,1
0,0,1,0,2,0,2,0,0,0,0,0,0,1,0,2,0,0,0,0,0,1,0,0,1,0,3,0,1,1,0,1,0,0,1,0,0,0,0,1,0,1,0,0,0,1,1,0,2,0,2,0,0,0,0,0,1,0,2,0,0,0,0,0,2,76,172,227,255,183,56,2,1,0,0,2,1,2,0,1,0,0,0,1,0,0,2,0,0,0,1,0,0,224,84,68,74,186,243,126,0,3,0,1,1,2,2,0,2,3,0,4,0,0,0,0,5,0,0,0,0,93,11,0,0,8,115,240,96,2,2,2,0,0,1,0,0,1,0,2,0,0,0,0,5,0,2,1,0,0,0,0,0,2,6,115,223,23,0,0,2,0,0,0,0,0,2,1,0,1,0,0,1,0,0,2,1,0,1,0,1,0,1,25,218,164,0,3,0,4,0,1,0,0,0,0,4,1,0,0,2,0,0,1,0,2,1,2,0,2,0,3,71,220,3,1,0,2,0,0,0,1,1,1,0,0,2,2,0,0,0,1,0,2,1,0,0,3,1,0,43,249,85,0,2,0,3,1,0,0,0,0,0,0,0,1,1,0,0,0,2,3,3,0,1,0,0,0,1,180,165,1,1,0,0,0,0,1,0,2,0,1,0,0,3,0,3,0,0,2,1,0,2,3,0,5,0,219,168,0,3,1,2,2,1,0,0,1,0,1,0,1,3,0,2,0,1,0,0,2,0,0,0,0,9,238,163,0,2,0,2,2,0,2,0,1,0,0,0,0,0,3,0,0,0,5,0,2,1,1,1,1,64,255,97,1,0,0,0,0,0,1,0,0,1,1,0,1,2,0,0,1,1,0,1,3,0,0,0,1,65,255,34,0,1,0,1,0,0,0,0,0,0,0,0,0,0,0,3,0,1,0,71,79,105,19,4,3,163,183,4,0,0,0,0,1,0,2,0,0,0,0,0,1,2,0,2,3,21,160,241,245,246,242,119,59,249,94,0,0,1,0,0,2,0,1,0,2,0,0,0,0,1,0,0,0,187,222,36,1,6,114,242,255,207,4,2,3,3,3,0,0,0,0,0,0,3,0,0,0,0,0,0,32,242,105,1,2,0,2,78,255,222,20,2,3,0,0,0,0,0,0,1,0,0,0,0,0,0,0,0,64,252,35,3,0,1,75,245,215,224,197,17,0,0,3,3,2,2,2,0,0,1,0,0,0,1,0,2,39,254,51,0,57,94,245,212,31,42,227,201,56,0,0,0,2,0,2,0,0,2,1,2,2,0,0,0,5,194,244,232,254,252,170,29,0,3,40,135,247,184,69,33,1,0,0,0,2,2,1,0,0,0,0,0,0,24,135,173,96,10,5,2,0,0,0,2,103,206,239,52,0,2,2,1,0,0,0,2,3,1,0,0,0,1,0,0,1,0,0,1,0,0,0,0,0,2,0,0,0,0,0,3,0,1,0,0,1,0,0,1,2,0,0,2,0,0,0,3,0,0,1,2,1,0,0,2,0,2,0,1,1,2,0,1,0,0,0,0,1,1,2,0,3,1,3,0,3,3,0,3,2,0,0,1,2,0,1,0,3,0,1,0,0,1,1,0,0,1,0,1,1,1,1,0,0,0,1,2,0,0,0,0,0,0,0,0,1,0,0,0,0,0,0,1,0,0,0,2,0,2,1,0,1,3,0,4,0,0,0,0,0,0,0,1,0,1,0,0,0,0,0,0,0,0,0,0,0,0,0,2,0,0,1,0,1,0,1,0,0,1,0,0,3
0,1,0,4,0,0,0,0,0,1,0,0,0,1,2,0,0,0,1,1,1,0,0,1,1,2,2,1,0,2,0,1,2,1,0,0,1,1,2,3,0,2,1,0,4,0,2,1,2,0,1,1,0,0,1,2,0,2,4,1,0,0,1,0,0,1,0,0,1,0,0,0,3,0,2,0,0,0,0,0,0,0,1,0,2,0,0,0,0,0,3,0,1,1,0,1,2,3,1,1,0,3,0,0,1,1,0,3,0,2,0,0,0,1,1,0,2,1,0,0,2,3,1,0,0,1,0,0,1,0,0,0,0,0,0,0,1,1,0,0,0,0,0,0,0,1,0,0,0,1,0,2,0,1,2,0,4,0,0,0,0,0,0,0,0,0,0,5,1,0,0,0,3,2,0,0,2,2,112,134,80,2,3,2,0,4,102,169,211,19,0,0,2,0,0,0,0,0,0,0,0,1,0,1,0,85,254,253,252,9,0,0,4,128,253,254,252,36,0,1,0,2,0,3,1,0,0,4,3,0,3,0,58,235,255,255,236,9,0,1,34,251,252,249,250,106,2,1,1,0,0,0,3,0,3,0,2,1,2,0,181,254,252,250,146,0,1,2,39,254,251,252,251,131,0,0,1,0,0,0,1,0,0,2,0,2,2,64,236,253,253,250,56,0,0,2,38,253,254,250,254,34,2,0,1,0,0,0,1,0,0,3,1,0,11,196,250,252,252,252,22,0,4,86,203,255,252,255,254,36,0,0,0,2,0,3,0,0,0,0,3,0,33,253,254,253,255,249,101,84,211,252,252,252,254,254,184,10,1,1,0,1,0,0,2,0,0,0,0,1,140,252,255,255,253,253,251,251,254,255,248,252,255,252,65,2,0,0,3,0,0,0,0,0,4,0,0,0,105,255,255,253,255,251,255,255,252,250,255,251,250,189,4,3,0,0,2,3,1,1,0,0,0,0,0,2,36,255,253,252,250,253,252,253,250,255,255,253,252,179,0,1,0,2,0,1,0,0,0,0,0,2,0,0,36,246,243,151,220,242,239,242,244,255,253,255,254,175,0,1,0,0,1,0,3,0,0,0,0,2,0,0,0,54,0,0,0,2,1,2,4,194,255,253,254,60,0,1,1,3,0,0,1,0,0,0,0,1,0,5,2,0,0,0,1,0,0,2,0,143,253,254,253,76,0,0,0,1,1,0,2,0,0,0,0,0,1,0,1,3,3,2,0,0,0,0,8,220,253,254,254,181,0,0,0,0,0,0,1,0,1,1,5,1,0,0,0,2,0,2,0,0,0,2,44,254,253,252,252,151,1,1,1,0,1,0,0,0,4,2,0,0,0,4,2,0,0,5,2,0,0,1,225,255,255,253,251,63,0,2,0,2,0,0,3,0,2,0,1,0,0,2,0,1,0,0,2,0,0,100,255,255,252,254,254,59,0,0,0,0,1,0,0,0,1,1,0,0,0,0,0,0,0,0,0,3,0,121,251,252,252,251,231,40,3,0,1,2,1,0,0,2,0,0,3,0,0,1,0,0,0,2,0,0,0,12,255,253,255,251,86,1,0,1,1,0,2,0,1,0,2,0,1,1,0,0,2,3,4,0,1,0,3,0,253,255,159,10,5,2,0,0,1,0,0,0,0,2,0,0,0,0,3,2,0,0,0,1,0,0,0,1,0,2,1,1,1,3,0,2,1,2,2,0,1,2,0,0,0,0,0,1,1,0,0,0,1,0,0,0,2,1,0,3,3,0,1,0,0,0,0,1,3,1
2,1,0,0,3,0,2,0,0,0,3,0,2,0,0,0,0,1,3,1,0,0,0,0,1,0,0,1,0,0,0,0,0,1,0,0,0,2,0,1,0,0,2,1,0,0,0,0,1,1,0,0,1,3,3,3,1,2,2,1,0,0,0,0,0,1,4,1,0,1,1,0,0,1,1,2,2,0,0,0,0,0,2,4,0,0,0,2,0,0,0,0,4,0,0,0,1,2,2,1,0,0,0,0,2,0,0,2,0,0,1,0,0,0,3,0,2,0,0,0,0,1,0,0,0,0,0,1,0,0,0,0,0,0,0,2,0,0,0,1,0,0,2,1,2,0,2,116,212,1,1,0,0,0,0,0,0,12,54,3,3,0,0,0,3,0,0,0,0,2,0,0,0,0,0,233,252,0,0,0,3,0,0,1,1,51,254,79,3,0,0,0,0,4,0,0,0,1,1,5,0,3,3,252,255,0,0,2,0,0,5,0,1,46,252,165,1,1,0,0,1,3,0,2,0,0,1,0,0,0,0,254,255,42,4,0,0,1,1,0,0,52,251,219,21,0,0,0,1,0,0,5,0,0,0,3,1,1,3,255,252,101,0,0,2,2,1,0,2,50,254,253,52,0,0,2,2,1,3,1,0,0,0,3,0,0,0,250,253,104,0,1,2,0,0,2,1,49,252,251,50,0,2,1,1,0,2,0,0,3,0,2,0,0,3,253,254,101,0,2,0,2,1,0,0,52,254,254,49,53,131,0,0,0,0,0,3,1,0,0,0,2,1,254,254,62,0,0,1,1,2,3,0,94,251,214,51,192,153,0,1,2,0,0,0,1,0,0,1,0,0,254,253,100,0,0,0,0,2,0,1,153,252,254,249,205,21,0,0,0,2,0,0,0,0,0,0,0,2,251,254,104,0,0,2,0,0,3,42,193,252,254,210,20,0,2,0,0,0,0,0,1,0,1,3,0,2,192,251,255,130,53,51,50,134,212,252,252,250,255,52,0,0,0,0,0,0,0,4,0,0,1,0,0,0,53,235,254,250,250,253,254,253,253,252,251,252,213,10,2,1,0,0,3,1,0,1,1,0,0,0,0,1,0,81,237,255,253,251,243,204,143,103,255,255,185,1,1,0,1,0,0,0,0,6,0,0,2,0,0,2,1,1,32,49,48,50,37,0,0,4,253,254,107,2,2,0,0,1,0,2,1,1,0,0,0,0,1,0,0,0,2,0,1,2,0,1,0,0,152,255,201,0,0,0,0,1,0,0,0,0,0,0,0,2,2,0,2,0,1,2,4,1,0,0,2,0,234,254,123,2,0,0,1,2,1,1,0,0,1,2,0,1,0,0,1,0,0,1,1,0,0,0,1,1,255,254,99,0,0,0,0,0,0,0,1,1,0,0,2,0,1,2,0,0,2,2,1,1,1,0,0,1,255,253,103,1,0,0,1,0,1,0,0,0,1,1,0,1,3,2,0,0,0,0,0,0,0,0,0,0,172,251,103,0,2,2,0,0,0,2,1,0,2,1,0,5,0,1,0,0,1,0,1,1,0,1,0,0,11,171,59,2,0,1,0,0,0,1,0,0,0,0,0,1,0,3,0,2,0,3,3,1,0,0,0,0,2,0,2,0,0,0,0,3,0,0,0,3,0,2,1,0,0,1,0,1,2,1,0,2,0,0,5,0,0,0,1,0,0,0,0,1,0,0,2,2,1,0,3,2,1,0,0,0,0,0,2,2,0,0,0,0,0,0,0,2,0,0,0,2,0,0,0
0,1,0,0,2,0,0,0,0,1,0,0,0,0,0,1,1,1,1,0,0,0,1,1,0,2,1,0,4,0,0,2,0,0,1,0,0,0,1,1,1,0,0,0,0,0,0,0,0,1,0,0,0,0,0,0,1,0,0,0,0,0,1,0,0,0,0,0,3,1,1,0,0,3,0,1,2,0,2,3,0,0,0,0,1,0,0,0,0,0,1,1,1,0,0,3,1,2,1,0,34,151,242,60,0,1,0,0,1,0,0,0,0,0,0,1,3,0,0,2,0,0,1,0,1,0,0,27,215,254,248,56,3,0,2,2,1,0,0,0,1,3,0,1,0,3,0,0,1,0,0,0,1,0,0,125,250,252,155,2,0,0,3,2,0,0,0,0,3,0,5,0,0,0,0,1,0,0,2,2,0,0,55,244,251,195,10,2,0,0,0,2,2,0,2,0,0,0,0,3,0,2,0,2,1,2,1,0,0,4,135,255,199,16,2,0,3,3,0,0,0,1,0,0,2,2,0,1,0,0,0,3,2,1,0,0,0,102,255,240,31,0,0,0,1,0,0,0,0,0,0,0,0,0,3,0,0,0,1,0,0,2,5,1,6,183,250,106,4,3,0,2,0,0,3,0,2,0,0,2,0,0,0,1,0,0,0,0,2,2,1,0,78,254,185,1,0,0,1,0,1,1,0,1,0,1,1,0,0,0,4,0,0,2,3,0,0,0,2,190,131,216,34,0,1,1,0,0,2,0,0,1,0,0,0,0,0,0,0,0,3,0,0,0,0,0,48,244,255,78,3,1,1,1,0,1,0,2,2,0,2,0,1,0,1,0,0,1,0,0,0,1,1,0,221,254,182,10,1,2,3,43,29,0,0,0,1,0,0,1,0,1,0,0,0,0,2,0,0,0,0,0,254,252,77,0,17,140,215,240,220,72,3,0,0,0,1,0,0,2,2,1,0,0,0,0,2,0,1,61,254,247,59,0,136,151,164,251,252,223,0,0,0,1,0,3,0,0,0,0,2,0,2,1,0,0,0,197,255,179,0,1,0,2,14,226,252,254,74,1,0,1,1,2,1,0,0,1,0,0,0,0,3,0,0,200,253,101,0,1,0,2,20,253,252,214,1,2,0,0,1,0,0,0,0,2,0,0,0,2,2,0,0,197,255,135,1,1,0,0,18,252,255,135,0,0,0,2,0,0,0,1,0,0,0,0,0,3,0,0,0,192,254,194,89,4,0,1,78,253,252,53,1,1,0,3,2,0,2,2,2,1,1,0,0,0,0,1,0,126,224,255,255,164,78,157,255,253,146,0,2,1,1,1,2,1,0,1,0,0,4,5,1,3,2,0,0,6,70,202,251,255,253,255,253,227,23,0,0,1,0,2,0,0,0,2,0,1,0,0,0,0,2,0,0,1,0,3,59,203,215,194,73,17,0,1,2,3,1,0,2,2,0,0,1,0,0,2,0,0,0,0,1,2,1,0,1,0,4,1,0,0,3,0,1,0,0,0,0,0,1,0,0,0,1,2,0,0,0,0,0,2,0,0,0,0,0,1,0,4,0,2,1,0,1,0,2,0,1,0,3,0,0,0,0,0,2,0,1,0,0,0,0,0,0,0,3,0,1,0,1,0,3,1,0,2,1,0,0,0,0,0,0,0,0,2,0,0,0,1,0,0,1,2,0,3,3,0,1,1,2,4,0,3,0,0,0,0,0,1,0,1,0,1,1,2,3,0,0,0,1,2,0,0,2,4,0,0,1,1,0,3,0,0
0,0,0,0,0,0,0,1,0,1,0,1,0,1,0,0,0,3,0,0,0,0,0,0,2,1,0,3,2,1,0,0,0,0,0,2,0,0,1,0,0,0,3,0,0,0,0,1,4,0,0,0,0,0,0,1,0,1,1,0,3,0,0,0,0,0,2,0,4,0,0,3,2,0,1,1,0,1,0,0,0,0,0,0,0,2,3,0,0,0,3,0,0,1,2,0,3,0,0,1,4,0,0,2,0,0,2,0,0,2,0,0,0,0,0,0,0,0,0,1,0,0,2,0,1,0,0,0,0,3,3,1,0,0,2,0,1,0,0,0,0,2,0,0,4,0,1,2,0,0,0,0,0,0,1,0,0,1,2,0,0,0,1,0,1,0,0,3,0,0,0,1,22,61,60,133,209,207,208,209,206,211,208,173,59,31,0,0,0,0,0,2,1,3,2,1,0,4,0,0,204,252,254,254,255,253,255,250,252,253,253,255,253,210,28,0,2,0,0,1,2,0,1,0,0,2,0,0,255,252,254,253,254,250,253,253,252,254,255,250,250,251,179,1,0,1,0,1,1,3,0,0,1,0,1,0,92,177,179,177,177,179,101,26,30,30,91,242,255,254,180,0,0,0,0,1,0,3,1,0,2,0,0,0,0,0,0,0,1,0,3,0,1,0,93,240,253,254,162,0,1,0,5,0,0,3,0,0,0,2,0,3,1,1,0,1,0,0,3,0,24,132,253,253,255,253,27,0,0,0,0,0,0,2,0,4,3,0,1,0,0,2,0,0,29,88,90,235,245,251,252,251,249,251,110,82,2,2,1,2,0,2,1,0,0,1,0,0,0,2,1,92,212,253,255,252,253,253,254,251,251,251,252,245,118,50,9,0,0,0,0,1,2,3,1,0,0,0,1,122,252,252,253,250,254,252,255,253,253,251,252,250,251,254,145,0,0,0,0,1,0,0,0,0,0,0,0,122,251,255,253,154,123,3,0,0,0,73,150,224,254,254,252,106,0,2,0,1,1,0,0,2,0,0,0,22,45,41,42,3,0,0,2,0,0,0,0,49,224,253,251,139,1,0,1,0,2,2,3,0,2,1,0,0,0,0,0,0,0,5,0,0,0,0,1,1,48,244,251,252,0,0,2,0,1,2,1,1,3,0,1,0,0,71,0,3,0,1,0,0,0,1,2,3,64,246,252,183,0,0,3,0,3,1,0,1,1,0,0,0,68,241,145,7,0,0,2,1,1,0,1,71,243,255,254,104,3,0,2,1,0,0,0,0,0,0,2,0,75,252,254,185,180,180,120,67,181,179,178,232,255,243,197,29,0,0,2,0,0,0,0,1,0,0,4,0,36,217,254,253,253,252,253,254,252,252,253,253,254,166,0,0,0,0,0,1,1,0,0,0,1,0,3,0,0,10,92,162,178,199,255,255,254,253,227,162,163,20,0,0,0,0,1,0,0,2,0,0,0,0,0,0,0,2,1,1,8,26,61,96,113,58,45,2,0,2,1,0,2,0,0,0,2,0,2,0,0,0,0,2,1,1,2,0,2,1,0,0,1,4,0,0,1,0,1,0,1,0,0,0,0,0,0,0,3,3,1,0,1,0,0,0,1,0,0,1,0,0,0,0,1,0,2,3,1,0,4,2,2,1,0,0,0,3,1,1,0,0,1,1,0,0,2,0,1,1,0,0,2,0,0,0,0,0,0,0,0,2,1,3,0,0,0,2,2,0,0,0,1,0,0,0,0,0,0,0,0,0,1,0,0,0,0,0
0,0,0,0,0,0,1,0,1,2,0,0,1,1,0,0,0,1,0,0,1,0,0,2,0,2,1,2,0,3,0,1,0,1,5,0,0,1,0,0,0,0,5,3,0,0,3,0,0,0,2,0,0,0,0,0,0,3,0,0,2,0,0,0,0,4,0,0,2,0,2,2,1,0,1,0,0,0,1,0,0,3,2,0,2,1,2,0,0,3,0,1,0,0,2,2,0,0,0,0,0,3,0,2,0,1,3,0,1,4,0,0,0,1,0,4,0,0,0,0,2,0,6,2,0,0,0,0,0,0,0,0,2,1,3,1,0,1,0,0,0,1,2,0,3,2,1,0,0,0,1,0,0,0,1,0,2,0,1,1,0,2,0,10,77,50,0,0,2,0,7,0,1,2,1,1,0,2,2,0,1,2,0,1,1,0,2,63,117,170,243,241,201,98,0,0,2,0,0,0,0,4,0,0,0,0,2,0,1,51,20,1,24,119,201,252,255,228,128,106,9,0,0,1,0,1,2,0,0,0,0,0,0,0,0,32,186,255,233,216,232,255,240,162,73,18,0,1,2,0,0,0,1,0,2,0,2,1,0,1,3,0,16,218,255,255,255,251,223,105,35,0,0,1,0,0,0,2,2,0,2,2,2,1,0,0,1,0,0,17,196,255,255,248,159,66,0,4,0,0,1,0,0,0,0,0,0,0,0,0,0,0,0,1,0,3,0,187,255,255,196,32,1,0,1,0,0,1,2,0,1,4,1,0,0,0,1,0,0,0,0,0,3,2,57,242,255,164,0,6,1,0,1,0,1,0,0,0,0,0,0,3,0,0,0,1,0,2,0,0,1,3,222,255,161,4,0,0,2,0,0,0,4,1,0,2,0,3,0,3,1,0,0,0,0,5,0,0,0,34,245,251,80,34,107,135,217,178,92,24,0,0,2,0,0,0,1,1,0,0,0,0,0,0,2,2,3,117,253,246,242,243,255,235,226,239,255,236,102,0,1,0,1,0,0,0,0,0,0,1,2,0,0,2,1,199,254,255,198,144,57,23,0,32,140,249,234,104,0,1,2,3,2,2,0,0,2,0,0,0,0,1,3,16,151,85,13,0,0,1,0,1,0,129,255,175,1,1,0,1,3,1,0,4,0,2,0,1,0,4,0,3,0,0,1,0,0,2,0,2,1,109,254,255,9,1,2,1,1,1,0,4,0,5,0,0,0,1,0,0,2,0,0,2,0,1,0,2,34,212,254,179,0,1,0,1,0,0,1,1,0,0,0,0,2,0,2,0,0,0,0,0,0,0,0,63,228,255,233,43,0,0,4,0,1,0,1,2,1,0,4,0,0,1,0,1,1,2,0,0,12,99,180,252,254,232,83,0,0,0,1,0,1,1,0,1,0,0,0,0,0,0,28,27,27,105,120,149,219,255,254,242,145,28,1,3,0,0,0,0,0,1,0,1,0,3,2,0,0,1,242,248,252,252,248,244,240,185,100,31,1,0,0,2,0,0,0,2,1,0,2,0,3,3,1,0,0,1,0,46,47,64,35,18,0,1,0,1,0,0,2,0,1,0,0,0,4,1,2,3,0,2,1,3,0,1,0,0,2,0,1,0,0,2,1,3,0,0,2,3,0,2,0,0,3,0,1,0,0,0,2,3,0,0,0,0,0,0,0,0,0,1,1,0,0,1,2,2,0,3,5,0,0,2,1,1,1,2,0,0,0,0,0,0,3,2,1,3,0,1,2,1,4,1,2,0,2,0,3,0,1,0,0,0
0,2,3,0,0,0,0,0,1,0,3,0,0,4,0,0,0,2,0,0,2,0,0,0,0,0,0,0,0,1,1,1,0,0,1,1,1,0,0,0,1,0,0,0,1,0,1,0,0,1,1,2,0,1,0,0,0,2,2,0,0,1,6,0,0,0,1,1,0,0,0,2,0,0,1,2,0,0,0,2,0,3,0,0,0,1,1,2,4,1,0,0,1,1,1,0,0,1,1,0,0,0,2,0,1,1,0,2,0,2,0,1,1,0,2,0,0,0,4,0,1,2,1,1,0,2,38,154,216,240,75,1,0,0,0,0,1,0,0,0,0,0,2,0,0,1,0,1,0,0,2,0,0,83,235,180,71,22,1,0,1,1,0,0,3,0,1,0,0,0,4,0,3,1,0,1,53,148,145,149,176,228,116,0,0,1,2,1,0,1,2,0,0,0,1,0,1,0,1,0,1,1,0,0,223,208,160,186,107,45,1,4,0,0,0,1,3,0,0,0,1,3,1,0,0,1,0,0,0,4,0,10,249,62,1,0,0,0,0,0,0,0,0,0,0,0,0,0,0,0,0,6,0,0,0,0,0,2,0,53,251,63,0,0,0,0,0,0,0,2,3,0,1,0,0,2,3,0,3,0,0,0,2,1,0,0,0,65,251,64,0,0,2,3,0,0,0,1,0,0,2,1,1,2,3,0,0,4,0,0,2,1,0,2,0,150,255,61,0,0,3,31,13,33,59,32,2,0,0,0,1,0,1,1,2,0,1,2,1,0,2,0,0,106,254,61,13,81,215,255,224,255,254,251,183,65,0,0,0,0,1,0,1,1,2,0,0,0,1,0,0,68,255,155,225,253,168,83,68,27,23,90,178,252,107,0,0,0,0,0,2,1,3,0,2,0,0,2,1,21,202,221,155,33,2,1,1,0,3,1,0,113,255,51,1,1,0,2,0,0,2,0,1,0,0,0,1,0,0,0,0,2,3,2,1,0,2,0,0,8,212,230,1,0,0,0,0,2,1,1,0,0,1,0,0,1,0,0,1,0,0,0,0,0,0,0,0,0,96,253,40,0,0,0,0,0,0,3,3,2,1,0,0,4,0,0,0,1,2,2,1,0,0,2,2,4,63,255,69,2,0,1,4,3,0,1,0,0,1,0,0,2,0,2,1,0,0,0,0,0,2,0,2,0,76,247,19,3,0,0,0,2,0,0,0,3,1,2,0,3,2,0,3,0,2,0,1,0,0,0,1,1,180,249,2,2,0,0,0,0,2,0,0,0,3,2,1,0,0,32,0,0,0,2,0,0,1,1,3,18,228,191,1,2,1,0,1,0,0,0,0,0,2,3,2,0,12,236,78,4,0,4,1,2,0,17,157,231,184,8,2,1,2,0,0,0,0,2,0,4,0,0,0,2,4,114,254,92,32,11,56,80,171,235,234,132,12,0,1,0,0,1,0,1,0,0,0,0,3,2,0,0,2,3,129,228,246,235,255,249,175,108,39,0,0,0,0,0,0,0,2,0,2,1,6,0,1,0,3,0,0,0,0,1,0,2,0,0,1,0,1,0,0,1,0,0,0,2,0,3,0,0,0,0,0,1,0,1,0,1,0,0,0,1,0,0,0,0,3,0,0,1,2,2,0,0,0,0,0,0,1,0,1,0,2,0,3,1,0,0,0,4,0,0,4,0,0,0,0,0,0,2,4,0,0,0,0,0,1,0,0,0,0,1,3,4,3,4,2,0,1,1,0,2,0,2,0,0,3,5,0,0,3,1
0,0,0,3,0,0,0,0,0,1,0,0,0,0,2,0,2,0,1,5,5,2,3,0,0,1,0,2,1,0,3,0,3,0,1,1,3,0,0,1,0,2,0,1,0,2,4,1,1,0,0,0,0,3,0,4,0,0,1,0,0,0,0,0,2,0,2,1,0,0,0,1,0,0,1,0,0,0,0,0,0,1,0,2,0,0,0,1,0,3,2,3,0,17,206,216,0,0,1,2,0,4,2,0,0,0,1,0,3,1,0,0,1,0,1,0,0,0,0,1,16,204,253,217,0,0,0,0,3,0,3,0,0,0,0,3,2,0,0,0,1,0,0,1,1,4,0,19,209,253,251,139,1,0,1,0,0,0,1,0,0,1,2,0,0,1,0,0,1,0,3,0,3,0,0,133,252,253,152,1,2,0,0,2,0,0,0,2,2,0,0,2,1,2,0,2,1,0,0,0,0,1,20,208,251,239,39,0,0,4,0,0,1,0,3,0,0,0,0,2,0,0,1,0,2,0,0,0,0,0,206,255,250,151,0,0,1,1,1,0,1,1,0,3,2,0,0,0,0,3,3,1,0,0,4,0,1,0,253,255,241,35,0,0,0,0,3,1,2,0,0,1,1,0,0,0,0,1,0,3,0,1,0,3,0,0,255,254,233,0,2,0,4,0,0,0,35,51,48,50,48,52,4,1,0,3,0,0,3,1,0,0,0,0,253,255,234,0,0,0,0,0,67,182,235,255,251,254,251,254,188,125,30,0,3,0,2,0,0,2,1,0,251,251,238,0,0,0,1,13,198,252,252,200,189,144,124,174,248,253,222,122,1,0,1,0,4,1,0,0,255,253,138,4,1,0,0,140,254,253,170,17,0,0,0,1,109,216,255,250,0,2,0,1,2,1,0,0,251,255,208,2,0,1,1,175,251,254,64,0,1,1,0,1,0,113,253,253,1,1,2,1,3,0,4,2,254,253,235,0,0,3,0,177,255,253,61,0,0,0,0,0,0,109,251,214,0,1,0,0,0,1,0,1,252,252,244,35,0,0,0,173,254,253,163,0,0,0,2,0,4,113,255,88,2,1,0,0,0,1,0,0,101,252,251,232,87,1,0,24,124,229,243,180,62,0,0,0,0,158,253,111,0,0,0,2,0,2,1,0,5,205,254,252,206,2,0,0,0,115,231,251,241,87,3,0,43,243,255,82,0,2,0,1,4,0,0,0,2,26,252,254,249,153,37,1,0,3,50,146,182,244,184,106,227,253,96,0,2,0,0,0,0,2,0,0,0,2,89,209,255,252,244,211,113,111,111,114,121,172,254,254,206,23,0,2,0,0,2,0,0,0,1,3,4,0,1,81,132,209,251,249,246,253,254,253,254,215,134,87,4,0,0,0,1,0,0,5,0,0,0,0,0,0,3,1,1,5,25,126,128,130,127,128,127,25,0,0,0,0,0,1,1,0,3,0,1,1,0,0,2,0,0,1,1,0,1,3,0,1,0,0,0,0,0,0,0,0,0,0,0,0,0,0,0,0,1,3,0,0,0,0,2,1,0,0,2,0,0,0,0,2,0,0,1,1,0,2,0,1,0,0,1,0,0,0,0,0,0,0,1,0,0,0,0,0,2,1,1,0,1,0,1,2,0,0,0,1,1,0,0,0,0,0,2,3,1,0,1,1,0,1,2,2,1,1,0,0,0,0,0,0,2,0,0,0,1,0,0,0,0,0,0,0,2,1,0,1,0,0,1,0,0,0,0,1,0,0,3,2,0,0,0,0
1,0,0,2,0,2,0,1,2,1,2,0,0,0,0,3,0,0,0,0,0,2,0,0,0,3,0,3,0,0,0,0,0,0,1,0,0,0,2,0,0,0,0,0,0,1,1,2,2,0,0,1,1,3,3,4,1,0,1,1,1,0,0,0,0,2,2,2,2,0,1,0,0,2,0,1,0,0,0,0,1,1,0,0,0,2,2,0,1,2,0,1,0,1,0,2,0,2,0,2,0,1,0,0,2,0,1,0,0,1,2,0,0,0,2,4,1,0,2,1,0,0,0,1,0,3,0,0,4,0,0,2,0,0,0,0,0,3,3,0,0,2,0,1,0,0,0,2,0,0,1,10,29,7,105,224,255,129,8,3,0,1,0,0,2,0,0,2,1,1,0,0,0,0,0,2,1,1,1,85,255,182,252,252,251,251,123,16,0,0,3,4,2,0,2,0,0,1,0,3,0,0,0,0,2,0,0,121,252,252,254,148,57,254,255,142,0,0,0,0,0,1,0,1,1,1,0,2,1,4,0,0,0,0,48,246,254,255,104,3,0,153,249,168,0,2,2,0,0,1,0,1,0,0,2,1,0,0,0,0,0,0,169,252,253,253,83,0,0,13,207,252,92,0,0,0,0,3,0,2,0,0,0,0,1,1,0,2,0,3,173,251,250,247,66,1,1,4,171,250,214,0,1,0,2,2,0,0,1,0,1,0,0,0,0,1,0,2,170,252,250,101,0,0,2,0,83,251,253,0,3,0,3,2,0,0,2,1,1,0,0,0,0,0,0,30,242,253,250,2,0,1,0,0,57,252,251,2,0,2,0,0,1,0,2,0,3,1,0,1,0,1,1,43,252,253,254,0,0,0,0,1,57,251,254,0,0,0,0,0,0,0,0,0,0,1,0,0,0,0,0,141,250,251,255,2,2,0,0,0,55,249,251,2,1,0,0,0,1,0,2,2,0,1,0,0,0,0,0,226,255,223,167,0,1,1,1,1,57,251,252,0,0,0,1,0,0,2,0,0,0,4,1,3,2,2,0,255,251,167,1,0,1,0,0,0,54,252,253,0,0,0,0,0,0,3,0,0,0,0,0,1,0,0,0,250,255,167,0,0,1,0,0,2,120,254,189,0,0,1,0,3,3,0,0,2,1,0,2,0,0,1,1,254,252,93,2,2,1,0,0,0,167,251,66,0,3,0,1,0,0,3,2,0,3,0,2,1,0,1,0,254,253,55,0,2,1,0,0,12,195,252,27,0,2,0,0,0,1,2,0,1,0,0,0,0,2,2,3,253,252,159,2,0,0,2,1,180,252,176,4,3,0,0,0,0,0,2,0,0,0,0,0,0,0,0,0,182,253,179,18,1,18,66,192,252,211,25,1,0,0,1,0,5,0,0,2,0,4,0,1,0,0,0,0,27,235,250,215,171,227,252,250,211,29,0,0,0,0,2,3,1,0,3,0,0,0,0,0,0,2,0,0,2,131,253,251,250,250,251,213,24,0,2,1,0,0,0,1,0,1,0,0,0,3,3,0,0,1,0,3,0,7,62,241,251,176,106,16,3,0,0,0,2,0,1,3,2,0,2,0,0,0,0,1,0,0,0,0,2,3,0,0,1,0,4,0,0,0,0,0,0,2,2,0,2,0,0,0,0,1,0,2,0,2,1,3,2,3,0,1,0,1,0,1,1,0,1,0,0,1,2,1,0,1,0,0,1,1,4,0,1,4,0,0,5,0,2,2,0,0,3,0,2,0,1,0,0,0,0,0,3,0,0
0,0,0,0,2,1,0,1,0,0,1,0,1,0,2,0,0,3,2,2,0,1,1,0,0,1,0,2,0,1,0,0,0,2,0,2,0,2,5,0,0,2,1,1,0,1,0,1,1,0,2,2,0,0,0,0,0,1,0,0,0,0,3,0,3,0,0,0,2,0,0,0,1,0,0,0,1,0,1,2,0,0,4,1,1,0,0,0,1,2,0,0,0,0,0,0,0,0,5,0,3,0,0,0,0,0,1,0,0,0,2,2,0,0,0,0,0,0,0,0,0,0,0,0,0,5,0,0,1,0,0,1,0,0,1,0,0,0,1,0,0,0,0,2,1,0,0,5,91,253,144,0,0,1,2,1,2,2,0,0,0,3,2,0,0,0,0,0,0,2,0,3,1,3,1,19,198,252,241,23,0,1,0,0,2,1,0,0,149,228,97,0,0,0,1,0,0,3,0,1,1,3,0,55,252,254,251,30,0,0,0,0,0,2,1,30,253,253,194,0,0,0,0,1,1,0,0,3,0,0,0,58,253,251,177,12,2,1,0,0,0,3,0,140,253,252,105,1,0,2,1,2,0,1,2,0,2,1,0,54,250,252,140,0,0,1,0,0,2,0,15,205,255,255,54,0,3,1,2,1,3,1,2,1,0,1,2,120,252,254,137,0,0,0,1,0,0,3,28,250,255,214,33,0,0,0,1,1,2,0,0,0,2,0,3,195,250,254,138,0,2,1,0,3,0,1,32,254,253,40,2,1,0,0,0,1,1,0,0,0,3,2,0,196,255,252,27,2,2,4,3,4,3,12,79,250,253,25,0,0,0,0,1,3,1,1,0,0,2,4,61,234,252,240,0,1,0,3,0,2,0,61,253,251,180,9,0,4,0,0,1,0,3,1,1,0,0,0,80,250,254,189,143,139,139,142,140,80,47,165,251,253,142,2,0,0,2,0,0,0,0,0,0,0,2,0,86,255,252,251,255,253,252,253,249,253,255,253,254,253,141,0,3,1,0,0,3,2,0,0,0,1,0,0,53,230,254,253,255,250,252,245,217,217,243,255,254,253,139,0,3,2,0,1,0,0,2,1,2,0,0,2,1,76,196,195,54,58,55,50,31,30,46,209,251,221,29,1,2,3,0,0,0,0,5,0,0,1,3,1,2,0,0,0,0,0,1,0,1,0,70,232,250,110,0,4,0,0,0,0,0,0,0,0,0,0,1,0,0,0,2,0,0,0,0,1,0,0,228,250,253,112,0,0,0,2,0,0,0,0,1,0,2,0,0,0,0,0,2,2,3,1,0,0,0,0,224,252,253,112,0,0,4,1,3,0,3,1,0,0,0,3,0,2,0,0,0,0,0,0,2,1,0,101,250,251,243,73,0,0,0,0,0,2,0,0,0,0,4,0,0,0,1,0,0,1,0,0,0,0,0,112,252,253,248,91,0,0,0,0,1,0,0,0,1,0,0,0,0,2,2,0,0,0,2,0,0,4,3,40,238,253,153,97,1,0,2,1,2,0,0,1,0,0,0,0,0,3,0,0,0,0,1,1,0,0,1,0,148,250,82,2,0,0,1,0,0,0,0,1,0,2,0,1,0,0,3,0,0,1,1,0,1,4,0,0,3,0,0,0,0,1,3,0,4,1,0,0,0,0,0,2,0,0,1,1,0,0,0,2,0,0,2,0,0,0,0,3,0,0,0,0,2,1,0,0,0,0,1,1,0,3,1,0,0,0,0,2,0,0,2,0,0,0,0,0,0,0,0,1,0,3,0,1
0,1,1,3,0,0,0,0,0,0,0,0,0,0,0,0,0,1,0,0,3,0,0,0,1,2,0,1,0,2,2,1,0,0,1,1,0,0,0,0,0,0,0,0,1,0,0,0,1,2,1,1,0,0,0,5,0,0,1,0,0,2,3,1,0,0,0,3,1,2,0,0,0,0,0,2,0,0,1,0,0,0,0,1,0,2,0,0,0,0,0,1,2,0,0,0,0,0,1,1,4,1,2,0,0,0,3,0,2,2,1,0,0,1,2,0,0,0,0,1,0,0,1,0,0,0,1,0,0,0,1,0,0,1,0,0,2,0,0,0,0,2,0,0,3,0,5,0,0,0,1,0,1,0,1,79,255,107,2,2,0,0,0,1,0,0,1,0,0,0,4,0,2,2,0,0,1,0,2,0,0,0,2,203,252,217,0,0,0,0,0,0,0,0,0,0,0,0,2,0,2,1,0,0,0,0,2,0,0,1,0,255,252,198,0,2,0,0,0,0,0,0,1,0,0,0,0,1,2,2,2,3,0,0,4,0,0,0,0,255,251,95,1,2,0,2,2,1,0,0,0,0,0,0,2,1,2,1,0,2,1,0,2,0,1,0,0,253,251,76,2,2,0,4,0,3,2,0,0,2,0,1,2,3,2,0,2,0,0,2,0,0,0,0,34,251,228,0,1,2,4,0,0,0,1,0,3,1,0,1,0,3,2,1,2,0,1,3,0,0,0,2,163,252,132,0,2,0,0,2,1,0,1,4,3,0,2,0,2,1,4,0,0,0,3,0,0,0,0,0,242,254,106,0,0,2,1,0,0,0,0,2,3,0,0,1,2,0,0,0,0,0,1,0,0,0,2,103,251,246,10,0,1,0,0,0,1,0,0,0,0,1,0,0,0,0,0,0,1,4,0,2,0,0,0,108,251,128,0,0,1,2,0,0,0,2,3,0,2,0,0,0,0,3,2,0,1,0,0,0,0,1,0,115,253,0,0,0,0,0,0,0,0,0,3,1,2,0,0,0,0,0,0,0,1,3,0,0,1,0,11,232,254,0,0,1,1,0,0,0,0,1,1,1,0,0,0,0,3,1,0,2,0,1,0,1,0,1,99,255,236,0,3,0,0,0,0,0,0,0,3,1,0,0,0,0,0,0,2,0,2,0,2,1,0,0,178,250,108,3,1,0,0,0,0,0,0,0,0,1,2,0,3,1,2,1,0,0,0,1,1,1,0,3,218,251,12,0,1,0,1,1,0,0,0,3,1,0,5,5,0,0,0,1,3,4,5,0,2,3,0,0,218,168,4,0,3,1,5,3,1,0,2,0,1,0,0,0,2,0,2,0,1,0,0,0,0,2,0,30,230,143,1,0,0,1,0,0,0,0,3,0,1,1,0,0,1,0,0,5,0,0,0,0,0,0,0,85,252,144,0,1,0,0,0,1,0,0,0,2,1,0,1,0,0,1,0,1,0,3,3,2,2,0,0,11,223,145,0,3,0,2,2,0,1,1,0,1,2,0,2,0,2,3,1,0,1,0,1,1,1,0,2,2,159,197,6,0,0,0,4,4,0,1,1,1,0,0,0,2,1,1,0,0,0,0,1,0,2,0,0,1,0,1,0,3,0,0,1,0,1,0,0,1,3,0,0,0,1,2,0,0,0,0,0,0,2,0,0,0,0,2,1,0,0,2,0,1,0,4,0,0,0,1,1,0,1,0,1,0,0,0,0,0,2,0,1,0,2,2,1,0,0,0,4,0,3,1,0,0,0,0,0,1
1,2,0,2,2,0,0,1,0,1,0,0,0,0,0,0,0,0,0,0,0,1,0,2,1,0,1,3,0,0,0,0,0,0,0,0,0,0,3,0,3,0,2,0,0,2,1,0,1,1,0,0,1,0,2,1,0,1,1,0,0,2,0,0,1,2,0,0,0,0,1,0,0,1,0,0,0,0,0,1,3,0,0,2,0,2,0,1,0,0,2,0,3,0,3,0,0,0,2,0,0,0,0,1,0,1,2,0,1,5,0,1,0,4,0,0,0,2,0,2,1,1,0,0,0,0,0,2,0,0,0,0,0,0,0,0,1,2,2,1,2,1,0,0,0,1,0,1,1,0,2,1,0,3,1,0,3,2,0,2,0,2,2,2,0,2,0,2,0,0,1,0,0,0,1,0,0,0,0,1,1,2,0,1,0,0,1,1,1,3,0,1,0,3,0,0,0,3,0,0,0,1,2,0,0,1,0,0,4,27,75,156,166,196,163,27,0,0,0,2,0,0,1,0,2,1,0,1,3,1,0,0,1,0,3,59,184,241,254,254,254,254,253,163,2,0,0,1,3,0,0,0,1,0,1,1,4,0,2,3,2,52,182,246,254,253,217,198,125,168,240,255,63,0,3,0,0,0,0,2,0,0,0,0,0,0,0,0,118,233,253,247,161,78,0,1,3,1,181,253,109,0,0,1,0,0,0,2,0,3,1,0,2,0,1,115,252,252,214,63,2,0,0,1,0,0,184,255,160,15,2,0,0,0,0,2,0,0,0,0,0,0,95,255,253,185,4,0,0,3,0,1,0,41,228,255,255,126,1,1,0,0,0,1,0,1,0,2,0,1,126,250,202,7,0,1,0,1,4,30,54,173,250,253,255,42,0,0,0,3,0,0,4,0,0,0,0,3,131,252,204,71,33,32,17,103,187,237,254,254,255,253,161,4,0,0,1,0,0,2,3,4,0,2,0,1,88,249,250,255,253,246,223,253,255,251,254,251,255,255,105,1,1,0,0,2,0,0,2,1,0,0,2,0,0,97,228,254,252,255,255,221,138,70,103,217,254,231,15,0,0,0,4,0,0,0,0,0,1,0,4,3,3,0,0,59,92,49,0,3,0,4,64,254,254,90,0,0,0,0,0,2,0,2,0,1,0,2,0,3,0,2,3,3,2,2,2,1,1,0,181,255,198,9,0,0,2,0,5,0,0,1,0,1,0,1,0,0,0,2,0,1,0,1,3,3,0,27,234,252,86,0,0,0,0,2,1,2,0,1,0,1,0,0,0,0,0,0,1,0,1,0,0,2,1,127,253,240,16,0,0,4,3,0,0,3,0,0,0,2,2,0,4,0,2,0,3,1,1,4,2,1,1,144,250,203,0,0,0,0,3,0,1,0,0,0,0,2,2,1,0,1,0,0,0,2,0,0,0,1,49,237,250,141,2,3,0,0,1,1,0,0,0,0,0,0,4,0,1,5,0,0,3,0,0,1,0,0,184,255,246,80,0,1,2,0,0,0,1,0,0,0,1,0,0,0,0,1,0,0,0,0,0,1,0,49,255,254,138,2,2,0,0,2,0,0,2,0,2,0,0,0,3,1,1,3,0,1,2,0,2,1,1,155,255,221,71,3,2,0,1,0,0,0,2,1,0,1,0,1,0,1,0,2,0,1,0,1,0,0,2,60,195,68,2,2,0,2,0,0,1,0,0,1,0,3,3,2,2,0,0,1,2,0,2,0,0,0,1,1,0,2,4,0,4,0,3,2,0,3,0,0,1,0
0,0,0,1,0,0,3,0,5,0,0,3,1,2,0,0,0,2,0,2,0,1,0,0,3,3,0,0,0,0,1,1,1,0,0,0,4,0,0,0,0,0,0,0,0,0,1,1,0,0,0,0,0,0,1,0,1,0,0,0,0,0,5,1,2,0,0,1,0,0,2,0,1,0,0,1,0,2,0,0,2,0,0,0,1,0,0,1,0,1,1,2,0,1,3,0,0,0,1,0,1,1,0,0,1,4,0,0,0,0,2,0,1,0,1,0,2,0,0,0,0,0,0,0,0,2,1,3,0,1,0,3,0,2,3,0,2,2,0,0,0,0,0,4,0,3,0,0,0,1,0,2,3,0,2,0,0,0,2,1,1,3,0,0,0,2,0,1,2,2,0,2,0,0,0,1,2,0,0,0,0,0,2,0,0,0,0,2,0,0,14,123,162,2,1,3,2,1,1,0,2,1,2,0,0,1,0,0,0,1,2,3,0,0,1,0,86,105,199,226,86,0,3,5,0,0,0,1,1,0,0,1,0,0,0,0,0,0,2,0,17,36,170,223,242,236,73,58,3,0,0,0,0,0,1,4,2,0,0,0,0,5,1,0,4,47,63,136,240,253,252,161,55,14,37,0,1,0,3,0,3,3,2,0,2,2,0,0,0,0,98,212,213,244,252,255,254,193,67,23,0,0,0,3,3,0,0,1,0,4,0,3,0,1,3,4,0,1,161,230,237,229,159,83,0,0,0,0,0,0,0,0,0,2,1,0,1,0,0,3,0,0,0,0,1,37,85,121,27,27,0,2,0,0,2,0,1,0,0,0,0,0,0,1,0,0,0,1,2,0,1,0,42,128,96,61,2,1,0,0,0,0,1,0,2,1,0,2,2,0,3,4,1,1,0,0,2,0,2,2,85,202,45,0,0,0,0,0,0,3,0,1,2,2,0,0,2,1,1,2,1,0,1,0,1,0,0,0,14,237,245,34,1,1,2,2,0,2,0,0,0,1,0,0,2,0,0,0,0,0,0,0,0,3,0,0,36,180,255,209,192,38,0,0,0,1,1,4,4,0,1,0,1,1,0,2,0,0,3,1,2,0,2,3,0,33,63,64,182,143,0,0,1,0,0,0,1,1,0,0,0,0,2,0,0,0,0,2,0,0,0,1,4,0,0,0,150,205,9,0,1,1,2,2,0,1,0,0,0,1,2,0,2,0,1,0,1,0,1,1,3,0,0,4,253,224,15,1,1,1,1,0,2,2,1,2,2,2,4,2,1,4,0,0,1,2,3,1,0,1,0,2,254,98,6,0,0,2,3,0,1,2,2,0,2,0,0,6,0,0,5,1,2,0,2,0,0,0,0,0,219,13,0,0,0,0,1,0,0,0,0,0,0,0,0,0,0,0,0,1,0,0,1,2,0,0,19,174,255,62,0,3,0,0,0,0,3,0,1,4,0,2,0,2,0,2,1,2,1,0,0,2,2,1,127,253,223,33,2,0,1,0,1,0,0,0,1,4,0,2,0,1,3,0,0,0,5,1,0,2,1,21,255,200,40,1,4,1,0,3,2,1,0,1,0,2,2,0,0,0,0,0,0,0,0,0,4,1,0,2,132,6,3,0,3,0,3,1,0,0,1,4,0,1,0,0,4,0,1,0,3,0,0,2,0,0,0,0,0,1,1,3,1,0,0,1,0,0,0,0,0,0,0,3,0,0,0,0,0,0,0,0,0,0,2,1,0,0,1,0,0,0,1,0,0,0,0,0,0,0,0,0,0,1
1,0,0,0,0,0,0,1,0,0,0,2,2,0,4,0,1,0,1,0,0,0,0,0,1,3,0,0,0,0,0,0,0,2,0,3,0,1,2,0,1,0,1,0,0,0,0,0,1,0,2,4,3,0,0,1,1,0,2,0,1,0,0,0,0,1,3,0,0,0,0,0,0,0,2,1,0,2,0,0,0,1,2,1,0,2,0,0,0,0,5,0,0,2,2,3,0,0,0,0,2,1,1,1,3,1,0,0,0,0,0,1,1,0,0,1,0,0,2,1,0,0,4,0,0,0,0,0,0,0,0,2,2,2,0,1,2,0,1,1,0,0,0,1,3,0,0,0,0,3,0,0,3,0,3,0,0,0,0,2,0,0,0,2,2,0,5,0,3,0,4,0,1,1,0,0,1,0,1,0,0,1,0,3,0,0,0,1,0,1,2,2,4,1,0,1,0,1,62,190,250,128,128,126,66,0,2,1,1,0,0,0,0,0,1,0,1,0,0,0,2,0,0,0,0,1,129,252,255,255,254,255,255,252,255,255,255,127,128,65,2,2,1,0,0,1,1,0,0,0,0,0,0,4,64,254,255,254,255,255,255,255,255,255,255,255,255,251,190,65,2,0,3,2,0,0,1,5,0,2,0,0,0,0,60,63,128,129,127,130,255,255,255,255,254,255,255,255,128,1,3,3,0,0,0,0,0,0,0,3,2,4,0,1,0,0,0,3,3,0,0,62,190,255,254,252,253,254,66,0,0,2,1,2,1,0,0,0,1,1,0,0,0,2,1,0,0,0,1,0,0,60,253,255,252,255,128,3,0,2,2,1,1,0,0,0,0,1,0,0,0,2,0,0,0,0,1,0,0,2,67,255,249,255,129,1,0,0,0,0,1,0,3,0,0,1,2,2,0,0,1,2,0,1,2,0,1,0,0,128,255,255,255,0,1,0,0,0,2,2,0,0,0,0,0,0,2,2,0,0,2,1,1,0,1,0,0,129,254,255,252,61,2,0,2,0,0,2,0,0,6,2,0,1,1,0,3,0,2,1,0,0,0,0,3,126,255,255,253,129,1,0,0,2,1,0,1,0,0,0,1,0,0,0,1,3,0,2,0,1,0,1,0,127,254,255,255,0,2,0,0,2,0,0,1,0,0,1,3,1,0,0,1,0,0,1,0,0,0,3,0,130,255,255,190,0,0,3,3,0,1,1,0,0,0,0,2,1,0,0,1,5,0,0,1,1,2,0,1,195,255,255,127,0,0,2,0,0,0,1,2,0,0,0,2,0,0,0,1,0,0,0,0,1,0,1,131,255,254,255,66,2,0,3,1,0,0,4,0,0,3,0,1,0,0,1,0,0,0,0,0,0,0,0,255,255,254,190,1,2,0,1,0,0,3,0,0,0,0,1,2,0,1,0,0,0,1,0,0,0,2,2,253,254,255,65,1,1,0,3,1,2,0,0,2,0,0,0,0,0,0,0,2,0,2,0,2,0,0,190,254,252,255,0,2,0,2,0,0,0,0,0,0,0,0,0,0,0,0,3,2,0,1,1,0,3,132,255,255,254,189,0,0,0,4,0,2,4,0,0,0,0,0,0,0,0,1,0,1,0,2,0,2,3,128,255,254,189,2,2,1,2,1,3,0,1,0,1,0,0,0,1,0,1,0,0,1,0,0,1,1,1,128,255,255,65,1,2,0,0,0,0,0,0,0,0,0,1,0,0,0,0,1,0,3,0,2,2,0,1,0,1,0,0,0,0,0,3,0,1,1,0,0,0
2,2,0,0,2,0,0,1,1,0,0,1,0,0,0,4,1,0,0,0,0,0,0,2,0,0,0,1,0,1,0,2,1,0,0,0,3,1,0,1,0,0,0,2,3,0,0,3,1,0,0,0,1,0,0,0,2,0,0,0,0,0,0,0,3,0,0,0,1,0,2,1,0,3,1,0,0,0,1,0,0,1,0,0,2,0,0,0,1,1,0,0,1,1,2,3,0,0,4,2,0,3,0,1,2,2,0,3,0,0,0,0,3,1,2,0,0,2,0,0,0,0,0,0,0,0,2,0,1,3,0,0,0,0,0,0,0,0,0,0,0,0,0,1,0,1,0,2,0,0,0,0,2,43,45,49,0,0,1,0,0,1,0,1,0,0,0,4,2,0,0,1,0,0,3,2,2,0,0,4,108,249,253,253,206,208,207,208,150,63,16,0,0,0,0,0,0,3,0,0,1,1,0,1,0,0,12,188,253,251,253,252,255,251,253,250,254,250,214,23,0,3,0,1,0,0,1,1,2,0,0,0,0,55,202,255,255,199,126,124,60,95,82,71,149,218,253,163,0,0,0,1,3,0,3,1,2,0,1,0,1,138,253,251,198,20,0,0,0,0,0,0,0,154,251,208,1,0,2,0,0,0,3,0,0,5,1,1,2,138,255,253,21,0,2,0,0,1,1,2,73,240,252,211,1,0,0,0,1,0,0,0,3,0,0,3,0,107,250,254,103,0,3,0,0,3,1,33,226,253,255,161,0,0,0,0,0,4,3,0,0,0,3,0,1,2,148,252,229,39,2,1,1,39,153,255,254,253,180,28,0,0,0,1,2,2,0,0,1,4,0,0,0,0,19,198,255,206,10,37,68,232,253,254,226,140,11,2,0,0,1,0,1,3,2,1,0,2,0,1,1,2,0,16,211,254,215,238,254,253,236,129,17,0,2,0,0,0,0,2,0,2,1,0,0,0,1,2,0,0,0,102,230,252,254,249,226,77,12,0,0,0,0,0,1,0,0,0,0,5,0,0,0,0,0,1,68,169,252,253,255,255,252,251,121,0,0,0,1,3,3,0,2,0,2,0,0,0,0,0,0,29,130,230,251,251,252,188,115,62,209,255,248,22,3,0,2,0,2,3,0,0,0,0,0,0,1,0,165,234,253,255,246,161,45,11,8,92,243,255,255,53,0,0,3,6,0,0,3,2,0,0,0,0,0,0,127,255,251,254,209,93,123,159,203,251,255,250,229,16,0,2,0,3,0,0,1,0,0,0,1,0,0,2,0,131,242,254,253,255,249,252,255,252,255,227,32,2,2,1,1,0,0,0,2,2,4,1,3,1,0,0,0,1,27,113,141,204,204,207,211,206,123,16,0,0,0,0,0,0,0,0,0,0,3,0,0,1,3,1,0,0,0,1,0,0,0,2,2,0,0,0,0,0,0,0,1,2,1,0,1,0,0,0,0,1,2,0,1,0,1,4,0,0,0,0,1,1,0,0,3,0,2,2,0,0,1,3,0,0,3,0,1,3,0,1,0,0,0,2,3,1,2,1,2,0,0,0,0,0,1,0,3,0,2,0,0,2,0,2,0,4,0,0,0,0,3,0,0,2,0,0,3,3,0,1,0,3,2,1,2,0,0,0,0,0,0,2,0,0,0,0,2,0,1,0,0,2,1,2,0,0,0,0,2,0,0,0,3,0,0,0,1,1,0,3,0,3,0,0,0,0,0,0,2,1,0,0,3,0,0,0,1,0,0,2,0,0,1,0,0,0,1,1
0,0,0,0,0,2,0,2,2,0,1,1,2,0,2,2,2,1,3,0,2,0,0,0,1,0,0,0,3,0,0,1,0,0,0,2,1,2,0,1,1,0,4,0,2,0,0,1,0,0,0,1,1,1,0,0,2,1,0,0,0,0,0,0,0,2,0,2,0,2,0,1,0,2,0,1,0,0,0,1,0,0,1,0,0,2,0,0,0,1,3,0,0,0,1,2,2,0,1,3,0,0,3,0,0,0,1,1,0,0,0,2,2,1,1,0,0,3,1,0,2,3,1,0,1,0,2,0,0,1,2,0,1,0,1,2,1,0,0,0,2,0,0,1,0,0,0,1,0,0,1,0,1,0,0,0,0,2,0,0,1,0,1,0,0,0,1,0,0,0,1,0,1,0,0,0,0,0,142,255,208,174,198,139,87,30,0,0,2,0,0,0,0,0,0,1,2,1,0,0,0,0,1,0,1,68,220,80,75,155,186,238,234,251,193,28,1,0,2,3,0,0,1,0,0,0,0,1,0,1,3,0,3,163,195,0,2,0,0,0,0,114,83,9,1,1,1,1,0,2,0,3,0,2,3,0,5,0,0,2,0,213,159,0,0,0,3,2,1,2,4,1,0,0,1,4,1,1,0,2,0,0,3,0,0,0,2,0,9,221,114,0,0,3,0,0,2,2,0,1,4,0,0,1,0,1,0,0,0,1,0,0,0,0,0,0,30,244,130,0,0,0,1,0,3,0,3,1,2,2,0,4,1,1,1,0,0,0,1,3,0,4,2,0,0,169,246,20,0,0,1,0,139,68,1,0,0,0,3,0,3,3,0,1,0,3,0,1,2,0,1,0,0,133,253,101,0,1,0,0,189,136,1,0,0,1,1,0,0,3,1,0,0,0,0,0,0,1,0,1,1,82,252,106,1,0,2,86,228,90,1,0,0,0,3,0,0,0,0,1,0,0,1,0,0,1,1,0,0,2,197,231,10,0,0,156,253,57,1,0,0,1,4,2,0,0,1,0,0,0,0,0,0,4,0,0,0,0,110,251,127,5,11,203,255,56,0,1,1,6,0,0,1,0,0,0,0,1,0,1,0,2,3,0,0,0,0,192,251,183,188,178,255,57,0,0,0,4,2,0,1,1,0,0,0,0,0,0,1,0,0,0,0,0,1,19,116,147,20,146,254,57,0,0,1,2,4,2,2,1,0,2,1,2,0,0,3,0,2,0,0,0,2,0,2,1,2,98,254,56,0,0,0,0,0,1,2,0,2,1,0,0,3,0,0,0,0,0,1,1,0,2,1,0,1,96,254,60,0,1,0,4,1,0,0,0,2,0,0,0,0,0,0,0,3,0,0,0,0,2,0,0,0,165,255,59,0,0,0,0,5,1,2,3,1,0,3,2,0,1,0,0,1,2,0,0,3,0,0,0,0,137,235,9,0,0,2,0,0,0,0,0,0,2,1,0,0,2,0,1,0,0,0,0,2,0,0,0,0,98,250,54,0,0,2,0,1,1,0,0,0,4,0,3,0,0,0,0,0,1,0,1,1,1,0,1,0,102,245,40,0,0,0,0,1,0,1,1,0,0,0,0,2,0,0,1,0,0,0,0,1,0,0,0,0,127,228,2,0,0,0,0,1,2,0,0,0,0,1,0,1,0,0,0,2,0,0,0,0,1,1,0,0,0,0,0,0,0,1,0,0,0,2,1,0,2,0,1,0,1,6,0,2,0,0,0,0,0,0,1,0,0,1,0,0,0,0,0,0,2,3,0,0,2
1,2,0,0,0,2,0,0,2,0,2,0,1,1,0,0,0,1,0,2,0,1,1,0,1,0,0,0,2,2,0,0,1,0,2,4,1,3,2,0,2,0,5,0,1,1,0,2,0,0,0,1,1,0,0,4,2,0,0,1,0,1,0,1,1,2,0,2,0,0,0,0,0,2,0,0,0,0,0,1,0,0,1,3,0,0,0,0,2,0,2,0,0,0,0,54,192,88,14,2,0,0,0,2,0,0,1,0,2,0,2,0,0,0,0,0,0,0,1,0,0,0,0,172,253,253,169,42,2,0,0,0,0,0,0,0,2,2,1,0,1,2,0,2,1,1,0,5,0,0,0,108,250,252,253,232,99,3,2,0,1,4,1,0,4,0,2,0,1,0,0,1,0,2,0,0,2,0,0,1,115,225,253,255,252,138,25,0,1,0,1,0,0,0,1,0,2,0,1,0,2,1,1,1,0,1,2,1,0,85,113,147,254,252,151,0,0,2,0,2,1,0,0,0,0,0,5,1,0,0,0,0,0,1,2,0,1,0,0,11,133,250,255,126,0,0,0,3,0,1,3,0,0,0,0,0,4,1,0,3,0,0,1,0,0,2,4,0,0,178,250,195,6,1,0,1,0,0,1,2,3,0,1,0,0,0,0,1,0,1,0,0,0,0,0,0,0,9,255,253,20,1,0,0,1,0,0,0,2,1,0,0,0,1,0,0,0,0,3,0,0,0,0,0,0,95,255,251,21,0,1,3,0,3,2,1,1,3,0,2,2,1,2,0,2,0,0,1,0,0,0,9,133,245,249,184,2,0,0,0,0,2,0,0,2,1,0,1,1,0,0,0,2,145,255,228,147,126,124,200,252,250,213,27,0,0,0,0,0,0,0,0,1,0,2,0,2,0,0,0,0,154,253,251,255,255,252,252,232,128,32,0,0,1,1,0,0,0,0,1,0,0,0,0,0,0,2,0,2,8,78,125,216,236,252,248,145,1,0,1,0,0,2,2,2,1,0,0,0,2,0,0,1,0,0,0,0,1,3,0,0,16,141,250,231,30,1,0,0,0,0,0,2,2,0,0,0,0,0,1,0,0,0,0,0,0,1,2,0,0,48,244,253,43,0,0,0,0,0,1,0,0,0,4,2,1,0,0,0,0,4,123,60,2,0,0,0,1,51,246,254,43,0,0,1,0,0,2,0,0,2,0,0,0,1,0,1,0,79,245,29,1,2,1,36,146,212,250,255,39,0,0,0,2,0,0,0,1,1,1,1,0,2,0,1,0,176,253,23,20,35,128,222,252,253,243,135,1,2,1,2,0,0,2,1,1,1,1,0,0,1,0,0,24,254,252,252,254,251,252,255,192,111,41,0,0,0,1,0,0,0,0,1,0,0,2,1,0,0,2,0,2,179,246,254,255,155,149,57,2,0,0,1,1,0,0,2,2,0,0,0,3,0,0,0,0,3,0,0,0,2,0,0,0,0,3,0,2,0,0,0,2,0,0,0,2,0,2,2,0,4,0,0,0,0,0,0,0,1,1,0,0,4,0,1,0,0,0,1,2,1,0,0,3,2,0,2,0,1,0,3,0,1,0,0,0,0,0,2,0,1,2,0,0,1,0,0,0,3,0,0,2,2,0,3,0,0,0,2,0,0,0,0,1,0,0,4,0,0,1,0,0,0,0,0,2,0,0,0,0,0,0,2,3,1,0,0,0,2,0,0,0,0,3,0,0,0,1,3,0,0,0,2,1,0,0,0,1,0,0,0,0,0,0
2,0,3,0,0,1,1,0,1,0,0,0,2,0,0,3,0,0,3,0,0,1,0,2,0,2,0,3,0,1,0,0,0,0,0,0,0,0,2,2,0,1,0,0,1,0,0,0,4,0,0,0,2,1,1,0,0,0,0,0,1,0,0,0,2,0,1,0,3,0,2,3,4,1,2,0,1,0,3,0,3,0,0,0,0,0,2,0,1,0,0,1,2,0,0,0,0,1,4,0,0,1,1,0,0,0,1,2,0,0,0,0,1,0,0,0,0,0,3,1,1,1,1,0,0,0,3,0,0,0,0,5,0,0,0,0,0,0,0,0,0,0,3,0,2,2,0,1,0,3,1,0,0,0,2,0,1,1,2,2,3,0,0,1,0,2,0,0,0,1,2,0,0,1,0,2,3,4,0,3,0,0,1,4,2,2,2,0,0,1,0,0,0,1,0,3,1,0,2,0,70,198,254,242,146,237,211,169,128,132,129,95,106,129,85,119,71,75,2,0,0,3,1,1,4,2,1,0,127,248,251,254,253,255,252,251,253,251,253,248,252,252,255,255,254,253,255,13,1,0,3,0,0,0,0,3,0,59,111,113,110,109,112,113,139,235,232,235,241,238,239,255,252,252,254,62,0,0,0,0,0,1,1,0,0,2,3,0,2,1,0,0,5,2,3,0,34,17,45,238,253,243,169,1,0,0,0,0,1,0,1,0,0,1,0,0,0,0,0,5,0,0,0,1,0,1,108,252,254,140,0,1,2,2,0,0,0,0,2,0,1,0,0,1,0,0,1,0,0,2,0,0,0,71,236,250,215,55,0,0,0,0,0,0,0,0,0,0,1,1,1,0,0,49,85,43,44,42,14,0,77,240,250,234,20,0,3,0,0,0,0,1,0,0,2,0,0,2,0,1,23,224,255,250,255,253,193,172,239,255,251,171,48,28,2,4,0,0,0,0,0,1,1,1,2,0,2,1,22,206,253,254,253,254,254,255,254,255,254,252,255,221,181,32,0,1,0,0,0,0,0,2,0,0,0,1,0,11,70,130,154,236,253,253,255,252,253,253,252,255,251,102,2,1,0,0,1,1,0,1,0,1,0,0,0,1,0,2,43,236,255,255,198,140,60,66,63,63,58,2,0,0,3,0,0,0,2,0,1,1,0,1,1,0,0,15,174,254,253,159,10,0,1,0,0,1,0,0,5,0,1,2,0,0,0,0,0,0,1,3,1,1,2,146,254,254,101,11,0,0,0,0,0,1,0,0,0,1,0,1,3,0,0,0,4,3,3,0,1,0,78,242,255,157,10,0,3,0,0,1,0,0,0,0,0,0,0,0,3,3,0,0,4,0,1,2,0,35,243,253,206,11,0,0,1,1,0,0,0,0,0,1,0,1,0,0,0,0,0,0,1,1,0,0,0,85,254,231,59,1,0,0,0,0,1,0,0,2,2,2,3,1,1,0,0,0,0,0,0,1,0,3,83,243,255,91,0,3,0,0,2,0,0,0,2,1,0,0,1,0,1,0,0,2,2,1,0,0,0,77,247,252,233,45,0,0,4,2,0,0,1,0,0,0,0,0,0,0,2,1,0,0,0,0,0,1,14,251,253,238,50,0,2,2,2,1,0,0,0,0,0,0,0,2,2,0,1,3,0,0,0,1,0,0,17,253,253,154,0,1,0,0,0,0,0,0,0,0,3,0,0,0,0,0,3,0,0,0,0,2,4,1,0,0,0,0,0,0,2,3,0,1,2,1,3,0,1,0,2,0,0,0,0,0
0,0,1,1,1,1,0,0,0,1,0,0,0,0,2,0,0,1,0,0,0,2,0,0,0,0,1,1,0,0,2,0,0,0,2,0,1,0,0,1,0,1,1,0,0,1,1,0,0,0,2,1,0,0,3,0,0,0,1,1,0,0,1,0,2,1,0,1,0,0,0,1,0,1,0,2,1,1,0,2,2,0,0,0,0,0,0,1,0,1,1,0,1,0,1,2,0,0,0,0,0,0,2,0,0,0,0,0,1,0,2,0,2,1,0,2,0,0,1,0,0,0,0,0,0,2,0,0,0,0,1,0,1,0,0,1,2,0,0,0,0,0,2,0,2,1,1,1,4,1,3,1,1,0,1,0,216,83,0,0,0,0,0,1,1,0,1,0,1,0,0,1,0,5,0,0,2,1,0,1,0,3,0,0,216,141,0,0,0,1,1,0,0,0,0,0,2,1,2,0,0,0,0,0,1,0,0,21,122,11,2,0,222,144,0,0,2,2,0,0,0,2,0,1,0,0,0,0,0,0,0,0,0,5,0,39,253,73,2,0,218,144,0,1,3,0,2,3,1,0,0,0,1,0,0,0,0,0,1,0,0,0,0,39,255,70,0,3,221,140,0,2,1,0,0,0,2,0,0,1,0,0,0,0,0,1,0,0,0,0,1,102,254,98,0,2,195,172,0,0,0,0,0,0,0,0,0,2,0,0,1,0,1,1,0,0,1,1,3,141,253,75,0,6,129,235,2,0,0,0,0,0,3,0,1,0,0,0,1,2,0,0,1,1,0,2,8,221,254,64,1,0,126,234,0,1,1,0,1,1,0,2,0,2,0,4,2,0,0,0,0,1,0,0,131,252,253,136,110,114,210,162,2,0,0,4,2,0,2,2,0,0,0,0,0,1,1,2,0,2,0,1,236,254,254,253,255,255,254,145,1,0,0,1,0,0,1,0,0,2,2,0,0,0,0,1,3,1,0,0,236,254,201,83,60,58,234,145,1,0,0,2,0,0,0,0,0,0,1,0,2,3,0,0,2,0,0,0,189,77,4,0,2,31,238,141,2,0,0,1,0,0,2,1,1,0,0,2,0,0,0,0,0,0,0,0,0,4,1,3,0,37,243,143,1,1,0,0,0,0,0,2,0,0,0,1,1,0,0,0,0,0,0,3,3,0,3,0,0,53,254,141,3,0,0,3,3,0,0,0,0,0,0,3,0,0,1,0,0,0,0,0,6,0,0,1,0,57,252,144,2,0,0,0,0,1,0,0,0,0,0,2,0,4,1,0,1,0,2,0,0,0,0,0,0,82,253,87,0,1,0,0,0,0,0,0,0,0,0,0,0,0,1,3,0,3,0,1,0,1,0,2,1,149,254,50,1,0,0,0,2,0,1,0,0,1,0,0,0,0,3,0,1,1,0,1,0,1,2,0,0,143,255,55,0,0,0,1,0,0,2,0,0,0,1,0,3,1,0,0,0,0,1,0,1,2,0,0,2,145,223,10,0,0,0,0,0,0,1,0,1,2,4,0,0,4,0,0,1,0,0,1,1,0,2,0,0,113,121,0,0,2,0,1,0,0,0,1,0,1,0,1,0,0,0,1,3,2,2,0,1,0,0,0,1,1,0,0,1,2,0,0,1,0,0,0,0,0,0,3,1,1,1,1,0,0,0,0,0,1,1,4,0,0,0,2,2,0,1,0,0,2,0,0,2,0,2,0,0,0,1,0,0,0,0,2,1,0,0,1,1,1,0,1,0,0,0,0,0,1,3,3,1,0
0,0,0,1,1,0,0,0,0,0,1,0,1,0,0,0,3,0,0,1,0,0,0,1,0,0,1,0,0,0,0,0,0,2,0,0,1,1,0,0,0,0,0,0,0,0,2,1,1,0,0,0,4,2,1,0,2,0,0,2,3,1,0,0,0,0,2,4,101,150,0,0,0,0,2,2,0,0,1,0,1,0,0,0,0,0,0,0,1,0,1,0,0,5,3,42,253,177,0,0,0,0,2,0,2,2,0,1,0,0,3,0,2,0,0,2,3,1,1,0,0,0,0,211,253,133,1,0,0,0,0,0,3,0,2,3,0,0,0,0,0,0,1,0,0,2,2,2,0,7,146,251,143,3,3,0,0,0,1,0,1,0,1,0,0,0,2,0,1,1,4,2,3,1,0,0,1,77,250,99,1,0,1,0,0,1,1,2,0,0,0,3,0,0,0,2,0,2,0,0,1,0,0,0,1,165,221,11,0,0,3,0,3,1,1,17,19,2,2,0,0,0,0,0,2,1,0,0,3,4,1,0,76,241,111,4,0,0,0,0,2,7,127,238,238,176,3,1,0,0,2,0,1,4,0,1,0,0,2,3,151,195,0,0,2,0,1,2,60,237,247,251,251,249,63,0,1,2,0,0,0,3,0,0,0,0,0,1,246,161,0,0,1,0,0,10,199,252,170,65,214,247,72,0,2,0,1,0,1,0,4,0,1,1,0,42,226,17,3,0,0,0,3,179,251,166,3,0,199,240,2,3,0,1,1,1,2,3,0,0,0,1,0,161,218,1,1,0,4,0,62,253,202,18,2,3,150,242,0,0,1,0,1,2,0,1,1,0,0,0,0,209,152,2,0,4,1,1,187,254,77,0,1,1,197,165,1,1,0,0,0,0,1,2,0,0,0,0,0,211,184,0,0,0,0,1,223,227,13,0,0,45,243,133,0,0,0,0,0,0,3,1,0,0,0,0,0,210,120,0,0,3,0,42,235,212,1,0,14,203,252,30,0,0,0,1,2,3,0,2,0,0,0,1,3,208,192,0,0,3,0,75,250,110,1,2,116,253,168,9,0,0,1,0,3,1,1,0,2,0,3,1,2,207,231,2,0,0,1,81,252,111,0,80,251,249,56,0,0,0,3,0,0,0,0,2,0,0,0,0,0,106,250,131,3,0,0,78,249,164,38,223,236,58,8,0,0,0,0,0,0,2,0,1,0,0,1,0,0,0,173,231,154,10,0,94,251,255,253,250,119,0,0,0,1,0,0,0,3,3,2,0,1,0,2,0,0,0,91,223,250,195,185,239,250,252,251,253,86,0,0,0,0,0,1,1,4,0,0,0,1,3,0,0,0,0,1,46,142,244,250,218,139,156,222,100,0,0,0,0,0,1,2,0,0,2,0,1,1,0,0,1,0,0,0,0,0,1,1,0,1,0,1,1,1,0,2,1,1,0,1,2,0,0,0,0,0,1,0,2,1,1,4,0,0,1,0,0,0,2,1,0,0,0,3,0,3,0,0,0,0,1,0,1,0,0,1,0,0,0,2,4,1,0,3,0,2,0,0,1,3,1,1,0,0,0,0,0,0,1,1,1,0,0,1,1,3,0,0,0,0,1,3,0,0,0,1,0,0,1,0,0,1,2,1,1,0,0,1,1,1,0,0,3,0,0,0,0,1,0,2,1,0,3,0,0,1,0,0,1,2,0,2,0,0,0,1,0,3,0,1,0,0,2,1,1,0,0,2,0,0,0,1,2,0,0,2,0,0,0,0,2,3,1
0,0,0,0,0,1,0,0,0,2,0,2,0,2,0,0,0,0,0,0,0,0,2,1,3,2,0,4,0,0,3,0,1,1,2,0,3,2,0,0,2,0,1,1,0,1,0,0,0,0,0,0,3,0,0,0,0,0,4,0,1,0,1,0,0,0,0,0,0,1,1,1,0,1,0,3,3,4,0,0,2,3,2,0,0,0,2,1,0,1,0,0,0,1,0,2,1,0,3,1,1,2,0,0,2,0,0,0,0,2,0,0,0,0,1,1,3,0,0,0,0,0,0,1,0,0,0,0,1,3,0,0,0,2,2,1,1,0,2,2,0,2,0,0,0,0,3,0,2,0,1,0,0,0,0,1,1,0,2,0,13,181,254,48,1,0,0,0,0,5,0,1,0,0,0,0,1,0,0,1,3,1,0,1,0,4,0,88,136,255,232,32,0,0,0,4,1,2,1,1,2,0,0,0,1,1,0,0,1,3,0,0,1,0,101,236,252,248,44,0,0,2,1,0,3,0,1,0,0,0,2,0,9,86,44,0,0,0,0,1,1,12,207,247,233,80,0,1,1,0,2,0,3,3,0,2,0,1,2,51,186,244,80,0,0,1,3,3,1,84,86,231,188,5,0,0,0,1,0,0,1,3,0,1,1,0,28,232,165,55,0,1,2,2,0,0,0,61,154,230,56,0,0,1,3,0,0,1,2,2,0,0,4,136,140,208,23,0,0,0,0,0,2,0,0,214,254,138,3,0,1,2,1,0,0,2,1,0,1,2,47,255,255,69,0,3,0,1,0,4,0,0,61,226,253,127,0,0,2,0,0,0,1,0,2,0,0,1,45,254,250,65,0,0,0,1,0,3,0,0,53,190,251,86,1,0,0,1,0,1,2,0,1,3,0,0,67,252,252,145,4,4,2,0,2,0,0,48,38,239,204,12,0,1,0,2,0,0,2,0,0,2,0,0,70,255,252,255,194,100,12,0,2,59,58,187,217,249,176,0,0,1,1,0,0,0,1,1,2,1,0,1,5,127,248,254,254,253,248,248,250,251,252,254,255,255,159,1,0,0,0,0,0,0,0,0,0,0,1,0,2,1,118,191,254,251,252,251,252,232,200,253,249,168,45,0,0,0,0,0,2,2,0,0,1,1,2,1,0,4,1,3,23,152,126,17,13,15,8,54,253,181,40,1,0,0,0,0,0,0,3,0,0,0,0,4,0,0,0,0,0,0,0,0,1,0,4,16,179,252,74,0,0,0,0,0,1,0,0,1,0,1,1,0,0,0,0,0,1,0,0,1,2,1,0,138,237,253,74,0,0,1,0,0,1,3,1,0,0,0,0,0,2,1,1,2,1,0,0,2,1,0,1,197,253,234,22,0,0,0,1,0,0,2,1,0,0,0,3,2,0,1,1,0,0,2,1,0,3,1,0,203,187,134,0,2,0,0,1,0,1,0,0,2,0,1,0,0,0,1,0,0,0,1,2,0,1,0,0,250,166,91,2,0,0,0,4,1,0,1,1,0,0,0,0,2,0,0,0,0,0,0,0,1,2,1,0,132,13,0,1,0,0,0,0,0,3,0,1,0,0,0,0,0,1,0,3,1,0,0,0,0,0,1,0,0,1,0,0,0,2,0,0,0,0,0,0,0,0,1,3,0,0,0,0,0,1,1,0,0,0,0,3,0,2,0,1,0,0,0,0,0,0,2,1,0,0,0,2,1,1,0,0,2,4,0,0,2,3,3,0,0,0,0,1,1,1,0,0,1,0,1,0,2
3,0,1,1,2,1,0,0,5,0,0,0,0,0,0,0,3,0,0,2,2,1,0,0,0,4,1,0,0,1,0,0,1,0,0,1,1,0,0,0,0,0,0,0,0,0,0,0,1,1,0,0,1,0,2,2,1,1,0,0,0,0,0,0,0,4,1,0,1,1,0,0,1,0,1,3,0,3,1,2,0,3,0,0,0,0,4,0,1,0,1,0,0,1,0,1,0,1,0,3,0,1,0,1,0,0,1,0,0,0,0,3,0,1,1,0,0,0,0,2,1,1,0,0,1,0,0,0,2,0,0,1,1,2,0,1,0,0,0,0,3,2,1,0,0,0,1,0,62,128,128,128,255,127,253,190,128,64,0,0,3,1,0,0,1,0,0,0,0,0,0,0,2,0,0,62,253,255,190,255,255,255,255,253,255,254,66,1,2,0,0,0,0,0,0,0,0,1,0,0,0,1,2,126,255,255,254,255,255,254,255,255,254,255,255,64,0,1,3,2,2,0,1,0,1,1,0,0,2,0,0,65,131,131,126,128,64,1,132,190,255,255,255,126,0,2,0,2,0,0,1,0,0,2,0,0,3,1,0,0,0,3,3,0,0,1,2,128,253,254,255,125,0,1,0,0,0,0,0,0,0,0,1,2,0,2,2,0,2,0,0,0,62,128,129,188,253,255,255,65,1,0,1,0,0,1,0,0,0,0,0,1,0,3,0,0,1,1,0,129,255,255,255,254,254,253,190,1,1,2,0,1,0,0,0,1,0,0,0,0,0,0,3,0,1,4,66,252,255,251,253,255,254,191,63,3,0,0,0,2,0,0,1,2,0,0,1,2,2,0,1,0,1,131,255,252,255,254,255,254,255,0,2,2,0,0,0,0,0,0,4,0,0,0,0,0,0,2,0,1,0,255,255,253,255,255,255,254,255,193,63,1,1,0,0,0,0,1,0,0,0,0,0,2,1,0,0,0,0,191,254,255,254,253,254,255,255,253,191,0,0,0,0,0,3,1,0,2,3,1,2,1,0,2,0,3,1,1,129,129,127,127,129,253,254,255,255,130,1,1,0,1,0,0,0,2,0,0,0,2,0,0,1,0,1,0,3,1,4,1,0,64,255,255,254,189,2,0,0,0,0,1,0,0,0,0,0,0,2,0,2,0,0,0,0,0,0,0,1,0,253,255,254,255,4,0,1,1,0,0,2,0,0,0,0,1,0,0,0,0,1,0,0,64,1,0,0,0,255,252,251,255,0,0,0,0,2,0,0,2,0,0,0,2,1,2,1,0,0,1,131,254,190,0,64,254,255,255,255,128,4,1,1,0,0,0,1,3,0,0,0,0,0,0,2,0,0,129,193,255,253,194,254,255,254,255,253,0,1,5,0,0,0,0,2,2,1,2,1,1,1,0,0,0,1,0,252,255,255,255,255,252,255,255,125,2,0,1,0,2,1,0,0,0,3,0,0,0,2,2,0,0,0,3,254,255,253,253,253,255,255,67,0,2,0,0,1,1,0,0,1,0,0,0,1,0,0,0,1,3,2,0,2,192,255,253,255,130,66,1,0,0,0,1,1,0,0,0,3,2,2,0,0,0,3,0,1,0,0,0,0,0,1,0,2,2,0,1,0,1,1,0,0,0,3,0,0,0,2,0,0,2,0,1,0,0,0,0,0,0,0,0,1,0,0,0,0,5,1,0,0,0,0,0,0,0,4,3,2,0,0,3,2,0,0,0,0,0,1,0,0,0,0,0,0,0,2,1,0,0,2,0,0,4
0,1,2,2,2,0,1,0,2,1,4,2,0,2,0,0,0,3,0,0,0,1,0,0,0,0,2,0,1,0,1,3,0,1,2,0,2,1,1,0,1,0,2,0,1,0,1,3,0,2,0,3,0,0,1,2,0,0,0,0,1,0,0,1,1,0,0,0,2,0,1,0,1,1,3,0,0,0,0,1,1,1,2,3,0,0,2,0,2,2,0,1,0,1,1,0,1,0,0,0,0,0,0,0,2,0,0,1,0,2,0,1,1,0,0,0,0,1,0,2,0,0,2,0,0,0,0,1,0,2,0,1,0,0,0,2,1,2,0,1,2,0,1,0,0,2,2,0,0,0,0,0,13,20,3,0,0,0,0,1,0,0,0,0,0,1,5,2,2,1,2,1,0,0,1,1,0,0,0,106,219,230,134,58,91,88,95,93,43,0,1,0,0,0,0,0,2,0,1,0,0,0,3,1,2,9,162,251,253,254,255,252,255,255,253,255,250,137,22,0,0,0,6,1,0,0,0,0,1,0,0,0,34,204,255,255,252,252,253,236,200,133,131,195,240,253,178,2,0,1,0,3,1,2,0,0,0,4,0,32,224,252,225,203,127,136,199,33,0,0,0,2,37,177,255,129,3,0,0,2,0,2,1,0,0,1,19,221,254,239,31,3,0,0,1,0,0,0,0,1,0,6,235,240,116,1,0,1,0,0,0,1,2,3,122,255,248,64,1,0,0,0,3,0,0,0,0,0,2,0,84,254,255,1,1,0,0,0,0,0,0,63,254,255,99,2,2,3,0,0,0,1,0,0,0,0,4,3,67,254,254,2,0,0,0,0,0,1,2,208,253,237,2,2,2,2,0,1,0,0,2,1,3,0,0,0,67,253,253,0,1,3,1,0,1,3,0,252,253,115,2,0,3,0,0,0,0,0,1,1,0,0,0,0,69,253,246,3,1,0,0,1,1,0,1,253,243,47,0,0,0,0,0,0,0,1,1,2,0,1,0,0,127,255,197,0,1,0,1,0,0,2,0,255,255,68,0,0,1,0,0,0,0,0,0,0,0,0,2,19,248,255,140,2,1,0,0,2,2,1,0,254,252,73,2,2,0,0,0,0,0,1,0,3,0,3,78,220,253,231,36,0,0,0,2,0,1,1,3,162,255,254,97,0,0,0,0,0,0,0,0,40,112,194,252,255,203,20,0,0,1,0,2,2,0,2,0,30,224,255,247,185,135,103,62,133,137,133,198,241,255,255,235,142,8,0,0,1,0,0,2,0,0,1,0,1,29,164,254,254,255,251,255,253,253,254,254,254,251,127,32,1,0,0,2,1,1,0,1,0,1,0,0,0,0,2,56,174,186,182,212,184,188,187,120,88,51,0,0,0,0,1,2,0,1,1,0,0,2,0,1,2,2,3,3,0,0,1,13,0,0,0,0,0,1,5,4,3,0,2,0,1,0,2,0,2,3,0,0,0,0,0,4,0,2,0,0,0,0,1,0,0,0,0,0,4,3,2,0,0,0,3,0,2,0,0,1,1,1,1,0,5,3,0,0,1,1,4,0,0,0,0,0,2,0,0,4,0,2,0,0,0,2,2,0,1,3,2,0,0,0,0,1,1,1,0,0,1,0,0,0,0,0,1,0,0,2,0,4,3,1,3,1,1,2,1,0,3,4,0,6,0,0,1,0,0,2,0,0,2,0,1,3,4,0,2,2,0,1,3,0,0,1,3,0,2,0,0,3,0,1,2,1,0,1,3,0,0,0,0,2,0,2,1
0,0,2,1,1,0,0,0,3,1,0,0,0,4,0,0,0,0,0,0,0,2,0,0,0,1,0,3,1,1,0,0,0,2,0,2,0,2,0,0,0,0,0,3,1,3,0,0,0,0,1,0,2,1,2,5,1,0,1,2,0,3,2,0,3,0,1,0,0,3,1,0,2,0,0,1,0,2,1,0,0,2,0,0,1,0,0,0,1,0,1,0,0,1,2,0,1,0,0,1,1,0,0,0,0,0,0,3,0,1,0,0,0,0,0,1,1,1,0,0,0,0,0,0,1,0,0,0,0,0,0,1,3,0,1,0,4,0,0,0,0,0,1,3,0,3,0,2,0,0,3,0,0,0,0,0,1,2,1,2,0,0,0,0,0,0,0,0,1,0,1,1,0,3,1,0,0,0,1,0,0,0,0,1,6,0,0,0,0,0,1,0,0,2,3,0,1,0,0,1,0,0,0,1,2,0,18,15,15,45,0,1,0,0,2,0,0,0,0,0,0,1,0,0,0,0,225,250,253,248,229,245,253,251,251,207,210,242,234,180,129,21,1,0,1,0,0,0,1,0,1,2,0,0,179,253,253,254,254,255,255,255,252,254,254,254,254,255,253,250,183,160,96,24,0,1,0,0,0,0,1,0,6,12,15,16,13,11,12,15,88,96,142,115,137,239,255,253,253,255,255,107,0,1,1,1,2,0,0,0,0,0,0,1,0,1,0,0,0,0,0,1,0,11,55,166,238,254,255,253,2,3,0,0,3,2,0,3,0,0,0,0,0,0,0,0,0,0,0,1,1,2,2,2,56,239,255,255,3,0,2,0,2,0,1,0,3,2,2,4,1,3,1,1,0,2,0,2,4,1,0,0,28,224,251,175,0,0,1,0,0,2,0,1,1,2,0,2,1,0,5,2,2,0,0,1,0,1,0,1,147,252,252,102,0,0,1,0,2,0,0,0,0,0,0,0,3,0,2,0,0,0,0,0,0,0,2,42,222,255,159,1,0,0,0,2,0,0,0,1,2,0,2,0,0,0,0,2,0,3,0,0,0,0,25,225,252,239,67,2,2,0,0,2,0,0,0,0,1,0,0,1,2,3,0,0,1,0,0,0,2,26,211,252,255,75,0,0,0,0,0,0,0,2,0,0,2,0,0,0,0,3,0,1,0,0,0,0,6,190,251,254,94,1,3,2,0,0,3,3,0,1,0,0,0,0,0,1,0,0,1,0,1,0,0,0,139,253,255,188,2,0,0,2,0,0,0,0,0,3,1,1,0,0,0,0,0,1,1,0,3,1,0,77,244,252,190,15,0,0,0,3,0,1,0,0,0,0,1,3,1,0,4,0,0,3,0,1,0,0,23,231,252,233,36,0,0,2,0,0,0,0,0,2,2,0,0,3,0,1,0,0,0,1,1,0,1,24,206,252,253,56,0,0,3,0,0,0,0,0,0,0,0,0,0,0,0,1,2,3,0,0,1,0,0,192,251,253,138,14,1,1,0,0,1,0,1,1,0,0,0,0,1,0,0,1,2,0,0,0,0,0,107,250,255,163,14,0,0,2,2,0,0,1,0,0,2,2,0,0,2,3,1,2,0,0,1,0,1,1,195,255,175,33,5,0,0,0,0,3,0,0,0,0,0,2,1,1,0,6,1,2,0,0,0,1,1,3,45,66,0,0,0,2,0,0,0,1,0,0,0,4,0,0,2,0,0,0,1,0,0,0,0,0,0,0,1,1,0,2,2,0,3,0,0,3,0,0,0,0,0,2,3,2
0,0,0,0,0,1,2,1,1,0,0,2,0,0,0,3,0,0,0,1,4,1,0,1,0,0,0,0,2,0,0,1,0,0,0,0,1,1,0,2,0,0,1,0,0,0,0,0,1,0,3,1,0,1,0,0,0,0,0,0,0,0,0,0,0,2,0,1,2,3,0,1,0,0,0,0,0,1,1,0,4,3,1,0,0,1,0,0,2,3,0,0,0,0,2,1,5,1,0,0,0,0,0,0,0,2,0,1,2,1,2,0,4,1,2,5,1,0,0,2,1,0,1,87,253,255,255,253,133,0,0,3,1,0,2,1,1,0,1,0,2,0,2,0,0,0,4,1,0,0,91,252,252,255,253,251,254,250,160,118,44,2,2,0,3,0,0,0,3,0,0,2,2,1,0,1,0,0,214,255,254,253,253,255,249,254,249,252,231,100,0,1,0,0,3,0,0,0,0,0,0,0,0,1,0,146,249,255,254,225,49,52,168,253,253,251,249,233,3,1,0,1,4,0,0,3,1,0,1,3,0,0,96,255,255,251,181,18,0,4,2,50,170,253,253,251,151,1,3,0,0,0,0,0,0,0,2,0,0,92,223,251,253,255,60,1,0,2,0,3,23,218,255,253,248,42,0,1,1,0,2,0,0,1,1,0,38,244,255,251,255,140,6,0,3,1,2,0,0,42,221,251,251,117,0,2,2,2,0,1,0,0,1,0,118,253,252,252,223,26,0,2,4,2,2,0,2,2,157,253,252,121,0,2,2,0,2,0,0,2,0,0,116,253,252,253,57,1,2,1,1,3,0,0,0,0,158,255,249,118,2,1,3,3,0,0,0,0,0,1,153,253,251,178,8,0,0,1,0,0,1,0,0,2,154,253,253,217,0,2,1,1,1,0,0,0,1,2,245,253,251,57,0,2,0,0,0,0,2,2,0,2,155,254,254,247,1,4,1,0,0,0,0,0,0,2,150,253,255,121,2,0,1,0,1,1,2,1,0,0,158,253,253,222,0,3,0,0,4,0,0,4,0,1,210,254,253,156,2,0,0,0,0,0,0,1,0,9,174,255,252,118,0,0,0,4,0,0,0,0,0,0,160,252,251,156,0,2,2,0,0,0,0,0,7,132,251,251,254,118,1,1,0,0,1,2,0,4,3,0,118,254,255,155,0,0,0,4,0,0,1,6,71,254,255,255,253,100,1,2,0,1,3,1,3,0,0,0,44,243,255,220,32,1,1,0,0,5,27,132,253,252,255,250,149,0,3,0,0,1,1,0,0,3,0,0,1,239,253,255,215,39,127,151,150,175,252,251,253,253,251,215,2,3,1,0,0,1,0,0,1,0,0,1,2,108,246,253,252,253,255,255,251,252,252,253,255,254,153,2,0,0,0,0,1,1,2,1,2,0,0,0,0,2,228,255,254,254,251,250,255,224,210,156,181,117,46,0,0,0,0,3,2,1,0,0,0,2,0,0,0,0,0,159,140,234,85,123,121,95,2,0,0,0,2,0,4,0,0,0,0,2,0,2,0,0,0,0,0,1,0,3,0,0,0,0,0,1,3,3,2,0,0,0,0,0,0,0,1,0,0,4,0,0,0,0,0,2,0,4,0,2,1,1,3,0,0,2,0,0,0,0,0,0,1,0,2,2,1,0,4,0,0,0,0,2,0,1,0,0,0,0,1,2,0,0,5,0,0,0,0,0,0,1,0,0,1,1,1,0,0,2,3,0,1,0,0,0,1,0,0,4,1,0,0,1,1,1,0,2,2,0,0,1
1,0,0,0,0,0,2,0,0,0,0,1,0,1,0,1,0,0,0,0,0,0,0,1,1,2,1,0,0,0,0,0,5,0,1,1,0,0,2,1,1,2,0,2,0,0,0,1,2,0,2,0,2,0,1,0,0,3,1,4,1,0,1,0,1,0,1,3,0,0,1,0,0,0,3,3,2,1,0,0,0,0,0,2,1,1,0,0,3,0,0,0,2,0,2,2,0,2,2,0,0,0,1,0,0,0,0,0,0,3,0,1,0,0,0,0,0,0,0,46,135,243,255,253,254,254,254,252,205,132,6,0,2,0,4,0,0,2,2,2,1,2,1,0,0,2,32,227,252,253,250,251,229,135,189,216,234,254,195,55,2,0,1,0,1,0,0,1,0,5,1,0,2,0,43,241,252,252,250,193,31,0,2,1,36,146,253,178,16,0,0,0,0,0,1,0,0,0,4,0,0,4,2,85,181,182,68,0,1,2,0,0,0,4,142,252,156,0,2,2,3,0,5,0,2,2,0,2,0,0,0,3,0,0,1,0,1,5,2,0,0,0,4,181,241,86,2,0,0,0,0,2,1,0,0,2,0,0,0,3,0,0,0,1,0,1,3,2,3,0,0,118,250,171,0,0,0,1,2,2,3,0,0,0,0,2,1,0,1,3,0,0,0,0,0,2,0,1,0,49,251,171,1,0,0,2,0,2,2,0,1,2,2,2,0,0,0,0,0,0,0,0,0,1,0,0,2,48,253,170,0,0,2,0,0,0,0,0,0,2,0,0,2,0,0,4,1,2,0,0,1,2,0,0,0,122,251,170,0,2,0,0,2,0,1,0,2,0,0,0,1,0,3,0,2,2,2,0,0,0,1,1,0,165,253,87,0,0,0,1,0,0,1,0,1,0,2,1,0,0,0,0,2,0,0,0,2,3,0,1,10,191,203,9,0,0,1,0,0,0,2,0,0,0,0,0,1,0,0,0,1,0,0,0,1,0,0,4,115,255,188,0,0,0,2,0,1,1,0,0,1,0,0,0,0,0,0,0,1,0,0,3,0,0,4,14,253,253,82,0,1,4,0,0,3,1,0,0,0,0,0,0,2,1,55,129,17,7,0,0,0,0,8,190,255,150,6,1,1,2,0,0,0,0,2,4,0,0,1,0,32,178,251,254,254,193,148,122,11,0,126,253,230,35,0,0,0,0,2,1,0,1,0,2,0,0,3,22,186,255,215,102,201,206,254,254,188,165,247,253,125,3,0,0,0,0,4,3,0,0,0,2,0,0,1,36,250,201,15,0,0,6,92,232,251,250,254,239,1,0,1,3,4,0,0,2,0,0,0,1,1,0,0,34,253,240,106,12,4,48,157,241,252,253,254,254,132,30,0,0,0,1,5,0,3,0,0,1,1,2,0,22,174,252,252,225,222,239,254,253,224,51,84,252,255,131,1,0,0,0,0,1,0,0,1,0,0,0,0,0,1,54,231,255,253,255,230,109,11,0,0,84,254,249,121,0,1,0,0,2,0,5,0,0,0,0,0,0,0,1,3,1,0,4,0,0,2,0,0,0,0,2,0,0,1,0,1,2,3,3,0,1,0,0,0,5,0,1,0,2,0,0,0,0,0,1,0,1,0,2,0,0,5,0,1,5,1,0,1,0,0,0,1,0,4,0,0,4,1,1,3,0,0,0,0,3,2,0,0,0,0,3,1,0,1,3,2,2,4,0,0,3,1,0,1,0,0,0,0,0,0,2,0,1,1,0,2,1,1,0,2,1,0,0
0,1,0,0,1,1,0,0,1,1,4,0,0,0,0,0,3,0,0,2,0,2,0,3,1,0,0,3,2,0,0,0,1,0,0,0,4,0,0,0,0,2,0,0,0,0,0,2,1,0,1,0,0,0,0,1,0,3,0,0,2,1,1,0,0,2,1,1,0,1,1,0,1,0,1,0,0,2,2,1,0,0,0,1,2,0,1,0,1,0,0,4,0,0,3,0,2,0,3,0,0,0,1,3,2,0,0,0,0,0,3,1,1,1,0,0,0,0,1,1,0,0,0,0,0,5,0,0,0,0,0,0,1,0,0,0,1,0,0,0,0,1,1,0,0,0,2,0,1,1,0,1,0,2,1,4,0,4,1,2,0,0,0,2,1,0,0,0,0,0,0,0,0,0,3,1,0,3,0,1,46,152,211,248,233,254,252,136,0,2,2,1,1,1,0,1,2,4,1,5,3,0,0,4,0,1,0,40,206,254,252,255,255,252,253,213,29,0,0,0,0,1,2,0,0,0,0,0,0,0,3,3,1,0,14,210,255,254,253,253,235,255,254,253,126,1,0,1,0,0,0,0,1,1,0,2,2,3,0,5,2,4,100,254,255,254,152,41,27,149,255,253,168,0,0,1,0,3,0,0,0,3,1,2,0,0,2,2,1,0,166,254,254,199,45,0,10,208,254,254,205,0,0,1,0,3,2,0,0,2,1,1,0,1,1,1,0,2,51,251,255,243,81,134,177,254,255,254,125,1,0,0,2,0,2,0,0,2,0,0,0,0,0,1,0,1,0,191,255,254,253,254,255,253,255,252,63,0,2,3,2,2,0,0,0,2,0,0,0,2,0,1,0,1,2,6,56,208,252,254,255,255,254,200,0,2,0,3,0,0,0,0,0,0,0,1,0,0,0,1,2,2,0,0,1,87,226,253,255,254,236,92,0,0,0,2,0,0,0,0,0,0,1,3,1,0,2,0,3,0,1,0,0,103,246,252,255,255,60,0,0,2,0,0,0,1,0,0,1,0,2,0,0,0,0,0,0,2,3,2,93,246,253,255,253,167,1,0,0,4,0,0,1,0,2,0,0,0,0,0,1,0,0,1,1,3,0,102,228,254,255,168,113,0,0,2,0,1,2,0,1,0,2,0,1,0,0,0,0,0,0,1,3,0,95,253,253,255,229,15,0,0,0,1,1,0,1,0,0,0,0,0,2,0,0,0,3,0,1,0,1,98,227,255,255,252,133,0,2,0,0,1,0,0,0,0,0,1,0,1,0,0,0,0,0,2,2,0,40,229,253,255,252,203,20,1,1,2,0,0,2,0,1,2,1,0,0,0,2,0,0,0,2,1,0,1,191,252,255,254,198,20,1,1,0,2,0,2,0,1,1,0,1,0,0,2,0,0,0,0,0,1,2,90,246,252,255,244,89,0,0,5,1,0,0,0,0,1,1,1,1,1,1,0,3,0,4,2,0,2,35,242,253,255,252,140,0,0,0,0,1,1,0,0,0,0,3,0,0,0,0,1,0,3,0,1,0,0,0,215,254,254,180,22,0,2,4,3,1,0,1,3,0,0,0,0,2,0,0,0,0,0,0,2,0,3,0,183,255,249,24,0,1,0,0,3,0,1,0,0,0,0,0,2,0,2,0,2,0,0,0,0,0,0,0,1,0,3,3,1,3,1,0,0,0,0,1,0,0,0,1,2,1,2,0,0,0,0,0,0,1,0,0,0,2,3,0,0,1,0,0,0,0,1,0,4,2,1,0,3,0,2,3,1
0,0,0,0,2,0,4,0,3,0,2,5,3,0,0,1,0,0,0,0,0,0,0,0,1,1,0,0,1,4,0,3,1,0,2,0,0,0,0,0,0,0,1,2,0,0,0,0,0,2,0,1,0,0,0,0,3,2,0,0,0,0,1,1,1,0,0,1,2,2,0,0,0,0,4,3,1,0,0,0,1,1,0,0,0,1,2,0,0,0,0,1,2,0,1,0,0,1,0,1,0,0,0,1,0,0,0,0,1,0,0,1,4,0,0,0,2,0,0,0,0,2,0,1,0,0,0,1,0,1,2,1,2,1,2,2,3,0,0,3,0,2,1,0,0,0,0,2,1,0,3,1,23,219,254,105,1,0,0,1,0,3,0,2,1,1,2,0,0,0,0,0,5,2,0,0,2,0,0,4,43,255,255,160,2,1,3,1,0,2,0,0,0,0,0,1,0,1,0,1,2,0,3,0,0,0,2,0,67,255,251,160,0,0,3,0,0,0,1,3,3,3,0,0,0,2,1,0,4,2,0,0,0,0,0,0,162,253,253,159,3,0,2,0,1,3,3,0,1,1,0,6,0,1,0,0,0,0,0,0,1,0,0,2,159,254,251,157,0,0,0,0,1,0,0,0,3,1,0,0,0,0,0,1,1,0,0,0,2,0,0,2,162,254,255,157,1,0,1,2,1,0,0,0,2,0,0,2,0,0,0,2,2,1,0,1,2,0,1,2,156,254,253,158,0,0,0,0,1,0,4,0,0,0,3,3,0,0,3,0,3,2,2,1,1,0,0,0,162,248,253,156,0,0,2,0,2,1,0,0,2,0,0,0,0,2,0,0,1,0,0,2,0,3,0,1,86,254,252,219,15,1,1,3,0,0,0,0,2,0,0,0,0,0,0,0,0,0,0,0,0,0,1,2,41,253,252,254,24,0,3,0,0,4,0,0,0,0,0,1,1,0,0,0,3,0,4,3,0,2,0,0,41,252,253,253,20,0,0,0,0,1,3,0,0,2,0,0,0,0,3,0,0,0,2,0,0,2,3,3,45,255,254,255,24,0,0,0,0,0,2,1,0,0,2,0,1,1,1,2,2,2,0,0,0,2,0,0,44,254,255,254,23,0,0,0,0,4,0,0,1,0,1,2,0,1,0,0,1,1,2,0,0,0,1,0,41,254,252,205,13,0,0,0,0,0,0,0,3,4,4,0,0,1,2,1,4,2,0,2,1,0,0,0,42,250,253,158,1,1,0,0,0,0,1,1,0,0,0,1,4,0,1,0,1,0,0,0,1,0,2,1,63,253,252,158,2,3,0,0,0,0,2,0,0,2,2,0,2,0,0,0,3,3,0,0,2,3,0,16,201,252,254,74,0,1,1,0,0,1,0,1,0,0,0,0,0,0,0,3,0,0,2,2,0,1,2,2,160,251,195,8,0,3,0,0,0,3,1,3,1,2,0,1,0,0,0,0,0,0,3,2,0,0,3,18,241,252,175,1,0,0,1,1,0,2,3,2,0,3,0,1,2,1,2,0,0,0,0,0,0,0,0,0,110,169,149,0,1,0,0,0,0,1,0,0,0,0,2,0,4,2,0,0,0,0,0,0,1,3,0,1,3,0,0,0,0,0,0,0,0,1,0,0,0,2,2,1,0,0,3,1,0,0,0,0,1,2,0,1,0,0,2,2,0,8,0,2,1,0,1,0,3,0,0,0,3,0,0,1,0,0,0,0,0,5,0,2,0,4,1,0,0,0,0,1,0,2,0,3,1,0,1,0
1,2,1,3,0,0,1,0,2,1,2,0,2,2,0,0,3,0,3,5,0,0,0,1,0,0,0,0,0,0,0,2,0,0,0,2,2,0,0,2,0,0,0,2,3,4,1,0,2,3,1,1,0,0,0,0,1,1,2,0,2,0,0,1,1,1,1,0,0,3,1,0,0,1,2,0,0,2,0,0,0,0,0,0,0,0,0,0,2,0,0,0,0,1,3,0,0,0,0,0,1,0,0,0,0,0,3,2,2,2,0,0,0,2,0,2,4,0,0,0,0,1,3,1,0,0,0,0,0,0,0,0,0,0,1,3,0,2,4,0,0,0,0,0,0,0,0,0,1,2,0,0,1,0,0,0,4,0,0,0,0,0,2,0,1,0,4,0,0,0,3,2,2,3,4,0,0,3,0,3,2,0,3,1,1,1,0,2,0,1,0,1,0,0,5,0,0,0,2,1,1,0,2,3,1,0,2,1,0,0,0,0,0,41,229,216,21,0,0,0,0,0,0,0,0,0,1,0,15,25,27,20,0,1,0,15,26,13,27,26,48,225,253,246,29,2,1,2,0,1,0,2,0,1,0,0,143,254,251,228,66,136,157,199,252,210,254,254,251,254,254,152,1,3,0,1,0,4,0,1,0,0,0,0,118,210,221,204,220,230,252,250,253,255,252,252,251,251,183,17,2,0,0,0,2,1,0,1,1,0,1,2,0,15,24,0,21,40,71,72,70,71,72,182,252,240,47,2,1,1,0,0,0,1,0,4,0,1,0,2,0,0,0,4,0,0,2,1,0,0,4,186,254,101,1,0,0,2,2,0,0,0,2,2,0,0,0,0,0,0,0,3,0,1,0,1,0,0,123,255,248,76,1,0,0,0,1,3,1,0,2,0,0,0,1,1,0,2,0,2,0,0,0,0,0,0,147,255,235,44,0,0,0,0,0,0,0,2,1,2,0,0,1,0,3,2,2,3,0,0,92,110,107,110,193,253,250,143,110,112,166,63,0,0,0,0,0,0,0,0,2,0,0,0,2,1,5,82,255,255,255,250,251,252,251,255,255,251,252,83,0,0,1,0,0,1,0,0,2,0,1,0,1,1,0,2,105,230,244,246,252,255,245,185,148,82,0,0,3,0,3,0,1,0,0,2,0,1,0,1,0,0,0,3,1,0,1,10,252,250,76,1,0,1,1,0,1,0,0,0,0,3,1,1,0,0,0,1,0,1,3,0,0,0,0,10,253,216,3,0,0,2,1,0,0,0,0,2,1,0,1,1,1,2,1,1,1,0,1,1,1,1,0,92,250,214,0,0,0,3,0,0,3,0,1,1,0,0,0,4,2,0,0,0,1,0,2,0,4,1,0,133,253,215,0,0,1,1,0,0,1,0,0,2,0,3,0,2,2,2,0,0,4,3,0,1,0,0,2,227,255,182,0,0,0,0,0,0,2,0,1,2,0,0,0,0,0,2,1,0,1,1,1,0,0,1,0,255,255,99,0,0,0,0,1,2,0,0,2,0,0,0,0,0,2,0,0,0,1,0,0,0,0,2,2,255,253,93,0,0,2,0,0,0,2,0,0,0,0,0,0,0,1,3,0,0,0,0,0,0,0,0,0,252,252,96,2,0,0,0,0,1,0,0,2,0,1,0,0,0,3,1,0,0,2,0,2,0,0,0,1,81,242,48,0,0,0,0,1,0,0,0,4,2,0,0,0,2,0,1,0,0,0,1,0,0,0,3,0,0,0,0,0,1,0,0,0,1,0,2,0,3,1,0
1,0,0,3,0,0,2,2,0,1,1,0,0,1,0,0,0,0,0,2,3,1,0,2,0,0,0,2,0,0,2,0,0,1,0,0,2,1,0,5,0,0,1,2,0,0,0,2,0,0,0,0,0,2,0,0,2,0,1,1,0,0,0,1,0,2,0,1,1,0,0,2,3,0,1,0,0,1,0,0,1,1,0,0,0,1,1,2,0,0,2,0,2,0,1,0,4,3,0,0,0,0,0,0,0,0,0,0,0,0,1,0,0,2,0,1,0,1,3,1,0,0,0,0,54,174,233,254,130,2,2,0,0,4,2,1,1,1,2,1,1,3,1,0,0,1,1,0,0,4,0,66,234,209,244,252,243,57,5,0,0,4,0,5,0,0,0,0,0,2,0,0,0,0,1,0,0,3,41,238,206,52,34,147,255,153,0,0,3,0,0,2,2,1,3,1,0,0,0,2,0,0,0,0,0,1,182,221,7,0,0,36,241,114,1,0,0,2,0,0,0,0,1,0,1,1,1,0,2,0,0,0,0,1,72,107,0,1,0,31,234,77,1,0,1,1,1,0,0,0,2,3,4,3,2,1,0,0,2,0,0,3,0,0,0,0,21,160,224,80,0,1,2,3,0,0,0,2,0,0,0,0,0,1,0,0,2,5,0,0,1,0,0,8,214,253,150,0,1,3,1,2,0,0,0,0,0,0,1,1,1,0,0,4,0,0,0,0,2,3,66,217,255,173,24,1,2,0,0,0,0,0,0,0,0,0,4,2,1,3,0,0,0,0,0,1,8,141,253,255,243,45,2,0,0,0,0,2,2,0,2,3,4,0,0,1,0,3,0,0,0,0,2,2,130,252,251,253,253,193,1,0,0,0,2,0,3,1,1,2,2,1,2,0,1,1,5,2,0,2,0,1,42,222,240,166,230,152,176,122,2,0,2,0,0,0,2,5,1,0,1,1,2,1,1,0,0,0,2,2,4,0,0,0,2,29,228,252,172,45,1,0,0,1,0,0,0,0,1,0,0,2,2,4,1,2,0,0,1,0,1,3,4,1,12,145,254,136,2,0,0,2,0,0,0,0,0,0,0,1,0,3,1,0,1,0,2,0,0,0,1,1,2,9,219,175,0,1,0,3,0,3,1,0,0,1,0,3,0,0,0,2,1,0,0,1,0,0,0,0,0,1,182,240,1,0,0,1,1,0,0,0,0,0,2,0,1,0,0,0,0,0,2,0,0,0,0,2,0,66,255,154,0,2,0,0,0,0,1,2,0,2,0,2,2,1,0,2,37,9,0,2,1,1,0,4,85,205,254,20,1,0,0,0,2,0,1,0,2,0,0,1,2,3,0,9,163,120,0,1,1,3,4,148,252,253,173,1,1,0,2,0,3,0,1,0,0,4,0,0,0,1,0,27,249,206,36,11,26,91,224,255,255,199,19,0,0,2,0,2,0,0,2,0,2,0,0,0,0,0,4,0,186,254,249,238,240,254,255,236,79,10,0,2,1,0,0,0,1,1,1,1,1,0,0,0,0,0,0,0,0,3,1,2,3,2,1,0,2,1,0,1,3,1,0,0,1,0,1,0,0,0,0,0,0,0,1,2,0,3,0,0,0,3,0,0,0,0,0,2,0,0,0,0,3,0,0,0,2,0,0,1,0,0,0,0,0,1,0,1,1,3,0,0,2,2,2,0,2,0,1,1,0,3,2,0,0,0,1,3,0,0,0,3,0,1,1,1,2,1,0,0,1,4,3,1,0,0,2,0,0,0,1,0
0,0,0,0,2,1,0,0,0,0,0,1,0,0,0,0,1,0,0,0,1,0,1,2,0,3,1,3,0,0,0,0,0,0,0,0,1,0,0,1,1,0,0,1,0,0,1,1,0,0,0,2,0,0,0,2,0,1,1,1,0,1,0,0,0,0,0,0,0,3,2,1,1,2,3,1,0,1,2,3,0,1,0,1,0,0,0,0,0,0,0,1,2,0,1,3,0,2,1,1,2,0,1,0,0,0,0,0,0,2,0,5,0,2,5,0,2,4,2,0,3,0,0,1,0,0,3,1,0,1,2,0,1,1,0,5,3,0,0,0,0,1,0,0,0,0,0,0,1,0,2,0,0,2,1,0,0,2,0,0,0,2,1,1,0,0,0,0,1,0,2,0,0,0,0,0,0,0,0,0,1,0,3,0,0,1,3,1,3,1,1,0,1,1,2,0,3,0,0,2,1,2,1,2,0,3,34,126,140,139,140,59,18,0,2,0,2,0,1,0,0,1,0,0,2,0,3,0,0,0,0,43,119,195,253,253,253,253,255,253,215,80,0,2,3,0,1,0,0,0,0,0,0,3,1,0,0,0,102,195,255,229,153,34,24,20,42,127,250,246,162,0,0,1,2,1,0,3,2,0,1,0,0,1,2,61,238,242,102,5,3,1,1,0,0,0,107,251,242,48,1,0,0,1,0,1,0,2,0,2,3,0,0,243,251,126,0,0,3,0,0,0,1,0,4,197,251,71,0,2,0,4,2,4,0,0,1,2,0,1,1,255,255,114,0,0,0,2,0,0,0,0,1,189,252,74,3,0,0,0,0,4,1,2,0,2,0,0,1,102,64,16,1,0,0,0,0,0,2,0,35,244,226,14,0,0,0,0,2,3,2,1,0,2,2,0,0,2,0,2,0,0,2,1,0,1,0,0,126,252,139,0,0,0,3,0,0,0,0,0,3,0,0,4,0,1,0,0,2,1,0,4,1,0,0,120,255,142,4,0,0,0,0,0,1,1,2,0,1,4,1,4,0,1,0,0,3,0,0,2,3,0,71,252,212,27,0,2,0,2,1,2,2,0,1,0,2,0,0,0,1,2,0,1,3,0,0,0,0,120,232,186,29,3,2,0,0,0,1,2,0,3,2,2,0,1,0,0,3,0,0,0,0,1,1,24,159,248,180,2,0,0,0,0,0,1,1,0,2,0,1,1,0,1,1,0,0,0,2,0,2,0,2,194,252,207,79,15,34,0,2,0,0,0,3,18,45,3,0,0,0,1,0,0,0,4,0,1,0,14,155,251,252,253,255,237,233,221,227,230,227,202,128,235,245,1,0,0,0,1,1,0,0,2,0,0,0,71,253,132,84,85,82,81,70,143,140,154,90,213,138,231,253,0,1,0,2,4,0,1,1,2,0,0,0,2,35,20,0,0,0,2,0,0,3,3,0,13,0,22,35,2,0,1,2,3,1,0,0,0,2,0,4,0,2,0,0,0,0,0,0,0,1,1,0,0,0,0,0,0,0,0,0,2,3,0,0,3,0,0,0,0,0,1,1,0,0,0,2,0,2,2,0,1,0,1,0,2,0,0,0,0,0,0,0,1,1,0,0,0,3,3,0,1,0,1,0,1,1,0,0,2,1,2,0,0,0,1,3,1,0,0,0,1,0,0,1,1,0,3,0,1,0,2,2,1,2,3,3,0,0,0,0,1,0,0,0,0,0,0,1,0,0,0,0,0,2,0,0,0,0,0,0,0,0,0,0,6,0,1,0,0,0,0
1,1,0,0,1,0,0,1,1,0,2,0,0,0,5,0,1,1,2,0,0,0,0,2,0,0,2,0,1,0,1,2,0,0,0,0,0,2,0,0,0,2,0,0,1,3,1,0,0,0,2,0,0,0,0,2,2,0,2,1,1,1,0,0,0,0,1,0,0,1,1,1,0,3,2,0,0,1,0,0,0,0,0,3,0,0,0,1,1,0,1,1,1,3,4,0,0,1,2,0,3,1,0,1,0,2,1,2,0,0,0,0,1,0,1,0,2,3,2,1,0,0,0,1,1,3,0,1,0,1,0,1,1,1,0,1,0,0,1,0,1,0,3,2,0,0,0,0,0,0,0,0,1,2,0,0,0,0,2,0,0,0,0,0,1,0,0,1,0,0,0,0,0,1,0,4,0,3,2,0,0,0,0,68,203,255,125,1,0,0,2,0,1,1,1,0,1,0,0,0,0,0,1,0,0,2,0,2,0,1,69,241,253,252,252,10,0,2,2,0,1,0,3,1,0,0,3,2,0,0,0,1,2,1,1,1,0,18,240,252,195,165,253,15,1,0,0,0,0,0,1,1,1,3,0,0,1,0,0,3,1,0,1,4,54,203,254,180,8,63,254,117,0,0,2,1,1,0,4,0,0,0,1,0,0,1,0,1,0,5,0,73,210,248,101,11,2,58,253,151,1,0,1,1,0,0,1,3,0,2,0,0,2,1,0,0,0,1,65,245,251,135,0,7,120,234,254,175,3,0,0,2,0,0,0,0,0,0,0,0,3,0,0,0,0,14,233,253,146,53,157,233,253,251,253,53,0,0,0,2,1,3,1,0,0,2,1,0,2,0,0,1,2,55,243,253,209,250,253,254,254,255,218,8,3,0,0,2,0,4,0,0,0,0,0,0,1,0,0,0,2,0,223,254,255,238,253,255,251,187,13,0,0,0,1,0,0,0,2,1,2,0,0,3,0,4,2,0,0,0,42,94,91,49,254,255,137,1,0,1,3,2,0,1,0,0,0,0,0,3,0,1,2,0,0,0,1,0,0,1,0,165,255,139,5,0,0,0,1,2,0,1,0,1,1,0,3,0,3,0,0,2,0,0,0,1,1,0,81,252,252,52,0,0,2,2,1,1,0,1,0,0,0,3,1,0,0,0,0,3,0,0,0,2,0,0,157,255,219,18,1,0,1,1,1,0,4,1,0,1,0,1,1,0,2,0,0,2,2,3,1,0,0,40,243,249,78,0,3,0,0,0,2,0,1,0,0,0,1,2,0,5,0,5,0,0,1,0,0,1,0,155,255,228,2,6,0,0,0,1,0,0,0,2,0,1,0,1,0,2,2,0,0,2,3,3,0,0,7,225,252,102,0,1,0,0,1,0,2,0,0,1,0,1,2,2,1,1,0,0,1,0,2,1,0,0,13,253,252,21,3,0,0,2,0,3,0,0,1,0,0,0,3,2,3,1,0,0,1,0,0,0,0,0,117,255,254,61,119,54,0,2,0,0,0,3,3,1,1,0,0,1,0,0,1,3,1,0,3,0,0,2,41,255,254,253,239,41,0,2,1,0,0,3,0,0,0,1,0,1,0,0,1,3,0,0,0,0,0,0,1,173,249,198,67,1,0,0,0,0,0,0,0,0,1,0,0,2,1,1,1,0,0,0,1,3,0,1,0,3,0,0,0,0,0,0,1,0,1,0,0,0,0,1,1,0,0,1,2,0,0,4,0,0,0,2,3,0,0,0,0,0,1,1,1,0,0,2,0,1,1,0,2,0
0,1,0,0,1,0,0,0,0,1,0,1,0,0,2,0,0,0,2,1,0,0,0,1,0,3,0,1,0,0,0,0,0,0,2,0,0,0,0,0,0,0,3,3,0,0,0,2,0,0,0,0,0,0,0,2,0,1,0,3,0,3,1,0,1,0,1,3,2,1,0,2,1,0,1,2,0,0,0,0,1,3,1,0,0,2,0,2,1,0,0,0,1,0,2,1,0,0,1,1,2,0,2,4,2,1,0,0,2,3,0,0,0,0,1,1,0,2,2,0,1,0,1,2,3,0,0,0,2,0,0,1,0,0,0,0,0,3,0,1,0,0,0,0,1,2,2,0,0,0,0,0,2,1,0,1,1,0,2,1,1,0,2,0,1,0,2,0,2,0,0,1,2,0,0,0,0,0,1,0,0,3,0,2,2,0,0,0,2,0,0,1,0,3,0,1,3,1,1,2,0,1,1,1,3,0,0,2,0,32,117,208,252,255,252,254,253,141,1,0,0,0,1,3,2,3,0,0,0,0,1,77,116,234,236,234,234,239,255,252,254,255,252,250,254,226,35,1,1,0,1,0,0,1,0,2,0,31,189,244,254,251,250,253,251,254,253,255,252,254,250,251,250,254,95,3,0,0,2,0,0,0,0,0,0,98,253,254,255,253,255,255,253,250,255,253,252,255,253,254,253,222,24,2,1,1,0,0,5,0,1,0,2,81,247,252,254,253,253,252,252,243,220,218,145,254,255,253,254,210,0,3,1,3,0,2,2,0,1,0,1,0,88,133,222,103,103,105,105,76,1,0,16,250,255,253,255,212,1,0,0,1,0,0,1,2,0,2,1,0,1,1,1,0,0,0,0,2,2,85,198,253,252,255,254,140,0,0,0,2,0,0,1,2,0,0,0,0,0,1,1,1,1,1,0,1,22,203,255,253,254,254,131,2,0,0,1,1,0,0,0,0,0,0,1,4,3,0,0,3,0,1,0,24,193,254,253,253,254,250,54,1,0,0,0,0,1,0,3,0,2,1,0,0,0,1,1,0,1,0,24,193,254,253,251,254,227,142,9,1,0,0,0,0,1,3,0,0,3,0,2,0,0,0,1,1,0,0,189,250,253,253,255,234,48,0,1,1,1,0,1,2,0,0,0,0,0,3,0,0,0,0,0,1,2,90,244,254,255,253,249,44,0,0,0,0,0,1,0,0,1,0,0,0,0,0,0,3,0,0,0,10,144,255,250,252,250,248,165,0,0,0,1,2,3,0,0,0,0,0,1,1,0,1,0,0,0,2,0,82,255,253,252,255,252,90,0,0,2,0,0,0,1,1,0,0,0,3,1,1,0,4,0,1,0,0,83,245,253,254,255,252,149,7,1,0,1,1,0,0,3,0,1,2,1,0,0,0,0,0,0,0,0,93,240,255,252,255,254,194,11,0,0,0,3,3,1,2,0,1,4,0,2,0,0,0,0,0,0,0,1,191,254,252,252,254,231,64,0,0,0,0,0,0,0,1,0,3,2,1,1,2,0,1,0,3,0,2,0,85,238,252,252,254,211,28,0,1,0,2,3,0,1,0,1,0,0,0,0,4,2,0,0,0,0,0,0,0,162,251,252,255,81,1,2,1,2,1,1,1,0,3,3,0,1,0,0,1,0,0,0,0,4,0,0,4,16,124,253,114,11,0,0,0,0,2,0,0,0,2,1,3,0,0,4,0,0,0,0,1,0,0,0,0,0,0,0,0,0,0,0,0,3,0,3,0,0,2,2,1,0,0,0,0
0,0,2,0,0,0,1,0,0,0,2,2,1,0,3,1,0,0,0,0,0,2,0,0,3,0,0,0,2,0,0,3,0,0,0,1,0,0,0,2,0,3,0,2,1,1,1,2,3,0,0,0,2,0,1,1,0,3,0,0,0,2,1,2,1,0,2,5,0,0,0,0,0,0,1,0,0,1,1,1,0,0,0,1,0,5,0,0,0,0,0,0,2,1,0,1,0,1,0,0,1,1,2,0,0,0,2,0,2,3,3,5,1,0,0,0,3,0,0,0,0,3,2,1,0,1,0,0,0,0,0,0,0,2,0,0,0,0,0,1,2,1,2,0,0,0,3,2,1,0,1,2,0,0,2,0,0,3,0,0,2,2,1,1,1,0,0,4,0,2,1,0,0,0,2,1,2,0,1,0,0,0,0,0,2,0,1,0,0,0,1,0,0,0,0,2,3,4,0,0,2,0,0,0,0,127,172,52,16,0,7,79,235,47,3,0,4,0,0,0,1,2,0,2,1,1,0,0,2,1,1,2,3,253,252,251,209,188,204,250,251,163,0,1,0,0,0,0,0,1,2,0,0,0,0,0,0,0,4,0,1,252,252,252,252,252,251,249,253,248,39,1,2,1,0,0,0,0,0,1,3,1,0,1,0,2,1,3,74,251,251,97,154,218,255,253,251,252,43,0,0,0,0,0,0,1,0,0,0,0,0,0,1,0,0,1,107,253,255,22,2,19,40,44,238,252,43,1,0,1,0,1,2,0,0,2,0,2,0,0,0,0,0,0,106,254,251,18,0,0,1,0,233,255,60,1,0,0,0,0,0,4,0,0,0,0,0,2,1,0,0,1,106,253,251,22,0,0,2,3,234,251,146,2,3,1,0,3,1,0,2,0,0,0,0,0,0,0,0,0,104,253,252,20,0,1,0,0,231,253,148,0,1,0,0,1,1,0,0,0,0,0,0,0,0,1,1,0,80,227,252,18,0,0,0,5,230,253,144,0,3,3,4,2,1,1,0,1,0,0,0,0,2,0,2,0,1,40,147,9,1,0,0,0,230,255,148,2,0,0,0,0,2,0,0,0,0,2,2,0,1,0,0,0,0,0,1,1,0,0,0,2,232,251,146,0,0,0,0,0,0,2,2,2,2,3,0,2,0,0,1,0,1,1,0,0,0,0,0,0,235,252,146,4,0,0,2,2,0,0,0,0,1,1,0,0,0,0,1,4,2,0,0,0,0,3,0,0,233,250,149,4,1,0,6,0,1,0,1,0,0,1,2,4,0,1,3,2,1,3,3,3,3,1,0,0,235,251,147,0,0,0,0,0,0,0,1,1,0,0,0,2,0,0,1,3,3,0,0,0,1,0,1,1,231,255,149,2,0,1,0,4,2,0,2,0,0,0,0,0,0,1,1,0,3,1,0,0,0,1,0,0,233,252,209,1,3,0,0,0,3,0,2,0,0,0,5,0,0,0,0,0,0,0,0,0,1,0,0,0,232,254,252,0,0,0,0,0,1,0,0,0,3,0,2,0,0,1,0,1,0,0,0,0,3,0,0,0,233,252,255,0,0,1,0,2,0,0,0,2,1,1,1,0,1,2,0,0,2,3,0,2,0,0,1,0,231,254,255,0,0,2,0,0,1,1,2,0,0,1,1,0,2,0,1,0,0,1,0,2,0,5,1,1,47,215,163,0,1,1,0,0,0,1,3,2,0,0,0,0,0,0,2,2,0,1,1,0,2,0,1,2,3,2,1,0,0,1,0,2,0,1,2,0
0,0,2,1,2,1,0,0,4,0,0,0,1,0,1,0,0,0,0,0,0,1,1,0,0,1,2,1,0,0,2,0,1,0,0,0,0,0,1,0,0,2,0,0,0,0,0,0,2,0,0,1,1,0,2,0,0,0,2,0,1,0,2,0,0,0,1,0,1,0,1,1,0,0,0,1,3,0,0,0,0,3,2,2,0,3,2,1,3,0,0,0,2,0,0,0,0,0,2,77,167,139,4,0,1,3,2,0,0,1,1,0,0,1,2,1,0,0,0,0,0,1,0,1,0,84,194,241,255,255,14,0,1,0,2,2,0,3,1,0,0,3,0,0,1,0,0,3,0,0,0,2,88,251,253,252,255,255,15,1,0,0,1,2,0,2,4,0,2,1,0,0,0,1,1,0,0,0,0,49,252,255,255,250,206,132,0,2,0,1,1,0,0,1,3,3,0,0,0,2,0,0,0,0,1,3,11,175,254,255,237,104,9,1,2,0,2,1,0,2,1,1,0,0,3,0,0,1,0,0,0,2,0,0,144,254,255,251,29,1,0,0,3,1,0,0,0,0,3,0,0,2,0,1,0,3,0,1,1,0,4,18,216,252,226,48,1,0,3,2,0,0,2,1,0,2,0,0,2,0,1,0,1,0,0,0,0,1,1,201,253,252,103,1,1,0,3,0,0,1,0,0,0,0,0,0,0,4,0,2,3,0,1,0,2,0,0,232,252,149,0,0,2,0,0,1,0,1,0,1,1,0,0,0,0,0,2,0,3,1,0,0,2,0,1,236,253,134,0,0,0,0,0,0,0,0,0,1,5,0,0,0,0,0,0,1,0,2,1,4,0,3,65,251,226,41,0,0,0,0,16,98,194,168,10,0,1,0,0,1,2,1,0,0,0,1,0,1,0,3,68,250,182,0,1,0,0,73,249,254,254,255,104,3,0,0,1,2,0,0,1,0,0,0,3,0,0,2,1,235,182,0,0,0,20,222,250,252,254,255,232,2,1,2,0,0,0,0,0,0,1,0,1,0,0,0,0,236,180,0,0,0,106,253,255,244,165,216,232,0,1,0,1,1,0,0,2,1,2,1,0,1,0,3,0,233,205,10,0,2,184,255,242,73,12,209,235,1,0,4,0,1,1,0,0,1,0,0,1,1,1,0,2,229,253,136,10,6,255,254,118,0,92,255,178,3,0,2,0,0,3,0,1,1,0,1,1,0,1,1,0,105,255,254,171,71,252,255,146,107,255,254,29,0,0,0,0,0,2,3,0,0,3,0,2,0,1,2,0,2,181,251,254,252,253,254,253,252,252,184,1,0,1,0,5,0,0,0,0,1,2,0,1,1,0,0,0,0,2,135,255,255,254,255,255,234,183,28,0,0,0,0,3,0,4,0,1,1,2,1,0,0,0,2,0,0,1,5,73,237,234,152,130,32,0,0,1,0,3,3,3,0,0,2,2,3,3,0,0,0,2,0,0,1,4,2,1,2,0,0,0,0,0,1,2,0,1,0,0,0,0,1,0,0,0,1,0,0,2,0,0,0,0,2,0,0,0,0,1,0,3,0,0,0,1,0,0,1,0,0,0,1,0,2,2,0,0,0,0,1,2,0,2,1,0,0,0,2,3,2,0,0,0,0,0,0,4,0,2,0,2,3,1,0,0,4,1,0,0,0,3,0,0,0,0,4,0,1,0,0,1,2,0,2,1,3,0,0,2,0,0,2,0,1,0,1,1,2,0,0,1,1,3,1,0,0,1,0,0,2,2,1,0,0
3,0,2,1,0,1,2,1,0,2,0,0,0,0,2,0,0,0,0,2,0,0,0,0,0,3,0,0,3,0,0,0,3,0,0,0,3,0,0,0,0,0,0,4,0,1,0,0,0,4,0,2,1,0,0,0,2,1,1,3,4,0,0,2,3,0,3,2,0,1,0,0,0,0,2,0,0,3,1,4,1,0,1,1,1,0,0,0,3,0,0,1,0,0,0,0,6,17,22,56,137,194,130,7,1,1,4,0,0,1,1,0,0,2,0,0,0,0,0,2,0,3,15,94,166,254,255,253,254,254,255,181,0,0,0,0,0,0,0,0,0,2,0,1,1,2,0,2,41,151,206,255,255,255,251,254,253,254,255,226,0,0,1,1,0,1,0,0,2,1,0,0,5,1,0,0,191,255,255,255,252,209,156,65,65,150,253,247,65,4,0,0,1,4,1,2,1,0,2,2,0,1,0,2,68,237,254,167,46,17,0,0,0,116,254,253,88,0,0,1,0,0,0,0,1,0,0,0,0,0,0,0,0,28,28,2,1,4,1,1,3,114,254,251,89,0,3,0,0,3,2,0,0,0,0,1,0,0,0,0,0,0,0,3,0,2,0,0,1,6,252,254,91,0,0,0,2,0,0,0,1,0,0,2,0,0,1,0,0,0,0,0,2,3,4,2,0,115,255,254,89,2,2,2,0,0,0,0,0,3,0,0,0,1,3,0,0,0,0,0,0,1,0,2,0,189,255,248,77,2,0,3,2,1,0,0,0,2,1,0,0,0,1,0,1,3,0,1,2,0,3,0,64,247,253,227,0,0,2,0,3,0,0,2,2,1,0,0,0,0,0,2,0,2,1,0,1,0,2,2,182,255,255,104,1,4,2,0,0,0,1,0,0,0,0,0,3,0,0,0,5,0,1,3,1,5,0,31,226,253,242,1,0,1,0,1,0,0,0,0,0,3,1,0,0,0,2,1,0,0,1,0,2,0,28,212,252,255,243,1,0,2,1,0,0,3,3,0,2,1,2,0,0,0,0,3,44,227,252,250,250,253,250,255,255,255,62,0,1,0,0,0,0,1,0,0,2,0,0,1,2,2,0,69,251,255,255,254,255,255,255,255,255,253,144,25,0,0,2,0,0,0,2,0,0,1,0,2,1,0,47,227,255,254,253,252,255,253,255,250,254,254,255,247,82,1,0,0,0,0,0,1,0,0,1,0,0,0,155,251,252,254,251,253,252,255,238,96,172,219,255,255,242,154,13,0,1,0,0,3,0,4,0,0,0,0,154,255,252,253,255,254,254,182,44,2,1,24,119,221,255,255,174,11,0,2,2,2,1,0,0,0,0,0,155,254,253,255,252,253,85,12,3,3,1,2,5,20,58,180,255,82,3,0,0,0,0,2,0,0,2,0,28,214,255,252,147,23,1,0,0,0,0,0,0,0,0,37,137,83,0,0,3,0,1,0,0,1,2,3,1,0,0,0,0,0,1,2,2,0,0,2,0,1,0,0,0,0,1,0,1,2,0,2,0,0,2,0,0,2,0,0,0,0,0,0,1,0,0,2,4,2,0,0,4,0,1,0,0,1,0,0,0,3,0,0,1,1,3,0,0,0,2,0,0,1,2,0,4,0,3,0,0,2,0,0,2,0,0,0,0,1,0,0,0,0,0,1,0,0,0,1,2,0,0,0,2,1,0,1,0,0,0,0,1,0,1,1,1,0,0,0,0,0,0,1,0,1,2,2,0,2,0,0,0,4,2,0,2,0,0,0,0,1
2,1,0,0,0,0,0,0,2,2,0,0,0,0,3,0,2,2,1,0,0,3,0,0,0,2,3,1,0,2,1,0,0,0,0,2,1,1,0,0,0,2,2,2,0,0,0,0,0,0,1,4,1,2,0,1,2,0,0,3,0,0,2,1,3,0,2,0,0,0,0,0,4,0,0,0,0,0,0,1,3,0,0,0,0,0,0,0,0,0,0,2,0,0,2,0,1,0,0,0,1,3,0,1,0,0,0,2,0,1,0,0,1,0,0,1,3,0,0,1,1,0,0,2,1,1,0,0,0,0,0,0,0,0,0,0,4,1,2,1,0,1,0,0,0,0,1,0,3,0,0,1,3,0,0,0,2,0,1,0,2,0,0,0,0,2,1,1,3,0,0,0,1,0,0,0,0,0,3,2,2,0,2,1,0,0,0,0,4,3,0,2,1,1,1,0,2,1,0,1,0,0,0,0,91,185,62,38,31,0,14,0,17,0,1,0,0,0,3,0,1,0,0,1,0,1,0,1,0,0,0,0,194,254,255,255,239,185,213,185,217,184,184,29,0,0,1,0,0,1,0,0,0,0,4,0,0,1,1,0,125,251,212,240,228,181,250,250,249,254,253,138,1,1,0,0,2,1,0,3,1,2,0,1,2,0,0,0,184,250,57,1,0,2,0,0,1,246,251,153,0,0,1,0,0,0,0,1,0,0,0,0,0,0,0,65,246,180,14,1,2,0,0,0,73,250,253,70,1,3,0,1,0,0,0,2,0,2,0,0,0,1,22,210,250,53,2,0,0,1,3,0,97,253,253,43,1,1,0,0,0,2,0,0,0,0,0,0,0,2,87,255,174,0,0,1,0,1,0,0,121,255,242,34,0,1,0,1,0,0,0,0,1,2,1,1,0,0,11,94,42,0,4,0,1,0,0,0,205,253,190,2,2,0,0,2,0,1,2,1,0,0,2,0,1,0,1,2,2,1,0,3,3,2,4,3,209,252,179,0,2,0,2,2,0,0,0,3,0,1,0,0,1,0,0,0,1,1,4,0,1,0,0,0,209,254,80,1,3,0,4,1,4,1,0,2,0,0,1,0,1,2,0,0,0,0,0,1,1,0,0,0,206,253,81,0,0,0,0,2,2,2,1,0,0,3,0,0,0,0,1,1,1,1,0,1,0,1,1,0,207,253,82,3,0,0,1,0,0,1,1,0,0,1,3,1,0,0,0,0,1,0,0,5,1,1,1,16,216,245,64,0,0,1,2,0,0,0,0,0,2,0,2,2,0,3,2,0,0,0,0,0,0,0,0,60,255,225,0,1,0,1,0,1,1,1,0,1,1,0,1,0,0,2,2,0,2,4,0,3,0,0,0,168,255,229,1,0,1,2,0,0,0,1,0,0,0,0,0,0,0,0,4,1,0,0,3,1,1,1,0,168,255,226,0,0,1,0,0,2,1,1,1,0,0,0,1,0,0,4,0,1,2,3,1,3,2,0,0,167,255,224,3,0,2,0,0,0,2,0,0,0,1,0,0,1,0,0,1,1,0,1,0,0,0,0,10,217,255,170,0,0,0,0,1,3,0,1,0,0,3,0,1,1,0,0,0,0,0,1,2,0,0,1,20,254,255,122,2,0,0,0,0,2,0,0,0,0,0,0,0,0,0,0,0,0,0,0,1,1,0,2,7,179,211,24,0,3,2,1,0,0,0,0,0,0,0,0,1,0,0,3,0,4,0,2,0,0,0,0,1,3,1,0,2,3,2,0,0,2,0,0,2,0
0,1,1,1,0,0,0,1,0,0,0,2,0,3,0,0,0,0,0,0,1,0,0,0,0,0,2,0,0,0,0,0,0,1,1,0,4,1,3,1,2,0,1,0,1,2,0,0,0,0,0,1,0,3,0,0,0,1,1,0,4,3,0,0,0,0,1,1,1,0,0,0,2,2,3,0,3,0,0,0,1,1,0,0,0,1,0,3,1,0,1,2,2,2,0,0,0,2,0,4,3,1,0,1,0,0,0,0,0,0,3,0,1,0,0,0,0,1,0,0,0,0,1,0,0,3,0,0,6,1,0,0,0,0,6,3,2,0,1,1,1,0,0,0,1,2,0,0,0,2,3,1,0,0,0,0,5,72,1,100,184,177,93,19,0,0,1,0,1,0,0,0,0,0,0,0,3,0,0,1,0,15,112,195,236,94,1,205,249,255,255,115,0,0,0,3,1,0,2,3,1,3,1,2,1,0,21,50,113,199,244,188,25,0,0,82,242,252,247,86,1,0,0,2,0,2,0,0,0,0,2,2,18,87,229,254,253,221,87,2,2,0,127,251,250,178,53,0,3,0,1,3,0,5,0,0,0,0,0,0,134,252,255,218,119,8,1,5,64,200,254,242,132,5,0,0,0,1,1,0,0,0,3,0,1,0,0,105,244,254,212,44,0,3,0,63,238,253,215,28,0,1,0,0,0,0,4,0,0,2,0,5,0,0,45,247,251,208,49,0,2,0,30,242,253,226,27,0,0,3,0,0,0,0,0,0,0,4,2,0,1,0,95,255,254,56,2,0,0,20,198,253,218,26,0,0,2,3,0,0,0,3,2,0,0,0,0,3,0,1,28,218,255,232,143,42,41,204,254,206,10,0,2,0,1,0,1,0,0,1,0,0,2,0,0,0,0,1,0,118,247,254,253,247,234,254,219,25,1,0,0,1,2,1,0,0,1,0,4,0,0,1,3,0,1,0,0,0,39,83,165,246,252,254,252,206,116,11,0,0,0,2,0,2,0,2,0,0,1,0,0,2,0,1,0,0,1,0,14,238,254,231,163,237,244,210,80,4,0,1,1,0,0,0,0,0,1,0,0,2,0,0,0,0,4,2,99,251,255,99,0,0,34,224,251,131,6,2,0,4,0,0,0,0,2,0,0,3,0,0,0,0,0,0,73,254,229,9,1,0,0,3,170,255,50,0,0,2,2,1,0,0,4,2,0,0,4,1,0,0,3,0,94,255,254,16,0,0,1,1,81,254,201,0,0,0,0,0,0,0,1,0,0,2,1,0,2,0,3,0,77,255,254,20,0,0,1,0,131,252,122,2,0,2,0,0,0,2,0,1,1,0,0,1,1,1,0,0,6,217,255,78,1,0,1,0,184,245,61,0,0,0,1,0,0,0,0,1,2,0,0,1,1,4,0,0,0,61,254,224,25,0,1,125,254,179,0,0,0,0,0,0,0,0,0,0,0,2,0,1,0,1,0,1,0,3,89,238,223,120,174,254,218,26,0,4,0,2,1,0,0,5,2,0,4,0,2,0,0,0,0,0,2,0,0,21,152,196,196,100,26,0,1,0,0,0,0,1,1,0,1,0,2,2,0,0,0,2,0,0,2,1,0,0,0,0,3,0,1,0,2,0,0,1,2,0,0,0,0,0,0,0,1,1,0,2,0,0,1,0,0,1,0,0,0,0,1,3,0,1,0,0,1,0,2,0,0,0,1,0,0,0,1,1,3,0,2,0,1,2,0,0,0,0,0,0,0,0,1,2,4,1,1,0
0,0,0,1,1,2,0,0,0,1,2,4,0,0,0,0,0,1,3,0,5,0,0,0,0,0,0,0,2,0,0,0,0,0,2,2,2,2,0,0,0,3,0,0,0,0,0,0,0,0,0,0,0,0,0,0,0,1,5,4,3,0,0,0,0,0,0,0,0,0,3,0,4,1,3,0,1,1,0,0,0,0,0,2,0,0,0,0,0,1,1,0,0,0,2,0,1,0,0,0,0,3,0,0,0,0,1,2,0,0,0,3,0,0,3,0,0,0,0,0,0,2,1,4,2,2,1,1,3,0,0,0,0,0,1,1,0,1,0,0,2,1,0,1,2,0,0,6,9,0,0,0,2,0,0,0,0,1,67,255,214,24,2,2,1,0,0,0,1,0,3,2,0,0,0,60,230,34,0,0,0,1,1,0,0,4,189,255,250,164,5,0,1,0,0,0,0,0,0,1,2,0,9,186,252,182,31,0,0,3,3,0,1,51,251,253,251,253,25,2,0,3,0,0,0,0,1,0,3,0,37,252,254,252,125,1,0,0,0,0,0,74,255,252,252,188,6,0,0,0,2,2,1,0,0,0,4,0,40,254,249,251,169,3,3,3,1,0,5,168,250,252,231,61,2,3,2,0,0,2,0,0,4,0,1,2,69,254,252,253,170,0,0,0,0,1,12,195,255,254,170,0,3,2,0,0,2,2,5,0,0,0,0,1,156,253,252,255,167,0,0,40,52,134,169,254,251,252,167,1,0,3,0,1,2,0,0,0,0,4,0,0,155,253,255,253,204,145,163,237,237,255,253,254,254,252,123,0,0,0,0,0,0,0,0,2,3,0,0,1,161,255,253,252,253,255,252,255,255,252,255,254,255,186,5,0,2,1,0,0,1,1,3,1,0,1,1,0,153,250,254,255,254,255,253,255,251,253,254,254,254,178,0,1,1,0,0,0,0,2,0,0,1,0,1,23,249,255,253,252,255,254,255,253,251,252,255,255,253,117,0,0,2,0,0,0,3,0,0,3,1,0,0,0,83,231,255,251,253,253,233,171,53,141,255,252,255,73,20,5,1,0,0,0,0,0,0,0,2,2,2,3,2,21,181,217,177,98,8,4,0,72,254,252,253,225,223,29,4,0,1,0,0,1,0,1,0,4,0,0,0,3,1,0,1,1,0,1,0,24,254,255,255,250,146,0,0,0,0,0,0,3,0,0,0,1,0,0,0,1,3,0,0,0,1,0,1,109,251,254,254,171,16,0,0,2,0,0,0,1,0,0,1,0,0,3,2,0,0,0,0,0,0,0,12,227,253,253,238,43,1,0,1,0,0,1,1,2,1,0,0,2,0,2,2,2,0,1,2,0,2,1,56,250,255,253,153,1,0,1,0,0,0,2,0,3,0,0,2,0,0,0,0,4,0,2,0,0,0,0,87,252,254,210,8,0,2,3,3,0,0,0,0,0,0,0,0,0,0,0,0,4,1,1,0,1,0,0,15,253,253,207,0,0,0,0,0,2,0,0,0,0,1,2,0,0,0,2,0,0,1,1,0,1,1,2,7,201,253,146,0,0,0,3,0,0,1,2,1,0,0,0,0,0,2,2,1,0,1,3,0,1,0,0,0,0,0,0,2,3,1,0,2,0,0,2,0,0,0,0,0,0,1,1,0,0,0,0,0,0,3,1,6,1,2,0,0,0,0,0,0,1,1,1,1,1,0,0,0,1,0,1,0,1,1,0,0,0,0,0,3,0,1,0,0,0,0,0,3,2,0,1,0,0
1,0,0,0,1,0,1,0,0,1,0,2,2,1,0,1,0,3,0,5,0,0,1,0,0,0,0,2,0,0,0,0,0,1,0,2,0,0,0,2,4,0,1,0,1,1,1,0,0,0,0,0,2,3,2,0,0,1,1,0,0,0,0,0,0,1,1,0,0,0,0,1,0,0,3,0,0,0,1,0,0,0,0,0,0,2,0,1,1,1,1,0,0,1,0,0,0,1,0,1,2,0,0,5,3,3,0,0,4,3,3,0,0,2,1,1,1,1,3,0,0,0,1,0,0,0,1,0,3,0,3,2,0,3,0,1,0,4,0,0,0,3,1,0,3,0,0,0,1,3,0,1,0,0,0,0,2,0,2,0,1,0,0,2,1,0,0,0,0,0,3,0,0,0,0,1,4,3,1,0,0,0,0,1,1,3,0,0,3,2,0,0,2,2,1,0,0,3,1,0,0,2,0,35,127,170,154,253,174,189,100,99,9,68,101,15,0,1,0,0,0,0,0,0,0,0,0,1,1,0,2,94,254,253,253,252,255,254,251,252,208,235,254,170,16,0,0,1,0,0,3,1,2,3,0,0,0,0,3,95,255,255,254,254,253,254,255,254,252,253,251,251,92,1,2,0,0,0,0,1,0,0,0,0,0,0,2,3,30,212,168,174,253,199,253,252,252,249,254,255,90,0,3,0,2,0,0,0,0,3,3,0,0,0,0,2,1,33,3,8,62,21,62,156,250,255,253,207,23,0,0,1,2,0,0,1,0,2,0,0,2,0,0,0,2,0,0,0,0,1,0,122,253,252,254,193,2,0,0,0,1,4,0,0,1,1,0,0,0,1,0,0,2,1,0,2,2,0,21,246,250,252,216,33,0,0,1,0,2,0,1,1,1,0,0,0,0,0,0,0,1,0,0,0,1,0,137,251,253,255,137,0,1,0,1,0,0,0,1,1,4,1,1,0,1,1,2,0,0,0,0,2,0,41,216,255,253,246,67,0,4,0,2,0,0,0,0,0,3,1,0,0,1,0,2,0,0,0,0,0,2,217,252,251,254,96,0,0,0,0,1,0,3,0,0,0,3,0,0,1,0,0,2,1,1,2,2,4,106,246,252,255,205,26,2,0,0,0,0,0,0,0,0,3,1,0,0,0,0,0,0,1,2,0,2,106,252,249,254,252,112,0,2,0,0,1,0,3,1,0,1,0,1,1,0,2,0,0,0,4,2,0,0,185,252,252,249,108,6,0,2,0,0,0,0,0,0,1,3,0,0,2,2,1,0,0,0,2,4,1,0,185,253,253,228,0,0,0,2,2,0,0,0,4,0,2,0,1,0,0,0,0,0,0,2,0,2,0,1,187,254,253,231,4,3,0,1,2,0,0,0,2,0,0,1,0,3,0,0,3,0,0,0,0,1,0,70,244,255,252,191,0,1,0,0,2,0,2,0,0,0,2,1,1,3,0,0,0,3,0,0,2,1,1,90,255,255,250,75,1,2,0,0,2,0,3,0,0,1,3,0,0,0,0,1,0,0,0,0,0,0,1,174,250,253,175,0,0,0,1,0,1,0,3,1,0,2,2,0,2,2,0,2,1,0,0,0,0,0,2,68,233,253,48,0,1,0,1,1,3,1,0,1,0,1,0,1,0,3,0,0,0,1,0,0,0,0,0,0,185,255,21,2,0,1,0,0,3,0,1,4,3,0,0,1,2,3,0,0,0,0,0,1,1,0,2,0,0,0,0,2,1,3,1,0,2,2,0,0,0,0,0,0,1
0,2,2,0,0,4,2,0,1,0,1,0,0,1,0,4,0,0,1,1,0,1,3,0,0,2,0,0,1,0,0,1,1,1,0,0,0,0,2,0,0,0,0,0,0,2,1,1,0,2,0,1,0,2,2,1,0,1,0,1,3,2,0,1,1,0,1,0,0,1,0,0,1,0,0,0,0,2,0,0,0,2,1,3,0,0,0,2,0,3,0,0,1,3,1,0,0,0,0,0,2,0,0,3,0,4,0,0,2,0,2,0,0,0,2,1,2,1,0,2,0,0,0,0,0,1,0,0,0,3,0,0,2,0,0,0,0,0,2,2,0,0,0,0,1,0,66,156,248,252,252,255,251,255,164,18,0,2,0,0,0,0,0,0,1,2,0,2,0,2,1,4,0,110,234,251,253,251,253,253,252,248,250,107,1,0,1,0,0,0,0,0,0,3,0,1,4,0,0,1,4,132,231,235,162,39,23,21,42,253,249,105,2,1,0,1,2,3,3,0,0,2,0,0,0,0,0,0,0,0,0,0,0,1,0,0,47,250,252,107,1,1,1,1,0,0,1,0,1,2,0,0,3,1,0,0,2,0,2,0,0,1,3,36,225,251,210,19,2,0,0,0,3,2,0,0,2,1,0,0,0,0,2,0,0,0,1,0,0,0,24,158,254,243,35,0,0,1,1,3,0,0,0,0,0,1,1,0,0,0,0,0,3,0,0,1,0,38,186,253,253,237,103,38,0,0,0,4,2,0,0,2,0,3,0,0,1,1,1,1,1,0,2,21,126,223,253,252,252,251,252,246,152,17,0,0,0,2,0,0,2,2,0,0,0,0,0,0,2,0,2,150,250,252,214,154,84,155,215,255,253,201,24,1,0,1,0,38,13,0,0,4,1,0,3,2,0,0,1,99,253,164,19,2,4,3,20,127,254,248,224,38,0,1,107,140,4,0,0,1,0,0,0,0,1,0,0,0,0,0,1,0,1,0,0,0,35,228,252,121,104,228,224,35,0,4,0,1,0,2,2,1,0,0,1,0,0,0,0,0,2,0,1,0,0,93,250,254,252,188,29,0,0,1,0,0,0,3,1,0,2,0,1,0,0,0,3,1,1,0,2,0,6,83,250,254,163,14,0,2,0,0,0,0,2,2,2,0,1,1,1,0,0,0,0,3,1,0,0,55,199,254,255,253,106,0,2,0,0,0,3,0,0,0,2,0,1,1,0,2,0,0,0,0,0,4,91,237,249,255,253,250,14,0,0,0,1,0,0,3,0,0,1,0,0,1,0,1,0,0,0,1,3,70,236,211,73,245,254,193,0,0,0,1,0,1,3,0,0,0,0,2,2,0,0,0,0,2,5,3,100,252,218,42,189,251,253,67,0,2,0,2,0,3,0,1,0,1,1,0,1,2,1,1,0,2,0,41,234,254,114,192,254,249,132,0,0,2,1,1,0,0,1,1,3,0,0,0,0,3,1,0,1,0,2,82,253,255,252,251,252,134,1,0,0,0,0,0,2,1,1,0,0,0,0,0,0,0,0,2,0,1,0,86,250,252,255,194,113,5,0,0,0,1,4,4,0,1,0,2,0,0,0,2,1,1,0,1,0,0,0,1,0,0,0,0,0,0,1,0,0,3,2,0,2,0,2,1,2,0,3,0,0,0,0,0,3,0,2,2,0,1,1,3,0,0,0,0,1,1,0,0,0,0,0,0,1,1,0,0,0,2,0,0,0,1,2,0,0,0,2,0,0,0,0,0,0,0,0,1,0,2,0,3
0,2,4,0,0,0,0,0,0,1,1,0,0,3,1,0,0,1,0,1,0,0,0,0,0,0,0,0,3,0,0,0,1,0,0,0,0,0,1,0,4,0,0,4,2,0,1,0,2,1,0,0,0,2,2,1,0,0,1,1,0,2,1,1,0,0,0,45,174,255,92,2,0,2,2,0,1,0,0,1,3,0,0,1,0,0,0,2,0,0,0,1,0,2,6,201,252,255,255,8,0,1,0,0,0,3,0,0,0,0,3,2,1,1,0,1,0,0,0,0,2,0,78,252,197,97,207,10,0,2,0,0,0,0,0,0,1,0,0,0,1,0,0,0,1,1,1,1,1,33,228,255,169,1,0,0,0,0,2,1,0,0,1,0,0,0,0,1,0,0,0,0,1,0,0,4,2,74,252,235,73,0,0,0,0,3,0,1,1,3,3,0,0,0,3,1,2,1,0,0,0,1,0,0,0,168,254,149,3,3,0,3,0,0,0,2,0,0,1,0,2,1,1,0,0,0,0,0,0,0,1,0,30,237,251,60,0,0,0,0,1,0,2,0,0,1,1,0,3,1,1,4,0,3,0,0,0,3,2,0,39,252,254,62,0,2,0,0,0,0,1,1,0,2,0,2,1,0,4,4,0,1,0,0,2,0,0,0,148,252,253,59,0,0,3,0,0,0,0,0,0,0,0,0,2,0,2,3,2,0,1,0,0,0,0,0,155,255,250,61,0,1,1,0,2,1,77,204,157,32,0,0,0,0,0,4,0,0,0,0,1,3,1,0,159,255,255,62,1,0,0,3,3,78,211,255,252,220,32,0,0,2,0,1,1,0,2,2,3,0,2,0,155,254,251,60,2,1,0,1,82,253,252,251,253,250,215,19,2,0,0,0,3,0,3,0,0,1,0,2,138,255,255,60,2,0,0,21,209,250,232,139,96,214,251,110,0,1,0,0,0,0,2,0,2,0,3,1,36,253,251,59,1,0,0,143,254,215,32,0,0,193,249,159,0,1,0,0,3,2,0,0,3,0,0,2,27,234,252,88,0,0,167,250,247,30,3,0,0,196,248,131,0,0,0,0,2,1,0,0,2,0,1,0,1,137,251,239,74,27,241,254,114,0,0,14,105,240,187,6,0,0,0,2,0,0,2,1,5,0,0,1,0,36,228,251,233,225,253,252,0,2,53,175,253,255,124,0,0,1,1,0,0,2,0,0,1,1,2,0,1,3,51,231,252,254,255,255,211,164,242,249,254,142,7,4,0,0,0,0,0,0,0,0,2,2,0,1,2,0,0,109,233,254,255,254,254,250,253,229,115,4,3,0,0,1,3,2,0,0,1,1,2,1,0,0,2,0,2,1,8,114,134,249,253,238,135,51,0,0,0,0,0,0,3,0,0,0,1,0,0,0,0,0,0,1,2,0,1,0,0,0,0,1,2,0,3,1,0,0,0,0,1,0,0,1,0,2,0,0,0,2,3,0,3,0,0,1,0,0,0,0,0,0,0,3,0,0,2,0,0,1,0,2,1,1,0,2,2,0,0,2,2,0,0,0,0,0,3,0,1,0,1,3,2,0,0,3,0,0,1,0,0,0,0,3,0,0,0,0,0,2,0,1,1,0,3,0,2,2,2,2,0,0,2,1,0,0,2,1,0,0,0,1,1,0,1,0,2,2,2,0,0,4,0,0,0,0,0,2,3,0,2,0,0,1,1,0,0,0,1,0,1,2,2,1,0,0,0,0,1,0,0,0,2,0,0,1,0,0,1,0,2,2
0,0,0,0,3,0,4,1,2,0,1,0,0,0,2,2,0,3,0,1,1,1,0,0,1,0,0,0,2,0,0,1,0,4,0,0,0,0,1,0,0,0,0,1,0,1,1,0,0,0,2,0,1,2,0,0,0,0,0,0,0,5,0,1,0,3,0,0,0,1,0,0,0,1,0,0,0,3,0,0,3,2,3,3,0,0,0,0,4,0,0,0,0,0,0,0,0,0,0,2,0,0,2,1,0,3,0,0,3,1,0,0,0,0,0,0,0,0,0,0,0,0,1,0,1,0,2,2,118,252,215,0,0,2,0,0,0,0,2,1,0,0,0,1,0,0,0,4,4,0,0,4,0,0,0,2,119,252,213,4,0,0,0,0,0,2,4,0,1,0,0,1,0,0,0,0,0,0,1,0,0,0,2,0,123,252,211,0,0,1,2,0,0,0,2,0,0,0,0,1,0,0,0,0,1,2,1,1,1,0,4,8,140,254,215,0,1,1,2,5,0,1,0,1,1,0,0,0,0,0,0,0,1,0,0,0,3,0,0,135,254,252,213,0,0,0,0,1,2,0,0,0,0,2,2,2,0,0,0,3,0,4,0,0,0,2,0,252,254,253,92,0,1,0,0,1,0,0,1,4,1,3,1,3,0,1,1,3,0,1,0,0,2,2,165,253,253,103,1,1,2,0,0,0,2,0,0,0,1,3,0,0,0,4,0,1,0,2,0,2,0,44,212,255,215,55,1,0,0,1,2,0,0,0,0,0,1,2,0,0,0,0,0,2,5,4,0,0,44,200,254,253,137,0,0,0,2,0,1,0,2,1,0,0,1,0,0,0,1,0,4,1,0,1,1,0,77,254,253,249,137,1,0,0,0,0,1,0,0,0,0,3,0,0,0,1,0,0,0,0,1,2,0,17,254,249,253,241,104,3,0,1,1,0,0,0,0,0,1,0,1,1,2,2,0,0,0,1,0,1,0,9,172,255,254,220,63,0,0,0,0,1,3,0,0,0,1,0,0,0,0,1,0,0,1,1,0,0,6,0,77,253,253,252,138,0,3,0,0,0,0,1,2,0,0,1,0,1,1,0,1,0,1,0,2,1,0,17,242,251,251,202,9,0,2,0,0,2,1,1,0,3,0,0,0,0,0,0,0,1,0,3,0,0,0,95,251,251,254,121,1,0,0,2,4,3,0,0,0,2,2,1,2,1,0,0,0,1,2,3,0,0,2,220,253,250,253,0,0,0,1,0,2,0,1,0,0,0,0,1,1,1,0,1,1,1,2,0,0,0,128,250,253,253,234,0,0,0,0,0,3,0,0,0,0,1,2,0,0,0,0,0,1,0,0,2,0,0,156,251,251,251,58,0,1,3,1,0,0,1,1,2,0,0,1,0,0,0,0,3,0,0,1,0,1,2,153,252,252,251,61,0,0,2,3,2,1,0,2,0,3,1,0,0,2,0,2,0,0,0,5,0,0,0,37,75,192,59,12,2,1,2,2,1,0,0,0,0,0,1,2,0,3,3,1,0,1,0,0,2,2,2,0,3,0,0,0,0,1,2,1,0,3,0,2,0,1,0,0,1,1,0,0,2,0,0,3,0,3,0,0,1,1,0,0,0,2,0,1,0,0,0,0,1,0,0,1,0,0,1,1,3,2,0,0,0,0,1,3,0,0,1,0,1,2,0,0,0,0,1,4,2,0,0,0,0,0,0,0,1,0,0,0,2,3,0,1,0,2,1,0,0,0,1,3,2,0,0,0,0,0,0,0,0
3,1,0,0,0,1,0,0,0,4,4,0,0,2,0,0,0,0,0,0,0,1,2,0,0,0,0,0,3,4,0,0,4,0,0,0,3,0,0,1,0,0,0,0,0,0,0,0,2,0,0,0,0,4,0,3,0,2,1,3,0,0,0,0,0,0,0,2,0,0,0,1,0,0,0,0,0,0,0,2,0,0,4,2,2,1,1,0,0,5,0,0,0,0,0,0,0,0,0,0,2,0,0,1,1,0,0,0,0,0,0,0,1,0,0,0,0,0,3,4,0,1,0,0,1,3,0,0,0,1,1,0,2,0,0,0,1,0,0,1,0,2,0,0,2,0,2,1,0,0,0,0,23,117,192,255,255,252,159,21,0,1,1,0,0,2,0,2,0,0,2,0,0,0,1,1,1,2,0,65,205,250,253,252,248,253,254,161,1,0,0,0,1,0,0,0,1,0,1,1,2,0,0,1,0,10,139,250,250,242,147,69,42,114,248,253,22,0,0,0,0,0,0,0,0,0,0,0,5,0,3,0,1,112,254,238,156,29,3,0,1,113,250,248,17,0,0,0,0,1,4,0,0,0,0,0,2,0,0,0,0,23,146,42,0,1,0,1,44,255,250,106,1,0,0,1,1,0,0,1,0,0,0,0,0,2,0,0,0,0,2,2,2,7,113,155,240,254,219,7,2,0,1,2,0,0,0,0,1,1,1,1,0,3,0,0,0,1,0,1,0,82,252,252,251,229,52,3,0,0,0,0,0,1,0,1,0,0,1,0,0,0,0,2,5,0,0,150,241,248,255,255,252,252,101,0,0,0,1,1,0,0,0,0,0,1,3,0,0,0,0,1,1,0,0,237,252,250,249,183,255,253,247,95,0,1,4,1,0,0,2,0,0,1,0,2,0,0,0,1,0,2,3,3,45,4,6,2,48,184,252,253,79,0,0,0,0,1,0,0,2,2,0,0,0,2,0,0,2,0,0,4,0,0,0,0,0,15,224,253,122,2,0,0,0,2,1,0,0,2,0,0,0,1,2,0,1,0,1,1,0,0,2,0,0,0,126,255,220,2,1,3,1,2,0,0,0,0,3,2,3,3,2,1,1,0,0,2,1,0,0,0,1,2,130,255,214,1,0,0,0,0,2,0,1,0,2,0,0,1,0,109,92,3,0,0,1,0,1,0,0,0,228,252,119,0,0,3,0,0,2,0,0,2,0,1,1,0,29,239,167,0,0,0,1,0,1,1,2,120,250,255,70,0,0,0,0,0,2,0,0,1,3,0,0,0,62,250,179,0,2,0,0,1,0,0,48,252,253,168,4,1,0,0,2,0,0,1,1,0,0,1,0,1,34,236,178,1,1,1,1,4,18,160,239,253,202,1,1,2,2,2,0,0,0,3,0,1,0,0,0,0,0,220,237,140,88,90,91,148,215,252,251,162,20,1,0,1,0,0,0,0,0,4,1,2,0,0,0,0,0,162,252,251,253,251,252,255,234,147,25,4,0,1,2,1,1,0,0,3,0,1,3,0,0,0,0,6,3,25,124,166,251,197,153,135,33,2,0,0,0,0,1,0,3,3,2,0,0,0,4,2,0,1,0,0,0,2,0,0,1,2,0,0,0,2,0,0,2,0,0,1,2,0,0,1,0,0,2,1,0,0,0,0,0,0,1,0,2,0,0,0,0,1,2,0,0,0,0,1,0,0,0,0,0,3,0,1,3,2,0,0,0,0,0,2,2,0,0,0,0,0,1,0,0,0,2,0,1,2,2,0,1,0
0,1,1,0,0,0,1,3,1,2,2,1,0,0,3,1,0,2,0,2,0,2,2,0,2,0,1,1,0,0,0,0,0,1,0,1,0,1,0,1,0,0,0,0,0,0,0,2,0,0,0,0,2,3,0,0,0,1,0,1,1,1,1,0,0,0,3,0,0,0,0,16,141,224,80,2,0,4,0,2,3,0,0,0,0,0,3,0,2,1,1,0,0,0,0,1,1,2,0,188,251,252,117,0,1,0,1,0,0,1,2,2,0,0,0,0,0,0,1,0,0,3,0,2,0,0,99,255,169,114,37,0,1,1,1,0,0,3,0,1,0,0,1,0,0,1,1,3,0,2,0,3,0,51,246,246,41,1,3,2,0,2,0,0,2,0,1,3,0,0,0,0,0,0,0,2,0,2,0,0,33,213,255,46,1,0,0,0,3,0,1,0,1,0,0,1,2,0,0,0,0,0,0,0,0,0,0,4,116,254,172,2,1,2,3,0,0,0,0,2,0,1,2,0,0,0,0,1,0,0,0,0,0,2,2,100,253,212,8,0,3,0,0,0,0,2,0,0,2,1,0,1,0,3,0,0,4,0,0,0,1,0,19,197,224,43,1,0,0,0,3,0,2,2,3,0,0,0,1,0,1,3,0,0,1,3,0,0,0,0,148,254,174,0,0,3,0,3,2,1,0,0,0,2,1,0,2,0,0,0,0,0,3,2,0,0,1,1,195,255,102,0,4,1,0,0,1,0,1,0,1,3,0,1,2,0,1,2,0,0,0,2,0,0,2,22,255,177,0,0,2,1,55,98,62,15,0,0,0,1,1,1,0,0,2,0,0,1,0,1,0,2,0,183,253,137,0,0,51,216,245,255,255,185,1,0,1,0,0,0,2,0,0,1,1,0,1,0,1,2,0,195,255,139,1,91,232,255,215,106,171,249,63,0,0,0,0,0,0,0,0,2,1,0,0,2,1,0,2,193,251,133,87,250,254,154,25,5,134,252,173,1,0,0,0,0,0,0,0,2,0,0,0,0,2,0,0,196,253,150,233,240,123,0,2,2,135,255,100,1,2,1,0,0,0,4,3,0,0,2,0,0,0,0,1,98,255,252,251,154,0,2,1,3,139,253,24,1,0,0,0,1,0,2,1,0,1,0,0,4,2,0,0,15,207,251,253,126,0,15,20,24,181,245,52,1,0,1,3,1,0,2,1,0,0,0,3,1,0,0,0,2,131,251,253,241,172,224,253,249,251,126,1,0,3,0,1,0,2,2,1,0,0,5,1,0,1,0,0,0,4,112,242,250,253,255,252,252,214,5,0,0,0,0,0,0,1,1,0,2,2,2,0,1,1,1,0,1,0,0,39,160,255,253,252,220,97,0,1,0,0,0,2,0,0,4,0,0,0,4,1,5,0,2,0,0,0,0,0,0,1,0,0,1,0,1,1,0,0,2,0,0,1,1,0,0,0,2,3,0,0,1,4,3,0,1,3,0,1,1,0,1,0,0,0,1,0,2,4,3,1,0,0,0,2,0,0,0,0,1,0,0,0,0,0,0,0,0,0,0,0,0,0,4,0,0,0,0,0,1,0,0,0,0,0,1,2,0,0,0,1,0,0,0,0,0,0,0,1,1,0,0,0,0,0,0,2,0,0,0,5,0,1,0,0,0,0,1,0,2,0,0,1,0,0,0,0,0,0,0,0,0,0,0,0,0,0,0,0,0,1,1,0,0,2,2,0,0,0,3,0,0,1,0,0,0,0,0,0,0,0,1,3,2
1,3,4,0,4,0,1,0,0,0,0,0,2,0,1,0,1,1,2,0,0,0,0,1,0,3,0,0,0,0,0,3,3,4,1,0,2,0,0,0,0,0,0,0,3,0,0,0,1,0,1,1,0,0,0,2,3,1,0,0,0,1,0,2,3,1,3,3,1,2,0,4,2,2,0,0,0,2,0,3,5,2,0,0,2,0,0,0,0,5,0,0,2,0,1,0,0,1,1,1,0,3,0,0,0,2,0,2,0,3,2,0,1,0,1,0,0,0,0,2,0,1,0,3,2,1,0,0,0,1,0,0,1,0,0,0,1,0,0,3,0,0,0,0,1,0,2,0,1,1,3,2,1,0,0,0,0,0,0,1,0,2,0,0,0,1,1,0,2,0,2,0,1,3,0,2,0,3,0,0,0,0,6,116,245,226,247,59,0,34,120,0,0,2,0,0,0,0,0,0,1,2,3,1,3,0,0,0,2,0,149,195,95,8,158,27,17,217,227,24,0,0,0,0,3,0,0,0,1,1,1,0,1,2,4,0,16,173,147,52,0,0,63,7,197,226,44,0,0,0,0,0,0,1,0,0,0,0,1,2,0,0,0,1,88,202,23,0,3,1,1,66,202,76,1,1,2,1,0,0,2,0,0,0,0,0,1,0,1,2,0,0,126,137,1,2,0,0,42,241,231,46,2,1,0,0,1,0,1,0,0,0,1,1,4,0,0,0,2,140,201,8,0,1,0,0,147,253,84,0,0,0,0,0,0,0,0,1,3,0,4,0,0,0,0,0,91,226,8,1,3,0,19,153,255,138,0,0,1,1,0,2,0,1,0,2,0,0,0,0,0,0,0,6,226,91,0,0,0,71,195,224,111,0,0,0,0,0,0,0,0,0,2,3,0,4,0,0,3,0,1,48,231,19,29,62,149,255,249,71,1,3,0,0,0,2,0,1,0,1,0,0,0,0,0,0,1,0,2,43,250,203,252,221,206,249,203,1,0,0,0,0,0,0,0,0,0,1,0,0,1,2,3,0,0,1,0,1,108,198,120,16,132,249,142,0,0,0,0,0,0,1,3,0,0,2,0,1,0,1,0,0,0,0,1,2,0,1,0,112,254,198,3,0,2,2,0,1,0,0,0,0,1,0,3,2,0,1,2,1,0,0,0,1,2,2,28,249,238,25,0,0,1,1,3,3,3,0,3,1,0,3,0,0,0,1,3,0,2,0,3,3,0,4,221,210,22,2,1,4,1,2,0,1,0,0,0,1,0,5,1,0,1,0,0,0,1,0,0,0,0,112,245,0,1,2,0,2,0,0,2,2,1,0,1,0,2,0,0,0,0,0,0,0,2,0,0,1,62,242,125,0,0,1,3,0,0,0,1,0,2,0,1,0,4,0,2,4,0,1,2,2,1,0,0,95,233,164,5,0,0,0,1,5,2,0,0,2,0,2,0,0,2,1,1,0,0,0,1,2,0,1,0,211,223,11,0,0,1,0,0,4,1,2,2,1,0,0,0,0,0,0,0,0,0,0,2,0,1,0,0,210,125,0,0,1,1,0,1,0,1,1,0,2,0,1,2,0,0,0,0,0,1,0,0,0,2,0,24,90,1,0,0,3,1,0,0,2,0,0,0,0,0,1,0,0,0,0,1,1,1,0,2,0,0,0,0,1,0,1,2,1,0,1,1,1,0,2,1,0,0,0,0,1,0,1,0,0,2,0,2,0,0,0,1,0,3,0,0,4,0,0,0,1,2,0,0,0,0,1,0,0,0,2
0,1,0,0,0,0,0,0,0,0,0,2,2,1,0,0,0,0,0,0,0,0,2,0,3,0,1,2,2,0,0,2,1,0,1,0,0,0,2,0,0,0,4,0,2,0,0,0,1,1,0,0,1,0,1,2,2,0,3,0,0,0,1,0,0,0,2,0,0,0,0,0,0,0,2,0,0,3,0,0,0,1,0,3,0,0,3,1,1,0,0,0,1,0,1,1,0,0,0,2,1,0,0,0,3,0,0,0,3,2,0,0,2,2,2,0,0,0,0,1,2,0,0,2,0,0,1,1,0,0,1,0,0,0,0,0,2,0,2,0,2,0,0,0,2,1,3,0,1,111,122,126,126,156,156,127,38,0,0,0,0,0,1,0,0,1,0,2,0,0,0,0,2,0,0,2,160,254,252,254,253,255,254,254,250,85,0,0,0,0,0,0,1,0,0,0,4,2,0,0,0,0,2,1,170,255,254,254,254,255,255,251,254,243,145,0,3,4,1,0,0,2,1,0,0,0,2,1,1,0,0,0,5,100,254,255,251,255,255,255,251,255,222,3,3,0,0,0,0,0,0,0,0,0,0,0,2,0,0,0,1,12,22,134,184,253,255,252,253,254,221,2,5,1,3,0,1,2,1,2,2,3,1,0,0,2,0,2,2,0,0,183,230,255,255,251,252,254,224,0,1,1,0,0,0,0,0,0,0,0,0,0,0,2,1,3,0,0,118,248,253,254,253,255,253,255,112,0,2,0,0,1,0,3,0,0,1,0,1,0,1,0,0,0,0,0,216,253,252,255,253,254,254,254,131,1,0,2,0,0,1,2,2,0,1,0,0,0,0,0,0,0,0,0,88,242,254,251,253,252,255,255,224,0,2,2,0,0,0,0,0,0,0,0,3,1,1,1,0,0,1,4,5,91,238,254,205,235,254,252,232,26,0,1,1,0,0,2,0,0,0,2,0,3,0,0,3,0,3,0,2,3,55,65,18,154,255,255,254,127,0,0,2,0,0,0,1,0,5,0,1,0,2,2,2,0,0,0,0,1,1,0,0,51,254,255,253,227,0,1,3,0,0,0,0,0,1,0,0,0,0,2,1,0,3,3,0,0,0,0,0,77,254,255,254,140,0,0,0,0,0,3,1,0,1,0,1,0,0,0,1,0,1,0,2,0,1,0,42,233,252,254,252,99,0,1,1,0,0,0,0,4,0,0,0,0,0,0,0,0,0,17,0,0,0,8,155,252,252,254,233,35,1,0,0,1,0,0,0,0,1,0,0,0,0,0,0,0,141,207,158,50,133,183,254,253,253,255,205,0,1,0,0,0,0,0,3,2,0,1,2,0,1,0,2,63,242,253,255,251,255,254,254,254,255,252,87,0,3,0,0,1,2,0,0,1,0,0,0,2,1,1,0,105,252,255,254,254,254,252,255,253,249,134,0,3,4,1,0,0,0,0,0,0,3,0,0,0,0,0,0,50,233,254,254,252,255,253,250,221,30,0,0,0,1,0,0,0,1,2,0,2,0,0,0,0,3,0,0,1,3,108,233,255,254,221,32,0,0,0,1,3,0,0,2,0,3,1,0,1,0,0,0,1,0,0,2,4,0,0,2,0,0,0,0,1,0,0,1,1,1,0,0,0,6,0,0,0,0,0,1,3,5,1,2,2,0,4,0,1,0,1,0,1,3,3,1,0,2,1,0,3,1,1,0,1,0,0,0,1,0,2,3,1,0,1,1,0,1,2,0,0,0,0,0,0,0,0,0,1,0,0,2,0
0,0,0,1,3,1,0,1,0,1,0,0,2,2,0,1,2,0,0,0,0,0,0,0,0,0,0,0,1,0,0,0,0,1,3,2,1,1,0,0,0,0,2,0,0,0,0,0,1,1,0,0,0,1,0,0,4,0,0,0,0,0,0,0,3,5,2,3,2,0,0,2,0,0,0,0,0,0,0,0,3,0,0,0,0,0,2,0,0,0,0,0,0,0,1,2,0,0,0,1,0,1,0,0,0,0,0,0,0,0,0,0,0,3,0,2,1,2,0,0,0,2,0,91,255,253,252,1,0,1,0,2,1,0,2,0,3,0,0,1,0,0,0,0,0,2,0,0,0,0,0,188,252,250,249,0,0,0,1,0,0,0,4,0,0,0,0,0,0,1,0,0,0,2,0,0,0,0,0,191,254,252,251,0,0,0,0,1,0,1,1,0,2,0,0,1,1,1,0,1,1,4,1,0,0,0,0,191,252,251,253,1,0,2,0,0,0,0,0,0,0,0,0,0,2,1,3,0,3,1,0,0,1,0,0,191,253,250,249,3,3,0,1,3,0,0,0,0,2,1,0,0,0,0,1,0,0,0,0,0,0,0,0,192,252,251,255,196,26,2,0,1,0,1,2,0,0,1,2,0,2,2,1,0,0,0,0,0,0,1,2,191,251,251,252,250,61,0,3,0,0,0,1,0,1,0,1,0,0,0,1,0,0,0,1,0,0,1,0,191,251,253,247,252,139,2,3,1,0,0,0,2,0,1,1,0,0,0,0,1,3,0,0,0,0,0,0,54,250,250,248,253,221,3,1,0,0,0,0,1,2,0,2,2,2,0,2,2,1,1,0,2,0,0,0,31,254,251,248,253,222,0,1,0,1,0,0,0,1,1,3,1,0,1,1,0,0,2,0,5,3,0,0,11,176,252,254,255,221,2,2,2,1,0,1,1,2,0,0,1,2,1,0,1,0,0,0,0,0,2,0,30,251,249,253,254,221,0,2,0,1,2,2,3,1,0,0,1,1,1,2,0,0,1,0,2,0,0,0,33,252,252,254,254,220,0,0,3,0,0,1,0,0,0,1,2,2,1,0,0,1,3,2,0,2,0,2,31,252,251,254,253,219,2,1,2,0,2,2,1,2,0,3,0,3,0,0,0,0,0,0,1,3,0,0,31,249,251,249,252,222,0,0,1,2,0,0,0,0,4,0,0,3,2,1,0,2,0,1,1,0,0,0,17,207,254,254,255,253,126,0,0,1,0,0,3,3,2,1,0,1,0,0,0,0,0,2,4,0,0,0,2,28,228,252,254,251,126,0,0,1,1,0,2,0,4,1,1,0,1,1,0,0,0,0,0,2,0,0,0,3,222,252,255,253,186,96,0,0,4,2,0,1,0,0,1,3,1,2,0,0,0,0,0,1,0,1,0,0,180,212,253,252,248,188,0,2,0,0,1,2,2,0,3,1,0,3,0,0,3,0,0,4,0,1,1,0,25,34,153,252,252,87,1,0,1,0,0,1,0,0,0,0,1,0,2,0,0,3,0,0,1,1,0,0,1,0,1,0,0,0,0,0,0,0,0,2,1,0,0,1,0,1,0,1,2,0,0,3,0,1,0,0,0,0,1,0,2,0,0,0,2,1,2,0,0,2,2,0,0,1,0,3,0,3,0,0,1,0,0,0,0,1,0,1,1,0,0,0,3,1,2,1,1,1,1,0,1,0,2,0,1,0,1,0,0,0,0,0,1,1,0,0,1,1,2,0,2,0,0,0,0,2,3
0,0,0,0,0,1,1,0,0,5,0,1,0,0,1,2,0,0,2,0,1,0,0,2,0,0,1,2,1,0,0,0,0,0,0,2,3,0,0,1,2,0,1,0,0,0,0,0,0,0,0,0,2,1,3,0,0,2,1,0,0,3,1,0,0,0,1,0,1,0,0,4,1,0,1,0,0,0,3,5,0,0,0,1,1,0,0,0,0,0,0,0,0,3,2,1,0,1,2,0,2,1,0,0,0,0,0,2,1,1,0,5,0,1,0,1,0,0,3,3,1,1,0,0,0,0,1,0,0,0,1,0,1,2,0,0,0,0,0,4,2,0,4,0,0,0,1,0,1,1,2,0,0,2,0,1,0,3,39,253,254,252,74,2,0,1,2,0,0,0,0,0,3,4,0,2,0,1,1,2,2,62,61,3,0,63,179,253,255,252,71,1,0,1,0,0,1,0,1,0,0,0,0,0,0,1,1,0,182,244,213,1,19,222,251,248,236,175,19,1,0,0,0,2,0,0,0,2,0,0,2,0,0,0,23,144,252,211,89,3,190,255,252,253,143,2,0,0,0,1,1,1,3,1,0,0,1,1,0,0,0,93,211,253,208,16,0,144,252,249,250,110,1,0,0,0,0,1,0,2,0,0,2,2,1,0,2,0,35,226,250,254,20,0,29,239,249,253,225,14,1,0,0,3,1,0,0,2,0,0,3,0,0,0,9,35,210,254,246,132,1,11,151,252,255,255,198,1,1,23,0,0,0,0,0,0,2,0,2,0,0,0,37,253,252,253,130,4,1,71,252,251,251,249,71,0,143,206,41,0,0,1,2,2,1,0,2,0,0,1,182,255,252,250,72,0,0,73,255,251,255,209,111,190,255,252,72,0,0,2,0,1,0,3,3,0,0,65,243,255,249,254,126,71,43,117,251,251,254,249,250,254,253,229,51,1,1,2,0,0,0,0,1,2,0,72,251,252,250,252,255,252,221,239,250,253,250,252,253,254,238,153,2,2,2,0,0,0,1,0,0,1,2,77,254,253,254,252,251,251,253,251,252,253,255,254,249,252,147,2,0,0,0,1,0,4,0,1,2,1,0,38,163,252,252,254,251,251,255,252,254,252,255,255,236,145,0,0,1,2,0,0,2,1,0,0,0,2,1,0,4,121,213,191,230,253,254,254,251,254,222,138,30,0,4,0,2,0,0,0,0,2,0,0,0,1,0,1,0,1,33,7,55,154,254,254,252,255,161,4,0,1,2,0,0,0,0,0,0,0,3,0,4,0,0,0,1,0,0,1,2,1,255,252,248,253,249,115,1,0,1,0,0,2,0,0,2,3,0,0,0,4,1,0,0,0,1,0,1,0,192,254,253,252,253,253,133,0,0,1,1,1,1,0,3,0,1,1,0,1,0,3,2,0,0,0,4,1,80,244,251,251,252,249,171,4,0,0,2,1,0,0,3,0,0,0,0,0,3,2,0,1,0,0,3,0,1,102,225,254,248,221,60,0,0,0,2,1,0,0,0,3,1,1,3,2,1,0,2,0,0,0,0,2,2,1,16,190,107,13,0,0,1,2,3,3,0,0,0,3,0,0,2,2,0,0,0,2,0,0,0,0,1,1,1,0,0,0,0,3,2,0,0,0,0,2,0,0,0,0,0,0,0,0,2,0,0,0,3,0,0,1,0,0,4,0,3,2,2,0,5,0,1,0,1,3,0,0,0,0,2,1,0,1,0,3,0,0,0,2,0,0,0,0,2,0,1,0,3,0,0,0,4,0
0,0,1,0,0,4,0,1,3,0,0,0,0,0,1,0,0,0,2,0,0,0,0,0,0,0,0,2,1,0,0,0,0,0,2,0,0,0,0,0,1,2,3,0,2,4,1,0,0,0,0,0,4,1,1,0,1,3,0,0,0,0,0,1,0,1,0,2,0,0,0,2,1,0,0,0,0,0,5,0,0,0,0,0,0,3,3,1,0,0,1,1,1,1,0,0,3,0,0,0,0,1,0,0,0,0,1,0,4,0,0,0,2,1,0,0,0,0,1,0,2,2,0,1,3,0,0,0,1,1,0,0,0,0,0,2,1,0,1,0,0,2,3,1,0,2,0,0,3,22,246,88,3,11,0,0,0,0,4,0,0,0,0,0,1,0,0,2,1,3,0,0,0,2,3,0,0,4,80,239,177,204,1,0,0,0,3,0,0,0,0,0,0,4,0,0,0,0,0,0,0,1,0,0,1,0,0,185,253,252,0,1,0,0,3,0,0,1,0,0,0,4,0,1,1,0,0,0,1,0,0,0,1,1,0,182,250,251,0,1,0,0,0,0,0,2,0,0,0,0,1,1,1,0,0,0,0,1,3,0,2,0,2,131,250,254,105,1,1,0,3,2,1,2,1,0,0,0,0,0,0,1,0,0,0,4,0,0,3,0,0,32,229,250,247,51,0,3,1,0,0,1,2,3,0,0,0,0,0,1,0,0,0,0,0,0,1,0,0,1,133,251,255,116,0,1,0,1,0,1,1,1,0,2,0,0,0,5,0,1,1,3,0,0,0,0,0,2,68,214,251,222,19,0,1,0,0,0,1,1,0,1,3,0,0,0,0,0,0,3,2,0,3,0,0,1,0,20,253,252,110,0,0,2,0,1,0,0,0,0,3,0,0,0,2,0,0,0,0,0,1,1,0,0,0,0,251,250,183,1,2,4,1,0,0,2,1,1,2,0,0,2,0,0,1,0,0,0,0,0,0,0,0,0,254,255,182,0,0,0,0,0,0,0,0,1,0,0,0,1,0,0,1,1,1,2,0,3,0,1,2,0,160,251,198,13,0,0,0,2,3,2,1,0,0,0,3,2,0,3,0,2,0,0,4,1,2,0,3,1,18,231,252,46,0,0,2,1,1,1,1,0,3,0,0,0,0,1,3,1,0,2,0,0,1,2,1,3,3,160,253,49,1,0,0,0,0,1,3,0,0,0,0,0,0,0,3,0,3,1,0,2,0,0,1,0,0,58,250,154,0,1,1,0,1,2,0,0,0,0,2,0,0,0,1,0,3,2,2,1,0,1,0,0,0,45,254,161,1,1,2,0,0,0,2,1,0,0,0,2,2,0,1,2,0,1,0,1,2,5,0,0,0,46,252,160,1,1,0,2,0,0,2,0,3,1,0,0,1,3,0,3,0,2,3,1,0,1,2,3,0,46,254,160,1,0,0,0,0,1,0,0,2,0,0,0,2,2,1,0,0,0,5,0,1,2,0,0,1,50,250,235,18,0,0,1,1,0,0,0,1,0,0,1,0,0,0,0,1,1,0,1,0,0,1,0,0,5,136,117,0,0,0,1,1,0,1,0,0,2,0,0,0,1,0,0,2,1,2,0,3,2,1,0,0,0,2,3,0,2,1,0,1,1,4,0,0,0,0,2,0,0,0,0,0,2,1,0,1,0,0,3,0,0,1,0,0,0,1,0,0,2,0,0,1,1,0,0,0,0,1,0,0,0,2,0,0,0,0,0,0,0,0,0,0,0,0,0,0,1,0,0,0,1
0,4,3,3,0,0,1,4,1,0,0,2,0,0,0,0,0,2,1,4,1,1,2,3,1,0,0,1,2,0,1,0,0,0,0,0,0,0,0,2,0,2,0,0,0,0,3,2,2,4,0,0,1,2,4,1,1,0,0,3,0,0,0,0,0,0,0,0,0,0,5,1,0,0,0,0,1,0,0,0,1,0,2,5,1,0,0,2,0,2,0,0,0,1,4,0,4,0,0,0,0,2,3,0,1,0,1,1,0,0,1,0,0,1,0,0,0,0,0,3,2,0,4,0,2,0,2,0,0,0,2,3,0,1,0,0,0,0,0,0,4,3,0,1,1,0,0,0,1,0,2,1,1,0,2,5,0,0,0,2,0,0,0,0,1,1,0,0,0,3,0,0,0,0,1,27,137,56,17,16,16,19,19,40,135,46,3,0,0,1,0,1,2,1,1,1,0,2,2,0,1,0,1,253,253,255,252,251,251,255,255,253,253,254,40,0,0,0,0,0,2,1,1,0,3,0,1,0,0,0,1,255,254,255,255,252,253,252,254,254,254,253,41,2,0,0,0,0,0,1,2,0,0,0,0,1,1,1,0,77,185,156,65,160,207,255,254,252,254,234,29,1,1,0,3,5,0,0,3,0,1,0,1,0,0,0,0,1,0,0,1,0,55,251,252,255,232,61,0,0,0,1,0,0,0,1,2,0,1,0,0,2,0,0,1,0,1,0,1,1,12,245,253,251,248,53,6,0,1,0,0,0,0,0,2,0,0,1,0,0,0,1,1,0,0,0,1,0,0,190,250,253,192,3,3,0,0,0,0,1,0,0,0,2,0,0,0,2,0,0,0,3,3,23,113,143,143,250,254,251,92,21,23,26,21,24,26,26,20,21,10,0,0,0,4,3,1,0,0,1,29,238,255,254,255,254,253,251,253,253,253,254,253,252,253,252,254,234,172,0,1,0,0,3,0,1,0,2,2,55,109,214,251,252,252,253,255,254,254,255,251,251,214,196,155,45,0,0,1,0,3,4,0,0,1,0,1,0,1,90,252,254,255,245,230,193,174,69,60,58,21,1,1,0,1,0,0,0,0,0,0,0,0,0,1,2,0,89,251,255,250,166,28,10,0,1,0,0,1,0,0,0,0,3,2,4,0,0,0,1,0,0,1,0,0,87,254,255,252,92,5,0,0,0,1,0,0,0,0,2,0,0,0,2,2,0,2,0,0,0,0,2,0,88,253,255,229,3,0,0,0,0,0,0,0,0,1,0,1,2,1,0,0,0,0,0,3,1,0,0,0,91,252,253,243,55,1,0,0,0,0,1,0,2,0,0,4,0,0,0,0,1,1,0,0,1,1,1,0,90,253,255,251,94,1,1,0,2,0,1,0,0,0,0,0,0,2,0,3,0,0,0,1,1,0,2,2,89,254,253,254,93,0,0,0,0,0,0,2,1,0,0,2,0,0,0,1,2,0,1,3,0,0,0,4,89,253,253,234,20,2,1,0,0,0,0,0,1,0,0,3,0,0,1,0,0,0,3,1,0,0,1,0,89,253,248,231,4,0,0,0,2,0,0,2,0,0,0,0,1,2,2,0,3,2,0,0,1,0,3,3,7,122,137,69,2,0,0,0,0,0,0,0,1,0,0,0,0,1,1,0,0,0,0,0,0,0,0,0,0,0,0,1,0,0,0,1,4,0,1,3,0,0,0,0,0,0,1,1,4,0,0,0,0,1,0,2,0,3,0,0,0,0,1,5,3,0,2,0,0,2,0,0,0
0,0,2,2,0,0,0,2,0,0,1,0,1,0,2,0,1,2,3,0,1,5,0,1,0,1,3,0,0,0,2,0,0,0,3,1,0,0,0,0,0,2,0,0,0,2,3,0,0,3,3,3,1,0,1,0,3,2,0,0,0,0,0,0,1,0,1,0,0,1,1,0,0,0,2,0,0,2,1,0,3,1,2,0,0,2,0,1,0,0,0,1,1,0,0,0,0,0,2,23,156,243,250,129,0,1,1,2,0,2,5,1,0,0,0,0,3,0,0,3,0,3,0,0,0,4,86,238,241,200,222,253,150,6,0,0,3,0,0,0,0,2,0,1,0,1,4,2,0,0,0,0,17,169,251,243,40,0,17,180,254,108,2,0,0,0,1,3,1,0,0,0,0,3,0,5,1,0,0,1,144,255,207,39,0,0,0,53,239,121,0,0,0,0,0,0,0,1,0,0,0,2,2,0,3,1,0,75,242,239,18,2,0,0,1,0,0,3,0,0,3,2,5,0,0,1,1,0,0,0,0,0,0,2,23,210,242,71,1,0,1,0,0,0,0,0,0,0,0,0,2,2,1,2,0,2,0,0,0,1,1,18,206,255,146,0,1,3,0,1,0,0,0,0,1,2,0,0,0,0,2,0,0,1,1,0,0,1,0,135,252,227,16,0,0,0,0,0,1,3,1,0,0,0,1,1,0,0,1,0,0,0,0,0,0,0,19,238,254,90,2,0,1,0,0,0,1,0,0,0,1,0,0,0,0,0,0,1,1,1,0,0,2,1,108,251,202,6,5,3,0,1,0,0,4,0,0,2,0,1,1,0,0,1,1,0,4,1,0,3,0,0,133,255,182,0,0,4,1,1,4,0,0,3,0,2,1,2,0,0,0,1,0,0,1,2,1,2,0,1,117,250,132,0,2,4,0,0,0,1,0,1,0,0,1,0,0,0,0,2,0,2,2,0,4,0,0,0,155,254,90,0,0,0,0,1,0,0,2,0,0,0,0,0,3,1,0,1,0,4,0,1,1,0,0,26,238,251,128,0,2,0,0,11,19,21,23,13,0,0,0,0,0,1,0,0,3,3,1,3,0,0,2,25,240,254,181,0,2,35,121,226,252,252,252,230,64,2,3,0,0,0,1,1,4,0,2,0,0,1,0,0,139,254,202,1,153,254,251,255,185,192,252,255,205,8,0,0,1,2,1,0,2,0,3,1,0,0,0,0,93,255,253,237,247,226,108,17,0,7,203,254,253,18,2,3,0,0,2,1,0,0,0,2,2,0,0,0,2,145,253,255,251,126,0,0,7,51,226,251,147,4,0,0,2,1,0,1,0,0,2,1,2,0,1,2,0,18,208,255,255,250,202,199,212,250,254,165,20,2,3,3,2,0,0,1,1,0,2,0,0,0,1,0,0,1,19,124,176,252,253,254,253,210,85,0,0,0,1,0,0,0,0,2,0,0,0,0,0,0,0,0,1,0,4,0,0,2,0,0,0,0,1,1,0,0,2,0,0,0,0,1,1,0,2,0,3,0,0,1,0,1,1,2,0,2,0,2,1,1,1,0,1,0,0,0,0,2,1,4,0,0,0,1,0,0,0,0,0,0,1,0,1,0,1,0,0,6,0,0,0,0,0,2,1,1,0,1,1,3,0,1,1,1,0,0,0,0,0,0,0,2,1,0,0,2,0,2,0,3,0,0,0,2,1,0,0,0,0,0,0,3,4,0,0,0,1,1,0,0,0,4,0,3,2,0,0,0,0,0,0,1,2,0
0,0,1,0,0,0,0,0,0,2,1,1,2,0,2,1,0,0,0,1,0,0,0,0,0,1,0,1,0,0,0,3,2,0,2,0,0,0,1,0,0,3,0,0,4,0,1,0,0,0,0,3,0,1,0,0,2,1,1,0,0,0,1,0,0,0,0,2,1,3,0,0,1,4,0,1,0,0,1,0,0,0,2,3,1,1,1,1,0,0,0,0,0,1,0,2,5,0,1,0,0,0,1,0,1,2,2,1,3,0,3,3,0,0,4,0,0,0,1,0,0,0,2,0,0,0,0,0,2,0,1,0,1,2,0,1,0,0,0,0,1,0,0,0,2,0,0,1,0,0,0,0,0,1,0,0,0,2,0,5,0,1,0,1,2,0,2,2,1,0,3,2,0,0,0,0,0,3,33,124,247,255,255,243,121,5,0,0,0,0,0,0,0,0,0,0,0,0,2,0,0,0,2,0,61,178,255,250,252,252,254,251,250,155,3,2,0,1,0,1,0,0,0,3,0,3,0,0,1,0,1,2,189,253,253,254,255,248,251,255,253,254,104,1,2,0,0,0,0,0,3,1,0,0,1,0,0,0,0,124,252,250,246,209,111,39,0,155,254,253,185,18,2,2,0,1,1,0,0,0,2,0,0,0,0,4,3,252,253,250,140,2,0,4,0,16,224,252,250,119,2,0,1,2,0,0,0,1,0,0,1,0,2,3,6,251,255,139,0,3,0,0,0,3,75,254,252,218,26,2,0,3,0,0,1,0,0,0,2,0,0,0,69,252,239,21,0,2,0,3,1,13,222,251,253,253,152,1,0,2,1,0,0,0,3,0,0,3,0,2,114,254,237,20,4,0,0,0,34,194,255,254,252,253,228,4,0,2,0,0,0,0,0,0,0,2,4,0,62,251,254,125,2,3,1,40,169,255,253,253,254,252,154,0,0,0,0,2,1,0,0,0,0,0,0,0,6,254,249,211,95,53,158,254,255,253,254,250,251,241,72,0,3,1,0,0,0,0,2,3,1,0,0,1,1,135,252,253,252,255,250,255,254,255,213,251,253,190,0,0,2,0,0,4,3,0,0,0,0,0,0,0,0,2,99,174,244,253,251,230,192,21,65,252,250,85,0,1,0,1,0,0,0,1,3,0,1,1,0,2,0,0,0,0,54,86,84,4,1,0,20,222,233,29,0,0,0,1,0,0,0,2,0,0,0,0,0,0,0,0,0,0,0,1,1,3,0,2,23,223,224,1,2,0,0,0,0,2,0,2,1,0,0,3,0,3,0,3,0,0,0,0,0,0,2,2,71,255,126,0,0,0,0,0,3,2,2,0,1,1,0,2,0,0,0,0,1,2,2,1,0,2,0,0,170,249,189,0,0,5,0,0,0,0,0,2,0,0,0,0,0,0,1,0,1,0,0,0,0,3,0,0,169,254,238,37,1,0,3,1,0,0,1,2,0,2,0,0,0,2,0,0,2,0,0,0,0,0,0,0,169,255,252,82,1,0,0,0,1,0,1,0,0,1,1,1,2,0,0,2,1,1,3,4,0,0,0,0,167,255,255,83,0,0,1,0,0,2,0,0,0,0,0,0,0,0,0,1,1,1,0,1,0,2,1,0,98,235,243,45,3,0,0,0,0,0,2,0,4,0,0,0,1,0,0,2,1,0,0,1,0,0,1,0,3,0,1,0,0,2,0,4,2,0,0,1,0,0,0,1,0,3,0,0,0,0,2,0,0,0,0,1,0,2,0,2,0,0,1,2,4,0,0,1
0,2,0,0,0,3,1,0,1,2,0,1,0,1,0,0,0,2,0,1,1,3,0,0,0,0,4,1,0,2,0,0,0,0,3,0,0,3,1,0,0,0,1,0,1,0,0,0,0,1,2,1,0,2,2,0,1,0,3,0,0,0,3,0,1,4,0,0,127,221,49,0,0,0,0,0,0,0,2,0,1,0,2,0,2,1,0,0,0,1,0,0,2,0,1,65,228,218,106,2,0,0,0,0,0,0,0,2,2,0,0,5,0,1,0,0,2,0,0,0,2,0,14,234,140,2,2,0,2,2,1,1,0,2,0,0,0,1,0,4,0,0,1,0,0,1,0,4,0,0,119,227,22,1,0,0,0,2,0,1,0,2,3,1,0,1,3,4,3,1,3,2,1,0,0,0,0,0,236,135,0,0,0,0,0,0,0,3,2,0,2,0,0,0,2,0,0,0,0,0,2,0,0,2,4,14,243,91,0,0,0,1,0,0,2,1,0,0,5,0,0,0,2,0,2,0,1,0,0,0,1,0,1,85,240,17,2,0,1,0,0,0,3,0,0,0,0,0,0,0,1,1,0,0,0,0,1,0,0,2,0,189,237,0,0,0,1,0,0,1,0,0,1,2,0,1,0,0,0,1,2,1,0,1,0,1,1,0,0,207,170,2,0,0,0,1,1,63,151,147,133,76,1,1,0,0,0,0,0,3,0,3,4,0,4,1,28,253,91,0,0,0,0,7,144,255,222,214,180,241,74,3,0,0,0,1,1,1,0,3,0,0,0,0,24,255,68,0,1,5,0,161,255,105,9,2,0,81,221,15,2,2,0,0,0,1,0,0,0,0,0,2,58,252,15,0,0,0,150,233,69,2,0,1,0,12,232,26,1,0,0,0,0,3,3,0,0,0,0,0,82,255,16,0,1,23,228,67,0,1,0,1,0,2,194,88,0,2,0,1,0,0,2,0,0,0,0,3,73,254,47,1,1,114,252,8,2,0,0,0,4,0,199,99,2,0,0,0,0,0,0,0,2,0,2,2,14,228,145,0,0,63,255,72,0,0,3,0,1,3,208,82,2,0,0,0,3,0,2,0,0,0,0,2,0,204,233,6,0,45,252,73,0,1,2,2,0,117,232,17,2,0,0,0,0,0,2,0,3,2,2,0,0,89,252,150,0,0,155,231,133,121,120,62,96,250,68,3,0,3,0,0,0,0,0,0,0,0,2,1,1,2,171,245,137,23,9,82,100,99,105,141,190,52,0,0,2,0,0,0,1,0,2,3,1,0,0,0,1,2,4,137,253,224,145,114,111,195,254,185,49,1,0,0,0,0,1,2,1,0,0,0,0,0,0,0,2,0,0,0,56,140,206,245,184,126,69,6,1,0,1,0,1,0,0,1,0,0,0,1,0,0,0,2,3,1,1,0,0,0,0,0,0,1,0,0,1,0,0,0,0,0,0,2,0,0,2,2,0,2,0,0,1,0,0,0,0,0,1,0,2,0,1,3,0,0,1,0,0,2,0,1,1,0,1,2,0,0,2,0,0,0,0,1,1,0,0,0,0,0,0,0,0,0,3,0,0,0,1,0,1,2,0,0,2,1,0,0,0,0,0,0,2,1,0,0,0,0,0,0,1,0,1,1,2,2,1,1,0,1,0,0,2,0,0,0,0,1,2,3,1,1,0,2,1,0,0,0,0,0,0,0,0,0,0,1,3,0,0,1,0,0,1,0,0,0,2,2,0,2,0,0,0,0,0,0,0,0,1,1,0,0,2,1
2,0,2,0,0,0,0,0,0,0,3,1,0,0,1,0,0,1,0,0,0,0,0,0,1,2,2,2,1,2,3,1,0,3,0,0,0,0,0,0,0,0,1,0,0,1,0,0,0,0,3,0,0,1,3,0,1,0,1,1,1,1,0,1,1,0,0,2,0,0,0,0,0,0,0,0,1,3,0,1,1,0,0,1,0,0,0,0,0,0,0,0,0,0,0,0,2,4,1,0,0,2,2,0,0,0,0,0,0,2,0,2,0,0,1,0,1,0,1,2,0,0,1,1,4,0,0,0,0,4,1,0,2,0,0,0,0,1,0,0,0,5,0,0,3,0,0,0,0,0,4,0,0,39,192,228,63,82,154,19,0,1,0,0,0,0,1,1,0,0,0,0,0,1,1,1,0,0,0,0,43,223,253,254,247,213,251,209,17,0,0,0,2,1,3,0,3,0,0,0,0,1,0,0,3,3,0,137,202,252,226,206,254,115,215,253,204,11,4,0,0,0,0,0,3,0,2,1,5,0,0,1,4,4,133,251,255,170,44,154,184,18,105,247,255,65,0,1,2,0,0,0,0,0,0,1,0,0,0,0,0,99,253,252,208,36,1,5,3,0,10,79,188,238,57,0,0,2,0,1,2,0,0,0,0,1,1,1,47,253,252,252,37,0,1,2,1,1,1,1,105,255,186,2,1,0,1,4,0,1,3,0,1,0,0,18,223,252,254,133,3,2,2,3,0,0,0,0,7,152,221,12,1,1,2,0,0,0,3,4,0,0,0,34,255,255,157,10,0,1,0,0,2,0,2,1,0,71,247,45,0,0,0,0,2,1,0,3,0,0,0,76,254,254,1,2,3,4,2,0,0,0,1,0,0,60,237,26,0,0,0,2,2,0,0,0,0,0,2,156,255,255,0,0,3,0,1,4,0,2,1,0,1,116,240,37,0,0,0,1,3,3,0,1,1,0,1,186,253,231,0,0,1,2,2,0,0,1,0,0,0,53,243,39,0,1,0,1,1,2,0,0,1,3,52,250,255,79,1,2,0,0,2,0,0,1,1,0,43,233,218,0,0,0,0,0,0,2,0,0,1,0,57,249,252,73,0,0,2,0,0,0,0,0,0,1,123,251,169,0,0,0,0,2,2,4,0,0,0,4,31,232,254,85,0,0,1,0,1,0,0,1,0,39,232,255,56,0,2,0,0,0,1,0,0,0,1,0,3,64,253,252,1,0,3,0,1,0,0,0,40,181,251,180,12,0,0,1,0,3,0,0,0,1,0,1,2,25,211,255,172,6,0,1,4,0,0,0,165,255,235,13,1,0,0,2,2,3,0,0,2,1,0,0,0,0,110,251,253,103,8,1,0,0,52,157,250,234,109,1,0,0,3,0,0,0,0,0,1,0,0,0,1,0,19,138,255,249,222,180,127,219,238,250,234,49,2,0,2,4,0,0,0,0,0,2,0,2,2,1,0,0,5,24,145,227,249,251,251,255,250,188,85,0,0,0,1,1,0,0,0,0,2,0,2,1,1,1,0,1,2,1,0,0,64,71,172,108,57,1,0,2,0,0,1,0,0,0,0,0,0,0,1,0,1,0,0,0,0,1,2,0,0,2,0,0,1,0,1,0,0,0,3,2,1,0,1,2,2,0,0,1,0,0,0,1,0,3,0,3,1,0,1,0,0,0,0,1,1,4,0,2,0,1,0,1,0,0,2,2,2,0,0,0,0,0,0,0,1,1,0,0,0,0,0,0,0,0,1,3,0,0,1,0
0,1,1,0,0,1,2,0,3,0,0,0,0,0,0,0,0,0,2,0,0,0,1,0,0,0,0,1,0,0,0,1,1,0,0,2,0,0,0,1,1,3,0,1,0,1,0,1,0,1,0,0,0,0,0,0,0,1,0,0,0,0,2,0,0,0,3,1,0,1,2,3,0,2,0,0,3,0,1,0,0,1,1,0,5,4,2,1,0,0,1,0,1,0,3,0,0,0,0,0,0,0,1,1,0,0,0,1,0,0,0,0,0,3,0,1,3,4,0,1,2,0,0,0,3,0,2,1,1,2,0,0,3,0,0,0,0,2,0,0,0,3,1,3,0,0,0,0,1,4,1,0,0,0,0,0,0,2,2,0,0,0,1,1,0,3,0,0,1,0,0,0,1,0,1,1,0,0,0,21,4,0,8,29,28,93,138,143,144,244,214,217,80,0,0,0,0,2,0,1,3,0,0,0,103,168,170,233,176,168,190,253,253,255,254,254,255,255,252,251,141,0,0,0,0,0,2,1,2,2,2,67,234,254,254,255,254,255,252,183,168,170,169,84,53,75,254,222,46,0,0,0,0,0,0,0,0,0,25,226,255,191,216,254,201,77,29,6,5,0,0,0,1,3,81,18,0,0,0,2,0,0,1,2,2,43,254,253,190,0,53,229,24,1,4,0,0,0,0,2,0,0,0,0,0,0,0,1,0,1,0,1,1,142,254,252,218,170,92,59,32,2,0,0,0,0,0,0,0,4,0,0,1,1,2,0,0,0,0,3,2,57,253,253,254,254,254,255,231,135,66,3,0,1,0,0,0,3,0,1,2,0,1,0,1,0,1,1,1,2,25,26,30,27,51,177,253,251,244,137,63,3,1,2,0,0,5,0,1,3,0,0,0,0,2,0,3,0,0,1,0,0,0,1,48,128,247,255,254,128,9,1,0,4,0,0,0,0,1,0,0,1,0,2,3,0,1,1,0,0,2,1,0,0,59,175,248,253,170,12,0,3,0,0,2,2,3,0,0,0,1,0,0,4,1,0,0,1,0,1,1,0,0,3,138,252,254,94,0,0,2,0,2,0,0,0,4,0,1,1,0,1,3,0,2,3,1,2,0,1,1,1,12,103,254,207,11,3,0,0,1,2,2,1,2,1,2,0,0,0,0,0,1,1,0,1,3,0,2,2,1,92,255,255,77,1,0,0,4,0,0,0,0,3,0,1,1,0,0,0,0,1,0,1,0,0,0,0,25,218,253,250,26,0,0,0,0,0,1,0,0,0,0,1,0,4,3,2,0,0,0,0,2,0,1,65,209,254,251,97,10,1,2,0,0,0,0,1,1,0,0,1,1,0,0,3,1,2,0,0,2,0,75,223,249,253,154,4,0,0,0,0,0,1,0,1,0,1,3,0,0,0,0,71,3,0,0,3,26,205,255,254,241,149,0,0,2,0,1,0,1,0,0,0,0,1,3,0,0,0,0,199,127,57,82,172,244,250,254,209,62,0,3,0,0,0,2,0,0,0,0,1,0,2,0,1,2,0,2,162,252,254,250,255,254,244,142,14,2,0,0,0,4,1,1,0,3,0,0,0,0,0,3,0,5,0,0,8,127,205,254,212,142,23,0,0,0,0,1,0,0,3,1,0,0,1,0,0,0,0,0,0,0,5,0,0,0,0,3,1,0,1,0,0,0,1,0,0,0,0,0,0,0,0,0,0,0,1,1,0,0,2,0,0,0,0,0,0,2,0,0,0,1,0,0,0,1,1,1,2,0,1,2,0
2,1,1,0,0,0,2,0,0,0,0,0,2,3,0,3,3,2,0,2,0,0,0,0,0,0,1,0,0,0,0,0,0,2,0,0,0,3,0,1,0,0,0,1,1,0,0,1,2,0,0,0,1,0,1,1,1,2,0,0,1,1,3,2,0,2,0,3,0,0,0,1,0,1,0,1,1,0,1,0,0,2,0,1,0,0,2,1,2,0,1,1,1,0,0,1,2,1,0,0,3,0,1,0,0,0,0,0,2,0,0,1,0,4,0,0,1,2,1,0,2,0,0,0,1,2,2,2,2,0,79,223,58,0,1,0,4,3,0,1,3,2,0,0,0,1,0,0,0,0,1,0,2,0,0,0,0,0,162,253,215,0,2,4,0,3,0,0,0,0,0,0,2,0,0,0,0,1,0,1,1,1,0,0,0,0,217,252,212,1,0,2,0,0,0,0,0,3,0,0,1,0,1,85,174,42,0,0,1,2,0,0,0,0,211,255,122,1,2,0,0,0,2,1,0,2,1,0,1,0,0,194,254,77,0,1,2,1,1,1,0,19,229,254,115,0,3,1,1,0,0,2,0,2,2,0,2,1,0,156,254,175,3,2,5,0,0,0,0,38,238,252,95,0,1,0,1,1,0,2,0,1,0,1,0,1,0,157,254,182,0,0,0,2,4,1,1,62,250,251,21,2,0,1,1,0,0,0,2,0,1,0,0,2,1,157,250,226,12,1,1,0,0,0,0,56,251,251,17,0,0,0,0,1,1,2,4,0,4,0,0,0,2,243,252,160,0,0,0,0,0,0,0,149,252,250,15,0,4,1,0,0,0,0,0,0,3,1,0,55,137,251,209,47,0,1,0,0,0,0,0,157,253,254,17,2,0,0,1,0,2,3,0,3,0,6,88,248,255,253,164,40,9,38,0,2,0,0,0,150,255,253,18,1,0,0,0,0,2,0,0,2,0,148,251,253,253,253,255,242,218,240,214,213,211,214,212,238,251,187,3,0,1,0,0,0,0,0,1,4,0,211,255,253,253,223,245,204,250,253,252,251,253,253,254,250,250,175,3,0,0,1,1,0,2,1,1,0,0,53,48,27,14,9,14,7,18,97,57,62,79,78,168,253,255,173,0,0,0,0,0,3,0,1,1,1,0,0,0,4,0,0,0,0,0,0,2,1,0,0,97,252,255,173,2,1,1,0,1,0,1,1,0,0,1,3,2,2,1,0,0,1,0,1,0,0,0,0,96,254,251,176,0,0,2,0,3,3,3,1,1,0,0,1,0,0,0,0,0,0,1,1,2,0,0,0,96,253,251,176,0,2,1,2,0,0,1,0,0,0,3,0,1,1,0,0,0,0,0,0,0,0,0,2,72,223,255,174,0,1,0,4,0,4,2,0,2,0,1,0,1,2,1,3,0,0,1,0,0,0,0,0,1,155,252,173,0,0,0,0,1,0,0,0,0,0,0,0,3,0,0,2,3,0,0,1,3,0,0,3,0,97,224,40,0,0,2,0,2,2,1,0,0,0,0,4,1,3,1,0,1,0,0,0,0,1,0,0,0,0,0,0,0,2,1,0,1,0,1,1,2,2,0,2,2,1,1,1,0,0,0,1,0,0,1,0,2,0,3,2,0,0,0,0,1,1,0,0,0,1,4,3,3,1,0,1,0,0,1,0,0,0,0,0,0,1,0,0,0,1,0,0,0,0,2,1,3,2,0,0,0,0,0,1,0,0,4,1,0,0,2,0,0,0,0,0,0,1,0,2,0,1,0,0
0,0,0,0,0,0,0,0,1,1,0,0,0,0,0,0,1,2,1,0,0,0,0,1,6,0,0,0,0,0,0,0,1,3,1,0,0,0,0,0,3,1,0,2,3,2,0,0,0,1,0,0,0,0,0,1,0,0,0,0,2,0,1,0,0,0,0,2,2,0,0,0,0,2,0,0,1,1,0,0,2,0,0,0,3,0,0,1,0,2,2,0,0,4,2,0,4,0,0,3,0,0,2,1,1,0,0,0,0,0,0,1,0,1,2,0,1,0,2,0,0,0,0,4,2,1,2,2,0,3,0,3,1,0,0,0,1,0,0,0,0,2,0,1,0,2,0,0,0,0,0,2,0,0,3,2,4,1,0,0,0,0,0,4,1,0,0,0,1,0,1,0,0,0,2,1,0,14,144,255,255,255,255,178,31,0,4,1,2,0,2,2,1,2,2,0,0,1,0,1,0,0,4,0,60,212,250,251,255,197,236,252,233,8,0,0,0,0,1,2,0,0,0,0,0,2,0,1,0,1,2,63,239,254,231,88,52,2,49,177,253,86,5,0,1,0,1,0,2,0,2,2,2,0,0,0,0,0,14,211,252,201,34,2,0,0,0,25,233,249,52,0,2,0,0,0,0,0,5,0,0,0,2,0,0,2,131,250,251,78,1,0,0,0,0,0,15,129,67,0,3,0,0,0,1,0,1,3,0,1,0,0,0,3,213,254,198,1,2,0,0,0,0,0,0,0,1,0,0,0,1,1,0,0,0,0,0,0,0,0,1,0,243,251,123,0,0,0,0,3,0,2,1,0,2,1,2,3,2,0,0,0,0,0,0,0,0,2,0,0,241,255,123,3,2,0,1,2,1,3,0,3,2,0,0,3,1,4,3,0,3,0,0,0,0,0,0,2,156,253,222,112,60,2,52,111,147,214,213,214,213,117,79,0,1,0,1,1,0,0,0,0,2,0,0,1,17,213,254,254,246,154,236,253,255,250,254,255,253,252,224,20,0,0,0,1,0,0,0,0,0,1,0,1,2,72,194,156,153,159,157,156,157,53,49,52,50,151,251,38,0,1,0,0,0,3,0,0,2,0,1,1,0,0,3,2,0,0,0,1,0,0,0,1,2,226,252,137,0,0,3,0,0,1,0,0,0,0,1,2,0,0,2,0,2,0,0,1,0,0,0,0,0,230,250,135,0,0,0,0,0,3,1,0,1,1,0,0,0,1,0,0,1,1,0,3,0,1,1,0,74,254,251,86,0,0,4,0,0,2,0,1,0,0,1,0,0,1,0,0,0,2,0,2,1,0,0,1,114,251,255,35,1,2,0,1,0,4,1,0,2,0,2,0,0,0,3,1,0,2,2,0,0,0,1,0,180,254,193,0,1,1,0,1,3,1,2,0,2,0,0,2,0,0,2,0,0,0,1,4,0,0,1,2,181,253,184,0,1,0,0,0,4,0,0,0,0,1,4,0,0,0,2,0,3,0,0,2,0,2,2,0,184,255,188,3,0,0,0,2,0,1,0,1,0,0,2,3,2,0,2,1,0,1,1,1,2,2,0,1,158,251,253,34,0,0,0,2,0,0,1,0,0,2,0,1,0,0,3,0,0,0,3,0,0,0,2,2,15,192,159,7,2,1,1,0,0,0,1,1,0,2,0,1,0,1,0,1,0,0,0,2,0,2,0,2,0,0,0,0,1,0,2,0,1,0,0,1,0,0,2,0,1,2,1,0,4,0,1,0,0,0,0,0,5,3,0,0,0,0,2,1,0,0
1,0,2,2,0,1,1,0,0,3,0,0,0,0,0,0,2,2,3,0,0,0,1,0,1,0,3,0,0,0,0,1,0,3,2,0,1,0,0,0,2,3,2,0,2,0,0,0,0,2,0,1,0,0,0,3,0,1,0,2,0,0,1,0,0,1,0,1,2,1,4,1,0,0,0,2,0,1,0,0,1,3,0,2,0,0,3,0,0,1,0,0,0,1,0,1,0,2,1,1,0,1,0,2,2,0,4,0,0,0,0,0,0,1,0,2,0,0,1,3,0,0,3,2,1,1,0,0,0,0,3,2,0,1,0,0,1,0,0,2,3,0,0,1,3,0,1,0,0,3,1,0,0,0,1,2,0,0,3,0,0,0,0,0,0,0,0,0,0,0,0,0,0,0,0,0,0,0,3,1,4,0,2,0,3,0,0,0,2,0,2,0,0,0,0,0,0,0,2,0,1,0,0,0,0,0,0,73,157,166,168,202,189,167,33,1,0,0,2,3,0,0,0,0,1,0,2,0,2,4,2,0,1,115,243,250,255,255,253,208,212,253,248,128,0,0,3,0,0,1,2,1,0,0,0,0,0,0,3,0,70,247,255,200,66,30,27,4,13,25,168,248,131,1,0,0,0,1,0,0,5,3,0,2,0,2,1,4,192,253,128,15,0,0,2,1,1,0,9,234,189,1,0,0,0,1,0,3,0,0,0,0,1,3,0,145,252,164,3,0,2,1,1,0,1,0,113,210,6,0,0,0,0,2,0,0,2,0,0,1,2,3,1,213,249,39,0,0,0,2,0,0,2,63,251,201,2,1,2,1,0,0,0,0,0,0,0,0,1,1,0,215,233,0,0,1,1,1,0,0,36,230,255,138,0,0,0,0,0,0,0,0,0,1,2,3,0,0,1,218,246,67,1,0,2,0,0,92,224,253,213,11,1,0,0,0,2,1,4,0,0,0,0,0,0,1,0,195,251,253,175,144,150,149,221,252,255,253,133,0,3,0,0,0,1,0,1,0,0,0,0,1,0,0,1,16,176,255,253,252,253,254,233,139,217,255,52,1,0,0,2,1,3,1,0,0,0,0,2,0,4,0,0,1,3,76,77,130,112,43,25,0,184,253,9,0,0,0,0,0,0,1,3,0,0,0,1,0,1,2,0,0,0,0,2,1,0,2,1,0,185,254,48,0,0,2,3,0,3,0,0,1,0,0,0,4,2,0,1,1,0,0,1,2,0,0,1,1,183,254,99,0,0,0,0,0,0,0,0,0,1,2,0,0,0,0,1,0,0,0,0,0,0,0,1,0,188,255,96,0,2,0,2,0,1,0,3,2,0,1,0,2,3,1,3,2,1,0,0,2,1,3,1,2,184,255,76,0,3,0,0,2,0,2,3,1,0,1,1,0,0,2,2,0,0,0,0,1,1,0,0,1,183,255,8,3,0,2,0,0,1,0,1,1,0,2,2,0,0,0,0,0,2,1,3,1,0,4,0,17,246,215,6,0,0,4,3,0,0,0,0,0,0,0,0,0,0,0,1,1,0,0,5,1,0,0,0,58,254,171,1,0,0,0,0,0,0,0,0,0,2,1,0,0,1,3,0,1,0,3,3,1,2,0,0,112,254,103,2,2,1,0,0,3,0,1,2,1,0,0,1,0,0,1,0,2,0,1,0,3,0,0,3,107,217,0,0,0,4,0,0,2,0,1,2,0,1,1,0,0,0,0,0,0,1,0,2,0,0,0,3,1,0,0,0,1,0,3,1,0,0,0,3,0
1,0,1,0,0,4,0,0,0,1,0,1,0,0,2,0,3,0,0,1,2,0,4,0,0,1,0,0,0,2,3,0,0,1,1,0,1,0,3,0,0,2,0,1,0,0,0,1,0,0,0,2,0,1,1,0,0,0,0,1,0,0,0,2,0,1,4,0,1,0,0,0,0,1,3,2,0,0,1,0,0,3,1,1,1,0,0,0,0,0,0,1,2,0,0,0,1,0,1,2,0,4,3,0,4,1,0,0,2,0,0,1,0,0,4,0,0,0,3,2,3,0,0,0,95,136,138,191,138,129,17,16,0,3,0,0,0,1,0,0,3,0,0,0,0,0,0,2,16,34,147,59,255,253,255,201,238,211,191,235,124,8,1,1,0,0,0,2,1,0,0,2,0,1,13,50,178,255,253,255,200,110,144,100,43,0,61,226,184,146,8,0,1,1,3,1,0,2,1,0,1,0,56,253,255,255,253,173,25,0,1,0,0,0,1,151,236,254,33,0,1,1,2,0,0,0,1,1,1,0,54,253,253,218,50,0,0,1,0,1,1,0,1,125,211,255,78,0,0,3,0,1,1,0,2,0,0,3,7,118,49,19,0,2,2,0,1,0,1,2,0,25,160,200,154,0,2,1,2,0,0,2,0,0,1,3,3,0,2,0,3,1,0,0,3,0,0,0,0,0,36,229,153,0,0,0,0,2,4,0,1,0,0,2,0,0,0,2,1,0,0,0,0,0,0,1,0,5,86,252,152,0,1,2,0,0,0,1,0,2,0,0,2,0,0,2,0,1,1,1,0,0,1,1,0,120,254,255,77,0,0,0,0,2,0,0,0,1,1,1,1,0,0,0,1,0,0,0,1,2,0,2,19,229,255,253,36,0,0,0,0,0,1,0,0,0,1,1,1,2,0,0,0,3,0,0,1,3,0,0,68,253,255,255,34,1,0,3,1,0,0,0,0,0,0,0,0,0,0,0,48,99,94,95,96,15,3,0,150,249,255,142,6,1,0,0,5,0,2,1,0,0,2,0,1,0,95,218,245,254,252,252,253,238,232,119,246,255,195,4,2,0,1,0,0,0,2,1,0,1,0,0,26,220,254,255,239,123,122,70,35,6,64,250,254,255,191,2,0,1,0,0,3,0,0,0,4,1,2,1,56,254,253,190,5,0,3,3,2,13,185,251,253,255,190,0,2,2,0,1,1,1,4,1,4,0,1,49,187,253,238,64,0,0,0,0,74,201,253,209,209,234,234,34,0,3,0,0,0,1,1,3,1,0,14,230,254,252,78,0,0,0,0,73,238,255,177,1,0,122,239,57,0,0,2,0,0,3,0,0,0,3,16,253,254,253,45,2,41,86,159,236,251,88,27,1,0,0,69,33,2,0,2,1,0,1,0,0,2,0,5,125,254,254,186,152,238,195,132,90,33,8,0,0,0,0,0,1,2,0,0,2,0,4,0,0,0,1,2,8,74,105,232,152,188,9,7,0,0,0,0,1,1,0,1,1,1,0,2,0,1,1,0,0,0,0,0,0,1,2,0,0,1,0,2,0,0,4,1,1,0,4,0,0,1,1,1,0,1,1,2,0,2,1,0,2,4,0,0,1,1,0,0,0,0,1,1,0,0,0,0,0,4,0,0,1,0,0,0,0,0,0,5,0,0,2,2,0,0,0,1,1,0,0,0,0,0,0,0,0,0,0,0,1,0,1,1,1,0,0,0,2,3,0,0,0,0,1,0,3,1,0,1,0,0,0,0,0,0,1,1,0,2,2
0,0,0,2,0,5,0,1,0,0,0,3,0,0,1,0,3,0,3,0,0,3,0,4,2,0,0,0,2,0,0,0,0,0,2,0,0,0,0,2,0,4,3,0,0,0,0,0,0,0,0,2,3,0,1,0,0,1,0,2,0,2,0,0,2,0,0,0,1,0,1,0,0,0,1,0,0,3,1,0,0,0,0,0,0,1,0,0,0,0,2,0,0,0,3,0,0,1,2,1,0,3,1,2,3,0,1,0,1,4,1,0,2,1,2,0,0,0,1,0,0,3,0,0,0,1,0,1,2,0,77,183,16,0,0,1,3,0,0,1,0,1,3,0,0,2,3,1,0,1,0,2,0,1,2,3,0,59,235,160,9,0,0,0,0,0,0,0,1,1,0,3,2,0,0,3,0,0,3,2,2,0,1,2,73,179,255,136,0,0,0,1,1,3,3,0,0,0,0,3,0,0,4,0,0,2,0,2,0,0,0,14,169,255,251,86,2,2,0,0,1,1,1,0,0,2,0,2,0,0,0,0,0,4,0,0,0,1,13,152,254,254,122,1,1,0,0,0,2,1,0,0,0,0,1,0,0,0,0,0,0,1,0,0,0,0,74,254,253,255,79,1,0,1,0,0,1,0,0,0,1,0,1,0,0,0,0,0,0,1,1,0,2,2,223,255,252,132,3,0,3,0,0,0,2,1,1,0,0,1,0,0,0,0,0,1,0,0,2,2,4,112,251,255,163,8,0,1,0,0,0,0,1,0,0,2,3,0,0,4,0,0,4,0,0,1,0,0,31,253,255,244,63,0,1,1,0,0,0,1,1,0,0,0,1,0,0,3,0,2,0,0,1,0,0,0,172,255,231,160,2,2,0,0,3,0,0,0,0,1,1,1,0,0,3,0,0,0,2,0,0,1,0,73,234,252,179,0,2,0,4,3,1,0,1,0,0,0,1,0,0,0,0,0,0,0,3,2,1,2,2,241,254,254,102,0,0,0,0,0,1,0,2,1,4,1,0,0,0,0,0,0,0,0,0,0,1,0,39,245,247,103,3,0,0,0,0,2,0,0,1,1,0,3,0,0,3,0,0,0,1,0,1,0,1,1,134,252,222,0,1,0,0,0,0,0,1,0,0,0,1,0,2,1,0,0,3,0,0,1,0,0,0,21,190,255,152,0,1,0,3,0,0,0,0,1,0,0,0,2,0,0,0,3,1,0,0,0,3,0,3,131,255,251,107,0,0,0,0,1,0,2,1,1,0,0,0,2,0,0,0,0,0,1,0,0,0,0,0,39,255,254,225,0,0,2,2,0,0,1,0,0,0,0,3,0,1,0,0,0,1,0,0,0,4,0,1,40,254,255,222,0,2,0,1,0,2,0,0,1,0,0,1,0,4,0,1,1,0,0,0,1,0,1,3,7,130,251,241,79,0,5,1,0,1,0,4,0,0,1,0,0,0,0,0,0,0,3,3,1,0,0,0,0,1,148,130,0,0,0,0,2,0,0,0,0,1,0,0,0,0,0,1,0,1,0,2,1,0,2,0,0,0,1,1,2,0,0,0,0,3,2,0,0,0,0,1,1,2,0,2,0,0,1,4,0,0,1,0,0,0,0,0,0,1,0,0,0,1,0,1,0,2,0,3,0,0,0,0,0,0,0,0,0,0,0,3,3,0,0,1,3,0,1,0,2,1,0,1,0,0,2,1,0,0,0,0,0,1,1,1,1,0,2,3,1,0,2,0,0,2,0,0,2,0,0,1,0,2,1,0,2,0,0
2,0,1,2,0,0,1,0,0,0,0,1,2,1,5,1,0,0,5,0,0,0,0,0,0,3,0,1,0,0,3,0,0,1,1,1,0,3,1,3,0,1,3,1,0,0,1,2,1,0,0,0,0,3,1,0,0,0,1,0,0,0,0,2,2,1,0,0,0,1,0,0,0,0,0,0,2,2,0,2,0,0,2,2,1,2,1,0,0,1,0,0,2,0,0,0,2,0,0,1,0,0,4,0,0,0,0,3,0,0,0,0,1,0,0,4,0,2,0,2,0,5,0,0,0,0,0,0,0,0,1,0,0,0,2,3,0,1,1,3,3,1,1,0,1,0,0,0,0,0,1,0,0,0,0,1,0,0,4,0,2,4,0,3,0,0,0,1,0,0,1,1,1,1,0,0,0,0,2,22,87,201,251,253,140,0,1,4,0,0,0,2,2,0,0,0,3,1,0,2,0,0,0,3,1,1,17,204,250,253,250,255,224,18,0,1,0,0,0,0,1,0,0,0,0,0,0,0,0,0,0,0,0,61,195,253,253,182,47,134,213,23,0,0,0,3,0,0,0,0,1,0,2,0,0,0,2,0,2,0,35,238,254,255,148,13,1,45,121,12,35,1,0,0,0,0,0,1,0,1,2,0,0,0,0,1,0,21,206,254,196,1,3,0,2,0,131,221,163,0,0,0,0,2,2,0,6,0,0,2,1,1,1,0,0,155,253,252,174,9,6,38,83,163,251,251,212,1,1,0,3,0,1,3,2,2,0,0,0,1,0,0,0,202,255,251,253,220,212,248,255,253,254,255,241,0,0,3,2,0,4,3,0,4,1,2,0,0,0,0,0,187,250,254,252,253,250,253,255,255,254,254,127,0,0,2,2,0,0,0,0,0,4,2,0,2,0,3,0,23,176,216,255,201,191,110,60,0,230,253,135,3,2,0,0,0,0,0,0,1,0,0,2,1,0,0,0,1,1,11,21,5,1,0,2,38,243,253,71,2,1,0,0,0,0,0,0,1,0,0,0,0,0,1,1,2,0,0,0,4,0,1,0,70,251,255,70,0,2,1,0,1,0,1,0,1,0,3,0,0,0,0,0,0,1,1,0,1,0,1,0,68,252,251,70,0,0,1,0,1,0,0,1,0,2,0,0,0,2,0,0,0,0,0,1,0,2,0,0,161,255,252,69,0,1,1,1,0,2,0,2,0,0,4,0,1,0,0,1,2,2,0,0,0,1,0,4,163,252,235,19,0,0,0,1,0,0,0,2,0,0,0,2,2,1,0,1,1,0,0,0,0,0,0,0,161,253,243,41,0,4,5,0,0,1,0,3,0,0,0,0,1,0,0,3,2,2,0,0,0,0,0,0,194,254,246,50,1,2,0,0,1,0,1,2,0,0,1,0,3,0,1,0,0,0,0,0,0,2,2,1,195,253,255,68,0,2,3,0,1,0,0,0,0,0,0,0,1,0,0,1,0,2,0,0,2,2,0,0,146,252,250,70,0,0,0,0,0,0,0,0,1,1,0,0,0,1,0,0,0,0,0,1,0,2,2,2,105,252,233,39,0,0,3,0,0,0,1,4,0,0,0,0,2,1,0,2,3,1,3,0,2,1,2,0,18,200,71,1,3,3,2,0,0,1,0,0,0,0,1,0,0,2,0,0,0,1,1,2,0,0,0,0,2,1,0,3,2,0,1,3,0,0,3,0,2,0,0,0,0,1,0,1,0,2,0,0,0,0,0,2,4,1,1,3,2,0,3,1,0,1,0,1,2
1,1,0,2,0,5,0,0,2,0,0,2,0,0,0,0,0,3,0,0,2,2,0,0,4,1,0,2,0,0,0,0,0,0,1,0,1,3,0,1,0,0,0,0,0,1,3,3,0,0,3,0,0,0,0,0,1,2,0,2,0,3,0,0,0,1,0,1,1,0,0,0,0,0,0,1,0,0,2,1,0,0,1,0,1,0,0,0,0,1,0,0,1,0,2,0,5,0,0,2,0,0,1,0,3,3,0,0,0,4,3,1,1,0,0,0,0,4,2,1,2,2,0,2,0,226,226,0,0,4,1,3,4,0,3,1,0,0,2,0,0,0,0,0,3,1,0,0,0,0,0,0,0,255,227,1,1,0,1,0,0,1,1,0,0,0,0,0,0,0,0,0,4,0,0,0,0,0,0,0,82,200,58,1,2,2,0,199,113,0,0,2,0,0,1,1,1,0,0,0,0,0,0,0,0,2,2,32,255,201,0,0,2,0,28,255,0,1,2,0,0,1,0,0,0,0,0,2,2,2,1,0,0,0,0,200,253,89,0,0,0,1,174,255,4,1,1,4,0,1,0,2,2,0,0,3,0,1,0,0,0,0,136,255,173,0,0,2,0,1,252,199,1,0,1,0,1,1,0,0,0,0,0,0,1,2,0,0,0,57,253,226,27,0,1,1,0,116,255,116,1,0,0,0,3,0,1,0,3,0,1,0,0,1,0,1,0,228,255,87,2,0,0,1,1,199,254,0,0,0,3,1,2,0,0,2,0,3,0,0,0,2,0,2,55,255,224,1,0,1,0,0,0,255,199,0,0,1,1,0,0,0,0,0,0,0,0,3,0,0,0,0,199,252,57,0,0,1,0,0,113,255,87,0,5,0,2,0,0,0,0,0,0,2,1,0,1,0,0,0,254,254,0,0,1,0,1,1,225,254,3,1,0,114,0,0,0,1,0,3,2,0,1,0,2,0,2,0,252,254,0,0,1,2,2,54,255,199,0,57,197,226,0,0,0,1,1,2,1,0,0,3,0,1,0,4,226,255,255,171,114,82,86,169,255,255,255,255,255,87,1,0,0,4,0,3,1,1,0,0,0,1,1,0,0,142,252,255,252,255,252,255,255,196,171,85,2,3,0,1,0,2,2,3,0,0,0,1,0,2,0,2,0,1,1,84,83,171,229,255,169,0,0,0,1,1,0,0,0,4,0,0,3,0,0,0,2,0,0,1,0,0,3,1,0,0,252,255,31,0,4,2,3,2,0,0,0,2,0,0,0,0,2,3,0,2,0,0,1,3,0,0,3,0,255,255,1,0,0,0,0,1,0,0,0,2,0,0,0,0,3,0,0,0,0,3,0,1,0,0,0,2,253,170,1,0,0,2,0,0,0,0,1,1,0,0,0,0,0,0,0,0,0,0,0,3,0,1,0,0,255,197,29,0,0,0,0,0,1,0,0,1,0,0,4,0,0,0,0,1,0,0,0,5,1,1,2,0,199,229,33,0,0,0,3,1,0,0,1,2,0,0,0,0,0,0,1,0,0,0,0,0,1,0,0,0,1,0,0,0,0,2,0,1,0,0,0,0,0,1,3,1,0,3,2,0,3,2,2,1,0,3,0,2,1,1,1,3,0,3,2,5,0,0,2,1,0,2,2,0,0,4,0,0,0,0,1,2,0,0,0,0,2,0,1,2,0,0,1,4,2,0,1,0,0,0,0,0,0,0,0,1,0,0,1,0,1,0,0,1,0,0,1,0,0,2,0,0,0,4,1,1,2,0
0,1,0,0,2,1,0,3,6,0,0,2,1,1,0,0,0,3,0,0,0,1,1,0,0,2,0,0,0,3,0,0,0,2,0,0,2,0,1,0,0,0,0,1,1,1,0,0,0,1,0,1,2,0,1,0,0,0,0,0,2,0,0,0,0,0,0,0,0,0,1,1,3,0,0,0,1,0,0,2,0,0,0,1,1,2,0,3,0,0,0,3,2,0,3,1,0,0,2,0,0,0,1,0,1,0,1,1,0,0,4,0,0,0,1,1,1,1,2,2,0,0,1,1,0,0,3,50,128,209,178,132,9,0,0,1,0,3,5,4,1,0,0,3,1,0,1,0,2,0,0,0,0,54,176,244,253,251,253,255,171,5,0,2,0,0,0,0,0,1,0,4,1,0,2,0,3,0,0,0,56,236,255,213,107,78,113,254,252,75,5,0,0,0,0,3,2,0,0,0,0,1,0,2,2,1,0,44,238,250,133,8,0,1,52,252,255,78,3,1,3,2,0,0,1,0,0,0,0,0,1,0,0,1,6,181,253,138,0,0,0,29,216,250,199,15,0,0,1,0,1,0,0,0,2,0,1,0,0,0,0,0,7,207,254,57,2,0,98,251,253,219,32,0,0,0,3,0,1,0,0,0,2,4,3,0,1,0,0,0,2,174,255,65,37,125,242,255,203,56,5,0,1,0,3,0,2,0,1,1,0,0,3,0,0,2,2,0,1,178,255,225,225,255,251,254,194,149,30,1,0,0,2,1,1,1,0,0,0,0,0,0,0,0,2,1,3,141,255,252,253,243,184,232,138,8,1,0,0,0,2,0,0,0,2,0,3,0,1,0,0,0,0,1,2,70,245,254,254,253,192,26,0,0,2,0,0,2,0,0,5,1,0,2,1,1,0,3,3,1,0,0,0,40,163,252,255,234,19,3,1,1,2,0,2,0,0,3,0,0,0,0,0,4,3,0,3,0,0,0,111,243,255,205,196,253,225,25,2,0,0,0,0,0,3,1,0,2,1,0,1,2,0,1,0,1,0,101,242,253,197,48,38,242,251,147,0,2,1,0,1,1,3,0,0,1,3,0,0,0,0,0,0,6,152,255,249,118,8,0,0,74,252,251,54,0,0,0,0,0,0,1,0,0,1,0,1,0,0,0,0,39,251,255,120,0,0,0,0,20,251,253,57,0,2,0,1,2,2,2,3,0,0,0,0,0,0,1,0,195,255,217,17,0,4,0,0,43,254,243,45,0,2,2,2,0,0,0,0,0,0,0,0,0,0,0,68,247,252,64,0,0,0,7,100,230,255,124,3,2,0,1,2,0,2,0,0,0,0,0,2,1,0,0,75,253,254,81,19,80,171,204,254,254,169,6,0,2,0,2,0,1,0,0,1,2,3,0,0,0,0,0,35,227,255,255,236,251,255,253,192,107,7,0,2,0,1,1,1,1,2,0,0,0,2,0,0,3,0,0,1,47,230,253,252,226,103,56,1,1,3,0,0,1,1,0,0,0,0,2,0,2,0,0,0,1,0,0,0,3,0,2,1,2,0,3,0,1,3,0,0,0,1,0,1,0,0,1,4,1,0,1,0,0,0,0,0,1,1,0,1,0,0,0,0,0,2,0,1,3,2,2,0,1,0,2,3,0,0,0,3,1,1,0,0,0,0,0,0,1,1,3,0,0,0,0,1,0,0,0,2,0,3,1,0,2,0,1,0,0,0,2,0,2,4,1,0,0,0,3,3,0,4,0,1,0,0,0,1,0,1,0,0,3
3,0,0,0,1,1,2,3,3,1,0,0,0,0,0,0,2,0,1,3,0,1,3,0,0,0,0,0,3,2,1,0,0,2,1,1,0,1,0,0,0,0,0,0,0,0,1,0,0,3,4,0,0,3,0,2,0,0,0,0,0,2,0,4,1,1,1,0,0,1,0,1,2,0,0,0,2,0,5,0,0,1,1,0,0,0,1,1,0,0,0,0,0,0,3,0,2,0,0,0,0,1,0,0,0,1,2,0,0,3,2,0,0,2,1,0,0,1,2,0,2,1,2,0,3,0,0,1,1,2,0,0,0,0,2,0,0,0,1,0,0,2,0,0,4,3,0,0,0,0,1,0,0,2,2,0,0,2,0,1,0,0,1,1,0,2,0,0,4,1,0,1,1,0,0,1,4,3,35,70,163,196,160,195,107,9,1,0,2,1,0,0,0,2,0,0,2,1,0,0,3,0,1,0,0,29,228,253,255,253,253,252,255,128,2,2,0,2,2,2,0,0,2,1,0,0,2,0,0,0,0,4,0,11,130,254,248,144,117,253,254,225,20,0,1,0,2,0,0,0,0,3,0,1,0,0,1,2,2,0,0,0,15,162,83,3,24,250,255,237,30,0,0,2,0,0,0,0,0,0,0,2,2,2,1,0,0,3,0,3,1,0,3,1,48,255,255,238,28,0,0,3,0,2,0,0,1,0,0,0,0,0,0,0,0,1,0,0,1,0,0,0,119,253,255,245,38,0,1,0,4,0,0,0,0,2,1,2,0,0,1,0,0,2,0,0,1,1,0,0,158,249,254,200,2,1,0,0,3,0,2,0,1,1,0,0,0,0,0,1,0,3,0,2,0,1,0,69,239,255,250,117,0,0,1,0,0,0,0,1,2,2,1,3,0,1,1,3,1,0,2,0,0,0,0,140,255,255,254,58,2,0,3,2,2,0,0,2,0,0,0,0,0,0,0,0,4,2,1,1,0,0,12,193,255,254,143,0,1,0,0,0,0,2,0,1,1,0,0,1,3,0,0,0,1,0,0,0,3,0,112,253,252,252,15,0,0,0,0,1,0,0,3,0,1,0,2,0,1,1,0,2,2,1,0,0,0,0,196,255,254,152,0,0,0,0,0,0,0,1,0,0,1,1,0,2,3,0,0,1,0,0,0,1,1,0,252,255,238,24,0,1,2,1,0,3,0,0,2,0,0,1,0,0,0,0,0,3,0,0,1,0,4,66,254,253,160,0,3,2,0,0,1,0,2,0,0,0,2,0,1,0,1,0,0,2,0,0,0,1,9,216,254,255,49,3,0,2,0,1,2,1,2,1,2,0,1,0,1,0,1,0,0,0,1,0,0,1,24,255,255,254,43,0,0,0,0,0,3,0,0,1,0,3,2,1,2,0,1,0,0,0,0,0,2,0,22,254,255,254,44,0,0,0,0,0,0,1,2,2,0,4,0,0,0,0,1,2,3,0,0,0,0,1,108,253,255,179,3,0,0,0,0,0,0,0,0,0,0,0,0,0,2,0,0,0,2,3,0,0,0,0,61,214,247,208,0,0,0,0,0,2,2,1,1,0,1,0,1,0,0,0,0,2,1,0,2,3,2,0,3,22,142,99,0,0,0,0,0,1,1,0,0,0,0,2,0,1,2,1,0,0,1,0,0,0,2,0,0,0,0,0,3,0,0,4,0,0,0,0,0,0,1,0,0,2,0,0,1,0,4,0,0,0,0,0,1,0,0,2,0,5,2,0,2,2,2,0,0,2,0,1,1,0
1,0,2,4,3,0,1,4,0,0,0,0,0,0,0,0,0,0,3,0,0,0,0,0,0,0,2,0,3,0,0,1,4,0,2,0,0,0,3,2,1,2,0,2,1,0,2,1,0,0,0,0,1,0,0,0,1,0,3,1,2,0,2,0,4,1,0,1,2,0,3,0,0,1,1,2,1,2,0,0,1,0,0,0,0,0,0,1,1,0,0,2,0,0,3,0,3,1,0,0,2,2,0,1,0,0,0,1,0,1,0,3,2,0,0,0,0,1,1,0,0,0,0,0,1,2,0,0,0,0,0,0,0,0,2,0,3,0,0,2,3,1,4,0,1,2,3,0,3,130,255,254,217,163,167,145,63,0,0,0,0,1,0,0,0,3,0,0,1,1,0,1,1,0,0,0,1,70,191,200,200,197,233,251,237,52,1,0,0,2,0,0,2,1,1,0,3,0,0,0,0,3,0,0,0,0,0,2,2,0,90,251,252,144,6,0,0,2,1,0,0,1,3,0,0,0,0,0,4,1,1,1,0,0,0,0,0,1,83,255,250,137,0,0,1,0,0,0,1,0,2,2,0,2,1,0,0,1,0,0,0,1,0,0,1,30,228,254,227,16,0,2,0,1,0,2,0,0,0,2,0,0,0,0,2,1,0,0,2,4,0,0,14,227,254,237,91,0,0,1,0,2,0,1,0,0,1,2,0,1,0,0,0,0,0,4,1,0,1,24,169,254,236,56,0,0,0,0,3,0,0,0,0,2,0,0,1,3,0,3,1,0,0,0,0,0,74,222,252,203,58,2,3,2,0,0,0,0,0,0,0,2,0,1,0,1,1,2,2,2,0,3,2,2,138,254,250,166,1,2,1,1,0,0,0,0,0,0,3,0,1,0,2,2,0,0,0,0,0,0,0,0,16,164,254,253,156,6,1,1,3,2,0,1,0,0,0,1,1,0,0,4,0,0,2,1,0,0,0,1,0,4,109,204,254,236,74,0,0,0,0,0,0,0,1,0,1,0,0,3,1,0,0,2,0,1,0,2,1,1,2,4,134,250,235,66,1,0,2,1,0,4,2,0,0,0,2,0,0,0,0,0,0,0,0,3,0,3,1,0,1,111,252,243,35,0,2,0,1,0,2,2,1,1,0,0,0,0,0,0,3,0,1,4,0,0,0,0,0,59,253,249,143,1,0,0,2,3,0,0,0,2,1,0,0,3,0,3,0,0,0,0,1,1,0,0,25,181,250,254,100,2,0,0,1,0,0,0,1,0,0,3,2,0,0,0,3,2,0,2,0,0,0,2,98,255,253,243,28,2,1,0,0,0,1,1,0,2,0,2,0,0,1,0,0,0,0,0,4,1,0,72,246,251,246,86,0,1,0,1,1,0,0,0,0,0,1,2,2,0,3,0,3,0,0,0,84,37,80,245,252,243,120,0,0,0,0,0,1,5,0,0,1,2,1,0,0,0,2,0,0,2,1,91,246,234,255,254,208,83,2,0,0,0,1,1,1,0,0,1,0,1,0,1,1,0,1,0,0,0,0,17,241,255,250,130,0,1,1,0,0,1,0,0,0,0,0,1,0,1,0,1,2,0,2,1,0,1,0,0,0,0,1,5,1,0,1,0,0,0,0,1,3,0,4,0,1,2,0,2,0,2,0,0,1,1,2,2,1,2,0,0,0,1,3,0,0,1,0,1,0,0,0,3,1,0,2,1,3,0,0,2,1,0,1,0,1,1,0,1,0,3,0,0,2,0,0,0,0,0,0,0,0,0
0,1,0,0,1,3,0,2,0,2,3,0,0,0,0,2,1,1,2,0,1,0,0,0,0,1,0,1,0,3,0,0,0,4,0,3,0,0,1,0,1,0,1,2,0,0,1,0,2,0,3,0,1,0,0,1,0,0,1,2,0,0,1,0,3,0,0,4,1,1,0,0,2,0,4,0,0,0,2,0,1,3,5,2,0,0,0,2,1,0,0,0,0,0,1,0,0,4,1,1,1,0,0,2,2,1,2,0,1,4,2,0,1,0,0,0,0,0,0,0,0,0,2,0,0,0,1,0,1,0,4,3,0,0,0,1,0,0,1,0,0,1,1,1,0,3,0,0,2,3,1,2,2,3,0,0,1,0,2,2,2,0,0,0,1,0,0,0,0,0,0,0,0,0,0,0,3,0,4,0,0,0,1,0,0,2,3,0,0,2,1,2,1,0,0,1,0,0,0,1,0,0,0,1,0,0,1,109,155,251,255,254,212,89,3,3,3,0,0,0,1,0,0,0,0,0,0,0,1,0,0,2,0,17,184,251,253,254,246,255,254,255,117,0,2,2,0,0,3,0,2,0,0,0,0,5,0,0,0,0,3,194,255,242,114,74,36,89,175,254,238,19,3,0,1,0,0,1,5,2,0,2,1,0,2,0,2,1,36,243,253,122,1,2,2,0,19,186,253,160,0,1,2,2,3,3,0,0,2,1,0,0,0,0,0,0,140,255,192,6,2,1,0,14,226,253,255,171,1,0,0,0,1,1,0,1,0,0,0,0,0,1,0,1,175,252,80,0,0,0,3,70,253,252,252,121,1,0,0,0,0,5,0,0,0,1,0,0,0,1,0,9,205,254,70,0,0,0,4,229,255,255,243,51,0,0,0,1,0,0,0,2,0,0,0,2,4,0,1,0,174,254,70,0,1,9,161,251,252,197,64,0,4,1,1,4,1,0,0,0,2,0,0,0,1,1,1,0,135,254,178,44,1,163,254,254,255,124,0,1,1,0,0,0,1,1,1,0,0,3,1,0,1,0,0,1,32,221,253,253,251,253,252,232,253,185,0,0,0,0,2,0,3,1,1,0,0,0,0,0,0,5,0,0,0,27,196,249,247,188,105,160,251,185,1,2,0,1,1,1,1,3,1,0,1,3,0,0,0,0,0,1,1,0,0,0,0,0,0,160,248,183,0,1,0,0,0,4,0,1,0,0,0,0,1,2,1,0,3,1,1,0,0,0,1,5,1,158,254,189,0,0,0,0,1,0,3,0,0,3,0,2,1,0,0,2,0,0,0,0,1,0,0,0,0,161,254,253,30,0,4,1,0,0,0,0,0,0,1,1,0,0,0,2,1,0,0,0,3,0,2,4,1,71,253,254,32,0,1,0,1,0,2,0,0,1,0,0,0,0,0,0,1,1,0,0,0,0,0,2,0,58,253,255,71,0,1,0,0,0,2,0,0,2,0,0,0,0,0,0,1,0,1,0,0,2,0,0,1,60,252,253,28,1,1,0,0,0,0,2,0,0,0,0,0,0,3,0,3,3,3,0,3,0,0,1,0,59,250,255,68,2,0,2,2,1,0,0,0,0,3,0,0,0,0,0,3,0,2,0,0,0,0,1,4,0,220,253,127,0,1,0,0,0,1,2,1,1,0,0,1,0,2,4,0,1,1,0,2,1,1,0,0,2,172,224,40,1,0,0,1,1,1,0,1,0,3,1,1,0,0,0,0,0,0,0,0,0,2,0,3,0,0,0,0,0,0,0,0,1,2,1,0,0
1,2,0,0,0,0,3,1,0,0,0,2,1,0,1,0,1,0,0,4,0,0,0,2,1,1,0,0,0,2,0,0,3,1,0,4,0,2,1,2,0,0,1,1,0,0,0,0,1,0,0,3,1,2,2,5,0,2,3,2,0,2,2,3,0,0,0,0,0,0,3,0,0,3,2,4,0,1,1,0,1,3,0,0,0,1,0,0,2,2,0,0,0,5,0,0,0,0,0,1,0,0,0,0,3,0,0,1,1,0,0,0,2,1,0,2,2,1,0,1,4,2,2,0,0,3,0,3,0,0,1,0,2,2,0,2,0,2,4,1,0,1,0,5,0,1,0,0,0,0,0,0,0,0,1,1,0,0,2,1,1,1,1,1,0,2,0,2,1,0,4,0,1,0,0,1,0,207,254,164,94,30,28,21,1,1,0,2,0,0,1,2,0,0,0,1,0,0,4,0,2,3,0,1,0,248,252,254,249,255,248,222,41,1,0,1,0,1,0,0,0,0,0,3,1,0,0,0,0,0,0,3,0,129,250,251,254,250,252,251,177,1,0,0,0,3,1,0,1,1,0,3,0,1,1,0,0,2,3,1,1,7,128,202,153,251,252,253,249,2,5,0,0,2,0,1,2,0,2,0,0,0,0,0,2,0,2,2,0,1,1,1,0,3,25,161,254,62,1,1,0,1,0,3,1,0,2,1,2,1,0,0,0,1,0,2,0,1,0,0,1,0,0,85,250,113,0,1,0,1,1,0,2,2,0,0,3,0,0,0,0,0,0,0,1,3,0,0,0,1,2,87,255,113,2,0,0,0,0,0,0,1,1,0,0,0,0,0,0,0,1,0,0,0,0,0,0,0,2,83,251,61,2,1,2,1,0,1,0,0,0,0,1,1,0,0,2,0,0,1,1,1,1,3,0,0,1,148,254,29,25,32,3,3,2,1,0,1,0,0,2,3,2,0,0,0,0,1,4,0,0,19,59,167,171,234,251,255,253,253,154,2,0,0,2,1,1,0,1,0,2,0,0,0,1,0,0,0,84,211,254,251,252,255,253,254,235,130,31,2,0,0,0,0,2,1,1,0,0,0,0,0,0,1,0,25,243,251,251,253,251,254,253,127,18,1,0,0,0,0,0,0,0,0,2,2,1,0,0,0,0,0,1,1,150,188,114,191,254,205,13,1,0,0,0,2,0,0,1,0,0,0,3,2,0,0,0,0,1,2,1,0,0,0,0,165,252,167,0,1,2,0,0,0,0,1,0,1,0,0,1,0,2,1,0,0,2,5,1,2,0,3,2,253,253,78,0,0,0,0,0,0,0,0,1,0,0,0,0,0,0,0,1,0,3,3,2,0,1,1,0,251,199,6,0,1,1,0,2,1,1,0,0,1,0,0,2,0,3,0,3,0,0,2,2,1,2,1,52,255,84,0,0,0,0,3,2,3,0,0,0,0,2,0,0,0,1,0,0,0,0,0,0,0,0,0,1,253,85,0,0,0,1,2,2,1,0,2,1,0,0,0,0,0,0,3,1,0,3,1,0,0,2,0,1,252,86,0,1,0,1,1,0,0,3,0,1,3,1,3,0,1,0,2,0,0,1,2,1,1,0,0,0,153,84,1,0,0,0,0,0,2,0,2,3,0,4,1,0,0,0,0,1,0,3,0,3,0,0,1,1,0,0,0,1,0,3,0,0,0,0,2,4,0,1,0,2,0,2,0,0,0,2,3,0,0,0,2,0,0,1,0,1,0,0,0,0,0,0,0,0,0,0,0
0,2,1,1,0,1,0,1,0,0,0,0,2,0,0,2,1,0,2,0,0,0,2,0,0,0,0,0,0,1,0,0,0,0,0,0,0,0,2,2,0,1,2,0,3,2,1,0,0,0,0,0,3,2,0,0,2,0,2,0,0,1,3,2,0,0,0,0,0,1,1,0,0,0,0,1,1,2,0,0,3,0,0,2,0,1,0,1,0,0,0,0,1,3,0,0,1,2,1,0,0,0,4,0,2,0,0,0,0,0,0,0,0,0,0,0,1,1,2,1,1,0,0,0,1,2,0,103,255,82,0,1,0,0,0,2,1,0,0,0,2,3,1,1,0,0,2,3,0,1,1,0,2,0,105,252,253,69,0,1,0,0,1,0,0,4,0,1,3,0,0,0,0,0,0,1,0,0,0,0,0,57,252,245,82,1,1,0,0,1,0,1,0,2,3,2,0,1,0,0,2,0,0,2,0,0,1,0,40,227,249,109,0,0,0,2,0,2,2,0,0,2,0,0,0,0,0,1,4,2,0,0,2,0,0,30,224,251,110,2,1,0,0,0,2,0,1,0,1,1,3,3,0,0,1,6,1,0,1,2,0,3,5,174,255,140,0,0,0,6,1,0,0,0,0,0,0,0,3,2,0,0,0,1,1,3,0,3,0,0,120,254,170,0,2,0,0,171,102,1,1,0,0,0,0,1,2,1,0,0,0,0,0,2,2,0,0,28,225,212,39,1,0,0,28,252,210,6,1,0,0,0,0,2,0,0,0,1,0,0,2,1,1,0,2,151,254,109,0,0,1,5,163,255,186,1,0,5,0,1,1,0,1,0,3,0,4,0,0,2,0,3,37,246,179,0,0,2,1,34,254,255,104,1,0,0,0,1,0,0,0,0,0,0,0,0,0,2,0,5,114,254,182,0,0,1,0,117,253,254,24,2,0,0,2,0,0,3,1,0,1,0,2,0,0,2,1,1,42,250,253,174,51,0,39,244,253,152,1,0,0,3,0,0,3,0,2,2,3,1,0,0,0,0,1,1,1,123,255,255,238,186,244,255,249,24,0,2,0,2,2,3,0,0,1,0,1,2,0,0,0,1,0,0,0,0,87,226,252,253,253,254,187,0,0,0,0,0,1,0,1,0,0,1,4,0,0,0,0,1,0,0,0,1,0,7,11,49,255,243,29,2,1,0,0,2,0,0,1,0,0,0,2,0,0,3,0,1,0,0,0,0,0,0,0,62,252,216,2,0,0,1,0,3,2,1,0,0,0,0,0,0,0,0,1,0,1,2,0,0,0,1,0,181,253,148,2,0,3,2,3,0,0,0,0,0,1,1,0,0,2,1,0,0,0,2,0,1,0,0,50,252,255,149,0,0,0,0,0,0,0,0,1,2,0,3,1,0,0,3,0,0,1,0,0,3,0,0,61,255,243,60,0,0,0,0,1,1,2,1,0,0,5,0,0,0,1,0,2,1,0,0,1,1,0,0,37,245,191,2,0,0,0,0,0,0,2,0,0,0,0,0,0,4,0,1,1,0,0,0,0,0,2,0,0,2,0,0,2,1,0,2,1,2,2,3,2,0,2,0,0,3,0,2,2,0,0,0,0,0,4,4,0,1,1,0,1,1,0,1,0,3,3,2,0,0,1,3,2,2,2,2,2,1,1,0,0,0,0,0,0,0,0,0,0,0,1,0,0,0,1,0,0,2,3,2,0,2,0,0,0,1,0,0,2,0,0,2,3,0,2,4,2,1,3,0,0,0,1,0,0,0,1,0
3,7,0,0,2,0,0,0,2,2,0,0,0,0,1,0,0,0,0,2,1,0,3,0,1,1,2,1,0,2,4,1,1,0,0,1,0,1,1,0,0,0,1,0,0,0,4,0,0,0,0,0,3,1,0,0,0,0,0,0,0,0,1,2,0,2,0,1,0,0,0,0,2,1,1,0,0,2,0,0,0,0,4,1,1,0,1,0,0,3,0,1,1,0,0,0,0,0,3,0,2,0,2,0,0,0,0,0,0,0,1,0,0,0,1,0,0,0,2,0,2,0,1,0,1,1,1,1,1,0,0,0,1,4,0,1,0,1,0,0,0,2,2,1,1,0,0,0,1,0,2,120,176,2,1,0,0,1,1,2,0,0,0,2,0,1,1,0,1,0,0,0,0,0,0,0,0,2,2,200,175,0,0,0,3,0,4,0,0,0,2,0,0,0,1,0,1,0,0,0,0,0,0,0,1,0,19,226,172,1,0,0,0,0,0,0,0,0,2,0,1,2,0,0,1,0,0,1,2,2,0,4,0,0,112,252,158,1,2,0,0,6,37,99,0,0,0,0,0,1,1,0,0,0,0,1,3,0,0,2,0,0,156,251,77,0,4,1,0,1,136,253,1,0,0,0,0,0,2,1,1,0,2,1,0,0,0,0,0,0,178,234,0,0,0,0,1,72,247,191,0,1,0,0,2,0,0,1,0,3,4,1,0,0,0,0,0,0,253,151,0,3,0,0,27,208,250,111,0,0,2,2,2,0,3,1,0,0,0,0,0,0,0,0,1,66,250,137,2,0,1,21,227,254,226,13,0,4,1,0,1,0,1,0,1,1,0,0,2,3,0,0,0,8,255,152,1,3,70,243,254,252,123,0,0,0,0,0,3,1,0,0,0,1,0,1,0,1,2,1,0,0,179,251,126,114,233,249,252,250,41,0,1,0,0,2,0,1,0,0,0,1,2,0,0,1,0,0,1,1,65,233,254,254,254,192,228,208,10,1,2,0,1,0,0,1,4,0,1,0,0,0,0,0,2,0,1,0,0,77,165,232,191,40,231,166,1,1,0,0,0,2,0,0,0,0,0,0,1,2,1,0,1,1,1,0,0,0,2,3,1,58,255,79,2,2,0,1,0,0,0,0,0,2,0,0,3,0,0,3,0,0,0,0,1,0,1,2,0,110,255,78,1,0,2,2,0,0,0,0,0,0,0,1,0,0,0,1,0,0,0,0,1,3,1,0,0,198,243,48,0,0,2,4,0,3,1,2,0,0,0,0,0,0,0,0,1,0,1,0,1,0,0,2,0,253,235,1,0,0,1,2,2,0,0,0,0,0,0,0,1,2,0,0,1,0,0,2,3,2,3,1,0,255,232,0,2,0,3,0,1,1,0,1,0,3,6,0,0,1,0,0,1,0,2,2,2,1,1,0,0,253,235,0,0,0,0,2,3,0,0,0,0,1,0,1,1,2,0,0,1,0,0,0,2,0,0,0,2,148,232,0,0,0,1,0,0,0,1,0,1,1,1,2,2,0,2,0,0,0,1,0,0,0,1,0,2,35,219,0,0,0,0,0,0,1,1,0,0,0,0,0,1,3,0,1,1,0,0,0,0,0,1,1,1,1,0,0,0,1,4,1,0,0,1,0,2,0,1,0,0,2,0,0,1,0,0,5,0,0,1,0,0,0,3,2,2,3,0,0,3,1,0,2,1,0,0,0,0,2,0,1,1,0,1,0,3,2,1,0,0,1,0,3,2,0,0,0,0,0,3,4,0,0
0,0,0,0,2,2,1,0,0,1,0,0,0,1,0,0,1,0,0,1,2,0,1,0,1,0,1,2,0,0,0,0,1,0,1,0,0,1,1,0,0,0,1,0,2,4,3,0,1,3,0,0,0,2,0,0,0,0,0,0,3,0,0,0,1,0,2,1,1,0,0,0,1,0,0,0,1,1,0,0,0,0,2,0,2,0,0,3,0,1,0,5,2,0,3,2,0,0,0,0,0,0,2,2,0,2,0,2,0,0,1,0,0,0,0,0,2,0,0,0,4,0,2,1,0,0,0,3,0,1,5,3,1,1,0,2,2,0,0,0,0,1,0,0,0,0,3,2,0,0,3,2,0,0,3,0,0,0,2,0,1,185,111,1,0,1,0,0,0,1,2,0,1,0,26,5,0,2,0,0,0,1,0,0,0,0,0,3,41,254,221,0,0,0,0,1,1,1,0,0,0,0,244,10,3,0,0,1,2,0,1,0,0,0,1,0,180,255,194,0,0,0,3,0,0,0,1,0,2,75,252,65,0,0,0,0,2,0,0,0,1,0,0,42,253,253,113,0,0,0,2,0,0,0,3,0,0,129,255,126,3,0,0,0,0,2,3,0,1,0,3,126,253,254,60,0,0,0,0,0,0,3,0,0,0,195,255,100,0,0,1,0,0,0,1,1,0,0,13,225,254,145,0,0,0,0,3,0,2,0,0,2,1,214,255,213,11,0,2,2,0,0,1,0,0,0,89,254,252,74,0,0,1,4,0,0,0,0,0,0,0,201,253,252,52,2,1,0,2,0,0,0,0,7,209,255,222,11,2,1,2,0,0,0,1,3,1,1,1,123,255,254,249,170,133,16,25,40,22,30,32,69,253,251,110,0,0,1,1,2,0,1,3,0,0,1,1,12,187,254,255,255,255,174,225,250,235,239,167,254,253,252,70,0,2,2,0,0,0,0,1,0,0,3,1,1,63,253,250,253,250,254,254,254,253,227,149,245,254,253,70,1,2,2,2,2,0,1,0,0,1,0,0,2,0,120,250,255,255,255,255,255,253,246,106,139,255,247,35,0,5,1,0,0,0,0,0,1,0,0,2,0,0,2,70,137,215,253,253,228,234,153,44,199,255,197,0,0,0,0,0,0,0,0,3,3,0,0,1,0,0,0,0,0,0,52,55,5,18,1,1,199,254,151,0,0,0,2,0,1,0,0,1,0,0,0,0,0,0,0,0,1,0,0,1,1,0,0,0,198,255,152,3,0,0,0,0,1,2,0,0,3,1,0,0,3,1,0,1,0,0,0,0,3,0,0,0,199,251,149,0,0,0,0,0,0,0,5,0,3,0,0,0,0,2,0,0,0,3,0,1,0,0,0,0,199,253,88,2,0,1,1,0,1,0,0,0,0,0,0,1,0,2,0,0,0,1,0,4,2,1,1,9,217,254,71,2,0,0,0,0,1,0,0,0,0,1,3,0,3,0,0,2,0,0,1,0,0,0,0,1,198,254,89,0,2,0,2,1,0,0,0,1,0,0,0,1,0,2,1,3,0,0,0,0,0,0,1,2,138,117,0,0,0,0,0,2,0,0,0,0,0,0,0,0,2,0,0,1,2,1,0,0,2,0,0,0,0,0,2,0,0,0,0,1,0,3,1,1,1,0,0,0,0,0,0,0,2,0,0,4,2,0,1,4,0,0,0,1,0,0,0,0,0,0,0,4,3,0,2,0,0,0,0,0,0,4,0,2,0,0,0,0,1,0,0,0,1,2,1,0,1,1,0
0,1,0,1,0,4,0,0,2,1,0,1,1,0,0,0,0,1,0,2,0,0,4,3,0,0,2,1,2,0,0,1,0,0,1,0,3,1,0,1,0,0,0,0,1,0,0,0,2,0,2,3,0,0,0,0,1,4,0,0,0,3,1,2,0,0,0,0,0,0,0,1,0,2,2,0,0,3,2,0,3,0,0,0,2,0,0,1,1,0,0,0,4,0,2,2,2,0,2,0,4,0,1,2,0,2,0,1,3,0,0,0,0,0,2,0,4,1,2,0,0,0,0,0,0,0,0,2,0,1,3,0,1,1,0,0,2,0,1,0,1,0,2,1,0,2,1,0,0,0,0,0,0,0,0,0,0,2,0,4,0,0,0,0,2,0,0,1,0,0,3,1,0,0,2,0,0,0,0,0,0,0,42,152,238,216,69,0,2,1,0,0,0,3,0,0,0,2,0,1,0,0,0,0,0,0,0,0,2,152,255,217,176,215,248,42,1,0,1,0,0,0,0,4,0,1,0,0,0,1,0,0,2,0,0,18,197,249,108,7,0,14,215,89,0,0,2,3,1,2,0,4,0,0,1,2,0,0,0,1,0,1,0,188,253,81,1,1,3,0,197,150,0,4,0,2,0,0,0,0,1,2,0,4,0,1,0,2,1,1,128,255,108,2,1,0,2,5,209,129,0,0,0,0,0,0,0,2,2,1,0,0,0,0,2,0,0,84,246,135,5,0,3,1,0,66,254,95,0,1,2,0,1,7,0,0,2,3,0,0,3,0,0,0,1,225,204,14,3,0,0,0,10,217,253,67,0,1,3,1,3,0,2,0,0,2,0,3,0,1,0,0,75,251,64,1,0,0,1,1,21,227,217,8,1,0,0,0,0,1,0,0,2,0,2,1,2,3,0,0,199,252,28,2,0,2,0,10,190,252,60,0,0,0,2,0,0,0,0,0,2,0,1,0,0,0,0,0,221,252,42,1,0,0,50,206,255,183,0,0,0,1,3,1,0,1,0,0,0,0,0,1,0,2,0,0,70,252,232,132,130,202,248,251,255,67,1,0,1,0,0,1,1,1,2,3,0,1,0,0,0,0,2,0,0,62,151,201,162,132,133,252,221,10,2,0,1,0,0,0,0,0,0,0,1,0,0,1,0,1,0,2,0,0,1,1,0,0,126,254,167,1,1,0,1,0,0,1,0,1,1,1,2,1,2,0,0,1,0,0,0,0,0,1,0,1,125,255,139,0,0,2,0,0,0,1,0,0,1,0,0,1,1,2,2,0,0,0,0,0,1,0,1,0,158,254,74,0,0,1,0,0,0,0,0,0,0,0,0,1,0,1,0,0,0,0,0,0,0,1,1,3,217,232,16,0,0,0,2,0,1,2,0,0,2,0,3,0,0,1,1,1,1,0,1,2,1,0,0,107,252,158,1,2,1,0,0,1,0,0,3,0,0,0,0,0,2,3,0,2,2,0,2,0,2,0,0,125,255,92,54,3,0,2,0,1,0,4,4,0,0,0,2,0,1,1,0,0,0,3,0,2,0,0,2,190,253,240,58,0,0,0,1,0,3,0,0,0,0,0,2,0,0,3,0,1,0,0,0,0,0,0,1,126,213,61,1,0,1,0,0,1,0,0,1,0,0,1,0,2,0,3,2,1,0,0,3,1,1,0,1,1,0,2,1,1,0,2,0,2,3,0,0,3,1,1,1,1,2,0,0,2,0,1,1,0,2,0,0,0,1,1,0,0,0,0,2,0,1,3,0,0,0,0
0,3,1,2,0,0,0,0,3,2,1,0,0,0,1,0,0,0,0,0,1,3,1,0,2,0,0,0,0,0,0,3,1,0,1,2,1,3,0,0,0,0,0,1,1,6,0,0,0,4,0,0,0,0,1,0,0,0,0,0,0,0,0,0,0,0,2,0,1,1,0,2,0,0,0,3,1,0,0,0,2,0,0,0,1,0,0,0,0,2,0,0,1,0,0,0,0,1,2,1,1,0,0,1,1,1,0,1,0,2,0,0,1,2,1,2,1,0,0,0,0,0,0,0,0,1,2,0,0,0,0,0,0,1,2,0,1,0,2,0,0,0,0,0,0,0,0,0,0,0,0,0,3,0,12,164,254,197,6,0,0,0,1,2,0,0,0,0,0,0,3,1,0,1,0,0,2,0,0,212,143,178,245,182,225,255,192,123,1,1,3,3,0,2,0,0,0,2,1,2,2,1,3,0,0,26,200,255,253,255,253,241,237,240,247,248,163,0,3,2,1,1,1,2,0,0,1,2,0,0,0,1,65,231,255,255,254,206,86,28,25,26,47,239,214,0,0,0,2,4,1,0,0,1,0,0,0,3,0,38,222,253,254,248,129,4,0,0,0,3,67,255,187,6,2,0,4,0,2,0,0,0,1,2,2,0,4,193,253,255,255,81,0,1,0,5,0,0,72,252,236,29,0,1,0,0,0,3,4,0,0,0,0,2,52,255,255,247,80,2,0,0,2,1,1,0,158,254,211,1,0,1,5,1,0,0,1,0,1,0,2,2,50,253,255,161,0,1,0,0,0,1,0,24,217,254,127,4,0,1,3,4,0,1,0,0,0,0,0,1,9,74,147,5,0,0,0,0,0,0,2,133,255,223,17,2,0,0,1,0,0,2,2,0,1,2,3,0,0,0,0,0,0,1,3,2,0,0,0,185,251,154,0,0,0,0,0,0,0,0,0,3,0,0,3,0,3,0,1,0,0,1,1,17,29,90,121,252,254,101,2,2,1,0,0,1,1,4,0,0,1,1,1,3,0,1,0,1,0,0,16,174,234,251,255,255,226,11,0,0,0,1,0,1,0,4,0,0,0,0,1,1,0,1,0,0,0,151,248,253,251,253,255,253,190,0,0,2,2,0,0,0,0,3,1,0,0,0,0,0,1,1,2,0,84,255,253,255,255,255,255,255,233,38,2,0,0,0,0,4,0,0,4,0,0,1,1,0,1,1,1,9,248,253,219,252,253,252,203,95,251,198,0,0,0,0,0,1,3,0,2,2,2,1,0,2,3,3,0,6,255,255,255,254,251,224,30,0,247,231,18,0,0,0,0,0,0,2,1,0,0,1,0,1,1,0,1,9,255,255,255,255,167,20,0,1,244,253,81,0,2,0,0,0,1,1,0,4,0,0,1,0,0,0,2,3,206,255,248,134,12,0,0,0,175,253,155,1,0,1,6,1,0,1,1,0,2,3,0,1,3,0,1,0,25,149,55,0,0,0,1,3,146,251,88,0,0,0,0,0,2,2,1,0,3,0,0,1,0,0,1,1,1,2,0,3,0,2,4,0,1,83,68,0,3,0,0,0,2,0,2,0,2,0,1,0,2,1,0,0,0,0,0,0,2,0,0,1,0,1,0,3,0,2,2,1,1,3,4,0,1,0,1,0,0,0,0,0,2,2,0,0,0,0,0,0,4,2,1,0,1,1,0,1,2,4,1,0,0,0,0,3,0,1,0,3,2,1,0,0,0,0,0,0,1,0,0,0,1,0,0,0,1,1
0,0,0,0,0,0,0,0,0,0,0,0,0,1,3,2,0,0,1,2,0,0,0,0,1,0,0,0,2,0,0,0,3,0,0,0,0,0,0,0,0,0,0,0,2,0,4,1,0,0,1,0,0,0,1,0,0,0,0,0,0,1,3,1,1,0,0,0,0,0,1,0,1,1,1,0,0,0,1,0,0,2,0,0,2,1,0,0,1,0,0,3,0,0,0,1,2,0,0,0,0,2,0,3,4,2,0,1,1,0,2,2,0,0,0,0,0,0,1,2,1,0,0,3,0,0,2,0,0,0,2,0,1,1,1,0,0,0,0,0,0,0,0,0,0,0,1,1,2,0,3,2,66,66,253,180,250,142,125,121,44,1,0,1,1,0,0,1,0,1,0,0,0,0,2,91,210,238,243,241,249,247,252,251,252,252,250,252,77,1,0,1,3,0,2,0,2,0,3,1,1,0,135,248,254,201,250,250,252,250,255,253,253,252,251,253,199,1,1,0,1,0,1,1,1,4,0,0,1,0,225,253,252,165,239,171,173,102,112,36,41,37,165,250,246,79,0,2,2,0,0,2,0,1,1,2,0,0,228,255,251,105,44,0,2,0,1,0,0,0,12,54,51,21,1,0,0,3,0,0,0,0,0,0,1,0,131,254,251,67,0,2,2,0,0,0,0,0,0,0,0,2,1,0,0,2,4,0,0,0,0,0,3,2,92,254,252,98,38,45,19,19,1,0,0,0,3,0,4,0,0,0,0,0,1,0,0,0,0,1,3,1,34,213,251,251,253,251,202,204,160,107,14,6,1,0,0,0,1,0,0,3,2,0,4,0,0,1,4,0,0,80,252,251,253,255,249,254,255,249,213,104,11,0,0,0,1,2,0,0,2,0,1,2,0,0,0,0,3,81,254,252,252,251,253,250,252,250,251,254,181,0,1,0,0,0,0,0,3,1,0,0,0,1,0,0,0,2,38,156,234,146,183,194,194,253,253,254,254,133,0,1,0,0,0,0,0,0,0,0,0,0,0,0,2,0,0,1,9,5,4,10,7,140,240,250,251,248,78,0,0,0,2,0,0,0,0,0,1,0,1,0,0,0,1,0,0,0,0,1,0,0,23,217,248,255,129,3,2,0,2,0,3,0,1,0,0,2,0,0,0,1,0,1,1,0,0,1,0,1,0,213,251,251,246,79,3,2,3,0,0,0,1,1,0,4,0,0,2,0,2,0,0,0,0,2,0,2,110,241,255,250,221,20,0,0,0,1,2,0,1,0,0,1,1,0,0,0,12,15,2,0,31,58,185,186,247,251,251,254,212,0,0,0,0,1,2,0,0,0,0,0,3,1,1,2,158,191,175,174,219,251,255,251,252,252,251,246,106,0,0,4,0,0,0,1,0,0,0,2,4,0,0,2,112,244,255,251,250,254,252,253,253,253,239,106,0,4,0,1,0,2,0,0,0,0,4,0,0,0,1,0,0,174,242,250,248,255,255,245,240,237,106,0,3,0,0,3,0,0,1,1,0,0,2,0,1,0,0,0,1,0,20,130,251,254,122,70,1,2,1,1,2,0,0,2,0,0,0,0,0,2,2,0,2,0,0,0,1,0,0,1,1,0,0,0,0,0,1,0,1,0,0,0,0,0,1,0,0,0,2,1,1,0,3,1,4,0,0,1,3,0,1,2,0,5,4,0,0,2,0,0,2,0,0,0,0,1,3,1,0,3,0,0,0,1,0,0,0,1,0,0,3,1,0,0,1,1,1,1,0,0,0,0
1,0,0,1,2,0,0,0,4,2,0,2,0,0,0,0,3,0,0,0,0,0,1,1,0,0,2,1,0,2,0,4,1,0,0,0,0,0,0,0,0,0,0,1,0,1,0,2,0,0,1,0,0,0,2,2,0,0,1,1,0,0,2,0,0,0,0,0,0,0,0,0,0,4,0,1,0,1,0,0,0,1,1,0,0,3,0,2,0,0,0,3,1,0,1,0,4,1,1,0,1,0,0,1,0,1,0,3,0,2,0,0,3,2,0,4,0,2,0,3,0,0,0,2,0,0,86,220,220,22,2,0,0,0,0,0,6,0,0,0,2,1,1,0,0,1,2,1,0,0,0,0,2,86,218,248,183,18,0,0,0,0,3,0,0,2,0,0,0,0,0,0,0,0,0,1,0,0,0,0,57,218,227,63,0,1,0,1,1,0,1,1,0,1,0,0,3,0,1,0,0,2,0,4,1,0,0,29,250,248,98,3,3,1,1,1,0,0,0,2,3,0,4,0,0,1,1,0,2,0,1,0,2,0,0,147,252,132,0,0,1,0,0,2,2,17,117,41,0,0,0,0,1,2,1,0,0,0,2,0,0,0,39,239,250,64,0,0,0,0,1,0,2,51,252,54,0,0,3,0,1,0,0,0,0,0,2,0,0,1,150,253,77,0,3,1,1,0,1,1,88,247,225,27,0,3,1,1,0,0,1,0,0,1,3,1,0,50,232,248,7,3,1,1,0,0,0,18,207,252,209,24,0,1,0,1,0,0,3,0,0,1,2,0,0,187,255,126,0,2,2,1,0,0,0,207,252,246,63,0,3,0,0,0,0,0,0,0,0,1,0,0,13,207,236,21,1,0,0,0,2,23,112,253,249,103,1,0,0,1,2,1,0,0,0,0,0,1,0,1,51,253,166,0,2,3,1,0,1,132,255,251,132,2,0,0,0,1,3,0,0,0,0,0,0,0,1,0,54,252,200,11,0,0,14,93,188,248,252,154,15,3,4,0,0,0,0,0,0,1,0,3,0,0,3,0,53,251,255,232,118,181,235,252,255,255,205,1,1,0,2,0,0,1,0,1,0,1,0,0,2,0,1,0,4,127,245,255,252,250,255,255,252,96,4,0,2,0,2,1,0,1,0,2,0,0,1,1,0,1,1,0,0,0,40,104,108,157,251,248,102,0,1,0,0,0,0,0,0,1,3,3,1,2,0,1,1,0,1,1,0,0,0,3,106,253,250,105,2,1,0,0,1,0,0,0,1,2,4,0,0,0,0,0,0,3,2,0,0,2,0,30,249,255,181,2,0,2,0,2,0,0,0,0,1,0,3,0,0,0,0,0,1,0,3,2,0,1,1,146,255,195,22,0,0,0,0,4,0,1,2,0,0,3,0,1,4,0,1,0,0,0,0,2,4,0,1,226,253,118,0,1,0,0,0,0,0,0,0,0,1,0,1,3,0,1,0,0,0,1,0,0,1,0,1,172,196,60,0,2,1,0,0,0,0,2,0,0,0,0,0,1,0,0,0,0,0,0,0,0,0,2,0,0,0,0,1,0,1,1,0,0,0,1,1,0,2,1,1,1,2,3,3,0,0,0,0,1,0,1,0,0,0,0,0,2,0,0,1,0,2,1,0,3,0,2,0,0,0,0,0,0,2,0,0,0,0,2,0,0,0,1,0,1,1,0,1,0,2,0,0,1,0,0,0,0,0,0,0,0,2,1,1,1,0,3,0,0,2,1,3,0,0,0,0,2,2,0,3,2,0,1,1,0
0,2,1,0,0,0,0,3,1,2,0,0,2,0,0,0,3,4,3,0,0,1,0,0,2,2,0,0,2,0,0,2,0,0,2,1,0,0,4,3,1,3,0,0,0,0,0,2,1,0,0,1,1,0,3,0,3,3,0,2,2,1,0,0,1,0,1,0,1,0,4,3,0,3,4,0,3,0,0,0,1,0,0,1,1,1,0,3,0,0,0,0,1,0,1,0,1,0,0,1,0,0,2,0,0,0,0,2,1,0,0,0,1,1,1,0,0,0,0,1,2,0,2,1,0,0,0,0,2,0,1,1,2,0,0,2,0,2,0,0,0,0,1,2,0,1,1,0,0,2,2,0,0,1,0,1,1,0,0,1,0,0,0,0,3,3,0,0,0,0,1,1,1,2,2,209,206,81,18,2,0,0,0,0,0,0,0,0,0,1,1,0,0,2,0,0,0,0,0,0,0,2,0,192,255,255,242,151,129,38,5,1,0,2,1,0,4,1,0,0,0,1,1,0,0,0,0,1,0,3,0,31,187,226,251,255,253,253,184,41,2,0,0,0,1,1,1,0,2,0,1,0,1,0,0,0,0,0,0,3,2,29,77,183,215,204,255,224,124,2,0,0,1,1,1,0,0,0,2,1,2,0,0,0,0,4,0,0,1,1,2,1,22,15,45,191,247,35,2,2,1,0,0,0,0,3,1,3,2,3,0,2,0,0,0,0,0,0,0,1,2,0,0,113,254,154,0,0,0,0,0,3,0,2,0,1,1,0,3,3,0,1,0,3,4,0,0,0,0,0,0,114,252,227,1,1,0,1,0,0,3,5,0,2,2,0,0,0,0,0,0,0,0,0,0,0,0,0,0,49,253,253,83,0,1,1,0,0,0,1,0,0,0,0,0,0,4,0,0,0,4,0,0,0,0,0,0,0,249,227,0,2,0,0,0,0,1,0,0,0,3,1,0,2,0,0,1,0,0,2,0,1,2,0,0,0,253,233,22,0,3,0,2,0,3,0,1,0,2,0,0,1,0,0,0,0,0,0,0,4,0,1,0,0,247,252,93,2,1,1,0,0,2,0,0,1,0,0,0,1,0,0,0,0,0,3,2,0,2,1,0,40,251,242,56,0,2,2,3,0,1,0,2,0,0,1,1,0,0,0,0,0,0,0,0,1,2,0,3,113,253,172,1,0,2,0,3,0,2,4,3,0,0,0,0,1,1,0,0,0,0,2,0,1,0,0,0,108,254,106,0,0,0,0,5,0,2,2,0,1,0,1,2,1,0,0,1,0,2,0,0,3,0,0,0,115,255,107,3,0,0,1,0,0,0,0,1,0,1,0,0,0,0,0,0,4,0,0,0,3,2,0,0,134,254,104,0,2,0,0,1,3,1,0,2,0,0,0,1,1,0,0,2,0,0,1,2,0,0,0,1,230,250,107,0,0,0,0,2,1,1,0,0,1,0,0,3,0,1,2,0,0,0,3,0,0,0,1,0,233,250,70,0,0,3,1,0,1,1,1,0,0,3,0,0,1,1,0,1,1,1,0,3,1,2,0,1,231,243,2,2,0,0,0,2,0,1,0,2,0,0,0,0,0,0,0,0,3,0,1,1,0,2,3,2,231,244,1,2,2,1,0,0,1,0,0,0,0,0,0,2,1,0,0,0,0,5,0,2,0,2,0,0,0,3,1,0,2,0,1,0,2,4,0,0,2,0,0,4,1,0,2,3,2,0,0,2,1,0,0,1,0,2,2,0,1,0,0,0,3,1,2,1,2
3,0,3,0,1,1,0,0,0,0,0,0,0,0,0,0,0,2,0,0,0,1,0,0,3,0,0,0,3,1,0,0,0,0,0,0,0,0,0,0,0,0,0,1,0,0,0,2,0,2,1,0,0,1,0,1,1,3,0,1,0,0,1,0,2,0,0,0,0,1,0,0,216,254,24,0,2,3,0,0,0,0,1,0,0,1,1,1,1,0,0,0,2,0,1,2,1,0,24,155,252,115,3,1,1,0,0,0,0,1,2,0,0,0,0,1,2,1,0,3,0,0,0,0,0,1,218,255,254,17,1,0,1,0,0,0,1,0,0,0,2,1,0,0,0,0,0,0,0,0,2,2,0,134,252,239,63,3,2,0,0,0,0,0,0,0,0,0,1,0,0,0,0,1,0,1,0,0,0,0,69,221,236,56,0,0,0,3,0,0,0,2,0,0,2,0,5,2,0,0,0,0,0,0,1,0,1,24,216,255,83,0,0,0,1,2,0,0,0,1,0,2,0,1,0,0,0,2,7,0,0,2,0,0,5,181,251,134,0,0,0,0,0,1,0,1,1,0,0,0,0,0,0,0,0,0,0,0,2,0,0,0,69,239,248,42,3,0,0,0,2,0,3,2,3,0,0,0,1,2,0,1,0,0,1,0,0,0,0,15,229,253,106,0,0,0,1,2,9,7,0,0,2,0,0,0,0,0,1,3,0,0,0,0,1,1,0,133,255,204,20,0,0,0,140,193,254,214,59,2,0,0,2,2,3,0,3,0,0,3,2,0,1,0,2,219,254,51,0,1,0,195,255,254,252,254,160,0,0,1,0,1,0,0,0,0,1,0,1,0,0,5,1,216,252,53,2,0,142,254,254,236,57,165,255,53,1,0,0,0,1,0,1,0,1,0,0,2,0,0,29,238,220,6,0,2,194,255,192,48,0,131,253,54,0,2,0,0,0,0,0,0,0,2,3,0,0,0,70,255,200,0,1,8,255,255,48,0,0,183,223,8,0,0,1,4,3,2,0,0,2,0,1,0,1,0,137,254,115,0,0,9,255,186,2,2,62,250,142,3,0,0,0,1,0,1,0,0,0,0,0,0,0,0,142,251,88,3,0,8,255,240,21,10,186,227,41,0,2,1,2,0,0,0,0,0,0,2,0,0,0,0,96,252,204,6,2,1,194,253,112,143,255,142,0,4,0,0,1,0,0,0,4,1,0,2,2,0,0,1,1,221,255,125,13,0,73,247,254,252,251,117,63,11,0,0,0,1,0,0,0,2,0,1,0,0,2,0,1,151,252,254,226,183,182,230,250,246,244,229,115,37,0,1,0,3,0,0,0,0,0,3,3,0,0,2,4,0,107,235,255,250,255,199,62,5,0,2,0,3,4,0,0,0,0,0,4,0,0,0,1,0,0,1,0,2,0,0,0,0,2,1,0,2,1,0,0,1,1,0,0,0,0,1,2,1,0,0,0,1,1,0,0,1,2,1,0,0,0,0,0,2,0,0,2,4,3,0,0,1,1,1,6,0,1,2,2,0,0,0,1,0,0,0,1,0,2,0,0,4,0,0,0,0,0,0,1,3,0,0,1,2,2,0,0,1,0,0,0,3,0,1,0,0,0,0,0,0,0,0,0,0,2,0,0,4,1,1,0,0,0,0,2,0,0,0,2,0,2,1,1,0,0,0,3,0,1,2,0,0,0,1,0,1,4,0,2,0,0,0,1,2,1,2,1,1,0,0,1,3,2,3,0,0,0,0,2,0,2,0,0,1,0,1
2,0,2,0,0,3,2,0,0,0,2,1,0,1,0,1,1,0,1,0,0,2,0,0,0,3,1,0,2,0,0,0,2,2,0,2,0,0,3,0,0,0,0,2,0,1,3,0,0,0,2,3,0,0,0,3,0,0,0,2,2,0,0,0,0,0,2,0,1,0,0,2,0,0,0,0,4,0,0,2,0,0,0,0,0,0,0,0,2,0,0,0,2,2,1,1,0,1,2,1,0,0,0,0,1,0,0,0,0,0,0,0,0,0,3,3,2,0,0,0,0,0,0,2,0,0,1,0,0,0,0,2,0,1,2,2,1,0,1,2,0,0,5,0,0,0,2,4,0,2,0,0,0,0,4,1,0,0,1,0,0,0,0,2,0,1,1,0,0,0,0,1,0,1,0,0,1,1,0,0,0,0,1,0,1,0,0,0,0,0,0,0,0,0,1,4,0,0,0,153,95,4,0,1,0,0,0,2,0,0,0,3,0,0,0,0,1,0,0,0,0,0,1,0,1,0,4,253,233,43,0,2,1,3,3,0,1,0,0,0,1,0,2,0,43,133,18,0,1,1,1,4,0,0,0,241,249,130,10,0,0,2,3,1,0,0,0,2,0,1,18,104,233,254,159,0,0,1,0,0,1,0,0,76,252,255,169,49,24,0,0,0,0,0,0,30,84,156,223,255,252,251,219,0,1,3,2,0,0,1,0,2,183,250,255,247,242,234,210,218,129,134,144,243,249,251,251,252,255,251,138,2,1,0,0,0,1,2,0,3,0,130,233,251,251,255,254,253,252,252,252,253,172,232,253,255,250,118,18,2,0,0,0,1,4,0,0,0,0,3,61,143,238,231,215,252,251,252,152,85,183,245,254,253,56,2,1,0,0,0,2,0,0,1,0,1,1,0,0,0,0,0,59,83,70,73,2,114,254,251,251,117,0,0,0,0,0,3,1,1,1,0,0,0,0,0,0,1,0,0,0,1,0,0,2,192,253,251,233,14,0,3,1,1,0,2,1,0,0,1,0,0,0,0,0,0,0,3,0,1,0,0,44,250,252,236,59,0,5,1,1,1,2,0,0,2,0,0,0,1,1,0,1,1,2,0,0,0,4,0,164,253,241,110,1,0,0,0,0,0,0,0,1,0,0,0,0,0,0,0,1,0,0,2,0,0,4,14,254,254,121,0,1,3,2,0,0,1,0,0,1,1,2,5,0,3,0,1,0,1,2,0,2,0,0,136,252,254,122,0,0,1,0,0,0,0,2,0,2,0,0,0,0,0,0,0,2,0,0,1,0,0,50,250,253,251,105,3,1,3,0,0,0,0,1,0,1,0,0,2,2,0,0,0,0,0,1,1,0,0,15,216,255,253,58,0,0,0,3,1,5,0,0,0,1,0,0,2,0,0,0,2,0,0,0,0,0,0,8,204,252,245,11,3,0,0,0,0,0,4,0,1,2,0,1,0,2,0,0,0,0,0,0,0,0,0,53,252,253,166,0,2,1,0,0,0,0,1,0,3,0,0,2,1,0,0,2,1,3,0,0,0,0,1,52,253,251,76,0,4,2,0,1,1,2,0,0,5,0,3,1,0,0,0,1,1,0,2,1,0,0,0,17,199,243,48,0,0,0,0,0,1,2,2,0,0,0,1,0,0,1,4,0,0,2,0,0,0,0,0,0,20,38,0,0,2,1,0,2,0,0,1,1,0,1,0,2,0,5,0,0,2,3,4,1,0,0,0,0,1,0,0,1,0,0,0,0,3,1,2,0,1,0,1
1,1,0,0,0,0,1,1,1,0,0,0,1,2,1,0,1,2,0,0,0,0,0,0,0,0,2,1,1,0,0,0,1,0,1,1,1,1,0,0,0,0,0,0,0,0,3,0,1,1,0,0,0,0,0,0,0,0,0,0,1,3,2,0,0,3,0,0,0,2,2,0,3,1,0,0,0,3,1,1,1,1,1,2,0,0,0,0,0,0,1,1,1,1,0,2,0,5,2,2,0,4,0,3,0,1,0,2,1,1,0,2,0,0,0,1,0,0,0,0,0,3,2,2,1,0,0,0,2,0,0,3,1,0,0,0,0,0,0,2,1,0,1,0,0,2,0,1,2,1,0,0,3,2,114,200,102,0,0,0,1,0,2,0,0,0,1,0,0,1,0,0,0,0,3,0,0,0,0,0,69,231,252,254,158,0,0,0,0,0,0,1,1,1,1,0,0,0,0,1,0,0,1,0,0,1,1,34,241,230,245,253,200,10,0,1,0,1,1,0,4,0,0,0,0,0,2,0,2,3,0,0,0,0,16,224,185,0,37,154,254,125,0,1,1,0,2,1,0,0,2,0,1,2,2,0,0,0,2,0,0,0,195,239,22,3,0,115,252,186,1,0,0,2,0,0,2,0,0,0,0,0,3,0,0,0,3,1,3,59,241,131,0,0,1,118,250,183,2,0,0,0,1,1,0,0,0,2,0,1,0,0,0,0,0,0,0,237,225,25,0,1,0,113,254,181,0,2,1,0,0,0,2,3,0,0,0,2,0,2,1,0,0,3,67,255,81,0,0,0,2,115,255,184,2,3,1,2,0,0,1,0,0,2,2,0,2,0,0,0,0,1,155,255,22,0,0,2,14,187,252,187,0,0,1,0,0,0,1,0,0,0,0,0,0,2,1,1,0,0,185,255,20,0,0,15,154,252,252,184,0,0,3,0,0,0,0,0,0,0,0,0,0,0,0,0,3,0,176,255,25,2,50,186,254,233,253,185,1,1,0,0,2,0,0,0,2,3,0,4,0,1,0,1,0,1,94,254,136,101,229,252,188,35,254,208,11,3,0,0,0,0,1,1,0,0,2,3,0,0,0,1,0,0,0,228,254,253,202,157,9,27,254,255,44,0,5,0,0,0,0,1,3,0,0,0,0,0,3,0,5,0,0,14,108,106,4,1,0,1,190,252,95,2,0,0,0,2,0,0,0,0,0,2,0,0,1,4,0,0,3,0,0,1,1,0,0,1,173,255,100,0,0,1,0,0,1,0,0,0,0,0,0,1,1,0,0,0,2,0,3,0,1,0,0,0,94,254,179,1,0,2,2,0,0,2,0,2,3,2,0,3,4,0,0,1,0,0,0,0,3,0,0,0,0,255,203,0,0,0,1,3,0,0,0,1,1,0,0,1,0,2,1,1,0,0,0,0,0,3,0,1,0,168,250,61,0,2,0,2,0,2,0,0,1,0,0,0,2,2,0,0,0,0,0,1,0,0,3,0,1,78,249,212,28,0,4,0,0,1,0,0,0,0,0,0,0,2,0,0,0,0,0,4,0,0,0,0,0,0,81,203,253,36,0,3,0,1,2,0,0,0,1,0,1,0,0,2,0,0,0,0,0,2,0,0,2,0,2,0,0,3,1,3,2,1,1,2,0,1,0,0,4,3,1,1,1,1,0,0,0,0,0,2,0,4,1,0,0,1,0,0,0,0,2,3,3,1,1,3,0,1,0,0,1,2,0,2,0,2,0,0,1,0,0,0,0,0,0,0,1,0,0,0
1,0,1,0,0,0,3,0,3,0,2,0,2,0,0,0,0,1,2,2,0,0,0,2,2,0,1,0,0,0,0,0,0,0,1,4,2,1,0,0,0,0,0,1,0,1,5,2,0,1,0,0,0,0,0,1,1,0,0,1,2,1,0,0,2,2,0,3,1,0,2,1,0,0,0,2,0,1,0,0,2,0,1,0,0,0,0,0,3,0,1,0,1,0,0,4,1,0,2,1,1,0,0,1,0,1,4,0,0,0,1,0,0,2,0,2,0,1,0,0,1,0,0,0,106,21,1,0,0,0,0,0,0,0,0,0,3,0,0,2,0,0,3,0,3,0,0,0,0,8,98,156,250,235,209,89,0,1,0,0,1,0,1,0,0,2,0,0,0,0,0,3,0,0,4,0,70,211,255,254,254,252,253,252,92,0,0,0,0,0,2,0,0,1,1,0,0,0,0,0,1,0,0,12,188,251,198,136,62,61,172,253,138,28,0,0,1,0,0,2,0,0,0,0,1,1,0,2,1,0,68,189,254,237,0,1,1,1,18,176,255,216,27,0,2,0,1,0,1,0,1,0,2,0,1,0,0,7,211,255,226,98,2,0,0,0,0,10,187,251,214,102,0,0,1,0,0,1,1,1,0,1,0,0,1,190,170,253,84,0,0,0,0,0,2,2,74,255,253,213,99,0,1,0,1,0,2,2,1,0,0,0,1,237,253,231,45,0,1,0,2,0,0,2,2,73,246,255,254,132,0,0,0,2,1,1,0,0,4,1,106,252,228,54,0,0,1,0,3,0,1,0,2,2,194,253,254,212,0,0,0,0,0,0,2,0,0,0,119,252,178,0,0,1,0,0,0,1,0,3,1,0,23,189,253,248,79,0,0,0,0,2,0,0,1,1,195,254,78,3,0,0,0,1,3,0,2,0,1,1,0,84,252,255,195,0,2,0,0,0,1,0,0,0,121,252,40,0,0,0,0,0,0,2,0,0,0,0,0,75,250,254,235,14,0,0,0,0,0,0,2,3,117,253,123,0,1,0,3,0,0,0,0,0,0,0,0,0,193,253,253,121,0,1,0,0,0,1,0,0,119,255,179,0,2,0,0,0,0,0,3,1,1,0,2,0,63,253,255,186,0,0,0,1,0,0,0,0,6,236,180,0,4,3,1,0,5,0,0,0,0,0,1,0,61,255,248,69,1,0,0,0,0,2,2,0,0,235,203,18,3,4,1,1,0,1,0,0,0,0,0,30,197,252,239,38,0,2,1,0,0,3,0,2,0,100,210,106,64,62,64,63,31,61,29,65,61,61,192,218,252,255,235,27,0,0,0,0,0,0,1,1,3,0,22,105,243,253,255,253,215,254,216,252,255,255,254,253,246,117,69,0,2,2,1,0,0,0,0,2,0,1,0,0,63,179,233,235,184,208,233,239,235,163,95,95,75,0,0,1,0,2,0,1,0,0,0,0,1,0,0,0,0,1,0,3,0,0,0,1,0,3,1,0,0,2,0,0,0,0,1,0,0,0,0,0,0,0,3,1,1,2,0,0,4,0,2,0,2,0,2,2,0,2,1,0,0,0,1,0,0,0,1,1,0,1,3,1,0,2,0,4,0,1,2,0,0,0,0,2,0,2,0,0,0,0,0,1,2,0,0,0,0,1,1,2,0,0,0,2,0,3,2,0,1,0,1,0,3,3,3,1,1,2,1,0,0,0,0,1,0,2,0,0,1,1,0,0,0,0,3,0,0,3,0,0,1,2,3,0,1,1,0,1
0,0,0,0,2,0,0,1,0,0,1,0,1,0,1,2,0,0,1,2,0,1,0,1,2,1,2,1,0,0,0,0,0,0,2,0,0,3,0,3,0,0,0,0,0,0,0,0,1,0,0,0,0,1,0,0,0,0,1,0,0,3,3,2,0,0,3,1,5,4,1,0,0,2,0,3,1,0,0,0,0,1,0,0,0,4,0,0,0,2,0,0,2,0,0,0,1,0,2,0,0,0,0,0,0,0,1,2,0,2,2,1,1,0,0,0,3,0,1,2,0,0,1,5,0,0,0,0,3,0,1,0,1,2,1,5,0,1,0,2,2,1,0,2,4,0,5,2,0,0,0,0,0,1,0,2,1,0,70,141,253,254,252,218,20,1,0,0,1,5,2,0,0,0,0,0,0,2,0,0,3,1,0,25,73,152,244,254,254,253,254,205,13,1,0,0,3,0,1,0,0,0,0,0,0,0,0,1,25,65,173,227,253,253,254,253,226,119,84,57,0,1,0,2,0,2,0,3,1,0,0,0,4,19,70,175,220,250,252,253,252,252,189,121,30,0,0,0,0,0,1,2,1,0,0,3,0,0,0,53,172,220,254,255,251,253,254,193,127,46,7,0,0,0,3,0,0,8,1,0,2,2,0,0,0,1,0,153,252,254,255,252,252,184,30,10,1,1,2,4,2,0,1,0,0,1,0,2,0,3,0,0,1,1,0,23,213,254,252,95,12,3,0,0,0,3,0,1,0,1,0,0,0,0,1,0,2,1,1,1,0,2,3,37,251,252,252,30,0,0,0,0,0,0,0,4,0,0,0,0,0,0,0,1,1,1,0,3,1,0,0,29,238,254,253,69,25,0,0,1,2,2,1,2,0,2,0,0,3,0,0,0,0,0,0,0,0,0,1,0,145,254,254,253,214,112,50,0,0,0,3,0,0,2,2,0,0,1,0,0,4,0,3,1,0,1,4,0,9,93,238,252,255,251,241,97,1,2,2,2,0,0,0,5,0,0,2,3,1,0,1,1,1,0,0,0,0,0,33,91,203,251,252,247,150,0,2,1,0,1,1,1,0,1,0,0,0,0,3,0,0,1,2,0,0,0,0,3,13,34,215,253,249,92,2,0,0,1,1,0,0,1,0,0,0,3,0,0,0,0,2,0,0,0,0,0,3,2,26,214,253,255,24,0,0,1,1,0,1,0,0,2,0,0,0,3,2,0,0,0,0,0,0,3,0,2,0,165,255,252,22,0,0,2,1,0,1,1,0,0,0,0,0,0,3,0,0,1,1,0,0,0,1,2,0,137,250,254,22,0,0,0,0,0,0,0,2,2,0,0,1,1,0,0,0,0,122,95,9,0,0,5,88,228,254,255,20,0,0,0,0,0,0,0,0,0,0,2,0,2,1,0,0,1,169,251,212,205,200,208,255,253,250,176,6,2,0,0,0,1,2,2,2,0,0,0,1,0,0,3,0,1,105,227,255,253,251,253,252,254,186,21,0,2,1,3,0,0,0,0,1,2,1,0,0,1,1,2,0,3,1,13,114,135,192,190,137,109,10,0,0,0,0,1,3,0,2,0,1,0,0,0,0,0,0,1,1,5,1,1,0,1,2,0,0,1,0,0,1,1,0,2,1,1,0,1,0,2,3,0,0,0,2,1,0,1,3,1,0,0,0,0,0,1,0,0,1,1,2,0,1,2,0,0,0,0,0,0,1,0,0,0,0,3,1,0,2,0,0,0,3,0,0,0,4,0,1,0,4,0,3,0,0,0
0,1,5,0,0,0,0,0,1,0,0,0,1,0,0,0,0,1,0,2,0,1,0,2,0,0,0,1,2,0,0,0,0,0,0,0,0,0,2,0,0,2,0,0,1,0,0,2,0,3,3,0,0,0,0,0,0,1,1,0,3,0,0,0,1,0,2,0,1,0,0,0,0,0,0,0,1,0,0,0,0,2,0,0,0,2,1,1,3,0,0,1,0,0,4,2,0,0,0,1,1,0,0,2,1,0,1,0,1,0,1,6,0,2,3,0,0,0,0,3,0,0,0,4,0,0,0,0,1,0,2,0,0,1,2,0,0,1,3,0,1,0,0,0,0,3,0,2,0,1,0,0,0,0,1,2,1,0,0,1,2,0,0,0,4,0,2,0,3,2,0,0,1,0,1,1,0,28,117,121,122,189,254,254,255,254,255,252,231,43,0,0,0,2,0,0,0,1,0,3,0,2,2,134,241,243,254,253,248,250,250,251,252,249,253,251,254,93,2,5,0,0,0,3,1,1,1,0,0,3,87,248,250,250,254,253,254,254,159,160,194,251,252,253,216,7,1,0,0,3,0,0,2,3,0,0,0,0,67,240,253,248,176,41,39,43,2,1,18,108,255,254,183,31,0,0,0,0,0,2,0,5,0,0,0,0,0,211,252,251,196,27,2,0,2,0,107,214,254,173,22,21,2,2,1,2,0,0,0,1,0,1,0,0,1,57,213,250,251,198,54,0,25,183,247,250,238,50,0,2,1,0,3,3,1,0,0,0,3,0,1,1,0,0,108,252,254,250,249,174,212,252,250,239,86,0,0,3,1,0,0,0,0,0,1,1,1,3,0,2,0,1,22,195,254,249,253,253,254,253,241,150,1,0,0,0,0,0,0,0,2,2,2,2,1,1,0,0,1,1,1,19,126,246,252,253,252,254,164,5,0,0,0,3,0,3,0,1,0,0,0,1,0,0,0,1,0,0,0,1,0,87,253,251,253,250,253,111,0,0,3,0,0,1,0,1,0,1,0,1,1,2,0,1,0,0,0,2,23,204,252,254,253,255,254,174,1,2,3,1,2,0,2,0,0,0,0,1,0,4,0,3,0,0,4,0,95,250,254,196,144,246,250,204,22,0,3,2,4,3,0,0,0,0,0,0,2,0,0,2,0,0,1,50,243,254,240,13,1,83,244,252,104,2,0,1,1,2,0,0,0,1,1,0,0,2,0,0,0,0,0,166,251,255,121,0,1,0,227,252,242,55,0,0,0,0,1,0,3,0,0,1,0,3,2,3,0,0,54,237,252,255,110,0,0,0,123,252,251,65,0,0,0,0,2,0,1,3,0,0,1,0,0,3,1,1,54,235,252,252,105,2,2,0,92,251,252,66,0,0,0,1,0,0,0,0,0,0,0,0,3,0,0,0,0,188,251,252,129,0,1,39,188,250,245,57,1,0,0,0,1,0,0,1,0,2,1,0,0,1,0,0,4,103,250,253,248,160,160,247,255,252,173,1,0,4,2,0,0,1,0,0,0,0,0,0,3,2,0,1,0,20,199,249,252,252,250,247,247,194,22,0,0,0,1,0,1,0,0,0,0,3,0,0,3,0,2,2,0,0,0,76,122,252,255,127,76,0,0,0,2,0,0,2,3,0,0,0,1,1,2,0,0,3,1,3,0,0,0,1,0,0,1,2,0,1,1,0,0,4,0,0,3,0,2,0,3,0,2,0,0,0,0,0,0,2,0,1,0,2,2,0,1,0,1,2,1,0,0,0,0,0,0,0
2,1,0,0,2,0,0,0,2,2,1,0,4,1,0,0,2,1,0,0,0,1,0,0,0,0,0,0,0,1,1,0,2,3,0,0,0,0,2,1,3,0,0,3,0,5,1,2,0,2,1,0,1,0,2,1,2,3,0,0,0,0,1,0,0,3,2,1,0,0,0,1,1,2,1,0,2,0,0,0,1,1,0,4,0,0,3,0,0,0,0,0,0,0,0,5,2,2,1,1,1,0,1,1,1,1,0,0,2,4,0,0,0,1,1,0,1,0,0,3,0,1,0,0,0,1,0,0,3,0,0,0,0,1,2,0,0,0,2,1,2,0,2,0,0,0,0,2,3,0,2,0,2,7,117,195,18,0,3,8,41,60,146,149,44,0,1,3,2,2,0,0,1,0,1,0,0,2,0,0,30,99,253,253,120,83,137,212,254,254,254,201,23,0,0,0,0,0,0,0,0,2,3,0,0,0,3,28,214,253,250,252,244,255,252,252,243,171,91,11,1,1,0,2,1,2,0,0,0,0,2,2,1,1,27,220,251,253,255,200,190,186,138,84,50,2,0,0,0,0,1,2,6,2,0,0,0,0,2,1,0,0,195,254,181,43,44,5,0,0,3,0,2,0,0,2,0,2,0,0,1,0,0,0,0,1,0,0,6,137,255,209,28,1,1,0,0,0,0,0,1,2,0,0,0,2,0,3,3,0,3,2,0,0,0,2,22,251,254,26,0,3,0,1,1,2,0,0,1,0,0,0,0,1,2,0,2,0,2,0,1,0,0,4,74,249,209,15,3,2,3,3,0,1,0,0,2,1,0,1,1,2,3,0,1,2,0,3,2,0,0,1,55,252,252,239,133,55,0,0,0,0,0,0,0,0,0,0,0,0,0,1,0,3,0,1,1,0,3,0,5,65,235,250,252,249,213,122,0,0,0,1,3,1,0,3,0,0,2,0,2,2,4,2,1,0,0,1,0,2,0,58,143,233,255,254,175,31,0,0,1,0,0,0,1,0,0,0,0,0,0,0,0,0,1,3,0,0,3,1,0,38,167,240,255,229,133,3,0,1,1,0,2,0,0,0,0,4,1,0,2,3,0,0,3,0,0,2,0,1,0,16,200,252,234,8,2,0,1,0,0,0,0,0,0,4,0,0,0,0,2,0,0,0,0,0,0,0,0,0,103,252,247,63,4,0,0,0,1,3,1,0,2,0,2,2,0,1,0,1,1,0,1,1,3,0,0,46,191,252,232,0,0,0,0,1,0,0,2,0,0,0,0,0,0,0,0,0,1,0,0,0,3,4,67,238,255,239,63,0,0,1,0,5,0,0,1,0,0,0,0,0,0,1,1,3,117,0,2,0,28,141,252,253,201,69,2,0,0,0,0,0,2,2,0,2,0,2,0,0,4,1,0,78,240,55,67,189,238,254,249,193,56,2,0,1,1,1,0,0,0,1,3,0,0,0,1,0,2,0,4,84,252,254,252,255,254,212,80,17,0,2,0,2,0,2,0,2,1,0,4,0,0,0,1,0,0,0,2,13,147,248,253,190,108,22,2,0,0,0,2,3,4,1,1,0,0,0,3,0,0,0,0,2,2,2,0,0,0,0,1,0,0,0,2,2,0,4,2,0,0,1,0,2,1,0,0,1,3,0,0,0,0,2,1,0,0,0,0,0,0,0,0,1,0,1,0,0,0,1,2,0,0,0,0,2,1,0,0,0,0,1,4,0,0,1,2,3,0,0,0,0,0,2,0,1,0,0,1,0,0,0,0,0
0,0,0,0,0,2,4,0,1,2,1,0,1,1,2,0,0,0,0,0,3,0,0,0,1,2,0,4,2,4,0,0,1,1,1,4,3,0,1,3,0,0,3,0,3,0,3,1,0,0,2,0,4,1,0,2,4,2,0,0,0,0,0,0,2,0,2,0,0,1,2,2,0,2,1,1,1,0,0,0,0,0,1,0,0,1,0,0,0,0,0,0,0,0,0,0,1,0,0,0,39,148,240,53,1,0,0,0,1,1,3,0,0,1,2,1,1,4,2,0,0,0,1,0,1,0,0,147,236,252,253,236,1,1,2,3,0,0,0,1,0,0,0,3,1,0,0,4,0,0,0,0,14,150,195,255,252,253,216,194,1,2,0,2,0,2,2,0,2,0,3,0,1,0,0,0,2,2,0,12,157,251,252,253,251,250,86,1,1,0,0,0,0,3,3,1,0,0,0,1,0,0,0,1,0,0,0,85,251,253,253,189,114,113,35,1,1,1,0,1,1,0,0,1,0,0,1,0,0,0,0,1,0,1,51,239,254,253,251,0,0,1,0,2,0,0,0,0,0,1,1,3,0,0,0,0,0,2,0,1,0,0,238,251,250,254,127,1,0,0,2,0,0,0,0,0,2,0,0,0,0,0,0,0,2,0,2,0,8,136,252,246,252,211,85,0,0,2,0,0,0,0,3,0,0,0,4,0,1,0,0,0,1,0,0,0,125,252,251,255,214,28,1,0,0,6,12,0,1,0,1,1,1,0,0,0,2,0,1,0,0,0,0,0,165,252,252,252,120,0,1,0,1,134,178,137,80,2,1,0,2,0,2,0,2,0,0,1,0,0,0,0,168,254,255,169,0,0,0,177,251,254,255,252,253,27,0,1,1,0,0,2,1,0,1,3,0,0,1,0,169,247,252,167,0,9,164,250,255,250,252,250,250,153,3,0,0,1,0,0,0,0,0,1,0,0,0,3,169,252,253,87,1,137,254,252,232,165,184,251,254,164,0,0,1,3,1,0,0,0,0,0,0,1,0,1,168,253,254,178,59,223,253,239,72,7,176,252,252,167,0,1,0,0,1,0,1,1,0,0,0,0,0,0,170,252,255,254,253,249,255,63,47,165,253,251,254,164,1,2,0,0,0,0,1,1,2,0,0,0,0,2,109,252,255,254,252,252,255,255,254,253,252,254,202,13,1,0,3,0,0,0,0,0,0,0,0,0,3,0,7,106,254,250,254,251,252,253,252,249,194,166,14,0,0,0,2,0,3,0,0,2,2,0,0,0,0,0,0,0,56,233,252,253,251,255,255,207,20,1,0,1,0,2,3,0,0,0,2,0,0,4,1,1,3,3,3,1,0,74,201,254,251,251,251,180,2,1,0,0,0,0,0,0,0,0,2,0,0,0,2,0,0,1,3,3,1,1,23,129,252,189,111,23,1,0,0,0,1,0,0,0,0,0,1,4,3,0,4,1,2,0,1,0,0,2,0,0,0,0,0,0,0,1,0,4,0,1,0,0,1,0,2,3,3,2,0,0,0,0,0,3,2,0,0,0,0,0,0,1,0,0,0,0,0,0,1,2,0,0,0,0,1,5,1,0,0,0,3,0,0,2,1,1,0,0,1,0,2,0,0,0,1,0,0,0,0,0,2,0,0,0,1,0,0,0,0,0,3,0,0,0,2,2,2,1,1,0,0,0,1,0,1,0,1,3,0,0,0,4,0,0,0,2,4,1,1,0,1,0,0,0,0,0,3,1,0,0,1,1,0,0,2,0
0,0,0,5,0,1,0,1,3,2,0,0,1,2,1,0,1,0,3,1,1,2,0,0,1,3,0,0,1,2,3,1,0,0,0,0,3,1,0,0,0,1,0,0,0,0,1,1,2,0,0,0,0,1,2,1,1,0,0,3,0,1,0,0,0,1,0,1,0,0,0,1,0,1,0,0,0,0,0,0,1,4,0,3,0,2,0,0,2,0,0,2,3,0,0,3,1,4,1,0,0,69,176,255,137,3,2,3,0,0,2,0,0,0,3,3,0,0,4,0,0,0,0,2,0,2,0,27,99,239,251,252,247,100,0,0,0,0,0,1,1,0,1,0,0,1,1,1,0,0,1,0,2,10,105,202,252,253,255,255,252,112,1,0,1,3,1,1,4,2,2,0,1,0,1,0,0,0,1,3,1,194,250,255,251,246,136,240,225,0,0,0,1,0,0,1,1,0,0,3,0,2,2,0,0,0,0,40,219,248,255,254,230,80,0,157,69,1,0,2,0,1,4,0,1,3,0,1,0,0,0,0,0,0,3,150,255,254,254,223,79,0,1,1,0,2,1,0,0,2,2,0,0,0,1,1,0,1,0,0,0,42,150,255,253,252,253,0,1,0,0,2,2,0,2,0,2,1,3,1,0,1,0,4,2,0,0,0,0,74,253,253,251,186,78,0,0,0,0,1,0,0,0,0,3,0,1,0,1,0,0,0,0,0,1,0,0,190,253,252,234,52,1,0,3,0,2,0,0,1,1,2,5,1,0,0,0,0,0,1,0,5,0,0,0,225,253,255,78,0,0,0,0,1,0,2,0,1,3,2,0,1,2,2,1,0,1,0,0,0,0,1,122,254,253,253,11,0,0,40,108,102,180,254,254,172,6,4,0,1,0,0,0,0,1,0,1,2,0,6,150,255,254,139,5,46,58,226,254,252,252,254,254,252,13,0,2,0,1,0,5,0,0,0,0,0,1,16,254,255,254,125,71,236,252,253,251,253,244,254,254,255,15,0,0,0,0,2,0,0,0,0,0,0,1,17,255,253,250,255,253,253,251,253,253,175,70,222,255,253,14,1,0,0,1,0,0,0,0,0,0,0,2,17,251,255,251,255,251,251,252,177,73,84,148,251,253,212,9,0,2,1,0,0,0,0,0,1,1,2,0,15,253,250,254,253,249,249,135,12,83,255,254,254,216,35,0,0,0,1,2,0,0,1,0,1,0,1,0,15,251,252,251,254,254,235,135,183,251,255,252,254,70,1,0,3,0,0,2,0,0,1,0,0,2,0,0,20,251,251,253,255,251,252,253,255,251,255,212,122,3,3,2,0,0,0,1,0,0,0,1,3,0,0,3,0,59,200,248,255,251,255,250,254,255,215,31,0,2,0,0,0,0,0,1,0,0,0,0,0,1,0,0,0,0,33,211,255,254,253,252,194,104,37,0,1,1,0,0,2,0,0,0,0,0,0,0,2,0,0,3,0,0,0,0,0,4,0,1,0,0,1,2,3,3,1,4,0,1,0,0,0,0,0,0,0,2,0,5,1,3,1,0,1,1,0,1,2,0,0,0,0,1,0,0,1,0,0,0,0,2,4,0,0,0,0,0,0,0,0,0,1,0,1,1,0,0,1,0,0,1,0,0,1,3,0,0,1,5,5,0,0,0,0,0,1,0,0,1,1,4,0,1,0,0,0,0,0,0,2,4,0,2,0,1,1,0,1,0,0,0,0,2,0,0,0,1,4,0,2,1,0,0,0,0,2,3,0,1,0,1,2,1,0
1,0,1,2,0,0,0,3,0,1,0,1,0,1,0,0,0,1,1,2,0,0,0,0,0,0,0,0,2,1,1,3,0,2,0,0,0,0,0,0,3,0,3,0,4,0,0,2,0,0,1,0,0,2,2,1,1,0,1,0,0,0,0,0,0,0,0,2,0,2,0,1,1,0,0,4,0,3,0,1,0,2,2,0,0,0,1,0,1,0,0,1,0,0,3,2,0,0,5,0,0,0,0,0,3,1,0,1,0,0,0,1,1,2,0,0,0,1,0,1,0,1,0,1,2,0,1,64,191,255,255,255,64,2,1,2,1,0,0,0,0,0,1,2,0,0,0,0,0,1,0,0,4,65,193,255,255,254,255,255,129,0,0,1,1,0,3,0,0,4,1,0,1,2,0,1,1,63,126,126,190,254,255,255,252,254,255,255,129,2,3,0,2,0,1,1,0,1,3,1,0,2,1,0,63,255,255,255,255,255,255,255,255,255,190,190,67,0,0,0,0,4,0,1,0,1,1,3,0,0,0,63,255,255,254,255,255,255,255,130,66,0,1,0,1,1,0,1,0,0,1,0,1,0,0,2,1,0,0,249,254,255,253,255,252,129,65,3,0,0,0,0,1,0,1,0,1,0,0,0,2,5,1,4,0,0,2,65,255,255,255,129,64,0,0,0,0,0,1,2,1,1,1,2,0,0,0,2,0,0,0,0,1,0,0,0,191,255,255,191,65,0,0,1,1,3,0,1,0,2,4,0,1,0,0,1,0,1,0,0,0,0,1,0,68,255,255,252,255,188,129,61,0,5,2,1,0,0,0,0,1,0,0,0,0,1,0,0,0,0,2,1,3,129,190,255,255,255,255,251,126,67,0,1,0,5,1,0,0,1,0,0,0,1,0,0,0,1,0,2,0,0,2,189,253,255,254,255,254,254,127,0,0,0,0,0,2,0,0,0,0,2,0,0,0,0,0,1,1,1,0,0,66,129,128,255,253,255,254,253,65,6,0,0,3,0,1,0,0,0,0,2,0,0,0,0,0,2,0,0,0,0,0,1,192,254,255,255,252,129,1,1,0,2,0,0,1,1,0,0,0,3,3,1,0,1,1,3,0,1,0,0,0,66,193,255,251,255,64,2,0,0,0,0,0,0,0,0,0,0,0,2,2,61,0,1,0,4,1,0,2,2,187,255,254,255,255,0,1,0,0,1,0,0,0,0,0,0,0,0,127,255,254,125,0,0,0,0,65,191,255,255,255,253,191,1,3,3,1,0,0,1,0,0,0,0,0,0,127,255,253,63,63,255,253,254,255,255,254,254,255,255,0,4,0,1,0,0,1,2,1,0,4,0,1,0,124,255,255,252,253,253,255,255,254,255,253,255,191,128,0,1,0,0,0,0,0,0,0,1,0,0,0,0,0,1,253,255,255,254,255,255,252,255,252,63,0,3,0,0,0,2,1,0,0,0,0,0,0,0,1,0,0,0,63,126,126,255,255,190,0,0,0,0,0,1,2,0,2,0,0,0,0,0,4,1,2,0,0,3,0,0,2,0,3,1,0,0,0,0,5,0,0,0,2,0,4,1,1,2,1,2,0,1,0,0,0,0,0,0,4,1,0,0,1,0,0,0,0,1,0,0,0,0,0,3,3,1,0,2,0,0,0,0,3,2,0,0,1,1,0,5,1,0,2,1,0,1,2,2,0,0,0,0,1,0,0,2,0,0,0,1,0,2,2,1,2,0,1,0,0,1,1,0,0,0,0,1,1,2,1,0,2,0
0,0,0,0,1,1,1,0,2,0,0,0,1,3,1,0,0,0,2,2,0,3,2,1,2,1,2,0,0,1,0,0,0,0,0,0,1,1,2,2,0,1,0,0,0,0,0,0,0,0,0,0,1,1,2,0,0,0,1,3,4,3,1,2,0,5,0,8,2,4,0,1,0,1,2,0,0,1,1,0,1,0,0,0,0,0,0,0,0,1,0,1,2,2,0,0,0,1,3,2,2,2,0,0,1,1,1,0,5,0,0,0,0,1,2,3,0,0,1,0,1,0,1,0,0,0,2,2,0,0,0,0,1,0,2,0,0,2,2,0,1,0,0,0,57,196,119,47,15,0,1,0,3,1,1,0,0,1,0,0,0,3,1,2,5,0,0,0,2,0,0,0,61,252,255,254,216,105,95,95,100,57,4,0,0,1,3,0,0,0,1,0,2,1,0,0,0,0,0,1,0,41,249,255,254,253,252,252,255,254,245,247,188,143,180,142,35,1,1,1,0,0,0,1,0,0,0,1,0,2,47,165,172,245,254,251,255,253,255,255,255,255,255,254,218,0,0,1,2,1,0,0,0,3,0,1,0,2,0,3,0,75,227,232,228,188,228,147,228,252,255,255,246,9,0,3,1,1,0,0,0,0,0,0,1,3,0,2,0,0,1,1,0,3,0,1,13,159,253,254,246,29,3,1,0,0,0,0,0,0,0,0,0,0,4,1,2,0,0,1,2,0,0,2,27,245,254,253,244,39,0,0,0,1,1,3,0,0,0,3,2,0,0,1,0,2,0,3,1,0,1,3,99,253,255,254,176,0,0,0,0,0,1,4,0,2,2,2,4,0,1,0,4,0,2,0,0,0,0,3,221,251,255,255,141,0,0,0,0,0,0,1,2,0,0,1,4,0,0,3,1,3,3,1,0,1,0,87,251,250,254,255,76,0,0,0,0,2,0,2,0,1,0,0,1,2,4,3,0,1,0,0,0,79,116,222,254,254,254,255,120,0,0,1,1,0,0,1,0,1,1,0,0,0,0,0,31,93,146,191,249,254,255,254,251,253,254,251,141,0,0,3,2,0,0,0,3,2,0,0,0,1,0,132,235,255,255,253,255,254,253,253,255,255,166,60,34,2,0,0,0,0,0,2,0,0,0,2,1,1,0,81,243,252,255,255,255,255,255,255,255,200,11,0,1,0,0,1,0,3,1,2,0,0,4,2,0,2,3,1,81,245,255,176,76,186,253,255,243,48,1,0,1,0,1,0,0,0,0,0,0,0,0,2,0,1,0,0,2,75,105,13,0,101,255,253,221,2,0,0,0,0,1,4,0,3,0,1,0,0,0,0,0,1,0,0,0,0,0,1,0,171,255,255,220,0,1,0,2,1,0,0,0,0,0,1,0,1,1,0,0,0,0,2,0,0,1,0,1,203,249,254,222,0,0,0,0,0,0,0,0,0,4,0,0,1,1,0,0,0,0,0,1,0,2,1,0,118,250,255,157,3,2,2,4,3,0,2,1,0,1,2,0,1,2,0,1,0,0,1,0,0,1,3,0,0,165,253,37,1,1,1,0,0,0,0,2,0,0,0,0,0,0,0,0,0,2,1,0,0,0,0,1,0,0,0,0,0,2,0,0,2,0,0,0,0,0,0,0,0,0,2,1,0,0,3,1,1,0,0,0,2,3,1,3,0,1,0,2,0,1,2,0,0,2,0,0,0,2,1,0,0,0,0,0,1,1,0,1,0,3,0,0,0,0,0,0,0,0,0,2,1,0,0
0,1,0,1,2,1,1,0,0,0,0,1,1,0,0,0,0,3,1,0,1,2,0,0,2,0,0,0,0,0,0,2,2,0,5,0,0,3,0,1,0,3,3,2,0,0,0,0,0,3,0,2,0,0,0,0,1,0,1,2,0,0,0,0,1,0,0,0,0,0,2,1,0,2,0,5,3,0,1,0,0,0,3,0,0,3,0,0,2,3,0,0,0,0,0,1,1,0,0,0,1,0,0,1,1,0,0,0,4,0,1,0,0,0,0,0,0,0,0,0,3,0,0,1,3,0,0,2,0,1,1,0,0,2,1,2,0,0,0,1,0,0,0,1,0,0,0,0,0,0,2,2,0,3,0,47,169,255,255,253,185,13,0,1,0,0,0,1,2,0,0,3,1,0,1,1,0,0,26,62,43,4,121,250,249,190,191,227,252,91,0,1,2,0,0,1,0,0,2,0,0,0,0,0,1,88,238,252,247,227,242,119,22,0,0,77,254,125,0,2,0,0,0,0,0,1,0,0,0,2,0,0,1,199,255,255,251,255,197,0,5,1,0,122,255,78,0,0,0,3,0,0,0,0,4,2,3,0,0,1,1,122,254,255,246,177,68,0,0,0,44,249,252,31,3,0,0,0,0,1,2,1,1,0,1,0,0,0,0,5,170,253,231,51,0,5,4,42,230,255,71,2,2,0,0,0,0,2,0,0,1,2,1,3,0,0,0,0,33,227,255,236,145,4,43,232,255,175,7,0,0,0,0,0,0,0,2,3,2,0,2,0,0,0,0,0,2,94,251,252,181,72,231,253,158,6,0,0,0,0,1,1,1,0,2,0,0,1,0,0,0,0,0,0,0,0,114,254,251,255,253,176,2,1,1,1,0,0,0,0,0,0,1,0,1,1,2,0,0,3,0,0,0,0,48,247,255,253,190,10,0,0,1,0,1,0,0,0,2,2,1,0,1,0,0,1,0,0,3,0,0,52,219,253,252,254,189,0,0,0,1,2,0,0,1,0,0,1,1,0,1,0,3,2,2,0,0,1,54,236,249,182,203,254,239,1,0,0,0,0,0,0,0,0,0,1,0,0,0,2,0,0,1,1,0,51,236,253,85,0,71,255,248,56,0,0,2,2,0,0,0,0,0,0,3,1,0,0,0,0,1,0,0,140,252,138,0,0,46,255,255,130,1,3,0,1,0,0,1,0,0,0,0,0,0,3,1,1,0,0,32,253,248,32,0,0,20,226,251,215,2,3,0,1,0,2,1,0,1,1,0,2,0,2,0,1,0,0,117,254,194,0,0,1,0,129,253,249,0,1,1,0,0,0,0,0,3,0,0,0,0,0,3,0,0,0,46,254,168,0,0,1,3,134,255,250,0,0,2,0,0,3,0,2,0,0,0,2,0,0,0,1,0,2,7,211,251,116,28,49,132,246,255,199,0,0,2,0,0,0,0,0,0,0,0,0,3,0,0,1,0,2,2,129,253,251,255,254,251,255,229,20,1,2,0,0,2,0,0,0,3,0,0,2,0,2,0,0,2,0,0,10,113,195,252,255,252,167,20,0,0,0,0,0,0,0,3,0,0,1,0,0,1,1,0,0,1,0,0,0,0,0,0,2,0,0,0,1,0,0,3,0,0,0,5,2,0,0,1,3,0,2,0,0,0,0,0,0,0,1,2,0,2,2,0,0,0,0,0,0,0,0,2,0,2,0,1,0,0,0,1,0,1,0,0,2,1,0,1,1,0,0,1,2,0,1,1,0,0,0,2,0,0,0
0,0,1,3,1,0,0,0,0,0,1,0,0,0,2,1,0,1,0,1,1,1,0,0,0,0,6,0,0,0,1,0,0,0,0,0,2,0,0,0,1,0,0,0,1,0,1,3,0,2,0,1,0,0,1,0,0,0,0,0,1,1,0,1,0,1,0,0,0,2,0,0,0,3,0,1,0,0,0,0,0,0,0,0,2,2,1,0,0,1,0,0,2,1,1,0,0,1,0,1,3,3,0,1,0,0,0,0,0,0,0,4,0,1,0,0,2,0,0,0,0,1,1,0,0,52,241,242,52,0,1,1,0,1,0,3,0,2,0,0,2,0,0,0,0,4,0,3,0,1,0,0,0,131,254,250,229,22,0,0,3,0,1,3,0,3,0,0,0,0,0,0,0,0,0,3,3,0,0,2,2,132,253,254,255,28,0,1,0,0,1,1,0,0,0,1,0,0,4,0,1,2,0,3,0,0,3,0,0,134,251,255,255,32,2,0,0,0,2,1,0,0,0,0,3,0,0,0,0,3,1,0,1,0,0,1,0,132,255,255,255,31,0,0,2,1,0,0,0,0,3,1,0,0,0,1,0,0,0,0,3,0,1,0,0,131,254,253,187,14,1,0,0,0,2,0,0,1,0,1,1,0,0,0,1,0,0,2,1,0,0,0,10,172,252,255,128,2,0,0,0,0,1,3,2,0,0,0,0,2,1,0,0,0,2,0,0,0,2,0,32,254,255,255,130,4,1,0,0,0,0,0,0,2,1,0,1,0,0,0,0,1,1,0,1,1,0,0,33,255,255,253,128,0,1,1,0,0,1,1,2,3,0,0,1,0,0,0,0,0,0,0,2,2,0,2,78,255,254,244,85,1,0,1,1,3,1,0,0,0,1,0,5,1,3,0,0,4,0,0,0,2,1,4,183,252,255,231,0,0,3,0,0,3,0,4,0,0,0,1,1,0,2,0,0,2,0,0,0,0,3,2,183,255,252,231,3,2,0,1,2,0,0,0,0,0,0,0,4,0,1,2,0,4,0,2,3,1,0,1,190,252,255,228,0,0,0,0,0,0,0,2,0,2,0,0,0,0,2,1,0,1,1,0,0,3,4,2,186,254,255,232,0,0,3,0,0,1,1,1,0,0,3,2,1,3,0,3,0,0,1,1,1,1,0,0,186,254,252,231,1,0,0,0,0,2,0,0,1,0,0,0,0,2,0,0,0,1,1,0,0,0,0,0,185,255,252,229,0,0,0,0,1,0,0,0,1,0,0,0,0,1,0,0,0,2,0,1,0,0,1,0,188,255,255,233,0,0,0,0,0,4,2,3,1,0,1,1,1,2,0,0,0,0,2,0,0,0,0,0,187,252,253,234,3,2,0,0,0,0,0,0,0,0,1,1,0,5,0,0,0,0,0,0,2,0,1,0,188,253,252,232,0,1,1,1,0,0,2,4,1,0,0,0,2,3,0,0,2,0,1,1,1,1,1,1,93,255,253,135,0,3,0,3,2,1,0,2,0,3,0,0,2,2,0,4,2,1,0,2,0,0,0,0,2,0,1,1,2,0,2,0,5,2,1,0,0,0,0,1,1,0,0,0,0,0,2,0,0,6,0,0,1,0,0,1,0,0,0,0,1,0,0,1,0,2,0,0,0,2,1,3,4,0,0,0,1,0,0,0,0,0,2,0,2,0,0,0,6,0,0,0,1,0,0,0,0,0,3,0,0,0,0,0,0,0,0,0,2,2,2,2,0,1,1,0,0,1,1,0,0,0,0,0
0,4,0,1,2,0,1,0,0,0,2,0,1,0,0,0,0,2,0,4,0,0,2,2,1,0,1,1,0,3,0,0,0,0,1,1,0,0,0,0,0,0,0,0,0,0,1,0,0,1,0,0,1,0,3,0,0,0,0,0,0,1,1,0,0,0,1,0,0,0,2,0,0,0,1,0,1,0,0,0,1,1,0,1,0,0,0,0,0,4,0,0,0,2,0,2,0,0,0,0,0,0,0,0,0,0,0,0,1,0,0,2,3,0,2,0,0,0,5,2,0,1,0,1,0,19,133,255,142,27,0,0,0,1,2,1,1,0,0,2,0,0,1,0,0,1,2,2,2,0,43,185,101,211,253,252,254,238,68,0,0,0,0,2,2,0,0,2,2,0,0,1,2,0,0,0,2,0,213,254,253,251,182,180,255,255,199,4,0,4,0,0,3,1,2,0,0,1,2,1,0,0,0,0,0,68,249,254,213,12,0,0,97,184,254,141,16,0,0,0,1,1,2,1,2,1,0,0,0,0,1,0,0,0,226,254,190,10,0,2,4,42,238,252,80,0,1,2,0,0,0,1,0,1,1,2,0,0,0,0,0,75,251,254,121,0,1,0,4,0,201,253,84,0,0,0,0,1,0,3,0,1,0,1,0,5,0,1,0,83,251,225,24,0,0,0,0,0,98,255,126,0,2,0,0,0,2,0,0,0,2,2,0,0,0,3,5,166,252,168,0,0,1,0,1,0,96,253,164,0,0,0,0,0,0,0,0,1,0,0,1,0,0,0,40,247,251,96,1,0,0,0,0,0,6,242,186,0,0,0,1,0,0,3,2,0,2,0,2,1,0,0,43,255,250,97,2,0,1,3,1,0,2,245,187,0,0,4,0,0,0,1,2,0,3,0,2,0,3,0,45,253,247,20,0,1,0,0,1,0,0,243,190,1,0,0,0,0,1,2,1,1,0,0,4,0,1,1,42,253,243,0,0,0,3,2,0,1,0,245,178,1,0,1,0,0,1,4,0,0,2,1,0,0,1,2,46,254,244,1,0,0,1,0,0,0,63,252,80,0,0,0,0,0,0,2,0,1,0,0,0,0,2,0,45,251,245,0,0,2,2,0,0,0,138,255,81,0,0,0,1,0,1,0,1,2,0,1,1,0,1,0,44,251,243,0,0,0,0,0,1,69,252,240,39,2,0,0,0,3,2,0,0,0,0,0,1,0,0,0,43,254,246,68,1,1,2,0,42,227,254,149,3,0,1,0,0,3,1,1,1,0,4,2,0,0,0,2,41,255,253,145,0,1,0,38,180,251,255,27,1,1,2,2,0,1,0,0,0,0,0,0,2,2,0,0,0,133,251,252,128,38,142,229,253,243,92,0,3,0,0,0,0,0,0,0,0,0,0,0,1,0,0,0,0,22,204,251,250,255,253,254,254,164,0,1,0,1,0,0,0,1,3,2,0,0,0,1,0,0,0,2,0,1,20,171,252,255,255,212,93,11,0,0,2,3,0,2,2,2,0,1,0,0,0,0,0,0,0,0,0,0,0,0,0,1,0,0,0,2,0,0,3,0,0,0,2,0,0,0,0,1,1,1,0,0,1,0,0,5,0,0,0,0,0,0,0,0,0,2,1,1,0,0,2,0,0,0,3,0,0,0,0,0,1,0,0,2,0,0,0,0,0,0,0,0,0,0,1,0,2,3,3,1,0,0,2,0,0,3,3,0,0,0,0,0,0,0,0,0,0,2,2,0,0,1,1,0,0,1,1,0,0,0
0,4,0,1,0,1,1,3,0,2,0,0,0,0,0,0,1,0,0,0,0,1,2,0,0,3,0,0,1,0,0,0,0,1,1,0,0,1,0,1,3,0,1,0,1,1,2,0,1,5,0,1,0,2,3,3,0,0,1,1,0,0,2,0,2,1,0,0,1,0,2,0,0,0,0,0,0,2,0,0,2,0,0,0,0,0,0,0,0,4,1,1,0,1,0,3,0,0,2,0,1,0,0,1,0,0,0,1,2,2,2,2,0,0,0,0,1,0,0,1,2,4,0,1,1,1,0,1,92,253,72,0,1,1,0,0,0,1,0,1,0,0,1,0,0,3,0,3,2,0,0,2,0,0,1,3,219,246,70,0,0,2,0,0,0,0,2,1,2,1,2,1,0,0,0,0,0,0,4,0,2,1,14,139,248,250,229,0,0,0,2,1,3,0,3,0,1,0,0,1,1,0,0,0,0,2,0,0,0,2,72,250,250,250,173,0,2,0,4,3,0,2,0,0,3,0,0,3,0,0,0,0,0,0,0,2,0,1,200,251,249,250,72,1,0,1,2,0,0,0,1,2,1,0,3,3,0,0,0,0,0,3,2,2,1,0,255,253,251,251,75,2,2,4,0,0,1,1,0,1,0,0,0,0,0,0,2,1,1,0,0,3,0,108,252,251,252,250,71,1,1,3,0,0,0,0,1,0,5,0,0,0,0,0,0,2,2,0,0,0,19,189,253,251,249,155,8,1,1,0,0,0,0,0,1,0,0,2,0,0,1,0,1,0,3,0,0,0,110,251,255,254,235,77,0,0,0,1,1,0,2,0,0,1,0,0,0,0,1,2,0,1,0,0,0,28,210,252,253,251,212,1,0,0,1,2,0,0,1,0,1,5,2,1,0,0,0,1,0,0,0,2,0,35,250,255,253,251,33,2,0,0,0,0,2,2,0,0,3,1,0,2,1,0,1,2,3,2,1,3,0,38,248,250,254,253,38,6,2,0,0,5,0,1,0,2,5,0,0,4,0,0,1,2,1,0,1,0,3,61,252,250,254,230,31,1,4,1,0,0,4,1,2,2,1,0,0,0,1,0,0,0,0,1,0,1,3,217,248,250,255,107,0,0,0,0,0,0,0,2,1,2,0,0,0,2,3,0,2,1,2,0,3,0,104,239,249,252,200,29,1,0,2,0,2,3,0,0,2,0,1,0,0,0,3,1,0,0,0,0,0,75,254,254,254,251,0,0,0,0,1,0,0,2,0,3,0,0,0,0,0,0,0,0,2,2,3,0,0,174,249,252,252,253,3,2,2,0,0,0,0,0,0,1,0,1,0,1,0,0,1,0,1,1,0,0,0,252,250,250,252,227,0,1,0,0,1,1,0,5,0,0,0,1,2,0,0,0,4,3,2,2,1,0,0,254,251,252,251,70,0,1,2,0,2,0,0,1,0,1,0,2,0,3,1,3,0,0,0,0,2,0,2,123,247,222,69,19,1,0,0,0,0,0,0,0,0,0,0,3,2,3,0,2,1,2,2,0,1,0,2,0,0,0,1,0,1,0,0,0,0,3,0,1,0,3,0,2,1,0,3,3,2,1,0,3,0,0,0,0,0,0,2,0,2,0,1,3,0,0,0,0,0,0,0,0,1,2,0,0,1,0,0,0,0,0,0,1,2,2,0,0,1,1,0,1,0,0,3,2,1,0,1,3,0,0,0,4,0,0,0,0,1,3,0,2,0,0,0,0,0,0,2,3,0,0,0,1,0,0,0,3,0,1
2,2,2,0,0,1,3,0,0,0,1,2,2,0,0,1,2,0,2,1,4,3,0,2,2,1,1,2,2,3,2,3,0,0,0,1,1,0,0,0,0,1,0,0,0,0,5,1,2,0,0,3,0,2,0,1,0,0,1,2,0,0,0,0,0,2,2,175,127,25,0,1,1,0,0,0,0,0,0,0,1,0,3,0,0,0,0,0,1,0,0,0,0,0,126,251,253,52,1,0,0,0,1,0,1,1,2,0,0,0,0,0,1,1,2,0,5,0,2,0,2,0,138,254,253,53,0,0,0,0,0,2,2,3,4,0,2,0,1,0,1,0,2,1,0,0,0,2,0,7,150,250,244,49,0,0,0,0,1,1,1,0,0,2,1,0,0,0,2,0,0,0,0,2,0,1,1,29,253,254,168,0,0,0,0,2,0,0,1,1,3,0,3,0,1,0,2,0,2,0,0,0,3,1,5,27,250,255,170,4,0,0,0,0,0,0,3,0,2,0,0,3,0,0,1,0,1,0,2,0,0,0,1,29,253,251,121,0,0,0,2,0,0,0,0,0,0,1,0,0,1,0,1,1,0,1,0,0,2,0,0,137,252,252,27,0,0,0,0,0,0,0,1,0,1,0,0,2,4,3,0,0,0,0,0,0,5,0,7,179,253,242,24,0,0,2,0,2,8,27,29,0,2,0,1,1,2,2,0,0,1,0,2,0,1,3,54,253,250,142,1,3,0,0,0,47,165,253,255,80,0,3,0,1,0,0,2,0,1,0,0,3,0,0,199,252,253,140,2,0,0,1,49,240,255,252,251,253,89,1,1,0,0,0,1,1,1,0,1,0,0,0,197,252,252,91,1,1,10,83,237,252,232,166,169,247,241,52,0,0,0,0,2,0,1,1,0,1,0,2,197,250,138,0,0,5,60,254,255,199,76,1,1,250,250,53,2,0,0,0,0,0,0,0,0,0,1,0,194,248,100,0,3,133,224,253,161,6,0,2,109,252,251,51,0,2,0,2,1,1,1,1,0,0,2,0,193,220,2,0,0,196,233,111,0,0,0,32,255,254,251,56,4,0,0,4,2,0,2,0,1,3,1,0,198,253,112,0,38,222,165,2,0,0,89,206,254,255,105,0,1,0,0,0,0,0,0,0,0,2,1,0,199,254,159,1,83,202,6,0,40,130,243,251,250,105,3,0,0,6,0,0,0,0,0,2,0,0,0,0,167,248,252,137,123,245,181,137,219,252,254,214,117,1,0,2,0,2,1,1,0,2,2,0,0,0,0,0,22,178,253,254,254,254,250,251,254,224,195,29,1,0,0,0,0,0,1,0,0,2,1,0,0,2,0,0,0,13,111,251,254,255,252,250,112,10,1,1,0,3,0,0,2,0,0,1,0,0,0,0,0,1,0,3,0,3,0,1,0,0,0,0,0,1,0,0,2,0,1,0,1,0,0,5,0,4,2,2,0,1,0,0,0,1,2,2,2,1,1,0,3,0,1,0,3,1,1,0,0,0,0,0,2,1,2,0,1,0,0,0,2,0,0,0,0,1,0,0,0,3,0,1,1,1,0,0,0,0,0,1,2,0,1,2,0,0,2,1,0,0,5,0,0,0,0,1,0,1,2,1,0,1,0,0,0,5,0,1,0,0,1,0,2,0,1,0,0,0,1,0,0,1,3,1,0,0,0,1,0,0,0,2,0,2,4,3,0,1,1,0,1,1,0,0,2,0,0,3,0,0,0,0,2,0,1,0,0,1,0,2,0,0,0,1
0,0,0,3,0,0,5,0,0,0,0,0,1,2,0,5,0,0,1,0,0,0,4,0,0,0,0,1,0,0,2,0,2,1,0,0,0,0,1,0,0,0,5,0,0,2,0,0,0,2,1,0,0,2,0,0,1,3,0,0,2,0,0,4,0,1,2,2,0,2,3,2,1,0,2,2,2,0,2,0,0,0,3,2,0,0,0,0,0,3,1,1,3,0,0,0,0,0,0,0,0,0,0,0,1,0,2,0,1,0,1,0,0,1,2,1,0,0,1,4,0,0,0,0,0,0,1,1,0,0,3,0,1,1,1,1,0,1,1,0,2,0,0,0,0,0,2,1,0,0,0,2,0,0,0,0,2,0,0,0,0,1,0,1,0,2,1,0,2,0,1,0,2,1,2,1,0,2,1,0,22,177,95,0,3,2,0,2,1,60,92,18,8,1,0,1,1,0,0,0,0,0,0,0,3,0,12,157,233,253,193,35,0,1,0,0,91,248,253,231,36,2,3,3,1,3,0,2,0,0,0,1,0,0,49,254,254,186,70,19,0,1,2,3,178,255,248,94,10,1,0,0,0,3,0,0,1,0,3,2,0,81,215,247,142,4,1,2,0,0,1,127,254,248,84,0,0,0,1,4,0,0,2,0,1,0,1,0,4,182,255,164,2,3,1,0,3,1,98,253,254,219,1,1,2,0,0,0,2,2,0,0,2,2,0,3,93,249,206,9,0,1,1,0,2,21,203,249,250,95,2,3,0,1,0,1,1,1,0,0,0,2,0,0,197,255,83,0,0,1,1,0,0,164,253,255,175,0,2,1,0,0,1,0,0,1,0,0,0,0,2,7,208,178,1,0,0,2,0,0,121,253,252,181,4,0,0,1,0,3,0,0,3,1,0,0,0,0,0,50,255,130,0,0,0,5,39,122,241,255,250,130,0,0,0,0,0,2,1,1,2,0,0,2,2,0,1,136,248,53,0,7,95,130,252,255,253,253,177,20,0,4,2,0,0,0,1,0,0,0,0,0,1,2,0,111,253,254,253,253,253,255,254,254,255,204,21,0,0,0,1,0,4,0,0,0,1,0,0,2,0,0,3,19,208,253,253,252,253,252,255,255,246,35,3,2,1,0,0,3,0,1,0,1,2,0,0,1,1,0,0,1,29,213,241,245,241,252,253,255,184,2,0,0,5,0,1,0,0,1,0,0,1,0,0,0,0,0,0,0,0,1,0,3,149,252,250,255,65,3,2,0,0,2,2,1,0,1,0,0,0,0,0,0,0,0,0,1,0,0,0,29,222,254,253,148,0,1,0,1,0,0,0,0,4,0,0,0,0,1,0,3,1,0,1,0,0,0,5,189,255,253,155,12,0,1,0,0,0,1,0,0,0,0,1,1,3,0,0,0,0,0,3,0,4,1,0,208,251,180,40,0,1,0,0,0,2,0,0,0,0,0,0,1,2,1,0,0,0,0,0,1,0,0,49,251,251,48,0,0,1,0,0,0,0,2,0,2,0,2,1,2,4,0,3,0,0,1,3,0,0,1,46,249,200,5,3,0,0,1,0,0,0,0,0,1,0,0,0,1,0,0,1,0,0,1,0,0,1,0,0,207,76,0,0,0,0,0,1,2,0,3,0,1,1,1,0,2,0,0,0,0,1,2,0,0,2,0,0,0,0,0,1,0,0,1,2,0,0,0,0,0,0,0,0,1,0,0,1,0,2,0,0,2,3,0,1,0,2,1,0,3,0,2,1,0,2,0,3,1,3,0,2,0
3,0,0,0,1,1,0,0,1,0,0,0,0,1,3,2,0,2,0,0,0,0,0,2,1,0,1,3,0,2,1,0,5,1,1,1,2,0,3,1,0,1,0,3,1,1,1,0,0,2,2,0,0,2,0,0,0,0,1,0,0,1,2,0,0,0,0,0,0,0,0,0,1,0,3,0,1,0,0,3,0,0,2,0,0,1,0,1,5,1,1,0,0,0,0,2,1,1,1,23,177,208,36,0,1,0,3,1,1,2,0,0,2,0,0,0,0,2,0,0,0,0,0,2,0,1,2,125,255,148,3,3,0,0,0,0,2,0,0,1,1,1,0,1,3,0,0,0,0,1,0,0,1,0,122,241,161,4,0,1,0,1,0,0,0,1,0,2,0,0,0,0,1,0,0,1,1,0,0,0,1,55,239,247,65,0,0,0,2,0,0,1,0,0,0,2,2,0,0,0,0,2,0,1,0,1,5,0,3,174,253,120,0,0,2,0,0,0,2,3,1,0,0,0,0,0,1,1,0,0,0,1,0,0,0,0,86,250,170,0,3,0,3,0,2,1,0,0,0,1,0,0,0,2,0,0,0,0,0,0,2,1,0,10,224,253,72,0,0,0,0,0,2,0,0,0,4,0,0,0,1,0,3,0,0,1,1,3,0,0,0,67,254,178,11,3,0,0,1,0,0,0,4,0,2,0,3,0,0,0,0,3,1,0,0,1,0,1,1,217,251,50,0,2,0,2,0,2,1,2,0,0,1,0,0,1,0,0,2,0,0,2,0,0,2,0,29,241,214,2,0,0,2,3,3,0,4,0,0,1,0,1,0,0,0,1,1,0,0,1,0,0,1,2,186,254,71,0,0,0,0,2,0,5,2,0,0,0,0,2,0,0,1,0,1,0,0,0,0,2,0,0,254,255,36,0,2,16,58,91,32,0,1,0,2,1,3,1,1,0,2,0,1,0,3,5,0,0,1,13,254,193,6,0,58,224,232,136,166,108,0,0,3,0,0,2,1,2,1,0,0,0,0,3,2,1,0,89,254,107,0,2,186,244,67,3,78,231,1,1,0,0,0,1,0,0,0,4,2,1,2,0,0,1,0,60,255,107,0,52,252,60,0,0,41,255,4,0,0,1,0,0,1,0,2,0,2,0,0,1,1,1,0,0,255,199,0,107,163,0,1,3,44,228,0,3,1,1,2,0,0,1,0,0,0,0,0,2,0,0,1,0,201,247,53,123,163,0,1,3,104,162,3,0,1,4,2,0,0,2,0,0,0,0,1,2,0,0,0,1,48,243,180,12,91,35,0,89,230,106,2,2,2,1,2,1,1,0,0,0,1,0,0,0,0,2,2,1,0,122,251,204,74,79,160,238,118,0,0,0,0,0,0,1,3,1,0,0,0,0,1,0,1,0,2,0,0,2,140,233,250,255,201,49,1,2,0,1,0,0,0,1,0,0,2,0,0,0,0,0,1,0,2,0,1,0,0,0,0,1,0,0,0,0,1,1,2,2,1,2,4,0,0,0,0,0,0,0,3,0,0,3,0,2,0,2,0,0,0,0,0,0,0,0,0,0,0,2,0,0,5,1,0,2,0,1,1,0,1,0,0,1,2,2,1,0,1,2,0,1,1,1,0,0,0,2,0,0,0,0,2,1,4,0,0,0,0,2,0,0,1,1,2,0,0,3,0,0,1,0,4,1,2,1,2,0,4,1,0,0,1,0,1,0,0,3,3,4,0,0,1,0,0,2,1,0,0,0,0,0,0,1,0,0
0,0,2,0,1,0,0,0,0,0,0,2,0,0,0,1,2,0,0,0,0,1,0,4,0,0,0,0,1,0,1,1,1,1,1,0,0,3,1,2,0,0,0,0,0,0,1,0,0,0,2,0,1,3,0,0,0,2,0,0,0,0,0,0,0,0,0,0,1,0,0,1,0,0,0,0,1,0,0,0,2,1,0,0,0,5,0,0,0,1,2,0,2,0,1,1,0,2,0,0,0,0,0,2,0,0,2,0,2,0,1,0,0,1,0,0,0,0,0,1,1,2,0,0,2,0,1,2,0,0,0,0,0,0,0,1,0,0,2,1,4,0,1,1,1,0,1,5,0,0,0,1,0,0,1,0,0,2,0,1,1,3,3,0,0,0,4,1,1,0,0,4,0,1,1,0,0,1,2,0,1,7,0,0,0,0,0,0,0,0,1,0,0,0,0,4,0,0,0,1,0,1,0,1,0,1,0,0,2,1,0,5,3,0,0,0,2,0,0,0,4,2,2,1,1,23,111,148,142,147,144,143,146,143,147,144,143,144,134,82,32,37,36,151,254,2,0,4,3,0,0,0,1,225,254,255,253,252,255,254,252,251,253,253,254,255,254,252,252,255,253,254,253,0,1,0,1,1,1,0,0,46,42,44,46,43,44,45,45,43,47,46,46,133,152,153,153,247,248,221,107,0,1,1,1,0,0,1,0,1,0,0,0,0,0,0,1,0,0,3,0,0,0,0,2,129,253,179,2,0,0,0,0,0,2,0,0,3,5,0,1,2,0,0,1,5,0,0,0,0,0,1,2,194,254,173,2,2,1,1,0,1,0,2,0,2,0,1,0,0,1,0,0,2,0,0,0,0,1,0,0,232,252,91,2,1,3,0,1,1,0,2,0,0,3,0,1,1,0,3,0,0,4,0,0,1,1,0,0,229,254,66,3,1,1,0,1,1,1,2,0,0,0,0,1,1,2,0,0,0,0,0,0,0,0,1,12,234,226,23,0,0,0,0,0,0,0,1,5,0,2,0,0,4,2,3,0,0,1,1,0,0,2,0,91,255,209,0,3,2,0,0,4,0,0,2,2,0,0,1,4,0,0,2,0,1,0,1,0,0,1,0,91,250,165,0,3,0,0,4,0,0,3,0,0,0,4,0,3,0,3,0,1,0,0,0,0,0,0,0,92,253,100,2,1,0,2,0,1,0,1,1,0,1,0,0,0,0,3,4,0,0,0,0,0,0,0,1,116,254,97,0,3,0,2,1,2,0,1,0,2,1,2,0,0,0,1,4,4,0,0,0,4,4,3,1,196,254,102,0,1,2,0,0,0,0,0,1,0,0,0,0,1,0,1,4,0,2,0,0,0,2,0,0,197,253,99,1,2,0,1,0,2,3,0,1,0,0,0,0,0,0,1,3,0,0,2,0,0,2,0,2,198,253,95,2,2,0,0,2,1,0,0,2,0,0,0,0,1,0,0,1,0,0,0,0,0,0,0,0,199,253,95,2,2,0,1,0,0,1,0,0,3,0,0,0,0,1,2,0,0,0,0,1,0,0,0,0,146,251,154,1,0,0,0,0,0,0,1,0,1,2,0,0,1,0,0,0,0,2,0,0,2,0,1,3,73,249,254,84,0,0,0,1,0,2,0,3,1,1,0,3,0,2,1,2,2,0,2,1,0,0,0,0,1,232,249,178,0,1,2,0,0,1,2,2,0,1,0,1,0,1,0,0,0,0,3,0,0,2,2,0,0,134,253,127,0,3,0,2,0,0,0,0
2,0,0,0,1,0,3,0,0,0,0,3,0,0,0,0,0,0,0,0,0,2,1,0,0,1,0,0,0,0,0,0,0,0,0,0,1,1,1,0,0,0,1,3,1,0,0,0,2,0,2,0,0,0,0,1,2,2,0,1,1,2,2,0,2,0,0,0,0,0,2,0,0,0,0,0,0,0,0,1,1,0,0,1,0,5,1,2,0,1,0,0,0,2,3,0,2,0,0,1,3,3,1,1,0,0,0,0,0,0,0,2,0,1,0,0,0,0,2,0,0,0,2,0,0,0,0,0,0,0,0,0,0,2,0,1,2,0,0,0,0,0,0,0,0,0,2,16,100,134,236,255,254,251,133,66,0,0,0,0,3,0,2,0,1,2,0,0,0,2,0,2,0,2,59,254,251,250,243,229,228,230,255,241,129,9,1,1,2,1,0,0,1,2,2,0,0,2,0,1,0,46,255,230,190,95,63,2,0,2,159,236,252,165,8,0,0,1,1,0,2,0,3,0,0,2,3,1,0,147,254,84,0,0,0,0,0,1,0,62,239,251,151,0,0,0,1,2,0,0,0,1,2,1,0,0,0,119,253,82,0,0,1,0,0,2,0,0,61,233,237,41,1,0,1,0,1,0,4,0,0,1,0,0,0,18,160,20,1,0,1,0,3,0,1,2,2,170,251,62,0,0,1,0,0,0,0,0,3,2,0,0,0,0,1,0,0,0,1,0,1,1,2,1,0,168,254,59,1,2,3,0,4,0,0,1,0,0,3,1,1,0,1,0,0,0,0,2,0,0,3,0,18,202,229,35,1,0,0,0,2,0,0,2,0,0,1,0,0,0,2,0,0,0,0,0,0,0,0,0,90,252,194,0,2,2,0,2,3,2,4,0,0,3,4,0,0,0,1,3,0,0,1,0,0,0,1,84,248,251,76,0,0,1,0,3,0,2,0,0,1,0,0,0,0,0,0,0,0,0,1,0,2,131,195,254,252,254,169,37,2,0,0,0,0,4,0,0,3,0,2,0,0,3,0,0,1,1,1,0,122,245,254,248,229,235,251,253,70,1,3,3,0,1,0,1,0,0,0,0,1,0,0,3,0,1,0,0,92,253,210,87,1,17,100,216,254,109,0,0,0,0,0,3,0,0,0,0,2,3,0,4,0,4,2,0,1,80,0,1,0,3,0,113,250,218,16,0,0,1,0,2,0,0,0,0,0,0,1,0,0,2,0,1,0,0,3,3,1,1,0,74,253,253,22,1,0,0,2,3,0,0,0,0,1,0,3,2,0,2,0,1,2,0,1,0,0,0,0,163,252,228,17,0,0,0,0,1,0,0,3,0,0,0,0,0,0,0,1,2,1,0,0,0,0,1,91,243,251,116,0,0,0,2,0,0,0,1,1,0,0,0,4,22,30,0,1,0,2,1,6,99,98,178,243,253,135,4,0,0,0,3,1,3,4,1,0,1,0,1,0,51,236,136,114,108,219,227,231,254,252,181,60,26,3,0,0,0,0,0,0,0,0,0,0,3,2,0,1,26,130,226,255,253,253,193,133,130,56,5,0,2,0,2,0,0,0,0,2,0,0,0,0,1,0,0,0,0,0,0,0,0,3,5,1,0,0,1,0,2,0,0,2,0,1,1,0,0,0,0,1,0,0,0,1,3,0,0,1,0,0,3,1,2,1,0,1,0,1,4,0,0,1,1,0,2,5,1,0,2,0,0,2,0,1,2,0,1,0,2,1,0,1,0,1,3,0,2,0,0,0,1,1,0
0,2,2,0,0,0,1,2,0,0,0,1,0,0,1,0,0,3,0,0,0,0,0,0,0,0,1,0,2,2,2,0,0,3,1,0,2,0,0,0,0,0,2,1,1,0,2,0,4,0,0,0,0,2,0,1,0,1,1,3,2,1,0,0,0,3,2,0,0,1,0,0,2,0,0,1,0,2,0,2,1,1,0,0,0,0,0,1,2,1,0,2,0,0,0,0,0,0,2,0,0,0,0,0,0,0,0,0,0,0,0,0,4,2,2,0,1,1,0,2,0,1,1,0,1,0,6,171,120,0,0,0,2,0,0,0,0,0,0,3,2,3,0,0,1,3,2,0,2,0,1,1,0,0,126,255,98,0,0,0,0,0,2,0,0,0,1,1,0,0,0,1,2,0,1,0,3,0,0,0,0,0,210,250,94,1,0,0,2,0,1,2,2,0,0,0,0,0,1,3,0,0,1,1,1,2,2,0,0,0,206,255,93,0,0,0,0,1,0,0,3,0,0,0,0,0,0,0,0,0,0,0,4,3,0,2,0,1,207,253,92,2,0,2,0,1,3,0,0,4,3,0,0,0,0,1,2,0,1,0,2,0,0,0,3,1,205,255,94,0,0,0,2,0,1,1,0,0,0,2,2,0,0,0,1,0,2,0,0,0,1,0,0,3,207,255,93,0,0,4,0,0,1,0,1,1,0,0,1,0,0,0,0,0,0,3,0,1,3,0,1,19,219,253,92,0,0,0,0,2,1,0,0,0,0,0,1,1,0,4,3,0,0,1,0,1,1,1,0,44,254,253,95,1,0,0,2,0,0,0,0,0,3,0,0,0,2,0,0,0,0,0,0,1,0,2,0,66,251,254,10,0,1,0,0,0,2,0,2,0,3,0,0,0,3,0,0,0,0,0,0,2,2,1,0,148,252,174,0,3,3,0,0,0,0,0,1,1,1,0,0,0,0,0,1,2,1,0,0,0,1,0,0,231,252,93,1,1,0,0,2,1,1,2,0,3,0,0,0,0,3,0,3,3,0,0,0,2,3,1,43,242,252,67,0,1,0,0,0,3,1,0,2,1,0,2,0,0,0,0,0,1,0,0,0,0,1,0,170,250,233,4,3,3,3,0,0,1,0,0,0,4,0,2,4,0,1,2,0,2,0,1,1,1,1,1,255,255,145,0,0,0,0,0,1,0,0,0,2,0,2,0,0,0,5,2,1,0,0,0,2,0,0,33,255,248,46,0,0,0,1,0,0,2,3,0,0,0,2,0,5,2,0,2,0,0,0,0,0,0,0,117,255,242,30,3,0,6,1,1,0,1,0,0,0,0,1,2,0,0,0,0,2,1,0,1,1,2,2,185,253,218,4,0,0,1,0,0,2,0,2,0,0,0,0,0,0,0,2,3,4,0,0,0,0,0,0,143,255,255,47,5,1,2,1,0,0,2,1,0,0,0,0,2,2,0,0,0,0,0,1,0,1,0,1,28,252,168,29,0,0,0,0,0,0,1,0,0,0,0,0,0,0,2,2,0,0,0,2,0,1,0,0,1,1,1,1,3,0,0,0,2,0,1,0,0,0,2,0,0,0,0,0,0,0,0,0,1,0,0,0,0,0,2,0,0,0,0,0,0,4,2,2,0,0,2,0,0,0,0,0,1,2,1,0,0,2,0,2,0,0,0,1,2,2,2,3,2,0,0,1,0,0,2,2,1,1,1,1,3,0,0,0,0,0,1,1,0,2,0,0,0,0,1,1,1,2,0,1,0,0,0,0,0
0,0,3,3,0,0,1,0,0,0,0,0,0,0,0,0,0,0,0,0,0,0,0,2,0,1,1,1,1,3,3,3,1,1,0,4,0,0,1,1,1,0,2,0,1,3,0,1,1,1,0,0,0,0,0,3,2,2,1,0,3,0,2,0,0,5,0,0,0,1,0,2,2,0,0,0,0,0,1,2,0,0,1,0,0,0,0,0,2,0,1,2,1,3,2,0,0,3,2,0,0,0,0,0,2,2,0,1,1,0,2,0,0,3,0,0,0,0,0,0,3,0,0,0,3,1,1,0,0,0,0,0,0,0,3,2,0,0,1,1,0,1,0,2,0,0,1,1,0,1,0,0,0,0,0,0,0,0,2,0,2,1,0,0,1,0,1,0,0,0,1,2,0,0,0,0,2,3,1,0,0,0,0,0,0,1,0,0,2,0,0,2,0,0,1,0,0,1,1,0,0,1,0,0,0,0,1,71,152,151,193,214,252,255,170,21,0,1,1,0,1,0,0,0,3,2,0,0,1,0,0,0,41,163,202,251,248,251,253,254,252,255,251,102,1,0,0,0,0,0,0,1,0,0,0,2,1,0,0,2,164,255,250,255,254,250,231,203,203,215,249,182,0,0,3,0,0,0,1,3,0,0,5,2,1,0,2,0,162,232,151,151,110,53,32,0,0,55,249,102,2,0,0,2,0,0,0,1,4,0,7,2,2,0,0,1,2,1,3,2,0,1,2,1,0,173,253,102,0,0,2,0,2,4,0,3,0,1,0,0,1,0,2,0,0,0,0,0,2,0,3,0,1,255,254,58,0,0,1,0,1,0,0,1,0,0,0,0,1,0,0,1,0,1,2,3,0,0,0,15,174,255,230,1,2,0,0,0,1,0,0,0,0,0,0,0,0,0,1,0,2,0,0,4,0,0,83,130,253,251,70,0,2,1,0,0,0,2,0,0,0,2,1,0,1,0,2,0,66,214,255,253,253,255,250,253,250,255,252,192,112,41,0,0,0,0,2,0,0,0,0,0,0,0,0,0,104,251,252,253,253,255,252,253,252,253,251,253,210,161,0,0,0,1,0,2,0,1,0,1,0,4,0,0,181,255,215,199,203,234,252,243,202,163,126,100,19,0,2,0,0,0,0,1,6,2,0,0,0,0,2,3,20,53,10,2,1,191,253,205,1,0,0,1,0,1,0,0,0,1,1,2,0,0,0,0,1,0,1,1,0,0,0,0,166,253,233,39,0,0,0,0,0,0,0,2,0,1,0,3,2,1,0,0,3,1,2,0,0,0,0,85,240,254,110,1,1,0,0,1,0,3,0,1,1,0,1,0,1,3,0,2,0,0,0,0,1,0,20,255,252,124,2,0,1,0,0,0,0,1,0,1,0,0,2,3,0,1,1,0,1,3,0,0,0,3,142,253,168,1,0,2,1,1,1,1,0,3,1,0,0,2,0,2,0,1,0,1,0,0,0,0,0,54,252,255,48,2,2,1,0,0,3,1,0,2,0,1,1,0,0,0,0,1,0,0,2,0,0,0,2,132,250,211,10,0,0,3,0,2,0,0,0,0,2,0,1,2,0,1,0,1,0,0,0,1,0,3,0,174,251,123,0,0,0,0,0,0,0,1,1,0,2,1,1,0,0,3,2,2,0,1,2,0,0,0,1,211,170,0,0,0,0,0,2,0,0,0,0,1,1,2,0,0,2,1,0,0,1,0,0,0,1,0,0,0,2,3,0,2,1,2,0,0,0,2,0,1,1,0,1,0,3,0
0,1,0,0,1,1,0,0,0,2,0,0,0,0,1,2,0,0,1,0,0,1,0,1,0,2,0,3,1,0,1,0,0,1,3,0,0,3,0,0,0,0,2,0,2,0,0,1,0,1,4,0,0,2,1,0,2,0,0,0,0,0,0,4,0,2,2,0,2,0,3,0,0,0,0,0,0,1,0,0,0,1,0,0,1,0,1,0,0,1,2,0,1,0,0,0,1,0,4,1,0,0,1,0,1,0,0,1,0,0,0,1,0,0,0,2,0,4,1,2,0,0,1,1,99,254,1,0,0,1,0,1,1,1,0,0,1,3,1,0,2,1,1,0,1,0,0,0,1,2,0,0,215,255,0,0,0,0,2,2,0,2,0,0,3,1,3,0,0,0,0,1,2,0,0,3,2,0,1,2,167,254,0,2,0,1,0,1,2,0,1,0,0,0,3,2,0,1,2,0,0,0,2,0,0,0,2,74,251,253,13,2,0,0,2,0,1,3,0,0,0,2,0,0,1,0,0,0,1,1,0,0,0,0,0,46,246,251,97,3,0,0,1,1,0,2,3,2,1,0,3,0,0,1,0,1,1,1,0,1,2,0,0,1,234,254,197,0,0,1,0,0,1,2,1,0,1,0,0,0,2,1,0,0,0,0,0,0,0,0,0,0,153,255,223,21,1,1,1,0,0,3,0,3,0,2,2,0,0,1,1,0,2,0,0,0,0,0,0,0,71,253,237,29,0,0,0,2,0,0,0,1,0,0,0,0,2,0,0,0,1,1,0,0,0,3,0,0,42,253,229,20,0,0,0,0,0,1,1,1,0,1,3,0,0,0,0,0,0,3,1,0,4,1,0,2,39,252,252,38,0,0,0,0,3,1,0,3,0,2,0,0,3,0,0,1,0,2,3,0,0,0,2,2,32,240,255,41,0,1,0,3,0,0,1,0,0,1,0,1,0,0,1,0,2,0,1,0,2,0,1,0,0,151,255,121,0,0,2,1,0,0,1,2,1,0,0,0,1,1,0,0,0,4,0,3,0,0,0,0,4,96,254,167,0,0,2,1,2,1,0,0,0,0,1,0,0,0,0,0,0,1,1,0,1,1,2,1,0,82,255,235,0,2,1,0,5,0,0,0,0,0,3,0,0,1,0,0,0,1,1,2,1,0,0,0,0,0,253,234,1,0,1,0,3,3,0,0,0,1,0,0,0,1,2,0,1,1,1,0,1,0,2,0,0,0,255,254,76,0,0,1,4,2,1,0,0,0,3,0,0,0,0,1,1,0,0,0,0,2,0,0,0,0,255,252,75,0,1,2,0,0,1,0,1,0,0,0,0,1,0,0,0,1,2,0,0,0,4,1,1,1,255,252,78,0,3,3,0,0,0,0,2,0,0,2,0,1,1,0,0,1,1,1,1,0,0,0,0,0,237,254,80,2,0,1,0,1,0,2,0,0,0,0,0,0,1,0,0,1,0,2,0,2,3,2,1,0,83,236,19,0,1,0,4,0,0,3,0,0,1,3,2,0,0,0,2,0,1,0,1,2,0,0,0,0,0,2,0,2,1,0,0,0,1,1,2,0,1,0,0,2,1,0,3,0,2,0,0,1,0,0,1,0,0,1,0,1,2,0,0,2,2,2,0,0,0,1,0,0,0,0,0,2,0,0,0,2,1,1,0,1,0,4,0,0,2,0,1,3,2,0,0,0,2,0,0,0,1,0,2,0,0,0,0,0,1,1,2,2,0,0,0,2,1,0,1,0,1,0,0,2,1,1
5,0,2,0,0,1,0,0,0,0,0,0,4,0,2,0,2,2,0,0,0,0,0,1,2,2,0,0,0,0,2,0,0,3,0,0,0,0,2,1,0,0,4,0,0,0,0,0,3,0,0,0,0,0,0,1,0,0,0,1,0,0,2,2,1,0,0,1,0,1,3,2,0,0,1,0,1,0,0,0,0,1,2,1,0,3,0,0,0,0,0,1,1,1,1,2,1,0,2,1,0,0,3,3,0,0,2,0,0,3,0,0,0,0,3,0,0,0,0,0,1,0,0,0,1,3,2,1,1,0,0,1,1,0,1,0,0,0,2,0,0,2,0,0,1,0,1,1,0,0,0,3,3,31,138,215,254,242,51,0,0,1,3,0,0,0,0,0,0,0,0,1,0,2,0,0,0,3,2,4,75,212,250,252,250,250,87,2,0,0,2,2,0,0,1,0,3,2,0,1,0,0,0,0,0,0,36,213,251,251,253,255,254,251,130,0,12,138,221,7,0,0,0,0,0,2,0,0,5,1,0,1,1,23,226,255,255,239,154,101,59,165,84,58,206,255,254,96,0,0,1,0,1,0,0,1,0,5,0,0,2,157,252,251,172,67,0,0,0,4,103,217,252,254,189,5,1,0,1,1,2,2,1,0,2,0,0,3,150,255,249,96,0,0,0,3,3,123,246,254,239,107,6,2,5,1,1,0,0,2,1,0,0,1,0,0,223,253,173,1,2,0,0,33,193,252,255,234,49,0,0,0,0,1,0,0,0,0,3,1,1,0,0,0,222,255,89,1,0,1,40,168,254,255,195,60,0,3,0,0,0,1,0,0,1,2,0,1,0,0,0,0,222,254,168,6,0,5,179,254,253,246,80,0,0,0,1,4,2,0,0,0,0,0,3,0,0,0,0,0,198,253,250,208,57,168,253,255,235,50,0,0,0,0,2,1,1,3,0,2,0,1,0,0,0,0,0,3,29,254,252,253,252,254,253,172,31,2,0,1,0,0,2,2,0,0,1,0,0,0,0,0,0,0,0,0,2,79,202,249,253,251,255,100,0,0,0,0,0,0,0,0,0,0,1,0,0,1,1,1,0,3,0,0,0,1,52,247,253,255,249,210,39,0,1,0,0,0,1,0,0,2,0,0,0,0,2,1,0,0,0,0,1,2,83,253,195,187,252,255,237,11,0,1,1,0,4,0,0,0,0,2,0,0,1,0,0,0,0,0,0,25,222,240,4,2,163,253,251,76,0,3,1,2,0,0,0,0,2,3,0,0,2,0,1,1,2,1,0,44,251,245,0,2,9,118,253,205,24,0,0,0,0,3,0,0,1,0,0,0,0,0,1,0,0,2,0,25,227,248,42,0,2,99,253,235,15,1,0,0,0,0,0,2,0,0,2,0,0,0,0,0,0,0,3,1,127,255,251,249,203,253,250,217,0,0,3,0,0,0,1,2,2,1,2,1,0,0,0,0,0,0,0,0,23,174,255,254,252,253,253,49,0,0,1,0,0,0,0,0,2,1,0,0,0,1,1,0,3,1,1,0,0,8,144,230,253,226,60,1,0,0,0,2,0,0,1,1,0,0,1,2,1,2,2,0,0,0,0,0,0,0,0,0,0,0,0,1,1,0,0,0,0,0,1,1,1,1,2,1,1,3,3,0,0,1,1,0,1,2,1,0,0,0,0,0,1,0,1,3,0,0,0,0,0,1,0,0,3,0,0,1,0,0,0,0,1,0,3,1,1,0,2,0,1,0,2,0,1,0,2,0,0,2
2,0,0,0,0,1,0,0,0,0,1,1,0,0,1,0,5,0,0,1,0,0,0,0,0,2,0,0,0,0,1,0,2,2,1,0,0,0,2,4,0,0,0,0,1,2,0,0,0,0,1,2,0,2,1,2,0,0,0,0,0,4,1,0,0,1,0,0,0,2,0,5,3,0,2,0,0,0,1,0,1,0,0,0,2,0,0,0,0,0,1,2,0,0,0,1,32,90,154,254,255,251,172,12,0,1,0,0,2,0,0,1,2,0,2,1,3,0,0,0,0,4,3,19,198,255,253,253,251,254,255,186,77,0,3,0,0,1,3,0,1,1,1,2,2,0,1,1,2,0,65,253,253,249,148,144,197,254,252,254,168,6,3,0,1,2,1,0,0,0,1,0,0,0,1,2,0,18,196,253,189,53,3,0,21,82,237,254,253,39,1,0,0,1,0,5,0,0,0,0,3,2,0,2,25,194,254,172,89,0,1,1,0,0,133,254,253,181,1,3,2,2,0,0,0,0,0,0,0,0,2,0,51,255,196,16,0,0,0,1,0,0,132,252,254,179,2,1,0,0,0,1,0,2,0,0,1,0,0,0,22,191,186,0,0,0,0,0,1,23,198,255,255,175,2,0,3,0,0,0,0,4,3,0,0,0,2,1,1,13,18,3,5,0,0,2,2,42,252,255,250,32,0,0,0,0,1,0,0,0,0,2,0,1,1,0,0,1,0,0,2,0,2,1,2,39,254,254,253,15,0,0,0,1,2,0,3,0,3,4,0,0,1,0,2,0,0,2,0,3,1,1,0,202,254,252,204,12,1,0,0,0,0,0,2,0,4,1,1,0,4,3,13,10,7,6,1,0,0,2,76,237,253,253,108,0,0,0,0,0,3,2,3,1,0,1,0,0,15,173,251,255,211,194,105,98,100,95,171,254,251,228,65,0,0,2,1,2,2,0,0,0,0,0,1,94,195,252,253,254,253,250,254,252,251,255,253,252,241,67,0,0,3,0,2,0,0,0,1,2,0,1,19,252,253,252,156,139,137,139,251,252,252,254,252,255,121,3,3,2,2,1,1,0,1,0,1,0,0,0,149,255,248,130,9,2,12,41,142,255,254,254,255,251,121,0,3,2,1,1,0,0,0,0,2,0,0,1,180,255,219,0,0,73,161,251,252,255,251,251,251,254,189,103,2,0,0,0,1,2,1,0,0,0,0,0,179,250,250,221,223,240,250,253,254,253,228,198,224,252,254,195,0,1,1,0,1,1,1,0,0,2,1,0,86,252,252,253,251,253,252,254,206,108,63,0,118,252,250,229,61,3,0,0,1,0,0,0,1,2,0,0,10,179,236,253,252,254,186,79,12,1,0,2,117,254,251,253,108,0,1,0,2,2,0,2,0,0,0,0,0,2,69,93,89,90,10,0,1,0,2,2,46,114,253,213,36,0,1,0,0,0,0,1,0,3,0,1,0,0,1,0,0,0,2,0,0,0,0,0,0,0,2,0,1,1,0,1,0,0,0,0,0,1,0,2,0,0,2,2,0,0,0,0,0,1,1,2,0,0,0,2,0,0,1,1,0,0,0,1,0,0,0,0,0,0,1,2,1,1,1,0,1,3,1,0,0,0,0,2,0,0,0,0,5,0,0,0,7,0,0,0,2,0,2,1,0,3,0,1,0,0,0,1,0,0,0,0,0,2,0,1,1,4,0,3,0,0,0,0,0,1,0,0,0,2,0,1,1,0,4,1,0,1,0,3,0,2,1,1,1,0,0,0
0,4,0,3,2,4,1,0,0,0,0,5,0,0,0,2,1,0,0,1,0,0,2,1,1,1,0,0,0,0,3,2,0,0,2,0,0,0,1,0,0,4,2,2,2,0,0,2,0,3,2,0,2,2,3,2,0,1,0,0,0,0,0,0,0,0,0,0,0,2,0,0,1,2,0,1,0,0,0,2,0,2,0,4,3,0,2,0,0,0,0,0,0,2,2,1,0,1,1,5,2,0,0,0,1,1,0,0,0,0,0,2,0,0,0,2,0,0,0,4,0,0,1,0,0,0,76,210,137,1,1,3,4,0,0,2,1,2,2,1,0,1,3,1,0,0,0,0,3,2,3,4,0,84,238,252,251,185,31,1,0,1,1,0,0,0,1,1,2,0,0,0,0,1,0,3,1,2,2,2,20,211,251,241,248,253,239,90,0,0,0,0,1,0,0,0,0,1,0,0,3,1,3,2,0,0,0,0,196,250,226,34,63,211,251,172,2,1,0,0,0,0,0,1,0,4,0,1,1,0,0,1,0,0,1,71,246,250,57,0,1,28,217,251,87,1,2,1,2,0,3,0,0,1,0,0,0,0,0,2,0,0,23,226,253,85,0,4,2,0,152,254,213,5,2,1,1,0,0,3,0,1,1,0,0,0,0,0,2,0,77,254,200,22,2,0,2,0,16,222,213,0,2,0,0,0,0,2,0,1,0,0,0,0,0,0,3,58,246,254,73,2,0,2,0,0,1,157,230,34,0,0,0,0,3,0,0,3,4,1,0,2,0,0,2,106,253,253,20,0,1,0,0,0,0,103,249,63,0,0,0,0,6,2,0,0,0,0,1,0,0,0,1,150,252,141,4,1,2,2,0,0,1,105,254,105,2,1,0,0,3,1,0,0,5,1,1,3,2,0,39,236,249,51,0,0,0,0,0,0,0,110,255,166,0,0,0,0,2,3,0,1,0,0,1,1,2,0,143,255,212,0,0,0,0,0,0,0,0,107,253,132,0,2,2,0,0,0,2,1,2,0,0,0,2,0,169,250,200,0,0,2,0,2,1,0,0,159,255,63,0,3,0,0,0,2,0,0,0,0,0,0,3,12,226,251,106,3,0,0,3,2,2,0,17,222,240,47,0,0,1,2,1,3,1,0,1,3,0,1,0,0,178,253,106,2,2,4,0,0,0,3,153,251,211,1,0,0,0,0,0,0,0,0,0,3,0,0,3,3,173,249,221,12,0,0,0,0,2,48,216,255,135,0,0,3,0,0,0,0,0,2,3,0,1,1,0,3,133,250,254,128,8,0,2,20,120,248,254,173,0,0,1,0,0,0,0,0,0,0,2,2,1,1,1,1,6,161,254,252,180,124,126,236,251,251,133,12,0,0,0,1,1,1,1,0,2,0,0,0,0,0,0,0,1,80,225,249,250,253,255,255,251,92,0,0,0,0,1,0,1,0,0,2,0,3,0,3,0,4,2,1,0,0,22,78,192,218,208,126,42,2,0,0,0,0,0,0,0,2,0,0,1,0,0,0,0,0,2,0,0,0,2,0,2,0,2,0,0,0,0,0,0,0,0,0,0,0,0,0,0,0,0,0,1,0,0,2,0,0,0,2,2,0,1,2,0,0,0,0,0,3,2,2,0,1,0,2,2,0,0,0,3,0,0,1,0,1,0,1,1,1,1,0,0,0,2,0,0,1,0,0,3,0,1,3,0,0,0,0,1,0,3,2,2,0,2,1,0,0,0,0,0,4,0,0,4,0,0,0,0,0,0,2
0,0,1,0,0,0,0,0,0,2,0,1,4,0,0,0,2,0,2,0,3,1,0,0,0,0,1,3,0,0,0,0,1,2,0,1,0,1,1,1,0,0,0,0,0,0,0,0,0,0,2,0,0,4,1,0,0,3,0,0,1,0,0,1,4,0,0,0,0,0,1,0,0,0,0,0,0,0,0,0,1,1,0,0,2,1,4,0,0,0,3,0,0,3,0,0,0,0,1,0,0,0,2,3,2,3,0,0,0,0,1,1,0,0,1,0,0,2,0,1,2,0,0,0,0,0,1,0,1,4,2,0,0,0,1,0,0,0,2,0,0,0,1,0,0,3,0,0,0,0,0,0,1,2,0,1,0,0,0,0,0,0,3,2,0,0,2,1,1,0,0,0,2,0,0,0,4,0,2,74,235,216,97,4,0,0,1,0,0,0,1,0,0,0,0,0,3,0,0,0,1,0,0,0,2,1,3,32,143,226,252,193,38,1,0,0,0,3,0,0,2,0,1,3,0,0,0,1,0,2,1,2,1,1,2,2,0,0,71,239,240,26,2,1,0,0,3,1,2,0,0,0,1,2,1,0,0,1,0,0,0,1,1,1,1,0,0,84,251,70,0,1,1,0,1,0,0,0,0,0,0,2,0,0,3,0,1,0,0,0,0,3,0,0,1,0,211,116,0,0,0,4,0,0,4,2,1,1,0,1,1,2,1,1,0,0,0,25,114,176,160,75,17,41,223,41,1,0,0,2,0,1,1,0,0,1,0,0,0,2,2,1,1,15,101,242,241,222,223,252,231,200,172,0,0,0,0,2,2,0,0,0,2,1,0,1,1,3,0,0,0,79,168,130,31,0,10,74,253,252,184,34,1,0,0,1,0,0,4,3,0,1,0,0,1,0,0,0,57,238,73,0,0,0,0,91,253,219,249,231,55,1,0,0,0,0,0,1,0,2,1,0,0,1,0,0,201,206,12,1,1,0,74,226,204,20,79,220,242,38,1,0,0,2,0,4,0,1,2,2,1,1,0,0,170,109,0,1,1,30,227,217,23,0,0,34,220,215,32,0,0,0,1,1,1,0,0,1,0,0,0,0,53,220,78,0,77,216,204,37,1,0,0,1,34,217,215,11,2,1,0,0,2,1,1,0,0,2,0,0,3,128,254,172,245,223,24,0,0,1,0,0,1,38,241,180,6,0,1,0,0,0,0,3,2,0,0,2,1,12,190,207,102,18,0,2,0,1,0,0,1,0,69,243,209,8,2,0,0,1,1,2,0,0,4,0,2,0,6,5,0,2,3,0,0,0,0,1,0,0,1,41,244,184,4,2,2,2,0,0,0,3,1,0,0,1,2,0,0,1,0,3,0,3,0,1,0,0,2,2,86,253,112,3,2,2,0,0,1,5,3,0,0,0,1,0,0,0,0,0,0,0,0,0,0,2,2,2,2,113,250,83,2,0,0,0,0,0,0,0,0,0,0,0,1,1,0,2,1,0,3,0,2,0,0,0,0,2,196,224,1,0,0,0,0,0,1,0,0,1,0,0,0,0,2,2,1,2,2,0,0,0,0,1,2,3,2,6,0,0,0,3,1,2,4,0,0,2,0,0,0,0,1,2,0,0,0,0,0,2,0,3,0,1,0,0,0,1,0,0,0,1,0,2,1,0,1,5,2,3,0,0,1,0,0,1,0,2,0,1,0,0,0,0,5,0,0,0,0,0,3,0,1,2,0,1,0,0,0,1,2,0,0,1,0,0,2,1,0,0,0,2,0,0
0,0,2,2,0,1,3,0,0,0,0,0,4,1,0,0,0,0,0,1,1,1,2,2,1,0,1,3,2,0,0,3,0,2,1,0,3,0,2,0,0,0,0,0,0,0,0,1,0,0,0,2,1,1,0,1,1,0,0,2,0,0,0,0,0,2,0,3,1,2,0,2,0,1,1,0,0,0,0,2,0,2,0,0,1,0,0,1,0,3,1,0,0,2,1,0,4,2,2,0,0,2,2,1,1,0,3,1,2,2,0,1,0,0,2,0,1,1,0,1,0,1,0,0,0,0,0,0,0,0,0,0,2,0,2,0,0,0,0,0,1,0,3,0,2,0,0,0,1,0,0,1,3,18,125,187,183,80,0,0,1,2,2,2,1,0,0,0,0,0,1,1,1,0,0,0,0,2,0,47,170,254,252,253,255,254,144,1,0,1,2,3,1,0,0,1,0,0,0,2,0,0,0,0,0,0,84,237,253,203,155,173,251,254,251,23,0,1,0,0,0,0,1,1,0,0,0,0,0,0,3,1,0,113,240,231,102,1,1,0,105,237,105,0,1,3,3,3,1,2,3,1,1,1,0,0,1,1,0,0,18,216,245,30,0,1,0,2,0,20,23,0,1,1,0,0,0,1,1,0,0,3,0,3,0,0,0,4,176,255,153,0,0,1,0,2,1,0,13,103,7,0,0,2,0,5,0,1,0,0,0,0,0,0,0,64,253,236,34,0,0,1,5,2,2,34,223,254,81,3,0,1,2,0,0,0,0,0,1,0,0,0,1,183,253,134,0,0,0,0,0,0,6,213,255,255,66,2,1,0,0,3,2,0,4,0,0,0,0,0,0,182,253,114,1,0,0,2,0,33,194,254,255,255,18,1,0,0,2,0,0,0,0,1,0,0,1,0,1,171,253,249,110,39,43,43,157,248,252,253,253,118,2,0,0,0,0,0,3,4,0,0,0,0,2,0,0,20,221,251,253,254,254,252,252,218,168,254,255,77,0,0,0,2,2,2,0,2,0,0,1,2,1,5,1,0,25,186,253,253,192,232,196,32,185,255,253,23,0,0,0,1,0,0,3,1,0,0,0,0,2,0,0,3,0,13,69,78,18,28,4,0,219,255,201,4,1,0,1,0,0,0,1,1,0,2,1,1,2,1,0,0,2,0,0,0,0,0,0,2,228,254,116,0,2,0,0,0,3,1,0,1,1,0,0,1,3,0,0,0,0,0,0,0,0,0,0,11,232,255,135,0,0,0,0,3,0,4,0,0,3,2,2,1,3,3,0,0,0,0,0,1,2,0,0,72,253,255,112,0,0,1,0,1,0,2,0,0,0,0,1,0,0,2,0,0,0,0,4,1,1,1,4,136,255,254,109,2,4,0,5,0,0,2,0,0,1,3,0,2,0,0,0,0,0,0,0,0,0,0,0,132,255,254,110,0,0,0,0,0,0,4,0,0,1,0,0,2,0,3,0,1,1,0,2,0,1,2,2,135,254,255,110,0,2,0,2,0,0,0,2,0,2,0,0,1,0,1,0,0,0,0,0,0,0,0,0,136,255,252,53,0,2,0,0,1,0,0,2,0,0,0,1,2,0,0,0,0,1,1,1,3,0,0,1,0,0,0,0,1,0,0,0,0,0,0,1,2,0,0,0,0,0,4,0,2,1,1,0,2,0,0,1,0,0,0,0,2,0,1,1,1,0,0,0,0,0,0,1,0,1,1,0,2,0,0,0,1,0,5,0,0,0,0,0,1,0,0,0,0,0,0,0,0
3,0,0,0,1,3,4,0,0,0,1,1,1,0,0,1,0,0,1,0,2,0,0,0,0,3,0,0,0,0,2,0,3,0,2,3,2,1,0,2,1,0,0,0,0,1,0,0,0,0,0,2,0,0,1,0,0,0,2,2,0,1,0,0,0,4,0,0,0,0,2,0,0,0,0,0,1,0,0,0,1,0,0,0,0,0,1,0,0,0,0,0,0,0,3,2,0,2,2,3,1,0,2,0,0,1,4,0,1,0,0,0,0,0,0,1,0,2,3,0,0,0,0,1,1,1,3,1,1,0,1,0,2,0,1,0,0,1,1,2,0,1,0,0,3,0,0,0,1,1,93,143,255,252,254,255,197,121,18,2,0,0,0,0,0,0,1,2,0,1,0,0,0,0,2,2,130,240,247,255,251,252,254,255,253,253,167,1,1,0,0,0,0,2,2,0,0,1,0,3,2,1,2,133,244,253,253,236,158,79,75,254,254,253,202,23,0,0,2,0,0,2,1,2,0,0,0,0,0,0,34,234,229,135,41,33,0,0,133,252,217,198,251,54,0,3,0,0,0,2,2,0,4,0,0,1,0,1,212,252,172,1,0,0,4,0,28,254,169,29,219,159,1,1,1,2,0,0,1,2,0,1,0,3,2,26,243,251,174,0,0,0,3,0,2,127,250,72,220,183,0,2,0,0,0,0,1,0,0,1,0,0,0,40,242,254,84,1,2,0,0,3,2,1,147,253,254,185,0,0,0,0,2,7,0,0,1,3,0,0,0,0,226,255,44,0,4,1,2,1,0,1,40,237,254,185,3,0,0,0,0,0,1,1,0,1,1,0,2,1,103,252,117,0,0,0,4,0,0,2,3,227,253,190,2,3,0,2,0,1,2,2,1,1,0,0,0,3,48,236,216,101,0,1,1,0,1,68,182,250,254,249,65,1,0,0,0,0,0,0,0,0,1,0,2,0,1,162,254,254,225,122,122,120,121,255,253,158,0,69,255,83,0,2,0,0,0,0,0,0,0,0,1,2,1,5,53,232,255,250,255,252,253,201,88,9,0,0,138,138,0,0,2,1,0,0,0,2,0,0,0,1,0,0,0,23,123,157,157,151,26,15,2,2,0,0,7,176,131,2,1,0,1,0,0,1,1,1,2,2,2,0,1,2,1,3,2,1,0,0,0,0,2,0,0,176,224,2,1,0,0,0,0,0,0,0,1,2,0,3,0,0,0,2,0,0,2,2,0,0,0,0,3,137,246,80,1,0,1,0,0,0,1,0,0,0,3,2,1,0,0,0,0,0,0,0,0,0,1,0,0,20,206,173,3,0,2,0,1,0,0,0,1,1,1,0,0,1,2,0,6,38,41,173,173,91,2,0,0,132,252,106,0,0,0,0,0,0,0,0,0,0,0,2,1,2,1,0,113,252,253,251,253,52,27,25,124,225,250,95,0,0,0,2,2,2,0,0,4,0,3,1,1,1,3,0,81,237,252,254,252,251,252,253,249,247,144,2,0,1,0,0,0,1,0,2,1,3,0,0,1,0,2,0,0,8,115,118,246,252,252,254,226,38,2,0,0,0,1,1,0,0,2,0,5,0,2,2,4,0,0,3,0,2,0,0,2,0,0,1,0,0,0,2,3,1,1,2,0,2,1,1,0,5,0,0,1,0,1,0,1,3,0,0,1,0,0,2,1,2,0,0,1,0,3,0,0,0,1,0,2,3,2,0,0,0,3,0,0,1,0,0,2,0,1,1,0,3,0,2,0,0,0,0
1,0,1,0,5,1,0,0,0,2,0,0,0,0,0,0,0,2,1,0,0,1,0,1,1,0,1,0,0,0,0,1,0,0,1,2,0,1,0,0,0,1,0,2,4,2,0,0,0,0,0,0,0,1,0,0,3,0,0,2,0,0,0,0,0,0,0,0,0,0,0,1,2,0,2,0,3,0,0,0,1,1,0,4,1,1,2,3,0,1,0,0,5,0,0,0,0,0,0,0,2,3,0,0,0,0,0,0,0,0,1,1,0,0,0,3,1,0,0,3,2,0,0,0,0,0,2,0,0,0,0,1,0,1,3,0,3,0,1,0,2,1,3,0,0,0,0,0,0,0,2,1,0,0,0,1,2,0,0,2,0,0,0,0,0,1,0,1,3,1,0,0,0,0,2,0,0,2,0,1,0,0,0,0,1,1,22,29,0,0,0,0,0,3,0,0,0,0,0,2,2,0,2,0,1,0,0,0,69,76,114,176,100,187,221,238,185,185,182,141,138,184,138,0,0,0,0,0,1,0,1,0,0,0,0,123,254,253,252,252,250,250,193,164,246,249,249,253,254,251,152,0,4,0,0,1,2,4,0,0,1,1,41,255,255,161,100,52,1,0,0,0,1,2,0,84,88,0,0,0,0,2,0,0,2,0,0,0,0,0,44,252,212,24,2,0,0,0,0,2,2,2,0,1,0,0,0,0,0,4,3,1,0,0,0,0,0,0,144,255,39,0,1,1,0,0,0,0,3,0,0,0,0,2,0,0,3,2,0,1,1,2,5,4,0,74,252,202,13,1,0,0,0,1,0,0,0,0,0,0,0,2,2,0,0,2,0,0,0,3,0,0,2,152,240,69,0,0,1,0,2,1,2,2,1,1,0,0,0,0,0,0,0,0,0,0,0,0,0,2,124,251,218,17,14,19,6,0,1,0,2,2,0,1,0,0,1,0,0,3,0,0,1,0,3,2,1,7,196,255,255,254,255,255,223,108,0,0,0,0,1,1,0,0,0,0,0,1,4,0,2,2,1,2,0,76,252,255,255,255,173,164,196,241,0,0,2,0,2,0,0,1,0,0,0,2,1,1,0,3,0,0,0,240,254,189,63,14,2,0,88,242,6,0,0,4,3,0,0,0,3,1,5,0,0,2,2,2,2,0,4,65,115,11,1,0,0,0,87,254,69,0,4,1,0,0,1,0,1,0,0,1,1,0,0,3,0,0,1,0,2,1,0,0,0,1,176,240,1,2,1,1,0,0,1,1,0,2,0,2,2,3,0,0,4,0,0,13,0,0,0,0,0,38,228,236,3,0,3,0,3,1,0,1,0,1,0,1,2,0,0,0,1,0,0,163,48,0,0,2,0,161,254,165,2,0,1,1,1,1,0,0,2,0,0,1,0,0,0,1,4,0,1,212,225,71,0,0,97,240,223,33,0,3,1,2,0,0,0,0,0,1,3,0,2,0,3,0,1,0,0,21,215,250,250,249,253,232,97,0,0,0,1,0,0,0,0,0,0,0,0,1,0,0,0,0,2,3,1,3,55,125,181,183,86,28,0,0,2,0,0,3,0,0,0,1,3,0,0,0,0,0,2,2,1,1,0,0,0,0,4,0,0,0,3,3,2,1,1,0,2,0,1,0,0,0,2,0,3,1,0,3,0,0,3,2,0,0,1,0,0,0,0,1,2,2,0,0,1,3,0,0,1,0,0,0,0,4,0,1,0,1,0,0,0,1,0,0,0,0,0,2,0,0,0,0,0,1,0,1,0,0,1,1
1,2,0,2,1,4,0,3,0,1,2,0,2,0,3,0,0,0,1,0,2,0,0,2,0,2,1,0,1,1,0,0,0,2,0,0,0,0,0,0,2,0,0,0,0,0,0,0,1,0,0,0,4,2,1,0,2,0,1,0,1,2,1,0,1,0,2,2,2,1,0,2,1,0,0,0,0,1,5,4,2,2,2,0,0,0,0,0,0,2,0,0,0,2,1,0,3,2,0,0,1,1,0,0,0,0,1,2,1,0,0,0,1,0,0,3,0,0,0,0,0,4,2,0,112,255,170,0,0,0,0,3,0,0,1,3,0,0,0,3,0,0,2,0,0,0,0,0,0,2,1,29,225,223,28,0,2,0,0,1,0,3,1,0,0,0,0,1,0,0,0,2,0,0,1,0,4,0,1,200,255,116,58,86,85,87,87,85,32,1,1,0,0,0,0,2,0,1,0,1,1,0,3,0,0,1,85,255,255,255,254,253,255,255,253,255,140,4,4,3,0,1,0,1,2,1,1,0,0,0,3,0,0,2,201,253,255,197,138,85,83,87,59,31,0,0,1,2,0,0,3,0,0,0,1,2,0,0,0,2,2,26,255,170,1,0,0,2,2,0,1,0,2,0,5,1,3,0,2,0,1,0,1,2,0,0,0,0,0,85,255,112,0,0,1,1,1,0,2,0,1,3,0,2,0,0,1,0,0,0,2,0,0,1,0,0,0,87,255,226,56,1,0,0,0,1,0,0,4,0,0,0,1,0,1,0,0,1,1,0,0,0,0,0,0,0,170,255,254,255,140,31,0,0,0,0,2,0,1,0,0,0,3,1,0,0,0,2,0,1,4,0,0,0,0,53,167,255,255,255,140,1,1,0,0,1,2,0,0,0,0,1,4,0,0,2,0,1,0,0,0,0,0,0,0,0,88,201,254,198,27,0,1,2,2,0,2,0,2,3,0,0,1,0,0,1,0,0,0,0,1,2,0,0,0,0,171,255,140,0,0,0,2,0,0,1,0,0,0,0,1,2,4,0,0,1,0,0,2,0,2,1,0,1,0,170,255,57,0,0,1,3,3,2,1,0,0,3,0,2,0,1,3,30,170,115,3,0,1,1,0,2,2,54,255,168,2,0,1,0,1,1,0,0,0,0,1,1,0,2,1,113,196,29,0,0,1,0,1,2,0,4,225,170,1,0,0,1,0,3,0,2,1,2,0,0,2,4,0,141,194,4,2,0,0,0,0,0,0,2,169,253,0,3,4,1,0,0,0,0,0,0,0,1,0,2,0,90,254,142,0,0,1,0,1,2,0,32,255,198,0,0,0,0,0,0,4,2,0,1,1,0,3,0,1,2,169,253,169,58,0,0,0,0,28,198,255,113,0,0,2,0,0,0,2,1,3,2,0,1,0,1,0,1,2,115,226,254,171,168,169,197,255,255,142,1,1,2,0,0,1,0,2,1,0,0,0,0,0,0,0,4,2,0,31,140,168,255,254,255,171,57,0,0,0,1,1,1,0,2,0,0,0,0,0,0,2,3,0,2,2,0,4,0,0,0,2,2,0,0,0,2,0,1,0,2,0,2,0,0,0,0,1,0,0,3,0,0,1,4,0,3,0,3,0,3,1,3,2,1,2,0,1,1,1,3,0,0,0,1,0,2,0,0,2,0,2,1,2,0,0,1,2,2,1,0,0,2,0,2,0,0,0,0,0,0,2,0,0,0,0,0,0,2,0,1,1,0,0,1,0,0,1,0,0,2,0,1,2,0,0,1,2,2
0,1,0,0,0,0,1,0,0,0,2,1,0,0,0,0,2,0,2,1,1,2,0,2,0,1,3,2,0,2,0,1,0,0,0,3,2,0,1,2,1,5,0,0,0,0,0,0,2,4,1,0,1,2,2,0,1,0,0,2,0,0,2,3,0,0,0,0,0,0,1,0,4,0,1,1,0,0,1,1,0,0,0,0,1,0,0,0,2,1,0,1,0,1,0,0,0,0,0,3,2,0,0,0,2,0,0,0,0,0,0,0,0,0,0,0,0,0,0,1,0,1,1,0,0,6,190,32,1,0,0,2,1,0,2,0,1,0,6,1,0,0,1,2,0,1,1,0,2,0,1,1,0,85,252,51,0,0,0,1,0,0,3,2,0,1,0,0,0,1,3,0,0,0,0,0,0,0,5,0,0,94,253,109,0,0,1,5,0,0,1,1,0,0,3,0,2,3,0,0,2,1,0,0,0,0,0,2,2,116,253,153,1,1,0,0,1,0,0,2,0,0,1,3,0,0,0,0,3,1,0,0,0,1,0,0,0,113,253,156,0,0,0,3,1,0,0,0,0,0,0,6,0,1,0,0,2,3,4,0,0,0,0,0,1,35,253,155,0,1,1,0,0,0,0,0,2,0,0,2,2,0,2,4,0,0,1,1,1,0,0,0,0,4,255,155,0,0,0,0,0,0,0,1,0,0,0,0,0,1,2,0,1,0,0,1,1,0,0,0,0,7,253,218,1,0,0,0,0,0,2,2,3,2,0,0,0,1,3,2,2,3,0,1,0,0,0,0,0,3,175,254,88,0,0,0,0,1,2,0,0,1,2,0,1,0,1,2,1,0,0,0,0,0,1,0,0,0,155,255,109,0,0,0,0,0,1,0,1,1,0,0,1,1,1,2,3,0,0,0,0,0,2,0,1,0,154,253,110,0,0,0,0,0,0,0,0,1,0,0,0,0,0,0,0,2,0,0,1,0,1,0,0,3,213,250,112,1,1,2,0,3,1,0,0,0,0,1,1,0,0,1,0,2,0,3,0,0,1,0,1,6,255,253,109,0,0,0,1,2,0,0,0,0,0,0,1,1,0,0,0,3,0,0,0,0,0,1,2,4,254,252,108,1,0,0,2,0,0,0,1,0,0,0,2,0,1,0,3,0,2,0,0,2,2,0,4,7,255,253,35,0,1,0,0,0,3,4,0,0,4,0,0,0,0,0,0,0,0,0,0,0,0,1,3,6,254,253,46,1,0,0,0,0,0,0,4,0,0,0,0,0,4,2,0,3,0,1,2,0,1,3,3,4,254,255,3,0,3,1,0,0,2,0,0,0,0,1,2,0,0,0,0,0,0,1,0,0,1,0,1,5,254,252,5,0,3,0,0,1,2,1,3,1,0,0,0,1,0,2,0,4,0,0,1,0,0,2,0,7,255,194,2,0,0,1,0,2,2,1,0,1,4,0,1,0,1,1,0,0,0,2,5,0,2,3,0,49,251,111,1,2,1,0,0,0,0,0,0,0,1,1,3,1,1,0,0,0,0,0,0,1,0,0,2,0,0,1,0,0,0,5,2,0,0,1,1,0,0,1,1,1,0,0,1,0,0,0,0,3,0,1,0,0,0,0,1,2,3,0,0,3,0,0,0,1,2,1,0,0,0,0,0,0,0,0,0,0,0,0,0,0,0,0,2,0,3,0,0,0,0,0,0,1,2,1,2,1,0,2,0,1,1,0,0,1,0,0,2,0,1,0,1,1,0,1,0,0,0,0,1,1,0,0
0,1,1,0,3,1,0,1,0,2,0,2,1,0,0,1,2,2,2,1,0,0,0,0,0,0,3,0,0,1,0,0,2,0,2,0,2,0,0,1,3,2,2,1,0,0,0,0,0,2,2,0,0,3,0,3,0,0,0,1,1,0,0,0,0,1,0,0,0,2,0,0,0,1,2,1,0,0,0,0,0,0,3,0,0,0,1,2,0,0,0,0,1,3,1,0,1,0,0,0,5,0,2,0,0,0,1,0,1,0,0,2,0,2,2,0,0,1,1,1,1,0,0,0,0,0,0,0,1,2,36,133,128,132,238,142,8,0,0,0,0,0,0,1,0,2,0,0,1,2,0,0,0,2,0,0,83,163,253,250,249,250,252,251,10,2,1,1,0,0,1,0,0,0,0,2,0,0,0,3,0,0,2,28,211,251,250,253,253,253,222,160,5,1,3,0,0,2,0,1,0,0,1,1,0,0,1,0,43,27,2,212,252,251,253,218,171,84,10,0,1,0,0,5,0,1,0,0,0,0,3,0,1,0,20,102,244,222,95,198,253,199,72,24,2,3,0,0,0,0,0,2,2,2,0,0,0,0,0,0,2,80,209,255,252,222,36,2,61,20,3,0,2,1,1,1,4,2,0,0,3,0,0,1,0,1,0,15,110,240,254,253,222,97,0,0,1,3,4,4,0,2,0,0,0,1,0,0,1,0,0,1,1,0,2,34,251,250,253,219,36,0,0,0,0,0,0,0,2,0,0,2,0,0,2,0,0,3,0,0,2,2,12,187,251,252,254,201,111,62,0,0,0,2,0,1,0,1,0,0,0,1,0,0,1,0,2,0,0,1,84,251,251,247,252,251,254,244,243,117,48,0,2,0,1,1,0,0,4,0,2,0,0,1,2,1,1,0,12,196,247,248,254,252,253,251,254,255,253,161,12,2,0,2,0,0,3,1,0,2,0,3,1,2,2,0,0,17,36,51,83,107,154,250,254,253,251,252,206,0,0,0,0,0,0,1,0,0,0,3,0,0,0,0,4,0,0,0,0,0,1,86,154,251,255,250,204,0,0,0,2,0,0,1,0,3,2,1,0,2,0,2,0,1,2,0,1,1,0,1,0,173,252,254,204,0,0,2,0,0,0,0,0,0,0,0,0,0,0,0,0,0,0,0,5,1,1,1,58,220,255,255,204,0,2,0,0,0,2,0,1,3,4,0,2,1,0,1,2,1,0,0,0,2,28,125,251,254,251,242,90,0,0,0,0,0,0,0,0,3,2,0,2,0,0,4,85,32,0,2,64,85,202,250,254,255,245,87,1,0,2,0,1,2,3,0,2,0,0,0,0,0,1,7,214,230,215,217,243,254,252,251,251,205,83,0,0,1,0,1,0,0,1,1,0,0,2,0,0,2,0,1,96,252,253,253,249,252,254,255,200,8,0,0,0,3,1,2,2,0,0,2,2,2,0,0,1,0,2,2,1,30,132,217,252,210,129,78,6,1,0,1,1,0,1,1,0,0,0,0,1,2,1,3,0,0,1,0,3,0,2,0,0,1,0,0,0,0,0,0,0,0,0,3,0,0,2,0,0,2,1,0,0,0,0,0,2,0,0,0,1,0,2,1,2,0,1,0,0,0,0,0,0,0,0,1,2,0,0,3,1,0,3,0,0,0,0,0,0,1,0,0,0,1,0,0,0,0,0,0,0,0,0,1,2,2,0,0,0,1,2,1,1,0,1,0,2,1,0,0,1,0,0,0,1,0,0,0,0,1,0,1,1,0
3,0,0,2,2,0,0,4,0,1,0,0,0,1,0,2,2,0,0,0,0,0,0,1,0,0,1,1,2,1,0,0,0,3,0,0,1,12,225,182,0,0,1,2,0,2,0,0,1,1,1,0,1,4,3,2,0,1,1,0,4,0,0,6,0,21,255,225,2,0,0,1,0,2,0,0,2,2,0,2,0,0,0,0,0,1,0,0,2,1,6,0,1,24,253,227,0,0,0,1,0,1,2,2,0,1,1,1,0,0,0,0,0,1,2,1,0,3,0,2,1,108,255,134,0,1,0,0,0,0,0,0,0,0,2,2,1,0,0,0,0,0,0,2,0,1,2,1,1,188,254,57,1,0,1,0,0,0,2,1,0,0,0,2,0,1,3,2,0,1,0,0,0,0,3,3,35,239,254,20,0,2,3,0,0,0,0,1,0,0,0,3,1,3,0,0,0,1,2,1,6,0,0,1,65,251,253,24,1,0,4,1,2,0,0,0,0,0,1,4,1,0,3,2,1,0,0,0,0,3,5,1,66,253,253,22,0,3,0,3,0,0,2,1,0,1,0,0,0,0,2,1,0,0,0,2,0,1,0,0,65,253,253,22,0,1,0,0,0,2,0,0,0,1,0,1,0,0,0,0,2,0,0,1,0,0,2,0,67,255,253,25,1,0,0,0,0,0,0,1,0,0,0,1,2,0,1,0,1,0,0,1,0,0,0,3,67,254,255,25,0,0,3,0,1,2,1,0,2,0,2,1,1,0,0,0,0,2,0,1,5,5,1,0,67,255,235,16,2,0,0,0,1,0,0,1,0,0,1,0,0,2,2,1,0,2,0,0,1,2,0,1,68,251,176,2,0,0,2,1,0,9,67,217,215,144,20,0,0,0,0,0,0,1,0,1,1,1,1,0,68,250,229,19,0,1,0,0,30,223,255,255,254,255,246,39,0,0,0,1,0,1,0,2,3,3,2,1,60,251,255,28,0,0,5,49,236,253,190,128,42,190,252,59,3,0,1,0,0,0,0,0,3,0,4,0,0,221,251,55,0,2,0,123,253,239,27,0,47,232,218,0,1,0,0,1,1,0,2,2,2,0,0,0,3,165,251,233,35,1,0,206,254,51,3,61,196,241,72,0,0,0,0,0,0,1,1,0,1,0,0,0,0,38,225,255,173,94,92,251,251,119,194,252,249,73,1,0,1,0,6,0,0,2,0,0,0,0,1,0,0,0,38,223,252,255,253,254,251,255,250,183,59,2,0,4,0,1,2,0,2,0,0,0,0,0,0,0,0,2,0,40,151,153,232,215,255,229,148,3,2,3,0,0,2,0,0,0,0,1,0,0,0,1,0,0,0,1,2,1,0,1,3,0,2,0,0,0,0,0,0,0,0,2,0,1,3,0,0,0,0,0,0,0,0,1,0,1,0,1,0,1,0,0,3,1,0,0,0,0,4,1,1,3,0,0,0,0,0,3,1,2,0,4,3,2,0,0,1,2,3,0,1,0,0,2,1,0,1,2,0,4,0,0,0,0,0,0,0,0,0,0,0,1,0,0,0,0,2,1,2,3,0,0,0,0,0,0,0,0,0,0,0,1,1,2,0,2,3,0,2,3,0,1,0,0,0,3,0,2,0,3,0,1,0,0,1,3,0,0,0,2,1,0,2,5,0,0,0,2,1,1,0,0,2,1,0,0,0,0,0,0,2,0,0,2,0,0,1,0,0,0,0,0,2,1,0,4,0,0,0,0,0,0,2,1,1,4,1,1,0,0,0,1
0,1,0,1,0,1,2,0,1,2,1,1,1,0,0,3,1,1,0,0,0,0,0,0,1,0,2,2,0,0,0,0,0,2,0,3,0,1,2,3,4,0,5,2,0,0,0,0,2,0,0,0,0,1,3,1,0,0,0,1,0,0,0,1,2,5,0,0,0,0,2,1,0,1,0,1,2,0,0,1,0,0,0,1,2,3,0,2,1,0,0,0,0,0,0,0,4,0,0,1,0,2,2,0,1,0,0,0,0,0,0,0,1,0,1,0,4,0,0,0,1,0,4,0,0,47,130,0,1,0,0,2,0,0,1,0,0,0,0,2,0,1,0,0,0,0,0,0,1,0,1,2,2,54,254,182,20,0,1,3,2,5,0,1,1,0,0,0,1,2,3,0,0,0,0,0,0,1,1,53,193,254,252,230,231,168,9,1,0,0,0,0,0,0,2,0,3,0,1,3,0,0,0,4,0,0,41,235,253,253,253,254,249,252,130,1,0,1,0,0,4,2,0,0,0,3,0,1,3,0,0,0,1,0,203,255,255,141,181,77,39,234,254,81,0,2,0,0,1,0,0,0,0,0,0,1,4,0,2,2,0,41,242,255,213,0,1,2,2,67,252,245,37,2,0,1,0,2,0,1,0,1,0,0,0,0,0,2,2,112,254,242,39,0,0,0,3,0,41,252,133,2,0,0,2,0,1,2,0,0,0,5,0,0,0,0,0,151,253,122,3,3,2,2,0,1,0,253,172,0,2,2,0,0,1,0,1,1,0,1,0,0,0,0,0,151,252,103,0,0,0,4,0,0,3,253,254,65,0,0,1,0,0,0,1,1,0,2,0,0,0,1,0,234,252,60,0,1,0,0,0,3,5,255,251,20,0,4,1,2,0,1,1,0,1,0,0,0,0,3,100,251,214,1,0,1,0,0,0,1,2,253,255,0,0,0,1,1,0,0,1,2,0,2,1,0,0,0,104,255,250,1,2,0,0,0,0,1,0,251,252,0,1,0,1,1,0,0,0,0,1,0,0,0,2,0,41,254,251,0,2,0,0,2,1,2,20,255,253,2,0,0,1,0,0,0,0,1,0,2,2,0,2,0,44,252,250,2,0,1,0,0,2,0,145,253,213,0,1,0,0,0,2,3,0,0,1,0,1,2,0,0,0,255,255,19,0,0,1,0,0,49,252,254,91,0,0,1,0,0,1,0,0,3,2,0,1,2,0,1,0,171,251,140,0,0,0,0,39,172,252,255,47,0,1,0,0,1,1,0,0,1,1,2,0,0,0,0,0,1,139,236,154,21,0,10,133,254,252,42,2,1,0,0,0,0,0,0,0,0,0,0,1,0,0,0,2,0,60,252,252,223,204,214,251,252,213,0,0,2,0,0,5,0,0,2,0,1,0,4,1,0,3,0,1,0,1,19,100,255,254,255,253,222,120,0,2,1,0,0,1,1,0,0,0,0,0,4,0,0,2,0,1,0,0,2,1,70,192,192,110,17,0,0,2,0,1,0,0,0,0,3,0,1,2,0,1,0,3,2,2,0,2,0,1,2,0,1,0,0,0,2,0,1,0,3,0,1,2,1,0,0,2,0,0,0,0,3,0,0,0,0,1,0,0,0,0,0,0,0,0,0,1,0,2,1,1,0,0,1,3,0,0,1,0,0,0,1,0,0,2,0,2,0,0,0,0,0,0,0,0,0,0,0,3,3,0,3,0,2,0,2,1,1,2,0,0,4,0,1,1,0,2,0,0,0,0,0,2,0,1,0,0,0
1,0,2,3,0,0,0,0,1,0,0,0,0,0,0,2,1,2,2,3,0,0,0,0,0,0,0,0,0,0,0,0,0,0,0,0,0,1,1,1,3,2,1,0,0,3,0,0,0,0,0,0,1,0,0,3,3,2,0,1,0,2,1,0,0,2,0,0,1,0,0,0,1,0,0,0,1,1,0,0,0,0,1,0,1,0,0,0,1,0,2,2,0,1,6,3,0,1,0,0,0,2,1,0,0,0,2,2,0,2,0,1,3,0,0,0,0,16,78,77,143,165,167,196,153,39,2,1,0,0,0,2,0,1,1,0,3,0,0,0,0,0,0,1,3,217,255,251,253,253,255,255,254,252,138,0,0,1,1,0,0,0,0,0,0,0,2,1,1,1,0,0,0,213,253,255,254,253,255,227,205,247,162,0,1,2,3,0,0,3,0,0,0,1,0,1,0,3,0,1,0,18,115,92,38,41,40,17,8,220,247,32,0,0,3,0,3,2,0,0,0,0,0,1,0,0,2,0,3,1,1,0,0,0,1,0,119,255,255,152,6,0,1,0,0,2,0,2,1,0,1,1,0,3,0,3,0,1,0,0,0,0,1,0,132,255,254,252,185,9,3,0,1,0,0,1,0,3,0,0,0,0,0,0,0,0,0,1,0,2,0,2,14,132,254,253,255,210,37,2,3,0,4,2,0,0,2,3,4,0,0,3,1,0,1,0,0,0,0,0,0,0,4,38,176,250,235,47,2,3,0,3,0,0,0,3,1,1,0,0,0,0,1,1,0,3,2,3,0,2,0,2,5,175,255,207,1,0,0,2,0,0,0,0,1,1,0,0,0,0,3,0,2,0,0,1,1,2,3,3,0,33,227,236,25,0,0,1,0,0,0,0,0,1,1,0,0,0,0,2,1,0,0,0,1,0,0,0,3,0,103,255,88,0,1,0,0,0,0,0,0,1,0,2,1,1,0,0,2,0,0,0,0,0,0,0,0,3,57,255,143,0,0,3,0,0,0,1,0,0,1,0,0,1,1,1,0,0,0,0,0,0,0,0,0,1,53,255,230,1,0,2,0,2,2,1,2,2,4,0,0,1,2,0,0,0,1,2,0,0,1,0,0,1,54,255,198,3,1,0,0,0,1,0,0,0,1,0,2,2,1,1,3,26,2,2,2,0,1,0,0,0,111,253,135,3,0,0,0,0,0,1,1,0,1,1,0,0,0,0,60,245,177,58,6,2,0,0,0,38,238,254,91,1,0,1,0,0,0,1,1,1,0,0,2,0,1,0,53,254,255,251,223,207,132,97,131,193,254,234,24,1,0,0,0,2,1,0,0,0,0,0,0,0,0,2,2,177,254,255,254,255,255,255,253,253,251,126,0,0,0,0,1,0,0,0,0,2,2,0,1,0,0,0,0,23,209,244,254,255,254,253,252,253,164,0,0,0,0,0,4,4,1,4,1,0,1,2,0,0,0,0,0,0,0,44,92,165,167,197,252,174,34,0,2,0,0,0,3,1,0,0,2,1,1,0,0,1,3,1,1,0,0,0,0,3,1,2,0,0,0,0,3,6,0,0,2,1,0,0,0,0,0,4,1,1,2,0,0,3,3,1,0,1,0,2,2,1,0,4,0,0,0,2,2,1,2,0,0,0,0,1,0,0,0,0,0,1,0,0,0,0,1,1,1,0,0,3,1,0,0,0,0,0,0,0,0,1,3,0,0,1,1,1,0,1,2,0,0,0,4,0,2,1,3,0,0,0,2,0,0,0,3,0
2,1,3,0,0,1,1,0,0,0,0,2,0,0,0,4,1,3,5,3,2,0,3,1,2,0,0,0,0,0,2,1,1,0,0,0,4,0,0,0,3,0,2,2,0,0,4,2,0,0,0,4,1,0,1,0,0,3,0,3,2,0,1,0,0,0,0,0,0,0,0,0,1,0,2,0,0,0,2,0,0,0,2,2,2,1,0,0,1,0,1,0,1,1,0,0,0,0,0,3,2,2,0,1,0,0,0,0,1,2,4,0,3,0,0,0,0,2,0,0,0,2,0,0,0,0,0,0,0,3,3,0,1,0,0,0,0,1,0,3,0,0,1,0,0,0,1,0,0,0,3,0,3,0,15,164,196,0,1,1,0,0,3,1,3,0,0,2,1,2,3,0,0,0,0,0,0,1,0,2,5,2,103,252,142,1,0,1,1,2,0,0,3,0,0,0,3,1,0,2,3,1,0,0,3,2,0,1,0,0,120,231,21,0,2,0,0,0,0,0,0,0,4,0,0,0,0,0,0,1,1,0,1,2,1,1,0,49,236,253,49,0,3,0,0,3,0,3,2,0,0,0,0,2,1,0,0,0,1,3,0,0,2,0,56,217,250,255,51,1,0,0,2,0,0,0,1,0,0,0,0,0,0,0,0,0,2,1,1,1,3,70,240,245,143,255,51,0,0,0,3,3,0,0,0,3,0,0,0,1,2,0,0,0,3,2,1,0,34,233,226,49,42,252,53,0,0,1,0,4,0,2,0,0,3,0,4,0,0,0,0,0,0,3,0,52,232,210,24,0,43,252,126,0,0,0,0,0,0,0,0,5,0,0,1,0,0,0,1,3,0,0,13,225,210,25,0,0,16,229,134,0,0,1,1,0,0,1,0,0,0,1,0,1,0,4,0,1,0,0,154,245,31,3,0,1,2,207,211,3,0,0,2,0,2,0,3,3,0,0,3,0,2,0,0,0,0,0,238,203,36,38,40,42,50,230,228,6,0,4,0,1,3,0,0,0,0,0,1,0,1,0,0,0,4,2,225,254,255,255,253,253,254,253,255,217,208,166,0,1,0,0,0,0,0,0,0,3,2,1,0,0,0,0,32,128,88,55,55,53,112,252,200,135,136,100,1,1,0,0,0,4,1,3,0,0,2,1,0,2,3,0,2,0,0,4,0,1,43,251,138,0,2,1,0,0,3,0,3,0,2,0,1,0,2,1,5,0,0,0,2,0,0,0,0,1,41,253,136,0,0,0,0,2,3,1,0,0,0,0,2,0,0,2,1,0,1,0,3,0,0,1,0,2,39,254,137,0,0,3,0,0,0,1,0,0,0,0,1,3,0,2,0,0,1,0,2,0,0,0,1,0,42,254,138,0,0,1,0,2,0,0,1,2,1,2,1,0,0,2,0,0,1,2,0,1,0,0,1,0,41,255,139,0,0,3,0,2,0,3,2,0,0,3,0,0,0,0,1,0,0,1,0,1,2,1,0,0,40,254,75,2,0,0,0,0,0,0,0,1,0,2,1,0,3,0,0,0,0,0,0,0,0,0,1,1,27,227,40,1,1,0,1,0,0,3,0,2,1,1,3,1,2,2,4,0,0,0,2,0,2,0,1,0,0,3,3,0,0,1,5,0,0,0,2,0,0,0,0,1,2,0,0,1,0,0,1,0,0,0,1,3,0,1,0,0,0,1,0,0,0,0,1,1,0,1,3,0,0,0,0,1,0,0,0,0,2,0,1,0,2,1,3,0,0,0,2,0,2,0,2,0,0,2
1,1,1,1,0,0,0,0,1,1,2,0,0,1,0,0,0,0,0,0,1,0,0,0,0,0,0,2,0,0,0,2,0,1,0,0,1,2,3,0,0,0,0,0,0,0,1,0,1,0,3,0,1,0,0,0,0,0,4,1,2,0,3,0,0,0,2,0,2,2,2,0,0,0,0,0,1,0,1,0,0,0,0,0,0,2,0,0,1,0,2,3,1,0,0,0,0,0,0,0,0,1,0,0,1,1,0,1,0,0,0,0,2,0,1,1,0,2,1,1,0,13,232,204,0,2,0,1,0,0,2,0,1,2,1,0,0,0,1,0,0,1,3,0,0,0,0,0,3,81,250,201,4,1,2,0,0,0,1,0,2,2,0,1,0,0,3,0,0,0,2,1,1,0,1,0,0,178,252,203,0,0,0,0,0,0,0,2,0,0,0,1,3,0,1,0,1,0,0,1,0,0,0,4,1,191,254,207,1,2,3,0,1,0,0,3,3,0,0,0,0,4,0,0,0,0,1,0,0,2,0,0,36,238,251,209,1,0,0,2,7,82,170,183,27,4,0,2,1,2,0,2,0,0,2,1,3,1,0,1,47,252,253,203,0,0,0,0,23,253,252,254,130,0,0,0,3,1,1,0,2,0,0,0,0,0,3,0,152,251,255,205,0,0,0,17,201,253,252,236,84,0,2,0,0,0,0,2,0,2,3,1,1,3,0,0,153,253,254,158,0,1,0,92,252,252,181,117,19,2,0,0,2,3,1,1,2,5,0,2,0,2,0,0,58,254,254,202,3,1,0,149,254,254,57,11,1,0,0,2,2,2,0,2,0,0,0,0,0,5,0,1,34,238,255,216,13,0,31,236,255,240,40,2,0,1,0,1,2,0,0,3,0,0,1,0,0,5,0,0,0,189,253,254,174,9,138,254,252,194,3,0,2,0,0,0,1,0,3,4,1,2,3,2,0,0,1,0,0,45,233,253,254,135,212,253,252,202,9,0,2,4,1,0,0,2,1,0,0,0,3,3,0,0,0,0,0,3,95,255,255,255,253,255,253,190,16,5,0,0,0,1,0,0,1,0,0,3,0,1,0,0,0,0,1,0,3,114,191,253,253,253,236,17,3,0,0,3,0,0,0,0,0,0,0,0,0,2,0,0,0,3,0,0,0,0,4,131,250,255,171,0,0,0,1,0,0,0,0,0,0,2,0,1,0,0,0,0,0,3,0,0,0,0,1,52,255,253,125,0,0,1,1,1,2,0,0,0,0,2,0,0,0,3,0,1,0,3,0,0,0,0,0,17,254,255,216,0,0,0,0,1,0,2,0,0,2,0,0,1,1,0,1,0,3,0,0,1,0,2,0,9,205,254,243,117,34,33,24,0,0,0,1,1,5,2,0,0,2,0,1,1,0,0,2,0,1,0,0,0,134,255,252,252,251,255,237,29,0,1,0,0,1,0,0,0,0,0,0,0,1,0,0,2,2,0,1,1,9,119,253,251,252,252,152,8,0,0,1,0,0,0,0,0,0,1,0,2,0,0,2,1,1,1,1,2,0,2,0,0,0,0,0,2,0,0,0,2,0,1,2,1,0,1,1,2,1,0,0,3,0,1,1,3,0,0,4,0,3,4,0,4,0,0,1,0,1,0,1,0,0,0,0,0,2,0,0,0,0,1,0,0,0,1,0,2,0,1,1,0,3,0,0,0,0,2,0,0,0,0,0,0,2,0,0,0,0,2,0,2,0,0,0,1,2,0,0,2,0,4,0,0,0,2
0,0,1,1,1,0,1,0,0,0,0,0,2,0,0,2,2,0,2,0,1,0,0,1,0,0,0,1,0,0,3,1,0,1,0,0,0,0,0,0,0,0,0,0,0,0,4,2,1,3,2,3,1,1,0,0,1,0,0,1,0,0,0,0,0,0,1,0,0,0,1,3,0,0,14,145,174,154,1,3,2,2,0,0,0,0,0,1,1,0,1,0,0,0,1,2,1,0,0,0,0,17,190,255,253,117,0,3,0,0,0,3,0,0,0,0,0,1,1,0,0,0,0,2,0,0,0,0,61,195,251,191,67,4,0,0,2,1,2,1,1,0,4,1,0,0,0,0,0,0,0,0,0,4,0,75,207,246,167,4,2,0,0,4,0,0,0,3,1,2,1,1,0,0,3,2,0,0,1,0,0,0,78,241,213,86,1,3,1,0,0,0,0,2,2,0,5,0,0,0,1,0,0,2,0,3,0,0,0,70,243,207,63,1,0,0,1,1,0,0,2,2,2,0,0,0,0,1,2,0,0,0,0,2,0,0,74,249,242,43,0,0,1,0,0,1,4,0,0,3,2,2,0,4,1,1,0,0,1,1,0,0,0,76,243,251,90,0,0,2,2,1,0,2,1,0,1,0,1,0,2,1,0,0,0,0,0,0,1,0,117,246,250,84,0,0,0,2,0,0,1,0,1,3,0,0,2,0,0,0,1,0,1,0,1,1,0,16,233,243,86,0,0,2,4,0,0,1,3,1,0,0,0,0,0,0,0,0,1,1,1,0,4,0,16,192,253,119,3,0,0,2,0,1,0,0,0,3,3,1,1,2,1,0,0,0,0,0,0,0,3,12,112,255,176,3,1,1,0,0,0,0,16,23,23,1,0,0,0,0,2,1,0,1,1,0,2,0,0,111,252,255,26,0,3,0,0,93,162,165,236,255,254,182,102,0,0,0,0,1,0,0,1,1,3,1,0,201,255,255,24,20,137,206,207,247,202,223,255,254,252,255,224,0,4,0,0,0,0,1,0,0,0,1,9,227,255,254,92,214,144,111,10,8,7,11,12,190,255,255,224,0,0,1,1,1,0,2,0,0,0,0,75,255,254,255,59,2,0,2,1,1,0,1,4,137,252,255,194,0,0,0,0,1,0,0,0,0,0,0,75,252,254,252,163,1,0,1,0,0,0,0,86,234,255,210,23,1,0,2,0,0,1,1,0,1,0,0,2,209,254,252,255,183,141,44,34,36,137,215,255,254,196,65,1,2,0,0,0,0,0,0,0,0,0,3,0,84,223,255,255,255,255,253,255,252,253,239,182,73,0,0,1,0,0,0,1,0,4,0,3,1,2,0,0,0,40,147,244,252,213,240,148,60,83,29,0,3,0,1,0,0,3,1,1,0,0,0,5,1,0,4,0,0,0,0,1,0,0,1,2,1,0,3,2,0,0,3,0,0,1,0,0,0,1,0,0,0,0,2,0,0,1,0,3,0,0,0,2,2,1,0,2,1,1,2,2,0,0,0,0,0,1,1,0,0,0,0,0,0,0,0,0,3,0,0,3,0,0,0,1,0,0,0,5,2,1,2,0,0,0,1,0,1,0,4,0,0,0,3,1,1,0,0,0,2,0,0,0,0,2,1,0,0,4,0,0,1,0,0,0,0,0,2,0,1,0,0,0,0,0,0,0,3,0,0,1,1,0,0,0,1,0,1,0,0,1,0,2,0,0,0,0,1,0,0,2,1,0,1,0,0,2,4,2,0,0,0,2,0,2,0,0,0
0,2,2,1,0,1,2,0,0,0,0,1,0,0,0,0,0,2,1,2,0,2,1,3,2,0,2,0,0,0,4,1,3,0,0,3,0,1,0,0,0,0,0,0,0,0,0,2,0,0,2,1,0,2,1,1,0,0,0,1,0,2,0,2,4,0,0,0,1,0,0,0,1,0,0,2,2,0,0,0,2,0,1,1,0,2,0,2,0,2,2,0,3,2,0,0,0,3,0,0,0,0,0,1,0,0,1,0,0,2,0,0,0,0,3,5,1,2,1,0,0,0,2,0,0,0,0,0,2,0,0,1,0,0,0,0,0,1,0,0,0,0,0,0,1,0,0,0,1,0,164,141,124,125,23,64,65,87,124,141,173,136,250,174,3,0,1,0,1,3,0,4,0,1,0,1,1,48,240,254,251,251,250,252,251,255,251,252,255,250,253,253,112,1,0,0,0,2,0,0,0,0,1,0,0,164,252,254,255,252,253,254,251,252,252,254,253,254,253,249,184,0,0,0,0,3,0,1,0,0,0,2,1,236,255,253,254,253,255,201,255,251,233,149,150,149,137,19,7,3,4,0,0,0,0,3,0,1,0,2,0,236,254,249,177,26,22,14,25,25,20,0,0,1,0,0,3,0,1,0,0,3,3,0,2,0,1,0,98,251,253,252,55,4,0,0,2,0,0,0,0,0,1,0,0,1,0,0,0,0,0,0,1,0,1,0,153,253,255,250,37,2,1,0,2,0,0,2,1,0,0,0,2,0,0,0,0,0,0,2,0,2,0,0,239,254,254,250,171,57,0,0,0,0,0,1,1,1,0,3,0,2,1,0,0,2,0,0,1,0,1,0,106,247,254,252,254,237,167,20,1,0,0,0,2,0,0,0,2,0,0,3,0,2,2,0,1,0,0,0,0,55,176,186,246,252,251,209,101,21,0,0,0,1,0,2,0,4,1,0,2,0,2,4,3,0,1,1,0,2,0,0,54,173,243,253,250,179,17,0,0,1,0,0,0,0,0,0,3,0,0,0,2,0,2,2,0,0,0,0,0,0,55,171,239,252,204,60,0,0,2,0,3,0,1,2,0,0,2,0,0,3,0,0,0,0,2,1,2,0,1,0,101,255,254,176,0,0,3,2,0,0,2,0,0,4,1,4,0,0,0,0,0,0,0,0,0,0,3,1,58,255,253,215,0,0,0,3,0,0,3,3,1,0,0,0,3,0,0,162,109,2,0,0,2,0,0,1,78,254,255,210,0,0,1,0,2,0,0,0,0,3,0,0,0,3,0,245,252,111,17,0,2,3,1,21,195,253,254,217,1,0,1,2,0,0,0,2,0,2,0,3,0,1,0,165,252,254,213,146,108,131,150,231,255,253,250,196,0,2,1,0,0,1,0,0,2,3,0,4,0,2,1,52,242,254,255,254,252,255,250,255,252,252,201,0,0,0,0,0,1,0,0,0,3,2,2,0,0,0,0,0,49,237,255,251,255,253,252,255,254,223,34,0,0,0,0,2,1,0,0,0,0,0,0,0,2,0,0,2,0,3,159,185,255,253,251,219,99,0,0,0,2,0,1,0,3,1,0,0,0,4,2,1,0,0,0,0,0,4,0,3,0,0,1,0,5,2,0,2,0,0,1,1,5,2,0,0,0,0,0,1,0,0,1,4,3,0,2,2,0,0,2,4,3,0,1,0,0,1,0,0,0,0,2,0,0,2,3,2,0,0,2,0,1,0,0,1,0,2,1,0,0,1,1,4,2,0,0,3,0,0,0,1
0,3,2,0,0,0,0,0,0,0,0,1,0,1,0,1,0,4,1,0,0,0,0,0,0,4,0,0,0,5,0,4,0,3,0,0,0,2,0,0,2,0,0,1,3,0,0,0,0,0,0,1,2,0,0,2,0,3,1,1,5,2,3,1,0,0,0,1,0,1,1,0,1,1,0,0,1,3,2,0,2,0,2,2,0,2,1,0,0,0,5,0,2,2,2,0,2,5,2,0,0,0,0,1,1,1,1,0,0,0,0,0,0,0,0,2,0,1,0,0,2,0,0,0,3,0,3,0,0,1,0,0,1,1,0,2,1,1,0,0,0,0,0,0,0,1,0,0,0,0,0,0,4,0,1,1,0,0,1,0,0,1,1,0,0,0,0,0,0,0,0,0,1,1,45,235,129,0,3,0,0,0,2,0,1,0,95,177,19,0,0,1,4,0,0,0,1,1,0,0,0,1,141,253,210,32,0,1,0,1,1,0,2,2,210,253,172,1,0,1,0,2,0,1,0,1,0,0,0,17,170,254,223,40,1,0,0,0,0,0,0,32,219,254,236,0,0,1,1,1,0,0,0,2,0,2,2,61,255,255,133,0,0,0,1,0,0,0,0,131,255,252,236,0,0,0,1,0,0,0,0,1,0,1,3,217,254,255,132,0,0,1,1,3,2,0,48,236,251,252,209,2,1,0,0,0,2,0,0,0,0,3,1,239,252,253,128,0,2,0,0,1,1,1,55,254,254,254,62,0,0,2,1,4,0,0,1,0,0,1,127,252,252,218,27,2,1,0,0,0,1,0,56,255,255,255,58,0,0,0,0,4,0,3,0,0,0,0,158,252,250,229,55,0,0,2,0,0,0,2,53,254,252,252,60,3,0,0,0,0,0,0,4,0,1,2,46,238,249,255,216,187,185,182,185,185,182,185,201,254,254,254,191,4,0,0,2,0,0,1,0,2,0,0,3,40,213,255,255,255,252,254,255,254,255,254,255,251,253,255,255,159,0,0,0,1,0,1,0,0,0,0,3,1,48,118,254,253,252,254,251,254,254,254,254,254,253,253,243,55,0,0,2,0,0,0,1,0,2,0,1,3,0,4,8,149,113,8,67,188,184,181,250,253,255,143,3,4,1,0,0,0,0,0,0,0,0,0,0,1,0,0,2,0,0,2,0,2,0,0,228,255,233,59,0,0,2,4,1,0,2,0,2,0,2,1,1,0,0,0,4,0,0,0,2,0,1,0,228,255,217,1,3,0,1,0,0,0,0,0,0,0,1,1,1,0,2,0,0,2,1,1,0,0,3,0,230,255,220,0,1,0,0,0,0,0,1,0,2,0,3,0,2,0,3,1,0,3,0,1,0,0,2,127,249,255,218,0,1,4,0,3,0,2,0,2,2,0,0,0,3,0,0,0,0,1,0,0,0,0,0,147,253,252,135,0,3,0,0,2,0,0,1,1,0,2,0,1,0,0,0,2,0,2,1,0,0,0,4,151,253,254,41,5,0,0,1,1,0,0,2,1,0,1,0,0,0,2,0,1,0,3,3,1,2,0,0,149,254,254,43,0,0,1,0,0,1,1,1,0,2,0,3,0,0,0,0,2,0,0,1,1,2,1,1,46,202,79,13,0,1,0,0,0,1,0,0,0,0,1,0,0,0,1,0,0,1,4,0,0,0,0,0,0,3,0,0,0,4,1,0,0,0,1,1,1,2,0,0,0,0,0,0,0,0,0,1,1,0,0,4,2,0,4,0,1,0,0,0,2,1,2,0,0
0,1,0,2,2,0,0,0,0,0,2,0,1,1,1,0,0,0,0,1,2,0,0,0,0,0,0,0,0,0,0,1,1,0,0,2,4,0,0,4,0,0,1,0,0,0,0,0,0,0,0,1,0,0,2,0,2,1,0,0,0,0,0,0,1,0,2,1,0,2,0,0,0,3,2,1,0,0,0,2,1,0,1,0,0,0,1,0,0,1,0,0,0,101,236,214,1,1,0,0,1,1,3,1,0,0,2,0,0,1,5,0,3,1,0,2,0,1,0,1,2,169,253,131,0,1,0,1,4,0,1,0,0,0,0,0,3,0,1,0,0,0,0,0,0,1,1,0,0,162,250,116,0,0,0,0,1,0,0,0,1,0,0,2,0,1,1,1,0,0,2,0,3,1,0,0,0,67,255,212,4,1,0,0,0,0,0,3,0,0,1,0,0,0,0,0,1,0,1,0,0,2,1,0,2,63,255,168,0,2,0,0,2,2,2,0,3,1,1,0,0,0,1,3,2,2,3,0,0,2,0,0,2,128,251,88,0,2,2,0,0,0,2,0,0,0,0,2,0,0,0,0,2,0,0,0,0,0,3,1,0,167,253,1,0,0,0,1,0,0,5,0,0,0,0,1,0,0,2,0,2,0,0,0,0,0,0,0,18,236,253,2,3,0,0,0,0,9,29,104,25,0,2,1,0,0,0,0,0,0,0,4,0,3,1,1,9,187,252,0,2,2,4,0,39,171,254,254,249,109,16,0,2,1,0,1,0,2,0,0,0,0,2,0,21,252,253,0,1,0,1,2,239,255,250,224,192,254,66,5,0,2,0,0,1,0,1,1,0,0,0,4,0,169,253,61,0,0,0,124,253,223,60,1,3,253,166,0,5,0,0,0,1,0,0,0,0,0,0,3,1,169,253,104,2,0,46,242,254,61,4,0,78,254,88,1,0,0,2,2,0,0,0,2,2,3,0,0,0,70,252,201,0,12,206,255,153,6,1,5,208,215,4,0,0,0,2,3,2,2,0,0,0,1,0,0,0,65,252,241,45,96,250,225,1,3,4,110,251,115,1,1,0,0,0,0,0,1,0,0,0,0,0,0,0,9,218,255,187,225,253,104,0,80,206,250,252,2,1,0,3,1,2,0,0,1,1,0,2,0,0,0,0,4,43,254,254,252,251,254,254,254,254,201,66,1,3,2,0,0,2,0,0,0,1,0,0,0,0,1,0,4,2,141,254,254,253,252,255,226,118,20,0,4,0,2,0,2,0,0,0,2,2,2,1,0,3,0,0,0,0,47,252,248,133,22,22,15,0,0,2,0,0,0,0,2,0,0,1,2,1,0,0,0,0,0,0,0,0,43,252,244,141,66,2,1,1,1,1,3,2,0,1,1,0,0,2,2,2,0,0,0,1,0,0,0,0,4,155,253,224,100,0,1,1,0,0,0,0,2,0,0,0,0,1,0,0,0,0,0,5,2,1,0,0,2,0,4,2,0,4,0,5,0,0,0,0,1,0,0,1,0,0,0,1,1,0,1,1,2,0,1,0,1,0,0,0,0,0,1,0,0,0,1,0,0,0,2,0,1,3,2,2,0,0,0,0,1,0,2,0,1,0,0,0,2,4,0,5,0,0,0,0,0,0,2,0,0,0,0,0,0,0,0,0,5,0,1,1,1,1,0,0,1,4,2,4,0,0,0,0,2,0,0,0,0,1,0,1,0,1,1,0,0,0,0,3,1,5,0,0,0,0,0,2,0,0,0,0,1,0,0,0,0
4,0,1,2,0,2,1,1,0,0,2,0,1,0,2,2,2,0,1,0,0,0,0,2,1,3,0,1,1,1,5,0,2,0,0,0,0,0,1,0,0,1,0,0,3,2,0,0,0,2,0,1,0,0,1,3,0,1,2,2,0,0,0,0,0,0,0,0,1,1,0,3,2,0,1,0,0,2,0,0,2,3,1,0,1,0,0,0,1,1,0,0,0,0,0,0,0,0,0,2,3,0,2,0,5,0,0,1,0,0,0,1,4,0,2,0,0,0,0,0,0,0,0,3,35,33,133,147,173,160,83,3,0,0,0,3,0,1,0,0,1,0,0,0,0,0,0,0,43,178,176,183,252,253,251,255,254,254,229,0,0,0,0,0,0,4,1,0,1,0,0,0,0,2,1,1,224,255,254,250,254,252,253,255,255,255,189,0,0,0,0,0,0,3,1,1,1,0,0,2,1,3,1,0,242,255,247,181,213,121,125,104,88,31,8,2,0,0,0,0,0,3,0,0,0,0,2,2,1,1,2,1,241,254,160,0,1,0,0,1,0,0,1,0,0,3,0,1,2,0,1,0,0,1,2,0,1,0,3,0,243,254,163,1,0,0,0,3,0,0,3,0,0,1,0,0,0,0,2,1,0,1,1,0,0,0,0,5,245,255,165,0,1,1,0,0,0,0,0,0,0,3,0,0,0,0,1,0,0,4,0,1,0,0,2,103,251,251,179,45,45,78,109,43,46,10,0,0,1,0,1,1,1,0,0,0,0,0,0,0,2,0,0,101,255,252,255,255,254,251,254,255,247,198,130,25,0,4,2,1,2,0,0,0,0,0,1,0,0,1,2,14,242,250,254,255,253,249,253,254,252,251,255,234,130,11,2,1,0,2,0,0,0,1,0,0,0,2,0,0,109,112,110,110,113,111,107,112,111,198,252,255,255,100,0,0,1,0,0,0,0,1,2,0,0,0,0,2,2,0,0,0,0,0,0,2,0,0,83,232,252,244,1,1,2,0,1,0,1,0,0,1,0,3,0,5,0,0,0,0,0,0,0,0,0,0,0,120,255,243,0,0,1,1,0,1,2,0,0,0,0,0,2,3,1,0,0,1,0,0,0,2,2,0,0,168,252,247,44,0,0,0,0,0,1,0,1,0,0,0,3,2,0,35,54,5,0,1,3,1,0,2,0,94,254,252,65,1,0,1,0,0,2,0,0,0,0,0,0,2,59,235,252,20,0,1,0,0,0,3,7,172,254,248,66,0,0,0,0,0,0,0,2,3,0,1,1,0,130,251,253,80,3,0,3,0,0,4,129,248,254,185,0,0,0,0,1,4,0,0,1,0,0,1,0,0,116,254,255,254,194,156,155,43,120,193,253,252,237,110,0,0,0,0,0,3,1,0,1,0,0,0,1,0,6,107,253,251,252,253,251,253,251,254,247,177,64,0,0,0,3,0,0,2,0,1,0,0,0,2,0,0,3,8,72,139,213,252,253,255,176,149,130,0,2,1,0,0,0,0,0,0,0,2,1,1,1,0,0,0,1,0,0,0,0,1,2,0,0,1,0,5,2,0,2,1,0,0,0,0,3,1,0,0,0,1,0,0,1,0,0,1,1,0,2,0,0,0,0,3,0,0,0,1,0,0,1,0,0,0,0,0,1,0,2,0,1,0,0,1,0,0,0,2,0,0,1,2,0,0,0,0,3,0,0,0,0,1,0,1,0,1,0,1,0,0,3,0,0,1,3,0,2,0,0,1,2,0,2,1,0,0,0,4
0,0,1,1,0,2,2,0,5,0,0,0,1,0,2,2,0,0,0,0,0,0,0,1,1,0,0,0,1,2,3,3,2,0,0,0,0,1,0,0,0,1,0,0,0,0,0,0,0,0,0,0,0,1,2,0,0,0,0,0,0,0,1,1,0,0,1,0,3,2,3,0,0,0,1,1,1,0,1,2,0,2,1,2,0,1,1,0,2,2,3,0,0,0,1,0,0,0,0,0,0,0,0,1,3,0,1,0,0,3,1,0,1,0,0,0,0,1,0,0,0,0,0,0,0,0,0,0,0,0,2,0,0,1,0,0,3,0,0,3,0,0,1,0,2,0,4,5,4,0,0,0,201,241,62,0,0,2,1,1,0,0,0,0,1,0,0,3,0,0,0,0,0,1,0,0,0,2,1,30,253,255,181,0,0,0,26,93,93,66,0,0,0,0,2,1,3,2,0,0,2,2,0,0,0,2,4,27,255,220,14,2,0,22,213,255,252,255,65,2,1,0,2,0,4,0,0,1,2,2,2,0,1,4,0,94,254,130,0,0,0,148,248,114,72,71,4,1,0,2,1,0,0,0,0,0,0,0,5,2,1,1,4,179,229,17,1,1,36,246,198,0,0,3,0,1,0,0,3,0,0,0,3,2,1,0,0,0,2,0,51,255,193,0,3,1,49,251,171,2,0,0,0,0,0,0,0,3,0,0,0,1,3,5,3,0,0,0,130,255,147,0,0,2,50,252,187,0,2,0,1,1,0,0,0,0,1,0,0,0,0,1,0,0,0,2,196,244,30,2,0,0,90,251,113,0,0,9,0,2,0,0,0,3,1,0,0,0,0,2,0,0,0,31,244,183,0,2,0,3,175,254,73,0,58,201,10,0,0,4,0,2,0,1,2,0,1,1,0,0,0,145,255,70,1,4,1,0,223,253,140,203,242,68,4,0,0,1,0,0,0,2,3,0,0,2,0,4,71,242,215,9,0,0,9,60,235,254,253,191,35,0,0,0,0,1,0,2,4,0,5,1,1,0,0,0,187,249,64,21,89,173,223,250,252,254,89,4,0,0,0,0,3,1,0,0,2,0,2,1,0,2,1,29,246,248,172,235,255,253,209,154,252,207,5,1,0,0,0,0,0,2,0,1,0,0,1,0,0,0,0,144,255,253,253,208,131,44,2,44,255,200,0,0,0,0,0,2,2,0,1,0,0,1,0,0,3,2,1,156,190,75,24,6,1,0,0,93,255,151,0,3,1,0,1,2,1,5,3,1,1,1,0,0,0,0,0,7,0,0,0,0,0,2,2,205,254,42,0,1,0,4,0,0,0,0,0,0,1,1,1,0,2,0,1,1,2,2,0,3,1,0,2,215,251,33,1,0,0,2,3,0,0,0,1,0,0,0,1,0,0,2,0,0,0,0,0,0,0,0,0,212,221,11,0,2,0,1,0,0,0,1,0,0,3,0,2,0,0,1,0,1,4,4,2,0,1,3,0,214,222,10,1,1,0,0,2,0,0,0,4,4,0,1,2,3,0,0,0,0,1,1,0,0,0,1,0,157,209,20,0,0,0,0,0,1,3,2,1,1,2,3,0,3,0,0,1,0,0,1,2,0,0,4,0,1,0,3,0,2,2,0,0,0,3,1,0,0,0,1,3,2,0,0,0,0,0,1,1,0,3,0,2,0,0,0,1,0,0,0,3,4,0,1,0,0,0,0,1,0,0,0,1,0,1,1,0,0,1,0,0,2,1,0,1,0,0,0,0,0,2,1,0,0
0,0,1,4,0,0,5,0,3,0,0,0,0,0,0,0,0,0,0,2,0,0,3,0,0,0,0,2,3,3,0,0,0,2,0,0,0,1,1,0,1,0,1,2,0,0,0,0,3,0,0,0,0,0,2,3,0,1,0,3,1,3,0,1,0,2,2,0,1,0,0,0,2,1,0,0,0,2,0,2,3,1,0,0,0,0,0,0,0,1,0,0,0,0,2,0,2,2,1,2,0,0,2,0,0,0,0,0,0,2,0,1,1,0,0,0,0,0,1,1,0,0,1,0,0,0,0,0,2,1,4,0,0,0,1,0,0,2,4,3,0,0,1,1,0,0,1,0,2,0,0,1,0,0,0,1,1,1,0,1,1,0,0,0,0,2,0,0,1,2,0,0,0,0,0,0,0,0,0,1,0,1,0,1,1,0,2,3,0,0,0,0,0,4,2,0,3,0,3,0,0,0,2,2,0,0,0,0,0,0,0,0,0,0,0,0,0,0,3,0,1,0,1,2,1,0,0,0,0,0,0,1,0,0,1,1,0,0,1,14,60,122,123,79,33,26,11,1,0,0,1,2,0,0,0,0,1,0,1,0,0,2,0,0,0,0,29,140,255,253,192,180,247,253,210,138,35,1,0,1,1,1,0,0,0,0,2,0,0,0,1,0,2,16,151,250,185,23,3,3,69,154,230,253,242,109,0,0,0,0,1,1,0,0,1,1,1,0,0,0,29,221,253,219,15,1,2,0,0,0,6,71,167,166,1,4,0,0,0,1,1,0,0,0,1,0,31,139,244,253,255,169,26,0,0,0,0,0,3,0,0,0,3,0,2,0,0,0,0,0,0,0,61,143,233,253,253,254,253,254,231,195,106,1,1,0,1,2,0,2,2,0,0,2,4,2,1,0,0,127,254,253,253,208,132,103,144,125,205,214,254,150,4,1,2,1,1,0,0,0,2,0,0,4,0,0,0,210,252,189,49,4,3,0,0,0,0,13,222,225,17,0,0,0,1,3,0,0,4,0,2,0,2,0,0,40,72,2,2,0,1,0,1,0,28,182,255,122,0,1,0,3,0,1,0,0,0,0,0,0,0,1,0,3,0,0,1,0,0,3,5,95,232,255,195,48,0,1,1,2,1,1,0,2,3,1,5,0,3,1,0,0,0,0,0,63,72,126,202,253,254,159,14,0,1,1,0,0,0,0,0,0,0,2,1,0,0,0,88,125,127,133,225,252,251,255,237,152,28,0,1,1,0,1,0,0,0,0,0,0,4,0,0,0,0,1,255,255,254,184,174,177,174,125,18,2,0,5,2,2,0,0,0,0,2,2,0,0,0,0,0,0,0,0,60,18,21,2,0,0,3,3,2,2,0,0,2,0,1,2,0,2,2,0,0,0,0,0,0,0,1,1,2,0,0,2,2,2,0,0,0,2,1,0,0,0,0,0,0,1,1,0,0,0,2,1,0,1,0,0,0,0,0,1,0,0,0,0,2,2,0,0,0,0,0,0,0,1,3,0,2,1,2,0,1,2,0,0,0,0,1,0,0,1,0,0,1,2,0,0,0,2,0,1,0,2,0,1,0,0,1,1,0,0,3,0,0,1,0,2,0,0,1,2,0,3,0,0,0,0,2,2,3,2,0,0,0,0,0,0,2,0,0,0,0,2,1,1,1,1,0,0,4,0,0,0,0,0,2,5,0,1,4,0,1,2,1,0,0,0,0,1,0,0,2,0,0,1,0,0,0,1,3,0,0,3,0,0,3,1,2,0,0,2
1,0,0,0,0,0,0,0,0,0,1,4,0,2,0,1,1,1,0,0,1,1,1,0,0,0,0,1,0,1,3,3,2,0,0,0,0,1,1,0,0,1,0,0,2,0,0,0,0,0,1,0,0,0,0,1,0,0,2,2,0,2,0,1,1,0,2,0,2,0,4,0,1,0,1,0,1,0,0,0,2,0,1,0,2,0,0,0,0,1,3,0,0,0,1,0,0,0,0,0,0,0,3,0,0,2,0,0,3,2,0,1,2,0,2,0,0,0,0,0,1,0,1,0,11,156,174,32,0,0,0,0,1,3,3,1,1,0,0,0,0,0,0,1,0,0,0,0,0,0,1,0,82,255,254,58,1,3,0,1,0,0,2,1,0,0,0,0,2,1,5,0,3,1,0,0,2,0,0,0,106,251,252,61,0,2,0,0,2,1,3,0,1,0,3,0,0,2,1,2,0,1,1,0,0,1,0,1,142,255,254,56,0,0,2,1,0,0,0,0,2,0,0,0,0,1,0,2,0,0,0,2,0,0,0,2,140,254,252,103,0,3,0,0,1,0,1,1,0,0,4,0,1,0,0,0,0,2,1,0,0,3,2,0,38,253,255,179,2,4,3,0,1,0,0,0,2,0,0,0,0,0,0,1,0,1,0,0,0,1,0,0,82,253,252,177,0,0,0,2,1,1,0,4,2,2,0,1,0,0,0,0,4,0,0,0,0,2,0,0,129,253,254,176,0,0,0,0,1,0,3,4,0,2,0,0,1,0,4,0,0,0,1,0,3,1,0,0,25,254,255,158,0,0,0,0,0,0,1,0,0,0,1,1,0,0,0,2,2,2,1,3,0,2,0,0,20,254,255,61,0,1,0,0,1,0,0,2,0,0,0,0,3,0,0,0,0,2,0,0,0,2,0,3,22,252,252,59,0,0,0,0,0,2,1,0,0,0,0,0,3,1,1,0,1,0,1,0,0,0,0,0,23,255,255,57,0,0,0,0,1,0,1,0,1,2,0,0,0,0,0,1,1,2,0,1,2,0,1,0,26,254,255,113,0,0,0,0,2,0,0,1,2,1,1,0,0,1,0,0,3,0,3,0,0,0,5,0,26,255,253,178,0,0,1,1,0,2,0,0,0,0,0,0,0,1,1,0,0,2,1,0,0,1,1,1,94,254,255,224,22,0,3,1,0,1,0,0,0,0,0,0,1,0,3,0,1,0,2,0,0,2,0,0,70,255,254,220,90,11,1,0,0,1,0,1,0,1,2,2,0,0,0,2,0,0,0,0,3,3,0,2,79,252,255,255,157,2,0,0,0,0,4,0,3,0,0,3,1,0,2,0,0,2,0,2,3,0,1,1,20,224,252,253,235,20,0,0,0,0,2,2,0,1,1,0,0,2,4,3,0,2,0,3,1,0,0,0,0,111,255,255,171,13,1,2,0,0,0,1,0,0,0,2,0,1,5,0,0,0,0,0,0,0,0,0,0,42,253,183,2,0,4,1,0,1,0,0,0,3,1,2,0,0,0,0,0,0,1,1,2,0,0,3,1,1,0,2,0,0,0,3,0,1,1,0,0,0,0,0,0,1,0,3,5,3,0,0,2,0,0,0,0,3,0,0,3,1,0,0,1,2,0,0,1,0,1,0,1,1,0,1,0,3,0,0,0,1,1,0,0,0,2,0,3,5,1,2,2,3,0,0,0,0,0,0,1,0,0,0,3,2,0,1,0,0,0,1,0,2,3,1,3,1,0,3,1,0,0,0,0,0,2,0
0,2,0,2,0,0,1,3,5,1,3,0,0,2,1,0,0,0,0,2,3,1,0,0,2,2,0,1,1,0,1,2,0,0,0,0,0,0,0,0,0,2,0,0,0,1,1,3,0,0,0,0,0,0,3,1,0,1,2,0,3,0,0,0,0,0,0,1,2,1,0,0,0,0,2,0,0,0,2,3,1,0,1,0,1,0,0,5,1,1,0,0,1,0,0,3,0,1,0,0,0,2,0,0,0,2,0,1,0,0,0,2,1,0,1,0,0,0,1,0,0,2,0,0,3,0,2,0,3,0,1,1,3,0,0,0,3,0,0,0,2,0,3,0,0,0,0,0,1,3,0,0,1,0,1,0,23,198,39,0,1,1,1,0,0,1,0,0,0,0,0,0,0,0,0,0,0,39,163,18,0,0,1,0,87,254,62,2,0,0,1,1,0,0,0,0,0,0,0,0,0,0,1,0,0,86,252,90,0,0,0,0,144,252,59,0,0,1,0,0,2,1,0,0,0,2,0,0,1,0,0,0,0,170,255,63,0,0,0,0,204,255,60,0,0,0,0,0,0,0,1,3,0,4,0,0,3,0,0,1,0,210,237,20,0,4,0,2,184,252,82,0,0,1,0,1,0,0,0,3,0,2,1,0,2,0,0,3,1,166,241,23,0,2,0,2,120,255,147,0,0,1,0,3,0,0,0,2,0,2,1,1,0,0,0,3,35,245,200,0,0,0,0,0,114,255,144,1,1,1,0,0,0,3,0,0,0,0,0,0,0,0,0,2,143,252,153,2,26,53,55,43,135,253,149,0,0,0,0,0,0,0,1,2,4,0,0,0,1,0,0,0,152,255,189,214,237,254,254,251,250,255,160,0,2,1,0,1,1,1,2,0,2,0,0,1,0,1,0,0,224,253,254,253,228,167,197,217,255,255,250,99,0,2,0,0,0,0,0,0,1,0,0,1,0,0,3,0,236,255,231,122,21,0,0,35,251,254,253,152,0,0,3,0,0,0,0,0,1,1,0,0,0,0,0,0,97,135,28,1,0,0,0,104,253,241,173,127,1,0,1,3,0,0,1,0,1,1,1,0,0,0,0,1,0,0,0,1,3,0,0,119,253,188,0,3,2,0,0,0,0,0,2,0,0,0,0,0,0,0,1,0,0,0,1,0,2,1,1,133,253,140,4,0,0,0,1,0,0,4,0,0,0,3,0,0,0,0,4,0,1,0,0,0,0,1,0,209,253,142,0,2,0,1,1,0,0,0,1,0,0,1,3,2,0,0,0,0,1,0,0,3,1,0,0,207,255,79,0,1,0,2,1,0,1,0,1,0,0,2,1,0,1,1,0,0,1,2,2,2,0,0,14,226,254,55,0,1,2,3,0,0,0,0,2,1,0,0,0,1,0,1,1,0,0,0,2,2,0,2,72,255,255,87,0,0,2,0,0,0,1,0,0,0,1,2,1,3,5,0,0,0,0,0,1,2,0,0,123,254,253,111,0,0,2,0,1,0,0,0,3,2,4,0,1,1,1,0,0,1,2,0,0,0,3,0,24,239,204,20,1,0,1,3,0,0,3,0,1,2,1,1,0,0,0,0,1,0,0,1,0,1,0,2,0,4,0,0,0,0,0,1,2,0,0,1,0,1,2,0,0,0,0,2,0,1,0,0,0,0,0,0,0,1,1,0,0,1,0,2,3,0,0,2,3,0,0,0,0,2,0,3,0,0,0,0,0,0,1,0,0,0,2,0,1,0,0,0,0,0,1,0,0,0
0,0,0,0,3,0,2,0,0,0,3,1,2,0,2,0,0,1,0,2,0,2,0,0,2,0,0,0,0,0,0,0,1,1,0,1,3,2,0,1,0,0,0,0,2,0,1,0,0,2,0,2,0,0,1,0,0,1,0,1,2,0,0,0,1,1,0,0,0,1,2,0,0,2,1,0,0,0,0,0,0,0,0,3,0,0,0,0,0,0,0,0,0,1,0,0,0,1,0,4,0,0,0,3,0,0,0,4,0,3,2,0,0,0,0,1,0,0,0,0,0,1,0,0,0,0,5,1,0,0,0,0,0,3,0,0,0,1,0,1,0,0,0,0,0,0,0,2,0,0,0,1,2,2,0,0,2,13,214,57,2,0,1,2,2,0,0,2,0,0,0,0,0,4,0,0,0,1,2,56,1,0,3,1,1,126,249,54,0,0,1,2,0,0,3,1,0,2,0,0,2,0,0,0,0,0,147,244,99,0,1,0,0,240,207,9,0,2,3,3,1,0,0,0,0,2,0,0,1,0,0,0,2,0,231,251,117,0,0,0,97,252,93,0,1,0,0,2,0,1,0,0,0,0,0,0,2,2,2,3,2,23,237,248,65,1,1,1,98,241,50,0,3,0,0,0,0,1,0,2,2,2,2,0,0,0,0,0,18,195,250,216,18,0,0,1,103,251,88,0,2,0,0,0,0,1,3,1,0,0,0,0,0,2,0,0,55,253,253,111,0,0,0,1,104,255,88,0,1,0,0,2,0,0,0,4,0,0,0,3,0,0,3,0,58,255,246,39,0,0,1,0,98,240,33,3,0,0,0,0,0,3,4,1,2,1,0,1,0,0,1,3,57,252,242,0,0,1,0,1,98,243,63,2,0,0,1,1,1,0,1,0,0,4,2,0,1,0,4,1,55,249,247,153,110,111,111,112,168,251,91,1,0,0,1,0,0,1,0,0,0,1,0,1,1,0,0,1,1,127,253,255,253,249,254,252,255,248,79,1,0,0,0,0,0,1,2,1,0,1,2,0,0,0,4,0,0,0,69,146,185,186,187,187,240,233,0,0,1,1,0,0,4,0,0,0,2,0,2,0,2,1,0,0,0,0,0,0,0,0,0,1,119,232,1,1,1,0,0,1,1,1,2,0,1,1,0,0,1,2,0,2,0,0,1,0,2,3,0,1,158,244,49,0,0,0,0,1,0,5,0,0,0,3,0,2,0,1,0,1,0,0,0,0,0,2,4,0,208,253,89,0,1,0,2,0,1,1,2,1,0,0,0,0,0,0,0,0,0,1,0,3,0,0,0,2,207,249,88,1,0,0,0,0,0,0,0,1,3,2,1,0,0,0,2,0,1,1,0,0,0,5,0,1,155,233,11,1,0,0,0,1,0,0,2,0,0,3,0,0,0,0,0,0,1,2,1,0,0,0,0,0,98,252,106,1,0,2,0,0,0,0,0,1,1,2,1,0,0,2,0,0,0,2,0,0,0,0,1,2,70,248,197,0,0,0,0,3,0,0,0,0,0,2,1,5,0,0,3,0,0,3,2,0,0,3,0,1,1,192,243,50,0,0,0,0,0,0,0,0,0,2,2,0,0,3,0,3,1,2,3,1,0,0,3,0,0,2,0,0,0,1,0,0,0,1,0,2,1,1,0,0,0,2,0,0,0,0,0,1,1,0,3,1,0,1,0,0,0,0,2,0,0,0,0,0,0,3,0,3,1,0,0,1,2,0,0,1,0,1,3,0,0,0,0,2,0,2,1,0,0,0,0,1
0,1,0,1,0,2,3,0,0,0,0,1,0,0,0,0,0,0,0,0,6,0,0,1,2,0,1,0,0,0,0,2,0,0,0,3,3,0,0,1,1,0,3,0,0,0,1,0,0,1,4,0,0,0,0,1,4,0,1,0,0,4,0,3,0,0,2,0,0,0,0,2,0,2,4,2,1,0,0,0,0,2,2,0,1,0,1,1,1,0,0,0,0,1,0,0,0,3,0,0,0,2,0,2,2,1,1,2,0,1,1,0,0,1,0,0,0,0,0,0,0,0,0,1,2,1,2,1,0,1,3,0,1,0,0,0,0,0,0,0,1,1,3,0,0,0,2,0,0,1,1,2,2,0,0,3,0,0,0,0,0,1,2,3,4,2,1,0,0,3,0,0,1,0,0,0,0,1,89,251,204,130,134,60,14,9,0,0,0,0,0,1,1,4,0,1,4,1,2,0,0,0,1,0,0,2,203,254,251,249,255,253,253,231,146,112,19,0,0,1,4,0,0,0,2,0,0,2,2,3,1,0,0,3,129,251,251,254,255,254,255,253,252,250,221,110,1,0,0,1,1,2,1,0,0,1,0,0,3,1,1,0,89,254,253,255,252,250,253,250,253,252,252,254,21,2,0,0,1,0,0,1,1,1,1,0,0,0,0,0,25,72,180,220,255,253,252,253,255,253,254,252,23,1,2,2,0,1,0,0,0,0,0,0,2,4,0,0,0,0,4,30,60,59,105,213,252,252,251,250,27,1,1,2,2,0,1,0,1,0,0,0,1,0,1,1,0,1,0,0,0,8,190,252,253,249,252,129,6,0,0,1,0,3,2,0,0,0,0,1,0,2,3,2,3,1,1,0,12,222,253,253,253,251,178,5,0,0,0,0,0,0,0,0,0,1,0,0,0,1,2,0,1,1,2,50,173,251,252,253,250,218,38,0,4,0,2,0,0,0,0,0,1,0,0,0,0,1,1,0,4,0,52,240,254,253,250,252,253,66,0,0,0,3,0,0,3,0,0,0,0,1,0,1,1,1,0,0,0,54,241,254,255,252,249,226,35,1,0,0,0,0,0,1,2,0,1,2,2,0,0,3,0,0,0,0,49,237,253,250,253,249,246,125,0,2,3,0,1,0,0,2,1,0,0,0,0,0,0,0,0,0,2,30,165,253,252,255,253,253,199,3,1,0,1,0,0,0,2,2,0,0,2,3,1,1,0,1,0,0,42,233,252,250,252,255,252,211,31,0,0,3,0,0,1,0,0,1,0,4,0,0,3,1,1,0,3,62,195,253,252,255,253,253,213,32,0,3,1,3,0,0,0,0,2,0,0,1,2,2,0,0,0,3,62,230,249,250,250,253,250,126,27,3,0,0,0,0,0,1,0,0,0,1,0,3,0,0,2,1,4,10,189,252,249,251,249,220,59,3,0,0,0,1,0,1,0,0,0,1,2,0,2,3,0,3,0,0,0,15,215,254,250,251,220,40,1,0,2,3,0,0,0,0,0,0,3,0,1,3,0,0,3,0,1,3,0,0,159,253,253,168,95,0,7,2,0,3,0,1,0,0,0,2,2,0,0,1,0,0,2,0,0,1,0,0,84,214,253,121,3,1,1,0,3,0,0,0,0,0,0,1,3,1,0,1,1,0,1,2,3,0,0,1,0,1,1,0,0,1,0,1,2,3,0,1,0,1,0,0,0,3,2,0,0,3,1,2,1,1,0,2,0,2,0,0,0,2,3,1,2,0,0,5,2,0,0,1,2,0,3,0,0,0
0,3,2,0,2,0,0,3,3,0,0,4,0,0,2,0,1,1,0,0,0,2,0,0,1,0,0,2,0,0,1,0,0,0,0,0,0,0,0,0,0,2,0,1,0,1,1,0,2,0,0,0,2,2,2,2,1,0,2,0,1,0,0,3,0,0,0,0,0,0,0,1,0,0,0,0,0,0,0,0,0,0,0,0,4,0,1,0,0,0,1,1,1,0,0,0,0,0,1,0,1,0,0,0,0,0,1,0,0,0,0,0,1,1,0,1,0,2,1,1,0,0,1,3,27,152,255,164,227,253,255,254,210,84,0,2,1,2,0,1,3,1,0,0,0,0,1,1,0,90,139,155,251,251,252,255,254,253,251,254,252,252,20,0,0,0,5,0,0,4,3,0,4,0,2,9,151,254,251,254,252,239,234,235,235,140,157,254,253,255,26,0,2,0,3,0,0,3,0,0,1,1,2,15,253,227,227,209,107,34,3,1,0,6,157,255,251,185,10,3,0,0,1,1,0,0,0,0,2,1,2,5,87,0,0,0,0,0,2,2,23,157,254,251,178,13,0,0,0,0,0,0,1,1,0,1,0,0,0,1,3,0,2,2,2,0,3,9,202,254,254,182,13,2,1,0,3,0,2,2,0,0,0,0,0,0,1,0,0,2,0,1,0,0,37,186,252,240,168,15,1,1,0,2,0,0,1,0,0,0,3,0,0,0,1,0,0,0,0,0,1,57,191,254,242,143,0,0,2,0,0,0,1,0,3,0,2,1,0,1,0,4,0,3,1,0,0,0,8,194,252,241,85,0,1,0,0,0,0,0,0,1,0,0,0,3,0,2,0,0,0,0,1,0,0,29,199,254,241,84,0,0,2,0,0,0,1,0,0,2,1,0,2,0,0,0,0,0,3,1,0,2,57,200,253,239,86,0,2,0,0,0,0,0,0,0,0,0,1,0,2,0,0,0,1,3,1,1,4,87,232,254,238,83,0,2,1,0,0,5,1,1,0,0,0,3,0,0,0,0,2,0,1,0,1,7,96,254,254,220,43,0,0,0,0,0,0,0,2,0,1,0,4,1,1,0,0,0,0,0,1,0,0,122,254,252,198,80,0,2,0,0,0,0,1,0,0,0,0,0,0,0,2,0,2,2,0,0,0,0,52,240,250,246,64,1,2,0,0,3,2,0,1,0,0,1,39,148,216,217,2,0,1,0,0,0,1,0,180,254,247,79,0,0,0,0,3,0,0,3,0,2,86,210,233,255,209,29,2,2,2,1,0,5,0,1,254,252,232,4,0,0,1,0,20,109,107,204,231,230,250,253,159,96,12,0,3,3,3,2,0,0,0,1,252,252,244,114,114,109,194,239,239,253,254,251,250,157,97,16,0,0,0,1,4,3,1,0,0,1,0,0,77,255,255,252,253,252,251,250,253,251,162,135,35,2,0,3,2,0,0,0,0,1,1,0,1,2,0,3,1,74,139,255,252,254,232,128,100,4,0,1,0,0,1,0,0,2,0,4,0,0,0,0,1,2,0,3,0,0,1,1,2,3,0,0,3,0,0,0,0,2,0,0,0,1,1,0,2,1,1,0,2,2,1,0,0,1,1,0,3,0,2,2,1,1,0,1,1,0,3,0,1,4,0,0,2,1,0,3,0,0,1,0,0,0,0,0,0,0,3,3,0,0,1,0,0,0,0,0,2,0,1,3,0,2,1,1,0,0,0,0,0,1,1,1,0,2,3,0,1,2,0,0,1,0,1,0,0,0,1,2,3,0
0,0,1,1,0,0,2,0,2,4,0,0,0,0,1,2,1,0,3,0,1,1,0,0,0,0,0,3,0,0,2,2,3,0,0,1,0,0,2,0,3,4,1,1,1,0,0,0,0,0,0,4,0,0,0,1,1,0,1,0,0,2,0,1,1,0,0,1,0,1,2,0,0,0,0,0,1,0,0,0,0,0,0,3,3,0,2,2,4,0,0,0,1,2,0,0,0,0,2,1,0,0,0,1,3,0,1,1,0,0,0,0,0,1,0,1,0,0,0,0,1,0,1,0,1,0,0,2,2,1,1,0,1,2,0,1,0,0,0,0,1,0,0,1,0,1,1,1,57,156,155,153,250,217,252,175,41,0,2,0,0,0,1,0,3,0,0,0,1,1,0,0,0,0,45,175,247,216,187,145,142,141,109,228,242,75,0,0,3,0,0,0,1,0,3,0,0,1,3,2,2,0,83,146,50,0,1,2,2,0,1,40,234,204,0,0,0,2,1,2,1,2,1,1,0,0,0,0,3,0,3,9,2,0,0,4,0,0,1,0,168,231,1,2,1,1,0,1,0,2,1,0,0,0,0,4,0,0,0,2,0,0,3,3,0,2,1,73,255,108,0,0,1,0,0,0,0,0,3,1,0,2,0,0,0,4,0,3,0,3,0,0,4,29,128,220,209,31,31,1,0,2,2,2,0,0,0,1,0,0,0,0,5,0,2,1,0,1,45,85,192,254,255,254,255,254,251,182,26,0,0,0,0,3,0,2,0,0,0,1,0,0,0,0,2,138,246,254,212,254,157,36,15,99,182,233,213,27,0,1,3,2,2,0,0,0,1,0,0,0,0,0,99,254,249,255,237,123,0,0,0,0,0,28,195,158,0,0,1,2,1,0,1,0,0,0,0,0,0,1,49,106,104,71,4,1,0,0,1,0,3,2,107,249,121,1,0,1,0,0,0,2,1,1,0,2,3,2,1,1,1,0,0,1,1,0,0,0,0,0,1,194,165,2,1,0,0,2,0,2,0,0,0,0,2,0,1,1,0,0,0,0,0,2,1,0,0,0,0,38,255,11,0,0,0,0,0,2,0,0,0,1,0,0,0,87,10,2,0,4,0,0,2,0,0,0,4,126,249,8,4,0,2,0,0,1,0,0,0,0,0,0,115,177,9,0,0,1,0,0,2,0,0,0,57,237,84,2,1,0,0,6,1,0,0,2,0,0,0,30,218,9,0,0,2,0,0,1,0,0,0,73,205,208,0,0,0,2,3,0,2,1,0,2,0,3,3,66,234,0,0,0,0,0,0,1,0,0,122,246,192,36,2,0,0,1,1,0,0,0,0,0,1,4,0,6,170,135,4,2,2,0,0,0,46,177,241,158,13,0,2,2,0,1,0,0,4,0,0,0,0,0,0,1,46,254,100,2,0,0,37,35,231,248,79,0,0,0,0,0,1,0,1,0,3,0,1,0,0,0,2,4,6,137,250,212,148,176,240,201,186,23,0,0,0,1,0,0,0,0,1,0,1,1,0,3,0,0,0,1,2,0,63,156,195,152,82,3,0,0,0,0,0,1,5,0,0,0,0,0,0,0,2,0,1,1,1,0,0,2,0,0,1,0,2,1,0,2,1,2,0,0,0,0,0,0,0,0,1,3,0,0,0,2,1,1,3,3,0,0,0,0,0,1,0,1,2,0,0,1,1,1,1,0,0,0,0,0,0,0,0,2,0,0,0,0,0,1,0,0,0,2,1,0,0,0,0,0,3,2,0,0,1,2
0,3,2,0,2,0,1,0,4,3,3,0,0,0,1,1,1,0,1,1,0,0,0,0,0,3,0,0,0,0,0,0,0,0,0,1,0,0,0,0,0,0,1,0,2,0,0,0,0,2,0,0,0,0,2,0,0,1,0,0,1,2,0,0,0,0,0,0,0,0,0,0,0,0,0,1,0,3,0,3,1,0,0,0,0,0,0,1,0,0,1,2,0,0,4,0,0,0,0,1,0,4,0,0,2,0,0,0,0,1,0,0,0,0,3,0,0,1,0,0,0,0,0,91,205,253,255,208,89,0,0,2,0,0,1,0,2,0,0,0,0,0,2,0,0,1,2,3,0,1,79,213,252,249,250,252,246,120,0,0,1,0,1,0,2,0,0,4,2,1,1,0,1,1,2,0,3,0,228,240,178,54,117,248,254,229,24,0,0,0,0,1,0,5,0,1,2,1,2,3,1,0,1,2,1,0,225,195,2,2,0,119,246,252,112,5,0,0,0,2,2,1,0,1,0,0,1,0,0,0,0,0,0,0,224,195,0,0,0,0,193,253,112,3,0,5,0,0,0,0,2,0,0,1,0,2,1,1,3,0,0,0,128,31,0,0,0,0,199,250,112,0,0,0,2,0,0,3,0,1,0,0,1,0,0,0,0,1,0,1,0,2,0,2,0,0,71,252,114,0,0,2,0,0,0,1,1,1,0,1,0,3,0,0,2,3,0,0,0,0,1,0,0,3,87,252,114,0,3,0,0,0,3,2,0,0,2,0,0,0,3,0,0,0,1,0,1,0,0,0,0,2,196,250,112,1,2,1,1,0,2,3,2,0,0,0,0,0,1,3,0,1,1,0,1,1,0,0,2,0,199,254,113,0,0,1,1,1,3,0,0,0,0,1,1,0,1,1,0,2,2,0,0,1,0,1,0,85,250,225,1,2,0,1,0,0,0,1,0,0,0,0,0,1,0,0,0,2,1,2,34,89,86,35,0,212,252,99,3,0,1,0,0,0,3,3,2,3,0,0,0,2,2,0,1,0,29,121,216,250,252,222,198,246,208,23,0,0,2,1,0,2,0,2,0,1,0,0,0,0,0,0,2,1,143,255,240,224,230,252,252,253,195,0,1,1,0,0,0,0,0,0,0,3,0,0,0,1,0,1,0,16,205,252,89,0,15,188,254,254,195,2,1,0,0,0,0,0,0,1,2,0,1,0,3,1,0,0,4,27,255,254,26,0,92,251,255,255,255,82,0,4,2,0,1,0,0,0,2,2,0,2,0,0,0,0,0,26,251,249,104,119,243,252,109,100,247,215,37,0,0,1,0,0,3,1,3,1,1,0,0,3,1,0,0,6,163,252,255,254,244,115,1,19,174,248,111,0,0,0,0,2,1,1,0,0,3,0,2,2,0,0,0,0,125,253,246,190,74,0,0,1,53,252,204,31,4,2,3,0,0,0,0,0,1,1,2,2,0,0,1,0,0,112,71,0,0,0,1,1,23,205,252,254,29,1,3,0,0,1,0,1,2,0,0,1,0,1,2,1,1,2,0,0,0,0,0,0,0,0,2,2,1,2,0,0,0,0,0,2,1,0,4,2,0,3,3,1,0,0,0,0,0,0,2,0,2,0,0,1,0,0,2,0,2,1,0,0,2,0,1,0,0,2,0,0,0,0,0,0,1,0,0,1,0,0,0,2,1,2,2,1,0,2,0,0,0,0,5,0,0,0,0,0,1,0,1,1,1,0,0,0,0,2,0,0,3,0,0,2,1,0,0,3
0,2,1,0,0,0,2,0,0,1,0,0,2,0,0,0,1,0,0,5,0,0,1,0,2,3,0,0,2,0,0,0,1,0,0,4,0,0,0,2,0,0,0,0,0,0,3,2,0,1,0,2,0,3,5,3,0,0,1,0,1,2,2,2,1,0,0,0,3,2,0,1,0,0,0,1,0,0,0,0,2,1,0,0,0,0,0,0,0,0,0,0,0,0,0,1,1,0,2,0,0,1,0,0,0,0,2,0,0,0,2,0,3,0,0,0,0,0,3,0,0,0,0,0,0,1,1,2,0,5,0,0,0,0,0,2,0,0,0,0,2,0,0,4,0,0,1,1,0,0,0,0,3,0,0,0,0,0,0,0,1,0,0,0,0,0,2,0,0,0,0,0,0,2,0,0,0,0,0,16,140,233,219,236,157,11,0,2,0,0,0,0,0,0,0,0,1,2,0,0,0,0,0,1,0,3,70,183,171,24,1,51,254,127,0,0,1,0,0,0,0,0,0,0,0,0,0,0,0,0,0,0,0,0,134,92,1,0,1,14,168,155,0,0,0,0,1,0,0,1,0,2,1,0,2,0,0,2,0,0,1,2,0,0,0,0,1,5,186,138,1,0,0,2,0,1,0,2,1,1,1,0,1,0,0,2,0,0,2,0,0,0,0,0,1,103,205,16,0,1,1,3,0,1,0,0,0,1,0,3,0,1,4,0,0,0,0,0,1,2,0,0,0,130,194,0,0,1,0,0,0,0,0,0,0,1,0,0,0,3,0,0,0,1,0,0,1,0,1,0,0,127,194,0,0,1,0,0,0,0,1,0,2,0,0,0,0,2,0,1,2,0,2,0,2,0,0,0,0,215,158,0,0,0,3,3,0,0,0,0,2,0,0,0,0,0,0,0,1,1,0,1,0,1,0,2,45,247,87,2,0,1,0,0,0,0,2,0,4,0,2,0,0,0,0,0,0,0,2,1,0,0,0,1,161,170,32,0,4,2,0,0,0,0,0,1,2,0,0,1,1,3,0,0,1,3,0,0,0,0,3,0,203,129,0,0,0,1,0,0,0,0,0,2,0,0,0,0,1,0,0,1,2,0,0,1,0,0,1,0,202,124,3,1,1,0,0,0,3,1,0,0,1,0,0,0,1,0,3,0,3,1,0,1,2,0,0,38,213,48,0,5,0,2,0,2,0,2,1,1,0,0,0,0,0,0,5,0,1,0,3,2,0,0,0,95,75,1,0,0,0,0,0,0,0,0,0,0,1,0,2,4,0,0,0,0,0,0,2,0,1,0,5,175,96,1,0,0,0,0,1,3,0,1,0,0,1,1,0,0,1,2,0,1,3,0,0,0,1,0,19,255,56,0,1,0,0,0,3,0,1,0,1,3,1,0,1,1,0,0,0,2,1,4,0,0,0,4,63,209,9,2,0,0,0,0,0,0,0,0,0,0,3,1,1,0,4,4,0,4,1,3,2,0,0,0,182,160,53,0,0,0,0,0,3,0,1,0,1,0,1,0,0,0,0,0,1,3,1,1,4,0,0,0,233,253,52,0,0,2,0,0,1,4,0,1,1,0,0,0,1,0,1,0,2,0,1,0,2,1,2,2,185,163,6,0,0,0,0,2,1,0,0,0,0,3,0,1,0,0,0,1,1,1,0,0,0,0,0,0,0,0,1,1,0,2,0,3,0,1,0,0,3,0,2,0,0,0,0,0,0,0,1,0,0,0,4,1,0,1,0,0,3,0,0,0,0,0,4,1,0,0,0,0
2,0,1,0,4,0,2,0,0,2,2,3,0,1,0,1,0,0,0,0,6,2,0,2,0,3,0,1,2,1,3,0,1,0,0,3,1,1,0,3,0,6,3,0,3,0,0,0,1,2,0,3,0,0,0,0,1,0,1,0,0,0,0,0,0,0,3,0,0,0,0,2,0,3,3,0,0,0,0,3,0,0,1,0,1,0,0,0,2,0,0,0,1,1,1,0,0,0,0,0,0,0,0,3,0,3,1,2,3,1,3,1,1,2,0,2,2,1,0,1,3,0,0,1,0,0,187,93,1,0,1,0,0,0,0,3,2,0,0,0,1,0,0,3,0,3,0,0,0,2,0,0,4,0,131,39,1,3,0,3,0,0,1,1,0,2,2,0,0,2,2,0,0,1,3,0,0,0,1,0,0,71,255,43,0,0,1,2,0,4,2,1,0,0,3,0,2,3,1,0,0,3,0,0,0,1,2,0,0,71,254,118,1,1,0,0,3,0,0,0,0,0,0,0,0,0,1,0,1,3,2,3,0,3,1,0,0,71,255,101,0,0,1,2,0,0,1,2,0,0,1,3,0,0,0,0,1,0,0,0,0,1,0,0,4,128,255,122,0,1,1,0,0,1,0,0,0,0,2,1,0,1,0,1,0,0,0,0,1,0,2,0,0,125,255,120,0,3,1,3,0,0,0,0,1,0,0,0,0,0,0,0,0,0,0,2,0,0,0,0,0,127,255,55,4,2,0,2,0,3,1,0,3,2,1,1,1,0,0,0,0,0,0,3,0,3,0,0,0,123,255,37,0,1,1,1,0,0,3,0,0,0,0,0,0,0,0,0,3,0,0,0,5,2,0,0,0,126,253,38,0,3,0,1,0,0,0,0,1,0,2,3,0,1,0,2,2,1,0,1,1,0,0,0,0,127,254,39,0,0,1,0,0,0,0,1,0,0,0,1,0,0,3,0,2,0,0,2,0,0,0,3,2,143,213,5,0,0,1,0,1,2,0,0,0,0,1,1,0,3,0,0,0,0,2,2,1,0,0,0,1,209,191,3,1,2,0,0,2,1,1,0,2,1,2,2,0,0,0,2,1,0,1,1,0,0,2,0,35,250,124,0,0,3,0,1,4,0,0,0,0,1,0,2,2,3,0,1,1,0,0,0,0,0,1,0,42,253,124,0,1,0,3,0,1,2,0,0,2,0,1,0,3,0,1,1,1,0,1,0,0,0,0,1,15,225,126,3,0,3,0,0,1,3,0,3,0,0,1,2,0,0,0,0,2,0,0,1,0,0,0,3,64,255,104,1,0,0,2,0,0,0,1,0,0,1,0,1,0,0,0,1,0,0,4,1,2,0,0,0,120,229,15,3,0,0,0,1,0,3,0,0,0,0,2,0,0,0,4,0,0,0,4,1,2,0,0,0,124,213,0,0,0,0,0,0,2,2,0,1,0,2,0,0,3,0,0,3,0,2,1,3,0,2,0,0,124,184,0,0,0,0,0,0,0,0,0,0,0,0,0,0,0,2,0,0,1,0,0,3,4,0,1,0,1,1,2,2,0,0,0,0,0,3,0,1,0,0,0,0,0,0,0,3,0,0,0,3,0,0,1,0,0,2,0,0,0,0,1,2,0,1,2,0,2,2,0,1,0,0,0,0,1,0,3,0,0,1,1,0,0,0,0,5,0,0,4,0,1,0,0,3,2,0,0,0,0,1,0,2,0,0,0,0,0,0,2,1,0,0,1,2,0,0,2,1,3,0,0,4,0,0,1,0
3,0,0,2,1,1,0,0,0,2,3,0,0,0,0,0,1,0,1,0,0,1,2,0,2,2,0,2,0,0,2,2,3,1,0,2,0,3,1,0,0,1,2,2,0,0,2,0,0,1,2,0,0,0,2,2,0,0,0,0,0,0,0,3,0,0,0,1,0,0,3,1,0,0,2,2,0,0,3,0,2,0,0,1,0,1,0,3,0,4,0,0,0,1,3,0,0,1,0,2,1,0,0,5,0,1,2,0,1,0,3,1,0,0,0,0,0,0,0,1,0,0,0,0,2,0,0,0,0,0,2,0,0,0,1,0,0,2,6,0,4,0,0,2,1,0,4,0,0,0,1,0,22,212,252,255,212,129,8,2,2,0,1,0,0,0,0,0,0,0,0,0,4,0,0,0,2,0,0,22,163,255,250,252,251,252,173,0,0,0,1,0,2,0,0,0,1,2,1,3,1,1,2,0,0,0,3,75,252,255,130,62,97,191,252,21,3,0,0,0,0,1,3,2,2,0,1,1,1,0,0,2,3,0,0,234,253,174,7,1,0,74,252,102,1,0,0,3,2,0,2,0,2,0,0,0,2,1,1,1,2,0,102,254,249,2,0,1,0,53,253,103,0,0,1,0,2,0,0,0,0,1,0,2,0,0,2,0,0,0,141,253,172,0,0,0,0,91,253,103,1,0,2,0,0,0,0,0,0,0,0,1,5,0,0,2,0,1,204,255,88,0,0,0,41,215,254,40,0,1,2,0,0,0,2,6,2,0,0,1,0,0,1,0,0,43,243,232,30,1,0,41,241,254,210,1,1,0,0,0,2,0,0,0,0,1,1,2,0,0,4,3,0,112,252,229,27,2,2,177,255,255,91,3,2,0,2,3,2,1,0,0,2,1,1,1,0,1,3,0,0,71,254,254,172,22,183,254,251,254,91,0,0,0,0,0,0,0,2,0,0,0,1,0,0,2,1,0,1,2,184,253,251,255,253,254,173,254,254,0,3,0,0,0,4,0,0,0,1,0,0,2,0,1,0,0,0,1,61,215,250,251,251,130,7,128,250,124,0,0,1,2,0,0,0,0,1,3,2,0,0,0,0,2,0,0,1,110,252,253,51,0,1,54,254,204,0,0,1,2,0,0,0,1,0,0,0,0,0,2,1,2,0,0,2,230,253,173,14,1,0,50,250,223,22,0,1,0,1,0,0,0,0,2,0,0,3,0,1,0,0,0,0,255,254,0,0,0,2,52,253,205,1,1,0,2,0,0,3,1,0,1,1,0,0,2,1,0,0,3,40,252,251,0,0,0,1,91,251,165,1,0,1,0,2,1,0,4,2,0,3,4,0,0,0,1,2,0,104,255,253,0,1,11,174,255,237,0,0,0,1,0,0,0,3,0,1,0,0,1,0,0,0,0,0,2,104,252,249,38,40,175,252,215,26,0,2,0,1,0,1,0,2,0,0,0,2,0,1,0,1,0,1,1,43,235,251,254,252,254,171,41,0,0,1,1,1,1,0,2,1,1,3,4,3,0,0,0,5,0,0,2,0,73,252,251,215,90,11,0,2,3,1,0,1,0,1,0,1,0,0,1,0,0,0,0,0,3,0,0,0,0,0,0,0,2,3,1,0,0,0,0,0,0,0,1,0,0,0,0,0,2,0,0,0,0,0,3,0,0,2,0,0,5,0,0,2,2,2,0,0,0,0,0,1,1,1,0,0,2,0,2,2,0,0,0,2,1,0,0,0,1,0,0,1,0,2,0,0,0,0,3,1,0
0,0,0,2,0,0,2,0,0,0,0,0,0,0,0,0,0,0,2,0,2,1,3,0,0,0,1,0,0,0,0,0,0,2,0,1,0,0,2,0,1,0,0,1,0,2,4,0,0,0,3,0,0,0,0,0,0,0,0,0,1,2,0,2,1,2,0,1,0,2,0,0,2,0,2,0,0,0,0,0,1,0,3,1,0,0,0,0,1,1,0,1,0,0,1,1,0,0,1,2,0,0,1,0,0,1,1,2,1,0,3,4,0,2,2,1,0,0,0,3,4,0,0,2,0,1,0,121,137,7,2,0,2,0,0,1,0,1,0,2,1,0,0,3,0,0,0,0,3,4,1,1,0,0,114,252,252,22,2,1,1,1,0,1,0,0,2,0,1,2,1,2,0,1,0,2,4,0,2,2,3,2,208,254,209,15,0,1,0,1,0,1,0,2,1,1,2,0,0,0,1,6,0,2,0,0,0,0,2,0,210,255,225,16,1,0,1,1,0,4,2,3,0,0,2,1,0,0,1,1,0,0,0,3,1,0,0,1,211,254,255,22,2,1,0,0,0,1,0,1,2,3,0,1,0,1,1,0,0,0,3,0,0,1,0,0,212,255,207,9,0,1,0,0,0,2,0,0,1,1,1,0,3,0,3,0,0,2,3,0,2,0,0,47,239,253,130,0,0,2,0,0,2,0,0,0,0,2,0,0,0,3,2,0,0,3,0,0,3,0,0,74,253,249,64,1,0,0,1,0,1,0,0,0,0,1,0,0,0,0,0,0,0,3,2,0,0,1,0,169,252,254,61,0,0,2,1,0,0,0,2,0,0,0,0,2,1,1,1,0,0,0,0,0,0,0,0,170,254,217,10,2,0,1,2,0,0,0,0,2,0,0,1,0,0,1,0,0,0,0,1,0,2,2,0,170,254,213,0,0,0,0,0,2,2,0,0,0,0,2,0,2,2,0,0,0,1,1,0,0,2,2,7,194,249,212,0,0,0,0,1,0,2,0,0,3,4,1,2,0,0,1,0,0,1,1,0,3,1,1,12,214,250,210,0,0,0,0,1,0,4,4,0,1,0,0,1,3,1,1,0,0,3,0,1,1,0,1,22,253,253,213,2,0,1,3,0,1,3,0,0,0,0,0,0,0,2,2,2,3,0,1,0,1,0,1,22,251,253,209,4,0,3,1,0,0,0,1,4,2,2,2,0,0,1,0,0,0,1,0,0,0,0,0,24,254,251,214,0,2,3,1,1,0,0,0,0,0,0,0,5,2,1,0,1,0,0,1,0,1,2,2,24,251,249,213,0,0,1,0,1,0,2,0,0,0,0,0,0,0,1,0,0,0,1,2,0,2,0,0,24,249,255,210,1,2,1,1,1,0,0,0,1,0,0,3,0,0,0,2,0,3,4,0,0,0,0,2,17,232,253,210,0,0,1,0,2,0,0,1,0,1,2,0,0,2,2,1,0,0,0,3,0,0,1,0,0,168,253,125,1,0,0,0,2,0,0,0,0,1,1,1,4,0,0,1,0,0,0,0,0,1,0,1,1,0,0,0,1,1,0,0,0,0,0,1,0,1,0,1,1,0,0,0,3,0,2,0,0,0,0,0,1,3,0,0,2,0,1,0,0,0,3,1,1,2,0,0,1,1,3,1,0,2,3,0,0,1,0,0,0,0,0,0,0,0,2,1,0,1,0,1,0,2,2,0,0,3,0,0,0,0,1,0,3,0,1,0,3,0,1,0,0,0,0,0,0,1,2,0,0,5,1,1
0,0,4,0,0,1,1,1,0,0,0,2,1,0,2,0,0,1,1,0,0,1,1,0,0,0,1,0,5,2,3,0,0,1,2,4,1,0,1,3,0,1,3,1,0,0,0,1,1,0,0,0,0,0,0,1,0,0,1,0,1,3,0,0,0,0,0,0,0,0,0,0,1,1,0,1,3,0,0,0,1,1,0,1,0,1,0,2,0,0,0,3,0,0,1,0,0,0,4,1,4,0,0,0,1,0,0,3,2,0,1,0,0,3,2,0,0,0,0,0,0,0,0,0,0,68,55,76,238,162,8,2,2,0,0,0,0,0,2,0,2,1,1,2,0,3,0,0,0,0,4,10,46,194,255,252,251,254,121,0,0,0,2,0,0,0,0,0,0,1,1,0,3,0,0,0,0,53,89,247,251,254,253,255,225,231,245,75,0,0,2,0,0,1,1,0,0,0,2,3,4,0,0,5,118,248,235,253,253,237,153,35,22,178,253,172,0,0,0,2,0,0,1,0,0,0,2,0,0,2,1,13,227,253,255,252,158,2,3,0,18,252,246,87,0,0,2,0,0,1,1,0,0,0,0,2,1,0,1,7,207,255,251,251,158,0,0,0,32,222,228,2,0,0,3,0,0,0,0,0,0,1,0,0,0,2,0,0,117,215,255,255,252,5,1,119,244,253,162,1,1,0,0,3,0,1,1,0,0,0,1,0,4,0,1,1,0,58,214,254,254,182,29,176,253,187,3,0,0,0,0,0,1,0,0,1,0,0,3,1,0,0,2,0,0,1,76,174,252,255,210,255,255,108,0,0,0,0,1,1,0,0,3,0,0,3,0,0,3,0,0,0,0,1,3,17,142,255,254,255,180,0,0,0,1,0,0,0,0,0,1,0,0,4,0,0,0,1,4,1,0,3,3,2,5,249,253,253,142,1,0,0,0,0,0,0,0,0,0,0,1,0,0,2,1,0,0,0,0,0,2,11,210,255,254,251,240,19,2,0,0,0,2,0,0,2,0,1,0,2,0,2,0,2,0,0,2,0,5,134,254,255,238,204,255,169,0,0,0,1,0,1,0,4,0,0,1,2,4,0,0,0,0,0,0,8,132,255,252,242,36,21,202,230,47,1,4,0,3,6,0,0,0,0,0,0,0,1,1,0,0,0,6,169,254,250,253,69,0,0,107,255,181,0,0,0,0,0,0,0,0,0,0,1,0,0,0,2,0,0,78,254,255,244,100,5,0,0,6,196,237,22,0,0,1,0,2,0,0,0,0,0,0,2,1,0,0,0,111,255,252,220,35,0,1,0,0,78,252,90,3,4,2,0,0,2,1,0,0,0,1,0,1,0,2,0,16,236,254,255,255,191,193,192,191,206,254,175,1,0,2,0,1,0,0,3,0,2,1,0,0,1,0,0,2,174,253,253,255,255,255,254,253,255,252,173,0,3,0,1,0,1,1,2,0,0,0,2,2,0,2,0,0,93,254,255,252,253,255,253,255,227,155,70,0,0,1,0,3,0,2,2,0,1,1,2,0,2,4,0,0,0,0,1,1,0,1,0,2,0,2,3,1,0,1,0,0,1,0,0,0,2,0,0,1,0,0,2,0,2,0,0,1,2,0,1,0,0,0,0,1,0,0,2,0,1,0,2,0,1,3,1,0,0,0,0,0,0,0,0,0,0,0,0,0,0,0,0,0,0,0,0,0,0,0,0,3,0,3,0,0,1,0,1,2,0,3,0,4,0,0,1,1,0,0,1,0,2,1,0,0,1,0,3
0,1,4,0,0,1,2,0,2,2,1,0,2,0,0,0,4,2,0,0,0,0,3,2,1,0,1,1,0,0,0,0,1,0,1,0,0,2,2,3,0,2,0,0,1,0,0,0,0,0,2,0,2,3,0,0,0,0,1,1,0,0,0,0,0,0,0,3,0,0,0,0,1,0,0,0,0,1,0,0,0,0,0,1,1,1,1,0,1,1,2,0,0,0,0,1,0,1,2,0,0,0,1,0,0,0,0,0,2,0,1,1,0,0,2,0,0,0,1,0,3,1,0,3,0,0,0,1,1,2,0,0,1,0,2,3,0,0,1,0,0,0,3,1,0,0,2,0,0,0,0,0,0,2,186,253,110,0,0,3,0,1,1,1,1,0,2,0,0,4,0,2,1,0,0,0,1,1,0,0,0,11,241,252,108,0,0,0,1,0,0,0,1,0,0,0,0,0,1,0,0,0,0,0,1,2,0,0,0,42,246,253,115,0,0,0,2,1,0,0,2,0,0,0,0,0,0,0,0,0,0,0,0,0,1,0,0,0,241,251,112,0,1,0,0,3,0,0,1,0,0,0,1,0,0,0,0,1,0,4,0,0,2,0,0,54,245,252,109,1,0,0,1,0,1,0,2,0,0,2,0,3,1,0,0,2,0,0,1,0,1,2,0,0,241,252,108,1,0,3,2,0,2,0,0,0,0,2,0,1,2,0,0,1,1,0,0,1,1,0,0,0,239,253,109,2,0,0,1,1,2,0,2,0,0,0,0,0,0,0,2,1,0,0,0,0,0,1,0,0,240,252,111,3,0,1,0,0,0,0,3,0,0,7,1,1,0,2,3,0,1,0,0,0,1,0,0,101,249,253,107,0,0,0,2,1,0,2,0,5,3,1,0,0,1,0,1,2,3,1,0,3,0,0,2,112,250,243,7,0,2,0,4,1,2,2,0,0,1,1,2,0,0,0,0,0,3,0,1,0,0,0,4,108,253,245,0,0,0,0,0,0,1,0,0,0,2,1,0,3,2,1,1,4,0,3,1,1,1,1,0,110,250,241,1,3,0,0,0,0,0,0,0,0,1,0,0,2,0,3,2,0,1,1,0,0,1,2,1,108,250,240,0,2,2,0,0,3,0,0,0,1,0,0,0,0,0,2,0,0,2,1,0,0,0,1,1,111,255,241,0,0,0,2,2,0,3,1,0,1,0,3,0,0,0,0,1,3,0,0,0,0,0,1,0,110,250,153,0,3,3,0,0,0,0,0,3,0,1,0,0,0,0,0,2,0,0,0,3,1,3,1,1,110,253,121,2,2,0,1,2,1,2,0,0,0,2,0,1,0,0,0,1,0,3,3,1,0,2,0,1,206,252,121,0,0,0,3,0,0,4,0,0,0,1,0,0,1,0,0,1,0,2,1,0,0,0,1,1,228,250,166,0,0,2,1,1,0,0,1,3,0,0,1,2,2,0,0,0,0,0,1,0,0,0,0,1,230,254,244,0,0,1,0,0,0,3,0,1,0,0,0,0,0,0,1,1,0,0,1,0,0,0,0,0,114,251,125,1,2,0,0,1,0,0,2,2,0,0,0,2,0,3,0,0,0,0,0,3,0,0,2,0,0,1,1,5,0,0,0,0,1,0,0,1,0,0,1,0,0,1,0,0,0,2,0,0,0,1,3,3,0,0,0,0,0,0,0,2,0,1,2,2,0,0,0,0,2,3,0,0,2,2,3,0,0,0,2,0,0,0,1,0,2,0,2,3,4,0,0,0,2,2,1
3,1,0,1,0,1,4,1,0,0,4,0,2,0,0,1,0,0,0,0,1,0,0,2,0,0,0,0,1,2,0,4,2,3,1,0,0,0,2,0,0,0,3,0,1,0,0,0,0,2,0,0,0,2,0,0,3,2,1,0,0,0,1,2,1,0,1,1,0,0,0,3,2,1,1,0,0,2,0,3,2,0,0,0,0,1,1,0,1,0,0,0,0,1,0,0,0,1,0,3,0,3,0,1,0,0,1,0,0,3,0,0,2,0,2,1,0,0,0,0,1,1,2,33,30,114,142,208,254,254,186,11,0,0,0,0,3,1,0,1,0,0,0,0,2,2,0,0,4,0,136,246,250,252,255,255,253,255,249,162,2,2,0,0,0,1,0,0,2,3,1,2,0,1,1,0,0,46,242,253,250,251,253,241,155,153,162,197,0,1,0,2,0,2,0,0,0,0,0,0,2,0,0,0,2,164,249,250,241,148,25,11,1,0,0,10,2,1,3,1,3,0,0,0,0,0,0,0,1,0,2,1,1,165,250,242,35,0,1,0,2,0,4,16,14,0,0,0,0,0,1,2,0,0,0,1,0,0,0,0,0,162,255,250,116,2,0,0,0,0,56,209,141,0,0,0,1,2,2,1,1,1,0,0,0,2,0,0,0,109,243,251,249,119,3,3,8,146,243,250,61,1,0,1,1,0,1,0,0,4,0,1,0,0,0,0,2,0,35,203,254,254,120,60,225,252,251,176,3,2,0,0,2,0,2,2,3,1,0,3,0,2,0,0,0,1,0,6,189,254,251,253,255,250,154,19,1,2,0,0,3,2,3,3,0,0,0,0,0,0,0,3,1,3,0,4,25,225,253,254,251,208,21,0,0,0,0,2,0,0,1,0,5,2,1,0,0,0,1,0,0,0,0,85,211,255,254,255,254,212,20,1,3,2,0,0,0,0,0,0,0,0,0,1,0,2,0,1,0,0,62,248,253,251,249,141,236,253,151,1,0,0,0,0,0,0,1,0,1,0,1,0,0,0,2,0,0,0,90,255,248,251,159,0,33,214,242,35,0,2,0,4,0,0,1,0,1,0,0,1,0,0,0,5,2,1,146,251,250,212,20,0,2,96,252,195,4,1,0,0,0,0,0,0,0,0,0,3,4,0,0,2,0,1,199,254,254,104,0,0,0,1,217,249,55,0,2,2,2,0,0,0,0,0,0,0,0,0,0,0,0,1,200,252,236,41,0,0,0,0,171,250,139,2,0,0,1,0,0,1,0,0,0,2,0,0,2,5,1,0,98,251,229,40,13,10,16,142,251,255,160,0,0,0,0,0,0,3,2,1,0,0,1,0,0,0,0,0,38,237,253,220,242,252,253,252,249,221,24,0,0,0,0,1,2,0,0,1,1,0,2,0,1,0,1,2,3,149,251,251,252,254,249,251,210,91,3,0,0,1,0,0,0,0,0,3,0,0,1,0,1,1,0,3,1,66,53,176,252,250,223,142,20,2,3,3,1,1,2,1,0,1,3,0,0,0,2,0,0,2,0,2,0,2,1,2,0,0,0,0,0,0,0,0,0,0,0,0,1,1,1,1,2,3,1,2,0,0,0,2,0,0,1,0,0,2,0,0,0,2,2,3,0,0,2,2,0,2,2,2,2,2,0,1,0,4,0,0,0,0,0,0,2,0,0,1,0,0,1,0,0,0,0,1,0,0,0,1,1,0,0,0,0,1,1,0,1,0,0,0,0,0,0,0,0,0,2,0,0,0,2,0,0,0
0,1,1,0,2,0,0,2,1,0,0,2,2,1,0,0,0,0,0,2,1,0,0,1,4,1,0,0,2,0,0,1,2,1,1,0,0,2,0,0,0,0,0,0,0,2,1,0,0,0,2,0,0,0,0,1,0,1,0,2,1,1,0,3,0,2,0,1,0,0,2,0,1,0,0,1,1,2,0,1,4,0,0,1,3,0,0,0,0,0,2,0,0,1,2,0,0,0,0,1,0,0,0,0,0,1,0,1,0,2,2,3,1,0,4,2,2,0,0,0,0,0,0,0,2,1,2,2,2,0,3,2,0,4,0,1,2,0,5,0,0,1,4,2,0,0,1,0,1,0,0,0,3,2,0,1,1,53,128,208,214,63,0,0,0,0,0,1,0,1,0,1,3,1,0,0,1,0,0,3,1,4,11,94,215,246,253,243,158,16,0,0,0,1,0,1,2,0,1,2,2,0,0,0,1,0,0,0,35,144,217,255,255,254,199,45,0,0,0,1,0,2,2,0,0,3,0,0,1,0,0,0,0,0,0,121,241,254,253,254,155,33,6,2,1,0,1,0,0,0,0,0,0,0,0,1,1,0,0,0,1,3,0,253,254,255,238,120,0,0,0,0,0,0,3,3,0,1,0,0,2,1,2,3,0,2,2,0,0,1,22,253,252,237,54,2,0,0,2,0,2,5,0,1,0,0,0,0,0,0,0,0,0,1,0,0,0,0,96,254,254,128,0,1,0,0,0,0,2,3,0,0,0,0,0,0,0,2,0,0,2,0,0,2,1,1,100,251,239,22,2,0,4,0,0,0,0,0,0,2,1,1,0,0,1,0,1,2,2,3,0,1,0,3,139,253,158,1,0,0,1,2,1,2,1,0,0,2,0,1,0,0,0,2,0,0,0,0,0,0,0,0,59,250,242,30,1,0,2,0,0,0,0,0,0,2,2,1,0,0,1,0,1,0,1,0,0,0,1,0,1,154,255,222,60,0,1,0,2,0,1,0,0,0,0,1,2,0,2,0,1,3,1,0,0,1,0,0,0,49,226,252,247,138,0,0,1,0,0,0,1,0,1,3,2,1,2,0,1,0,0,2,0,0,1,1,2,0,44,226,255,251,175,83,0,0,4,2,1,0,0,0,1,0,1,2,0,0,0,0,2,1,0,1,2,0,0,41,95,228,237,251,93,0,0,0,0,0,3,0,1,1,0,0,0,0,0,4,1,0,1,0,0,1,0,2,0,23,78,253,207,8,0,0,1,2,1,1,0,2,0,0,4,0,0,0,0,2,2,0,0,0,0,1,2,0,219,252,207,12,0,0,4,0,1,1,0,0,0,0,0,3,2,0,2,0,0,1,2,0,3,0,3,132,254,254,90,0,0,2,1,0,1,0,0,0,0,0,1,2,0,0,3,1,0,0,2,0,0,27,142,255,254,240,24,0,1,0,1,0,0,0,0,0,0,1,0,1,0,0,0,0,0,4,3,222,234,240,253,254,228,44,0,0,0,0,3,3,0,0,1,1,0,3,1,2,0,1,0,0,0,2,1,57,202,253,238,193,22,0,0,0,0,1,1,1,2,0,1,3,4,0,0,0,0,0,2,0,1,1,0,0,4,0,0,0,0,0,0,0,1,3,0,0,3,0,0,0,1,0,1,0,0,0,0,3,1,1,0,4,1,3,0,2,4,0,0,3,0,0,2,0,1,0,2,0,0,0,0,0,0,0,1,1,3,4,0,0,0,0,0,0,2,0,2,0,2,3,0,2,0,0,0,0
3,0,0,2,0,0,0,0,0,0,0,3,0,0,2,1,2,0,0,0,0,2,0,0,0,0,0,1,0,0,2,1,0,2,0,1,0,0,0,1,0,0,0,1,0,0,2,1,1,0,0,0,0,0,1,0,0,0,3,0,1,2,0,0,3,0,1,0,0,1,1,3,0,0,0,0,0,2,0,0,0,2,1,0,0,0,3,1,0,0,3,2,0,3,0,1,0,5,0,2,2,0,0,2,1,2,0,0,4,2,0,0,2,1,0,1,0,1,0,0,1,1,1,66,192,253,255,254,253,255,127,63,0,1,0,0,0,0,0,1,1,0,0,0,0,0,0,3,0,0,192,253,255,253,255,129,63,128,255,253,129,0,0,2,1,1,1,2,1,1,0,1,0,0,1,0,1,192,255,255,253,252,193,2,0,0,127,255,254,189,0,0,0,1,0,1,0,0,0,0,2,1,0,2,65,255,255,190,128,131,65,0,2,1,2,255,255,255,61,0,0,0,0,0,2,0,0,0,4,0,1,0,189,255,255,131,0,0,2,0,0,1,0,60,252,254,254,66,1,5,0,0,1,0,0,1,0,0,0,192,255,253,255,0,2,0,1,0,1,1,0,0,130,255,252,128,0,0,0,0,0,0,0,0,0,0,1,254,250,255,63,1,0,0,0,0,0,0,0,0,65,254,251,192,1,2,0,0,0,0,0,3,3,1,190,255,255,254,0,4,0,0,1,0,0,0,3,0,2,127,254,255,0,3,0,0,0,0,0,2,1,65,255,255,255,65,0,2,2,2,1,0,0,1,0,2,1,65,255,252,127,1,0,1,0,0,1,1,0,129,254,254,125,1,0,0,0,2,0,0,0,0,0,0,0,64,252,254,127,0,2,3,1,3,0,0,0,255,254,252,60,0,1,3,1,0,0,2,0,0,1,1,0,188,254,255,66,1,0,0,0,4,0,0,0,255,253,254,3,0,0,0,0,0,0,1,1,0,0,0,128,255,255,126,0,1,1,3,0,1,2,2,1,255,255,129,0,0,0,0,1,2,1,3,0,1,0,130,255,254,191,0,3,3,0,3,3,0,0,0,0,255,255,193,0,0,0,3,0,1,0,1,0,1,129,254,255,255,65,1,0,0,0,0,0,0,0,0,0,255,255,255,1,0,0,2,0,0,0,0,2,193,254,255,255,255,0,2,0,0,0,0,0,0,0,0,0,255,255,253,127,0,0,0,0,2,0,62,255,254,252,251,190,1,2,1,0,0,1,0,2,1,2,2,3,129,255,250,255,126,0,0,65,129,190,255,254,255,254,63,2,0,2,0,3,2,0,3,2,0,0,0,0,64,190,254,255,255,253,255,254,254,254,255,255,189,1,1,0,0,2,0,0,0,0,4,0,1,2,0,0,0,0,193,255,255,255,255,255,254,255,193,1,4,0,1,1,0,0,2,0,2,0,1,1,2,0,3,0,3,0,1,62,255,255,253,251,254,64,0,2,0,0,0,0,1,2,0,0,3,1,2,0,0,0,0,0,2,3,4,0,0,0,0,0,1,0,0,0,0,0,2,1,2,0,0,1,2,0,0,0,3,0,0,4,0,0,0,2,0,4,0,0,2,0,0,0,1,2,0,0,2,1,0,0,0,0,0,0,1,0,0,0,0,1,3,0,0,1,1,0,0,2,1,1,0,1,0,0,1,0,1,1,0,0,0,1,0,0,2,3,1,0,2,0,0,0,0,2,0,0,4,0,0,0,0,1,0,0,0,0,0,1,1
3,1,0,0,0,2,1,1,0,1,0,2,0,0,0,2,0,0,0,0,0,0,0,0,0,0,1,0,0,0,0,3,0,0,0,1,0,0,0,0,1,0,0,0,1,1,0,2,0,0,2,1,0,1,2,0,1,0,0,0,0,0,0,1,0,0,0,0,0,0,0,0,0,0,0,0,0,1,0,0,0,0,0,1,0,0,1,0,2,6,0,0,0,1,1,2,0,0,0,0,0,4,2,0,0,0,2,1,0,0,2,0,0,0,0,1,1,2,0,1,0,3,0,13,94,97,97,156,255,175,74,1,3,3,1,0,0,0,2,0,0,3,0,0,0,0,0,0,0,0,13,158,220,181,161,160,180,233,234,93,1,0,1,1,0,0,1,0,0,1,0,0,0,1,1,0,1,0,47,110,1,0,0,1,1,129,250,255,2,0,0,0,1,0,0,1,4,3,1,4,0,1,1,1,0,1,0,1,3,0,0,1,2,17,225,251,43,0,2,0,0,0,0,0,2,0,0,0,0,0,1,1,1,0,0,0,0,0,1,0,3,78,240,253,58,3,0,4,0,1,0,0,1,2,0,0,2,0,0,1,0,1,0,1,2,0,2,0,0,133,251,191,0,0,1,1,0,1,0,0,0,0,0,0,0,1,0,2,4,132,190,191,188,50,10,10,50,219,252,93,0,0,2,0,0,1,0,0,2,2,1,0,0,0,0,2,30,127,126,220,247,248,174,175,249,250,219,47,0,0,1,1,0,3,0,0,0,1,0,0,1,0,0,0,0,0,0,41,186,206,252,253,253,252,51,1,3,0,0,0,0,0,2,0,0,0,2,0,0,0,0,1,0,0,0,3,2,162,247,253,252,253,133,0,0,1,2,1,0,2,0,2,2,0,0,0,0,0,0,0,1,0,2,33,255,254,252,159,168,255,251,97,0,2,0,0,1,0,3,0,0,1,0,0,1,2,3,0,3,0,91,197,251,182,62,0,9,156,249,93,0,1,2,0,1,3,4,0,0,0,0,1,0,3,0,2,4,0,253,251,189,14,1,1,0,130,251,174,0,1,1,3,0,0,0,3,0,2,4,2,0,1,0,1,0,138,251,225,18,0,0,0,1,126,253,112,0,0,0,1,0,0,1,0,0,2,3,0,0,0,4,0,0,158,248,120,1,0,0,0,20,205,252,94,2,0,2,4,3,1,0,0,0,0,0,0,2,5,0,4,26,194,255,65,0,2,1,36,111,254,229,60,0,1,1,3,0,0,2,0,0,0,2,1,0,1,0,0,16,180,250,83,0,21,22,213,252,234,67,0,0,0,1,0,1,0,1,0,2,1,0,0,0,0,1,0,1,161,251,238,127,205,205,251,253,124,5,0,2,0,3,0,0,2,0,0,0,2,0,3,0,0,0,2,3,121,251,248,252,251,252,230,73,15,0,2,0,2,0,1,0,0,0,0,3,0,1,1,0,1,0,1,0,0,95,92,171,210,92,55,0,0,0,2,0,0,0,3,0,0,5,2,0,0,0,1,0,1,0,3,5,1,2,0,0,2,0,1,0,4,4,1,0,0,1,0,0,2,0,2,0,1,0,1,0,4,0,2,3,1,2,0,0,2,0,1,0,0,0,1,3,0,0,0,1,0,0,0,1,3,0,1,0,0,0,0,0,1,0,0,0,0,0,1,0,0,2,0,0,0,1,0,0,3,1,1,0,2,2,0,0,0,0,3,0,1,0,2,0,0,0,0,0,2,1,0,0,0,0,0,0,0,0,0
0,0,0,0,2,2,0,0,2,2,2,0,0,0,0,3,0,0,0,0,1,0,1,2,0,0,1,1,0,0,0,0,0,0,0,0,0,0,0,0,0,2,1,0,1,0,0,0,0,0,0,1,0,0,3,0,0,0,0,0,1,0,0,0,1,1,0,4,2,2,1,0,0,1,0,0,1,0,0,0,2,3,0,0,0,1,1,0,0,0,1,0,1,3,1,3,3,4,1,0,1,0,0,0,0,0,0,1,3,1,0,1,0,0,0,0,2,0,2,2,0,0,2,2,0,0,0,2,0,0,0,0,4,0,2,0,0,2,0,2,4,2,1,5,1,0,0,1,0,1,0,0,0,0,20,143,254,214,119,2,4,0,2,3,1,0,0,0,0,1,0,2,3,0,1,0,0,0,1,1,0,33,255,255,254,246,154,1,0,0,1,1,2,0,1,0,0,0,1,1,2,1,2,0,1,0,2,0,111,220,255,238,114,36,3,2,1,0,0,1,0,0,0,1,0,3,0,1,0,0,0,1,0,0,0,129,247,252,175,25,0,2,3,1,0,0,0,0,0,0,1,0,1,0,1,2,4,3,0,2,1,0,129,251,251,155,6,2,0,0,0,0,0,0,1,3,0,2,1,0,2,3,1,1,1,0,0,0,0,69,234,254,109,0,1,0,0,0,141,230,71,0,1,1,0,2,0,1,0,0,0,0,1,3,1,1,68,208,255,122,9,1,0,0,0,93,252,255,121,3,1,1,0,0,1,0,0,2,0,0,0,0,0,34,231,253,188,10,0,1,0,0,36,250,251,254,105,0,0,0,0,0,2,1,0,3,2,3,2,0,0,132,254,197,21,0,0,0,0,41,214,255,250,242,27,0,0,0,0,0,3,0,0,0,0,0,1,3,1,192,251,112,0,0,1,3,93,247,254,255,255,160,0,0,0,0,1,2,1,3,0,0,0,1,0,0,0,219,255,50,3,0,0,93,253,251,251,255,255,101,0,0,1,1,0,0,0,0,0,2,0,0,0,0,0,144,255,73,32,100,151,249,243,165,227,253,182,0,0,0,0,2,0,0,0,0,0,4,1,0,0,3,0,47,229,237,253,255,254,209,53,113,254,252,56,3,0,0,0,0,0,0,0,0,0,0,0,0,3,0,0,0,43,215,225,126,92,0,10,220,255,200,0,1,0,0,0,0,3,0,1,0,0,0,0,0,0,0,0,0,0,9,10,0,0,0,39,254,253,138,1,0,0,2,0,2,1,2,1,1,0,0,2,2,0,0,0,2,0,0,2,2,0,5,96,251,235,20,1,0,0,0,2,0,1,1,1,0,3,1,0,2,2,0,1,2,2,0,1,0,0,4,132,255,162,0,2,0,0,0,1,0,1,0,0,3,4,0,0,1,1,0,1,0,0,0,1,0,0,0,133,237,22,2,0,0,0,0,0,0,1,0,0,0,0,0,0,0,0,0,0,0,1,1,2,0,0,0,96,222,0,0,1,3,0,0,0,0,0,0,0,0,0,0,0,2,0,2,1,0,3,0,0,0,1,0,45,247,143,1,2,0,1,0,0,0,1,0,0,0,1,0,0,0,0,1,2,0,1,0,0,2,1,0,2,0,0,0,1,1,0,1,0,0,0,0,4,0,0,0,0,1,0,1,2,1,0,0,0,0,2,0,0,2,0,1,0,0,0,3,1,0,0,0,0,0,4,0,3,0,0,0,0,0,1,1,4,1,0,0,1,1,2,0,1,1,1,1,0,0,0,2,5,0
0,2,0,3,1,0,0,0,1,2,0,0,0,0,0,0,1,0,1,1,1,2,0,0,0,0,1,1,0,0,0,0,0,0,0,0,0,0,0,0,0,0,0,0,4,0,2,0,0,0,1,0,0,0,3,0,0,1,1,0,0,0,0,0,0,2,2,0,0,1,2,0,0,0,0,1,2,0,0,0,0,0,0,0,0,1,0,0,0,0,1,0,0,2,0,2,2,0,0,0,0,0,0,0,0,1,1,1,0,0,1,3,1,2,1,0,0,0,0,2,44,123,121,216,254,251,247,120,124,71,0,0,2,2,0,0,2,0,0,0,0,0,1,0,0,0,0,0,221,253,254,251,253,254,254,252,254,249,84,0,0,0,0,0,2,0,0,0,0,0,0,0,0,1,0,97,248,255,252,255,253,254,254,252,255,252,244,40,2,1,1,2,0,2,2,0,1,0,1,0,3,2,0,108,251,252,251,251,252,253,253,253,253,252,255,80,1,0,2,0,0,3,4,0,1,2,2,0,0,0,0,22,233,232,187,155,50,51,129,185,251,250,253,137,0,0,0,1,0,2,0,0,0,1,1,1,0,0,2,0,62,41,2,0,2,0,8,126,254,253,252,37,0,1,0,0,2,0,2,0,0,0,0,2,0,0,1,2,1,1,1,3,2,0,106,253,252,253,239,33,0,1,0,1,0,3,2,1,0,1,1,0,0,1,0,2,0,0,2,1,0,20,212,255,255,253,76,2,0,2,0,0,2,0,2,0,0,0,0,2,0,4,2,3,2,0,1,0,3,112,249,253,255,190,8,0,0,0,1,0,0,1,1,1,0,1,5,0,0,0,1,0,0,1,2,1,43,254,251,251,254,72,0,0,1,2,0,0,0,0,0,0,0,0,1,0,0,0,0,1,0,0,1,27,216,255,255,253,135,1,0,0,2,0,1,0,1,1,0,0,0,0,0,0,0,0,0,0,0,0,27,210,255,253,253,193,8,0,3,0,0,0,0,0,0,0,0,3,0,0,3,3,1,0,0,0,1,28,206,254,252,254,190,13,0,0,0,1,0,0,0,0,0,0,0,0,2,0,0,0,1,0,2,1,0,81,255,252,254,243,74,2,0,2,0,28,80,108,123,30,1,0,0,1,3,0,0,0,1,0,1,0,109,218,253,255,240,99,1,1,1,62,112,218,253,254,255,197,0,0,1,0,0,1,0,1,0,3,0,3,230,252,255,251,243,186,189,188,187,249,251,250,252,253,193,62,1,0,1,0,1,1,1,0,0,0,0,0,225,252,252,255,255,252,251,252,255,253,254,242,212,115,26,0,0,0,0,0,0,1,0,2,0,3,0,3,228,252,253,251,255,254,255,254,255,254,179,64,3,1,3,0,2,0,0,0,0,3,0,0,0,0,0,1,228,255,255,255,254,250,253,253,241,115,13,2,0,1,0,0,2,1,1,0,4,1,1,0,0,2,0,0,158,252,253,252,255,255,177,121,0,4,0,1,0,0,0,0,2,0,1,3,0,2,0,0,2,3,2,0,0,0,2,0,0,1,0,0,0,0,1,0,0,0,1,0,0,0,0,1,0,0,0,1,1,0,1,0,0,2,1,0,0,2,3,2,1,0,1,5,0,0,3,0,0,3,0,2,0,2,0,0,1,1,0,0,0,0,0,1,4,0,3,1,0,0,0,4,1,3,0,0,2,1,0,0,0,3,0,0,0,0,0,0,0,0,0,0,1,0,3,0,0,1,0,0,3,2,1,1,0,0,0,0
5,0,1,0,0,0,0,0,0,3,2,0,0,3,0,0,1,3,1,0,0,3,1,0,1,1,0,2,0,1,4,0,0,0,0,2,0,2,3,0,0,2,0,1,2,0,0,0,2,0,0,2,0,0,2,2,0,0,2,0,0,1,0,2,0,0,0,0,3,0,0,1,0,2,3,0,0,2,0,0,0,2,2,0,0,1,1,0,0,0,2,0,0,4,1,3,3,0,0,0,0,0,0,1,1,0,0,1,0,1,0,1,0,0,3,1,0,0,1,4,1,1,3,2,0,0,0,0,4,1,0,0,1,0,1,0,0,1,0,0,0,0,0,1,2,3,1,1,0,7,203,255,253,225,160,163,94,64,38,0,0,0,1,0,0,0,1,2,0,1,0,1,2,2,0,4,0,73,254,254,254,255,252,253,255,250,238,88,0,0,0,1,3,0,1,0,0,0,0,0,2,2,2,1,0,122,254,255,254,255,254,252,255,254,254,235,18,0,0,0,0,0,1,0,0,1,0,0,0,3,0,0,1,120,254,178,5,4,99,99,129,121,195,213,117,1,0,0,0,2,0,0,3,0,0,0,0,0,0,0,1,202,255,60,1,2,2,0,3,0,0,11,16,0,2,2,2,1,2,4,0,0,0,0,0,0,0,0,0,216,190,3,1,0,1,1,3,0,0,0,0,0,1,3,1,2,0,1,0,0,0,2,0,0,0,2,0,215,167,1,0,3,0,0,0,0,0,0,0,1,0,1,0,0,0,0,1,0,0,0,0,4,0,3,2,217,174,17,15,53,25,24,50,9,0,0,0,1,3,0,0,0,2,0,0,0,0,1,0,0,1,2,0,187,255,236,241,254,255,253,253,210,136,1,0,0,3,1,0,0,1,0,0,1,0,2,0,0,3,1,0,104,253,252,255,255,255,254,255,255,250,211,51,0,2,2,0,3,0,2,0,3,0,3,0,0,0,0,0,5,186,238,233,179,55,50,88,189,205,248,221,2,0,0,0,0,0,0,0,2,0,2,3,2,0,0,2,0,4,0,0,0,0,2,0,0,1,81,219,120,1,0,0,0,0,6,4,0,2,0,0,0,0,0,0,0,2,0,0,0,0,0,0,0,1,0,99,243,0,0,0,0,0,0,1,0,0,0,0,2,0,3,2,1,0,0,2,0,0,1,0,0,1,0,135,249,0,1,0,0,0,4,1,0,0,1,3,0,0,1,4,0,3,0,1,2,1,1,0,0,2,5,163,248,0,0,0,2,0,0,1,0,1,0,0,0,0,83,206,34,3,4,0,0,0,0,1,0,19,92,251,246,0,0,1,0,4,0,0,5,1,2,2,0,0,93,254,229,162,100,93,7,5,10,104,153,219,252,253,169,1,2,1,0,1,0,1,0,0,0,0,0,0,36,225,253,255,255,254,253,254,219,255,255,254,254,213,0,3,2,1,1,0,0,2,0,0,1,0,0,0,0,17,73,156,221,236,251,254,255,252,154,35,97,22,0,0,2,0,2,0,0,2,0,0,0,0,0,0,0,2,4,0,0,36,225,217,254,125,2,0,0,0,0,0,0,0,3,0,3,2,0,2,1,0,0,3,0,0,0,0,3,1,0,2,0,0,0,2,0,0,0,0,0,0,3,0,0,0,3,2,1,0,0,0,0,0,0,2,1,3,0,1,0,0,0,1,0,0,1,1,0,0,1,3,0,1,1,3,0,0,2,0,0,0,0,1,3,1,0,0,0,2,3,0,1,0,0,0,2,0,0,0,0
0,0,0,0,1,0,0,0,0,1,0,1,1,0,1,0,0,1,0,0,2,0,1,0,0,0,0,0,2,0,0,0,0,1,0,0,2,2,2,0,2,0,0,2,0,0,0,1,0,1,0,0,1,0,0,0,0,0,0,0,0,3,1,0,1,2,0,0,0,0,0,0,4,0,0,0,1,1,0,0,0,0,0,0,1,2,2,2,0,0,1,0,0,2,2,3,0,0,2,0,0,0,0,0,5,3,0,0,1,1,0,3,2,0,1,0,2,0,0,1,1,0,0,0,0,1,3,0,0,0,0,0,1,2,0,0,1,0,3,0,0,0,1,0,1,0,0,0,1,3,0,0,38,220,237,52,3,0,3,2,0,3,0,0,1,0,1,0,0,0,0,0,1,0,1,0,0,0,0,36,220,254,255,236,89,87,85,77,2,0,0,0,0,1,3,0,0,1,1,0,1,1,2,2,0,0,3,142,252,253,254,250,253,252,251,246,197,133,40,0,0,4,0,0,1,2,1,1,2,2,1,0,2,3,109,249,251,251,251,250,253,253,252,251,252,254,224,52,0,0,0,2,0,0,4,0,1,0,3,2,0,32,250,252,254,251,255,251,253,251,252,239,190,255,250,229,50,2,0,0,0,0,0,0,1,0,0,1,0,31,255,254,253,195,0,2,1,1,3,0,2,192,252,253,225,0,0,0,1,0,1,1,0,0,3,0,18,184,251,252,224,51,0,2,4,2,2,2,2,14,229,251,221,0,0,2,0,0,0,0,0,1,0,3,87,254,252,252,57,1,0,0,5,1,0,1,1,4,222,249,224,0,0,0,0,1,2,0,1,0,0,1,198,250,255,180,7,0,1,1,3,0,3,0,0,76,245,250,228,0,4,2,0,1,0,2,0,2,1,3,198,252,251,139,0,0,3,0,3,1,1,0,1,110,253,252,145,0,0,0,0,0,4,0,2,0,0,87,251,254,188,1,4,1,0,1,0,1,1,0,68,254,253,228,48,2,0,0,0,0,0,0,5,0,0,209,255,248,113,3,4,1,1,4,3,0,1,24,241,255,224,53,0,0,3,0,0,0,3,0,0,0,92,245,253,227,24,0,0,0,0,2,2,0,45,157,251,223,50,0,0,2,2,0,0,0,0,0,0,1,113,252,253,225,1,1,1,0,0,0,0,7,204,251,251,126,0,0,0,0,1,0,0,0,0,1,0,1,110,250,252,224,0,2,0,0,0,0,62,178,254,250,171,0,0,1,0,3,2,0,0,0,0,2,0,0,114,252,255,227,2,0,0,1,12,114,255,254,254,163,2,1,0,0,1,0,1,0,1,2,0,0,1,0,77,243,253,231,86,50,76,85,181,252,253,222,136,7,0,1,1,1,1,0,0,0,0,0,1,1,3,0,0,226,250,250,255,226,244,250,254,254,229,52,3,2,2,1,0,0,0,2,0,0,0,0,0,0,0,1,1,124,244,254,254,250,251,250,249,143,46,0,0,1,2,0,1,0,0,0,2,0,0,0,0,1,0,0,0,0,86,204,250,253,255,141,96,3,0,0,0,0,1,0,0,0,0,1,0,0,0,1,1,2,0,1,4,0,1,0,6,0,1,2,0,3,0,0,0,0,1,3,0,0,4,0,2,0,1,1,0,1,0,1,0,0,0,0,0,2,0,0,0,0,1,0,0,0,0,0,0,0,3,0,3,0,0,2,1,0,0,1,0,0,1,3,0,2,1,0,0,1,0,3,2,0,0,3,0,0,0,0,0,4
0,0,0,1,0,0,0,0,3,0,2,3,1,2,1,0,4,0,0,0,1,0,0,0,0,0,0,0,0,1,1,3,3,0,0,1,0,0,3,2,3,4,0,2,0,0,0,0,0,0,0,4,0,0,1,1,0,0,1,3,0,0,0,0,1,0,3,3,0,0,0,0,0,0,1,0,0,0,0,0,0,2,0,0,1,0,0,0,0,2,0,3,0,0,0,1,2,2,0,0,0,0,0,0,6,2,1,1,0,0,0,2,0,0,0,0,0,1,1,0,0,0,0,0,123,163,0,1,0,0,0,0,1,0,3,0,0,0,1,0,0,1,0,2,2,0,0,0,0,3,0,1,203,212,1,1,1,2,3,0,0,1,0,0,0,0,0,0,1,2,0,0,0,0,1,0,3,3,0,0,190,209,1,0,2,3,1,0,3,0,0,0,0,2,0,0,1,1,0,0,0,2,3,1,0,5,1,0,222,221,9,0,0,0,2,2,3,2,2,3,0,1,0,2,0,0,0,1,1,0,2,2,1,1,0,0,150,249,70,0,0,0,1,3,1,0,1,0,2,0,2,0,0,0,2,0,2,3,0,0,1,1,4,0,93,255,116,0,0,1,3,0,3,0,3,2,2,0,0,0,0,0,0,3,0,1,1,0,0,2,0,2,30,254,180,0,0,0,0,1,0,0,0,0,0,0,3,0,0,0,0,2,0,1,0,0,1,0,0,2,17,255,177,0,2,0,0,3,0,2,0,0,0,0,0,1,0,0,0,2,0,0,2,0,0,0,0,0,14,244,211,1,0,0,0,0,0,0,0,0,0,0,1,0,1,0,0,0,0,0,2,0,0,1,0,1,0,148,253,66,0,0,0,0,0,0,2,1,1,0,0,2,1,0,0,0,0,0,0,0,2,0,0,0,0,89,253,108,1,0,2,0,0,0,2,0,0,0,1,0,0,1,0,0,0,4,0,2,1,0,0,3,1,43,255,167,0,1,0,2,0,1,0,3,1,2,0,0,0,0,2,0,0,0,0,0,4,0,2,0,0,4,200,253,69,0,0,0,0,0,1,0,1,1,2,6,2,0,0,0,1,1,1,2,0,0,0,0,4,0,93,255,130,2,0,0,0,0,0,0,0,1,1,0,0,3,0,1,0,0,0,0,0,0,0,1,2,0,10,230,247,38,0,0,0,0,0,0,0,0,2,4,0,1,2,0,1,0,3,3,1,0,3,0,1,0,0,130,255,88,0,0,1,0,0,0,2,1,2,1,1,1,4,1,0,0,0,1,0,0,0,0,2,1,0,108,255,125,0,1,3,2,0,1,0,0,0,0,0,1,0,0,1,0,1,3,0,0,0,2,2,0,3,31,254,234,2,0,0,0,2,0,3,0,1,1,0,3,3,0,0,0,0,0,2,0,1,0,1,0,0,5,219,224,1,1,3,0,1,0,0,1,0,1,0,0,0,3,2,2,0,1,1,0,2,1,1,0,0,21,241,141,1,1,0,1,0,0,2,0,1,1,1,0,4,0,0,0,0,3,2,0,2,0,0,0,0,2,1,1,2,1,0,0,2,0,0,0,0,3,2,1,1,1,3,0,1,4,0,2,3,1,1,0,1,0,0,0,2,1,0,4,0,1,3,0,0,1,0,0,0,0,2,0,0,2,2,0,0,0,0,5,0,2,1,1,0,1,3,2,0,1,2,0,0,3,0,2,1,1,1,1,0,0,1,0,1,0,0,2,0,0,0,0,0,2,0,0,2,1,2,1,2,0
0,0,3,2,0,3,2,1,0,3,2,1,2,0,1,1,2,0,0,0,0,0,0,2,0,4,0,0,1,0,1,1,1,0,0,1,2,1,0,0,0,0,0,0,2,0,0,0,0,0,0,3,1,0,1,0,0,0,0,2,0,0,0,0,0,0,0,1,0,0,1,0,0,0,2,3,0,0,0,0,2,2,0,0,1,0,0,0,1,0,0,0,0,3,2,0,3,2,0,0,0,1,1,1,0,2,0,0,1,1,2,0,0,1,0,0,2,1,1,2,0,0,0,1,2,3,0,0,0,0,0,1,1,2,0,1,1,0,0,0,2,0,0,1,0,0,2,0,0,0,0,0,0,0,0,2,96,253,149,1,2,1,0,0,0,0,1,0,0,1,4,0,0,0,0,1,0,0,0,2,0,0,0,26,251,253,251,85,1,3,0,0,0,0,0,1,0,1,0,0,1,0,2,1,0,0,2,1,0,0,0,130,251,251,251,191,3,1,1,0,0,0,0,1,0,0,0,0,0,0,2,2,0,2,1,1,0,0,26,212,251,254,254,193,0,0,2,3,0,0,4,0,1,3,0,0,0,2,0,1,0,0,0,0,2,2,90,252,253,255,252,106,0,1,0,3,0,0,1,1,2,0,1,0,0,1,0,0,1,0,0,3,2,85,194,254,252,254,216,16,0,0,0,0,3,2,0,0,0,0,0,3,1,0,0,0,0,0,1,0,0,208,248,253,251,249,203,0,0,1,2,3,0,0,1,0,0,0,3,2,0,3,1,1,2,3,0,0,83,252,252,254,254,254,98,0,0,0,0,1,2,0,0,0,0,0,0,1,0,0,2,1,0,3,0,0,97,206,242,247,207,236,50,0,2,3,0,0,0,0,4,1,0,2,0,0,3,0,2,4,3,0,3,0,52,237,253,251,236,54,1,0,0,0,2,2,0,4,0,1,1,1,0,0,0,0,0,2,0,2,0,0,56,244,252,255,230,2,0,0,0,0,0,0,0,0,1,0,0,1,0,0,0,2,0,0,3,3,1,59,238,249,251,249,147,5,0,4,0,0,0,0,1,0,1,2,0,0,1,1,1,0,0,0,0,0,10,211,250,255,251,240,0,3,0,0,1,0,0,2,0,0,0,0,0,0,2,2,2,0,0,1,0,1,154,250,249,251,252,159,0,0,0,0,1,0,2,0,0,3,2,0,0,1,0,1,3,1,0,0,1,0,192,252,253,252,250,37,1,0,1,0,0,0,0,0,0,1,2,0,0,1,3,0,0,0,2,0,1,2,192,252,249,222,159,0,0,4,0,0,0,3,0,0,0,1,0,1,0,0,0,2,0,0,0,0,2,0,190,250,253,104,120,1,0,0,0,2,1,1,0,4,0,4,1,3,2,0,1,0,0,0,1,3,0,2,122,235,251,216,129,4,0,0,2,0,1,0,0,3,0,4,0,2,0,0,0,1,0,4,0,0,0,0,1,152,251,252,131,1,0,0,0,1,0,2,0,2,1,0,0,1,0,0,0,0,0,0,0,4,0,3,0,4,113,189,71,0,0,1,0,2,2,2,0,0,0,0,0,2,2,1,0,1,0,1,0,1,0,1,1,0,1,0,3,4,0,0,0,0,0,2,0,1,0,5,2,1,0,1,0,0,3,0,2,0,1,0,0,0,1,2,2,0,0,0,0,0,0,0,2,0,0,0,0,1,0,1,0,0,0,0,0,0,0,3,3,1,2,2,1,0,0,2,0,0,0,0,0,1,1,0,0,0
0,0,0,0,1,1,1,3,1,0,1,0,1,0,2,0,0,0,0,4,0,0,0,0,0,0,0,3,2,2,0,0,0,0,0,2,0,0,0,0,1,4,1,0,0,0,0,1,3,3,0,0,0,0,0,1,0,0,0,2,0,0,0,0,0,1,0,0,1,0,0,0,0,0,1,1,2,1,1,1,0,1,0,0,2,2,0,0,0,0,0,0,5,1,0,1,0,0,2,0,2,0,0,0,1,0,0,4,0,0,0,2,0,0,0,1,1,0,2,3,2,8,180,69,0,0,0,0,1,0,5,0,2,1,0,1,1,0,0,0,0,0,2,1,0,0,2,0,1,66,247,240,47,2,0,2,0,0,3,0,0,0,0,1,0,2,0,2,0,0,0,0,0,1,0,2,0,0,234,251,109,0,1,2,1,0,0,1,0,0,0,0,1,1,3,0,3,3,0,0,3,1,3,0,0,0,68,253,250,92,0,0,0,2,0,0,0,1,0,1,0,0,1,1,2,1,0,0,0,3,0,0,0,0,13,253,254,216,0,0,1,1,0,0,1,0,1,0,1,3,5,0,0,0,0,0,0,0,0,3,1,3,5,175,254,253,84,2,0,2,2,0,2,1,2,0,0,0,0,0,0,0,2,1,1,1,2,0,1,0,0,53,247,254,166,1,0,0,0,1,5,3,0,0,1,0,0,0,0,0,1,0,2,1,0,1,0,1,2,2,187,250,218,1,3,0,0,1,1,0,0,0,0,3,3,1,4,1,1,0,0,0,1,0,0,2,0,3,187,249,245,57,0,0,0,3,0,3,0,2,0,0,0,0,1,1,3,4,2,0,1,0,0,1,0,1,93,250,251,173,2,0,0,0,0,0,0,1,0,0,0,0,0,1,0,1,4,0,1,1,0,0,2,0,0,158,255,251,107,0,0,1,0,1,0,0,2,0,2,1,0,0,4,0,1,0,1,1,1,1,0,0,0,36,255,251,149,0,0,1,0,0,0,0,1,1,0,2,1,1,0,0,2,1,1,2,1,0,2,0,0,0,254,250,152,0,0,2,0,3,0,0,0,0,2,0,3,1,0,0,0,2,0,0,1,0,1,0,0,0,137,254,248,8,0,0,0,0,0,0,0,0,0,0,0,0,0,0,2,1,4,1,3,0,0,0,1,0,34,249,255,82,0,0,0,0,0,2,0,0,0,5,1,0,0,3,0,0,1,0,0,0,0,0,1,4,36,251,252,121,0,0,0,1,0,0,0,2,0,0,3,0,0,2,0,0,0,0,1,4,3,0,0,2,3,183,252,224,1,2,2,4,1,0,0,1,0,1,0,1,0,1,2,0,0,2,0,0,1,0,0,5,0,175,254,229,0,0,2,0,4,1,0,2,0,0,2,0,1,1,0,0,0,0,1,0,3,1,2,0,0,72,240,245,65,0,0,0,0,1,0,2,1,0,1,2,0,0,2,0,1,0,1,3,0,1,0,3,2,5,161,194,49,2,0,2,0,0,0,0,0,0,0,2,0,0,0,0,0,0,0,0,2,0,2,0,1,0,0,3,4,0,0,0,1,0,0,1,0,2,0,0,0,0,4,0,0,0,1,0,3,0,0,2,0,0,0,1,0,2,0,1,0,0,2,3,1,0,0,1,0,2,2,2,0,1,0,0,0,2,2,0,1,4,1,0,1,0,3,0,0,3,0,0,0,2,0,2,0,3,0,0,0,1,0,0,4,0,0,0,2,2,2,2,0,4,0,1,0,2,0,0,1,0
0,5,0,4,0,0,2,2,0,2,0,2,0,1,0,2,0,0,0,1,0,2,3,0,0,1,3,0,0,0,0,1,2,2,0,2,0,0,2,0,0,1,1,0,3,3,1,0,0,0,0,0,0,1,0,2,3,2,0,0,0,0,0,0,1,1,0,0,0,0,0,0,0,0,0,0,0,1,2,0,1,0,0,1,0,0,2,2,0,0,1,0,0,0,0,0,4,0,0,0,0,1,0,0,0,0,0,0,0,1,3,0,2,0,0,2,1,1,1,0,1,0,0,1,0,3,0,0,0,35,107,235,250,166,11,3,0,0,0,0,0,0,0,1,2,0,0,3,0,3,0,0,0,0,0,1,100,251,251,249,252,242,127,0,1,3,2,2,0,0,1,1,0,0,0,0,0,0,1,1,3,0,0,149,246,255,254,254,247,138,96,0,0,0,0,3,0,3,0,0,1,1,0,0,0,0,0,1,2,3,196,250,255,174,144,232,251,232,43,1,2,1,1,0,0,0,3,2,3,1,0,2,3,1,0,0,16,152,254,255,164,4,0,0,165,255,192,10,0,1,1,1,0,1,1,0,1,3,2,2,2,2,3,15,139,253,255,112,10,0,0,2,33,252,253,31,0,0,0,0,0,1,2,2,0,3,1,2,0,1,0,148,253,251,72,6,0,0,0,0,7,212,251,31,2,6,0,0,4,0,1,1,3,0,1,0,2,0,146,254,240,160,0,2,0,0,3,2,31,254,238,26,0,2,1,4,1,1,3,0,3,2,0,0,0,101,247,251,142,0,0,1,0,0,0,0,124,253,178,0,0,0,0,0,1,0,0,3,1,0,2,1,47,250,251,186,35,0,1,1,3,0,0,4,169,237,53,0,0,0,0,0,2,0,1,0,0,1,2,28,217,253,253,88,0,0,4,2,2,4,7,158,254,193,0,0,1,4,0,0,1,0,0,0,0,0,0,164,252,251,88,1,0,0,1,0,0,3,156,251,243,28,0,1,2,2,0,4,0,2,0,0,3,1,126,252,251,136,6,0,0,0,0,3,0,69,253,253,110,3,3,0,0,0,1,3,2,0,2,0,0,35,232,252,199,0,1,2,4,0,0,20,109,249,249,106,0,0,0,0,2,0,1,1,0,3,0,0,0,139,252,251,106,0,3,0,0,3,59,193,254,239,69,0,2,0,0,0,0,1,0,0,1,0,3,0,11,200,254,191,1,0,1,2,2,126,253,252,254,106,0,2,1,0,0,0,0,0,2,2,3,0,0,0,33,252,255,123,2,2,66,123,204,251,255,169,92,1,3,0,0,1,1,2,0,1,1,0,3,1,0,3,34,254,248,204,155,156,247,254,254,236,99,30,1,0,0,0,2,0,0,0,0,0,0,0,1,1,2,2,25,230,252,255,250,253,252,235,142,37,0,4,0,0,0,0,1,0,2,0,0,2,0,0,0,3,0,0,0,23,216,252,254,255,148,30,2,0,0,3,0,0,0,0,0,0,0,1,3,0,1,1,1,0,0,1,2,1,0,0,2,0,1,0,1,0,0,0,0,0,0,0,2,0,1,2,0,3,0,1,4,0,0,4,2,0,2,0,0,0,0,0,2,1,0,0,0,2,0,2,2,3,0,0,0,0,0,1,0,0,0,0,0,0,0,1,0,1,0,4,0,0,1,1,1,0,0,1,0,0,0,0,3,2,0,0,1,1,4,2,0,0,2,0,1,0,0,0,0,0,2,0,2,0,1,0,0,0,2,2,1,0,0,0
0,0,0,2,0,0,2,0,0,0,1,0,3,2,1,0,0,1,0,0,0,3,0,3,0,2,0,1,0,1,0,3,0,0,2,1,2,0,0,0,0,0,0,0,0,0,1,1,0,0,1,1,0,0,0,0,0,0,0,0,0,0,1,0,0,0,0,0,0,0,2,1,0,2,0,2,0,0,0,0,0,1,0,0,0,2,0,0,0,3,0,1,0,3,0,0,1,0,0,0,0,0,1,0,1,0,0,2,1,1,1,0,2,1,1,0,0,0,0,0,0,2,2,0,3,0,1,0,0,2,0,0,0,0,0,2,0,3,0,1,0,1,0,0,0,0,0,1,0,0,4,1,1,2,1,0,0,0,0,0,0,0,0,0,0,0,2,0,0,1,0,1,1,0,0,16,106,227,252,255,252,176,79,0,2,2,0,0,0,1,0,0,2,0,0,2,0,0,0,2,0,0,11,192,253,252,188,144,104,184,242,79,0,2,0,0,0,0,0,4,0,0,4,0,0,1,0,0,1,0,113,253,218,157,5,0,4,5,166,248,81,0,0,1,0,1,0,1,0,2,0,0,1,1,0,0,3,0,219,252,38,0,2,1,0,0,9,169,219,22,0,0,0,0,1,2,0,0,0,2,2,0,1,0,0,2,218,252,90,0,0,0,2,4,3,41,229,195,5,2,0,2,0,0,0,0,0,1,0,1,1,0,0,0,77,242,231,49,4,1,0,0,0,0,80,229,9,0,0,1,0,0,1,0,0,3,1,2,0,2,1,1,4,114,243,230,80,0,0,2,48,180,46,235,111,1,0,0,2,1,0,0,0,0,2,0,0,2,1,0,0,2,76,242,252,163,37,0,61,254,138,126,247,17,0,0,0,0,1,3,0,1,2,2,0,0,1,0,0,3,0,43,167,254,240,193,132,254,184,48,250,19,0,0,2,0,2,0,1,0,0,4,0,0,0,0,0,0,4,0,0,44,201,225,255,252,254,173,252,76,0,0,0,0,0,0,0,0,0,2,0,1,0,2,0,0,2,1,3,0,1,21,50,180,255,129,255,121,0,0,0,0,0,0,1,0,0,1,0,0,2,0,0,0,1,0,0,3,1,0,0,114,253,38,208,184,3,3,0,2,0,0,0,3,2,0,1,0,0,1,1,1,0,0,4,0,0,2,1,113,255,27,179,134,1,0,1,1,0,0,1,1,2,0,0,0,0,0,1,0,1,0,1,1,0,0,0,115,253,26,178,119,0,0,3,0,0,1,1,3,0,0,0,0,2,2,0,0,0,0,0,1,0,0,0,114,255,52,244,122,3,0,0,1,0,0,0,3,0,2,0,0,2,1,3,0,2,3,0,0,0,3,0,114,254,84,252,46,0,0,1,0,1,1,3,0,0,4,1,0,0,3,1,1,0,0,0,0,1,1,2,115,255,209,253,18,0,1,1,0,0,0,3,0,2,1,1,2,1,0,2,1,0,0,0,0,2,0,2,118,255,255,224,15,0,0,1,1,3,0,0,0,1,4,1,2,2,1,0,0,1,0,0,0,1,0,3,116,251,240,34,1,0,1,1,1,0,0,1,0,0,0,0,1,0,0,3,0,0,0,0,0,1,1,1,68,222,150,0,0,0,2,2,3,0,0,3,1,0,2,1,0,5,0,0,1,0,2,1,0,0,2,0,0,1,0,0,0,0,2,0,0,1,0,0,0,0,0,0,0,0,2,0,0,3,1,0,1,0,0,1,3,0,1,4,1,0,0,1,1,0,2,0,0
0,2,0,1,1,2,0,0,1,0,2,0,1,0,1,0,3,2,0,0,2,0,0,2,2,1,0,0,0,3,2,2,1,0,2,1,0,1,2,0,0,0,0,0,0,0,0,0,0,2,1,0,0,0,0,2,0,2,1,0,0,0,2,0,2,2,2,0,1,1,0,0,1,0,1,0,1,0,2,0,0,0,2,0,0,0,0,0,3,1,0,0,0,0,0,0,0,0,0,1,0,0,0,0,0,0,0,1,0,0,1,0,1,1,1,1,0,0,0,0,0,2,1,2,0,2,2,2,2,0,1,0,0,0,0,3,4,0,3,1,0,3,1,0,0,0,0,0,0,9,10,98,220,255,250,243,62,16,3,1,0,2,3,0,2,3,0,0,1,2,0,4,1,0,3,0,0,137,210,252,254,250,255,251,254,196,9,2,0,0,0,0,0,1,0,1,2,0,0,1,0,0,3,0,25,236,254,252,250,195,182,251,251,250,197,49,0,1,3,0,0,0,0,0,0,0,0,2,0,0,0,0,189,252,160,252,251,48,2,47,118,226,251,229,95,3,0,0,0,0,0,0,0,0,0,0,0,0,1,1,208,251,134,255,190,3,2,0,0,49,232,251,116,0,1,1,0,2,1,2,0,0,4,0,0,1,0,0,0,115,255,253,118,0,1,0,0,0,83,253,243,50,0,0,0,2,0,1,0,1,0,0,0,3,0,1,0,116,255,242,54,2,1,0,0,0,0,230,255,164,1,1,0,0,2,1,0,0,0,0,3,0,1,0,98,215,246,99,0,0,2,0,0,2,0,199,255,204,0,0,0,0,1,0,1,1,1,0,3,0,1,0,205,253,230,0,0,3,0,1,0,1,0,113,254,245,56,4,0,3,0,0,0,0,0,0,1,0,1,2,208,252,230,2,3,0,0,0,3,1,0,166,254,230,38,0,0,2,0,0,0,2,0,0,0,1,0,39,232,243,52,1,0,0,1,0,2,0,0,228,253,207,0,1,0,0,1,1,3,0,0,0,0,0,1,70,252,138,0,0,0,0,0,2,1,0,1,229,252,186,0,0,5,1,1,0,0,0,0,1,1,0,0,69,252,104,2,0,2,0,4,2,0,1,103,245,245,64,1,0,2,0,0,1,0,0,0,0,4,1,0,112,252,21,0,0,0,1,0,0,0,57,243,248,135,2,0,0,0,1,1,0,2,0,1,4,1,0,3,132,208,14,0,0,0,0,0,0,25,206,252,251,64,0,0,0,0,0,0,1,0,2,0,0,0,0,0,72,255,83,0,0,0,0,1,15,167,250,254,74,0,1,0,0,0,0,0,0,0,3,0,0,0,1,0,120,255,211,26,18,1,80,109,213,251,251,194,7,3,2,0,0,1,0,0,2,3,0,2,1,0,1,0,69,251,251,222,206,184,241,251,254,242,150,48,2,0,0,0,0,1,0,1,3,2,0,4,0,2,0,5,13,214,250,255,254,251,209,242,205,78,0,0,0,0,2,0,0,0,0,1,0,0,0,1,0,0,0,3,0,20,177,252,252,168,87,135,10,0,0,0,0,3,0,0,0,1,0,0,2,3,0,0,0,0,0,1,0,0,1,0,0,0,3,0,3,0,0,0,0,0,6,0,0,1,3,1,0,2,0,0,0,0,2,0,0,0,0,3,2,1,0,1,1,0,0,0,0,1,1,3,2,0,0,0,0,0,1,0,3,0,1,4,0,1,2,0,0,0,2,0,1,0,3,0,0,2,1,0,0,0,0,0,0
0,0,0,0,1,1,0,0,0,0,2,1,0,0,0,0,2,2,1,1,0,0,0,1,0,0,1,0,3,4,1,2,0,3,0,0,0,0,2,2,1,0,0,1,2,0,0,0,3,2,1,0,1,3,2,0,0,0,0,0,1,2,1,0,1,0,2,1,0,0,0,0,0,0,0,1,0,0,1,0,0,0,0,3,0,1,0,0,0,3,0,0,0,2,1,1,0,1,2,0,0,0,0,3,0,0,0,1,0,0,1,0,0,0,1,0,0,4,0,1,0,0,4,0,0,0,0,0,0,0,0,0,0,0,0,0,0,0,3,0,0,0,0,0,2,1,3,0,0,1,0,0,0,0,2,0,4,0,0,2,0,0,1,0,0,0,0,0,2,0,0,2,0,0,0,0,117,200,255,255,210,65,0,3,0,2,0,0,2,0,0,3,2,5,3,0,2,0,0,1,0,0,5,160,230,130,30,84,221,157,2,1,0,0,0,0,1,3,0,0,0,0,0,0,3,2,0,0,1,0,10,252,39,1,2,0,121,230,3,0,2,0,0,0,2,0,0,0,0,0,0,0,2,2,5,0,0,0,6,230,20,1,0,0,29,251,61,5,1,0,0,0,0,0,4,2,1,0,0,0,0,0,0,0,0,1,1,41,12,0,0,2,27,254,95,2,0,2,1,1,1,0,0,1,0,0,0,0,0,0,0,0,0,1,0,0,0,0,0,0,36,255,93,0,0,0,0,1,1,0,2,0,0,0,3,1,0,1,0,1,1,0,0,1,1,0,0,1,126,252,60,0,1,0,0,1,0,0,0,0,0,1,0,2,0,0,0,0,2,0,0,0,0,0,0,0,143,195,1,0,0,1,0,0,0,3,0,2,0,0,0,1,3,1,0,0,0,0,0,2,0,3,1,37,238,116,0,0,0,0,0,2,0,0,1,0,0,0,0,3,0,0,0,0,0,0,0,0,2,4,0,185,254,204,192,173,56,2,0,0,0,1,2,0,0,0,0,1,0,0,0,2,2,6,0,0,0,2,0,246,225,187,190,199,254,228,13,0,2,0,2,0,0,0,1,4,0,0,5,0,2,0,0,3,0,0,0,25,15,2,0,4,32,148,208,54,1,0,0,0,1,1,0,0,1,0,0,0,0,0,0,0,0,0,0,0,1,0,0,0,0,0,122,242,30,0,0,0,0,1,1,0,0,0,0,0,2,0,0,0,0,0,5,0,0,0,0,0,1,0,0,208,138,0,0,0,1,1,0,1,2,2,1,2,0,0,3,0,0,0,1,2,0,1,1,0,1,0,0,119,249,9,1,0,0,0,3,1,1,0,1,4,4,0,1,0,0,0,0,0,1,2,0,0,0,3,2,41,254,10,0,2,0,3,0,0,1,0,1,1,1,1,0,0,0,3,2,2,2,0,0,0,0,0,1,19,255,11,2,0,0,0,0,0,0,0,0,2,0,1,0,0,0,1,0,2,2,1,0,0,0,0,0,99,253,8,0,0,0,1,0,1,4,0,3,3,1,0,1,2,0,1,0,0,0,4,0,1,2,0,7,213,133,1,0,0,0,0,0,0,0,0,2,0,5,0,0,2,2,3,0,2,5,2,3,0,0,29,159,249,48,1,0,3,0,0,0,0,0,0,0,0,0,1,1,0,0,0,0,0,0,0,0,0,2,3,2,0,1,0,0,1,0,0,3,1,0,2,2,0,0,0,0,1,0,0,0,0,0,3,1,1,1,4,0,0,1,1,2,0,0,3,0,0
0,0,2,2,0,0,1,1,1,3,1,0,0,1,1,1,0,5,1,0,1,0,5,1,0,1,0,0,0,1,0,0,0,1,0,1,1,0,0,0,0,0,2,0,0,0,0,0,0,0,0,1,0,0,0,0,1,4,2,1,3,3,0,4,1,1,0,0,0,1,0,0,0,1,0,1,3,0,3,2,1,0,0,0,1,2,4,0,6,0,0,0,2,5,0,0,0,0,1,0,1,1,0,0,0,0,0,0,1,1,2,2,0,1,0,1,1,1,2,0,1,0,2,1,0,131,215,6,3,2,0,0,0,0,2,0,2,2,0,6,2,2,2,2,0,1,1,2,0,0,0,0,15,255,255,128,0,1,2,1,3,0,0,1,0,0,1,3,0,1,0,0,0,0,0,0,1,4,0,1,16,255,255,252,77,0,0,1,0,0,2,0,0,0,3,1,0,0,0,3,0,1,0,1,0,0,0,0,125,254,255,253,84,0,0,3,0,0,0,0,0,3,1,1,3,0,2,0,0,1,1,1,0,1,0,0,127,252,255,254,89,0,0,2,0,1,0,1,1,3,1,0,3,1,0,2,3,0,1,1,0,0,1,1,125,253,253,253,86,0,0,1,0,0,1,0,1,0,2,0,2,1,0,0,0,0,0,0,0,2,1,0,147,253,255,255,85,1,0,0,0,0,0,1,0,1,1,0,1,4,0,0,0,1,0,0,0,0,0,4,234,255,253,255,86,2,0,1,2,2,0,0,1,0,0,0,2,1,0,2,2,0,0,0,0,0,0,1,235,252,251,245,45,0,1,1,0,0,0,0,0,0,3,0,0,1,1,0,0,3,0,0,1,2,0,1,236,254,255,236,1,3,1,5,0,0,0,2,0,0,0,1,3,3,0,0,0,0,0,2,0,0,0,66,252,253,255,234,3,0,0,0,0,1,1,1,1,0,0,0,1,0,1,0,0,0,2,2,1,0,0,87,254,251,255,233,0,0,0,0,0,0,0,0,1,2,0,0,0,0,2,0,0,1,0,0,2,0,3,88,254,255,253,232,0,3,0,1,3,0,3,2,2,0,0,1,0,3,0,0,1,0,0,3,3,0,0,90,254,254,255,231,0,0,1,0,0,2,1,0,0,0,0,2,1,0,1,2,3,1,0,1,1,0,0,88,254,255,252,233,1,3,0,0,0,0,3,2,0,2,0,0,0,0,2,0,2,0,0,0,1,0,0,88,254,255,254,231,1,0,1,0,4,0,0,2,2,1,1,1,1,0,3,0,0,0,0,1,0,2,0,86,254,255,255,232,0,1,1,3,2,1,0,0,0,0,0,0,2,0,3,0,0,3,1,0,0,0,0,89,254,253,255,233,0,1,0,2,2,0,0,1,0,0,0,0,1,0,0,1,1,0,0,0,1,1,1,67,247,253,251,198,0,0,1,0,0,3,0,0,1,2,0,0,1,0,0,0,0,2,4,0,0,0,0,0,187,210,36,20,0,2,0,0,0,0,0,0,0,2,0,5,1,0,0,1,0,3,0,2,4,0,0,0,0,0,1,0,0,0,1,3,0,2,2,0,3,0,2,1,0,1,0,0,0,2,0,0,2,0,2,0,0,1,2,2,4,0,0,0,0,0,3,2,4,0,0,0,2,0,1,0,0,0,0,0,0,0,1,0,0,0,0,0,0,0,1,1,0,2,0,0,0,0,1,2,0,0,1,0,1,0,2,0,0,0,0,1,0,1,3,0,0,0,2,1,2,1,1,0,0,0,2,0
0,0,0,1,0,0,0,0,0,1,2,0,0,0,0,0,0,2,0,1,2,0,1,0,0,0,0,0,2,0,4,1,0,0,0,0,3,2,0,0,0,1,0,0,0,2,0,0,2,0,1,1,0,0,0,3,0,0,2,3,1,1,0,0,1,0,1,1,1,0,2,0,4,1,0,0,1,1,0,0,0,2,0,0,1,1,2,0,0,3,0,2,3,0,2,0,0,2,0,2,0,0,189,255,188,1,3,0,0,0,0,2,1,0,0,0,1,0,0,0,0,0,0,0,0,0,3,0,63,188,255,255,254,0,0,0,0,3,1,0,2,0,1,0,0,1,0,0,0,1,0,3,0,0,1,128,255,255,255,255,255,2,1,0,1,0,0,1,1,0,1,0,3,2,0,0,0,0,0,1,0,0,189,255,254,255,255,62,0,0,0,2,3,0,0,0,1,0,0,3,0,1,2,0,1,0,0,1,0,191,255,253,255,254,2,1,1,1,1,0,0,0,0,2,1,0,0,0,1,0,2,0,0,0,0,0,190,254,253,255,191,0,4,1,1,0,2,3,1,0,0,1,0,0,2,0,0,0,0,1,0,0,1,65,255,255,254,191,64,0,2,0,1,0,1,1,1,0,0,1,0,0,0,0,1,2,2,0,1,0,2,189,254,255,255,3,0,3,0,0,0,0,2,0,1,0,0,3,0,1,2,3,1,1,2,0,1,1,128,255,255,255,64,2,0,0,2,1,0,0,0,0,0,1,4,0,0,1,0,2,0,1,0,0,0,65,254,253,255,125,3,0,3,0,0,0,0,0,2,3,1,0,1,0,0,0,0,0,3,2,0,0,2,251,255,255,255,0,0,1,1,2,1,0,0,1,0,1,3,0,0,1,0,0,0,0,1,0,5,2,1,255,255,251,65,192,255,254,255,255,0,0,0,1,1,7,0,0,0,0,2,0,0,0,0,0,0,0,63,253,255,255,255,254,255,254,254,254,193,0,0,0,1,2,4,1,1,0,0,2,0,4,0,0,1,1,124,255,255,254,255,252,252,255,189,255,254,65,0,0,0,3,0,1,1,5,0,0,2,0,0,2,0,0,125,252,255,254,254,255,189,3,191,255,254,126,1,0,0,0,0,0,0,0,5,0,0,2,0,0,0,3,130,255,255,254,255,130,1,192,255,255,255,0,0,0,0,3,0,2,0,2,0,0,1,0,4,0,2,2,0,255,253,255,253,130,254,255,254,255,64,1,1,0,0,1,4,0,0,0,0,0,0,0,3,1,0,0,0,255,254,254,255,254,255,254,255,129,0,0,0,2,0,0,0,3,1,1,1,0,2,0,2,0,2,2,0,64,255,255,255,253,255,253,65,0,0,0,1,2,3,0,0,0,1,2,0,3,3,0,0,0,0,1,0,0,64,129,251,255,191,0,0,0,1,0,1,3,1,0,0,0,0,0,2,0,1,1,1,1,1,0,2,2,3,0,1,3,1,0,0,0,0,0,2,0,0,1,2,0,0,3,2,0,0,2,1,0,3,0,0,0,2,1,0,2,0,4,0,0,0,0,0,0,1,1,0,0,2,0,0,2,0,4,0,0,2,2,1,0,0,1,0,0,0,0,0,0,1,2,1,1,0,2,2,2,2,0,0,1,0,0,1,0,0,0,0,0,0,0,0,2,0,0,0,0,2,0,0,0,0,0,0,0,0,3,0,0,0,0,2,2,3,0,0,3,1,0,0,0,2,0,0,0,1,0,0,1,0,2,1,0,2,0
0,0,0,2,2,1,0,3,0,0,0,4,0,0,1,0,1,0,0,0,2,3,1,0,4,0,0,0,1,0,0,0,0,0,4,0,0,0,0,0,0,0,0,0,0,1,2,0,0,0,3,1,0,0,0,1,1,0,0,1,0,0,0,2,0,0,0,0,0,1,0,0,1,1,0,0,2,0,0,0,0,0,0,2,0,0,3,1,0,0,0,0,1,0,0,2,0,0,2,0,2,1,0,0,0,0,0,0,0,0,3,2,1,0,0,0,0,0,0,0,0,0,0,0,0,0,0,0,2,0,0,0,0,0,0,0,0,0,1,1,0,0,2,1,0,0,0,0,2,1,3,2,1,0,3,4,0,1,0,0,0,0,0,0,1,1,0,0,0,2,0,2,0,0,0,0,1,1,2,79,199,155,18,2,2,0,0,4,3,0,0,0,0,0,3,2,2,3,1,0,0,1,3,0,1,0,87,255,232,43,1,1,3,0,44,222,188,1,1,0,0,1,0,0,0,0,1,1,1,0,0,0,0,2,196,255,191,0,1,0,0,0,176,254,98,1,0,2,0,0,0,1,0,0,1,0,1,2,2,2,0,21,253,254,132,0,0,0,4,54,255,230,15,2,1,0,1,0,0,1,2,0,1,3,1,0,1,0,0,57,255,240,31,0,0,1,0,99,252,186,0,2,0,0,0,3,2,0,1,0,0,0,0,0,1,0,0,114,251,216,2,0,2,0,39,248,253,97,1,1,1,0,0,0,1,0,0,0,1,1,3,2,0,1,0,184,255,153,0,0,1,0,60,253,253,24,3,0,1,1,3,0,1,0,5,0,1,1,0,1,0,0,1,186,255,229,7,2,1,0,135,255,224,12,0,0,1,2,1,3,3,0,0,0,2,1,0,0,0,1,0,108,255,253,160,0,1,6,152,255,198,0,1,1,0,0,2,0,1,0,0,1,3,1,0,0,0,0,1,9,211,253,246,210,210,220,255,253,129,0,0,0,3,1,1,0,0,0,2,0,1,1,0,0,0,0,0,0,27,161,228,254,253,252,255,251,46,2,0,1,0,0,0,0,1,0,1,0,0,0,0,1,0,0,0,1,1,2,15,49,54,103,255,227,14,0,1,0,0,0,2,1,1,0,0,1,0,2,0,0,0,0,0,0,0,2,0,0,0,47,252,203,0,0,1,1,0,1,0,0,1,2,0,0,2,0,0,1,1,0,0,0,0,2,3,0,1,93,254,200,0,0,0,0,0,1,0,1,0,4,1,2,0,2,0,0,0,2,0,0,0,0,0,0,0,130,251,154,2,0,0,2,1,0,0,1,1,0,2,0,0,4,0,0,1,2,0,3,0,0,0,1,10,220,255,94,1,1,1,0,1,3,5,0,0,0,0,1,0,0,0,0,0,0,0,3,0,0,0,0,47,253,255,33,0,0,1,0,1,0,0,0,0,3,3,0,2,1,2,1,0,3,2,0,3,0,0,1,94,255,241,28,0,0,0,0,0,4,2,0,0,2,3,0,1,1,0,0,0,0,0,0,2,1,0,0,152,254,206,0,0,2,4,0,0,0,1,0,2,0,0,5,0,2,0,0,1,1,0,0,2,0,0,0,98,240,85,1,2,0,0,0,0,2,3,0,0,0,2,1,0,0,0,0,0,0,3,1,1,1,0,0,1,1,0,0,2,0,0,0,0,0,1,0,0,0,0,1,4,3,0,4,1,1,0,1,1,0,0,0,0,0,1,0,0,0,1,0,0,0,0,1,0,0
0,1,6,0,0,1,1,0,2,1,1,0,0,0,1,1,0,0,1,0,0,0,3,4,0,0,0,0,0,1,1,0,0,0,0,0,0,0,0,2,0,0,3,3,0,0,0,1,0,0,0,3,3,0,0,0,0,1,2,0,0,0,1,2,0,0,0,1,1,0,0,0,0,1,1,0,1,0,3,0,0,0,0,2,1,0,0,0,0,0,0,0,0,0,1,1,0,2,2,2,2,1,2,2,1,0,1,0,2,0,0,0,0,1,0,0,0,2,0,1,1,1,3,1,58,132,255,252,236,133,103,1,0,0,1,1,3,0,0,0,0,0,0,0,0,0,1,1,0,0,19,69,192,252,252,253,251,250,253,127,2,0,0,0,0,5,0,0,0,3,0,0,3,0,0,0,3,45,234,251,252,254,251,250,253,253,254,224,47,4,0,0,2,1,0,0,0,2,3,2,0,0,1,0,2,69,252,252,250,249,253,252,254,255,250,252,184,7,1,0,3,0,0,3,0,0,0,0,1,0,1,2,0,73,252,251,255,196,75,74,98,251,252,253,253,34,0,2,3,0,0,0,0,2,4,1,0,1,0,0,0,17,101,176,130,5,0,0,38,251,248,251,251,34,2,0,0,3,0,1,0,0,0,0,3,0,0,2,2,1,0,1,1,1,0,1,36,251,250,251,254,38,1,0,2,0,0,0,0,0,0,0,0,1,0,0,0,3,0,0,2,0,0,2,140,251,251,251,179,5,0,3,0,0,1,0,2,0,0,2,0,1,1,0,1,0,0,1,0,0,1,128,241,250,252,222,40,0,0,0,0,2,0,4,0,0,2,1,0,1,0,0,1,1,0,0,0,1,71,249,252,254,249,178,2,0,0,1,2,0,0,0,0,0,1,0,1,0,0,2,0,1,3,0,2,67,253,251,254,254,217,29,0,3,1,0,0,0,1,1,0,0,2,0,0,0,0,0,0,2,3,0,77,248,255,251,253,247,61,0,0,0,1,3,0,2,0,0,0,1,1,1,0,0,1,0,1,0,1,79,244,250,254,249,251,212,28,0,0,1,0,0,0,3,0,1,1,0,0,0,0,1,0,1,3,1,81,241,252,255,255,252,252,253,236,136,8,1,3,2,0,2,0,0,0,4,0,1,0,1,0,0,43,95,238,250,250,251,252,252,253,250,252,254,77,2,1,0,0,0,1,0,0,0,4,1,0,0,14,154,236,251,251,252,249,254,253,255,251,248,251,231,63,1,0,0,0,2,2,0,0,2,0,1,0,0,33,253,254,255,255,250,254,253,250,255,251,252,251,139,0,0,0,0,0,1,1,2,0,1,1,1,2,0,140,251,253,255,251,254,253,251,254,241,156,154,126,8,0,0,0,0,0,4,0,0,0,1,2,0,0,1,105,250,251,252,249,252,207,144,25,20,0,2,0,0,2,4,0,2,0,2,4,2,0,1,0,0,1,0,22,155,251,250,155,87,8,0,3,1,0,0,0,3,0,0,0,0,1,2,0,3,1,1,0,0,1,0,0,1,1,1,1,0,0,1,0,2,0,2,3,1,3,0,1,1,0,0,2,0,1,1,0,0,0,0,0,0,0,0,0,0,2,0,1,0,0,0,1,0,3,0,1,0,2,3,0,0,0,0,0,1,2,0,1,0,1,0,0,0,0,0,0,0,1,0,0,0,0,1,0,3,0,0,4,0,0,0,0,1,0,0,0,0,2,1,1,0,0,1,2,0,0,0,2,0,0,0,0,0,0,0,3,0
0,1,1,0,1,0,0,3,1,0,2,0,1,0,0,0,0,1,0,1,0,2,2,0,0,0,0,0,2,0,0,1,2,0,2,1,1,4,0,3,0,2,0,0,0,0,0,0,1,0,1,1,2,1,0,1,0,0,3,0,3,2,0,0,3,1,1,0,5,0,0,0,0,0,0,0,0,0,0,0,0,3,0,0,0,0,0,4,0,1,1,0,0,1,1,0,2,4,1,2,0,0,2,1,0,0,1,0,1,2,0,0,0,0,0,0,0,0,0,0,0,79,109,255,254,252,250,255,252,250,169,61,0,0,1,0,0,0,0,0,1,0,2,2,0,0,0,0,104,241,251,253,255,252,252,254,252,253,254,174,9,2,0,0,3,0,1,0,0,0,0,1,0,0,1,0,215,250,253,252,251,252,254,252,251,253,249,252,35,0,0,3,0,0,0,0,0,0,0,3,1,1,0,0,220,255,253,254,253,250,254,253,251,252,253,253,119,3,0,2,0,2,0,0,0,0,0,0,0,0,3,1,155,252,252,255,249,255,253,251,252,250,253,253,181,3,3,2,0,1,2,2,0,0,1,0,3,0,0,0,50,179,182,34,37,33,157,251,252,249,253,250,139,0,0,0,3,1,1,3,1,0,1,0,0,1,0,0,0,0,3,19,40,137,220,252,252,251,255,174,9,0,3,0,2,0,1,0,0,0,0,0,0,0,0,0,3,2,0,190,253,255,252,253,255,249,254,144,1,1,0,1,1,1,0,0,0,0,0,0,2,0,1,0,0,184,255,254,253,254,254,255,255,253,254,143,1,0,5,0,2,0,1,0,1,0,0,0,1,1,1,0,23,202,253,254,252,251,255,252,249,249,250,237,75,1,0,1,0,1,0,1,0,0,0,2,0,1,0,0,22,202,252,253,252,253,248,253,249,251,252,254,234,54,0,1,0,0,2,0,1,0,0,0,0,0,0,3,1,183,250,253,250,251,251,188,231,250,255,255,251,71,0,0,1,2,2,3,2,0,0,0,33,110,48,2,0,185,252,254,224,124,1,0,72,253,255,254,255,73,0,0,0,0,0,0,0,0,0,0,198,251,232,39,1,45,176,177,43,2,1,33,204,252,255,253,253,71,1,2,0,2,1,0,0,0,0,1,195,253,253,219,57,36,37,38,40,36,118,212,253,252,250,255,254,73,0,0,2,0,0,0,1,1,0,0,30,211,252,253,253,250,252,255,255,253,251,251,254,254,253,253,211,31,0,0,1,2,0,0,2,0,0,0,0,182,251,255,255,253,255,255,251,253,250,254,249,254,254,209,17,0,0,2,0,1,0,5,4,1,0,0,0,55,253,250,252,252,250,254,248,252,252,253,252,255,249,102,0,3,0,0,1,0,0,2,1,0,2,0,0,13,68,133,228,254,250,252,249,255,253,251,252,205,71,1,1,0,1,1,0,0,0,2,0,0,0,1,0,1,0,2,31,108,106,254,250,253,253,107,107,28,0,0,0,0,1,3,1,2,2,4,0,2,0,1,0,0,0,0,1,0,0,0,0,1,0,0,2,2,1,1,0,0,0,1,3,0,1,2,3,0,2,1,0,2,1,1,1,0,1,2,3,0,0,4,0,2,0,0,0,0,0,0,0,0,0,0,0,0,0,4,2,0,0,0,0,0,0,0,1,0,1,0,1,0,0,0,2,0,2,0,0,0,0,2,1,0,0,0,2,0,0,0,1,2,1,0,0,0,0,0,2,0,0,2,3,1,0,0,0,2,2,3
0,0,0,0,0,2,0,0,0,0,1,2,0,3,0,0,3,2,0,1,0,0,1,0,0,2,2,1,0,0,0,3,0,0,1,1,0,0,0,0,0,2,2,0,1,0,0,0,0,0,0,0,0,2,0,0,0,0,0,1,0,2,1,0,0,0,1,0,36,161,121,0,1,2,0,0,0,2,0,1,0,0,0,0,0,3,0,1,2,0,0,0,2,2,1,0,208,254,253,66,0,0,0,0,0,1,1,1,0,1,0,0,0,1,1,1,0,0,0,1,0,2,4,84,254,252,255,66,0,0,2,0,1,0,0,0,2,0,0,0,1,1,0,2,2,1,0,4,0,0,85,175,253,253,226,38,0,1,1,0,0,0,1,0,1,0,0,0,0,0,1,1,2,0,0,0,2,2,141,253,174,158,50,0,1,0,1,0,1,2,0,3,0,2,0,0,0,0,2,0,0,1,0,0,0,134,249,182,6,0,0,2,0,4,3,0,0,0,1,0,0,0,0,1,1,0,0,0,0,0,0,0,136,250,222,42,1,0,1,0,2,1,0,2,0,0,0,0,0,2,0,2,0,1,0,2,0,0,2,96,252,255,121,0,0,0,0,0,0,0,1,0,0,2,0,0,0,1,3,0,0,0,2,0,0,0,0,146,254,230,20,0,1,1,1,3,0,1,5,8,72,74,69,0,1,3,0,0,0,0,0,2,0,1,28,246,255,53,0,0,3,0,1,0,0,0,47,158,250,253,253,190,32,0,1,1,3,0,1,2,2,2,214,255,230,23,0,1,3,0,1,0,9,85,232,254,255,255,254,255,122,1,1,0,0,4,1,0,1,0,248,254,149,3,0,2,0,0,0,12,98,254,245,204,203,138,255,251,123,1,0,0,4,3,0,2,0,86,255,253,128,0,2,0,0,4,15,162,252,246,109,0,0,18,251,255,121,0,0,0,0,0,0,1,1,124,254,251,19,0,0,0,2,0,89,252,244,107,4,0,0,107,251,252,40,0,0,0,0,0,0,0,0,44,252,252,35,0,2,1,2,45,238,254,184,1,2,4,115,220,252,146,2,1,0,0,1,1,1,3,0,0,246,254,214,27,1,0,2,72,253,248,66,4,46,170,255,253,228,1,3,0,0,0,0,2,0,0,1,2,237,254,253,213,151,41,12,150,253,202,46,171,255,255,255,231,49,3,0,0,0,2,0,1,0,0,1,0,52,242,253,251,253,255,162,232,254,253,253,255,254,253,163,46,0,1,0,0,0,0,1,2,1,3,3,0,0,50,172,250,252,254,255,250,255,254,254,248,156,103,1,0,0,0,1,0,0,1,1,0,0,0,0,1,0,0,0,47,126,124,126,225,253,227,123,37,2,1,0,0,0,2,2,0,2,0,0,2,0,1,0,0,0,0,0,3,1,2,0,0,0,2,0,4,0,0,3,0,2,2,0,3,0,0,0,2,0,0,3,0,1,1,1,1,1,0,2,0,1,0,0,1,0,0,0,1,0,0,1,0,0,0,0,1,0,1,0,0,1,0,0,0,1,0,4,1,1,3,0,0,1,0,0,0,1,0,0,0,0,3,0,2,2,3,0,0,1,1,0,1,0,0,2,0,0,0,1,0,0,0,3,0,0,0,0,1,0,1,1,0,0,0,0,0,1,0,0,2,0,0,0,0,2,0,0,0,0,2,5,1,0,3,0,3,0,0,0,2,1,0,0,0,2,4,1,0,2,0,3,0,0,0,2,0,3,0,0,1,1,1,1,1,1,0
0,1,0,0,0,0,0,0,0,3,3,2,0,0,2,2,0,0,2,0,1,2,0,0,0,0,1,1,0,0,0,1,0,1,1,0,0,0,1,1,2,1,0,1,2,0,0,0,0,0,2,1,0,0,0,0,0,0,1,1,1,0,0,2,2,3,0,4,1,0,0,0,1,1,3,0,0,0,1,0,0,3,0,0,0,0,0,1,1,0,1,1,0,0,0,3,0,2,0,0,0,0,0,2,1,0,3,2,4,0,3,0,2,0,2,0,1,0,0,1,0,0,0,1,0,0,0,0,1,94,148,1,2,1,0,1,0,0,2,1,0,1,0,0,2,0,0,0,0,0,0,0,2,1,2,0,0,67,134,37,1,0,0,3,0,0,0,0,1,0,0,0,0,0,0,0,1,1,0,0,1,0,0,0,0,204,227,165,1,0,4,0,1,0,0,1,0,0,0,0,0,1,0,0,3,0,0,4,1,0,1,1,0,255,250,68,1,0,0,2,0,2,1,1,0,0,0,2,0,0,0,2,0,0,0,0,3,0,0,0,123,255,226,25,0,0,2,0,0,2,1,0,0,0,2,0,0,0,0,1,0,0,1,0,1,0,0,58,243,253,171,1,1,0,0,0,0,0,3,0,0,0,2,0,2,0,0,0,2,0,0,0,0,0,0,123,251,254,85,0,0,3,0,0,0,0,0,0,0,1,0,2,0,0,0,2,0,3,1,0,0,1,101,246,252,179,5,0,1,0,0,0,1,0,0,1,3,2,0,3,0,0,0,0,0,0,0,0,0,4,179,254,241,0,0,0,1,0,0,0,0,0,0,1,0,0,0,0,3,0,1,0,1,2,0,0,0,128,253,251,117,0,2,0,0,2,1,1,1,0,0,2,0,1,2,0,2,0,2,0,1,0,0,0,1,253,252,184,7,0,0,1,0,0,0,0,4,3,1,0,2,0,0,0,0,1,3,3,2,0,3,0,150,254,253,67,1,1,1,1,0,0,0,2,1,0,1,0,3,1,2,1,0,0,1,0,0,0,4,49,240,252,136,1,0,2,0,0,1,0,0,0,0,0,0,0,0,0,0,0,0,2,0,0,0,2,0,83,253,237,30,0,0,0,4,0,0,0,0,0,0,0,1,0,0,1,0,0,0,0,0,0,0,0,1,170,252,136,0,0,1,0,4,3,1,0,0,0,0,1,0,0,2,0,0,0,0,0,0,1,0,3,50,243,249,63,0,2,0,0,3,0,0,1,2,3,0,2,3,0,0,0,3,3,0,0,1,1,0,0,170,252,242,0,1,1,2,0,2,0,1,0,0,0,0,2,0,0,0,0,0,0,0,0,0,1,0,9,187,253,144,3,0,1,0,0,0,0,0,0,2,0,0,0,0,0,1,0,0,1,2,0,0,0,1,29,253,254,230,0,1,3,0,0,0,0,2,1,0,4,2,0,1,0,0,3,1,0,0,0,1,0,0,5,178,250,202,2,4,1,1,0,1,3,2,1,2,2,1,0,3,0,0,2,0,0,3,0,0,0,0,0,5,0,1,0,0,0,3,0,2,0,0,0,1,0,1,1,1,0,2,1,0,1,1,0,2,2,1,0,1,0,2,0,1,0,1,2,1,2,1,0,1,0,0,0,0,1,6,0,3,0,0,0,1,0,0,1,0,2,0,0,1,0,0,2,1,0,0,0,0,0,1,0,0,0,3,0,1,0,0,1,0,0,5,0,3,1,1,0,0,1,0,0,0,0,0,0,0,1,1,3,2,0
0,0,0,0,0,0,1,1,2,0,2,1,0,0,2,1,3,0,4,0,0,0,0,0,0,1,0,0,0,0,0,0,0,0,0,0,0,1,1,0,0,0,1,3,0,0,1,0,1,1,0,2,0,1,0,0,0,3,0,1,1,0,0,0,0,3,1,0,0,0,0,0,1,0,2,0,0,0,0,1,1,0,0,0,0,0,0,0,0,0,3,3,1,0,0,0,0,2,0,2,0,1,2,1,0,0,1,0,2,0,2,0,1,3,0,0,0,0,1,4,2,2,0,2,0,3,0,0,0,0,1,2,1,1,0,0,1,1,0,0,2,0,0,0,0,3,0,0,0,0,0,0,1,3,112,228,48,0,2,1,0,1,1,1,0,0,2,4,0,1,3,1,0,0,0,0,0,0,0,0,1,2,222,215,20,1,1,0,0,0,1,0,0,0,3,1,0,2,0,0,3,0,0,3,0,1,0,1,0,31,247,104,1,0,0,1,0,2,0,0,2,0,3,1,0,0,0,2,3,0,0,0,0,1,0,0,3,88,255,83,2,1,0,1,1,0,2,0,0,1,0,0,0,0,0,2,1,4,3,0,0,2,0,1,0,156,250,83,0,2,0,0,0,2,0,0,1,3,0,0,0,0,0,0,1,0,1,0,1,0,0,3,2,156,255,83,0,1,1,0,0,0,1,0,1,2,0,0,0,0,0,0,0,0,1,0,0,1,0,1,0,112,255,83,0,0,0,1,0,0,0,3,1,0,0,0,0,2,1,0,0,2,0,2,0,0,2,0,0,122,255,84,2,6,2,2,0,1,0,0,0,0,0,0,1,1,0,3,2,2,2,0,0,0,3,0,0,154,250,84,0,0,0,0,0,1,1,0,2,1,1,0,0,0,0,1,0,0,2,2,0,0,0,1,0,156,255,83,0,0,0,4,1,0,0,0,0,0,0,0,2,0,0,0,2,0,3,0,1,0,0,0,2,74,255,86,0,1,3,1,0,0,0,0,1,0,0,3,0,0,0,2,2,0,1,0,1,0,0,0,0,24,247,167,0,0,1,0,2,0,0,3,2,0,1,0,1,0,0,0,2,1,4,0,0,0,0,0,1,0,247,163,2,0,2,1,0,0,1,1,0,0,2,3,0,1,0,0,3,0,0,0,0,0,0,0,1,0,247,164,0,2,2,2,1,0,3,0,2,2,2,0,3,0,0,0,2,1,2,2,0,0,0,0,2,0,220,163,0,0,0,1,1,4,0,1,0,0,2,1,2,0,5,1,2,2,4,0,0,0,2,2,0,1,248,161,0,2,0,1,3,0,0,1,0,1,0,1,0,0,1,0,1,1,1,2,0,4,0,1,4,0,249,235,1,1,0,0,0,0,0,0,3,1,0,0,0,0,3,0,0,0,2,0,0,0,0,0,0,3,173,246,0,0,0,2,3,2,0,1,0,3,2,0,0,0,1,0,0,2,0,0,0,0,0,1,0,3,164,248,20,0,2,2,0,0,1,1,0,0,0,4,2,0,0,0,2,0,0,0,0,1,0,2,3,0,31,251,99,0,0,0,0,0,0,2,2,0,3,1,1,0,0,0,0,3,1,0,0,0,0,0,1,1,0,3,0,3,0,0,0,2,4,0,2,0,0,1,0,0,0,0,0,3,3,0,1,1,0,5,0,0,2,0,2,3,0,0,0,0,0,1,0,1,0,1,1,0,1,2,4,2,0,0,2,0,5,0,0,0,0,0,2,0,1,1,0,1,1,1,2,0,0,0
0,0,2,2,1,4,0,0,0,0,0,0,1,0,2,0,0,0,0,1,0,0,1,0,0,0,1,0,1,0,1,0,3,1,0,4,3,0,5,2,0,0,0,1,1,0,0,0,0,1,0,0,0,0,3,2,1,0,0,0,0,2,1,2,0,0,0,0,0,0,0,0,1,1,0,0,1,0,0,1,0,1,4,0,1,0,2,2,1,1,0,0,0,0,1,0,0,1,0,0,0,0,3,0,2,1,1,0,0,0,0,0,0,2,0,1,0,0,0,2,0,0,0,3,0,0,2,4,52,232,34,0,0,1,0,0,3,0,1,1,2,0,0,0,0,0,0,1,3,0,0,0,0,0,0,0,77,255,91,0,0,0,0,0,0,1,0,1,0,0,0,0,0,0,0,2,0,0,0,2,0,2,2,0,78,253,51,0,1,0,3,3,0,0,0,1,0,0,2,0,3,0,3,2,2,0,0,1,0,0,2,10,222,211,1,4,2,0,2,0,2,0,2,1,0,0,0,0,0,0,0,0,0,0,1,0,0,0,0,101,252,210,0,0,0,0,2,0,0,0,2,4,0,3,0,0,0,0,0,0,0,0,1,1,3,0,0,177,253,144,0,0,2,1,0,0,0,3,2,2,1,0,0,2,0,0,0,2,4,1,0,1,0,0,50,236,234,15,0,1,0,0,0,0,0,0,0,1,0,0,3,3,0,0,0,0,0,0,0,0,0,0,141,254,177,0,0,4,2,3,0,5,0,0,0,0,0,0,1,2,1,3,1,0,1,0,0,0,0,1,143,249,84,0,2,1,0,0,0,3,0,2,1,0,0,0,0,0,2,0,0,0,0,0,0,1,0,15,240,221,0,1,1,2,0,0,0,1,0,0,0,6,1,0,1,3,0,0,0,0,0,0,0,0,0,127,255,141,0,2,0,1,2,0,2,0,2,3,1,0,1,2,0,2,2,1,0,0,1,0,0,0,5,201,239,62,1,1,2,0,2,0,0,0,1,1,0,2,0,1,1,0,1,2,0,1,0,4,0,1,36,253,209,2,0,0,0,0,3,2,0,3,1,0,0,2,0,0,0,1,0,0,1,0,0,0,3,0,123,255,130,0,0,0,0,0,2,0,0,0,1,0,2,2,0,1,0,0,0,0,2,0,1,0,0,0,211,255,112,1,1,0,0,2,0,1,1,0,0,2,1,0,0,1,0,0,0,3,0,1,0,0,0,0,212,255,111,1,1,0,1,0,0,0,1,0,0,5,1,0,1,4,1,0,0,0,0,0,0,3,1,2,211,252,110,2,0,1,0,0,0,1,0,0,0,0,4,2,2,2,0,3,2,0,1,0,3,1,0,57,237,252,82,0,2,0,1,0,0,3,0,0,2,0,2,3,0,2,0,1,4,0,0,0,0,2,0,147,255,213,5,2,0,0,5,3,0,0,2,3,1,0,0,0,2,1,0,0,1,0,2,2,0,1,3,96,233,71,0,0,0,1,0,2,1,0,1,2,0,0,3,2,2,0,1,0,0,0,0,4,3,0,3,1,0,3,0,0,0,0,0,0,0,1,0,4,1,2,0,0,0,1,2,0,4,0,0,2,0,0,2,0,0,1,0,2,0,0,0,2,0,2,1,2,3,1,0,0,0,0,1,3,0,0,0,3,0,0,1,0,1,3,0,4,0,0,0,0,1,0,0,0,0,1,0,2,0,0,1,0,0,0,0,0,0,2,1,0,0,0,0,0,0,1,1,2,0,0,4,3,2,0,1,0
0,0,0,0,0,1,0,0,0,0,2,1,1,0,0,0,0,1,0,0,1,1,1,0,1,2,1,1,1,0,0,0,1,0,2,1,0,0,0,0,1,1,0,2,0,1,0,0,0,0,5,2,0,2,1,0,0,0,0,3,1,0,1,0,0,1,1,0,2,0,0,2,0,0,0,0,0,0,0,0,2,2,0,4,2,0,1,2,0,0,0,0,1,0,5,0,0,0,2,0,0,2,2,1,0,3,1,0,0,0,2,0,0,0,0,0,1,1,0,2,0,3,0,2,0,2,0,1,0,0,1,0,1,2,0,1,1,1,0,0,2,0,2,0,0,0,1,0,135,255,255,255,255,252,132,0,0,2,0,0,1,0,0,0,2,3,1,3,0,1,1,0,0,0,3,61,242,141,44,45,82,160,251,125,0,3,3,0,0,0,0,2,1,0,1,0,1,4,0,0,2,0,1,95,179,8,0,0,0,0,180,252,105,0,0,0,0,3,0,1,0,2,1,0,0,0,0,0,0,0,0,4,10,0,1,0,4,0,106,254,132,0,0,0,0,2,0,2,0,1,0,0,1,0,2,1,1,1,0,1,0,0,1,0,1,0,105,253,109,0,0,0,2,0,0,0,0,1,0,0,0,0,2,0,1,1,0,1,0,0,0,0,0,0,153,221,28,0,0,0,0,1,0,1,2,0,1,0,1,0,1,0,3,0,0,1,1,3,0,0,0,141,238,159,0,1,4,4,1,0,0,1,0,0,0,0,2,2,0,0,1,2,3,3,2,1,0,5,191,253,212,19,2,0,0,1,1,0,3,0,0,0,1,0,3,0,3,0,0,0,3,1,0,3,3,193,250,255,252,218,192,124,10,3,3,0,2,0,0,0,0,3,0,0,0,2,0,0,1,0,0,0,141,254,252,200,103,128,209,251,191,16,3,0,0,2,0,0,0,0,4,0,0,0,0,2,0,0,2,2,38,126,49,20,0,1,3,107,252,77,2,1,2,1,1,3,1,0,2,3,0,0,2,0,0,0,3,0,5,0,0,0,1,0,1,2,223,223,13,2,1,0,1,0,1,0,0,0,0,3,0,3,3,2,1,0,0,1,1,4,0,2,3,0,224,254,20,2,2,0,3,3,4,3,2,2,0,0,0,1,1,2,0,0,2,0,0,2,1,0,0,0,225,254,19,3,3,0,1,2,1,0,0,1,0,1,0,1,1,1,0,0,2,0,0,1,1,0,0,42,243,205,11,0,0,1,2,1,0,0,0,0,1,0,0,2,0,1,0,2,0,1,0,0,0,2,41,228,249,49,1,0,0,1,0,2,0,1,0,1,0,3,2,0,0,0,4,4,0,0,0,0,13,120,240,246,80,4,1,0,0,2,2,1,0,2,0,0,1,0,0,0,0,6,0,1,0,0,0,111,215,254,214,79,5,0,1,0,0,0,3,3,0,0,3,0,0,0,0,0,0,0,0,0,1,45,220,252,217,147,19,0,0,0,0,0,2,1,2,0,0,0,0,1,0,1,1,0,1,3,2,3,0,177,249,96,9,0,1,0,2,0,0,1,0,0,0,1,0,2,0,0,0,0,0,2,1,0,0,1,3,0,0,0,0,1,3,0,0,0,0,1,2,0,3,0,0,3,2,1,0,0,1,3,0,0,0,0,0,0,0,0,0,0,0,1,0,0,3,0,0,1,0,0,2,0,0,0,1,0,0,0,0,2,0,0,0,0,0,1,0,0,1,0,0,0,0,0,0,3,0,0,5,0
0,0,0,0,0,0,0,1,3,0,2,0,0,1,3,2,0,0,0,2,3,0,0,0,0,0,0,0,0,0,0,0,2,0,0,3,1,1,0,0,1,0,1,0,0,3,3,0,1,0,0,2,0,0,0,0,0,0,1,0,0,0,1,0,0,0,0,0,1,0,1,0,0,0,1,0,0,1,1,0,1,0,0,0,0,0,5,1,0,1,0,0,2,1,0,1,1,1,0,0,0,0,0,2,1,0,0,0,0,1,0,2,0,0,0,1,0,1,1,0,0,0,0,2,0,3,0,0,1,0,1,0,0,0,0,0,3,2,0,0,0,0,0,0,0,0,0,0,1,0,2,0,0,1,2,0,0,0,1,0,1,0,0,0,0,0,0,0,2,0,2,1,3,0,1,1,2,0,2,2,21,127,255,252,250,210,88,9,2,3,0,0,3,0,1,0,1,0,0,0,0,2,0,0,0,0,11,130,233,255,252,253,251,253,250,115,0,0,0,1,2,0,0,0,0,1,0,0,0,3,0,0,1,41,154,252,248,253,253,208,202,254,253,145,0,0,0,0,0,0,0,2,3,0,0,1,0,1,2,0,95,233,253,253,250,210,48,19,11,89,241,229,0,0,0,0,0,0,0,0,1,2,1,0,0,1,0,42,232,253,251,255,115,13,0,1,3,1,179,242,41,4,1,0,2,0,0,1,1,2,0,1,0,0,0,207,255,254,252,68,2,13,0,15,49,43,55,104,0,1,0,0,0,0,0,0,0,3,1,0,0,0,0,204,252,255,251,188,161,203,162,220,252,252,25,0,0,1,1,0,2,0,0,1,0,0,1,1,2,2,0,175,254,251,252,252,252,253,252,255,251,250,22,1,0,5,0,0,2,3,1,0,0,0,0,3,3,2,3,19,192,254,252,251,250,254,253,249,248,253,23,0,2,0,0,1,0,0,0,4,0,1,0,0,2,3,0,0,11,32,138,136,42,20,96,255,252,253,20,1,0,1,0,0,0,0,0,0,0,0,0,0,1,1,3,0,1,3,0,0,0,0,149,255,254,204,11,1,0,3,0,0,1,0,0,1,0,0,0,2,0,3,3,1,0,0,4,2,1,4,252,251,252,158,1,0,0,1,3,2,3,0,2,0,0,0,2,1,0,1,2,0,0,1,0,0,0,0,249,253,249,76,0,0,0,0,0,0,1,0,1,3,0,4,1,0,1,4,1,0,2,0,0,3,0,2,253,253,254,46,3,0,0,0,2,1,1,1,0,0,0,0,0,3,0,1,0,1,0,0,0,0,1,106,254,251,190,3,1,0,0,2,2,0,0,2,3,0,0,0,0,2,3,0,0,0,0,0,3,0,2,114,255,252,183,1,0,0,0,1,0,1,0,1,0,3,0,0,0,2,2,1,0,0,3,3,5,0,0,94,252,255,185,4,0,0,0,4,0,0,2,3,0,0,1,1,0,3,2,3,2,0,0,1,0,2,0,0,255,255,235,90,9,30,0,3,0,0,1,0,0,0,1,0,3,3,2,0,2,0,0,0,0,1,0,0,173,255,254,253,210,227,76,2,1,0,0,1,1,0,2,0,1,0,0,2,1,1,0,0,0,3,0,1,3,94,225,254,253,179,9,0,0,0,0,2,1,0,0,1,0,0,2,0,3,0,3,0,0,3,1,2,0,0,1,0,0,0,0,1,0,2,0,0,0,4,0,0,0,1,1,0,0,2,1,2,0,0,0,2,0,0,0,0,1,1,0,0,0,0,0,0,3,0
0,0,0,0,0,0,0,0,1,0,0,0,1,0,2,0,0,0,0,1,1,1,0,2,0,1,0,0,0,3,2,0,0,0,0,0,1,3,1,0,1,0,0,0,0,0,0,3,0,0,0,1,1,4,3,1,0,0,2,0,0,0,2,0,0,0,0,0,0,2,1,0,1,3,3,1,0,1,0,0,0,2,0,0,0,0,0,4,1,0,3,0,1,0,2,2,0,1,4,0,3,0,0,0,1,2,0,0,0,0,2,0,3,4,0,0,0,4,3,0,0,1,0,2,0,1,0,0,0,0,2,0,0,0,1,0,0,1,0,0,0,0,1,1,3,0,0,0,158,216,158,114,56,26,23,79,149,18,1,0,0,3,0,0,0,1,2,0,1,3,0,0,1,0,1,61,252,254,254,251,254,231,229,255,253,77,0,0,1,0,0,2,2,0,0,0,0,0,1,0,2,2,0,0,138,255,235,171,199,222,192,172,131,25,0,0,0,3,0,1,0,0,3,0,0,0,3,0,0,0,2,0,54,254,196,0,7,11,8,0,4,0,0,3,2,0,0,0,1,1,1,1,1,0,0,0,0,2,2,2,101,251,197,0,0,3,3,0,1,0,0,0,0,0,1,0,4,0,2,0,0,0,0,0,1,2,0,4,62,255,199,31,58,109,118,45,0,2,0,0,3,0,2,0,0,1,0,0,0,1,3,2,1,2,2,0,137,249,220,217,254,254,255,245,132,50,4,0,0,2,0,0,2,0,0,1,0,0,2,0,0,0,3,1,203,253,255,255,228,160,114,195,250,250,114,2,0,1,3,2,0,3,0,0,0,1,0,0,0,0,2,2,231,252,254,130,13,0,0,5,72,240,249,70,1,0,2,1,1,0,2,0,0,0,2,2,0,0,0,0,162,255,98,8,1,0,1,0,1,73,247,230,39,0,1,3,0,3,0,0,1,0,0,0,1,1,0,0,15,99,2,0,1,0,0,0,0,0,149,255,173,8,0,1,0,0,2,0,0,0,1,0,0,0,0,1,0,0,2,0,0,0,0,0,0,0,70,225,252,45,0,0,2,0,1,0,0,0,1,1,0,0,0,3,0,0,0,0,0,2,2,0,0,0,30,164,252,133,2,0,0,2,0,0,0,0,0,0,1,1,0,0,0,0,22,4,3,2,3,1,0,1,0,136,255,138,1,0,0,0,1,2,2,0,0,0,0,0,1,1,0,41,233,207,59,3,0,1,2,0,0,174,253,135,5,1,2,1,0,0,0,0,2,0,5,0,0,1,0,135,254,225,57,0,2,0,0,1,0,134,251,175,2,0,0,2,0,1,1,0,2,2,1,1,0,2,2,92,254,236,114,11,0,1,0,1,27,207,251,92,2,1,0,0,1,2,2,0,0,0,0,0,0,2,1,0,155,254,253,210,101,0,2,28,171,255,212,8,0,1,0,0,0,2,0,0,0,0,3,5,3,0,0,1,5,74,225,254,254,231,233,239,250,237,51,0,2,0,1,0,1,0,3,0,2,0,2,0,0,1,1,0,1,0,18,147,228,251,253,255,200,54,0,0,0,0,0,0,2,2,0,1,3,4,0,0,0,3,0,0,1,0,0,0,0,0,0,0,0,3,0,0,0,0,0,1,1,1,0,0,0,1,0,2,0,0,1,1,4,0,1,0,1,1,1,0,0,0,2,3,0,1,0,0,1,2,0,2,1,0,0,3,2,2,0,1,1,0,0,0,1,0,0,1,0,0,0,0,0,0,1,0,0,0
1,0,0,1,0,0,2,0,1,0,0,0,0,0,0,0,0,1,0,0,0,0,0,0,0,1,0,0,0,0,1,0,1,4,2,0,0,2,0,0,1,1,3,1,1,0,0,0,2,2,0,0,0,2,1,0,0,1,1,1,0,2,2,0,1,0,0,0,1,0,1,0,2,0,1,0,0,1,1,0,1,0,0,1,0,0,0,0,0,0,0,1,0,0,3,2,3,3,1,2,0,0,2,3,0,0,0,0,0,1,2,1,0,1,0,0,0,0,0,0,0,1,0,21,112,125,162,181,171,183,11,0,3,1,0,2,0,2,0,1,2,1,1,0,1,0,0,0,0,2,25,197,250,253,255,251,254,253,181,14,0,0,2,2,2,2,0,0,1,0,0,2,0,3,0,1,2,0,70,253,251,245,97,38,38,202,250,37,2,0,0,1,1,0,0,0,0,1,1,1,0,2,1,2,0,0,50,155,126,45,0,2,1,24,231,144,0,0,0,0,0,1,0,1,1,1,0,0,0,0,4,2,1,1,0,1,1,0,0,0,2,0,229,171,2,0,0,2,0,0,0,1,0,0,0,3,1,2,0,0,2,0,1,0,0,0,1,2,1,2,227,174,0,0,0,2,0,0,0,0,4,1,0,0,4,1,0,0,1,0,0,0,0,0,2,0,3,70,244,87,0,2,0,2,0,0,2,1,0,0,3,0,0,0,0,2,2,0,0,0,4,0,0,1,2,183,251,39,0,0,4,1,0,1,3,2,3,0,0,0,0,2,0,0,0,0,0,0,0,0,1,1,0,239,160,0,0,0,0,2,0,3,0,0,0,0,0,0,1,1,0,0,0,0,2,0,2,3,0,0,57,246,100,0,0,1,2,0,1,1,1,0,1,0,0,1,0,0,0,0,0,0,2,0,0,0,2,0,177,211,16,3,1,0,0,0,0,0,0,4,0,0,0,0,0,2,2,1,2,0,48,72,94,94,95,163,255,144,1,0,2,0,3,1,0,2,0,1,0,1,0,0,0,0,0,0,28,193,235,243,253,252,250,250,255,233,162,79,15,1,0,2,3,0,1,0,2,0,0,1,0,0,2,86,216,254,251,253,252,252,254,254,254,251,255,251,211,162,13,26,43,70,1,1,1,1,0,0,3,0,0,136,254,253,251,251,251,254,223,199,201,199,200,197,243,241,197,212,224,131,0,3,0,0,2,0,0,0,83,249,254,138,227,255,255,212,33,0,0,0,2,0,63,78,80,79,75,0,0,2,0,2,0,0,2,0,187,250,251,253,254,244,205,33,4,0,3,0,0,0,0,2,0,1,2,0,4,0,3,1,1,0,3,0,50,231,242,241,202,85,0,0,1,0,0,0,0,0,0,1,0,0,2,0,0,0,1,0,0,0,0,0,0,1,0,1,3,2,0,0,0,1,0,2,3,1,2,0,0,0,0,0,0,1,0,0,3,0,0,0,0,0,0,0,1,0,2,0,0,1,6,0,3,0,0,0,0,0,0,3,0,0,0,0,0,5,0,0,3,0,0,0,2,1,1,0,0,0,1,0,0,0,0,2,0,1,0,1,0,0,1,0,1,0,0,0,0,0,0,2,0,1,2,0,0,0,1,0,2,2,0,2,0,2,3,1,1,0,0,0,2,2,1,0,1,0,1,0,2,0,1,1,1,0,2,2,0,0,0,2,0,0,1,4,0,2,0,0,0,0,2,0,0,1,1,1,1,0,1,0,0,0,3,1,0,1,0,0,0,0,0,0,0,1
0,0,0,0,1,0,0,1,1,0,1,2,0,0,0,1,0,1,0,0,0,0,0,0,0,0,0,0,1,0,0,3,0,0,0,0,0,1,4,0,0,0,0,0,2,0,3,1,0,0,0,0,0,0,1,0,0,0,1,0,1,3,1,1,0,0,0,1,2,2,2,0,1,2,0,1,0,0,0,1,1,0,4,1,1,2,0,2,0,0,0,2,0,0,0,2,0,4,0,0,0,0,1,1,1,0,0,1,0,0,1,0,2,0,1,3,0,0,1,0,0,0,0,0,0,1,4,0,0,0,0,2,0,0,2,0,0,0,0,2,2,0,0,0,1,0,5,2,0,1,0,0,1,1,2,0,0,0,1,1,1,1,5,0,2,0,0,4,0,0,0,0,2,0,2,3,0,1,0,0,0,0,0,0,0,0,0,1,0,2,1,0,0,2,2,1,0,0,2,1,1,1,5,2,0,0,12,61,131,248,255,253,163,9,0,3,2,0,0,0,2,0,1,0,0,0,0,4,2,0,0,5,43,147,235,252,252,254,252,248,255,231,43,0,1,0,0,0,0,3,0,4,2,0,1,3,0,0,0,44,223,252,255,254,252,251,253,250,253,251,69,1,0,0,2,0,3,0,2,0,0,0,0,0,0,0,0,169,252,253,254,253,249,253,253,254,252,249,74,0,0,0,0,0,0,0,0,0,0,0,0,1,0,0,0,169,254,252,252,253,254,254,255,251,255,253,129,0,0,0,2,0,0,0,0,1,0,0,0,0,0,0,30,231,253,252,251,251,253,250,255,252,255,255,108,1,1,0,3,0,0,0,0,1,0,0,0,0,0,0,37,253,251,251,251,255,253,251,255,253,249,252,241,148,1,1,2,0,1,0,0,0,2,2,1,0,0,0,7,180,254,253,253,252,250,251,254,251,253,249,249,207,18,1,2,0,0,0,0,3,2,0,0,0,1,2,0,37,223,254,251,252,255,251,254,254,252,254,252,252,45,2,0,1,3,1,2,0,2,0,0,0,0,0,0,0,5,12,12,10,11,9,68,26,129,215,253,252,160,1,1,3,0,0,0,1,0,0,1,0,0,0,0,0,0,0,0,0,0,0,2,0,4,0,181,253,216,22,1,0,0,0,0,1,0,0,0,2,0,0,0,0,1,0,0,0,0,0,0,4,0,0,182,253,245,32,3,0,0,0,0,4,0,2,0,0,0,0,0,0,2,0,2,0,0,2,1,0,1,2,180,251,168,0,1,0,3,0,0,0,1,0,0,0,0,0,0,1,0,0,0,0,0,3,0,3,0,3,183,252,168,0,0,0,2,0,3,1,0,0,0,1,1,0,0,0,0,0,0,0,3,0,4,1,1,3,181,253,170,0,0,0,0,7,1,0,0,0,0,1,0,0,0,2,2,0,1,0,0,0,0,1,0,39,238,250,77,0,1,0,0,2,3,0,0,0,0,0,0,0,1,3,2,0,0,0,0,0,0,2,0,146,251,255,104,2,2,1,0,0,1,2,2,0,2,1,2,0,0,0,0,1,0,0,0,0,0,2,0,169,248,251,49,0,0,0,0,2,0,2,0,0,0,0,0,0,0,0,0,0,4,3,0,2,1,2,0,117,253,220,26,0,0,0,1,2,0,0,1,0,0,0,0,0,2,0,3,0,0,0,2,1,0,1,0,1,180,122,1,0,3,0,1,2,0,2,0,0,1,1,0,0,1,0,1,1,0,1,0,1,2,0,1,3,0,0,0,0,0,0,2,1,3,0
1,1,0,0,3,0,3,0,1,0,1,1,2,1,0,0,0,3,0,1,0,0,0,0,0,3,2,1,0,0,5,3,0,0,2,0,0,2,0,0,1,1,0,2,0,1,0,0,0,3,0,1,0,3,2,2,0,2,0,0,0,0,0,0,0,0,1,0,0,0,2,1,0,0,0,1,4,1,0,0,2,0,1,2,0,0,1,0,2,1,0,0,0,1,0,0,1,0,4,1,0,0,0,1,1,0,2,0,2,2,0,2,1,0,0,1,0,2,0,0,0,2,0,0,2,0,0,0,0,1,0,2,3,0,1,0,0,0,1,4,2,1,2,2,2,0,0,0,0,3,0,0,1,3,0,0,2,2,0,0,0,1,0,1,0,0,0,3,0,2,3,0,2,0,0,38,133,60,1,0,0,0,2,0,0,0,3,0,179,226,12,0,0,3,2,0,0,0,0,0,0,0,0,142,254,142,1,0,0,1,0,0,0,0,0,28,233,217,10,2,4,0,1,2,1,1,1,0,0,0,1,237,255,130,0,1,1,0,0,0,0,0,0,88,251,108,0,0,1,2,1,0,0,2,0,1,0,0,1,236,253,84,0,0,0,0,2,0,2,0,0,160,242,37,0,0,1,5,0,1,0,0,1,0,0,1,0,234,251,2,1,0,2,0,0,3,0,0,1,228,232,0,0,2,0,0,2,0,2,0,0,0,3,15,224,252,156,0,1,0,0,0,0,0,0,4,61,255,230,0,2,0,0,0,0,0,0,0,2,2,1,26,253,252,72,0,1,0,1,0,0,0,2,0,98,254,190,0,0,0,0,1,0,0,0,0,0,1,2,91,252,237,38,1,2,2,0,0,0,0,0,0,166,255,67,5,1,2,0,0,0,0,0,1,3,0,0,7,199,252,124,43,22,41,8,23,1,1,0,51,249,196,3,1,1,0,0,0,2,2,3,0,3,0,0,2,20,237,254,255,229,255,207,225,192,195,193,227,254,200,0,0,2,0,0,1,1,0,0,1,3,0,0,1,0,0,76,98,98,71,0,0,0,0,2,234,255,134,2,1,0,0,1,1,0,0,0,0,0,0,1,0,3,0,0,3,0,3,1,0,0,3,111,251,241,15,0,0,0,1,0,1,0,0,0,3,0,0,2,0,0,0,0,0,2,1,0,0,0,0,175,252,154,0,0,4,0,2,0,0,0,2,5,1,3,0,1,2,1,0,2,6,2,0,2,4,0,5,190,252,138,0,0,3,0,2,0,0,1,0,0,1,0,0,1,0,0,0,0,1,0,1,0,0,0,23,252,249,58,2,0,1,4,0,1,0,0,2,2,0,0,1,0,0,1,0,0,0,0,2,0,0,0,84,254,226,24,2,2,4,3,0,1,0,5,1,3,0,0,0,0,0,0,1,0,2,0,1,1,0,0,202,253,142,0,0,0,0,0,1,0,0,0,0,0,1,1,0,0,0,0,0,2,2,0,0,3,1,0,215,252,148,1,0,0,4,0,1,0,1,1,0,0,0,1,0,0,0,2,0,0,0,0,0,0,0,2,214,253,100,1,1,1,0,0,0,0,0,1,1,1,2,2,1,0,1,1,1,2,2,0,0,0,0,0,211,193,4,0,4,0,0,0,1,0,0,0,0,0,0,2,0,0,0,0,1,1,1,0,0,0,0,1,0,2,0,1,1,0,0,0,0,2,1,2,0,0,0,1,0,0,2,0,0,1,0,2,0,0,0,3,0,1,4,3,0,0,2,0,2,1,0,0,1
1,0,3,0,1,0,3,0,1,0,2,0,0,0,0,0,4,3,0,0,1,0,2,2,0,2,2,0,4,0,0,0,0,1,3,3,0,0,0,1,0,2,0,0,2,0,0,0,0,1,0,2,0,0,0,1,0,1,0,0,0,2,0,0,1,0,4,1,0,0,1,5,0,0,0,0,1,2,0,2,1,0,0,0,0,0,2,0,0,2,1,0,2,1,0,0,0,0,0,0,0,0,1,0,0,0,0,0,1,1,0,1,0,0,0,0,0,0,0,0,0,0,0,0,0,0,0,0,0,3,1,0,0,1,0,1,1,0,0,0,1,0,0,0,0,0,2,0,0,0,0,0,1,0,0,2,0,1,0,0,0,0,0,0,2,1,1,0,0,0,1,0,2,0,0,0,2,0,2,0,0,0,1,0,17,69,255,254,238,254,219,19,2,1,0,0,0,2,1,0,3,0,0,2,1,0,0,2,0,0,53,152,234,241,215,90,121,254,187,14,1,1,4,1,0,0,0,0,0,1,0,0,0,0,0,0,8,127,230,212,98,49,4,70,222,210,20,0,1,1,3,2,2,0,0,2,0,0,1,2,0,0,1,69,196,242,154,14,27,124,192,255,185,49,1,0,1,2,2,0,0,0,5,0,0,1,0,1,0,0,128,252,202,85,64,125,225,254,208,98,12,1,1,0,1,2,2,0,0,0,0,0,0,2,1,0,0,130,250,198,13,0,126,252,165,97,11,2,1,2,0,0,0,0,0,0,0,1,0,0,0,1,0,0,36,228,153,5,2,0,1,11,2,0,0,1,0,3,0,0,1,0,1,0,0,0,0,0,0,0,0,0,70,253,141,0,0,2,0,4,3,2,1,3,0,0,0,0,0,0,0,0,0,1,0,1,0,2,0,4,29,225,162,4,0,0,0,0,1,2,2,1,0,0,0,2,1,3,0,0,1,1,0,0,0,0,0,0,2,177,254,179,0,1,0,0,0,2,0,2,0,0,0,0,1,2,0,0,4,2,0,1,4,0,1,2,2,21,193,253,128,28,0,0,0,2,2,1,2,0,0,0,1,0,2,0,3,0,2,1,1,2,0,0,2,1,18,202,250,152,29,0,1,2,0,1,2,0,0,0,0,2,1,3,1,4,1,0,0,0,0,0,0,0,0,13,99,252,237,50,0,2,0,0,1,0,1,0,0,2,0,2,2,0,0,4,1,3,3,0,1,0,2,0,1,27,211,252,37,0,0,0,1,0,2,0,0,3,1,1,0,0,0,0,0,1,3,1,0,3,1,2,0,0,63,255,110,0,0,1,0,0,0,2,2,0,0,2,0,0,2,0,1,0,1,0,0,0,0,0,0,28,186,252,82,0,1,1,0,1,0,0,0,0,0,0,2,0,0,0,0,1,27,145,0,0,0,1,7,151,254,166,12,0,0,1,0,1,0,1,2,0,0,0,2,1,3,0,0,1,34,243,49,0,1,45,205,252,165,11,2,2,0,0,1,2,0,1,0,0,2,2,3,0,0,1,0,2,6,136,228,219,162,237,242,80,8,0,3,1,1,2,0,2,1,0,0,0,0,0,0,1,0,1,2,0,0,8,107,174,203,137,70,3,0,0,0,0,2,0,0,1,0,1,0,1,1,0,0,0,2,1,1,1,1,0,0,0,0,2,0,1,0,0,1,0,0,2,0,1,0,3,4,1,0,1,0,1,0,2,2,0,0,1,0,1,1,1,0,0,0,0,0,0,2,3,1,0,0,0,0,0,0,0
2,0,0,0,0,0,0,0,0,0,4,0,2,0,0,3,0,0,2,0,0,0,0,0,0,1,3,3,6,0,0,0,0,0,0,0,1,0,1,0,0,2,1,0,1,0,1,3,1,1,0,4,0,0,0,0,0,3,2,0,0,0,0,1,0,0,0,0,2,0,4,0,0,1,3,1,1,0,0,0,0,0,0,0,1,0,1,2,2,0,1,0,0,1,2,0,0,1,0,0,2,0,1,0,1,0,0,0,1,0,0,0,1,1,0,2,0,0,1,1,0,0,0,0,0,2,6,0,1,0,1,0,1,2,0,0,0,0,1,0,0,0,0,0,0,1,0,1,3,1,3,0,0,5,0,2,0,0,0,1,0,0,0,0,0,0,4,0,1,0,0,0,0,0,0,0,2,0,1,0,0,0,0,0,0,1,0,1,1,4,1,1,1,0,0,0,1,0,3,1,0,0,0,63,150,150,255,166,155,112,40,1,2,0,2,0,0,1,0,0,0,0,3,0,0,0,1,0,4,0,5,180,253,254,255,252,252,254,241,159,1,0,2,0,0,3,0,2,0,0,0,0,0,0,1,0,0,0,30,233,251,254,253,252,252,254,255,254,235,50,1,0,2,0,2,3,1,1,0,0,0,1,0,0,0,0,132,252,232,69,49,50,73,193,253,248,254,233,39,0,2,1,0,0,0,0,3,2,0,0,1,0,3,0,250,254,162,0,0,0,1,1,194,253,255,254,212,32,0,0,0,1,1,0,1,2,0,2,3,0,1,1,253,254,202,0,2,3,0,2,69,253,252,252,251,153,2,0,0,0,0,1,4,2,0,2,0,0,0,1,234,253,232,113,38,20,31,52,214,251,255,252,254,254,63,0,0,1,0,1,0,0,3,0,0,0,0,0,89,231,255,254,242,223,230,251,255,254,151,236,255,251,142,2,0,0,1,2,0,0,1,0,0,0,1,0,1,41,214,255,254,252,255,249,251,170,0,207,252,252,201,0,0,2,0,2,1,0,1,0,4,0,0,0,2,4,13,50,110,151,153,150,132,10,0,202,254,251,205,0,0,0,3,0,0,1,0,1,0,3,0,4,0,0,2,3,2,3,0,0,0,0,0,142,253,254,203,0,0,3,0,1,0,0,0,0,0,0,0,0,1,4,2,0,0,0,3,1,3,0,1,102,253,252,201,3,0,1,1,0,0,2,0,0,1,0,2,1,0,0,0,0,1,2,0,0,0,3,1,101,252,252,253,48,0,0,0,0,1,1,1,1,0,0,0,0,2,0,1,0,2,0,0,0,1,0,0,101,255,253,251,50,2,4,0,0,2,0,0,0,1,0,3,0,0,1,0,0,2,0,0,3,1,0,1,101,254,252,255,72,1,0,0,0,0,1,2,1,2,1,1,1,0,1,2,1,0,0,0,0,1,3,0,103,252,253,252,112,0,1,1,0,3,5,0,3,1,0,0,1,0,0,3,0,0,0,1,2,1,0,0,103,254,253,254,50,1,0,0,1,0,2,1,1,0,3,0,1,0,0,0,0,0,0,0,0,0,1,2,100,252,250,254,51,3,0,3,0,0,2,0,0,3,1,0,0,6,0,0,0,0,0,0,3,0,0,3,101,253,253,204,1,1,0,0,3,0,2,0,0,0,1,0,0,0,0,0,0,2,2,2,3,0,0,0,19,130,213,121,0,0,0,0,3,1,1,0,0,0,2,2,1,1,0,0,0,0,0,0,0,1,0,1,2,0,0,5,2,0,1,0,1,0,0
2,0,2,1,1,0,3,0,0,2,1,1,0,3,3,0,0,0,3,0,2,0,0,0,1,0,3,0,0,2,2,1,0,0,0,0,0,0,0,0,2,0,0,1,1,0,1,0,1,0,0,2,0,0,0,0,1,0,0,1,2,0,0,0,0,2,1,0,2,0,1,0,0,1,0,0,0,3,0,0,0,0,1,0,0,0,0,1,0,0,0,0,2,1,0,0,1,2,2,0,0,0,0,0,2,2,0,0,0,1,0,1,2,0,0,3,2,0,0,1,0,1,1,1,1,0,2,0,1,0,1,0,1,0,0,1,1,0,2,0,0,1,1,2,2,0,0,0,18,223,255,184,106,35,2,3,0,0,2,4,1,0,0,0,2,2,0,1,1,1,3,0,2,1,0,4,17,198,243,252,252,242,196,80,1,0,0,1,0,1,0,1,1,0,0,1,0,0,0,1,0,0,0,0,0,3,7,4,101,224,253,249,241,87,0,0,3,1,0,0,0,0,1,0,0,1,0,1,3,0,3,0,0,0,0,0,1,16,109,249,255,233,23,1,1,0,2,0,1,0,0,0,0,0,0,0,0,1,2,4,1,2,2,0,0,0,2,78,222,255,169,0,1,2,2,0,4,0,0,0,0,0,1,0,0,2,0,0,1,0,1,1,0,0,0,58,237,254,148,0,2,0,0,0,0,0,2,3,0,1,0,2,0,3,2,2,2,0,1,0,1,0,50,239,248,84,11,0,0,0,2,0,0,0,2,0,1,1,0,0,0,2,0,0,0,0,0,2,1,57,235,248,96,1,1,0,0,0,0,0,0,5,1,0,4,0,0,0,1,0,0,0,0,1,1,35,153,236,252,171,8,0,0,0,0,0,0,1,0,1,0,2,0,1,2,0,1,0,0,0,0,1,0,165,253,252,251,25,1,0,0,0,0,0,0,0,1,0,1,0,0,0,1,0,0,0,0,0,2,0,0,33,137,212,252,226,164,6,0,2,0,1,0,0,0,2,0,0,2,0,0,0,2,5,0,3,0,1,1,2,0,24,208,253,254,117,0,0,0,0,0,0,1,0,0,0,2,0,0,0,2,0,0,0,1,3,2,0,1,0,25,250,254,117,0,0,1,0,3,0,0,0,0,0,0,2,2,2,1,2,0,2,1,0,0,0,0,0,52,253,238,61,0,3,0,0,1,1,0,0,0,4,0,3,0,0,0,3,0,0,0,0,0,0,3,14,187,253,132,3,1,2,0,0,1,2,1,1,4,0,0,1,0,0,1,0,0,1,0,0,0,0,1,61,254,225,34,0,0,0,1,0,1,1,0,0,1,1,0,1,0,0,0,1,0,0,0,0,0,0,33,222,254,37,2,4,0,0,4,1,0,1,0,0,0,0,2,0,2,0,1,1,3,1,0,2,6,105,234,230,58,1,0,3,0,1,0,0,1,3,3,0,0,0,0,0,3,0,0,0,0,0,0,38,191,254,227,116,0,1,0,2,0,2,0,0,1,0,0,1,0,0,0,0,0,1,1,0,1,2,2,136,247,147,44,2,0,2,1,0,0,0,0,1,0,0,0,1,1,1,0,0,1,0,1,2,0,2,0,0,0,0,0,0,0,0,0,0,0,2,2,5,1,0,0,0,0,2,1,0,3,0,0,0,0,1,1,4,0,0,3,0,0,0,0,0,3,1,0,0,0,0,0,0,0,0,0,0,4,0,0,1,0,0,4,1,0,0,1,0,0,1,2,0,0,3,0,2,1,2,0,0,0,0
2,1,1,1,0,1,2,0,0,3,1,0,0,0,0,1,0,0,2,0,0,1,0,0,0,0,1,1,2,0,0,1,0,1,1,0,0,0,0,1,2,1,0,2,1,1,0,2,0,4,0,0,1,0,1,4,0,2,0,1,0,0,1,1,2,0,0,0,4,1,0,0,0,1,0,0,2,0,1,0,0,4,2,3,0,0,1,2,0,0,0,0,0,2,0,0,0,2,0,0,2,3,0,1,0,2,0,3,1,1,1,0,3,0,4,2,1,0,0,0,1,2,0,0,0,0,2,3,0,4,1,0,1,0,0,0,0,1,2,0,0,0,0,0,1,0,0,4,2,1,0,3,0,0,3,0,0,0,0,0,0,0,4,1,0,2,0,2,0,0,4,1,2,1,0,0,1,0,0,24,114,193,195,147,31,0,0,3,3,2,0,2,0,1,1,4,0,0,0,0,0,0,0,0,0,14,121,221,251,250,255,249,221,140,0,0,0,2,2,0,1,0,0,0,0,1,0,0,0,0,0,0,1,137,254,255,251,250,255,250,253,245,190,53,0,1,4,2,2,3,0,0,0,0,0,0,3,4,2,2,29,220,251,253,254,199,127,185,253,252,252,175,0,0,1,1,1,0,2,0,0,4,2,0,0,1,0,2,151,252,249,242,77,7,2,84,251,253,252,211,0,5,0,0,0,1,2,1,0,0,0,0,3,3,0,1,213,255,253,124,0,0,2,85,255,253,254,108,0,0,0,0,0,0,0,2,0,1,0,1,0,0,0,1,209,254,253,126,1,3,0,86,253,253,253,107,0,0,0,1,0,0,0,0,1,2,3,0,0,0,0,0,207,255,251,178,21,25,127,213,249,251,250,56,0,2,2,0,0,2,0,2,3,5,1,1,1,1,0,2,35,253,253,252,251,255,255,254,255,252,154,0,0,2,1,0,2,2,0,1,0,0,1,3,1,0,1,3,1,165,252,251,251,253,253,250,251,253,44,0,1,1,0,2,0,0,0,0,0,3,0,0,0,1,1,0,0,18,140,228,212,211,238,252,255,252,43,0,0,4,0,0,0,1,2,1,0,1,1,0,1,1,0,0,2,0,1,28,0,1,151,252,251,251,75,0,0,0,0,1,2,0,0,1,0,1,1,1,0,0,0,2,2,2,0,0,2,2,139,252,253,254,241,0,3,0,0,2,0,0,1,2,0,2,3,2,0,0,0,0,0,2,0,0,0,0,114,249,250,253,224,1,0,0,2,2,2,0,0,2,3,0,0,0,0,3,0,2,0,2,0,2,1,0,146,253,252,255,194,0,0,3,0,0,1,2,0,0,2,0,0,0,0,2,2,0,2,0,2,0,0,0,193,252,250,255,253,2,0,1,2,2,0,0,1,1,0,0,0,0,0,0,0,0,1,0,0,0,0,0,151,251,251,252,252,0,2,0,1,0,3,4,0,0,0,0,2,0,0,2,0,0,0,1,4,2,2,0,147,250,250,252,252,2,1,0,0,0,1,0,0,1,0,3,0,0,0,1,0,0,2,4,2,1,2,0,77,251,247,253,157,2,0,1,0,2,0,0,3,0,2,0,2,3,2,0,2,0,1,0,0,1,0,0,9,122,191,146,24,0,1,0,0,2,3,0,2,0,0,1,0,2,1,0,0,2,0,1,1,3,0,0,6,0,0,2,3,0,0,0,1,1,0,0,0,0,3,1,0,0,1,2,0,1,0,0,0,1,0,1,0,1,0,0,0,3,1,0,0,1,0,1,0,1
0,0,0,0,0,0,3,0,2,0,1,0,0,0,1,0,3,0,2,2,3,0,0,0,0,1,1,1,1,1,1,0,0,0,0,0,0,1,0,0,0,1,0,2,4,2,1,0,0,0,0,0,1,0,1,0,0,1,0,0,0,0,0,0,0,1,0,0,0,0,2,0,1,0,1,1,1,0,0,0,3,0,2,0,1,0,0,1,0,0,2,1,0,3,0,0,0,2,2,1,0,0,0,0,0,0,0,0,3,1,1,0,1,0,0,0,0,0,0,1,4,0,0,0,2,32,114,227,249,126,14,0,1,3,0,0,1,0,1,0,2,2,0,0,0,0,1,1,0,1,0,0,151,248,254,254,255,251,204,23,0,0,0,2,3,0,0,1,0,0,2,1,4,1,0,0,1,0,2,150,255,253,254,249,253,253,254,139,0,0,1,0,4,0,4,4,0,0,2,0,1,2,0,0,1,0,150,253,255,255,144,50,230,249,255,246,24,0,1,1,0,3,0,0,0,2,0,0,0,0,4,0,2,109,239,255,244,84,3,0,41,233,255,254,24,1,0,0,1,0,1,4,0,2,1,0,0,4,1,0,15,242,253,255,144,1,1,1,6,215,255,252,0,0,2,0,0,1,0,0,0,0,0,1,1,0,0,0,63,255,254,234,12,0,2,1,2,196,253,251,0,0,1,0,0,3,1,0,0,4,0,1,2,0,0,0,171,251,253,152,4,1,0,0,1,195,255,253,0,3,0,0,4,0,4,1,0,0,2,0,1,2,0,0,253,254,248,41,0,0,2,0,1,195,255,253,0,0,0,0,1,2,0,0,0,3,1,0,0,0,0,0,254,253,193,0,0,2,0,0,1,196,255,255,0,0,0,0,0,1,0,1,0,0,0,0,1,0,1,0,255,252,154,0,0,2,0,0,17,245,255,250,0,0,2,0,3,4,0,1,2,1,0,0,0,0,0,71,255,253,44,2,0,2,0,2,91,253,255,255,2,0,0,0,2,0,0,0,1,2,0,0,1,0,3,77,255,251,37,1,0,4,1,0,175,254,255,194,0,3,0,0,0,0,0,1,1,0,0,0,1,0,0,80,252,252,39,2,0,0,0,47,234,251,252,60,0,0,0,0,3,0,0,0,0,0,0,1,2,2,2,75,255,253,40,0,0,0,46,208,254,252,238,15,0,0,0,3,0,0,2,0,1,1,0,0,0,0,0,82,255,226,16,1,0,14,198,252,251,253,122,0,0,1,0,0,0,0,0,0,2,2,0,0,1,0,0,0,255,250,68,3,43,192,253,252,254,142,12,1,0,2,2,2,0,1,2,0,0,2,0,0,0,1,0,0,217,254,224,196,235,250,254,254,190,16,0,1,0,0,0,0,0,2,0,0,0,0,0,0,0,0,1,0,71,253,252,254,250,255,251,167,10,0,0,2,1,0,0,0,1,0,0,0,2,2,0,0,0,0,2,0,3,116,216,254,255,215,113,6,0,0,0,0,2,0,1,0,0,0,0,0,0,0,0,1,3,1,0,0,0,0,3,0,0,1,5,0,0,1,1,0,0,3,2,0,0,0,0,2,2,0,4,0,3,0,2,1,0,0,1,0,0,2,2,0,1,0,0,0,0,1,0,2,0,2,0,1,0,0,0,4,0,0,2,0,0,0,1,0,1,0,0,1,0,0,0,0,1,2,0,0,0,0,1,0,0,0,1,2,0,3,1,1,0,0,2,0,0,0,0,0,0,0,0,2,0,0,4,0,0,1,0,1
0,0,0,0,2,0,0,0,0,0,0,0,2,0,0,0,2,0,1,0,2,0,0,1,0,0,1,0,0,0,3,1,0,1,0,5,0,0,0,1,2,0,0,1,1,0,0,0,0,1,0,0,2,0,2,1,1,3,1,1,0,1,0,2,0,2,1,0,0,0,1,1,0,0,0,0,1,0,2,0,1,1,1,0,0,1,1,0,0,0,0,0,0,0,0,1,2,1,0,0,2,0,0,1,2,1,0,2,2,1,1,0,0,2,0,1,0,3,0,1,0,0,6,1,0,0,1,3,1,4,1,2,1,0,0,0,0,0,4,1,2,0,0,1,0,2,0,0,5,52,131,130,247,255,251,251,169,48,9,0,0,0,1,1,0,0,1,0,5,2,0,2,0,0,0,0,141,252,253,253,252,255,254,253,253,251,70,0,0,0,2,4,0,0,0,0,0,1,0,2,0,1,2,2,196,223,215,217,158,94,164,222,250,249,178,0,0,2,0,3,0,0,1,0,0,1,1,0,0,0,0,1,64,15,0,0,0,1,2,11,170,249,178,2,1,2,0,1,3,0,2,1,2,0,0,0,1,0,0,0,0,0,0,0,0,0,0,2,48,253,177,0,1,2,2,1,2,0,0,0,2,0,0,3,1,3,0,0,2,0,2,0,0,0,0,11,163,250,145,0,0,2,0,3,1,0,1,0,1,2,1,0,2,0,2,0,0,0,0,2,2,0,0,134,251,233,40,0,2,1,0,0,0,0,0,0,1,0,0,0,0,1,0,1,1,0,0,0,1,51,164,239,249,86,0,0,0,0,0,0,0,1,0,0,2,0,0,0,1,2,0,0,1,2,2,47,168,242,250,250,253,235,106,1,0,0,0,0,0,1,0,2,0,0,2,1,1,0,3,0,0,0,1,226,253,251,255,251,252,252,248,105,1,0,0,0,5,0,0,0,0,2,0,2,0,0,0,0,0,0,50,245,244,241,245,243,243,251,254,166,0,1,3,2,2,1,0,0,0,0,0,2,1,0,2,2,0,0,1,98,60,0,0,1,0,112,253,168,2,1,0,0,0,0,1,2,1,0,0,2,1,1,0,0,2,2,0,0,0,0,2,0,2,138,252,93,2,0,1,0,0,1,0,2,0,1,2,2,0,1,2,0,0,1,3,0,4,0,0,2,55,229,201,17,0,2,1,0,1,0,0,0,0,0,0,2,0,0,0,0,1,2,3,0,0,1,0,59,228,252,93,0,0,3,0,0,0,4,2,0,0,3,0,0,0,2,0,1,1,2,5,1,2,82,195,230,253,116,14,0,0,0,1,1,0,0,1,2,0,1,1,4,0,0,0,21,86,83,83,135,206,253,252,239,87,14,0,1,1,0,1,1,0,0,0,2,0,0,0,0,0,3,18,188,250,254,253,251,252,252,184,31,0,1,0,0,3,2,2,2,0,0,2,1,2,0,0,1,0,17,195,254,253,254,255,252,200,24,10,0,1,0,0,1,3,0,0,0,0,0,0,0,0,2,1,0,1,20,210,254,218,127,87,12,6,0,0,3,4,0,0,0,0,0,0,0,0,0,0,1,1,0,0,1,0,0,2,1,0,2,0,0,2,0,1,0,1,1,0,0,0,1,2,1,0,0,1,0,2,0,0,0,0,0,0,0,2,0,0,1,2,2,1,2,0,0,0,1,0,3,2,5,0,0,0,0,3,0,0,1,0,3,0,0,0,3,0,0,0,0,2,0,1,0,0,0,0,0,0,0,0,1,2,1
0,0,1,3,0,0,0,1,0,0,0,0,0,0,0,4,0,0,0,1,0,0,2,5,0,0,0,1,1,0,2,0,0,0,0,0,0,1,0,0,0,1,0,0,0,1,0,1,0,0,0,0,0,0,3,0,2,1,0,1,0,0,1,3,0,0,0,0,0,0,1,0,0,0,0,0,2,1,0,1,0,0,0,0,0,1,0,0,0,4,0,1,1,0,1,0,0,1,0,0,0,0,0,0,2,0,0,1,0,0,1,1,0,1,0,0,3,1,0,0,0,0,0,3,1,2,0,0,0,0,0,5,57,104,155,198,155,52,4,0,0,2,0,0,2,0,1,1,0,0,0,3,0,0,1,0,0,6,59,172,255,255,254,255,255,206,0,1,0,3,0,0,0,3,0,0,2,0,0,3,1,0,2,4,42,187,254,255,254,254,234,189,191,39,0,2,2,0,0,1,0,3,1,1,0,3,0,2,1,0,7,134,241,253,251,237,134,46,23,0,0,2,0,2,0,0,0,1,3,0,2,0,0,2,0,0,0,0,137,253,255,253,181,44,0,0,3,1,0,0,0,0,0,0,0,1,2,2,2,1,3,0,0,0,5,137,255,251,249,142,9,0,0,1,0,2,1,3,0,0,0,0,1,2,0,0,1,2,3,2,0,3,135,255,254,224,97,2,1,4,1,0,0,1,0,0,0,0,0,0,1,1,0,0,2,0,0,1,4,139,252,255,250,56,0,0,2,0,0,0,0,4,3,0,0,2,0,0,0,0,1,0,0,0,1,0,97,254,255,255,60,0,0,1,1,1,4,0,0,0,0,1,1,2,0,1,2,0,0,0,0,0,1,61,239,253,251,101,1,0,0,0,0,0,3,0,2,1,3,0,0,0,1,0,0,0,0,0,0,0,0,164,255,252,237,105,11,2,0,0,0,0,1,0,2,0,0,1,1,2,0,0,0,0,2,0,0,0,10,254,255,248,252,254,255,146,26,1,1,0,0,4,0,0,1,1,0,0,0,0,0,1,0,0,0,2,139,255,254,255,254,255,255,255,209,20,0,1,2,1,0,1,3,1,0,0,1,1,3,1,0,0,0,0,209,255,242,84,84,86,151,255,255,116,0,0,0,2,1,0,0,0,1,0,0,0,0,0,1,0,0,0,210,253,147,2,0,2,52,252,252,151,0,2,0,1,0,2,1,0,0,2,0,0,0,1,0,1,1,0,210,255,133,2,0,0,175,253,255,148,2,1,0,1,0,0,0,0,2,0,0,0,1,0,1,1,0,0,215,255,134,0,5,139,252,255,225,32,0,2,1,0,1,4,0,2,0,1,0,2,0,0,0,1,0,1,140,254,222,191,198,255,255,255,95,2,0,2,0,1,0,0,1,0,0,1,4,0,1,2,0,0,1,1,4,204,251,253,253,253,232,96,0,2,0,1,0,0,1,0,0,1,0,0,1,0,0,0,2,1,0,0,0,101,198,254,202,153,33,0,3,0,0,3,0,0,0,1,1,0,1,0,2,0,0,2,0,0,0,0,2,0,3,3,0,1,0,0,1,3,0,1,0,0,0,0,0,0,0,0,1,3,2,2,0,0,0,0,0,0,2,0,1,0,1,0,0,3,0,0,0,5,0,0,0,2,0,0,3,1,0,0,1,0,0,2,0,0,0,0,0,0,0,0,0,1,0,0,0,0,1,0,2,0,3,0,0,0,0,0,2,1,0,0,0,4,0,1,0,4,1,1,0,0,0,2,0,0,0,0,0,0,0,2
0,0,1,0,1,1,0,1,0,3,0,3,0,1,0,0,0,1,2,0,0,0,0,1,1,0,0,2,2,0,0,0,0,1,2,0,1,0,0,0,1,0,0,0,0,0,1,0,0,1,0,0,2,1,0,0,3,1,1,0,0,1,0,0,3,0,2,2,1,1,0,0,3,0,0,0,2,0,1,0,1,2,2,0,3,0,0,0,0,0,0,0,1,0,0,1,2,0,0,1,1,3,1,2,0,0,1,0,0,0,1,2,0,2,0,0,1,1,2,4,0,0,0,0,2,0,0,0,1,0,0,5,2,0,2,0,1,1,1,0,0,0,0,2,3,2,2,2,0,0,0,1,1,0,0,1,0,0,0,0,0,0,0,2,0,0,0,0,0,0,0,0,0,0,3,1,0,0,0,22,190,44,0,0,2,0,0,0,0,1,0,0,0,1,1,2,0,0,2,2,2,1,0,0,0,0,19,211,248,79,0,0,0,0,11,12,10,13,14,1,1,3,2,0,0,0,0,1,0,2,0,0,1,0,40,255,209,4,19,18,113,82,234,255,255,255,255,154,6,0,1,0,3,0,0,1,0,0,2,1,1,0,154,250,235,167,252,253,251,255,255,253,255,255,231,173,5,0,0,1,0,0,1,0,0,1,0,2,0,5,169,255,255,252,233,225,225,223,123,98,98,101,12,1,1,2,1,0,0,0,0,0,1,0,0,2,2,104,255,214,171,130,25,3,1,0,0,1,2,0,0,0,0,2,0,0,1,2,0,0,0,0,2,2,0,148,255,94,0,1,2,2,0,0,0,0,0,0,1,2,1,1,0,2,1,1,3,0,2,1,2,2,1,125,252,186,19,0,3,0,0,0,1,0,0,1,3,0,2,0,0,0,0,0,1,1,0,1,0,1,0,6,155,253,184,47,0,1,0,0,0,0,1,3,2,0,0,0,0,0,0,1,1,3,1,0,0,0,2,3,9,84,234,241,99,18,0,0,1,0,0,0,0,2,0,1,0,0,0,0,0,0,1,0,0,0,1,1,0,1,125,232,252,70,0,0,0,4,0,3,0,1,2,0,0,0,0,2,0,1,0,0,0,1,0,1,0,5,2,76,255,185,18,0,0,1,0,0,4,0,1,0,0,0,1,0,0,0,1,0,0,0,4,1,0,1,0,11,196,253,59,5,0,0,1,0,0,0,0,0,0,0,0,0,0,1,3,0,0,0,0,0,0,0,0,43,241,255,59,0,0,0,0,0,0,0,1,2,2,0,0,1,0,0,1,0,0,3,2,0,0,2,16,187,255,153,10,1,2,3,2,0,0,0,3,2,1,1,1,0,2,4,0,3,3,1,1,0,0,15,188,255,232,41,0,0,0,0,0,0,0,0,1,0,0,0,0,1,0,1,2,1,0,0,3,0,15,189,255,232,55,0,0,0,0,0,0,0,0,1,3,0,0,4,0,0,0,1,0,0,1,5,49,67,191,255,179,53,2,0,0,3,1,1,0,0,0,1,0,0,0,3,0,0,1,0,0,0,0,15,245,253,255,179,46,0,1,0,0,0,2,0,0,4,0,0,0,2,5,0,0,2,0,0,0,0,1,6,139,183,112,2,0,0,3,1,1,0,0,3,0,0,0,0,0,0,3,0,1,2,0,0,2,3,2,0,1,0,0,2,1,0,0,0,0,0,0,0,1,0,0,0,2,0,1,1,2,0,0,1,0,0,3,0,1,0,1,0,0,1,0,0,2,2,0,1,0,1,0,0,1,1,0,0
0,1,0,0,2,1,1,0,0,0,1,0,0,2,0,0,0,0,1,0,0,0,2,0,0,1,0,0,2,0,1,1,1,0,1,2,0,0,2,0,1,0,0,1,1,0,2,0,2,0,1,0,0,0,0,4,2,0,5,0,1,1,4,2,0,0,1,0,0,1,2,0,1,0,1,1,1,0,2,0,2,0,1,0,0,1,0,0,0,2,0,0,0,0,2,0,1,2,4,1,0,0,0,0,3,1,0,0,2,1,0,1,2,0,0,0,2,3,1,0,0,1,0,0,0,4,0,0,2,0,0,1,0,0,0,0,0,1,2,1,3,0,4,0,1,1,1,1,0,1,0,1,0,0,1,0,0,0,0,1,0,1,4,34,32,0,0,1,0,2,2,0,0,1,0,0,3,0,0,0,1,0,16,163,33,24,94,141,175,227,251,255,227,0,0,1,0,1,0,2,1,2,4,0,1,0,0,0,2,92,218,252,255,254,255,255,245,242,243,162,80,0,0,0,0,0,0,1,2,0,0,0,0,0,1,20,150,255,251,254,250,167,135,66,30,1,2,0,0,0,0,2,0,0,0,1,5,2,2,0,1,0,0,118,251,254,249,169,64,0,0,0,0,4,2,0,0,0,3,0,0,0,0,1,3,0,0,2,1,0,7,180,251,255,153,13,0,2,1,2,3,0,0,0,0,0,4,1,0,2,0,0,2,0,0,0,0,5,90,255,245,142,42,101,116,186,196,93,0,0,3,1,0,0,0,0,0,3,1,2,3,0,4,0,0,0,144,254,200,241,255,255,227,221,241,239,54,0,0,2,1,3,1,0,1,0,0,0,3,1,1,3,5,19,240,255,255,255,224,77,10,1,101,254,106,0,0,0,0,0,2,1,2,0,0,1,0,0,4,2,0,4,110,129,93,48,8,1,0,3,10,238,170,0,0,0,0,0,3,0,2,0,0,0,0,0,0,5,0,0,0,0,1,0,0,4,0,0,0,231,202,0,0,0,0,0,1,1,3,0,0,0,0,3,0,0,0,0,0,3,0,2,0,1,2,0,29,243,197,3,0,0,4,0,1,0,1,2,5,2,0,0,19,37,0,0,0,0,0,1,0,0,1,2,132,253,113,2,0,0,0,3,0,0,2,0,2,0,2,70,212,234,0,0,0,1,0,0,0,0,0,31,197,241,24,0,0,0,0,4,0,1,1,0,1,2,2,249,253,195,0,0,0,0,1,1,0,0,47,233,255,118,0,1,0,2,0,0,0,1,1,1,0,0,0,183,252,138,0,1,0,0,2,0,0,113,243,255,150,16,3,3,0,1,0,0,0,1,0,0,1,0,0,91,220,29,0,0,2,1,32,86,168,249,218,66,2,0,1,1,0,0,4,0,2,0,0,2,0,5,2,89,253,240,160,158,156,200,250,255,253,148,17,0,1,0,1,2,0,1,0,2,0,0,2,0,0,0,0,4,146,176,172,173,174,174,135,79,9,0,1,0,0,0,0,0,5,4,0,0,0,0,5,0,2,3,0,1,4,1,1,1,0,3,0,0,0,0,0,1,3,2,0,0,0,0,0,2,2,0,0,3,0,1,3,1,1,0,1,0,0,3,0,1,0,3,2,0,0,0,0,0,0,1,0,1,0,0,2,1,0,0,1,1,2,4,0,2,0,2,1,0,0,0,0,0,0,0,0,0,2,0,0,0,2,1,2,0,0,0,0,1,2,0,2,1,0,1,0,0,0,0,0,1,4,0,0,1,1,2,0,3,0,0
1,0,0,2,0,1,0,0,0,1,0,0,0,0,0,1,0,0,1,0,0,2,5,0,2,0,1,0,0,1,4,0,1,0,1,3,1,2,0,0,1,0,1,0,0,0,0,1,0,0,1,0,0,4,0,0,0,0,2,2,0,1,0,0,3,0,0,1,0,0,1,3,0,0,0,0,0,0,0,0,0,0,1,0,4,1,0,1,0,0,2,0,1,3,2,0,1,0,1,0,0,0,4,0,1,1,0,0,0,0,0,0,2,0,3,0,0,2,0,2,3,0,0,0,0,3,0,0,0,1,0,0,1,0,0,0,0,0,0,0,2,3,5,0,0,0,0,1,2,0,0,0,0,0,0,2,1,0,0,0,0,2,3,0,0,0,1,3,0,3,0,0,0,0,0,1,4,2,5,176,21,132,122,11,1,2,0,2,1,3,1,2,3,1,0,0,0,2,3,1,1,1,0,1,12,125,190,253,249,253,251,236,124,7,0,0,2,0,1,0,0,0,2,0,1,1,1,1,0,4,0,11,156,252,252,251,251,254,254,252,253,161,10,0,0,0,4,1,0,2,0,0,0,0,0,0,1,1,33,191,254,252,255,253,255,255,251,233,255,252,63,2,1,3,0,2,0,0,5,0,0,2,0,0,0,2,48,255,251,253,251,220,227,128,65,48,165,252,165,12,1,4,0,2,0,0,0,1,0,2,6,1,1,1,82,254,255,252,148,32,33,1,1,2,49,254,252,49,0,0,2,0,0,1,4,1,2,0,0,0,1,0,166,253,252,144,8,0,1,2,0,0,51,255,255,146,0,3,0,0,0,2,0,0,0,3,0,0,1,0,168,252,226,29,1,3,4,0,3,1,50,255,252,169,1,0,2,0,1,0,0,1,0,1,0,0,4,0,116,251,70,2,0,2,0,0,0,0,158,250,255,169,0,0,0,1,0,2,3,1,3,1,1,1,0,0,27,129,29,3,0,1,1,1,1,0,168,251,251,112,2,0,0,0,0,0,1,0,0,1,0,1,0,0,0,0,2,2,1,1,3,0,0,34,253,253,253,47,0,2,0,0,2,2,0,0,1,2,0,0,0,2,0,0,3,1,0,0,0,0,3,29,212,252,252,49,2,0,1,0,0,0,0,0,0,2,1,0,0,0,0,0,0,1,1,1,1,0,1,157,254,252,208,18,2,0,2,3,0,0,0,0,0,0,2,0,2,1,0,0,1,0,0,0,1,0,0,158,255,253,100,2,0,0,0,1,1,0,0,3,0,0,0,0,0,0,0,0,0,1,1,2,0,1,1,158,254,251,61,5,0,0,0,0,0,2,0,2,1,0,1,0,0,0,2,0,2,0,1,0,1,0,7,180,255,254,60,0,0,1,6,0,3,1,0,0,0,0,2,4,1,1,0,1,0,0,0,0,2,1,62,253,251,252,60,0,1,1,2,0,0,2,0,0,1,0,0,0,0,1,1,0,2,1,0,1,0,11,237,254,254,230,39,0,0,0,1,3,3,0,0,2,0,0,0,0,0,0,1,1,0,0,0,2,1,177,253,255,250,84,0,1,0,0,0,2,0,1,0,3,2,2,0,0,0,1,1,2,2,0,0,3,59,249,255,251,150,0,0,1,0,0,0,1,0,2,0,0,0,0,0,2,1,1,0,0,2,0,2,0,0,0,0,0,0,0,1,3,3,0,0,1,0,0,1,1,0,2,2,0,3,0,2,1,0,4,2,0,2,0,0,0,1,0,2,0,0,1,2,1,0,2,5,1
0,2,2,1,0,0,0,0,0,0,0,0,0,1,2,0,0,0,1,1,1,1,1,2,0,0,2,4,0,1,2,0,1,0,0,0,0,2,0,4,2,4,0,0,0,0,2,1,1,0,1,0,2,5,2,0,0,2,0,1,3,2,0,2,0,0,0,0,0,0,1,0,2,2,1,0,0,0,0,4,0,0,2,1,1,1,0,0,0,0,1,0,0,0,2,0,1,0,3,1,5,0,0,2,0,0,0,2,0,0,0,0,1,2,0,1,1,1,2,0,1,24,131,194,131,130,37,1,0,2,0,0,0,0,0,0,0,3,1,0,1,3,1,2,0,0,0,85,139,211,254,255,253,254,253,161,33,0,1,0,0,1,3,1,0,0,0,0,0,1,0,0,0,0,3,155,253,241,234,234,235,250,255,255,218,25,0,0,1,0,0,0,4,2,2,1,1,2,0,0,1,2,18,243,255,96,0,2,1,78,204,252,255,165,20,0,2,1,4,0,0,0,1,0,0,1,0,0,0,0,0,59,177,79,0,2,1,0,28,201,253,255,113,0,0,0,0,1,0,1,0,0,1,0,0,1,1,0,0,0,0,0,1,0,0,0,0,65,248,254,157,1,0,0,1,0,0,2,0,2,0,0,0,1,0,1,1,1,0,0,1,2,0,0,3,0,122,255,175,4,0,1,1,3,1,0,0,0,1,0,0,2,1,0,3,0,0,0,0,0,0,0,0,0,25,228,253,136,9,3,0,0,3,2,0,0,1,2,3,0,0,3,0,0,3,0,1,1,0,2,0,2,0,211,255,255,24,1,0,0,2,1,0,3,0,0,0,0,0,0,0,0,0,1,0,0,0,1,2,0,2,121,254,254,54,0,0,0,1,1,4,0,0,0,0,0,2,3,0,0,123,194,194,170,69,18,0,1,0,23,225,253,149,0,2,0,0,0,0,0,0,0,0,1,0,0,3,55,234,255,253,255,254,211,106,76,11,0,216,250,150,4,0,1,3,3,0,0,1,0,0,0,1,0,2,150,255,242,173,230,252,251,255,252,178,11,217,255,151,0,3,3,0,0,0,0,0,1,0,1,0,0,2,149,254,218,0,31,40,136,232,254,251,215,246,255,150,0,1,1,1,0,0,0,1,0,0,0,0,2,5,104,255,249,75,0,1,1,61,187,253,253,254,255,151,1,0,0,0,0,1,0,0,4,0,3,0,4,2,16,214,255,211,32,0,0,0,9,131,242,251,253,40,0,2,2,1,0,0,3,0,0,0,0,0,0,0,0,157,254,255,127,2,1,0,29,109,229,255,255,22,0,2,1,0,0,0,1,0,0,1,0,0,0,0,0,29,213,253,251,207,114,145,243,255,255,253,209,14,1,0,2,0,3,1,2,0,0,0,4,1,2,3,1,0,24,214,253,252,255,254,254,254,254,110,4,0,0,0,0,0,0,0,2,2,0,0,0,0,0,1,2,1,2,3,92,217,252,160,131,92,4,5,0,0,0,2,2,0,0,1,0,0,4,0,0,0,0,0,1,0,1,1,0,2,0,3,0,2,0,0,0,0,1,0,0,0,2,1,1,1,0,0,0,1,0,0,0,0,1,0,0,1,0,3,1,0,0,0,3,0,0,0,1,0,1,1,3,0,0,0,0,0,0,2,1,0,0,0,0,0,0,3,2,0,2,0,0,0,0,0,0,0,1,3,0,3,2,0,0,0,1,0,0,0,1,1,0,0,1,0,3,0,3,0,4,0,0,1,1,0,1,0,0
0,0,0,0,1,1,0,0,3,0,3,0,0,4,1,2,1,0,0,1,3,3,1,0,0,0,0,0,0,0,0,0,0,0,0,0,1,0,0,0,0,0,2,0,0,0,0,0,3,1,0,0,1,0,1,4,2,0,1,0,0,0,2,3,0,1,1,0,4,0,2,1,1,1,0,0,0,1,0,1,0,1,0,2,1,0,1,0,0,3,0,0,4,3,0,1,1,0,1,2,0,4,1,4,0,3,2,0,1,0,0,0,2,0,0,1,2,0,0,1,0,0,2,1,0,1,0,0,0,0,0,0,0,2,0,0,0,1,0,0,2,0,0,4,0,0,0,3,0,0,0,48,125,163,254,255,225,101,0,0,0,0,0,2,3,0,0,2,0,1,2,4,0,0,0,1,0,111,235,251,253,253,254,251,250,254,131,1,0,1,1,0,2,0,1,2,2,1,0,0,0,0,0,51,113,246,254,255,254,252,251,254,252,254,250,136,0,2,2,0,0,0,0,3,1,1,3,1,4,0,53,239,255,251,252,250,254,252,253,253,250,253,254,218,0,0,0,1,0,0,0,0,0,1,0,0,0,0,244,255,254,255,255,254,254,221,154,155,178,255,251,226,37,0,1,4,0,0,0,0,0,1,0,0,0,0,254,252,254,254,252,174,55,21,0,0,61,252,253,251,204,0,0,0,0,0,0,0,0,2,0,1,0,0,38,248,255,254,129,7,1,0,0,1,12,194,254,255,221,1,2,1,0,3,1,0,0,0,3,0,0,2,0,106,179,55,3,0,0,0,0,2,46,242,254,255,218,0,0,0,1,0,1,0,0,0,3,0,0,0,0,0,2,38,63,73,74,71,69,55,61,255,253,254,223,0,0,0,1,3,0,0,1,3,1,2,0,0,1,29,127,224,248,255,253,255,255,240,206,252,252,253,149,0,0,0,0,0,1,1,0,2,0,0,0,0,0,148,253,253,255,254,252,249,252,253,253,255,253,255,245,109,54,2,0,1,0,2,1,2,2,0,1,1,93,251,254,253,253,249,254,254,254,253,251,250,252,252,251,254,247,183,184,116,1,0,0,1,1,0,0,0,214,254,253,252,252,236,226,250,252,252,254,253,255,253,254,255,255,253,251,254,1,3,0,0,1,0,0,0,166,252,253,238,96,56,29,157,252,255,255,253,253,253,253,252,253,254,252,251,3,2,0,0,0,0,0,0,109,255,255,163,22,30,143,235,254,251,251,247,131,114,221,224,252,253,255,238,0,2,0,0,0,0,0,0,0,232,252,255,218,239,255,252,253,253,246,115,0,2,0,11,95,97,97,45,0,0,2,2,0,0,4,0,0,121,253,253,252,253,251,255,250,246,113,1,0,0,0,0,2,1,2,0,0,1,2,0,3,0,2,0,0,52,242,252,251,250,251,255,251,115,1,1,0,0,0,0,0,2,1,1,0,1,0,0,2,2,0,0,2,0,49,236,250,248,249,207,119,23,2,0,0,3,0,2,0,0,0,0,0,1,0,0,3,2,0,0,0,0,0,0,49,18,0,4,0,0,1,0,0,1,0,0,0,0,2,0,3,0,0,0,2,2,2,1,1,0,0,0,0,0,0,0,0,0,0,0,0,0,0,0,0,2,0,0,0,0,0,0,1,0,1,1,1,1,1,0,0,0,0,0,0,1,0,0,1,1,0,4,1,2,0,0,0,2,0,0,1,2,0,1,0,1,1,5,0,0,0,2,4,1,0,0,0,1,3,1,0,0,1,1,0,0
3,1,0,1,1,1,1,2,2,0,0,0,0,1,1,2,1,0,0,0,0,3,0,1,3,4,0,0,0,3,4,0,3,0,0,1,1,1,0,2,0,0,0,0,1,2,0,0,2,0,2,0,0,1,1,0,0,0,0,0,0,0,0,0,0,0,2,0,1,0,1,2,0,3,0,0,2,0,1,0,0,1,0,0,1,1,5,0,2,0,0,0,0,1,0,1,0,0,2,2,0,1,0,1,2,0,2,0,0,2,0,0,0,1,3,1,2,0,2,1,0,1,1,0,1,0,0,0,5,0,0,0,0,0,2,0,1,1,1,3,0,0,0,2,1,0,0,0,0,0,0,0,1,1,1,0,0,0,2,1,0,0,0,0,0,0,0,0,0,0,0,2,0,0,2,2,0,1,0,1,1,2,0,2,0,0,0,1,0,1,0,0,0,2,0,0,0,1,0,0,0,3,0,0,0,0,61,117,167,254,255,241,117,60,1,0,0,0,0,0,1,3,0,0,1,0,2,0,0,2,0,104,160,235,244,252,250,253,255,255,252,246,180,11,0,2,0,2,0,0,0,0,2,1,0,0,3,2,24,214,255,249,254,252,255,253,253,252,255,252,255,175,17,0,1,0,1,4,4,1,0,2,0,0,0,2,77,240,227,199,196,136,62,60,60,59,141,227,251,252,83,3,0,1,4,0,3,1,0,1,4,0,2,1,24,65,45,0,0,0,0,0,1,0,0,123,254,251,191,2,0,0,0,0,3,0,0,3,0,0,1,0,3,0,0,0,2,1,0,0,2,0,11,199,252,253,110,2,1,0,0,1,1,0,3,4,1,0,0,0,0,1,0,0,3,0,0,1,0,2,147,252,251,210,28,6,0,1,1,2,1,3,0,1,1,0,0,1,2,0,0,0,0,0,1,0,0,15,192,254,252,170,1,0,0,0,0,0,2,0,0,1,2,0,1,0,0,1,2,0,2,0,3,2,18,181,254,252,216,35,2,0,0,3,2,0,0,3,0,1,0,0,1,3,1,0,0,0,3,0,0,0,47,252,252,253,37,1,2,0,0,0,1,0,2,1,0,0,0,0,0,0,1,0,0,0,0,0,1,75,196,251,252,137,3,2,0,0,0,2,2,0,0,0,0,0,0,0,2,0,0,0,2,2,2,0,10,206,253,252,155,2,2,0,1,0,0,2,0,0,0,0,0,0,0,0,0,0,2,0,1,1,0,61,184,251,253,254,106,1,0,0,0,0,2,0,0,0,0,0,0,1,0,0,0,0,0,0,1,2,0,112,251,251,232,121,2,2,4,0,2,0,0,0,0,0,0,5,0,0,2,0,0,0,0,1,0,1,58,245,255,250,150,0,0,0,0,0,4,0,0,0,4,2,0,0,0,0,0,0,3,2,0,1,1,2,169,254,254,149,6,0,2,1,0,1,0,0,0,2,0,0,1,1,0,3,1,5,2,3,4,1,1,50,251,253,230,37,0,0,0,0,0,0,0,0,0,0,2,1,0,2,0,0,0,2,1,0,2,1,45,224,253,254,140,2,0,0,0,2,0,0,0,0,1,1,0,4,0,3,0,1,0,2,1,1,1,0,170,255,252,185,12,0,2,0,3,0,0,1,0,0,0,2,0,0,3,1,1,4,0,0,3,1,0,1,98,252,182,65,1,0,0,0,0,2,0,0,1,4,0,0,0,7,1,2,0,0,1,2,1,0,0,0,1,0,0,2,0,0,1,0,0,0,0,0,0,0,1,2,0,0,0,0
0,0,0,1,0,0,1,0,2,0,0,2,0,0,3,4,0,2,0,0,0,1,6,0,1,1,0,0,3,0,1,1,1,2,0,0,2,2,2,0,0,0,2,1,2,0,0,0,2,3,0,3,0,0,1,0,0,1,0,1,2,0,0,0,1,0,1,0,0,0,2,2,0,0,0,2,0,3,0,2,2,1,1,0,0,1,1,0,0,1,0,0,0,2,0,0,0,1,0,0,0,0,0,2,0,2,0,0,0,0,1,0,2,0,0,0,2,4,1,0,2,1,0,0,0,1,0,0,1,82,212,0,0,0,0,0,0,0,0,1,1,0,2,1,0,2,3,0,2,4,0,1,0,0,2,0,0,162,115,1,0,0,3,0,0,0,0,0,1,1,0,0,1,0,0,2,2,0,0,0,2,1,0,3,1,210,88,0,1,0,2,2,1,1,1,0,2,0,0,0,0,0,3,0,0,0,0,0,2,0,2,0,24,246,40,2,0,2,0,0,0,0,0,1,3,0,0,0,1,0,2,1,1,2,2,0,0,4,1,0,118,211,12,0,0,0,0,1,0,0,0,1,0,0,1,0,1,0,0,1,0,0,3,3,0,4,0,5,212,117,2,1,1,0,1,0,2,0,0,0,1,3,4,1,0,0,1,2,0,0,1,0,0,4,0,89,255,33,0,0,2,0,0,1,2,0,1,1,0,2,0,0,0,1,0,1,1,0,1,0,2,0,1,197,162,0,0,1,0,3,0,0,0,2,1,0,2,1,1,3,0,0,0,1,1,0,0,1,3,1,36,254,62,0,2,0,1,0,0,1,1,2,2,0,0,0,0,2,0,2,0,0,0,2,4,0,0,0,180,184,0,2,0,1,1,2,1,0,4,0,1,1,1,0,0,2,0,0,0,1,0,0,2,2,0,26,249,64,0,2,0,4,3,2,2,2,0,0,0,0,0,0,0,4,0,3,0,0,0,0,2,0,0,183,213,10,0,0,0,2,1,0,0,1,3,0,0,1,2,0,0,0,0,2,0,1,0,0,0,1,43,253,57,0,0,0,0,0,0,0,1,1,0,0,0,1,2,1,3,0,0,0,1,0,0,0,1,0,163,201,2,0,0,1,0,0,0,0,0,0,1,0,1,0,0,2,0,0,2,1,1,0,0,0,0,42,246,73,0,0,3,1,1,0,0,2,2,0,0,0,0,0,0,0,2,0,1,0,0,3,0,0,0,162,151,5,4,1,4,0,1,0,1,0,0,0,0,0,4,3,1,1,0,1,1,1,0,0,0,0,34,250,97,1,0,1,1,1,6,1,0,2,0,0,0,1,0,3,0,0,0,2,1,0,2,0,0,0,66,247,45,0,2,2,0,4,1,0,0,1,2,1,3,0,0,1,2,1,0,0,0,0,1,0,0,0,63,229,37,0,2,1,0,0,0,3,0,3,2,0,1,0,0,0,0,0,0,0,1,1,0,2,0,0,63,241,53,0,0,3,2,0,1,0,0,0,0,0,2,2,1,1,0,0,0,0,0,2,0,2,0,1,0,1,0,1,2,0,0,0,0,1,0,0,0,2,0,1,1,0,0,0,0,0,0,0,2,0,2,0,2,2,1,0,0,0,1,0,0,1,0,0,2,0,0,2,0,0,0,0,0,0,2,0,0,0,0,4,0,0,0,0,0,1,2,0,0,0,0,1,0,1,0,0,0,2,0,0,1,4,0,5,2,2,0,0,0,0,0,0,0,5,0,0,1,0,1,0,0,2,0,0,1,0
0,1,2,0,0,0,1,2,0,0,2,0,3,0,0,2,0,2,0,0,0,0,0,0,0,2,1,1,0,1,0,0,0,1,2,0,0,2,0,2,3,0,0,0,1,0,1,0,2,3,2,0,2,4,0,0,3,3,1,0,0,0,0,1,1,0,1,0,0,2,0,0,0,0,0,0,2,3,0,0,0,0,0,3,0,0,1,1,0,0,0,0,0,2,1,0,0,1,0,1,0,0,2,0,1,4,0,0,0,1,2,0,0,0,0,3,0,1,1,0,38,146,155,172,255,252,255,251,168,157,105,39,0,0,3,0,0,0,0,1,2,0,0,0,0,0,1,18,239,254,250,250,253,251,255,255,251,255,251,241,103,2,0,0,0,3,1,1,0,0,2,0,1,0,0,19,253,252,207,172,92,91,88,91,169,187,247,251,238,70,1,0,2,0,1,0,0,0,0,1,3,2,0,21,253,172,11,0,1,0,0,0,1,0,80,211,255,207,6,0,2,0,0,1,2,1,2,0,4,0,0,13,203,25,1,2,1,0,0,4,0,0,0,79,255,253,7,0,0,2,1,0,0,0,0,0,3,0,0,3,8,6,0,0,3,0,2,0,1,0,3,6,235,254,7,0,0,0,0,1,3,0,1,0,1,0,0,3,0,1,1,0,1,0,3,2,2,3,0,60,245,251,9,0,0,1,1,0,0,0,0,0,0,3,0,1,2,3,1,1,0,1,0,1,0,0,7,146,254,206,7,0,4,1,3,0,0,0,0,0,0,0,0,1,0,3,1,0,0,0,1,1,0,2,139,254,241,63,2,2,0,0,0,0,0,0,0,0,0,0,0,0,0,2,0,0,1,0,0,3,3,147,254,236,58,1,0,0,1,0,2,0,0,2,0,0,0,0,0,0,0,0,0,0,0,0,0,5,138,253,241,60,0,0,1,0,5,0,4,1,1,0,0,1,3,3,0,0,0,0,1,0,0,0,4,148,253,236,65,2,0,0,0,1,0,2,1,0,1,0,1,0,0,0,0,0,0,0,0,0,0,4,140,255,246,98,3,1,0,2,1,0,0,1,1,0,0,2,0,1,1,0,0,0,0,0,0,0,2,143,254,237,63,0,0,0,0,0,0,2,1,0,0,2,0,0,2,0,0,0,2,2,1,0,0,20,164,248,229,60,0,0,1,0,0,0,1,2,0,0,0,1,0,0,2,1,4,1,3,1,1,1,58,189,254,166,2,2,0,1,4,0,0,0,0,0,0,0,0,0,0,0,0,0,1,2,0,3,70,184,248,253,150,12,3,0,0,0,0,55,147,233,88,1,1,0,3,0,1,0,3,0,1,2,2,93,255,253,252,191,15,0,0,1,0,60,140,238,254,151,1,0,0,0,0,0,3,1,0,0,0,13,132,251,255,255,129,65,143,143,146,171,244,253,255,187,56,2,0,0,0,0,2,0,2,0,0,1,0,112,253,255,251,253,234,252,252,253,255,255,255,159,53,16,0,2,0,0,1,3,2,0,0,0,2,0,1,0,0,1,0,0,0,1,0,1,0,2,0,0,1,0,0,0,1,1,0,0,0,0,0,0,0,1,0,2,0,0,1,0,1,0,1,0,1,0,0,0,1,2,1,1,2,1,0,2,0,2,0,1,0,0,1,1,0,0,3,0,3,0,0,0,5,1,0,0,0,3,4,0,0,1,0,0,0,0,0,0,0,0,0,0,0,0,0,0,1,1,0,1,0,0,0,0,0,0,0,3,0,0,0,0,0,0
0,0,0,0,0,2,0,0,1,0,0,1,0,0,0,2,1,1,0,1,0,0,0,2,2,0,0,1,2,0,1,0,0,0,0,0,0,0,4,0,2,0,0,0,0,1,2,2,0,0,0,1,1,1,0,0,0,0,1,1,1,0,3,2,0,0,0,1,0,0,0,2,4,0,2,1,0,0,2,0,0,0,2,0,0,5,0,0,0,0,1,2,1,0,0,0,3,1,2,0,1,2,3,1,2,0,1,2,0,3,2,0,0,0,1,1,3,0,1,1,0,0,0,0,0,2,0,0,0,2,0,0,1,1,1,0,2,0,1,0,0,0,0,0,3,2,0,1,2,14,43,80,77,244,77,0,0,0,3,3,1,0,0,0,0,1,0,0,4,4,1,2,0,0,0,1,107,205,255,255,252,253,66,1,0,0,1,0,0,1,0,1,0,0,0,0,0,0,0,2,0,0,0,0,151,255,251,255,251,210,96,2,2,0,3,110,37,1,2,3,0,2,0,0,0,0,0,3,0,0,0,7,212,252,255,254,254,179,81,0,0,16,115,253,254,171,3,2,0,1,0,1,0,3,0,3,0,2,2,41,253,255,255,236,240,96,1,0,133,220,241,253,255,130,2,0,0,0,1,2,2,1,0,0,0,0,0,118,204,246,252,228,226,127,7,137,252,255,170,109,255,53,1,0,0,0,0,0,0,3,3,1,0,0,0,43,41,66,247,254,255,254,214,252,253,255,238,109,177,16,0,0,0,3,0,0,3,3,0,1,0,2,1,0,3,1,189,255,252,253,253,253,252,255,159,0,0,3,1,2,0,0,0,1,1,0,0,2,0,2,0,0,1,0,18,169,225,252,253,254,254,148,13,0,0,0,1,0,0,0,0,2,0,2,1,0,0,1,0,2,0,0,0,2,194,253,253,255,186,109,2,0,1,0,0,0,0,0,0,1,0,1,2,0,0,0,0,1,0,0,2,3,196,254,254,253,230,175,19,0,2,1,4,2,0,0,0,0,0,2,0,0,4,1,0,0,2,1,2,82,225,254,252,254,255,202,152,70,0,0,4,0,1,0,0,0,1,1,3,2,0,0,0,0,0,2,0,183,253,175,123,168,243,253,255,226,0,0,0,0,2,2,0,1,0,0,0,2,0,2,1,0,0,0,10,255,255,127,35,124,195,231,115,188,31,4,2,0,1,0,1,0,1,2,0,0,0,0,0,0,0,0,10,253,255,143,0,8,95,248,99,59,14,0,0,0,1,0,1,1,1,0,0,0,2,1,2,2,0,0,11,252,255,239,33,131,224,255,182,176,83,1,0,1,0,0,0,0,0,3,1,0,0,0,0,0,2,2,11,255,255,252,224,255,238,254,252,232,16,0,0,0,4,0,3,1,0,3,2,3,1,0,0,1,0,0,6,239,255,253,254,255,254,255,244,8,0,0,2,0,0,2,0,1,0,1,1,1,0,3,1,0,1,0,0,69,239,255,253,254,255,207,144,0,0,1,2,2,0,0,0,1,0,3,2,0,2,0,0,1,2,4,1,0,113,198,231,144,136,13,19,1,0,0,0,0,2,0,0,1,0,0,2,2,0,0,0,0,2,0,0,0,2,3,0,0,0,1,0,0,0,0,0,1,0,1,0,3,0,0,0,0,0,3,0,0,0,0,0,0,2,0,0,0,0,0,0,2,0,0,1,2,0,2,0,1,0,0,4,0,0,1,2,0,2,2,1,0,0,1,0,1,0,2,0,2,2,0,3,1,2,0,3,1
0,1,0,0,0,1,0,0,2,2,0,0,0,1,1,0,0,0,0,0,0,0,2,1,0,0,5,0,1,0,0,1,0,0,1,1,0,1,0,0,0,0,0,0,0,0,0,1,1,0,0,1,0,0,2,0,0,0,0,0,4,0,0,0,0,0,0,0,2,0,0,0,1,1,1,4,2,1,0,0,2,3,0,0,0,0,2,1,2,1,0,0,0,0,0,0,2,1,0,0,0,0,0,3,0,1,1,0,0,0,0,0,2,0,3,0,0,1,0,1,2,0,4,0,2,179,100,0,1,0,0,3,2,1,0,0,0,0,1,0,2,3,1,1,0,0,1,0,0,1,0,0,33,242,169,1,2,2,2,1,1,0,0,0,0,0,0,2,0,2,0,0,0,0,1,3,2,1,0,0,163,254,121,2,0,2,0,2,0,0,0,0,0,0,0,0,2,1,0,0,0,0,0,1,2,0,0,2,46,255,54,0,0,3,2,2,3,0,1,0,0,2,0,1,0,0,0,0,1,0,0,2,0,0,0,0,99,232,17,2,0,0,95,14,1,0,3,0,0,0,0,2,0,1,0,0,1,0,2,1,1,1,0,2,182,190,0,0,0,8,248,63,0,1,0,0,0,0,2,0,2,0,0,0,0,0,0,0,0,1,0,39,233,108,1,2,0,11,234,3,0,2,0,1,0,0,1,3,1,2,2,0,2,0,1,0,0,0,0,161,237,32,0,0,0,120,231,2,2,1,0,0,1,1,0,2,0,0,0,1,0,1,0,0,1,0,52,252,82,2,1,2,3,203,144,0,0,0,1,0,0,0,0,0,0,1,1,0,1,0,0,1,0,0,165,160,1,0,0,0,13,252,59,3,0,1,0,4,3,1,1,2,0,1,0,1,0,1,1,0,0,38,237,59,3,0,0,0,121,246,0,3,1,1,1,3,1,0,1,4,1,0,1,0,0,0,0,2,0,165,228,65,129,149,149,105,237,178,0,0,0,0,0,0,0,1,0,1,1,3,0,3,4,0,0,0,58,253,253,255,254,191,179,249,252,66,1,0,0,0,0,1,5,1,0,0,0,0,2,0,0,0,2,0,39,163,87,81,2,1,0,148,252,4,2,0,0,0,1,0,0,0,0,2,0,0,0,0,3,0,0,0,3,0,0,0,1,0,1,202,200,2,0,0,0,3,1,0,0,0,1,0,0,1,0,3,0,0,0,0,1,0,1,2,2,0,2,227,113,0,0,1,3,1,0,3,1,0,0,0,0,0,0,0,0,0,0,0,1,0,0,0,3,1,10,235,82,0,0,0,0,0,0,2,1,2,0,0,0,0,0,0,0,0,2,0,0,1,3,2,0,2,69,253,14,0,2,2,0,1,0,0,0,0,1,2,0,2,2,0,0,3,0,0,2,0,1,0,2,0,132,215,3,2,0,1,0,2,2,2,0,0,0,0,0,1,0,0,0,0,1,1,2,0,2,0,0,2,133,113,0,3,0,0,1,0,1,1,0,1,0,0,1,2,0,0,2,0,1,1,0,0,0,0,1,0,3,0,0,1,2,0,0,1,2,0,2,2,0,0,1,0,0,0,1,1,2,0,0,0,0,0,0,3,0,0,2,0,0,0,2,3,0,0,1,0,0,0,0,1,0,0,1,0,0,2,3,0,0,0,0,0,0,1,0,0,0,0,2,0,0,0,0,2,1,0,2,2,0,0,0,1,1,0,1,0,3,0,1,0,0,0,0,0,1,1,2,2,0,2,0,1,0,3
0,0,0,2,0,0,0,1,0,0,0,0,0,2,0,3,0,0,0,2,0,0,0,3,0,2,2,2,2,1,0,1,0,0,0,0,0,0,0,0,0,1,0,3,0,0,0,2,0,0,1,2,0,1,0,1,0,0,1,0,1,0,0,0,0,0,0,1,0,0,0,0,2,1,2,0,0,0,0,0,1,0,0,0,0,0,3,0,0,0,0,0,1,0,0,1,0,0,0,0,0,0,0,1,0,0,1,1,0,2,0,0,1,2,2,0,0,0,0,2,0,0,1,3,2,2,0,0,50,151,0,0,0,2,2,0,1,0,1,0,0,2,0,1,0,1,0,0,1,0,1,0,0,0,0,0,192,252,1,1,1,0,1,0,0,1,0,1,1,1,0,0,3,0,1,3,1,3,0,0,3,0,0,161,255,255,83,0,0,1,1,0,0,0,0,0,1,2,1,1,0,1,0,0,2,1,0,0,1,0,0,203,253,211,0,1,0,0,0,1,0,0,2,0,1,0,0,0,0,0,2,0,0,0,0,0,1,0,28,233,255,254,2,2,3,0,2,1,0,0,0,2,0,2,2,1,0,0,0,0,1,1,0,0,2,0,131,249,253,132,0,0,0,1,0,0,5,0,0,0,2,0,2,4,0,0,0,1,0,0,0,1,0,1,152,251,148,1,1,2,0,0,0,1,3,0,0,3,2,0,0,0,1,0,0,2,0,2,0,0,0,0,234,253,142,0,0,0,1,0,0,1,0,1,1,0,1,1,1,0,0,3,0,0,3,0,0,2,0,82,252,255,180,1,0,2,1,0,1,0,1,1,0,0,0,0,0,0,0,1,1,1,0,1,0,0,0,200,250,251,103,0,0,1,0,3,0,0,0,1,1,0,1,0,2,0,0,0,3,2,0,2,0,0,28,233,243,82,0,0,1,0,0,0,2,0,1,0,0,1,0,0,2,0,2,0,0,0,0,1,1,1,53,253,202,0,1,0,0,0,1,0,0,0,0,0,0,0,0,0,1,0,1,3,0,0,1,0,0,1,132,255,105,0,1,0,0,4,4,1,2,0,0,0,0,0,0,6,0,0,0,0,0,1,1,2,0,43,253,251,143,0,0,0,0,0,0,0,0,0,2,0,0,0,0,0,1,0,0,1,2,0,2,0,0,105,254,251,85,0,0,0,0,0,0,4,0,0,0,1,0,0,3,2,0,0,1,1,0,0,3,2,81,224,253,171,0,3,0,2,0,0,0,0,0,2,0,0,0,0,0,0,3,0,2,0,0,1,0,0,73,254,201,41,0,1,0,1,1,0,1,0,2,0,0,0,2,0,0,0,2,2,1,0,3,0,0,0,193,254,160,0,0,0,3,0,0,0,5,0,1,0,1,1,0,2,1,0,0,0,1,2,0,0,0,124,243,244,43,0,1,3,0,1,0,1,4,0,2,1,2,0,2,0,0,1,1,3,1,0,0,0,3,163,183,100,0,3,0,0,0,2,0,1,1,1,1,1,0,0,3,2,0,3,3,0,0,3,2,2,5,3,1,0,0,0,0,0,0,0,0,0,0,0,2,0,0,0,0,0,3,2,1,1,3,0,0,1,0,2,0,0,0,2,0,0,2,0,0,1,2,2,0,1,1,1,0,3,3,1,0,1,3,1,0,4,0,0,0,1,0,0,2,0,0,2,0,0,1,0,0,0,2,1,0,0,0,0,0,0,0,3,0,0,0,4,0,0,0,0,0,2,2,0,0,0,1,0,0,0,0,0,1,0
2,1,1,2,0,0,0,0,4,0,0,1,0,0,0,3,0,0,1,0,0,0,0,0,0,2,0,1,1,0,1,0,2,0,2,0,0,0,0,1,1,0,0,0,3,0,0,1,0,0,1,0,1,0,0,3,3,2,0,2,1,1,0,0,0,0,0,0,0,0,4,4,5,1,2,1,1,1,2,0,0,2,0,0,0,0,2,2,0,1,0,0,0,1,1,1,0,2,1,0,1,0,1,1,0,0,1,0,3,0,2,0,0,0,0,1,0,0,3,0,0,0,1,0,0,2,0,1,1,0,0,0,2,0,0,0,3,1,0,1,0,3,0,2,0,0,0,0,0,0,0,1,0,0,0,0,1,2,0,3,0,2,1,0,0,2,0,1,0,0,0,1,0,2,3,2,0,1,2,1,4,0,0,4,0,1,0,0,2,2,1,0,0,2,0,0,0,0,0,0,0,0,0,0,0,1,1,11,91,171,173,151,153,83,0,0,2,0,1,3,0,0,0,2,0,0,0,3,3,0,1,0,0,122,202,214,254,251,255,255,251,243,39,0,0,0,2,0,0,1,0,0,0,0,2,0,2,0,1,73,254,244,203,141,101,104,100,2,205,253,54,0,0,0,0,2,0,0,0,0,0,0,1,0,0,0,0,171,67,45,0,0,0,1,0,0,204,252,130,0,2,0,0,0,0,2,0,0,5,2,0,2,0,0,0,0,0,0,0,2,2,0,2,0,202,255,51,2,2,0,0,0,0,1,0,0,1,2,2,2,0,1,0,0,0,0,0,0,0,0,0,1,201,234,29,0,0,2,0,2,2,0,0,1,0,4,0,0,0,0,0,2,0,3,0,0,0,3,0,0,202,186,2,2,3,0,0,0,0,0,0,1,0,2,2,0,0,1,0,0,0,0,0,1,0,0,0,37,244,105,0,0,0,2,0,0,0,1,3,0,0,3,1,1,0,5,0,0,1,0,0,0,2,0,0,150,252,37,0,4,0,0,0,0,1,0,1,0,0,2,0,1,0,0,0,0,2,1,1,0,0,1,1,235,213,0,3,0,0,0,0,0,2,1,0,0,0,0,4,0,0,1,1,0,0,1,1,0,0,0,22,253,90,0,0,0,1,4,0,0,0,0,1,1,1,0,0,0,0,0,2,0,0,0,0,0,0,1,101,252,47,1,0,0,1,0,0,2,0,0,0,1,0,0,0,0,0,0,0,2,0,0,0,0,1,14,214,206,21,0,0,1,3,1,0,0,0,0,0,0,2,0,0,2,0,0,0,0,2,1,0,2,0,52,252,65,0,1,1,0,1,0,0,0,4,2,1,2,0,0,4,0,1,0,2,0,0,0,0,0,1,129,255,1,0,0,1,1,0,0,0,0,3,1,0,2,1,1,0,1,0,0,2,0,0,0,3,3,42,254,173,1,0,0,0,0,0,0,3,0,1,1,4,1,0,0,6,1,0,0,0,2,0,0,0,1,104,244,81,2,3,0,0,0,0,0,2,0,2,0,0,0,1,0,0,0,0,0,4,0,0,0,0,2,182,203,2,2,3,0,0,0,0,0,0,1,0,2,2,1,0,0,0,0,1,0,1,3,0,0,0,71,253,124,2,0,0,0,0,0,0,0,4,0,0,2,0,1,1,0,0,2,0,0,0,0,1,2,2,113,216,0,2,3,0,2,0,0,2,0,0,2,3,0,0,1,0,1,0,0,0,0,0,1,0,1,0,3,1,1,0,1,1,1,1,0,3,0,2,1,1,2,0,0
1,0,2,1,0,0,0,0,0,0,0,0,0,0,2,1,2,1,0,2,3,0,3,1,0,1,0,0,1,0,1,0,0,0,0,0,0,0,0,0,0,1,1,4,4,0,2,0,2,3,0,0,3,0,2,1,0,0,2,0,0,3,0,0,2,0,0,0,0,0,2,0,0,0,0,0,1,0,3,0,0,1,1,0,0,0,0,0,1,2,1,0,1,0,2,3,0,0,4,1,0,2,0,0,0,1,2,0,1,0,0,0,0,0,0,2,0,2,0,0,0,0,9,118,240,216,217,194,74,5,3,0,0,0,0,2,0,0,0,0,1,0,1,0,4,0,0,0,0,2,48,253,254,255,255,252,253,82,1,2,1,1,0,0,2,1,2,2,0,0,0,2,0,0,0,0,3,4,6,117,143,139,231,254,255,242,101,0,1,0,0,5,0,3,2,0,0,0,0,0,0,1,4,0,0,0,0,0,0,11,209,253,255,239,10,0,1,2,0,1,0,0,2,0,0,1,2,0,2,0,0,0,0,0,1,0,50,207,255,251,238,60,0,0,1,1,0,0,1,0,2,0,0,0,0,0,2,2,1,0,0,0,0,43,231,255,253,144,59,1,1,0,0,0,1,0,0,0,0,0,0,1,5,0,0,1,2,2,0,0,0,86,254,252,254,105,0,0,0,1,0,0,0,0,3,1,0,3,0,2,0,3,0,0,0,1,0,0,2,23,165,255,255,247,170,17,0,1,0,0,5,0,0,0,2,3,3,0,3,2,0,1,0,0,0,0,0,0,1,47,221,251,255,197,15,0,2,0,1,0,0,0,3,0,1,0,0,0,0,0,0,0,0,2,0,2,0,1,34,154,254,253,189,0,0,0,1,0,2,1,0,1,0,0,1,0,1,0,1,0,0,2,0,0,0,1,0,3,145,252,249,105,0,1,0,0,1,0,1,0,2,0,0,0,3,0,0,0,0,0,0,5,0,1,1,3,29,219,252,226,77,1,2,0,0,1,1,1,0,1,3,2,3,1,0,0,0,0,5,0,0,0,1,2,0,98,253,255,152,0,3,1,0,2,0,2,0,3,0,0,3,2,0,4,1,2,0,1,1,0,0,0,25,206,255,252,62,1,4,0,0,0,1,0,2,0,0,4,0,0,0,1,1,2,2,2,0,0,22,140,248,255,241,129,1,1,4,0,3,0,0,1,0,0,2,0,1,2,0,0,2,3,0,1,63,89,239,255,253,253,44,0,0,0,1,0,0,0,0,0,1,0,4,0,0,0,1,16,139,204,105,141,249,252,253,200,129,41,3,0,2,1,0,0,0,0,0,4,3,0,2,3,1,0,0,149,253,254,255,255,255,253,192,11,0,0,0,0,0,2,0,1,1,1,0,0,2,3,0,0,1,0,3,196,252,255,253,230,176,77,16,0,0,5,1,0,0,2,0,1,0,0,1,4,0,1,1,0,0,2,0,152,220,95,37,22,1,0,2,0,1,3,0,2,2,3,0,0,2,0,2,1,2,0,0,0,0,2,1,2,0,0,1,0,1,2,1,0,0,2,1,5,5,0,0,0,1,2,1,0,3,0,2,0,0,0,0,1,0,0,0,0,0,2,0,0,0,2,0,0,3,0,0,0,0,0,2,0,0,0,0,0,1,0,0,0,0,0,1,0,2,0,0,2,0,0,1,0,5,0,0,1,0,0,0,1,1,0,0,0,0,0,0,0,1,2,1,0,2,0,0,3,0,1,0,2,0,0,2,0,3,0,1,0
0,1,0,0,1,0,3,1,1,0,1,0,0,4,2,0,0,3,1,0,0,0,0,0,4,1,0,0,0,0,0,1,0,0,2,0,1,3,0,0,1,0,0,0,0,0,0,0,0,3,1,2,3,0,0,2,1,4,0,2,0,2,0,0,0,0,0,0,0,0,0,0,0,0,0,3,1,2,2,0,3,0,2,1,0,0,0,0,1,2,0,0,0,0,0,0,0,0,0,3,0,1,1,0,2,0,0,0,0,1,0,1,0,0,1,0,0,2,0,0,0,0,0,30,224,200,171,169,107,24,1,0,0,0,3,0,0,3,2,1,0,1,0,3,0,0,1,3,2,1,2,128,253,240,250,243,254,252,108,0,4,1,0,1,1,0,0,0,0,0,0,0,0,0,1,0,0,0,1,157,244,20,47,23,76,234,240,23,0,0,2,2,1,2,0,0,1,2,0,0,2,3,0,0,0,2,0,157,110,3,0,0,0,202,251,35,0,1,0,1,0,0,2,1,0,0,2,2,0,0,2,2,0,0,4,82,49,0,3,0,80,244,199,9,0,0,4,0,2,2,0,0,0,0,1,0,2,0,2,1,0,0,1,0,0,0,3,33,243,248,43,0,1,3,1,3,0,2,0,1,0,5,0,0,0,0,1,0,2,3,0,0,0,0,21,167,247,85,0,2,0,0,0,0,0,0,0,1,0,0,0,0,0,2,0,1,2,1,1,1,44,124,243,255,102,1,4,0,3,0,0,0,0,0,1,1,0,2,3,0,0,2,0,1,0,0,0,67,249,252,244,37,2,1,0,3,3,1,1,0,0,2,2,0,0,1,3,0,1,2,1,0,1,0,0,28,117,146,255,149,19,1,0,0,2,0,1,0,1,0,0,0,0,2,1,0,0,0,0,0,0,2,0,1,0,2,148,255,90,0,0,0,0,2,0,0,0,0,0,0,3,1,0,1,0,2,3,0,1,2,0,1,0,1,11,227,225,4,0,3,0,0,0,3,0,0,2,0,2,0,0,3,1,1,0,0,0,0,0,2,0,3,0,127,251,50,0,1,0,0,1,0,3,0,0,0,4,0,0,0,2,0,0,0,2,1,0,0,0,1,1,45,254,48,0,1,0,0,0,0,2,0,0,0,0,2,1,0,2,3,0,11,1,2,0,2,0,0,0,102,252,49,0,0,0,1,0,2,0,0,1,0,0,0,0,1,0,1,36,172,18,0,0,2,0,2,2,190,235,24,3,3,0,3,0,0,0,0,0,0,0,3,0,0,0,0,114,186,27,1,1,0,3,2,6,200,203,0,0,0,0,0,0,0,0,0,1,0,2,0,3,2,1,0,21,202,222,88,20,7,4,0,65,255,119,0,0,1,0,0,2,2,1,0,3,1,0,2,1,1,0,0,1,46,208,249,242,239,156,157,223,215,21,0,2,0,1,0,0,3,3,0,0,0,0,0,0,1,0,0,0,2,6,125,197,221,252,251,194,46,1,0,0,0,0,1,2,0,0,0,0,3,0,1,0,4,1,0,1,1,0,0,0,0,0,0,0,3,0,0,0,1,0,2,0,0,0,1,0,0,2,0,0,0,0,1,0,0,0,2,0,2,0,0,2,1,0,0,0,0,0,0,1,0,0,0,0,0,0,1,0,1,0,0,0,2,1,0,1,0,1,2,3,0,0,0,0,0,1,3,0,1,4,0,0,2,0,0,1,0,2,1,0,0,1,0,0,0,1,0,0,0,0,0,0,1,0,2,0,1,0,1,2,0
0,1,0,0,0,1,0,0,0,0,3,1,1,0,1,2,0,1,0,0,0,0,0,3,0,0,0,0,0,0,2,2,0,1,0,1,0,2,0,0,0,0,0,1,0,0,1,0,0,0,0,0,1,0,2,1,0,4,4,0,0,1,0,0,1,0,4,1,0,0,1,0,0,0,0,0,4,0,2,0,0,1,0,2,0,0,2,0,0,0,0,1,0,0,2,1,0,1,1,0,2,1,3,1,3,0,1,0,0,1,1,2,0,0,0,2,1,0,0,0,0,2,3,0,36,61,217,169,156,155,56,0,0,1,1,1,0,2,0,0,0,0,0,0,0,0,0,0,3,0,27,146,235,253,252,249,253,254,201,9,0,1,4,0,0,4,1,0,0,1,0,2,2,0,0,0,31,103,243,253,250,253,254,185,171,250,252,98,0,0,2,0,0,1,0,5,1,0,2,1,0,0,0,0,150,253,253,253,199,82,19,5,0,86,242,156,0,0,0,2,0,0,1,3,3,0,3,2,0,2,0,0,197,254,245,88,4,1,1,0,1,1,155,0,0,0,0,0,0,0,0,2,1,4,0,0,2,2,0,1,197,255,245,49,0,0,1,0,0,0,1,0,0,0,2,0,0,1,0,0,0,2,3,0,0,4,1,1,104,254,255,225,31,0,0,0,2,0,2,1,1,0,0,0,0,1,2,2,0,1,0,1,1,0,0,3,3,224,253,253,225,49,0,0,0,3,0,1,0,1,1,1,0,0,0,5,1,2,0,0,0,2,2,2,0,37,216,255,255,244,78,76,79,76,24,1,0,0,1,0,1,3,0,0,0,0,3,2,1,0,0,0,0,0,36,224,254,253,255,255,218,248,153,0,3,1,0,1,0,1,0,1,0,0,0,0,0,0,0,0,0,0,4,103,254,255,252,252,188,41,0,0,3,0,0,0,0,0,0,0,0,0,2,4,2,2,1,0,0,1,70,240,253,253,252,251,253,61,0,0,0,0,0,0,2,1,0,0,1,1,0,0,0,3,0,0,0,18,226,254,254,196,78,226,253,213,68,0,0,0,0,1,1,1,0,0,0,0,1,4,1,0,1,0,0,112,255,254,212,6,0,66,208,255,247,70,0,0,0,2,1,0,1,5,1,0,0,2,3,0,0,3,1,154,254,254,212,0,0,0,137,255,251,196,0,2,0,0,1,3,1,0,0,0,2,0,0,0,1,1,0,100,253,255,213,1,0,3,0,214,253,194,0,0,1,2,0,0,0,0,0,0,1,0,2,0,0,2,0,5,221,251,250,180,57,18,12,146,254,195,0,2,0,0,3,0,0,0,1,0,1,0,0,2,0,0,0,0,114,254,255,251,255,253,230,247,251,194,0,3,0,0,0,0,0,0,2,0,3,3,0,1,3,4,0,0,2,116,238,254,253,254,255,253,236,128,0,0,3,0,1,0,2,0,2,0,1,0,3,1,0,0,3,0,0,1,33,131,215,250,186,140,36,0,0,2,2,0,0,0,2,0,0,0,0,1,0,0,0,2,0,1,3,0,0,3,2,2,0,0,1,0,1,0,0,2,1,2,0,1,2,0,1,0,1,0,0,1,2,1,0,1,0,1,1,0,1,2,2,0,2,2,0,0,0,0,0,2,0,0,0,0,2,1,0,0,2,0,0,0,0,4,2,1,0,0,0,1,0,1,2,0,0,1,2,1,0,0,4,0,0,0,0,0,0,1,1,0,1,2,2,2,1,3,2,2,1,0,1,1,3,1,1,0
0,0,2,4,0,0,0,0,0,1,2,1,0,0,0,0,0,0,0,0,3,0,0,0,0,0,0,1,0,0,0,0,1,1,2,2,2,1,0,1,0,0,0,0,0,1,1,0,0,0,0,0,0,0,0,0,0,0,0,0,0,1,1,0,0,2,3,0,3,0,0,3,0,0,0,0,0,1,1,0,0,0,0,0,0,1,0,3,0,2,0,0,1,0,0,2,0,0,3,2,5,0,1,0,3,0,2,0,2,1,0,0,1,0,0,0,0,0,1,0,1,0,2,2,0,0,0,4,0,0,0,0,0,0,0,0,3,0,2,0,0,0,0,0,0,0,0,1,0,0,0,0,0,1,0,1,1,0,2,0,1,0,2,3,0,2,1,0,2,1,1,0,0,2,0,2,0,0,0,81,119,117,192,254,194,121,120,26,0,0,1,0,0,1,2,0,0,0,0,0,0,1,0,40,219,240,241,249,251,255,252,254,252,254,253,109,0,1,0,0,0,2,0,1,0,0,1,0,1,0,0,212,252,252,252,255,251,251,251,252,251,247,251,211,23,1,0,4,0,0,0,0,2,0,2,0,0,0,2,226,252,254,250,252,248,252,249,249,254,250,252,250,219,122,29,0,0,0,0,0,1,0,1,0,0,2,0,194,253,251,206,52,62,219,181,120,51,53,75,225,252,252,91,2,0,0,0,1,2,1,0,1,0,1,1,22,223,250,211,15,0,33,0,0,0,22,186,252,242,175,24,1,0,0,7,0,0,4,0,0,0,2,0,0,109,222,253,177,36,1,0,0,16,190,252,253,198,0,0,0,0,2,0,0,0,1,3,0,2,0,3,0,0,60,230,250,245,83,1,0,193,252,250,198,72,2,3,0,0,0,0,0,0,1,0,0,0,0,0,1,0,4,22,196,247,246,146,76,246,253,248,51,0,0,0,0,2,0,1,0,0,0,0,0,1,1,1,0,0,0,0,1,92,255,254,254,253,203,81,0,0,0,2,1,0,0,0,0,0,0,0,2,0,2,0,0,0,0,0,0,18,205,255,253,252,22,0,0,1,3,0,0,1,0,0,2,0,1,0,3,0,1,1,1,0,0,0,0,1,144,253,249,252,26,0,0,1,0,0,0,1,0,0,0,4,0,3,0,4,2,1,3,0,0,0,1,27,241,250,253,255,143,2,0,1,1,0,2,0,0,1,0,1,0,0,2,0,0,0,1,1,3,1,1,68,250,206,112,202,237,32,0,3,2,0,2,1,3,0,4,0,0,0,3,1,0,0,2,2,0,0,30,235,251,88,0,109,254,41,0,2,2,0,0,0,0,1,0,1,0,4,1,0,2,1,0,0,3,1,136,251,141,0,0,204,251,40,0,2,0,0,0,0,2,2,1,2,1,2,0,0,2,0,1,2,0,0,177,251,131,110,174,245,190,12,0,0,3,1,0,1,0,1,0,3,2,3,0,0,0,0,0,1,1,0,174,252,251,253,253,249,142,0,0,0,2,0,0,2,2,0,0,0,1,0,0,0,0,3,0,0,0,0,172,250,251,250,252,183,10,0,1,0,2,0,4,0,0,1,1,0,1,0,0,0,0,1,0,2,3,2,104,251,251,183,118,7,1,1,0,1,4,2,1,0,0,1,0,2,0,0,0,2,0,4,0,1,1,0,1,1,0,4,0,0,0,1,1,0,0,0,0,0,0,0,1,2,2,0,0,1,0,0,0,0,0,3,0,0,0,1,2,0,1,0,2,2,0,0,0,0,1,0,0
1,3,0,0,6,0,1,0,0,0,2,0,0,1,2,0,0,1,0,0,0,0,1,5,1,0,2,1,0,0,3,0,0,0,0,0,0,0,0,3,1,0,1,0,0,1,2,2,0,1,2,0,2,0,0,2,0,2,0,3,0,0,0,0,1,0,0,0,1,0,0,0,2,0,0,1,0,2,0,0,0,2,4,0,0,3,2,0,0,0,2,0,0,0,0,0,2,1,0,0,0,0,1,0,4,0,0,0,0,2,0,2,0,0,0,0,0,0,1,5,0,2,0,1,1,2,0,0,1,0,0,0,0,0,3,0,2,0,0,0,0,4,0,2,2,0,3,1,1,1,3,0,0,0,1,0,4,0,1,2,2,2,0,1,0,0,0,0,0,1,0,0,0,0,0,0,0,3,0,29,65,92,165,165,255,254,72,2,2,4,2,0,0,0,0,0,1,0,0,1,2,1,0,42,208,224,227,238,253,254,254,254,253,252,142,0,0,1,0,1,0,0,2,0,0,0,0,0,0,0,1,50,81,215,210,201,154,148,136,55,115,253,141,2,0,3,0,0,0,1,0,2,1,1,3,0,1,0,4,0,1,0,0,0,1,0,0,1,78,253,142,0,0,4,0,0,1,0,0,0,0,0,1,1,0,1,0,0,0,0,0,0,2,0,0,2,162,254,139,1,2,0,0,1,2,1,1,2,1,1,0,2,2,0,0,0,1,1,1,0,0,0,1,9,238,255,64,0,1,0,1,0,0,0,1,4,1,1,0,0,0,2,1,1,0,0,0,0,4,1,1,8,255,236,30,2,0,3,2,1,1,2,4,0,0,0,1,1,3,1,0,1,0,0,1,0,0,0,0,103,252,186,0,2,0,5,1,0,1,0,1,0,3,0,0,1,0,4,2,1,1,0,1,0,0,2,0,147,252,68,1,0,1,0,1,1,2,0,0,0,0,0,2,0,1,0,0,1,3,0,0,0,1,2,3,195,253,17,0,0,0,0,1,0,2,1,0,0,1,1,0,0,1,0,2,0,3,5,1,0,0,0,24,239,255,21,0,2,0,0,2,2,0,0,4,1,0,2,0,1,2,0,0,0,2,0,1,0,2,2,52,255,170,2,0,0,0,0,0,1,3,0,1,0,2,1,0,1,0,0,0,0,0,3,3,0,0,1,170,251,52,1,2,0,0,0,0,0,0,1,1,0,0,0,2,2,0,0,0,2,0,0,0,0,1,44,243,245,1,0,1,0,1,0,1,0,0,1,0,0,1,0,0,1,0,0,0,0,0,0,0,2,0,85,253,228,30,35,0,3,4,0,0,0,0,2,0,3,0,2,1,1,2,1,2,2,1,0,1,1,0,200,255,163,175,2,0,1,0,0,0,1,1,0,0,3,0,0,2,0,1,0,0,1,0,0,0,0,67,254,253,250,85,0,0,0,0,3,0,0,0,0,0,2,3,0,4,0,0,0,2,0,0,0,0,3,95,254,255,168,3,0,0,0,0,1,0,0,4,0,0,0,0,0,2,0,3,0,3,3,0,0,2,5,178,253,211,8,0,0,0,1,0,0,0,0,1,0,1,0,1,0,0,5,1,4,0,0,0,0,0,2,120,230,43,2,2,0,0,0,0,1,0,0,1,2,4,1,0,1,0,0,0,1,2,1,1,0,2,0,0,0,1,3,0,0,1,1,2,0,1,0,0,0,0,1,3,0,0,0,0,2,0,1,0,2,2,0,0,0,0,1,0,0,1,0,0,0,0,1,0,0,3,5
0,0,0,0,4,0,0,1,0,3,0,0,0,2,1,1,3,2,2,0,1,0,1,0,0,0,0,1,0,0,0,0,0,2,0,1,0,0,0,4,0,1,0,0,0,0,1,2,0,0,1,0,0,0,4,0,1,1,1,2,0,0,0,0,0,0,1,1,0,0,0,0,0,2,0,2,1,0,2,0,0,0,2,2,0,0,0,2,1,0,1,0,0,0,0,0,0,0,0,0,0,0,0,0,1,2,1,1,1,0,1,4,0,1,2,1,2,2,0,0,2,1,0,0,0,0,2,0,3,0,3,1,0,2,0,3,0,0,1,3,1,1,0,0,0,1,1,0,0,0,2,0,0,0,0,0,1,0,0,0,0,1,1,0,3,0,2,0,0,1,0,0,1,0,2,0,0,0,3,0,0,3,0,0,0,1,2,3,3,3,0,0,2,0,0,1,0,3,0,0,5,0,0,1,0,3,43,149,168,253,255,251,209,88,2,0,0,1,1,2,1,0,3,0,0,1,0,0,0,0,2,1,19,146,240,254,211,198,203,197,226,250,171,0,3,0,0,0,1,5,0,0,0,0,2,0,0,1,1,12,228,252,169,47,7,2,0,1,15,161,252,68,0,1,1,0,0,1,1,2,0,0,0,0,1,0,2,99,252,55,7,0,3,0,0,0,0,114,252,1,0,0,3,2,2,1,0,0,0,0,0,4,0,0,24,240,186,0,1,0,0,0,1,0,0,170,190,28,37,0,0,2,2,0,1,0,2,1,3,0,0,0,10,216,190,0,1,2,0,0,2,0,0,2,59,253,197,2,0,1,2,0,1,1,0,0,0,1,0,0,2,144,251,54,1,0,1,3,0,0,2,0,172,252,197,0,0,0,5,0,2,0,0,0,2,3,1,1,0,30,252,177,5,4,0,0,0,1,0,64,242,251,78,2,0,0,5,2,0,2,1,1,0,0,2,0,0,2,116,255,130,4,0,1,0,1,0,146,255,189,3,1,1,0,1,0,0,3,1,0,2,0,0,0,1,0,0,128,247,178,54,0,0,0,58,234,221,23,0,0,1,0,0,0,0,0,1,3,5,1,0,0,0,0,0,0,19,205,254,192,166,246,253,254,135,0,2,1,0,0,0,0,0,0,2,0,1,0,0,4,1,0,0,0,0,10,87,173,232,221,245,241,29,0,0,1,0,0,1,0,1,0,3,2,0,0,1,0,1,1,0,1,2,0,1,1,24,23,221,188,1,0,0,0,1,0,2,0,2,2,3,1,0,0,2,0,1,2,0,0,1,0,0,2,0,93,254,148,0,2,0,1,0,0,2,1,1,0,0,0,1,0,0,0,0,0,1,0,4,1,0,2,5,111,251,174,3,1,0,2,1,0,0,0,0,0,2,0,0,1,1,2,2,0,0,2,4,0,3,0,1,53,255,146,2,0,0,1,0,2,1,0,2,0,1,0,1,0,2,0,0,3,0,0,0,0,0,1,2,22,230,230,0,0,0,0,0,0,0,0,1,0,0,2,0,1,3,0,2,0,2,0,1,0,1,1,0,0,218,236,2,0,0,0,0,0,1,4,0,0,0,0,3,0,0,0,0,0,0,0,0,0,2,0,0,0,216,235,0,0,1,1,0,3,0,3,0,3,3,0,0,0,1,0,3,0,3,0,1,2,0,0,4,2,187,237,5,0,0,0,0,3,0,0,0,0,0,2,1,2,2,2,2,2,0,0,0,0,2,0,0,3,5,0,0,0,0,0,0,1,0,1,0,2
2,0,0,1,2,1,0,0,0,0,0,1,1,0,1,0,1,0,0,2,2,3,2,0,0,2,1,1,0,0,0,0,0,1,0,0,1,0,1,0,3,1,0,1,0,4,0,0,2,0,1,0,0,2,0,0,0,0,0,1,0,0,0,0,0,0,0,2,0,1,0,1,1,2,0,1,0,1,1,0,2,0,0,3,0,1,0,1,1,0,1,66,193,255,255,253,127,0,2,0,4,0,1,0,1,1,0,0,2,1,0,0,0,1,0,0,0,0,1,128,254,253,255,252,254,191,63,0,1,0,2,0,0,0,2,1,0,1,0,0,1,0,0,0,2,2,1,126,255,255,254,254,255,254,253,2,0,0,0,0,0,0,0,0,3,0,1,0,1,0,4,0,1,0,0,64,193,128,129,128,126,255,255,253,68,0,1,0,0,2,0,3,2,2,0,2,0,0,2,0,0,0,1,0,3,4,0,3,1,65,255,255,193,0,0,3,0,0,0,0,0,1,0,2,0,0,0,0,2,3,0,0,0,3,0,0,0,0,60,254,254,190,2,0,0,0,0,1,0,0,0,0,2,0,3,3,0,1,0,2,4,1,1,0,0,1,0,191,255,254,64,0,1,0,2,0,0,2,2,0,3,0,0,0,0,1,2,1,1,1,0,1,1,0,0,64,189,254,254,0,0,0,0,1,0,2,2,0,0,0,0,0,1,0,0,2,0,0,0,0,0,1,2,0,127,255,254,1,0,0,0,4,2,1,0,0,2,0,0,0,0,2,1,1,0,1,0,0,4,0,0,0,130,255,255,66,1,0,0,0,3,0,0,1,0,0,3,0,3,0,0,2,0,0,0,1,2,0,0,0,126,255,254,125,2,0,0,1,0,0,0,1,0,0,0,0,1,0,0,2,0,0,0,0,0,2,2,1,189,255,255,0,3,1,0,0,0,0,0,0,0,2,3,4,0,0,0,2,0,1,0,0,3,0,0,191,255,255,254,1,0,0,2,0,0,1,0,0,0,0,0,0,1,0,2,1,0,0,4,0,2,1,190,255,255,255,62,0,1,0,1,0,0,2,0,0,0,3,1,0,2,0,1,0,0,0,0,2,63,253,252,255,255,254,2,1,0,0,1,3,1,0,3,4,0,1,4,0,0,0,1,0,0,0,0,192,255,255,255,255,255,125,1,0,0,4,0,0,2,0,0,0,0,0,0,0,4,0,0,3,1,0,124,255,255,255,255,252,254,1,2,0,0,0,0,1,0,3,0,1,2,2,0,0,0,0,3,1,0,0,131,253,255,253,255,254,255,254,255,254,255,196,64,1,0,1,3,1,0,0,0,3,3,0,0,0,0,0,2,255,255,255,254,253,255,254,253,252,255,189,63,0,1,0,0,0,1,0,1,0,0,1,3,2,0,0,0,189,250,252,255,255,255,251,255,253,129,61,0,0,0,0,0,0,0,0,0,1,0,0,0,0,0,0,0,0,1,0,0,0,0,3,0,1,0,0,0,0,0,0,1,1,0,0,0,2,0,0,3,1,0,0,0,0,2,0,0,0,0,0,1,0,2,0,0,1,3,2,0,0,1,0,0,1,2,0,0,1,1,1,1,0,0,0,0,0,0,2,0,0,0,0,0,0,0,0,0,0,0,0,0,0,3,0,0,0,0,0,3,0,0,0,2,0,0,1,0,0,0,0,3,0,0,0,3,0,0,0,2,0,0,2,0,0,1,5,1,0,0,1,2,1,0,1,0,2,0,2,1,1,0,0,1,0
1,0,1,2,0,0,2,0,0,0,0,0,3,3,1,0,1,0,0,2,0,5,3,2,0,0,2,0,0,0,0,2,0,2,0,0,0,0,1,0,1,0,1,0,0,0,0,0,0,0,1,0,0,0,0,2,0,0,0,0,3,0,0,2,0,0,0,0,106,220,93,29,0,2,0,0,0,0,4,0,0,0,0,0,0,0,1,0,0,0,0,2,4,3,0,0,113,187,246,243,128,0,3,0,0,0,2,4,3,2,0,2,0,1,0,2,0,1,0,1,2,0,0,0,0,0,85,251,240,117,4,0,0,0,0,0,0,0,1,1,0,1,1,0,4,0,0,0,2,0,0,1,1,2,0,136,253,254,20,0,0,1,1,3,0,0,0,0,2,0,0,0,0,0,0,0,2,3,1,1,0,1,0,11,204,253,120,1,1,0,0,0,0,0,1,0,0,0,1,0,0,2,1,0,0,0,0,0,1,0,0,0,178,253,118,1,2,0,2,1,0,1,1,0,1,2,0,0,0,0,0,0,0,2,0,4,0,1,2,0,177,252,120,2,0,0,0,0,0,0,3,0,3,2,1,1,3,0,0,0,2,0,0,0,0,0,0,1,177,252,121,0,4,0,0,0,0,0,1,0,1,0,0,0,0,1,1,0,0,0,3,0,0,3,2,11,202,252,119,0,2,0,2,0,1,0,0,0,0,3,0,0,1,0,3,0,1,1,0,0,0,3,2,34,254,251,72,0,0,0,0,1,0,0,0,0,1,0,1,0,1,0,0,1,0,0,0,2,0,0,2,143,254,251,12,0,0,2,1,0,1,1,2,0,0,2,0,0,0,0,3,3,1,0,1,2,0,2,0,222,253,227,6,0,2,2,0,0,1,1,1,0,0,0,0,1,0,2,1,0,1,0,1,3,2,0,92,253,251,104,0,0,0,0,0,1,0,1,1,2,3,0,0,1,0,0,0,0,1,0,9,14,24,25,170,252,207,25,0,0,2,0,0,0,0,1,2,0,1,0,0,3,1,0,1,0,31,128,194,216,252,253,254,244,61,0,4,0,0,0,0,0,0,0,0,0,2,0,0,1,1,1,0,2,220,253,254,178,255,251,253,229,68,2,1,0,0,0,0,2,0,2,1,0,0,0,1,0,4,0,1,53,251,176,45,71,254,254,240,255,247,234,116,15,2,1,0,0,2,0,0,0,2,0,0,1,0,2,2,210,253,115,83,241,251,188,15,114,242,252,252,252,175,152,79,0,3,1,2,0,0,1,1,1,3,2,3,175,250,254,252,249,187,19,0,0,47,65,122,171,201,250,98,1,0,0,0,2,0,2,1,1,0,0,0,55,154,255,212,91,9,1,1,0,0,0,0,1,12,28,0,0,0,1,0,0,1,0,1,1,0,3,2,0,0,0,0,0,0,0,0,0,1,2,0,0,0,0,1,0,0,0,0,0,0,0,0,4,0,0,1,0,0,0,0,4,0,1,0,0,0,0,0,0,0,0,0,0,0,1,4,0,0,0,0,1,2,2,1,0,1,2,0,1,2,0,0,3,0,2,0,0,0,0,0,0,0,2,0,1,0,0,0,0,0,1,0,1,0,1,0,1,2,0,3,0,0,3,0,0,0,1,0,0,0,0,3,1,0,1,0,4,0,0,0,2,1,0,0,0,0,0,2,0,1,0,2,0,0,0,2,0,0,0,2,1,0,3,0,4,1,0,2,0,2,0,0,0,0,2,0,1,1,0,0,2,0,0,3,0,0,0,1,0
0,0,0,0,0,0,1,1,0,1,1,1,0,0,0,0,0,0,4,3,2,0,1,3,2,1,2,1,2,0,0,1,0,0,0,0,1,1,0,0,0,2,5,1,0,0,0,0,0,2,0,1,2,0,2,0,0,0,0,0,0,2,0,0,0,3,1,1,0,0,0,0,0,1,1,0,0,2,3,0,2,2,0,3,0,0,1,0,1,0,1,0,0,1,0,0,2,0,0,1,3,0,1,1,0,2,0,2,1,0,3,0,0,1,0,0,3,3,0,0,2,0,0,0,0,0,0,0,0,1,1,3,1,1,0,1,0,2,0,0,0,0,2,3,0,3,1,2,1,0,0,4,0,0,0,0,1,0,130,223,36,0,0,1,0,0,2,0,1,0,0,0,0,0,0,0,0,0,0,2,2,1,0,0,0,77,251,232,45,0,0,0,0,3,0,1,1,0,0,0,3,0,5,2,2,2,1,0,0,1,0,0,0,201,253,199,0,0,0,0,0,0,0,1,2,0,0,1,0,0,0,3,22,175,182,0,0,1,0,1,0,212,251,87,2,0,2,1,0,2,0,0,0,0,1,0,0,1,0,0,174,254,244,73,0,0,0,3,0,142,251,69,0,0,0,0,1,1,0,1,1,2,0,0,0,0,2,18,210,251,220,23,0,0,0,0,21,220,252,67,0,0,0,0,1,2,1,3,0,2,0,1,0,2,2,104,249,241,108,1,0,2,0,0,115,252,250,63,0,0,0,0,3,2,0,2,0,0,0,1,0,0,56,236,252,199,0,1,0,0,0,0,225,252,248,66,0,0,1,0,0,0,1,0,2,1,0,2,1,1,96,251,253,197,1,0,9,14,16,70,243,249,255,68,6,4,0,0,0,0,0,0,3,0,0,1,1,0,94,251,250,199,3,83,197,253,254,252,251,253,255,189,190,98,1,0,0,0,3,0,0,0,0,3,3,1,94,251,253,253,251,253,252,255,254,255,251,252,254,255,153,5,0,0,1,4,0,0,0,1,0,0,0,1,94,251,249,251,251,251,250,252,146,190,253,251,134,13,7,2,1,0,1,0,3,0,0,1,1,1,2,1,58,155,233,251,190,143,26,28,1,154,252,180,8,0,0,0,0,1,0,0,4,0,0,2,2,2,1,0,0,1,33,40,11,0,3,2,105,251,255,175,0,0,0,0,0,0,0,1,0,3,1,0,1,0,0,2,0,3,0,0,0,0,0,0,120,252,249,171,3,0,0,2,1,2,1,1,0,1,0,1,0,1,0,0,0,2,2,0,0,0,0,1,121,253,250,142,1,2,0,3,1,0,3,2,0,0,0,2,3,0,0,0,3,0,0,0,0,2,2,3,118,249,238,36,0,0,2,0,0,1,2,0,0,0,0,0,0,0,3,2,0,0,1,0,1,0,3,0,121,251,74,3,0,0,0,0,0,2,0,0,0,2,0,0,0,0,3,4,1,2,1,2,0,2,1,2,121,252,27,0,0,0,1,1,0,0,0,0,2,1,1,0,0,2,1,2,0,0,2,2,0,0,0,0,125,196,12,1,0,0,2,0,0,0,0,0,2,2,0,0,0,0,0,0,1,0,2,0,0,3,0,2,1,0,0,1,0,0,2,4,0,0,2,2,1,0,0,0,1,2,0,1,1,3,4,3,2,1,0,0,3,0,0,0,1,1,0,0,0,2,3,0,0,0,0,0,0,1,5,0,1,1,0,3,0,0,0,0,0,2,0,2,1,0,0,2,0,0,0,0,0,0
0,1,0,1,0,1,2,0,1,2,1,0,0,0,0,0,0,0,0,1,2,0,2,0,1,1,1,0,0,0,0,1,0,0,0,0,2,0,0,1,0,0,0,0,3,0,3,0,0,0,0,0,4,1,0,0,1,0,1,1,0,0,0,0,2,0,0,0,0,0,0,0,0,1,0,0,0,2,0,1,0,2,0,0,0,0,1,0,0,0,0,1,1,1,1,1,1,0,0,0,2,0,0,0,0,0,0,4,0,0,0,2,5,0,0,1,0,0,1,0,1,0,3,0,0,0,159,105,0,0,0,2,0,0,0,0,0,0,2,2,1,2,0,0,2,0,0,4,0,0,0,1,0,18,225,101,0,0,0,0,0,1,0,0,0,0,2,0,1,3,0,0,0,1,0,0,0,1,0,0,4,50,251,161,0,1,0,0,1,0,1,0,0,2,1,0,0,0,3,2,0,0,0,0,1,0,1,0,0,49,253,202,2,1,0,0,0,2,0,1,3,0,0,0,2,1,1,0,0,0,2,3,1,2,0,4,3,76,253,214,9,0,0,4,0,0,0,0,0,2,3,0,2,2,0,1,2,1,0,1,0,0,0,0,0,237,254,251,51,0,0,0,0,2,1,0,0,2,0,2,0,0,1,0,0,0,0,0,0,0,0,0,2,254,251,232,27,2,1,0,3,2,0,0,0,0,0,1,1,0,0,0,0,0,0,0,0,0,1,1,3,213,251,212,13,0,0,3,0,3,0,0,0,0,1,1,2,0,0,4,0,0,0,0,2,1,1,1,0,152,255,204,2,0,0,3,0,2,0,0,0,0,0,0,1,3,0,5,0,1,0,0,3,6,0,0,3,152,251,202,0,0,0,0,0,0,0,0,0,0,0,3,0,0,0,0,0,2,2,0,3,1,3,0,0,151,254,202,0,0,3,0,1,1,1,0,1,0,2,0,1,0,0,0,0,1,3,0,0,0,1,1,0,152,251,205,4,1,0,1,3,1,1,0,0,0,0,0,0,0,0,3,1,0,1,0,0,0,2,0,1,47,252,240,39,0,1,4,0,0,2,0,2,0,0,0,0,0,0,0,0,0,1,3,0,2,0,0,2,50,251,244,39,0,0,0,0,0,0,3,0,0,3,0,0,0,0,2,3,0,0,0,0,0,1,0,0,134,255,253,52,0,0,0,0,1,1,3,3,0,0,1,0,0,3,0,2,0,0,1,0,0,0,0,2,50,253,254,53,0,2,0,0,1,0,0,2,0,0,0,0,0,3,0,3,4,0,0,1,1,2,3,3,153,254,255,47,0,0,0,3,0,0,3,0,2,0,0,1,1,0,0,0,0,0,2,1,0,2,0,3,71,251,254,51,1,2,1,0,0,0,0,4,0,0,1,0,4,0,1,0,4,0,2,2,2,4,1,0,19,222,255,68,2,3,0,0,0,2,0,1,0,0,2,5,0,0,0,0,0,0,1,1,2,0,0,0,0,165,252,150,1,0,0,0,0,0,1,1,0,0,0,0,0,0,2,0,0,2,0,0,1,0,0,4,0,3,2,0,0,1,0,0,0,0,2,0,0,0,0,0,2,0,0,0,2,0,0,0,3,2,1,0,1,0,0,0,0,0,1,1,0,1,1,0,0,0,0,0,1,1,3,0,0,0,0,0,1,0,0,0,3,1,2,1,0,1,0,1,0,0,3,1,0,0,0,2,0,0,0,0,1,3,0,0,0,1,0,0,1,0,0,0,1,0,0,0,1,1,1,2,0,0,0
2,0,1,2,0,2,0,0,0,1,1,0,0,1,0,0,4,0,0,0,0,2,2,0,0,0,0,0,0,1,0,0,0,0,3,1,2,1,1,0,2,0,0,2,0,0,0,0,0,1,0,2,2,3,0,1,2,0,1,0,0,0,0,0,1,0,3,0,1,0,0,1,0,0,0,1,1,1,1,1,2,1,0,3,0,0,0,0,0,2,1,0,0,1,1,0,1,0,2,0,0,0,1,1,0,0,0,0,0,1,1,0,2,0,1,0,0,0,0,1,3,2,0,0,0,22,55,135,155,200,227,40,0,0,0,2,0,3,0,0,0,2,1,0,4,0,0,0,0,0,0,37,164,228,252,255,254,254,255,213,0,0,1,1,0,0,0,0,0,0,0,0,0,0,0,2,0,4,19,198,252,254,254,253,255,255,255,209,1,0,0,1,0,0,0,0,1,0,0,0,0,0,1,1,0,0,86,255,255,217,253,118,121,234,69,57,2,0,0,2,0,0,0,0,0,1,1,0,0,0,0,2,1,22,238,255,255,195,82,14,0,34,0,1,0,0,2,0,0,0,0,3,0,3,0,0,1,0,6,0,0,76,255,196,107,6,0,0,1,0,2,2,1,0,0,1,0,1,3,2,0,2,0,0,2,2,0,0,0,75,255,102,0,0,3,1,0,3,0,3,2,0,2,1,0,1,0,1,2,0,1,1,1,2,0,1,0,78,253,250,132,13,2,0,1,1,0,0,0,2,1,0,0,2,1,2,0,2,1,3,2,2,0,0,0,76,254,255,255,207,138,59,1,1,4,0,1,1,0,0,1,0,0,0,2,2,2,0,0,0,0,3,2,3,147,253,254,252,255,254,186,141,0,2,1,0,0,1,2,0,4,0,1,0,1,1,1,1,2,1,0,1,5,50,240,253,255,253,255,250,178,13,1,0,0,0,0,1,1,2,2,1,1,0,0,0,0,0,1,0,0,0,0,71,136,174,217,244,255,94,1,2,0,2,0,0,3,0,1,3,0,0,0,0,2,0,3,0,0,1,0,0,3,2,16,84,247,218,4,0,0,2,2,1,0,0,0,2,1,0,0,0,0,0,0,1,1,0,2,0,1,0,0,4,147,254,75,1,1,0,0,0,0,3,1,1,1,0,2,2,3,0,4,0,1,2,0,0,4,2,3,0,61,251,76,0,0,1,0,0,0,0,0,1,3,0,0,2,2,2,0,4,1,0,0,1,0,0,1,1,3,226,74,0,0,0,0,1,0,0,3,0,0,0,2,3,0,0,0,45,79,24,37,35,3,0,8,44,169,252,76,0,0,0,2,0,0,0,2,0,1,0,0,0,0,0,2,76,248,237,253,255,190,191,203,255,252,254,76,0,2,0,0,1,2,2,1,0,2,2,2,3,0,2,0,75,253,251,253,255,252,254,251,253,254,207,29,0,1,0,1,0,0,2,0,0,0,0,0,2,0,0,2,14,69,81,241,213,252,255,255,168,91,7,0,0,0,0,0,0,2,0,1,0,1,0,2,0,0,1,1,2,2,1,2,1,1,4,0,0,0,1,0,0,1,0,4,0,0,1,0,0,1,1,0,0,0,2,0,0,0,2,0,1,2,0,2,0,0,1,0,0,2,3,0,0,0,1,1,0,1,1,0,0,0,2,1,2,2,0,0,1,1,0,0,2,1,1,0,1,1,2,0,2,0,0,1,0,1,1,0,3,0,0,0,0,0,0,0,0,0,0,3,0,0,1,1,1,3,0,0,0,0,0
1,0,0,1,0,0,2,0,0,0,0,0,0,3,0,1,0,1,0,0,4,0,2,0,1,0,0,0,0,1,3,2,0,0,3,3,0,2,0,0,0,1,0,0,1,2,0,0,0,0,1,0,2,0,0,0,1,0,1,0,0,0,0,0,0,1,0,0,2,0,0,0,0,0,2,2,0,1,0,2,0,0,0,0,2,0,2,0,0,0,5,0,0,0,2,1,0,1,2,1,0,3,0,0,1,0,1,2,1,0,1,0,0,0,0,0,0,0,0,1,1,2,2,0,0,0,1,2,0,1,0,0,1,3,1,3,0,0,1,1,2,1,0,1,4,0,0,0,0,0,23,130,220,252,255,154,90,3,1,0,0,0,3,0,0,0,3,1,1,2,0,0,0,0,0,0,2,92,215,254,254,254,251,254,253,211,27,0,0,0,1,0,3,1,0,1,0,3,1,0,0,3,0,2,100,251,255,241,146,111,112,145,248,252,165,2,0,2,0,1,0,0,0,1,1,0,3,0,0,1,3,88,215,251,214,33,0,1,0,0,84,226,255,33,1,1,0,2,0,2,1,0,1,2,0,0,3,0,1,147,251,230,33,1,1,0,0,0,0,211,251,30,0,2,2,1,1,2,0,0,0,0,1,0,0,1,0,151,250,140,0,2,1,0,0,0,0,209,254,31,1,1,1,0,0,0,1,0,0,0,0,0,0,0,1,147,252,115,3,0,2,1,2,0,1,131,253,115,1,2,0,1,0,0,0,0,1,0,0,0,0,2,0,149,255,218,0,0,0,0,0,0,1,174,253,152,0,0,0,1,0,2,2,0,0,0,0,0,1,0,0,151,255,245,61,0,0,2,0,0,0,211,251,155,0,0,0,0,3,0,1,0,0,1,2,0,2,0,0,51,228,253,206,102,61,64,96,188,185,242,255,177,3,0,0,2,0,1,0,0,0,1,0,1,2,0,1,0,120,251,253,253,253,254,249,250,252,253,250,250,26,0,0,2,0,1,0,0,2,1,0,1,0,1,2,0,9,75,180,214,179,230,232,180,79,125,252,255,24,0,0,3,1,0,0,2,0,1,0,0,2,0,0,0,3,0,0,27,2,37,34,0,0,90,254,254,68,0,0,0,0,0,0,0,0,1,0,0,0,0,2,0,2,2,0,0,0,2,0,2,0,87,250,251,104,0,0,1,0,0,0,0,1,0,0,1,3,3,1,22,217,138,31,1,1,2,0,1,1,92,250,252,25,0,1,0,1,0,1,0,0,0,0,0,0,0,0,7,119,254,152,32,0,0,3,0,3,89,251,252,26,0,2,0,0,0,0,0,0,1,1,2,0,3,0,1,16,215,253,213,108,77,2,0,0,138,253,211,15,0,1,0,0,3,4,0,0,1,0,0,1,0,2,0,1,33,214,253,254,250,237,233,234,252,255,96,0,0,0,0,0,2,0,0,3,2,3,0,1,1,1,3,0,0,31,157,254,253,254,252,254,253,208,15,0,1,3,2,0,0,1,0,3,0,1,4,0,1,0,2,2,0,0,3,3,98,129,224,193,155,21,0,1,1,1,0,0,1,0,2,0,0,2,0,0,2,0,0,0,0,0,1,2,5,0,0,0,1,1,0,2,1,0,0,0,0,0,0,1,0,1,0,1,0,0,2,0,0,2,0,2,1,0,2,2,0,0,3,0,2,0,1,0,1,0,0,0,0,0,0,2,0,1,0,2,5,0,0,1,2,3,1,0,0,2,0,0,1,0,0,1,1,0,1
2,0,2,1,0,3,0,0,4,0,0,1,0,0,0,2,0,3,1,0,0,0,1,1,0,3,1,0,2,0,1,0,2,0,1,0,1,0,0,0,0,0,0,1,0,1,1,0,0,3,0,3,0,0,0,2,1,0,0,1,2,0,0,1,0,1,0,0,0,0,0,0,0,0,0,3,0,0,0,2,0,0,1,0,0,0,0,0,1,0,0,1,1,1,0,1,0,0,1,1,0,0,0,4,0,0,1,0,0,0,1,0,0,2,1,0,0,4,0,1,0,2,0,3,0,1,0,0,1,0,1,3,0,1,2,1,0,0,3,0,0,1,0,0,2,1,4,2,2,0,2,0,0,0,2,1,0,0,0,1,0,1,2,0,0,3,0,3,4,0,0,0,0,0,0,0,1,0,0,0,21,115,121,191,255,195,121,121,25,0,0,0,0,0,0,0,2,0,3,0,1,0,3,2,2,0,0,23,198,254,252,251,255,254,254,253,243,191,0,1,0,0,0,4,0,1,0,2,0,2,2,1,0,0,25,195,252,252,252,252,254,250,173,238,253,217,33,0,0,1,0,0,1,0,0,0,2,0,0,1,0,0,108,253,249,252,251,141,41,40,4,35,76,214,53,0,5,0,1,0,0,1,2,1,0,0,0,0,0,57,213,253,252,246,110,23,0,0,2,0,17,193,199,202,121,0,0,1,0,2,4,0,1,0,3,0,0,212,249,255,254,224,0,0,2,0,21,99,205,251,255,251,211,0,0,0,0,1,3,0,0,2,0,0,3,213,248,254,246,123,1,0,22,166,201,252,252,251,249,212,34,0,1,1,1,0,1,2,0,0,0,0,0,215,252,252,128,0,4,99,204,251,251,251,253,244,131,31,0,3,0,1,0,0,3,0,2,0,0,0,0,140,251,253,86,28,151,250,251,251,251,255,209,87,3,3,0,0,0,1,2,0,1,1,2,0,1,3,0,212,254,249,248,251,250,249,254,250,251,138,24,3,2,0,0,0,0,0,1,1,0,0,0,1,3,1,4,215,250,250,253,251,253,252,255,255,95,2,0,0,1,0,2,0,3,0,2,0,0,2,0,3,1,0,87,250,254,251,251,254,255,252,83,14,4,2,0,0,0,0,3,0,0,3,3,0,0,0,0,0,0,38,221,253,252,252,254,253,191,24,0,0,0,0,0,0,1,2,0,0,0,1,0,0,1,0,0,0,0,148,252,254,252,255,239,157,17,3,0,4,0,2,0,0,0,0,0,0,0,0,1,0,0,0,2,0,0,243,249,253,249,254,176,0,0,2,0,0,1,0,3,0,2,1,0,0,0,0,0,0,1,0,3,0,25,241,250,251,254,252,77,0,0,0,1,0,1,1,0,0,0,3,2,0,0,0,0,4,0,0,0,2,38,222,254,250,252,252,101,1,1,0,1,0,0,0,0,3,0,1,1,1,0,1,1,0,0,1,0,0,0,95,252,251,251,254,218,8,0,0,0,0,0,0,1,0,0,0,0,0,0,0,3,3,0,0,2,0,0,2,145,235,236,241,250,172,2,0,0,0,1,0,0,0,0,2,0,0,4,0,0,0,0,0,0,1,0,0,0,0,31,31,148,105,2,0,0,1,0,1,0,1,0,2,2,1,0,0,0,0,0,0,0,0,0,1,0,0,1,0,1,0,0,5,1,3,0,0,0,0,3,0,0,1,0,2,2,0,0,1,0,1,0,0,0,1,0,5,0,0,1,0,2,0,0,1,0,3,0,0,0,2,0,3
1,0,0,1,0,2,0,0,0,0,0,0,1,0,1,0,0,0,0,0,2,2,0,0,1,0,0,0,1,1,0,0,0,0,1,0,0,2,0,2,0,0,0,0,0,0,0,2,0,0,0,0,0,1,0,1,1,2,0,0,0,4,0,0,0,2,0,1,1,0,2,0,1,0,0,2,1,2,0,2,0,0,2,1,2,0,2,1,0,2,0,0,4,0,0,0,0,2,0,0,0,2,0,1,1,2,1,1,0,3,1,2,0,0,1,3,0,3,0,2,0,4,0,0,0,1,0,2,1,0,1,1,0,0,1,2,0,0,3,0,3,1,0,3,0,0,0,0,3,1,0,0,3,0,0,0,0,3,2,0,2,0,0,0,1,4,0,0,4,0,0,0,0,0,0,3,1,3,3,1,0,0,3,0,2,3,0,0,2,1,0,0,0,1,2,1,0,0,0,0,0,0,65,130,181,242,245,181,177,89,13,3,0,1,4,0,2,1,0,0,0,0,0,1,2,3,0,0,0,186,243,253,251,255,202,255,251,253,224,78,0,0,0,0,0,1,2,3,3,0,0,2,1,1,2,0,0,228,192,20,14,14,1,18,39,136,248,250,73,2,1,0,1,0,4,0,1,0,0,0,2,0,2,1,0,41,47,0,0,0,3,0,0,0,81,241,240,9,1,0,0,0,0,0,0,2,2,0,2,0,0,0,2,0,0,0,0,1,0,2,0,0,0,182,252,57,1,3,0,1,1,3,2,0,0,0,0,1,1,1,1,0,0,2,0,0,0,1,2,3,0,107,251,91,0,0,0,0,0,0,0,0,1,3,0,0,1,1,0,1,2,1,0,3,0,3,0,0,0,107,253,89,0,0,2,13,60,59,102,1,0,0,0,1,0,0,4,1,0,0,0,82,164,226,239,223,233,246,254,240,241,239,242,245,253,252,248,1,0,1,0,0,0,0,0,0,0,3,159,246,255,252,255,252,255,254,254,251,210,206,207,194,134,100,26,0,2,2,0,0,0,1,1,1,0,32,236,121,75,30,33,29,28,186,250,39,1,0,2,0,0,0,0,0,1,3,0,0,0,2,3,4,0,0,149,45,0,0,3,2,0,179,247,15,2,1,0,0,2,0,0,2,0,1,5,1,1,0,3,0,0,1,0,0,0,1,0,0,1,219,195,0,0,0,1,1,0,0,4,3,1,0,1,1,0,1,0,2,0,0,0,1,0,1,1,0,4,254,187,1,0,0,0,0,2,3,1,0,3,1,0,1,2,0,0,0,0,0,2,2,3,0,0,0,76,254,119,0,1,3,0,1,2,3,0,0,1,6,0,0,0,0,2,0,1,1,0,0,0,0,1,1,116,253,164,2,1,0,0,1,0,0,0,0,0,0,0,1,0,1,0,1,1,0,2,3,1,2,0,0,76,255,119,1,0,1,0,0,3,1,0,0,3,0,0,1,0,0,1,2,0,1,2,4,0,0,0,0,115,253,83,0,3,4,2,0,0,0,0,1,1,0,2,0,6,1,1,0,0,1,1,0,3,0,1,2,146,252,49,2,2,0,0,2,0,0,1,1,0,0,0,0,0,1,0,1,1,0,0,0,0,0,0,0,96,254,176,1,1,0,0,1,2,2,5,0,0,0,0,0,0,0,4,0,0,0,1,0,2,1,0,0,9,113,69,0,5,0,0,0,2,3,2,0,0,0,0,0,1,3,0,1,0,1,0,1,2,2,0,1,3,0,1,2,5,1,2,4,0,3,2,0,3,3
0,0,1,1,0,0,4,1,0,0,0,0,1,0,2,0,4,1,0,0,1,1,3,0,2,0,0,1,0,3,0,2,0,0,0,2,0,0,0,3,0,0,0,1,0,0,1,0,0,0,2,0,1,0,0,0,0,2,0,0,0,2,3,0,0,1,0,1,1,1,2,1,2,0,3,0,3,3,0,1,0,0,0,0,0,2,0,0,1,0,0,1,0,0,0,1,0,1,2,2,0,0,0,5,0,1,0,0,2,0,1,0,0,1,4,2,0,0,1,5,3,100,255,248,125,53,1,0,0,0,0,0,0,0,0,2,0,1,0,2,1,0,0,2,1,0,0,1,1,245,251,255,255,250,35,2,0,2,2,3,0,2,1,2,0,1,0,2,0,0,1,0,1,0,0,2,0,106,157,230,248,251,165,2,1,0,0,0,0,2,0,0,0,0,0,0,0,0,0,3,1,0,0,2,0,2,2,0,88,255,253,115,0,0,1,0,0,0,0,0,0,0,0,0,0,0,3,0,2,0,0,4,2,2,0,1,0,136,251,171,19,1,4,2,2,0,0,1,3,0,0,2,0,2,0,2,0,0,0,2,0,0,1,0,0,32,225,252,153,1,0,0,0,0,0,0,0,3,2,2,0,0,2,1,1,2,0,3,1,0,0,1,0,2,132,255,161,0,0,0,0,3,2,2,1,0,0,0,3,0,0,0,1,0,0,0,1,0,1,0,0,0,29,237,159,1,0,0,1,0,0,0,0,1,0,2,0,0,1,2,0,0,2,0,0,0,1,0,0,2,2,184,219,0,3,0,0,0,0,3,0,2,0,0,0,3,3,0,0,2,2,2,1,4,0,0,0,0,1,113,253,0,2,0,1,2,0,2,1,3,2,2,0,0,0,2,1,0,2,1,0,1,0,1,0,0,0,117,255,0,2,0,0,1,1,1,1,2,0,0,0,0,1,0,0,0,0,0,2,1,0,0,2,1,1,119,250,0,1,1,1,0,0,1,0,2,1,1,4,0,0,0,0,0,2,0,1,0,1,2,2,95,179,251,255,225,144,38,0,0,0,0,2,3,0,0,0,0,2,0,3,0,2,0,0,0,2,29,204,255,255,253,237,254,255,235,52,0,1,1,0,4,0,0,2,0,0,1,2,2,0,0,1,0,29,211,239,80,161,226,27,72,101,177,230,0,0,0,0,0,1,0,0,2,3,0,0,0,2,0,0,0,206,246,43,0,173,107,0,2,0,1,52,0,4,2,1,0,0,1,0,0,0,1,0,0,0,0,5,46,244,49,0,99,202,19,1,0,1,0,1,3,2,1,0,1,0,0,3,2,1,1,2,1,0,3,0,154,255,46,34,212,99,0,0,1,3,0,2,0,0,0,0,2,0,0,0,0,0,0,0,0,0,0,0,162,252,218,240,114,3,3,0,0,1,0,0,1,0,0,0,0,0,2,0,1,2,0,2,0,0,0,0,73,248,251,153,0,0,2,0,0,0,0,1,0,2,0,3,2,0,3,1,0,0,0,0,1,1,0,0,3,0,1,0,1,2,0,0,1,3,3,2,0,0,0,0,0,0,0,0,0,0,0,0,0,0,2,0,2,1,0,1,0,0,3,0,0,1,0,0,0,0,1,1,0,0,0,1,0,0,0,0,1,0,0,1,0,2,0,1,0,0,0,0,0,0,1,1,0,0,3,1,3,0,0,0,0,1,1,0,1,0,0,0,0,0,0,0,2,1,0,4,2,1,0,0,0,0,0,0,1,0,2
0,3,2,2,1,1,0,1,0,0,0,0,0,1,0,0,0,0,3,1,0,0,0,1,1,0,0,0,2,0,1,0,1,1,1,0,0,3,0,1,0,1,2,0,2,0,0,0,0,0,0,0,0,0,1,1,0,0,0,0,2,3,0,0,0,2,2,0,0,0,1,1,1,0,1,1,0,0,0,1,0,4,1,0,0,2,2,0,0,3,0,1,2,1,0,1,0,1,3,0,2,0,2,0,0,0,1,2,0,2,1,1,0,0,0,0,159,0,1,0,1,2,0,0,0,2,1,0,2,1,0,0,3,0,3,0,0,0,2,1,0,0,0,0,248,68,1,1,1,0,0,1,1,0,1,0,0,1,2,2,0,0,0,0,0,1,1,0,0,1,0,1,97,209,44,0,0,2,2,2,0,0,1,1,1,0,0,0,2,0,1,4,1,3,0,1,0,2,2,1,0,145,179,107,107,107,107,104,132,216,152,29,1,2,1,0,1,3,0,0,1,1,0,1,0,0,0,0,0,34,160,253,255,214,222,252,252,177,255,61,0,0,0,0,0,3,0,1,0,1,0,0,1,3,1,2,2,1,10,66,61,0,23,107,64,83,253,67,1,1,0,0,0,0,0,1,0,2,0,2,0,2,1,0,3,0,2,0,0,0,0,0,60,248,253,58,0,3,0,0,4,0,3,0,0,0,0,0,1,2,0,0,1,1,0,2,0,0,0,42,191,252,115,1,55,0,1,0,1,0,0,0,1,2,1,2,0,1,2,2,0,1,3,0,0,0,81,224,251,251,170,211,245,208,212,107,70,0,1,1,0,0,0,0,0,2,0,0,1,0,0,2,2,211,255,253,252,255,208,132,51,2,0,56,139,232,156,5,1,1,0,4,0,0,0,1,1,2,0,2,3,217,253,211,140,62,0,2,2,1,1,1,0,39,222,155,0,0,0,0,0,0,1,0,0,1,2,2,0,12,21,15,0,0,4,2,0,0,0,0,4,3,176,248,0,0,0,1,0,0,0,0,0,0,0,0,0,2,0,0,0,0,0,1,1,1,0,0,2,117,250,227,0,1,1,3,0,4,1,0,2,0,1,0,0,0,1,0,0,0,0,0,2,1,3,1,118,249,227,42,0,0,0,1,0,0,0,0,0,0,66,252,252,37,0,0,0,0,2,0,1,0,40,210,254,224,82,0,6,0,0,1,1,1,0,2,4,0,8,132,240,241,157,42,0,1,0,63,96,194,242,254,186,39,0,2,0,0,0,0,0,1,0,2,3,0,2,2,17,81,122,223,230,232,233,249,251,234,144,66,6,0,1,1,0,1,0,2,1,1,1,3,0,2,1,0,2,0,0,42,83,81,144,154,78,0,0,0,0,2,1,0,0,0,0,0,0,0,0,2,2,0,3,2,0,3,2,0,0,0,0,2,1,0,2,3,0,0,0,0,2,0,2,0,3,2,0,1,1,0,2,0,0,0,0,2,0,2,0,1,0,0,0,0,0,0,2,1,0,1,2,0,0,2,1,0,3,0,0,1,0,0,2,2,0,0,0,0,0,0,0,0,1,1,2,0,0,4,1,0,1,1,2,1,0,0,3,0,0,0,0,4,0,0,3,0,0,1,4,2,3,1,0,2,3,0,1,0,0,2,3,1,0,0,0,0,0,0,1,2,0,0,0,0,4,1,0,0,0,0,3,0,0,0,3,2,0,0,1,0,0,0,0,1,0,0,1,1,0,1,0,1,1,0,0,0,0,1,0,1,1,0,0,2
1,0,0,0,0,0,0,0,1,3,0,0,0,2,1,0,0,2,0,0,1,0,2,0,2,0,0,0,0,0,0,0,0,1,0,0,0,0,2,0,0,1,4,0,2,0,0,0,1,2,0,0,0,1,1,2,0,0,0,0,2,1,0,3,1,1,0,0,1,0,0,2,0,0,0,0,0,3,0,0,1,0,0,0,0,0,0,1,0,0,0,0,1,3,0,2,0,0,0,0,2,0,0,1,0,0,0,0,0,2,0,0,3,0,1,3,4,0,4,0,0,0,66,137,148,254,252,163,39,4,0,0,0,0,0,0,1,0,0,2,1,1,0,0,1,1,0,6,12,130,243,255,255,251,251,250,255,166,77,0,0,0,2,1,0,0,0,0,3,0,1,0,3,0,2,14,164,252,252,252,245,211,250,252,253,253,149,1,1,0,0,2,0,0,0,2,0,0,5,0,0,0,1,85,250,251,254,215,57,10,67,157,242,252,249,173,23,0,0,0,0,0,0,1,2,5,0,0,0,0,69,241,253,250,215,25,1,0,0,1,82,203,252,254,199,23,0,0,0,2,0,0,2,0,0,0,4,2,153,252,251,218,31,0,0,1,0,2,0,67,251,255,254,173,0,2,2,0,1,1,0,2,2,2,0,75,248,254,250,106,0,0,1,3,1,0,1,1,76,251,255,251,146,14,0,3,0,0,0,2,1,2,0,136,254,253,205,19,0,1,0,1,2,1,0,0,0,77,246,255,253,56,4,0,0,4,0,0,0,2,0,136,251,255,62,0,1,0,0,4,2,0,0,0,0,1,83,242,255,255,92,0,1,2,1,1,0,0,0,162,253,255,64,0,0,0,1,0,2,0,1,0,1,0,0,103,252,253,136,2,0,0,2,0,0,0,0,164,252,255,64,0,0,1,1,1,0,0,1,0,0,4,0,66,253,252,168,0,0,3,0,0,1,2,5,135,254,253,108,2,1,0,0,2,1,0,2,1,2,0,0,14,207,253,253,0,0,0,0,0,0,0,0,136,255,249,214,23,0,1,0,2,0,1,3,1,3,0,0,0,202,255,251,3,0,0,1,0,0,4,1,15,201,251,255,52,0,0,0,0,3,0,1,3,2,1,0,3,206,253,192,0,0,0,0,0,0,0,0,0,139,253,253,217,85,0,0,0,0,3,0,1,1,0,0,68,255,252,133,0,2,2,0,1,1,0,1,0,27,219,253,253,218,162,19,0,0,0,0,0,0,0,30,156,254,252,55,1,0,0,2,1,2,3,2,1,0,39,239,250,249,254,216,163,65,66,65,66,68,66,189,255,253,182,3,5,0,1,0,1,0,0,1,1,1,1,41,146,245,255,251,252,252,254,253,254,254,253,254,251,228,46,0,0,3,0,0,0,1,0,4,0,0,0,1,2,26,146,208,252,255,252,250,253,250,255,184,125,23,0,2,0,1,2,1,1,0,3,0,0,0,0,0,2,2,0,8,92,138,134,136,136,131,15,4,0,1,1,1,1,0,0,0,0,0,1,3,0,0,0,0,1,2,2,1,4,0,0,0,0,0,3,0,0,0,0,1,0,0,0,0,0,0,0,0,0,0,0,0,0,4,1,0,2,0,3,3,0,3,0,3,0,1,0,0,1,0,2,0,0,0,0,0,0,0,2,0,0,0,2,1,1,0,0,1,0,0,0,4,2,0,1,1,0,1,1,1,0,2,2,0,1,0,0,0,0,0,0,0,0,0,2,1,1,0,2,3,0,0,0,0,1,0,0
0,0,0,0,0,2,2,0,0,1,2,3,1,1,2,0,1,0,0,0,0,0,0,0,0,0,0,0,4,0,0,0,0,2,1,2,3,2,2,0,1,0,0,1,0,3,0,0,0,0,0,0,1,0,0,1,0,1,0,0,0,0,0,0,1,0,2,3,2,2,0,11,180,146,0,0,2,0,0,0,0,0,1,1,1,0,2,3,0,0,0,2,0,0,0,0,0,0,0,35,255,244,15,1,0,0,0,0,2,2,2,0,1,0,0,1,0,0,0,1,0,0,0,4,0,0,0,41,253,221,12,0,4,1,0,3,0,2,0,0,1,0,1,0,0,0,0,1,0,0,0,0,2,0,1,38,255,149,0,2,0,2,0,0,0,0,1,3,0,0,0,0,3,2,0,2,3,1,0,2,5,6,0,144,248,37,1,0,0,1,0,1,0,0,3,3,0,0,0,1,1,0,0,1,0,1,0,0,0,0,32,238,238,2,1,0,0,0,0,2,0,0,0,0,0,0,3,4,0,0,0,1,0,0,2,0,0,2,96,253,119,0,0,3,0,0,0,1,3,0,0,0,2,1,0,3,0,1,2,0,3,0,2,0,2,22,213,231,21,2,1,0,0,2,0,0,0,2,0,0,0,0,2,0,0,1,1,0,2,0,0,4,0,94,255,172,0,11,13,1,0,3,2,0,0,0,2,1,0,0,0,0,0,0,0,0,1,1,0,1,11,193,254,50,5,177,202,19,2,1,1,0,0,0,0,0,0,0,2,0,0,0,2,0,2,2,0,0,123,253,188,1,73,255,253,49,3,1,3,1,0,0,0,0,0,3,2,0,0,0,3,4,1,0,2,41,226,254,91,18,217,255,232,22,0,0,0,0,0,0,0,0,0,0,0,0,0,0,1,0,0,3,80,226,253,251,8,79,253,252,226,28,4,0,0,0,0,1,3,1,0,0,0,0,0,0,0,1,15,189,254,255,254,251,255,255,252,251,255,254,226,73,0,0,0,0,5,1,0,0,0,4,0,2,0,14,154,255,254,240,124,115,203,255,255,254,255,253,219,119,1,1,1,0,5,0,4,0,2,0,2,0,5,157,254,255,253,112,0,9,236,255,254,205,141,63,12,0,1,0,1,0,2,0,1,3,0,4,0,1,44,253,252,255,161,4,1,93,255,253,180,1,0,0,2,0,2,0,1,2,0,2,0,0,1,0,0,0,159,252,254,222,31,0,0,116,254,165,1,0,0,0,0,1,3,1,2,0,0,0,0,4,0,2,0,18,225,251,248,55,1,3,0,144,247,73,0,0,0,0,2,0,0,0,0,0,0,0,2,0,3,0,2,26,230,252,73,2,0,1,0,27,49,0,0,0,4,0,1,2,0,0,0,1,0,0,1,1,0,0,0,0,2,2,3,2,0,3,1,1,0,0,4,0,0,1,0,1,2,0,0,0,0,0,0,1,0,0,0,0,0,1,0,2,0,0,0,1,0,0,1,1,3,0,1,1,0,3,0,0,0,0,3,0,0,2,0,1,0,0,0,0,0,1,1,0,0,1,1,0,0,3,0,1,0,2,0,1,1,0,0,0,0,0,1,1,1,0,0,1,0,0,1,0,0,0,0,0,0,0,0,0,2,0,4,0,1,1,4,4,0,0,0,0,1,0,0,0,0,0,3,0,0,0,0,1,0,0,3,5,0,0,3,0,0,0,1,0,1,0,0,2,0,0,0,1,0,0,0,0,0,0,0,0,0,0,0,0,0,2,0,0,1,3
0,2,0,0,0,1,2,0,0,0,0,0,0,0,0,0,0,5,1,0,3,2,1,0,0,0,0,0,2,1,0,0,0,0,0,3,0,0,3,1,0,1,0,0,0,0,0,0,0,0,1,0,3,0,1,0,2,0,1,0,0,0,0,0,2,0,1,5,0,0,0,1,0,0,1,2,1,0,0,0,1,0,5,0,0,2,0,0,2,0,0,2,1,0,0,2,0,0,0,0,3,0,1,0,0,0,2,1,0,3,0,0,2,0,0,0,0,0,3,0,1,3,0,0,0,0,1,0,0,0,1,1,0,0,3,0,0,1,0,2,1,0,0,0,0,1,0,3,0,0,0,0,1,0,1,0,0,0,61,202,253,137,2,0,1,0,1,0,0,0,2,2,0,0,2,1,0,0,0,0,1,2,0,1,1,1,119,252,250,208,17,0,2,0,2,0,0,1,1,4,0,0,1,26,118,122,55,0,0,1,1,1,0,2,118,252,254,183,4,2,0,3,0,0,0,1,2,1,0,1,0,134,255,252,244,98,5,1,0,0,0,2,210,255,252,86,1,2,0,0,2,4,0,2,0,0,0,3,1,207,251,254,253,182,0,0,0,0,0,137,250,253,253,69,0,0,0,0,5,0,1,2,1,0,1,0,40,236,251,255,219,87,0,1,0,2,8,214,249,255,207,4,0,3,0,0,2,0,0,0,1,0,1,1,141,252,253,251,96,4,0,4,0,1,72,254,251,250,133,0,1,2,0,1,0,2,0,1,3,5,3,1,187,249,250,255,93,0,1,0,1,14,174,250,254,246,64,0,0,0,0,2,1,1,0,2,1,0,4,2,184,252,254,247,61,1,1,0,0,26,223,252,251,231,0,2,2,1,2,3,0,0,0,1,0,1,0,45,248,252,254,231,0,0,0,0,1,48,253,255,252,230,0,1,3,0,4,0,0,0,0,0,1,1,1,45,252,253,252,254,108,26,24,27,140,213,253,254,254,167,6,0,0,0,1,2,1,0,1,0,3,1,0,39,239,253,252,253,251,251,252,251,255,251,249,253,252,114,0,0,1,0,1,0,2,1,2,0,2,1,0,0,156,251,254,252,250,255,253,252,252,252,253,251,251,30,0,4,0,3,0,0,0,1,0,0,0,0,0,0,14,89,158,254,255,229,161,57,99,177,250,251,211,0,0,3,0,1,3,0,2,2,0,0,1,0,0,4,0,0,0,22,23,17,0,0,2,159,252,255,133,0,0,0,2,0,1,1,0,0,2,1,1,0,0,1,2,0,0,0,0,0,0,1,88,252,254,255,135,0,0,1,2,2,1,0,2,0,0,1,2,0,0,0,2,0,0,2,0,1,0,0,139,251,253,252,118,0,0,2,0,0,0,0,3,0,0,0,0,0,0,0,0,2,1,2,0,0,0,2,222,247,252,253,24,1,0,0,0,1,0,0,0,0,0,0,1,0,0,0,4,1,0,0,0,2,0,3,252,252,251,253,21,0,0,0,1,0,1,1,0,0,0,1,0,1,3,1,2,0,0,1,0,0,0,0,254,254,251,167,3,1,0,0,2,0,0,1,2,0,3,1,0,0,2,1,0,1,0,0,1,0,1,1,1,0,3,0,0,0,0,0,2,0,1,0,1,0,0,2,1,0,0,1,0,1,2,0,0,2,0,0,2,0,0,5,1,0,0,0,0,0,1,0,3,0,0,0,1,0,3,0,1,0,0,5,0,0,0,0,1,1,1,0,0,1,1,1,2,2,0,1,0,0
0,0,2,2,2,0,4,0,2,1,2,0,0,0,0,0,0,4,2,0,1,0,0,3,0,2,2,1,4,1,1,0,0,2,0,0,0,0,0,1,0,0,1,0,1,0,0,1,2,0,2,0,1,0,0,0,3,3,2,0,0,0,0,1,0,0,1,1,1,1,0,0,0,0,5,1,2,3,0,0,0,2,0,3,2,1,2,0,0,0,1,0,1,1,0,0,127,227,229,194,83,1,1,0,0,0,1,0,0,3,0,2,2,0,1,2,0,0,0,1,0,0,2,27,240,253,255,253,229,146,65,0,2,0,0,2,0,1,2,1,0,0,1,0,0,0,0,0,1,0,0,0,27,101,185,240,252,255,175,0,0,1,0,0,0,1,0,0,0,0,0,2,0,0,1,0,0,0,0,0,1,0,0,33,177,247,255,68,0,2,0,1,0,1,0,1,0,0,0,0,0,0,0,2,1,0,0,1,0,2,0,0,3,200,254,56,0,0,0,1,0,0,2,0,3,0,2,0,1,1,3,0,2,1,1,0,0,0,1,0,14,218,255,94,3,0,1,1,0,0,1,0,3,0,3,0,1,1,0,2,0,0,4,0,1,0,1,0,35,254,170,9,0,2,0,0,2,0,0,2,0,0,0,2,0,0,0,0,0,0,1,0,3,1,0,0,124,253,160,0,0,0,2,0,0,3,1,0,2,1,4,0,0,0,0,4,0,0,0,2,0,0,0,82,246,245,86,3,0,0,0,4,1,1,0,0,0,0,0,1,0,0,4,0,2,2,0,1,0,1,0,177,255,113,0,1,3,3,2,0,0,0,1,0,1,0,0,1,0,0,1,0,0,0,0,1,0,1,102,255,203,20,0,0,2,0,0,0,0,2,2,0,0,0,0,1,0,0,0,0,0,3,2,3,0,73,249,255,76,1,0,0,0,0,1,2,0,0,0,3,0,1,1,1,0,0,0,2,0,3,0,0,11,218,246,113,3,0,0,1,0,2,0,2,2,0,0,2,2,0,0,0,1,2,0,3,0,1,0,20,183,255,140,0,3,0,0,0,0,0,2,0,0,0,0,0,0,0,1,0,0,2,2,2,2,0,0,191,255,222,22,1,0,1,1,1,0,1,0,3,0,1,0,1,1,2,0,0,0,2,1,2,0,0,79,252,254,127,0,1,0,0,0,3,0,0,2,0,1,0,0,2,1,0,1,0,0,0,0,2,0,97,239,255,252,214,147,132,236,235,238,103,2,1,0,2,1,0,0,1,0,0,0,0,0,2,1,2,126,245,253,254,255,255,253,255,241,225,132,59,0,0,0,0,0,0,3,1,1,0,1,2,0,0,0,0,183,255,255,253,202,212,147,125,34,31,2,0,0,0,0,0,2,0,1,0,0,0,2,3,1,2,0,0,88,197,141,73,16,0,0,0,2,0,1,0,0,0,0,4,0,2,1,1,0,0,0,4,0,1,0,0,1,0,0,2,2,1,0,2,3,1,2,0,0,3,0,1,0,2,2,4,2,4,1,0,0,0,0,0,0,1,0,0,1,0,2,0,0,1,0,0,0,0,0,2,0,1,0,0,0,0,1,0,0,0,0,0,0,2,1,2,0,1,2,0,2,1,0,2,0,0,1,2,1,4,1,3,0,0,0,0,0,0,0,0,4,0,2,1,1,1,1,0,0,0,0,0,0,0,0,2,3,0,0,0,1,0,0,0,1,0,0,1,0,0,0,1,0,3,0,0,0,0,1,0,0,2,0,0,0,0,2,1
1,0,0,2,0,1,0,0,0,1,0,3,2,2,0,0,0,0,1,4,0,0,0,2,0,0,0,0,0,5,0,0,0,0,0,0,0,0,0,0,0,0,1,0,0,0,0,0,2,0,2,0,0,1,1,0,0,2,0,0,0,0,0,2,2,0,0,0,0,2,2,2,0,7,0,3,2,0,0,0,0,0,0,0,0,1,0,0,2,0,0,0,0,0,0,0,0,0,1,0,0,1,0,3,2,0,0,1,2,0,0,1,3,1,2,0,0,0,0,0,0,3,2,2,2,1,1,0,0,3,0,1,3,1,0,0,1,1,0,0,0,1,1,1,0,3,0,0,0,4,9,119,28,0,0,29,174,212,4,0,0,3,2,0,2,1,0,2,0,0,0,1,3,0,2,0,0,2,157,254,210,1,0,129,252,254,122,0,1,0,0,0,0,0,0,2,0,1,1,0,2,0,0,0,0,157,254,252,253,81,1,176,255,255,231,2,1,1,2,1,0,0,2,0,1,2,1,0,3,3,0,1,0,229,253,252,251,92,34,245,255,254,253,67,1,0,0,1,0,0,1,3,0,0,1,0,0,2,0,2,0,226,255,253,244,25,0,238,251,254,223,2,1,0,1,2,1,1,2,0,0,0,0,0,1,0,0,0,80,249,253,253,236,0,39,247,254,254,225,0,0,2,1,3,0,0,1,0,0,0,2,1,1,0,1,8,205,255,255,255,149,0,0,239,255,253,231,15,0,0,0,3,1,1,0,0,0,2,0,2,0,0,0,44,254,253,252,255,97,0,33,246,252,252,254,83,2,0,0,0,2,0,0,0,0,1,1,0,0,0,1,52,255,255,255,255,254,235,239,254,253,252,252,207,19,2,0,1,1,0,0,0,0,0,1,0,1,0,0,154,254,250,252,250,253,255,252,253,255,254,252,117,0,2,0,1,4,0,2,0,0,2,4,1,2,0,1,66,251,254,255,255,255,255,254,255,255,251,253,80,0,2,0,2,1,0,0,0,0,1,0,0,0,0,0,2,50,222,246,252,252,249,254,253,255,253,250,74,1,0,1,0,0,0,0,0,0,0,1,1,0,0,3,5,0,0,53,88,82,88,221,253,255,255,226,1,0,1,2,0,0,0,1,2,0,2,2,1,0,0,1,0,2,1,1,0,0,1,201,255,255,255,228,0,0,0,0,2,2,0,1,0,0,0,0,0,0,0,0,0,0,1,0,1,1,1,142,255,255,254,195,41,2,0,0,0,0,0,0,0,2,0,0,0,2,1,0,1,0,0,1,0,0,1,89,255,254,255,252,81,0,0,0,0,2,3,0,0,1,0,1,0,1,0,0,1,0,3,1,3,0,0,96,255,255,255,253,125,0,0,0,4,0,2,0,0,2,1,3,0,0,2,0,1,1,0,0,4,0,4,96,255,252,255,252,84,4,1,2,3,0,0,0,0,2,0,1,1,0,0,0,2,2,1,0,2,0,0,66,251,255,255,234,25,0,0,0,1,0,1,0,5,0,0,0,0,0,0,0,3,0,0,0,0,2,0,0,194,253,167,88,0,0,1,1,0,0,1,2,0,1,0,2,0,0,0,1,1,2,1,0,0,0,1,0,0,0,0,1,2,3,0,0,1,1,0,2,1,2,1,0,0,0,0,3,1,0,0,2,0,1,0,4,2,2,0,0,1,1,5,0,0,3,0,1,0,2,0,0,1,0,0,0,0,3,2,0,2,0,0,0,0,0,0,0,1,0,0,3,0,0,0,1,0
0,0,0,2,1,0,0,0,2,2,2,1,2,3,0,0,0,0,2,0,4,0,0,3,1,0,1,1,0,0,1,0,0,2,0,0,0,0,1,3,1,1,0,0,0,0,0,2,1,0,1,1,0,3,0,1,0,2,3,3,4,0,0,2,1,0,3,0,0,0,0,3,2,0,1,0,2,1,0,0,4,0,0,1,0,0,0,3,1,0,0,0,0,0,0,1,0,2,0,0,0,2,2,0,2,0,1,1,1,3,2,2,2,1,1,0,0,0,0,0,0,0,0,0,0,0,2,1,4,3,1,0,0,0,3,0,0,3,1,1,4,2,6,0,3,0,2,1,0,0,2,0,38,196,67,0,4,1,0,0,0,3,0,1,2,3,4,1,0,0,1,0,0,0,0,0,0,0,1,0,161,255,161,6,1,0,1,0,1,0,3,3,0,3,1,1,1,0,1,0,1,3,1,2,0,2,0,1,214,254,221,51,1,2,1,1,0,0,0,3,2,1,2,0,2,3,0,0,0,0,0,0,0,0,0,0,213,231,124,20,0,0,0,0,1,0,0,0,0,2,0,2,0,0,0,2,2,0,0,0,2,0,1,1,213,208,111,1,0,0,0,0,3,0,0,0,0,0,0,0,0,1,1,1,1,3,0,0,0,2,0,0,110,254,141,0,0,0,0,3,0,0,2,0,3,1,0,0,1,2,0,0,0,0,0,0,1,0,0,0,134,255,109,1,3,0,0,3,0,2,2,3,0,0,0,0,1,0,2,0,0,0,0,0,3,0,0,0,123,255,102,2,0,0,0,2,0,1,3,2,0,0,2,1,0,0,1,4,1,0,0,1,1,2,1,1,121,250,13,0,6,0,0,0,0,0,0,0,1,0,0,0,0,2,1,1,0,0,0,0,2,0,3,42,208,255,70,0,1,0,0,2,0,0,0,2,2,5,2,0,0,0,0,0,0,0,0,2,0,0,0,0,18,248,110,1,1,0,0,0,2,0,0,1,4,0,0,0,1,1,0,0,0,0,0,0,0,2,4,0,0,179,110,0,1,1,4,0,0,0,0,3,0,0,0,2,1,1,0,1,0,1,0,2,1,2,0,1,0,174,200,0,0,3,0,1,1,2,3,0,2,0,0,0,2,1,0,1,0,0,1,1,1,0,0,2,2,175,224,17,0,0,4,2,0,0,0,1,0,0,0,1,5,0,0,3,0,1,0,3,2,0,1,3,0,60,251,110,0,0,0,1,0,1,0,0,0,2,0,3,1,0,0,2,0,1,4,0,1,0,0,2,2,0,227,194,0,0,0,0,0,0,1,0,0,0,1,1,1,1,0,0,0,2,1,0,2,0,2,0,0,1,148,247,31,0,1,2,1,2,3,0,0,2,1,2,1,0,0,3,0,0,0,0,0,1,0,0,2,0,69,243,144,2,3,0,1,0,0,2,0,0,0,0,0,2,4,1,0,0,0,0,0,1,0,2,0,0,0,124,218,34,0,1,0,0,1,0,0,0,1,0,2,0,0,1,1,2,0,0,0,0,0,1,2,0,0,30,186,176,0,0,0,0,5,1,0,0,0,0,0,1,1,0,0,0,1,0,1,0,0,0,0,0,0,0,4,1,0,0,2,0,2,1,2,0,0,1,3,0,3,1,0,0,1,1,0,0,0,2,4,0,0,1,0,0,1,1,0,1,0,5,1,0,0,1,0,0,0,0,0,2,0,0,0,1,0,0,2,0,3,1,0,1,2,2,0,0,3,0,0,2,1,1
0,1,3,0,1,2,0,1,2,0,2,0,2,0,0,2,1,2,2,1,0,0,0,0,1,0,3,0,1,1,3,0,0,0,0,0,0,0,1,3,3,0,0,2,1,0,1,0,3,0,1,0,3,0,0,0,0,3,0,0,2,2,0,2,0,0,0,0,2,1,0,0,3,1,1,0,0,2,4,0,0,0,3,0,0,0,0,0,0,3,3,2,0,1,4,0,0,2,0,1,1,0,0,0,4,4,3,0,2,1,0,0,1,0,0,0,0,1,1,1,0,0,0,0,0,0,1,0,0,0,0,1,1,1,0,0,0,0,1,2,0,3,0,0,2,2,2,0,0,0,4,0,0,0,0,1,2,1,0,0,2,0,0,0,0,0,0,0,1,0,0,0,0,3,0,1,0,0,0,0,0,1,0,0,1,1,1,0,1,0,0,0,0,0,0,1,0,0,0,0,0,0,0,0,0,1,4,111,236,254,255,101,1,0,2,0,2,0,3,0,0,1,0,2,0,0,4,1,2,4,2,0,1,0,138,248,254,254,252,246,164,48,2,0,2,0,0,1,1,0,0,0,0,0,0,1,1,2,2,0,14,182,250,250,252,251,157,189,250,243,131,30,1,0,0,0,0,0,0,0,2,3,1,3,0,1,0,0,220,253,252,254,200,70,0,128,253,255,255,64,0,0,1,3,1,3,0,1,0,1,0,0,0,1,0,129,254,253,252,153,5,0,33,224,247,251,254,61,2,1,1,0,0,0,0,1,3,1,1,0,0,0,40,238,255,251,126,1,1,43,180,252,252,255,247,56,0,1,1,2,0,1,1,1,1,0,0,3,0,0,62,255,254,252,45,0,33,227,252,252,250,249,208,4,2,1,1,0,0,0,3,0,0,0,0,1,0,0,64,253,254,174,14,118,242,254,251,255,251,255,210,2,0,0,0,4,0,0,1,0,0,0,2,0,1,0,49,241,253,225,212,252,253,251,205,248,255,252,186,2,0,1,0,0,1,0,3,0,0,1,0,0,2,0,0,82,255,251,252,252,251,87,11,143,252,252,150,1,0,2,1,3,0,0,2,0,2,0,0,1,1,1,2,0,15,107,204,212,208,1,3,145,255,253,195,0,0,0,2,0,0,0,0,1,0,0,0,0,0,0,0,0,0,0,0,0,0,0,1,199,253,251,107,2,3,3,1,1,5,0,0,4,0,0,1,0,1,0,1,4,1,1,1,0,3,3,0,178,252,254,54,2,0,0,1,0,0,2,0,0,0,1,0,0,0,0,0,0,0,0,0,0,2,0,0,233,253,254,1,0,0,1,0,3,0,0,0,1,2,0,1,0,1,3,0,0,2,0,0,1,3,1,1,234,252,255,3,1,0,0,1,0,0,0,0,0,2,2,1,0,1,0,0,0,1,2,0,3,0,0,0,233,252,254,0,0,0,0,0,2,1,2,0,0,3,1,2,2,2,1,2,0,0,0,0,1,0,0,0,233,254,251,0,0,0,1,0,0,0,0,0,1,0,0,0,0,3,0,0,0,0,0,0,0,0,2,0,234,250,252,2,0,0,0,2,2,1,3,0,0,0,0,2,0,0,0,1,0,1,1,0,1,1,0,0,205,251,253,1,0,0,1,0,1,2,2,0,0,2,3,0,1,3,0,4,0,0,0,1,0,0,1,0,125,253,252,0,2,2,0,0,0,0,0,1,1,1,0,0,0,1,2,0,0,0,1,0,1,3,0,0,1,2,0,0,0,0,2,0,0,0,3,1,1
0,1,0,0,0,1,0,0,0,0,0,1,0,0,0,0,0,0,0,0,1,0,0,0,0,0,0,0,0,0,0,0,0,0,0,0,0,0,0,2,0,2,0,0,0,0,0,0,3,0,2,2,0,0,0,0,0,0,0,0,0,0,1,1,0,0,0,0,0,0,1,0,0,0,0,0,0,0,0,0,2,0,0,1,0,0,0,0,0,0,0,2,0,2,0,0,1,0,0,0,0,3,0,0,0,0,0,1,0,0,0,0,0,0,1,0,0,2,1,0,0,0,0,0,1,0,0,1,0,0,0,2,0,4,1,2,1,0,1,0,1,3,2,0,1,3,0,0,2,1,0,2,22,2,2,51,127,213,252,255,255,252,189,2,0,0,2,1,0,0,1,0,0,2,0,2,0,0,0,107,233,152,180,249,241,209,124,127,128,128,58,0,0,0,3,0,3,2,4,0,1,0,2,1,0,0,0,158,241,253,202,122,46,0,0,0,0,0,0,1,0,0,0,0,0,0,0,0,0,0,0,0,0,4,0,3,211,117,4,0,1,0,0,2,0,2,1,2,0,4,1,0,0,0,1,1,0,0,0,0,0,0,0,54,246,77,1,3,1,1,0,0,0,2,0,0,0,1,0,2,0,0,0,2,0,1,1,0,0,0,2,221,241,23,0,0,2,0,0,0,0,0,0,2,0,1,0,3,1,0,0,0,0,0,1,0,0,0,52,253,86,0,2,0,0,2,0,0,2,3,1,2,1,2,0,0,1,0,1,0,0,0,0,0,0,13,202,253,218,211,121,118,45,1,0,1,0,0,4,0,0,0,0,0,0,0,0,1,0,0,0,1,0,24,253,255,184,173,185,255,229,147,0,2,0,0,1,0,0,0,0,0,1,0,3,1,1,0,0,1,0,11,110,54,3,0,3,55,188,252,104,0,0,3,1,0,3,3,3,0,0,0,2,3,1,3,0,0,3,0,0,0,0,0,0,0,41,241,226,1,1,0,1,0,2,0,0,0,0,0,0,3,0,0,1,0,0,0,0,0,0,0,0,1,0,139,247,0,1,0,1,0,1,0,1,0,0,0,0,1,0,0,0,0,1,0,0,0,0,2,1,0,2,137,245,2,4,4,0,0,0,0,0,0,0,2,0,0,3,1,1,0,0,0,1,0,0,2,1,0,2,214,205,0,2,2,0,0,1,2,3,2,0,0,1,0,1,0,0,55,133,0,0,0,0,0,1,0,52,246,119,0,1,3,2,0,0,0,0,0,3,0,2,0,1,2,2,106,196,2,0,0,3,2,0,3,142,217,4,0,0,0,3,0,0,1,0,0,2,0,1,0,0,0,0,187,218,20,0,0,0,0,0,128,255,169,1,0,0,0,0,0,0,2,0,2,1,0,1,0,5,1,0,67,254,245,73,3,0,0,134,255,204,8,0,3,1,0,0,0,0,1,1,0,1,0,1,0,1,0,0,0,115,255,246,225,143,198,252,184,48,0,0,5,0,1,0,0,2,0,1,2,0,0,0,2,0,0,0,1,12,108,193,250,255,183,106,12,0,0,0,1,0,2,2,0,0,0,0,0,0,0,0,2,1,0,0,0,0,0,0,0,0,0,2,1,0,0,0,2,0,2,0,0,0,0,0,0,0,0,0,1,0,0,0,2,2,0,1,0,0,1,0,1,0,2,1,0,0,1,3,0,1,0,1,0,0,0,0,1,0,0,2,0,2,0,0,0,0,0,0,3,0,0,0,1,0,0,0,1,0,0,2,1
0,2,0,1,0,0,0,1,0,0,4,0,1,0,2,0,0,2,1,4,2,1,0,0,0,1,0,2,0,0,0,0,0,3,0,0,0,0,0,2,2,0,0,0,0,0,3,2,4,0,0,0,0,0,1,0,0,0,3,0,1,0,0,0,3,0,0,0,2,0,0,1,0,0,0,3,0,0,5,2,2,0,0,1,0,0,0,0,0,2,3,0,0,2,1,3,2,0,0,1,1,5,1,0,0,2,1,0,0,0,0,0,0,0,0,2,0,0,1,0,0,1,1,0,0,0,0,2,4,3,0,2,2,0,0,0,0,0,0,0,0,2,1,1,1,1,1,0,0,0,0,0,0,0,2,0,0,2,0,3,2,0,2,0,0,0,0,0,0,2,1,0,3,0,0,0,0,0,1,0,0,1,4,3,0,2,0,0,0,0,1,0,2,0,0,0,0,3,0,1,0,0,0,26,43,52,148,194,166,251,253,182,147,35,2,2,1,3,0,0,2,0,3,1,0,0,0,1,0,55,130,226,255,253,255,254,251,251,247,252,252,245,81,0,0,1,0,0,0,1,1,1,0,0,0,3,117,244,251,248,233,232,160,125,66,18,22,21,160,254,244,17,0,0,0,3,1,1,2,0,2,0,0,1,51,232,184,70,1,0,1,0,0,0,2,2,102,252,249,23,0,3,2,2,0,2,3,0,0,0,0,0,3,30,25,1,0,0,1,2,3,0,2,0,105,252,253,19,0,2,0,0,2,0,2,3,1,0,0,1,3,0,0,0,1,1,0,0,1,2,0,0,109,251,240,17,2,4,0,0,1,2,2,0,1,0,0,0,5,0,1,0,0,0,1,0,0,1,0,3,105,252,168,3,0,2,2,0,0,2,0,0,0,0,0,0,0,0,0,2,0,1,3,1,3,0,0,0,104,252,114,2,0,0,0,0,0,0,0,1,1,3,0,0,2,0,0,0,0,2,0,5,1,0,3,0,176,249,65,0,1,0,2,0,0,0,0,1,2,2,3,0,0,4,0,0,0,1,1,0,1,2,0,51,247,237,37,0,0,0,0,0,3,0,2,0,0,0,2,1,3,3,0,2,1,0,0,4,0,0,3,66,253,212,0,3,2,0,0,0,4,0,0,0,3,0,2,1,0,0,0,0,1,1,0,1,0,0,0,97,251,217,0,0,0,0,0,3,0,0,0,0,0,1,0,2,1,1,0,0,0,0,0,1,2,0,0,172,251,200,0,0,0,2,0,1,1,0,0,0,1,3,0,0,0,0,0,0,0,0,0,0,0,1,5,188,253,80,2,0,0,0,2,1,0,0,0,0,0,2,0,0,0,0,0,0,0,1,0,1,0,0,109,250,207,0,1,2,0,0,1,0,2,0,4,0,0,1,0,0,0,3,0,0,0,0,0,0,1,0,232,252,85,0,0,3,0,0,1,0,0,1,0,0,2,0,0,0,0,0,0,0,1,1,0,0,1,99,248,205,11,2,1,0,0,1,1,0,0,0,1,1,0,0,5,0,0,3,0,0,1,0,0,1,40,247,250,87,2,0,0,1,0,0,0,0,4,2,2,4,0,0,0,1,2,2,1,0,1,0,3,0,43,250,228,0,0,2,0,1,0,0,0,0,0,3,0,0,3,1,0,0,1,0,0,2,0,1,0,4,25,229,144,0,1,0,0,4,3,0,0,0,0,0,0,2,3,1,1,2,1,2,0,2,0,0,0,0,1,0,1,0,0,0,1,0,3,0,3,0,0,0,2,0
0,2,0,0,0,1,1,0,0,0,1,1,0,0,0,0,1,3,0,0,1,0,1,3,0,1,0,2,2,0,1,0,0,0,0,2,0,0,0,2,0,1,1,1,2,2,1,0,0,0,0,2,0,1,0,1,7,0,0,0,2,1,0,0,1,0,1,3,0,0,2,2,3,0,2,0,1,0,0,2,0,2,2,0,2,0,1,1,0,0,0,0,3,0,0,0,1,1,0,0,1,0,0,2,1,1,0,0,0,0,1,3,1,2,0,1,0,0,1,1,0,0,1,2,2,0,0,0,2,1,1,3,3,2,0,0,0,1,1,2,0,0,3,0,0,0,0,0,2,1,1,0,1,0,0,0,0,3,0,1,0,0,0,1,1,3,2,0,1,2,0,0,0,0,0,0,79,107,245,253,252,253,252,156,53,0,0,0,1,0,0,0,3,1,0,0,0,1,1,0,2,0,1,18,197,250,255,252,252,233,205,249,228,26,3,0,0,0,0,0,0,1,0,3,0,2,0,0,0,0,0,71,246,251,237,211,86,53,58,246,253,37,0,3,6,0,0,2,3,0,1,1,0,1,0,2,0,0,1,0,95,130,10,3,5,2,2,166,253,179,0,0,3,1,1,0,4,0,0,1,0,2,0,2,1,2,2,1,0,0,2,0,1,0,1,166,251,243,64,1,3,0,0,2,0,3,0,0,0,1,1,0,0,0,0,0,0,0,0,0,0,2,0,162,252,249,76,3,0,1,0,0,0,1,0,0,0,1,0,0,2,1,0,0,0,0,3,0,0,0,0,164,253,211,36,0,0,0,1,3,1,1,0,4,0,0,2,2,0,0,0,0,0,0,2,0,0,3,1,166,253,174,0,0,0,0,0,0,0,2,0,3,0,2,0,1,3,0,0,0,2,2,3,2,1,0,14,179,251,178,0,1,0,0,0,0,0,2,2,0,1,0,0,2,1,0,0,0,0,0,4,1,0,1,61,251,254,179,1,0,2,2,0,2,0,2,0,0,1,1,0,0,0,1,3,0,2,0,1,0,1,0,61,253,252,177,1,0,1,2,2,0,1,2,0,0,0,0,1,0,1,0,3,0,0,0,0,1,0,2,58,250,253,177,0,0,1,0,0,0,0,1,0,4,0,0,0,4,0,0,0,0,0,0,0,1,0,1,156,253,254,82,1,5,0,2,0,0,0,2,0,1,0,0,2,2,0,1,0,0,1,0,0,0,2,0,209,253,249,30,2,2,0,0,2,1,0,3,3,0,3,2,0,2,0,0,0,2,0,0,0,1,1,30,225,254,253,29,0,3,0,2,0,1,4,0,0,0,0,0,0,0,0,1,0,0,2,1,0,4,1,104,253,252,255,25,1,0,2,0,2,2,0,1,1,1,0,0,0,1,0,0,0,1,0,0,0,0,0,104,251,253,251,29,0,0,5,0,1,0,0,0,0,0,2,0,2,0,2,0,0,0,2,0,0,0,1,105,253,250,213,20,0,1,0,1,0,0,1,1,0,1,0,0,0,0,0,0,1,2,0,0,0,0,0,104,252,245,109,2,0,0,0,0,0,0,0,2,1,0,2,1,0,1,0,2,0,1,0,1,0,0,0,103,126,98,0,1,1,0,0,0,0,0,0,0,2,0,0,1,0,0,3,0,2,0,2,2,0,1,0,0,2,2,0,4,2,1,0,0,2,0,0,0,1,4,0,0,0,0,0,0,0,0,0,0,2,3,0,2,0,2,0,1,0,0,0,0,0,0,0,0,0,0
0,3,0,0,0,0,4,0,0,0,4,3,1,0,1,0,0,0,0,3,0,0,0,0,0,1,0,0,2,1,1,0,0,0,3,1,2,0,0,0,2,0,0,0,0,3,3,3,0,0,1,2,0,0,2,2,0,0,0,1,3,2,0,0,3,2,1,1,0,0,0,0,2,3,0,2,0,3,0,1,0,2,2,0,0,0,3,0,0,1,1,0,0,0,0,2,0,0,5,0,1,5,0,0,4,0,1,2,0,0,3,0,0,1,0,1,0,3,0,2,3,0,2,1,1,20,56,136,157,194,55,0,1,0,1,0,0,1,0,0,0,1,0,1,0,2,0,1,2,0,6,44,111,200,255,253,255,254,200,21,2,0,0,0,0,0,0,1,1,0,2,0,2,1,4,0,0,74,207,252,253,228,229,202,171,255,253,226,3,0,0,0,1,0,0,0,3,0,2,0,0,0,0,0,6,206,250,242,221,43,23,7,59,253,255,230,0,2,1,0,1,0,0,0,0,1,0,0,0,0,0,1,4,55,114,28,7,0,0,0,131,255,255,229,2,4,0,0,3,1,0,0,0,0,0,0,1,1,0,2,0,0,1,0,0,0,0,3,207,253,243,88,0,3,0,0,1,0,0,1,1,0,0,0,1,0,0,2,3,1,1,0,0,0,0,114,254,248,123,0,0,2,1,0,0,0,0,0,1,0,1,0,1,1,0,5,4,0,0,1,0,0,61,252,255,145,0,1,2,3,0,0,0,2,1,0,0,6,1,0,1,0,0,0,1,0,1,0,0,3,223,254,252,139,1,0,4,1,1,0,1,0,0,0,0,0,2,0,1,0,1,0,2,1,0,0,5,163,255,254,220,15,0,2,0,0,1,2,0,2,0,0,0,0,0,1,0,0,2,0,1,1,0,0,38,253,255,250,113,1,1,0,0,1,1,2,0,0,0,0,0,0,0,0,0,2,0,0,0,0,0,0,128,254,255,126,1,0,2,0,0,1,1,0,2,0,0,2,0,0,3,1,0,0,1,0,0,1,0,79,253,253,233,27,0,0,0,1,0,0,0,0,1,0,0,0,0,0,0,0,0,0,0,1,0,0,12,204,254,253,150,1,0,0,0,2,0,0,0,2,2,0,3,2,0,0,0,2,0,0,3,0,0,1,129,255,255,252,8,15,26,24,54,111,22,2,0,0,0,0,0,0,1,0,2,0,0,0,1,2,3,83,247,254,252,255,177,208,253,255,252,252,251,91,0,0,2,0,0,3,3,1,0,0,1,0,0,0,26,215,255,255,255,253,255,253,254,240,219,209,122,96,2,0,4,0,0,1,0,1,0,0,0,0,0,1,195,253,255,254,255,255,189,180,100,33,0,1,0,1,3,0,0,0,0,0,0,2,1,3,0,0,0,1,220,254,255,238,155,36,1,0,0,0,1,2,2,1,0,3,0,1,5,0,3,0,0,2,0,0,0,1,134,221,240,102,1,4,0,0,1,0,0,4,1,0,0,4,0,1,1,1,0,1,0,3,1,0,2,1,0,0,0,0,0,2,0,1,1,0,1,0,1,3,0,0,0,2,0,1,0,1,1,4,0,0,1,0,0,0,1,0,3,3,0,0,2,0,0,1,1,0,0,2,0,1,1,1,0,3,0,1,0,0,0,0,0,0,0,1,1,2,0,1,0,1,1,0,0,0,0,2,0,0,0,0,1,0,0,1,1,2,0,0,1,0,0,0,0,1,2,1,2,1,0,0,0,0,0,0,0,0,0,1
2,0,1,0,2,0,0,2,0,2,1,2,0,0,2,1,0,0,0,0,1,1,0,1,3,0,0,4,0,0,0,3,0,0,1,0,1,0,0,1,0,1,1,1,0,0,0,2,1,0,0,2,2,1,0,0,0,0,4,0,0,0,0,0,0,1,0,1,1,0,0,0,0,0,1,0,0,0,0,2,0,2,0,0,0,1,1,2,2,0,0,0,0,1,0,0,0,1,0,1,2,0,0,0,0,0,0,0,1,0,2,0,1,0,0,1,0,0,0,1,0,0,0,146,254,255,253,135,52,0,4,3,0,0,1,4,0,1,3,1,0,0,0,0,0,3,1,0,0,0,1,87,86,130,213,251,247,150,13,2,2,2,1,0,0,0,0,1,0,0,1,0,1,0,0,0,2,0,0,73,116,5,0,142,253,254,82,0,1,2,0,0,0,0,0,1,0,0,0,1,0,0,0,1,1,0,5,207,251,101,2,222,255,250,30,0,5,0,0,0,0,0,2,1,0,2,0,0,0,2,0,1,1,3,3,175,253,90,72,251,252,173,1,0,0,0,2,2,2,0,0,2,0,0,0,0,1,1,2,2,0,2,0,138,253,194,241,255,253,52,0,0,0,0,0,3,0,1,2,1,0,0,1,0,0,0,0,0,0,0,0,84,251,254,252,255,225,18,0,0,2,0,0,0,0,3,0,6,0,4,0,0,0,0,0,0,4,0,0,37,247,251,252,253,36,0,0,1,0,0,0,1,1,0,0,0,0,0,0,0,0,0,0,0,3,0,0,0,170,251,250,200,8,0,1,0,1,0,0,0,0,1,0,0,1,0,0,0,0,1,1,0,0,3,1,63,248,253,255,187,0,3,0,0,0,0,2,0,1,0,1,1,1,0,0,0,0,0,2,0,0,0,1,146,252,250,253,254,54,0,0,0,0,1,0,0,0,0,0,1,1,0,0,0,0,2,0,1,1,0,16,245,253,248,225,252,224,41,0,2,1,0,1,0,0,0,0,0,0,0,0,0,0,0,0,0,0,2,91,255,255,239,41,174,254,229,34,0,2,0,2,0,0,0,2,0,0,2,0,1,0,0,1,1,0,3,113,255,251,224,0,24,205,255,145,2,1,1,0,1,0,0,0,0,0,1,0,0,0,0,0,0,0,0,112,254,252,205,0,2,131,252,246,15,0,0,0,1,0,3,0,0,2,0,0,0,0,0,2,0,0,0,113,251,254,129,2,1,174,252,191,6,0,0,2,1,0,3,4,0,0,5,0,0,0,0,0,2,1,0,113,251,251,131,3,114,246,252,83,0,0,0,1,2,3,2,1,0,0,0,0,0,1,0,0,3,0,1,113,254,252,157,164,247,255,154,0,0,0,0,0,0,3,1,0,0,1,0,3,2,1,1,1,0,0,0,67,235,253,252,252,255,143,44,0,0,3,0,0,1,2,0,1,2,0,3,0,0,0,1,1,0,0,1,0,24,174,253,220,67,7,1,3,0,0,0,1,0,2,0,1,0,2,0,3,0,1,2,1,3,0,1,1,0,0,0,0,0,0,0,0,1,1,1,0,1,0,4,2,0,0,0,1,0,0,0,1,1,0,0,0,3,2,0,0,0,1,0,0,1,1,0,0,1,1,2,0,3,2,2,0,1,0,2,0,0,3,0,1,1,2,1,0,3,0,0,1,0,3,0,0,2,2,0,2,0,0,1,2,0,0,2,0,0,0,0,4,0,1,2,3,5,1,3,1,0,0,0,0,2,2,2,0,0
1,2,0,0,0,3,0,0,0,0,0,0,0,0,0,2,0,3,3,0,0,0,0,1,0,0,0,0,0,2,0,0,0,0,1,0,0,1,0,1,0,1,0,0,1,1,0,0,1,0,1,1,0,0,1,1,3,1,1,0,3,0,0,0,0,5,2,0,0,2,0,0,0,2,2,0,0,2,2,2,2,2,0,0,2,0,0,0,0,2,0,0,0,0,99,145,252,252,255,127,88,0,2,0,2,1,0,0,0,0,0,0,0,0,0,1,0,0,1,0,47,224,248,252,253,249,255,250,247,123,1,1,1,0,0,3,0,0,1,0,1,1,1,2,0,2,0,0,139,252,251,255,251,249,251,250,252,244,122,0,1,5,0,2,0,3,0,0,1,0,0,1,0,2,0,0,47,252,255,244,223,228,163,86,216,252,251,98,0,3,1,0,1,0,0,2,0,0,0,0,1,0,0,0,0,111,111,87,0,0,2,0,122,253,253,204,14,0,1,0,0,0,0,3,1,3,0,0,0,0,0,0,0,0,1,0,3,3,4,2,0,103,255,255,27,1,0,2,0,0,0,0,0,1,0,0,0,0,2,0,1,0,0,0,0,1,0,1,1,8,152,248,153,0,0,0,0,2,0,0,0,1,0,1,2,0,1,2,1,3,1,0,2,1,0,1,1,0,141,255,184,15,1,0,0,0,0,0,0,0,1,0,1,1,2,1,0,1,0,1,0,2,0,0,0,2,141,249,251,58,2,1,0,0,0,0,0,0,0,0,0,0,0,0,3,2,0,1,1,0,0,2,0,0,139,254,253,57,1,0,0,0,0,0,0,3,0,2,0,0,1,4,0,3,0,0,0,1,0,2,0,89,249,254,252,59,2,4,0,0,0,0,1,0,1,0,1,2,0,0,0,1,1,0,1,0,0,0,50,244,252,251,221,38,1,0,4,0,1,0,1,1,0,1,0,1,17,72,198,199,145,60,59,57,0,21,178,253,252,253,167,0,0,0,1,3,0,1,4,1,0,1,1,1,51,243,250,254,252,250,252,253,169,195,253,251,252,251,74,0,1,2,1,1,0,0,1,3,5,2,0,3,0,169,253,251,254,251,250,253,253,251,254,253,253,114,8,0,0,0,0,0,0,2,0,0,0,1,1,2,0,108,255,255,253,252,254,252,255,251,255,248,251,115,12,1,0,2,1,0,0,0,0,2,0,0,2,0,0,19,210,253,250,253,251,252,252,250,249,253,252,251,228,51,2,0,0,0,0,0,1,0,2,0,2,0,1,1,112,252,255,254,253,255,254,252,251,252,251,252,252,56,2,0,0,0,1,0,2,0,0,0,0,1,2,0,0,85,209,230,247,224,83,81,111,241,250,252,102,20,1,1,2,0,0,1,2,0,2,0,0,0,0,0,0,0,0,26,100,0,0,2,0,74,115,173,27,1,1,2,1,0,1,0,1,1,3,1,0,0,3,0,0,0,0,1,1,0,1,0,0,3,0,0,2,0,0,0,3,1,0,0,0,3,0,0,0,0,0,0,2,0,0,0,1,0,0,0,0,0,0,1,2,0,0,2,1,0,2,0,1,2,0,0,0,0,2,1,0,0,1,0,1,1,3,1,0,4,2,2,1,1,0,2,0,0,2,2,3,0,0,3,0,0,1,0,0,0,0,0,0,0,0,1,3,0,0,0,2,0,2,0,1,0,0,0,0,0,0,0,0,0,0,0,0,2,0,0,3,2,0,1,2,0,0,0,0,0,0,2,3,2,3,3
1,1,0,0,2,2,1,0,1,0,3,0,3,0,0,0,0,0,2,0,1,0,1,0,0,1,0,0,0,0,0,1,0,1,0,0,0,0,0,0,0,2,0,0,1,0,0,0,0,0,0,0,0,2,0,2,1,2,0,0,0,0,0,2,0,0,2,2,3,2,0,0,0,0,2,0,1,0,1,0,0,1,1,1,1,0,1,0,0,0,0,1,2,1,0,46,234,255,53,3,0,0,0,4,0,3,1,4,2,0,0,0,0,2,0,0,0,0,0,0,0,0,157,251,251,216,28,0,0,0,2,0,0,1,0,1,1,1,0,0,0,1,4,0,0,0,1,0,0,0,228,251,218,30,0,0,2,1,0,0,0,3,1,0,2,1,0,0,1,0,0,1,1,0,1,0,2,152,254,217,30,0,0,0,0,1,0,0,6,1,0,2,0,0,1,1,0,1,0,2,1,0,0,1,0,236,255,46,1,1,0,0,0,0,0,0,1,0,0,0,0,0,0,0,0,0,0,0,0,0,1,0,99,252,169,5,0,2,27,95,92,28,1,0,0,1,0,0,0,0,0,0,1,3,2,2,0,0,1,2,113,252,112,0,73,195,224,251,255,227,216,192,88,36,0,0,0,4,3,0,1,0,1,1,0,1,1,0,219,252,26,77,248,249,250,255,253,254,253,253,253,214,30,0,1,0,0,2,0,0,0,0,1,0,2,92,250,252,141,221,255,189,80,53,51,54,48,142,228,255,139,1,3,3,1,0,3,0,0,0,0,2,1,119,252,255,251,253,231,35,0,1,0,0,1,0,67,252,250,86,0,0,0,3,0,0,3,0,2,0,0,116,253,252,255,232,64,1,0,0,3,0,0,0,29,233,255,141,2,0,0,0,0,0,0,0,0,0,0,119,254,249,234,130,0,0,0,0,0,2,0,2,0,62,255,239,1,2,1,1,0,1,0,0,3,0,1,117,254,252,67,0,0,0,0,0,0,0,0,0,0,28,254,239,0,0,0,2,1,2,2,1,2,0,0,119,255,251,22,5,1,1,1,2,0,0,0,0,0,47,254,241,1,0,0,0,0,0,0,0,0,0,0,118,252,253,27,1,3,2,2,0,0,1,0,0,6,168,255,158,0,0,0,0,1,0,0,0,0,1,0,45,245,253,114,17,4,0,2,3,0,0,0,0,47,253,242,41,0,0,0,0,0,0,0,0,2,3,0,0,164,253,253,214,103,2,0,2,1,1,5,37,218,253,156,0,0,1,1,1,0,0,3,0,0,0,0,0,51,162,247,251,254,163,143,142,146,78,163,255,235,108,45,4,0,2,3,0,0,2,0,0,0,0,2,0,0,0,42,164,245,254,252,252,252,255,251,228,103,1,0,0,0,0,1,0,5,0,1,0,0,0,1,0,0,0,0,1,41,163,253,252,255,225,122,39,0,0,1,0,2,1,0,2,3,3,0,0,0,0,0,2,3,1,0,0,0,0,0,0,0,2,2,0,0,1,3,0,0,0,0,1,3,0,0,1,0,0,0,0,0,0,0,0,2,0,0,4,0,4,1,0,0,2,0,2,0,0,0,2,0,0,0,0,1,0,0,0,3,0,1,0,2,1,0,0,3,2,1,1,1,1,0,0,3,0,0,0,2,1,0,0,1,0,0,0,0,0,1,0,0,1,1,4,0,0,1,0,0,0,0,0,2,0,0,0,1,0,0,2,1,0,2,4,1,2,0,0,0,0,0,0,0,0,0,1,2,1,1,2,2,1,0,1
0,1,1,1,1,5,1,0,2,0,0,0,0,0,0,0,0,0,0,0,0,0,1,0,0,0,0,2,0,1,2,0,0,0,0,0,1,0,1,1,1,0,1,1,1,1,6,0,0,0,0,0,2,1,0,4,2,0,0,2,0,0,2,1,1,0,0,1,0,0,0,0,1,0,0,0,0,0,2,0,1,3,0,0,0,2,2,1,1,1,2,1,2,0,0,0,2,0,1,3,2,3,0,0,5,1,0,0,0,1,2,0,0,0,0,1,2,0,0,2,2,0,0,0,0,0,0,3,0,0,0,0,0,2,0,0,0,2,0,0,0,0,0,0,1,0,4,0,1,0,0,0,1,3,0,0,3,0,1,83,211,177,50,3,0,0,0,0,1,0,1,1,0,0,1,3,0,1,1,0,0,0,33,148,245,248,250,255,255,255,241,50,0,2,2,0,0,0,0,0,0,2,1,0,0,0,2,3,98,222,245,251,255,229,51,33,59,104,253,231,1,0,0,2,0,0,1,0,0,0,0,0,0,0,142,235,248,252,255,174,121,16,1,2,0,4,160,255,110,0,0,3,2,0,0,1,0,1,0,0,0,213,252,253,221,118,25,7,0,1,0,0,0,59,190,252,120,3,2,1,1,2,0,1,0,0,0,0,4,233,221,117,20,2,0,0,2,0,1,1,75,243,255,251,72,0,0,0,2,2,1,0,1,1,0,0,2,235,157,1,0,2,0,0,1,2,60,108,243,247,160,36,0,0,0,0,0,2,3,2,0,0,1,0,0,194,239,26,1,0,0,0,18,108,242,255,122,43,2,0,2,1,0,1,0,0,0,2,0,3,1,0,0,76,247,158,13,2,0,56,179,251,203,95,21,0,0,0,0,2,0,0,0,0,0,0,4,0,0,0,0,0,128,255,74,92,197,238,237,161,19,1,2,3,0,4,0,0,0,1,1,0,0,0,1,0,0,2,3,0,100,254,234,240,254,209,82,1,1,0,0,1,0,1,1,0,1,2,3,1,0,0,0,0,1,2,0,1,99,254,255,237,98,16,0,0,3,0,3,0,2,0,0,0,1,1,1,2,1,1,0,1,1,0,20,165,205,213,154,232,36,1,3,0,0,0,0,0,0,0,1,0,0,0,3,0,0,0,3,2,0,20,198,252,166,8,29,205,188,38,1,2,3,0,0,1,2,0,0,2,1,0,0,0,0,2,2,1,0,118,254,103,10,0,0,66,249,75,0,3,0,1,0,0,0,2,1,0,2,1,1,0,3,1,0,1,1,119,254,16,1,0,1,0,116,227,54,0,0,0,0,2,1,2,4,0,0,0,0,3,0,0,2,0,0,121,253,104,13,2,1,0,0,186,199,3,1,0,1,1,2,0,1,0,3,3,1,1,0,3,2,1,1,111,255,253,209,28,0,3,4,75,255,142,0,2,0,0,0,1,1,4,0,3,2,5,0,0,0,0,0,0,108,239,245,253,154,136,168,254,255,132,2,0,2,0,0,0,0,0,3,0,3,1,0,0,1,0,3,2,1,0,0,47,191,124,229,188,226,35,2,0,0,0,2,0,0,0,0,0,3,1,0,0,0,0,0,1,0,4,2,0,0,0,0,0,0,0,0,2,0,1,1,0,0,0,2,0,0,3,0,1,0,0,2,0,0,1,0,1,0,1,0,0,0,0,0,0,0,0,0,0,2,0,1,2,0,1,0,1,2,1,1,1,0,0,4,1,0,0,0,0,0,0,0,1,0,2,3,0,1,0,0,1
3,0,0,0,0,0,0,0,0,0,0,1,0,0,2,4,0,1,0,1,1,1,0,0,1,0,0,1,0,2,0,0,1,0,2,1,2,0,1,1,1,1,0,2,0,0,0,1,1,0,0,1,1,0,0,0,1,0,1,0,0,0,0,0,2,2,1,0,0,1,1,0,2,1,1,1,0,2,0,2,0,0,1,0,0,3,0,0,2,0,3,3,0,0,2,0,0,0,0,0,0,1,0,1,1,0,0,0,0,0,0,0,0,0,0,1,0,0,0,1,0,2,0,2,0,1,0,0,0,2,0,1,1,1,1,1,0,0,2,0,1,3,2,0,0,0,0,1,1,1,2,0,1,1,0,85,137,33,0,0,1,1,0,0,1,0,0,0,0,1,0,0,0,0,3,0,0,3,0,0,0,1,80,245,255,128,0,0,0,0,0,0,0,2,0,0,0,1,4,3,0,0,2,1,1,1,4,0,39,79,171,252,255,189,177,176,177,119,76,25,2,0,0,2,0,0,2,1,0,0,0,2,0,0,3,13,213,255,253,255,250,255,251,255,255,254,253,240,223,102,1,0,1,0,0,0,3,0,0,1,0,0,0,58,254,254,252,178,59,59,57,55,61,57,61,87,155,121,5,0,0,3,2,0,2,3,1,0,2,0,1,0,0,177,255,129,1,0,0,0,1,0,1,3,2,0,1,0,0,0,0,0,2,1,1,2,0,0,0,0,12,213,221,5,0,0,0,0,0,0,2,0,0,0,0,0,2,0,0,0,1,0,1,4,1,2,0,0,89,255,183,0,0,0,1,2,0,2,4,0,0,1,0,0,0,3,0,1,4,1,3,0,0,2,0,0,27,255,114,0,0,0,2,3,1,0,3,0,0,0,1,0,0,0,1,2,0,0,0,0,1,0,0,0,21,254,192,3,0,0,1,0,0,0,1,0,0,0,1,2,0,0,1,0,1,1,1,0,0,1,2,1,16,236,235,57,1,1,0,1,0,1,0,0,0,1,1,0,1,0,0,0,0,0,1,1,3,2,1,1,0,167,253,202,10,1,0,0,0,3,0,0,1,0,1,0,0,2,1,0,0,0,1,0,0,1,1,0,3,26,210,252,168,5,0,3,0,3,1,0,0,0,0,1,3,1,2,3,0,0,0,0,2,2,0,0,0,17,191,252,143,2,0,0,0,0,5,0,2,0,2,0,0,0,4,0,2,0,2,0,0,0,1,0,0,155,255,217,22,0,0,0,0,0,0,1,1,5,0,1,0,1,1,0,0,0,97,47,0,1,1,12,185,252,243,84,1,2,1,0,0,0,0,0,0,0,1,0,0,0,0,1,1,0,201,142,9,25,119,224,253,246,124,0,1,0,1,0,2,0,0,0,0,0,0,0,1,0,0,1,2,0,189,248,208,219,255,254,216,84,0,0,0,0,0,0,0,0,1,0,0,1,0,0,0,0,0,0,1,1,94,231,254,249,211,56,11,0,1,1,0,0,0,1,0,0,0,3,1,1,0,0,0,1,2,0,0,0,0,26,58,49,0,2,0,0,3,3,0,1,0,2,0,2,0,1,0,2,0,0,0,0,0,0,1,0,3,3,0,4,0,0,0,0,2,2,0,0,0,0,0,1,0,0,0,2,0,0,3,0,2,1,0,1,0,0,0,0,0,0,1,0,0,0,0,1,0,1,0,0,0,0,0,0,0,0,2,0,0,0,0,0,3,1,2,2,0,0,0,0,2,0,0,2,0,0,3,1,0,1,0,1,0,0
1,0,3,0,2,0,0,0,1,3,0,0,2,0,1,2,0,1,0,2,1,0,0,0,0,0,0,1,0,0,0,0,0,0,0,0,0,4,3,4,0,2,0,2,0,0,0,0,0,0,0,0,0,0,0,3,2,0,0,0,4,0,0,0,0,0,0,2,0,0,2,2,0,0,0,0,1,0,0,0,0,0,1,0,0,2,0,0,3,2,0,1,0,3,3,1,1,0,0,1,1,3,1,0,0,0,0,3,3,0,2,0,1,0,0,0,0,0,1,0,0,0,1,0,0,1,0,0,0,0,2,0,0,1,3,0,0,0,0,0,3,0,3,1,1,1,0,0,2,0,0,1,1,0,0,0,0,1,3,2,0,0,0,0,1,1,0,2,0,0,1,2,0,0,1,0,1,0,0,0,3,0,0,0,1,0,0,0,1,0,0,0,0,0,0,0,2,0,0,0,1,0,3,0,2,0,5,0,2,0,0,1,4,4,0,1,0,0,0,0,0,0,0,1,0,0,10,11,100,134,136,134,135,133,135,123,13,13,104,129,133,240,255,132,3,0,0,0,0,0,0,0,23,146,208,253,254,250,252,254,254,255,255,254,251,252,254,252,252,252,252,133,3,1,0,0,3,1,1,2,56,215,202,95,93,95,97,142,104,96,98,105,216,218,218,219,226,251,253,132,1,1,0,0,0,0,0,0,0,5,3,0,2,1,0,1,0,0,2,2,1,2,0,4,87,253,252,53,3,0,0,0,0,1,0,2,0,0,2,0,0,0,0,1,0,1,2,0,1,0,1,0,88,253,253,12,0,1,0,1,0,0,0,1,1,0,0,4,3,1,1,1,0,1,1,2,2,0,1,0,177,253,250,8,1,1,0,0,0,0,1,2,0,0,3,0,0,0,0,2,0,0,1,0,1,0,0,0,209,252,168,3,0,1,0,0,2,1,0,0,1,1,2,0,0,0,0,0,1,1,0,0,3,0,0,28,227,253,100,0,2,0,2,0,0,0,0,0,1,4,0,0,0,0,0,0,1,0,0,0,3,1,1,69,253,252,26,0,2,0,0,0,1,0,0,0,1,0,0,0,0,1,0,0,1,0,0,0,0,1,3,73,253,255,25,2,0,0,0,2,0,3,1,3,1,0,2,0,1,0,0,1,0,0,3,0,0,0,0,138,255,254,27,0,0,2,0,0,2,3,3,0,0,0,0,2,4,0,1,0,0,1,3,0,0,0,1,195,254,255,25,0,0,0,1,2,0,0,0,3,0,3,0,2,0,2,0,0,0,0,1,0,0,0,2,195,255,253,25,0,0,2,0,2,0,0,2,0,3,0,1,1,1,0,0,0,0,1,0,0,0,1,0,195,254,235,20,0,3,1,0,0,1,2,1,0,2,2,0,0,0,0,2,1,1,0,2,0,1,4,0,194,254,158,1,0,0,0,1,0,1,1,1,2,0,2,0,4,0,0,2,2,0,0,0,0,1,0,0,194,254,153,0,4,0,3,0,0,0,1,0,0,0,2,3,0,1,2,0,2,1,0,1,0,0,1,19,212,254,155,0,0,0,0,0,0,0,2,0,0,0,0,0,0,0,3,2,0,0,0,1,0,3,4,56,254,252,55,0,0,1,1,0,0,2,0,0,0,0,2,3,0,1,0,1,2,1,0,0,2,1,0,117,255,252,34,0,1,3,1,0,2,1,0,1,2,1,0,0,0,0,0,4,0,0,2,0,0,2,3,181,251,171,2,1,0,1,0,0,1,1,0,2,2
3,0,0,0,1,2,0,0,0,2,0,4,2,0,0,0,0,0,0,0,2,0,1,0,2,0,0,0,0,0,1,1,0,0,0,0,0,0,0,2,0,3,1,2,0,0,0,3,0,0,0,2,1,0,0,2,2,0,0,1,1,0,0,0,0,0,0,0,1,1,2,0,0,2,0,1,3,1,0,1,0,0,0,0,1,0,1,0,0,0,0,0,2,1,0,1,1,0,0,1,2,2,2,0,0,1,4,0,0,0,0,0,0,0,1,0,7,0,0,1,0,0,0,0,0,2,0,3,0,0,2,0,4,3,0,2,0,0,1,1,1,1,0,0,1,0,0,1,0,0,0,1,0,2,4,0,0,0,0,1,0,2,0,0,0,0,1,0,0,2,0,0,0,0,0,1,0,2,1,1,0,0,0,1,2,2,1,0,0,0,2,2,0,0,0,0,0,0,3,0,1,1,0,2,0,0,41,47,130,153,153,151,148,235,50,0,1,0,0,0,3,0,0,2,0,0,0,1,0,0,2,68,103,198,243,255,253,251,254,253,254,251,84,0,0,0,1,0,2,1,0,5,2,2,2,2,1,62,235,250,255,255,253,233,217,119,114,188,254,255,83,0,0,0,0,0,0,3,1,1,0,2,0,0,0,85,215,231,170,149,66,26,0,2,1,134,255,255,83,0,1,0,2,1,0,0,0,0,0,0,0,0,4,1,12,17,1,2,0,0,0,0,1,232,252,250,76,3,0,0,2,0,0,0,0,1,0,0,0,2,0,2,1,1,0,0,1,0,0,0,0,241,254,230,2,0,2,0,0,0,0,1,0,0,0,1,0,1,0,0,2,1,2,0,4,2,0,0,0,237,254,233,1,0,0,1,0,0,0,0,2,0,0,1,4,2,1,0,1,1,0,2,0,0,1,0,1,236,254,167,0,0,1,3,1,0,1,0,0,1,0,0,0,0,0,0,1,0,0,1,2,0,0,2,2,240,255,131,3,0,0,0,0,1,0,1,1,1,0,2,0,1,0,0,0,1,0,1,1,2,2,0,110,255,253,65,0,0,0,1,1,0,0,0,1,0,3,3,0,4,2,1,1,1,0,0,1,1,1,23,219,253,226,16,0,0,1,0,0,0,1,0,0,1,0,0,0,0,1,0,0,0,0,2,1,0,0,41,255,254,119,0,0,2,0,0,1,0,0,0,0,0,0,0,1,2,0,0,0,0,2,0,0,0,2,120,250,251,73,3,0,1,0,0,0,1,2,1,0,0,0,1,0,1,0,2,4,0,0,0,0,0,0,157,254,237,34,1,2,1,1,1,0,4,0,2,0,2,0,0,0,0,0,0,0,0,2,0,1,0,31,252,255,192,0,0,0,0,1,0,0,0,2,0,1,0,0,1,3,0,2,1,1,0,0,1,1,0,101,254,254,70,0,0,0,1,0,0,0,3,0,1,0,0,1,2,1,0,0,0,3,0,0,0,0,0,127,255,252,17,0,4,0,1,0,0,1,0,0,1,0,0,0,2,3,0,1,0,0,0,1,0,1,4,203,255,212,11,0,4,0,3,0,0,0,0,1,1,2,1,0,0,2,0,2,0,0,0,5,0,0,54,254,254,169,0,0,0,0,1,1,0,0,1,0,0,0,3,2,1,0,0,1,0,0,0,0,0,0,51,255,241,59,1,1,1,0,0,0,2,0,0,2,0,0,0,1,0,1,0,0,3,3,0,1,0,0,0,0,0,0,0,1,3,0,0,0,1,0,0,2,1,0,2
0,0,0,1,3,0,0,1,2,2,3,0,2,3,0,0,0,0,1,0,1,4,2,0,0,4,0,0,0,0,0,0,1,0,0,1,0,0,4,2,1,0,0,0,1,2,0,2,0,2,3,0,0,0,1,1,0,0,1,2,0,0,0,2,0,0,0,0,2,0,0,1,2,0,0,1,0,2,0,0,1,0,0,0,4,0,0,0,1,0,1,0,0,0,0,0,1,0,0,0,0,2,0,1,0,0,1,1,2,0,0,2,0,0,0,0,3,0,0,0,0,0,0,0,0,0,2,1,0,0,1,0,0,0,2,0,1,2,0,2,1,0,1,0,0,4,0,0,0,0,1,132,235,219,52,0,0,1,3,1,3,3,0,0,0,0,1,1,0,0,0,0,0,0,0,3,0,0,60,251,252,253,187,1,0,0,0,0,2,0,0,2,3,2,0,1,1,0,0,1,1,0,1,2,2,10,213,245,125,214,252,53,2,2,5,1,0,0,1,1,0,0,0,0,0,2,0,0,3,2,0,0,1,170,251,158,2,115,255,179,73,0,0,0,0,1,0,1,5,0,1,0,3,0,0,1,0,0,0,2,1,220,255,50,1,12,252,255,244,17,1,2,0,0,0,1,0,0,0,0,0,0,2,0,0,0,0,0,2,218,253,52,0,8,252,252,255,48,0,0,0,0,1,0,1,1,0,0,0,2,0,1,1,3,0,2,2,219,254,53,1,6,220,255,253,19,0,0,0,2,0,0,2,0,0,1,0,3,0,2,0,3,0,0,0,115,253,96,1,2,176,255,202,5,1,0,0,0,3,0,1,0,2,0,0,0,0,0,0,0,0,0,0,40,250,245,175,130,230,252,183,1,0,0,0,1,0,0,2,0,0,3,0,0,0,0,1,0,1,2,0,1,148,255,253,253,252,252,158,0,0,0,2,1,0,0,0,1,0,0,0,0,1,1,1,0,0,0,1,1,0,71,125,142,86,254,204,5,0,2,2,0,0,0,2,0,1,0,2,0,0,1,0,2,1,0,1,1,1,0,0,0,0,255,252,17,2,0,0,2,0,0,0,1,1,1,0,0,0,4,0,0,0,1,0,1,0,0,0,0,0,254,253,99,1,0,0,0,0,0,1,0,0,0,0,0,2,1,4,0,3,2,3,0,1,0,0,0,0,205,254,151,0,0,3,2,0,1,2,0,0,1,3,0,0,1,1,0,1,0,0,0,0,2,0,3,0,163,252,192,0,0,0,0,4,0,0,0,0,0,0,0,1,0,2,0,0,0,0,0,0,3,1,0,0,92,253,201,6,0,0,2,1,3,0,3,2,0,3,1,3,0,1,2,0,1,0,1,0,0,4,0,0,19,245,255,97,2,2,1,0,0,3,0,0,0,1,1,3,1,2,0,0,0,1,0,0,0,0,0,0,0,209,253,150,2,6,2,1,0,3,4,1,1,3,2,0,0,1,0,2,0,3,1,0,1,2,0,4,2,124,254,252,145,167,2,1,0,2,0,2,0,0,1,0,5,0,0,0,2,4,1,1,0,2,1,0,0,23,209,255,252,190,0,1,0,0,0,0,0,0,0,0,0,0,0,0,1,0,0,0,0,0,2,0,0,2,0,0,0,0,0,1,0,0,0,1,0,0,0,2,3,0,0,1,0,1,0,0,2,2,2,0,0,0,0,1,0,0,0,1,0,0,0,2,0,0,1,2,1,0,2,2,0,0,0,0,2,4,0,0,0,0,1,0,0,1,2,1,0,0,2,2,0
0,1,0,0,1,2,0,0,0,0,4,0,1,0,1,1,1,0,6,0,0,0,0,0,2,2,0,2,0,3,0,0,2,4,2,0,0,0,0,2,1,0,1,4,0,0,1,0,1,0,0,0,0,0,0,0,0,2,0,1,1,0,0,0,0,1,0,0,0,0,0,0,0,0,0,0,0,0,0,0,0,0,0,0,0,1,0,0,0,0,2,0,0,3,0,0,0,3,1,0,2,0,2,0,0,0,0,0,2,2,0,1,0,2,0,0,2,0,2,1,0,0,0,2,13,218,251,236,55,0,0,0,4,0,1,3,0,0,0,1,0,0,0,0,1,0,0,1,1,2,2,0,100,251,250,254,172,3,0,0,0,0,2,1,1,0,0,1,2,0,0,0,4,0,2,1,1,0,0,0,121,254,250,253,168,0,0,0,0,3,0,3,1,1,0,0,2,0,1,1,2,0,0,1,0,0,0,0,15,227,253,253,170,0,2,0,0,0,3,0,1,0,0,2,0,0,0,4,0,0,0,0,0,0,0,0,0,168,249,253,81,0,0,0,3,1,1,0,0,3,0,0,2,2,1,1,0,0,1,2,1,0,0,0,0,168,253,253,64,0,0,0,4,1,0,3,0,0,0,0,0,0,2,1,0,0,0,0,1,3,0,0,6,197,251,254,64,3,0,0,2,0,2,1,0,0,0,0,0,2,1,3,1,2,0,3,0,3,0,0,25,252,252,250,63,4,1,0,0,2,0,0,0,4,2,0,0,0,0,0,0,0,2,0,0,1,4,0,17,254,252,255,64,0,0,0,0,0,0,1,0,3,1,3,0,0,0,0,2,0,0,2,0,1,2,2,23,251,252,253,63,0,0,1,0,2,0,1,0,0,2,0,1,1,0,0,2,1,0,0,0,0,0,0,21,253,251,255,65,1,0,1,1,2,0,0,0,0,0,3,0,1,0,0,0,2,0,0,0,0,1,1,56,251,253,254,62,2,1,0,0,0,3,2,0,0,0,0,2,0,0,1,0,1,0,1,0,0,3,3,126,252,250,255,64,1,2,0,0,0,2,0,2,0,2,0,0,0,0,0,0,1,0,0,0,0,0,2,129,255,251,250,61,3,3,0,0,3,1,0,0,0,2,0,1,0,2,1,2,0,0,0,0,2,1,0,124,250,254,252,65,2,0,1,1,0,2,1,0,0,2,0,4,0,0,1,0,0,0,2,1,0,0,0,109,251,254,253,81,0,2,4,2,1,0,0,1,0,0,6,0,0,0,3,1,0,0,0,4,0,1,0,22,252,254,255,231,17,0,0,0,0,1,0,0,0,1,0,0,3,1,2,0,0,1,1,0,2,0,0,23,253,252,253,250,19,2,0,2,0,0,0,0,0,0,2,1,0,3,0,1,0,0,0,0,0,3,2,18,231,253,251,199,8,0,0,2,2,1,1,0,0,0,0,1,0,3,2,0,1,0,2,2,3,0,1,0,100,233,192,52,0,1,2,2,0,0,0,3,0,1,1,2,2,0,0,0,0,0,2,2,0,1,0,0,0,1,0,2,1,0,0,0,0,0,0,0,0,0,2,0,0,0,0,1,0,0,1,0,0,0,1,0,0,0,0,0,0,0,0,0,0,0,4,0,0,1,0,0,1,3,1,0,2,1,1,2,0,0,0,0,0,3,0,0,0,1,1,0,1,0,0,1,0,0,0,0,0,0,3,0,0,0,1,1,1,2,0,0,0,0,0,2,2,0,0,2,3,0,0,0,0,0,0
0,4,0,0,0,2,0,2,3,3,0,0,1,2,1,0,0,3,1,0,1,0,1,1,0,1,0,0,0,0,1,3,0,0,0,1,0,0,3,0,2,0,0,1,0,1,0,2,0,0,1,1,0,0,0,3,0,0,0,1,1,0,0,0,0,0,0,1,0,0,2,1,0,0,0,0,0,4,1,0,0,0,0,0,0,2,0,0,0,0,0,0,1,0,1,1,0,1,1,0,1,0,1,0,0,0,0,0,0,0,0,0,0,2,0,1,1,2,0,0,0,0,0,1,1,1,63,186,255,136,17,1,0,0,0,0,4,1,0,1,0,1,3,0,0,0,1,2,2,0,2,1,12,186,246,253,252,252,198,25,0,1,1,0,0,1,0,0,0,0,0,1,0,0,0,0,0,0,0,14,181,251,251,161,201,253,253,51,1,0,0,0,0,0,0,0,0,3,3,0,0,3,0,0,3,1,0,153,252,246,99,0,110,253,250,165,0,0,0,3,1,0,1,0,3,1,0,1,0,0,1,1,0,20,165,237,254,134,3,0,110,253,255,153,3,1,0,0,0,2,2,0,0,0,0,0,0,2,0,2,17,175,255,254,254,109,0,0,135,252,251,53,0,0,0,3,6,0,0,0,0,0,1,1,2,0,0,2,77,255,253,253,252,105,24,105,249,253,254,56,3,0,0,0,2,0,0,0,3,0,0,1,0,1,0,3,79,251,255,255,166,143,208,255,255,251,253,146,29,5,0,1,0,0,1,0,0,0,3,0,0,4,1,0,79,250,250,254,254,255,255,255,255,255,254,254,254,78,0,4,2,0,6,0,0,0,0,4,0,0,1,2,39,225,254,252,255,252,254,255,195,120,159,251,253,82,0,0,0,0,0,0,0,1,0,2,3,0,0,2,1,68,255,250,255,255,255,136,8,0,0,140,254,83,0,0,0,0,0,0,2,0,1,0,0,0,2,0,1,69,254,253,251,191,78,4,0,2,0,197,251,84,0,0,3,4,0,0,1,2,4,0,0,0,0,1,0,117,252,255,179,12,0,0,0,2,31,218,254,78,5,0,3,1,0,2,0,3,1,1,2,0,0,0,26,218,252,216,13,0,0,0,1,0,196,254,251,78,0,2,0,0,2,0,0,2,1,0,0,2,1,4,80,253,252,213,0,0,0,2,30,68,224,255,243,60,0,0,0,2,1,0,0,0,4,3,0,3,2,0,80,255,253,211,3,3,2,51,141,250,253,236,83,0,4,0,0,4,1,2,2,0,0,0,0,0,2,2,173,255,252,212,5,116,174,252,255,255,240,84,2,2,0,0,0,0,0,2,0,1,1,0,2,0,1,0,130,250,253,241,168,253,253,254,252,228,87,2,0,1,0,0,0,0,2,0,0,0,1,2,0,0,2,0,77,244,251,254,252,250,253,184,105,9,4,0,0,0,0,2,0,1,0,0,1,0,1,3,0,1,0,0,0,37,149,254,255,246,119,60,0,0,0,1,0,2,2,1,0,2,1,0,1,0,0,1,0,0,0,3,3,1,0,0,0,0,0,0,0,0,1,0,0,0,1,1,4,0,3,0,0,0,0,2,0,2,0,0,0,0,3,0,0,0,0,0,5,0,0,1,1,3,0,0,0,0,0,0,3,0,0,1,0,0,0,2,1,2,0,1,0,2,0,0,3,0,1,1,0,1,0,2,0,1,0,2,1,0,1,2,0,0,0,0,0,1,0,0,1,1,0,0,0,0,0,2,2,0,2,1,2,0,1,0
4,1,0,0,0,2,2,0,0,0,0,2,0,0,1,0,4,0,2,0,0,0,0,1,0,0,2,4,0,1,0,0,0,0,2,0,1,0,1,0,4,0,4,2,2,0,0,1,0,0,0,1,2,2,0,1,0,2,0,0,0,3,0,1,0,0,0,0,2,3,0,0,1,2,0,1,0,3,0,0,3,0,2,0,0,1,0,0,3,0,0,2,4,0,0,0,0,0,0,1,0,0,0,0,1,0,0,3,0,0,1,0,1,0,1,0,0,2,1,0,2,0,0,0,1,9,193,119,7,0,0,4,0,3,3,0,0,1,1,1,4,0,3,0,0,0,0,1,0,0,0,0,0,15,250,250,136,0,0,0,0,0,0,0,7,1,0,2,3,0,1,2,0,0,0,0,0,0,0,2,3,65,251,253,144,3,0,0,1,1,0,0,0,3,2,0,1,1,2,1,0,2,0,2,1,0,0,2,0,147,254,250,146,0,2,2,0,3,1,0,0,3,0,3,0,0,1,0,0,0,0,0,1,0,1,1,0,148,255,255,146,0,3,0,3,2,3,0,0,0,0,0,1,1,1,2,0,1,1,2,0,1,2,0,1,146,251,254,145,2,4,0,0,0,1,0,0,1,2,0,1,1,0,0,0,0,0,0,2,5,0,0,7,161,253,253,145,0,3,0,0,0,0,0,0,0,2,0,1,0,0,0,2,0,2,0,0,2,0,1,24,253,253,255,213,18,0,2,0,2,0,0,2,1,0,0,0,2,1,0,0,3,0,2,0,1,0,0,27,253,253,250,251,26,0,2,1,0,0,1,1,0,0,2,0,0,0,0,1,0,0,3,0,2,0,0,27,255,251,252,253,28,0,0,0,0,0,3,0,0,1,0,1,0,0,0,0,0,1,0,1,0,2,0,29,255,255,251,254,28,0,0,2,0,0,0,1,2,1,0,0,1,0,0,2,3,0,0,0,2,1,0,28,251,252,252,250,29,1,3,0,4,0,2,2,1,1,0,0,0,0,2,1,0,1,0,0,0,0,0,16,215,251,252,159,0,2,2,1,1,0,1,0,1,1,2,0,1,5,0,0,0,4,0,2,0,0,0,26,238,251,252,147,1,2,0,0,0,1,0,0,2,1,0,0,0,0,3,1,2,1,0,0,0,0,0,28,252,254,254,147,0,0,1,0,0,0,0,0,0,0,1,2,0,0,1,5,1,2,2,1,0,1,0,25,248,253,253,141,1,0,3,2,2,2,3,0,1,0,0,0,0,1,3,0,0,0,0,0,0,0,0,31,249,252,252,161,4,0,0,2,0,0,0,0,1,0,0,0,1,1,2,0,0,0,1,0,1,3,0,25,239,253,252,250,25,2,0,0,1,0,0,1,2,0,0,2,1,0,2,0,3,0,0,3,0,2,0,0,147,254,250,182,11,2,0,0,1,0,0,2,0,0,0,0,0,2,0,0,0,0,0,0,0,1,1,0,70,191,123,8,0,0,0,0,3,2,1,0,1,0,2,3,2,0,2,0,0,1,2,0,2,0,0,0,0,0,1,0,0,0,1,0,0,0,0,4,0,0,2,0,1,0,0,3,0,0,0,0,0,0,2,0,0,0,1,0,0,0,1,0,0,0,0,0,0,3,0,1,1,0,0,0,0,2,1,0,0,0,1,0,0,1,2,1,0,0,0,0,0,0,1,1,0,0,2,0,0,0,3,1,0,0,2,0,0,0,2,0,0,0,0,0,1,0,3,0,0,0,0,2,0,1,0
0,0,1,0,0,1,0,0,3,3,1,2,2,0,0,0,1,0,0,0,0,0,0,1,0,0,2,2,4,0,0,3,2,0,3,0,0,1,2,0,1,2,0,1,0,0,0,1,2,0,1,1,0,1,0,0,0,2,2,1,0,0,1,0,3,0,2,3,0,0,0,1,0,1,0,0,0,3,3,0,0,3,0,1,0,0,1,1,0,1,0,1,0,0,1,0,1,0,4,1,1,0,3,0,0,2,0,0,0,1,0,3,1,0,3,0,0,0,0,0,2,0,155,231,107,1,0,0,0,0,1,0,0,1,0,0,1,0,2,0,0,0,2,0,0,0,0,0,0,107,254,255,248,165,142,146,126,29,0,1,0,0,0,0,2,2,0,1,0,0,0,1,0,0,0,4,145,244,244,160,253,253,220,214,250,236,139,12,1,3,1,0,3,0,0,0,2,0,0,3,0,0,2,113,255,206,40,31,230,189,0,1,70,221,252,214,50,4,0,0,0,0,0,0,0,4,0,2,0,4,1,218,246,42,0,2,48,32,2,0,0,9,151,252,255,84,0,0,0,0,0,2,0,0,0,2,0,0,0,219,235,3,0,0,0,1,0,0,0,2,0,65,229,234,51,1,1,0,1,0,0,0,0,0,1,1,2,167,245,66,0,1,0,0,0,0,0,0,0,0,143,253,142,2,2,1,0,1,0,0,2,0,1,0,0,62,211,207,99,4,3,1,0,2,1,0,0,2,13,225,247,46,3,0,0,1,1,0,0,2,0,0,1,1,70,251,250,199,121,37,4,1,3,4,0,1,15,187,238,30,0,0,2,2,0,0,0,0,0,0,1,0,1,84,188,251,252,253,201,91,38,0,9,124,229,250,149,0,2,0,0,2,2,0,0,1,0,4,3,1,0,0,2,22,89,196,255,255,254,250,255,251,230,131,15,0,0,0,2,0,1,0,0,0,3,0,2,0,41,118,207,201,233,242,255,197,247,253,246,122,15,2,0,1,0,1,0,0,2,3,1,0,1,2,3,111,242,241,190,126,117,37,36,3,54,221,251,161,0,0,3,1,0,2,0,0,2,0,0,0,0,0,25,213,199,38,1,1,0,2,0,0,0,35,226,251,77,0,0,1,4,0,0,0,1,1,2,0,4,0,57,248,144,0,1,6,0,0,0,0,0,0,101,252,206,4,0,0,1,0,1,1,1,0,0,0,0,0,15,203,207,22,0,3,1,2,1,0,0,2,0,179,255,17,1,0,1,1,0,0,2,1,0,0,0,0,0,70,238,207,41,0,3,1,0,1,0,0,121,247,189,8,2,2,0,0,0,0,0,0,1,0,0,0,0,0,75,243,241,114,33,1,0,9,38,126,246,225,48,2,0,0,0,0,1,2,0,0,0,1,1,0,1,1,0,103,241,253,243,201,132,216,252,255,229,43,1,0,1,3,1,1,0,1,2,0,0,1,2,3,0,2,1,0,22,125,161,202,253,254,233,116,17,1,4,0,0,3,0,4,3,0,2,0,1,1,0,0,0,0,1,3,0,2,2,1,0,1,0,1,5,0,0,0,3,1,2,0,3,0,0,0,0,0,0,2,4,0,0,4,0,0,0,0,1,1,1,0,0,3,0,0,4,0,0,0,0,0,0,0,0,1,0,0,1,1,3,0,2,4,0,0,0,0,1,1,0,0,1,0,0,2,0,0,0,3,0,0,1,2,0,0,1,1,0,0,0,0,0,0,0,0,1,0,2,1,0,2,1,0,0,2,0,1
0,1,1,3,0,0,0,0,1,0,1,0,2,0,4,4,0,3,0,0,0,5,0,1,0,2,1,0,1,0,4,0,0,3,0,2,0,0,1,1,1,1,0,0,1,2,1,2,2,2,0,1,1,0,2,3,0,1,3,0,0,0,0,2,0,3,0,2,0,2,0,0,0,0,0,0,1,3,0,0,1,1,1,0,0,3,0,0,1,0,0,0,3,0,0,0,0,0,0,0,0,4,0,0,3,0,0,1,2,0,0,1,0,2,3,0,2,0,0,0,2,3,0,0,0,0,0,0,0,0,1,0,0,2,1,3,0,0,3,1,1,3,3,1,0,4,0,0,0,0,3,0,0,0,0,0,0,2,0,0,0,0,0,0,0,0,0,3,0,0,3,0,1,3,0,0,0,0,0,88,114,63,54,23,15,0,0,0,3,0,0,0,1,2,2,0,0,0,0,0,4,0,2,2,0,16,170,233,255,253,253,254,236,134,84,0,0,0,0,0,5,0,1,0,0,0,3,1,0,1,0,0,0,129,254,135,90,215,201,236,254,255,252,186,120,0,0,1,0,0,0,1,0,0,2,1,0,2,0,0,166,253,130,6,0,13,3,17,53,109,193,255,250,89,1,2,0,0,1,4,3,1,3,0,0,0,0,83,253,166,8,0,0,0,0,0,3,1,6,76,255,246,79,0,0,0,0,0,1,0,0,0,0,1,84,231,226,13,2,6,1,0,1,0,0,0,0,0,97,244,219,52,1,1,1,0,1,0,0,0,0,46,255,252,66,0,0,1,0,0,0,0,0,1,1,2,0,98,241,187,0,0,0,0,1,2,3,4,0,114,251,184,0,1,0,0,0,2,0,0,3,0,0,1,0,0,206,250,0,0,1,4,2,0,0,1,31,244,233,13,0,0,0,1,0,0,4,0,0,2,1,0,0,5,208,253,0,0,0,1,2,6,0,0,69,254,163,2,0,0,0,0,0,0,0,0,0,0,0,1,0,146,250,253,1,1,3,1,2,0,1,0,220,253,46,0,0,1,0,0,0,0,0,0,0,1,2,23,130,244,255,137,0,0,0,0,0,0,2,0,252,209,3,0,1,0,0,1,1,0,1,2,0,3,23,188,255,253,235,54,0,0,0,2,0,4,0,0,208,207,1,0,0,2,0,2,0,0,0,10,6,83,209,250,253,234,59,0,3,2,3,0,0,0,0,0,164,239,65,0,0,0,0,0,1,54,103,210,205,226,170,253,193,15,1,2,2,2,0,0,3,2,0,0,70,254,242,162,69,154,161,161,221,253,253,251,254,254,214,96,1,0,0,0,0,1,0,2,4,2,1,0,9,74,115,113,119,111,113,113,113,112,117,119,115,95,13,2,1,0,0,0,1,0,0,0,0,1,0,0,0,0,1,0,0,1,1,0,0,0,0,0,0,1,0,0,2,1,0,1,1,0,2,1,0,2,0,2,0,0,0,0,0,0,2,0,1,1,0,0,1,0,2,0,0,1,0,0,1,1,1,1,0,0,2,0,0,0,2,1,0,1,2,0,0,0,0,0,4,2,0,0,0,0,1,3,0,0,1,1,2,0,0,0,0,0,0,1,0,0,0,3,0,0,0,3,2,1,0,0,0,0,0,0,0,0,1,0,3,0,1,2,0,0,3,0,0,0,0,3,0,0,1,0,2,1,0,0,1,0,0,0,1,1,0,0,0,0,0,4,1,0,0,0,0,0,0,0,1,0,2,0,0,1,0,1,0,0,2,2,0,0,4,0
1,0,0,0,0,1,1,2,0,1,0,2,0,1,0,1,3,1,0,2,0,1,0,0,0,4,0,0,0,4,0,1,6,0,0,1,0,0,1,1,0,6,0,0,0,0,5,0,0,1,1,0,0,0,0,2,0,0,0,0,1,0,0,0,4,1,0,3,0,1,1,0,0,0,1,0,0,0,0,1,1,0,0,1,1,0,4,2,3,0,1,0,0,3,0,3,0,0,1,2,0,0,0,1,2,0,1,1,0,0,0,0,0,0,2,2,0,0,0,0,2,0,0,0,1,2,0,0,0,0,1,0,1,0,0,1,0,0,1,0,0,0,0,0,0,0,0,0,0,56,162,123,120,123,124,120,169,210,22,0,0,0,1,1,1,0,0,0,0,0,0,0,0,47,155,242,242,244,253,250,254,254,254,252,249,253,182,0,0,0,1,0,1,0,0,1,1,1,1,0,0,71,245,254,254,253,237,158,212,254,252,254,252,254,140,1,2,0,0,0,0,0,0,1,0,0,1,2,1,0,35,153,65,69,74,1,20,81,255,255,252,142,8,0,0,1,0,3,2,0,2,0,0,0,1,0,1,2,0,0,0,1,0,6,146,231,254,254,142,8,2,0,1,0,0,1,5,1,0,2,0,0,0,0,0,0,2,3,0,0,0,59,253,254,255,145,9,0,1,2,0,0,1,0,0,0,0,3,0,0,1,0,3,0,0,2,0,0,27,229,254,251,150,3,1,2,0,2,3,0,0,0,1,1,0,2,0,1,1,1,0,0,0,0,0,3,50,255,253,254,87,33,19,2,0,0,2,3,0,0,0,2,0,0,0,3,2,0,1,1,0,0,1,0,165,253,253,252,255,252,214,36,4,1,0,0,1,0,0,1,1,4,0,0,1,0,2,1,0,2,4,0,42,251,255,253,252,253,254,252,124,0,2,0,1,1,0,0,0,0,4,2,0,1,0,0,2,0,4,0,0,4,0,0,0,0,121,236,253,155,34,0,0,0,0,3,0,0,0,1,1,2,0,0,0,1,1,0,0,3,0,0,0,3,0,12,199,252,134,1,0,0,0,0,0,0,1,2,1,1,0,0,0,0,0,1,0,4,1,1,0,0,0,2,80,255,225,37,2,2,0,0,1,2,0,2,0,0,3,1,0,3,0,2,0,1,1,0,2,0,3,2,12,152,255,95,0,0,0,2,1,2,0,0,0,4,1,2,2,0,0,1,2,1,1,0,0,2,1,0,0,59,255,200,1,1,3,0,0,0,0,2,0,0,1,4,0,1,2,0,0,0,0,0,0,3,2,0,0,84,252,224,0,3,0,0,0,0,1,0,0,0,0,0,0,0,1,0,24,1,2,0,2,0,1,0,51,232,251,229,3,0,0,0,0,0,0,3,0,0,3,3,0,136,159,159,209,162,159,91,24,32,28,28,87,253,250,131,0,1,1,0,3,0,2,2,1,1,0,0,1,200,240,238,170,242,252,254,254,254,250,253,254,249,130,2,0,0,1,2,0,0,1,4,3,0,0,0,0,0,0,1,1,14,123,189,185,252,251,254,217,95,3,0,0,3,0,0,0,0,0,0,3,1,0,0,1,0,2,0,1,0,0,6,0,1,4,0,0,1,2,0,0,0,2,0,0,1,1,3,1,0,2,2,0,0,0,0,0,0,0,0,2,1,0,1,0,0,1,0,0,3,0,0,2,1,0,1,1,2,0,0,0,2,0,0,0,0,0,1,1,0,0,0,0,1,1,0,1,4,0,0,0,2
0,3,1,0,0,0,0,0,0,1,3,1,1,3,0,0,0,0,0,0,0,4,0,0,0,0,0,0,2,1,0,0,1,0,5,3,0,2,0,2,2,1,0,0,1,0,5,0,0,2,0,0,0,0,0,0,1,2,0,0,1,0,2,1,0,1,0,0,0,0,3,0,0,0,2,1,3,2,0,1,1,0,1,0,0,0,0,3,1,0,2,2,1,1,1,3,1,0,5,0,3,0,1,0,1,0,1,0,0,0,0,0,1,0,2,0,3,0,2,0,0,0,2,3,80,216,213,47,0,0,0,2,2,0,0,0,1,2,3,0,2,1,1,0,0,0,2,0,1,0,0,156,245,255,255,243,119,0,0,0,0,0,1,0,0,2,1,0,1,1,0,1,1,0,0,0,0,0,81,250,253,253,253,255,241,3,0,1,0,0,0,0,3,2,0,0,0,1,0,0,1,0,1,0,0,31,246,253,252,253,246,247,235,20,10,0,0,3,3,0,4,0,0,0,0,1,0,0,0,3,1,0,0,100,254,250,254,189,48,74,73,255,216,50,2,1,0,0,1,0,0,0,2,0,1,3,0,0,0,1,10,182,254,253,195,13,1,0,16,253,254,173,5,0,0,2,0,0,0,2,0,3,1,3,1,0,0,1,109,255,255,192,18,0,3,2,1,157,255,255,94,1,0,0,0,1,0,1,0,0,2,0,0,0,0,13,220,253,255,20,0,0,1,1,0,72,252,253,121,3,1,1,1,3,0,6,0,1,0,0,4,0,0,101,255,255,151,4,0,0,0,0,0,72,254,255,158,2,2,3,1,0,0,0,2,0,3,0,0,0,0,179,255,226,5,0,0,0,0,1,0,73,252,255,241,38,0,2,2,2,0,2,1,0,0,1,0,0,26,236,255,141,1,0,2,0,0,3,0,70,253,253,252,65,1,2,0,0,0,0,0,0,0,0,0,2,163,252,254,24,2,0,0,0,0,1,0,92,253,253,255,64,0,0,0,0,1,0,1,0,1,3,0,0,122,249,226,17,0,3,0,0,2,0,0,56,244,253,252,109,3,0,2,3,0,0,0,0,1,0,0,0,65,255,251,93,1,0,0,1,1,0,0,116,244,255,255,99,0,0,2,0,1,0,0,1,0,0,0,0,35,190,252,136,1,0,0,1,1,0,21,212,255,254,222,5,1,0,0,1,0,0,0,0,0,2,0,0,0,120,255,245,48,2,0,4,2,104,216,252,255,255,218,2,1,2,2,0,0,0,0,0,3,1,0,1,0,59,209,252,243,124,75,159,235,255,253,255,253,245,109,0,0,0,0,0,0,0,1,0,1,0,0,0,2,0,99,253,255,254,253,254,255,253,255,250,207,74,0,0,1,0,0,1,3,0,0,0,1,0,0,0,2,1,0,149,239,255,254,250,255,254,250,142,57,0,0,2,0,1,1,0,0,0,1,0,0,1,2,1,1,0,1,0,115,194,230,235,156,151,105,0,0,0,0,0,0,2,1,0,1,0,1,1,0,2,0,1,0,1,0,0,0,4,0,0,4,0,0,1,0,0,1,1,1,0,3,3,1,1,2,0,2,0,0,0,0,2,0,0,3,3,0,1,0,0,0,2,0,0,5,1,0,0,0,0,1,0,4,1,2,0,1,0,1,3,0,1,2,1,2,1,0,0,0,0,0,0,1,0,0,3,2,0,1,0,3,1,0,0,1,0,4,0,0,1,0,0,1,1,0,0,0,0,0,0,0,1,1,0,3,0,3,0
0,0,0,2,0,0,0,2,2,0,0,0,0,2,0,0,2,0,1,1,0,0,3,0,1,1,3,0,3,0,1,0,0,1,1,0,0,1,1,2,0,0,0,0,1,3,1,0,0,0,0,0,0,1,2,0,2,1,0,0,0,0,1,0,0,0,1,3,0,0,0,0,0,1,1,0,0,0,0,0,0,0,0,0,0,3,0,0,0,0,0,1,0,0,0,0,0,0,0,0,1,0,0,0,0,0,1,0,1,2,0,0,0,0,0,0,0,0,3,2,1,0,1,0,2,1,0,0,3,0,2,0,0,0,3,0,0,3,0,0,0,0,0,0,1,1,0,0,0,2,0,0,0,20,174,163,0,0,0,0,2,0,0,1,3,3,0,0,1,3,0,0,0,1,0,0,0,4,3,0,0,58,254,219,0,0,0,2,0,3,1,2,0,3,2,0,0,0,0,0,0,1,4,0,0,0,0,0,2,109,254,249,42,4,0,2,3,5,0,0,2,0,0,0,0,0,0,1,1,1,0,4,0,0,2,0,2,149,255,225,1,0,2,1,1,0,0,0,3,3,1,0,0,0,0,0,0,0,0,2,2,0,0,0,1,145,253,225,1,0,0,1,1,1,0,0,1,0,0,0,0,2,0,1,0,0,3,0,1,0,4,0,0,147,255,220,2,0,2,0,0,0,0,0,0,0,1,1,3,3,0,0,2,1,0,3,2,0,4,0,1,146,254,224,0,2,1,0,0,0,2,0,0,2,0,0,4,0,1,0,0,0,0,0,2,1,2,4,0,148,253,224,0,2,1,0,0,0,1,0,2,0,0,2,0,3,0,0,0,0,1,0,0,0,1,4,2,151,255,226,1,1,0,0,0,0,0,0,0,0,1,0,1,0,1,2,1,0,1,0,0,0,2,0,0,147,253,226,0,0,0,0,1,0,0,0,2,0,1,4,0,0,0,0,1,0,0,0,0,2,0,0,1,138,253,225,0,0,0,0,1,0,1,3,0,0,0,0,0,0,0,0,0,2,1,1,0,1,7,4,2,57,255,223,0,0,1,0,0,3,0,0,0,1,3,1,0,0,2,0,3,0,2,0,0,1,0,0,0,56,254,225,1,0,3,1,0,1,0,0,0,0,2,3,1,5,0,2,0,0,1,0,0,0,1,1,0,61,255,222,0,1,0,0,2,1,1,1,0,0,0,0,0,1,0,0,3,0,2,0,0,1,3,0,0,58,255,241,37,0,1,2,0,2,0,0,0,1,2,1,2,0,2,0,1,0,4,0,0,0,2,0,2,58,255,241,38,0,0,0,0,0,1,0,0,0,1,0,0,0,2,3,1,0,0,2,0,0,1,0,1,38,244,255,105,0,3,3,3,1,0,0,1,0,0,0,0,1,0,0,0,0,5,1,1,3,5,2,0,53,250,254,148,0,1,3,0,0,2,1,0,0,2,0,0,1,0,1,2,0,3,1,3,0,5,0,3,0,189,253,145,0,0,0,1,0,1,0,1,0,2,0,0,1,0,1,0,0,3,0,0,0,0,4,0,0,88,196,65,0,2,2,1,0,0,0,0,2,0,0,0,2,0,2,0,1,1,0,2,0,3,0,0,0,0,0,0,0,0,2,0,0,0,0,1,2,0,1,0,1,2,1,0,0,0,0,4,1,0,0,2,0,0,0,0,0,0,0,0,0,1,0,1,2,0,0,0,2,0,1,0,0,0,0,3,0,3,0,2,1,0,0,2,0,0,2,1,0,1,0,1,0,2,0
0,3,2,1,0,1,3,0,0,4,0,1,0,0,0,0,0,0,0,2,1,0,0,0,0,3,0,0,5,0,2,0,1,0,0,5,0,0,0,2,0,1,0,0,0,0,0,0,1,1,1,1,0,3,0,0,0,2,2,2,0,1,0,0,2,0,0,0,0,0,0,0,0,0,0,0,0,0,0,1,2,0,1,2,1,0,0,0,0,0,0,3,0,0,2,0,1,0,1,3,1,1,0,1,1,0,1,1,1,0,0,2,0,0,0,0,0,3,2,3,0,0,2,0,0,0,0,4,0,0,0,0,1,1,1,0,0,3,3,1,3,0,0,0,2,3,1,0,0,0,0,2,0,0,1,2,2,0,1,3,2,0,0,0,0,0,0,0,0,1,0,0,1,0,0,0,1,1,0,0,77,114,255,255,252,255,251,63,0,1,0,1,1,0,0,1,2,1,0,0,1,0,0,2,0,40,131,221,246,252,250,253,252,252,255,243,71,1,0,1,3,0,0,0,0,0,0,0,0,0,1,3,30,222,252,252,251,253,194,198,198,198,225,254,164,1,0,3,0,0,1,0,2,3,0,0,0,0,0,113,215,252,243,193,83,87,0,0,0,0,142,253,176,7,0,0,0,0,0,0,0,0,3,0,0,0,0,170,253,250,88,1,0,1,0,0,0,0,138,253,254,57,0,0,0,0,1,1,0,0,3,0,0,0,25,207,252,78,0,0,0,0,1,0,0,168,252,255,169,0,0,1,0,2,1,1,1,0,0,2,1,0,55,253,252,0,0,0,1,0,0,24,115,241,250,213,32,2,1,3,1,0,1,0,0,0,0,0,0,0,54,250,253,0,0,0,0,0,28,122,254,252,255,31,0,0,0,0,2,3,1,2,3,0,1,1,0,1,17,194,255,107,18,0,4,32,208,255,255,251,144,0,2,1,0,0,0,0,1,0,3,0,0,0,0,0,1,170,253,253,215,140,155,252,253,254,250,142,0,0,1,2,0,3,2,2,0,0,1,0,0,0,1,1,0,18,202,254,253,251,250,251,253,255,253,89,0,0,0,0,3,0,1,0,1,1,1,3,0,3,0,0,0,2,14,168,165,185,194,169,204,255,250,86,3,1,0,1,0,0,4,0,0,0,1,2,0,4,1,0,0,0,0,2,0,9,18,0,114,250,252,85,0,3,3,0,0,0,2,2,4,0,0,0,1,0,0,0,0,0,2,0,0,0,0,1,129,249,217,26,0,3,2,0,0,0,3,0,4,1,0,4,0,0,3,0,0,1,1,0,0,3,1,3,255,251,194,0,0,0,0,0,1,0,2,0,1,0,0,2,1,0,0,0,0,0,0,0,0,0,0,0,255,253,56,0,2,0,1,3,0,0,4,0,0,0,2,2,1,0,2,0,2,0,0,1,0,0,0,45,249,251,125,153,4,0,2,0,3,0,0,2,0,0,1,0,0,0,2,0,1,0,1,0,0,0,5,164,255,252,252,113,2,1,1,1,0,0,1,0,2,0,0,1,1,0,0,1,0,0,0,1,1,0,28,255,254,243,114,27,0,0,1,1,1,0,0,0,0,0,0,0,0,1,3,0,0,0,0,0,0,1,11,190,188,73,0,0,0,0,0,0,0,0,0,2,0,0,0,0,0,0,2,2,0,0,1,0,1,0,0,0,2,4,1,0,1,0,3,0,1,0,3,0,0,1,0,2,0,0,0,0,0,0,0,0,1,1,0,0,0,0,0,1,0,0,0,1,0,0,1,0,2,0
2,1,1,3,0,0,0,0,1,6,0,3,0,0,0,1,1,0,0,3,2,1,1,2,0,0,2,1,0,0,0,0,1,0,0,0,0,2,4,0,2,0,0,0,0,1,0,2,4,0,1,2,0,1,0,4,0,1,1,2,2,2,0,0,2,0,0,0,0,2,1,0,0,1,0,0,0,1,5,1,2,0,0,2,0,0,0,0,2,0,1,3,0,0,0,0,0,1,0,0,0,0,0,2,0,0,1,0,3,2,2,2,2,0,1,0,1,0,1,2,0,0,0,1,0,3,1,0,0,0,0,0,4,1,1,0,1,1,0,0,0,3,0,0,0,0,0,1,0,0,1,1,0,0,0,1,3,3,1,3,2,1,3,1,2,0,1,0,2,0,0,0,0,1,1,0,1,66,86,164,227,228,159,162,86,0,0,0,0,0,1,0,2,2,0,0,0,0,0,0,1,0,4,71,173,249,251,250,252,251,255,251,253,205,22,0,0,0,0,2,3,0,2,1,0,0,1,0,0,1,107,244,252,252,252,255,253,244,217,224,253,253,209,10,0,0,0,1,0,0,0,1,0,1,0,0,0,2,206,253,255,242,123,140,54,41,1,6,171,250,254,24,0,0,0,0,3,0,0,0,0,2,2,1,0,166,254,251,196,36,2,3,1,0,0,2,142,252,254,139,0,0,0,0,1,0,3,0,0,3,0,0,1,220,252,253,67,3,0,3,0,0,1,36,253,255,255,215,8,0,0,0,2,0,0,0,4,0,0,0,0,115,253,168,0,0,0,1,0,0,15,115,252,253,255,255,37,0,0,3,0,0,0,1,1,0,2,4,2,21,227,206,0,0,0,0,0,2,114,253,249,255,254,252,39,4,1,0,1,2,2,0,0,0,1,0,0,0,151,246,117,2,0,0,0,63,253,249,255,246,254,251,44,3,0,0,0,4,0,0,0,0,0,2,1,0,0,117,255,132,10,0,33,231,253,253,241,109,254,251,126,0,0,1,1,2,0,0,4,0,0,0,2,1,3,0,121,247,254,250,252,255,255,255,153,95,255,253,124,0,0,0,0,2,1,3,0,3,3,3,0,1,0,0,0,90,227,253,251,252,253,180,3,58,252,254,130,6,0,1,0,2,2,1,1,0,1,1,0,0,0,2,0,3,16,76,127,125,74,6,0,91,254,252,81,0,0,0,1,0,1,0,0,0,0,0,0,0,0,0,0,1,0,0,0,3,3,0,1,101,251,251,108,0,0,1,0,2,1,0,0,0,0,0,0,0,0,0,1,1,2,0,0,0,1,0,14,227,254,252,95,0,1,0,0,0,0,1,1,0,0,5,2,0,1,0,0,0,0,0,0,1,0,2,41,255,255,255,37,0,2,0,0,1,0,2,0,4,0,0,2,1,0,0,2,0,0,1,3,2,1,53,107,252,255,202,3,0,2,4,0,0,0,0,1,1,2,1,0,0,0,0,0,2,1,4,1,0,0,120,230,252,254,197,0,0,0,1,1,0,0,0,0,3,0,0,0,0,0,2,1,0,2,2,1,0,0,58,251,254,254,161,0,3,0,0,0,0,0,5,0,4,2,1,2,0,0,0,0,1,0,1,0,2,0,10,117,255,255,41,0,0,0,0,0,3,0,1,1,1,4,1,3,1,1,0,1,0,0,0,1,0,0,0,0,0,0,0,0,0,1,3,1,0,0,0,0,0,1,0,0,0,4,5,0,0,4,1,1,1,0,0,1,0,2,1,1,3,0,0,0,0,0,0
1,1,1,3,0,0,1,0,0,0,2,2,2,0,3,2,1,0,0,1,0,0,0,2,0,0,0,0,2,0,0,0,0,1,0,0,0,3,0,0,0,0,0,2,2,1,0,2,1,0,0,0,0,2,0,0,0,1,0,0,0,2,0,0,0,2,0,1,0,0,1,2,0,1,1,3,0,2,3,0,0,0,2,3,0,0,0,0,0,0,0,0,1,0,3,2,0,3,0,3,2,0,0,0,0,0,0,0,0,0,0,2,2,0,0,3,4,1,2,0,4,1,1,0,0,2,2,0,1,5,1,2,0,4,0,0,0,2,2,3,2,1,0,0,1,2,0,0,1,2,0,2,1,3,0,0,0,2,0,1,1,0,0,0,0,1,0,0,4,0,1,0,0,1,0,3,0,0,91,252,214,29,0,0,0,1,0,0,1,1,2,0,0,1,0,0,0,0,0,0,1,0,1,1,0,26,233,252,255,126,0,1,0,0,0,1,21,76,3,0,0,0,0,0,0,2,0,0,0,0,0,1,0,173,255,252,213,28,2,1,1,0,1,165,228,254,4,0,3,0,0,4,2,1,0,3,0,0,3,0,9,201,254,252,148,1,1,0,0,0,164,253,244,78,1,1,0,1,0,0,2,0,0,0,0,3,1,0,74,250,253,238,43,1,0,0,2,23,220,253,189,3,0,0,0,0,2,0,0,2,0,0,0,0,2,4,156,254,255,147,0,0,1,0,0,111,253,251,140,1,1,0,0,2,3,0,0,0,0,0,0,3,0,5,253,255,224,0,0,0,1,2,0,167,254,253,79,0,0,1,1,2,1,0,0,0,1,0,0,0,2,8,251,252,135,2,2,1,0,0,15,235,253,243,52,0,0,1,0,0,0,0,0,1,0,2,3,1,0,5,254,253,134,0,0,1,12,55,181,252,252,174,2,2,0,0,1,3,0,0,0,0,2,1,0,0,0,7,253,255,211,163,81,151,225,252,255,252,254,120,0,1,0,0,1,0,1,0,0,1,0,0,0,0,0,5,215,253,250,252,255,251,251,255,255,255,254,120,1,0,2,1,0,0,0,0,2,1,0,2,0,0,2,0,12,177,243,252,250,231,163,84,240,253,253,67,2,0,0,0,0,1,0,1,0,2,0,2,0,2,2,2,0,0,43,85,87,9,0,25,242,255,254,14,1,1,2,0,2,2,2,0,0,0,1,0,1,0,0,3,0,3,1,0,0,0,0,93,252,253,175,0,0,0,0,5,0,0,0,0,0,3,0,2,0,0,0,0,0,4,0,0,0,2,1,94,252,254,102,1,0,0,0,0,0,1,3,3,1,0,0,0,0,1,0,0,3,0,5,3,0,0,0,92,253,251,47,0,1,0,0,0,0,2,0,5,0,1,0,0,0,1,0,0,1,2,0,0,0,0,0,97,255,253,48,2,0,1,0,0,1,0,0,2,1,0,4,0,1,0,2,0,0,0,3,0,0,2,1,96,251,253,45,1,0,0,0,2,0,0,4,3,0,0,0,0,0,3,0,3,0,0,2,0,4,0,0,30,246,253,191,6,0,2,1,1,0,0,0,0,0,0,0,0,0,3,2,0,0,1,0,0,3,0,1,1,90,216,165,6,0,0,4,1,0,0,0,2,0,0,0,4,2,0,1,3,3,2,2,0,5,0,0,4,3,0,0,0,2,0,1,1,1,0,0,0,0,3,0,1,1,4,0,0,0,0,0,2,0,2,1,2,0,2,1,0,0,1,0,1,2,0,2,2
0,0,0,0,0,0,0,5,0,2,0,0,1,0,0,0,1,0,0,0,0,0,0,0,0,0,0,2,2,1,2,0,1,0,0,0,0,0,3,3,1,4,1,0,0,0,5,1,0,1,0,0,1,1,0,0,0,0,1,0,3,2,0,1,1,0,1,1,0,1,0,0,2,3,0,0,0,0,0,0,4,1,0,2,0,2,0,0,2,1,3,0,0,1,1,2,2,0,0,0,0,4,0,0,1,3,0,3,0,0,0,0,1,0,1,1,1,1,0,2,0,2,0,1,2,2,210,251,128,3,0,0,0,0,0,1,0,0,0,1,0,1,1,2,2,4,6,0,2,0,0,0,0,30,237,255,249,0,1,1,0,0,3,0,0,0,0,1,0,2,3,0,0,0,0,0,2,0,3,0,0,44,254,253,251,0,0,2,1,0,0,0,0,1,0,0,0,0,2,0,1,0,2,3,0,2,4,2,1,43,255,252,207,1,0,0,1,2,0,0,0,0,0,2,0,2,2,3,0,0,0,0,1,2,3,1,0,109,253,253,193,0,2,0,0,2,0,0,0,1,0,0,0,2,0,0,0,2,0,1,0,4,0,0,0,51,255,255,230,0,0,1,0,0,0,0,0,0,0,0,0,1,0,0,0,1,0,1,2,2,0,1,0,134,254,255,252,2,0,0,0,1,0,1,0,0,0,0,0,0,2,0,0,0,0,0,2,0,1,0,0,159,254,251,163,3,0,2,0,2,1,0,0,1,2,0,2,4,1,0,0,0,0,0,5,0,0,2,1,225,255,255,111,0,1,1,0,0,3,0,2,0,1,2,0,0,0,1,0,0,0,2,1,1,0,1,20,236,254,249,59,2,0,0,1,0,0,0,0,0,1,0,0,3,3,0,0,0,0,1,1,1,0,1,49,249,255,238,0,0,0,0,0,0,0,0,3,1,0,0,0,1,2,1,0,1,0,0,0,3,1,1,60,253,252,238,0,0,0,3,0,0,0,1,3,0,4,1,0,3,1,1,0,0,0,0,0,2,0,1,124,253,254,168,3,0,0,2,0,0,1,2,0,0,0,0,2,1,1,0,0,1,0,1,1,0,2,0,177,255,246,69,0,0,0,2,0,0,3,0,0,1,0,2,0,0,2,0,0,0,2,0,0,1,0,18,241,255,222,0,1,0,0,1,3,0,0,1,0,3,0,2,0,3,4,1,0,0,0,2,0,3,3,74,255,255,225,0,0,0,3,1,1,0,0,0,0,3,1,1,4,0,0,0,1,0,0,0,0,0,1,77,252,255,209,3,0,0,0,0,0,0,0,3,0,1,1,2,0,0,5,0,1,2,0,1,1,3,0,82,255,251,123,0,0,3,0,1,0,3,0,1,1,1,0,2,2,0,0,0,0,2,2,1,0,2,2,194,255,253,82,1,1,0,0,0,2,0,1,1,0,2,3,0,0,0,1,4,0,0,0,0,3,3,0,161,254,254,137,0,0,0,1,0,0,1,0,0,0,0,0,0,2,0,0,0,2,3,0,1,1,3,0,1,5,2,0,0,2,3,0,0,1,0,0,3,0,0,0,0,0,0,1,0,3,0,0,3,0,2,0,0,2,0,3,0,0,0,0,0,1,0,0,4,0,0,3,0,0,0,0,0,1,0,0,1,0,0,0,0,1,0,0,0,0,0,0,0,0,0,0,1,1,0,2,0,1,0,0,1,0,0,0,0,2,2,0,1,0,0,0,1,1,1,0,0,1,0,1,0,0,3,4,1
0,2,0,1,0,0,1,0,1,3,0,0,0,2,0,0,0,0,0,2,0,0,0,0,0,0,0,0,0,0,3,2,0,3,0,0,0,0,0,2,2,0,3,0,1,0,1,1,4,2,0,0,0,0,0,0,0,2,1,0,0,0,0,1,0,0,0,0,2,0,1,0,1,0,0,3,0,0,1,0,4,3,0,0,0,0,0,0,0,0,0,0,0,1,2,1,0,0,0,0,1,1,0,0,0,0,1,0,4,0,0,0,0,0,0,0,1,0,2,0,0,0,1,0,1,0,0,0,5,0,0,0,0,0,2,1,0,0,0,0,0,3,0,1,0,0,2,1,0,0,4,0,105,162,253,255,158,97,0,0,1,4,0,3,0,0,0,2,2,0,0,4,0,0,3,3,0,52,118,232,253,255,253,255,254,254,134,0,0,0,0,1,1,0,0,1,0,0,0,0,0,0,2,0,165,244,255,252,252,252,254,251,250,252,205,1,1,1,2,2,0,0,0,0,0,4,3,1,1,1,1,0,240,253,255,252,215,148,149,179,254,255,206,0,0,0,0,3,1,1,0,0,0,0,5,0,1,1,0,0,241,255,254,251,101,0,2,67,254,252,208,1,3,0,0,4,0,1,0,0,3,0,0,0,0,1,0,2,241,253,254,254,239,87,0,43,231,253,157,0,0,1,2,5,0,0,1,4,0,0,0,0,1,0,1,0,92,204,253,254,251,240,111,20,30,39,28,84,168,215,128,0,1,0,0,1,3,1,1,2,1,4,0,0,0,74,173,244,255,252,254,183,78,171,213,254,253,252,247,55,0,2,0,0,2,0,0,0,4,0,0,0,1,0,0,91,238,255,253,255,252,250,253,252,253,248,168,4,2,1,1,1,1,1,0,0,0,6,1,2,0,2,1,0,115,250,254,253,250,248,253,244,172,50,1,0,1,0,0,0,0,0,0,0,0,1,0,3,0,0,1,3,119,253,250,252,255,255,189,51,1,1,0,2,3,2,0,0,0,1,0,3,0,1,0,0,1,2,0,161,245,255,252,252,255,252,79,3,0,1,1,1,0,0,0,0,1,0,0,0,0,0,0,0,0,0,0,151,253,250,242,245,252,253,168,0,1,0,0,0,0,1,0,0,1,0,0,1,0,1,0,0,1,0,1,221,255,253,162,199,253,253,206,1,0,0,0,1,0,2,0,2,0,0,0,0,0,3,2,0,3,1,0,222,254,204,29,206,252,250,194,0,0,1,1,0,0,0,0,1,0,1,1,1,0,0,0,3,0,1,64,243,253,165,86,250,252,247,69,0,0,0,2,0,0,0,0,3,0,0,0,0,1,2,0,0,2,0,43,235,252,169,232,250,255,202,3,2,1,0,0,2,0,4,0,1,0,0,0,0,2,1,0,0,0,1,0,217,252,253,255,252,252,122,3,0,2,0,1,2,0,1,2,0,0,0,1,1,0,2,1,0,0,0,0,90,254,252,255,255,123,0,0,2,0,0,0,2,1,0,1,0,1,2,2,3,1,0,0,0,3,0,0,43,168,252,253,154,30,1,0,0,0,0,0,2,0,2,0,0,0,0,0,0,0,1,4,1,0,3,0,0,0,0,1,1,0,1,0,1,2,0,1,1,0,0,0,0,2,0,0,2,0,1,0,0,0,0,0,1,2,0,0,2,0,0,0,0,0,1,0,0,0,1,0,2,0,2,0,0,2,0,0,1,1,0,0,2,1,0,0,0,0,0,0,2,0,0,0,3,0,1,0,3
1,0,0,0,0,1,0,3,2,3,0,3,0,2,0,3,1,3,1,0,0,0,2,0,0,1,1,0,1,0,0,0,0,1,2,2,1,0,0,0,0,3,0,1,1,0,2,1,0,4,2,1,0,1,2,1,1,1,2,0,0,2,0,3,0,4,0,2,0,0,0,0,0,0,1,0,0,2,2,3,2,1,0,0,0,5,0,2,0,0,0,0,0,0,0,0,0,1,0,0,0,1,0,0,0,0,2,0,4,0,0,0,0,2,0,2,0,0,0,1,2,0,1,0,128,192,255,252,255,130,0,0,0,2,3,0,3,1,0,1,1,0,0,0,0,0,0,0,0,0,192,255,255,255,255,255,255,255,65,2,0,0,0,3,3,0,2,1,0,0,0,0,0,0,2,1,62,254,255,255,255,255,255,194,254,255,132,0,1,4,1,1,0,0,1,5,0,2,1,2,0,0,0,62,255,255,255,255,65,4,1,0,64,194,253,63,0,0,0,2,2,0,0,0,1,0,0,2,0,0,0,131,254,255,124,2,0,0,0,0,0,66,255,253,1,0,1,2,1,0,1,1,0,2,1,1,0,0,68,254,255,67,0,0,1,2,4,2,0,0,253,253,0,0,0,3,0,2,0,2,4,1,0,1,0,2,127,255,64,0,0,1,2,0,0,0,0,0,252,252,0,1,3,1,0,1,1,0,1,0,0,3,3,1,129,252,0,0,0,1,0,0,0,0,2,128,255,190,0,0,0,0,0,0,1,0,0,2,0,0,1,1,65,255,128,0,0,1,0,0,0,0,0,191,255,127,0,1,1,0,1,0,3,1,0,1,1,0,1,0,1,124,196,0,1,0,0,3,0,0,0,252,253,63,0,0,1,3,1,1,0,2,0,0,0,0,0,0,0,0,2,0,0,0,1,0,3,0,61,254,191,1,0,0,4,0,1,3,3,1,1,0,0,0,3,1,0,2,1,1,0,2,1,66,127,189,255,253,126,3,3,0,0,4,0,0,0,0,1,0,0,2,1,2,0,1,0,0,65,127,255,255,255,255,255,254,61,2,0,3,2,0,0,2,0,1,0,1,1,3,2,4,0,0,0,124,255,253,255,255,255,254,255,255,192,130,0,2,0,0,0,1,2,0,0,2,1,1,0,0,1,1,0,254,255,255,252,255,252,255,255,255,255,253,3,0,3,4,0,1,1,0,1,2,2,2,0,1,2,1,128,255,191,0,63,255,253,190,1,3,255,253,255,128,125,0,1,0,0,0,2,0,1,0,0,0,1,0,252,255,190,130,254,255,255,64,0,1,0,190,252,255,191,1,0,0,1,2,0,0,0,0,0,0,1,0,190,254,255,255,252,253,62,0,0,1,0,2,1,1,0,3,0,1,3,1,1,0,1,1,2,0,0,0,63,253,255,252,255,62,1,0,1,2,0,3,0,4,1,2,4,0,0,0,0,2,0,0,0,1,0,0,0,188,255,255,65,0,0,0,1,0,1,0,0,0,4,1,2,0,1,0,0,1,0,0,1,2,0,1,0,3,0,1,0,0,0,3,1,0,0,4,1,0,0,1,0,0,2,0,0,0,0,0,0,4,0,0,4,0,1,0,1,0,2,0,1,1,0,0,0,2,0,0,0,0,0,0,0,0,0,0,0,0,2,2,0,0,0,1,0,0,0,0,0,0,0,1,2,1,2,2,0,0,0,2,1,2,2,0,1,0,0,4,0,0,3,1,0,0,0,0,1,0,0,1,0,1,3,1,3,2,0,1
0,1,1,0,0,1,1,0,0,0,0,0,0,0,0,2,0,2,0,0,0,0,2,5,0,1,3,3,3,1,2,0,2,0,0,0,0,2,0,0,0,0,0,0,0,0,1,0,3,5,1,3,0,1,0,3,0,0,0,1,0,0,0,0,5,0,1,0,0,0,0,2,0,1,0,2,0,0,0,0,1,0,0,0,0,1,0,0,2,0,2,0,0,3,0,0,1,2,0,1,0,1,0,0,1,0,0,0,0,0,2,2,0,1,1,1,3,4,2,0,2,0,1,0,0,21,133,110,0,2,0,0,0,1,2,3,1,0,2,0,0,0,1,0,0,0,1,0,0,1,0,5,0,92,251,147,0,0,0,0,0,0,0,1,0,0,0,2,4,3,0,3,2,0,2,0,2,0,0,0,2,0,250,150,0,0,2,0,0,2,0,2,0,2,0,2,0,0,0,0,0,0,2,0,0,0,1,1,0,4,252,198,1,0,0,0,0,3,1,0,0,0,3,0,0,0,0,1,0,0,1,0,0,1,4,0,0,0,247,249,4,3,1,2,1,0,0,3,0,0,3,2,0,0,0,2,1,0,2,0,2,3,0,0,0,0,254,250,0,0,1,2,0,0,0,0,0,3,0,3,0,0,0,0,0,0,2,0,1,0,0,0,0,2,255,249,0,0,1,1,3,0,0,0,1,0,0,2,0,0,0,3,1,0,0,1,3,2,0,0,0,0,253,251,2,4,0,2,0,0,0,2,3,0,0,3,2,0,0,2,0,0,0,0,0,0,0,4,0,0,252,250,1,0,0,0,4,2,0,0,1,0,0,2,4,2,0,2,0,2,0,1,0,0,0,0,0,0,253,255,0,1,0,0,3,0,0,0,2,0,0,0,0,0,0,0,2,3,0,1,0,0,0,0,0,37,252,210,0,0,0,0,0,0,0,0,0,0,0,1,2,0,1,3,0,1,0,1,0,0,2,1,1,36,251,148,0,1,0,0,0,3,0,3,1,1,0,1,0,2,1,0,0,0,0,1,0,1,0,2,0,1,250,156,0,1,0,0,0,0,3,3,0,0,2,2,4,0,0,0,0,1,0,0,0,0,0,0,1,26,252,251,0,1,0,0,0,2,2,3,0,0,0,0,0,0,3,0,0,0,0,1,0,1,0,0,0,12,250,251,0,2,0,0,0,1,0,0,0,1,0,0,0,3,0,3,1,0,0,0,0,0,0,2,3,0,251,253,0,0,0,0,1,0,0,0,2,2,1,2,0,0,0,0,0,0,3,3,1,0,1,1,0,0,251,249,0,2,0,1,0,0,0,0,1,0,0,1,1,1,0,0,0,0,0,0,2,0,0,0,4,2,250,249,1,0,2,1,2,1,0,3,0,0,1,0,0,0,0,0,0,1,0,0,2,1,1,0,1,2,192,255,91,1,0,2,0,2,0,3,0,0,0,0,1,0,0,0,0,0,2,2,0,0,1,2,2,0,37,174,94,0,0,2,1,0,3,0,0,2,2,1,1,0,0,0,0,2,0,1,2,2,0,4,1,0,0,0,0,2,0,3,0,1,0,3,0,0,1,3,1,0,0,0,1,0,0,1,2,0,1,1,2,0,2,0,1,2,0,0,1,0,1,0,0,0,0,0,2,0,0,0,2,3,0,1,0,0,0,2,1,2,0,2,1,0,0,0,0,0,0,3,0,0,0,1,1,2,3,0,0,0,5,1,0,0,2,0,0,0,1,0,0,1,0,0,0,0,0,0,4,0,0,0
1,0,0,1,1,0,2,0,6,0,1,0,0,0,1,0,0,1,1,1,0,2,0,1,0,0,0,4,2,0,2,4,0,2,0,0,1,0,0,2,0,0,3,0,0,0,2,0,1,0,0,0,0,3,3,2,2,0,0,1,2,0,0,0,0,2,0,0,1,4,1,2,5,2,0,0,4,0,0,0,3,0,0,0,0,0,1,1,0,0,0,0,0,0,0,53,209,254,159,152,55,7,0,0,0,0,0,2,3,0,0,0,0,1,2,0,1,0,0,1,1,0,3,50,202,254,255,255,253,208,40,0,4,1,5,0,0,0,0,0,1,2,0,0,0,0,1,2,0,0,0,0,15,129,184,241,255,253,229,110,0,1,0,0,0,0,1,0,0,0,0,2,0,1,0,0,0,0,0,0,0,0,0,25,96,232,251,240,32,2,0,0,1,0,0,2,3,1,1,1,0,0,0,0,0,0,1,0,1,0,0,3,2,218,255,253,74,0,0,0,0,0,2,1,0,0,1,1,0,1,2,3,1,2,0,0,0,0,0,0,106,251,252,253,73,0,0,0,1,0,2,0,0,0,0,0,0,0,0,0,1,1,0,1,1,0,2,6,190,250,250,235,20,1,0,0,0,0,0,1,1,0,0,0,0,0,0,1,0,5,0,0,1,1,0,155,254,253,252,157,0,0,1,2,1,2,1,0,0,0,1,0,2,0,0,1,0,0,0,1,0,2,154,246,251,250,200,6,3,0,0,0,0,0,0,0,2,1,3,1,0,0,2,2,0,1,3,1,0,76,251,253,252,225,39,0,0,1,0,0,1,0,4,0,0,0,0,1,1,0,1,0,0,3,0,1,32,241,252,253,247,96,1,0,0,3,0,2,3,0,1,1,2,1,0,0,0,0,1,1,1,0,2,22,205,252,253,251,108,0,1,0,1,0,3,1,0,1,0,1,0,0,1,5,0,0,0,0,0,0,40,226,254,253,245,122,0,0,0,0,1,0,0,1,2,0,1,0,0,0,0,0,2,0,1,0,2,46,236,252,252,251,79,0,0,0,2,1,0,0,1,0,1,1,0,1,0,0,0,0,0,1,0,0,68,214,255,254,247,152,0,1,0,0,2,0,4,0,4,0,1,2,0,3,0,0,2,0,2,0,0,78,244,253,254,255,215,0,0,4,0,0,0,0,0,0,0,0,0,0,1,0,4,0,0,1,1,0,1,149,254,251,253,209,50,1,24,16,38,41,103,135,135,188,59,0,0,0,2,3,0,1,0,0,0,1,1,14,230,252,254,231,242,194,238,216,249,251,254,253,255,203,45,0,2,0,0,0,0,0,0,0,2,1,1,0,57,207,255,253,253,252,254,252,254,253,251,232,137,14,1,2,2,0,0,1,0,0,0,0,0,0,1,0,0,38,142,224,252,252,252,177,151,146,54,28,0,0,0,0,0,0,0,0,0,0,1,1,1,1,0,0,1,1,0,4,0,0,4,2,1,0,0,0,0,1,2,3,0,1,0,0,2,0,4,3,2,0,1,1,2,0,0,2,0,0,0,0,1,0,0,0,2,2,2,0,0,1,0,0,0,1,1,2,0,0,0,0,1,0,0,3,0,3,0,0,2,1,0,0,0,0,0,0,0,1,2,0,0,0,0,3,0,1,0,0,0,0,0,0,2,0,1,0,1,1,0,0,0,0,0,0,1,0,0,0,0,0,2,0,2,0,0,0,0,1,0,1,0,0,3,0,1,0,0,0,1,3,2,3,0,1,0,0
3,5,1,0,0,0,0,0,0,0,0,2,1,3,1,0,0,0,2,1,0,0,3,2,0,0,2,0,0,0,1,2,0,2,2,0,0,0,1,0,0,0,0,2,1,0,0,3,1,0,0,0,0,1,0,1,1,3,0,0,0,0,1,2,1,3,2,0,0,0,1,0,1,0,1,1,0,0,1,0,0,1,0,0,0,3,0,0,0,0,0,2,0,0,0,0,0,0,0,0,1,0,0,0,2,5,0,0,0,0,2,1,0,0,0,0,0,0,0,1,0,0,0,0,0,1,0,2,0,0,1,0,0,0,0,0,0,0,1,0,1,0,3,1,0,1,0,0,1,0,0,3,0,3,0,1,0,2,0,0,1,1,0,1,0,1,1,0,0,0,1,0,0,0,0,0,3,0,0,1,0,28,143,255,254,255,140,2,0,2,2,0,0,0,2,1,0,0,0,1,1,0,0,1,0,0,3,0,56,255,253,252,225,197,255,172,2,2,0,0,4,0,0,0,3,3,1,3,0,0,3,2,1,2,2,58,254,252,254,110,3,0,28,225,88,1,2,2,0,2,2,0,0,4,2,0,0,2,0,2,0,2,31,223,255,255,86,1,0,0,2,86,253,112,2,0,1,0,1,0,0,1,0,0,0,0,0,0,0,0,166,255,253,84,5,3,0,0,56,226,255,254,1,2,1,0,1,2,1,0,2,0,0,3,0,2,0,116,255,255,145,1,1,1,0,84,255,255,255,170,2,0,6,0,1,4,0,3,3,0,0,1,1,1,140,255,254,87,5,0,0,0,141,255,255,255,225,32,2,0,0,0,0,1,1,2,1,0,0,3,0,0,224,255,172,1,1,0,57,227,255,253,255,254,56,0,0,0,0,0,0,0,2,0,0,0,0,0,2,57,255,254,83,0,0,84,226,252,255,255,255,200,0,0,0,1,0,1,2,0,0,0,2,0,0,0,1,31,223,255,30,59,227,255,255,196,255,254,250,59,0,0,2,1,0,0,0,3,0,0,2,2,0,0,0,0,145,251,253,255,255,255,171,113,255,255,113,0,1,0,0,1,0,1,0,0,1,0,0,1,0,0,0,0,2,229,252,255,255,169,29,197,254,229,0,3,0,0,0,2,1,1,0,0,2,1,0,2,0,0,0,0,0,0,55,30,4,2,88,255,255,116,0,1,0,0,0,0,0,2,2,2,2,0,0,0,0,0,0,0,1,0,0,0,2,2,226,255,195,1,2,2,0,0,0,1,0,2,1,3,0,1,2,2,2,0,2,2,0,0,0,2,1,117,255,255,59,0,0,0,0,0,0,0,0,1,0,1,2,0,0,1,0,1,4,3,0,0,0,0,0,198,252,141,4,0,2,0,0,0,1,0,1,0,2,0,2,0,0,0,1,3,0,0,1,0,2,0,56,255,255,85,0,1,4,0,0,0,2,0,0,0,2,3,0,0,0,0,2,0,0,0,0,0,0,1,143,255,173,2,0,2,0,2,0,3,1,0,3,0,0,0,0,0,2,1,0,0,0,0,0,0,0,0,171,255,85,0,0,0,2,2,0,0,4,0,0,0,2,0,3,1,1,1,1,0,0,0,0,0,1,0,87,226,56,0,1,1,4,0,0,1,1,3,0,1,1,0,0,1,0,0,0,0,0,1,2,2,0,0,2,0,0,0,0,0,0,0,4,4,3,0,1,0,0,0,0,2,2,0,2,0,1,2,0,0,3,0,0,4,0,3,0,0,1,0,4,3,0,2,0,2,0,0
0,0,0,0,0,1,1,0,1,2,0,0,0,0,0,3,0,0,0,0,0,1,0,0,1,4,3,4,1,0,0,0,1,2,2,2,0,1,2,0,0,0,0,0,0,4,0,1,0,1,0,1,0,0,0,0,2,0,0,2,3,0,1,3,0,1,0,1,1,2,0,2,1,1,0,0,0,0,2,0,3,2,1,0,3,2,1,3,0,2,1,3,0,0,1,1,2,2,0,0,0,0,1,0,1,2,0,0,0,0,1,1,0,1,3,0,1,0,0,2,1,0,0,0,3,2,0,0,1,0,0,2,1,0,1,3,0,3,0,1,0,0,1,1,5,0,1,1,1,1,0,0,0,0,0,87,161,194,45,2,0,1,1,2,0,0,0,3,0,2,1,1,3,0,0,0,0,0,0,0,51,179,237,252,253,252,135,0,1,3,2,0,0,0,0,0,0,3,0,1,0,0,0,0,0,0,8,128,245,254,255,241,253,253,120,2,1,0,0,1,2,4,2,2,0,0,0,3,2,0,1,0,2,100,214,254,248,169,53,79,254,253,156,0,0,0,0,1,0,1,0,1,1,2,0,0,3,0,1,1,0,220,253,225,39,1,1,120,255,252,73,0,0,1,1,0,0,0,0,0,2,0,0,0,0,0,0,0,1,59,39,0,0,3,1,237,253,254,71,0,3,0,0,0,0,0,0,0,1,0,2,4,1,0,1,1,0,0,0,0,1,0,0,236,253,224,29,1,0,0,0,5,0,5,0,0,1,0,1,0,4,1,0,0,0,1,0,0,0,0,38,242,253,97,1,0,1,2,1,2,0,2,0,0,1,0,1,0,3,2,1,0,1,0,4,0,2,0,74,254,253,55,1,0,0,0,0,0,2,0,0,0,3,0,0,0,0,0,0,0,1,0,1,4,0,0,74,254,254,53,0,1,0,0,0,0,1,0,1,1,0,3,1,4,2,0,0,0,0,0,1,0,0,0,97,253,229,18,1,0,4,1,4,1,2,0,0,0,0,0,0,3,0,1,0,0,1,0,4,0,1,0,183,255,217,0,0,3,1,0,0,0,0,0,0,0,2,2,0,0,1,1,0,0,3,0,0,7,44,126,253,249,245,107,8,0,0,0,2,3,1,2,0,0,0,2,2,0,0,2,4,0,1,31,129,204,252,255,254,254,252,247,68,0,1,1,0,2,2,1,4,1,0,0,1,3,1,1,0,2,0,73,253,240,159,197,252,249,130,42,0,0,0,1,2,1,0,0,1,0,0,0,0,2,3,0,1,0,3,0,54,79,0,93,253,252,35,3,1,0,1,0,3,1,2,0,0,0,0,1,0,0,0,0,2,3,3,0,2,1,3,192,252,255,36,0,0,2,0,0,0,0,0,0,1,0,0,0,0,1,3,0,0,4,0,0,5,0,20,252,255,255,37,0,1,0,0,0,0,0,2,0,0,2,1,1,1,0,0,1,0,0,1,4,0,0,21,252,255,211,7,3,0,0,0,1,1,0,2,1,1,0,1,2,0,1,0,2,0,0,1,0,0,3,15,189,255,106,0,0,2,0,3,0,0,0,0,0,0,0,0,0,0,2,0,0,0,0,0,0,0,0,0,2,2,0,0,0,0,0,0,0,1,1,0,1,0,1,0,0,0,0,1,0,0,1,0,0,0,0,0,2,1,0,0,0,0,0,0,1,0,0,1,3,0,1,0,0,0,0,0,0,0,0,1,0,0,0,2,2,4,0,0,3,1,0,3,0,0,5,0,0,0,0
0,2,0,0,1,1,2,2,0,1,2,0,0,0,0,0,0,0,0,3,0,0,0,2,0,0,0,0,0,2,0,0,0,2,0,3,0,0,2,0,2,0,0,2,0,0,2,0,0,2,0,2,0,1,0,0,0,0,1,0,2,1,0,0,1,1,0,0,0,2,0,0,0,3,0,0,0,0,0,0,0,0,2,0,0,1,1,0,0,1,0,1,0,3,0,1,1,0,0,3,3,0,4,0,0,0,1,1,1,2,0,0,0,0,0,0,3,0,0,3,0,0,0,1,0,0,0,0,0,4,0,0,0,3,1,0,0,1,1,0,0,2,0,1,2,3,0,0,1,0,0,0,0,0,2,0,0,0,0,0,2,0,2,1,0,0,0,0,0,0,2,3,0,0,2,0,0,0,0,0,2,0,0,0,3,1,0,9,97,255,218,255,202,61,1,3,0,0,0,0,0,0,0,0,4,0,3,0,1,0,1,8,19,65,147,219,255,255,238,234,220,46,5,2,0,0,0,0,0,0,0,0,0,1,0,0,0,28,88,205,255,254,253,209,176,78,12,0,2,2,0,0,1,0,0,5,0,0,1,0,0,0,0,33,142,240,250,224,154,121,89,8,0,0,3,0,1,1,1,0,3,0,0,0,0,5,2,0,0,3,37,210,254,183,66,15,0,0,3,1,1,1,0,3,1,1,2,0,0,0,0,0,0,0,2,0,0,4,100,218,53,0,1,0,0,1,1,0,1,2,1,3,0,0,0,0,0,0,4,0,1,0,0,0,0,3,180,146,0,0,2,2,0,0,0,2,0,1,1,2,0,0,0,0,0,0,0,0,2,0,0,0,0,1,196,128,0,3,0,1,2,1,0,0,0,0,2,0,2,2,2,1,4,0,0,3,0,0,1,0,0,2,144,201,5,0,0,1,0,2,2,3,1,0,0,3,3,2,6,0,0,2,1,1,2,2,0,0,2,0,61,250,150,0,2,0,5,0,0,0,2,3,0,0,0,0,0,0,1,4,0,1,0,1,1,0,1,1,0,98,255,185,12,0,0,1,0,1,1,0,0,6,0,2,0,0,0,0,0,1,4,4,5,0,0,0,0,11,46,206,200,25,1,0,0,1,0,0,0,0,0,2,0,4,2,0,0,1,0,2,1,0,5,0,0,0,1,1,165,118,0,1,1,2,2,2,0,1,0,0,0,2,0,0,2,0,0,3,0,0,0,0,1,0,0,0,42,246,91,1,0,1,0,0,2,0,1,0,0,0,1,0,0,0,0,0,0,2,0,0,3,3,0,0,0,191,96,0,2,0,0,0,0,0,1,0,0,1,0,0,1,0,0,2,0,0,0,0,1,0,0,0,48,232,41,0,0,0,0,2,0,0,2,0,0,0,0,0,2,1,0,1,4,0,0,1,0,0,1,51,228,162,3,4,1,0,0,0,0,3,1,0,0,0,1,2,1,0,0,0,49,13,3,0,2,81,168,252,193,19,0,0,0,0,0,1,2,0,2,0,1,0,3,0,0,0,3,0,158,234,234,232,234,253,226,87,11,3,0,0,0,0,0,0,2,0,1,0,0,1,0,0,1,2,4,4,33,137,187,163,153,58,29,0,0,0,0,0,0,0,0,2,0,3,2,2,0,2,0,0,0,0,0,1,0,2,1,0,0,0,0,1,0,1,0,0,0,0,2,0,0,3,0,0,0,0,0,0,0,0,0,0,0,0,0,0,4,0,0,0,0,1,1,0,2,0,0,1,0,1,0,0,0,0
0,0,1,0,0,0,3,1,1,2,0,0,2,0,2,0,3,2,0,0,0,0,0,0,2,0,0,0,0,0,2,1,1,1,0,1,0,0,2,0,0,0,0,2,2,1,0,0,0,0,4,0,0,0,2,0,2,0,1,1,0,1,0,0,1,0,0,1,0,0,2,0,0,1,1,0,0,0,1,0,1,0,3,0,4,0,0,0,0,0,0,0,0,0,0,1,0,0,4,1,0,1,0,1,0,0,2,1,0,1,0,2,0,0,2,0,3,0,3,0,0,2,3,2,0,0,2,0,0,0,0,0,0,1,0,0,0,2,2,0,3,0,2,0,0,1,3,0,1,1,4,0,3,0,3,1,0,0,0,1,2,2,1,0,1,0,1,0,0,1,0,0,0,2,1,1,0,0,0,52,163,199,237,254,156,26,1,0,0,2,0,2,0,0,0,0,0,0,0,0,1,1,2,0,0,0,21,243,252,252,253,252,255,185,27,0,2,1,0,0,0,0,3,0,3,0,0,0,1,0,0,2,7,181,238,255,225,205,130,114,150,253,67,0,4,0,0,2,0,0,1,2,0,0,3,0,2,1,0,1,47,255,254,192,23,0,0,0,1,180,175,0,0,0,0,4,1,1,0,0,0,1,0,0,2,2,0,15,222,255,250,5,0,2,0,0,0,169,239,62,0,3,1,0,0,1,3,0,0,0,0,0,0,0,1,40,255,251,100,0,2,0,0,0,1,168,255,134,1,0,0,1,0,1,0,3,3,0,0,3,0,3,2,126,255,156,0,0,0,0,0,0,0,109,252,191,14,0,2,1,2,0,0,1,0,0,0,0,0,0,0,128,255,190,0,0,0,0,2,0,0,79,255,199,1,1,3,1,4,3,4,0,0,3,0,0,1,2,3,125,254,238,0,0,0,0,0,1,1,81,253,201,0,2,0,4,2,0,1,0,0,2,0,0,1,0,0,16,205,253,73,0,2,0,2,0,19,201,253,203,1,0,0,1,0,0,0,1,0,1,2,1,0,2,0,0,145,248,195,62,35,48,134,175,225,253,255,204,0,1,0,1,2,0,0,0,0,0,2,0,0,1,0,2,0,105,218,252,253,249,254,207,147,148,254,202,0,0,1,0,0,0,1,0,0,2,2,0,0,0,1,0,1,0,51,155,222,57,70,19,0,83,255,223,13,0,0,0,3,1,2,0,0,2,0,3,0,0,0,0,0,0,1,0,1,0,1,1,2,81,255,253,34,0,0,1,0,0,0,0,0,1,0,0,0,0,1,0,0,5,3,0,0,0,2,0,0,82,253,240,27,0,0,1,0,2,1,1,0,0,0,2,0,0,1,0,0,0,2,1,0,0,0,0,0,82,255,202,0,3,0,0,2,0,0,3,0,1,0,0,1,0,2,2,0,1,1,0,1,1,2,1,4,40,248,246,31,3,0,1,2,3,3,0,0,1,0,0,0,2,2,0,2,0,0,1,0,0,0,0,1,0,246,253,36,0,2,0,0,2,0,0,0,0,0,3,3,0,0,3,1,0,0,0,0,1,0,0,0,0,248,255,32,0,0,0,2,1,1,0,0,0,0,0,0,1,0,2,0,0,0,0,0,0,0,0,0,0,183,235,22,0,0,4,0,1,0,0,0,1,0,1,0,2,0,1,2,0,0,1,2,0,0,4,0,0,0,3,2,2,0,0,0,1,0,0,1,0,2,2,2,0,0,0,0,0,0,0,0,0,5,1,0,0,0,3,2,0,0,1,0,0,0,0
1,0,0,0,0,0,0,0,0,1,1,0,0,1,0,0,2,1,0,0,0,3,0,0,0,1,0,0,0,0,0,0,1,3,5,1,1,0,0,0,0,0,0,1,1,0,1,2,0,3,0,2,3,4,0,0,2,0,0,1,1,0,2,1,3,0,1,3,0,0,0,0,0,0,3,0,0,0,2,2,0,0,2,0,0,1,0,0,0,1,6,61,172,201,175,217,253,149,35,1,0,1,4,1,0,0,2,0,1,1,1,2,1,0,0,0,0,0,91,241,254,255,252,254,253,253,249,75,0,0,0,1,1,3,0,1,0,1,2,3,0,1,0,1,0,29,212,253,219,145,195,150,224,255,254,227,71,0,0,2,3,0,2,0,2,3,0,3,0,3,1,1,2,96,253,193,39,0,0,4,9,104,211,255,221,24,1,2,1,0,0,0,0,2,2,0,0,1,0,0,2,58,111,2,1,0,0,3,3,0,14,166,255,165,0,1,0,0,0,0,0,0,0,0,2,0,2,1,0,0,0,0,4,2,0,0,0,0,0,14,192,250,47,1,2,0,0,0,0,0,0,1,0,0,1,0,0,0,0,1,0,0,4,0,0,1,0,0,80,251,123,1,0,0,0,1,2,0,0,1,0,0,0,1,0,0,0,0,0,4,0,0,0,0,0,0,55,253,137,0,1,0,1,4,1,2,2,0,0,0,0,1,0,0,2,0,2,2,0,3,0,1,4,0,0,201,188,2,0,1,3,4,0,1,1,0,0,0,0,0,3,1,0,1,0,0,0,0,4,0,1,0,0,140,214,1,0,0,3,0,1,1,0,0,1,0,1,0,2,1,0,2,0,1,0,0,0,0,1,0,0,96,235,23,0,0,0,3,0,0,0,2,1,1,0,0,1,0,0,2,0,0,0,1,3,0,0,0,0,99,228,16,1,3,0,0,1,0,1,0,2,2,1,0,3,0,0,0,0,0,0,1,14,50,121,102,24,157,216,1,0,0,1,0,0,0,0,1,0,1,0,1,1,1,0,0,0,0,0,65,227,250,252,255,250,252,214,1,1,0,0,0,1,0,0,0,0,0,0,3,0,0,0,2,0,1,12,208,252,255,252,253,253,255,224,7,1,0,0,0,0,0,5,1,0,3,0,2,0,0,0,0,0,0,135,252,180,95,39,103,245,254,253,178,30,1,3,0,3,0,0,4,0,0,0,0,0,0,0,0,0,9,216,255,66,0,0,28,241,254,255,255,182,38,0,0,2,0,0,3,0,0,0,0,0,0,0,0,0,9,226,252,253,146,195,229,254,139,216,250,253,233,156,158,6,0,1,0,0,0,1,1,0,0,2,0,0,0,180,254,254,255,254,251,167,0,29,212,250,255,254,107,0,0,0,0,0,0,1,0,0,0,2,0,1,0,21,139,224,252,216,89,9,2,0,30,170,175,81,3,0,0,0,0,2,1,1,0,0,0,0,1,1,1,0,0,0,1,0,3,1,2,0,2,0,3,1,0,0,0,0,1,2,5,1,0,0,2,3,0,0,3,0,0,0,0,2,1,1,2,3,0,0,0,0,0,0,0,0,0,0,1,1,3,3,1,0,1,0,0,2,0,0,4,0,0,2,0,0,0,1,1,0,6,0,0,0,0,0,0,0,0,1,1,1,2,0,0,0,1,0,1,0,0,0,4,0,3,0,0,0,0,0,0,1,0,0,0,0,1,0,0,0,0,0,1,0,0,0,1,0,0,1,1,2,3,0,0,0,0,0,0,0,0
0,1,1,2,0,0,0,0,0,1,2,0,2,0,0,0,1,0,2,0,2,1,0,0,0,0,0,0,0,0,0,2,0,0,0,0,3,3,0,3,0,0,0,0,0,1,1,0,0,0,0,0,0,0,0,0,0,0,0,0,0,1,0,0,0,0,4,1,3,0,0,0,0,0,2,4,1,2,0,0,1,0,0,0,1,0,0,0,3,3,1,0,0,0,2,3,2,0,1,4,94,255,253,73,1,3,0,0,1,1,3,2,0,0,2,0,2,3,0,0,3,1,0,0,0,2,0,91,252,253,249,72,2,0,3,0,1,0,0,2,0,2,1,0,3,2,0,2,0,1,2,2,1,18,92,251,252,249,255,69,0,0,0,1,0,0,0,3,3,1,0,0,2,0,0,4,0,0,1,0,18,194,253,253,228,247,177,25,1,1,4,0,1,2,0,0,0,1,0,0,0,0,0,1,0,0,0,0,186,254,255,188,41,61,0,2,1,0,0,0,3,0,0,2,0,0,2,1,1,0,0,0,0,1,0,30,230,254,223,0,0,0,0,3,0,1,0,0,0,0,0,1,0,0,0,2,3,0,0,1,0,0,1,86,252,250,37,0,0,0,0,1,0,0,1,0,0,0,2,3,0,1,0,0,0,2,0,0,0,2,29,207,255,158,2,0,0,0,0,3,0,2,0,0,0,0,1,0,0,5,0,2,0,1,0,0,1,3,75,251,252,145,3,0,0,0,0,0,2,0,1,1,0,0,0,0,1,6,2,3,0,1,2,0,2,3,73,251,255,29,3,0,0,0,1,0,0,5,0,0,3,0,4,2,0,0,1,0,0,0,0,0,3,3,78,253,206,24,9,0,1,0,0,0,0,2,0,0,0,0,0,0,4,0,4,0,1,1,0,0,1,0,131,255,252,243,62,0,0,3,0,0,3,0,0,0,2,0,3,0,0,0,0,0,0,0,5,0,0,2,73,254,254,211,98,160,155,84,15,0,0,1,1,1,0,2,2,1,0,0,2,2,0,0,0,0,0,1,72,254,255,254,251,254,251,254,108,0,0,2,1,0,0,2,0,2,0,0,0,2,1,0,1,4,0,3,75,252,254,250,226,197,254,254,218,19,1,0,0,0,0,0,1,0,0,0,3,1,2,0,0,0,1,1,50,238,250,254,39,3,169,254,253,106,0,0,1,0,2,0,0,0,1,0,1,2,0,2,0,0,0,1,4,204,253,254,54,0,48,254,255,193,0,0,0,0,2,1,1,1,1,0,0,0,0,1,3,2,0,0,4,159,253,255,237,219,221,252,252,196,1,3,1,0,1,0,0,2,1,0,0,1,0,0,0,1,0,2,2,10,169,249,251,254,255,251,251,195,1,1,2,2,0,0,0,0,0,0,3,0,1,0,0,2,0,0,0,0,9,64,133,135,255,176,130,42,2,2,0,1,0,0,0,0,1,1,0,0,1,0,0,0,0,1,0,0,0,0,0,0,0,2,1,0,2,1,0,1,0,2,0,0,1,1,0,0,0,1,3,1,2,0,0,0,1,0,2,0,2,2,0,0,0,1,0,0,0,0,0,0,0,1,0,0,0,0,0,0,0,0,0,0,0,2,1,0,1,0,2,0,0,1,0,0,3,0,2,1,0,0,2,0,2,2,0,0,0,1,0,0,0,0,0,0,0,1,3,1,1,0,2,3,0,0,0,0,1,0,0,0,1,0,0,0,0,0,1,2,0,0,0,1,0,1,2,3,0,0,1,1,0,1,0,0
0,1,0,1,0,2,0,1,1,0,2,0,2,1,1,2,0,0,1,2,0,0,0,0,0,0,0,0,2,0,0,3,0,1,0,0,0,0,0,2,0,3,1,0,0,0,3,0,0,1,0,1,0,1,0,0,0,0,0,0,0,0,0,0,1,0,1,3,0,2,1,0,2,0,0,0,0,0,2,0,1,0,4,0,0,0,2,0,0,0,0,0,0,1,0,0,1,0,0,0,0,3,0,0,0,0,0,0,2,1,1,0,0,0,0,0,2,1,0,2,0,0,0,0,0,0,2,0,0,0,3,0,2,2,1,0,0,0,0,3,0,0,2,0,0,0,1,0,0,0,0,0,0,0,0,0,4,0,0,0,1,1,0,4,0,0,1,2,0,0,0,1,0,0,1,1,0,0,1,0,0,1,1,0,1,3,2,0,2,1,1,0,1,3,4,0,0,0,1,1,26,110,43,1,1,0,2,1,0,1,0,0,0,0,72,191,113,3,2,0,0,1,0,2,0,1,0,0,188,250,221,46,2,2,0,3,0,1,1,0,3,3,174,249,252,110,3,0,0,1,0,0,0,0,0,85,243,253,252,96,1,1,2,3,0,0,1,0,0,0,254,253,250,147,0,0,0,0,0,1,2,0,0,194,254,250,211,37,0,1,0,1,1,0,3,1,1,0,152,252,249,32,0,0,0,0,1,0,2,0,1,255,253,253,29,0,0,0,0,3,0,0,0,0,0,0,94,252,251,91,0,0,1,0,3,0,1,1,0,250,251,249,31,0,31,32,31,169,190,192,188,191,191,189,214,248,255,200,12,0,0,0,2,0,0,3,3,255,252,249,142,125,254,251,250,250,250,255,247,253,249,247,251,251,253,252,172,0,0,2,0,2,0,0,1,253,249,251,251,251,249,250,251,252,255,253,253,253,237,228,251,250,252,253,114,1,0,3,0,0,0,1,1,152,253,249,250,252,253,251,172,96,93,95,93,93,67,55,156,250,250,249,94,1,0,0,0,2,0,0,0,0,120,158,158,157,255,62,0,0,0,0,0,0,1,1,57,227,254,253,95,0,0,2,0,0,0,0,0,0,3,2,0,1,61,16,0,0,0,0,3,0,1,0,2,71,250,251,113,0,2,1,2,0,0,0,3,3,0,0,0,0,2,1,2,3,0,0,1,0,0,0,0,33,252,251,250,2,0,0,0,0,0,0,0,2,0,0,0,0,2,1,4,0,1,2,2,1,0,0,0,33,254,249,249,1,2,0,0,1,0,2,0,0,1,0,0,0,0,0,1,2,1,0,0,5,0,0,3,31,253,250,251,1,3,0,0,0,0,0,0,0,2,1,1,0,0,0,0,3,0,0,0,2,0,0,0,30,252,249,192,0,0,0,1,2,0,0,1,0,0,0,0,0,0,2,2,0,0,0,2,0,0,1,0,34,251,253,93,0,2,0,0,0,4,0,2,0,1,0,0,0,1,2,1,0,0,1,0,1,1,0,3,14,189,218,45,0,0,0,2,0,0,2,0,1,0,0,0,1,0,1,0,0,0,0,1,0,0,1,0,0,17,24,0,0,3,0,0,1,1,0,1,0,0,2,1,4,1,2,0,0,1,3,0,0,0,2,0,0,5,0,3,0,0,1,0,0,1,0,0,1,4,1,0,2,1,0,0,0,0,1,1,0,0,0,1,0,1,0,3,0,0,0,0,0,0,1,0,0,1,0,2,0,3,1,0,3,1,0,0,0,1,0,3,0,0,3,2,3,0,1,2,2
0,0,0,0,0,0,0,0,0,0,1,0,0,0,0,0,2,0,1,5,0,0,1,0,0,1,0,0,1,1,2,0,0,3,0,0,0,0,0,1,0,1,2,1,2,1,0,0,0,0,0,0,0,2,3,0,0,1,0,1,0,2,2,0,0,0,0,0,0,1,0,0,5,0,1,2,0,0,0,1,2,0,0,3,1,0,0,0,1,2,2,0,2,0,0,0,3,3,0,0,0,0,1,2,2,0,0,1,3,1,1,3,1,0,1,0,3,0,0,2,1,0,1,2,2,1,0,0,0,1,1,0,1,0,1,0,2,0,1,0,0,0,1,0,0,0,0,1,1,2,1,0,1,1,4,0,64,252,192,2,1,0,2,1,0,0,0,0,0,0,0,0,2,0,0,0,0,0,3,2,0,1,0,190,253,255,191,1,1,1,3,2,0,2,2,1,1,0,0,1,0,0,0,0,0,0,3,0,0,0,65,253,254,254,63,0,0,0,2,0,2,0,2,1,0,0,1,2,0,1,1,0,1,0,0,3,1,0,255,255,255,67,0,0,3,0,2,0,0,2,0,0,1,0,1,0,0,0,0,0,1,1,0,0,0,63,255,255,255,0,0,1,0,0,1,0,3,0,3,0,0,2,3,0,1,2,3,4,0,0,0,2,2,191,255,252,127,0,0,0,1,2,2,0,1,0,1,0,2,0,0,1,0,0,1,0,0,1,1,2,128,255,255,255,67,1,2,0,2,0,0,3,2,2,3,1,0,1,0,0,0,0,0,0,0,2,1,3,129,255,255,126,1,0,1,0,2,0,0,0,1,0,0,1,0,1,0,3,0,2,0,0,0,0,1,1,128,254,255,127,2,0,0,0,0,0,0,0,0,1,0,1,3,0,0,0,0,0,0,0,0,2,2,0,255,253,254,127,0,3,0,1,0,0,3,2,1,0,0,0,0,0,0,0,0,0,0,0,0,0,0,0,252,255,255,65,0,1,0,0,0,0,0,1,2,0,0,1,4,2,0,1,0,1,1,1,0,0,1,0,193,255,254,63,1,0,4,0,0,0,1,0,0,1,0,1,2,0,2,3,0,3,0,2,0,0,1,0,255,255,255,129,1,1,0,0,1,2,1,3,2,3,0,1,0,1,0,3,1,2,0,0,1,0,2,66,255,255,255,1,1,4,0,0,0,0,0,0,0,0,1,2,0,3,0,0,0,1,1,0,1,2,1,129,255,252,128,0,0,1,0,1,0,0,1,0,1,0,4,0,0,0,3,2,0,3,0,0,3,0,0,127,254,253,128,1,0,0,0,1,0,0,0,0,0,0,1,0,0,2,1,0,2,0,1,3,1,0,0,130,252,255,128,1,1,3,1,1,0,0,3,1,0,0,0,0,0,1,0,0,1,0,0,4,0,1,0,194,254,255,0,2,0,1,4,0,0,0,0,0,0,0,5,2,1,0,2,1,0,4,3,2,0,0,2,132,253,254,3,1,0,0,2,1,0,2,0,0,0,2,1,1,3,3,0,0,0,0,0,0,0,0,0,125,255,255,0,0,0,0,0,0,1,1,0,0,0,0,0,0,0,0,1,2,0,2,0,0,0,2,0,1,0,1,0,0,1,1,0,0,3,1,0,0,0,1,1,1,3,1,0,3,1,1,0,3,1,0,0,0,0,2,2,0,0,0,2,2,0,1,2,0,1,0,3,1,0,0,0,0,0,1,3,1,0,0,1,0,0,0,0,1,0,0,0,1,0,0,0,0,0,0,0,1
0,0,0,0,0,3,1,1,1,0,0,0,1,0,0,0,3,2,1,0,1,5,2,1,0,0,1,0,3,0,0,1,0,1,2,0,0,0,0,3,0,0,0,3,0,0,0,0,0,0,0,1,0,0,0,0,0,0,0,0,0,0,0,2,0,0,1,1,0,0,0,0,0,1,0,0,0,2,0,5,0,3,0,0,0,0,1,1,2,0,0,0,2,0,2,0,0,0,2,0,0,0,4,2,0,0,1,1,0,0,0,0,0,1,2,3,0,1,0,0,1,3,0,0,67,229,253,254,92,2,0,1,4,0,2,0,1,0,2,0,1,0,3,3,1,3,0,1,0,5,114,209,248,255,225,107,53,2,0,4,0,2,2,0,1,0,0,3,0,0,0,0,3,1,0,0,6,192,250,255,202,87,3,0,0,0,0,0,1,2,0,2,0,1,2,0,0,2,0,1,2,6,2,0,105,252,245,128,18,0,3,1,0,0,0,1,0,2,1,0,1,0,2,1,0,0,1,1,0,1,0,0,121,251,123,0,2,0,3,1,0,2,4,1,0,2,1,2,0,0,0,0,2,1,0,0,0,1,0,0,119,253,119,4,0,0,1,2,0,0,0,1,4,0,2,2,0,0,2,1,0,1,0,0,0,1,0,0,121,252,157,2,0,4,0,0,0,0,0,0,0,3,0,1,1,0,0,0,0,0,0,0,1,4,0,0,117,253,239,140,84,25,3,1,1,2,0,0,1,0,2,0,0,4,0,0,0,0,0,0,0,2,0,0,46,255,253,251,252,230,99,21,0,0,0,1,1,0,0,0,0,3,1,1,0,1,0,0,1,0,1,0,2,154,232,203,203,245,253,250,115,0,0,2,0,0,2,0,2,0,2,0,0,0,4,1,1,0,2,1,0,15,27,1,0,38,111,232,243,156,0,2,2,0,2,3,1,1,0,0,0,2,0,0,0,0,2,0,2,0,2,0,1,1,0,40,232,255,141,1,0,0,1,0,0,0,1,1,0,0,1,0,0,0,0,0,0,0,0,1,0,0,1,0,50,192,243,116,2,0,0,0,3,0,0,1,0,1,0,3,2,0,0,0,0,0,0,0,0,0,0,0,0,43,232,237,23,5,0,0,2,1,0,5,1,0,1,0,1,1,1,2,0,0,0,0,0,0,2,2,2,0,121,255,130,2,0,0,2,2,0,0,1,1,0,1,0,0,3,0,0,0,52,183,81,1,2,0,2,1,46,243,255,17,1,0,0,0,0,0,2,2,0,0,0,0,0,2,0,4,116,255,225,97,35,18,2,0,0,196,255,30,0,2,1,1,1,2,0,0,0,0,1,0,0,0,0,0,10,65,244,254,251,232,190,105,91,144,252,123,0,0,0,0,2,0,0,0,1,1,0,2,0,3,4,3,0,1,9,87,217,251,255,254,251,252,239,59,3,1,3,3,0,0,0,2,0,0,1,0,0,1,0,1,0,0,0,0,12,56,82,159,225,152,68,0,0,0,1,2,0,1,1,1,1,3,0,0,0,0,0,0,0,1,0,0,1,2,1,0,0,1,0,0,0,0,0,0,3,0,0,0,0,3,1,0,0,0,0,1,3,0,1,1,0,1,0,0,0,0,3,4,0,0,3,0,0,0,2,1,0,3,0,0,0,1,0,0,0,0,0,1,0,0,0,4,0,0,2,1,0,5,0,0,0,0,0,1,1,1,0,0,4,1,0,3,0,2,0,1,1,3,1,1,0,1,0,0,0,1,0,2,0,0
0,0,4,0,0,0,0,0,3,2,0,0,0,0,0,1,0,0,1,4,3,0,1,0,3,3,1,2,0,0,1,0,0,2,1,1,0,0,1,2,0,1,0,2,1,0,0,0,0,0,0,1,1,1,0,0,1,0,1,1,0,0,0,3,2,0,0,0,0,0,1,0,1,0,0,0,1,0,2,4,0,0,0,3,0,0,0,5,2,1,2,0,1,0,2,0,0,2,0,0,0,0,2,0,0,2,0,0,0,0,0,0,0,0,1,1,0,0,0,3,0,0,0,3,0,0,0,1,1,0,0,0,1,0,0,0,2,0,0,0,0,0,1,0,1,0,0,1,0,1,2,208,254,188,0,0,0,0,0,0,0,0,1,0,0,1,0,2,0,0,1,0,0,0,0,0,2,0,143,254,255,128,3,0,1,0,0,0,0,0,0,1,0,1,0,1,0,0,0,1,0,0,0,0,0,146,249,253,185,2,0,1,103,241,241,241,157,0,1,0,6,0,0,0,1,3,0,0,0,0,0,3,37,236,255,222,107,0,2,104,247,253,255,187,71,0,0,4,1,1,3,4,0,1,0,0,2,0,0,0,216,254,220,41,0,0,106,242,252,101,25,12,0,1,0,0,0,0,0,0,1,0,0,1,0,0,0,35,234,253,124,0,1,3,189,252,239,55,0,0,0,4,0,0,0,0,0,4,0,1,1,0,0,0,0,147,255,172,6,0,1,103,242,254,100,0,1,0,0,0,0,0,0,0,3,0,0,0,3,2,1,1,37,242,253,162,0,64,118,243,250,224,36,3,1,0,3,1,1,2,0,0,4,0,3,2,0,0,0,0,111,253,255,184,180,244,252,253,255,255,218,67,0,0,0,0,0,0,0,2,2,0,0,0,2,0,0,0,110,253,253,251,253,253,251,251,252,254,252,212,104,0,1,1,0,0,0,0,0,2,0,0,0,0,0,0,114,254,252,249,204,191,239,252,207,208,250,254,228,25,0,1,2,0,0,0,3,0,0,0,0,1,0,4,32,67,138,72,9,2,203,254,67,11,98,236,252,121,0,0,0,0,0,0,2,0,0,0,1,1,3,0,0,2,2,2,1,3,178,251,65,0,4,170,254,225,1,2,0,0,1,0,0,0,0,0,0,1,0,0,1,0,0,1,0,1,72,253,65,0,0,83,251,245,69,0,0,0,0,0,0,0,0,0,0,0,0,3,0,0,1,0,0,2,73,255,80,0,0,38,244,252,105,0,0,0,0,0,0,1,0,0,3,0,1,1,0,1,0,0,0,1,30,218,229,127,0,0,161,255,106,1,0,0,0,0,0,3,2,0,0,2,1,0,0,0,0,3,0,2,0,114,250,230,65,8,169,252,100,0,0,0,0,0,0,0,0,0,0,0,0,5,0,0,0,1,0,1,0,4,182,252,253,196,252,253,107,0,0,2,1,0,1,3,0,0,0,0,0,2,0,1,0,0,0,2,0,3,28,144,255,250,252,252,102,0,2,2,2,0,2,0,1,0,1,0,2,0,0,0,4,0,1,0,0,0,1,30,148,255,250,174,49,0,0,1,3,3,0,0,0,2,0,4,3,3,1,0,2,0,2,1,1,0,0,1,0,3,0,1,1,0,1,0,0,1,0,0,0,0,0,0,2,1,0,0,1,2,1,1,4,1,0,0,0,0,0,0,3,0,0,3,1,0,0,0,0,0,0,4,2,4,0,2,3,0,2,0,0,0,0,0,0,0,0,0,0,0,0,1,3,0,2,0
0,0,0,0,3,0,0,0,0,0,0,2,0,2,1,1,0,3,0,0,1,1,0,1,1,2,1,4,0,0,0,3,1,3,2,0,2,0,0,0,1,0,2,1,0,1,2,0,1,3,2,0,0,1,0,0,1,5,1,1,0,2,1,0,0,0,0,0,0,0,4,0,0,1,0,0,0,0,0,2,4,0,3,0,0,1,1,0,0,0,2,0,0,2,1,0,2,0,14,61,138,248,255,228,102,0,0,0,0,0,0,3,0,1,0,0,2,2,0,0,0,1,0,2,23,117,232,253,255,252,253,254,215,23,0,0,0,0,0,0,0,3,0,0,0,4,1,0,0,2,2,122,223,255,254,233,200,84,206,253,190,0,0,0,1,0,0,0,1,0,0,0,2,0,0,0,2,0,125,254,254,238,93,43,2,47,253,251,154,0,0,0,0,0,1,3,0,0,0,1,2,1,1,3,71,193,251,194,48,38,1,0,0,228,254,215,14,0,0,2,0,2,1,0,1,1,1,0,1,0,2,1,169,149,145,15,0,0,0,1,149,254,253,156,0,1,1,0,0,0,0,0,0,0,2,1,2,0,0,0,5,1,0,1,0,0,0,148,255,251,169,4,0,2,0,0,0,0,0,1,0,0,0,0,0,0,0,0,0,0,0,1,0,0,56,234,253,227,47,0,1,3,2,2,0,0,0,0,0,0,0,1,0,0,2,0,1,0,1,3,1,10,208,255,235,3,2,0,0,0,0,0,1,4,0,0,0,0,2,0,0,0,0,1,1,0,0,2,35,196,253,188,43,0,0,2,3,0,0,0,0,4,0,0,2,0,0,2,0,0,2,2,1,1,1,54,206,252,229,56,0,1,1,0,0,1,1,0,1,0,0,0,0,1,0,1,0,2,0,4,0,0,92,237,251,231,57,0,1,2,1,0,0,1,0,0,0,1,0,3,0,0,0,0,0,0,1,0,0,51,246,251,239,52,3,0,1,0,0,0,4,0,0,3,3,1,0,1,0,0,0,2,0,0,0,0,48,180,255,239,102,1,0,0,1,1,0,0,0,4,0,1,0,0,0,0,0,0,0,0,0,0,0,23,166,252,254,101,0,1,0,1,2,0,1,0,0,0,0,0,0,0,0,3,0,1,0,0,0,0,33,204,253,253,93,0,0,0,0,0,0,0,4,0,2,1,0,0,3,0,0,0,0,0,2,1,1,27,230,251,250,144,4,0,0,13,66,67,6,28,41,66,66,64,8,0,3,2,0,0,2,0,3,2,0,128,250,255,253,209,199,201,200,212,251,253,208,227,234,252,253,252,127,0,0,0,0,0,2,0,1,1,0,154,252,253,251,250,253,251,250,255,250,252,253,253,252,254,253,173,40,0,0,0,0,0,1,1,0,1,0,28,137,135,135,240,251,250,180,134,134,133,139,132,136,135,107,5,0,0,1,0,1,0,0,4,0,2,0,0,2,1,0,1,2,0,2,0,0,0,0,0,0,2,0,0,0,0,0,1,4,0,0,2,4,3,1,0,0,0,1,0,0,0,1,0,2,2,1,0,0,0,0,0,2,3,2,0,0,0,0,2,1,0,0,3,3,0,0,0,0,0,0,0,0,2,0,0,2,0,0,3,1,1,1,3,0,1,0,0,0,0,1,1,3,3,1,2,0,3,0,0,0,0,1,4,0,0,2,1,0,0,1,1,0,1,3,0,0,0,0,0,0,2,0,1,0,1,0,0,0,2,5,0,1,0,0,0,0,2,0,0,0,1
1,1,0,0,0,0,0,0,2,0,0,2,3,1,0,1,1,0,0,0,0,3,0,0,0,0,2,4,0,0,4,1,0,0,0,0,1,0,2,0,0,0,0,0,0,0,2,0,0,4,0,0,1,1,0,2,2,0,1,1,0,0,0,0,0,2,0,0,0,0,1,0,1,2,0,0,2,0,0,2,0,0,0,2,0,3,3,0,0,0,1,2,1,0,0,0,1,0,0,0,0,0,0,3,0,3,0,0,0,1,2,3,0,2,3,0,0,0,1,1,1,0,2,2,0,1,2,4,0,2,3,2,0,0,0,0,0,0,3,0,1,0,2,1,0,0,0,0,0,0,0,0,0,0,1,2,0,0,0,0,1,0,2,1,0,1,1,0,0,2,0,4,0,0,0,4,0,0,15,102,219,210,151,148,140,17,1,2,1,0,0,1,0,0,0,1,0,0,1,0,0,3,2,0,0,2,161,250,250,254,255,248,250,165,0,0,1,0,0,1,0,0,2,0,0,0,0,0,0,0,0,0,0,101,245,249,250,250,237,255,252,221,20,2,1,0,0,3,1,1,0,1,0,1,1,0,0,0,2,1,98,254,255,255,210,85,14,209,251,254,43,0,2,1,0,0,2,0,3,0,0,2,0,2,2,0,1,26,229,252,251,190,30,0,0,187,251,253,130,0,0,2,0,1,3,0,0,0,0,0,0,0,2,0,0,65,255,254,240,61,1,2,0,127,249,251,254,1,0,4,0,0,0,1,1,3,2,3,0,1,0,0,0,60,253,252,88,0,4,0,0,24,233,253,252,0,0,0,1,0,0,0,0,2,0,1,1,1,0,2,1,59,249,253,67,2,0,0,0,2,223,251,253,96,0,4,1,0,0,0,1,0,0,0,0,0,3,1,0,0,184,249,88,0,0,0,0,2,153,255,251,78,0,3,2,3,0,2,1,0,4,2,0,1,2,0,0,0,105,253,239,17,1,3,0,0,231,253,250,2,0,1,0,0,0,2,0,0,1,0,0,2,0,2,0,1,3,255,254,103,33,3,0,32,238,254,254,0,0,2,2,0,2,0,0,0,0,6,2,2,2,0,2,0,1,251,249,252,239,190,192,237,251,252,137,0,1,0,0,0,0,0,0,0,0,0,0,0,0,1,0,0,0,36,202,251,251,253,255,252,251,254,41,1,0,0,0,0,2,0,0,0,0,0,0,0,0,0,0,0,0,1,0,75,111,190,140,146,249,253,41,0,0,2,0,1,0,0,1,0,4,2,1,3,0,0,0,0,0,0,1,0,3,0,0,1,235,255,217,0,0,2,1,0,1,0,1,0,0,0,0,2,0,1,0,0,3,0,0,0,0,0,0,1,232,251,254,0,0,0,0,0,0,2,0,0,0,2,0,0,0,3,4,0,2,2,1,2,1,0,0,0,232,251,208,69,3,2,0,0,0,0,0,0,2,1,0,0,1,0,2,3,2,1,0,1,0,0,2,1,230,253,252,249,59,0,0,3,0,0,1,1,2,0,0,2,2,2,1,0,1,3,0,0,0,1,0,3,207,253,252,253,63,0,1,0,0,0,1,0,0,2,0,0,0,1,0,0,1,3,1,1,0,0,2,3,127,250,252,255,64,0,0,2,0,1,0,1,1,2,1,0,1,1,4,2,0,1,0,0,0,1,2,0,0,0,0,0,2,0,0,0,0,2,1,0,0,0,2,1,2,0,2,0,0,0,1,1,0,0,0,0,0,0,1,3,0,0,2,0,0,0,0,3
0,0,5,0,1,0,0,0,1,0,1,0,0,1,0,0,0,3,1,2,0,1,0,0,0,0,0,0,1,3,0,1,2,2,0,0,0,0,0,1,1,1,1,0,2,1,0,3,0,0,1,0,2,0,0,1,0,1,0,0,2,0,2,0,0,2,0,0,2,0,0,0,0,0,2,2,2,0,1,0,0,2,0,0,0,0,0,2,0,1,0,0,0,1,0,1,5,0,0,4,1,0,3,1,0,1,0,1,1,0,0,0,1,1,0,0,0,3,0,1,0,99,163,252,152,83,15,0,3,0,2,0,0,0,0,1,0,0,0,3,0,1,1,2,0,0,2,0,45,242,248,251,250,255,249,80,0,2,0,0,3,3,2,0,1,2,1,3,4,1,0,2,0,2,0,2,0,68,131,246,253,255,250,252,68,1,0,3,0,2,0,2,2,1,1,2,0,0,0,0,0,2,0,0,1,1,0,65,205,251,252,249,134,40,0,0,0,0,0,0,0,1,0,0,0,0,0,2,0,0,3,0,0,0,1,1,29,122,248,252,252,226,20,2,1,0,0,0,1,1,1,2,0,0,0,0,0,0,2,0,0,1,1,3,0,0,241,253,251,248,83,0,0,0,3,0,0,2,0,0,0,1,0,2,0,3,1,2,0,0,0,0,1,0,44,254,252,252,87,1,0,1,0,0,0,2,0,0,3,0,3,1,0,0,0,3,0,0,0,1,1,1,0,251,252,251,130,2,1,0,0,0,0,4,0,0,0,0,1,0,3,3,0,3,1,0,3,0,0,1,0,253,251,255,204,0,0,0,0,1,0,0,0,0,0,1,1,0,0,0,0,2,1,29,87,1,1,0,1,252,251,253,148,2,2,2,0,1,0,0,1,0,0,0,0,0,2,0,1,0,88,220,253,210,87,7,125,255,255,254,84,1,0,2,0,2,0,1,0,0,0,1,0,0,0,0,0,5,177,255,255,249,254,205,199,252,249,252,83,2,0,0,2,0,0,1,1,1,3,0,0,0,0,0,2,52,254,251,251,250,252,252,252,253,251,230,36,0,0,0,0,1,0,0,0,1,0,0,1,0,0,1,2,160,251,255,146,218,250,253,248,253,245,119,1,0,3,1,1,0,4,0,2,0,0,5,1,0,0,0,0,65,233,252,234,238,253,253,250,252,234,23,1,0,2,1,0,4,0,0,1,0,0,0,2,2,0,4,0,0,166,253,249,250,249,249,253,255,254,198,57,3,2,0,0,1,0,1,2,1,0,1,1,0,3,0,1,0,57,168,231,249,220,202,211,212,252,249,244,155,1,29,55,0,0,0,0,0,0,0,0,1,1,1,0,0,0,2,26,35,20,15,19,81,213,255,251,244,218,227,156,1,0,0,1,1,0,0,0,2,0,1,0,0,3,1,0,0,1,0,0,0,36,253,254,251,253,253,102,1,0,0,0,2,0,0,0,2,1,0,1,2,2,0,0,2,0,0,0,0,1,10,90,158,68,70,3,0,1,1,0,1,0,0,0,0,0,2,0,1,1,0,0,3,0,0,0,2,2,0,0,2,1,0,2,2,1,1,3,0,2,0,2,0,0,0,1,0,0,0,0,0,1,0,0,0,0,0,1,0,0,0,0,2,0,1,1,3,0,0,0,0,0,2,0,0,0,0,0,0,0,0,0,0,1,0,0,0,0,2,0,2,0,2,1,0,0,0,2,1,4,0,0,0,0,0,0,0,1,5,1,0,1,2,1,0,0,0,2,2,0,0,0,3
1,4,0,0,0,0,1,0,1,0,2,0,0,0,0,0,1,3,2,0,0,2,0,0,1,2,0,0,2,1,0,0,0,0,0,2,0,2,4,1,1,2,1,2,1,0,0,0,2,0,0,0,0,0,0,0,0,0,0,0,0,1,2,0,0,1,0,0,0,0,0,1,0,0,0,0,2,1,2,1,0,0,1,0,3,0,3,2,3,2,0,1,1,0,1,0,1,0,0,0,0,0,0,1,0,0,0,1,2,0,0,0,3,0,3,0,1,3,0,3,0,0,3,2,0,0,0,0,0,0,3,0,0,1,2,2,0,1,2,0,0,0,1,4,2,1,1,1,0,0,1,45,157,169,253,193,72,13,0,0,1,0,2,0,0,0,3,2,0,0,0,0,1,2,0,2,1,9,157,248,254,255,251,251,255,197,91,0,1,0,0,0,0,0,2,0,0,0,1,0,0,0,2,0,2,47,253,255,253,252,255,255,251,252,209,12,2,0,0,1,2,0,0,2,0,0,0,0,0,0,1,0,0,30,238,253,255,255,163,88,43,135,252,175,4,4,0,0,0,2,0,2,2,0,1,1,2,2,0,0,0,1,158,252,254,255,63,0,0,11,190,231,62,0,0,0,2,1,1,0,0,0,0,2,1,0,0,0,0,4,122,255,221,61,14,0,0,0,41,243,234,0,4,0,2,2,0,0,0,0,3,1,0,1,0,0,0,47,252,255,38,2,0,0,0,0,0,139,239,0,0,1,0,3,5,1,0,1,0,0,1,0,2,1,2,101,251,206,5,0,1,0,0,0,0,144,253,73,0,0,0,0,0,0,0,0,0,4,1,0,0,0,38,199,255,89,0,0,2,2,1,1,0,60,254,157,1,0,3,0,0,0,0,1,0,3,1,0,0,1,78,252,238,18,0,0,0,0,0,3,3,48,254,170,0,3,2,1,0,0,1,0,0,0,2,0,2,0,135,252,235,0,0,0,0,2,0,0,0,48,252,171,0,0,2,7,0,2,1,0,1,0,0,2,0,1,173,253,140,2,0,0,0,0,2,0,0,49,249,213,4,0,0,1,0,0,0,1,0,0,0,0,0,8,206,249,45,0,0,0,1,0,0,0,0,87,255,251,12,0,1,1,0,0,0,0,0,3,1,1,0,106,252,204,0,0,2,5,0,2,0,4,0,172,254,104,0,0,2,0,0,0,1,1,1,0,1,2,0,103,254,203,0,3,0,0,1,0,1,0,43,244,235,6,3,0,1,0,0,1,0,2,0,1,0,0,0,61,212,245,36,0,0,3,0,0,0,50,188,254,117,0,2,0,3,4,1,2,1,0,0,0,0,0,0,0,136,255,145,0,0,0,0,5,124,212,253,188,15,0,3,0,0,0,0,3,0,0,0,0,0,1,2,0,61,248,247,151,98,55,55,175,252,254,189,10,1,0,0,2,0,0,0,2,1,0,1,0,1,1,2,0,0,105,250,255,255,252,253,255,224,91,11,0,0,2,0,4,0,3,1,0,0,0,0,1,0,0,0,2,0,2,60,157,216,253,254,136,37,0,0,0,1,2,0,0,2,0,0,0,2,3,1,1,2,0,1,0,1,0,1,1,0,3,1,1,0,0,0,1,3,1,1,0,1,0,2,1,1,3,0,1,0,0,0,0,0,0,0,2,3,0,0,0,2,0,0,2,0,1,0,0,2,1,2,3,2,1,3,0,0,0,0,2,0,0,1,3,1,1,0,0,1,0,0,1,1,1,0,0,0,0,0,2
0,1,2,0,0,1,0,2,2,0,0,0,2,0,0,1,0,0,0,1,5,0,0,3,1,0,0,1,1,0,0,1,1,1,0,1,0,0,0,2,0,0,0,3,1,1,0,0,1,0,0,4,1,0,2,1,1,2,2,2,0,0,0,0,1,0,0,0,0,2,0,1,2,0,2,0,0,0,1,1,3,0,0,0,0,1,0,0,0,0,0,0,0,0,0,2,0,2,0,2,0,1,0,0,0,0,2,0,3,0,0,0,0,2,3,1,0,0,1,3,4,1,0,0,3,0,0,1,1,1,1,1,0,2,0,2,3,0,1,0,0,2,0,0,0,0,1,0,3,0,1,0,3,1,0,75,193,104,1,0,0,0,1,1,0,0,0,0,0,0,0,0,0,0,1,3,0,1,1,2,0,0,0,133,254,255,7,0,2,0,0,0,0,0,0,2,0,0,0,1,1,2,0,16,80,0,1,0,0,1,4,131,253,255,56,0,1,0,0,0,1,2,0,0,5,1,0,0,0,0,3,88,253,110,0,2,1,0,2,130,252,252,120,0,3,0,0,2,2,5,0,1,0,0,0,0,0,0,1,41,255,245,0,0,0,0,0,131,255,255,203,1,0,0,1,0,0,0,0,0,2,0,3,0,0,4,2,42,254,246,5,2,0,0,2,81,255,255,227,0,0,2,0,0,1,0,4,0,2,1,1,0,1,1,2,46,255,255,100,3,0,0,1,23,255,255,225,0,2,0,0,1,0,0,0,0,0,1,1,0,1,0,0,46,255,255,147,91,87,88,56,24,255,253,247,62,2,0,3,0,0,2,2,5,2,2,0,3,0,1,1,100,252,254,255,255,253,253,247,237,254,254,252,80,0,0,0,0,0,2,0,0,0,1,0,2,0,0,3,216,255,254,255,255,254,252,255,252,255,252,254,84,0,0,3,0,0,0,0,0,2,0,2,0,2,0,3,172,253,252,197,162,155,56,56,112,185,250,252,164,1,2,1,0,0,0,2,3,1,1,0,3,0,0,3,28,126,118,6,0,0,2,0,0,63,253,252,180,0,0,0,1,2,0,0,0,0,0,2,0,0,0,0,0,0,0,0,0,0,1,0,4,60,255,253,81,0,0,0,0,0,0,0,1,1,0,2,1,0,1,0,2,0,0,0,0,0,2,2,0,62,254,253,82,0,0,0,3,0,0,0,1,0,0,0,1,0,1,0,2,0,0,2,1,0,1,1,1,53,250,252,137,2,0,1,0,0,0,0,2,0,0,0,0,0,2,0,0,0,1,2,0,1,1,0,0,0,208,252,186,0,0,0,0,0,0,1,0,0,2,1,2,3,3,0,1,1,0,0,2,0,0,0,0,1,206,255,246,33,0,0,0,0,0,0,3,0,0,1,4,0,1,0,3,2,0,0,0,2,0,0,1,0,99,254,255,42,0,0,4,0,4,0,3,0,0,0,0,0,0,0,0,0,0,0,0,2,0,3,1,0,68,253,255,72,1,3,1,2,3,0,0,0,0,1,0,2,0,0,0,1,0,1,0,0,1,0,0,3,0,151,255,150,3,3,0,0,3,0,0,2,1,0,0,0,0,0,0,1,0,0,0,0,0,0,0,0,3,0,0,1,0,2,0,1,1,1,0,0,2,1,0,0,0,3,2,0,0,0,2,0,0,1,0,3,0,1,0,1,0,0,0,3,0,3,3,3,0,0,1,0,0,0,0,0,2,0,2,4,1,0,0,0,0,4,2,0,0,4,0,0,1,0,0
0,1,0,0,0,0,0,0,1,0,2,0,0,2,0,1,0,0,3,0,1,0,1,0,1,1,2,3,0,4,0,0,0,4,0,0,0,0,0,3,3,1,0,1,0,3,0,0,1,4,0,2,1,0,2,0,1,0,0,0,2,2,2,1,1,0,0,0,0,1,0,1,1,2,2,3,3,0,1,3,1,0,0,1,1,0,1,0,0,0,1,2,0,0,0,0,0,0,2,0,1,2,0,0,0,0,1,0,4,4,0,0,0,0,0,1,2,0,0,1,0,1,0,2,0,2,43,143,255,183,12,4,0,2,0,0,0,0,0,0,1,0,0,0,2,0,0,4,0,5,0,0,0,126,228,252,250,253,62,0,2,1,0,0,3,1,1,0,0,3,0,0,0,0,0,0,0,0,2,63,167,220,253,252,251,250,227,163,76,3,0,0,1,0,0,0,6,0,2,0,2,0,1,0,0,0,65,243,252,252,252,254,181,253,255,253,182,81,4,0,1,1,4,2,0,0,2,0,0,2,0,3,4,73,239,252,254,255,251,69,19,177,246,254,253,243,52,0,1,1,3,0,1,0,2,0,0,0,0,0,70,233,255,253,248,222,75,11,0,0,118,255,253,253,77,0,0,1,1,2,1,0,0,0,0,0,0,2,223,252,252,252,127,0,0,0,0,0,37,214,251,255,232,55,0,1,0,0,1,0,0,1,0,1,5,162,251,254,252,115,4,0,0,0,0,0,0,37,251,254,253,104,1,1,2,0,0,0,3,0,0,0,132,254,255,245,125,4,0,0,0,0,0,2,2,13,160,254,253,104,1,3,0,0,0,0,0,2,0,34,217,255,254,228,2,0,0,0,0,0,0,0,0,0,135,252,253,192,0,0,0,0,2,0,0,0,0,211,254,254,223,44,1,1,0,3,1,2,0,0,0,0,134,255,255,255,5,1,0,0,0,0,2,0,90,247,254,254,60,1,3,0,0,3,0,0,0,1,0,1,134,255,255,252,0,2,0,0,0,1,0,1,111,253,251,248,27,0,2,1,0,0,0,1,0,0,0,0,134,253,253,251,1,0,0,1,1,0,0,0,253,251,250,134,0,0,0,1,0,0,0,2,3,0,2,87,192,252,251,181,2,0,0,2,0,1,2,0,255,253,240,17,0,0,0,0,0,0,0,0,4,73,119,249,254,255,237,76,1,3,0,1,1,0,0,0,152,250,248,110,21,3,2,0,0,18,30,155,183,253,254,250,253,255,192,0,2,0,3,0,1,0,0,0,104,254,252,253,214,133,131,131,135,205,253,253,252,254,255,251,255,127,30,0,3,0,0,3,2,0,1,0,8,213,255,254,253,254,251,252,253,255,255,255,252,255,255,242,87,0,2,1,3,1,0,0,0,0,0,0,1,52,156,254,255,253,255,252,254,251,234,210,202,129,164,53,0,2,1,0,2,1,0,0,0,4,1,1,1,2,5,107,239,252,253,165,226,103,63,0,4,0,3,0,1,0,0,0,0,0,0,0,3,2,1,2,0,3,2,0,2,1,1,0,0,0,1,0,3,0,1,1,0,0,0,0,2,1,0,0,2,1,0,2,1,0,0,1,3,1,5,2,1,2,0,0,0,0,0,1,0,2,1,2,4,0,0,0,1,0,2,0,2,0,3,0,0,0,2,0,1,0,0,0,1,1,2,0,0,0,0,3,0,0,0,1,1,1,0,1,4,1,1,0,1,0,0,1,2,0,2,1,0,0,1,2,4,0,0,0,0,0,3,0
0,1,0,0,1,3,0,0,0,0,3,2,1,2,0,0,3,2,0,2,2,0,0,0,0,1,0,0,0,2,0,0,1,1,0,0,1,0,2,0,0,0,0,0,1,0,0,3,0,1,0,2,0,1,0,0,0,0,0,3,0,1,2,2,0,2,0,2,0,0,3,0,1,2,0,2,0,2,0,0,0,1,3,0,0,0,0,0,0,1,0,2,0,0,0,1,1,0,0,0,0,0,0,0,1,1,0,0,0,0,0,0,0,0,0,0,1,4,0,0,0,2,1,0,0,0,2,1,1,0,0,1,0,2,0,0,1,0,0,0,0,3,0,0,0,0,0,0,8,137,145,0,0,3,0,1,0,1,1,0,0,0,4,0,0,0,2,1,0,2,0,0,1,4,0,1,86,254,244,42,0,3,1,2,64,66,64,59,1,0,1,0,1,0,0,0,0,1,2,0,0,0,0,30,223,252,254,71,0,51,139,221,251,253,253,252,221,153,7,0,0,0,0,2,1,0,2,0,0,0,0,132,252,249,254,100,27,234,251,252,254,250,179,185,253,254,158,0,0,0,0,2,0,0,0,0,0,2,15,211,250,187,112,86,21,201,223,178,28,24,1,2,55,184,252,194,9,1,3,0,2,0,1,0,0,1,143,254,248,79,1,0,2,0,0,0,0,1,0,0,0,11,135,255,86,1,0,0,0,1,0,1,3,30,234,254,141,2,2,0,0,0,0,1,0,0,0,1,0,0,43,251,169,0,0,3,0,1,4,2,1,130,253,253,57,0,1,2,0,3,0,0,0,0,1,1,0,0,0,243,255,0,0,0,0,0,0,0,2,177,255,171,0,0,0,0,0,2,1,1,0,2,0,4,0,0,0,244,251,3,0,0,2,0,1,0,1,255,253,127,0,0,1,3,0,0,1,0,0,1,0,1,2,2,74,253,214,2,0,0,5,0,1,1,0,255,253,88,3,0,1,1,1,0,0,0,1,1,0,0,1,47,194,241,41,3,0,5,0,2,0,0,1,253,255,90,1,3,2,0,0,1,2,0,0,1,0,0,9,184,254,163,0,0,0,0,2,2,2,0,0,251,253,119,0,0,1,2,2,0,1,1,3,0,0,5,199,252,230,37,0,0,0,2,2,1,0,2,0,166,251,197,3,0,0,0,1,2,0,0,1,3,93,215,251,225,86,0,0,0,1,3,0,0,1,1,0,69,240,253,141,59,0,1,2,0,3,2,82,167,255,250,229,81,0,0,0,2,4,0,3,0,0,3,1,0,142,253,255,218,133,104,32,112,154,235,255,252,245,168,40,1,0,0,0,0,0,0,1,1,1,0,0,0,2,150,255,253,252,254,252,252,252,255,251,172,48,5,1,0,1,0,0,1,2,0,0,0,0,0,0,1,0,5,55,111,107,111,110,107,108,106,10,2,1,3,0,0,0,0,0,0,0,0,4,0,0,0,2,0,0,0,0,0,0,0,1,0,5,0,0,0,0,0,1,3,0,0,0,1,0,3,0,0,0,2,0,0,1,2,1,0,0,0,0,0,0,0,0,0,0,0,2,2,0,3,0,4,4,0,0,0,1,0,0,0,0,0,0,0,0,2,0,2,0,2,0,0,0,1,0,1,3,0,0,0,0,0,0,0,0,3,0,0,2,0,0,1,1,2,0,0,0,0,0,0,3,1,0,1,1,0,1,3,0,1,0,1,2,1,0,3,0,1,1,0,0,0,0,3,3,0,0,2,1,0,1,3,1,0,0,0,0,2
2,0,0,0,1,0,0,0,0,3,0,1,0,0,1,0,0,0,0,2,1,1,0,0,2,0,0,0,1,0,0,3,0,3,1,0,0,0,0,0,2,0,0,1,0,0,1,0,0,1,0,0,1,0,0,2,0,1,0,0,0,0,1,1,0,0,1,1,1,0,0,0,0,0,0,0,1,0,0,0,0,5,1,0,0,0,0,1,2,2,0,0,0,0,3,2,0,1,0,0,1,0,0,1,0,0,0,1,0,0,0,3,0,1,0,2,2,0,0,0,1,0,0,1,0,14,94,165,190,166,96,45,1,3,0,2,0,2,0,0,0,0,0,0,1,1,0,1,0,0,0,42,208,245,251,254,255,254,254,249,138,0,1,1,2,0,2,0,0,1,0,0,0,0,0,2,0,21,170,185,255,254,192,184,113,171,183,240,255,61,0,2,0,0,0,1,0,3,0,0,2,0,3,3,2,131,253,253,196,59,3,0,0,1,0,196,255,66,0,0,2,0,0,0,2,0,1,0,1,0,1,0,1,69,253,148,15,0,0,0,0,3,9,207,255,63,0,0,1,1,0,0,3,1,0,0,0,2,1,0,0,6,166,10,2,2,1,1,0,8,162,254,244,31,4,0,1,1,0,0,0,0,3,0,1,2,1,0,0,1,0,3,2,1,0,1,8,170,252,251,108,0,0,0,1,0,0,0,0,0,0,1,2,0,0,0,0,0,0,0,0,3,0,57,211,253,253,170,6,0,0,0,2,0,0,2,0,0,0,2,3,1,0,1,0,1,0,1,0,37,166,251,252,253,200,13,0,0,2,4,0,0,0,1,3,0,2,0,1,0,0,1,0,0,1,24,165,252,253,255,252,132,7,0,0,0,0,3,3,0,0,1,2,0,1,1,0,2,0,0,0,13,104,231,254,255,255,208,53,0,0,2,0,0,0,3,0,2,0,4,0,1,2,0,0,0,0,1,136,219,249,254,251,209,63,7,1,1,0,0,1,0,0,0,0,2,2,2,2,0,1,0,0,3,8,135,251,254,254,229,100,6,0,0,0,0,0,1,0,3,0,0,1,1,0,0,0,0,3,0,0,0,185,254,251,207,66,7,4,0,0,0,0,3,0,3,0,4,2,0,0,2,0,1,0,0,0,4,1,0,255,254,231,16,4,0,0,2,0,1,1,7,11,49,105,105,163,164,192,130,0,0,1,0,0,0,2,0,155,254,254,211,184,182,183,169,177,185,182,218,204,198,254,251,253,254,244,244,0,0,0,1,2,0,0,1,26,247,253,255,253,254,254,255,255,255,253,255,246,244,178,158,125,78,19,0,0,0,0,0,0,0,2,0,0,49,159,250,170,161,164,164,162,162,163,150,13,0,0,0,0,2,0,0,0,1,1,0,1,1,0,1,0,0,0,0,0,0,0,0,0,1,0,0,1,0,1,0,0,0,0,0,4,0,0,2,2,4,0,0,0,0,0,0,0,1,1,0,0,2,0,0,0,1,1,3,0,0,0,3,0,1,0,0,0,1,0,0,3,6,1,0,1,0,2,0,0,0,1,0,0,0,0,0,3,0,2,0,2,0,0,0,0,0,1,1,0,0,0,0,2,1,1,1,0,0,1,0,0,1,1,0,1,0,0,0,0,0,2,3,0,0,0,0,0,2,1,1,3,0,0,3,2,0,0,1,1,0,2,0,0,0,0,1,0,1,1,0,1,0,0,1,0,2,0,0,0,0,0,0,0,0,0,0,2,1,2,0,2,0,0,0,0,0
3,0,0,0,2,0,1,0,0,3,2,0,3,0,0,1,0,0,1,0,0,5,2,1,0,0,0,1,0,0,3,3,2,3,1,0,0,2,0,0,0,0,0,0,1,0,3,0,0,0,2,1,1,0,0,3,0,0,0,1,0,2,0,2,0,0,0,0,0,1,0,2,0,0,0,0,0,0,2,0,1,1,0,1,1,0,1,2,0,3,3,1,2,0,2,1,0,1,0,3,1,0,0,2,1,0,0,0,0,0,1,0,2,0,1,0,4,1,2,2,3,2,0,2,2,0,0,6,0,0,1,2,0,0,0,0,2,0,1,0,0,0,1,0,1,0,2,1,0,1,0,75,157,151,234,253,254,197,111,0,0,0,0,0,0,0,0,2,0,0,2,0,2,0,0,4,2,0,82,252,254,252,252,252,251,253,253,142,182,161,0,0,0,0,2,2,1,0,0,1,0,0,0,4,1,0,102,252,255,106,21,3,0,27,235,254,253,84,1,0,0,0,1,0,0,0,1,0,3,0,0,0,0,0,21,217,252,38,2,2,0,92,252,255,87,0,1,2,0,2,0,0,1,0,1,0,1,0,0,2,5,0,0,55,255,234,29,2,83,255,250,124,1,3,0,0,0,0,3,0,0,0,1,0,0,1,0,1,0,1,1,30,231,252,172,84,244,254,131,0,0,3,0,0,1,0,1,0,0,0,2,0,1,0,0,0,2,0,2,0,84,252,252,255,252,123,0,2,0,0,1,2,1,0,0,0,0,0,0,3,0,0,1,0,0,0,0,3,0,216,250,250,169,0,0,0,0,2,0,0,2,0,0,0,0,0,0,1,0,4,0,0,1,0,1,0,41,255,251,255,71,2,0,0,0,0,2,0,0,0,0,0,0,0,2,3,0,1,0,0,2,0,1,42,245,255,214,250,192,0,4,0,0,1,0,0,0,1,1,3,0,4,1,0,0,0,2,0,2,2,22,214,251,81,0,194,255,122,5,1,1,0,1,4,2,0,1,3,2,1,1,0,2,2,2,0,2,23,203,252,168,1,0,112,253,205,0,0,1,0,0,0,0,0,0,0,2,0,0,0,2,0,0,1,2,170,253,222,18,4,0,1,201,234,30,1,0,1,0,1,0,0,0,0,0,0,0,0,0,1,0,0,0,252,251,84,1,1,0,0,203,254,46,0,0,0,2,2,3,1,0,0,0,0,1,1,0,0,0,0,163,251,91,0,0,0,0,0,102,251,154,0,1,0,2,2,0,1,0,0,1,2,2,0,0,3,2,40,245,170,7,0,4,3,0,3,103,253,68,0,0,0,0,0,0,0,2,0,0,0,1,1,2,2,1,51,254,102,0,2,1,0,1,54,234,224,21,0,1,0,0,0,0,2,2,0,0,1,0,0,0,1,2,52,253,202,19,0,3,21,141,233,253,122,0,0,0,1,0,0,0,1,0,4,1,4,1,0,0,0,1,1,185,253,252,211,253,253,251,223,80,0,1,0,3,2,1,0,0,0,2,1,0,0,0,0,0,0,2,0,16,152,195,251,252,234,110,20,0,1,0,2,0,0,2,2,0,0,0,0,3,1,2,3,6,0,1,2,3,1,5,2,0,3,0,0,1,0,0,2,5,0,0,2,1,1,0,2,0,1,0,1,1,0,0,0,0,0,1,0,2,0,0,3,0,0,0,0,3,1,0,1,1,2,2,0,0,0,2,2,1,4,0,1,0,1,1,0,0,1,0,2,0,2,0,0,0,1,0,6,1,2,0,2
3,0,0,1,3,0,3,0,0,0,0,0,1,2,3,0,1,0,0,0,1,0,2,0,0,0,1,0,0,0,0,0,0,0,0,0,0,2,0,0,1,0,0,3,0,0,1,0,0,0,1,0,2,0,0,4,0,0,0,0,1,0,2,0,3,3,1,4,1,2,0,2,3,0,0,1,0,0,1,0,0,0,1,3,0,0,0,2,1,1,3,0,2,0,0,0,0,1,0,3,3,0,0,0,0,0,1,0,1,0,0,0,1,3,0,2,2,0,1,0,0,0,3,2,1,1,0,2,0,0,3,0,0,1,2,0,0,0,0,0,0,3,0,0,1,0,0,0,1,1,0,0,1,4,0,190,194,1,0,1,0,1,0,1,1,0,0,0,0,0,0,0,0,0,0,3,0,0,1,3,0,0,36,241,223,2,0,0,0,1,3,0,0,1,3,2,1,1,0,1,1,0,3,0,0,0,1,3,0,0,74,255,224,0,1,0,1,0,0,0,4,3,3,0,1,0,0,0,2,1,0,2,0,0,0,0,2,11,229,255,150,1,2,2,0,3,0,0,0,0,0,0,0,0,3,1,0,0,1,0,0,0,0,0,0,121,255,255,64,0,0,0,1,2,2,0,0,5,2,0,0,0,3,0,0,1,0,0,0,4,4,2,101,254,254,253,44,1,1,1,0,3,0,1,0,1,2,0,1,1,0,3,0,0,0,1,2,1,1,40,251,255,227,253,45,0,0,0,1,0,0,0,3,2,1,0,0,0,2,1,1,0,2,3,2,0,47,253,252,38,237,255,46,0,0,0,0,0,0,0,0,1,0,0,0,0,0,1,1,0,3,0,0,42,225,248,47,0,237,211,2,0,1,0,0,0,0,1,0,0,0,1,0,0,0,1,0,0,0,0,25,225,245,85,0,81,253,113,0,1,0,1,0,0,67,76,0,0,0,2,0,3,1,2,1,0,0,0,125,252,130,2,0,204,248,28,0,1,1,0,84,121,190,94,0,0,0,0,0,0,0,0,3,0,0,0,128,252,228,199,199,255,242,116,108,177,196,198,237,218,103,13,2,0,2,1,0,2,0,0,0,1,3,0,10,80,159,223,255,255,251,251,249,214,221,160,5,0,0,4,2,0,2,0,3,4,0,0,0,0,0,0,0,2,1,10,255,177,7,3,2,2,0,0,0,0,0,0,0,0,0,0,1,0,0,0,0,2,0,3,0,0,0,122,255,71,0,3,0,1,2,0,0,0,0,0,0,0,1,1,1,0,1,0,0,2,0,0,1,0,0,189,251,3,1,0,1,0,0,0,1,0,0,2,1,2,0,1,1,0,0,3,2,0,1,1,0,1,12,221,181,1,1,0,0,1,2,1,3,0,0,4,0,0,0,0,0,0,2,0,0,0,1,1,0,0,20,253,98,2,0,0,0,2,1,0,0,0,2,0,1,0,1,1,0,0,0,1,0,2,1,0,1,4,23,254,49,0,0,1,0,0,0,1,0,0,0,0,2,0,1,0,1,1,1,0,2,0,3,0,3,1,46,194,0,0,0,0,0,0,2,0,0,1,1,0,5,1,2,0,1,2,0,1,0,0,3,0,1,1,0,1,1,2,1,1,0,1,1,0,0,0,2,0,0,0,0,0,0,0,3,0,0,0,1,0,2,0,0,0,0,2,1,1,0,0,0,0,2,2,0,0,2,1,0,0,0,0,1,0,0,0,0,0,0,0,2,1,0,0,1,2,3,4,0,0,0,4,1,0,1,0,0,1
0,0,0,0,0,1,0,0,0,0,1,0,0,1,0,0,1,3,0,0,3,3,0,1,0,0,4,0,0,1,1,1,0,3,2,0,0,0,0,3,1,0,0,0,0,0,0,0,0,1,0,0,0,0,0,0,0,1,1,0,0,0,0,0,0,1,0,0,0,7,0,0,0,0,0,0,3,0,1,0,0,3,0,0,0,1,0,0,0,0,3,0,2,2,1,0,3,1,0,0,0,0,0,0,2,0,1,0,4,1,0,0,0,0,1,1,0,0,2,0,0,1,0,0,0,0,0,1,0,0,0,0,1,2,0,0,0,0,3,2,0,0,0,0,0,0,0,1,0,0,3,2,2,2,0,0,0,2,0,0,0,1,2,0,0,0,0,0,0,0,0,0,0,1,6,200,255,254,254,253,232,129,37,5,1,1,0,0,1,0,0,0,2,1,0,1,0,0,0,0,4,0,11,249,254,254,248,255,251,255,251,221,44,4,0,2,0,0,0,0,0,4,0,2,0,3,3,0,0,0,4,132,247,251,254,254,253,250,252,253,254,58,1,1,0,0,1,5,0,3,1,0,0,0,0,0,0,0,1,1,64,105,185,245,253,252,255,255,251,172,0,1,0,0,0,0,0,1,0,0,1,1,2,0,0,0,0,0,4,0,1,151,218,225,229,250,254,216,28,0,0,3,0,0,1,0,0,1,0,0,1,2,0,0,0,2,0,0,1,0,0,0,62,254,252,248,45,0,1,0,2,0,1,0,0,0,2,0,1,0,0,1,3,0,1,0,0,0,0,0,64,251,250,252,43,2,0,1,0,0,0,0,3,0,0,1,0,0,0,1,2,0,1,0,0,0,2,0,61,255,254,251,44,0,0,0,0,1,0,1,0,0,0,0,0,0,1,0,1,1,0,2,3,0,3,4,64,254,253,253,70,0,1,0,2,0,0,3,0,0,1,0,1,0,0,0,2,46,187,186,183,184,184,187,203,251,255,250,227,185,186,186,43,2,0,0,1,2,0,1,0,0,3,0,0,49,251,253,252,251,255,253,255,253,251,252,254,250,252,254,143,0,0,0,0,3,0,2,0,2,2,0,0,4,171,248,251,255,254,251,252,252,251,253,253,254,255,226,40,1,0,0,1,0,1,0,0,0,0,4,1,2,29,48,178,253,216,253,255,252,253,150,46,51,52,30,0,0,0,0,3,0,0,1,4,1,0,0,0,2,0,3,108,85,20,86,249,251,254,48,0,0,1,3,0,2,0,1,0,0,1,0,0,1,5,0,0,0,2,0,1,4,0,161,255,252,254,49,1,0,2,1,0,1,0,0,2,3,1,1,0,0,1,4,0,2,0,1,3,1,0,179,254,255,252,45,0,2,0,1,0,3,2,0,0,0,3,0,0,0,0,0,3,0,0,0,0,1,46,247,253,252,250,48,0,0,0,0,0,0,0,1,3,0,0,0,0,0,0,0,0,0,0,0,0,2,29,221,255,255,252,46,0,1,4,0,0,1,0,0,0,2,2,4,4,1,1,1,1,0,0,0,0,0,0,179,255,254,125,6,3,0,5,1,0,0,0,2,0,1,1,3,3,0,0,2,3,0,1,0,0,0,0,121,163,32,2,0,0,0,1,1,0,1,1,0,2,2,0,0,0,2,3,0,2,0,3,0,0,0,0,1,2,0,0,1,2,0,0,0,2,0,0,0,1,1,0,0,0,0,0,1,3,0,0,0,0,1,0,1,0,1,0,0,0,0,0,3,1,0,0,1,1,0
0,0,2,0,2,2,0,2,0,2,3,2,3,1,0,0,0,0,1,0,0,0,0,0,0,0,2,0,3,1,0,0,0,1,0,0,0,4,0,2,3,0,0,3,0,2,0,2,2,1,0,1,3,0,0,0,0,0,0,2,0,0,0,0,0,0,2,0,1,1,1,0,2,3,1,0,0,0,2,3,2,0,0,4,0,1,0,1,0,0,0,0,0,2,3,0,0,1,1,1,0,0,0,0,0,0,0,3,3,0,0,1,0,3,0,0,2,1,0,0,0,0,0,0,3,190,208,0,0,0,0,0,1,0,1,0,3,0,0,0,0,1,0,0,0,0,1,0,0,1,0,0,4,190,255,28,0,0,0,0,0,0,0,0,0,0,2,0,2,0,1,1,0,0,0,4,1,0,0,0,1,187,251,112,0,0,2,0,1,0,1,0,0,0,0,0,0,3,0,0,0,0,1,0,0,0,2,2,1,187,252,121,2,1,1,3,3,0,1,0,1,0,1,0,2,1,0,2,0,0,2,0,0,0,1,0,0,187,255,148,2,0,1,0,0,3,0,1,2,3,0,0,0,1,2,1,1,0,0,0,0,0,0,1,0,188,251,109,1,0,0,1,1,0,1,2,0,0,0,3,0,0,0,0,2,0,1,0,0,0,3,0,2,191,253,115,4,0,0,0,1,0,0,0,0,3,0,0,1,2,0,0,0,0,0,1,3,0,0,0,45,253,255,177,2,2,1,0,3,0,0,1,1,0,0,1,0,0,0,3,0,0,0,0,0,0,0,2,15,203,254,224,0,1,0,0,0,0,0,0,0,0,0,0,0,0,1,2,2,0,0,0,2,2,2,0,1,190,255,223,0,0,3,2,0,1,0,0,1,0,3,0,0,0,3,0,0,1,1,0,0,0,1,2,6,196,255,222,3,1,0,0,1,1,0,0,1,4,1,0,0,0,2,0,0,1,2,1,0,0,0,0,46,252,255,221,0,3,0,0,0,1,0,0,0,0,0,2,0,0,0,0,0,1,0,2,1,0,2,1,44,251,250,178,0,1,1,1,2,0,0,0,0,0,0,0,1,0,0,0,2,1,0,0,0,0,0,0,44,254,250,112,0,0,2,0,3,1,3,1,0,0,3,0,3,0,2,0,0,1,1,4,0,0,2,2,46,253,253,181,1,0,1,0,3,2,0,0,0,1,3,1,0,0,0,1,1,0,0,0,0,0,0,0,13,199,255,249,62,0,2,0,0,0,0,0,0,0,1,0,0,0,0,0,0,2,1,0,2,0,2,3,0,82,254,251,179,2,0,1,0,0,2,0,1,0,0,0,1,0,3,0,0,2,2,0,1,0,0,0,2,1,223,254,189,0,0,1,0,0,0,0,0,0,0,0,0,0,3,0,0,2,2,1,0,0,0,4,0,0,221,255,187,0,0,0,0,2,1,0,1,2,0,2,0,0,0,0,4,1,1,0,3,0,3,1,0,0,80,240,105,3,2,1,0,3,0,0,1,0,0,0,0,1,0,0,2,2,0,1,0,0,0,0,1,0,0,0,1,3,0,1,0,0,0,1,2,0,0,0,0,1,0,2,0,3,0,0,1,1,0,0,0,2,0,3,0,0,1,0,3,4,0,0,0,1,3,0,0,1,3,0,1,2,2,0,0,3,0,3,0,0,0,0,0,0,1,0,0,0,0,0,0,0,2,0,0,0,2,2,1,0,0,0,1,2,0,2,1,3,0,1,0,2,4,2,0,2,0,0,1,0,0,0
2,1,0,0,0,3,0,5,1,1,0,1,2,1,0,0,0,0,0,1,2,2,0,0,0,0,0,2,0,0,0,1,0,0,0,0,0,2,0,0,0,0,2,0,1,4,2,0,0,0,0,1,0,0,0,0,0,3,0,0,0,2,0,0,3,0,2,0,3,0,0,1,1,1,0,3,0,2,3,0,0,0,2,2,0,2,0,1,0,0,0,1,2,1,0,0,3,0,0,2,2,0,2,0,2,0,0,2,0,2,0,1,0,0,0,0,1,0,3,1,2,0,0,0,2,0,0,2,3,0,1,0,1,0,1,2,3,0,0,0,0,0,0,2,0,0,0,0,0,1,0,0,1,0,0,2,0,0,0,1,1,0,0,1,0,1,0,0,1,0,0,0,2,2,0,2,8,52,120,82,118,147,115,38,2,0,0,6,0,3,2,0,2,1,2,0,0,0,2,2,0,0,0,120,209,255,251,180,194,164,179,244,115,2,1,1,2,0,0,0,0,0,1,0,3,2,1,0,0,20,205,255,169,36,0,0,0,0,0,87,182,136,5,0,1,0,0,0,0,1,3,0,0,0,2,0,0,154,245,155,2,1,1,0,0,0,0,2,0,187,163,11,0,0,2,0,3,1,3,2,0,3,0,0,1,237,130,1,0,0,0,1,1,0,0,0,0,13,228,54,1,5,0,0,0,0,3,1,0,2,0,0,0,253,116,1,0,3,0,2,0,0,0,1,2,2,139,133,2,0,1,0,3,0,0,0,0,0,0,0,0,117,48,0,0,1,2,0,0,1,0,0,0,0,138,140,0,1,0,3,1,0,1,0,2,0,2,1,1,0,3,1,1,1,0,0,1,0,0,0,0,0,139,139,0,0,0,0,2,0,0,0,0,0,0,2,0,2,0,3,5,0,0,0,0,19,10,18,9,7,217,97,0,0,1,3,3,0,0,0,0,3,1,2,0,0,0,0,0,2,0,4,34,197,218,239,203,169,184,13,0,0,0,2,0,0,0,1,0,0,0,0,0,0,2,0,0,0,30,202,251,125,141,216,255,255,144,0,0,1,1,4,0,0,2,0,1,1,0,0,0,0,0,1,0,2,150,248,170,0,0,133,237,210,248,141,0,1,0,0,2,0,0,1,1,0,0,2,0,0,0,0,0,33,241,232,0,4,93,217,55,0,75,209,174,16,0,0,0,0,0,1,0,3,0,1,1,0,1,0,0,20,235,238,60,174,203,26,0,0,0,97,194,174,76,1,0,0,0,1,3,0,3,0,1,0,0,0,0,0,78,255,253,127,12,1,0,0,0,0,0,61,167,78,0,0,0,0,0,2,1,0,0,1,0,1,2,0,4,23,24,1,0,0,1,2,0,1,3,0,29,141,130,0,0,0,0,0,0,1,0,0,3,0,3,0,2,0,1,0,1,0,1,2,2,0,0,1,2,0,0,0,3,0,0,0,0,1,0,0,3,2,2,0,0,2,0,1,0,0,5,4,2,1,0,0,1,0,2,1,0,0,1,0,0,1,1,3,1,0,0,0,0,0,1,0,0,4,0,4,1,0,0,0,0,0,0,0,0,2,0,0,1,0,1,0,1,0,2,0,0,0,0,1,0,0,0,1,0,0,2,0,0,0,3,0,0,0,0,1,1,1,1,0,0,0,1,0,1,0,2,0,0,0,0,0,0,1,0,2,0,0,2,0,2,0,0,3,1,0,0,0,0,0,0,1,0,0,0,0,0,1,0,2,1,0,1,0,1,1,2,0,2,0
3,0,0,0,1,0,3,0,2,2,0,0,0,2,0,0,0,0,2,0,0,0,1,0,0,0,0,1,3,1,0,2,1,0,2,2,2,0,1,1,1,0,0,0,0,0,0,0,2,0,0,0,0,0,0,0,1,0,0,3,0,0,5,1,1,2,0,0,0,1,0,0,2,0,0,0,0,0,0,2,2,3,0,2,0,0,3,0,0,0,0,1,0,2,2,0,0,0,1,1,1,2,0,2,0,0,0,3,3,1,0,0,0,0,0,0,1,0,0,0,4,2,0,0,0,0,1,2,0,0,2,0,0,4,0,2,0,2,1,0,2,2,0,3,0,4,0,0,2,34,2,2,2,1,1,173,221,47,0,0,0,4,0,1,0,0,0,0,0,2,3,0,0,1,0,1,41,251,200,21,2,0,1,170,250,144,0,0,0,0,1,0,0,0,0,0,0,1,2,2,0,0,0,0,116,254,252,114,0,0,3,171,254,206,0,0,4,0,1,1,1,0,0,0,0,1,0,2,2,1,1,0,117,251,250,114,1,2,0,209,255,230,0,0,0,0,0,0,4,0,0,3,0,0,0,0,0,0,0,1,89,255,253,86,1,1,1,216,253,229,0,0,2,1,0,0,0,1,1,1,0,0,0,0,0,0,2,0,115,252,252,98,3,0,0,172,255,231,1,0,0,3,1,0,1,0,2,1,0,0,0,1,2,1,0,0,112,255,254,30,0,0,0,219,255,212,0,0,2,1,0,1,0,0,0,1,0,2,1,0,0,3,0,0,117,255,255,53,0,0,75,250,255,145,4,0,56,8,0,0,0,1,2,0,0,0,3,1,2,0,4,0,67,255,255,242,164,157,187,254,254,247,235,236,250,34,0,1,2,0,0,1,3,2,1,1,0,0,2,0,24,237,251,251,252,253,252,252,253,254,255,212,88,1,1,0,0,0,1,2,0,1,0,0,1,1,1,2,0,19,124,164,239,245,253,254,253,152,76,0,2,4,3,1,0,1,0,0,3,1,2,0,0,0,0,2,0,1,3,0,2,0,248,254,233,0,4,3,0,0,0,0,0,1,0,0,1,0,3,0,0,0,3,0,0,3,2,0,2,57,252,255,152,0,1,0,2,0,0,0,0,1,0,2,2,1,0,0,0,0,0,1,3,0,0,0,1,110,252,255,152,1,4,1,1,0,1,0,0,2,0,2,0,0,0,0,2,3,2,0,0,0,0,1,52,236,252,251,36,0,0,0,0,0,2,1,3,0,0,2,4,0,0,1,0,0,4,0,2,0,0,0,134,253,254,245,1,1,1,0,0,1,0,1,0,0,1,0,0,0,0,0,0,0,0,0,2,0,2,2,193,253,252,194,17,0,0,0,0,0,0,0,0,1,0,1,3,0,2,2,0,0,0,0,1,0,0,13,236,255,252,253,127,2,1,4,0,0,0,1,0,0,0,1,0,2,4,0,0,0,2,1,0,0,1,24,212,250,255,174,28,0,2,0,0,0,0,2,0,1,1,2,1,1,0,1,1,2,0,3,1,1,0,0,76,192,172,2,0,0,0,0,0,0,1,0,1,0,2,0,0,0,0,1,1,1,1,0,0,0,0,1,0,0,2,0,1,0,0,0,0,0,2,0,2,0,0,0,3,0,0,1,1,1,0,3,4,0,1,0,0,0,0,1,1,1,0,0,3,0,2,0,2,0,0,0,1,0,0,0,0,0,0,2,0,0,0,0,3,1,1,1,0,0,0,0,0,0,0,1,0,4,0,3
1,0,0,0,2,0,2,0,3,0,0,2,2,2,0,0,2,1,2,0,0,0,1,0,0,0,0,0,1,0,1,0,0,0,0,0,0,0,0,0,0,1,1,0,5,0,0,0,0,1,2,2,1,0,1,1,1,2,0,0,0,0,0,0,0,2,1,1,1,0,0,0,1,2,1,1,1,1,0,0,0,1,2,0,1,0,0,4,0,0,0,0,1,0,2,0,0,0,2,0,0,0,0,0,0,0,0,1,1,3,0,0,0,0,1,0,0,0,1,0,1,0,0,0,0,2,4,1,0,0,0,1,0,0,0,0,0,1,2,0,0,1,0,0,0,0,0,0,40,253,255,251,253,250,255,252,255,243,116,12,3,0,2,0,0,0,0,2,0,0,3,0,1,0,0,27,209,254,251,253,250,252,250,232,228,241,254,252,175,104,0,0,0,0,2,0,1,1,0,0,2,1,5,159,250,245,218,121,203,255,183,6,0,55,94,180,241,225,159,19,2,2,0,0,0,1,0,1,0,0,14,251,244,108,1,0,71,242,140,0,1,0,1,1,61,190,250,138,6,2,0,1,3,0,2,1,0,2,96,249,215,0,2,2,0,218,141,1,2,0,1,0,1,19,193,251,112,0,0,2,0,2,2,2,1,0,169,251,126,0,0,0,0,154,45,0,0,0,0,0,0,0,16,227,231,13,2,0,0,2,0,0,0,1,254,254,190,0,0,0,0,5,0,0,0,1,0,1,0,0,0,177,255,110,1,0,0,1,0,0,0,0,252,249,111,2,0,0,0,1,1,0,1,0,0,3,0,0,0,96,251,177,1,0,0,0,3,1,2,2,255,251,95,0,0,1,1,0,0,0,0,2,0,1,2,1,0,100,249,251,0,0,0,2,2,2,2,0,255,250,94,0,0,6,0,0,0,1,0,0,0,0,0,0,3,97,253,252,1,1,3,0,0,0,3,1,255,252,97,0,2,1,0,0,1,0,1,3,0,0,0,0,1,103,251,135,2,2,0,2,0,0,1,0,253,250,98,3,0,0,2,1,3,0,1,0,3,2,1,0,0,216,255,125,0,3,0,1,0,2,3,0,236,254,168,0,0,3,2,1,0,0,0,3,0,0,1,2,54,241,236,6,1,0,0,1,0,0,0,1,110,250,222,16,0,1,0,0,1,5,0,0,2,0,0,16,175,252,120,0,0,0,3,0,0,0,0,0,5,175,254,170,0,0,0,0,1,2,3,0,0,1,0,101,251,156,9,0,1,0,0,0,1,0,3,5,0,110,251,243,88,0,0,3,0,3,0,1,0,50,158,235,230,26,0,1,0,3,1,0,0,0,3,0,2,6,134,250,236,88,0,0,4,0,2,48,103,240,251,190,33,0,3,0,0,0,1,0,1,0,0,0,1,2,6,136,252,241,218,172,95,97,215,239,253,249,153,23,1,0,0,0,0,2,2,0,2,1,0,0,1,0,2,4,110,229,250,252,254,252,255,254,166,27,7,0,0,0,0,0,0,0,0,3,3,0,3,0,0,0,1,0,3,44,132,130,134,130,133,66,2,1,3,0,1,0,0,3,0,1,0,0,1,3,1,1,0,0,0,0,0,0,0,1,0,2,0,0,0,2,3,0,1,0,1,0,0,3,0,0,0,0,0,2,0,0,0,0,3,0,0,1,0,0,0,0,1,1,4,1,0,1,0,0,0,0,1,0,0,2,0,0,0,1,0,1,0,1,0,1,1,0,0,0,0,0,0,1,2,2,0,0,5,0
0,2,3,0,1,1,0,2,0,2,1,0,1,0,0,0,1,0,1,1,0,0,0,0,0,0,0,0,2,0,0,0,0,0,0,4,3,1,1,0,0,0,0,0,0,3,1,0,0,0,2,1,0,3,1,1,0,2,4,0,0,2,0,4,0,0,2,0,0,0,0,0,0,0,0,0,2,3,0,0,0,0,1,2,0,0,0,0,0,1,1,2,0,1,0,19,153,255,188,60,0,0,1,0,0,0,0,3,2,0,0,1,0,0,0,0,0,0,2,0,0,1,6,185,250,254,254,233,111,0,3,2,0,0,0,0,1,0,0,0,6,2,0,0,0,0,5,0,0,0,112,250,251,181,253,251,234,62,1,2,2,0,0,5,1,1,4,1,1,0,4,0,0,0,0,0,1,0,142,252,125,3,105,253,255,237,0,0,0,0,1,0,0,3,1,0,0,1,0,0,0,0,0,1,0,0,126,202,22,1,0,169,255,253,0,2,0,1,0,0,0,0,0,0,2,0,2,0,1,1,0,1,0,1,0,2,0,4,0,93,252,255,0,0,0,1,0,1,0,0,0,2,2,0,0,0,0,0,3,1,1,0,0,3,3,0,3,58,253,252,2,1,0,0,0,0,0,0,1,4,0,3,0,0,0,0,0,2,2,2,1,0,0,2,0,111,254,250,1,1,0,3,0,2,1,2,0,0,1,0,3,0,0,0,1,1,0,4,1,0,1,0,0,169,253,192,1,0,0,2,3,0,1,0,2,2,0,0,0,0,2,2,1,0,0,0,4,2,0,1,19,226,253,68,3,1,0,2,1,0,0,1,0,2,1,2,0,0,0,0,1,4,2,0,0,1,1,0,206,253,191,7,2,0,0,0,1,0,0,2,0,0,2,0,0,1,0,2,0,1,0,0,2,1,1,150,254,254,119,2,0,0,0,1,0,3,2,0,0,0,0,0,0,0,0,0,0,0,0,0,0,7,104,252,252,76,0,0,0,0,3,0,1,2,2,4,2,0,0,1,0,3,5,3,1,0,0,1,0,132,255,254,125,0,0,0,0,0,1,0,0,1,0,1,2,0,2,0,5,0,1,0,0,0,0,0,148,238,252,179,1,0,0,3,0,0,2,0,1,0,4,0,2,0,0,2,3,0,1,2,0,4,0,51,253,253,179,5,0,0,0,1,0,0,0,50,129,225,50,1,0,1,2,0,0,1,0,1,4,8,158,253,249,127,0,0,0,17,28,79,142,166,251,243,166,39,0,1,0,0,2,1,0,0,0,1,0,132,250,254,233,56,96,168,172,224,254,254,250,197,160,43,1,0,0,0,0,0,0,4,0,2,2,0,0,171,253,253,255,254,250,253,255,196,166,70,48,1,2,0,3,0,3,0,3,0,1,2,0,0,0,0,0,42,177,203,138,115,78,26,29,7,2,0,2,0,2,1,0,2,1,2,4,4,0,1,0,0,1,0,1,1,1,0,0,1,0,1,0,0,2,5,2,0,0,0,0,0,0,0,0,0,0,0,0,0,1,0,0,1,1,0,0,4,0,2,2,2,0,0,0,0,0,2,0,2,0,0,0,0,0,3,1,0,1,0,0,1,1,0,0,0,0,0,5,0,0,0,0,0,0,1,0,0,0,1,1,0,0,0,0,2,0,0,2,2,1,0,0,0,2,0,1,1,0,0,0,0,0,1,0,1,1,0,0,0,0,0,0,3,0,0,0,1,0,0,2,0,3,0,1,0,2,1,2,0,0,0,0,1,3,1,1,3
2,0,2,0,0,0,0,0,1,0,0,0,0,0,0,0,1,3,1,0,0,1,0,1,0,1,1,3,0,0,2,2,0,0,0,2,1,0,0,0,5,0,0,2,0,1,0,0,0,0,0,0,0,2,1,2,0,0,1,2,1,0,0,1,0,0,0,0,0,1,0,0,1,0,0,0,0,0,1,1,0,0,2,0,3,0,0,2,1,1,0,1,0,0,0,0,0,0,0,1,1,1,1,0,0,1,2,2,3,0,0,0,0,0,0,0,0,0,0,0,0,0,0,3,0,0,0,0,1,0,1,0,1,1,0,3,0,0,0,1,0,1,0,0,1,1,0,0,2,3,0,0,0,0,0,0,0,0,0,3,0,2,0,2,0,0,1,0,0,0,0,0,0,0,1,1,0,0,0,1,2,30,85,148,190,255,72,1,0,0,0,1,0,1,0,0,0,1,0,0,0,1,0,0,2,0,0,23,94,233,253,250,255,248,72,0,1,3,3,3,0,0,0,0,0,0,0,0,0,0,0,12,231,244,243,247,254,247,215,116,162,252,126,2,0,4,2,0,0,1,0,0,2,0,0,1,2,0,0,23,207,251,252,198,124,51,2,3,165,252,140,0,0,0,0,1,2,1,0,1,2,1,0,3,0,1,4,0,9,18,18,9,0,0,1,7,198,248,65,4,0,2,0,0,0,0,2,0,0,0,0,1,0,0,0,3,0,0,0,0,0,1,1,46,253,193,0,0,0,1,0,0,0,0,0,2,1,1,0,2,3,0,0,0,0,0,1,3,4,0,1,179,253,119,0,0,0,1,0,0,0,0,1,1,3,0,0,0,0,0,0,1,0,0,4,2,3,0,2,249,251,95,1,3,2,0,0,0,0,0,3,0,1,0,0,2,0,1,0,0,3,1,1,1,2,6,46,249,255,67,4,9,1,1,0,1,0,0,0,0,0,0,0,0,6,0,4,1,4,40,143,157,195,254,255,253,255,253,238,139,1,0,0,0,4,1,1,0,1,0,3,0,1,0,0,2,23,242,255,255,255,250,255,254,254,187,36,0,1,0,0,2,2,0,0,2,0,2,2,0,0,4,0,0,13,137,211,213,213,222,255,251,65,2,0,1,2,0,0,3,0,1,0,0,2,0,0,1,2,0,0,0,0,0,3,2,1,54,254,223,13,0,0,3,0,0,1,0,0,0,0,0,0,0,0,2,0,0,0,0,0,2,0,0,1,67,254,213,2,0,2,0,1,1,0,2,4,1,0,2,0,0,3,0,1,0,0,2,1,0,0,0,0,155,254,137,0,0,3,2,0,0,4,1,0,0,0,1,1,0,0,1,0,3,0,0,1,0,1,0,0,155,255,110,0,0,2,3,0,0,1,0,0,1,0,3,0,0,2,0,0,0,0,0,0,0,1,1,2,221,252,38,0,0,0,1,2,1,0,2,3,0,2,0,0,0,0,0,1,0,0,1,0,0,0,0,54,254,252,4,0,0,0,2,0,1,1,1,1,2,0,0,2,0,3,0,1,0,0,0,1,0,0,4,110,252,254,5,0,0,2,1,0,0,0,1,1,1,0,0,3,1,0,2,0,0,4,2,3,0,0,0,69,255,131,2,1,0,0,0,0,2,2,2,0,0,0,0,4,0,0,0,1,0,1,3,0,0,2,1,2,1,1,0,2,0,0,0,2,0,1,1,1,0,0,0,0,0,0,0,2,0,0,0,0,0,1,2,1,1,0,0,3,0,0,1,0,0,0,5,0,0,0,0
2,1,0,4,0,0,0,1,2,0,0,0,1,3,0,0,1,2,0,3,1,1,0,0,0,0,0,0,0,0,3,0,2,1,0,0,0,1,0,4,2,0,0,1,0,1,3,0,0,0,0,0,0,1,2,0,3,3,4,3,0,0,0,1,0,0,0,0,0,3,1,2,0,0,1,0,2,2,0,0,0,0,0,3,0,0,1,0,0,0,0,2,1,1,1,0,0,2,1,0,0,0,0,0,0,0,1,2,0,0,0,0,1,0,0,0,0,0,1,2,0,0,0,0,1,1,1,0,0,0,0,0,1,3,1,0,2,1,0,0,0,2,3,2,0,0,1,0,0,0,0,0,2,0,0,0,1,1,1,7,159,193,0,0,1,0,0,0,2,0,0,0,2,4,0,1,0,0,0,0,1,0,0,0,1,1,72,193,255,213,0,0,0,2,2,0,3,1,0,0,0,0,3,2,106,207,137,0,0,1,1,1,0,1,149,255,253,90,0,0,0,0,0,0,1,0,0,0,0,1,0,94,253,253,163,0,2,0,0,1,2,12,240,254,250,19,0,0,0,0,0,1,0,3,0,1,1,2,0,101,252,255,184,1,3,1,2,1,1,170,251,255,254,21,1,3,1,0,0,0,2,3,1,0,2,0,0,101,251,252,223,13,4,0,1,0,58,244,253,251,146,5,0,0,0,0,4,1,1,1,0,0,0,0,0,99,255,250,167,1,3,0,1,3,168,253,253,201,6,0,0,1,0,3,3,0,1,1,0,2,0,0,0,99,252,251,249,20,0,1,1,55,251,252,253,197,1,0,0,0,1,0,0,0,0,0,1,0,0,0,3,24,246,254,251,183,0,0,36,224,254,252,244,90,0,2,1,3,1,2,0,0,4,2,2,3,1,3,1,1,241,250,252,251,200,29,112,253,255,252,134,2,1,1,0,0,0,1,0,3,0,0,1,0,1,4,1,1,66,241,254,254,253,255,255,255,255,241,56,1,0,2,0,2,0,2,0,0,2,0,1,2,4,0,1,0,1,138,248,255,250,250,250,253,250,124,0,1,0,0,0,0,3,1,1,0,0,0,0,0,0,0,0,0,0,12,80,201,249,254,251,254,254,43,0,2,2,0,1,2,0,1,0,1,3,0,2,1,1,0,0,0,0,1,1,5,12,196,251,254,177,6,1,0,2,2,0,2,2,3,2,0,0,1,0,0,0,1,0,0,1,0,0,0,69,251,253,252,76,4,2,0,0,0,0,0,0,0,0,1,0,0,0,0,0,0,0,1,0,0,0,8,187,249,251,244,51,0,0,2,0,0,0,2,0,0,0,1,0,2,0,0,1,2,2,2,1,0,0,11,255,254,252,222,11,10,0,0,0,1,0,0,2,0,0,0,4,0,1,3,2,1,0,1,0,0,0,10,250,252,249,251,252,194,3,1,0,0,1,0,0,0,0,0,0,0,2,2,2,0,2,0,0,0,0,14,252,255,252,253,251,120,1,1,0,0,1,1,0,0,0,0,0,0,4,0,2,1,2,0,0,0,4,9,210,218,142,45,66,6,1,0,0,0,0,0,0,0,0,1,1,0,0,0,0,0,0,2,0,0,0,0,0,0,0,2,2,3,2,0,0,0,0,0,0,2,0,2,0,0,0,0,0,0,1,2,1,1,1,0,0,4,0,2,1,0,0,0,1,2,0,0,1,1,0,2,1,0,0,3,1,0,0,0,0,2,0,2,2,0,3,1,0,3,1,0,0,0,0,0,0,4,0,0
0,0,0,2,0,3,1,0,2,0,0,0,0,1,2,0,0,0,0,0,0,0,0,2,0,2,1,0,1,1,0,1,0,0,0,2,0,3,0,0,1,0,0,0,0,0,0,2,2,1,0,0,1,0,0,1,0,0,0,0,1,0,0,4,0,0,2,1,0,2,0,2,0,0,0,0,1,0,1,0,0,2,1,1,0,0,0,0,0,2,3,1,1,0,0,1,2,0,0,0,0,0,0,0,1,0,0,0,1,2,2,0,0,1,0,0,3,1,44,156,241,255,255,255,255,223,87,5,2,2,0,2,1,0,1,0,0,1,0,0,0,3,0,2,2,15,216,198,86,73,74,122,153,243,252,186,1,0,0,1,3,0,0,1,3,3,2,2,0,1,0,1,0,157,130,14,3,0,2,0,3,28,223,254,60,0,0,2,0,0,0,0,1,0,0,0,0,0,3,0,0,20,0,0,2,0,0,0,0,3,190,255,58,0,0,0,0,0,0,0,0,0,0,1,0,0,0,0,0,0,2,1,2,1,2,1,0,21,252,231,9,2,2,0,1,1,1,0,0,0,2,0,0,0,1,2,0,0,1,1,2,0,0,1,0,149,255,118,1,2,0,2,0,0,0,0,0,2,0,1,2,0,0,2,1,1,2,0,1,1,0,1,82,255,221,6,1,4,0,2,0,0,1,0,0,2,3,6,3,0,0,4,0,0,0,0,0,0,0,61,250,205,16,2,2,0,0,0,2,0,0,1,1,0,0,0,0,2,1,0,0,2,0,0,0,0,3,86,253,158,0,1,0,0,0,0,0,0,1,3,2,0,0,0,0,1,0,1,1,1,1,0,2,1,0,2,167,255,149,3,0,4,0,1,1,1,1,0,0,0,2,2,0,0,2,4,0,0,0,1,0,2,1,1,1,141,254,188,80,0,4,0,2,1,0,0,1,0,0,0,0,1,0,0,0,2,2,0,1,1,0,1,1,0,56,217,243,143,27,1,0,0,0,0,2,1,0,0,3,0,1,0,0,0,0,1,0,0,2,0,0,1,2,10,172,251,242,64,0,0,0,1,0,2,1,0,0,3,0,1,0,1,0,0,1,3,0,0,2,0,3,4,9,138,248,223,33,2,1,1,1,0,1,0,5,1,0,2,0,0,2,2,0,0,0,1,0,0,2,0,0,0,109,255,191,0,0,0,2,0,1,2,2,0,1,2,0,3,0,0,0,0,0,0,0,0,0,0,0,3,83,254,184,3,0,0,0,0,0,2,0,0,0,0,1,1,0,1,2,0,0,0,0,0,1,6,67,179,250,255,152,0,0,1,0,1,1,0,0,0,0,2,0,1,2,12,30,0,0,1,2,44,131,231,255,253,243,98,2,0,0,1,0,0,1,0,0,0,1,1,0,0,2,169,204,156,154,181,239,250,253,255,197,114,25,1,0,0,0,1,2,2,0,0,0,1,0,0,0,0,0,124,254,252,255,253,198,174,111,81,1,3,0,0,3,0,0,0,0,3,1,2,1,0,0,0,0,0,0,0,1,0,0,0,0,1,0,0,1,0,0,0,0,3,1,0,0,0,0,0,2,1,2,0,1,0,2,0,0,1,0,2,2,0,1,0,2,2,3,0,0,0,0,2,3,3,1,0,2,1,2,1,1,0,3,0,0,1,3,0,0,0,0,1,0,4,0,0,0,0,0,0,1,1,0,2,0,1,2,0,0,1,3,0,0,0,0,0,0,0,2,1,0,0,1,0,1,0,0,0,0,1,0,0
2,0,0,2,0,0,0,2,0,0,0,0,2,0,5,2,0,0,0,0,1,0,0,0,0,2,0,0,1,0,0,0,0,0,0,1,0,0,0,2,1,0,1,1,2,2,1,1,1,0,0,0,0,3,1,0,3,2,0,3,0,0,0,2,0,2,1,2,0,0,0,1,0,0,0,0,1,2,0,0,0,1,1,0,3,0,0,0,2,0,1,0,2,0,0,0,0,2,0,2,1,1,2,0,0,0,0,3,3,2,0,0,0,0,0,0,1,1,0,0,0,1,4,28,143,255,223,112,31,0,1,0,0,0,3,0,0,2,0,1,2,1,0,4,0,0,1,0,2,0,58,226,255,196,227,254,226,1,0,0,2,3,0,0,2,0,0,0,3,0,0,0,1,1,0,0,1,28,228,253,86,2,0,169,255,87,0,0,0,0,0,0,0,0,1,0,0,2,0,1,0,0,2,2,2,170,228,29,0,1,0,0,199,172,0,1,0,0,0,3,2,0,3,0,0,0,0,1,0,0,1,0,1,145,228,54,0,1,0,1,224,171,0,0,1,0,0,1,1,3,0,0,1,0,0,0,1,0,0,0,3,0,1,0,1,0,0,28,252,171,0,0,0,3,1,0,0,5,0,2,2,1,0,0,0,0,0,1,0,0,4,1,1,0,0,110,255,114,1,1,1,0,1,1,0,1,1,2,0,0,0,1,2,1,0,0,0,2,0,0,0,0,0,199,252,28,0,0,0,0,2,0,0,0,0,0,2,4,0,1,0,1,5,0,1,1,0,29,86,85,199,254,114,3,1,0,0,0,0,0,0,0,2,0,0,0,0,0,2,1,1,1,0,2,115,254,255,255,255,255,226,140,32,0,2,0,0,0,2,4,0,0,0,0,0,2,2,1,0,0,0,0,173,253,255,255,170,85,144,255,226,57,2,0,0,3,0,0,2,3,3,0,0,0,1,0,0,0,0,0,116,173,170,56,1,3,2,57,223,228,30,0,0,0,0,0,1,1,0,2,0,0,3,1,0,3,1,0,1,0,1,0,0,1,1,1,56,255,84,0,0,0,0,1,3,0,0,0,0,1,0,0,0,1,0,0,0,3,3,0,2,1,2,0,0,227,168,1,0,0,0,0,0,0,2,1,0,0,0,1,0,1,1,1,0,0,0,2,0,2,1,0,31,255,175,0,0,0,0,0,2,0,1,0,0,0,0,1,0,1,0,2,0,0,0,0,0,0,0,0,199,252,85,2,3,2,2,4,0,1,0,0,0,2,0,1,0,1,0,59,56,1,4,0,5,0,0,197,254,173,1,0,0,0,0,0,0,2,0,1,3,0,0,0,0,1,0,170,253,170,29,1,0,55,225,255,167,27,1,0,4,0,0,0,0,2,0,2,0,0,0,2,0,1,1,0,144,255,253,252,224,255,255,141,1,0,0,0,1,0,0,0,1,1,0,2,0,1,0,0,1,0,0,2,1,58,198,255,231,112,27,1,0,0,0,1,2,2,0,0,2,0,3,2,2,0,0,0,0,0,0,0,2,0,0,0,0,1,2,1,3,0,0,0,0,0,5,0,1,1,1,0,2,0,1,1,0,3,3,1,1,0,0,0,0,3,2,0,0,0,0,0,0,0,2,0,2,0,0,0,0,1,0,3,0,0,0,0,0,4,0,2,2,0,3,0,0,0,0,0,3,0,1,1,0,3,0,0,0,2,0,0,3,3,1,1,0,0,0,2,2,0,0,0,0,0,0,1,1,1,0,3,2,0
0,3,0,0,3,2,0,0,0,0,1,1,0,0,1,2,0,2,0,2,1,2,1,0,1,3,0,0,2,0,0,0,0,0,0,0,3,0,1,0,0,0,0,0,2,0,0,0,0,0,0,1,0,1,0,0,0,1,0,0,0,1,0,1,0,0,0,2,2,0,1,1,2,0,1,2,0,0,0,0,6,0,2,0,3,0,0,1,0,1,0,0,4,0,0,0,0,0,0,0,3,0,0,0,2,2,3,0,0,2,1,0,0,0,2,4,0,0,0,1,2,0,178,255,250,251,251,254,130,112,33,0,0,4,0,0,0,0,0,0,3,2,2,0,0,2,0,1,10,163,250,249,254,253,253,252,251,251,217,86,0,0,2,0,0,0,1,2,0,2,1,0,1,0,0,0,58,254,251,249,255,250,253,253,251,252,251,252,58,7,0,2,0,1,0,1,0,2,2,2,0,2,0,10,178,253,251,253,252,253,250,250,252,254,253,250,253,122,0,1,0,2,0,0,0,0,0,0,1,0,0,54,253,252,248,255,249,251,253,255,250,253,251,253,253,170,0,0,1,0,0,1,1,2,1,2,0,0,0,57,250,254,252,251,230,46,2,63,179,253,254,254,255,250,120,0,0,0,0,1,3,0,0,0,0,2,29,197,253,252,252,224,56,0,0,2,57,232,254,253,254,253,212,28,1,1,1,4,1,0,0,0,0,1,84,253,255,252,255,166,0,0,2,3,0,74,234,251,255,253,250,85,0,1,0,0,0,0,1,0,0,0,84,251,252,254,254,72,0,3,0,4,0,0,171,252,255,251,252,99,1,0,0,0,0,1,0,1,0,0,161,251,250,252,255,28,0,1,0,2,0,0,168,252,254,253,248,223,3,0,1,0,0,1,0,0,1,0,227,254,255,254,255,27,3,0,1,0,0,0,170,252,255,251,250,224,0,1,0,0,0,0,0,0,0,2,177,252,253,252,255,26,1,2,3,0,0,0,122,253,255,253,254,147,0,2,0,0,0,0,2,0,1,0,85,250,250,251,251,137,0,0,2,0,0,3,63,254,254,250,252,224,0,2,0,0,2,0,0,3,0,0,85,250,252,250,252,220,58,11,1,0,10,137,222,252,252,253,253,209,0,0,0,0,0,0,0,1,0,1,41,218,251,255,252,250,248,178,141,139,175,249,253,252,252,253,252,84,0,1,0,0,0,0,0,0,0,3,0,200,255,254,253,250,252,255,255,255,253,252,253,253,255,255,196,4,3,1,0,0,0,0,0,0,0,0,0,151,249,252,255,250,252,249,252,253,251,251,253,251,253,219,52,0,0,0,0,1,0,0,2,0,3,0,2,14,154,253,251,254,252,253,249,254,252,252,252,251,228,49,0,2,0,0,3,1,1,2,0,3,0,0,3,0,9,83,240,252,253,254,253,255,252,251,250,145,47,1,0,0,0,0,1,2,0,2,0,0,2,0,0,0,0,0,49,111,113,128,250,253,251,141,98,2,0,0,0,1,0,0,0,1,2,1,2,0,0,0,3,1,2,0,1,0,1,0,3,0,0,0,1,0,5,2,0,0,0,2,0,0,0,3,0,0,0,0,0,2,1,0,0,0,0,3,0,0,0,0,1,1,0,0,0,1,0,0,0,2,0,0,0,4,0,0,0,0,0,0,0,2,2,0,0,0,0,0,2,0,0,0,0,1,0,0,0,0,0,0,2,0,0,1,1,0,0,3,0,2,2,2,0,0,1,1,0,2,0,0,0,0,0,1,0,0
0,0,0,0,3,0,4,2,2,3,0,0,0,3,0,2,0,1,0,3,2,2,0,2,0,0,0,2,1,3,0,0,0,1,0,0,0,0,0,1,3,0,3,0,0,0,0,1,0,1,0,0,0,1,0,0,0,0,0,0,0,0,2,0,3,0,0,0,0,2,0,0,2,1,0,2,0,0,0,0,3,1,0,2,0,0,0,0,0,0,1,0,1,0,0,0,0,1,0,1,0,0,0,2,3,0,0,2,0,0,0,0,0,3,2,3,0,0,0,2,0,0,0,2,0,10,127,194,133,116,11,4,0,0,0,0,0,1,0,1,1,0,0,0,0,1,0,2,0,0,0,0,70,245,252,250,253,255,254,146,9,0,0,1,0,0,0,0,0,0,0,0,0,1,2,0,1,0,13,132,243,255,254,255,216,240,254,252,138,1,3,1,0,2,0,1,0,0,0,0,0,0,0,0,0,1,98,253,251,251,252,82,2,70,237,253,126,0,0,0,0,0,0,0,0,2,0,0,1,0,0,0,1,73,235,255,231,137,71,1,1,0,140,253,176,2,0,0,0,0,0,0,0,1,0,0,1,0,1,0,0,183,253,250,65,0,1,2,0,0,48,252,234,72,0,0,0,1,0,2,0,1,0,0,0,1,0,0,41,239,252,253,35,0,0,3,0,0,52,255,254,167,0,1,2,0,0,0,2,3,0,0,0,2,1,0,96,253,252,180,5,1,0,0,0,2,48,251,254,207,17,0,0,0,0,0,0,0,0,2,1,3,0,32,247,252,251,168,1,0,0,3,0,0,49,252,253,166,0,3,0,1,0,3,0,0,0,0,0,0,0,96,251,253,218,28,0,0,0,1,0,0,49,252,252,168,0,0,4,0,1,1,0,0,1,1,0,2,2,156,255,253,219,22,0,0,0,0,0,1,172,253,252,163,0,0,0,0,3,0,1,0,0,0,1,0,0,160,252,255,255,47,0,1,0,1,0,36,254,253,250,46,1,0,1,1,0,3,2,0,1,0,0,0,0,81,255,254,251,48,0,0,2,2,1,108,251,251,207,18,2,0,4,0,0,4,0,0,2,0,1,1,0,38,255,254,253,52,3,0,1,0,40,221,255,252,182,0,0,1,1,3,0,0,0,4,0,1,1,0,0,37,254,255,250,134,0,0,3,5,227,251,249,240,78,1,0,0,2,0,0,0,1,0,0,0,0,0,0,36,252,253,253,192,12,0,36,198,254,254,240,138,3,0,0,0,0,0,2,1,3,1,0,2,0,2,1,8,143,255,255,253,36,36,222,251,254,243,79,2,0,0,0,0,0,0,0,2,0,0,1,0,0,0,0,0,31,224,249,255,224,232,255,253,184,29,2,0,1,0,1,0,0,0,0,0,1,1,0,2,2,3,0,3,0,182,253,255,255,253,201,82,8,0,0,4,3,2,0,4,0,1,2,0,3,0,1,0,1,0,5,0,0,9,81,255,254,145,7,1,0,1,0,1,1,0,0,0,0,3,0,2,0,0,3,1,0,0,2,0,1,2,0,0,1,0,2,4,0,2,0,1,0,0,2,0,0,0,0,2,0,0,1,3,3,2,0,0,3,0,0,3,0,0,1,0,0,1,0,2,1,0,1,0,1,0,0,0,0,0,0,2,1,0,2,0,2,0,0,0,1,0,0,0,0,2,1,0,0,1,1,1,4,6,3,1,1,3,2,1,0,0,1,0,0,0,0,2,0,0,1,0,0,0,0,1,2,0,0,0,1,0,0,0
0,0,0,0,0,0,0,3,0,0,0,0,0,0,0,1,0,3,1,0,0,0,0,1,0,0,0,0,3,0,1,0,0,1,0,0,0,1,0,0,0,1,1,0,1,1,0,2,0,0,0,0,1,0,0,0,0,2,0,0,3,2,0,0,0,0,2,2,0,0,0,0,0,2,1,0,2,2,0,0,0,0,0,1,0,0,0,0,0,1,2,0,0,1,2,0,0,0,0,0,0,0,0,0,0,0,0,0,0,0,1,0,0,1,0,1,1,2,0,8,70,161,182,208,167,130,0,0,0,4,2,0,2,0,0,1,2,0,0,0,1,0,0,1,0,34,144,237,255,255,231,244,222,255,84,0,0,1,2,1,1,3,0,0,0,4,3,2,0,0,0,0,36,233,234,213,184,100,27,32,30,254,91,0,2,0,0,0,1,2,0,0,0,0,0,3,1,0,0,1,101,151,72,1,0,0,0,0,65,255,21,0,3,1,0,0,1,0,3,0,0,0,0,3,0,0,2,1,0,1,3,1,1,0,0,25,236,252,0,0,2,0,4,2,0,0,0,1,0,0,0,2,0,0,2,0,1,0,0,0,0,0,16,194,250,85,0,0,1,0,0,3,0,0,1,0,0,0,0,1,3,1,0,0,1,0,0,0,0,16,163,250,217,0,0,1,0,2,0,0,0,1,0,3,1,0,0,3,4,2,0,1,0,1,4,0,13,200,252,249,59,0,3,0,1,2,0,1,0,0,1,0,0,1,0,3,0,0,1,2,0,0,1,15,193,255,254,232,110,79,43,57,15,1,2,0,0,0,0,1,1,1,1,0,0,0,0,0,1,0,0,45,253,254,252,249,253,255,253,253,243,180,117,89,7,0,2,1,0,0,2,1,2,0,2,2,4,1,0,0,67,90,116,165,162,209,181,198,254,250,255,255,255,122,0,0,0,0,0,0,0,0,2,0,0,1,0,4,1,0,3,2,0,7,0,7,67,145,194,216,253,252,100,0,0,1,0,0,2,1,1,0,1,1,0,0,1,0,5,0,1,0,0,0,4,0,2,15,237,253,222,1,1,1,0,0,0,1,1,0,2,1,2,2,1,3,1,0,1,1,0,2,0,0,3,1,51,224,249,58,0,0,0,0,2,0,0,0,0,2,1,0,0,0,0,0,0,4,0,0,0,0,1,4,72,243,237,19,3,4,1,0,0,0,0,0,2,0,1,0,0,27,2,0,0,0,0,0,0,6,0,20,177,242,105,0,3,3,0,2,3,0,0,1,0,0,1,0,71,171,0,0,2,1,0,0,0,4,89,206,254,147,1,2,0,3,0,1,0,0,1,2,0,1,2,17,243,218,107,35,38,35,37,119,141,220,255,252,145,7,3,0,0,0,1,2,1,1,1,0,1,0,0,16,249,255,252,253,250,254,255,251,253,254,242,152,2,0,0,2,0,0,0,0,0,0,2,0,1,0,0,0,82,132,180,252,251,255,196,163,165,91,20,0,0,4,0,0,0,0,4,0,0,0,0,1,0,1,1,1,1,0,0,0,0,2,0,0,0,0,0,2,1,2,0,3,2,1,0,0,0,1,2,2,0,0,2,0,0,2,0,0,5,2,3,0,0,0,0,2,0,0,0,1,0,0,1,1,0,1,0,0,1,0,0,1,0,1,1,0,4,0,0,0,0,0,0,1,0,1,0,0,1,0,2,0,0,0,3,0,0,1,1,1,0,0,2,1,0,3,0,2,0,0,2,3,0,1,0,0,0,3,0,0
0,0,4,1,0,1,3,1,0,3,0,2,0,0,1,0,2,0,0,0,0,0,3,0,1,0,1,0,4,0,2,0,2,1,1,0,3,1,0,0,0,0,2,0,2,0,2,0,2,1,0,2,0,0,0,0,0,0,0,2,0,0,0,0,0,3,0,0,0,2,0,1,0,0,0,0,0,0,3,0,0,3,0,0,3,2,1,2,0,0,0,0,1,1,0,0,0,0,2,1,2,2,0,0,0,0,0,0,0,0,0,1,0,0,0,0,0,0,0,0,0,0,1,0,1,5,131,193,254,2,1,1,0,0,1,2,0,0,1,2,0,3,0,0,0,2,1,3,0,2,0,0,0,127,253,253,192,0,3,3,0,0,0,0,1,0,0,4,0,1,0,0,0,0,1,3,3,3,3,3,1,127,253,255,0,2,0,0,2,0,0,2,0,1,0,0,0,0,2,2,0,0,0,0,0,0,0,1,1,255,254,122,0,1,0,0,1,1,0,0,0,0,1,0,1,1,1,2,0,1,0,0,2,0,1,0,0,255,252,126,1,0,0,2,0,0,0,2,0,1,2,0,0,0,0,0,0,1,0,1,0,1,6,0,0,255,255,190,1,3,0,0,1,2,0,0,0,0,0,2,1,3,3,0,2,0,1,0,6,0,0,0,2,255,255,255,0,0,0,0,2,0,1,1,3,0,2,0,0,0,3,0,0,1,0,1,2,2,1,2,1,253,255,254,1,1,0,0,0,0,0,0,1,0,1,1,0,0,3,0,0,0,0,2,0,0,2,0,0,255,255,255,63,3,2,0,1,0,0,0,1,0,1,6,0,2,0,1,0,0,1,0,1,0,1,0,3,255,255,252,1,0,4,1,3,0,0,2,0,0,0,0,0,0,0,0,2,0,0,0,0,0,0,0,0,255,255,255,0,0,0,2,1,3,0,0,0,0,0,0,1,0,0,0,0,1,0,0,2,0,0,0,1,255,254,254,0,1,0,0,0,0,2,0,4,1,1,0,0,3,0,0,0,0,0,0,0,2,0,2,1,255,254,252,126,1,3,1,0,0,0,1,0,0,0,5,0,0,1,2,0,0,0,2,1,3,0,0,1,125,255,255,125,1,3,0,0,4,3,0,0,0,0,0,0,0,0,0,0,2,3,1,0,0,0,2,3,129,255,255,126,0,0,2,0,1,0,3,0,1,0,1,0,2,0,0,0,1,0,3,0,1,1,1,0,127,254,255,125,0,1,0,0,1,0,1,0,0,0,1,1,1,2,2,0,0,0,0,6,1,0,0,0,130,255,255,128,1,4,0,0,0,0,0,1,0,0,0,3,0,0,2,1,0,2,0,1,2,0,0,0,128,254,254,254,0,1,1,4,0,0,1,0,0,1,0,1,0,0,2,1,0,0,2,0,3,1,3,0,124,255,255,130,3,1,0,2,0,0,0,0,0,1,0,0,1,0,1,3,0,2,1,0,1,0,0,1,63,255,192,0,0,0,3,0,1,0,0,0,0,0,0,0,0,0,0,0,1,0,1,4,1,3,0,0,1,0,3,0,1,0,1,3,0,3,0,0,0,0,0,0,0,0,1,2,1,3,2,3,0,0,1,0,0,0,1,0,0,2,0,2,4,1,0,4,0,2,0,2,0,0,0,0,1,0,0,2,0,1,1,1,0,3,0,0,1,1,0,2,1,0,3,1,0,0,0,0,0,0,0,1,0,0,0,2,0,1,1,0,0,0,0,0,0,1,0,2,0,0,0,0,0,0,0
1,0,3,0,0,0,0,1,3,0,0,1,1,3,0,0,1,1,1,2,0,0,3,0,1,1,3,0,3,0,0,0,0,0,2,0,0,0,1,1,1,1,0,0,2,0,1,1,1,0,0,0,1,0,3,1,0,1,0,2,0,0,3,0,1,0,4,0,0,3,0,0,0,1,0,1,0,2,0,0,1,1,2,0,0,0,1,0,0,1,0,1,0,5,0,0,3,0,3,0,0,0,0,0,0,0,2,0,0,1,0,0,0,1,1,0,1,3,2,0,1,3,0,0,1,1,0,0,5,0,0,1,0,0,1,0,0,0,0,0,0,2,0,0,0,3,0,0,2,0,4,3,0,0,0,0,0,2,3,2,0,2,0,4,0,0,1,1,0,1,1,0,0,0,0,1,1,0,0,49,96,195,255,133,98,72,1,0,0,1,1,2,0,0,0,1,1,2,0,0,0,1,3,0,21,91,190,224,253,251,253,249,252,235,194,19,0,0,2,3,1,0,1,3,0,0,1,5,0,2,0,2,159,255,254,250,250,254,253,251,251,250,255,204,33,3,3,1,0,0,2,2,0,0,0,0,0,3,0,56,185,252,254,215,47,32,30,32,112,203,251,253,203,0,0,2,0,2,0,0,0,0,0,0,0,1,81,244,251,255,132,45,0,0,2,2,0,63,253,253,239,79,0,0,1,0,2,1,0,0,0,0,0,0,127,253,192,103,0,0,3,0,1,0,0,1,0,254,252,127,0,0,0,0,1,0,0,0,0,0,0,4,142,255,96,2,0,4,1,3,0,0,1,27,30,139,221,112,0,0,1,1,0,1,1,1,2,0,4,14,189,248,93,0,0,0,0,0,1,17,126,237,254,157,0,1,1,1,2,0,1,0,0,0,2,0,0,0,129,249,132,0,0,0,0,41,63,187,251,249,250,156,0,0,0,0,0,3,0,0,0,0,0,1,0,0,128,252,254,160,58,161,159,213,253,248,253,251,253,159,0,0,0,0,0,0,0,0,0,1,0,0,0,1,0,223,253,255,254,255,254,253,253,252,252,251,253,0,0,0,0,0,1,0,2,1,0,1,0,0,0,1,1,96,236,252,250,250,251,251,240,224,252,248,230,1,0,1,0,1,0,1,1,0,2,0,0,2,1,0,3,0,77,129,220,253,137,126,78,31,255,250,90,0,1,1,0,0,0,2,1,1,1,0,0,0,0,0,0,0,0,1,24,32,6,2,24,188,249,194,12,2,3,0,0,0,0,0,0,0,0,1,0,0,1,1,0,0,1,0,0,0,2,0,193,251,250,188,0,0,1,0,1,0,0,2,0,0,0,0,0,2,0,0,0,0,1,0,0,3,3,63,254,255,255,31,1,0,1,0,0,0,0,0,0,4,2,4,0,2,2,3,0,1,0,3,0,0,0,158,252,249,139,9,1,1,0,0,0,2,0,0,0,4,0,0,1,1,0,0,1,0,1,3,0,1,33,205,254,220,0,0,0,3,3,2,1,0,0,0,0,0,1,0,0,3,4,0,4,5,0,0,1,0,162,251,252,221,1,0,0,1,2,0,0,0,0,1,0,0,0,1,0,0,0,2,1,3,0,0,3,2,25,193,251,119,0,0,0,0,0,4,2,0,0,0,2,2,0,0,0,0,0,2,0,1,0,3,0,0,0,0,0,3,1,0,1,0,1,0,2,2,0,0,0,0,0,0,0,0,2,0,0,3,0,0,0,2,1,1,2,0,0,0,2,0,0,1,0,2,0,3,0,1
0,2,0,2,0,1,0,0,0,0,1,1,1,0,0,3,0,0,1,0,4,0,0,0,2,1,1,2,0,0,0,1,0,0,0,3,0,0,0,0,1,0,0,0,1,2,2,0,1,0,0,1,2,0,0,2,1,1,0,0,0,0,1,0,0,0,3,1,0,0,1,0,0,1,0,0,3,0,3,0,0,2,0,1,0,0,0,0,0,0,0,0,2,2,0,2,3,0,6,0,0,2,0,0,75,113,178,94,4,2,0,0,0,2,0,1,0,0,0,0,0,0,0,0,0,0,0,1,0,0,27,195,247,252,206,242,52,0,0,0,0,0,0,0,0,1,0,4,0,1,1,2,3,1,2,0,0,59,199,252,198,57,25,200,165,3,0,3,1,0,0,0,2,2,0,1,1,0,0,0,3,1,0,6,107,253,244,191,30,0,0,30,65,0,2,0,0,0,0,0,0,0,0,0,0,3,1,0,0,0,0,107,252,253,86,0,0,0,0,3,1,0,0,0,0,1,0,0,1,3,0,3,0,0,3,0,1,37,144,253,255,1,0,0,0,0,2,1,0,0,0,3,0,0,0,0,0,0,2,0,0,0,0,1,3,131,252,242,89,1,4,3,0,1,0,2,0,0,0,4,0,2,0,1,0,0,2,0,0,2,1,0,119,247,252,113,0,4,1,0,0,1,0,2,0,0,0,0,2,2,0,0,0,2,2,4,0,0,4,110,253,241,192,24,0,0,0,2,1,0,4,0,0,0,2,0,2,1,0,1,0,0,1,0,0,0,104,255,254,213,144,46,0,2,1,1,0,0,1,0,0,0,2,0,0,2,0,2,0,0,0,3,0,1,169,255,255,255,250,254,112,1,1,2,0,0,3,0,1,0,1,0,2,0,2,0,0,0,1,1,2,50,243,251,251,175,185,254,239,1,0,2,1,2,3,0,0,0,0,0,0,0,0,0,0,1,0,0,0,165,252,251,55,5,13,187,248,2,0,0,0,0,2,1,0,2,0,0,1,0,1,1,0,3,0,2,58,234,250,233,0,0,4,168,254,95,0,0,2,0,0,0,2,0,2,0,2,0,0,0,2,3,0,0,84,252,251,114,0,0,2,167,252,139,4,0,1,0,2,1,1,1,0,0,0,0,0,2,0,1,2,2,88,255,255,176,1,0,0,168,251,80,4,2,0,4,4,3,1,0,0,0,0,0,0,0,0,0,0,4,7,203,251,253,163,61,20,194,249,2,1,0,0,1,0,2,1,2,2,0,0,0,0,0,0,0,0,1,0,91,254,254,253,234,211,253,252,0,1,0,1,0,0,0,3,1,1,0,0,0,1,0,0,0,2,0,0,17,99,225,254,251,250,233,144,4,0,0,2,0,5,0,0,1,0,0,2,2,0,0,1,2,0,1,0,0,0,0,254,250,221,39,0,0,2,0,1,0,0,0,0,1,0,1,0,0,0,0,0,2,0,0,4,0,0,0,3,0,0,0,0,0,2,2,0,0,1,1,1,0,1,1,0,1,0,0,1,3,0,0,1,0,1,0,0,2,0,0,1,1,0,0,0,2,0,0,1,3,0,0,0,0,0,0,0,1,0,0,0,0,1,0,2,0,1,0,0,1,0,2,2,1,0,1,0,0,0,0,0,0,3,0,0,0,0,0,0,1,0,0,0,0,0,2,0,2,3,4,0,0,1,1,0,0,0,0,2,0,1,0,6,6,0,1,3,3,2,0,0,0,0,2,3,1,0,0,2,0,0,2,2,2,3,2
0,0,1,2,0,4,0,0,0,3,1,0,0,1,1,0,0,2,2,0,0,1,0,1,0,0,1,0,0,0,0,2,2,2,1,1,0,0,1,1,0,3,2,0,1,0,3,0,0,2,0,3,1,0,0,0,2,1,0,0,3,0,0,0,0,1,0,1,1,2,0,2,2,3,0,1,1,0,1,0,1,0,5,0,0,3,0,2,1,2,0,3,0,4,0,0,0,1,2,2,0,0,1,2,0,0,1,0,2,2,1,1,0,0,1,0,0,1,2,2,0,0,0,0,0,2,3,0,0,0,0,0,0,0,0,1,2,1,0,0,0,0,1,0,0,0,0,0,1,0,0,0,2,0,1,0,1,4,1,2,0,0,0,0,0,0,1,5,0,0,1,0,2,0,0,2,0,0,0,2,0,0,0,0,0,0,1,1,1,1,0,0,0,3,1,1,0,1,0,0,1,2,0,2,0,1,0,1,0,1,1,1,0,0,0,0,3,0,0,0,3,0,0,1,1,0,0,0,2,3,0,0,1,0,0,0,1,1,1,2,2,0,0,2,39,115,113,185,226,126,0,0,0,1,2,0,1,0,3,0,0,4,0,0,0,2,3,18,71,139,156,254,255,250,253,253,246,225,0,0,0,0,0,0,3,0,0,0,3,0,5,82,171,171,171,222,251,254,252,250,255,252,250,191,56,1,0,1,0,0,0,2,1,0,1,53,83,87,205,252,255,253,251,253,252,251,205,168,167,66,55,18,0,0,0,0,0,0,0,0,0,1,173,246,253,253,253,250,253,254,254,248,166,39,10,1,2,1,0,1,3,0,1,0,2,0,2,2,0,0,251,225,225,225,229,252,250,255,0,3,0,0,0,4,1,0,0,0,3,0,0,0,1,0,3,0,1,3,76,0,0,0,31,252,252,253,168,57,0,1,1,0,1,0,0,0,3,1,0,0,0,0,0,0,4,1,1,0,1,3,18,223,252,255,253,192,18,0,0,2,0,1,0,0,3,1,0,0,5,1,0,0,2,1,0,3,1,0,4,18,116,241,255,251,155,0,0,0,0,0,1,0,1,0,0,0,2,0,0,0,4,2,0,0,0,0,2,0,0,28,254,254,168,0,0,0,0,2,3,0,2,5,3,0,0,0,1,1,0,0,0,3,0,0,1,39,97,243,251,250,166,3,0,0,3,1,3,0,0,0,0,5,1,0,0,0,0,2,0,60,83,87,199,234,253,253,251,197,67,0,1,1,0,0,0,1,0,0,0,0,0,0,0,1,0,3,0,91,228,253,253,250,252,250,177,10,0,0,2,0,0,1,0,1,0,1,2,0,1,0,0,0,0,0,0,2,73,228,173,149,112,63,0,0,0,0,2,3,0,0,2,3,0,0,0,0,1,0,0,2,2,3,0,1,2,0,0,2,0,2,0,0,0,3,1,0,1,0,1,0,1,0,2,1,1,0,4,1,2,0,3,0,1,0,0,0,0,3,2,0,0,1,0,2,2,0,2,0,1,1,1,0,1,1,0,0,0,1,0,2,1,0,3,0,1,0,4,1,0,1,0,1,1,0,1,1,0,0,0,2,0,1,0,0,0,0,0,1,0,0,2,0,1,3,0,0,0,0,1,3,1,1,0,0,2,0,0,0,0,2,0,0,2,0,1,0,0,4,1,2,3,0,0,0,0,0,0,0,0,0,2,0,2,1,0,4,0,0,2,0,2,0,0,1,2,0,0,1,0,0,2,0,0,0,0,0,0,0,0,1,3,0,1,4
0,0,0,0,1,0,0,0,1,1,3,0,0,1,0,2,2,0,0,0,0,0,0,0,0,0,1,2,0,1,0,0,3,0,1,0,4,0,0,2,0,0,0,0,1,1,0,0,0,1,2,0,1,0,1,0,0,0,1,0,0,1,4,2,2,0,0,0,1,2,2,0,0,1,1,1,1,4,0,0,0,1,1,0,0,0,0,1,0,0,0,0,3,0,0,0,1,1,1,1,2,1,0,1,0,2,3,0,0,0,0,2,0,0,0,0,0,3,5,123,155,180,254,255,255,250,253,236,114,5,0,0,1,1,0,3,2,1,0,0,1,2,0,0,4,0,158,253,254,253,255,195,160,216,254,252,252,189,28,2,0,0,0,0,0,1,0,3,3,3,1,0,0,146,247,142,59,11,12,7,0,4,11,24,194,253,214,25,0,0,6,0,0,0,0,0,0,0,2,0,0,161,231,22,0,0,0,0,6,1,1,0,0,206,251,214,27,0,2,1,2,0,2,0,0,0,0,0,0,46,72,9,0,3,2,2,0,2,0,0,2,22,216,253,185,2,1,0,2,0,1,0,0,1,1,0,0,1,1,0,0,2,0,1,1,0,0,0,2,1,87,244,252,65,0,0,0,0,0,0,4,0,5,1,0,0,0,1,2,1,2,0,1,0,0,2,1,0,3,178,250,228,1,0,0,2,5,4,0,0,0,0,0,0,3,2,0,0,1,2,0,0,1,1,4,0,0,122,251,248,60,0,2,0,0,0,3,0,0,1,0,1,0,1,0,0,0,0,4,7,3,4,4,0,0,37,254,254,94,0,0,1,2,0,1,0,0,0,0,0,0,1,1,12,102,155,238,253,255,250,179,157,81,22,234,254,92,0,2,0,0,0,0,2,0,0,2,0,0,0,65,217,253,255,253,255,253,252,253,253,254,207,234,246,20,0,2,2,0,0,1,2,1,0,0,1,0,15,233,242,164,107,110,46,49,23,107,122,243,251,254,246,3,0,0,1,0,0,2,1,0,0,0,1,0,164,254,178,0,3,1,0,4,0,1,0,74,244,251,245,0,0,1,2,4,0,0,2,0,1,0,1,1,190,252,184,0,1,0,0,1,2,5,1,56,242,255,163,2,1,0,0,1,2,0,1,1,0,0,1,0,188,249,179,0,2,2,2,0,1,0,11,202,251,233,203,0,2,0,2,0,0,0,0,3,0,0,0,0,187,252,188,4,0,0,0,0,0,17,220,255,235,52,9,0,1,0,0,1,0,0,0,0,5,1,0,0,94,252,251,126,0,2,0,0,58,233,252,254,102,0,1,0,4,2,0,0,0,3,0,0,2,2,0,3,3,188,255,253,150,69,77,156,236,255,251,94,5,0,1,1,0,1,0,2,0,0,0,0,4,0,0,1,2,46,182,253,252,253,255,252,252,253,91,0,1,0,0,1,0,2,2,1,0,0,0,0,2,1,1,1,1,0,13,97,175,254,254,252,130,43,2,2,0,2,0,0,1,0,0,0,0,4,2,0,0,0,3,1,1,4,0,1,0,0,2,0,0,0,0,0,2,3,0,1,4,0,0,2,0,0,0,2,0,0,0,0,0,0,1,0,0,0,1,0,0,1,2,1,2,0,2,0,4,1,0,0,0,0,3,0,0,0,0,1,2,2,0,0,1,0,0,0,2,0,3,1,2,2,0,2,0,0,2,1,0,2,0,2,1,0,1,0,0,1,1,0,0,0,0,3,1,0,1,0,0,0,0,2,0,2,0,0,0
0,0,2,1,3,0,1,0,0,1,0,3,0,0,0,1,0,1,0,0,0,2,0,0,3,1,0,2,0,0,2,0,0,0,0,0,0,0,2,0,0,0,2,0,1,1,0,4,0,1,0,0,0,0,0,1,5,0,1,0,0,0,0,0,0,0,0,2,1,0,3,0,1,0,0,2,3,1,1,0,0,2,0,0,0,0,0,0,0,0,0,0,0,0,0,0,1,1,0,0,2,1,0,0,1,0,0,1,0,1,2,0,0,3,0,3,2,0,0,1,0,1,1,0,120,160,195,255,254,253,225,12,1,0,0,1,2,0,0,2,2,1,1,0,0,0,0,2,4,21,112,197,253,255,254,255,251,222,255,31,0,0,0,2,0,0,0,0,1,0,0,0,0,0,2,0,0,216,255,248,150,138,91,58,57,18,215,40,3,1,0,0,0,0,0,1,1,0,0,0,0,0,1,1,51,248,212,24,0,0,0,0,1,0,57,5,0,0,0,0,1,0,0,0,0,0,1,0,0,1,2,0,140,252,93,3,1,4,0,0,1,2,1,1,0,0,1,0,3,0,2,0,0,0,1,0,0,2,0,10,253,252,46,0,0,0,0,3,2,1,1,0,0,0,0,3,0,0,1,1,1,0,0,0,2,0,1,39,252,253,46,0,0,0,0,0,0,0,0,2,1,0,1,0,3,0,0,0,2,1,0,0,0,1,8,205,252,151,3,0,1,0,1,3,0,4,1,0,0,2,1,0,0,1,0,2,0,0,2,1,0,0,50,250,250,144,122,122,145,172,121,127,108,30,28,3,0,0,0,0,0,0,0,0,0,1,6,1,1,27,209,251,254,255,252,255,253,255,252,255,255,254,253,190,107,2,0,0,0,1,0,0,0,0,0,1,0,51,246,253,254,253,254,207,190,190,255,255,254,252,253,252,252,187,30,1,0,1,0,0,0,0,0,2,0,0,39,123,149,33,26,8,1,4,27,30,30,30,24,132,233,254,238,80,1,0,0,2,0,2,0,0,0,1,0,0,6,0,0,0,0,1,0,3,4,1,1,0,25,155,253,207,1,1,1,0,0,0,2,0,0,0,1,2,1,0,1,1,0,0,0,0,0,2,1,0,1,0,245,253,64,0,0,3,0,1,2,0,0,0,0,0,0,1,0,0,1,0,0,1,0,3,2,0,1,47,246,254,67,0,2,3,0,0,1,0,0,0,0,11,207,139,6,0,3,3,0,1,0,0,0,4,22,197,251,251,61,0,1,0,1,0,2,2,0,1,0,11,253,255,140,0,0,4,1,1,0,0,25,104,241,253,255,128,0,2,0,0,1,0,0,0,0,1,0,4,36,242,251,215,95,59,57,55,69,153,251,253,255,253,125,0,0,0,0,0,0,0,2,1,0,2,1,1,1,104,249,251,253,254,255,252,255,252,253,225,147,66,3,0,2,0,0,0,0,0,2,0,0,1,1,0,0,1,63,158,213,255,248,252,255,213,131,3,1,3,0,1,0,0,0,1,0,0,1,0,0,2,0,0,3,2,0,0,0,2,0,0,0,0,0,0,0,0,0,0,1,2,1,1,1,0,1,0,0,0,1,0,0,0,2,0,0,2,0,1,1,0,0,0,0,0,2,0,1,0,0,0,0,0,2,0,0,0,3,3,0,0,0,0,4,0,1,1,2,0,3,0,0,0,1,0,2,0,2,0,1,0,0,0,4,0,2,0,0,0,2,4,0,0,0,0,0,0,0,0,0,1,2,1,0,0,2,0
0,0,1,0,0,1,0,0,0,0,0,0,0,0,0,0,1,0,1,1,3,1,2,0,0,1,0,1,0,0,0,1,1,0,0,0,0,2,1,0,1,0,1,1,0,0,0,1,1,0,0,0,1,2,0,0,2,0,2,0,1,0,0,0,0,0,0,1,0,2,0,0,2,2,0,0,0,0,0,0,1,0,0,0,2,0,0,1,1,1,0,4,0,0,0,2,0,2,1,0,1,2,1,0,0,2,0,0,0,1,1,2,2,2,0,1,3,0,0,3,2,0,0,1,0,4,0,1,1,3,0,0,0,0,2,2,0,0,0,2,0,0,0,2,3,1,0,0,2,1,2,0,3,0,1,0,0,0,4,0,0,0,1,1,0,0,0,0,3,0,1,1,1,0,2,1,0,0,2,53,156,194,158,77,21,0,0,1,3,0,0,1,0,2,3,2,0,0,1,0,1,0,0,0,2,1,24,222,255,251,253,253,199,65,0,0,0,0,1,1,0,0,0,0,0,3,3,2,0,0,2,0,0,0,26,234,241,70,89,227,253,138,1,0,0,2,0,2,0,3,0,1,0,0,2,0,2,2,0,0,2,0,0,175,254,68,0,27,134,238,83,2,3,0,0,1,2,0,0,0,0,0,0,0,3,0,0,0,1,0,0,86,249,228,97,175,225,250,94,0,0,4,0,0,0,3,0,1,0,0,4,0,0,0,4,0,0,0,2,79,252,254,250,253,246,96,0,0,2,0,0,0,1,0,0,2,1,2,2,0,0,1,1,1,0,0,0,0,83,133,255,254,195,0,1,1,0,0,0,0,0,4,0,1,0,0,2,1,0,0,2,1,2,0,1,0,2,0,251,254,102,1,0,0,0,1,1,1,3,0,0,1,3,0,4,3,0,0,0,0,3,0,0,3,0,2,250,254,94,1,0,1,2,0,3,0,0,0,3,0,1,0,1,0,2,0,0,0,1,0,0,0,0,20,248,253,78,1,0,0,3,3,0,0,1,0,2,2,2,0,0,0,0,1,2,0,0,0,0,0,1,92,254,247,0,1,0,1,0,0,2,0,0,0,2,0,2,2,0,0,0,0,0,0,0,1,2,0,1,122,255,147,0,0,0,0,0,1,2,0,0,1,2,1,2,0,0,0,0,1,0,1,0,0,0,1,19,223,254,65,1,1,1,0,1,1,1,0,1,1,0,0,3,1,0,2,0,0,2,1,0,0,0,1,42,255,255,49,0,0,1,2,1,1,0,0,3,0,0,1,1,2,1,5,1,1,0,2,0,1,0,0,41,253,253,52,1,0,0,0,0,0,0,0,0,5,3,0,0,0,0,0,0,0,0,2,0,4,1,0,41,253,255,50,0,2,0,3,0,2,1,0,0,0,0,2,0,0,0,1,2,0,1,0,1,0,0,2,41,254,253,49,0,1,1,0,0,1,0,0,0,0,2,0,1,0,0,0,2,0,0,1,2,0,0,1,41,255,255,49,0,2,0,0,0,0,1,2,0,0,0,1,1,0,1,0,0,1,3,1,1,0,0,1,19,203,255,245,187,0,1,0,0,2,1,0,0,1,0,5,1,0,0,0,0,1,0,0,2,0,1,0,0,20,250,252,79,1,1,0,0,1,0,0,0,2,0,0,0,1,0,0,1,2,0,1,1,0,1,3,0,0,2,0,3,0,0,0,0,1,1,0,3,0,0,1,0,0,1,5,0,0,1,0,0,1,0,0,0,0,0,0,0,2,0,0,1,0,0,2,2,2,1,0
0,0,0,0,0,2,2,0,0,0,1,1,1,2,3,0,0,3,0,0,2,0,1,0,2,1,0,0,1,0,1,1,0,1,0,0,1,2,2,3,0,2,0,5,0,0,1,1,0,0,0,0,0,4,0,2,0,1,0,0,1,0,2,2,0,0,0,2,0,2,2,0,0,0,2,3,3,0,0,0,0,0,2,0,0,1,0,2,1,0,0,1,0,0,0,2,0,0,0,0,3,1,0,2,0,0,0,0,2,0,0,0,2,0,3,0,0,0,2,2,2,1,0,0,0,0,2,0,1,1,3,1,0,0,3,2,0,0,5,0,4,0,0,0,0,0,3,1,0,0,0,4,2,1,0,1,0,0,0,0,1,0,2,0,0,1,0,0,0,2,0,1,2,0,0,0,0,0,12,52,144,147,250,254,251,254,227,31,0,0,0,1,2,1,0,5,0,0,0,2,0,0,0,0,1,90,214,252,252,251,255,207,213,255,251,53,0,4,1,0,0,0,2,0,0,0,0,0,2,0,0,0,91,243,253,236,154,104,44,13,16,244,253,146,1,1,3,1,3,0,0,2,2,0,0,0,0,0,0,11,191,191,67,8,4,1,3,1,8,245,253,61,0,0,2,0,0,0,2,0,0,0,0,1,2,0,0,0,1,0,3,2,0,0,0,0,125,255,218,18,0,0,2,0,2,3,2,0,0,0,0,0,0,2,1,0,0,1,0,0,0,0,1,52,245,250,112,2,2,0,0,0,0,2,1,0,2,0,2,0,0,0,0,2,0,1,2,2,0,1,5,123,252,239,48,0,2,0,1,3,4,0,0,2,0,0,2,0,0,0,5,0,0,0,0,0,0,0,101,253,253,106,0,0,2,0,2,0,0,0,0,0,1,1,0,2,3,0,0,1,0,0,3,0,1,1,177,253,222,7,1,1,1,0,2,2,0,0,0,2,1,0,0,0,0,0,0,1,0,0,2,0,0,48,255,255,106,5,3,0,0,1,1,1,0,0,0,0,0,0,2,0,0,0,0,1,2,2,0,1,11,178,255,190,0,1,1,2,2,0,1,0,0,2,0,1,1,0,0,0,1,3,0,0,1,1,0,0,107,250,244,89,0,0,1,0,0,1,0,0,1,0,6,0,1,0,0,0,1,3,2,0,0,0,0,38,238,251,129,1,0,1,3,0,0,0,0,0,0,3,2,0,0,1,0,0,2,0,0,1,1,0,0,158,251,253,55,2,0,0,0,1,0,0,0,0,1,1,2,2,0,0,0,0,0,0,0,0,0,0,83,254,255,157,0,0,0,0,0,0,1,4,1,0,0,3,1,0,0,0,1,0,0,1,2,0,0,0,125,254,251,31,1,0,0,88,1,0,0,2,2,0,0,0,2,0,2,0,1,0,3,0,0,0,1,2,172,251,127,2,7,93,216,68,1,2,1,0,0,0,0,0,1,1,0,0,0,2,0,5,0,0,0,0,233,254,146,45,213,244,117,4,3,0,0,2,0,0,1,3,0,2,1,0,4,0,0,1,0,0,0,1,146,251,252,253,251,150,1,0,1,0,1,1,0,0,0,2,0,2,1,1,0,3,0,2,0,2,0,1,22,208,252,201,79,5,0,0,0,1,1,0,0,0,0,2,0,1,0,0,0,0,0,1,2,1,0,0,2,0,2,0,1,0,0,2,0,0,0,0,0,2,0,2,0,1,0,0,0,3,0,0,0,0,0,0,1,5,2,2,0,0,0,0,0,0,0,0,0,1,0,0,1,2
0,0,0,1,0,0,1,0,0,3,3,0,2,1,4,3,1,2,0,4,1,0,0,0,0,1,3,0,2,1,1,1,0,4,3,1,1,3,2,0,0,1,0,3,0,0,0,3,4,0,0,0,0,0,0,3,2,0,0,1,0,0,0,4,2,1,4,0,1,0,0,2,2,0,1,0,0,0,0,1,0,2,1,0,0,1,0,0,3,0,3,4,1,2,3,2,0,0,0,0,5,1,0,0,3,0,2,0,2,1,0,1,2,1,1,2,0,1,0,0,1,0,7,0,0,0,0,0,2,0,0,0,0,0,0,0,0,0,3,2,1,0,1,0,1,0,4,0,0,0,0,0,0,0,0,2,0,1,0,0,0,0,0,1,0,0,0,0,2,0,0,0,3,1,0,0,0,0,0,0,0,1,0,0,1,4,0,1,2,1,3,1,0,0,0,0,1,0,0,0,1,0,3,4,0,0,0,1,73,223,194,99,2,1,81,116,0,2,0,1,0,0,1,0,1,0,0,0,1,0,0,0,4,3,41,226,254,255,255,251,206,79,207,228,0,3,1,0,0,1,0,3,0,3,0,0,5,0,0,3,2,147,248,255,223,226,255,255,229,208,252,229,1,2,0,1,4,1,2,1,1,0,0,0,2,3,0,3,89,249,252,166,73,224,228,73,214,255,241,65,0,0,3,3,2,0,2,1,0,0,0,0,0,3,0,95,238,219,114,7,190,229,53,173,255,254,220,1,0,1,0,1,0,2,0,0,0,0,2,0,1,0,0,102,255,162,0,0,91,82,224,247,254,252,104,2,0,0,0,0,5,0,0,4,0,0,0,0,0,1,3,106,247,240,107,127,103,227,255,255,255,254,91,2,2,0,0,0,0,0,2,0,0,0,0,0,0,1,2,21,193,255,253,242,249,254,238,148,186,252,199,0,0,0,3,1,0,1,0,0,0,0,3,1,0,2,0,0,19,190,255,255,255,203,72,17,198,254,223,0,1,4,2,2,2,1,0,3,2,3,1,2,3,0,0,0,2,20,55,59,59,14,0,49,253,255,226,0,0,2,0,0,0,0,1,0,0,0,2,0,0,0,1,0,0,0,2,0,0,0,0,52,254,252,123,2,0,2,3,0,3,0,1,0,2,1,1,0,0,2,0,1,0,1,0,2,0,1,0,60,255,255,186,4,0,0,1,1,1,4,3,0,0,0,0,0,3,0,0,0,0,1,0,0,0,0,2,54,254,255,222,0,0,0,3,1,0,0,0,0,0,0,0,0,0,0,1,0,0,2,2,0,0,0,0,16,201,255,224,0,1,3,0,0,0,0,1,0,0,0,0,1,0,6,0,0,1,0,0,0,0,1,0,0,177,253,221,0,1,0,0,1,1,0,2,0,0,3,0,0,0,0,0,1,0,0,0,3,2,0,2,0,163,252,222,1,3,3,0,0,0,0,2,0,1,2,0,0,2,0,1,0,0,0,0,1,0,0,2,0,46,252,222,1,2,1,0,1,1,0,0,0,2,2,1,0,0,0,1,0,0,0,0,1,0,0,0,0,52,255,220,4,0,0,2,0,0,0,0,2,1,0,0,0,0,0,0,0,0,0,2,0,0,2,0,1,175,255,222,0,3,1,4,0,0,0,1,1,4,0,3,0,0,2,0,0,2,1,2,0,0,3,1,0,112,253,219,0,1,0,0,0,1,4,1,0,0,3,0,0,0,0,1,1,0,0,0,0,0,1,0,1,5,0,1,1,0,0,2,1,0,2,0,1
1,2,0,2,0,5,0,1,1,0,1,0,1,1,0,2,0,0,0,1,0,0,0,0,0,0,0,0,0,0,2,0,3,1,3,2,1,2,0,0,0,0,0,0,1,0,2,0,0,0,2,2,0,0,0,1,0,2,0,0,0,5,0,3,1,0,1,0,1,1,4,0,5,0,1,0,0,4,0,0,2,0,0,1,0,3,0,0,2,1,1,0,1,0,0,1,2,0,0,0,2,0,0,1,0,0,0,0,0,0,0,0,2,0,2,0,0,1,0,0,1,86,217,254,251,170,90,11,2,0,3,0,0,1,1,1,2,0,0,0,3,0,3,1,0,0,0,0,0,222,252,253,250,254,253,210,92,1,0,1,0,0,1,0,0,0,2,0,0,0,1,0,0,0,4,0,0,49,13,10,8,91,173,247,253,138,2,1,0,4,0,0,0,0,0,0,0,0,1,3,2,0,3,0,2,0,0,0,3,0,4,49,174,251,194,93,0,1,0,0,0,1,4,1,0,0,1,2,0,0,0,3,0,0,0,2,0,0,0,3,5,177,251,187,1,1,0,0,0,0,2,0,0,2,2,0,0,0,0,0,0,0,0,0,1,1,2,1,5,173,253,185,1,0,0,0,0,1,1,1,0,0,1,0,1,0,3,2,0,0,0,0,9,18,75,156,227,252,252,175,0,0,0,2,1,1,0,0,0,0,0,0,0,0,3,2,1,0,3,138,218,253,250,255,255,208,135,2,0,0,0,0,1,2,3,0,1,0,0,0,0,0,1,0,0,1,0,215,251,253,145,64,35,14,1,0,0,0,0,1,0,5,0,2,0,4,3,1,0,0,0,3,1,0,1,84,233,252,47,2,2,0,2,0,0,0,1,0,0,0,5,2,0,1,3,0,0,0,2,1,1,0,0,0,113,255,227,24,0,2,2,0,3,0,0,3,0,1,1,3,0,0,0,1,0,1,1,0,0,2,1,0,0,180,254,214,27,1,0,0,0,4,0,0,0,0,0,1,1,4,0,0,0,0,0,0,3,0,0,0,3,20,171,255,207,28,6,0,1,0,1,0,1,0,3,2,4,0,1,2,1,1,1,0,0,0,0,0,0,2,41,235,251,86,0,0,0,1,3,0,0,0,2,2,1,0,1,3,0,0,3,0,0,0,1,0,2,1,0,25,239,198,9,0,2,0,0,0,0,0,0,0,0,1,0,1,1,1,1,1,0,0,0,0,0,2,1,1,240,251,25,0,2,1,0,2,0,2,3,0,0,0,0,0,0,0,0,0,2,0,0,0,0,1,13,103,251,201,7,1,0,1,0,0,1,0,0,3,0,0,1,1,1,0,0,2,2,5,11,12,8,94,177,250,251,84,0,1,1,0,0,0,0,1,0,0,0,0,0,0,0,0,78,162,162,205,253,254,254,254,251,211,85,0,0,0,0,1,0,0,0,0,0,0,0,3,0,0,2,1,188,254,254,253,251,249,250,210,127,10,0,2,2,1,1,0,2,0,0,0,0,0,0,0,0,1,2,1,1,0,0,1,0,1,0,1,2,0,0,1,1,2,1,0,0,0,2,3,0,0,0,0,3,0,0,0,0,0,0,0,0,4,0,0,2,1,1,1,0,0,0,0,0,0,1,0,0,0,0,1,0,0,2,0,0,0,0,0,0,0,0,2,0,0,0,0,0,3,0,2,0,0,0,2,2,0,2,0,2,1,0,5,0,0,1,2,1,0,1,0,3,0,1,2,0,0,1,2,0,0,0,2,2,0
1,0,2,4,0,0,0,0,0,0,0,0,0,0,0,0,0,0,1,0,0,1,0,0,0,0,0,0,0,0,0,0,2,1,1,0,5,3,2,0,4,0,3,0,0,0,0,1,0,1,0,0,1,0,2,0,0,1,0,0,2,1,1,3,1,1,5,1,0,0,1,0,0,1,1,0,2,0,0,0,1,0,1,1,2,0,2,0,0,1,0,0,0,0,4,0,0,1,1,1,0,1,5,2,1,0,0,2,2,0,0,0,0,1,0,1,2,1,0,0,2,2,1,0,84,196,128,0,1,3,3,0,1,1,0,0,0,0,2,3,2,0,0,0,0,0,2,3,2,1,0,39,230,255,225,23,0,1,1,0,2,0,0,0,2,0,0,1,0,0,3,0,0,1,2,0,0,2,0,187,255,201,251,50,0,2,0,1,0,0,0,1,1,0,1,0,0,1,1,0,1,0,2,0,1,0,83,244,175,9,201,137,1,0,1,0,1,0,3,0,1,1,0,0,0,1,0,0,0,0,3,0,0,0,231,255,83,97,219,84,0,0,0,0,0,0,1,0,4,1,0,1,4,0,0,1,0,0,0,0,4,42,241,212,5,197,252,192,23,0,2,0,1,0,0,1,0,0,3,3,0,3,0,1,0,0,1,0,0,147,253,97,1,91,220,251,235,96,0,1,2,2,1,1,0,0,0,1,0,3,2,0,0,0,3,5,10,219,252,70,0,2,9,137,252,253,146,1,0,0,0,0,1,1,3,1,4,0,0,3,1,1,0,0,20,255,238,45,0,3,0,1,58,225,253,108,0,2,3,0,0,2,0,0,0,2,1,0,1,0,0,0,24,251,224,2,0,0,0,2,0,50,205,253,133,2,2,0,1,0,0,0,0,0,0,3,0,2,0,1,99,255,142,0,1,2,0,2,2,1,65,241,175,0,0,0,0,2,1,1,0,0,1,2,0,3,1,0,120,255,102,1,0,3,0,0,0,1,0,125,192,3,0,3,0,0,1,0,0,0,2,0,2,0,0,1,114,253,28,0,2,0,0,1,0,0,0,163,254,20,0,0,0,0,4,2,4,0,0,2,0,1,0,2,22,254,124,2,0,3,1,0,0,2,4,124,254,25,0,3,1,5,0,1,0,1,1,0,0,0,2,3,23,253,132,1,0,0,1,0,0,0,1,136,253,19,1,2,0,0,0,2,0,3,2,1,0,2,1,2,20,255,225,1,0,0,0,1,0,0,53,246,229,12,0,0,0,0,0,2,0,1,3,1,0,0,5,0,9,214,231,10,0,0,0,0,0,0,71,248,112,0,0,0,0,0,0,0,0,4,0,0,0,0,0,0,1,176,255,103,1,0,0,2,0,3,145,228,0,0,1,0,0,0,2,1,1,2,0,2,0,0,1,0,0,118,252,185,4,2,2,1,1,30,215,151,2,0,0,4,0,4,0,0,0,0,0,1,0,0,0,0,2,14,238,254,94,3,2,2,0,155,199,6,0,0,0,0,0,0,2,1,0,0,1,0,1,0,2,0,0,1,0,1,0,2,2,0,0,0,0,1,0,0,0,3,0,0,0,0,0,0,0,4,1,1,0,2,2,1,0,0,0,0,2,0,6,1,2,4,0,1,0,0,0,0,0,0,0,0,3,0,0,0,0,0,2,0,0,2,0,2,0,0,3,0,2,0,0,3,1,0,1,0,0,1,0,3,2,0,0,2,0,0,0,0,0,1,0,0,0,0,1,5,1,0,3,2,1,0,0,1,1,1
1,4,2,0,0,0,0,4,0,1,3,2,1,1,0,3,0,0,0,0,0,1,0,0,0,0,0,0,0,1,0,0,1,0,1,0,0,0,1,0,0,0,0,1,2,0,0,0,2,0,0,2,2,1,4,0,0,0,3,0,2,1,0,3,2,0,1,1,0,2,6,2,0,0,2,1,1,0,2,3,0,0,2,0,0,0,1,0,0,1,0,1,1,1,4,0,0,2,1,0,0,1,0,1,2,0,0,4,0,0,0,1,0,0,2,0,1,1,2,0,2,0,0,1,1,2,3,2,1,2,0,2,0,0,0,1,0,0,0,1,0,1,0,0,0,2,0,2,1,3,0,1,0,46,229,130,1,1,0,0,0,1,0,2,0,0,1,0,0,1,0,0,2,1,0,1,1,1,0,0,8,228,254,128,0,1,2,0,1,0,0,0,0,2,0,0,0,2,0,0,0,1,2,0,0,1,0,0,60,250,252,79,0,1,3,0,0,1,0,1,1,0,0,2,0,0,0,1,0,2,0,1,4,1,0,13,190,255,205,10,3,0,0,3,0,0,4,0,0,1,0,0,0,1,0,0,2,2,0,2,0,0,2,80,255,238,68,2,0,3,0,1,0,58,119,13,0,0,2,0,1,2,0,0,0,0,0,0,1,2,2,183,255,147,1,1,0,3,0,0,92,239,253,40,2,0,0,1,0,0,0,0,0,0,0,2,1,0,67,255,245,4,2,0,0,0,2,102,236,249,109,0,1,0,2,2,0,0,0,3,0,0,0,1,1,3,152,254,160,0,2,0,0,3,91,237,255,192,1,0,0,0,0,0,0,0,1,0,2,1,1,0,0,0,154,252,38,0,0,0,6,104,246,254,200,13,0,0,0,0,3,2,0,2,3,0,0,0,2,0,0,0,154,251,22,0,0,57,182,255,254,144,18,0,1,0,0,0,1,0,1,0,0,0,0,4,2,1,1,0,152,255,157,111,202,252,254,255,161,16,0,0,0,0,0,4,0,0,1,0,0,0,0,2,1,2,0,2,143,250,251,250,255,253,255,198,9,0,0,0,0,0,0,0,3,0,0,2,1,1,0,0,3,0,1,1,15,121,193,228,255,255,216,21,0,0,0,0,1,0,0,2,0,2,3,1,2,3,0,0,2,0,0,0,0,0,2,197,254,206,76,0,2,0,0,2,0,0,0,0,1,0,6,1,1,0,1,0,3,0,0,0,0,1,21,252,241,68,1,1,0,2,2,1,0,0,2,0,0,0,0,0,0,0,0,0,3,0,0,1,2,22,200,249,95,2,0,0,2,0,0,1,0,0,2,2,1,0,2,2,0,1,0,3,0,1,1,0,4,126,251,234,35,1,1,0,1,0,3,0,0,2,3,0,1,0,0,0,1,1,0,0,4,0,3,3,4,201,247,46,1,0,0,2,1,0,0,0,0,0,0,0,1,0,0,0,2,0,0,0,0,1,3,2,45,253,244,2,0,0,0,2,1,1,0,5,0,0,0,0,0,0,1,0,2,0,0,0,0,0,0,0,7,153,195,0,0,2,1,1,1,2,1,2,4,0,1,0,0,4,0,0,1,0,0,0,0,0,0,0,1,4,0,2,1,3,0,0,0,0,0,5,0,0,0,2,0,0,1,0,1,0,0,0,3,1,0,1,0,0,0,0,0,0,0,0,3,4,0,0,1,0,0,0,1,0,3,0,0,0,0,0,2,2,0,0,0,0,0,0,0,0,0,0,0,2,3,0,2,0,0,0,0,1
2,0,0,0,1,0,0,2,0,0,0,0,0,0,0,0,0,1,0,3,0,0,0,2,1,1,0,4,0,0,2,2,0,0,0,1,0,0,0,0,0,2,0,0,0,3,4,2,0,0,1,0,0,0,0,0,0,0,0,1,0,1,1,1,5,1,0,0,0,41,194,116,3,0,0,2,0,0,0,0,2,0,0,0,1,0,1,0,2,0,1,0,0,0,3,1,0,196,249,254,80,1,0,0,4,1,1,1,0,2,1,1,1,2,1,0,2,5,0,1,3,0,0,4,1,107,254,252,192,0,0,0,0,0,0,0,3,0,0,0,0,3,1,0,0,2,1,0,2,0,0,0,1,0,250,254,195,0,0,0,1,0,0,0,2,0,3,0,1,0,1,0,1,0,0,1,0,1,0,3,0,68,254,253,195,0,0,0,0,0,1,2,1,4,2,0,0,3,0,0,0,0,0,3,0,0,0,0,0,96,255,255,193,0,0,0,0,0,1,0,0,1,0,0,0,1,3,1,1,1,1,0,0,0,0,0,0,129,253,252,50,0,0,0,0,0,3,3,0,0,0,0,3,0,0,3,0,1,0,0,1,0,2,0,2,195,253,232,0,5,3,0,0,0,2,0,0,2,0,0,0,2,0,0,1,0,2,0,0,0,1,2,3,195,254,114,0,0,1,1,0,1,4,0,0,0,2,2,2,2,3,0,1,3,0,0,4,0,0,1,99,254,243,40,0,0,2,0,0,0,0,0,2,0,0,0,2,0,3,1,0,0,0,0,1,0,2,0,180,255,161,1,2,0,0,0,2,0,0,1,0,0,0,0,3,2,0,0,0,1,0,1,0,0,2,54,249,254,80,1,2,3,0,0,0,3,0,0,0,0,1,1,0,1,1,3,0,3,0,0,1,0,13,199,251,171,0,2,2,1,1,0,1,0,0,0,1,0,0,0,1,2,0,3,0,1,0,0,0,0,126,255,251,95,0,2,0,2,2,0,0,0,0,0,0,4,0,0,0,0,2,0,0,0,0,3,2,74,252,255,228,30,0,1,0,1,0,2,0,0,0,0,2,2,2,0,0,0,1,0,2,0,0,0,44,230,253,182,112,82,81,83,82,81,28,0,0,0,2,0,0,0,0,0,0,1,3,1,3,0,1,62,231,255,255,254,255,251,255,255,253,255,243,146,65,5,0,2,0,1,0,1,1,2,2,0,0,22,171,254,250,254,252,253,252,220,236,204,203,206,254,254,251,179,60,0,0,0,2,0,3,0,0,0,0,134,253,255,254,208,121,69,16,7,7,4,4,11,74,119,242,252,251,129,28,0,0,0,0,2,0,3,0,31,241,188,102,0,0,0,0,3,2,2,1,3,0,0,38,108,229,237,94,0,0,0,0,4,0,0,1,0,0,6,1,0,0,0,1,1,0,4,2,1,1,1,0,0,1,0,0,3,0,0,0,0,0,3,2,1,1,0,0,0,2,0,0,1,0,0,4,1,0,0,0,1,0,0,0,2,0,0,2,2,1,0,5,3,0,2,1,2,0,0,0,0,0,0,0,0,0,1,0,3,1,0,0,0,0,0,1,1,0,0,0,1,0,0,0,2,0,3,1,0,0,1,0,0,0,0,0,0,0,0,0,2,3,0,0,0,1,2,0,2,1,0,1,0,0,2,0,1,2,0,2,0,2,0,0,0,1,1,1,0,3,0,0,0,1,2,2,0,0,2,0,0,1,0,0,1,0,1,0,3,1,0,1,0,0,1,1,2,2,0
0,0,0,0,0,0,3,0,1,0,0,0,0,0,0,1,0,0,0,0,0,0,0,0,2,0,0,1,0,0,1,0,2,0,0,3,1,0,0,0,1,1,0,2,1,0,0,0,2,2,0,0,0,3,0,0,1,0,1,1,0,0,0,1,1,4,0,2,0,0,3,0,2,0,0,0,1,0,2,1,0,3,0,1,0,3,2,0,0,0,0,1,1,0,0,0,0,1,1,3,0,0,0,0,0,0,0,0,0,0,1,0,0,3,3,1,0,0,1,1,2,0,0,0,2,0,193,255,255,255,64,1,0,1,4,0,1,1,0,0,0,4,0,0,2,2,0,0,1,0,1,0,66,191,252,253,255,254,129,129,191,62,0,1,0,0,1,1,0,2,1,1,2,0,0,2,4,0,0,65,254,255,255,192,129,127,0,255,254,254,63,0,0,0,2,0,2,0,2,0,0,1,3,1,0,1,0,255,254,250,253,62,0,0,4,193,255,255,129,1,0,0,1,0,0,0,2,1,2,0,1,0,0,1,187,255,255,255,69,0,0,0,0,1,253,253,251,2,1,1,0,0,1,0,0,0,3,2,0,0,0,124,255,255,253,193,0,0,0,0,0,2,252,254,255,0,2,0,0,0,2,1,0,0,0,3,0,0,62,253,254,255,191,0,0,0,1,0,0,2,254,254,253,0,0,0,0,0,3,0,3,0,0,0,2,1,255,253,255,190,1,1,0,0,2,1,0,1,252,253,253,0,0,0,0,0,1,0,0,0,0,0,0,125,255,255,255,0,0,0,0,2,1,3,2,66,254,255,255,1,0,2,0,0,3,0,0,0,1,0,64,255,255,255,190,0,0,0,0,0,2,4,63,255,254,252,189,1,0,2,0,3,1,0,1,0,1,2,128,255,255,255,64,0,0,0,0,0,0,3,131,254,255,255,61,0,0,0,0,0,0,0,0,1,2,0,127,254,255,189,1,0,0,0,0,0,2,1,128,253,255,129,0,1,0,3,0,0,0,0,3,0,0,0,131,254,254,129,0,0,2,0,3,2,0,63,253,255,255,62,2,2,0,0,2,2,1,0,0,1,3,0,129,255,255,128,0,2,0,0,0,0,0,255,255,255,190,0,0,2,0,0,2,1,0,0,0,0,0,0,128,254,254,126,3,0,0,2,2,3,193,255,255,254,2,0,0,1,0,0,0,0,0,0,0,0,2,0,67,255,254,191,61,0,0,3,0,190,255,254,255,127,2,5,0,2,0,0,0,3,0,0,0,1,2,0,0,125,254,255,255,0,3,65,191,255,254,255,255,0,0,1,0,1,0,0,0,0,0,1,0,0,0,3,2,0,255,254,255,255,254,255,255,255,253,188,2,0,2,0,0,0,2,1,0,1,0,1,1,0,3,0,0,3,127,253,254,255,255,254,255,253,130,5,3,0,0,0,1,0,0,0,1,0,3,1,0,0,3,2,0,1,1,191,255,255,254,255,191,66,0,3,1,0,2,0,0,1,2,1,1,2,0,0,0,2,1,0,0,0,1,0,1,0,0,0,0,0,0,0,0,0,3,0,0,1,0,0,2,0,5,0,0,0,1,0,0,0,0,0,0,2,0,0,0,1,2,2,2,0,0,0,0,0,0,1,0,0,3,2,0,2,0,2,0,0,0,0,0,0,1,0,0,0,2,2,0,0,0,1,0,0,0,0,1,1,0,0,0,1,0,0,0,0,0,5,4,0,3,1,0,0,0,0,0,0,3,1,0,0,2,0,1,0
0,1,0,0,2,0,0,0,0,0,1,0,0,0,0,3,0,0,0,2,0,2,4,0,1,0,0,3,1,0,0,1,1,2,2,0,0,0,0,0,0,0,2,0,1,1,0,1,2,1,0,0,1,0,1,0,0,0,1,0,0,0,2,2,0,0,2,1,0,1,0,3,0,0,0,4,0,1,2,0,0,0,0,0,1,0,4,3,1,0,0,0,0,0,2,1,0,1,0,0,3,3,0,0,0,0,1,0,0,3,0,0,0,0,0,3,0,3,0,1,0,1,1,0,0,0,0,2,3,3,0,0,0,0,2,0,2,0,0,0,1,1,0,1,0,0,0,2,3,0,1,1,0,3,1,1,0,0,0,2,0,0,0,0,2,0,2,1,1,2,0,1,2,0,1,0,0,0,1,0,0,0,0,18,94,217,119,1,2,2,0,1,0,0,0,0,0,1,0,0,2,0,0,0,0,1,0,0,1,75,103,209,253,251,253,80,4,0,2,0,0,1,0,3,0,0,0,1,0,1,0,16,21,126,162,232,233,248,253,251,255,254,254,105,0,0,1,0,0,0,3,0,0,1,0,0,0,0,5,193,251,252,249,252,250,251,254,254,253,254,255,81,1,0,0,0,0,4,1,2,2,3,0,0,0,0,11,174,254,249,254,252,225,146,145,139,250,252,73,1,0,0,0,1,0,1,1,0,0,0,0,2,0,0,0,0,89,169,176,99,0,0,11,156,254,216,18,1,0,0,0,0,2,0,0,0,0,0,0,0,0,0,2,0,1,1,0,0,0,0,122,252,243,126,0,0,0,2,0,0,0,0,0,1,0,0,0,1,0,0,0,2,1,0,0,1,0,0,156,253,233,2,0,0,0,0,2,0,0,0,1,0,0,0,0,0,0,2,0,0,0,0,1,0,1,0,249,252,233,2,0,13,105,5,0,0,1,1,0,2,0,0,2,0,0,3,1,2,1,0,0,1,2,0,254,249,143,1,90,112,149,14,0,0,1,0,0,0,0,0,0,0,0,0,0,0,2,0,1,0,45,44,255,251,253,252,255,134,1,0,0,2,0,1,2,0,0,0,4,0,0,0,0,2,2,2,26,145,249,251,254,253,245,167,81,0,4,3,1,0,0,0,0,1,0,0,0,0,0,0,1,1,2,3,141,249,252,253,253,210,26,1,0,3,0,0,0,4,1,0,2,0,3,0,1,2,0,0,1,1,0,30,236,250,227,252,255,168,1,1,0,1,3,0,0,1,2,4,0,0,0,2,0,1,3,0,0,0,0,1,67,94,27,216,254,169,0,0,0,0,2,2,0,4,1,0,0,1,0,5,0,1,0,0,1,0,0,1,2,0,0,210,255,105,0,1,0,0,1,0,0,0,1,0,4,0,2,0,1,0,0,1,3,1,0,2,0,0,127,244,253,64,0,0,0,0,3,0,1,2,0,0,0,0,4,0,0,0,0,2,0,0,0,0,3,0,70,252,252,61,0,0,2,1,0,1,1,1,0,3,0,1,2,0,1,0,0,0,0,0,0,0,1,0,64,252,222,21,0,1,0,0,0,3,3,0,3,0,1,0,0,2,1,0,2,1,1,1,1,0,2,2,11,174,209,0,1,0,1,0,0,0,0,0,0,0,0,0,0,0,3,4,1,0,2,0,0,0,0,0,3,0,1,0,0,1,0,0,0,0,3,0,1,4,2,1,2,2,1,0,0,0,0,0,0,0,0,1,0,0,0,0,0,0,0,0,0,0,2,1,0,1,2,0
2,0,0,0,1,0,0,1,0,0,2,0,2,0,0,0,2,0,0,0,0,0,1,0,3,0,2,0,0,3,5,0,3,2,0,0,0,0,0,0,0,0,0,2,1,2,2,2,2,0,0,0,0,2,1,0,0,2,1,0,0,0,0,0,0,3,0,0,3,0,0,0,0,0,1,3,0,1,1,3,3,0,0,1,3,1,3,1,3,1,0,0,0,0,1,2,1,0,0,1,0,0,3,0,0,1,2,1,3,1,0,1,1,1,3,0,1,2,4,0,0,1,0,0,0,3,100,221,137,0,2,3,0,0,0,1,1,0,3,0,2,1,2,0,0,0,0,0,0,0,0,0,1,33,224,255,202,3,1,2,0,2,0,0,3,0,1,1,0,0,0,0,4,0,0,0,0,0,0,2,1,74,254,255,202,0,0,1,0,0,0,2,0,0,0,1,2,1,0,0,1,0,2,1,0,0,2,2,0,74,251,252,201,0,0,2,0,0,3,4,0,3,0,1,2,0,0,1,0,0,1,0,0,0,0,1,0,73,251,253,201,0,0,0,2,0,0,0,0,2,1,3,0,0,0,0,0,0,5,0,1,0,0,1,0,78,252,255,206,1,0,0,0,1,2,0,0,0,2,3,0,0,2,0,2,3,1,0,0,1,0,0,0,74,255,255,200,1,0,0,0,0,0,0,2,0,1,1,2,0,0,0,0,0,0,0,3,0,0,0,0,181,251,255,203,0,0,0,0,0,3,2,1,1,0,2,0,0,0,0,0,0,5,2,0,1,0,5,0,203,252,253,201,0,1,1,0,1,1,0,0,0,0,0,0,3,0,1,0,0,0,2,0,1,0,0,21,217,255,253,100,0,0,0,2,0,1,0,1,0,1,3,0,0,1,0,2,1,3,4,1,0,0,0,79,255,255,253,70,0,1,0,0,0,2,0,0,2,0,3,2,0,0,0,0,0,0,2,0,2,4,1,80,254,255,255,70,1,0,0,0,0,1,0,0,1,3,0,1,0,0,1,1,1,1,0,0,0,1,1,81,255,255,253,74,0,0,1,1,2,1,1,1,0,0,0,0,0,0,0,2,0,0,0,0,0,0,3,27,221,253,252,157,0,0,0,0,0,0,0,1,0,0,0,4,1,0,1,0,0,0,0,3,0,2,0,14,210,254,255,204,0,0,0,3,2,1,2,0,3,0,1,0,0,0,0,2,0,0,3,2,0,0,0,77,254,254,253,123,2,1,0,2,0,1,0,0,1,1,0,1,3,2,0,0,0,3,0,3,0,0,0,81,251,253,218,28,1,0,0,0,0,2,0,3,0,0,0,0,0,3,0,0,3,0,0,1,0,1,0,74,255,253,195,0,1,3,0,0,0,0,1,1,0,0,2,1,0,0,1,3,1,1,3,1,0,1,0,2,201,253,198,1,0,2,0,0,2,0,0,1,0,3,0,0,1,0,0,1,1,2,0,1,0,0,1,1,35,223,196,3,0,2,0,0,1,0,0,0,2,0,1,0,0,1,0,0,1,0,2,0,0,0,0,2,0,0,0,0,0,0,0,0,0,0,2,0,0,2,0,0,0,2,0,2,1,2,0,1,0,2,0,0,0,4,0,0,0,0,0,0,1,0,3,0,1,0,0,0,0,0,1,1,0,2,0,0,2,0,0,0,4,0,1,0,1,0,0,2,2,2,1,0,0,0,1,0,0,1,3,1,1,0,1,0,1,0,1,0,0,0,0,0,0,1,0,0,0,0,2,4,3,2,0
0,0,1,0,0,1,1,3,0,1,0,0,0,1,2,0,2,1,0,0,0,3,0,4,1,0,0,0,0,4,4,3,0,0,1,0,0,1,0,0,0,0,0,4,1,2,3,0,0,0,1,2,0,5,2,0,1,0,1,1,1,3,0,0,0,0,0,1,0,0,1,0,0,0,0,0,0,2,2,0,0,4,2,0,0,1,0,0,0,0,0,0,0,1,2,0,2,2,2,0,0,4,0,0,0,0,0,0,2,2,1,0,1,1,1,4,0,0,1,0,1,1,0,0,0,0,72,214,20,0,6,1,0,0,0,0,2,2,0,2,0,0,0,0,0,2,0,3,0,0,0,1,0,1,156,254,148,0,0,0,4,0,0,3,2,0,0,1,0,2,0,0,0,1,0,2,2,0,0,4,0,9,251,253,157,0,2,0,0,0,1,2,3,1,0,0,0,1,1,0,2,1,0,0,0,2,0,0,2,5,255,255,108,1,0,0,0,1,1,2,0,0,1,1,0,2,0,0,2,1,3,1,1,0,0,2,0,4,254,255,56,1,1,0,5,0,0,3,0,0,0,0,3,0,0,0,0,2,2,1,0,0,0,0,0,35,255,255,37,0,0,0,1,0,0,1,0,2,1,0,1,2,0,1,3,2,0,0,0,1,1,0,0,113,251,255,105,0,0,1,1,2,0,0,0,0,0,4,0,0,0,3,2,1,1,0,0,1,0,1,1,134,255,252,4,2,4,0,0,0,0,0,0,4,0,0,0,0,0,1,1,0,0,1,3,2,0,0,1,214,253,255,7,3,0,1,2,0,1,4,0,0,0,0,3,0,0,0,0,0,0,1,2,1,0,0,0,188,254,255,26,2,0,3,3,0,2,0,0,0,0,0,1,1,0,0,0,1,0,0,0,1,3,0,0,108,255,254,111,2,0,1,0,0,1,0,2,3,1,0,0,0,1,0,0,0,0,0,0,2,0,0,2,111,255,254,109,0,0,1,0,0,0,1,0,0,1,0,1,0,1,2,0,3,0,0,0,1,1,0,0,112,255,252,110,1,0,0,1,0,0,0,0,0,0,2,2,0,0,2,2,1,0,0,0,0,0,0,0,112,252,253,22,4,0,0,2,0,0,0,0,3,0,0,3,0,0,0,0,1,0,0,1,0,0,0,4,111,253,254,79,2,0,1,0,0,0,0,1,0,0,0,0,0,1,0,0,0,1,1,5,1,0,2,0,203,254,255,48,0,0,3,0,0,0,0,0,2,0,0,0,0,2,0,1,0,0,0,0,0,0,0,0,213,253,255,4,0,1,0,0,2,0,1,0,0,1,1,0,0,1,2,2,0,0,0,0,1,0,2,0,214,255,171,0,2,2,0,1,3,1,0,1,0,0,0,2,0,0,1,0,2,0,1,0,0,0,0,0,211,255,253,7,2,1,1,0,1,1,1,1,1,0,1,0,0,0,0,0,0,0,1,0,0,3,0,0,84,171,175,1,0,0,0,0,1,0,0,0,0,0,1,1,0,0,0,0,3,0,1,1,0,0,0,0,2,0,1,0,3,0,0,2,2,2,0,0,0,1,1,0,1,0,1,1,0,0,0,0,1,0,0,0,4,2,2,0,1,0,2,0,0,3,3,0,0,0,0,1,2,0,2,1,1,0,0,1,0,2,1,1,3,0,2,2,0,2,0,1,1,0,0,2,0,0,1,1,0,0,3,1,0,1,2,1,2,1,0,1,0,1,1,0,1,1,1,1,0,3,1,0,0,1,0
6,0,0,2,1,0,2,0,1,0,0,3,0,2,1,0,0,0,0,0,0,0,0,1,1,0,2,0,0,0,0,2,0,0,0,1,2,1,0,2,0,0,0,0,0,2,0,1,0,0,2,0,0,0,0,1,1,3,0,3,0,0,1,1,0,4,3,0,1,0,0,0,0,1,2,2,0,1,1,1,0,0,3,0,2,3,0,2,1,0,0,0,0,0,2,2,0,2,0,0,0,0,0,2,0,3,0,0,0,1,0,1,3,0,0,0,0,0,164,252,254,253,253,255,254,254,240,157,44,0,0,0,0,0,3,0,0,0,1,0,0,0,0,0,1,0,29,224,233,175,174,79,24,88,106,189,238,124,15,0,3,0,0,0,0,0,0,0,0,0,2,0,0,1,0,7,8,1,0,0,0,0,0,2,60,239,140,0,1,0,0,0,2,0,1,0,1,1,0,1,0,1,0,0,2,0,1,1,5,0,0,0,2,121,239,60,2,1,0,0,3,2,0,2,0,0,0,0,0,0,0,3,0,0,1,0,0,0,0,0,0,119,252,147,0,0,0,0,2,0,1,0,1,2,1,0,0,3,0,1,0,0,0,2,0,2,1,1,33,245,254,125,0,0,0,0,0,1,2,1,0,0,1,0,0,3,0,0,0,0,0,1,0,5,4,1,84,255,221,27,0,0,1,0,2,2,0,2,1,2,0,0,1,0,1,0,0,0,2,2,0,2,0,26,175,245,84,0,0,0,2,0,1,0,4,0,3,0,3,0,3,1,0,1,0,3,0,0,0,1,39,219,255,176,1,0,0,0,0,2,3,0,0,0,0,5,4,0,0,0,0,1,1,1,1,0,0,1,146,253,249,86,0,3,1,0,0,0,1,0,2,3,0,2,1,0,1,1,0,1,0,0,2,0,1,51,246,253,133,1,0,0,0,0,1,0,1,1,0,0,0,0,0,1,2,0,0,0,1,0,0,0,39,194,253,180,8,1,0,0,2,3,1,3,0,0,1,1,2,2,0,0,2,0,0,0,0,3,0,6,152,255,181,26,0,0,0,1,0,0,0,0,3,1,0,0,0,1,3,0,1,2,0,0,1,1,10,163,255,251,52,4,0,0,0,0,0,0,1,0,0,0,0,0,1,1,0,2,2,0,0,0,0,0,135,255,252,131,0,0,0,0,5,1,0,0,0,2,0,0,0,0,3,2,0,0,1,0,0,0,0,64,241,255,172,9,1,0,0,0,0,1,0,3,8,10,1,0,0,0,0,4,0,0,0,1,0,3,29,224,253,207,9,0,1,1,15,53,106,155,187,185,199,73,4,2,0,0,1,2,1,0,0,0,2,2,67,253,253,114,86,98,141,193,255,253,251,245,209,127,19,2,1,0,0,0,2,0,2,0,2,0,1,0,45,250,255,227,255,254,254,252,209,152,41,2,0,0,0,0,0,0,3,1,0,1,0,0,0,0,0,1,1,99,221,232,166,167,151,72,4,2,0,3,0,0,1,0,0,1,3,1,0,1,4,2,1,0,0,1,0,0,1,0,1,0,3,0,0,4,1,0,0,0,3,0,0,1,0,0,0,0,0,0,2,3,0,0,1,0,0,1,1,2,0,0,0,1,0,0,1,0,3,1,0,0,4,0,0,0,3,0,0,2,0,0,0,0,0,0,0,1,0,0,0,1,1,0,3,1,0,0,1,1,1,0,1,2,0,1,0,0,3,0,0,0,2,0,3,0,0,0,0,0,1,0,0,0,1,1,1,0,1,0
0,3,0,2,0,0,0,0,0,4,3,1,0,0,3,0,0,3,2,1,0,0,5,0,0,5,0,1,0,0,0,0,1,0,0,0,0,0,0,2,1,0,0,1,0,0,0,0,0,1,0,1,2,2,0,2,0,0,3,2,1,0,0,2,0,0,4,0,0,0,0,3,0,0,4,0,2,0,2,0,1,0,2,0,1,1,0,1,1,0,1,0,0,0,1,0,3,0,0,0,1,0,0,0,2,0,0,0,2,0,3,0,0,0,2,1,3,0,0,3,1,0,0,5,0,2,1,134,121,0,0,0,1,0,0,0,3,0,2,0,0,0,2,2,3,0,2,0,0,0,1,0,3,2,0,253,229,0,0,0,1,0,0,0,0,0,0,0,0,0,1,2,3,2,2,1,0,0,0,1,1,0,76,253,242,60,0,0,2,0,1,1,0,1,1,0,0,1,3,2,0,1,0,0,0,2,1,0,0,0,147,255,245,76,1,0,2,0,2,0,0,1,0,0,0,0,1,0,0,0,3,0,0,0,0,2,0,0,241,251,226,2,0,1,1,1,0,2,1,0,0,0,1,1,0,0,0,4,0,0,0,0,1,0,0,0,242,253,225,2,0,0,2,0,0,1,0,1,0,0,0,0,1,1,0,0,0,0,0,2,1,5,2,0,239,255,228,0,2,2,2,1,0,2,0,0,3,0,0,1,0,0,4,1,0,0,0,1,0,0,1,45,244,255,228,0,2,2,0,0,1,0,0,0,1,0,0,0,0,1,0,2,0,1,0,0,1,1,0,107,253,255,178,2,1,1,0,1,0,0,3,0,1,0,1,0,0,2,1,0,1,0,0,2,0,0,5,164,252,252,107,0,0,0,0,0,3,1,0,2,1,0,0,1,0,1,3,1,0,0,0,1,0,1,1,228,255,255,102,5,0,0,0,0,0,0,0,0,0,0,0,2,0,0,2,0,0,0,0,0,1,1,1,230,253,243,0,0,0,1,1,2,0,1,0,4,0,3,1,3,0,1,0,0,1,0,0,0,1,2,2,227,249,240,0,0,1,0,2,0,0,2,0,0,0,0,0,0,0,4,0,0,2,0,2,3,0,0,2,228,255,239,2,1,2,0,0,2,1,0,0,2,2,4,1,0,0,1,0,3,3,2,0,2,1,1,0,229,255,215,0,0,0,2,0,0,2,2,0,0,0,0,0,1,1,2,0,0,0,1,3,1,0,1,29,233,250,118,0,5,0,0,0,0,1,0,0,0,0,3,0,4,1,0,1,0,1,0,2,0,0,0,102,255,254,121,0,1,0,0,1,4,0,0,0,2,2,0,0,0,2,0,0,2,0,0,2,0,0,0,11,232,251,122,0,4,0,0,4,0,0,0,0,1,0,1,0,3,0,0,0,0,0,1,0,0,0,0,2,179,251,121,0,1,0,2,2,0,2,2,0,2,1,1,0,1,0,0,1,0,0,1,0,0,1,0,1,58,249,119,0,0,3,0,0,0,4,1,3,0,0,0,3,0,0,0,1,5,0,0,0,3,0,0,1,0,1,1,5,0,0,1,0,1,0,0,0,0,0,0,0,2,0,2,0,0,0,0,0,3,0,1,1,2,0,0,0,1,0,0,1,0,2,0,0,0,1,0,0,1,0,3,1,0,1,1,3,1,0,1,1,0,0,2,0,0,2,0,0,2,0,0,2,0,0,0,3,0,0,0,0,0,0,0,0,0,0,0,0,0,0,2,1,2,0,0,0,1,2,2,0,4,1,0
0,3,0,1,0,3,1,2,0,4,0,4,1,0,1,0,3,0,1,0,0,0,0,0,0,3,0,2,0,0,0,5,0,0,0,1,2,0,0,2,0,2,0,0,0,2,0,0,0,0,2,0,1,0,1,2,2,0,0,0,0,0,0,0,0,1,0,0,2,2,0,0,0,0,1,0,2,0,1,1,2,1,0,0,1,2,0,1,2,0,0,2,0,0,1,0,0,2,1,1,0,0,0,5,0,0,1,1,0,1,1,0,0,0,3,1,0,1,0,0,4,0,2,0,0,2,1,0,0,0,1,3,3,0,2,3,0,1,0,0,1,0,0,0,0,0,0,0,0,0,9,87,133,217,253,253,253,250,255,209,131,18,1,1,0,2,0,0,0,0,1,0,1,2,3,2,21,149,255,253,248,240,240,242,242,141,117,224,255,254,146,13,0,0,0,3,0,0,0,0,0,0,0,14,209,253,221,112,33,0,0,0,1,0,0,2,97,227,252,147,0,0,0,0,1,0,0,0,0,0,2,93,254,234,34,0,0,0,1,0,2,0,0,0,0,44,243,252,3,0,0,0,0,0,1,2,0,0,1,141,253,205,0,0,3,0,4,1,1,0,1,0,0,0,148,180,3,1,0,1,2,0,1,0,1,0,0,125,251,182,15,0,1,0,0,0,2,0,0,0,0,0,0,46,1,0,0,1,0,0,0,3,0,4,0,16,235,255,114,0,0,0,0,0,0,0,0,0,1,0,4,2,3,0,0,0,0,2,0,1,0,0,0,0,64,254,241,142,0,1,0,0,1,0,3,0,1,0,0,0,0,0,0,3,0,2,0,0,0,4,0,0,8,88,229,237,152,17,3,0,4,5,0,4,0,1,1,3,0,0,0,0,5,0,0,2,1,3,1,0,0,4,64,232,252,179,44,0,0,0,0,1,0,2,0,0,0,1,0,2,2,0,0,0,1,0,0,0,1,0,0,62,233,255,209,51,0,0,2,1,0,0,2,1,0,1,0,0,0,2,0,2,0,4,0,0,0,4,1,1,40,160,254,240,45,0,3,1,2,2,1,0,0,1,2,0,0,3,0,2,0,2,1,1,1,1,0,1,0,12,159,254,215,80,0,1,0,0,1,1,0,0,1,1,2,2,1,0,1,2,0,0,0,0,0,0,2,0,8,162,255,174,0,0,0,0,0,2,1,0,0,3,0,0,0,0,0,0,1,3,0,0,1,0,5,0,0,9,205,242,37,1,0,1,1,0,0,5,0,0,0,0,1,1,1,0,0,1,3,0,5,3,0,0,0,0,202,253,91,0,1,0,0,0,2,0,0,2,0,0,0,0,1,0,0,0,0,2,0,0,0,1,0,1,199,255,164,1,3,0,1,0,0,0,0,1,0,1,0,0,1,1,5,0,0,0,2,77,111,111,142,239,246,255,113,3,0,0,0,0,0,0,4,1,2,0,0,0,0,5,121,118,121,194,240,250,254,251,253,252,255,119,3,0,0,1,1,1,0,0,0,0,2,0,1,0,2,0,72,139,255,255,251,255,252,225,193,131,34,2,0,1,1,1,0,0,1,2,1,0,2,0,0,0,2,1,0,1,1,0,1,1,3,0,0,2,2,0,3,0,0,3,0,0,2,1,0,0,0,0,2,0,0,0,0,1,0,1,0,0,0,3,0,2,0,5,0,0,1,0,0,0,1,4,0,2,0,2,1,4,0,0,4,0,1,1,4,0,0,0,0,0,1,0,1,3,1,0,0,0,0,0,1,0
1,0,1,0,2,0,0,1,0,0,1,0,0,0,0,0,0,0,1,1,0,0,0,3,1,3,0,0,2,0,0,0,0,0,2,0,0,2,0,0,2,0,3,0,2,0,0,0,0,0,1,4,0,0,1,0,0,0,0,1,0,0,1,0,2,0,0,5,1,3,0,0,0,1,0,0,1,0,0,0,0,1,0,1,1,0,0,0,0,0,0,0,1,2,0,1,0,1,0,3,0,0,2,1,1,2,0,0,0,0,1,0,1,0,0,0,0,1,0,0,0,1,2,0,0,2,0,2,0,2,3,0,0,3,0,1,0,0,0,0,0,0,0,3,0,1,0,0,34,101,225,254,253,253,252,254,239,118,24,0,0,1,0,3,0,0,0,0,0,0,0,0,0,4,4,96,239,195,135,83,38,39,49,96,201,253,181,0,0,0,2,2,1,2,0,0,1,2,1,2,0,0,110,254,151,40,0,3,0,0,2,4,71,252,215,12,0,0,1,0,1,0,0,7,0,1,2,1,0,2,167,62,0,1,0,0,0,0,1,1,6,201,223,18,3,0,0,0,1,2,0,0,0,0,4,0,0,0,25,0,1,0,1,0,0,0,1,0,14,218,194,0,0,1,0,0,0,0,1,1,0,1,1,0,0,0,3,1,0,0,1,0,0,1,0,2,160,254,136,0,0,0,3,0,4,0,0,0,0,0,0,3,2,0,1,0,0,0,1,2,0,0,26,183,246,164,15,1,0,2,0,0,0,0,0,0,2,0,0,0,0,0,1,0,1,0,23,80,113,177,238,255,254,90,2,5,3,0,0,0,0,0,0,0,0,1,2,2,1,0,1,1,2,2,151,254,253,214,213,212,234,244,107,1,0,2,0,0,0,4,0,1,3,0,0,0,0,0,1,0,3,1,20,60,59,1,0,0,34,134,239,68,1,1,0,1,2,4,0,0,0,0,0,3,5,0,0,0,0,2,0,1,0,6,0,0,1,0,230,234,0,1,0,0,2,3,2,0,2,0,0,0,0,1,0,1,0,2,0,0,0,1,0,3,1,1,158,231,0,0,3,0,0,0,0,1,0,0,0,0,0,0,0,1,0,1,3,2,0,2,0,4,0,1,188,233,0,1,1,0,0,0,2,3,0,2,1,0,2,0,0,0,0,2,0,0,0,0,0,1,0,52,255,235,2,2,0,0,0,0,0,0,1,2,0,0,0,0,2,115,77,3,0,0,0,3,0,0,1,134,252,121,0,2,3,0,0,0,1,0,0,0,0,0,0,0,124,253,4,0,2,1,0,0,0,0,120,254,198,14,0,2,3,0,1,0,3,1,0,0,0,1,1,0,233,251,10,0,1,2,0,0,22,184,250,209,17,0,1,1,1,0,1,1,0,0,0,0,0,1,3,0,203,251,130,31,0,0,0,99,238,252,193,48,0,0,1,1,0,0,0,0,0,0,0,2,1,2,1,0,76,245,250,241,236,234,238,255,214,122,18,3,2,2,0,2,0,0,2,1,0,1,0,0,0,0,0,0,5,47,155,196,191,155,158,58,7,1,0,0,0,0,0,0,3,0,0,0,0,0,1,0,0,2,1,0,1,0,0,1,2,0,0,0,1,3,0,1,0,5,1,1,0,0,2,0,3,0,0,3,0,0,4,0,0,0,1,0,0,0,0,2,0,2,0,1,4,0,2,0,0,0,0,0,0,2,0,0,0,0,2,1,0,0,1,1,0,2,2,1,2,0,0,0,0,2,0,0,0,0,0,0,2,1
1,3,0,0,1,1,1,0,2,0,1,0,1,3,0,0,0,0,0,0,2,0,1,3,0,0,2,0,0,0,3,2,2,0,2,2,2,0,0,3,0,0,2,0,1,0,0,0,0,1,0,2,1,0,1,0,1,0,2,0,4,2,0,0,0,0,2,0,0,1,0,1,1,0,0,0,0,0,0,0,2,1,0,0,0,1,1,0,0,2,0,3,2,1,0,0,0,3,0,0,3,0,2,0,1,0,0,1,2,0,0,0,0,5,0,2,0,0,0,0,0,0,0,24,145,170,254,255,243,119,5,0,2,1,2,0,1,2,1,1,2,0,0,1,0,0,0,0,1,12,145,244,254,255,208,196,230,253,80,4,4,1,0,0,2,0,0,2,0,2,1,3,0,2,3,0,13,172,254,217,158,52,13,0,53,255,200,7,1,0,1,0,0,2,0,0,0,0,3,0,1,5,0,1,79,252,215,27,0,1,0,0,28,252,254,32,0,0,2,0,0,0,0,1,0,0,1,0,0,1,0,0,74,225,51,0,0,2,0,2,25,253,158,0,4,0,0,0,0,4,2,0,0,0,0,0,0,0,0,0,0,0,0,1,2,1,1,0,53,255,57,0,0,0,0,1,0,0,0,0,2,1,0,0,0,1,0,2,2,2,0,0,2,0,1,0,179,236,35,0,0,1,0,0,2,1,0,3,0,0,0,0,0,0,1,0,1,3,2,2,0,0,0,149,241,58,0,0,0,0,0,1,0,1,2,0,0,0,0,3,3,1,2,1,3,1,0,0,0,6,155,254,150,2,0,0,0,1,1,0,0,2,1,1,0,0,3,0,0,0,2,1,0,0,2,0,46,187,254,203,1,1,2,1,2,0,0,3,0,0,0,0,0,0,0,0,1,0,0,0,0,1,1,0,142,255,253,250,177,0,0,2,0,2,1,0,1,2,1,0,0,2,1,0,1,2,0,0,3,0,2,0,17,54,143,241,252,203,23,0,0,0,0,1,0,0,0,2,0,1,2,0,0,0,0,1,4,0,0,0,0,1,0,1,180,255,127,8,1,2,0,0,0,0,0,0,0,0,0,2,2,0,1,0,0,1,0,0,0,0,0,2,21,237,251,54,1,4,3,0,1,0,2,2,0,0,0,0,1,1,0,0,0,0,1,1,76,0,0,2,2,79,253,142,1,2,0,1,0,0,0,0,1,1,0,0,1,0,0,0,1,0,41,216,78,0,0,0,0,30,229,141,0,1,0,1,0,0,0,0,0,3,1,0,0,0,0,0,0,8,205,201,0,2,0,0,0,73,255,143,0,0,1,0,0,1,3,3,0,0,2,0,3,3,0,0,1,57,254,250,159,47,0,50,122,227,234,58,2,0,0,0,0,1,1,0,2,1,1,0,0,3,2,1,1,12,212,252,253,240,198,244,254,193,61,0,1,1,0,0,0,0,0,0,0,0,0,2,1,0,0,2,0,0,20,78,204,253,255,203,79,10,0,0,0,0,1,0,1,3,1,0,0,1,0,2,4,1,0,1,1,1,0,0,2,0,0,0,0,1,2,0,0,0,0,2,0,3,0,1,2,1,0,4,0,0,2,0,1,0,0,3,2,1,0,0,2,0,0,3,0,2,0,1,3,0,0,1,0,0,0,0,0,3,0,0,3,0,2,0,0,0,0,0,0,2,0,3,0,2,4,1,2,0,0,0,2,0,0,0,2,2,0,0,0,0,0,0,0,0,2,0,0,0,0,1,0,0,0,1,0,1,1,0
0,2,0,2,1,2,3,2,0,0,0,0,0,0,1,0,0,0,2,0,0,0,0,0,0,0,0,0,1,0,1,2,1,0,3,0,0,0,0,0,1,2,0,0,1,0,0,0,0,2,0,1,0,0,5,0,0,2,0,0,0,0,0,1,0,0,1,1,0,0,0,3,1,0,0,0,0,0,1,4,0,0,0,0,0,2,2,0,1,4,0,3,0,1,2,0,2,0,3,0,0,2,1,2,0,2,2,2,0,1,1,0,0,3,0,0,0,0,3,0,1,0,0,0,0,0,0,0,0,0,0,0,0,1,1,0,0,0,0,0,2,0,0,0,1,1,0,1,0,0,2,1,39,119,218,242,52,2,0,0,0,0,0,2,0,0,0,1,0,2,0,0,2,0,0,2,0,8,98,230,239,251,251,254,239,52,3,1,0,0,1,0,0,0,1,2,0,0,0,4,0,1,0,1,8,163,251,255,225,178,194,255,254,165,5,2,1,2,0,0,1,2,0,1,0,0,0,1,2,0,1,11,158,254,253,141,39,0,38,237,255,254,119,0,0,0,0,1,1,0,0,0,1,0,0,0,1,1,2,57,254,253,165,1,0,2,1,73,255,255,220,24,0,2,0,0,2,0,0,2,2,0,2,2,0,2,1,59,254,245,50,2,0,0,2,36,255,255,255,33,0,0,1,0,0,0,0,0,0,2,2,0,0,0,1,124,254,239,3,0,1,2,1,168,253,255,253,33,0,0,0,0,0,0,0,0,0,0,0,0,0,0,2,194,255,180,4,1,0,1,0,29,255,255,254,36,0,1,0,0,1,0,0,0,3,1,0,1,0,0,70,250,255,149,1,0,2,0,0,25,253,255,252,33,1,0,0,0,0,0,0,0,0,0,0,0,0,0,13,201,253,252,206,76,46,0,2,20,225,250,254,32,1,0,2,1,0,0,1,0,2,2,0,0,0,0,0,82,237,255,253,254,231,189,189,172,168,252,254,37,1,0,2,0,0,0,1,0,1,2,0,0,0,3,2,1,81,240,253,253,251,255,253,255,251,250,252,36,3,3,0,0,2,2,0,0,0,0,0,1,1,0,0,0,0,66,111,170,248,251,254,255,255,253,255,30,1,0,0,0,0,2,1,5,0,0,0,0,0,2,0,1,0,0,0,2,0,38,152,187,255,252,255,101,0,0,0,2,3,0,1,0,0,0,2,0,2,0,1,2,3,0,4,0,0,0,3,6,150,255,255,114,0,1,0,0,2,0,1,0,0,0,0,2,2,0,1,1,0,0,0,0,2,0,0,2,23,253,255,80,0,1,0,0,1,1,1,0,0,0,1,0,1,0,0,0,0,0,0,1,2,0,2,0,9,253,251,170,0,0,0,1,1,2,0,1,0,0,0,0,0,2,0,5,3,0,1,0,0,1,1,0,5,255,254,183,10,0,0,0,1,0,1,6,0,1,3,0,0,3,0,0,1,0,2,1,0,3,0,1,6,243,255,251,58,0,0,2,0,1,0,3,0,0,1,0,1,2,0,0,0,0,0,0,0,0,1,0,1,125,255,255,130,0,0,0,1,0,0,0,0,0,0,0,0,0,0,1,3,0,1,2,0,1,3,0,0,2,0,0,1,0,0,3,2,2,0,0,0,0,0,0,0,0,0,0,0,1,1,0,0,1,0,3,0,1,1,3,1,2,0,0,1,0,5,0,0,0,0,1,0,1,0,1,1,0,1,0,0,1,0,1,1,0,1,0,0,0,0,0,0,0,0,0
1,0,0,2,0,0,0,0,0,0,0,1,2,1,1,2,0,0,0,1,0,2,1,0,0,0,1,0,2,0,2,3,1,0,0,0,0,0,0,2,1,0,0,0,0,2,0,0,0,0,0,0,3,0,0,0,0,0,1,0,2,2,0,0,0,0,2,1,2,0,1,0,0,0,0,0,0,0,0,0,0,0,2,0,3,1,0,0,1,0,0,1,1,0,3,0,0,2,3,0,0,0,0,1,0,0,0,0,0,2,1,3,1,0,0,0,0,0,0,0,0,2,0,3,0,0,0,1,2,0,0,0,1,1,1,0,0,2,0,3,0,0,0,0,0,0,0,1,1,2,3,1,1,0,1,2,2,0,0,0,1,4,3,0,0,0,3,0,0,0,0,0,1,2,2,0,1,0,3,1,0,1,2,0,0,3,0,2,1,0,0,0,0,1,0,0,0,1,1,1,0,0,0,0,51,128,157,196,233,239,222,37,1,3,0,0,2,0,0,2,0,0,2,2,0,2,0,0,0,21,114,212,247,255,242,242,253,253,253,233,137,45,0,0,0,0,0,1,0,0,4,0,3,2,2,0,25,142,250,253,215,108,38,29,76,131,254,255,254,145,42,0,1,0,0,0,1,0,1,0,0,0,0,0,96,254,220,94,10,2,0,2,1,0,19,166,254,255,150,0,0,1,2,0,0,0,0,0,0,1,0,6,204,237,33,0,0,0,0,2,3,0,0,23,229,255,248,96,0,1,0,7,0,3,1,0,0,0,1,17,195,51,2,0,0,1,0,2,0,0,2,2,172,253,252,175,0,0,0,0,1,1,2,0,0,3,0,0,0,0,0,0,0,2,0,3,0,0,0,0,95,255,251,176,0,0,0,0,0,0,0,0,0,0,0,1,0,1,1,0,0,0,0,0,0,0,0,0,98,254,253,171,1,2,1,2,2,0,2,2,3,0,1,1,0,0,0,1,2,0,0,0,0,0,0,0,86,250,254,174,0,0,3,2,0,1,0,0,0,0,0,3,3,1,0,2,3,1,2,2,0,0,0,0,148,252,255,142,0,0,1,0,0,3,0,0,3,3,0,0,0,0,1,0,0,1,0,0,0,1,0,2,195,255,136,0,2,1,0,0,0,1,0,0,1,0,2,1,0,0,1,0,0,0,0,0,1,1,0,42,244,249,91,0,2,0,0,3,0,0,0,0,2,0,1,0,2,1,0,2,0,2,0,3,0,0,0,205,254,235,27,0,0,0,0,0,1,3,0,0,0,0,0,0,0,3,3,2,3,1,1,0,0,5,135,250,253,143,2,0,0,0,0,1,2,2,0,0,0,0,1,0,0,0,1,0,1,0,0,1,0,132,255,253,217,22,0,0,2,0,0,0,1,0,1,2,2,0,0,0,0,0,0,0,0,0,2,1,142,255,255,185,23,0,0,0,0,1,0,1,0,1,1,1,1,0,0,0,0,0,2,1,0,0,0,92,251,250,203,10,0,1,0,2,0,0,0,0,0,0,1,2,0,0,1,0,1,0,2,3,0,0,43,209,252,174,0,2,0,2,2,2,0,0,4,0,0,0,0,4,0,2,3,2,0,0,0,0,0,3,135,251,168,3,1,0,3,3,0,0,1,3,2,0,0,3,0,2,0,3,2,0,0,2,1,0,1,2,125,118,0,0,2,0,0,0,2,0,2,0,2,0,3,1,1,0,0,3,0,0,1,0,0,1,2,0,0,3,0,0,0,0,1,0,0,1,0,0,0,0,0,0,0,0
0,3,0,1,0,2,1,0,0,0,0,2,0,0,0,2,0,0,1,0,0,2,0,0,0,0,0,0,3,3,1,2,1,0,5,0,1,0,0,2,0,0,1,4,0,0,0,0,0,0,0,1,1,0,0,0,0,0,0,0,2,1,1,1,0,1,0,0,0,1,3,0,0,0,1,0,1,1,0,1,2,0,0,2,4,2,0,0,0,2,0,1,0,0,4,3,1,1,2,3,1,0,0,0,2,4,0,0,0,0,0,0,0,2,0,2,0,3,0,1,1,1,0,0,0,0,2,2,2,3,0,0,1,0,0,2,1,0,0,2,0,1,1,0,1,0,0,2,0,20,128,140,140,171,162,137,138,66,9,0,0,0,2,3,3,0,0,0,1,0,0,0,0,0,0,9,80,239,251,252,255,255,252,255,253,253,184,120,5,0,1,1,1,0,0,0,0,0,0,0,0,3,0,132,252,254,253,254,253,172,69,68,69,141,235,253,56,1,2,0,1,1,0,4,2,2,0,0,0,0,1,162,249,253,119,45,63,40,3,0,0,2,142,251,232,0,2,0,0,1,0,0,0,1,0,2,2,0,0,13,139,252,128,0,1,2,0,0,2,3,8,216,252,1,1,1,2,0,3,1,0,2,2,0,0,0,2,3,72,250,202,78,7,0,0,0,0,5,59,235,253,55,0,0,2,0,0,1,1,1,2,0,1,0,0,0,58,224,251,255,193,163,161,161,162,179,254,254,215,0,0,2,1,0,0,1,0,0,1,1,1,0,1,3,0,26,202,255,255,253,253,253,255,252,253,252,134,66,0,0,1,0,0,1,0,3,3,0,2,0,1,0,0,33,218,255,253,252,252,251,254,253,255,253,253,250,76,0,0,0,2,0,0,0,0,2,0,1,2,0,64,241,251,254,179,53,24,23,77,25,26,119,195,252,166,85,0,0,0,0,1,1,1,0,0,2,4,112,255,255,240,109,0,0,1,0,1,0,0,0,0,184,255,222,25,0,0,0,0,1,1,0,1,0,5,179,254,253,65,0,0,3,0,0,0,1,0,1,1,8,122,252,120,0,0,1,0,0,0,0,0,0,27,253,252,156,5,4,0,0,0,0,1,1,0,2,0,0,47,251,204,10,0,1,1,0,0,0,0,0,25,253,251,47,2,2,0,1,0,0,0,1,1,0,0,0,141,253,160,0,0,0,2,0,1,0,2,0,22,255,253,100,0,0,1,0,0,3,0,3,1,0,0,0,162,255,111,0,0,0,2,3,1,0,0,1,14,204,254,252,34,1,0,1,0,0,0,1,3,0,0,14,214,246,43,3,0,1,2,0,0,0,0,0,0,140,252,250,214,100,17,2,1,0,1,0,0,0,3,118,252,160,1,0,0,0,2,0,0,0,0,0,3,13,121,252,253,255,207,151,68,7,0,14,71,114,187,255,187,18,0,3,1,1,0,0,2,0,2,0,0,1,14,89,248,253,255,254,254,213,211,219,255,253,252,203,59,0,0,0,0,1,0,1,1,0,3,0,0,0,0,0,19,89,138,220,254,251,255,255,253,253,146,10,0,0,1,0,0,0,0,2,0,0,2,0,3,0,2,0,0,0,1,0,0,0,0,0,0,0,1,0,0,2,0,0,0,0,1,0,2,2,0,0,0,1,2,0,1,0,0,0,0,0,1,1,2,0,3,0,3,0,0,0,2,0,0,0,0,1,1,0,2,0,0,0,0,1,0,0,0,2,1,2,0,0,1,0,3,0,0,0,0,2
2,1,4,0,0,0,2,2,1,0,2,2,0,0,2,3,0,1,0,0,0,0,0,0,1,2,1,1,1,0,2,1,2,0,0,0,0,1,1,1,0,0,1,0,0,0,2,0,0,0,0,1,0,2,1,0,0,0,0,1,0,0,1,2,0,0,0,0,2,1,0,0,0,3,1,0,4,1,0,0,2,0,0,0,0,1,0,1,0,0,1,1,0,0,1,1,0,1,12,35,137,168,254,255,227,41,0,0,0,2,0,2,0,1,3,0,0,1,1,0,0,3,1,1,4,4,157,252,253,254,193,179,196,119,2,1,0,2,0,0,1,1,0,1,0,0,1,1,0,0,0,1,0,160,255,253,184,30,6,1,4,4,2,1,2,0,0,2,0,0,1,0,1,0,0,1,4,0,1,11,160,255,223,89,1,0,1,0,0,0,0,0,0,0,2,0,2,0,0,0,1,2,0,0,2,0,39,160,255,249,61,2,0,2,0,2,1,0,0,0,3,0,3,2,0,0,1,2,2,1,1,2,0,2,119,254,252,44,0,0,2,0,1,1,0,0,1,0,2,1,1,3,4,0,2,2,0,0,0,3,0,14,190,255,129,7,0,1,3,0,2,0,1,0,0,0,0,0,2,3,2,0,0,3,0,0,0,0,0,120,252,214,16,0,0,0,1,0,0,1,0,0,1,1,2,4,1,0,1,0,2,0,0,1,0,0,3,195,255,102,0,0,0,0,3,5,0,0,0,3,3,3,0,0,2,0,0,0,0,0,2,1,0,1,47,253,222,0,0,0,0,0,0,2,0,1,1,2,0,3,1,0,1,0,2,2,0,0,3,0,1,0,43,249,130,1,0,0,2,0,0,1,4,0,3,0,2,2,3,3,0,0,0,0,0,0,2,0,0,2,45,252,135,1,1,0,3,0,2,1,1,0,0,0,0,3,0,3,0,0,0,0,0,0,0,0,0,0,33,238,159,82,164,170,170,168,172,143,35,3,1,0,2,0,1,1,0,0,2,0,0,0,0,0,0,1,77,241,252,255,252,253,249,254,252,254,236,136,2,0,1,0,2,0,0,2,0,0,0,0,0,1,0,65,252,253,252,228,119,21,13,10,65,188,247,254,144,6,1,0,0,0,0,0,0,0,0,0,1,1,0,116,242,143,247,237,136,5,0,0,0,4,67,221,252,71,0,2,0,2,0,3,0,0,0,0,0,1,1,21,76,3,94,252,253,110,1,3,2,1,0,137,254,151,2,0,0,0,0,0,0,0,2,3,1,1,1,1,0,1,3,93,248,255,184,101,36,32,36,151,252,252,4,2,3,1,0,3,1,2,1,2,0,0,2,0,0,2,0,0,58,178,253,252,255,250,254,255,252,225,7,0,0,0,2,0,1,0,1,0,0,0,0,2,1,3,1,0,0,3,61,146,200,251,251,197,120,21,0,0,1,2,1,2,0,2,0,0,0,1,0,1,1,0,2,0,2,0,0,2,0,3,1,0,3,0,0,1,0,0,0,0,0,0,3,0,0,0,0,0,0,3,1,0,0,0,0,1,3,0,2,1,0,1,0,0,3,0,0,2,0,0,1,0,0,1,0,0,1,1,0,0,0,0,0,0,2,2,0,0,3,2,1,0,0,3,0,2,0,0,1,2,1,1,5,0,0,2,0,0,0,0,2,0,1,0,0,0,0,0,0,0,0,0,2,0,0,0,0,0,0,0,0,1,0,0,0,0,1,0,0,0,0,0,0,0,0,0,2,3,0,1,0,3
0,0,2,1,0,3,0,0,1,1,1,0,0,0,0,1,2,2,1,0,0,0,1,0,0,0,2,0,1,2,0,3,0,3,3,1,0,4,3,2,1,0,2,2,0,0,0,0,0,0,0,0,3,0,0,0,0,2,1,3,0,0,3,3,0,2,0,0,1,1,1,0,3,0,1,0,0,0,0,0,0,0,0,1,0,0,0,1,1,0,1,1,3,0,0,3,0,1,5,34,190,99,0,0,0,0,2,0,0,1,0,0,0,1,0,0,0,0,0,1,0,0,0,0,0,0,38,217,252,221,0,3,0,0,0,0,0,2,0,0,0,2,2,0,0,1,0,0,0,0,3,1,0,112,220,251,253,188,0,2,0,0,2,2,0,0,0,0,2,0,1,1,2,0,0,4,0,0,0,0,7,155,254,255,214,29,1,0,0,1,0,0,0,0,2,5,0,0,1,3,0,0,0,0,0,1,0,0,107,254,255,255,198,2,3,2,1,3,0,0,0,4,1,2,1,0,0,0,2,1,2,0,0,0,0,28,208,253,255,254,55,1,0,0,0,0,0,0,0,0,1,0,0,0,0,0,3,0,0,0,0,0,1,53,254,252,254,173,5,1,0,0,5,0,3,5,0,3,0,1,0,0,0,0,0,0,0,4,0,0,2,44,231,249,250,234,43,1,0,1,0,0,3,0,0,0,0,0,0,0,1,4,0,0,1,2,0,1,0,0,154,253,255,252,150,2,2,3,0,2,0,0,0,1,3,1,1,0,0,0,5,0,3,0,0,2,0,0,28,252,253,252,230,49,0,0,0,0,2,1,0,0,0,2,1,3,0,2,0,0,0,0,3,0,0,2,1,138,255,250,253,229,0,1,0,1,0,0,0,1,0,0,2,0,0,0,2,0,0,1,2,0,3,0,0,16,88,246,251,247,146,51,0,0,0,2,0,3,0,0,0,1,4,0,0,0,2,2,0,2,0,2,1,0,1,176,241,255,251,229,20,1,1,1,1,1,2,0,0,4,3,2,0,0,0,1,0,1,0,0,0,2,0,0,104,250,254,252,26,0,2,1,0,0,1,0,0,2,0,0,1,1,1,0,1,0,0,0,0,2,0,3,59,254,249,252,25,0,0,0,2,0,1,2,0,0,0,0,0,0,0,5,64,62,2,0,0,0,0,98,225,252,251,253,28,0,1,1,0,0,0,3,0,2,0,2,0,0,2,26,238,180,84,82,86,165,228,248,252,249,203,25,4,0,0,0,3,0,0,0,3,0,0,0,0,0,0,28,253,255,249,254,253,252,254,252,238,103,28,2,0,1,1,0,0,0,4,0,1,0,2,1,0,0,0,25,239,254,252,251,254,255,226,173,64,2,2,2,0,1,0,1,0,2,0,1,2,0,0,0,0,0,0,1,65,111,109,221,157,116,3,0,2,1,1,0,0,0,0,0,3,2,1,0,0,0,0,1,0,0,2,2,0,0,0,0,0,1,0,2,0,2,0,1,0,2,2,0,2,0,3,3,0,0,2,0,0,0,1,3,0,0,0,1,1,1,0,0,0,0,0,1,0,2,0,2,0,1,0,0,2,2,1,0,1,1,0,0,0,1,3,0,0,2,2,1,0,1,0,1,0,0,2,0,1,0,1,1,0,0,0,2,0,0,4,0,0,1,0,0,0,1,3,1,0,0,0,0,2,2,0,0,0,1,0,2,0,0,0,1,6,0,2,0,1,0,2,0,0,1,0,3,0,0,0,0,0,0,0,0,0,0,2,1
0,1,0,1,0,1,1,2,1,0,3,2,4,0,3,1,1,0,3,1,2,0,0,0,2,0,0,1,1,0,2,4,1,1,0,0,0,0,0,1,0,0,2,0,2,4,0,2,1,0,1,0,0,0,2,1,0,2,0,1,0,3,0,2,0,0,0,0,2,0,0,0,0,2,2,0,2,2,1,0,1,0,0,0,0,3,0,2,2,0,5,0,131,244,72,0,3,0,0,0,0,0,0,0,2,4,0,2,4,0,0,0,0,2,2,1,1,0,0,14,235,85,0,0,0,1,1,4,0,0,1,0,0,0,0,0,1,2,1,2,0,0,0,0,1,4,0,17,240,21,0,0,0,0,1,0,0,0,0,0,2,1,2,0,0,1,1,0,0,0,0,0,0,0,0,19,240,1,0,1,3,2,0,1,2,2,1,0,3,0,0,0,0,1,0,1,1,4,0,0,0,3,0,18,234,0,0,2,1,0,0,0,0,0,0,0,2,0,1,0,1,0,0,0,1,0,0,0,0,0,0,19,232,0,1,0,0,0,2,0,0,6,2,2,0,1,1,1,0,0,0,0,3,0,0,1,0,1,0,17,237,0,2,4,0,2,0,0,3,0,1,0,3,2,0,1,1,0,2,0,0,0,0,2,3,0,1,16,235,2,0,0,0,0,0,1,95,184,62,0,0,0,2,0,0,0,1,1,0,0,0,1,0,0,0,14,237,0,0,2,0,0,1,43,243,224,224,21,0,0,0,0,0,0,0,0,0,0,2,0,0,0,0,17,235,0,1,0,0,0,0,123,201,30,243,120,2,0,0,0,2,1,1,3,0,2,1,0,0,0,0,3,189,50,0,1,0,0,0,204,158,2,163,191,0,0,3,0,0,0,0,0,0,2,0,0,1,0,0,2,100,190,0,0,1,0,0,220,119,0,145,188,3,0,0,2,0,0,0,0,0,1,0,0,0,0,5,0,23,235,10,1,0,0,0,200,116,3,145,186,0,0,0,1,0,0,0,0,1,1,4,0,0,0,5,3,10,219,108,0,0,2,0,118,220,140,233,185,0,0,0,0,0,0,0,0,0,1,0,0,0,0,2,4,0,70,218,0,0,0,0,21,109,108,194,192,2,1,0,3,0,3,0,1,0,1,0,0,0,0,0,0,3,10,198,122,1,0,0,2,0,1,150,188,0,2,2,0,2,2,0,0,0,0,1,0,0,3,0,4,0,2,26,224,57,0,1,2,0,0,227,112,0,1,0,0,0,0,0,2,0,1,1,2,0,0,2,2,0,0,0,60,226,80,0,0,0,37,246,52,0,1,0,0,0,0,0,2,0,0,0,0,0,0,0,0,0,2,0,2,69,255,206,119,98,212,192,0,2,0,0,1,0,2,2,0,1,0,0,0,1,0,0,0,0,0,1,0,0,17,158,166,189,160,40,1,2,3,2,1,1,0,0,0,0,1,0,0,0,1,2,0,0,0,1,0,3,2,0,0,0,2,2,0,0,3,1,1,1,2,0,0,0,0,0,0,0,1,0,1,0,0,0,0,0,0,1,1,0,0,0,0,0,0,1,1,4,0,0,0,2,0,1,0,2,2,0,0,1,0,2,0,0,0,0,2,0,0,0,1,1,1,2,0,2,1,1,0,0,0,0,2,0,1,0,2,0,0,0,3,1,3,1,1,0,2,4,0,0,3,0,0,2,0,0,0,0,0,0,0,0,0,0,1,0,4,0,1,0,3,1,2,1,0,0,0,0,0,1,0,0,3,0,0
0,1,0,2,0,0,0,0,0,1,0,1,0,0,0,1,2,0,1,0,0,2,0,0,0,0,0,0,0,0,0,0,0,1,0,0,0,2,0,2,4,0,1,0,0,1,0,0,0,0,1,0,0,0,3,0,2,1,0,0,0,0,3,3,1,2,0,0,1,0,2,0,1,0,2,0,0,0,0,0,0,0,0,0,2,0,1,0,0,0,0,1,0,0,1,0,0,2,0,0,2,0,0,0,0,1,0,0,0,0,0,2,1,0,0,1,1,1,0,3,1,0,1,0,1,0,4,0,0,1,2,0,0,2,1,0,0,0,0,1,0,1,0,4,0,0,0,0,0,1,1,0,1,37,151,210,124,0,0,0,0,4,0,2,0,0,0,0,2,0,0,0,0,3,2,2,0,3,0,0,0,140,253,249,166,0,0,0,0,1,0,0,0,0,3,0,0,1,0,2,0,0,0,0,0,1,0,0,3,168,251,254,117,1,0,2,0,1,2,1,0,0,1,1,1,0,0,1,0,0,0,1,3,0,0,0,3,170,252,255,65,0,1,0,1,0,0,0,2,0,0,1,0,0,0,1,0,0,1,0,2,1,2,0,0,168,252,254,63,0,0,0,0,0,0,0,1,2,0,0,3,0,0,0,0,0,0,1,2,1,0,0,8,183,255,247,51,0,1,3,0,0,0,0,0,0,1,2,2,0,0,3,0,0,1,0,0,2,1,0,23,250,251,211,0,2,1,2,0,0,1,3,0,0,0,3,0,0,0,1,4,0,0,0,2,0,0,1,22,255,254,211,0,0,0,0,0,4,2,0,4,2,2,0,0,0,0,0,0,0,3,3,0,0,0,1,22,255,255,213,0,1,0,0,1,1,0,0,0,0,4,0,0,0,0,0,1,0,1,2,0,1,1,0,21,255,254,209,0,0,0,2,1,0,2,0,0,0,0,0,0,2,2,0,2,0,0,2,0,1,0,0,18,254,254,153,0,0,1,2,1,0,2,3,2,0,0,0,0,3,0,0,0,0,1,0,2,0,0,3,20,252,254,184,0,2,0,0,0,0,1,0,0,2,0,1,2,0,0,1,1,0,2,0,0,3,0,0,24,251,252,213,1,1,0,3,3,3,2,0,1,2,1,2,3,0,0,3,0,1,1,1,1,0,0,3,23,251,251,139,0,0,1,2,0,2,0,0,0,1,0,1,0,0,1,0,1,0,1,0,1,0,0,0,24,255,253,108,0,0,1,0,0,0,0,0,1,1,0,0,0,0,0,0,1,0,2,0,1,0,0,0,20,255,254,108,0,0,0,0,1,0,0,0,7,0,0,0,1,0,0,1,0,0,1,3,0,1,2,0,22,252,252,107,0,2,0,1,0,0,2,0,0,1,2,0,2,1,1,2,0,2,1,0,0,0,1,0,23,253,253,109,0,0,0,0,0,0,0,0,4,1,1,0,0,0,2,0,0,1,0,0,0,0,2,4,17,234,255,104,1,0,3,0,0,0,0,1,0,3,1,5,2,0,0,2,0,0,0,0,0,0,2,0,0,168,208,16,2,0,1,2,2,0,1,3,2,0,0,0,5,0,0,3,1,0,1,0,1,3,0,2,1,0,0,0,0,2,1,3,2,1,0,1,4,1,3,3,3,0,0,0,0,1,0,0,0,0,0,1,0,0,0,0,0,0,0,0,0,0,0,2,0,2,0,0,0,2,0,0,0,2,0,1,0,2,0,3,2,0,0,1,0,0,0,0,0,2,0,2,2,1,2,3
0,2,1,0,0,0,2,0,2,0,1,0,0,2,0,0,1,0,1,1,4,5,0,0,1,0,0,0,4,0,0,2,0,0,0,0,0,2,0,1,2,0,2,2,4,1,0,1,6,3,0,0,0,0,1,0,0,1,0,0,5,0,0,0,0,0,0,3,0,0,2,0,0,0,0,1,1,2,2,0,2,1,0,0,0,1,0,5,0,0,0,1,0,0,1,0,0,0,3,0,2,0,0,0,0,2,0,2,0,1,0,3,0,0,0,0,1,2,0,1,0,0,3,14,130,172,190,253,233,169,79,0,0,0,0,1,0,0,0,0,0,2,0,0,1,2,1,3,1,0,1,35,255,252,254,252,251,255,254,107,1,0,0,1,1,0,0,0,0,1,0,0,0,0,2,0,0,0,3,31,251,202,157,160,154,242,255,185,1,0,0,0,0,0,0,0,1,0,0,0,0,0,0,0,0,0,2,22,141,13,0,2,46,247,255,123,0,0,0,0,1,2,0,1,1,3,0,3,0,0,2,4,2,1,1,0,0,1,4,108,225,248,196,4,0,0,1,0,4,0,0,1,0,2,0,1,0,0,0,1,1,0,1,3,0,26,162,255,255,203,29,0,0,0,1,0,1,3,0,0,1,0,4,0,1,1,1,0,0,3,0,7,107,221,253,250,160,27,0,2,1,0,0,0,2,2,0,3,0,0,2,0,0,1,0,0,1,4,73,192,255,251,255,225,119,69,5,0,0,0,3,1,0,2,2,1,0,0,0,0,2,0,0,0,16,206,251,251,250,254,254,254,255,254,191,98,3,0,0,0,0,0,2,1,0,0,0,3,0,0,0,0,73,255,248,203,155,127,112,102,63,184,253,255,127,2,1,0,1,0,0,0,2,0,2,3,1,0,0,0,1,98,36,2,0,3,0,0,1,9,134,250,240,69,1,0,1,1,4,1,0,0,0,0,0,0,0,1,2,0,0,0,2,0,2,0,0,2,0,145,255,192,1,0,1,5,0,0,0,0,0,0,1,0,0,0,2,0,3,0,0,0,0,0,0,0,3,32,248,253,7,0,0,0,1,0,0,0,0,0,0,0,0,150,44,0,0,0,1,0,1,0,1,0,1,16,241,254,8,0,1,3,0,0,1,3,2,0,0,4,206,191,1,0,4,0,0,0,0,3,2,3,0,85,253,251,12,1,0,0,4,0,0,0,0,0,3,11,255,78,1,0,1,5,1,1,3,0,0,0,60,237,254,187,0,2,0,0,0,0,1,0,0,6,0,10,252,173,1,0,0,0,0,0,0,0,59,165,247,253,209,44,1,0,1,0,0,0,0,0,0,0,0,9,253,253,145,78,75,76,77,91,155,230,252,254,255,254,108,0,1,2,1,0,2,0,0,0,4,1,1,4,127,254,255,251,252,254,254,255,255,255,252,254,233,75,3,0,0,1,0,0,0,0,0,0,4,0,1,0,7,127,255,253,255,252,255,251,254,211,154,70,2,2,0,0,0,0,0,2,0,0,1,0,0,1,0,0,0,2,0,0,0,0,0,0,2,0,0,0,0,0,0,0,1,0,0,2,4,0,0,1,0,3,3,0,1,1,0,0,1,0,0,0,1,1,0,4,0,1,0,1,0,3,3,3,2,1,0,5,0,2,0,0,0,0,0,0,1,0,0,0,0,0,0,1,1,3,1,2,0,0,1,0,1,2,2,1,0,0,0,0,2,0,1,1,2,0,0,0,0,1,3,1,1,3,0,1,0,2,1,0,2,0
1,1,0,0,0,0,1,2,0,2,0,3,0,0,1,0,2,3,0,0,1,0,2,1,2,2,0,0,2,0,0,2,3,0,0,2,3,4,1,1,0,2,0,0,1,0,0,0,1,2,0,0,1,2,0,0,2,4,0,6,0,0,0,0,0,0,0,0,0,0,0,0,0,0,3,0,1,0,0,3,3,3,2,0,0,0,3,0,1,0,1,0,1,2,0,2,0,0,2,1,0,1,0,0,3,2,1,1,2,0,5,0,0,3,0,2,0,1,0,0,0,1,0,0,0,0,2,1,0,0,102,255,82,1,0,1,0,1,0,1,0,1,3,2,0,0,0,4,3,0,1,2,27,71,51,0,1,105,248,209,23,0,0,1,0,3,0,0,2,0,0,1,1,0,0,2,0,3,8,134,243,251,155,3,14,198,240,70,3,0,2,0,0,0,0,1,0,0,1,3,0,0,0,0,1,54,214,254,180,53,10,16,197,252,110,0,1,0,0,0,0,1,3,0,0,1,0,0,0,1,4,0,54,251,248,136,11,0,0,143,255,144,7,0,0,2,0,0,0,0,0,0,0,0,0,0,0,0,0,40,222,249,77,0,0,0,50,237,211,18,0,2,0,0,4,0,0,1,5,2,0,0,0,2,2,1,0,142,254,245,60,0,0,1,207,247,65,1,3,1,0,0,1,4,0,2,0,0,3,1,0,2,4,1,1,49,239,255,244,88,0,104,255,143,0,0,0,1,0,0,1,0,1,0,0,1,3,0,0,4,0,1,3,0,93,180,249,250,122,205,252,31,0,0,2,0,0,2,0,0,0,0,0,0,0,0,0,0,0,1,0,0,3,2,140,252,252,254,141,2,0,4,0,0,0,0,1,1,0,1,3,1,2,4,0,0,0,0,1,0,0,0,1,82,254,252,255,200,39,1,1,3,0,0,0,0,0,1,0,0,3,0,0,0,0,1,2,0,0,3,2,104,251,203,254,253,227,71,1,0,0,0,0,0,0,0,2,1,0,0,0,0,0,1,0,0,2,1,1,187,250,61,72,229,255,224,43,0,2,0,2,0,1,0,1,0,0,4,0,0,0,0,0,0,0,0,5,204,196,0,2,46,197,253,223,43,0,4,0,0,3,0,1,1,0,1,2,0,0,2,0,0,1,0,41,254,112,3,0,2,41,224,254,223,44,0,1,0,2,1,1,1,1,0,2,0,0,0,2,0,0,0,186,254,72,0,2,0,0,68,253,253,139,1,0,2,0,1,0,0,0,0,0,1,0,0,0,0,0,0,161,254,68,0,0,1,0,99,253,255,100,0,0,0,0,1,0,0,2,0,1,1,0,0,1,0,0,0,111,255,143,13,76,106,154,250,251,220,14,4,1,0,1,0,0,0,0,3,2,2,0,0,0,0,2,0,42,227,255,231,255,250,250,254,229,53,0,0,0,0,0,0,0,1,0,0,0,2,0,4,0,0,1,3,0,31,142,195,231,165,166,85,11,0,1,2,0,2,3,0,1,2,0,0,0,0,2,0,1,0,2,0,0,4,3,0,0,0,2,0,3,0,0,0,0,2,1,0,0,0,1,2,0,0,4,2,2,1,0,0,0,1,1,0,1,0,2,1,1,2,0,0,0,1,0,0,2,0,2,1,0,0,0,1,2,1,0,1,2,0,3,0,1,0,2,0,0,0,0,1,0,0,2,0,4,0,0,0,0,0,0,0,2,0,0,0,2,0,0,4,0,0,2,0,2,0,2,1,0,0,1,0,0,0
0,0,0,0,0,0,0,0,2,1,0,1,0,0,2,0,0,0,3,0,2,1,0,0,0,1,0,0,0,0,0,1,0,0,0,0,0,0,0,1,0,0,0,2,2,0,2,0,0,3,0,2,2,0,0,0,0,1,3,0,0,1,0,3,1,1,0,1,0,2,2,1,0,0,2,1,0,1,0,0,1,0,0,3,0,0,0,0,0,1,0,0,1,0,1,1,4,0,0,0,0,1,0,0,0,1,0,0,3,2,0,1,2,5,2,0,0,0,0,2,1,1,0,1,7,0,1,0,0,0,0,4,1,1,1,0,0,0,1,2,0,0,0,0,1,1,1,0,1,1,2,0,0,255,252,254,104,0,2,0,0,2,2,3,4,0,0,0,1,5,0,2,0,0,1,0,0,0,0,1,2,255,254,254,251,3,3,2,2,0,2,0,0,0,2,1,1,3,2,0,2,0,0,0,1,0,0,0,3,255,247,255,255,2,0,0,0,2,0,2,1,0,0,0,0,0,1,0,0,1,0,1,0,0,1,1,0,254,252,253,251,2,1,1,2,0,0,2,0,1,1,0,0,3,0,0,0,0,1,1,0,0,0,0,0,253,254,254,254,1,0,0,0,4,1,0,2,0,0,1,2,0,0,0,1,0,0,0,0,1,0,0,0,250,248,254,254,0,0,0,0,1,0,1,0,0,0,0,2,0,0,0,0,2,0,3,0,2,0,0,0,252,253,251,251,0,0,0,1,2,0,0,0,0,0,3,0,0,2,1,2,0,2,0,1,0,0,4,0,255,252,252,251,4,1,0,0,0,2,2,2,1,0,2,0,2,1,0,2,0,3,0,0,0,1,2,110,252,254,255,193,0,0,0,0,0,0,0,0,0,2,1,0,0,0,2,0,1,2,0,0,1,0,0,114,255,250,253,141,3,1,1,4,0,0,0,0,1,0,0,0,1,0,4,3,0,0,3,2,0,0,1,114,253,255,252,192,0,1,2,0,0,0,2,0,0,2,1,0,0,0,1,0,0,1,0,0,0,0,0,63,255,252,253,141,2,0,2,2,0,0,3,1,1,0,2,1,2,0,1,0,3,0,0,0,0,4,2,2,255,254,253,138,0,1,0,0,2,0,0,0,1,1,0,1,0,0,1,1,3,0,0,2,0,0,0,0,254,251,252,138,0,0,0,0,0,1,2,0,0,0,1,2,0,0,0,4,0,0,0,0,0,1,0,1,249,254,252,103,1,0,2,0,0,1,0,0,0,0,0,3,0,0,0,0,1,0,2,0,0,0,0,1,252,253,251,29,1,2,2,0,1,0,0,0,3,2,1,1,0,4,1,0,0,3,4,0,0,4,0,0,205,252,254,29,0,1,1,0,1,0,1,0,0,3,0,0,1,0,2,0,1,0,0,0,1,1,0,2,178,252,252,27,0,0,0,1,0,1,0,3,0,0,1,0,1,0,2,1,3,3,1,0,1,0,1,1,102,251,186,6,1,2,0,0,0,0,0,2,2,1,0,0,2,1,0,2,0,2,0,0,0,0,0,1,3,128,119,1,4,0,0,0,0,2,0,0,0,0,0,0,1,0,0,2,1,0,0,2,0,0,2,0,0,0,1,0,0,0,0,1,0,2,0,0,0,0,1,0,1,0,0,0,0,0,0,0,1,0,0,0,1,0,1,2,2,0,0,0,0,0,2,0,1,0,1,0,0,0,0,0,1,0,0,0,0,3,0,0,0,1,1,0,0,0,0,0,0,0,0,0,0,0,0
0,0,0,2,1,0,0,1,0,3,0,0,0,0,2,1,0,0,2,1,0,0,0,0,0,0,2,0,0,1,0,0,0,2,0,1,1,0,1,0,0,1,0,0,0,1,0,4,0,0,1,0,2,0,1,2,0,0,0,0,1,0,0,2,0,1,2,0,1,0,0,0,0,2,0,0,1,0,0,0,0,1,0,0,1,5,0,0,0,0,3,0,0,2,0,0,3,1,0,0,0,0,0,3,0,0,0,0,0,0,0,0,0,0,3,0,0,0,3,0,0,0,1,1,1,0,0,0,0,2,1,1,0,0,2,0,0,0,2,0,0,0,2,2,0,3,0,0,3,0,0,1,0,50,243,242,104,74,0,0,1,0,0,4,0,0,0,3,1,4,0,0,0,0,5,0,3,1,0,0,57,228,252,255,255,243,189,0,0,1,0,0,1,0,0,0,2,1,2,0,0,0,0,2,0,1,0,0,188,255,254,255,254,251,251,79,1,2,0,1,2,0,0,3,0,0,0,0,0,0,0,0,1,0,2,86,255,255,253,253,253,255,254,250,36,0,1,0,1,1,1,3,1,2,0,0,1,0,0,1,0,0,0,87,253,253,254,225,216,251,255,249,156,1,0,0,2,0,0,3,0,0,0,0,0,0,2,0,2,0,2,83,253,255,128,37,1,103,208,255,193,0,3,0,0,1,0,0,3,0,2,0,0,1,0,1,0,0,0,138,252,206,14,1,3,0,170,254,190,2,1,0,0,0,0,0,0,0,0,0,0,0,0,0,3,0,20,245,254,121,1,0,1,1,168,251,194,1,0,0,0,1,1,1,0,0,0,1,0,1,0,0,2,21,199,253,255,125,0,0,0,0,173,252,189,0,1,0,0,0,0,1,3,1,1,1,0,2,0,0,3,39,252,253,254,243,19,1,0,25,197,255,145,0,0,0,0,1,1,1,0,4,0,2,3,0,0,0,0,56,255,193,77,152,20,1,1,85,255,255,38,1,0,0,0,4,0,0,0,2,1,0,0,0,0,0,0,192,251,169,0,0,0,0,1,223,254,197,20,1,0,2,2,3,3,0,0,0,0,0,2,1,5,0,0,194,254,168,3,3,0,0,39,231,252,103,0,0,0,0,0,0,4,2,0,3,2,0,0,0,0,0,0,195,255,168,5,0,0,2,133,251,237,2,0,0,1,2,0,0,1,0,0,0,1,0,2,2,1,0,2,193,254,166,0,0,2,96,254,254,164,0,0,4,1,0,0,1,0,3,2,1,1,0,1,0,0,2,0,194,255,168,0,1,108,242,253,160,11,1,2,0,0,0,1,0,0,1,0,2,1,0,0,0,0,0,0,194,254,169,7,88,248,255,253,27,1,0,0,1,1,2,2,3,3,1,3,0,0,0,4,1,0,1,0,129,251,254,252,255,255,176,73,2,1,0,0,1,0,0,0,0,1,0,1,0,1,0,0,0,0,0,0,38,252,255,252,252,203,57,0,0,0,0,0,1,0,1,0,0,0,2,0,0,0,0,1,3,2,0,1,16,99,246,142,98,7,0,0,0,0,0,0,0,0,0,3,1,0,2,0,0,0,0,0,1,0,0,0,2,0,0,0,0,0,0,0,0,0,0,2,0,1,0,2,0,0,1,0,0,0,0,0,0,1,0,0,0,0,0,0,1,1,0,2,0,1,2,0,0,0,0,4,0,0,0,2,1,0,3,3,0,2,1,0,0,1,2,4,2,1,0,1,1,0,4,3,0,0,1,0,0,0,3
2,0,1,0,0,1,0,0,0,0,0,0,0,0,0,1,2,0,3,4,0,0,0,0,1,2,1,0,0,4,0,0,3,0,0,1,2,1,0,3,0,1,0,0,0,0,1,0,0,0,0,0,0,0,1,0,0,0,0,1,2,0,0,0,0,4,0,0,3,0,0,0,1,0,0,0,0,2,2,1,0,2,1,0,0,0,3,2,0,0,1,3,3,2,0,2,0,3,0,0,2,1,1,1,1,1,0,0,0,0,0,1,0,0,2,0,0,0,2,0,0,0,2,0,0,2,0,0,0,0,0,1,1,1,1,1,1,0,0,0,3,1,0,0,0,0,3,0,0,1,0,0,2,0,0,20,115,237,252,255,255,255,253,252,197,79,0,5,3,0,0,0,0,2,2,2,0,0,0,4,1,17,114,231,255,253,251,255,255,255,255,252,253,170,24,0,0,0,2,0,1,0,0,2,3,0,0,1,66,223,254,253,254,255,255,254,254,193,76,67,67,35,1,0,1,0,1,1,0,0,0,1,0,0,79,166,250,255,254,255,255,250,193,141,26,3,0,0,0,0,0,0,1,1,0,1,0,5,0,0,15,153,255,254,253,254,255,255,251,120,0,0,0,1,0,2,0,3,0,4,3,0,0,0,1,0,2,1,130,253,255,254,255,253,255,253,254,142,0,0,0,1,0,0,0,0,0,0,0,1,3,0,0,0,2,38,238,251,251,246,202,250,253,255,252,145,0,1,2,0,1,0,0,1,1,0,1,2,0,0,0,0,0,143,255,253,222,125,4,227,252,254,249,131,3,3,3,1,0,0,0,2,1,0,0,0,0,0,1,0,0,159,254,255,187,45,1,0,71,134,103,0,1,0,0,0,0,0,3,0,0,0,1,0,0,0,0,1,4,158,250,255,254,237,143,87,29,0,0,0,1,3,0,0,0,0,0,1,0,1,2,2,0,0,0,0,0,54,190,255,255,255,252,254,231,209,61,4,0,2,0,0,0,0,1,3,2,0,2,0,0,3,0,2,0,1,11,149,222,252,255,253,250,255,252,113,0,0,0,0,1,1,1,0,3,1,3,2,3,0,0,0,0,2,2,3,12,101,180,233,255,251,253,246,206,8,2,2,1,0,0,3,1,0,1,1,0,0,0,2,0,0,0,2,0,0,2,31,131,214,252,255,253,22,0,0,0,1,0,1,0,1,0,0,1,0,0,2,0,0,32,0,2,2,0,0,0,0,174,255,255,114,0,2,0,0,0,0,0,0,0,0,0,3,0,2,0,0,127,126,12,0,1,2,34,70,200,255,255,114,1,0,0,0,1,0,1,1,1,0,0,0,2,0,1,0,125,252,194,101,135,199,244,254,252,253,253,78,0,0,2,1,0,1,0,0,0,0,2,1,0,0,1,0,28,255,254,255,252,255,254,255,254,252,150,0,0,0,1,1,0,0,1,0,1,4,1,1,0,0,0,0,7,129,255,255,252,255,255,253,234,99,7,0,1,0,0,2,0,1,0,0,0,4,0,0,3,0,0,0,0,0,84,157,229,162,156,93,28,0,0,0,1,0,0,0,0,0,0,1,0,0,0,1,0,2,0,3,0,0,0,3,2,0,1,2,0,0,1,0,0,0,3,0,1,3,0,2,0,0,0,1,2,1,1,1,0,1,1,0,1,0,3,0,0,0,5,2,0,0,1,0,0,0,0,1,2,0,1,0,1,1,0,0,1,0,0,0,1,1,0,1,0,0,1,2,2,0,0,0,1,1,1,3
2,2,0,0,0,2,0,0,0,2,0,1,0,0,2,0,1,0,0,3,0,0,0,0,3,0,1,1,2,0,0,1,2,0,0,1,1,0,2,2,0,1,0,0,0,1,2,1,0,0,0,0,0,0,2,2,0,0,0,4,0,0,0,0,3,0,2,0,0,0,0,0,0,0,2,0,3,0,0,0,0,0,0,0,1,0,2,0,1,0,1,1,0,1,1,0,1,0,0,0,0,0,1,0,0,0,0,0,0,0,1,1,0,0,0,1,0,1,1,0,2,2,0,0,0,0,0,44,230,236,0,0,0,0,0,0,0,0,0,0,3,2,0,2,0,0,0,2,1,1,1,0,1,0,0,144,253,239,3,0,3,0,1,0,0,2,0,0,1,0,0,2,2,0,1,2,1,0,2,0,3,3,0,254,252,241,0,0,3,1,2,0,0,0,0,3,0,2,0,0,0,0,1,0,1,2,1,1,0,2,70,254,252,166,0,1,2,1,0,3,1,0,0,0,1,0,0,0,1,2,0,2,1,0,0,0,0,15,181,255,237,64,3,0,0,1,2,0,4,0,0,1,0,0,2,0,2,0,3,4,2,0,0,0,2,63,252,255,175,2,1,2,0,0,0,3,0,0,0,0,1,0,0,0,0,0,0,0,0,0,2,0,1,195,253,255,45,0,0,0,1,0,0,1,0,0,0,0,1,0,0,0,1,2,0,1,1,0,0,0,1,196,251,255,44,1,2,0,0,1,0,1,1,0,2,2,1,0,0,0,0,0,1,0,2,0,0,2,0,193,255,237,35,0,0,0,1,1,0,0,0,2,0,0,1,3,2,4,0,0,0,1,0,0,0,0,3,195,255,149,0,2,1,0,0,0,2,0,0,3,1,1,2,0,0,0,1,0,0,0,0,0,0,1,2,195,252,88,0,0,1,2,0,0,0,1,5,0,1,1,0,3,0,2,1,2,0,0,0,0,0,0,111,244,255,0,1,1,0,1,0,0,0,2,0,0,0,1,0,0,0,0,0,6,0,3,0,1,0,7,239,250,253,0,0,0,1,0,0,1,0,1,1,2,1,0,3,0,0,0,1,1,0,0,0,0,0,138,253,255,252,0,0,0,0,0,0,0,3,1,2,0,0,2,1,1,0,0,0,0,0,0,0,0,0,131,254,253,253,136,1,0,0,0,0,0,0,2,3,0,2,0,1,2,1,0,0,0,1,0,0,0,0,136,255,253,251,48,0,0,2,0,0,0,2,0,2,0,0,0,5,1,0,0,0,0,0,0,0,0,0,134,249,249,255,0,0,2,3,0,0,0,0,0,0,0,1,0,0,1,0,1,0,0,0,2,0,0,0,133,255,252,112,1,1,1,0,0,0,0,2,0,0,2,0,0,1,0,1,0,0,0,0,0,1,0,0,133,255,244,84,1,1,0,3,0,0,1,2,0,1,3,1,2,2,0,0,0,0,0,3,3,0,0,2,136,249,206,2,0,2,0,0,4,0,0,1,3,1,1,0,4,0,0,0,0,4,1,3,0,2,0,0,1,2,0,1,2,0,1,1,0,2,2,0,0,4,2,2,2,1,0,0,2,0,1,0,0,0,0,0,3,0,0,0,2,0,0,1,2,2,0,0,0,0,2,0,1,0,0,1,2,2,2,0,1,1,1,0,1,0,0,0,2,0,0,2,0,0,0,0,2,1,1,0,0,2,0,1,0,1,2,2,0,1,0,1,2,1,0,1,1,0,0,2,0,1,2,0,0,1,0,0,0
4,0,0,2,0,1,0,0,0,0,0,1,0,2,2,0,0,0,0,1,3,0,0,0,0,0,3,1,2,0,1,1,1,1,0,3,2,2,1,1,0,0,1,0,3,0,0,0,0,0,0,0,0,0,1,0,0,1,2,0,1,0,0,0,0,0,0,2,2,1,0,0,0,0,0,0,0,0,0,1,0,0,0,0,0,0,0,1,1,2,0,0,2,0,0,1,0,0,2,2,0,2,0,1,0,0,0,2,0,0,0,1,1,0,1,0,2,0,1,4,2,0,0,0,0,0,0,0,0,0,2,0,2,0,0,0,2,0,1,1,0,1,0,0,0,2,0,0,0,0,0,1,4,0,1,1,4,3,0,0,0,1,0,0,0,0,1,0,0,1,0,0,0,0,3,1,9,88,168,252,254,255,255,164,17,0,0,3,0,0,0,0,1,0,0,0,1,1,0,0,0,1,0,36,166,252,252,244,225,186,245,253,193,19,0,1,0,0,0,0,1,0,1,0,1,0,1,0,0,2,43,227,254,232,94,20,3,0,46,218,255,206,48,0,0,0,2,0,2,1,0,0,4,0,0,0,0,0,117,253,230,23,0,0,2,2,2,25,209,254,196,19,0,0,0,0,1,2,0,0,3,0,2,0,0,3,88,181,156,0,2,0,0,1,0,0,23,233,250,117,1,0,2,0,0,1,0,1,3,0,0,0,0,1,0,1,0,0,0,0,0,0,0,3,2,221,254,106,0,0,0,0,0,0,1,0,0,0,1,0,0,0,0,0,0,0,0,0,0,0,0,0,0,223,254,53,0,1,2,0,0,0,3,1,0,0,1,1,2,0,3,1,0,2,0,2,3,0,0,82,203,253,240,24,0,0,1,0,0,0,2,0,0,0,2,2,0,0,1,0,2,0,1,0,0,42,120,246,252,245,67,0,1,0,0,1,1,0,0,0,0,0,0,0,2,0,0,3,0,3,0,57,170,248,250,253,151,18,3,1,0,0,2,0,0,0,0,0,0,0,1,0,0,0,2,1,0,1,0,132,252,249,250,254,219,68,3,0,0,2,0,1,0,4,0,0,0,0,0,0,0,0,0,1,1,0,1,1,40,0,22,144,252,242,46,0,2,1,0,0,1,0,0,0,0,0,1,0,3,1,2,1,0,2,0,2,1,1,0,8,216,252,76,1,0,3,0,2,0,0,0,0,0,0,0,0,0,2,0,3,0,0,2,3,0,0,0,16,225,253,75,0,3,0,0,2,1,1,1,1,1,0,0,0,1,0,0,3,0,0,1,0,0,1,0,17,254,255,72,2,0,0,0,0,0,0,4,0,0,0,0,0,0,2,1,0,3,0,0,0,1,0,0,49,254,237,24,1,0,0,0,2,0,1,0,1,0,1,0,0,0,4,1,0,0,1,0,2,0,0,0,165,253,176,2,0,2,0,0,0,0,0,0,0,1,0,1,3,0,0,1,3,1,0,36,0,1,0,79,244,254,98,0,0,0,0,2,0,3,0,0,0,1,0,0,1,0,0,1,0,0,0,202,67,29,129,250,253,156,12,0,1,2,3,0,0,0,2,2,1,0,1,3,2,0,1,0,2,0,3,45,190,232,174,153,108,19,0,0,0,2,0,1,0,0,0,0,0,0,0,0,0,0,0,0,2,0,0,0,3,0,0,0,0,0,1,1,0,1,1,1,2,2,0,1,0,3,0,0,3,0,3,3,0,1,4,3,0,1,0,0,0,0,2,0,0,0,0,2,3,0,1,0,4
0,1,0,0,0,0,2,1,0,0,0,0,0,1,0,0,0,0,0,1,0,0,2,1,0,0,5,1,0,0,0,0,0,2,0,0,0,0,0,2,2,0,0,2,0,0,1,0,2,0,1,1,0,3,0,1,0,0,0,2,2,0,0,0,2,1,2,2,4,0,1,1,0,0,1,1,0,1,2,0,0,0,0,2,2,0,0,0,0,0,1,2,3,1,0,2,1,1,1,0,0,0,2,0,0,1,0,1,1,0,3,1,0,0,1,0,0,4,2,2,0,3,0,88,143,61,0,0,0,0,0,0,1,0,1,0,0,0,3,0,2,0,1,2,3,0,0,0,2,0,0,85,252,242,86,0,0,0,0,0,0,0,2,2,0,0,0,4,0,0,0,3,1,1,0,1,2,0,0,85,254,255,236,71,0,0,0,0,0,0,0,1,0,0,0,2,2,0,0,0,4,1,2,0,0,0,0,85,250,255,253,95,0,1,0,0,1,0,3,1,0,0,0,0,0,0,0,1,0,1,0,0,0,0,2,86,254,255,252,184,16,0,0,2,1,0,0,0,0,0,2,3,0,0,3,1,0,0,2,1,0,1,0,83,250,254,255,253,29,0,0,2,2,0,2,0,0,0,2,0,1,3,2,2,0,0,0,0,0,0,1,0,154,253,254,255,27,0,2,0,0,2,0,1,3,1,0,1,0,4,1,0,6,0,4,3,2,1,0,0,150,252,255,254,27,2,1,1,1,0,0,0,0,1,2,1,0,0,1,0,0,0,0,1,1,1,2,0,135,248,253,252,51,1,0,0,0,0,1,0,1,1,0,1,1,0,0,0,0,0,0,2,0,0,3,0,1,218,250,255,216,2,0,1,0,0,0,0,0,0,0,1,0,0,0,0,0,0,0,0,2,0,3,0,3,218,253,255,216,3,0,0,1,1,0,0,3,0,1,1,2,0,0,0,0,0,1,1,2,0,0,1,2,50,255,253,222,23,1,0,1,1,1,0,0,2,0,2,0,0,0,3,0,0,2,1,0,0,2,0,0,26,252,255,253,152,0,0,0,0,0,1,0,0,0,0,0,0,0,1,2,0,0,0,0,0,0,0,0,31,253,255,253,222,57,0,2,1,0,0,0,2,2,0,2,0,0,1,0,2,0,0,2,0,0,0,0,30,254,254,255,253,87,0,1,3,1,2,5,0,1,3,1,3,1,2,1,0,0,0,0,0,0,2,0,13,184,255,254,255,80,0,0,0,1,0,0,0,1,0,0,0,0,0,0,4,2,3,1,0,0,0,0,0,96,253,253,252,86,2,0,0,1,0,1,0,0,2,0,0,0,0,0,0,0,0,0,0,1,2,7,2,74,234,255,255,84,0,0,2,0,0,0,0,0,0,2,4,2,3,0,1,0,2,2,2,0,0,1,0,0,162,255,253,85,0,2,0,0,0,2,0,3,0,0,0,0,0,0,0,0,0,0,0,2,0,0,0,1,163,226,64,22,4,0,1,0,0,0,0,1,1,0,1,1,0,2,1,3,1,0,0,0,0,2,1,0,0,1,0,1,1,0,4,1,0,0,1,0,0,0,0,3,0,0,0,0,1,0,2,4,1,1,0,0,0,2,2,0,0,0,2,1,0,2,2,0,0,3,0,1,0,0,0,0,0,0,0,2,0,2,0,0,0,0,3,0,0,0,0,2,0,1,0,0,3,0,0,0,0,0,0,4,0,0,1,0,0,4,0,0,0,3,0,0,1,3,0,0,0,1,0,0,0
0,0,0,0,3,0,1,0,2,0,0,4,1,0,1,1,0,0,1,0,1,1,3,0,4,0,1,0,4,5,0,0,0,0,0,1,0,3,0,0,2,0,0,2,0,0,0,0,2,0,2,0,0,0,0,4,1,0,0,0,0,2,1,2,2,0,1,0,1,0,0,0,1,0,0,0,2,1,0,0,1,1,5,1,0,1,1,0,0,0,0,0,0,0,0,0,0,2,3,0,0,0,2,1,0,1,0,0,3,3,0,0,0,1,4,0,0,0,0,0,0,2,0,0,0,3,0,0,2,1,0,1,2,1,0,0,2,0,0,0,0,0,0,0,0,0,1,0,2,77,142,135,138,231,202,195,140,190,178,201,0,0,1,0,0,0,0,0,2,0,3,0,0,0,0,0,0,231,255,252,251,251,250,252,252,254,251,251,101,17,0,0,0,1,1,1,0,2,0,1,2,0,0,0,152,246,253,254,253,249,250,254,250,253,254,253,238,27,1,0,1,0,0,0,1,3,0,2,0,0,0,0,206,250,250,252,183,159,160,57,90,79,69,40,44,0,2,2,2,1,2,0,4,0,2,1,0,0,4,1,209,250,233,22,5,3,1,0,0,0,1,0,0,0,0,0,0,0,2,4,1,0,0,2,1,0,0,1,91,255,244,50,2,0,0,0,0,0,4,0,0,0,0,0,0,0,2,5,0,2,1,2,0,1,0,2,90,253,251,113,0,1,0,1,2,0,0,0,0,0,3,0,3,4,1,1,0,0,0,0,0,0,2,0,92,251,252,240,104,71,6,1,0,0,0,1,0,0,1,1,0,0,0,2,2,0,0,1,3,2,2,0,189,250,254,252,252,251,212,83,1,1,1,0,0,0,0,1,1,0,0,0,0,0,3,0,0,1,1,0,101,252,251,250,252,251,255,253,210,86,0,1,0,1,0,0,2,2,0,1,0,0,0,0,3,1,0,2,46,221,250,230,230,138,221,232,251,251,118,7,1,0,0,0,1,2,0,0,0,0,1,0,3,0,0,0,1,1,83,0,0,1,0,8,175,254,253,23,1,1,0,0,3,1,1,0,0,0,0,0,0,0,1,2,2,0,0,0,3,0,2,0,12,171,251,54,1,0,0,0,0,0,1,0,3,2,1,1,0,1,2,5,0,2,0,0,0,0,2,0,0,70,249,231,96,0,0,0,0,0,2,0,1,0,0,0,0,0,0,0,1,156,0,0,1,4,0,1,0,69,251,248,117,1,0,2,0,2,2,2,0,0,0,1,1,1,1,3,0,233,255,182,55,4,0,3,2,140,254,251,114,1,0,0,2,1,0,0,0,0,0,0,1,3,1,0,2,211,254,252,253,176,163,166,177,250,254,251,98,3,1,0,0,0,3,0,0,1,0,1,1,2,0,0,2,31,193,254,255,248,250,251,254,252,249,220,1,0,1,2,0,0,2,0,0,2,2,2,0,2,0,0,1,2,13,159,228,253,252,255,252,249,249,98,0,0,5,0,3,0,3,0,2,0,1,0,4,0,0,0,0,1,0,0,20,65,136,255,251,252,158,13,2,0,0,2,0,2,0,0,0,0,1,0,2,0,0,0,0,1,0,0,0,0,1,0,0,0,1,0,1,4,3,0,0,0,0,3,0,0,0,1,0,4,0,0,0,0,1,0,0,0,0,0,0,0,0,2,1,0,2,1,1,0,2,0,1,1,2,0,0,0,2,1,2,0,2,0,1,4,0,1,0,0,0,0,3,2,4,0,3,3,0,2
0,0,0,0,3,0,0,0,0,0,1,0,0,0,2,0,2,0,0,4,0,0,0,0,2,2,0,1,2,0,0,0,0,0,1,3,0,0,0,0,3,3,1,0,0,1,0,0,0,3,0,1,1,0,3,4,2,0,1,0,0,0,2,0,2,0,0,2,0,0,2,0,2,0,3,4,2,0,0,1,2,2,0,1,0,3,3,0,1,1,0,0,0,0,0,0,0,3,0,1,1,0,2,0,0,2,0,0,1,0,0,0,3,1,1,0,0,3,1,0,0,0,58,136,136,135,138,227,215,85,1,0,1,0,1,2,3,0,1,1,0,0,0,2,2,2,0,29,35,136,196,255,254,251,255,254,255,252,5,0,0,0,2,0,0,0,0,0,0,1,0,0,0,0,25,228,254,252,252,202,222,202,175,83,85,82,0,0,2,1,3,0,0,1,0,0,0,0,0,0,2,2,35,255,254,254,252,13,29,0,0,0,0,3,0,0,0,0,0,0,0,0,3,0,1,0,0,0,1,0,10,44,202,254,255,8,0,1,0,0,0,1,5,2,0,0,0,1,0,0,0,0,0,3,0,3,1,1,1,0,191,255,209,1,61,106,132,227,226,224,166,109,83,0,0,2,0,0,0,1,1,0,1,0,0,1,1,0,189,252,203,186,251,254,255,255,252,254,255,254,252,244,111,0,0,1,1,1,2,2,0,0,2,0,0,33,227,255,255,255,251,251,229,230,229,231,234,232,245,253,254,102,0,1,0,0,0,3,0,0,0,0,0,52,254,255,254,236,144,80,2,0,0,0,2,3,82,246,254,174,1,0,0,0,0,2,1,1,0,0,1,43,237,252,229,44,2,4,1,0,0,0,0,1,0,105,254,253,102,0,0,0,1,5,0,1,0,1,2,2,45,116,37,0,3,1,1,1,0,0,0,3,0,66,251,252,137,3,1,3,2,0,1,0,0,0,0,0,1,0,2,0,0,0,0,2,0,1,0,0,0,65,254,254,134,1,2,2,0,0,0,0,4,1,0,0,1,1,0,1,0,3,0,0,0,1,0,2,0,177,255,253,84,1,0,2,1,2,2,0,1,7,13,5,0,0,0,3,0,0,0,1,1,0,0,0,25,217,253,158,3,2,0,2,0,2,0,0,0,136,255,99,2,0,1,0,0,1,1,0,0,0,0,0,63,253,254,138,0,0,5,3,0,0,1,2,1,112,255,233,78,9,0,3,3,3,0,0,0,0,0,41,225,252,239,30,0,0,0,0,2,0,1,0,1,5,148,251,255,156,67,65,0,2,2,2,1,2,124,224,255,253,90,2,0,0,0,0,0,2,1,0,1,3,23,190,255,254,255,254,205,128,82,82,129,202,253,255,240,83,11,0,0,1,1,0,0,1,3,1,0,1,1,9,121,189,253,251,255,253,252,255,253,250,254,179,32,1,2,0,0,3,2,1,1,0,2,1,0,0,0,0,0,5,21,17,133,211,255,252,252,203,75,8,3,0,0,5,0,0,1,0,0,0,0,0,0,1,0,2,0,0,0,0,0,1,1,1,0,0,0,3,1,1,1,0,3,0,2,1,0,2,0,1,0,2,1,0,0,0,0,1,0,2,0,0,0,2,1,2,0,0,2,0,3,0,2,2,1,0,0,0,2,0,0,1,0,1,0,0,0,0,0,0,0,0,0,0,0,0,0,0,0,2,1,5,1,2,0,3,1,0,0,0,0,1,0,0,0,0,0,0,1,0,0,0,1,0,1,0,0,0,0,2
0,3,2,0,0,0,2,2,1,0,0,1,2,2,1,0,0,1,0,2,3,2,1,1,1,0,0,4,0,2,1,0,2,0,3,0,1,0,3,1,0,0,0,0,0,0,0,4,0,0,0,2,0,0,1,0,2,0,2,0,0,0,0,0,0,0,2,4,0,0,0,0,0,0,0,1,4,1,0,1,2,1,0,0,1,1,0,1,0,0,0,2,1,0,1,2,65,252,253,246,0,0,0,0,2,1,1,0,1,0,0,1,0,0,0,0,0,0,4,1,1,0,2,11,185,253,249,241,10,1,2,0,0,1,0,0,2,0,3,0,1,0,0,4,0,3,1,0,1,0,22,188,255,254,253,254,156,0,0,0,0,1,0,1,0,0,2,1,1,2,1,0,0,0,1,0,0,0,70,251,252,253,253,253,137,1,0,1,1,0,0,3,1,0,1,3,0,1,0,0,2,1,0,0,0,62,234,254,255,254,214,124,0,0,1,1,0,1,3,0,0,1,0,0,0,0,0,0,0,0,0,2,25,232,251,251,250,252,138,0,1,0,0,0,0,0,2,0,0,2,0,3,0,0,0,1,1,0,0,0,128,252,252,255,252,168,3,1,0,12,140,141,69,3,0,1,2,0,3,0,1,2,3,0,0,0,0,26,210,253,253,253,194,9,2,44,129,231,251,251,240,191,29,0,1,0,0,0,1,0,1,0,0,0,2,106,254,254,249,251,86,0,51,222,252,255,253,255,250,254,106,2,0,0,0,2,0,0,0,1,0,0,18,252,255,253,254,119,25,85,244,253,255,255,253,253,251,254,154,5,0,1,1,1,0,0,0,0,2,1,20,253,253,255,221,35,71,252,251,253,251,254,171,115,255,251,251,14,3,0,1,1,1,0,3,1,2,0,17,255,254,255,204,56,236,254,249,253,217,139,46,223,255,254,253,13,0,0,0,2,1,1,0,0,2,0,33,255,254,253,97,136,248,255,255,252,142,20,127,250,255,255,141,2,0,2,0,0,0,1,1,2,0,1,182,254,253,250,226,189,255,255,255,245,44,217,252,252,253,228,57,0,3,0,0,0,0,0,1,0,0,0,156,251,255,255,255,252,252,252,253,252,223,253,251,251,253,168,0,4,4,0,0,2,1,0,0,0,0,1,18,252,253,253,252,254,255,252,252,255,255,254,255,250,180,15,0,0,0,0,0,2,1,0,3,0,0,0,19,253,254,254,253,253,253,253,252,255,252,253,226,172,14,0,0,0,0,1,1,0,1,0,0,0,2,0,16,254,253,255,252,253,253,254,252,255,252,241,57,0,0,0,0,0,0,0,2,1,0,0,0,3,0,0,0,12,152,253,252,253,252,254,227,180,116,13,0,0,0,0,3,2,1,1,0,0,0,0,4,0,1,0,2,0,13,87,123,162,91,87,62,0,0,0,0,0,0,0,0,0,0,0,0,2,1,0,0,0,0,0,0,0,0,2,0,1,1,0,1,0,4,0,0,4,0,0,0,2,0,1,2,0,0,0,0,0,0,0,1,0,0,2,1,0,0,0,1,0,0,0,0,2,0,0,1,1,4,0,0,0,0,4,3,0,0,1,2,1,3,3,2,0,0,4,0,0,0,0,0,0,0,0,0,0,4,0,0,2,0,0,0,0,0,0,3,0,3,2,1,0,0,0,1,0,0,0,0,0,0,1,0,0,0,2,0,3,2,4,0,0,0,0,1,0,0,1,0,1,0,1,0,0,0,0,0,0,0,0,0,0,0,0,2,0
4,0,0,1,3,1,2,0,1,1,0,2,0,0,0,0,0,0,0,0,0,2,1,0,2,0,0,0,0,0,0,0,0,0,1,0,0,1,2,1,0,0,0,2,2,0,0,0,1,0,0,0,0,0,0,2,1,3,0,1,0,0,4,1,2,3,0,0,1,1,0,0,0,0,2,3,3,1,0,0,3,0,0,0,0,0,0,0,2,1,0,1,0,0,0,1,1,0,2,0,1,0,0,0,0,0,0,2,4,1,0,0,1,0,1,0,1,1,0,1,0,0,2,3,0,1,0,0,1,0,0,55,238,133,1,2,1,0,1,0,0,0,0,0,0,1,1,3,1,3,0,0,4,0,0,0,0,1,0,155,254,84,0,0,0,0,0,2,3,0,2,1,3,0,3,2,0,0,0,0,1,1,0,4,1,4,36,245,248,45,0,0,0,0,0,1,0,0,0,1,0,0,0,0,0,0,0,0,0,0,1,0,1,1,194,255,167,0,1,0,1,1,0,0,1,0,1,0,0,4,1,2,0,0,0,0,2,1,0,0,0,80,255,207,29,2,0,0,0,1,1,2,0,0,0,0,0,0,0,0,0,0,0,1,2,0,1,0,1,161,255,146,0,0,0,4,0,1,0,2,1,1,0,1,0,1,0,0,0,0,0,0,1,1,2,0,60,239,255,82,0,0,0,0,2,0,2,2,0,1,0,0,0,2,0,0,3,1,0,2,2,1,1,61,204,255,158,2,0,0,3,0,5,0,1,1,0,0,3,3,3,0,3,3,0,0,2,2,0,0,12,205,252,199,14,1,2,0,1,0,0,0,0,0,0,0,0,1,0,1,0,0,0,0,0,0,1,13,186,255,204,61,1,0,0,3,0,0,0,1,5,0,0,0,0,2,0,3,0,1,1,2,2,0,0,181,255,242,60,2,2,2,1,2,2,4,0,0,3,3,2,0,1,0,1,0,1,0,0,0,1,0,117,250,254,57,2,1,0,0,2,2,2,2,2,0,0,0,0,0,0,1,0,0,3,2,1,1,1,40,248,251,138,0,3,4,3,1,0,0,0,0,0,4,1,1,0,0,0,4,0,0,1,1,2,0,15,228,255,132,2,2,0,2,0,0,0,1,1,1,0,0,0,2,1,0,0,0,0,0,0,3,0,12,170,255,205,21,2,1,0,0,0,0,0,0,2,0,0,0,0,0,0,0,0,0,1,1,1,3,1,96,255,255,27,3,0,0,0,2,3,0,0,3,3,0,0,0,0,1,0,1,1,3,2,2,0,0,53,250,254,165,5,3,0,0,0,2,0,0,0,0,5,0,0,0,4,2,0,0,0,1,0,0,0,0,167,250,181,1,2,0,1,1,0,0,3,0,1,1,0,1,0,0,2,0,2,2,1,0,0,3,0,12,238,248,140,0,0,2,1,2,0,3,1,0,0,3,0,0,0,0,0,3,0,2,0,2,0,0,2,5,191,203,51,0,2,0,1,0,1,0,3,2,1,0,0,1,0,3,0,1,0,0,0,0,0,0,3,0,0,0,0,1,4,1,1,0,0,0,0,0,0,0,0,0,2,0,0,0,0,0,1,4,0,0,0,0,0,0,0,0,0,1,1,0,0,0,1,0,0,3,2,1,1,1,6,1,2,0,0,0,1,1,1,1,2,0,2,3,0,1,2,0,3,2,0,0,0,4,3,0,3,0,1,1,0,2,4,0,0,1,0,0,3,0,0,0,0,0,4,2,1,0,1,0,0,0,0,0,0,0,0,0
1,0,0,2,0,0,1,1,0,0,4,0,0,0,0,0,0,0,0,0,3,0,1,0,1,0,0,0,0,1,0,0,0,0,0,0,1,1,2,1,0,0,2,1,0,0,0,0,0,2,0,0,0,0,0,3,0,0,1,1,0,2,0,2,5,0,0,0,0,0,0,0,0,0,0,1,0,1,0,0,1,2,0,5,1,0,0,0,2,2,0,0,0,4,1,0,0,0,2,0,0,2,0,0,0,0,0,1,0,3,0,0,3,0,0,0,1,2,0,3,0,0,0,0,1,0,0,0,0,0,0,0,0,0,0,2,1,1,0,2,0,0,0,2,0,0,0,0,0,0,3,0,1,3,8,14,135,130,193,131,135,133,30,0,0,0,1,0,0,1,3,1,2,0,0,3,2,2,0,0,0,125,189,252,255,253,254,253,251,252,217,22,1,0,1,0,0,0,1,0,2,0,0,0,0,0,0,0,70,238,255,251,215,147,97,95,98,220,253,37,0,0,0,0,0,4,0,0,0,0,0,0,3,1,0,48,241,251,181,83,0,3,0,0,12,209,173,12,0,0,1,0,0,2,0,0,0,1,0,1,0,0,1,74,253,252,58,0,2,0,0,1,22,70,12,0,1,0,1,0,0,0,1,0,0,0,1,0,0,0,0,77,251,255,28,0,2,0,10,74,75,165,70,0,0,0,0,0,1,1,3,1,0,0,0,0,1,0,0,74,254,255,100,80,92,203,211,252,253,252,126,2,3,2,0,1,0,0,0,0,0,0,0,0,0,2,0,74,255,251,252,250,255,254,253,188,157,121,9,0,1,0,3,0,1,1,0,0,2,1,0,2,0,2,26,149,251,251,252,255,145,74,23,10,2,0,3,0,1,0,2,0,0,1,0,1,0,1,0,0,0,23,212,254,255,252,253,136,2,2,1,0,1,0,1,1,0,0,0,0,0,0,1,1,1,0,2,1,4,175,254,248,242,254,255,133,2,0,2,1,0,1,2,0,1,0,0,0,1,1,0,0,0,0,0,0,38,253,247,107,4,218,255,130,0,0,2,1,1,0,0,2,2,4,3,0,1,0,1,2,0,1,1,0,39,251,199,3,5,219,250,132,0,3,0,0,0,3,0,0,2,1,0,1,1,0,4,1,0,0,3,0,36,252,228,39,1,217,253,136,0,4,1,2,1,1,0,2,1,0,0,1,0,2,0,1,0,0,1,0,40,253,251,144,0,218,252,133,0,0,2,0,1,0,0,0,5,0,3,2,1,2,0,0,1,3,0,0,5,189,253,178,67,246,254,98,0,0,2,0,0,2,0,1,0,0,0,0,0,0,0,3,0,0,0,2,0,134,254,205,200,255,161,6,3,0,0,0,0,0,0,0,0,0,2,5,0,2,6,1,0,2,0,0,2,29,227,255,252,255,145,0,0,1,0,1,0,0,0,0,0,1,0,0,0,1,0,0,3,0,0,0,2,0,179,251,250,211,27,0,1,0,3,0,2,1,0,0,0,0,0,1,4,0,0,0,0,0,1,0,0,0,38,228,211,28,0,0,0,0,1,0,0,3,0,0,0,0,0,0,0,1,2,0,0,0,0,0,0,0,1,0,0,2,0,2,1,0,0,0,3,2,0,0,1,0,2,0,0,0,0,0,2,0,1,0,0,0,0,0,0,1,1,0,0,1,2,0,1,0,0,0,1,0,0,0,0,2,2,0,0,3,0,2,0,1,0,1,1,3,0,0,0,2,0,3,0,1,1,0,0,3,0,1
1,0,0,0,0,0,0,0,0,3,3,0,1,2,1,0,0,0,0,0,0,1,2,0,0,2,0,0,0,3,0,0,0,2,2,0,0,2,2,0,1,2,0,0,0,2,1,0,0,0,0,1,0,2,0,0,0,1,1,0,2,0,0,2,1,0,0,2,0,0,0,0,3,1,0,0,1,0,0,0,0,0,0,0,0,0,2,3,0,0,2,0,0,2,0,2,1,0,0,3,0,3,0,0,0,0,2,0,0,1,0,2,1,0,0,3,4,1,1,1,3,0,0,2,0,0,0,2,0,3,1,1,0,3,1,0,0,0,0,0,2,0,0,1,0,2,0,0,1,1,0,0,1,1,0,25,11,38,69,149,164,255,254,148,3,0,0,0,0,0,3,2,0,0,4,2,1,0,0,98,191,190,144,227,204,245,254,254,251,253,255,188,0,2,0,4,0,0,0,0,0,0,1,3,0,1,22,218,252,255,250,252,253,249,252,253,236,233,171,18,0,0,0,1,2,1,0,0,0,0,0,1,1,1,142,250,254,254,253,244,190,189,161,85,1,0,5,1,0,1,0,0,1,1,0,1,1,0,2,2,2,1,255,252,248,155,44,39,1,1,0,0,0,3,0,1,0,0,2,0,1,1,1,0,0,0,0,1,2,64,255,252,187,0,4,0,3,0,4,0,1,3,0,0,0,1,3,1,0,0,1,1,3,2,0,0,17,199,252,248,249,191,104,84,17,1,0,3,0,0,5,0,0,0,1,1,1,3,0,2,0,3,1,11,200,249,253,252,252,252,251,252,239,176,102,0,0,2,2,3,0,0,0,0,3,0,0,0,1,0,0,16,235,252,252,253,254,252,251,255,252,251,251,142,1,2,1,0,3,4,0,1,0,2,3,1,1,2,0,0,170,251,251,173,49,41,39,104,183,252,252,252,2,2,0,0,3,0,0,0,2,0,0,2,0,0,0,0,27,148,107,24,0,0,1,0,2,153,255,252,61,0,2,0,0,0,0,1,0,0,0,0,0,0,2,3,0,0,2,0,3,0,1,0,0,100,253,251,105,0,0,0,0,2,0,0,1,3,0,0,1,2,1,0,1,1,3,0,2,1,2,0,0,126,254,251,98,0,5,1,0,0,0,0,0,0,0,2,0,0,0,2,2,0,0,3,0,0,3,2,2,157,253,253,1,0,0,2,2,0,0,0,1,0,0,0,1,0,80,9,0,0,4,0,0,0,5,0,119,247,255,163,0,2,2,3,1,0,0,4,2,2,0,0,2,0,191,145,4,1,0,0,1,0,1,61,225,255,211,15,0,2,0,0,1,2,0,0,1,0,2,1,1,0,190,247,104,1,0,1,0,0,69,254,252,252,155,0,1,0,0,0,1,1,2,0,0,0,0,0,0,2,50,231,245,144,67,23,30,151,245,254,251,128,7,0,2,0,2,2,2,0,0,1,0,0,2,0,2,0,2,53,234,250,254,253,252,251,252,243,112,7,1,1,1,1,1,1,0,0,0,0,1,2,0,0,0,2,0,3,26,130,255,253,253,250,160,38,0,0,0,3,1,0,0,0,0,0,3,0,1,0,0,0,2,3,2,1,0,0,0,0,0,3,0,0,0,3,1,3,0,0,0,2,0,0,0,0,1,0,2,0,1,1,0,1,0,0,0,1,0,2,0,0,3,0,0,0,0,0,0,0,0,0,2,1,0,0,0,0,1,0,0,2,2,3,3,0,0,1,4,0,0,0,1,3,0,0,0,0,0,3,4,1
0,0,1,2,1,0,4,1,1,1,2,2,0,0,0,1,3,1,1,0,0,1,1,0,3,1,0,1,0,0,1,3,0,0,0,0,1,3,0,3,0,2,0,0,1,1,0,2,4,0,0,0,0,2,1,2,0,3,0,0,1,0,0,1,1,2,0,3,0,0,0,0,0,1,3,0,4,0,2,0,0,0,2,0,0,0,1,0,1,0,0,0,2,1,0,0,0,5,0,0,0,2,0,1,0,0,0,0,0,3,1,4,2,0,1,2,0,1,0,1,1,2,3,0,1,0,1,0,1,3,1,0,0,0,0,0,0,2,1,0,0,0,3,0,3,0,0,2,2,0,0,0,3,0,30,241,76,0,2,0,0,0,1,0,1,2,0,0,2,0,0,0,0,1,1,1,3,2,1,0,0,0,44,252,133,0,3,2,0,3,0,0,0,0,0,2,0,2,0,0,0,0,1,0,2,0,1,0,0,2,66,253,132,1,0,0,0,0,1,0,1,0,4,1,1,1,0,1,0,0,1,2,0,0,1,0,1,0,134,253,136,1,1,0,0,1,3,2,1,0,0,0,1,1,1,0,1,2,0,0,0,0,2,0,4,0,129,253,51,1,0,0,3,1,1,0,0,3,0,1,1,0,0,0,1,1,0,0,0,2,0,0,0,3,130,230,21,0,0,3,1,1,0,2,0,1,1,0,0,0,1,3,0,0,0,0,2,0,0,2,0,1,129,219,0,2,0,1,0,0,1,0,3,2,0,0,0,1,0,0,0,0,0,0,1,1,0,0,0,2,125,139,0,3,0,0,0,0,0,0,0,2,2,0,3,0,0,0,1,0,0,1,0,0,0,0,0,0,147,127,0,0,1,2,2,0,1,0,0,1,0,0,3,3,0,0,0,0,0,1,0,3,0,0,0,0,215,128,0,0,0,0,2,0,3,0,0,0,0,0,0,0,0,0,1,1,0,1,0,1,0,0,0,0,218,129,0,2,0,2,0,0,2,1,0,1,0,2,1,4,0,2,0,0,1,0,1,0,2,0,0,0,215,57,0,3,0,1,0,1,0,2,0,0,0,0,0,0,0,0,0,0,0,0,0,0,3,1,0,0,157,81,2,1,0,2,0,0,1,0,0,1,3,1,1,3,0,3,0,0,0,0,0,0,0,0,0,0,214,127,0,0,2,1,2,1,3,2,2,0,0,4,2,0,3,0,1,0,2,1,0,0,3,0,0,24,237,130,0,0,0,0,0,0,0,0,0,1,0,0,0,2,1,0,1,0,0,4,2,1,0,2,1,46,255,132,0,0,1,1,3,4,5,1,0,2,3,0,1,2,4,1,1,0,2,1,0,0,2,0,1,111,255,129,0,0,0,2,2,2,3,0,0,1,2,2,0,0,1,5,0,1,1,0,0,0,0,1,1,132,255,128,1,0,1,1,1,0,4,3,0,1,2,5,0,0,0,0,0,0,0,0,0,0,2,0,0,105,252,67,0,2,2,2,1,0,0,1,0,0,2,2,1,2,3,3,0,2,0,2,3,1,0,0,4,49,209,29,0,0,1,4,0,0,0,3,0,0,0,2,3,0,0,0,0,0,0,0,2,0,2,0,3,0,0,0,0,0,0,3,2,0,1,0,1,0,1,1,0,0,0,0,0,0,1,0,0,0,0,0,0,0,2,2,0,2,0,1,0,0,0,3,0,1,0,0,0,0,0,0,1,1,1,3,0,2,3,0,4,0,0,0,1,2,0,0,0,0,1,1,0,0,2,0
0,0,1,0,0,3,0,3,0,2,2,0,0,2,2,0,0,0,0,0,0,0,3,1,1,1,3,0,0,0,3,1,0,0,3,3,0,2,0,1,0,0,1,0,1,2,1,2,0,0,0,0,3,0,0,0,2,1,0,0,2,0,0,0,0,0,0,6,0,4,0,0,0,0,1,0,0,0,0,2,1,2,0,1,0,2,2,0,1,0,0,1,3,0,0,0,0,0,1,0,1,2,3,0,2,0,0,1,0,0,3,0,0,0,2,0,0,0,2,1,0,0,0,1,0,0,0,3,1,0,0,1,0,2,0,1,0,0,2,1,0,0,1,1,0,0,0,3,0,0,0,1,0,0,0,0,0,0,1,0,1,1,0,0,0,0,1,0,0,0,3,1,2,0,3,0,2,1,0,0,0,2,0,1,71,194,95,1,2,0,2,4,2,3,0,0,0,2,0,2,2,0,0,5,3,0,0,2,0,1,0,1,179,255,156,4,0,2,1,0,2,0,0,0,0,1,0,55,86,0,0,0,0,1,0,3,3,1,0,46,255,253,150,2,0,3,0,0,0,0,0,0,0,1,4,101,217,61,7,2,0,1,3,3,1,0,1,126,254,246,84,0,0,0,0,3,0,1,0,0,0,0,0,18,172,255,221,217,162,121,52,24,29,123,135,247,255,170,1,2,1,0,0,0,1,1,0,0,2,0,1,0,3,93,208,253,249,254,255,255,255,255,253,250,255,124,0,2,2,0,1,3,0,3,0,3,1,1,0,3,0,3,5,11,46,53,108,106,105,104,52,148,254,119,0,0,2,3,0,0,1,0,0,3,2,3,0,0,1,0,0,1,0,1,4,0,0,0,1,109,255,119,1,0,0,1,0,1,0,0,0,4,0,1,2,0,0,1,1,0,0,1,0,1,0,0,3,105,253,119,3,0,2,2,1,0,0,1,0,0,3,0,2,2,4,1,3,0,0,0,1,0,0,0,2,107,254,119,0,0,0,0,4,0,0,1,0,0,0,0,0,2,0,0,1,1,0,0,0,1,3,4,0,28,253,127,1,0,0,0,0,0,0,3,0,3,2,0,2,3,0,0,2,0,0,0,0,1,0,0,0,10,255,217,5,3,1,0,0,0,0,1,4,2,0,0,0,0,0,2,1,0,0,3,1,1,0,1,2,0,176,215,1,0,4,0,0,3,3,2,1,2,0,2,1,1,0,0,1,0,0,2,1,0,0,1,2,0,173,217,1,0,2,1,0,0,1,0,1,0,2,1,0,4,0,1,4,0,1,0,0,1,0,0,0,0,170,229,15,0,1,1,0,1,0,0,0,0,1,2,0,3,0,1,0,0,0,0,1,3,0,1,0,1,151,255,73,1,0,2,1,0,1,1,0,2,0,0,0,2,0,0,1,4,3,0,0,1,0,0,0,0,73,255,228,24,11,3,0,0,0,0,2,4,0,0,2,1,0,1,0,1,2,0,0,0,0,0,0,2,27,240,252,190,29,0,0,0,0,0,4,0,2,1,0,0,4,0,2,3,3,0,0,0,0,0,1,3,1,224,253,255,29,0,2,3,2,1,0,1,1,0,0,0,0,0,3,1,0,0,3,0,0,0,3,4,0,62,254,231,17,0,0,0,0,1,0,0,0,3,1,1,0,0,0,0,0,0,2,0,0,0,1,0,0,2,3,0,2,0,1,0,1,0,2,0,1,1,0,1,1,0,0,0,4,1,0,0,0,0,0,2,2,2,1,1,1,1,0,0,1,2,1,4
0,2,0,0,0,0,0,0,1,0,0,0,0,0,3,0,0,0,0,1,0,1,0,1,0,0,0,1,1,0,2,0,3,1,0,0,0,0,0,0,0,1,1,0,0,0,0,1,0,1,0,3,2,0,3,2,0,2,1,0,0,0,2,1,0,0,1,2,0,1,0,0,0,0,0,0,0,1,2,0,4,2,0,3,1,0,0,0,0,2,0,2,2,1,0,2,1,0,0,0,0,0,1,0,1,4,0,0,0,0,2,0,2,1,0,0,2,0,0,0,5,1,0,1,0,3,2,0,0,1,0,2,0,2,2,0,1,0,1,0,2,0,0,1,1,0,0,0,0,1,0,4,0,10,39,4,9,169,255,225,28,0,0,0,0,1,1,0,0,0,0,0,0,2,0,0,1,0,0,0,6,161,251,98,136,254,248,198,43,2,0,1,2,0,1,0,0,1,0,1,0,1,0,2,0,0,5,92,216,255,249,76,167,252,225,10,101,0,0,1,1,0,0,0,1,0,0,0,5,4,0,0,0,26,214,255,250,186,64,0,168,251,228,0,108,1,2,0,0,0,0,0,2,5,0,0,0,0,0,0,61,221,254,255,123,1,1,9,195,255,146,22,89,0,1,0,1,0,0,0,1,0,0,2,2,0,1,26,207,251,249,79,1,0,0,21,255,252,128,200,88,2,0,0,0,0,3,0,1,0,1,0,0,0,1,151,255,246,119,0,0,0,1,88,252,255,210,243,35,0,0,0,0,0,0,2,1,0,1,3,1,1,4,228,255,243,1,2,0,1,2,168,255,252,245,124,3,0,0,0,0,0,3,0,0,0,0,0,0,0,5,247,253,249,56,6,0,0,6,237,255,254,174,0,0,2,0,2,0,0,0,1,0,0,1,0,0,3,0,151,253,251,252,184,163,159,191,252,254,231,49,0,0,0,0,0,0,0,0,0,2,0,0,0,0,1,2,49,191,255,252,253,253,251,249,253,255,155,0,4,0,1,0,0,0,0,1,0,0,0,0,0,0,2,3,1,6,19,123,207,178,125,184,255,255,205,6,1,1,3,0,2,0,0,1,1,0,2,0,1,2,2,0,2,3,0,1,1,1,0,198,252,255,254,11,0,0,0,0,2,0,0,0,0,2,0,0,0,0,3,0,0,3,1,1,1,1,0,201,254,255,132,1,0,0,0,0,0,0,0,0,2,0,2,1,0,0,1,0,2,0,0,0,1,0,52,249,252,252,47,2,22,0,2,0,0,1,0,0,0,1,0,2,0,5,1,1,1,2,0,1,0,2,58,255,255,253,49,82,188,0,0,0,0,0,0,1,0,0,2,0,0,0,0,0,0,0,0,0,2,1,55,251,252,255,217,241,66,0,0,0,0,0,0,0,1,0,0,4,0,0,0,1,2,1,4,0,2,0,53,254,251,253,253,154,1,2,1,1,3,0,0,0,2,0,0,0,1,1,0,1,0,0,1,0,4,3,53,254,253,252,186,0,0,0,0,0,2,0,0,0,1,0,0,2,1,0,0,1,0,0,1,1,0,0,6,164,255,225,47,2,0,0,0,1,0,2,3,0,2,0,1,0,0,0,1,2,1,0,0,1,0,0,0,1,0,2,1,0,0,0,0,0,2,0,0,1,0,0,0,1,0,0,3,2,0,0,0,1,2,0,1,0,0,0,0,1,3,2,1,0,2,1,1,0,0,0,1,1,0,0,0,0,3,0,0,1,2,0,2,3,0,1,0,0,0,1,0,0,2,0,0,0,0
3,5,0,0,1,0,0,0,0,3,0,0,0,0,2,0,0,1,0,0,2,4,0,0,0,2,0,0,5,2,1,0,0,2,1,0,2,1,0,1,1,1,3,0,0,0,1,1,0,0,1,0,0,0,1,2,0,1,0,3,2,0,0,0,0,0,0,1,0,0,0,0,0,0,0,4,1,0,0,0,3,0,0,0,0,0,0,2,0,2,2,0,0,0,0,0,0,0,0,0,0,0,1,0,0,0,0,0,0,0,0,0,0,0,2,2,0,0,0,0,2,2,0,0,1,0,0,3,0,0,5,0,1,3,1,0,1,2,3,0,5,0,0,1,92,224,253,20,2,0,0,0,4,0,0,1,0,0,0,0,0,0,2,1,0,0,0,0,0,1,0,14,221,251,235,19,0,2,2,1,0,0,1,0,0,0,4,0,0,0,0,0,1,0,2,0,0,2,0,106,252,255,160,0,1,1,0,0,0,0,1,3,0,0,0,0,0,0,1,0,0,1,1,2,4,0,2,135,251,251,159,1,2,3,0,0,0,0,0,2,1,0,1,0,0,1,2,3,0,1,1,0,0,1,0,138,254,252,201,10,3,0,0,1,2,0,0,1,0,5,0,75,201,188,10,1,0,0,0,0,0,0,4,77,252,254,253,21,0,1,2,1,0,0,0,0,0,0,1,161,253,254,21,0,0,0,0,0,0,5,0,9,196,252,252,117,20,0,2,1,0,1,2,0,1,2,0,161,252,248,20,0,3,2,0,0,0,1,2,0,62,235,252,254,152,25,6,1,0,0,0,0,0,0,2,165,250,254,24,0,0,0,2,3,0,1,0,0,0,64,236,254,252,205,92,16,0,0,0,2,0,3,104,236,251,253,21,3,0,1,0,3,2,0,0,3,0,0,63,242,253,254,249,233,179,115,39,85,156,229,254,253,253,253,22,3,0,0,0,0,2,0,0,0,0,0,1,52,179,232,250,254,253,255,251,253,250,254,245,254,248,253,25,1,1,0,0,1,0,0,0,0,0,0,1,2,0,17,92,91,143,207,215,219,163,92,64,251,251,251,22,0,0,1,0,0,0,0,0,2,0,1,0,0,0,0,1,1,0,0,16,20,0,0,21,252,255,248,25,2,0,1,0,0,0,1,0,1,0,0,4,0,1,1,1,0,3,2,0,0,0,3,22,252,252,251,22,0,5,0,3,1,0,2,0,1,1,1,0,0,0,1,0,0,0,1,0,2,0,2,26,250,251,253,21,0,0,0,0,1,0,2,0,0,0,0,3,0,0,0,2,2,0,0,0,2,0,0,23,252,255,250,26,0,0,1,3,0,0,2,0,2,3,3,3,1,1,0,0,0,0,2,1,1,0,1,22,235,252,252,23,0,0,1,3,0,1,0,1,1,0,0,0,2,0,1,1,1,2,0,0,1,1,2,1,159,248,253,25,0,2,0,0,1,2,2,0,1,2,4,1,0,1,4,0,1,1,0,0,1,0,2,1,161,251,252,26,1,1,1,0,2,1,0,0,3,1,2,1,5,1,0,3,1,0,1,0,1,0,0,2,55,250,251,24,0,2,1,3,2,2,0,0,5,0,2,0,0,0,0,0,3,0,1,0,0,0,2,0,4,0,1,0,0,0,0,0,0,3,3,1,0,2,0,1,0,0,0,0,0,0,3,4,0,2,0,0,0,4,0,1,0,1,0,1,0,0,0,1,3,2,0,3,0,2,0,0,2,3,0,0,0,2,0,1,2,1,0,3,0,1,1,1,0
1,3,0,0,2,2,2,2,3,0,5,0,2,0,1,1,0,0,2,0,0,0,0,0,2,0,0,0,1,1,0,0,0,0,0,0,0,1,1,0,4,0,0,0,0,0,3,0,0,0,0,0,0,1,1,0,0,0,3,1,0,0,0,4,0,1,3,38,169,109,2,0,0,0,0,0,2,0,0,2,0,3,0,0,2,0,1,1,1,0,0,3,0,0,4,180,252,88,0,0,3,0,0,1,0,1,1,2,0,0,0,0,0,1,0,0,0,0,1,0,1,1,107,251,251,97,3,0,1,0,0,2,0,0,0,0,2,0,2,2,1,0,1,0,0,0,0,2,0,0,228,251,228,32,0,0,0,0,0,0,0,0,0,2,2,0,0,0,0,4,2,2,2,0,2,0,0,52,253,251,132,0,0,3,0,0,0,1,0,1,0,0,0,1,0,0,0,2,4,0,0,0,0,0,10,236,255,229,34,2,1,1,0,0,0,2,2,1,1,0,1,1,0,0,0,0,1,1,1,0,1,2,92,254,253,185,0,1,0,0,1,1,3,0,0,1,1,3,0,0,0,3,1,2,1,0,4,0,0,0,123,252,250,90,1,0,2,2,3,0,0,0,1,0,1,0,1,2,0,2,0,0,2,0,2,1,2,0,208,255,245,56,0,1,1,0,0,0,1,0,0,3,2,0,0,0,2,0,1,4,0,0,0,0,1,63,248,251,228,1,0,1,3,2,76,113,116,116,0,0,0,0,0,1,0,0,0,0,1,1,0,0,0,70,251,251,118,0,0,7,75,150,252,251,252,252,12,0,0,1,0,3,2,0,0,2,0,0,4,0,2,71,251,253,115,0,38,174,253,251,250,254,250,252,192,16,1,2,0,0,0,2,0,1,0,0,0,2,0,19,222,251,147,66,233,248,248,254,240,184,243,255,252,94,0,1,0,0,1,1,0,0,0,0,0,0,2,1,208,253,250,238,254,249,210,47,38,2,84,201,252,198,24,0,0,0,2,0,2,4,2,2,0,0,0,0,105,250,254,251,250,116,10,0,1,0,3,223,252,253,68,1,0,0,0,2,2,0,2,1,2,0,1,1,41,243,255,252,220,30,0,4,2,3,111,254,252,195,0,1,1,1,3,0,1,0,0,1,0,0,0,1,1,208,254,254,252,136,46,47,122,188,252,252,252,90,3,2,0,2,1,0,0,0,0,0,0,0,0,0,0,33,170,255,253,253,255,253,252,255,255,252,122,24,0,0,0,0,1,0,0,0,0,0,2,0,1,0,1,0,36,217,252,249,254,255,254,251,219,157,1,0,0,0,0,1,0,0,0,0,0,0,1,0,0,2,0,0,0,36,137,135,188,253,177,54,17,0,0,2,0,4,0,0,0,3,1,2,3,2,1,0,3,0,0,3,0,0,0,0,0,0,0,0,3,0,0,0,2,2,0,0,0,2,1,0,3,2,1,0,0,0,2,0,0,0,0,1,0,0,0,0,1,3,0,1,0,0,0,0,0,5,0,0,0,0,0,0,0,0,4,0,0,1,0,0,0,2,0,0,0,1,0,0,1,5,4,0,2,0,0,0,3,0,0,0,2,3,0,1,4,0,5,1,2,0,0,0,1,1,2,0,0,1,0,0,5,0,0,0,0,3,2,1,0,0,1,0,4,3,0,0,0,0,0,0,0,0,0,0,0,0,0,0,0,0,0,2,1,0,0,0,1,1,0,0,0,2,1,2,1,0,2,0,0,0,0,1,0,0,1,2,1,1
0,1,0,1,0,0,0,6,0,2,1,3,0,5,0,0,0,2,2,3,0,0,1,2,0,1,0,0,1,0,2,2,1,0,0,0,1,0,2,0,0,0,1,0,1,0,0,0,1,0,0,0,0,1,0,0,0,0,0,3,1,0,1,1,0,3,1,1,0,0,2,0,0,0,0,0,2,2,2,5,2,0,0,1,6,1,0,0,0,0,0,1,2,4,0,1,0,0,1,0,3,0,1,0,0,0,2,0,0,0,0,1,0,3,0,2,0,0,0,0,0,0,0,3,0,1,0,3,0,1,0,0,0,2,0,0,2,0,0,0,1,0,0,2,1,2,0,0,1,1,0,39,71,192,214,172,154,150,39,0,2,0,0,0,0,0,0,2,0,0,0,4,0,0,0,0,19,103,205,244,252,252,254,254,249,253,242,39,2,2,0,2,0,1,0,0,3,0,1,2,0,20,72,194,253,251,254,232,142,106,106,102,162,223,253,153,0,0,0,0,0,0,0,0,0,0,4,3,0,183,253,251,255,172,92,30,0,1,0,1,4,102,252,235,0,4,0,0,0,0,0,1,1,3,0,1,134,253,223,121,38,0,0,1,0,2,0,0,1,104,254,254,1,0,2,0,4,0,1,0,0,0,1,120,254,212,22,1,0,0,0,0,4,0,0,0,0,105,251,253,2,0,2,0,2,2,0,3,0,0,0,181,253,132,0,0,0,0,0,0,0,0,2,5,3,104,251,253,0,0,2,0,1,1,0,0,0,2,0,21,149,29,0,0,0,0,5,0,2,1,0,1,0,105,255,254,0,0,0,0,1,0,0,2,0,0,1,0,0,1,0,2,0,0,0,3,0,0,2,0,0,200,255,230,0,3,1,1,1,2,1,2,0,0,0,1,1,2,1,0,0,1,2,0,0,0,1,0,40,245,255,109,1,2,2,0,1,0,0,1,0,1,3,0,0,1,1,0,0,0,0,1,2,1,3,0,152,250,200,2,0,0,0,0,1,0,0,1,0,1,0,0,1,0,0,0,0,0,0,1,3,0,2,84,232,255,123,0,0,3,0,0,1,0,0,1,2,0,0,0,0,0,1,2,1,1,3,0,0,0,50,233,254,132,0,3,1,0,1,1,0,0,0,2,0,0,0,1,0,1,0,0,3,0,0,2,0,0,233,250,214,10,2,0,0,0,0,3,0,3,0,1,1,0,0,2,0,2,2,1,0,0,1,1,10,176,252,235,42,0,2,0,2,3,0,1,0,2,0,1,0,0,1,0,0,0,0,0,2,0,0,0,173,253,254,67,0,0,0,2,1,2,5,1,0,1,0,1,0,1,0,1,1,2,0,0,0,0,2,124,248,255,142,0,0,0,0,3,0,0,2,2,0,3,0,0,2,1,2,1,0,1,0,0,1,3,42,242,253,252,202,100,163,204,203,204,164,0,1,0,0,0,1,1,0,0,0,0,1,1,1,0,0,2,0,120,255,255,252,252,249,254,254,254,185,2,0,0,0,1,0,2,2,0,0,0,0,3,0,1,0,2,0,3,50,49,110,149,252,251,193,153,16,0,3,2,0,0,2,2,0,0,0,1,0,0,0,0,0,0,1,2,2,0,0,3,0,1,1,0,0,3,0,1,3,2,0,0,0,1,0,2,1,2,0,0,2,0,2,0,1,1,0,0,0,2,0,0,0,0,0,2,0,0,0,0,1,0,0,0,0,1,0,1,0,0,0,0,0,3,1,0,0,0,0,0,0,1,0,0,0,0,0,2
0,0,0,3,2,0,0,0,2,0,0,0,0,0,2,0,0,0,2,0,0,2,1,1,1,0,0,1,0,0,0,3,0,0,1,0,0,1,1,0,1,0,0,0,0,0,0,0,0,0,3,0,0,0,1,0,4,0,0,0,1,0,0,2,1,0,0,1,0,0,0,0,1,0,1,4,0,1,0,0,3,3,0,0,0,0,0,2,1,0,0,3,15,151,252,254,255,236,109,5,1,0,0,0,0,0,1,1,0,4,0,2,1,0,0,0,0,0,0,3,173,253,252,255,254,254,253,110,0,0,0,0,0,0,0,1,0,0,1,3,0,0,0,1,1,0,2,0,128,199,84,45,43,44,197,237,0,1,3,0,3,2,0,0,0,2,0,0,3,0,0,4,3,0,1,0,0,1,0,1,1,0,83,250,0,0,1,0,0,0,0,2,1,0,1,2,1,1,0,0,0,0,0,0,0,0,0,1,0,0,76,252,0,0,5,2,1,0,1,1,2,2,1,0,0,0,3,0,0,0,3,1,0,0,0,0,0,3,80,252,0,0,1,0,0,0,0,0,0,0,0,0,0,0,2,0,0,0,3,0,0,0,2,3,1,4,78,255,0,0,2,2,0,0,2,1,1,1,2,2,1,0,1,0,0,0,1,0,2,0,0,0,0,0,145,254,2,0,0,0,0,0,2,2,3,3,0,0,0,1,0,0,2,0,2,0,0,1,0,0,0,11,209,255,1,0,1,0,0,1,3,0,0,0,0,0,0,0,0,0,0,0,0,1,0,2,0,0,1,46,252,207,0,0,1,0,0,0,0,4,0,3,3,0,0,1,2,0,0,0,0,1,0,1,0,0,3,158,255,141,0,1,0,1,0,4,0,0,0,0,1,0,1,1,0,0,0,0,0,4,0,1,0,2,1,155,255,68,3,3,1,0,0,2,0,3,2,0,1,2,0,0,0,1,0,3,2,0,0,0,2,0,10,237,224,21,0,0,0,1,0,0,0,0,0,1,0,1,0,2,0,0,0,0,0,1,0,2,0,0,175,251,175,1,0,0,2,1,0,0,0,0,0,0,0,2,0,0,1,3,0,0,0,0,0,2,0,15,236,243,91,1,0,0,0,0,1,0,0,2,0,2,1,0,1,3,0,0,2,0,0,0,0,1,2,174,253,168,0,2,0,0,38,89,86,138,142,119,0,0,1,1,1,0,0,0,1,0,3,2,2,2,53,252,253,178,122,120,231,229,241,250,252,254,251,203,0,0,0,0,0,1,1,0,1,0,0,0,2,33,223,252,250,254,249,250,255,251,235,200,101,99,192,40,1,0,0,0,0,0,0,2,2,1,0,0,0,136,254,254,255,204,174,178,64,64,42,0,2,0,0,0,5,0,0,0,0,0,0,0,0,0,0,3,0,131,253,168,39,14,2,0,2,0,1,0,1,0,0,0,0,0,0,0,4,4,0,2,0,1,0,0,0,0,2,0,0,0,0,1,1,0,0,1,0,0,3,1,3,0,0,2,1,0,2,1,0,3,1,1,3,1,1,0,2,0,1,1,0,0,0,5,0,0,0,3,4,1,0,1,0,0,0,0,0,0,0,0,4,0,1,0,2,1,0,5,0,0,0,2,0,0,1,2,0,0,1,0,1,2,1,0,0,0,0,0,1,0,0,0,2,2,0,0,0,0,0,0,0,1,0,1,0,0,1,0,0,0,0,0,3,0,0,4,0,0,1,2,1,1,0,0,2,0,2,0,0,0,0,0,0,1,0,0
2,0,2,0,3,2,0,0,0,1,0,1,0,0,0,0,0,0,0,0,0,0,0,0,0,1,0,0,3,2,3,1,1,0,1,2,0,3,0,1,0,0,0,0,0,2,1,0,4,0,1,0,0,0,0,0,2,2,1,0,2,0,0,3,0,0,0,1,1,2,0,3,0,0,0,0,0,4,0,2,0,0,1,0,0,0,0,0,0,0,0,0,0,0,0,4,1,0,0,2,3,0,0,2,0,1,2,1,0,0,5,0,0,1,0,0,0,0,0,0,0,3,0,0,2,0,1,0,1,0,1,0,1,0,0,0,0,0,0,0,0,0,0,2,0,4,0,0,0,0,0,1,2,0,0,2,0,23,54,106,157,234,39,0,0,0,0,0,0,0,0,1,0,3,1,1,1,1,0,0,0,9,32,114,173,231,255,252,255,250,148,0,5,0,0,0,0,0,3,0,0,0,0,3,145,165,163,165,166,238,252,253,251,253,253,255,255,254,136,0,1,0,0,0,0,0,1,0,1,0,0,0,222,252,252,252,255,254,255,245,238,147,135,49,33,32,10,0,4,0,1,0,3,0,0,0,0,3,1,0,219,236,127,151,180,104,78,49,3,2,0,2,0,1,0,0,0,0,0,0,6,0,1,0,0,0,0,32,236,179,0,0,0,1,0,1,0,0,0,0,0,0,0,0,0,1,0,2,4,0,0,0,0,0,1,66,255,147,3,0,0,0,0,0,2,1,1,1,0,0,0,0,0,0,2,2,0,1,0,0,0,3,3,79,255,82,0,1,3,1,2,0,2,1,0,1,0,1,1,1,0,2,0,0,1,5,0,3,1,0,0,163,249,79,2,0,1,0,0,1,0,0,1,2,1,0,0,0,0,0,0,3,1,1,0,0,0,0,1,145,252,219,160,251,233,150,151,109,20,5,1,1,1,1,1,0,1,1,0,1,0,0,5,0,0,2,2,65,254,255,255,251,254,254,255,252,222,158,34,3,0,1,0,0,0,0,2,0,0,0,0,1,3,0,1,0,130,194,192,163,94,94,96,139,194,224,227,64,4,0,0,0,0,6,0,1,0,0,0,0,0,0,0,0,1,0,0,0,0,0,1,0,0,65,210,240,42,0,0,0,1,1,1,1,0,0,0,2,0,1,0,0,1,0,0,0,0,2,1,1,2,2,50,247,197,9,0,0,1,0,2,0,0,2,4,2,0,0,1,0,0,0,1,4,0,0,0,2,4,3,5,230,255,18,0,2,0,2,0,0,0,2,0,1,1,0,0,0,0,0,0,0,0,0,1,1,0,0,102,255,255,18,0,1,0,0,2,0,2,3,0,1,0,3,0,0,0,3,0,25,36,37,38,39,35,164,248,252,244,17,0,1,1,0,1,0,1,6,0,3,0,0,0,0,6,160,190,238,255,255,255,255,255,252,255,243,112,0,3,0,0,1,0,0,0,0,3,2,1,1,0,0,14,227,249,252,255,255,255,254,253,253,213,113,4,4,1,1,0,0,0,0,0,1,0,0,1,0,1,3,1,19,60,157,156,153,152,156,196,103,3,0,0,0,0,1,5,2,2,0,0,0,1,0,1,0,2,1,1,0,0,2,1,2,0,1,0,1,0,3,2,2,0,0,0,0,0,1,0,2,0,1,0,0,0,0,0,0,2,0,1,0,0,1,0,0,0,2,0,2,1,1,0,1,0,0,3,3,0,0,1,2,0,0,0,0,0,1,0,0,0,0,1,3,0,0,2,0,0,1,1,0,0,4
0,0,2,0,3,0,1,1,0,0,1,0,2,0,0,0,1,2,0,2,0,0,0,0,2,2,0,2,0,2,0,0,2,0,0,0,0,2,0,0,0,0,0,0,0,0,0,1,1,0,0,0,3,0,1,0,0,1,1,1,0,0,0,0,1,0,1,0,0,2,0,0,1,0,0,2,0,0,1,0,0,0,0,2,0,0,1,0,0,1,0,0,0,0,0,0,0,2,0,1,0,0,2,2,2,0,0,1,0,0,1,0,3,1,0,0,1,0,0,2,2,0,1,0,0,0,1,0,1,0,0,4,0,0,0,0,0,4,0,1,0,0,1,0,0,0,2,0,0,2,1,3,2,7,108,232,254,230,102,20,0,1,1,0,0,0,0,0,0,1,0,0,0,4,0,3,0,1,3,2,0,132,251,252,252,250,254,204,25,0,0,0,0,1,1,0,0,2,0,0,0,0,2,2,0,0,3,4,41,243,252,125,33,32,121,249,177,2,0,0,0,0,0,0,1,0,2,0,1,0,0,0,0,0,1,31,229,248,122,1,0,1,0,176,226,27,0,0,2,0,3,0,0,0,0,0,0,0,0,3,0,0,5,162,252,204,0,4,2,1,1,134,252,44,1,0,1,1,0,0,0,3,3,1,0,0,0,5,0,0,59,253,254,32,2,0,2,0,1,134,253,44,1,1,0,0,0,1,0,0,1,2,0,0,1,1,0,0,138,250,201,6,0,0,0,0,3,136,252,42,2,2,1,0,0,0,5,0,0,0,1,2,2,2,0,29,237,236,62,1,0,0,0,0,0,135,234,31,1,1,0,0,0,1,1,0,0,0,0,1,1,0,0,136,251,208,0,0,2,1,1,0,1,188,187,2,3,0,0,0,2,0,1,0,3,0,0,2,0,0,1,186,254,133,2,0,0,0,1,2,60,249,188,0,0,0,1,0,2,2,0,0,1,2,0,1,1,0,15,213,243,21,0,2,2,0,0,0,184,254,109,0,0,2,2,0,1,2,0,2,0,0,1,1,1,0,45,252,141,0,1,0,0,1,0,7,210,177,4,0,1,0,0,1,0,0,0,0,0,0,1,0,0,1,114,253,134,0,1,2,0,1,0,88,252,120,0,0,1,3,0,0,0,2,0,0,0,0,2,0,1,1,64,255,222,3,1,3,0,0,0,168,250,116,0,2,0,0,1,0,1,8,2,0,1,0,0,0,0,0,41,250,242,0,0,2,2,0,44,247,203,9,0,0,2,0,1,2,0,1,0,0,0,3,0,4,1,1,31,238,247,0,1,2,0,53,243,249,132,0,0,0,0,0,1,1,0,0,0,3,0,2,2,0,3,0,0,146,245,40,1,0,89,245,255,157,6,1,0,0,3,1,6,1,2,0,0,3,4,2,1,1,3,0,0,83,251,232,58,90,249,253,159,3,0,1,0,3,0,1,2,2,0,0,0,1,2,0,0,4,2,0,0,23,205,254,250,250,238,145,2,3,0,2,2,1,1,0,3,0,0,0,2,0,0,0,0,0,0,0,0,0,20,143,226,192,34,0,0,0,1,0,1,0,0,1,0,0,0,0,1,0,1,2,0,1,1,0,0,1,0,0,0,0,0,3,0,2,2,0,0,0,0,2,1,1,0,0,0,0,0,1,3,0,1,0,0,0,0,1,0,3,1,2,4,1,1,1,0,4,0,2,0,0,0,0,0,0,0,0,1,0,0,2,0,1,0,0,0,0,0,0,0,0,1,0,2,3,1,0,1,0,0,3
0,0,0,0,0,0,0,0,0,0,2,0,0,0,4,0,1,0,0,1,0,0,0,1,0,0,3,0,0,2,0,2,0,1,3,0,0,0,0,2,1,0,0,0,0,0,0,3,0,2,0,0,2,0,1,0,0,0,0,0,0,0,2,0,3,1,0,55,236,25,2,0,0,1,0,0,0,0,3,2,3,0,2,0,2,2,1,0,1,0,0,1,2,2,0,88,227,20,0,3,1,1,0,3,0,2,0,1,0,0,0,0,0,1,0,0,0,2,0,0,0,1,0,85,200,3,0,2,2,3,0,1,0,0,0,2,0,0,0,0,1,0,0,1,2,3,0,1,0,0,15,227,202,0,2,0,0,0,1,1,2,2,0,0,0,0,2,1,1,0,0,0,1,0,2,0,1,3,25,255,190,0,0,0,1,0,0,3,2,0,0,0,1,0,0,1,2,0,1,1,0,0,0,3,0,0,92,253,74,0,1,0,1,5,46,54,0,1,1,1,0,0,0,2,0,1,2,1,3,0,1,0,0,0,123,224,7,3,1,12,124,182,253,246,120,2,2,1,0,0,0,0,0,0,0,1,0,0,0,3,0,0,202,247,10,0,0,172,238,242,217,178,250,187,0,4,0,2,0,0,3,0,0,4,0,2,0,2,0,2,218,170,0,1,61,248,156,86,6,0,137,216,1,0,0,4,0,1,0,2,0,1,0,3,0,2,1,126,252,167,0,31,180,255,101,67,0,0,16,238,73,1,3,2,1,0,2,2,1,0,0,0,1,0,0,135,255,168,0,122,253,168,152,1,0,0,46,244,152,1,0,3,1,0,2,0,1,1,0,0,0,0,0,219,251,105,35,243,253,146,0,0,0,0,74,252,154,0,0,1,0,0,0,1,0,0,0,0,0,0,0,198,232,6,70,255,255,29,2,1,2,3,87,235,35,0,0,0,0,0,0,0,0,0,0,0,0,1,0,229,232,3,76,254,190,3,1,0,0,86,235,211,0,0,0,0,1,0,0,2,0,0,0,0,0,0,1,179,233,0,151,254,172,0,0,0,94,202,251,126,3,0,0,1,0,0,0,0,0,3,0,0,1,3,0,237,229,1,149,255,187,13,45,163,241,252,173,1,0,1,0,0,0,0,0,0,2,0,0,0,3,0,0,153,251,61,115,255,255,211,255,254,239,149,22,0,3,1,0,1,0,1,0,3,1,0,0,1,0,0,5,91,253,224,250,255,255,254,254,208,152,37,0,1,2,0,3,0,0,0,0,0,0,2,0,1,2,1,8,10,169,254,255,243,254,114,65,8,0,0,0,0,1,0,0,0,0,0,1,0,1,0,1,0,0,0,1,1,29,201,179,47,158,9,2,1,0,0,1,3,3,0,0,3,3,1,6,2,2,0,1,0,0,0,2,1,0,0,0,0,3,0,0,3,0,0,0,0,0,3,0,2,1,0,0,0,0,2,2,1,0,3,0,1,2,1,1,0,0,0,0,0,1,0,0,2,0,0,0,0,0,0,3,0,1,0,0,0,2,0,0,0,2,0,0,0,2,1,1,0,0,0,0,1,3,2,0,1,0,1,2,0,0,0,0,0,0,0,2,1,2,0,1,0,0,0,0,3,1,0,1,1,0,0,0,1,0,0,0,0,0,0,1,0,1,2,1,0,0,1,0,3,0,2,0,1,1,2,0,0,2,0,0,0,1,0,2,0,2,1,0,0,0,0,0,0,0,3,0,0,3,0,2,1,0,1,1,0,0,0,0,0,0,1
0,0,4,2,2,0,0,0,0,1,0,1,0,3,0,3,1,0,0,0,0,1,0,0,1,1,0,0,4,0,4,0,0,0,3,0,0,0,1,0,0,0,0,2,0,0,0,0,1,0,1,0,2,1,0,0,1,2,2,0,0,0,0,1,0,3,0,0,1,0,0,0,2,0,2,0,2,2,0,2,0,0,1,0,1,0,0,0,0,0,0,0,0,1,0,0,3,2,0,0,1,2,0,0,1,2,0,2,0,0,0,2,0,0,1,1,0,0,0,0,3,0,0,0,0,1,0,2,0,0,1,0,1,0,0,2,0,2,1,0,0,3,1,0,0,1,0,50,133,154,75,152,153,93,95,173,253,253,249,62,0,0,3,1,0,0,2,0,0,0,1,0,0,2,82,250,250,253,251,255,251,251,252,254,251,191,153,60,0,0,0,1,0,0,0,0,0,0,2,0,0,0,141,254,231,101,103,105,101,99,106,44,2,0,0,0,0,2,0,1,0,0,0,0,0,1,0,0,3,0,99,255,233,0,0,0,0,1,0,0,1,3,0,1,0,0,2,2,1,0,0,2,0,1,0,0,3,1,0,234,253,62,3,0,1,3,0,0,0,0,3,0,1,0,0,3,0,2,1,0,0,2,0,0,1,3,0,68,251,142,2,0,0,0,0,3,0,0,1,0,0,0,1,2,1,1,0,1,2,1,3,1,4,1,2,74,255,103,0,0,0,0,1,1,2,1,0,2,0,1,2,0,0,0,1,1,0,2,0,0,0,0,0,149,255,162,98,105,100,99,104,0,0,0,2,0,0,0,0,0,1,0,2,0,1,3,0,2,0,2,1,155,250,254,252,255,252,251,251,232,111,23,1,2,2,1,1,0,0,3,0,0,2,0,0,1,1,0,0,152,251,74,150,50,51,70,146,255,251,204,17,4,0,1,2,0,0,0,3,1,1,2,1,0,0,0,1,21,63,1,0,1,0,3,2,23,183,255,215,83,0,0,0,0,0,0,0,1,2,0,2,0,1,0,1,0,0,0,0,0,0,0,0,2,0,129,248,243,121,0,2,0,0,0,0,2,0,0,1,2,0,0,0,0,1,0,0,0,1,3,0,0,4,2,84,230,254,133,10,0,1,0,0,0,0,0,1,3,1,2,0,2,1,3,3,2,0,0,0,0,0,0,0,50,231,255,88,0,0,0,2,1,0,1,0,1,0,0,2,0,0,0,0,1,0,0,2,2,3,2,3,0,3,255,252,0,0,0,0,0,0,0,0,0,0,0,1,0,1,0,84,2,0,0,4,2,0,3,0,0,1,132,250,85,0,3,0,0,1,0,0,0,0,0,0,0,1,213,254,0,0,0,0,0,1,0,0,1,1,0,201,103,2,1,2,0,0,0,1,1,1,1,1,0,0,252,253,144,103,40,0,0,0,2,0,0,41,166,242,102,2,0,0,2,3,0,0,0,0,1,1,0,0,84,242,252,252,255,255,233,152,151,153,214,249,255,172,0,0,0,0,3,0,0,0,2,0,2,0,0,1,0,40,70,148,153,149,150,229,255,253,191,152,49,13,2,1,0,0,2,0,0,0,2,0,0,1,0,0,0,2,1,0,0,2,0,2,1,0,1,0,2,1,0,0,1,0,3,1,0,0,1,0,4,3,0,0,0,1,3,0,0,2,2,2,0,1,0,0,0,1,0,0,0,0,1,0,1,0,0,0,1,0,0,0,1,1,1,0,0,0,1,0,1,1,4,2,1,0,2,3,0,0,0
0,3,0,0,1,1,0,0,2,0,0,0,2,0,0,0,2,0,3,0,0,1,4,0,2,0,0,2,0,0,2,0,0,1,0,0,0,3,0,0,0,1,0,0,0,0,1,0,4,3,0,1,0,3,2,2,1,0,2,0,0,1,0,3,3,0,0,6,1,0,0,2,0,0,0,0,0,1,0,1,1,0,1,2,1,2,2,0,0,0,1,1,0,0,1,0,0,1,20,255,252,64,0,3,0,2,5,0,1,0,5,3,0,2,3,0,1,0,1,0,3,3,0,0,1,82,221,255,253,98,0,0,0,1,2,1,0,0,3,0,0,1,0,2,0,0,0,0,4,0,1,0,124,254,235,197,255,2,0,1,0,0,0,0,0,1,0,1,2,0,0,0,3,0,0,5,3,0,1,18,223,232,50,73,215,2,0,0,0,0,0,1,2,0,0,0,0,2,2,0,0,4,2,1,2,2,0,150,254,145,2,153,91,2,0,1,1,0,0,0,2,2,2,0,2,0,2,0,0,1,2,0,0,0,0,113,251,61,2,53,68,2,1,0,1,0,1,0,0,0,1,0,0,1,2,0,0,0,1,0,1,2,0,252,253,0,0,0,2,0,2,0,4,2,0,2,0,0,1,1,0,0,0,2,0,0,0,0,0,1,81,255,213,0,1,5,0,0,3,0,1,2,0,0,0,0,0,1,0,3,0,1,0,0,0,0,0,0,102,253,128,1,1,0,1,0,2,0,0,1,0,0,1,0,0,0,0,0,0,2,1,1,0,0,0,0,141,253,47,1,0,0,1,0,0,0,2,0,0,2,0,0,2,0,1,1,0,0,0,0,0,0,1,1,204,220,20,50,52,53,51,1,2,1,2,0,0,0,2,1,2,1,1,0,3,3,0,0,0,0,1,22,225,241,202,251,251,254,252,204,123,0,3,3,3,0,0,2,0,0,0,0,0,0,0,0,0,1,1,13,213,254,231,80,83,101,140,235,255,162,1,0,0,4,0,0,0,0,0,0,0,3,1,1,2,0,0,131,253,254,152,3,0,0,0,71,253,241,41,0,0,0,2,0,0,1,2,1,0,2,0,5,0,0,0,157,253,254,212,1,0,1,1,0,181,252,51,0,0,0,3,1,0,0,0,0,0,2,0,1,1,3,0,33,172,252,254,126,1,0,0,0,101,253,51,0,3,0,0,3,1,3,0,0,1,1,0,1,0,0,0,2,0,173,255,255,70,0,0,11,176,255,52,0,0,0,2,1,1,0,1,1,0,0,0,6,0,0,0,0,2,29,233,253,234,81,0,93,251,231,32,0,0,2,0,1,0,0,0,0,5,0,0,2,0,2,0,0,0,0,43,230,250,255,255,253,255,121,1,0,3,0,0,0,0,2,2,0,3,0,4,0,2,0,0,0,0,0,1,29,133,215,211,152,69,0,0,1,2,1,3,0,1,2,2,0,1,0,0,0,0,0,0,1,0,0,3,1,0,0,0,1,2,2,0,1,3,0,2,1,2,0,0,1,0,0,1,1,1,1,2,0,0,1,0,0,0,0,3,0,2,0,0,0,1,0,0,0,4,1,0,0,0,1,1,0,0,0,0,0,2,0,0,0,2,2,3,1,0,0,0,0,0,0,4,0,0,0,3,0,2,4,3,1,0,0,0,0,0,1,0,3,0,0,0,1,4,1,2,0,0,0,0,1,0,0,3,0,0,1,0,0,0,0,0,1,0,3,0,0,0,0,0,2,0,1,0,1,1,0,2,0,0,0
0,1,1,0,2,3,0,2,0,2,2,2,0,0,3,0,0,0,1,1,2,0,2,1,0,3,0,2,0,1,2,0,1,0,0,0,5,0,3,2,0,0,2,1,5,2,0,0,1,2,2,0,2,0,1,1,1,0,2,2,1,0,0,2,5,1,2,0,5,0,0,0,0,0,0,0,1,0,0,0,0,0,0,0,0,0,0,0,1,0,0,0,0,0,2,0,0,0,0,0,1,2,1,0,0,0,5,0,0,0,0,2,0,0,0,1,0,0,2,0,0,0,1,0,0,0,0,2,0,1,2,0,0,0,0,0,0,3,1,1,0,2,0,0,0,1,0,0,1,0,57,221,198,158,156,157,90,48,0,0,0,1,1,0,0,0,0,1,3,1,0,0,4,1,0,0,0,0,215,234,181,137,194,235,236,245,180,55,1,0,0,1,1,0,1,0,0,0,4,2,2,0,0,0,2,62,134,0,0,1,0,1,1,83,237,236,94,1,1,1,0,2,2,1,2,3,0,0,3,2,0,0,0,8,0,0,0,1,1,0,1,0,51,217,191,1,1,5,0,1,0,2,0,0,0,0,0,0,2,0,0,0,2,0,4,0,0,1,0,0,115,255,201,0,1,2,0,0,2,0,3,1,0,0,0,0,2,0,0,0,0,0,2,1,0,7,58,206,255,198,52,0,0,0,0,2,2,0,0,0,0,0,5,0,0,0,0,0,12,21,21,22,120,202,255,240,121,16,2,0,0,0,1,0,0,1,0,0,3,0,0,1,0,0,4,73,212,255,254,253,255,253,254,212,69,0,1,2,2,0,0,0,0,0,1,0,0,0,0,3,0,0,0,72,197,214,124,116,21,17,86,191,246,111,1,0,0,0,0,0,0,3,2,0,1,2,0,1,0,0,5,0,0,1,0,0,5,0,0,44,233,197,2,0,0,2,1,3,0,0,0,0,2,2,0,0,0,0,2,0,0,1,0,2,0,3,0,0,102,209,9,2,0,1,0,0,0,0,0,3,0,0,0,0,2,0,0,0,0,0,1,2,0,0,0,1,99,250,37,0,0,2,1,0,0,2,4,0,0,0,3,0,0,2,5,0,0,0,5,2,3,3,0,12,184,196,1,3,2,0,0,0,0,1,3,0,2,0,2,0,3,1,3,67,0,0,0,3,0,0,1,145,252,128,0,0,0,1,0,2,3,0,4,1,1,0,0,1,0,16,172,158,0,0,0,0,0,0,99,253,177,0,0,0,0,2,0,0,0,0,1,0,0,2,0,0,0,232,255,73,2,0,3,0,0,137,254,147,22,0,2,0,2,0,0,0,3,1,0,0,2,0,2,0,1,234,252,2,0,0,0,0,141,245,132,4,0,0,2,0,1,3,0,2,4,2,0,0,2,0,0,0,0,238,251,0,0,2,12,155,254,138,0,0,0,0,2,2,2,0,0,0,1,0,0,1,2,1,0,0,2,94,254,81,125,168,239,253,156,18,0,0,0,0,0,0,0,1,2,1,0,0,0,0,0,0,1,3,0,12,211,252,255,225,156,77,0,0,1,2,0,0,1,0,0,0,0,1,0,3,2,0,0,1,0,3,0,0,0,2,1,0,2,1,1,1,0,0,0,1,0,4,4,0,0,0,0,1,0,0,3,0,1,0,1,0,1,0,0,2,0,0,3,3,0,0,0,1,1,2,1,0,1,1,0,0,0,0,1,0,1,0,0,1,0,0,1,0,0,1,0,0,1,1,0,3,0,3,0,0,0,0,0,2
0,1,2,0,3,2,0,2,2,2,0,0,0,0,0,0,1,3,0,0,2,0,1,2,3,0,0,0,1,2,3,0,0,0,0,0,0,0,0,1,0,0,0,0,1,1,0,2,0,0,0,0,1,1,4,0,1,0,0,0,0,2,1,0,0,0,3,0,1,1,0,0,0,3,1,0,0,1,1,0,0,2,0,3,0,1,1,0,0,1,0,4,0,1,0,0,0,0,0,0,0,0,1,2,0,2,1,0,0,0,1,0,1,3,0,0,1,0,0,0,0,0,0,1,1,0,0,1,0,2,0,3,2,0,0,1,0,1,2,0,0,0,1,0,0,0,1,0,3,0,2,0,0,1,4,2,0,0,0,0,0,1,0,0,3,0,1,1,0,1,0,1,1,4,0,2,1,2,1,2,3,0,0,0,1,0,0,0,0,0,1,1,0,0,0,0,0,3,0,0,1,128,127,125,255,255,251,255,255,255,254,255,255,127,0,0,0,0,0,1,2,0,4,0,0,3,2,1,1,255,255,255,253,255,255,252,255,255,255,255,255,255,66,0,0,1,2,2,4,0,3,0,0,1,1,0,0,64,127,65,1,1,0,0,2,0,3,69,255,254,126,0,0,3,0,3,0,0,1,2,0,0,1,3,2,0,0,0,2,4,0,0,0,2,0,63,255,255,126,0,0,2,1,0,0,3,0,0,1,1,0,2,0,2,1,3,0,0,1,1,1,0,0,131,255,255,130,0,0,1,0,0,0,0,3,0,0,0,1,0,0,0,0,1,2,1,0,2,1,0,1,130,255,254,123,1,1,0,1,2,0,0,0,0,3,1,2,0,1,2,3,2,0,0,2,2,0,3,0,129,254,253,127,1,3,0,0,0,0,2,1,0,1,1,1,0,0,1,2,1,0,2,4,0,0,0,1,126,255,252,126,2,0,0,0,1,3,2,0,3,0,3,0,0,0,0,0,0,1,0,0,0,0,0,4,129,255,255,126,2,0,0,1,1,0,0,2,0,1,3,0,1,1,2,1,0,3,1,0,0,1,0,0,126,255,254,1,2,0,0,0,0,0,0,0,2,0,0,0,1,0,0,0,0,0,1,3,0,0,0,0,191,255,255,1,2,0,0,2,0,4,0,0,0,4,0,0,1,0,0,0,0,0,0,0,0,2,0,0,255,255,255,2,0,0,0,2,3,1,0,2,1,2,0,0,0,1,0,5,0,3,0,6,0,4,2,1,255,253,125,0,0,4,0,0,1,0,1,0,0,0,5,0,0,2,1,1,0,1,0,0,3,5,0,0,255,255,126,2,4,2,0,0,0,0,0,2,1,1,3,0,1,0,0,0,1,1,0,0,0,1,1,0,255,255,127,1,2,0,2,0,1,1,0,2,0,0,0,0,0,0,0,3,0,2,0,4,1,1,1,61,254,255,128,0,5,0,0,0,0,0,0,2,2,2,1,1,0,1,0,0,1,3,0,0,2,0,2,126,253,255,190,0,0,2,0,3,1,0,1,1,1,0,3,1,2,3,2,0,0,0,0,0,1,0,0,0,255,255,254,64,0,0,0,0,2,2,0,0,0,0,2,1,0,3,0,0,0,0,0,1,0,0,0,0,255,253,255,127,0,0,2,0,0,1,0,0,1,2,0,0,0,1,0,0,0,1,0,0,0,3,2,0,191,255,125,0,0,1,2,0,0,2,0,0,1,0,1,0,0,3,1,4,0,0,0,1,0,0,0,0,0,0,0,0,0,4,5,0,1,0,3,0,0
0,1,1,0,0,0,0,0,1,0,1,0,1,0,2,0,0,0,2,1,2,0,1,2,0,2,0,0,0,0,0,1,3,2,0,0,1,2,3,0,3,4,1,0,0,1,1,1,0,0,2,2,3,0,2,0,0,0,0,0,0,1,0,3,0,2,2,0,0,0,3,2,0,0,3,0,1,0,0,0,0,0,0,0,0,1,0,0,2,0,0,14,26,15,2,4,0,1,1,0,0,0,1,3,0,0,2,0,2,1,0,0,1,0,0,2,0,1,160,215,254,218,164,97,49,13,0,2,0,0,0,0,0,0,0,0,0,1,1,0,0,0,0,0,0,0,251,253,251,255,249,255,252,203,88,7,0,4,0,0,0,4,0,0,1,3,0,0,0,2,0,2,1,0,108,161,158,159,156,255,252,253,251,158,43,0,1,0,0,0,0,1,1,2,0,0,0,1,0,1,0,0,0,0,0,1,0,89,157,249,253,251,223,5,1,0,0,0,0,0,0,3,2,1,0,3,1,2,1,1,3,0,0,1,2,0,0,35,227,255,231,0,0,0,1,0,2,2,2,2,2,1,0,2,0,2,2,0,2,1,0,1,1,0,0,2,208,251,232,0,0,0,0,1,0,2,0,2,0,0,3,0,0,1,0,2,1,2,3,0,4,3,2,84,243,253,232,0,0,1,0,4,0,0,0,0,0,0,2,0,0,2,0,2,4,0,3,0,0,0,37,237,250,249,136,2,1,0,0,2,0,1,0,3,0,0,0,0,1,0,0,3,0,0,0,0,0,1,47,251,252,254,15,0,0,0,1,1,0,0,3,3,0,1,0,1,0,0,0,0,0,0,0,0,0,1,170,254,252,137,0,1,0,0,0,2,0,0,1,0,0,1,0,0,0,2,0,1,1,1,2,0,2,100,251,254,255,65,0,0,0,0,0,0,1,0,0,1,0,2,0,0,0,0,1,0,0,0,0,0,0,223,252,253,151,8,1,1,1,0,0,1,0,1,0,0,0,1,0,0,0,0,1,0,0,0,0,0,136,252,250,224,28,0,1,3,0,0,2,0,2,0,0,0,2,0,0,0,0,0,0,1,0,0,0,5,232,251,254,78,0,2,1,3,32,116,116,178,231,235,233,178,0,0,0,2,0,0,3,1,1,0,2,63,244,254,255,82,118,138,255,252,255,255,253,255,254,254,237,73,0,0,1,0,0,1,3,5,2,0,16,218,252,255,252,250,252,252,254,249,253,254,207,207,186,94,16,2,0,0,0,2,0,0,0,0,0,0,68,252,255,254,252,251,252,250,251,210,101,69,0,0,0,0,0,2,0,1,0,0,0,0,0,0,0,3,45,236,252,253,196,129,45,45,47,16,1,0,0,0,2,0,0,0,2,0,2,0,0,0,0,2,3,0,1,18,21,25,7,0,0,1,2,0,1,4,0,2,4,0,0,1,2,0,0,0,0,4,0,1,0,2,0,1,0,1,0,1,0,0,2,3,3,0,0,0,0,0,1,0,1,3,0,0,1,0,0,3,0,0,0,0,0,2,1,0,1,0,0,0,1,1,0,1,2,2,0,2,0,0,1,1,1,0,0,0,0,1,1,2,0,0,0,1,0,3,0,1,2,3,2,0,0,0,2,0,1,0,0,1,0,0,0,0,0,3,1,0,0,1,0,0,0,1,3,1,3,0,2,0,0,0,0,0,0,1,1,0,3,0,1,0,1,1,0,0,0,0,0,2,0,0,0,3,0,2,0,0,0,4,1,3,1,0
0,1,0,3,2,0,0,0,0,1,0,2,0,1,0,0,0,0,3,1,0,0,0,1,2,2,0,1,0,0,2,1,0,0,0,0,0,0,0,0,1,1,3,2,2,0,2,0,0,3,0,3,0,0,2,0,1,2,0,0,2,1,1,0,0,1,0,0,0,2,0,0,1,1,0,0,0,0,1,0,0,0,2,1,0,2,1,0,4,0,0,2,0,0,0,0,1,0,0,0,0,0,0,0,0,1,2,0,0,0,1,0,0,0,0,0,0,0,1,37,117,211,252,186,65,0,0,0,0,0,2,1,0,3,2,0,2,2,0,0,2,4,2,1,0,0,0,204,252,252,195,210,249,183,70,0,2,1,1,0,0,0,1,0,0,2,1,3,1,0,0,0,0,0,0,217,254,183,19,23,100,247,242,113,26,1,1,0,0,0,1,0,0,0,3,0,0,3,0,0,0,1,75,245,213,19,2,0,0,121,252,251,198,25,0,0,0,1,0,0,1,1,0,0,0,0,0,2,1,0,96,254,198,0,0,0,5,29,196,243,253,205,102,1,0,1,0,2,0,0,4,1,0,0,0,0,0,0,97,255,191,0,1,3,0,0,2,75,189,240,252,101,3,3,0,0,0,0,0,0,0,0,0,0,0,0,95,253,60,1,1,2,0,1,0,0,0,2,186,250,32,0,0,2,0,0,2,4,2,0,2,0,0,0,96,253,61,1,1,3,3,0,0,1,0,1,1,240,205,21,0,4,0,0,2,1,0,1,0,1,0,0,97,253,63,1,0,0,1,1,0,0,2,0,0,24,221,181,0,1,0,3,2,0,1,2,0,0,2,0,98,254,62,2,0,0,0,0,0,0,0,0,0,0,182,244,61,0,0,1,0,1,0,0,0,0,2,0,98,254,63,0,0,0,0,0,1,0,0,0,3,0,83,252,176,3,5,0,0,2,0,0,0,0,2,2,97,253,58,0,1,1,4,0,1,1,0,0,0,0,29,216,209,1,0,2,0,0,3,0,0,0,0,1,43,231,140,0,1,1,0,0,0,1,1,1,2,1,0,199,213,3,1,0,5,1,1,0,0,0,0,0,2,213,197,3,0,3,2,0,0,0,0,0,0,0,38,225,253,98,1,2,4,0,1,0,0,0,0,0,0,212,199,1,0,2,3,0,0,1,0,3,0,0,138,253,181,58,2,0,0,0,1,2,0,2,2,1,0,170,244,117,0,0,2,1,0,0,1,0,0,91,248,231,49,0,0,0,0,0,0,0,3,3,3,1,0,20,206,250,116,0,0,1,1,0,0,0,30,138,251,160,0,0,0,0,0,3,0,0,0,0,0,0,3,0,60,173,250,109,45,4,2,0,8,49,214,254,242,42,2,0,0,0,1,0,0,3,1,0,0,2,0,0,3,16,175,242,255,172,161,159,168,255,253,235,86,0,1,0,0,2,0,0,1,3,0,0,0,0,2,0,1,1,0,60,116,167,255,253,252,251,117,8,0,3,4,0,1,1,0,0,0,0,1,0,1,2,0,2,1,0,3,3,0,0,1,0,2,0,0,1,0,3,0,0,0,0,2,0,0,1,2,0,0,0,0,0,1,1,0,4,0,1,1,0,0,0,0,1,0,0,3,0,0,0,0,0,0,1,0,0,0,1,0,2,1,0,0,3,0,4,3,0,1,0,3,0,0,0,0,0,3,0,0,1,0,1,2,0,4,0,0,0,2,0,0,0,1,0,2,0,3,2,0,1,0,2,0,0,0,0,2,1
0,2,0,0,1,0,0,0,0,0,0,0,0,1,0,0,0,0,1,0,1,0,0,0,2,0,0,0,1,0,0,0,1,0,0,0,0,0,0,0,5,3,0,1,0,0,1,2,0,1,0,0,4,1,1,1,1,2,0,0,1,0,1,2,0,0,0,1,0,0,0,0,0,2,0,3,1,0,1,0,0,2,0,1,0,0,0,1,0,0,0,1,1,0,0,0,3,0,0,0,0,1,0,3,0,0,1,1,0,2,0,0,1,0,0,2,1,0,0,0,0,0,1,0,0,0,0,0,1,0,0,2,2,0,1,0,0,0,0,1,3,0,0,0,0,3,2,0,3,2,1,1,25,175,255,255,253,253,120,1,0,0,0,0,0,0,0,0,0,0,4,3,0,0,1,0,0,0,0,8,197,253,251,251,252,253,251,157,1,0,1,0,0,0,0,1,1,0,1,1,0,0,0,0,0,34,130,227,252,251,252,238,253,250,251,231,32,0,2,0,0,0,0,0,0,1,1,4,0,0,0,0,70,255,251,252,236,188,114,29,236,250,254,255,63,0,2,0,1,0,1,0,0,1,1,0,0,0,0,24,211,253,252,153,111,0,2,116,248,250,164,215,8,0,2,0,0,0,0,2,0,0,1,0,3,0,1,129,251,254,153,0,0,0,5,201,252,218,21,0,1,0,1,0,0,0,1,1,2,0,0,2,1,0,1,169,253,188,15,0,0,0,77,251,211,84,2,0,0,1,0,0,0,2,0,0,1,1,1,0,3,1,0,171,250,159,1,2,0,55,243,253,233,41,0,0,0,1,0,0,0,0,0,1,0,0,0,0,2,0,1,99,251,238,132,7,2,132,250,196,174,28,0,1,1,0,0,1,1,0,0,1,0,0,1,1,1,0,1,11,173,253,252,149,99,245,252,167,0,2,2,1,4,0,2,3,0,0,1,0,0,0,1,0,1,1,1,0,0,128,247,253,254,252,229,28,0,1,1,2,0,1,0,0,0,0,0,0,2,0,1,2,1,1,2,0,0,0,48,236,250,251,211,2,0,0,2,0,0,0,0,2,0,0,0,0,0,0,1,0,1,0,0,1,3,2,7,234,250,253,252,198,136,162,72,3,0,0,0,1,2,2,0,0,0,0,3,0,0,0,3,1,0,1,108,254,250,202,198,250,253,183,114,26,0,1,0,4,4,2,1,1,0,4,0,1,0,0,0,3,1,39,242,250,115,6,6,86,137,221,252,154,0,0,0,0,0,0,0,1,0,0,0,1,1,0,1,0,0,45,254,248,69,0,0,1,0,25,152,255,124,0,0,0,0,0,0,0,2,3,0,0,1,0,0,1,0,40,253,231,0,0,2,2,0,2,40,254,170,3,4,0,1,0,0,1,0,0,0,2,0,0,0,0,2,140,252,231,25,14,0,16,28,154,243,246,121,0,0,0,0,4,0,2,0,0,0,1,1,0,2,0,0,79,250,250,254,221,169,231,252,255,253,185,37,0,0,0,0,0,0,0,1,0,0,0,2,3,0,0,0,27,183,201,190,148,194,222,197,147,102,18,0,0,1,1,3,0,0,2,0,0,0,0,1,0,2,1,1,1,2,0,2,0,0,0,1,0,0,2,0,0,0,3,3,2,1,0,0,3,1,1,1,0,0,2,3,1,0,1,0,0,0,0,0,1,2,0,0,0,3,0,0,0,1,1,0,3,1,0,0,0,0,0,0,0,0,2,3,0,0,5,2,0,0,0,0,0,0,2,1,0,0,1
0,0,1,0,0,2,0,0,3,0,1,0,0,0,0,0,0,1,0,0,0,0,0,0,1,0,0,3,0,0,0,1,0,1,0,0,3,1,0,0,0,2,0,0,1,0,1,0,0,0,2,0,0,1,0,0,0,1,0,0,2,3,0,0,1,2,0,1,0,0,0,1,0,0,0,0,0,0,0,0,1,0,0,0,0,1,0,2,4,2,2,2,3,1,3,0,0,0,0,0,0,0,3,0,0,0,3,1,0,1,2,1,1,1,0,0,2,0,0,0,0,2,0,0,0,0,2,0,0,0,0,0,2,0,1,1,0,3,0,0,0,0,2,3,0,2,0,4,0,0,0,55,131,235,151,81,0,1,1,1,2,0,0,0,0,0,1,0,0,0,0,2,2,0,0,0,1,7,86,247,245,246,255,243,207,45,1,1,0,0,0,0,0,2,1,2,1,0,0,0,0,0,3,0,20,203,255,254,60,18,88,169,255,229,45,0,0,3,2,0,0,1,0,0,0,0,0,3,0,0,1,0,75,255,215,114,53,1,3,8,129,254,220,5,0,1,0,0,2,0,2,5,0,0,0,0,0,2,4,0,74,255,168,0,4,0,0,3,11,229,255,73,0,0,0,4,3,1,0,1,0,1,1,0,0,2,0,2,65,249,176,2,1,0,0,1,2,172,251,72,0,0,1,0,2,0,0,0,0,0,3,1,1,0,2,1,2,227,252,47,0,0,0,0,0,171,253,75,0,4,0,0,4,0,0,0,1,0,1,2,0,4,0,4,0,81,255,230,104,1,0,2,32,250,254,72,0,0,0,0,0,1,0,0,2,0,0,2,0,0,1,0,1,8,161,255,253,137,55,22,168,255,237,18,0,2,0,1,0,0,1,3,1,0,0,0,0,0,1,0,0,0,4,115,241,254,254,253,253,243,67,3,0,1,0,0,0,0,3,1,1,0,0,0,0,1,1,0,0,3,1,3,120,250,251,253,250,70,0,0,3,1,0,0,0,1,0,0,2,1,4,0,0,0,1,0,3,0,42,117,233,253,254,251,247,54,0,2,0,1,3,0,1,0,0,1,0,0,0,3,0,1,0,0,0,34,247,253,239,179,56,129,255,174,0,0,0,2,0,0,1,1,1,2,0,0,0,1,0,4,0,1,0,126,253,133,21,0,2,43,243,255,59,0,1,0,0,1,1,0,0,0,0,0,2,1,0,0,0,0,0,42,253,114,0,2,0,0,34,214,233,39,1,0,3,2,0,3,0,0,0,0,3,0,3,2,0,0,3,10,205,241,40,0,0,1,0,172,255,77,0,0,0,0,0,0,0,0,0,1,2,1,3,0,0,0,0,0,172,255,147,0,0,0,1,181,243,37,1,0,1,0,1,2,2,0,0,1,0,0,0,0,1,4,0,0,22,205,229,74,0,1,50,254,194,2,0,0,0,0,2,0,0,1,2,1,0,4,1,0,0,0,0,0,0,78,242,250,205,144,235,253,113,0,3,0,0,0,2,0,0,2,0,0,0,0,3,1,1,0,1,0,0,0,81,213,254,255,253,159,9,0,1,1,0,0,0,0,0,0,1,0,1,1,1,0,0,4,0,1,0,0,0,3,1,0,0,1,1,6,2,0,2,1,2,0,0,0,0,0,0,0,0,0,2,1,0,0,1,1,0,0,3,0,0,0,1,0,0,0,3,0,0,0,0,3,0,1,0,0,2,2,2,1,1,2,1,1,0,0,1,2,0,1,0,0,0,3,0,0,2,1,1,0
1,0,0,0,1,0,4,0,1,2,2,0,0,2,2,0,1,0,0,0,0,3,0,0,0,0,1,0,0,1,1,0,0,0,0,0,4,1,1,1,0,0,0,0,1,0,1,2,1,1,0,0,0,3,0,1,1,1,0,1,0,0,0,0,0,2,4,1,1,0,1,0,0,0,0,0,3,0,0,1,0,0,0,0,1,0,0,0,0,5,3,1,0,0,0,3,0,0,1,0,0,0,3,0,1,0,1,0,1,0,0,1,0,0,0,1,1,0,0,2,0,0,3,0,0,0,0,0,3,0,0,2,0,0,0,0,1,3,1,1,0,1,2,0,0,0,0,1,0,0,0,0,0,6,15,13,15,12,16,88,133,133,136,132,135,132,76,1,0,0,0,1,0,1,0,0,2,0,0,1,55,181,253,255,252,253,252,249,254,253,255,253,254,253,171,2,3,0,3,0,0,0,3,0,1,1,0,57,233,252,252,254,254,254,235,220,218,218,124,96,95,98,6,0,0,1,0,0,0,0,0,0,0,0,32,230,253,251,234,93,80,85,35,0,0,1,0,3,2,0,0,1,0,0,0,0,2,1,0,0,2,7,152,254,252,162,46,0,3,2,0,0,1,0,3,0,0,2,1,1,4,0,0,1,0,0,0,0,1,130,253,253,160,14,4,2,0,0,0,3,0,0,1,2,0,0,0,0,2,0,0,0,0,0,2,4,20,234,253,231,40,0,0,0,0,1,1,1,1,0,3,0,0,0,1,0,0,0,0,2,1,2,0,5,170,252,234,63,2,0,0,1,2,1,0,2,0,0,2,0,0,0,0,1,1,4,0,0,0,0,1,14,253,254,205,0,2,0,0,2,2,3,0,0,0,0,0,1,0,0,0,0,0,0,1,2,0,0,0,9,204,250,251,153,28,1,0,0,0,1,0,2,0,0,0,3,1,0,0,0,2,0,0,2,0,1,1,1,68,199,255,253,255,252,146,22,7,0,3,0,0,0,0,2,0,0,1,3,0,1,0,0,0,1,0,0,2,68,130,230,249,253,253,251,201,13,2,0,0,0,0,0,0,0,0,0,1,0,0,1,0,0,3,2,0,2,0,0,72,136,229,253,250,198,19,0,0,0,0,4,1,0,0,2,1,0,2,2,0,1,0,0,0,0,0,0,2,0,34,136,254,255,188,1,0,0,2,0,0,0,0,0,1,1,1,0,0,0,0,29,0,0,0,1,1,3,3,2,183,251,225,0,0,0,0,0,2,2,0,2,3,0,2,2,4,0,2,225,123,29,0,0,0,2,2,119,249,255,230,0,0,0,0,0,0,0,1,1,0,2,2,2,3,0,0,119,254,148,28,0,0,28,131,248,254,247,94,0,0,3,0,0,0,0,2,1,1,2,1,0,0,0,0,8,212,254,208,127,218,230,255,253,252,143,5,3,0,2,0,1,0,1,0,0,1,0,0,2,0,0,0,1,21,211,252,252,251,253,251,204,85,1,2,1,0,2,2,0,1,2,0,0,2,0,0,0,0,0,2,0,0,8,35,134,134,135,75,21,0,1,0,0,3,0,0,0,1,1,2,0,3,1,1,1,0,1,2,0,3,0,1,3,0,0,2,0,0,0,1,0,3,0,0,0,1,0,0,1,0,1,0,2,0,2,3,1,0,0,1,0,3,0,0,1,0,0,2,1,2,1,0,0,0,1,3,0,2,0,0,1,0,1,2,0,0,0,0,0,0,2,0,1,1,1,0,0,0,1,0,0,0,0,2,2
1,1,3,1,0,2,3,1,0,1,0,2,1,0,0,2,0,3,1,0,0,2,0,0,1,0,0,1,0,1,0,0,1,0,1,0,0,0,0,2,1,0,1,1,2,0,3,2,2,2,0,0,0,0,0,2,0,1,0,0,2,0,0,1,0,0,0,1,0,0,0,1,4,0,4,0,0,3,0,0,3,0,0,2,0,5,0,1,2,0,1,3,0,1,0,1,1,2,0,2,1,0,3,0,0,2,0,2,0,0,0,0,0,0,1,0,3,3,1,0,0,0,2,2,0,0,0,1,1,0,0,0,0,0,0,0,0,1,0,0,0,1,0,0,0,0,0,0,1,2,3,0,1,1,0,0,3,0,1,1,2,0,0,1,0,2,0,3,3,0,0,0,2,0,0,0,0,0,0,0,63,19,0,46,227,139,0,0,0,1,1,0,0,1,2,2,0,0,0,4,0,0,0,0,2,2,0,22,206,135,0,147,255,224,0,0,0,0,0,0,0,1,0,0,0,3,2,2,1,0,2,0,0,0,3,78,254,103,0,148,255,220,0,1,0,0,0,0,0,0,1,3,0,3,3,1,0,0,1,0,0,0,6,195,255,97,0,145,255,220,1,0,0,0,0,0,1,0,3,0,2,0,0,0,0,3,0,3,0,2,111,255,253,4,0,147,255,221,2,2,0,1,1,0,0,2,0,2,0,1,1,0,0,4,1,0,1,3,151,253,222,0,0,147,254,219,0,1,0,0,0,0,0,0,0,3,0,0,0,0,0,0,0,0,2,112,251,254,95,3,0,146,253,223,0,0,0,2,3,1,0,1,0,3,0,1,0,0,0,0,4,1,0,178,254,207,35,0,0,147,255,221,3,0,0,0,0,0,1,0,1,1,0,5,0,1,1,0,1,2,20,242,254,255,234,213,215,237,253,235,75,0,1,0,0,0,0,0,1,0,1,0,0,0,0,0,0,0,23,238,232,255,255,255,255,254,255,252,175,0,0,5,2,2,0,0,0,0,1,0,0,2,2,1,2,0,0,33,33,52,52,74,74,169,253,229,36,0,4,2,1,0,0,2,1,1,0,0,0,0,0,0,0,0,2,0,3,0,0,0,0,146,254,224,1,2,1,3,1,0,1,0,0,4,2,0,0,2,0,0,3,2,2,1,0,0,2,0,2,144,253,188,2,0,0,0,0,1,0,1,2,0,0,0,1,0,1,0,0,0,1,0,1,0,2,0,1,144,254,108,2,0,4,0,2,0,1,0,1,0,0,0,2,1,0,0,3,1,0,0,0,0,2,0,0,147,254,49,0,0,0,0,0,2,0,3,0,0,0,0,3,0,0,0,0,0,2,0,1,4,0,1,2,196,255,26,0,3,1,0,1,0,0,0,0,0,0,0,3,2,0,1,0,0,1,0,2,0,0,0,2,249,252,15,0,0,0,0,0,0,0,0,1,2,0,4,0,0,1,1,2,0,0,7,0,1,0,4,0,252,251,15,1,0,0,1,4,2,0,2,3,1,0,1,2,3,3,0,0,1,1,0,0,1,0,0,2,247,168,0,0,1,0,0,2,1,2,0,3,0,1,0,0,1,0,0,0,1,0,1,0,0,0,0,0,188,56,0,0,0,2,0,0,0,1,2,0,0,1,0,0,0,3,1,0,1,3,0,0,0,1,0,0,0,0,2,0,0,0,0,1,0,0,0,2,0,0,0,0,0,1,2,0,0,0,2,0,0,0,3,2,5,3,3,0,0,0,1,1,0,3,0,1,4
2,0,1,0,1,0,1,0,2,2,1,0,0,0,0,0,0,0,0,0,0,0,0,0,0,3,0,3,0,3,0,0,2,1,0,0,1,1,1,1,0,1,0,3,0,0,2,0,0,2,1,0,1,0,0,2,0,1,0,0,0,0,0,0,0,0,2,1,0,1,1,0,1,0,0,0,3,0,1,0,1,0,0,0,0,0,0,0,0,2,0,1,0,1,4,1,1,0,0,0,1,1,0,0,0,1,0,0,1,0,0,0,0,2,0,1,2,1,0,2,0,0,1,0,1,5,3,0,0,0,0,0,3,3,0,0,1,0,0,1,0,2,0,2,0,0,1,1,0,0,0,1,2,3,213,171,0,0,0,0,0,0,0,0,0,0,3,0,2,0,0,0,0,0,0,0,1,0,1,1,0,0,254,253,0,2,0,0,0,0,0,0,0,1,1,0,0,0,0,0,1,1,0,0,0,2,2,0,0,0,233,253,102,0,0,2,0,0,2,0,1,1,0,4,0,1,0,1,0,0,0,0,0,0,1,3,2,2,154,251,101,0,0,0,3,0,1,0,2,1,4,0,0,2,1,0,0,0,0,1,2,1,0,0,0,1,213,252,39,0,0,0,0,0,1,0,1,4,0,2,0,0,0,0,1,0,0,0,1,2,0,0,1,0,254,250,1,0,0,0,2,0,4,5,3,0,1,0,2,0,0,0,1,0,0,0,0,0,0,0,3,43,255,255,0,0,3,0,0,0,2,2,0,0,0,1,2,0,0,0,0,0,0,2,0,0,0,0,1,79,254,251,2,2,3,0,1,1,3,3,0,1,1,0,1,1,0,0,0,2,0,1,2,3,2,0,0,100,249,254,0,1,0,0,0,2,0,3,1,1,1,4,2,1,0,0,0,3,1,1,0,0,0,0,0,105,253,211,2,2,0,0,3,2,0,3,0,0,0,1,1,0,2,3,0,0,0,1,0,0,1,1,2,101,252,152,2,1,0,1,0,0,2,1,0,0,0,0,1,0,0,2,0,0,3,0,0,0,1,1,0,104,253,151,0,0,0,1,1,0,0,0,0,2,0,1,0,0,0,0,0,0,1,1,0,2,0,4,1,203,253,48,0,1,2,0,0,0,0,0,2,0,0,0,2,3,0,3,2,1,0,1,2,0,0,0,23,221,231,28,2,2,1,0,1,0,1,0,0,0,1,1,0,0,1,0,0,0,0,2,0,2,1,2,72,252,203,3,1,2,0,0,1,0,0,1,2,3,4,0,0,1,2,0,0,0,0,0,1,0,0,0,153,253,207,1,2,3,0,0,0,0,0,0,0,4,2,0,1,0,2,0,0,0,0,1,3,0,1,0,155,255,102,2,4,0,0,2,0,0,1,0,0,0,1,2,0,0,1,0,0,1,0,0,2,0,0,2,231,251,19,0,2,0,0,1,0,0,0,0,1,0,2,0,0,2,0,0,0,1,2,2,0,1,0,22,255,190,0,0,0,0,1,0,0,0,1,0,2,0,0,1,1,0,0,0,0,1,1,0,0,0,0,19,252,114,0,0,0,0,0,0,3,1,0,0,0,0,1,5,0,0,2,0,0,0,0,2,1,0,1,0,1,1,1,3,0,0,2,2,0,0,3,1,1,4,4,0,0,0,0,1,0,0,0,0,0,0,0,1,0,0,0,3,0,1,2,0,0,1,0,0,0,1,0,0,1,0,2,1,0,0,0,4,1,0,0,0,0,0,0,0,3,1,1,0,0,0,0,0,0,0,0,0
1,0,4,0,2,0,1,0,0,1,0,1,4,0,1,0,2,1,1,0,0,1,2,0,2,1,0,0,0,0,0,0,0,0,2,3,2,1,0,2,0,1,0,0,0,0,0,0,2,2,1,0,0,0,0,1,2,0,0,0,2,2,0,0,1,0,0,2,0,0,0,0,1,3,0,0,1,5,2,0,2,0,0,1,2,0,1,0,0,0,0,0,0,0,0,3,4,0,0,0,0,0,1,0,0,0,0,1,0,0,0,1,2,0,0,0,0,1,1,0,0,1,5,0,1,6,193,66,0,0,0,0,0,0,0,0,0,0,0,0,0,0,0,0,4,0,0,0,0,2,0,1,2,1,142,249,11,0,0,0,1,0,0,0,0,0,3,0,2,0,0,0,2,0,0,0,0,2,0,0,0,16,240,253,13,2,0,0,2,0,0,0,0,1,0,2,1,3,0,2,1,5,0,0,0,0,1,0,0,18,250,254,15,0,0,2,0,0,0,2,1,1,0,0,2,2,0,0,0,0,0,0,1,0,2,0,0,12,254,254,12,1,1,0,1,1,0,0,0,0,0,2,1,1,1,0,2,1,0,1,2,3,0,1,0,15,255,255,13,1,0,2,2,0,1,0,0,4,0,0,0,1,0,0,0,2,0,0,1,3,0,0,3,5,192,251,13,0,0,2,2,0,0,0,0,0,0,0,0,0,0,5,1,0,0,4,0,2,1,3,0,28,254,255,99,0,0,2,0,1,0,0,2,1,0,0,1,0,0,0,0,0,3,2,0,1,0,0,17,207,251,254,70,4,1,1,1,1,0,0,0,0,3,1,1,0,0,0,0,0,0,1,0,0,0,0,26,255,254,255,11,0,1,0,0,0,0,0,0,1,3,1,2,0,1,2,0,0,0,0,1,1,4,0,26,255,253,64,0,0,0,1,0,0,0,3,3,3,0,1,0,2,0,0,0,0,0,3,0,0,1,1,27,255,255,135,0,0,0,0,2,0,1,1,2,2,0,2,0,0,3,0,0,0,0,1,0,0,2,0,28,253,255,62,2,1,1,2,0,1,0,0,4,0,0,2,0,1,2,0,0,0,0,0,0,0,1,0,13,194,253,135,0,3,0,2,0,0,0,0,0,0,1,0,1,0,0,1,1,1,0,0,0,0,0,4,25,255,255,134,0,0,0,0,0,0,1,0,0,2,2,2,2,0,2,0,3,3,3,0,0,3,3,2,8,176,254,31,3,0,0,0,1,0,0,1,1,2,1,1,0,0,0,1,0,0,0,3,2,0,0,1,6,166,255,0,1,0,3,3,1,0,3,0,1,0,0,1,0,0,2,0,2,3,0,2,0,0,1,0,28,253,255,75,0,0,1,0,0,0,0,1,0,3,0,3,0,0,0,3,0,0,5,1,1,1,1,0,15,193,249,2,0,2,0,0,0,2,1,0,0,0,0,0,0,2,0,0,0,0,0,0,0,0,4,1,2,149,118,0,0,0,0,0,1,0,2,0,0,2,0,0,0,0,0,1,0,0,0,0,2,0,0,3,0,0,0,2,1,0,1,2,0,0,0,2,0,0,0,0,0,0,1,1,3,1,4,0,0,0,0,2,4,0,1,1,0,0,0,0,1,2,0,0,4,2,0,2,3,0,0,0,2,0,0,1,0,0,4,1,0,0,0,0,0,2,0,0,0,0,2,0,1,0,3,0,0,0,0,0,0,0,2,5,0,0,0,0,0,0,4,0,0,0,1,1,0,0,0,0,0,3,2,3
3,0,2,0,1,0,1,0,0,1,0,0,0,3,1,0,0,1,1,0,0,1,0,0,3,3,0,0,2,0,4,0,2,0,0,1,0,0,0,0,1,1,0,1,1,0,0,0,0,0,2,0,0,4,2,2,0,0,0,1,0,0,0,0,1,0,2,0,1,0,0,0,0,0,0,0,0,0,0,2,2,0,3,0,0,3,0,0,1,1,0,0,3,0,2,0,2,0,0,3,0,0,1,0,1,0,1,0,2,0,1,0,0,2,2,1,0,0,2,0,0,0,0,0,1,0,0,0,0,0,0,0,0,1,0,0,0,0,0,1,0,1,0,0,0,0,0,0,0,2,3,2,1,2,0,0,0,3,0,1,0,0,0,0,0,0,0,2,2,2,0,4,0,0,0,0,0,0,0,48,0,0,0,0,0,2,81,195,60,0,0,2,0,0,0,0,1,0,2,1,3,0,1,0,0,0,93,249,114,0,4,0,0,1,81,254,154,2,0,1,1,0,0,0,2,1,0,0,0,2,0,0,1,2,149,255,172,4,0,0,0,1,172,255,154,1,3,0,0,1,3,0,2,0,0,3,5,0,0,3,0,18,210,254,117,1,1,1,1,0,170,255,152,1,2,0,1,3,0,1,0,2,0,0,1,0,1,2,2,97,251,228,15,0,0,2,0,1,167,255,153,4,0,1,2,2,0,1,0,3,4,1,0,0,0,0,18,238,254,109,0,1,2,0,0,8,224,255,153,0,0,0,0,0,1,0,2,0,3,0,0,0,3,3,176,254,254,43,0,0,3,0,0,30,253,255,98,3,1,0,0,2,0,2,1,0,2,2,0,0,0,5,222,255,165,15,20,16,0,0,3,106,255,217,10,0,4,0,0,0,0,0,1,2,0,2,0,0,0,92,255,252,211,212,254,242,176,148,35,137,253,118,0,0,3,1,0,2,2,0,0,0,0,0,1,0,0,207,255,252,255,255,254,218,255,252,246,252,255,122,0,1,1,0,2,1,0,0,0,0,0,0,3,1,0,253,254,251,221,63,49,14,48,79,53,211,253,119,0,0,0,2,3,0,2,0,0,0,2,2,1,4,2,221,255,103,0,1,0,0,0,0,0,205,254,121,0,0,0,2,0,0,0,0,2,2,0,0,0,1,0,34,71,6,0,0,2,2,2,5,7,211,253,33,1,0,0,0,0,2,1,0,3,0,3,0,0,3,0,0,2,1,1,0,0,2,0,2,44,253,250,23,0,0,0,0,4,0,0,0,2,0,0,0,0,2,0,0,1,0,3,0,2,0,2,0,109,254,85,0,0,3,0,0,0,0,4,2,1,2,1,1,0,0,0,0,0,0,1,0,0,1,0,2,228,255,83,1,1,0,2,0,1,0,1,0,0,0,2,2,1,0,1,0,0,0,1,0,0,0,1,0,238,255,84,3,0,0,1,1,0,2,0,0,0,0,1,1,0,1,0,2,0,0,0,0,0,0,0,0,234,255,86,1,0,3,2,0,1,1,1,0,1,2,0,0,0,0,3,0,0,0,1,1,3,0,2,0,187,253,88,0,3,1,1,0,0,2,4,1,2,0,3,0,0,0,2,0,1,2,0,0,0,0,0,1,89,194,51,0,0,1,0,3,0,0,1,0,0,0,0,1,0,1,1,1,0,0,0,0,0,0,0,1,1,0,0,1,0,1,1,0,0,0,0,0,0,0,0,0,1,2,2,0,0,0,1,0,0,0,2,0,0,0,0,3,0,1,0,0,0,0,0,0
0,3,0,3,0,0,1,2,0,1,2,1,0,1,2,0,2,2,0,0,1,0,3,0,0,0,0,1,0,0,0,0,0,0,0,0,1,2,0,0,0,3,2,0,1,0,0,0,0,0,0,0,0,1,2,0,0,1,0,0,0,0,0,0,0,0,0,2,1,0,0,0,0,0,0,1,1,0,0,1,2,0,1,1,2,1,1,3,2,0,0,2,0,0,0,0,0,4,2,0,0,2,0,3,1,0,0,1,0,0,2,3,3,3,0,3,4,0,1,0,1,3,2,2,0,7,9,2,0,0,0,0,0,55,12,0,0,1,3,1,0,0,0,0,2,0,0,0,0,0,5,33,159,252,251,127,0,0,1,0,0,223,203,13,0,0,0,0,2,0,1,1,0,2,0,1,1,94,214,254,253,254,238,111,0,0,0,0,2,100,252,136,0,0,0,0,0,0,2,0,0,0,1,2,108,255,253,250,204,84,0,0,0,3,0,0,0,1,239,207,16,1,0,0,0,0,1,3,0,1,0,109,252,255,215,79,1,1,0,0,0,0,2,0,0,2,236,254,144,1,1,2,0,1,0,5,5,0,107,253,254,218,34,4,0,4,0,5,0,0,0,1,1,0,155,254,251,0,1,0,1,0,4,0,3,9,255,255,239,31,2,1,0,0,0,0,1,0,0,0,2,1,113,252,253,0,0,0,0,0,0,0,0,8,252,251,143,0,0,0,0,1,0,0,0,3,0,1,1,0,38,248,255,0,0,0,0,0,2,0,0,97,255,242,32,0,1,0,0,0,1,0,0,0,0,3,1,0,0,243,253,0,0,1,0,0,0,1,0,131,255,236,0,0,0,0,0,1,0,0,1,2,1,2,0,0,2,245,255,0,2,0,3,0,0,3,0,230,255,142,0,2,0,0,0,1,1,3,0,0,2,2,1,0,0,243,254,2,3,0,0,0,0,2,1,219,255,207,0,0,2,0,1,0,0,0,0,2,0,1,0,0,0,243,255,0,0,3,2,0,0,0,0,130,249,240,34,2,0,0,0,0,0,1,0,0,0,1,0,2,37,247,214,0,2,0,2,0,1,0,0,92,253,253,145,0,2,0,0,1,0,1,0,0,3,0,1,1,216,254,129,0,1,0,0,0,1,1,0,9,255,255,249,128,2,1,0,2,1,2,0,1,0,0,2,42,243,250,129,3,0,0,0,0,2,0,0,1,106,249,254,252,83,2,1,0,0,0,0,0,0,0,37,225,254,210,16,1,0,1,2,3,0,1,1,0,5,154,255,253,224,88,0,0,0,0,0,0,0,39,225,255,255,83,0,2,1,1,0,0,0,0,0,0,0,9,102,255,255,249,149,35,0,0,0,0,135,244,255,255,98,4,0,1,0,3,0,0,1,4,0,2,0,1,15,148,255,253,252,251,241,244,245,244,253,253,207,85,0,3,2,0,0,2,1,0,2,0,1,0,0,1,2,2,4,6,2,11,7,5,7,7,5,7,2,1,0,3,0,1,0,2,0,1,0,0,0,2,0,0,0,0,1,2,0,0,0,0,1,0,0,0,0,0,0,0,0,3,0,2,2,0,0,0,0,0,0,0,0,0,0,0,0,3,2,2,0,0,0,1,0,0,0,2,0,0,0,0,1,3,0,2,0,0,3,0,2,2,0,0,0,3,0,0,0,0,3,1,0,0,0,1,0,1,1,0,1,0,0,1,4,0,0,0,1,0,1,2,0,0,0,0,3,0,0,0,0,0,0,2,1,0,2,0
0,0,0,2,0,3,0,1,3,2,3,2,1,0,1,1,3,0,2,1,2,0,0,3,3,0,0,0,0,0,0,1,1,1,1,0,1,0,0,2,0,0,0,1,2,2,5,0,0,3,0,0,2,0,0,1,0,1,0,0,0,0,0,1,0,2,2,1,4,0,0,1,0,0,2,0,0,0,0,0,0,2,0,0,2,1,1,0,0,0,0,0,1,0,0,0,1,0,1,0,1,0,0,3,2,0,0,1,0,0,0,0,1,1,0,4,1,1,3,0,0,0,4,2,1,0,0,0,0,0,0,1,0,0,0,0,0,0,0,4,0,0,0,1,6,0,0,0,0,2,0,0,3,4,0,0,1,0,1,0,1,0,0,1,0,0,0,0,2,1,2,3,0,0,0,1,1,0,3,0,0,0,2,1,0,4,0,1,0,0,0,0,0,6,1,1,0,1,3,0,0,22,153,208,168,58,59,26,0,1,0,3,3,1,0,0,0,0,0,1,0,0,0,1,0,1,77,212,242,243,255,229,250,248,253,247,240,160,71,72,19,2,0,1,0,2,0,0,1,2,1,1,0,0,200,252,211,184,141,71,75,58,60,121,190,186,243,253,236,114,39,1,0,0,0,0,0,0,4,3,3,0,44,201,163,0,0,0,1,2,1,0,4,0,16,58,143,239,211,67,0,0,0,0,0,1,0,0,0,2,0,21,11,4,0,0,0,2,0,1,1,0,2,7,35,174,255,182,111,22,0,3,0,0,0,1,0,2,0,0,2,0,1,1,0,0,0,0,2,2,73,230,242,254,255,234,255,68,0,3,0,0,2,0,1,1,1,3,1,0,1,4,0,1,2,2,0,1,100,253,255,210,235,106,89,3,0,2,3,0,0,0,0,0,0,0,0,0,0,0,3,0,0,0,3,1,6,163,248,73,25,0,0,1,0,2,0,2,1,0,0,1,1,2,0,0,0,1,1,0,0,1,3,0,2,18,148,226,175,11,1,0,0,2,1,1,0,0,1,2,1,0,0,0,0,2,1,0,0,0,0,1,1,2,3,74,243,193,47,0,2,2,0,0,3,2,1,0,0,0,0,0,0,3,0,1,0,2,5,0,0,3,0,2,41,220,176,22,0,0,1,0,2,0,0,0,0,0,1,0,0,5,0,2,2,1,0,0,1,1,0,12,93,238,255,225,0,0,0,1,0,0,3,2,0,1,0,4,2,3,1,0,0,3,2,1,3,28,120,222,254,254,246,151,0,0,2,1,2,2,0,1,0,0,0,0,0,1,0,2,0,0,0,58,147,243,254,251,255,239,100,0,0,0,0,0,1,1,1,0,1,1,0,1,0,2,2,0,0,90,158,242,253,251,215,157,124,19,0,1,2,1,0,3,0,0,0,2,0,0,1,0,1,1,1,0,1,14,145,191,149,76,41,1,0,0,0,0,2,3,3,1,0,0,2,0,2,1,0,0,1,0,2,0,0,2,0,0,0,0,1,1,1,2,2,0,1,2,0,0,0,0,3,2,1,0,0,0,0,1,0,0,1,0,3,0,0,0,0,0,0,0,0,0,1,2,0,1,1,0,0,0,3,3,0,0,1,0,2,0,0,0,2,0,0,0,2,0,0,3,0,2,1,1,0,0,0,0,0,0,1,1,1,0,3,1,0,2,0,0,0,5,2,1,0,0,0,1,1,3,0,0,0,0,0,3,1,0,0,5,0,0,5,2,2,3,0,0,0,2,0,0,0,0,0,0,1,0,2,1,3,0,3,1
0,0,0,0,0,3,1,0,0,0,0,0,1,0,0,0,0,1,0,1,1,2,0,3,0,0,0,0,0,0,0,3,0,2,0,0,2,3,0,1,2,0,3,1,2,0,0,0,0,2,0,0,2,0,4,0,1,0,0,0,3,0,0,0,1,0,0,0,0,0,2,1,0,2,0,0,0,0,0,0,0,0,0,1,0,2,3,0,2,0,0,0,2,3,0,0,1,0,0,0,0,1,1,3,0,0,1,0,0,0,0,0,2,0,1,0,2,1,2,0,0,0,2,0,0,0,1,0,1,1,1,0,0,0,1,0,0,3,0,0,1,0,0,0,0,0,0,1,0,1,0,64,125,193,192,63,0,0,1,1,0,1,0,0,4,0,2,0,4,1,0,0,1,2,0,0,129,190,252,255,255,255,254,254,192,0,0,0,0,0,0,2,0,1,3,0,1,0,2,1,0,0,0,255,255,255,255,255,255,255,187,255,255,127,0,0,1,3,0,2,0,0,0,0,0,2,1,0,0,2,2,252,250,253,255,126,65,0,129,250,255,189,0,0,2,1,1,0,0,1,4,0,0,0,1,2,2,1,0,0,131,126,0,0,0,0,193,255,253,189,0,2,0,1,2,2,0,0,2,3,0,0,0,1,2,0,2,0,1,2,0,0,61,255,255,253,254,61,1,0,4,2,1,0,1,1,0,0,1,0,0,0,0,0,2,0,1,3,1,64,255,253,255,255,0,0,0,1,3,2,1,0,0,4,2,0,0,0,0,2,0,0,0,0,1,126,192,255,254,255,255,251,129,0,0,1,0,0,1,0,0,0,0,0,0,1,1,0,0,3,0,0,192,255,254,253,255,255,253,253,254,191,1,0,0,2,2,1,0,0,0,1,0,0,2,0,4,1,0,1,255,255,253,255,255,250,255,255,255,251,255,0,0,0,0,0,0,0,0,0,0,1,0,1,0,0,0,2,130,253,255,255,255,252,129,129,128,255,253,192,0,0,0,0,3,0,2,0,1,0,0,0,0,1,0,3,63,130,128,61,0,3,1,0,0,132,255,254,126,0,0,2,1,2,1,0,0,0,0,0,2,2,0,0,0,0,4,2,1,1,0,0,0,63,255,252,127,0,1,0,0,2,0,0,1,0,0,3,0,0,3,0,1,0,1,0,2,0,0,1,0,129,254,255,255,2,0,0,2,2,2,0,0,0,0,1,1,0,0,0,2,0,1,0,0,1,0,0,3,191,254,255,254,3,0,2,0,3,1,0,0,2,0,0,1,1,2,0,0,0,130,0,0,2,65,127,255,255,255,253,128,0,0,0,1,0,1,2,2,1,0,2,0,0,2,2,0,0,255,255,129,127,255,254,255,255,255,187,1,2,2,0,1,0,2,0,0,0,0,0,0,2,0,1,1,3,191,254,255,254,252,255,254,252,128,0,0,0,0,0,0,4,0,1,0,1,0,4,0,0,0,0,4,0,2,190,255,255,255,253,254,63,1,1,0,1,0,1,3,0,1,0,0,1,0,0,0,0,2,0,0,0,0,0,0,190,133,66,1,0,0,1,0,0,1,2,1,2,0,0,0,0,1,2,0,1,1,0,0,5,1,0,0,2,0,2,1,0,1,0,0,1,0,0,1,0,0,1,0,1,1,0,0,0,0,1,2,1,0,0,0,0,0,0,0,0,0,1,2,0,0,1,1,1,2,0,1,3,0,0,0,1,0,1,0,0,2,0,0,3,1,0,0,0,1,0,0,1,0,3,0,2,2,0
0,0,0,1,0,3,1,0,1,1,0,2,1,0,3,0,0,0,0,0,0,0,0,5,1,0,0,0,3,1,0,6,0,0,0,0,0,3,1,0,0,1,2,1,0,0,0,0,0,4,1,0,0,0,0,0,2,0,1,1,1,1,1,0,0,0,0,1,0,2,0,2,0,0,1,0,2,0,0,0,0,1,0,0,0,0,0,1,0,0,0,2,0,2,0,2,0,0,0,0,0,0,0,1,2,0,0,0,2,1,0,0,5,0,1,3,0,2,2,0,0,0,1,0,0,0,1,0,0,0,0,0,0,0,4,0,3,2,2,3,0,2,0,3,0,0,0,0,1,0,1,0,2,2,0,0,0,1,0,3,0,0,0,1,3,0,0,0,0,1,1,0,1,3,2,0,2,1,2,0,1,0,0,0,1,1,0,0,0,0,2,0,1,0,1,0,2,0,0,3,0,0,0,139,230,253,255,254,175,223,227,251,251,255,171,0,0,0,0,2,0,0,0,2,1,0,1,0,3,0,88,249,198,169,170,173,229,200,172,169,172,197,255,89,0,3,0,0,0,2,0,1,3,2,0,0,0,0,27,57,1,0,2,0,0,0,0,0,0,86,253,28,0,0,0,4,0,3,0,0,0,0,0,1,1,2,0,0,0,0,0,0,0,0,0,0,2,115,196,2,0,1,0,0,0,1,0,0,0,2,1,4,0,1,0,3,1,1,0,3,1,0,0,2,2,224,170,0,0,1,1,1,0,2,2,0,0,0,0,0,2,0,0,2,2,0,0,0,2,0,2,0,87,255,119,1,1,3,0,0,3,0,0,1,1,0,0,1,0,0,1,1,1,0,0,0,0,0,0,2,87,255,57,0,0,0,0,0,0,2,1,2,0,0,0,0,0,1,0,1,0,4,0,0,1,1,1,1,169,199,0,0,1,0,0,5,1,1,3,1,1,0,0,0,3,0,0,0,0,0,1,1,0,0,2,34,255,170,0,1,0,0,1,0,0,2,0,3,2,3,4,0,4,2,3,1,1,0,2,0,1,0,0,87,255,55,1,0,0,0,0,2,0,4,0,3,2,0,0,0,0,0,2,0,0,0,0,0,1,0,3,141,225,0,1,1,0,2,0,1,3,0,2,0,0,0,0,0,0,3,0,0,0,0,0,2,0,0,26,253,167,1,0,1,3,3,2,3,0,0,1,1,1,0,0,1,0,2,0,0,0,0,0,3,0,0,115,255,83,0,0,3,0,0,0,0,2,1,3,2,0,0,1,1,3,2,1,0,0,0,2,1,2,1,226,200,0,1,1,1,2,0,3,4,0,3,0,1,2,0,1,0,1,0,1,1,0,0,0,3,2,32,253,168,2,1,0,1,0,0,1,0,0,3,2,0,1,1,0,1,0,0,0,2,0,0,2,2,3,115,254,30,0,0,1,0,2,0,0,1,1,0,0,0,1,0,0,1,0,2,1,0,0,1,4,0,0,228,168,0,3,2,0,3,0,0,0,2,0,0,0,0,0,0,2,1,1,0,1,3,0,0,0,1,85,255,87,0,0,0,1,1,0,0,3,0,0,0,0,1,0,3,0,0,0,0,0,0,1,1,0,2,224,253,88,1,0,0,0,2,2,0,2,0,0,0,0,1,0,2,0,0,0,1,1,0,0,0,0,0,228,169,27,0,0,2,0,0,0,0,0,1,0,0,3,2,2,3,1,2,0,2,0,3,2,0,0,2,1,2,2,0,0,0,2,1,0,3,3,3,0,0,1,0
0,2,2,1,0,3,0,1,0,1,0,0,0,0,1,0,0,0,1,0,0,4,0,1,0,0,1,0,0,4,0,0,2,0,1,0,0,5,0,0,0,0,2,1,1,1,0,0,1,1,0,0,0,1,5,1,2,0,0,1,2,3,0,1,0,0,1,0,0,2,1,0,20,132,209,254,254,46,0,0,1,1,0,0,0,1,2,0,0,2,0,0,0,1,0,3,0,1,10,93,255,251,255,239,230,46,0,0,0,1,0,1,0,0,0,0,0,0,1,3,0,3,0,0,0,12,198,255,250,215,134,28,0,0,0,0,1,0,0,0,0,2,0,1,0,2,0,1,0,0,0,0,65,208,254,252,125,0,1,1,4,0,0,2,0,0,1,0,0,0,0,0,0,0,0,3,2,0,0,49,196,254,254,124,0,0,0,0,1,2,5,0,0,0,3,0,0,0,3,0,0,1,0,0,1,4,22,224,255,254,69,0,0,0,0,0,1,1,0,0,0,0,0,0,2,0,1,0,0,2,2,0,0,23,190,251,220,118,3,0,0,1,0,1,0,0,0,2,0,1,0,0,0,0,2,3,0,0,0,0,0,108,250,255,111,3,1,0,0,0,0,0,0,0,1,0,0,0,0,0,0,0,0,0,0,0,1,0,98,245,252,174,4,0,1,0,0,0,0,0,1,0,2,0,0,0,4,0,0,0,1,0,1,0,1,17,212,253,253,51,0,1,0,0,1,0,2,4,0,1,0,0,1,4,0,0,1,2,1,2,0,0,0,43,253,248,115,0,1,1,0,1,2,3,3,2,13,3,1,1,1,0,1,0,1,0,2,0,1,1,0,161,251,194,1,0,0,1,0,0,1,101,144,171,255,127,16,0,1,1,0,0,0,0,0,0,0,0,17,217,255,118,0,0,0,0,39,99,164,255,253,253,253,251,170,9,0,5,2,0,0,1,0,0,3,0,23,254,252,73,3,0,20,101,250,255,253,255,200,84,130,253,254,26,0,1,0,2,0,0,1,0,0,4,28,254,252,75,0,19,135,253,251,218,69,73,22,11,172,254,234,18,1,0,3,1,0,0,1,0,0,2,24,253,255,165,0,177,251,254,184,32,2,0,48,176,254,251,159,0,0,1,1,1,0,1,1,0,1,1,16,221,255,212,123,242,254,216,10,0,7,88,199,252,253,184,29,1,0,3,0,0,4,0,0,2,0,0,3,57,252,255,252,250,254,187,103,160,222,255,252,229,153,48,0,2,1,1,1,0,0,0,0,1,0,0,2,5,105,221,250,253,254,252,250,253,251,252,179,108,0,0,0,0,0,3,0,0,0,0,0,0,0,1,1,2,2,40,165,249,250,255,255,191,120,9,5,0,0,0,6,1,2,4,2,2,0,0,0,0,0,0,1,0,0,0,0,0,0,0,0,0,0,0,0,0,2,0,1,2,3,1,0,0,0,0,0,0,2,0,0,0,0,0,2,0,0,0,0,0,3,0,0,0,0,3,0,3,3,0,1,2,1,0,1,0,0,0,0,0,0,3,0,1,3,0,0,0,1,2,3,0,0,0,1,0,2,0,0,0,0,1,0,0,0,0,1,0,2,1,1,0,2,0,0,1,0,0,2,1,2,1,0,0,0,1,2,1,0,0,0,0,0,1,0,0,2,1,0,2,0,0,0,0,0,0,0,0,1,1,2,1,0,1,0,1,0,0,0,0,4,1,0,1,0,0,0,0,1,0,0,0,0,0,0,0,0,0,1,0,1,1,0,1
1,1,0,0,0,2,0,0,0,0,0,3,0,1,0,2,0,0,0,3,2,0,0,2,0,0,0,0,5,0,0,0,0,0,3,0,4,0,0,0,1,0,0,0,0,1,2,2,0,0,1,2,2,2,1,0,3,0,0,1,0,2,0,0,0,0,1,0,0,2,0,1,2,1,0,2,7,0,0,0,0,0,0,0,1,2,0,0,0,2,0,0,0,0,2,0,3,2,0,0,1,0,0,0,2,1,1,0,0,2,0,0,0,2,0,3,0,0,0,2,0,1,0,1,0,0,1,88,118,1,0,0,0,2,0,1,1,1,2,3,0,0,0,0,1,4,0,1,0,1,0,1,0,1,0,206,194,0,0,1,3,1,2,3,0,0,0,0,1,2,0,0,1,0,0,4,0,0,1,0,0,0,52,255,166,4,0,0,0,0,1,0,1,0,1,6,0,0,0,3,0,0,2,0,0,0,0,0,1,0,58,254,94,0,1,1,0,1,0,0,0,0,1,2,0,0,2,0,0,0,0,0,4,0,0,0,0,0,151,255,95,0,1,1,0,0,0,2,2,0,1,2,0,1,0,0,1,0,0,2,1,1,0,0,3,0,199,255,97,1,0,0,0,1,0,1,2,3,0,1,1,1,1,1,0,1,0,0,0,0,0,0,0,1,248,255,98,0,0,1,0,2,0,0,0,0,0,3,1,0,0,2,1,0,0,0,0,0,0,0,1,16,252,252,6,0,4,0,0,1,0,2,0,1,0,0,0,0,0,0,0,0,4,0,0,0,0,2,1,95,254,171,2,1,0,2,0,1,2,0,0,2,3,0,0,1,1,0,0,0,1,1,2,2,0,2,0,154,255,51,0,2,0,0,0,1,0,2,0,0,0,0,0,0,0,0,0,3,0,1,1,0,0,0,1,199,254,51,0,3,0,0,2,2,2,0,0,1,2,1,0,3,0,0,1,0,0,0,3,2,1,0,39,255,254,50,0,0,0,1,0,2,0,0,3,0,0,0,1,3,0,0,0,0,0,1,1,2,0,0,39,250,212,8,0,2,0,1,0,0,0,0,2,0,0,2,0,0,0,0,2,0,2,0,1,0,0,1,40,255,178,2,0,0,0,0,0,0,2,2,2,0,0,0,0,0,0,0,0,0,0,0,5,2,0,1,42,255,104,3,0,0,1,0,0,0,0,0,0,0,2,0,1,0,0,0,1,0,2,0,1,0,0,4,41,253,105,3,0,0,0,0,2,0,0,0,0,0,0,0,0,0,1,0,4,0,0,0,0,0,0,1,43,255,117,0,0,0,2,3,1,0,0,1,0,3,0,0,0,0,2,0,1,3,0,0,0,0,2,1,40,255,204,0,4,0,0,0,1,0,0,4,0,0,1,0,0,2,1,1,2,2,3,1,0,0,0,0,34,245,203,0,1,2,2,0,0,0,0,0,3,3,0,0,2,1,1,0,0,2,0,1,0,0,1,0,1,156,225,19,1,0,0,1,0,1,0,1,0,0,0,0,3,0,0,0,0,0,1,0,0,2,0,0,0,0,0,0,4,0,0,1,0,0,0,2,3,0,0,0,0,0,0,0,3,1,2,0,0,0,4,0,0,0,2,0,0,0,4,3,2,3,0,0,0,0,0,0,0,0,0,1,2,0,0,0,0,0,0,0,0,1,2,0,1,0,0,0,0,0,0,2,0,0,0,1,2,0,0,3,1,2,1,0,1,0,3,0,0,0,0,2,0,0,1,0,0,1,0,0,0,0,2,0
0,0,0,0,0,0,1,1,0,0,0,4,1,0,1,0,0,1,1,0,0,3,1,0,1,1,3,0,0,1,0,2,0,1,0,0,0,3,0,0,0,4,2,0,2,0,1,0,0,1,0,0,0,0,4,0,0,0,0,3,1,0,0,0,2,0,0,0,3,0,0,2,1,1,2,2,0,0,2,1,4,1,0,0,0,0,0,1,1,0,0,0,2,0,0,2,1,0,0,55,229,115,0,1,0,0,3,0,0,2,0,1,3,0,1,1,0,1,3,0,0,2,0,0,0,6,34,230,255,113,1,0,0,3,0,0,0,1,4,0,3,0,1,0,1,0,0,0,0,2,1,0,0,0,212,253,252,117,0,1,3,1,0,1,1,0,1,0,0,1,0,0,0,0,0,0,0,1,0,1,6,157,254,228,237,92,0,0,0,0,0,0,1,1,0,0,1,2,0,2,0,0,0,0,0,0,1,0,76,254,251,57,27,5,1,1,0,0,2,0,2,0,1,0,1,0,0,3,0,0,1,0,2,0,0,41,243,254,139,0,0,0,0,3,4,2,1,1,0,0,2,0,0,0,0,0,1,0,0,0,0,0,1,128,253,240,15,1,0,1,2,0,0,0,2,0,0,1,0,0,0,1,0,0,0,0,0,0,1,0,40,250,252,125,37,40,22,7,0,0,0,0,1,0,0,0,1,0,0,0,0,0,0,2,0,0,0,1,119,255,242,111,246,254,255,212,137,0,0,0,5,1,1,0,0,0,2,1,0,0,4,2,0,1,1,15,226,252,185,252,227,246,255,253,253,185,8,0,2,0,0,0,0,0,3,2,0,0,0,1,0,3,2,103,250,210,11,84,22,38,114,125,252,255,143,0,0,0,0,0,0,1,0,3,0,0,1,0,0,1,1,123,253,203,0,0,0,0,0,1,138,255,216,2,0,2,1,1,1,0,0,0,1,1,0,0,0,0,0,174,255,60,3,0,0,0,2,1,15,253,217,2,0,3,0,0,0,0,2,0,0,0,0,0,3,2,4,220,252,10,0,0,0,0,1,3,92,248,219,3,1,0,2,0,2,2,0,0,0,0,0,1,1,1,59,255,165,0,2,1,0,1,0,54,238,252,125,0,0,0,0,1,1,0,2,0,0,0,0,0,0,0,60,254,169,0,1,3,0,1,53,236,250,161,5,1,1,0,0,3,0,2,2,0,0,1,0,1,0,0,33,239,206,6,0,0,0,127,240,254,132,0,1,2,1,0,4,3,1,2,0,0,0,0,0,1,0,0,0,213,254,92,0,19,140,253,253,128,2,0,0,1,0,0,0,0,0,1,0,0,0,0,2,0,1,3,1,119,252,249,226,238,255,223,59,1,1,0,1,0,0,1,0,0,0,0,0,0,0,3,1,0,5,2,0,9,132,252,255,255,142,8,0,2,0,0,0,0,0,0,0,1,0,0,1,2,1,1,0,0,1,1,0,0,2,0,0,0,2,0,1,2,0,1,1,1,0,0,1,1,0,0,0,2,0,2,2,0,3,1,0,1,0,0,0,0,1,3,0,0,0,1,1,0,0,0,1,2,3,5,0,1,0,4,0,1,0,0,1,0,0,0,0,0,0,1,0,0,1,2,0,2,0,1,0,2,0,1,2,0,1,0,2,0,0,0,1,1,0,0,0,0,1,1,0,1,0,0,1,0,0,0,0,1,0,0,1,2,0,0,0,1,2,2,0,0,2,0,0,0,0,0,0,0,0,0,0,0,1,1,2,0,1,2
0,1,2,0,0,0,1,0,0,0,0,0,2,0,2,0,0,2,0,0,2,2,0,0,0,0,0,3,0,0,0,0,2,0,0,0,0,1,3,0,1,0,0,0,0,1,3,1,0,1,2,0,1,0,0,1,0,2,0,0,0,0,0,0,0,1,0,0,1,1,0,1,0,0,2,0,4,0,0,0,0,2,0,1,5,0,1,2,0,5,3,0,1,2,0,1,0,0,1,0,0,0,0,0,2,1,0,2,0,0,0,1,0,0,0,0,0,0,3,1,1,0,2,0,1,2,3,0,0,0,1,0,0,0,0,0,0,0,1,0,0,0,1,0,2,1,0,0,1,0,37,168,176,169,92,3,2,0,0,1,3,2,1,0,0,0,0,1,0,2,1,0,0,3,2,0,30,154,249,242,225,226,255,124,0,1,1,0,3,2,0,0,0,0,0,0,0,1,0,0,1,0,0,59,235,212,128,31,2,1,133,224,14,1,3,0,0,0,1,0,0,1,0,0,3,0,0,0,1,0,131,239,150,16,2,0,2,3,1,187,148,0,0,0,0,5,0,0,1,1,0,0,0,0,1,0,1,106,247,119,3,0,1,0,0,0,1,56,241,21,2,2,0,0,0,0,0,0,1,0,1,0,0,2,215,225,61,3,0,3,0,0,2,0,0,25,243,86,0,0,1,0,0,0,2,0,2,4,3,5,1,0,17,15,2,0,1,2,1,0,4,0,0,0,160,117,0,0,1,3,1,3,0,1,2,2,2,0,2,1,0,0,0,3,3,0,0,0,3,0,0,0,37,227,0,0,1,0,1,0,2,0,0,0,0,0,0,0,1,0,0,1,0,1,1,0,1,0,0,0,66,204,0,0,1,2,0,0,1,0,0,0,0,0,0,0,0,2,1,2,0,0,0,2,2,0,0,0,140,173,2,0,3,1,2,0,0,0,1,0,0,1,2,0,0,0,2,0,0,3,1,3,1,1,0,69,245,145,0,1,0,1,4,2,3,0,1,2,0,0,0,0,0,1,0,0,1,1,0,0,0,7,109,242,229,23,3,1,0,0,0,2,2,1,0,0,0,1,0,0,1,1,1,0,2,3,9,58,139,225,253,252,67,0,0,0,0,0,0,1,0,0,5,0,0,0,0,2,0,0,0,0,0,31,202,255,252,253,255,234,130,46,0,0,0,2,1,2,0,0,2,1,0,3,0,1,0,0,0,1,2,58,253,255,253,252,253,254,253,254,201,109,16,0,0,1,0,0,0,0,2,0,2,0,0,3,0,0,0,16,81,55,14,17,10,59,141,188,235,253,241,159,71,22,1,3,2,0,0,1,1,0,0,0,0,1,2,0,0,2,2,0,0,0,1,0,13,91,185,242,252,214,0,0,1,0,1,0,1,0,0,1,0,0,0,0,1,1,0,0,0,2,0,3,3,2,2,31,109,58,0,0,0,0,0,1,0,1,1,0,0,0,0,0,1,3,2,0,0,0,3,1,1,1,0,0,0,0,0,1,1,1,0,2,0,3,0,3,0,0,0,0,0,0,0,0,0,0,0,1,1,0,0,5,2,0,1,0,0,0,0,3,3,0,1,0,0,0,1,0,2,0,1,0,0,0,0,2,1,0,0,1,0,1,2,1,0,0,1,1,1,0,0,1,0,0,3,2,1,0,0,1,0,0,0,0,0,0,1,0,0,0,0,1,0,2,0,0,2,3,0,0,0,1,0,0,1,0,0,0,0,3,0,1,0,0,1,3,0,1,0,1,0,0
0,0,2,0,4,0,0,3,0,1,2,2,0,0,0,0,0,0,1,0,0,0,0,0,0,0,0,0,0,0,0,0,0,2,0,1,0,0,0,0,0,0,0,0,0,0,3,1,2,0,0,0,4,0,1,1,4,3,0,3,2,0,0,0,1,0,0,2,0,0,0,0,2,1,0,2,2,0,1,0,0,2,2,2,0,0,1,1,2,0,0,1,0,0,0,0,0,0,1,0,0,1,2,2,0,4,0,0,4,0,2,4,0,3,0,0,2,0,0,2,0,1,0,0,0,0,0,2,3,0,2,0,0,2,0,1,3,0,3,0,0,1,0,2,0,0,0,0,2,1,0,0,0,2,0,0,2,101,255,168,0,0,0,0,0,1,0,0,0,3,0,0,0,0,3,2,1,0,2,2,0,0,0,0,0,242,252,165,1,0,0,3,2,0,0,0,0,1,0,0,0,0,1,0,0,0,3,0,0,1,3,2,85,252,250,166,0,1,0,0,1,1,0,0,0,2,0,0,0,1,0,1,4,1,2,3,0,0,0,7,211,255,250,100,1,3,3,2,1,0,1,3,0,0,1,1,1,1,1,0,3,0,4,0,0,0,1,65,250,248,106,0,0,0,0,0,0,0,0,0,0,0,0,0,3,0,0,2,2,0,0,0,0,0,4,154,254,193,1,0,0,0,1,3,0,0,2,2,1,0,1,1,0,0,1,0,0,0,0,0,2,0,132,247,253,70,0,0,4,0,0,1,0,2,2,0,2,1,0,1,4,0,0,2,0,1,0,1,0,1,210,252,171,5,0,1,0,0,0,0,0,1,0,0,0,0,3,3,0,0,0,0,0,0,4,1,0,118,255,205,12,0,0,1,2,0,0,1,0,0,0,0,1,3,1,0,0,0,1,3,0,0,1,3,83,233,254,136,0,0,2,0,0,0,3,2,0,0,0,1,0,0,0,4,1,0,0,0,0,0,0,24,228,254,157,0,1,1,0,0,0,0,3,0,1,2,0,0,0,0,0,0,0,1,0,0,0,0,0,121,255,254,35,0,2,0,1,0,4,0,0,0,0,2,2,2,1,0,0,0,0,1,0,0,0,0,4,194,250,165,1,2,3,0,0,0,2,0,0,0,2,0,0,0,0,0,0,1,0,1,0,0,0,0,118,251,212,17,2,5,0,3,0,0,0,0,1,0,3,2,0,1,1,2,0,0,3,0,1,0,0,1,190,249,92,0,2,0,0,0,0,0,1,4,0,0,0,0,0,0,0,0,1,1,1,1,0,0,0,154,250,171,0,0,2,0,4,2,2,2,0,0,0,0,0,0,1,1,0,2,0,1,0,0,0,1,27,226,190,10,2,2,1,2,0,0,1,0,0,0,0,0,3,0,0,0,0,1,0,0,0,0,1,0,77,254,68,0,0,0,0,0,0,2,2,0,1,0,1,0,3,2,0,0,1,0,0,0,0,1,2,14,229,156,7,3,0,0,0,0,0,1,0,0,0,0,1,0,0,2,0,2,1,0,0,0,0,0,0,9,192,32,1,0,0,0,2,0,0,0,3,5,0,0,0,0,1,0,1,0,0,0,0,0,0,0,0,1,0,2,1,0,0,0,0,1,0,0,0,0,0,0,1,0,1,0,3,0,1,5,1,0,0,2,0,0,0,4,3,0,1,0,0,1,0,2,1,1,0,2,0,0,1,0,2,0,0,0,3,3,0,0,0,0,0,0,0,0,0,4,0,0,3,0,0,0,1,0,0,0,0,0,0,0
0,0,2,1,0,0,2,3,0,0,0,0,1,1,2,0,2,1,3,1,2,0,2,3,0,1,0,2,2,3,0,1,0,2,3,0,1,0,2,0,0,0,0,0,2,2,0,0,1,0,1,0,5,0,0,0,0,1,0,1,0,0,0,2,0,1,0,0,0,1,0,0,5,1,0,0,0,2,0,1,0,0,3,3,1,0,0,0,0,0,0,3,0,0,3,0,0,0,2,0,0,1,0,0,0,0,0,0,0,0,1,1,2,1,0,1,2,0,1,2,0,2,2,0,2,0,2,0,0,0,1,0,0,0,0,2,0,0,0,0,0,0,0,0,0,0,0,0,1,0,1,0,0,1,0,2,0,0,0,0,0,0,1,1,0,1,0,2,1,1,2,0,3,0,1,0,1,3,0,1,4,1,0,0,0,4,0,3,0,1,0,0,4,2,1,0,0,2,0,0,1,0,0,3,22,152,253,255,210,81,0,4,0,0,2,3,0,0,1,0,0,0,3,0,0,1,2,0,3,0,1,0,167,253,251,252,253,244,121,1,0,0,2,0,0,3,0,0,1,2,2,0,0,3,0,0,0,1,2,1,233,250,253,245,216,239,252,209,72,222,55,4,2,1,0,0,0,2,1,0,0,1,0,0,0,0,1,2,236,251,243,53,2,60,238,255,255,253,232,95,1,0,0,1,0,2,0,1,1,1,2,0,1,6,0,0,224,253,187,0,0,0,163,254,251,253,250,71,1,0,1,2,0,1,0,1,1,1,0,1,3,1,0,2,127,255,170,28,62,94,237,254,253,255,147,0,2,0,2,0,1,0,0,1,0,0,0,0,1,0,0,0,121,252,255,233,247,253,254,255,254,254,72,0,1,2,0,0,5,0,0,1,2,0,0,3,0,0,0,0,10,159,249,254,253,251,250,252,252,233,24,1,0,1,0,0,1,0,3,2,0,0,1,0,3,4,0,0,0,0,44,144,146,78,124,255,255,221,0,0,0,0,1,1,0,0,0,0,0,1,2,0,1,0,4,0,2,0,0,0,0,0,161,255,255,120,0,1,0,2,2,0,0,0,3,1,0,2,0,0,0,0,2,0,0,0,0,0,0,1,201,254,255,119,1,0,1,0,0,0,0,0,0,1,0,2,3,1,0,1,1,0,1,2,0,0,0,34,234,252,255,17,1,2,3,2,0,0,1,0,1,0,2,1,1,3,1,1,1,0,0,0,0,0,0,91,254,255,253,15,0,1,4,1,0,1,1,2,2,1,1,1,1,1,0,0,1,0,2,0,0,0,1,157,255,255,252,14,0,1,0,1,0,4,0,2,1,1,3,0,0,1,0,2,0,3,0,0,0,0,1,153,251,253,254,13,0,0,0,3,2,0,1,0,1,0,0,0,0,0,0,0,0,0,0,0,0,1,0,156,254,253,213,5,0,2,0,0,0,0,0,0,0,0,0,3,0,0,0,0,0,0,4,1,2,0,0,154,253,252,161,0,0,0,2,0,0,0,4,1,0,0,0,0,1,0,0,0,0,2,4,0,0,3,0,155,254,251,117,0,0,1,0,0,1,1,0,4,0,0,0,3,2,1,1,0,0,2,0,3,0,0,0,120,243,254,106,0,1,2,2,2,4,0,0,1,0,0,0,0,2,2,0,1,0,0,2,0,2,0,3,0,117,238,37,2,0,2,1,1,3,1,0,0,1,1,0,0,0,1,0,2,0,0,0,2,0,1,1,0,0,0,0,0,1,0,1,0,1,0,1,1,0,1
1,0,1,0,1,0,0,1,0,0,2,1,3,0,0,0,0,0,0,1,0,1,2,1,0,0,0,0,0,2,0,4,0,0,0,0,0,2,1,0,0,2,5,0,1,0,2,2,0,1,0,1,2,1,1,0,1,2,0,0,0,0,1,1,1,3,0,0,0,2,3,0,4,0,0,2,0,1,0,1,0,1,3,0,0,2,0,0,0,1,0,1,1,0,0,0,0,0,0,2,0,0,2,2,0,1,1,1,1,0,0,0,0,0,0,0,0,1,2,2,0,0,0,0,0,2,0,0,0,1,2,0,1,0,1,0,0,0,0,0,0,0,1,0,0,0,0,0,4,0,0,47,80,78,78,78,38,0,1,1,1,2,1,4,1,0,1,0,0,1,0,0,0,1,0,0,7,86,210,244,251,253,255,252,238,153,21,0,1,1,1,0,2,0,1,0,0,0,0,2,0,0,0,24,254,252,253,254,251,253,255,254,253,255,171,23,1,0,1,2,1,3,2,0,1,0,0,1,0,1,25,209,255,255,252,253,227,172,170,237,255,255,255,161,26,0,0,2,4,1,1,0,0,1,1,0,1,0,76,255,255,253,197,65,19,2,0,23,189,255,255,253,177,2,0,0,0,1,2,1,1,0,0,0,0,0,0,205,253,255,67,2,0,2,4,1,9,178,251,252,233,28,0,0,0,0,1,0,0,0,0,0,1,0,1,30,169,88,9,0,0,0,0,0,1,14,217,254,255,160,0,0,1,0,2,0,4,0,5,2,0,0,0,0,1,0,2,0,3,0,0,0,1,1,151,252,251,255,5,0,1,0,4,1,0,1,1,0,1,0,0,0,0,0,1,2,0,0,0,0,0,0,166,252,253,190,3,0,0,0,0,2,1,0,0,0,0,0,0,1,0,31,91,95,94,91,70,0,0,2,207,254,255,152,0,0,0,0,3,0,0,0,0,1,2,0,46,133,240,245,254,252,254,255,251,236,185,130,232,255,255,99,2,8,0,3,2,2,1,2,3,0,0,96,233,250,254,255,254,252,255,253,252,252,254,255,255,251,252,185,181,196,124,0,1,0,0,1,4,0,0,236,255,254,252,252,207,157,155,162,253,255,254,255,253,255,255,255,255,253,165,0,0,3,0,1,0,0,0,151,254,254,253,174,91,28,66,135,218,255,254,255,255,254,254,252,255,156,22,0,0,2,1,0,0,2,2,64,236,254,255,254,253,254,253,255,254,254,254,255,202,189,188,188,127,22,0,0,0,0,0,0,0,2,0,3,110,243,253,255,255,252,255,251,252,253,247,129,9,1,0,4,0,0,0,0,0,2,3,0,0,0,0,0,2,7,114,115,114,134,220,122,114,74,4,0,0,0,0,0,0,0,0,0,1,0,3,0,0,1,0,1,0,0,0,1,2,1,0,0,4,0,0,1,0,0,0,1,1,2,0,0,0,0,1,0,0,0,0,0,0,0,2,1,2,1,0,2,1,0,2,0,0,0,0,3,0,0,2,0,0,0,0,1,0,1,0,0,0,1,0,1,0,1,4,2,3,1,0,3,0,1,0,3,2,0,2,2,0,2,1,0,3,2,0,0,0,1,1,0,0,0,1,0,0,2,0,0,2,1,1,0,0,1,0,1,2,1,0,0,0,0,1,2,2,0,0,0,3,3,1,1,0,0,0,0,0,0,1,0,0,0,1,1,0,3,2,2,2,1,0,0,0,2,0,1,1,1,1,0,0,0,2,1,0,4,1,0,1,2,1,1,3,0
1,0,0,2,0,2,0,0,0,0,0,3,0,4,0,4,2,1,0,2,0,0,1,1,0,0,0,0,0,1,6,0,1,0,0,0,0,0,0,0,0,0,0,0,0,0,0,1,2,0,1,0,1,0,1,2,0,0,2,0,0,0,2,0,0,0,0,0,0,3,2,1,0,0,0,1,3,0,2,1,1,0,1,0,0,0,1,0,1,2,1,2,0,0,0,0,1,0,2,0,0,0,0,1,0,3,0,0,0,2,1,0,0,0,0,0,2,0,0,0,0,1,1,0,1,0,0,0,1,3,1,3,0,1,1,1,0,2,1,0,0,0,0,1,0,2,2,1,1,0,0,1,0,0,165,253,255,255,254,248,74,0,0,0,0,0,0,2,0,0,1,1,0,0,0,0,2,1,0,15,139,227,250,247,254,254,253,255,214,19,0,2,0,1,0,0,1,0,0,2,0,0,1,2,0,3,71,229,253,253,255,242,152,133,188,254,254,165,0,0,0,0,0,1,0,0,1,0,0,0,0,0,0,27,252,251,251,145,125,60,0,2,41,233,253,143,1,1,0,1,0,0,0,1,0,1,0,1,0,0,0,141,254,255,167,24,1,0,2,0,26,239,251,87,0,4,3,0,2,0,1,2,1,2,0,0,0,0,24,233,255,207,7,2,0,1,0,1,65,252,254,155,0,0,0,0,0,0,0,1,0,0,0,2,2,2,32,241,250,181,0,0,2,0,1,0,130,249,199,39,2,0,0,0,1,1,0,2,0,2,0,0,1,1,0,196,252,218,7,0,1,3,0,8,210,192,24,0,1,0,2,0,0,0,0,0,0,0,3,0,0,3,0,89,254,251,129,0,1,0,2,97,254,103,0,1,0,0,0,0,2,0,0,0,1,3,0,1,0,0,0,13,193,255,238,61,1,3,1,113,118,1,1,1,0,2,0,3,0,0,0,1,0,1,0,2,0,0,0,2,35,255,254,240,61,1,0,0,1,3,0,0,4,1,0,0,3,0,0,0,0,1,0,0,0,0,1,0,0,78,241,251,240,80,55,75,146,148,178,147,115,0,1,2,0,0,1,1,2,0,0,0,0,0,0,1,12,96,246,254,253,253,255,252,249,236,216,191,66,0,0,0,0,3,0,1,0,1,0,3,0,0,0,59,216,254,252,255,255,252,255,99,54,27,1,0,2,2,0,0,3,0,1,1,0,1,0,0,0,0,26,238,253,255,235,162,201,253,253,83,0,0,2,0,0,1,0,0,3,2,0,0,0,0,0,0,0,1,39,252,253,183,9,0,2,186,251,111,0,0,0,0,0,2,0,0,4,0,0,0,0,0,0,0,0,0,30,242,253,113,0,4,1,184,255,176,2,2,0,0,0,0,0,1,1,0,2,0,0,1,0,1,1,0,0,154,252,243,113,36,74,217,255,141,0,3,2,3,0,2,0,3,1,0,3,2,0,0,0,0,0,0,0,38,247,254,255,249,253,254,246,71,1,1,2,0,1,1,0,1,2,0,0,0,2,0,3,0,0,0,0,0,54,163,247,255,250,219,87,1,0,1,2,2,0,0,0,0,0,1,0,0,0,2,1,4,1,0,2,0,0,0,1,0,0,3,0,0,0,0,4,0,2,3,1,0,0,0,0,0,0,0,0,0,0,0,2,0,0,1,4,0,0,4,3,0,0,0,0,0,0,2,1,0,0,0,0,5,3,0,1,0,0,0,0,1,0,0,0,5,1,2,0,4,1,0,0,1,2,2,0,0,1,2
0,1,0,0,0,2,1,0,0,0,0,0,0,0,0,0,0,2,0,0,0,1,1,0,0,0,0,0,0,3,0,0,0,0,0,2,0,3,0,0,0,0,1,0,0,4,2,0,0,0,0,2,1,1,0,0,1,0,1,0,2,0,0,0,0,1,0,3,0,0,2,109,253,58,0,1,1,1,1,0,1,0,0,0,1,2,4,1,0,0,2,0,0,0,0,1,0,0,79,255,235,116,0,3,2,1,2,0,1,0,0,1,1,1,2,5,0,0,0,0,0,2,4,0,0,0,151,251,97,0,0,0,0,0,1,0,0,0,0,0,4,1,2,0,3,0,0,0,0,0,1,3,2,133,253,210,4,1,0,2,0,0,0,1,0,0,2,1,0,1,1,3,0,0,0,0,0,0,3,1,37,199,250,42,3,0,0,0,0,1,1,0,0,0,1,0,0,0,1,0,0,0,0,0,0,0,2,10,231,254,169,0,0,0,0,0,1,0,0,0,0,0,0,2,0,0,1,1,1,0,0,0,0,1,1,120,252,176,10,1,0,0,0,0,1,0,0,2,0,2,0,0,3,0,0,0,2,0,0,0,2,0,55,246,243,54,1,0,4,0,2,0,3,0,0,1,0,0,1,0,0,0,1,0,2,2,0,0,2,0,119,252,175,0,0,2,0,1,0,0,0,1,0,0,2,1,0,1,0,1,1,3,0,3,1,0,2,27,221,247,13,0,1,1,0,2,1,0,0,2,2,0,0,1,1,0,0,0,0,0,1,2,0,0,0,119,255,228,1,4,0,5,0,1,0,1,1,0,0,0,1,0,0,1,0,4,2,3,1,1,0,0,1,164,255,104,2,0,0,10,67,161,177,150,47,3,1,2,2,0,0,0,0,0,0,0,0,0,0,4,9,199,253,19,2,29,147,218,251,253,253,254,202,8,0,0,0,2,0,0,1,2,0,0,2,2,0,2,11,208,254,89,92,220,253,250,232,141,193,255,246,20,0,2,0,2,0,4,1,3,1,2,1,2,0,1,0,165,253,254,249,238,152,79,0,20,208,251,137,2,2,1,3,0,1,0,2,0,4,5,0,0,0,1,2,166,253,253,241,68,1,2,1,140,255,210,11,0,0,0,0,0,2,0,1,0,0,1,0,0,0,1,1,63,255,254,229,32,0,0,117,248,239,56,2,2,0,0,0,3,0,3,3,2,1,0,0,4,0,1,3,19,133,251,254,178,155,171,252,255,101,2,0,0,1,0,1,3,2,0,4,1,1,0,0,0,0,2,1,0,1,116,251,252,255,255,254,144,5,1,0,0,2,0,0,0,1,2,0,0,0,1,1,0,2,0,2,0,0,1,34,115,190,147,66,8,0,0,2,0,1,1,1,1,1,0,1,1,0,0,0,0,3,1,0,0,1,0,1,1,0,0,0,0,0,1,0,1,1,0,2,0,2,1,0,1,0,0,3,1,1,2,0,2,2,0,0,0,2,0,2,0,0,0,0,1,0,0,2,2,2,0,3,3,1,0,0,1,0,2,0,1,0,0,0,0,0,3,2,0,0,2,2,0,0,0,1,0,0,2,1,3,0,0,0,1,1,0,2,3,3,1,1,0,0,3,2,1,1,0,0,0,1,0,3,0,0,1,0,0,0,0,0,0,0,1,1,2,0,4,1,0,2,0,1,0,0,3,0,2,0,2,1,2,4,3,0,0,1,4,0,0,1,0,2,0,1,0,1,1,0,1,0,0,0,0,2,0,4,0,0,2,0,0
0,1,3,0,2,0,1,1,0,0,1,2,3,1,0,0,0,2,1,0,0,2,0,1,4,0,0,3,0,0,0,0,4,1,3,0,0,1,2,0,1,1,0,1,0,2,0,0,0,1,3,0,0,1,0,0,0,1,0,0,2,1,0,0,1,0,1,0,0,0,0,1,0,0,4,0,2,0,0,0,0,0,0,0,0,0,0,1,0,0,1,0,1,0,0,0,1,1,1,3,0,0,0,0,0,0,0,0,0,2,0,0,0,1,0,2,0,0,2,0,0,2,0,0,0,2,3,2,0,1,0,0,0,0,0,5,2,0,1,0,0,0,0,1,0,1,1,0,0,1,0,0,4,0,230,240,26,2,1,1,0,0,0,0,0,0,1,0,0,0,1,0,1,1,2,0,0,0,0,1,1,15,255,252,47,4,3,0,0,0,2,0,2,0,0,0,1,1,1,4,1,0,0,0,2,2,0,1,0,83,253,252,51,1,0,1,1,2,1,0,3,2,0,0,2,0,0,0,0,0,0,0,0,0,0,0,2,5,254,251,110,0,1,0,0,0,0,0,0,2,3,0,0,1,0,0,2,0,3,0,0,0,0,2,2,80,253,255,108,0,0,0,0,0,0,2,4,1,0,1,0,0,1,0,0,0,0,0,0,0,2,0,3,75,253,250,83,1,0,2,0,1,1,2,0,0,0,0,1,3,0,2,0,0,1,0,0,3,2,1,1,8,255,252,108,1,0,0,0,0,0,0,0,0,0,1,1,0,0,0,0,0,0,0,0,2,0,0,0,59,255,253,49,0,0,0,0,0,0,1,0,0,1,3,4,0,3,0,0,0,0,0,1,1,0,1,0,77,255,251,33,3,0,0,0,0,0,1,0,2,0,0,0,0,0,0,0,0,0,4,0,2,2,0,0,81,254,253,80,0,1,2,3,1,1,3,0,0,0,0,0,1,2,3,0,0,0,2,0,0,0,0,1,78,252,252,102,0,2,2,0,0,0,0,0,0,0,3,0,0,2,2,0,3,1,0,2,0,2,0,0,79,250,242,26,0,0,0,0,1,0,0,0,0,0,0,1,0,0,0,2,0,0,2,0,0,0,1,2,166,253,187,0,0,0,0,0,0,1,2,0,5,0,0,2,1,0,0,1,0,0,0,1,2,4,0,20,240,255,129,0,0,2,0,0,0,0,2,2,1,0,0,1,0,0,0,0,0,0,0,2,3,0,0,54,251,250,117,0,3,0,0,0,0,0,0,1,0,2,1,0,3,0,0,0,0,2,4,3,0,0,2,71,252,241,25,3,1,1,2,0,1,4,2,2,1,0,0,1,0,0,2,0,0,0,0,0,2,1,21,230,255,154,0,1,1,0,1,0,1,0,0,0,3,0,0,0,0,1,1,2,0,3,2,0,1,0,45,253,244,24,4,0,0,1,0,1,1,0,0,1,0,0,0,4,3,0,3,0,0,4,1,2,1,0,127,254,174,0,1,0,2,0,0,0,0,0,2,0,0,0,0,1,2,0,1,0,0,0,0,0,0,0,139,255,108,1,0,0,3,0,3,0,1,1,4,0,0,0,0,2,0,0,2,1,0,0,1,0,3,0,0,0,1,1,0,0,0,0,0,2,5,1,0,0,1,0,3,0,0,0,0,2,0,1,0,0,1,0,0,2,0,1,1,0,0,2,0,2,0,0,0,0,0,0,0,0,2,0,0,1,0,0,0,2,0,2,0,0,3,2,0,0,1,0,0,0,0,0,0,0,0,0,0
2,2,0,1,2,0,0,0,2,2,0,0,0,3,0,0,0,0,0,0,2,1,2,2,0,1,0,0,1,0,0,0,0,0,0,3,1,1,0,0,0,0,2,0,0,1,1,2,0,1,1,0,4,1,3,2,0,2,0,0,0,0,1,2,0,2,0,2,1,0,0,0,1,0,0,0,0,0,0,1,1,0,0,1,0,0,0,2,2,0,0,3,0,1,0,0,1,0,2,2,0,0,0,0,0,3,1,0,1,0,0,0,2,0,2,0,0,0,1,0,0,0,0,1,1,2,0,0,0,0,0,0,0,0,0,0,0,0,0,0,0,1,0,0,0,2,0,0,1,0,2,0,0,2,1,0,0,0,1,0,0,2,1,0,0,0,0,0,0,0,0,2,1,2,0,0,0,0,1,0,0,1,24,128,108,198,166,116,9,2,0,0,0,0,0,0,0,0,0,1,0,0,1,0,0,0,2,0,1,81,231,253,233,193,159,250,169,54,0,0,0,0,3,2,0,3,0,0,0,2,0,2,2,0,1,15,153,240,172,47,19,2,0,73,255,140,0,0,3,1,0,2,0,2,3,0,1,0,1,2,0,0,35,194,248,140,23,0,2,1,0,110,251,62,0,1,1,0,0,0,0,0,0,0,0,0,2,1,2,93,253,239,86,0,0,0,0,1,94,247,146,10,0,0,0,1,1,1,1,1,1,3,2,1,0,2,65,248,93,29,1,0,1,0,3,1,158,211,13,0,0,2,1,1,0,0,0,3,0,0,1,0,0,129,241,49,0,0,1,0,1,0,1,110,255,82,1,0,1,0,2,2,1,0,2,0,0,1,1,0,48,246,69,1,1,0,1,3,0,0,4,226,186,7,0,0,2,0,0,2,4,1,2,1,0,1,2,0,72,219,0,4,1,0,0,0,0,47,212,255,77,0,2,2,0,0,1,3,0,0,0,0,1,2,1,0,90,222,0,2,0,44,35,17,0,9,205,241,8,2,0,3,5,0,0,0,0,0,3,0,0,1,0,0,42,232,212,180,179,247,128,26,2,72,254,101,0,2,0,0,1,3,0,2,2,0,1,1,1,2,1,3,0,58,171,202,148,46,0,0,5,201,246,21,0,1,2,0,2,0,0,1,0,1,1,3,0,1,1,0,1,0,1,1,0,0,3,0,35,253,155,1,1,1,2,0,0,0,1,0,0,0,1,0,1,0,0,0,2,0,4,0,0,0,4,2,182,255,72,0,0,0,0,0,2,0,1,0,0,0,2,1,0,0,0,0,0,0,0,0,1,0,0,13,221,246,27,2,3,0,0,0,0,2,3,0,0,0,1,0,0,0,0,2,0,1,1,0,0,0,1,44,255,169,0,5,0,0,0,1,2,0,0,1,0,1,1,0,0,1,0,0,5,2,3,1,0,0,0,138,253,60,0,0,0,0,0,0,0,0,0,1,0,0,3,1,0,0,0,0,1,3,3,0,1,0,0,224,239,33,1,0,0,0,0,0,1,3,1,0,0,0,1,1,3,0,0,0,1,1,0,0,0,0,3,224,192,1,1,0,0,1,1,3,1,0,0,1,0,0,0,1,2,0,2,0,0,0,0,0,0,0,3,193,221,0,0,0,0,1,0,0,0,0,0,0,1,0,1,2,0,1,1,0,0,1,1,0,0,1,3,0,0,0,0,0,0,0,1,1,0,2,0,0,2,4,1,0,2,1,0,0,0,0,0,1,0,0,0,0,0,0,0,0,1,0,1,1,1,0,0,0,0,0
0,0,1,2,0,2,1,0,2,1,0,1,0,0,2,0,0,0,1,0,0,0,0,0,2,0,0,0,0,1,0,0,0,0,0,1,1,1,2,0,1,1,0,5,0,2,1,1,0,0,0,1,0,0,1,1,0,0,3,0,1,0,0,3,0,0,1,0,0,0,3,0,1,1,0,3,0,0,2,0,0,0,0,1,1,0,5,0,3,0,0,0,3,2,0,1,2,0,1,0,0,1,0,1,0,0,0,0,0,0,0,2,0,0,1,0,1,0,0,2,0,1,0,0,0,1,0,0,0,1,14,43,170,116,3,0,2,0,0,2,2,0,0,1,2,0,1,0,3,0,1,11,22,25,24,144,146,163,254,250,253,207,16,0,2,3,0,1,3,0,1,2,0,1,1,0,0,30,69,203,240,255,255,252,253,252,253,252,255,93,1,2,2,1,0,0,0,3,0,1,0,3,0,0,2,181,253,254,253,252,252,254,251,225,238,216,205,42,1,0,2,1,0,0,1,0,3,3,0,0,2,1,0,184,250,252,227,223,193,130,71,32,47,20,0,0,0,0,3,0,4,2,1,0,0,1,1,1,0,3,0,148,254,96,38,28,1,3,0,0,0,0,1,0,2,0,0,0,0,1,2,0,0,0,0,0,0,2,0,60,254,46,1,0,2,0,2,0,4,0,0,0,0,0,0,0,0,0,0,2,0,3,2,1,0,0,1,168,255,169,220,219,217,97,41,0,0,0,0,0,1,2,1,0,0,0,1,0,0,1,0,2,0,3,97,248,254,253,254,255,255,255,228,93,2,0,1,2,1,2,1,0,2,0,0,0,0,1,0,1,0,1,168,255,252,254,251,253,253,255,253,252,75,0,0,1,2,1,0,3,0,5,0,0,0,1,0,3,3,0,160,213,122,79,0,112,122,183,253,254,231,45,0,0,0,3,0,0,0,0,1,0,0,0,0,0,0,1,0,1,0,0,0,1,0,5,107,203,251,190,1,0,0,0,0,0,0,0,1,0,0,0,1,0,3,0,1,0,0,2,0,0,0,0,0,77,243,231,38,2,2,0,2,1,2,0,0,0,0,1,1,0,0,0,1,12,50,50,7,0,0,0,0,0,169,253,79,0,0,1,1,0,0,0,0,0,0,1,0,0,2,7,140,198,251,103,11,0,0,0,1,0,114,250,178,0,2,2,0,2,2,1,0,1,0,2,3,2,2,39,250,253,105,9,1,0,0,0,3,11,194,251,145,0,0,0,2,0,0,0,5,0,0,1,3,0,0,9,183,254,181,58,0,0,4,0,49,168,254,255,60,0,0,0,0,2,0,0,0,0,0,0,0,0,1,0,50,223,254,243,173,96,98,218,237,251,255,201,8,1,2,0,0,0,1,0,0,2,0,0,0,1,0,1,1,45,231,250,253,251,255,255,251,254,183,51,0,0,1,0,0,0,0,2,0,4,0,0,0,0,2,0,0,0,10,8,115,244,255,254,245,116,4,1,1,0,2,0,1,0,0,0,2,0,2,2,2,0,1,3,2,0,0,0,0,0,1,3,0,0,0,0,0,1,0,0,2,0,4,2,0,0,0,0,0,0,2,0,0,2,0,0,1,0,0,3,0,1,1,1,0,1,1,0,0,2,0,0,0,0,1,0,0,2,0,4,0,0,0,1,0,3,2,0,2,0,0,1,0,2,0,2,1,1,0,0,0,0,0,0,0,1,1,2,4,0,3,1,3,0,3,3,0,0,1,0,2,0,0,0,2,0,0,1
0,2,0,3,0,0,1,0,0,0,0,0,0,0,0,1,2,0,0,0,0,1,0,1,1,1,0,0,0,1,0,1,0,1,1,0,1,0,3,2,0,2,0,1,0,0,0,0,0,0,0,0,1,0,0,0,1,0,1,0,1,4,3,0,0,4,2,0,1,2,0,0,1,1,4,0,1,1,0,1,0,4,0,1,0,1,0,0,0,1,0,0,3,0,0,86,151,194,255,226,130,33,1,0,2,1,2,6,0,0,0,2,4,0,0,0,1,1,0,0,1,0,96,251,252,251,250,253,252,221,35,0,1,3,4,0,0,0,2,0,1,0,0,0,1,0,1,0,2,5,86,245,215,113,110,145,255,253,169,1,2,0,0,0,0,0,4,0,0,0,0,1,0,0,0,0,3,0,0,49,1,1,1,62,253,254,180,3,3,0,1,0,0,0,3,0,2,0,0,0,0,0,1,0,0,0,2,1,2,0,0,30,222,252,203,14,0,0,0,0,0,1,0,3,5,0,1,0,0,4,1,0,1,2,0,0,0,0,1,60,254,253,175,1,2,0,4,0,1,0,0,0,0,2,0,1,0,0,0,0,1,1,2,0,5,1,0,62,253,253,212,22,0,0,0,2,0,1,0,2,2,0,0,0,0,0,0,0,0,0,0,0,2,0,1,64,255,255,171,1,0,5,0,0,1,0,1,0,2,1,0,3,5,1,0,1,0,2,0,0,2,0,0,149,252,252,169,0,1,2,3,3,0,1,0,0,0,0,1,0,1,0,0,0,0,2,2,1,2,0,9,205,254,252,170,0,3,3,1,0,0,0,0,0,1,0,0,0,0,0,0,0,1,2,2,0,1,0,149,255,255,254,79,0,0,1,1,0,3,0,3,0,0,0,0,1,0,0,0,0,2,0,0,50,76,101,236,254,253,219,30,0,1,4,0,0,4,0,0,2,0,3,0,0,0,0,2,1,49,141,158,234,255,255,254,250,250,255,216,207,101,193,144,91,44,0,0,0,0,0,2,0,1,0,0,50,182,253,254,253,253,253,253,255,253,255,225,240,253,253,254,253,235,67,1,0,5,0,0,2,0,0,8,240,250,253,253,253,252,250,253,228,129,36,25,30,39,36,37,149,102,1,0,0,0,0,0,1,0,0,6,255,253,242,78,173,252,255,254,193,0,0,2,0,0,0,0,0,0,0,0,0,1,0,0,1,0,0,121,251,251,177,28,248,250,253,177,52,0,0,0,0,0,0,0,1,6,2,1,0,1,0,0,0,0,0,129,252,181,87,240,255,250,229,42,0,0,0,0,0,2,3,0,0,1,0,0,0,0,0,0,2,0,0,73,254,246,250,252,255,177,48,2,2,0,0,1,3,0,0,2,0,0,1,1,0,2,0,1,2,0,0,3,76,199,242,130,52,0,0,0,3,0,1,0,1,0,0,1,0,0,0,2,0,0,0,3,0,2,1,0,0,0,1,0,3,0,1,2,0,0,3,0,0,0,0,0,0,0,1,2,0,0,1,1,1,0,5,0,2,0,0,0,0,0,0,0,0,6,0,1,2,0,0,0,3,1,0,0,0,2,0,1,0,0,0,0,0,0,0,3,1,3,0,0,2,1,0,0,1,0,0,0,1,2,0,0,0,0,2,1,0,1,1,4,1,0,1,0,2,0,3,2,0,0,2,0,0,2,2,0,0,0,1,0,0,0,0,0,0,1,0,0,1,0,0,0,1,0,0,0,1,1,0,0,0,1,5,3,0,0,0,4,1
1,0,0,1,2,0,0,0,0,0,1,0,0,0,0,0,1,0,0,1,0,0,0,0,0,1,0,0,0,0,0,0,0,3,0,3,1,0,0,3,1,0,0,0,3,1,0,0,0,0,0,1,0,0,0,0,3,0,1,0,3,0,0,1,0,1,0,1,3,0,1,0,2,2,0,2,0,0,2,0,1,0,1,1,0,0,0,0,0,0,0,0,0,4,0,0,2,1,0,0,1,0,2,0,2,0,0,0,2,2,0,2,1,2,0,0,1,0,0,0,1,0,0,1,2,2,0,123,239,253,174,0,0,0,1,0,0,2,2,0,0,0,5,0,1,3,0,0,0,0,0,0,0,35,193,255,252,249,213,3,0,1,0,0,0,3,1,0,2,0,0,0,0,1,1,0,2,1,1,72,175,249,251,205,85,110,212,0,1,0,0,1,0,0,0,0,0,0,2,1,0,1,0,0,0,52,160,250,252,234,134,10,0,67,141,0,0,4,2,0,3,0,2,0,0,1,0,0,2,2,0,0,17,197,254,243,156,35,1,1,0,0,3,4,0,0,0,0,0,0,3,0,0,0,2,0,3,0,5,0,45,255,239,102,0,3,1,3,1,0,0,0,0,2,0,1,0,0,0,0,0,0,1,1,0,0,0,0,19,227,223,27,1,1,3,1,0,0,0,1,1,1,0,0,0,0,3,0,0,0,1,2,0,4,0,1,2,168,255,209,52,0,0,0,0,0,0,0,0,0,0,0,1,1,4,0,0,2,0,0,5,0,0,3,0,6,184,251,247,166,39,3,0,0,0,0,3,0,1,0,0,3,0,0,0,3,0,0,0,2,0,0,0,1,16,148,255,252,250,135,54,0,0,1,1,1,1,1,2,0,0,0,2,0,3,0,2,1,0,0,0,0,1,0,32,186,243,255,206,127,26,1,0,2,0,1,1,0,0,0,2,0,0,2,0,2,0,1,0,0,0,0,0,1,30,122,241,251,214,77,2,0,0,0,0,2,0,1,0,4,0,2,3,0,0,0,3,0,0,3,0,2,0,2,38,170,253,254,99,0,2,0,0,0,0,0,0,0,1,0,2,0,0,3,0,0,1,2,0,0,0,2,0,7,130,254,229,19,1,0,0,0,2,2,0,0,1,1,0,4,3,2,0,0,4,2,0,0,3,0,1,2,27,232,255,35,2,1,1,0,2,0,0,0,2,1,1,0,0,3,8,36,0,2,1,0,1,3,1,0,63,255,255,41,0,0,4,0,2,0,0,0,1,1,1,0,0,3,88,152,0,0,0,1,0,0,0,44,230,255,220,21,0,3,0,2,1,0,0,1,0,0,0,2,0,2,71,223,118,13,1,0,1,21,86,229,251,251,96,0,0,1,0,0,0,1,2,2,0,0,0,0,0,1,15,205,254,229,204,234,232,242,254,253,229,103,6,1,0,0,0,0,1,1,0,0,0,0,0,3,0,0,0,23,121,241,255,253,254,253,207,90,27,1,0,0,0,0,0,0,0,0,0,0,0,0,0,0,0,0,2,3,3,1,1,0,0,0,0,1,1,2,0,1,0,1,2,3,2,1,0,0,0,0,2,4,1,0,1,0,0,0,0,0,0,0,1,2,0,0,0,0,1,0,0,4,0,1,0,0,0,0,0,0,0,0,0,2,1,1,1,5,1,0,3,2,0,0,2,1,1,0,0,0,0,1,0,0,0,0,0,0,0,0,0,1,0,0,1,0,0,0,0,0,0,2,4,0,0,1,0,0,2,2
0,0,0,1,0,2,1,0,0,0,0,1,0,2,3,0,0,2,0,2,0,1,2,0,0,0,3,1,0,1,0,0,1,1,0,2,3,1,1,3,0,1,1,1,0,0,1,1,1,0,2,0,1,2,0,0,0,1,0,1,0,0,0,1,0,0,0,2,0,0,0,0,0,3,0,0,0,0,0,1,0,0,1,0,0,1,0,0,3,0,0,3,0,0,1,2,0,0,0,0,2,0,0,0,1,0,0,1,0,0,0,0,2,0,0,0,1,0,0,2,2,0,1,2,0,0,0,0,0,0,1,0,0,0,0,0,2,0,0,0,2,0,0,0,0,0,1,0,0,0,2,0,1,0,5,0,2,2,1,0,2,0,4,1,0,0,0,1,0,1,0,2,3,0,0,0,74,161,1,0,1,0,1,1,2,0,2,203,94,4,3,1,0,2,3,1,2,0,2,0,0,0,2,1,197,251,46,0,1,0,0,2,0,2,0,178,180,0,0,1,0,0,0,1,1,2,2,0,0,3,0,0,153,252,79,0,1,3,0,0,0,0,0,190,215,0,0,0,0,0,0,1,1,3,4,0,0,0,1,0,115,255,196,16,0,3,3,3,0,0,56,247,198,0,3,0,0,4,0,0,0,0,1,0,2,1,0,0,152,255,218,53,1,0,0,1,3,0,68,253,124,0,0,0,1,0,0,0,0,1,0,0,1,0,2,60,239,254,133,0,0,0,0,0,0,0,72,252,92,0,0,0,0,0,2,0,0,1,0,1,2,0,2,216,255,252,78,1,0,0,1,0,0,0,68,255,124,0,2,0,0,0,0,0,0,3,0,0,1,0,0,213,252,255,106,1,1,0,0,0,0,0,68,255,67,0,0,3,2,0,0,0,0,1,1,0,0,1,0,28,224,255,250,235,154,131,91,57,59,38,173,252,36,0,0,0,1,0,1,0,0,1,0,0,0,0,1,33,250,255,253,255,255,254,254,253,252,244,253,244,27,0,0,0,1,1,0,0,3,0,0,5,0,0,0,124,255,253,194,108,47,43,46,50,134,175,252,200,1,1,0,1,0,1,1,0,2,0,0,0,0,0,1,169,234,132,0,0,0,1,0,0,0,82,255,200,0,0,0,0,1,1,0,0,1,2,0,2,0,0,3,1,1,2,0,0,0,2,0,2,1,82,254,201,0,1,0,3,0,0,1,0,1,0,1,2,0,0,0,2,3,2,0,0,0,0,0,0,1,79,255,143,0,0,0,0,2,0,0,0,2,0,0,1,0,0,0,0,0,0,0,0,0,2,0,0,0,86,255,90,1,0,0,0,0,0,0,3,0,3,0,0,0,0,1,0,2,2,2,0,0,1,0,1,0,80,253,24,0,2,1,2,1,0,2,1,2,0,0,0,1,0,2,1,2,3,4,0,0,0,0,2,2,124,254,22,0,1,0,0,1,0,0,0,0,0,3,3,0,0,4,0,0,0,0,0,0,0,0,2,0,170,226,11,0,0,0,2,2,0,0,0,2,0,0,2,0,0,0,0,0,0,0,0,0,1,1,0,0,202,234,14,0,2,1,0,0,0,1,3,1,2,2,2,2,0,2,2,0,0,0,1,3,0,3,4,70,254,187,0,0,0,0,1,0,0,0,1,0,1,3,0,0,0,2,1,0,3,0,1,0,1,0,0,0,0,0,0,0,1,0,0,0,0,0,0,0,0,1,0,0,0,4,1,1,0,2,0,0,1,0,0,2,2,0,0,0,0,1,1,0,0,0,0
1,0,0,3,0,1,0,0,1,0,3,2,3,0,1,0,1,0,2,0,0,1,0,0,0,4,1,0,0,0,4,0,0,0,2,1,0,3,3,3,0,0,0,1,1,1,1,0,0,2,0,0,3,0,0,0,0,0,0,0,0,0,0,0,0,3,0,1,1,2,3,2,0,0,0,1,0,2,0,2,0,0,0,0,0,1,1,4,2,0,0,0,0,0,0,1,0,0,0,0,0,1,150,254,131,0,0,2,0,0,4,2,0,0,0,3,1,0,0,1,3,0,0,1,0,0,0,0,0,0,253,252,229,28,1,3,2,0,1,1,0,0,1,0,0,2,0,0,2,1,0,2,1,5,3,0,0,29,251,253,251,46,2,3,0,0,1,0,1,1,0,3,0,0,0,0,0,0,1,0,0,0,0,0,2,114,250,250,224,30,0,1,2,0,0,0,1,1,0,0,0,0,0,0,0,2,1,0,0,0,1,0,1,115,255,250,181,0,0,0,3,0,2,0,0,0,0,1,2,0,0,0,0,0,1,1,1,0,2,0,0,115,255,252,66,0,0,2,0,0,2,0,0,0,0,0,0,3,0,0,0,0,1,0,0,0,1,2,1,136,255,252,66,2,1,2,0,0,0,1,0,0,0,0,1,0,100,50,0,0,1,0,0,0,2,0,1,230,251,252,68,0,1,0,2,1,2,0,0,1,1,0,1,27,221,232,0,0,0,1,0,0,2,3,33,235,255,251,70,1,0,1,1,0,2,1,1,0,1,0,1,70,252,249,156,0,1,1,1,0,3,0,141,254,255,233,35,1,0,1,3,0,0,0,0,0,2,0,0,133,255,251,222,1,0,1,0,0,0,0,207,253,255,140,2,0,2,0,0,0,0,0,0,0,0,1,2,185,254,252,97,0,0,0,0,0,0,0,207,252,239,33,0,0,0,0,2,0,0,1,0,0,0,0,34,234,253,255,0,0,1,0,34,1,34,82,241,254,229,0,1,0,3,1,0,0,0,0,0,2,0,0,45,255,254,252,213,208,209,207,228,207,229,242,251,252,232,0,1,0,2,0,4,0,0,1,2,0,0,1,27,219,253,249,253,251,251,249,253,253,249,253,250,253,229,0,1,0,1,0,1,0,0,0,1,1,0,0,2,87,212,232,232,228,197,115,115,49,1,82,253,253,169,1,0,0,0,1,0,1,1,4,0,0,0,3,1,1,2,0,0,0,1,0,0,0,2,185,251,254,117,2,0,0,2,0,0,0,3,0,2,1,0,1,0,0,0,0,0,2,3,0,0,2,0,182,253,252,117,0,1,0,0,0,0,0,2,2,3,0,0,0,1,1,0,0,0,0,2,0,0,0,0,63,236,255,117,0,0,0,2,0,1,0,0,0,0,1,3,0,2,0,1,0,1,0,3,0,0,3,1,0,111,189,13,0,1,3,0,2,0,4,4,3,0,2,0,2,0,2,0,2,0,1,1,0,1,1,0,1,0,2,3,0,3,1,4,1,0,0,0,0,0,0,3,0,0,2,0,0,0,0,0,0,3,0,0,1,1,1,0,0,3,1,1,0,0,0,0,0,0,0,0,0,0,0,0,1,0,0,0,1,0,0,1,0,0,1,1,0,0,0,0,1,0,0,0,1,3,0,0,0,0,0,2,2,0,2,0,1,0,0,1,0,1,2,1,1,0,0,2,0,2,2,1,1,3,0,0,0,2,0,1,0,1,0,2,0,3,3,0,2,0,1,0,0,2,0,1,3,0,0,0,1
1,0,1,1,0,1,0,1,3,2,1,0,2,1,1,2,4,3,2,0,3,0,1,2,0,2,0,0,0,1,4,3,2,1,1,3,0,0,0,1,2,0,0,2,0,0,0,0,1,0,1,1,0,1,1,0,0,0,0,0,0,1,0,0,0,0,2,1,0,0,2,1,0,3,3,3,0,1,0,1,0,0,0,2,0,1,0,0,3,0,2,1,1,2,0,0,0,0,0,1,3,0,0,0,0,0,0,1,0,0,0,1,2,1,0,0,0,0,0,0,0,0,2,27,138,75,122,204,253,253,140,12,2,0,1,0,2,0,1,0,3,0,3,2,1,0,0,0,0,3,1,196,250,252,253,252,252,254,250,206,64,0,0,0,1,0,0,0,1,0,0,3,0,0,0,0,0,10,199,221,251,251,253,92,105,180,250,255,194,8,0,0,1,0,0,0,0,0,0,1,0,1,1,0,0,0,19,217,253,120,1,4,2,1,28,253,254,111,3,2,4,0,0,0,0,2,2,0,1,0,0,3,0,1,50,210,203,0,0,0,2,2,8,191,251,224,59,1,1,0,0,3,1,1,0,1,0,2,0,2,0,2,105,255,225,2,0,1,0,0,2,175,252,252,75,0,2,0,2,0,4,3,0,0,4,0,0,0,2,0,16,218,237,0,0,0,3,2,26,255,253,254,78,1,1,3,4,0,0,0,1,0,1,0,1,0,0,0,0,80,230,1,0,1,0,0,109,254,252,228,18,1,0,0,0,1,0,0,0,0,0,0,2,1,1,0,0,0,17,0,0,0,0,1,186,253,254,212,0,2,2,0,0,0,0,3,1,0,0,2,0,0,1,3,0,2,0,0,0,0,0,0,242,255,252,94,0,3,3,0,0,0,1,1,3,1,0,0,2,1,1,2,0,0,0,1,0,0,0,81,252,252,218,3,0,0,0,1,1,0,0,2,0,1,1,0,0,0,2,0,1,1,1,2,0,1,4,159,252,248,91,0,2,1,1,0,1,1,0,0,2,1,0,0,53,166,166,167,172,134,31,0,2,40,189,255,253,162,0,0,0,0,3,0,0,0,1,0,0,1,0,103,248,253,253,253,252,254,234,206,121,174,252,252,233,19,2,0,0,0,0,0,0,0,1,0,4,0,0,182,253,253,251,250,253,240,251,252,254,254,254,252,17,0,0,0,0,0,0,2,3,1,0,0,1,0,0,183,254,244,153,84,80,44,119,254,252,255,253,255,8,0,3,0,0,1,0,3,0,1,0,0,0,0,0,184,251,214,2,2,170,211,231,255,252,247,103,149,6,1,2,1,3,0,3,0,0,0,0,2,0,2,0,183,252,238,107,225,254,252,252,251,230,63,0,2,0,0,0,3,2,2,1,0,0,0,2,0,1,0,0,111,254,253,253,255,251,252,237,73,18,1,2,0,0,1,0,1,0,0,0,0,0,3,0,0,4,1,0,13,131,164,254,255,187,113,35,0,0,0,2,0,0,5,0,0,0,1,0,0,0,2,3,0,0,0,2,1,1,1,0,0,0,0,0,0,0,0,0,0,4,1,0,1,0,2,1,0,1,0,1,1,0,0,2,0,0,1,0,2,2,1,2,1,0,0,1,0,0,0,0,0,5,0,0,0,0,0,0,1,0,0,0,0,2,0,0,0,0,0,1,3,0,0,1,0,2,4,2,1,0,0,0,1,0,0,1,0,0,0,4,0,0,3,0,0,2,2,0,0,1,0,1,0,0,0,0,1,0,0,0,0,1,0
0,0,0,0,0,0,3,1,1,3,0,0,1,0,2,0,0,0,0,0,0,0,0,3,1,0,0,0,0,2,1,2,0,0,0,0,0,2,0,0,0,0,2,0,0,2,1,1,0,3,0,0,0,1,0,0,2,1,0,0,0,1,0,1,0,2,0,1,4,1,0,3,0,1,2,0,0,0,2,3,0,2,0,0,0,2,0,0,0,0,0,2,2,0,3,1,1,2,2,0,2,1,0,0,2,3,0,0,0,0,0,0,0,1,1,0,0,0,0,4,3,0,0,0,2,0,0,0,0,0,0,2,1,0,3,1,1,0,0,0,3,0,1,0,0,1,0,0,3,0,3,0,1,1,44,149,247,255,105,0,0,0,0,1,0,0,0,0,0,0,1,1,0,0,0,2,114,119,1,0,1,112,229,253,253,251,227,0,1,0,0,0,1,0,2,1,0,0,0,0,0,1,0,0,157,252,199,30,163,241,214,127,122,210,244,0,0,0,0,0,0,0,0,0,0,2,0,5,2,0,1,2,34,228,254,251,141,48,0,0,4,188,149,0,2,0,2,1,1,0,0,1,0,0,0,1,0,0,3,2,0,43,227,252,128,0,1,0,155,252,149,3,0,0,2,0,0,0,3,0,0,0,0,0,0,0,2,0,1,2,35,223,252,101,0,13,237,196,16,0,0,0,0,0,1,0,0,2,0,1,0,0,2,1,0,0,0,3,3,39,226,226,85,182,250,81,1,0,4,0,1,2,2,0,0,0,0,3,0,3,1,0,0,0,1,0,1,3,109,250,252,253,224,8,0,0,0,0,0,2,1,0,2,0,0,2,0,1,4,0,2,2,0,0,2,0,1,212,253,253,56,1,2,1,0,0,0,0,0,2,1,1,1,1,3,0,0,2,1,0,0,0,3,1,93,249,252,253,151,1,0,4,0,1,0,0,0,0,1,0,0,0,2,0,0,0,0,0,2,1,1,98,252,234,151,197,251,85,0,2,0,0,2,1,0,0,3,2,2,0,0,0,2,0,3,2,0,0,27,240,249,115,2,20,237,161,1,0,0,0,2,0,0,0,0,0,0,0,0,2,2,0,0,0,0,22,212,250,142,3,2,0,128,244,94,1,3,2,3,0,0,1,0,0,0,0,0,1,0,0,0,0,1,70,253,139,28,0,0,3,4,197,174,1,0,0,1,0,1,0,0,0,0,0,0,0,2,4,4,0,0,191,254,23,1,0,0,0,0,123,255,0,1,0,1,0,0,0,0,1,3,0,2,0,0,2,2,0,2,252,156,0,0,0,3,0,1,83,253,88,0,0,1,2,0,1,0,0,0,0,0,0,4,2,0,0,2,252,97,1,0,0,0,1,9,198,219,1,0,1,0,1,0,2,0,0,0,0,1,0,0,1,0,1,0,145,210,28,0,1,12,59,178,253,139,1,0,0,0,0,1,1,0,0,2,0,0,0,2,0,7,0,0,13,160,241,169,167,217,251,224,118,13,0,0,0,0,4,2,3,0,2,1,0,0,0,2,0,0,0,0,0,0,92,149,191,147,69,21,0,0,5,1,1,1,1,2,0,0,0,0,0,2,0,0,0,3,0,0,0,0,0,0,0,1,0,0,0,0,0,0,2,0,0,2,1,2,4,2,1,0,0,3,3,0,0,0,1,3,0,2,0,1,1,0,1,0,0,0,0,0,1,0,0,0,2,0,0,3,0,0,0,0,3,0,0,0,0,0,1,0,0,0,0,0,0,1,1,0,0,0,1,0,0
0,0,1,0,0,2,0,0,3,4,1,3,1,0,0,0,0,0,0,0,0,3,0,0,0,0,0,1,0,2,1,0,1,0,0,2,3,0,0,0,0,0,1,0,0,0,2,0,0,0,0,0,0,1,0,0,0,0,0,0,3,0,1,0,0,0,0,0,0,2,0,0,2,0,0,1,2,1,0,0,0,0,0,0,0,0,3,0,1,0,0,2,2,3,3,1,1,1,0,1,0,0,0,0,0,0,0,1,0,0,4,2,0,0,2,0,1,0,3,18,21,22,13,15,15,0,0,0,2,0,0,0,4,0,5,0,0,0,2,3,3,0,0,0,25,148,196,251,255,251,241,233,232,158,119,33,0,0,0,4,3,0,0,0,0,0,0,0,3,0,0,0,205,253,253,216,195,198,197,195,255,252,252,240,158,74,8,0,0,0,0,2,0,0,0,1,0,0,0,0,106,253,52,3,0,2,2,0,22,32,98,120,230,254,191,35,0,0,3,3,0,0,1,2,0,0,2,0,8,80,38,3,3,1,0,1,0,0,4,0,31,124,253,158,0,1,0,0,3,3,0,0,0,0,0,0,0,0,0,2,4,0,0,0,0,0,1,0,28,120,252,216,0,0,0,1,2,1,0,0,3,0,0,0,0,0,0,2,0,0,0,0,22,70,137,159,243,251,202,56,2,0,0,0,0,0,0,2,0,0,0,0,0,2,0,2,59,168,233,184,219,255,252,203,175,81,7,0,0,0,1,0,0,0,0,0,0,0,1,1,1,1,0,0,223,255,251,255,252,242,118,18,0,1,0,1,0,2,0,1,0,0,0,0,3,0,0,1,3,0,3,0,95,171,213,216,245,252,253,253,166,82,9,1,1,3,1,0,0,0,3,2,0,0,2,0,3,2,2,3,0,0,2,0,27,74,134,211,253,252,201,71,0,1,0,1,0,2,1,0,3,0,0,0,0,0,0,0,0,0,0,2,3,0,0,4,72,172,255,246,172,18,0,2,0,1,0,1,2,3,2,0,15,195,111,0,1,2,0,0,1,0,2,1,2,1,82,241,254,217,33,0,0,3,0,2,0,3,0,0,96,253,80,3,1,3,0,0,0,1,0,1,2,1,2,37,168,253,222,28,1,0,2,0,0,0,5,0,49,243,232,96,5,0,0,0,2,2,1,0,3,0,0,0,1,143,254,207,0,4,0,0,1,0,0,0,4,87,243,255,205,86,0,0,2,0,2,0,4,5,0,0,0,4,216,251,4,0,2,0,0,0,0,0,2,2,42,127,241,252,208,178,97,84,21,16,0,1,0,2,10,91,242,248,2,0,0,2,0,3,1,2,0,0,0,0,29,149,218,251,255,254,255,239,194,193,155,190,216,253,232,51,0,2,0,4,0,0,2,0,0,0,0,1,0,0,1,37,120,131,154,117,172,195,211,219,196,123,16,0,0,0,0,0,0,3,0,3,0,0,2,0,3,1,0,1,2,2,1,3,2,0,5,7,0,0,0,2,1,2,0,0,2,0,1,0,0,2,1,0,0,0,0,0,0,0,1,0,0,0,0,0,2,0,0,1,0,0,1,1,0,0,0,3,0,2,1,1,4,2,0,3,1,0,0,2,0,0,1,0,0,4,0,0,3,1,2,0,1,0,1,0,1,0,0,0,0,1,1,3,1,0,0,1,0,3,0,0,1,1,1,1,0,2,1,0,1,0,0,1,0,0,2,3,1,1,3,3,2,0,0,0,3,0,0,0,0,0,0,0,0,2,0,0
0,0,3,0,1,0,1,0,2,0,0,2,2,0,0,0,0,0,1,0,2,0,3,0,0,0,3,2,0,0,0,0,0,0,0,1,0,2,2,1,0,0,4,3,0,1,0,0,2,1,1,0,1,1,0,2,2,0,2,0,3,0,0,1,0,2,0,0,1,0,1,0,0,2,1,0,0,2,1,0,0,0,2,2,1,0,0,0,0,0,0,1,0,0,0,3,2,0,0,1,0,0,1,1,0,1,3,0,3,1,3,1,0,1,0,0,0,2,2,0,0,0,0,0,1,0,0,0,3,0,2,1,0,1,4,0,0,0,0,0,0,0,0,3,0,0,0,1,0,0,0,0,0,2,0,2,0,27,195,253,121,0,0,0,1,0,1,1,0,1,0,1,2,0,0,0,0,1,0,0,1,3,20,29,53,16,112,248,236,0,0,1,1,0,2,0,0,0,2,2,2,0,0,0,1,0,0,0,89,171,254,255,251,146,0,158,239,25,2,1,0,0,0,2,0,2,0,0,0,0,1,0,0,50,145,234,237,249,254,233,212,99,2,206,206,36,0,0,0,2,0,0,0,4,1,0,0,1,4,17,136,231,253,253,79,177,56,75,42,0,74,253,123,1,0,2,0,1,1,0,0,0,3,0,0,3,1,161,255,255,226,132,6,0,0,0,0,45,231,98,17,0,3,0,0,0,0,0,0,1,3,1,0,0,38,242,254,154,21,3,0,2,0,0,38,229,161,0,1,2,0,1,1,1,2,0,2,0,0,0,2,3,81,255,188,0,1,0,0,0,0,2,110,225,17,1,0,0,0,0,0,3,0,0,0,1,0,1,0,0,78,251,211,32,2,2,1,2,1,18,205,97,1,1,1,2,2,0,2,0,0,3,0,0,2,0,1,0,16,202,252,219,51,0,0,2,0,23,207,7,2,3,0,3,1,0,0,0,1,0,1,0,0,2,4,0,1,0,133,231,254,157,25,0,13,187,236,16,0,0,0,2,1,0,0,0,0,2,0,1,0,0,4,2,0,0,17,46,221,251,232,177,153,251,167,0,0,0,2,0,3,1,0,0,1,1,1,1,0,0,1,0,1,0,0,0,5,146,245,249,252,252,169,4,1,0,3,0,1,0,0,0,0,0,3,0,0,0,1,0,0,0,3,0,0,1,39,207,252,252,252,166,9,1,1,0,0,2,0,0,0,0,3,1,0,0,1,1,0,0,2,0,0,1,136,254,211,67,187,253,58,0,3,0,0,2,2,0,0,1,0,0,0,0,0,0,0,0,0,0,0,20,240,254,38,0,50,244,57,0,0,0,0,0,0,0,0,0,0,1,3,1,1,1,0,0,2,1,0,153,253,167,3,25,227,176,10,1,0,1,4,0,1,2,0,0,1,0,0,0,0,0,0,0,5,0,1,117,251,154,16,197,250,50,0,3,0,0,1,0,1,1,2,2,2,3,0,0,0,1,0,0,1,0,2,6,215,245,239,253,152,0,0,0,2,0,0,2,0,2,0,0,2,0,0,1,0,0,0,3,1,0,3,0,47,229,231,105,1,0,0,0,1,1,0,2,0,0,0,1,0,1,0,0,0,4,1,1,0,0,0,0,0,0,1,0,0,0,3,1,1,0,0,0,0,2,0,0,0,0,0,2,0,0,2,0,2,0,1,0,0,0,1,2,0,0,2,0,0,0,0,4,0,0,1,0,3,0,2,0,3,0,2,2,0,0,0,0,0,0,0,0,1,0,1,2,0,0,3,0,0,1,0,3
0,0,1,0,0,0,1,0,0,1,0,3,0,0,0,0,0,0,0,0,1,1,0,2,1,0,0,1,3,1,0,0,1,0,0,0,0,2,0,1,3,1,0,0,1,0,0,0,0,0,0,0,0,0,2,2,0,3,0,0,1,1,0,1,0,1,0,0,0,0,0,0,0,2,1,0,0,0,2,0,1,0,0,2,0,0,2,1,0,0,0,1,4,0,2,2,0,1,2,0,1,0,0,1,0,0,2,0,1,0,0,0,0,2,2,0,0,2,0,0,3,0,4,2,0,0,0,1,1,3,3,0,1,0,0,0,0,0,0,0,0,0,0,0,0,0,0,0,0,1,2,0,107,154,215,255,255,255,252,167,66,2,0,0,0,0,1,3,0,0,0,1,0,0,2,0,2,0,111,210,249,252,252,250,246,240,252,252,210,7,3,0,0,0,0,0,3,0,0,0,1,1,0,1,6,132,247,253,190,113,89,52,0,3,132,254,201,6,0,0,0,1,0,0,0,3,0,0,2,2,0,2,108,253,238,63,1,0,3,0,1,8,207,255,90,0,0,0,1,2,0,0,0,0,1,0,0,0,0,0,119,254,222,4,0,4,1,1,1,85,253,248,52,2,0,0,5,0,0,0,1,2,0,3,2,0,0,2,68,232,161,1,1,2,0,0,29,226,252,88,2,0,0,1,0,2,0,0,0,3,0,0,0,0,0,0,0,24,7,0,1,2,0,1,96,250,234,24,0,0,1,2,0,0,2,0,0,0,0,0,3,0,0,3,1,3,0,0,0,0,1,120,249,244,84,0,0,0,3,3,2,0,0,0,0,0,1,0,1,0,0,0,0,1,0,3,0,1,20,222,254,126,0,1,0,0,2,0,1,0,0,0,2,1,0,0,1,0,1,0,0,2,1,1,1,0,154,251,175,0,1,1,0,0,0,1,0,0,2,0,0,0,1,0,0,1,0,3,0,0,0,1,0,120,236,210,19,0,0,1,1,0,1,0,0,0,0,1,0,2,2,0,1,1,0,2,0,0,1,0,52,233,254,88,0,0,0,0,0,0,1,0,0,2,0,0,0,4,0,1,0,1,0,1,0,0,3,4,224,253,163,9,0,0,15,65,184,167,133,2,1,1,1,0,0,0,0,0,0,1,0,4,3,0,13,172,253,162,0,27,95,174,253,253,207,47,0,0,1,3,0,3,2,0,0,0,1,0,2,0,0,4,164,252,233,56,141,236,255,242,159,43,7,2,0,1,0,0,0,0,1,0,0,0,4,2,3,2,0,1,232,253,255,253,254,254,111,40,0,0,0,0,2,2,0,0,0,0,0,1,0,0,1,0,0,0,10,161,250,253,254,227,139,19,1,2,0,0,0,0,0,2,0,1,0,1,3,0,0,0,0,0,0,25,181,255,255,189,107,15,2,2,1,1,3,0,2,2,0,3,2,0,0,0,0,1,0,0,1,1,4,212,255,235,108,6,1,4,1,0,0,0,1,0,0,1,0,2,0,0,1,0,0,0,0,0,4,3,2,184,208,70,0,0,0,1,1,0,0,0,1,1,0,1,3,0,1,1,0,0,0,2,3,0,0,1,0,1,0,1,0,0,1,0,2,0,2,0,0,0,1,1,2,0,0,0,0,0,0,0,1,1,0,0,0,0,2,0,2,0,0,3,0,0,1,0,0,0,2,0,0,0,1,0,0,3,0,0,0,0,0,0,0,0,2,0,0,0,0,0,0,0,0,1,3,0,0,0,2,1,3,0,1,0
1,0,0,0,2,0,1,0,0,1,0,2,1,5,0,1,0,1,1,2,0,0,0,1,0,2,0,0,1,0,1,6,0,3,0,1,0,0,4,0,0,0,1,0,0,0,2,0,1,2,1,0,2,0,3,1,0,0,0,0,3,0,1,0,1,3,1,0,0,0,0,0,0,0,4,0,2,0,1,0,3,2,2,2,0,0,0,0,4,1,0,2,0,0,1,1,0,0,0,0,0,2,1,3,0,0,0,0,0,0,0,1,0,0,2,1,2,0,0,2,0,2,0,2,0,2,2,0,0,0,1,2,0,1,2,0,0,0,2,2,0,0,1,0,0,0,93,207,254,1,0,2,0,1,113,250,225,37,0,0,0,0,0,0,0,0,0,0,4,0,0,1,1,71,246,252,255,125,1,2,1,2,114,255,255,81,0,0,2,2,1,0,0,3,0,0,0,0,0,4,1,84,255,254,254,111,2,0,0,0,110,250,254,199,24,0,0,0,0,0,0,1,0,2,2,0,3,0,0,87,252,253,254,0,0,4,0,0,43,233,253,250,115,0,0,0,3,1,2,0,2,0,2,1,1,0,2,87,254,255,252,5,2,0,0,1,0,146,254,252,191,2,1,5,1,1,0,0,0,1,0,0,0,3,0,83,254,255,254,1,0,0,0,4,0,82,252,254,252,0,0,2,0,0,0,0,0,0,0,1,2,0,4,84,250,251,253,4,0,1,3,0,0,87,250,255,253,164,5,0,0,0,0,1,2,0,1,0,2,4,25,200,255,251,254,2,1,0,2,0,1,15,210,251,250,250,28,0,2,0,0,2,1,0,0,0,0,0,112,254,253,252,252,32,76,168,165,171,108,18,181,253,248,254,119,0,1,0,2,0,0,0,0,0,0,1,113,252,250,251,253,253,255,254,254,252,254,213,89,253,251,252,169,5,0,0,2,1,0,2,0,0,0,1,66,242,253,254,253,253,253,253,252,251,255,254,255,252,252,255,166,0,1,1,2,1,0,0,0,0,0,1,1,101,253,251,251,255,178,167,154,105,253,250,254,254,252,253,167,0,0,0,1,0,0,0,0,0,0,1,0,20,55,52,55,54,5,0,0,0,56,56,56,189,253,253,235,76,0,0,0,0,0,0,0,3,0,1,0,3,0,0,0,0,0,3,2,0,0,0,0,78,252,254,251,201,13,2,2,1,0,2,0,2,2,0,3,3,1,2,0,0,0,0,0,0,1,0,0,14,188,251,254,255,86,2,0,0,0,0,0,0,2,1,0,0,3,4,0,0,2,0,0,0,0,0,0,5,77,254,252,248,83,0,0,0,0,0,2,0,0,6,0,0,1,0,0,1,0,0,0,0,0,0,0,0,1,255,252,252,82,3,1,2,0,2,0,2,0,0,0,0,1,0,0,1,1,0,0,2,2,0,0,1,0,250,252,251,116,0,0,0,1,3,0,0,0,0,0,0,1,0,0,1,0,3,0,1,1,0,0,0,0,237,251,247,209,0,1,1,0,0,0,0,0,1,3,0,2,0,0,1,1,0,0,2,2,1,0,0,2,51,160,255,86,1,0,0,0,0,0,0,0,0,0,0,0,0,0,0,2,0,0,3,2,1,3,0,1,0,0,0,1,2,0,0,0,0,1,1,0,3,0,0,1,0,2,0,2,2,0,1,0,0,0,0,0,2,3,2,2,0,0,1,2,0,0,0,0,0,0,1,0,0,0,0,0,0,1,3,0,0,1,2,2,1,0,0,0,0,1,2,0,0
0,0,0,0,0,0,0,0,0,0,0,0,0,0,1,0,1,1,1,1,1,0,1,2,0,2,0,3,0,3,0,0,0,3,2,1,0,0,0,0,3,1,1,0,2,0,0,0,0,1,0,0,0,0,0,0,1,0,0,0,0,0,0,2,0,0,0,0,4,1,2,1,0,0,0,0,0,1,0,0,0,3,0,2,0,0,2,1,1,0,1,0,0,0,0,2,0,2,0,0,3,0,0,2,0,3,0,1,0,1,0,0,1,2,0,0,1,0,0,0,4,5,8,53,172,132,132,35,66,6,0,0,2,0,0,0,0,1,1,0,1,0,1,1,0,0,3,0,1,155,253,254,255,252,255,255,253,254,117,3,1,4,1,0,0,1,0,0,0,1,3,2,0,1,2,1,11,212,255,255,255,252,255,250,255,255,250,39,4,0,0,0,3,1,2,0,0,1,0,0,0,2,1,2,39,255,255,254,254,235,229,225,250,245,89,0,0,0,0,1,1,1,0,0,1,0,0,0,0,0,0,10,214,253,255,253,142,30,1,0,78,68,0,0,0,0,0,1,0,2,0,3,3,0,0,0,3,0,0,17,255,253,251,255,82,1,0,0,2,0,0,2,0,1,1,1,2,0,4,0,0,3,1,0,1,0,4,122,255,255,252,254,103,10,41,79,168,169,166,165,59,2,1,1,0,2,0,0,1,0,1,0,0,0,11,254,249,251,253,253,240,190,255,250,255,255,253,253,253,128,5,0,0,0,0,2,3,0,0,2,4,2,14,253,252,255,255,255,255,255,254,255,251,253,248,252,252,251,107,1,0,1,0,0,0,0,0,0,0,0,14,255,255,253,255,255,254,255,252,237,190,191,210,255,254,251,142,0,2,3,0,0,0,0,1,2,0,0,9,225,253,252,252,253,241,185,153,47,0,2,18,225,254,255,143,0,0,3,0,2,0,0,0,3,0,0,2,46,254,254,253,185,49,0,0,0,0,0,2,220,252,255,142,2,0,1,0,1,2,0,0,1,0,0,0,2,124,172,156,16,1,0,1,4,1,0,68,247,255,255,103,0,0,1,1,0,0,1,1,0,0,1,0,0,8,35,2,0,1,0,1,0,0,1,191,253,254,253,19,0,0,1,0,0,0,0,7,3,0,0,2,7,170,228,127,1,1,3,0,0,0,30,228,255,253,215,12,0,1,2,1,0,0,0,0,1,1,1,0,13,211,252,252,142,33,0,1,2,30,211,255,253,255,38,0,0,0,0,1,1,0,0,1,1,0,4,1,1,146,255,255,255,241,233,232,232,240,254,252,254,213,14,1,0,2,0,1,0,1,0,1,0,1,0,0,2,92,255,254,255,252,253,254,255,252,254,253,254,39,0,0,0,0,0,1,2,1,1,0,1,1,1,0,0,0,29,154,253,254,253,253,252,255,254,253,109,3,2,0,2,4,3,0,0,0,0,3,0,2,2,0,2,0,4,0,6,89,159,254,221,129,129,24,0,0,0,0,1,0,0,0,1,1,0,0,0,0,0,0,1,0,2,0,1,2,2,0,0,1,2,0,0,1,0,0,1,0,0,0,1,1,1,3,1,2,0,3,0,0,4,2,0,2,0,0,0,3,0,0,3,1,1,1,1,1,0,0,0,0,0,0,0,0,2,0,0,0,0,0,0,1,0,0,1,0,0,3,1,0,2,0,0,1,0,0,0,0,1,0,1,0,0,0,0,0,0,0,1,1,0,2,1,0,0,0,0,1,0,0,1,0,1,0,4
1,3,1,0,0,0,0,0,0,0,0,0,0,0,0,0,0,0,0,0,3,1,1,1,4,0,3,0,0,0,2,2,1,2,3,2,0,0,2,3,1,2,0,2,1,0,0,0,0,0,0,1,0,2,0,2,0,0,0,2,0,0,4,2,2,0,0,0,2,0,2,0,0,0,0,0,1,0,0,0,3,0,2,0,3,1,0,0,0,0,0,3,0,1,0,0,0,0,1,0,0,0,1,0,2,0,0,0,3,0,0,2,2,0,0,2,0,0,1,2,0,0,0,2,0,0,3,1,1,1,2,2,2,0,3,0,0,2,0,0,2,1,0,1,3,1,4,0,0,0,1,3,62,128,255,255,255,129,64,2,2,0,0,0,0,1,1,0,2,0,3,1,0,0,0,1,3,0,1,126,255,253,255,254,255,255,251,62,0,0,0,0,0,1,0,0,1,0,0,0,0,0,0,0,0,1,193,255,255,253,252,255,255,254,255,194,0,0,0,4,0,1,0,1,1,0,0,4,2,0,2,0,1,129,255,255,255,253,252,255,255,253,255,189,0,0,2,2,0,0,1,0,0,0,0,1,0,3,1,6,63,255,254,253,254,63,131,255,255,255,255,192,0,1,0,1,0,0,0,0,0,0,0,1,0,1,3,3,252,254,253,193,0,0,0,0,190,255,255,255,65,2,0,0,2,0,1,0,0,0,2,1,0,0,0,189,255,253,255,0,0,0,0,1,3,195,255,254,253,1,2,2,3,0,0,0,0,1,0,1,1,0,63,253,252,255,195,0,0,0,2,1,1,3,191,255,255,129,1,0,1,3,0,0,0,0,0,0,0,2,126,254,255,189,0,1,1,0,1,0,0,0,64,253,253,127,3,0,1,3,0,4,1,0,0,0,4,3,191,254,254,127,2,0,0,0,0,2,0,0,4,191,255,192,0,0,2,1,2,1,0,0,0,1,0,1,255,253,254,1,0,0,0,0,0,1,0,2,0,128,255,255,0,3,0,4,2,0,0,0,0,0,2,1,254,254,193,0,1,1,0,0,1,4,1,0,0,128,254,253,1,0,0,0,0,0,0,0,1,0,0,0,254,254,130,2,0,0,1,0,0,2,0,0,0,129,251,255,1,0,0,0,1,0,1,4,3,1,0,1,254,255,125,2,0,0,0,0,0,0,3,1,1,190,255,255,0,0,1,2,2,1,0,0,0,1,0,0,192,254,192,0,2,0,0,3,0,2,0,1,63,255,255,254,0,0,1,0,1,3,0,0,1,0,0,2,128,251,255,133,2,0,2,2,0,0,1,0,191,254,253,127,0,1,6,0,2,3,0,0,0,1,0,0,63,189,255,252,125,129,1,5,1,63,191,255,255,255,255,61,0,1,0,0,0,0,1,0,0,1,0,0,0,61,253,255,255,255,255,255,255,255,255,254,252,254,2,3,0,0,1,0,0,3,2,0,1,0,0,3,1,2,63,130,255,253,255,253,253,254,255,255,190,65,2,0,0,0,0,1,0,0,2,0,0,0,0,2,0,0,0,2,0,129,195,191,125,128,128,3,0,0,2,0,1,0,0,0,2,0,0,0,3,0,0,3,0,1,1,0,0,0,0,2,0,2,0,0,0,4,0,0,0,1,0,2,0,0,0,2,2,0,0,1,4,1,0,0,1,0,0,3,0,0,0,3,2,2,0,0,2,0,0,4,1,3,0,0,0,0,8,1,0,1,1,1,4,0,0,2,0,0,0,0,1,1,0,0,3,1,0,1,4,0
0,1,0,0,0,4,2,1,0,0,0,0,1,0,0,1,2,0,2,0,0,0,0,0,0,1,0,1,1,1,2,0,0,2,0,5,0,0,0,0,0,2,4,2,1,0,3,1,0,0,0,0,0,0,0,3,1,0,0,0,1,1,1,3,0,0,0,1,0,0,2,0,0,0,0,0,0,0,0,1,0,0,0,2,0,1,1,1,3,0,0,2,3,0,0,0,0,1,0,0,2,1,3,0,0,2,0,1,0,0,0,0,0,0,0,0,0,2,0,0,0,0,42,126,254,253,251,231,107,1,0,1,1,0,1,0,1,1,0,0,2,0,1,1,4,3,0,3,5,99,212,254,254,244,242,251,251,71,2,0,0,3,0,0,0,2,0,1,2,0,0,0,0,3,0,8,158,253,253,218,114,0,7,252,251,81,5,0,0,0,2,0,4,1,0,0,0,0,2,0,1,0,2,67,252,251,127,13,0,1,6,253,253,83,2,0,0,0,0,0,1,1,0,2,2,0,3,2,2,0,0,190,255,85,0,2,0,0,5,253,250,59,3,0,0,0,0,0,3,0,0,0,1,2,0,1,0,2,26,183,216,9,0,0,0,0,55,250,243,43,0,0,0,2,3,1,0,0,0,2,0,1,0,0,0,1,0,42,80,0,1,0,0,15,194,255,243,26,1,0,0,0,0,0,1,2,1,1,1,2,0,1,0,2,0,0,0,3,0,0,69,241,255,250,254,143,5,0,0,0,0,2,0,0,1,0,1,1,0,0,0,0,0,1,0,0,0,15,215,252,252,195,239,253,203,132,0,0,0,1,0,0,1,0,0,1,2,0,1,0,0,0,4,2,4,39,253,254,169,0,47,183,254,255,141,11,2,1,0,0,0,0,0,0,2,0,0,0,0,1,0,0,0,41,249,151,29,0,0,45,158,253,250,65,1,0,0,0,0,2,0,0,0,0,0,2,0,0,1,0,0,0,3,3,0,1,1,0,3,118,253,65,0,1,1,0,0,0,0,1,0,0,0,4,0,0,0,1,0,1,0,1,0,0,0,0,2,83,253,64,0,1,1,2,0,0,0,0,3,2,1,0,4,7,135,118,19,0,0,0,0,0,2,2,0,111,250,62,0,0,0,1,0,0,0,4,2,3,0,0,1,22,252,254,79,0,0,0,1,3,0,0,13,218,234,36,0,0,0,0,0,3,0,0,0,0,0,1,2,91,252,251,100,0,0,0,0,0,1,81,185,255,217,2,1,0,3,0,0,3,0,0,0,0,1,3,1,198,253,254,203,133,133,133,133,60,137,248,253,240,111,0,0,3,2,1,1,1,0,0,3,2,1,0,0,48,251,249,252,255,251,252,251,253,254,253,246,76,0,2,1,0,4,4,0,0,0,1,0,0,0,0,0,6,106,252,251,251,253,253,252,254,255,216,19,0,0,0,0,0,0,3,1,0,2,0,0,1,2,3,0,0,5,98,154,169,218,233,153,96,56,40,0,0,0,1,2,0,2,0,0,0,0,0,2,0,2,0,1,0,0,2,1,2,2,0,0,2,0,0,2,0,0,1,0,3,0,0,2,0,0,0,0,0,0,0,3,0,1,1,0,1,3,0,0,0,0,5,1,0,0,0,2,3,0,0,0,0,0,0,0,0,3,0,0,0,0,0,0,1,3,0,0,1,2,0,1,0,0,0,0,0,0,0,0,0,0,1,0,0,1,4,0,0,5,2,0,0,1,1,1,0,0,2,0,2,0,3,0,2,5,4,3,2
0,0,0,0,0,1,2,0,0,0,0,2,2,2,0,5,0,0,0,0,3,1,2,1,0,2,1,4,1,0,0,0,3,0,0,0,0,0,0,1,0,1,0,1,0,0,0,0,0,0,0,0,0,0,0,0,3,2,0,0,0,0,0,0,1,0,0,0,3,0,2,0,0,0,0,0,1,2,0,1,0,0,0,0,3,0,0,1,0,0,1,0,0,0,0,1,0,3,1,0,0,0,0,1,0,2,0,1,0,0,0,0,2,2,1,2,0,1,0,0,0,0,0,1,0,0,1,0,1,0,2,0,1,3,0,0,0,0,0,0,0,1,3,0,3,0,1,0,0,1,1,1,0,0,25,100,154,253,126,0,2,2,1,0,0,0,4,0,0,0,0,0,0,0,3,0,0,0,0,1,0,19,183,253,244,200,32,0,1,0,0,0,1,0,1,2,0,1,0,1,0,2,2,2,2,0,3,1,18,189,252,254,79,0,1,1,0,0,0,0,1,0,1,1,0,0,2,1,0,1,0,0,0,1,3,2,32,251,255,213,2,0,1,3,1,0,0,1,2,0,0,0,0,1,1,0,0,3,2,0,3,2,2,0,31,253,253,97,0,1,0,2,2,0,0,1,3,0,0,1,1,0,2,0,1,0,0,0,0,2,0,0,32,255,252,92,0,0,0,0,0,1,2,0,0,0,0,0,2,0,0,3,0,1,1,1,1,2,0,1,32,251,253,95,2,0,0,1,0,3,0,1,1,0,0,0,3,0,0,2,0,1,0,2,0,0,0,1,30,250,252,175,2,2,1,1,0,1,0,0,3,1,0,0,0,1,0,2,0,2,1,2,0,0,0,3,32,252,253,251,0,0,3,0,2,0,0,1,0,2,1,2,1,3,3,0,2,2,1,0,0,3,1,0,32,255,251,254,1,0,0,0,0,0,0,0,4,0,0,1,0,0,0,0,0,2,0,0,0,1,1,0,32,255,254,253,3,0,0,0,1,0,0,0,0,1,0,0,0,0,0,2,1,0,0,0,0,0,0,0,32,255,250,250,121,2,0,0,2,2,0,0,3,0,2,0,2,0,1,0,0,0,3,1,0,0,0,0,36,252,252,255,158,1,2,2,1,0,0,0,0,0,0,1,0,0,2,0,2,2,0,1,0,1,0,1,27,219,253,254,158,1,0,0,3,0,1,0,0,0,0,1,1,1,0,0,0,1,0,0,0,1,2,2,1,128,250,250,159,0,0,0,0,0,0,0,0,2,0,0,0,0,1,1,0,1,0,0,0,1,0,0,0,124,253,255,160,0,0,0,2,1,0,0,4,3,2,0,2,0,0,0,0,0,1,0,3,0,0,0,0,30,228,255,157,0,1,0,0,1,2,0,1,1,0,1,0,1,2,1,0,0,0,2,1,0,0,1,0,2,224,254,159,0,0,0,2,0,2,3,0,1,0,0,0,1,0,0,0,2,0,0,2,1,0,0,1,0,80,249,245,52,0,3,0,0,1,1,2,2,0,1,0,0,3,1,0,0,0,0,1,3,3,5,0,0,65,253,251,161,2,0,0,2,0,5,0,0,2,0,0,1,0,0,1,1,0,0,0,4,0,1,0,2,1,1,0,2,1,0,2,0,0,3,3,0,0,0,0,0,0,2,2,1,0,0,0,0,2,1,0,0,1,1,3,0,1,0,2,0,1,1,2,0,0,0,2,0,0,0,0,2,0,0,1,1,0,0,0,1,0,2,0,0,0,0,0,2,3,1,4,0,0,2
1,0,0,0,0,3,0,0,0,0,1,0,0,1,1,0,1,0,0,0,2,2,1,1,1,3,0,0,0,0,1,1,0,2,0,0,1,1,0,0,3,0,1,1,1,0,0,1,0,0,1,0,0,0,0,0,0,0,0,0,0,3,0,0,0,2,0,1,1,3,0,1,1,1,0,0,0,1,0,3,1,0,1,0,0,0,0,1,0,0,0,0,0,0,0,0,1,0,0,0,0,2,0,1,1,0,0,0,0,1,0,0,0,0,0,0,0,0,0,2,0,0,3,0,0,0,2,1,0,0,0,0,2,2,0,2,0,1,2,0,4,0,4,0,1,0,1,0,0,0,3,1,0,0,1,1,4,0,4,0,0,1,3,0,1,0,0,0,0,0,0,0,1,1,2,1,0,0,1,0,2,1,0,0,0,0,2,0,2,2,5,0,0,1,2,0,0,0,0,1,2,3,0,0,2,0,0,2,1,3,1,1,0,0,0,0,1,0,2,1,2,2,1,4,0,0,0,1,1,4,0,1,0,1,41,29,49,51,132,150,191,213,210,22,4,0,1,3,0,0,1,0,3,1,0,101,185,206,202,202,202,203,245,233,254,254,249,250,251,253,251,102,1,3,0,1,2,0,0,0,0,2,60,251,252,252,255,255,252,244,244,205,242,225,119,102,183,251,254,99,2,0,4,2,0,0,0,0,0,0,22,173,250,253,252,255,252,118,40,0,38,19,1,4,85,251,252,62,2,0,0,1,0,0,0,0,0,0,1,2,2,2,0,63,98,2,0,0,2,0,0,3,104,254,255,1,0,3,0,0,1,3,0,2,1,0,2,3,0,1,0,1,6,1,1,0,0,0,0,2,142,255,250,1,2,0,0,0,0,0,0,0,6,0,2,0,1,0,2,2,0,0,0,2,1,0,0,0,204,255,254,3,0,1,4,0,1,0,0,0,2,0,1,3,0,2,0,0,0,0,0,2,3,1,1,0,203,255,252,0,0,1,0,2,4,1,3,0,0,5,0,0,0,0,2,0,0,0,2,0,2,0,0,3,203,255,211,2,0,0,0,0,1,1,0,0,0,0,0,1,3,0,0,4,0,0,4,3,0,2,0,0,202,254,254,1,0,0,0,4,1,0,3,1,0,0,0,0,0,1,0,0,0,0,0,1,2,1,2,4,205,255,195,0,1,0,0,2,0,0,0,0,5,0,0,0,3,1,1,0,1,0,0,1,2,1,0,44,242,251,112,0,0,1,2,0,3,0,0,0,0,2,0,2,1,0,2,0,0,3,3,0,0,1,0,50,251,254,51,0,0,1,1,2,0,0,4,2,0,1,2,0,2,3,3,0,2,1,0,1,1,1,0,48,252,252,47,0,0,3,2,1,4,4,0,0,0,1,0,0,0,1,0,0,1,0,0,0,0,0,0,174,255,205,0,1,2,0,1,0,0,1,0,2,0,0,1,0,0,0,1,4,0,2,0,0,2,0,41,255,252,200,0,2,2,0,0,0,0,5,0,1,0,0,0,2,0,0,0,0,1,0,0,0,2,0,84,253,252,64,1,0,0,1,2,1,0,1,0,0,1,0,0,0,0,0,0,0,0,3,1,0,1,2,83,250,252,101,1,0,1,0,0,0,0,1,1,0,0,1,0,0,0,1,1,0,1,2,0,3,0,0,100,255,250,104,2,0,1,4,0,0,3,0,1,0,0,1,0,3,1,1,3,0,0,3,1,0,0,0,20,212,176,22,1,1,0,1,0,1,0,0,0,0
0,0,0,1,1,0,0,0,3,0,1,0,1,0,0,0,1,0,2,0,0,0,0,1,0,0,1,1,3,0,2,2,2,1,1,3,0,0,0,0,0,0,0,0,0,0,1,0,0,3,0,3,0,0,1,0,0,2,1,0,0,1,4,0,1,1,0,2,0,2,2,0,0,0,2,1,3,0,1,0,2,0,1,2,0,0,0,0,0,1,0,1,1,0,3,0,0,1,1,0,1,1,0,0,0,0,0,0,0,2,0,1,0,0,0,0,0,0,0,1,1,0,0,0,0,0,0,0,0,0,0,0,2,1,0,3,1,0,0,1,0,2,0,0,0,0,0,0,0,0,0,0,3,2,0,0,0,1,4,5,0,1,0,0,2,4,0,0,0,0,3,0,2,0,1,4,0,0,0,0,12,73,140,217,254,250,57,0,2,0,0,0,0,2,0,1,2,0,3,0,0,0,0,0,1,5,7,68,203,255,254,255,252,252,132,2,1,1,1,0,0,0,4,2,0,0,1,1,3,0,3,0,0,110,225,255,251,248,127,120,211,254,114,1,0,0,0,0,0,0,0,0,0,0,0,2,0,1,0,0,0,202,255,234,107,27,0,12,222,253,63,1,2,3,1,2,0,0,0,0,0,1,2,0,0,1,0,3,0,115,201,171,0,3,0,63,254,249,58,0,0,1,0,0,0,0,2,0,0,0,0,1,2,3,3,0,1,1,5,73,1,0,0,160,255,174,0,0,0,0,0,1,0,0,0,0,0,0,0,1,0,0,1,0,0,0,2,0,1,1,7,233,254,96,1,0,0,0,0,0,1,2,2,0,0,0,2,3,0,0,0,0,0,0,0,0,0,0,55,255,232,18,3,0,0,1,1,0,0,0,0,2,0,2,0,0,1,0,1,2,0,1,0,0,0,2,203,253,152,3,0,0,0,0,0,1,4,0,0,1,2,1,0,0,0,1,2,0,0,0,0,0,0,24,237,255,60,3,0,1,2,1,0,3,0,0,0,0,2,0,2,0,0,0,0,0,0,4,0,1,0,167,253,201,1,3,3,0,0,0,0,0,0,0,0,0,2,0,1,0,0,0,0,0,0,0,0,0,1,228,255,116,1,0,0,0,0,1,0,2,0,0,3,0,2,0,3,0,3,0,0,0,0,0,0,0,84,249,250,21,1,1,0,4,3,1,0,0,0,1,1,0,2,0,0,1,4,0,0,0,0,0,0,1,129,251,244,1,0,1,0,0,1,0,3,0,2,0,0,1,2,0,0,0,0,3,2,4,0,0,0,0,142,251,174,2,2,1,0,2,2,0,0,0,1,1,0,2,4,0,1,0,0,0,0,1,0,1,2,6,208,255,66,0,1,1,2,1,1,0,0,0,0,0,0,0,1,3,1,0,0,0,0,0,0,1,3,53,255,255,160,0,0,0,0,2,3,0,1,0,0,2,0,0,0,1,1,0,0,0,0,0,1,1,0,116,255,255,94,0,0,0,0,0,0,3,0,0,0,0,0,2,1,2,0,0,0,0,0,0,0,1,0,155,255,255,35,1,0,0,0,0,0,2,2,0,0,0,0,0,1,3,0,1,0,0,0,0,0,1,0,116,254,165,7,1,0,0,0,1,1,0,0,0,0,0,1,1,1,0,0,0,0,0,0,1,1,0,0,2,0,0,0,1,0,2,0,0,2,0,0,0,1,2,0,2,0,0,0,0,2,0,0,0,0,0,0,0,0,3,0,1,0,0,0,2,1,0,0,0,1,0,3,0
2,0,0,0,2,0,1,0,4,1,2,2,0,0,0,0,0,0,0,7,0,0,3,2,0,0,0,1,0,2,0,0,3,0,0,0,3,2,0,0,0,0,0,0,0,0,0,0,2,1,1,1,0,2,0,0,1,0,0,0,1,1,0,0,0,1,0,1,0,0,0,2,0,2,0,4,1,0,0,3,0,0,0,0,5,4,0,0,0,0,1,0,0,0,0,1,0,0,1,0,0,0,1,0,0,0,3,0,0,0,0,0,1,0,1,0,1,0,1,0,1,0,0,0,4,0,0,0,0,0,0,0,0,2,0,0,0,2,0,0,2,1,0,2,0,2,0,0,0,0,0,0,0,0,2,0,2,0,0,0,0,2,0,0,0,0,1,2,0,0,0,0,3,3,0,16,194,254,254,231,112,1,31,31,62,112,107,107,111,113,108,31,1,2,0,0,2,2,0,0,2,0,23,182,247,251,249,252,251,215,226,226,237,253,251,249,252,253,250,68,0,0,0,0,1,0,0,2,0,0,70,253,253,253,254,255,253,253,251,250,250,253,254,253,252,216,90,25,0,0,2,0,0,0,1,0,0,0,30,128,252,253,252,255,255,250,250,251,255,253,250,234,104,0,0,1,0,0,0,0,0,5,3,0,4,2,1,0,84,192,251,253,254,255,255,252,253,142,3,2,0,1,1,1,3,0,0,2,1,2,0,3,3,1,0,0,1,110,253,253,251,254,252,251,251,240,154,0,0,2,0,1,1,0,0,5,1,0,1,0,0,0,0,0,0,213,255,248,251,255,252,251,251,255,230,71,0,2,0,0,4,0,0,0,0,0,1,2,1,1,0,0,4,255,250,253,252,255,251,251,252,253,253,216,1,0,0,0,1,0,2,0,1,0,0,0,0,0,2,0,0,108,255,254,254,206,107,22,207,255,253,252,107,0,1,2,0,0,1,0,0,1,2,0,0,0,0,0,0,17,160,184,98,19,0,3,20,254,251,253,106,0,0,0,0,0,0,0,0,0,0,0,0,0,1,0,3,2,3,1,2,0,0,3,2,252,248,252,108,0,0,0,0,1,0,1,0,1,0,3,5,2,0,0,3,3,0,3,1,0,0,3,1,255,253,251,191,0,0,0,1,0,0,2,3,0,0,2,0,1,0,0,3,0,2,1,3,3,0,1,0,252,255,250,253,0,0,1,3,2,0,0,1,0,0,1,0,0,0,1,0,72,72,18,1,3,1,0,0,253,251,251,251,0,1,0,0,0,0,0,2,0,2,1,0,1,0,0,106,253,251,91,0,4,0,28,123,254,252,253,148,1,0,0,0,0,1,4,0,1,0,2,1,0,0,2,144,253,252,215,1,2,1,181,252,253,253,251,109,1,0,0,0,2,0,2,0,0,0,3,1,2,1,0,144,251,255,227,109,172,254,253,255,255,251,157,0,0,3,0,0,0,0,1,0,1,1,0,0,4,0,2,141,250,252,252,253,255,253,253,251,220,137,10,1,0,0,0,0,1,0,0,0,0,1,0,0,1,1,0,44,217,247,250,251,253,254,247,215,44,0,0,1,0,0,0,0,0,3,0,0,0,0,1,1,0,0,0,2,0,133,252,252,255,130,91,0,1,0,0,0,0,0,0,1,1,2,2,1,0,2,2,0,1,2,0,0,2,0,1,0,0,0,0,1,0,2,0,0,0,0,0,0,1,4,0,0,0,4,0,1,0,0,0,1,2,0,1,0,0,1,2,2,0,5,0,0,1,0,3,0,0,0,2
0,1,0,0,1,4,0,2,0,0,0,0,0,5,0,0,0,1,0,0,2,0,1,0,0,0,2,0,0,0,0,0,0,0,0,2,0,2,4,0,0,2,0,0,1,0,0,0,0,0,3,0,0,0,1,0,0,1,0,0,3,0,0,0,0,2,1,5,1,0,0,0,2,0,4,2,0,2,1,0,2,1,0,0,0,0,0,0,0,2,0,0,3,1,1,0,0,0,0,3,1,2,2,2,0,0,3,1,0,1,1,0,0,3,2,0,0,2,0,0,0,0,0,1,0,1,0,0,0,4,0,2,0,0,1,0,0,1,0,1,0,0,0,0,0,0,0,1,0,1,0,3,0,0,1,1,2,0,0,1,0,4,0,0,0,0,3,0,1,0,3,5,1,0,1,0,0,1,0,0,1,1,1,0,0,0,1,3,1,1,0,2,1,0,0,3,0,1,2,4,2,4,12,12,48,134,136,131,132,140,255,255,254,224,189,93,8,2,0,0,0,2,0,0,0,0,0,0,15,161,252,254,255,254,254,254,254,252,255,251,252,254,253,252,153,0,0,0,1,2,0,0,0,0,0,0,21,255,255,253,253,253,254,255,255,255,252,252,254,254,255,251,217,13,0,1,0,3,0,1,1,1,0,0,20,235,249,253,253,252,255,254,253,255,255,253,252,253,253,254,251,23,0,1,2,2,0,0,0,0,0,1,0,155,255,252,252,249,255,255,224,251,182,90,168,101,241,254,250,28,0,2,2,2,0,0,2,0,0,0,0,37,60,60,58,58,61,57,32,58,0,3,0,17,209,254,254,24,0,0,2,0,2,0,0,0,1,1,3,0,0,0,1,2,2,3,0,0,0,0,0,101,251,255,255,22,0,0,0,1,0,0,0,0,2,0,0,0,0,0,4,0,2,1,0,0,0,1,18,206,255,254,218,14,0,1,1,4,1,3,2,1,2,1,0,0,1,0,0,0,2,4,1,2,0,0,102,250,253,250,157,0,0,0,0,0,0,1,0,0,0,3,1,0,2,2,0,0,3,0,0,0,2,35,250,253,255,255,41,1,5,2,2,2,0,0,0,0,4,0,0,0,3,0,2,1,0,2,0,2,2,160,254,255,255,161,1,0,0,0,0,0,0,0,2,0,4,1,2,1,0,0,0,0,1,1,0,0,30,213,255,251,247,44,0,0,0,2,1,0,3,2,0,0,0,0,0,1,0,2,0,2,3,0,1,11,212,255,252,253,159,1,0,0,0,0,0,1,0,0,1,1,0,1,0,0,1,4,0,2,2,2,0,37,252,255,252,252,60,0,0,2,0,2,3,0,1,0,0,0,0,0,3,1,2,1,2,0,0,1,0,165,251,251,252,239,45,2,0,1,0,3,1,0,0,0,0,2,0,1,0,0,2,0,0,0,1,2,93,252,255,252,252,101,0,0,0,0,1,2,0,0,2,1,0,0,0,0,2,0,0,1,2,0,0,1,160,255,255,252,217,15,0,0,0,3,1,0,0,0,1,0,1,0,3,0,1,1,0,0,0,1,3,1,241,255,252,236,69,0,1,0,0,0,0,0,0,0,0,0,0,1,3,0,0,0,0,0,3,0,1,0,191,251,254,163,0,0,1,1,3,0,3,2,2,0,1,2,2,0,3,0,0,0,0,0,0,0,0,1,6,140,184,53,3,0,0,1,0,0,0,1,0,0,0,0,1,0,0,1,0,0,0,0,4,0,2,1,0,0,0,0,0,0,2,0,0,1,0,0,1,1,0,0
0,0,0,1,3,4,0,0,0,0,2,1,3,1,0,0,0,1,4,0,1,2,1,0,2,0,1,0,3,0,2,0,0,1,2,0,0,1,0,0,0,0,0,0,0,3,0,4,3,1,0,0,1,1,0,0,0,2,0,4,4,3,1,0,1,2,0,0,3,1,0,0,0,0,4,0,2,3,0,3,0,0,0,0,0,0,0,0,0,5,1,0,0,0,0,1,0,0,2,0,0,0,2,0,0,0,2,0,2,3,2,0,2,0,0,0,0,0,0,2,0,0,0,0,0,0,3,0,0,1,0,0,0,0,0,1,0,0,0,3,1,0,0,0,0,0,0,3,3,2,1,1,2,0,1,0,0,0,0,5,0,0,2,2,0,0,2,0,0,2,0,2,2,1,0,1,1,1,1,0,0,0,34,205,167,4,0,0,0,3,0,0,0,1,0,0,0,2,0,2,0,0,3,0,2,0,0,80,167,242,245,252,254,30,0,2,1,1,0,0,0,0,1,0,0,0,0,1,2,0,0,0,1,0,139,246,213,173,208,248,255,98,2,2,1,3,0,0,1,2,0,0,1,2,1,0,3,1,1,0,2,128,254,118,6,0,16,255,255,98,1,0,0,0,0,0,0,0,0,0,0,1,0,1,0,1,1,0,90,248,148,4,3,0,19,254,251,24,3,0,1,0,0,3,0,0,0,0,0,0,0,0,1,0,0,9,212,220,2,0,3,0,23,254,255,8,0,1,0,1,2,4,0,1,0,3,0,0,2,0,2,0,0,52,249,84,1,0,2,2,168,255,251,11,0,2,0,0,0,1,3,1,0,0,0,0,0,1,0,3,0,200,245,1,0,1,0,48,232,255,254,8,0,0,2,3,0,0,1,2,2,3,1,4,0,0,0,2,0,203,248,2,1,0,2,174,250,254,252,7,0,0,0,2,0,0,0,1,2,0,0,1,1,1,0,0,0,203,250,135,111,100,149,248,114,192,255,87,0,1,0,0,0,0,0,3,0,0,2,0,2,0,0,0,0,75,211,251,255,254,253,112,12,185,252,97,2,0,4,2,1,0,0,3,0,0,2,0,0,0,0,1,0,4,23,58,90,91,54,9,1,183,254,97,0,0,0,2,0,0,4,0,0,0,0,3,1,0,0,1,0,0,2,1,0,0,1,1,2,184,255,163,1,1,1,0,0,0,0,0,1,0,0,0,0,1,0,2,2,2,0,0,2,0,1,0,1,124,253,188,2,0,0,0,0,0,0,2,0,0,1,0,0,0,1,0,2,0,0,0,3,0,0,1,0,94,252,250,25,0,0,1,0,2,3,1,0,0,0,0,2,0,0,0,0,0,1,0,1,0,0,0,0,11,255,255,26,1,3,2,0,2,1,2,1,0,0,0,2,0,0,0,1,0,0,1,1,0,0,0,0,3,255,253,71,4,2,0,2,0,0,0,1,0,0,0,0,0,2,1,0,1,0,0,0,0,0,3,1,0,186,255,111,2,0,2,0,2,1,1,3,0,2,0,0,0,0,0,0,0,0,0,0,1,0,4,3,0,171,254,110,0,0,0,0,0,0,0,0,0,2,1,0,0,0,0,1,1,2,1,2,2,0,0,0,0,79,198,44,0,2,0,0,1,0,0,1,0,2,1,2,0,0,0,0,1,0,1,0,0,2,0,3,0,0,0,0,0,3,0,0,0,0,0,0,2,3,2,2,0,0,4,1,1,0,0,0,0,0,2,1,1,0,0,2,0,0,4,3,0,2,0,0,3
0,4,0,0,0,0,1,0,2,0,0,0,0,1,0,0,2,0,6,0,5,0,0,0,2,2,0,0,0,0,0,2,2,0,0,0,0,1,2,1,0,0,0,0,1,0,3,0,0,0,0,0,0,1,2,0,3,1,0,0,2,0,2,0,0,3,0,0,0,1,4,1,0,0,0,0,0,1,0,0,3,0,2,2,0,0,3,0,1,1,0,0,0,0,0,0,0,4,0,0,0,1,0,0,0,0,3,2,1,0,0,0,0,0,0,0,0,0,1,2,0,0,3,4,0,0,2,0,0,2,0,0,0,0,0,4,1,0,3,0,0,0,0,1,3,0,0,1,2,0,0,1,4,3,1,1,0,1,3,3,0,0,0,1,0,0,0,0,0,0,2,0,0,1,0,0,0,3,0,0,0,0,0,0,0,1,1,0,4,0,1,0,0,1,1,0,1,0,2,1,0,0,0,0,0,1,34,152,255,223,29,0,0,0,0,2,1,1,1,1,0,0,3,2,1,0,0,0,3,0,2,0,0,111,248,252,230,122,66,1,0,0,1,2,0,0,0,1,0,0,2,1,0,0,0,1,1,4,0,0,115,251,255,212,70,62,66,62,60,141,149,68,0,0,1,0,0,0,0,1,0,0,2,2,3,0,0,50,238,255,254,255,254,255,252,253,250,254,253,249,126,1,0,3,1,0,0,0,0,0,0,0,0,1,2,217,254,254,251,237,212,126,125,67,35,81,253,255,126,0,1,2,2,1,4,0,2,1,3,0,0,3,0,215,255,163,45,26,3,2,0,6,1,138,255,254,51,0,2,0,0,1,0,2,1,1,0,0,0,2,0,31,42,0,0,0,2,0,0,2,11,232,252,226,12,1,1,0,0,0,0,0,2,2,2,0,0,1,0,1,1,0,0,0,0,0,0,2,63,255,255,114,0,1,0,2,0,0,1,0,0,0,1,0,3,0,2,0,0,1,0,0,0,0,0,0,129,255,255,41,0,0,3,2,0,0,0,0,0,2,0,0,0,1,0,0,2,0,0,0,3,0,4,2,240,255,192,15,1,0,0,1,1,0,0,2,0,1,0,3,2,0,0,0,0,0,0,0,0,0,1,72,255,253,35,1,0,1,0,1,2,0,3,1,0,1,0,1,0,2,2,1,1,0,0,0,1,0,0,179,253,255,33,3,0,2,0,1,0,0,3,0,0,0,0,1,0,0,1,0,0,3,0,0,0,1,0,250,253,201,16,0,0,0,0,0,0,1,0,1,0,3,1,0,1,0,0,0,0,0,0,0,1,0,123,251,255,64,2,1,0,0,0,0,0,1,0,0,0,0,3,2,3,0,2,0,2,0,0,0,0,1,210,255,254,28,2,0,0,0,0,0,0,0,0,0,0,2,0,2,0,0,0,2,1,2,5,1,1,11,255,254,162,8,1,2,0,0,3,0,1,1,1,0,0,1,0,0,2,1,0,1,0,1,0,3,0,87,253,254,67,0,0,1,1,3,3,0,1,0,0,0,0,1,0,1,2,2,0,0,1,0,0,2,0,122,255,255,15,0,0,0,0,0,2,0,1,1,0,0,2,0,1,0,0,0,0,1,0,1,0,0,0,174,255,250,124,15,0,0,2,2,0,0,0,0,0,3,1,0,0,0,2,0,0,0,0,0,1,0,0,30,193,199,41,0,0,2,1,0,5,1,0,1,0,0,2,0,2,0,1,0,1,3,2,2,0,0,2,0,2,2,1,0,0,2,1,0,0,2,0,0,3,5
0,0,0,1,3,0,1,0,1,3,0,0,0,2,0,0,0,3,0,0,2,0,1,0,0,0,1,0,3,0,0,0,1,0,0,3,3,0,0,0,0,4,0,2,0,0,1,0,1,4,3,0,0,0,0,0,0,0,0,1,1,0,0,1,0,4,0,2,0,3,2,0,1,0,0,0,2,0,0,0,1,3,2,0,0,1,0,0,5,0,4,1,0,1,1,0,4,0,0,1,0,0,0,0,1,1,0,0,3,1,0,1,0,0,0,0,2,1,1,0,4,0,0,1,0,2,0,255,240,51,2,0,1,0,0,0,2,0,1,2,0,2,0,2,2,0,0,0,0,0,0,0,0,0,13,254,252,94,0,2,1,1,0,0,0,0,2,0,1,3,0,0,2,0,1,2,1,1,1,1,3,0,121,250,239,38,3,0,0,2,0,0,0,3,0,2,1,0,2,2,0,0,2,1,1,3,0,1,0,0,203,250,227,0,0,0,0,0,3,0,0,0,2,0,0,0,1,0,1,0,2,0,0,4,1,0,2,28,246,254,141,1,1,1,2,1,0,0,1,0,0,0,0,1,1,0,1,0,2,1,5,0,0,0,3,106,252,254,109,4,0,1,0,0,0,0,0,1,0,0,4,0,0,3,1,3,0,0,0,0,0,0,0,111,254,255,103,0,1,0,1,2,2,1,3,0,1,0,0,0,0,0,0,2,0,1,0,0,0,0,1,110,252,253,107,2,0,0,0,0,2,0,2,0,2,0,2,0,0,2,1,4,1,0,2,5,0,0,0,217,250,254,108,0,1,4,0,2,0,3,0,3,1,2,0,0,0,0,0,2,0,0,1,1,3,0,0,228,251,253,108,3,0,3,2,0,0,1,0,0,0,0,1,1,1,1,0,2,0,1,0,0,2,1,8,229,253,255,104,0,0,0,4,0,1,1,0,0,1,1,1,0,0,1,0,1,0,0,2,0,0,0,99,253,253,242,3,1,0,0,0,0,0,0,1,0,0,1,0,0,0,2,0,0,2,0,0,2,0,4,171,251,251,220,0,0,0,0,0,0,1,0,1,1,0,0,2,0,0,0,1,0,1,0,0,0,0,2,216,252,250,120,0,1,0,1,0,0,0,0,0,0,0,0,0,1,0,1,0,3,0,1,0,3,0,2,219,250,252,36,0,2,1,0,2,0,0,0,3,0,4,1,0,0,0,1,3,0,1,0,1,1,0,0,219,251,253,72,2,1,1,0,0,0,1,2,0,2,0,1,0,1,0,0,0,0,1,2,2,0,0,0,218,255,252,240,0,2,3,1,0,0,3,0,0,0,0,0,1,1,0,2,2,0,2,2,0,0,0,2,220,251,253,239,0,0,0,0,1,0,0,1,2,0,2,0,0,0,0,0,1,4,0,0,1,1,0,2,218,251,254,193,0,1,1,2,0,1,0,0,0,0,2,3,0,0,0,0,0,0,1,2,0,1,0,0,58,241,254,62,2,0,0,1,0,0,1,0,0,1,0,0,0,0,0,1,2,1,1,1,0,0,0,0,2,0,0,2,2,0,0,0,0,0,2,0,0,0,1,0,3,0,0,2,2,0,1,1,5,0,0,0,0,0,1,0,0,3,1,0,0,0,0,1,1,1,4,0,2,0,0,0,0,1,1,1,1,0,0,0,3,0,0,0,1,0,0,0,1,1,0,0,1,1,0,2,0,0,0,0,0,0,2,0,0,0,0,0,4,0,2,2,0,0,0,0,0,1,0,0,0,0,0,1
2,0,3,0,0,2,0,3,0,0,0,2,3,2,3,0,0,1,1,1,0,0,0,0,2,0,3,0,0,2,1,0,0,1,0,1,1,0,0,0,1,0,0,0,0,0,2,0,0,0,0,0,2,2,0,0,1,3,0,1,2,0,0,2,0,0,0,2,0,0,0,2,0,0,0,2,0,1,0,0,2,0,1,0,0,0,4,1,0,0,0,0,1,0,0,0,1,0,0,0,0,0,0,3,0,0,2,2,0,1,2,0,0,0,0,1,1,1,2,0,1,0,0,1,1,0,0,0,0,0,2,0,0,0,3,1,0,2,2,0,1,2,0,0,0,1,2,3,4,0,0,0,1,1,0,0,1,0,1,0,1,0,1,0,0,3,1,1,0,0,0,1,0,0,3,1,0,0,1,0,0,0,0,0,0,0,3,1,2,2,0,0,2,0,1,0,0,0,0,0,0,1,0,1,0,11,252,196,16,0,86,120,118,119,68,2,0,2,0,0,0,0,0,3,2,1,1,0,0,0,0,0,0,67,252,118,147,232,248,254,251,254,245,83,0,0,1,0,0,1,1,0,2,0,0,0,0,0,0,0,27,234,252,253,254,252,196,175,219,253,253,54,1,0,0,6,0,2,0,0,0,2,2,0,1,1,1,1,138,255,252,253,156,62,16,7,167,254,173,8,0,1,0,0,0,2,1,1,1,0,1,3,1,0,0,0,79,255,235,84,10,0,0,122,254,252,150,1,3,2,0,4,1,0,1,0,0,0,0,0,0,1,0,1,40,251,201,4,0,0,0,166,254,252,67,2,0,0,2,0,2,0,0,0,1,2,0,2,0,0,0,0,35,251,251,79,0,35,133,215,255,187,7,0,3,0,2,1,0,0,1,1,0,0,0,1,1,0,0,1,0,157,249,193,11,128,252,252,252,129,0,0,2,0,0,0,0,0,0,2,2,1,1,2,0,0,0,0,1,28,212,255,229,249,255,255,255,83,2,0,4,2,1,0,0,1,0,0,5,0,3,1,0,0,0,0,0,0,25,183,210,253,252,250,246,0,1,0,1,0,0,0,0,3,0,0,1,0,0,1,1,1,0,0,1,0,0,1,26,71,206,253,246,0,4,1,3,1,3,1,0,1,0,0,3,0,0,3,0,0,0,0,0,0,0,2,3,46,229,253,247,0,0,0,2,0,2,4,0,3,1,0,0,0,0,0,0,0,4,0,0,1,2,4,0,72,253,251,169,0,3,2,0,0,1,0,2,1,0,0,0,0,0,0,0,2,0,0,1,0,2,0,0,69,253,250,110,5,1,0,0,0,0,2,3,0,3,0,0,0,0,0,1,3,0,2,0,0,0,2,0,69,255,228,4,2,0,2,0,0,0,1,0,0,1,0,2,1,0,0,0,0,3,0,0,0,3,0,0,68,254,225,0,0,0,0,1,0,0,1,1,1,0,0,0,0,0,0,1,1,3,0,1,0,0,2,2,69,252,190,0,1,2,2,0,0,0,0,0,0,0,0,0,0,2,2,0,0,3,0,2,0,1,0,0,68,255,85,0,2,1,2,0,0,0,1,0,0,1,0,0,0,0,0,0,2,0,0,0,1,0,1,1,70,252,87,1,0,0,0,0,0,1,0,2,0,0,0,0,0,0,2,3,0,0,0,4,1,1,1,0,70,254,92,2,2,1,2,0,0,0,1,1,0,0,0,0,0,0,2,2,0,0,0,2,2,0,1,1,2,0,1,0,0,1,0,1,0,0,1,0,1,0,3
0,0,1,0,0,2,0,0,0,0,2,0,4,0,0,0,0,0,2,0,1,0,0,0,0,4,0,1,1,0,0,0,0,1,0,3,0,0,1,0,0,0,0,0,1,0,0,0,0,3,0,0,0,0,1,0,0,0,0,1,0,0,1,4,0,2,1,1,3,0,1,0,0,1,0,3,0,1,0,0,2,0,0,3,0,0,0,0,1,0,0,0,0,0,0,0,1,0,1,0,0,1,0,2,1,0,0,1,0,0,2,3,0,0,2,0,1,0,1,2,1,1,0,13,111,180,252,255,192,65,6,0,0,1,0,1,1,2,0,0,0,0,1,0,0,0,0,0,0,1,50,228,250,255,253,254,254,254,107,0,0,0,0,1,0,1,2,0,1,0,0,1,1,0,0,0,0,27,216,252,223,170,99,95,236,255,222,12,0,0,3,2,0,2,0,1,1,0,0,0,0,0,2,0,1,0,160,181,16,0,3,2,51,232,253,84,0,0,0,0,0,2,2,3,0,3,0,0,3,0,0,0,0,0,19,17,1,0,0,2,0,148,253,84,0,3,0,2,1,1,3,0,2,1,1,0,0,2,2,1,0,0,0,2,0,0,2,1,0,145,254,175,0,2,0,1,0,1,0,3,1,2,1,2,0,0,0,0,0,2,2,0,0,0,0,0,3,147,253,206,1,2,0,0,0,0,0,3,0,0,0,2,0,1,0,2,3,0,2,0,2,0,2,0,0,148,253,99,0,0,0,0,0,0,0,0,0,0,3,0,0,0,0,0,0,0,2,2,3,0,1,0,0,145,253,89,0,0,1,2,2,1,0,0,0,0,1,0,0,1,0,0,2,0,0,0,0,0,1,1,10,248,250,85,0,0,2,1,0,1,0,0,3,0,2,1,0,1,0,2,0,1,1,0,0,2,2,1,134,255,218,4,0,0,0,1,2,0,0,0,0,1,2,3,0,0,0,2,0,0,20,60,143,146,145,144,203,254,219,25,26,4,0,0,2,1,0,0,0,0,0,0,0,1,1,0,3,116,227,252,253,252,255,252,255,255,252,254,254,177,152,155,142,3,0,0,0,0,1,0,0,0,0,7,136,253,254,239,205,204,226,251,254,225,207,228,237,233,212,157,49,1,0,0,0,3,2,2,0,0,0,54,254,241,164,56,0,24,201,254,159,28,0,34,52,38,17,1,0,0,0,0,0,0,0,2,0,0,1,145,253,114,0,0,23,200,251,217,30,0,0,0,0,0,0,0,0,0,1,3,0,0,0,0,0,2,13,233,255,85,0,24,196,253,218,28,0,3,0,2,0,2,0,0,3,2,1,3,0,0,0,1,1,1,14,254,253,151,188,225,254,216,31,0,3,0,0,3,0,5,2,3,0,0,0,2,2,1,0,0,0,0,1,105,252,254,253,253,218,33,4,0,4,1,1,0,2,3,0,0,0,1,0,0,1,0,0,0,1,2,0,13,132,212,224,99,5,2,0,1,3,1,0,0,0,0,1,2,0,0,0,2,0,0,1,2,0,1,2,1,1,1,2,4,0,0,0,2,0,0,0,2,1,1,0,0,0,0,1,1,0,0,1,2,0,1,0,0,1,1,1,0,0,5,0,0,0,0,1,2,0,1,0,0,1,0,2,1,3,0,2,2,0,0,0,1,0,0,1,1,0,0,3,3,0,3,2,0,1,2,1,0,0,1,0,4,1,0,1,2,0,1,0,1,0,0,1,0,0,0,1,1,1,0,0,0,0,0,0,0,1,1,0,1
1,1,0,0,3,0,1,2,3,0,3,0,0,0,1,0,0,0,0,0,0,0,1,0,0,3,1,0,0,1,0,0,0,2,0,2,0,0,0,0,0,0,2,0,1,0,1,1,1,0,0,0,0,0,2,0,1,0,2,0,2,0,0,0,0,0,0,1,0,2,0,0,0,1,1,3,0,1,0,0,0,0,0,2,0,4,2,0,0,1,1,0,0,0,0,1,1,0,1,1,1,0,0,0,1,0,0,0,0,1,0,0,0,0,3,0,0,0,1,3,0,0,2,0,1,0,120,255,29,0,0,0,2,0,0,0,0,0,1,0,0,0,0,0,0,0,0,0,0,0,0,0,1,18,226,253,31,0,0,1,0,0,0,0,1,0,0,1,2,0,1,1,1,4,3,1,0,1,2,5,1,27,253,253,28,2,1,1,3,0,2,0,2,0,0,0,0,1,1,0,0,0,1,0,0,3,1,1,1,29,252,213,15,0,0,0,0,1,1,0,0,0,2,3,0,1,1,3,0,1,0,1,2,0,1,2,0,27,254,255,28,1,0,3,3,0,1,1,3,0,0,1,0,0,2,0,0,0,1,0,0,0,0,1,2,28,253,198,9,2,1,0,0,0,2,0,0,2,2,0,0,0,2,1,0,2,1,0,1,2,0,2,0,29,254,168,1,0,1,2,2,0,1,0,0,0,0,0,3,2,0,0,2,0,2,0,0,0,0,0,3,29,252,167,0,1,0,0,0,0,0,1,0,3,0,3,0,1,0,0,0,1,0,0,0,0,0,0,0,79,255,168,3,1,0,0,0,2,1,1,0,0,0,0,0,2,1,0,0,0,0,3,0,0,0,0,0,30,254,169,1,1,3,0,0,0,0,1,2,0,0,4,2,0,0,0,0,0,0,0,0,2,0,1,0,117,255,165,1,0,0,0,0,1,0,0,2,1,0,1,0,1,3,0,1,2,0,0,0,0,0,0,0,37,254,168,0,0,0,0,2,2,0,0,1,0,2,0,0,0,0,0,0,3,1,1,0,1,0,0,4,30,254,168,0,0,0,0,2,1,0,2,1,0,3,0,2,0,0,0,2,0,1,1,0,2,0,0,2,27,255,171,0,0,2,0,0,0,0,0,1,2,3,1,2,3,3,0,0,0,0,0,2,0,1,0,4,29,252,198,12,0,1,2,0,0,0,2,0,0,0,2,0,0,1,5,0,4,0,0,1,0,0,1,0,29,255,253,28,1,0,3,0,2,0,0,0,1,0,0,0,1,1,0,1,4,0,1,1,0,0,0,3,28,253,253,28,0,0,4,0,0,0,2,0,1,0,0,0,0,0,0,2,0,3,0,0,0,1,0,0,22,234,252,54,0,1,4,1,0,0,2,0,0,3,0,0,0,0,0,0,0,1,0,0,0,0,1,0,0,170,252,49,0,0,1,0,3,0,2,0,0,0,0,2,1,0,0,0,1,1,0,0,0,1,0,0,0,170,252,28,0,0,1,2,2,0,1,1,4,1,1,0,0,0,0,2,0,1,0,0,0,0,1,0,0,2,0,0,1,2,1,2,0,2,0,1,0,1,0,0,2,1,0,0,0,0,0,0,1,0,4,1,2,0,4,2,0,1,1,2,0,0,0,0,0,2,3,0,0,0,4,0,0,4,0,1,0,1,0,0,0,0,1,0,2,3,0,0,0,0,1,0,1,0,0,0,0,1,2,0,0,0,2,1,2,0,1,2,0,0,0,0,0,0,0,0,0,0,2,4,0,1,0
0,0,0,0,1,0,4,0,2,0,0,0,1,0,1,0,0,0,0,0,1,0,0,3,1,2,0,0,1,0,0,2,0,0,0,0,0,0,0,0,0,0,0,0,1,0,2,2,0,0,0,1,0,0,2,1,0,0,0,1,2,1,0,0,0,0,0,0,0,1,1,0,0,1,0,2,0,0,1,2,0,1,0,0,0,2,0,0,1,0,0,0,0,0,0,2,1,1,0,0,3,0,2,0,1,0,0,2,2,3,0,0,1,1,1,0,2,1,4,0,3,1,1,0,0,0,0,1,1,0,2,0,0,0,0,4,0,0,2,0,0,0,0,2,0,0,0,1,3,0,0,0,0,0,1,1,0,0,1,0,2,1,0,0,0,1,0,2,1,0,0,0,0,0,0,0,0,0,1,3,2,3,0,2,0,0,0,0,0,3,0,7,82,141,0,0,0,0,0,0,0,1,0,0,0,0,1,0,3,0,0,0,3,3,0,0,0,1,5,156,179,43,0,1,0,0,0,2,0,1,0,0,0,0,4,0,17,149,187,4,2,1,3,1,0,2,158,188,19,0,4,0,0,0,0,0,1,0,0,0,0,0,3,113,222,253,132,0,0,2,0,1,1,161,204,23,2,0,2,3,2,0,2,0,0,0,2,0,0,35,208,242,185,181,0,0,1,1,0,3,97,243,31,0,0,2,1,3,1,1,1,1,1,1,0,8,109,234,170,28,52,28,2,1,2,0,0,131,240,79,0,0,1,0,0,0,0,0,0,0,3,0,4,152,243,113,5,0,1,0,0,0,0,1,54,246,98,0,0,0,1,0,0,0,0,0,0,0,0,1,127,242,57,2,2,0,2,0,0,0,0,51,229,182,0,0,0,1,1,0,0,0,0,1,0,0,1,0,207,130,1,0,0,1,0,0,2,0,31,212,222,35,1,0,0,0,0,0,0,0,2,1,1,1,0,0,241,179,55,0,15,0,2,49,111,138,236,224,33,1,0,5,0,0,1,0,2,0,0,0,0,2,0,1,72,191,248,236,226,195,210,214,167,253,238,52,0,0,1,0,1,0,0,0,0,4,2,0,0,0,1,1,0,0,24,24,14,7,6,2,140,248,102,0,0,0,1,0,0,0,2,1,1,3,0,1,0,0,4,0,0,0,0,3,0,4,0,122,248,127,0,0,0,0,0,0,2,0,2,2,1,1,0,1,1,0,1,1,0,0,0,0,1,0,107,246,133,0,2,0,0,2,2,0,0,0,0,0,4,0,0,0,0,0,0,1,0,2,0,0,0,25,242,145,2,1,0,0,0,2,0,1,0,2,0,0,0,0,0,0,1,0,1,5,0,0,2,0,0,140,227,12,0,0,3,2,0,0,0,0,1,1,0,0,2,0,0,0,1,5,0,0,1,3,4,0,0,255,131,0,0,2,0,2,2,0,1,0,0,1,0,0,0,3,0,1,0,2,0,0,1,0,3,0,2,175,22,0,0,0,0,2,0,0,0,0,1,0,0,3,0,1,1,0,0,2,2,0,0,3,0,0,0,0,0,0,0,0,1,0,0,0,5,6,1,2,0,2,2,0,1,0,0,1,4,1,1,0,0,0,2,0,0,2,0,0,2,0,0,0,0,0,0,0,1,2,1,0,0,1,0,0,1,0,2,0,1,0,0,2,0,4,0,0,0,2,0,0,0,0,0,0,0,0,0,2,0,0,2,0,0,1,0,3,0,0,0,0,0,1,0,1,0,0,0,0,0,0,0,0,0,3,1,3
0,0,0,0,0,1,1,1,2,0,0,0,1,1,1,2,0,0,0,1,1,0,3,0,0,0,3,1,0,0,1,0,1,1,0,0,0,0,1,0,0,1,1,0,1,2,0,1,4,0,0,0,0,1,0,1,1,3,2,2,0,0,1,0,3,0,0,0,0,0,0,1,0,0,0,0,1,0,5,0,0,0,0,4,0,0,0,0,0,2,3,0,0,0,1,3,2,0,0,3,0,2,1,2,0,0,0,3,0,0,0,2,1,0,0,0,4,0,2,0,2,2,0,21,73,149,214,252,253,254,255,251,91,31,2,0,0,0,0,0,0,0,0,0,1,0,2,2,1,0,38,226,253,252,254,250,231,153,255,251,254,191,2,2,0,1,1,0,1,0,0,0,0,0,3,5,4,25,252,255,203,164,41,0,1,3,2,0,90,251,231,32,1,0,0,0,0,0,2,0,2,2,0,3,23,201,252,174,1,1,1,3,0,0,0,0,13,175,254,49,2,0,0,0,3,0,3,2,0,3,0,2,112,234,42,0,0,1,2,0,2,2,0,0,1,101,252,113,2,2,0,0,0,0,2,0,1,0,0,0,231,189,0,0,0,5,0,0,0,3,0,0,1,101,251,151,0,0,1,1,1,0,0,2,0,2,2,0,81,202,0,0,0,2,0,0,0,0,2,1,2,163,251,95,0,0,0,0,1,0,0,1,0,0,2,0,2,0,0,0,0,0,0,0,2,0,1,0,41,243,252,51,0,0,3,2,2,4,0,0,0,0,1,0,2,1,0,3,1,0,0,0,0,0,0,1,133,253,121,0,1,1,0,0,0,0,0,0,0,0,0,2,1,0,3,1,0,5,3,2,0,0,0,84,255,252,2,1,2,0,0,1,0,0,0,0,1,1,0,0,1,1,3,3,1,0,0,0,1,1,51,234,241,81,1,0,0,0,2,0,2,1,0,0,0,0,1,1,0,0,0,0,0,1,1,0,0,82,231,212,82,0,1,0,0,0,4,1,1,0,2,0,2,0,0,0,0,0,0,1,1,2,1,0,72,235,242,82,0,0,2,0,2,2,1,0,1,0,0,2,4,0,4,0,1,0,6,0,0,0,0,81,253,251,84,4,1,1,0,0,2,2,0,0,0,4,0,0,3,0,3,0,0,1,3,5,1,19,135,255,241,80,1,2,0,0,0,0,1,2,0,0,2,0,4,0,0,84,100,139,103,20,0,1,64,202,255,213,41,0,0,0,2,0,0,0,0,1,0,1,0,0,0,0,53,234,255,252,255,252,252,174,251,250,201,0,0,0,3,0,1,0,0,0,1,0,4,0,0,3,0,2,151,250,232,69,93,253,253,252,252,253,246,203,203,202,163,1,0,0,0,2,2,0,2,0,1,1,1,0,92,253,255,251,255,253,242,203,60,141,202,204,143,102,0,0,1,1,0,0,0,0,0,0,4,0,0,0,12,131,215,255,231,114,41,3,1,0,1,0,0,0,0,0,2,2,3,0,1,0,0,0,0,0,0,0,0,1,1,0,0,0,0,0,1,0,0,2,2,0,1,0,1,0,3,1,1,0,0,1,0,1,4,2,0,4,0,0,0,0,0,0,2,0,0,0,1,1,0,0,0,2,0,3,0,0,0,0,0,0,0,3,0,0,0,0,0,0,0,1,0,1,0,0,0,0,0,1,1,1,0,3,3,0,4,2,0,1,3,0,1,2,0,0,0,2,0,3,1,2,0,0,1,0,0,0,2,2,3,0,0,0,0,0
1,1,0,1,0,0,0,1,0,1,0,0,0,0,0,1,2,0,2,0,1,0,1,0,0,0,0,3,2,0,0,2,0,3,0,0,1,1,0,0,0,2,1,0,0,1,0,1,2,0,4,0,4,0,1,0,0,0,1,0,1,1,2,0,0,3,1,1,0,2,3,2,0,3,1,1,0,0,3,0,0,0,1,0,1,0,0,2,0,2,0,0,1,4,0,0,0,0,1,0,0,0,1,0,0,0,1,0,0,3,0,0,0,0,1,1,1,1,2,4,1,0,1,0,0,0,0,2,0,4,2,1,0,0,0,0,1,0,0,2,0,0,2,0,1,3,0,2,1,0,1,1,0,0,0,0,1,2,2,1,0,2,0,0,0,0,0,0,0,1,0,0,2,2,0,1,0,0,0,1,32,126,122,219,169,46,4,0,2,3,1,2,1,0,0,0,0,0,0,2,0,0,0,0,2,42,122,223,251,252,172,159,253,151,0,0,3,1,1,2,0,1,2,0,3,1,0,0,0,0,0,45,224,244,255,251,227,47,7,48,251,251,149,0,0,3,0,0,2,0,0,2,2,0,0,0,0,0,48,230,252,255,250,131,15,0,0,3,175,252,227,0,0,1,1,0,2,0,0,0,1,0,1,0,1,1,108,255,254,176,27,5,0,2,0,0,172,253,228,0,0,0,2,0,0,0,1,3,0,0,3,1,0,0,103,253,254,106,1,0,0,1,0,17,199,255,225,0,0,0,0,0,1,4,0,0,2,0,0,2,0,3,18,186,255,195,15,2,6,3,1,45,255,253,227,0,0,1,1,2,0,0,3,0,0,0,0,0,0,1,0,17,225,254,218,110,146,76,106,220,255,251,227,0,0,1,1,1,1,0,3,0,2,1,1,0,2,0,0,0,95,246,250,252,252,255,254,255,253,253,123,1,0,1,1,1,0,0,1,0,0,0,0,0,0,2,3,0,0,94,188,188,191,188,190,235,255,228,23,2,0,1,1,2,1,0,2,0,0,0,2,1,0,4,0,0,0,0,1,0,0,2,0,176,255,223,0,0,0,2,2,2,1,1,2,0,1,3,0,0,0,3,0,2,0,2,0,3,1,0,0,174,253,222,0,0,1,0,0,0,0,0,1,2,0,2,0,2,0,3,0,0,2,0,1,0,2,0,1,176,254,226,1,1,0,0,1,1,0,0,2,0,1,0,0,0,3,4,0,1,0,0,2,0,0,0,2,175,255,223,2,1,0,0,2,0,2,5,2,1,1,1,0,0,1,0,0,1,0,0,1,0,0,5,0,178,255,223,0,0,2,0,2,3,1,2,2,2,0,0,0,1,0,1,1,0,0,0,3,1,2,3,33,227,252,221,2,0,0,1,0,0,1,2,0,0,0,2,0,1,0,0,0,3,1,2,0,0,3,0,50,255,255,146,0,2,0,1,0,1,1,3,0,0,1,0,3,0,0,0,4,0,1,0,0,0,0,0,62,251,254,90,0,1,0,1,0,2,0,0,3,2,0,0,0,0,0,0,2,4,0,0,0,1,0,1,182,255,253,89,1,0,1,0,0,0,1,0,0,0,1,0,0,0,0,1,1,0,0,2,1,0,1,3,27,146,231,44,1,0,0,1,3,0,0,1,0,0,0,0,1,0,1,2,0,3,0,0,0,0,0,1,0,0,0,0,3,2,0,0,0,2,0,0,0,0,0,0,1,2,0,0,0,0,0,0,0,0,0,4,2,0,0,2,3,0,1,4,0,1,0,0,0,2
0,0,2,1,0,0,0,1,0,0,0,1,1,0,0,0,0,0,1,3,3,0,1,0,0,0,0,0,2,0,0,2,0,0,1,0,0,2,1,1,0,0,1,0,0,0,0,0,1,0,0,0,0,0,2,0,0,1,0,0,0,0,1,0,3,1,1,0,3,0,0,0,2,1,2,0,0,0,3,0,0,0,0,0,4,0,1,2,0,0,5,39,61,135,233,147,18,0,1,0,0,2,1,0,0,1,0,0,1,1,0,0,0,3,0,2,1,1,45,236,252,253,253,254,229,223,139,22,0,0,0,0,0,0,0,0,0,0,0,0,0,0,1,1,0,0,60,252,253,255,255,252,252,255,254,208,4,2,0,0,0,1,1,0,1,2,2,2,1,0,3,2,0,0,0,156,149,102,5,130,195,229,255,255,171,0,0,2,0,0,0,5,0,0,1,0,0,0,0,0,0,1,0,0,1,0,1,0,0,39,186,250,247,101,3,0,0,0,1,0,0,1,0,0,0,2,3,0,0,1,0,0,1,0,0,2,0,1,38,227,255,249,31,1,0,0,1,0,1,2,0,0,0,0,0,0,0,0,0,2,1,4,0,0,0,1,0,65,250,253,225,14,0,0,0,0,0,1,1,2,2,0,0,0,0,1,0,0,1,3,0,0,0,0,4,0,190,253,254,22,0,2,3,3,1,0,0,1,3,1,0,0,0,2,0,0,0,1,0,0,0,1,2,0,71,253,252,25,0,0,0,2,0,0,0,0,0,0,0,0,0,0,0,0,0,0,1,2,0,0,1,0,41,249,253,25,2,1,0,1,0,1,1,2,0,3,0,2,1,2,0,1,0,0,4,2,0,0,2,0,123,255,250,23,1,0,0,0,0,0,0,0,0,0,2,0,0,0,1,1,1,0,0,2,0,2,1,0,205,253,181,2,0,0,0,1,0,1,0,0,1,0,4,3,0,0,0,4,0,2,0,1,0,1,1,16,240,255,129,1,0,3,0,3,1,0,1,0,0,0,0,0,0,0,2,1,0,0,0,0,1,0,2,121,253,254,52,0,0,0,0,0,3,0,0,1,0,1,0,0,0,0,0,0,0,2,70,120,170,131,173,254,254,245,0,0,0,0,0,0,1,0,2,3,0,0,0,0,0,1,3,0,5,111,248,251,255,255,252,255,252,247,71,2,0,0,0,2,0,0,0,0,4,0,0,0,0,2,0,0,23,251,253,253,254,252,251,255,255,255,255,138,4,1,0,0,0,0,0,1,1,0,0,1,2,0,0,0,25,255,252,255,255,255,255,254,252,253,253,255,181,0,1,0,0,0,2,0,0,0,0,0,1,0,1,0,10,197,255,255,250,254,224,99,46,127,243,255,255,80,0,1,0,0,1,0,0,0,0,0,0,0,0,0,1,1,56,143,156,69,13,0,0,0,41,236,255,92,0,0,0,0,0,0,0,0,2,1,0,3,0,0,0,2,0,1,0,0,0,1,0,1,3,0,0,1,0,1,0,0,0,0,0,1,1,0,3,0,1,1,0,4,0,0,0,0,0,0,0,0,0,0,0,2,0,2,0,2,1,0,0,0,1,2,3,0,0,1,2,0,0,0,0,0,0,4,4,2,4,0,1,0,1,0,1,1,0,0,1,0,0,0,2,2,1,1,1,0,0,0,2,0,0,0,2,1,0,1,2,0,0,2,0,0,0,0,0,1,3,0,2,2,0,1,1,2,0,3,0,0,0,0,1,2,2,0,0,0,2,0,0,1,1,0
2,0,1,0,1,1,0,0,0,1,0,0,4,0,0,0,0,0,5,0,1,0,0,0,1,1,0,2,1,0,0,2,2,2,0,0,0,0,0,0,2,0,2,1,0,0,1,1,3,0,3,1,0,1,0,2,1,0,0,5,0,0,1,0,0,3,0,0,0,0,0,4,0,0,1,0,0,1,0,0,0,1,0,1,0,0,1,0,0,0,0,0,0,3,0,0,0,2,0,0,0,3,0,0,2,0,0,1,0,0,0,0,2,0,0,0,0,0,1,1,2,143,229,53,17,205,255,220,141,28,10,1,3,1,0,0,1,4,0,0,1,1,1,2,0,0,0,0,1,65,252,254,165,254,250,249,252,254,198,37,3,0,0,1,0,0,1,0,2,1,0,1,0,3,1,0,2,117,253,250,249,106,59,58,59,117,225,207,58,1,0,0,0,0,0,2,1,2,1,0,0,0,0,0,1,193,250,78,31,0,1,0,0,2,20,205,191,0,0,0,0,3,0,0,0,0,0,0,0,0,0,2,113,255,245,49,0,1,0,0,0,0,2,125,250,127,0,2,0,0,0,0,0,0,0,0,0,0,0,19,193,250,118,2,0,0,3,0,1,0,0,0,201,225,0,0,0,0,0,0,0,0,2,3,1,0,0,124,252,249,82,0,0,0,0,0,3,0,0,0,112,248,66,2,0,0,4,0,0,0,2,0,0,1,0,199,254,226,8,2,0,1,0,0,0,1,0,0,115,250,88,0,2,0,1,2,0,1,1,0,1,2,2,198,254,162,3,0,0,0,0,1,0,0,1,0,115,252,202,8,1,4,3,0,0,0,1,1,0,1,2,196,252,115,0,3,1,0,0,3,0,1,0,3,112,254,247,60,3,0,1,0,0,1,0,1,2,4,43,242,252,23,1,0,1,2,1,2,2,0,0,0,112,254,251,59,1,2,0,1,0,0,2,0,2,0,56,248,254,0,0,0,1,0,0,0,0,0,1,0,117,252,249,57,2,0,2,1,0,1,0,1,2,1,53,247,141,1,2,3,0,0,0,0,1,0,0,0,128,255,247,52,0,0,1,0,0,2,0,0,2,3,0,196,139,1,0,3,0,1,0,1,0,0,1,84,243,251,174,0,0,3,0,0,0,0,1,2,0,2,0,194,229,36,0,0,4,0,1,0,3,0,20,214,251,240,58,2,0,0,0,0,0,0,0,0,0,1,1,97,252,169,0,1,0,0,1,0,0,9,197,253,252,223,2,0,0,0,0,1,1,0,0,2,0,2,0,2,166,242,64,6,1,0,0,9,77,204,251,252,190,49,2,0,2,0,2,0,2,1,1,0,0,0,0,0,36,226,253,98,62,72,170,197,255,255,254,207,59,3,0,0,1,0,4,1,3,1,0,1,0,0,2,0,3,44,223,254,254,254,252,252,255,255,195,36,3,3,0,2,1,1,1,0,2,1,0,3,0,1,0,1,4,0,22,67,190,251,252,250,148,79,6,3,0,0,4,2,0,0,2,0,0,0,0,0,0,0,0,0,0,3,3,3,2,0,0,0,1,0,0,0,0,0,0,2,1,3,0,0,2,1,0,1,0,0,0,0,0,0,0,0,0,0,1,0,0,2,0,0,1,0,2,2,0,0,0,1,0,1,1,1,0,1,0,0,0,4,1,0,1,2,1,0,2,1,2,0,4,0,1,2,0,1,0,0,0,1,0,0,0,0,0,2,2,0,3,1,0,0,3,0,1,0,0,2,0,0,1,1,2,3,0,0
1,1,0,0,2,1,0,1,1,0,0,0,0,0,1,1,0,0,1,1,0,1,4,0,0,3,2,0,0,0,0,0,0,0,0,0,1,0,0,0,0,0,0,1,0,0,0,0,2,0,1,0,0,0,0,0,1,3,0,2,2,1,0,0,0,0,4,0,0,0,1,0,0,0,0,0,1,1,0,2,0,0,1,0,0,0,0,1,2,1,1,0,0,1,0,0,0,0,0,1,0,1,1,0,2,0,2,2,1,0,4,2,0,0,1,2,2,0,0,1,166,255,19,0,0,0,0,3,3,1,1,1,0,0,0,1,0,0,0,0,0,0,0,0,0,0,0,0,173,253,58,0,1,0,0,1,0,159,159,0,0,0,0,0,0,1,1,0,0,0,1,0,2,0,2,0,246,254,127,2,1,0,2,0,57,249,208,0,1,0,0,1,2,0,1,1,0,0,0,0,0,0,0,0,255,254,129,1,1,0,1,0,90,253,179,0,1,0,0,0,4,0,0,2,0,0,0,0,1,0,0,2,251,253,82,2,1,3,0,11,203,251,104,0,0,0,2,0,2,2,3,1,0,0,0,2,0,0,2,1,254,255,22,0,1,0,0,0,170,255,108,0,0,1,2,0,0,0,0,0,0,2,1,1,0,0,2,0,253,255,22,2,0,0,0,2,170,251,107,1,0,0,0,0,1,0,1,0,0,0,0,2,0,0,0,0,254,254,24,1,0,0,1,2,168,252,108,2,0,1,1,1,0,0,0,0,0,5,2,0,2,0,0,0,252,251,22,0,0,0,0,16,226,250,103,46,33,1,0,0,0,0,0,0,3,0,2,0,0,1,1,0,251,255,20,1,1,0,1,152,252,251,231,241,230,214,127,89,0,0,0,0,0,0,1,3,0,2,2,1,255,252,81,1,20,146,229,252,255,255,255,221,210,239,252,253,254,153,67,0,1,2,0,1,0,0,4,0,254,254,128,84,218,252,250,255,253,252,106,16,1,43,62,168,230,255,238,67,1,1,0,1,0,0,0,0,200,255,241,243,251,251,205,179,250,252,0,3,0,0,0,0,14,71,173,31,0,0,0,0,0,3,0,1,172,253,252,247,254,126,19,45,250,254,0,0,0,0,0,1,0,1,0,0,0,1,0,0,0,0,0,4,252,251,253,227,60,1,1,129,252,253,1,0,0,1,0,3,0,0,0,4,0,0,5,1,0,1,2,0,86,255,171,0,0,0,0,111,253,250,1,0,0,0,3,0,0,1,0,0,0,2,0,0,0,0,2,0,17,62,30,0,3,0,0,57,252,251,0,4,1,0,2,0,0,0,2,0,2,1,2,3,0,0,2,0,0,0,3,0,0,2,1,73,250,251,2,0,0,0,3,0,2,0,1,0,0,1,1,1,0,2,0,0,3,1,0,1,0,1,1,23,251,252,0,0,2,0,2,0,2,1,0,0,0,1,1,3,1,4,2,0,0,0,2,0,1,1,0,4,184,255,0,0,0,0,0,0,0,2,0,0,0,0,0,1,3,0,0,0,0,0,3,0,0,0,0,0,0,0,0,0,0,2,0,2,0,0,0,0,0,0,0,0,0,0,1,1,4,0,0,4,0,1,1,0,0,2,0,0,4,0,1,0,0,0,1,0,0,1,1,0,0,0,0,0,1,3,2,0,3,2,0,1,0,0,0,0,0,0,0,3,0,2,0,1,0,1,1,2,0,0,0,0,1,1,0,2,0,0,0,2,2,2,2,1,2,0,3,0,0,2,1,0
0,0,2,3,0,0,0,0,0,2,0,0,0,1,0,0,0,4,1,0,0,0,2,0,0,3,0,0,0,1,0,1,3,1,0,0,2,0,0,0,0,0,2,0,0,2,1,0,0,3,0,2,0,3,0,0,4,0,0,0,3,0,0,0,0,2,0,1,0,0,0,0,1,0,2,1,1,0,0,0,0,3,0,5,0,0,1,1,4,3,0,0,0,1,0,1,0,1,0,0,2,0,1,2,2,0,0,0,0,0,0,3,1,1,0,0,0,0,0,0,0,0,0,1,2,1,0,3,1,0,2,0,0,0,0,1,1,0,0,0,0,1,0,2,1,0,2,0,0,3,0,0,3,0,0,0,1,0,0,1,0,0,1,0,1,0,0,0,2,0,1,0,0,0,0,2,0,2,2,5,80,241,255,255,154,6,0,2,5,0,1,3,0,2,0,2,0,1,1,0,0,0,2,3,0,0,2,117,252,228,109,160,252,104,0,0,0,0,0,1,3,0,0,0,0,2,0,0,0,0,1,1,2,1,56,255,217,46,0,0,189,250,10,0,0,1,1,0,0,0,0,1,0,0,0,0,3,2,1,0,1,0,179,245,32,4,2,2,76,254,177,0,0,0,1,0,2,0,0,1,4,0,1,1,3,0,0,0,0,85,251,120,0,0,0,18,197,251,231,0,0,0,0,0,0,0,0,0,1,4,0,0,1,0,1,0,3,153,255,56,2,0,39,223,255,253,236,0,0,0,0,0,0,2,0,1,0,0,1,0,1,0,0,0,0,231,222,0,13,149,238,228,172,253,234,3,0,0,3,0,0,0,0,4,0,1,0,0,0,1,1,1,3,236,203,129,236,255,182,37,246,248,195,1,1,0,0,0,1,2,3,0,2,0,0,1,0,0,0,1,0,223,252,255,242,124,9,133,253,99,0,2,2,0,0,0,2,2,2,2,0,0,0,0,0,0,1,0,2,131,212,151,29,3,0,228,255,4,1,0,2,2,2,0,2,1,0,1,0,2,0,1,0,0,0,0,0,0,0,0,0,0,63,250,171,0,0,0,0,3,1,1,1,3,0,2,0,0,0,0,0,1,0,0,1,0,4,3,2,0,182,254,26,0,0,1,0,0,0,0,3,3,0,0,1,3,2,3,2,2,0,2,0,1,1,0,1,24,237,213,7,0,2,0,0,1,0,4,0,0,0,3,0,1,1,0,0,0,0,0,0,0,4,0,0,176,253,109,0,0,0,3,2,1,3,0,0,0,0,0,1,0,2,2,0,0,0,0,0,0,1,0,2,207,235,17,0,0,0,0,0,0,0,2,0,0,0,4,0,0,0,4,3,0,0,1,1,4,0,0,128,253,154,1,2,5,2,1,1,3,2,0,3,0,0,0,0,3,2,0,0,0,0,0,1,0,0,8,220,246,31,0,0,0,0,0,0,0,0,0,4,1,0,0,1,0,0,0,1,0,0,0,0,2,2,62,255,169,2,2,0,2,4,0,4,4,3,0,1,2,1,2,0,0,0,0,3,0,2,0,5,0,0,171,255,234,23,0,3,3,1,0,1,0,0,0,0,0,0,0,0,0,3,3,1,0,3,0,4,0,2,99,252,138,0,0,3,0,0,0,0,0,0,0,0,2,0,0,0,1,0,1,1,0,3,1,0,2,1,4,0,1,0,0,0,3,0,0,0,0,2,0,0,0,2,0,0,4,0,1,0,3,0,0,0,0,3,2,0,0,0,1,0,3,0,4,2,4,0,0,1,0,5,5
3,3,0,0,0,1,0,0,0,0,0,0,2,0,0,0,1,1,1,2,0,1,1,1,0,0,0,1,0,0,0,0,0,2,0,0,0,0,1,0,0,2,0,2,3,1,1,3,2,2,0,0,0,0,1,0,0,0,0,2,0,3,0,0,0,1,0,2,3,3,1,0,0,0,2,2,1,0,0,0,0,1,2,0,0,0,1,0,0,0,0,2,4,0,1,1,1,0,5,0,5,1,0,1,0,0,2,2,1,0,0,2,1,0,0,4,0,1,0,2,0,1,1,0,1,0,2,3,0,0,3,2,0,0,0,0,0,2,3,0,1,0,0,5,0,0,0,0,0,1,0,4,0,79,254,128,1,1,0,0,1,0,3,0,0,0,0,0,0,0,0,0,0,0,1,1,0,0,0,0,0,218,253,162,1,0,2,2,0,0,0,1,2,3,1,4,0,0,0,1,0,0,1,0,3,1,2,0,0,223,255,128,0,0,3,0,0,0,0,2,4,0,1,1,1,2,0,0,0,0,0,0,3,1,0,0,0,218,251,127,2,0,1,1,2,0,3,0,1,0,1,1,0,1,1,0,1,0,0,0,3,0,1,1,0,218,254,177,1,0,0,0,1,2,2,0,2,0,0,0,0,0,0,0,3,0,0,0,2,0,1,1,1,191,254,136,0,3,0,0,0,2,0,0,1,2,1,0,0,0,0,0,0,0,1,0,3,0,1,1,5,191,254,130,0,0,0,0,0,2,2,1,2,3,1,2,1,3,0,0,3,1,2,3,0,0,0,0,0,222,255,130,0,0,0,0,1,0,2,0,0,0,0,0,1,0,0,4,0,0,5,0,0,2,3,1,0,145,253,187,0,3,0,0,0,2,0,1,0,0,0,1,0,4,2,1,0,2,1,0,2,2,0,2,2,134,253,127,3,0,2,0,0,0,0,2,0,0,2,0,1,0,0,1,1,2,0,2,0,0,2,1,1,132,254,128,3,2,1,1,0,0,0,0,0,1,1,0,1,0,0,1,1,0,1,2,0,0,3,0,1,135,255,187,2,0,2,1,1,0,0,0,2,1,0,1,1,2,0,0,0,0,2,0,2,0,0,1,2,134,254,126,3,1,2,0,4,2,0,3,0,0,0,0,0,0,1,0,1,0,1,0,0,2,0,1,0,132,253,168,0,2,0,0,0,0,3,0,0,0,2,0,0,2,0,0,5,0,0,0,0,2,2,0,0,96,255,219,5,2,0,0,0,0,1,0,0,4,2,1,0,0,0,3,2,1,0,1,2,1,2,0,0,30,238,255,48,0,0,0,0,0,0,0,0,1,0,0,1,0,2,0,0,0,0,2,0,2,0,0,0,0,214,252,42,0,0,0,0,4,0,1,2,0,0,1,0,2,0,1,0,0,1,1,0,0,0,0,3,0,183,255,49,0,1,0,2,0,0,0,3,0,0,2,0,0,1,0,0,0,0,0,2,0,0,0,0,0,131,255,74,0,3,2,0,0,0,1,0,0,0,0,1,3,0,0,3,0,0,0,0,0,2,0,3,0,84,168,31,0,0,0,2,3,0,2,0,2,0,2,1,1,0,1,1,1,1,0,2,0,1,0,2,2,0,0,1,0,0,1,2,0,0,1,0,0,0,0,0,0,2,2,0,0,2,2,0,0,2,0,1,1,1,1,0,2,0,0,0,1,0,0,1,0,1,3,0,0,1,0,1,0,0,1,0,0,1,0,2,1,0,3,2,1,2,1,3,1,4,1,0,0,0,0
2,0,0,1,3,1,1,0,0,0,0,1,0,2,0,1,0,0,0,0,1,1,0,0,1,0,1,0,0,1,0,0,1,3,0,0,4,0,0,1,0,0,1,2,4,0,0,1,2,0,0,0,0,6,0,0,1,0,3,1,0,4,2,0,0,0,0,2,0,0,1,2,1,0,0,0,1,0,0,0,1,1,0,0,0,1,2,0,0,1,0,0,0,2,0,0,0,0,1,0,0,2,1,0,0,0,0,5,0,0,0,1,0,4,1,0,0,2,0,2,0,0,0,0,1,0,0,1,0,0,0,13,129,195,28,0,0,2,0,0,3,0,2,4,0,2,1,1,2,3,0,0,0,19,18,1,0,0,42,175,251,210,11,0,0,0,1,0,0,0,2,1,0,0,2,0,0,2,4,1,0,252,252,0,0,0,123,255,252,44,0,0,1,2,0,0,1,0,3,1,1,0,0,1,0,3,0,3,123,231,151,1,0,40,239,255,171,0,0,0,2,0,5,0,0,2,0,0,0,0,2,2,0,1,1,112,254,205,0,1,1,154,251,225,22,0,0,1,0,0,0,0,0,0,0,2,0,1,0,0,0,0,45,234,252,121,0,0,0,194,249,202,1,0,0,2,0,3,0,1,0,3,1,2,0,1,0,1,3,10,213,254,172,2,2,0,82,254,251,82,0,2,0,1,0,1,3,0,0,0,0,0,0,0,0,0,0,133,247,176,11,1,0,0,203,253,171,0,0,1,3,2,3,2,0,1,0,1,1,0,2,1,2,0,22,255,251,81,2,0,0,32,233,254,91,5,0,0,2,0,3,0,2,1,4,0,1,2,0,0,4,22,201,254,130,0,0,0,1,177,254,215,9,2,0,0,0,5,1,0,3,0,0,1,3,0,2,0,0,51,255,205,21,0,0,0,0,255,250,103,0,3,2,0,1,0,0,0,1,2,0,0,4,1,0,1,0,93,252,224,204,143,102,42,84,252,253,59,1,0,1,0,0,1,0,3,0,0,0,0,0,0,2,0,2,91,249,255,252,253,254,253,254,253,189,4,0,0,0,0,0,0,0,0,1,2,0,0,0,1,0,0,3,8,54,52,133,170,253,254,250,254,232,103,18,1,0,0,1,1,0,1,0,0,2,4,2,2,0,2,1,0,1,0,1,0,99,254,252,252,255,252,215,213,130,0,2,0,1,0,0,3,1,0,0,1,0,1,1,4,3,0,1,0,141,253,250,50,132,214,254,250,251,0,3,3,3,0,0,0,0,3,0,2,1,0,0,0,3,2,0,0,205,254,152,0,2,0,43,102,60,0,0,1,0,0,0,5,0,0,0,2,0,1,0,0,2,2,0,38,244,254,71,0,0,0,2,0,0,0,1,0,0,0,0,0,0,1,1,1,3,1,0,2,0,0,0,42,247,255,70,0,0,4,0,0,0,0,0,0,1,0,0,0,0,0,0,0,1,1,0,1,1,0,2,0,120,232,91,0,1,0,0,1,0,3,1,0,1,0,3,0,1,1,1,0,0,0,1,0,1,0,0,3,1,0,2,1,1,5,1,2,0,0,2,0,1,0,0,0,5,1,2,3,0,0,0,0,0,2,4,1,0,1,0,2,0,0,0,2,1,0,0,2,0,1,0,0,0,2,0,2,0,1,2,0,0,4,0,1,0,2,0,3,0,0,2,0,0,0,0,0,0,0,0,0,0,0,0,1,2,0,0,0,3,0,2,0,1,0,2,0,1,1,0,1,0,0,1,1,1,2,0,0
0,3,0,0,1,0,0,0,2,0,0,1,1,1,1,0,2,0,0,0,2,0,2,2,0,1,1,3,1,0,0,0,0,2,0,1,4,3,0,0,0,2,1,0,0,0,0,0,0,0,0,0,4,0,0,0,1,4,4,0,2,3,0,0,1,0,1,1,0,0,0,1,0,1,0,0,2,0,0,0,2,0,3,1,1,0,2,2,3,0,0,1,1,0,0,0,0,0,0,1,0,0,0,0,1,0,0,0,1,2,0,2,0,0,0,0,0,0,0,2,0,0,0,0,0,0,3,2,2,0,1,0,0,5,2,0,2,0,0,0,0,2,0,0,0,0,0,1,0,18,75,195,253,248,234,233,123,1,5,0,0,3,0,0,3,0,1,3,1,1,3,0,0,2,0,0,24,202,253,250,131,49,129,253,245,159,0,0,0,5,0,3,1,0,2,0,0,0,0,0,0,0,0,0,212,234,122,0,0,0,2,39,234,234,4,0,0,0,1,2,1,0,2,1,1,3,2,1,2,1,0,124,251,149,3,3,0,0,0,2,28,30,62,184,82,0,0,1,0,0,0,1,0,0,2,3,2,0,1,204,255,51,2,0,0,0,0,0,2,23,253,253,82,0,1,0,0,1,1,3,1,1,1,1,1,0,0,203,253,48,0,3,0,0,1,0,42,224,253,91,0,2,2,2,3,0,0,0,2,2,0,1,0,2,0,202,253,148,3,0,0,0,0,66,213,253,125,1,2,2,0,0,0,0,1,0,2,0,5,1,3,1,0,121,254,231,124,0,0,0,2,181,255,130,0,0,0,0,1,1,0,2,4,0,0,2,2,0,0,0,2,0,175,255,253,170,1,0,153,252,185,0,0,1,0,0,0,0,0,0,0,0,0,3,0,2,0,0,1,0,10,173,252,250,181,103,230,210,23,0,0,3,2,0,1,0,0,0,0,3,0,2,0,0,0,0,0,3,1,1,64,204,254,255,254,152,1,2,3,0,0,1,2,0,2,0,2,0,2,0,1,0,0,0,0,3,1,2,0,17,254,254,253,228,82,0,0,1,0,2,0,0,0,2,4,0,0,0,0,0,0,0,2,0,0,0,3,2,69,255,255,255,233,51,0,0,0,0,1,0,0,1,3,0,0,0,0,0,0,0,0,2,0,2,0,1,192,254,214,211,248,232,41,0,0,1,0,0,0,0,0,0,1,0,0,1,0,1,0,0,2,0,2,1,255,254,101,2,171,249,237,28,1,2,0,1,0,2,0,1,0,1,0,0,0,0,0,0,2,0,0,2,253,250,22,0,12,212,253,48,0,0,0,0,3,0,3,0,0,0,1,0,0,0,0,0,1,2,0,0,255,252,20,0,29,233,254,48,0,0,1,1,2,0,0,1,1,0,4,2,0,0,2,0,0,3,2,0,253,251,163,141,175,250,233,30,0,1,2,0,0,1,0,0,1,0,0,1,1,0,1,0,0,1,0,0,18,201,255,252,254,254,140,2,0,0,0,0,2,0,0,4,0,0,1,0,3,0,0,0,0,0,1,1,0,23,172,214,149,108,19,0,0,3,2,0,0,0,0,0,1,2,2,0,2,1,1,1,1,0,3,2,0,0,0,0,0,0,0,0,2,0,3,1,0,3,0,0,0,0,1,0,0,0,0,0,0,0,3,0,0,2,0,0,3,1,2,2,1,0,1,3,0,2,3,1,0,0,0,2,0,0,0,1,0,0,0,5,1,0,0,2,1,2,0,0,0,0,4,3,1,0,0,0
0,0,0,1,0,0,2,1,0,0,1,0,0,0,0,0,1,0,0,1,0,0,1,0,0,1,1,2,0,0,0,0,0,2,0,0,0,0,0,2,0,0,1,0,0,1,0,0,1,1,1,0,0,1,2,0,0,0,0,0,0,0,2,0,1,0,0,0,0,3,0,0,0,0,2,0,1,1,1,0,1,0,0,1,2,0,1,0,0,0,0,1,0,0,3,2,1,0,0,1,0,1,0,2,4,0,1,1,0,0,4,2,0,2,0,0,0,1,0,2,3,0,0,4,1,2,0,14,196,194,1,1,5,1,0,2,0,1,0,0,0,3,0,0,1,3,0,1,0,0,0,0,1,1,0,94,248,79,0,1,2,0,0,3,1,0,0,0,1,3,3,4,1,0,0,3,1,1,0,0,1,0,0,141,253,84,0,0,0,1,1,0,0,1,0,0,0,4,0,0,0,2,0,0,2,0,1,0,0,1,76,254,236,0,2,4,0,2,0,1,2,0,2,2,0,2,2,0,0,0,0,1,0,0,1,0,0,0,162,255,231,0,0,0,1,0,0,0,0,0,0,0,0,1,0,0,0,2,1,1,0,0,1,0,4,7,208,253,179,2,0,1,1,0,0,2,1,0,2,0,2,0,0,0,2,0,0,0,0,1,1,0,2,37,252,254,62,0,2,2,0,0,2,0,0,1,3,0,3,2,1,1,1,1,0,0,0,0,0,0,1,123,255,222,13,0,0,3,0,0,0,0,0,0,3,0,2,0,2,0,1,1,0,0,3,0,0,0,3,227,255,163,4,0,0,0,3,1,0,1,0,0,0,3,0,3,3,1,1,0,2,0,0,1,0,2,0,233,255,161,0,3,3,3,0,1,1,0,2,2,2,0,0,1,1,1,1,1,0,0,0,0,1,0,31,243,253,163,0,0,1,0,4,0,0,1,0,1,0,2,0,1,2,3,1,0,0,2,0,0,0,0,97,254,254,63,3,1,2,2,0,0,0,0,0,0,0,3,1,0,0,1,0,2,0,0,2,1,1,1,194,255,219,17,0,0,0,0,0,3,0,1,0,0,0,1,0,0,0,1,1,3,0,1,2,0,1,0,198,253,198,2,2,0,0,2,0,0,1,1,1,0,2,0,0,0,0,0,0,0,0,0,0,3,2,48,251,255,97,0,4,0,1,0,0,0,1,0,1,0,2,3,0,0,1,0,3,1,2,0,0,0,0,53,254,253,95,1,1,1,0,0,0,0,0,0,0,1,0,0,0,0,0,0,3,0,1,0,0,0,0,50,253,251,92,2,0,0,0,1,2,0,2,0,0,0,0,0,0,1,2,0,2,1,0,0,2,0,0,49,255,255,90,0,0,1,4,0,0,1,3,0,0,0,0,1,2,0,0,0,0,0,0,4,0,0,0,50,250,255,206,114,2,1,0,0,0,0,0,0,2,3,0,0,0,0,0,1,0,0,0,0,0,4,2,7,158,254,186,46,0,0,2,0,0,3,1,0,2,0,1,2,0,1,3,0,0,0,0,0,1,0,0,0,0,0,1,0,2,0,3,0,2,0,1,4,2,0,0,1,0,1,0,1,2,0,0,1,3,0,1,1,0,4,0,0,0,0,2,0,0,1,5,2,2,0,0,3,3,0,4,0,0,0,0,2,0,3,0,0,2,2,0,1,1,0,0,3,0,0,0,2,0,0,0,1,1,0,0,0,3,1,0,0,0,0,0,0,0,1,0,0,2,0,1,1,2,3,3,1,1,0,0,0
1,0,0,1,4,1,0,1,0,1,1,1,0,4,0,0,0,0,1,0,0,0,0,0,3,0,1,1,0,0,0,0,2,0,0,0,2,0,2,2,1,0,2,0,0,1,0,0,0,2,0,0,2,2,3,0,0,1,0,3,4,3,0,2,0,1,0,1,1,2,0,0,0,0,0,1,0,0,0,0,3,0,0,2,0,0,1,0,0,0,0,0,0,2,0,0,0,3,2,0,4,0,2,4,0,0,0,2,2,0,4,0,0,3,0,2,0,2,0,0,0,1,0,0,1,0,0,0,0,0,0,0,0,0,0,0,1,0,0,0,0,3,0,0,0,0,0,0,0,17,107,154,169,220,154,155,154,68,0,0,0,0,1,2,0,0,0,0,5,0,0,1,0,0,0,4,104,222,254,255,230,221,201,242,246,251,184,19,0,0,0,1,4,1,0,1,1,1,1,0,0,0,4,16,232,233,180,93,6,1,4,1,19,104,255,156,0,6,3,0,1,0,4,0,2,2,1,2,3,0,0,115,244,56,3,0,3,1,0,3,0,1,60,217,0,1,0,0,1,2,0,0,0,0,3,0,1,0,0,94,235,0,0,0,1,3,0,1,0,2,2,198,1,0,3,2,2,4,1,1,0,2,0,0,0,0,0,60,246,83,0,1,0,0,0,0,0,3,9,201,2,0,0,0,1,0,0,5,2,1,1,0,2,1,0,3,189,204,9,3,3,2,0,0,106,0,104,196,1,0,1,0,0,2,0,2,0,1,0,1,1,0,0,2,58,195,219,29,0,0,42,203,166,16,239,73,3,2,0,3,0,1,0,3,4,0,0,0,0,0,0,0,0,48,207,234,50,37,187,111,0,92,173,13,1,0,0,0,0,0,0,0,0,0,0,0,3,2,1,2,1,0,13,140,235,230,148,0,39,234,68,0,0,0,0,0,0,1,3,0,0,1,0,0,0,0,1,0,0,3,1,3,241,253,165,24,65,195,3,4,1,0,0,0,1,1,0,0,0,0,0,0,0,0,2,0,0,0,7,127,243,115,192,215,142,15,1,0,0,0,2,0,0,4,2,0,0,0,0,0,0,1,2,0,0,1,76,255,122,0,24,125,241,87,5,0,0,0,0,2,1,0,0,0,1,0,0,1,2,0,0,0,0,0,195,192,3,0,0,2,75,187,167,7,1,1,1,0,3,0,1,1,0,0,0,1,1,2,0,1,1,67,253,85,0,1,2,1,1,9,158,178,49,0,0,0,0,0,1,0,2,0,0,2,0,1,0,1,1,144,245,52,0,0,0,1,0,0,0,78,210,45,0,0,1,1,0,1,0,0,0,1,0,0,0,0,0,124,226,0,0,0,0,1,1,1,0,0,115,198,8,0,0,1,0,0,3,0,0,1,0,0,0,0,0,75,248,88,0,0,1,1,2,2,0,0,1,136,140,6,0,0,0,0,1,1,0,0,3,2,0,0,0,0,153,249,153,72,23,0,0,1,0,6,44,148,137,0,0,0,0,0,1,0,0,2,1,0,1,2,1,0,7,59,151,196,141,159,164,199,199,205,224,96,3,0,0,0,0,0,0,0,1,1,0,0,0,1,1,0,1,0,0,2,0,0,2,0,0,0,0,0,0,1,1,0,0,3,1,0,0,2,0,0,0,1,0,1,1,0,1,0,0,0,1,1,0,3,1,2,0,0,2,0,0,1,0,0,4,0,2,0,0,0,0,0,1,0,0,2,1,1,1,0,2,0,1,2,0,0,0,0,2,0
1,0,0,0,0,1,0,0,0,2,0,3,3,0,1,1,3,0,2,0,0,1,1,4,0,0,0,0,0,2,0,3,1,0,0,0,1,0,2,0,0,0,0,0,1,0,0,0,2,0,0,1,0,0,0,0,0,3,0,3,2,0,1,0,0,0,2,3,0,0,0,1,1,2,0,0,0,0,0,0,0,0,3,1,2,2,2,0,2,0,4,0,3,0,0,0,0,1,0,0,0,0,0,1,0,1,0,0,0,0,0,4,0,0,0,0,2,1,0,0,0,3,0,0,0,2,0,0,1,0,0,1,1,0,0,0,0,0,2,0,0,0,2,1,2,0,0,1,0,0,241,255,24,1,0,0,2,4,0,0,1,1,0,0,0,0,0,1,0,2,1,0,1,0,0,0,2,0,239,255,24,0,0,0,0,0,0,0,0,0,0,0,3,3,0,2,1,0,1,2,0,2,0,1,1,0,236,253,28,1,1,0,0,1,0,3,0,0,0,0,0,0,1,1,1,0,1,0,0,0,0,0,1,0,240,252,24,0,0,1,0,0,0,0,0,0,0,3,1,2,0,0,2,2,1,0,0,0,0,0,2,1,238,255,28,1,2,4,0,1,0,0,0,1,0,0,2,1,2,0,0,0,0,0,0,0,0,0,2,19,239,254,28,0,201,105,0,0,0,0,0,1,0,1,2,0,0,0,4,0,1,0,0,0,0,3,1,69,252,252,24,2,218,251,40,2,2,1,3,0,1,2,1,2,4,0,0,2,0,0,0,0,3,0,0,73,255,255,23,3,176,255,117,1,0,0,2,0,0,1,1,0,0,0,0,3,0,1,2,0,0,3,1,67,252,255,24,0,63,254,200,0,0,0,0,1,0,1,0,0,0,0,0,0,0,0,1,0,0,0,0,53,250,251,169,55,9,224,223,5,2,2,1,0,2,5,0,0,1,1,0,1,3,1,0,0,0,0,1,0,239,250,253,254,215,248,253,147,128,117,39,36,0,0,2,2,0,1,1,0,1,1,0,2,3,0,1,0,95,220,254,252,253,255,252,255,249,251,252,247,53,0,2,1,0,3,0,1,0,0,0,0,2,0,2,3,1,13,73,139,156,223,246,255,255,249,225,222,36,0,2,0,0,1,1,0,1,0,0,2,1,0,1,0,2,0,0,0,1,0,176,255,98,49,2,0,1,0,0,2,0,0,3,0,2,1,3,0,0,2,0,0,3,0,0,3,0,0,89,252,93,3,0,0,1,0,0,0,1,2,0,1,0,0,3,0,1,1,0,1,0,0,0,0,1,1,39,253,227,5,2,0,0,4,0,2,2,0,0,0,0,1,2,0,2,1,0,0,0,0,0,2,0,1,37,251,255,56,1,0,3,2,1,0,1,0,0,0,0,0,0,0,0,0,1,3,0,0,0,0,0,1,3,208,255,55,0,0,0,2,0,2,0,0,1,0,0,1,0,0,0,0,0,0,1,2,2,0,0,0,0,140,254,57,3,5,2,1,1,0,2,0,0,0,0,0,0,1,1,0,0,3,0,0,0,1,0,0,0,24,227,36,0,0,2,0,0,0,1,0,0,0,1,3,0,2,0,2,0,2,0,0,0,0,0,0,0,0,0,0,3,0,0,0,0,1,0,0,0,5,0,4,0,0,0,3,0,0,2,1,2,0,3,2,0,0,0,0,0,0,1,0,0,1,0,0,0,0,5,0,1,2,1,0,0,0,1,4,0,0,0,2,1,1,0,1,0,0,1,2,1,0,0,0
0,0,1,0,1,0,0,3,0,1,0,0,0,1,1,2,0,0,0,2,0,2,2,1,2,0,0,0,0,1,0,0,0,0,0,0,1,0,2,3,1,0,0,4,0,2,3,0,1,0,1,1,0,3,1,0,0,0,0,0,3,0,0,1,0,3,0,0,0,1,0,0,0,0,0,3,0,2,1,0,0,1,2,0,0,0,1,0,3,0,1,0,2,0,0,0,1,1,0,1,0,0,0,0,0,0,0,4,0,3,1,1,0,0,0,0,1,1,0,0,0,2,0,2,0,0,0,2,1,1,1,0,0,0,4,0,1,0,2,1,3,0,0,3,1,0,1,0,0,0,1,0,1,0,0,0,1,0,0,3,0,0,2,0,0,0,0,1,0,2,1,4,0,0,1,2,0,2,0,1,0,0,0,0,1,0,2,0,0,1,1,1,0,0,1,1,0,3,0,3,1,0,2,0,0,0,0,0,0,2,0,2,2,1,0,1,0,1,3,1,0,2,0,0,1,0,0,2,0,2,0,1,2,0,0,25,55,48,0,2,0,1,1,53,57,133,172,172,127,30,2,1,1,0,1,0,2,0,0,0,1,1,62,148,252,196,0,1,19,73,178,254,255,255,255,253,255,189,0,0,0,1,0,1,2,0,0,2,16,178,245,217,50,18,57,170,226,254,255,252,253,194,135,48,45,22,0,0,0,0,0,1,3,0,0,66,193,255,252,244,169,224,246,253,255,254,156,143,30,9,0,0,0,0,0,0,1,5,0,0,2,0,9,203,250,254,152,182,246,129,125,45,10,14,2,0,0,2,0,1,0,0,0,1,0,0,0,3,0,1,5,196,253,254,63,2,0,0,0,0,0,1,0,1,0,0,0,2,0,0,0,1,2,0,0,0,0,1,0,76,219,254,254,121,39,19,2,1,0,0,1,0,3,4,0,0,1,0,3,1,0,0,3,0,0,0,1,1,18,165,246,255,253,214,179,82,1,1,0,2,3,1,1,1,0,2,2,0,2,0,0,0,2,0,0,0,0,0,51,165,252,254,255,239,159,13,0,0,1,0,1,0,0,2,0,0,0,1,2,0,3,1,0,0,0,0,2,0,41,172,250,253,255,88,2,0,0,0,0,0,0,0,2,0,0,0,0,0,0,3,2,0,0,0,0,0,0,1,43,167,255,245,22,0,0,0,0,1,0,2,1,1,0,5,0,0,0,0,0,0,3,2,0,2,2,0,0,66,255,253,26,2,2,0,0,0,0,0,0,0,0,0,1,0,1,1,27,0,2,0,1,0,1,0,42,223,255,201,8,0,1,0,0,0,0,4,0,0,0,0,0,0,0,0,229,148,39,0,0,20,51,60,220,250,239,75,3,0,0,1,0,2,2,0,1,4,0,1,0,0,2,0,42,199,239,150,67,197,255,255,255,239,78,0,1,0,0,0,3,0,2,0,0,1,0,1,1,0,1,3,2,7,53,57,53,159,170,167,94,39,0,0,1,1,0,0,0,0,0,1,1,0,0,2,0,0,0,0,2,0,0,0,2,0,0,0,0,1,2,1,0,0,0,0,1,0,1,4,2,2,0,0,2,1,0,0,3,1,0,0,0,0,0,0,0,0,0,0,4,2,0,0,0,2,1,2,0,2,0,2,0,0,5,1,1,0,3,1,0,0,0,3,0,1,0,0,0,0,0,1,1,0,3,1,1,2,0,3,1,0,1,2,0,0,0,1,2,0,1,4,0,2,0,0,1,0,3,0,0,1,0,1,1,0
0,0,1,0,0,0,0,1,0,0,1,0,0,1,0,1,1,0,2,0,0,2,4,2,1,0,2,1,0,2,1,0,0,0,0,3,0,0,0,0,0,0,0,0,0,1,0,0,0,0,0,0,2,0,0,0,3,1,0,0,0,1,1,3,0,0,0,0,1,0,0,0,2,0,0,0,2,1,3,1,0,0,0,1,3,4,0,1,1,0,0,1,2,0,0,0,0,0,2,0,0,0,0,0,4,3,1,0,0,0,3,0,0,0,0,1,1,1,2,0,0,0,2,1,1,2,1,3,3,1,1,0,2,3,2,0,2,3,1,0,0,0,0,0,0,0,0,0,3,0,0,0,0,0,0,0,0,1,0,0,1,1,1,0,1,0,0,0,0,1,0,0,2,0,2,2,0,0,2,0,23,152,157,219,122,0,0,0,0,0,0,0,0,0,0,0,0,1,1,0,1,0,1,0,1,2,0,39,230,253,253,253,250,183,14,2,0,0,1,2,2,0,0,0,0,0,2,2,2,1,0,0,0,0,21,207,253,191,190,228,253,255,193,2,1,3,0,0,0,0,2,0,3,3,0,3,0,1,0,0,1,0,93,237,58,0,0,20,175,252,231,5,2,0,0,1,1,0,0,0,0,0,0,0,1,0,0,0,0,9,208,212,2,2,0,1,114,255,231,0,0,0,0,0,0,0,0,0,2,0,0,3,0,1,0,0,0,83,255,70,1,3,1,4,170,254,229,1,0,0,4,0,0,4,0,3,0,0,0,0,0,3,2,2,0,128,193,1,0,0,1,133,255,255,229,0,0,0,0,2,2,0,0,0,0,0,0,3,3,2,0,1,1,145,170,0,0,0,22,251,196,255,231,0,0,4,1,1,0,2,2,0,0,3,4,0,0,2,1,1,1,233,166,0,0,17,202,230,64,253,152,0,2,1,0,1,0,0,0,0,0,0,0,3,3,2,0,0,0,230,189,52,49,168,254,134,117,255,71,0,0,0,0,0,2,0,1,2,0,0,3,0,0,0,1,2,2,227,252,251,253,250,130,17,117,253,31,3,0,0,0,0,0,2,0,0,0,1,1,0,0,0,2,2,1,107,252,253,255,138,20,0,178,181,1,3,1,0,0,2,0,1,0,0,1,0,0,0,0,1,0,3,0,5,40,98,62,2,0,0,218,185,0,2,0,0,0,0,1,0,0,4,1,0,0,1,1,1,1,0,0,0,0,0,0,0,0,40,243,159,0,1,2,1,1,2,0,3,2,0,0,1,0,0,0,2,1,0,3,0,0,1,1,2,0,149,255,76,0,3,0,0,3,1,0,0,0,0,0,0,0,1,2,0,2,0,2,0,0,1,0,0,2,160,238,1,0,0,0,0,2,2,0,0,0,0,0,0,0,0,0,1,0,2,2,1,1,2,2,0,2,246,147,0,0,0,0,0,0,2,1,0,0,0,1,2,0,2,4,2,0,0,1,2,0,0,3,0,80,255,138,0,0,0,0,1,0,1,0,0,2,0,2,0,0,0,0,2,0,1,2,0,0,0,0,1,203,255,82,0,0,0,0,0,0,0,0,1,0,0,2,1,0,0,1,0,0,0,2,0,1,1,1,0,205,169,7,0,0,0,0,0,0,2,0,0,0,0,0,1,0,0,0,0,0,1,0,1,0,0,3,0,0,1,0,0,2,0,0,0,0,0,1,1,0,1,0,0,0,0,2,2,0,0,0,1,0,1,2,0,0,0,1,1,0,0,2,0,4,3,0,2,0,0
2,1,0,0,0,2,0,1,2,0,0,0,1,2,1,0,1,0,0,0,0,0,0,2,2,0,0,0,0,4,1,1,0,0,2,1,1,0,0,0,3,0,0,1,2,0,0,1,0,0,4,0,0,0,0,1,0,1,0,0,0,2,1,2,0,3,0,0,1,2,1,0,2,1,3,0,1,0,1,0,1,3,2,1,0,0,2,1,1,1,0,0,0,0,0,1,1,3,0,0,4,1,2,0,0,0,0,1,0,3,0,0,0,1,1,1,0,1,2,0,0,0,2,0,0,0,1,2,0,0,2,1,2,0,0,0,0,1,0,1,0,0,0,4,0,0,0,0,2,1,0,0,0,101,161,252,254,230,41,2,0,0,0,0,0,4,1,1,0,0,3,4,1,0,2,0,1,5,0,143,247,253,251,255,255,252,211,0,1,2,3,0,0,0,2,0,0,0,0,0,2,0,2,3,1,0,212,250,255,252,223,112,13,178,215,0,0,0,3,1,0,0,0,0,0,0,0,0,1,0,1,0,1,148,250,255,219,45,18,2,0,81,34,121,212,3,2,0,2,0,1,0,0,4,3,0,3,1,4,0,0,225,255,253,205,70,2,0,0,44,231,253,179,0,1,0,0,1,0,0,0,0,0,2,0,0,1,0,0,80,241,253,253,244,222,127,90,188,255,241,62,0,0,0,0,0,0,1,0,2,0,0,1,0,1,0,0,0,35,113,254,251,251,253,255,253,251,110,2,0,1,1,6,0,3,0,0,0,1,1,1,1,0,1,0,2,0,15,44,150,193,254,251,252,181,15,1,2,0,0,0,1,2,5,0,0,0,4,2,1,3,0,0,0,0,2,5,0,66,254,254,227,40,0,1,3,0,1,1,2,0,1,0,0,0,0,0,0,1,0,0,1,0,2,0,1,101,253,252,252,86,1,2,0,0,1,0,0,1,0,2,2,2,1,1,0,0,0,1,0,2,0,1,85,240,253,255,253,84,0,0,1,0,2,0,0,0,0,1,0,4,2,3,0,0,0,1,0,1,0,2,204,252,255,255,254,84,0,1,0,0,0,1,1,3,0,0,0,1,1,0,2,0,0,2,0,1,0,80,239,251,254,253,243,71,3,0,1,0,0,0,1,2,0,0,0,0,3,0,0,0,0,3,1,0,61,241,246,157,252,253,208,0,0,2,0,1,0,2,2,0,0,0,1,1,1,0,2,0,0,4,5,0,87,251,180,84,253,252,124,0,0,0,1,0,0,0,0,1,0,0,0,0,1,0,0,0,5,2,0,0,167,250,225,230,254,211,31,1,0,0,0,0,0,3,0,0,0,1,0,0,0,3,0,0,2,0,0,0,215,254,252,252,253,70,0,0,0,2,3,2,0,2,0,0,0,2,0,0,2,0,0,0,0,1,0,0,215,255,253,253,211,31,0,2,1,0,0,0,2,0,0,0,0,0,0,1,0,1,0,0,0,0,0,0,218,254,254,211,31,0,1,2,0,0,2,1,2,0,0,0,1,0,0,0,0,0,0,0,2,1,2,2,217,254,215,31,0,3,0,0,0,0,3,0,0,0,0,0,0,0,1,2,2,1,0,0,3,0,1,1,0,1,3,2,0,1,0,1,1,0,0,1,1,1,0,2,0,0,0,1,1,0,1,2,2,0,0,1,0,0,0,0,5,0,0,0,1,0,2,0,0,0,0,1,0,1,0,2,1,1,0,0,0,0,1,0,0,0,2,0,0,1,0,0,0,4,0,0,2,0,2,2,1
1,0,1,0,0,0,0,1,0,0,1,2,2,0,1,1,2,0,2,0,0,0,0,1,5,3,1,0,0,0,2,0,0,1,0,0,1,1,0,0,1,2,0,0,1,1,0,0,0,3,2,2,1,0,2,3,0,0,0,0,0,2,0,0,1,4,0,1,0,3,0,2,0,1,0,0,2,2,0,0,1,0,0,0,0,0,0,0,0,0,1,2,0,0,2,0,1,3,1,1,2,0,1,0,2,0,1,0,0,2,3,2,3,3,2,0,2,0,0,0,2,0,0,0,2,0,0,0,1,0,0,4,0,1,1,0,0,1,0,1,0,3,1,0,1,0,0,0,0,0,0,2,0,89,149,189,254,219,138,35,0,0,0,0,0,2,0,0,0,0,0,0,0,0,4,2,0,0,0,0,127,244,254,216,163,229,254,175,3,0,0,0,0,7,0,1,0,3,2,0,0,0,1,4,0,0,101,226,247,255,148,7,0,6,182,247,81,3,1,0,2,0,0,2,2,0,0,1,0,0,0,0,0,21,234,253,250,250,96,0,1,1,135,255,130,0,0,0,0,0,0,0,0,0,0,0,0,0,0,1,0,121,255,245,82,224,149,1,0,0,134,251,74,0,0,3,2,0,0,1,1,0,0,0,1,2,2,0,1,159,253,240,0,112,201,2,0,0,166,231,19,0,2,0,0,0,2,0,1,0,0,1,0,2,0,1,0,228,255,239,0,17,26,3,0,48,248,166,0,0,1,0,0,0,0,0,3,1,2,0,0,2,0,1,1,106,255,241,0,1,0,0,8,204,247,56,0,0,0,3,0,1,0,1,2,0,0,2,0,3,0,1,0,27,254,249,73,0,3,0,174,253,134,0,0,0,2,0,1,1,0,1,0,0,1,2,2,1,4,0,1,2,116,255,164,9,0,18,248,178,8,0,5,0,0,0,1,3,0,2,2,0,0,1,2,1,0,2,2,1,14,230,255,124,42,224,183,15,0,2,0,0,1,0,1,2,2,0,0,1,2,0,0,1,0,0,3,0,0,148,253,250,248,234,7,0,0,0,0,0,1,0,0,0,4,0,0,2,0,0,0,0,0,0,1,0,0,6,188,255,255,119,1,1,1,0,0,0,2,1,4,2,2,0,1,0,2,0,0,0,2,0,0,0,0,22,212,254,211,11,1,0,0,0,5,0,3,0,0,0,0,4,0,3,0,0,0,2,2,2,0,0,2,195,255,254,252,125,3,0,0,1,1,0,0,0,0,0,2,0,0,0,0,1,0,0,1,0,0,4,123,247,148,123,253,200,2,1,0,3,2,0,2,2,0,3,0,1,0,2,0,3,0,0,0,0,2,26,253,243,29,108,252,253,5,2,0,0,0,0,0,2,0,0,0,1,0,0,0,0,3,0,2,0,0,28,251,238,2,111,254,208,1,0,3,2,1,1,0,0,2,0,2,2,0,0,0,0,0,0,1,6,0,25,252,253,194,200,252,134,2,0,0,2,2,0,4,0,1,0,1,0,0,0,0,2,1,3,0,3,0,6,73,242,255,251,210,9,1,0,0,1,0,3,0,2,3,2,1,1,0,0,0,0,1,0,3,0,1,0,0,1,0,3,0,0,3,1,2,3,0,0,0,0,0,0,0,0,0,2,2,0,3,0,2,0,0,1,0,0,0,0,0,0,0,1,1,0,2,1,0,0,0,2,1,0,0,0,2,0,0,0,2,0,0,0,0,2,1,0,0,1,0,1,0,0,1,0,0,0,2,0,1,0
0,0,0,0,0,0,0,0,0,2,1,0,2,0,2,2,1,0,0,1,0,0,2,2,0,0,0,1,0,1,1,3,0,1,2,0,1,0,0,2,3,2,0,2,0,4,1,0,0,1,0,1,0,1,0,2,0,0,1,0,0,0,1,0,0,1,0,1,0,3,0,0,3,4,1,3,2,0,0,3,1,0,0,2,0,0,0,1,1,0,0,2,0,1,0,1,5,0,0,0,0,0,0,0,0,2,0,0,1,0,0,1,3,0,1,2,0,0,0,1,0,0,0,1,0,0,0,0,0,0,0,1,0,0,0,0,0,0,1,1,0,0,1,1,81,253,253,255,255,166,96,255,255,253,254,252,150,65,1,0,0,1,0,2,0,0,0,0,2,2,2,0,80,253,255,251,253,255,252,253,253,255,251,253,253,233,153,28,2,0,1,1,0,1,0,0,1,1,2,4,81,253,254,251,252,254,255,254,252,252,252,255,253,254,254,216,33,0,0,0,0,0,0,2,0,1,0,0,34,200,155,252,231,115,113,113,214,252,254,252,249,254,251,254,205,34,2,0,0,0,0,0,0,0,4,2,0,20,9,31,28,0,4,42,73,252,253,252,255,252,254,255,254,63,1,1,0,0,0,1,0,2,0,0,0,0,0,0,0,61,135,253,252,253,254,253,254,252,252,253,195,33,0,2,0,3,0,1,2,2,2,2,0,0,0,1,36,228,251,251,254,252,252,252,253,226,225,82,27,0,0,0,0,1,0,0,0,3,3,1,1,0,0,0,42,254,254,255,254,254,254,226,145,10,0,1,0,0,3,0,0,2,0,0,2,3,0,0,1,0,0,0,48,253,252,255,254,249,253,64,5,1,2,1,0,0,0,0,0,0,0,0,0,0,0,3,0,2,0,0,46,252,255,255,253,254,251,253,156,9,0,0,0,0,0,0,0,0,0,3,0,0,0,2,0,0,0,0,15,87,223,254,253,253,254,253,250,174,168,27,0,0,0,1,0,0,0,0,1,2,0,0,2,3,3,0,2,0,1,5,14,184,231,253,255,254,252,101,71,18,1,0,0,0,0,0,3,0,2,2,0,0,1,0,0,1,0,0,4,0,66,251,252,255,252,252,249,164,2,0,3,0,0,2,0,2,0,0,0,1,0,0,0,3,1,3,0,0,0,24,131,212,253,254,253,255,232,68,1,0,1,0,0,1,1,2,0,1,0,3,0,2,0,0,2,1,1,0,0,51,255,252,253,252,254,76,0,0,0,2,2,0,0,0,0,0,0,2,0,0,0,13,36,38,35,38,139,219,253,255,250,254,253,79,2,1,0,0,0,3,2,3,0,0,0,0,98,113,113,169,250,253,255,253,255,254,251,250,251,254,210,42,2,1,0,0,0,0,0,2,0,0,0,0,218,253,252,253,255,253,251,251,252,251,253,248,251,227,35,2,0,0,0,1,0,0,0,0,3,0,1,0,154,253,254,253,253,253,254,252,253,251,252,174,157,36,0,0,1,1,0,0,0,2,1,0,0,0,0,0,13,79,217,253,250,252,254,250,253,97,80,11,0,0,0,0,0,2,0,0,0,5,0,1,0,2,0,0,0,0,0,0,2,0,3,2,0,1,1,0,1,3,0,4,0,0,0,1,0,0,0,1,0,0,0,0,1,0,1,0,0,1,0,0,0,2,0,0,0,0,0,0,0,1,1,3,1,0,1,0,0,0,0,0,1,0,0,0,0,0,2,1,0,0,1,1,2,0,0,1,2,4,1,1
0,0,0,0,1,0,3,0,0,0,1,0,0,1,1,0,3,3,0,2,0,1,1,0,4,0,3,1,4,3,1,2,0,0,1,0,0,0,2,0,3,0,0,1,0,3,2,0,0,1,0,0,0,5,3,1,2,0,2,0,1,0,0,1,0,0,0,0,1,0,1,2,0,0,0,0,0,0,1,0,2,0,0,3,0,0,0,0,1,0,4,1,0,0,0,0,3,2,0,0,1,0,0,1,0,0,0,2,0,0,0,2,0,0,1,0,2,0,0,0,0,1,0,0,0,0,0,0,2,0,0,0,1,1,0,0,0,2,0,1,0,3,2,0,0,0,0,0,1,3,0,0,0,0,2,0,0,0,0,0,1,0,0,0,0,0,4,1,3,1,0,0,2,0,0,0,0,3,3,0,1,0,0,0,0,1,1,1,0,0,0,0,0,0,0,2,1,0,0,0,1,2,1,0,3,3,25,70,170,253,251,255,205,57,0,5,0,0,2,0,0,0,0,0,0,0,0,2,0,1,2,1,5,164,239,252,255,253,253,254,254,234,57,0,1,0,0,0,0,1,2,0,0,1,0,3,1,2,0,5,130,255,254,252,236,230,228,198,249,252,239,44,0,0,1,0,2,0,0,4,0,0,0,1,4,1,36,169,253,255,253,102,7,1,0,2,130,254,253,157,0,1,0,0,0,0,0,0,1,0,1,0,0,0,149,255,214,136,1,0,0,3,2,0,0,211,254,127,0,0,0,0,1,0,1,0,0,1,0,0,0,13,223,214,19,1,0,1,0,0,0,0,0,210,253,93,1,0,0,4,0,1,0,2,3,1,0,0,0,4,114,65,0,1,0,0,3,3,6,0,0,207,253,92,0,1,0,0,0,0,0,0,0,0,2,1,0,0,1,0,0,0,1,1,4,1,0,2,0,210,255,59,0,2,1,0,2,0,2,1,1,1,0,2,0,1,1,1,0,2,0,1,0,3,0,0,94,255,170,0,0,4,4,1,0,0,0,2,1,0,0,0,2,0,1,0,2,0,2,1,0,0,2,14,237,251,57,0,3,0,0,2,0,0,0,0,1,4,0,0,0,0,0,0,0,0,1,1,0,0,0,187,253,145,0,0,0,0,0,0,0,2,0,0,0,0,0,0,0,0,2,1,0,3,0,0,0,0,0,254,255,45,0,1,0,2,2,0,1,2,0,1,0,0,1,0,0,0,1,1,0,0,1,0,0,1,152,254,200,18,0,0,0,0,0,1,0,0,2,1,0,0,3,2,0,0,0,0,0,2,1,2,1,21,246,253,31,0,0,0,1,0,1,0,2,0,0,0,0,0,2,0,0,0,0,0,0,1,1,2,4,144,255,155,4,0,1,0,0,1,0,1,0,3,1,1,0,4,2,3,0,2,2,1,0,0,0,2,47,255,252,28,0,0,1,3,0,1,2,0,0,0,1,0,0,0,0,1,1,0,0,1,0,0,0,0,162,247,84,0,1,0,4,2,0,0,1,1,0,0,0,0,0,0,2,1,0,0,1,0,0,1,1,66,251,229,17,0,0,0,2,0,2,3,0,0,0,0,1,0,2,0,0,4,0,3,1,0,1,0,1,73,253,237,67,0,0,0,1,2,3,0,1,0,1,0,0,0,0,0,0,0,1,1,0,0,0,0,3,72,236,56,1,0,0,3,1,2,0,0,1,1,1,0,0,1,0,1,0,0,0,1,0,0,0,0,0,2,0,0,1,2,0,3,0,3,0,1,0,0,1,0,0,0
0,2,3,0,0,0,1,1,1,0,1,0,0,3,0,1,0,2,0,1,0,0,0,1,0,3,0,0,0,0,0,0,0,0,3,0,2,0,0,0,0,2,4,2,0,1,0,0,1,0,0,1,0,1,0,0,0,1,1,2,0,1,1,0,2,0,2,0,1,0,1,1,0,0,0,0,0,0,0,2,0,0,0,0,1,2,0,0,0,3,1,0,2,3,2,0,0,2,0,0,0,62,225,197,84,4,0,0,0,2,0,0,0,0,0,0,0,0,2,0,0,0,0,0,1,0,2,1,105,236,253,202,33,0,0,0,0,1,1,0,0,4,0,0,1,0,1,0,1,0,0,1,1,0,1,119,247,237,103,10,0,0,0,0,0,3,1,0,1,0,0,0,0,1,2,0,2,0,0,3,0,2,146,255,210,50,0,2,2,0,2,2,0,1,2,1,0,0,0,1,4,0,0,0,0,2,3,0,0,166,251,232,27,3,0,0,0,0,0,1,0,0,2,1,0,0,1,0,0,0,0,0,0,1,0,2,74,252,244,22,0,0,0,0,0,0,0,3,0,0,0,0,2,0,0,1,0,0,0,0,0,0,0,31,223,254,73,2,0,2,2,2,1,0,0,2,0,0,0,0,0,2,0,0,0,0,0,0,2,0,0,137,255,155,0,0,1,0,2,1,2,2,0,0,0,2,0,0,2,1,1,1,0,1,1,0,1,0,69,245,255,130,39,25,0,0,1,0,0,0,0,0,1,0,0,0,0,2,0,0,0,2,0,1,2,0,252,249,253,249,252,246,210,160,1,2,1,0,1,3,5,3,2,0,2,0,0,0,0,0,0,0,1,70,254,253,183,69,128,230,254,254,128,0,0,3,0,5,1,3,0,0,0,1,1,1,0,0,0,0,0,10,255,249,45,3,0,27,126,250,253,39,0,0,1,1,0,0,0,0,3,0,1,0,2,0,0,0,0,0,255,203,0,1,0,0,0,140,250,44,0,1,2,2,1,2,0,1,0,0,0,0,2,3,0,2,1,48,254,168,1,3,2,0,0,130,249,39,1,0,0,0,0,0,3,0,3,0,0,1,0,2,0,2,0,73,254,166,1,4,1,1,0,144,252,42,1,1,0,1,0,0,0,3,2,0,0,0,2,1,2,0,0,91,251,166,0,2,2,0,47,255,197,0,0,3,0,0,0,2,1,0,0,0,1,1,1,1,0,2,0,26,255,171,0,0,0,5,154,254,111,2,0,0,4,0,3,0,0,2,0,0,1,0,0,0,0,1,2,0,237,249,108,3,15,166,253,173,1,0,0,0,0,4,1,2,0,0,1,0,1,3,0,0,0,0,2,3,63,250,250,239,245,252,203,22,0,0,0,2,0,0,0,0,2,0,0,0,0,0,0,1,2,0,3,1,1,63,181,188,192,103,6,0,0,0,1,0,1,0,0,0,0,1,1,1,0,0,0,3,4,0,0,0,0,2,0,2,2,1,1,1,1,0,0,0,0,0,1,0,1,1,0,0,0,0,0,0,0,0,0,2,0,0,1,3,0,0,0,0,0,1,0,0,0,0,2,0,0,1,0,0,0,0,0,0,0,2,0,0,2,3,1,0,3,4,0,0,1,2,0,0,0,0,0,2,0,2,1,0,0,0,1,1,0,0,0,2,5,0,2,1,4,0,0,1,1,0,0,1,0,2,0,0,0,0,0,0,0,0,1,0,1,0,0,0,0,0,0,0,0,0,4,0,2,0,2,0,0,2,3,0,0,0
1,0,0,0,0,0,1,2,0,1,0,0,0,1,0,0,1,1,1,0,1,1,0,0,2,0,0,0,0,0,0,2,0,0,0,1,0,0,0,1,0,0,0,0,0,1,2,1,2,2,0,1,1,0,0,2,0,2,0,2,0,0,1,0,3,0,3,0,0,2,2,3,2,4,0,0,0,0,0,1,0,0,0,0,3,0,0,2,3,2,0,1,3,1,0,0,0,2,0,0,0,0,0,0,0,0,1,2,0,0,0,1,0,0,4,0,0,2,0,1,0,0,1,0,0,0,2,0,3,0,0,2,1,0,0,0,0,4,0,0,1,2,1,0,2,0,0,0,14,90,74,53,133,254,255,255,188,82,2,2,0,1,0,3,0,1,1,2,0,1,0,0,1,0,0,7,153,253,239,223,253,254,254,253,249,243,178,50,5,0,0,3,0,1,1,1,0,0,0,0,2,0,0,105,253,253,253,255,253,254,254,255,253,253,255,252,175,13,2,0,0,2,0,0,0,0,0,0,2,0,2,122,252,254,253,249,254,255,254,252,254,253,251,255,252,63,13,5,0,2,3,0,0,0,3,0,0,1,96,254,255,253,252,254,253,255,255,253,253,255,253,254,252,253,176,10,1,1,0,0,1,2,0,2,2,18,196,255,251,255,252,223,52,39,43,149,222,254,254,251,252,255,252,17,0,0,4,0,5,0,0,2,0,90,253,251,255,253,254,114,0,4,2,2,47,127,253,254,253,252,255,15,1,0,1,0,0,0,0,2,2,94,254,253,253,251,239,87,0,3,0,5,0,3,19,210,251,252,253,166,2,0,0,1,0,0,4,1,1,92,253,254,254,255,204,1,0,2,2,0,0,2,0,107,254,255,249,224,56,1,2,0,0,0,0,2,1,92,250,254,255,214,32,2,0,0,0,0,2,1,0,41,252,253,252,255,89,0,0,0,4,2,5,2,1,93,249,253,254,130,1,2,1,1,2,0,0,0,0,152,253,255,253,254,89,0,1,0,2,0,2,0,1,92,255,253,251,176,19,1,0,0,1,1,2,0,50,221,253,254,252,251,89,0,0,0,0,0,0,0,0,95,254,254,255,159,9,0,0,0,1,2,1,32,220,254,254,255,253,184,25,0,0,0,0,1,3,0,2,92,255,254,252,187,21,0,0,0,1,5,116,220,254,254,253,250,254,15,0,0,0,0,2,0,0,0,0,91,254,252,252,254,70,39,39,45,95,206,255,254,255,252,227,210,214,12,0,0,1,0,1,1,1,0,0,44,219,255,252,254,255,253,254,253,254,254,254,254,252,253,119,0,0,0,1,0,4,0,1,2,1,1,0,3,36,255,253,254,253,255,255,249,251,255,253,252,250,179,16,0,1,1,0,1,1,0,1,0,2,0,2,1,7,165,253,252,253,251,253,250,255,250,250,255,255,50,0,0,0,0,2,1,0,1,1,0,1,3,0,1,0,74,187,253,252,252,255,253,252,254,253,247,106,4,0,0,0,2,1,4,0,0,2,2,1,0,0,0,0,1,11,86,228,254,210,89,88,89,85,82,0,0,0,2,0,0,0,0,1,0,1,0,1,1,0,4,2,0,0,0,0,1,0,1,0,0,0,0,0,0,1,0,0,0,2,0,0,0,0,0,1,0,0,2,2,0,1,1,0,2,0,2,0,2,1,0,1,0,0,0,0,0,1,0,0,1,0,0,0,0,0,0,0,0,0,0,0,2,1,0,1,0,0,1,0,1,0,2,0,0,0,0,2,0
1,0,3,0,4,0,0,0,0,0,0,1,0,2,1,0,0,0,0,0,0,2,0,0,0,1,1,2,6,0,1,2,2,1,0,0,0,2,3,0,1,3,0,0,2,1,0,0,0,0,0,1,1,0,4,1,0,0,0,0,0,0,1,0,1,0,2,0,0,3,0,1,2,1,4,0,0,0,0,1,0,0,0,0,3,0,3,0,2,0,0,1,0,0,3,0,3,0,0,1,0,0,3,1,0,2,0,0,0,0,2,0,1,0,2,2,0,0,1,0,0,0,0,0,0,16,168,125,1,2,1,0,2,1,0,0,0,1,0,1,0,0,0,0,1,1,0,0,0,0,0,0,27,180,251,193,9,0,0,1,0,1,0,0,2,0,0,0,3,0,0,2,0,1,0,0,2,0,0,29,210,250,252,169,4,12,84,56,4,0,2,0,0,1,0,1,3,1,2,2,0,0,0,1,0,0,1,87,253,255,253,116,4,15,216,244,77,2,0,0,0,1,0,0,0,2,1,1,0,1,0,0,1,1,45,232,252,241,72,1,1,0,171,251,253,2,0,3,0,0,0,0,2,1,0,2,0,0,0,2,0,1,170,252,255,88,0,4,1,1,94,253,254,22,0,0,0,3,2,0,0,2,0,0,0,0,2,1,1,25,232,248,215,1,1,0,0,0,56,255,251,113,0,0,0,0,1,2,0,0,3,0,0,1,2,0,0,127,252,251,41,0,0,0,0,0,59,251,253,160,0,2,1,1,0,0,2,2,1,4,0,0,2,0,0,255,255,169,0,3,1,2,2,0,0,195,252,228,1,0,0,0,0,0,0,0,3,1,0,1,1,1,0,253,255,170,1,1,1,0,3,3,1,198,251,196,0,0,0,0,2,1,0,0,0,0,1,4,0,0,86,250,252,169,0,0,1,0,0,1,1,148,250,112,1,0,0,1,2,1,1,1,1,0,0,0,2,0,163,254,249,72,4,1,4,0,0,3,0,198,253,114,1,1,0,0,0,1,3,0,0,2,0,0,0,10,232,252,253,56,0,2,0,0,0,3,7,204,255,49,0,0,1,0,1,0,0,0,0,1,1,0,0,85,250,250,255,54,2,1,3,0,0,7,146,252,230,2,1,0,1,3,0,2,2,0,1,0,0,0,0,82,252,253,250,56,0,3,0,2,0,155,252,226,46,3,0,1,0,0,0,1,1,0,0,0,0,2,0,10,179,254,252,108,1,0,3,0,50,251,252,116,1,0,1,0,0,0,1,0,3,1,2,1,0,0,0,0,101,255,255,215,137,33,55,182,255,236,138,1,0,0,1,3,0,0,0,3,0,0,0,0,0,0,3,0,1,255,251,254,252,253,248,251,226,174,0,2,0,0,1,0,0,0,2,0,2,3,3,0,1,0,0,0,0,68,223,251,252,250,251,187,32,0,3,0,0,0,0,0,0,0,0,0,0,2,0,1,0,4,1,3,1,1,94,142,191,92,139,46,0,0,0,2,0,5,4,4,1,3,2,0,3,1,0,0,0,0,0,0,0,3,3,2,3,1,0,0,0,0,0,1,0,0,2,0,4,0,0,4,0,0,0,1,4,1,0,0,2,1,0,2,0,1,0,0,1,0,0,0,1,0,0,0,0,1,0,0,0,0,0,1,0,0,0,1,1,0,0,0,0,0,0,1,2,0,0,0,1,0,0,0,0,0,0,1,1,0,2,0,0,1,0,0,0,1,0,0,0,0,0,0,0,0,0,0,2,1,0,0,0,0,0,0
0,1,2,0,1,1,0,0,1,2,2,0,3,1,0,0,0,0,0,1,1,0,0,0,0,0,0,2,1,0,0,0,0,0,2,3,0,1,0,1,1,0,0,0,2,0,0,4,1,1,1,0,1,0,2,2,0,2,0,0,0,0,0,2,0,0,1,0,2,2,2,1,0,1,0,1,2,1,0,0,2,0,1,0,0,0,0,0,0,2,0,0,0,2,2,0,0,2,0,0,0,2,0,0,0,0,2,0,1,0,0,4,0,0,0,0,0,1,1,0,0,0,0,0,0,0,0,0,0,4,2,3,0,1,0,1,1,0,0,3,0,0,0,0,2,1,2,0,36,222,250,255,255,253,112,92,0,1,0,0,0,1,0,2,0,0,3,0,0,0,2,0,0,0,1,116,219,254,253,253,254,252,255,249,105,0,0,2,0,2,0,0,0,0,1,1,0,0,3,1,0,1,0,148,253,251,253,252,252,254,255,252,127,0,1,0,3,0,0,3,0,2,2,1,0,1,0,0,3,1,0,147,162,158,80,10,9,85,245,253,131,1,0,0,0,0,0,0,2,0,0,1,0,0,3,0,1,0,1,35,5,0,1,0,2,120,247,247,110,2,0,0,0,0,0,1,0,0,0,0,1,0,1,3,0,0,0,1,0,1,0,2,115,251,254,144,0,1,0,2,0,0,0,0,1,4,0,0,0,0,0,0,3,0,0,0,0,5,0,228,251,253,249,128,0,0,0,2,3,0,0,3,0,4,0,1,0,2,0,0,0,0,1,0,0,4,114,249,253,252,253,247,182,183,182,116,4,0,0,0,0,0,0,0,0,0,1,0,0,0,2,0,0,33,252,254,251,251,251,255,255,253,253,253,116,1,1,0,0,1,0,1,0,1,3,0,0,0,2,2,1,40,254,253,252,253,253,253,251,252,253,251,249,82,1,0,0,4,0,0,3,1,0,1,1,1,3,0,0,9,76,223,228,228,187,77,76,75,194,253,254,201,3,1,0,0,0,0,0,1,0,0,1,0,1,2,0,0,1,0,0,0,0,0,2,0,170,254,251,247,0,1,0,0,0,0,2,2,1,1,1,2,0,0,0,2,0,0,0,1,0,0,1,21,192,253,250,203,0,1,2,0,0,0,0,0,0,0,1,4,0,0,0,0,2,2,2,0,0,2,7,175,253,250,250,85,0,1,0,0,0,0,2,1,2,0,1,2,0,3,2,0,0,0,0,0,1,11,181,253,249,251,122,1,0,0,1,0,2,2,0,0,2,0,1,0,0,1,0,0,2,0,1,0,0,153,253,255,253,224,31,0,0,0,0,0,0,0,0,0,0,2,0,2,1,1,5,7,3,0,1,7,150,225,254,253,239,46,0,0,0,0,0,2,0,1,5,2,0,0,1,0,2,3,89,254,172,41,126,253,253,251,252,222,49,0,0,0,0,0,1,2,0,0,0,0,0,3,0,0,1,0,17,202,254,226,252,252,253,215,123,31,2,1,0,3,0,0,1,3,3,1,0,2,1,2,1,2,0,0,1,78,185,253,251,252,203,32,0,2,0,3,0,1,0,1,0,0,2,0,3,0,0,0,2,0,0,0,0,2,0,1,0,0,0,1,0,2,0,0,0,0,1,0,0,2,1,1,2,0,1,0,0,0,2,0,2,3,0,0,0,0,0,0,1,0,2,0,1,0,0,0,0,5,0,0,2,0,2,0,0,1,2,0,0,4,0,0,0,0,0,2,0,0,0,1,0,3,0,2,0,0,0,1
0,1,0,0,0,3,0,1,2,1,0,1,1,4,1,0,2,0,0,0,3,0,0,0,0,0,0,0,0,2,0,0,4,0,0,0,1,0,0,0,0,0,0,3,0,0,0,0,0,3,0,0,3,0,0,0,0,0,0,1,1,1,0,1,0,3,0,2,2,0,2,1,0,0,1,0,0,0,0,0,1,0,1,0,0,0,1,0,0,3,0,1,0,2,3,0,1,0,0,1,0,0,3,0,0,0,0,0,0,0,0,3,3,0,1,0,1,0,0,0,0,3,0,0,0,0,0,3,0,2,0,0,1,0,0,5,0,3,0,4,0,4,0,1,1,0,0,0,0,1,0,0,0,27,216,184,153,40,1,0,0,2,0,1,2,2,0,1,2,1,2,0,0,2,0,4,0,0,0,0,2,183,234,161,234,196,12,3,0,0,3,1,0,0,3,1,0,0,1,0,0,1,5,0,1,0,3,0,34,255,161,2,32,241,115,0,4,0,0,0,0,0,0,1,2,0,2,0,0,0,3,0,1,4,0,1,103,229,57,2,0,183,198,1,1,2,1,0,0,3,0,0,3,1,0,0,0,1,0,0,2,0,2,19,242,153,2,0,0,52,197,1,1,2,0,1,0,0,1,0,0,0,0,3,0,4,0,2,0,0,1,32,254,66,0,2,0,56,221,10,0,0,0,0,2,1,0,4,0,0,3,0,0,0,0,0,4,0,0,94,224,0,0,1,6,55,253,27,1,0,0,2,0,1,3,0,5,2,0,1,3,0,0,0,1,0,1,152,182,0,0,1,0,27,242,53,0,0,0,4,1,0,0,1,2,0,1,0,0,2,0,0,2,0,13,223,124,1,0,0,0,28,242,23,0,0,0,0,0,0,1,0,0,2,0,0,2,2,0,0,2,2,25,253,54,0,1,0,1,56,255,24,0,0,0,0,0,0,0,1,3,3,2,0,0,0,1,3,1,0,44,250,45,2,2,0,0,55,205,5,1,1,0,0,2,1,2,1,0,0,0,3,0,0,0,0,0,0,53,225,0,1,0,0,1,71,194,0,1,0,0,0,4,0,0,0,0,0,0,0,0,0,0,0,0,0,53,227,0,0,0,0,0,139,193,0,0,2,0,0,0,0,0,1,2,2,2,0,0,1,0,0,2,0,110,225,0,0,1,0,1,185,149,3,0,0,2,1,0,3,1,0,0,1,0,0,0,3,2,1,0,0,111,227,0,1,1,0,47,238,30,0,0,0,1,0,3,0,0,0,1,2,1,0,0,2,0,1,0,0,56,227,0,3,0,17,185,131,0,2,2,2,0,4,0,1,0,0,0,0,0,0,0,1,0,1,0,2,26,228,16,2,0,122,224,15,0,0,1,0,1,3,0,0,2,0,0,1,0,1,2,1,0,0,0,0,25,253,75,0,120,250,129,4,0,0,1,2,2,2,0,0,0,0,2,0,0,1,3,0,0,0,0,4,16,234,212,202,253,130,5,0,0,0,1,0,1,0,2,0,1,2,2,0,0,0,0,0,0,0,0,0,3,53,239,187,90,0,0,2,0,0,0,0,1,0,1,0,0,2,0,0,0,0,0,0,0,0,0,1,1,0,4,0,4,0,0,2,0,1,3,3,1,0,1,1,0,3,1,0,0,0,4,0,1,3,0,1,0,2,1,0,1,0,2,0,0,3,1,1,0,0,0,0,3,1,0,0,0,1,0,0,1,0,0,3,0,0,2,1,0,0,0,3,0,0,0,0,1,0,0,0,1,1
0,0,0,0,3,4,0,0,0,2,1,0,0,0,1,0,0,0,0,0,1,0,0,2,0,1,1,0,2,0,4,0,1,1,0,0,0,1,0,0,2,1,1,0,3,1,0,0,0,0,0,0,1,0,0,2,0,0,1,1,0,3,0,0,0,0,0,1,0,1,0,2,0,0,0,0,0,0,0,2,0,0,0,0,2,1,0,0,0,3,0,2,2,0,1,0,1,0,0,0,0,0,0,0,2,0,0,0,3,4,0,2,2,3,3,0,1,1,3,0,0,0,0,0,0,0,1,0,3,0,2,0,0,1,4,2,0,0,1,0,0,0,1,2,0,1,0,1,0,0,1,0,10,25,133,140,137,192,182,255,190,140,48,0,2,0,0,0,2,0,0,1,0,4,0,2,0,42,46,119,185,253,254,253,251,250,250,251,252,252,228,29,0,0,0,1,0,0,1,0,0,0,3,21,168,244,251,251,253,227,182,183,162,67,70,68,79,227,250,45,1,0,0,0,0,2,3,0,0,0,1,72,254,254,252,237,78,26,2,2,1,2,0,2,12,195,229,27,0,0,1,0,0,0,0,2,0,0,0,6,66,138,201,172,33,1,0,1,0,0,0,1,182,253,184,0,0,0,2,3,3,2,0,1,0,0,1,0,1,0,2,1,2,1,3,0,1,0,9,127,254,250,115,1,0,0,0,0,0,0,0,0,1,1,1,3,2,0,0,0,1,2,0,2,0,0,114,253,252,130,0,0,4,2,1,3,0,0,0,0,0,2,1,0,0,1,1,0,0,0,0,0,0,131,242,252,122,22,3,1,1,1,1,3,2,0,1,1,0,1,1,3,0,0,2,0,1,0,1,9,169,241,249,165,0,1,0,0,3,0,0,0,0,1,0,0,0,0,0,0,0,2,1,0,1,3,52,180,250,254,115,1,1,2,0,0,3,2,0,5,4,0,1,2,0,0,4,0,1,1,0,3,5,66,242,252,250,63,0,0,0,0,0,1,1,3,2,0,0,0,0,0,0,0,3,0,2,1,1,50,188,250,252,220,72,1,2,0,3,1,1,4,0,3,0,1,0,0,5,2,1,0,0,0,0,1,52,227,251,252,224,32,0,0,0,3,1,1,0,1,0,0,2,0,4,0,0,2,1,0,0,4,1,129,234,251,227,121,24,0,1,0,2,2,1,0,1,2,1,2,0,0,0,1,0,1,5,0,1,30,210,247,255,230,49,1,1,0,0,0,0,0,0,0,0,0,0,0,0,1,0,3,0,0,1,3,88,220,252,255,156,0,0,0,9,35,117,8,0,2,0,0,0,0,0,0,0,0,3,0,0,2,0,2,164,250,252,105,0,5,46,91,202,253,242,58,0,0,0,0,0,0,0,0,0,0,1,0,0,0,5,1,158,251,253,188,184,197,250,252,222,171,57,0,0,0,0,1,2,3,0,3,1,1,0,0,0,1,2,1,121,251,251,254,255,252,253,252,96,0,0,1,2,0,0,0,0,1,0,0,1,1,2,0,0,3,1,2,8,53,138,138,190,136,54,22,6,1,2,1,0,0,1,0,0,0,0,3,3,0,0,0,0,0,1,0,0,0,0,0,0,0,0,0,1,1,2,0,2,0,2,0,0,0,0,0,5,0,0,3,1,0,3,1,0,1,0,0,2,2,3,1,1,0,0,2,0,1,1,3,2,1,0,0,0,0,1,0,0,0,0,0,0,2,0,0,0,3,1,0,0,0,0,0,1,1,2,0,0,0,0,1,0,1
0,0,0,0,2,1,1,2,0,3,2,0,0,0,0,0,0,0,0,1,1,0,0,2,0,0,0,2,0,1,2,1,2,2,1,0,4,0,1,3,2,0,2,0,0,0,0,0,0,0,1,0,2,0,0,0,0,0,0,0,1,2,0,0,2,3,3,0,2,0,0,0,3,2,0,0,3,0,1,0,1,0,1,3,0,0,0,0,0,0,2,0,1,0,1,0,0,0,0,0,1,2,2,0,0,1,0,1,0,0,0,2,3,0,0,3,2,2,0,1,2,0,1,0,0,1,0,2,0,0,1,1,0,0,0,0,0,0,0,0,1,0,0,0,0,1,0,1,0,0,0,110,0,0,0,2,0,2,1,0,0,2,0,0,0,0,0,2,0,2,0,0,0,3,1,0,0,10,147,176,1,1,0,1,0,2,0,2,0,0,0,0,0,0,0,0,0,1,2,1,0,0,1,1,1,41,250,52,1,0,3,1,2,1,0,2,3,0,2,0,0,0,3,1,0,2,0,0,0,3,0,1,0,190,211,43,0,0,0,0,0,0,2,3,0,0,0,2,0,0,1,1,3,0,1,0,0,0,0,1,68,193,0,3,0,0,1,1,36,53,0,66,123,118,124,78,0,0,0,0,0,0,0,0,0,0,2,0,144,191,0,0,2,24,201,198,218,225,196,219,255,253,254,230,201,0,0,0,4,0,0,1,3,0,0,23,185,37,48,22,0,188,215,217,252,255,127,128,255,253,255,251,183,0,0,0,2,0,0,0,0,0,1,194,252,188,218,52,0,175,43,46,72,68,4,34,218,247,250,183,21,0,4,0,1,0,1,2,0,0,55,242,203,49,167,35,2,0,0,1,0,2,0,0,11,162,251,152,2,0,0,0,0,2,0,0,3,0,158,255,113,1,0,3,0,0,1,0,0,1,0,2,39,252,255,155,1,0,1,0,0,1,2,0,1,127,252,193,0,1,0,2,0,4,2,0,1,0,1,126,246,143,8,4,1,0,0,0,0,0,0,0,0,255,250,190,1,2,0,0,2,1,0,0,0,0,136,203,130,55,0,0,2,0,0,2,1,0,2,0,1,253,252,203,25,0,2,0,1,0,2,0,52,156,250,227,32,2,2,5,0,2,0,1,1,0,0,1,1,254,251,251,181,18,0,0,0,3,47,131,251,178,124,57,1,0,0,2,0,0,0,5,0,0,2,0,0,221,241,254,253,185,35,176,212,212,224,115,41,18,1,0,1,1,1,1,2,0,2,0,0,0,0,0,0,0,157,146,202,253,253,254,254,249,137,49,0,0,5,0,0,2,1,1,0,0,0,0,0,0,0,0,2,0,37,6,37,214,233,236,234,105,0,0,0,0,0,0,4,0,0,2,1,0,3,0,1,2,0,1,0,0,0,0,1,2,1,0,0,0,0,0,1,0,0,0,0,3,2,1,0,0,4,0,1,3,0,3,1,0,1,3,0,0,0,4,0,3,5,0,2,0,2,1,0,0,0,3,0,2,4,0,0,0,0,1,1,1,4,0,0,0,0,0,0,2,2,1,0,0,0,0,0,2,0,3,0,0,0,0,1,0,0,1,0,0,0,0,0,0,1,0,0,4,2,0,0,1,0,0,0,0,0,0,1,3,2,0,0,1,0,0,0,1,0,1,0,0,0,2,0,0,0,0,0,0,0,1,3,2,0,1,0,0,3,0,1,3,1,0,2,0,1,4,0,0,1,0,0,0,0,1,0,1,0,0,0,3,0,0,0,1,4,0
0,3,0,0,0,2,0,1,0,1,0,1,0,0,1,0,0,2,1,0,3,1,3,0,0,0,0,0,2,0,1,0,1,0,1,0,0,0,0,1,0,0,0,0,0,1,0,1,0,2,0,0,1,0,2,0,0,0,0,0,0,0,0,0,1,1,0,0,0,0,0,0,0,0,0,0,0,3,1,3,0,1,0,0,0,1,2,0,0,1,1,0,0,0,0,0,4,1,0,0,6,109,192,19,0,1,0,0,0,0,0,0,0,0,3,0,0,0,0,0,0,0,0,0,0,1,3,106,235,251,255,106,2,0,0,0,0,2,5,1,0,0,0,0,1,0,1,0,0,0,2,1,5,48,170,255,254,254,252,164,1,0,0,1,0,0,0,0,0,2,0,1,1,0,2,1,0,1,1,5,129,252,255,254,254,233,128,66,5,0,1,0,0,1,4,1,1,0,0,0,0,0,0,0,0,1,6,127,253,253,254,246,186,18,3,0,2,0,0,0,0,0,0,0,0,0,4,3,0,1,3,0,0,7,129,254,254,246,188,67,2,1,2,1,0,1,0,0,0,1,1,1,1,2,0,1,2,0,0,1,0,52,254,255,244,161,1,2,0,3,0,4,3,1,2,0,1,0,1,0,0,0,0,3,0,0,0,0,6,175,255,247,105,2,2,1,3,0,0,1,4,1,1,2,1,0,1,0,0,0,1,2,0,1,0,0,54,255,255,180,1,0,0,44,57,57,57,5,1,0,4,0,2,6,4,0,1,1,1,0,0,0,2,4,173,253,226,23,0,44,152,238,253,253,254,151,37,0,0,2,2,3,0,0,0,0,0,2,0,0,1,19,249,255,123,1,132,238,254,254,254,254,251,252,230,20,3,0,0,1,0,0,0,0,0,2,0,1,0,19,250,228,30,99,240,255,255,255,232,174,203,253,255,61,1,0,2,0,1,0,0,0,0,0,0,0,0,20,255,184,37,251,254,243,145,47,34,0,15,124,255,144,0,0,0,2,0,0,1,0,3,1,0,0,4,18,255,141,143,252,236,67,0,1,0,3,1,92,255,148,0,0,1,0,0,0,0,3,3,4,1,2,3,20,255,251,237,238,72,3,0,1,5,0,1,94,255,240,12,0,0,0,0,0,1,1,0,0,0,0,0,13,211,253,253,211,1,0,0,0,3,0,38,156,255,217,11,3,1,0,0,0,0,0,0,1,1,0,3,0,100,254,254,230,106,32,0,1,3,85,162,254,255,147,2,0,0,0,2,0,0,1,1,1,0,0,0,0,3,163,252,255,254,242,236,240,235,251,251,254,255,31,3,3,0,0,0,0,1,0,2,1,3,0,1,2,0,7,110,255,255,255,255,255,255,253,254,252,103,5,1,0,3,0,2,0,0,0,0,4,1,1,0,0,1,0,4,29,153,254,255,253,255,254,149,86,0,0,1,0,1,0,0,0,0,2,0,0,0,0,5,0,0,1,0,1,0,0,0,0,2,1,1,5,0,1,0,0,0,0,1,0,1,1,0,3,2,1,1,0,2,2,1,0,0,0,0,0,1,2,1,0,1,3,1,2,2,0,0,0,2,1,3,0,0,0,0,1,2,1,4,0,0,0,0,0,2,2,0,2,3,0,2,1,0,0,0,0,0,0,1,1,0,1,0,2,2,1,0,0,0,0,2,0,0,0,0,3,0,0,0,0,0,0,1,1,0,3,1,0,0,1,0,2,4,2,1,0,0,0,0,0,0,0,0,1,1,0,0,1,0,0,3,0
0,3,0,0,0,2,0,0,0,0,0,0,0,0,0,3,0,0,0,1,0,1,0,1,0,0,2,2,3,0,1,0,0,0,2,1,0,0,4,0,3,0,0,1,0,0,1,0,0,3,2,1,0,2,0,2,0,0,0,0,2,0,2,1,0,4,0,0,0,0,0,0,0,0,0,1,0,0,0,0,0,1,0,2,0,3,0,0,0,0,1,0,0,0,1,1,0,0,0,1,1,4,0,0,3,3,0,1,1,2,0,0,0,0,1,0,2,4,1,0,3,0,2,0,2,3,1,0,0,0,0,0,1,0,0,0,1,0,1,1,0,1,2,1,0,0,0,0,3,2,0,0,0,1,3,0,0,0,0,0,0,3,0,0,3,0,0,3,0,0,2,0,0,1,0,2,0,1,0,0,0,0,0,1,0,41,156,184,252,159,0,2,0,0,0,1,0,0,0,0,1,1,0,2,0,1,0,1,0,2,1,0,148,246,252,252,252,227,0,2,0,3,2,1,0,0,4,0,0,3,2,0,0,0,0,0,1,1,43,151,248,252,251,252,254,180,1,2,0,0,1,3,0,2,0,0,0,0,0,0,0,0,3,1,0,42,230,250,250,250,252,253,242,65,2,0,0,0,4,0,0,0,0,2,2,0,0,0,3,0,0,45,144,224,251,245,251,254,252,252,210,2,2,0,0,0,2,0,2,1,1,2,1,0,2,0,1,0,10,180,254,251,255,227,100,231,251,253,138,0,0,2,0,2,0,1,1,0,0,0,1,0,4,0,1,38,188,253,251,252,252,220,203,251,250,247,238,89,0,0,0,3,1,2,0,2,0,1,0,0,0,0,23,147,251,255,252,251,252,251,253,252,252,251,254,221,0,1,0,0,1,0,0,0,0,0,0,0,1,46,229,254,252,255,247,253,253,253,251,251,243,141,105,95,0,0,0,1,0,3,0,3,4,1,0,2,52,170,249,251,251,254,249,253,249,252,251,212,26,2,0,3,3,0,4,0,0,0,1,3,0,0,0,48,241,254,254,251,250,254,253,252,255,252,210,93,1,0,0,0,0,0,0,0,2,2,0,1,1,0,1,107,253,253,251,249,251,183,153,249,252,253,103,0,1,1,2,3,1,0,2,1,2,1,1,0,0,0,2,107,252,254,180,128,25,11,17,251,252,211,20,0,0,0,2,1,0,0,2,0,0,2,0,0,0,1,0,17,38,43,9,1,0,20,214,249,214,27,0,0,1,1,0,1,1,0,0,0,0,3,3,1,0,1,0,0,0,0,2,0,0,135,251,254,100,0,0,0,0,0,0,0,2,2,0,0,0,0,0,0,0,2,2,2,0,0,0,1,32,226,251,199,2,0,0,0,0,0,5,2,0,1,2,0,0,3,0,0,2,0,0,0,3,0,1,7,142,255,218,0,1,1,0,0,0,0,0,1,0,1,0,0,0,0,5,1,0,0,0,0,0,0,0,56,253,232,37,1,4,1,0,0,3,0,0,0,0,2,1,0,0,1,1,0,1,0,2,0,1,2,0,50,250,226,1,1,3,0,2,0,2,2,0,1,0,2,0,0,0,0,0,0,3,0,0,0,1,0,0,26,212,223,0,2,2,1,1,0,2,0,2,0,4,0,0,0,1,0,0,0,1,1,1,4,0,0,1,3,0,2,4,1,0,0,0,2,1,0,0,1,0,0,0,2,0,0,0,3,0,1,2,5,0,5,0,0,1,0,0,2,3,0,0,0,0,0,2,0,0,0,0,0,0,0
1,2,1,0,0,1,2,2,0,3,3,0,1,5,0,0,0,0,1,0,2,1,1,0,0,0,0,0,0,4,1,0,1,0,1,1,2,0,0,0,3,0,1,1,1,1,0,3,0,1,1,0,1,0,0,0,0,1,1,0,0,1,1,0,2,0,1,1,2,1,0,0,0,1,0,0,0,0,0,2,2,0,0,2,0,0,1,0,0,1,0,0,2,0,0,3,0,0,0,0,2,0,0,2,1,3,0,0,0,3,0,0,2,1,1,1,0,2,0,0,0,0,0,1,3,0,1,3,0,0,0,0,1,1,3,4,0,1,0,0,1,0,0,1,0,0,0,1,0,1,3,0,0,1,0,119,255,254,233,44,2,0,1,0,1,4,1,3,0,0,0,2,0,1,0,0,1,0,0,1,39,155,247,252,249,255,253,220,0,1,0,0,0,1,1,0,2,0,3,0,0,2,1,0,1,0,2,41,154,255,252,251,229,218,254,250,149,0,1,3,0,1,0,0,2,0,0,0,2,0,1,4,0,1,1,209,255,252,171,116,19,177,252,251,228,0,4,0,0,0,2,0,0,0,0,0,0,3,2,0,0,0,37,229,254,187,8,2,0,173,251,253,178,0,2,1,0,0,0,0,1,0,0,0,0,1,0,0,1,0,138,251,224,50,0,1,1,178,253,237,62,0,1,0,0,0,0,1,2,4,1,2,0,0,0,0,0,83,250,255,176,0,0,18,112,243,253,180,0,0,3,0,0,0,1,2,6,2,0,0,0,0,0,0,0,95,255,253,197,80,82,122,255,255,245,63,1,0,0,2,1,0,1,0,0,1,0,0,1,0,0,3,1,68,242,251,253,253,254,253,251,252,213,0,1,0,0,1,0,0,1,1,1,0,0,0,0,2,0,0,3,0,186,250,253,252,220,253,253,253,116,0,1,0,0,0,0,0,2,0,1,0,2,0,0,0,0,1,1,0,26,174,220,197,60,206,250,252,83,1,1,3,0,0,0,0,0,3,0,0,0,0,0,0,1,0,0,1,0,0,40,0,13,202,251,218,27,0,1,0,0,2,2,1,3,0,1,0,0,1,0,0,1,0,4,3,1,0,2,2,89,249,254,184,0,0,0,0,3,2,0,1,0,2,0,0,2,0,1,0,4,0,17,157,111,0,2,0,196,252,253,79,1,0,0,0,1,0,0,2,1,2,0,0,1,2,4,0,0,0,106,255,165,0,0,11,202,253,249,79,1,2,0,0,0,0,0,3,0,0,0,2,0,0,0,0,0,0,104,252,218,22,8,159,253,254,247,69,1,1,0,0,1,0,0,0,0,0,0,0,0,3,3,0,1,0,99,252,252,166,183,254,252,249,187,0,0,0,0,0,0,1,0,0,0,0,1,0,1,0,2,0,2,1,0,221,254,252,255,254,249,185,0,0,0,1,0,0,0,2,0,3,0,2,3,2,2,0,1,0,1,0,0,101,251,251,255,254,213,30,0,0,1,0,0,0,0,0,2,2,0,1,1,6,0,0,0,0,1,2,0,49,125,234,146,122,27,1,1,0,2,0,1,0,1,1,0,1,1,0,3,1,0,0,0,0,1,0,0,2,2,0,0,0,2,1,0,2,0,0,0,0,1,0,0,2,1,0,0,0,3,0,2,0,0,5,0,1,0,0,0,0,0,0,0,1,2,2,2,1,2,1,0,3,3,0,0,0,0,0,0,0,1,1,1,0,1,1,1,0,2,5,0,2,0,1,0,1,2,0,0,0,2,3
1,0,0,1,0,0,1,1,0,0,0,0,1,1,0,0,0,0,0,4,0,2,0,1,2,3,0,0,0,3,2,0,1,0,1,1,0,0,3,0,1,0,1,2,0,0,0,3,1,0,0,0,2,4,1,0,0,1,0,0,1,0,0,0,0,0,0,0,0,0,0,0,0,0,0,1,0,0,0,0,0,3,0,2,0,2,0,1,0,0,0,0,1,0,0,3,2,0,0,1,0,2,0,0,1,1,0,0,0,1,0,1,2,0,0,0,1,0,1,0,0,1,0,3,0,0,0,0,1,0,0,0,0,0,1,0,1,1,2,0,0,2,2,0,123,121,78,1,1,0,0,0,2,0,2,4,0,0,0,0,1,0,0,0,0,0,0,0,0,0,0,0,255,252,251,238,240,242,239,238,243,237,244,116,110,111,177,85,0,0,1,0,0,0,0,5,0,2,0,0,254,252,252,252,255,254,255,251,255,254,254,255,253,252,252,199,1,2,0,1,0,0,1,0,0,0,1,0,103,173,175,175,194,252,251,255,252,252,253,254,255,252,255,198,1,1,1,0,0,0,2,0,0,2,0,0,0,2,0,0,67,255,252,255,252,254,221,188,183,144,124,39,0,0,3,0,1,0,1,0,0,1,0,0,0,1,2,3,96,255,254,252,250,128,34,1,0,0,3,0,0,0,0,1,0,0,1,0,1,0,0,0,1,1,0,14,211,251,255,232,75,0,0,2,0,0,1,0,1,0,4,0,0,1,0,0,1,0,1,0,0,0,0,75,252,253,252,242,162,160,97,2,0,0,3,0,3,1,0,0,0,0,0,1,2,1,0,0,3,1,2,0,123,254,252,254,255,255,255,150,147,37,14,0,0,1,1,1,0,0,0,0,0,0,0,0,0,0,4,0,31,118,212,252,252,253,255,253,254,251,251,164,42,2,0,0,0,0,0,0,0,3,3,2,0,0,2,0,0,2,2,1,75,134,194,253,255,255,255,255,255,169,119,0,0,1,0,1,1,0,0,0,1,2,1,1,3,0,2,1,0,0,5,12,131,180,252,255,255,252,246,110,1,0,0,0,1,0,0,2,0,0,0,0,1,0,0,0,1,1,2,0,0,10,24,57,223,253,253,254,1,0,0,3,0,0,0,0,3,1,2,0,1,3,0,2,2,0,0,2,0,2,0,59,196,253,253,252,4,0,1,4,3,0,0,1,0,2,0,104,199,160,0,0,0,0,0,1,59,66,175,240,253,255,254,220,0,0,3,2,0,2,2,0,0,0,22,223,253,237,96,54,52,125,188,189,247,255,252,255,253,255,245,27,1,0,0,2,3,0,2,0,0,2,80,248,250,252,252,254,253,250,255,251,252,253,255,244,214,196,75,0,0,0,0,3,1,4,0,0,1,0,0,193,234,250,253,253,254,251,255,254,245,226,123,73,1,0,3,0,0,2,2,0,0,0,0,0,1,0,0,0,29,208,241,238,163,105,104,105,67,0,1,0,1,0,1,4,0,0,0,0,0,0,2,0,4,0,2,3,2,0,0,0,1,0,1,0,0,0,0,0,0,0,0,0,0,1,0,0,1,1,0,0,0,0,1,1,0,2,0,3,0,2,1,0,0,0,1,0,0,0,1,0,0,2,0,2,1,0,0,0,1,0,0,1,0,1,1,0,1,1,4,0,3,0,1,0,0,2,2,0,0,1,1,2,0,0,0,0,2,1,0,2,0,3,1,0,0,0,1,2,0,0,0,0,1,3,0,1,2,2,0,0
0,3,0,3,2,1,0,2,0,2,3,2,2,1,0,2,0,0,0,1,0,1,0,0,0,0,0,0,2,1,0,0,2,0,3,0,0,0,0,2,2,0,0,1,0,0,1,1,1,2,0,0,0,0,0,0,1,0,2,0,2,0,1,0,3,0,3,0,0,0,0,0,0,0,0,0,1,1,0,0,1,1,0,2,0,1,0,0,1,0,0,3,0,0,1,1,2,1,1,1,0,0,2,0,1,2,0,0,0,1,0,0,0,1,0,1,0,0,0,3,1,0,0,3,0,0,0,0,0,0,0,0,1,0,2,0,0,0,1,0,0,1,0,2,0,0,0,0,1,49,237,255,254,255,253,252,141,37,4,0,0,1,1,0,0,0,3,3,2,4,2,0,1,0,0,0,0,236,253,253,251,252,254,252,253,83,0,0,0,3,0,0,1,0,1,1,0,1,2,0,2,1,1,0,0,222,251,250,252,249,252,253,250,198,25,0,0,4,0,0,0,0,0,0,0,0,2,0,0,0,1,1,3,102,249,250,251,247,252,248,249,249,97,0,0,0,1,1,0,0,0,1,3,0,0,2,0,1,0,2,2,0,224,252,248,249,254,251,252,147,0,2,3,0,0,0,1,1,2,0,1,0,3,0,0,0,0,0,0,178,255,254,254,251,255,254,224,46,3,0,1,2,0,0,3,2,0,0,2,1,1,2,2,0,0,0,0,125,254,255,253,253,255,251,70,3,1,0,0,0,0,0,2,0,3,1,0,3,0,1,0,0,0,0,3,87,247,251,251,252,253,253,210,100,0,0,0,0,1,0,0,0,2,0,0,0,4,0,0,0,1,0,0,0,209,251,253,253,255,254,253,243,89,0,1,4,0,0,1,0,3,0,0,2,3,1,0,1,0,0,3,1,40,221,249,255,248,252,252,253,250,2,0,0,3,0,1,0,4,1,1,0,0,0,2,3,3,1,0,0,0,2,0,79,255,252,253,252,251,191,11,0,0,0,0,0,0,0,0,0,0,0,0,0,1,0,0,4,2,0,0,0,26,186,252,251,251,254,76,1,0,1,0,0,0,0,0,0,1,2,0,3,0,0,0,1,1,0,0,1,2,86,250,250,249,255,169,1,0,2,1,3,0,2,0,4,0,0,1,0,0,1,2,1,0,1,3,1,0,101,251,253,250,251,167,0,1,2,0,0,0,0,0,0,1,0,0,3,0,0,0,0,0,1,2,0,140,236,252,252,251,255,167,1,0,0,0,0,0,0,0,0,3,0,4,2,0,10,112,118,50,115,113,115,255,251,254,249,253,205,16,1,0,2,2,0,1,4,0,4,0,1,0,0,0,153,253,254,241,252,251,252,255,252,252,251,253,17,1,0,0,0,0,1,1,0,0,2,2,0,3,0,0,170,252,255,251,254,255,249,253,254,251,195,53,0,2,0,0,0,0,0,0,0,1,2,1,2,2,0,2,150,239,250,253,253,250,252,237,242,189,28,0,0,0,4,0,0,4,0,4,1,0,3,0,1,3,0,1,0,65,175,255,250,154,113,51,75,0,0,2,0,0,2,2,0,3,0,2,2,2,1,0,0,0,0,2,3,0,0,2,0,0,0,0,1,0,0,1,0,0,0,0,0,0,0,0,0,0,0,0,0,4,0,0,0,0,0,2,0,0,0,2,1,1,2,1,0,0,2,0,0,0,2,0,0,0,0,2,3,1,1,0,0,0,2,0,1,0,0,0,0,0,0,0,1,1,0,1,0,0,0,0,3
0,0,0,3,0,0,0,0,0,1,0,0,0,2,1,0,1,0,0,3,2,1,1,0,2,0,0,0,1,0,0,0,0,0,0,0,0,2,3,3,0,2,0,0,0,1,0,0,0,2,2,1,1,1,3,2,0,0,0,1,0,2,1,0,0,0,1,0,0,1,3,1,0,0,0,1,0,0,1,0,2,0,0,0,0,0,0,0,0,0,0,0,1,0,0,0,2,0,1,3,2,0,4,3,0,4,0,1,1,2,0,0,0,0,0,1,0,0,0,3,0,0,1,1,1,1,0,2,1,1,2,2,0,7,1,0,0,3,0,1,1,3,1,0,0,0,0,0,63,128,125,252,192,128,129,127,64,0,0,0,0,0,3,2,1,1,0,3,0,1,2,1,0,4,0,189,255,255,255,254,252,252,255,253,253,255,191,0,0,0,0,0,0,0,1,0,2,1,0,0,0,0,0,63,255,255,255,255,255,255,255,255,252,255,255,124,0,0,5,0,0,1,0,0,0,0,1,0,1,0,1,0,63,129,126,129,255,255,255,253,254,253,255,255,64,0,2,0,0,0,1,0,0,0,0,2,0,0,0,2,0,0,0,1,3,0,1,65,254,253,255,255,127,0,2,1,1,0,0,0,0,1,0,0,0,0,0,3,1,0,0,0,1,1,0,0,192,253,255,255,130,1,0,0,0,0,2,0,1,0,1,0,0,0,0,1,1,2,0,1,0,4,67,190,255,255,255,254,127,0,2,1,0,1,5,0,0,0,1,0,0,2,0,0,1,0,0,0,3,125,255,255,255,255,255,192,3,1,0,2,1,0,1,1,0,0,0,0,1,1,0,4,64,125,255,255,252,255,253,255,253,253,255,0,0,0,1,0,1,0,0,0,0,1,1,2,0,5,0,3,190,255,255,253,255,255,254,255,255,255,253,0,0,0,2,3,0,1,1,0,2,1,0,0,1,4,0,0,191,255,254,253,255,255,255,255,255,255,255,191,0,2,0,1,0,0,1,0,2,0,4,0,2,0,1,1,65,251,255,255,252,255,255,253,252,255,254,255,2,2,0,2,3,0,1,1,1,0,0,0,2,0,4,0,0,3,128,65,1,0,0,0,252,255,255,255,66,1,0,0,2,0,0,0,0,1,0,2,4,2,0,4,1,0,2,0,0,0,0,0,254,253,252,255,65,1,1,0,0,2,1,1,1,0,0,3,0,1,0,0,63,128,0,3,0,0,62,191,255,255,253,189,0,0,0,0,1,0,0,1,0,0,1,0,0,0,1,61,255,253,127,3,0,65,193,255,255,255,255,0,0,0,0,0,0,0,0,0,4,0,0,0,0,0,0,129,252,253,253,131,189,253,255,254,255,255,64,0,0,0,0,0,0,0,0,0,0,0,1,0,0,0,0,130,253,253,252,253,255,255,253,255,250,65,0,0,3,2,0,0,0,0,1,0,3,0,3,0,0,0,3,0,129,255,255,255,255,255,253,255,126,0,4,1,3,5,0,3,2,0,0,0,2,2,0,3,0,1,1,0,1,63,192,255,255,254,130,0,1,0,0,0,1,0,0,3,0,0,4,1,0,2,1,0,0,0,0,1,0,2,1,1,0,0,0,3,2,3,0,1,0,0,0,1,0,0,0,3,2,0,0,0,2,1,1,2,0,0,1,1,0,0,0,3,0,1,0,1,0,0,1,0,1,2,0,2,2,0,2,2,0,0,0,3,1,4,0,0,0,0,0,0,0,2,1,1,1,0,0,0,0,0,3,0
0,1,1,3,0,2,0,0,3,2,0,1,2,1,0,3,0,0,0,2,0,2,2,0,0,2,1,0,1,0,0,0,3,2,1,0,2,0,1,0,2,0,0,2,2,0,2,0,5,0,4,0,1,0,0,0,0,0,0,0,1,0,0,0,0,1,0,0,0,0,2,0,0,2,2,0,1,0,0,0,2,0,0,2,0,4,1,0,0,1,3,0,1,0,0,0,73,164,230,255,119,12,1,0,1,1,2,0,2,0,0,3,0,0,1,0,3,2,3,1,0,0,17,159,247,251,217,234,251,56,2,0,0,0,1,0,0,1,0,0,3,0,2,0,0,0,2,0,2,103,224,246,137,52,13,163,252,124,0,0,0,0,3,5,0,1,0,0,0,1,0,1,0,1,0,16,186,253,217,78,0,0,0,164,252,129,0,0,0,1,0,0,2,2,1,0,0,0,0,0,1,3,1,100,247,164,29,3,3,0,0,163,253,128,0,0,1,0,0,2,1,0,0,1,0,0,0,0,1,0,3,192,177,1,1,0,0,1,0,160,254,127,1,2,0,3,2,1,0,0,0,0,3,1,2,0,0,4,0,22,35,1,1,0,0,0,0,165,254,128,0,0,2,4,0,1,0,0,4,0,1,1,2,0,3,1,1,0,1,2,2,0,2,2,4,161,253,128,0,0,0,1,0,0,2,1,0,0,1,0,1,2,0,2,7,0,2,1,0,1,0,0,7,235,246,57,1,0,0,1,0,0,0,2,1,0,0,0,0,3,0,0,1,0,3,0,0,0,1,1,98,254,164,0,0,0,0,0,0,0,0,2,1,0,1,0,0,1,0,0,0,0,1,3,1,1,0,12,225,255,106,0,0,2,0,0,0,2,0,1,2,0,1,2,1,1,0,0,1,1,1,0,1,0,4,155,252,240,19,0,1,0,2,0,0,0,1,0,1,0,2,0,0,1,0,3,0,0,1,0,6,0,20,228,251,90,0,0,0,1,1,0,3,0,0,1,0,0,1,0,0,2,0,0,0,1,0,2,0,0,147,254,210,2,3,3,0,0,0,0,0,0,0,2,0,0,0,1,1,0,0,1,0,3,0,0,2,72,245,254,72,3,2,1,1,2,0,0,0,1,0,1,4,2,1,2,0,0,0,0,0,0,0,0,20,239,253,176,45,3,0,0,0,0,1,0,0,0,0,0,2,1,0,0,0,0,0,0,0,1,49,179,241,254,255,254,247,151,25,2,0,0,0,0,0,3,0,0,0,0,1,3,0,0,2,0,0,44,242,253,255,244,215,216,242,254,180,43,35,71,63,130,45,0,1,1,1,3,0,1,0,0,0,3,1,126,254,253,210,48,0,1,73,245,250,254,251,255,241,235,135,0,2,0,2,0,1,2,0,1,0,3,0,47,225,159,0,0,2,3,0,45,124,162,163,129,31,2,1,1,0,0,3,0,0,3,0,1,0,1,0,0,0,0,1,0,0,0,0,0,1,0,0,0,0,0,0,0,1,2,0,1,3,0,2,0,2,0,1,3,0,0,0,2,1,0,2,0,0,0,0,0,0,2,0,1,0,0,0,0,0,0,0,0,2,0,0,0,2,0,0,2,2,0,3,1,0,0,0,2,1,0,1,0,0,1,0,0,0,2,0,2,0,0,1,0,0,1,1,1,1,1,0,0,0,0,0,0,0,0,0,0,0,0,1,0,1,2,1,0,1,2,3,0,0,2,3,1,2,2,0,2,2,0,0,0,0,1,0,1,1,2,0,1
0,0,3,2,0,2,2,0,3,0,0,0,0,1,0,1,0,0,0,0,3,0,2,1,0,0,0,0,0,1,0,0,1,0,0,0,2,0,0,0,0,0,0,0,3,1,0,0,0,2,2,1,0,2,1,2,0,0,0,0,0,1,1,1,0,0,0,0,3,0,0,0,0,1,0,1,0,0,0,0,0,0,1,1,0,0,3,0,0,1,2,0,0,3,0,0,0,0,0,2,4,0,1,0,2,0,0,0,0,0,0,1,0,0,0,1,0,0,0,0,0,78,87,131,255,200,88,59,2,0,0,0,0,2,0,0,1,0,1,0,2,1,3,0,0,0,3,34,178,240,245,192,75,233,240,227,165,18,12,0,2,0,0,0,1,0,0,0,0,1,0,0,1,0,49,220,249,162,67,0,3,0,7,147,225,255,212,0,2,1,1,2,0,0,3,0,1,0,0,0,1,15,222,252,238,37,0,2,1,3,0,0,61,252,248,108,2,0,3,3,0,0,0,0,0,3,0,0,0,16,252,238,67,0,1,0,0,3,1,0,25,253,251,254,31,0,3,2,0,0,5,0,0,0,3,0,0,1,110,177,0,0,1,1,0,3,0,0,23,255,246,121,8,0,0,0,0,0,0,0,1,1,1,0,0,0,0,2,0,0,0,0,0,2,0,2,114,250,211,0,0,0,0,0,0,0,0,0,0,2,0,0,3,0,0,0,0,0,1,0,0,0,12,234,246,224,50,0,0,0,0,1,5,0,0,0,2,0,2,0,1,1,0,0,0,1,0,3,0,48,158,254,237,53,1,3,2,0,0,2,0,2,0,0,0,2,0,1,2,2,0,0,1,0,0,2,2,240,252,249,249,169,84,42,2,3,3,0,0,0,0,0,2,0,0,4,1,0,0,1,2,0,0,2,1,239,239,81,100,245,245,212,134,11,6,0,0,1,0,0,4,0,0,2,3,1,0,0,0,0,0,1,0,3,0,1,3,3,26,153,240,254,176,0,1,2,0,3,1,0,1,4,0,20,23,4,0,1,0,0,1,1,0,2,1,0,3,3,100,250,233,68,0,0,0,1,0,1,3,1,116,214,251,57,0,0,0,0,3,0,0,1,2,0,1,0,60,252,254,88,3,0,1,0,2,0,0,0,107,238,252,85,3,0,5,1,0,0,2,0,1,1,0,0,59,253,251,85,1,2,0,3,0,2,2,2,0,95,255,241,131,106,0,1,0,0,0,0,1,0,4,0,62,251,254,90,0,2,0,0,0,0,2,1,0,0,102,241,253,249,130,7,0,0,1,1,0,0,1,29,208,218,148,11,0,0,0,2,0,2,0,0,0,0,0,100,251,251,255,121,91,100,1,0,0,1,2,130,254,104,1,0,1,0,1,0,2,0,0,0,1,0,0,2,15,148,180,241,247,248,239,238,235,241,237,242,187,75,1,1,0,0,0,0,0,0,0,1,1,0,1,0,1,2,0,126,152,145,249,254,255,253,116,90,10,1,0,0,0,2,0,2,1,0,1,0,0,2,0,0,1,0,0,0,2,0,1,0,2,1,3,1,0,1,0,0,1,0,0,0,2,0,0,0,0,0,0,0,1,3,2,0,0,3,2,0,1,0,2,0,0,2,0,1,0,0,1,0,2,1,0,1,0,1,0,3,0,3,0,0,4,0,0,0,0,1,1,0,0,4,0,2,0,3,1,0,1,0,0,5,2,0,0,0,3,0,0,0,0,0,0,0,2,1,0,1,1,1,1,0,0,1,0,2
0,0,0,1,1,0,2,0,0,1,1,0,0,0,1,0,0,3,0,4,0,0,1,1,0,0,2,2,0,2,0,1,0,0,0,1,0,4,0,2,0,0,0,3,1,0,3,0,3,0,0,0,0,0,0,0,1,0,0,1,1,0,0,0,0,0,0,0,0,0,2,0,0,0,0,1,0,0,0,2,0,0,2,1,0,0,3,0,3,0,0,2,1,0,0,0,0,2,0,0,0,1,0,0,0,0,0,1,2,0,0,1,0,0,1,0,0,0,0,0,0,0,0,3,0,0,1,0,1,0,0,0,0,1,1,0,2,0,1,1,2,1,0,0,4,0,2,0,0,1,0,5,0,0,0,0,0,0,2,1,0,0,0,2,3,3,2,0,1,0,0,0,0,0,2,0,1,0,4,0,0,1,0,1,0,1,0,0,0,0,0,0,0,0,1,0,3,0,0,0,1,0,0,0,1,4,16,107,138,139,204,231,139,140,86,2,0,2,0,0,1,0,0,0,1,4,0,0,2,0,2,0,23,112,222,253,254,250,253,231,251,255,253,98,16,0,0,0,1,1,0,1,2,0,1,1,1,0,0,2,197,252,253,206,183,132,69,36,99,87,202,252,92,0,0,2,0,0,5,0,0,0,0,0,0,0,0,173,248,246,139,15,2,1,0,3,0,0,74,253,183,0,0,2,0,0,3,1,0,0,1,0,2,0,66,247,255,125,1,0,0,2,0,0,0,0,106,250,153,1,0,2,0,0,1,0,1,0,1,2,0,0,36,231,251,116,1,1,0,1,0,3,0,0,178,255,93,0,0,3,0,0,1,2,2,1,0,1,0,0,56,244,254,116,0,0,0,0,0,0,3,20,233,249,74,1,1,3,0,0,5,0,0,2,0,0,2,1,1,176,253,153,28,0,0,0,0,2,2,122,255,231,1,3,1,0,0,3,0,0,0,2,0,0,2,1,0,62,244,251,200,29,0,0,0,0,101,244,250,228,1,0,3,0,2,0,0,1,0,0,1,0,0,0,0,1,177,250,251,239,188,170,227,229,246,252,249,179,0,0,2,2,0,1,0,0,0,0,1,4,0,1,0,1,0,12,136,246,251,243,230,231,232,249,253,106,0,0,3,0,0,0,0,0,0,0,0,0,0,0,1,0,2,5,1,68,94,47,2,0,0,206,254,2,0,2,0,1,3,0,2,1,1,0,2,4,2,0,0,1,0,0,2,0,0,0,2,0,0,125,252,2,0,3,0,0,0,0,0,0,2,2,1,0,2,1,3,0,1,0,0,0,1,3,0,1,0,136,253,0,4,0,0,0,2,2,0,0,0,0,0,2,0,2,4,0,1,3,0,0,3,2,0,3,33,227,249,0,1,0,2,0,0,0,0,0,3,0,1,2,0,0,0,3,1,0,0,2,0,0,1,1,67,251,241,0,0,0,0,1,1,1,0,0,2,3,1,0,2,2,0,0,0,0,0,0,0,0,2,1,121,252,135,0,2,0,0,1,1,0,3,0,0,2,1,0,0,1,0,2,0,2,0,3,0,0,0,1,71,250,136,1,0,1,0,0,4,1,0,0,0,1,0,1,0,3,0,0,0,0,1,0,0,1,0,0,44,234,233,135,0,0,2,2,0,2,0,0,2,0,0,0,2,0,0,2,0,0,0,1,0,0,0,2,0,153,253,74,2,0,1,0,1,0,3,0,0,3,0,2,1,5,1,0,0,0,0,0,0,4,1,0,0,0,0,0,1,1,0,0,0,0,0,0
0,1,1,2,0,0,2,0,1,0,0,1,0,1,2,0,2,2,0,0,1,0,0,2,0,0,1,0,0,0,0,0,1,0,3,0,0,4,0,0,0,2,0,0,0,0,0,0,0,0,5,1,0,0,0,0,0,3,0,0,4,0,0,2,1,0,0,0,0,2,0,3,1,0,0,0,0,1,3,3,0,0,0,1,1,0,0,0,0,1,0,1,3,0,0,0,0,0,0,2,0,0,3,0,1,1,0,3,2,1,1,0,1,3,2,3,0,0,2,0,0,2,0,0,2,0,0,74,255,215,0,4,3,0,0,0,0,1,0,0,1,1,1,0,0,2,0,1,2,0,0,2,0,3,0,73,253,215,0,0,2,0,0,0,0,3,3,0,1,3,0,0,0,0,0,0,0,1,0,0,3,0,3,71,250,242,123,0,1,0,2,0,0,2,0,0,1,0,0,0,0,2,3,0,0,0,3,0,1,0,0,149,253,250,139,3,0,0,1,0,0,0,0,0,1,0,0,3,0,3,0,0,0,0,4,0,3,1,0,253,253,230,44,1,1,2,3,0,0,0,0,2,0,3,3,3,1,0,2,0,0,1,0,0,0,3,54,252,254,216,0,2,0,0,1,1,0,1,0,0,0,0,1,3,1,0,1,1,0,1,0,0,0,2,179,253,251,214,0,1,1,0,0,3,0,0,0,1,1,1,2,0,0,0,2,0,0,0,2,0,1,16,189,252,252,214,0,2,0,1,0,0,1,0,0,0,0,3,0,0,0,0,1,2,0,0,1,2,0,110,253,251,249,137,0,0,3,0,0,0,0,0,0,0,1,1,1,0,0,3,0,0,0,0,0,0,0,110,250,254,252,33,1,5,0,0,0,0,1,2,0,1,0,1,0,0,2,0,0,0,0,0,0,0,37,253,255,255,212,29,1,0,0,1,2,0,0,0,0,0,0,3,0,0,0,0,0,0,2,2,0,0,36,251,253,251,107,0,0,1,0,0,0,0,0,2,1,0,0,1,0,0,0,0,1,1,0,0,0,0,193,252,255,192,14,0,0,0,0,2,0,2,0,1,0,2,0,1,0,0,2,2,2,2,1,3,0,62,232,252,249,178,0,0,0,4,4,2,1,0,2,0,2,0,0,0,1,0,0,0,0,0,3,1,0,142,250,250,251,179,0,0,0,0,1,0,1,4,0,0,0,2,0,1,2,0,0,0,2,0,1,0,1,145,253,250,252,3,0,0,1,2,1,1,0,0,0,0,4,0,1,1,0,1,0,0,0,0,2,0,1,142,251,249,250,0,0,0,0,0,0,0,3,1,0,0,0,2,0,0,2,3,0,0,0,3,2,0,0,147,251,251,229,4,1,0,4,0,0,0,0,2,1,3,0,1,0,0,3,0,0,1,1,3,3,0,0,143,251,249,73,0,0,0,0,0,1,1,0,0,1,0,2,4,1,1,0,0,1,0,0,1,2,1,0,41,225,176,20,1,1,0,1,0,0,1,2,0,0,1,3,0,3,0,0,2,0,3,0,1,0,1,2,0,0,0,0,1,0,0,0,1,0,0,0,2,0,0,2,1,0,1,0,0,0,0,0,0,1,0,0,0,0,0,0,1,2,0,1,0,0,2,0,0,0,3,1,0,1,0,0,1,0,2,1,1,0,0,1,3,1,0,0,0,4,0,0,0,0,0,0,3,0,2,0,0,0,0,0,0,0,0,2,2,4,0,0,2,4,0,1,0,0,0,0,0,0,1,0,0,3,0,0,0
1,0,2,1,0,1,0,0,0,3,0,0,2,0,2,1,3,1,0,0,0,0,1,0,0,2,1,2,0,0,1,1,2,1,0,0,2,4,3,1,3,3,0,1,0,0,0,0,1,0,1,2,0,1,0,1,0,0,0,0,0,0,0,0,0,0,0,0,0,3,0,0,1,3,0,1,0,0,1,0,3,1,0,0,1,2,0,1,1,3,1,0,0,0,0,0,0,0,0,1,0,0,0,0,0,0,2,0,0,0,0,0,1,0,0,0,0,1,2,2,0,0,0,0,1,15,126,169,226,64,1,0,1,0,2,0,3,0,3,2,1,1,4,1,0,0,0,0,0,0,2,0,116,241,253,187,215,230,18,2,2,1,0,0,0,2,0,0,2,0,1,2,1,0,0,2,0,1,18,172,253,171,49,1,41,255,49,0,1,0,0,1,0,1,1,1,0,0,0,0,0,0,1,3,0,15,203,255,125,3,0,2,64,252,52,0,1,2,1,2,0,0,1,3,0,2,0,0,1,0,3,0,0,171,236,62,1,0,0,1,178,248,40,0,0,1,0,0,1,1,3,0,0,0,0,0,0,1,0,2,67,255,92,0,1,0,0,0,213,220,0,1,0,1,0,3,2,1,1,0,0,1,2,0,0,1,2,0,58,198,12,0,0,1,1,0,215,171,1,1,3,4,2,0,0,3,4,0,0,0,1,0,0,1,0,0,0,0,0,0,0,0,0,10,217,114,2,0,0,0,0,0,1,3,0,0,0,1,0,0,3,0,0,0,0,0,1,1,0,0,1,44,252,48,0,0,0,3,0,0,2,0,0,0,2,0,0,0,1,0,0,0,2,2,0,1,0,0,0,102,237,28,5,0,0,2,0,1,0,0,2,0,1,0,1,0,0,4,1,0,0,0,0,4,1,1,11,219,132,0,0,0,0,0,0,0,0,1,3,0,0,0,0,5,0,2,0,0,3,0,3,0,2,1,102,255,44,2,1,0,0,0,2,1,0,0,3,3,0,0,3,0,0,0,0,0,0,0,1,2,0,7,227,213,9,0,0,1,3,0,0,0,1,0,0,1,0,0,1,0,0,3,4,1,0,0,0,0,0,99,255,86,0,0,0,0,0,0,1,0,1,0,0,1,0,0,0,0,0,0,0,5,2,0,0,0,25,234,175,5,2,0,1,2,3,0,0,2,3,1,2,2,0,0,3,0,0,0,0,0,1,1,0,2,156,254,35,0,1,1,0,0,0,0,1,2,0,2,0,1,5,1,1,0,0,0,0,2,1,0,3,83,249,179,10,1,0,2,12,15,15,13,9,7,1,0,2,0,5,0,0,0,0,3,3,0,1,0,27,242,209,10,23,113,181,178,243,250,247,244,154,23,1,0,0,1,0,0,1,1,0,2,0,0,0,0,239,254,184,192,255,251,208,162,95,72,0,0,0,0,0,0,0,0,4,1,0,2,0,0,0,2,1,0,237,255,175,122,81,13,0,0,0,0,1,2,3,4,0,0,0,0,1,2,5,0,0,2,0,3,0,3,0,1,3,0,3,0,0,0,0,0,0,3,0,3,2,0,0,2,4,0,3,0,0,0,0,0,1,0,0,1,2,0,1,0,1,0,0,2,0,0,2,0,0,0,0,1,2,1,0,0,0,1,2,2,1,0,0,0,0,2,0,1,2,0,0,0,0,0,0,0,1,4,0,2,0,1,0,0,1,1,0,0,0,5,0,0,1,0,1,1,0,0,0,0,0,4,0,0,1,1,0,3
0,0,0,0,1,0,2,0,2,0,0,0,0,0,0,0,0,3,1,0,0,0,0,0,0,1,2,0,1,0,2,2,1,0,1,0,0,0,2,0,0,0,0,0,1,0,0,0,0,0,1,0,0,1,0,0,0,0,0,3,4,0,0,0,0,0,0,0,0,1,0,1,2,0,2,2,0,2,3,0,2,0,1,2,1,0,0,0,0,0,2,0,4,0,0,0,0,0,0,0,0,0,0,0,0,0,0,0,0,0,0,1,2,1,0,1,0,0,0,2,3,0,1,0,0,0,0,0,0,0,43,199,102,0,2,0,0,0,0,0,0,2,1,0,2,0,1,0,1,0,0,0,0,0,0,2,67,178,246,254,216,0,0,0,0,1,1,0,0,0,1,0,0,0,0,1,1,0,3,1,2,0,0,149,248,255,254,197,190,3,1,0,0,0,2,0,0,0,0,0,0,0,0,0,0,0,2,3,1,2,142,252,255,226,103,4,41,0,0,0,0,0,0,0,0,1,1,0,0,1,0,1,0,0,3,0,23,166,255,252,157,22,0,2,3,0,0,0,2,0,0,0,0,0,0,2,0,0,1,2,1,0,0,13,204,255,255,234,8,0,0,2,0,1,1,0,0,1,1,2,0,2,0,0,0,0,0,5,0,3,5,143,252,255,209,21,0,0,0,0,1,3,0,0,1,0,0,2,1,1,0,0,1,3,1,2,0,0,38,253,255,241,19,4,1,1,0,0,1,3,1,3,0,1,0,4,0,0,1,0,0,0,0,0,0,4,133,255,245,70,1,0,1,2,1,0,0,0,0,1,0,1,0,2,4,2,0,0,0,1,2,0,2,45,251,253,246,114,88,120,97,82,9,2,0,1,1,0,0,1,0,3,0,3,0,2,0,1,0,0,1,44,252,254,253,255,255,90,249,255,237,50,0,0,2,0,0,0,2,3,1,0,0,0,4,2,0,0,1,129,255,245,188,205,152,119,234,199,253,235,27,0,1,0,0,0,2,1,0,0,4,0,1,0,0,4,13,220,247,84,4,7,3,2,12,6,157,255,41,1,0,0,0,3,1,0,0,0,2,0,0,0,0,2,51,253,217,0,3,0,0,1,3,0,133,255,44,4,2,0,2,0,0,0,0,0,0,1,0,0,0,1,11,224,216,0,0,0,1,2,2,1,218,255,45,0,7,2,0,4,0,0,0,2,0,0,0,0,0,0,2,178,219,0,0,3,0,0,2,43,242,229,23,1,0,0,0,1,0,0,2,0,2,2,2,0,2,0,0,93,244,90,0,2,0,27,26,223,254,133,2,1,1,2,0,0,3,1,1,0,3,0,0,0,0,1,0,23,229,246,157,104,135,255,249,252,218,22,0,0,2,0,0,0,0,0,1,0,0,0,0,3,0,0,0,0,57,250,253,251,255,254,218,106,6,0,2,0,4,1,0,0,2,0,1,3,0,1,0,3,1,0,4,0,1,36,85,163,196,108,1,0,2,0,1,0,0,3,0,0,0,2,0,1,0,1,0,0,1,1,1,1,0,0,0,0,1,0,0,0,2,0,1,2,2,0,1,0,2,0,0,1,0,0,0,0,3,4,2,2,0,0,0,1,2,0,1,1,4,0,0,1,0,0,0,0,1,0,3,0,0,2,0,0,0,1,1,0,0,2,0,0,0,0,0,2,0,0,0,0,0,2,5,3,0,1,0,1,0,1,0,0,0,0,0,0,2,1,0,1,0,2,0,0,1,0,0,0,2,1,0,0,1,0
1,0,0,2,1,0,0,0,2,0,0,0,0,0,0,3,0,2,1,0,0,1,1,0,1,1,1,0,2,0,0,0,0,4,0,0,1,3,0,2,1,1,0,0,2,0,1,0,0,0,1,2,0,0,0,0,0,1,0,2,2,0,0,2,1,1,0,1,0,3,0,1,0,1,4,1,1,0,0,0,0,0,1,1,0,0,0,0,0,0,1,0,0,0,0,0,0,0,0,2,0,2,0,0,0,1,2,1,2,5,0,0,0,3,0,0,1,0,0,0,2,2,0,2,3,2,2,4,1,0,0,0,1,0,0,1,2,2,0,0,0,0,1,1,1,3,0,0,0,0,2,1,2,0,0,1,2,1,0,0,0,0,0,0,0,0,0,0,0,0,0,0,1,0,0,0,0,0,1,0,42,148,229,254,254,228,147,20,0,2,4,0,0,0,2,2,1,0,0,2,1,0,1,0,1,4,41,122,243,255,244,244,203,207,250,200,12,4,5,3,0,1,3,0,2,1,1,1,0,0,0,0,1,111,253,253,204,174,17,5,3,0,88,255,85,162,182,0,0,0,2,2,0,0,0,0,0,0,1,0,28,239,254,171,9,2,0,0,0,6,15,255,253,255,209,5,1,2,0,0,0,0,0,0,2,0,2,0,67,255,226,16,2,1,0,1,0,24,125,253,255,228,44,0,0,0,0,1,1,0,0,0,0,0,0,3,9,177,255,166,0,0,0,0,16,199,255,245,129,18,0,3,1,2,0,0,0,4,2,0,0,1,1,0,0,85,251,247,88,0,0,50,196,251,246,85,0,1,1,0,0,1,2,2,0,0,0,2,1,0,0,0,3,9,154,255,249,45,107,244,254,205,27,0,0,0,2,0,0,1,4,0,0,0,1,0,2,0,0,1,0,1,18,195,253,246,240,251,212,22,0,0,1,0,3,0,0,0,0,0,4,0,0,0,0,4,0,0,2,2,0,30,255,255,252,164,21,0,3,0,0,1,4,1,0,0,0,0,0,1,0,0,4,0,0,1,1,0,0,33,254,255,253,146,1,1,0,0,0,0,0,3,0,0,0,0,0,0,0,1,0,0,1,0,0,0,3,153,253,200,240,250,74,1,0,0,3,0,1,0,1,1,0,2,1,0,0,1,4,0,0,1,0,2,36,240,215,8,143,250,195,0,0,0,0,0,0,1,0,0,4,0,0,0,0,0,0,0,0,0,0,0,76,255,164,0,0,185,253,92,1,0,0,0,0,3,0,0,1,0,1,0,4,3,2,0,0,0,4,2,78,255,177,0,0,99,253,195,0,0,4,0,3,0,1,0,0,3,0,0,0,3,0,0,0,0,0,0,20,235,252,16,0,37,237,235,33,0,0,0,2,1,0,0,0,3,0,5,0,0,0,2,0,0,0,0,1,121,252,122,1,25,228,254,41,0,0,0,0,1,0,3,0,2,1,1,2,0,6,2,0,0,0,0,0,31,254,239,43,124,254,208,8,0,1,1,0,0,2,0,0,1,0,0,4,1,0,1,0,2,2,0,0,13,183,251,248,250,231,85,1,1,0,1,0,1,0,2,0,0,0,3,0,1,0,0,0,0,3,1,0,1,1,201,252,237,91,0,2,0,1,2,0,3,1,0,1,0,0,0,0,1,1,0,1,0,0,1,0,0,0,4,1,1,0,0,1,0,0,1,0,2,1,0,1,0,1,0,0,0,0,2,0,0,0,0,0,0,0,0,0,0,0,0,2,0,0,0,0,0,1,0,0,0
3,1,0,0,0,2,2,0,1,1,0,2,1,1,2,0,0,0,0,1,1,3,0,0,0,0,0,1,1,2,1,0,0,1,0,2,2,0,0,0,0,0,0,1,0,0,0,0,0,0,0,2,0,0,1,0,3,2,0,1,0,0,3,0,0,2,3,0,0,0,2,0,1,0,5,0,3,1,1,0,2,3,2,2,0,0,1,0,0,0,1,0,1,0,1,0,0,0,0,2,2,0,1,0,0,3,0,0,2,0,0,0,0,1,0,0,0,0,1,0,0,1,0,0,64,128,192,130,127,1,0,0,0,1,1,1,0,4,0,0,0,0,1,0,0,1,0,0,0,0,3,187,255,255,255,255,255,255,62,4,2,3,1,0,4,2,0,2,0,0,1,1,1,0,0,0,0,130,254,255,189,126,127,192,253,255,255,191,1,4,1,0,0,2,2,1,2,1,4,0,1,0,0,0,1,254,251,131,0,3,2,0,1,254,255,255,65,0,1,0,0,0,0,4,4,1,1,0,0,0,0,0,4,189,255,127,0,0,0,4,0,0,192,255,255,1,5,3,0,2,1,0,0,0,0,2,0,2,0,2,63,255,255,129,0,2,1,0,1,1,63,254,255,127,0,0,1,0,0,0,0,0,0,0,4,1,2,1,255,255,191,0,0,1,0,0,1,1,0,255,255,128,0,0,1,0,0,0,2,0,0,0,0,1,1,64,253,255,0,0,1,2,0,2,1,0,0,193,254,127,2,0,0,0,1,1,0,1,4,0,0,1,0,125,255,130,0,0,0,0,4,0,0,0,0,0,253,128,0,1,1,0,3,1,1,0,0,0,0,0,1,127,251,63,0,0,0,0,1,1,0,2,2,0,255,126,1,0,1,3,0,0,1,0,0,0,2,1,0,255,253,130,0,0,0,0,0,1,0,0,0,0,254,128,0,2,0,0,1,4,0,2,0,1,0,3,0,255,253,126,0,0,0,4,0,0,0,4,1,3,255,254,1,0,1,2,2,0,2,1,1,0,3,0,1,255,254,125,1,0,0,0,3,0,0,0,1,0,255,255,0,0,0,0,0,0,0,0,0,0,0,0,0,128,255,189,1,0,0,4,2,2,4,0,0,1,255,255,0,0,0,0,1,0,0,0,2,0,0,0,0,0,255,251,189,2,0,0,1,0,0,1,0,0,255,255,1,0,0,0,0,0,1,0,2,0,0,0,0,0,190,255,255,189,2,0,0,0,0,0,2,0,252,255,131,0,0,0,0,3,0,0,0,0,0,0,0,0,0,128,255,253,127,0,0,1,1,3,0,0,255,255,2,0,1,0,0,0,1,0,1,0,1,0,2,3,0,1,129,191,254,252,190,129,65,131,130,190,254,189,0,0,0,0,0,0,1,1,3,0,0,0,0,1,2,0,1,2,192,254,255,254,255,255,255,255,255,126,1,0,0,4,0,1,1,0,0,0,0,2,0,2,0,2,0,0,0,128,254,255,254,253,189,128,1,0,5,3,0,1,0,0,0,0,0,1,0,1,2,0,0,0,0,0,0,3,0,1,0,2,0,0,0,0,0,0,1,4,0,1,0,2,2,1,3,0,0,0,1,0,0,0,0,0,0,0,1,0,1,0,4,0,0,0,0,0,1,0,0,0,0,1,2,0,3,0,1,0,0,0,2,1,0,0,0,0,1,2,0,0,0,0,3,0,0,0,2,0,0,2,0,2,2,0,1,1,0,0,0,0,0,0,0,2,2,0,0,0,0,0,0,4,0,1
1,0,0,2,0,0,2,0,0,1,0,0,0,2,2,2,2,0,1,0,2,0,1,0,2,1,3,0,0,2,2,0,1,0,1,0,0,0,1,0,1,0,0,0,0,0,1,0,0,0,2,1,0,0,0,0,0,0,0,0,0,3,1,0,1,1,0,0,0,0,0,1,0,4,0,0,4,0,0,1,0,0,0,2,3,0,0,3,1,0,0,0,1,2,0,0,1,0,0,0,0,1,0,0,0,1,0,0,0,0,0,0,4,0,3,3,1,2,0,0,0,0,0,0,1,0,1,0,0,1,0,1,2,0,1,0,0,0,0,0,0,0,1,0,0,0,0,0,0,0,0,0,0,1,0,0,1,0,1,4,0,0,0,0,0,0,0,2,1,0,2,0,2,1,0,2,2,0,2,1,1,0,2,0,0,0,0,0,2,0,0,1,1,0,4,0,0,1,0,2,0,0,0,0,0,2,0,0,0,0,5,19,115,187,252,255,99,7,3,0,3,0,1,1,0,0,0,2,0,0,3,1,0,0,0,91,156,156,182,253,251,255,253,251,251,68,0,0,0,1,0,2,1,1,1,0,0,2,3,0,2,18,158,248,255,251,253,252,252,253,255,222,177,22,1,2,1,1,0,1,0,0,0,1,1,0,0,0,1,178,251,251,251,253,252,232,183,180,68,28,0,0,0,1,1,0,0,0,0,0,0,0,0,2,0,0,56,244,253,250,245,91,46,32,0,2,5,1,0,0,0,0,0,1,0,1,2,3,0,0,2,1,0,2,73,254,253,251,70,0,0,0,2,0,2,0,0,3,0,0,2,4,0,0,0,0,0,1,1,0,0,2,5,209,254,253,239,106,62,2,0,0,2,0,0,2,0,0,0,0,1,0,0,0,2,0,1,0,0,2,31,216,253,251,253,252,253,128,0,0,0,0,0,0,0,0,0,0,0,0,0,1,0,0,1,2,0,0,0,32,94,95,96,169,241,226,25,0,0,0,2,3,1,0,1,0,3,0,0,0,0,0,1,0,0,0,3,1,1,0,2,0,153,251,120,1,0,1,0,0,0,2,2,0,0,0,1,0,1,0,3,0,0,0,0,0,0,0,1,1,44,238,121,0,1,0,2,0,0,0,0,2,0,1,0,0,0,0,1,0,0,1,2,0,0,0,1,1,2,194,140,0,0,0,0,0,0,1,1,0,0,0,0,2,1,0,1,1,0,0,0,1,1,1,0,0,5,91,204,14,1,0,1,0,0,2,0,0,1,0,1,0,0,3,0,1,0,0,0,1,0,0,0,0,0,79,253,24,0,0,0,2,0,0,2,3,3,0,0,0,2,4,3,0,0,1,0,2,0,0,0,0,0,78,253,25,1,2,0,0,0,1,4,1,3,3,3,0,3,0,0,0,0,0,0,0,0,1,1,1,0,79,251,27,0,1,3,0,0,1,2,0,0,0,0,0,0,2,0,0,1,0,0,0,0,61,63,0,72,207,186,6,1,0,2,0,0,0,0,0,0,0,0,2,0,0,1,0,0,0,0,0,0,147,248,201,238,255,116,1,0,2,3,0,0,1,1,0,0,0,0,1,0,2,0,0,0,2,0,2,0,78,208,255,252,225,25,1,0,0,0,0,0,0,0,0,0,3,0,1,0,2,1,0,0,1,3,0,0,1,88,252,168,38,0,2,0,0,0,0,0,0,1,2,3,0,0,1,0,0,0,0,0,0,0,0,1,0,0,0,1,0,2,0,0,3,3,0,3,0,0,0,0,0
0,0,0,0,4,1,0,0,3,1,0,0,3,3,1,0,2,0,0,0,0,3,1,1,1,0,1,2,1,1,1,0,0,0,0,3,4,1,0,0,3,0,0,0,0,0,0,0,0,0,0,4,3,2,2,0,0,0,0,0,0,1,2,1,0,188,255,194,1,5,1,1,0,0,0,2,1,2,1,0,0,0,0,2,0,1,1,0,6,0,1,3,0,253,255,255,64,1,0,1,0,1,1,2,3,2,0,0,0,5,0,0,2,0,0,0,2,0,0,0,2,252,255,254,127,1,0,0,1,0,0,0,0,0,0,0,0,1,0,0,3,0,0,0,2,0,0,1,131,255,255,255,0,0,1,0,0,0,0,0,3,0,0,2,1,0,0,0,0,0,0,1,1,0,0,2,189,255,255,253,3,1,0,0,0,1,0,3,0,2,0,0,1,0,2,0,1,0,0,0,2,0,0,3,254,255,253,254,0,0,0,0,0,0,0,1,0,0,0,2,2,0,0,0,4,0,0,0,2,1,1,128,253,255,255,255,2,4,2,3,3,0,1,1,0,0,0,0,1,0,0,0,2,1,0,0,0,0,5,126,255,255,255,255,0,0,0,0,0,0,0,1,0,0,0,0,1,4,0,0,0,0,1,1,0,0,3,131,253,255,255,131,2,0,0,1,0,0,127,130,127,126,1,0,3,0,1,0,0,0,3,0,0,1,0,127,255,255,254,129,0,0,0,0,63,192,253,255,255,255,192,0,1,0,0,1,0,0,1,0,3,0,0,129,255,251,255,127,0,0,1,64,255,255,255,255,255,255,255,190,2,0,0,0,1,0,0,0,0,5,0,0,255,254,253,255,0,4,63,255,255,254,255,192,66,191,254,250,0,0,0,0,1,0,0,1,0,0,0,0,254,255,254,253,0,0,193,255,255,255,191,2,0,129,255,255,0,0,0,0,3,0,0,0,3,0,0,2,129,255,254,255,129,62,255,254,255,255,1,2,1,127,255,255,0,0,1,2,0,0,0,0,0,0,3,3,0,254,252,254,255,193,253,253,255,64,0,1,1,193,255,255,1,0,0,0,0,0,2,0,0,0,0,0,0,190,255,255,255,254,254,253,127,0,2,0,0,254,255,253,1,1,2,0,5,2,0,2,0,0,0,1,0,2,189,253,255,255,254,255,252,63,0,1,189,254,252,127,0,0,0,0,1,0,0,0,0,0,0,3,1,2,0,127,253,255,253,254,253,253,254,255,255,254,253,64,0,0,2,1,0,0,2,0,0,0,0,0,0,0,0,4,68,193,255,255,255,255,254,255,255,190,64,3,4,0,0,0,0,0,3,0,0,3,3,1,0,3,1,0,4,1,62,130,255,252,255,255,193,2,0,0,1,5,0,2,1,1,0,0,0,5,0,1,0,0,0,1,1,0,4,0,0,2,0,0,2,0,1,0,2,0,0,0,0,0,0,1,1,0,1,0,3,2,0,1,5,0,1,0,0,0,0,2,1,3,0,0,2,2,0,1,1,0,1,0,0,1,0,0,0,0,0,0,1,0,1,3,0,1,1,2,0,0,3,0,2,2,2,0,0,0,2,3,1,1,2,1,0,1,0,0,0,1,0,0,0,1,2,0,0,0,0,0,0,0,2,2,0,3,3,0,1,1,0,0,0,0,0,1,2,0,0,0,0,1,3,0,3,0,0,0,2,0,0,4,1,1,1,2,2,1,0,4,2,0,0,0,3,2,0,0,0,0,4,0,0,2,0,1,1,0,0,1
0,0,0,0,0,0,0,0,1,1,0,1,1,1,0,0,0,0,1,0,1,0,0,0,2,0,1,1,0,2,1,2,2,2,0,0,0,4,0,0,0,3,0,0,0,0,1,2,0,0,0,1,2,3,2,0,4,0,0,0,2,0,2,2,0,0,2,0,0,1,0,0,0,1,0,0,2,0,0,0,3,1,0,2,1,1,1,1,0,0,0,0,0,1,3,0,128,190,192,63,1,1,0,1,1,1,1,2,1,0,2,0,2,0,0,1,0,0,1,0,2,0,131,253,255,252,192,127,191,0,0,1,1,0,0,2,2,1,1,1,1,0,0,2,0,1,0,0,65,191,255,253,255,255,255,255,255,130,0,2,2,0,0,0,0,0,1,0,0,1,1,0,0,0,0,2,124,255,255,254,254,255,255,255,255,129,4,0,0,3,0,4,2,0,1,1,1,0,0,0,3,0,1,0,255,250,255,190,0,128,255,254,250,193,1,0,0,0,0,0,0,1,0,1,4,0,0,0,0,0,0,129,254,255,254,128,0,1,65,67,126,0,0,0,1,1,2,3,0,0,0,1,0,0,0,0,4,4,0,192,253,253,255,65,0,0,0,0,2,0,0,0,0,1,0,0,3,0,0,2,4,0,1,1,0,0,1,251,254,255,251,0,0,0,0,0,0,2,1,1,0,0,2,1,0,0,0,0,0,0,0,1,1,1,1,255,255,253,255,0,0,2,0,2,1,0,1,0,0,1,2,0,0,0,1,0,0,0,0,2,0,1,3,188,255,255,254,66,3,1,0,129,131,129,128,129,0,3,0,0,1,0,0,0,1,0,0,0,0,0,63,255,255,254,253,252,66,3,191,253,252,255,254,255,255,193,128,0,1,0,0,0,0,1,2,0,0,1,1,188,255,255,255,255,254,255,255,254,253,255,255,253,255,255,254,66,1,1,0,0,2,0,2,2,0,1,0,189,255,255,255,255,254,255,254,252,254,128,255,255,255,255,254,255,65,3,2,0,0,0,1,0,0,0,2,63,255,255,254,254,255,254,191,127,1,3,64,255,255,253,255,255,129,0,1,0,0,0,0,0,0,0,0,0,192,253,254,255,255,255,0,0,1,1,0,0,189,252,255,255,192,0,0,4,0,0,0,0,1,0,1,0,63,191,253,254,255,255,255,191,66,124,64,125,254,252,253,255,128,1,0,0,0,2,0,0,0,0,1,0,0,128,254,255,255,255,253,255,255,254,251,252,253,252,255,62,1,0,0,0,0,2,2,0,0,3,0,0,0,0,126,254,255,255,251,254,253,255,254,254,255,254,191,1,0,2,2,0,0,0,0,0,2,3,0,1,1,2,0,62,191,255,250,255,254,253,252,255,190,126,0,0,0,1,2,0,1,0,2,0,0,0,2,1,0,1,0,0,0,125,63,0,129,191,127,127,0,0,1,1,1,0,0,0,0,2,0,0,0,1,0,1,1,0,1,0,0,0,1,1,0,0,1,0,1,0,2,0,3,0,0,2,0,0,0,0,2,0,0,0,0,1,0,0,2,1,4,0,2,0,0,1,1,0,0,4,1,1,0,0,4,2,1,2,3,1,0,0,0,2,0,1,1,3,0,2,4,1,0,0,3,0,0,0,1,0,1,1,5,1,2,2,0,0,1,2,3,0,0,0,0,0,0,2,0,1,0,0,1,2,0,0,1,2,0,2,0,1,0,1,0,1,0,1,0,2,1,4,1,0,1,0,0,0,0,1,0,0,3,1,3,0,0,2
1,0,2,3,0,1,0,0,0,3,1,0,1,0,0,0,2,3,0,0,3,0,0,0,0,0,0,0,2,0,0,3,0,2,2,0,0,2,0,0,0,2,0,4,1,1,1,0,1,1,0,4,0,0,0,0,0,0,0,0,0,2,0,2,1,0,0,0,0,0,2,1,0,1,2,3,0,1,0,0,0,0,0,1,1,2,3,1,0,0,0,0,2,1,0,0,61,212,251,192,29,0,0,0,2,3,1,1,2,0,2,0,0,0,1,0,0,0,0,0,1,3,0,80,223,251,253,254,48,0,0,0,3,2,2,0,0,2,0,0,0,3,0,0,0,0,2,0,0,0,46,214,255,251,253,123,0,0,0,0,0,1,1,0,0,2,0,1,1,3,1,0,2,2,1,0,1,23,222,251,250,231,71,2,0,0,0,0,0,0,0,1,0,0,0,0,0,0,1,0,0,0,0,0,2,172,254,255,234,84,1,0,0,0,3,1,0,3,0,2,2,0,2,1,0,1,4,0,0,1,2,3,122,253,251,252,109,4,1,0,4,0,0,0,1,3,0,2,2,0,0,0,0,1,3,0,0,0,0,36,231,255,253,140,0,0,0,1,1,4,2,4,1,0,0,3,0,1,0,0,0,3,5,0,0,0,0,90,252,255,255,62,0,0,0,0,0,1,0,0,0,3,0,0,1,0,0,0,0,0,0,1,0,0,0,155,251,253,176,2,0,0,0,0,1,1,0,2,0,0,0,0,4,0,2,1,1,0,0,1,5,0,42,233,250,251,51,0,0,0,1,0,0,1,40,103,102,38,0,2,0,0,0,0,0,0,3,2,0,1,103,254,250,254,52,1,0,0,2,10,130,253,253,253,255,252,172,20,2,0,0,0,0,3,1,0,0,1,21,255,248,254,51,0,0,0,41,215,253,253,252,251,254,255,252,99,0,0,1,1,0,0,0,0,3,0,1,254,251,255,47,3,0,50,234,254,253,254,174,133,252,254,254,101,0,0,0,2,0,2,1,0,0,0,3,214,251,254,91,2,79,233,251,254,208,93,12,92,251,248,250,103,3,0,0,0,0,0,0,2,0,0,0,153,254,255,253,115,194,255,249,224,21,1,62,253,254,255,233,0,1,1,3,2,2,0,0,0,0,0,3,71,252,250,254,255,250,254,252,83,0,82,223,252,253,253,71,1,0,1,1,1,0,1,1,1,0,0,0,17,184,253,250,254,255,253,254,252,253,255,254,255,250,123,0,0,2,0,4,0,0,1,2,0,0,0,0,0,0,114,190,255,254,254,253,253,252,253,252,253,170,0,0,0,1,3,0,0,3,0,0,0,3,0,1,0,0,1,1,79,242,255,252,251,255,225,103,83,0,1,3,0,0,1,0,0,0,0,0,0,0,0,0,0,0,7,0,0,38,255,252,131,49,39,0,0,3,3,0,0,0,0,0,0,0,2,2,1,0,0,3,1,3,1,1,1,0,0,3,0,0,0,2,0,0,3,0,0,1,2,0,0,0,0,0,0,1,1,0,0,0,0,1,0,0,0,0,0,2,2,0,2,1,0,0,4,1,0,2,1,0,0,0,1,0,4,0,0,0,3,0,0,1,0,2,0,0,0,0,2,0,0,0,0,1,0,0,0,2,1,3,0,0,0,1,0,3,0,3,2,0,0,1,0,1,0,0,1,1,0,0,1,0,0,0,0,4,0,0,0,3,0,0,0,1,0,1,0,0,0,0,1,0,2,4,2,0,0,0,0,0,0,0,2
2,0,0,0,0,1,0,3,0,0,0,0,0,0,1,1,1,0,1,3,1,0,0,0,0,0,1,0,1,3,0,0,0,0,2,2,0,0,0,0,2,0,3,0,1,2,0,0,1,0,2,1,4,0,0,1,0,3,0,0,2,0,0,0,0,0,2,1,0,0,0,4,1,3,0,1,0,0,0,0,1,0,2,0,1,2,2,0,2,2,1,0,1,0,4,1,0,1,0,1,1,0,4,0,0,0,0,0,1,2,0,0,0,3,0,1,0,0,0,2,0,0,4,4,2,0,0,1,0,0,0,2,0,0,1,0,0,1,0,0,0,0,0,0,1,0,0,0,0,0,3,0,1,0,0,2,0,0,0,0,0,0,0,0,0,0,0,1,0,0,0,0,0,0,0,1,9,32,36,120,216,127,34,52,22,29,0,0,2,1,0,3,2,3,2,1,0,0,0,0,0,2,0,122,197,252,251,250,254,220,217,138,220,242,174,178,93,1,0,0,0,0,0,0,0,1,0,3,0,33,192,246,252,248,251,252,253,252,205,237,254,250,234,231,130,94,0,0,0,1,0,2,0,0,0,0,0,1,200,243,206,122,119,27,120,119,123,121,169,123,114,198,196,204,243,31,4,0,0,0,1,0,0,1,2,0,34,43,0,0,0,3,3,0,0,0,2,24,232,188,253,252,252,58,3,0,1,0,2,1,1,0,1,0,1,0,2,0,0,1,1,4,0,1,0,147,253,254,250,249,252,104,1,2,3,1,0,4,0,1,0,0,1,2,0,2,59,7,60,60,21,72,215,246,251,245,244,241,123,2,0,0,0,1,0,0,1,0,0,0,0,0,0,0,229,211,251,253,211,253,251,141,224,46,40,1,1,0,0,3,2,0,2,0,3,0,0,3,0,1,0,0,163,224,252,250,255,250,218,43,21,0,0,0,0,1,0,1,1,0,0,1,1,0,0,0,0,0,1,0,0,135,178,250,254,226,40,1,2,0,2,0,2,0,4,0,0,0,3,1,0,0,0,0,2,0,0,1,0,3,0,44,254,99,23,0,0,0,0,1,0,0,0,0,2,0,1,0,1,0,0,0,1,2,1,4,0,0,0,3,255,252,154,0,0,0,2,1,0,1,2,0,0,0,2,0,3,0,0,0,0,2,4,0,0,0,28,146,254,254,153,0,3,0,0,1,0,1,0,0,4,2,0,0,3,0,4,0,0,1,0,1,3,12,88,248,244,251,98,1,1,0,0,0,1,0,0,1,0,3,1,3,0,0,4,4,3,0,0,2,33,213,228,244,215,210,15,0,1,2,2,0,0,0,3,2,2,0,4,0,2,0,0,0,1,0,21,127,224,252,222,239,252,102,1,0,0,2,1,0,0,2,0,2,1,1,0,0,1,4,3,0,0,0,53,244,255,255,253,99,233,39,0,0,2,0,0,1,0,0,2,0,1,1,0,0,0,0,75,70,29,44,90,135,217,222,130,13,45,1,0,3,2,0,0,0,2,0,0,2,1,2,1,1,0,0,142,251,147,249,252,249,134,25,3,0,2,0,0,0,0,0,0,0,0,0,0,0,0,2,3,0,0,3,33,66,34,244,253,213,24,1,0,5,0,1,1,0,2,0,2,0,0,0,0,4,1,2,0,1,0,0,1,2,0,3,0,4,3,0,4,1,2,0,0,0,3,1,0,0,0,0,1,0,0,2,0,1,0,0,1,0,3,3,5,0,1,0,0,2,0,0,0,0,0,0,1,1,2,3,1,0,0,4
1,0,0,0,3,1,1,0,1,0,0,0,2,0,0,0,0,1,0,0,0,0,0,1,3,0,4,1,0,1,0,0,1,0,1,2,1,0,0,0,2,1,1,2,0,0,0,0,0,0,0,1,1,0,1,3,1,0,0,1,0,3,3,1,0,1,2,4,1,0,2,2,0,0,0,1,1,0,0,0,0,2,0,3,0,0,3,1,0,0,0,0,0,1,0,0,0,0,0,1,0,2,0,2,0,0,0,0,1,0,0,0,0,0,5,0,1,0,1,2,0,1,0,3,0,0,0,0,0,2,0,0,0,1,0,0,0,0,2,1,1,0,0,1,0,0,0,0,0,1,0,1,4,0,0,0,0,1,0,0,0,0,1,0,1,0,3,0,0,2,0,0,0,1,0,0,0,1,65,126,252,252,255,255,255,254,253,191,127,0,1,0,2,1,3,1,2,3,2,2,0,1,2,0,66,255,253,254,255,255,255,254,253,255,253,255,254,127,0,0,0,0,0,3,1,0,2,1,0,1,0,2,253,252,253,255,128,126,126,0,65,128,127,191,255,255,0,0,0,1,3,1,0,3,0,0,1,1,0,125,255,255,255,255,255,189,127,2,1,0,0,191,254,253,1,1,2,0,0,3,0,0,1,0,0,0,0,0,255,255,254,253,254,253,255,192,64,0,190,255,255,66,2,0,0,0,0,3,0,1,0,0,0,0,3,1,65,255,255,255,253,254,253,254,190,192,254,253,192,0,1,0,1,0,0,0,1,0,0,4,0,2,1,0,3,1,126,253,252,251,254,254,255,255,255,189,1,0,3,0,2,0,0,2,1,0,1,0,0,0,2,0,1,2,0,1,0,125,255,250,254,253,255,131,2,0,1,0,0,2,0,0,0,0,3,4,0,2,0,2,1,1,0,0,0,192,255,254,255,254,255,62,0,2,1,0,0,1,1,0,0,2,1,0,4,1,0,1,0,0,0,0,62,253,255,191,193,255,254,130,1,0,0,0,2,0,0,1,0,2,1,0,0,0,0,0,2,0,0,64,255,255,192,0,0,252,255,124,0,0,1,0,0,0,2,2,0,0,0,1,0,0,0,0,0,0,63,252,255,127,2,1,0,254,254,127,1,1,4,4,0,2,0,0,0,0,0,0,1,0,0,1,0,2,194,255,193,0,1,0,1,255,255,130,0,0,0,0,1,2,0,0,0,0,1,3,0,1,0,3,2,127,255,255,0,0,1,0,0,255,255,3,2,0,0,0,0,0,4,3,0,0,0,0,3,0,1,1,4,192,253,255,1,0,0,0,67,255,189,0,0,0,0,1,1,0,3,0,1,0,1,0,2,0,2,1,0,255,255,128,0,0,0,0,128,255,0,0,0,0,1,0,0,0,0,0,0,2,0,0,2,1,0,3,1,255,255,189,0,0,1,126,255,255,0,0,0,0,3,0,0,3,0,2,0,4,0,1,0,0,4,1,0,126,253,255,192,128,193,251,254,190,0,1,0,0,0,0,0,1,0,0,0,3,2,1,0,0,0,0,0,0,254,255,255,254,253,254,191,0,3,0,2,0,1,0,2,2,0,0,2,2,0,0,0,1,0,2,0,0,0,130,254,255,252,129,2,3,3,0,0,0,1,0,0,0,1,0,1,0,1,0,2,2,0,1,0,0,1,1,2,1,1,0,0,0,3,2,0,0,0,1,0,1,0,0,1,1,0,0,0,4,0,0,0,2,1,0,2,4,1,0,5,0,0,0,0,0,0,1,0,2,2,0
0,0,0,0,0,1,1,0,2,2,0,0,0,0,2,0,0,1,0,0,1,0,1,2,0,0,1,2,0,1,0,2,0,0,0,1,2,1,0,0,0,0,0,1,0,2,0,0,0,0,0,2,1,2,1,0,3,0,1,2,0,1,0,1,3,0,0,0,2,0,0,0,0,0,1,0,0,0,0,3,0,1,0,2,0,0,3,0,1,2,2,1,2,0,0,0,4,0,0,0,2,1,0,0,4,0,1,0,0,0,0,1,0,1,1,2,0,1,0,0,0,0,0,0,2,0,0,0,0,2,0,0,0,0,0,3,1,0,0,1,0,0,0,2,1,1,4,0,1,0,0,0,12,135,216,253,196,114,24,0,0,2,0,1,1,3,0,0,0,0,1,0,0,2,0,0,0,0,0,8,177,254,254,252,216,250,222,163,84,1,0,0,2,0,1,1,0,3,0,0,1,0,1,0,0,1,1,117,251,235,91,12,6,124,220,255,253,215,77,0,0,0,0,0,1,0,2,0,1,1,1,0,0,0,0,119,254,113,2,0,1,0,9,68,234,253,137,0,0,0,2,0,0,0,0,0,1,0,0,0,0,6,0,123,254,50,0,2,0,0,0,1,229,253,137,2,1,1,3,0,4,2,3,1,0,0,0,0,0,0,2,93,251,143,1,0,0,2,0,49,240,253,66,0,0,0,3,2,0,0,2,1,1,0,1,0,0,1,1,7,210,153,3,6,0,5,84,246,251,97,7,2,0,0,2,0,0,2,0,1,1,0,0,0,0,2,0,12,223,251,165,203,108,173,250,255,95,0,3,0,1,3,2,0,0,0,0,1,1,2,1,0,0,0,33,158,250,254,254,254,252,252,234,69,8,0,1,0,0,0,2,2,2,1,3,0,1,1,1,1,0,102,226,250,253,253,230,232,253,176,7,1,1,0,0,0,0,1,0,0,2,1,0,2,0,0,0,0,32,242,253,205,177,252,253,253,181,16,0,1,1,0,2,0,0,2,1,0,1,0,4,0,0,1,0,21,227,255,120,2,29,228,254,254,168,0,0,0,0,1,0,1,0,0,0,0,0,2,1,0,0,0,0,37,254,238,20,4,0,100,255,102,50,0,1,2,0,0,3,0,0,0,0,0,1,0,0,0,3,1,0,137,254,225,0,0,0,4,253,54,0,2,1,1,0,0,3,0,0,0,0,0,1,0,0,0,0,2,2,144,254,153,0,3,2,7,253,54,1,0,0,0,0,1,1,1,1,3,0,1,0,0,4,2,2,1,0,87,252,131,0,1,2,3,255,145,0,0,2,0,2,3,0,2,0,0,4,0,0,0,1,1,0,0,0,34,252,245,54,0,1,34,250,126,0,1,0,0,2,0,0,2,0,0,1,0,1,3,0,1,1,0,0,19,218,252,158,26,10,157,253,51,0,1,0,0,1,1,0,0,3,0,4,0,0,0,3,1,0,0,1,2,31,241,252,255,254,254,199,19,0,1,2,0,0,2,1,0,4,0,0,1,2,3,0,0,0,2,2,0,1,55,182,249,254,163,19,2,0,2,2,0,2,0,3,0,3,0,0,1,2,0,0,1,0,0,0,0,0,2,0,1,0,0,1,0,0,0,2,0,1,0,0,0,1,0,0,2,2,1,0,0,0,1,3,2,0,1,2,0,2,0,3,0,0,1,0,2,1,0,0,0,0,4,0,2,1,0,0,0,1,1,1,3,0,0,1,1,0,1,0,0,0,2,0,3,0,0,1,0,0,2,0,0
3,0,2,0,2,0,0,0,2,0,0,0,4,0,0,1,0,3,1,0,1,2,1,0,0,0,0,0,0,1,0,0,0,0,2,0,0,0,2,0,0,1,0,0,1,1,0,0,0,0,0,0,4,0,3,0,0,0,0,1,0,0,0,0,0,0,2,1,2,0,0,0,0,0,1,3,3,0,0,2,0,0,3,0,1,0,0,0,0,0,0,3,0,0,2,0,2,0,0,0,3,0,2,0,0,1,0,0,1,0,0,0,0,2,2,2,0,1,2,1,1,0,0,1,1,2,2,2,1,0,3,0,0,0,1,2,0,1,0,0,1,0,0,0,0,0,0,0,0,0,0,6,7,6,7,6,4,0,0,2,1,0,2,0,0,0,0,1,0,2,0,0,4,0,1,0,8,87,136,215,253,252,255,255,163,26,0,0,0,1,0,0,0,2,2,0,0,1,3,2,2,0,15,143,207,255,254,253,253,255,255,253,254,125,4,0,0,1,0,0,0,1,2,0,3,0,0,3,0,18,207,253,255,255,241,144,106,104,106,204,255,255,53,0,0,0,0,3,3,0,1,0,0,0,1,0,0,207,255,255,236,206,36,1,4,0,0,66,255,253,166,0,1,6,0,0,0,0,2,0,2,1,0,0,0,176,255,234,91,0,0,1,0,0,0,67,253,255,165,0,0,0,2,2,2,2,2,0,0,0,0,1,0,44,90,37,0,0,2,0,3,2,0,152,251,251,165,0,0,2,0,0,2,2,2,0,0,0,1,0,2,2,0,0,0,0,0,0,0,0,0,195,251,253,165,2,0,1,2,2,0,3,0,0,0,2,3,1,0,0,2,0,0,0,1,1,0,2,71,237,254,252,77,0,0,1,2,0,0,4,0,0,1,0,1,0,0,2,1,2,1,1,0,0,3,0,187,253,253,167,15,2,0,0,0,0,2,0,1,1,0,0,1,0,0,4,0,0,1,1,0,1,0,45,238,253,255,48,4,0,0,0,3,0,1,0,0,1,0,0,2,1,2,1,2,1,0,0,1,0,15,177,254,252,158,10,3,0,0,0,0,0,2,2,1,0,2,1,0,1,0,0,0,0,0,0,0,0,90,252,253,201,12,0,1,1,0,1,0,0,0,2,2,0,2,0,0,0,0,0,0,0,0,1,0,141,244,253,255,142,0,0,0,0,0,37,89,147,212,0,0,2,0,0,1,1,0,0,0,0,0,10,116,246,255,251,254,131,94,91,138,217,218,234,254,212,98,0,0,0,2,0,3,0,2,2,0,1,1,80,254,254,252,254,255,253,253,253,253,253,254,164,154,21,0,0,1,2,1,0,0,0,0,1,0,0,0,154,254,255,253,254,254,253,252,253,162,105,23,7,0,0,1,2,1,2,0,0,0,0,2,0,0,0,2,39,254,255,254,255,227,145,104,19,1,0,2,0,0,0,0,0,0,0,0,0,0,0,4,1,0,0,0,2,30,114,71,14,8,2,2,1,0,0,2,2,3,0,0,1,3,0,0,0,1,0,0,0,0,0,0,0,2,1,0,0,0,0,0,0,2,1,2,1,0,0,0,0,2,0,0,0,1,0,0,2,1,0,1,0,2,0,2,2,1,0,0,0,0,0,0,0,0,0,0,0,0,2,0,0,0,0,0,1,0,0,3,0,0,3,2,2,0,0,0,0,2,0,0,3,0,1,0,1,0,0,2,0,0,1,0,0,0,1,0,0,0,1,1,0,0,0,1,0,0,4,0,0,0,0,0,0,0,1
1,0,0,0,2,0,2,0,0,0,0,1,0,0,3,0,1,1,0,3,0,1,2,3,0,0,1,0,1,0,2,0,2,2,0,0,1,0,0,0,0,1,0,1,0,0,2,0,0,0,2,0,0,1,3,0,0,1,1,0,0,3,0,4,0,3,0,3,0,0,0,0,0,0,1,0,0,0,4,0,0,0,0,2,0,0,0,0,0,0,3,0,0,0,0,0,0,1,0,2,0,0,0,1,2,2,0,1,0,1,1,3,3,2,0,0,4,1,2,0,0,4,2,0,1,1,0,0,0,0,2,0,0,0,0,0,4,0,3,4,0,2,2,1,1,2,0,0,2,0,4,0,1,1,0,0,0,1,1,2,0,0,1,0,0,0,2,0,1,0,0,1,4,1,1,0,0,0,1,130,128,126,127,123,129,130,131,190,255,126,63,0,0,2,1,2,3,1,0,0,0,0,0,0,0,188,252,255,255,255,255,253,255,255,254,255,255,252,253,2,0,0,1,1,0,3,0,3,0,2,0,0,0,255,255,255,255,253,255,255,255,253,255,255,255,255,188,0,0,0,2,1,1,0,0,0,2,2,0,0,0,128,191,131,125,128,128,63,127,128,190,255,253,255,65,0,0,1,3,1,1,0,0,0,0,0,0,0,0,1,1,0,0,0,5,3,0,0,190,254,253,132,2,0,0,0,3,0,0,0,1,0,4,0,1,0,0,1,0,2,1,2,2,1,0,192,255,254,194,0,2,2,2,0,0,0,5,2,0,1,1,0,0,3,0,0,0,1,1,0,0,0,130,254,255,254,0,2,0,0,1,1,0,2,2,4,0,2,3,1,0,0,0,0,0,1,1,0,0,189,255,253,252,254,255,192,128,2,0,0,5,3,1,0,0,0,3,0,0,0,0,62,126,127,127,194,253,254,251,255,255,255,127,65,0,4,1,1,0,0,1,0,2,0,0,3,0,64,255,255,255,254,255,255,255,251,253,190,130,0,0,1,2,0,2,5,1,3,0,1,0,1,1,0,2,131,252,254,255,255,255,255,255,255,255,3,0,0,0,4,3,0,2,0,0,0,0,0,0,0,0,2,4,0,192,255,61,0,128,255,255,255,62,1,1,0,0,0,0,0,0,2,0,0,2,0,0,0,2,0,0,0,1,189,1,2,188,252,255,63,0,0,3,1,0,2,0,0,0,0,0,0,3,0,0,0,2,1,0,4,64,191,1,190,255,255,127,0,2,0,1,0,2,3,0,0,1,1,0,1,0,0,2,3,2,0,4,0,253,129,61,254,254,189,1,0,0,0,0,0,0,0,5,0,2,1,0,0,1,0,0,0,0,0,0,63,255,63,189,253,192,1,2,2,0,0,3,0,0,0,0,1,1,1,3,2,2,2,0,0,0,0,64,255,192,252,255,189,64,0,2,1,1,1,0,0,2,1,0,1,0,0,0,0,0,0,0,1,0,3,126,252,255,255,255,0,0,2,0,2,0,1,0,0,0,0,1,3,2,1,0,0,0,0,0,1,3,1,128,253,254,193,2,1,2,0,0,3,0,0,1,1,1,2,1,3,0,2,1,0,0,4,0,0,0,2,131,253,193,63,0,0,0,0,0,0,0,1,0,2,0,0,2,1,0,0,1,0,1,0,1,0,0,1,0,0,2,0,0,0,2,0,0,0,0,0,1,1,0,4,4,0,0,2,0,0,0,2,0,1,1,0,0,0,0,2,0,1,0,0,0,0,0,3,2,4,0,0,0,1,0,0,0,0
1,0,0,1,0,0,0,0,0,0,0,0,0,0,0,0,0,6,2,1,1,0,0,0,0,0,2,0,0,0,3,1,0,0,4,0,2,0,0,0,0,0,0,0,1,0,1,1,1,0,3,1,0,0,1,2,0,0,0,3,3,1,1,3,0,4,0,1,1,1,0,2,2,0,0,4,0,0,1,0,2,2,0,0,2,1,0,1,0,0,0,0,2,0,0,0,0,0,0,4,0,0,1,0,0,0,0,0,0,1,0,0,2,0,0,3,0,0,0,0,1,5,0,0,0,0,0,0,0,1,0,0,3,4,2,3,3,0,0,2,2,0,0,0,0,0,1,2,0,0,1,3,1,91,130,172,64,0,2,3,0,0,0,1,0,0,0,2,0,0,2,0,0,0,2,2,0,18,95,220,219,248,251,251,241,219,194,31,0,2,0,0,0,1,3,1,0,0,0,0,1,0,0,22,38,181,251,254,254,253,225,152,255,253,254,210,0,0,0,0,0,0,2,0,1,0,2,0,2,0,21,209,250,252,254,250,250,253,130,0,253,170,252,250,0,0,0,0,1,2,1,1,0,0,0,0,0,0,181,252,252,253,230,144,82,0,0,0,0,0,104,144,0,0,1,0,0,0,1,0,0,0,2,0,0,0,181,251,255,249,171,0,0,0,1,0,3,0,0,0,1,0,1,0,0,0,3,3,1,2,0,0,1,3,69,233,249,251,178,2,1,0,0,2,0,2,0,2,1,0,1,0,1,3,3,0,0,0,0,0,0,0,0,144,253,253,236,145,0,1,0,0,2,0,0,1,0,2,0,0,0,0,0,4,0,2,0,3,3,0,1,0,145,238,253,252,253,252,232,46,0,4,1,0,0,0,0,0,0,0,0,1,0,1,1,0,0,0,0,0,4,71,230,251,254,253,249,234,70,10,1,0,0,0,0,3,0,3,2,0,0,0,3,0,0,3,0,0,2,0,73,215,235,251,252,252,255,189,73,2,0,0,0,0,0,0,0,0,1,2,0,2,0,0,0,0,0,0,0,2,45,146,253,254,253,254,238,62,0,0,1,3,2,2,0,2,0,0,3,0,0,1,1,0,0,0,0,0,0,0,85,87,255,255,253,253,110,11,0,2,0,0,0,0,0,0,0,0,0,0,1,0,0,0,0,4,0,0,0,2,36,159,231,253,251,162,1,2,0,0,1,0,0,0,0,0,1,0,0,0,0,2,0,1,0,0,0,0,1,0,181,255,254,178,0,1,0,1,0,2,0,0,1,0,0,0,0,0,0,0,0,0,0,3,2,1,0,41,225,255,251,178,0,0,0,0,0,0,0,0,0,0,0,0,0,0,0,0,1,0,3,1,2,61,171,252,255,254,209,17,0,0,1,1,0,1,0,0,0,1,0,3,0,1,175,217,196,155,216,91,176,239,254,253,255,251,101,1,1,0,3,0,0,0,0,1,2,0,1,0,2,5,28,113,215,236,251,251,254,251,254,220,214,215,2,0,0,0,1,2,0,0,2,0,3,3,0,3,4,0,0,0,0,60,170,126,191,108,192,16,1,0,1,0,1,2,0,2,1,1,0,1,0,0,0,0,1,2,2,2,0,0,0,0,0,0,0,0,1,1,0,0,1,0,3,0,0,0,0,1,0,0,0,0,0,0,1,0,1,0,0,0,0,2,0,0,0,2,0,0,0,0,0,1,0,1,0,2,2,0,0,0,2,0,1,2,1,0,2,3,1,3,0,0,0,1,0,0,0,0,0,0,2,0
0,0,1,1,0,2,0,1,1,0,0,0,1,0,0,0,0,0,0,4,0,0,0,0,0,0,0,0,0,0,1,1,2,0,0,3,0,3,1,0,1,0,1,0,1,0,0,0,0,0,1,0,2,0,0,2,0,4,0,0,2,3,0,1,0,1,1,0,0,0,0,0,0,0,1,1,3,0,1,2,0,0,0,0,0,0,0,0,0,0,0,0,0,0,0,3,0,0,0,0,3,0,0,0,0,2,0,0,0,3,0,0,0,0,1,1,0,0,0,0,0,2,0,3,0,0,0,0,1,2,0,0,0,1,1,0,0,3,0,0,3,0,0,1,4,0,3,3,2,0,0,0,1,6,48,132,151,188,254,254,247,49,0,0,0,0,0,0,1,0,2,2,1,1,0,1,0,3,1,46,93,137,250,253,251,220,169,254,255,81,2,2,4,3,0,0,1,0,0,0,2,0,3,0,1,25,169,249,247,252,198,115,51,7,105,254,251,72,3,2,2,2,0,1,0,0,0,0,1,0,0,1,1,205,251,208,67,65,0,2,1,97,250,254,79,1,0,0,2,0,0,0,1,0,2,0,0,2,1,2,35,220,154,23,0,2,0,0,91,254,252,120,1,1,2,0,0,0,0,3,0,0,0,0,2,0,0,1,2,1,32,2,0,0,2,28,216,252,192,0,3,0,1,0,3,0,0,0,1,0,1,1,0,2,2,0,0,114,237,83,7,1,3,153,252,212,19,0,3,0,1,1,0,0,2,0,0,1,0,0,1,0,1,0,0,54,236,252,155,28,184,252,203,57,2,4,0,0,2,0,1,1,0,1,0,0,0,0,1,0,0,1,0,3,128,251,243,231,255,164,21,0,0,0,0,0,0,2,2,1,3,0,0,0,0,1,0,0,0,1,1,0,1,160,255,251,221,20,0,3,1,2,1,0,1,3,0,4,0,1,0,1,0,0,4,2,0,0,1,0,30,212,251,255,244,82,0,1,0,0,0,0,0,0,0,0,0,1,2,3,3,0,0,1,2,2,0,5,188,255,221,27,239,252,64,2,3,1,0,0,0,1,0,1,0,0,0,1,1,1,2,0,0,1,0,106,254,248,82,0,65,236,218,45,0,0,1,0,1,1,0,0,0,2,3,0,2,4,0,0,0,0,0,230,251,140,0,2,1,137,251,159,0,0,1,0,0,0,0,0,0,1,2,0,0,1,0,0,0,0,61,250,233,51,0,2,0,0,176,228,43,0,0,3,1,0,0,3,0,0,1,0,0,0,1,0,0,0,87,251,95,0,3,5,2,2,146,252,212,0,2,0,0,0,0,4,0,0,4,0,0,0,1,0,0,0,66,247,230,48,5,2,1,2,144,253,221,2,3,3,2,0,0,0,0,0,0,3,0,1,0,0,0,0,0,230,251,237,193,114,116,114,194,255,169,2,1,0,0,0,0,0,2,4,0,2,0,0,0,2,0,0,0,48,164,246,253,253,255,253,253,174,4,1,1,0,0,2,2,1,0,1,0,0,0,1,0,0,0,0,0,2,3,90,144,151,253,170,89,11,0,0,0,0,0,0,0,0,5,0,0,2,0,0,1,2,0,3,0,0,1,1,2,0,0,0,2,0,0,2,1,2,0,0,1,0,0,0,0,0,0,1,0,0,1,0,4,2,0,0,0,0,2,0,0,4,2,3,1,0,0,0,1,0,0,1,0,0,0,0,1,0,1,4,1,3,0,0,3,0,2,1,0,0,1,0,0,0,0,0,1,0,0,0
0,3,1,1,2,0,1,2,0,0,0,4,0,0,0,0,0,0,1,2,0,0,0,0,0,0,1,0,2,0,2,0,1,1,0,2,1,0,0,2,0,0,3,1,0,2,2,5,0,0,2,0,0,0,0,0,1,0,0,1,0,0,0,0,0,0,0,3,0,0,1,2,0,0,0,0,0,2,0,3,1,0,0,0,1,2,2,2,4,1,0,1,0,0,0,1,0,0,0,0,0,5,2,0,0,0,3,1,3,0,0,1,0,1,0,2,0,0,0,4,0,3,0,0,1,0,0,0,0,3,0,1,1,1,3,0,0,0,0,1,1,0,0,0,0,0,0,0,0,0,4,0,0,2,1,0,2,2,1,2,0,0,0,0,1,0,1,2,0,3,1,1,1,0,2,0,0,1,0,0,0,2,0,0,0,0,0,0,0,0,0,0,2,0,3,0,0,1,2,0,1,1,0,1,0,1,2,3,144,154,252,244,190,140,15,0,1,1,0,0,0,0,0,0,4,0,2,3,0,0,3,0,1,0,3,116,243,231,177,134,205,249,101,0,4,3,2,2,0,0,0,2,0,0,0,0,2,0,0,2,0,4,87,253,115,0,0,0,0,69,46,0,0,1,3,3,0,1,1,2,1,0,0,2,1,0,0,0,0,33,225,117,1,0,2,3,0,53,238,91,0,0,2,0,0,0,2,0,0,2,1,1,1,0,1,4,0,98,193,0,2,1,0,0,0,211,252,60,0,4,0,0,0,1,4,4,0,0,0,3,0,4,0,0,62,255,76,0,3,0,0,97,222,250,254,0,1,1,1,0,3,0,0,0,0,0,3,1,0,0,3,2,99,206,9,0,1,10,139,186,207,250,208,0,1,0,0,0,4,1,1,0,0,1,0,1,0,1,0,0,65,236,29,0,44,122,118,14,150,252,155,0,0,1,1,0,3,1,2,1,2,2,0,5,0,1,0,2,0,100,190,112,133,6,0,0,174,252,63,0,0,0,2,0,3,0,0,0,0,0,1,0,2,1,0,0,0,2,0,22,0,2,0,19,235,222,12,0,0,2,2,1,0,1,1,0,2,0,3,0,0,0,0,1,0,0,0,0,0,4,0,118,253,190,1,0,1,0,0,2,1,1,0,0,0,0,3,1,1,0,0,2,1,0,0,2,0,1,0,121,250,110,0,0,0,2,2,2,1,0,0,0,3,1,3,1,0,0,0,4,0,3,2,0,2,0,0,186,228,12,0,0,0,0,1,2,0,0,2,0,3,3,0,0,0,0,2,0,0,1,0,0,1,0,107,254,162,1,0,0,4,0,0,1,0,3,1,0,0,0,1,1,0,0,0,3,0,0,0,2,2,2,157,246,47,5,0,3,1,0,0,1,0,2,1,0,0,0,0,3,3,2,0,1,0,1,3,0,0,62,255,174,2,0,2,3,1,0,0,1,0,2,0,2,0,0,0,3,0,0,0,0,0,1,0,2,1,142,247,88,0,4,0,0,1,0,1,1,0,0,0,0,0,0,0,0,0,0,1,1,0,0,3,2,2,195,126,3,3,0,2,2,0,0,3,0,0,0,0,0,1,0,3,0,0,0,1,1,0,0,0,1,52,243,100,0,0,0,0,0,0,0,3,0,3,0,0,0,0,0,2,2,0,1,2,0,1,1,0,0,136,217,23,3,0,1,1,0,0,1,0,0,2,1,0,1,0,0,1,4,0,0,1,0,2,1,0,0,1,0,3,0,0,0,2,0,0,2,0,0,0,1,3,3
1,4,4,0,0,2,1,6,0,1,0,5,5,0,1,1,0,0,0,0,2,0,0,0,3,0,0,0,0,0,0,0,0,2,0,0,2,0,0,0,0,0,0,0,0,0,0,0,0,0,2,0,2,0,2,0,0,0,0,0,0,3,2,0,1,0,13,185,143,38,0,4,0,0,0,1,1,0,1,0,0,3,0,0,0,0,0,0,0,2,0,6,0,0,114,250,255,117,39,1,0,0,0,2,1,1,1,0,0,1,0,0,0,0,0,2,0,0,0,1,0,140,242,251,251,176,90,0,1,4,0,0,1,2,1,0,0,0,0,0,2,0,0,2,0,0,0,3,1,165,251,232,8,2,3,0,0,0,0,2,0,0,0,0,0,0,0,0,1,0,0,0,5,2,3,0,16,226,254,131,1,0,1,0,1,1,0,0,0,0,0,1,1,0,0,0,0,0,1,0,0,2,1,0,61,251,250,46,2,0,0,2,0,1,5,0,0,2,0,0,1,0,1,0,0,1,1,0,3,0,0,2,134,251,175,5,0,1,0,0,0,0,0,0,1,3,0,0,4,0,0,0,0,0,0,0,1,0,1,0,200,253,165,1,0,1,0,0,0,0,0,0,0,0,0,0,1,1,0,2,0,1,1,2,0,1,0,0,242,255,165,2,4,1,0,2,2,1,0,52,77,4,0,2,0,0,4,0,0,3,0,1,1,2,0,0,240,253,69,0,3,1,0,0,0,0,117,242,250,70,2,2,1,0,1,1,0,0,2,0,3,0,3,101,254,250,54,1,0,3,0,0,40,143,248,247,247,247,61,2,3,0,2,0,3,0,0,0,2,2,0,99,255,213,14,0,0,0,0,0,142,253,209,59,198,252,96,1,1,0,0,3,0,0,0,0,0,2,0,100,254,198,1,0,0,2,1,58,207,253,119,0,201,249,101,0,0,0,3,2,0,0,0,0,1,1,3,99,251,203,4,2,0,0,62,253,251,191,8,64,250,132,46,3,0,0,0,2,4,2,0,0,0,4,2,37,247,253,58,1,0,0,134,255,252,41,0,166,235,44,2,2,0,0,1,2,0,1,0,0,0,2,2,0,242,254,141,0,2,0,219,255,229,28,4,196,120,26,0,0,4,0,0,0,2,0,0,0,1,2,0,0,138,254,206,15,0,0,220,253,191,52,229,252,158,1,0,0,2,0,1,0,1,0,2,0,0,4,0,0,12,200,252,209,136,50,224,255,253,252,248,187,22,0,2,2,0,1,2,4,3,2,0,0,0,1,0,0,0,67,238,253,252,252,251,255,255,179,58,0,0,0,0,0,0,0,0,0,1,0,0,0,0,1,0,0,2,0,30,36,146,128,206,160,206,106,0,1,2,1,1,0,1,0,0,0,0,0,0,1,3,0,0,2,1,3,2,0,0,1,2,3,0,3,3,0,0,1,1,0,1,0,0,0,0,0,0,1,1,0,1,2,0,0,0,0,0,5,0,0,0,2,0,1,0,0,0,0,0,0,0,2,0,0,0,0,0,0,1,1,0,0,0,0,0,0,0,0,1,1,0,0,1,0,1,0,0,0,0,0,0,1,0,0,1,0,2,0,0,0,1,0,1,3,0,1,0,0,2,0,3,0,0,0,0,3,0,0,1,5,0,1,1,0,0,0,0,1,2,0,1,0,2,0,1,2,0,0,1,0,0,4,1,0,0,0,1,0,1,1,0,0,0,1,0,0,0,0,2,0,0,0,0,0,0,0,0,0,1,1,0,0,0,0
0,1,0,3,0,2,1,0,0,2,0,3,1,0,0,0,0,1,0,1,2,0,1,0,0,0,0,2,0,4,0,2,3,0,0,0,0,4,0,0,0,0,1,0,0,0,0,2,0,0,0,1,2,1,0,0,1,1,3,0,1,2,0,1,1,1,0,0,0,0,0,0,0,0,0,0,0,0,3,0,0,1,3,0,0,0,0,0,1,0,0,0,0,0,0,0,0,2,0,1,0,1,1,0,2,1,0,2,1,2,1,2,0,4,1,2,3,0,0,0,0,3,0,0,2,3,1,0,0,2,3,0,1,1,0,0,0,1,1,3,4,0,0,0,0,0,0,0,0,4,0,2,83,179,13,4,0,0,2,3,0,2,2,0,0,2,0,0,2,2,3,1,2,1,0,2,2,0,0,0,83,252,94,0,1,0,2,1,0,0,2,3,0,0,0,0,0,1,1,0,0,0,1,1,0,0,2,0,83,252,141,1,0,0,1,0,2,3,3,0,2,3,0,0,1,1,0,1,0,0,2,6,2,0,0,2,34,246,142,3,1,0,0,0,0,0,0,2,0,0,3,0,0,1,0,0,1,3,0,0,0,1,1,0,1,242,228,5,1,0,0,0,0,0,0,0,0,1,0,1,0,0,2,0,0,0,1,0,1,0,3,1,1,244,242,0,0,0,0,2,0,3,2,0,0,2,1,1,0,0,0,0,0,1,2,0,0,3,0,0,0,240,238,0,0,1,0,0,0,0,3,1,0,0,1,2,0,0,0,0,0,0,3,2,0,0,1,0,0,204,240,3,0,2,0,1,1,1,1,0,0,0,2,3,0,0,0,2,1,0,2,1,0,2,0,0,1,211,241,0,2,1,0,2,0,2,1,0,0,0,4,2,2,0,1,2,3,2,1,0,3,1,0,0,0,142,242,2,2,2,0,0,3,0,0,0,0,0,2,0,3,0,0,0,0,2,1,0,0,0,1,3,2,144,243,0,0,1,1,0,0,0,5,0,4,0,0,0,0,2,0,0,1,1,1,0,1,1,0,0,0,144,241,2,0,1,0,1,0,0,0,1,0,0,0,0,0,1,2,2,0,0,1,0,0,0,0,1,1,56,246,46,0,1,1,0,0,0,0,2,0,3,1,0,0,3,0,0,0,2,0,2,0,3,0,0,0,50,250,82,0,2,2,1,4,1,0,0,1,0,2,0,0,0,0,3,0,1,3,0,0,2,0,2,2,48,254,83,1,0,0,0,1,0,1,2,2,0,1,0,2,0,0,0,0,0,0,0,1,2,0,0,1,46,255,80,0,0,0,0,1,0,0,1,0,0,0,1,0,0,0,0,0,0,0,0,0,1,0,1,0,49,254,83,1,0,1,0,0,0,0,0,0,0,0,0,0,0,0,0,2,0,0,1,0,0,1,0,4,49,255,81,0,1,2,0,1,0,0,0,0,0,2,2,2,0,0,0,1,0,1,1,2,0,0,0,0,38,251,86,1,0,0,2,1,0,0,0,1,1,0,1,0,2,0,0,2,3,0,0,0,2,0,0,1,0,165,52,0,0,3,1,2,0,0,4,1,1,1,0,1,1,0,3,1,0,4,1,0,0,0,2,0,2,2,1,3,3,0,0,1,0,4,1,4,0,1,0,1,1,4,0,0,0,3,2,1,0,0,0,1,0,0,3,0,2,0,1,0,0,0,1,0,2,2,1,0,2,0,0,0,0,0,0,0,0,2,0,2,0,0,0,0,0,0,1,0,0,0,1,3,3,1,0
2,0,0,0,3,0,0,0,0,4,0,0,1,0,0,0,1,0,2,0,2,0,0,0,0,2,0,0,1,0,0,0,1,2,2,0,1,0,1,0,1,0,1,0,0,0,0,1,0,1,1,0,0,0,1,0,0,0,2,0,0,3,2,0,0,0,0,0,0,0,0,0,0,0,0,0,0,0,0,2,2,1,2,0,0,3,0,0,0,0,0,0,0,0,0,4,0,0,2,0,0,0,0,0,0,1,2,0,0,0,0,0,2,0,2,1,0,0,0,3,0,0,2,0,0,2,0,0,0,0,3,0,0,3,4,0,1,0,0,2,0,2,0,0,3,0,0,2,0,0,3,0,0,0,0,1,0,25,113,208,70,1,0,0,1,1,0,0,2,2,0,1,0,1,0,0,0,1,2,1,2,2,3,7,53,228,255,255,209,16,0,0,0,0,0,0,0,0,0,0,0,0,0,0,2,3,3,0,36,103,217,218,222,255,211,235,253,121,3,1,0,0,0,0,2,0,0,0,1,0,4,0,0,0,23,152,240,252,252,255,255,250,246,244,254,118,0,1,0,0,0,3,0,1,1,0,0,4,0,0,0,21,210,254,255,253,254,254,236,245,174,201,255,120,0,0,0,0,0,2,2,0,0,0,1,0,1,0,1,138,254,254,226,146,122,87,57,23,90,252,253,69,1,0,0,2,4,2,1,3,0,0,0,1,3,0,96,255,243,96,7,1,2,0,20,134,255,253,254,54,3,0,0,0,1,0,0,0,0,0,0,1,0,1,123,250,241,68,37,38,40,161,245,254,254,255,157,54,0,3,3,0,0,1,0,2,1,1,0,3,2,0,122,255,254,255,252,255,255,252,253,255,204,95,21,3,0,0,0,0,0,0,0,0,0,0,0,0,2,0,3,104,231,255,255,252,255,253,252,253,223,16,0,2,1,1,0,1,1,0,0,1,1,1,0,1,0,0,1,3,42,227,251,254,255,254,253,255,253,30,0,1,0,1,2,0,2,0,1,0,0,1,0,0,0,0,0,17,201,255,255,254,246,195,193,245,254,53,0,2,1,0,0,1,1,0,3,0,3,1,0,1,0,2,0,83,255,252,214,116,72,0,0,209,255,216,3,0,0,0,0,0,0,0,0,3,1,4,0,1,0,1,7,194,254,255,87,1,2,3,0,89,254,225,1,0,1,2,0,0,3,1,0,1,1,0,0,0,0,3,107,251,255,214,8,0,0,0,0,16,252,241,40,0,0,3,1,0,0,0,3,1,2,0,3,0,0,0,120,254,244,76,0,0,1,0,0,44,254,249,50,0,0,0,0,0,1,3,0,0,3,0,1,1,3,0,121,251,250,92,5,0,0,13,57,231,255,163,3,3,0,0,3,4,0,0,0,0,0,0,0,1,1,1,39,226,254,254,177,89,90,197,253,253,251,66,0,0,0,1,0,4,0,2,4,0,1,0,0,2,4,0,2,37,222,255,255,251,251,252,252,218,112,1,1,0,0,1,0,1,0,0,0,0,4,0,0,2,0,3,1,0,37,227,253,253,251,176,91,10,1,2,0,0,0,3,1,3,0,1,0,1,0,1,0,0,3,0,0,0,0,0,1,0,0,0,3,1,0,2,0,0,0,0,0,0,3,5,1,0,0,1,1,4,0,0,0,1,1,3,0,0,0,3,0,1,0,0,0,0,4,0,3,0,0,0,0,0,3,0,0,3,2,0,5,0,0,0,0,0,3,0,1,4,1,0,0,0,3,0,0,1,2,0
3,0,0,0,1,0,0,0,1,1,4,0,0,2,0,0,3,0,0,0,2,1,1,0,0,0,0,0,0,1,0,3,0,4,0,0,0,0,1,3,0,0,0,0,0,0,0,1,0,0,0,2,0,0,0,2,0,1,2,0,1,0,0,4,0,0,0,0,0,0,3,0,2,0,0,0,0,2,0,0,0,1,0,0,2,2,0,1,1,0,0,1,0,0,1,0,1,0,0,0,0,4,0,0,1,1,0,0,3,3,2,1,1,0,5,0,0,2,0,0,0,0,0,4,1,0,3,2,2,0,1,1,0,0,0,1,1,2,1,3,1,1,2,0,25,80,203,81,12,0,1,0,0,0,0,1,3,1,0,0,0,3,0,0,0,0,3,4,2,0,0,2,81,254,253,255,64,82,0,0,2,4,0,0,1,0,0,1,1,0,0,0,0,0,1,0,0,0,0,1,76,255,254,255,120,130,2,0,4,1,0,0,3,96,240,92,60,16,0,0,1,0,0,1,0,0,2,1,79,251,252,255,252,131,1,0,0,4,0,1,0,231,252,255,254,60,1,1,0,2,0,1,0,0,0,1,82,254,255,254,247,109,2,0,0,3,0,0,3,232,253,249,255,62,0,0,1,1,0,2,2,0,0,0,80,255,253,255,226,64,0,0,0,0,2,0,0,226,255,255,251,143,1,1,0,0,0,0,0,0,0,0,78,252,253,255,255,139,4,0,1,1,3,1,0,231,255,252,252,251,113,0,2,0,3,0,1,0,1,0,78,254,255,255,251,254,53,2,0,0,2,2,0,235,252,254,252,236,1,0,0,0,1,3,1,3,1,1,78,249,250,255,255,252,197,185,185,188,185,187,186,240,255,254,253,250,116,0,0,0,1,0,0,0,2,0,2,156,253,254,254,254,255,255,255,255,253,254,251,75,254,253,255,255,154,0,1,0,0,0,0,0,3,1,0,56,247,254,255,251,253,252,255,254,253,255,155,60,255,255,254,255,158,2,2,0,0,1,0,3,0,0,2,0,65,253,253,255,251,253,254,211,207,10,5,55,253,255,253,253,156,0,0,0,0,0,0,3,0,0,2,0,30,106,235,254,253,255,246,40,35,0,0,23,184,254,255,255,155,2,0,0,1,1,2,1,0,0,0,2,0,2,26,24,23,24,25,3,0,0,0,0,132,254,255,255,155,0,2,1,0,0,0,1,1,0,1,0,1,3,0,1,2,1,0,0,2,0,0,0,132,255,253,255,207,42,0,0,2,0,0,0,3,2,0,1,3,0,0,0,1,0,1,3,2,3,0,1,130,252,252,255,255,77,0,0,1,0,2,1,1,0,1,0,3,1,1,0,0,0,0,1,0,0,0,0,70,237,255,254,254,76,2,3,0,0,2,0,0,0,0,0,0,0,1,0,0,0,1,2,0,1,1,0,1,210,253,255,255,76,3,0,2,4,0,3,0,0,2,0,0,1,0,0,0,0,2,1,0,3,0,3,1,212,255,249,158,47,0,2,0,0,0,0,0,1,0,0,2,0,2,3,0,0,0,1,1,0,0,0,3,86,253,237,0,0,2,2,0,2,0,0,0,2,0,0,0,0,0,0,0,0,0,0,0,1,0,2,2,2,0,0,0,0,0,1,4,0,0,2,0,0,0,0,1,3,3,0,2,1,0,0,0,0,0,0,0,0,0,0,0,0,0,0,2,0,0,0,0,0,2,4,0,0,0,0,0,0,0,2,0,0,0,1,1,0,0,0,0,3,0,1,0,2
2,4,0,0,0,0,0,0,0,0,0,0,0,1,0,0,0,1,4,0,0,0,0,2,1,3,2,0,0,0,1,1,0,2,1,0,2,0,0,2,1,1,0,0,0,0,0,0,0,0,2,1,0,0,0,0,1,0,0,0,2,0,1,0,0,0,0,0,0,0,0,2,0,2,2,0,3,3,1,0,1,0,0,0,0,0,0,0,1,3,2,0,3,3,3,3,3,1,0,0,0,0,0,0,0,0,0,0,0,1,0,0,0,0,1,0,1,0,0,0,4,3,0,1,58,224,96,0,0,1,0,0,0,0,0,2,0,1,1,1,0,0,6,0,1,0,0,0,1,1,3,1,58,253,224,38,3,1,0,0,0,0,1,0,0,1,2,0,1,1,0,0,0,0,3,0,0,0,0,1,55,254,254,178,5,0,0,1,0,0,0,1,1,0,0,0,2,0,0,1,1,0,1,2,0,2,1,0,25,217,255,225,32,2,2,1,0,0,0,0,0,2,0,3,0,0,0,0,2,0,1,0,0,0,0,0,2,186,254,254,46,0,5,0,0,0,0,2,0,1,2,0,0,0,0,0,3,0,0,1,0,1,0,0,1,188,255,255,48,2,0,1,0,0,2,0,2,1,3,2,0,2,0,4,0,4,0,1,0,0,0,1,0,187,254,255,47,0,0,1,0,0,2,3,1,0,2,0,0,0,0,0,0,2,0,1,0,0,0,0,14,202,254,253,48,0,0,0,0,0,0,0,0,0,3,4,0,0,0,2,1,3,0,2,0,0,1,4,56,255,255,255,52,0,1,0,0,3,0,1,0,1,0,1,0,0,0,0,3,0,0,0,3,0,2,0,57,254,255,254,49,0,0,0,0,2,3,0,0,0,2,0,0,1,0,0,0,1,0,2,0,0,3,0,56,255,251,235,35,0,1,0,0,1,1,0,0,0,1,0,1,0,1,1,2,2,0,2,0,0,1,0,55,252,255,180,1,1,1,1,3,1,1,0,0,0,0,1,3,0,0,0,1,1,0,0,0,3,0,0,59,255,252,214,24,0,1,0,0,0,0,0,0,0,0,1,2,0,0,3,0,0,1,1,0,0,0,2,58,255,255,178,0,0,0,0,0,1,0,0,0,0,2,1,0,1,3,2,1,0,5,0,3,0,4,0,103,254,252,179,0,1,1,1,0,0,1,1,1,2,1,0,0,0,0,0,1,0,0,0,1,0,3,20,209,255,250,181,0,0,1,1,0,1,0,0,0,0,0,1,0,0,0,0,0,0,0,0,3,0,0,51,254,253,255,69,1,0,0,0,2,0,2,0,0,2,0,1,0,1,1,0,4,1,1,1,0,1,2,53,254,253,255,58,0,2,0,1,0,0,0,0,0,2,0,0,3,1,0,0,0,0,0,0,2,2,0,51,253,255,255,53,0,2,0,0,0,1,0,0,0,1,0,0,1,2,2,0,0,0,0,0,1,0,0,3,92,220,187,3,1,1,2,0,1,0,0,0,0,4,0,0,3,0,0,0,1,0,2,2,1,4,0,0,0,1,3,2,1,0,2,0,2,0,0,0,0,2,0,0,1,0,0,1,1,0,2,1,0,0,0,0,0,1,0,0,0,0,0,0,0,0,0,0,1,1,1,0,1,0,1,0,0,0,0,0,0,0,3,0,0,1,0,0,0,0,0,0,0,0,0,0,2,4,1,0,0,0,0,4,1,2,0,1,2,1,0,1,1,2,0,0,0,0,1,2,2,0,0,2,3,5,1,1
2,1,0,0,1,0,0,2,0,4,2,2,0,2,0,1,0,0,0,0,0,0,0,1,0,0,0,0,0,0,0,1,0,0,2,2,0,0,0,2,2,0,1,0,0,0,0,1,0,0,0,1,3,0,0,0,0,1,3,0,1,1,1,1,0,0,1,0,0,4,2,0,0,2,0,0,1,0,0,3,0,0,0,0,0,0,0,6,0,1,0,0,0,1,0,0,0,65,130,254,255,194,126,0,1,0,0,0,0,0,0,0,0,0,1,0,0,2,0,0,0,2,1,192,255,254,253,255,255,254,255,255,128,2,0,0,3,1,0,0,0,0,0,2,0,0,0,0,1,0,194,254,190,191,126,129,130,127,189,255,255,124,0,0,0,1,2,1,1,1,1,2,0,0,0,0,0,0,67,3,3,1,1,0,0,0,0,255,254,126,3,0,0,2,3,3,0,0,0,0,4,1,0,0,1,0,0,1,2,0,5,0,0,2,1,252,254,63,0,0,1,1,0,1,0,0,1,1,0,0,0,1,0,1,0,0,1,1,1,0,0,0,65,251,253,0,1,0,0,3,0,3,1,0,0,3,0,4,1,0,0,0,2,1,0,0,0,4,0,2,191,255,128,0,0,0,3,3,1,3,1,0,4,1,2,0,0,0,5,0,0,0,1,2,4,0,2,129,254,255,64,0,1,0,4,0,0,0,0,2,0,0,3,0,1,0,0,0,0,1,0,3,0,0,1,192,255,192,1,1,3,0,0,3,0,0,0,1,2,0,0,0,0,0,3,0,0,0,0,0,0,0,190,252,254,0,0,1,0,0,0,0,0,0,2,1,0,3,2,0,0,0,0,0,2,3,0,0,0,64,252,255,67,3,0,2,3,3,0,3,0,0,0,0,0,2,0,0,0,0,4,2,0,1,0,2,66,254,189,65,1,0,0,0,2,0,0,0,0,0,0,0,0,2,0,0,1,0,0,0,0,0,3,0,191,255,0,2,3,1,0,0,1,2,1,0,0,1,0,3,2,0,0,0,0,1,0,0,0,1,63,255,191,62,0,1,0,0,0,2,3,0,0,3,0,2,0,1,2,0,0,2,0,63,64,126,127,127,255,252,65,0,2,1,1,2,2,0,1,0,1,0,0,0,4,0,0,0,0,65,191,255,255,253,254,255,255,127,0,0,0,2,1,0,1,0,0,0,0,0,0,0,0,0,0,1,63,255,255,128,2,192,255,255,254,255,66,0,3,1,1,0,0,2,0,1,0,0,2,2,0,0,0,3,254,254,252,64,192,255,193,67,192,254,254,255,130,63,0,2,1,4,1,0,0,1,0,0,0,0,0,3,255,255,255,255,255,131,0,1,0,128,255,255,255,254,255,126,128,127,1,1,1,1,1,2,0,0,0,0,65,189,253,191,62,1,0,0,0,0,0,0,129,126,190,192,192,190,1,3,0,0,0,0,3,0,0,0,3,0,0,0,2,0,0,2,0,1,2,1,0,2,3,1,0,2,0,0,3,0,1,0,0,0,1,3,0,0,1,2,5,0,0,0,1,0,2,2,0,0,1,2,0,0,0,3,0,0,1,0,0,3,0,0,1,0,2,2,3,0,0,0,0,0,1,3,0,0,1,0,0,3,0,5,0,3,0,1,1,0,1,1,0,0,0,2,0,3,0,2,0,0,4,0,0,0,0,0,0,2,0,1,1,0,0,0,1,2,0,0,0,0,0,2,1,0,0,0,1,1,1,0,0,0,0,0,2,1,0,0,3,0,1,0
0,2,1,0,0,0,1,0,1,0,3,0,0,0,0,0,0,3,0,0,0,1,1,0,0,0,0,0,0,2,1,0,0,0,2,0,3,2,0,0,2,1,0,0,0,0,0,0,0,0,3,2,2,3,0,1,0,1,1,0,2,0,2,1,0,0,2,0,0,2,2,3,0,0,2,3,0,3,0,1,0,0,2,0,2,0,0,0,0,0,0,0,1,3,2,0,1,0,1,2,1,0,0,0,0,0,0,1,0,0,0,3,0,0,2,0,0,0,0,0,2,1,0,8,133,255,182,44,5,2,2,4,0,0,0,0,2,2,0,3,0,3,0,0,0,3,0,3,2,1,0,177,249,252,250,184,120,7,0,0,1,0,3,0,0,0,1,3,0,1,0,0,0,1,2,2,1,1,0,201,252,130,155,209,255,182,63,29,0,0,0,0,1,0,0,2,2,0,0,0,0,0,1,0,2,0,0,25,248,232,0,44,182,243,255,211,1,0,0,0,0,2,0,0,0,0,0,1,0,1,1,1,0,0,0,0,244,185,4,3,0,38,48,41,0,0,1,0,1,0,1,0,0,2,0,0,2,0,2,0,0,2,0,93,250,214,2,0,0,0,0,0,1,0,0,0,2,0,0,0,0,0,2,0,0,1,0,1,0,0,1,111,251,116,2,0,3,0,2,2,0,2,0,0,0,1,0,0,0,0,0,0,0,2,1,0,2,0,4,223,248,0,2,3,0,3,2,0,0,0,0,1,1,0,1,1,2,0,0,0,1,2,0,0,2,0,57,242,246,1,0,4,2,3,0,1,0,0,0,0,1,2,2,0,3,0,0,1,0,0,2,4,0,0,89,252,247,0,1,2,0,0,1,0,0,0,0,0,1,0,0,1,2,0,0,0,0,0,0,3,0,1,88,251,246,0,0,0,1,0,2,0,1,2,0,1,0,0,2,0,0,0,2,0,0,0,2,0,0,3,89,255,247,55,95,179,212,113,53,1,0,1,0,1,0,2,2,0,3,0,2,2,0,4,2,0,0,0,199,255,251,244,252,250,251,255,244,162,3,0,1,0,0,3,0,0,1,0,0,0,0,1,0,1,0,0,199,255,254,246,167,121,124,125,178,254,166,3,1,0,0,0,0,3,0,2,0,0,0,0,1,1,1,1,36,103,106,49,2,0,2,0,10,250,251,88,1,0,2,0,2,0,0,0,0,1,0,1,0,0,2,0,0,3,2,0,0,0,1,0,115,254,237,30,0,0,0,0,2,0,0,1,0,2,0,3,0,0,1,0,2,0,0,0,3,0,23,161,215,247,113,2,0,0,4,1,0,1,0,0,0,0,0,1,0,0,0,0,2,0,2,0,0,20,191,253,252,163,0,4,4,0,3,0,0,0,2,4,2,0,1,1,0,3,0,2,0,0,54,165,217,229,251,171,102,2,0,3,0,0,0,0,0,0,0,0,0,0,0,0,0,0,3,1,0,0,11,204,253,224,100,5,0,0,0,3,0,0,2,1,0,3,0,1,0,1,0,2,0,2,1,1,0,3,0,1,2,0,1,2,1,2,0,1,1,2,0,1,1,0,0,1,0,0,0,0,0,2,0,0,3,0,0,3,0,0,0,0,1,1,0,0,0,2,2,0,0,0,1,0,3,0,2,1,0,1,0,0,3,1,0,0,0,0,4,0,0,0,3,0,0,1,0,0,0,0,2,0,2,0,0,0,0,1,0,2,1,2,0,3,0,0,0,0,2,1,2,2,0,1,1,0,0,0
0,1,0,1,0,1,0,2,1,0,0,0,0,0,1,1,2,0,0,4,0,0,0,0,1,2,0,0,2,1,0,0,1,0,0,0,0,0,0,3,0,0,0,0,0,1,0,2,0,1,0,0,3,0,0,0,2,0,0,0,1,2,0,0,0,0,0,0,2,3,4,3,0,1,0,3,0,0,0,0,2,0,2,0,0,0,1,2,0,4,0,0,0,1,1,1,0,1,0,0,0,1,2,0,0,0,0,1,0,1,0,2,0,0,1,1,0,0,1,0,2,0,3,0,0,1,1,2,1,0,1,0,0,2,4,0,1,2,4,0,0,0,3,0,0,0,0,1,0,22,169,255,253,255,214,92,13,0,0,2,0,0,0,0,0,2,0,0,2,1,0,2,0,2,1,4,54,206,251,229,175,178,204,254,180,14,1,0,0,2,0,0,0,0,0,2,0,0,2,0,0,0,0,20,218,252,206,20,1,0,11,97,254,140,7,0,0,0,0,0,0,0,2,1,1,1,0,1,0,0,0,44,254,178,0,0,0,0,2,23,252,251,27,0,0,1,0,0,0,0,0,0,0,2,2,2,0,3,0,123,252,136,2,0,2,0,0,22,255,252,120,1,0,1,2,3,0,2,3,0,0,2,4,1,2,0,0,151,254,134,0,0,2,0,1,1,174,255,118,0,1,1,0,0,0,0,3,1,0,0,0,0,0,1,0,152,255,136,0,0,0,1,0,0,168,249,119,0,0,2,0,1,0,0,0,0,1,2,0,0,0,1,0,115,253,218,2,3,0,0,0,3,121,253,203,0,1,1,4,0,0,0,0,1,1,0,1,0,0,0,0,5,187,252,146,14,4,7,15,128,242,251,227,6,0,0,1,0,3,0,0,0,0,0,0,0,0,0,0,0,30,216,252,252,169,199,233,194,92,223,252,101,2,3,2,2,0,0,1,1,1,0,2,0,0,3,0,0,0,25,73,159,165,92,55,6,0,120,249,190,0,1,0,1,1,0,0,0,3,0,0,1,2,0,1,0,2,1,2,0,0,0,1,0,1,48,246,188,3,1,3,0,0,0,3,1,0,0,1,1,3,0,0,2,0,2,2,1,1,0,2,0,0,1,173,203,5,0,2,1,0,0,0,0,0,0,0,4,0,0,0,2,0,0,3,0,0,2,0,0,2,0,133,251,84,0,1,1,3,0,0,0,0,0,0,0,2,0,3,0,0,0,1,10,5,2,1,0,0,0,131,255,139,2,4,1,1,2,0,1,1,1,1,3,0,1,1,0,0,0,60,176,14,0,0,2,2,1,164,255,43,2,1,0,0,1,0,0,0,2,0,0,2,2,0,0,1,10,232,165,0,0,0,0,0,39,248,201,8,0,0,0,2,0,0,1,0,2,0,2,2,0,0,1,3,0,146,252,196,120,34,35,33,163,253,246,36,3,2,1,0,0,0,0,0,3,0,1,3,0,0,0,0,2,18,158,218,251,254,253,253,255,241,88,1,0,3,0,1,1,0,0,0,0,0,0,0,1,2,0,2,3,2,0,21,81,253,255,254,166,41,0,2,2,0,1,0,0,1,0,0,0,0,0,1,0,0,1,0,1,0,2,0,3,0,0,0,0,2,0,1,0,0,2,0,0,0,0,0,0,0,2,0,0,0,0,1,0,0,0,0,0,0,0,0,3,1,0,2,0,0,2,0,4,2,0,0,1,0,1,0,1,1,0,4,2,1,0,1,1,0,0,0,0,0,0,0,0,0,0,1,0,0,0
1,0,0,1,0,0,0,1,0,0,1,0,0,0,0,0,0,0,0,0,0,0,1,0,1,1,3,0,2,0,2,1,1,0,3,2,1,0,2,0,0,0,3,0,0,0,0,0,1,0,0,0,1,0,0,2,0,1,1,0,1,2,0,1,3,0,1,1,0,0,0,0,0,1,0,2,0,0,1,0,0,1,0,0,0,0,1,4,0,1,0,0,4,0,0,0,0,2,2,0,3,3,3,0,1,0,2,2,0,0,1,1,0,0,0,0,1,0,0,0,2,0,0,3,1,0,1,1,0,12,183,254,92,0,0,3,0,3,0,1,0,0,0,0,1,2,1,0,0,0,2,3,0,3,0,0,6,66,253,176,35,0,0,1,0,2,1,1,1,1,0,1,2,1,0,0,1,0,3,0,0,0,1,0,29,220,238,2,0,0,0,0,1,1,1,0,1,0,1,0,0,0,0,0,1,1,3,0,0,0,0,0,106,252,143,2,1,3,2,3,1,0,0,3,0,0,0,0,0,0,0,0,0,0,0,0,2,1,0,16,186,236,26,0,1,1,0,1,0,3,1,0,0,0,0,1,0,0,0,0,1,1,0,0,0,2,0,153,247,183,0,0,0,0,1,0,0,0,2,0,0,0,0,2,0,0,3,0,0,0,0,0,0,2,30,253,217,27,1,0,0,0,1,0,1,0,1,1,2,3,2,3,2,1,0,1,0,2,2,0,0,0,151,254,150,1,2,1,2,2,2,0,1,0,0,0,0,2,0,0,0,0,1,1,0,2,0,0,0,14,217,235,51,1,0,2,1,2,0,2,2,0,2,0,0,0,0,0,2,1,1,1,0,2,1,1,3,98,251,142,0,1,3,3,1,0,0,2,0,0,0,0,0,0,0,0,0,3,3,1,1,1,0,0,4,220,254,105,1,2,0,0,2,2,2,2,2,0,0,0,2,0,1,0,1,0,0,0,0,0,2,0,1,242,255,82,0,2,0,0,2,2,0,0,0,1,1,2,2,1,0,1,2,0,2,3,1,2,0,0,115,251,174,1,1,0,2,3,0,3,0,0,0,0,2,2,0,0,1,0,0,0,0,0,0,0,1,0,185,255,92,0,0,2,1,1,0,4,3,2,0,0,0,0,0,0,1,0,0,0,0,0,0,0,2,16,215,171,7,0,0,0,3,3,0,1,2,4,0,1,0,0,0,2,0,1,3,3,0,0,0,3,0,100,255,114,0,0,0,0,0,0,0,0,0,0,4,0,0,4,3,0,0,0,0,4,0,3,5,0,0,128,254,111,0,3,1,0,1,0,1,0,0,0,3,1,2,2,1,0,3,0,0,0,1,0,1,1,0,162,252,113,0,0,3,0,0,0,0,3,2,0,2,3,4,0,2,0,0,3,0,0,0,3,1,0,0,172,252,192,129,5,1,2,1,1,0,1,1,0,0,0,0,0,0,0,1,0,0,0,3,0,0,0,0,41,228,255,116,0,0,1,0,0,0,0,0,0,0,0,1,1,0,0,0,0,1,1,2,2,0,0,0,2,1,0,0,0,0,3,0,0,0,0,3,3,2,1,0,1,3,1,0,0,0,0,0,0,4,0,3,0,0,0,0,1,2,3,1,1,2,0,1,4,1,0,1,2,2,0,1,2,1,0,4,0,0,0,3,3,1,3,0,0,0,0,0,0,1,3,0,0,0,0,0,0,0,0,0,0,0,1,1,2,0,3,0,0,0,0,0,0,0,0,4,1,0,0,0,0,4,2,0,0
1,0,0,2,0,0,2,0,1,2,1,1,1,0,0,0,2,0,0,0,1,0,2,1,0,0,0,0,0,3,0,0,0,0,0,0,2,5,1,0,3,3,0,0,1,1,3,1,0,0,1,0,0,2,4,0,0,0,0,0,1,0,3,2,2,0,1,0,0,0,0,0,0,1,0,3,0,0,0,0,0,0,0,4,1,5,0,0,0,2,5,0,0,5,0,0,0,3,2,0,1,1,0,1,1,0,0,0,0,1,3,0,1,0,0,0,0,1,1,1,0,0,2,1,0,0,1,0,2,3,2,0,0,0,0,0,3,0,0,0,0,0,0,0,0,0,1,0,0,0,1,2,0,0,0,2,0,2,1,0,0,4,0,0,0,0,0,5,0,1,1,4,1,0,0,1,4,0,10,165,255,254,134,65,0,0,1,4,3,0,0,0,1,0,1,1,0,0,3,2,0,2,0,0,0,42,235,253,254,253,253,243,65,2,0,0,4,0,0,2,3,0,0,0,0,0,2,0,0,0,2,0,6,152,252,238,163,96,255,252,223,31,0,2,1,1,1,3,0,0,0,0,0,3,0,0,1,0,0,3,142,253,255,74,0,0,83,158,252,234,81,12,1,1,0,0,0,0,0,0,0,0,1,0,0,0,4,1,183,251,187,9,2,0,3,5,155,254,253,148,0,0,2,0,0,1,0,0,0,1,1,0,0,0,1,35,237,251,76,2,2,2,0,6,154,253,255,87,0,2,0,2,0,0,0,0,0,2,0,0,0,0,2,8,195,250,147,0,0,0,0,125,254,253,249,59,0,0,0,0,0,0,1,0,0,0,2,0,1,1,1,2,184,253,242,30,2,0,115,237,254,253,255,59,0,0,0,1,0,0,0,4,0,3,4,3,1,0,0,1,130,254,253,184,111,109,245,244,160,254,251,62,0,1,0,0,0,0,2,4,0,0,0,4,3,0,0,1,0,137,254,254,255,253,194,59,34,254,251,59,0,1,0,1,0,0,1,0,2,0,1,1,3,1,0,0,0,0,41,126,123,4,2,0,158,255,221,27,0,1,0,1,0,0,2,0,0,0,0,2,0,0,0,0,0,0,3,0,0,0,0,0,157,252,191,0,0,0,5,4,3,0,0,2,1,0,2,2,1,1,3,5,0,0,1,2,0,2,0,4,171,248,193,0,0,0,0,0,3,0,1,1,0,3,0,0,3,1,0,3,0,3,1,0,0,1,0,26,255,254,114,1,0,1,1,0,0,0,0,1,0,0,1,0,2,0,2,2,0,1,0,0,0,0,0,24,255,252,69,0,0,1,1,0,3,2,0,3,1,0,0,1,0,2,0,0,2,4,0,1,1,0,2,25,255,255,71,0,0,3,4,0,0,1,2,0,2,0,0,6,0,0,0,0,0,0,0,0,0,0,2,24,255,253,72,0,1,4,6,2,0,0,2,1,4,2,1,3,1,1,0,0,2,0,2,2,1,0,0,27,251,250,120,1,0,2,0,1,0,0,0,1,1,2,2,1,0,3,0,0,3,0,0,2,0,2,4,26,252,254,191,3,1,1,0,0,0,0,0,1,0,0,0,0,0,0,3,3,0,1,2,2,0,0,1,12,132,191,47,2,0,0,0,0,0,2,4,1,1,0,0,0,0,0,0,0,2,1,4,0,0,1,0,1,0,0,0,0,0,0,0,1,2,0,1,2,0,0,3,4,0,1,0,0,2,1,0,0,1,0,0,0,4,1,0,2,0,3,0,1,0,0,2,2
0,0,1,1,1,0,0,1,2,0,1,0,0,0,2,0,0,1,0,0,3,0,0,1,1,0,1,5,0,2,1,1,3,2,0,0,0,0,3,0,0,1,0,1,0,0,1,1,2,0,0,0,1,0,1,1,2,1,0,0,0,0,6,0,1,1,0,0,3,0,3,0,0,3,0,0,0,1,0,1,0,2,0,0,1,2,0,0,0,0,2,1,0,0,0,0,1,2,0,1,1,0,0,0,4,0,1,0,0,1,0,3,2,0,0,3,1,0,2,2,1,0,3,0,0,1,1,1,2,2,0,1,0,3,0,0,1,0,0,0,1,3,1,2,2,2,0,0,3,0,0,1,0,2,0,0,2,1,0,0,1,4,1,0,3,0,0,0,2,0,3,0,0,0,6,1,1,0,0,4,0,0,3,0,0,1,0,1,2,0,0,0,0,1,0,0,0,2,10,65,67,120,161,160,158,208,183,159,159,123,20,0,0,0,0,2,1,0,0,0,3,2,0,1,1,158,230,254,255,254,254,255,255,254,254,255,254,254,236,227,147,56,3,1,0,1,2,0,0,0,2,0,0,247,253,175,152,66,57,54,114,191,218,56,138,152,242,247,255,238,121,11,0,0,0,0,1,0,2,2,0,23,136,41,0,0,0,1,0,0,66,1,1,0,0,47,134,253,254,234,21,0,0,3,0,0,2,2,0,0,2,1,0,0,0,1,0,2,0,0,1,1,3,0,3,82,244,255,171,1,0,1,0,0,0,0,0,0,1,0,1,2,2,0,0,1,0,0,1,3,0,0,2,1,124,253,252,0,0,0,2,2,0,0,0,1,2,0,0,0,0,2,0,0,0,0,0,1,0,0,1,0,58,255,254,0,0,0,2,0,1,2,0,0,0,0,1,3,2,1,1,1,2,0,0,1,0,0,0,0,58,253,254,0,0,2,2,1,0,0,0,2,0,0,1,1,1,1,0,3,0,0,0,0,0,0,0,0,69,255,254,0,0,0,0,0,1,0,2,3,0,0,3,0,0,0,0,0,0,0,1,0,1,1,4,4,187,252,213,2,4,0,0,2,0,0,0,0,0,0,1,0,3,0,0,0,1,0,1,0,1,2,0,57,254,254,132,0,0,0,0,1,0,1,0,1,0,0,0,0,1,0,1,0,1,0,1,0,0,0,3,102,254,239,28,1,1,2,0,0,0,1,0,0,0,0,1,0,0,0,0,2,0,0,3,0,0,0,56,235,255,226,0,2,1,1,0,4,3,0,2,0,0,0,0,2,0,0,0,0,3,0,1,2,0,0,115,254,236,58,1,3,0,2,1,0,0,0,0,1,1,0,0,1,1,0,1,0,2,0,0,0,0,30,224,255,177,0,1,1,0,2,2,2,0,0,0,1,0,4,0,0,1,0,1,0,1,0,0,3,0,126,254,247,61,0,0,0,0,0,1,4,0,1,0,0,1,0,0,2,3,0,0,3,0,1,0,1,0,206,255,173,0,1,2,1,0,0,0,1,0,0,0,0,1,3,0,0,1,0,0,2,0,2,0,0,31,240,249,147,0,0,0,1,1,2,2,0,0,0,0,1,0,1,0,0,0,0,2,3,2,0,0,2,32,241,255,118,0,3,0,0,0,0,0,0,0,0,0,0,0,0,0,2,0,2,0,0,1,4,0,3,0,204,253,133,0,0,0,0,0,0,1,2,0,0,0,0,0,2,2,0,0,1,4,0,0,1,2,0,0,0,0,1,0,0,0,0,1,1,1,0,1,0
0,0,0,0,0,1,1,3,2,0,2,0,1,1,0,0,1,4,0,0,2,2,1,0,1,0,0,0,1,0,0,1,0,2,0,0,0,0,4,0,0,0,0,1,1,2,3,0,1,1,0,0,3,0,1,0,1,1,0,1,0,0,0,0,2,0,0,0,0,1,1,0,0,1,1,1,2,1,2,5,0,0,0,5,0,4,2,2,2,2,0,0,1,2,0,1,0,1,0,0,2,0,0,0,0,0,0,0,1,0,0,0,0,0,2,0,0,1,0,1,0,0,0,0,0,0,0,2,2,2,0,2,0,0,0,0,1,1,1,0,3,0,0,2,0,0,0,2,0,0,1,0,1,0,0,2,0,1,0,2,0,0,0,0,0,0,0,3,0,1,0,1,0,2,1,0,0,0,1,0,0,0,0,2,0,2,1,0,2,0,0,0,0,0,0,2,1,1,0,1,0,0,0,1,0,0,0,0,0,0,0,1,0,2,2,0,0,0,0,2,0,0,0,0,0,0,0,0,0,1,2,0,0,1,0,0,2,0,0,0,1,0,0,0,0,0,0,4,0,1,1,2,0,0,0,5,0,0,1,0,0,0,11,50,74,95,29,0,0,3,4,5,48,47,47,50,84,103,60,33,0,0,1,1,0,2,2,0,2,11,174,252,253,255,230,121,143,144,222,229,252,252,253,255,209,193,191,179,2,3,0,1,1,0,0,0,1,30,240,83,214,255,221,175,175,173,125,86,19,15,16,20,7,1,0,1,0,1,5,2,0,0,0,0,15,210,146,2,0,1,0,0,0,0,0,1,1,0,1,0,0,0,1,2,2,1,0,1,3,2,0,0,215,232,10,0,0,0,0,0,0,0,2,3,0,0,0,0,0,0,0,0,0,0,0,4,1,0,2,0,239,198,0,0,0,0,0,3,0,2,0,0,0,3,0,0,0,0,0,0,0,2,0,0,1,0,0,1,110,252,107,0,0,2,3,1,0,3,2,0,0,1,0,0,0,0,0,0,0,0,5,2,0,0,0,0,6,138,253,107,0,2,3,2,0,0,1,0,0,2,0,1,1,0,0,1,0,0,1,0,1,2,1,0,0,11,136,254,134,2,1,2,3,1,1,0,0,0,0,0,3,0,0,0,2,0,1,0,1,0,0,1,0,0,13,159,254,93,0,0,0,1,0,1,2,0,0,0,0,0,2,2,0,0,0,0,1,2,0,0,0,0,0,15,186,171,3,0,0,1,1,0,0,0,1,0,2,0,0,0,0,0,1,0,0,1,0,0,0,0,5,2,100,237,0,0,0,0,0,1,2,0,0,0,1,0,0,0,0,1,1,0,0,0,0,1,0,0,0,42,244,213,0,0,0,0,2,0,0,0,1,4,0,1,2,0,0,0,1,0,1,4,1,0,73,174,101,220,250,76,2,0,2,0,0,3,0,0,5,0,0,0,2,3,0,1,0,0,0,1,1,0,89,253,254,239,79,1,0,2,0,0,0,0,1,0,0,3,3,0,0,1,0,0,4,2,0,0,3,2,13,131,110,22,1,0,1,0,0,0,3,0,0,0,3,0,0,0,0,0,1,1,0,1,0,1,3,0,0,3,0,0,1,1,0,0,1,0,0,0,0,0,0,1,1,0,0,1,0,1,0,0,3,0,0,1,0,0,0,0,0,1,2,1,0,3,0,0,0,3,1,2,0,2,0,1,0,0,0,0,0,1,0,0,0,0,0,3,3,1,1,0,2,0,0,5,0,0,0,1,0,0,2,0
0,0,0,0,0,0,0,3,0,0,1,0,0,2,0,0,1,0,3,0,0,2,0,0,0,0,0,0,2,0,1,1,0,1,0,0,0,0,1,0,0,3,0,0,0,0,0,0,0,1,2,0,2,0,3,1,0,0,2,3,0,0,0,0,1,0,2,0,0,1,0,0,2,1,0,0,0,0,1,0,0,0,1,0,1,0,0,1,0,1,0,0,0,3,0,1,1,0,3,4,0,0,0,0,0,0,1,0,0,2,0,0,0,4,0,2,2,1,2,2,2,0,1,0,0,2,1,2,0,0,5,0,2,0,0,0,0,2,1,1,1,3,0,1,0,0,0,0,1,0,163,255,47,1,1,0,0,0,2,0,0,0,0,0,0,2,0,1,0,1,2,3,3,3,1,1,0,0,204,248,49,1,0,0,0,0,0,0,0,1,0,3,0,2,2,3,0,0,0,3,0,3,0,3,4,30,233,253,49,0,1,0,20,39,0,0,2,0,0,1,1,4,3,0,0,0,1,0,0,1,0,0,0,179,248,149,32,0,0,0,185,202,0,0,0,0,1,0,0,2,0,1,0,0,0,0,1,0,2,0,21,254,192,0,0,0,4,2,201,213,10,4,0,0,1,1,0,0,0,0,0,0,0,4,1,0,4,0,143,251,70,1,0,2,2,0,201,255,51,2,1,0,0,1,1,0,0,1,0,1,3,2,0,2,1,29,234,252,51,0,0,2,1,0,205,241,40,0,2,0,0,3,0,0,0,2,1,0,1,2,1,0,0,53,251,215,6,0,0,2,0,2,202,206,0,0,1,105,20,0,0,3,1,0,0,1,0,0,1,2,0,154,255,170,34,0,2,0,0,31,210,235,110,173,254,205,17,0,0,1,0,0,0,3,1,0,0,1,0,111,247,254,228,200,198,206,200,232,253,251,250,252,171,22,0,0,0,0,0,0,4,0,0,0,0,1,4,22,181,236,253,254,252,255,251,255,251,243,163,81,0,0,0,0,0,0,1,0,0,0,0,0,3,0,1,0,1,30,51,51,93,152,147,214,254,165,0,0,0,0,3,0,2,0,2,0,0,1,0,0,2,0,0,2,3,1,2,0,1,5,0,150,253,104,2,1,0,0,1,0,1,0,0,5,1,0,2,0,2,0,0,3,0,1,2,1,0,2,2,192,252,103,1,2,0,0,0,0,0,0,0,1,0,1,0,2,0,0,2,0,0,0,0,0,0,0,2,253,252,1,1,0,0,1,1,0,0,0,0,0,3,0,0,1,0,1,0,2,2,0,1,0,2,0,0,255,248,0,1,0,1,1,3,2,0,1,3,0,0,0,0,1,1,0,0,0,1,1,0,0,1,1,103,254,132,0,1,3,0,1,0,0,2,0,1,1,0,6,0,0,0,0,0,0,0,1,5,0,0,0,142,251,51,2,0,2,0,1,0,0,1,0,0,0,0,0,2,2,0,0,0,0,1,0,2,0,0,1,105,255,51,1,2,0,0,1,0,2,0,0,0,0,0,0,0,0,0,2,4,0,0,0,2,0,0,0,19,254,132,0,0,0,2,0,0,0,0,0,1,0,0,0,0,0,0,0,0,0,0,0,3,0,0,0,0,1,1,0,2,0,0,2,0,0,1,3,0,0,2,2,2,0,0,1,0,0,0,0,0,0,0,0,0,0,0,2,0,0,0,1,1,0,1,0,1,2,0,0,0,0,3,3,0,0,0,0,0,0,3,0,4,0,0,1,1,0,0,0,0,0,0,0,1,2
3,0,0,3,0,0,0,0,0,3,2,0,0,1,2,0,2,0,0,0,0,0,2,2,2,0,2,0,0,0,2,0,1,2,0,0,0,0,0,0,4,0,0,0,0,0,0,0,2,0,0,0,3,2,0,0,0,0,0,1,1,2,0,1,3,0,2,0,5,0,1,0,1,3,0,0,0,1,0,1,0,1,0,0,0,0,0,3,3,0,1,0,0,0,0,0,0,0,3,0,1,0,0,0,0,0,0,0,2,0,0,0,0,1,2,0,2,0,0,2,0,1,0,0,0,32,200,175,219,126,6,0,0,0,0,0,0,0,0,0,2,0,0,0,0,0,0,0,1,0,0,0,17,197,255,254,255,251,189,0,1,0,0,3,0,0,0,0,1,0,0,0,0,0,3,0,3,0,0,35,246,253,255,194,153,231,243,76,1,0,0,1,0,0,1,0,0,0,0,0,0,0,0,2,0,1,10,189,253,211,57,1,2,9,169,202,3,1,0,0,0,0,0,1,0,1,1,1,2,0,0,0,2,1,191,252,192,20,1,0,0,0,44,246,38,0,2,3,2,0,0,1,1,1,0,0,0,0,0,0,1,58,250,240,15,1,0,2,2,1,42,254,116,2,0,2,0,1,1,1,0,0,1,1,2,1,2,0,0,174,255,144,2,0,1,3,0,0,41,254,116,0,0,2,1,2,0,0,0,0,0,0,0,0,0,0,8,224,235,26,0,0,0,0,0,0,39,254,142,0,0,0,3,1,0,0,4,0,0,2,0,0,1,0,143,253,124,1,0,0,0,2,1,1,31,243,116,0,0,0,3,0,1,0,1,0,0,0,0,0,1,55,254,253,37,2,0,1,2,1,2,2,39,254,192,3,1,1,1,0,1,0,0,1,1,0,0,0,0,116,252,169,0,0,3,1,1,3,1,0,40,255,196,1,0,0,0,2,0,1,0,2,2,0,1,0,4,195,252,44,0,0,0,0,1,1,3,0,40,255,197,1,0,0,0,0,3,0,1,0,0,0,0,0,1,196,236,25,0,2,2,0,0,0,0,0,84,254,161,1,0,0,1,1,1,0,0,1,3,0,0,0,2,198,214,3,0,0,1,0,1,0,0,36,242,248,73,1,0,4,0,3,0,0,0,0,0,1,0,0,1,195,212,0,0,2,0,1,0,1,15,212,255,203,1,3,0,0,3,0,1,0,1,0,0,1,1,0,1,113,247,34,2,1,0,1,2,4,124,252,255,117,0,1,0,1,0,1,0,0,0,0,0,0,1,0,0,16,225,117,8,0,1,0,23,203,253,254,212,21,0,0,0,0,1,1,0,0,0,0,2,0,2,0,0,0,159,253,231,155,149,146,240,253,255,213,29,0,0,2,0,0,0,3,0,0,0,2,3,0,0,1,0,2,22,206,255,255,252,255,255,252,160,8,0,0,0,0,0,0,0,4,0,0,0,2,0,0,1,0,0,0,0,1,78,215,254,253,171,83,0,0,1,1,0,0,0,0,1,0,0,0,0,0,0,0,0,0,4,2,1,0,0,0,0,3,0,1,0,2,0,0,2,3,0,1,0,3,0,0,0,0,0,3,2,2,1,1,2,1,2,0,0,0,0,2,0,0,0,0,0,0,0,0,0,1,2,0,1,0,1,0,0,2,0,0,0,0,2,0,0,0,0,2,0,0,0,0,2,1,3,0,0,0,0,3,3,0,0,0,0,0,1,0,0,0,0,1,0,0,0,0,1,0,0,0,0,0,0,2,0,3,1,1
0,0,0,0,0,0,1,0,0,0,2,0,1,1,0,0,2,0,1,2,0,0,2,0,0,2,1,0,3,2,2,0,2,0,0,0,3,0,0,0,3,0,0,0,0,0,2,4,2,0,1,0,1,0,0,0,0,0,0,1,0,0,0,1,0,0,1,0,2,2,3,2,0,0,1,0,0,2,0,0,3,0,3,1,1,0,1,0,1,0,0,5,0,2,0,0,5,2,1,0,0,3,0,1,0,0,2,1,1,1,1,3,0,2,3,0,1,0,2,2,0,0,0,1,0,0,0,3,0,1,1,0,3,2,0,0,4,0,1,1,0,2,0,1,3,2,0,0,1,0,2,0,0,0,0,0,1,0,1,0,0,0,0,0,0,3,0,3,0,1,0,0,1,0,0,0,3,2,0,0,41,71,150,172,254,3,1,0,0,0,2,171,106,0,0,0,0,0,0,1,0,0,0,0,1,19,102,205,243,252,248,134,47,0,0,0,0,0,41,251,192,0,1,0,1,0,0,2,0,0,0,30,91,213,255,255,213,136,63,1,1,0,0,1,0,30,232,255,88,2,0,1,2,0,0,0,0,19,184,237,249,252,210,93,12,0,2,1,1,2,0,1,1,174,255,191,30,3,0,2,0,0,0,0,0,255,254,235,110,0,2,0,0,0,2,0,1,0,0,9,176,252,232,0,0,1,0,0,1,2,1,1,0,172,253,254,173,42,1,7,1,0,0,1,0,1,0,177,252,231,50,0,0,0,0,0,0,0,0,0,0,0,84,193,254,255,171,43,0,0,1,0,0,8,215,255,235,43,0,0,0,1,0,0,1,0,0,0,1,0,0,29,90,214,250,241,163,41,0,3,2,213,254,233,51,1,0,0,3,0,2,0,0,1,0,0,0,0,0,0,1,20,102,216,253,254,167,69,196,254,236,38,0,1,0,0,1,2,0,1,0,1,3,0,1,0,1,1,0,1,0,8,130,213,252,254,251,234,51,0,0,5,0,3,0,1,0,0,0,0,2,0,1,1,0,0,0,0,0,0,0,72,252,255,255,0,0,0,0,0,0,1,0,1,4,0,0,4,1,0,0,0,0,0,0,3,2,0,1,196,254,254,252,120,0,2,0,0,0,0,4,0,0,0,0,3,1,2,0,2,0,1,1,2,0,1,166,254,191,22,203,255,50,0,0,3,2,3,1,0,0,1,0,1,0,0,0,0,0,0,0,0,1,83,245,235,51,0,62,253,129,0,0,2,0,0,1,2,1,0,0,2,0,1,0,0,2,2,0,2,0,251,234,41,0,3,0,235,212,1,2,1,0,0,1,0,0,2,1,0,3,1,0,0,0,0,0,0,80,253,68,0,4,0,0,155,253,0,0,0,1,1,2,0,0,2,2,0,0,1,0,0,2,0,0,0,99,254,72,0,2,0,2,177,252,0,1,0,1,0,0,1,0,1,0,1,0,2,0,4,2,1,0,0,20,252,230,103,20,3,82,255,131,4,2,2,3,0,1,0,0,0,0,0,1,0,1,1,0,1,0,0,0,126,221,255,255,214,254,185,22,0,1,2,0,0,0,2,0,1,0,2,0,2,1,4,0,0,0,1,1,0,19,51,91,150,111,0,1,0,0,0,3,0,2,1,0,4,0,0,0,0,1,0,0,0,2,0,2,3,1,0,0,0,0,2,1,0,0,1,0,0,1,0,0,3,2,0,1,1,0,0,1,1,0,0,0,0,2,0,3,0,0,1,1,0,0,0,0,0,3,0,0,0
1,0,0,2,0,2,0,0,0,0,0,0,0,1,1,0,0,2,2,2,2,1,1,0,0,1,0,0,1,1,1,0,0,3,0,0,0,0,0,2,0,0,0,1,2,0,1,1,1,1,0,0,0,0,0,3,0,0,0,0,2,1,1,0,2,1,4,1,0,0,0,0,0,0,0,1,1,0,0,1,0,0,2,0,6,0,0,6,0,0,1,0,0,0,0,0,3,0,2,2,2,0,3,1,2,0,0,0,0,1,0,0,3,0,0,0,2,1,0,0,0,0,0,0,0,1,0,0,0,0,0,2,1,0,0,1,0,0,0,0,1,0,0,0,0,0,0,3,0,0,2,0,0,0,1,2,2,1,0,0,0,0,3,1,1,0,0,0,0,3,1,0,5,0,0,0,1,0,0,0,0,0,0,0,0,2,0,0,1,0,3,2,1,0,0,0,2,1,4,0,0,1,0,1,0,0,1,0,2,2,0,15,137,217,209,123,0,2,1,0,3,1,2,0,2,0,2,0,0,0,1,0,3,0,0,0,24,86,106,209,253,249,252,210,1,2,0,0,2,2,4,0,2,0,2,0,0,0,0,3,0,0,14,128,237,254,249,250,252,252,251,106,4,0,0,0,3,0,0,0,0,1,1,2,3,0,0,0,1,101,236,251,251,255,255,229,133,109,242,38,46,3,0,2,3,0,1,0,0,3,0,1,1,0,0,0,86,239,253,254,252,167,42,26,11,102,184,238,237,18,0,1,2,0,0,3,1,2,0,0,1,3,0,82,252,255,185,51,2,1,2,13,188,251,254,255,184,3,4,0,0,0,0,0,3,3,0,3,0,0,2,167,247,151,14,0,0,0,149,213,241,226,174,250,152,7,2,0,2,0,0,0,0,0,3,0,4,0,11,211,252,170,126,137,234,230,253,244,123,13,161,255,62,0,2,0,0,0,1,3,0,0,1,0,0,2,8,197,254,253,252,252,252,254,252,97,0,41,238,255,62,0,0,0,0,0,0,0,0,0,0,0,1,3,1,78,248,255,255,249,185,104,86,9,0,106,253,174,13,3,0,0,0,1,1,1,1,0,2,0,1,0,2,1,1,108,109,12,0,2,0,0,32,218,255,3,0,2,0,1,1,0,1,0,0,0,0,0,0,0,1,0,3,4,0,0,1,0,5,0,131,254,220,1,1,0,0,0,0,0,0,1,1,0,2,0,4,0,2,1,2,1,0,0,0,2,0,4,180,253,93,2,0,0,0,0,1,0,1,1,0,0,0,0,0,2,0,1,2,0,0,0,0,0,0,56,246,207,13,0,1,0,3,2,0,1,2,0,0,1,0,3,0,0,0,0,2,0,2,0,0,2,1,87,252,192,0,1,0,0,0,0,1,0,0,0,0,0,0,0,0,0,0,0,0,3,0,0,3,1,1,191,250,85,0,2,0,0,4,0,0,0,0,0,3,0,0,1,2,0,1,1,1,1,0,1,0,0,3,190,245,56,0,0,1,0,0,0,0,3,2,0,0,1,0,0,0,0,0,1,0,0,2,0,2,0,23,222,180,0,0,0,0,0,1,3,0,1,0,2,3,0,1,0,4,1,0,0,0,1,0,2,0,0,43,253,126,2,0,1,0,3,1,0,0,1,1,2,0,1,0,0,0,3,1,0,0,0,2,0,0,3,28,154,21,0,0,0,2,0,0,0,1,1,1,0,2,2,1,0,0,1,0,5,0,0,0,0,3,0,0,1,0,0,1,2,0,2,0,3,0,0,0,1
1,0,0,0,3,0,1,1,1,0,0,0,0,0,0,0,1,2,3,0,0,4,0,2,3,0,1,1,4,0,0,1,0,0,0,0,0,2,1,0,0,0,0,2,1,0,0,3,0,0,0,1,0,0,0,0,0,0,0,0,0,3,1,1,5,0,2,2,0,0,0,0,0,1,0,1,0,3,0,0,0,1,0,0,0,0,0,0,0,0,0,2,2,1,0,1,3,0,1,1,0,1,1,0,0,0,0,0,1,1,1,4,0,0,1,3,0,0,0,0,0,0,0,1,1,0,0,1,0,0,1,0,0,1,0,2,0,1,1,0,3,1,0,2,2,0,0,0,1,0,3,1,0,3,0,1,0,0,0,2,2,0,1,0,0,1,2,0,0,0,1,0,0,0,3,0,0,1,0,2,1,0,0,0,0,0,1,4,0,0,0,0,2,0,1,0,0,0,0,0,1,3,0,0,1,0,56,164,248,253,254,247,131,0,0,1,0,0,1,0,2,0,0,2,0,0,1,3,0,0,1,0,9,132,249,238,193,189,160,197,251,150,5,0,0,0,3,1,1,1,0,0,0,1,1,0,2,0,0,1,87,254,176,19,0,0,0,2,191,255,150,23,0,2,1,0,2,0,2,0,0,2,0,0,0,0,0,32,242,203,0,0,1,3,0,27,242,253,253,124,0,0,0,0,0,0,2,0,1,2,2,0,1,0,0,36,254,153,2,1,2,0,4,105,254,255,246,244,30,0,2,0,0,0,0,0,0,0,0,0,1,0,0,11,213,218,5,0,1,1,0,107,253,160,158,215,10,0,3,0,0,0,2,1,0,0,0,1,0,0,0,0,51,255,227,2,0,1,0,17,254,112,220,170,0,0,0,1,0,1,3,0,2,0,0,0,1,0,0,0,2,106,255,226,109,8,0,163,248,250,236,50,1,1,0,0,0,0,0,2,0,2,0,0,0,0,1,0,0,5,77,191,254,238,240,250,255,233,78,0,0,1,0,0,0,0,0,1,1,0,2,0,0,0,0,0,0,1,0,0,28,127,250,255,156,20,0,5,3,1,0,0,0,2,0,2,0,2,0,0,1,0,1,0,0,2,0,1,1,1,209,228,13,1,3,1,2,0,0,0,0,1,0,3,3,0,1,0,1,0,2,0,0,1,1,0,3,72,244,111,2,0,0,0,0,1,0,3,0,0,0,0,0,0,2,0,2,0,5,0,1,3,0,0,1,196,242,37,0,0,0,0,1,1,0,1,1,0,0,0,0,0,0,0,0,0,1,0,0,0,0,2,1,223,195,3,3,3,2,0,1,1,0,0,0,4,0,0,0,0,0,0,0,0,0,0,1,2,2,0,0,224,134,0,3,0,2,1,0,1,3,0,0,0,2,0,0,3,0,3,0,0,0,1,0,3,0,0,53,250,82,1,4,0,2,0,0,0,1,0,0,0,2,0,2,3,2,3,0,0,0,2,0,0,2,1,59,255,92,0,1,2,0,1,0,0,1,0,1,2,0,0,0,1,2,0,2,0,0,0,2,0,2,0,131,252,101,0,0,0,0,0,0,0,1,0,1,0,0,0,1,1,0,0,2,1,0,1,2,3,1,1,150,255,131,2,1,0,0,0,0,0,0,0,2,1,0,2,1,0,0,0,1,0,0,3,0,0,0,0,119,255,136,0,0,0,0,4,1,0,2,1,2,0,1,0,0,0,0,2,2,0,0,1,0,0,1,0,2,0,0,1,0,0,1,1,0,1,0,0,1,0,0,1
0,1,0,0,0,3,0,0,0,0,0,3,3,2,3,1,0,0,0,0,0,0,0,0,1,0,2,0,1,1,0,0,0,1,0,0,1,0,1,1,0,1,0,0,0,2,0,0,0,1,0,2,0,0,2,0,2,1,2,0,0,0,0,0,0,1,1,5,0,0,1,0,0,1,0,2,0,0,3,0,0,0,0,0,0,0,0,1,1,0,0,0,1,0,1,2,2,0,0,0,0,0,1,0,0,0,1,0,2,0,0,0,0,0,3,0,1,0,0,0,1,2,0,0,0,2,0,0,85,202,0,2,1,2,0,0,1,0,0,0,1,3,1,3,0,3,0,0,3,0,0,3,2,0,1,47,238,238,2,2,2,0,4,3,0,1,0,0,2,0,2,0,0,0,2,0,0,0,0,0,0,0,0,104,254,173,0,0,0,1,0,0,0,0,0,0,1,2,2,3,0,0,0,0,1,0,3,0,2,1,2,116,251,96,0,0,1,0,0,0,3,0,0,0,0,5,2,0,0,0,3,0,0,0,0,0,0,0,0,204,254,41,0,0,0,1,1,0,0,1,1,0,0,2,2,0,1,0,0,0,3,1,3,1,0,2,46,250,197,5,2,1,0,0,1,0,0,0,0,0,1,0,1,1,0,0,0,0,2,0,0,0,0,0,123,255,194,2,2,3,0,0,2,0,2,1,0,2,0,0,0,0,0,0,1,2,0,1,0,0,0,3,148,251,105,1,0,0,0,2,0,0,0,2,3,0,0,0,3,0,0,0,2,0,0,2,1,0,1,0,228,250,25,0,0,0,0,0,1,0,2,2,0,0,0,0,0,0,0,1,0,0,2,0,0,0,0,60,250,188,0,1,0,0,2,0,0,2,1,0,0,0,5,0,1,1,0,1,3,5,0,0,1,1,1,174,255,148,1,0,0,0,0,1,1,0,0,0,0,0,0,3,0,0,0,2,0,0,1,0,0,2,0,195,252,148,0,0,2,0,1,0,0,0,0,0,0,3,2,0,2,0,0,1,0,0,0,2,0,0,0,197,237,43,0,1,0,0,0,0,2,0,0,0,1,1,1,0,0,2,2,3,0,2,0,0,0,1,23,236,204,2,0,2,1,0,1,0,1,0,1,0,1,0,0,1,0,0,0,0,0,1,0,0,2,0,49,253,115,0,2,0,0,0,2,0,0,0,1,0,1,2,1,2,3,2,0,0,0,2,0,0,0,3,139,255,106,0,2,0,0,0,0,0,0,0,1,0,0,1,0,0,0,1,3,0,0,0,0,0,0,0,232,255,51,2,1,0,0,0,1,0,0,0,1,0,0,2,1,0,0,0,2,0,0,0,1,0,1,0,242,222,4,2,0,0,2,1,0,2,0,0,0,0,0,0,0,2,0,0,2,0,0,0,1,0,0,0,242,160,1,0,0,0,0,0,2,2,1,0,0,0,0,0,2,0,0,2,0,1,0,0,0,0,2,1,239,234,5,0,0,0,1,2,0,3,0,1,4,3,2,0,1,2,1,2,4,0,3,1,0,0,0,0,0,1,2,1,0,1,0,0,2,2,0,2,0,0,0,1,1,0,0,0,0,1,1,1,0,0,0,0,3,2,0,0,0,0,0,0,1,0,1,0,0,0,0,0,0,0,0,0,1,0,0,3,3,0,1,4,0,3,0,0,1,0,0,1,1,0,0,1,0,0,1,4,0,3,2,4,0,0,0,2,0,0,0,0,0,0,0,0,0,0,2,0,1,0,1,0,0,0,0,0
0,0,3,0,3,0,0,0,0,0,1,0,0,1,0,0,0,0,1,0,1,0,0,0,0,1,0,0,0,1,0,0,1,0,0,0,1,1,0,0,0,0,0,1,0,2,0,1,1,0,0,0,3,0,3,1,1,0,2,0,4,1,4,3,0,0,0,0,0,2,0,0,0,0,3,0,0,0,0,0,2,4,2,2,0,0,1,0,0,0,4,3,2,0,2,1,3,0,2,0,0,0,0,0,0,0,0,1,0,0,0,4,2,0,0,1,3,0,4,0,0,2,0,3,2,0,0,0,0,4,0,2,0,2,1,0,2,0,0,0,0,0,4,1,0,2,0,0,0,0,0,0,2,0,0,0,0,1,0,0,0,3,0,0,0,0,0,0,1,0,3,0,0,1,1,0,1,2,3,0,0,5,20,20,5,0,3,2,3,1,0,0,0,0,0,0,1,1,0,0,0,0,0,5,1,0,2,1,7,135,255,254,127,1,2,1,0,13,14,1,0,0,0,0,3,0,0,1,4,0,0,0,0,2,0,43,174,253,252,197,71,0,0,1,0,105,155,2,1,1,0,2,0,1,0,0,0,1,1,0,1,0,43,227,255,247,126,24,2,1,1,0,0,105,254,90,1,0,2,1,2,0,1,2,0,0,1,0,2,103,221,251,226,164,0,1,0,1,1,0,3,86,250,156,3,0,2,0,0,0,0,0,0,2,0,4,124,227,251,201,27,1,0,0,1,0,2,3,0,0,240,253,31,0,2,0,0,0,0,0,0,0,3,71,253,251,199,24,2,2,0,0,0,0,0,1,0,0,239,252,128,0,2,2,1,0,0,0,0,1,101,254,255,236,24,0,0,0,2,0,1,0,0,0,2,3,207,253,130,3,0,0,2,2,0,1,0,0,133,255,248,102,0,0,0,0,0,2,0,0,1,0,3,2,113,253,162,0,0,2,0,2,2,0,0,43,231,248,99,0,0,2,0,1,1,5,0,1,0,0,0,1,205,254,216,0,0,1,1,2,2,1,0,232,252,234,0,0,0,3,0,1,0,0,0,0,1,33,132,205,251,254,92,0,0,3,2,0,0,0,2,152,255,234,0,1,2,2,2,2,0,67,123,211,211,227,255,217,168,109,0,0,0,0,0,0,0,2,0,18,211,254,146,99,99,98,180,223,219,247,253,255,226,160,50,22,0,2,0,0,0,1,0,0,0,2,1,3,25,162,251,255,253,255,255,229,228,178,154,118,22,2,2,1,0,0,2,0,2,0,1,0,0,0,1,0,1,2,23,42,70,23,22,19,19,2,0,0,0,2,0,2,1,0,0,2,0,1,2,0,3,0,0,0,0,1,3,0,2,0,4,0,0,2,0,0,0,3,0,1,0,3,2,0,0,0,2,2,3,0,1,0,0,0,0,1,2,0,1,2,1,0,0,0,0,0,1,1,1,3,0,3,0,0,0,0,0,0,0,0,0,0,0,0,0,2,0,0,2,2,1,0,0,1,1,0,1,0,0,0,1,0,0,3,1,1,0,2,1,1,0,0,0,1,1,0,2,0,0,0,0,2,0,0,0,0,0,1,0,0,0,0,0,0,0,0,0,1,1,1,0,0,1,0,1,1,1,0,0,0,1,1,2,1,4,0,0,2,0,1,0,0,0,0,0,0,0,2,0,0,0,0,1,0,0,0,0,0,0,0,0,0,0,0,1,2,1,0,3,2,0,5,0,1,0,2,0,1,1,0,0,0,0,1,2,2,2,1,2,0,1,0,0,0
4,2,0,1,0,2,3,0,0,0,0,0,0,2,2,0,4,0,2,4,0,0,4,0,0,2,0,0,3,0,3,2,0,2,1,4,0,1,0,1,2,2,3,1,1,0,0,2,2,0,2,3,0,0,1,0,0,0,1,2,0,0,2,2,5,0,1,2,0,1,0,0,0,0,1,0,2,0,1,1,3,0,0,0,0,1,0,1,2,0,0,0,0,0,0,4,0,0,0,0,0,2,1,0,1,2,0,0,0,0,0,0,0,2,0,0,0,0,0,0,0,0,1,0,0,0,2,0,0,0,0,1,0,0,0,0,0,3,0,0,0,0,0,0,1,0,0,0,0,2,0,0,1,79,206,252,254,254,181,107,34,0,2,1,0,1,0,0,1,3,1,0,0,0,1,0,2,2,0,1,46,229,252,255,255,252,251,254,241,0,3,0,0,2,0,0,0,2,0,0,0,0,1,0,0,0,5,41,244,254,198,126,136,106,157,153,149,0,0,1,0,2,4,0,0,2,0,1,0,1,1,0,0,2,6,201,252,91,4,0,0,0,0,0,0,2,1,1,2,2,0,2,0,1,0,2,1,0,0,0,0,0,85,254,180,12,0,1,0,2,0,0,2,0,0,0,0,0,0,2,0,0,0,2,2,0,3,2,0,31,216,218,12,4,1,0,1,1,2,1,1,0,0,1,0,0,1,1,0,0,1,0,1,0,0,0,6,188,244,61,0,3,0,2,1,0,0,0,1,0,0,0,0,1,2,0,2,0,2,0,0,2,1,4,180,255,115,2,1,0,3,16,45,4,2,1,0,1,2,2,0,0,0,1,0,1,1,1,0,1,2,104,253,251,137,98,192,191,189,208,254,134,25,0,2,1,0,0,0,0,0,0,1,0,1,0,2,0,0,85,249,251,250,255,254,255,240,172,254,249,137,0,4,1,1,0,2,3,0,0,1,2,0,1,0,0,0,13,160,109,114,45,1,0,1,0,91,136,254,167,0,1,1,0,0,0,0,0,0,1,2,0,0,0,0,0,0,0,4,0,1,2,0,3,0,162,252,165,0,2,0,1,0,2,0,0,3,1,0,1,0,0,2,0,4,0,1,0,0,4,2,1,0,243,255,123,0,0,0,0,0,4,0,0,0,0,2,0,4,1,0,0,0,0,2,0,4,2,0,35,226,252,225,27,1,0,0,1,3,0,1,0,0,2,0,0,0,0,0,0,1,0,0,2,0,0,8,158,253,255,173,0,0,0,0,1,0,0,0,2,0,0,0,2,3,2,0,0,0,3,0,0,1,35,159,253,252,197,20,1,0,1,1,1,1,0,3,2,4,0,2,2,0,1,0,1,4,0,2,1,93,230,254,249,147,19,1,2,2,3,0,0,0,0,2,0,0,0,1,0,0,0,0,43,17,15,54,173,254,252,226,108,0,0,1,1,0,0,1,1,2,0,0,5,0,4,0,2,0,0,0,207,210,209,255,252,254,138,29,1,1,0,0,0,0,0,0,0,0,0,1,0,0,0,0,1,0,2,2,17,128,250,195,78,36,7,0,0,1,2,1,0,0,0,4,0,3,1,0,0,0,0,0,0,0,2,4,1,0,0,2,0,0,0,0,0,0,0,2,0,1,0,1,1,1,0,2,0,0,1,1,0,2,0,0,1,0,0,2,0,1,1,0,0,0,0,2,0,2,0,1,0,0,0,0,1,0,1,0,0,0,0,0,2,0,2,0,2,0,0,1,0,0,2,0,0,5,1,0,1,0,0,0,0
0,1,0,2,0,1,1,0,0,0,2,0,0,1,0,0,2,0,0,2,0,0,0,1,0,0,1,1,0,0,0,0,1,0,0,0,0,1,0,0,0,1,0,3,0,4,1,0,4,0,0,0,0,0,0,0,2,0,0,0,0,5,2,0,0,1,0,4,0,0,1,1,0,0,1,0,0,1,2,0,0,0,0,1,0,4,0,0,0,0,0,0,0,1,1,0,0,0,0,0,1,1,0,0,2,3,0,0,1,0,1,0,1,0,2,0,0,1,2,0,0,1,0,3,0,3,1,129,126,191,254,254,255,127,63,0,1,2,0,0,0,0,0,0,0,3,0,1,0,1,1,0,62,190,254,255,255,253,255,255,255,255,254,63,0,1,1,0,0,0,2,0,0,1,1,0,1,0,0,0,189,255,251,255,255,255,251,127,190,255,255,254,1,0,0,0,0,0,0,1,2,3,0,2,0,2,0,64,254,255,128,65,1,126,0,2,1,128,255,255,2,2,1,1,1,0,0,0,2,0,2,0,0,0,2,66,128,0,0,2,0,0,0,3,0,128,254,190,1,0,0,0,4,0,0,0,0,0,0,3,0,0,0,0,0,3,0,2,0,1,0,2,64,253,255,1,2,1,0,2,1,0,0,0,0,0,0,2,0,1,0,1,0,0,0,0,2,0,2,63,253,255,192,0,0,1,0,0,1,3,0,0,0,0,1,0,2,0,2,1,0,2,0,0,0,1,190,255,255,127,0,0,2,0,0,0,0,0,3,0,0,4,0,0,0,0,1,1,0,2,1,0,131,255,255,127,0,0,0,2,1,0,0,0,3,5,2,0,0,0,0,2,0,0,0,0,1,1,67,190,255,254,66,0,0,0,1,2,1,1,3,0,0,0,1,0,0,0,0,1,0,0,1,0,0,65,254,255,197,64,0,1,0,0,0,0,0,1,0,0,4,3,1,3,0,1,2,2,0,0,0,63,193,255,192,65,0,1,0,0,0,0,1,0,1,2,0,0,0,2,0,2,1,0,0,0,0,1,130,255,253,190,0,2,0,0,1,1,2,2,1,1,1,0,0,0,0,3,1,1,0,0,0,2,67,188,255,254,125,0,0,0,0,2,0,1,1,0,0,0,3,0,0,1,0,0,0,0,1,1,65,125,255,254,255,0,0,2,0,65,127,129,255,189,64,0,1,2,1,0,1,2,0,0,0,0,0,64,254,252,253,61,0,0,0,69,255,255,254,253,188,2,0,1,0,2,0,1,0,0,1,0,2,0,1,255,255,255,254,255,254,255,255,253,251,253,253,1,2,1,2,0,0,0,0,0,1,0,0,0,2,1,128,255,254,251,255,255,254,255,255,254,128,65,0,0,0,0,0,1,0,0,0,0,0,0,0,0,4,0,192,255,253,255,255,255,193,128,65,1,2,0,1,2,0,0,0,0,0,0,0,1,0,3,1,0,0,0,0,2,128,126,0,0,0,0,2,0,0,0,2,1,0,1,1,1,3,3,0,0,0,0,0,2,0,0,0,0,0,0,2,0,1,0,0,0,2,2,2,1,1,0,2,1,0,2,1,0,4,1,1,0,0,1,0,1,3,1,0,0,0,0,1,2,0,0,2,1,1,0,0,1,2,1,0,0,0,0,0,2,1,0,0,0,1,3,0,0,1,0,0,0,0,0,0,0,0,2,0,1,0,0,0,2,3,0,0,1,0,1,0,3,1,0,0,2,2,1,0,0,4,0,0,3,0,3,1,0,1,1,0,0,2,0
0,0,0,1,0,0,0,0,0,0,0,0,1,0,0,3,0,2,0,0,0,0,0,1,0,2,1,0,1,3,1,0,0,1,0,1,0,0,0,0,1,0,1,1,0,3,2,0,1,0,0,0,0,0,3,2,0,3,1,1,3,1,0,0,0,0,2,0,4,2,5,3,0,0,3,0,1,0,1,1,0,1,0,1,0,2,1,0,0,0,0,4,0,2,3,0,0,0,3,0,0,0,0,0,3,0,0,4,0,1,0,3,0,0,3,0,0,0,0,0,5,22,76,133,140,164,252,255,253,193,118,2,1,0,0,0,0,0,2,3,0,0,0,2,0,0,9,123,191,252,248,254,253,252,255,254,250,252,241,77,11,0,1,0,0,0,0,0,0,0,0,2,2,66,189,255,253,251,253,245,198,173,85,79,82,142,252,252,151,0,1,0,0,0,1,2,6,1,0,0,17,252,252,250,251,192,75,58,2,0,2,1,0,48,252,253,235,39,0,0,1,0,3,3,0,0,0,0,115,253,255,186,67,8,0,0,0,0,0,0,1,174,253,254,199,7,1,1,0,0,0,0,1,0,0,0,28,249,158,10,1,1,0,0,1,0,3,0,149,252,254,255,85,0,0,2,0,0,0,0,0,1,1,0,0,11,2,0,0,0,1,1,0,0,5,106,243,253,253,146,3,0,0,1,0,0,3,0,2,1,0,1,2,0,0,0,0,0,4,1,1,21,149,253,251,253,216,0,0,0,0,1,1,0,0,0,3,0,1,0,0,1,0,0,1,0,0,52,158,226,254,253,255,227,41,0,1,0,0,1,0,0,1,3,0,0,2,2,0,1,0,3,0,23,118,249,252,252,254,251,254,213,156,1,0,0,3,0,0,0,0,0,1,0,0,0,2,4,0,1,0,105,255,253,252,250,254,253,253,255,246,119,54,0,2,0,2,0,0,0,0,0,0,0,1,0,1,0,1,71,246,253,254,188,69,43,42,102,171,254,244,91,3,0,0,0,0,0,1,1,0,4,2,0,2,0,0,0,80,129,21,8,5,1,0,0,18,214,253,246,29,0,0,0,1,1,1,1,0,0,0,0,1,0,0,1,0,1,1,0,0,0,0,3,3,27,221,254,202,8,2,0,0,0,0,0,4,3,0,21,123,8,1,1,0,0,0,0,0,0,0,3,1,19,191,251,251,18,1,0,1,3,0,1,1,0,0,29,242,157,30,0,0,0,0,3,0,0,0,6,60,224,255,254,250,13,1,3,0,0,0,0,0,2,0,3,168,250,228,135,36,1,0,0,18,65,66,186,253,255,251,250,150,7,2,0,0,0,0,0,0,0,0,0,61,232,252,253,229,200,202,202,219,252,255,254,253,250,255,148,7,0,0,0,0,1,1,2,0,0,0,1,0,25,76,244,253,253,250,250,255,250,255,253,244,151,70,8,1,0,0,0,0,1,0,4,2,1,4,0,1,1,0,15,189,252,252,253,252,152,132,73,20,0,0,0,0,0,0,0,0,2,0,0,2,0,0,0,0,0,0,0,3,3,3,2,0,0,0,3,0,0,0,0,4,0,2,0,2,1,0,0,0,0,0,0,1,0,4,0,0,0,1,0,3,0,0,5,0,0,0,0,0,0,1,0,0,0,2,2,0,1,1,0,0,0,0,2,1,0,0,0,0,0,0,0,0,0,3,0,2,1,0,0,0,0,0,2,2,0,0,0,1,1,2,0,1,1,1,0,1,0,0,1,0,2,2,2,0,3,0,0,0,1
0,1,0,0,4,2,0,3,0,0,0,1,0,0,2,1,4,0,3,0,1,0,0,2,3,0,0,0,0,0,0,0,2,0,0,0,1,0,1,0,1,0,0,4,2,2,2,0,3,0,1,0,0,3,2,0,0,0,0,0,0,0,1,0,2,0,0,1,1,0,3,0,0,0,2,1,1,0,1,3,0,2,1,1,1,0,3,2,1,1,0,0,0,1,1,1,0,0,0,1,3,0,0,1,2,1,0,0,1,0,0,0,0,1,1,0,2,0,0,0,1,0,0,0,0,0,0,0,3,0,0,0,1,0,0,0,0,0,0,3,1,0,0,1,0,0,0,0,2,1,1,2,5,1,0,1,0,0,1,0,1,0,0,0,2,0,3,0,1,0,0,0,0,1,0,0,2,0,0,0,0,0,0,0,2,1,3,0,3,1,0,0,0,0,0,0,4,0,0,0,1,38,255,255,255,147,77,125,20,75,55,83,81,22,20,13,0,0,2,0,0,0,1,0,0,2,1,0,0,35,254,254,250,254,252,254,254,253,255,254,252,253,252,235,60,0,3,1,2,0,0,0,2,0,0,1,0,30,233,255,255,251,228,253,253,254,227,253,253,252,255,252,233,38,0,0,1,1,2,1,0,3,1,1,0,0,45,64,62,64,34,75,109,66,70,85,171,218,255,251,254,140,0,0,0,1,0,3,0,0,0,3,1,1,1,0,0,0,0,2,2,0,0,0,1,129,253,253,253,169,1,2,0,0,0,0,0,3,0,3,0,2,0,0,1,1,0,0,0,2,0,0,0,179,251,251,228,97,1,0,0,0,0,0,1,0,0,1,4,0,0,3,0,0,0,0,1,2,3,1,167,251,253,252,132,0,1,2,0,1,0,0,0,2,0,5,0,2,0,2,3,0,1,1,0,2,0,0,230,255,255,249,64,0,2,3,1,0,2,0,1,0,2,1,1,2,0,0,1,0,2,0,0,0,0,78,245,255,239,92,0,0,0,6,1,1,0,0,0,0,0,0,2,0,0,3,0,2,0,0,0,0,22,221,253,252,231,25,1,3,0,1,0,2,1,0,0,0,3,2,1,0,0,0,3,0,0,2,1,1,80,255,251,250,100,0,0,0,0,0,2,0,1,0,0,2,0,0,4,1,0,2,0,3,1,3,0,0,175,254,254,240,0,2,0,0,1,4,0,0,0,0,0,0,0,1,1,0,0,0,1,0,0,2,0,77,221,253,255,82,2,0,0,2,0,0,0,0,1,0,0,0,0,0,0,0,0,0,3,0,2,6,110,255,255,254,188,4,0,0,2,2,3,2,0,2,2,0,0,0,0,2,2,0,0,0,1,3,0,37,251,250,254,252,26,0,0,0,1,2,3,0,0,0,2,3,0,0,0,0,1,0,0,3,3,1,2,165,252,255,252,189,9,0,0,0,0,1,0,0,3,2,2,0,1,0,0,0,0,0,0,0,1,2,93,252,253,254,200,64,1,1,1,1,0,0,1,3,0,0,5,0,1,0,0,1,0,3,1,0,0,2,123,252,254,254,115,4,1,0,0,4,0,2,1,0,0,0,0,0,0,0,2,0,0,1,1,0,4,1,127,253,254,149,9,0,3,1,0,0,0,2,0,0,1,0,1,2,3,0,0,2,3,0,1,0,3,0,11,199,238,42,1,1,0,0,0,0,1,0,1,0,0,4,0,1,0,1,0,3,0,1,1,0,1,4,1,0,0,3,0,0,1,1,1,3,3,1,0,1,1,0,0,0
3,0,0,0,0,0,3,0,2,2,0,0,0,1,2,0,4,0,0,0,1,4,3,0,4,0,1,0,0,0,2,0,0,3,0,0,3,0,2,2,2,0,0,0,0,0,0,0,1,0,0,1,3,0,0,1,0,1,0,0,0,0,0,0,0,0,0,0,0,0,0,0,0,0,0,0,0,0,2,0,0,2,0,0,0,0,0,0,2,0,0,0,2,2,0,2,0,0,3,51,238,222,37,0,0,2,0,1,0,1,3,3,1,0,0,2,0,0,1,0,0,0,0,1,1,10,166,236,252,252,208,0,2,0,1,0,4,0,1,0,1,4,0,0,3,0,0,0,2,0,2,0,47,206,251,254,249,250,144,4,0,0,0,0,0,0,0,4,0,0,0,0,0,2,0,0,0,0,0,25,156,251,254,253,249,255,240,91,0,0,0,0,0,1,2,1,1,0,3,0,1,0,3,1,3,0,0,146,250,252,255,253,251,250,250,251,139,95,1,2,3,2,2,1,0,1,0,0,1,0,1,0,0,0,52,242,252,252,254,255,253,253,252,250,255,169,1,0,0,0,0,2,0,0,0,0,0,1,0,2,0,0,162,252,251,255,201,29,73,185,252,253,251,242,98,1,2,0,0,0,2,0,0,0,1,2,0,1,0,0,254,250,254,200,27,1,0,59,251,252,255,233,75,0,0,0,0,1,4,0,2,0,0,1,0,0,4,0,251,254,252,98,15,12,30,155,250,255,251,166,0,1,0,0,1,0,0,0,0,0,0,0,0,0,0,0,255,253,255,238,205,189,253,249,255,252,253,92,0,0,0,0,0,0,0,0,0,0,0,2,2,2,0,144,254,249,252,251,252,252,253,255,254,251,78,0,1,0,1,0,1,0,2,0,0,0,1,0,0,0,151,240,254,252,251,255,252,250,252,253,255,252,1,2,0,0,0,0,0,0,0,5,0,0,0,0,2,43,239,251,252,251,237,102,135,255,254,252,254,253,134,7,4,2,0,0,0,1,2,0,0,0,1,1,1,150,252,249,253,194,68,0,0,145,249,251,251,250,250,126,1,0,0,1,0,0,0,2,0,1,1,0,45,232,251,250,252,89,0,0,1,1,228,252,252,250,251,167,0,0,1,0,1,0,0,0,0,0,0,0,87,251,255,251,203,16,1,11,114,255,253,254,254,253,252,107,2,0,0,1,0,0,0,0,0,0,2,1,87,250,253,254,245,149,227,226,254,255,251,252,252,250,27,5,0,0,0,0,1,0,0,0,0,0,0,2,85,251,255,252,255,253,254,252,252,254,254,252,244,119,0,3,2,1,0,0,0,0,0,0,1,0,0,0,27,214,253,253,251,255,253,252,253,225,226,222,122,0,3,0,0,0,0,2,0,2,0,0,0,1,0,0,1,121,251,253,255,248,250,158,112,2,0,0,0,3,0,0,2,0,0,2,0,0,3,0,0,0,0,0,1,0,0,0,0,0,0,0,1,2,0,2,2,2,1,0,0,1,0,2,0,3,1,0,2,0,0,0,2,1,0,1,0,1,2,0,0,0,1,0,1,3,2,1,0,0,0,0,0,1,1,2,0,0,0,1,0,3,3,0,1,1,0,0,0,0,2,0,2,0,0,0,0,0,0,1,0,1,1,0,0,2,0,2,0,0,0,2,1,2,0,0,0,1,0,0,1,3,0,0,1,0,0,0,0,1,0,0,0,0,1,2,0,0,0,0,1,2,0,0,2,0,2,0,0,2,0,3,0,1,3,1,0,0
0,0,0,3,3,0,0,0,0,0,1,1,0,0,1,0,1,0,1,0,0,0,1,0,1,0,0,0,0,0,0,1,4,1,2,0,2,2,0,0,0,0,0,0,2,1,0,0,1,3,0,1,0,0,2,0,0,1,0,0,1,0,2,1,0,1,0,0,0,0,1,1,1,2,2,0,0,0,0,1,2,1,0,0,0,0,0,1,0,0,0,1,0,0,0,1,1,2,2,0,0,0,0,0,0,0,1,0,1,0,0,0,1,3,0,1,2,1,0,0,0,3,1,0,1,1,3,2,0,1,0,0,0,0,0,0,2,0,2,0,2,0,0,0,0,0,0,0,0,0,0,0,0,0,0,4,3,0,0,0,1,0,0,1,0,4,2,0,0,0,0,0,1,0,0,0,2,2,42,191,255,253,239,119,0,1,0,2,0,0,0,2,0,0,1,0,1,0,0,3,2,3,5,0,0,45,240,255,223,215,239,251,125,0,0,1,0,0,0,0,0,1,2,0,3,0,3,0,0,2,1,0,0,160,252,157,16,0,41,226,238,54,4,2,1,0,0,1,1,0,3,1,1,0,0,0,0,3,3,0,41,229,214,14,1,1,0,74,254,111,0,0,0,0,0,0,0,1,2,3,1,0,0,0,0,2,3,1,132,255,144,1,1,1,0,5,206,206,7,0,0,1,0,4,0,0,1,1,4,0,1,0,0,1,0,21,227,215,22,1,1,0,2,16,176,249,126,0,1,1,0,0,0,3,1,0,3,0,1,0,0,2,0,113,251,167,0,1,0,0,26,234,254,252,138,0,0,0,0,0,0,0,0,2,0,0,0,1,1,0,0,138,253,97,0,0,0,1,16,222,253,252,136,0,0,4,1,0,0,0,2,0,0,3,0,0,1,3,0,130,253,167,0,0,0,9,114,226,244,255,139,3,2,1,0,1,1,0,3,0,1,2,0,0,0,0,1,12,218,234,170,59,97,169,250,211,164,253,140,1,2,0,0,0,1,0,1,2,0,0,1,1,0,0,0,0,84,235,255,253,255,255,182,22,168,255,139,0,0,0,0,1,0,1,0,0,1,1,2,0,3,3,0,1,0,49,140,134,126,62,3,0,169,253,145,0,0,3,0,1,0,0,1,0,0,0,0,2,3,0,0,3,0,1,1,0,0,0,0,1,167,252,138,2,0,1,2,0,1,0,0,0,1,0,1,0,2,1,0,2,0,0,0,1,0,3,0,1,168,253,138,0,0,1,0,0,2,4,0,0,0,0,0,0,0,1,0,2,2,0,0,0,0,0,0,5,169,253,141,0,0,0,0,0,1,2,1,3,0,0,0,3,0,1,2,1,0,3,0,3,2,0,0,0,167,254,96,0,0,0,0,0,0,0,1,0,1,1,2,0,0,0,0,0,1,0,1,1,0,2,0,0,170,255,47,0,1,1,0,1,1,0,2,0,3,2,0,0,0,3,0,2,1,0,0,0,0,0,0,0,165,252,49,0,2,2,0,1,0,1,1,0,0,0,0,0,0,0,0,0,2,0,2,3,0,1,0,9,239,252,45,0,0,0,0,0,1,0,1,2,1,0,2,2,3,2,0,2,1,1,0,0,0,2,0,7,220,183,13,0,0,0,2,1,0,0,1,4,1,0,1,0,0,0,1,0,1,2,1,2,1,0,0,0,1,2,5,2,0,1,1,0,0,0,0,4,1,3,0,0,1,0,2,0,3,0,0,2,0,0,0,0,0,3,2,0,0,0,0,2,2,3,0,1
2,1,2,0,1,0,0,0,1,0,2,0,1,0,0,2,0,1,0,0,1,0,3,0,0,0,0,1,1,2,2,2,1,1,1,0,1,0,0,0,1,1,0,0,0,0,0,0,0,1,0,0,0,0,0,0,0,2,1,0,0,0,0,0,0,0,0,0,0,0,0,0,0,4,0,1,2,0,0,3,0,0,1,3,2,0,0,1,0,1,2,1,0,0,0,3,1,1,1,0,0,0,0,0,0,0,0,0,1,3,0,2,0,0,2,0,3,0,3,3,1,1,3,0,1,0,0,1,0,0,3,4,0,2,0,0,0,0,0,1,0,3,0,1,0,0,0,0,4,3,53,248,237,104,11,0,1,0,2,0,1,2,0,0,2,0,0,3,1,0,0,0,0,1,1,1,3,0,137,253,253,252,120,0,0,1,0,2,0,0,0,0,2,2,0,0,1,0,2,1,1,0,3,1,1,0,142,254,233,105,11,0,1,1,2,2,0,2,0,0,0,0,0,1,1,1,0,0,0,0,1,0,0,1,139,255,127,1,0,0,0,86,86,0,0,2,3,1,0,0,0,0,0,0,3,3,2,0,0,1,0,0,141,252,226,0,0,4,93,244,239,0,0,0,3,0,0,2,1,0,0,0,0,2,0,1,0,0,1,2,139,246,223,0,0,17,197,254,239,0,1,0,0,0,1,0,3,0,3,1,0,0,0,1,0,0,0,1,140,251,222,1,0,78,255,230,161,0,0,0,0,2,2,0,0,0,0,0,2,0,0,0,2,0,0,1,137,253,222,0,0,180,253,185,2,0,0,0,1,0,0,2,0,0,1,4,0,1,0,0,0,2,0,2,139,255,239,64,2,180,255,186,1,0,4,0,0,0,1,0,1,0,1,1,0,0,1,3,1,1,0,0,10,193,255,242,233,249,255,43,0,2,1,1,1,0,2,3,1,0,0,0,1,1,0,0,0,2,2,0,0,78,247,253,252,254,253,35,0,3,2,0,0,0,1,0,0,0,0,0,1,0,0,0,3,0,0,0,0,0,96,193,253,253,193,16,0,1,1,0,2,2,2,0,0,0,2,1,4,1,2,0,0,2,0,1,1,3,0,130,252,250,92,1,3,1,0,1,1,0,1,1,0,0,2,0,0,0,0,1,2,3,2,0,1,2,3,133,255,228,1,0,0,0,3,0,0,1,0,0,0,0,0,1,3,0,1,0,0,0,0,0,0,0,2,132,254,227,0,0,0,0,2,0,1,0,0,0,0,0,0,0,0,2,3,1,0,0,0,3,4,0,0,132,253,233,3,0,3,1,0,1,1,1,0,0,1,1,0,0,0,2,0,0,0,3,1,0,0,0,3,130,253,233,2,1,4,0,2,0,3,1,1,0,0,0,0,2,0,2,0,1,0,0,0,0,0,0,1,77,242,242,108,11,2,0,1,0,0,0,0,2,0,1,1,0,1,1,0,0,0,4,0,1,0,3,2,1,197,254,255,155,1,1,0,0,0,0,2,1,1,0,0,0,2,0,1,1,1,1,0,0,0,3,0,0,29,206,253,89,2,0,0,0,0,0,0,0,0,1,0,0,0,6,4,0,0,1,2,0,2,2,2,0,0,0,1,0,0,0,0,3,2,0,1,0,1,0,0,0,3,0,0,0,3,1,0,0,0,2,0,0,0,0,0,0,0,4,0,1,2,1,0,0,0,0,0,0,2,0,0,3,0,0,0,0,0,0,2,0,2,1,3,2,1,2,2,2,0,1,0,0,0,0
0,0,1,0,0,0,0,0,0,0,0,2,0,0,2,0,0,0,0,0,0,5,1,0,0,0,0,2,3,0,1,1,0,0,2,0,0,3,0,0,1,1,1,0,0,0,0,2,0,0,1,1,0,0,3,0,0,2,0,0,1,0,0,0,0,0,0,4,1,0,0,0,1,1,0,2,0,0,0,2,0,0,0,3,2,0,0,0,1,0,4,0,0,0,0,0,0,1,0,0,0,0,0,1,2,0,0,1,0,0,3,2,0,0,2,2,0,2,1,0,0,0,0,0,2,0,1,1,0,0,0,3,1,0,1,1,0,0,0,0,0,0,2,1,0,0,0,1,1,0,0,0,65,154,253,252,254,188,147,11,4,0,0,0,3,0,0,2,3,0,0,0,0,1,2,3,1,1,1,69,237,255,254,255,253,253,251,173,24,0,2,0,0,0,1,1,0,0,1,0,0,1,0,0,1,0,8,201,251,255,112,30,31,57,179,251,83,0,0,1,0,0,1,0,3,1,0,2,0,0,0,0,0,0,12,255,254,239,1,0,0,1,0,243,188,4,1,0,0,1,1,0,0,0,2,0,1,2,2,0,0,1,45,253,255,77,2,3,0,1,0,244,187,0,0,0,0,1,0,0,1,1,3,0,0,0,0,0,0,0,216,251,213,9,0,0,2,0,88,255,135,0,3,0,1,1,0,0,0,2,0,0,0,4,0,1,1,69,242,253,99,0,0,0,0,0,118,255,79,1,2,1,0,1,1,7,0,0,0,0,2,0,1,0,17,207,255,179,13,0,3,0,0,21,220,253,81,2,0,0,3,0,2,4,0,3,0,0,0,0,0,0,43,252,249,96,2,2,3,1,0,69,252,221,9,1,1,0,1,5,0,0,0,4,0,0,0,1,0,3,45,252,254,97,0,2,0,3,6,188,251,96,1,1,0,0,0,0,0,1,1,1,3,1,0,0,1,3,44,254,254,100,2,0,0,0,109,250,252,8,5,1,2,0,0,1,1,1,0,0,0,1,0,0,0,1,45,254,255,95,0,0,2,10,185,253,106,1,0,0,1,0,0,1,3,0,0,2,0,0,0,1,0,2,44,253,252,99,1,1,2,117,254,214,19,3,1,2,1,2,2,0,4,0,0,0,0,0,0,3,2,2,46,251,255,97,0,0,19,217,254,108,1,2,4,0,2,1,3,1,0,1,0,0,0,0,2,0,1,0,21,209,254,156,4,8,161,252,218,6,4,4,0,0,3,0,0,0,0,0,1,0,0,4,0,2,3,1,0,60,249,237,40,44,254,254,94,0,0,0,0,0,0,0,1,0,0,0,0,3,0,0,0,0,0,1,1,1,227,253,150,168,253,177,3,3,0,0,1,2,0,3,1,3,2,0,0,0,2,2,0,0,0,2,0,1,210,252,254,252,254,54,1,4,0,3,0,0,0,0,2,0,2,0,0,2,3,4,0,0,2,0,1,0,41,255,255,250,164,12,3,0,0,0,1,0,1,0,0,0,0,4,2,0,0,0,0,2,3,3,0,2,1,102,189,140,2,0,0,2,3,0,0,0,0,0,1,1,1,2,0,2,2,1,1,0,0,1,0,0,1,0,0,0,0,0,0,2,3,2,0,0,2,0,0,0,0,0,0,0,2,0,0,0,1,0,0,2,0,0,1,0,2,3,3,0,1,3,1,0,0,0,0,2,1,0,0,0,0,0,0,0,2,0,2,0,0,1,0,0,0,1,0,0,1,0,0,0,0,0,0,0,0,0
0,0,2,0,0,4,0,0,0,0,0,0,0,0,0,0,2,0,0,0,2,3,0,0,0,0,1,2,0,2,1,0,0,1,2,0,3,0,0,2,1,0,0,0,1,0,1,1,0,0,0,3,0,0,0,1,0,0,0,1,0,0,0,0,1,0,1,0,3,0,0,1,0,0,2,2,2,0,1,3,0,0,0,0,2,1,0,0,2,1,0,1,1,1,0,0,1,2,0,2,0,48,239,96,3,0,1,2,0,0,0,1,0,0,1,0,0,0,2,2,0,0,1,0,2,2,1,0,48,233,210,11,1,0,1,2,0,0,0,0,3,0,0,0,0,2,2,1,0,1,2,0,0,0,0,44,214,248,88,2,0,0,2,1,3,0,0,0,1,0,0,0,2,0,2,0,0,1,0,2,2,0,16,151,161,64,16,1,0,1,0,1,1,0,0,0,1,0,2,1,0,0,1,0,0,0,2,0,0,0,138,186,5,3,0,0,0,3,1,0,0,0,3,1,0,2,0,2,4,3,2,0,0,0,2,1,0,86,224,24,0,0,0,1,0,3,0,3,3,0,2,0,0,0,0,2,2,0,1,0,0,0,1,0,15,231,71,3,0,3,2,1,0,4,0,0,2,0,0,0,0,6,0,2,0,0,0,0,0,0,2,0,117,175,1,3,0,0,0,0,1,0,5,0,0,0,0,0,2,0,0,2,2,0,1,0,0,0,2,12,234,31,0,0,0,0,2,0,0,2,1,0,0,0,0,0,0,0,3,0,0,0,0,0,1,2,0,127,221,0,3,0,0,1,0,1,0,1,0,0,0,0,2,0,3,0,0,0,0,4,2,0,1,0,5,215,61,0,0,0,0,0,0,0,1,2,0,0,0,0,0,0,0,1,1,1,0,1,0,0,2,0,47,255,18,0,36,167,193,106,15,0,1,0,0,2,2,0,0,3,1,0,0,0,2,0,2,2,0,0,104,193,16,138,249,252,253,255,60,0,0,0,0,2,0,0,0,2,0,0,0,0,0,0,0,0,0,1,165,175,185,217,94,62,116,250,60,0,0,0,2,0,0,0,2,0,1,0,0,0,0,0,0,0,2,4,180,249,172,14,1,0,19,240,55,3,0,0,0,1,0,4,1,2,3,0,0,0,0,0,0,0,0,0,178,235,9,0,4,2,94,242,19,2,1,0,0,0,0,0,0,0,1,3,0,0,1,0,0,0,0,0,179,254,14,0,0,0,152,140,0,1,2,1,0,2,0,4,2,0,0,2,2,1,0,0,0,4,0,1,132,235,36,2,1,83,184,13,2,0,0,1,0,0,0,0,0,0,0,1,2,0,1,3,0,0,0,2,50,255,186,12,88,230,76,0,4,0,0,2,0,0,1,2,0,1,0,0,2,0,0,0,0,0,0,2,4,216,255,229,227,71,4,0,1,5,0,0,0,3,0,3,0,0,3,0,1,0,1,0,1,0,1,0,3,0,1,0,2,1,0,0,0,0,1,0,0,4,0,0,2,0,1,0,1,0,1,0,1,0,0,0,0,0,0,0,0,0,1,1,0,0,0,2,2,0,0,0,0,3,2,0,2,3,0,5,0,1,0,1,0,0,0,0,1,0,3,1,0,0,0,1,0,0,0,0,1,2,0,0,0,3,2,1,0,2,0,0,2,0,0,0,0,2,0,2,1,1,1,0,1,1,0,0,5,1,1,0,0,1,0,0,0,2,0,1,4,0,0,0,0,1,2,1,0,0,1,2,1,3,1,2,5,1
