0,0,0,2,0,0,0,0,0,2,2,0,0,0,0,0,0,1,0,0,1,2,1,2,0,0,0,0,4,0,1,1,0,0,0,0,3,0,0,0,0,1,0,1,1,1,1,1,1,2,0,0,0,1,1,2,0,0,0,0,0,3,2,0,3,0,2,2,0,0,0,1,3,0,0,0,2,0,0,2,2,1,0,3,1,0,0,5,1,0,4,0,1,1,0,2,0,2,0,0,1,0,1,2,1,1,0,0,0,0,0,0,0,3,0,2,0,0,0,1,0,0,0,0,2,0,0,0,0,3,0,2,3,0,1,0,0,0,0,0,4,1,1,0,0,0,0,1,2,1,2,1,2,2,0,2,0,0,0,0,0,0,3,0,0,0,4,1,0,0,1,1,4,0,0,0,0,2,0,0,0,4,0,6,2,0,2,1,0,0,1,6,0,2,0,0,0,0,0,0,6,0,83,181,159,153,58,36,0,0,3,0,0,0,4,0,1,1,3,0,0,0,0,0,4,0,1,0,0,0,221,255,255,255,255,238,196,199,203,199,199,197,199,195,166,52,0,0,4,1,0,0,0,1,2,0,0,1,67,111,70,112,165,226,249,223,255,255,254,248,229,253,255,143,2,0,1,0,0,2,0,0,0,1,2,1,2,4,0,0,4,20,65,14,71,66,68,63,20,236,252,108,1,1,1,0,0,1,0,1,0,2,0,0,0,0,0,3,1,0,1,0,3,0,0,0,84,251,210,16,0,0,1,1,0,0,0,0,0,0,3,2,4,1,0,0,0,0,0,0,0,0,2,17,232,254,81,0,0,1,3,0,0,0,0,0,1,0,2,2,0,0,1,1,0,2,1,0,1,2,5,132,255,242,44,0,0,0,1,1,1,0,1,0,0,0,0,2,0,0,0,3,1,3,1,0,2,0,58,249,255,58,1,1,0,1,1,0,0,3,0,1,0,3,3,0,0,0,2,0,0,1,0,1,1,4,132,252,186,5,5,0,1,2,0,0,1,0,0,3,0,0,1,3,3,0,0,1,0,0,0,2,0,6,206,248,59,0,0,0,1,0,0,2,0,1,0,1,1,2,3,2,0,0,0,0,0,0,3,1,0,124,252,181,3,1,0,2,2,0,0,0,0,1,0,0,0,0,2,1,0,1,0,0,1,0,0,0,80,247,237,59,0,4,0,0,3,0,0,0,1,4,0,1,2,0,2,0,0,1,0,1,2,0,0,17,223,255,168,1,1,0,0,0,1,0,0,0,0,4,2,0,0,0,0,2,3,2,0,0,0,2,5,205,252,217,37,2,2,0,0,3,4,1,2,0,0,0,0,4,6,0,0,1,0,2,0,2,0,0,41,250,252,80,0,0,5,5,0,0,0,1,1,2,0,0,2,1,0,0,0,0,2,0,0,0,2,35,223,254,114,0,0,1,0,0,3,0,0,3,1,0,3,5,0,2,6,0,0,1,3,3,0,0,4,133,250,255,53,0,1,0,2,0,0,0,0,0,0,0,0,1,0,0,0,1,4,2,0,2,0,0,63,242,253,255,54,0,1,2,3,2,0,0,0,0,0,0,1,1,3,1,0,0,1,2,0,0,0,1,123,255,254,218,39,0,3,0,0,0,0,0,3,2,0,4,0,5,0,1,2,0,0,1,4,2,6,0,121,253,205,12,3,0,0,0,1,0,1,2,0,4,1,1,0,1,0,0,0,0,0,0,1,4,0,3,0,2,3,2,0,1,2,0,0,0,0,0,0,0,0,2,1,0
1,0,4,0,0,0,3,0,0,3,0,0,0,1,0,0,4,2,0,0,0,1,0,0,0,0,0,1,0,0,3,0,0,6,0,4,0,0,1,0,3,1,1,0,0,0,0,0,0,1,2,0,0,4,0,0,0,0,2,1,2,4,2,0,0,0,4,4,0,0,1,3,0,1,0,0,0,1,3,0,0,0,0,1,0,1,1,1,0,3,3,4,0,2,119,125,173,255,255,153,97,0,0,1,0,0,0,2,0,2,0,0,0,0,0,0,2,4,0,0,0,172,247,254,254,251,252,252,216,35,0,0,0,2,0,1,4,1,0,0,0,0,2,5,1,0,5,4,171,253,255,255,210,138,178,249,255,123,5,1,0,0,0,0,0,1,0,0,3,0,6,0,0,0,0,53,251,251,210,32,8,0,6,207,252,137,0,3,0,0,4,0,1,0,0,2,0,0,0,1,0,1,0,74,252,209,25,2,0,0,124,247,253,66,0,3,1,0,0,0,0,2,2,0,2,3,2,1,0,0,0,0,30,17,1,3,2,0,211,252,255,68,2,2,0,2,1,2,1,0,2,0,1,0,3,0,1,4,0,0,0,4,0,0,0,119,247,254,199,7,1,1,0,2,3,0,0,0,0,3,1,2,0,0,2,0,1,3,0,2,0,2,76,247,253,233,63,1,1,1,1,0,0,0,2,1,0,0,3,2,2,0,0,3,0,2,0,0,1,0,127,252,247,141,1,0,0,2,0,1,4,0,0,0,3,0,0,2,3,0,2,1,0,0,0,0,0,179,245,255,160,8,0,1,0,2,1,1,1,0,0,0,0,1,0,0,0,2,1,0,0,0,1,0,23,234,250,238,38,2,0,1,1,2,0,0,3,0,1,4,0,2,0,3,0,0,3,4,0,2,0,0,197,251,255,143,0,3,0,0,1,1,2,0,1,2,0,0,0,0,4,1,1,0,3,0,3,5,0,77,250,249,188,13,2,1,0,1,0,0,2,0,0,2,0,0,0,0,0,1,0,3,0,0,0,0,21,197,253,249,141,0,1,0,1,1,0,0,0,3,0,0,1,0,0,0,0,1,0,1,2,1,4,5,135,255,248,174,12,0,0,1,0,0,0,1,0,0,0,3,0,2,0,0,0,2,0,0,0,3,0,3,249,255,251,28,0,6,2,0,2,0,2,0,0,0,0,0,0,0,1,3,0,0,1,0,5,4,0,1,250,249,250,43,22,20,20,16,7,0,9,23,17,37,150,150,149,146,9,0,0,3,1,0,2,0,1,0,246,253,252,253,255,255,254,250,171,143,164,255,250,255,254,254,249,251,120,2,0,2,0,1,0,0,3,0,178,251,252,250,255,253,255,248,252,254,254,254,252,247,246,167,117,114,61,4,0,0,0,1,0,0,0,6,2,116,123,118,122,165,254,250,252,158,127,124,41,0,2,0,0,0,1,0,0,2,0,0,1,2,1,6,0,0,4,0,0,0,3,0,0,2,0,0,5,0,0,3,0,0,0,4,2,2,0,0,2,1,1,3,1,0,5,0,4,0,3,1,0,2,1,0,2,2,1,0,0,0,0,2,0,2,5,0,2,0,0,0,0,5,0,0,0,0,1,1,3,1,0,4,4,1,1,0,3,0,1,0,0,2,0,0,3,0,0,1,0,0,0,5,5,0,0,0,4,0,1,0,2,2,0,0,0,0,0,0,0,0,0,2,4,0,0,0,0,2,2,1,0,0,0,1,0,3,3,1,1,1,1,0,0,1,0,0
0,0,0,0,0,0,0,0,3,0,0,2,0,0,0,3,0,0,3,0,0,0,0,0,3,6,0,0,0,0,0,0,0,2,0,2,0,0,5,0,0,0,0,0,0,4,0,1,0,0,2,1,0,1,0,0,3,0,2,1,1,0,1,0,1,0,0,0,1,0,2,0,1,0,0,1,0,0,0,0,2,2,0,3,0,0,0,4,0,0,1,1,0,1,0,0,1,0,0,0,0,0,0,0,2,2,0,0,2,0,1,1,1,0,0,0,3,0,0,0,0,1,0,4,3,3,0,0,38,255,106,0,1,0,4,4,1,2,5,0,0,0,0,1,4,0,0,2,0,0,0,1,0,0,1,0,84,250,80,0,0,0,2,0,0,0,0,0,0,1,0,0,0,0,3,0,2,0,2,1,0,0,0,1,135,238,0,0,1,0,1,1,0,3,1,0,1,0,4,0,0,0,0,0,0,3,1,0,3,2,3,42,243,150,1,0,0,0,0,0,0,2,3,0,0,0,1,0,0,0,0,1,1,0,0,0,1,0,0,86,255,66,0,0,0,3,0,0,3,3,0,0,4,2,2,1,2,0,0,3,0,0,4,3,0,0,0,201,222,12,0,0,2,2,1,0,2,0,2,0,1,5,5,0,5,0,0,0,0,2,0,2,0,0,32,250,210,2,0,0,0,0,0,0,1,1,5,0,1,0,4,1,1,0,0,0,0,0,4,0,3,0,98,251,196,2,1,0,2,3,0,0,0,0,1,4,0,1,3,4,0,0,2,0,0,0,0,0,0,0,139,252,71,0,5,0,2,0,0,0,0,1,2,0,4,5,0,1,2,0,1,0,0,2,1,1,0,59,234,205,10,2,0,0,0,1,4,0,1,1,5,4,0,0,2,1,0,0,0,1,0,0,0,0,0,121,255,162,3,0,0,0,0,0,0,0,3,1,0,0,1,0,0,3,0,0,0,0,0,0,0,0,2,170,255,78,0,0,0,0,0,0,0,0,0,0,3,0,0,4,0,5,0,0,0,0,0,3,0,2,22,234,215,0,1,0,1,0,0,0,0,0,0,0,0,0,0,0,2,2,1,0,4,1,2,3,1,0,119,255,162,0,0,0,2,0,0,0,1,0,0,0,1,0,0,3,0,0,0,0,1,0,0,0,0,0,152,255,141,3,0,0,5,0,0,0,2,2,0,0,2,0,0,1,0,0,3,3,1,0,0,1,1,0,228,255,67,0,0,0,0,0,0,2,0,2,0,0,1,0,2,1,0,0,0,0,4,3,4,0,2,60,252,252,66,0,2,0,0,0,0,2,3,0,0,3,0,0,0,0,0,0,0,0,2,0,2,0,2,145,254,207,2,1,1,0,0,2,0,1,0,0,2,0,2,0,0,0,3,0,0,0,0,0,0,1,7,211,253,121,0,4,2,4,1,0,2,2,0,2,0,0,3,1,0,1,2,0,0,3,0,0,0,0,7,199,174,12,0,2,0,1,2,0,0,2,0,0,2,0,0,2,0,0,0,3,2,0,0,2,1,2,0,1,0,0,0,0,2,0,0,3,2,0,0,0,4,3,3,6,3,0,0,2,1,0,0,0,0,0,0,0,0,0,3,0,3,3,1,0,0,0,1,0,2,3,0,0,0,0,0,2,8,1,0,0,0,1,3,0,0,0,1,0,1,0,0,0,0,0,3,0,5,0,1,0,0,4,2,3,1,0,0,0,0,0,0,0,1,0,2,3,0,1,0,0,0,1,0,4,1,2,0,0
0,0,0,0,3,1,2,4,0,0,1,0,1,0,2,3,2,5,0,0,0,2,0,2,0,2,3,0,0,0,0,0,0,0,0,0,0,0,0,3,2,1,0,0,0,0,0,2,3,0,0,0,1,0,0,0,0,3,0,0,4,3,5,0,0,3,5,0,0,0,0,4,1,3,1,0,2,1,1,0,2,3,4,0,0,0,0,0,2,3,1,0,1,2,0,2,2,0,0,0,0,0,1,0,0,0,0,0,2,0,1,1,0,0,0,0,3,0,4,0,0,0,1,0,15,152,255,200,26,0,5,2,0,0,1,2,0,0,0,0,0,0,2,1,2,5,0,0,0,0,0,0,38,251,251,251,111,3,0,0,0,3,0,5,0,4,0,0,4,3,2,3,0,0,0,1,0,0,0,17,198,249,252,253,107,0,3,0,0,0,0,0,3,0,0,0,1,0,0,4,1,0,3,3,0,2,109,190,251,255,249,250,167,107,60,4,4,0,0,0,0,2,3,0,2,0,0,0,2,3,2,0,1,0,252,248,255,250,252,251,252,252,220,54,0,1,0,0,3,0,0,1,0,1,0,1,0,0,0,0,0,185,255,255,252,252,250,235,223,254,252,255,0,0,1,1,1,2,0,0,0,0,0,0,0,0,0,3,63,219,253,252,251,251,152,73,60,129,249,252,108,2,0,2,0,0,0,0,1,5,1,2,2,1,0,28,232,249,254,249,223,137,10,0,0,33,227,254,241,112,2,3,2,1,0,0,0,0,1,0,0,0,0,34,248,252,249,185,16,1,0,0,0,0,115,254,255,249,36,0,2,1,0,2,4,0,3,0,2,0,0,37,246,249,205,28,0,1,0,0,1,1,33,198,255,251,35,2,1,0,0,0,1,2,0,0,0,0,1,36,255,253,1,0,0,0,1,4,2,0,29,200,251,251,164,0,0,2,0,3,0,0,0,0,1,0,0,144,248,253,0,3,0,0,0,1,0,0,109,247,255,249,37,0,0,1,0,0,0,0,2,0,0,1,1,214,251,252,1,0,0,0,0,0,20,63,229,254,255,233,27,0,1,0,0,3,4,1,0,3,0,1,0,218,248,249,1,0,2,0,0,2,142,253,251,248,222,62,0,0,1,0,0,0,0,2,3,0,2,0,0,218,255,251,1,0,0,0,0,185,224,254,249,253,179,0,4,1,2,0,2,0,0,0,4,2,0,3,0,223,255,255,78,73,227,249,255,255,253,254,253,254,0,0,2,0,4,1,0,0,1,0,0,3,0,0,0,114,243,254,253,250,250,253,250,255,252,249,253,146,5,2,0,0,0,2,0,0,0,0,1,4,0,1,0,29,229,254,249,249,253,254,253,254,232,188,32,7,0,1,0,4,0,0,0,0,0,1,2,0,0,0,5,2,64,143,253,246,255,250,251,253,110,0,0,0,0,1,2,0,0,0,0,0,4,0,0,3,2,1,0,7,0,0,72,171,252,173,71,71,25,1,0,2,0,1,3,0,0,0,1,0,0,0,3,0,0,5,0,0,3,0,1,0,2,0,0,1,0,6,0,1,2,0,0,1,4,1,1,0,2,0,4,0,0,2,1,4,0,0,0,2,3,0,1,0,0,0,0,0,0,0,0,4,0,0,6,3,0,0,0,4,0,0,0,0,0,4,4,1,0,5,1,1,0,0,0,0,0,0,0,0,0,2,2,1,0,0,0,0,0,0,0,1,0,0,6,4,0,0,1,1,0,0,0,0,2,2,0,3,2,0,1,2
1,2,1,0,0,1,5,2,0,0,0,0,0,0,0,5,1,0,0,4,0,1,0,3,0,2,0,0,5,0,0,2,0,0,0,3,0,0,0,1,2,0,0,0,1,0,1,1,1,0,0,4,0,0,1,1,1,0,1,2,0,0,2,0,0,0,1,1,0,0,0,0,4,0,0,3,2,0,0,0,1,0,0,0,0,1,0,1,2,0,2,2,0,0,0,0,4,0,1,0,2,3,0,0,2,3,0,2,2,2,2,0,0,0,2,0,0,0,0,2,0,0,6,0,0,0,2,5,0,2,0,3,0,4,2,2,2,0,0,3,4,0,3,0,0,0,0,0,0,1,52,227,0,1,0,2,0,0,3,65,27,4,0,0,1,0,0,0,0,1,4,0,0,3,0,0,0,0,119,231,1,0,0,0,0,0,0,150,163,2,0,1,5,0,2,0,2,0,0,0,3,0,1,0,0,7,196,227,0,0,4,0,1,1,0,98,207,13,0,1,0,0,1,5,0,0,0,0,0,0,0,2,4,72,252,138,0,4,0,0,0,1,3,111,250,18,0,0,2,0,5,0,0,1,1,0,0,0,1,0,43,237,220,7,3,0,3,3,0,0,2,191,252,22,0,0,0,1,3,1,0,0,0,2,0,0,0,2,172,246,52,0,5,2,0,2,0,1,16,255,254,22,3,5,0,0,0,1,3,0,0,2,2,0,0,85,243,207,0,0,2,1,2,0,2,1,140,252,185,6,1,0,0,1,0,3,0,0,0,2,3,2,3,173,253,107,0,0,0,0,3,0,2,31,235,252,64,1,0,0,0,0,0,0,1,1,0,0,1,3,18,224,252,2,0,1,0,0,0,4,0,135,255,214,1,0,0,0,0,0,5,3,0,0,0,3,1,1,19,255,164,4,0,3,1,0,0,0,2,165,247,168,0,2,4,1,0,0,1,1,1,0,0,1,0,0,10,202,208,21,0,0,0,0,0,3,26,254,255,109,0,1,0,0,1,0,4,2,2,0,0,6,0,0,3,170,253,197,81,85,86,86,125,164,195,251,251,106,3,1,8,1,0,1,0,0,0,0,0,0,0,0,0,42,172,250,254,248,253,254,232,234,250,252,252,12,0,0,0,0,0,0,3,0,0,2,1,0,0,0,0,0,0,48,79,86,86,85,1,2,158,253,251,0,1,2,2,0,0,0,0,3,0,2,5,0,0,0,1,0,0,1,4,3,2,3,0,0,128,253,253,45,0,0,1,2,1,0,0,3,0,0,0,1,3,0,0,0,0,0,2,4,0,0,2,4,131,255,255,0,0,0,0,0,1,0,3,2,0,4,0,0,0,0,0,1,0,3,0,0,1,1,3,0,126,255,251,0,0,0,1,1,2,5,0,0,1,3,0,1,2,0,0,0,3,0,1,1,0,0,0,0,136,251,246,0,1,0,0,0,0,0,0,0,0,1,0,2,0,2,0,5,0,3,0,0,0,0,0,0,232,240,109,0,3,0,0,5,0,0,1,0,0,1,3,1,0,0,0,0,0,0,4,2,1,2,1,1,178,65,0,1,0,0,0,1,1,0,0,1,1,0,5,2,3,1,1,0,0,0,1,2,0,0,2,1,0,0,0,0,0,2,4,2,0,0,5,1,0,0,3,1,0,0,1,0,1,1,1,1,1,1,4,0,0,0,0,0,1,3,0,0,0,3,0,7,1,0,0,0,0,0,0,0,3,1,2,1,0,0,0,1,0,2,0,0,0,0,0,3,1,0,2,0
0,0,1,1,0,0,0,0,0,0,1,1,0,0,0,3,0,1,0,0,1,0,0,1,0,0,3,0,0,0,1,0,0,0,1,0,0,0,0,0,0,0,0,0,1,0,0,0,0,0,4,0,0,2,0,0,0,1,3,0,0,1,0,0,2,0,4,0,0,0,3,0,1,0,0,0,0,3,0,0,1,0,0,0,0,0,4,0,0,3,0,0,0,0,0,3,3,0,0,0,0,6,0,5,0,0,0,0,1,0,3,4,0,1,0,0,0,0,0,1,1,1,1,4,1,3,1,4,1,2,0,0,2,1,0,0,0,0,0,0,2,1,0,0,1,0,3,0,0,0,4,5,3,1,1,1,73,255,106,2,0,2,0,0,2,3,0,2,1,5,0,0,4,0,0,0,0,4,0,0,3,1,0,20,229,255,253,6,0,0,3,2,0,3,0,0,0,0,0,3,0,0,3,1,1,3,0,0,0,0,0,79,254,251,166,0,2,1,3,1,3,0,1,0,0,1,0,0,0,1,0,0,0,0,0,1,0,2,5,199,252,255,72,0,0,0,1,0,0,0,1,0,4,3,1,0,3,2,0,1,0,0,1,0,0,0,50,255,253,252,0,4,0,1,2,0,2,3,0,1,1,0,1,0,0,2,0,2,2,0,0,0,4,1,136,255,255,180,0,0,0,0,0,3,0,0,0,2,0,0,0,1,3,0,0,0,0,1,3,0,0,0,198,254,244,46,2,0,0,0,0,5,2,0,3,0,0,0,4,0,2,1,1,0,0,0,0,0,0,59,253,253,240,0,2,3,0,1,0,1,3,4,1,0,4,0,4,0,1,1,0,0,2,0,0,1,0,114,252,252,133,0,0,0,0,0,0,0,1,0,0,1,0,2,0,0,2,0,0,0,0,3,1,4,1,163,255,240,27,5,2,0,1,1,1,2,3,0,0,2,1,0,0,0,3,0,2,5,0,4,0,0,60,252,255,225,0,0,0,0,0,8,0,4,0,5,0,0,0,0,2,2,3,0,0,0,1,0,3,0,82,255,255,154,0,0,0,1,0,0,0,0,0,0,2,0,2,0,4,0,0,0,1,0,0,0,0,0,163,255,238,54,0,3,0,0,4,1,2,0,1,0,0,0,3,1,0,1,2,0,2,5,1,6,0,29,253,255,211,0,0,0,2,0,1,0,0,2,1,2,3,0,3,0,2,3,1,0,0,1,0,0,1,86,255,254,130,5,2,1,3,0,0,3,5,0,0,1,0,0,0,5,0,2,0,0,0,1,3,4,0,105,255,232,20,3,2,1,2,3,0,0,0,1,0,0,1,1,0,0,4,1,1,0,0,0,0,0,0,173,255,204,7,0,2,0,1,1,0,0,1,0,0,0,0,0,5,0,2,0,0,0,1,0,2,0,5,215,254,196,2,0,3,4,0,0,0,0,0,4,3,1,0,0,4,0,0,0,0,1,3,0,0,5,3,159,252,162,0,0,1,0,0,0,0,0,0,0,0,3,0,0,1,3,0,0,0,0,2,0,0,0,0,28,157,105,0,6,0,0,3,0,0,1,3,1,3,0,3,4,2,0,0,0,3,2,0,0,0,5,1,5,0,1,1,0,0,0,0,0,1,0,0,0,0,2,0,2,3,3,4,0,0,4,0,2,0,0,2,0,0,0,2,0,0,0,0,0,1,0,0,0,0,0,3,2,1,0,0,0,0,0,1,2,0,0,0,2,0,1,0,6,0,4,1,0,0,0,1,0,0,0,0,0
0,2,3,5,0,1,2,0,0,0,0,0,0,0,0,0,0,0,0,0,0,3,2,1,1,0,1,0,0,3,2,0,0,0,0,0,1,0,1,1,5,0,2,4,0,3,0,1,4,0,0,0,0,0,0,1,0,0,1,0,0,0,0,3,0,1,0,0,0,0,4,4,3,0,0,2,3,0,0,1,0,4,1,5,2,0,0,0,0,0,0,0,0,0,0,0,0,0,0,0,1,1,0,3,2,1,0,2,0,2,0,0,1,2,0,1,0,1,1,0,2,3,0,0,3,0,0,0,0,0,0,1,0,0,3,0,1,0,0,0,0,0,2,0,0,0,2,0,0,20,196,137,31,0,0,0,2,4,0,3,0,14,79,3,0,0,3,2,1,0,2,0,1,3,3,0,16,236,252,165,0,0,0,3,0,0,1,2,18,217,245,37,0,0,0,1,0,0,0,2,0,3,0,17,188,253,148,2,1,1,2,0,1,0,2,0,141,253,98,4,1,1,0,2,2,0,1,0,0,5,2,69,252,253,21,0,0,0,1,0,4,2,3,43,255,169,16,2,0,0,0,0,0,0,3,0,0,3,18,154,253,93,0,0,0,0,0,4,0,0,44,237,252,94,2,2,0,1,2,0,2,4,0,1,0,0,163,255,208,10,0,0,0,0,2,1,4,0,103,255,160,3,0,0,1,5,6,0,1,1,0,0,0,0,162,251,179,8,0,2,0,0,0,3,11,132,240,254,2,2,0,0,2,3,0,0,2,0,0,0,1,0,163,251,254,190,174,68,69,75,69,132,189,252,255,171,0,0,1,0,1,0,2,0,0,0,0,0,0,0,52,233,254,255,255,247,255,255,255,255,253,255,219,40,0,1,1,1,2,0,1,2,2,0,0,0,1,0,0,18,67,140,255,230,138,133,133,41,249,255,161,1,0,0,2,2,0,3,0,2,0,5,1,0,0,1,0,2,0,0,2,0,0,5,1,36,255,204,16,0,1,0,2,0,1,1,0,3,0,2,1,3,0,0,0,0,2,3,1,0,0,0,0,158,254,73,0,0,0,1,0,0,1,1,0,0,3,0,0,0,0,7,2,0,3,0,1,0,0,0,86,255,242,50,0,3,0,0,2,0,0,0,0,0,1,0,0,0,0,0,3,0,0,0,0,0,4,1,153,255,165,5,0,0,0,3,0,6,0,2,1,0,4,0,3,0,0,0,2,0,2,0,0,0,0,1,229,244,50,0,0,2,3,0,1,0,2,0,2,0,0,1,1,0,0,0,1,0,0,4,1,0,0,103,253,228,1,0,1,4,1,0,1,0,2,0,1,4,0,3,2,2,0,0,3,4,0,1,0,0,0,212,252,156,0,12,29,2,3,0,2,0,2,2,2,2,0,0,0,2,1,3,0,4,0,1,0,0,1,211,252,151,93,205,157,0,2,0,0,0,0,0,1,0,0,1,4,1,2,1,0,3,2,0,2,1,0,210,250,250,252,155,27,1,1,2,1,0,1,3,0,0,0,0,2,6,0,2,2,0,3,5,1,0,1,60,191,125,23,4,0,1,2,1,0,4,0,0,0,1,2,0,0,0,6,4,1,0,1,1,3,3,0,0,0,3,2,1,2,3,1,2,2,3,0,0,0,4,0,0,0,1,0,0,0,0,3,6,1,3,1,0,0,0,0,1,5,2,0,1,0,3,0,0,1,3,1,0,3,0,0,0,2,0,3,0,0,1,0,0,1,3,0,2,6,0,2,1,0,0,2,2,3,0
0,2,0,1,0,0,3,3,0,4,0,0,0,2,0,2,2,0,0,4,0,0,2,3,0,0,0,1,0,0,0,1,0,1,0,3,2,0,0,0,0,0,3,0,1,0,0,0,0,1,0,0,2,1,0,0,0,0,0,0,1,0,0,1,0,0,1,0,0,1,1,0,3,0,0,0,0,1,0,2,1,6,0,1,1,0,0,0,0,6,4,0,1,0,1,0,0,0,0,5,0,0,0,0,0,0,0,5,0,0,1,0,0,0,1,0,0,0,2,0,3,0,0,1,0,1,0,2,0,0,0,2,2,0,1,0,0,2,0,0,0,4,0,3,1,1,1,0,0,0,1,0,1,1,6,0,0,0,2,0,0,1,0,0,3,0,0,0,0,0,0,0,5,3,0,0,0,3,1,12,146,195,2,3,0,0,0,0,2,2,0,0,2,2,3,0,2,2,0,1,1,0,2,3,1,0,92,224,251,254,20,3,2,1,0,0,0,2,0,0,2,2,0,0,0,1,0,0,2,0,0,0,0,28,234,255,252,254,165,20,4,0,0,1,0,0,0,0,3,2,0,1,4,3,1,0,0,1,3,1,1,144,254,251,252,253,255,233,114,9,0,2,0,0,1,0,0,0,2,0,0,0,0,0,0,0,0,2,35,238,253,210,184,251,254,255,235,22,0,0,0,0,0,1,1,0,3,1,0,0,2,1,3,2,1,1,75,252,195,0,3,95,218,254,255,202,19,0,0,0,2,0,0,1,0,0,0,2,0,3,0,0,2,1,89,252,78,0,0,1,182,253,255,192,15,2,0,0,0,0,2,0,0,0,0,0,5,0,3,0,2,0,177,251,152,2,0,0,234,253,255,134,0,1,0,0,2,2,0,0,2,0,0,0,0,1,1,2,1,0,88,250,206,41,83,168,250,237,255,231,39,0,0,0,0,0,0,1,0,0,0,2,3,3,0,0,0,0,12,237,255,252,254,252,184,36,213,253,150,0,1,0,4,2,0,0,0,2,4,1,0,2,3,0,2,1,0,66,241,254,255,146,5,0,131,251,223,33,0,2,0,0,1,1,2,1,2,1,0,2,1,1,1,0,1,0,67,159,145,10,4,1,3,173,248,160,0,0,1,0,1,0,1,0,0,0,1,0,0,0,0,0,0,1,3,5,0,0,0,0,0,86,255,229,15,2,0,0,0,0,5,0,1,0,4,3,1,1,3,1,0,3,0,1,2,2,5,0,0,1,166,255,125,3,1,0,0,1,2,0,3,0,3,1,0,1,3,0,0,0,0,2,0,0,0,0,2,0,46,249,249,37,0,3,0,0,0,0,0,0,0,0,3,0,0,0,0,3,0,3,1,0,0,3,0,0,0,113,255,175,7,1,0,0,0,0,0,2,2,0,0,2,0,4,2,3,0,0,0,0,0,1,0,0,4,19,217,252,46,2,0,0,0,0,2,0,0,0,0,0,3,2,4,2,0,2,0,1,1,0,2,0,2,0,31,254,167,0,4,0,5,0,4,1,2,0,0,3,4,0,5,2,0,0,0,0,1,0,0,2,1,0,0,187,247,38,2,4,0,1,0,0,0,2,3,1,4,3,0,1,1,1,4,2,2,3,0,0,0,0,0,14,225,78,0,0,0,0,0,0,1,4,0,2,3,0,0,0,0,2,0,1,3,0,4,0,0,1,0,0,3,0,0,0,2,2,0,1,0,1,1,0,0,0,1,0,0,0,0,4,0,1,0,4,1,0,0,0,1,3,1,3,0,0
0,0,0,0,1,0,0,4,0,0,2,0,0,0,0,0,0,0,0,0,0,5,4,0,0,0,0,0,0,1,0,0,0,2,0,0,0,4,0,0,0,0,3,0,0,0,0,0,2,0,1,2,6,0,0,0,1,0,0,1,2,0,0,2,2,1,1,0,0,0,2,2,0,1,0,0,0,0,2,0,0,2,2,0,3,1,1,0,4,0,0,0,2,0,0,1,1,0,0,5,1,4,0,0,0,2,1,0,0,0,0,1,1,0,0,2,0,0,0,0,2,2,1,0,0,0,3,3,0,15,49,48,49,16,127,87,53,2,0,0,5,1,0,0,3,1,0,3,0,0,1,2,0,1,1,80,153,220,252,253,255,212,246,251,254,0,0,0,0,1,0,3,0,1,0,0,0,0,0,0,36,141,242,255,253,250,254,255,251,252,253,249,253,1,3,1,0,0,0,0,0,3,0,0,0,1,0,0,63,253,251,254,254,250,253,253,213,172,170,169,168,0,0,1,0,0,0,0,0,3,0,4,22,135,72,5,55,238,229,240,170,126,68,20,10,0,0,4,0,0,0,1,0,1,4,0,2,2,3,12,208,253,79,0,0,32,5,28,2,1,0,0,0,0,0,0,0,0,0,4,1,0,3,0,0,2,6,176,254,131,10,0,2,0,2,3,0,1,0,0,1,1,1,0,4,0,0,0,1,0,4,1,0,11,131,252,230,17,0,0,0,0,3,0,0,2,0,2,0,3,2,0,0,0,0,2,3,0,0,0,0,94,251,224,29,3,0,3,1,0,1,1,0,0,0,0,2,0,0,2,0,0,1,0,1,0,0,0,0,154,254,172,3,0,1,0,0,0,0,2,0,1,0,0,4,2,0,0,0,2,0,1,2,0,0,4,0,230,246,248,127,48,1,1,0,1,0,0,0,1,0,4,1,0,0,0,0,1,3,3,0,2,0,1,1,255,252,254,252,245,149,94,124,84,41,40,84,27,0,2,0,0,1,2,1,4,0,2,2,4,0,0,0,136,255,254,253,251,251,254,255,252,253,250,252,232,172,0,0,0,0,0,0,1,2,0,0,2,0,0,0,3,55,215,223,252,255,255,248,253,253,255,253,250,254,121,2,0,0,4,0,0,0,0,0,1,2,0,0,0,0,0,0,73,71,198,252,255,255,253,253,255,252,171,0,0,0,0,0,0,1,0,1,3,1,0,0,1,0,0,0,1,1,120,253,251,155,53,163,252,255,174,0,1,0,3,0,3,0,0,0,0,1,2,0,3,0,3,0,0,5,49,254,255,253,187,255,250,253,148,1,1,0,1,0,3,1,0,3,0,0,0,0,1,0,0,0,1,1,11,167,252,255,255,255,252,174,8,0,6,3,0,0,0,0,1,0,0,1,4,4,0,2,1,0,0,4,1,21,182,232,252,219,129,0,0,0,0,2,2,0,0,0,3,0,4,0,1,6,0,2,0,0,3,0,2,0,0,98,148,21,0,0,0,0,1,2,0,1,1,2,2,0,1,0,0,0,0,2,0,0,1,0,0,3,3,0,0,4,0,3,7,0,1,2,0,1,0,0,4,0,5,0,0,2,1,0,0,0,0,2,2,0,5,0,2,0,0,0,0,3,0,0,4,0,0,0,0,0,1,0,1,0,2,0,2,0,0,2,2,2,1,1,3,0,1,2,0,0,0,3,4,2,0,0,0,1,0,0,1,1,1,3,1,0,3,1,0,0,2,5,0,0,0,0,0,0,1,2,0,2,0,0,0
0,0,0,0,0,1,0,0,0,0,1,2,0,0,2,0,3,1,3,1,1,0,0,2,2,1,4,0,0,1,1,0,3,0,1,0,0,0,0,1,1,4,1,0,0,1,1,3,0,1,0,0,0,0,0,0,1,0,4,2,0,3,0,0,0,3,0,1,5,0,3,0,4,1,0,4,0,0,0,0,0,0,1,0,1,1,0,0,0,0,0,0,2,0,0,1,0,5,0,0,0,0,0,2,0,0,1,0,0,0,0,1,1,3,3,0,0,2,1,0,1,0,0,3,0,2,3,0,3,0,0,0,0,0,0,0,3,0,0,0,1,1,1,1,1,0,0,1,4,0,1,0,0,0,2,4,0,1,0,0,1,1,0,0,0,0,1,0,0,2,0,3,0,1,0,0,0,0,2,0,0,2,0,1,0,0,1,5,3,0,2,3,2,1,0,1,0,3,2,0,0,2,5,0,0,0,0,0,0,34,57,136,202,201,94,36,1,0,2,2,3,0,0,0,0,3,3,0,1,0,0,0,2,2,1,44,152,232,255,255,255,254,254,251,214,149,6,1,0,0,0,1,1,0,3,3,3,2,3,0,2,46,152,238,254,253,230,160,137,248,200,253,229,226,104,0,2,0,2,0,0,0,4,0,0,0,0,4,152,233,255,255,185,143,4,0,3,193,34,200,246,227,250,20,3,0,0,0,0,1,0,0,0,2,10,125,251,254,237,124,10,1,1,2,0,212,43,69,253,255,253,23,0,0,2,0,0,2,4,0,0,5,72,243,253,230,55,0,3,1,0,2,26,116,223,245,253,255,162,5,1,1,1,0,3,1,5,0,2,0,73,236,255,224,109,137,180,177,168,209,251,227,253,252,252,230,40,0,2,0,0,0,2,0,3,0,0,1,11,172,243,251,255,255,254,247,255,255,254,250,250,255,175,26,1,3,0,0,0,2,2,0,2,0,0,0,1,2,18,135,195,175,145,157,198,255,252,255,255,150,13,0,0,1,3,0,0,1,0,0,0,1,1,2,0,0,0,2,0,0,0,3,158,255,255,245,99,6,1,1,2,0,0,0,0,0,0,1,0,0,2,3,0,0,0,1,7,2,3,117,247,255,254,93,2,0,1,0,0,0,0,0,0,0,0,3,0,0,0,0,0,1,1,1,0,1,100,245,255,255,213,4,3,1,0,0,4,0,0,2,3,4,0,0,3,0,2,2,0,3,0,1,2,53,237,255,255,241,60,4,0,0,0,3,3,4,5,0,0,0,0,0,0,0,0,0,1,0,0,0,0,136,254,255,245,65,0,0,1,2,0,0,0,0,0,0,1,0,0,1,1,0,0,0,1,3,3,0,11,248,254,253,146,0,5,4,0,0,0,0,3,0,0,0,0,0,6,1,1,0,0,1,1,0,0,13,229,254,255,211,12,0,2,0,0,0,0,1,0,0,0,2,4,0,0,7,0,0,0,2,0,0,0,78,255,255,255,65,0,1,0,0,0,1,2,0,0,0,0,3,0,0,0,3,2,0,0,2,2,0,0,213,253,247,136,0,0,1,2,0,1,0,0,0,0,0,1,1,4,2,3,2,1,3,0,0,0,0,2,224,254,232,21,0,0,4,0,0,1,0,0,0,0,0,0,0,2,0,1,1,1,0,0,0,0,0,0,114,255,108,0,0,0,2,0,0,0,1,1,4,0,0,0,0,3,2,0,0,3,0,3,4,1,0,0,0,1,0,0,0,1,0,7,0,3,1,0,0,0,2,0,1,1,0
2,0,2,0,2,2,3,1,0,3,0,0,0,0,2,7,0,0,0,0,4,1,0,0,0,0,0,2,0,0,0,1,0,2,0,0,2,1,0,0,1,0,1,0,2,2,0,0,1,0,0,0,0,0,0,0,0,0,1,1,0,0,0,0,1,5,2,2,0,0,0,1,0,0,4,0,4,1,0,0,0,0,0,0,0,1,1,1,0,1,5,2,0,0,1,2,0,0,1,0,0,1,1,0,5,1,0,0,2,0,2,0,0,2,2,2,0,3,3,0,0,5,2,62,7,43,119,189,116,115,63,0,2,2,1,0,0,0,0,1,0,1,2,1,0,2,1,0,0,12,179,246,236,243,255,251,255,255,244,238,84,3,0,1,2,0,0,0,7,0,0,2,1,0,2,0,0,151,251,251,252,210,194,177,173,179,255,255,240,44,2,0,0,0,5,0,0,1,0,3,5,1,1,3,44,233,255,227,63,29,14,1,1,6,129,252,255,170,15,0,0,2,0,0,2,0,0,0,0,3,5,0,56,253,251,106,0,1,5,1,5,0,2,134,248,255,76,1,4,0,0,0,0,1,0,5,0,1,0,1,62,254,157,0,0,0,4,0,0,0,2,3,221,252,156,0,1,0,3,4,0,0,0,0,0,0,1,1,194,251,100,0,0,3,1,3,4,2,0,2,150,253,214,1,1,1,1,2,0,0,0,0,1,6,3,33,215,239,60,0,1,0,0,3,0,1,0,0,81,252,211,0,3,3,0,1,0,2,0,0,0,0,4,123,255,170,1,0,2,0,0,2,0,0,0,3,86,255,211,3,0,0,0,0,1,4,0,3,0,0,0,215,241,63,1,0,3,0,2,2,3,1,0,0,83,254,215,0,2,0,3,1,0,0,2,0,0,1,3,212,199,0,0,0,0,0,3,0,1,0,3,2,86,254,218,0,5,3,0,0,2,2,0,2,0,1,11,219,195,3,0,2,2,2,1,0,1,0,1,3,87,254,215,0,0,0,3,0,0,0,0,1,2,0,97,255,198,1,3,1,0,2,0,0,2,2,0,0,162,255,213,0,0,1,1,1,0,1,0,0,2,1,100,251,197,1,0,2,0,2,0,0,1,0,0,53,239,255,74,4,0,1,0,0,0,0,1,0,0,0,101,255,199,0,0,0,1,2,0,0,1,0,54,165,255,196,3,0,0,5,1,0,0,0,0,0,3,3,65,241,196,0,0,2,0,2,0,1,1,2,168,255,229,52,2,0,0,0,0,0,0,3,0,8,1,0,4,214,215,21,1,0,0,2,0,45,152,203,252,255,61,0,0,1,0,0,0,0,5,0,4,2,0,0,0,212,252,200,178,182,181,181,176,233,253,252,236,152,11,2,0,0,3,0,0,0,2,0,2,0,0,0,2,80,207,252,255,251,253,252,251,255,251,234,121,4,0,0,0,0,0,0,0,0,1,0,0,0,4,0,0,0,25,209,253,254,255,255,250,155,105,0,1,0,0,0,2,1,3,0,4,0,0,2,1,0,2,3,0,0,0,3,0,0,3,0,2,0,0,0,1,0,2,4,3,0,0,4,0,0,0,0,0,4,0,0,4,0,0,0,0,0,1,0,0,1,0,1,4,0,3,0,0,3,1,0,4,0,0,0,0,0,0,0,1,0,0,2,0,0,0,3,0,0,0,3,0,0,0,0,0,0,0,2,0,3,6,1,0,0,0,3,0,2,0,0,0,0,1,7,0,0,0,2,3,0,3,0,0,6,1,1,2,3
0,5,1,1,2,0,1,2,0,0,0,0,0,3,2,1,0,4,4,0,0,0,2,0,0,0,0,4,0,0,3,1,1,0,1,2,2,2,0,0,2,3,0,0,3,2,1,2,0,0,0,0,0,2,0,1,0,0,0,0,0,0,0,2,0,1,0,3,0,3,0,0,0,0,0,0,1,0,1,0,0,0,3,2,0,0,3,0,0,0,3,0,0,0,7,202,253,177,1,4,0,0,0,0,3,0,0,1,0,0,4,1,3,1,3,1,1,0,1,2,3,6,151,251,251,126,3,0,1,0,0,0,2,0,0,1,0,0,1,0,0,0,1,2,3,0,0,1,0,119,252,186,56,0,1,0,1,3,0,1,5,0,0,0,0,0,3,0,0,0,0,0,1,3,0,0,1,141,250,120,0,0,4,0,1,0,4,0,1,0,0,0,0,0,1,2,0,0,0,1,1,0,0,0,0,157,250,50,1,0,2,0,2,1,0,0,0,0,0,3,0,1,0,1,2,0,0,1,0,0,0,0,25,253,197,3,0,0,3,4,1,0,0,2,0,1,0,0,0,3,0,0,1,0,3,0,0,1,0,2,153,251,197,0,0,0,0,0,1,0,57,82,85,38,0,0,0,0,6,0,0,2,0,3,0,0,0,2,226,255,94,0,0,0,2,0,149,223,243,249,252,238,127,2,1,1,3,0,0,0,0,0,0,0,0,11,228,223,3,0,0,6,53,231,255,255,231,176,224,255,228,31,0,0,0,3,0,0,0,0,0,2,0,107,250,155,2,3,28,125,253,251,228,138,28,2,0,177,250,58,3,0,0,0,0,1,5,0,2,0,0,158,254,109,0,0,151,252,255,191,45,0,0,2,0,138,254,54,0,0,1,1,0,0,2,4,0,0,0,185,248,118,1,36,235,255,150,6,3,0,0,0,0,141,204,4,0,1,0,0,0,0,3,1,0,4,0,198,253,115,0,151,255,167,0,0,0,0,0,0,0,153,202,0,0,0,0,0,2,0,0,0,0,2,0,199,255,115,1,175,250,193,0,0,0,3,0,4,23,249,169,0,1,3,0,0,2,0,0,2,0,0,0,196,249,113,2,21,229,245,127,17,0,4,2,1,200,245,57,0,0,0,0,2,0,0,0,2,0,0,25,220,251,118,1,0,24,204,255,194,14,0,77,198,248,123,1,1,0,0,0,2,0,0,0,0,0,2,0,184,247,179,9,0,3,3,81,35,33,155,252,245,123,0,0,0,0,0,0,1,1,0,0,2,4,1,4,28,206,251,193,78,56,53,127,200,251,252,211,77,4,3,1,0,0,0,0,4,0,0,2,0,1,0,2,2,22,216,251,254,249,254,253,251,250,155,18,0,0,0,0,3,0,0,1,1,0,0,2,0,1,3,0,1,1,18,102,138,245,144,142,138,42,2,0,2,0,2,0,0,0,0,0,0,0,0,0,4,4,2,0,1,2,0,2,0,0,1,0,2,2,0,1,0,2,0,2,2,3,1,0,3,3,0,0,3,0,1,2,1,0,1,4,0,0,0,4,0,0,1,0,0,0,1,3,1,1,3,0,1,1,0,1,1,0,2,1,0,0,0,0,0,0,0,0,0,1,0,1,0,1,0,1,0,0,3,3,2,0,0,0,1,0,0,5,0,4,1,0,0,0,1,0,3,0,4,0,0,0,3,0,5,3,4,0,2,4,3,0,1,0,0,0,0,0,0,0,0,2,0,2,1,0,3,0,2,2,1,0,1,0,1,0,1
1,0,0,2,1,0,2,0,4,0,4,0,0,0,0,0,0,3,0,4,0,0,0,2,0,3,0,0,2,0,0,2,2,0,1,1,4,0,0,2,3,1,0,1,0,2,0,1,3,0,4,0,1,1,5,0,0,0,0,3,2,0,1,0,0,0,0,0,1,0,1,3,2,0,0,2,0,0,0,0,2,0,0,0,0,2,0,0,0,0,0,0,2,0,0,2,0,0,2,0,3,1,3,7,0,1,0,0,0,0,1,0,3,3,0,2,0,1,1,0,2,0,0,0,2,0,0,0,2,2,0,0,0,0,0,0,1,0,0,2,0,0,0,1,5,2,2,1,0,1,2,0,2,2,1,0,0,1,0,1,1,0,0,3,1,0,0,1,2,0,0,0,0,5,0,1,3,0,0,0,0,0,2,2,0,0,0,3,3,0,0,0,0,0,0,3,1,0,4,0,1,0,0,0,0,0,0,2,51,183,253,255,253,171,36,12,78,10,4,1,0,0,0,2,0,0,0,0,2,0,0,1,2,0,5,67,230,253,253,251,253,252,157,187,250,89,0,0,0,0,2,0,2,0,0,0,0,4,5,0,1,1,58,253,249,223,82,64,68,99,86,235,248,67,0,0,2,2,0,0,1,0,0,0,0,0,1,5,0,44,233,251,183,48,5,0,1,25,204,251,135,0,0,2,1,0,2,0,0,0,0,2,0,2,1,3,0,172,254,175,39,6,0,0,0,65,252,250,61,0,0,0,0,2,4,2,0,1,1,1,0,0,2,1,153,250,241,41,0,1,0,2,4,189,254,196,3,0,0,2,0,0,0,0,0,4,0,1,0,2,0,1,212,255,227,2,0,1,0,3,130,252,248,61,4,0,0,0,6,4,1,3,2,0,0,0,0,1,0,2,206,253,228,0,1,1,34,139,251,255,225,17,0,0,1,0,1,0,0,0,3,1,0,0,0,1,0,0,169,254,254,206,206,207,230,251,250,250,159,0,0,0,3,0,3,0,0,0,2,2,0,0,0,0,5,0,10,179,253,253,252,252,251,73,175,252,56,0,0,0,5,0,2,6,0,1,0,0,2,0,1,1,0,1,2,2,65,117,115,75,3,146,254,216,20,0,0,0,0,0,0,3,0,0,0,1,0,1,0,0,0,0,0,0,0,0,0,1,4,255,250,164,0,0,3,1,0,0,0,0,0,1,0,0,1,2,3,2,2,0,3,5,0,1,1,2,33,253,241,47,0,0,0,1,1,0,0,1,0,1,2,4,0,0,4,4,0,5,1,0,2,0,4,0,158,250,167,0,0,0,0,0,0,1,0,2,0,0,0,0,3,3,0,0,1,0,0,0,1,0,0,46,242,254,89,0,0,0,0,0,0,0,2,0,1,0,5,1,0,1,5,2,1,0,0,0,4,0,0,92,254,250,85,2,0,1,3,0,2,2,1,0,4,0,0,2,0,0,2,1,0,1,1,0,0,0,3,116,251,207,4,3,0,2,4,0,1,2,3,0,2,0,2,0,0,0,0,3,0,0,0,0,2,1,2,204,255,114,2,0,0,0,1,0,0,0,3,2,0,0,0,0,1,1,3,4,0,2,0,0,1,1,0,169,252,116,1,1,0,1,1,2,0,2,0,0,2,0,2,0,1,0,0,0,0,1,0,2,2,0,0,94,195,62,4,0,0,0,0,3,0,0,3,4,1,0,1,2,0,1,0,3,0,0,0,2,1,4,2,1,3,0,0,2,0,0,1,0,0,0,0,0,0,0
0,3,0,1,0,2,1,0,0,1,1,0,1,0,0,0,1,5,3,0,3,0,1,0,0,0,4,0,0,0,0,1,1,0,1,0,0,1,0,0,3,1,0,0,1,0,0,2,2,3,3,0,2,0,6,1,0,1,0,0,0,0,1,0,0,0,0,0,0,0,2,0,0,2,0,0,0,0,1,2,0,0,0,0,2,0,0,5,0,0,0,3,0,0,0,0,0,0,2,3,0,0,2,0,0,0,1,2,0,3,0,0,0,2,0,4,0,0,3,3,1,4,0,0,1,3,5,0,0,1,0,0,1,4,0,3,0,0,2,0,0,1,6,0,1,4,1,0,2,1,0,0,19,65,136,255,255,167,138,25,1,0,0,0,3,0,1,4,0,0,0,3,0,0,2,0,0,0,6,121,232,255,253,254,255,248,251,157,0,0,0,1,0,2,0,2,0,2,0,1,2,0,2,4,0,2,109,253,251,251,253,186,252,251,253,249,3,0,0,2,1,0,0,1,2,2,1,0,0,1,0,4,0,43,235,253,252,252,117,7,131,251,254,253,0,1,2,0,0,0,4,1,0,2,1,1,0,3,0,0,45,176,250,252,219,46,0,0,8,51,232,252,209,1,5,0,1,5,4,3,0,1,0,0,0,2,0,0,93,251,255,249,112,0,0,2,3,5,136,254,255,155,2,1,0,2,3,3,0,0,3,6,0,0,0,0,167,252,252,183,0,0,4,1,1,0,0,213,254,205,3,2,4,0,4,0,0,3,1,0,0,0,0,19,217,250,249,91,0,2,4,2,0,1,1,113,252,203,0,3,0,0,2,0,0,3,1,4,1,0,2,71,253,255,196,15,0,0,0,1,0,0,1,118,255,223,24,3,5,0,0,0,0,5,0,0,3,0,0,124,250,254,63,0,0,0,0,1,3,1,1,114,255,250,66,1,0,0,0,0,2,1,1,0,1,5,0,133,254,252,0,0,0,0,1,3,0,0,0,117,251,254,71,0,4,0,0,0,1,3,3,0,0,0,2,187,250,253,1,2,0,0,0,0,1,2,0,117,255,252,68,6,3,4,2,1,0,1,0,1,0,0,1,184,255,253,2,0,0,1,0,0,0,0,3,116,252,236,49,0,0,0,0,0,1,4,1,0,2,0,1,180,253,255,0,4,0,0,2,0,3,0,1,209,254,109,1,0,3,0,2,0,4,1,0,0,0,0,0,50,227,255,155,0,1,2,0,1,0,0,3,232,234,10,0,3,0,0,2,4,0,2,5,0,0,0,0,0,92,255,242,49,1,0,3,0,0,1,153,254,170,1,0,5,2,2,0,0,1,2,6,0,5,3,4,1,32,166,252,112,0,1,0,1,0,65,234,230,43,0,1,0,2,2,0,0,0,4,3,0,0,0,0,0,0,33,224,240,130,0,3,37,91,236,252,139,7,1,0,0,0,0,3,3,0,1,1,0,0,0,0,0,2,3,21,177,236,206,102,233,250,250,172,34,0,1,0,2,4,0,0,2,0,1,3,0,0,0,0,0,0,0,0,18,54,179,253,136,136,58,2,2,3,3,2,0,0,0,0,0,0,0,2,2,2,0,1,0,0,0,0,0,1,1,0,0,6,0,0,0,0,0,0,0,0,0,1,0,0,0,0,1,0,0,0,0,1,0,3,0,0,0,0,4,3,2,0,1,0,0,0,0,0,1,0,3,0,0,1,0,0,0,0,0,2,0,0,0,2,4,0,0,4,0,0,0,0,2,0,2,2,0,0,1
0,4,1,4,0,0,0,1,0,0,0,0,0,1,0,0,4,3,2,0,0,0,0,0,1,3,0,2,0,4,0,2,0,0,0,2,0,0,0,2,2,0,0,2,0,0,2,2,0,0,2,0,1,0,0,1,0,1,0,2,1,0,0,2,0,2,0,1,0,3,3,0,0,0,0,0,0,0,1,4,0,0,0,0,3,0,1,0,0,2,4,1,1,0,0,2,0,0,2,3,0,2,1,0,4,0,1,0,1,0,1,0,0,0,1,2,0,2,0,1,0,0,1,0,0,128,255,191,3,0,0,1,0,0,3,0,0,5,0,1,4,0,0,0,1,0,0,0,0,0,2,0,2,190,253,255,63,2,2,0,0,0,2,0,2,1,1,3,0,0,0,2,4,0,2,0,0,1,1,0,0,255,255,253,123,0,0,0,0,2,0,0,0,2,0,1,3,0,1,1,1,0,0,2,0,0,0,5,2,254,254,255,0,0,0,1,0,2,0,3,0,4,0,0,0,5,3,1,0,0,0,0,3,0,2,1,0,255,255,255,0,0,0,3,1,0,0,0,0,1,0,3,0,0,4,0,1,2,2,7,0,0,1,0,0,125,250,255,134,0,0,0,0,0,0,1,0,2,3,3,3,3,0,0,0,0,6,1,3,0,0,0,1,254,252,255,129,0,0,0,0,0,0,0,0,0,1,0,0,0,0,0,0,0,3,0,0,3,0,0,1,253,255,251,130,1,0,0,1,0,5,0,0,3,2,1,1,0,0,4,0,0,2,0,0,0,1,0,0,252,255,253,127,0,0,0,4,4,0,0,1,0,2,3,0,0,1,0,1,3,0,1,1,0,0,2,1,253,255,255,126,1,0,3,2,2,0,6,0,1,0,4,0,0,0,1,2,5,0,0,1,0,4,4,0,254,255,255,0,0,0,2,0,0,0,0,3,2,0,1,2,4,4,0,1,0,0,2,0,2,2,0,0,254,255,255,1,0,2,2,2,0,0,0,0,0,6,0,0,0,0,0,0,0,1,0,0,0,1,2,0,251,253,255,0,2,0,3,0,2,3,0,0,0,0,0,7,0,0,2,1,1,2,3,1,0,2,0,0,253,253,254,0,0,0,0,1,4,3,0,1,1,1,4,0,0,0,0,0,0,0,0,0,0,2,0,3,187,254,255,129,0,4,0,0,0,0,0,1,1,1,0,0,5,0,4,1,1,3,1,0,0,0,0,4,192,251,254,129,1,2,0,2,2,2,2,0,0,1,1,0,0,2,0,2,3,0,0,0,0,0,0,62,255,254,255,129,1,0,1,1,1,0,0,3,0,0,0,0,0,0,2,0,1,2,0,3,0,0,0,194,255,255,255,131,1,0,1,0,2,0,2,0,1,0,0,0,0,0,0,0,0,0,0,1,1,1,66,255,255,255,62,3,2,0,0,0,0,2,3,0,0,0,1,1,0,0,0,3,5,0,3,3,1,0,63,254,126,0,0,1,0,0,0,0,0,0,0,0,1,0,0,4,2,0,1,1,0,2,0,5,0,1,0,0,0,2,0,0,0,0,1,0,2,1,1,0,0,2,2,2,0,0,0,0,0,0,0,2,2,3,0,2,2,0,2,0,0,5,2,0,0,1,0,0,0,0,0,0,0,1,0,2,0,0,0,0,0,0,0,0,0,0,2,5,0,2,0,0,2,0,0,0,0,1,0,0,0,0,0,2,0,0,0,0,2,1,0,0,2,0,0,3,0,0,2,1,0,0,0,0,4,0,0
0,2,0,0,0,1,0,0,0,0,0,0,0,2,0,0,0,0,0,2,0,1,0,3,2,0,0,2,0,0,0,4,3,0,2,0,0,0,1,0,0,0,0,0,0,2,2,0,0,0,0,1,0,1,3,0,0,0,0,1,0,1,2,1,0,5,2,1,0,2,0,3,2,1,0,0,2,0,0,3,2,4,1,0,5,1,4,0,0,1,2,2,0,1,0,0,1,1,0,0,0,0,0,0,0,0,0,0,0,0,5,2,1,0,3,5,1,0,2,2,0,0,1,2,47,129,215,253,250,250,204,163,40,0,0,0,0,0,3,0,0,3,7,2,2,2,1,0,101,141,199,205,255,250,255,253,151,66,2,1,2,2,0,1,1,0,0,0,0,3,0,4,5,4,0,0,252,254,246,208,144,101,81,0,0,0,0,0,0,0,0,0,0,0,1,0,0,0,3,0,2,2,0,0,174,253,201,0,0,0,0,4,0,0,0,6,0,1,3,0,0,3,1,1,1,0,0,1,0,0,0,0,19,220,239,32,2,2,3,0,4,0,3,0,1,2,0,0,0,0,0,0,3,0,4,0,0,0,3,3,0,122,255,52,0,0,0,0,0,0,0,0,0,1,0,0,0,0,1,3,3,0,2,0,0,1,0,2,1,121,255,94,51,53,52,11,1,0,1,0,0,0,4,5,1,0,1,4,0,2,0,0,0,6,0,2,20,224,254,250,253,252,255,171,80,0,0,5,0,0,3,0,0,0,0,0,0,0,2,3,3,0,2,19,216,253,198,161,106,102,201,223,254,252,49,8,1,0,2,0,1,1,0,0,0,0,1,2,0,1,0,65,252,171,0,1,4,0,5,20,112,195,254,211,38,0,0,5,0,4,3,2,5,0,2,0,0,0,0,0,0,0,1,0,0,0,0,0,0,0,102,201,233,52,1,0,0,0,0,0,2,0,0,0,0,0,0,2,0,0,1,0,0,4,0,0,0,1,3,17,218,233,80,2,2,3,1,0,0,1,1,0,2,0,0,3,0,2,0,1,3,1,2,1,2,2,0,1,59,202,234,114,4,2,2,0,0,0,1,3,0,0,0,0,3,0,0,2,0,0,0,0,0,1,0,3,1,19,216,253,2,0,3,0,0,1,4,1,2,0,2,0,4,0,0,0,0,3,0,0,0,4,1,0,0,2,151,252,0,1,1,2,0,1,0,0,2,2,4,3,0,0,0,1,0,0,3,0,0,0,0,0,0,43,233,217,0,0,4,0,1,0,0,0,0,0,0,0,116,91,1,0,0,1,1,0,0,1,0,2,27,172,248,36,2,0,1,0,2,2,0,0,1,0,2,78,254,152,0,0,0,1,0,0,19,103,100,182,236,210,78,4,1,0,0,2,4,0,3,3,0,1,0,83,255,250,237,150,152,189,173,252,253,252,254,214,142,23,0,0,0,0,2,0,0,0,0,3,0,2,0,4,72,156,150,230,252,210,194,152,132,49,50,9,0,1,2,0,0,0,0,1,5,3,3,0,0,0,1,0,0,3,0,3,0,0,2,0,0,0,0,0,1,0,0,1,2,1,0,0,0,1,0,2,4,1,1,4,0,1,2,1,0,0,0,2,0,4,4,2,1,0,0,1,2,0,3,5,0,0,3,2,1,1,2,2,1,0,0,0,5,0,0,0,1,3,0,0,0,0,0,0,0,0,0,1,2,2,0,0,0,1,0,2,0,0,3,0,0,0,0,0,3,0,0,1,3,1,0,0,4,0,1,2
0,1,0,0,1,0,0,0,3,2,0,1,1,3,2,3,0,1,3,1,0,0,0,0,0,2,0,0,0,4,0,0,0,0,4,0,0,1,0,0,0,2,0,0,0,0,3,1,0,2,0,0,0,4,0,0,0,0,0,0,1,0,0,0,2,0,0,1,2,1,0,0,2,0,0,2,0,0,0,0,0,5,2,1,0,1,0,1,2,0,1,0,0,0,1,1,0,3,1,6,0,2,0,0,2,1,0,0,0,3,1,2,0,1,1,0,3,3,1,0,0,2,2,0,0,0,0,0,0,0,0,0,2,0,0,0,0,0,1,0,3,0,1,0,0,0,3,0,1,0,0,1,0,2,0,0,2,0,0,0,0,2,1,0,0,0,2,0,0,2,0,3,3,0,0,3,5,0,2,64,150,232,255,206,118,0,0,2,0,2,0,0,1,0,0,0,1,2,0,0,1,0,2,0,0,23,200,250,250,225,219,236,254,87,3,0,3,0,0,0,3,0,4,0,2,4,2,1,2,0,3,0,20,209,253,222,69,13,0,34,208,172,1,89,34,0,0,1,2,0,0,1,0,0,0,1,1,2,0,0,136,248,230,9,0,2,0,0,36,29,76,252,253,7,3,3,0,2,0,0,4,1,0,1,0,0,6,90,248,238,7,0,3,0,2,3,2,42,238,249,172,0,1,0,0,2,3,0,0,0,0,0,0,1,0,129,253,195,1,0,0,3,1,0,0,14,241,249,161,0,0,0,0,1,0,2,2,3,0,2,4,4,0,169,255,75,0,0,0,0,0,1,1,81,248,252,78,1,0,3,0,0,0,6,0,2,1,1,0,3,8,249,254,47,0,0,4,0,2,0,8,217,252,240,32,1,0,0,0,0,2,0,0,1,0,0,2,0,10,250,253,50,0,1,0,0,0,7,72,254,253,144,0,0,0,2,0,4,2,0,0,0,0,0,0,2,4,222,249,117,0,0,3,1,26,117,249,247,255,49,0,0,2,0,0,2,1,0,0,1,0,1,0,0,0,27,243,255,187,99,148,163,219,247,234,253,221,16,0,0,3,0,0,3,0,2,2,2,0,2,0,0,2,0,77,199,251,254,247,213,155,67,250,255,156,0,0,0,2,0,0,1,0,1,2,3,3,0,0,0,6,3,1,5,53,56,55,0,0,37,255,252,77,2,0,0,0,2,1,0,1,0,0,1,2,4,0,4,0,0,2,2,3,4,0,3,0,71,253,249,16,6,0,0,2,0,0,1,0,0,0,2,1,7,1,0,0,0,0,2,2,0,0,2,0,148,252,253,17,2,0,0,2,3,0,0,0,4,1,3,0,0,3,1,1,1,1,0,2,3,0,5,33,237,255,190,2,0,0,2,6,0,0,0,2,0,5,0,0,0,0,0,0,0,0,0,0,0,0,0,69,253,252,111,2,5,0,0,0,0,0,4,0,0,1,0,4,4,0,1,0,0,0,0,0,4,0,0,89,253,244,4,1,0,0,1,0,2,0,0,0,0,0,0,0,2,3,0,2,2,0,0,3,0,1,0,169,252,196,1,3,0,0,2,3,4,1,2,0,0,1,1,0,3,0,0,0,3,0,0,2,4,0,4,255,255,141,1,0,0,2,3,0,2,1,0,2,0,1,0,0,0,1,3,0,0,3,0,0,3,0,0,0,0,1,0,2,5,0,0,0,0,0,0,1,1,3,3,0,1,0,1,0,1,0,5,0,0,0,1,0,0,3,2,0,0,0,3,3,1,0,0,0,0
1,0,2,0,0,2,3,0,0,0,2,0,2,0,5,2,0,5,0,0,0,0,0,2,2,0,0,0,0,0,0,2,1,0,0,0,3,0,0,3,4,0,0,5,0,0,3,0,1,0,1,0,4,0,3,0,3,5,0,1,0,0,0,1,0,0,1,2,3,2,0,0,0,0,0,0,0,4,0,3,3,3,4,0,2,0,0,0,4,0,2,0,0,0,1,0,1,0,0,5,0,2,5,2,0,0,1,0,1,0,3,2,2,0,5,2,0,1,0,1,0,0,0,2,0,3,0,1,0,2,0,0,0,0,0,0,0,0,1,0,1,0,0,7,0,0,2,0,1,1,0,0,3,0,0,4,0,5,1,0,0,0,1,0,0,1,0,0,0,0,1,2,0,0,0,0,0,0,0,3,1,2,4,1,0,0,0,0,5,0,0,1,0,2,0,0,1,1,0,2,74,250,251,253,255,245,164,164,135,21,79,61,0,0,1,1,0,0,4,0,1,0,0,0,0,4,1,0,107,255,255,254,255,255,255,255,254,251,255,251,197,112,68,40,1,0,3,3,0,0,0,0,3,0,0,0,8,100,137,105,107,111,191,192,198,233,253,255,255,250,255,246,130,0,1,0,0,3,0,2,0,0,0,1,0,3,1,1,3,3,0,2,5,46,115,120,203,248,254,255,238,10,2,0,1,0,0,0,1,0,2,0,1,1,2,2,1,0,0,0,0,0,0,0,10,33,155,252,250,130,0,3,1,1,2,0,3,0,0,0,2,1,1,0,0,0,0,2,0,0,1,1,1,2,35,252,240,34,0,0,1,4,3,0,0,1,1,0,0,0,0,3,1,0,3,2,4,0,0,2,0,4,115,252,255,118,0,3,1,5,4,0,0,0,0,0,0,0,2,1,3,2,4,3,6,5,0,0,0,33,244,252,241,13,0,2,0,0,4,0,0,0,0,2,0,0,0,0,0,1,0,1,1,0,0,1,0,108,255,255,145,0,0,0,1,0,1,0,1,0,0,1,5,0,0,5,0,0,0,0,2,2,0,3,38,242,255,248,39,0,0,0,3,0,6,0,0,0,2,0,2,0,0,1,1,0,0,0,1,0,0,21,180,255,254,115,1,0,0,1,1,3,0,0,1,0,0,2,2,4,0,0,1,0,0,1,0,0,0,141,255,250,220,3,0,0,2,0,0,0,0,0,5,0,0,3,0,1,0,0,1,0,0,0,1,0,84,253,255,242,49,0,2,0,0,5,2,1,2,1,0,1,1,2,3,0,0,0,0,0,1,0,6,63,237,253,255,84,0,5,0,0,1,0,0,0,0,0,0,1,4,0,0,0,0,0,4,0,2,0,16,243,252,255,145,2,1,3,0,3,0,3,0,0,0,2,0,0,0,1,1,0,0,0,2,3,1,1,111,255,255,199,7,4,0,3,2,0,0,0,0,1,0,0,1,1,1,0,1,3,0,0,1,1,1,57,254,253,249,85,1,2,0,0,1,0,2,0,0,3,0,0,0,1,2,2,0,1,2,2,1,0,13,236,254,255,196,6,0,0,0,0,0,4,2,0,0,0,2,3,0,0,0,0,5,2,4,0,1,0,80,255,255,197,29,1,0,0,0,0,0,0,2,2,0,0,3,2,0,0,0,5,2,1,2,0,0,1,42,232,192,31,0,2,1,3,0,0,2,3,2,1,0,0,1,0,0,0,3,1,6,0,0,0,0,5,0,0,2,1,3,0,1,0,1,1,0,0,2,1,0,0,0,0
0,0,0,0,1,0,0,0,0,0,3,2,2,0,0,0,0,1,0,1,0,0,1,0,0,3,0,0,0,0,0,0,0,0,1,0,0,0,1,0,0,0,0,0,0,0,0,2,0,3,0,0,0,0,0,1,3,0,0,0,2,0,0,1,1,0,0,0,0,4,1,1,3,3,0,0,0,2,0,3,0,0,0,0,0,3,1,0,0,0,2,0,2,0,0,1,3,0,2,2,0,0,3,0,1,0,1,2,4,1,1,0,2,0,1,4,0,1,12,39,143,144,49,1,0,0,4,4,0,0,0,1,4,0,1,1,3,0,1,2,1,0,3,3,0,17,128,255,254,252,251,162,19,1,4,0,2,0,0,3,0,3,0,2,0,0,1,5,0,2,0,2,0,132,253,249,252,252,255,254,227,67,0,1,2,1,0,0,0,0,0,1,2,0,1,0,2,1,0,2,2,99,254,249,146,99,106,236,255,245,128,10,0,3,0,0,2,5,4,0,2,0,4,0,0,1,0,1,0,182,253,168,0,0,0,63,237,252,255,161,1,0,2,0,2,0,1,0,0,0,2,2,0,0,0,0,8,255,252,43,0,0,1,3,60,194,255,255,168,4,0,2,1,0,0,2,3,0,0,0,3,0,0,0,0,185,255,31,2,0,0,1,0,52,236,252,255,87,0,0,0,0,0,0,0,2,0,1,1,2,0,0,3,146,255,33,1,103,189,90,86,87,148,255,252,123,0,4,0,0,0,1,3,0,3,0,0,1,0,0,1,97,250,77,38,252,253,251,255,255,255,253,250,226,82,14,0,0,1,2,5,0,0,0,3,2,0,0,0,14,93,10,38,239,251,251,252,248,252,248,252,253,250,242,89,16,0,3,0,0,0,0,0,0,0,0,0,0,1,0,0,77,163,176,255,254,250,250,254,252,252,249,252,206,42,4,1,0,0,0,0,0,1,1,0,0,4,3,0,0,0,4,19,17,36,37,12,20,146,247,252,253,186,44,1,0,0,0,0,0,0,2,1,0,2,0,0,21,55,2,0,0,0,0,0,0,0,61,208,255,250,179,3,0,2,3,0,3,1,0,0,0,1,4,77,227,246,81,1,2,0,1,0,3,1,0,10,216,253,243,71,2,3,0,0,0,1,1,0,0,0,1,93,247,255,255,58,0,1,1,0,3,0,0,1,55,254,253,190,0,1,0,2,0,0,2,0,0,0,2,2,114,253,255,61,1,1,1,0,0,0,0,2,97,252,252,146,0,0,5,0,0,1,0,3,0,0,0,4,13,186,255,222,163,41,1,2,0,0,112,210,246,253,249,145,1,6,3,0,0,0,5,0,0,0,2,0,0,12,222,243,249,251,255,246,247,247,254,254,252,255,202,23,0,0,1,4,0,0,0,0,0,4,1,0,1,0,0,93,185,229,252,254,255,250,253,253,193,126,20,0,0,2,0,3,1,0,0,2,0,0,0,0,0,0,0,0,0,24,34,140,72,125,87,40,7,0,2,1,0,0,0,4,2,0,0,0,3,3,2,2,1,0,0,0,5,0,2,0,2,3,0,0,4,0,1,2,0,4,1,0,0,0,0,0,0,0,0,3,3,0,0,2,2,0,1,3,0,0,0,0,0,1,0,2,3,1,1,0,0,0,0,0,0,2,0,1,0,0,0,0,0,0,3,6,0,0,0,0,1,0,3,0,0,0,0,2,0,0,0,5,1,0,1,0,2,0,3,0,0,0,4,4,2,1,0,1,2,0,0,1,0,0,0
0,0,2,0,3,0,1,3,2,2,1,0,0,1,4,0,0,1,0,2,0,3,5,1,4,2,0,0,1,0,0,0,0,1,0,0,1,0,2,1,1,1,0,0,0,1,3,3,1,0,1,0,0,0,0,2,2,0,0,0,0,2,0,0,0,3,2,2,2,0,3,0,0,0,4,0,0,0,0,0,3,0,0,0,0,0,0,1,0,0,1,2,1,1,2,2,0,0,0,0,0,2,0,2,0,0,2,0,0,0,0,1,1,0,0,0,0,3,0,0,2,1,1,0,1,3,1,2,0,0,0,1,0,0,0,0,2,1,3,0,0,1,0,6,1,0,1,3,3,0,2,0,0,0,0,1,2,0,168,87,0,1,0,0,0,0,0,0,1,0,0,2,0,1,0,3,0,1,0,0,3,0,0,1,0,2,235,125,0,0,1,0,1,4,2,0,1,3,0,0,2,0,0,0,0,0,0,0,0,0,0,0,0,45,253,128,0,0,0,0,0,1,0,2,3,0,0,2,2,1,0,0,0,39,176,31,0,0,2,0,2,52,255,84,0,0,1,2,2,0,0,0,0,0,4,0,0,3,1,0,1,91,252,82,0,0,3,0,0,88,254,55,3,0,3,0,0,0,3,0,5,0,0,1,0,0,3,0,1,160,253,54,0,0,0,6,2,186,236,2,3,0,0,0,4,0,1,0,0,3,0,1,0,0,0,0,14,227,166,3,3,4,0,4,0,194,236,0,5,2,0,0,1,0,4,1,1,0,0,0,0,0,0,2,57,255,114,1,4,1,1,2,20,235,166,0,0,1,1,0,0,0,0,2,0,2,0,0,0,0,2,0,115,254,54,0,0,2,0,1,100,253,106,2,0,0,0,3,2,0,2,0,0,1,3,1,0,2,0,7,221,239,72,156,182,183,254,248,254,255,111,0,1,0,0,0,0,0,0,0,0,2,2,0,0,2,0,13,255,255,253,250,211,177,180,185,247,253,249,94,2,0,0,0,2,1,0,0,2,0,1,0,0,0,0,8,221,242,119,20,1,1,3,2,226,255,243,201,1,0,6,2,0,2,4,0,0,0,3,0,0,2,4,2,12,15,0,0,0,0,1,27,245,204,48,37,2,0,0,2,0,0,0,2,0,0,1,0,0,0,1,3,0,1,0,2,0,1,1,96,255,132,0,0,4,0,0,2,1,2,0,0,3,1,0,4,1,0,2,0,3,0,0,0,4,3,0,113,252,63,1,1,0,0,3,0,1,0,0,1,0,2,0,0,0,0,3,0,1,0,2,1,2,0,3,118,255,57,0,0,0,2,2,0,1,0,2,0,0,0,0,0,0,2,4,3,0,0,0,1,0,0,4,111,252,64,1,2,0,0,0,0,0,2,0,0,0,1,1,4,6,0,0,0,0,0,0,0,0,0,0,177,255,102,0,0,0,5,1,4,0,5,0,4,0,0,1,0,0,0,0,0,0,3,2,1,1,0,1,188,255,83,4,0,0,0,1,1,3,2,0,0,0,2,0,1,0,1,0,0,0,0,0,0,0,2,2,116,174,14,3,2,0,0,0,1,2,1,1,1,4,1,0,2,0,3,0,1,0,5,1,0,3,0,2,1,0,1,1,0,3,0,1,1,0,1,2,0,2,1,0,0,0,2,0,2,3,0,0,0,1,0,0,0,1,0,1,0,0,2,1,2,0,0,0,0,4,0,6,1,0,0,0,2,0,0,1,0,1,0,1,0,0,3,0,0,1,0,0,0,2,2,3,0
1,0,0,0,0,0,1,0,1,0,2,0,0,0,0,3,3,0,0,0,1,0,5,1,3,3,1,1,0,0,0,2,0,0,0,0,3,0,0,2,2,0,2,0,1,2,5,1,0,0,1,0,4,0,1,2,0,2,0,4,0,0,3,0,0,3,0,0,0,0,0,0,1,0,0,1,0,2,4,5,0,0,0,0,2,4,2,5,4,0,0,2,0,1,2,0,0,0,2,3,1,2,0,0,0,0,0,4,0,0,2,0,0,0,0,3,2,1,2,0,2,2,0,0,0,0,4,0,0,1,0,0,0,0,2,0,0,3,0,2,3,0,0,0,0,1,2,0,0,1,0,0,3,1,0,1,0,0,0,3,1,1,0,0,2,0,4,0,1,0,2,0,0,0,0,0,0,2,0,3,0,0,0,32,139,193,41,0,2,0,3,0,6,2,0,0,0,0,2,2,0,0,2,0,3,1,2,0,2,40,145,245,255,254,228,44,79,46,0,0,1,2,0,0,1,0,3,0,0,0,2,1,0,1,1,1,45,231,253,253,255,253,254,239,255,199,0,0,3,3,3,1,0,1,2,1,4,1,0,3,2,2,18,130,253,252,253,237,252,254,254,255,255,238,3,0,0,0,0,2,0,0,1,0,1,3,0,0,0,0,152,254,255,246,106,71,199,255,255,253,235,57,0,0,0,0,0,0,0,4,0,0,0,1,1,0,3,171,251,252,208,49,117,216,255,255,255,252,184,5,0,0,1,0,1,0,3,0,2,3,0,5,0,1,115,253,255,220,84,248,255,254,249,255,253,223,28,6,0,6,0,0,0,0,1,0,1,0,0,3,1,7,228,253,252,254,255,251,236,128,194,254,253,119,3,1,0,0,0,0,4,5,0,1,2,0,1,1,2,0,194,255,252,247,239,129,17,47,245,252,199,14,0,1,0,2,0,2,1,0,0,0,0,1,0,0,0,0,20,93,87,40,0,1,13,177,252,244,35,0,1,0,0,0,0,3,2,0,1,0,0,0,0,0,1,0,0,0,0,0,4,3,98,255,254,150,2,0,0,0,2,0,2,0,0,4,6,0,1,0,0,0,0,0,0,0,3,0,0,17,211,253,224,8,0,2,1,0,3,0,0,0,2,0,0,2,1,0,0,0,0,1,1,0,0,0,0,201,255,255,98,1,0,2,2,3,0,0,0,2,0,0,0,2,1,0,0,2,4,0,4,2,0,1,34,240,252,181,4,2,0,0,0,0,3,0,1,0,0,0,5,0,0,0,0,0,3,0,0,0,2,25,222,253,221,30,0,3,0,0,0,1,0,2,5,0,0,0,0,0,1,0,2,3,2,0,0,2,4,78,254,255,127,3,0,0,0,2,1,0,0,0,3,2,0,0,2,0,1,0,0,0,0,0,2,0,51,238,252,249,54,0,0,3,0,3,0,2,2,0,1,3,0,0,0,0,0,1,0,0,0,0,4,10,183,252,255,235,44,0,2,1,3,0,0,0,0,0,0,0,0,2,0,0,0,0,7,3,0,0,0,117,255,255,230,48,5,0,0,0,0,3,1,5,0,0,1,0,1,1,2,0,1,0,3,0,0,0,1,110,240,128,24,0,1,0,2,0,0,0,1,0,0,0,0,1,0,0,0,0,2,1,0,1,0,5,2,0,0,2,2,1,0,2,0,3,3,0,0,0,0,0,0,0,0,1,0,4,0,1,0,3,2,0,1,0,0,1,0,0,0,0,4,1,5,3,0,3,0,0,3,0,0,0
0,1,0,0,2,0,1,1,1,0,0,1,1,1,0,0,0,1,0,0,0,1,0,0,0,2,6,0,0,2,0,2,4,0,2,0,0,0,2,0,3,2,3,0,0,1,2,0,0,0,2,2,0,0,4,4,0,3,0,1,0,0,0,1,0,2,0,0,1,4,0,0,0,0,0,0,2,0,0,0,4,3,0,3,0,2,0,0,1,5,0,2,0,0,1,1,44,180,254,246,51,0,1,0,1,6,0,0,0,1,1,1,1,1,0,0,6,0,0,0,0,0,1,0,186,251,253,235,165,0,0,0,0,0,2,6,1,1,0,0,0,0,2,2,1,0,1,2,0,0,1,64,232,253,136,40,57,0,0,4,1,0,0,1,0,2,4,3,1,0,2,0,4,0,1,0,3,6,24,232,252,177,6,2,0,0,1,0,0,2,0,0,1,0,0,0,1,1,5,0,0,1,3,4,0,1,76,255,248,61,1,0,2,0,0,5,4,0,2,0,0,0,0,0,0,0,0,1,0,2,3,0,5,4,141,255,175,0,0,0,0,1,0,2,0,1,0,4,1,0,0,0,0,0,0,0,1,1,0,1,1,20,213,255,70,4,3,0,1,0,0,1,2,2,2,1,2,0,1,8,2,2,0,4,3,0,3,0,1,117,254,239,54,0,0,0,2,0,3,2,2,1,0,1,0,0,0,0,0,6,1,0,0,0,1,1,0,158,252,204,4,1,0,0,0,0,1,0,1,0,0,0,0,0,0,0,1,0,0,0,0,1,2,1,0,231,253,105,1,3,0,0,0,0,0,5,0,1,0,0,1,4,4,3,1,0,3,1,3,5,2,0,1,231,255,177,136,180,255,252,250,225,96,9,0,3,5,0,1,1,5,3,1,1,0,2,2,4,2,0,2,230,254,255,251,253,249,208,252,251,253,113,4,3,0,0,0,0,0,0,2,0,0,0,0,0,3,0,1,227,252,239,182,88,66,6,68,173,255,252,83,3,0,2,0,4,0,2,0,1,1,0,0,0,0,0,0,136,250,150,0,0,0,0,0,13,212,255,111,2,7,5,0,0,4,6,0,6,2,3,0,1,3,0,0,115,250,204,1,0,0,0,0,0,157,251,122,0,0,0,0,0,1,1,0,0,0,3,0,1,1,0,0,104,255,213,5,0,0,0,2,47,231,253,116,1,0,0,0,0,0,0,0,0,0,0,1,2,0,0,0,0,159,255,149,9,0,0,29,198,251,251,93,0,3,1,0,0,0,0,0,5,0,1,0,0,0,3,0,2,15,230,252,154,65,80,226,250,228,129,6,1,0,5,0,0,0,1,1,0,2,1,0,0,1,3,2,0,3,49,226,252,250,250,250,181,53,2,0,0,1,1,0,0,3,2,0,1,0,0,2,3,0,1,5,0,3,3,46,178,250,190,116,6,1,1,0,0,0,0,0,0,0,3,0,0,0,1,0,1,0,0,1,0,0,2,1,3,1,3,0,3,3,2,0,0,2,0,5,0,1,0,4,3,0,0,1,0,2,0,0,0,3,1,2,0,2,0,0,3,0,2,0,3,0,0,0,0,0,4,0,3,0,0,3,0,0,4,2,0,0,0,0,0,3,4,4,1,0,5,3,2,1,0,3,1,0,0,0,0,1,1,0,0,0,0,3,0,0,0,0,0,0,5,2,0,0,1,3,0,0,0,4,2,0,0,0,0,2,0,0,2,0,0,0,0,1,2,0,3,1,4,0,1,0,0,0,0,2,0,0,0,2,0
2,0,0,2,1,0,0,2,0,4,1,0,0,0,1,0,2,3,0,0,1,0,0,0,2,0,1,3,2,0,0,0,0,2,2,0,3,3,0,4,0,1,0,0,0,0,0,0,0,1,0,0,0,3,0,0,0,1,0,1,0,0,0,1,3,2,1,0,0,1,0,0,3,0,3,0,0,4,0,1,3,0,1,0,1,1,1,1,0,0,2,1,0,112,253,58,1,4,0,2,0,0,0,0,0,0,0,0,4,0,0,3,2,0,0,1,0,0,3,2,1,229,254,57,0,6,3,0,1,0,1,1,0,1,4,0,1,0,0,0,0,0,3,0,0,0,1,0,32,255,112,0,0,2,0,1,0,0,0,0,3,0,0,0,0,3,0,5,0,5,0,1,0,0,0,0,112,255,91,0,0,0,4,2,0,0,3,0,0,0,0,3,2,5,3,0,0,0,0,0,1,0,0,0,200,254,36,5,1,5,0,1,0,2,1,0,1,4,3,0,0,0,4,1,0,0,0,0,0,0,0,31,254,228,1,0,3,0,0,0,0,1,0,3,4,0,0,0,0,1,2,2,0,0,0,0,0,0,0,141,252,145,1,0,2,0,2,0,55,89,88,141,58,2,0,2,0,0,1,0,2,4,0,0,0,4,0,172,255,89,2,3,1,2,1,56,224,254,254,255,255,58,0,2,2,2,0,0,2,0,0,1,2,0,0,169,251,85,2,0,0,3,1,169,255,252,116,55,228,197,1,0,0,0,1,0,4,0,3,1,4,0,0,174,255,84,0,4,0,0,57,255,255,86,0,0,168,254,2,1,0,0,1,1,0,4,0,0,0,0,0,170,255,88,0,4,0,3,165,253,84,3,0,1,170,255,83,1,0,0,0,0,0,0,4,0,0,0,0,141,254,116,2,0,0,28,255,200,1,0,3,0,169,255,87,1,0,0,3,0,0,0,0,0,0,1,0,33,253,255,0,1,0,167,254,113,0,0,0,1,194,226,1,0,1,0,0,1,0,0,0,2,0,0,1,2,197,255,114,0,4,169,255,85,1,0,0,85,252,117,3,5,0,0,0,1,0,0,1,0,3,1,0,0,83,255,255,169,58,255,253,30,0,0,89,227,228,30,0,0,0,2,1,0,1,0,0,0,3,1,1,0,0,119,224,253,255,255,253,85,87,170,253,255,57,0,0,5,0,0,2,1,3,2,0,0,5,0,1,0,0,0,28,143,255,251,254,255,255,250,199,30,0,0,0,2,0,0,2,2,0,0,0,0,3,1,2,0,3,1,0,5,0,223,251,255,140,84,0,0,1,0,0,0,2,1,0,0,0,0,0,2,0,0,5,3,0,0,0,3,0,143,255,255,171,167,59,0,3,0,3,0,0,4,1,0,0,1,0,1,0,0,1,0,0,1,2,0,0,1,139,227,172,117,28,0,0,3,0,4,4,0,1,0,0,3,0,1,0,0,1,0,2,1,3,3,0,0,0,1,1,0,0,1,0,3,1,4,0,1,0,0,3,3,0,3,3,0,0,0,0,0,0,0,2,6,1,3,0,0,0,0,0,3,0,0,0,0,2,0,0,0,3,3,4,0,0,3,0,0,5,3,0,0,3,0,1,2,0,0,0,0,0,0,0,2,0,4,0,0,2,0,0,1,0,0,2,0,0,1,1,4,0,3,0,0,0,0,0,5,4,0,0,1,0,0,0,3,0,0,4,3,0,2,0,0,3,1,0,0,0,0,0,0,0,0,0,2,4,1,0,1,0,1
2,0,0,2,4,0,0,1,5,3,2,0,0,0,1,3,0,6,0,3,1,1,0,3,1,0,0,0,0,3,2,5,0,0,0,2,2,0,0,1,0,0,1,0,0,0,3,0,0,5,0,0,4,0,0,0,2,0,0,2,2,0,3,3,3,0,1,1,2,0,0,0,3,0,0,1,0,2,1,2,3,0,1,0,0,3,0,2,1,0,2,2,2,0,0,0,0,0,0,0,2,0,0,0,0,0,2,2,2,1,0,1,0,2,2,0,0,0,0,1,3,0,0,0,0,1,3,0,4,0,0,2,0,0,0,1,0,1,1,2,0,4,3,0,0,2,1,2,0,3,1,2,0,2,0,2,71,150,236,255,255,253,249,255,52,0,1,0,0,0,1,0,1,0,0,0,0,0,0,0,1,84,167,232,253,254,221,138,82,40,157,255,136,2,1,1,0,0,0,2,1,1,2,0,1,1,0,139,244,255,255,216,168,56,10,0,0,0,102,189,1,2,0,0,3,0,3,0,1,0,0,0,0,3,0,236,255,169,52,5,0,0,2,1,2,3,35,8,0,0,0,0,0,0,0,0,3,0,0,0,0,0,0,174,255,98,0,0,0,0,0,0,6,0,1,1,1,0,1,0,1,1,0,0,3,3,0,0,0,4,37,245,221,11,0,0,0,0,1,0,0,6,3,1,3,0,0,0,5,0,0,3,1,0,0,1,0,3,141,254,148,0,0,0,0,1,0,4,1,0,0,0,0,3,2,4,2,1,1,2,0,0,0,1,2,0,152,255,114,1,0,0,0,0,0,2,0,4,0,4,2,0,0,2,0,0,0,0,3,0,2,0,1,0,230,239,35,0,0,0,1,1,1,1,0,0,1,0,1,0,0,4,0,2,1,0,0,0,0,3,1,11,239,203,43,40,44,42,12,0,0,2,0,0,1,3,0,2,2,2,0,0,4,5,0,4,3,0,0,69,255,255,255,252,255,254,205,84,10,0,4,1,0,4,0,0,0,0,0,3,0,0,0,1,0,0,1,34,183,169,134,131,159,209,255,254,168,8,3,0,2,0,0,1,1,0,4,4,0,0,1,0,3,1,1,3,3,0,0,4,0,12,51,179,255,123,4,2,0,0,0,0,0,0,0,0,2,0,0,0,0,0,0,0,0,0,2,0,2,0,31,208,254,103,0,3,3,2,1,0,4,5,0,1,0,0,0,5,0,1,2,0,0,2,0,2,3,60,207,255,193,11,0,2,1,2,2,0,1,3,1,0,6,0,3,0,0,1,0,0,0,3,0,9,137,242,255,198,49,1,0,0,1,3,0,0,0,0,1,0,2,0,1,2,0,0,0,15,89,118,147,219,255,247,124,16,4,3,0,3,0,0,2,0,0,0,0,3,0,0,0,0,0,4,117,255,213,247,255,252,198,50,4,0,0,2,0,0,0,0,4,1,0,0,2,0,0,0,0,0,5,138,254,254,255,254,199,72,0,5,3,1,2,1,0,0,0,0,0,0,0,0,0,0,0,1,0,1,2,79,161,196,90,8,0,0,0,0,0,0,0,0,0,0,1,0,0,0,0,0,0,5,0,2,0,0,0,0,3,2,2,3,0,3,1,0,1,0,0,0,0,0,0,1,0,0,0,0,4,0,0,0,0,3,2,1,0,4,0,0,0,0,1,0,2,0,0,0,2,0,2,4,1,0,1,0,1,3,0,0,0,5,5,1,0,1,1,0,4,4,1,0,0,1,2,0,1,0,0,0,1,0,1,0
0,2,1,0,0,0,0,1,3,1,0,0,0,3,0,1,0,0,0,0,0,0,2,1,2,0,0,2,0,0,1,0,0,3,0,0,0,0,0,0,0,3,3,1,0,2,0,1,0,2,2,0,0,1,4,2,0,3,1,0,0,1,0,1,0,0,0,3,0,0,0,2,0,0,0,0,0,0,1,0,5,1,0,2,0,4,5,0,0,0,4,1,1,0,0,3,0,0,0,0,4,0,0,0,2,0,2,0,1,3,2,0,0,3,2,6,0,0,0,2,1,1,0,0,3,0,0,3,1,0,2,0,1,2,0,3,0,0,0,0,0,0,1,0,0,1,0,4,0,0,0,197,63,0,0,2,0,0,1,0,1,1,0,0,0,0,0,2,0,3,0,0,0,0,0,0,0,0,50,246,43,0,0,1,0,1,0,2,0,0,2,1,1,0,0,0,0,0,0,0,0,0,3,2,2,2,189,237,18,0,0,2,134,82,0,2,1,0,0,0,0,0,0,0,0,0,0,1,0,1,5,1,1,89,211,24,0,2,0,1,127,170,0,0,1,2,1,0,0,4,2,0,0,0,0,2,0,1,3,0,0,127,128,1,0,1,2,4,93,209,5,0,2,0,0,2,3,0,1,2,0,0,2,0,0,0,2,0,31,233,110,0,1,0,0,0,92,244,29,2,1,0,0,3,0,2,0,2,0,2,1,2,0,0,3,0,116,220,18,0,0,3,3,2,170,240,56,0,2,3,0,0,0,1,1,0,1,3,0,0,0,1,4,30,240,125,1,1,0,0,0,40,247,135,1,1,0,0,0,0,0,0,3,1,0,0,0,3,0,0,0,130,242,17,0,0,1,0,0,14,232,133,0,3,0,1,0,1,0,0,0,0,1,0,3,0,3,3,16,255,178,1,1,0,0,0,0,1,165,129,1,0,1,6,0,0,0,0,0,1,0,0,4,0,2,0,11,188,229,136,100,22,0,2,1,0,112,218,32,30,32,4,0,3,4,2,1,0,1,0,1,2,0,0,0,6,93,132,198,222,212,210,212,209,227,254,253,205,119,8,0,1,0,0,0,0,0,0,2,5,0,2,3,0,1,0,1,6,13,38,90,87,199,243,35,3,1,0,0,1,1,0,1,0,0,0,0,1,0,3,1,2,0,0,0,0,0,0,0,3,168,231,19,0,0,0,0,3,0,1,0,2,0,0,0,0,1,0,0,2,0,0,0,0,0,5,3,0,167,142,1,3,2,3,0,1,0,0,5,0,0,4,0,2,0,4,0,3,0,1,1,3,0,1,2,1,89,187,3,0,0,0,0,0,0,0,3,3,0,2,0,2,0,5,0,0,0,0,0,3,3,0,2,0,95,235,38,0,3,0,0,2,1,0,0,0,2,0,0,5,0,0,0,0,0,3,6,0,3,2,2,3,18,250,63,0,2,0,2,0,0,0,3,1,2,3,0,0,0,0,0,1,0,2,2,0,0,1,0,0,4,211,221,0,0,0,0,1,0,2,3,3,0,0,1,0,3,0,0,1,0,1,0,0,0,1,1,3,0,106,166,0,0,2,1,3,0,0,3,1,0,0,0,2,3,0,3,0,0,0,0,2,1,1,2,3,0,0,2,0,0,2,0,0,0,2,0,0,1,0,0,0,3,0,0,0,5,0,2,0,3,3,2,0,0,0,3,0,0,0,1,6,1,0,2,0,0,0,4,1,1,0,1,0,0,2,2,1,0,3,0,0,1,0,0,0,0,0,0,0,0,0,0,2
0,0,0,0,0,0,1,1,1,3,0,0,0,0,1,0,1,0,1,2,0,0,0,1,0,0,2,0,0,0,1,1,0,4,1,2,0,0,0,0,4,0,2,0,0,1,0,1,0,0,0,0,2,2,0,1,4,0,1,0,0,0,1,0,6,1,0,1,1,6,0,0,1,0,1,4,0,1,0,1,4,2,0,0,1,0,0,0,0,0,1,0,1,2,0,2,1,2,0,0,0,0,0,0,0,0,2,0,0,0,2,0,0,0,2,0,0,0,0,3,2,3,0,0,3,0,79,197,84,77,79,79,15,3,0,0,0,3,1,0,0,0,0,0,2,0,0,2,0,0,1,0,2,10,248,255,249,250,254,253,152,0,1,0,0,0,0,3,0,0,2,0,0,0,0,1,0,11,59,55,1,12,251,251,253,255,254,255,250,238,54,0,2,1,0,2,3,0,0,0,1,0,3,0,0,140,255,242,80,9,164,253,255,251,251,255,255,255,62,2,0,0,2,0,3,2,0,0,0,0,0,12,144,248,251,252,147,0,73,212,255,254,253,255,254,255,208,0,2,2,3,0,0,0,0,4,0,0,0,147,255,254,254,252,201,33,0,0,155,255,142,196,249,252,248,75,0,1,0,2,0,2,0,0,0,5,135,250,254,251,249,254,255,69,1,0,11,52,5,28,201,255,255,159,2,0,2,2,4,0,0,2,0,78,254,255,252,250,255,255,209,42,0,4,1,0,0,0,36,251,251,194,29,2,0,0,2,2,0,0,1,85,254,255,251,251,255,238,43,0,3,0,0,1,0,0,44,255,255,251,80,1,2,0,1,0,1,0,0,255,255,255,255,255,251,165,0,0,0,1,2,1,2,0,215,252,255,249,77,0,1,0,0,0,0,0,3,255,254,249,249,249,172,19,0,1,0,0,1,0,0,3,209,254,255,250,78,0,0,1,0,2,1,0,0,255,255,253,252,210,3,0,0,0,0,1,0,39,229,245,249,255,253,156,5,0,0,0,0,0,0,3,0,255,253,249,255,213,0,0,0,1,3,100,150,210,252,253,253,251,240,68,0,0,0,0,0,0,0,0,0,255,254,250,255,218,55,55,54,179,227,243,253,255,255,252,254,252,81,0,3,3,0,1,0,0,0,0,1,166,254,248,253,255,253,254,253,255,255,254,253,255,255,252,251,192,30,0,2,3,0,3,0,0,0,0,0,77,250,253,252,255,252,255,252,255,252,254,255,253,254,233,196,28,1,2,0,0,0,0,0,0,1,0,1,45,211,250,253,255,252,251,253,251,252,251,254,255,227,70,0,0,0,2,0,0,0,3,1,0,0,0,2,3,35,228,255,254,252,251,255,253,251,254,248,238,65,1,0,3,1,3,0,0,1,0,0,2,4,6,0,0,2,40,215,254,251,252,251,252,249,187,112,0,0,0,2,0,0,0,0,1,1,1,0,3,2,0,0,0,0,4,43,103,254,255,179,81,77,30,3,0,0,0,0,0,1,1,1,0,0,3,0,0,0,4,0,4,5,3,0,0,0,2,1,3,0,2,0,4,1,1,4,0,1,1,0,0,0,3,0,0,2,0,0,3,4,0,3,1,0,0,0,1,2,1,0,0,0,0,0,0,4,0,0,0,3,0,2,1,0,1,0,0,0,0,0,0,2,4,1,0,0,2,0,3,0,1,0,2,2,1,3,2,0,0,0,0,0,1,2,0,1,0,4,0,1,0,0,3,6,0,0,1,0,0,0,4,0,0,0,3,0,0
0,4,2,1,0,1,3,1,2,3,2,0,0,0,0,0,2,0,0,0,0,0,0,0,0,1,4,0,1,0,2,0,0,0,0,4,3,0,1,0,0,0,0,0,0,0,0,0,0,0,0,4,4,1,2,1,0,0,3,0,0,0,0,4,0,0,3,0,0,0,4,0,0,1,0,0,3,0,0,2,2,0,3,1,1,1,1,3,2,2,4,3,0,0,0,0,1,0,2,3,0,4,0,0,2,3,6,1,0,0,5,0,0,4,1,1,2,0,1,2,0,0,0,1,1,2,0,0,0,3,0,0,1,1,0,1,0,0,0,0,0,0,3,0,1,4,5,0,2,0,1,0,0,0,0,0,4,5,0,1,1,0,0,1,1,0,2,0,4,0,3,1,2,1,1,0,0,0,2,0,2,0,2,0,5,1,0,0,2,3,0,0,0,3,0,0,0,0,0,0,0,0,0,0,0,0,1,1,0,0,2,0,0,0,0,0,0,0,2,1,0,2,3,1,3,2,2,0,2,2,26,0,2,0,9,91,170,255,254,251,255,253,61,0,2,1,2,0,0,6,0,0,0,3,1,0,0,0,140,2,18,101,207,250,232,153,131,129,251,255,142,0,2,0,1,0,1,5,1,2,0,0,1,0,2,164,152,152,213,236,186,99,0,0,0,0,131,251,252,53,4,3,0,5,0,0,1,0,2,0,0,0,86,245,252,250,130,29,0,1,0,0,1,6,10,207,254,130,2,0,0,0,0,1,0,2,3,5,1,5,126,203,105,21,1,2,0,0,0,0,1,0,4,205,255,149,0,0,3,2,3,0,0,3,0,3,0,2,0,0,5,0,2,0,0,0,0,0,0,0,0,160,253,154,3,2,2,0,1,0,0,0,0,0,3,0,1,0,1,0,1,0,0,0,0,1,1,0,6,100,254,149,0,0,0,3,0,1,1,2,1,1,1,0,0,0,3,4,0,3,0,0,0,0,0,0,0,99,251,151,3,0,0,1,2,0,0,0,0,0,0,0,0,0,0,1,3,1,1,0,0,0,0,1,0,164,255,91,0,0,0,0,0,1,1,0,0,0,0,0,0,0,0,2,0,4,1,0,0,0,0,3,2,204,254,50,1,0,0,3,0,1,0,0,0,0,1,0,0,3,0,0,0,0,0,2,0,2,0,0,0,201,206,3,6,0,0,2,1,0,0,4,3,0,2,2,1,2,1,4,2,1,0,0,0,0,3,0,15,225,123,3,0,0,0,0,0,1,3,0,0,0,0,1,0,0,0,3,3,0,0,2,0,3,0,0,71,250,102,0,0,0,0,3,3,0,0,0,2,0,1,2,3,0,0,0,1,0,0,0,1,0,5,0,232,252,106,0,2,0,0,0,0,0,1,0,2,3,0,0,0,3,0,1,0,3,0,0,0,0,0,0,253,233,1,0,3,0,2,0,2,3,0,1,0,3,0,0,0,2,1,0,0,0,0,0,0,0,0,41,255,153,4,0,0,3,3,1,0,0,0,0,0,0,0,0,0,3,2,1,1,0,0,3,0,5,0,122,254,49,0,1,0,0,5,0,0,0,0,2,0,0,1,0,4,0,2,1,1,0,0,0,0,0,23,220,232,30,0,1,0,2,0,0,0,2,3,0,0,0,0,0,3,0,2,0,0,0,0,0,0,0,50,249,183,0,1,1,0,0,4,0,0,0,0,1,0,0,0,0,2,0,1,1,0,0,0,0,1,0,52,247,19,0,4,0,0,0,1,1,0,0,2,4
1,0,1,0,0,2,4,0,0,2,0,3,0,0,1,0,2,0,1,0,2,0,0,1,1,0,0,0,2,1,3,1,1,0,0,0,0,0,4,3,0,0,0,1,3,3,1,0,4,1,0,0,0,0,0,0,0,3,3,3,2,5,2,0,1,0,0,0,1,2,1,0,1,1,1,0,1,0,0,1,4,0,3,0,0,1,0,0,4,0,0,1,3,1,0,1,0,1,1,1,2,3,0,0,0,4,0,0,1,3,1,5,6,0,0,1,0,1,0,0,4,3,0,0,0,0,0,0,0,0,0,0,4,0,0,0,2,5,4,0,0,0,2,0,1,4,3,2,0,2,4,2,221,115,2,0,0,1,0,2,4,2,2,0,2,1,0,0,0,1,2,1,0,0,2,0,0,0,2,49,255,149,0,1,0,0,20,226,138,0,2,0,0,0,0,2,1,0,2,0,0,0,0,0,3,0,0,168,253,112,3,0,3,3,24,254,183,1,1,1,0,1,1,3,2,0,0,0,0,3,0,0,1,1,48,232,253,80,0,0,0,3,91,252,183,1,2,0,0,6,0,2,0,1,0,2,3,1,0,4,3,12,221,253,158,2,2,0,0,0,136,255,125,0,2,0,1,0,0,0,0,0,0,3,1,0,0,0,0,112,254,254,73,0,0,0,1,0,207,253,94,1,0,3,0,0,0,0,2,3,1,2,3,5,0,0,15,227,253,108,0,0,0,0,0,0,207,253,18,2,0,0,0,3,0,3,1,0,2,0,6,0,0,2,227,253,201,16,0,3,0,0,2,36,245,255,0,0,1,4,0,0,2,0,0,2,0,1,1,0,4,173,255,251,47,2,1,0,0,0,0,49,255,255,0,0,0,2,3,2,1,0,0,0,3,0,3,2,25,255,251,248,238,163,43,49,30,2,0,129,255,255,3,0,0,0,0,1,1,4,1,1,0,0,4,3,17,247,255,253,255,250,252,252,230,174,210,235,255,177,0,1,1,2,2,0,0,3,0,3,0,2,0,1,0,88,161,207,219,220,254,255,251,249,254,254,241,72,0,3,2,2,0,1,0,1,0,3,0,0,2,5,0,0,0,0,1,2,96,140,141,89,173,255,229,0,0,3,0,1,0,0,0,3,0,0,0,0,1,0,3,0,0,2,0,1,0,0,0,0,152,253,214,3,0,4,0,0,0,3,0,3,0,2,2,0,0,0,0,0,2,1,0,2,2,3,2,0,166,250,139,4,0,7,0,0,2,1,0,0,0,0,0,2,0,2,1,1,0,0,0,0,0,0,0,0,216,249,139,0,0,1,4,0,0,0,0,1,0,1,0,0,0,1,2,2,0,3,0,0,0,1,1,61,250,255,83,0,4,3,0,2,0,0,0,0,0,0,2,0,0,1,0,3,2,0,0,0,0,0,6,92,253,250,49,3,0,0,1,0,2,0,0,0,0,1,3,1,0,0,0,0,0,0,0,0,5,1,4,49,254,215,11,0,2,0,0,0,0,0,0,0,0,0,0,1,3,0,0,0,0,0,3,2,0,0,0,0,183,107,0,6,0,4,0,0,2,2,0,2,0,1,0,0,2,0,0,0,0,0,4,2,0,0,0,0,4,0,0,1,0,0,0,0,1,2,0,0,0,2,0,1,5,0,0,2,2,0,0,0,0,0,0,0,1,0,0,2,0,0,0,0,0,2,3,0,0,2,0,0,0,4,2,2,0,2,3,0,1,0,0,0,0,1,0,0,0,0,0,0,2,3,0,0
0,0,3,0,0,0,4,0,0,0,0,0,0,0,4,0,0,1,0,0,0,0,0,0,0,0,0,0,2,0,5,2,0,5,3,0,1,0,0,0,5,0,2,0,0,0,0,0,1,3,1,0,5,0,2,3,1,5,1,0,1,0,0,1,0,0,0,0,0,2,0,0,0,0,0,1,0,1,2,0,0,2,0,3,0,0,4,0,2,0,0,0,0,4,0,4,1,3,3,0,0,1,2,3,0,2,0,0,1,6,2,0,0,1,0,0,0,0,0,3,0,0,0,1,0,0,0,0,1,0,1,1,3,3,0,0,4,1,3,0,0,1,1,0,3,0,1,0,2,35,253,252,255,255,254,252,161,129,83,0,0,0,0,2,2,0,2,0,0,0,0,0,0,1,3,4,1,34,254,255,255,255,252,255,255,251,254,105,1,0,0,1,3,1,0,4,1,5,0,1,1,0,0,0,0,13,130,236,252,255,248,248,252,255,251,250,26,0,0,3,0,2,2,0,0,0,0,0,0,1,0,0,0,3,3,56,251,249,166,235,254,255,254,255,103,5,0,4,0,0,1,0,0,0,0,0,0,3,2,0,0,1,5,175,251,181,2,30,137,241,252,253,212,13,0,0,0,0,1,2,1,1,1,0,4,0,0,0,0,6,133,253,221,25,3,0,0,188,253,254,255,19,0,0,3,0,1,3,2,0,0,0,1,0,1,2,1,37,250,253,121,0,0,1,0,67,248,253,251,106,0,0,3,1,0,0,0,2,0,1,3,0,3,0,0,119,255,199,23,1,0,0,0,0,184,252,253,146,4,2,0,1,0,0,4,1,0,0,0,2,0,1,50,224,245,70,1,0,1,0,1,0,91,255,252,144,2,0,0,0,0,0,0,2,2,0,2,0,0,0,147,248,188,5,0,0,0,0,0,3,87,255,251,144,2,0,0,0,3,1,0,2,2,0,1,0,0,15,229,254,90,0,0,2,0,0,0,3,92,255,253,145,0,0,0,0,0,4,3,0,0,2,2,0,1,17,251,249,89,1,0,0,0,1,0,1,85,253,250,149,1,4,0,1,0,0,0,0,0,0,7,1,5,19,253,254,91,0,1,0,1,4,0,0,86,250,255,112,1,0,0,2,3,1,1,0,0,0,2,0,3,19,248,254,138,2,0,0,3,0,0,0,86,251,217,14,0,0,0,2,0,0,0,0,1,0,1,0,1,18,254,254,232,34,0,5,3,0,0,1,135,252,158,0,0,0,0,1,0,0,0,0,0,2,1,0,2,20,251,255,252,231,120,0,74,101,95,197,248,214,34,1,2,1,0,1,4,0,0,0,0,0,0,4,6,3,159,251,255,251,251,232,248,252,254,255,248,107,0,0,0,5,2,0,0,0,4,1,1,0,0,1,0,1,95,252,255,255,255,249,255,255,252,255,120,2,4,0,0,0,0,1,1,5,0,0,1,2,5,1,3,2,2,43,251,250,251,255,253,255,253,118,3,0,0,2,0,0,1,0,0,0,0,0,1,0,2,1,1,0,0,14,50,91,215,163,99,6,9,2,0,0,0,1,0,0,1,0,0,0,0,0,3,1,0,1,0,0,0,0,1,1,0,0,0,2,0,0,2,0,0,4,0,0,0,0,2,0,1,0,2,0,0,0,2,0,0,0,2,4,0,3,0,0,0,0,0,0,0,7,0,0,1,2,0,2,2,0,0,1,0,0,0,0,4,3,0,3,0,4,0,1,0,0,0,1,0,0,1,0,0,0,2,0
3,0,1,0,0,1,0,0,4,0,1,0,0,0,0,3,4,0,0,0,0,0,0,0,0,0,0,2,1,0,4,2,4,1,1,0,0,2,0,1,2,6,0,3,0,4,0,0,0,0,0,3,0,0,1,5,0,1,0,2,2,0,1,0,0,0,1,1,0,0,4,1,0,1,2,4,4,0,0,1,1,4,0,0,0,0,0,0,0,4,0,2,0,2,0,0,3,0,0,0,4,0,0,0,0,3,2,0,0,0,0,3,0,1,1,0,3,3,0,0,0,0,1,215,253,13,4,1,2,0,0,0,1,0,0,0,5,0,1,1,0,1,5,2,6,0,2,1,0,0,2,216,254,90,0,3,1,2,0,0,0,0,0,0,0,0,0,0,0,0,0,3,0,3,0,0,0,3,0,201,248,255,0,4,0,3,4,0,1,0,0,4,0,6,0,0,3,1,0,0,1,0,0,1,0,0,0,79,203,247,23,0,0,0,0,0,2,0,0,0,2,1,1,0,0,1,0,1,0,0,0,2,1,2,0,3,84,249,150,0,3,2,0,0,0,1,1,0,0,0,0,0,0,0,0,0,0,1,1,0,1,4,0,0,106,250,237,0,2,0,0,0,3,1,3,0,0,0,0,0,2,3,0,0,2,0,0,0,0,3,0,2,206,251,241,7,0,3,0,1,0,1,2,0,3,0,0,0,0,0,3,0,1,0,5,0,0,2,0,0,121,250,242,0,3,0,0,2,3,3,1,0,0,0,1,0,0,0,2,2,1,0,0,4,3,0,0,0,158,248,244,2,0,0,2,0,0,0,1,0,0,0,0,0,0,0,0,4,0,0,1,2,0,0,1,2,230,253,251,106,2,2,1,1,0,2,2,0,0,0,0,1,2,0,2,0,4,1,0,0,2,0,5,0,48,184,252,168,0,2,1,3,0,3,1,0,2,0,2,0,1,0,2,0,1,0,1,0,0,1,0,0,0,122,252,230,0,0,0,0,3,3,0,3,0,2,0,1,0,0,2,0,0,0,1,0,2,2,1,0,0,125,253,229,1,2,0,0,4,0,0,0,0,0,0,0,2,2,0,1,1,0,0,0,0,1,2,0,0,122,255,228,3,3,0,0,0,0,0,2,0,0,0,0,0,0,0,2,0,0,0,0,0,1,0,2,0,120,253,229,0,3,0,5,0,5,0,0,2,2,0,0,3,0,4,0,2,5,0,0,0,0,0,5,0,210,254,235,28,2,4,3,0,1,0,0,1,0,0,4,0,2,0,3,3,2,0,0,1,5,0,0,0,204,252,246,95,0,6,0,3,0,0,0,0,1,1,0,0,2,0,1,7,1,1,1,0,0,0,1,1,126,254,253,97,2,0,4,0,0,0,1,2,0,0,0,3,0,2,1,0,0,0,0,0,3,0,2,0,121,252,254,96,4,5,4,0,0,1,0,1,0,0,0,3,0,3,1,1,0,0,0,2,3,0,3,0,65,198,245,52,1,0,0,0,0,2,0,3,1,0,0,3,0,0,0,2,0,0,0,0,2,0,0,0,0,3,0,0,0,0,4,1,1,0,2,3,0,0,0,0,2,2,0,0,2,0,0,0,1,0,0,2,1,0,0,5,2,4,0,2,0,0,2,1,3,3,1,0,1,3,1,4,1,0,3,1,0,0,0,0,0,1,1,0,0,0,0,1,0,0,1,2,0,0,2,0,0,0,0,1,0,0,0,0,0,1,2,2,0,3,7,0,1,2,0,0,0,2,0,0,3,4,0
0,3,0,0,0,2,0,0,2,2,3,0,0,1,3,0,0,0,2,2,0,1,3,0,2,0,1,0,0,0,0,0,5,0,0,0,0,2,0,2,0,1,0,1,0,0,2,1,0,0,2,0,0,0,0,1,1,1,0,0,2,0,0,0,2,0,0,1,2,3,0,0,2,1,0,1,3,5,2,0,1,2,3,4,0,0,1,0,4,1,5,0,0,0,1,0,0,3,0,1,0,1,0,3,0,0,0,1,1,2,0,0,0,0,3,0,2,3,0,0,1,0,0,0,3,3,2,0,0,1,1,1,0,0,0,0,4,0,0,1,2,0,1,2,0,0,1,0,0,0,0,0,3,0,2,0,0,1,2,1,1,0,0,0,1,0,5,0,0,0,3,0,3,1,0,23,111,195,255,255,255,250,255,171,83,0,0,0,6,2,0,1,0,0,4,1,1,0,2,0,0,0,2,182,254,249,251,255,251,249,255,252,238,41,1,0,2,5,0,3,0,2,0,0,0,0,0,0,3,1,0,203,253,229,184,102,206,199,233,255,253,153,1,0,0,0,3,0,0,0,0,0,0,0,4,0,0,0,1,81,149,47,0,3,0,43,193,252,255,114,0,0,3,2,2,0,0,3,0,0,3,0,0,4,4,0,0,1,0,5,4,0,12,209,252,252,204,0,2,4,2,0,1,0,2,3,3,3,2,0,0,0,0,0,0,2,2,0,1,125,212,253,253,252,83,0,0,0,0,0,0,0,0,0,0,0,0,1,0,0,0,0,3,0,2,0,50,255,255,249,255,147,20,0,0,0,0,0,0,0,0,2,0,1,0,0,0,4,4,1,4,1,4,0,10,214,254,249,255,231,227,121,86,0,1,5,0,3,0,1,1,0,0,0,0,0,0,0,2,5,0,1,3,0,125,228,255,255,252,255,251,70,0,1,0,1,4,0,0,0,0,1,0,0,0,0,0,0,1,0,0,3,4,22,47,130,213,252,255,191,0,5,0,0,0,3,0,0,0,5,0,0,2,2,0,0,3,0,2,0,0,3,2,2,20,167,255,253,98,0,0,0,4,0,0,1,3,0,3,0,0,0,0,1,0,1,5,0,0,0,3,3,22,203,253,252,60,3,0,0,0,0,0,0,2,0,2,0,1,0,1,1,3,3,0,0,0,0,0,0,133,255,252,90,0,3,0,0,1,0,2,0,4,0,0,5,4,0,4,2,0,0,0,0,0,5,21,143,248,254,234,30,0,4,0,0,0,0,0,0,5,0,0,2,0,0,0,1,0,0,2,1,0,46,213,255,255,214,2,0,0,0,0,2,2,0,0,3,0,2,0,0,0,5,0,0,0,1,0,1,168,239,254,251,175,9,0,0,2,0,0,0,1,0,4,2,0,4,0,0,1,0,0,0,12,173,175,252,253,255,226,78,0,2,3,0,2,2,0,0,2,0,0,0,0,2,0,2,0,0,0,1,131,255,251,252,250,173,17,0,0,3,1,0,1,1,6,4,2,0,0,0,2,0,3,0,3,0,2,0,152,250,246,199,85,0,0,0,0,3,0,0,0,0,6,0,0,0,0,0,3,2,0,1,0,1,0,1,92,191,124,0,0,0,3,0,0,1,2,0,3,0,0,5,1,1,0,1,1,0,0,0,1,0,0,0,0,0,0,0,0,1,1,0,3,2,0,1,2,0,1,0,0,0,1,0,0,0,8,0,1,0,0,0,0,0,2,0,1,0,0,2,0,1,1,1,0,0,0,0,0,0,0,0
1,1,0,0,0,1,2,0,0,2,0,0,1,1,0,6,0,0,2,0,2,4,0,0,2,0,0,0,2,0,2,0,2,1,0,0,0,0,0,5,0,2,3,0,2,0,2,3,2,0,0,0,0,0,1,0,0,0,0,2,4,0,0,4,3,0,0,3,0,0,0,0,0,2,0,4,2,0,2,0,0,1,5,0,0,0,1,1,0,0,3,0,0,0,2,0,2,4,0,3,0,0,0,4,0,0,0,0,3,0,0,1,2,2,0,0,0,0,0,1,0,0,0,0,0,3,0,0,0,0,1,0,3,0,2,0,1,2,0,1,0,4,1,1,0,0,1,0,2,0,5,0,203,192,31,0,0,2,4,1,4,0,0,2,0,0,0,0,1,0,1,0,2,2,4,0,0,0,0,1,203,255,130,2,3,1,0,0,0,2,0,0,6,3,0,0,2,0,0,0,0,2,3,2,1,0,0,2,105,250,153,0,1,1,0,4,1,0,0,0,0,0,0,1,0,1,0,0,0,0,0,5,2,1,1,1,103,249,150,0,0,0,0,0,0,2,0,0,0,2,0,3,0,2,0,3,2,1,4,0,0,0,0,0,40,255,255,1,0,0,4,0,0,0,4,0,0,0,3,2,0,0,2,3,2,2,1,3,0,2,0,0,0,252,255,81,1,2,0,0,2,0,2,2,0,0,1,0,0,0,0,1,0,0,0,0,0,0,2,4,0,156,255,205,0,2,0,0,2,0,1,2,1,0,0,2,4,1,0,0,1,0,2,0,1,1,1,1,0,152,255,202,2,2,0,0,1,0,1,0,1,0,1,0,0,0,3,4,0,5,0,0,0,0,0,0,0,92,252,212,9,2,0,0,2,0,0,3,2,0,1,0,0,0,0,4,0,0,0,0,0,0,0,0,2,11,216,253,48,0,0,0,1,0,0,2,2,2,3,0,0,3,2,4,2,0,0,0,3,1,3,2,1,7,201,255,107,3,0,0,2,0,1,0,0,4,0,1,0,0,0,3,5,0,3,0,0,0,0,2,0,1,164,255,152,3,2,0,0,2,0,0,1,4,4,0,0,2,5,0,2,0,3,0,1,0,0,1,0,0,100,255,151,5,3,0,1,0,0,0,2,4,5,0,0,1,0,1,4,0,0,0,0,1,1,0,0,6,102,252,190,0,0,2,0,0,3,4,0,0,0,0,0,0,0,0,4,0,0,0,0,0,1,0,0,2,103,255,253,0,2,2,0,0,0,0,2,0,2,0,2,0,0,2,0,3,2,1,0,2,5,1,1,0,100,254,251,3,1,0,1,0,1,1,2,0,0,2,0,0,4,1,0,1,0,0,0,0,4,0,1,1,42,252,252,1,1,0,2,0,0,2,0,0,0,0,1,3,0,0,3,0,0,0,0,0,3,0,0,0,3,254,250,0,5,6,0,0,0,0,1,1,2,2,2,0,2,4,0,1,1,4,0,0,1,0,1,0,0,170,248,59,2,3,0,1,0,0,5,1,0,0,0,0,0,2,0,1,0,2,2,0,2,3,0,0,2,53,254,106,0,0,1,3,0,0,0,0,0,0,0,0,0,1,6,0,0,0,1,0,0,2,0,2,0,0,0,0,3,0,0,1,1,0,0,0,1,0,0,0,3,4,0,2,0,2,2,0,6,0,2,0,0,1,0,0,0,2,0,1,0,0,0,0,2,3,3,1,1,4,1,0,0,1,2,2,0,0,0,0,3,0,0,5,0,0,1,0,2,1,0,0,2,0
0,0,0,0,0,0,0,0,0,0,0,0,0,0,0,5,1,0,2,0,0,0,1,4,1,0,0,0,4,0,4,6,0,0,2,1,1,0,3,0,2,0,0,0,0,0,3,0,1,0,0,3,0,0,2,2,0,0,0,0,2,1,0,0,0,0,1,0,0,2,2,0,1,1,1,3,0,0,2,1,2,0,1,0,0,0,0,0,0,2,2,2,2,0,0,0,1,0,0,0,0,2,0,0,1,0,2,0,0,0,1,3,2,2,1,0,0,2,1,1,0,0,0,2,0,0,0,0,0,0,0,0,0,0,0,2,1,0,0,1,4,0,0,0,0,0,2,3,96,249,250,255,255,219,118,40,0,1,0,0,0,0,0,1,0,0,0,3,1,0,0,0,0,0,0,178,248,253,255,254,252,253,250,139,3,4,0,2,0,4,2,0,0,2,1,1,1,2,0,0,0,0,68,242,255,209,180,175,54,99,249,251,92,0,2,2,0,0,0,5,0,2,0,0,0,3,3,0,0,0,17,164,178,22,0,1,0,72,254,250,109,2,0,0,1,2,2,0,0,0,0,3,0,4,3,0,1,3,3,0,0,0,0,0,0,74,254,247,95,1,2,4,3,0,0,0,2,0,1,0,1,0,0,2,0,0,0,0,3,1,0,0,11,149,252,144,2,0,0,0,2,5,0,0,2,0,0,4,1,0,3,3,1,0,0,0,0,1,0,54,244,252,255,89,2,1,0,0,4,4,0,0,0,1,0,0,0,0,2,0,0,0,0,0,1,10,107,246,249,252,227,43,0,0,0,0,0,3,2,3,0,0,0,0,0,0,3,3,3,0,0,0,32,228,254,254,252,255,253,219,90,2,0,3,0,0,0,0,0,0,0,0,0,0,0,0,0,0,0,0,38,254,247,254,254,253,254,254,252,206,47,2,0,0,2,0,0,1,0,1,1,0,2,2,0,1,0,0,30,208,207,208,78,68,66,185,255,254,228,49,0,0,0,0,1,0,2,3,0,2,0,0,1,0,0,4,1,2,0,0,0,1,1,57,168,250,255,225,36,0,1,4,0,0,0,1,0,0,0,0,2,0,3,3,0,0,0,2,0,2,0,0,3,181,253,252,58,3,0,0,0,0,0,0,0,0,2,0,2,0,5,0,5,0,0,0,2,0,0,0,1,0,169,252,222,36,0,0,0,0,0,2,3,1,0,0,4,0,2,0,0,0,0,0,1,0,0,2,0,1,105,251,253,77,1,1,3,3,1,2,4,0,0,2,0,0,0,1,1,0,1,0,0,0,0,0,1,38,230,252,249,72,1,0,3,1,0,1,0,0,2,1,2,0,0,0,0,4,0,0,2,0,10,66,142,222,252,255,235,56,0,0,2,1,2,2,0,0,0,0,4,0,2,2,2,2,1,36,43,152,195,252,252,250,252,218,86,0,0,0,1,0,0,0,0,0,3,0,3,0,0,1,1,31,155,251,249,255,255,253,255,232,101,11,0,0,5,0,0,2,2,3,0,0,0,0,3,0,3,0,19,112,189,255,254,255,225,118,109,1,0,0,5,0,0,0,0,0,0,2,5,1,4,3,0,0,0,0,0,1,0,0,0,0,2,1,0,2,1,1,2,0,3,0,0,1,0,2,0,3,0,0,0,3,4,3,0,0,0,0,0,4,2,0,0,0,0,0,0,2,0,0,0,2,0,1,1,5,0,0,2,0,0,4,1,0,7,0,0,0,0,0,0,3,0,0,1,2,2,0,1,0,2,0
0,1,0,1,0,0,0,0,1,0,6,0,4,0,4,2,0,0,0,0,0,0,0,0,0,3,2,3,0,0,1,1,5,3,1,1,2,0,0,1,0,0,0,0,3,2,1,4,0,1,3,0,0,2,2,3,0,0,0,0,0,0,0,0,0,0,2,4,0,0,5,0,2,0,0,2,0,3,0,2,0,0,2,0,1,0,0,2,0,3,0,0,0,0,1,3,0,0,0,0,0,0,0,0,2,6,0,0,0,0,0,2,2,1,4,0,2,1,0,0,0,0,14,2,4,0,0,1,0,1,0,0,5,0,3,2,0,0,0,1,2,1,0,0,0,1,0,0,0,2,189,174,72,5,0,0,0,0,0,1,0,1,0,22,5,2,4,1,4,0,3,0,0,0,0,1,0,0,139,252,116,0,0,1,0,0,4,0,0,1,0,135,134,2,0,0,1,0,0,2,3,1,0,0,0,0,106,255,113,4,0,0,1,0,3,0,0,0,68,246,254,0,2,3,4,0,2,1,0,2,0,0,0,0,212,249,113,1,0,5,0,0,0,1,0,1,136,252,206,0,1,1,0,1,0,1,1,0,3,1,1,44,240,255,110,0,3,2,1,4,0,2,1,0,200,252,77,0,0,0,0,0,3,0,1,5,2,1,0,101,255,252,102,0,0,0,3,0,0,1,0,4,210,244,15,0,5,1,0,3,0,2,3,6,0,4,13,214,250,171,0,2,0,2,0,2,0,0,0,85,252,154,0,1,0,0,2,1,2,2,0,0,0,3,155,255,255,44,1,0,1,0,0,2,0,0,0,184,255,151,0,0,0,0,0,0,0,0,4,0,3,78,244,255,221,8,0,0,0,2,1,0,2,0,11,206,253,151,0,0,0,1,0,2,4,2,0,1,17,209,255,250,46,0,0,0,0,4,0,0,4,0,48,252,255,53,1,1,0,2,1,1,2,0,0,0,36,253,254,170,6,0,2,0,1,0,1,2,0,0,52,255,254,39,0,1,1,0,0,0,2,6,0,68,205,253,221,27,0,6,12,11,13,4,12,13,1,1,49,255,176,2,0,0,0,1,0,0,0,5,0,149,255,255,224,149,147,150,254,254,251,204,255,251,91,19,118,255,155,0,2,0,1,0,0,1,1,0,1,233,253,254,254,250,255,255,250,255,255,220,223,211,253,201,221,255,55,0,1,2,1,0,0,0,1,0,0,110,254,252,223,204,190,187,124,68,73,17,29,9,74,177,255,208,16,0,0,0,0,0,0,0,1,2,1,2,57,53,27,11,0,0,4,4,0,2,1,0,1,148,252,150,1,3,0,0,0,0,0,0,5,2,0,0,0,0,0,0,0,0,0,0,0,2,1,0,0,24,33,6,0,0,0,0,0,0,0,6,2,0,0,2,0,1,0,0,1,2,0,0,0,0,0,2,0,0,0,0,1,0,0,0,0,2,0,0,1,0,1,2,0,0,3,0,0,0,0,1,0,0,0,4,0,2,0,0,0,2,0,3,0,1,0,1,1,0,0,0,0,5,0,0,0,0,0,0,0,3,0,4,0,0,0,0,1,0,2,0,2,0,4,0,0,1,3,2,2,2,0,1,2,0,0,2,0,3,0,0,0,0,2,1,0,0,0,0,0,3,2,1,3,0,0,0,0,2,2,0,2,3,0,6,0,0,0,0,0,0,2,0,0,2,2,0,3,0,0,1,6,0,0,0,0,0,0,2,0,0,0,0,2,0,0,4,0,0,0,0,3,0,0,0,0,0
2,3,0,0,0,0,0,0,0,0,0,0,0,2,0,0,2,0,0,1,0,0,3,0,1,0,0,0,4,1,0,0,2,2,0,0,1,0,1,0,1,1,5,0,2,0,0,0,0,0,0,0,0,1,0,0,0,0,0,4,4,1,3,2,1,0,0,0,1,1,0,0,1,0,0,2,0,1,1,0,2,0,0,0,3,2,0,0,0,0,1,2,1,0,1,3,0,0,1,0,2,0,0,2,0,0,0,0,0,0,0,0,0,4,1,0,3,0,1,2,0,2,1,1,3,0,0,0,0,1,0,0,0,0,0,0,0,2,0,1,2,0,0,2,1,3,0,0,0,0,0,2,0,4,0,0,3,0,0,0,1,0,3,0,1,0,0,2,0,0,0,0,0,0,0,224,213,90,0,0,0,2,4,1,46,120,116,222,251,233,43,2,2,0,0,0,2,0,0,1,0,6,0,62,237,247,241,237,243,243,244,243,246,253,252,250,250,253,94,0,2,3,0,0,0,0,2,1,2,0,0,1,63,184,247,250,250,247,251,255,251,252,253,252,249,252,90,0,3,0,0,0,0,3,1,2,0,0,0,0,2,11,36,35,49,94,39,40,42,39,220,253,253,201,67,2,0,3,0,0,0,0,2,0,0,0,1,0,0,0,4,1,4,3,0,0,0,77,245,251,209,18,1,1,0,1,0,0,2,5,5,1,1,1,2,2,0,3,1,3,0,0,0,0,0,119,255,252,198,2,4,3,0,0,1,0,0,3,2,0,0,1,2,0,1,0,2,0,0,0,2,2,98,243,251,254,177,1,0,3,2,3,4,0,0,1,0,1,0,0,0,2,5,1,0,0,1,0,1,9,239,250,252,126,25,0,4,0,0,1,0,0,1,4,2,2,4,0,0,0,0,4,3,2,4,2,9,198,251,255,247,50,3,3,0,5,0,0,0,0,0,0,0,0,0,3,1,3,5,0,0,0,2,5,194,253,251,252,101,0,2,3,2,4,3,0,0,1,0,0,0,0,2,0,0,0,3,0,0,2,13,202,254,255,254,157,0,0,0,4,0,0,4,0,0,0,3,0,0,0,1,2,0,0,4,6,0,15,120,255,251,253,246,104,0,2,0,4,0,0,0,2,4,0,2,0,4,3,0,0,0,2,1,0,0,89,251,248,255,253,38,7,0,0,0,0,2,1,2,0,0,0,0,0,0,0,0,0,0,3,0,2,21,197,254,251,209,113,6,1,3,0,0,2,0,0,2,5,0,0,1,0,0,0,0,1,0,0,4,17,176,255,254,249,89,0,2,0,0,0,0,0,3,0,3,0,0,1,4,2,3,0,3,0,0,1,17,108,250,252,250,141,0,0,0,0,0,1,2,1,2,2,2,0,6,0,0,0,0,1,2,0,0,2,169,252,252,248,234,33,0,0,0,0,0,1,0,0,0,1,1,2,0,0,5,0,2,0,0,3,1,9,217,253,247,252,142,0,0,2,0,0,1,2,0,0,1,0,2,1,1,0,1,0,0,0,0,0,0,92,250,253,251,223,40,3,0,0,4,3,0,0,0,0,0,0,2,0,0,2,0,3,2,1,0,1,3,3,213,217,219,82,0,0,0,0,2,4,0,4,1,0,0,0,2,0,0,0,2,0,0,0,5,2,3,0,1,3,1,0,1,0,0,0,0,1,0,0,2,0,1,0,2,4,1,0,0,3,0,0,2,3,0,3,0,3,0,0,2,0,0,0,0,1,0,1,0,0,2,1,0,1,1,0
0,0,2,0,0,3,1,3,1,2,0,0,6,2,0,0,0,3,4,0,3,0,0,0,0,3,0,0,0,4,0,0,0,0,0,2,0,0,0,2,1,0,1,0,0,0,0,0,3,0,0,0,0,0,0,0,0,0,3,0,4,0,0,0,0,0,1,2,1,0,2,1,0,1,0,1,0,1,0,2,0,1,0,0,0,0,0,0,2,0,1,1,0,2,2,1,0,3,0,1,4,3,3,0,0,0,0,1,0,0,0,0,0,0,3,0,3,0,0,0,3,0,0,0,33,127,190,215,252,255,255,240,54,0,5,3,0,1,0,0,0,2,0,0,0,0,0,0,1,0,1,205,248,250,252,255,254,254,253,254,247,238,0,1,0,0,2,0,0,0,0,0,4,0,2,3,0,87,242,249,254,229,139,51,10,12,10,105,252,252,111,0,0,2,0,1,1,0,0,0,0,0,2,0,95,225,255,166,110,17,1,2,0,0,2,20,209,255,117,0,0,3,3,0,1,4,2,1,0,0,4,90,237,251,170,33,0,0,0,0,0,0,3,0,149,255,115,0,0,2,4,0,0,2,2,0,0,0,98,251,219,49,0,0,4,1,4,3,2,0,0,0,148,249,115,3,5,0,3,0,0,4,2,0,0,0,112,253,110,1,0,2,1,0,1,7,0,1,0,7,186,241,20,0,0,0,0,0,1,0,0,0,3,4,22,45,3,0,0,1,0,1,0,3,0,0,0,66,250,243,0,4,0,0,2,4,0,0,0,2,0,0,0,0,0,1,2,1,2,5,3,0,0,0,31,235,248,108,0,0,2,0,2,0,1,0,2,1,0,3,2,0,6,1,0,0,0,0,1,1,0,42,154,248,136,1,3,3,0,0,0,0,0,0,0,1,1,0,0,0,0,0,1,0,0,0,0,1,13,193,254,207,27,0,0,2,2,0,3,0,0,0,0,0,0,0,0,0,0,0,4,0,2,0,4,13,155,252,246,77,4,0,2,0,0,3,1,0,0,0,2,0,0,0,1,1,0,3,5,0,0,3,9,158,254,204,67,0,2,0,1,0,0,0,1,0,0,3,0,3,1,0,0,1,1,0,0,0,0,6,159,253,227,74,2,1,2,0,0,2,1,0,3,0,2,1,0,4,0,1,0,0,30,37,36,138,164,184,254,222,39,0,1,0,0,0,0,0,0,0,1,4,3,2,2,3,1,0,11,83,240,252,253,253,252,252,251,247,186,72,25,0,0,24,149,81,1,0,3,1,0,0,0,1,0,80,196,253,254,253,255,255,248,234,168,249,255,252,241,150,71,145,100,51,0,0,0,4,2,5,0,1,8,249,254,253,250,252,255,240,107,1,2,105,239,254,250,250,246,157,0,0,1,2,0,0,1,3,1,0,55,245,250,253,252,250,140,23,0,0,0,0,22,115,177,180,49,0,0,4,0,0,0,0,1,0,0,0,2,123,125,179,136,17,2,0,1,0,2,0,0,0,1,2,0,2,0,0,1,1,6,0,0,4,1,0,1,0,2,4,0,1,1,0,0,4,0,0,1,0,3,0,0,0,0,0,0,1,0,0,0,0,1,2,5,0,0,1,0,0,2,0,3,1,0,0,0,0,0,0,0,1,0,0,2,0,0,0,2,0,0,0,4,0,0,4,0,4,1,6,0,4,2,0,0,0,1,0,0,0,2,4,1,0,1,0,0,3,0,1,0,2,1,0,0,2,0,2,0,0,0,0,0,2,0,0,2,0,0,0,2,2,0,1
0,0,0,1,0,0,3,0,3,2,1,2,0,0,1,0,1,0,0,0,0,0,0,0,0,0,0,0,0,0,0,0,0,2,2,0,0,0,0,0,0,6,0,0,0,0,0,0,0,4,0,1,2,0,6,1,0,0,2,5,0,0,1,1,0,0,0,0,0,2,0,4,2,0,0,0,0,2,0,2,1,1,0,0,0,0,0,0,2,0,1,0,0,1,3,0,1,3,0,0,2,0,2,2,0,0,2,2,3,0,0,0,0,1,0,0,0,4,1,0,1,0,1,0,0,2,2,1,3,0,0,1,0,2,0,3,1,0,5,0,0,2,0,3,1,0,0,0,1,0,3,1,0,0,2,2,0,0,0,3,0,1,0,1,1,4,5,0,1,0,3,1,0,3,1,2,0,1,2,1,0,1,0,1,0,0,0,3,0,0,1,1,0,0,2,0,1,1,0,0,2,2,64,157,147,88,79,156,255,251,254,253,215,154,150,44,0,0,0,2,2,0,4,0,0,1,4,2,2,23,208,255,253,253,253,245,235,197,231,233,234,244,253,239,24,2,0,0,1,0,0,1,1,1,2,0,6,162,247,255,254,249,127,50,1,1,0,2,0,47,225,254,88,0,0,0,0,2,0,2,0,3,0,0,174,249,255,245,127,16,3,0,0,0,0,0,3,0,214,252,19,5,0,0,0,3,0,0,0,1,0,133,251,251,178,43,1,0,5,1,3,3,0,1,0,45,244,255,18,0,0,1,0,0,3,0,1,4,1,131,195,87,0,2,0,1,0,0,0,0,0,0,0,176,253,153,0,1,0,0,0,0,0,0,0,0,1,0,0,3,0,1,0,0,0,0,1,0,0,0,9,255,250,75,1,0,0,3,0,0,1,0,0,0,1,0,0,0,0,0,1,0,0,0,0,0,2,0,165,255,166,4,3,0,4,0,0,0,3,3,0,0,2,0,5,1,0,0,3,1,0,0,0,0,0,36,250,255,41,0,0,0,0,0,3,1,5,0,0,3,1,0,3,1,0,0,2,2,0,0,6,0,3,77,250,178,10,0,2,0,3,0,1,0,2,0,0,4,0,4,0,0,0,0,0,0,5,0,0,0,22,240,254,0,0,1,1,1,2,2,1,2,4,0,0,0,4,0,1,0,0,0,0,0,1,0,2,3,92,250,253,220,212,215,180,0,0,1,0,0,0,0,1,0,1,1,0,1,0,0,1,0,0,0,17,171,253,254,255,253,252,253,213,1,0,0,0,0,7,0,2,2,0,0,0,0,0,0,0,2,0,1,197,255,251,252,183,114,35,18,12,4,2,0,1,2,1,3,2,1,5,2,0,0,0,1,0,2,0,1,119,72,193,240,36,0,0,0,5,2,0,0,0,0,0,0,0,1,1,0,1,0,2,0,3,0,1,0,0,87,254,214,0,0,1,0,1,4,1,1,0,0,0,0,5,0,0,0,1,0,2,0,0,1,1,0,3,121,254,165,0,1,3,0,0,1,0,1,4,0,1,1,0,2,0,0,1,4,0,0,7,0,0,0,3,123,249,118,0,5,1,1,3,0,4,1,0,0,1,0,3,0,0,0,0,0,0,0,0,0,0,4,3,121,255,117,0,0,0,0,1,0,0,0,2,2,0,0,0,1,5,0,2,0,0,0,0,2,1,2,3,73,195,33,1,0,3,0,0,0,0,0,1,0,0,0,0,3,0,0,3,0,0,0,0,0,1,2,2,2,1,1,0,0,0,0,0,0,0,0,0,0,0,1
2,0,0,1,2,2,1,0,0,0,0,0,0,0,0,0,0,1,2,4,0,0,1,0,0,0,0,0,0,0,0,0,0,0,2,1,0,2,0,1,2,3,1,0,0,1,2,0,0,2,0,0,0,4,0,3,0,0,4,0,1,0,1,1,0,0,0,0,1,0,0,0,1,2,3,1,0,1,0,2,0,0,3,0,0,1,0,0,3,0,2,5,0,1,4,0,0,0,0,0,0,0,2,0,0,2,1,2,2,0,0,3,0,1,0,4,1,3,0,0,0,0,0,3,0,4,3,4,0,0,0,1,5,0,0,0,0,0,0,0,2,1,2,0,1,0,0,0,0,0,1,13,217,208,62,0,0,0,0,0,0,0,0,0,2,1,1,0,0,0,1,0,0,4,0,4,0,2,0,6,188,255,185,2,0,0,1,0,2,1,0,0,0,1,3,0,2,2,0,0,4,2,0,0,0,2,2,0,162,249,216,5,0,3,0,0,0,0,0,0,0,0,1,6,1,0,0,0,0,4,0,0,2,2,0,3,168,250,251,60,0,0,3,1,0,2,2,0,3,0,0,1,1,1,0,0,0,2,0,3,0,2,0,0,168,253,255,62,1,0,0,2,4,0,0,1,0,0,4,3,0,0,4,3,2,0,0,4,0,0,4,0,109,253,255,167,0,3,2,0,3,0,5,0,0,3,1,1,0,0,1,1,2,2,0,0,0,0,1,3,72,253,252,168,0,0,2,0,0,3,1,0,2,0,0,0,0,2,2,0,3,2,1,0,0,4,0,1,56,250,250,207,12,3,0,0,3,5,1,0,2,0,0,2,1,1,3,0,1,1,1,2,0,1,2,0,0,212,252,250,18,2,0,1,0,0,3,0,5,0,0,1,0,0,0,0,4,0,3,2,0,0,3,2,0,211,251,253,22,0,0,0,1,0,2,0,0,1,1,4,2,0,5,1,2,1,6,0,0,1,1,3,0,213,254,252,22,6,0,3,0,2,2,2,2,0,0,3,0,2,0,0,0,2,3,3,0,1,0,0,1,211,252,252,19,2,1,2,0,2,4,2,0,1,1,2,0,0,2,0,0,0,0,0,4,0,0,0,0,211,253,248,20,0,3,1,0,0,0,1,0,7,0,0,5,1,0,0,2,3,1,0,0,0,2,0,0,174,254,254,15,0,1,0,0,0,2,6,4,0,1,0,1,0,1,0,1,0,1,2,0,0,1,3,1,215,253,254,20,0,0,0,1,2,0,0,0,1,1,1,0,0,0,0,0,2,0,0,2,0,0,3,0,212,255,251,20,1,2,0,0,1,0,3,0,1,3,0,0,1,5,2,2,1,0,0,0,2,1,2,0,134,253,255,18,0,0,2,1,1,0,0,0,0,0,2,0,0,0,1,0,0,0,0,0,2,4,0,0,108,252,255,21,2,1,0,0,2,2,0,0,0,0,1,0,4,0,0,0,0,0,0,0,0,1,0,0,104,255,251,21,0,0,0,5,0,0,2,1,2,0,0,3,0,0,0,1,0,0,2,4,3,5,0,0,18,212,181,5,1,2,3,0,3,3,0,0,1,2,2,0,4,0,0,0,0,0,3,2,0,4,2,1,0,1,0,0,3,0,2,3,0,0,2,1,3,0,2,2,0,0,0,0,1,3,0,0,0,0,4,0,0,3,1,0,0,0,1,0,1,4,1,0,2,0,0,0,0,1,0,1,2,0,0,1,0,0,0,0,3,0,0,3,0,5,1,2,3,0,0,0,2,2,2
0,1,0,0,0,2,0,0,1,0,0,0,3,0,0,0,0,0,1,4,6,1,2,0,3,1,6,0,1,1,3,2,0,2,0,0,0,0,0,0,0,3,2,2,4,0,3,0,2,1,2,0,0,0,4,0,0,0,5,0,0,0,0,4,0,3,3,2,2,5,4,1,0,0,0,0,0,0,1,0,3,0,3,2,0,0,1,0,0,0,1,0,0,0,0,0,1,1,4,0,1,0,0,0,1,0,0,3,1,0,0,0,3,0,0,0,0,0,0,2,0,3,1,0,4,49,173,255,57,0,0,0,1,0,0,0,0,1,4,0,0,0,0,0,0,0,0,2,1,0,0,36,188,246,249,255,174,0,1,0,7,0,3,0,0,1,1,0,2,0,2,0,1,2,0,0,5,3,72,241,251,235,232,253,186,1,0,1,2,3,1,1,2,1,0,0,0,3,1,0,0,0,1,5,24,185,255,244,99,26,114,255,186,0,0,1,2,0,0,4,3,2,0,1,0,0,0,0,0,2,2,16,209,245,96,21,2,1,111,253,150,0,0,0,3,1,0,0,2,6,1,0,0,2,4,0,1,0,0,45,105,17,0,0,0,0,112,255,30,0,0,1,1,0,0,2,2,0,0,0,0,0,0,3,0,4,1,0,0,0,0,0,0,0,110,232,0,0,0,5,3,3,4,0,0,3,0,0,1,0,0,1,0,1,3,0,0,0,0,1,0,35,216,141,0,0,2,2,0,2,0,0,0,0,1,0,1,0,0,0,0,0,0,2,0,0,2,1,0,134,202,18,3,2,0,2,2,0,0,0,0,2,3,0,0,0,0,1,2,0,0,0,1,0,2,0,20,230,144,1,0,1,0,0,0,2,0,0,0,0,0,0,3,0,0,3,0,0,0,2,0,3,2,1,147,242,70,4,5,0,0,1,1,0,4,0,1,0,0,0,0,1,0,0,0,0,0,2,0,0,3,17,199,131,0,1,4,2,0,0,0,0,1,1,4,3,2,2,1,0,0,1,0,2,0,0,0,2,0,165,225,30,0,0,0,0,3,4,3,13,125,207,46,2,3,0,0,3,3,0,0,0,0,0,0,0,82,254,130,0,3,0,0,1,2,17,83,216,247,140,11,1,1,0,0,0,0,3,5,0,0,0,0,7,208,228,36,1,0,2,0,23,140,238,255,226,64,0,0,0,4,1,0,0,2,3,0,2,2,0,2,133,253,68,2,3,1,53,189,253,252,193,117,1,0,3,0,1,0,0,3,0,5,0,1,4,3,2,24,229,177,0,33,100,184,249,237,182,94,4,6,0,0,2,0,0,0,0,0,0,0,0,4,0,3,0,125,255,97,129,233,247,253,188,57,1,3,2,3,1,2,0,0,0,1,0,2,0,0,0,0,3,1,5,220,253,255,255,252,191,69,3,2,4,3,0,0,0,1,3,1,0,1,0,1,4,3,3,2,0,2,55,255,249,189,109,76,11,0,2,0,0,0,1,0,0,0,1,0,2,3,0,1,0,1,1,0,0,0,1,0,0,0,4,0,2,0,2,6,3,2,0,0,0,2,0,0,0,0,0,0,1,0,0,3,0,0,0,0,0,4,0,0,0,1,0,0,0,0,0,2,2,0,0,1,0,0,0,0,1,3,0,0,0,0,0,0,0,0,3,1,3,0,0,0,1,0,0,0,1,0,0,0,0,0,0,0,0,2,0,0,0,0,0,3,0,2,0,6,2,4,0,0,4,0,0,0,4,0,2,3,3,0,0
2,0,0,0,1,0,4,1,0,0,3,0,0,0,4,0,0,1,0,0,1,3,0,0,0,0,4,1,0,3,3,0,3,4,0,0,1,0,0,3,1,0,0,1,0,0,0,0,0,1,2,2,0,0,0,0,0,1,4,1,0,1,3,0,2,0,0,0,0,1,0,1,0,0,0,1,1,0,0,0,1,0,0,1,1,0,5,4,0,0,0,1,0,0,0,0,2,1,2,3,0,4,2,0,0,0,2,0,3,2,0,0,2,4,3,0,0,0,3,3,0,2,0,0,0,4,69,221,30,4,0,3,1,0,0,1,0,0,0,0,4,0,3,0,3,0,0,0,3,0,0,1,0,31,223,255,126,9,0,2,2,0,0,0,0,7,0,0,2,0,0,1,3,0,0,0,0,1,1,0,1,66,253,253,254,174,0,1,0,3,0,1,2,1,0,0,0,1,2,0,2,1,0,1,1,3,0,5,3,182,252,255,252,169,0,1,1,0,0,0,0,4,1,1,0,0,0,0,2,2,0,1,3,0,0,2,0,183,249,255,253,158,0,4,0,4,5,1,2,1,2,1,1,0,0,2,0,4,1,0,0,0,2,2,0,179,254,255,241,46,2,1,0,5,0,3,1,0,0,1,0,2,0,0,1,0,0,1,2,0,0,2,36,231,254,253,179,0,3,2,1,0,1,0,0,0,3,0,0,0,0,2,0,1,2,5,0,0,0,0,130,255,254,253,158,0,3,0,2,2,0,0,0,0,1,0,1,4,0,3,0,2,2,0,0,1,0,12,194,252,254,254,53,0,0,0,0,5,0,2,5,0,0,2,0,1,0,0,0,2,0,1,2,3,0,45,254,251,252,254,56,0,2,0,0,0,0,0,0,4,0,0,0,0,0,0,1,5,3,0,3,0,0,43,255,251,255,235,40,0,1,0,0,0,0,0,1,0,2,0,0,0,0,1,0,1,0,0,0,0,0,43,253,255,255,187,5,0,0,1,0,0,0,0,0,0,0,0,4,1,3,0,3,0,0,0,1,0,0,44,255,255,254,88,0,0,0,0,0,0,2,1,0,0,0,3,0,0,0,0,1,5,0,0,0,1,0,42,255,255,202,17,3,0,1,0,0,0,1,0,0,2,2,2,4,2,2,0,0,1,0,0,1,1,0,22,214,255,246,101,6,0,0,3,5,0,0,0,0,4,2,0,0,0,0,0,3,3,2,3,0,3,0,24,224,252,255,184,0,0,2,0,0,0,0,0,0,0,0,0,0,1,3,0,1,0,0,0,1,0,3,19,207,255,251,183,1,2,4,0,4,0,0,0,2,5,0,4,0,1,0,1,0,0,0,1,1,0,1,21,215,252,255,189,0,0,2,0,3,1,0,1,0,0,5,2,0,0,0,0,0,0,0,0,5,3,2,25,217,254,255,184,5,0,0,7,0,2,0,0,2,0,1,1,2,1,1,1,2,0,0,2,3,4,0,2,117,255,255,126,0,0,0,0,0,1,1,3,1,0,3,1,0,4,0,1,0,0,0,0,0,1,0,4,2,0,0,2,0,4,4,0,1,1,1,0,0,4,0,0,0,0,4,2,1,0,0,0,1,0,2,2,3,3,0,0,4,0,0,0,0,2,1,0,0,0,4,0,6,0,0,3,0,0,0,0,5,1,0,1,0,0,0,2,3,1,2,0,0,0,3,2,0,4,0,1,0,4,1,1,1,0,2,2,2,1,0,0,2,0,4,1,0,2,0,2,0,0,0,3,1,0,0,3
3,1,0,0,0,0,3,0,0,0,0,0,1,1,0,0,5,0,2,0,1,0,1,4,0,0,0,0,3,2,0,1,1,0,2,0,0,0,0,1,0,0,2,0,0,0,4,5,1,0,0,0,0,3,4,0,2,1,3,0,2,4,0,0,0,0,3,0,0,0,2,0,0,0,1,0,0,4,0,2,2,0,0,0,0,3,0,1,0,3,0,1,0,0,4,0,3,0,0,0,0,0,0,0,0,0,0,0,0,0,0,0,0,1,4,0,4,0,0,0,0,0,0,3,0,159,32,2,0,2,0,0,0,0,2,0,1,3,0,5,1,0,3,0,0,0,2,0,0,0,2,0,0,214,152,0,7,2,3,0,0,0,4,0,0,1,0,1,0,0,1,1,3,1,0,1,0,0,4,2,0,132,234,0,3,1,0,0,4,5,1,0,0,1,0,2,2,2,3,0,0,0,2,1,0,1,2,5,0,76,231,3,1,1,0,3,2,0,0,0,0,0,3,0,0,1,0,1,0,0,2,1,0,0,3,2,1,62,234,14,1,1,3,0,0,0,0,0,0,2,2,1,0,0,0,0,2,0,0,0,0,2,0,0,3,0,250,59,0,0,3,0,2,1,0,4,0,3,0,1,2,0,3,0,1,0,0,2,1,0,2,0,4,0,254,53,0,0,1,2,1,3,0,0,5,0,1,1,2,2,0,2,4,0,2,0,0,2,1,0,3,2,253,52,0,2,0,0,2,0,1,0,6,0,0,2,0,2,3,0,5,1,0,0,0,1,2,0,0,0,255,92,2,0,1,3,4,0,0,0,3,0,0,2,3,0,0,0,0,2,0,3,0,3,4,0,0,0,253,85,2,0,4,0,0,1,1,0,0,2,0,0,2,0,2,3,3,0,1,1,0,1,0,5,0,28,252,81,0,0,1,3,0,0,0,1,0,0,0,0,3,0,0,1,0,0,0,0,1,2,7,0,0,77,255,56,0,0,0,0,0,0,2,3,2,0,0,0,0,0,1,4,1,0,0,4,0,3,0,0,0,82,234,12,1,1,2,0,2,2,1,0,0,0,0,2,0,0,0,1,2,0,0,2,0,0,0,0,1,127,228,2,0,2,1,6,4,0,0,0,0,2,0,0,0,3,0,0,0,1,3,1,1,0,0,0,0,166,234,3,3,0,0,0,0,0,1,0,0,0,2,1,0,0,0,0,0,0,1,2,2,2,0,0,1,231,214,1,0,1,0,1,0,2,0,0,0,0,1,0,2,1,3,2,0,0,6,0,2,2,1,1,4,232,153,0,0,0,0,0,2,2,0,5,0,3,0,0,2,1,1,5,1,0,3,0,0,0,0,0,7,234,83,0,0,0,2,1,1,0,2,0,0,0,0,2,0,0,0,2,1,0,0,0,0,0,0,0,58,252,39,0,0,0,0,0,0,1,0,0,4,0,2,1,0,0,6,4,0,0,1,1,0,0,0,0,101,254,0,0,0,1,0,0,0,1,3,1,4,0,0,2,1,0,0,4,0,0,2,4,0,0,3,0,0,3,0,1,1,0,0,0,0,0,0,0,0,0,0,2,0,0,0,0,2,0,0,3,0,0,0,0,6,3,0,0,3,0,0,4,0,4,1,0,5,2,0,0,3,0,0,0,3,2,0,0,0,0,0,2,0,0,0,0,2,2,3,2,0,0,0,0,0,0,0,3,1,0,0,2,0,0,2,0,3,0,0,0,0,2,1,0,2,1,4,1,0,4,0,1,0,2,0,5
0,0,0,0,2,0,2,1,0,0,2,0,0,0,2,0,0,0,1,0,3,0,0,1,0,3,0,1,0,0,1,0,1,0,2,0,0,0,0,0,0,2,1,1,1,1,0,0,0,0,1,2,0,2,0,0,0,0,0,0,0,0,2,1,0,6,0,0,0,0,0,1,5,3,4,7,0,0,0,0,2,1,1,1,2,1,0,0,0,2,1,0,1,0,0,0,2,2,0,1,3,1,0,0,0,5,6,2,3,0,1,0,1,0,0,0,0,2,0,0,2,0,0,0,0,0,0,0,1,1,0,1,0,0,3,4,0,0,1,1,1,0,2,0,0,1,0,0,1,2,0,0,1,0,0,0,1,2,1,1,0,2,5,1,2,2,0,0,2,1,0,0,0,2,0,5,4,0,0,0,0,0,0,1,0,2,0,2,3,0,3,0,0,0,3,2,0,5,2,0,2,0,0,0,3,0,0,24,98,184,254,254,220,105,11,2,1,4,1,0,0,0,0,0,1,1,2,2,0,0,0,0,27,128,214,245,253,250,246,240,255,252,94,0,0,1,0,0,1,0,0,2,0,0,0,0,2,0,26,149,237,255,251,223,203,191,73,24,214,251,98,0,0,0,1,0,0,1,0,0,0,0,3,0,1,4,42,249,255,234,41,17,0,2,3,0,97,254,112,0,2,0,3,0,5,3,0,0,4,0,2,1,0,0,3,122,73,34,0,0,0,0,1,0,76,255,187,2,0,0,0,0,4,1,3,2,0,0,4,1,0,1,0,0,0,0,2,0,0,0,2,0,93,252,150,0,4,0,1,4,1,0,0,0,3,0,0,1,2,0,3,0,0,0,0,0,5,0,0,0,125,255,36,0,3,2,1,2,0,0,5,0,5,2,0,0,3,2,0,0,2,4,3,3,0,2,0,9,200,171,0,0,4,5,0,0,0,0,0,0,0,1,1,1,1,1,0,0,0,1,0,4,0,0,1,102,252,119,3,0,0,0,0,0,2,0,0,0,3,0,0,0,1,0,0,3,1,0,0,0,4,38,225,201,255,119,32,0,0,1,0,0,0,0,0,0,0,0,0,1,0,0,0,0,0,0,0,0,6,38,250,255,252,247,242,191,66,0,1,0,1,0,1,0,0,1,2,1,0,0,0,1,2,3,0,0,1,0,141,253,254,248,207,254,211,1,0,1,1,0,1,1,1,0,0,0,0,0,0,0,2,2,0,0,0,2,190,209,76,47,74,188,137,0,1,0,0,0,4,0,1,2,0,0,0,0,2,1,0,0,3,7,4,135,253,117,3,1,1,2,0,3,3,0,0,0,1,1,0,0,1,1,0,0,1,1,1,0,0,0,17,195,169,2,1,1,4,0,1,2,0,0,2,1,1,0,0,1,0,0,0,0,0,0,0,3,2,0,136,229,44,0,2,0,2,0,2,0,1,0,3,4,2,0,0,1,3,1,0,0,5,0,0,2,5,53,231,108,0,0,0,0,0,0,4,0,0,3,0,2,5,0,1,0,0,0,0,3,1,1,0,0,3,161,227,21,0,2,1,0,0,0,7,0,0,2,1,2,0,0,0,5,1,3,1,5,0,3,0,0,0,230,122,0,0,1,0,0,0,7,0,2,0,1,1,0,0,1,0,1,3,0,6,0,3,1,2,0,0,168,6,1,0,1,0,0,2,0,0,3,2,1,0,4,0,3,0,4,2,1,0,1,0,1,0,1,2,0,0,1,1,0,0,0,1,0,0,0,0,4,2,0,0,1
1,0,0,0,0,0,3,1,0,1,1,3,0,0,0,0,0,0,0,1,0,0,1,2,0,7,0,0,2,1,0,3,0,0,1,0,0,0,3,1,0,1,2,0,0,2,0,0,1,0,1,2,0,0,1,1,0,0,0,0,0,0,1,0,1,4,3,1,0,2,0,0,1,0,1,1,0,2,0,0,0,2,0,0,0,3,2,0,4,2,0,1,1,1,0,3,2,0,3,0,0,0,0,0,0,0,0,1,3,0,0,0,0,2,0,4,0,0,0,2,1,2,0,2,0,3,1,0,2,2,6,0,0,1,0,0,2,0,2,0,0,0,0,2,0,0,0,2,0,2,0,0,1,1,3,1,0,3,0,0,5,1,2,0,0,2,3,0,0,3,0,0,0,3,2,0,124,254,166,0,0,0,0,0,0,71,252,183,0,1,0,1,0,3,0,0,0,0,0,1,6,0,0,7,128,254,158,1,3,0,1,0,4,107,255,249,48,1,0,0,0,0,1,1,0,0,0,2,2,5,0,2,213,255,105,3,3,3,0,3,5,138,255,242,34,0,0,0,3,0,0,0,1,1,2,0,2,4,4,15,229,252,86,1,0,5,3,6,86,231,252,214,0,0,0,0,1,1,1,0,3,1,0,0,2,0,0,58,255,251,44,1,3,0,0,3,185,255,255,205,3,1,0,3,1,1,1,0,2,0,3,0,2,0,0,59,252,253,13,0,3,1,0,149,249,255,253,118,0,1,0,5,0,1,0,0,0,0,0,2,0,0,3,154,251,251,11,0,2,0,124,251,255,252,238,24,0,5,0,0,1,0,0,1,0,0,0,0,0,1,0,153,254,252,5,0,1,91,249,252,253,252,182,4,2,3,0,3,3,0,0,0,0,2,0,0,0,1,0,106,242,255,38,0,25,245,255,254,248,255,150,0,1,1,0,0,0,0,0,3,3,0,0,0,0,0,4,2,163,254,172,96,245,255,254,255,251,252,67,0,1,0,0,2,0,0,2,0,0,0,0,0,2,2,0,0,70,177,249,253,253,243,168,253,255,200,3,2,0,0,1,2,0,0,0,1,0,0,1,3,0,0,0,0,0,0,98,180,149,36,110,255,251,147,2,0,0,0,0,0,0,2,1,3,1,0,0,3,0,1,1,3,0,0,3,0,0,0,200,255,253,134,1,0,0,0,0,0,2,0,0,4,0,0,4,0,1,0,0,0,0,0,0,0,0,1,134,254,218,9,2,2,1,0,0,0,0,0,0,1,1,0,4,1,0,0,0,6,2,0,2,0,0,5,173,255,211,1,0,2,0,4,0,4,1,0,1,2,3,0,1,0,1,0,0,2,3,0,0,0,3,4,157,255,121,0,0,0,4,3,1,0,0,2,2,0,0,0,0,0,0,0,0,6,0,0,5,0,1,0,181,253,116,0,2,0,0,4,3,1,0,2,0,1,1,0,0,0,0,3,2,2,2,0,0,0,0,0,208,253,116,1,0,0,0,2,4,3,4,1,3,3,1,0,4,0,2,0,4,3,2,1,2,0,0,0,191,251,114,4,1,3,0,3,0,0,0,0,2,0,5,3,2,3,4,3,0,0,0,0,0,0,0,0,27,193,114,0,0,0,0,0,0,0,0,0,0,0,0,0,0,1,0,3,1,2,2,0,0,0,0,3,5,0,0,0,0,0,2,0,0,2,0,0,0,1,1,2,0,0,0,0,0,0,3,2,0,0,0,0,0,3,0,0,0,0,1,0,0,0,0,4,1,0
2,0,0,1,0,2,0,0,0,0,0,2,4,0,0,1,1,0,3,0,0,2,0,0,3,1,0,0,0,0,5,0,0,0,0,1,0,0,0,1,0,1,0,0,2,1,0,0,0,3,2,1,1,1,2,0,0,1,0,6,2,0,3,0,3,2,1,0,1,0,2,1,0,0,0,0,0,1,0,0,0,0,0,0,0,2,0,1,6,0,0,1,0,2,1,1,0,0,1,0,0,0,0,3,4,0,0,0,0,3,0,0,3,0,0,1,2,1,1,3,2,2,0,2,2,0,42,106,100,1,0,2,0,2,0,2,1,2,0,4,0,1,0,2,3,1,0,0,0,1,0,0,0,3,79,213,253,164,1,0,3,0,0,2,0,1,1,0,2,2,1,0,0,5,2,0,2,0,6,2,0,0,0,31,234,221,23,2,0,2,0,0,0,0,0,0,0,0,0,0,4,1,0,0,0,0,0,0,2,0,0,0,200,244,42,3,0,0,0,3,0,0,0,0,0,2,0,1,0,0,0,0,0,0,3,0,2,2,2,40,241,160,0,0,0,0,0,3,4,0,0,2,0,0,0,0,0,0,0,0,0,0,0,3,0,0,0,70,255,40,0,0,3,0,3,0,0,1,0,0,0,0,3,0,0,5,0,3,0,0,1,0,0,2,45,232,209,1,1,0,0,2,1,1,0,0,2,0,0,3,0,1,0,0,0,0,0,0,0,0,0,8,175,225,21,4,1,1,0,0,0,1,0,0,2,0,0,0,2,0,0,2,5,0,0,5,4,5,0,128,252,160,1,0,2,1,1,3,4,0,0,0,0,0,0,1,0,0,0,8,0,4,0,0,1,1,20,253,191,0,1,1,2,0,2,0,0,0,0,0,0,7,1,0,0,0,0,0,0,0,0,5,0,23,207,233,49,0,1,0,0,0,4,0,0,0,0,0,0,3,0,0,2,0,2,1,0,1,0,2,0,132,255,105,0,29,49,50,47,115,114,114,150,132,10,1,0,0,0,0,0,0,0,1,0,0,1,0,81,253,252,223,202,235,254,251,252,253,252,253,250,253,88,4,0,1,3,0,0,0,2,0,0,10,50,171,252,254,255,255,216,102,101,0,0,1,1,0,0,164,201,0,2,0,1,0,0,1,0,4,124,211,254,252,252,191,110,49,15,0,0,0,2,3,1,0,0,3,39,1,6,0,0,0,1,2,1,172,253,254,254,225,39,0,0,0,4,3,3,0,0,0,4,2,0,0,0,3,0,1,0,1,0,0,1,253,251,253,127,15,0,1,3,0,1,1,4,0,0,0,0,1,0,0,0,0,6,1,0,2,0,0,1,101,103,45,0,0,0,0,0,1,0,0,0,0,2,3,0,1,2,0,0,1,0,0,1,1,2,0,3,0,2,0,0,0,2,4,0,2,2,3,0,0,4,2,2,1,0,0,1,0,0,2,2,2,0,2,0,0,1,0,0,5,4,2,0,0,0,3,1,0,0,1,0,0,0,1,1,3,1,0,1,0,2,0,3,1,0,0,0,0,0,0,2,1,0,2,0,2,0,0,0,0,3,0,0,0,0,2,2,3,0,0,0,0,3,2,0,0,2,1,0,5,0,0,0,1,1,0,1,1,0,0,6,0,0,0,2,1,2,4,0,0,0,1,0,0,4,0,0,2,4,2,0,0,1,0,2,0,0,0,0,0,0,0,0,0,3,0,1,1,0,0,0,0,1,0,3,0,0,1,1,0,1,0,0,1,0,0,0,2,2,0
0,4,1,0,3,0,1,1,0,0,2,0,1,1,3,0,4,0,2,4,0,0,3,2,0,0,0,0,0,3,0,0,0,0,0,1,0,0,0,1,0,1,2,2,2,2,3,1,0,0,1,2,2,2,2,4,0,1,3,1,1,6,1,2,0,2,1,0,1,0,7,2,2,0,0,0,6,0,3,0,0,0,1,0,0,0,0,0,0,0,2,0,0,3,0,0,0,0,0,0,0,4,0,0,0,0,2,2,2,2,4,2,0,1,4,1,0,3,0,2,0,23,153,254,253,163,34,2,1,0,3,0,2,2,1,2,1,2,0,0,0,0,3,3,0,0,1,0,27,212,254,254,251,251,66,1,3,1,0,0,1,1,0,3,2,0,0,5,0,0,3,1,2,0,0,0,157,240,156,138,245,253,183,3,0,0,1,3,1,0,0,0,2,0,3,5,2,0,0,0,0,0,0,1,141,83,3,3,163,246,194,5,0,0,0,0,0,4,1,0,5,2,1,2,0,0,0,0,1,1,1,0,3,0,6,0,7,192,255,59,1,0,0,0,0,0,0,1,0,1,1,0,0,0,0,0,0,1,0,2,0,2,0,2,56,255,254,56,0,0,0,6,2,0,0,1,2,2,1,3,0,1,2,2,3,4,0,1,1,3,0,0,83,252,205,17,0,3,0,0,0,2,2,1,0,1,2,0,0,0,0,4,0,0,0,4,0,3,2,3,179,252,183,4,2,0,0,3,1,4,0,0,0,1,0,0,2,1,4,0,0,0,0,0,1,3,2,35,235,255,198,58,13,2,0,0,1,0,0,0,0,1,0,4,0,0,0,0,0,0,1,0,0,0,0,50,254,254,255,252,163,41,0,1,3,1,0,0,0,0,0,0,0,4,0,0,1,0,0,6,5,0,0,38,185,235,255,255,251,190,10,0,0,0,0,2,0,4,0,2,0,0,2,0,1,0,1,0,0,4,1,0,0,40,93,202,252,253,205,22,0,0,0,1,0,1,0,0,1,0,0,1,0,0,0,2,1,2,0,1,0,0,0,17,216,250,254,29,0,1,4,0,4,3,0,1,5,4,0,0,2,0,0,0,2,0,1,0,0,4,0,1,202,254,255,27,0,0,2,0,2,4,0,0,0,0,0,1,3,0,2,0,0,0,1,0,0,3,22,128,241,251,217,18,0,0,0,0,0,1,1,0,3,0,0,1,1,2,1,3,3,0,2,0,0,73,204,251,250,219,39,2,1,0,0,0,1,0,1,0,0,5,0,1,0,3,0,0,0,1,0,98,231,248,251,251,171,34,1,4,2,3,0,3,2,0,0,0,0,0,5,0,0,0,0,0,0,3,94,247,253,251,252,131,6,1,0,0,0,0,1,0,0,1,2,0,0,0,1,2,3,2,2,0,0,2,167,255,252,255,131,0,1,0,0,3,1,0,2,5,3,0,2,0,0,0,1,0,1,1,0,1,0,0,110,254,225,40,5,0,2,4,1,0,2,2,0,0,2,3,1,0,0,0,2,0,1,0,1,0,4,0,3,2,0,0,0,4,0,0,2,0,4,2,0,0,0,0,2,0,0,1,0,0,0,0,1,3,1,2,0,0,1,0,0,0,0,5,2,0,1,0,1,0,0,2,0,2,0,0,3,4,1,3,1,0,0,0,3,1,2,0,4,0,0,0,1,0,0,0,1,0,0,0,1,0,1,2,1,2,0,6,1,0,2,0,0,0,0,0,0,2,2,0,2,0,0,0,2,0,2,0,1,0
0,0,0,0,0,4,0,0,2,0,5,2,2,3,0,2,0,1,0,0,0,0,0,0,1,4,3,0,0,1,4,1,1,4,2,0,1,0,0,0,0,0,0,0,0,0,1,0,0,0,0,0,1,0,2,1,1,1,0,0,1,0,0,0,0,1,0,0,4,3,6,3,0,2,0,0,3,0,3,0,0,1,0,0,0,0,0,0,0,3,0,4,2,0,0,0,0,1,0,0,3,3,0,0,0,0,3,0,0,2,0,1,0,0,2,1,0,1,0,2,0,0,5,3,0,2,1,0,0,1,2,0,3,1,0,1,0,1,0,0,4,0,2,2,1,0,0,0,0,2,0,0,164,193,150,93,53,55,55,48,32,3,4,0,1,0,3,2,0,0,0,1,2,1,3,1,0,0,4,20,224,250,253,252,254,251,251,252,192,83,2,0,0,4,2,4,0,2,1,2,0,3,2,0,2,0,0,54,252,101,0,22,102,61,102,100,61,179,39,4,0,0,0,0,0,6,0,1,2,0,3,0,2,0,0,52,253,102,0,3,1,0,0,3,0,63,3,0,0,3,0,0,1,0,0,0,4,0,0,0,0,0,0,53,254,100,6,0,0,0,0,0,4,1,0,3,4,2,0,3,1,3,0,1,0,0,0,2,0,0,0,92,251,104,1,0,0,0,0,0,0,0,3,0,0,1,0,0,4,0,0,3,1,1,4,0,0,0,0,175,254,99,0,0,1,2,0,1,3,0,0,0,0,0,0,0,2,0,2,0,1,0,2,0,0,3,4,255,247,225,206,205,202,78,0,1,1,0,1,0,2,1,0,0,1,0,1,0,0,0,2,0,0,6,123,254,255,224,204,202,219,254,75,3,0,2,0,0,0,0,3,0,0,0,0,0,0,0,3,0,0,37,240,252,131,16,0,1,18,250,234,42,0,4,0,0,0,0,0,1,4,0,3,2,0,2,1,2,1,154,255,184,0,0,0,0,0,133,254,102,0,0,0,0,1,0,1,0,0,4,2,0,1,4,3,2,1,53,151,19,0,1,0,2,0,47,249,98,0,0,0,7,0,0,0,0,0,0,0,0,1,3,0,0,2,20,3,1,0,1,0,4,1,117,252,107,0,1,1,0,0,3,0,0,0,0,0,1,3,0,2,0,83,184,0,0,0,2,0,4,0,192,251,108,0,0,0,0,0,0,2,3,3,1,0,1,2,0,0,1,202,185,2,0,1,1,0,5,17,255,251,40,5,4,1,2,3,2,0,0,0,3,0,0,0,1,4,19,224,104,0,0,2,0,0,17,203,253,127,1,1,0,0,0,0,0,1,2,0,1,1,0,0,2,0,3,206,125,1,0,1,3,42,173,251,202,23,0,2,2,0,1,0,0,1,1,1,0,0,2,0,0,0,0,162,225,106,26,96,162,241,253,163,19,1,0,2,0,0,4,2,0,4,2,0,0,0,2,0,0,0,2,40,235,255,255,253,255,176,84,1,0,2,0,4,4,0,0,0,0,0,0,1,0,0,0,0,0,0,0,3,34,130,189,110,50,7,0,0,0,1,0,1,0,1,2,0,1,0,0,0,0,2,0,0,3,0,2,3,0,0,0,0,0,2,0,0,0,5,3,3,1,5,0,1,1,0,2,0,0,3,0,3,4,2,0,1,0,2,2,0,0,2,0,0,2,0,0,1,0,0,1,3,1,4,2,1,3,1,3,4,3,0,0,0,0,0,0,2,1,0,4,3,3,3,0,0,0,1,0,0,3,0,0
0,0,3,0,0,0,2,2,0,0,0,4,0,1,2,2,0,2,3,0,1,5,0,3,0,0,4,2,0,4,0,0,0,2,1,3,0,0,2,0,1,0,0,0,0,2,3,2,0,0,2,1,5,2,0,0,0,0,0,0,3,0,0,0,0,2,0,0,2,1,0,0,3,3,0,0,1,0,0,0,0,4,2,0,1,4,0,0,2,2,4,0,1,3,0,2,0,0,0,5,0,1,0,0,1,0,2,0,0,0,0,0,0,2,5,0,0,1,3,0,0,0,150,252,166,11,3,0,0,0,1,0,2,0,0,7,0,0,0,0,1,2,2,3,0,4,0,0,5,19,223,252,255,65,0,0,2,2,5,0,2,0,0,0,0,0,0,4,0,0,1,0,1,0,0,2,1,0,197,251,255,184,8,2,2,0,0,0,0,0,0,3,2,4,0,0,0,0,1,0,0,1,0,0,0,2,141,252,250,249,87,0,2,4,0,1,1,0,2,0,0,0,0,3,0,3,0,2,0,4,2,0,2,1,73,247,252,255,142,5,0,3,2,0,0,0,2,0,1,0,0,0,3,4,0,2,0,2,0,0,0,1,3,192,251,255,234,39,1,0,2,5,1,1,0,0,0,3,0,0,3,0,0,0,0,0,0,0,0,2,2,69,252,252,249,211,0,0,1,0,0,2,0,1,0,0,1,0,0,1,4,0,4,0,0,2,1,2,0,9,232,248,249,227,15,0,0,1,2,0,0,0,1,4,0,0,0,0,0,0,0,0,0,3,2,1,3,0,125,255,251,255,79,1,0,1,2,0,1,4,0,3,0,0,4,0,2,0,1,0,0,0,0,0,3,2,4,200,251,250,204,18,0,2,0,1,0,0,0,0,0,0,0,0,0,0,0,0,0,1,0,0,0,0,0,185,253,255,250,47,0,1,0,0,0,2,4,0,7,1,0,0,4,1,4,2,2,0,0,0,0,0,1,158,254,252,252,121,1,2,0,3,0,0,0,1,0,0,0,2,0,5,0,3,4,7,0,1,0,0,0,78,254,255,251,193,3,0,0,2,0,1,0,3,3,1,0,0,0,1,0,0,3,0,0,4,4,0,2,5,212,249,255,253,112,0,0,0,0,4,0,0,4,0,0,4,0,1,3,0,0,0,0,0,1,0,1,3,109,255,253,253,194,0,0,1,3,1,0,0,0,2,0,3,4,2,1,0,2,0,0,2,1,1,0,0,70,254,254,251,235,30,0,3,2,3,0,3,0,3,0,3,0,0,1,0,3,1,0,0,0,0,4,0,0,205,250,250,254,144,1,0,2,4,2,0,0,0,0,1,0,0,1,5,2,1,0,0,0,0,0,1,3,122,248,255,255,192,2,0,0,1,0,0,1,0,3,0,3,0,0,0,1,0,0,0,0,0,4,0,0,34,253,249,252,119,2,0,0,0,0,0,1,4,0,1,0,0,1,2,1,0,0,0,2,2,0,3,1,6,112,235,244,51,0,1,0,0,0,2,0,2,4,1,0,0,0,0,0,0,0,0,2,5,0,3,0,1,0,1,0,1,1,3,0,0,0,2,0,0,0,0,0,0,5,2,0,0,0,0,2,2,0,0,2,2,0,2,2,1,1,1,2,0,0,0,5,0,1,1,6,4,3,1,1,4,0,0,0,4,5,0,2,3,2,1,0,1,0,0,0,0,0,0,2,0,2,2,3,0,2,0,0,0,0,2,0,2,2,1,0,0,0,2,0,0,0,0,0,2,4,1,0,0
0,0,2,0,0,0,0,3,0,0,0,1,0,2,2,1,5,0,0,0,0,0,0,1,0,0,3,3,0,3,0,1,0,0,1,0,0,0,2,0,1,0,0,2,0,3,3,4,0,2,2,0,0,2,0,1,0,0,0,0,1,3,0,0,0,78,175,229,254,184,59,0,0,0,1,0,0,2,1,0,1,0,2,0,1,0,4,2,0,2,1,1,0,220,85,67,74,188,243,122,2,0,0,3,0,2,0,2,0,1,0,3,0,2,0,0,3,4,1,1,1,98,9,1,0,4,111,241,100,0,0,0,0,0,0,0,0,2,0,0,0,1,0,0,1,2,1,0,0,0,3,0,2,3,4,115,220,28,0,0,0,3,0,0,4,2,0,0,0,0,3,0,1,0,0,3,0,0,0,1,0,0,0,22,218,165,0,1,0,2,2,0,0,0,1,1,3,0,0,4,0,1,0,1,3,4,0,0,0,0,0,0,68,224,1,2,0,2,0,3,1,0,0,0,1,0,0,2,1,0,0,0,3,1,0,2,0,0,1,2,40,252,80,0,0,0,0,0,0,1,0,0,0,0,4,3,0,0,0,4,6,0,2,2,0,0,1,2,1,180,165,0,0,0,1,1,1,2,4,0,3,4,0,0,0,0,0,0,0,0,0,0,0,0,2,0,0,218,163,0,0,5,1,0,0,2,4,0,0,0,0,3,0,0,0,3,3,0,0,3,0,0,0,1,10,235,165,0,0,4,0,3,0,0,0,3,0,0,3,0,0,3,0,0,1,0,0,1,0,1,4,0,67,255,96,3,0,2,3,4,1,0,0,0,1,1,1,0,0,0,0,0,0,0,0,1,2,0,2,0,64,255,37,0,0,0,0,2,0,0,0,5,0,0,4,0,0,0,3,5,0,0,74,78,106,18,0,0,162,182,2,1,1,0,4,0,0,0,0,0,0,0,0,2,0,0,1,0,17,158,244,247,243,243,118,61,253,96,0,4,5,4,0,2,0,0,0,0,1,0,0,0,1,0,0,0,187,228,35,4,5,117,241,255,209,2,0,0,0,0,0,0,0,0,1,0,1,0,2,1,4,4,1,26,240,102,1,0,0,0,80,251,217,14,0,0,0,1,0,1,0,0,0,0,2,1,2,3,0,0,3,64,255,31,0,0,0,81,244,223,226,199,18,0,2,0,3,0,1,0,2,0,0,1,1,0,3,0,0,38,255,50,1,55,89,244,214,31,43,226,205,57,2,0,0,2,0,2,0,0,5,4,0,4,2,1,0,0,192,242,234,252,254,168,27,1,0,39,134,243,184,67,37,0,0,0,0,1,0,2,0,0,1,0,2,0,21,135,171,91,16,4,3,2,0,0,3,106,208,239,53,2,3,0,1,0,2,0,4,0,4,4,0,0,0,2,0,0,1,2,0,2,0,2,1,1,0,2,2,1,0,2,0,0,1,0,0,0,0,0,1,0,0,0,0,4,1,0,0,4,0,3,0,2,0,0,0,0,0,0,2,0,2,1,2,1,0,0,4,0,2,0,1,0,1,0,1,2,0,0,0,2,3,0,0,5,1,3,2,0,5,7,0,0,0,0,4,2,0,6,2,0,0,1,0,0,0,0,0,0,0,0,0,8,1,0,3,1,7,2,0,1,1,0,0,1,0,0,0,0,3,0,0,1,1,0,0,3,3,3,0,0,0,1,0,0,2,0,0,3,0,6,0,2,1,1,2,3,0,0,0,0,0,0,0,0,0,0,0,1,0,2,2,0
0,2,2,2,2,2,0,0,0,0,1,4,0,2,7,0,0,1,0,1,0,0,0,1,0,0,0,0,0,2,0,0,0,1,1,0,0,0,0,1,1,0,0,0,2,0,0,0,1,0,0,0,0,2,0,2,4,2,2,0,3,0,1,0,0,0,2,0,5,1,0,3,1,0,2,1,0,2,0,1,0,0,5,0,1,0,1,1,0,1,0,0,1,1,0,0,0,0,7,1,4,1,0,0,1,0,2,0,1,0,0,0,1,0,2,2,0,0,0,3,1,2,3,0,3,2,0,0,0,0,0,0,1,0,0,1,1,3,0,0,0,0,0,0,0,0,0,0,0,0,0,0,0,1,0,3,0,1,0,3,2,4,1,0,0,2,3,1,0,0,0,0,3,3,0,1,3,4,111,135,79,1,2,2,3,4,100,165,212,14,0,0,0,0,3,0,1,0,0,1,4,0,1,0,0,84,252,253,253,11,0,0,3,123,254,251,254,39,0,4,0,2,3,0,0,0,0,1,0,0,0,0,55,234,252,253,238,8,1,0,31,254,255,252,251,113,2,0,3,0,0,0,0,0,1,1,2,4,2,1,181,249,253,255,141,0,2,0,35,253,248,255,255,134,2,0,0,1,1,0,0,1,0,1,5,0,0,62,234,255,252,250,60,0,0,3,44,254,253,255,254,36,1,2,0,1,0,0,4,0,1,2,2,0,13,194,250,250,252,254,23,1,6,85,201,249,254,255,252,35,0,0,0,3,2,2,0,2,0,0,0,0,34,255,253,254,250,255,97,81,209,251,254,255,253,248,187,5,1,0,0,0,2,1,1,3,0,0,0,0,143,252,251,251,253,252,255,255,255,251,252,255,252,254,63,0,0,0,1,3,1,0,0,4,0,0,0,0,102,255,249,255,254,251,251,255,255,252,255,255,252,190,7,0,0,2,0,0,2,0,0,0,0,0,4,3,37,251,251,254,252,251,253,249,253,255,253,253,251,182,0,0,0,2,0,0,1,0,1,0,0,0,0,0,35,246,241,149,215,242,247,241,247,255,255,254,255,171,1,4,0,1,0,0,0,2,0,4,2,0,0,3,2,51,0,0,0,0,0,1,7,191,252,251,254,62,3,0,1,0,1,0,6,2,1,0,0,1,1,2,3,0,0,1,0,2,3,2,1,145,253,255,252,79,0,0,4,0,0,0,0,2,2,0,1,0,0,0,0,0,0,0,0,1,1,0,10,215,253,251,255,176,0,2,0,0,2,0,2,0,0,2,3,1,0,0,0,0,4,0,0,3,0,2,40,251,253,255,249,156,0,0,1,2,2,0,2,0,1,0,0,0,0,3,2,2,0,1,0,2,0,0,230,252,255,252,249,61,0,5,0,4,0,0,2,0,0,0,0,0,0,0,0,0,0,0,3,1,2,94,254,255,249,253,252,60,0,2,1,0,0,1,0,0,0,1,0,2,0,3,0,2,0,0,0,0,6,121,255,255,252,254,231,36,1,3,2,2,0,0,1,0,0,0,0,2,1,5,0,0,1,0,0,0,0,10,254,254,253,255,80,0,0,3,3,1,2,0,4,0,1,2,0,2,0,0,0,1,0,0,0,3,0,0,255,255,159,13,5,0,0,1,0,0,0,0,1,1,0,1,2,3,2,0,0,0,0,5,2,0,0,4,6,0,0,0,0,0,4,0,1,0,2,2,6,0,5,2,2,1,0,1,4,0,2,0,0,9,0,0,0,2,1,0,0,0,3,3,0,3,0,0,0,0
0,0,0,1,5,0,2,0,3,0,0,0,0,3,0,0,0,0,3,0,0,0,3,2,0,1,0,2,0,0,3,0,0,0,0,0,0,2,0,0,0,1,0,0,4,6,2,0,0,0,0,0,0,0,0,1,0,5,0,0,2,2,0,0,1,0,1,0,0,0,0,2,0,0,0,4,0,2,0,2,0,0,0,0,4,0,6,2,5,0,3,0,1,0,1,3,2,0,2,0,0,1,0,3,2,0,0,0,2,0,0,0,0,1,2,0,0,1,0,0,0,5,0,0,0,0,1,0,0,0,0,2,0,0,3,0,2,0,2,1,0,3,3,0,3,1,0,113,216,0,0,0,1,3,0,1,3,9,52,0,0,0,3,0,0,0,0,0,5,3,0,2,2,0,0,233,255,4,3,1,1,0,0,0,0,55,254,84,4,0,1,3,2,0,0,0,2,0,0,0,2,0,0,252,249,0,0,3,0,0,0,0,0,52,247,165,3,1,1,2,0,0,0,0,1,1,0,0,3,0,0,254,251,44,1,0,0,0,0,0,3,51,250,223,22,2,0,3,5,1,2,0,0,0,0,0,3,0,0,254,252,98,2,0,3,2,0,0,2,52,251,255,49,1,0,0,0,0,0,2,0,0,0,0,0,0,1,251,252,104,3,3,0,2,0,1,0,53,254,251,48,3,0,0,1,0,0,4,0,1,2,0,0,2,0,255,255,103,0,0,2,0,0,4,0,46,251,255,55,46,132,2,0,1,0,0,0,0,4,0,3,4,0,252,250,63,0,0,1,0,0,0,0,90,252,216,52,197,156,0,1,0,0,0,0,0,0,4,0,1,5,252,253,104,0,5,0,1,0,2,0,154,253,250,255,205,19,1,1,4,5,0,2,1,2,0,0,2,3,253,250,100,1,1,0,0,1,0,46,192,255,253,211,20,1,1,1,0,0,2,1,3,0,0,0,3,0,192,252,251,131,49,53,56,129,218,255,255,250,255,53,0,0,2,1,0,0,3,1,3,0,0,2,5,0,52,234,253,251,252,248,252,253,255,253,255,252,209,11,0,1,2,0,0,0,0,2,3,0,6,0,3,3,0,79,233,249,253,252,244,205,145,103,253,255,183,0,2,0,1,0,0,0,0,0,0,0,0,0,2,0,0,1,29,49,51,50,40,0,0,3,252,253,101,0,0,3,0,0,2,1,1,2,2,0,0,0,7,2,3,0,0,0,0,2,3,0,1,0,150,255,200,0,0,0,1,2,0,1,0,0,0,2,0,0,0,0,0,0,2,0,0,0,0,0,0,0,230,253,118,1,3,0,1,0,0,0,0,0,1,4,0,0,0,3,0,0,0,0,0,2,0,1,1,0,250,255,103,0,0,2,1,2,0,0,0,1,0,1,0,4,0,1,3,0,0,3,0,0,4,0,3,0,250,250,98,1,0,0,0,0,1,0,0,0,4,0,0,2,1,0,1,2,1,0,1,1,0,0,0,4,174,255,97,0,0,0,0,4,0,0,0,0,3,2,2,0,0,0,2,0,0,1,0,0,0,1,0,0,9,172,61,0,4,0,3,1,4,0,0,1,3,0,0,0,2,0,0,1,0,0,0,0,1,0,1,3,0,3,3,0,0,1,0,0,0,0,0,0,0,1,0,0,0,0,0,3,1,0,0,0,0,0,2,3,4,0,3,0,0,3,1,2,2,0,3,2,0,0,0,1,0,0,1,0,2,1,0,0,4,0,0,5,0,0,0,2,3,1,0,2,0,5,0
4,1,0,0,0,0,3,0,0,0,0,0,2,0,0,2,1,5,4,0,0,0,0,0,0,3,0,0,2,0,0,0,1,0,2,0,1,3,0,3,0,2,0,1,0,0,0,0,0,0,0,1,3,1,0,3,2,1,0,0,0,0,0,1,0,3,2,0,0,0,0,0,0,0,4,0,0,0,3,0,0,7,0,0,0,0,0,0,0,3,0,0,1,0,0,0,0,0,0,0,36,155,245,59,0,1,3,0,4,1,1,2,2,4,0,0,3,3,2,0,0,1,1,0,3,3,0,27,218,249,249,59,2,0,2,0,3,1,0,1,0,5,0,0,1,2,2,3,2,0,0,0,0,0,0,129,255,255,154,0,0,3,0,0,2,4,0,0,0,0,3,0,1,2,3,2,1,1,0,0,0,0,51,244,252,195,13,0,2,0,0,0,0,0,0,0,0,0,0,0,0,1,3,1,0,0,0,1,0,0,136,255,199,15,2,5,0,0,3,0,0,0,0,0,1,3,2,1,3,0,0,0,1,1,0,0,0,98,253,239,33,0,0,0,0,0,0,0,0,0,1,0,0,0,0,1,0,2,2,2,0,0,0,0,8,185,253,108,3,2,2,2,3,0,0,0,0,0,0,4,0,0,3,3,0,6,1,0,0,1,0,0,79,252,183,1,0,0,0,0,1,2,1,1,0,0,0,0,0,2,5,3,0,0,1,0,0,0,0,190,134,215,34,0,0,0,0,0,0,0,0,0,0,1,0,0,0,1,0,4,1,0,0,0,5,0,48,240,253,80,0,0,0,0,1,1,1,0,0,0,2,0,0,3,1,2,1,0,0,2,3,4,0,4,214,255,179,8,0,2,3,39,29,0,0,0,0,1,2,4,0,1,0,0,0,4,0,1,0,2,0,1,251,252,78,2,18,140,216,243,219,70,0,0,3,1,0,0,0,2,0,0,0,3,0,4,2,1,1,61,255,245,58,0,135,150,164,246,249,224,1,0,0,1,2,1,2,1,0,1,1,3,2,0,2,3,1,194,251,180,1,0,0,0,15,222,253,252,83,0,0,0,0,0,2,0,1,0,0,0,1,0,0,1,0,196,255,100,0,0,3,4,22,253,252,216,0,1,2,0,0,2,1,0,0,0,1,0,0,1,2,2,0,196,254,137,0,1,0,1,21,255,255,134,1,0,0,0,0,0,1,0,0,0,2,1,0,0,2,0,0,194,253,191,90,2,2,1,75,250,249,52,3,0,0,0,1,0,0,0,0,2,2,0,0,0,3,2,0,127,227,250,255,165,82,160,250,255,146,0,0,0,0,0,0,0,0,0,0,1,0,0,0,0,1,0,0,6,72,199,254,254,252,255,250,226,25,0,2,0,1,1,5,0,1,0,0,0,2,2,2,4,0,3,2,1,3,8,54,202,214,191,75,20,0,0,0,1,1,1,0,2,0,1,0,0,2,0,0,0,1,0,1,0,1,1,2,0,3,0,0,0,2,1,0,0,0,1,1,0,0,0,3,0,0,3,0,1,0,0,0,4,2,0,0,0,0,2,0,3,0,0,0,2,0,0,0,0,0,0,3,0,1,3,0,0,0,0,0,2,1,3,2,0,0,0,0,4,0,3,1,1,1,0,0,0,0,0,0,0,4,1,2,0,1,4,1,0,2,0,1,0,3,2,1,1,0,0,0,3,4,0,1,0,0,0,0,0,0,0,1,0,0,0,0,0,1,0,1,0,4,0,0,0,0,0,0,0,0,0,0,0,0,0
0,0,2,1,0,2,0,2,0,0,0,0,0,2,0,2,0,0,0,0,2,0,3,0,1,1,3,0,1,0,1,0,0,2,1,0,3,0,1,0,0,4,0,1,0,1,0,1,0,0,1,0,0,0,0,2,0,2,0,3,0,1,3,0,3,2,2,0,0,0,0,0,7,0,0,2,2,0,1,1,1,0,4,2,0,0,0,0,0,4,0,0,0,1,2,0,0,0,0,0,2,3,1,0,0,0,0,2,0,0,2,1,1,0,0,0,1,0,1,0,5,0,2,0,3,1,0,0,0,0,3,0,1,2,0,4,0,0,0,2,0,0,3,0,1,2,2,0,0,0,2,1,2,2,0,0,1,0,1,1,0,2,0,1,0,0,0,0,1,2,0,4,23,61,58,129,212,206,208,209,211,208,210,175,62,29,0,1,0,1,0,0,0,0,1,0,1,3,0,1,204,252,255,252,252,253,254,250,252,255,254,255,255,211,26,0,1,1,0,0,0,0,0,1,1,0,0,0,253,251,248,253,255,254,253,250,253,253,255,251,252,255,177,0,0,2,5,2,3,4,2,1,1,0,0,0,94,176,179,180,181,180,100,28,33,29,90,239,255,252,182,0,0,0,1,0,5,0,4,0,0,0,0,2,0,0,0,0,0,0,0,0,1,1,92,240,254,251,163,1,3,0,0,0,0,0,5,1,0,0,0,3,5,0,0,0,0,3,0,0,25,130,254,255,253,251,28,1,0,0,3,4,0,0,0,0,2,0,1,2,0,0,0,1,26,91,88,232,244,251,255,255,255,255,109,78,0,2,1,3,0,2,1,0,2,0,0,1,0,0,0,95,210,254,253,253,253,255,252,253,253,252,251,246,119,51,10,4,0,0,0,0,0,0,1,1,2,0,3,121,253,252,255,254,254,251,254,255,251,248,254,253,252,250,147,0,0,1,4,2,6,3,0,1,0,0,0,126,254,253,253,158,122,0,0,2,0,74,148,223,255,251,255,109,1,0,2,0,0,0,0,2,1,0,1,19,43,44,45,2,0,1,1,5,0,0,0,48,225,251,255,142,0,1,0,0,0,0,1,5,0,3,1,2,0,0,0,3,0,0,3,1,4,0,1,0,50,245,251,253,0,0,2,2,0,0,1,3,7,0,0,3,0,72,0,0,3,2,0,0,2,0,0,0,68,244,255,176,0,2,0,0,0,0,1,0,0,1,1,3,64,241,142,2,0,4,0,0,0,0,0,72,238,253,255,103,2,2,0,4,0,0,0,2,2,3,0,3,73,255,254,181,181,178,117,66,179,174,180,233,254,241,197,32,0,1,1,0,0,3,1,0,0,2,0,0,35,213,255,252,249,251,250,255,251,254,252,252,255,160,2,0,1,1,0,0,1,3,0,0,0,1,3,0,2,11,94,160,180,200,255,255,251,253,227,164,163,14,0,0,1,0,3,3,0,4,0,0,0,0,0,2,0,0,5,2,12,21,60,95,114,59,39,2,0,3,0,1,1,0,0,0,1,0,0,0,5,0,4,3,0,1,0,0,1,0,0,0,1,0,0,3,0,0,0,0,0,0,0,1,3,0,3,0,1,0,0,0,2,1,1,2,0,2,2,2,0,1,0,0,0,0,0,0,1,5,0,0,0,0,1,0,4,0,0,5,3,1,2,2,0,0,0,0,0,0,0,0,3,0,3,3,0,0,3,0,2,0,0,0,0,2,5,2,1,0,4,2,0,0,2,0,1,0,2,0,0,0,3,0,5,8,1,0
0,0,0,2,0,0,3,0,2,2,2,1,1,2,0,0,1,1,1,1,0,5,2,0,0,0,1,0,0,1,0,1,0,3,0,0,0,0,1,0,0,1,0,0,0,5,1,1,0,0,0,1,0,0,0,0,1,3,2,1,0,0,0,0,2,0,0,0,5,0,1,3,0,0,2,0,5,2,3,0,0,1,5,0,0,0,3,2,2,1,5,4,3,1,0,0,5,0,0,1,0,0,0,0,0,1,0,0,0,0,0,0,0,0,1,0,0,2,0,0,0,0,3,0,4,4,1,3,0,3,1,3,2,3,0,1,3,3,0,0,2,4,0,1,1,0,0,0,0,0,2,1,0,3,0,1,0,0,0,0,1,1,0,8,77,49,3,3,0,0,0,0,2,0,1,1,3,5,0,0,0,2,0,0,0,0,0,66,124,169,247,247,202,100,0,0,0,0,0,0,1,0,0,4,0,0,2,3,2,52,17,0,25,120,203,255,255,228,128,102,4,0,0,2,3,2,0,4,0,0,0,0,0,0,3,28,189,254,235,216,233,252,241,157,76,17,0,1,1,0,0,0,6,1,4,2,1,2,1,0,0,2,20,217,255,255,255,245,224,102,33,0,0,0,0,0,0,0,0,0,1,1,0,3,0,1,0,1,0,19,199,253,255,249,164,63,5,0,2,1,1,0,1,0,0,1,0,1,0,1,3,3,0,0,0,0,2,184,255,251,194,31,0,0,0,2,0,0,0,2,0,3,0,2,0,4,0,0,0,2,3,2,0,0,55,240,254,163,1,1,1,0,3,0,0,0,0,0,0,0,0,0,5,0,3,2,0,2,2,0,1,0,222,255,162,5,2,0,0,0,0,1,0,1,0,3,4,0,0,2,0,2,0,0,1,1,0,0,3,32,239,247,76,33,109,132,218,180,93,23,4,1,0,0,0,4,0,0,2,0,3,0,0,0,0,0,0,119,254,246,241,244,254,232,224,239,255,239,99,0,2,0,0,0,0,0,0,0,1,0,2,0,0,1,5,197,252,254,198,145,60,19,1,30,142,246,236,101,2,0,0,1,0,3,0,0,0,1,1,0,0,0,1,16,154,86,13,2,0,3,2,0,0,127,255,174,1,0,4,0,0,0,0,0,0,1,4,0,2,2,0,0,4,3,0,0,1,0,0,3,0,111,250,252,13,3,0,2,0,0,2,4,0,1,0,0,0,0,0,1,0,3,1,0,4,2,0,0,31,207,255,174,5,1,0,0,0,0,0,2,1,0,0,0,0,1,0,1,0,3,0,1,0,0,3,64,227,255,234,45,0,4,2,0,0,0,0,0,2,0,0,4,0,0,1,0,0,0,1,1,12,98,179,249,255,231,83,0,0,0,0,0,0,1,0,6,0,0,1,1,4,0,30,26,26,102,118,153,224,251,255,239,146,27,1,0,3,0,5,0,1,1,1,0,0,0,0,1,0,0,242,239,248,254,246,245,243,185,98,30,1,1,0,0,0,0,0,0,0,1,0,0,1,0,0,0,3,0,0,47,51,62,34,18,0,0,1,2,2,1,3,1,0,2,2,3,0,0,0,2,0,0,0,0,0,0,0,2,2,0,0,0,0,1,0,3,0,0,0,0,0,2,2,4,0,0,0,2,3,2,0,0,0,0,0,0,2,0,4,0,0,0,0,3,0,0,2,0,2,1,0,1,2,2,1,0,2,0,0,0,0,2,1,6,0,0,0,2,2,0,3,0,0,1,0,3,1,2,0,3,2,0,0,1
2,0,0,0,0,0,0,2,0,3,1,2,0,0,3,2,0,0,2,1,4,0,1,0,6,0,0,0,0,2,0,0,0,0,1,0,1,0,0,0,0,1,0,0,0,0,1,0,0,8,0,2,0,0,0,3,1,1,0,0,0,1,2,1,2,2,0,0,0,1,0,0,3,2,0,0,3,0,0,0,0,3,0,2,1,0,2,0,3,2,0,0,0,2,4,0,3,0,0,2,1,5,0,2,0,2,0,2,0,0,4,2,0,4,3,0,0,0,0,4,0,1,1,0,0,1,36,159,220,244,77,2,1,0,0,0,0,0,0,1,3,0,0,2,3,2,4,0,0,0,2,0,2,80,234,177,70,25,3,0,0,0,0,3,0,0,0,1,0,0,0,0,0,0,0,2,52,142,146,152,175,225,114,0,2,1,1,0,2,5,1,2,0,0,1,6,3,5,1,0,1,0,0,4,225,207,160,182,107,45,4,0,1,0,0,1,0,0,0,2,1,0,0,0,0,1,3,0,2,2,1,11,248,59,4,1,3,0,4,0,0,0,0,0,2,0,0,0,0,1,0,0,0,4,0,0,0,2,1,55,250,63,0,0,2,0,0,0,2,0,0,0,1,1,0,1,1,1,0,2,0,4,0,0,0,1,5,64,250,58,1,0,1,1,1,3,0,0,2,1,0,3,0,0,0,6,0,0,0,0,0,0,0,1,0,145,251,61,0,0,6,32,14,30,56,33,0,0,1,0,2,1,3,1,1,0,0,5,1,0,0,0,1,112,251,62,18,83,212,254,226,251,255,255,181,65,4,0,0,0,0,3,0,0,1,2,0,0,0,2,1,71,255,156,223,249,167,82,70,26,21,94,177,251,101,0,0,0,4,0,2,2,0,0,0,0,0,2,2,21,205,219,158,33,0,0,0,0,0,0,0,111,255,52,3,2,0,2,2,0,1,1,1,0,0,0,1,0,0,0,1,2,0,0,0,0,1,2,1,8,210,232,4,3,3,3,0,0,2,0,1,6,1,0,0,0,0,0,0,0,3,0,0,2,3,0,2,0,93,248,43,0,0,2,0,0,3,1,0,0,0,1,0,0,0,0,1,2,0,0,0,0,0,0,3,0,58,253,68,2,1,2,0,0,0,1,5,0,0,0,0,0,0,1,1,0,0,0,1,0,2,0,0,0,72,247,16,1,0,0,4,1,2,3,1,0,6,2,0,0,5,3,0,1,1,0,0,3,0,3,0,0,177,243,0,0,0,0,1,0,2,0,0,0,0,4,0,1,0,31,2,0,0,2,3,1,4,1,0,18,228,194,2,0,0,0,4,3,0,2,4,0,0,0,0,0,11,239,77,4,2,0,0,1,0,21,159,233,187,7,0,2,0,3,0,2,0,0,0,0,0,0,0,0,0,113,255,89,35,11,56,85,167,238,232,126,6,0,0,5,5,2,0,0,4,0,0,0,0,0,1,1,0,4,129,224,245,238,252,250,173,108,40,1,1,1,0,3,1,0,0,0,2,0,0,0,0,0,0,0,1,0,0,0,0,0,0,0,0,0,0,3,0,5,1,0,1,1,2,3,1,3,0,0,0,4,0,0,0,3,0,3,0,0,1,2,1,0,1,0,0,4,2,1,4,0,0,1,0,0,0,4,1,0,4,0,0,0,1,0,1,5,2,1,3,1,0,3,0,0,0,0,3,5,1,0,0,0,4,0,0,2,4,1,1,0,1,0,0,3,0,0,1,0,0,0,0,1,0,0,0,0,0,1
0,1,0,2,0,0,2,1,2,5,0,0,6,0,2,1,0,0,0,2,3,0,2,0,3,2,0,0,3,1,0,0,1,2,0,3,0,0,0,0,0,0,0,0,2,0,0,2,0,0,0,0,1,0,0,3,1,3,0,3,3,0,2,2,0,0,0,4,0,0,0,2,0,0,2,2,1,0,0,3,0,0,0,7,0,0,0,0,0,0,0,0,0,18,206,217,3,3,0,2,0,0,2,2,0,0,0,0,0,0,1,0,0,1,4,1,0,0,0,2,17,206,250,218,2,2,0,0,4,0,5,2,5,2,1,0,0,1,0,1,1,0,0,4,0,0,0,18,211,253,249,135,2,1,0,1,2,0,0,0,0,2,3,2,0,0,0,0,0,0,0,0,3,0,1,136,253,250,148,0,1,1,0,3,2,0,0,0,0,0,2,1,1,0,4,0,0,0,0,1,0,0,19,207,254,235,40,0,0,0,0,4,6,6,1,3,0,1,2,0,0,0,4,2,0,2,1,4,0,0,210,255,250,148,1,0,0,1,1,0,0,0,0,0,1,3,2,2,2,2,0,3,0,0,0,0,0,1,255,253,237,38,4,0,0,0,3,0,1,0,0,0,0,0,4,0,3,0,0,0,1,0,0,4,1,1,253,255,233,0,2,0,0,0,0,3,35,51,52,52,51,49,9,0,0,0,0,0,1,0,0,3,1,1,255,255,234,0,2,0,0,0,70,181,234,253,248,252,252,252,183,125,26,0,0,1,3,0,0,0,0,0,251,250,239,1,1,1,0,14,197,254,251,205,192,150,128,175,248,252,222,128,0,2,0,3,3,1,2,0,251,253,140,0,1,0,2,146,253,255,166,10,3,3,0,0,108,216,252,250,0,3,0,0,0,0,6,0,252,255,208,3,0,1,0,175,251,253,62,0,4,0,0,0,0,112,254,254,3,0,0,0,0,0,0,0,255,254,233,5,0,0,0,178,251,253,63,3,0,0,0,0,0,109,255,217,3,0,2,0,4,0,0,1,255,252,240,37,4,0,0,174,253,251,167,0,0,0,0,0,1,113,249,92,1,0,1,5,1,1,0,0,104,255,254,233,85,2,0,26,122,230,245,179,65,0,0,2,0,153,253,110,5,0,0,0,2,0,0,0,3,210,249,252,208,1,1,4,3,115,231,254,245,82,0,0,44,246,253,80,0,3,2,0,0,0,2,2,0,27,250,255,254,151,38,1,2,0,54,148,180,245,188,105,228,249,90,0,0,0,3,2,0,3,0,1,0,0,88,205,252,251,238,216,110,111,116,110,119,169,254,252,203,20,0,0,1,2,0,1,2,4,0,0,2,0,0,78,136,215,251,249,252,252,249,253,253,212,134,87,10,1,6,0,0,1,3,0,0,1,1,0,0,0,0,0,0,6,27,127,134,129,128,129,131,30,6,0,0,5,0,4,1,0,1,1,0,0,0,0,2,2,0,0,0,0,0,0,0,0,0,1,4,0,0,0,0,5,0,0,0,0,1,2,1,0,1,0,0,1,0,3,2,0,4,4,0,1,3,0,0,0,0,2,2,0,0,0,1,1,3,0,0,0,0,0,3,1,2,5,0,0,0,0,2,0,1,0,0,4,0,0,0,5,1,0,0,2,0,1,1,0,0,2,0,1,5,3,1,0,2,0,0,1,2,0,0,2,0,0,2,0,0,0,0,0,3,2,3,1,0,4,1,0,0,2,0,1,0,0,0,0,0,0,0,0,4,1,1,0,0,0,4,2
0,1,0,0,0,2,0,0,5,1,0,1,0,3,0,0,1,0,0,0,1,3,1,0,0,5,0,1,0,0,0,3,0,2,2,0,0,0,0,3,0,0,0,2,1,0,5,0,0,0,0,0,1,0,0,3,0,0,0,1,0,2,1,0,0,0,1,0,3,0,0,2,2,0,2,1,0,0,0,3,0,5,0,0,3,1,3,4,3,0,0,0,3,0,0,0,0,0,0,0,0,1,0,0,0,0,0,1,1,0,0,0,0,0,0,5,0,2,0,0,1,0,4,0,3,0,3,1,0,0,0,0,1,2,0,1,1,0,0,0,0,3,3,3,2,2,0,1,0,0,0,12,28,1,105,231,254,130,11,0,4,0,0,1,0,0,0,0,0,1,1,3,0,5,0,3,0,0,1,84,255,182,251,253,253,254,125,16,2,2,0,0,0,5,0,0,2,1,0,1,0,1,0,0,0,0,4,123,253,251,253,147,59,255,249,140,1,0,2,0,6,0,0,2,1,0,1,0,0,0,0,1,1,0,53,244,253,254,101,8,1,153,253,172,1,0,0,3,0,0,0,3,0,0,1,1,0,1,1,0,1,1,167,253,251,255,82,0,2,14,206,250,95,0,0,1,0,2,0,2,0,0,3,1,0,2,0,1,4,0,173,250,252,250,63,0,0,0,169,255,213,0,0,1,0,0,0,0,0,2,1,0,0,2,3,0,0,0,169,254,254,107,0,0,0,0,87,255,254,3,0,3,1,2,0,0,0,1,3,0,2,0,0,1,0,27,242,251,249,1,0,0,0,0,53,252,253,2,0,3,0,0,0,0,0,2,0,2,0,0,2,0,0,41,255,254,251,1,0,0,0,0,52,251,251,0,0,1,0,0,0,0,2,0,0,5,3,2,2,1,4,140,253,254,253,0,2,1,2,1,59,255,251,0,2,2,0,0,0,0,0,0,0,0,0,0,0,3,1,229,252,223,166,3,0,2,0,3,58,251,255,4,4,0,1,1,0,2,0,0,0,5,3,0,0,0,0,255,251,168,0,2,1,3,0,0,58,255,255,0,3,0,6,2,1,2,1,0,2,0,0,0,0,2,0,252,252,162,1,2,0,3,1,0,119,252,191,5,0,0,1,0,0,0,3,0,1,0,0,0,0,0,2,254,252,92,1,0,0,0,0,2,166,251,66,0,2,2,2,3,0,0,3,0,0,0,4,0,0,0,0,255,251,56,0,0,0,3,0,7,193,252,30,0,0,0,3,4,0,0,1,3,0,0,2,0,0,0,8,255,252,160,0,0,0,0,0,179,248,181,0,1,2,1,0,0,0,0,0,0,5,0,4,4,0,0,3,178,254,177,15,0,13,66,194,255,213,26,3,2,0,0,4,0,2,3,2,0,1,1,2,0,1,0,1,24,235,252,219,171,223,254,255,208,31,3,3,3,3,0,1,1,0,5,1,0,0,1,0,0,0,0,0,1,129,253,251,255,249,249,218,28,0,0,2,2,1,4,0,0,2,2,0,4,0,0,0,4,0,0,2,0,6,64,237,250,175,104,17,3,0,0,1,0,0,0,1,0,4,0,3,2,0,1,0,0,1,1,1,2,0,0,0,1,0,0,1,0,4,0,0,2,3,1,5,2,0,3,0,4,0,1,1,0,0,0,1,2,0,2,1,0,0,0,3,3,0,1,0,0,0,0,1,0,0,0,1,2,0,3,0,0,0,0,0,1,0,0,1,2,0,0,1,0,0,2,0,0,0,2,1,4,0,2
0,0,5,1,0,3,0,0,2,0,0,0,0,0,2,0,0,2,1,0,0,0,1,1,2,0,0,0,2,1,0,0,0,0,4,0,0,0,0,0,0,0,2,3,0,0,0,1,2,0,3,0,3,0,0,0,2,0,0,4,0,2,1,0,0,0,0,1,3,1,1,1,0,0,0,0,3,0,0,1,3,2,0,0,2,1,0,0,0,0,0,2,0,4,3,0,0,0,0,0,0,0,0,1,1,0,0,3,0,1,0,4,0,0,0,2,1,0,2,0,3,0,0,2,2,0,2,2,4,0,0,4,0,0,0,2,4,3,0,3,7,0,4,0,0,2,1,5,94,255,144,2,0,0,0,0,1,0,0,0,0,2,3,0,2,2,1,0,1,1,0,2,0,0,0,23,195,249,239,23,0,0,0,1,0,0,0,3,145,228,98,2,0,0,2,0,2,2,1,0,3,4,0,57,254,254,255,28,0,0,0,0,2,8,3,30,255,255,196,1,0,3,1,0,0,0,0,2,1,0,3,62,250,250,178,9,0,3,0,0,2,0,0,138,255,253,99,2,1,0,0,5,0,1,0,1,0,2,0,55,255,255,145,0,0,1,0,3,0,0,13,203,251,251,56,1,0,0,0,3,0,0,0,0,0,0,1,121,255,250,142,0,0,3,0,3,0,0,28,255,255,214,32,0,4,0,0,0,0,3,0,3,0,1,0,200,255,247,143,0,4,3,0,3,0,0,29,254,255,42,0,0,2,3,1,6,0,0,0,0,1,0,0,201,253,248,28,0,0,6,0,0,0,16,78,251,252,30,1,2,0,0,0,1,0,0,0,4,0,1,56,235,254,235,0,0,2,0,0,0,0,54,255,254,175,8,3,0,3,0,0,0,2,1,0,0,0,0,83,254,251,190,140,139,137,138,136,79,50,166,246,254,140,1,2,0,0,1,0,0,2,1,5,0,0,0,88,255,253,254,254,254,252,250,252,254,254,250,251,253,140,1,0,0,2,3,0,0,1,0,0,0,0,1,55,232,249,254,253,248,252,241,212,214,246,255,251,250,142,0,2,0,3,0,0,3,0,0,0,0,2,1,2,72,197,192,56,55,57,54,35,30,49,209,252,217,30,0,0,0,0,0,0,0,0,0,4,0,2,2,0,1,6,2,0,1,0,0,4,0,74,235,252,115,3,0,0,0,3,0,0,6,0,3,1,0,0,0,5,0,1,0,1,2,1,3,3,0,228,250,252,111,0,0,0,1,0,5,0,2,0,6,1,0,0,1,0,0,1,1,0,1,4,3,0,2,225,255,252,117,0,4,0,0,0,2,3,0,0,1,2,0,2,0,1,0,0,1,2,0,1,0,5,102,246,254,243,76,6,0,0,1,0,0,0,0,4,0,0,0,3,0,2,0,2,0,3,0,0,3,3,118,254,253,243,91,0,0,0,0,0,0,1,1,2,0,0,2,0,3,3,3,2,3,0,0,1,0,0,37,234,252,156,100,0,0,0,1,0,1,0,1,0,0,0,1,1,1,0,0,1,1,1,0,2,0,3,0,147,250,86,0,0,1,0,0,2,0,0,0,0,0,0,0,0,2,0,0,1,0,0,1,0,0,0,1,0,0,1,0,0,0,0,0,0,0,0,4,2,0,0,0,2,2,0,0,0,1,5,1,1,0,0,2,0,2,1,0,1,0,0,3,1,0,1,1,2,0,0,0,0,0,3,1,2,0,0,0,0,0,0,0,1,1,0,1,0,4,3,1,1,0,4,0
2,1,0,0,0,0,0,0,4,1,5,0,0,1,0,5,0,0,0,0,0,3,1,1,1,0,0,0,0,3,0,1,2,0,0,0,1,0,1,3,0,0,1,0,1,0,0,1,0,0,2,2,0,2,5,0,0,3,0,0,0,0,0,1,0,0,5,1,0,0,1,0,0,5,1,0,0,1,1,2,0,3,2,1,3,1,4,3,3,0,3,0,0,0,0,0,0,0,0,0,2,0,0,0,0,1,0,0,0,0,0,0,1,0,5,1,2,0,5,2,1,0,0,0,0,2,0,1,2,0,3,1,5,0,0,0,0,0,0,1,4,0,3,4,0,0,3,0,0,3,2,0,1,4,0,79,255,102,0,1,0,4,3,0,0,0,0,0,1,4,0,3,0,0,0,0,0,0,0,1,0,0,4,201,255,220,0,0,0,2,2,1,0,0,0,3,0,0,0,0,1,1,3,1,0,0,0,0,0,0,0,254,251,197,0,0,1,1,0,1,0,1,2,0,0,3,2,0,0,4,0,0,0,3,0,3,1,0,0,248,255,97,0,0,2,0,0,0,4,2,0,1,0,0,0,1,0,0,0,1,0,0,0,3,0,0,0,253,251,76,0,0,5,0,2,0,0,2,0,0,2,1,0,2,4,0,2,1,0,2,0,0,2,0,36,255,230,0,1,2,2,0,0,0,0,0,2,2,1,4,2,0,1,1,0,0,1,0,5,0,1,0,160,255,129,1,0,0,0,1,1,0,0,0,0,0,0,0,0,1,0,2,0,0,2,0,2,3,0,1,245,253,109,2,0,0,0,0,0,0,3,0,0,1,0,2,1,0,3,1,1,1,0,2,1,0,0,100,249,242,9,0,0,2,0,0,1,0,0,0,1,1,2,0,0,1,5,1,2,0,0,0,0,1,0,109,253,125,2,3,1,5,0,2,0,0,0,0,0,0,2,0,0,2,1,4,4,2,0,0,1,2,0,114,255,3,2,0,0,0,0,0,1,0,1,4,0,1,0,0,0,0,2,0,2,0,0,0,0,4,11,232,252,3,0,2,4,3,0,0,2,1,2,2,0,3,3,0,2,2,1,0,2,2,0,5,0,0,102,253,236,3,1,0,1,0,0,4,0,1,2,2,0,0,5,0,0,4,0,0,0,0,1,0,0,0,177,252,105,0,1,0,0,0,3,0,0,2,0,6,4,0,5,0,1,0,1,1,3,0,0,0,0,0,215,252,4,0,1,2,0,0,4,0,2,3,2,3,2,0,0,2,0,4,4,0,0,1,0,0,1,2,219,166,3,2,1,1,0,1,0,1,0,0,0,7,0,2,0,0,2,0,0,0,2,0,0,1,0,28,232,141,3,0,0,0,0,1,2,6,2,0,0,0,2,0,0,0,3,0,0,0,5,1,0,0,0,89,251,147,0,7,0,4,1,0,0,0,0,0,1,0,2,2,2,0,2,1,3,2,1,1,0,4,0,6,221,145,0,1,0,2,2,0,4,2,4,3,7,0,4,1,1,1,2,0,0,0,2,0,0,0,1,2,156,198,9,5,0,0,3,2,2,0,2,0,0,0,0,0,0,0,0,0,2,1,1,0,2,0,0,1,1,0,0,1,0,0,0,1,1,0,0,1,0,0,0,0,0,0,0,0,0,1,0,0,0,0,0,0,1,0,0,3,0,0,0,2,0,1,0,0,3,6,0,0,1,0,0,1,4,0,0,0,0,0,6,0,1,1,3,0,2,2,4,0,0,0,0,3,0,0,2,1
0,0,0,4,4,4,6,0,0,0,3,0,1,0,0,0,0,0,0,0,0,0,0,0,2,0,1,1,1,0,1,0,0,2,4,0,1,0,0,0,2,0,1,2,0,3,0,3,0,5,4,0,0,0,2,0,8,0,0,1,0,0,0,0,0,0,1,4,0,2,1,1,0,0,0,1,0,0,0,0,2,0,2,1,0,1,0,0,0,0,2,2,0,0,0,0,0,0,0,0,0,4,1,0,1,0,2,1,4,0,0,0,1,1,0,3,2,4,2,0,2,0,1,0,0,1,3,3,0,0,0,0,2,3,6,0,0,3,0,1,2,0,0,3,3,1,2,3,0,0,2,2,1,0,0,0,0,1,0,5,0,1,1,0,2,0,2,3,0,0,1,3,4,1,0,0,0,0,8,4,0,0,0,0,0,1,0,0,1,0,0,1,3,0,0,0,0,0,2,2,0,0,1,0,3,0,1,0,0,27,72,155,160,192,165,23,4,0,1,1,0,0,0,3,1,0,0,1,0,0,4,0,2,4,2,67,183,239,255,250,254,253,252,157,6,0,3,0,0,3,0,0,3,0,1,1,1,0,0,0,0,49,176,250,253,255,214,198,127,164,243,254,63,0,0,1,2,0,0,2,0,0,0,0,0,0,1,6,117,231,251,252,163,84,2,0,2,2,181,255,106,0,0,2,0,0,0,0,0,0,0,2,0,1,1,113,255,252,218,64,2,0,1,3,0,1,181,255,159,11,2,2,0,0,2,0,0,0,1,2,0,0,99,251,251,181,8,0,0,0,0,1,0,36,231,255,248,127,0,0,0,0,0,0,0,0,0,0,1,0,127,255,200,5,0,0,6,0,0,34,52,173,250,250,255,46,1,0,2,1,0,0,0,0,0,0,0,0,126,248,208,71,35,34,14,100,188,236,251,251,250,253,158,8,2,0,1,0,1,5,0,1,0,2,0,3,84,253,252,253,253,239,219,252,251,250,252,254,250,251,100,0,0,3,0,4,3,1,0,2,0,4,1,0,0,99,230,253,255,254,255,218,139,67,107,214,252,228,5,0,0,0,0,3,0,0,0,0,2,1,1,0,0,1,1,57,91,46,0,1,2,1,64,251,252,92,1,5,0,0,0,3,3,0,0,1,2,1,0,0,0,2,0,0,2,3,2,0,0,0,176,247,201,6,1,0,3,3,1,0,2,0,2,2,1,0,2,0,0,2,4,0,4,0,0,2,0,26,238,252,83,0,1,2,5,0,0,0,0,0,0,2,0,3,0,0,0,0,0,0,0,0,1,0,0,125,254,237,15,1,0,1,0,0,0,1,0,0,0,0,0,0,0,0,0,2,3,1,0,0,2,0,0,150,253,204,0,3,0,0,1,0,0,0,1,0,0,0,0,0,0,0,0,0,0,0,0,2,1,3,48,244,253,144,0,0,4,1,0,0,0,3,1,2,2,1,0,0,3,7,0,4,0,0,1,0,0,0,182,250,246,84,1,0,1,0,2,0,0,0,1,0,0,2,2,6,0,0,0,1,0,1,0,0,0,45,255,255,139,0,0,0,1,1,1,3,1,0,0,0,1,0,0,0,0,2,0,1,0,0,0,1,1,156,255,222,75,0,2,0,0,4,4,0,0,1,0,0,0,3,0,0,0,1,4,0,5,1,0,4,0,58,197,66,0,0,0,0,0,2,1,0,2,1,0,0,2,0,0,3,4,3,2,0,3,0,3,2,1,0,4,0,0,0,0,0,4,2,0,1,2,1,0,4
3,0,1,0,1,1,0,2,1,0,0,0,0,2,0,2,0,2,0,0,0,5,0,0,4,0,0,0,0,4,1,0,0,0,0,0,0,3,0,0,2,0,0,0,0,1,1,0,0,0,0,1,2,0,1,0,3,0,3,2,0,1,1,0,2,1,0,0,0,0,0,0,3,1,0,2,0,1,1,0,0,0,0,0,5,1,0,1,0,0,2,0,0,0,0,0,0,0,1,2,0,1,1,4,0,2,3,2,0,0,0,2,0,0,1,0,3,1,1,0,3,0,0,3,0,0,2,2,0,3,0,0,0,1,1,1,1,2,2,0,0,0,1,2,0,2,0,5,4,1,2,0,0,1,3,1,2,3,0,1,2,2,2,2,0,0,0,0,0,1,1,0,2,0,3,2,2,0,2,0,0,0,0,1,0,2,0,2,0,0,5,128,160,0,0,0,0,0,1,0,1,1,0,3,0,1,1,0,1,3,2,0,0,1,0,0,86,107,195,227,85,1,1,0,2,0,0,0,0,6,0,0,2,0,3,0,4,0,0,4,23,42,172,227,239,237,76,57,0,0,0,0,3,0,3,1,0,3,0,2,0,2,0,0,0,49,65,139,241,254,254,158,58,10,39,2,2,3,0,3,0,1,1,0,0,0,4,0,3,0,99,216,212,241,251,251,255,191,67,22,1,0,1,0,0,3,1,4,0,0,3,0,0,0,0,0,4,0,154,229,232,229,161,82,0,1,0,4,1,2,0,0,0,0,3,1,0,2,0,0,0,0,1,4,4,36,84,124,23,25,0,0,0,0,0,0,2,0,0,0,0,0,0,1,2,1,3,0,0,0,0,0,47,127,95,56,1,1,0,4,0,0,0,4,4,1,0,2,0,1,0,0,0,1,0,2,0,0,0,0,84,201,44,0,2,2,1,0,0,0,0,0,0,0,1,0,3,1,3,2,0,0,0,6,0,0,2,2,16,241,242,38,2,3,2,1,0,0,0,0,3,2,0,2,1,0,3,2,3,0,0,0,4,2,3,1,35,181,255,212,190,41,0,0,0,0,3,0,0,0,1,0,3,1,0,0,0,4,0,1,0,0,0,2,2,34,67,64,183,147,0,4,4,0,2,0,2,3,0,1,0,0,3,0,0,0,0,2,5,4,2,0,0,0,0,0,147,205,12,1,0,0,0,3,0,4,5,1,0,0,0,0,0,0,0,7,1,3,3,0,0,0,0,1,255,226,11,0,1,1,2,0,0,0,3,0,0,0,0,1,1,0,2,3,2,1,0,1,0,0,0,1,255,98,0,2,0,2,0,0,0,0,0,0,0,0,0,1,0,0,1,0,0,0,0,0,0,0,5,1,217,12,2,0,2,1,0,1,1,3,0,1,3,0,3,0,0,1,0,2,2,0,1,0,0,0,20,178,253,65,0,3,3,0,2,0,0,0,0,0,2,0,1,3,1,1,0,0,0,0,0,0,0,5,127,255,221,31,2,0,0,0,0,1,1,2,4,2,1,1,0,0,0,0,1,0,0,0,1,0,0,21,252,198,36,0,4,2,2,0,1,0,5,1,0,0,1,0,2,1,2,0,1,0,3,1,0,0,1,6,132,5,2,5,0,1,1,3,0,0,0,3,0,0,0,0,4,0,0,0,0,1,3,6,0,0,0,0,0,0,0,1,1,0,2,2,0,3,2,1,4,1,1,2,0,0,1,0,0,0,2,0,2,2,0,0,0,1,5,0,3,3,0,0,0,0,0,1,1,0,3,0,1,0
0,1,0,4,0,0,1,0,0,3,3,0,2,0,0,3,0,1,1,0,1,0,0,0,0,0,0,2,1,2,2,0,0,3,0,0,1,0,0,0,0,0,0,0,0,2,0,0,0,1,0,0,0,2,1,0,0,3,0,4,0,0,0,0,0,0,0,0,0,0,0,0,0,0,0,0,0,0,2,0,1,0,0,0,0,1,1,0,2,0,0,0,0,6,0,1,3,1,3,0,0,4,0,2,0,0,3,5,0,0,3,9,2,0,1,1,1,0,0,1,1,4,4,1,6,0,0,2,0,0,0,0,0,2,0,0,4,2,1,1,2,0,3,0,1,0,0,0,0,2,0,1,0,0,0,2,0,0,0,0,0,0,4,3,0,0,3,0,2,0,0,0,0,0,1,3,3,2,0,0,0,2,1,1,0,0,0,1,0,0,0,2,2,6,0,0,1,0,65,196,253,128,129,131,60,0,0,2,0,0,5,2,0,0,0,1,3,1,3,0,1,0,3,0,0,0,127,250,255,255,254,255,255,253,255,252,255,130,128,62,0,2,0,3,6,1,0,5,2,2,2,0,0,3,64,255,253,255,255,255,255,255,255,255,255,254,254,254,189,66,4,0,0,2,1,0,0,2,0,2,1,0,0,2,66,63,127,134,128,127,255,255,252,255,250,254,255,255,127,0,0,1,2,0,2,1,0,1,0,2,3,0,2,0,0,0,1,3,0,0,0,67,196,255,254,253,253,255,67,2,0,0,0,0,0,0,0,1,0,3,1,0,1,0,3,0,2,0,0,0,0,66,254,254,254,255,130,2,2,0,4,1,2,1,0,1,0,0,0,3,1,0,4,2,0,0,1,0,5,0,65,250,253,254,126,1,0,5,0,0,1,1,0,0,2,0,3,0,3,3,1,5,0,5,1,0,0,0,2,131,252,255,255,1,1,0,0,1,0,0,0,0,0,0,1,3,0,1,1,1,0,0,3,0,0,0,0,128,255,253,255,64,0,1,2,0,0,0,0,0,1,0,0,1,1,0,0,0,0,2,0,0,0,6,1,128,255,255,253,131,0,6,1,2,0,2,1,1,1,0,3,2,0,2,0,0,0,0,0,0,1,0,0,128,255,255,255,0,1,0,0,5,2,0,0,1,1,0,2,0,2,0,2,0,5,2,0,0,3,0,0,128,253,255,189,0,1,0,0,2,0,0,0,1,2,0,1,0,3,0,2,3,3,0,0,1,1,2,0,194,255,253,129,0,1,0,1,0,1,0,1,0,0,3,0,0,2,4,2,3,1,0,1,1,0,0,126,255,255,252,63,0,0,0,1,0,4,3,0,0,2,0,0,3,0,0,0,0,0,0,3,0,0,1,252,255,255,191,0,0,2,0,5,5,0,2,4,0,3,0,0,2,0,0,0,3,2,2,0,0,0,1,252,254,255,63,2,0,3,2,3,0,4,0,1,4,0,2,1,3,0,0,0,0,0,0,1,1,4,189,255,255,253,2,0,0,0,0,1,0,1,4,2,0,3,0,2,1,1,0,3,0,1,3,0,0,128,253,255,255,192,0,0,2,0,0,2,0,0,3,1,0,0,2,0,0,0,1,0,2,1,0,0,0,128,255,255,186,2,1,0,0,0,0,0,3,0,3,0,2,0,1,0,1,1,1,5,0,1,0,0,0,128,255,253,59,1,0,0,0,0,0,3,1,0,0,0,0,0,2,0,1,0,4,2,0,0,0,0,0,1,1,0,3,1,0,0,0,0,0,1,1,0,2
0,2,0,0,3,2,1,2,4,0,2,2,0,0,0,0,3,1,0,2,0,1,0,0,0,3,0,3,0,0,1,0,0,4,0,0,0,0,0,0,1,0,1,3,0,0,0,0,0,0,0,2,1,0,1,0,2,0,0,2,0,0,2,0,0,2,0,0,3,0,0,0,0,0,0,0,0,0,0,1,0,0,1,3,0,0,0,0,3,0,3,1,1,0,0,5,3,2,1,2,0,5,0,0,0,2,0,0,0,0,0,0,0,0,0,1,0,2,1,0,1,0,0,0,1,0,0,0,0,0,0,1,0,0,0,0,1,1,1,2,5,3,1,0,0,0,0,3,0,1,0,1,0,47,48,47,3,3,0,0,0,4,3,0,0,0,0,0,0,3,0,0,1,2,0,0,2,4,5,10,105,249,251,251,212,209,206,204,148,66,11,1,0,0,2,0,1,1,0,1,0,0,2,0,0,0,10,184,254,251,253,255,253,247,252,253,254,250,210,26,2,1,2,0,0,2,2,0,0,0,1,0,0,55,206,255,254,199,127,128,61,95,83,67,151,221,255,157,0,0,1,0,0,0,0,0,4,1,0,1,0,140,255,252,201,19,0,3,0,0,3,2,2,153,255,208,0,1,0,0,4,0,0,2,0,0,0,0,0,136,252,251,17,0,0,3,3,3,2,0,75,243,253,207,0,1,4,0,4,1,0,0,1,0,0,0,2,104,254,254,103,2,0,3,0,0,3,33,228,255,247,160,0,2,0,2,0,0,3,0,0,4,2,1,4,0,150,253,228,41,2,0,0,44,156,255,254,249,181,21,0,1,0,1,0,0,0,1,2,0,1,7,1,1,18,199,255,206,9,37,76,231,250,255,223,142,14,3,0,0,0,0,1,0,0,0,1,0,0,0,0,0,0,15,210,255,211,240,254,255,235,126,17,0,0,0,0,0,3,0,4,0,0,0,2,1,0,2,0,0,2,101,224,252,253,255,230,80,17,0,0,1,0,0,2,2,0,0,2,1,2,0,0,3,0,3,70,171,252,252,255,251,255,253,121,1,1,0,0,0,0,1,1,0,0,0,0,0,0,1,0,24,130,229,254,253,255,184,116,62,208,251,246,20,2,2,0,1,0,0,4,0,2,0,0,4,0,0,168,233,254,251,247,165,47,12,10,90,242,252,252,56,0,0,0,1,0,1,0,0,3,0,0,1,0,0,129,255,251,252,210,93,126,157,202,252,255,250,227,13,2,0,0,6,0,0,0,0,0,0,0,0,0,2,0,135,240,255,255,255,255,253,254,254,255,228,32,0,0,0,0,2,1,0,0,1,0,0,0,1,0,1,0,0,24,114,140,205,209,208,207,208,121,14,4,0,0,0,2,0,0,5,4,0,0,0,1,0,2,0,0,2,0,4,0,2,0,1,2,2,0,4,0,0,1,0,1,0,0,4,6,1,4,0,0,0,2,0,0,2,0,2,1,1,0,0,0,0,0,0,0,1,0,2,0,4,1,2,0,0,0,0,1,1,4,0,1,1,0,0,0,0,0,2,1,1,3,0,0,3,1,0,0,1,2,1,0,2,0,0,0,1,5,0,1,0,0,0,1,0,1,3,0,0,0,0,0,0,0,1,3,0,3,1,3,3,0,1,0,0,0,0,4,0,0,1,3,0,0,0,1,0,2,0,0,0,0,1,0,0,1,3,5,2,1,0,1,0,0,2,0,0,1,0,0,0,0,3,3,0,0,1,0,0,3,0,1,1,1,0,0,1,0,2
0,2,1,0,3,0,0,0,3,1,0,0,0,0,4,0,0,2,3,0,0,2,3,3,1,0,0,0,0,2,2,0,1,0,0,0,0,2,2,1,2,1,0,4,0,1,1,1,0,4,0,0,0,1,2,0,0,0,1,0,1,1,1,3,3,0,3,0,0,6,0,0,0,0,0,3,4,2,4,2,2,2,2,0,0,1,0,2,0,3,0,1,1,5,2,0,0,0,4,0,0,0,0,4,1,0,6,0,1,0,0,0,2,2,0,3,0,1,1,4,1,0,2,0,0,0,0,3,4,1,4,0,0,0,0,2,0,0,1,0,0,0,1,1,0,0,0,0,0,2,3,0,2,0,0,1,0,3,0,0,0,0,0,0,0,2,2,4,1,0,0,0,0,0,0,0,2,3,140,254,205,168,203,141,96,29,0,0,0,5,0,1,2,0,0,1,1,0,2,0,0,0,0,0,0,65,218,80,71,152,191,239,236,251,193,30,0,1,0,2,2,0,0,0,4,3,0,0,2,0,1,0,0,165,195,0,2,0,0,3,2,112,83,10,0,0,3,1,0,5,0,0,0,0,2,0,5,0,0,0,2,212,158,3,1,2,0,0,4,2,0,0,2,0,1,1,1,0,2,1,0,0,5,0,2,1,1,0,9,224,115,1,0,0,0,1,1,1,0,0,1,0,0,3,0,0,2,0,0,4,0,0,4,1,1,1,35,243,131,0,3,0,1,1,0,0,4,0,0,0,1,2,0,2,0,0,1,3,4,0,3,0,0,3,2,166,250,20,1,1,0,3,142,72,0,0,0,0,0,0,0,1,1,0,0,3,0,3,1,2,3,0,1,132,254,97,0,0,0,4,186,139,0,0,0,0,0,4,0,0,1,0,0,0,0,0,0,1,0,0,5,80,253,110,0,1,3,85,232,93,0,1,3,0,0,1,0,0,0,2,2,1,3,0,1,2,0,0,0,2,197,229,15,0,0,150,254,57,0,0,1,1,0,6,0,1,0,0,0,0,0,0,0,0,0,0,0,1,111,250,126,3,7,208,253,55,1,0,0,0,0,0,3,0,1,0,0,0,0,1,0,1,3,1,0,0,2,193,253,185,188,175,255,57,3,0,0,0,3,1,0,0,7,0,0,0,3,1,0,0,0,0,0,1,0,13,112,149,20,147,254,57,1,2,2,3,3,0,4,1,1,0,2,0,1,5,0,4,2,1,0,2,3,0,0,0,1,97,253,57,0,0,0,2,5,3,3,4,0,0,3,0,1,4,0,0,0,0,0,0,0,0,0,1,1,98,253,57,1,1,0,2,0,0,0,2,0,3,0,3,0,0,1,4,0,1,0,0,4,1,0,0,1,166,254,59,0,0,0,2,2,0,0,1,2,0,4,0,2,0,5,1,0,1,1,6,1,0,0,1,2,132,230,8,0,0,2,2,0,1,0,1,0,2,1,2,0,1,0,1,0,1,0,0,2,0,0,0,0,98,249,52,0,0,0,0,0,3,5,0,0,1,3,1,3,0,0,0,0,1,3,3,3,4,0,0,4,102,244,41,0,2,0,1,0,0,1,2,0,0,3,0,2,0,0,2,2,0,2,1,0,4,4,1,6,119,230,1,0,1,0,1,0,0,2,5,0,0,2,0,1,3,0,4,0,1,1,0,0,0,1,0,3,2,0,0,0,1,3,2,3,0,0,0,0,1,0,0,0,0,0,3,1,2,0,0,0,0,0,1,0,0,1,0,0,0,0,4,1,3,0,2,1,7
2,0,2,0,0,2,0,3,0,1,0,0,0,0,0,0,0,0,0,2,1,0,1,6,0,5,3,0,2,0,0,0,3,1,2,0,1,0,0,0,1,0,0,6,0,0,0,0,0,3,0,0,2,0,2,1,1,0,0,2,0,0,4,0,1,0,1,0,0,3,0,0,4,1,0,2,0,0,4,0,3,6,1,1,0,1,2,1,4,0,0,1,3,0,0,54,191,89,9,2,0,0,0,0,0,0,0,0,2,0,0,0,0,0,0,0,0,0,1,0,0,0,1,167,249,251,172,40,0,0,0,0,0,0,3,1,0,1,4,0,1,0,0,0,1,2,1,1,0,0,0,103,249,253,251,236,100,2,2,1,1,1,3,2,4,1,2,0,0,0,0,4,0,0,1,0,0,1,0,0,115,228,251,255,253,138,26,1,0,3,2,0,0,0,0,0,0,0,2,0,0,0,1,0,0,3,0,2,5,90,111,144,253,253,149,0,1,4,0,0,1,0,0,3,0,1,1,1,2,0,3,0,0,0,0,4,0,0,0,11,135,247,255,125,1,0,0,0,3,0,3,0,0,2,1,3,0,1,5,3,0,0,0,3,0,0,1,0,0,178,251,195,12,0,0,0,0,0,1,2,0,0,0,4,1,1,1,0,0,3,1,0,1,0,0,4,2,11,252,253,20,0,0,0,1,3,0,1,1,1,1,0,1,4,0,1,0,2,2,2,2,3,2,0,0,100,254,251,19,0,1,0,2,0,0,0,4,0,0,0,1,0,0,0,0,0,2,0,0,2,0,10,133,244,255,183,3,3,2,2,2,1,2,0,1,0,0,0,0,0,0,1,0,144,252,229,148,132,119,201,251,252,208,29,0,0,4,0,0,0,1,0,0,0,4,1,0,0,0,2,1,150,255,252,250,251,251,255,234,122,25,0,0,3,0,1,1,0,0,0,0,0,1,2,0,0,0,0,0,4,71,126,213,237,252,251,141,0,4,5,4,0,3,0,0,1,0,0,3,0,0,3,0,1,1,0,1,0,1,0,4,10,139,252,225,29,0,2,0,0,0,1,0,0,0,2,1,2,3,1,1,0,0,0,0,0,2,2,2,0,49,242,250,43,0,3,2,1,4,6,2,0,3,1,1,1,1,4,0,1,0,118,63,0,0,3,0,0,50,245,253,38,0,3,1,1,1,3,0,5,1,0,3,0,1,1,0,0,85,239,26,0,3,1,36,147,207,252,251,38,1,0,2,1,0,0,0,2,0,0,0,0,1,0,2,1,176,255,20,22,32,129,220,252,247,241,136,3,2,0,0,0,3,0,0,0,1,0,0,0,2,0,3,20,255,251,253,251,251,252,250,192,109,40,0,0,2,0,0,0,1,0,0,1,0,1,0,2,2,2,1,0,183,253,253,249,155,148,62,1,0,2,0,2,1,2,0,3,0,0,4,0,0,2,0,0,0,3,4,0,1,1,2,3,0,0,0,3,0,0,2,4,0,0,0,2,0,0,0,3,0,0,2,1,0,0,0,0,0,0,0,0,0,2,1,2,1,1,0,0,1,0,0,0,0,0,0,0,0,7,0,3,0,1,0,0,0,0,2,6,0,1,0,1,0,0,0,1,0,0,0,2,0,2,0,2,0,0,0,0,0,0,0,1,0,1,0,0,0,1,0,0,0,2,0,0,4,0,2,0,1,2,3,0,0,0,1,0,0,4,0,0,1,0,1,0,0,0,1,0,1,0,0,0,0,0,0,2,0,0,0,0,0,0
0,0,0,0,1,0,0,1,1,0,0,0,2,0,0,0,0,3,0,0,0,0,2,0,2,0,0,0,1,0,0,0,0,1,2,1,2,0,3,0,0,5,0,0,0,2,1,0,0,2,0,1,0,0,0,2,0,0,0,0,3,1,2,0,1,0,0,0,1,0,0,0,3,0,0,0,1,1,0,3,0,0,0,2,0,1,0,1,4,0,2,0,0,1,1,0,2,5,4,0,0,0,0,1,0,0,0,0,0,1,0,3,2,3,0,0,0,0,0,0,0,1,2,0,0,2,1,0,0,0,0,2,0,2,1,0,0,0,0,0,0,2,0,0,2,2,1,0,0,1,2,2,2,3,0,0,0,1,1,0,4,1,1,0,0,0,1,3,0,0,0,2,0,0,1,0,0,2,0,0,2,4,0,4,1,0,1,0,0,6,0,0,4,0,0,0,4,4,1,2,71,196,255,244,149,236,210,165,127,132,131,95,106,131,83,116,70,74,10,0,2,3,0,0,0,0,1,2,128,244,254,251,255,253,255,255,252,255,250,252,255,255,252,248,251,253,254,10,2,0,0,0,1,0,0,0,2,61,113,113,113,112,115,110,137,235,234,235,245,239,240,255,254,249,254,62,0,0,5,0,2,0,0,0,0,0,0,0,0,0,1,2,1,2,1,1,36,17,46,241,253,243,169,7,0,1,1,3,0,0,2,3,0,2,2,3,2,0,1,4,0,0,1,0,0,0,106,252,251,141,3,0,0,0,2,1,1,1,0,0,2,0,3,2,1,0,0,1,3,0,0,1,1,74,242,250,218,59,0,1,4,0,0,0,0,2,0,4,1,1,0,0,0,45,86,44,41,44,15,1,72,238,250,236,23,4,0,1,1,2,1,2,0,0,0,2,0,0,0,2,27,225,251,249,254,249,190,174,241,252,253,169,55,23,0,0,3,0,3,0,0,1,3,5,0,0,0,3,24,202,252,255,250,249,253,252,254,255,253,255,254,221,177,29,3,0,2,0,1,0,2,0,1,0,3,0,1,11,71,126,156,235,254,253,254,251,252,255,254,255,251,100,0,0,0,1,0,0,0,0,0,2,5,0,2,2,0,1,45,237,252,252,198,145,61,61,63,64,59,1,0,0,2,3,1,1,0,0,1,2,0,0,2,0,0,16,177,255,255,158,12,0,0,2,0,1,0,1,0,0,0,5,0,3,0,0,0,4,0,0,2,2,2,148,254,252,104,8,0,2,0,0,0,1,0,1,4,1,0,3,0,1,0,5,0,0,0,0,0,0,83,240,251,160,14,5,0,4,0,0,2,0,0,0,0,3,0,0,2,1,3,0,4,1,0,0,1,33,237,255,206,9,2,0,1,5,1,0,1,0,2,1,0,0,4,3,1,4,0,4,0,0,6,2,0,84,254,236,56,0,0,4,0,0,0,0,2,2,0,1,0,0,0,3,0,0,2,0,1,0,0,1,88,240,253,89,2,3,0,0,1,2,2,0,3,0,1,1,0,3,3,1,0,4,0,2,0,4,1,79,246,251,234,49,1,0,0,1,3,5,0,0,0,0,0,2,2,0,0,1,0,0,0,2,0,2,18,250,252,233,54,0,0,0,0,0,3,0,0,0,2,0,0,0,3,6,0,0,0,1,0,1,0,0,17,253,253,158,0,0,0,3,1,0,0,3,0,6,2,0,1,0,1,2,0,2,0,0,2,2,0,0,0,0,0,1,0,0,6,0,0,0,1,0,0,0,0,2,1,2,0,0,3,2
3,0,2,0,0,0,0,1,0,3,0,0,0,0,2,0,1,0,0,0,0,0,1,0,5,0,0,0,1,2,0,0,1,0,2,0,0,0,1,0,0,0,4,0,0,6,1,0,1,1,2,0,0,0,1,1,0,0,2,0,0,2,3,0,0,0,1,0,0,0,0,4,0,1,0,1,5,1,2,3,0,0,1,1,0,0,0,0,0,0,1,1,0,0,3,0,0,0,0,0,3,0,2,1,2,0,0,0,4,0,1,2,0,0,2,4,1,0,0,0,0,1,2,1,2,1,0,4,1,0,0,1,0,0,0,2,0,0,0,0,3,0,0,1,2,5,0,1,5,1,2,0,2,0,0,0,216,79,0,2,0,2,4,0,0,1,0,1,2,1,1,0,1,1,0,2,0,1,0,0,0,0,2,0,213,143,0,0,0,0,0,1,0,0,1,3,0,0,1,0,0,0,1,1,0,1,4,20,117,15,0,0,222,143,0,0,2,2,0,0,0,0,0,0,0,2,0,0,4,1,0,0,0,0,0,37,250,72,0,0,220,146,0,1,2,0,0,0,0,0,0,3,0,0,0,2,1,0,0,0,0,0,1,35,254,69,0,0,217,144,0,0,0,3,0,0,0,0,1,0,3,0,2,0,0,1,1,0,2,6,4,105,255,94,0,0,190,171,2,1,1,0,2,0,3,1,2,3,3,0,0,0,0,0,0,0,2,5,5,142,248,81,1,3,126,240,0,0,1,1,0,0,1,1,0,0,0,1,2,4,0,0,3,1,3,1,8,226,250,63,2,0,130,238,0,1,2,0,0,2,0,1,0,0,0,0,3,0,0,0,6,0,0,0,129,255,249,135,114,111,216,165,1,1,1,2,0,0,1,0,3,0,0,3,1,0,0,0,3,3,1,0,233,255,255,255,254,254,254,143,0,1,0,0,2,3,7,0,1,3,0,1,0,3,1,0,0,4,0,0,236,251,197,85,59,61,232,144,0,1,0,0,0,0,2,0,1,0,3,0,3,2,0,1,0,0,1,0,187,74,4,0,0,31,233,147,0,3,0,0,0,0,0,0,0,0,0,0,0,0,7,0,2,0,0,0,0,3,0,0,1,35,241,146,1,0,1,0,2,5,0,0,2,3,0,0,0,0,0,0,3,1,2,4,4,3,0,1,4,53,253,149,0,2,0,1,2,0,0,0,0,1,1,1,1,0,3,1,0,3,0,0,0,0,2,0,1,54,255,142,0,4,4,1,0,5,0,3,3,1,0,2,0,0,4,2,0,1,0,0,2,0,3,0,2,82,255,85,2,0,0,4,2,1,2,0,0,0,0,2,0,0,2,0,0,0,0,3,2,0,0,0,1,146,251,52,1,2,0,3,0,0,0,0,3,0,0,0,0,0,3,2,3,0,3,0,1,0,0,1,2,150,254,51,0,0,0,0,1,0,0,0,0,3,0,0,1,2,2,2,3,0,0,0,3,0,0,3,0,143,223,11,0,4,2,0,0,3,0,0,0,0,0,1,0,4,4,0,2,0,3,1,0,4,2,0,0,112,119,0,2,4,0,2,0,1,2,0,0,0,1,0,4,1,0,0,4,0,0,0,0,0,1,0,0,3,0,0,2,0,2,0,0,0,0,0,0,0,4,0,0,0,0,0,0,1,5,1,0,0,1,2,0,1,1,1,0,0,3,0,0,0,3,0,0,0,4,0,0,0,0,0,0,4,0,0,0,0,0,1,0,0,0,0,4,3,3,2,3,0,0,0,0,0
0,2,0,0,3,1,0,0,0,0,0,1,0,0,2,3,2,0,2,0,1,1,0,0,0,1,0,2,2,0,0,1,1,0,0,0,0,0,3,0,0,5,0,0,0,0,0,0,3,0,0,3,0,0,0,1,1,1,0,0,0,2,0,1,0,0,0,3,99,149,0,4,0,0,0,0,0,0,0,0,0,0,2,2,0,0,0,0,0,0,0,2,0,3,0,39,254,176,0,1,4,0,3,2,0,0,0,4,0,0,1,3,0,0,0,0,0,0,0,2,3,1,2,213,251,128,0,0,0,4,3,0,0,0,0,1,0,0,4,1,3,3,0,4,3,0,4,0,0,4,146,250,144,2,0,0,1,0,0,0,2,0,1,2,0,0,0,2,0,0,1,0,2,0,2,1,0,78,252,98,0,1,2,0,0,0,1,0,0,1,0,0,0,0,0,0,1,0,0,0,1,0,2,4,0,165,221,11,0,5,0,4,0,0,3,20,23,0,0,0,3,2,0,1,2,0,0,1,0,2,1,0,69,243,108,1,1,1,0,3,2,11,124,238,234,174,3,1,3,3,1,0,0,0,0,0,0,0,0,0,154,196,3,2,0,0,0,0,68,235,251,255,252,252,65,2,0,2,1,0,0,0,0,0,0,0,0,0,242,159,0,3,1,0,0,12,199,252,169,63,213,248,69,0,0,0,2,0,0,0,0,2,2,2,0,46,229,12,0,1,0,2,0,176,249,165,0,4,196,241,0,5,2,2,2,1,0,0,0,0,0,1,2,165,216,0,3,0,0,0,63,254,197,19,0,0,151,241,0,0,0,0,0,0,0,0,0,0,0,0,0,209,146,0,0,0,0,0,188,251,77,3,6,0,199,162,0,0,0,0,0,2,0,7,3,0,1,0,0,208,193,3,0,1,4,0,218,225,9,0,1,45,241,132,0,0,0,0,0,0,0,0,0,0,0,0,3,202,122,3,0,2,0,41,237,212,0,3,16,209,250,26,0,0,0,0,0,0,3,4,2,2,0,0,2,206,185,1,2,0,0,79,250,113,0,0,121,253,173,9,0,0,0,0,1,0,1,0,3,0,0,0,1,206,235,6,1,1,0,77,252,111,0,77,250,252,58,1,0,1,0,0,0,0,0,0,0,0,1,0,4,101,246,131,1,2,0,77,250,162,43,220,236,63,6,0,0,1,1,0,0,0,0,0,0,3,0,2,0,0,177,232,156,11,0,95,252,253,254,247,121,1,4,3,1,4,0,3,1,0,1,0,0,0,0,0,0,0,90,227,252,194,190,233,254,255,253,251,84,1,0,0,0,0,0,0,0,0,1,0,1,4,1,1,1,0,0,47,139,236,251,223,141,158,226,97,0,0,4,5,2,0,4,0,3,4,2,1,1,3,5,0,1,0,0,1,5,0,0,0,0,2,0,2,1,1,2,0,2,2,2,0,1,3,0,2,3,0,1,0,0,0,0,0,3,0,0,2,1,0,4,0,4,2,0,0,1,0,0,0,0,0,2,2,3,0,4,0,0,0,2,0,0,2,0,0,0,4,0,0,0,0,0,0,0,0,1,3,2,1,0,0,1,0,2,4,2,0,2,0,2,0,0,2,1,0,3,1,2,1,2,0,4,2,0,0,2,0,1,0,0,0,0,4,0,3,0,0,3,0,0,0,0,2,0,1,0,2,3,0,0,2,3,3,0,0,4,2,2,1,0,1,0,2,4,0,0,0,0,0,0,5,0,0,4,0,0,0,0,0,2,2,0,1
3,1,0,0,0,1,0,0,1,0,0,0,3,0,5,0,0,3,0,3,0,0,3,3,1,2,2,0,0,2,0,2,2,3,0,1,0,0,1,0,0,3,6,1,0,1,0,3,1,0,0,0,5,2,0,0,2,0,0,1,0,1,3,1,3,0,0,0,0,0,0,0,2,0,0,0,0,0,0,5,0,0,0,0,0,0,4,1,0,3,0,6,1,0,3,2,2,0,0,0,2,1,4,0,0,3,0,2,0,0,0,0,1,0,0,0,0,2,2,0,2,0,0,2,0,0,4,0,0,3,0,1,0,0,3,0,0,0,3,0,0,3,0,0,0,0,3,0,1,0,0,2,0,7,7,0,0,0,1,0,17,182,255,47,3,0,0,3,4,2,1,2,0,3,0,1,2,0,1,1,0,0,0,0,1,0,1,90,135,252,232,26,0,0,0,5,1,2,3,0,0,1,0,0,0,1,0,0,0,1,0,0,0,3,97,238,252,252,47,4,0,0,0,1,0,3,2,2,0,0,1,1,9,83,45,0,0,0,0,0,1,15,203,252,231,82,2,0,0,0,0,3,3,0,1,1,2,0,3,55,185,243,79,0,0,0,0,1,1,81,85,232,191,0,0,4,2,0,0,1,4,5,0,0,0,0,27,235,164,55,1,0,0,0,0,0,0,62,155,230,57,0,1,3,1,4,0,4,1,0,2,1,6,135,142,210,27,0,0,0,1,1,1,0,0,211,251,143,2,0,0,0,1,1,0,1,4,1,0,5,51,253,255,67,0,0,1,0,0,3,0,7,57,224,255,130,0,2,0,0,0,0,0,2,0,1,1,4,49,252,253,68,0,1,0,1,5,2,5,0,51,191,253,87,0,0,0,0,0,3,3,0,0,1,1,0,67,252,253,145,5,0,0,0,0,0,0,45,38,239,205,10,2,3,1,1,0,2,0,3,0,1,0,0,67,252,255,252,194,97,9,0,0,68,61,189,217,255,174,0,0,0,0,1,0,0,0,0,0,2,3,0,4,124,255,254,251,255,250,248,246,249,255,254,255,254,159,1,0,3,0,0,0,0,0,0,3,4,0,2,0,5,117,193,254,255,255,255,251,237,201,255,252,172,46,1,1,2,0,0,2,0,1,2,0,4,0,3,3,0,1,5,27,150,127,22,14,12,8,53,255,179,42,1,0,3,0,1,0,0,2,0,0,0,0,1,2,0,5,3,0,0,2,1,3,1,0,12,177,253,73,0,2,0,0,1,0,0,2,4,0,0,3,2,0,0,2,0,0,1,3,0,0,0,2,141,240,254,74,0,1,0,0,2,0,2,0,0,1,0,3,0,0,3,0,0,0,7,2,0,0,0,0,198,246,236,21,0,0,0,0,0,2,0,1,0,0,2,0,2,0,0,2,0,0,0,0,0,0,0,2,204,182,133,2,0,1,1,0,2,0,2,0,0,1,2,0,2,0,3,2,3,2,0,1,0,0,0,0,247,168,94,0,3,0,0,0,0,0,0,0,2,0,0,0,0,0,3,1,0,0,1,3,0,1,0,0,130,13,0,3,2,0,5,0,0,0,0,5,0,2,1,0,0,3,7,0,4,1,0,0,2,0,4,0,0,0,0,2,0,1,2,1,4,0,0,0,2,0,1,0,3,3,6,7,0,2,1,0,0,0,3,0,0,0,0,2,1,2,0,4,0,4,1,0,0,0,0,0,0,4,0,0,0,7,0,1,0,0,2,0,3,2,4,0,0,2,3,0,0,0,0,0,0
0,0,1,1,5,0,0,0,0,0,4,1,1,0,1,2,0,1,0,0,0,3,0,3,0,0,1,5,2,3,2,0,0,5,0,6,2,0,0,0,0,0,0,0,2,1,5,0,0,0,0,0,0,0,3,2,0,0,1,0,1,0,0,1,2,1,0,0,0,0,0,0,2,0,1,0,1,2,1,2,0,6,0,0,1,3,0,4,0,0,3,1,0,4,0,0,0,0,1,4,1,0,0,1,3,0,2,1,2,0,0,0,0,2,0,0,0,1,0,2,1,4,1,0,3,1,1,2,0,0,1,0,0,4,0,0,0,2,0,0,0,0,0,0,0,3,1,0,66,130,126,129,252,124,254,187,132,60,1,0,3,0,0,3,0,0,1,3,1,0,0,1,0,0,2,60,254,254,190,254,255,255,255,255,251,253,66,0,0,1,1,2,2,0,0,4,0,0,0,0,0,2,0,129,255,255,255,255,252,251,252,253,255,254,255,65,0,1,2,4,2,1,2,3,0,0,6,2,0,0,0,61,129,132,127,126,65,1,131,191,254,255,255,128,0,4,0,2,3,0,0,2,1,3,3,0,4,1,0,1,1,4,1,0,4,3,3,127,254,255,255,126,3,0,1,0,1,2,0,1,0,1,0,0,1,0,0,0,2,3,1,0,59,130,127,195,254,255,255,66,0,1,0,0,0,1,0,0,0,0,3,0,3,0,0,0,0,0,0,128,254,255,254,253,255,252,192,0,0,0,1,1,0,3,1,0,0,0,2,0,4,3,0,1,0,3,62,254,254,255,255,253,255,191,65,3,0,0,0,0,4,4,3,2,2,1,3,0,0,0,1,1,2,130,252,249,255,252,255,255,253,2,2,0,0,3,0,0,0,2,1,0,0,0,0,0,0,1,1,1,2,255,255,255,255,255,252,253,255,188,64,0,2,0,0,0,0,1,0,0,0,0,0,2,0,2,0,0,3,193,255,254,254,253,255,253,255,254,192,0,0,0,0,0,3,0,3,1,0,0,3,0,0,0,1,0,3,3,127,130,127,129,128,254,255,255,251,127,0,4,0,4,0,0,3,0,0,0,0,1,1,3,0,5,0,0,0,0,0,1,0,62,253,255,255,188,0,0,1,0,0,2,0,0,0,0,0,2,0,0,0,0,0,0,0,0,0,2,5,0,255,255,254,251,2,2,0,0,3,0,0,0,0,0,0,0,1,0,2,0,3,0,0,67,0,0,6,2,255,255,255,255,0,0,1,5,3,1,1,2,0,1,1,0,1,0,0,0,0,1,130,255,191,0,64,255,253,254,254,126,0,1,0,3,0,1,0,0,2,1,1,0,0,0,2,4,1,128,195,252,255,190,253,253,255,255,255,0,0,1,0,4,0,0,1,0,0,1,1,0,0,0,0,0,0,2,255,255,255,255,255,255,255,253,128,1,0,0,0,0,0,1,0,2,1,1,3,0,0,0,0,1,0,0,255,255,255,253,255,255,255,64,2,0,4,0,1,0,0,0,6,0,0,1,0,1,5,3,0,3,1,3,0,190,255,253,254,127,63,4,0,2,0,0,0,0,1,0,5,2,0,0,0,0,1,0,2,0,6,0,2,2,0,1,2,0,1,0,0,3,0,4,0,0,0,0,2,3,0,0,2,0,1,1,1,2,0,0,1,0,6,0,0,0,1,0,4,1,0,1,4,1,1,0,0,3,0,0,0,1,1,0,0,4,0,0,0,0,0,3,0,0,0,1,0,0,2,0,0,0,0,3,0,0
2,0,0,0,0,2,4,4,0,1,0,0,0,1,0,3,2,0,0,2,0,0,2,0,0,0,0,0,2,1,1,4,2,0,0,0,0,1,0,0,4,0,0,0,6,0,0,1,2,6,0,2,0,0,0,0,3,0,4,0,0,1,0,0,5,0,0,0,1,0,0,0,2,0,0,2,0,2,0,1,2,0,0,0,1,0,0,0,3,0,0,1,0,0,0,0,0,3,0,0,0,0,0,0,0,0,0,0,3,0,0,1,8,0,0,0,1,0,0,0,1,0,1,0,4,0,0,0,3,0,2,1,1,3,0,0,0,0,0,1,0,5,2,0,4,0,1,0,2,2,2,0,16,20,0,1,0,4,4,1,0,0,0,2,0,0,0,0,1,1,5,0,1,0,3,1,4,3,3,114,220,236,133,58,93,94,92,96,43,0,3,4,0,1,0,0,1,1,1,1,1,0,0,1,1,7,160,251,254,255,255,249,253,251,255,254,251,134,21,0,2,1,0,0,0,0,0,0,0,0,0,0,37,206,254,255,251,254,255,231,194,135,137,199,242,254,177,3,0,2,1,1,3,1,3,1,0,1,0,32,223,253,225,202,123,137,195,33,2,0,0,0,35,183,253,132,1,2,0,0,0,1,1,3,0,0,18,224,255,236,33,2,0,2,3,3,3,0,0,0,0,9,234,243,112,1,1,0,0,1,0,3,2,4,118,253,248,66,0,1,2,2,0,2,1,0,3,0,1,0,88,255,255,1,0,0,4,4,0,0,0,64,253,255,100,0,3,0,0,2,1,0,0,0,0,4,0,0,66,249,254,0,4,0,1,2,5,4,0,207,253,236,6,2,3,1,1,0,1,2,0,3,4,0,0,0,71,252,252,1,1,0,0,3,0,0,1,253,252,115,0,1,4,0,0,1,0,0,0,2,0,0,0,1,74,252,249,1,1,0,3,0,0,0,0,255,245,46,0,0,0,0,0,1,5,0,0,0,0,0,0,3,124,251,196,2,2,2,0,1,0,1,3,255,255,65,1,3,0,2,3,1,0,0,1,0,3,2,0,23,254,255,140,2,2,0,2,1,2,0,2,255,255,74,0,0,6,4,3,3,0,0,0,0,1,2,76,220,255,234,39,0,2,0,0,0,0,0,0,161,254,255,98,0,0,0,1,0,0,1,3,42,114,194,255,253,210,17,0,3,1,0,0,1,0,3,4,35,224,254,248,187,135,98,59,135,134,134,196,243,249,254,230,138,9,0,0,1,4,0,0,0,0,0,0,3,31,164,254,252,251,253,249,255,252,255,255,251,249,126,27,0,0,0,0,0,1,5,1,3,0,2,0,0,0,0,57,173,187,187,215,183,188,182,122,88,54,0,1,1,0,1,0,4,1,0,0,1,2,2,2,2,1,2,0,2,0,2,12,0,1,1,0,0,0,2,0,3,0,0,0,1,0,0,2,3,0,2,3,0,0,0,3,0,0,0,2,1,0,0,0,0,0,1,5,0,1,0,0,0,0,0,4,3,1,1,0,0,0,0,2,0,3,0,0,1,1,1,0,6,0,0,2,0,6,6,0,4,1,0,0,0,1,0,0,0,0,0,0,0,0,4,2,2,0,4,0,2,0,0,0,0,3,0,0,0,0,3,2,0,0,0,2,0,3,0,0,0,3,0,0,0,2,0,0,4,3,0,0,1,0,0,1,3,0,0,4,0,0,0,5,0,2,0,0,2,0,0,2,0,0,2,3,4,0,1,0,1,3,1,0,1,3,0
2,0,0,2,1,2,0,0,0,0,0,0,0,3,2,0,0,6,1,0,0,2,0,0,4,4,0,1,5,2,5,0,0,0,0,0,2,0,2,0,0,0,4,4,1,0,1,0,1,1,1,0,0,0,0,0,0,0,1,0,0,0,0,1,0,0,0,1,1,0,3,0,0,2,0,0,0,0,0,2,1,0,0,0,0,0,0,1,0,0,2,0,1,0,0,0,0,0,0,2,0,0,0,4,3,5,0,0,0,4,0,0,2,0,1,1,0,0,0,0,5,1,0,0,0,0,0,0,1,2,3,3,0,0,0,0,4,0,4,5,0,1,0,2,1,0,0,0,2,0,0,0,0,1,0,1,0,0,1,2,0,2,3,5,1,0,0,1,0,0,0,0,0,2,2,0,0,1,0,1,0,0,0,0,0,0,2,0,0,0,0,1,3,0,2,0,0,2,0,1,5,0,1,0,0,0,22,20,15,49,0,1,2,0,0,0,1,0,1,0,0,2,2,0,2,2,220,250,250,250,232,242,250,250,254,205,209,237,235,185,132,22,0,0,1,3,3,0,0,1,2,1,4,2,183,255,255,254,255,248,254,252,253,255,255,253,254,255,255,251,182,162,103,24,5,0,2,0,0,0,0,0,0,11,14,13,13,17,11,9,88,98,137,111,136,239,255,255,253,252,255,104,2,0,0,0,0,0,0,4,0,2,0,0,2,0,0,3,0,0,0,0,0,14,54,169,238,255,251,247,0,0,2,0,4,2,4,4,0,1,0,5,0,0,0,3,0,0,0,0,1,2,0,0,50,237,253,255,0,0,1,4,0,0,0,1,0,0,0,4,0,3,1,3,0,0,0,0,0,3,0,0,28,222,255,177,0,0,6,2,2,0,0,4,0,4,4,2,1,0,1,0,1,0,0,0,2,0,2,0,146,253,255,105,0,2,0,1,0,0,0,0,4,3,0,0,0,0,0,3,0,0,0,1,0,0,0,40,219,255,158,3,4,0,0,1,1,0,0,1,0,1,0,0,2,0,0,0,2,4,0,0,0,0,31,226,253,241,64,2,3,2,1,1,0,0,3,0,0,1,3,0,0,0,1,1,0,1,0,0,0,25,212,255,252,80,2,2,2,1,2,0,1,0,0,5,2,0,3,3,0,2,0,0,0,0,0,0,3,190,253,252,94,0,0,0,3,2,0,1,0,0,1,0,1,0,2,0,6,0,2,0,2,0,0,0,138,255,255,191,1,2,0,2,2,0,0,3,0,1,0,2,4,0,2,0,1,0,1,0,1,2,0,74,246,255,190,11,0,0,1,0,0,2,0,0,0,0,3,2,0,0,0,0,2,0,1,4,1,1,25,226,253,231,34,2,2,2,0,0,0,0,0,1,4,0,0,0,0,0,0,0,3,0,1,1,0,26,207,255,255,62,0,1,0,0,0,0,4,1,0,0,0,0,3,1,2,0,0,1,0,4,1,3,2,199,252,255,132,15,0,0,0,0,0,1,0,0,0,2,1,1,0,5,0,0,0,0,0,0,0,0,109,253,253,166,13,1,3,0,0,0,0,6,3,1,3,0,0,2,1,1,0,0,3,0,1,0,0,2,193,255,179,33,0,0,1,0,0,2,0,0,0,0,0,0,1,0,0,0,1,4,1,0,0,0,0,3,39,70,0,2,0,2,0,3,1,1,6,0,0,0,6,2,1,2,5,0,0,0,2,2,0,0,2,0,0,0,1,1,4,0,0,3,0,0,2,2,4,0,0,2,4,0
1,0,0,0,0,0,2,1,0,0,0,0,0,0,0,0,0,4,3,0,0,2,2,2,0,0,4,0,0,1,1,1,0,0,0,3,0,0,0,3,2,1,5,0,1,1,0,0,0,0,0,0,3,4,1,0,0,0,2,3,0,1,0,0,3,2,2,0,2,0,0,0,4,0,4,0,0,0,0,0,0,0,2,0,0,2,2,0,0,0,3,0,2,0,2,0,2,0,1,0,1,0,0,0,0,0,2,3,0,2,0,0,0,2,2,0,0,1,1,1,1,1,0,86,254,255,254,251,132,3,0,3,0,0,3,0,0,0,1,0,0,0,2,0,2,0,0,0,0,0,91,251,255,254,254,254,250,246,158,119,47,0,0,1,3,0,2,1,2,0,0,0,0,0,0,0,0,0,212,253,255,249,252,255,255,250,254,253,231,104,1,0,1,3,0,2,1,1,1,3,0,2,2,0,0,141,253,252,250,223,46,50,169,253,255,254,253,233,0,1,0,1,0,0,2,2,0,0,0,0,3,3,96,250,254,252,182,16,0,1,7,49,171,253,253,253,146,0,0,2,0,1,0,2,0,0,4,0,0,86,223,254,255,255,59,3,0,0,0,0,26,222,253,252,246,35,0,0,0,0,2,0,2,3,0,0,41,245,251,252,252,136,6,0,1,1,2,0,0,38,219,253,255,118,0,0,0,0,1,1,5,0,0,3,116,255,253,255,224,28,0,0,0,0,4,2,0,0,151,252,250,117,0,2,0,0,0,0,0,0,0,1,115,255,252,252,56,0,1,3,0,0,0,1,2,0,156,253,251,118,3,1,0,0,0,0,1,1,0,0,153,253,254,175,10,2,0,3,5,1,2,4,0,0,154,249,250,212,0,5,3,0,1,0,0,0,0,0,248,250,254,59,0,0,0,3,0,1,0,0,0,1,160,250,255,247,3,1,0,4,0,0,0,0,0,1,147,255,253,120,2,0,0,0,0,0,0,0,0,1,156,254,252,217,0,3,3,2,0,0,0,2,1,1,209,255,253,152,4,0,3,2,0,1,1,0,0,2,173,255,253,116,2,0,0,3,1,4,0,0,0,0,157,254,252,159,0,0,3,2,2,0,0,0,5,137,251,249,250,119,2,0,3,2,0,0,0,0,2,0,119,255,251,157,0,0,0,0,1,0,3,6,68,255,251,255,255,101,3,0,4,0,0,0,0,3,0,0,50,248,250,217,37,0,0,0,0,5,29,136,253,253,255,252,145,0,2,0,0,1,3,0,0,1,0,0,2,239,252,255,217,44,128,150,149,174,252,253,251,252,250,217,0,1,2,1,0,0,3,3,0,2,0,0,0,102,240,249,250,253,251,252,251,253,253,255,251,251,150,0,0,3,1,3,0,0,1,0,1,3,1,4,0,4,228,252,253,251,247,252,250,223,212,155,179,116,40,1,0,3,0,0,0,0,1,0,0,5,2,0,0,2,3,158,136,236,83,126,120,97,1,0,0,0,0,3,1,1,0,0,0,6,2,0,1,2,4,2,0,0,0,0,0,2,0,0,0,0,3,0,1,6,0,0,0,0,0,0,0,2,1,0,1,0,0,3,0,0,7,0,1,4,0,0,0,3,2,0,1,0,0,1,0,0,2,0,0,0,0,0,0,2,2,0,0,1,0,0,1,0,0,0,6,4,2,0,0,0,3,2,0,0,0,0,1,0,0,5,3,0,1,2,2,2,3,0,0,1,4,0,0,1,4,0,1,0,0,0,3,2,1,0,2,1
2,2,0,1,2,2,0,0,0,1,0,2,2,1,0,0,0,0,1,1,0,4,0,0,1,0,1,1,0,0,0,3,3,2,0,0,0,4,0,0,2,1,0,3,0,1,0,0,0,0,1,3,0,1,0,0,2,0,0,0,0,0,0,0,0,0,0,1,0,0,1,1,0,1,0,1,2,0,0,1,1,0,3,1,6,0,0,1,1,0,0,3,1,0,0,0,1,0,0,0,0,2,3,1,2,1,0,0,0,0,0,0,2,0,0,0,2,2,1,43,133,237,251,255,251,253,254,253,200,129,6,0,0,3,3,2,0,0,0,0,0,0,0,0,1,0,32,227,252,251,251,255,232,133,190,220,236,254,193,52,0,1,1,0,0,4,0,0,1,1,1,3,0,1,43,238,250,254,253,190,31,3,0,0,34,146,253,177,19,3,1,1,0,0,0,0,0,1,0,1,0,0,1,81,183,184,74,0,0,2,0,0,3,8,139,255,160,0,2,0,3,3,0,4,4,3,0,0,2,2,0,1,1,0,2,1,0,0,0,0,0,0,4,183,243,85,0,2,1,2,2,0,0,0,0,2,0,0,0,0,1,3,2,0,0,2,0,2,0,0,2,114,255,172,0,1,0,0,3,0,4,2,2,0,0,2,0,2,0,1,1,0,5,1,0,2,1,0,0,49,251,170,0,3,0,3,0,0,0,0,2,0,0,1,0,0,2,0,3,4,3,0,2,2,3,2,2,50,254,174,0,0,0,0,2,0,2,0,0,5,0,1,0,4,1,0,0,5,2,0,0,1,1,3,0,120,255,169,0,5,2,4,1,1,0,3,6,0,0,0,0,2,0,2,2,0,0,0,2,0,0,2,0,169,255,88,0,0,0,1,1,1,0,4,2,0,0,0,1,1,0,2,0,0,0,0,0,0,0,3,9,197,203,12,3,0,0,0,0,1,0,0,3,0,1,5,0,3,3,0,0,1,2,0,4,0,1,5,114,252,189,5,1,0,0,0,1,0,0,2,1,0,0,0,0,2,0,0,0,2,1,2,1,0,0,13,252,253,80,0,2,2,0,0,0,2,0,0,3,1,2,1,0,8,56,131,17,7,0,2,0,3,6,188,255,144,0,0,0,2,0,0,0,0,0,0,0,0,0,1,34,178,252,255,255,194,147,120,6,0,126,253,241,36,0,1,0,1,1,0,0,0,0,0,2,2,3,25,185,248,216,100,204,210,253,253,185,165,243,252,128,1,0,0,2,0,3,0,0,2,0,2,3,3,0,38,254,203,10,1,2,4,83,233,254,255,251,236,0,0,0,2,2,3,1,2,0,0,1,0,2,0,0,36,250,244,107,9,0,46,157,233,253,255,253,252,132,30,0,2,0,3,0,2,0,6,0,0,0,0,3,20,175,253,251,222,217,235,251,254,222,54,87,254,249,134,0,0,3,0,0,3,4,0,4,2,1,3,1,0,6,52,227,255,251,250,236,111,10,2,5,83,252,247,124,0,4,1,1,0,0,1,0,0,4,3,0,0,0,3,2,4,2,0,0,0,1,5,3,0,0,0,0,0,0,0,2,4,1,5,0,0,1,0,0,1,0,4,0,3,0,2,0,0,2,2,0,0,0,1,0,0,1,0,2,0,0,6,2,0,2,0,0,3,0,0,0,0,2,0,0,0,1,1,0,0,3,0,0,0,3,2,1,0,0,0,0,0,0,1,0,0,0,6,3,3,3,3,0,1,1,3,1,4,4,0,0,3,0,0,0,5,0,0
1,4,3,3,3,5,0,0,2,0,0,0,2,3,0,0,0,0,1,0,4,2,2,2,0,1,0,0,0,0,0,0,0,7,2,0,0,0,0,3,3,0,1,0,0,0,2,0,2,0,0,3,0,0,4,0,0,0,0,0,0,3,0,0,2,3,0,0,2,1,0,2,0,1,1,0,1,0,0,0,3,0,2,0,1,0,0,1,0,3,2,0,4,0,3,0,0,2,0,0,0,0,0,0,0,0,3,0,5,0,2,0,0,3,1,3,0,1,0,0,0,1,2,0,0,0,1,1,0,0,0,2,0,0,0,0,2,0,0,2,1,0,0,2,2,0,0,1,2,0,0,0,0,0,2,1,0,1,4,3,0,2,0,2,5,0,0,2,0,0,0,4,2,2,0,2,0,3,0,0,43,154,207,249,229,253,254,139,5,5,0,3,1,0,0,0,0,0,4,0,3,0,0,1,0,2,0,42,204,252,254,253,253,253,255,215,30,1,1,0,0,0,3,0,0,0,2,1,2,1,2,0,4,2,17,212,253,255,254,253,238,255,255,252,126,0,2,0,0,2,2,4,0,0,2,0,0,5,3,0,3,1,97,253,255,253,150,36,28,148,250,255,170,1,0,0,1,2,0,0,0,2,3,1,2,0,1,0,1,0,168,253,251,203,44,0,8,212,255,251,202,0,0,0,0,1,0,3,0,1,0,2,3,0,0,0,2,0,55,251,255,242,84,137,179,251,252,252,128,0,5,1,0,0,1,1,0,1,0,0,0,0,0,2,0,1,0,190,255,247,251,252,250,253,253,251,63,0,0,3,3,1,0,1,0,0,0,3,0,1,0,0,0,1,1,5,58,206,255,254,255,254,253,200,1,0,0,1,0,2,0,0,0,1,0,0,0,1,0,0,0,1,1,0,2,88,223,250,249,253,235,89,0,0,3,0,3,0,0,1,1,2,1,2,2,0,1,0,0,0,0,2,3,103,250,252,255,255,57,2,0,0,0,2,0,1,4,2,0,0,1,0,0,2,0,0,0,1,0,0,92,249,252,255,253,169,4,0,0,0,0,0,6,1,0,0,4,0,0,2,2,0,2,0,0,0,0,103,229,254,250,166,112,0,2,0,2,0,7,0,2,6,1,0,3,0,1,1,0,0,0,0,2,0,93,249,254,255,229,17,0,5,2,0,0,0,0,3,0,0,5,1,1,3,0,0,2,0,2,0,3,93,225,255,254,254,133,1,0,0,0,4,1,0,0,0,0,1,0,0,2,0,0,0,0,4,0,0,33,228,252,255,255,205,19,0,3,0,0,1,0,1,1,0,0,1,1,0,1,2,3,0,2,3,1,2,193,254,252,255,203,18,4,2,4,0,3,2,0,2,2,0,0,1,0,1,0,0,4,0,2,0,1,89,246,255,251,243,92,0,0,0,0,2,1,0,4,0,0,0,0,2,0,0,0,1,1,1,0,1,35,244,255,253,255,142,1,0,0,2,0,1,0,2,0,3,0,0,1,2,3,0,0,1,0,0,0,0,1,215,252,249,181,22,0,0,0,0,0,0,0,0,2,0,0,2,1,0,2,2,4,0,0,2,1,0,0,184,254,244,24,4,0,3,2,0,0,1,3,2,0,3,0,0,1,1,4,0,0,0,0,0,3,2,1,0,0,0,2,0,1,0,0,1,4,0,1,4,0,0,2,0,0,0,0,1,2,0,4,0,0,0,2,5,0,0,0,3,0,2,2,0,0,0,0,0,2,0,0,0,0,0,1,0
0,5,0,0,1,0,0,1,1,0,1,0,0,0,0,3,1,1,0,4,1,2,0,2,0,1,0,3,4,0,2,2,5,0,6,0,0,2,2,0,0,0,2,0,2,0,0,0,0,0,0,2,2,0,0,1,0,1,3,1,2,0,0,0,0,1,0,2,0,2,1,0,2,0,0,0,3,0,0,0,3,1,0,0,0,1,0,0,0,0,4,2,1,1,1,2,2,2,1,0,0,0,0,1,0,1,0,2,1,2,0,6,0,2,2,1,0,2,0,2,0,4,0,0,1,5,0,0,0,2,2,2,1,0,2,0,0,0,0,0,0,0,0,1,0,0,0,0,0,0,0,0,26,217,255,103,1,0,0,2,0,0,0,2,0,2,3,1,0,0,2,0,1,2,0,2,0,0,1,0,44,255,252,158,3,0,4,1,3,1,1,3,0,0,0,3,0,0,0,1,2,0,0,0,0,0,2,0,69,251,255,157,0,0,1,0,6,0,3,1,0,3,0,0,0,1,1,1,3,0,4,0,0,2,0,1,160,253,251,158,0,0,0,0,2,0,3,0,0,0,4,2,0,0,1,1,0,0,0,0,3,0,0,0,160,251,253,160,0,0,1,0,3,0,0,0,3,1,3,0,0,1,2,0,0,0,1,1,0,0,1,0,160,254,250,157,0,0,3,0,3,0,0,2,0,0,3,1,0,0,1,1,2,0,0,0,2,1,0,0,162,254,255,153,0,0,0,1,2,0,0,2,3,2,1,1,0,2,0,0,0,2,0,1,0,0,3,0,156,255,253,160,0,0,0,3,1,2,1,3,0,0,1,0,0,0,0,2,0,3,3,0,0,2,0,0,88,255,250,217,15,0,0,1,0,6,5,0,0,0,0,0,0,0,0,0,0,0,0,0,3,5,0,1,45,251,254,249,25,3,0,0,1,2,3,0,0,2,1,0,0,5,0,1,0,0,0,3,0,0,0,0,42,247,254,250,22,0,1,1,0,0,0,0,0,0,0,0,0,1,0,0,0,0,0,0,1,0,0,1,41,253,255,251,21,0,4,0,0,6,4,0,0,1,2,0,0,1,0,0,3,0,0,0,1,0,0,0,39,252,255,251,20,0,1,2,0,0,2,0,0,0,1,0,0,1,1,5,6,0,1,0,0,3,0,0,45,253,250,205,14,0,0,0,0,0,0,0,0,0,1,1,0,0,0,0,2,0,0,0,3,0,2,0,39,255,252,159,4,0,0,0,0,0,0,4,1,0,0,0,1,2,0,0,0,0,0,2,0,0,0,0,65,248,253,157,0,4,0,4,0,1,0,2,2,0,0,0,0,0,1,1,1,0,0,0,0,0,0,10,204,250,248,73,5,2,4,0,3,1,1,3,1,0,0,0,2,0,0,0,0,0,0,3,0,3,1,2,159,249,191,10,0,0,1,1,0,0,0,2,0,0,0,0,0,0,0,3,0,4,0,2,0,2,5,22,243,253,176,0,0,0,3,2,4,0,3,5,0,0,0,1,0,0,0,3,0,2,3,0,0,0,5,1,113,168,146,1,3,0,0,0,2,0,0,1,0,0,2,4,0,0,0,0,0,4,2,2,1,0,1,0,1,1,1,0,0,2,2,0,0,1,2,0,0,0,0,0,3,0,4,0,2,2,0,0,0,0,3,3,1,5,0,1,0,0,7,1,0,4,0,0,2,0,5,0,3,1,2,1,0,0,0,0,0,4,2,0,1,0,4,0,0,0,0,2,0,1,1,0,0,0,2,1
5,2,0,1,0,4,1,0,1,2,0,1,0,1,1,0,2,0,0,2,0,0,1,1,0,0,1,0,0,0,0,0,0,0,3,0,3,0,4,0,0,0,0,0,0,1,2,4,0,1,0,0,7,0,0,5,0,0,2,0,0,2,0,1,2,0,3,0,0,0,1,0,0,1,0,2,0,0,0,0,1,2,5,3,2,0,1,0,0,0,0,2,2,0,1,2,1,2,0,2,0,3,0,0,1,0,0,2,2,0,0,8,1,1,0,0,2,0,0,0,1,0,0,4,2,0,0,2,0,0,3,0,0,0,0,1,0,2,2,0,0,1,1,0,0,0,0,0,0,4,0,0,0,0,3,0,0,1,2,1,0,0,0,2,0,0,2,0,0,0,2,0,1,0,1,0,1,2,0,1,3,0,3,0,0,0,0,2,1,2,0,0,0,1,3,0,0,2,0,0,0,1,0,2,0,0,1,0,0,0,3,0,3,39,225,214,15,0,2,0,2,0,1,0,0,3,0,2,10,24,27,19,0,4,0,10,22,13,26,22,46,225,255,246,33,0,3,0,4,2,3,0,0,0,0,0,147,253,254,234,66,135,157,196,250,211,249,255,254,251,255,150,1,0,0,2,4,1,0,1,2,3,2,0,113,212,220,206,217,226,251,253,249,255,251,255,255,252,179,15,0,1,0,0,0,0,4,5,0,0,0,3,4,15,22,3,19,41,73,77,75,68,74,185,254,239,46,0,0,0,0,2,0,5,0,3,1,2,0,3,0,1,0,3,0,1,4,3,0,0,8,184,253,101,1,2,0,0,0,0,0,0,0,3,0,6,1,1,0,0,0,0,0,0,0,0,0,0,130,255,254,70,0,0,0,1,0,1,2,0,1,0,0,1,0,4,0,1,1,0,1,4,0,0,0,0,143,251,232,43,1,2,0,2,0,0,2,0,0,1,0,1,0,0,1,3,2,0,3,0,91,107,112,110,194,249,247,142,108,112,166,60,1,0,1,3,0,0,1,0,1,0,4,2,1,0,2,80,250,251,255,251,255,255,254,255,255,253,250,87,0,0,1,0,1,2,4,2,0,0,2,0,0,0,1,4,106,236,242,246,252,255,247,182,150,82,0,3,2,0,0,0,0,0,0,1,0,0,4,0,1,0,0,0,0,3,0,10,253,249,74,5,0,0,2,2,0,0,3,0,0,0,2,5,1,0,0,0,0,3,0,2,0,2,0,14,247,215,3,0,1,0,1,0,0,3,2,4,2,0,0,0,0,1,0,2,3,0,3,0,0,3,0,92,250,216,0,2,0,1,2,0,0,2,0,0,1,0,1,0,0,3,3,0,3,0,0,0,0,0,0,129,245,218,0,0,2,0,3,0,0,5,0,0,0,0,0,0,0,0,5,1,0,0,0,0,0,2,0,228,250,186,1,0,1,0,3,0,2,1,2,1,0,4,4,0,0,0,0,2,0,4,1,0,2,0,0,253,255,98,0,0,2,3,0,0,0,0,0,0,0,0,0,0,1,5,0,0,3,1,0,3,0,0,0,255,253,97,4,0,3,0,0,1,0,0,3,2,5,2,6,0,0,4,5,0,1,0,3,1,0,0,0,252,255,96,0,0,3,3,0,0,0,0,0,1,2,1,0,0,3,1,0,0,4,2,2,3,0,0,1,82,238,48,0,4,1,0,0,0,0,0,3,3,0,0,2,0,1,1,1,4,3,0,0,0,0,0,0,0,3,2,0,0,1,4,1,1,0,1,0,3,0,0
1,0,2,1,0,0,0,0,0,1,1,0,2,0,1,0,2,0,1,0,1,2,5,0,0,0,4,0,0,4,0,0,4,0,0,1,0,0,2,2,0,0,3,2,3,0,3,0,1,3,2,3,0,0,4,0,1,3,2,0,0,0,0,0,0,0,0,0,0,0,0,0,0,0,0,0,0,0,0,1,0,1,0,1,0,1,0,0,0,0,0,0,0,1,5,3,0,1,0,0,0,0,2,2,5,0,0,0,0,0,1,0,4,1,6,0,0,2,0,0,3,0,0,2,51,175,233,253,132,0,0,2,1,0,0,0,1,1,0,1,0,0,2,0,0,0,0,2,0,0,2,67,231,205,243,249,244,59,0,3,0,3,0,0,0,1,0,0,0,0,0,0,1,1,0,0,3,2,42,239,207,50,30,146,253,147,0,0,0,3,0,2,0,0,0,2,1,1,8,2,0,5,0,0,0,3,181,218,11,2,0,31,245,114,2,0,0,0,0,1,3,0,0,0,0,0,0,1,0,0,0,0,0,3,71,105,0,0,3,32,240,76,0,0,0,0,0,2,1,0,0,0,0,1,0,1,0,0,2,0,3,0,0,0,0,0,17,164,221,80,0,0,0,0,0,0,0,0,0,0,0,0,1,0,0,0,0,1,2,0,0,1,0,10,213,252,151,0,0,0,0,0,3,0,0,4,1,0,0,0,1,0,2,0,1,0,0,1,0,0,59,213,255,175,19,0,2,4,0,1,4,0,1,0,0,2,3,0,1,0,3,3,0,0,0,0,11,142,248,251,246,46,0,0,2,0,3,1,0,0,0,1,0,0,0,0,1,0,1,0,6,0,7,3,134,254,254,255,254,193,3,0,0,0,2,2,0,1,6,0,0,1,3,0,0,1,0,0,0,0,2,1,43,226,237,162,229,150,172,125,1,4,0,0,0,0,1,0,2,0,0,0,0,0,0,1,0,0,0,1,2,0,0,3,2,30,225,252,169,45,6,4,1,1,0,0,2,0,0,2,1,0,0,0,4,0,0,1,0,0,1,0,1,0,11,147,255,135,0,0,0,0,0,5,0,0,0,0,2,2,2,0,2,0,0,0,0,0,0,2,2,0,1,11,219,182,5,1,1,2,3,0,0,0,1,0,0,0,0,0,3,0,1,4,0,2,3,2,0,1,0,5,187,244,0,0,2,0,1,0,4,0,0,1,3,2,1,0,1,0,0,0,2,1,0,0,0,0,3,64,251,154,0,0,1,0,0,0,0,0,0,0,0,0,0,1,0,1,29,15,0,2,0,0,1,3,89,206,254,22,3,3,0,1,0,2,2,5,6,0,1,5,1,0,0,10,160,123,2,4,0,1,0,150,255,255,174,2,0,3,4,2,0,2,0,0,4,0,0,1,2,1,0,27,245,208,38,8,23,87,224,255,252,197,13,0,0,0,3,0,5,4,0,2,0,0,0,2,1,0,0,3,187,255,248,242,244,252,255,239,82,7,0,0,0,0,0,4,0,0,2,2,3,0,8,0,0,0,2,3,1,0,4,0,0,2,0,0,0,0,0,2,0,0,3,2,2,2,0,0,0,2,0,0,3,0,0,0,0,0,0,1,0,0,0,1,3,4,3,4,4,0,0,0,0,1,0,4,0,0,0,3,1,2,0,1,1,1,0,0,0,0,0,0,1,0,1,0,2,1,0,0,1,0,4,2,0,0,0,0,4,3,0,0,0,0,0,1,1,1,0,0,2,3,2,0,3,0,0,0,0,3,3,0
0,0,0,0,1,2,0,2,0,0,4,1,0,2,0,0,0,0,1,2,0,0,2,0,2,0,2,1,0,1,0,0,0,0,1,2,0,0,0,3,0,0,0,1,4,0,0,3,1,1,5,3,0,0,0,4,0,0,4,0,0,5,0,0,0,3,1,0,0,2,0,0,1,0,1,0,1,0,0,1,0,0,2,1,0,1,0,0,0,0,0,0,0,0,3,0,0,3,0,3,0,0,1,1,1,0,5,1,0,2,2,1,4,0,5,5,0,0,0,0,0,0,0,2,0,0,1,5,5,4,1,0,0,0,0,1,0,1,2,2,0,4,0,2,1,0,0,3,0,0,0,4,0,1,0,0,4,1,0,3,0,0,0,0,2,0,3,1,1,0,0,0,0,0,4,0,0,0,4,3,0,0,0,0,3,3,1,0,3,1,2,4,0,0,4,1,0,0,0,0,0,0,0,0,0,2,40,127,141,139,141,56,20,3,2,2,0,0,2,3,0,2,0,0,0,0,3,0,0,2,0,47,117,195,255,250,251,254,253,252,216,76,0,0,8,0,2,5,0,1,0,4,0,0,0,0,1,0,100,198,250,226,152,29,20,20,43,126,253,248,163,0,0,1,2,0,0,1,0,1,3,0,0,0,0,65,236,245,106,3,3,0,0,0,3,0,105,253,241,58,1,1,1,0,2,0,0,0,4,2,0,3,4,243,251,127,2,0,0,0,0,0,2,0,4,197,253,71,3,3,4,2,0,0,1,0,0,3,0,1,0,255,249,113,1,0,0,3,0,0,1,0,3,193,255,71,0,0,2,0,2,0,0,3,2,0,0,0,0,104,61,18,0,2,0,2,2,0,0,0,38,244,226,8,0,0,0,0,3,1,1,0,0,1,2,1,2,3,0,0,1,0,0,0,1,0,0,0,125,253,138,2,2,4,0,0,0,0,1,0,0,3,0,4,3,1,0,0,4,0,4,1,6,2,2,120,254,144,5,0,0,1,3,0,4,2,1,1,0,0,0,1,0,0,2,2,0,0,1,0,0,0,71,251,211,28,0,0,2,0,1,1,0,0,2,0,0,0,6,0,0,3,0,0,0,0,0,2,0,120,226,180,27,1,0,2,1,3,2,2,0,1,2,0,0,5,0,2,2,0,0,0,2,2,0,17,158,250,179,0,0,1,2,0,0,1,0,1,1,0,3,0,0,0,2,0,0,0,0,0,4,0,0,192,253,209,79,17,34,0,0,2,0,0,2,19,49,0,0,0,0,2,0,1,0,2,1,2,0,15,156,246,252,253,249,233,234,225,228,229,225,204,129,235,241,4,1,1,4,0,0,0,3,2,0,3,0,69,252,126,81,81,79,82,69,141,143,158,87,213,145,225,253,0,0,2,0,2,2,3,0,1,1,0,2,4,36,19,0,2,0,0,0,0,0,0,0,16,0,25,35,2,6,2,1,2,4,2,1,3,0,0,0,0,0,0,0,3,0,5,0,0,0,0,0,2,0,0,3,0,0,0,0,2,0,0,0,1,1,0,0,1,7,0,0,0,3,1,0,0,0,0,0,0,0,0,0,0,0,0,3,2,3,0,0,0,4,3,0,3,2,0,3,1,1,0,0,0,0,1,0,0,0,3,2,0,0,1,1,0,0,0,3,1,0,0,0,0,0,1,0,2,1,0,2,0,0,3,1,0,0,2,3,1,0,0,0,2,1,3,2,3,1,1,0,1,2,0,1,0,1,0,0,0,0,1,1,5,0,3,0,0,0,1
0,1,0,3,0,0,0,2,0,0,0,0,2,0,2,0,0,2,0,0,0,2,0,0,0,0,0,2,0,0,1,0,1,0,0,0,0,0,3,0,0,0,0,0,1,0,0,2,4,3,0,2,0,2,2,1,1,1,5,3,0,0,0,4,1,0,0,2,0,3,0,0,1,2,0,3,2,2,3,0,0,1,4,1,3,0,0,0,0,0,0,0,1,2,1,3,2,0,3,0,2,0,0,0,0,1,2,2,0,0,0,0,2,0,2,0,0,2,0,0,2,0,1,0,0,1,1,0,0,0,0,1,2,0,3,0,2,4,1,0,0,1,0,0,2,3,2,0,0,3,0,0,2,0,0,0,0,0,2,1,0,0,0,1,0,0,0,0,0,1,4,4,0,0,0,1,0,0,0,0,0,1,1,72,201,255,127,3,3,0,3,0,1,0,0,1,0,0,4,1,0,3,2,0,0,2,0,0,0,0,75,238,255,255,254,12,0,3,0,0,0,4,0,0,0,2,4,2,4,0,1,0,2,0,2,0,0,17,239,253,195,163,251,8,2,2,0,0,2,4,3,0,0,0,4,1,0,4,0,1,5,0,0,1,54,199,249,176,4,64,253,119,0,2,2,2,1,2,1,1,1,1,0,1,1,0,3,0,0,0,0,73,211,247,104,13,3,58,252,150,5,2,1,1,0,0,4,0,1,0,0,0,1,1,0,5,0,2,66,245,252,133,0,6,121,233,252,177,5,0,2,0,0,1,0,0,1,0,0,0,0,0,0,4,1,19,238,253,148,52,155,233,254,252,255,56,0,3,4,0,2,0,0,0,3,0,3,0,0,1,2,0,1,48,242,250,206,245,254,251,252,254,220,4,4,0,0,2,0,1,0,0,0,0,0,1,0,3,0,0,2,2,221,252,248,239,254,255,251,188,11,0,0,0,0,0,1,0,0,0,3,0,2,0,2,1,0,0,0,2,39,93,91,53,255,252,137,3,0,0,2,0,0,0,1,0,0,0,4,1,0,1,0,1,2,0,0,0,2,2,0,166,254,142,6,0,0,1,0,2,4,0,0,0,0,0,0,0,0,3,0,2,0,0,0,1,0,0,78,252,253,53,1,0,0,0,0,0,3,0,2,1,0,0,0,0,5,0,0,2,0,4,1,1,1,1,155,249,218,19,3,1,0,0,0,2,0,0,2,0,0,0,0,0,0,0,0,3,0,0,3,3,0,38,244,246,78,3,1,0,1,0,2,0,5,0,0,0,0,1,0,1,3,0,0,3,0,0,0,0,1,154,253,227,1,1,0,0,0,0,1,0,1,3,0,0,1,4,5,0,0,0,0,0,2,0,3,0,7,220,254,101,0,1,0,1,3,4,0,0,2,0,0,0,4,2,0,0,1,1,0,1,0,0,3,0,9,254,255,23,0,2,2,0,2,0,1,0,4,1,1,1,2,0,0,2,0,2,0,2,0,0,0,3,119,255,252,54,118,57,0,0,2,2,4,0,1,0,0,0,0,3,2,4,0,1,3,0,0,0,0,0,46,254,255,252,235,43,0,0,2,0,0,11,0,2,1,3,0,1,0,1,2,3,0,1,0,0,1,0,0,171,253,195,68,3,0,1,0,0,4,0,0,0,1,0,0,1,0,0,0,1,5,4,3,1,0,3,0,0,0,0,2,0,0,0,1,0,0,0,2,4,4,0,1,0,2,0,1,2,2,2,1,0,0,2,0,0,0,1,1,1,2,0,4,5,2,0,0,0,0,3,0,1
0,0,0,1,0,3,0,1,2,0,0,4,0,0,3,0,4,0,0,0,4,0,1,1,1,0,1,0,0,3,0,0,2,0,2,2,2,0,0,0,5,0,2,0,4,2,0,0,0,0,1,0,3,0,0,0,0,3,0,0,0,0,0,0,0,0,0,2,6,0,0,0,0,1,0,1,0,3,0,0,1,0,0,1,3,0,0,0,0,0,0,6,0,1,0,0,2,5,0,0,3,0,2,2,2,4,1,1,4,0,3,3,0,2,3,4,0,2,3,0,3,3,0,0,0,1,0,0,0,0,2,0,3,0,0,0,2,0,1,0,1,4,0,0,0,3,5,0,1,0,2,0,1,0,1,3,2,0,2,0,0,2,1,0,5,3,0,3,4,0,0,0,0,0,1,1,0,2,0,0,2,5,0,0,2,0,3,0,2,4,0,1,0,4,1,3,0,0,1,0,0,2,0,4,2,0,0,2,2,28,118,204,255,255,251,255,255,140,1,1,1,3,0,5,0,0,0,0,0,1,2,74,115,236,233,232,233,239,253,253,254,251,255,255,255,226,43,1,0,0,0,0,0,0,0,1,2,28,189,241,252,253,255,254,252,251,254,255,254,251,255,252,255,255,95,0,0,0,0,3,0,1,0,0,0,93,252,254,251,251,255,255,254,251,255,255,255,253,249,252,254,222,23,0,0,1,4,0,1,3,2,0,2,82,250,250,254,255,255,254,250,247,220,220,140,255,250,254,249,213,0,0,2,3,0,0,0,0,1,0,1,0,86,130,222,103,105,103,102,74,0,1,17,252,250,255,251,213,0,1,3,0,0,0,0,1,0,0,0,1,0,0,0,0,0,0,0,1,0,86,201,253,255,252,253,136,0,4,3,0,0,0,0,3,0,3,5,1,2,3,0,0,1,0,0,2,17,203,254,249,249,254,130,2,2,0,1,5,2,0,0,0,0,3,0,0,2,0,2,3,0,0,1,23,195,255,251,251,253,248,52,3,0,0,0,1,2,0,1,0,0,2,1,1,0,0,0,2,1,0,27,195,254,255,252,251,225,141,11,0,0,5,5,2,0,1,0,2,2,0,0,0,0,2,0,0,0,0,189,252,253,255,252,233,50,0,1,0,1,2,0,0,2,0,0,0,0,1,0,3,0,0,0,0,3,87,245,255,252,253,246,45,0,0,0,0,0,0,0,0,0,1,3,0,2,0,3,0,5,0,0,10,142,251,255,254,255,247,163,0,0,0,3,2,4,0,1,0,0,2,3,2,1,0,0,1,4,2,1,81,251,255,254,250,251,86,0,3,4,0,2,0,0,1,0,2,2,0,0,0,0,0,0,0,1,0,87,250,254,252,255,253,150,7,0,0,0,5,3,3,0,0,0,0,0,0,1,3,0,1,3,2,0,93,242,252,249,253,254,196,8,0,0,1,0,0,0,1,0,0,4,0,1,0,0,1,0,0,0,0,0,193,252,254,254,253,232,64,4,0,0,0,0,0,0,3,0,1,0,0,5,0,1,1,0,0,0,0,3,89,240,253,252,251,214,28,2,0,0,4,0,0,0,0,2,0,1,0,1,0,0,2,1,1,3,0,0,3,161,253,255,250,79,2,0,4,0,0,0,0,1,0,0,3,0,3,0,0,0,0,0,0,0,4,2,0,19,120,255,116,8,0,0,0,1,1,0,0,0,0,0,0,2,1,2,2,0,0,0,1,0,2,2,0,0,1,0,4,1,3,1,1,0,0,0,0,1,1,0,4,4,1,0,0
0,1,1,2,1,1,2,4,1,0,0,2,0,0,0,0,2,1,0,3,0,3,1,0,0,2,0,2,0,0,0,0,0,0,0,1,2,0,0,5,0,2,0,0,1,0,0,0,5,0,0,2,0,2,4,1,0,0,0,3,3,3,0,1,0,1,0,0,6,0,0,0,1,3,0,1,1,0,0,0,1,0,0,1,0,0,3,0,0,0,1,1,2,2,0,3,1,0,0,2,3,0,0,0,3,2,7,2,0,0,0,0,5,1,0,1,0,0,0,2,5,5,3,2,0,0,0,0,0,0,0,0,0,4,0,0,2,0,0,0,1,0,3,2,1,0,0,2,0,0,1,0,0,0,0,1,3,0,0,0,0,0,2,0,0,0,2,0,0,0,0,0,0,0,0,0,2,0,1,3,0,0,4,0,0,2,0,0,0,0,0,1,0,0,0,3,1,0,4,3,0,0,0,0,2,125,174,51,13,0,7,77,236,49,2,1,1,4,4,2,0,0,1,2,1,0,0,0,0,0,3,0,1,253,250,249,212,189,201,255,249,164,0,3,0,0,1,0,2,2,0,0,0,0,0,0,1,2,0,0,0,253,252,252,252,253,251,253,252,248,36,1,3,0,0,0,0,0,0,0,0,0,0,0,4,0,2,0,77,255,251,100,152,222,252,254,255,253,44,0,0,4,0,3,2,0,0,0,1,0,2,2,0,1,0,2,109,252,254,21,2,19,44,42,236,246,47,0,0,2,0,0,1,0,2,0,0,0,0,1,0,0,2,0,106,255,254,21,0,1,0,2,236,253,58,0,1,3,0,3,2,0,0,0,0,0,0,2,1,0,0,0,106,252,250,24,0,0,0,0,236,254,147,0,2,0,1,0,0,0,0,1,1,0,0,0,0,3,3,1,104,252,250,19,0,1,0,0,231,255,146,0,2,0,0,0,1,0,2,0,3,0,0,0,3,0,3,0,80,228,251,21,0,0,3,2,231,252,148,0,4,0,0,1,4,0,0,0,0,0,0,5,0,0,3,1,0,48,146,11,4,0,0,0,236,251,148,0,0,0,0,0,1,0,2,0,0,0,3,0,1,0,0,0,0,1,0,0,2,0,0,2,232,252,151,0,0,1,0,0,2,0,1,0,0,1,4,2,3,0,0,0,0,3,1,0,0,3,2,0,236,250,148,0,1,2,1,2,2,0,0,0,2,1,0,0,0,5,0,0,1,1,0,2,0,0,5,0,230,255,145,0,2,0,1,2,0,0,0,1,0,0,0,2,0,3,0,0,2,4,1,0,0,1,0,2,233,255,147,0,1,1,0,1,0,0,0,2,0,1,1,0,0,2,1,3,4,0,3,1,0,0,0,0,229,250,149,1,2,0,0,0,0,0,0,0,0,0,3,1,2,1,0,2,0,4,0,0,0,0,0,1,231,255,207,5,0,2,0,0,1,0,2,0,0,0,0,2,0,0,0,3,0,0,3,0,0,0,0,0,232,249,254,1,0,0,0,0,2,0,0,2,5,0,2,0,0,0,0,3,0,1,1,2,3,0,1,3,235,255,254,0,0,2,2,0,0,0,1,0,0,0,0,2,0,0,0,0,0,3,0,0,2,0,0,0,229,254,253,0,1,0,0,0,2,0,0,4,1,0,0,0,0,3,1,3,1,1,0,0,0,1,3,1,49,220,161,3,3,0,6,3,0,0,0,1,4,2,0,2,0,0,0,1,0,0,4,0,1,0,0,1,0,6,1,1,0,0,2,0,0,0,0,0
0,4,2,1,0,1,0,0,0,1,0,0,3,2,0,1,0,6,0,2,0,0,0,1,0,0,0,3,0,4,0,0,2,2,0,0,0,0,0,0,0,0,1,3,0,2,0,0,0,1,0,0,0,0,0,0,0,0,2,1,0,3,0,0,3,0,2,0,0,1,0,0,0,0,4,4,0,1,0,1,1,1,2,0,3,0,1,0,0,0,0,0,0,0,0,1,0,6,0,75,172,139,2,0,0,0,3,4,0,0,2,0,0,1,0,0,1,2,0,2,0,0,0,0,2,83,202,242,254,253,14,1,0,0,6,0,2,4,0,0,0,0,0,0,0,0,3,0,0,0,5,4,86,254,255,255,255,255,18,0,0,1,0,0,1,0,5,2,1,0,0,1,1,0,0,1,0,1,1,51,255,254,254,252,205,129,6,2,2,1,5,0,2,0,0,0,0,0,2,0,0,1,2,0,3,0,6,177,253,252,239,108,10,0,2,0,0,3,0,0,2,0,0,3,2,1,0,0,0,0,2,1,0,2,148,251,255,255,29,2,1,4,0,3,1,3,4,3,0,3,0,0,0,5,1,0,0,0,0,2,0,17,215,253,221,48,2,0,0,0,0,0,4,0,0,0,0,0,0,0,1,0,2,0,2,0,0,0,3,204,255,250,101,3,1,0,1,0,0,0,2,1,0,0,3,0,0,2,0,0,0,0,0,0,0,2,1,233,255,150,1,0,0,0,2,7,2,6,0,0,0,2,3,1,0,1,3,1,2,0,1,0,3,2,0,236,255,132,0,3,1,0,0,0,4,0,0,0,0,0,0,0,5,2,0,0,0,2,0,1,2,2,68,249,226,41,1,3,1,0,14,97,198,172,13,2,1,0,0,0,0,1,0,0,0,7,0,0,0,0,64,254,183,0,1,2,0,73,248,251,253,255,102,0,0,1,0,0,0,0,0,1,1,0,1,0,1,0,2,238,180,1,0,0,22,219,248,253,255,252,236,2,0,0,0,0,0,1,0,5,3,4,0,0,0,3,0,237,182,0,4,3,110,254,255,239,169,217,228,6,0,2,0,0,3,0,0,0,0,2,0,0,0,1,4,239,204,5,3,5,182,254,237,72,10,210,231,2,0,0,0,1,0,0,0,0,0,4,0,0,0,3,0,225,254,136,11,5,255,254,116,1,93,252,171,1,0,0,0,0,0,1,0,2,0,1,0,0,0,0,0,103,255,255,177,70,254,254,147,105,252,255,27,2,1,0,0,2,0,0,3,3,0,3,0,0,1,2,3,9,179,252,255,255,251,255,253,250,255,183,9,0,0,2,2,0,0,1,0,0,4,1,0,1,0,0,1,1,2,132,252,255,250,255,253,237,182,29,2,1,2,0,2,0,0,1,4,4,0,2,0,2,2,0,2,0,0,4,71,238,236,148,134,32,4,0,0,2,0,0,0,3,0,1,1,0,6,0,3,1,0,0,0,2,0,0,3,2,0,1,0,2,3,2,0,0,2,1,2,0,0,3,3,3,0,0,3,1,4,1,0,3,0,0,0,2,0,3,0,2,3,0,0,0,0,2,1,0,1,2,2,1,0,1,2,2,0,1,3,0,2,0,0,0,0,0,2,0,0,0,0,3,1,2,0,3,0,2,2,0,0,1,0,0,0,0,0,0,0,4,3,1,0,1,0,4,5,4,0,8,2,0,1,0,6,1,0,1,0,3,0,0,1,0,1,2,2,1,0,3,0,2,0,1,0,0,5,0,0,1,1,0,1,0
0,0,1,0,2,0,0,0,4,2,2,0,0,0,2,1,1,0,1,0,0,1,0,0,0,0,0,0,5,4,0,0,0,0,3,0,4,0,3,1,0,1,1,0,0,0,0,4,6,1,0,1,0,0,2,1,0,2,2,0,3,4,0,2,0,0,0,0,0,0,0,0,1,1,2,0,3,0,3,2,0,4,0,1,1,2,4,0,0,0,0,0,1,0,1,1,2,17,20,57,141,192,135,9,0,0,1,1,1,2,1,0,0,0,0,1,0,2,0,3,0,3,14,94,160,255,253,254,253,253,255,179,0,0,0,2,0,0,0,1,2,0,0,0,0,3,0,0,42,146,205,255,254,253,255,252,252,255,253,226,0,0,2,1,2,5,4,0,0,0,0,1,1,0,0,0,188,255,255,255,255,213,153,64,70,147,253,243,71,3,5,0,0,1,0,1,0,0,0,1,0,0,1,0,71,239,255,171,46,19,2,2,0,115,255,255,93,3,0,0,0,0,2,0,2,0,2,0,2,1,0,1,1,23,30,0,0,3,4,4,1,117,250,255,88,0,1,1,2,2,0,1,0,0,0,0,2,4,0,0,0,0,0,1,0,3,0,0,0,6,251,255,91,0,3,7,1,3,3,0,3,3,0,0,1,0,2,0,3,0,0,0,0,1,0,0,0,115,254,255,90,0,0,0,0,0,3,0,3,0,0,0,1,0,0,3,0,0,4,0,0,1,0,1,2,190,254,251,71,2,0,0,2,1,0,1,0,0,0,0,1,0,2,0,0,0,1,0,0,0,1,1,65,251,253,227,0,0,0,0,1,1,0,1,3,0,0,0,1,3,0,0,6,0,0,0,2,0,2,1,187,252,253,101,0,2,0,2,3,2,0,0,0,0,2,2,0,3,0,1,0,0,0,1,4,0,3,33,229,254,247,1,8,0,0,0,0,0,1,0,0,0,1,1,0,0,0,0,0,0,0,1,1,0,25,207,255,251,242,0,0,0,0,0,0,0,0,0,0,0,2,0,5,5,4,4,49,227,251,248,251,249,251,254,255,255,68,0,0,3,0,1,0,0,0,4,0,0,0,0,2,0,5,70,255,255,255,255,253,253,255,254,253,255,146,27,5,0,1,0,3,0,0,0,1,0,0,0,0,1,46,227,254,252,249,252,254,252,252,254,251,255,252,247,81,3,0,4,0,0,0,1,1,0,3,0,0,0,153,253,253,255,255,255,255,255,235,100,168,221,252,255,241,152,12,2,5,0,0,1,1,3,1,0,0,1,153,255,255,255,255,253,255,181,40,0,1,23,114,222,252,255,172,11,0,0,0,0,0,0,0,1,0,2,153,255,251,255,255,252,86,14,0,2,0,0,3,22,56,181,255,79,1,0,0,1,4,0,0,0,0,0,32,215,253,255,146,22,2,2,0,2,0,2,1,0,0,36,136,80,2,3,0,0,0,0,0,0,1,1,3,0,0,4,2,0,0,2,0,0,1,2,0,3,0,0,0,1,0,0,1,1,0,0,1,3,0,0,1,2,0,0,0,1,1,0,0,4,3,2,2,2,0,0,0,2,0,0,4,3,1,2,1,4,1,0,1,0,0,0,0,0,0,0,2,0,0,1,2,0,0,0,2,0,2,0,1,1,0,3,2,0,0,0,1,7,0,0,0,0,0,0,0,1,4,3,1,0,0,0,2,2,0,0,0,0,0,0,0,1,5,0,6,0,0,0,0,1,0,5,0,0,0,1,0,2,3,2,0,0,1,0,0,0
1,0,0,0,1,0,0,2,1,0,0,3,1,0,0,0,5,0,1,1,0,2,0,2,1,3,2,1,1,0,0,1,4,0,0,0,0,0,1,0,1,2,0,0,0,2,0,0,2,0,2,0,2,3,1,1,0,0,0,1,1,0,2,0,1,5,3,1,4,0,0,5,3,2,2,0,0,0,1,0,2,0,0,1,0,1,1,0,0,2,4,2,0,1,0,1,0,0,0,2,0,0,1,0,0,4,3,0,0,0,0,0,4,0,0,2,0,0,0,3,0,0,2,0,1,4,0,0,0,2,0,2,0,0,1,0,1,0,0,3,2,0,0,0,1,2,0,0,3,0,0,0,1,3,7,0,1,0,2,0,0,0,2,2,0,0,0,2,0,1,0,0,0,1,3,0,1,1,0,2,0,2,0,1,2,0,0,0,1,5,0,1,0,1,1,1,1,0,0,0,5,1,0,0,88,185,64,38,31,0,15,2,21,1,0,0,0,0,0,0,0,0,0,0,3,3,3,0,2,0,0,0,199,253,255,252,238,180,217,184,217,185,185,30,1,2,0,0,1,2,0,2,1,2,2,0,0,0,0,1,117,252,210,240,229,182,252,250,245,253,255,142,0,1,2,0,1,0,0,0,0,0,2,0,0,0,0,0,181,255,59,0,1,1,0,1,2,240,252,148,0,2,1,0,0,1,2,0,1,0,3,1,0,0,0,60,249,181,14,0,2,2,0,0,77,249,253,68,0,0,0,0,4,0,0,2,1,0,0,2,0,2,20,215,249,51,0,1,3,0,0,0,94,254,254,42,2,0,0,1,1,0,0,3,0,0,0,2,0,4,90,254,178,0,2,1,0,1,0,0,117,255,244,34,0,1,0,2,0,1,0,0,0,0,1,0,2,0,5,95,41,3,2,0,0,0,4,0,210,253,189,0,1,0,0,4,2,0,1,2,1,4,0,0,4,3,2,0,3,0,1,4,3,2,2,0,206,253,183,0,0,2,0,1,0,0,0,2,2,0,0,0,2,1,0,1,0,0,4,0,0,0,0,0,208,255,77,0,3,0,3,1,0,5,0,0,0,0,4,1,2,1,0,2,1,4,0,3,2,2,1,0,204,254,81,3,0,0,0,0,0,1,0,0,0,0,3,2,0,0,1,0,1,0,3,3,1,0,0,0,206,254,78,3,0,0,0,0,0,0,0,0,3,4,0,2,2,0,0,1,6,0,5,0,2,0,0,14,217,246,59,0,2,0,0,0,2,1,0,2,0,0,1,1,1,0,0,5,0,0,0,0,2,1,0,59,255,223,4,1,0,2,0,0,1,2,3,0,0,0,0,0,3,2,2,0,0,0,0,4,0,3,1,165,255,230,1,5,0,3,1,0,0,0,3,0,2,0,0,0,0,0,0,0,2,2,0,0,0,0,1,171,255,227,1,0,0,0,0,0,0,0,4,3,0,0,0,1,0,4,0,0,0,3,1,1,0,0,0,168,255,227,1,0,0,0,3,0,1,3,0,0,5,0,2,0,1,1,2,0,0,0,0,1,4,2,17,215,253,167,1,0,0,0,1,0,0,1,0,0,0,0,0,1,1,3,3,2,1,1,0,2,0,0,19,255,255,120,3,0,0,2,0,0,0,3,0,0,4,3,0,4,5,5,0,0,0,0,1,1,0,0,4,181,213,23,3,0,0,1,0,0,0,0,0,0,3,0,0,0,0,0,2,0,0,0,1,2,0,0,0,0,0,0,5,0,0,0,0,0,0,2,1,0
0,3,1,2,2,0,3,1,1,1,0,2,1,0,2,0,0,5,3,4,1,0,5,0,0,0,0,0,0,4,3,0,4,0,1,0,4,2,0,2,3,0,3,0,3,0,2,2,0,0,0,1,0,2,0,3,1,5,0,0,1,1,0,0,0,5,3,2,1,3,4,1,0,0,0,1,0,0,0,0,0,1,0,1,0,1,0,2,2,0,0,0,1,0,0,1,0,0,1,3,1,0,1,4,0,0,0,0,0,0,1,4,4,0,0,0,0,0,2,0,3,0,0,1,0,0,0,1,0,0,0,0,0,0,0,0,2,1,0,0,0,2,5,2,1,0,0,0,3,3,0,5,3,2,0,0,3,76,0,96,183,176,96,15,2,0,0,2,2,0,0,0,1,1,1,0,0,1,2,0,2,14,109,198,235,94,2,211,248,254,255,122,0,0,0,2,2,0,1,0,3,0,5,3,2,3,16,48,106,197,251,184,22,0,0,80,245,253,247,93,1,1,4,2,3,0,0,2,2,0,2,0,17,85,230,255,253,227,86,2,0,0,120,255,255,182,56,0,1,2,4,0,0,3,1,0,0,0,0,0,134,253,251,214,116,2,0,0,62,203,254,241,132,7,3,0,1,0,0,0,0,0,0,0,0,0,7,107,242,254,217,48,0,1,0,61,247,255,222,31,2,0,0,2,2,0,0,0,0,3,0,0,0,0,42,247,251,211,48,0,0,1,34,236,255,221,26,4,0,3,2,0,0,0,0,1,0,0,5,0,0,2,96,255,255,56,3,0,2,19,198,250,217,29,0,0,0,1,0,0,0,2,2,0,0,0,0,3,0,1,25,221,251,235,143,42,44,201,255,200,10,0,2,2,3,1,0,0,0,0,0,0,0,0,0,0,0,0,2,115,249,254,255,238,230,255,219,24,3,1,0,0,1,0,0,0,5,1,1,1,2,0,6,0,0,0,0,4,35,80,169,247,255,254,255,208,115,9,2,0,0,0,1,0,2,4,0,0,5,1,3,0,0,0,0,0,4,1,14,233,252,230,163,240,245,216,81,1,3,0,3,0,0,0,0,1,2,0,0,0,0,2,0,1,0,0,99,253,255,98,3,0,42,222,255,130,9,0,3,1,0,0,0,0,1,0,0,0,5,4,2,0,0,0,72,253,229,11,2,0,1,2,173,255,50,5,2,0,0,0,2,4,0,0,0,1,3,0,0,0,0,0,99,254,254,17,0,3,0,4,77,255,197,3,3,3,1,0,2,0,0,0,2,0,3,0,1,0,0,2,80,255,250,20,0,2,2,0,128,255,122,0,0,5,0,0,2,0,0,0,0,5,0,0,0,0,0,4,3,214,255,82,3,0,0,0,181,241,63,0,0,0,0,2,0,0,0,6,0,0,0,0,0,0,4,6,0,60,253,228,24,1,0,126,255,175,0,0,2,0,0,0,1,0,0,0,1,3,1,2,0,0,3,0,1,1,88,239,224,119,173,252,218,27,0,1,3,0,2,0,2,1,0,0,0,0,0,0,0,1,1,2,0,2,0,16,150,196,201,96,29,4,1,1,0,0,0,0,0,1,6,1,0,0,0,0,0,1,0,1,6,0,0,0,0,0,1,0,1,0,0,0,0,0,0,0,0,0,3,0,0,1,4,0,3,0,4,0,0,0,2,1,1,1,0,3,1,0,5,0,0,0,0,1,5,0,0,0,1,1,0,0,0,0,4,1,0,0,0,0,0,0,0,0,0,0,0,0,1,3,0,0,0,0
0,1,0,2,0,4,4,3,0,0,0,0,1,0,3,0,0,0,0,4,3,3,0,0,1,0,4,0,0,0,0,0,0,0,2,0,3,0,0,0,1,5,5,0,0,0,2,0,0,0,0,1,3,0,4,0,1,1,0,2,3,0,0,2,4,2,1,2,0,0,2,0,0,3,0,0,0,1,1,6,4,3,2,0,5,0,0,0,0,0,0,0,0,1,0,1,3,0,3,3,1,0,0,1,3,0,2,0,0,1,3,0,0,0,0,0,0,1,1,2,0,0,3,0,0,1,0,0,2,4,1,0,0,0,6,0,0,6,0,1,5,0,1,2,0,1,0,1,10,1,1,0,3,1,0,0,0,0,66,254,215,27,1,1,0,0,2,2,4,0,1,0,0,3,0,56,227,37,2,1,0,2,0,4,0,3,188,250,247,161,4,0,0,6,0,0,0,2,0,1,3,3,8,185,252,180,28,2,0,0,0,0,3,48,255,249,252,251,24,1,0,2,1,1,1,0,0,0,0,0,38,250,248,249,127,0,0,0,2,2,0,73,253,255,251,188,8,2,0,0,0,0,0,0,0,0,0,0,37,250,253,251,162,0,0,0,0,0,2,166,255,254,233,63,0,4,0,0,0,0,3,0,1,1,0,0,73,255,254,252,167,0,0,1,0,2,11,196,252,254,166,0,0,0,2,0,1,0,0,1,2,0,3,1,157,251,253,255,167,1,0,39,52,135,170,255,255,252,168,0,0,0,0,0,0,0,0,0,3,0,0,0,155,252,252,252,198,145,158,235,239,250,254,251,255,251,122,0,0,0,4,1,1,0,0,0,0,2,1,0,163,251,250,255,252,249,250,255,255,252,253,254,255,189,5,2,0,0,2,0,2,0,0,0,0,0,2,0,157,255,252,253,255,252,251,254,254,248,253,253,252,177,2,0,0,1,2,0,0,1,0,2,4,0,0,24,245,255,255,255,252,251,252,255,249,249,252,255,252,118,0,3,3,2,2,3,1,0,0,0,0,0,5,1,80,235,254,252,250,252,232,171,54,143,250,252,249,71,21,3,0,0,0,0,0,2,2,0,0,3,2,0,1,16,188,214,177,99,14,0,2,67,252,247,251,228,224,28,0,0,0,0,0,0,1,0,1,1,3,0,0,2,0,0,0,1,5,2,3,25,255,255,255,252,144,0,0,4,0,0,0,4,0,0,0,2,3,0,0,3,0,1,0,0,0,0,0,115,255,253,251,175,11,0,0,0,4,0,1,5,0,0,2,0,3,3,0,0,2,2,0,0,3,0,10,230,250,250,236,44,0,1,0,0,0,5,1,0,4,4,0,3,0,2,2,1,0,0,0,2,2,0,54,252,255,251,154,0,0,0,0,3,3,0,0,1,0,0,0,2,0,2,1,3,0,3,1,3,4,0,84,253,247,211,7,3,1,1,0,2,2,0,0,0,3,0,0,0,2,0,0,0,2,2,3,0,0,0,13,248,251,204,0,0,2,0,0,0,0,0,0,0,2,1,2,0,0,0,0,2,0,0,0,5,1,0,12,198,254,151,3,0,0,1,1,1,1,0,0,1,0,0,1,1,2,2,2,3,3,0,0,0,0,3,4,1,0,1,1,1,2,0,3,4,3,0,0,0,0,4,0,0,3,0,0,2,0,0,0,0,0,0,1,0,0,0,0,0,2,0,4,0,0,0,1,0,1,0,0,0,3,0,0,3,0,1,0,1,2,2,2,0,0,0,2,3,2,1,0,0,0,0,0,0
0,0,3,0,0,1,0,2,0,0,0,0,2,0,1,1,0,4,0,0,6,0,0,2,2,0,0,0,0,0,0,0,0,2,1,0,1,0,0,1,2,0,2,1,0,0,0,0,3,0,0,0,1,3,2,2,0,0,3,0,4,2,0,0,0,2,0,0,3,1,2,1,3,0,1,0,2,0,1,1,3,0,8,0,2,4,0,1,0,0,1,3,0,0,1,0,2,0,0,0,2,1,0,2,3,0,0,0,2,0,0,0,0,0,0,6,0,0,0,0,2,2,0,1,2,3,0,0,0,4,0,1,0,0,0,2,1,6,0,0,0,1,0,0,0,0,0,0,0,0,3,3,1,1,0,0,2,4,0,0,0,0,0,0,3,0,0,2,2,3,2,0,3,0,0,0,0,0,0,0,0,0,1,1,0,1,1,1,0,4,1,2,0,0,1,0,1,2,1,0,0,0,2,39,126,173,153,255,175,193,103,104,16,65,104,16,1,0,0,1,0,0,1,0,3,0,0,0,0,0,0,94,255,252,252,253,252,253,255,249,205,236,251,169,19,0,0,0,4,0,0,2,0,0,0,0,0,1,0,93,253,252,254,250,253,254,254,251,251,251,255,254,90,3,2,0,0,0,0,0,1,0,0,0,2,0,1,0,31,215,162,170,249,197,255,254,254,255,254,255,89,4,0,2,0,2,0,1,2,0,0,3,0,0,0,1,1,38,8,6,59,18,61,156,251,255,250,204,23,0,0,0,4,2,4,0,0,2,3,0,1,0,0,0,6,0,0,0,4,0,1,124,251,252,252,190,0,0,0,0,3,0,0,0,0,2,0,0,0,0,1,2,0,0,1,0,0,0,17,247,255,254,218,31,0,0,0,1,0,2,2,2,3,0,3,2,0,0,0,0,0,2,0,0,3,0,139,252,255,255,139,1,0,0,1,0,0,0,0,0,2,0,0,0,0,0,0,0,1,0,0,4,0,42,210,250,255,246,67,2,0,0,1,0,3,2,0,0,1,1,0,5,0,0,0,0,0,0,1,2,0,220,254,255,253,96,0,2,1,0,5,0,4,0,1,0,0,0,0,0,1,0,1,4,0,0,1,2,109,245,255,254,207,25,0,0,3,0,1,0,0,0,0,0,3,0,3,2,6,0,2,1,0,4,4,102,252,251,252,255,108,0,0,0,1,2,1,0,0,0,0,0,0,0,1,0,0,1,0,0,0,1,0,189,251,255,253,110,1,3,0,3,0,2,0,2,0,2,0,0,0,0,0,2,0,0,2,0,1,0,2,182,252,251,230,2,1,0,1,0,0,3,1,2,1,0,1,0,1,0,0,1,2,0,2,3,0,0,0,188,253,254,231,3,2,0,0,2,0,0,3,0,1,0,0,0,0,0,0,0,0,0,1,2,2,0,77,243,250,255,193,2,0,1,1,2,3,3,1,0,1,0,0,2,0,0,2,0,0,0,3,1,0,0,92,251,255,251,75,4,3,0,0,0,1,0,0,2,0,2,3,0,0,2,0,4,0,0,0,0,4,4,175,252,250,173,0,2,0,1,1,4,4,0,0,0,0,3,0,0,1,2,0,1,3,0,2,0,2,0,66,238,253,47,3,0,0,4,0,0,0,0,0,4,0,1,0,5,3,2,2,0,1,0,0,0,1,1,2,182,253,21,2,1,0,0,0,1,3,0,2,4,0,0,0,0,1,0,3,1,1,0,0,0,2,2,0,0,0,0,0,0,0,0,1,0,0,3,0,0,0,0,3,0
1,1,0,1,0,0,3,2,0,1,0,0,0,0,0,0,3,2,0,0,3,0,2,0,2,1,0,1,0,0,5,2,1,0,1,1,1,0,0,2,2,0,4,0,0,0,0,0,0,6,0,1,0,0,0,0,0,0,1,0,0,0,0,0,2,2,1,0,1,0,1,1,0,0,0,0,0,0,4,1,1,0,0,0,0,0,0,0,0,1,0,1,0,0,3,0,0,0,1,3,3,1,1,0,0,3,0,1,0,0,0,1,0,0,4,1,2,0,4,2,1,0,2,0,1,4,0,1,0,0,0,0,0,0,2,0,1,0,2,0,1,0,0,4,4,0,68,154,247,247,247,255,254,252,168,20,2,0,0,3,0,0,0,0,1,2,2,0,0,0,0,1,0,113,236,250,251,248,255,253,251,253,255,104,0,0,0,0,1,1,0,0,0,2,3,0,3,4,0,0,2,132,228,234,155,39,21,22,41,253,251,103,5,0,3,2,0,3,6,0,1,3,0,3,2,2,2,0,0,5,0,2,0,0,0,3,47,252,251,103,0,1,0,0,5,3,0,1,1,0,0,1,0,2,0,0,0,0,0,1,0,0,2,34,219,255,207,19,0,0,2,0,0,0,0,0,1,0,0,2,0,3,1,0,0,1,1,2,1,0,24,159,254,244,37,1,2,2,3,2,0,1,1,4,0,0,0,0,0,1,0,0,0,0,0,1,2,37,180,254,249,243,103,37,1,0,0,2,0,0,0,0,3,0,0,0,0,0,0,3,1,0,0,19,126,223,253,250,254,255,251,241,153,20,0,1,0,0,2,3,0,0,1,0,2,2,0,1,0,1,0,156,251,253,213,152,86,156,212,253,253,204,18,0,0,0,5,41,12,4,0,0,4,0,4,0,0,1,0,103,251,162,20,0,0,2,16,123,252,249,229,36,0,0,106,143,7,2,3,3,3,1,2,1,0,0,0,0,1,0,3,0,1,0,0,1,37,226,255,120,105,229,223,34,2,2,2,0,1,2,3,0,4,0,0,2,0,0,0,1,1,0,0,0,0,89,255,251,254,187,30,2,0,0,0,0,0,3,2,0,0,0,1,1,0,3,0,3,3,0,0,0,11,84,250,255,159,21,0,0,2,0,3,0,0,0,0,0,1,0,0,0,0,0,0,0,0,0,0,57,192,250,250,253,105,0,0,1,1,0,1,0,2,2,2,0,0,1,2,0,0,1,3,4,2,0,88,239,255,254,252,253,23,0,0,0,0,1,2,0,3,2,1,0,3,0,0,0,0,0,2,0,6,69,234,209,75,247,252,195,0,0,7,0,0,2,0,2,3,0,0,0,0,3,1,3,1,0,0,2,101,255,217,40,186,249,251,72,2,0,1,1,5,3,0,0,1,0,0,4,4,3,0,1,2,1,2,42,234,255,111,193,252,250,133,4,0,0,0,0,0,0,8,1,0,1,0,0,2,2,0,4,0,0,1,87,249,248,250,255,250,137,2,0,0,0,0,0,0,0,0,0,0,5,0,2,0,0,0,1,3,2,0,84,250,255,251,189,111,5,1,0,0,2,4,0,1,2,0,0,3,2,1,0,0,1,0,0,0,5,2,2,0,0,5,0,2,0,0,0,0,1,0,3,0,1,0,1,0,1,0,2,3,0,3,0,1,1,0,2,0,0,4,0,0,1,0,0,1,0,0,2,1,3,3,0,0,0,0,0,0,1,0,0,0,0,0,3,0,1,4,0,0,0,0,2,1,0,7,1,1,0,0,0
2,1,2,1,3,3,2,4,1,0,2,0,3,0,0,2,3,0,0,0,0,2,0,1,2,1,0,1,0,0,0,0,0,0,2,0,0,0,0,0,0,0,0,0,1,0,0,0,0,1,1,0,0,0,0,0,0,3,2,1,0,2,1,2,0,0,0,48,175,255,94,7,0,0,1,3,1,0,1,5,2,1,2,0,0,0,0,0,0,9,1,0,1,0,5,194,255,252,250,11,0,4,2,0,1,1,0,0,0,2,3,0,0,0,0,1,0,0,0,0,0,1,80,253,205,96,207,13,0,2,0,1,1,0,0,1,4,2,0,0,3,2,0,1,0,3,0,1,0,30,227,254,169,0,0,0,0,3,2,4,0,0,0,0,0,0,1,0,0,0,0,2,0,0,2,0,0,77,254,234,70,0,2,0,1,0,0,0,0,1,1,0,0,0,1,0,2,4,0,0,0,0,0,2,0,171,255,144,0,0,0,1,0,3,0,1,0,2,2,2,0,0,2,0,1,3,0,0,1,1,4,0,33,236,248,62,0,1,0,1,1,0,2,0,0,0,1,2,0,0,1,1,5,0,3,0,2,0,0,0,35,252,250,57,4,0,0,3,0,0,0,4,0,0,0,0,2,0,2,5,0,0,0,2,2,0,0,0,145,251,252,58,1,0,0,0,0,2,2,1,1,0,1,7,1,0,5,3,5,3,0,0,0,0,0,0,158,255,253,61,0,0,0,1,3,5,73,200,158,31,1,0,0,0,0,0,3,1,0,2,0,2,0,0,157,255,253,61,0,1,4,2,1,84,209,252,252,220,31,0,2,0,4,0,0,0,0,5,0,0,0,2,158,252,253,61,0,0,0,3,80,253,252,250,252,250,217,24,2,5,1,0,0,2,0,1,0,0,0,1,139,255,255,59,1,0,3,19,209,250,229,133,97,216,254,112,0,0,3,0,4,0,0,0,0,0,0,0,35,250,254,60,0,2,4,139,250,214,36,2,0,194,255,154,2,4,0,1,0,2,3,1,0,1,2,0,32,234,251,89,1,0,166,249,247,30,3,6,0,196,255,129,3,1,2,0,0,0,1,0,0,1,0,0,0,136,253,236,72,31,236,253,118,1,0,18,104,238,192,7,1,0,3,0,0,1,0,1,0,3,1,0,0,32,230,252,238,227,255,253,3,4,53,177,251,255,125,0,2,3,1,0,0,0,0,0,0,0,1,0,1,0,57,230,255,255,251,254,214,166,242,252,250,143,5,0,0,3,1,0,0,0,0,2,0,0,0,0,0,0,0,112,234,253,245,249,254,250,253,230,116,7,0,2,0,2,0,3,0,2,3,3,2,0,4,0,0,0,4,0,10,119,130,248,254,244,136,47,2,0,2,1,0,0,0,0,0,0,2,3,0,6,4,0,1,3,3,1,0,0,0,0,3,0,0,4,0,6,0,0,0,3,0,0,0,0,0,0,3,0,3,0,4,1,3,0,0,0,0,0,0,0,0,0,1,0,0,0,3,0,7,0,0,0,0,0,0,0,0,0,2,0,0,0,0,0,0,4,0,0,1,0,0,0,0,0,0,1,0,0,2,2,0,0,1,0,0,2,2,2,0,0,0,0,0,0,0,1,0,0,4,0,0,0,0,0,1,0,1,1,1,0,0,3,0,0,0,0,0,0,1,0,0,0,3,0,0,4,0,0,2,3,0,0,0,3,1,3,0,1,0,5,2,0,4,0,4,3,3,0,4,4,0,0,2,1,1,0,3,0,0,0,3,0
0,0,0,0,0,5,0,0,0,0,2,2,0,1,0,0,3,0,0,0,5,4,0,0,4,1,1,4,0,0,2,2,1,1,0,0,1,0,0,1,7,3,3,0,0,0,0,1,1,5,0,0,2,1,3,0,4,0,1,1,1,6,1,1,0,0,1,3,0,0,0,3,1,0,0,7,2,0,0,0,5,2,3,0,0,0,0,0,0,0,0,0,0,0,0,0,0,0,0,1,1,0,0,0,1,5,3,0,0,1,0,1,2,0,1,0,0,4,1,0,0,0,1,2,0,0,0,3,120,255,215,0,0,0,3,0,1,0,0,0,1,0,0,0,3,0,4,0,1,0,0,0,0,1,3,1,117,250,211,0,0,0,0,3,0,0,1,0,0,0,0,1,0,1,0,0,0,3,0,4,2,0,3,1,122,251,209,0,3,0,0,2,2,1,0,1,5,2,3,0,0,0,3,0,0,3,3,0,2,4,5,9,137,254,213,0,3,0,0,0,0,0,1,4,3,1,1,2,0,0,2,0,2,0,6,1,0,5,0,132,254,252,214,3,1,0,0,0,0,3,0,3,0,0,0,3,0,1,0,0,0,1,4,1,0,0,2,255,252,253,91,0,0,0,2,1,5,3,3,0,0,2,0,0,0,1,0,1,5,0,2,3,0,0,165,255,249,108,0,0,1,1,3,0,0,0,0,3,0,0,3,0,0,0,1,1,0,0,0,0,0,41,212,254,217,56,0,0,1,4,0,0,0,3,0,0,1,4,1,0,0,0,1,1,0,0,1,0,42,193,249,255,140,1,5,0,1,4,0,0,0,0,0,2,1,0,0,1,0,0,0,0,0,3,2,1,80,255,254,253,131,2,0,1,0,0,1,2,0,2,0,1,3,3,2,0,0,0,6,4,0,0,0,19,255,255,255,242,106,1,1,0,1,2,4,0,0,2,0,0,2,0,0,2,2,0,2,0,2,0,0,11,169,249,250,224,60,1,2,0,0,0,0,2,2,0,1,0,2,0,0,3,0,0,3,2,5,2,1,0,79,254,255,251,133,1,0,0,0,0,0,0,0,1,0,4,2,0,1,0,1,2,0,5,3,0,0,21,241,255,253,196,11,0,0,0,2,1,2,0,0,0,2,2,0,1,0,1,0,0,1,0,0,2,0,95,254,247,254,122,0,2,1,2,0,2,1,1,0,0,1,0,3,0,0,0,0,0,0,0,0,0,0,215,252,255,253,0,0,0,0,0,0,2,2,0,4,0,0,0,1,0,0,0,0,0,0,2,3,0,130,245,255,255,239,0,3,0,2,3,3,2,1,0,1,0,0,0,4,1,1,3,6,2,0,0,0,1,154,252,252,255,53,0,0,0,0,4,2,0,2,0,0,1,0,0,0,0,0,0,0,0,3,2,0,1,159,253,254,255,53,0,0,0,0,0,3,0,1,1,2,2,0,0,0,0,0,0,0,3,0,5,0,0,40,75,191,62,11,2,0,0,2,3,0,0,1,2,0,0,0,3,1,0,0,0,0,0,0,3,0,0,3,4,0,0,0,0,3,1,0,0,1,1,0,0,0,0,2,0,0,0,0,4,2,0,0,0,0,2,6,0,1,0,0,2,0,0,3,0,0,2,0,0,0,0,3,0,1,1,0,0,1,1,3,0,3,0,1,0,1,0,1,1,2,0,4,0,0,0,0,0,2,0,2,0,0,2,0,0,3,3,0,0,1,1,1,3,0,1,0,4,0,2,1,2,3,0,0,1,0,3,3,0
2,0,0,1,0,0,2,0,0,1,0,0,4,0,1,0,3,0,0,1,0,0,2,0,1,2,0,0,2,0,0,0,0,0,1,0,0,1,0,0,0,0,0,2,1,3,0,0,0,1,0,0,0,0,0,0,0,0,0,0,0,0,0,0,1,0,0,2,0,0,0,0,2,2,0,1,3,0,1,0,4,0,0,0,2,2,6,0,1,4,0,7,2,0,2,0,0,0,0,0,3,0,2,0,0,0,0,1,0,0,0,0,2,2,0,0,2,0,0,0,3,0,2,3,2,1,1,4,0,0,0,0,0,0,0,0,0,0,2,2,5,1,0,0,1,0,1,3,0,0,1,0,22,114,195,253,254,255,160,18,1,0,0,1,0,2,2,0,1,0,0,0,0,0,0,4,1,3,0,61,201,252,251,251,249,250,255,157,2,0,0,1,1,1,1,0,0,0,0,0,0,2,0,1,1,8,137,248,255,244,146,69,40,119,246,253,21,0,6,0,2,0,0,1,3,0,2,0,2,0,0,0,0,106,253,242,159,30,0,0,3,115,249,249,17,0,0,0,1,2,0,2,0,0,3,0,1,3,2,1,0,21,143,37,0,0,0,1,45,253,254,104,0,0,3,0,2,0,2,1,0,4,2,3,0,1,0,0,0,0,3,0,0,6,110,152,238,254,219,8,0,1,0,1,2,1,3,0,1,1,0,0,1,0,0,2,0,0,4,0,5,85,253,252,255,232,50,0,3,1,0,1,5,0,0,1,0,2,0,2,3,0,5,1,0,1,1,149,239,250,253,251,255,251,100,1,2,2,0,0,0,0,0,1,0,3,0,4,0,4,2,0,0,2,0,241,250,248,253,179,249,250,248,99,0,0,1,1,3,0,0,0,0,0,0,2,0,0,0,1,0,0,0,5,41,6,2,0,49,188,250,255,80,3,0,3,2,4,4,2,0,3,2,0,0,0,0,4,2,0,0,0,6,0,0,3,0,18,227,255,120,0,1,0,0,0,4,0,0,0,2,1,1,1,0,0,2,0,2,1,0,1,1,0,0,0,124,255,216,0,2,0,1,3,1,0,0,3,0,0,2,2,0,1,0,0,1,0,1,1,2,1,0,2,133,255,210,0,0,2,4,0,1,0,0,0,0,2,2,1,3,111,91,0,0,0,0,2,3,3,0,0,227,255,118,0,1,0,0,4,0,1,0,1,0,0,0,0,31,238,170,0,0,0,0,0,1,1,3,119,249,255,68,1,3,0,0,0,0,1,0,0,1,0,0,0,68,255,179,0,2,0,0,0,0,0,46,252,251,168,1,0,1,0,2,0,0,0,0,3,0,0,0,2,34,233,179,5,0,0,0,1,15,156,244,254,203,2,0,0,1,0,3,0,0,3,0,0,2,4,0,0,0,221,235,140,86,94,93,148,212,249,249,164,18,1,3,2,0,1,2,0,0,0,0,1,0,3,1,0,0,163,251,250,253,251,255,251,237,143,24,0,0,0,0,0,2,3,3,0,0,3,0,0,0,0,0,1,0,27,125,165,255,202,153,132,31,0,0,2,0,1,0,1,2,0,3,0,3,1,1,0,0,0,0,4,0,0,0,0,0,0,1,0,0,0,0,0,0,0,0,0,0,0,0,1,2,0,4,0,0,1,3,0,0,2,0,0,0,0,0,0,3,0,2,2,2,1,2,2,0,2,0,1,2,0,1,1,0,0,0,0,0,0,0,0,0,2,0,0,1,3,1,2,0,0,0,2,0,0,1,0,2,0
0,2,0,4,2,4,1,0,1,2,0,1,2,0,0,1,0,0,2,0,0,5,0,2,0,0,1,0,0,0,0,0,0,0,0,4,0,1,0,1,3,1,0,2,3,0,1,0,3,1,0,2,0,1,2,0,2,1,0,0,1,0,0,3,5,5,0,0,0,0,1,16,143,226,76,0,0,0,0,0,5,0,1,6,0,2,3,3,1,2,0,0,4,0,0,0,0,0,0,184,255,253,114,2,0,0,1,1,0,0,0,1,2,0,0,0,5,1,0,1,3,3,0,0,0,0,98,254,172,116,34,0,0,2,0,2,2,0,0,6,0,0,0,2,3,2,1,0,0,0,4,0,0,55,248,244,42,4,3,0,2,0,0,0,5,0,2,0,0,1,2,0,2,1,0,0,4,1,0,0,32,217,255,48,2,0,0,0,1,3,0,1,0,3,0,6,0,0,2,0,0,0,0,0,2,0,0,5,116,255,171,1,0,1,0,4,2,1,0,0,3,1,0,0,4,1,0,1,1,0,0,3,3,3,1,104,255,212,8,0,0,2,0,1,0,0,0,2,0,2,2,1,0,0,0,0,0,4,4,0,0,0,22,196,225,46,0,4,0,0,0,0,0,0,1,2,0,0,0,0,0,3,0,2,2,0,6,0,1,0,145,249,171,1,0,0,6,0,0,3,0,0,3,0,0,0,0,0,0,0,0,0,0,0,0,1,1,1,194,254,101,1,0,1,4,2,0,0,2,0,0,0,0,0,0,0,2,4,0,2,0,0,0,0,0,22,255,169,0,0,2,0,53,97,62,16,0,2,0,2,1,0,0,0,0,1,4,2,0,2,0,4,2,181,251,138,2,0,56,213,244,255,255,188,2,0,4,0,2,0,0,3,0,2,0,2,2,2,2,4,0,192,255,132,0,90,231,251,215,107,172,254,69,0,0,0,0,0,0,0,0,2,0,0,0,0,0,0,0,198,252,134,89,248,249,153,26,1,129,253,173,3,0,1,0,1,0,4,2,0,0,1,0,0,3,0,1,198,255,150,234,236,119,0,1,2,135,252,98,3,3,0,0,0,1,0,0,0,0,0,0,1,4,0,1,98,254,255,255,153,0,3,0,0,136,252,23,4,0,0,0,0,3,0,0,1,2,3,0,0,3,1,0,16,209,254,254,129,3,13,21,19,184,246,52,3,0,0,2,0,1,0,0,1,0,0,1,0,3,1,0,0,127,250,251,242,177,222,251,255,251,125,0,1,6,0,0,0,0,3,1,1,6,0,0,4,7,0,0,0,4,108,240,253,254,255,251,253,215,6,0,1,2,6,1,1,2,0,0,5,0,1,0,1,1,1,1,0,3,0,42,164,251,255,252,219,96,2,2,0,0,0,3,0,3,0,1,1,1,1,0,3,0,2,0,0,0,0,0,3,0,0,0,0,0,1,5,0,0,0,2,0,2,0,1,0,1,0,0,3,0,0,0,0,0,0,0,1,0,0,4,2,0,0,0,5,1,0,0,1,6,0,0,0,3,0,0,0,0,0,0,1,6,0,2,0,0,2,0,4,0,1,1,0,0,3,0,0,4,0,0,0,1,2,0,2,2,0,1,0,0,2,0,1,0,2,0,0,5,0,0,0,1,1,0,3,3,0,1,0,0,0,0,0,3,2,4,2,1,0,1,0,0,0,1,0,1,0,0,0,3,1,2,0,1,1,1,0,0,2,0,0,1,0,1,0,0,4,6,0,2,2,0,0,0,1,1,2,2,0,1,1,0,1
4,0,0,3,4,3,2,3,0,0,3,5,0,1,0,3,3,3,0,0,3,0,0,0,1,0,2,0,3,0,0,1,0,2,0,2,5,1,0,0,0,3,1,0,5,0,4,0,0,1,0,0,0,0,2,1,0,1,0,0,2,2,0,0,2,0,4,0,0,2,3,0,5,1,5,3,2,0,2,0,0,0,3,0,4,3,0,0,0,1,0,4,0,3,0,4,1,0,1,1,2,0,0,0,0,1,0,0,0,2,4,0,6,0,0,0,0,0,2,2,0,0,0,2,0,0,1,0,0,0,0,1,0,3,0,0,0,0,4,1,4,0,2,0,0,4,2,4,2,0,0,0,1,1,0,0,2,0,4,1,0,1,0,0,0,0,5,0,0,2,0,0,4,2,1,1,5,2,0,0,2,0,6,119,242,221,247,60,2,33,120,0,2,1,1,0,2,1,2,0,1,0,0,0,3,2,2,2,0,1,150,193,95,9,158,23,20,220,232,18,1,0,3,2,2,1,0,0,1,3,0,1,1,1,0,0,16,174,147,54,0,0,57,3,198,228,45,0,0,0,1,1,0,0,2,1,1,2,0,2,0,0,0,0,85,203,23,0,1,0,1,67,199,76,0,1,0,2,0,0,0,1,0,0,0,0,2,2,1,0,3,0,127,145,5,0,3,2,43,243,229,51,0,0,0,0,2,2,3,1,0,0,0,0,4,2,1,0,0,143,205,5,3,0,0,0,147,255,86,2,0,0,2,0,1,0,1,3,2,4,2,1,1,5,1,3,90,229,13,2,0,0,17,154,255,138,3,0,1,0,0,0,1,0,1,0,3,1,4,2,1,1,3,4,229,99,3,0,4,65,195,219,110,0,0,0,0,0,1,0,0,1,1,3,0,1,2,2,0,4,1,49,229,16,28,62,149,252,253,81,0,0,0,2,0,0,0,0,3,0,1,0,0,0,0,2,0,0,0,44,247,204,251,225,204,244,200,0,1,0,2,0,0,0,0,1,1,2,1,0,0,0,4,0,0,0,0,0,106,196,126,17,138,248,139,0,1,0,0,0,0,1,1,0,2,0,3,0,0,0,1,0,0,1,2,0,6,0,2,108,255,201,2,0,1,2,0,0,0,0,0,0,0,0,0,0,4,0,2,1,1,0,0,0,0,0,31,251,239,24,2,0,0,0,1,0,0,0,0,0,0,0,2,5,4,0,0,0,0,3,3,0,0,3,221,207,29,1,0,0,0,0,0,0,0,0,0,0,0,0,2,0,0,2,6,0,0,0,0,1,2,114,248,3,0,0,0,1,0,6,0,0,2,1,0,1,0,0,0,0,2,0,4,0,0,0,1,1,64,247,123,1,0,1,1,0,2,0,0,1,1,2,4,3,3,0,0,0,0,0,0,3,3,1,0,98,232,161,5,0,0,2,0,0,0,0,0,2,0,0,1,4,0,2,2,2,0,0,0,1,0,0,0,208,220,6,1,0,2,0,3,3,2,0,2,0,1,1,0,0,0,0,2,0,1,0,0,0,1,0,2,212,128,0,0,4,1,0,0,1,0,0,2,0,2,2,0,2,0,0,2,0,0,5,3,4,0,0,20,86,2,0,1,0,2,0,0,0,1,0,1,2,1,1,1,2,3,0,0,0,1,1,0,0,0,2,5,0,1,2,3,2,3,2,0,0,0,0,0,0,3,0,0,4,0,0,0,2,0,0,3,1,0,0,1,0,0,0,0,0,0,2,2,0,0,5,0,1,5,1,0,1,0,0
0,1,0,0,2,2,5,0,0,1,0,4,0,3,0,3,0,1,0,2,1,2,0,0,1,0,0,0,3,2,0,0,0,0,4,1,2,0,5,4,3,3,3,0,4,4,6,4,1,0,0,0,0,3,0,3,0,1,2,0,0,0,0,1,0,0,0,1,1,1,1,0,0,0,3,0,0,0,2,0,0,0,0,0,1,2,0,0,0,0,0,0,3,7,0,0,0,3,0,3,0,0,0,1,0,0,2,1,2,2,1,0,0,1,2,4,1,0,0,0,1,0,0,2,0,0,5,0,2,0,0,4,2,0,0,0,0,0,3,0,2,0,4,0,0,1,4,0,0,109,127,123,119,163,158,127,37,7,0,1,1,4,0,3,0,0,2,0,0,2,0,0,0,4,5,2,154,254,255,252,253,252,251,250,250,82,3,0,2,1,2,0,0,0,0,0,0,0,1,0,0,3,2,0,171,251,254,255,254,250,255,252,255,248,146,2,1,0,0,3,0,1,1,0,0,3,0,2,0,0,0,0,9,104,255,255,255,255,252,252,255,252,225,1,0,1,0,0,0,1,0,3,1,0,2,0,0,0,0,2,0,10,26,128,181,252,252,254,255,254,219,0,0,3,0,0,3,8,4,0,0,3,0,0,0,0,0,1,0,0,1,187,232,255,254,254,249,252,220,0,3,0,0,1,0,0,0,0,0,2,1,4,0,0,0,4,0,0,118,251,255,255,251,255,255,250,110,0,0,0,0,2,0,0,2,0,0,1,0,0,0,5,1,0,1,2,217,255,252,255,253,254,250,253,134,0,0,0,0,2,0,0,3,1,3,1,0,0,0,0,0,2,0,0,92,244,255,252,254,255,255,254,223,0,0,0,1,0,0,4,0,2,1,1,2,0,0,0,0,0,0,3,0,85,240,252,202,237,255,255,230,26,2,0,6,0,4,2,2,2,0,3,0,1,0,0,0,0,0,2,0,0,52,68,19,155,255,255,253,131,2,0,0,6,0,0,0,0,0,0,2,0,0,0,0,3,0,0,3,1,3,0,0,52,253,255,255,228,0,0,0,0,0,1,0,2,1,1,0,0,1,0,1,3,2,0,0,1,0,0,0,75,252,251,252,139,0,0,0,2,0,0,0,1,0,2,2,0,0,0,0,1,0,0,1,1,1,1,37,234,252,255,255,99,2,0,4,4,2,0,0,0,0,3,0,0,0,0,1,0,0,18,1,0,0,10,149,255,253,254,234,35,4,2,4,0,0,1,0,0,3,2,0,0,5,2,0,0,143,209,160,49,129,182,251,254,251,255,210,0,0,0,3,0,0,0,0,0,1,2,1,0,0,0,3,61,239,252,254,255,253,251,254,253,255,253,83,1,5,4,0,1,0,2,1,0,0,2,0,2,0,0,0,104,254,255,255,255,255,255,255,254,245,137,2,0,5,1,7,3,0,0,1,0,3,1,0,2,0,0,0,50,236,255,255,253,249,255,247,225,34,0,0,0,3,0,0,0,0,0,0,0,0,1,0,0,2,0,0,2,3,107,236,254,255,220,32,0,4,3,0,3,4,1,2,2,0,0,5,0,4,0,0,4,0,1,0,0,0,0,0,0,0,0,0,2,0,0,0,3,0,3,1,4,1,0,0,0,2,0,0,0,4,0,0,0,0,3,2,5,0,4,0,0,0,0,3,3,0,0,0,1,1,0,0,0,0,0,0,0,0,0,0,0,2,0,1,2,0,2,0,0,0,0,0,1,1,0,0,2,1,0,0,0
2,1,0,0,0,0,0,0,0,0,2,1,1,0,0,0,0,0,0,2,7,0,0,2,3,1,0,0,0,0,2,0,2,0,0,0,1,1,2,0,6,0,2,0,2,2,0,0,1,1,0,1,2,1,0,0,1,1,5,0,0,0,0,2,0,0,4,0,0,1,2,0,1,1,3,0,1,0,0,1,0,0,0,2,2,0,2,0,0,0,4,0,0,2,4,0,1,0,0,1,3,0,2,2,0,4,5,0,0,3,0,0,3,0,0,1,0,2,0,0,0,0,0,93,253,252,251,0,0,0,0,2,0,0,1,0,0,1,0,0,2,0,0,0,0,0,0,0,0,0,0,188,248,249,249,2,3,3,1,1,0,1,0,1,1,0,0,0,0,0,3,1,1,0,1,0,0,0,1,190,251,255,254,0,0,0,2,2,0,1,0,0,0,0,3,0,0,0,0,4,0,0,0,0,0,0,0,192,250,253,249,3,0,1,0,0,1,0,1,0,2,0,2,0,0,5,0,0,1,0,0,0,0,3,4,192,251,249,250,0,1,2,2,0,2,0,0,2,0,0,0,0,0,2,3,0,1,4,0,0,3,3,0,193,251,251,255,189,20,1,4,0,0,0,2,1,1,1,0,0,2,1,0,0,2,0,1,0,3,5,4,190,248,249,253,251,65,1,0,0,1,1,0,0,0,0,1,0,0,0,0,0,0,0,0,0,2,5,0,191,254,252,253,255,142,1,1,0,0,0,1,2,1,1,0,0,0,0,0,2,0,1,0,0,2,0,0,53,251,252,254,251,218,0,0,0,0,3,2,2,0,0,2,0,0,0,0,3,0,0,0,0,0,1,1,31,251,250,248,251,219,2,0,2,0,0,0,2,0,1,0,0,6,0,2,0,0,0,0,0,0,2,0,15,177,254,249,255,219,0,0,0,0,0,0,0,0,0,2,0,0,2,0,3,0,2,4,0,0,0,0,33,254,254,254,255,216,0,2,0,0,0,4,3,0,1,0,0,4,0,0,0,2,0,0,0,0,4,0,35,251,251,251,252,221,0,4,2,0,2,0,5,1,2,2,0,0,0,2,0,0,0,0,0,4,1,0,32,249,248,251,255,224,1,0,0,0,0,3,0,0,0,1,1,2,0,0,0,2,0,0,0,0,1,0,30,250,251,252,255,215,0,1,0,3,2,0,2,2,0,0,2,0,0,3,0,0,0,1,2,1,1,2,26,205,248,252,252,250,125,0,0,0,0,4,3,1,0,2,0,2,0,1,0,0,0,0,3,0,3,0,0,30,227,250,253,251,123,0,0,1,0,0,0,4,3,0,0,3,0,2,2,1,0,1,1,1,0,0,2,0,219,250,249,249,189,94,0,3,0,0,0,0,0,3,3,0,3,0,0,0,0,0,0,0,0,0,0,0,183,209,249,251,249,188,0,0,1,0,4,0,1,1,0,0,3,1,0,0,1,4,0,3,0,5,2,0,29,33,152,248,255,90,0,1,0,0,2,0,4,2,0,3,2,4,3,1,0,3,1,0,0,0,0,0,2,0,0,3,0,0,3,0,0,3,0,0,0,0,0,3,1,1,5,0,0,3,0,0,0,4,1,0,4,0,0,0,0,4,7,0,0,3,0,0,1,2,0,2,1,0,3,1,2,0,0,0,1,0,5,2,3,0,1,0,1,1,0,1,0,2,0,1,0,1,0,3,4,0,1,0,3,0,3,0,0,0,1,3,1,0,0,0,0,0,0,2,4,1,0,1,3,0,0
3,1,0,0,1,0,0,4,0,2,1,3,0,0,3,0,0,0,4,0,0,2,0,0,1,1,1,0,1,3,0,3,0,1,5,0,0,0,0,0,0,2,3,0,0,0,0,0,0,0,3,0,0,0,4,1,0,3,3,0,0,5,0,0,2,0,0,0,0,2,0,0,0,4,0,0,0,0,0,0,0,0,0,0,1,0,4,0,4,0,0,1,0,1,0,1,1,1,1,0,0,0,3,2,1,0,0,0,0,0,0,2,4,0,1,0,0,0,0,0,1,2,1,0,1,1,5,3,1,0,1,0,0,0,0,0,0,0,0,0,0,2,0,0,0,0,0,0,0,0,0,3,2,2,4,0,2,0,37,252,255,253,76,0,0,0,2,1,5,2,2,1,0,2,0,0,4,0,0,7,1,62,62,0,0,62,182,255,250,253,73,3,0,0,0,4,0,0,2,1,0,0,0,0,0,3,0,0,186,241,214,0,14,219,252,255,241,177,18,3,4,1,0,0,0,0,1,2,2,1,1,0,0,0,26,143,248,209,91,5,194,255,254,254,145,3,0,0,0,0,0,2,1,3,0,0,0,1,2,3,0,93,211,249,208,19,3,144,253,255,249,107,0,0,0,2,4,0,0,2,0,0,0,0,0,0,1,0,38,227,255,252,21,0,32,235,249,250,219,17,0,0,3,3,0,3,0,2,2,2,0,0,0,1,6,37,214,252,243,131,0,11,152,252,252,252,195,1,1,20,0,3,1,0,0,0,0,0,3,0,6,2,34,254,250,251,132,1,2,70,250,254,251,254,73,1,148,207,42,0,0,0,1,0,1,0,0,2,2,0,182,254,252,255,71,0,0,69,255,253,252,206,109,187,255,252,72,0,0,0,1,0,0,0,0,0,1,62,240,252,253,255,121,76,45,110,253,249,249,255,254,251,255,228,52,1,0,0,0,0,0,0,4,3,0,77,251,255,250,249,251,251,221,241,248,253,250,250,249,252,235,152,0,0,0,0,1,2,0,0,0,0,0,70,248,253,253,250,251,254,255,251,249,249,255,254,249,250,144,1,0,3,2,0,0,0,2,0,0,1,1,40,160,253,252,253,255,252,254,255,255,254,255,251,239,142,1,0,0,0,0,2,0,0,0,0,0,0,2,7,10,118,209,190,230,253,252,255,251,251,219,142,30,0,2,0,1,1,3,3,0,0,0,7,1,0,0,0,0,0,29,6,50,158,254,249,252,252,162,6,0,0,0,2,1,0,3,0,1,1,1,0,0,0,2,0,0,0,1,1,0,0,251,255,252,250,253,116,0,0,0,0,0,0,0,0,0,2,0,0,2,5,0,0,2,3,0,0,0,0,191,255,251,255,255,253,133,0,0,0,2,2,0,0,0,0,0,2,0,0,0,3,4,1,4,2,3,5,76,242,254,251,250,249,174,0,2,0,0,3,0,2,0,0,5,0,5,0,0,3,4,0,0,4,1,0,0,104,222,254,251,219,61,0,0,0,2,1,0,2,0,3,0,0,2,0,0,0,0,0,3,0,0,0,1,2,16,191,109,13,0,0,0,0,0,0,0,0,0,0,0,0,1,1,0,0,0,0,1,5,0,0,3,2,0,1,3,0,0,0,0,0,2,3,0,2,1,0,0,4,1,0,2,2,0,0,3,0,2,0,5,2,1,2,0,0,0,0,0,0,6,0,0,1,3,2,0,0,0,2,0,0,2,2,0,0,0,0,5,0,1,2,0,0,3,0,0,0,3,1,0,0,6,4
4,0,1,0,0,0,0,0,1,2,0,0,0,0,0,5,0,0,0,0,0,1,4,2,0,2,0,0,2,1,0,0,0,1,0,0,1,2,1,3,0,0,0,0,2,0,0,1,0,0,0,3,0,0,0,0,0,1,0,0,1,3,2,3,2,1,0,0,0,0,0,0,0,2,0,0,4,0,2,0,1,0,4,3,0,1,0,0,0,2,0,2,1,0,0,1,1,2,0,4,1,0,0,3,0,0,0,2,0,0,0,0,0,0,2,0,1,0,0,3,0,0,1,0,0,3,0,3,1,6,2,0,1,1,1,2,0,1,0,2,0,0,2,2,0,3,0,0,1,26,246,84,4,11,2,1,3,0,1,0,0,2,0,0,4,3,3,0,3,0,0,1,0,0,0,1,0,1,77,244,180,200,0,0,0,2,0,0,4,0,2,0,0,0,0,0,1,0,0,4,0,0,1,3,0,2,0,190,253,252,0,0,3,1,0,0,0,0,2,5,2,3,1,0,0,2,0,2,1,0,1,2,2,1,1,184,254,250,1,0,1,0,4,0,0,3,2,0,0,0,0,3,0,0,0,1,0,2,1,2,0,1,0,132,252,249,108,3,0,0,3,3,0,0,1,0,2,0,3,0,0,0,0,0,0,0,0,0,0,1,2,30,225,254,246,52,1,0,0,2,0,4,1,0,2,2,0,3,0,1,0,3,1,0,2,0,0,0,0,0,136,253,247,114,2,2,0,3,1,3,0,1,0,0,0,3,1,0,0,3,2,1,3,2,0,0,0,3,69,211,252,220,20,0,0,3,0,4,3,2,0,0,0,0,0,0,1,1,0,0,0,0,1,3,1,0,2,20,253,253,112,0,0,0,4,0,0,3,2,0,0,1,2,0,3,0,3,0,0,3,0,0,0,0,1,0,254,251,184,0,4,0,0,3,0,0,1,1,2,0,0,0,1,0,0,0,0,0,0,2,0,0,0,2,255,251,184,3,0,2,0,4,0,2,1,3,0,0,0,0,0,1,2,0,0,0,2,0,0,0,0,0,159,252,196,7,4,0,0,1,3,0,0,0,4,0,0,0,0,0,0,0,2,0,0,1,2,0,1,0,23,228,255,47,1,4,1,0,3,2,4,3,1,0,0,2,2,0,0,1,2,1,0,4,1,2,1,0,1,162,255,43,3,0,0,5,0,1,0,0,3,0,2,0,0,1,0,0,1,0,0,0,0,1,0,5,0,53,252,156,0,2,0,3,0,2,0,3,0,1,1,2,6,0,0,0,1,0,0,0,0,0,0,7,0,46,253,164,0,0,0,2,0,1,0,0,0,3,1,0,0,1,0,0,1,0,0,0,0,0,0,2,0,46,250,162,1,1,0,0,0,6,0,0,1,0,3,0,6,1,0,0,0,0,0,0,2,1,0,4,5,45,255,160,2,0,2,3,3,1,0,0,0,2,3,0,1,0,0,0,2,0,1,0,2,0,0,0,1,49,254,235,21,0,0,2,0,0,3,0,4,2,1,0,0,0,1,0,0,1,0,0,0,0,2,2,0,8,133,116,1,6,0,2,2,1,0,2,0,1,3,0,1,0,0,1,4,2,0,0,0,3,3,0,3,0,4,2,2,1,0,4,4,1,0,0,1,1,5,0,0,0,3,0,1,2,0,0,0,0,0,1,0,3,0,0,0,1,0,2,0,0,0,3,0,3,0,0,0,2,0,3,0,2,0,2,1,3,1,0,0,5,0,1,2,3,1,5,0,1,2,3,1,2
0,0,0,0,0,3,0,0,0,0,0,1,0,0,5,1,0,0,1,3,0,0,0,0,0,0,1,0,0,3,1,0,0,0,0,1,2,0,0,0,0,0,0,0,0,0,0,2,0,0,0,4,2,0,0,0,0,0,0,3,0,4,0,0,0,0,2,0,0,0,0,1,0,0,0,3,1,0,2,3,1,2,0,0,1,2,0,3,1,0,0,5,0,1,0,0,0,3,0,3,3,2,0,0,1,1,1,0,0,4,0,2,0,1,0,0,3,0,0,2,0,0,2,0,0,0,0,0,0,4,2,0,0,3,0,0,5,0,1,0,1,4,3,3,0,0,0,2,0,0,0,4,0,0,1,0,0,0,0,0,1,1,0,3,0,4,2,0,3,1,0,1,0,1,0,25,137,55,18,16,19,18,23,39,136,47,3,4,0,0,0,0,1,1,1,2,0,2,0,0,0,0,1,254,254,253,255,255,253,252,249,251,255,255,43,0,0,0,0,0,2,2,0,2,1,0,0,0,1,0,0,255,251,253,254,254,254,253,254,255,254,249,40,0,0,0,0,0,3,0,1,0,0,2,0,0,0,0,2,75,183,161,60,162,208,252,252,254,255,230,30,1,0,0,0,2,0,2,2,2,4,0,0,0,0,0,3,1,3,0,2,0,56,248,255,255,234,62,1,0,0,0,5,0,2,4,0,0,2,0,0,0,2,2,4,2,2,2,3,3,12,242,253,255,249,56,0,0,0,4,0,0,0,0,3,3,0,0,0,2,0,0,0,3,0,2,1,5,0,187,255,251,196,5,3,1,0,0,0,0,1,0,0,0,1,0,0,0,0,2,2,2,5,25,118,140,143,249,251,252,96,25,24,24,24,25,24,25,25,22,10,2,1,0,0,1,0,1,2,3,33,241,252,251,255,255,253,250,254,254,252,253,250,252,254,251,252,236,168,0,1,0,0,0,0,2,0,3,0,49,110,214,253,254,255,253,252,253,251,252,255,255,216,194,160,45,1,2,3,2,0,2,6,0,0,1,0,6,0,86,252,251,252,242,230,193,181,71,54,60,23,1,0,0,0,0,0,0,0,1,1,1,5,4,0,0,0,88,255,251,255,169,30,10,0,0,0,0,0,0,2,0,0,0,0,3,2,2,1,1,0,1,1,0,2,88,251,253,251,95,0,1,0,0,5,0,3,1,1,0,4,0,2,1,0,1,1,0,0,0,2,0,0,88,249,254,227,2,0,2,2,3,0,1,0,0,1,2,3,0,2,0,2,0,2,0,1,0,0,2,2,90,250,254,246,55,2,0,0,0,0,0,0,0,0,2,0,0,4,0,0,0,3,0,2,0,0,3,0,94,249,252,251,95,0,4,1,2,0,0,4,0,1,1,2,0,0,0,3,4,0,0,2,0,0,2,0,93,252,252,252,96,1,0,0,3,1,0,2,0,1,0,0,0,2,0,3,1,2,0,0,0,0,1,2,89,253,252,232,17,1,1,3,0,2,0,0,0,0,4,0,1,0,0,2,0,1,0,3,0,2,1,0,92,253,255,228,0,3,0,4,0,0,0,2,1,1,0,2,0,0,1,2,0,1,3,1,0,0,0,0,4,124,130,69,2,1,0,1,3,0,0,0,3,0,1,0,4,0,0,4,0,0,0,3,0,2,6,5,0,0,0,2,0,0,0,1,0,0,3,0,0,4,1,3,2,2,0,0,2,0,1,1,1,4,0,0,2,0,0,3,2,1,2,3,0,3,0,2,0,0,0,0,0
0,4,2,1,0,1,0,2,3,0,0,0,2,3,0,0,0,1,0,5,1,3,1,1,1,0,3,0,2,3,0,5,0,0,1,1,1,0,4,4,3,0,0,4,0,1,0,1,2,0,0,3,2,2,0,0,0,0,0,1,0,0,3,0,0,0,2,2,3,0,2,3,0,2,0,0,3,1,0,5,1,1,0,0,0,0,0,2,2,0,2,0,1,0,0,0,3,0,0,23,157,240,246,128,3,1,2,0,1,4,0,0,0,0,0,1,2,0,1,0,0,1,0,0,0,1,88,242,240,197,218,252,153,7,4,3,0,0,0,0,0,1,4,0,0,4,0,0,1,0,0,4,24,168,253,244,40,1,16,175,255,112,0,1,0,4,0,0,1,0,0,0,5,1,0,1,3,1,0,0,144,254,209,36,0,4,1,55,238,119,0,0,0,2,3,0,1,0,0,0,0,0,0,1,3,0,0,70,244,237,18,0,4,1,0,0,1,1,0,0,2,0,3,2,2,0,4,0,0,0,3,2,2,4,21,208,243,70,0,0,0,0,4,0,2,0,0,1,0,0,0,0,2,0,1,3,2,0,0,0,0,18,207,251,143,0,3,1,1,0,0,1,2,2,0,0,1,1,0,0,0,0,0,2,0,6,0,0,0,133,255,231,14,1,0,1,0,1,5,0,0,1,0,0,0,0,0,0,0,1,0,0,0,2,1,0,17,241,255,85,0,3,3,0,0,0,0,3,0,1,0,1,1,1,1,0,5,0,4,0,0,0,2,0,103,255,205,7,1,1,0,0,0,0,2,0,0,3,0,0,0,1,1,1,0,1,1,1,0,0,0,2,133,255,187,2,0,0,1,5,7,0,0,0,0,0,0,3,3,2,3,2,4,1,1,0,0,4,2,0,116,254,132,0,1,0,0,0,0,0,0,0,0,0,0,0,4,0,0,1,0,0,1,0,3,0,0,2,153,251,90,1,1,1,0,0,0,0,1,1,0,0,1,1,4,1,0,1,1,1,2,0,1,0,0,30,239,254,129,1,0,0,2,7,20,20,16,14,7,3,0,0,1,0,0,0,0,1,4,0,1,4,0,25,239,253,181,0,1,38,125,233,252,253,252,225,66,0,1,0,6,0,0,1,0,0,0,0,1,2,0,0,141,252,199,9,150,249,255,255,182,188,255,250,201,3,2,1,0,0,0,0,0,0,1,1,0,0,0,0,89,254,255,237,248,221,110,16,0,6,202,254,251,18,1,1,0,0,0,1,1,0,0,0,0,0,0,0,2,147,253,255,255,124,1,1,8,49,224,255,151,4,4,2,0,2,1,1,0,2,1,0,0,1,2,0,0,24,209,255,254,251,198,194,211,246,253,168,18,0,3,0,3,0,0,0,0,4,4,0,0,0,4,0,0,0,21,126,175,250,250,255,252,207,88,0,3,0,1,0,4,0,3,1,3,1,0,0,0,5,0,1,4,4,2,2,0,0,0,3,4,3,4,2,0,0,0,0,0,3,0,0,0,5,1,0,0,0,0,0,6,5,0,1,0,0,0,0,1,2,2,1,0,9,0,0,0,0,3,0,2,2,2,0,0,0,0,3,0,3,1,4,0,0,0,0,3,5,0,2,0,0,0,0,1,0,0,0,0,2,0,0,1,0,0,0,0,2,1,2,4,0,0,0,4,1,0,0,4,0,1,2,0,1,0,6,0,0,1,3,1,0,0,0,2,0,2,0,0,0,0,2,0,2,0,4,0,0,0,0,0,0,0,1
3,0,0,0,1,1,2,0,0,2,0,0,3,6,0,0,0,1,4,2,3,0,1,4,2,0,0,3,0,4,4,0,0,0,1,1,0,0,4,0,0,0,2,0,0,2,0,1,0,1,0,4,0,1,0,1,3,5,0,5,0,2,2,0,0,0,0,0,2,0,0,0,0,0,0,4,0,2,1,0,0,4,1,1,3,0,0,0,0,0,0,1,1,0,0,0,0,0,0,5,0,2,0,0,2,0,2,1,0,2,0,1,0,1,0,1,3,2,0,0,1,0,0,4,0,3,1,0,5,0,0,4,2,1,4,1,3,0,0,0,0,2,0,1,0,2,1,2,0,2,0,1,7,2,0,0,2,0,0,3,0,0,0,0,0,0,0,3,1,0,0,0,2,2,0,0,4,5,38,119,242,254,255,242,121,5,0,2,2,0,4,1,0,0,0,2,0,2,1,3,0,0,0,0,59,178,250,255,255,249,253,253,255,157,2,0,0,0,0,1,1,2,0,0,0,0,3,1,2,3,1,0,192,250,255,249,252,251,244,253,251,255,103,0,0,0,2,0,3,0,4,0,0,0,2,0,0,3,2,125,255,251,244,205,107,38,0,158,250,253,185,8,1,0,1,4,0,0,1,0,4,1,0,0,0,3,6,254,251,250,139,0,0,0,3,18,222,252,252,118,1,2,0,0,0,0,1,0,0,1,0,0,0,0,5,255,253,139,0,0,0,0,1,0,77,255,255,221,28,0,0,2,0,0,0,4,0,0,1,0,0,1,72,255,237,23,0,0,0,0,3,13,219,255,255,255,147,3,0,0,0,0,0,1,0,0,0,2,0,4,118,254,235,21,1,0,0,3,28,189,255,252,254,251,231,5,3,0,1,0,0,1,1,0,2,4,3,0,63,252,251,124,1,1,7,39,168,254,255,252,254,253,159,0,3,0,0,0,0,1,1,0,3,0,3,0,7,255,255,209,95,56,158,255,255,247,254,255,255,240,76,0,0,3,0,0,1,2,0,2,1,0,1,0,0,134,245,251,250,255,253,254,250,255,216,254,253,187,0,0,1,3,2,2,4,0,6,0,0,1,0,0,4,5,101,176,242,255,249,231,192,24,63,255,252,86,0,4,2,0,2,0,0,0,0,2,3,1,4,0,0,1,1,0,56,84,81,0,1,0,21,221,231,32,1,0,0,3,3,0,0,0,1,1,3,0,1,4,0,0,0,0,1,0,0,0,1,0,26,222,224,2,0,0,2,0,0,3,1,0,2,0,0,0,0,0,1,3,0,2,0,2,0,0,1,0,78,252,125,0,0,0,0,0,0,4,1,0,0,0,2,0,2,1,2,0,0,0,0,0,0,2,0,0,172,255,191,0,2,0,0,0,0,0,2,0,0,4,4,4,0,4,0,1,0,2,1,0,0,1,1,0,166,253,237,36,2,0,0,0,0,0,1,0,0,0,0,1,1,0,0,0,3,0,1,5,1,1,0,1,170,255,254,77,4,0,2,0,0,0,2,1,2,0,0,0,0,4,0,2,3,0,0,0,4,1,1,0,170,255,255,81,0,1,0,0,0,0,2,0,0,0,0,3,2,0,1,0,0,1,1,3,3,0,1,0,99,231,241,48,1,1,2,0,1,0,0,0,0,1,0,3,4,0,0,0,0,0,1,0,1,0,0,0,0,1,0,1,0,0,0,1,0,2,3,0,2,0,3,1,3,0,3,0,0,3,0,3,2,2,7,0,3,0,0,0,0,0,0,0,3,0,3,0
0,0,0,0,0,0,2,0,1,0,1,0,0,1,0,1,0,2,0,0,0,2,3,0,0,0,5,0,1,2,4,0,0,0,1,0,1,0,0,1,1,1,0,0,2,3,0,0,0,8,0,5,0,2,2,2,0,2,0,0,2,0,0,0,1,0,2,2,127,225,53,0,0,0,2,1,0,3,0,0,0,1,0,0,4,2,2,0,0,0,0,3,2,1,0,61,228,217,103,0,0,0,0,1,3,1,2,2,0,0,0,3,2,3,0,0,2,0,0,0,1,1,10,233,139,1,1,0,0,5,5,2,0,1,4,0,0,1,0,2,0,0,0,3,2,1,5,0,0,0,119,226,20,2,1,0,0,0,1,0,1,1,2,2,0,1,0,0,0,1,0,2,0,1,0,0,0,0,235,136,1,2,1,0,3,0,2,1,1,1,2,1,0,0,2,2,2,0,0,0,2,0,2,0,0,15,247,95,0,0,3,0,1,0,3,2,1,0,0,3,0,0,0,1,0,0,4,0,2,0,0,1,1,85,242,22,0,3,2,3,1,2,4,0,0,1,2,0,0,0,0,0,0,0,3,2,0,0,2,0,1,190,236,0,1,0,0,0,0,1,1,1,0,0,0,0,3,0,0,0,1,0,3,4,0,2,2,0,3,205,169,2,1,0,0,0,0,64,151,149,131,72,1,0,0,0,0,0,0,0,0,0,0,1,2,0,27,250,89,2,0,2,0,7,145,251,222,211,182,240,70,3,0,2,0,1,2,1,0,2,0,0,4,0,27,255,67,0,0,1,2,163,255,108,3,1,3,77,223,16,0,1,0,0,0,0,4,0,0,0,4,0,59,255,17,0,0,0,151,237,68,0,2,1,0,11,225,33,0,2,0,0,3,0,0,0,1,0,0,0,78,253,15,3,0,22,226,67,0,0,0,1,2,1,197,87,0,4,2,0,1,0,3,0,0,3,0,3,75,253,42,0,1,117,253,6,0,0,0,2,2,0,195,104,2,0,0,1,5,0,0,0,0,0,4,0,11,232,144,3,4,62,255,74,0,0,0,3,0,4,208,84,0,3,0,1,0,0,4,3,0,0,0,2,0,205,232,2,0,40,255,72,1,0,0,0,2,113,234,18,1,0,0,4,0,7,2,0,3,0,1,0,4,86,252,146,0,1,156,231,132,126,124,62,94,248,63,0,1,2,1,0,1,0,1,0,2,0,0,0,0,2,164,251,135,20,11,80,99,99,108,149,194,50,0,0,2,0,1,0,0,0,0,2,0,1,0,1,0,1,4,143,253,229,142,116,115,197,255,187,50,2,4,0,0,0,0,0,0,0,0,0,3,0,0,5,0,0,3,0,53,142,204,243,177,129,68,2,1,0,0,0,5,1,0,0,0,4,0,3,0,2,2,2,0,0,0,1,0,1,4,0,0,2,0,1,1,0,0,0,0,3,0,0,3,0,0,0,1,1,2,0,0,5,2,4,1,0,0,1,0,0,0,0,2,0,0,0,0,0,1,0,0,1,0,0,5,0,1,0,0,0,0,7,3,3,3,0,0,0,0,0,4,2,0,0,6,0,0,0,1,2,4,2,0,4,0,0,2,0,0,2,1,0,3,6,0,0,0,0,0,0,0,3,1,0,5,0,0,1,0,0,0,3,0,0,1,1,4,0,1,0,2,0,0,0,1,1,0,0,0,1,0,0,3,0,1,0,0,0,1,3,0,1,2,5,2,0,0,0,3,2,2,0,1,0,2,0,0,0,1,0,1,0
2,4,1,0,0,0,1,0,0,3,0,0,0,5,0,0,0,2,3,0,0,0,0,0,2,0,0,0,0,0,0,1,4,4,0,0,0,0,0,1,0,6,1,1,0,1,2,1,2,0,0,2,0,3,1,3,1,0,0,0,0,3,0,0,3,2,0,3,0,2,0,0,0,1,2,0,2,0,0,0,0,3,0,2,0,0,0,2,1,0,1,0,0,0,3,0,0,0,0,0,3,1,0,0,0,1,0,4,4,5,0,3,2,0,2,0,0,0,0,3,2,1,1,0,4,0,2,2,0,0,0,0,3,0,0,0,0,1,0,0,2,0,3,0,0,0,0,3,0,0,2,1,0,37,196,226,66,79,153,20,0,3,0,0,0,3,3,1,0,0,1,2,0,0,0,0,0,0,0,3,40,227,255,250,252,207,254,207,20,0,1,5,0,0,4,0,0,1,4,2,2,3,2,2,0,2,1,134,204,255,230,208,255,116,216,252,203,14,0,0,2,1,0,3,3,0,2,0,0,0,0,0,0,0,139,252,253,167,40,153,180,16,100,244,255,65,0,0,0,2,3,0,0,0,2,1,0,1,4,0,5,101,255,255,210,31,1,0,2,0,9,77,187,237,57,2,1,2,2,0,1,1,2,1,1,0,0,4,45,255,255,255,39,0,1,0,0,0,0,4,107,253,189,0,0,0,5,0,0,0,0,0,0,1,0,23,223,253,254,130,7,6,0,4,0,2,0,1,3,150,221,8,0,0,0,0,0,0,0,1,0,2,0,40,253,253,159,6,0,1,0,2,0,0,0,4,2,65,244,43,3,1,0,0,0,0,0,2,0,0,0,77,255,252,0,0,1,0,0,0,1,2,0,2,2,64,231,26,4,0,1,0,0,0,1,0,4,0,0,159,255,252,1,3,0,0,0,0,0,0,0,0,3,111,241,34,2,5,0,0,2,0,0,0,0,0,0,188,252,232,4,0,1,0,0,1,3,0,4,0,0,53,247,39,3,0,0,1,0,0,0,3,0,3,51,251,255,77,3,0,0,0,3,0,1,0,0,1,43,233,217,1,0,1,0,0,0,0,0,0,0,0,53,253,255,72,0,1,1,0,3,0,0,0,1,2,117,254,173,0,1,1,0,4,1,0,0,5,0,4,31,231,255,86,0,2,0,4,0,2,1,0,0,43,237,253,59,1,1,1,0,2,0,1,2,0,0,0,0,64,253,254,0,0,0,2,2,0,0,1,45,183,255,181,14,1,0,7,0,1,0,1,2,0,0,2,1,26,214,255,173,2,1,0,0,3,4,1,168,255,237,9,2,0,3,2,2,1,3,0,1,0,0,0,1,0,108,252,255,105,8,2,0,0,52,157,248,234,109,4,0,2,0,0,0,0,0,0,1,4,0,1,0,0,20,137,255,251,221,180,131,219,238,255,230,45,0,0,3,1,2,0,0,1,4,0,0,0,0,0,0,1,0,18,141,227,249,255,254,251,248,188,82,3,0,1,0,0,2,0,0,0,0,3,4,1,0,0,1,1,1,0,0,4,63,73,170,104,56,0,0,0,3,3,0,0,3,0,0,6,0,0,2,3,0,0,0,3,2,2,0,0,0,0,0,0,3,0,0,0,0,3,0,0,2,2,3,0,0,2,0,0,3,0,0,5,0,1,0,1,0,0,0,3,4,2,4,2,0,0,0,0,2,0,1,0,0,2,2,0,1,0,0,0,0,0,0,0,0,0,3,4,1,1,0,2,0,0,2,0,0,0,0,0
1,0,0,1,0,0,0,0,2,0,0,1,2,0,0,0,3,0,3,0,1,1,0,3,0,3,1,4,0,0,0,0,0,3,0,4,3,0,2,2,0,2,0,0,0,0,0,3,0,1,0,0,5,0,0,0,1,1,3,4,1,0,0,1,0,1,5,0,0,0,4,3,0,0,0,0,0,1,0,1,0,0,4,0,0,0,0,1,7,1,0,3,0,0,1,0,2,0,0,0,0,3,0,0,0,1,0,0,0,2,1,1,1,2,0,0,0,0,1,0,1,1,2,2,0,0,0,0,2,0,0,0,0,1,0,0,0,1,0,7,1,0,3,2,4,1,0,3,0,0,0,0,0,0,1,1,0,1,0,0,0,0,0,5,0,0,0,0,0,0,0,1,3,0,1,0,0,2,0,21,4,0,9,31,28,97,143,141,146,243,212,220,76,3,0,0,3,3,4,0,3,1,2,1,98,167,169,238,176,172,185,252,253,254,251,253,253,254,252,249,142,3,0,0,1,3,0,0,0,3,1,70,235,253,255,251,251,255,254,183,165,171,165,82,56,76,248,226,46,0,0,1,3,1,5,1,0,0,28,226,249,191,216,255,202,78,29,4,0,3,1,3,0,7,80,18,1,5,1,4,1,1,0,1,0,45,252,255,189,3,50,225,25,5,0,5,0,0,0,0,0,4,0,0,1,1,0,0,1,1,0,0,2,142,255,255,219,172,98,59,30,3,1,0,0,1,0,2,5,0,3,0,2,0,0,0,0,1,0,0,3,52,252,254,250,254,254,255,231,131,63,0,4,0,0,2,0,2,0,2,0,0,1,0,3,0,0,0,0,1,27,30,28,29,49,177,251,255,249,140,65,0,2,0,8,0,0,1,0,1,0,0,0,0,0,0,4,0,1,2,3,0,0,2,49,129,243,253,255,126,14,3,3,2,0,0,1,2,0,0,0,3,0,1,2,0,0,2,0,0,2,4,4,0,59,172,242,251,173,13,0,0,0,1,0,0,2,5,0,0,3,0,0,0,1,0,3,0,1,2,1,0,1,0,136,252,252,99,4,3,0,0,0,3,0,1,0,2,0,3,0,0,3,0,0,0,1,2,1,0,1,0,13,105,253,205,10,0,2,0,0,0,0,0,1,2,0,3,1,1,2,0,0,2,0,1,1,0,1,0,0,94,255,254,77,0,0,5,0,0,0,0,0,0,0,0,0,0,0,0,3,0,0,0,6,0,2,0,31,219,251,255,25,0,3,1,0,3,3,0,0,0,0,0,0,0,1,0,4,0,2,0,6,0,0,62,209,251,255,101,6,0,0,0,2,0,2,0,0,4,0,0,0,0,0,0,0,0,0,0,0,1,77,222,253,255,151,8,1,0,3,0,1,0,0,0,2,0,0,0,0,0,4,72,3,0,4,0,27,211,253,251,243,154,4,0,1,0,0,6,3,0,0,0,2,2,0,0,1,3,0,198,130,61,81,168,242,255,252,208,64,2,3,2,1,1,1,2,0,0,3,0,0,0,3,0,5,1,0,159,254,249,251,253,253,249,139,15,0,0,0,0,2,0,0,0,0,0,0,2,1,3,6,0,0,0,0,6,128,203,250,216,143,20,4,0,0,3,0,4,1,0,0,3,0,0,0,0,0,4,0,3,0,0,0,1,1,2,2,0,4,0,0,0,0,2,1,0,1,0,0,0,2,0,0,0,0,0,2,5,3,0,3,0,0,0,0,0,0,4,0,0,0,0,0,0,0,1,2,0,1,1,2,0
0,1,4,0,1,0,1,4,0,0,1,0,2,0,3,0,0,0,1,1,1,3,0,0,3,0,1,1,0,0,1,0,0,4,1,0,0,0,0,0,0,0,2,4,0,1,1,0,5,0,0,1,0,0,0,3,0,4,0,2,1,0,0,0,0,0,0,1,0,0,3,0,0,0,2,4,0,0,5,4,0,2,0,5,0,0,1,2,2,0,0,0,2,0,4,0,0,0,2,0,0,0,0,4,1,2,0,0,0,0,0,0,0,0,1,1,5,1,0,3,3,0,1,0,4,0,7,2,0,2,82,225,59,0,0,0,0,0,0,3,2,1,1,0,0,0,0,2,0,3,0,0,0,0,3,0,0,1,163,251,209,0,5,4,1,0,1,0,0,0,4,0,0,3,2,1,0,0,0,0,0,1,2,0,2,0,212,252,210,0,0,3,1,0,0,0,0,0,0,2,0,4,0,87,176,42,0,3,0,0,0,1,4,3,216,255,125,0,0,0,0,0,0,0,0,0,0,0,0,0,0,192,250,80,0,2,1,0,2,3,1,24,229,253,118,0,0,0,0,1,0,2,2,1,1,0,0,1,3,156,254,173,0,1,0,0,3,0,0,39,239,255,98,1,1,3,1,0,0,0,1,2,0,0,0,0,0,155,252,184,0,1,0,1,0,3,0,61,251,252,19,2,1,4,2,0,0,0,1,0,0,1,0,1,0,160,254,228,15,0,0,0,0,0,0,58,254,254,20,1,3,2,1,0,1,0,0,0,0,1,0,1,2,243,255,160,0,0,0,5,2,2,0,145,248,250,21,0,0,0,2,0,2,1,0,0,0,0,0,49,136,254,205,46,0,0,0,0,0,1,1,158,249,255,24,2,1,3,0,5,2,5,0,5,0,7,88,247,251,249,166,40,11,38,1,0,0,3,0,159,255,255,17,0,0,0,0,2,0,4,0,1,0,145,252,252,255,250,255,241,222,239,213,214,216,212,216,239,252,187,4,0,2,0,0,2,1,0,0,1,0,215,251,252,255,218,250,204,253,252,254,253,254,254,254,250,254,175,0,0,0,1,4,2,0,0,0,1,0,54,49,27,17,11,16,11,20,97,57,64,78,80,166,250,254,173,2,4,0,1,0,1,0,0,0,0,1,2,0,0,1,0,1,0,1,0,0,0,3,2,96,251,250,174,2,0,6,0,0,0,3,1,1,1,5,0,1,5,0,1,1,2,0,0,0,1,0,0,97,252,255,171,2,0,0,0,5,4,1,0,4,4,0,1,0,2,1,0,0,0,0,1,0,3,1,0,99,253,255,172,0,2,0,0,1,0,0,0,0,2,0,0,2,2,0,2,0,0,2,0,2,0,2,0,68,219,251,180,0,2,0,0,0,0,0,0,4,1,0,2,6,1,0,2,0,0,0,2,3,1,4,1,0,153,255,173,0,0,4,0,0,0,0,1,0,2,3,1,0,4,0,0,3,0,0,2,0,1,0,0,3,95,225,38,0,0,0,3,0,0,0,1,2,1,0,0,0,2,2,0,4,1,2,2,2,0,0,0,0,1,0,0,0,0,0,0,4,2,0,2,0,0,0,0,1,0,0,0,0,1,0,0,3,3,3,0,0,0,3,2,1,0,0,0,0,0,0,1,0,0,0,0,3,1,0,2,2,0,4,1,1,1,2,0,1,0,0,2,3,0,3,1,0,0,0,0,1,1,1,2,2,0,0,0,0,3,0,1,0,1,0,0,0,1,2,2,0,0,0,0,0,0,4,3
0,2,5,2,3,0,0,0,0,1,0,0,0,1,3,0,0,1,0,0,0,3,1,0,2,0,0,0,0,0,0,0,0,2,0,4,0,4,0,0,0,1,0,2,0,4,2,3,0,1,0,5,3,2,0,0,0,0,0,0,0,2,0,1,0,0,0,0,2,0,0,0,0,2,0,1,0,0,0,0,0,0,1,0,0,0,1,0,3,2,0,0,4,1,0,3,0,4,0,0,2,0,0,0,1,0,0,0,0,0,0,6,3,0,0,0,0,0,1,0,1,1,0,0,1,1,0,2,1,1,2,3,4,1,0,4,0,0,1,0,0,0,1,0,0,0,3,0,1,1,1,0,2,0,0,0,1,0,0,0,0,0,0,1,3,2,3,0,0,0,3,3,0,0,0,3,0,14,143,252,253,255,253,181,31,1,0,2,0,1,0,2,3,3,0,0,3,0,1,0,1,7,0,0,60,216,252,254,252,199,234,253,235,10,0,3,0,3,0,2,0,3,0,0,0,0,0,1,0,2,0,63,242,255,230,88,51,4,49,177,254,86,3,0,0,4,0,0,0,0,2,0,0,1,0,1,0,0,17,207,254,197,33,0,3,4,0,23,235,244,53,0,1,0,0,3,0,5,2,1,2,0,0,3,0,0,132,255,248,78,3,0,0,0,0,2,16,130,65,2,0,4,0,2,0,0,2,1,0,0,1,5,0,3,213,254,196,1,0,0,0,0,2,0,3,1,1,1,3,2,0,0,0,0,0,0,0,0,0,2,0,2,242,253,129,0,0,0,0,1,0,0,0,3,0,0,0,0,1,3,0,1,2,2,1,0,3,0,6,0,242,250,120,0,0,1,0,1,0,0,0,0,3,0,0,0,0,0,4,4,5,2,0,5,2,0,0,1,153,253,221,108,61,0,55,110,149,215,211,213,213,122,80,2,2,4,0,1,0,1,1,0,0,0,1,0,16,209,255,252,242,158,241,252,251,254,252,251,254,255,227,21,2,0,0,2,0,0,3,3,1,0,0,0,0,71,196,157,156,155,157,152,156,54,47,53,55,151,255,37,5,5,5,3,0,2,0,0,1,0,0,2,4,0,2,2,0,7,1,2,0,2,1,0,0,224,251,138,2,0,1,1,2,0,0,0,0,0,0,0,0,0,0,0,0,1,1,0,0,3,4,2,2,227,255,140,0,4,0,4,2,2,1,0,1,1,0,0,2,2,0,3,0,1,4,1,0,0,2,0,74,249,250,85,1,1,1,0,0,0,2,0,4,1,0,0,0,0,2,2,1,0,1,2,1,0,3,0,113,251,255,36,0,0,0,0,0,0,0,2,0,0,0,0,4,2,1,1,0,2,4,2,0,3,0,2,183,253,196,0,0,0,0,4,0,2,0,0,3,0,1,0,0,1,0,1,0,0,1,0,5,0,0,0,178,249,189,1,3,0,0,0,0,4,2,0,3,1,0,0,0,0,2,0,3,1,1,2,1,0,1,0,177,255,187,5,1,2,0,0,0,0,0,0,0,0,4,0,0,0,0,0,0,0,5,0,0,0,1,3,155,253,252,36,2,2,2,3,2,1,0,0,0,3,0,3,0,0,1,0,4,0,0,0,0,2,0,0,18,193,155,9,2,3,1,0,3,0,0,0,0,1,0,0,1,0,5,0,4,0,0,3,2,3,2,0,1,0,0,0,1,0,0,2,0,1,0,2,1,0,0,0,1,2,1,0,0,0,0,0,0,1,0,2,0,3,0,0,0,3,0,2,5,1
0,0,5,0,3,0,0,0,0,0,2,2,3,6,1,0,3,0,0,0,0,0,2,3,0,0,5,1,0,0,0,0,1,0,3,0,0,2,0,1,0,0,0,0,2,0,1,1,0,0,1,2,0,1,0,1,4,0,0,2,1,0,0,1,0,0,0,0,0,0,0,0,4,3,1,1,0,0,0,1,0,1,0,0,0,0,2,1,0,0,1,0,0,5,0,0,2,3,0,0,1,1,0,0,0,3,0,0,2,1,3,2,0,4,4,0,2,2,5,1,2,1,0,0,4,0,0,2,2,4,0,2,0,1,0,0,1,0,0,3,0,0,0,0,1,0,0,0,0,0,3,0,1,0,0,0,1,4,0,0,0,1,0,4,1,0,1,2,1,0,1,0,0,2,3,0,0,1,0,0,2,0,0,1,0,0,0,2,0,0,0,0,0,0,3,1,0,0,0,1,0,4,0,1,0,2,0,73,161,164,165,206,192,168,33,0,2,3,3,1,0,2,0,3,2,5,0,0,1,0,1,1,2,120,241,255,253,255,253,209,215,255,245,126,0,2,0,0,0,3,1,0,3,2,5,1,1,0,1,2,64,249,249,200,60,31,29,4,12,27,167,246,127,0,0,4,0,2,4,1,0,0,1,3,0,0,3,7,193,250,130,14,0,1,0,3,1,0,10,238,192,0,2,0,0,0,1,2,1,4,0,3,0,0,2,148,255,167,3,4,0,0,0,1,0,4,116,212,8,0,0,0,0,0,1,0,0,3,0,1,0,0,0,220,244,43,1,1,0,0,0,0,1,64,248,202,0,0,0,0,5,0,2,0,1,0,4,0,4,0,0,213,232,2,0,0,1,1,0,1,34,229,249,139,0,3,2,1,0,2,1,0,3,0,3,1,0,0,2,214,245,68,4,1,0,1,0,95,222,253,219,8,1,2,1,4,0,0,0,0,3,0,1,1,0,4,3,199,251,246,176,152,147,148,223,252,254,252,139,0,2,1,1,0,0,1,0,1,0,0,1,0,0,0,0,17,176,254,255,255,251,253,235,141,215,251,50,0,0,0,0,0,0,3,0,1,0,0,0,1,0,2,0,1,2,76,78,130,116,44,27,0,184,253,9,0,2,3,0,3,0,0,1,0,3,0,0,0,0,0,4,0,3,1,3,0,0,1,0,0,181,255,46,0,0,2,0,2,0,3,0,0,2,0,0,0,0,3,0,2,0,1,2,0,0,1,4,3,179,252,96,1,0,5,0,3,2,0,0,2,2,3,4,0,0,3,1,1,0,0,5,0,0,3,0,1,182,253,99,1,4,0,3,3,0,1,0,0,1,0,2,1,1,0,0,0,4,0,3,0,2,3,2,3,183,254,77,1,0,0,1,0,2,0,3,0,0,2,0,0,1,0,1,0,0,6,0,0,0,1,3,1,186,255,10,0,0,2,1,0,0,3,2,1,0,0,0,0,1,0,3,0,0,0,0,0,0,4,0,17,243,213,3,0,0,0,0,0,1,1,0,2,0,1,0,4,0,0,0,0,0,0,0,0,3,0,1,62,253,173,0,0,0,1,0,1,0,5,0,0,3,0,1,0,0,0,3,1,0,0,4,0,0,0,2,106,252,106,0,5,0,0,0,0,0,2,0,1,0,0,4,0,0,0,0,5,0,1,0,0,0,2,0,104,219,1,3,0,0,0,0,0,1,2,0,0,0,1,0,0,1,0,0,0,3,1,0,0,0,0,0,4,0,0,0,1,3,0,0,2,0,4,1,1
0,0,3,0,1,0,0,0,5,0,0,0,2,2,0,0,0,0,2,7,0,0,0,6,2,1,1,2,0,0,0,0,1,2,0,0,4,1,1,2,2,0,0,1,3,0,0,0,3,0,0,2,0,3,0,2,0,0,0,2,2,3,2,2,3,0,1,0,2,0,1,1,0,3,3,1,0,1,0,0,0,2,0,0,0,0,2,0,0,1,1,4,0,4,0,0,0,0,0,0,1,3,3,0,2,0,0,0,2,2,0,0,0,1,0,1,0,0,4,0,2,0,0,2,89,138,138,192,135,133,19,16,0,0,0,1,0,3,0,0,1,1,2,0,0,2,0,3,14,33,147,56,255,252,253,199,237,210,191,241,124,7,0,0,0,0,0,0,1,1,0,0,2,0,12,53,174,253,252,255,202,107,147,100,46,2,61,230,180,146,6,0,1,0,0,3,6,2,1,0,0,0,53,250,253,254,250,172,25,0,1,0,0,0,4,151,238,254,34,1,0,0,0,1,3,0,0,2,3,0,58,253,250,220,51,1,0,0,0,0,0,0,0,127,209,255,81,1,0,0,0,1,2,1,1,0,2,0,6,114,50,16,0,0,0,6,1,0,4,1,0,29,164,200,153,0,0,3,3,0,6,0,3,0,0,0,0,2,0,2,5,0,0,2,0,0,0,0,0,0,36,229,149,3,3,0,0,4,1,0,0,0,0,0,4,4,0,0,3,0,2,3,0,0,0,1,0,5,85,254,150,0,1,6,3,1,3,0,2,0,0,0,2,0,0,2,2,0,0,0,0,0,1,0,0,123,254,247,81,0,0,0,4,0,0,0,3,0,1,2,0,0,1,0,0,1,0,0,5,0,1,3,20,227,255,252,35,2,1,4,0,0,0,1,0,0,5,1,0,0,0,0,0,0,2,0,2,0,0,0,64,255,255,255,37,0,0,0,0,0,0,1,0,3,3,0,0,0,0,2,50,98,96,97,96,15,1,0,145,254,253,139,10,1,0,0,3,4,0,0,1,0,0,3,0,0,91,223,243,253,252,255,250,234,231,122,244,251,195,3,1,0,2,0,0,0,3,0,3,1,3,0,27,220,255,254,241,125,123,69,31,1,65,249,255,255,189,0,0,0,5,0,0,0,0,0,3,0,0,1,54,254,255,195,6,1,3,0,2,11,184,253,254,254,188,0,0,2,0,1,3,0,2,1,1,1,1,51,187,254,238,64,3,0,1,2,73,198,254,208,206,242,232,39,0,0,0,3,0,0,0,1,0,2,15,228,252,252,82,0,0,3,1,76,239,255,173,0,0,121,237,52,5,0,2,0,0,0,0,0,1,1,20,252,255,253,48,0,42,83,156,236,253,86,29,0,0,2,70,40,4,0,2,3,1,0,0,2,0,0,2,123,255,255,184,151,234,195,127,93,35,9,3,1,0,1,0,1,0,0,0,1,3,0,0,4,0,1,0,5,71,107,232,147,188,12,8,0,2,0,0,0,0,1,3,0,0,0,6,0,0,0,0,0,0,4,2,0,4,0,0,0,0,0,0,1,0,2,1,6,0,1,3,0,4,4,0,5,0,0,0,0,0,0,0,2,0,0,3,0,4,2,2,0,0,3,2,3,0,2,0,0,3,0,0,2,1,0,3,1,0,0,0,0,0,0,1,0,2,0,1,1,0,0,0,1,1,0,0,0,0,0,0,0,0,0,0,0,2,1,2,0,1,1,2,0,1,3,0,2,0,0,1,0,1,0,0,0,0,0,0,3,2,0
0,0,3,0,1,0,0,0,0,3,2,0,0,0,2,0,0,0,0,1,0,1,1,0,0,2,3,3,0,1,3,2,1,2,0,1,3,0,2,0,1,2,0,0,0,0,0,0,0,0,0,3,1,4,0,2,0,0,1,0,0,0,4,0,1,0,0,0,0,1,3,0,0,0,0,0,2,1,0,0,1,1,4,1,0,1,3,0,0,0,0,0,0,0,0,0,0,1,0,0,4,0,4,0,0,3,0,0,1,0,1,5,2,2,0,0,2,4,2,6,0,1,0,0,1,0,0,2,0,0,79,190,13,0,4,0,0,2,0,0,6,0,0,3,1,0,0,0,0,0,0,5,0,0,0,1,0,54,237,164,11,0,0,2,2,3,1,0,0,2,0,3,0,0,1,0,0,0,2,4,0,0,0,1,73,180,255,137,3,2,1,0,0,0,3,3,0,0,4,0,0,0,0,1,2,0,2,1,1,0,0,9,168,254,247,92,3,4,0,1,2,0,3,0,1,0,1,0,0,0,0,2,0,0,3,0,5,0,14,154,253,255,118,2,1,0,0,1,4,0,0,0,0,0,0,5,2,0,0,2,0,0,0,0,0,2,78,255,253,252,84,0,1,0,0,2,0,3,2,0,0,4,1,1,0,3,0,0,0,1,0,2,2,0,224,254,254,136,1,1,1,0,0,3,5,0,0,1,1,6,2,0,0,3,2,0,1,0,0,0,5,115,251,255,164,9,0,2,6,5,0,0,1,1,0,0,0,0,4,0,0,0,1,0,1,0,0,0,31,255,255,240,60,0,1,1,1,0,0,1,0,0,1,0,1,2,0,3,1,3,0,0,1,0,0,0,173,255,233,161,0,4,2,0,3,0,0,1,0,0,0,4,0,0,0,2,6,3,0,2,2,0,2,72,236,255,180,1,1,1,0,0,0,0,0,2,1,1,2,1,0,3,2,0,0,0,0,0,0,1,0,241,253,251,101,1,3,0,0,2,0,2,0,0,0,0,1,0,0,0,0,0,0,2,0,0,1,2,40,245,248,107,8,0,0,4,0,0,3,0,0,0,0,0,3,1,1,2,0,2,0,3,0,0,1,1,139,254,223,0,0,3,0,0,0,0,0,1,3,0,0,0,0,1,0,0,0,4,2,0,0,0,0,21,189,254,150,0,3,2,2,0,2,0,0,2,0,4,0,0,5,1,1,0,2,1,1,0,2,0,2,136,254,253,108,0,0,1,0,0,0,4,0,0,0,0,3,0,0,0,1,0,0,1,3,0,2,0,1,39,255,253,225,1,0,1,1,0,0,0,1,0,1,3,0,0,0,0,0,0,1,0,0,0,0,0,0,37,252,255,224,0,2,2,0,0,3,2,0,0,0,5,1,1,0,0,1,2,0,0,0,0,3,0,0,6,133,255,245,78,0,0,0,2,0,1,1,0,0,0,0,0,1,0,0,2,0,2,0,0,1,0,1,2,0,143,132,0,0,0,0,0,0,0,0,1,0,0,0,1,0,3,0,1,0,0,2,0,0,0,0,1,0,0,0,0,0,0,2,1,0,2,0,0,0,0,0,0,0,0,0,3,0,1,2,4,2,0,0,0,0,1,3,0,0,3,2,1,2,2,2,0,0,1,1,0,1,2,0,0,2,2,0,1,0,0,0,1,0,0,0,1,0,0,5,0,0,3,0,2,0,5,1,0,0,0,0,1,0,0,0,0,0,0,1,1,0,5,1,0,1,0,0,0,0,2,0,2,3,0,0,0,0,1
0,2,2,2,0,2,3,0,3,6,0,0,3,0,0,0,5,3,0,0,0,0,3,0,0,1,1,4,3,0,0,1,0,3,0,1,2,3,1,0,0,3,0,0,0,2,0,0,0,1,0,1,0,2,0,1,0,0,0,2,0,2,2,0,1,0,0,0,0,1,0,0,0,3,2,0,0,2,1,0,0,2,0,2,0,1,2,0,0,0,0,0,2,2,0,0,0,0,2,1,1,3,2,0,2,0,1,2,1,0,2,1,0,0,0,0,0,1,0,1,0,0,0,2,0,3,0,0,0,0,3,3,4,2,2,0,0,0,3,0,0,0,3,0,0,0,0,5,0,2,0,0,0,0,0,0,4,0,2,0,5,0,0,5,2,0,0,0,3,5,0,3,0,1,1,0,0,0,3,18,87,202,253,254,142,5,0,3,0,5,0,0,2,0,1,2,0,0,0,0,0,1,0,0,3,3,19,207,251,249,252,251,226,15,0,1,0,1,0,1,1,0,0,1,1,0,2,0,0,5,2,0,0,63,201,252,255,182,41,133,221,21,0,0,0,0,0,1,0,1,1,0,3,0,0,0,5,0,0,5,36,236,249,255,153,18,0,45,118,14,38,0,0,0,0,3,3,6,0,1,3,3,0,3,0,0,0,17,205,255,196,0,0,0,0,0,126,220,161,0,1,0,3,1,0,0,0,0,1,0,0,3,0,3,1,151,251,248,171,14,2,43,77,161,252,252,207,0,2,0,3,3,0,0,1,1,0,0,0,1,0,0,1,204,251,249,253,222,211,245,250,254,255,253,244,0,0,0,0,2,1,1,4,2,2,0,2,2,2,0,0,184,254,254,255,255,252,253,249,254,255,249,129,0,4,5,1,0,2,0,1,0,0,2,0,0,0,0,0,29,173,218,251,205,190,110,58,0,234,253,135,0,0,1,0,4,0,0,0,5,2,2,3,0,0,0,0,0,1,11,21,7,0,2,0,40,243,253,70,6,6,2,0,0,0,0,0,0,0,0,0,4,0,3,4,0,3,5,4,0,0,2,1,73,249,251,73,0,0,0,0,3,0,0,0,0,0,1,0,1,0,0,0,0,0,0,0,1,0,4,3,71,255,255,64,0,2,0,2,3,1,1,0,0,0,0,1,0,0,0,1,0,0,1,1,0,0,1,0,162,253,253,68,0,2,1,2,0,1,0,0,1,0,0,0,3,2,1,0,2,0,0,0,1,2,0,0,159,253,233,18,2,4,0,4,1,0,0,4,0,0,0,0,3,3,0,1,0,0,2,2,0,0,0,3,161,255,240,37,0,0,0,0,0,0,0,0,0,0,0,1,2,3,0,0,0,0,0,0,0,0,2,2,195,255,248,51,0,2,0,1,4,0,3,2,1,0,0,1,0,1,0,3,0,0,0,1,2,0,2,0,193,250,253,68,0,0,0,0,0,0,0,0,0,5,1,2,0,0,1,0,0,2,4,0,0,1,0,0,149,252,250,72,0,1,2,1,0,0,2,0,0,0,0,2,0,0,0,0,0,0,4,1,0,0,0,0,102,255,236,37,2,0,0,0,2,2,0,0,2,2,1,0,0,1,3,0,0,6,1,0,1,0,0,0,26,204,68,2,0,2,0,0,4,1,0,0,1,0,0,0,0,1,0,2,4,2,0,0,4,0,0,0,0,1,0,0,0,3,2,0,0,0,0,3,3,0,4,2,1,1,5,4,1,4,0,0,1,2,0,4,0,0,0,0,2,1,4,0,1,0,0,0,0
0,0,0,1,0,1,0,1,2,5,0,1,0,0,2,6,2,1,0,1,1,0,0,2,1,0,0,0,1,5,0,2,0,0,1,2,0,1,3,1,4,0,1,1,0,0,0,2,1,2,0,0,5,0,0,1,1,0,1,0,0,1,0,0,1,0,0,0,0,2,0,0,4,1,0,0,0,0,0,1,0,1,0,5,1,0,5,0,5,1,0,0,0,2,0,2,0,3,0,1,1,0,3,0,0,0,0,2,0,4,1,0,0,2,0,0,3,1,3,1,1,0,5,3,0,224,226,0,1,0,0,0,0,1,0,3,0,1,0,0,0,0,0,0,0,0,2,0,0,0,3,0,0,255,228,0,0,2,0,0,2,4,0,0,0,0,0,0,0,1,1,0,0,2,0,0,0,0,0,0,86,200,56,0,5,2,4,200,115,0,0,0,1,4,0,1,0,0,0,3,0,0,0,0,0,0,1,34,255,197,1,2,0,0,33,254,0,0,2,0,4,0,0,0,0,1,4,0,0,2,2,0,0,0,0,198,255,87,0,0,0,0,170,255,2,1,0,0,1,0,2,2,4,0,0,5,0,0,0,0,1,0,139,255,167,0,0,0,0,0,255,197,0,0,5,1,0,1,0,2,0,0,2,1,0,0,1,2,2,56,255,227,29,0,1,2,2,111,248,115,0,0,0,1,3,1,1,2,0,0,2,0,0,2,0,0,4,223,255,90,3,1,0,0,3,198,252,0,1,0,0,2,1,0,5,0,0,0,0,2,0,0,2,0,58,254,231,0,0,0,0,0,0,252,194,0,2,0,4,0,0,0,0,2,3,0,0,2,0,0,0,0,197,254,57,0,0,4,0,1,115,253,86,0,2,4,1,0,2,0,1,0,0,0,0,0,0,2,1,0,254,255,0,0,0,2,0,0,230,253,2,1,0,117,0,0,1,0,0,0,3,0,0,0,5,1,3,0,255,255,0,1,0,0,0,55,254,196,5,53,199,222,0,3,1,0,1,1,0,0,2,2,2,0,1,0,224,253,255,168,113,84,83,171,255,254,255,252,255,84,0,0,1,0,3,1,0,0,0,1,0,1,0,3,0,138,251,255,255,255,255,255,255,197,170,84,0,0,3,0,0,0,1,0,2,1,0,3,1,2,0,3,1,0,0,85,89,171,224,254,172,3,0,0,0,0,2,0,3,3,2,0,0,1,0,0,2,2,3,1,0,0,0,2,0,0,254,255,28,0,0,0,0,0,4,0,0,2,0,0,0,4,0,0,2,1,5,2,0,6,0,2,0,2,255,249,0,0,0,1,0,0,0,0,2,0,0,0,0,0,1,0,2,3,0,0,1,0,0,5,0,0,254,168,1,0,0,0,0,3,0,0,0,0,0,0,0,2,0,1,1,3,2,2,1,0,2,1,0,0,254,201,29,0,0,2,2,1,0,0,2,0,0,0,4,2,0,1,0,5,0,0,0,4,0,0,0,0,197,226,28,0,2,3,0,3,0,4,0,2,0,2,2,0,0,1,0,0,0,0,0,0,0,1,0,4,2,0,0,0,3,2,3,0,1,0,0,1,3,0,0,0,3,1,3,1,0,0,0,0,0,0,4,1,4,0,0,0,8,3,0,0,2,0,0,0,0,0,0,0,2,4,1,0,6,0,0,2,0,0,0,0,0,2,0,3,2,0,0,0,2,2,0,2,0,1,0,0,1,1,2,2,0,1,0,2,0,5,1,0,2,0,0,3,0,1,2,0,0,0,0,3,3,0
0,1,0,0,1,1,1,0,1,0,1,0,1,0,0,0,0,0,0,0,0,2,6,0,0,1,0,0,2,2,1,1,0,0,3,0,1,3,0,0,2,0,2,0,2,0,4,2,2,1,2,1,0,0,2,1,1,3,0,2,0,2,0,0,1,0,0,0,0,0,0,0,0,0,2,0,3,1,3,1,0,0,0,0,0,2,0,0,2,5,0,2,0,0,0,2,0,0,0,0,0,0,0,0,0,0,0,0,0,0,0,1,0,0,2,0,0,0,0,1,3,0,0,4,0,0,0,50,127,209,179,134,8,2,0,2,0,0,0,0,0,0,0,0,3,0,0,2,1,0,0,0,0,55,178,247,255,249,251,254,170,6,0,0,0,0,0,1,1,0,0,1,2,0,0,2,0,0,4,0,60,232,255,220,109,79,115,254,254,77,0,2,0,0,1,0,4,0,1,0,0,0,0,0,0,0,0,41,236,250,130,14,5,2,53,252,254,79,0,0,4,0,2,0,0,3,2,3,2,2,0,0,1,0,6,180,252,139,2,0,0,30,218,255,200,17,0,2,4,3,0,2,2,3,0,0,1,0,0,0,2,0,9,209,255,57,0,0,101,255,253,217,29,0,0,0,2,0,0,0,2,1,1,0,1,0,0,1,0,0,0,174,253,61,35,122,244,250,202,57,2,2,5,0,0,0,2,0,0,0,6,0,0,0,3,2,0,0,0,176,254,225,225,255,251,251,192,146,27,1,4,0,0,0,3,2,2,0,0,0,0,0,0,2,0,0,0,140,250,249,254,246,186,230,138,11,2,0,0,0,5,0,0,0,0,1,2,0,0,0,0,0,0,0,0,73,243,254,252,254,190,26,1,0,2,0,0,5,0,0,0,2,1,1,0,0,0,1,0,0,0,1,0,41,162,255,255,237,20,0,0,2,0,0,5,0,0,4,1,1,2,3,0,0,0,0,1,0,1,0,107,241,252,210,196,255,224,26,0,0,0,2,1,0,0,0,0,0,0,4,0,0,3,0,0,0,1,101,238,255,196,47,42,240,250,144,0,0,0,0,0,0,0,0,3,3,0,0,5,0,0,0,0,8,147,253,248,116,8,0,1,75,252,251,55,1,3,0,2,0,1,2,1,0,0,1,3,0,2,0,0,36,250,254,119,1,2,1,0,18,252,250,56,1,0,1,2,1,4,0,0,0,1,0,0,3,0,3,1,198,253,224,14,0,2,0,1,43,255,240,48,0,1,0,0,3,2,1,0,4,0,2,0,2,3,3,67,251,252,67,2,0,0,13,107,231,251,122,0,0,2,0,3,1,0,0,0,1,2,2,0,0,3,0,83,255,253,79,16,82,170,204,254,251,169,8,0,0,0,0,1,0,2,0,1,0,1,0,0,3,0,0,38,224,253,253,237,255,251,250,191,109,9,0,0,1,1,0,4,0,0,0,2,1,1,0,0,0,0,0,0,51,230,255,250,218,98,55,0,0,1,0,0,0,4,2,1,0,0,4,0,0,2,5,0,0,1,0,0,0,0,0,0,1,0,0,0,0,0,3,0,3,0,0,1,0,0,0,0,0,0,1,0,3,0,0,2,0,0,0,0,3,3,2,0,2,0,0,2,3,0,0,2,2,0,3,1,0,0,0,1,0,3,0,4,0,3,0,0,0,2,1,0,1,0,1,0,0,0,0,0,2,0,0,2,0,0,1,0,0,0,0,0,1,4,0,0,0,2,4,0,0,0,2,0,0,1,0,0,1,0,0,2,0
0,0,0,0,2,1,0,2,0,0,2,0,3,0,0,4,0,0,3,0,5,2,1,2,0,0,0,0,0,0,2,0,0,1,2,0,1,0,3,0,1,2,2,2,0,0,0,0,0,0,0,0,1,0,0,0,1,0,2,0,0,0,0,0,0,0,0,4,0,4,0,0,2,1,2,0,0,0,4,0,1,0,3,3,0,0,0,0,1,1,1,0,0,3,0,2,1,0,0,0,3,0,0,0,2,0,1,2,0,3,1,0,0,0,0,1,1,1,3,0,2,1,4,0,3,0,0,0,4,0,0,0,2,0,0,0,1,2,4,0,1,2,0,2,5,0,0,2,1,0,2,0,3,0,0,0,0,0,0,0,0,0,1,0,3,0,0,4,0,0,0,4,1,0,0,0,0,0,30,69,163,194,161,194,104,7,0,0,3,0,3,2,0,2,0,1,0,1,1,0,3,1,2,2,0,28,226,255,254,255,251,251,255,123,1,0,0,3,4,0,0,3,5,0,0,0,2,0,0,0,0,0,1,9,131,255,245,145,114,255,252,227,25,3,3,1,2,0,1,0,2,1,2,3,0,1,0,4,0,2,3,0,13,159,86,0,23,254,254,236,31,0,1,0,0,0,4,0,0,5,0,5,0,0,0,0,1,0,0,0,1,0,4,0,50,252,252,240,31,0,2,3,3,2,0,1,0,0,0,1,2,0,0,0,4,0,0,3,0,0,0,0,114,252,254,243,37,0,0,3,0,2,0,3,1,0,0,0,2,2,0,0,0,4,0,4,3,1,0,1,154,247,255,197,1,1,1,1,5,0,0,0,1,0,1,0,0,0,0,0,2,0,2,0,3,3,1,67,243,255,252,109,0,0,0,0,0,0,4,3,3,0,0,0,4,0,0,0,0,2,0,0,0,0,0,139,253,255,255,51,0,2,0,0,2,0,0,0,0,0,0,2,0,0,5,1,5,4,0,0,1,1,10,194,249,253,143,2,2,1,4,0,1,0,0,0,0,0,2,0,0,0,0,2,2,0,0,0,2,1,112,252,252,254,19,0,0,3,0,0,0,2,0,0,0,2,0,0,2,0,0,0,0,0,0,1,2,0,197,250,254,153,0,0,1,0,0,2,0,2,0,0,4,0,4,0,0,0,0,4,0,0,1,2,1,0,255,255,240,24,0,0,0,0,1,2,0,0,0,0,0,0,0,0,2,3,0,0,4,0,2,0,0,70,252,252,162,0,0,2,3,1,0,1,0,1,2,2,0,0,0,1,0,0,0,0,0,3,1,1,8,218,255,253,45,1,1,4,0,0,0,3,0,0,4,4,2,1,0,0,0,6,0,0,1,0,2,3,28,252,255,249,43,0,0,3,1,0,1,0,0,2,2,0,0,4,0,0,2,0,4,2,2,3,0,0,27,249,254,255,48,5,0,0,0,2,0,0,0,0,4,0,2,1,1,0,2,0,1,3,1,1,0,3,111,254,254,175,6,0,0,5,0,0,0,1,0,1,0,0,6,3,0,1,0,0,0,0,0,0,0,4,63,211,243,204,2,0,1,0,0,0,0,1,0,2,0,0,0,0,0,0,0,0,4,0,0,1,0,1,0,24,136,98,2,0,4,0,0,0,0,2,1,0,0,1,0,0,1,0,5,0,1,2,0,2,1,0,0,4,0,0,3,0,0,0,1,0,3,4,2,0,2,4,3,0,0,2,0,1,0,1,0,0,1,3,1,0,0,3,3,0,2,0,4,0,1,0,4,4,2,0,0,1
0,2,1,0,0,2,3,3,0,0,2,5,0,0,0,0,1,4,0,3,1,2,0,0,0,0,0,0,0,5,0,0,0,2,1,1,1,0,0,0,4,0,1,4,0,2,4,0,0,3,0,0,1,3,0,0,1,0,0,2,0,0,0,0,0,0,3,0,0,0,0,0,2,0,0,0,0,0,0,2,0,0,0,0,1,1,3,1,4,0,0,1,2,0,0,3,0,0,0,0,2,2,0,4,7,1,0,1,0,0,3,0,0,2,0,2,0,1,0,1,2,0,1,0,0,2,3,2,2,0,1,0,0,3,0,4,0,1,0,0,0,0,0,1,2,2,1,2,0,127,252,255,214,163,160,145,65,0,0,2,0,1,1,0,4,0,0,0,0,0,0,0,0,1,0,0,1,78,193,205,193,198,232,251,236,53,1,1,0,0,0,1,0,0,2,1,0,3,0,0,1,0,1,0,2,1,0,0,3,3,85,255,253,141,0,0,2,0,0,0,5,0,1,2,0,1,0,3,1,3,4,2,4,1,1,0,3,1,81,252,249,141,0,3,0,2,0,4,3,0,6,0,0,0,0,0,2,2,1,0,0,0,0,0,0,29,228,248,229,16,0,0,0,0,0,0,0,1,0,0,2,0,1,0,0,1,0,3,0,1,3,1,12,224,255,237,92,0,5,0,2,2,0,4,0,2,0,0,0,2,0,0,0,0,2,1,2,2,0,28,164,252,235,61,0,0,0,1,3,1,2,0,2,1,0,0,0,2,0,4,0,0,1,1,2,0,73,222,255,209,57,0,2,0,0,0,1,2,1,3,0,3,3,0,0,1,2,0,0,3,0,0,2,0,136,251,253,166,0,0,0,0,0,0,2,0,0,1,0,2,0,0,0,0,0,1,0,2,4,0,0,0,16,162,254,251,152,10,1,0,3,0,1,0,0,1,0,0,0,1,0,0,0,2,1,2,2,4,0,0,2,0,111,209,255,231,71,0,0,0,0,0,0,0,1,0,1,0,0,1,0,0,0,1,2,0,0,0,0,2,3,8,137,248,232,67,0,0,0,3,0,0,0,0,2,1,0,0,0,0,0,0,2,1,1,0,0,1,0,0,0,110,255,243,37,0,0,4,0,0,2,0,0,1,0,3,2,0,0,0,0,2,0,1,0,0,2,0,0,58,255,253,143,0,3,0,0,0,0,0,0,3,1,3,0,0,0,2,0,2,2,0,0,0,0,0,27,181,255,255,93,0,3,3,0,0,3,3,3,0,3,0,0,0,5,4,4,1,0,0,1,3,3,0,101,253,255,244,26,0,3,1,0,0,3,0,0,0,0,0,0,2,0,0,1,0,0,2,0,0,0,71,245,255,248,87,1,1,0,0,0,1,0,5,0,0,0,0,6,0,5,8,1,5,1,0,88,35,80,241,255,245,120,0,4,0,0,2,4,3,1,0,5,0,0,0,0,0,0,0,2,1,3,87,249,234,249,253,208,79,2,4,0,0,3,0,0,0,5,3,2,2,2,0,0,0,0,1,0,3,0,24,241,252,248,130,0,0,3,2,0,1,0,0,0,0,1,2,0,0,3,2,0,1,3,4,1,2,0,0,0,0,0,3,0,1,0,0,0,2,1,0,0,0,0,0,1,0,0,0,0,3,1,2,2,0,0,0,0,0,2,0,2,3,0,5,3,3,0,1,0,0,0,0,0,2,0,1,0,6,0,1,1,2,0,0,3,0,0,2,0,0,2,0,0,0,1,0,0,2,0,3,0,0
2,0,2,0,1,2,0,4,0,0,0,0,0,4,4,0,5,0,0,0,0,0,0,3,0,1,0,0,0,3,2,2,2,0,3,0,0,1,0,0,1,0,0,0,5,0,0,2,2,3,1,0,3,0,0,0,0,0,0,0,0,0,1,3,0,0,0,0,2,5,0,0,3,0,0,0,1,0,2,2,2,0,0,4,2,0,0,4,0,1,0,0,0,0,0,1,2,0,2,1,0,3,1,0,2,0,0,0,0,3,1,0,0,0,0,0,0,5,4,0,0,0,0,2,0,0,2,0,1,0,1,0,0,3,0,2,1,1,0,4,4,1,3,0,2,2,0,0,0,0,0,3,0,0,0,0,0,0,3,0,3,2,1,0,0,0,0,2,0,0,1,4,0,1,0,0,3,1,0,0,1,0,0,1,0,1,0,0,1,0,0,0,2,0,0,0,0,0,0,0,0,1,2,2,0,0,1,109,152,254,252,252,207,86,8,0,0,0,0,0,0,0,0,0,0,2,1,2,1,1,0,3,1,20,185,246,251,255,249,248,252,255,118,0,0,2,0,0,0,0,0,4,0,0,3,5,0,4,0,2,2,195,255,246,113,72,37,90,178,250,233,21,0,0,1,0,0,1,0,0,1,0,0,1,0,0,0,0,35,238,248,120,2,0,0,0,17,186,253,162,4,0,3,0,0,0,0,1,3,0,0,0,0,2,0,0,139,251,197,9,5,3,0,18,222,255,255,173,0,3,0,2,0,0,2,0,0,0,0,2,0,0,0,1,175,253,79,3,0,0,0,73,254,250,254,119,1,0,0,0,0,0,0,0,3,2,6,4,1,3,3,6,208,252,68,4,1,0,4,230,252,253,244,55,0,0,2,0,0,0,1,0,2,1,0,1,4,0,0,0,174,251,69,0,2,11,163,253,250,201,62,0,1,3,0,0,0,1,0,0,2,5,0,3,1,2,0,2,139,255,181,45,0,166,254,254,250,124,0,1,0,2,0,4,0,2,1,2,0,0,2,1,0,0,0,1,34,221,252,255,250,255,254,234,251,185,0,0,0,0,2,0,0,0,0,0,0,0,1,2,0,0,1,0,0,35,195,247,251,187,110,161,252,179,0,0,0,1,4,1,0,0,0,0,0,0,0,2,0,0,0,1,0,3,1,0,0,2,0,161,254,182,2,2,0,0,0,0,1,0,0,1,1,0,2,5,0,4,1,2,1,0,3,1,0,0,0,160,252,189,1,1,0,0,0,0,3,0,2,0,0,2,0,0,0,0,1,3,1,0,0,0,0,4,0,157,253,254,28,4,0,0,5,0,0,0,0,0,0,0,0,0,0,2,1,1,1,4,3,3,0,2,5,71,252,251,28,0,1,1,1,0,3,1,0,0,0,1,2,2,2,0,0,0,0,0,0,1,3,2,0,61,250,250,69,0,6,4,1,1,0,3,0,2,3,2,1,2,3,3,0,0,1,2,0,0,0,0,0,59,252,253,32,0,0,0,0,2,0,0,1,1,0,2,5,1,1,0,2,2,0,0,0,1,2,0,0,60,253,254,67,0,0,0,0,0,2,0,0,1,2,0,0,4,0,0,3,1,1,0,0,4,0,1,0,3,214,252,127,1,0,1,0,1,1,0,0,1,0,0,0,1,0,0,1,0,3,0,0,0,2,0,0,2,177,225,41,0,4,0,0,0,1,0,1,0,2,0,0,0,2,1,0,3,0,0,1,0,3,0,0,0,0,0,0,0,0,2,0,1,0,0,4,0
0,1,0,2,5,0,0,1,0,0,3,1,1,0,6,0,0,0,0,1,0,3,2,0,1,2,0,0,0,0,0,0,0,0,0,0,4,0,1,3,3,1,2,0,0,0,1,4,0,0,1,1,0,0,4,0,0,2,2,0,0,0,0,2,0,0,0,0,0,1,0,1,0,0,0,2,0,4,0,0,0,0,0,0,0,0,1,5,4,6,3,0,0,0,1,0,0,0,1,1,0,0,0,0,0,0,2,0,0,1,0,1,0,2,1,1,0,4,1,0,1,4,0,0,0,2,2,3,1,2,0,1,0,3,0,0,0,3,0,2,2,0,5,0,1,4,0,1,2,2,2,4,3,0,0,0,0,0,0,2,0,0,0,1,0,0,4,2,4,1,1,2,0,0,2,0,1,201,251,169,92,27,28,19,0,0,0,2,0,1,0,0,0,1,2,0,4,0,4,2,2,2,0,0,0,255,253,249,251,253,254,224,44,1,0,0,0,0,0,3,3,0,0,1,0,1,0,0,0,0,0,0,0,130,249,251,254,255,253,255,177,2,0,0,0,0,0,2,0,0,3,3,0,2,1,0,0,0,1,1,0,9,125,200,152,253,253,254,250,0,0,0,1,1,0,1,3,0,3,0,0,1,1,0,4,1,0,0,0,2,0,1,0,3,27,164,252,60,1,0,4,0,1,1,2,0,4,0,0,1,0,0,0,0,2,3,0,0,0,2,0,0,3,82,254,115,3,0,1,0,0,5,2,0,0,3,5,0,0,1,0,0,0,0,0,1,0,4,0,0,0,88,249,116,3,0,2,1,4,0,0,0,2,0,0,3,0,1,1,0,0,2,0,1,3,3,1,3,0,86,251,63,0,0,3,0,2,5,4,0,0,3,1,5,0,2,4,2,0,1,3,1,3,0,2,0,2,148,255,29,26,30,4,1,1,2,0,0,1,2,0,0,0,1,1,0,0,2,0,2,2,18,55,169,168,234,254,255,250,252,149,0,0,0,0,3,0,0,3,0,2,0,0,0,0,2,0,0,82,213,254,252,251,251,255,252,235,128,36,0,2,0,1,0,0,3,0,0,0,0,0,0,0,0,2,23,242,247,252,254,252,253,251,129,23,0,0,0,0,0,1,0,4,3,0,0,2,0,0,4,1,0,0,1,150,188,115,192,253,205,15,4,0,0,4,1,1,0,0,2,3,0,0,0,0,1,1,0,2,0,1,0,0,0,0,164,251,166,4,3,0,0,0,4,0,1,0,0,0,0,0,0,3,1,2,0,0,1,0,0,0,0,1,253,254,80,2,0,0,3,0,0,0,0,2,3,1,0,3,0,2,1,2,0,0,2,0,0,0,2,0,250,202,6,0,0,2,0,0,2,1,0,0,3,3,1,1,0,0,0,0,0,1,3,2,1,1,2,50,255,84,2,0,0,0,0,0,4,0,0,0,0,2,0,0,3,0,1,0,0,2,0,2,0,1,0,0,250,85,3,0,0,0,0,0,2,0,3,0,0,0,3,5,0,0,0,0,0,0,0,0,0,0,0,0,255,85,0,0,0,2,0,0,0,2,0,0,0,0,1,0,0,3,2,0,2,0,0,0,1,0,0,2,157,84,1,0,0,4,0,0,0,0,0,0,1,3,2,3,1,2,0,0,1,0,0,2,1,3,2,0,3,1,0,1,0,1,0,0,3,0,0,2,3,4,1,0,1,0,1,3,2,0,2,1,0,4,0,0,4,0,5,0,1,0,2,2,0,0,3,0,4,0,7
0,2,0,0,2,0,0,5,4,0,3,2,0,0,0,0,0,0,1,0,0,3,0,0,4,0,0,3,0,2,0,0,0,2,0,0,1,0,0,0,0,0,0,0,1,0,0,0,0,0,0,0,0,0,0,0,0,0,3,0,0,3,1,0,0,0,1,2,4,1,0,1,1,5,1,4,1,0,2,0,0,4,0,0,0,0,0,3,0,0,7,2,2,1,0,4,0,0,0,0,0,0,0,2,0,0,4,2,0,2,0,0,0,1,0,0,2,0,0,0,3,0,1,0,1,0,0,100,252,84,1,2,2,0,0,0,0,3,0,0,2,0,0,0,0,0,1,0,0,2,3,2,0,1,109,252,254,72,4,1,0,2,0,3,0,0,4,0,1,0,0,2,1,0,0,3,0,0,2,0,2,57,252,242,83,0,2,2,0,0,1,2,1,0,0,0,0,0,0,0,1,1,0,3,0,0,2,0,43,225,250,107,1,0,7,1,2,0,0,2,0,1,0,4,5,4,0,1,0,3,0,0,4,1,0,30,228,252,113,1,0,0,0,2,0,0,2,0,0,0,0,0,3,0,1,0,0,0,0,0,3,0,5,174,247,140,2,0,2,1,0,1,4,0,2,0,0,0,0,0,0,0,0,0,0,3,0,0,3,3,119,255,165,0,1,0,0,174,98,0,0,1,3,0,0,0,1,0,2,2,0,2,6,0,0,1,2,34,228,207,41,1,0,1,31,255,213,9,0,0,2,0,6,0,0,0,0,0,4,1,3,0,0,2,1,153,255,111,2,0,2,6,160,255,187,0,0,3,0,2,2,0,0,2,3,0,4,2,0,1,2,1,37,246,180,0,2,1,0,33,255,253,108,2,0,0,0,0,0,0,0,0,4,0,0,1,2,2,0,0,107,252,180,0,0,0,2,118,255,252,23,0,2,0,3,0,2,1,1,2,0,0,0,2,4,0,2,2,38,250,253,178,49,0,36,244,249,155,1,1,0,1,1,0,2,0,1,0,3,0,0,0,0,0,0,0,2,123,254,254,235,185,240,252,252,29,0,0,0,0,0,0,2,0,0,2,4,2,1,0,1,0,2,1,0,3,88,225,254,253,253,253,190,0,0,3,0,1,0,4,0,0,0,1,0,3,1,0,0,0,1,0,0,1,1,7,9,49,253,244,28,3,0,0,2,2,0,0,0,0,0,1,3,0,0,0,0,3,0,0,0,0,2,0,0,61,255,213,1,0,0,1,2,0,0,1,1,0,0,0,1,0,0,0,1,5,0,1,0,0,0,3,0,176,255,148,0,0,3,0,0,0,2,0,2,3,0,0,0,0,1,0,3,0,3,0,0,2,0,0,50,249,254,148,0,0,0,3,0,0,0,0,0,1,0,0,0,2,0,0,0,0,0,0,0,0,0,0,58,253,243,55,0,0,6,0,0,0,0,0,0,0,0,0,3,0,6,0,3,0,1,0,1,0,3,2,37,244,190,0,3,1,0,0,0,0,1,0,0,0,0,1,0,0,3,1,1,1,3,1,0,0,1,0,0,2,0,2,3,4,1,0,0,2,0,1,0,0,0,0,3,1,0,2,0,0,2,0,0,0,0,0,4,0,0,0,0,2,0,1,2,1,1,0,2,1,0,1,0,1,1,0,0,2,1,0,0,0,0,3,1,0,0,5,0,1,0,4,4,1,0,2,0,0,0,0,3,0,3,0,0,4,0,2,1,0,2,1,2,0,0,0,0,1,0,0,0,1,0,0,0,0,0,0
0,1,1,0,0,0,0,2,1,0,3,1,0,0,1,4,2,0,0,1,2,0,2,2,0,0,2,3,1,2,0,0,2,0,0,0,0,0,0,0,0,0,0,0,1,0,4,0,1,1,4,2,0,3,1,0,0,5,1,0,3,0,0,2,1,1,0,1,0,0,2,0,0,0,0,3,2,0,0,1,0,3,2,0,0,1,0,0,1,0,2,3,0,1,0,0,0,0,0,1,0,0,0,0,0,1,0,3,0,2,0,0,0,0,0,0,5,3,0,3,3,1,0,0,1,0,0,5,0,0,1,0,0,3,2,0,0,0,0,0,0,0,5,0,1,0,1,2,0,2,0,116,178,1,0,0,0,1,0,0,0,4,0,0,4,0,5,0,0,2,0,1,4,0,0,2,1,0,0,199,176,2,0,2,1,0,0,0,0,0,0,0,0,0,0,3,2,0,1,0,0,0,3,0,0,0,18,225,172,0,4,0,1,1,0,2,1,1,0,0,0,2,0,3,0,0,0,0,2,0,0,1,0,3,116,255,161,1,1,1,1,0,39,101,0,0,0,1,1,0,1,0,0,0,0,0,0,2,0,6,0,2,154,254,77,4,5,1,3,0,139,251,3,2,0,0,1,3,1,0,0,1,0,1,0,0,0,2,7,2,176,234,0,1,2,0,0,69,244,190,1,8,0,0,2,0,0,2,0,0,1,2,2,1,0,1,0,2,255,147,0,2,0,0,25,209,250,110,1,1,4,1,0,0,0,0,3,5,4,0,1,2,1,0,2,68,249,134,0,0,1,19,228,254,227,18,0,0,0,0,3,0,0,2,0,0,0,0,1,0,2,0,0,10,253,152,2,1,66,240,254,251,127,1,2,0,0,0,0,3,0,1,0,0,0,0,2,1,1,2,0,1,174,248,127,113,238,254,255,255,41,2,0,0,4,1,2,0,0,5,0,0,0,2,0,0,0,0,0,0,60,231,255,255,255,196,227,205,8,0,0,1,3,0,1,1,0,1,0,3,0,0,1,2,2,0,4,0,0,78,161,235,199,44,236,164,0,1,0,0,0,2,0,0,0,0,3,0,1,0,0,0,0,0,0,2,0,2,0,2,0,58,255,81,1,2,0,0,0,3,0,0,0,3,3,0,3,0,0,0,1,2,0,0,1,1,0,1,0,112,250,79,3,0,0,1,1,2,0,0,0,0,2,0,1,4,0,1,0,0,3,0,2,0,0,0,0,193,246,46,0,0,0,1,2,1,2,0,2,0,2,0,0,0,0,0,0,1,0,3,0,0,0,0,0,255,231,1,3,0,3,0,0,0,2,0,0,0,0,2,0,0,1,0,0,0,1,0,0,2,1,0,0,251,239,0,1,0,0,0,0,0,0,4,0,0,0,0,0,0,2,0,0,0,0,1,3,0,0,5,0,254,234,0,0,3,0,0,0,1,0,2,0,0,0,0,1,2,3,2,0,0,0,0,0,0,2,0,0,149,233,0,0,0,0,0,1,0,0,0,2,2,0,0,0,0,0,1,0,1,1,1,2,3,4,0,0,37,220,2,1,0,0,1,5,0,3,2,3,0,1,0,0,3,0,1,0,0,0,1,1,2,0,1,1,1,0,1,0,0,6,2,0,2,1,1,0,0,3,0,0,0,0,0,1,0,0,5,3,0,0,0,0,2,0,0,2,0,1,0,0,1,2,3,0,0,0,0,0,3,0,1,0,3,0,2,2,3,4,0,0,4,0,2,0,3,0,1,0,0,0,3,0,0
0,2,0,0,2,0,0,0,0,1,7,1,0,3,0,1,2,3,0,0,0,0,0,2,0,2,0,2,0,4,1,3,0,0,1,0,0,0,0,0,0,0,0,0,0,2,0,0,0,0,0,2,0,2,2,0,0,0,2,0,0,1,0,2,0,3,0,0,3,0,2,0,0,2,1,0,0,0,1,2,0,0,0,6,0,0,0,1,1,0,0,1,2,0,2,0,0,0,1,2,1,0,0,0,0,4,0,3,0,1,0,0,3,1,0,0,0,0,0,0,0,2,0,1,0,1,0,1,0,0,1,0,0,0,0,0,4,0,0,0,2,2,0,0,0,0,2,0,2,2,0,0,0,0,1,0,0,0,3,0,3,180,110,3,0,1,0,0,0,2,0,0,0,1,28,0,0,0,3,0,2,2,0,0,0,0,1,1,42,250,219,2,0,1,0,2,0,0,0,0,0,0,244,10,1,0,6,2,0,0,0,0,0,0,1,1,187,255,199,2,0,0,0,0,1,3,1,0,0,75,252,69,0,0,0,1,1,0,5,0,0,0,0,44,247,255,111,0,0,0,2,0,1,1,2,0,2,129,252,127,0,0,0,0,2,0,0,0,6,1,0,127,255,255,59,0,0,0,2,0,0,1,2,0,4,190,255,99,0,0,3,1,0,0,4,3,0,2,13,230,255,151,0,0,0,1,2,5,0,0,1,2,1,213,255,217,4,1,1,0,1,3,0,2,0,0,88,252,252,76,1,4,0,1,3,0,0,0,0,0,0,203,255,252,53,0,0,0,0,2,3,0,3,13,205,251,224,13,0,1,0,0,0,2,0,0,4,0,4,119,254,255,251,171,138,16,26,41,24,32,30,66,254,255,112,2,4,0,5,0,0,3,5,4,0,2,4,15,189,251,254,255,254,178,223,250,234,245,170,252,255,255,68,0,0,0,6,1,0,0,2,0,0,0,0,0,66,252,252,255,254,255,253,255,254,226,150,249,255,254,70,4,2,0,0,4,0,0,0,0,0,4,0,0,1,122,254,254,255,255,255,255,253,240,103,143,252,247,35,0,0,0,1,0,2,3,0,0,0,0,2,0,0,0,70,137,218,253,253,231,236,153,46,199,252,194,1,1,0,0,0,1,0,3,1,0,3,3,0,0,0,0,0,0,0,51,60,8,18,0,0,198,250,151,0,0,1,0,0,0,1,1,0,0,3,0,0,6,1,1,0,0,0,0,0,1,2,1,0,201,255,150,3,0,0,0,7,0,1,1,1,2,0,1,1,0,0,1,0,0,0,0,0,0,2,0,0,193,252,151,0,1,0,3,1,1,1,0,0,0,1,1,1,3,0,0,0,0,0,0,0,0,5,0,0,200,254,90,0,0,4,0,0,1,1,0,3,0,0,0,0,2,2,3,0,0,2,0,0,1,0,1,11,215,255,65,0,0,0,0,4,0,0,0,3,0,0,4,0,2,0,2,0,5,1,0,0,0,3,0,0,200,255,86,0,0,2,2,3,0,0,0,3,0,0,0,0,0,0,0,0,5,0,1,1,0,0,0,1,141,120,2,3,2,0,0,0,3,1,0,0,0,0,2,0,0,1,4,0,2,5,1,1,0,1,0,2,0,0,2,0,4,0,0,0,0,0,2,1,5,1,0,1,0,0,2,1,0,2,1,0,5,0,3,0,6,0,0,0,0,0,1,0,0,2,5,0,2,3,5,0,0,2,3,0,1,2,0,0,0,3,4,0,2,0,3,0,3,0,0,0,0,0,1
0,3,0,3,6,0,1,4,0,0,0,3,0,0,0,1,1,0,0,0,0,1,0,1,1,1,0,0,0,0,0,0,1,0,2,2,1,1,0,0,0,2,0,3,3,1,1,0,0,0,1,0,0,0,2,1,0,1,0,0,0,1,0,0,3,0,2,0,0,3,0,2,1,1,0,0,0,0,2,3,1,0,0,0,1,0,2,0,1,3,1,0,0,0,3,1,3,1,2,0,0,0,1,1,0,0,0,4,4,0,1,3,0,0,3,0,1,0,1,1,0,1,3,0,4,0,0,0,0,2,0,3,0,0,0,0,0,1,0,0,0,0,0,1,4,1,1,0,2,0,0,1,1,0,0,0,1,1,3,0,1,0,0,1,2,1,3,3,1,3,4,1,2,2,0,1,0,0,0,0,1,0,40,154,237,215,63,0,0,2,2,0,1,3,5,0,0,0,2,1,0,2,5,1,0,2,2,0,0,156,250,223,177,213,246,44,1,0,2,0,0,0,3,1,2,0,3,0,2,2,0,3,0,2,0,17,191,255,108,2,0,10,215,93,0,0,1,3,0,4,1,3,0,1,0,0,1,3,0,1,0,0,0,190,254,78,7,4,1,3,197,154,0,0,0,1,0,3,0,0,1,0,1,0,0,0,1,1,0,0,125,254,112,2,1,1,0,6,210,127,4,1,1,0,1,0,0,0,0,0,0,0,0,2,1,0,0,87,247,137,0,0,0,3,4,75,255,96,0,5,2,0,3,0,0,0,0,2,2,0,0,1,1,1,4,226,206,19,1,0,0,0,13,220,255,67,2,0,2,0,0,0,0,0,0,0,0,0,0,5,1,0,75,251,68,0,5,3,0,0,14,226,216,7,0,0,2,0,3,2,1,0,0,0,3,1,2,0,0,0,201,253,26,0,1,4,2,7,191,252,60,2,3,1,2,2,4,0,0,1,2,4,1,3,0,2,0,0,223,255,37,0,0,1,52,201,253,182,3,1,0,0,1,0,0,0,0,0,1,3,1,0,0,0,2,1,69,252,233,135,129,200,249,255,255,69,1,0,0,0,1,3,1,2,0,1,1,0,0,0,0,0,2,2,2,60,151,200,166,134,140,255,221,14,3,0,0,0,0,0,0,0,0,2,1,0,0,2,2,0,0,0,0,3,0,1,0,3,125,249,168,0,0,0,0,1,2,0,0,3,4,0,0,1,0,0,2,0,0,1,0,0,2,0,4,0,130,253,136,0,3,1,0,2,0,0,4,2,0,0,0,2,2,0,0,3,0,0,0,5,0,0,0,0,163,255,72,0,1,2,0,6,0,0,0,3,1,2,0,3,0,0,0,4,0,0,0,3,3,4,2,1,215,228,13,0,0,0,0,1,3,0,2,1,0,0,0,2,3,0,0,0,4,0,0,0,0,2,0,103,255,154,0,0,0,0,1,1,0,0,0,3,1,0,0,3,0,3,0,0,1,0,1,0,0,0,2,129,255,93,52,1,0,2,4,5,0,0,1,0,1,0,0,0,1,6,0,0,0,4,0,0,0,2,4,196,255,239,61,0,0,0,2,0,1,2,3,0,0,0,0,3,0,1,4,3,0,1,2,0,4,0,3,131,216,53,0,0,1,4,1,0,0,0,0,1,2,0,0,0,0,0,0,2,0,0,6,2,0,0,1,2,5,2,0,0,0,0,1,4,2,4,1,1,0,5,1,1,2,0,2,0,0,4,0,0,0,2,0,0,0,2,1,1,0,0,0,0,1,2,2,2,0,1
4,0,3,3,2,0,0,0,5,0,0,0,0,0,0,0,0,3,0,2,2,0,0,2,2,0,3,0,2,2,0,1,2,1,4,0,0,0,0,0,0,0,0,2,0,1,0,0,0,0,0,0,2,0,1,2,0,0,0,0,0,0,2,0,1,0,2,0,4,0,3,0,1,1,1,2,1,2,1,0,0,3,1,3,0,2,0,1,1,0,1,0,0,0,0,0,0,0,0,6,0,2,3,0,1,1,0,3,0,0,0,3,1,2,2,0,0,2,0,1,0,0,0,1,0,1,3,1,1,0,3,0,1,3,3,0,0,1,0,2,4,0,0,1,0,2,1,0,0,5,0,0,0,0,14,162,255,197,3,0,1,0,1,2,2,0,1,0,4,1,1,1,0,0,1,0,1,0,0,213,142,177,241,182,226,255,200,119,0,0,0,0,0,0,0,0,3,4,0,0,0,1,2,3,0,24,196,254,252,253,255,241,235,241,246,254,165,0,1,2,0,1,0,0,0,0,2,0,0,0,1,1,64,235,255,246,253,208,87,26,25,26,45,241,215,0,2,0,1,1,5,0,1,0,1,2,2,1,0,36,227,251,253,243,127,10,2,4,0,2,70,251,186,10,0,2,0,0,0,0,0,2,0,0,1,5,4,193,254,254,255,79,3,2,1,7,0,3,72,255,237,31,0,1,0,0,7,0,0,0,2,0,0,3,51,255,251,246,78,5,0,0,4,1,0,0,157,255,216,0,0,1,0,0,2,0,0,0,2,3,1,2,49,254,250,161,0,3,2,3,0,1,0,25,218,255,128,3,0,0,0,1,0,0,0,1,0,0,4,1,4,71,144,7,0,0,0,3,0,1,0,134,252,221,19,1,0,1,2,2,1,7,0,0,3,0,0,0,4,0,0,0,0,0,1,2,0,3,0,185,255,153,0,0,0,0,0,0,0,1,0,0,3,0,0,0,0,1,1,0,1,4,0,16,30,88,122,253,251,100,1,1,0,0,2,0,0,0,0,0,0,0,0,0,0,0,1,0,0,0,15,177,235,255,253,249,228,10,3,2,3,2,0,0,2,1,1,0,1,0,5,1,0,0,0,1,0,149,250,253,254,255,255,255,191,5,0,1,1,0,1,1,1,0,1,0,0,1,0,4,1,0,2,0,84,252,255,254,255,255,255,253,230,39,0,0,1,0,0,0,2,0,4,0,0,0,3,0,0,0,0,8,252,251,223,254,253,255,208,96,251,199,0,0,3,0,0,3,3,2,2,1,1,2,2,5,0,1,1,13,254,251,252,254,255,227,33,2,247,229,21,2,1,0,1,1,0,0,0,2,0,2,0,0,0,0,0,8,255,255,252,255,165,20,0,0,246,255,83,4,0,3,0,2,0,0,0,0,0,0,0,0,0,0,1,4,211,251,252,135,12,0,0,0,171,255,151,1,0,0,1,0,0,0,2,0,2,0,3,0,0,2,0,0,22,150,52,0,0,0,1,0,149,251,90,1,0,0,0,0,0,0,2,4,0,0,2,3,2,0,0,0,1,1,5,1,1,0,0,0,0,84,67,5,0,2,4,0,1,2,0,1,0,1,3,2,2,4,1,0,1,0,0,0,0,0,0,0,0,0,2,0,0,0,0,4,0,1,0,0,4,2,0,2,0,1,0,0,2,0,0,0,1,2,0,0,0,0,1,2,0,0,0,0,0,1,0,0,0,0,0,0,2,4,0,0,0,0,6,0,0,0,0,0,0,2,0,0,0,0,0,2,3,1
1,1,0,1,2,2,0,0,0,0,4,0,0,4,0,2,0,4,0,2,0,2,0,0,0,5,0,2,4,0,1,0,0,1,0,0,0,4,2,2,0,3,4,0,0,1,1,0,3,0,0,0,0,0,4,0,0,0,0,1,0,0,0,2,3,2,0,0,0,2,3,0,2,2,0,0,1,0,0,0,0,1,0,1,3,1,0,0,2,1,1,5,2,1,0,0,0,0,1,0,4,0,0,0,0,2,0,2,0,2,0,0,1,0,1,0,2,2,0,1,1,0,2,0,0,0,0,0,1,1,0,0,0,1,0,2,4,0,0,1,0,1,5,0,0,1,0,0,0,0,0,0,62,62,254,182,251,137,121,119,38,0,0,0,0,0,0,0,1,0,0,0,0,0,0,91,214,239,236,236,245,245,254,252,252,251,255,255,80,0,2,1,1,2,3,2,0,0,0,0,4,1,130,246,253,203,250,254,252,252,251,248,251,250,252,249,201,1,2,0,0,0,2,0,0,0,3,0,0,3,229,251,252,158,237,168,174,102,111,40,37,37,170,251,244,78,0,2,0,1,1,0,0,1,8,0,0,0,226,252,253,108,43,0,1,0,2,0,0,0,13,53,54,22,1,2,0,0,4,4,0,0,0,0,1,3,127,255,253,65,0,0,0,0,0,0,1,2,0,0,1,2,1,0,0,2,0,0,0,0,0,0,1,3,97,251,252,98,42,39,15,17,3,2,0,3,0,0,0,0,0,1,0,0,2,0,0,0,1,0,0,0,33,216,255,251,250,254,202,202,163,103,21,0,0,1,0,0,0,0,0,1,0,0,0,0,0,0,0,0,0,80,252,254,254,251,251,253,252,251,209,108,10,2,0,0,0,0,3,4,0,0,0,2,0,0,0,5,0,79,251,255,253,253,254,253,253,255,255,249,185,0,1,0,3,1,1,1,0,0,0,0,1,0,0,1,0,3,36,157,233,146,188,196,192,249,253,253,253,129,0,0,2,3,3,0,0,0,1,3,0,0,0,0,1,2,5,0,12,5,6,4,11,139,243,253,251,254,74,0,0,1,1,0,0,3,0,2,3,0,0,0,6,0,0,4,1,0,0,2,1,0,20,217,253,247,127,0,4,1,3,2,0,1,3,2,0,1,2,0,0,0,0,0,0,0,0,0,1,0,0,211,252,253,248,76,2,0,0,1,1,0,0,1,0,0,0,0,1,0,1,3,4,3,0,0,5,3,111,241,250,254,220,20,0,0,0,1,2,0,0,1,2,2,1,3,0,3,11,15,4,1,32,54,185,188,245,252,250,252,214,0,0,0,0,0,0,0,0,2,1,2,0,0,1,0,158,187,173,173,218,250,247,253,250,246,253,242,105,0,0,1,0,2,0,0,0,1,0,0,3,1,0,1,111,244,253,253,249,255,248,251,251,253,243,108,0,5,0,0,0,1,3,0,0,1,1,3,1,1,1,0,2,175,242,252,251,251,255,249,243,235,105,2,0,1,0,0,1,1,2,0,0,0,1,3,0,0,2,0,0,0,14,132,252,250,118,68,0,3,1,0,0,3,0,0,2,0,4,4,1,0,0,2,1,0,0,0,0,2,0,0,0,0,0,2,0,2,0,0,3,1,0,5,1,5,0,1,0,3,1,1,2,1,0,0,1,2,1,0,0,0,0,0,1,2,3,2,0,0,0,0,0,0,2,0,0,7,0,5,3,0,1,0,0,0,0,1,0,0,0,0,0,2,1,1,4,0,0,1,1,2,0,0
3,0,0,0,0,0,0,2,0,1,5,1,0,2,0,1,2,0,3,3,0,0,3,0,0,0,0,0,0,0,0,0,0,3,0,0,1,2,2,1,1,2,1,0,2,0,1,3,1,0,0,3,4,0,0,0,4,0,0,1,0,3,0,1,0,0,0,1,0,0,0,0,0,0,0,1,4,0,3,1,0,0,2,0,0,3,0,0,2,0,0,1,0,0,6,3,0,0,3,0,0,0,1,0,1,4,1,2,1,0,4,0,0,0,0,0,0,0,4,1,1,0,3,3,6,0,86,220,215,21,2,2,0,0,0,0,0,0,1,1,0,2,0,2,0,2,0,0,6,0,0,0,0,85,219,247,182,20,2,0,0,0,2,4,0,1,0,0,3,3,2,0,2,0,0,1,0,3,1,0,56,216,229,62,0,1,0,5,0,2,0,0,0,2,0,0,0,0,0,0,1,2,0,0,0,0,3,27,248,249,97,1,0,0,0,0,2,0,3,0,3,0,2,1,1,0,2,0,3,0,0,0,0,1,0,148,255,133,0,0,3,0,0,3,3,19,119,44,5,0,4,0,3,0,0,4,0,1,1,2,3,1,37,238,250,67,2,0,1,1,6,0,0,48,255,50,1,0,0,0,0,1,1,3,0,2,4,1,3,0,144,255,72,0,1,1,2,0,0,3,90,250,225,25,2,0,2,0,0,0,0,2,0,0,0,1,2,51,233,243,5,4,2,1,0,2,0,17,206,254,209,28,3,0,2,0,1,0,1,2,0,0,0,2,0,189,254,126,0,4,2,0,0,0,0,207,251,242,60,0,2,0,2,2,0,1,0,0,2,0,1,0,12,206,234,21,1,3,0,1,0,22,114,252,249,102,0,0,0,0,0,1,1,0,1,0,4,2,0,0,53,255,167,0,0,0,5,2,0,131,255,255,133,0,2,0,0,0,0,0,3,0,0,0,3,3,2,0,53,255,201,10,0,1,14,95,185,247,254,160,16,1,3,1,1,1,2,0,0,2,0,3,3,1,0,2,55,254,255,230,120,180,235,251,255,253,203,2,0,2,1,0,0,0,0,2,2,3,0,0,0,0,0,0,1,129,247,255,255,249,252,255,251,97,6,0,0,1,0,2,2,0,0,0,4,0,0,0,0,0,0,0,0,0,38,108,104,152,255,249,106,0,2,0,1,0,0,0,0,3,0,0,0,5,0,5,0,0,1,1,0,0,0,1,109,253,244,104,4,1,0,0,0,6,1,0,3,0,1,0,0,0,0,1,0,1,1,4,0,0,0,27,246,253,180,1,3,0,0,0,2,0,0,4,1,1,5,0,2,0,0,2,0,1,1,0,0,0,2,142,253,194,22,0,0,0,0,0,0,0,3,4,0,0,1,3,2,1,0,1,3,2,0,5,3,1,0,230,255,113,2,0,0,0,2,0,4,1,1,2,0,3,3,1,0,0,0,3,0,1,0,0,3,3,3,163,198,60,2,2,2,2,1,0,3,0,2,4,0,1,3,0,4,1,0,0,0,0,0,0,0,1,3,2,2,1,0,4,0,0,1,0,0,0,0,3,1,0,1,0,0,0,0,2,0,0,0,1,5,0,0,1,2,1,2,0,0,2,1,3,2,1,0,1,0,0,1,1,0,0,3,0,2,0,1,0,2,0,0,1,1,3,0,0,4,0,0,0,0,3,0,0,0,0,0,0,4,1,3,0,0,1,0,0,0,4,0,0,2,1,0,2,2,0,1,0,0,0,0,0,0,0,0,0
0,1,0,0,0,0,0,0,0,0,0,0,0,1,0,6,0,0,0,0,0,0,1,3,0,0,1,0,0,0,3,3,0,0,0,0,2,0,0,0,4,2,6,0,0,0,0,1,0,2,0,0,0,1,0,0,2,0,0,0,0,0,0,6,0,3,3,0,0,0,0,1,0,2,2,0,2,1,1,0,3,1,0,4,0,0,3,0,1,0,2,0,0,0,0,1,0,3,5,0,0,0,0,0,1,1,0,0,0,0,0,0,0,1,0,0,1,0,0,0,0,0,1,0,0,1,0,1,0,5,2,0,0,0,1,1,0,0,0,0,0,0,3,0,3,0,0,0,0,1,0,4,1,0,5,0,0,0,1,1,0,0,0,2,0,0,1,1,1,0,2,0,1,0,0,211,208,79,18,0,3,4,0,0,1,1,2,0,0,0,0,1,0,1,0,1,0,0,0,1,1,0,0,194,255,252,248,158,130,35,9,0,0,5,0,1,0,0,1,0,0,1,1,0,0,5,1,0,0,1,0,26,188,222,252,253,253,255,187,40,0,2,2,1,1,0,2,1,0,0,0,0,0,0,0,3,2,0,1,0,1,29,79,185,214,208,250,223,125,2,2,0,0,0,4,0,0,1,1,0,0,0,2,1,6,1,0,0,1,3,1,0,22,12,51,194,253,35,3,0,0,0,3,0,2,0,1,0,0,1,1,2,0,1,3,2,1,1,0,4,2,0,5,116,255,155,3,0,0,1,0,4,0,0,0,0,0,1,0,0,3,0,0,3,1,1,0,0,0,1,0,114,255,224,5,0,0,1,0,6,0,0,1,0,4,4,0,2,0,0,0,2,0,0,4,0,0,4,0,46,255,247,78,0,3,2,0,2,0,0,0,0,0,0,2,7,0,2,0,0,1,1,1,0,2,0,0,1,246,226,1,0,1,0,0,0,2,3,0,4,2,1,3,0,0,1,1,0,3,0,0,0,0,0,0,0,251,236,22,0,3,1,2,0,0,7,0,0,0,0,0,1,1,4,0,3,2,1,2,0,0,0,1,3,247,254,90,1,2,2,0,1,3,1,0,4,3,3,1,0,0,1,6,3,0,0,1,3,2,0,2,42,252,245,58,3,0,3,0,4,0,3,0,0,1,0,4,0,0,0,1,0,3,0,2,0,2,2,0,113,255,169,0,2,0,1,1,0,1,0,0,1,0,1,0,4,1,0,0,0,0,0,2,0,0,0,0,115,251,109,0,0,1,0,2,1,3,0,0,0,0,0,0,0,0,4,2,0,0,5,0,0,2,0,1,108,255,107,0,0,0,1,0,0,2,0,2,0,0,0,0,0,5,0,1,5,2,2,0,4,1,2,0,132,251,106,1,1,1,3,3,0,3,2,0,3,0,0,0,0,3,1,4,0,1,0,1,0,0,0,0,234,254,102,0,2,1,0,5,0,2,0,4,0,0,0,1,0,3,3,2,0,3,1,0,0,0,0,1,232,252,72,0,0,3,1,3,2,3,0,0,3,1,4,4,3,0,2,0,0,0,1,0,1,2,0,0,231,243,0,1,0,0,1,0,0,0,5,0,0,0,0,0,0,1,0,1,0,0,0,4,1,0,0,0,234,244,0,6,0,2,1,0,3,3,1,3,0,0,3,0,2,0,0,0,1,0,0,0,2,0,0,0,2,0,0,2,4,0,0,4,0,0,0,0,1,0,0,0,1,0,0,0,0,0,2,0,5,1,2,0,2,0,0,0,0,0,0,2,0,2,2,0,0
0,0,0,0,0,3,0,0,0,0,0,0,5,2,0,0,0,0,4,0,0,1,0,0,0,0,2,1,0,2,1,3,0,1,0,1,0,0,0,0,0,0,2,2,0,0,0,2,1,1,0,0,2,2,0,0,0,1,0,0,3,0,0,1,1,0,0,3,0,0,0,0,219,255,24,0,0,0,0,0,0,2,0,0,7,2,0,2,0,0,2,0,0,0,2,0,2,0,22,157,253,114,0,4,0,0,3,2,0,0,0,3,1,1,4,0,4,0,0,0,0,0,2,1,1,6,215,255,252,18,0,0,2,2,0,2,0,0,0,1,0,2,0,1,0,0,0,0,0,0,3,0,2,137,254,235,63,4,0,0,0,5,0,2,2,4,0,0,0,0,1,1,0,2,0,1,0,2,1,0,70,221,237,53,0,0,0,0,0,2,0,1,1,0,2,0,2,0,2,0,2,0,0,0,0,0,3,26,222,252,87,0,0,2,2,2,0,3,0,1,3,0,1,0,1,1,0,3,1,0,2,2,1,0,0,180,252,136,2,2,2,0,1,0,0,0,0,1,0,0,0,0,0,1,1,0,0,0,0,2,0,0,70,245,246,38,1,0,3,0,5,1,1,0,1,0,3,0,1,3,0,0,0,0,0,0,0,0,3,13,225,253,109,3,0,1,0,2,11,9,1,3,0,0,3,0,0,0,0,1,2,2,1,0,0,0,4,138,254,199,18,0,2,0,138,195,255,210,60,0,2,2,0,0,0,7,0,4,0,2,2,0,4,0,0,214,250,56,2,1,1,192,253,254,255,252,159,0,2,3,2,1,0,4,0,0,1,0,2,0,1,0,1,220,255,52,0,0,139,255,252,233,53,163,250,52,0,0,0,3,0,0,0,1,0,0,2,5,0,2,30,243,218,4,0,2,194,255,192,49,0,127,253,48,1,1,0,3,0,2,1,0,0,2,4,0,1,0,68,253,199,3,4,11,254,253,49,0,0,177,223,10,0,2,0,0,4,0,0,0,3,1,0,0,2,0,140,252,115,2,6,11,255,188,2,1,62,251,140,1,5,4,0,0,0,0,1,2,0,1,1,3,0,4,138,255,88,0,0,10,254,238,19,9,188,232,41,1,0,2,0,0,0,0,0,1,0,2,0,1,4,2,96,250,205,5,2,1,190,252,116,140,255,141,0,0,0,0,0,1,3,0,0,0,0,1,0,0,0,0,0,220,251,124,14,2,76,244,253,254,253,117,61,12,0,3,2,1,2,2,3,0,0,4,0,1,0,0,1,150,254,253,224,182,183,231,252,248,245,232,114,40,0,0,0,3,0,3,0,0,0,0,0,0,0,0,0,5,109,228,251,254,254,195,58,0,0,0,1,1,1,2,4,0,1,0,6,0,0,0,4,0,0,0,0,2,0,0,1,0,0,2,0,1,0,0,1,0,0,1,0,2,4,2,0,1,1,0,0,1,0,0,0,0,0,0,1,0,2,1,3,0,0,2,1,2,0,0,1,0,2,0,2,0,4,0,2,2,0,1,0,5,1,0,0,0,0,2,5,0,0,1,0,3,1,1,0,0,0,0,0,3,3,2,0,1,0,3,3,0,1,1,1,3,0,2,0,0,0,0,0,1,0,0,0,2,5,2,3,1,0,0,0,0,0,0,0,3,3,0,1,0,0,1,4,0,4,0,0,0,2,2,4,0,0,0,0,0,5,0,0,0,0,3,0,0,2,0,0,0,1,1,1,0,4,3,4,1,1,0,0,0,0,4
1,0,0,3,0,0,0,0,0,0,0,0,4,0,1,0,2,0,1,0,0,3,0,0,2,3,4,1,3,0,0,0,0,0,3,0,0,2,1,0,0,0,0,1,1,2,3,1,1,0,2,0,0,0,0,0,2,0,0,0,2,0,0,6,1,4,0,2,0,2,0,4,3,0,0,2,0,2,1,3,1,0,0,0,0,0,1,0,0,0,0,0,0,1,0,0,1,2,3,4,0,0,0,0,1,0,0,0,0,0,0,0,0,0,2,0,2,0,0,0,3,0,0,0,2,1,1,0,0,2,0,2,0,0,0,0,2,0,0,0,0,3,0,0,0,0,2,0,0,3,0,2,2,1,0,1,0,1,0,1,0,2,0,2,5,0,0,0,0,2,0,0,0,1,0,0,0,0,0,3,0,2,1,0,0,1,0,0,4,0,2,0,0,1,0,4,0,0,0,156,94,1,3,5,0,0,0,0,3,1,0,4,0,0,2,0,3,1,0,1,0,0,2,0,2,4,0,255,236,47,3,0,1,0,0,0,0,0,1,1,0,1,0,0,43,133,18,2,0,2,0,0,4,0,0,238,254,133,9,1,5,0,0,0,0,0,0,3,0,3,16,104,235,254,161,0,0,0,0,3,3,3,2,71,253,255,173,47,25,0,1,0,0,0,0,31,87,155,221,254,249,254,221,3,5,4,1,2,0,0,1,3,182,253,253,247,241,232,203,217,131,133,146,242,255,250,255,255,254,251,140,3,3,0,0,0,5,3,2,1,0,133,232,254,255,254,251,252,254,255,251,249,170,237,255,253,253,120,10,0,0,0,4,0,0,0,2,3,2,4,59,146,239,234,209,249,249,251,154,84,182,244,255,250,57,0,0,1,0,0,0,5,0,0,0,0,1,0,0,0,0,0,59,88,73,69,0,114,253,253,252,119,0,0,0,0,1,2,0,0,1,1,0,0,0,0,0,0,0,0,0,0,0,1,0,195,255,253,229,17,1,0,4,0,2,0,2,0,3,0,0,1,0,1,1,1,0,4,0,0,0,1,42,252,252,236,57,0,1,1,4,1,1,0,0,1,1,0,1,0,0,0,5,0,1,1,0,0,1,0,162,250,241,107,0,3,0,0,1,2,0,0,4,0,1,2,2,1,0,0,0,2,4,0,3,0,1,17,250,250,121,0,0,6,0,2,1,2,0,0,0,0,0,0,0,0,0,1,1,0,0,0,1,0,0,135,252,252,117,0,3,0,0,0,1,0,0,0,0,0,3,0,0,3,1,0,1,0,0,0,0,1,51,248,255,255,106,1,0,4,1,0,0,0,2,0,0,4,0,1,0,1,0,1,0,2,0,0,4,0,16,219,251,254,64,3,0,3,1,1,0,4,3,0,0,4,0,0,0,0,0,3,0,0,0,0,3,0,5,208,251,248,14,1,0,0,0,2,2,0,1,0,1,1,0,0,1,5,1,0,0,4,2,0,0,1,54,255,253,166,0,0,1,0,4,0,0,0,0,1,0,1,0,0,6,0,0,0,0,0,0,0,0,1,52,254,254,77,0,0,0,1,0,0,3,0,0,0,0,0,1,1,3,0,0,1,2,2,2,3,1,0,14,195,244,48,0,0,0,2,0,0,0,0,0,1,1,3,5,1,4,0,0,0,0,3,2,0,0,0,3,19,36,2,0,0,0,1,2,0,0,0,3,2,0,0,0,0,2,2,1,0,0,3,3,2,0,0,2,0,0,1,1,0,2,1,0,0,0,0,0,0,0,0
0,1,1,0,2,1,2,2,0,0,0,0,0,3,0,2,1,0,0,0,0,0,1,0,3,0,0,6,1,0,0,0,0,5,1,1,0,4,0,0,0,1,0,0,2,2,0,0,0,0,0,2,0,0,0,1,2,0,0,0,0,2,3,0,1,0,1,4,0,1,0,0,3,4,0,1,1,0,1,1,0,0,1,4,3,0,1,0,0,0,2,4,0,0,0,1,0,0,0,4,6,1,0,0,1,0,0,0,0,0,2,1,0,2,4,1,0,0,0,2,3,3,0,0,3,1,2,1,0,0,2,0,0,0,0,1,0,0,0,0,1,0,0,0,0,3,2,0,0,1,0,4,1,1,113,191,97,0,0,1,2,0,0,0,0,0,0,0,0,0,5,4,2,2,0,1,0,0,0,0,67,233,249,252,156,3,1,0,4,0,0,4,0,0,0,0,0,1,1,0,2,3,0,5,0,0,0,37,239,233,239,254,205,12,0,0,0,1,0,0,0,2,1,1,0,0,0,1,0,0,1,0,2,0,19,224,183,0,39,152,251,126,0,0,3,0,4,5,1,2,3,2,1,1,0,0,0,2,1,0,4,0,199,237,22,2,0,113,254,188,2,3,0,3,0,3,0,1,2,0,0,2,0,4,2,1,5,0,3,57,243,128,0,1,3,114,255,180,0,5,0,1,3,0,1,4,0,0,2,1,0,0,0,0,3,3,1,235,226,24,0,0,3,116,248,183,0,0,2,0,0,0,0,0,0,2,3,0,0,1,3,0,0,3,67,255,79,3,0,0,0,115,253,187,2,3,0,1,0,0,1,0,0,0,0,0,0,2,0,0,4,0,147,252,24,2,0,0,18,187,251,186,0,0,0,0,0,0,0,3,0,3,0,3,0,0,0,2,4,0,184,252,25,1,0,14,145,254,255,185,0,2,0,0,0,0,0,0,0,0,0,0,0,0,1,0,0,0,179,254,23,0,47,186,255,235,251,182,0,0,0,1,2,0,0,0,3,0,0,0,0,0,3,1,0,1,95,255,139,98,233,254,184,41,253,210,5,3,0,4,1,0,1,0,0,0,1,0,0,0,2,0,0,0,0,229,254,255,199,158,14,26,255,254,52,1,2,0,5,0,0,1,0,1,0,1,0,0,1,3,2,0,0,15,105,106,7,0,1,9,193,253,104,4,1,0,0,0,3,0,2,0,4,0,0,0,0,3,0,2,1,4,0,2,2,0,1,3,179,255,97,0,2,1,1,1,0,2,0,0,0,4,3,0,3,0,4,0,0,0,0,3,0,4,0,0,93,254,183,0,0,0,0,1,1,2,0,4,1,0,3,1,3,1,1,0,4,0,2,2,0,2,0,1,0,255,208,3,0,0,0,2,5,2,0,2,0,5,0,3,0,0,0,0,0,2,0,0,3,0,0,2,1,167,248,60,0,1,0,1,2,0,3,0,0,0,0,0,0,0,0,0,0,0,0,0,0,5,0,1,0,81,255,213,29,4,0,0,2,1,0,0,1,0,0,2,0,0,0,0,0,0,2,2,4,3,3,2,0,2,82,203,255,32,2,0,4,0,1,5,3,0,0,2,0,0,0,0,0,3,3,0,0,0,2,1,3,0,0,0,2,3,2,0,4,0,0,0,2,1,4,0,0,0,0,0,0,0,0,0,0,0,0,2,0,1,0,0,0,0,1,0,0,0,0,0,0,1,3,3,0,0,0,0,0,0,3,0,7,0,0,1,1,0,0,1,4,3,2,0,0,0,2,2
2,0,0,0,1,0,0,1,0,7,0,2,0,0,0,3,0,0,0,1,0,1,0,3,3,1,0,0,1,0,2,2,0,0,0,1,0,0,1,2,0,0,0,4,0,0,4,1,0,0,0,0,1,0,0,0,0,2,0,0,0,0,0,0,1,2,1,0,0,3,0,4,3,0,1,6,1,0,3,0,0,3,2,0,1,0,0,0,0,3,6,0,0,1,0,0,2,0,0,3,2,2,2,0,0,0,3,2,0,2,0,0,1,2,3,4,0,2,0,1,0,0,0,0,109,24,1,0,0,2,0,2,0,0,1,0,0,0,0,0,0,0,3,0,0,0,1,2,0,6,99,159,251,237,212,88,0,4,3,0,1,0,0,2,0,0,3,0,0,8,0,3,0,1,0,0,72,215,254,255,253,251,253,255,94,0,0,0,0,1,0,0,1,1,0,0,0,0,2,3,0,0,0,14,193,251,196,137,58,58,172,254,141,28,0,0,1,2,1,0,2,0,2,0,0,2,1,0,0,3,71,192,255,240,1,0,3,3,19,173,253,213,28,1,0,0,2,0,0,1,0,0,0,2,0,0,0,13,203,253,227,92,1,0,0,0,0,9,193,255,216,101,0,3,0,0,0,0,1,0,2,0,0,3,2,190,173,254,82,1,1,0,2,0,0,0,72,252,253,216,101,0,2,0,1,0,0,2,2,0,2,0,3,234,254,226,48,4,0,1,0,0,0,0,0,72,253,255,255,134,0,0,1,1,1,2,1,2,1,0,107,251,228,53,1,0,0,3,2,0,0,0,0,0,196,255,255,214,0,5,0,0,1,4,3,2,4,0,114,252,177,0,0,3,1,0,0,0,0,0,0,3,19,197,250,249,82,2,0,4,0,1,0,2,0,2,194,255,78,0,0,2,0,4,0,0,1,0,1,0,2,84,253,251,198,4,2,2,0,0,0,1,0,0,122,255,41,1,0,0,2,0,0,1,0,1,1,2,0,72,248,250,238,12,1,0,0,4,2,0,4,0,119,254,118,0,0,0,0,1,0,0,0,2,0,5,2,0,199,255,254,122,3,0,0,3,0,0,0,3,119,255,179,0,0,3,0,0,0,0,0,0,0,2,0,2,67,254,251,187,0,0,1,0,0,0,0,0,5,239,180,0,0,1,0,0,0,1,1,0,2,3,3,0,64,253,246,72,0,0,0,1,0,2,0,0,4,237,203,20,0,0,3,5,0,0,0,2,0,0,3,28,200,249,240,37,0,0,0,1,0,0,0,0,0,100,210,108,63,61,60,61,30,63,28,60,58,63,196,220,254,253,236,23,4,3,1,0,0,1,3,0,0,1,27,105,236,254,255,255,215,254,222,255,254,253,251,253,243,115,66,0,0,4,2,2,0,0,0,0,2,0,1,0,66,179,236,231,192,205,233,236,234,165,95,96,75,1,0,0,0,1,0,0,1,0,0,0,1,0,0,1,2,0,4,1,3,0,0,1,1,2,0,0,0,0,0,0,4,1,2,0,2,0,1,3,5,2,0,3,0,0,2,4,0,1,1,2,1,1,0,3,1,4,1,1,2,2,3,0,0,0,0,0,0,0,0,0,0,0,1,0,0,0,0,3,2,0,0,0,0,0,2,2,0,1,3,1,0,1,0,2,0,0,0,0,0,0,2,0,7,0,5,0,2,0,0,0,0,2,0,0,3,0,0,0,0,3,3,0,0,0,0,1,0,3,1,1,0,0,0,0,0,1,0,1,0,4,0,1,0,1,0,0
1,0,3,2,0,0,0,3,2,0,0,1,2,4,3,6,0,1,1,0,0,2,1,3,0,1,0,0,2,1,0,0,0,4,1,0,1,4,0,0,0,0,1,0,0,0,0,0,1,2,0,1,2,6,0,0,0,1,0,4,0,6,1,2,0,0,0,0,0,0,0,3,0,0,1,0,0,0,1,0,0,0,2,0,4,0,2,1,0,1,0,1,0,0,0,1,0,0,0,0,0,1,0,1,0,1,1,0,2,0,3,0,2,1,0,2,1,0,1,0,0,0,0,4,0,0,1,0,2,0,2,0,0,2,0,0,0,0,0,4,2,0,1,0,0,2,3,0,1,3,0,2,0,0,0,0,2,2,68,138,251,252,255,214,19,1,0,0,3,0,0,3,0,0,3,4,3,1,0,2,0,1,3,29,71,156,241,251,253,253,254,201,17,0,0,0,0,0,2,0,0,3,0,2,2,0,0,2,32,65,173,227,255,255,247,250,217,120,79,55,1,0,0,0,0,0,0,0,0,0,2,0,4,21,73,173,220,255,255,253,254,255,191,119,25,2,4,2,0,0,1,0,0,0,1,3,0,0,2,55,168,219,255,252,253,254,251,191,129,42,6,1,0,0,3,1,0,2,2,0,3,0,4,2,0,3,3,152,250,249,252,250,251,188,30,8,3,1,4,0,0,0,0,0,0,1,1,0,1,2,0,1,0,1,0,22,215,253,253,93,12,4,1,0,0,0,2,3,2,0,2,0,0,0,0,0,0,0,0,5,0,0,4,32,253,251,254,31,1,0,2,1,0,0,0,0,2,0,0,0,2,3,0,0,0,0,0,1,0,0,0,26,236,253,255,64,22,2,3,0,0,0,2,0,1,1,2,0,1,0,0,2,0,0,0,0,1,0,0,2,148,252,252,251,214,109,49,1,0,5,1,1,0,0,0,0,0,0,0,0,0,1,0,0,0,0,0,4,17,91,239,253,255,252,244,92,0,0,0,0,0,0,1,0,5,0,0,3,0,0,5,0,0,1,2,1,1,0,30,94,204,254,251,243,147,3,3,0,0,0,0,0,1,1,1,7,6,0,0,1,0,3,0,0,0,0,1,4,14,36,215,254,247,90,0,0,0,2,1,1,0,6,0,0,0,2,0,2,0,0,0,0,0,2,2,0,2,1,23,212,253,254,21,1,0,0,0,1,1,0,0,0,0,0,0,1,0,2,2,3,1,0,0,0,3,0,0,165,250,253,25,0,0,4,1,0,4,0,0,2,0,0,0,0,0,0,0,1,1,5,0,0,4,0,0,138,252,253,26,0,0,0,1,2,1,1,0,2,0,1,3,0,1,1,2,0,121,100,15,1,0,7,82,236,248,252,28,0,0,4,0,0,0,0,0,1,3,0,0,2,4,0,0,1,173,254,210,203,203,210,253,253,250,177,5,2,0,0,6,0,0,0,0,0,1,0,0,2,1,0,0,0,107,228,252,252,250,255,252,253,189,23,0,0,0,0,0,4,1,0,0,0,0,0,0,6,0,3,0,0,0,12,117,135,195,182,133,112,10,2,2,0,1,0,0,0,0,0,2,0,0,0,1,0,0,1,0,0,0,1,0,0,0,0,2,0,2,0,0,1,0,0,0,0,0,6,1,0,5,3,0,0,5,1,1,0,0,0,1,3,0,1,4,0,3,0,2,1,0,0,0,2,0,1,1,0,1,0,0,1,5,0,0,2,0,0,0,0,1,0,2,0,0,0,0,0,4,0,1,1,0,0,1,1
0,1,1,0,0,0,0,3,0,2,1,2,3,3,0,4,0,0,0,0,1,0,0,3,2,0,3,0,1,0,0,0,0,1,0,0,0,0,2,1,0,2,1,2,0,0,0,0,0,0,0,5,2,0,0,1,0,0,0,0,5,0,0,1,0,0,0,3,6,2,0,0,0,5,3,0,0,6,4,0,4,0,0,3,0,0,3,1,1,9,1,0,0,3,0,0,5,0,0,1,0,0,2,0,0,2,0,0,0,3,0,0,0,1,0,2,2,0,2,1,0,2,3,0,0,1,0,1,0,4,0,0,0,0,3,1,2,0,0,3,2,2,1,0,0,0,0,0,0,2,1,3,3,0,0,1,0,0,0,2,0,2,1,0,0,0,4,0,1,1,1,0,2,1,1,1,0,31,123,123,119,184,253,255,253,254,255,253,233,44,0,2,0,0,3,1,0,0,0,0,0,1,2,125,241,244,251,248,249,252,252,255,254,248,251,252,255,93,4,0,0,1,3,1,0,0,3,0,2,5,85,250,252,247,254,253,253,250,157,160,197,255,249,252,216,12,1,0,0,8,4,1,0,3,0,2,0,0,61,243,251,249,175,39,40,40,1,1,13,105,253,252,179,33,0,0,1,0,1,0,2,1,0,0,0,2,0,212,250,255,195,20,0,0,0,4,110,220,255,176,24,21,3,0,1,0,2,0,0,2,0,0,1,3,5,53,216,255,253,196,50,0,25,182,245,249,235,54,1,0,2,0,0,0,6,0,3,1,0,2,0,0,3,0,111,251,254,251,247,171,211,253,253,240,89,0,1,0,0,1,3,0,0,0,0,2,0,0,0,1,2,4,24,193,251,251,255,249,253,254,242,152,0,5,1,0,3,0,0,0,0,0,3,1,1,1,0,0,0,0,3,24,129,249,255,245,248,250,163,3,4,4,4,0,0,0,2,1,5,3,5,3,0,0,0,0,1,1,0,0,0,90,248,250,255,254,248,113,0,3,3,0,0,0,0,0,2,0,3,0,2,0,3,1,3,0,0,1,18,205,249,252,255,251,255,177,0,0,0,2,1,0,0,3,2,0,3,3,0,0,0,0,0,0,0,2,100,253,251,191,146,249,251,203,23,0,0,0,0,0,2,0,0,3,1,0,0,0,0,0,3,2,0,52,240,250,240,13,0,83,243,255,103,1,0,0,0,1,0,0,2,0,0,6,0,4,0,0,4,0,0,165,250,252,124,0,1,0,229,245,240,56,0,0,5,1,5,0,3,1,0,2,0,0,0,0,5,0,53,232,255,251,108,1,2,0,119,252,250,72,0,3,0,0,0,2,2,0,0,3,0,0,2,3,2,5,54,240,254,253,107,0,0,1,99,251,252,66,1,0,0,0,0,1,2,6,2,0,0,0,0,0,0,0,0,187,254,253,128,0,0,43,192,255,241,55,1,0,0,0,3,0,3,0,2,0,0,0,0,0,0,2,1,104,251,248,251,162,159,246,251,250,173,0,0,0,0,0,0,6,1,0,2,2,1,0,0,0,0,1,0,24,196,249,252,255,254,251,253,195,20,1,1,5,0,3,2,2,4,0,1,0,1,2,0,0,0,0,0,1,0,75,129,251,255,125,75,0,0,3,2,4,2,0,1,2,0,3,0,1,4,0,3,0,0,3,0,0,0,0,0,1,0,0,0,5,3,0,1,0,4,0,6,1,2,2,2,0,0,3,0,0,3,0,1,0,1,0,4,1,0,0,1,0,1,0,0,0,1,0,0,0,0,0
0,2,0,3,0,0,1,0,0,2,0,0,0,0,6,0,1,0,1,0,1,6,1,3,2,1,1,2,0,1,2,0,0,0,0,0,0,0,1,3,1,2,0,0,2,2,0,1,4,3,1,0,0,2,1,0,1,4,3,6,1,1,0,2,4,1,0,0,4,2,3,0,0,0,2,0,0,2,2,3,3,0,1,0,0,1,0,2,0,0,0,0,0,0,0,2,0,4,0,0,0,1,1,0,0,0,0,0,0,2,0,1,0,0,0,1,0,3,0,0,0,2,0,0,0,0,0,1,1,0,0,0,0,0,0,1,0,0,0,0,2,3,0,0,0,0,4,0,0,0,0,0,0,3,116,191,18,3,0,12,42,61,144,149,52,0,0,0,0,0,2,0,0,0,4,0,0,2,1,3,30,95,252,253,122,84,136,210,252,253,254,201,21,0,1,0,1,0,0,4,1,1,0,2,0,0,0,28,215,248,251,255,246,251,253,253,244,173,90,7,3,0,0,3,0,1,1,0,0,1,2,0,0,0,29,218,254,255,253,200,194,191,137,83,50,0,0,0,0,0,1,0,1,3,4,0,0,1,0,3,0,0,198,248,183,41,42,8,2,0,1,0,3,1,0,0,0,0,0,0,0,0,1,5,0,0,0,0,5,136,252,212,30,0,5,2,1,4,0,0,2,2,0,0,5,1,0,1,0,1,6,3,0,4,0,0,22,255,249,20,5,2,0,2,0,0,0,4,2,3,2,0,0,0,0,0,0,0,1,3,4,0,6,0,78,248,210,19,0,0,0,0,0,6,3,1,0,0,2,3,0,0,0,0,0,0,0,3,0,0,0,0,58,255,253,241,133,59,2,1,0,0,2,0,0,0,2,0,0,0,0,2,0,0,2,0,0,4,0,1,7,66,238,253,253,251,211,125,0,0,1,3,1,0,0,0,0,2,5,0,2,0,0,4,1,3,0,0,0,1,1,60,140,233,254,250,173,28,0,3,0,0,2,1,0,2,1,0,3,0,0,0,0,1,0,0,0,0,3,0,0,40,169,241,254,230,128,0,1,4,0,2,0,0,0,1,0,0,2,3,0,0,0,2,0,2,0,0,1,0,0,20,202,255,233,8,3,0,3,0,0,0,0,1,2,0,2,0,0,0,5,2,3,0,0,2,1,3,0,1,104,255,249,64,0,0,0,0,2,1,1,0,0,0,0,0,0,3,1,1,0,0,2,0,5,0,0,43,193,253,232,0,0,0,1,1,1,0,4,2,1,0,0,0,0,2,0,0,0,0,3,0,1,5,71,239,249,242,68,0,6,3,1,2,0,2,1,1,0,0,0,1,0,1,0,0,114,0,0,0,34,143,254,250,202,67,1,0,2,0,2,0,0,0,1,1,0,0,0,0,4,0,0,77,244,59,64,187,239,252,249,188,56,1,1,1,1,5,0,0,1,3,0,1,0,1,0,2,0,0,0,86,253,254,254,255,254,213,84,13,3,3,0,0,0,1,4,1,0,0,0,0,1,0,0,0,0,1,1,11,147,254,251,191,113,21,1,1,0,0,0,0,0,0,0,0,2,0,2,0,0,1,0,1,0,2,0,5,2,0,2,0,2,0,0,4,0,0,0,0,0,2,0,0,0,3,0,4,4,0,0,0,0,2,0,2,1,0,1,1,1,0,0,2,0,0,0,2,5,0,1,4,2,2,2,0,1,3,3,0,0,5,2,0,2,0,0,0,2,0,2,0,0,2,0,0,0,1,1,2,0,1,0,0
0,0,2,0,0,0,1,1,1,1,2,0,0,3,2,0,0,2,0,0,0,0,0,0,1,0,0,0,2,0,2,0,3,0,2,0,1,2,0,0,0,2,0,0,0,3,2,0,0,0,0,0,0,1,0,2,4,0,3,0,1,0,0,2,1,0,2,0,1,2,0,0,2,0,0,0,1,1,6,0,0,2,4,0,0,2,5,0,0,0,3,0,0,0,0,2,0,0,3,0,36,144,235,47,0,3,1,0,1,3,4,0,1,0,1,0,2,0,2,0,0,0,0,1,0,2,0,152,236,251,249,240,0,0,0,0,0,0,0,0,0,4,3,0,0,0,3,2,0,0,0,0,14,151,196,251,249,251,210,196,0,3,2,0,0,0,0,2,0,0,0,1,0,0,1,0,0,0,0,14,156,249,251,251,252,251,81,0,1,0,1,2,3,1,1,0,3,0,0,3,0,0,0,0,0,0,0,85,252,255,252,189,112,112,35,5,3,0,0,0,0,0,0,1,2,0,0,0,0,1,0,0,0,0,50,240,255,251,251,1,0,0,0,0,1,0,0,3,0,0,0,3,2,0,3,0,0,0,3,0,0,0,239,252,251,253,127,2,2,0,2,0,0,0,0,1,0,0,0,0,4,3,0,0,0,0,1,0,6,135,251,251,253,210,88,0,1,2,6,0,2,3,0,0,0,0,0,1,0,0,0,2,0,3,2,0,119,255,254,254,213,26,0,2,0,8,13,0,0,1,3,0,0,0,0,0,2,1,1,0,0,1,0,3,166,251,253,249,120,2,0,1,4,138,177,139,76,2,1,0,5,0,1,0,0,0,0,2,2,0,0,1,170,255,254,168,0,1,0,172,254,253,253,248,252,27,4,2,2,0,0,0,2,0,0,1,0,0,0,0,168,250,254,160,0,11,164,248,255,246,247,254,250,154,1,0,0,3,0,0,0,1,1,2,2,3,1,0,169,253,255,88,0,139,255,252,231,165,190,253,248,167,0,5,0,4,0,0,2,3,0,1,0,0,0,0,168,255,253,181,60,227,251,238,69,8,180,255,253,166,0,3,0,2,0,0,3,0,3,3,0,1,0,0,166,254,253,255,255,249,253,65,48,162,251,253,250,168,0,0,0,0,0,0,1,1,0,2,0,0,0,0,108,251,253,254,254,254,251,254,250,253,253,254,207,17,3,2,4,0,2,0,2,0,0,0,6,0,2,0,2,104,255,255,255,253,252,255,251,252,194,170,17,0,0,1,5,0,3,0,0,6,0,0,2,0,5,2,0,0,57,232,249,253,255,255,251,208,18,0,2,1,2,0,2,0,2,2,2,1,0,1,1,1,0,0,2,0,0,76,202,255,255,255,252,179,3,0,0,0,0,1,0,0,0,0,0,1,4,2,2,2,0,0,0,0,0,0,23,129,250,192,109,24,0,0,0,0,0,0,0,0,2,0,0,0,4,0,1,0,0,1,2,5,1,0,0,3,0,1,5,0,2,0,1,1,2,0,0,1,0,1,0,0,2,2,0,5,0,0,1,0,0,2,0,1,0,0,0,0,5,1,4,1,3,0,0,1,1,0,3,1,0,0,0,2,0,0,0,0,0,0,0,0,0,2,2,3,0,0,4,0,0,2,1,0,2,0,1,0,0,0,0,0,0,1,0,3,0,0,1,0,1,2,0,3,0,1,0,0,2,0,0,0,0,0,2,0,1,0,0,0,0,0,0,0,2,0,1,2,1,0,0,1,2,0,2,0,1,3,2,3,0,0
1,0,0,0,6,4,1,0,1,0,0,0,1,0,0,2,0,0,0,0,1,1,0,0,2,6,0,1,3,0,0,3,0,1,0,1,0,2,0,2,0,0,0,0,2,3,0,0,0,0,3,0,0,0,0,1,0,0,2,0,1,1,0,2,0,0,0,1,1,0,1,2,2,0,0,0,1,0,2,0,3,1,1,0,0,0,0,4,0,5,2,3,0,3,0,3,0,5,0,1,0,67,174,254,135,0,2,2,0,2,2,0,1,0,0,0,3,0,0,0,0,3,0,0,0,1,0,27,93,240,252,251,245,99,1,2,0,5,0,0,2,2,3,1,1,1,1,2,2,0,0,1,0,12,101,202,255,254,250,254,248,114,0,0,0,0,0,1,4,0,0,0,2,0,0,4,0,2,1,0,0,195,255,254,253,246,129,243,222,4,0,0,3,2,5,0,0,0,0,0,3,2,0,4,0,0,2,38,218,247,253,255,236,78,2,159,70,0,0,0,0,0,0,0,2,2,5,4,0,0,0,2,0,0,3,150,255,253,253,227,81,2,4,0,0,0,0,0,1,0,0,0,0,3,0,3,1,0,5,0,0,42,145,253,253,251,253,0,0,0,0,0,0,2,1,0,0,3,0,0,0,0,0,0,0,0,4,0,0,73,255,255,250,182,80,0,0,2,2,1,0,0,2,0,0,0,1,0,1,3,1,0,0,0,0,0,1,188,254,255,239,47,0,0,1,5,0,0,0,0,0,0,2,0,0,1,1,1,1,3,0,0,4,0,0,226,251,252,74,1,1,3,0,1,5,0,4,4,0,0,1,3,4,0,0,6,2,1,0,0,0,4,121,255,255,253,15,0,2,42,101,110,175,254,254,170,9,0,0,0,0,0,0,0,0,1,2,0,1,4,149,254,250,145,3,48,61,232,251,253,254,253,250,254,11,0,0,6,0,0,0,0,1,0,0,0,2,18,251,250,254,126,72,231,254,255,252,255,250,249,250,252,19,5,3,1,1,4,0,1,3,0,0,0,0,15,254,254,254,255,255,254,252,250,252,175,71,225,255,252,9,0,3,1,0,0,0,0,1,0,0,1,2,16,255,252,249,254,254,254,255,178,72,87,148,248,255,216,10,0,2,0,1,3,5,0,0,0,1,2,0,15,254,255,255,255,253,246,135,13,82,255,255,252,209,35,6,0,1,0,5,0,3,1,0,4,5,0,0,14,251,251,254,253,253,234,135,180,254,251,254,247,76,0,0,0,2,0,0,1,0,0,2,0,1,0,0,14,250,255,252,252,253,253,252,255,255,252,209,123,4,0,0,6,0,0,0,0,2,0,0,0,0,0,3,0,54,204,254,252,255,254,253,255,255,220,28,2,2,0,3,0,1,1,3,1,0,1,0,0,6,0,0,0,0,34,210,255,254,252,254,190,108,42,0,0,2,1,1,0,0,1,0,2,0,0,0,0,4,0,0,0,0,0,0,0,3,0,0,0,0,0,2,2,0,3,1,0,0,0,0,0,3,0,0,0,0,1,1,0,0,4,3,0,1,0,1,0,0,0,5,0,3,0,1,0,0,0,0,2,2,1,0,7,3,0,3,1,0,4,1,3,0,0,0,0,0,0,0,3,2,0,0,1,0,3,3,0,0,1,2,2,0,1,0,2,1,0,1,0,1,1,1,2,0,1,3,1,0,3,2,0,1,0,0,2,5,0,0,1,0,2,4,0,0,0,0,0,0,0,3,0,0,5,1,2,0,0,1,3,0,3,0,1
0,0,0,4,0,0,0,1,1,2,2,0,0,0,0,1,4,0,4,4,0,0,0,3,2,3,0,1,0,0,0,2,2,2,0,2,5,7,0,0,1,0,0,4,0,0,0,0,0,0,1,0,2,0,1,0,1,0,0,2,0,0,0,0,0,0,1,3,0,0,0,0,1,0,2,1,3,0,1,1,3,0,0,1,1,0,2,0,2,0,2,1,0,0,2,2,0,1,3,0,2,0,3,0,0,0,0,0,0,0,0,0,1,0,0,0,2,0,0,1,0,0,0,0,0,0,0,63,193,255,255,255,62,4,0,2,4,0,1,0,2,3,0,0,1,0,0,0,0,0,0,0,0,69,192,255,255,255,251,255,131,0,2,0,0,4,4,2,3,2,0,1,0,0,4,0,0,66,129,128,194,255,253,251,255,253,255,253,130,1,0,2,2,0,0,1,0,0,1,1,0,0,3,2,62,251,255,255,255,255,255,255,255,255,187,191,66,1,0,0,5,1,0,0,0,0,0,0,0,0,0,63,254,253,255,252,255,255,251,131,64,0,2,0,2,0,0,0,0,0,4,1,0,0,0,2,0,0,0,255,255,255,254,254,255,126,65,0,0,0,0,3,1,2,1,3,4,0,0,2,3,0,0,0,0,2,1,61,255,253,255,129,68,2,0,1,0,4,2,1,0,0,2,5,0,2,0,0,2,0,1,3,0,0,0,2,192,255,255,195,67,0,0,0,0,1,0,0,0,6,0,0,0,0,0,0,0,3,0,2,0,5,0,3,64,254,254,250,255,190,128,63,2,0,0,7,0,4,1,0,0,1,0,0,0,1,0,0,2,0,0,0,0,126,190,255,253,254,255,255,130,65,0,1,0,1,0,2,0,2,0,1,2,0,1,1,0,0,0,0,0,1,0,197,252,254,255,254,255,253,128,0,0,0,1,0,0,1,0,1,0,0,0,1,0,2,0,0,2,0,0,0,66,126,127,255,254,255,252,253,65,0,0,1,1,0,2,0,0,0,0,0,0,0,0,0,5,1,2,2,0,3,0,1,195,255,254,250,253,128,0,0,7,0,2,0,0,0,3,0,4,0,0,1,0,0,5,4,0,0,2,0,0,64,189,254,253,255,64,0,0,2,2,0,0,0,0,0,0,0,0,2,0,63,0,1,0,1,0,0,0,0,193,254,254,254,255,4,0,4,0,1,0,3,0,2,0,0,0,3,132,255,253,131,4,0,0,0,61,190,255,255,255,255,191,0,2,0,0,0,3,0,0,0,0,3,1,0,128,255,253,63,64,255,255,255,255,255,255,252,255,253,0,0,0,1,0,3,1,1,2,0,0,0,1,0,127,255,253,255,255,255,253,249,255,255,253,253,193,129,0,0,5,0,0,0,1,0,2,1,1,1,0,1,3,0,254,255,254,255,255,255,254,255,255,68,0,0,1,1,3,3,2,1,0,1,0,0,3,0,0,0,0,0,66,129,132,255,255,190,1,0,0,0,0,2,0,3,0,0,4,0,2,1,4,5,0,0,0,0,0,0,0,1,2,0,0,0,0,4,1,0,5,1,0,0,0,0,1,1,3,2,1,3,0,0,0,0,1,0,1,0,0,0,0,2,0,1,2,3,0,4,2,3,0,0,1,0,1,0,4,0,0,2,1,1,1,2,0,0,0,2,3,0,0,1,3,0,1,0,0,1,0,0,1,1,0,2,0,0,0,1,1,3,0,2,1,0,2,0,0,0,0,1,0,4,1,1,0,4,0,0,1,0
0,0,0,0,2,0,0,0,0,0,1,2,1,2,4,0,0,2,1,0,1,1,0,1,0,0,1,0,0,0,0,0,0,1,0,2,0,2,2,0,0,0,4,0,0,0,0,0,0,0,0,0,0,4,0,0,3,1,0,1,0,4,1,0,5,0,1,2,1,0,2,0,2,3,1,0,0,2,0,2,1,2,0,3,0,1,3,1,1,0,3,3,0,0,0,0,0,0,0,0,0,1,0,0,0,1,2,1,4,0,0,0,2,2,1,0,0,0,4,2,0,0,3,0,0,4,1,1,0,0,0,2,0,0,0,1,0,0,0,0,0,0,0,1,54,193,115,45,16,5,0,0,1,0,1,1,2,0,2,3,0,3,0,1,1,0,0,0,2,0,1,4,63,250,253,255,219,109,97,93,97,58,0,0,1,0,2,0,0,0,0,0,0,1,0,0,0,3,0,0,4,40,247,255,255,255,252,253,253,249,244,243,190,142,180,146,35,0,4,0,0,2,3,1,1,2,1,3,1,3,50,166,171,249,254,250,251,255,255,255,253,255,255,254,219,1,5,3,0,2,0,0,0,2,3,1,1,0,0,0,0,74,231,228,231,189,226,145,222,255,251,255,244,9,1,0,0,4,0,0,0,1,0,0,0,0,2,2,2,2,4,5,0,0,0,3,8,163,255,255,248,34,2,4,1,4,0,0,0,2,1,3,1,6,0,0,1,0,0,2,0,0,0,0,26,245,252,250,244,39,2,1,1,3,3,4,0,1,0,0,4,0,0,1,0,4,0,0,1,1,3,0,100,251,255,253,181,1,0,0,0,1,0,4,1,0,1,0,0,0,2,1,2,0,0,0,0,2,2,0,222,253,255,255,140,0,2,3,0,1,0,0,0,0,0,1,1,0,0,2,0,0,2,3,0,0,0,91,255,252,255,253,76,3,0,0,0,0,2,1,0,6,0,0,3,0,4,0,2,0,0,1,0,80,116,220,253,255,255,255,123,1,0,2,2,1,0,0,4,2,1,0,0,3,0,2,33,89,147,192,251,255,254,255,255,254,254,254,137,0,0,1,3,0,0,0,0,4,4,0,2,1,2,134,236,252,251,253,253,250,255,255,255,255,165,58,32,1,1,0,1,2,0,1,0,0,0,0,0,0,2,75,247,252,254,252,255,250,255,255,253,200,13,1,0,0,0,1,0,2,0,3,0,0,0,0,0,0,4,0,85,246,249,173,75,186,255,249,244,52,3,2,0,3,0,0,0,0,4,0,0,0,0,0,1,0,0,2,1,72,104,17,0,97,255,254,221,0,0,0,0,0,0,0,0,0,1,1,0,1,0,1,3,2,0,0,0,0,5,1,2,168,255,249,224,0,2,2,0,0,2,2,0,1,2,3,0,0,6,0,0,2,2,1,0,4,1,2,0,204,253,253,223,0,1,3,0,2,1,2,3,0,0,0,1,0,0,0,0,0,0,0,0,3,0,0,0,117,251,254,158,0,1,1,1,0,3,0,1,0,0,0,1,4,0,0,0,3,0,4,0,1,0,0,1,0,162,254,34,0,0,0,0,2,0,4,3,1,0,6,0,3,2,0,0,0,0,1,0,0,0,1,0,1,0,2,0,4,3,4,0,0,0,0,3,0,0,0,0,0,1,2,0,3,0,1,0,0,0,2,0,0,2,0,0,0,0,1,0,0,4,0,0,0,0,4,2,0,0,1,0,0,0,1,2,0,2,0,0,2,0,2,0,2,0,0,0,2,0,0,0,0,1,1
0,0,0,0,0,2,0,0,0,4,0,2,0,0,0,0,1,1,2,0,0,0,0,0,0,0,0,3,0,0,0,0,0,0,0,0,1,1,3,3,2,0,0,0,0,0,0,2,1,2,0,2,0,0,1,0,0,1,1,1,4,2,2,0,0,4,2,2,0,2,0,2,0,1,4,0,3,1,0,1,0,1,0,1,3,2,0,0,1,0,1,0,4,0,5,0,4,0,0,0,1,0,0,4,0,2,0,0,1,1,0,0,0,0,2,2,2,0,2,0,0,0,0,0,2,0,3,2,0,0,0,0,0,2,0,0,0,0,2,0,4,0,1,1,3,1,0,4,2,0,2,0,0,0,2,55,170,255,255,255,183,10,0,1,1,0,0,0,0,3,4,0,0,0,0,0,0,2,25,65,42,0,117,246,251,193,192,234,253,90,0,2,0,0,0,0,1,0,1,0,0,2,3,1,0,87,240,252,247,228,240,122,24,0,0,78,255,125,0,1,0,2,0,1,2,0,0,2,4,0,5,0,1,202,254,255,250,255,195,0,4,2,0,125,249,76,1,1,3,0,0,0,0,2,0,0,0,0,4,0,0,123,255,250,247,179,64,3,0,0,46,249,246,35,0,2,2,2,0,1,6,2,2,0,0,0,0,0,1,9,168,250,235,50,0,3,0,43,229,255,68,0,1,3,2,0,0,0,0,0,0,1,0,0,4,0,3,3,36,226,255,235,146,1,42,227,253,175,5,4,2,0,7,2,0,0,2,0,0,2,0,1,1,0,0,0,0,94,254,253,176,72,232,251,156,7,0,0,1,0,0,1,2,0,5,0,5,0,0,0,0,0,1,1,0,2,116,255,252,251,255,179,2,1,0,1,0,1,2,0,0,0,0,0,0,4,0,0,2,0,3,3,0,0,43,248,250,252,192,10,0,0,0,0,1,1,0,0,0,3,0,3,0,0,3,0,1,1,0,1,0,52,223,254,255,254,187,0,2,0,5,0,4,1,0,2,0,1,3,0,3,3,1,0,3,0,0,0,51,240,247,186,205,254,240,7,0,0,0,0,6,0,0,1,4,0,0,1,1,1,0,3,3,0,1,49,232,254,81,3,70,249,251,53,2,2,3,3,4,2,3,2,0,1,0,1,0,2,0,0,2,3,0,138,252,142,0,0,44,250,255,136,0,0,0,2,0,4,4,3,0,4,5,0,0,2,0,0,6,2,34,249,251,30,5,2,14,225,255,213,2,0,2,3,0,0,0,2,1,2,0,0,0,0,1,0,2,0,120,249,194,8,2,1,0,127,255,244,0,0,0,3,2,4,0,2,0,1,0,1,7,0,2,4,2,1,46,255,172,0,2,0,0,137,255,248,1,3,0,2,0,0,0,1,0,0,0,0,1,0,0,0,1,0,6,210,253,116,26,46,132,245,254,198,0,0,1,1,0,1,0,0,0,5,2,0,0,3,0,0,0,1,0,127,249,255,253,252,250,255,233,16,2,1,1,0,1,0,0,0,0,0,0,1,0,2,1,0,0,2,0,4,106,194,254,252,255,172,18,1,2,2,0,0,2,0,0,1,0,0,1,0,0,0,0,0,0,0,0,3,2,0,0,1,0,0,1,3,1,0,0,0,0,2,0,3,0,0,0,0,0,0,0,1,1,0,1,0,3,0,5,5,0,0,3,0,0,0,3,0,0,0,0,0,0,0,0,3,1,1,3,0,5,0,3,0,0,1,5,0,3,1,0,0,1,0,1,3,1,0,6,0,2,1
1,0,0,2,0,3,1,1,1,0,0,0,4,0,0,2,0,1,1,0,0,0,1,2,0,0,0,2,0,3,0,2,1,1,0,0,3,1,0,0,0,0,0,1,0,0,0,0,2,3,0,0,0,0,0,0,0,1,0,0,1,2,0,0,3,5,0,0,0,1,0,0,4,0,0,0,1,0,3,0,3,0,0,2,0,3,0,0,0,0,0,0,0,0,1,0,3,0,3,0,0,2,2,0,0,0,1,1,2,0,0,0,0,0,0,3,6,2,0,2,0,0,0,0,0,50,241,240,52,0,0,0,0,1,0,0,0,0,0,5,3,2,1,2,0,3,2,0,2,3,0,0,0,129,251,255,228,20,0,0,3,3,0,2,0,5,0,2,0,2,1,6,0,0,1,0,0,0,1,0,4,132,253,253,251,31,0,1,2,1,0,2,4,0,0,0,0,0,0,0,0,0,0,0,3,1,0,1,1,131,255,249,251,30,2,0,0,2,1,0,0,0,0,0,0,0,0,0,0,2,2,0,4,0,0,2,1,130,252,254,253,28,0,0,0,0,1,0,0,1,2,1,0,3,0,0,0,0,0,3,0,2,0,0,0,138,255,250,184,16,0,0,0,0,1,2,3,1,0,0,3,3,1,1,0,0,0,0,2,1,0,2,7,174,254,255,129,0,3,0,0,0,0,1,2,0,0,0,2,0,4,0,2,0,0,1,0,0,2,2,28,250,255,253,127,0,2,1,2,0,0,0,0,1,0,0,0,4,0,2,0,1,0,0,2,0,0,0,34,252,255,255,130,0,0,3,1,2,3,0,0,0,0,0,0,0,0,1,5,2,0,0,0,3,2,1,82,253,252,250,92,0,1,3,1,0,0,0,0,1,0,3,0,0,0,0,1,0,0,1,0,1,1,2,187,255,255,231,0,4,2,0,2,0,0,0,2,1,0,0,0,0,0,0,1,0,0,0,0,1,3,1,185,255,255,231,2,1,2,3,1,1,0,2,1,3,1,1,0,4,0,0,2,0,0,0,3,0,0,3,185,253,251,233,0,0,0,5,0,1,3,0,0,0,0,2,1,0,1,0,1,5,0,2,0,2,0,0,187,253,252,234,0,6,1,0,4,0,0,0,0,3,1,0,2,0,0,0,0,0,0,1,0,0,0,1,188,250,253,231,0,3,1,4,0,1,0,0,4,1,4,4,1,1,0,4,0,0,0,1,0,0,0,2,184,255,253,231,3,4,0,3,0,2,0,0,5,0,4,4,0,0,0,1,3,0,0,0,1,0,4,3,183,255,255,230,0,0,0,4,0,0,1,0,0,0,0,0,0,0,0,0,0,1,0,1,0,0,0,1,184,253,255,231,4,0,1,0,0,0,0,0,1,0,0,0,0,1,1,2,0,0,0,2,1,0,0,2,184,255,250,231,0,4,0,0,0,0,0,0,0,0,0,4,0,0,1,0,0,2,0,0,2,0,3,0,91,251,251,136,0,2,0,0,0,0,1,0,0,0,1,5,0,0,2,0,2,1,3,4,0,0,2,2,3,0,0,2,0,0,2,3,0,0,0,1,0,0,0,5,1,0,4,1,1,0,2,0,0,0,0,1,0,0,1,2,0,0,2,3,0,1,2,3,0,2,0,0,0,0,0,0,0,0,3,0,0,3,0,4,0,2,4,0,0,0,1,0,0,0,1,1,2,0,0,0,0,2,0,2,0,0,1,0,1,0,1,0,0,1,0,1,1,3,0,5,4,0,0,0,0,2,0,1
1,3,2,5,0,5,0,0,0,2,0,3,0,0,2,5,1,4,1,0,3,0,4,1,1,2,1,4,0,0,3,0,1,0,0,0,4,0,6,2,3,0,1,2,0,0,0,0,0,0,3,0,0,0,2,0,2,0,0,0,0,0,0,2,2,0,0,2,0,0,0,1,0,1,3,0,0,1,0,2,0,0,3,2,0,1,0,1,0,1,0,0,7,0,0,0,0,0,0,0,0,2,0,1,1,1,0,1,0,0,0,0,0,1,0,3,0,2,3,0,1,0,1,2,0,19,132,252,143,29,0,0,0,2,0,2,0,0,5,4,2,0,0,0,0,0,2,1,0,0,43,185,100,208,251,251,254,241,70,3,0,0,0,0,0,0,0,0,3,1,0,0,0,0,0,0,2,2,215,254,251,249,175,180,251,248,197,9,0,0,1,0,0,0,2,3,1,0,2,0,3,0,0,1,1,69,249,254,215,11,0,0,96,183,252,143,13,0,0,1,0,0,2,3,0,0,2,0,3,0,0,0,1,0,229,253,185,7,0,0,0,36,238,250,81,0,0,2,0,5,0,5,0,1,2,1,4,0,0,0,0,71,250,253,115,3,0,1,1,0,199,251,79,0,0,2,0,0,0,1,0,2,0,0,2,0,1,0,0,79,254,222,21,2,0,0,0,0,102,253,129,2,0,0,2,0,4,1,0,0,2,0,0,1,0,0,1,160,253,167,1,0,1,0,0,0,92,252,164,0,0,0,0,2,0,0,0,0,0,2,0,0,0,0,40,243,252,97,0,0,1,0,0,1,11,242,187,2,2,0,0,1,3,0,0,1,0,0,0,1,2,0,45,246,255,99,3,0,0,0,1,0,1,244,187,0,1,0,2,0,1,3,0,1,0,0,3,0,2,2,46,251,247,18,0,0,0,0,2,0,3,247,187,0,0,0,1,1,0,0,0,3,0,0,1,1,0,0,46,250,243,4,0,0,0,0,2,0,0,246,177,1,0,4,0,0,1,2,0,0,4,0,0,1,0,1,43,251,242,0,1,5,1,0,0,0,67,247,81,3,4,0,1,4,0,1,0,1,0,1,0,5,2,0,47,252,242,0,0,0,0,2,1,5,138,249,78,1,0,3,0,1,4,0,2,0,1,2,2,0,2,0,49,255,242,0,2,0,0,0,2,70,252,238,41,0,0,0,0,0,3,6,4,0,0,2,0,2,0,3,45,255,248,69,3,0,3,0,46,228,253,155,0,0,1,0,2,0,1,0,0,0,2,3,2,1,0,0,49,255,252,140,1,0,0,41,177,251,252,30,0,0,6,2,2,5,1,3,5,2,4,0,0,0,0,3,5,127,255,252,130,39,143,226,255,245,93,4,2,0,0,1,0,0,0,1,0,0,2,1,0,0,0,0,0,18,207,254,255,251,255,253,255,163,0,1,0,2,0,0,1,1,0,0,1,0,0,0,3,0,1,0,0,0,19,167,255,254,252,214,87,10,0,0,2,0,0,1,0,0,4,0,0,0,0,2,0,1,0,2,0,1,4,0,0,2,0,1,0,0,0,3,0,0,3,0,0,2,1,2,0,2,0,0,1,0,3,0,0,2,0,0,1,0,0,0,0,3,0,4,0,0,0,0,0,1,1,2,2,2,2,0,1,0,0,1,4,5,1,0,0,3,0,0,0,2,0,0,2,0,0,1,4,0,0,0,0,1,0,1,0,1,0,0,0,2,4,0,2,1,0,0,3,0,0,0,0,0,1,0,1,0,0,0
0,2,2,0,0,0,1,0,1,0,3,1,0,1,4,0,4,0,0,1,0,0,0,1,0,0,0,4,0,0,0,0,2,0,5,2,0,1,4,0,1,0,1,2,0,1,0,1,5,3,1,0,0,0,2,3,3,0,0,2,0,2,4,2,4,4,0,0,3,1,0,0,0,2,0,0,0,1,0,0,1,4,2,0,0,3,0,0,0,1,0,0,1,4,0,1,0,0,0,1,0,0,0,2,1,1,0,0,0,0,0,1,0,0,0,2,0,0,2,0,0,0,0,0,0,0,0,1,91,255,73,0,1,0,0,2,1,2,0,0,0,2,3,5,0,0,0,0,0,0,0,0,4,2,1,0,223,247,71,1,4,0,0,1,0,0,2,0,2,0,0,3,0,0,0,1,0,0,0,0,3,0,9,140,245,247,227,0,4,1,0,0,0,2,0,0,0,1,3,1,0,0,1,0,1,0,1,0,0,5,76,250,250,248,175,5,0,0,0,3,3,0,2,1,0,0,0,6,0,2,0,2,3,0,2,0,0,3,199,245,253,250,72,1,1,2,4,1,0,0,2,0,0,2,2,0,0,1,0,0,0,0,1,0,1,0,255,255,255,255,71,0,0,1,0,5,0,2,6,2,0,5,0,1,0,2,0,0,0,2,0,0,1,105,255,252,251,252,64,0,1,0,2,1,1,2,0,0,0,0,0,5,0,0,3,3,1,0,0,1,15,187,253,249,252,160,5,1,0,0,0,0,0,0,0,1,1,0,0,1,0,2,0,1,1,0,0,1,110,251,255,249,235,81,0,1,4,1,0,0,1,0,0,0,0,0,0,3,0,0,0,0,0,0,0,27,211,252,253,249,215,1,0,0,0,0,1,0,0,0,0,0,0,0,2,2,3,0,1,0,0,1,3,39,254,251,250,253,34,3,1,0,4,1,2,3,0,4,3,5,3,0,0,0,2,0,2,1,0,1,1,36,251,250,255,252,31,0,2,0,3,2,2,0,2,0,0,4,4,0,2,0,0,2,0,4,0,4,0,62,252,249,252,232,34,0,0,2,0,0,0,0,0,0,0,0,0,1,5,0,5,0,1,0,0,0,0,220,254,254,252,106,0,2,0,1,3,0,0,0,4,0,2,0,1,0,0,0,4,4,0,0,0,1,104,240,254,250,199,33,1,1,0,2,2,0,0,2,0,1,3,0,4,1,0,2,1,2,0,1,4,73,253,251,253,255,0,3,1,0,0,0,1,0,3,3,0,0,1,0,0,1,4,1,1,0,0,0,0,176,249,248,254,248,1,0,5,0,1,0,0,0,0,0,6,1,0,2,0,0,1,0,3,2,0,1,2,252,252,249,255,229,0,2,0,0,0,0,2,1,1,2,0,3,0,1,1,1,3,0,0,2,0,3,2,255,248,255,247,70,0,0,0,0,0,2,0,0,0,1,0,1,0,0,0,1,0,0,2,2,0,0,0,122,243,226,70,18,0,1,0,0,4,0,0,0,0,0,0,0,0,2,0,0,0,0,0,1,3,0,0,4,1,0,0,2,1,2,1,1,0,0,0,0,0,0,0,1,0,0,0,0,0,1,1,0,3,1,5,0,0,1,2,0,1,0,4,1,3,0,1,0,0,3,3,0,3,4,0,3,0,0,0,0,0,0,0,0,0,1,0,0,2,4,0,2,0,2,0,0,0,0,0,5,0,2,0,1,0,0,2,1,0,1,2,0,0,0,4,1,0,1,0,2,2,0,1,3,3,0,0,0,6,3
4,0,2,1,0,0,1,0,5,0,0,5,0,1,3,0,0,3,0,2,6,3,0,0,2,0,0,0,0,0,0,1,2,0,1,1,0,1,0,1,3,1,3,1,0,2,2,0,2,0,0,0,1,0,0,2,4,0,2,0,0,4,0,1,1,0,2,174,127,26,0,1,0,0,2,0,1,1,0,0,1,0,0,0,0,4,0,0,0,4,0,0,2,0,125,252,250,55,0,1,0,0,1,0,2,3,0,1,0,0,1,0,0,0,0,0,0,0,0,4,3,0,141,255,251,53,0,0,1,2,0,0,0,0,3,0,0,0,0,0,2,0,0,0,2,0,0,0,1,5,149,255,238,53,2,3,0,0,0,0,0,2,0,0,0,0,1,3,0,0,1,4,2,0,1,0,1,25,247,249,165,1,1,0,0,1,0,0,2,3,0,0,0,0,0,1,0,0,0,0,0,0,0,1,0,31,254,255,168,0,3,1,6,0,3,0,0,0,0,0,1,6,0,0,2,0,0,1,0,2,0,1,0,31,253,254,122,0,0,0,0,0,0,0,0,0,0,0,1,0,0,1,2,0,1,1,4,1,0,6,1,136,250,255,29,0,0,1,0,0,1,0,0,0,0,2,0,2,0,2,0,0,0,2,1,0,0,0,9,176,250,240,23,0,0,0,0,0,8,27,31,0,0,0,0,1,0,0,2,2,0,0,1,0,0,0,59,251,250,148,1,2,0,3,3,48,170,253,253,77,3,0,6,0,0,0,0,0,1,0,0,0,0,0,199,252,252,142,0,0,0,1,55,237,253,255,254,255,91,1,1,1,0,0,0,2,2,0,0,0,2,1,196,251,249,94,1,7,7,84,238,250,233,167,168,255,242,48,0,0,0,0,0,0,0,0,0,0,0,0,199,249,145,1,2,0,62,254,255,203,77,0,1,251,249,56,1,0,1,0,0,0,0,0,0,0,0,1,197,250,101,0,0,131,227,252,160,11,3,4,107,254,255,58,2,1,2,0,1,0,2,0,0,2,0,1,201,226,1,0,0,197,237,107,2,0,0,31,251,255,253,57,0,0,1,0,0,4,0,0,0,0,0,1,197,255,114,2,35,224,160,0,1,2,89,209,255,255,105,5,0,1,0,0,5,0,1,0,0,0,4,4,197,251,157,3,87,200,10,0,39,133,245,250,253,107,0,2,0,0,3,0,2,0,0,2,0,1,0,1,163,250,247,135,125,237,181,135,220,253,250,213,115,0,1,0,1,3,0,1,4,0,0,0,0,0,0,0,21,181,251,255,251,254,251,253,250,228,196,32,1,1,0,1,0,1,3,0,2,2,2,1,5,3,3,2,5,9,109,250,252,254,251,253,112,15,0,1,0,1,0,0,4,0,0,0,0,3,0,0,0,0,0,0,0,0,0,1,0,0,2,0,0,2,0,0,0,0,0,0,0,2,0,0,1,0,0,0,0,0,0,0,0,0,0,0,0,0,4,2,0,3,0,0,0,3,0,3,1,2,0,2,0,1,3,0,0,0,0,5,0,2,0,3,0,0,5,1,0,4,0,2,0,0,5,1,0,0,3,0,0,0,0,1,1,0,1,1,0,0,0,0,0,3,3,3,0,1,0,0,0,0,0,0,5,0,2,4,0,0,2,0,2,1,0,5,1,0,0,1,0,0,0,0,0,0,3,1,0,0,2,0,0,2,4,0,0,2,3,3,4,3,3,0,2,5,1,2,1,0,0,0,2,0,3,0,0,3,0,0,2,0,0,0
2,0,0,5,0,0,0,0,2,0,1,0,1,1,1,1,0,1,0,2,2,1,0,0,0,0,2,0,3,0,2,0,2,3,0,0,4,0,0,0,2,0,1,1,4,0,0,0,1,2,0,0,1,0,1,0,0,0,3,0,0,0,0,0,1,0,2,0,0,0,0,0,2,0,1,1,1,0,0,0,3,1,0,0,6,0,0,1,3,0,5,0,3,3,0,0,0,0,1,1,2,1,0,0,3,1,3,0,1,1,0,2,3,1,2,0,0,0,1,1,0,0,3,0,0,0,1,0,0,1,0,0,3,0,0,2,0,0,0,2,2,2,0,0,0,4,1,3,1,0,0,2,0,1,3,1,0,4,2,0,1,1,1,2,1,0,0,1,0,1,0,0,0,0,0,0,1,0,1,0,24,183,94,0,0,0,1,0,0,63,94,16,9,1,0,0,0,0,0,2,0,0,2,0,3,0,7,157,229,251,200,30,0,0,0,0,92,247,253,231,33,3,0,0,0,1,2,0,0,0,0,0,0,4,52,253,252,190,66,15,6,0,1,0,179,252,250,94,14,2,2,0,2,0,0,0,0,5,4,1,1,81,215,250,145,2,1,0,0,0,2,125,251,249,84,0,0,0,1,0,1,0,0,0,0,0,2,5,2,182,254,161,0,0,1,0,0,0,97,255,253,218,1,4,1,0,0,0,0,0,5,0,0,7,2,4,94,253,207,9,0,0,0,3,0,25,204,255,251,94,0,1,0,3,2,0,0,0,0,5,2,0,1,1,201,254,81,1,1,0,3,4,1,166,249,253,177,3,0,0,2,0,3,0,2,0,1,2,1,0,1,10,207,181,4,1,0,0,0,0,117,251,254,178,8,0,0,0,0,2,0,0,2,3,1,0,0,0,1,45,250,131,2,1,2,4,40,122,237,252,254,134,2,0,1,0,0,0,0,0,4,0,1,3,0,0,1,134,253,54,0,5,98,128,255,255,255,254,178,18,0,0,1,0,0,5,2,2,0,2,0,0,2,1,1,107,252,253,254,255,255,254,250,255,255,206,22,3,0,0,0,0,0,1,2,0,0,0,0,0,0,4,0,18,214,255,255,255,255,252,250,250,242,32,2,0,0,0,0,0,0,1,1,3,0,3,0,4,1,1,0,0,22,213,240,238,254,254,253,255,181,0,1,0,0,0,5,0,2,0,0,5,3,0,0,2,0,0,0,2,4,0,0,0,144,252,255,253,67,0,2,0,2,1,0,1,0,1,2,2,1,0,0,0,1,0,1,2,4,3,1,32,221,250,254,150,0,0,0,0,0,3,0,1,1,0,2,0,0,3,0,3,0,4,0,1,0,4,4,191,255,255,151,12,3,0,1,0,0,0,2,0,1,1,0,0,1,0,0,0,7,0,1,0,0,2,0,212,253,183,41,1,2,0,0,0,0,3,0,5,0,0,0,0,1,0,1,3,1,0,0,1,3,3,46,252,253,45,0,0,0,0,3,1,0,0,2,0,2,0,0,0,0,0,0,4,1,0,0,0,2,3,46,244,203,5,0,0,0,0,0,2,0,0,0,1,0,0,0,3,0,4,0,2,0,0,2,1,3,1,2,208,73,0,1,0,0,0,0,0,0,3,0,0,0,0,2,1,0,0,0,1,0,0,0,0,2,6,3,0,0,2,0,1,0,1,3,1,7,0,3,0,2,2,0,2,1,0,0,3,2,2,2,0,0,0,0,1,1,3,0,3,0,0,0,3,0,1,1,0,2,1,2,1
5,0,0,1,2,4,3,0,0,0,0,0,0,2,0,0,0,3,2,0,0,3,0,0,0,2,0,0,1,4,2,3,1,2,1,1,0,0,1,0,0,0,0,0,0,4,0,2,0,0,0,1,0,0,0,1,0,0,0,0,0,0,1,0,0,0,0,0,0,1,0,0,1,1,0,0,1,0,1,0,0,0,0,0,0,0,0,1,0,3,2,0,0,3,2,0,6,0,0,23,173,210,31,0,1,3,2,0,0,2,0,2,0,5,0,0,3,0,1,1,0,3,2,2,1,4,3,120,253,143,6,1,0,1,0,0,0,0,0,0,1,0,0,0,2,0,4,0,1,0,0,0,2,0,125,240,157,3,0,1,1,0,2,0,4,0,0,0,0,0,4,0,3,1,3,0,2,2,0,2,0,54,238,252,68,3,0,0,2,0,0,0,0,1,3,0,0,0,0,0,0,0,0,3,0,0,0,0,0,172,254,115,1,1,0,1,3,0,0,1,1,0,2,0,2,4,0,0,0,2,0,0,0,0,2,0,88,252,165,1,0,3,0,0,2,5,4,3,0,0,0,2,0,3,0,0,0,0,0,0,0,0,0,11,225,254,71,1,1,6,0,0,1,0,1,0,4,0,2,4,1,3,0,0,0,0,4,0,0,2,0,74,252,176,8,0,4,0,1,0,0,0,0,0,0,2,0,7,0,0,3,0,0,0,1,1,1,0,4,218,254,51,1,0,0,0,3,0,0,1,3,0,0,0,2,0,1,0,0,0,0,0,2,0,1,0,26,245,216,0,2,1,3,0,4,0,3,0,0,1,1,1,2,1,3,0,2,0,3,0,1,0,0,0,187,254,66,0,0,2,2,1,0,0,0,1,3,0,1,1,0,0,2,0,4,0,0,0,0,0,0,0,255,252,39,1,2,16,56,83,34,1,0,2,1,0,0,0,0,0,0,0,0,0,0,0,1,5,1,11,255,192,5,0,52,230,234,139,164,111,0,0,1,0,0,4,0,0,0,0,0,1,0,3,4,2,1,92,253,108,1,0,188,244,68,0,78,230,0,0,0,2,0,1,0,1,4,0,0,0,0,2,6,0,0,58,253,110,5,49,252,60,0,0,41,255,2,2,0,8,0,1,3,0,1,0,0,0,0,0,4,0,1,1,255,197,0,112,166,4,0,1,42,227,0,5,0,0,0,2,0,1,1,4,0,1,3,0,0,0,0,3,202,248,54,119,162,0,0,0,106,161,0,2,4,0,4,0,0,2,2,1,0,3,0,0,0,4,0,0,46,243,174,10,89,32,1,94,227,106,0,0,0,0,1,0,2,0,0,0,0,0,0,2,4,0,0,1,1,124,254,204,80,77,157,237,120,0,3,0,1,2,0,0,1,1,0,3,0,0,0,0,3,0,1,0,0,0,139,236,249,255,198,50,3,0,4,0,2,0,0,0,3,0,0,2,1,3,0,0,2,1,0,0,2,0,3,0,4,1,3,0,3,1,4,0,0,1,0,1,1,2,3,3,0,0,0,0,0,0,0,0,0,0,0,4,1,0,0,0,2,3,0,2,2,0,0,1,0,2,3,0,0,1,0,0,1,0,0,0,4,0,0,4,1,2,0,0,0,0,0,0,0,0,0,1,0,0,3,2,0,0,0,0,0,0,0,1,0,0,4,0,0,0,1,0,2,0,1,1,0,0,1,0,0,1,3,0,0,0,0,4,1,0,1,0,0,0,0,0,0,0,1,1,0,0,1,0,0,0,0,5,0,0
1,0,0,0,0,0,3,0,4,0,1,0,0,4,0,0,0,2,0,0,2,0,0,0,1,3,0,0,0,3,0,0,0,1,1,0,0,1,1,0,1,2,0,0,0,2,1,1,4,0,2,0,2,2,0,0,0,1,0,0,0,0,2,0,1,0,0,0,0,0,0,1,1,0,0,0,1,1,0,4,2,0,1,0,0,0,0,0,1,6,0,0,0,1,0,0,0,1,0,0,0,0,2,2,2,0,0,0,0,0,0,0,1,3,1,0,0,0,2,0,0,0,1,0,0,0,0,1,1,3,0,2,0,0,3,3,1,0,0,2,0,1,0,0,0,3,1,0,3,1,3,3,0,0,2,0,1,5,2,0,1,2,2,0,0,0,0,0,0,0,1,1,5,1,1,0,4,1,1,0,0,5,0,1,3,0,1,0,0,0,0,0,4,0,0,1,0,1,0,1,0,1,1,0,0,0,0,0,3,0,0,0,0,0,5,1,0,0,0,0,3,2,3,0,0,17,105,138,142,142,143,142,141,144,142,142,145,143,136,82,31,33,32,151,252,0,4,0,3,2,3,0,0,216,253,252,253,255,255,250,253,255,250,255,252,253,251,254,252,252,253,254,254,4,2,0,1,0,0,1,0,41,44,44,45,39,45,42,47,47,45,41,42,136,151,154,155,244,255,223,100,0,0,0,2,2,0,0,0,0,4,0,0,0,0,0,1,0,2,0,0,0,1,4,0,128,255,179,1,0,0,1,3,2,4,2,1,0,0,0,1,2,3,0,2,1,0,0,0,0,0,2,0,198,254,179,3,0,0,0,6,1,1,2,0,0,0,0,3,1,0,0,1,0,1,0,0,0,1,5,0,234,252,91,5,0,0,0,0,0,0,3,4,0,0,0,4,0,0,0,1,0,2,1,4,4,1,2,0,231,250,67,0,2,0,0,0,0,1,4,0,0,0,3,0,2,0,1,2,0,1,0,0,1,2,4,16,238,226,26,1,1,0,0,0,0,0,4,2,1,1,0,1,2,0,0,1,0,4,0,1,0,0,2,87,253,210,0,0,0,1,4,0,0,0,1,0,0,0,4,2,0,1,0,0,0,7,0,2,0,3,1,88,251,159,0,0,0,0,0,1,0,3,1,1,0,0,0,2,0,1,3,1,0,4,0,0,6,0,3,87,255,97,1,0,1,0,0,1,0,2,0,0,2,4,0,4,2,0,0,2,0,0,0,2,0,0,0,117,252,103,0,0,2,5,0,1,2,0,0,2,0,0,1,0,0,0,0,1,0,2,2,1,1,0,3,199,252,101,2,0,0,0,0,0,0,2,3,1,0,1,0,1,0,3,0,0,0,0,0,0,0,0,4,202,250,96,0,0,1,6,0,0,1,2,1,0,2,2,0,0,0,0,0,0,4,3,0,0,0,0,0,197,254,98,0,1,0,2,0,0,0,1,0,3,1,2,0,0,2,0,0,2,2,1,0,4,0,0,0,199,253,97,3,4,0,0,1,0,0,0,0,1,1,0,0,0,2,6,0,0,0,0,0,0,0,0,0,149,255,149,4,0,0,0,1,1,0,2,2,3,1,1,3,0,3,0,0,1,1,3,0,0,0,0,0,75,250,249,84,0,2,0,0,1,0,0,2,1,0,0,0,0,4,0,1,2,4,0,0,0,1,0,0,3,233,253,176,1,0,1,0,3,0,0,0,0,1,2,0,0,0,3,0,1,3,0,0,3,2,1,0,0,135,248,130,0,3,0,4,2,1,0,2
0,2,2,5,0,0,3,2,0,0,2,0,0,0,0,0,0,3,2,0,1,0,0,0,0,0,1,0,4,0,0,1,0,0,0,0,0,2,0,0,1,0,0,6,3,0,0,2,4,0,2,3,0,0,1,0,0,2,2,0,1,0,3,0,1,0,6,0,2,0,5,0,0,1,0,0,3,0,3,5,0,0,0,1,0,0,0,0,0,1,2,5,0,2,0,2,0,0,0,4,2,0,0,5,3,0,0,3,2,1,0,1,3,4,1,1,1,0,3,0,0,3,0,1,0,1,0,0,0,6,2,3,0,0,0,0,0,2,0,0,0,0,4,2,0,0,3,15,98,133,233,255,253,252,137,55,0,0,1,0,0,0,0,0,0,0,0,1,1,0,0,0,3,3,59,250,253,250,247,231,229,233,253,240,131,11,0,0,5,1,3,0,2,2,3,2,0,4,0,0,0,42,255,230,187,98,67,2,0,3,160,241,253,168,12,0,1,1,2,0,2,0,0,0,2,1,0,1,0,146,253,87,0,7,1,1,0,4,0,60,235,248,153,2,6,1,0,0,0,2,0,1,0,0,0,0,1,118,255,84,3,5,0,0,1,0,0,0,62,231,235,46,1,0,0,0,6,0,0,0,2,2,0,1,0,15,165,19,0,1,0,0,2,3,0,0,0,169,244,57,0,0,0,0,0,0,0,0,0,2,9,0,0,0,1,0,1,0,0,0,7,0,0,0,4,163,252,61,0,0,1,1,3,0,0,0,4,0,0,0,0,3,1,0,0,1,0,1,0,2,5,3,13,201,228,38,4,0,0,0,2,0,0,1,0,0,0,2,1,0,0,1,0,0,3,1,0,0,0,0,88,251,193,1,4,3,1,0,0,0,0,0,4,0,6,0,0,3,0,1,0,0,0,1,3,4,0,82,248,252,79,2,0,0,0,0,5,0,0,0,1,1,2,1,0,0,1,0,2,0,1,0,0,129,203,254,253,253,171,43,3,0,1,0,1,3,0,0,2,3,0,1,0,2,1,0,0,0,0,1,118,246,255,255,235,238,254,253,67,2,3,1,0,0,1,1,3,1,2,0,0,0,0,1,0,1,0,0,92,253,215,89,0,22,94,217,254,112,1,3,0,3,3,0,0,0,1,0,0,5,2,0,0,0,0,0,1,83,3,2,0,2,0,113,250,220,17,0,5,0,0,4,0,0,0,0,3,0,3,1,0,0,0,1,4,1,0,3,2,0,0,73,252,253,23,0,0,7,0,0,0,0,0,0,0,0,2,0,4,1,0,0,0,1,5,0,0,0,0,168,250,221,19,0,0,0,0,3,0,0,6,0,0,0,0,0,0,2,0,0,0,0,0,2,0,0,89,242,253,117,0,0,3,0,0,0,0,0,3,0,2,2,1,20,29,0,0,0,0,5,5,97,98,181,244,255,135,5,2,0,0,0,0,1,1,1,0,0,3,0,0,50,239,139,111,110,221,232,231,253,250,180,60,23,2,0,2,0,0,0,0,0,1,0,0,3,2,0,0,25,129,228,254,252,255,193,133,134,57,6,2,1,0,0,0,0,0,2,0,0,0,0,1,1,0,1,0,0,0,0,0,0,0,0,5,4,0,3,0,0,1,0,2,0,0,1,5,0,4,0,1,0,0,2,0,1,3,1,0,3,2,0,0,0,0,0,0,0,2,0,6,0,2,0,1,1,0,2,0,1,1,0,3,4,3,0,0,1,0,0,3,3,2,0,3,2,0,2,0,0,1,0,0,0
1,1,0,2,2,1,0,4,0,1,0,0,0,0,0,0,0,2,1,0,2,1,0,0,0,0,0,0,0,0,4,0,0,0,0,0,0,1,0,1,0,0,0,1,2,0,0,1,1,2,0,1,2,0,0,1,0,2,0,0,0,0,0,0,0,0,0,0,0,0,0,0,2,2,1,0,1,0,0,1,0,0,0,0,1,0,0,0,0,0,0,1,0,6,0,4,1,0,5,0,0,0,0,0,0,0,1,4,1,0,2,0,0,0,0,0,5,1,0,0,0,0,0,0,0,0,8,170,121,0,1,0,0,0,2,0,2,0,3,4,1,0,0,0,0,0,0,0,2,0,1,0,1,0,127,255,102,0,0,0,0,0,0,0,2,0,2,0,3,4,0,0,0,2,0,0,1,0,0,0,3,0,209,255,93,0,0,5,0,2,4,1,0,0,0,4,0,0,1,1,0,0,0,4,3,3,0,0,0,0,211,255,94,0,0,1,1,2,0,2,4,0,0,0,0,0,0,0,0,0,1,0,1,0,0,0,0,0,211,253,92,0,0,0,1,4,0,2,0,1,0,0,3,0,0,0,2,2,0,0,0,2,1,0,1,1,209,255,94,3,0,2,0,3,1,0,1,0,3,2,2,2,2,0,0,0,1,0,0,3,0,0,0,3,205,255,96,0,3,0,0,0,2,0,2,0,0,0,0,2,0,1,0,5,8,0,0,0,4,0,3,16,225,254,95,0,0,0,0,1,3,0,0,0,2,0,1,3,0,2,0,2,2,0,1,0,0,0,1,44,252,254,93,1,2,3,0,0,0,1,0,2,0,4,3,0,0,1,0,1,0,1,0,4,0,0,3,63,254,250,9,0,0,0,0,0,3,5,0,0,1,0,5,3,0,0,2,0,0,0,0,0,0,1,0,148,253,180,0,0,0,0,1,0,2,0,1,0,0,0,5,0,4,0,0,0,5,2,2,1,0,1,0,232,253,88,0,0,0,0,0,0,2,0,3,3,0,2,1,0,0,3,2,3,0,0,2,0,0,0,46,244,255,70,0,1,0,0,0,0,0,0,1,1,0,0,0,0,0,0,0,0,5,1,0,1,0,0,168,254,234,6,3,2,0,2,4,2,5,0,0,0,1,3,0,2,0,0,0,0,0,1,0,2,0,0,251,252,145,5,1,0,0,2,0,0,0,5,0,0,0,4,0,0,0,1,0,1,0,0,0,0,4,37,253,255,45,2,0,3,1,1,0,0,6,0,0,0,0,6,0,0,0,2,2,3,0,4,0,0,1,118,254,242,36,1,1,0,0,1,0,1,1,0,0,1,3,0,1,0,1,3,2,0,2,2,0,0,1,186,255,214,10,0,2,3,0,0,0,0,1,0,0,0,4,1,4,4,1,1,3,0,0,3,0,1,0,144,255,250,44,0,3,3,0,3,0,0,1,3,2,0,0,0,0,0,0,0,1,2,3,0,0,0,1,27,253,166,30,0,0,1,0,0,0,2,2,1,5,0,2,0,0,0,1,0,1,1,1,0,4,0,1,0,1,0,1,4,1,0,3,0,0,0,1,0,1,3,1,3,0,0,0,0,1,0,1,0,3,0,0,1,0,0,0,0,0,0,1,1,0,0,1,0,5,0,0,1,3,0,1,2,0,1,0,5,1,0,0,0,0,0,0,0,0,0,0,0,0,1,2,2,0,3,1,0,0,0,1,3,0,0,2,0,1,0,3,1,2,2,0,0,0,0,0,0,0,0,0,3,0,0,3,0
1,1,2,1,2,1,3,4,1,3,0,0,0,1,3,0,2,0,4,0,0,3,0,2,1,1,3,2,0,0,0,0,0,0,2,0,1,0,0,1,3,0,0,0,2,0,0,0,0,3,0,0,2,0,0,1,3,2,0,0,0,3,0,0,0,0,0,2,3,3,4,0,0,0,0,2,0,0,0,0,1,0,1,3,0,0,1,0,0,0,4,0,4,0,0,1,0,0,0,0,1,0,0,2,0,2,1,3,2,0,1,0,1,0,0,0,1,1,0,3,1,2,5,1,0,0,0,1,0,1,0,4,0,1,3,0,0,0,0,0,3,0,0,2,0,0,0,1,0,0,0,4,0,1,1,2,4,0,3,5,1,2,0,1,3,0,4,0,0,3,0,0,0,0,1,1,0,0,0,0,1,2,0,0,0,7,0,0,0,2,0,0,0,3,0,0,0,2,0,1,0,2,1,0,3,0,0,72,153,153,195,213,255,255,175,21,0,4,0,0,2,1,0,1,0,0,2,2,0,0,1,1,33,163,204,251,254,255,253,252,250,254,254,103,2,0,1,0,0,0,2,0,0,0,3,0,0,0,1,3,164,255,251,255,253,253,227,205,206,217,252,185,0,4,0,0,2,0,0,1,2,3,0,1,0,0,0,0,162,228,149,151,109,48,29,2,0,51,251,102,0,0,0,0,0,0,0,0,0,3,0,0,0,0,2,1,0,1,0,1,2,0,0,0,1,169,254,100,1,0,0,0,0,0,1,0,0,0,0,1,0,0,0,2,0,0,5,2,0,0,1,0,0,254,252,64,0,0,1,3,5,0,1,2,0,6,0,3,0,0,0,0,0,4,2,0,4,1,2,12,172,252,231,0,1,0,0,1,0,1,3,1,6,0,0,0,0,0,0,0,0,0,0,0,0,0,82,131,255,252,72,3,1,1,0,0,0,5,1,0,1,1,0,0,2,2,0,0,60,211,253,255,250,254,251,255,253,251,254,196,108,40,1,0,3,0,2,0,0,0,0,0,0,0,2,2,106,255,249,252,251,255,250,255,248,255,249,252,215,161,0,3,0,0,0,0,0,0,0,0,4,1,0,0,184,253,211,204,202,238,253,248,205,162,121,99,21,0,0,0,0,0,0,0,2,2,2,0,1,0,2,0,22,45,13,0,2,196,255,202,0,0,1,0,0,1,0,0,0,1,0,1,0,0,0,1,4,0,0,2,0,3,0,0,161,251,231,39,0,0,0,0,2,0,4,2,2,5,0,0,0,1,1,2,2,0,0,0,1,0,0,84,247,254,107,0,0,1,1,0,0,1,2,0,0,0,2,0,3,2,1,1,0,0,0,0,0,0,23,255,255,125,2,1,2,0,4,4,0,0,0,1,2,1,0,0,0,1,3,0,1,1,0,0,0,0,140,252,176,3,0,0,0,2,0,0,1,0,0,2,0,2,1,0,0,0,0,2,0,0,0,0,0,53,255,255,52,5,0,0,1,1,0,0,1,0,0,0,0,0,5,0,0,0,0,3,0,2,0,1,0,130,252,211,7,0,1,0,1,8,0,0,0,0,0,0,0,2,0,0,0,0,1,3,5,0,0,0,2,172,254,120,0,0,1,1,0,5,0,0,0,0,1,3,0,0,1,1,0,5,0,4,0,0,3,0,0,210,171,3,0,0,5,0,0,0,0,5,0,0,5,0,0,4,0,4,2,0,0,0,2,0,2,1,0,0,3,0,1,0,0,1,2,1,0,0,0,4,7,0,0,0,0,0
4,0,1,0,1,0,0,0,0,0,0,1,0,0,1,0,0,0,0,0,1,0,2,0,1,0,1,1,0,1,1,0,0,1,0,0,0,0,0,0,0,2,0,4,0,0,3,0,2,0,2,0,0,1,4,3,2,2,1,0,1,0,0,0,4,5,0,1,0,0,0,3,3,0,0,2,5,0,1,0,4,2,0,2,0,2,2,0,1,0,0,3,1,0,2,0,2,0,1,1,0,3,0,2,0,1,0,3,0,0,0,1,1,1,0,0,0,1,2,0,0,1,0,0,103,255,0,3,2,2,1,0,0,0,2,0,0,0,0,0,0,3,1,0,3,0,2,1,2,4,1,6,210,255,0,0,1,0,0,2,0,0,1,3,2,2,0,1,2,0,2,3,2,0,3,0,1,3,0,0,166,254,0,5,1,1,2,2,0,0,1,5,0,0,0,1,0,4,0,0,0,0,0,2,0,0,0,72,253,252,19,4,5,4,4,0,0,0,4,0,0,1,1,0,0,0,4,0,0,1,0,0,0,0,2,53,246,252,102,3,1,0,2,1,0,1,1,0,0,1,0,0,3,4,2,0,0,0,0,1,0,0,0,2,234,255,194,0,0,0,0,1,1,1,0,0,0,0,0,1,0,2,0,0,0,5,0,0,0,4,0,0,145,255,224,21,2,4,4,0,0,0,0,1,4,0,1,0,0,0,0,4,0,0,3,0,3,2,0,1,68,255,235,26,3,2,2,0,0,0,0,1,0,3,2,0,0,1,0,1,0,6,0,3,1,1,0,2,40,254,228,23,0,0,0,1,0,0,1,0,0,0,0,0,0,1,2,0,0,0,1,2,0,0,1,0,33,255,253,43,0,3,0,1,3,2,0,0,0,0,0,1,2,5,0,1,0,0,2,0,0,0,0,0,33,238,253,40,0,0,0,1,0,0,0,4,0,0,0,0,0,0,0,3,4,2,2,2,0,0,0,0,1,150,249,120,2,5,1,2,0,1,1,0,0,0,2,0,2,4,0,0,0,2,0,1,0,0,1,3,2,97,254,167,3,0,0,7,0,1,0,3,0,3,6,0,0,0,0,7,1,0,0,0,2,0,0,0,2,82,255,234,2,0,0,1,0,0,0,1,2,0,5,0,0,0,0,0,0,0,4,0,1,1,0,1,0,2,253,233,1,3,0,1,0,2,0,1,4,3,0,1,0,0,0,1,0,0,0,2,1,5,2,2,0,1,253,254,81,0,0,2,4,0,0,0,0,1,2,0,0,0,1,0,0,0,4,2,0,2,0,0,2,2,254,255,80,0,4,0,3,0,0,0,2,0,0,0,0,2,4,0,0,3,2,0,0,3,0,0,0,0,253,254,79,0,0,0,3,2,1,3,3,1,0,0,1,1,0,2,0,0,0,2,5,1,0,4,0,0,237,253,76,1,2,1,2,0,4,0,4,1,1,5,2,0,0,0,1,0,0,0,0,1,0,0,0,2,79,236,15,0,0,0,2,0,0,0,2,0,0,0,0,0,0,0,3,0,0,0,2,0,0,0,0,0,0,0,0,2,1,0,0,0,4,0,0,3,0,0,3,3,0,2,0,0,1,2,0,0,4,0,1,0,0,1,2,1,0,3,2,1,1,3,1,0,0,0,0,0,2,3,3,1,2,1,1,2,0,0,0,1,2,0,0,2,1,0,2,0,0,0,0,0,0,0,0,0,1,1,0,1,0,0,0,1,2,2,0,0,0,1,0,3,0,0,0,0,0,0,0,0,0,4
0,0,2,0,0,3,0,0,0,2,0,2,3,1,0,1,0,0,0,0,4,1,0,0,1,0,4,0,0,3,0,0,0,0,0,0,2,0,0,0,2,0,0,0,0,1,1,0,1,0,0,0,3,2,0,0,4,0,1,0,0,0,0,1,0,0,1,0,1,4,0,0,0,0,0,0,4,1,0,2,1,0,0,1,0,0,0,3,2,0,0,0,0,3,1,3,0,0,0,0,0,0,0,0,0,3,2,2,1,1,2,2,0,0,3,5,0,2,4,0,7,0,2,0,0,0,0,0,0,0,2,1,0,0,0,1,2,1,2,2,0,0,1,0,0,0,0,0,0,0,1,1,0,31,137,218,255,243,53,0,2,0,0,0,0,0,0,3,0,0,0,0,0,2,1,7,0,3,1,4,74,216,252,254,253,250,91,0,0,0,3,0,4,2,0,0,1,0,0,0,2,0,0,3,0,6,37,212,253,255,255,249,252,252,133,0,17,143,225,8,4,1,0,0,2,3,1,1,0,0,0,0,1,22,229,251,251,240,161,101,61,162,90,57,207,252,254,93,0,0,2,1,0,0,2,0,2,0,0,0,2,158,253,249,170,64,1,0,3,8,98,213,251,254,187,7,1,2,0,0,0,0,0,4,0,1,3,0,153,251,249,94,0,1,1,3,0,123,244,253,231,107,5,1,0,1,2,1,0,1,2,1,0,2,0,5,221,253,171,0,0,1,0,36,192,250,254,235,50,0,2,0,0,0,0,0,0,0,0,2,2,0,2,0,223,255,89,0,0,0,46,168,253,249,197,56,0,1,0,0,0,0,0,0,2,1,0,0,7,0,0,3,224,251,170,9,1,8,178,248,251,245,86,4,0,3,1,0,1,1,0,2,0,2,0,0,0,0,0,0,195,250,254,210,61,167,251,253,235,50,0,1,0,0,2,0,0,0,0,0,0,0,3,2,0,0,0,0,28,250,253,255,255,254,252,169,32,0,0,2,1,0,3,1,0,1,3,0,0,1,0,0,0,0,2,0,4,78,200,251,250,253,254,102,0,0,0,0,0,0,3,0,0,0,0,1,0,0,0,0,0,0,0,3,1,2,55,246,255,251,253,210,40,5,0,4,0,3,0,1,0,4,2,1,3,3,0,4,2,0,0,0,0,4,80,250,193,188,252,251,238,13,1,0,0,0,0,0,0,1,3,0,0,0,0,1,0,2,3,0,4,25,219,243,2,5,162,246,255,73,0,0,2,0,5,0,1,0,0,2,4,0,0,0,1,1,0,0,2,45,255,241,5,0,7,117,250,202,21,0,3,0,5,0,1,0,2,0,0,0,0,2,0,2,2,1,0,22,230,246,39,1,0,100,253,232,17,0,1,0,0,2,0,0,1,0,0,0,4,0,2,0,0,3,0,0,128,254,252,250,201,252,255,219,1,0,2,0,0,0,4,0,0,0,2,0,3,0,3,0,0,0,0,0,22,170,253,255,251,253,254,50,0,1,0,0,0,0,4,3,2,0,0,0,0,1,0,0,3,0,0,0,0,9,143,232,252,233,60,0,0,0,0,0,0,2,3,0,0,1,0,1,1,2,0,0,0,0,2,4,4,0,0,0,0,0,0,0,2,0,0,0,0,3,0,0,0,6,0,6,1,1,0,0,3,0,3,2,0,0,0,0,0,2,2,0,0,0,0,1,0,0,0,0,0,0,0,2,3,1,1,1,0,2,2,0,0,0,0,1,2,0,0,0,0,0,0,1,4,0,2,0,0,0
0,0,0,3,1,0,0,0,3,1,1,4,0,0,0,0,0,0,0,2,0,4,0,0,0,2,0,0,0,2,0,0,0,0,0,4,0,0,4,0,3,0,2,3,3,1,5,1,0,2,0,0,2,4,1,0,1,4,1,0,1,0,0,1,0,1,2,1,0,0,1,1,1,3,1,0,0,0,0,1,0,2,0,0,0,0,0,0,0,0,0,2,2,0,0,1,32,93,158,255,253,255,174,10,2,3,1,0,0,1,0,0,0,0,0,0,0,0,0,4,0,0,3,18,202,252,252,252,254,251,247,186,80,1,0,1,1,2,0,0,0,2,0,2,1,0,0,0,0,0,66,254,254,255,144,148,196,255,254,250,167,11,1,0,0,0,1,1,0,1,0,1,0,0,0,0,0,15,196,254,189,53,3,0,29,83,234,252,249,35,0,0,0,2,0,2,0,0,0,1,3,1,6,0,29,193,249,177,89,2,0,3,5,0,124,254,253,176,6,0,0,1,0,2,0,0,3,0,2,0,0,0,52,255,195,15,0,0,0,2,0,1,131,255,255,178,1,0,0,0,6,0,0,2,0,2,0,0,0,0,23,187,189,0,3,0,0,0,1,27,199,251,255,174,6,0,0,0,0,0,0,0,2,4,2,0,1,0,0,14,20,0,0,0,2,4,4,42,252,249,253,29,0,5,0,2,0,1,0,0,0,0,0,1,0,5,0,0,1,0,2,1,0,4,4,42,255,250,255,13,0,2,0,0,0,0,0,0,4,0,0,0,2,0,0,3,1,1,6,0,0,0,0,202,254,253,206,8,0,2,2,0,1,0,0,2,0,0,2,1,0,2,12,6,8,4,0,1,0,1,77,239,255,252,105,0,1,0,0,2,1,1,0,0,1,1,1,1,11,177,255,255,217,193,104,98,100,98,169,255,253,232,67,3,0,2,3,0,1,4,0,4,0,1,5,96,198,250,249,254,250,252,250,255,255,251,255,255,235,71,0,0,1,3,0,0,0,0,5,0,0,0,17,253,253,255,157,143,139,143,246,251,255,253,254,254,122,0,0,0,3,0,1,1,1,0,0,0,0,0,148,249,248,132,10,2,8,41,141,255,255,253,251,254,120,0,0,3,2,6,3,0,0,3,0,1,0,1,177,255,218,1,0,70,162,253,249,252,254,254,252,253,191,108,0,4,0,1,2,3,1,9,1,0,1,0,180,254,247,225,218,239,253,253,250,253,231,192,215,248,252,191,0,0,0,0,3,3,1,0,2,0,1,0,85,254,251,255,255,255,251,254,200,107,66,0,119,253,253,231,59,0,0,3,0,2,0,1,0,0,1,0,12,177,238,248,255,254,185,76,11,0,0,0,116,251,253,253,105,0,0,4,0,0,0,0,0,0,0,0,8,1,69,92,87,89,5,0,0,0,0,1,40,116,251,217,39,0,0,2,1,0,0,0,4,0,0,0,0,1,1,2,1,0,0,1,0,0,0,1,0,0,0,3,0,0,1,0,0,2,2,1,1,4,2,0,4,2,1,0,3,0,0,0,0,1,0,2,0,0,0,0,0,0,0,5,0,0,0,2,0,5,0,0,0,0,4,0,0,3,0,2,4,2,0,6,0,1,3,2,2,4,0,0,1,0,0,0,1,0,0,0,4,4,0,0,0,0,3,1,1,4,0,5,0,1,0,0,4,0,0,0,0,3,1,2,2,4,1,0,2,0,2,4,0,2,0,0,0,0,0,0,0,0,4,0,0,0,3,0,3,0,0,0
0,4,0,1,1,0,0,1,0,0,0,0,0,0,0,0,0,2,0,1,0,3,0,1,0,2,0,2,0,0,0,0,2,0,5,0,2,0,5,0,1,5,2,0,0,0,0,2,5,0,3,0,0,0,0,4,3,3,1,0,0,2,0,0,0,2,0,0,0,0,0,2,0,0,0,2,0,0,1,5,3,0,0,3,2,0,0,0,2,0,1,0,3,3,2,0,4,2,3,0,1,3,2,0,2,0,0,0,0,0,0,1,0,0,0,0,3,0,1,0,0,0,0,0,0,0,81,207,135,6,0,0,0,0,0,0,3,2,0,0,0,0,0,2,0,1,3,0,0,0,5,0,2,84,243,255,255,187,28,0,1,0,5,2,3,0,0,0,0,4,1,0,0,0,0,1,4,4,0,0,23,208,252,240,247,247,241,93,0,2,0,5,3,0,0,1,1,2,0,0,0,0,1,1,0,0,0,0,195,255,226,36,63,205,249,173,0,0,0,3,0,1,0,3,0,0,1,1,0,1,0,3,1,0,1,75,250,254,60,0,0,33,219,253,89,2,1,3,2,3,0,0,0,0,1,1,1,4,3,0,0,0,26,232,255,86,4,1,2,8,153,253,212,0,4,0,1,0,0,3,0,1,2,0,0,1,3,0,0,2,80,252,205,22,0,0,0,0,17,218,210,0,0,0,0,2,2,0,4,1,2,1,1,0,0,3,3,54,245,253,75,6,4,2,3,0,0,160,235,31,2,0,2,0,0,0,0,0,0,3,2,1,5,0,0,105,253,250,22,3,7,2,0,0,3,107,255,65,0,1,2,1,0,1,2,0,0,0,0,3,5,0,2,149,249,135,4,0,3,3,0,2,0,111,251,109,0,0,1,0,4,1,0,0,0,6,0,3,0,0,41,235,249,54,2,1,2,0,0,1,0,108,250,169,1,0,4,0,1,1,2,2,1,0,2,0,0,1,143,250,211,0,0,2,0,0,1,0,0,108,253,129,0,0,2,0,1,3,3,1,2,2,0,0,1,0,169,254,204,4,0,0,0,3,0,0,0,155,250,68,1,1,3,0,2,1,0,0,2,2,2,1,0,19,220,253,105,0,0,0,1,0,3,0,18,223,240,49,2,0,0,1,0,0,1,2,0,0,2,0,0,3,181,253,107,4,1,1,0,0,0,2,151,255,210,3,1,0,3,0,5,0,1,0,0,2,2,0,1,0,168,249,220,11,0,0,0,0,8,46,218,253,132,0,3,4,0,0,2,4,0,4,0,0,0,0,0,2,132,255,255,128,10,0,0,14,121,243,253,176,3,0,0,0,0,2,0,1,1,2,1,0,0,0,0,0,5,164,255,252,176,125,125,236,253,252,134,13,0,0,0,0,1,3,2,1,0,3,4,0,0,0,0,0,0,81,229,254,251,246,253,254,251,92,0,0,0,0,4,1,3,1,2,1,0,4,0,0,3,0,0,4,2,1,29,74,189,218,212,126,42,0,0,0,6,0,0,0,0,0,0,0,1,0,0,1,2,1,0,0,3,1,0,2,0,1,0,6,0,2,0,0,0,0,0,0,1,0,2,1,0,1,1,4,0,0,0,0,4,0,0,1,0,4,0,0,3,1,1,1,1,1,2,1,3,0,0,4,1,0,1,1,0,2,3,2,4,0,0,3,1,1,2,4,0,0,0,0,0,6,0,0,1,0,2,2,2,2,2,1,2,4,0,2,0,0,4,3,0,1,0,4,3,1,0,0,7,2,0,0,3,1,3,0
1,0,0,0,0,3,0,2,3,0,0,0,1,0,3,4,0,0,0,0,0,0,0,4,0,0,0,2,0,0,0,0,0,1,1,2,0,3,0,3,0,1,0,0,0,3,0,3,1,2,1,1,2,0,3,1,0,3,0,0,1,0,2,0,1,0,0,0,0,0,0,2,3,0,0,4,0,4,1,0,1,0,0,0,3,0,0,0,3,0,0,4,2,4,0,0,0,1,3,0,0,2,1,2,1,0,0,2,1,0,0,0,0,0,2,4,0,0,0,0,2,3,0,4,1,0,0,0,0,0,0,1,3,0,2,0,0,3,1,0,3,0,0,0,0,2,0,0,0,0,0,0,1,2,3,2,0,0,0,2,2,0,3,1,0,0,0,0,0,2,2,0,2,0,0,0,2,0,0,73,236,217,99,3,0,0,2,0,1,3,0,1,2,0,0,1,0,0,0,0,0,0,2,0,1,0,0,33,138,228,249,193,33,3,0,0,0,0,0,0,0,0,2,0,0,0,0,1,2,0,0,0,1,0,1,1,1,0,71,235,244,28,3,0,0,0,0,0,1,2,0,0,0,4,2,0,1,1,0,0,2,0,2,0,0,0,0,86,253,72,1,0,0,0,1,0,0,0,1,2,0,2,0,0,3,0,0,0,3,1,1,0,1,1,1,3,214,123,0,4,0,0,2,0,0,3,0,0,0,1,1,3,1,1,0,0,2,27,115,175,158,76,13,40,228,36,0,2,0,0,3,1,0,0,0,0,2,0,4,0,4,1,0,15,94,244,240,223,225,250,230,198,169,4,0,0,2,1,2,0,0,2,0,0,0,0,0,3,3,0,1,77,166,129,34,0,1,79,255,255,191,31,2,0,0,2,3,0,0,1,0,1,5,4,0,0,0,2,59,240,76,0,1,2,0,87,255,222,245,230,55,0,0,2,1,0,0,0,1,0,1,0,0,2,2,3,197,203,12,1,0,0,76,229,207,20,78,222,249,42,1,0,2,6,2,0,0,0,0,0,2,6,0,0,169,109,2,0,0,29,226,224,23,0,1,35,220,219,31,0,1,0,0,3,0,0,0,0,1,0,0,0,51,222,75,0,74,217,208,34,3,0,0,3,36,220,214,9,0,1,2,3,0,0,0,1,2,5,0,1,1,131,255,170,247,222,24,0,0,0,3,0,2,37,240,175,7,0,0,5,0,0,0,2,2,0,2,2,0,12,194,207,96,17,0,0,1,2,1,0,0,0,72,242,206,6,0,0,0,0,1,0,0,5,0,0,0,0,7,4,0,2,0,3,3,0,0,4,0,0,1,40,245,185,1,2,0,0,4,3,3,1,0,4,6,3,4,4,0,1,0,1,3,0,0,0,0,0,0,2,85,249,109,0,2,0,6,2,0,1,0,1,3,2,0,0,3,0,0,0,0,0,1,1,0,1,1,1,0,115,250,76,0,0,3,0,1,0,0,0,0,0,0,0,0,5,2,0,1,0,0,0,3,2,4,7,1,3,195,226,2,0,2,0,2,0,0,0,0,1,0,0,1,1,0,3,0,0,0,0,0,0,0,1,0,0,7,7,0,0,4,4,0,0,0,4,1,0,2,0,0,0,0,0,0,0,0,0,3,0,2,0,5,3,2,1,1,2,0,0,2,1,3,2,2,0,0,1,0,1,1,0,3,0,0,0,3,3,3,3,1,0,0,0,0,0,2,0,0,2,1,3,0,1,2,0,4,0,2,1,0,0,0,0,4,0,0,2,0,0,1,1,0,0
1,0,0,2,0,0,0,3,0,0,0,1,0,0,6,0,0,1,0,0,0,2,1,0,0,2,1,4,0,1,3,3,0,0,0,0,0,1,0,0,1,0,2,0,0,3,0,3,0,2,2,0,0,5,2,0,0,0,0,0,0,1,2,0,0,3,0,0,3,0,1,0,0,0,1,0,0,0,2,0,1,0,1,0,0,3,0,0,0,0,4,0,3,0,0,2,0,2,0,1,0,0,4,3,2,0,0,3,2,0,1,2,0,4,0,0,0,5,0,0,0,1,3,0,0,1,0,3,0,4,3,0,0,2,0,1,3,0,1,0,1,0,0,0,0,0,1,1,1,1,1,3,0,17,128,192,182,80,4,0,0,0,4,0,1,2,0,4,1,2,1,0,0,0,0,0,1,2,0,46,174,255,255,252,255,255,145,2,0,0,2,0,0,4,0,2,5,0,0,0,3,0,0,4,0,1,87,240,254,206,156,175,253,255,255,18,0,3,0,1,1,0,0,0,0,3,2,0,0,6,0,3,0,111,241,228,104,0,4,2,107,232,103,0,2,3,2,3,0,2,0,4,3,0,2,3,1,0,0,1,15,222,244,34,1,0,0,2,2,21,21,0,0,0,0,0,2,3,0,0,0,3,0,0,1,0,1,1,173,255,151,0,0,3,0,1,0,0,12,99,11,2,0,0,4,0,0,0,1,0,1,0,0,1,2,64,254,237,33,2,1,0,0,5,1,40,222,255,84,1,0,1,0,0,3,0,0,0,0,0,0,0,4,185,255,133,0,1,1,0,0,1,6,210,255,253,66,0,0,1,0,0,0,0,7,4,1,0,0,0,3,181,255,115,3,0,1,0,0,33,195,254,255,252,16,0,4,0,0,2,0,0,0,2,0,2,0,0,3,173,254,251,109,41,42,43,158,247,254,253,254,122,4,0,1,0,0,1,4,0,0,1,0,0,2,6,0,22,220,252,255,255,255,249,250,213,167,255,250,74,0,3,0,0,0,0,3,3,1,0,1,3,0,0,4,2,29,183,252,254,192,229,196,31,182,255,253,23,0,2,0,1,0,0,3,0,0,2,3,2,0,4,0,0,1,11,69,80,20,27,8,1,222,254,201,8,0,2,1,1,2,4,0,1,3,0,0,3,0,2,0,1,0,0,0,0,0,0,1,3,222,253,117,3,0,0,0,2,0,1,1,0,0,0,0,1,0,0,0,1,0,1,0,1,2,1,0,10,226,253,138,0,0,1,0,0,0,2,0,1,3,1,0,1,0,1,3,0,4,5,2,2,0,0,0,77,254,254,112,0,2,0,0,2,3,3,0,2,1,2,1,0,1,0,0,0,0,0,1,0,0,1,0,131,255,254,107,0,0,0,0,0,0,0,2,5,5,0,0,0,5,0,0,0,0,5,0,5,0,2,4,132,255,252,108,1,0,4,0,0,2,0,0,4,4,0,0,3,0,6,0,1,1,2,1,0,1,2,0,136,251,254,105,4,4,0,0,1,0,3,0,0,0,0,0,0,0,0,3,0,4,0,0,3,0,0,4,137,255,254,54,0,1,1,1,4,2,0,0,0,0,0,1,0,0,0,0,1,0,0,0,2,1,0,1,4,1,0,0,0,0,1,0,0,0,0,0,0,5,0,0,0,1,0,2,3,0,0,0,1,0,2,2,0,2,0,2,0,1,3,0,0,1,0,0,0,0,0,0,0,0,0,2,0,0,1,1,3,0,2,1,0,0,0,2,0,2,3,4,0,1,0,0,0
0,1,1,1,0,0,0,1,0,0,0,0,1,0,0,2,0,0,0,0,2,1,0,3,0,2,0,1,0,0,1,0,3,1,0,0,0,1,0,2,1,5,0,0,0,0,0,0,0,0,2,0,2,0,0,1,3,0,2,0,0,0,2,2,1,1,0,0,2,1,0,0,2,0,2,1,0,5,0,0,1,0,0,2,0,0,0,0,1,5,3,2,0,0,2,3,0,0,0,0,2,0,0,4,0,0,0,0,4,1,0,1,0,0,5,2,0,0,0,3,1,0,0,0,0,0,0,3,0,0,1,0,0,0,4,0,1,0,1,0,0,2,0,1,0,0,0,0,0,0,94,141,255,255,255,255,198,121,19,0,0,0,1,0,0,0,1,1,0,1,4,2,1,0,0,0,131,242,248,251,254,253,254,251,254,254,166,0,2,0,0,1,1,0,4,3,0,1,0,1,0,3,0,136,246,251,250,238,162,81,76,250,253,252,201,21,0,0,1,3,0,2,0,7,0,0,0,0,0,0,35,237,229,133,37,28,0,0,132,249,218,199,252,53,0,2,2,3,3,0,0,1,1,3,0,4,2,0,213,248,171,0,0,3,0,0,32,255,173,29,225,162,0,2,4,0,0,3,1,0,0,4,5,0,4,25,244,254,175,0,0,5,0,0,0,129,252,75,217,185,0,0,4,0,0,0,1,2,1,2,0,3,2,38,241,250,79,0,5,5,1,0,1,0,150,253,255,185,3,0,0,0,0,2,2,0,1,3,1,4,0,1,229,250,37,1,0,1,0,0,3,6,37,234,251,186,0,0,0,0,3,0,0,2,1,1,1,2,1,0,105,254,113,3,4,1,1,0,0,0,8,228,252,189,3,2,0,4,1,0,0,0,3,0,3,1,0,0,50,237,211,102,0,0,0,0,3,65,180,254,255,255,66,0,1,4,0,0,0,0,1,0,2,3,2,1,1,165,252,255,226,120,126,124,121,254,255,161,0,67,250,81,0,0,0,2,1,1,5,2,3,2,2,0,0,5,54,229,254,252,255,251,251,203,88,8,0,5,130,137,0,0,0,0,0,2,1,0,2,4,0,0,2,0,0,21,124,158,156,150,22,12,0,0,0,0,9,175,132,2,0,2,0,2,0,0,3,0,5,0,0,0,0,0,0,0,0,0,0,2,0,2,0,2,0,174,225,5,2,2,0,5,2,0,0,2,1,0,0,0,0,0,0,1,0,0,0,0,0,0,0,0,4,135,246,85,3,0,0,0,0,0,0,0,0,0,0,0,0,0,4,0,5,0,0,0,2,3,4,0,0,21,202,175,2,0,2,2,0,0,0,0,0,2,0,3,0,2,0,0,5,39,42,175,173,89,5,0,4,135,251,107,5,1,1,0,2,1,0,0,0,0,0,3,3,3,0,1,111,251,251,251,252,53,31,28,126,226,247,95,0,2,0,0,0,0,0,0,0,2,0,0,0,2,0,1,81,240,255,255,251,254,249,255,252,243,144,1,0,0,1,2,2,1,0,1,0,0,2,4,0,0,0,0,0,4,121,118,243,253,251,251,225,33,0,1,0,0,2,2,0,3,7,2,1,0,0,0,2,2,0,0,0,0,0,0,1,0,1,0,0,0,2,0,1,2,0,0,1,0,1,0,1,2,0,0,1,0,0,0,1,0,2,4,0,4,0,0,4,0,2,0,0,0,1,1,0,0,4,0,1,2,0,0,0,1,0,0,0,1,2,1,0,0,0,0,1,1,0,1,0,0,1,2
0,2,4,0,0,0,0,2,0,1,0,1,0,3,2,0,3,0,4,1,0,0,2,3,0,0,0,0,1,0,1,1,0,0,4,0,1,1,0,1,0,0,0,1,0,0,0,0,0,2,2,0,0,0,0,0,4,0,4,2,0,0,0,0,0,1,0,1,2,0,0,0,1,0,0,0,0,3,1,0,0,1,1,0,0,0,1,0,3,3,0,1,0,0,2,0,3,0,0,0,0,0,5,4,0,2,0,2,3,1,2,1,1,0,4,2,0,4,2,1,1,1,0,0,0,0,0,5,0,1,1,2,2,0,6,0,2,0,0,1,2,1,3,0,0,0,2,0,0,0,0,0,0,3,0,0,0,0,2,0,0,4,1,0,0,0,0,1,2,4,0,0,0,0,0,1,0,2,0,3,5,0,0,6,0,0,24,30,2,1,4,0,0,5,0,0,1,0,0,0,0,0,0,0,4,0,0,0,69,78,110,178,102,185,218,232,185,186,187,140,136,182,141,2,1,0,0,0,0,0,0,1,0,0,0,122,250,253,255,253,249,247,193,170,253,250,253,255,254,250,157,0,0,0,1,2,0,0,4,0,0,0,44,251,253,165,104,53,3,0,1,0,2,0,0,89,87,0,0,0,0,0,0,2,0,0,0,5,0,4,45,252,210,25,3,1,3,0,0,5,0,2,3,4,1,0,0,1,0,1,0,2,3,0,0,0,2,3,143,251,37,2,0,0,3,0,0,2,0,0,3,0,0,0,6,0,0,0,0,0,0,0,1,0,0,74,255,199,13,2,3,0,0,0,0,0,0,0,2,0,1,0,0,1,3,1,7,3,0,0,1,0,0,155,243,66,0,0,0,0,0,2,3,0,0,3,0,3,2,0,2,0,3,0,0,2,0,1,0,0,125,250,215,15,18,18,8,0,0,0,5,2,2,2,0,2,1,1,0,0,0,0,3,0,0,2,2,7,201,251,254,255,249,255,219,105,0,1,1,0,0,0,2,0,0,0,0,0,0,0,1,0,3,2,0,76,253,251,255,255,165,164,196,241,0,0,3,1,4,1,0,0,0,0,2,0,3,1,1,0,0,0,0,238,255,182,63,18,1,0,88,242,6,1,4,0,0,0,0,3,1,0,2,0,1,0,0,0,0,1,0,65,114,14,0,0,2,0,91,250,73,2,0,3,0,2,0,1,0,3,2,1,1,2,1,2,0,2,0,3,4,0,0,0,5,0,176,242,0,5,2,1,0,4,3,0,0,0,0,1,0,0,0,3,1,1,0,14,0,0,2,0,2,36,225,239,0,0,0,1,1,2,0,0,0,0,0,2,0,1,4,4,0,0,0,165,44,0,1,0,2,153,255,160,4,0,0,2,1,0,2,1,0,3,0,1,0,1,0,0,1,0,1,209,224,72,0,4,102,238,221,34,2,1,0,2,0,1,3,0,0,1,0,3,0,0,0,4,0,0,2,22,212,255,248,252,253,237,94,2,2,0,3,0,0,0,0,0,0,0,2,0,4,3,0,1,6,0,2,0,53,123,184,185,87,32,0,2,0,0,0,0,0,2,0,3,0,3,1,0,0,3,2,0,1,1,4,0,0,0,0,0,1,0,0,1,0,0,3,0,0,2,4,2,5,4,0,0,3,3,2,0,0,5,2,0,0,0,0,0,2,0,0,0,0,0,1,0,0,0,0,0,2,0,1,0,0,1,0,0,3,4,4,3,0,0,1,0,0,3,1,4,0,0,1,0,0,0,2,3,0,0,0,0
0,1,0,0,7,0,2,0,0,3,2,0,0,0,0,1,0,3,4,3,2,1,0,0,0,0,1,1,0,0,1,1,0,0,1,3,2,0,0,3,0,0,0,8,0,1,0,0,2,1,1,0,0,0,4,0,1,1,0,1,2,1,0,0,3,2,0,0,0,0,0,0,0,3,1,4,0,1,3,0,2,0,3,0,0,0,2,0,0,1,1,2,4,3,2,0,0,0,0,1,0,0,0,1,0,0,2,0,3,0,0,0,3,0,0,0,1,0,2,1,3,4,0,3,112,254,173,0,0,5,0,0,0,0,5,1,2,3,0,0,3,0,0,2,3,4,0,2,6,0,0,29,225,223,30,0,0,1,0,5,0,0,0,0,0,0,0,0,0,2,0,1,0,0,0,4,3,0,1,192,252,112,53,86,84,87,82,88,32,1,0,0,0,0,1,1,0,1,0,4,3,0,0,1,1,0,87,255,255,249,255,255,253,252,250,255,143,0,0,0,0,0,0,0,0,0,0,0,0,0,0,1,0,0,198,251,255,199,142,87,82,83,54,32,1,2,2,3,0,0,0,0,2,1,0,0,0,0,0,0,0,31,255,166,0,4,0,0,0,0,0,0,0,0,1,0,1,0,2,3,0,5,0,1,1,1,2,0,0,84,252,115,0,2,3,2,1,5,2,0,0,2,0,4,0,1,0,0,3,0,0,4,0,1,3,0,0,84,255,227,60,0,0,0,0,0,0,0,3,1,0,0,0,1,0,0,2,3,2,3,1,0,0,1,0,0,170,255,255,255,140,30,2,0,1,0,0,3,0,3,0,0,2,4,6,0,0,0,1,1,1,0,3,4,0,56,174,254,254,251,142,0,0,0,2,3,1,0,0,3,0,1,0,0,0,0,1,7,0,0,0,3,0,0,2,4,85,199,255,196,32,0,0,0,1,4,2,3,3,0,0,2,4,0,2,0,0,1,0,2,3,0,0,0,3,0,166,255,141,0,2,1,0,3,2,0,1,3,1,1,0,0,0,0,0,1,0,0,0,3,1,0,0,4,0,168,255,58,0,0,3,0,1,0,2,1,0,0,2,0,3,4,0,29,171,115,2,0,4,0,0,0,0,58,255,167,0,0,0,0,0,2,0,3,3,3,0,0,0,0,1,111,201,29,0,0,1,0,0,1,1,0,222,170,0,0,0,3,3,0,0,0,0,0,0,0,1,1,0,136,197,1,0,2,0,0,1,0,2,0,169,255,0,2,1,0,1,0,0,0,0,6,0,0,0,0,0,84,255,142,4,0,0,0,0,0,0,28,253,201,4,1,1,1,3,1,0,2,0,0,0,0,0,1,3,0,170,251,169,59,0,0,0,1,28,198,255,110,0,0,3,0,0,0,0,0,0,1,2,0,0,0,0,0,0,112,226,255,167,171,170,198,255,255,141,0,1,4,0,1,1,0,1,0,0,2,3,2,1,0,1,0,0,4,28,140,172,255,254,255,172,55,3,0,0,1,2,0,2,0,1,0,0,0,0,0,3,4,0,3,1,0,0,0,0,0,3,0,1,0,0,3,0,3,0,1,0,0,0,4,3,0,0,0,3,0,0,0,0,6,2,2,1,0,0,0,1,1,0,0,0,4,3,0,0,0,4,5,0,0,1,0,0,0,0,0,0,0,0,1,4,0,4,0,0,1,3,1,1,2,2,0,1,0,4,0,0,1,0,0,0,2,1,1,0,1,0,0,2,0,0,0,1,1,0,0,0,0,0,0,0,2,0,0
2,0,3,0,2,0,4,5,1,0,1,0,0,1,1,0,0,2,0,0,0,0,0,3,0,0,3,2,4,1,0,0,1,0,3,0,0,0,3,1,2,0,2,0,0,0,3,0,2,1,5,3,0,1,2,0,1,0,1,0,0,0,1,1,0,0,0,0,3,0,0,0,0,0,1,4,0,3,0,2,3,0,0,2,3,4,0,0,0,0,0,0,0,1,0,0,0,0,3,0,3,0,0,0,1,0,3,2,1,0,3,0,0,0,0,0,0,0,5,0,0,2,1,0,4,5,188,33,0,0,3,0,0,0,1,0,3,0,0,3,0,0,0,0,0,1,0,0,1,2,3,0,0,84,253,51,0,0,0,0,0,1,0,0,0,0,1,0,0,0,0,0,4,0,3,2,0,4,1,0,0,97,254,114,0,0,1,2,4,1,0,3,0,2,5,0,0,2,3,0,0,1,3,0,6,7,2,0,0,116,252,157,0,0,0,2,2,0,1,1,0,0,0,2,0,3,0,2,0,0,0,0,0,0,0,3,0,122,255,158,0,3,0,1,2,0,0,0,0,0,0,1,0,0,1,0,2,0,0,2,0,0,2,1,3,38,253,153,0,0,0,0,3,0,0,0,0,0,0,0,0,0,0,2,0,2,0,0,6,3,0,0,0,2,251,156,0,1,3,0,1,0,0,3,0,0,0,1,1,0,4,4,1,3,4,0,0,0,2,0,0,6,255,225,3,0,0,3,0,1,1,2,3,0,1,0,0,0,3,5,1,3,1,1,3,1,4,2,0,3,172,255,89,3,3,0,0,0,0,0,0,1,1,1,0,0,0,0,7,0,0,3,0,0,1,0,4,3,159,253,109,3,0,0,2,0,0,2,0,0,0,0,1,2,2,0,0,0,0,0,2,0,0,0,0,0,153,253,106,1,0,0,4,0,0,1,1,2,3,1,1,1,0,0,0,0,0,0,0,0,3,3,0,2,214,252,111,2,0,0,0,2,0,0,0,0,3,0,0,2,0,0,0,1,2,0,0,5,0,0,4,4,254,255,109,1,0,0,0,2,1,2,0,0,1,5,1,1,0,0,0,6,0,1,3,0,3,0,2,7,250,255,112,0,0,0,0,0,6,0,0,0,0,0,4,2,0,0,0,2,2,4,0,0,0,4,0,7,248,254,33,0,1,1,0,0,0,2,1,0,0,2,3,0,0,0,2,1,2,0,0,0,0,3,2,8,254,254,43,0,0,0,0,2,2,2,0,5,0,0,0,0,2,3,0,1,2,2,0,0,0,2,4,4,251,252,7,0,0,1,0,0,1,0,3,0,0,0,1,0,1,0,2,1,3,1,0,0,1,1,1,7,254,255,6,2,0,1,2,0,3,1,0,0,1,0,0,1,0,1,0,1,1,0,0,4,0,0,2,10,255,192,4,0,2,3,0,0,0,0,0,3,0,3,0,0,1,3,0,0,0,0,0,0,3,0,5,46,255,110,0,2,3,0,3,1,0,0,1,1,0,2,0,0,0,3,0,0,1,2,3,0,0,0,2,0,1,0,3,0,3,0,0,0,1,2,0,3,1,2,1,3,0,1,2,0,2,3,2,1,0,0,0,0,1,0,0,0,1,1,0,0,0,0,0,0,0,0,0,0,0,0,0,3,3,0,4,3,1,0,0,0,2,2,1,5,0,0,0,2,0,3,2,0,0,2,0,0,2,2,2,0,0,0,2,1,0,1,2,0,3,2,0,3,1,0,0,1,0,0,4,2,0,5
3,0,3,0,0,3,0,3,0,1,5,1,0,1,0,0,0,0,0,1,0,1,0,0,3,0,0,0,0,0,0,1,0,0,2,0,0,0,0,0,0,0,1,0,0,1,0,3,1,1,0,0,0,0,3,4,0,0,0,1,2,1,0,3,0,1,0,0,4,0,0,5,2,2,0,0,1,5,0,3,0,0,4,2,0,2,0,1,0,0,0,0,0,0,3,1,0,1,0,0,1,1,0,0,0,1,0,0,3,0,0,3,0,0,0,2,0,0,1,0,0,2,0,2,0,0,2,1,0,2,37,132,131,129,238,138,14,0,2,0,3,0,0,0,0,1,0,1,0,1,3,1,3,0,2,3,79,161,255,248,255,254,252,252,9,0,1,0,6,0,3,1,4,0,0,1,0,2,1,1,4,5,0,26,210,252,252,252,254,255,220,165,0,1,0,0,3,0,2,0,0,0,0,1,0,1,0,1,43,30,0,208,250,251,252,218,167,81,13,0,3,0,1,0,0,3,0,2,0,0,0,2,2,0,18,98,243,222,95,188,255,198,73,21,2,2,0,2,0,1,0,0,0,0,3,0,4,0,0,3,0,81,208,248,255,219,37,0,60,22,3,1,0,0,0,1,2,3,3,1,2,2,0,1,1,2,0,8,109,241,250,254,217,94,0,0,0,1,0,0,0,2,0,0,2,0,0,4,0,1,1,0,0,3,4,41,249,251,255,219,40,0,0,0,0,0,0,0,3,0,0,0,1,3,1,0,0,0,0,0,0,0,9,188,247,252,253,202,110,63,0,3,0,2,3,1,1,0,1,0,0,1,0,1,4,0,3,0,0,0,84,249,251,252,255,251,254,248,241,120,51,3,0,0,1,1,3,2,0,0,2,0,0,0,0,3,1,2,13,195,245,246,248,251,251,254,252,254,253,161,10,0,0,0,1,0,0,0,1,0,0,2,4,1,0,0,2,17,39,54,85,106,153,251,253,251,252,255,200,0,4,0,0,4,0,0,0,0,1,0,2,0,0,4,1,0,2,0,1,3,0,91,152,254,252,250,204,0,0,1,0,1,6,0,2,2,0,0,0,1,5,0,2,1,1,0,0,2,0,0,2,170,251,254,202,0,0,3,3,0,0,0,0,1,0,2,0,0,0,0,0,0,0,0,0,0,2,3,61,224,247,255,209,3,0,1,3,3,0,0,0,0,2,0,1,1,2,0,1,0,0,0,0,2,27,127,252,253,253,243,89,0,1,0,0,2,4,0,1,0,3,0,0,4,0,7,85,30,3,0,64,84,203,252,251,253,242,90,0,0,4,2,0,0,2,0,2,0,0,0,0,0,2,8,207,229,216,215,243,250,250,253,253,202,84,0,0,5,2,0,0,5,2,0,2,0,0,2,0,0,0,3,95,255,254,251,251,254,251,252,199,9,0,2,0,2,0,0,2,4,1,0,1,5,0,0,0,0,2,0,2,31,129,215,250,209,131,82,8,2,3,2,2,0,4,0,4,2,0,0,1,0,4,0,0,0,3,0,0,0,0,2,3,3,0,0,2,0,0,5,0,1,0,0,3,0,0,2,2,0,0,0,1,0,0,3,0,4,3,0,0,0,0,0,0,0,0,0,0,0,0,0,1,0,4,0,1,4,0,0,0,0,0,0,0,2,1,2,1,0,0,0,1,1,0,4,2,1,0,0,1,2,0,0,0,3,3,0,4,2,1,0,2,1,0,0,3,0,0,2,2,0,0,0,0,0,0,4,0,1,0,2,0,3
0,5,2,0,4,1,0,0,1,3,3,0,0,1,4,3,2,0,0,0,2,1,0,0,0,2,6,1,1,0,1,3,1,0,0,2,0,9,223,185,2,0,0,0,0,0,2,4,5,1,0,0,0,1,0,1,1,2,0,0,1,0,2,0,0,20,255,227,0,3,0,0,0,2,0,1,0,0,0,1,2,0,0,0,0,0,0,1,2,2,2,0,4,23,255,222,2,6,0,6,1,1,0,0,5,0,1,0,0,0,0,0,3,0,0,3,3,3,2,0,4,111,254,136,0,0,3,0,2,0,0,3,1,0,0,2,0,0,0,0,0,1,4,1,2,0,1,1,4,194,254,56,5,1,0,0,0,0,0,2,4,0,3,0,0,4,3,0,0,0,0,1,0,0,3,3,32,241,255,27,0,0,2,0,3,2,3,2,0,0,2,6,0,0,0,0,0,0,0,0,1,1,0,0,66,250,251,22,5,0,2,0,0,1,0,1,0,3,2,2,0,0,3,5,4,1,0,0,0,0,3,0,66,254,252,26,0,0,0,0,1,0,0,1,0,0,0,0,2,0,0,0,0,1,0,0,1,1,4,0,66,251,254,22,3,0,0,0,0,1,0,0,0,2,0,1,1,0,0,0,0,0,0,0,1,4,1,0,63,254,250,24,0,0,0,0,3,1,1,1,0,0,1,0,0,3,1,1,5,0,1,0,0,0,0,1,66,255,252,26,1,4,0,0,0,0,0,0,0,0,3,0,4,1,3,1,0,0,1,2,1,2,0,2,67,254,237,19,0,1,0,0,0,0,2,1,0,0,4,3,4,0,4,0,0,0,2,0,0,2,0,0,64,255,177,0,1,4,0,0,0,10,69,213,214,146,20,0,0,0,4,4,0,0,0,0,0,0,1,1,67,254,225,14,2,0,0,5,33,220,252,253,254,254,246,45,0,2,0,1,3,0,1,0,0,0,0,4,62,254,253,21,0,2,2,46,236,255,187,130,38,194,249,60,0,2,3,0,5,1,1,0,1,0,0,0,1,220,252,56,0,0,1,124,254,235,29,3,48,234,219,1,1,1,1,0,3,0,1,0,1,2,2,0,0,167,251,232,41,0,0,209,248,54,0,61,193,243,68,0,1,0,0,0,1,2,2,0,2,4,0,0,0,41,223,254,175,89,87,255,250,112,187,253,245,71,0,0,0,1,0,1,0,2,0,4,0,0,0,1,3,0,33,229,255,252,255,254,255,254,253,185,59,3,0,1,3,1,1,0,0,0,0,1,0,3,1,0,0,0,0,38,160,152,230,213,253,235,144,1,0,0,0,1,0,0,0,0,0,0,0,0,1,0,0,0,1,0,0,0,0,1,0,2,0,0,3,0,1,0,0,0,0,0,3,3,3,0,1,0,1,2,0,0,0,0,1,0,1,2,0,0,0,1,0,0,2,7,0,0,0,0,0,0,0,0,0,1,0,1,0,0,0,0,0,0,3,0,0,2,0,6,3,0,1,2,0,0,0,2,0,0,1,0,0,0,0,0,4,3,1,3,6,0,2,0,0,2,1,1,3,0,7,2,1,0,3,3,0,2,0,1,2,0,0,0,0,1,0,0,0,2,0,0,0,0,0,5,0,0,1,2,0,0,0,4,0,2,0,1,0,0,0,3,3,0,2,1,2,1,2,2,3,4,0,4,4,0,2,0,0,2,0,0,0,0,0,1,0,5,0,3,0,0,0,0,0,0,2,0,0,3,1,5,0,1,1,5,1,0,2,1,0,2
3,3,0,0,1,0,3,5,0,0,0,0,2,0,0,0,1,1,2,2,0,1,2,0,4,3,1,0,0,0,2,1,0,0,2,1,0,2,0,3,0,0,0,0,1,1,3,1,0,1,2,2,0,2,3,2,0,1,2,0,0,1,1,1,1,6,0,1,1,2,3,1,2,0,0,1,0,5,0,1,0,0,0,0,0,0,0,0,1,0,3,1,0,4,0,1,1,1,0,2,4,2,2,0,0,1,1,2,0,1,0,3,0,0,0,0,1,1,0,0,0,0,0,0,3,48,129,0,2,1,0,0,0,0,0,4,3,0,1,1,0,1,0,0,2,0,0,0,1,4,2,2,0,54,250,183,20,0,3,0,0,0,2,0,0,0,1,3,1,1,2,0,0,0,0,2,3,0,0,48,194,254,252,235,235,173,8,2,0,0,0,0,2,6,0,0,0,0,2,0,0,0,0,3,0,0,42,231,253,251,253,252,254,253,131,0,0,1,2,0,0,1,0,0,0,0,0,1,2,0,1,0,0,0,201,253,255,140,179,84,39,234,249,83,0,0,1,0,0,0,0,0,0,2,0,2,0,0,0,1,0,45,240,255,217,0,0,0,0,69,254,241,39,2,0,0,1,0,0,0,1,1,1,1,0,3,3,1,0,115,254,244,43,0,2,2,0,0,39,251,130,4,2,2,0,0,0,0,1,0,0,0,0,0,0,2,0,153,255,117,4,0,4,2,0,0,5,252,173,0,0,2,5,0,1,0,0,0,3,0,0,0,0,0,0,152,251,102,0,1,2,1,0,4,4,255,250,64,0,0,0,0,3,1,0,1,1,0,2,1,1,1,2,230,253,57,0,4,0,3,0,0,0,254,253,18,0,1,0,2,0,2,4,2,0,2,0,0,1,0,102,249,218,0,1,0,0,1,5,0,1,253,252,2,2,0,5,1,0,2,6,0,0,5,0,0,1,1,105,253,251,0,4,3,0,3,0,0,5,254,250,0,0,0,0,1,0,0,0,1,3,0,0,3,3,1,39,253,253,1,0,0,0,0,2,6,21,253,252,0,0,0,5,0,1,1,0,0,4,0,0,0,0,1,41,254,254,1,0,1,0,0,0,0,137,255,210,0,0,0,0,0,0,1,0,1,0,4,0,0,0,0,2,255,253,18,0,0,2,3,0,49,253,255,91,0,0,3,0,0,2,0,0,0,0,1,0,0,2,2,0,173,254,139,3,0,0,1,38,176,255,250,47,3,1,3,1,1,0,0,0,0,0,0,0,0,0,0,2,0,136,234,147,17,2,10,132,249,253,41,0,0,2,3,0,3,0,2,0,0,0,0,0,4,0,0,0,0,63,254,254,221,201,215,255,255,207,1,3,0,0,0,0,2,0,0,0,3,0,0,2,8,2,0,0,3,1,17,100,254,251,255,252,226,124,0,3,0,2,2,0,1,0,2,2,0,1,0,0,4,0,0,0,4,2,0,3,73,191,194,108,19,0,2,4,0,2,1,0,0,0,0,0,0,2,0,0,0,2,2,1,0,4,4,0,0,0,0,1,0,0,2,0,3,1,0,0,0,1,0,1,0,0,0,0,0,0,2,2,0,0,0,0,1,0,0,2,0,0,0,3,2,2,0,2,0,1,1,2,0,6,0,2,0,0,1,0,0,0,0,3,1,2,0,2,2,0,2,0,3,0,0,0,6,4,2,0,0,0,1,1,0,0,1,1,1,0,0,2,0,1,0,0,1,0,0,3,0,2,2,0,0,0,0
3,0,1,0,0,2,2,2,0,1,0,0,0,3,0,1,0,0,2,0,0,0,0,0,0,0,4,0,0,2,0,1,1,0,4,3,1,2,2,5,0,0,0,0,0,1,3,0,0,0,3,0,0,0,4,0,3,3,0,3,3,0,0,0,0,0,3,0,0,3,0,1,0,0,2,0,0,0,1,1,0,0,0,0,0,0,2,0,0,0,0,0,0,0,3,2,0,2,0,2,1,2,1,0,0,1,1,0,0,0,0,3,1,0,3,1,0,15,79,79,142,163,163,202,149,44,0,0,0,0,0,3,0,0,0,3,0,1,1,0,0,2,2,0,2,223,255,251,252,249,254,249,254,252,139,1,0,3,0,0,0,0,1,0,0,0,0,0,2,0,0,0,0,212,255,253,253,253,252,227,202,247,164,6,1,1,0,0,0,3,2,0,0,0,0,1,0,0,3,0,0,22,118,91,39,44,41,19,9,216,245,36,0,0,0,0,0,0,0,1,1,0,0,0,0,4,0,0,0,0,3,0,0,0,5,0,115,250,254,153,7,0,0,0,5,0,0,0,0,0,0,5,2,4,0,1,4,2,0,0,2,0,0,0,132,252,251,251,182,13,0,0,0,0,0,1,4,0,1,0,2,0,0,0,1,0,0,0,0,0,0,0,13,134,253,255,255,210,38,3,0,1,0,0,0,0,2,0,0,0,0,0,2,1,0,0,0,0,0,2,0,3,4,37,176,253,235,45,0,0,3,0,0,0,0,1,3,1,0,0,1,0,1,0,3,0,0,6,0,0,0,0,7,174,252,206,2,0,3,0,0,4,0,0,0,0,1,2,0,0,0,2,0,0,1,2,0,4,0,0,0,35,227,235,26,2,0,0,0,0,0,0,1,0,0,4,0,0,3,0,2,0,0,3,0,0,0,0,0,0,102,253,93,0,0,0,4,0,2,0,0,0,0,0,0,4,2,0,0,0,5,2,0,0,0,0,5,0,55,251,144,1,0,0,0,5,0,0,0,0,1,4,0,2,0,0,0,3,0,0,0,0,0,2,0,2,59,254,228,0,0,1,0,0,3,2,0,3,0,0,2,0,0,1,0,2,1,0,0,0,0,0,1,1,53,255,198,0,0,2,2,0,0,0,0,0,0,0,4,0,3,0,0,24,0,0,0,0,1,0,1,0,111,255,137,0,1,2,0,0,5,0,2,4,0,0,5,4,4,0,58,241,177,57,5,4,3,3,4,43,237,255,90,0,2,0,4,3,1,0,2,0,0,0,0,0,0,2,53,255,255,254,224,207,133,104,128,194,255,233,26,0,2,0,0,3,1,0,0,0,0,0,4,0,2,1,4,183,253,250,248,252,253,255,253,255,253,127,3,0,3,0,0,5,0,5,1,0,2,0,0,0,3,0,0,19,212,249,251,253,252,250,255,255,168,0,0,3,0,0,0,0,0,1,1,0,1,4,1,0,0,1,0,4,0,44,92,164,163,195,255,175,31,0,0,0,0,0,0,1,0,4,1,0,0,0,0,0,0,0,0,0,1,5,0,0,2,1,3,0,0,0,2,2,7,0,0,0,0,1,2,4,0,0,6,0,0,0,0,0,0,0,2,0,1,0,2,0,1,3,0,1,0,1,0,1,0,0,4,1,0,0,3,0,0,1,0,0,0,0,0,0,0,0,3,0,0,4,0,2,0,0,0,2,0,0,0,0,0,4,4,0,0,0,3,1,0,0,0,5,0,2,0,0,0,3,0,2,0,0,0,1,0,2
1,3,3,0,1,2,0,0,0,0,2,0,0,2,4,0,0,2,4,0,2,0,0,0,2,3,2,0,2,1,3,1,0,0,0,0,0,1,0,1,0,0,0,0,0,0,0,2,0,4,2,0,0,3,3,2,0,0,3,0,1,0,2,0,3,0,0,2,1,2,0,0,0,0,2,0,0,0,0,0,0,0,0,3,0,0,4,0,1,0,4,0,0,0,3,0,0,0,4,0,0,0,0,0,1,0,0,1,0,0,0,1,0,0,0,0,2,2,0,2,0,0,1,4,0,2,2,0,1,0,4,0,0,1,1,0,0,1,0,0,0,2,0,1,0,2,1,0,0,4,1,1,1,0,8,164,193,1,0,1,2,1,0,0,1,0,1,0,0,0,2,2,0,0,0,1,0,0,2,2,0,3,101,254,139,2,0,3,0,2,0,0,0,0,2,2,3,1,0,1,1,0,0,0,0,0,0,0,0,0,119,232,18,1,0,0,3,0,0,2,3,0,0,1,4,2,0,0,1,3,0,1,1,2,0,3,1,53,237,254,47,0,2,2,0,1,0,2,0,0,3,0,2,0,0,0,5,0,0,2,1,0,0,3,61,223,255,252,53,2,1,0,0,1,2,1,0,0,0,0,2,4,1,5,0,1,2,2,0,1,2,74,242,245,139,251,55,3,0,0,0,0,1,1,3,4,3,0,0,0,1,0,1,0,0,3,5,0,30,232,224,45,40,253,53,1,0,3,0,0,1,2,2,1,0,0,0,1,0,0,0,2,0,1,0,50,233,209,26,0,41,255,130,0,2,1,0,0,0,0,0,1,1,0,1,2,2,1,0,0,2,0,15,229,208,25,0,0,16,230,135,0,0,0,0,2,3,0,1,0,0,0,0,2,0,3,3,1,0,2,153,242,31,0,3,0,2,211,214,2,0,2,0,0,1,0,0,0,0,1,2,0,3,0,0,3,0,0,238,205,41,38,37,37,50,236,229,10,0,0,0,0,2,1,0,0,4,0,0,2,3,0,0,2,0,0,230,255,255,254,252,253,252,252,252,218,207,162,0,0,1,0,4,3,4,0,2,0,1,0,0,3,2,0,34,128,90,55,50,56,109,254,203,137,136,97,0,0,0,0,0,2,0,6,0,0,0,0,0,1,0,0,0,0,3,2,1,0,42,255,135,1,0,2,0,0,0,0,1,0,2,1,0,0,0,0,2,1,1,5,1,3,1,0,1,1,37,255,138,0,0,2,0,0,1,3,1,0,1,0,0,2,0,0,0,0,2,2,4,4,2,0,5,0,41,250,135,2,0,4,0,0,4,2,2,5,0,0,0,1,0,0,6,1,0,0,0,0,5,2,0,0,41,255,137,0,0,0,0,0,4,0,0,1,1,0,0,0,0,4,3,1,1,6,2,1,1,1,0,1,38,255,141,0,3,2,3,0,0,0,0,0,2,0,3,0,0,1,3,2,1,0,2,0,0,3,1,0,34,254,76,1,0,0,0,2,1,1,1,0,0,6,0,2,1,0,1,0,1,0,1,0,0,0,0,0,23,227,33,0,3,1,1,2,2,4,3,0,0,0,0,1,2,0,0,2,0,0,0,3,1,1,0,4,0,4,0,0,5,2,1,0,4,0,0,0,0,1,1,2,0,0,0,0,0,0,0,0,1,0,0,2,1,0,0,1,0,0,0,0,4,0,2,4,2,0,0,3,0,0,2,0,0,0,1,2,3,0,5,0,0,0,5,0,0,2,0,0,0,3,0,0,0,0
0,0,1,1,1,2,0,0,0,0,0,0,0,0,2,0,2,0,0,2,0,0,1,1,0,3,0,3,0,0,3,0,0,0,0,0,4,0,0,0,2,0,0,5,0,0,0,2,0,0,0,0,0,1,0,3,0,1,3,0,0,2,2,1,0,1,2,0,5,0,2,2,1,0,1,0,0,2,0,1,0,0,0,2,0,1,3,0,0,0,0,6,0,5,0,0,2,0,0,0,3,0,0,0,0,0,4,3,1,0,3,5,0,2,4,0,1,0,3,0,1,14,231,207,0,0,2,0,1,3,1,1,0,0,0,0,0,0,4,0,0,2,0,3,0,0,0,0,2,83,255,203,1,0,2,0,0,2,5,0,2,6,0,0,0,1,0,0,3,0,0,0,0,0,4,0,0,176,255,210,2,0,0,1,0,2,0,0,0,5,3,1,0,1,1,3,3,0,0,0,1,0,3,0,0,190,255,208,0,2,0,2,0,0,0,0,1,0,0,0,1,0,2,0,1,0,3,3,0,3,2,1,32,236,254,206,0,0,2,2,8,85,170,178,26,0,1,0,0,0,4,1,1,0,0,0,0,0,0,0,45,253,253,206,2,3,1,0,26,255,252,252,129,0,2,0,0,0,0,0,1,0,0,0,1,5,1,0,153,255,252,208,1,0,0,18,198,255,249,239,82,2,3,2,0,0,0,0,0,2,0,0,4,0,1,2,152,254,253,160,0,0,3,90,255,250,179,116,18,1,1,3,0,0,4,0,0,3,0,0,2,4,0,0,55,255,255,205,3,0,0,147,254,250,57,10,0,0,0,3,1,3,0,0,0,1,1,0,2,3,0,0,33,239,255,215,11,1,33,231,252,242,33,1,0,0,0,0,0,0,0,4,1,0,2,0,2,0,1,0,2,190,253,255,174,6,142,255,255,192,0,0,0,0,0,0,2,1,0,0,2,2,0,0,3,0,0,0,1,45,230,253,255,142,210,254,255,202,4,3,0,0,2,2,2,0,2,0,0,2,0,1,2,0,0,2,1,1,96,255,255,255,254,253,252,188,16,0,1,0,0,0,0,0,3,1,0,4,1,0,0,0,2,0,0,0,4,119,186,253,255,255,236,15,3,0,0,0,2,0,0,0,0,2,0,0,1,0,0,3,0,5,0,1,1,2,6,132,253,255,172,3,0,3,0,0,0,0,0,0,3,1,0,0,0,0,0,3,2,1,0,2,4,0,0,48,253,254,126,0,0,4,5,5,0,2,0,3,0,0,5,0,0,1,0,0,0,0,1,4,0,0,4,17,254,255,216,1,0,0,0,0,3,1,6,0,0,0,0,4,1,0,1,0,0,0,1,0,0,0,8,9,207,254,243,118,31,34,26,3,0,0,0,0,0,0,0,0,4,0,0,0,0,0,0,2,0,3,3,0,133,254,255,255,253,254,235,28,0,2,0,1,0,3,0,0,0,3,0,0,0,0,0,1,0,0,1,2,8,119,249,255,255,251,153,8,0,2,2,0,0,0,2,0,0,0,0,0,0,0,0,0,0,1,0,0,4,0,1,0,3,0,1,0,0,0,1,4,0,0,0,0,1,0,0,1,0,1,0,0,3,0,0,1,0,1,0,0,0,1,0,0,0,0,2,6,2,2,0,0,0,0,3,0,0,3,2,4,0,4,0,1,0,0,5,0,3,0,1,0,3,0,0,0,0,0,3,0,0,0,1,0,0,3,1,0,1,0,2,0,1,0,0,0,1,0,1,0,0,0,4,0,0,3
3,0,3,1,0,0,0,0,0,3,0,3,0,0,2,4,0,0,0,3,0,0,2,0,1,2,2,0,1,5,0,0,0,0,0,0,3,0,0,1,0,1,0,0,0,0,0,0,4,0,0,0,1,0,0,0,4,0,0,3,0,0,1,0,0,2,3,0,0,0,5,6,1,0,14,142,179,156,3,1,4,0,1,1,2,3,2,3,0,0,1,0,1,3,3,0,0,1,3,5,0,20,193,249,255,120,0,0,0,0,0,3,1,0,0,0,0,0,1,0,3,0,0,1,0,0,5,0,58,192,253,191,70,10,0,0,0,1,0,1,0,0,2,0,0,0,1,0,1,0,0,2,2,3,0,70,208,245,167,1,1,0,0,2,1,0,4,0,2,0,0,0,0,0,0,3,0,0,0,0,0,0,74,240,216,83,0,2,0,2,2,4,0,3,0,1,1,0,0,0,0,0,0,0,2,0,0,0,0,72,247,205,65,4,1,0,4,3,0,0,1,0,1,0,0,0,2,3,0,1,4,0,4,1,1,3,75,246,246,41,4,0,0,0,0,4,0,1,0,0,1,0,0,3,0,2,0,0,0,0,3,0,1,75,240,246,85,4,3,0,0,0,0,1,0,0,0,0,1,0,0,0,0,3,0,1,0,2,1,0,115,248,247,83,0,0,0,3,0,0,2,0,1,0,0,0,1,4,0,0,0,1,4,1,0,0,0,18,234,243,84,0,3,1,0,3,0,2,1,0,4,0,0,1,0,0,0,0,0,0,1,0,0,3,19,187,255,118,3,1,0,0,1,0,0,0,0,0,0,0,2,4,0,2,2,0,0,0,0,0,0,16,109,252,180,10,0,3,2,0,0,3,18,25,25,3,4,2,0,0,0,0,1,0,0,0,5,1,0,118,253,254,33,0,1,1,1,94,165,170,237,255,253,183,102,2,1,3,0,0,0,3,2,4,0,1,0,199,255,255,25,15,131,206,203,241,202,219,252,255,253,254,221,0,1,1,0,3,1,1,0,0,6,0,10,225,251,253,94,221,146,109,11,11,1,4,8,185,254,252,221,0,0,0,2,3,2,0,0,3,5,0,80,254,254,255,60,3,0,1,0,0,0,1,0,137,255,254,197,0,2,3,1,0,0,0,0,0,0,6,73,255,254,255,162,2,2,0,0,0,0,1,83,228,253,214,23,3,0,0,0,0,0,0,0,0,2,1,0,207,255,255,253,179,141,42,31,36,136,213,255,253,191,67,0,0,0,0,0,2,3,0,1,0,0,0,0,85,229,255,252,254,250,253,251,248,249,239,184,71,1,0,0,0,1,0,1,4,2,0,0,2,1,2,4,0,47,146,246,255,215,241,146,57,83,28,4,1,0,1,1,0,0,0,0,0,1,0,0,1,2,2,1,0,0,0,0,3,0,0,0,0,0,0,0,0,1,3,0,0,0,1,1,2,0,0,0,1,0,0,3,0,2,0,0,0,0,4,0,2,0,0,0,0,2,3,0,0,6,0,2,3,1,0,0,0,0,0,1,0,2,0,0,0,0,0,0,0,0,4,0,0,1,0,2,0,2,0,0,0,2,1,0,3,0,0,0,0,0,0,0,0,0,0,0,0,0,0,0,2,0,0,2,0,2,0,0,1,0,0,4,1,0,0,0,0,1,0,0,0,2,0,1,2,0,1,2,0,0,0,0,0,1,1,0,1,0,1,0,0,0,0,0,0,2,0,0,0,0,0,3,3,2,0,0,1,0,1,1,1,0,0,1,0
2,0,0,0,0,2,0,5,0,2,0,0,0,0,0,7,0,0,0,1,0,0,0,0,1,0,0,0,0,3,2,0,0,0,0,1,0,1,0,0,0,1,1,0,1,1,0,5,0,0,1,0,0,4,0,0,4,3,3,1,0,0,0,0,0,0,0,2,0,3,0,2,2,0,0,0,0,1,3,0,2,1,3,1,2,0,0,0,0,0,0,0,0,1,0,0,0,2,2,3,0,0,0,1,0,0,0,0,0,0,0,1,0,0,0,0,0,1,1,0,0,0,2,0,1,5,2,0,0,0,0,0,0,1,0,0,0,0,1,3,1,2,0,0,0,2,1,2,0,0,164,140,127,123,26,64,66,90,127,144,170,138,255,173,0,5,0,1,0,0,2,2,0,2,0,1,0,46,241,249,250,253,247,252,250,250,253,252,252,255,253,253,113,3,0,4,0,0,0,0,0,0,1,0,0,165,253,252,252,254,252,252,255,255,253,248,253,250,252,254,185,0,1,0,0,0,1,1,2,0,0,4,1,235,253,251,253,252,250,196,252,254,231,146,145,145,138,17,12,0,0,2,0,0,0,3,0,3,0,2,0,231,253,253,173,24,26,15,23,23,19,0,0,0,4,0,1,1,1,0,4,2,1,0,0,0,0,0,92,254,253,255,57,0,1,1,2,0,6,0,0,1,3,0,1,0,2,0,4,0,0,2,0,5,0,2,154,254,255,255,37,0,0,1,0,0,0,0,0,0,1,0,3,0,1,1,1,1,0,4,3,1,1,5,242,252,253,254,175,60,3,0,2,0,0,0,0,3,2,1,0,0,1,0,2,0,3,0,0,0,6,1,105,250,253,255,255,237,165,17,0,0,0,3,0,0,0,0,4,0,2,2,1,0,2,0,0,0,0,0,3,54,174,185,243,253,255,208,101,16,0,3,0,0,0,1,0,1,4,3,2,1,0,0,2,0,1,0,5,0,0,0,60,171,237,254,250,173,16,4,1,0,1,1,0,0,0,0,1,0,0,2,0,0,2,2,1,4,0,0,0,2,54,170,239,248,200,58,1,0,0,0,0,0,0,2,0,0,1,7,3,0,0,2,0,0,1,0,0,0,0,0,100,250,255,173,0,1,0,0,0,1,0,1,3,0,3,2,1,0,3,0,0,2,1,0,1,2,0,0,61,253,255,216,0,0,0,3,0,0,6,0,1,0,2,0,0,0,0,162,106,4,0,0,0,3,0,3,74,255,253,216,0,0,0,0,3,0,3,0,0,0,0,1,0,2,5,248,255,112,16,0,0,0,2,22,198,255,254,213,0,2,3,1,0,4,0,0,3,5,0,0,0,1,0,170,252,253,216,151,110,130,145,227,253,250,247,199,0,0,0,0,5,0,0,0,0,0,0,0,2,0,0,50,240,254,253,254,255,254,255,255,249,251,204,0,6,0,5,2,0,0,1,2,4,0,0,1,0,1,4,0,52,239,253,251,249,250,255,250,252,221,35,0,2,4,0,1,0,0,0,0,2,2,1,0,0,0,0,2,1,2,163,187,255,255,254,222,95,0,0,0,1,0,0,1,0,0,3,1,0,0,0,0,0,6,3,6,1,0,1,1,0,3,1,0,0,2,0,0,5,0,1,0,0,1,1,0,0,4,0,0,4,1,0,3,0,1,0,0,0,3,0,2,2,3,0,0,3,0,0,0,1,0,0,0,3,2,2,3,3,0,4,0,2,2,3,0,0,4,0,1,0,0,1,0,0,0,1,2,0,0,0,1
2,0,2,0,0,0,1,0,1,0,2,0,0,0,0,2,2,3,0,0,1,0,1,0,3,0,1,0,0,0,0,0,0,0,1,2,4,0,0,3,0,0,0,1,0,1,0,0,0,0,0,0,0,1,1,0,0,0,0,0,2,4,0,0,2,0,0,0,0,3,2,3,1,1,0,0,0,0,0,0,0,0,1,0,0,0,0,3,0,0,2,0,4,0,3,0,0,0,0,0,0,0,0,0,0,3,0,4,1,0,0,2,0,2,0,0,0,0,0,0,0,4,0,0,0,3,1,0,0,1,0,1,0,0,0,0,0,2,0,0,0,0,0,0,1,0,0,7,0,0,0,0,1,0,3,2,0,0,2,0,6,2,2,0,0,0,0,0,0,0,0,0,0,4,45,238,133,1,0,1,3,0,0,2,3,1,92,178,23,2,3,2,0,2,0,2,2,0,1,0,2,0,140,255,208,31,0,0,0,2,0,2,2,0,210,255,174,0,1,1,0,0,5,0,0,2,4,0,0,16,169,255,225,41,0,4,0,0,1,0,0,33,220,253,236,2,2,1,0,1,4,1,0,2,2,1,2,60,255,253,132,0,0,1,0,0,0,2,0,136,253,254,241,0,0,0,0,0,0,0,3,2,1,2,0,212,255,255,128,0,1,1,3,3,0,0,43,236,252,254,204,0,0,3,3,2,2,0,0,0,0,1,1,239,252,254,130,1,0,0,2,4,0,1,51,255,255,255,59,5,0,1,0,1,1,0,0,0,0,0,128,249,255,221,23,2,0,2,0,3,0,4,54,254,253,254,60,0,0,0,0,6,1,4,0,0,2,2,158,253,255,233,54,0,0,0,3,0,0,2,55,253,251,255,59,0,1,0,2,0,0,0,0,0,0,0,46,238,255,255,220,185,183,186,187,184,186,187,201,253,255,255,188,6,0,0,0,0,0,2,0,0,0,2,0,41,217,255,255,255,253,253,255,252,253,253,255,253,255,254,252,157,2,1,0,0,0,0,0,1,1,1,1,0,51,118,251,252,255,255,255,254,252,255,255,253,253,251,241,53,0,3,0,0,1,0,0,0,0,2,1,0,0,2,10,149,111,6,69,184,184,185,246,251,253,142,7,3,3,1,1,0,0,0,0,0,0,3,0,2,1,0,3,0,0,0,0,2,0,0,235,255,230,62,4,0,0,0,0,0,0,2,0,0,0,1,0,0,1,0,0,5,1,0,0,2,0,0,230,253,217,0,1,0,2,1,0,0,0,0,0,0,0,1,1,2,0,5,0,0,0,1,0,0,0,0,229,255,221,4,0,2,0,2,0,0,0,2,0,0,0,7,1,1,0,2,0,0,0,1,0,0,1,124,250,255,218,0,0,2,0,0,0,1,2,0,0,0,0,5,0,1,0,0,1,0,0,0,1,0,0,147,252,255,136,5,0,0,0,0,2,3,0,0,0,0,0,2,0,0,0,0,1,0,1,2,4,1,1,154,253,255,43,0,0,0,0,0,0,0,0,0,0,1,2,0,0,0,0,0,1,3,0,3,1,0,3,148,254,253,44,0,0,2,1,0,0,0,1,3,0,0,3,1,2,0,2,2,0,0,5,0,1,0,3,43,199,79,12,0,0,1,3,2,1,0,3,1,0,0,1,0,3,0,0,3,0,0,1,0,0,0,4,2,0,1,0,0,0,0,1,0,0,0,4,0,0,2,0,3,0,4,0,4,1,0,0,0,1,0,0,0,0,0,2,3,1,0,0,0,0,0,0,0
0,2,1,0,2,0,2,2,0,0,0,2,0,0,0,0,0,2,1,0,0,3,0,0,0,0,3,1,4,2,1,0,0,0,3,2,1,0,0,0,1,0,0,1,0,0,6,0,0,0,0,0,1,0,1,1,3,0,0,2,0,2,2,0,0,0,0,0,0,8,4,0,4,0,2,0,1,0,3,4,0,0,1,0,1,0,0,0,3,1,0,0,0,100,235,213,1,0,2,0,1,0,0,3,0,3,0,5,3,0,2,0,0,0,3,0,0,0,0,2,0,170,252,132,0,0,0,0,1,0,4,1,1,2,0,0,0,2,0,1,0,0,1,1,2,0,1,0,0,160,254,117,2,0,2,0,0,0,0,0,1,0,0,0,3,0,0,0,1,0,0,0,0,0,4,0,0,64,255,214,0,4,1,4,2,0,0,0,0,1,0,1,0,0,1,0,4,0,1,0,0,0,0,0,0,62,250,166,5,0,0,0,1,2,1,1,0,0,0,1,0,0,1,0,2,3,0,0,0,0,1,1,0,125,252,91,0,1,0,0,1,0,0,0,1,0,0,0,2,2,3,2,0,2,1,1,3,0,2,0,0,172,250,0,0,1,0,3,2,0,1,0,0,1,0,0,2,0,1,0,4,3,3,0,0,2,0,0,15,241,253,0,4,0,2,1,0,6,30,100,22,0,0,0,0,0,0,0,0,0,0,0,2,0,0,0,10,189,249,2,0,0,0,1,40,171,254,250,255,110,18,3,1,0,0,1,0,3,0,0,0,0,0,0,21,254,254,1,3,0,0,0,233,248,250,227,191,255,62,0,6,0,1,3,3,1,1,2,0,2,0,0,2,169,249,62,0,0,1,120,255,222,64,0,0,252,171,0,1,0,4,1,0,0,0,0,2,0,2,1,2,170,250,107,0,0,47,242,254,66,4,0,84,252,89,0,1,1,0,0,1,6,0,0,0,2,0,2,4,73,253,203,0,12,200,252,153,2,1,7,206,214,4,0,1,4,0,0,1,0,0,2,0,0,0,3,1,66,252,244,43,90,252,226,0,0,7,109,248,115,0,0,0,0,0,0,0,0,0,1,0,0,0,0,0,10,219,253,188,220,253,106,1,82,206,249,253,2,0,1,3,0,3,3,3,2,0,1,1,0,0,2,3,0,46,250,251,252,255,255,255,253,255,199,63,2,1,0,0,0,0,0,1,0,0,2,2,0,1,3,1,0,0,136,254,250,254,248,251,224,114,20,0,0,0,0,1,0,1,0,2,0,0,1,0,0,1,0,3,0,0,43,255,249,134,22,16,13,2,5,0,0,5,1,0,0,0,3,0,0,0,0,3,0,1,0,0,0,4,43,248,243,145,62,0,1,0,1,0,2,0,0,2,1,2,0,1,1,0,2,2,0,0,1,0,0,0,10,157,249,225,104,1,0,0,0,1,0,1,2,1,0,3,0,0,0,0,0,1,0,0,0,5,0,1,2,1,0,0,0,0,6,0,0,0,0,0,1,0,4,4,4,0,2,3,1,0,0,0,0,0,0,0,4,0,0,1,4,0,0,0,0,6,0,2,3,0,0,0,0,0,0,0,0,0,0,1,0,0,3,0,2,3,0,0,0,1,0,1,0,0,0,3,1,0,3,3,1,0,0,3,1,1,0,0,0,2,3,0,0,0,5,0,0,2,0,0,1,0,1,3,0,0,0,0,0,1,0,0,0,0,1,3,1,2,0,0,0,3,0,0,0,2,0,0,4,2,2,2,4,1,0,0,0
4,0,0,2,2,0,3,2,3,3,0,0,0,5,0,3,4,0,0,0,0,2,2,2,2,0,0,5,1,3,0,0,1,0,1,0,2,0,4,0,0,1,4,0,0,0,2,0,0,0,0,0,0,1,0,1,0,0,0,0,2,2,0,1,0,3,2,2,0,1,0,3,5,0,3,2,1,3,0,1,3,0,0,2,0,0,2,1,1,2,1,2,0,0,0,3,0,1,0,2,0,0,0,0,0,0,2,2,0,0,3,1,0,0,0,1,8,0,0,0,3,0,1,2,32,40,129,141,170,163,85,0,0,0,2,0,0,0,1,0,6,0,2,1,0,3,5,5,43,176,177,180,253,250,254,255,255,252,232,0,0,0,0,0,0,0,2,2,0,0,2,0,1,1,3,0,228,253,252,253,255,251,252,255,255,253,188,0,0,0,0,4,5,3,1,1,0,0,0,0,2,0,0,0,243,255,245,186,213,119,119,104,90,27,6,0,2,1,0,0,0,0,0,3,2,1,0,1,0,0,0,0,243,249,163,0,0,0,0,0,2,0,0,3,0,3,0,0,1,0,0,0,1,0,0,2,1,0,3,0,246,254,167,2,1,0,0,3,0,0,0,3,1,2,0,2,0,0,0,2,0,1,2,2,0,0,1,3,243,254,166,0,1,0,0,2,0,0,0,0,2,5,0,0,0,0,0,0,0,3,0,2,0,0,0,102,250,253,178,46,44,78,108,46,42,6,0,0,0,1,0,0,0,1,1,1,0,0,0,0,0,0,1,98,250,251,248,252,253,254,254,252,252,201,129,25,1,0,0,1,0,0,2,0,7,0,1,2,1,1,0,15,246,251,253,253,255,253,253,255,254,251,252,235,137,9,1,0,0,1,0,0,1,0,2,0,0,1,0,3,109,106,109,109,109,109,110,109,109,201,252,255,252,99,0,2,2,0,0,0,1,0,0,0,0,1,0,1,0,0,2,0,1,0,0,0,0,2,86,229,250,240,0,3,0,2,0,0,0,0,0,0,0,2,1,1,3,0,0,0,2,0,0,0,2,1,2,115,252,243,0,0,1,0,0,1,1,0,0,0,0,1,3,2,3,0,2,0,0,0,0,0,0,0,0,169,253,243,40,2,0,1,0,0,0,0,0,0,4,5,1,2,3,39,58,3,2,0,1,0,0,1,0,93,254,249,63,0,0,3,1,2,0,0,0,0,0,1,0,0,55,236,253,23,3,0,0,0,2,0,11,170,255,248,66,0,0,0,1,0,0,0,0,0,3,0,0,1,133,250,248,80,6,4,5,0,0,2,130,252,254,193,0,0,0,0,0,5,0,1,1,0,0,0,0,3,114,250,253,250,190,156,155,48,123,189,251,252,239,109,1,0,1,0,1,0,4,3,0,1,2,0,2,1,8,110,250,254,250,252,255,255,251,252,246,173,67,0,4,0,0,0,2,0,0,0,0,6,1,0,1,2,0,10,74,141,211,252,253,255,174,144,129,3,0,3,3,0,0,2,0,1,0,0,0,0,0,3,1,0,4,0,3,0,0,0,1,0,1,0,0,0,0,0,0,0,0,0,3,0,0,0,0,1,2,0,0,0,0,0,0,0,1,0,0,0,0,3,0,1,0,1,0,0,2,0,0,2,3,0,2,0,0,0,1,1,0,0,0,1,1,2,0,1,0,5,1,0,0,2,0,1,2,0,2,3,0,0,1,0,0,0,0,1,0,0,0,1,0,1,0,0,2,0,0,0,0,1,0,0,0,0,1,0
1,0,2,3,0,0,4,1,0,0,0,0,0,1,0,0,1,0,0,1,0,0,0,0,0,1,2,0,3,0,0,0,0,0,0,2,0,8,0,3,0,4,1,1,0,0,3,0,1,0,0,0,5,0,4,2,1,0,0,0,2,0,0,1,0,0,1,3,0,0,0,0,0,0,1,5,2,3,1,0,0,0,0,0,1,3,0,2,0,0,0,1,0,0,0,1,0,0,0,5,0,2,0,0,5,0,0,0,0,3,2,0,0,3,0,2,0,0,2,0,1,1,2,0,0,3,0,3,0,1,0,1,1,1,0,0,2,0,0,0,0,5,3,2,3,0,0,0,0,3,2,0,203,244,58,0,0,0,1,0,1,0,0,0,0,3,0,0,2,2,0,0,1,0,0,0,0,0,4,31,252,253,182,0,3,2,24,90,98,70,2,0,0,0,0,0,0,0,0,1,1,1,1,0,2,0,2,34,254,226,14,5,0,22,213,252,255,254,64,0,0,0,0,2,3,2,1,0,2,0,0,0,2,0,3,90,253,130,3,4,4,148,252,117,72,75,6,0,0,0,0,0,0,0,4,0,0,0,0,0,0,0,0,177,231,12,5,2,36,248,191,0,0,2,1,0,5,0,0,0,0,1,1,0,0,0,0,0,1,0,53,255,197,0,2,1,51,255,166,0,0,0,0,1,0,0,3,1,1,4,0,0,0,0,6,1,0,0,131,254,147,0,0,0,49,255,189,0,1,0,4,1,2,2,1,1,0,0,4,1,1,4,1,2,1,3,197,239,27,0,0,0,90,255,115,2,1,7,3,0,0,1,0,0,2,2,1,0,2,0,0,0,0,32,244,185,2,1,0,6,180,255,70,2,56,203,10,1,3,1,0,0,0,0,0,0,0,5,6,0,3,147,252,73,0,0,0,0,220,251,139,200,239,71,2,0,2,2,1,0,0,2,0,1,0,3,5,0,74,245,217,8,0,4,8,64,233,252,255,192,38,3,0,1,0,0,0,1,2,0,1,4,2,4,4,1,182,249,62,24,88,174,224,255,252,255,90,2,0,0,0,1,0,0,0,1,1,0,2,0,1,1,3,28,242,249,172,237,255,252,205,157,254,209,4,0,3,6,0,0,0,2,0,0,0,2,2,0,2,2,0,147,250,251,251,210,133,50,9,49,255,198,2,0,1,0,0,0,0,3,0,5,3,0,0,0,0,0,0,155,183,71,29,7,2,0,0,98,250,148,3,1,0,0,0,4,0,1,0,0,0,0,0,1,3,3,0,7,0,0,0,0,1,0,0,204,254,41,0,1,0,1,0,1,2,0,0,0,0,0,0,2,0,2,1,0,3,2,0,0,2,0,5,212,249,29,0,0,0,0,3,1,2,0,1,1,0,0,1,2,0,0,4,0,0,0,0,2,1,0,5,214,223,12,3,0,0,1,0,0,0,1,0,0,3,0,1,1,0,0,0,3,0,0,3,0,3,0,0,213,221,10,1,1,0,1,2,2,0,0,0,0,0,2,0,2,0,0,0,0,0,4,0,0,4,0,1,161,213,20,0,2,3,2,0,0,1,0,0,1,0,0,0,0,0,1,1,0,1,0,2,0,0,3,3,0,0,3,5,0,0,3,0,1,0,2,0,0,0,0,2,0,2,0,0,0,0,0,0,0,1,0,0,2,1,0,0,0,0,0,1,0,0,2,2,0,0,1,1,0,0,4,0,0,0,0,5,0,1,0,0,3,1,3,2,2,3,0,0,0,0,0,3,1
3,0,0,0,0,0,0,0,4,0,1,2,0,1,1,0,0,1,0,3,0,0,0,0,0,0,2,4,0,0,2,0,2,1,0,1,4,0,0,0,3,1,0,1,3,0,1,0,0,3,0,0,1,2,0,0,0,0,0,0,0,0,0,0,3,0,0,1,0,0,0,0,0,3,0,0,3,1,0,0,0,0,0,0,3,2,1,2,0,0,2,4,0,1,0,0,0,0,2,1,1,2,1,0,1,0,4,1,0,0,0,0,0,0,1,2,1,0,3,4,0,1,0,0,1,3,0,0,0,0,0,1,1,0,3,4,1,2,0,0,2,0,1,0,2,4,3,0,0,1,0,0,2,0,1,2,0,1,0,0,2,3,1,0,2,4,0,2,0,1,1,4,0,1,0,2,0,0,0,1,0,0,0,5,0,2,0,2,4,1,0,0,2,0,0,0,0,0,2,0,0,0,1,0,0,0,0,0,0,2,0,0,0,0,0,4,0,0,0,1,4,0,0,0,0,0,0,4,0,0,0,0,0,1,0,0,0,0,0,14,62,120,123,81,33,16,8,3,0,0,4,2,0,2,1,0,2,0,0,1,3,1,0,0,0,0,31,141,255,255,190,176,245,254,214,136,33,1,0,3,0,0,0,4,0,0,0,0,0,0,0,0,0,22,155,255,192,21,5,0,71,151,228,250,237,113,0,0,4,0,2,0,0,0,0,4,0,0,0,0,30,216,255,220,8,1,0,0,2,0,8,68,165,170,7,1,0,2,0,0,0,0,7,0,0,0,30,139,245,252,252,175,23,0,0,0,2,0,0,0,0,0,0,1,0,0,0,3,2,1,0,3,62,140,238,252,251,253,255,255,229,196,109,4,2,2,1,0,0,0,0,0,0,0,2,0,0,5,3,121,253,250,255,211,131,103,147,125,204,211,255,153,5,0,1,1,2,1,1,1,0,1,1,0,2,3,0,208,250,192,48,3,5,5,2,2,0,11,220,220,17,0,0,0,0,2,0,0,3,3,1,0,0,1,2,41,70,0,0,0,0,0,2,3,31,181,251,126,3,0,0,1,2,1,1,0,0,1,1,6,4,1,0,1,1,0,0,1,5,3,6,91,229,251,195,46,0,2,0,0,0,1,3,0,0,0,0,0,0,0,3,0,1,0,7,66,71,129,201,252,253,158,16,0,0,0,3,1,0,0,0,0,2,0,0,0,0,4,86,126,122,134,224,250,255,255,235,145,29,2,0,1,0,0,1,4,0,2,0,0,4,4,0,0,1,0,255,251,253,184,171,175,170,118,19,2,0,0,0,0,1,0,3,3,3,0,0,2,1,2,0,4,0,0,60,20,21,0,2,0,1,0,1,3,0,0,0,2,1,3,2,0,0,0,0,0,1,1,0,0,1,3,0,0,0,0,2,0,4,0,0,0,0,2,3,0,3,1,0,0,0,2,0,2,0,0,1,0,0,0,0,0,0,1,0,0,1,6,0,5,2,2,4,2,1,0,0,0,0,0,1,5,0,1,0,0,0,0,0,1,1,2,1,0,0,2,0,0,1,0,1,0,0,0,0,2,3,0,2,5,0,3,1,0,0,3,0,3,0,2,0,0,0,0,0,0,4,0,0,4,0,0,0,1,0,0,2,1,1,4,2,0,0,1,0,2,0,2,1,1,0,0,0,5,0,3,0,0,2,0,3,0,0,0,0,0,0,1,4,2,1,1,4,1,1,2,0,0,0,0,5,1,1,0,0,2,1,1,0,0,1,0,0,4
0,1,0,0,2,0,0,0,4,2,0,0,0,0,0,0,3,0,0,2,0,0,3,1,0,1,1,0,1,0,3,0,0,0,1,0,2,3,2,1,0,0,0,1,1,4,1,0,0,0,0,0,0,0,1,0,0,0,0,0,0,2,2,0,0,5,0,1,0,1,0,1,0,0,1,3,3,0,0,0,0,0,0,0,2,1,0,0,1,0,0,0,1,3,0,0,0,3,0,0,1,1,2,2,2,0,1,0,2,1,2,0,2,2,0,1,0,0,4,0,0,0,0,0,17,157,171,32,0,3,1,3,0,2,2,0,0,0,0,4,3,0,1,0,1,0,0,0,0,0,2,2,83,252,250,60,0,4,1,0,0,0,1,0,2,0,3,0,1,0,0,0,0,1,0,1,0,0,0,1,107,251,252,65,0,1,5,0,1,0,0,0,0,1,3,4,1,0,0,3,0,2,0,0,0,0,0,0,142,255,254,57,0,3,1,0,0,2,0,0,2,0,0,0,0,0,2,1,1,0,0,4,1,0,1,0,140,255,250,103,2,0,2,0,4,1,0,0,5,3,0,0,0,4,0,0,2,0,0,1,2,6,3,0,41,254,255,179,0,0,6,1,1,3,0,0,0,0,0,1,0,1,3,0,0,0,0,0,3,0,0,0,84,255,253,176,5,0,0,0,5,0,1,0,2,0,0,1,0,1,1,1,0,4,2,2,0,0,0,1,135,252,255,180,0,0,1,0,0,0,4,0,0,2,0,1,2,2,0,0,6,0,0,1,2,0,4,0,28,255,253,156,0,0,0,0,2,0,0,0,3,2,3,0,0,1,0,3,1,0,0,0,1,1,0,0,24,255,255,57,0,7,0,2,0,0,0,0,0,0,0,4,0,2,1,0,1,0,1,1,2,2,0,1,22,255,253,60,0,0,0,2,0,0,0,0,4,0,1,1,0,2,0,1,1,1,3,0,2,1,1,3,26,253,252,59,0,0,1,0,0,2,4,0,0,0,2,1,0,0,0,0,0,0,1,0,2,2,3,2,27,251,252,112,0,1,0,0,0,0,0,1,0,0,1,0,1,1,0,1,0,0,0,0,0,0,1,0,24,254,255,178,0,5,0,0,3,4,1,2,4,0,0,1,1,0,1,0,0,0,0,0,3,0,1,0,92,255,252,216,22,2,3,1,1,1,3,0,0,0,0,0,1,0,0,0,0,0,0,0,1,2,1,1,66,253,255,213,90,14,3,0,0,0,0,0,0,1,0,2,3,1,0,0,0,0,2,1,0,5,1,0,75,255,255,255,158,5,0,0,2,1,0,2,0,0,0,0,1,0,2,0,0,2,2,0,0,0,0,0,13,224,255,255,239,18,2,4,0,0,3,2,0,4,0,0,2,0,0,0,0,3,0,0,0,0,1,0,0,116,255,254,166,15,0,0,0,1,1,0,0,0,0,0,0,2,0,0,4,3,1,5,2,0,2,0,0,39,255,180,6,0,3,2,0,0,2,0,0,0,0,0,0,3,0,1,0,0,1,0,0,0,0,2,4,1,0,0,0,0,2,0,0,0,0,0,3,0,0,4,0,0,0,0,2,2,1,1,0,0,2,3,0,0,0,4,3,0,0,2,3,1,0,0,0,1,2,0,0,2,0,1,1,1,1,0,1,3,0,1,0,0,1,0,1,0,1,0,0,0,0,0,0,0,0,0,1,0,0,0,0,1,0,0,1,2,0,0,1,1,0,0,0,3,4,0,5,0,2,0,0,1,0,0
0,0,4,0,1,3,0,0,0,0,0,1,0,1,0,0,0,0,3,0,0,0,3,0,0,3,4,0,1,0,1,0,0,0,0,0,3,0,0,0,1,0,0,0,0,0,0,0,0,1,1,0,2,0,1,2,0,3,6,1,2,2,0,1,0,5,0,0,0,0,0,0,0,0,2,0,2,0,3,0,3,0,0,0,3,0,0,3,1,2,2,0,0,0,0,0,0,0,1,4,0,3,0,0,0,0,3,0,0,1,0,0,0,0,0,0,4,0,0,0,0,4,2,0,0,1,0,0,0,0,4,1,3,4,0,0,0,0,2,0,2,0,0,0,2,0,3,1,2,0,0,0,4,0,2,1,21,199,39,0,0,2,0,3,0,0,1,0,1,0,2,3,0,1,3,0,1,39,165,22,2,0,3,1,80,254,60,0,0,3,0,0,0,0,0,0,2,0,2,0,0,0,0,1,2,86,252,85,0,0,0,1,141,255,58,1,0,0,0,0,0,0,0,0,0,3,0,0,0,0,3,0,3,170,255,62,4,1,1,0,206,254,56,0,0,3,0,0,0,1,1,1,0,1,0,0,0,4,0,3,0,214,237,19,1,0,0,0,181,253,80,3,0,0,0,0,3,3,0,0,0,2,0,3,0,0,0,0,1,165,238,22,0,1,0,0,118,255,144,0,1,0,0,0,2,0,1,0,0,0,2,2,0,2,0,1,36,246,195,0,0,0,1,3,115,255,144,2,1,2,0,2,0,0,0,0,1,0,0,4,6,2,0,1,144,250,148,0,29,52,54,42,136,250,148,0,0,0,0,4,0,1,1,1,0,0,0,0,0,0,0,2,154,255,189,212,241,251,253,251,251,254,162,0,0,3,1,0,4,2,1,0,0,0,0,1,0,4,1,3,227,255,249,254,234,168,194,220,251,255,252,102,0,0,0,0,0,3,0,0,1,0,4,2,0,2,5,1,237,252,235,121,16,1,0,34,252,253,252,155,1,1,1,2,3,0,1,2,4,0,0,0,0,1,2,0,98,133,29,0,2,0,1,107,254,245,170,128,2,1,0,1,3,0,0,0,1,4,1,5,2,5,0,4,1,1,0,0,2,0,0,122,255,190,0,2,0,1,1,1,0,1,1,0,0,1,0,0,0,1,3,3,0,2,1,0,0,3,0,129,253,143,2,0,0,5,2,0,0,0,1,0,0,0,0,0,0,0,3,1,0,1,2,1,0,0,2,204,253,143,0,0,0,4,0,1,0,1,1,3,0,4,0,4,0,0,1,0,2,0,0,0,4,0,0,206,252,77,4,0,0,0,0,1,0,1,0,0,0,0,2,2,0,0,0,4,1,0,0,0,1,2,17,225,252,60,0,0,1,2,3,0,1,1,0,0,0,1,0,0,1,0,0,0,0,2,1,0,0,4,73,255,254,85,0,1,0,0,0,0,1,1,0,1,0,1,0,1,0,0,0,0,0,1,0,1,0,1,124,255,255,112,0,0,2,0,3,5,0,0,0,0,2,1,0,0,0,3,0,0,0,0,0,0,2,0,26,242,201,18,1,0,0,1,0,0,0,2,0,5,0,0,3,0,2,0,0,0,1,2,1,1,4,0,2,0,0,0,0,0,0,0,0,3,0,2,0,4,0,0,2,4,0,0,1,0,3,0,0,0,0,0,2,2,0,2,0,0,0,2,3,0,2,3,4,0,1,0,2,0,1,1,0,4,0,0,3,0,2,1,0,1,0,3,1,0,0,3,0,0,2,4,5,0
0,0,1,0,0,0,0,0,0,5,0,2,4,2,0,0,1,0,2,1,1,0,1,2,0,0,0,5,3,2,0,0,0,1,0,0,0,0,2,4,0,0,2,2,4,0,0,3,0,0,0,3,1,3,1,0,2,0,0,2,3,1,0,0,3,0,0,0,0,2,1,0,0,0,0,2,4,0,4,2,3,2,0,0,1,2,0,0,0,0,0,0,1,0,0,3,0,0,2,1,0,0,0,3,1,0,4,0,0,0,0,0,0,0,0,0,1,1,0,6,0,0,1,1,0,0,0,0,0,5,0,0,0,2,4,0,2,1,0,0,3,0,0,0,1,3,0,0,4,0,1,3,0,1,0,0,0,14,216,52,0,0,2,4,1,3,0,0,0,2,4,0,0,0,4,0,0,0,8,56,0,0,1,2,3,125,253,53,0,0,0,2,0,3,0,0,3,3,0,0,0,1,0,0,2,3,149,248,101,2,1,4,3,244,203,8,4,5,2,0,0,0,0,1,2,5,0,0,1,1,0,1,3,1,227,253,121,5,0,1,101,255,97,1,0,3,2,0,0,4,0,3,7,3,0,1,0,0,0,0,1,19,235,248,69,0,0,1,101,239,51,0,0,0,0,1,0,0,0,0,4,0,1,1,1,0,3,2,24,196,253,218,14,0,0,2,102,249,86,3,1,0,2,0,0,0,2,0,0,0,0,0,0,0,2,2,58,248,255,113,4,0,2,0,99,251,86,0,3,1,0,1,0,0,0,0,4,0,1,1,3,0,4,0,58,251,245,38,0,0,0,0,100,241,33,0,1,0,1,1,0,2,0,0,1,1,0,0,0,4,2,0,59,251,244,0,4,0,0,0,100,248,68,1,3,1,2,0,4,0,0,3,4,0,4,0,0,0,0,1,61,254,249,153,110,111,115,109,168,248,89,2,0,0,0,1,0,2,1,1,2,0,0,0,1,1,0,1,0,128,252,255,253,252,255,252,253,248,80,1,0,0,2,0,0,0,0,0,2,0,0,1,0,0,0,0,2,0,70,145,185,187,192,188,240,229,0,0,1,0,0,5,2,0,0,0,0,0,0,0,1,3,0,3,0,0,0,3,0,0,0,0,117,232,3,0,0,0,0,3,0,1,0,2,0,0,0,1,0,0,0,0,0,0,0,1,0,0,0,0,156,244,45,0,4,0,1,0,3,1,0,2,2,1,1,0,1,0,0,0,1,0,0,0,3,0,0,0,209,250,90,3,1,0,2,3,2,4,3,0,0,2,0,8,1,3,0,0,3,0,0,1,0,7,0,1,206,253,90,5,0,2,0,0,0,0,0,2,0,0,0,1,1,2,2,0,0,0,1,0,0,0,0,3,155,230,15,0,0,2,0,3,1,0,0,0,0,4,0,0,0,2,3,0,0,2,3,0,0,4,0,0,100,248,105,1,0,1,0,1,0,0,3,0,5,0,0,2,2,0,0,0,0,2,1,0,0,0,0,0,69,251,198,0,1,0,0,1,1,0,0,0,2,2,0,0,0,0,0,0,0,0,2,5,2,0,3,0,1,196,241,50,0,0,3,0,2,0,1,0,0,1,0,2,0,0,3,0,0,0,0,3,0,0,0,0,1,2,0,0,0,0,1,0,3,1,0,1,0,0,1,0,0,0,1,0,0,0,0,0,0,4,2,0,0,1,4,1,0,0,0,0,0,4,4,0,1,0,3,0,0,0,0,2,0,2,2,1,0,1,0,0,0,4,0,2,0,0,0,0,0,0,0,0
2,0,1,2,0,1,1,3,0,0,2,1,0,1,0,0,0,0,0,0,0,0,0,0,2,1,0,2,3,1,0,4,0,0,2,2,0,2,0,0,0,2,0,1,5,0,0,0,0,0,0,1,1,1,3,0,0,1,0,0,2,0,1,0,0,2,0,1,0,3,2,0,0,0,0,0,0,2,0,0,1,0,3,0,1,0,0,1,0,3,0,2,0,0,4,2,0,0,4,1,2,1,1,0,2,3,2,0,0,1,3,0,3,1,0,0,0,0,2,0,0,0,0,0,1,1,0,0,0,2,1,0,2,0,1,0,0,0,1,0,0,0,1,1,3,1,0,3,0,0,1,0,0,1,0,2,2,1,0,0,5,0,4,0,0,0,0,1,0,0,0,1,0,0,2,0,0,0,88,250,199,134,134,63,12,8,0,0,0,0,0,0,0,0,2,5,2,1,2,2,0,0,0,0,0,0,204,254,254,251,253,253,253,229,145,113,21,1,2,0,2,2,1,0,0,0,2,0,0,1,0,1,0,2,129,251,255,254,255,250,251,255,250,252,219,114,6,0,0,0,0,1,1,3,0,0,1,0,3,2,0,0,83,251,250,249,251,251,252,251,252,251,252,250,25,0,0,0,0,1,4,4,0,0,2,0,0,0,0,0,24,70,181,225,255,252,255,251,253,252,251,250,23,0,0,2,4,0,0,0,0,0,0,2,0,0,0,0,0,1,1,26,61,62,101,208,251,252,250,255,22,2,4,2,0,2,0,4,2,3,0,0,4,0,1,1,0,0,3,0,0,11,190,255,255,253,252,130,3,3,0,0,0,0,2,2,6,1,0,0,1,3,2,5,0,1,0,0,5,220,252,250,249,254,178,5,0,0,1,0,0,0,2,0,0,2,0,2,0,7,3,0,2,0,0,56,172,252,252,255,253,218,38,0,0,0,4,0,0,1,0,2,2,0,1,0,5,0,3,0,0,0,49,247,252,254,252,255,255,66,0,2,0,2,0,4,2,0,0,3,0,0,0,3,1,0,1,0,1,59,240,255,255,254,255,228,37,0,0,1,1,0,4,3,0,0,0,1,2,0,0,0,5,0,1,0,48,235,252,251,250,252,250,125,0,0,0,0,0,0,3,0,0,5,1,0,5,0,2,0,0,1,0,26,168,253,255,252,251,254,198,2,0,0,1,1,2,0,0,3,4,0,0,0,0,0,0,1,0,0,40,236,254,248,254,247,254,216,29,0,0,0,0,0,0,2,0,0,0,2,5,2,0,1,0,0,0,64,194,250,251,248,252,248,216,29,0,2,0,2,1,0,2,0,0,0,0,4,3,0,0,0,6,0,67,229,253,252,249,253,252,129,27,3,0,2,2,0,0,0,0,2,0,1,0,3,0,0,1,1,2,11,187,255,255,252,249,219,54,4,0,0,0,0,2,3,1,0,3,0,0,0,0,1,0,0,2,4,0,13,215,255,250,254,216,35,0,0,0,0,0,0,1,0,1,0,2,0,0,0,0,0,0,0,0,3,1,0,155,251,253,172,95,0,0,1,0,0,2,0,4,0,0,2,1,0,2,0,0,3,0,0,0,1,0,0,83,213,252,115,2,0,2,0,2,2,0,0,0,0,1,0,2,3,2,0,0,0,2,0,0,2,1,3,0,3,2,0,0,0,0,0,3,3,0,0,0,0,3,2,0,1,0,0,3,0,0,1,0,0,0,0,0,1,0,3,6,1,0,0,2,0,1,0,1,2,2,0,0,0,3,0,6,0
5,3,1,2,0,4,0,4,0,1,0,2,1,3,0,0,3,4,0,0,2,1,0,0,0,4,0,0,0,0,0,0,0,0,4,0,0,0,0,0,0,0,4,4,0,0,1,2,0,4,0,0,1,0,0,0,3,1,3,1,4,0,3,0,0,3,3,0,1,0,0,0,0,1,0,0,0,0,0,1,0,2,0,0,0,0,0,1,0,2,2,0,4,2,0,2,0,0,0,1,3,0,0,2,0,0,0,1,3,0,1,3,0,1,0,0,3,3,0,0,0,0,2,2,27,151,253,163,223,253,255,252,207,79,0,4,4,0,0,2,2,2,0,1,0,0,3,2,0,85,137,155,253,251,255,255,251,254,252,255,253,255,29,3,1,2,2,3,2,0,3,3,1,0,4,8,151,255,251,255,252,243,234,235,237,138,159,255,252,253,27,0,0,1,1,3,0,1,3,0,1,0,0,16,249,229,230,213,105,31,1,0,0,7,156,253,251,182,8,4,0,1,0,0,0,3,0,2,0,0,5,8,92,0,0,0,3,2,0,0,22,153,251,249,184,11,0,0,0,0,2,1,3,0,4,0,0,2,1,0,0,0,0,0,0,0,0,10,200,250,255,180,17,0,1,2,0,0,2,5,0,0,1,0,0,4,1,0,3,1,0,0,1,0,39,187,251,241,170,13,1,0,1,0,2,0,1,1,0,2,0,0,0,0,0,4,0,0,0,1,0,59,190,254,237,145,0,4,0,0,0,0,0,2,4,1,0,0,1,0,2,0,3,0,0,0,3,0,9,190,254,239,83,0,0,1,2,0,2,0,1,1,3,2,0,0,0,0,2,3,3,0,0,2,0,32,199,251,240,85,1,5,0,3,1,0,0,0,2,0,0,2,0,3,0,4,0,0,0,0,0,0,57,199,252,235,86,0,0,0,0,0,0,0,0,0,3,0,2,4,0,1,0,0,0,0,0,0,5,87,233,254,244,83,0,5,0,0,2,1,2,0,2,5,0,0,3,2,2,0,0,0,1,0,0,4,94,250,253,225,40,0,0,0,2,0,0,0,0,0,3,0,3,1,0,4,5,0,0,0,0,1,1,117,252,254,199,80,1,0,0,0,0,0,0,0,2,0,1,0,0,2,0,0,0,0,0,1,1,0,51,236,255,243,62,0,0,0,0,2,0,0,1,0,0,0,42,147,218,218,0,3,0,0,1,1,0,0,175,253,245,81,0,0,0,0,3,3,1,0,0,2,85,211,235,254,204,31,0,3,0,0,0,1,1,0,250,254,235,0,3,3,2,0,26,109,106,205,229,229,249,251,163,96,13,0,1,0,0,0,1,3,1,0,255,252,245,110,112,113,194,235,242,255,254,254,253,159,96,16,1,2,0,4,1,0,0,0,1,2,0,0,79,251,255,253,251,255,254,255,253,252,162,134,35,5,0,0,1,0,0,2,0,0,0,0,0,0,2,0,1,75,141,253,250,252,237,128,100,4,2,0,0,0,4,0,0,0,4,0,0,2,0,0,0,0,0,0,0,0,0,0,0,0,1,0,0,0,0,0,0,0,3,0,1,1,0,0,0,0,2,0,0,0,1,0,5,3,1,0,1,0,0,0,0,0,0,0,1,3,0,0,0,0,0,1,0,0,0,0,1,0,4,0,1,0,4,0,0,1,0,3,0,0,2,2,6,0,1,2,0,0,0,0,0,0,0,0,4,0,1,0,0,4,0,3,0,1,0,0,0,0,4,0,0,4,0,0,0,1,2,2,6,0
0,1,2,3,0,0,0,0,0,0,1,2,0,6,2,0,0,0,0,0,2,0,0,5,0,4,0,0,0,0,1,5,4,2,4,0,0,3,0,0,4,0,4,0,0,1,1,0,0,5,2,0,1,1,1,1,0,0,0,0,3,0,5,2,5,1,0,1,0,1,0,0,1,3,0,1,0,0,0,4,0,0,1,3,0,0,0,1,1,0,0,0,2,2,6,0,1,0,0,0,0,0,0,0,0,0,1,2,2,0,2,0,0,0,0,1,0,1,1,2,0,2,0,3,0,0,0,1,0,0,0,2,0,0,4,2,1,0,1,0,1,3,2,0,1,0,2,1,57,158,154,153,247,220,252,171,41,1,2,3,0,0,0,3,0,0,2,3,0,0,0,3,3,0,49,177,245,217,183,142,145,142,105,230,244,77,4,1,0,0,2,0,0,3,0,5,0,0,0,0,1,0,89,147,49,0,0,0,2,4,0,43,228,201,2,1,0,0,0,2,0,0,4,0,1,0,3,0,0,0,3,11,0,0,1,3,0,4,2,1,167,234,0,1,0,1,5,0,0,1,3,2,0,0,0,0,1,1,0,3,0,0,0,0,0,0,0,77,255,106,3,0,0,3,0,3,0,0,0,0,2,0,0,0,0,0,1,0,0,0,0,0,9,29,133,225,210,42,29,1,0,0,2,0,4,0,4,0,0,0,1,0,0,0,0,0,0,1,42,85,183,250,255,255,255,255,253,181,27,1,0,0,0,1,0,0,2,1,0,3,0,5,1,0,8,138,245,254,219,255,156,33,19,102,183,230,213,24,0,0,1,0,1,0,0,0,0,0,5,2,0,1,103,253,253,255,236,122,1,0,3,3,0,31,197,159,0,0,1,0,0,0,0,0,0,0,0,6,0,0,49,107,106,69,3,0,0,3,1,0,2,0,110,252,119,0,2,0,0,0,1,0,0,0,3,0,0,3,1,0,0,0,0,0,5,3,4,0,0,0,3,193,162,0,0,0,4,3,0,0,0,0,2,0,0,2,0,0,0,3,0,0,2,2,2,0,2,0,3,37,254,9,3,0,0,0,3,1,5,0,1,2,0,2,3,86,13,2,2,2,4,1,0,1,0,0,0,131,248,8,1,2,0,0,3,1,2,0,2,4,0,1,112,175,6,0,0,1,0,0,2,0,0,0,55,241,82,2,2,0,0,3,0,0,0,1,2,1,1,34,223,7,0,2,0,0,2,0,0,3,2,73,203,210,2,3,2,0,0,0,0,0,0,2,1,0,0,65,235,2,1,1,0,0,0,1,1,0,123,248,197,34,0,6,2,1,0,0,0,5,4,0,3,1,5,2,169,137,3,4,0,5,1,0,44,177,238,158,14,0,0,5,0,0,0,3,0,2,0,0,2,0,1,0,48,254,92,0,0,0,39,42,232,250,83,0,1,0,0,0,1,0,0,3,3,0,0,0,3,0,2,0,8,135,246,210,148,186,236,204,185,21,1,0,3,1,0,0,0,0,2,0,4,0,4,5,0,1,0,0,4,0,65,152,196,155,86,0,0,2,0,0,0,0,0,0,0,1,0,0,0,1,1,2,0,2,5,2,2,0,0,0,0,2,4,4,0,0,0,1,2,0,0,0,0,2,0,4,1,2,0,3,0,0,0,4,0,2,3,5,3,0,0,0,0,1,0,3,5,0,0,5,1,0,0,0,2,2,0,1,0,0,1,0,0,0,0,0,0,0,0,2,0,1,0,2,0,0,0,0,1,4,0,0
0,4,2,0,2,2,0,2,4,0,1,0,0,0,0,0,0,0,0,0,0,1,0,0,0,0,0,1,0,3,0,2,0,1,0,1,2,2,0,0,0,0,0,2,0,0,0,0,1,4,0,1,0,0,3,0,1,3,0,1,0,4,3,0,0,0,3,0,3,0,0,1,2,1,0,0,0,1,0,0,0,0,3,0,0,0,2,3,1,0,0,3,0,0,0,1,0,0,1,0,3,4,0,2,2,3,4,0,5,0,2,0,0,2,0,0,0,0,0,0,2,3,1,89,211,254,254,208,88,1,1,1,0,0,0,0,0,0,3,1,0,0,2,4,2,1,0,0,0,0,78,213,254,253,252,254,247,126,0,3,1,4,0,3,0,2,4,0,1,0,0,0,0,0,2,0,0,0,228,238,181,54,117,245,250,231,26,5,0,0,0,1,3,0,1,1,0,2,3,0,0,0,0,3,0,1,226,196,0,3,0,122,246,254,112,0,2,0,3,5,0,0,0,0,0,0,0,0,0,0,0,0,2,0,226,195,0,0,0,1,197,251,109,0,0,0,6,1,5,2,2,0,0,0,5,0,0,0,0,0,2,0,127,30,1,0,0,0,197,253,112,2,1,0,0,0,0,0,0,0,0,3,3,5,4,0,4,0,1,1,0,0,0,2,0,1,73,252,110,0,0,3,0,0,0,1,0,0,1,4,0,2,1,0,1,0,2,0,0,0,4,3,4,0,85,251,115,3,0,4,1,1,2,0,1,1,0,2,3,0,3,4,0,0,0,0,0,0,0,0,0,0,200,254,111,0,1,0,0,1,0,5,0,2,0,1,0,2,0,3,0,0,0,0,7,3,0,0,3,1,198,247,112,0,1,0,1,5,0,0,1,2,1,0,5,2,1,1,2,1,3,0,1,0,0,0,0,88,248,223,4,1,1,5,1,2,0,3,1,2,0,5,0,0,4,0,0,1,3,0,24,86,83,39,1,212,255,97,0,0,1,0,0,1,1,0,0,0,2,1,0,2,0,2,0,0,32,120,215,255,251,221,199,245,204,17,2,2,0,2,2,4,0,0,0,0,3,2,2,0,0,1,0,1,141,255,246,218,225,253,252,254,194,0,3,3,1,0,6,4,1,0,0,0,0,1,0,3,3,0,0,16,205,255,91,2,11,186,253,250,196,0,0,0,4,0,0,0,2,0,0,0,2,0,0,3,0,1,0,28,251,255,29,0,93,250,254,255,251,86,0,3,1,0,0,2,3,0,3,3,1,0,0,2,0,1,2,33,251,251,103,120,240,253,110,103,252,219,40,0,0,0,1,2,4,0,0,2,0,0,0,0,0,1,0,3,166,249,255,251,245,119,0,19,178,253,115,1,0,1,0,2,0,0,0,0,1,0,0,2,1,0,0,0,126,253,241,192,76,0,1,0,57,254,203,31,3,0,3,0,0,0,0,1,0,0,0,0,1,0,0,2,2,112,77,0,0,0,3,0,28,205,252,252,27,6,0,0,1,0,0,0,0,1,5,0,0,1,0,0,1,2,0,2,5,0,0,0,0,0,0,2,2,0,2,0,0,2,0,1,0,1,0,0,1,3,2,1,0,1,0,0,2,0,0,0,0,2,3,0,0,0,0,3,0,0,0,0,0,0,0,1,2,3,0,1,0,0,1,3,0,0,1,1,3,0,2,3,0,0,1,5,0,2,0,0,0,1,0,3,1,0,0,0,0,4,0,0,0,0,1,0,2,0,1,6,0,0,2,5,1,3,4,0
5,0,0,1,1,1,7,0,1,0,1,0,0,1,1,0,1,0,2,0,0,0,0,0,0,0,1,0,0,0,3,1,1,0,2,0,4,0,1,0,0,1,0,2,1,0,2,1,0,3,2,0,2,1,0,4,0,0,0,3,4,0,0,0,0,0,0,1,3,0,0,2,0,2,3,0,3,1,0,0,0,2,3,0,3,2,3,0,0,0,0,0,0,0,0,0,0,4,0,0,0,4,1,0,3,1,0,2,0,0,1,2,4,3,0,0,3,0,0,0,0,2,0,2,0,4,0,0,0,0,0,0,3,2,0,2,3,2,0,2,0,0,1,0,0,2,3,0,3,2,1,0,0,0,0,0,0,0,0,1,0,0,0,3,0,0,0,0,0,1,1,0,0,0,0,0,2,0,1,13,149,234,216,238,160,9,2,2,0,0,0,0,2,0,1,0,2,0,0,0,0,4,0,1,0,0,67,182,169,26,5,52,255,128,0,0,5,0,0,4,0,0,2,0,1,0,0,0,3,0,2,0,1,0,133,94,0,1,4,14,172,156,4,0,0,0,0,1,0,3,0,2,2,1,3,2,1,0,1,2,0,0,0,0,0,0,0,5,186,141,0,2,0,0,0,4,2,0,0,2,0,2,0,0,0,1,0,2,1,0,0,0,1,3,1,102,211,11,0,0,1,0,0,3,0,0,1,0,2,0,0,0,0,0,0,4,0,0,0,2,0,3,2,129,198,2,0,0,4,0,0,0,1,0,0,0,0,3,0,1,0,2,0,1,0,0,0,0,2,0,2,133,193,0,1,0,0,1,1,0,2,0,5,4,0,0,0,0,4,0,0,0,3,0,0,1,1,3,0,214,158,0,0,1,3,1,0,1,0,1,1,0,1,0,2,3,1,0,2,0,0,0,3,0,1,0,47,246,88,3,0,1,0,2,0,2,0,0,0,2,1,0,0,1,0,2,0,1,0,2,1,0,0,0,164,172,34,0,0,0,0,0,0,0,1,0,2,0,1,1,0,1,0,0,0,0,0,0,0,3,1,0,199,124,1,1,0,0,0,1,0,0,1,0,3,0,1,2,0,1,0,0,0,0,1,0,0,1,3,0,202,127,3,1,0,0,0,0,1,4,1,1,0,0,1,1,0,0,0,0,0,1,2,1,0,3,0,37,212,42,6,0,0,4,0,1,0,0,0,4,0,0,3,1,1,0,0,2,0,0,0,0,1,0,0,94,72,0,2,0,5,1,2,1,3,1,0,0,1,0,2,0,0,3,3,0,4,0,0,1,1,0,4,173,98,0,0,2,1,2,0,1,2,0,3,1,0,0,0,0,0,0,0,2,0,1,2,1,2,1,14,252,54,0,0,0,2,0,0,4,0,0,1,0,0,0,6,0,0,0,0,0,0,0,0,5,0,0,59,210,13,0,0,1,0,1,4,0,0,2,1,2,0,3,0,0,0,0,2,0,0,0,10,3,0,2,183,162,56,0,2,0,0,0,0,0,2,1,2,1,1,2,0,0,0,0,0,0,2,1,1,4,0,1,239,247,52,3,0,3,0,0,0,0,0,4,0,1,0,0,0,0,0,0,0,0,0,0,0,1,0,2,188,161,9,1,0,1,0,5,0,0,1,0,0,0,0,0,0,0,0,0,2,0,0,1,0,0,3,0,0,1,0,1,0,0,0,0,0,0,1,1,0,0,1,0,0,2,0,0,0,2,2,1,0,1,0,3,0,1,3,3,1,1,0,1,2,2,2,0,4,0,2,6
0,5,0,1,0,0,6,8,1,0,0,0,0,0,0,0,0,3,1,1,0,0,0,0,2,0,1,0,0,1,0,1,0,0,0,0,1,0,0,2,1,2,1,3,0,0,2,0,1,0,0,7,0,0,3,2,0,3,2,0,2,3,0,0,0,2,0,0,0,2,0,1,1,0,0,1,1,0,0,0,4,1,1,1,4,5,0,0,1,0,1,1,0,0,0,2,0,0,0,1,0,0,2,1,2,0,3,0,0,1,0,3,0,0,1,0,0,3,0,2,0,0,0,1,3,4,184,88,3,1,0,0,0,0,2,0,0,0,1,3,1,0,0,0,0,1,1,0,1,0,0,0,0,4,132,39,5,1,2,0,0,0,4,0,1,2,2,0,0,0,2,0,2,0,0,0,0,0,1,2,0,75,255,41,0,1,1,0,1,3,4,3,0,0,0,2,3,0,0,1,1,3,0,0,0,0,8,1,2,72,251,116,0,0,0,0,0,0,3,0,2,1,2,0,0,0,2,0,4,0,2,3,0,0,0,0,0,74,253,97,1,1,0,5,2,0,4,6,1,0,0,1,1,3,2,1,0,0,5,0,2,2,2,0,0,125,250,122,6,0,0,0,1,1,0,0,0,0,0,0,0,1,0,3,3,0,1,0,2,0,0,0,0,125,254,121,1,0,2,0,2,0,1,3,0,0,1,0,2,1,3,0,0,0,2,1,0,0,0,2,0,126,254,54,1,2,0,0,0,1,0,0,0,0,0,0,0,1,0,0,0,0,0,0,0,5,2,0,0,124,252,35,0,0,0,0,1,0,0,3,0,1,0,0,2,0,0,3,0,0,0,0,1,0,4,0,2,126,255,39,3,0,0,3,4,0,0,2,4,0,2,0,4,0,0,2,0,0,2,0,5,0,0,1,2,127,253,38,0,2,0,0,4,0,1,0,1,0,3,1,0,0,1,0,1,0,2,0,0,1,0,5,3,141,217,6,0,0,0,0,1,2,0,0,0,0,0,1,0,0,3,3,2,0,1,0,0,0,0,0,0,210,190,0,0,1,2,1,0,3,2,1,0,4,0,0,1,0,4,0,0,0,0,0,0,0,3,0,33,253,124,0,0,0,1,4,0,2,0,0,0,0,0,2,0,1,1,1,0,0,0,2,0,2,2,0,33,253,122,0,4,0,1,0,0,0,0,3,0,0,0,2,6,0,2,1,0,0,3,2,0,0,0,0,13,225,126,1,2,0,0,2,0,0,0,0,0,0,3,0,0,0,3,4,0,0,0,0,0,1,0,0,65,248,103,3,0,4,0,0,5,0,2,1,0,0,1,1,0,0,0,2,0,0,0,0,0,0,1,0,121,228,16,0,2,2,0,0,0,0,0,4,0,1,0,0,1,0,0,0,0,0,0,0,2,0,0,0,125,211,5,3,1,0,0,1,1,3,0,0,0,7,2,5,0,0,0,1,4,3,0,0,1,1,1,0,123,187,1,0,0,3,0,0,4,0,1,3,0,2,0,0,0,0,1,0,3,3,0,0,3,2,3,3,0,5,3,4,0,0,0,1,0,0,0,0,4,0,3,1,1,0,0,1,0,1,0,1,0,0,0,0,0,3,1,3,3,0,1,0,2,2,2,3,1,0,4,0,3,2,0,1,0,0,0,0,0,4,0,1,0,1,1,0,0,0,1,1,0,0,5,0,0,2,0,3,3,1,1,0,0,0,0,1,0,0,3,0,0,3,5,2,0,2,1,0,0,2,0,0,1,0,0,3
0,0,1,0,1,1,0,0,1,0,0,0,0,0,1,0,0,1,1,2,2,1,0,3,0,0,0,3,3,0,0,2,0,0,0,1,0,0,2,0,0,2,1,0,3,0,0,0,3,0,0,3,2,0,0,0,0,0,1,3,1,1,2,0,0,0,3,0,0,1,3,0,1,0,0,0,0,0,0,1,0,1,0,3,1,0,0,0,2,2,1,2,0,1,0,0,2,0,0,0,0,0,0,1,0,0,2,0,0,0,0,0,0,2,0,0,1,0,1,2,3,1,0,1,0,0,5,1,3,3,2,2,0,0,1,0,0,3,2,2,1,0,1,0,0,0,0,0,0,0,0,1,20,213,251,255,215,134,10,0,5,2,0,0,5,4,2,3,0,1,0,1,1,0,0,2,2,0,0,22,166,255,250,253,252,255,170,0,1,2,0,0,0,1,0,0,0,4,0,1,0,3,1,0,0,0,1,71,247,253,133,65,100,192,254,19,1,0,3,0,1,0,0,0,0,4,2,2,0,1,0,0,0,0,0,232,248,172,9,1,0,70,250,101,2,0,0,0,0,0,0,2,2,0,1,5,1,0,0,1,0,1,103,254,255,0,0,0,3,51,253,105,0,5,3,0,2,0,0,5,1,0,0,0,6,0,1,0,0,0,144,255,174,4,2,0,3,95,250,100,1,0,2,1,1,2,0,5,0,0,0,2,5,0,0,0,0,0,204,255,93,0,0,0,42,218,251,41,4,0,0,3,0,4,1,0,0,4,0,1,0,0,0,2,2,43,242,234,29,0,2,42,242,252,212,0,0,3,0,3,0,0,2,4,1,0,0,2,0,3,0,0,3,114,254,232,31,1,0,175,253,255,93,0,1,2,0,0,0,0,0,1,0,0,0,0,2,4,0,0,2,71,251,250,173,19,183,255,253,253,93,3,0,0,0,1,0,0,4,3,2,0,0,0,1,1,0,0,0,0,181,255,254,253,254,251,171,255,253,2,4,2,0,0,0,0,0,3,1,0,2,0,0,0,0,1,1,0,64,214,255,250,252,128,13,133,255,125,2,2,1,0,0,0,1,4,0,1,0,4,1,0,2,1,0,3,0,112,253,252,50,0,2,53,252,203,0,1,0,0,4,0,2,0,4,0,0,0,3,0,1,0,2,0,3,230,252,173,9,0,3,51,252,223,18,0,0,0,1,0,2,0,2,2,0,1,4,2,0,1,3,0,4,253,252,2,6,3,0,56,250,204,0,0,0,1,0,0,0,0,0,0,2,4,3,0,0,0,0,1,43,254,251,5,3,3,0,89,252,159,0,2,2,0,4,0,3,3,0,0,2,0,0,1,1,0,0,1,100,255,253,3,3,10,180,250,235,2,3,0,3,0,2,0,3,2,3,0,2,0,0,0,0,2,0,2,101,255,253,42,45,175,251,216,32,0,0,0,0,0,0,2,0,0,0,1,4,2,0,0,0,0,0,0,38,234,251,250,254,251,173,41,0,1,0,1,0,0,0,0,4,0,0,3,2,1,3,1,2,1,0,0,0,66,250,251,212,91,10,0,0,0,2,0,5,4,3,0,0,0,1,0,0,0,0,0,1,0,1,6,1,1,0,2,1,0,2,3,0,0,0,1,3,0,0,0,0,0,0,0,1,0,0,0,1,0,0,1,0,0,1,0,0,0,0,0,2,0,0,4,0,1,2,1,0,3,1,0,0,0,4,2,0,0,0,3,2,2,5,0,3,1,0,0,0,3,1,0,2,0,2,2,0,0
1,0,4,0,2,0,0,0,0,6,0,1,0,3,0,7,0,5,1,0,1,0,0,1,0,0,0,1,0,3,0,5,1,0,0,1,0,0,4,0,1,0,0,4,1,0,1,3,0,0,1,2,1,0,4,1,0,0,0,0,2,0,3,0,0,0,1,1,4,1,0,2,0,1,0,0,0,2,0,3,0,1,0,0,0,0,2,2,0,3,3,0,0,0,4,0,0,0,3,0,0,0,0,0,1,0,0,0,0,0,1,0,0,0,0,5,2,1,2,0,2,0,0,3,0,0,4,120,140,2,0,0,0,0,0,0,2,0,1,1,0,0,0,4,0,2,0,0,2,2,0,0,0,0,117,254,251,19,2,0,1,0,0,0,0,3,0,0,1,3,0,0,0,0,0,0,0,0,1,1,2,0,207,254,212,11,0,3,0,0,3,0,0,0,0,1,3,0,2,0,1,2,0,0,1,2,2,0,0,0,210,251,223,14,0,0,0,0,0,1,0,1,0,0,0,0,0,0,1,0,0,0,0,2,0,2,2,0,213,250,253,21,4,0,2,0,1,2,0,3,0,4,1,0,0,0,1,0,4,2,0,2,2,1,1,0,211,249,204,5,3,0,0,0,2,0,0,0,0,0,0,0,0,0,0,0,0,3,0,2,0,0,5,51,242,249,127,0,1,0,2,0,0,1,3,0,7,1,0,0,0,0,1,1,0,2,2,3,2,2,1,76,254,255,64,2,0,5,3,0,2,5,5,1,1,2,0,5,0,1,1,0,2,3,4,1,0,0,0,170,248,255,62,3,1,0,1,4,0,0,1,0,3,0,3,1,1,0,1,2,0,1,0,1,0,0,0,168,251,219,11,0,1,0,0,1,0,1,0,1,0,1,0,3,0,0,1,0,3,2,0,0,0,0,2,169,254,213,0,1,0,0,3,1,3,0,3,1,0,2,0,2,0,0,2,0,1,0,0,1,0,0,6,194,250,209,0,0,0,0,3,1,0,4,2,0,0,0,0,3,0,3,3,0,3,0,0,0,3,2,10,218,255,211,0,0,1,0,0,0,0,0,0,2,3,1,0,0,8,0,0,2,0,0,3,0,1,2,21,250,251,216,2,0,0,0,2,0,0,4,1,0,0,1,0,0,0,0,2,0,2,0,4,0,0,0,24,254,247,212,0,1,0,0,1,0,0,0,0,0,4,0,0,0,2,0,1,0,0,0,0,6,2,0,20,251,251,217,1,3,0,1,3,1,2,0,0,5,1,0,0,0,0,0,0,1,4,1,0,0,0,2,20,249,254,212,0,0,0,0,0,0,1,3,0,0,0,0,0,0,0,0,0,0,0,0,4,0,0,0,20,253,254,210,0,0,1,3,0,0,4,1,0,0,0,2,2,0,0,0,1,0,3,0,0,2,0,0,13,234,250,210,1,5,0,1,2,0,0,1,2,0,1,0,0,0,0,3,0,5,0,0,2,2,0,1,0,171,255,128,0,0,0,2,0,1,3,0,0,0,4,0,1,0,0,1,3,0,0,0,0,5,0,2,0,2,0,1,0,0,0,0,0,0,0,0,0,0,1,0,0,0,2,0,2,2,0,0,0,0,0,0,3,0,3,3,0,1,2,0,0,0,0,0,0,0,0,4,0,0,1,0,0,0,3,0,1,0,2,0,0,1,1,0,0,3,0,6,0,4,0,5,0,0,0,6,0,0,0,2,0,4,1,0,1,2,0,0,0,2,2,0,0,1,3,0,1,3,0,0,0,0,3,2
0,1,0,5,0,0,2,2,3,1,2,1,0,0,0,0,1,1,0,2,2,0,0,1,0,0,0,0,3,3,0,0,0,0,0,2,0,0,2,4,0,0,0,0,2,0,0,1,0,4,0,0,0,3,0,1,4,0,0,2,0,0,3,1,0,0,2,3,0,0,0,0,0,3,2,1,0,0,0,1,0,3,3,2,1,1,0,1,3,0,0,1,0,2,1,0,0,0,0,0,0,0,0,0,1,0,3,2,0,0,0,0,0,0,1,1,0,0,1,0,0,0,0,0,0,74,54,77,240,159,4,3,1,2,0,0,0,1,5,0,0,1,0,0,2,2,0,0,0,0,2,5,49,199,255,255,255,253,116,5,2,0,0,1,0,3,3,1,3,0,0,0,0,1,0,0,0,51,96,251,253,255,252,255,227,232,242,78,0,4,0,0,0,4,0,0,0,0,0,0,0,0,0,2,123,250,232,255,255,233,151,35,19,176,255,175,0,0,4,0,2,0,1,0,0,2,0,2,0,0,3,18,233,255,254,255,160,3,0,2,18,254,249,85,1,0,0,1,0,0,0,1,5,0,0,4,0,0,0,5,205,252,251,255,162,0,0,0,31,224,233,0,0,0,1,1,0,3,1,1,0,6,0,0,5,0,2,1,114,211,255,250,253,5,3,117,246,255,162,0,0,1,0,0,0,2,0,1,0,0,0,0,0,2,0,0,3,58,217,255,251,180,26,171,252,189,3,1,1,0,4,0,0,1,3,0,0,4,0,0,0,1,1,0,3,1,78,174,252,255,210,255,250,103,0,0,3,0,0,0,3,2,2,1,2,3,0,3,0,1,0,0,0,0,0,16,143,253,254,254,178,2,0,0,1,5,0,1,2,1,0,0,0,4,0,0,0,5,3,0,0,0,0,4,5,250,252,255,142,1,0,1,2,0,0,1,0,2,1,0,0,1,1,0,2,0,0,0,3,1,5,11,206,255,254,253,244,20,0,0,0,3,0,3,0,0,0,0,0,0,1,0,1,3,0,7,3,0,6,133,254,248,242,208,255,170,0,0,0,1,3,0,2,0,0,2,0,3,0,1,0,0,0,0,0,10,129,250,253,238,38,17,195,230,49,4,0,0,0,0,0,0,0,1,0,0,0,1,3,2,1,2,7,170,252,251,255,68,1,0,108,255,177,0,1,0,0,5,0,0,2,3,6,1,0,0,5,1,0,0,75,254,255,244,96,7,0,0,4,195,233,23,0,3,0,3,2,2,0,0,1,0,0,2,0,0,0,0,115,255,250,220,33,3,0,2,0,81,253,88,0,0,0,0,0,0,3,0,2,1,1,2,0,0,0,5,20,234,255,255,255,192,189,187,192,213,253,175,2,4,0,0,1,0,2,0,4,5,0,1,2,0,2,1,1,173,254,255,253,255,255,255,252,252,255,176,0,0,0,4,0,0,1,0,0,0,3,0,0,0,0,0,5,93,254,255,253,255,255,254,255,228,155,65,1,1,0,3,0,0,0,0,1,0,1,1,0,0,0,0,0,0,3,0,0,0,0,0,0,1,0,0,0,0,0,0,0,0,0,0,3,0,0,2,2,1,0,0,0,4,3,0,0,2,0,0,0,0,2,3,2,0,2,0,1,3,1,0,2,0,0,2,1,1,0,0,1,0,0,5,1,0,1,1,0,3,1,0,0,0,0,1,0,2,0,1,0,1,0,0,0,0,3,1,0,4,0,0,0,0,1,0,0,0,0,1,0,0,2,0,2,0,1,2
2,4,0,0,0,3,0,0,1,4,1,3,0,2,0,0,0,0,0,0,3,0,1,4,0,0,2,0,0,4,0,0,1,4,2,0,2,0,0,0,0,0,0,0,0,0,4,1,1,0,1,0,2,0,0,0,0,0,0,0,1,0,0,0,0,0,0,0,0,0,1,0,3,1,4,0,0,0,2,0,2,0,3,3,0,0,3,0,0,2,2,4,2,0,0,0,0,1,0,0,0,0,0,0,0,0,0,2,0,0,0,0,4,1,0,0,0,0,0,0,0,1,0,3,0,4,0,0,4,2,2,0,0,3,3,0,3,0,0,0,0,1,0,0,0,0,0,0,0,0,0,1,0,0,184,255,111,1,0,1,0,1,0,0,1,2,1,0,0,0,4,0,0,5,0,0,1,3,1,1,0,10,242,255,109,0,0,0,3,0,5,2,0,1,0,1,0,0,1,2,6,0,0,0,0,3,0,0,0,41,241,252,106,0,2,0,0,0,0,3,0,0,0,0,0,1,0,0,0,0,2,2,0,0,3,0,3,4,244,251,109,3,0,3,0,0,2,1,2,1,0,0,2,1,0,0,0,2,0,0,0,0,2,0,3,55,247,250,107,1,1,1,0,0,0,4,4,0,0,0,0,2,3,0,0,2,0,1,0,0,2,2,0,0,242,253,110,3,2,1,3,0,3,2,1,0,0,2,0,0,0,0,2,4,0,1,0,2,0,0,0,0,244,255,107,0,3,0,1,0,4,1,1,1,2,0,0,1,0,2,0,0,0,1,0,1,2,3,0,0,238,250,108,2,0,2,0,4,1,0,0,0,0,2,4,3,0,0,0,1,1,2,7,0,2,0,0,98,249,251,106,0,2,0,0,0,3,0,0,0,0,3,2,2,4,3,0,2,0,0,0,4,1,0,1,108,250,245,6,0,1,1,0,0,0,1,2,2,0,2,0,2,0,0,1,0,0,0,1,4,0,1,0,108,254,241,0,0,1,1,0,1,0,2,1,1,3,0,0,1,2,4,0,3,0,5,0,0,0,0,0,105,253,241,0,2,0,1,3,1,0,4,4,4,1,0,0,0,2,4,3,0,0,0,2,1,1,0,2,108,246,240,0,0,0,0,0,0,0,0,3,0,0,4,0,0,0,0,0,0,3,0,0,2,1,2,0,108,253,240,2,1,6,0,3,0,3,0,0,3,1,0,0,0,0,0,0,4,0,0,0,3,0,0,1,109,252,152,0,0,0,0,1,0,0,2,0,0,0,0,1,1,0,0,4,0,1,0,0,2,2,0,0,116,252,125,1,3,0,0,4,0,0,2,2,2,1,0,0,0,3,1,0,0,0,7,1,2,0,2,1,207,254,125,2,3,0,3,0,2,0,5,0,5,0,0,0,0,2,0,0,0,0,1,1,0,1,3,1,227,254,163,0,0,0,0,1,0,0,0,0,1,3,0,1,0,0,0,0,0,0,0,2,0,0,1,0,225,251,242,0,0,0,4,0,2,2,0,0,1,0,0,0,2,2,2,0,3,0,3,0,3,0,0,3,114,255,127,2,5,0,2,3,0,0,0,0,0,0,3,2,5,2,3,0,0,0,0,0,0,3,1,0,4,2,0,0,0,2,1,0,0,0,0,1,4,1,3,0,0,0,0,1,4,0,0,0,0,5,0,0,0,0,0,1,1,1,3,0,0,1,5,0,0,0,0,4,0,2,2,0,0,0,0,1,5,0,4,0,0,0,0,1,2,2,0,0,0,6,0,0,0,3,0
0,0,1,3,0,1,5,3,0,0,1,0,4,1,2,0,0,1,0,0,2,0,0,0,0,0,2,0,0,0,0,0,1,0,0,0,3,0,0,0,1,0,0,0,1,3,1,1,1,1,0,1,0,0,5,0,0,4,0,0,2,1,0,0,3,0,0,0,0,0,4,0,1,3,0,1,0,1,0,2,0,0,0,4,0,0,0,1,0,0,0,0,4,1,0,0,1,0,0,0,0,1,2,0,1,0,2,4,0,0,0,1,1,0,1,1,0,0,0,0,2,1,0,29,32,113,144,205,253,250,184,11,0,0,1,4,3,0,4,0,2,0,0,2,1,0,2,0,3,0,132,245,252,250,250,248,248,249,255,166,1,2,0,3,0,0,0,0,0,4,0,0,2,3,0,0,3,47,243,252,249,255,255,238,154,155,162,189,2,2,1,0,3,2,0,2,2,1,5,0,0,0,7,3,2,164,253,250,243,148,24,5,0,0,2,9,0,2,0,0,2,2,1,3,0,0,0,1,2,6,2,0,0,159,250,250,35,0,0,0,0,0,0,9,10,0,1,0,1,0,0,0,0,2,0,2,2,2,0,1,0,168,255,250,117,0,0,0,0,1,60,208,138,0,1,0,0,0,0,4,0,3,0,0,0,0,2,0,0,112,245,253,252,113,0,0,6,146,238,249,61,1,0,0,1,0,0,0,0,0,0,0,0,2,2,2,0,0,34,198,253,249,121,60,222,247,254,179,0,0,2,0,0,1,0,0,0,1,1,1,3,3,2,2,4,0,2,9,188,254,251,252,249,251,153,18,0,0,0,0,0,0,1,2,0,1,0,0,0,0,0,0,0,4,0,3,26,219,250,255,252,209,21,2,0,0,1,1,2,0,1,0,5,0,1,0,3,0,0,0,0,6,0,79,214,251,251,254,253,213,16,0,0,2,0,0,0,0,3,0,0,0,0,0,2,0,2,0,0,1,59,246,252,252,249,139,233,252,153,1,0,0,2,3,4,1,0,0,0,0,4,2,0,0,0,0,0,1,88,249,252,255,156,0,32,213,239,33,0,0,0,0,1,0,1,0,0,0,2,0,1,1,2,0,0,0,144,255,252,216,19,0,5,96,252,201,3,0,0,4,3,0,0,0,3,0,0,1,2,0,0,0,0,1,198,253,250,105,0,0,3,2,219,251,54,0,2,2,0,0,0,2,0,0,0,1,0,2,2,1,0,4,199,251,240,41,0,0,0,2,174,250,138,0,0,0,3,2,0,0,0,3,0,0,4,0,2,0,0,1,96,252,224,38,10,14,9,148,248,254,158,2,7,2,0,0,0,0,0,0,0,1,0,0,1,1,1,0,36,238,254,224,240,255,253,255,254,221,19,0,4,0,1,3,1,4,0,1,0,0,0,1,0,0,0,0,2,148,255,255,253,253,253,255,211,86,0,2,3,3,1,0,0,0,0,2,2,3,2,6,0,0,1,1,2,64,49,175,249,252,224,141,20,0,0,0,1,1,0,0,0,0,0,0,1,3,0,1,3,0,0,1,3,0,0,0,0,0,2,0,0,0,1,0,0,4,6,1,1,1,2,2,0,0,3,0,0,1,0,0,2,0,2,0,1,0,5,1,2,0,1,0,4,2,1,4,0,2,1,1,0,1,2,0,0,0,0,1,0,0,0,0,1,3,4,4,1,0,4,2,3,0,1,0,2,0,1,0,1,0,3,4,3,1,0,0,0,0,0,0,1,3,3,0,0,0,2,0,2,0,0,0,0,5
1,1,0,4,2,0,0,0,0,2,0,2,0,0,0,2,0,0,0,1,3,0,1,0,0,0,0,0,7,3,0,1,1,1,0,0,0,0,2,0,4,2,5,1,1,0,0,0,0,2,0,1,3,0,0,0,1,3,0,0,0,1,0,0,0,1,2,1,4,0,0,0,2,0,0,0,2,1,0,1,0,1,0,0,0,2,0,0,0,2,3,0,6,2,1,0,3,0,0,4,0,0,0,1,0,2,3,0,0,0,0,1,3,0,4,0,6,0,0,0,2,1,0,1,0,1,0,0,0,5,3,1,1,2,3,0,1,1,0,0,1,0,2,5,2,0,0,1,0,1,2,2,0,0,0,4,2,50,127,203,215,61,1,3,1,0,0,0,0,1,3,1,1,2,0,0,0,0,1,2,2,5,13,98,220,245,254,241,158,11,0,5,0,0,0,4,3,0,3,0,0,0,0,4,0,0,0,0,38,144,216,249,255,254,196,41,1,6,0,0,1,0,4,0,1,0,3,3,0,0,0,0,0,1,0,124,246,252,255,253,155,33,7,2,0,0,2,1,1,0,0,0,0,1,3,1,0,1,0,2,0,0,3,255,255,250,234,117,0,0,2,1,2,0,1,4,0,1,0,0,0,0,1,0,1,0,1,0,0,0,24,255,250,234,54,1,0,0,0,5,4,0,0,0,1,0,0,1,2,0,2,1,0,0,0,1,0,3,96,253,255,128,2,2,5,1,1,0,0,0,0,3,1,2,4,0,0,0,0,2,0,3,0,0,0,5,98,255,238,23,0,1,3,0,0,0,0,2,1,0,0,4,0,2,1,0,1,1,3,0,3,0,0,3,136,254,156,1,1,1,4,0,4,0,0,3,5,0,0,0,0,0,3,0,1,2,2,1,0,0,0,1,58,255,243,30,1,0,0,0,0,2,2,0,1,3,0,1,0,3,0,3,0,0,6,0,0,0,0,0,0,155,255,224,56,3,0,0,6,0,0,1,0,0,0,3,2,0,0,3,2,1,0,0,0,0,0,0,1,45,228,255,246,142,3,4,0,1,0,1,4,0,2,0,0,0,0,2,3,0,0,2,0,0,2,0,7,0,44,227,253,251,174,85,2,2,0,0,0,0,1,0,0,0,1,4,0,1,0,0,0,1,0,0,0,2,0,43,94,225,239,250,91,0,0,0,0,0,2,1,0,1,4,0,2,0,0,1,0,0,0,0,3,0,0,3,1,27,82,253,208,6,0,1,0,0,0,0,0,1,2,0,1,0,2,0,0,4,0,1,0,0,2,2,5,0,218,252,204,8,1,0,0,2,0,0,0,2,1,0,1,1,4,0,0,3,2,0,2,0,0,0,0,136,250,252,89,0,0,1,3,0,4,3,2,1,0,0,0,0,1,1,0,3,0,0,0,4,0,24,141,255,253,241,25,2,1,0,0,0,0,0,0,2,5,1,2,2,1,0,0,0,0,0,0,220,232,240,255,254,227,51,0,1,1,1,0,3,0,0,3,1,3,1,1,2,4,0,0,0,0,2,5,59,197,255,235,195,24,4,0,0,2,0,0,0,2,0,3,0,0,2,2,0,3,0,4,1,0,0,0,2,0,0,0,0,4,2,0,0,0,0,0,1,0,0,0,2,0,2,2,2,2,0,0,0,6,1,0,2,1,0,3,0,0,2,2,2,3,0,0,0,0,2,0,0,0,1,0,0,4,3,1,0,0,3,0,0,0,0,0,3,0,0,1,0,0,2,5,0,0,0,2,0
0,3,0,2,0,0,3,0,1,0,1,0,0,2,0,2,4,0,0,2,1,0,0,0,1,0,0,2,0,0,0,0,2,2,0,0,0,3,2,0,0,3,0,0,3,0,3,0,0,0,0,0,1,0,0,0,0,0,1,0,0,1,4,0,0,2,0,0,2,0,0,1,3,0,0,0,0,0,2,3,1,0,0,0,1,0,0,0,0,0,0,0,0,0,0,0,0,2,0,2,0,0,0,0,0,1,0,0,1,0,0,0,0,1,1,4,2,1,2,0,1,0,1,66,195,252,255,255,255,255,125,62,3,2,0,0,1,0,1,0,0,0,4,0,0,0,1,3,0,0,191,255,247,252,255,127,65,131,255,255,130,0,1,1,0,2,2,1,0,0,0,0,0,0,2,0,0,192,254,255,255,255,189,4,0,3,129,255,253,192,0,2,4,0,2,0,1,3,1,1,0,3,0,0,67,252,255,191,130,133,62,0,1,1,0,255,255,255,64,0,1,2,2,1,4,1,0,0,0,0,0,3,190,255,253,131,1,0,0,3,0,0,0,64,255,254,255,63,0,0,1,1,0,2,2,0,0,0,1,189,255,253,255,1,2,0,3,0,1,2,0,2,131,255,255,129,4,2,1,0,0,1,1,6,2,2,4,255,251,252,66,0,0,0,0,0,2,1,1,0,58,253,255,191,0,0,3,1,2,1,4,0,0,0,195,254,254,255,1,0,0,0,5,0,4,2,0,1,1,129,255,253,1,2,0,0,0,0,0,0,0,62,255,255,252,64,0,2,0,5,0,0,0,6,0,0,2,62,250,255,125,0,4,0,0,0,2,0,0,127,253,255,124,0,0,1,0,0,0,0,0,2,1,3,1,60,249,252,126,5,0,0,2,1,2,4,0,255,255,255,63,0,0,1,0,1,0,0,1,3,0,0,0,195,255,252,64,0,0,1,0,0,0,0,0,255,254,253,2,0,0,0,0,0,0,0,0,0,2,1,128,255,255,128,3,0,0,0,0,3,0,0,2,255,255,127,0,0,0,0,0,0,0,1,0,1,1,124,254,255,191,0,0,1,3,0,2,0,3,0,4,254,255,189,0,4,3,2,7,2,3,0,0,0,126,253,254,254,64,1,0,0,4,0,2,0,0,4,0,251,255,255,3,0,4,0,0,4,0,3,0,191,252,255,252,252,1,0,7,2,0,3,0,3,0,4,0,255,255,255,126,0,0,0,0,0,0,66,251,254,253,255,192,3,0,1,0,1,2,0,0,2,2,2,0,129,252,254,254,129,2,4,61,127,186,255,252,255,255,68,1,0,0,2,2,2,1,4,0,0,0,2,2,66,192,255,255,255,255,255,255,253,255,252,253,190,0,3,0,0,0,1,0,2,5,0,0,0,3,0,3,0,2,190,255,252,253,252,254,255,253,190,7,4,3,2,1,1,4,3,1,1,0,1,0,1,3,2,0,0,1,1,62,251,255,252,250,255,62,0,0,3,1,1,0,0,0,2,0,5,0,0,0,0,1,2,0,1,2,0,0,2,1,0,2,0,0,0,0,0,1,1,0,0,0,5,2,0,2,0,0,0,0,2,0,0,1,0,3,0,0,0,0,0,0,1,2,0,0,0,0,1,0,0,0,1,0,0,0,1,0,0,1,0,0,0,1,2,0,0,0,0,0,1,0,0,2,0,1,2,0,0,0,0,0,3,0,0,0,0,1,0,4,3,2,1,0,0,2,2,0,5,0,3,0,0,0,4,0,0,5,0,0,0
1,0,0,2,1,0,0,0,0,3,0,1,1,1,0,0,0,1,0,3,1,6,0,2,1,0,1,0,0,0,0,3,2,0,0,0,1,0,4,0,0,0,0,0,0,0,2,0,0,0,0,0,1,1,0,0,0,2,0,1,1,1,0,0,0,0,4,0,2,0,0,1,1,0,0,2,2,0,1,2,4,0,0,0,0,0,3,1,0,0,4,0,0,1,0,4,0,0,4,0,0,2,0,0,0,5,0,0,0,2,0,1,0,1,0,2,3,0,0,0,0,0,1,13,95,100,93,153,253,178,77,0,0,5,2,3,5,2,2,1,1,0,0,0,5,0,1,3,1,0,17,154,215,177,161,159,181,235,235,88,0,0,0,0,0,2,1,0,3,0,0,3,0,3,0,0,0,0,47,108,1,0,0,0,1,125,248,255,0,3,0,0,1,1,0,2,0,0,1,0,2,2,1,0,2,0,0,3,2,0,0,0,1,16,227,255,38,0,1,0,0,1,0,4,2,0,0,3,0,0,0,0,2,0,1,1,0,2,4,1,3,79,232,249,57,0,0,0,3,0,1,0,0,4,0,3,2,4,0,0,2,0,2,0,0,0,2,0,0,128,255,193,0,0,2,0,8,0,0,0,0,0,0,0,2,2,0,0,6,135,190,192,189,54,8,14,55,217,252,93,0,0,0,0,0,0,1,0,0,0,0,1,0,5,2,2,33,124,124,218,254,251,174,176,251,250,219,48,3,0,0,0,4,0,0,0,0,0,0,5,0,6,0,0,2,0,0,40,189,201,247,250,250,252,50,0,0,0,1,0,0,0,0,2,2,0,0,0,0,1,0,0,0,0,2,1,2,160,252,251,253,250,125,1,0,2,0,0,0,0,0,0,0,1,0,0,0,0,0,1,1,2,0,31,253,253,255,162,168,250,253,93,0,3,0,0,0,0,4,0,0,0,0,0,0,1,0,0,3,0,90,198,251,182,67,0,10,155,249,92,0,0,1,0,0,0,5,0,1,1,5,0,1,4,0,0,1,1,250,254,185,17,0,0,1,123,253,168,0,1,0,0,0,4,0,0,0,2,0,0,0,2,0,4,1,143,255,229,16,1,2,0,1,128,249,114,5,3,0,0,4,2,1,1,2,0,1,3,0,0,0,0,3,157,254,118,3,0,0,0,20,201,247,98,0,0,0,0,4,0,1,4,0,1,2,0,2,0,2,0,24,198,255,65,0,4,0,38,116,251,230,61,0,0,3,2,0,0,5,0,0,0,0,0,1,2,3,0,16,179,249,77,0,19,20,216,248,234,64,0,1,1,3,1,0,0,0,1,0,0,0,1,2,0,0,0,1,155,255,237,126,205,203,253,253,122,4,0,4,0,1,0,3,0,4,0,0,5,0,2,1,0,0,3,1,119,253,251,252,251,251,229,67,19,1,0,0,1,0,0,1,2,0,0,0,1,0,1,0,3,0,0,0,0,97,93,174,211,96,59,1,0,4,0,0,0,2,6,0,0,1,1,0,3,0,0,0,0,0,0,0,4,0,1,0,0,3,4,0,2,4,1,0,3,2,1,1,1,0,0,1,3,3,2,0,2,1,0,2,0,1,0,2,0,2,2,0,0,0,0,3,0,0,0,0,1,0,0,0,3,0,0,0,0,0,2,0,2,3,3,1,0,0,0,0,0,0,3,1,3,1,0,0,2,0,0,0,4,0,0,2,0,0,0,0,2,0,0,0,0,3,0,2,1,4,2,0,4,0,1,0,0,4,1
2,3,0,0,0,0,0,3,0,1,2,1,3,5,0,1,0,3,0,0,2,4,1,0,0,2,4,0,0,2,1,1,0,0,0,2,0,0,0,0,2,0,3,2,2,2,0,1,0,0,1,0,0,0,3,0,0,0,0,0,2,0,0,0,1,0,0,2,0,0,0,2,3,5,0,0,1,0,1,0,1,1,0,4,2,0,0,1,0,0,0,0,0,1,0,1,0,0,1,0,1,0,0,2,1,2,0,0,0,3,0,0,2,2,2,2,0,2,0,0,1,0,3,0,0,4,0,0,0,0,0,1,0,0,3,3,0,0,0,1,0,1,0,0,1,0,0,0,2,0,4,0,0,1,22,135,253,211,115,1,0,0,0,2,0,0,2,0,2,0,0,2,0,0,2,0,0,3,0,1,0,35,255,254,251,243,148,0,0,0,1,4,0,3,0,0,3,0,0,0,1,0,0,1,2,0,0,1,111,214,253,239,113,38,0,0,0,0,1,0,0,0,0,2,1,3,2,0,0,2,0,0,0,0,0,133,250,249,176,30,0,0,0,0,2,0,0,0,1,0,2,0,3,0,2,0,0,0,0,0,1,2,127,250,252,155,1,0,0,0,5,0,0,0,0,0,0,0,0,1,1,2,2,0,5,0,0,7,0,70,232,253,104,5,2,1,0,0,135,223,75,1,0,1,6,0,0,0,0,0,0,5,3,3,0,0,73,206,254,124,7,0,0,2,2,93,247,255,117,0,0,2,0,4,3,2,0,0,4,2,4,0,0,32,229,250,189,11,0,1,0,0,36,250,252,255,106,0,3,0,1,0,1,0,0,0,0,0,2,0,0,129,252,195,22,4,0,0,0,36,216,251,251,244,29,0,0,2,6,2,1,0,3,3,1,0,1,0,0,192,253,109,0,0,1,0,89,243,253,252,255,164,0,0,1,0,0,0,1,0,0,3,3,3,2,1,1,217,255,52,0,1,0,91,255,251,247,252,255,98,4,0,0,1,0,0,0,0,2,0,0,1,2,3,1,140,252,72,34,95,157,246,244,167,224,253,184,4,0,0,0,0,0,0,0,0,1,4,0,0,1,1,3,47,234,242,255,255,249,209,60,109,250,254,55,0,0,3,0,4,1,1,5,0,1,3,0,2,0,4,2,0,46,216,221,125,92,4,7,215,253,197,6,0,0,0,1,2,0,2,2,0,0,1,1,0,0,0,0,0,0,8,5,1,3,0,40,253,255,139,0,1,0,0,0,0,3,0,0,0,0,0,1,0,0,1,0,0,0,4,0,0,0,0,99,253,238,23,0,0,1,0,3,2,3,3,0,4,1,1,0,1,0,0,0,4,0,0,0,2,0,5,128,254,158,1,0,2,0,0,0,2,0,0,1,0,3,0,0,0,2,0,0,0,0,2,1,3,0,3,136,235,24,0,0,4,0,1,0,2,1,0,0,0,0,0,0,1,1,0,0,0,0,0,0,1,0,0,98,222,0,0,0,0,0,0,3,0,1,2,0,5,1,3,2,0,0,0,1,0,1,0,0,0,2,3,45,255,140,1,2,0,0,0,0,1,0,2,3,0,0,0,0,0,3,3,0,0,3,0,0,2,0,0,1,1,0,0,0,0,0,0,2,1,0,4,0,0,1,0,0,0,0,0,0,2,0,0,0,5,0,0,1,0,3,0,3,0,0,0,1,0,0,0,1,0,1,3,0,3,1,2,5,0,2,1,0,0,0,3,0,4,0,0,2,1,1,0,0,0,2,1,0,3
2,7,2,2,1,0,0,0,1,1,0,0,4,0,0,0,0,1,0,0,3,1,0,0,0,0,4,0,3,5,0,1,0,1,0,0,0,4,0,0,1,4,3,0,0,2,3,0,0,0,0,0,0,0,6,0,5,2,0,1,4,0,0,0,0,1,1,0,0,0,0,0,0,3,0,1,0,2,0,0,6,0,0,3,1,0,0,3,0,0,1,1,0,0,1,0,0,0,0,0,0,1,0,0,3,3,2,1,0,2,0,0,0,2,0,0,0,0,0,2,45,120,122,220,255,254,247,120,125,67,0,0,0,2,2,0,0,3,1,0,3,2,0,0,0,0,0,5,219,252,255,255,254,253,251,253,252,245,81,4,0,0,0,0,0,0,0,0,0,0,3,3,3,0,4,93,251,254,254,255,253,251,253,251,253,250,240,33,2,3,0,2,0,4,0,0,0,3,2,0,1,0,0,108,253,255,249,253,251,255,250,255,255,253,254,82,0,2,0,0,3,1,0,0,0,1,0,0,3,3,2,26,233,234,187,157,50,54,128,184,255,250,255,137,0,0,3,0,0,2,4,0,3,2,2,0,0,1,2,0,62,46,3,0,5,5,7,124,255,253,252,38,0,1,0,3,0,2,1,2,0,3,0,0,0,0,1,0,0,4,5,0,0,0,107,255,255,255,238,34,1,4,0,1,4,0,3,4,2,2,4,4,0,0,0,0,3,0,0,0,0,14,217,255,252,251,78,2,0,0,0,3,0,0,1,0,0,1,1,0,0,0,0,0,0,0,1,0,4,112,254,252,253,188,9,0,3,2,0,0,0,0,1,3,0,0,1,4,0,0,0,0,0,1,3,1,44,253,250,252,255,73,1,1,0,0,2,3,0,0,0,1,0,0,0,1,4,2,0,1,0,0,1,29,213,246,253,254,134,0,0,0,1,2,0,0,2,0,1,0,2,0,0,0,0,0,0,3,5,7,33,206,252,251,255,196,6,0,1,0,1,0,0,3,0,6,0,0,3,0,0,0,0,0,0,4,0,28,204,251,253,252,191,11,5,0,0,0,3,0,0,0,1,0,2,0,0,2,0,0,0,0,0,0,0,81,252,254,251,242,74,0,1,0,1,27,81,108,124,31,0,0,1,2,0,2,1,0,0,1,0,0,114,215,253,251,245,97,3,0,0,64,113,218,251,255,252,202,1,5,0,0,0,0,2,3,0,2,0,0,227,252,252,253,244,190,184,187,189,252,255,253,255,251,193,62,2,1,8,0,1,3,0,0,0,0,0,2,225,254,251,250,254,255,255,254,255,253,254,243,214,114,30,0,0,0,0,0,0,0,0,0,1,0,4,1,227,251,253,251,250,249,250,250,255,255,181,64,1,0,0,0,0,0,1,0,0,0,0,0,0,0,0,0,230,253,253,252,254,253,255,254,243,117,11,0,2,1,0,0,0,2,1,1,0,0,1,0,1,2,0,0,155,250,251,253,250,255,173,120,0,0,4,0,0,0,0,0,2,0,2,0,0,0,2,1,1,2,2,1,0,2,2,2,0,1,0,1,0,7,0,0,2,0,0,0,2,2,0,1,0,2,4,2,0,0,0,0,0,1,0,2,0,1,2,0,0,0,2,3,0,0,0,3,2,4,4,1,0,0,0,0,0,0,0,0,0,2,0,0,0,0,0,4,2,0,0,2,0,0,0,0,0,2,0,2,0,0,0,0,0,2,1,2,0,0,0,1,0,2,0,2,0,2,0,0,1,2,0,2,0,0,0,0
3,3,0,0,3,0,0,1,0,0,1,4,2,0,0,0,0,0,0,0,1,2,0,0,1,0,0,2,0,0,0,0,0,2,1,1,3,0,0,4,0,0,3,1,0,1,4,0,0,1,3,0,0,0,0,0,3,3,0,5,3,0,2,2,4,0,2,0,0,1,0,0,7,0,0,0,0,0,2,0,0,0,2,2,5,4,0,1,1,0,0,0,0,3,3,2,0,0,0,0,0,2,0,1,0,1,1,0,4,0,0,1,0,1,0,2,0,1,0,0,1,0,0,0,3,0,0,0,1,2,0,0,1,0,5,0,0,4,2,1,0,0,0,2,2,0,0,0,2,5,199,253,253,226,157,158,95,64,34,0,0,0,4,2,2,1,4,0,1,2,0,0,3,0,3,0,1,69,254,255,255,253,255,250,254,249,242,83,3,0,0,0,1,0,0,2,2,2,0,2,0,0,3,0,3,120,251,253,251,254,253,255,253,252,255,234,16,0,0,1,0,3,0,0,0,4,2,2,6,4,0,0,0,123,254,181,5,5,93,102,133,122,197,215,119,1,0,0,0,0,0,0,0,6,0,2,2,0,0,0,0,201,252,58,0,2,0,2,2,0,1,7,18,0,2,0,3,0,0,2,1,5,1,0,0,0,3,0,0,217,195,5,0,0,0,2,0,2,1,0,1,6,1,0,2,0,0,1,1,1,1,0,4,0,2,1,0,214,169,0,1,0,1,0,0,0,1,0,4,2,0,2,1,1,1,4,0,0,3,0,0,0,0,0,0,215,173,19,22,51,29,28,54,7,1,1,0,1,0,2,2,0,4,0,2,0,2,0,2,0,0,2,5,185,249,239,236,244,254,249,254,211,130,0,2,0,0,0,0,2,0,0,0,0,0,0,1,0,0,0,0,99,255,255,253,255,255,248,255,255,254,213,47,4,0,0,0,0,0,4,2,3,2,0,0,1,0,0,4,6,181,242,231,182,50,52,83,188,203,248,215,4,0,0,0,0,0,0,0,0,0,0,5,2,0,3,0,1,2,0,2,0,0,1,2,0,0,79,214,124,0,0,0,1,0,3,4,0,1,0,4,0,0,1,0,0,0,3,0,3,0,0,1,1,2,0,98,240,1,0,2,2,2,0,1,0,1,0,0,0,1,1,0,0,0,0,0,0,0,0,2,3,1,0,135,249,0,1,0,0,1,0,0,1,2,0,1,0,0,0,0,0,2,0,4,4,2,0,0,0,0,3,164,249,2,3,0,1,0,0,0,4,0,2,0,0,0,80,214,34,0,0,2,0,0,1,0,2,19,94,250,251,0,2,0,0,1,0,3,0,0,0,0,1,3,91,253,224,163,105,93,4,3,13,103,153,219,252,252,173,1,2,0,0,3,0,0,0,0,0,0,0,1,35,226,255,252,251,255,255,254,218,253,255,255,253,212,2,5,0,0,0,1,1,0,0,0,0,1,0,2,0,15,74,155,215,240,254,255,254,251,152,34,96,25,0,1,0,0,3,0,1,4,0,2,0,0,0,0,2,4,0,0,0,36,224,216,255,124,5,0,0,0,0,2,2,5,0,3,2,0,2,0,0,0,2,1,3,1,5,0,2,3,0,0,0,0,1,2,0,0,0,0,0,0,0,1,2,0,0,3,0,0,0,0,0,0,0,0,0,0,0,1,6,0,2,2,0,0,2,0,0,0,0,2,5,0,1,1,0,0,2,0,0,1,1,1,3,2,0,0,1,1,1,1,0,0,5,0,3,0,0,1,1
0,0,0,0,3,0,0,2,3,0,0,0,0,0,0,0,1,2,0,0,3,0,1,4,0,0,0,4,2,0,0,0,2,3,4,2,4,0,0,0,0,4,0,0,0,0,0,2,0,0,0,0,1,2,0,1,0,1,1,0,0,2,3,0,0,0,4,3,0,2,0,4,0,0,0,0,0,3,0,0,0,2,0,7,0,1,1,0,0,2,0,0,1,0,0,0,5,2,0,0,0,4,0,4,0,0,0,0,0,6,0,0,0,2,3,0,0,2,0,2,0,2,0,0,1,0,0,0,1,2,5,0,1,0,1,1,1,0,2,3,0,0,0,3,0,0,4,0,0,0,0,0,41,223,241,47,0,1,2,1,0,0,2,2,0,2,0,1,0,0,2,0,1,1,0,0,0,0,0,32,218,251,254,240,83,85,85,77,0,0,3,0,0,1,2,0,0,0,0,0,0,0,0,1,2,1,0,144,253,251,245,251,252,250,250,246,198,136,36,0,2,0,2,0,0,0,0,0,0,3,3,4,2,3,104,255,254,255,250,252,250,254,253,255,251,253,223,51,0,2,5,2,1,1,0,2,0,0,0,0,0,27,253,255,255,253,253,252,251,251,250,234,190,255,254,226,47,1,1,1,0,0,1,0,0,0,1,0,0,29,252,253,252,198,0,0,0,1,0,0,1,191,254,252,225,0,1,2,0,0,0,2,0,3,1,0,20,183,253,251,225,52,0,0,1,1,0,1,0,12,226,253,222,0,0,0,3,0,1,0,2,0,2,0,91,252,250,255,55,0,0,0,2,5,2,1,0,0,228,254,222,0,1,0,0,0,0,1,1,2,0,1,194,252,255,178,10,1,0,0,0,0,1,0,4,77,242,248,228,0,2,4,0,0,4,0,1,1,0,1,196,252,250,140,0,0,0,3,0,0,2,0,4,111,251,249,144,0,0,0,0,1,0,1,1,0,1,91,250,255,188,3,0,0,1,0,0,0,0,0,67,255,253,232,41,1,1,2,0,0,0,2,0,0,0,210,251,254,116,0,0,1,0,0,0,0,0,27,237,251,227,53,1,0,0,0,0,0,4,0,0,3,87,243,251,231,24,0,3,1,2,3,0,0,46,160,255,231,53,2,0,0,0,1,0,0,0,1,0,3,112,255,248,224,2,0,0,0,0,0,3,13,205,253,251,125,4,0,0,0,0,2,0,0,0,0,4,2,119,252,248,224,0,0,0,0,2,0,59,180,252,250,172,0,0,0,3,2,6,0,0,1,0,0,0,0,114,253,254,226,0,0,0,1,9,116,255,253,253,158,0,0,0,0,3,0,0,1,0,0,5,2,0,0,75,240,252,233,81,51,75,89,185,253,255,222,136,7,0,4,0,5,3,0,3,0,0,0,1,0,1,0,3,228,250,254,255,232,245,251,251,252,227,50,0,0,1,4,0,4,1,3,0,1,1,5,2,0,0,4,1,120,243,248,251,252,252,252,249,142,49,0,0,2,0,0,0,0,1,0,0,0,0,2,0,2,2,0,0,0,90,205,255,251,255,143,99,4,3,1,0,0,0,2,0,0,1,0,0,0,4,1,0,0,0,3,0,0,0,0,0,7,0,0,0,2,1,0,1,0,0,1,2,0,0,4,0,0,1,0,0,0,2,0,0,1,0,4,0,1,0,0,0,3,0,1,0,0,0,4,0,0,0,0,1,0,0,0,0,4,0,0,1,0,0,2,0,0,0,4,0,0,0,0,0,1,1,0,1,1,0,0,0,2
0,1,0,0,0,0,0,0,0,0,0,0,0,0,0,2,0,0,5,0,0,0,1,0,0,0,1,1,1,0,0,0,1,2,1,0,5,0,0,0,0,0,2,0,0,0,2,0,0,0,0,1,0,0,0,0,0,1,0,1,0,0,0,0,0,0,1,1,1,1,0,0,0,1,5,0,3,0,2,2,0,2,0,0,0,0,3,0,0,0,0,1,0,0,1,0,1,2,1,1,0,0,4,0,5,0,0,0,0,0,0,0,0,0,2,0,2,1,0,5,0,7,2,2,127,166,1,2,2,2,0,0,0,0,1,0,0,0,2,1,3,0,2,2,0,0,2,0,1,4,1,5,207,212,0,1,0,1,1,1,1,4,2,0,0,2,0,0,0,1,0,0,0,0,0,0,0,1,0,0,189,205,0,0,0,0,0,0,4,0,3,1,1,2,0,1,0,4,0,0,0,5,3,0,0,3,0,0,220,221,11,0,3,2,0,2,4,0,0,3,0,1,2,2,3,0,1,1,2,0,1,0,0,4,0,0,152,250,70,0,0,2,1,0,3,3,0,0,4,1,4,2,1,1,2,0,1,0,0,2,0,0,0,4,95,255,115,1,3,0,0,0,0,0,0,2,0,1,0,0,0,3,1,1,0,2,5,0,2,0,0,1,29,253,175,2,2,5,0,0,0,0,0,0,2,0,0,0,0,0,0,1,0,3,0,0,1,3,0,0,19,255,179,2,1,0,0,0,1,3,0,1,0,0,0,0,0,0,0,3,1,0,0,1,0,1,0,0,13,245,218,0,3,2,3,0,0,2,2,0,1,0,0,4,0,1,0,1,0,1,0,2,0,1,0,0,2,148,254,71,0,2,0,0,0,4,0,0,0,0,0,1,0,3,0,1,0,2,0,0,0,0,0,0,0,91,253,103,3,0,0,3,1,2,0,0,3,1,1,2,5,1,0,0,1,0,3,0,0,4,2,0,0,45,254,166,1,1,5,6,4,1,4,0,0,2,0,3,0,0,2,3,0,0,4,0,1,0,0,0,2,3,199,255,67,0,3,0,1,0,2,0,0,0,0,1,0,1,4,2,3,1,0,4,2,0,0,0,2,0,96,255,130,0,6,1,0,4,0,0,0,2,0,0,0,2,2,1,1,0,3,0,0,2,0,0,0,2,10,236,252,33,0,0,1,1,2,0,4,0,3,0,3,0,0,2,0,0,0,1,1,0,0,2,0,0,4,129,255,91,0,1,0,0,1,1,0,0,0,0,0,3,0,0,0,0,3,0,0,0,0,0,0,0,0,108,255,132,0,0,0,3,0,3,0,0,2,3,0,0,4,0,0,0,0,0,4,0,0,0,0,1,0,31,252,238,1,0,2,0,0,1,1,0,0,1,2,1,0,0,1,3,0,1,5,1,0,4,2,2,5,7,214,227,0,0,0,6,2,0,0,1,0,0,1,0,0,0,0,0,0,0,3,1,0,2,0,0,0,24,242,141,2,0,1,0,2,0,1,2,0,0,0,0,0,1,0,6,0,0,2,0,1,5,0,0,1,2,2,1,2,2,4,0,2,2,0,0,5,0,0,3,0,1,0,0,2,4,0,2,0,0,0,0,0,0,7,0,0,0,2,1,0,1,2,0,3,0,0,3,1,2,0,0,2,0,0,1,0,0,1,0,0,1,3,0,4,0,0,0,1,0,0,0,4,1,0,0,2,0,0,1,0,4,0,0,0,1,0,0,0,1,4,3,0,0,0,0,0,0,0,0,0,0
0,1,3,0,0,0,0,3,1,3,5,0,0,2,0,2,0,0,0,0,0,1,0,1,0,2,1,1,0,0,0,1,0,0,0,0,0,0,1,0,1,0,0,0,1,2,2,2,0,0,1,1,1,0,0,0,0,5,0,1,2,2,4,1,1,1,4,0,1,1,3,0,0,0,0,0,1,2,1,1,1,0,0,0,0,0,2,3,0,2,2,0,0,1,0,0,0,0,1,3,0,3,2,0,0,0,0,1,0,1,3,4,0,0,1,0,2,2,0,0,0,3,2,0,0,1,0,0,3,0,1,1,3,0,0,0,0,0,0,0,1,1,0,2,0,1,0,3,0,0,0,0,3,0,0,0,96,255,152,4,0,1,0,0,0,0,0,0,0,0,0,6,2,0,3,0,0,0,1,0,0,1,0,28,255,251,255,88,0,2,0,3,0,0,0,4,0,0,0,2,0,0,1,2,0,2,0,0,0,0,2,136,251,249,253,195,0,0,0,1,2,0,0,0,5,2,0,1,1,0,3,1,0,0,0,0,0,0,23,217,253,253,252,198,3,2,0,1,0,3,0,3,4,0,1,2,0,0,0,6,0,2,0,0,1,0,98,255,250,252,251,107,2,0,1,0,0,5,0,4,2,2,0,1,0,0,0,0,1,1,0,2,0,89,194,255,252,250,218,17,2,0,1,0,0,0,0,0,0,0,2,0,0,0,4,2,3,0,3,5,1,208,255,254,252,253,201,0,1,0,0,0,0,2,2,0,1,0,0,1,4,3,4,2,1,0,0,0,84,249,254,255,252,253,98,4,2,0,0,2,0,0,0,2,1,2,0,0,1,0,3,0,5,1,2,0,93,208,250,248,207,235,46,0,0,0,0,0,2,0,0,0,0,2,3,0,0,0,3,0,1,0,0,2,52,235,250,250,238,56,0,0,2,0,0,0,0,0,0,1,2,0,0,2,0,0,0,0,0,2,1,0,57,246,252,254,230,0,0,0,0,1,0,3,1,5,1,0,0,0,0,1,0,1,3,0,1,1,0,53,241,251,253,249,146,1,0,0,3,0,3,0,0,1,0,0,0,0,0,0,3,2,0,0,0,0,7,207,249,250,255,244,3,0,0,0,3,0,0,0,1,0,4,2,1,0,0,0,0,0,0,0,0,0,153,250,249,254,253,158,0,0,0,1,0,3,1,1,0,0,2,2,2,0,0,1,1,3,0,0,0,1,193,253,249,248,255,32,0,3,0,0,0,1,0,0,0,0,0,2,2,0,3,1,2,0,0,2,0,3,192,254,248,220,158,1,0,0,0,0,0,1,0,1,0,0,1,0,6,0,0,2,0,1,3,0,0,2,191,251,253,105,120,0,3,0,0,2,0,1,1,1,2,0,0,0,0,1,1,3,5,2,0,1,2,1,119,234,251,221,128,0,1,0,4,0,0,1,2,1,0,0,1,0,0,1,0,0,0,3,0,0,0,1,0,154,248,252,129,0,0,3,1,0,0,0,1,0,0,1,0,0,0,0,0,0,0,4,1,0,0,0,1,3,115,185,64,4,0,1,0,1,2,0,4,0,1,0,0,0,0,0,3,0,2,1,0,0,1,4,0,0,0,4,2,0,0,0,0,4,0,2,2,2,0,0,0,1,0,0,1,0,0,0,4,0,0,0,4,0,0,0,2,0,0,0,0,1,4,2,0,1,0,3,2,3,0,3,1,0,2,0,0,2,3,2,2,0,2,2,2,1,1,1,0,4,0,1,1,4,0,2,1,0
4,0,2,0,2,0,0,0,1,0,0,3,2,0,2,1,0,3,5,0,0,0,1,3,0,0,0,0,0,0,3,0,0,1,0,0,0,0,1,0,0,5,2,0,6,0,2,0,0,4,2,0,0,3,3,0,0,1,2,1,0,0,0,4,0,0,0,1,0,0,0,0,0,1,0,0,0,3,0,0,0,0,0,2,0,0,0,0,1,0,0,0,0,0,0,2,0,0,1,1,2,1,3,0,5,0,1,0,0,3,0,3,1,0,3,0,0,1,1,1,1,9,183,68,0,0,3,0,6,1,1,1,1,0,1,0,2,0,1,0,0,0,0,1,2,0,0,1,0,67,249,235,44,0,4,2,0,0,0,0,0,0,3,0,0,1,3,0,2,1,0,0,0,4,0,4,0,0,231,248,105,0,0,0,0,3,4,0,1,2,0,0,0,0,2,0,4,1,0,1,1,1,0,4,0,0,70,250,247,91,0,0,0,0,0,0,3,1,0,4,0,3,0,2,0,0,0,2,0,0,4,1,0,0,7,249,255,211,0,0,0,2,0,0,5,0,5,5,0,0,0,0,3,0,0,0,2,2,2,0,3,0,9,180,252,250,89,4,0,2,2,1,1,0,0,1,0,0,0,0,0,4,3,1,1,1,0,0,1,0,1,54,252,254,164,0,0,1,1,3,0,0,0,0,2,0,0,2,0,0,1,0,1,0,0,0,4,0,1,0,189,255,217,0,1,2,0,2,0,0,0,0,0,0,0,4,0,0,0,0,0,0,2,2,1,1,2,1,186,248,245,56,2,0,0,1,0,0,0,2,0,0,1,0,0,0,3,1,0,0,0,4,0,2,0,1,91,251,255,171,0,1,2,4,2,0,2,0,1,0,0,0,0,0,0,1,1,1,4,0,0,3,1,0,0,160,255,253,105,0,0,0,0,0,0,2,0,0,3,1,0,1,0,0,3,0,0,0,0,0,4,1,0,32,254,248,153,2,1,0,0,0,0,3,1,3,1,0,0,1,0,0,0,0,0,0,3,0,0,2,2,0,252,251,153,3,1,0,1,0,0,0,1,2,3,0,0,0,0,1,3,0,0,4,0,0,2,1,0,0,137,251,249,11,3,0,0,0,2,1,0,1,1,0,3,3,0,0,0,0,0,0,0,0,0,2,0,5,36,252,253,79,3,0,3,0,4,0,1,0,4,2,0,0,2,1,0,1,0,1,0,0,0,1,0,1,36,251,254,122,2,1,0,0,0,0,0,0,0,0,0,0,0,3,0,0,1,0,0,0,0,1,0,0,4,180,251,221,0,0,1,5,0,0,4,0,0,0,0,1,0,0,1,3,1,0,0,0,0,3,3,0,0,175,250,232,0,1,0,0,3,0,0,0,0,0,0,1,0,0,0,2,0,2,3,1,1,2,3,0,0,80,239,248,68,0,0,0,0,3,0,5,1,0,0,0,0,3,0,2,3,2,0,0,0,0,1,2,1,3,162,195,51,0,4,0,3,3,0,0,1,0,2,0,0,0,0,0,5,0,1,0,0,3,0,3,2,0,1,0,0,0,2,0,3,0,3,0,0,5,2,2,0,0,0,3,3,0,7,1,5,2,0,0,1,0,0,0,0,2,0,2,1,4,0,0,0,3,1,0,0,2,0,1,0,0,0,0,1,0,1,1,0,0,0,0,0,0,5,1,1,2,1,1,0,3,0,0,4,2,2,0,1,1,2,3,3,2,1,0,2,2,0,0,0,1,0,0,0,0,1,6,0,1
0,2,0,5,1,0,2,1,2,0,0,0,0,0,0,0,0,0,4,0,3,0,0,0,3,4,0,0,0,3,3,2,0,0,0,2,0,1,0,0,0,1,3,0,4,0,3,5,2,0,2,0,3,0,0,0,5,0,0,0,1,0,0,2,0,0,2,2,2,0,0,0,1,1,0,2,0,1,2,4,0,1,0,0,0,1,0,1,1,0,0,0,3,3,2,2,1,0,1,0,3,0,2,0,1,3,0,2,0,1,0,0,3,1,0,1,0,0,1,2,3,1,0,2,5,0,4,1,0,31,104,228,255,164,8,2,1,2,0,0,0,0,0,1,0,0,0,0,1,0,2,0,1,0,0,0,97,252,254,255,254,240,129,1,2,1,2,0,0,0,0,0,3,1,0,0,2,0,1,2,0,0,1,146,246,250,253,251,251,136,94,4,0,0,0,0,0,1,0,1,0,1,2,0,1,2,0,0,0,0,196,248,255,173,143,231,255,234,42,0,3,0,0,0,0,2,0,4,0,0,0,2,1,0,3,2,15,155,255,252,167,4,3,1,159,249,192,9,1,1,3,0,0,0,2,0,0,0,2,0,0,0,0,20,139,255,250,110,6,0,0,0,32,251,255,31,0,0,0,0,3,3,0,4,3,0,0,0,0,0,3,151,254,254,69,9,1,0,4,0,9,210,250,35,0,0,2,0,1,0,5,1,0,3,0,0,0,0,146,250,241,162,1,0,3,0,0,0,32,248,241,23,2,4,0,3,0,3,6,0,4,2,0,1,5,100,251,252,143,0,0,0,7,0,1,1,120,255,175,1,2,0,0,0,1,2,0,1,2,0,3,1,48,247,250,186,36,0,0,2,2,0,1,0,172,236,51,0,0,0,2,0,1,3,0,0,0,0,0,32,217,255,249,85,0,0,0,0,0,1,4,159,255,195,1,1,0,5,0,4,0,0,4,0,0,0,0,161,255,252,86,1,3,2,0,0,0,5,152,255,245,27,5,0,0,3,0,0,0,1,0,2,4,1,130,253,253,134,1,2,1,0,0,1,0,67,252,255,108,0,0,0,0,0,3,0,2,0,0,0,1,31,235,249,197,5,0,0,0,0,0,14,109,249,250,105,1,0,0,1,0,3,0,0,0,0,1,0,0,137,251,248,107,1,0,0,4,0,56,195,253,243,66,0,0,0,2,0,0,0,0,0,0,0,3,3,11,204,255,191,0,0,0,3,2,126,255,255,253,104,0,0,2,2,0,0,0,2,1,0,1,0,0,1,32,252,255,118,4,0,67,123,203,252,254,167,91,1,1,3,0,1,3,2,0,4,0,2,0,0,2,1,36,255,251,203,157,155,245,255,254,233,100,33,0,0,3,0,0,3,2,1,1,0,1,0,1,1,0,0,23,230,253,253,249,254,251,240,142,38,0,0,0,0,0,0,0,0,2,3,0,3,2,0,0,0,3,0,0,24,219,251,250,252,145,27,1,1,2,1,3,0,1,0,0,0,5,0,0,0,3,1,0,0,3,1,1,0,0,0,0,1,5,0,0,1,2,0,0,0,0,1,0,1,2,0,1,0,2,0,6,0,0,1,1,0,0,0,0,1,3,2,0,0,2,1,2,0,0,0,1,2,0,0,2,1,2,4,0,0,1,1,3,0,1,0,1,1,0,0,0,0,0,0,0,2,0,1,0,2,0,0,0,0,0,2,4,0,5,2,0,5,1,0,2,0,2,1,0,0,0,0,0,1,0,2,0,0,2,1,0,0,6,0
3,0,1,0,0,0,1,1,0,0,1,0,1,0,5,0,0,0,0,2,0,0,0,0,0,0,1,3,0,1,1,2,2,0,0,2,0,1,2,1,6,1,0,0,5,0,0,0,2,2,0,0,2,0,2,0,1,2,0,0,0,1,2,0,0,0,4,0,0,2,0,2,0,0,0,1,0,0,5,0,0,3,0,0,2,0,0,0,0,3,4,0,1,2,1,0,0,0,0,3,0,1,0,0,2,3,0,0,2,5,1,4,0,4,1,0,0,0,0,0,0,3,0,2,0,0,0,3,2,0,0,0,0,0,5,1,0,0,0,0,2,0,1,7,0,3,0,0,0,0,0,2,0,0,1,0,0,0,0,0,1,1,0,1,0,0,2,0,0,4,0,0,0,6,0,19,106,227,252,255,255,173,78,0,0,0,0,1,0,2,0,0,3,0,3,0,2,0,1,0,1,1,10,189,255,251,185,143,101,184,242,80,0,0,3,0,0,0,0,0,0,0,4,2,0,0,0,0,0,1,114,251,225,152,6,0,0,0,166,245,79,0,0,0,0,0,0,0,0,1,0,0,0,0,0,0,0,3,222,253,37,0,0,3,0,4,12,169,215,22,3,1,2,4,1,2,0,1,2,0,1,0,4,0,2,3,220,250,91,0,0,2,1,1,0,39,226,198,0,0,2,0,1,2,0,1,0,0,0,4,2,0,2,5,79,243,231,50,0,1,0,3,0,0,80,229,5,0,0,0,1,2,5,0,3,0,0,0,3,0,0,0,0,120,250,229,78,4,2,0,41,179,49,232,105,1,0,0,0,1,0,0,0,0,1,1,0,4,1,1,2,0,76,245,249,162,39,1,62,253,138,133,247,23,2,0,0,3,0,1,1,3,2,0,0,0,0,0,2,0,0,43,168,252,239,191,132,254,188,44,250,19,3,0,0,0,0,0,0,0,1,2,0,3,0,2,4,2,0,0,0,43,202,225,250,251,255,171,255,79,0,1,1,0,0,1,3,0,0,1,0,0,2,2,0,0,0,3,0,0,2,23,50,180,254,135,255,117,0,0,1,0,3,0,1,0,0,3,1,4,3,1,0,0,1,0,1,2,0,0,0,117,252,40,209,183,0,0,4,1,0,3,2,0,3,1,0,1,1,2,3,1,0,0,0,0,3,2,1,113,252,29,184,134,0,4,1,1,1,3,1,1,2,0,0,0,4,0,0,0,0,3,4,0,4,6,0,114,255,30,177,123,0,0,0,0,0,0,1,2,1,0,0,0,0,0,0,4,1,5,0,0,0,0,0,116,253,56,244,120,3,0,0,2,2,0,0,2,0,3,0,0,0,1,4,3,0,0,0,2,1,0,3,114,255,87,255,47,0,1,3,0,3,2,1,2,2,7,3,0,0,2,0,1,0,1,0,5,3,0,0,113,252,206,253,19,2,0,0,0,0,1,1,1,0,7,1,0,0,0,0,0,0,2,3,0,1,0,0,116,250,252,225,14,2,4,0,0,0,3,0,0,0,2,2,0,1,1,0,0,3,0,2,0,1,0,0,116,255,238,35,4,3,3,4,3,0,0,0,0,0,3,2,1,2,0,2,5,0,5,0,2,4,0,0,74,220,148,0,3,1,2,0,0,0,0,3,2,0,0,0,5,3,0,0,2,0,0,0,0,0,0,0,3,0,2,1,0,1,1,2,2,0,1,0,1,1,0,5,0,2,1,0,0,2,2,0,2,0,2,0,0,0,2,0,0,0,0,1,0,2,0,5,0
2,1,2,1,3,0,0,1,2,1,0,0,1,2,2,0,1,0,0,0,3,0,3,0,0,5,3,0,0,4,2,2,0,0,0,2,0,1,0,5,0,0,0,0,0,1,0,0,0,0,4,0,0,2,0,0,2,0,0,0,2,0,0,2,0,1,1,0,1,1,0,2,0,0,0,0,1,0,0,0,0,2,0,1,3,3,1,0,4,2,1,0,3,0,0,1,1,0,1,0,0,0,0,0,1,0,3,0,0,0,0,2,0,0,3,1,1,5,1,1,0,0,2,0,0,1,0,0,2,0,1,1,0,1,1,0,3,0,1,3,0,0,2,0,1,0,1,0,0,13,13,94,219,252,255,244,64,16,0,0,0,3,0,0,0,0,0,1,2,4,1,1,1,0,0,0,2,137,214,251,254,252,253,251,249,195,12,2,1,0,0,0,0,0,0,2,0,0,1,1,2,3,1,0,26,237,251,250,254,194,181,252,252,255,197,44,0,0,0,0,0,1,0,0,1,4,0,0,6,0,1,0,188,250,163,250,253,42,0,47,116,225,253,234,95,0,0,0,0,0,0,2,2,0,0,3,3,2,0,0,208,250,140,249,189,3,3,0,0,50,234,255,117,0,0,0,0,0,0,2,0,1,0,0,0,0,1,0,0,117,255,251,125,0,2,0,0,0,85,250,242,46,3,0,0,0,0,0,2,2,1,2,0,0,1,0,0,119,251,245,59,3,0,2,0,0,2,230,253,166,0,0,0,0,1,1,0,0,0,1,0,0,0,0,96,215,249,97,0,2,0,0,2,1,0,200,255,208,0,2,0,0,0,0,4,2,3,0,0,2,4,1,210,252,231,0,4,1,0,0,0,2,0,112,253,237,60,0,0,3,3,3,4,0,0,0,0,0,1,1,211,253,229,0,0,0,0,0,0,0,0,169,253,232,38,1,0,0,0,4,0,0,0,0,0,1,0,37,230,240,49,0,0,0,2,0,2,2,3,232,255,211,3,0,0,2,1,0,0,0,1,1,0,0,2,71,253,135,0,0,0,0,2,2,0,0,2,227,255,181,2,1,0,0,0,1,0,0,0,3,2,0,3,70,251,105,0,2,1,2,0,0,1,5,102,244,245,65,0,3,0,1,1,0,0,1,2,4,1,0,0,109,249,21,4,0,0,0,2,5,3,55,242,254,137,0,3,2,0,0,0,0,0,0,5,0,0,0,0,131,211,10,0,0,0,2,1,0,24,208,253,253,64,1,3,1,1,0,1,1,0,1,0,2,0,0,0,73,255,88,0,0,0,3,0,13,172,254,254,79,3,0,0,0,1,0,5,2,1,1,0,4,0,4,0,121,251,208,25,17,2,81,108,213,250,255,190,7,3,0,0,3,1,2,0,0,0,4,0,3,1,0,3,72,254,253,222,207,184,239,254,255,243,150,49,0,5,2,0,1,0,1,1,0,0,0,0,1,4,0,0,10,209,252,253,253,252,210,241,207,78,0,0,5,1,0,0,0,0,3,3,2,0,4,0,0,0,0,0,0,19,178,253,253,169,85,138,12,0,0,0,0,0,0,0,0,1,4,0,1,0,0,3,1,0,1,0,3,0,0,0,0,0,3,0,1,0,4,0,4,2,0,0,1,2,1,0,1,0,1,0,1,0,6,0,0,0,0,1,1,0,0,3,0,4,3,0,4,0,2,0,0,0,2,2,2,0,0,1,1,0,2,1,1,0,0,0,0,0,0,1,0,0,2,1,0,0,0,0,0,0,0,2,0
0,0,2,0,3,0,0,0,0,0,0,1,3,0,0,3,0,4,0,0,0,1,0,1,0,0,0,2,0,3,3,1,2,0,1,1,0,1,0,0,0,0,0,0,3,1,0,0,2,2,0,0,0,0,0,1,0,0,1,0,2,1,0,0,1,0,2,0,0,0,0,5,0,1,0,0,0,0,0,0,0,2,0,0,0,0,0,1,1,2,0,3,0,0,2,1,1,0,0,5,0,0,0,1,0,0,0,0,1,0,1,2,0,0,0,2,0,2,1,0,0,0,1,0,0,1,0,0,1,0,0,0,4,0,0,2,0,0,0,5,1,0,0,0,2,0,1,0,0,2,0,2,2,0,0,0,2,1,0,0,0,3,2,0,0,0,0,3,0,4,0,0,0,0,1,0,115,199,255,253,208,66,0,0,2,1,0,4,0,0,5,0,0,0,0,1,0,0,0,0,6,0,2,157,226,132,29,84,218,157,0,0,0,3,0,1,3,0,3,1,2,2,0,5,0,0,0,0,1,0,13,253,40,0,3,1,119,236,1,0,0,0,2,0,0,0,0,2,0,0,0,1,0,0,3,3,0,0,6,231,16,0,1,0,27,253,62,0,0,0,1,0,0,0,0,0,2,2,0,1,0,1,0,0,0,0,0,42,11,1,2,3,30,251,97,0,0,0,2,0,0,0,0,2,0,0,0,0,0,0,0,0,3,0,2,6,2,3,0,0,39,255,96,1,0,3,3,0,3,2,3,0,0,0,0,0,3,2,1,2,2,1,1,5,0,0,1,4,128,253,63,0,0,0,0,0,0,1,2,0,2,0,3,2,1,0,0,5,0,2,0,0,2,0,0,0,142,195,0,1,1,0,0,2,3,2,2,0,0,5,0,0,5,0,1,1,0,0,0,0,1,0,0,39,236,112,6,0,4,1,0,3,6,0,0,0,0,0,0,1,0,0,0,0,0,1,0,3,0,3,0,184,251,206,187,170,57,0,3,0,1,0,0,3,1,3,0,0,0,0,0,2,2,4,0,2,2,3,3,241,220,186,189,200,255,227,13,0,0,1,0,0,4,0,0,0,1,0,2,0,1,0,1,4,2,0,0,29,16,0,0,6,29,150,209,52,4,2,0,3,0,0,0,0,3,4,0,1,1,0,0,0,0,0,2,1,0,1,1,0,2,1,126,243,30,0,4,4,1,0,0,1,0,0,1,0,0,0,0,2,0,2,0,0,0,0,2,0,0,2,3,211,138,0,3,0,3,0,1,3,0,0,0,0,0,2,0,0,4,2,2,0,0,0,0,2,0,1,0,119,249,13,0,0,0,2,0,0,0,0,0,3,1,0,4,0,2,0,0,1,0,0,0,0,1,0,0,41,255,5,3,2,0,0,0,0,2,2,0,2,0,0,1,0,2,0,1,3,0,0,3,0,2,0,0,19,255,10,0,1,0,5,1,2,1,0,0,0,2,2,0,2,0,2,2,1,4,0,1,0,1,1,3,96,255,9,0,1,0,1,0,0,0,1,0,0,0,3,0,0,1,0,2,0,1,0,1,1,4,0,6,215,136,2,0,3,0,0,0,0,0,0,0,0,2,2,0,2,1,1,0,0,2,0,4,1,3,28,160,249,50,2,1,0,1,1,3,0,1,0,0,0,0,2,0,0,1,6,5,0,0,0,2,0,0,1,2,0,4,0,1,6,6,3,0,2,3,2,0,1,0,0,0,0,2,2,0,0,0,0,0,0,0,2,1,0,0,0,1,0,3,0,0,0
1,0,0,0,1,1,4,0,0,0,0,1,0,0,0,2,4,0,1,0,0,0,0,0,0,0,2,1,0,0,0,0,0,0,0,0,0,0,1,2,1,2,3,0,0,3,1,0,0,0,0,0,0,6,1,0,0,0,4,0,3,0,2,0,2,3,0,3,0,1,0,0,0,0,4,0,0,1,0,2,0,1,0,2,1,0,0,0,0,2,0,1,0,0,0,2,1,0,2,0,2,3,0,1,1,1,1,1,0,1,0,0,2,3,0,0,0,0,0,0,2,0,1,0,3,131,218,11,0,1,2,5,0,0,1,5,0,1,2,0,0,1,1,0,2,0,3,0,7,1,0,0,17,253,252,128,0,4,2,0,0,0,0,0,0,0,3,2,1,0,0,4,0,0,1,0,1,0,5,0,19,254,254,250,80,0,3,0,1,2,0,0,0,0,0,2,0,2,4,7,0,0,3,1,0,0,2,2,124,253,252,253,83,3,0,1,0,1,0,2,0,1,0,1,0,0,1,0,0,0,3,0,0,1,0,0,127,255,255,251,91,0,2,0,0,2,0,1,0,2,1,0,0,1,0,2,0,1,2,0,0,0,0,2,124,255,255,255,88,1,0,1,0,0,0,3,1,0,0,0,0,0,0,0,0,1,0,0,3,3,1,1,145,255,253,255,83,1,0,0,0,0,3,0,0,3,3,3,0,0,0,1,0,0,0,0,2,2,0,0,237,254,254,253,86,1,0,0,3,0,0,0,2,0,0,6,1,3,0,3,0,1,1,0,0,0,0,0,232,255,255,244,43,0,0,0,0,0,0,2,1,0,0,0,0,1,0,0,5,2,0,2,0,0,0,0,234,255,255,231,3,0,0,1,0,0,1,1,4,0,1,3,1,0,3,0,0,2,0,0,0,1,1,70,247,255,255,235,1,0,0,1,0,0,3,1,2,0,0,0,1,5,0,0,3,0,0,0,2,3,0,90,254,255,255,234,1,1,0,0,0,0,0,0,0,3,1,2,0,2,0,2,1,0,0,0,0,0,0,90,253,255,255,232,0,1,3,0,0,3,0,0,0,1,3,1,0,0,0,2,0,2,0,3,0,0,1,86,252,254,255,233,3,1,0,1,0,0,1,2,0,0,0,0,3,0,0,0,0,2,0,0,5,0,0,92,255,255,255,233,0,1,0,4,1,3,1,3,0,0,2,2,0,0,0,0,2,1,0,1,0,3,1,90,255,255,255,234,0,2,2,0,2,3,0,3,0,1,0,0,0,1,6,4,0,0,3,0,2,1,0,86,251,255,254,234,0,1,3,3,0,4,1,1,0,0,0,0,4,0,6,3,0,2,0,0,0,1,0,86,253,255,252,234,0,1,2,0,1,1,0,0,2,0,0,0,3,2,1,2,0,0,0,0,3,0,0,66,251,255,254,201,3,0,1,1,3,0,0,0,0,1,0,0,0,0,0,2,0,0,0,0,4,3,1,0,184,208,36,16,3,1,0,0,4,0,0,2,0,0,1,0,6,0,3,3,4,1,0,2,0,2,2,0,2,5,0,0,0,0,2,0,7,0,0,0,0,0,2,0,2,0,3,4,2,1,2,0,2,2,3,1,1,0,2,0,1,0,0,5,2,1,0,0,3,0,0,0,1,0,1,1,3,2,0,0,0,1,0,2,0,0,0,0,0,0,4,0,0,0,0,1,0,1,4,2,2,2,0,2,0,1,2,0,6,0,0,2,1,0,0,0,6,0,0,3,2,4,0,2,5,3,0,1
0,2,0,0,0,4,0,0,3,0,0,0,0,0,0,2,0,0,1,0,0,0,0,0,0,0,1,0,0,2,0,0,0,0,0,2,0,0,0,0,0,0,0,1,5,0,0,0,2,0,0,1,4,1,0,0,2,0,1,2,0,0,1,0,2,1,1,2,1,3,2,3,4,1,0,2,1,0,0,0,0,3,1,0,0,0,5,0,1,1,1,0,0,4,1,0,0,0,0,5,0,1,190,254,189,2,3,0,0,3,0,0,2,0,0,0,0,1,0,2,0,0,2,0,3,2,0,3,61,193,255,254,250,0,3,0,0,0,0,0,0,0,1,1,0,2,0,1,0,0,4,0,0,2,0,126,255,255,255,255,253,0,0,0,0,3,0,1,0,2,0,0,6,0,1,2,1,0,0,0,0,0,188,254,255,252,255,63,4,0,0,0,1,0,0,1,0,3,2,2,0,2,0,1,0,0,3,2,0,192,255,254,255,254,2,0,5,1,0,0,2,1,0,3,0,0,0,0,0,0,4,4,2,0,5,0,195,255,255,255,189,0,0,0,0,0,3,2,0,0,1,4,1,0,3,0,0,0,0,0,1,0,1,62,253,254,255,190,58,0,0,0,0,1,0,2,1,0,0,0,0,3,0,0,2,2,0,0,3,0,1,195,255,253,251,1,1,1,1,4,0,0,0,0,1,4,2,2,0,4,0,0,0,0,0,2,0,0,130,255,255,255,67,0,0,1,1,0,0,0,0,0,0,0,0,0,3,0,4,3,0,0,3,0,0,63,250,255,254,131,0,0,0,1,3,0,1,0,0,0,1,0,5,2,0,0,4,1,0,0,0,2,0,255,254,255,255,0,1,3,2,0,1,0,2,2,0,0,0,1,0,0,0,3,0,0,0,0,1,0,0,253,254,255,65,192,252,255,254,255,1,2,0,0,2,0,2,4,0,0,3,0,0,0,0,1,0,0,60,255,253,252,255,255,253,255,255,252,188,0,0,0,1,1,0,5,5,0,0,0,0,0,1,0,1,1,124,251,255,255,252,255,253,255,191,254,255,67,0,0,2,0,0,1,0,1,0,1,0,0,2,0,6,4,128,251,253,255,254,255,192,0,190,255,255,130,0,0,1,0,0,1,2,0,0,0,2,1,1,0,1,0,125,254,250,254,252,131,0,192,255,255,255,0,0,2,1,0,0,1,0,0,1,6,0,0,0,2,2,0,1,255,255,255,255,128,253,253,255,254,61,2,2,2,0,1,0,0,0,1,0,2,3,3,4,0,4,0,0,255,255,254,251,255,255,255,255,124,0,0,0,0,1,0,0,3,0,0,0,0,0,0,0,0,0,0,2,64,255,255,255,254,255,252,61,2,0,0,0,3,1,0,0,2,0,1,0,2,0,0,0,0,0,0,2,0,59,128,253,253,192,1,1,0,0,2,2,0,4,0,0,2,3,0,0,3,1,0,0,0,1,0,0,0,0,1,1,0,1,0,0,5,0,0,2,0,0,1,0,0,2,0,4,0,4,3,1,1,1,0,1,4,0,3,0,0,0,0,0,0,0,0,0,0,0,0,2,0,0,2,0,2,0,0,1,1,3,2,2,3,2,0,1,2,0,0,0,0,0,0,0,0,1,4,0,2,2,1,2,0,0,0,4,1,0,0,0,0,0,1,0,0,0,0,2,2,1,0,0,1,0,2,0,0,3,0,3,0,0,0,0,1,0,1,0,1,0,1,0,0,0,0,1,2,1,0,0,4,3,0,0,1,0,0
0,0,4,0,0,1,0,2,0,2,1,0,1,0,0,0,1,0,5,0,4,0,0,0,0,3,0,1,0,6,4,1,2,0,1,0,0,3,0,0,2,0,0,3,2,1,0,0,1,4,0,0,0,0,2,3,7,0,1,0,0,0,2,0,0,2,0,0,5,0,0,0,3,0,0,1,0,2,4,0,1,5,0,0,0,0,0,1,0,1,0,0,1,0,0,4,1,0,3,0,0,0,5,1,0,3,2,1,1,0,0,1,2,3,0,1,0,2,0,5,0,0,0,0,0,0,0,0,0,0,0,3,1,0,2,1,0,0,2,2,1,0,9,3,1,0,0,3,0,0,1,1,0,0,0,0,0,0,0,2,0,0,0,1,2,0,4,0,0,0,0,0,0,0,0,0,1,0,4,80,200,156,15,0,0,0,2,3,7,0,0,0,2,0,0,0,0,0,1,0,0,0,0,0,0,0,86,255,231,42,0,0,2,0,43,220,192,0,0,1,0,0,0,0,1,0,0,0,0,0,1,0,1,4,198,255,188,4,0,0,0,2,175,254,95,0,0,2,0,4,0,1,0,0,0,0,0,0,0,2,4,17,254,255,131,0,0,3,0,53,253,230,10,0,2,0,0,0,0,0,0,0,0,0,0,0,0,0,0,61,252,240,30,0,0,0,0,95,252,181,3,0,0,0,0,0,0,0,2,0,2,0,0,0,2,2,0,116,251,212,2,0,3,0,40,252,255,98,0,0,0,0,1,1,1,0,0,5,0,0,0,0,3,4,2,189,255,148,0,0,0,0,62,255,252,26,0,2,0,0,0,5,2,0,1,0,0,1,0,0,0,0,2,187,255,232,6,2,1,0,135,252,229,16,0,0,2,1,3,0,4,0,0,0,0,0,2,0,0,0,3,109,255,253,163,3,2,6,151,253,199,0,0,0,3,2,3,0,1,1,0,0,1,2,0,3,0,1,3,11,210,255,243,212,208,217,253,255,126,0,0,0,2,0,2,0,0,0,0,0,1,0,2,4,0,1,0,1,27,164,231,255,252,252,254,251,43,0,0,2,0,0,0,0,1,0,1,1,0,2,1,4,0,0,1,0,0,0,24,48,51,102,255,226,14,7,2,0,1,0,0,0,0,0,0,0,0,0,0,0,0,0,0,0,0,0,0,3,0,47,255,203,0,0,2,0,1,0,2,5,4,0,1,2,0,2,0,1,0,0,3,0,0,4,3,0,1,94,254,198,4,1,4,0,0,0,3,0,0,0,2,0,0,0,0,3,0,2,2,0,1,0,3,0,0,131,253,151,0,0,0,2,0,0,0,0,0,6,0,1,0,0,0,1,4,0,2,3,0,0,4,1,12,220,253,95,2,0,0,0,1,0,0,0,1,4,0,2,0,4,0,0,0,0,0,0,0,0,0,3,37,252,255,35,0,2,3,0,0,0,1,0,0,0,0,0,2,0,0,2,0,0,0,0,0,3,0,0,101,255,240,22,0,0,0,0,4,4,2,2,0,0,4,0,3,0,0,0,0,0,3,0,0,0,0,0,154,253,205,0,0,0,5,0,0,0,0,0,0,0,0,0,0,0,0,0,0,5,0,0,1,0,6,2,100,242,81,1,0,3,0,2,2,2,1,0,0,0,0,3,0,1,1,0,0,0,2,2,0,2,0,0,2,4,0,0,3,3,2,0,0,3,5,0,2,0,1,0,2,3,0,0,0,2,0,1,1,2,0,0,1,0,2,3,0,3,0,0,0,1,0,0,2,3
1,0,2,1,3,0,3,0,0,0,2,1,0,1,1,0,0,0,3,0,3,3,0,0,3,0,0,0,0,0,0,0,2,0,0,1,0,3,3,1,1,0,0,0,0,2,2,0,0,0,0,0,3,2,1,0,0,3,0,0,1,0,2,0,0,0,0,0,0,1,0,0,1,0,2,0,1,5,1,0,2,0,5,0,0,3,0,3,0,0,0,2,0,0,2,0,0,0,0,3,0,0,0,0,0,0,0,0,1,4,2,5,1,0,0,0,0,0,3,4,0,3,0,0,59,135,255,254,236,131,106,3,2,0,0,0,1,0,1,0,3,0,3,0,0,0,1,0,1,2,24,72,191,253,255,252,248,251,253,127,2,2,2,0,0,2,0,0,0,2,2,1,0,2,0,0,3,47,233,253,255,246,255,249,252,250,248,228,50,0,0,0,2,1,5,0,0,0,2,1,0,3,1,0,0,68,252,253,255,252,255,252,252,251,250,250,187,8,4,1,2,0,2,0,0,0,0,1,0,0,1,0,0,70,249,255,248,192,71,70,100,252,252,251,252,36,0,4,1,0,3,1,0,0,0,0,1,0,1,5,1,20,99,182,125,2,0,0,33,251,252,255,249,38,1,0,0,2,0,0,2,0,0,1,0,0,0,0,0,2,1,1,2,2,0,3,38,249,250,253,253,35,2,2,0,2,3,2,2,0,2,4,1,3,0,0,0,1,1,0,0,5,3,0,139,251,250,251,180,0,0,5,6,2,0,2,2,4,3,0,0,2,5,0,1,0,0,0,0,4,1,132,249,253,248,224,41,2,0,0,0,1,2,2,0,2,2,0,0,0,1,0,0,0,5,0,2,1,68,249,253,255,252,179,1,0,0,0,0,0,1,1,0,0,1,1,0,3,2,0,2,5,2,1,2,67,255,251,253,253,214,26,1,1,0,6,0,1,5,0,4,0,0,3,0,2,0,0,2,0,0,0,73,249,250,250,251,248,65,1,0,0,3,3,0,1,0,0,1,0,2,0,0,1,2,0,3,0,0,73,243,255,251,253,251,209,27,0,0,2,0,0,0,0,2,4,1,0,0,0,0,0,0,0,1,0,82,239,255,255,253,249,251,253,232,134,6,0,0,0,0,2,0,0,0,0,0,0,0,0,4,3,47,92,240,255,247,251,255,253,251,254,252,250,76,0,0,1,0,0,2,0,0,0,0,0,1,0,10,152,231,251,251,255,255,251,255,249,251,246,248,229,63,0,0,0,1,0,0,2,0,5,0,1,0,0,41,250,250,255,252,252,255,252,255,251,250,253,253,141,0,0,0,0,0,0,0,0,0,0,0,3,0,0,141,255,251,251,252,252,254,251,252,241,153,157,124,5,4,0,2,2,0,0,0,0,1,2,0,1,0,1,103,253,250,252,248,252,204,140,25,20,0,0,0,0,0,0,0,0,0,0,0,4,0,0,0,5,2,0,22,154,253,252,151,81,11,0,1,0,0,2,0,2,1,0,1,0,0,3,0,0,1,0,0,0,0,0,0,0,0,0,0,0,0,0,0,0,3,2,4,0,3,3,0,0,0,0,0,2,0,0,0,0,0,2,0,0,0,0,0,0,0,3,0,0,0,0,0,3,0,0,0,3,0,1,0,0,0,0,0,0,0,0,3,4,1,3,2,0,3,0,4,0,2,0,0,0,0,2,0,0,0,0,1,0,0,0,0,5,0,0,2,0,0,0,1,3,0,0,0,0,0,0,2,0,4,0,0,0,0,0,0,0
4,0,0,0,0,1,2,0,0,0,4,0,3,0,2,3,0,0,0,0,0,0,0,1,2,0,0,1,4,1,2,0,0,0,1,0,3,0,0,0,0,1,2,1,0,0,0,0,0,4,2,0,2,0,0,1,3,0,0,3,5,0,2,0,1,0,0,0,0,0,0,0,4,0,0,4,0,0,2,0,2,0,0,1,2,0,3,0,0,0,0,1,3,3,0,0,3,1,0,0,0,6,0,0,1,1,1,0,3,0,0,1,0,2,1,0,1,0,1,1,0,77,110,255,249,252,248,255,254,249,170,65,0,2,4,1,0,1,2,2,0,2,0,2,1,1,0,0,103,244,251,248,252,255,253,255,249,250,252,179,10,4,5,0,4,2,0,0,2,0,0,0,0,0,0,0,216,248,253,251,255,250,255,253,255,252,250,254,34,0,0,1,0,1,0,4,0,6,2,1,1,0,0,4,217,252,254,250,252,246,253,255,251,248,251,255,119,5,0,0,0,0,0,1,0,0,0,0,0,0,0,0,157,252,249,252,252,253,251,254,253,250,251,250,179,2,3,0,2,1,0,0,0,1,0,2,4,0,0,2,50,183,180,35,35,30,162,251,252,253,255,253,139,0,0,3,3,0,0,0,0,0,2,0,0,0,2,0,0,3,2,13,35,143,216,255,253,253,251,174,11,1,4,0,0,0,3,0,0,4,2,1,1,1,0,0,2,0,0,195,254,251,248,255,252,250,252,145,0,0,1,0,0,3,1,0,0,0,2,6,0,1,0,0,0,183,251,255,251,255,253,255,251,253,254,142,0,0,0,2,2,0,2,0,0,0,0,0,4,0,1,0,18,202,254,250,253,250,252,251,255,255,253,238,72,0,1,0,1,0,2,2,0,2,2,0,3,2,1,3,19,197,255,253,252,252,248,247,253,249,251,255,229,53,0,0,0,0,0,3,0,0,3,0,0,2,2,0,0,183,253,255,245,254,252,186,233,255,250,254,255,71,0,3,2,0,0,0,0,0,2,0,33,106,47,4,0,181,252,255,225,122,1,2,73,252,253,255,253,72,2,1,1,0,1,0,1,0,0,0,200,250,235,47,0,47,180,173,42,1,5,31,204,250,254,254,253,71,2,0,0,3,0,2,0,2,2,1,198,252,249,221,58,40,34,40,37,32,121,211,253,255,250,252,255,74,3,0,0,0,0,1,0,0,1,1,28,212,252,252,252,250,250,253,255,253,250,251,251,253,251,255,208,29,5,2,0,4,3,2,1,1,2,0,2,184,251,251,247,254,252,254,255,251,255,254,251,251,255,209,25,0,4,0,0,2,0,0,0,0,3,0,0,55,251,252,255,254,250,252,250,253,252,251,251,250,255,102,3,1,0,0,0,0,3,1,0,0,0,0,0,8,68,136,225,248,254,254,255,248,252,252,251,201,67,4,0,0,3,5,3,0,0,0,4,2,4,0,1,0,2,1,32,105,110,254,249,255,254,107,107,30,1,0,1,2,0,0,0,0,0,2,0,0,0,0,0,4,0,4,2,0,1,1,0,2,1,0,1,0,2,0,0,0,3,0,0,3,0,1,2,1,4,0,2,3,0,0,0,0,1,0,0,6,2,1,0,0,0,0,0,0,0,1,0,1,0,0,0,0,2,0,0,1,0,3,0,0,1,2,0,0,0,0,1,0,3,0,0,0,0,3,0,2,0,0,0,5,3,0,0,0,0,2,0,5,4,1,0,6,1,0,3,0,4,0,0,1,0,0,2,0,2,0
0,3,0,2,0,0,0,0,2,3,0,0,0,0,3,0,2,1,5,0,0,2,2,0,0,0,0,0,0,2,0,0,2,0,0,0,0,0,1,0,0,0,1,0,0,3,1,2,3,0,1,0,0,0,0,4,0,0,0,0,0,2,1,1,0,4,0,0,39,165,123,4,2,0,2,0,0,2,0,0,0,0,0,0,0,1,0,0,3,0,0,0,3,0,0,0,203,253,252,61,0,0,0,4,3,0,1,0,0,0,0,1,0,1,0,2,0,0,0,0,4,0,0,81,252,250,252,63,2,0,1,0,1,2,3,2,0,0,0,0,0,0,0,0,0,0,0,0,0,0,85,172,254,254,227,39,0,2,0,0,2,1,0,0,3,2,4,0,0,2,0,0,3,3,3,1,0,1,140,255,176,154,56,0,0,0,1,2,0,0,0,0,2,0,0,3,0,2,0,1,0,0,0,0,0,134,251,176,8,0,4,0,0,3,1,0,2,1,1,0,2,1,0,5,0,0,0,0,2,1,0,0,133,250,225,42,0,0,2,0,3,0,1,0,0,0,1,0,1,0,0,0,0,0,0,2,4,5,0,92,253,255,124,0,0,4,0,0,0,0,3,0,5,1,0,1,0,5,1,0,1,0,0,0,2,0,0,145,254,231,20,0,2,2,1,3,4,0,1,9,73,72,65,2,0,2,0,3,2,0,0,1,6,0,30,247,255,55,0,0,2,0,0,0,3,1,44,155,248,254,251,190,30,0,0,0,0,0,4,0,0,0,214,255,230,22,3,0,0,3,0,2,11,83,235,255,255,253,255,255,124,0,0,0,0,0,0,0,0,1,250,255,151,0,0,0,0,0,1,13,97,247,245,202,201,135,255,255,125,3,0,0,2,0,3,0,2,85,249,254,126,1,0,2,0,1,11,161,255,245,109,2,0,19,254,255,128,2,0,2,2,0,0,1,2,123,253,255,20,1,0,1,0,0,89,253,244,112,1,0,1,107,254,246,43,2,0,0,0,1,0,1,1,43,254,254,31,0,0,0,0,46,233,255,186,4,0,1,115,223,251,146,4,0,4,0,1,0,0,5,2,2,247,254,214,30,4,0,3,74,255,249,64,10,47,170,254,255,226,4,3,0,0,2,0,4,1,2,5,0,236,255,255,215,147,45,3,153,255,201,48,169,255,255,254,239,44,3,1,2,2,1,0,1,0,0,1,0,51,242,251,253,254,255,159,231,254,254,252,250,251,255,163,43,0,0,0,0,1,0,2,0,3,0,3,0,2,48,169,248,250,255,252,252,251,255,255,247,161,100,2,0,0,0,2,0,0,3,0,2,0,1,0,0,0,2,0,47,126,125,128,227,255,225,126,36,1,3,0,2,1,1,0,2,7,5,2,0,0,0,0,0,4,5,1,0,0,0,2,5,0,5,3,4,0,0,0,2,1,0,4,3,0,0,0,0,0,0,0,3,0,2,0,1,2,0,0,3,0,2,0,0,0,2,4,1,0,3,3,0,2,0,1,1,1,0,0,1,2,2,1,0,0,0,3,0,0,3,0,1,0,2,3,0,0,0,3,1,0,0,2,0,0,0,0,5,2,0,1,0,2,0,0,1,0,1,0,0,0,1,0,2,0,0,0,0,0,6,0,1,2,0,0,4,2,0,0,0,0,0,0,0,3,2,0,0,1,0,2,4,2,0,0,1,2,0,0,1,0,1,0,0,1,0,0,2,2,1,0,0,1,2,2,0,1,0,3,2,1,1,0,0,3,0
0,0,0,1,0,0,3,3,1,0,2,0,4,1,0,0,0,0,0,0,0,0,4,0,4,2,0,0,0,0,0,0,4,2,0,0,1,1,0,3,0,0,0,3,0,2,0,4,3,0,1,0,0,0,1,2,6,3,1,0,0,0,0,1,0,0,0,0,0,2,0,1,2,0,0,0,1,0,0,3,2,5,0,2,4,3,1,0,0,2,1,1,1,0,1,0,2,1,0,1,0,0,0,0,1,4,0,0,2,5,0,3,0,0,0,0,1,1,1,2,0,0,1,0,0,2,0,2,0,95,151,1,0,1,0,1,1,3,1,0,1,1,1,0,0,1,3,1,3,2,0,5,3,0,0,0,0,68,133,35,2,0,0,0,1,0,0,0,1,2,0,1,2,0,2,3,3,2,0,0,0,0,2,3,0,205,230,168,1,1,0,1,4,0,0,5,0,0,0,2,0,0,3,1,1,0,1,4,1,0,0,1,0,253,253,66,2,2,1,0,0,0,1,9,0,1,0,0,0,1,0,2,2,4,1,2,4,1,1,0,127,255,219,24,0,0,1,0,6,2,0,0,3,0,0,3,0,0,0,0,4,3,3,0,0,0,0,58,241,255,174,1,0,0,3,0,0,4,0,0,0,0,0,1,0,0,0,0,0,6,3,0,3,0,1,119,254,249,84,3,4,1,0,0,1,3,3,0,0,4,0,2,0,0,0,0,2,0,3,0,0,2,103,247,255,180,6,0,4,1,2,2,2,3,0,5,2,1,0,0,0,4,3,0,0,0,4,0,0,0,178,255,236,7,0,1,1,0,0,0,0,5,3,0,0,0,1,0,4,1,2,1,1,0,0,0,0,130,249,254,115,0,0,3,1,4,2,0,1,0,0,3,2,2,1,2,0,0,0,2,0,0,4,4,2,255,249,190,5,0,0,0,1,0,0,2,2,4,2,2,1,0,0,0,0,4,1,0,4,0,0,1,153,252,250,70,2,0,0,1,0,2,0,0,3,0,1,0,0,0,1,0,0,0,0,2,0,3,0,48,239,255,128,2,0,0,0,0,0,2,0,0,2,1,0,2,2,3,0,0,0,0,0,0,2,0,2,85,255,231,29,0,1,0,2,0,1,2,1,0,0,0,4,0,0,1,2,0,0,1,0,0,3,1,0,173,251,144,0,1,0,0,0,0,0,0,1,2,1,0,0,3,1,1,0,2,0,0,0,4,0,0,49,246,254,62,1,0,0,2,0,3,0,0,3,0,1,2,0,0,1,0,0,0,0,4,2,0,0,0,174,253,238,0,6,0,1,0,0,3,0,0,0,0,0,0,4,0,0,0,0,0,2,2,1,7,1,9,186,255,140,0,2,3,0,1,0,0,1,2,3,1,4,0,0,0,0,0,0,0,0,3,2,2,0,29,249,254,226,0,0,5,3,0,1,0,2,0,0,1,0,0,1,2,0,0,0,0,0,2,0,0,0,1,180,253,203,0,0,0,3,1,0,0,0,0,0,1,1,1,0,0,3,1,0,0,0,3,0,0,1,0,2,1,2,3,0,2,0,0,0,1,0,2,0,3,3,0,0,0,0,3,1,0,1,1,0,0,0,1,0,3,1,1,0,0,5,0,4,0,0,0,2,0,1,0,0,0,1,0,0,0,0,3,0,2,0,2,3,0,0,0,0,1,1,5,2,2,2,0,2,0,0,3,1,0,1,0,0,0,0,0,0,0,2,0,2,1,0,0,0,0,1,1,2,0,3,3,0,6,0,0,0,2
0,0,1,1,0,0,0,2,0,0,0,1,4,0,6,0,3,2,0,0,0,2,0,0,0,1,1,2,0,3,1,0,2,0,5,0,1,0,0,0,4,0,0,0,0,3,0,0,0,1,0,0,5,4,1,5,0,2,3,1,4,0,0,0,2,2,0,0,0,1,1,0,0,3,0,0,2,1,1,4,0,2,0,0,0,1,0,0,1,0,0,0,0,3,0,0,0,1,0,1,0,0,4,0,0,2,1,5,0,0,3,0,2,2,0,0,5,2,0,0,0,2,1,2,0,0,0,0,0,0,0,3,0,1,0,0,0,0,0,0,0,0,0,0,1,2,1,1,0,4,0,0,0,0,115,227,53,0,0,0,2,1,1,0,4,0,0,0,2,0,0,0,0,1,2,1,0,0,2,1,0,1,223,217,21,0,0,0,1,2,0,0,3,2,1,1,3,2,0,2,0,3,0,1,0,4,0,4,0,33,252,106,4,0,0,3,0,0,0,2,1,0,0,0,0,0,0,2,3,0,5,0,0,0,0,5,0,86,250,83,1,0,1,0,3,3,3,2,0,0,0,3,0,0,0,0,0,2,1,0,1,3,0,0,1,154,255,85,2,0,0,0,0,0,1,2,0,0,0,2,0,2,0,0,0,0,0,0,0,0,0,0,0,157,254,87,1,0,4,0,2,1,0,0,0,0,0,3,3,1,0,0,0,0,1,0,0,4,0,1,3,114,255,84,1,0,0,0,2,0,0,0,0,3,2,3,5,0,2,0,0,2,3,0,2,0,0,2,2,124,253,86,4,0,0,1,2,1,1,0,0,0,0,1,1,0,0,5,0,0,0,0,3,0,0,0,0,152,253,85,0,0,0,0,0,0,0,0,0,2,5,0,0,0,0,0,1,0,0,0,0,2,0,2,0,153,254,80,1,1,0,0,0,0,0,0,0,2,0,0,3,0,0,0,0,3,0,4,0,0,0,0,5,74,254,87,1,0,0,1,0,0,0,2,0,0,3,0,0,2,3,5,1,0,2,0,2,3,1,0,0,23,248,165,2,1,3,3,1,1,0,0,0,0,0,0,0,0,0,0,2,0,0,0,0,2,0,0,2,0,247,166,0,2,0,0,0,0,2,2,4,0,0,3,0,0,1,0,0,0,1,0,3,3,0,0,0,1,247,165,2,2,1,3,0,1,5,3,0,1,1,0,0,0,3,0,1,4,1,1,0,4,0,1,2,0,222,163,0,3,0,0,4,0,0,0,1,0,2,2,0,0,1,0,1,2,0,7,1,0,0,4,0,1,249,165,1,0,0,2,0,0,0,0,0,1,1,1,1,2,0,0,0,0,0,2,2,5,0,0,0,0,245,236,0,0,4,2,3,2,4,0,1,0,0,4,0,3,0,0,2,0,0,0,1,0,0,2,3,0,171,248,0,0,0,2,0,0,0,2,0,1,0,0,2,0,4,1,0,0,0,2,1,2,0,4,0,0,165,249,18,0,0,4,0,0,0,0,0,0,0,0,1,0,4,2,0,3,2,0,0,0,0,1,0,0,31,254,99,0,0,3,2,1,0,0,0,0,1,0,4,0,7,0,3,1,1,0,2,1,0,0,1,0,1,3,3,0,2,0,0,0,3,0,2,3,0,0,1,4,0,2,0,2,0,0,0,2,0,0,1,0,1,1,2,0,2,1,0,0,1,1,3,0,1,0,1,1,0,3,1,5,2,2,0,3,2,0,0,0,0,0,0,2,1,0,0,0,0,0,1,3,2,0
0,0,0,0,0,0,4,0,2,0,3,1,3,1,0,2,3,0,0,0,4,0,6,0,5,0,2,0,1,0,0,0,0,1,0,2,0,3,1,0,5,4,0,0,0,0,0,2,0,4,1,0,1,3,1,3,0,5,3,0,3,0,0,2,2,3,0,0,5,0,0,5,0,0,1,3,0,0,0,0,0,0,0,0,2,0,0,0,5,0,0,0,0,1,0,2,2,0,2,0,1,0,1,0,0,0,0,0,1,3,1,3,1,0,0,0,0,0,0,0,0,0,0,2,2,1,2,0,52,231,34,0,1,5,0,0,0,0,0,0,0,2,0,0,4,2,0,1,0,4,0,0,0,0,0,0,82,253,92,0,0,0,0,1,1,0,0,6,0,0,0,0,1,0,0,0,0,1,1,0,0,0,0,0,80,254,56,0,2,0,2,0,2,2,1,0,2,4,0,0,2,0,1,1,0,2,1,4,0,3,0,13,219,213,0,0,0,1,0,0,0,1,3,0,2,0,2,0,0,0,0,5,0,0,2,0,0,1,0,96,255,208,1,0,0,1,1,0,0,4,4,0,4,0,0,0,1,0,0,0,1,0,1,2,2,1,1,179,254,144,0,0,5,0,2,1,3,2,0,2,0,0,0,1,0,0,1,2,0,0,2,0,0,2,45,232,233,20,1,0,5,4,3,0,0,3,1,1,0,0,0,4,0,0,0,2,0,0,1,2,1,0,143,255,178,4,4,0,0,1,0,0,2,0,0,0,0,0,0,0,2,0,3,0,0,0,0,3,0,0,142,251,87,0,0,3,4,0,1,2,0,1,3,2,0,0,0,0,0,0,0,0,1,2,0,0,0,18,236,217,1,0,1,3,3,0,0,2,2,0,0,3,1,0,0,5,0,0,0,0,1,0,0,0,0,122,255,143,0,3,2,3,0,2,0,0,0,4,3,0,0,0,1,0,0,2,0,0,0,0,0,1,8,200,242,62,3,2,1,0,1,0,0,0,0,3,3,3,4,1,0,0,1,0,0,2,0,0,2,0,38,255,206,0,0,0,0,6,5,1,0,4,0,3,0,3,0,0,0,1,0,0,0,0,0,0,4,2,119,253,126,1,0,0,0,0,0,1,0,1,0,0,0,2,0,0,0,0,0,0,3,0,0,0,0,0,217,253,114,0,4,1,0,0,1,0,0,1,1,0,0,3,0,0,0,0,2,5,0,0,1,1,0,0,206,252,111,2,0,0,0,0,0,0,5,0,0,2,3,0,0,0,1,2,1,2,0,2,3,1,3,0,213,255,115,0,0,0,0,0,0,1,1,0,2,0,2,1,2,1,0,0,0,0,1,0,1,3,0,59,243,254,81,5,0,0,0,1,0,1,0,0,4,0,0,0,1,0,0,0,0,2,0,3,0,0,2,145,251,212,5,0,2,3,0,0,2,0,0,5,3,0,0,0,0,3,3,0,1,0,0,1,0,0,4,93,230,72,0,0,3,1,1,2,0,0,3,2,0,0,0,0,0,1,1,3,1,2,0,0,0,2,1,0,0,0,3,0,0,2,0,0,6,4,0,1,2,0,0,4,0,0,0,2,0,1,0,3,0,0,0,0,4,2,0,3,0,0,0,0,3,0,0,1,1,0,0,1,0,0,0,0,0,2,0,1,1,4,0,3,0,0,0,0,1,0,0,2,0,1,1,1,0,0,1,1,0,1,0,1,0,0,0,1,3,5,0,1,0,0,0,3,0,0,2,0,1,1,0,0,2,3,2,2
5,0,0,1,0,0,0,0,0,1,0,1,1,0,0,2,0,0,1,0,5,0,0,0,2,2,0,0,5,2,2,2,1,2,0,2,2,3,0,0,2,3,0,5,1,5,1,0,2,0,0,0,0,0,2,0,2,4,0,1,0,4,0,0,2,1,0,3,0,1,0,0,0,1,0,0,0,1,6,0,0,2,0,0,0,0,1,0,2,2,2,1,4,0,1,0,0,3,1,0,2,0,1,1,2,0,0,4,2,1,1,0,0,5,2,0,3,0,5,0,2,2,0,3,0,1,0,3,4,2,0,0,1,1,1,2,1,0,0,2,0,0,0,5,5,4,0,0,138,253,255,254,253,253,135,1,0,0,0,0,1,2,0,0,0,0,0,0,0,0,1,0,0,3,2,60,242,142,46,45,83,165,252,122,0,0,0,0,0,3,0,2,2,2,0,0,2,1,2,6,0,2,0,100,180,11,3,0,2,1,180,255,102,0,0,0,0,0,1,3,0,0,1,0,1,0,0,2,0,1,0,6,11,0,2,0,0,2,109,255,132,0,1,0,0,2,1,3,0,0,0,0,1,0,2,0,4,2,2,0,0,0,2,0,0,0,110,250,106,0,2,0,2,0,5,0,0,0,0,0,0,2,0,2,0,0,0,0,0,0,0,0,4,2,156,225,29,0,0,0,2,5,0,0,0,4,0,1,0,0,0,0,0,2,0,0,0,0,0,0,0,142,241,163,1,0,0,0,0,1,1,0,2,0,0,1,0,1,0,0,0,0,0,4,0,0,0,12,194,252,207,26,0,2,3,0,0,4,3,0,2,1,0,0,2,0,0,0,1,0,0,2,7,1,0,195,255,252,253,217,191,130,11,1,6,0,0,4,3,0,0,4,0,0,0,1,2,0,2,0,0,1,144,254,255,207,101,126,212,255,192,14,0,1,0,0,0,1,0,0,0,2,3,0,1,0,1,4,3,1,33,128,46,18,1,0,1,107,255,80,0,0,1,0,1,0,5,1,0,3,1,4,2,0,1,0,0,0,0,0,3,2,3,0,0,0,220,224,15,0,0,2,4,0,0,1,0,0,0,0,0,0,0,0,0,0,0,2,0,0,2,3,3,0,223,255,20,3,2,0,1,0,0,4,0,2,0,2,4,1,0,1,1,1,1,0,4,5,0,0,0,0,224,251,21,1,0,1,4,2,0,3,3,0,0,2,2,3,0,0,0,0,3,0,3,0,0,0,0,44,237,205,10,3,5,0,1,0,0,0,4,0,0,0,0,3,1,0,0,4,0,0,0,2,0,0,42,227,244,48,0,0,0,0,1,0,6,1,0,0,1,0,0,0,0,1,1,0,0,0,0,1,16,124,241,244,79,0,0,0,0,0,2,0,0,0,3,2,4,0,0,0,0,0,1,3,0,0,2,110,217,252,212,78,5,0,0,2,0,2,2,0,1,0,0,4,0,3,0,0,0,0,2,2,0,40,220,255,218,143,19,0,0,0,1,1,0,0,1,0,0,0,0,1,2,0,2,0,1,0,1,5,2,178,248,98,9,0,0,0,1,4,0,0,0,0,0,2,0,1,0,0,1,0,0,0,2,0,0,0,0,5,0,0,0,0,0,0,0,0,0,0,0,2,0,0,2,0,0,0,0,0,1,0,0,0,0,0,4,0,0,0,2,0,4,1,0,2,3,3,0,3,1,2,3,1,0,0,4,0,3,0,1,5,0,0,2,0,0,0,1,0,1,1,1,1,0,3,0,0,0,0,0,0
3,0,0,2,1,0,2,0,0,0,0,2,3,0,0,2,2,0,0,0,0,2,0,0,2,1,0,4,0,0,1,0,5,0,2,0,0,0,1,0,3,0,2,0,0,1,0,0,0,3,0,2,0,0,0,2,0,4,0,0,2,3,1,0,0,1,0,0,1,2,0,0,1,2,4,4,0,0,0,0,3,1,0,2,2,0,0,0,2,0,6,1,0,2,0,0,0,0,0,0,0,0,1,1,0,0,8,0,3,0,0,2,0,0,0,0,0,1,0,2,0,0,3,1,1,0,1,0,0,1,0,0,1,0,1,4,1,2,2,0,4,2,0,1,4,0,1,0,3,0,0,0,1,0,3,0,2,0,1,0,0,1,0,2,0,2,0,5,0,2,3,1,0,1,2,3,0,1,0,0,19,130,253,253,254,208,86,12,0,0,0,4,0,3,0,0,0,0,0,1,0,0,0,0,0,0,13,128,236,255,251,252,255,253,253,118,0,2,0,0,0,1,0,0,5,2,0,3,0,0,2,0,0,39,159,250,250,250,255,208,200,253,251,144,1,0,0,2,2,0,0,1,0,1,2,2,0,0,0,0,99,238,251,253,252,209,47,13,14,86,243,231,3,2,2,3,5,0,2,1,0,0,0,0,0,0,2,44,229,249,255,250,118,12,0,0,3,2,179,243,44,0,0,1,0,1,0,4,0,0,2,2,5,5,0,214,254,255,249,67,0,11,3,10,54,48,54,107,0,0,4,0,0,0,4,2,0,1,0,0,0,0,0,205,251,248,253,186,164,202,159,219,252,251,22,0,0,0,0,0,1,0,5,0,4,0,2,0,3,2,2,174,250,248,255,250,251,252,254,254,255,253,22,1,0,0,0,4,0,0,0,0,0,0,0,3,1,0,0,15,193,253,247,249,252,252,255,252,255,254,25,2,0,2,1,0,0,0,0,1,0,0,0,0,0,3,1,0,10,34,137,137,40,25,97,250,254,251,24,1,0,0,1,2,2,1,3,0,0,0,0,0,0,0,3,1,1,1,0,1,0,4,150,255,250,202,13,0,1,0,0,0,2,0,0,0,0,1,1,0,2,0,0,1,0,0,2,1,0,1,255,252,255,158,0,8,2,0,0,1,0,0,0,0,3,1,0,0,0,0,2,0,2,0,0,1,2,1,253,251,255,80,1,1,1,0,1,0,2,0,0,0,3,3,1,3,0,0,1,0,2,1,0,0,0,0,250,252,251,50,0,1,4,4,2,0,1,0,3,0,2,0,3,0,0,0,0,2,1,0,0,4,0,103,254,252,190,8,0,3,3,1,0,0,0,0,0,0,1,2,0,0,3,3,1,1,0,1,0,0,0,118,254,255,179,2,0,0,0,1,0,0,0,2,0,0,0,0,1,0,0,1,0,2,0,0,2,0,0,94,253,251,185,2,1,2,0,2,1,1,1,0,0,0,5,0,0,0,0,1,0,0,1,2,0,1,3,1,255,251,235,88,8,28,0,0,0,0,0,1,3,0,0,0,0,3,0,4,0,2,0,2,0,3,0,0,169,252,250,249,211,225,74,0,4,0,0,0,0,1,0,1,0,0,0,1,5,0,0,0,0,0,3,2,0,96,220,249,251,181,7,0,0,5,0,2,0,0,2,0,0,0,0,0,0,0,3,0,6,0,0,0,0,0,5,0,5,0,1,0,0,2,0,0,0,0,1,1,0,0,3,2,0,4,1,3,0,0,0,0,0,6,2,0,1,0,3,7,0,5,1,0,0,0
1,1,1,2,0,0,2,0,0,0,1,0,2,0,1,0,2,5,0,1,1,0,0,1,0,0,0,1,0,0,3,1,0,0,2,2,1,0,0,0,5,0,0,2,0,0,0,0,0,4,0,2,0,3,0,0,0,0,1,1,1,0,0,1,0,2,3,3,0,1,4,0,1,0,0,0,3,1,0,0,0,0,0,0,0,1,0,0,1,0,0,1,1,0,0,2,0,0,0,2,0,2,0,0,0,0,1,3,1,0,0,0,0,0,0,0,0,1,2,0,0,0,0,2,0,0,1,0,0,0,0,1,0,0,3,0,1,0,0,3,0,0,0,0,0,0,2,0,159,221,156,110,57,26,21,80,145,22,2,0,1,0,2,2,0,0,0,1,0,0,0,3,0,0,2,60,253,252,255,252,255,235,226,252,251,79,4,4,1,0,3,1,3,2,1,2,2,3,0,0,2,2,0,0,140,253,237,169,199,225,188,179,133,21,0,0,2,1,0,3,1,1,0,0,0,4,0,1,2,0,0,0,58,255,197,0,5,14,7,0,0,0,0,0,1,5,3,2,2,1,0,0,3,1,2,0,0,4,1,3,102,255,196,0,5,0,3,1,1,0,0,0,1,0,1,1,1,0,0,0,2,2,0,2,1,0,0,1,63,254,197,28,62,112,120,48,2,0,1,0,0,4,0,0,0,0,0,4,2,0,0,0,0,0,1,0,135,253,223,217,253,252,254,244,132,54,2,0,0,0,0,2,1,0,0,2,2,0,1,0,3,3,0,4,205,251,254,249,224,161,114,197,253,255,114,0,0,0,4,0,0,0,0,0,0,0,0,0,0,0,1,0,233,255,253,132,11,1,0,4,72,240,251,69,0,0,2,0,0,4,0,0,0,0,1,2,0,0,0,3,157,251,95,9,1,6,0,0,0,73,244,228,39,0,0,2,4,1,0,0,2,0,0,0,3,0,1,2,17,98,1,6,0,0,0,0,5,0,153,251,173,9,3,1,0,0,0,2,3,0,0,4,0,2,1,2,0,1,0,0,0,2,2,0,0,0,68,227,253,47,0,0,0,3,2,0,2,0,0,5,4,0,0,0,3,0,0,0,5,2,0,0,3,3,32,164,254,137,0,2,0,0,3,2,2,0,0,1,3,2,0,0,0,0,26,5,0,2,0,0,1,0,4,134,255,135,2,6,0,0,0,1,0,2,3,0,1,0,0,2,0,37,233,203,60,3,0,1,0,0,1,171,250,133,0,1,4,3,0,1,0,0,4,0,0,0,2,0,4,134,255,225,56,0,2,0,1,1,0,136,254,177,4,0,0,1,2,0,1,0,3,1,0,1,1,0,0,93,254,235,116,10,0,0,0,3,25,204,253,90,0,0,1,6,0,2,0,0,2,0,0,0,0,0,1,0,151,251,251,213,107,1,0,25,172,254,217,14,0,0,1,1,0,2,0,0,2,1,3,0,0,2,0,1,1,72,225,253,255,236,235,240,252,232,53,0,0,2,2,6,4,1,1,0,0,1,0,0,0,0,1,1,3,0,24,150,230,255,251,255,199,56,0,2,0,1,0,2,0,0,1,2,0,0,2,1,0,0,3,0,0,0,3,1,0,0,0,0,2,0,1,0,0,0,0,3,3,1,2,1,3,0,0,2,0,0,2,0,0,0,0,2,2,0,0,4,0,4,0,0,2,0,2,2,0,0,5,2,0,3,2,0,0,0,0,0,0,0,3,0,0,3,4,2,0,0,0,0,2,0,2,0,0,0
0,6,0,0,2,0,0,0,8,4,1,2,3,3,0,0,1,0,0,0,0,0,1,1,1,0,1,0,0,2,0,2,2,0,0,0,0,1,1,0,0,1,0,0,0,0,0,6,0,1,3,0,2,0,0,3,5,0,3,0,1,5,0,1,1,0,0,0,0,0,0,1,3,0,0,2,0,0,2,0,0,0,0,0,4,2,0,0,0,0,0,2,2,0,0,0,1,2,0,5,0,0,0,0,0,0,0,5,1,0,2,1,2,0,0,0,0,0,0,0,0,2,1,23,110,122,165,173,162,184,10,1,4,2,0,0,0,3,0,0,4,4,0,4,1,2,0,0,3,0,22,201,255,253,252,254,253,252,180,14,0,1,0,0,0,0,0,0,3,0,0,3,0,0,0,0,1,0,70,251,255,241,96,36,40,202,255,41,1,0,0,0,0,0,0,0,0,0,4,0,0,2,1,0,0,0,53,158,122,48,0,0,0,25,232,144,1,3,0,0,1,0,4,0,2,0,0,2,2,0,1,0,0,3,1,1,3,2,1,1,1,2,226,175,1,3,0,1,0,0,3,0,0,0,0,1,0,0,0,0,0,0,0,0,4,0,3,0,0,0,231,172,3,0,0,1,0,0,2,0,0,5,0,0,2,0,0,0,2,0,2,0,0,0,1,0,0,70,243,90,0,1,1,1,0,0,2,0,3,1,0,0,0,0,0,0,2,0,0,1,3,0,1,1,0,185,250,37,0,0,0,0,0,0,0,0,0,1,1,0,1,6,3,0,0,0,0,0,0,5,1,0,0,240,160,0,3,5,2,3,1,0,2,2,1,0,0,0,1,0,0,1,1,0,2,0,0,0,2,0,58,244,98,1,1,0,5,0,0,2,4,3,2,2,0,1,0,1,0,3,3,0,2,0,1,0,0,0,176,203,15,1,0,0,3,0,0,0,5,3,0,1,0,0,0,0,0,0,4,1,53,72,93,92,96,162,255,141,2,0,0,2,2,0,0,3,0,3,2,3,0,0,0,4,0,1,28,195,231,243,253,251,255,254,255,237,167,83,18,0,1,0,0,0,0,2,0,1,2,0,2,2,0,88,219,254,248,255,255,252,250,249,253,255,255,252,208,155,11,24,41,71,0,1,1,2,3,0,0,0,0,136,254,255,253,254,251,253,223,198,203,198,199,196,244,241,201,210,224,128,0,1,0,0,1,0,0,3,83,251,255,137,225,252,254,212,38,0,2,1,1,3,63,83,81,84,76,0,1,0,0,0,0,0,1,1,187,253,249,255,248,250,202,33,1,0,5,0,0,1,2,0,1,0,1,2,0,1,4,0,0,0,0,0,54,233,247,239,201,80,0,0,2,0,0,2,3,3,0,0,2,7,0,1,2,0,1,1,0,0,2,3,3,1,0,3,4,0,1,0,1,1,1,0,1,0,0,0,0,3,0,0,3,0,0,3,1,1,0,0,1,6,3,2,0,0,2,0,0,0,0,1,2,3,0,0,4,0,0,0,0,6,0,3,0,0,2,3,0,1,1,1,0,0,0,0,0,1,0,0,0,0,2,0,5,0,1,2,1,2,4,0,2,1,0,0,3,3,1,1,0,1,2,1,2,1,0,0,1,0,0,1,3,0,0,1,0,0,0,2,2,3,0,0,0,1,0,5,1,0,0,4,1,0,0,4,0,0,4,0,0,3,1,1,4,0,0,0,0,0,4,0,0,0,1,2,0,1,0,0,1,6,0,1,0,3,1,1,0,1,0,1,0,0
3,1,1,0,0,0,1,0,0,1,1,1,0,0,0,0,0,0,2,1,2,1,0,1,0,0,2,0,0,2,2,0,0,0,1,1,0,1,2,3,0,0,0,2,0,0,0,1,0,0,0,0,1,0,2,0,0,0,0,6,2,0,0,0,0,0,0,0,0,0,0,0,1,1,0,0,0,0,2,1,0,0,0,0,4,0,0,0,0,0,0,3,0,0,3,0,1,0,2,0,0,0,0,0,1,0,0,0,0,0,1,2,2,2,2,1,2,0,0,0,0,2,0,4,0,0,0,0,0,0,0,3,3,0,0,4,2,0,0,0,1,0,3,6,0,0,0,0,0,1,0,2,0,0,0,0,2,1,0,3,0,2,0,1,1,0,1,5,0,2,0,0,1,0,2,0,3,0,2,4,0,0,0,0,0,3,1,0,0,0,1,0,1,3,0,0,0,0,0,0,0,4,0,0,0,0,13,58,132,252,255,250,164,9,0,3,4,0,1,2,0,3,0,0,0,0,0,2,3,0,0,0,48,146,233,255,255,251,252,249,251,231,41,0,0,0,0,0,2,0,0,3,0,1,2,5,0,2,0,47,225,253,254,252,253,249,255,254,253,251,78,0,1,0,0,2,0,3,1,0,0,0,3,0,0,0,2,164,250,251,251,250,250,255,252,253,252,255,74,1,2,0,2,0,0,0,1,0,2,2,0,0,1,0,5,168,250,255,248,252,252,255,255,255,249,248,132,0,0,0,4,0,0,3,0,0,0,0,3,3,1,4,24,234,255,253,252,250,249,255,250,252,251,250,103,0,0,0,0,1,4,0,0,0,0,0,0,0,0,0,41,250,253,255,252,250,254,248,252,249,250,253,237,146,0,0,0,0,0,0,2,0,0,0,0,2,0,0,5,183,252,253,252,253,249,253,252,249,255,253,251,210,18,0,2,0,0,0,0,2,0,1,0,0,1,4,2,43,218,252,253,250,254,253,255,248,250,249,251,252,48,0,0,0,1,4,0,0,1,4,1,1,4,1,3,2,9,12,9,6,12,5,66,21,134,214,249,252,166,0,1,2,0,2,0,4,0,0,5,0,5,5,1,0,0,0,3,0,0,0,0,0,2,2,186,249,214,20,0,2,0,0,3,0,0,1,0,0,2,0,2,0,0,0,0,0,2,0,1,1,0,0,184,254,240,31,2,0,1,1,0,0,2,4,0,2,1,0,0,0,3,0,0,0,0,0,1,0,0,0,179,255,169,2,1,1,2,0,3,4,0,0,0,2,1,1,2,0,2,2,4,1,6,0,0,0,3,0,180,253,165,1,0,2,1,1,0,4,2,0,0,3,0,0,1,2,0,3,5,0,2,1,0,0,0,0,180,249,167,2,0,0,2,3,0,4,2,2,2,4,1,0,0,1,1,0,3,0,3,0,3,0,0,37,234,250,74,0,0,0,1,2,0,0,0,0,0,2,0,1,0,1,3,0,3,0,0,0,1,0,0,146,250,255,106,1,1,1,0,0,0,2,0,0,1,3,0,3,1,3,0,3,0,2,3,2,2,2,0,167,248,253,49,0,0,0,3,0,0,0,3,0,3,1,3,0,0,2,0,0,1,0,0,2,0,3,0,117,254,223,28,0,0,2,0,5,0,0,2,3,0,0,2,3,3,0,2,0,1,3,0,0,4,5,0,5,180,122,0,1,0,2,4,0,0,1,0,2,0,1,0,1,0,1,0,1,0,1,0,0,0,0,1,0,0,0,0,0,0,3,2,0,0,0
0,0,3,1,4,0,0,0,0,0,0,0,2,1,0,1,0,1,1,0,0,1,0,2,4,0,2,0,3,0,1,0,0,2,2,0,0,0,4,1,0,2,2,0,1,2,0,2,2,0,1,0,1,1,0,1,0,0,1,0,0,0,2,0,4,1,0,0,1,0,1,0,0,0,0,2,0,0,1,2,2,0,0,0,2,1,3,2,1,2,3,2,0,0,2,4,4,0,0,0,0,0,0,2,4,0,2,0,6,0,2,0,1,2,1,0,0,0,3,2,1,0,1,1,4,0,0,0,0,0,0,1,0,0,0,0,2,1,2,0,1,0,0,0,1,0,3,0,2,0,1,0,0,1,1,0,0,0,1,0,0,0,1,0,0,2,5,0,1,0,0,0,0,1,0,29,134,67,1,0,0,0,3,1,0,0,0,0,177,224,15,0,0,2,0,4,2,0,1,1,1,0,0,145,250,143,0,1,0,0,0,1,0,3,0,34,230,217,10,0,0,0,0,0,0,1,0,0,0,1,2,234,252,130,1,0,1,0,4,5,1,0,0,86,252,109,1,0,3,0,1,1,4,0,4,1,0,2,0,233,255,87,2,0,0,3,0,2,3,0,3,157,244,38,0,1,0,2,0,1,0,0,0,0,2,0,0,236,254,5,0,0,0,1,3,0,0,0,1,229,230,1,2,2,0,0,0,0,1,3,0,0,1,8,225,255,154,0,0,0,0,0,5,0,3,2,63,252,231,0,0,0,0,0,0,2,3,4,0,0,0,26,249,252,72,0,0,1,0,0,0,0,0,0,98,252,189,0,0,0,0,2,2,2,0,1,0,2,1,88,253,236,32,3,0,1,4,1,0,0,0,2,165,255,66,0,0,0,4,2,0,0,3,0,0,1,0,7,193,250,129,36,31,36,9,25,0,1,2,55,250,199,5,0,0,0,0,0,2,4,3,0,0,0,0,2,16,240,253,255,230,247,211,232,195,196,196,227,255,194,0,0,1,0,0,2,1,3,1,3,0,0,0,0,1,0,76,102,101,61,5,0,0,0,1,236,253,135,0,3,0,0,0,0,1,1,0,4,0,2,3,0,0,1,0,0,0,3,0,0,0,0,111,251,244,13,0,3,2,0,0,0,0,1,0,2,1,0,0,0,2,3,0,2,0,1,0,0,0,1,175,254,155,3,0,1,0,0,1,0,0,0,0,8,3,2,1,0,0,0,1,0,0,0,0,3,2,3,185,253,140,4,3,0,1,0,0,0,2,1,0,3,3,0,0,0,3,0,0,0,1,1,0,1,2,23,253,254,58,0,2,1,1,1,1,0,1,0,0,2,0,0,0,0,0,1,0,3,3,0,2,0,2,79,250,226,20,3,0,3,1,3,4,0,0,3,4,0,0,0,2,1,1,0,5,2,0,0,0,0,0,202,251,138,1,0,1,0,2,1,1,0,1,2,0,0,2,4,1,0,0,0,0,0,0,0,2,0,0,215,249,150,1,0,0,1,2,3,0,1,0,0,0,0,0,4,0,0,1,3,2,0,0,0,1,0,1,215,248,103,0,0,0,0,0,0,0,1,0,0,2,0,3,0,0,1,0,1,0,0,0,2,2,0,0,216,191,7,0,0,2,0,0,0,3,0,0,0,0,2,0,2,0,0,4,0,0,5,1,0,0,0,0,0,0,0,0,2,3,0,2,0,0,2,3,3,1,0,0,0,4,2,0,0,0,4,3,0,0,0,1,3,2,0,3,0,0,0,0,5,0,1,0,0
0,0,0,1,1,1,0,1,0,0,2,4,1,1,0,2,3,0,0,0,0,1,4,2,1,1,2,4,0,0,0,0,0,1,0,0,2,1,0,0,0,0,0,0,1,0,2,1,0,4,0,0,0,4,1,0,2,0,3,0,0,2,1,0,3,0,0,0,0,0,5,1,2,1,3,0,2,0,1,0,0,3,0,3,0,0,1,2,1,0,0,1,0,0,0,4,0,4,2,0,0,3,0,2,1,4,2,0,0,0,2,2,0,2,2,0,5,0,0,0,0,1,0,0,0,3,2,2,2,0,0,0,2,2,3,0,0,3,0,2,1,1,4,2,0,0,1,3,4,0,2,1,2,2,0,0,1,0,4,0,1,2,5,1,0,1,0,0,0,1,0,0,1,0,4,0,2,0,0,0,1,0,4,0,15,69,254,252,242,255,214,23,0,2,0,2,0,0,0,0,0,0,0,0,0,0,0,0,5,1,57,157,239,234,210,90,117,254,185,13,3,1,3,0,0,0,0,3,0,0,0,0,2,1,0,0,3,133,230,213,96,49,3,64,225,205,15,0,0,1,0,2,2,1,0,0,0,0,1,1,1,0,0,73,195,245,153,14,26,123,190,252,186,48,0,0,2,0,0,0,3,0,0,1,0,3,0,0,0,0,128,255,208,84,61,126,224,251,209,96,13,0,0,0,1,1,0,0,1,0,0,1,0,2,0,0,0,127,250,201,14,0,128,253,160,100,13,5,0,0,0,1,0,0,0,3,1,0,0,0,0,2,0,0,37,232,149,8,0,2,2,10,0,8,2,0,1,0,0,3,3,1,0,1,0,2,1,2,1,2,1,0,70,255,149,0,0,1,0,3,0,2,0,1,1,0,0,0,0,0,2,6,1,0,4,0,0,0,0,4,29,224,169,0,2,0,1,2,2,2,1,0,0,2,1,0,0,0,0,1,1,2,1,0,3,2,0,0,0,182,254,179,0,0,2,0,5,1,3,2,0,0,3,0,0,0,2,0,0,0,0,0,0,3,0,1,0,21,193,251,131,27,0,0,1,0,0,0,0,0,0,1,0,1,0,3,0,0,0,3,5,2,0,2,0,2,19,201,254,153,32,0,1,0,0,2,2,0,0,0,1,0,0,0,0,3,5,1,1,0,0,0,0,0,0,13,102,254,239,55,0,0,0,1,2,0,0,1,1,2,1,1,1,0,0,0,1,3,0,0,1,2,3,4,0,28,213,247,40,0,3,0,0,4,0,0,1,0,0,1,0,0,1,0,0,1,0,0,3,3,2,0,0,4,59,254,114,0,0,2,0,1,0,0,0,0,0,0,0,0,0,0,0,0,3,2,0,0,0,0,1,26,188,252,83,0,1,0,5,0,2,1,5,2,0,5,0,6,1,0,0,2,25,146,0,0,0,0,10,149,255,165,13,1,0,1,0,0,0,0,0,1,1,1,0,1,2,1,0,1,39,242,52,0,3,44,206,254,167,10,1,0,1,2,3,0,0,4,1,1,1,0,0,4,5,0,0,0,4,136,230,220,166,236,245,74,13,0,1,1,1,0,3,0,0,0,1,0,0,5,2,0,3,0,0,0,2,4,107,180,201,135,70,3,0,1,0,0,0,2,2,2,0,2,2,4,4,0,0,0,1,5,0,0,5,0,0,0,3,0,2,0,0,1,0,0,0,0,0,0,0,3,1,0,3,1,3,2,0,0,2,2,4,1,0,0,1,1,0,0,0,1,0,0,0,0,0,5,2,1,0,1,0,0
0,0,0,1,3,1,2,0,0,0,0,0,0,1,0,0,4,0,0,0,0,4,0,2,0,4,0,4,1,0,1,0,0,1,6,3,0,0,0,0,1,3,0,0,0,1,2,0,2,0,2,0,0,0,2,0,0,0,0,0,3,0,0,0,0,0,0,1,0,0,2,0,1,0,0,0,2,0,2,4,0,0,0,2,0,0,0,0,1,0,1,3,6,1,0,5,0,2,0,0,0,0,2,0,0,1,0,0,0,0,3,2,1,0,0,0,4,1,0,3,0,0,3,0,2,1,0,0,4,3,0,0,0,0,0,3,0,0,0,2,0,2,0,4,1,2,4,0,0,0,0,0,4,0,0,0,0,0,1,0,1,3,0,0,0,0,1,2,0,2,4,2,0,2,0,0,3,5,5,2,3,0,3,0,0,0,0,2,0,0,1,0,0,0,0,0,0,2,0,4,1,0,0,63,152,147,255,173,151,112,42,0,0,4,2,0,2,0,0,0,0,2,2,2,0,0,0,0,0,0,0,184,254,253,254,252,253,249,244,163,0,1,0,2,2,0,0,0,3,0,0,4,0,2,0,0,0,4,32,234,254,252,252,253,252,253,253,254,231,52,3,1,1,2,2,3,0,2,0,0,0,1,1,2,0,0,133,247,232,68,51,52,71,194,250,253,251,230,37,0,0,1,0,5,1,1,0,0,0,0,1,0,1,2,255,253,159,0,0,1,0,0,193,253,251,249,217,27,0,1,0,1,7,0,1,0,0,1,4,0,1,2,255,249,201,1,0,0,0,1,72,252,250,249,255,153,4,0,0,2,0,0,2,3,0,2,0,2,0,3,236,255,234,112,41,23,30,49,214,251,253,251,248,254,59,0,1,0,0,0,0,0,0,0,0,2,0,2,87,234,255,252,242,226,227,254,252,251,151,236,255,253,147,0,1,1,2,0,0,0,0,0,0,0,1,5,1,41,212,255,255,253,252,255,255,172,0,203,255,255,205,1,0,0,1,3,0,0,0,0,0,4,0,0,0,1,15,49,110,151,152,154,135,12,0,202,255,253,203,3,0,2,1,3,0,0,3,0,0,0,0,0,2,0,1,3,0,3,3,0,1,0,1,142,255,253,202,1,2,0,0,1,0,0,0,0,0,0,0,0,7,0,2,3,0,2,0,1,1,2,0,104,255,251,204,0,1,3,2,3,0,0,0,0,5,3,0,0,0,2,0,0,1,0,0,0,1,0,0,104,255,254,249,49,1,0,0,0,0,0,2,0,1,1,0,0,0,1,1,5,0,0,3,3,1,4,0,98,254,247,255,52,1,0,1,1,0,0,0,0,2,0,0,1,0,0,0,0,0,1,0,0,2,0,1,100,254,254,251,70,1,3,0,0,0,2,0,0,1,0,3,0,0,0,0,0,0,0,0,1,0,0,3,102,254,254,249,118,0,3,3,0,1,0,0,0,0,0,2,1,3,1,1,0,0,2,4,2,0,3,3,102,255,252,254,46,0,2,0,1,0,2,0,0,0,0,0,0,1,0,2,0,0,0,0,0,0,0,0,104,252,252,254,53,0,0,0,2,3,0,0,0,0,0,5,6,0,0,0,0,0,4,2,4,0,0,0,100,252,252,204,0,2,0,1,0,0,0,3,3,0,1,0,3,0,2,0,3,0,2,2,2,1,4,0,18,129,213,122,0,0,0,0,2,0,1,0,2,4,0,0,0,0,0,0,2,0,3,2,0,2,3,0,0,2,0,0,0,1,1,0,3,4,1
0,1,2,0,0,4,0,0,0,0,2,4,0,1,5,2,0,0,0,4,2,0,0,1,0,0,1,2,4,0,1,0,0,3,0,0,4,2,0,2,0,1,0,1,0,0,0,0,3,0,0,0,0,0,0,1,3,0,0,0,1,0,0,0,4,0,1,0,0,0,0,4,1,0,0,0,0,0,1,0,0,0,0,0,3,0,2,0,4,0,1,0,0,0,0,0,2,0,0,1,0,0,1,1,2,1,0,1,3,0,0,1,0,0,0,0,0,0,2,5,0,0,3,0,0,1,0,0,0,2,0,3,0,0,0,0,4,1,3,0,0,3,2,3,0,0,0,1,14,223,255,183,107,36,0,0,1,2,1,1,0,0,5,0,0,2,0,0,0,3,0,4,0,0,0,5,13,202,242,251,254,238,195,82,0,0,1,1,3,3,1,0,0,0,1,0,0,2,2,3,0,0,0,0,1,2,8,7,100,224,252,250,247,87,0,0,0,0,0,4,0,0,2,2,1,0,0,1,0,0,4,2,1,0,0,1,1,12,105,253,250,231,24,0,0,1,2,0,5,0,0,4,3,4,1,1,3,0,0,0,0,2,0,0,0,1,1,80,218,255,169,3,1,0,0,0,0,0,0,2,0,0,2,0,1,0,0,0,5,2,0,0,0,0,0,60,237,252,145,0,0,0,0,0,0,2,0,1,3,0,4,3,0,0,0,1,1,2,0,0,2,1,51,235,244,92,12,0,0,0,0,0,3,0,0,0,0,0,0,0,0,0,0,0,1,0,0,1,1,59,236,251,98,2,0,0,0,1,0,0,2,0,2,1,1,0,0,2,0,0,5,4,0,0,4,33,155,235,255,170,9,2,0,0,3,0,0,1,0,0,1,0,0,2,1,0,2,1,4,0,0,0,0,166,248,249,254,26,0,0,0,0,3,0,0,0,2,0,0,3,0,0,0,1,1,0,0,1,4,0,0,38,139,221,255,228,162,7,0,0,0,0,0,0,1,0,0,3,0,3,0,0,0,0,0,1,0,0,1,0,0,27,205,252,254,114,0,5,1,1,0,0,0,0,3,0,0,0,0,0,2,0,1,0,1,1,2,2,0,1,29,249,255,117,1,6,1,1,3,0,1,0,1,0,0,4,1,1,2,1,0,0,1,1,0,0,0,1,47,252,243,62,0,2,0,0,5,2,2,0,0,0,0,1,0,0,2,1,3,0,0,0,0,0,1,17,192,252,130,0,2,0,0,2,0,1,0,2,0,0,1,1,0,0,0,0,3,1,0,3,0,0,2,60,250,224,39,1,0,0,2,3,1,1,0,0,0,3,1,3,0,0,1,1,4,0,1,0,0,5,33,217,250,40,1,0,1,0,0,1,0,0,0,3,4,1,0,2,2,0,0,1,0,3,0,0,3,104,233,234,54,4,0,0,1,0,0,0,0,0,0,0,0,2,0,0,1,1,1,0,0,0,0,40,192,254,231,116,0,1,1,0,3,0,3,0,1,0,0,0,1,2,3,0,4,1,0,0,5,4,3,136,248,151,45,0,0,0,0,1,2,2,0,3,0,0,3,1,3,2,0,2,2,0,0,0,0,3,0,4,1,0,2,0,2,1,2,0,0,0,0,0,3,3,0,0,4,0,0,0,0,0,0,0,1,2,1,6,2,0,1,0,3,4,1,1,0,3,1,3,0,0,4,2,0,0,1,2,0,0,0,0,0,0,2,0,0,1,1,0,0,3,0,0,0,2,4,0,0,0,0,0,2,0
0,0,6,1,0,1,0,0,1,1,0,3,0,1,2,1,0,3,0,1,0,4,1,0,1,0,0,0,3,1,0,2,1,0,1,0,0,0,0,0,4,0,0,0,0,0,1,0,6,0,0,3,6,0,3,0,1,9,0,0,1,0,0,1,0,0,2,2,0,0,1,0,7,0,0,0,5,0,0,0,1,1,5,0,3,0,0,0,0,0,0,0,0,0,1,3,0,0,0,0,5,0,0,0,2,0,0,0,2,0,3,0,0,0,2,0,1,0,2,0,0,0,0,0,1,1,0,0,0,0,2,1,0,2,0,0,0,0,0,0,2,0,0,1,1,5,0,0,0,1,2,3,0,2,2,0,0,0,0,1,0,0,0,0,0,0,0,3,0,0,0,3,0,1,2,3,1,0,0,24,114,194,194,151,30,1,0,0,4,0,2,0,4,0,0,0,0,0,0,0,0,2,5,3,0,15,121,218,255,252,253,253,221,144,0,0,2,2,0,0,1,2,0,0,1,0,1,2,0,0,0,1,1,142,250,252,255,254,253,249,252,243,190,52,2,0,2,0,1,3,0,3,0,0,4,8,0,0,0,0,29,214,250,254,251,203,131,183,255,252,246,177,3,0,0,0,1,0,3,2,0,0,1,0,1,3,0,0,149,251,251,244,76,5,0,87,252,249,251,210,0,1,0,0,1,1,0,3,0,6,2,0,0,4,0,4,211,253,255,128,3,0,0,81,251,254,251,107,1,0,0,2,2,2,0,1,0,0,3,1,4,2,0,0,207,255,254,128,1,0,1,83,253,252,250,107,4,0,2,0,2,6,2,0,5,0,2,0,0,4,1,0,200,252,252,185,25,21,130,210,251,249,255,53,5,2,0,5,0,0,2,0,6,0,0,4,0,4,0,1,34,255,253,255,254,254,249,248,252,252,154,1,0,3,1,0,0,1,2,0,0,0,3,0,4,0,0,3,3,163,254,254,252,254,255,251,252,249,44,1,0,0,2,0,1,2,0,0,2,3,3,0,0,0,4,0,0,19,143,226,216,211,236,252,251,255,45,0,0,0,0,0,1,3,0,1,0,0,3,1,2,1,3,3,2,0,0,25,1,0,149,255,254,253,72,0,1,1,1,0,6,1,0,0,0,0,1,3,0,0,0,0,0,0,0,3,2,3,134,252,254,249,244,0,1,3,0,0,0,1,0,0,2,4,2,0,0,4,0,0,0,2,0,3,0,3,117,255,250,254,225,0,0,1,1,2,0,0,0,3,0,0,1,2,0,0,0,0,3,0,1,0,0,0,149,252,255,250,192,0,2,0,0,0,1,2,0,2,5,0,2,0,0,3,3,3,0,0,0,0,0,2,195,253,251,255,255,0,0,0,0,0,1,0,0,4,0,0,2,0,4,0,0,0,0,0,2,0,0,3,144,251,254,254,251,0,0,5,3,2,5,1,0,0,0,1,0,0,5,1,0,1,2,0,0,0,1,1,148,250,252,249,253,5,3,0,0,0,0,3,2,0,0,1,0,0,2,1,0,5,0,2,0,1,1,0,78,253,255,255,151,1,1,3,1,0,0,3,1,0,0,1,1,0,0,0,0,8,0,0,4,0,3,2,4,121,195,150,22,1,0,0,2,0,3,1,0,0,0,1,3,4,0,3,0,1,0,0,0,0,1,3,1,1,1,1,0,2,0,0,2,1,0,2,0,3,0,0,0,2,0,0,0,0,0,0,3,1,3,0,0,2,0,1,1,0,0,0,0,0,3,0,2,0
1,4,0,0,1,0,3,0,0,6,2,0,0,0,1,2,0,4,0,0,0,1,1,1,4,2,2,1,2,1,2,0,0,3,0,2,2,0,0,0,3,0,0,1,0,0,0,0,0,0,3,0,0,3,2,4,0,2,5,4,2,0,2,1,0,1,0,2,0,1,0,0,2,0,0,0,0,0,0,0,1,4,1,1,0,2,0,0,0,0,0,0,4,0,0,6,0,3,3,0,0,0,1,1,0,2,5,1,3,0,1,0,3,3,2,1,2,0,0,0,1,2,0,2,5,34,118,223,248,128,11,0,0,0,0,0,3,0,2,0,1,0,4,2,0,0,1,1,2,2,0,0,145,252,250,255,253,253,207,18,2,2,0,0,0,0,1,0,2,5,0,0,0,1,0,0,0,0,1,147,255,252,250,255,255,250,251,136,0,1,1,1,3,0,0,5,0,0,0,0,0,2,2,3,0,4,151,247,255,252,145,49,229,253,252,250,24,0,0,0,2,2,0,1,0,0,1,3,2,2,1,0,1,112,239,251,240,84,0,0,32,226,255,253,26,0,2,0,0,0,1,2,0,0,0,0,3,0,2,0,16,240,251,254,146,0,0,0,9,213,251,252,1,4,0,0,0,2,0,0,0,0,0,1,0,1,1,0,58,255,252,235,8,2,0,0,0,193,251,255,0,1,0,1,3,1,0,1,0,0,2,0,0,1,2,0,170,254,253,151,0,1,3,0,0,197,251,255,2,2,2,1,0,0,0,0,1,0,2,0,0,0,2,3,255,255,248,45,0,1,0,0,0,196,252,255,0,0,0,0,0,2,0,0,0,0,0,0,3,0,0,1,255,251,192,2,2,0,1,0,1,196,254,251,0,0,1,0,0,0,1,3,0,0,0,6,2,3,1,2,255,251,155,0,4,1,0,4,15,246,254,255,0,0,0,0,0,2,0,0,0,0,0,0,0,0,0,76,254,252,48,0,0,0,0,0,94,252,251,255,0,1,0,0,0,0,0,0,1,0,1,0,0,0,0,80,255,255,36,0,4,0,0,0,174,252,255,189,0,0,0,0,2,1,2,1,2,2,0,0,2,0,1,81,255,252,37,0,1,0,0,51,236,254,252,58,0,0,0,6,1,1,0,1,1,0,0,0,1,0,2,79,255,253,40,2,3,2,43,207,255,253,239,15,0,1,0,0,0,0,0,3,1,0,0,0,0,0,0,77,255,228,15,0,0,13,198,252,254,253,117,0,0,1,0,1,0,2,0,0,2,0,3,1,0,3,1,0,253,255,72,0,43,194,253,255,255,141,14,0,0,3,0,1,0,1,0,0,4,2,0,0,4,1,0,1,219,255,220,193,237,251,253,255,192,12,0,0,0,0,0,0,0,0,0,0,6,0,0,1,2,2,4,0,65,253,255,255,254,255,253,167,11,1,2,0,1,2,1,1,0,0,0,0,0,0,4,0,0,0,0,0,0,115,213,254,251,212,117,7,0,0,0,2,1,0,0,0,4,0,0,1,0,0,0,2,3,3,4,4,1,0,4,2,1,0,4,0,0,0,0,1,1,0,0,4,0,0,0,1,0,2,1,3,0,2,0,0,3,4,0,2,2,5,0,2,4,0,1,0,0,2,0,1,0,0,3,4,0,0,1,2,0,2,1,1,0,0,0,6,0,3,0,0,4,1,0,0,5,2,2,0,5,0,1,0,2,2,0,0,0,0,2,0,0,0,0,1,0,1,3,1,0,0,0,0,0,2,0,1,1,0,0,1
0,0,3,2,0,0,1,2,0,5,0,3,3,1,0,3,1,1,0,2,3,0,1,0,0,0,0,0,1,0,0,3,0,1,1,0,0,0,1,0,0,0,0,0,0,0,0,0,1,1,1,0,0,0,3,1,2,3,4,0,2,0,1,0,4,0,0,2,0,0,2,3,0,0,0,0,2,1,0,1,0,4,0,0,0,0,0,0,1,0,0,1,0,0,0,3,2,0,1,0,0,2,1,0,3,3,2,1,1,1,0,1,0,4,0,0,0,0,1,6,0,0,0,3,0,0,0,0,0,0,1,0,0,0,0,1,3,1,0,0,2,0,0,0,0,0,5,0,3,55,131,133,251,255,255,250,175,45,2,0,1,1,2,0,0,1,0,0,0,0,0,2,0,2,0,0,136,250,251,250,253,251,253,254,255,255,70,3,0,0,0,1,0,2,0,1,0,1,0,4,0,3,0,0,196,221,221,215,159,97,166,222,252,250,179,1,0,3,0,0,3,3,0,0,0,4,0,2,0,0,1,1,66,15,4,0,0,4,2,13,173,254,178,2,0,0,0,0,1,0,0,2,0,0,0,0,2,0,1,0,0,0,0,0,2,1,2,0,48,252,183,3,0,0,4,0,0,0,0,0,2,0,0,0,1,1,0,0,3,0,2,0,0,0,0,14,164,255,148,0,1,0,3,0,1,2,1,1,0,0,0,1,2,2,5,2,0,0,0,1,2,1,2,138,252,232,39,1,3,0,1,2,0,0,3,1,1,0,0,2,0,2,0,5,0,2,0,0,1,55,164,241,251,88,4,2,0,0,2,0,0,0,1,3,6,0,0,4,0,3,4,4,2,2,0,46,166,242,254,254,254,233,108,2,0,2,3,3,0,0,1,0,0,1,1,0,0,0,5,2,0,0,2,224,252,253,255,251,251,250,250,102,3,3,0,0,0,0,0,0,1,4,0,0,0,1,0,1,0,1,47,242,249,239,240,246,242,249,252,164,4,1,1,0,1,0,3,0,3,0,2,3,1,1,1,0,0,0,0,100,62,0,0,0,6,110,249,165,1,0,0,2,0,2,0,1,0,0,0,0,0,4,0,0,3,3,0,0,0,0,0,2,0,137,255,95,2,0,2,5,0,0,0,2,0,2,2,2,1,0,0,0,0,0,0,0,0,0,0,2,55,228,203,16,0,0,0,0,2,1,1,0,4,1,1,0,0,0,0,2,0,0,2,0,0,2,0,52,228,254,95,3,1,2,1,0,1,0,2,0,1,0,4,1,4,0,0,3,2,0,2,1,0,80,188,231,250,112,13,1,0,0,0,0,0,1,3,0,0,0,0,1,0,2,2,19,86,87,86,139,205,252,251,241,89,16,1,0,2,1,5,0,0,0,0,0,0,0,0,0,3,1,16,190,250,248,249,249,250,255,185,31,2,0,0,0,0,0,0,0,0,0,4,2,2,1,2,2,0,16,194,252,249,250,254,251,197,28,5,1,0,2,0,0,0,0,0,1,1,0,1,0,1,1,0,1,0,19,214,254,217,127,84,9,4,0,4,0,2,1,1,3,0,0,3,2,0,0,1,0,2,0,0,3,1,0,0,4,0,0,0,1,0,0,0,4,1,0,3,0,0,0,0,1,0,0,3,0,0,0,2,0,0,1,0,3,0,0,2,0,0,1,0,0,1,4,4,5,0,3,1,5,3,0,3,0,2,0,3,4,0,2,5,0,0,1,2,0,1,0,5,0,0,3,4,1,0,0,2,0,1,2,2,5
2,0,3,2,1,0,1,3,3,3,1,2,0,0,0,0,1,0,2,0,0,0,1,4,3,0,0,0,0,0,0,0,0,0,0,0,3,0,1,0,0,1,0,2,1,0,0,2,0,0,4,0,0,0,1,2,0,3,0,0,1,0,1,0,1,0,3,0,1,0,2,0,0,2,5,2,4,1,1,1,3,0,5,0,0,0,0,0,1,0,0,0,0,5,1,0,0,3,0,4,0,0,0,0,4,0,0,0,3,0,0,0,0,3,1,2,2,6,2,0,0,0,0,0,0,0,0,1,0,1,3,3,53,108,152,195,154,50,1,2,0,0,3,0,0,1,0,4,0,0,0,0,3,1,0,1,0,2,60,172,251,255,254,255,255,205,0,0,0,2,1,0,0,0,0,0,0,0,0,2,0,0,2,2,36,183,254,255,254,255,234,187,190,46,0,0,0,0,0,0,0,0,2,3,7,0,5,0,2,0,8,129,241,253,255,237,134,42,24,3,0,0,0,0,0,2,1,3,0,3,0,2,1,0,0,4,1,1,135,252,252,254,182,46,0,2,2,0,0,1,1,1,0,1,0,0,2,0,0,0,0,0,0,6,7,134,255,253,249,136,12,3,0,0,0,3,1,1,1,3,6,1,0,0,0,1,0,0,1,1,1,0,137,255,248,219,96,1,0,0,1,0,0,4,3,3,0,3,0,2,4,3,1,0,1,0,3,1,4,137,253,255,248,54,1,0,1,0,0,3,0,2,1,0,1,0,1,2,0,0,2,2,0,0,3,0,95,254,253,255,63,0,2,0,2,1,2,1,0,0,2,3,0,0,7,1,2,0,0,0,0,0,0,57,235,255,248,102,0,5,1,1,0,0,0,0,0,0,3,0,5,0,2,0,4,0,0,1,1,0,0,164,255,255,237,110,13,2,2,0,1,0,0,1,0,2,1,0,0,2,1,1,4,0,2,0,0,0,13,255,255,255,255,254,253,144,21,0,0,0,0,0,3,2,3,5,0,5,1,0,0,1,2,2,0,0,146,251,255,255,251,254,250,253,213,21,0,0,0,0,2,0,0,0,0,0,0,1,4,0,0,0,0,2,211,254,243,83,91,83,152,255,255,120,0,0,0,0,0,0,0,1,3,0,3,0,0,0,0,4,1,0,209,253,146,0,0,8,52,255,252,153,0,2,0,3,3,0,0,2,0,4,0,3,0,0,0,2,2,1,213,253,135,0,2,5,169,254,254,148,0,0,0,0,0,0,0,2,2,1,6,2,1,0,3,0,0,1,210,255,136,0,1,142,253,253,226,32,5,3,1,1,1,0,0,1,0,2,0,1,0,0,2,0,0,0,141,253,224,185,198,253,253,255,99,4,2,0,0,0,0,0,2,0,1,1,3,0,2,0,1,0,1,0,2,200,254,255,255,251,228,97,1,2,0,1,2,0,0,0,2,0,0,0,4,0,0,0,1,1,0,0,0,100,202,254,201,152,24,0,1,0,1,2,0,0,3,0,1,0,2,0,1,0,0,0,1,3,0,1,0,0,1,2,0,1,4,1,2,0,0,2,0,0,0,1,0,0,3,1,0,2,4,0,3,2,5,4,0,3,1,3,0,0,0,1,2,0,1,0,2,0,2,1,2,4,0,0,1,3,2,0,0,1,3,0,0,0,0,0,1,1,0,0,0,0,0,0,0,2,0,0,1,0,0,0,0,0,0,0,0,1,0,0,1,1,2,0,0,0,1,0,0,0,0,0,0,0,0,0,4,0,1,0
3,0,0,0,1,4,2,1,0,0,0,3,0,0,0,2,2,0,0,3,0,0,0,2,4,2,2,1,0,0,0,3,0,0,2,0,3,0,0,0,5,0,0,0,1,1,0,1,0,0,0,0,3,0,0,0,0,3,6,3,0,2,0,2,0,0,1,4,0,0,0,2,0,0,1,1,1,0,0,0,0,0,0,0,0,0,0,0,0,0,0,2,1,0,0,0,0,0,1,0,0,0,0,0,2,2,0,2,1,5,0,1,0,0,0,0,3,3,2,0,3,2,2,0,0,0,0,0,2,3,0,2,0,0,1,2,0,0,0,2,0,3,3,0,1,0,0,0,0,0,2,0,1,3,0,0,1,0,2,1,0,1,3,0,0,1,1,1,0,3,0,3,0,0,0,0,0,0,1,25,195,45,1,0,0,1,1,0,2,0,0,2,0,2,0,0,0,0,3,4,1,0,1,0,0,4,16,208,255,78,0,1,0,0,14,12,15,13,14,0,0,3,0,0,0,4,1,0,3,4,2,0,1,0,42,252,209,5,18,23,112,84,229,255,254,252,255,149,7,0,5,0,0,0,0,0,0,0,0,0,0,1,158,255,236,165,255,254,254,249,255,255,255,252,230,173,3,0,1,0,1,4,0,0,0,1,1,0,0,4,167,253,250,255,231,224,222,225,124,103,100,102,10,0,0,2,1,4,0,0,0,0,0,0,1,0,6,104,251,210,177,130,24,2,0,2,0,1,0,3,4,0,0,0,0,1,0,0,0,0,0,0,2,0,0,147,252,92,0,0,1,0,4,3,0,0,0,1,0,0,0,0,1,0,0,0,0,0,0,1,0,3,3,124,247,188,14,2,6,0,2,3,1,5,0,0,0,0,3,1,0,0,0,3,3,4,0,1,0,0,2,7,153,251,182,49,0,1,0,0,0,0,3,2,0,0,1,0,1,2,1,0,1,0,0,3,0,1,2,0,10,83,232,235,100,17,0,1,1,3,0,0,0,2,0,0,1,2,3,0,0,0,0,1,2,3,0,1,0,2,122,237,255,68,3,2,0,0,0,1,3,0,0,0,0,0,0,0,0,0,0,0,3,0,0,0,1,0,0,72,255,185,19,1,4,0,0,0,2,0,0,0,3,0,3,2,0,4,2,3,0,0,0,1,0,3,2,7,193,254,59,0,0,2,0,3,1,0,0,0,0,2,0,0,0,1,0,1,0,3,0,2,0,0,0,39,236,252,63,0,2,0,1,1,0,0,0,0,0,0,0,0,0,3,3,0,0,0,1,0,2,1,19,189,253,155,6,0,2,0,0,0,1,0,0,0,0,0,0,3,0,2,0,1,0,0,0,0,0,16,191,254,231,39,0,0,0,2,0,0,2,3,1,0,3,4,0,0,1,0,0,1,0,0,0,0,14,187,254,235,54,0,0,2,2,0,0,0,0,1,0,0,0,2,1,0,3,1,3,0,0,10,52,68,188,253,179,54,2,0,1,0,0,0,0,1,0,0,0,5,0,0,0,0,0,3,0,1,2,15,246,249,253,178,48,2,2,0,1,3,2,0,0,0,0,0,2,0,0,1,2,2,0,0,2,0,2,7,138,179,117,2,0,0,2,0,0,0,0,0,1,0,2,1,1,0,0,1,4,0,1,1,0,2,4,1,1,0,0,2,1,0,0,5,0,1,0,1,0,0,3,1,1,1,0,0,0,0,4,3,1,1,0,0,3,0,2,1,3,0,1,0,0,0,2,0,0,0,2,1,0,0,0,1
0,0,0,1,1,3,4,0,0,4,2,1,0,0,4,0,2,0,0,2,1,0,0,1,0,0,2,0,0,2,0,3,0,0,0,0,0,0,0,1,0,2,2,0,0,0,5,0,4,3,2,6,0,2,0,0,0,0,0,1,0,2,6,0,2,2,3,0,2,0,1,0,1,0,0,1,0,2,5,2,3,0,0,1,1,1,0,0,1,0,0,0,4,2,0,0,0,0,2,0,0,3,4,1,0,0,0,0,0,1,0,0,1,0,0,0,2,4,1,0,1,0,0,1,0,1,0,4,0,1,0,0,0,0,0,0,0,0,0,4,0,4,0,0,0,1,0,2,3,3,0,0,0,4,0,2,3,0,3,0,3,0,5,31,32,1,0,0,0,0,0,0,0,0,0,4,0,0,0,0,0,5,21,164,32,26,89,141,178,223,252,255,222,0,1,3,1,0,0,0,4,0,0,1,3,2,1,0,3,92,215,255,254,255,255,255,246,244,244,159,80,0,0,0,0,0,3,0,1,1,0,2,0,0,0,13,150,254,254,250,253,165,136,69,28,2,3,0,0,2,0,6,0,1,0,0,1,0,0,2,1,0,0,113,255,255,255,171,68,0,2,3,1,0,0,2,0,0,3,3,0,2,0,0,0,1,1,0,0,3,2,184,252,255,147,11,2,3,0,1,1,3,2,1,2,4,0,0,4,0,0,0,0,1,1,0,0,3,91,251,242,140,39,99,114,183,196,92,0,0,0,0,1,0,0,0,4,0,0,1,0,0,0,0,2,0,149,252,203,244,253,251,227,221,241,238,56,0,3,0,5,2,2,0,4,1,0,0,0,0,0,0,0,16,242,255,255,252,219,77,2,1,100,255,110,0,0,3,1,5,0,0,0,5,0,0,3,1,3,0,0,3,110,130,89,44,7,0,1,0,14,228,175,3,0,1,0,0,3,0,4,0,0,0,0,1,3,0,3,0,0,0,0,0,1,0,3,0,1,225,200,5,0,1,0,0,1,5,4,0,0,2,0,0,0,1,0,1,1,0,0,0,2,2,2,4,31,243,198,3,0,0,2,0,0,0,0,0,0,0,1,0,21,37,0,1,1,0,1,0,1,1,0,1,131,252,117,2,0,1,1,0,2,0,0,1,0,0,1,70,214,235,0,0,0,0,0,0,1,0,5,31,198,237,25,0,0,2,2,0,3,1,1,0,2,4,0,246,254,193,1,2,1,0,0,2,0,0,51,232,253,120,0,0,0,0,0,3,0,0,2,2,0,0,0,185,252,136,0,0,0,0,2,1,3,113,246,255,145,13,3,0,1,0,0,0,0,0,2,0,4,4,1,88,224,24,3,4,0,0,37,76,164,252,213,66,0,2,4,2,1,0,0,0,5,0,2,0,0,2,3,88,251,234,159,159,157,192,252,253,253,150,18,0,0,2,0,0,0,3,3,0,3,1,1,2,0,0,0,6,147,170,174,176,173,178,133,79,10,1,0,2,0,1,0,0,2,0,3,0,0,0,1,4,2,0,0,0,3,0,3,2,0,0,4,0,2,3,1,0,0,0,0,0,0,0,0,0,0,0,0,1,0,2,0,0,0,2,0,0,2,0,0,3,0,2,0,1,0,4,0,0,0,0,0,2,0,0,2,0,2,0,4,3,2,4,1,4,0,1,0,1,0,5,0,0,0,0,1,0,0,0,0,0,2,0,1,1,0,4,0,3,2,0,1,1,0,2,2,1,0,3,0,0,4,0,3,0,1,0,0,0,0,4
0,0,4,1,2,0,1,0,1,0,3,0,1,0,3,0,2,0,0,5,0,2,0,0,0,0,0,1,0,0,0,2,0,0,4,0,0,1,2,0,1,1,4,0,0,0,2,1,0,2,0,3,1,0,1,0,0,1,1,2,2,4,0,0,0,0,0,3,0,0,1,0,0,0,1,0,2,0,1,2,2,0,0,0,0,2,1,1,3,0,2,0,0,0,3,1,1,0,0,6,2,1,0,0,1,0,1,1,4,0,1,3,2,0,0,2,0,0,5,2,4,0,0,0,2,0,0,0,0,3,0,2,0,2,2,5,0,0,0,0,0,0,1,0,0,0,3,1,0,2,0,1,2,0,0,0,0,0,0,2,7,0,0,0,1,1,2,0,0,3,1,2,1,0,0,0,0,0,6,175,25,134,120,12,0,1,0,0,0,0,1,0,0,0,0,1,0,0,0,5,1,4,4,0,3,123,188,255,254,255,251,237,120,10,0,2,0,1,0,4,1,3,0,1,1,0,0,2,0,0,0,8,155,252,250,254,254,255,255,252,253,155,9,0,0,0,0,1,0,3,0,2,0,0,0,0,1,2,31,189,255,250,253,255,253,255,250,236,252,254,61,4,0,1,2,1,0,3,3,0,0,0,0,3,0,0,48,254,252,252,253,218,226,126,67,46,165,255,165,10,0,0,0,0,0,1,1,3,2,2,0,0,0,0,84,255,253,252,141,35,33,2,1,0,54,252,252,48,4,2,0,0,0,0,0,1,2,0,0,0,0,0,169,253,251,142,9,0,4,3,3,2,51,252,255,146,1,1,0,2,3,0,5,0,0,0,4,0,5,2,169,253,225,28,2,0,2,0,0,0,51,255,254,171,0,1,2,1,0,0,0,1,0,0,0,0,0,0,117,253,73,0,3,0,0,0,0,2,157,252,250,166,0,3,1,3,0,0,2,1,1,2,0,0,0,0,24,134,34,0,1,0,0,0,3,2,170,251,249,114,2,0,0,2,0,0,4,0,3,1,1,0,1,0,1,0,3,0,1,0,1,1,0,37,255,251,253,52,2,0,3,2,1,0,0,0,2,2,0,0,3,1,1,0,0,0,0,0,0,1,3,35,211,255,250,50,0,0,2,0,0,3,0,0,0,0,2,1,1,0,0,0,5,0,0,3,0,2,0,157,255,251,210,18,1,0,1,4,0,0,0,3,0,0,0,0,0,0,0,0,2,0,0,1,0,0,0,158,253,252,102,0,2,1,0,1,1,0,1,0,0,4,0,0,5,4,0,1,0,0,0,2,1,0,2,156,254,254,63,0,0,0,0,1,0,0,0,3,0,0,4,0,0,0,2,3,0,0,0,0,0,0,5,185,250,251,58,0,1,0,0,0,3,0,0,0,0,0,2,1,3,0,0,0,0,6,2,0,2,3,65,255,254,253,62,0,1,0,3,0,1,0,2,0,1,0,0,1,0,4,1,0,2,4,1,0,1,10,236,252,250,230,39,0,0,0,0,3,2,0,2,2,0,0,3,3,4,0,0,0,0,0,0,0,1,172,255,250,254,85,0,0,3,0,0,1,2,1,0,0,1,1,0,0,0,0,3,2,0,1,4,1,59,251,253,250,146,5,0,0,1,0,2,0,5,0,0,0,2,1,0,1,0,0,1,1,0,2,0,0,2,0,1,0,1,3,0,0,1,0,1,0,0,0,3,0,0,0,0,2,0,0,1,2,0,6,0,1,1,1,0,3,0,0,0,0,0,0,1,2,0,0,0,0
3,3,4,4,4,0,5,0,0,2,0,4,1,0,0,0,5,1,0,0,0,0,0,0,0,4,0,1,0,0,1,0,0,0,0,2,4,4,2,4,0,0,0,0,0,2,0,0,0,0,0,0,0,0,2,0,1,0,3,0,1,2,0,0,0,0,0,0,1,0,0,4,0,0,2,1,1,1,0,0,0,0,0,1,0,1,1,0,2,0,2,0,0,0,0,0,3,0,1,0,1,1,0,0,0,0,0,1,0,0,0,1,0,5,1,2,2,0,0,0,0,25,129,194,131,128,37,6,0,1,0,0,3,0,4,0,0,0,0,2,3,0,3,3,7,0,4,76,139,214,252,255,255,250,252,161,38,0,0,0,0,0,0,1,0,0,3,0,2,0,1,0,0,0,2,157,254,242,232,237,236,250,252,254,219,30,0,0,0,0,0,1,2,0,0,0,0,1,0,0,1,0,14,238,255,89,3,1,3,77,203,252,253,170,20,0,0,0,0,0,8,5,4,0,2,0,0,0,0,0,0,55,178,82,2,0,0,1,28,205,255,254,119,4,0,2,0,0,2,0,1,0,2,0,2,0,0,0,1,0,0,4,1,0,0,0,2,59,251,254,158,4,0,3,0,1,1,1,1,0,0,0,0,0,0,1,0,1,4,1,2,2,0,1,0,0,125,255,177,3,0,0,0,0,3,0,2,0,0,0,1,0,3,2,0,0,0,0,0,2,0,0,0,2,24,227,252,137,5,0,0,3,0,4,0,0,2,2,2,1,2,2,0,0,0,0,3,0,1,1,0,1,2,212,255,250,22,1,0,0,1,0,0,1,2,0,2,1,0,0,0,0,2,0,1,0,0,0,0,0,1,120,251,255,55,1,0,3,0,0,3,0,0,0,0,0,0,1,1,3,118,196,197,168,72,19,0,0,0,24,222,250,148,0,0,1,3,2,0,0,0,2,0,0,4,0,2,58,237,255,253,255,255,215,108,74,17,0,221,252,149,3,2,0,0,2,0,0,1,1,5,1,3,1,2,151,252,242,177,228,252,254,250,255,176,20,220,254,153,0,0,0,3,0,3,2,2,1,0,2,1,0,0,151,253,215,0,25,44,134,232,255,255,223,249,254,145,0,4,0,0,0,0,2,0,3,2,1,1,2,1,104,255,251,76,3,2,0,63,185,255,253,255,255,148,0,0,1,1,0,1,0,0,0,5,1,1,0,0,17,219,255,212,33,0,0,2,7,129,239,255,255,41,2,0,2,0,2,0,0,4,0,0,0,1,0,5,0,158,255,255,133,0,1,3,35,110,230,253,253,23,0,1,0,0,0,0,3,2,0,0,0,0,2,1,0,26,216,253,249,207,114,147,245,252,252,250,205,9,0,2,0,0,2,0,0,0,0,0,1,0,5,4,0,0,29,216,250,254,255,253,255,254,255,108,8,2,2,2,0,0,0,0,0,0,3,1,1,0,1,0,0,1,0,2,91,215,255,156,126,93,8,1,3,1,1,1,1,0,2,0,1,1,0,0,2,2,0,2,0,0,0,0,2,0,2,0,3,1,1,0,0,2,1,4,1,0,4,0,1,0,2,0,0,0,2,0,2,0,0,0,3,3,4,0,0,2,0,0,6,0,0,3,0,4,0,0,4,2,0,0,0,3,0,0,0,3,0,2,3,0,0,2,4,0,0,0,0,0,0,0,0,6,2,3,0,3,0,1,1,0,6,0,0,0,1,0,0,0,0,5,0,4,0,1,0,2,1,3,0,0,1,2,3
2,1,2,2,0,0,1,0,0,3,1,0,2,1,0,0,0,0,0,0,0,0,0,0,0,4,0,1,0,0,1,0,0,5,0,3,0,0,0,0,4,1,2,0,1,0,0,0,0,1,0,3,0,1,3,2,2,3,1,4,3,1,2,3,0,0,5,0,1,0,1,0,1,3,0,2,2,0,2,2,2,0,0,0,1,0,0,0,0,0,0,0,3,0,2,2,0,2,2,0,2,2,0,0,2,0,0,0,4,6,0,0,0,3,0,0,1,3,4,0,3,1,0,0,0,4,0,1,0,0,0,0,0,0,0,1,2,1,0,0,2,1,0,0,1,0,0,5,0,0,0,49,124,162,252,255,223,95,0,2,0,0,0,0,0,2,0,0,0,0,1,2,0,1,2,0,0,110,239,248,255,254,247,249,253,253,137,0,2,0,0,0,0,0,3,0,3,1,3,0,0,0,2,51,110,242,255,252,252,254,254,255,255,247,249,135,2,1,2,0,0,0,0,2,2,0,0,2,2,0,52,241,255,255,251,253,255,253,250,251,249,255,250,213,0,1,1,1,0,4,2,0,0,3,1,1,0,0,238,255,252,255,253,255,251,221,158,155,177,255,251,231,37,0,0,1,0,0,1,0,4,0,2,0,0,0,255,250,252,255,253,175,51,23,0,0,57,254,251,255,202,5,0,0,0,5,0,0,1,0,1,0,0,0,41,250,252,251,129,8,0,4,0,0,7,192,255,255,217,0,1,0,2,0,0,1,0,0,3,0,2,3,0,104,176,56,6,0,2,0,0,2,48,243,252,255,218,1,2,0,1,0,0,0,0,0,0,0,1,0,0,0,2,39,61,69,71,74,72,54,57,255,251,252,225,1,0,0,0,1,0,0,0,0,2,3,0,0,0,34,125,225,246,255,251,251,254,239,212,249,252,255,156,3,1,0,0,0,0,1,0,2,3,1,0,4,2,146,251,254,253,255,253,253,251,253,255,255,255,253,243,112,50,0,0,0,1,2,2,0,0,0,0,0,89,252,254,255,255,254,254,250,253,252,255,255,250,255,252,254,252,185,183,114,2,1,5,0,0,0,0,0,215,253,255,252,249,237,222,252,252,255,255,253,255,251,255,250,255,251,255,253,0,0,0,0,0,0,3,2,164,255,253,234,97,52,29,155,249,253,252,252,248,254,255,254,252,255,250,251,0,0,1,1,3,4,0,0,110,254,253,163,20,28,144,236,251,255,253,247,131,112,223,222,255,253,254,242,1,0,0,3,2,0,0,0,0,233,252,254,218,242,253,255,248,251,249,109,0,0,0,9,92,95,97,44,0,0,6,0,2,0,3,0,0,121,254,253,255,253,253,255,253,248,115,0,0,0,2,1,0,1,2,1,0,3,0,3,0,0,0,0,0,49,240,255,255,254,253,251,254,116,0,0,4,1,0,0,2,1,2,0,0,1,1,0,0,2,1,0,0,0,54,238,247,247,246,206,115,22,2,0,2,0,0,0,1,0,0,2,0,7,0,1,0,0,0,3,0,0,0,5,46,16,2,0,2,1,1,1,0,0,0,0,0,3,0,0,0,0,1,0,0,2,3,0,0,0,0,1,0,0,0,0,0,3,2,1,3,0,0,6,0,0,0,2,0,0,0,0,3,0,3,0,3,0,2,5,2,2,2,0,0,0,1,0,0,0,0,0,0,0,0,1,0,1,0,0,0,2,4,0,3,0,0,0,0,0,0,0,1,0,4,3,2,3,0,0,1,2,0,1,1,2
0,9,0,2,2,0,0,0,0,0,1,0,0,0,1,1,0,3,0,0,0,3,0,1,1,1,2,4,0,0,1,0,0,0,0,2,3,1,0,0,1,0,0,3,0,1,0,0,0,0,2,0,0,0,3,3,0,0,1,0,2,0,5,0,0,3,0,0,0,0,1,4,0,1,5,1,2,0,0,0,0,0,0,0,0,0,2,0,0,0,4,2,3,0,0,0,0,2,1,2,2,0,0,1,4,3,0,0,0,0,3,0,0,0,0,0,0,0,1,1,1,1,1,4,1,0,0,0,2,0,2,0,0,0,0,0,1,0,3,0,0,0,0,0,0,0,1,2,0,0,0,2,0,1,2,0,1,1,4,0,0,2,0,0,1,1,2,0,3,7,2,0,2,0,1,1,0,3,1,0,1,0,2,0,1,0,0,1,6,2,0,0,1,0,1,0,0,2,3,0,0,0,3,4,3,0,58,114,167,255,253,239,120,62,2,3,2,1,2,2,0,1,1,0,2,0,0,0,1,1,0,101,157,234,248,251,253,251,255,252,252,244,180,17,0,0,3,0,0,1,0,1,0,0,1,0,0,0,21,211,255,255,251,255,255,250,252,255,253,249,254,171,19,6,1,0,0,5,0,0,4,0,0,0,2,2,76,241,230,200,199,137,62,62,59,62,139,220,255,253,82,0,3,2,1,1,4,0,1,0,1,1,0,4,24,61,47,0,4,0,0,4,0,0,0,121,249,252,192,1,3,0,0,4,4,0,0,0,2,0,1,0,2,0,0,2,1,2,3,3,0,2,13,200,252,250,111,0,0,4,3,0,0,1,0,2,1,0,0,0,0,1,0,1,3,1,1,0,0,7,144,255,254,208,27,0,1,2,0,0,0,0,0,1,0,0,0,0,0,3,0,0,3,0,2,1,0,13,193,255,254,173,2,0,0,0,3,2,3,0,3,2,2,0,2,0,0,0,1,2,0,2,1,0,17,180,250,250,216,36,0,0,1,0,0,0,0,0,1,1,6,2,5,0,2,1,2,0,2,0,0,4,50,253,252,254,38,2,0,1,5,0,3,0,0,2,0,1,0,0,0,3,0,0,0,3,4,0,0,79,193,255,252,138,3,3,4,0,2,0,3,0,1,2,0,0,1,0,0,0,2,0,0,1,1,0,11,215,251,255,156,4,0,1,0,2,0,0,0,0,2,1,1,0,0,2,0,0,0,0,0,0,3,62,184,252,253,252,111,0,0,0,2,1,0,0,1,0,0,0,2,0,0,0,0,0,0,0,5,6,1,113,252,252,232,115,0,2,0,0,1,4,0,0,0,2,1,1,0,0,2,0,0,0,1,2,1,2,53,241,252,250,149,4,0,0,5,2,1,0,0,0,5,0,0,0,2,0,0,0,0,1,0,2,0,5,168,252,253,147,10,0,0,2,0,0,0,1,0,0,0,0,0,0,2,0,0,0,0,0,0,0,0,44,253,254,229,35,2,0,0,0,1,0,0,0,0,1,1,0,0,0,0,0,3,1,0,0,3,4,44,220,253,255,137,0,0,0,0,0,0,2,3,3,0,0,3,0,0,1,2,2,0,2,0,0,0,1,172,252,253,186,10,0,0,0,0,0,0,0,0,0,0,1,1,2,1,0,0,3,3,5,0,1,0,0,98,252,187,60,0,3,5,0,2,0,3,0,0,0,3,1,4,0,0,0,2,0,1,0,1,2,1,0,0,1,4,5,1,3,1,0,0,0,5,0,3,0,0,0,0,0,0,0
0,0,0,0,0,1,0,1,0,0,3,2,1,0,0,2,0,1,3,2,1,2,0,1,1,2,0,3,0,4,0,1,0,1,0,0,0,0,0,2,1,0,4,0,3,2,0,0,0,2,0,0,1,0,1,6,0,0,1,3,0,0,0,2,2,0,0,0,0,1,0,0,2,0,2,1,0,4,0,1,1,0,0,1,0,0,3,0,1,0,0,0,2,1,0,1,0,0,1,0,2,0,0,0,1,0,0,5,0,0,1,3,1,0,0,2,0,0,2,0,0,3,3,5,0,3,0,0,0,85,215,4,2,0,0,0,0,1,1,2,0,0,1,0,0,1,0,0,0,3,0,0,2,0,2,2,0,164,119,0,3,6,1,1,0,0,1,1,0,0,0,0,2,0,0,0,0,4,0,2,0,1,4,0,0,213,92,0,0,2,1,0,2,1,2,3,0,0,0,3,0,0,0,0,1,1,2,1,0,0,2,0,27,248,35,0,0,5,1,0,5,0,3,0,1,0,2,0,3,2,0,0,0,0,0,0,0,1,0,0,122,208,13,0,3,2,0,0,1,1,3,0,3,0,2,0,0,0,0,2,1,0,0,0,0,0,0,5,210,121,3,0,0,1,1,0,0,4,1,0,0,2,1,3,4,2,0,0,0,1,1,0,0,0,0,88,255,37,2,0,2,1,1,1,3,0,1,0,2,1,0,0,0,0,1,0,3,0,0,0,4,4,1,195,158,0,4,0,0,0,1,0,0,0,3,0,0,6,0,0,2,0,1,0,0,2,0,0,0,0,36,255,69,1,0,0,0,3,4,0,0,0,4,1,2,0,1,0,0,1,2,2,5,0,0,0,0,0,176,184,0,1,0,2,2,1,0,0,0,4,0,0,3,1,3,0,2,0,0,0,1,0,0,0,0,20,251,63,0,1,0,0,2,0,0,1,1,1,0,0,1,0,0,0,0,2,0,0,3,2,0,2,0,180,208,8,2,0,0,2,0,2,0,5,0,1,1,0,0,0,0,1,0,0,0,0,0,3,0,0,45,254,57,0,0,0,0,0,0,0,0,0,0,2,2,0,0,0,2,0,0,0,4,1,2,0,0,0,164,201,8,0,1,0,0,4,2,0,0,0,0,0,1,0,0,1,0,0,0,3,1,1,0,1,0,45,242,72,0,0,0,3,0,0,0,1,3,0,8,0,1,4,0,0,4,0,2,6,0,0,0,0,0,160,149,3,0,3,4,0,0,0,1,0,0,0,4,1,0,0,1,0,1,3,0,1,0,5,0,0,39,250,99,0,0,1,2,0,4,0,0,0,1,2,1,0,3,0,0,0,0,0,3,0,1,0,0,2,62,250,45,0,2,0,1,0,0,0,2,0,0,0,0,0,3,0,0,1,5,2,0,1,1,2,0,0,60,230,35,0,1,2,0,2,2,1,0,0,3,0,0,1,0,0,1,1,1,0,0,0,1,1,0,0,61,245,52,1,0,3,0,0,0,0,2,2,0,0,1,0,1,1,0,1,2,2,0,1,0,2,0,1,0,0,1,0,0,0,0,3,1,0,0,2,0,5,2,1,1,0,0,0,1,0,4,3,0,2,0,2,1,0,3,0,0,0,0,4,0,5,1,0,0,0,0,1,2,0,0,2,0,0,0,0,4,1,1,2,0,1,0,3,0,0,1,1,0,0,0,2,0,2,1,0,1,0,1,0,4,2,3,3,0,1,5,2,0,0,3,1,0,0,1,3,0,3,1,0,0,4,0,5,0,0
2,0,2,0,2,0,0,4,0,3,0,0,0,3,0,0,0,0,0,1,1,1,3,0,1,0,0,1,2,0,0,0,0,0,0,0,3,0,0,0,1,0,0,0,0,0,2,2,0,2,0,0,2,0,0,1,1,0,3,0,0,2,1,0,0,0,0,1,0,2,1,1,4,3,0,0,0,0,2,0,0,0,3,5,1,0,0,2,2,0,0,0,0,0,1,0,0,0,0,2,0,0,0,1,2,0,1,2,3,2,0,0,2,3,0,0,2,4,5,1,38,146,153,167,253,255,253,255,166,152,104,37,0,0,0,1,0,3,1,2,2,0,0,2,1,2,0,17,240,249,253,253,245,255,247,249,254,250,255,237,105,0,0,3,0,1,0,0,0,3,1,0,0,0,0,21,254,255,204,170,87,91,93,90,172,191,242,251,243,65,0,0,0,2,1,2,0,2,1,0,0,1,0,20,254,172,9,1,2,0,1,0,0,1,77,209,254,204,6,1,0,0,0,0,4,0,0,0,2,1,0,17,201,22,0,0,0,3,3,0,0,0,0,75,255,254,8,4,1,3,1,0,0,0,4,0,0,3,5,2,5,5,0,5,0,3,0,0,1,0,5,6,236,255,7,0,0,0,0,1,4,0,1,0,2,0,1,2,0,0,0,3,4,2,2,4,0,0,0,57,253,254,11,2,0,2,1,0,0,0,1,0,1,0,0,3,3,2,0,0,0,0,0,0,0,3,4,145,250,203,5,0,0,0,0,3,0,0,0,0,2,0,2,0,1,0,0,0,3,0,0,2,0,0,140,255,243,65,0,1,0,0,0,0,1,0,0,1,0,0,0,0,0,3,0,5,3,0,0,0,4,146,252,239,58,0,4,0,3,0,1,0,0,1,4,1,1,0,2,0,0,1,0,1,5,0,2,2,137,249,241,65,0,0,0,0,1,1,0,1,0,0,3,0,0,5,0,3,0,2,0,1,0,2,4,143,255,235,58,0,0,1,0,0,0,0,0,1,0,6,0,1,0,2,3,2,0,0,0,1,2,4,137,250,248,93,3,0,0,2,0,2,0,0,1,0,0,2,1,0,1,0,0,0,3,0,2,2,0,146,255,241,58,0,1,3,0,0,2,2,0,0,0,1,2,0,3,2,0,0,2,2,0,1,4,18,164,248,230,59,0,0,1,1,2,0,3,3,0,0,4,1,0,0,1,1,1,1,3,0,0,1,60,185,255,170,1,0,5,0,0,0,0,0,0,1,0,3,1,0,0,0,0,0,0,2,1,4,65,188,248,250,148,11,0,0,3,3,0,59,145,233,90,0,3,0,0,1,4,0,4,0,0,0,0,90,253,254,251,189,17,0,0,0,0,61,138,235,252,148,8,1,1,0,0,0,0,0,0,0,1,19,136,248,252,253,130,66,144,145,142,172,245,250,255,191,59,3,0,0,2,1,0,3,0,4,0,0,0,111,255,251,255,255,232,255,255,253,253,252,251,158,53,11,0,0,0,0,0,1,0,2,4,3,0,0,1,0,0,0,0,2,0,4,0,0,0,1,3,0,0,1,0,0,3,3,0,4,0,0,0,0,1,1,0,2,0,1,1,3,3,2,0,0,0,0,0,1,0,2,0,0,0,0,2,0,0,4,1,0,0,2,2,4,0,0,0,0,0,2,1,0,0,2,2,0,0,0,0,0,0,0,3,3,3,2,5,0,1,0,0,0,1,0,5,1,2,1,4,0,1,0,0,0,0,0,0,0,6,3,1,3,0,1
2,0,0,0,0,0,1,1,1,0,0,0,1,0,0,0,3,0,0,0,1,0,2,0,0,0,0,0,1,1,0,2,0,2,0,3,0,0,0,1,0,0,0,2,0,1,0,0,0,1,0,0,1,0,2,0,4,5,0,1,0,0,3,0,1,1,0,3,4,1,0,0,0,2,0,0,0,0,0,0,0,0,0,1,0,1,0,0,0,0,0,0,0,0,0,2,0,4,0,1,4,2,0,1,0,1,0,2,0,0,0,0,3,0,4,0,0,0,0,5,2,0,1,0,1,2,3,4,0,0,3,0,1,0,0,0,0,0,0,0,2,1,0,0,5,0,0,3,0,14,42,83,75,250,74,2,0,3,0,3,0,0,0,1,0,0,3,2,0,0,0,0,0,4,1,0,114,209,252,253,254,253,64,4,1,0,0,0,0,0,1,0,1,1,1,2,0,0,0,0,0,1,1,0,152,255,255,253,254,207,93,1,2,1,0,108,44,4,1,0,0,0,0,0,0,2,2,1,1,0,0,0,218,251,255,252,255,183,78,0,0,21,118,255,252,164,1,0,1,0,0,0,0,0,0,0,0,1,2,41,254,255,255,236,231,92,2,1,129,217,241,255,253,131,5,2,0,0,0,0,0,0,5,1,2,3,0,117,199,247,249,227,226,126,10,134,252,255,173,106,252,53,1,0,2,0,0,0,1,5,0,0,2,0,0,46,43,67,253,254,252,255,213,255,254,255,240,113,178,16,0,0,0,0,1,0,0,0,0,5,0,0,5,1,1,3,187,251,255,255,251,255,255,255,155,0,0,0,0,0,0,2,0,0,1,0,0,4,0,2,3,0,0,3,21,169,225,250,252,254,254,145,13,0,2,1,1,0,3,0,0,0,3,0,0,1,0,0,0,1,3,0,0,0,196,254,252,255,186,112,0,4,0,1,3,0,3,0,4,0,0,1,3,0,1,0,0,0,0,0,0,4,192,254,251,254,232,181,18,1,0,3,0,2,0,0,0,0,0,0,1,2,1,2,0,1,0,0,4,79,223,251,255,255,255,198,152,67,1,3,0,0,0,0,0,2,1,0,0,0,0,0,0,0,0,0,3,177,254,166,124,168,244,255,250,225,0,0,1,2,0,2,2,0,1,0,0,0,2,3,0,0,0,1,8,255,255,129,31,123,197,230,116,189,31,2,2,0,0,2,1,0,0,0,1,0,0,0,0,2,0,0,12,255,255,140,0,4,97,253,97,60,11,2,1,1,5,3,0,1,1,0,1,0,0,0,0,3,3,0,10,252,255,236,40,126,224,255,183,177,84,0,1,5,0,1,0,0,0,0,3,1,0,0,0,1,4,1,13,255,254,251,220,252,234,253,251,229,11,0,0,5,0,2,1,0,0,0,0,2,1,0,0,0,2,3,4,246,254,255,255,255,251,253,245,13,0,0,0,2,0,0,0,0,0,0,0,0,6,0,1,6,0,0,2,68,239,253,255,252,253,208,142,0,0,0,3,0,0,0,1,1,3,0,0,1,0,0,3,3,0,0,0,1,113,197,230,146,136,16,20,0,0,0,2,0,0,0,0,1,1,0,0,0,0,0,0,0,2,1,0,1,1,0,0,5,0,1,0,0,0,0,0,0,0,3,0,0,0,3,0,1,0,0,1,0,0,3,4,0,0,2,0,1,0,3,2,0,1,1,3,0,0,0,5,0,0,0,0,0,0,0,3,2,0,1,1,0,0,3,0,0,0,3,3,4,3,1,5,0,1,0,0,6
0,1,0,0,0,0,2,2,0,0,1,0,3,0,0,3,0,0,2,1,0,1,0,0,1,3,1,0,0,1,0,0,4,2,0,0,0,0,0,3,2,0,0,1,0,0,1,0,4,1,2,1,0,0,2,3,0,1,0,3,0,4,4,1,0,1,0,0,3,6,0,0,0,0,0,0,3,0,3,0,0,0,2,1,0,0,3,2,0,0,0,1,0,0,0,0,0,1,0,0,0,0,0,1,0,3,0,0,0,0,0,0,0,0,0,0,0,0,0,0,0,3,0,1,1,174,98,0,7,0,3,1,0,0,0,4,1,4,0,3,4,1,0,0,3,0,0,1,0,1,0,0,29,241,169,0,0,2,0,0,0,0,0,0,0,2,0,0,0,0,0,1,0,1,0,0,6,4,2,3,161,255,120,3,0,0,6,2,3,0,0,3,0,2,0,3,3,0,2,2,0,0,0,0,2,0,0,1,44,253,54,2,1,0,0,3,0,7,4,2,0,1,0,0,0,0,0,0,0,0,4,2,1,0,0,0,101,233,20,0,0,0,97,15,2,0,0,5,0,1,0,0,0,1,0,0,2,0,0,1,0,0,2,0,186,193,4,1,1,9,249,60,2,0,0,1,0,0,1,1,2,0,0,2,0,5,2,0,0,0,0,36,231,105,3,0,0,9,235,0,6,2,1,1,0,2,1,0,0,0,1,1,0,0,0,0,2,0,4,160,241,34,0,0,2,121,231,2,0,1,0,0,0,2,1,1,0,0,0,0,0,0,2,0,2,0,48,253,82,2,1,0,4,207,144,0,0,3,2,0,0,0,0,2,0,0,0,0,0,0,1,0,1,0,165,162,0,1,0,3,13,255,65,2,1,1,2,4,2,4,0,0,5,1,0,0,0,0,0,1,0,40,238,58,2,0,1,0,119,249,0,3,2,0,0,3,5,5,1,0,1,0,0,0,0,1,4,1,0,165,228,63,128,149,146,97,228,173,1,0,0,0,0,0,1,0,0,0,0,0,2,0,4,2,0,0,62,252,251,254,253,191,178,244,254,63,0,0,0,0,0,0,2,0,0,0,0,0,0,2,0,0,0,0,43,165,89,79,9,3,0,147,254,9,0,3,3,0,0,0,0,0,0,0,0,1,0,3,0,0,0,0,1,0,1,3,2,3,0,205,198,6,0,0,0,0,0,0,0,0,0,2,0,5,0,0,0,0,1,5,0,0,1,0,0,1,0,226,116,6,0,0,0,0,0,0,0,0,0,0,0,0,0,1,0,0,3,0,4,1,5,1,1,1,8,233,85,1,0,1,0,3,3,0,0,0,0,1,0,0,1,1,0,2,0,0,2,0,0,4,1,1,71,254,12,0,1,0,2,4,0,1,0,0,0,0,1,0,1,1,3,0,0,3,0,0,5,3,2,0,130,215,11,0,3,0,2,2,3,0,3,3,0,0,0,0,0,0,0,0,0,0,0,0,3,0,0,4,136,112,0,4,2,0,0,0,1,0,0,1,0,2,1,0,0,0,2,0,2,0,0,3,3,0,0,0,4,0,0,1,1,0,3,0,0,3,0,4,0,0,2,0,0,0,1,0,0,0,0,0,1,0,0,0,4,0,0,0,0,0,3,0,2,0,0,0,2,0,0,1,0,0,0,0,3,0,0,1,0,0,2,0,0,0,2,3,0,3,0,6,1,0,0,0,0,0,2,0,0,0,2,0,2,0,3,6,0,4,0,0,4,1,3,0,0,5,0,0,2,0,4,0,5,0
2,0,3,0,1,0,0,0,0,0,0,0,4,0,2,0,0,0,0,3,2,0,2,0,0,0,2,2,0,0,1,0,0,0,0,1,0,2,0,0,3,0,0,4,1,0,1,0,0,0,0,1,1,0,1,0,0,0,0,0,0,0,0,2,3,0,2,0,0,1,0,0,1,0,0,0,0,4,0,0,2,0,0,0,2,1,0,2,0,0,0,1,3,3,0,0,0,0,0,0,0,0,0,0,0,0,0,0,0,3,1,0,0,0,0,0,0,0,0,0,0,0,0,0,0,0,0,1,51,149,0,1,0,0,1,0,0,0,0,4,1,1,1,0,3,0,0,2,2,0,3,0,0,0,0,0,192,255,0,0,0,0,2,1,0,0,0,1,0,1,0,1,1,4,0,3,0,0,0,0,1,0,3,163,255,255,83,1,1,0,0,0,0,0,1,4,0,0,3,0,0,0,0,1,3,0,4,0,0,1,0,207,253,212,0,2,0,1,0,2,0,0,0,0,1,3,4,1,0,2,0,0,0,0,1,0,4,0,33,237,255,252,0,4,0,3,0,0,1,2,0,0,2,4,1,2,0,0,0,0,4,0,2,0,0,0,132,250,253,132,0,1,1,0,1,3,2,2,0,3,0,2,0,1,0,0,0,1,0,1,1,0,0,0,150,253,144,1,0,1,0,0,0,1,0,1,2,2,0,0,0,0,2,0,1,1,0,0,0,2,2,0,232,254,142,0,2,0,1,1,0,0,2,0,0,0,0,0,2,2,0,4,1,1,0,2,0,1,3,81,254,251,183,6,0,1,0,3,0,0,0,0,1,1,0,0,2,2,0,0,2,3,0,1,0,2,0,204,255,253,99,0,0,0,4,0,1,0,0,1,0,0,1,0,2,3,0,5,2,0,0,2,3,1,31,234,244,82,3,3,2,0,0,0,0,3,3,0,0,2,0,2,3,0,0,1,0,0,0,1,4,1,48,252,202,0,0,3,0,1,5,0,0,0,2,2,1,1,0,0,6,0,2,0,0,3,1,1,0,0,126,251,99,0,3,0,0,0,1,0,4,4,0,3,0,0,2,0,0,0,0,1,0,0,0,0,0,43,255,253,143,0,1,0,3,0,1,2,4,3,0,4,0,0,0,0,0,0,4,0,3,0,3,0,0,100,255,253,80,2,2,0,2,1,0,2,0,0,0,0,3,0,0,0,0,1,0,0,1,2,5,0,83,225,255,173,2,0,2,4,0,0,0,0,2,0,0,2,0,0,1,2,1,0,2,1,0,1,1,0,71,254,204,39,0,0,3,0,0,0,0,0,2,5,1,0,1,0,0,0,0,0,0,1,3,3,1,2,192,249,161,0,0,0,2,4,0,0,2,1,1,0,0,2,1,1,1,4,0,0,2,0,1,2,1,123,247,245,40,1,8,0,0,5,0,0,0,0,1,0,0,1,4,0,1,0,0,0,3,2,0,0,2,162,180,98,3,0,0,0,1,0,0,0,0,0,0,0,0,5,0,6,0,0,0,1,0,0,1,2,0,0,0,2,0,0,3,3,2,0,2,3,3,0,0,5,1,5,2,0,0,0,0,0,2,0,0,0,5,0,0,0,1,2,0,0,2,0,0,1,0,0,3,0,3,0,0,0,0,1,3,0,5,0,0,0,0,0,1,0,2,1,1,2,0,0,0,0,0,0,0,4,1,0,3,0,0,2,0,0,0,0,0,0,2,2,0,0,0,1,1,2,1,0,1,0,1,0,0,0,0,1,5,3
0,3,2,0,0,2,2,2,1,1,0,0,2,0,0,0,0,0,0,0,0,0,1,5,0,1,0,5,3,0,0,1,1,0,4,0,1,0,0,0,0,0,0,1,0,4,2,1,2,0,2,0,1,0,0,0,0,0,1,0,0,0,3,3,0,5,0,3,1,0,0,2,1,3,3,1,3,0,0,2,0,4,2,2,0,0,4,2,2,1,0,0,0,0,0,0,2,0,1,0,0,0,1,0,2,0,9,0,1,0,2,0,4,0,0,0,0,0,0,3,0,0,0,3,0,0,0,0,3,4,3,0,0,3,0,0,3,2,0,3,3,0,0,5,1,0,0,2,2,1,0,0,0,5,0,0,5,0,1,2,0,0,1,0,0,0,1,0,0,0,0,1,2,3,0,0,2,2,0,2,0,0,0,0,0,0,0,2,5,0,0,0,1,0,3,1,3,0,0,0,1,0,3,3,0,0,0,7,94,177,169,158,155,83,0,0,0,0,4,1,1,0,2,0,2,0,0,5,1,0,0,0,0,127,202,215,248,252,252,251,250,242,45,4,0,0,0,0,0,0,3,4,0,0,0,2,0,0,0,68,252,243,203,144,102,99,99,0,200,255,51,1,3,0,0,3,0,0,0,0,2,0,0,1,4,2,0,172,70,38,2,0,2,0,0,1,206,252,129,0,0,1,0,1,0,0,1,0,0,0,0,1,0,4,0,4,1,1,0,0,4,0,2,1,205,254,52,3,1,4,1,0,5,0,0,3,0,2,0,0,0,2,0,3,1,4,1,0,1,0,0,1,203,228,31,2,0,0,0,0,0,0,3,0,0,0,0,0,0,0,0,2,0,0,6,2,1,1,1,0,203,179,0,0,0,1,0,0,0,7,0,2,1,1,2,1,1,2,2,6,2,0,0,0,0,0,2,42,244,103,2,5,2,1,0,0,0,0,0,1,1,0,0,0,3,1,0,0,0,0,0,0,0,0,0,151,254,39,5,0,0,2,0,2,5,0,0,0,0,0,0,1,0,5,1,1,2,2,1,2,0,0,0,231,212,1,0,3,0,0,0,0,0,0,3,0,0,0,0,4,1,1,0,1,0,2,2,2,1,0,19,253,91,0,6,2,2,0,3,1,0,2,0,0,0,0,1,5,2,2,0,2,0,1,0,3,0,2,101,251,53,0,0,1,0,2,1,1,0,0,5,0,0,0,2,0,0,0,0,3,4,0,0,0,0,13,211,200,20,1,0,0,0,0,0,2,0,1,0,0,1,0,1,0,0,0,0,0,1,0,0,3,1,54,251,59,1,0,0,0,0,0,1,1,0,2,5,0,0,0,0,0,0,3,0,0,0,1,2,3,0,134,254,3,0,0,1,0,0,3,4,2,0,2,0,2,0,0,0,2,0,1,0,0,0,0,0,0,40,250,173,0,1,0,0,1,0,1,0,0,0,1,1,3,0,0,0,0,4,0,0,0,2,2,0,1,100,244,77,3,3,0,0,0,0,0,3,0,0,3,0,0,2,1,3,0,2,0,0,0,0,0,1,0,184,204,3,0,0,0,0,3,0,1,0,0,0,0,0,2,0,1,1,1,2,4,5,0,2,1,1,74,252,120,0,0,0,0,0,1,0,0,0,3,0,0,2,2,2,3,0,1,2,1,0,5,1,0,0,109,210,0,0,0,0,0,0,0,0,1,0,0,0,0,0,2,2,0,1,0,0,3,1,3,2,0,4,4,2,1,0,1,0,1,1,3,0,1,0,0,5,0,0,2
0,0,0,2,0,2,0,0,0,3,0,0,4,0,0,0,0,0,2,0,0,0,0,0,0,0,1,0,0,6,0,0,2,1,1,1,0,0,1,1,1,2,0,2,0,0,0,0,3,0,0,3,2,0,1,1,2,0,1,0,5,0,0,1,0,0,2,2,0,3,0,0,0,0,0,1,1,0,0,1,0,0,1,0,0,0,0,1,0,0,3,0,0,0,1,4,0,0,3,1,1,0,0,0,3,0,0,1,2,0,0,0,0,1,3,3,1,0,0,0,5,1,9,120,241,218,212,190,72,8,0,0,2,2,3,1,3,0,1,0,0,0,2,1,2,0,0,1,0,0,50,251,255,254,251,249,252,79,1,0,0,0,0,0,0,3,2,0,0,0,0,0,0,1,4,2,1,0,5,117,140,141,230,255,255,244,99,0,2,0,2,1,2,0,1,0,2,0,4,0,3,0,1,0,0,2,0,4,4,9,209,255,253,235,5,0,0,0,0,0,0,1,3,0,1,0,0,0,0,0,0,1,3,0,0,2,52,202,255,251,238,63,1,1,1,0,1,4,4,1,0,1,0,2,0,1,1,0,0,0,0,0,0,40,231,255,255,144,56,1,0,2,0,1,0,0,0,3,1,2,0,0,1,0,3,0,4,0,0,0,0,88,251,252,254,102,0,0,2,0,0,2,0,4,4,1,0,1,5,1,0,0,0,1,0,0,6,0,1,21,164,255,255,250,165,14,2,0,0,0,0,0,0,1,0,3,0,3,0,0,1,2,0,0,0,0,0,0,1,45,224,254,252,194,9,1,0,0,1,1,2,1,3,5,4,0,0,1,0,1,0,0,1,0,0,1,0,1,31,154,254,254,188,0,0,0,2,0,0,0,0,0,1,0,0,0,0,2,0,2,1,1,3,1,0,0,0,12,151,255,247,100,3,1,1,0,0,0,0,5,0,0,0,0,0,0,0,2,2,2,1,0,0,1,0,1,28,227,249,223,79,0,0,0,3,0,0,0,0,0,0,0,0,0,0,0,0,3,0,1,0,1,0,3,2,98,254,255,147,0,0,1,1,2,0,0,2,1,0,0,0,5,0,0,3,2,0,0,0,0,0,0,26,211,255,255,63,2,0,0,2,0,0,0,0,1,0,0,3,0,0,0,0,1,0,1,1,0,24,142,242,255,238,127,0,0,0,0,0,0,1,0,3,0,0,2,1,0,0,0,0,0,2,0,61,87,239,255,255,255,46,1,1,2,0,2,0,0,1,0,0,0,1,0,0,2,0,15,138,204,105,138,253,255,255,201,127,47,1,1,0,2,0,0,0,0,0,5,0,0,0,1,2,6,0,155,255,255,255,254,251,255,195,6,0,1,0,0,0,4,2,0,0,0,0,2,0,1,0,0,0,0,6,197,252,255,254,225,175,76,20,3,0,0,2,2,4,3,0,4,0,0,0,0,2,0,0,0,1,0,0,153,215,95,40,23,1,0,2,2,0,5,0,0,4,0,0,3,2,0,0,0,0,2,0,1,4,1,4,0,2,2,0,1,2,0,0,0,3,1,0,0,0,3,0,0,2,3,0,0,0,0,0,0,1,1,0,5,0,0,0,0,3,5,0,0,0,0,4,0,1,0,0,0,0,0,2,0,2,4,2,3,1,1,0,4,0,3,0,0,2,2,0,0,0,0,0,2,5,1,0,3,0,4,4,1,0,0,3,0,0,0,3,0,0,5,5,0,0,0,0,2,2,1,0,2,2,0,0,0,0,0,3,0
2,6,0,0,1,1,0,0,0,0,0,0,0,2,0,0,0,4,2,4,0,0,1,6,1,0,0,0,0,0,2,1,1,4,3,0,0,0,1,0,1,0,0,0,0,1,0,0,4,0,1,0,4,2,2,5,0,0,0,0,0,0,0,3,0,2,0,0,3,3,1,2,2,4,5,0,0,0,5,0,0,0,0,0,0,3,0,2,0,0,2,0,1,0,0,0,0,2,4,3,0,3,0,5,5,1,3,1,0,2,0,0,4,0,3,0,1,0,2,1,3,2,0,28,227,198,172,173,109,26,3,0,0,1,0,4,0,2,0,0,3,1,2,0,0,0,0,0,0,5,0,132,255,241,246,238,255,250,105,0,0,0,0,0,0,1,0,4,0,0,0,0,0,0,0,3,0,0,6,153,248,21,48,25,76,231,242,24,4,0,2,0,2,2,0,4,2,3,0,1,0,1,4,0,0,8,0,155,109,0,0,0,0,202,251,30,0,2,0,0,3,1,1,0,0,0,0,0,0,0,0,3,3,0,0,86,46,0,3,0,79,242,200,7,9,3,0,0,0,0,0,2,1,3,2,0,1,2,1,1,2,2,0,0,0,2,1,38,248,246,45,0,0,1,0,0,0,0,0,2,0,1,0,3,0,2,0,0,1,0,0,3,0,0,20,165,249,85,1,2,1,0,0,0,2,1,1,0,6,0,2,2,0,3,2,3,2,2,1,0,45,125,242,254,98,0,0,0,0,0,1,3,1,3,0,0,0,3,0,0,3,0,0,2,2,0,0,74,251,255,242,36,2,0,6,0,2,0,2,0,3,0,0,0,0,0,0,2,1,2,3,0,0,0,0,26,114,153,255,152,19,0,0,3,0,0,0,0,0,0,3,0,0,0,0,4,0,0,0,0,0,3,0,0,1,0,150,252,87,0,0,0,0,1,0,0,0,0,0,0,0,0,2,3,0,2,0,0,0,2,1,0,0,0,15,227,224,1,2,0,3,0,2,1,0,0,1,0,0,2,3,0,0,5,3,0,0,0,1,2,0,0,2,127,254,50,0,0,0,3,2,0,4,2,0,3,0,1,0,3,0,0,1,0,0,0,0,3,0,0,0,46,251,48,1,0,0,3,0,3,3,2,0,1,1,1,0,1,3,2,0,9,0,4,0,0,2,0,4,108,251,52,3,3,3,0,0,0,0,0,0,0,3,0,1,0,0,1,34,172,14,6,4,1,0,2,3,191,239,22,0,3,0,1,1,0,2,1,0,0,0,0,2,1,0,1,115,187,31,0,0,0,0,0,2,202,202,0,0,0,2,4,0,5,0,0,3,1,2,0,1,0,0,1,18,206,226,91,21,5,0,4,58,255,120,0,0,0,4,3,4,4,0,0,3,0,0,4,0,0,0,0,6,50,205,254,242,242,160,153,221,214,24,2,0,1,0,0,0,4,3,2,2,1,0,1,0,2,2,0,2,0,4,128,201,225,254,255,193,49,3,2,2,0,2,4,0,0,0,1,1,1,1,1,0,0,0,0,0,0,0,1,1,4,0,0,0,0,0,3,0,0,1,3,0,1,2,0,0,1,0,0,2,5,0,1,1,2,0,0,0,1,0,4,1,0,1,0,0,0,2,1,0,2,1,4,0,0,1,1,3,1,0,1,1,0,3,1,4,4,2,0,0,0,0,4,1,1,0,1,1,1,1,0,0,0,1,0,1,3,0,1,0,1,0,0,0,0,7,0,0,0,2,0,2,0,0,4,1,0,0,3,0,0
1,2,1,0,0,0,0,0,1,3,0,0,1,2,1,5,0,3,2,4,0,0,0,4,2,0,0,0,0,0,3,0,0,1,1,3,0,0,0,0,0,0,0,5,0,4,0,3,0,0,0,0,0,0,2,1,0,6,1,1,1,5,4,1,2,1,0,0,1,3,0,0,5,2,1,1,3,2,2,3,0,1,0,2,2,0,1,0,3,2,1,2,3,0,0,1,5,0,0,0,0,1,0,0,0,0,0,1,3,0,0,0,0,2,3,0,3,1,0,1,2,1,0,0,34,57,216,170,155,158,59,1,1,0,0,0,0,2,5,1,2,1,0,0,0,0,0,3,1,0,22,147,233,254,250,252,255,252,203,7,0,2,0,1,0,0,0,0,0,0,2,2,0,1,0,0,33,101,242,253,254,252,252,186,173,243,252,96,2,1,0,0,0,0,0,0,0,0,1,0,0,2,1,0,149,253,253,255,201,79,19,1,0,88,242,155,0,0,3,0,0,0,0,0,1,2,3,2,0,0,6,0,194,253,243,88,1,0,0,0,0,0,155,0,0,0,0,0,2,1,1,1,0,0,3,5,0,0,0,0,193,255,247,46,3,1,3,0,0,0,3,0,3,0,0,2,0,0,0,0,0,1,0,0,0,0,0,0,105,255,255,224,32,0,3,1,0,0,2,2,0,0,3,0,0,0,1,0,2,0,0,0,0,0,3,0,0,221,255,250,227,46,4,2,0,0,0,0,6,0,0,4,0,0,1,0,2,0,4,0,0,1,0,0,3,36,216,255,255,245,79,78,77,77,22,0,4,2,0,0,0,0,0,0,0,0,0,0,0,0,0,5,0,0,31,220,247,253,255,253,223,247,152,0,3,1,1,0,0,0,0,0,0,0,3,5,1,0,0,0,2,0,0,102,255,252,255,255,193,44,0,0,2,3,2,0,0,2,0,0,0,4,0,0,1,2,0,1,1,0,72,241,252,255,255,251,255,63,2,0,0,1,0,1,2,1,0,0,0,0,0,4,0,0,0,8,0,22,227,249,253,188,79,226,253,211,70,0,3,0,0,3,0,2,6,1,2,3,0,0,0,2,0,0,0,115,255,255,219,5,0,63,212,255,249,67,0,0,1,0,2,1,0,0,0,1,4,2,0,0,0,0,0,154,253,255,212,0,0,1,141,255,253,195,2,0,0,0,1,0,1,0,0,0,1,3,0,1,0,1,2,95,253,251,216,0,2,1,2,211,255,193,0,1,0,0,0,1,0,0,0,0,0,0,0,0,0,0,0,11,222,248,247,181,59,18,12,141,253,195,0,0,3,0,0,0,2,1,1,0,0,0,6,5,0,0,0,0,121,252,254,250,255,254,230,246,255,194,0,0,0,0,7,0,0,1,0,0,0,1,1,2,5,0,0,0,2,117,236,255,250,253,253,247,234,125,0,5,1,0,1,0,2,0,0,0,0,1,4,0,0,0,0,0,0,4,27,137,217,255,187,139,37,2,0,0,1,2,2,0,0,0,3,0,4,0,2,0,4,0,0,0,0,2,0,0,2,0,0,4,0,4,0,2,2,0,4,0,0,0,2,0,0,2,1,0,4,2,0,0,0,0,1,1,0,0,3,2,0,1,2,0,0,0,0,0,0,0,0,0,0,3,0,0,0,1,4,0,2,0,1,1,3,0,0,0,1,0,0,3,0,0,0,1,0,0,2,0,0,3,4,0,1,1,2,1,0,0,3,0,0,0,4,3,3,0,1,1,2,0,0,2,0,2
0,0,0,2,1,1,2,0,2,0,1,0,1,0,0,1,0,0,0,0,1,0,0,0,2,0,0,1,1,2,0,3,0,0,0,1,2,2,0,4,0,0,0,0,0,0,3,0,2,0,1,1,3,0,0,4,0,0,2,7,2,0,3,0,0,2,0,1,2,2,0,0,6,1,3,0,1,2,3,2,2,2,0,2,0,2,0,3,0,2,3,0,0,1,3,1,0,0,1,0,1,1,0,0,1,0,0,1,1,0,2,0,4,2,1,0,0,0,0,0,0,0,0,0,0,1,0,0,0,3,0,0,1,0,1,1,0,0,0,0,6,0,2,0,0,0,0,4,2,0,3,3,9,0,1,1,1,0,0,2,1,0,0,2,0,0,3,0,0,0,4,2,0,0,0,4,0,0,0,84,119,122,185,252,198,120,122,24,0,0,1,0,2,3,0,0,2,0,0,0,0,2,0,40,222,241,242,249,253,249,255,254,254,252,252,109,1,5,0,0,1,0,1,0,2,0,1,1,0,0,2,213,255,251,251,255,255,253,250,252,251,250,253,210,26,1,2,3,3,0,1,0,0,0,1,1,0,0,0,225,253,250,254,252,247,253,253,250,253,255,251,250,222,122,30,1,1,0,0,3,0,2,0,0,0,0,1,195,249,253,204,55,68,222,185,121,53,54,75,225,249,249,91,0,1,0,0,0,0,0,1,0,0,2,0,27,226,251,212,14,5,35,0,0,0,18,187,251,240,180,22,0,1,0,1,0,0,2,2,3,0,3,2,2,110,223,252,180,35,0,1,3,19,188,251,250,200,0,0,1,0,3,2,0,3,3,0,0,0,3,3,2,0,60,235,249,243,84,1,1,193,254,255,195,77,0,3,5,0,3,0,3,0,1,0,1,0,0,0,0,0,2,22,200,247,247,147,76,246,251,246,51,0,0,0,1,0,3,1,1,0,0,2,0,3,2,3,2,0,0,0,1,92,251,250,254,253,205,84,2,4,2,1,0,0,4,0,0,0,0,0,0,0,0,0,0,0,0,0,0,15,205,251,252,252,31,0,1,0,0,0,3,1,0,0,3,3,1,0,0,0,0,0,0,0,1,1,0,0,142,248,254,251,27,0,0,0,1,0,1,3,0,1,0,1,0,0,0,2,4,1,0,0,1,1,0,26,242,254,253,254,143,2,0,0,1,0,0,0,0,1,3,1,4,6,0,0,0,0,0,6,0,0,0,70,251,212,109,197,236,33,2,0,0,0,0,0,0,3,1,0,0,0,0,0,1,0,0,0,0,7,25,235,247,90,0,109,254,41,0,0,0,0,1,0,1,0,3,2,0,5,1,0,0,3,5,0,0,0,140,250,140,5,0,205,253,40,0,0,2,2,4,0,0,1,2,3,2,0,0,0,0,4,0,0,4,0,176,255,128,113,177,248,186,14,1,2,5,0,0,0,0,2,3,0,3,3,3,0,1,0,5,0,0,0,178,252,255,253,251,254,142,1,5,0,0,0,0,0,1,2,0,0,4,4,0,3,0,0,1,3,0,1,171,254,253,253,253,180,12,3,1,0,5,0,2,6,0,1,2,0,0,3,1,0,0,0,0,0,0,0,103,255,253,183,120,8,1,0,3,0,0,1,5,2,0,0,0,0,4,0,0,0,0,0,0,0,0,0,1,0,3,0,1,0,4,1,0,3,0,0,0,1,0,0,1,0,1,0,2,3,0,0,4,0,1,0,4,0,0,0,0,0,0,0,4,2,0,2,4,0,1,2,0
0,2,2,0,1,3,3,2,0,0,1,0,0,2,1,0,1,1,0,2,0,0,4,3,0,3,0,0,5,0,4,2,0,1,0,0,1,0,0,4,0,0,1,2,0,0,1,0,3,2,3,0,0,3,0,2,0,0,0,0,0,0,0,5,2,0,0,2,0,4,0,1,0,0,0,4,2,0,0,0,0,0,5,0,0,1,2,3,0,0,0,2,1,0,1,0,2,3,0,0,0,0,0,0,3,1,0,0,0,3,0,2,0,0,0,0,0,0,3,3,0,0,0,2,3,0,0,0,0,0,0,0,0,0,0,3,0,0,0,0,0,1,0,0,0,0,0,0,0,0,3,0,3,0,2,0,0,2,0,0,4,0,2,0,0,0,0,0,0,2,4,1,0,0,1,1,0,0,3,36,68,91,163,160,254,252,71,0,5,5,0,0,1,0,3,1,1,0,2,0,0,1,1,35,209,226,223,237,255,251,254,252,255,251,136,0,0,4,1,0,2,1,1,0,0,0,0,5,3,0,4,48,79,216,210,202,147,150,135,56,116,255,140,1,0,1,0,0,0,0,2,0,1,5,3,0,1,0,2,0,1,0,2,0,2,0,4,0,74,255,140,0,1,4,0,0,0,0,0,0,0,0,0,1,0,0,0,2,2,0,0,0,0,0,4,1,163,255,139,0,0,1,0,3,0,0,2,5,1,0,2,0,2,1,0,0,0,2,0,1,0,0,0,5,233,255,63,0,0,0,2,3,1,0,1,0,0,0,0,0,1,1,1,0,2,0,1,0,0,1,1,10,251,237,30,0,0,0,0,2,0,0,0,0,0,0,1,1,0,0,0,1,0,0,0,0,0,0,0,103,254,182,2,0,0,0,0,1,0,0,1,0,0,0,1,0,0,0,0,0,0,0,0,0,0,0,0,150,254,70,0,2,1,4,0,2,0,0,0,0,4,0,0,0,0,2,0,0,2,1,1,0,1,3,0,201,250,17,1,0,0,0,4,5,2,0,0,0,0,0,0,0,3,0,2,0,1,0,0,0,0,1,27,238,255,16,0,0,0,0,0,6,0,0,0,0,4,0,0,0,1,0,0,1,0,3,4,0,3,0,49,255,172,1,0,0,0,0,3,1,0,2,0,1,1,2,2,2,2,2,0,3,1,1,0,2,0,2,171,249,50,0,0,1,2,0,0,3,1,1,0,0,1,4,0,0,0,5,3,0,5,0,0,0,0,50,243,246,2,1,0,2,2,1,0,1,0,0,0,3,0,4,0,2,0,0,2,0,0,0,0,1,4,84,253,230,35,41,0,2,1,0,1,0,2,2,1,0,1,0,2,0,2,2,0,0,1,0,1,4,0,201,255,163,176,3,1,0,3,5,1,0,0,0,0,1,0,0,0,2,0,0,0,2,2,1,1,0,69,255,254,251,83,2,0,1,1,0,3,3,2,2,0,0,1,0,0,0,3,0,0,0,0,0,0,0,95,254,255,171,3,6,1,1,1,0,3,0,2,0,1,3,1,0,0,3,0,0,2,1,0,0,0,0,171,253,216,9,0,0,3,3,0,0,1,0,1,1,0,0,4,0,0,0,0,2,0,4,2,0,1,0,120,232,47,0,0,0,0,0,0,1,1,0,0,0,0,0,0,0,0,4,0,3,2,4,2,3,2,0,0,1,2,0,2,2,3,0,0,0,0,0,0,1,0,2,1,0,4,0,1,0,4,0,0,2,0,0,1,0,0,0,1,2,3,2,1,1,2,0,2,2,0,1
0,0,0,0,0,0,0,0,0,0,0,1,0,2,0,1,0,0,1,1,2,0,0,2,1,0,1,2,0,0,0,0,1,0,2,1,0,1,1,4,0,0,1,2,1,1,1,0,0,0,2,0,0,0,0,0,0,1,2,0,0,0,2,1,0,5,2,2,2,0,0,1,1,3,2,4,0,0,0,0,2,0,0,1,3,4,0,0,2,4,2,0,0,0,2,0,2,0,1,2,0,0,3,0,0,0,0,0,0,3,0,2,0,1,2,0,2,0,1,3,0,1,1,3,0,1,0,2,1,1,0,1,2,4,2,2,3,1,0,0,0,0,0,0,1,0,0,0,0,1,1,0,2,4,0,1,0,0,0,0,1,0,0,0,3,0,0,0,1,0,0,0,1,0,0,1,0,0,0,4,1,2,0,0,2,0,3,2,0,0,0,0,0,5,0,0,0,0,3,1,1,2,0,0,2,4,42,149,169,251,255,251,207,86,0,2,1,0,1,0,0,0,0,2,1,0,0,2,1,0,1,2,20,144,235,255,206,196,197,196,229,254,173,3,0,0,1,1,3,3,0,0,0,4,3,0,1,0,0,17,232,254,166,45,10,1,2,3,19,160,255,63,0,2,4,1,0,5,0,4,0,0,0,5,2,0,0,99,253,54,3,2,0,0,0,0,0,114,252,0,0,3,3,3,0,3,1,0,0,0,0,0,0,0,27,235,194,0,0,0,2,5,0,1,4,169,187,23,40,6,1,0,0,0,0,0,0,0,1,0,0,0,13,220,183,2,0,0,1,1,2,0,1,5,57,255,198,0,0,0,0,3,2,1,0,4,0,1,2,0,0,149,252,55,0,1,0,0,2,0,0,4,175,255,198,3,4,0,1,0,0,2,2,0,4,1,2,0,0,30,255,180,3,0,0,0,0,0,0,61,246,255,78,0,0,0,2,0,2,2,0,1,0,0,2,3,0,4,119,255,130,6,0,3,4,0,2,149,255,188,2,0,1,2,1,0,0,1,4,0,0,3,0,1,0,1,0,131,247,178,50,0,0,4,61,241,227,23,0,1,0,0,0,0,0,0,0,1,0,0,1,2,0,0,0,0,18,206,252,192,160,249,255,254,133,2,1,2,0,4,0,2,1,0,0,3,0,3,0,1,0,0,0,3,0,6,89,175,234,221,244,243,33,0,2,0,0,3,0,1,1,0,0,0,2,0,0,0,2,0,0,0,0,0,0,3,25,21,222,190,1,0,0,0,3,2,0,0,5,1,0,0,0,1,1,0,0,0,2,2,0,4,1,3,0,93,252,145,0,0,0,0,3,1,0,1,0,3,2,0,0,1,0,0,0,0,0,1,2,2,0,0,1,111,255,178,1,0,0,3,2,0,0,0,1,2,0,0,0,0,0,0,1,2,1,2,0,1,0,0,0,52,254,144,0,1,0,6,0,0,0,0,1,1,0,0,0,0,3,3,0,0,0,3,1,0,1,0,0,25,232,225,0,0,0,3,0,1,4,3,0,3,0,0,0,0,1,1,0,0,0,0,5,0,0,1,0,3,220,237,0,0,0,0,0,0,0,5,0,0,0,2,0,0,2,2,5,0,0,0,0,0,0,0,1,1,220,236,0,1,0,4,0,4,0,0,0,3,0,0,0,3,0,1,1,0,1,0,2,5,0,0,4,4,185,233,0,0,5,1,0,0,3,1,0,2,1,0,0,0,3,1,0,3,0,0,0,2,7,0,0,3,0,1,4,0,2,0,0,2,0,0,0,0
0,2,0,2,0,3,0,0,3,0,5,0,0,0,0,1,0,0,0,0,0,0,3,0,0,1,0,0,0,0,1,0,1,0,0,0,4,0,2,0,0,0,4,0,0,0,0,0,0,2,0,1,2,0,0,3,0,2,0,5,5,0,0,0,0,0,0,0,0,0,0,0,1,0,0,0,0,6,5,0,2,2,0,2,1,0,4,0,0,0,0,64,191,254,255,255,131,0,0,0,0,0,0,4,0,1,1,0,2,0,0,1,0,1,1,1,0,2,2,131,253,255,255,255,255,192,66,0,1,0,0,0,2,0,0,0,0,0,0,0,0,0,0,0,1,0,2,126,255,255,252,253,254,253,255,0,3,3,6,3,0,0,0,0,0,0,0,0,1,5,5,0,3,0,0,63,194,130,128,129,131,255,255,254,63,0,0,0,0,0,0,0,0,5,1,0,0,0,1,0,0,0,0,0,0,1,0,0,0,65,255,254,191,0,2,0,0,0,3,0,1,0,0,2,0,0,0,0,1,4,0,1,2,0,0,2,0,0,63,252,252,192,1,4,2,0,0,3,0,0,0,0,0,0,1,0,3,0,4,0,0,0,1,0,2,4,4,188,255,251,67,1,1,2,0,0,0,0,1,2,0,0,0,1,0,0,0,0,1,0,2,1,2,3,3,65,195,254,255,0,0,0,5,0,0,2,4,0,2,0,0,2,6,3,0,0,0,3,0,2,0,0,0,0,125,255,255,0,0,2,0,2,0,0,4,0,0,1,2,0,1,0,0,0,0,7,0,0,0,0,1,1,133,254,250,62,5,4,3,2,0,0,2,0,3,1,0,2,0,0,0,4,2,0,0,0,4,0,0,1,129,254,252,128,0,0,0,0,2,0,0,1,0,0,0,0,2,4,0,3,0,3,0,1,0,1,2,0,190,255,254,3,1,1,4,0,0,2,0,0,0,0,0,5,2,3,3,2,4,0,2,0,0,0,0,193,251,255,253,0,0,1,0,3,2,0,0,0,4,0,0,0,0,0,0,0,2,2,0,2,1,0,192,255,253,255,67,0,1,2,0,0,2,0,0,0,0,0,0,3,0,0,0,3,2,1,0,2,65,255,255,254,255,255,4,0,0,0,0,0,0,3,0,0,1,0,0,0,0,3,4,0,0,3,4,188,255,255,255,255,255,131,0,2,0,0,0,0,0,3,2,0,1,0,0,0,0,2,0,0,0,0,124,255,254,251,255,255,254,3,4,0,0,5,3,3,0,3,2,0,0,0,0,0,0,1,2,0,0,0,125,255,254,253,254,255,255,255,255,253,252,192,61,3,1,5,2,1,2,4,2,0,0,0,0,0,0,4,2,253,255,255,254,255,255,253,255,255,255,192,63,0,1,0,0,0,3,3,1,2,3,0,6,0,5,0,0,189,255,255,255,254,252,255,255,255,125,68,0,0,2,4,1,3,1,0,3,2,2,0,0,4,0,0,2,0,0,0,0,3,1,0,0,1,2,1,0,0,0,1,0,0,0,3,1,0,1,1,1,0,4,0,0,2,0,0,1,0,2,2,0,0,0,0,0,5,2,0,1,0,0,1,0,0,0,0,0,1,0,1,0,0,1,4,0,1,5,6,0,1,1,0,0,0,0,0,1,2,0,0,0,1,1,0,0,3,0,0,0,1,0,0,0,0,0,0,0,0,0,0,0,1,0,0,3,0,0,0,0,2,2,0,3,1,0,2,3,2,0,2,1,0,0,0,4,0,1,2,0,0,2,2,0,0
2,2,0,1,0,0,0,0,1,0,0,4,0,0,2,1,0,0,0,0,1,3,2,0,1,0,1,3,0,0,0,0,0,0,0,4,2,0,0,0,0,0,0,0,0,0,0,0,1,0,0,1,2,0,4,0,1,0,0,6,2,0,2,0,0,2,2,1,106,217,96,31,1,0,0,0,0,0,4,0,3,2,1,1,1,0,0,0,0,1,0,0,0,3,2,0,118,184,245,247,130,4,3,0,0,1,5,0,1,0,0,4,3,1,0,1,2,4,4,1,0,0,0,0,0,0,86,255,241,118,5,0,0,2,0,0,0,5,0,2,1,1,0,2,0,1,3,2,3,3,3,0,1,2,3,140,255,252,22,0,0,0,0,1,3,1,0,0,0,2,0,1,0,2,0,2,4,1,0,1,2,3,0,12,201,253,123,0,1,0,0,0,0,2,0,0,2,0,2,0,0,1,2,3,0,0,0,0,1,2,0,1,175,253,122,2,0,0,1,0,0,5,0,0,1,0,0,0,1,2,0,0,1,0,0,3,2,0,2,2,175,251,118,1,0,0,0,0,0,0,0,0,0,3,3,0,0,0,0,0,2,4,0,1,1,0,0,3,179,255,123,5,4,3,0,0,0,0,3,0,0,0,0,1,1,2,0,2,0,2,1,0,0,0,0,14,199,255,124,0,2,0,0,0,0,0,0,0,0,0,0,0,2,3,0,2,0,0,0,0,1,0,3,32,255,247,73,0,0,1,1,0,2,0,0,0,0,2,2,0,1,0,3,0,0,0,3,2,0,0,1,139,250,254,7,0,2,0,2,1,0,3,0,0,0,0,1,3,0,0,0,0,1,7,2,0,0,2,1,216,255,226,11,0,0,0,0,0,0,0,3,2,0,1,0,0,0,0,0,4,0,0,0,0,0,5,92,255,249,106,0,3,2,0,0,0,0,0,0,0,0,0,5,0,0,2,0,3,0,3,11,10,21,23,170,253,207,26,0,0,0,0,0,3,0,0,0,3,0,0,0,0,0,0,0,0,31,127,193,218,255,253,255,247,62,0,4,0,0,0,1,0,0,0,0,0,0,0,5,4,3,1,0,0,221,254,253,174,250,252,251,235,64,1,4,0,2,1,4,1,1,0,4,0,1,0,1,0,1,0,0,55,246,174,49,74,255,249,246,255,241,235,123,11,5,0,0,0,1,0,0,3,2,0,0,0,2,2,2,213,251,117,87,247,250,185,15,112,244,250,252,252,177,159,81,6,3,0,1,4,2,0,2,1,0,3,1,175,255,249,255,253,193,15,5,2,46,67,121,179,198,245,96,4,0,3,3,0,0,0,0,0,0,4,0,55,151,254,212,93,12,5,0,0,1,5,0,0,12,35,0,0,1,0,3,2,0,3,0,2,0,1,3,0,0,0,3,1,0,0,2,1,1,0,1,0,0,3,0,0,1,0,3,1,5,0,1,3,0,0,3,2,0,0,3,0,0,0,0,3,0,0,0,5,0,0,0,0,1,1,1,1,0,0,0,4,0,0,1,1,0,0,0,0,4,0,0,3,1,0,3,1,0,2,0,0,6,1,2,0,0,0,0,0,2,0,0,0,0,0,2,0,0,2,0,3,4,3,0,2,4,0,0,0,1,1,0,0,2,0,0,1,4,0,4,0,0,1,0,2,2,1,0,0,0,1,1,0,0,0,0,0,0,2,0,0,1,5,1,2,1,5,0,0,0,0,1,0,0,0,0,0,0,4,0,1,0,2,4,0,1,0,0,0
0,0,0,3,0,3,2,0,0,2,4,1,1,0,0,2,1,0,0,0,3,3,0,1,1,5,0,3,0,0,2,0,0,1,2,2,2,1,0,0,0,1,2,0,0,0,0,2,0,0,0,0,3,3,0,0,2,0,0,0,0,0,0,4,0,1,0,0,0,0,0,0,3,3,2,0,3,0,1,2,1,0,2,4,0,2,2,1,0,0,3,0,1,2,3,1,1,0,0,0,0,2,0,3,1,0,2,3,0,0,0,0,1,0,4,0,0,0,0,0,3,0,0,3,0,1,0,1,0,0,0,2,1,0,0,2,1,0,0,0,0,1,2,2,0,0,0,0,0,0,0,0,0,2,0,0,0,0,132,225,39,0,0,0,2,0,1,1,0,0,0,0,5,0,2,6,0,1,0,2,0,0,0,2,1,77,250,228,49,2,0,3,2,4,0,0,0,0,0,0,1,0,2,0,2,0,0,0,1,0,0,0,1,201,251,200,5,0,0,0,1,3,0,0,0,1,2,0,3,0,0,2,24,177,180,0,1,1,1,0,1,213,255,90,2,2,0,0,3,3,0,2,0,0,0,0,0,0,1,0,170,250,242,75,0,0,0,2,4,144,255,60,0,2,0,1,0,2,2,2,0,3,0,1,1,2,1,17,211,255,224,20,2,2,0,4,20,222,254,69,0,2,0,0,1,4,1,2,0,2,3,0,1,0,4,100,252,245,108,0,0,4,1,1,110,250,252,62,1,1,5,3,0,3,7,0,0,0,1,0,0,0,59,239,250,195,0,7,0,0,0,0,229,248,252,64,0,0,0,3,1,1,2,3,2,3,0,0,0,0,93,251,252,201,1,2,14,16,12,69,242,249,251,71,3,7,0,2,0,0,0,0,2,0,0,1,0,0,92,250,252,198,1,86,206,248,255,252,254,251,255,188,188,99,5,0,0,0,3,2,0,0,0,0,0,0,95,252,254,252,253,253,255,251,255,250,253,254,255,253,152,2,3,2,3,2,1,2,0,1,1,1,0,2,93,251,249,253,250,253,254,251,148,191,247,252,134,13,1,3,4,0,5,2,0,0,1,0,0,2,0,6,54,160,240,255,185,144,23,27,0,162,251,179,7,0,2,0,1,0,0,0,0,0,0,0,2,0,0,0,0,0,34,41,19,0,1,1,101,250,253,172,1,1,2,0,0,0,2,1,5,0,1,0,2,3,0,2,0,1,3,0,2,0,1,0,122,252,249,175,0,0,0,0,0,1,0,3,0,0,2,0,0,3,0,1,0,3,0,0,0,0,5,0,122,251,248,144,2,0,0,0,1,0,0,0,0,1,0,4,0,0,0,1,3,0,0,0,3,6,0,0,121,255,234,31,2,1,0,0,1,1,0,2,3,0,0,4,0,0,3,1,0,0,1,0,0,0,0,0,121,251,72,0,0,0,0,4,2,0,3,0,0,0,2,0,3,0,0,0,1,0,0,0,0,3,0,0,122,251,26,0,1,0,0,0,0,4,4,0,0,0,0,1,3,1,0,3,3,0,0,3,0,0,2,0,123,195,12,0,0,0,0,0,0,0,0,0,2,0,2,2,0,3,0,1,0,0,0,4,0,0,0,0,0,0,0,2,2,4,0,4,1,0,1,0,6,0,5,0,1,0,0,0,0,5,0,0,0,0,0,0,0,3,0,3,0,3,0,0,0,0,0,0,2,0,0,0,0,1,0,0,4,1,3,0,2,0,4,0,2,0,0,5,2,0,0,1,0,0,0,3,1,0
0,2,0,0,2,1,0,0,3,2,0,0,0,0,2,2,0,1,5,2,0,3,0,0,0,1,2,1,3,1,0,4,2,0,0,0,2,0,0,0,1,0,0,0,3,4,0,1,0,0,0,1,0,2,0,1,0,0,0,0,1,0,0,1,3,1,0,0,3,3,3,4,0,0,0,0,0,0,1,0,0,0,0,0,0,0,0,0,2,2,0,0,0,2,0,2,0,0,0,0,3,0,3,0,0,1,1,1,3,0,2,0,0,2,0,0,0,1,0,2,1,0,0,1,2,0,162,100,2,2,0,2,3,0,3,4,0,1,0,0,2,1,0,3,0,2,1,0,2,0,3,0,1,20,225,100,0,3,0,0,1,1,0,0,0,1,1,0,4,0,6,0,1,2,2,2,2,0,0,2,3,50,255,161,0,6,2,3,3,2,5,2,0,0,4,2,0,0,0,0,0,0,0,0,2,2,0,2,0,52,254,203,3,0,0,2,0,3,2,0,0,0,0,0,0,2,1,0,0,3,0,0,0,0,0,7,0,69,251,215,10,1,0,0,0,4,0,1,1,0,1,3,0,0,4,0,0,0,0,0,0,1,1,0,4,237,251,251,48,0,1,0,3,0,0,0,0,0,4,0,1,4,0,0,5,0,3,0,1,4,0,0,0,252,252,232,29,0,0,1,3,0,1,0,0,1,2,0,0,1,0,0,6,0,0,3,0,2,1,3,0,213,255,212,8,2,0,0,3,0,0,1,4,0,2,0,0,0,0,3,4,0,0,0,0,0,5,2,1,151,251,204,3,1,1,0,0,3,0,2,0,0,0,3,3,0,1,0,0,2,0,0,0,0,0,0,4,151,254,203,0,1,0,1,3,0,4,0,0,0,0,0,0,0,0,2,1,5,0,4,1,4,0,1,0,154,252,205,0,0,0,0,2,2,0,2,1,0,0,0,5,2,0,0,0,0,0,0,0,0,0,1,0,155,250,207,0,0,0,0,1,0,0,0,0,0,8,0,0,0,1,4,0,0,2,1,0,0,0,0,1,52,254,246,38,5,0,0,0,3,7,0,1,3,2,3,0,0,4,7,1,2,0,0,4,3,1,0,2,47,255,239,40,0,1,1,0,0,1,0,2,0,4,0,0,2,0,0,0,1,0,0,2,0,0,2,0,131,252,254,49,0,1,0,0,0,2,1,0,4,0,0,0,0,0,3,0,2,3,2,3,0,4,3,0,50,250,251,51,0,6,0,0,2,0,5,0,0,0,1,2,0,4,0,3,0,0,1,0,1,4,0,3,153,253,252,48,0,0,4,0,0,4,0,0,1,0,1,3,1,0,1,0,0,2,2,0,1,0,4,4,71,252,253,49,1,2,0,4,4,2,1,1,1,2,0,0,0,3,0,0,0,6,0,0,0,0,0,3,23,223,255,73,1,0,3,3,4,0,0,0,0,0,2,2,0,0,1,0,2,0,0,0,1,0,3,0,0,156,252,150,0,3,1,0,0,0,1,0,0,0,4,0,0,0,0,1,0,0,0,0,0,0,0,0,0,1,3,0,0,0,0,0,1,0,1,0,0,2,2,0,0,0,0,2,0,0,0,4,5,0,0,1,0,1,0,0,0,0,0,1,0,2,0,3,0,2,3,1,0,0,0,0,4,1,2,0,0,3,0,0,0,0,0,0,2,0,0,1,6,0,1,1,0,0,0,0,2,0,0,0,0,0,0,0,0,0,3,0,0,0,0,1,4,3,0,1,4,0,2,2,1,0,0
4,1,1,1,2,0,0,0,1,1,0,5,0,0,3,2,0,1,0,6,1,0,0,3,0,1,0,4,0,0,0,0,0,4,0,0,3,0,0,0,3,0,1,3,3,0,1,0,4,2,0,0,0,0,0,0,0,0,4,0,3,0,2,2,1,1,0,0,0,0,5,0,5,0,0,1,0,0,0,3,0,0,0,0,0,0,0,1,0,0,0,2,1,2,4,2,0,0,2,2,1,4,0,0,1,3,1,0,2,0,1,0,1,0,4,0,0,2,2,1,1,0,4,0,0,22,58,135,157,204,228,39,0,0,0,2,0,1,2,2,0,1,3,0,0,0,1,0,1,1,0,37,162,226,254,253,251,253,255,216,1,0,0,0,3,0,2,0,0,0,0,1,1,0,0,0,1,3,22,194,255,255,255,255,254,255,252,205,0,2,6,0,0,3,0,0,0,1,2,0,0,2,3,0,1,0,87,255,255,218,252,122,121,233,71,55,1,2,4,0,0,0,0,0,0,3,0,2,0,0,1,0,1,23,237,254,254,194,80,16,4,35,3,0,3,2,1,2,0,0,4,0,0,1,4,0,0,0,2,0,0,78,253,199,107,3,3,1,1,1,0,2,1,1,2,0,2,0,0,3,0,0,0,0,0,0,0,0,0,76,255,102,1,0,0,4,0,1,0,1,3,4,4,0,0,2,0,0,0,0,0,0,0,0,1,2,0,75,254,255,132,11,0,7,0,0,0,3,1,2,0,0,0,0,0,2,0,0,0,0,1,2,3,0,0,77,253,253,249,209,138,54,3,1,0,0,0,0,1,0,0,0,0,0,0,0,1,0,5,1,2,2,3,2,153,251,255,255,255,253,190,137,2,1,3,0,0,0,2,4,0,3,2,0,0,2,0,1,2,3,0,0,5,48,237,253,252,253,253,255,177,15,0,0,0,1,0,2,0,0,0,3,1,0,0,0,2,0,3,1,0,2,3,77,126,177,219,244,252,94,0,0,4,2,0,1,1,1,0,1,1,0,4,0,2,0,0,0,3,5,2,0,0,0,14,83,252,213,4,0,4,1,3,0,0,0,0,1,2,4,1,0,1,0,2,4,4,0,1,1,1,1,0,2,144,254,74,0,0,0,0,0,2,4,0,2,0,0,2,0,4,1,0,0,0,1,0,4,0,2,3,3,66,254,73,1,2,3,2,0,0,1,1,2,0,0,1,0,3,0,0,1,1,1,2,3,0,1,2,0,0,224,78,1,0,1,0,1,0,0,0,0,4,2,3,0,0,0,0,36,77,29,35,38,4,0,12,45,162,254,73,0,1,0,1,2,0,1,0,0,0,0,0,0,0,0,0,76,253,238,255,255,196,189,205,252,254,252,75,0,1,1,1,2,3,0,0,0,0,2,1,1,0,3,0,73,255,255,255,255,255,255,251,253,252,205,31,4,0,0,4,5,2,0,0,0,1,0,1,0,0,1,0,15,68,83,239,215,253,255,254,169,91,8,2,2,0,5,2,0,0,3,0,2,2,0,0,0,3,1,1,0,0,0,0,0,0,1,0,0,0,0,1,0,2,5,0,0,0,0,0,0,0,1,5,1,0,0,0,0,1,1,0,0,0,2,2,0,0,0,1,0,1,1,2,0,1,0,0,0,1,3,0,2,3,2,0,0,2,0,4,3,0,2,0,0,0,1,2,1,0,4,0,2,2,0,0,0,0,0,0,3,2,0,1,1,1,0,2,0,0,4,3,3,2,3,0,1,0,2,0,0,0,0
0,0,1,0,3,2,5,0,3,0,0,1,0,3,4,3,0,0,2,0,0,2,0,0,1,0,0,4,0,0,0,1,1,0,0,0,0,0,3,2,0,4,0,2,0,0,0,0,4,0,1,0,0,1,0,2,0,2,0,0,0,0,0,1,4,0,1,0,0,0,1,0,0,0,4,0,0,0,5,1,0,3,0,0,1,1,1,1,6,6,0,2,2,1,0,2,0,0,0,0,0,0,0,1,0,0,2,0,0,2,0,0,3,3,0,0,0,2,0,0,5,1,1,0,4,0,0,0,2,0,0,0,4,0,1,0,0,2,0,0,1,1,2,0,0,1,3,0,0,1,22,127,218,255,255,154,90,10,0,0,0,0,0,0,0,0,1,2,0,0,4,0,0,2,3,4,0,92,214,250,253,253,252,255,252,212,22,0,3,0,0,0,3,1,2,0,0,0,0,4,1,1,1,0,101,253,254,237,146,110,114,149,252,255,166,2,1,3,0,1,3,3,0,0,0,0,1,2,1,3,0,86,212,253,219,26,4,2,0,0,83,226,252,27,0,6,0,2,0,2,0,0,0,3,1,0,2,0,2,148,255,231,34,0,0,1,1,4,7,217,252,30,0,0,0,1,0,0,0,0,0,0,2,0,0,0,0,150,255,134,0,2,0,0,0,2,0,212,253,33,0,1,0,0,1,1,0,6,0,0,0,1,0,2,0,149,255,115,3,1,2,2,4,2,1,127,249,117,0,1,0,0,2,0,4,0,0,0,0,0,0,0,0,149,255,216,1,0,0,0,0,1,0,174,252,154,0,3,2,2,0,1,0,0,3,0,0,0,0,0,1,146,253,239,63,0,0,0,0,0,2,213,255,156,3,0,0,0,1,1,1,3,0,3,1,1,2,0,1,50,227,254,212,101,68,64,97,187,185,240,249,183,6,5,0,0,0,2,2,5,0,0,0,0,1,0,1,0,120,253,249,252,252,254,255,255,255,251,254,254,24,2,0,0,0,3,0,0,0,0,0,0,0,1,3,0,1,72,176,214,179,231,234,177,84,126,251,254,21,4,3,2,3,0,0,1,0,0,0,1,0,0,0,0,0,0,0,22,1,35,37,3,1,88,255,252,63,1,1,4,1,0,3,1,4,0,0,1,0,1,0,0,0,0,4,2,0,0,0,0,0,91,250,250,105,0,0,1,2,4,0,3,3,1,0,2,0,3,2,24,216,137,33,0,0,2,2,0,3,91,251,253,24,0,2,0,0,0,1,1,0,0,0,0,1,2,0,5,117,255,153,32,3,6,0,1,0,83,255,255,20,1,0,0,0,0,0,2,1,0,0,0,0,2,2,3,16,216,253,212,106,80,2,0,2,137,253,211,14,0,0,0,0,3,0,1,1,0,0,0,0,0,2,0,0,29,213,253,249,248,239,234,234,247,255,101,1,2,0,0,0,0,1,2,0,0,1,2,0,0,2,0,0,0,31,158,255,251,255,252,251,252,214,18,0,1,1,2,1,1,0,0,0,0,1,0,0,3,0,3,0,2,1,1,7,95,130,223,193,151,21,0,0,0,0,4,3,3,0,0,3,2,0,0,0,0,1,0,0,1,0,3,0,1,2,1,3,1,0,0,3,0,0,3,0,0,0,0,0,2,0,0,0,0,5,0,5,0,1,1,3,0,3,4,0,2,0,1,0,3,0,0,0,0,2,0,0,0,0,0,0,0,0,0,3,0,0,2,0,1,0,0,0,0,0,0,0,1,1,2,0,0,0,0
2,0,0,0,1,0,2,0,5,2,2,1,0,0,5,0,0,0,0,0,1,0,0,4,0,0,0,0,0,0,0,1,5,2,0,1,0,2,0,2,0,0,1,0,5,1,0,2,0,0,5,2,0,0,0,0,0,0,0,0,2,0,3,0,0,3,0,4,0,0,0,2,5,0,3,1,1,4,1,0,1,0,0,4,2,0,0,0,0,1,0,0,4,0,1,2,0,0,0,2,0,0,0,2,5,0,2,0,1,3,0,1,0,0,0,0,5,2,0,0,0,1,0,0,1,1,2,1,3,0,0,1,0,0,2,0,0,1,0,0,0,0,1,1,0,2,0,0,0,0,0,2,2,0,0,4,3,0,1,0,3,2,0,0,1,0,1,2,1,0,4,0,1,0,0,0,0,6,0,1,25,121,119,191,255,200,121,117,23,0,1,0,1,3,0,0,0,0,0,0,2,4,0,1,1,0,0,27,197,250,255,253,255,250,249,254,242,194,3,0,0,4,0,3,2,2,0,0,0,0,6,0,0,2,28,198,251,250,250,251,250,248,166,237,253,217,32,0,2,0,0,0,1,2,2,0,0,0,1,0,0,0,109,255,255,248,248,138,36,36,3,30,75,213,54,0,0,1,0,2,2,0,0,4,0,0,0,1,0,59,211,254,249,245,106,24,0,0,3,1,22,194,201,197,120,0,2,0,1,0,0,2,2,0,2,1,0,216,252,252,253,228,2,1,2,0,17,93,205,251,252,252,211,0,2,4,0,2,0,0,0,0,0,0,2,216,247,251,247,121,2,0,17,167,203,251,248,250,255,209,32,0,1,0,0,1,0,0,3,0,2,0,0,212,248,251,124,0,1,99,205,253,254,251,253,246,133,33,0,0,3,1,0,0,3,1,4,4,0,0,0,142,254,252,91,32,153,254,255,255,255,253,206,84,0,4,3,0,0,1,0,0,1,3,1,0,0,0,6,214,253,252,254,253,252,250,255,255,253,137,22,3,0,3,0,1,5,0,0,0,1,0,4,0,3,0,0,215,252,251,254,255,252,252,255,249,99,1,1,5,0,1,1,0,0,0,0,2,0,3,2,1,0,0,87,249,253,252,254,248,255,252,82,11,0,0,0,0,0,0,0,1,0,1,0,0,2,2,0,0,0,41,219,252,254,255,250,249,189,27,1,0,2,4,0,1,2,2,4,0,1,0,0,0,0,0,0,2,1,152,251,252,250,247,236,160,19,1,0,0,3,0,0,0,0,0,0,0,0,0,0,0,0,0,2,2,4,236,254,253,251,251,177,4,5,5,3,0,0,2,0,0,0,0,0,4,4,3,0,0,4,0,0,0,25,242,250,252,248,255,78,0,2,4,0,3,0,0,0,0,0,0,0,0,1,1,0,1,1,1,0,2,38,224,254,253,254,253,102,0,1,0,1,0,0,0,0,1,0,0,1,0,0,2,5,0,0,1,0,1,0,92,249,249,252,250,214,5,3,3,0,2,0,4,1,3,2,0,2,0,3,0,3,0,2,1,0,2,0,0,147,238,241,241,248,167,0,1,0,0,0,0,2,0,1,3,1,1,0,2,0,0,0,2,0,2,1,0,0,1,31,32,152,106,0,1,0,0,0,1,4,4,5,0,1,0,4,2,0,1,0,2,2,1,4,0,0,0,0,0,0,0,1,2,0,0,1,0,0,1,1,0,0,1,3,1,0,0,2,0,0,1,0,4,0,3,1,0,0,0,0,0,0,1,1,0,0,0,0,0,0,0,0,3
2,0,2,2,1,0,1,7,1,0,1,4,0,6,0,0,5,2,2,2,3,6,2,1,6,1,0,0,0,1,3,1,0,0,5,0,0,0,0,0,0,0,2,0,0,0,0,0,1,0,0,2,3,1,1,0,2,1,2,0,0,0,4,0,0,0,4,0,0,0,0,0,0,0,2,0,0,0,3,3,0,0,0,2,0,0,0,0,4,0,1,0,0,0,0,0,0,0,2,0,5,0,0,0,0,2,1,0,0,0,5,0,0,1,2,0,3,0,0,1,3,0,1,0,0,3,0,1,3,0,0,1,0,0,0,0,4,0,0,1,1,0,0,4,0,0,0,0,0,2,0,0,1,0,0,0,0,0,0,0,0,0,0,0,1,0,0,0,0,4,4,0,3,0,4,0,1,1,1,2,0,6,0,0,1,0,0,0,0,0,1,0,4,0,0,0,0,0,0,3,0,1,64,131,180,249,244,178,175,88,9,0,0,0,2,0,0,0,0,0,3,3,0,0,2,0,0,0,0,187,243,255,252,254,198,250,252,254,229,79,2,0,0,0,1,0,0,0,4,1,2,4,0,2,0,0,0,228,187,17,13,15,0,13,41,136,250,250,72,1,0,0,0,2,3,1,2,1,0,0,4,0,0,0,0,43,44,0,4,0,3,1,0,2,78,239,238,11,5,3,6,0,3,3,3,0,0,0,0,0,0,0,5,2,0,1,0,0,0,0,0,0,2,176,252,63,0,4,0,0,4,4,0,0,0,6,0,2,0,2,0,0,0,0,0,5,3,0,0,0,2,111,255,92,0,0,0,1,5,4,3,5,0,3,1,0,1,0,4,1,0,2,0,0,1,5,0,0,2,104,255,91,0,2,5,13,58,60,103,0,0,0,0,0,3,3,0,2,0,4,3,79,167,225,240,226,230,242,255,245,239,241,237,241,255,252,241,0,1,0,0,0,0,0,0,2,1,5,156,243,254,250,250,255,252,253,251,247,210,207,207,191,136,98,24,1,1,0,0,0,1,0,0,0,3,32,231,124,70,30,31,32,31,189,251,45,0,0,0,2,0,1,3,0,0,0,6,1,0,5,0,0,0,1,151,49,0,1,3,0,1,179,246,14,1,1,4,1,4,4,2,0,2,0,0,0,0,2,0,0,4,0,2,1,2,0,0,0,0,220,193,0,0,0,1,0,0,1,0,1,0,1,0,0,1,1,0,0,0,1,1,1,1,0,0,0,3,252,189,1,0,2,1,0,3,0,0,1,0,1,0,0,2,3,0,0,0,2,1,0,0,0,0,2,77,255,117,1,0,2,0,0,0,0,0,4,2,1,1,1,6,0,0,3,3,0,0,3,4,0,1,2,123,252,158,0,0,2,1,0,1,0,1,1,7,0,0,0,0,0,0,0,2,2,0,1,0,1,2,0,73,255,121,0,2,2,0,0,2,3,2,4,2,1,0,2,2,0,0,0,1,0,0,3,1,1,3,0,116,250,80,0,0,2,0,0,0,0,0,2,0,0,0,0,0,3,0,1,0,0,0,0,1,0,2,1,146,254,46,2,0,0,0,4,0,1,0,5,1,2,1,0,2,0,0,2,2,1,0,4,0,0,4,0,96,255,176,0,0,0,2,3,0,2,0,0,0,0,0,2,0,0,4,2,0,0,1,0,0,0,0,3,11,119,76,0,0,1,0,0,0,2,0,2,0,4,4,2,1,2,3,0,1,0,1,0,0,0,2,0,0,0,0,1,0,0,1,0,0,0,0,0,3,0
0,2,1,0,0,0,0,0,2,0,0,0,2,0,0,2,0,2,0,1,0,1,0,0,0,0,0,2,3,0,1,1,0,4,1,0,0,0,0,0,0,0,0,0,0,0,0,2,1,0,0,1,0,2,1,0,0,0,0,0,0,0,0,0,0,0,0,0,4,0,1,1,0,0,2,0,0,0,1,2,1,1,0,4,0,0,1,0,0,0,1,0,3,3,3,0,0,2,0,0,0,3,4,3,0,0,0,0,6,1,2,1,0,0,0,1,1,0,0,0,1,97,255,247,126,52,0,0,0,1,0,0,2,0,0,1,0,1,3,0,0,0,2,3,5,2,2,3,5,243,255,255,255,248,40,0,0,0,1,2,0,0,0,1,3,0,0,0,0,1,2,2,0,1,0,0,2,108,155,231,245,253,161,7,3,0,0,0,4,0,0,0,0,0,1,5,0,0,2,0,3,6,0,0,0,0,0,0,89,254,250,111,1,5,3,1,0,0,0,0,1,3,0,1,0,0,0,2,0,1,2,0,0,0,1,2,0,140,253,169,16,0,0,1,0,0,0,1,0,0,1,2,0,3,1,0,0,0,0,0,0,2,0,2,2,31,226,253,155,1,0,4,3,5,2,0,2,0,1,0,1,2,0,1,0,0,0,0,3,0,1,0,3,5,130,254,158,0,0,1,0,3,0,0,0,0,1,0,0,1,2,1,0,0,0,3,0,1,0,0,0,0,32,235,161,0,0,1,2,0,0,0,0,1,0,0,0,2,0,0,0,0,0,1,1,0,0,0,5,2,0,185,222,0,3,4,1,0,0,0,2,0,0,0,1,1,2,3,0,0,0,0,1,0,0,1,0,1,2,117,255,0,2,0,0,2,0,0,0,0,0,1,0,0,0,0,1,2,0,1,1,1,0,0,4,4,6,111,252,0,2,5,0,2,0,1,0,2,3,1,0,0,1,0,0,0,0,0,3,0,4,0,1,0,0,118,255,2,0,0,0,1,2,2,0,2,3,0,0,0,0,3,4,0,2,0,0,0,0,1,4,100,183,253,253,233,145,35,3,1,0,0,0,0,1,1,0,0,0,2,0,0,0,0,2,3,0,27,208,254,249,253,236,253,255,233,53,2,0,0,0,1,1,1,3,1,0,2,0,0,0,3,5,1,32,216,237,79,159,225,26,68,105,182,226,0,4,2,0,0,0,0,1,0,2,0,2,1,0,0,0,2,204,247,45,0,170,102,0,0,0,0,50,0,3,0,1,3,0,0,1,0,0,2,0,1,3,0,1,41,247,43,2,96,199,18,0,0,2,0,1,1,2,4,0,3,2,1,0,2,0,5,0,3,1,0,0,153,254,44,34,212,101,2,0,3,0,1,0,0,2,0,0,2,0,0,0,0,0,0,1,1,4,2,4,162,254,212,237,114,0,1,0,0,1,1,0,0,0,3,0,0,4,0,2,2,2,1,2,0,0,0,0,69,246,255,151,0,0,2,5,0,0,0,0,0,0,0,3,0,0,0,1,3,0,0,0,1,1,2,0,0,0,1,0,0,0,5,1,0,2,0,3,0,0,2,0,0,0,0,1,0,1,0,2,1,0,0,1,0,0,4,0,1,0,1,1,0,0,0,1,0,0,0,0,0,0,1,0,1,0,0,1,1,3,1,0,0,0,0,0,5,4,0,1,0,0,1,0,0,2,0,5,1,0,0,1,0,2,0,3,0,0,0,0,0,0,5,0,0,2,0,1,1,2,0,0,1,0,1,1,0,0,0
0,3,0,0,0,0,2,0,1,0,5,1,1,3,0,0,3,0,0,0,1,3,1,0,0,0,2,0,1,0,0,2,0,1,0,2,0,2,2,5,0,0,0,1,1,0,0,0,2,0,2,0,2,1,1,0,0,0,0,2,0,1,3,3,0,3,0,0,0,0,0,0,0,1,3,0,0,0,0,2,0,0,0,0,0,0,0,0,0,0,0,3,0,2,0,0,0,0,0,0,2,2,5,1,0,3,0,1,0,0,0,2,0,1,0,0,158,0,3,0,0,1,2,0,0,1,0,3,7,0,1,2,0,0,0,5,0,0,0,1,0,2,1,0,251,67,2,0,0,0,3,2,3,0,0,1,0,0,0,0,0,2,1,3,0,0,2,0,4,0,0,2,99,210,38,2,0,5,2,0,0,1,0,0,0,1,0,0,0,0,1,1,0,0,0,0,0,3,0,3,0,147,178,109,109,107,107,106,134,211,148,31,0,0,2,0,0,0,0,3,0,0,0,1,2,4,0,0,3,35,165,250,255,213,223,254,255,174,255,63,0,2,0,0,1,2,0,0,0,0,0,2,0,0,0,0,1,0,6,68,64,0,20,110,57,79,255,62,0,0,4,0,0,0,3,0,2,5,0,2,1,2,3,0,0,3,0,1,0,4,4,0,60,254,251,57,0,0,0,0,0,2,1,0,2,0,2,0,1,0,1,0,4,0,0,0,0,5,0,38,195,255,115,0,56,0,2,0,4,0,0,0,1,0,5,0,0,0,0,0,1,0,1,2,0,1,82,218,252,255,169,214,244,214,212,100,67,0,0,4,1,0,5,4,0,0,0,0,0,0,2,0,0,211,252,254,251,253,215,132,53,7,0,62,136,228,157,10,0,0,0,2,1,1,2,0,0,1,1,0,0,220,250,214,140,62,0,0,2,0,0,1,0,36,223,153,1,0,0,1,1,1,4,6,7,1,0,0,3,9,21,14,0,0,0,1,0,2,0,3,0,2,175,250,4,4,2,0,0,0,0,0,0,3,2,0,3,0,2,0,0,1,0,0,3,0,0,0,0,120,254,225,0,0,1,0,2,8,0,0,0,0,1,1,0,0,0,0,0,1,0,2,0,2,4,2,117,249,225,37,0,0,1,1,0,0,2,4,0,4,65,252,253,37,0,1,0,0,0,0,3,1,35,210,255,225,78,0,4,0,0,0,1,3,2,0,0,1,5,135,237,245,158,43,0,0,0,63,102,192,243,250,191,39,4,1,0,2,0,2,1,3,1,3,0,0,2,0,21,84,128,221,236,234,231,251,250,233,152,65,4,0,0,0,4,0,0,0,0,0,0,0,0,2,0,0,2,5,4,41,83,86,145,153,75,2,1,0,0,0,1,0,3,0,3,4,0,0,1,1,0,0,2,4,4,4,0,2,0,0,0,0,0,0,0,0,0,3,0,0,0,2,0,0,1,0,2,4,2,0,0,0,0,0,3,0,0,0,0,1,3,2,4,1,0,0,0,0,0,3,0,3,0,2,0,0,0,0,0,2,0,0,4,3,0,0,1,0,2,1,0,0,0,0,4,0,1,0,1,1,0,5,0,0,7,1,3,0,0,0,3,1,2,0,2,0,1,0,0,0,2,0,0,0,3,2,0,1,0,1,0,1,0,0,1,0,0,0,0,0,1,0,1,0,2,0,0,0,0,0,0,0,0,2,0,0,4,0,3,0,2,2,0,3,2,0,1,2,0,0,0,3,0,0,1,0,2,0,0,0,1,0,0,0
2,0,0,3,0,0,0,0,0,0,0,0,6,0,0,0,3,2,1,0,0,0,0,1,0,0,3,0,0,1,0,2,0,0,5,3,2,3,0,0,0,0,0,0,0,0,0,0,0,0,2,2,0,0,2,0,4,0,0,3,1,0,0,0,5,0,6,0,2,2,1,4,2,0,0,0,2,0,0,1,0,1,0,0,0,2,0,0,0,1,0,0,0,1,0,1,1,3,0,0,1,0,2,1,1,2,1,0,0,0,0,0,0,0,3,0,0,2,0,5,5,1,72,136,145,255,255,158,34,0,4,0,2,3,0,0,0,0,0,2,2,1,2,0,0,0,1,1,10,131,240,253,255,251,254,253,250,159,75,0,1,3,0,4,0,0,1,1,0,0,0,2,0,1,0,17,166,253,255,254,248,212,251,255,249,252,151,0,0,1,0,0,0,0,1,5,1,0,0,0,4,0,4,87,255,252,252,213,60,5,67,156,239,251,250,178,30,0,0,5,6,4,0,0,0,0,0,0,0,4,71,242,251,253,215,29,0,1,0,0,84,203,250,247,202,26,4,0,0,0,4,0,0,0,0,0,0,4,150,253,255,217,32,0,1,1,1,0,2,66,246,254,253,177,0,6,0,3,0,0,5,4,0,0,0,78,249,248,255,109,2,0,1,2,2,0,2,3,76,248,251,254,149,20,3,2,0,0,1,0,0,5,0,135,251,255,201,25,0,0,3,0,4,0,0,0,4,80,242,250,254,53,0,2,0,0,0,2,0,0,0,138,255,253,66,1,0,3,0,0,3,4,1,0,0,0,88,244,253,255,94,1,1,4,0,0,0,0,0,162,250,248,68,3,0,0,0,0,0,0,5,0,0,0,0,101,251,254,137,2,1,0,1,1,3,0,0,160,253,253,68,1,4,0,0,0,2,0,3,2,1,0,5,68,255,255,169,0,1,3,0,0,0,0,1,135,254,255,106,3,0,0,1,0,2,4,0,0,0,0,1,11,206,252,251,0,0,1,0,2,1,0,0,137,250,252,215,23,1,1,2,0,0,6,5,1,0,0,0,3,205,249,253,0,1,0,1,0,0,0,2,8,201,252,255,53,0,0,0,1,2,6,0,0,1,0,0,5,201,254,192,2,5,1,0,2,3,0,0,2,139,254,251,215,84,0,2,0,0,3,0,2,5,2,0,65,252,255,135,1,0,3,0,2,0,0,0,0,30,212,255,254,221,163,24,2,0,0,0,0,1,0,30,156,254,252,58,0,0,1,0,2,3,0,2,1,0,41,238,255,251,254,216,163,64,66,68,69,63,68,189,251,252,179,4,0,0,0,2,3,0,0,2,0,2,1,41,148,247,255,253,251,252,250,250,251,253,255,255,255,228,48,2,2,3,2,1,1,0,2,2,0,1,0,0,0,32,147,210,249,254,254,254,254,255,252,188,120,24,0,1,0,2,0,1,0,0,0,4,0,0,0,0,0,0,3,7,90,137,137,132,133,124,20,9,0,0,3,1,0,0,0,3,0,0,0,0,0,0,0,3,2,0,2,3,0,3,0,0,6,1,0,0,0,0,5,0,1,4,0,0,2,2,6,0,2,0,0,5,0,1,5,0,0,0,0,0,3,0,0,1,0,0,0,1,4,0,0,0,0,3,0,1,0,3,0,0,0,1,0,0,0,0,2,4,0,0,0,0,2,0,1,0,1,1,0,2,0,0,0,0,0,3,0,0,0,0,0,2,0,0,1,1,0,0,0,1,0,0,0,0,0,1,0
0,1,3,0,0,3,0,0,7,2,0,0,1,0,0,2,0,0,4,1,5,4,2,2,2,0,0,1,0,1,2,0,0,0,3,2,4,4,0,0,0,0,0,1,1,0,0,2,2,0,0,0,3,0,2,6,0,0,0,0,0,2,1,1,0,1,1,0,0,0,0,8,177,141,0,1,0,0,0,0,5,5,4,4,2,0,0,5,0,4,0,0,0,0,0,0,0,0,2,35,255,245,11,0,2,0,0,1,2,1,0,0,4,0,3,0,0,2,0,0,3,0,1,0,0,2,4,39,252,226,8,0,0,3,0,2,6,0,0,0,1,1,0,0,0,1,0,0,0,4,0,4,1,0,0,38,254,152,2,0,0,0,6,2,2,0,0,2,0,1,1,1,0,3,1,0,1,0,1,0,0,0,0,143,247,38,0,0,0,1,2,0,0,3,0,1,0,0,2,0,3,0,0,2,2,0,0,0,0,1,32,240,240,1,2,0,0,1,0,0,2,0,0,2,0,0,1,0,4,0,0,0,0,1,1,0,0,7,100,254,119,0,0,0,0,0,0,0,0,2,1,1,5,3,0,1,0,0,0,4,2,5,1,0,0,22,215,235,22,1,4,0,0,0,2,0,0,0,3,0,0,0,0,0,4,2,0,4,0,1,2,1,3,94,254,170,0,10,8,0,2,0,0,0,4,0,0,0,3,0,1,3,0,0,0,3,2,0,0,2,10,185,255,49,4,173,200,23,0,0,0,1,0,1,0,1,0,0,1,0,0,0,0,5,3,0,4,0,127,253,190,0,72,255,255,45,3,0,0,0,0,0,0,0,0,0,0,0,1,0,0,2,1,2,0,42,226,254,90,21,217,253,228,22,0,0,5,0,0,3,2,2,6,2,2,0,0,1,3,0,0,10,74,226,253,255,9,81,252,252,229,29,9,8,0,2,1,0,0,4,0,0,0,1,0,3,2,0,16,189,254,251,253,253,254,253,255,253,255,254,223,70,0,0,0,0,0,0,3,0,0,5,4,3,0,17,155,252,253,244,126,111,200,255,254,254,250,255,215,123,0,0,4,0,0,0,0,1,0,0,5,3,2,153,252,255,254,113,2,7,239,254,251,209,140,64,14,0,0,2,0,0,1,1,0,0,0,4,1,0,43,253,255,255,159,0,3,93,253,250,184,0,0,0,5,3,1,0,1,0,1,0,4,0,0,0,0,0,163,255,251,224,32,2,2,117,255,164,4,1,0,5,0,0,0,0,0,0,3,0,0,0,1,0,0,20,226,255,245,56,0,5,1,141,245,75,2,0,0,0,0,0,3,2,1,2,3,4,0,1,0,0,4,27,233,255,71,0,0,3,0,26,49,0,4,2,0,0,0,1,1,0,0,2,0,7,0,0,0,0,2,1,0,4,4,1,6,0,0,1,4,0,4,0,4,0,2,0,0,0,0,1,3,0,0,0,0,0,0,2,0,0,0,0,3,0,1,2,0,0,0,0,0,2,4,0,0,0,1,1,0,0,0,0,0,0,4,1,0,0,1,1,0,1,0,0,0,0,0,0,0,2,1,0,0,0,0,0,0,1,1,0,1,0,2,0,0,0,1,1,3,2,0,0,0,0,0,0,0,0,2,0,0,0,1,1,0,3,0,3,0,0,1,0,0,0,0,0,2,0,1,3,0,0,0,0,1,0,5,0,0,0,0,0,2,0,2,1,0,0,2,0,0,0,2,0,1,0,0,1,0,1,1,1,0,1,0,5,0,2,0,0,2,0
3,0,0,1,0,1,0,0,1,1,5,0,3,0,0,0,0,5,0,0,0,0,0,2,0,0,0,0,0,0,0,2,0,1,0,0,0,1,0,0,2,1,1,2,0,2,1,1,2,1,0,0,0,0,1,0,0,0,3,0,2,2,2,3,0,1,0,1,0,2,2,0,2,0,2,1,2,6,1,0,1,0,0,0,0,1,0,1,0,4,0,3,0,0,0,1,5,0,5,2,3,1,0,0,0,0,3,0,0,0,0,2,0,0,0,0,0,2,2,0,0,2,1,2,1,0,0,0,1,0,0,0,4,6,0,0,0,0,1,0,0,5,0,0,0,0,0,0,0,3,0,1,1,2,0,1,0,1,66,203,254,132,9,2,2,0,0,0,0,0,2,0,0,1,0,0,2,1,0,2,0,0,4,0,0,0,121,251,254,214,17,0,0,0,0,1,0,3,0,3,0,0,1,30,124,126,57,0,0,0,0,0,0,3,116,255,252,185,0,0,0,0,0,2,4,0,0,1,0,1,2,132,246,251,239,97,0,0,0,1,0,5,210,255,253,84,3,0,0,1,4,4,2,5,5,1,0,4,0,207,252,252,250,184,1,0,0,2,1,137,252,254,254,69,0,4,1,2,10,0,0,0,0,0,1,0,35,228,248,254,218,84,0,1,2,1,6,212,249,252,203,3,2,5,0,3,0,0,0,0,0,0,3,5,141,255,250,255,92,0,0,0,0,0,69,250,251,254,133,0,1,0,0,1,0,0,0,0,0,0,0,3,185,255,253,253,92,0,0,0,3,10,174,252,252,248,69,0,2,3,0,0,1,0,2,0,4,1,2,0,184,252,251,247,54,4,0,0,0,23,222,253,253,231,2,1,0,0,1,0,0,2,0,0,3,0,1,41,247,252,248,230,2,0,0,0,2,47,255,255,251,230,0,0,3,3,0,0,0,3,1,0,3,3,0,49,253,252,254,255,107,23,23,25,142,210,254,250,254,166,1,0,0,4,1,0,0,0,0,0,3,2,0,40,235,248,254,255,253,255,251,247,252,251,253,252,252,114,2,0,0,2,0,3,0,0,0,5,3,0,5,0,157,250,252,255,252,251,253,255,250,252,249,252,252,31,0,3,2,4,3,0,0,3,0,0,0,0,0,0,14,88,162,255,253,229,157,55,98,178,251,251,209,0,3,1,1,3,0,3,0,6,2,2,0,0,1,1,0,0,1,20,17,16,3,0,0,164,252,254,139,2,0,1,1,0,3,0,0,0,4,2,5,0,0,2,0,0,2,3,0,2,0,3,89,251,253,252,137,0,0,3,0,0,0,2,0,3,1,0,0,0,2,2,0,0,0,1,0,1,2,0,137,252,248,254,116,0,0,2,3,2,1,0,0,0,0,2,0,0,0,4,1,2,3,0,3,0,0,1,221,253,253,253,21,1,1,0,3,0,2,0,0,3,0,0,0,0,1,0,0,1,1,0,0,0,5,5,252,251,255,254,24,0,3,0,1,6,1,4,2,3,3,0,0,0,6,0,2,0,3,1,0,0,2,0,253,255,253,169,0,2,2,0,0,2,2,0,0,2,0,0,3,1,0,1,3,1,0,0,0,0,0,4,0,2,1,3,0,0,0,0,1,3,0,3,0,0,1,0,3,2,2,0,0,5,0,2,0,0,2,1,2,2,0,1,0,0,0,1,0,0,6,1,1,0,0,0,2,0,0,0,0,0,0,0,0,0,0,0,0,0,0,0,4,2,0,0,0,1,0,2,3,0
1,0,1,1,3,0,0,4,2,0,0,0,2,0,0,0,0,0,3,0,0,0,0,0,0,0,0,1,1,1,1,0,0,1,0,0,0,1,0,3,3,0,1,0,1,2,0,3,2,0,5,2,1,0,3,0,0,1,1,0,0,0,0,2,0,0,0,0,0,2,1,3,0,7,0,0,0,2,0,3,1,3,2,0,0,0,0,0,2,0,1,2,2,0,0,0,130,226,235,195,78,0,5,0,0,0,0,2,0,1,3,0,2,0,3,4,0,3,0,2,0,1,0,27,234,254,252,253,232,145,61,1,0,0,5,0,0,3,0,0,0,0,0,3,0,0,0,0,0,1,1,3,23,100,182,238,254,255,175,0,0,0,0,1,0,4,0,0,0,1,3,0,1,1,0,0,2,4,1,0,0,1,1,32,179,251,255,73,1,3,0,0,0,0,0,1,3,1,0,0,1,3,0,0,1,2,0,0,0,0,1,0,0,200,254,58,1,2,0,0,1,0,4,1,0,0,1,2,2,0,0,0,0,5,0,0,1,1,1,0,14,214,255,93,3,0,0,1,0,3,0,1,1,2,0,0,0,0,1,4,0,0,0,3,0,0,0,0,38,253,169,8,0,2,0,0,0,2,0,0,1,4,0,1,0,0,2,2,0,0,4,0,2,2,4,4,129,252,161,1,1,0,0,0,0,0,5,0,5,0,3,0,3,0,1,3,1,1,0,3,1,3,2,86,245,248,82,0,2,3,0,0,0,2,0,1,0,0,0,0,1,1,3,0,0,3,0,2,0,0,0,179,249,111,0,2,1,0,0,3,1,0,0,1,2,0,1,1,0,0,1,0,0,0,3,1,1,2,102,255,203,23,3,0,3,1,0,0,0,0,0,1,0,0,5,0,0,1,1,2,0,0,0,0,0,72,248,255,75,0,2,4,0,0,2,1,0,0,0,1,0,0,0,4,1,2,0,0,0,3,0,0,10,216,243,113,7,0,0,0,0,0,0,5,0,0,2,0,0,0,1,0,3,1,0,0,3,2,1,22,181,254,142,0,0,0,0,0,1,0,0,0,0,0,2,0,0,0,5,0,0,3,0,0,0,0,1,190,251,219,27,1,0,0,1,1,1,1,2,1,1,0,0,0,2,1,1,0,0,0,0,0,0,1,82,252,250,128,1,0,1,0,0,2,4,0,2,3,1,0,2,2,0,3,0,0,1,0,0,1,1,97,242,255,251,212,144,132,237,237,236,105,5,3,0,0,0,0,0,1,0,1,0,0,0,0,1,3,121,241,252,254,253,251,253,253,241,222,137,60,5,2,0,1,0,3,0,0,0,0,0,0,0,0,0,0,181,250,255,255,198,211,146,124,36,29,0,0,0,4,0,0,1,0,3,1,0,1,0,0,0,2,0,1,87,197,145,72,20,1,0,5,0,0,0,0,0,0,0,0,0,1,5,0,2,1,0,3,4,0,1,1,0,0,1,0,0,0,4,2,0,0,1,0,0,2,0,0,0,0,3,0,2,0,2,1,3,1,0,0,2,0,0,0,2,0,1,2,0,1,1,0,2,0,2,2,0,0,0,0,2,4,0,0,0,0,0,0,0,1,0,0,0,2,0,2,0,0,1,2,0,0,2,0,2,0,0,2,0,3,0,0,0,0,0,0,0,0,0,1,0,2,2,0,0,1,1,1,0,0,3,0,0,0,0,1,0,5,1,0,1,1,0,0,0,0,0,1,0,1,0,0,2,0,2,1,2,0,0,0,0,0,2,0
0,0,2,0,1,0,6,1,0,0,0,2,0,1,0,0,0,5,0,1,3,0,1,0,5,4,2,2,1,0,0,2,0,0,0,0,0,0,2,0,4,0,0,1,0,0,0,0,1,0,4,3,0,2,0,0,0,1,0,0,0,0,3,4,1,2,0,0,0,1,2,0,2,0,0,0,0,0,4,1,1,0,1,2,0,2,0,3,0,0,0,0,1,0,0,0,3,0,0,1,4,0,1,2,4,2,2,0,0,1,3,0,0,1,6,2,0,0,0,0,1,0,4,3,0,0,3,2,0,1,0,0,0,1,0,0,0,0,0,3,0,6,0,0,0,0,0,1,3,1,9,123,28,0,0,33,172,214,7,0,2,0,1,3,2,2,1,0,1,1,0,0,1,2,0,0,1,4,156,255,211,0,1,131,252,253,128,0,0,0,0,1,0,1,0,2,0,2,0,0,0,1,0,1,1,154,253,255,252,81,2,184,253,254,230,4,1,0,0,0,0,4,1,1,0,1,0,0,1,0,1,1,0,227,255,255,254,93,35,242,252,254,249,65,1,0,0,0,0,1,2,0,4,0,0,2,3,2,0,5,2,227,249,255,239,23,0,237,252,252,228,1,4,0,0,0,0,2,2,1,2,0,0,2,0,0,0,1,79,250,252,253,235,0,41,247,254,255,229,0,0,0,0,1,0,2,0,0,0,0,0,0,0,0,0,12,202,250,255,255,154,0,0,236,255,255,236,12,5,2,2,0,1,0,5,0,0,0,0,0,2,0,0,42,255,255,255,255,96,0,31,243,255,251,255,81,0,1,2,4,0,2,0,0,2,0,1,0,1,1,0,52,255,253,253,254,254,229,239,255,255,254,254,206,21,4,0,1,1,0,1,0,0,0,0,0,0,0,2,154,250,253,255,254,254,254,251,253,253,255,252,120,0,0,0,0,0,0,1,0,0,0,3,2,3,0,0,68,255,255,255,251,252,253,254,255,254,255,255,79,0,0,7,4,4,0,0,0,0,0,0,0,0,0,2,4,50,222,242,253,254,252,250,254,251,252,255,79,2,2,1,0,3,0,0,2,1,0,0,0,3,0,0,0,0,1,51,87,87,86,216,252,254,254,227,4,0,0,0,1,0,0,0,3,0,0,2,2,0,0,0,2,4,2,0,2,0,3,200,251,255,254,226,1,0,2,0,1,0,1,0,1,0,3,0,5,0,0,0,0,0,0,2,1,2,0,140,253,255,254,201,43,0,0,0,1,4,0,2,0,1,0,0,2,2,4,0,1,2,0,0,0,2,0,92,254,255,254,255,81,0,0,0,0,0,0,0,0,1,2,0,0,4,2,0,2,0,2,1,3,0,0,90,254,250,253,252,126,0,1,0,0,4,1,1,4,0,0,0,5,0,5,1,0,0,1,2,2,3,0,97,254,253,253,255,86,2,0,0,1,1,0,3,0,0,0,1,1,0,0,1,0,0,4,0,2,1,0,64,254,253,255,234,23,1,0,1,0,0,0,0,2,3,1,0,0,1,0,0,0,0,0,0,2,0,0,0,191,249,164,84,1,0,0,1,1,3,0,0,0,0,1,0,3,0,4,0,2,1,0,2,5,1,1,2,0,0,2,1,0,0,3,0,0,3,0,2,0,0,4,1,1,0,0,0,2,4,0,2,0,0,0,1,1,0,0,2,2,3,2,2,0,1,0,0,0,1,2,4,0,1,0,0,4,0,0,0,0,0,0,0,0,0,3,0,0,1,1,0,0,0,3,1,0
0,0,1,2,0,1,0,0,0,2,0,0,1,1,0,0,0,2,2,0,1,3,5,0,1,1,0,0,2,0,0,0,1,3,0,0,0,0,0,1,1,3,0,1,1,0,0,0,1,0,3,1,0,0,3,4,0,0,0,0,0,6,2,2,0,3,0,0,0,2,0,0,0,2,0,1,1,0,0,4,0,0,0,1,0,0,0,0,2,0,0,0,0,3,0,0,3,0,3,3,3,0,0,3,0,2,1,2,0,1,3,3,0,1,1,2,0,1,0,0,0,0,0,0,0,3,0,2,4,0,0,1,0,0,0,0,0,0,0,0,0,0,2,0,1,2,0,0,3,6,0,0,38,197,68,4,0,2,0,0,0,1,2,4,0,1,0,1,2,0,3,0,0,5,0,1,1,1,0,0,162,255,163,5,1,0,0,0,0,0,1,2,2,1,0,0,3,0,1,2,0,0,0,2,0,0,0,2,211,252,221,50,0,0,2,0,0,1,0,0,3,1,0,0,0,4,3,0,0,1,1,4,1,0,4,0,208,236,130,18,0,1,0,2,0,1,0,3,0,5,0,0,0,1,0,0,2,1,1,0,1,1,0,1,211,212,114,0,0,1,0,2,0,0,0,0,1,0,2,3,4,1,2,2,0,0,1,0,0,0,1,0,110,255,135,4,1,0,0,1,0,0,2,1,0,5,0,4,0,0,0,0,0,0,0,0,1,0,0,1,133,253,111,3,3,4,4,3,1,1,2,6,3,0,2,0,1,2,1,0,0,0,1,0,0,0,3,0,126,255,101,2,0,4,3,5,0,0,0,0,1,0,0,2,1,0,0,1,1,1,1,1,3,1,0,2,125,255,13,1,0,1,0,3,0,0,0,0,1,0,0,0,0,2,0,0,0,0,0,0,2,0,0,41,205,254,70,0,2,0,3,0,0,0,0,0,0,2,3,3,0,0,2,0,0,5,0,0,0,0,0,0,20,251,110,0,0,0,4,0,3,0,0,2,0,1,0,0,1,2,1,0,1,0,5,0,0,0,1,0,3,180,111,2,4,0,0,0,0,3,0,2,0,0,0,0,0,1,0,0,0,1,0,4,2,0,0,0,0,175,196,3,0,2,0,1,4,0,0,0,1,0,1,1,1,0,0,0,0,4,2,0,2,0,1,1,0,178,222,19,3,0,0,0,4,0,2,4,0,0,1,2,2,0,0,0,3,0,4,0,1,0,0,0,2,59,252,114,1,1,0,0,0,0,0,3,6,0,0,1,3,2,0,0,1,1,2,3,0,1,0,0,3,0,226,199,1,0,4,0,0,0,0,0,0,0,0,0,0,0,0,4,3,0,1,0,0,0,0,0,3,0,143,243,33,4,3,0,0,0,0,0,0,3,1,2,4,4,0,6,0,4,0,0,0,4,0,2,1,1,69,245,143,4,1,2,0,0,0,1,4,3,0,0,1,1,0,0,1,2,4,1,0,3,0,0,1,0,0,118,213,37,0,0,0,8,1,0,1,1,0,0,0,0,0,1,0,0,0,0,1,0,0,0,0,3,4,34,188,176,1,0,0,1,2,3,0,2,0,0,0,1,3,0,0,0,0,0,1,2,1,0,0,0,1,1,0,0,0,0,0,0,0,1,0,0,0,0,5,4,0,0,3,0,0,0,0,0,0,0,1,1,0,3,1,3,0,2,0,0,3,0,2,0,1,0,1,0,0,3,0,0,2,0,0,0,0,4,0,0,1,0,0,2,0,1,1,0,5,0,1,0,6,1
0,0,1,0,4,0,0,0,0,0,0,3,0,1,0,1,1,0,3,0,0,0,1,5,0,1,5,0,1,0,0,0,0,0,0,1,0,2,4,5,2,3,0,1,0,1,0,1,0,0,4,0,0,5,0,3,0,0,2,0,0,4,0,1,0,0,0,0,2,0,1,0,0,0,2,0,3,0,0,3,3,0,0,0,0,0,0,0,2,1,1,0,2,5,0,1,2,0,2,0,5,0,3,0,1,0,0,0,0,0,3,0,2,3,2,0,4,0,0,0,0,0,5,1,0,0,1,1,1,2,0,0,0,2,3,0,1,0,1,1,5,0,2,0,1,0,4,4,2,0,1,0,0,0,3,2,0,3,1,4,1,2,0,1,2,4,0,2,3,1,1,2,0,0,1,4,0,0,0,0,0,0,0,0,0,0,0,0,2,0,0,0,0,0,0,0,2,0,2,1,0,0,2,0,0,0,1,114,239,254,255,96,0,0,0,2,2,0,3,0,0,0,0,4,0,0,2,0,0,0,0,0,0,0,142,250,253,253,255,245,163,49,4,0,2,3,1,1,0,0,0,0,0,4,0,0,1,0,3,0,16,183,249,253,248,249,153,189,252,244,129,28,1,0,0,0,2,4,1,1,0,0,0,0,0,5,0,0,221,252,252,252,198,70,0,130,253,253,254,63,1,3,0,0,0,0,0,5,1,0,0,1,0,0,2,132,251,251,254,157,9,0,37,225,254,251,253,59,0,0,1,0,2,0,0,0,5,1,0,3,1,2,32,234,250,255,126,2,0,44,184,253,252,251,244,53,0,0,0,0,0,0,0,2,0,0,0,1,1,0,64,255,251,254,46,0,35,229,253,253,250,254,211,0,0,0,5,0,0,0,0,0,0,3,0,2,0,0,65,253,255,174,16,117,240,250,247,251,250,251,209,0,1,3,1,0,0,3,1,0,0,1,0,1,0,0,52,240,251,226,212,251,253,255,205,243,254,252,185,0,0,0,1,0,1,2,1,0,0,0,4,2,0,2,3,80,255,253,250,251,251,85,11,143,247,253,155,2,0,1,2,0,0,0,0,3,0,0,0,0,0,5,0,0,19,106,207,217,213,0,0,144,254,250,196,1,0,0,0,1,3,2,0,0,1,1,0,2,3,0,0,0,0,2,0,1,0,0,0,198,249,255,104,0,0,0,0,0,0,1,3,0,2,0,1,0,0,3,2,4,0,2,0,3,0,1,4,179,251,255,53,0,0,0,0,3,3,0,1,2,1,0,4,0,2,0,0,6,0,2,2,0,0,2,4,233,255,252,3,0,0,0,1,2,0,0,0,1,0,1,0,1,6,0,1,0,1,0,1,0,2,1,2,230,253,251,0,0,3,0,1,0,1,2,1,0,0,0,1,0,0,0,0,0,1,1,5,0,3,0,0,234,255,255,0,0,0,0,0,0,0,0,1,1,0,0,1,2,2,0,0,0,2,0,3,1,2,1,0,235,253,252,3,0,0,3,2,1,0,2,0,4,1,1,0,3,0,3,1,1,2,1,0,1,0,0,0,233,251,246,0,0,2,2,1,0,4,2,0,1,4,0,2,0,3,0,0,0,0,1,2,2,0,0,5,208,249,251,0,0,0,0,2,0,4,0,2,0,0,2,0,0,0,1,3,0,4,0,1,2,0,0,0,130,254,254,0,0,4,3,1,0,2,1,2,4,0,1,1,0,0,2,0,0,0,0,0,1,0,0,0,0,1,2,0,0,0,1,3,3,3,0,0,0
3,0,0,2,0,3,0,0,0,1,0,0,2,1,3,0,4,0,2,1,0,0,2,0,4,2,0,0,2,3,0,0,3,0,0,0,0,0,0,0,3,0,4,0,3,0,0,0,0,0,0,0,0,0,3,1,0,1,0,0,0,0,3,0,0,0,1,0,2,1,0,0,6,0,3,4,4,0,0,0,0,0,4,0,1,0,2,0,2,0,3,0,0,0,0,4,0,4,1,0,0,2,0,2,0,0,0,3,3,0,0,0,0,3,0,4,7,0,0,2,0,1,0,0,2,2,2,0,2,1,3,0,0,1,3,0,0,0,0,0,0,1,2,0,0,0,1,0,0,0,0,0,27,2,0,49,128,211,252,254,255,253,183,0,3,4,1,5,4,0,1,0,0,1,1,0,0,0,0,108,235,150,180,244,249,211,128,128,126,129,59,1,0,0,0,0,0,0,0,0,0,0,2,3,4,1,0,156,238,251,201,123,46,2,3,2,0,4,0,0,3,0,0,0,0,0,0,0,0,2,2,1,0,0,5,0,214,114,3,1,0,1,0,0,1,0,0,0,0,0,2,1,0,0,0,0,0,0,0,0,0,0,2,59,245,76,0,0,0,0,0,0,0,0,0,0,0,1,0,3,0,2,0,0,1,1,0,1,1,0,2,219,240,19,0,0,2,0,0,2,1,1,1,0,4,0,0,2,0,2,0,1,3,0,1,0,0,3,50,249,83,1,0,5,3,0,0,1,1,1,0,0,1,0,0,1,0,0,0,0,1,0,1,0,0,10,197,252,221,214,121,116,43,2,0,0,0,3,4,1,0,0,0,0,0,0,2,1,0,0,4,4,3,28,252,251,187,171,189,255,228,144,0,0,0,0,1,2,0,2,0,1,0,0,0,1,2,0,0,0,1,10,111,54,4,0,1,55,185,250,102,0,2,6,0,0,4,0,2,0,0,1,1,0,1,0,0,1,3,2,1,0,2,0,0,0,43,236,230,0,0,0,0,4,0,2,0,0,2,3,0,0,3,0,0,1,0,1,1,0,0,1,0,4,0,139,243,0,1,3,0,0,0,4,0,0,3,0,1,0,3,0,1,0,0,2,2,0,0,2,4,1,1,138,246,0,3,0,0,4,1,1,2,1,0,0,4,0,0,5,0,0,0,0,0,0,2,0,0,1,1,218,204,0,0,1,1,0,0,0,0,0,0,0,3,2,1,1,0,58,129,5,6,0,1,0,0,1,55,246,118,0,3,3,1,0,0,0,1,3,0,0,1,0,0,3,0,105,205,4,2,0,0,2,4,1,141,218,4,1,0,0,4,0,0,0,0,3,1,0,0,0,0,0,2,186,218,13,1,0,0,2,0,127,251,169,0,2,0,5,2,0,8,0,3,0,0,0,3,0,0,2,2,71,255,247,72,0,0,0,134,255,202,11,1,1,1,2,0,0,3,2,2,0,3,0,2,0,0,0,0,1,114,255,244,228,143,199,252,188,48,0,0,0,5,0,0,2,2,0,0,1,0,1,0,0,0,0,0,0,10,107,192,255,249,185,103,14,4,0,0,0,1,0,4,2,3,0,2,1,2,0,0,1,0,0,1,4,0,0,0,0,3,2,0,1,1,0,0,1,1,3,0,0,2,0,0,0,0,1,0,3,0,0,0,2,0,4,0,0,0,0,1,3,0,1,0,0,3,1,2,4,0,0,5,6,2,0,0,0,5,0,0,0,4,1,2,0,3,0,0,0,0,3,2,0,0,0,1,0,0,0,0,1
0,3,0,1,2,3,0,0,3,0,0,0,1,0,4,0,0,1,4,1,0,0,1,0,3,1,2,0,0,0,0,0,0,0,1,2,1,0,0,0,0,0,0,1,0,0,0,0,0,2,6,3,0,0,0,0,0,0,3,0,0,1,0,0,0,0,0,3,0,0,0,0,0,0,0,0,0,0,0,1,0,1,0,0,0,0,2,4,1,0,5,0,0,1,0,0,0,1,0,0,1,0,0,1,1,1,0,0,0,5,0,1,0,0,0,0,2,0,0,0,0,0,3,0,0,0,1,1,0,0,0,0,2,0,1,0,0,0,0,0,0,1,2,3,0,0,0,0,0,0,0,0,0,0,0,6,1,0,0,0,0,3,0,0,0,6,1,0,0,2,2,1,0,0,1,2,0,0,0,0,0,0,4,0,1,2,0,0,0,0,0,0,1,1,0,4,0,2,0,1,0,3,3,26,44,52,149,194,162,251,255,180,145,36,6,0,7,0,0,2,0,0,1,1,0,1,0,1,0,60,126,226,254,251,252,255,255,253,251,252,248,242,87,0,0,0,2,3,0,0,0,0,3,0,0,4,117,248,253,249,230,231,159,126,64,21,24,23,160,253,247,17,0,0,2,1,0,2,0,0,0,2,0,3,50,232,182,73,0,2,3,4,0,0,0,0,104,251,250,22,2,1,0,1,0,0,0,0,2,3,2,0,2,27,26,0,0,0,3,0,4,0,0,1,107,252,255,21,0,0,0,0,2,0,0,0,0,2,1,1,0,1,0,0,0,4,4,0,0,1,0,3,107,253,234,18,0,0,0,6,0,0,0,2,1,0,0,0,0,4,0,1,0,1,0,1,0,1,1,0,106,255,169,0,0,0,7,0,0,0,0,0,0,0,0,3,0,3,1,3,0,0,0,1,1,0,0,3,111,250,115,1,0,0,0,0,0,1,0,0,5,0,1,1,1,0,1,2,4,0,2,1,0,0,2,0,175,253,63,0,2,0,0,0,2,0,1,0,2,1,0,1,2,0,1,1,0,2,0,1,5,0,0,55,245,235,35,0,0,0,0,1,0,1,0,0,0,3,0,0,1,2,0,3,0,1,0,0,2,1,1,66,253,213,0,3,0,0,4,0,0,2,4,0,3,0,1,0,0,0,0,1,0,1,2,2,3,0,0,98,255,210,1,0,0,5,2,0,0,0,2,0,0,0,0,2,3,0,0,2,1,5,1,3,0,2,0,170,255,204,2,2,1,0,1,2,0,0,3,0,0,0,0,0,0,4,0,3,3,1,1,0,3,0,6,193,249,83,1,2,0,1,2,0,2,0,0,0,0,0,1,0,1,0,3,1,0,0,0,0,0,0,112,255,208,0,0,5,0,0,0,0,0,1,0,1,2,4,0,0,0,2,3,0,1,0,0,0,1,2,234,254,84,0,5,2,0,0,0,0,1,0,5,0,0,0,0,0,0,3,0,2,1,0,1,0,3,97,248,204,10,0,4,0,1,1,0,0,2,0,0,0,0,0,2,0,2,0,0,0,1,0,0,0,38,248,253,83,2,0,1,0,4,0,3,0,3,4,1,0,0,0,0,0,2,0,0,0,0,0,0,0,44,255,229,0,0,1,0,0,0,2,0,0,0,3,0,0,1,0,1,1,3,0,0,1,2,2,3,1,26,226,147,1,3,3,0,0,0,3,6,0,0,0,0,0,0,0,0,3,3,0,0,2,3,2,0,0,3,0,1,0,0,1,0,4,0,1,2,4,0,0,5,0
1,0,0,1,0,0,0,0,1,2,0,0,0,2,0,1,3,1,1,0,0,0,0,1,0,0,3,0,0,0,3,1,2,2,0,3,3,0,0,0,0,3,0,1,0,2,0,0,0,0,0,0,0,0,0,2,3,0,0,0,4,4,4,0,0,0,0,2,4,0,3,2,0,0,0,0,1,0,0,0,0,3,0,1,2,1,0,0,0,3,0,0,0,0,0,0,1,7,2,0,1,0,4,3,0,0,0,0,2,0,2,0,0,2,0,1,1,0,3,1,0,1,0,4,2,0,0,0,0,0,6,2,0,0,0,0,2,3,4,3,0,2,1,0,1,0,0,0,1,1,0,0,0,2,0,0,0,0,0,0,3,0,0,0,0,0,0,1,0,4,0,0,0,0,1,0,74,107,247,252,251,254,253,155,56,0,2,2,1,6,8,1,0,3,5,3,0,3,0,3,0,0,0,22,196,251,250,254,250,230,212,255,233,26,2,0,3,2,0,0,1,1,0,0,2,0,5,0,0,0,0,73,242,247,235,208,89,51,55,242,255,35,1,0,0,0,0,1,0,0,0,0,3,0,0,0,0,4,0,0,97,131,8,0,4,0,0,166,249,180,2,4,1,0,3,0,0,0,0,0,0,0,2,2,0,1,0,0,0,0,1,1,0,1,4,163,253,246,68,4,1,0,1,1,0,2,4,0,0,0,2,2,1,3,0,0,0,6,0,4,0,0,0,164,254,249,78,0,2,2,0,0,0,3,0,0,4,3,2,0,0,1,0,0,2,0,4,0,0,0,0,167,251,211,33,0,3,0,0,2,0,0,4,2,0,2,2,0,3,0,0,0,2,4,0,0,1,5,0,165,251,179,0,2,0,2,0,3,3,0,0,2,2,0,0,0,0,0,0,4,0,0,0,0,0,2,12,181,251,177,0,0,0,0,2,1,0,0,1,2,4,4,2,2,1,0,3,1,0,0,4,1,0,5,58,255,252,177,0,2,5,5,2,1,3,4,2,6,2,3,0,4,1,3,2,0,2,3,2,0,1,2,60,250,250,179,0,3,0,0,0,0,0,0,4,0,3,4,0,0,0,0,3,2,0,0,0,0,0,0,58,255,253,178,2,0,0,1,1,0,1,0,1,1,0,0,0,0,0,1,0,4,0,4,3,0,0,0,156,251,253,80,4,0,1,2,0,0,0,3,0,3,0,0,0,0,1,0,0,0,0,0,1,0,0,1,208,255,251,29,2,2,5,0,1,0,1,0,0,0,1,3,0,1,0,0,1,0,3,4,3,5,3,29,219,252,249,29,0,0,3,0,1,0,0,0,5,0,0,0,0,0,1,0,3,0,1,2,0,1,3,107,250,248,249,31,1,0,0,0,4,0,0,2,1,0,0,0,0,0,1,0,2,3,3,0,0,2,3,106,250,252,255,29,2,2,3,3,1,0,0,1,2,0,2,0,4,0,0,0,5,1,0,3,0,0,2,100,255,249,212,16,2,3,0,1,0,0,1,0,0,0,0,0,0,0,0,0,0,0,0,0,2,0,1,109,252,251,110,8,4,3,0,0,1,1,2,1,3,0,2,0,0,0,0,2,0,2,2,0,0,5,3,105,125,97,1,0,0,0,1,0,0,2,0,1,0,0,0,4,3,1,2,0,0,0,0,2,3,0,3,1,3,0,0,1,0,3,0,0,0,0,2,2,0,4,0,3,5,0,2,4,3,4,1,0,0,0,2,2,2,0,0,0,0,1,0,0,5,0,1,0,1,0
0,3,1,2,0,0,2,0,0,2,1,0,0,0,1,3,0,2,1,0,0,2,2,3,0,0,0,1,5,4,0,1,0,2,0,0,0,0,0,0,0,0,2,0,0,0,2,0,0,1,0,1,0,2,1,0,2,5,0,0,0,1,4,1,0,3,1,0,0,1,0,0,0,0,2,2,0,0,0,0,0,1,1,0,5,0,1,4,5,1,0,3,2,0,0,2,1,0,1,0,0,1,0,2,3,4,0,3,0,0,0,0,0,0,0,3,7,0,0,0,2,1,1,1,5,23,58,136,151,192,56,0,0,4,2,0,0,0,2,4,0,1,0,0,0,0,1,0,0,1,8,44,109,203,255,254,255,255,199,19,0,2,1,0,2,0,0,0,1,2,2,0,0,0,3,1,2,75,211,254,255,227,227,198,170,254,254,229,0,0,0,0,0,0,5,2,1,3,2,0,2,4,0,0,11,208,251,239,221,44,18,9,58,255,253,231,0,0,3,0,0,1,0,5,5,0,0,0,0,0,0,3,1,53,110,28,1,0,1,1,128,255,253,231,1,0,0,1,0,0,0,0,1,0,0,1,0,1,0,0,3,0,0,0,0,7,0,3,208,250,244,86,0,0,6,0,0,2,0,0,1,3,0,0,0,0,0,1,0,0,1,1,0,0,0,115,254,250,123,1,0,0,0,0,0,5,0,4,3,0,1,0,0,0,0,5,1,1,0,0,0,0,64,250,254,144,0,0,0,2,0,0,2,0,0,0,0,1,0,0,3,0,0,2,4,6,0,2,0,5,223,254,255,139,0,4,0,0,0,0,0,0,3,0,1,0,0,3,0,4,0,1,2,2,0,0,4,167,250,250,218,18,1,0,1,2,0,6,0,0,3,1,4,0,3,0,0,0,0,2,1,0,0,1,40,255,255,249,114,0,3,0,0,0,0,2,0,0,0,0,2,3,0,3,0,3,2,0,2,0,3,2,128,255,254,131,0,2,2,0,2,0,0,2,3,0,1,0,2,0,1,0,1,0,2,4,2,1,0,74,248,253,230,29,0,2,0,0,0,0,0,2,0,4,2,0,0,0,0,0,0,0,0,3,4,1,7,202,255,253,151,0,0,4,0,3,5,0,2,1,0,0,3,1,0,0,3,0,1,0,0,0,0,1,127,255,255,255,0,10,27,25,53,118,23,1,0,2,0,1,1,3,3,2,0,1,0,0,1,0,4,86,245,255,255,253,181,212,248,254,249,255,251,91,1,2,0,0,1,3,0,3,4,1,0,0,3,1,23,217,255,252,252,253,254,255,253,238,219,205,115,92,0,2,1,0,0,2,0,0,0,3,0,3,0,0,192,254,252,251,253,255,184,181,103,36,1,1,2,0,0,0,0,0,3,0,1,2,0,0,0,0,0,0,223,253,255,237,154,35,2,1,2,1,0,0,0,0,0,0,0,0,0,0,0,0,2,0,0,2,0,0,135,223,243,104,4,2,2,2,0,0,0,4,1,1,0,0,4,0,3,0,0,0,0,0,0,5,0,0,2,1,0,5,0,1,3,0,3,3,2,1,1,4,1,3,0,0,1,0,0,1,0,0,1,1,2,5,0,1,3,0,0,0,0,0,0,0,0,0,0,0,0,1,0,2,3,2,0,0,1,3,2,2,0,0,0,2,0,0,2,0,0,1,1,0,9,0,1,0,0,1,3,4,2,0,0,1,4,1,0,0,3,0,1,0,0,0,0,0,1,2,0,3,0,0,0,3,3,1,1,1,3,0
2,1,0,1,1,0,2,0,1,0,3,0,0,2,0,3,2,0,2,0,0,3,2,1,0,0,2,1,0,0,2,1,4,0,0,1,0,1,0,0,1,0,0,3,0,0,2,0,0,6,0,0,0,4,0,0,2,0,0,0,2,0,0,1,0,0,0,0,3,0,5,0,0,0,0,1,2,0,0,0,0,1,0,1,1,0,1,0,3,2,0,0,2,1,2,0,0,0,0,0,0,1,0,0,0,0,0,0,1,2,5,0,0,0,0,1,1,0,0,0,0,0,0,143,252,254,254,131,55,0,0,0,0,1,0,0,1,5,0,1,0,2,1,1,0,2,1,2,1,0,1,86,90,131,217,252,250,148,16,0,3,3,1,0,0,2,0,0,3,2,3,0,0,3,0,0,0,0,1,69,117,4,0,144,255,253,84,1,0,0,1,2,0,0,0,3,2,4,1,1,1,1,1,2,0,0,4,207,255,103,1,223,252,246,28,0,0,0,2,0,0,0,4,0,1,0,0,0,2,0,0,0,0,0,5,178,253,89,71,255,253,171,2,0,2,0,0,0,1,2,0,0,0,0,2,6,3,0,1,1,0,0,0,138,250,199,246,252,253,55,0,0,2,3,0,2,0,0,0,0,0,3,0,1,0,2,3,0,0,1,0,86,251,255,253,252,229,13,0,0,0,4,2,1,1,0,0,2,1,0,0,0,0,2,1,0,4,0,2,33,245,254,254,253,33,0,1,1,2,0,0,0,2,0,0,2,0,0,0,1,0,0,0,2,0,0,3,4,177,250,252,196,0,0,0,0,2,3,0,0,0,0,2,0,0,0,4,0,0,2,0,0,0,0,0,60,251,255,251,187,1,2,4,1,0,1,0,0,0,1,1,0,0,4,0,0,0,0,0,0,0,1,2,145,254,255,253,255,48,0,1,1,2,0,0,0,0,1,3,0,0,0,1,0,0,0,2,3,0,0,19,243,255,255,223,254,223,43,0,0,2,1,0,0,0,1,1,0,3,0,2,0,3,0,0,4,5,1,92,253,254,240,39,173,252,226,33,0,0,0,0,0,0,0,0,1,2,0,4,2,0,4,0,0,2,1,116,251,250,225,2,26,206,254,145,0,1,0,5,0,0,1,0,4,0,1,1,1,0,0,1,0,0,0,117,253,252,208,0,0,132,248,249,19,0,1,1,2,0,0,0,0,0,0,0,3,0,0,0,0,0,1,113,255,252,126,0,4,174,255,186,3,3,3,3,1,0,3,2,0,0,3,1,2,0,0,5,0,1,0,110,255,254,127,0,114,248,251,81,3,2,0,1,0,1,0,0,0,0,0,0,0,0,1,0,0,0,3,115,254,253,159,157,250,255,154,7,0,0,0,0,0,3,0,3,0,0,0,0,2,2,3,1,0,3,0,68,235,252,254,252,253,139,41,0,0,0,0,4,0,1,0,1,0,3,3,0,0,2,0,1,0,0,0,1,20,172,251,217,69,5,5,1,2,3,0,1,2,4,1,1,1,0,0,0,0,1,1,0,1,0,0,0,0,0,0,5,0,2,4,4,1,0,2,0,2,0,1,5,7,0,0,3,3,1,0,2,0,0,1,1,2,0,3,1,0,2,2,0,0,0,2,0,0,1,2,3,0,1,0,0,0,0,0,0,0,1,0,0,1,0,0,0,0,3,0,0,1,2,0,0,0,0,3,5,0,0,0,0,3,4,1,0,0,0,1,1,6,3,0,0,1,0,0,1,0,0,2,0,0,0,0,0,2
3,0,3,4,3,1,0,1,2,1,3,0,0,2,0,2,0,1,0,0,0,1,0,0,1,3,3,0,0,0,0,5,0,2,0,0,1,0,0,0,2,2,0,0,1,0,2,0,0,0,1,0,0,0,3,1,0,3,1,0,3,0,0,1,0,0,0,8,1,2,0,0,0,3,1,1,1,0,0,0,0,2,0,0,3,0,0,0,0,1,1,1,0,2,100,142,255,254,252,130,90,1,1,3,2,2,4,6,1,0,1,0,2,3,0,1,0,0,0,0,50,225,249,252,254,253,255,249,245,126,4,0,0,0,0,1,3,0,3,3,0,3,0,0,0,2,4,0,141,253,253,251,252,250,255,253,252,247,118,2,3,0,1,3,1,5,0,0,0,0,2,1,3,0,0,0,51,255,255,245,220,223,164,84,217,254,252,96,0,1,0,0,0,4,3,0,2,0,0,0,2,2,0,0,1,108,111,91,0,1,0,0,119,254,254,201,11,4,0,0,2,1,3,4,0,0,0,3,0,2,0,0,0,0,1,0,0,0,0,1,0,106,254,253,27,1,0,1,0,0,1,2,0,0,1,0,4,0,0,3,0,1,0,2,1,3,0,0,0,5,153,253,151,1,0,1,1,0,2,2,1,0,2,0,0,3,0,0,0,0,0,4,0,1,0,2,2,0,141,254,185,18,1,0,0,0,2,0,0,0,0,2,0,0,0,0,0,0,0,0,3,0,0,5,0,4,143,252,255,53,0,2,0,3,2,0,0,0,2,1,0,0,0,3,0,0,1,5,0,2,1,0,0,1,140,253,248,58,1,0,0,0,2,1,3,0,1,0,0,2,2,0,0,4,1,0,0,0,2,2,0,93,255,253,255,61,0,4,4,0,0,2,0,1,1,0,1,0,1,2,1,5,0,0,0,0,0,0,51,241,253,254,228,39,0,0,0,0,2,0,1,0,0,0,4,0,16,73,196,200,148,60,59,57,2,17,176,247,252,253,163,0,3,0,0,0,0,0,0,1,0,4,0,0,54,242,254,254,254,251,245,250,170,196,255,249,254,255,70,3,0,4,0,0,0,1,1,0,0,0,0,2,0,171,251,253,253,250,249,252,253,255,248,249,253,112,11,1,3,0,0,0,2,2,2,0,1,3,0,0,0,112,248,255,249,252,252,252,254,251,254,254,255,113,11,0,0,1,1,0,0,1,0,3,0,3,0,0,0,18,215,252,251,249,248,251,255,253,253,246,252,253,226,49,1,0,0,0,0,0,0,2,0,0,0,0,0,2,109,253,252,251,254,247,253,253,253,250,254,251,252,55,1,2,0,0,0,3,0,1,0,0,0,1,2,4,0,83,208,227,253,227,84,84,117,242,252,255,101,17,1,0,0,0,0,0,0,0,1,4,0,2,3,0,2,0,0,28,99,0,0,1,0,74,110,179,30,2,0,4,4,0,2,0,0,0,0,0,0,0,0,5,0,0,3,1,4,0,2,0,0,1,0,0,0,0,0,1,1,0,1,0,0,2,1,1,0,3,0,0,1,3,1,0,0,0,1,0,0,2,2,0,3,0,0,0,0,0,4,3,0,2,2,0,2,0,1,2,1,0,0,0,0,1,0,0,0,0,0,0,0,3,0,0,0,0,1,0,0,4,4,3,0,0,2,0,0,0,1,0,1,3,0,6,2,1,0,0,0,0,1,1,1,1,0,4,0,0,0,3,0,5,0,1,0,1,3,1,1,0,1,2,0,2,2,1,0,1,2,0,0,1,1,4
0,0,3,1,1,0,1,3,0,0,5,2,0,4,0,0,0,0,0,5,1,1,0,4,1,2,1,0,0,0,0,1,0,1,0,0,0,1,0,0,0,1,1,2,1,2,0,0,0,0,5,0,1,1,0,0,0,0,0,2,0,0,0,4,0,0,1,0,2,1,0,3,0,5,0,0,1,4,3,0,1,0,5,0,0,1,0,0,3,0,2,0,0,1,1,45,235,255,54,0,0,0,5,0,5,3,4,2,0,0,0,0,0,0,1,0,5,1,3,0,0,2,159,249,252,217,30,0,1,7,3,0,3,2,0,0,3,2,0,2,0,0,0,0,3,5,4,5,2,0,223,249,215,31,0,4,1,4,0,1,0,1,0,2,0,1,2,0,0,0,1,0,0,0,0,0,0,153,250,213,33,4,0,2,0,2,1,4,0,1,3,0,1,0,1,1,0,0,0,2,1,0,0,0,0,235,249,46,0,3,1,4,5,0,1,2,0,2,1,0,4,0,2,2,0,0,0,0,2,2,1,1,98,250,163,0,2,3,28,95,94,27,4,0,0,3,1,0,2,0,0,2,2,0,4,0,1,0,3,2,113,251,117,1,72,190,225,254,250,226,213,192,83,31,0,0,1,0,0,0,1,0,0,3,0,1,0,1,218,253,22,78,247,253,251,255,254,255,251,251,255,212,32,0,0,0,0,0,0,2,0,0,0,0,2,92,251,252,139,218,251,193,78,51,52,52,53,139,225,253,138,0,0,2,0,0,0,0,0,0,1,0,0,123,250,252,251,255,230,35,0,1,0,1,0,2,66,254,254,82,0,0,2,0,2,0,2,0,5,0,0,120,249,254,255,232,62,0,3,2,0,0,0,3,27,234,255,138,0,4,5,0,2,1,2,0,0,2,0,115,252,251,235,126,2,2,2,3,0,1,2,0,0,62,253,241,0,0,0,1,3,0,1,1,2,2,0,117,250,248,66,0,0,2,1,0,0,0,1,2,0,26,253,238,0,0,0,0,0,0,0,0,2,0,2,121,254,255,26,0,0,0,0,1,1,0,0,0,3,49,249,242,0,0,0,0,1,5,0,0,0,0,0,118,249,255,29,4,0,0,1,3,1,0,0,1,5,172,255,156,0,0,0,0,2,2,0,2,0,0,3,49,243,255,113,18,1,4,0,0,0,3,1,1,42,250,240,43,0,0,1,0,0,0,0,0,0,3,0,2,163,251,255,216,111,3,0,1,2,0,5,41,214,249,158,0,0,0,0,1,0,1,0,0,4,1,2,2,51,161,251,253,255,164,141,144,141,80,164,251,235,112,44,0,0,0,0,0,0,0,0,0,0,3,0,2,3,0,46,161,251,252,252,251,255,253,255,232,103,2,1,0,2,0,3,0,3,5,0,2,2,0,0,4,0,1,4,0,40,163,249,251,251,228,119,39,0,0,2,0,0,0,0,0,0,1,1,0,2,1,3,0,1,1,4,0,0,0,1,0,0,0,0,0,0,1,0,0,0,0,0,0,0,0,0,0,2,2,0,0,0,1,0,0,0,3,5,0,0,0,1,0,0,3,0,0,0,0,0,2,0,0,0,1,3,0,0,2,0,3,2,0,1,0,2,0,0,0,0,0,2,3,4,0,0,0,1,1,0,0,0,2,2,0,0,1,0,5,1,0,2,2,0,2,1,1,0,1,0,0,0,0,2,0,1,0,0,0,0,0,0,1,0,0,3,0,0,0,0,1,1,1,0,1,0,0,0,2,0,2,0,0,0,0
2,0,0,2,1,0,0,0,0,0,1,0,0,0,2,0,0,1,1,0,1,0,1,1,0,0,1,0,0,2,0,1,0,1,0,4,2,1,3,0,0,0,0,1,3,3,0,4,3,2,0,0,0,2,0,3,0,4,0,1,1,0,0,1,3,0,0,0,1,0,2,0,2,1,0,0,0,0,1,1,0,0,0,0,0,1,0,3,0,0,0,0,0,7,1,0,0,2,0,0,0,0,2,4,0,0,0,0,0,0,0,0,1,3,5,0,0,2,0,0,3,0,1,0,0,0,0,0,0,0,4,1,1,0,3,0,0,0,7,0,0,3,0,0,4,1,3,1,1,0,1,1,0,0,0,2,1,3,5,81,210,172,53,0,0,0,0,1,1,0,3,0,0,0,1,1,1,0,0,2,0,0,29,151,252,247,247,255,253,255,238,53,1,0,2,2,0,2,3,0,0,2,4,0,0,0,2,3,97,219,244,254,255,229,49,30,59,100,253,238,2,0,2,0,1,2,1,5,0,5,0,0,0,0,147,237,255,251,254,174,118,14,0,2,5,0,158,255,109,0,0,1,2,3,2,0,1,0,5,0,0,217,255,252,224,115,28,6,0,0,0,0,3,63,191,253,111,0,0,0,0,0,0,0,1,0,0,2,0,236,219,120,22,1,0,0,0,0,0,0,75,243,255,248,77,0,1,2,3,0,0,0,1,0,1,1,1,238,158,0,4,3,3,0,6,0,60,111,239,246,160,35,3,1,1,0,0,0,5,0,0,1,0,0,0,197,238,29,0,0,0,1,21,111,239,253,116,41,0,0,2,0,0,0,0,0,0,0,0,0,0,3,0,72,252,162,10,3,0,57,182,253,206,96,16,1,0,0,0,3,0,4,0,0,2,0,0,2,1,0,1,0,127,252,73,95,194,241,238,162,13,0,0,0,0,0,3,0,0,0,0,0,0,0,2,0,0,0,3,0,97,254,234,242,254,207,84,0,0,0,0,0,1,1,0,0,3,2,2,2,2,0,2,0,3,1,1,1,98,252,255,237,96,14,0,2,0,0,0,4,0,2,5,0,0,0,0,0,0,0,1,0,0,0,22,169,209,214,159,230,33,0,0,0,2,2,0,0,1,0,0,3,0,0,1,0,1,2,0,0,1,24,202,254,167,13,34,204,187,35,0,0,0,0,0,4,0,1,1,1,5,1,0,1,2,1,2,0,2,115,253,102,11,3,0,67,250,73,4,2,0,0,0,1,2,0,1,0,0,0,2,5,3,0,0,2,1,121,250,20,0,1,0,0,114,224,54,3,0,4,0,0,0,4,0,0,1,0,0,1,0,0,0,0,1,119,255,101,16,0,1,0,0,188,201,8,5,0,3,0,3,0,2,2,2,1,0,0,1,0,0,0,0,113,253,255,212,30,3,0,3,80,255,145,2,0,0,1,5,2,0,0,0,0,1,0,0,0,3,2,3,0,116,243,251,249,150,137,171,255,252,131,1,0,1,0,1,0,1,0,1,0,6,4,0,2,0,2,0,2,1,3,0,46,191,127,225,188,222,37,0,0,0,3,0,2,0,2,2,0,0,0,0,0,0,2,3,0,0,2,0,4,1,0,0,0,0,0,1,0,1,0,0,2,0,3,2,0,2,0,0,4,1,1,1,0,0,1,0,0,0,2,0,4,0,3,0,0,1,2,1,2,0,0,3,0,0,5,0,0,0,0,1,5,2,0,1,0,3,2,0,0,0,2,0,0,0,2,1,6,4,0,0,0
0,0,0,0,0,0,2,0,3,1,0,3,0,3,0,0,3,0,1,0,0,0,0,1,3,0,2,0,2,0,3,1,3,4,4,0,0,0,2,2,2,0,0,0,2,1,1,0,2,0,0,0,0,2,0,1,4,3,2,1,1,0,0,2,2,2,0,0,1,1,2,0,2,1,0,3,0,4,4,0,1,0,0,0,0,1,0,4,0,0,6,0,1,0,2,0,0,0,2,0,2,0,0,4,0,0,0,0,4,0,0,0,0,0,0,0,1,0,1,0,0,4,0,0,0,2,4,5,0,2,3,0,1,0,0,2,1,2,0,0,1,4,0,0,0,0,2,2,2,1,3,0,3,3,0,85,132,35,0,0,0,3,2,0,0,2,3,1,2,0,0,2,0,0,0,0,0,1,3,2,0,2,77,246,255,122,1,0,1,0,0,3,0,3,0,3,0,0,4,0,0,2,1,4,0,3,0,0,35,79,170,252,251,191,176,175,179,113,82,22,1,0,0,0,5,0,0,3,2,1,0,4,0,3,0,11,214,254,255,253,252,254,255,250,255,255,255,241,220,99,0,0,0,0,0,0,0,0,0,5,0,0,1,60,251,255,255,177,59,60,56,56,59,61,58,94,159,119,0,0,4,0,1,2,0,0,0,0,0,0,0,0,0,179,254,133,5,1,3,1,3,0,0,1,0,0,0,2,0,0,0,0,2,0,2,0,2,0,3,1,13,212,219,10,6,2,0,0,0,3,0,0,0,0,1,3,1,0,0,0,3,0,0,0,1,0,0,1,89,251,186,6,1,1,0,0,0,2,1,1,1,1,0,0,0,0,0,0,4,0,0,0,0,1,2,0,28,254,115,4,2,1,0,0,0,3,0,3,0,0,0,1,0,0,2,0,2,3,0,0,1,0,0,0,22,254,189,0,0,0,0,1,0,0,0,0,2,0,3,0,1,2,0,4,2,0,0,0,4,3,0,0,14,239,245,58,2,0,0,0,3,0,0,0,2,0,0,0,0,0,0,2,0,4,1,2,4,1,0,0,0,169,255,197,6,0,1,0,0,0,0,0,2,1,3,0,0,3,0,3,3,4,2,0,2,2,1,0,0,28,211,255,167,0,0,4,1,2,0,1,0,2,0,0,0,2,0,2,2,0,2,0,0,0,1,0,0,12,195,255,143,3,0,0,5,0,0,0,1,0,4,3,0,3,1,2,1,0,0,0,0,0,3,1,1,154,255,215,19,0,0,4,1,0,3,1,1,0,0,0,2,1,2,0,1,2,97,51,0,0,1,15,189,255,246,85,0,1,0,0,4,0,0,0,4,0,0,0,0,0,1,0,0,1,203,142,8,26,120,221,255,249,120,0,2,0,1,4,0,0,1,0,1,0,0,2,0,1,1,2,0,3,185,250,204,224,255,251,218,86,0,0,0,0,0,0,0,0,0,2,1,3,0,4,0,0,2,2,2,1,94,230,249,247,216,56,11,0,0,3,0,0,2,1,0,0,0,0,0,1,2,6,3,0,1,3,1,2,0,27,62,51,0,1,3,0,0,0,1,3,0,1,0,0,0,0,0,1,0,0,3,1,0,0,1,0,0,0,0,1,0,1,0,0,0,0,1,0,0,1,0,3,1,0,0,2,0,0,3,0,4,0,0,0,0,0,0,0,3,1,0,0,3,0,0,0,0,0,1,0,0,4,1,0,0,0,0,2,1,0,0,0,2,0,2,0,0,3,1,0,0,0,4,1,0,2,0,6,0,0,1,3,2,0
1,1,0,0,2,0,0,6,0,0,2,2,0,0,0,0,0,0,0,7,2,0,0,0,0,2,3,0,0,0,0,0,4,1,1,0,0,0,4,3,0,0,0,3,0,1,0,0,3,0,0,5,4,0,0,1,3,0,1,0,2,0,0,2,3,1,0,1,0,2,0,0,0,1,0,0,2,0,0,1,1,4,1,0,3,0,0,0,0,0,0,0,0,0,1,0,6,0,0,0,0,0,2,2,0,0,0,4,0,2,2,0,1,0,0,0,1,0,0,0,7,3,3,0,2,2,2,0,0,1,0,0,0,1,0,0,0,1,0,0,0,0,0,0,3,0,0,0,0,0,3,3,4,0,0,3,0,0,2,0,0,1,0,2,2,4,6,0,1,1,0,0,0,1,1,0,0,6,1,0,2,0,1,0,0,2,1,0,2,0,0,0,0,0,0,4,4,0,2,0,0,1,0,1,2,3,0,0,4,0,0,1,2,0,0,0,0,0,1,0,0,1,0,1,0,6,7,18,102,133,135,133,134,130,133,127,20,18,102,133,131,238,254,135,0,0,0,0,0,0,0,2,18,144,208,255,251,253,251,255,250,251,249,254,252,253,253,254,252,255,255,129,0,0,0,0,0,3,0,1,59,220,204,95,97,95,97,146,105,93,98,107,214,215,219,220,228,251,255,134,0,1,2,1,1,0,0,0,2,3,0,1,0,0,2,0,3,0,2,0,1,1,5,0,85,252,252,54,1,0,2,1,0,2,0,0,0,4,2,0,0,0,3,0,2,1,0,0,0,0,0,0,83,252,250,14,4,1,0,2,0,0,0,0,0,0,0,0,1,0,0,0,2,2,0,2,1,0,1,0,178,255,253,11,0,2,2,0,0,0,3,3,0,6,0,0,2,0,0,0,0,0,0,0,0,0,3,0,210,255,164,5,1,1,0,4,1,0,0,0,3,2,2,0,1,0,0,0,1,2,0,0,0,0,2,27,225,249,99,0,0,2,0,1,0,0,0,0,0,0,5,5,0,3,0,1,3,2,2,0,0,2,2,75,252,250,22,2,0,4,0,2,0,0,2,0,0,0,0,0,1,2,1,0,2,0,2,0,0,2,1,72,254,251,25,5,0,1,3,0,0,0,0,1,0,0,0,2,0,0,0,0,0,0,0,0,0,0,3,137,253,255,22,0,3,0,0,0,0,1,0,0,0,0,2,1,0,0,0,0,3,0,1,1,0,0,0,194,253,254,23,0,0,1,0,0,0,1,2,0,0,0,1,1,1,0,0,4,1,0,2,0,0,0,0,199,251,253,26,0,2,2,2,0,1,3,2,5,0,1,4,0,0,3,5,0,2,0,0,0,0,0,2,191,252,238,19,2,2,0,2,1,3,2,0,0,0,0,0,1,0,0,0,3,1,3,1,0,0,0,1,196,251,163,3,0,0,1,0,0,0,1,0,0,3,0,0,0,2,0,0,0,0,2,0,0,0,0,2,195,251,155,0,0,0,1,0,4,4,2,1,3,1,0,0,0,0,3,0,0,0,1,1,3,3,0,23,216,255,153,0,0,1,0,0,2,0,0,1,0,0,0,2,1,0,0,0,0,0,1,0,1,0,0,59,250,253,50,0,1,0,0,0,2,0,0,1,2,0,0,1,4,0,4,2,0,2,1,3,1,1,0,116,255,253,35,0,0,0,1,0,0,0,0,0,5,0,2,0,0,0,0,2,0,0,0,0,0,6,0,183,251,172,1,1,0,0,1,0,0,1,0,3,2
2,3,0,2,0,4,3,0,0,4,0,3,0,0,0,0,2,4,0,2,0,0,0,0,0,0,0,3,3,1,3,0,3,2,1,0,1,1,2,0,3,0,2,2,0,1,0,0,3,0,0,0,0,0,0,4,0,0,1,2,0,0,0,0,1,1,3,0,0,0,0,0,3,0,1,0,0,0,6,0,2,0,5,0,0,0,1,4,0,1,1,2,10,0,2,0,2,2,1,2,2,1,5,0,0,4,4,0,0,0,0,0,0,0,0,0,5,0,0,0,0,0,1,2,4,1,0,1,0,0,1,0,3,0,0,0,0,0,0,0,4,0,0,0,4,0,1,0,0,4,0,1,0,0,2,0,0,0,0,0,0,0,1,0,1,1,2,0,1,0,1,2,2,0,1,0,0,1,0,0,1,1,0,2,0,0,0,1,3,0,1,0,0,1,6,1,0,0,0,3,0,0,0,0,0,0,42,48,131,153,154,154,149,237,49,0,0,0,0,2,0,0,0,0,1,0,0,0,0,3,0,66,103,198,243,255,253,250,255,255,255,254,82,1,2,3,2,0,0,2,3,0,2,0,0,0,0,62,239,255,255,253,255,229,216,117,116,187,252,255,82,1,0,1,3,0,1,1,0,0,0,2,2,2,1,86,214,230,168,144,70,23,4,5,0,134,249,253,82,0,0,5,0,3,0,1,1,2,0,0,0,0,0,2,12,14,0,1,0,3,3,2,1,235,255,255,77,0,0,0,2,0,0,0,0,2,1,3,0,1,3,2,1,0,1,2,0,3,3,0,3,239,255,234,1,1,0,1,2,2,0,0,4,0,0,1,1,0,0,4,2,4,0,0,0,0,1,0,0,240,250,231,1,0,6,1,1,0,0,0,0,0,0,2,0,2,0,3,0,0,0,0,0,0,1,2,2,241,255,170,0,1,3,0,0,4,0,0,0,0,0,0,0,0,2,1,0,0,0,0,0,1,0,0,1,238,254,129,0,1,0,1,1,2,0,1,0,0,0,0,0,2,0,0,3,0,1,2,0,1,0,0,109,253,254,68,5,0,2,1,0,2,0,0,3,0,2,0,1,0,0,0,4,7,0,0,4,0,2,14,216,255,224,16,0,0,0,0,0,0,2,1,0,0,1,1,0,2,0,0,0,1,0,4,2,0,7,42,255,255,115,0,0,2,0,0,0,0,0,4,3,0,0,0,0,2,0,1,1,1,4,0,0,1,0,116,247,251,76,1,2,0,0,1,0,1,3,0,1,0,0,0,0,0,2,0,2,0,0,0,0,0,0,155,254,240,36,0,0,0,0,1,0,0,0,2,0,0,0,0,4,0,0,4,1,0,0,0,0,2,30,254,255,191,1,3,3,1,1,0,1,0,0,1,0,0,0,0,2,0,0,2,0,6,0,0,0,0,101,255,254,70,0,0,3,0,0,0,0,0,0,0,1,0,0,3,2,4,2,0,1,8,2,1,0,0,129,255,255,16,0,0,0,3,0,0,0,0,0,2,0,0,0,0,0,5,0,0,0,0,0,0,5,5,206,254,217,9,0,2,3,0,1,0,0,3,0,0,0,0,2,0,2,0,0,2,0,0,1,0,1,52,247,252,165,4,0,0,0,0,0,0,2,1,2,5,0,1,3,2,2,0,0,3,0,0,0,2,0,50,255,239,58,4,0,0,0,1,1,0,0,0,2,0,2,2,0,2,0,0,4,3,2,0,0,0,0,2,0,0,0,0,2,3,1,3,1,2,5,0,0,0,3,0
4,0,1,4,0,0,0,0,3,3,0,2,0,0,6,4,2,0,0,4,0,4,5,0,1,0,0,0,0,3,0,0,1,3,1,0,0,0,3,2,0,0,1,0,0,2,2,1,0,0,0,0,0,0,0,1,2,2,3,1,0,0,0,1,0,2,0,3,4,0,1,0,1,0,0,2,3,0,2,0,3,0,0,2,1,0,0,4,0,0,0,4,0,0,0,2,0,0,0,0,5,0,1,0,0,0,0,1,0,0,0,1,1,0,0,0,0,1,0,4,0,1,1,0,0,0,0,0,0,2,0,0,0,3,0,0,0,0,0,2,4,0,0,0,0,1,1,1,0,0,4,132,235,221,51,1,2,0,2,0,0,2,0,2,0,0,2,0,0,0,0,0,1,0,0,0,0,0,61,252,253,254,182,0,2,0,2,0,0,0,3,0,1,1,0,0,0,0,0,0,3,3,0,2,0,8,212,243,126,216,255,55,0,0,0,0,0,4,0,0,0,1,0,0,0,0,0,0,2,0,0,0,0,173,253,160,0,117,253,182,74,0,0,0,0,0,1,0,1,4,0,2,0,0,0,0,0,0,0,3,0,222,254,47,0,10,247,253,240,14,0,3,0,0,0,0,0,0,0,0,2,0,0,0,1,2,0,0,1,221,254,50,2,8,249,252,253,52,0,3,0,3,0,3,3,1,3,2,3,0,2,3,0,2,0,3,5,222,255,50,0,4,219,253,253,23,2,1,0,4,0,0,0,0,0,1,0,0,1,0,0,3,3,0,0,116,255,96,3,0,170,255,202,3,1,0,3,2,0,2,0,0,0,1,0,1,0,0,0,3,0,1,2,42,252,248,176,131,231,252,182,0,0,2,0,0,1,0,4,0,1,0,1,3,1,1,2,0,2,0,0,1,149,254,250,253,255,255,158,1,0,0,0,2,0,1,3,4,0,0,0,0,1,2,0,0,0,0,5,0,0,69,126,139,92,253,206,7,0,0,2,1,1,0,1,1,0,3,0,0,0,0,1,0,0,0,0,0,1,1,0,2,3,250,255,14,1,1,5,4,1,0,0,1,4,1,2,2,0,0,0,0,0,0,0,1,0,4,0,0,1,250,252,99,2,0,0,0,0,0,0,0,1,0,0,0,0,2,0,0,1,1,2,0,1,0,0,0,2,205,249,151,4,1,0,2,0,0,0,0,0,0,0,1,2,0,0,0,1,2,0,3,0,0,0,2,0,165,248,195,0,4,4,4,0,1,0,0,2,3,2,5,1,1,0,0,2,0,0,0,2,0,0,3,0,94,253,199,6,0,1,0,0,0,0,0,0,0,0,3,1,0,3,0,0,1,0,0,0,2,2,0,0,14,245,255,95,0,1,1,0,1,0,0,0,3,0,2,2,0,1,0,0,1,1,0,4,3,1,0,3,0,203,254,152,0,12,5,1,0,0,0,0,0,0,0,0,2,2,1,0,1,2,0,3,0,0,0,2,5,121,252,251,149,167,0,5,0,0,0,0,1,0,1,3,2,0,3,0,0,1,3,1,1,0,0,5,0,20,209,253,252,186,0,0,1,0,0,1,2,2,1,1,0,4,4,2,1,0,0,0,0,4,0,0,1,0,4,0,0,2,2,0,2,1,0,0,2,3,0,5,0,0,0,0,0,2,2,3,2,1,0,5,1,0,0,0,2,0,0,0,0,0,4,2,1,0,0,2,7,4,4,0,0,0,0,1,0,3,0,0,5,0,4,0,1,1,2,0,0,0,0,0,0
0,0,0,0,0,3,3,1,0,0,0,0,0,0,2,0,4,0,1,4,0,0,2,0,0,1,1,3,0,1,3,0,0,2,0,0,0,0,4,1,2,0,0,0,0,0,0,1,3,0,4,0,0,0,0,0,0,0,0,1,0,2,0,1,0,0,0,0,0,2,2,1,2,3,0,0,0,0,1,0,0,1,1,2,0,0,0,0,1,0,1,3,0,1,0,2,0,0,0,0,0,0,0,0,0,0,1,2,3,0,0,1,1,0,3,0,1,5,1,0,3,4,1,4,13,218,255,235,54,0,0,3,0,2,0,0,1,0,3,0,1,0,0,0,0,0,0,0,2,1,0,1,102,254,252,252,163,0,0,3,0,2,4,0,0,0,0,0,0,1,0,0,1,0,0,0,5,1,0,1,119,255,255,255,172,0,0,0,0,0,0,0,0,4,0,1,3,0,0,0,0,0,4,0,1,0,1,0,19,231,255,251,170,0,0,2,0,3,0,0,0,0,0,2,0,1,0,0,0,0,1,2,6,0,0,0,3,169,253,253,78,5,0,1,0,1,0,0,2,1,0,2,3,1,0,0,0,4,0,0,0,1,0,0,1,171,252,254,64,0,0,0,3,0,0,1,4,1,2,0,2,0,0,1,2,2,0,0,1,3,1,0,7,198,251,252,66,0,0,3,0,0,4,1,1,1,4,2,1,0,6,0,0,2,3,2,0,1,0,0,19,254,254,255,64,0,0,0,0,0,2,0,3,0,2,0,3,1,1,3,0,0,1,0,0,0,0,0,18,253,255,255,63,2,0,0,1,0,0,0,2,0,0,1,0,0,0,0,3,3,3,0,0,0,4,0,26,253,253,252,63,0,4,0,2,0,0,1,1,0,0,0,4,0,1,0,2,0,0,1,0,1,2,0,19,254,250,253,65,0,0,0,0,3,0,0,0,3,0,0,3,0,0,0,7,2,0,0,0,0,2,0,56,251,250,255,66,2,2,6,0,2,2,0,1,0,0,3,0,2,1,0,1,1,2,3,4,0,4,0,127,247,252,255,63,0,0,0,1,1,0,0,0,0,0,1,0,0,4,0,0,0,2,0,0,2,0,1,128,253,254,254,63,1,1,2,0,2,2,0,2,1,0,3,4,1,0,0,1,0,1,0,0,3,1,1,126,253,252,255,66,0,2,0,3,0,1,2,1,0,1,0,0,0,0,1,0,0,0,0,2,2,3,0,110,252,255,253,81,0,2,0,0,0,1,0,0,2,0,5,0,0,0,0,0,0,0,0,1,1,0,0,22,251,255,253,232,18,2,0,0,0,0,0,5,0,0,0,0,3,1,2,1,0,0,0,0,3,0,4,20,253,253,255,249,17,0,0,0,3,0,2,0,2,0,0,0,3,3,1,2,1,0,0,0,0,0,0,15,234,254,255,193,7,5,2,0,0,0,1,1,0,0,1,4,0,0,0,1,0,1,0,2,0,0,1,0,100,234,191,58,0,3,2,0,0,1,1,0,0,0,3,1,1,1,0,1,0,2,0,0,1,0,4,2,0,4,0,0,1,0,0,0,0,0,2,2,0,3,1,0,2,0,0,2,0,0,1,0,0,4,1,0,0,2,0,0,0,0,0,1,0,1,0,1,1,0,0,0,0,1,2,0,3,0,2,0,0,4,0,3,0,0,5,1,1,0,2,1,1,0,3,0,2,1,3,1,1,0,0,0,0,0,0,0,0,0,1,2,0,0,2,3,3,0,0,0,0,0,2,0,5,0,1
1,1,0,3,1,4,1,1,0,1,0,2,0,0,0,6,0,0,1,0,0,0,0,0,0,1,0,0,1,4,0,0,0,0,0,0,0,0,0,3,0,2,2,3,0,2,0,1,0,2,0,3,0,3,2,0,3,0,1,4,1,0,0,2,2,3,2,0,5,0,0,0,0,0,0,0,2,0,0,0,0,1,0,4,0,1,0,2,2,1,0,0,0,0,0,6,0,1,4,1,5,0,0,0,1,0,0,0,0,3,1,0,0,1,0,1,0,0,2,0,0,0,0,0,0,0,62,183,254,136,19,1,0,4,1,0,3,4,1,3,0,0,0,0,0,0,1,0,4,1,0,0,13,186,251,253,250,255,199,22,2,0,0,0,0,5,6,1,0,0,1,2,0,0,0,0,0,0,0,15,182,255,251,157,193,255,251,58,1,0,2,0,2,1,3,1,0,0,0,1,2,1,0,0,0,1,1,153,253,249,103,3,108,255,255,168,0,1,2,3,4,2,0,0,2,1,2,0,3,0,0,0,0,17,168,240,251,135,0,0,110,249,255,149,6,0,0,2,4,0,3,0,1,0,1,0,1,5,0,0,16,179,251,254,254,107,1,4,135,255,254,50,0,0,3,0,0,0,0,1,0,2,3,0,2,1,0,2,80,252,255,251,253,106,22,106,248,255,250,52,0,1,0,0,2,1,0,0,4,1,4,3,0,0,3,0,82,252,255,248,168,144,207,252,251,252,255,143,27,9,0,0,0,0,3,2,2,2,2,0,0,0,0,2,83,252,255,255,255,255,253,251,253,252,249,255,253,77,0,0,0,0,2,0,0,0,0,2,2,0,0,0,39,224,255,254,252,254,254,251,196,117,159,252,251,84,1,0,1,0,0,0,0,0,0,0,2,1,4,0,0,68,253,255,252,255,251,130,7,2,0,142,251,76,0,1,0,1,4,0,2,0,2,3,0,3,1,0,1,67,254,254,252,191,75,1,0,0,4,197,252,78,3,5,0,0,0,2,1,2,1,3,0,3,0,0,0,113,255,255,179,12,0,1,2,0,32,223,253,81,2,0,0,0,0,0,3,1,0,3,0,2,3,0,29,215,247,218,12,1,3,1,2,0,192,253,253,81,0,1,0,0,0,0,0,0,2,0,1,0,4,0,79,249,253,213,0,0,0,0,30,71,223,253,239,63,1,0,0,0,2,2,3,0,0,0,5,0,0,1,83,252,252,215,0,1,1,55,136,253,252,235,87,1,1,1,0,4,1,0,0,0,1,0,1,3,0,0,176,253,253,209,4,120,174,255,255,252,240,86,1,2,1,2,3,0,0,3,0,2,0,3,4,0,2,0,129,251,255,237,169,252,250,255,255,225,88,2,1,0,2,0,0,0,0,0,1,2,0,2,1,2,0,1,75,243,253,251,255,250,255,183,106,13,0,2,0,3,0,3,0,0,1,0,0,0,0,0,2,2,0,0,1,36,149,255,252,241,122,62,0,0,0,2,0,1,0,0,0,0,0,1,3,3,3,0,4,2,0,0,2,0,0,1,0,0,1,0,0,0,4,4,5,0,1,1,1,0,0,1,0,0,1,2,0,0,1,3,0,0,2,4,1,0,2,8,0,1,3,0,0,2,0,1,1,1,2,1,0,0,0,0,0,0,0,0,0,3,1,0,0,3,0,1,0,0,0,1,0,0,3,0,0,0,0,0,0,0,1,0,0,0,0,0,5,1,0,1,2,0,0,1,0,2,0,1,0,2,0,0,0,2,2,0
0,1,1,0,1,0,1,1,2,0,1,0,0,0,1,0,4,3,0,2,2,2,1,1,2,0,6,0,0,0,0,2,3,1,1,0,1,0,0,0,2,0,0,1,0,0,1,3,0,5,0,2,0,0,0,0,0,0,3,1,8,0,3,0,0,2,0,0,2,4,1,0,3,0,2,0,0,0,0,0,0,0,0,1,0,2,0,0,0,2,0,1,1,0,5,0,3,0,0,1,0,0,1,1,3,2,0,2,0,3,0,1,0,0,1,2,0,1,0,0,2,0,2,1,4,8,187,119,7,4,0,0,1,3,0,0,0,0,2,0,1,3,0,0,0,3,0,1,0,0,0,0,0,14,252,255,138,1,0,3,0,1,1,0,0,1,0,0,3,0,0,0,1,0,4,2,0,0,0,2,0,61,253,251,144,1,0,4,0,0,4,0,3,0,0,0,3,0,2,0,5,1,0,0,0,3,3,0,0,144,253,251,145,0,0,0,1,6,1,0,1,0,0,0,0,0,0,0,0,2,0,0,0,0,0,0,0,148,252,255,144,0,0,2,0,2,0,3,0,0,0,0,0,0,2,0,0,0,0,2,4,3,2,0,0,146,248,251,145,2,0,1,0,0,0,3,1,2,0,0,0,0,0,2,0,0,0,2,0,0,3,0,8,164,249,252,148,3,0,1,0,1,0,5,2,2,0,2,2,0,0,0,0,0,0,0,3,0,2,3,30,252,254,248,212,19,2,0,0,0,0,0,0,2,0,0,0,2,3,1,3,0,0,0,0,2,1,0,26,252,253,252,252,23,0,0,2,0,2,0,3,0,3,1,0,1,0,0,0,0,4,1,0,0,0,2,30,255,253,253,253,27,0,2,0,0,0,0,4,1,3,4,1,0,1,0,3,3,0,7,0,0,0,0,26,253,255,255,253,25,3,0,0,0,0,0,2,2,3,0,0,3,2,1,0,1,0,1,0,1,0,2,26,255,253,253,249,29,0,1,0,1,1,0,1,0,0,0,0,1,4,1,5,0,4,0,2,1,0,0,18,214,255,254,154,3,0,0,0,4,0,0,0,3,0,3,1,0,0,0,0,2,3,0,0,0,0,1,22,237,254,255,147,0,1,1,0,1,0,2,1,0,0,2,1,0,0,3,0,0,1,5,3,0,2,0,27,254,253,252,148,1,0,0,0,1,4,0,2,4,2,0,0,0,0,4,3,1,0,0,0,0,1,0,26,254,250,250,146,6,2,0,2,0,3,0,2,1,3,0,0,0,2,0,0,0,2,0,0,0,0,0,28,255,250,252,161,5,1,0,2,2,0,2,3,0,0,3,1,0,2,2,2,0,2,3,0,0,2,1,23,240,249,254,251,29,3,0,0,0,1,1,1,0,1,0,0,4,0,0,0,0,0,3,1,1,3,0,0,148,254,249,186,8,0,1,0,3,1,0,1,0,0,0,0,1,0,0,0,0,0,0,3,0,1,0,0,69,190,119,7,0,1,1,5,5,3,0,0,0,0,1,0,0,2,0,2,1,0,0,0,0,0,2,0,4,1,0,0,4,0,0,0,0,0,0,0,0,0,1,0,0,5,0,0,0,2,1,0,0,0,0,0,0,0,0,0,2,0,1,0,1,1,1,0,1,2,1,4,0,0,0,3,0,0,4,0,0,4,2,1,6,0,0,3,0,0,0,5,0,0,3,0,1,1,3,0,1,0,0,0,2,0,0,0,0,0,0,0,3,0,0,0,0,0,1,0,0,2,0,4,3,0,0
3,0,0,0,0,3,0,0,0,3,1,3,0,0,0,0,0,0,1,3,0,1,1,1,0,0,0,1,3,0,0,0,0,0,0,4,0,0,1,3,0,0,0,3,2,3,4,1,3,0,2,0,0,0,1,0,2,1,0,0,2,1,6,0,1,2,0,0,0,0,3,0,1,2,0,0,0,0,1,1,4,0,5,7,3,0,0,0,0,0,2,0,0,0,0,2,2,0,6,0,1,1,2,0,3,1,4,0,0,1,1,0,1,3,4,0,0,0,3,0,0,0,158,237,112,0,1,1,0,0,0,0,1,0,1,2,1,2,5,3,5,0,1,0,0,0,0,1,3,106,253,252,254,163,146,141,125,30,1,0,0,0,5,0,2,0,0,0,0,0,0,0,3,0,0,2,147,242,241,159,253,248,217,218,247,235,136,5,2,2,4,0,1,2,1,0,0,0,0,3,0,0,0,117,255,207,38,37,231,190,8,0,66,225,254,209,49,1,1,0,2,0,1,0,1,0,0,0,0,0,6,216,246,49,0,1,51,33,0,0,0,12,148,252,252,84,1,0,0,0,0,0,0,0,0,0,0,0,0,219,234,0,0,0,0,0,0,0,0,0,1,67,225,233,48,0,1,0,2,0,0,0,0,0,1,1,0,160,248,63,3,0,4,1,0,0,0,0,0,0,143,252,142,0,0,0,0,0,0,2,3,0,0,4,2,62,213,209,103,7,0,0,3,0,0,0,0,0,10,225,242,45,2,0,1,0,0,4,0,3,2,0,0,1,71,248,252,204,120,36,4,0,0,1,2,1,14,185,236,29,4,0,2,0,0,2,0,0,4,0,0,0,0,88,192,253,251,252,201,90,36,0,4,126,222,252,153,0,0,2,2,0,0,2,3,0,0,0,5,0,3,2,0,20,92,199,255,252,251,255,255,255,232,125,13,0,0,2,0,0,1,0,0,0,5,2,0,1,43,118,204,204,238,241,254,199,249,252,249,121,15,1,0,0,3,1,1,0,1,0,0,2,1,0,1,108,249,245,191,124,113,40,37,0,55,221,251,161,0,4,2,0,4,0,3,0,1,1,0,1,1,0,26,215,202,34,1,4,0,0,4,0,0,38,234,247,79,0,3,2,3,4,0,0,0,0,2,0,0,2,59,250,147,2,0,0,3,3,0,4,3,0,101,253,207,12,0,2,2,0,0,0,1,1,0,0,1,1,16,203,206,24,1,6,1,1,0,0,0,1,2,178,255,21,0,5,4,2,0,0,5,0,0,0,4,1,2,66,239,209,37,3,2,1,0,1,1,0,121,250,191,13,1,0,1,0,0,3,0,0,0,2,0,1,0,1,73,240,239,118,30,0,0,12,38,129,244,227,43,5,1,0,0,1,1,0,0,1,0,0,0,0,0,0,0,101,238,255,246,202,133,219,251,255,234,40,0,0,0,0,2,0,3,0,0,2,0,0,0,1,1,0,0,1,22,125,159,199,251,255,233,118,14,0,3,2,2,0,0,0,0,0,2,0,0,1,0,1,2,0,0,4,2,1,2,1,0,0,0,1,0,0,4,0,0,0,0,0,0,4,0,0,1,0,0,1,0,0,0,1,0,0,0,3,0,1,1,0,0,1,0,0,1,0,0,0,2,0,0,3,0,4,3,0,3,2,1,0,0,1,2,0,0,1,2,0,3,0,0,4,0,0,1,1,2,0,0,2,0,0,1,1,0,2,0,1,2,0,0,0,1,1,3,1,1,2,0,0,0,0,0,0,0,0
0,0,2,3,1,1,0,0,1,1,0,0,0,0,2,2,0,3,5,0,2,0,0,3,0,0,0,2,0,2,0,0,0,2,3,0,0,3,0,0,1,0,0,2,0,2,1,0,3,2,1,0,0,0,2,3,2,3,0,0,0,0,6,0,1,2,1,0,4,6,4,1,0,3,0,1,0,2,0,1,0,0,3,5,4,3,1,3,4,0,0,2,1,0,0,0,0,2,1,6,0,0,1,2,1,0,0,0,0,0,1,1,2,0,3,0,2,0,0,0,0,2,0,0,0,0,0,0,5,0,1,4,0,4,7,0,2,1,0,0,0,2,2,4,3,0,0,0,0,1,0,3,0,0,3,0,0,1,1,1,0,0,0,1,0,1,4,3,0,0,1,1,2,0,0,0,0,4,0,86,117,65,54,30,14,2,0,0,0,0,1,0,0,0,5,7,5,0,6,1,1,0,0,0,2,18,171,233,252,255,252,250,237,136,85,0,0,1,0,0,0,1,0,8,0,1,0,3,0,0,0,3,0,128,254,138,92,214,199,237,252,251,253,186,120,3,0,0,4,1,2,0,0,0,0,0,0,0,0,1,164,253,131,7,0,14,7,18,54,103,193,255,249,87,0,4,0,1,0,0,4,0,0,0,3,0,0,82,255,161,7,0,2,0,2,0,0,4,3,79,255,245,81,0,4,0,1,0,0,5,2,2,6,4,85,239,228,13,4,1,3,1,2,0,0,0,0,0,93,246,220,53,0,0,0,0,0,0,0,1,0,48,252,255,70,2,4,2,1,5,0,2,1,0,3,3,0,100,237,188,1,3,1,0,1,1,4,1,0,112,252,188,2,0,0,3,0,3,4,0,1,0,0,0,0,0,208,253,0,0,0,0,0,2,0,0,30,244,236,8,0,1,0,0,1,1,0,3,0,0,0,0,1,5,213,251,0,1,0,2,6,1,0,2,72,250,161,0,1,0,1,0,3,0,0,0,1,4,2,0,0,147,254,255,0,2,3,0,1,0,3,0,225,252,49,2,2,0,0,0,3,0,3,0,0,0,0,29,132,245,255,139,0,0,1,4,0,2,0,0,251,209,2,0,1,1,0,2,0,0,0,0,1,3,19,190,252,249,232,56,0,0,0,0,0,1,1,3,212,205,0,0,0,0,1,2,1,0,0,12,5,81,212,252,251,233,56,0,0,3,1,0,0,2,1,2,163,240,63,1,0,0,1,4,0,48,101,210,202,227,169,255,196,14,0,0,0,5,0,0,1,0,2,0,70,252,245,161,72,154,164,163,215,253,255,255,254,255,217,97,0,0,0,0,0,3,3,0,0,0,0,0,12,72,117,118,114,115,115,116,117,116,115,115,114,100,16,0,0,0,0,3,0,0,0,0,0,0,0,2,0,0,1,0,0,0,3,1,0,0,6,0,0,0,1,0,0,2,0,0,0,1,0,0,1,3,3,0,0,0,0,0,1,1,0,0,3,0,0,0,1,0,1,0,0,1,2,0,0,0,0,0,0,0,0,0,1,0,0,2,0,1,1,1,0,0,0,4,0,0,0,3,3,2,0,0,0,2,0,3,0,0,0,0,0,0,0,3,2,1,0,2,0,0,0,2,0,0,1,0,0,0,1,0,2,0,1,4,1,2,0,0,1,4,0,2,0,1,0,2,0,2,3,1,0,0,0,0,0,2,0,0,0,0,0,0,0,0,0,0,1,4,0,0,0,0,1,1,0,1,1,1,0,2,1,0,0,0,4,0,0,5,0,0
4,2,0,0,3,0,2,3,2,3,1,0,0,0,0,2,2,6,0,0,0,2,0,0,1,1,0,2,0,2,0,1,1,0,0,0,0,0,0,0,0,0,1,1,0,0,0,0,0,0,1,0,0,2,3,6,0,3,1,3,3,0,0,1,0,0,0,1,0,0,0,0,3,0,4,0,0,1,1,0,2,2,0,0,0,2,0,0,1,0,0,0,1,2,0,1,3,1,0,2,0,0,0,1,0,0,3,2,0,6,0,1,3,0,3,0,5,0,0,0,0,3,4,0,3,0,0,0,0,3,1,1,0,3,0,0,4,0,0,3,1,1,1,0,3,1,1,0,0,58,162,119,121,124,120,123,167,211,28,0,1,2,0,1,0,1,0,0,1,4,5,0,1,46,160,236,239,240,254,255,253,254,254,250,254,252,177,1,0,6,1,4,0,0,2,4,0,1,0,0,3,74,246,250,253,255,238,156,216,255,255,252,255,251,138,0,4,1,3,0,4,0,0,0,0,0,0,3,0,1,40,149,69,65,77,0,23,83,255,254,255,141,13,0,0,0,0,0,0,0,0,0,0,0,0,0,0,0,3,1,0,3,0,6,146,229,254,255,142,11,0,0,2,2,2,2,2,0,1,0,1,0,0,0,0,1,5,3,0,2,0,56,254,252,253,145,7,0,0,0,0,0,3,0,2,2,0,0,0,0,0,3,2,0,0,0,1,0,32,224,251,254,152,7,0,1,0,1,0,0,0,3,2,1,0,0,0,3,1,0,3,0,0,0,0,0,54,255,253,255,88,32,19,0,0,2,0,0,0,4,2,0,1,0,0,1,0,1,1,0,4,0,0,8,166,250,252,254,251,253,213,35,4,2,0,3,0,1,0,3,0,0,4,0,1,0,1,6,0,0,1,1,39,251,255,253,254,253,255,253,122,3,0,4,3,0,2,1,1,0,3,0,2,1,4,0,1,0,2,3,0,4,3,0,1,0,122,239,255,156,36,0,1,0,0,2,4,0,0,0,0,0,0,3,0,1,5,0,1,0,2,1,0,4,4,8,203,253,134,0,1,0,0,3,2,2,0,0,3,1,0,3,4,0,0,0,1,0,0,2,0,0,0,0,82,249,229,34,0,0,3,0,0,1,2,0,0,2,0,0,2,0,1,1,1,0,2,0,0,0,1,0,12,153,254,94,1,1,0,1,1,0,0,0,0,2,0,2,0,0,3,0,3,0,3,0,0,0,2,1,3,52,255,198,2,0,0,0,1,2,2,0,0,0,2,0,0,0,0,0,0,0,0,1,2,3,0,2,0,82,249,228,1,1,0,1,0,0,0,0,0,2,2,0,0,3,1,0,21,0,1,2,0,0,0,2,47,232,254,227,1,0,2,0,0,0,1,0,0,1,1,0,0,144,160,158,207,160,159,91,29,28,29,26,91,253,252,134,2,1,0,0,0,0,6,0,0,0,2,0,1,205,237,244,170,239,254,252,254,254,252,250,251,248,130,0,0,0,0,2,3,1,4,0,0,3,0,2,2,0,6,0,2,12,120,185,183,252,253,255,217,95,0,4,0,3,0,2,1,0,0,0,3,0,0,0,0,0,0,0,3,5,0,0,1,0,0,0,3,1,0,0,0,0,1,0,0,0,0,1,2,2,0,1,1,2,0,1,2,7,2,0,0,0,0,0,0,1,0,2,3,0,0,1,0,0,0,0,0,0,0,0,0,0,0,3,0,1,0,2,1,0,2,1,1,1,0,0,3,0,0,0,0,1
0,0,0,0,2,0,0,0,0,0,0,0,3,0,5,0,1,0,0,0,0,3,0,4,3,4,0,0,0,1,2,2,0,0,0,0,0,3,0,0,1,0,0,0,0,2,1,0,1,1,0,0,0,2,0,0,1,0,0,0,0,0,0,0,0,3,0,1,0,0,0,4,1,1,3,0,4,0,0,1,2,0,2,0,3,1,0,0,0,0,0,0,3,2,1,2,3,0,1,6,3,1,0,0,0,2,2,0,0,2,3,0,5,0,3,0,0,2,0,0,0,0,0,0,75,214,214,44,1,1,5,0,3,0,0,2,0,0,0,0,0,1,0,0,0,1,3,0,1,0,2,158,242,251,255,245,119,0,1,0,0,1,2,2,2,0,0,1,0,0,2,1,0,1,1,3,0,4,82,250,255,255,255,252,239,3,2,2,1,5,0,1,0,0,4,0,0,0,0,5,0,0,1,0,2,27,247,255,253,254,248,246,236,21,13,0,0,3,0,0,3,3,0,0,0,0,4,1,0,2,0,0,0,97,252,255,252,189,45,74,72,255,219,54,0,0,2,0,0,2,0,0,0,5,0,0,1,0,0,0,7,185,254,254,195,13,0,0,16,251,255,171,2,3,1,1,0,0,2,0,0,1,1,3,0,1,3,4,109,253,254,196,15,0,0,2,2,155,252,254,94,0,1,0,0,0,0,3,0,3,0,3,0,1,0,15,220,255,254,21,0,0,0,6,0,70,255,254,117,1,1,0,1,0,0,3,4,2,0,1,3,3,3,96,255,251,151,5,1,1,1,0,0,70,254,254,161,1,1,0,0,0,1,1,0,0,5,1,0,1,0,179,253,222,0,0,3,0,0,2,1,74,252,250,240,36,3,0,3,0,3,3,0,0,0,0,3,0,28,235,248,140,0,0,0,0,0,0,0,69,251,255,251,65,0,0,0,0,5,0,3,0,0,0,1,3,165,254,254,28,0,0,2,0,0,0,0,93,253,252,254,63,0,0,0,1,0,0,0,6,0,3,0,0,121,251,227,15,2,0,0,0,1,0,2,52,244,255,255,108,2,1,0,1,1,0,0,1,1,2,2,0,66,255,255,89,0,0,1,0,5,1,0,113,247,254,251,96,1,0,2,0,1,2,1,0,1,2,3,3,37,191,255,135,0,0,2,0,1,2,16,210,255,253,225,5,0,0,0,0,1,2,2,3,1,3,0,0,1,122,255,246,47,0,0,2,0,101,213,252,255,254,219,0,0,0,0,0,2,3,0,0,0,0,0,0,0,56,213,255,244,125,73,153,234,255,255,254,251,243,110,0,0,0,0,2,0,0,0,1,0,0,0,1,1,0,102,252,255,255,255,253,252,253,252,254,211,70,1,2,0,0,3,5,0,0,0,4,0,0,0,5,0,1,2,152,240,253,255,253,253,251,251,143,53,3,1,2,1,0,1,0,0,0,1,0,0,0,2,0,0,0,0,0,114,194,230,235,154,151,106,0,0,4,2,0,1,0,0,0,1,1,0,2,2,1,0,0,0,2,3,3,0,0,1,0,0,0,0,0,2,1,2,3,0,4,0,0,3,0,0,0,0,0,1,2,0,3,0,2,0,1,0,0,0,1,3,0,0,0,2,0,0,4,0,0,1,2,0,0,3,2,0,0,0,1,2,0,0,0,0,0,0,2,0,0,1,1,1,1,1,2,0,0,2,0,0,4,0,2,0,0,0,2,0,1,0,3,2,0,0,0,0,1,0,0,0,0,6,0,0,0,0,0
0,0,0,0,1,0,0,1,0,3,0,4,3,3,0,0,0,0,0,4,2,4,0,0,0,1,5,0,1,0,0,0,0,0,2,2,0,3,0,0,0,0,1,0,0,0,3,4,0,0,0,4,0,3,0,0,1,0,2,0,2,0,2,0,0,0,0,2,0,3,1,0,3,0,3,11,4,3,2,0,4,0,0,1,0,0,0,0,0,0,0,0,1,0,0,0,0,0,0,0,3,3,0,3,0,0,0,0,0,1,0,0,0,2,4,2,0,2,0,0,0,0,3,0,0,0,0,0,0,0,0,1,0,3,0,0,0,2,0,0,0,0,0,0,0,0,0,5,5,0,1,1,4,16,167,162,0,0,3,0,1,3,0,3,2,4,1,0,2,0,0,2,0,3,0,3,0,1,0,1,0,61,255,224,3,2,0,2,3,1,1,0,0,4,0,0,0,2,1,0,4,3,0,2,0,0,0,0,1,108,255,249,39,3,0,0,0,0,0,0,0,0,0,1,0,0,5,0,0,0,0,0,1,3,0,2,2,150,255,222,1,0,0,1,2,0,0,0,0,1,1,0,0,0,0,0,1,6,0,0,0,1,0,0,3,147,253,224,0,1,0,4,0,1,0,0,1,2,1,1,0,0,0,0,0,0,3,0,3,0,3,0,3,147,247,223,2,0,0,1,3,0,1,2,0,0,0,0,0,2,1,0,2,0,0,0,0,1,5,0,0,149,251,224,0,0,0,0,4,0,0,1,0,1,0,4,0,2,0,1,0,0,0,1,1,0,2,0,2,148,252,224,0,0,0,0,1,0,1,0,2,0,3,2,1,0,0,2,2,0,0,0,1,0,0,0,0,148,255,224,2,4,0,4,2,2,2,0,0,2,0,0,0,0,0,0,1,0,0,2,0,1,0,0,0,147,255,226,0,0,0,0,0,0,0,4,3,0,1,0,0,5,0,0,0,0,0,0,1,2,0,0,0,141,255,227,0,0,0,2,0,0,2,1,0,0,0,0,0,0,0,3,0,0,2,0,3,2,1,4,0,61,255,222,0,0,0,4,0,1,1,0,2,0,0,0,0,0,0,4,0,1,3,1,0,2,2,0,0,60,254,224,1,0,0,1,0,2,0,0,4,0,0,0,0,0,2,0,0,0,2,0,0,0,1,0,0,57,253,228,1,0,0,0,0,0,0,1,0,0,0,0,0,0,0,1,0,0,5,0,0,0,0,0,2,60,255,242,34,1,1,0,0,0,1,0,0,0,0,2,0,0,0,3,0,0,0,0,0,3,0,0,1,55,255,245,36,2,0,4,0,3,0,0,0,0,1,1,1,1,0,1,0,1,1,0,0,1,0,0,1,40,240,255,102,0,1,1,0,2,0,0,0,0,1,0,3,0,0,1,1,0,1,0,3,1,1,0,2,58,248,253,147,1,1,0,0,0,0,1,2,0,1,3,0,0,1,0,4,1,0,1,0,5,1,0,0,0,187,255,149,0,2,0,0,0,2,7,2,0,1,0,0,0,3,0,0,3,0,0,0,0,0,0,0,1,87,194,63,1,1,3,4,2,0,0,0,6,1,0,0,6,3,2,0,2,0,0,0,0,0,2,0,0,0,0,0,0,0,0,0,0,1,0,0,3,0,1,0,0,4,0,0,0,0,0,4,0,3,3,0,0,0,2,1,0,0,0,4,0,1,0,0,1,2,0,0,0,0,1,5,1,0,0,0,1,1,1,1,2,0,0,1,0,3,3,0,0,0,0,2,0,2,2
0,2,4,8,1,0,5,0,0,0,0,0,0,1,4,0,3,2,0,1,4,1,1,2,1,0,0,3,0,0,1,0,0,0,0,3,0,1,1,0,0,1,2,0,0,2,0,0,0,3,5,0,2,0,0,0,0,0,0,1,3,0,2,0,0,0,2,1,1,0,1,0,3,4,0,0,2,2,0,1,0,0,4,2,3,5,1,1,2,0,1,1,4,1,1,4,0,1,1,1,1,0,0,0,0,0,0,2,1,0,1,0,1,0,1,1,1,0,0,0,0,0,0,0,0,4,0,3,2,1,2,1,0,2,0,1,0,0,1,0,0,1,3,0,0,0,0,0,2,1,0,3,0,1,0,1,0,1,1,0,0,0,0,0,1,0,0,1,0,1,1,0,0,0,1,0,1,0,0,1,74,111,254,255,252,255,250,63,0,1,0,0,0,1,0,3,0,0,3,0,1,0,0,2,1,40,132,223,239,254,253,255,248,250,252,244,70,0,0,0,2,0,0,1,2,5,0,0,4,3,0,0,35,219,253,250,255,252,194,190,193,195,230,250,170,2,0,1,0,0,1,1,0,1,1,3,0,0,1,116,218,252,245,191,84,84,0,0,3,0,141,251,179,6,1,0,2,0,0,0,0,0,0,0,0,0,1,165,252,253,89,2,0,0,0,0,1,2,142,249,249,56,0,0,0,0,0,2,0,0,1,0,0,0,24,205,252,76,0,1,2,2,0,1,1,169,250,255,166,4,0,0,0,1,1,0,0,0,4,0,1,0,57,253,255,3,0,0,0,4,1,32,120,243,252,215,31,0,0,2,0,0,0,0,0,0,0,0,0,0,57,249,255,0,0,0,0,2,25,123,248,253,255,33,0,4,0,0,0,2,0,0,0,1,0,0,0,6,16,199,252,105,21,0,5,28,207,254,254,251,147,2,4,3,0,0,1,2,0,2,0,3,0,0,4,1,2,171,251,251,216,144,155,253,252,253,253,144,0,0,1,1,1,0,1,0,0,0,0,0,0,0,3,0,0,16,199,255,253,251,255,253,255,252,252,83,0,0,0,0,1,1,0,0,0,1,0,0,0,1,0,0,3,1,14,167,170,188,196,169,207,252,252,84,0,0,0,1,0,0,0,0,0,2,2,3,1,5,0,0,2,0,0,0,0,10,17,0,115,252,251,82,1,0,0,0,1,3,0,0,0,0,0,0,3,0,0,0,4,1,0,0,0,0,0,0,128,253,212,32,0,4,1,1,0,0,0,0,0,0,0,0,0,0,0,0,0,3,0,0,0,0,2,1,253,253,195,0,0,0,0,0,0,0,2,0,0,2,1,0,0,1,0,2,2,0,0,3,1,0,2,0,255,252,56,0,0,5,0,8,4,0,0,1,1,0,5,0,0,0,3,2,2,0,0,3,0,0,0,49,254,255,122,152,2,4,2,0,2,0,1,0,0,0,1,0,4,3,1,0,0,1,1,0,0,0,9,166,249,255,253,113,0,3,0,0,0,1,1,1,0,2,0,0,2,2,0,2,4,2,0,0,3,0,32,253,255,245,113,28,0,0,2,0,2,1,6,0,0,0,3,0,0,2,0,0,0,0,0,1,0,1,12,192,190,77,0,0,0,1,0,0,4,0,0,3,0,6,3,3,1,0,4,0,0,0,0,1,0,1,2,1,0,0,0,3,2,0,0,1,1,1,2,0,0,2,3,0,0,1,0,0,4,2,0,4,0,2,0,1,0,0,0,0,0,1,0,1,1,0,1,0,4,0
0,2,0,3,0,3,1,4,0,0,1,0,3,0,2,2,0,0,0,0,1,3,0,0,3,2,1,0,0,0,3,1,2,0,0,6,0,0,4,0,0,0,1,2,0,1,0,0,3,1,0,6,1,0,4,0,0,0,0,0,1,3,0,2,2,1,0,0,3,0,0,0,7,0,2,0,3,1,6,0,0,1,0,0,1,0,2,0,0,0,0,1,0,0,0,3,3,0,0,0,2,2,1,0,0,1,0,2,1,1,0,0,0,0,0,2,0,0,1,0,3,4,5,4,1,1,0,0,2,1,0,0,2,1,0,1,0,0,2,0,0,1,0,4,0,1,3,0,1,0,0,5,0,0,0,2,0,0,0,0,1,0,0,0,0,1,1,5,3,4,5,0,2,0,0,6,0,67,91,159,224,229,163,165,87,4,0,0,4,0,0,4,0,0,2,0,1,2,0,3,1,4,0,73,175,253,255,253,255,255,253,255,250,199,20,0,3,1,0,0,1,1,0,1,2,0,0,0,4,0,108,246,252,252,255,253,254,243,219,220,255,255,202,7,0,3,0,0,0,1,0,1,0,0,2,2,3,0,202,251,246,240,131,137,51,42,0,10,175,255,255,24,1,1,3,2,0,0,2,2,0,0,1,0,0,165,253,251,192,36,2,0,3,0,0,0,140,252,255,138,0,5,0,5,0,0,3,0,0,0,0,0,1,218,254,255,69,0,0,0,1,2,0,38,255,255,253,216,4,0,1,4,2,1,1,0,0,0,0,0,0,112,252,170,0,0,0,1,0,0,13,119,252,255,253,255,41,0,0,0,0,0,1,2,0,0,2,0,0,13,227,210,4,0,0,0,2,0,114,255,252,254,248,251,39,2,0,0,1,2,1,1,0,0,0,0,0,0,151,248,115,0,1,1,6,63,249,251,252,250,255,249,40,2,0,2,2,0,0,0,0,2,0,0,6,0,4,120,252,136,14,3,34,228,252,255,235,111,253,254,128,0,4,1,0,1,0,1,0,0,2,0,0,1,1,0,120,251,254,254,252,255,255,255,150,92,255,255,127,0,3,1,2,2,0,0,0,4,1,3,1,1,0,0,0,88,222,255,254,253,255,180,2,62,253,253,128,1,2,0,0,3,2,5,0,1,0,4,0,1,0,0,2,0,19,73,129,131,74,3,3,89,255,254,76,2,3,0,0,0,0,4,0,0,3,0,2,4,0,2,0,0,0,0,0,1,0,3,3,99,255,254,106,0,0,1,0,3,0,2,5,0,3,0,0,0,1,4,1,0,0,0,1,0,2,1,12,228,252,254,97,4,0,1,0,0,0,0,0,1,0,0,0,0,0,2,1,1,0,2,0,1,0,1,46,253,251,254,35,0,1,1,3,0,0,0,0,0,0,0,3,0,3,6,0,2,0,0,3,0,0,54,109,253,253,202,3,3,0,0,0,0,0,3,0,1,1,2,0,0,1,3,1,0,0,1,2,3,2,118,233,252,255,199,0,4,0,2,0,0,0,0,0,1,0,0,2,0,0,2,1,2,0,0,1,1,1,57,252,254,255,159,0,2,2,0,3,0,0,0,1,0,0,0,0,1,2,0,0,1,0,1,0,0,2,12,116,255,255,44,0,0,0,0,0,0,0,2,1,4,0,3,0,2,2,0,0,4,0,3,0,0,0,1,5,0,2,0,0,2,2,0,0,0,4,1,0,0,0,5,0,0,0,0,3,0,0,5,2,0,0,0,2,1,1,1,0,0,0,0,0,3,0,0
0,0,3,0,0,3,3,1,0,0,0,0,0,0,0,0,2,0,2,3,1,4,1,0,0,2,0,3,0,1,0,2,0,0,1,2,0,1,1,0,0,1,0,3,2,0,1,0,0,0,2,0,2,0,0,0,3,0,0,2,1,0,0,2,0,0,0,1,0,0,3,4,0,0,0,2,1,0,2,2,0,1,1,2,0,0,1,0,0,1,2,2,0,0,2,1,0,0,1,0,3,0,0,4,0,0,1,3,0,1,5,2,0,3,0,0,2,0,0,1,0,2,2,0,0,1,0,0,2,2,1,3,2,0,1,0,0,0,2,1,0,0,0,0,2,3,2,1,3,0,0,0,0,0,0,2,0,0,3,0,0,0,0,2,0,0,0,1,0,1,0,1,2,2,0,0,2,0,96,255,214,24,0,0,0,0,0,0,0,0,1,2,0,0,1,0,0,0,1,0,0,2,0,1,0,29,231,249,252,130,4,0,2,0,0,1,19,79,7,4,0,0,0,7,2,3,0,0,0,2,5,3,0,179,255,252,217,25,1,0,0,0,1,167,230,250,1,0,0,1,1,0,2,0,4,0,2,0,0,1,7,202,251,254,150,1,0,2,5,2,162,252,242,79,0,0,0,4,3,7,0,0,0,3,0,3,3,1,77,250,254,238,42,3,0,0,0,17,224,255,190,2,1,0,1,2,0,3,0,4,0,1,0,0,0,0,153,255,251,149,1,2,3,0,0,112,253,251,137,1,0,0,4,0,0,3,4,1,1,2,0,0,4,7,254,251,227,5,1,1,0,0,3,168,249,255,83,0,2,0,0,0,1,0,0,2,1,0,0,2,1,7,255,253,134,0,2,1,0,0,17,236,253,241,50,0,1,0,2,0,0,0,0,3,0,0,0,0,0,9,254,252,133,0,2,2,12,54,183,249,252,176,1,0,4,0,0,0,0,2,2,0,0,0,0,3,0,8,255,255,210,160,83,150,220,255,253,251,255,121,0,0,0,0,0,0,3,3,0,0,0,0,2,1,1,6,217,252,251,252,254,252,251,254,251,251,255,120,0,2,0,1,1,1,0,3,0,1,0,0,0,0,0,1,7,177,243,253,254,236,157,89,238,252,255,61,1,0,0,0,0,1,0,0,0,1,0,0,0,0,3,1,0,0,38,84,84,7,0,24,238,253,254,8,0,5,0,0,0,0,1,0,0,0,0,0,5,0,0,2,2,3,0,0,0,3,0,96,255,253,172,3,0,3,6,1,2,1,0,0,5,3,0,4,0,2,4,0,3,0,2,1,1,0,0,93,255,254,99,0,8,3,1,2,4,1,0,0,0,0,0,0,0,0,4,0,1,1,2,5,4,2,0,92,250,253,48,0,3,0,0,0,0,2,2,2,0,0,0,0,2,2,0,7,4,0,2,2,0,2,3,94,252,254,48,0,5,0,2,1,0,1,3,1,0,1,0,0,0,0,2,4,3,0,0,0,0,3,0,98,255,255,44,0,0,0,0,0,0,0,2,0,0,0,2,0,0,2,0,0,2,0,0,0,0,0,0,30,240,248,196,9,0,0,0,0,3,0,3,0,1,0,0,0,2,0,0,1,2,0,5,1,1,2,2,2,95,217,164,4,3,0,0,0,0,3,2,2,0,0,2,0,0,1,0,3,1,3,3,0,0,2,0,0,0,0,0,4,1,0,1,0,1,2,1,0,3,1,3,0,0,0,3,0,2,5,0,0,1,0,2,0,0,1,0,2,5,0,0,2,2,0,0,0
1,0,1,0,0,3,0,0,0,0,0,0,1,0,0,0,0,1,0,0,1,0,0,1,2,2,1,0,0,0,4,0,0,0,0,1,0,2,1,0,0,1,0,0,0,1,3,1,0,0,0,0,0,1,3,0,0,3,2,0,3,3,1,2,2,0,2,0,0,1,0,2,2,0,0,0,0,0,5,1,3,1,1,0,2,1,0,2,2,4,0,0,0,2,0,0,4,0,0,2,1,0,0,0,4,4,0,1,1,0,1,4,1,2,0,1,2,2,1,0,0,0,0,0,0,0,211,250,133,3,0,2,0,5,0,0,4,0,1,1,0,0,3,2,0,1,1,0,0,0,1,0,0,29,238,255,250,4,0,0,4,2,0,3,0,1,0,2,0,0,0,0,0,1,0,2,4,1,0,0,2,45,254,250,247,0,0,2,0,1,1,1,1,2,0,0,0,0,0,1,1,2,0,0,0,2,0,0,0,46,255,254,202,0,0,1,2,2,2,2,0,1,0,0,3,2,0,0,0,0,0,0,0,3,1,2,0,112,255,248,189,2,1,0,1,2,3,0,2,1,5,0,0,1,0,2,0,1,0,0,4,0,2,0,0,50,255,255,231,0,6,1,3,1,0,0,0,1,3,0,0,0,1,1,1,0,0,0,2,0,1,0,0,135,253,255,245,1,0,0,0,1,4,0,2,0,0,1,1,0,0,3,2,0,0,0,3,2,0,0,3,160,255,255,161,0,0,0,0,1,1,0,0,2,0,0,1,2,0,0,0,0,0,2,0,3,0,0,0,225,249,255,109,0,0,0,0,0,0,4,0,2,1,0,0,0,0,0,0,3,3,1,1,0,0,1,24,237,255,253,56,0,0,0,2,0,1,1,3,0,1,0,0,0,0,2,0,0,1,0,0,0,2,1,52,247,254,239,0,3,0,4,0,5,2,2,0,2,0,2,1,0,0,0,4,0,3,0,0,1,3,1,62,255,255,238,1,2,0,0,0,1,0,0,0,0,1,3,7,0,1,2,0,1,0,0,1,0,0,4,123,255,252,172,4,0,0,3,3,0,1,0,1,0,1,0,0,1,0,1,0,1,3,0,3,0,1,3,177,252,241,66,2,0,0,0,1,0,0,0,0,1,1,0,0,0,0,2,0,0,0,1,0,1,3,17,242,255,223,0,1,3,5,1,2,0,1,1,0,2,0,0,3,0,0,0,4,1,1,0,0,3,3,72,255,248,226,1,1,0,0,0,4,1,0,4,1,0,0,2,0,0,0,1,0,0,0,0,2,1,3,74,255,255,209,0,3,1,1,1,0,0,0,0,0,0,3,2,2,1,3,4,0,0,0,0,0,0,0,84,254,255,122,2,1,2,0,0,2,3,3,4,3,3,2,2,4,0,2,0,0,0,1,1,0,4,2,195,255,254,81,0,1,0,3,0,0,3,1,0,0,2,0,0,1,0,0,0,0,0,0,0,0,5,0,159,253,249,133,5,2,1,0,1,3,0,0,0,0,1,1,1,0,5,2,1,0,0,2,3,0,0,2,0,1,1,0,0,0,3,1,0,0,1,0,0,0,1,2,2,0,6,0,0,1,2,0,1,0,0,0,0,0,2,2,2,0,1,0,1,0,1,2,1,3,2,1,0,0,1,0,2,1,1,4,2,6,0,1,2,1,2,0,0,0,1,0,0,0,2,0,1,0,1,1,2,1,1,0,0,4,0,0,0,2,0,0,0,0,0,2,2,0,0,0,2,6,0,0,0,1,0,2,2
1,1,0,0,0,3,1,3,0,0,0,0,0,1,3,0,0,1,0,2,4,1,1,0,0,0,0,0,2,0,3,4,0,0,3,0,1,0,2,3,4,2,0,0,0,1,0,0,1,2,0,0,1,2,1,0,1,0,2,2,0,1,2,2,3,0,1,0,1,4,0,0,0,4,1,3,0,0,0,1,1,1,1,0,0,1,0,4,0,0,0,0,2,4,0,0,0,1,0,4,0,4,0,1,0,1,0,3,1,2,2,4,3,1,0,0,0,2,4,0,0,2,0,5,0,2,0,2,0,0,0,1,5,3,0,1,0,0,0,0,1,0,4,2,3,3,0,0,3,0,0,0,106,166,255,252,157,100,3,0,0,0,0,2,0,0,1,2,0,0,0,3,0,1,0,1,0,51,114,233,255,253,253,255,252,253,136,3,2,1,0,0,0,1,0,0,0,4,0,1,3,0,0,3,164,244,252,254,252,254,255,254,250,252,204,2,1,0,2,3,6,1,0,2,0,0,2,2,5,1,2,1,243,255,254,255,223,149,144,176,250,247,205,0,4,2,2,0,0,8,1,0,0,0,0,0,1,0,0,0,238,255,252,253,100,1,4,62,255,250,204,0,0,2,0,0,0,0,0,0,1,0,2,3,3,2,1,0,243,253,252,251,242,86,0,46,231,253,158,0,0,1,0,0,1,2,3,0,0,0,0,0,2,4,2,0,93,202,251,252,254,240,108,21,30,33,24,82,167,213,127,0,3,1,0,0,2,0,0,1,2,0,0,2,0,71,170,243,254,252,250,188,80,173,222,255,250,253,241,60,3,0,0,1,1,0,0,1,0,3,0,0,0,2,0,92,244,255,249,253,249,255,251,255,252,244,168,1,0,0,0,0,0,2,0,0,0,0,0,0,0,1,0,5,114,249,255,253,255,253,252,246,168,52,3,1,4,0,2,0,5,0,0,0,0,0,2,0,0,0,5,0,118,253,255,255,254,250,188,57,0,2,0,1,0,2,0,2,1,0,0,0,0,3,0,0,0,0,5,155,242,253,251,251,252,254,80,0,0,5,0,3,3,1,3,0,1,0,0,1,0,1,4,0,0,1,0,156,253,255,239,244,254,255,170,0,0,0,0,0,0,0,0,1,4,1,0,0,1,4,2,0,0,1,1,217,252,252,162,197,254,255,209,0,0,1,2,2,0,2,0,4,0,0,0,1,0,1,2,0,0,1,0,221,252,202,30,203,253,254,196,0,2,0,0,1,0,0,0,0,0,0,0,0,0,2,3,0,0,0,61,241,249,159,87,251,255,245,71,3,0,0,0,0,0,0,0,1,1,1,0,0,2,0,0,0,3,0,39,236,255,164,237,254,254,199,0,1,0,0,0,1,0,0,0,3,0,0,1,0,0,3,3,1,0,0,3,220,255,253,251,255,248,125,0,1,0,1,3,2,2,0,3,2,0,2,1,3,2,1,0,0,0,0,4,89,252,252,251,255,124,3,2,0,1,0,1,0,0,0,5,0,0,0,3,0,6,0,1,0,2,0,0,50,166,255,255,153,31,0,0,2,1,0,3,0,1,2,0,4,1,2,0,2,0,0,0,0,0,3,0,0,3,0,0,0,0,4,1,3,0,4,0,1,0,1,0,0,2,0,3,0,0,0,0,1,2,1,0,0,0,1,0,0,2,3,0,0,0,1,0,2,0,3,2,0,0,1,3,1,0,3,0,2,3,1,0,2,1,0,1,0,1,1,0,0,0,0,0,0,1,0,0,1
2,0,3,1,0,0,0,1,0,4,0,0,1,0,3,0,0,1,0,0,1,5,0,1,1,0,3,0,1,1,1,2,0,0,0,0,0,0,0,0,0,0,0,0,0,2,7,0,0,1,0,0,1,3,1,0,1,0,4,0,2,4,0,0,3,0,0,3,7,2,0,1,3,1,1,0,1,1,0,0,0,0,0,2,3,0,0,0,0,1,0,0,2,0,4,0,0,1,1,0,1,0,1,2,0,1,0,3,0,0,0,0,0,1,0,3,0,2,0,1,0,1,0,0,128,190,254,254,255,127,1,2,0,1,0,1,1,0,0,0,0,0,0,0,2,0,0,0,0,0,191,255,255,255,254,255,255,255,68,0,0,1,0,0,0,0,0,0,0,2,2,2,1,0,0,0,64,255,252,255,255,255,255,191,253,255,125,0,0,0,0,2,2,5,4,0,1,0,4,0,0,1,0,64,255,255,255,255,66,0,1,2,70,194,254,63,3,0,2,4,0,1,0,1,1,3,0,2,0,0,1,126,251,255,132,2,1,0,0,1,3,65,255,255,3,0,0,1,2,2,1,0,0,0,1,4,2,0,65,255,252,61,0,0,2,0,0,2,1,0,253,251,1,0,0,0,0,5,2,0,0,0,0,1,0,0,125,255,66,0,0,0,3,0,2,0,1,0,255,255,2,0,0,1,0,0,1,0,0,0,0,0,0,1,131,255,4,0,0,0,2,0,2,0,2,130,255,189,2,3,0,1,1,0,0,0,0,0,1,0,2,0,65,254,129,1,2,1,2,0,1,0,0,192,254,132,0,0,0,1,0,1,0,1,4,0,3,0,0,0,0,130,192,1,3,2,2,0,0,2,0,255,253,66,0,0,5,4,0,3,0,1,1,4,0,4,1,3,0,1,0,0,1,1,0,1,0,1,63,255,190,1,1,3,0,0,0,0,0,0,0,0,1,0,0,2,3,2,5,6,1,2,1,61,129,191,255,255,127,2,0,0,3,2,0,2,1,0,0,0,2,0,0,0,3,0,0,3,66,128,253,255,253,252,255,253,64,3,0,2,1,1,0,0,3,2,0,0,0,3,0,0,2,4,0,127,252,255,254,255,251,254,255,255,190,128,0,0,4,0,0,1,2,0,1,0,0,0,0,4,0,0,0,248,254,255,255,255,254,255,253,255,255,254,1,2,0,3,3,0,4,1,0,0,0,3,0,0,0,0,130,255,190,0,63,255,255,193,0,3,255,254,255,130,126,3,2,0,1,0,0,0,2,0,0,1,0,3,255,251,192,129,255,255,255,67,0,1,0,196,255,255,187,0,0,0,1,0,0,4,0,4,2,0,2,0,191,254,255,255,253,255,69,0,5,0,0,0,0,3,0,2,0,1,0,0,2,0,0,1,0,3,6,0,65,253,255,255,255,63,0,0,5,1,0,0,0,0,0,1,0,0,1,0,1,0,1,0,0,0,0,0,0,194,255,255,61,0,0,0,0,1,1,0,4,3,2,3,0,1,5,0,4,2,0,1,0,0,2,0,1,0,0,2,1,3,1,0,0,0,0,4,0,0,2,0,0,2,5,1,2,0,0,3,0,0,1,0,4,0,1,0,0,1,0,4,0,0,0,1,2,0,1,2,0,0,0,0,2,2,0,0,3,2,4,0,1,0,0,0,1,0,0,1,0,0,0,2,0,0,0,0,0,2,1,0,1,0,1,0,2,3,0,0,3,0,1,0,0,4,0,0,3,2,1,4,0,0,3,0,0,1,2,2
1,1,0,1,2,2,4,2,0,2,3,1,2,4,0,0,0,0,0,0,0,1,0,0,0,1,0,0,3,7,0,0,1,0,3,0,0,0,1,0,5,2,3,2,0,3,3,0,1,0,3,0,0,0,0,0,3,6,0,0,0,2,0,0,1,2,0,3,0,0,2,0,0,1,0,0,4,0,1,4,3,0,0,0,0,0,0,1,0,0,0,3,2,2,1,0,0,0,1,0,1,3,0,0,0,1,3,0,1,0,0,0,0,4,0,3,0,0,0,2,0,0,0,0,2,18,132,114,0,0,0,1,0,0,0,0,0,1,0,2,0,1,0,2,0,0,4,1,0,2,0,0,0,87,255,148,0,3,0,0,2,2,5,0,3,2,0,2,0,1,0,1,0,5,0,3,0,3,0,2,0,0,253,148,1,2,0,0,5,1,0,0,0,2,0,0,0,2,0,0,0,5,0,1,1,0,1,4,0,0,251,196,1,0,0,1,0,1,3,0,4,0,0,0,0,0,1,0,1,0,0,2,0,0,1,0,0,2,251,247,0,2,0,0,0,2,0,0,1,1,0,4,1,1,0,1,0,0,2,0,0,0,0,1,0,4,251,249,1,0,0,1,0,0,0,0,0,0,0,0,2,0,3,2,5,0,0,2,0,0,0,0,0,0,250,251,1,0,0,0,0,2,0,0,3,2,0,0,2,1,0,2,0,1,5,1,0,2,0,0,1,2,250,250,0,0,0,2,0,1,1,3,0,0,0,0,0,0,0,3,1,0,1,0,4,0,4,6,0,0,249,247,1,0,1,4,2,3,1,1,5,1,1,0,2,0,3,0,0,2,0,1,0,0,4,0,0,0,255,252,0,0,3,0,0,0,0,0,0,2,1,0,0,4,3,1,1,0,2,0,1,5,5,0,1,42,254,210,0,0,0,0,0,0,0,3,2,0,3,0,2,0,0,0,2,0,1,3,1,0,6,2,4,38,254,145,0,3,0,0,1,0,2,2,0,0,1,1,0,4,0,0,2,0,4,0,0,2,0,0,0,2,250,151,0,4,0,0,4,0,0,3,0,0,0,0,2,0,0,2,4,4,1,0,0,4,3,0,0,26,254,255,0,0,4,1,1,0,0,0,0,1,1,1,0,0,3,0,0,0,0,3,0,3,2,0,0,8,250,247,1,0,4,3,2,0,1,0,0,1,0,0,3,0,3,3,2,1,4,0,0,5,0,2,1,3,250,252,0,0,0,0,0,0,3,0,1,0,2,1,1,5,0,0,0,0,0,0,0,0,2,3,5,0,251,252,2,0,0,2,0,3,2,0,1,0,0,0,0,0,0,1,0,3,1,0,3,3,4,2,6,0,250,253,0,0,1,1,5,1,2,3,0,2,4,1,0,1,0,0,2,0,1,0,1,0,0,0,0,0,196,255,89,0,2,0,0,0,0,1,0,2,7,0,0,0,0,0,0,0,1,3,4,3,0,2,3,0,35,174,94,3,1,0,2,6,1,1,0,0,0,1,1,3,0,0,2,0,0,0,1,0,0,2,4,3,0,2,0,2,3,2,0,4,1,3,0,0,0,2,2,0,0,0,4,0,1,2,0,0,0,1,0,1,2,0,0,0,1,0,0,0,0,2,0,3,0,0,0,0,0,0,3,0,2,0,0,2,0,4,0,0,0,2,0,1,0,0,1,0,0,0,0,2,0,3,2,1,1,1,3,0,0,0,0,0,1,0,0,0,0,0,4,0,3,0,0,5,0,0,0,1,0,0
0,1,2,0,1,2,4,0,0,2,0,0,2,2,2,1,2,1,2,0,0,4,0,0,0,0,0,2,0,0,0,0,0,0,0,6,0,2,0,3,0,0,0,0,0,0,3,0,0,0,2,1,2,0,2,0,0,0,0,0,0,0,0,0,0,0,5,1,1,0,0,0,2,0,0,0,0,4,0,1,0,1,1,0,6,0,0,0,0,0,3,0,0,0,3,45,214,254,157,151,53,10,0,0,0,0,0,2,1,0,0,0,1,0,0,0,2,3,0,0,1,0,1,51,200,255,255,253,255,208,39,1,0,0,0,0,1,0,2,2,0,0,0,0,0,0,0,0,0,0,0,0,15,127,184,243,251,252,225,114,0,0,2,0,0,1,0,0,0,0,1,1,2,0,0,0,0,0,4,3,0,1,2,30,99,236,252,239,38,3,0,3,0,0,0,0,3,0,0,2,2,0,0,0,1,2,0,3,0,3,3,0,0,212,254,255,75,0,2,2,3,0,4,0,0,0,2,2,0,2,0,3,0,0,0,0,0,0,0,0,107,254,255,252,71,3,0,2,1,4,0,0,0,0,1,1,3,0,2,0,0,1,2,2,1,1,3,3,192,255,254,237,21,1,1,1,2,6,1,5,2,0,4,0,1,0,1,2,3,0,0,1,0,0,2,155,252,248,255,155,1,0,0,0,0,4,3,3,3,0,3,0,3,0,2,0,0,0,4,0,0,0,156,240,251,253,199,7,0,0,2,1,0,0,0,1,1,0,0,1,0,6,2,4,0,0,0,0,0,76,254,254,254,226,36,0,2,2,0,0,2,1,0,0,0,0,0,3,0,1,0,0,0,2,0,0,34,239,255,250,253,91,3,0,3,0,0,0,0,5,2,0,0,0,3,0,0,3,0,3,0,0,0,20,205,252,254,252,107,2,0,6,1,0,5,0,0,0,1,4,1,0,0,0,0,0,0,2,3,2,42,226,253,254,244,118,0,0,1,0,0,5,1,0,2,6,0,0,0,1,0,0,0,2,0,0,1,47,237,254,255,253,78,0,0,0,0,5,0,2,0,0,0,0,0,0,0,3,0,2,0,0,0,0,70,214,253,250,250,150,3,0,0,4,0,1,0,0,0,2,0,4,0,0,1,0,1,0,0,2,0,78,252,255,255,254,214,4,6,2,0,0,1,3,0,1,0,0,0,0,1,0,1,0,2,1,0,0,4,151,252,254,254,210,48,0,28,12,35,34,99,134,133,187,60,1,0,0,0,3,0,1,0,0,2,4,0,17,228,255,252,231,243,189,239,216,255,252,252,254,255,206,42,3,2,2,0,0,3,0,1,3,0,0,5,3,57,207,252,251,253,255,245,250,251,254,249,231,142,16,0,0,4,0,1,4,0,4,0,1,0,2,2,0,1,38,148,221,254,254,249,166,152,149,52,27,4,0,4,0,1,4,2,0,2,0,1,0,1,0,1,0,0,1,1,3,0,0,0,0,0,0,2,2,0,2,2,0,3,1,1,0,1,0,0,1,0,4,0,2,0,2,0,1,0,0,0,1,0,1,0,0,0,1,1,1,0,0,3,2,1,0,1,2,2,0,0,0,3,0,0,0,2,0,1,1,1,1,0,1,1,1,0,0,0,1,0,1,6,0,0,3,4,3,0,0,1,2,2,2,0,1,0,4,0,0,1,0,1,0,0,4,0,0,0,3,0,0,3,0,0,1,0,0,0,3,1,2,0,2,0,0,0,0,0,0,0,0,0,0,0,0,3,0
3,2,2,2,3,4,0,1,0,0,0,0,0,0,2,1,0,0,0,3,2,0,1,0,4,0,2,0,0,1,0,0,0,0,0,0,1,0,1,0,0,3,0,0,2,0,0,0,2,0,3,0,0,1,2,0,1,3,2,0,1,0,0,0,0,0,2,2,0,2,0,0,0,3,0,4,1,0,0,0,5,0,0,0,2,0,5,0,0,3,0,0,2,0,0,2,0,1,0,0,2,1,0,0,0,0,0,0,2,1,2,0,4,0,0,0,1,0,0,1,0,1,2,0,0,1,2,4,2,0,2,2,3,0,0,0,1,1,0,0,0,1,2,0,0,0,0,0,0,0,0,0,1,0,0,0,0,0,0,3,0,1,1,2,0,2,0,0,1,0,1,0,0,2,2,1,0,4,0,1,1,27,138,255,254,254,139,0,0,4,0,0,0,2,0,1,3,0,2,0,0,0,0,1,3,0,0,1,54,255,252,255,230,200,254,169,0,2,2,0,0,0,0,3,0,2,1,0,0,0,0,0,0,0,0,58,255,254,255,113,0,0,33,228,85,1,0,0,0,0,0,1,1,0,4,0,0,0,2,0,3,0,32,224,255,255,86,0,0,3,3,88,255,114,1,1,0,2,0,0,0,1,0,0,3,1,2,0,0,2,171,255,254,87,1,0,0,0,55,226,255,252,0,0,0,0,0,0,0,1,0,2,0,1,3,1,0,112,254,255,137,4,3,3,3,87,254,255,255,170,4,4,5,0,0,8,0,3,0,1,2,3,2,0,142,255,255,85,0,0,2,0,137,255,255,255,227,25,4,1,0,3,1,1,0,2,1,0,2,0,6,0,225,254,171,0,2,3,56,224,250,252,255,253,57,0,0,2,0,1,0,1,0,0,0,0,0,0,0,61,255,255,86,0,2,88,229,255,251,255,253,197,5,1,0,3,4,3,2,1,0,0,0,0,1,1,0,27,228,255,28,59,230,255,255,201,253,255,253,59,0,0,1,0,0,0,2,2,0,0,0,1,4,5,0,0,139,255,255,255,253,249,167,114,255,255,112,0,1,0,3,2,0,0,1,0,0,2,0,0,2,0,4,0,0,221,255,255,255,171,26,201,255,228,0,0,5,3,2,0,0,0,0,0,0,0,2,3,0,0,1,1,0,1,55,29,3,2,84,254,253,114,0,0,3,0,0,2,3,0,0,0,2,0,0,2,2,0,0,4,0,0,3,0,2,3,228,254,197,0,0,5,0,0,6,3,0,0,4,0,0,2,3,0,0,3,0,0,0,0,2,2,0,114,254,254,57,2,0,0,1,0,0,1,0,0,6,3,0,0,0,0,0,0,0,0,2,1,0,2,0,200,255,141,0,0,0,1,1,0,0,3,0,2,1,4,2,0,0,6,2,0,0,0,1,0,2,0,61,252,254,86,0,0,3,0,2,0,1,2,0,0,0,0,0,0,5,0,2,0,4,0,0,0,1,5,143,253,169,1,0,1,5,0,2,0,3,0,3,0,0,2,0,5,1,1,2,1,1,2,0,0,0,0,172,255,83,0,1,2,0,0,1,1,0,1,0,6,0,0,0,0,0,0,0,2,0,1,3,0,0,0,92,227,55,1,0,3,3,0,3,0,2,0,1,1,1,0,3,1,1,0,2,1,0,1,2,3,0,0,0,0,0,0,0,0,0,1,5,1,0,0,0,0,0,0,4,2,0,2,0,6,0,1,1,0,1,2,4,0,0,0,0,3,1,1,1,0,0,0,2,0,0,4
0,0,0,3,2,2,2,0,2,0,0,2,0,0,0,0,4,1,0,1,0,0,0,1,2,0,3,1,2,0,1,0,5,2,0,1,1,3,5,2,0,1,2,0,2,0,3,0,1,2,0,0,1,0,2,1,0,0,0,1,4,0,0,5,0,3,3,0,0,0,3,1,0,0,1,0,0,0,2,0,0,0,0,2,3,5,0,0,1,1,3,1,0,0,1,0,2,0,0,1,3,3,2,2,0,0,2,0,0,2,4,0,0,0,2,0,0,0,0,0,0,1,3,0,0,2,3,1,2,0,1,0,3,1,0,0,0,1,1,0,0,1,4,1,0,1,2,2,0,6,0,1,2,0,0,86,163,192,53,0,0,0,1,0,1,2,0,0,3,1,0,0,0,1,1,4,0,0,1,0,52,179,236,254,254,253,134,0,1,0,0,2,0,1,0,1,0,3,1,3,0,1,2,0,0,0,6,130,249,255,252,242,255,252,119,2,0,2,0,0,0,0,0,0,0,1,1,0,2,0,6,0,0,104,211,252,242,171,54,80,255,252,154,0,0,2,2,2,0,2,3,0,0,0,0,0,0,0,0,0,0,222,252,229,46,0,0,120,250,251,69,0,1,0,1,0,0,0,4,0,0,0,0,4,0,2,0,0,0,62,41,0,2,0,2,232,254,252,70,0,0,1,0,0,0,1,4,0,0,3,0,0,0,1,1,0,1,0,2,1,0,0,0,236,249,222,30,3,0,2,0,0,1,0,0,0,1,0,0,0,0,0,0,2,1,3,4,0,0,4,38,243,254,99,0,0,0,2,1,0,2,1,0,2,0,0,2,0,0,1,0,0,0,2,2,0,2,3,74,255,253,49,0,0,1,0,1,3,1,0,0,1,0,0,0,1,0,6,0,0,0,1,0,0,0,2,75,252,253,49,0,4,0,0,0,0,0,1,0,0,2,0,0,2,2,0,0,1,0,0,1,5,4,3,98,252,229,20,5,0,1,1,0,0,0,0,0,0,4,2,0,0,0,0,0,0,0,0,0,2,3,0,182,253,215,0,0,5,0,0,1,1,2,1,1,0,0,0,0,0,0,2,2,1,0,0,2,4,43,131,252,255,252,109,11,0,2,0,0,2,1,0,0,0,0,0,0,1,0,1,0,1,0,30,126,209,246,252,255,254,253,246,68,0,0,0,0,0,2,0,0,0,2,0,1,6,0,0,0,0,1,70,252,238,158,192,255,250,130,41,2,0,0,0,0,0,3,3,1,3,0,0,1,0,0,0,0,0,0,1,56,79,0,93,255,255,39,0,3,4,0,2,0,0,1,0,0,5,1,3,0,0,0,1,0,0,0,3,0,0,2,190,255,254,41,0,4,5,0,0,0,0,0,0,0,0,0,0,0,0,2,0,0,0,0,2,0,2,22,253,249,252,35,1,0,1,2,0,2,0,1,4,3,0,0,3,0,6,3,1,0,1,0,0,0,0,20,252,252,209,5,3,0,0,1,0,0,0,0,0,0,1,3,0,1,1,0,0,0,1,0,0,0,1,11,197,254,104,0,0,1,2,0,1,0,0,0,3,0,0,0,6,0,1,0,1,0,0,0,5,0,0,0,0,2,1,0,0,0,1,2,0,5,1,0,0,1,6,1,3,2,0,0,0,1,5,1,2,0,0,0,2,0,3,0,3,0,3,1,2,2,2,0,2,0,2,2,0,4,3,3,0,0,0,2,0,2,0,0,0,0,0,3,0,0,0,1,0,0,4,0,4,3,0
3,0,2,1,0,0,1,0,0,2,0,1,2,0,4,0,0,0,0,0,0,0,0,0,0,0,0,0,0,3,0,0,0,0,4,0,0,0,6,0,0,2,0,5,0,0,0,0,0,0,0,0,3,0,1,0,0,0,3,0,1,1,0,0,0,1,2,0,0,1,0,5,3,0,0,0,0,0,0,0,0,4,0,0,0,0,0,0,0,0,3,1,3,0,0,0,0,3,0,0,0,0,1,0,0,0,0,0,0,0,3,0,0,0,0,0,0,0,0,0,1,2,0,1,0,0,0,1,0,2,0,0,5,0,2,4,0,0,0,0,0,2,0,0,0,1,0,0,1,0,0,2,0,2,0,0,0,3,2,4,2,0,0,0,0,1,0,0,0,0,3,0,0,2,1,0,1,1,0,2,0,1,0,0,0,0,0,13,97,255,217,255,203,57,0,2,1,0,0,1,5,1,4,1,0,0,0,0,0,0,0,8,20,65,151,219,255,254,239,237,217,45,0,1,0,0,0,0,0,1,0,1,3,0,0,5,0,30,90,205,254,250,251,210,176,79,15,2,3,0,0,0,1,0,2,4,2,0,0,1,2,0,1,32,148,237,250,223,157,115,85,8,3,1,0,0,5,3,2,0,0,1,0,4,0,2,0,2,0,3,33,207,254,188,64,16,1,0,0,0,0,0,0,2,0,1,1,0,5,0,0,2,0,0,0,2,0,0,97,216,52,5,0,1,0,0,4,0,1,2,0,0,0,1,3,4,5,0,0,4,1,3,2,0,1,0,181,150,1,0,5,3,2,2,0,4,0,2,0,0,2,1,4,0,1,1,2,0,0,2,0,0,0,2,192,129,0,1,3,1,3,0,2,0,0,0,0,2,0,0,0,0,0,2,2,0,0,1,0,3,2,2,144,203,9,4,2,1,3,3,0,1,0,0,0,0,0,1,4,0,0,0,0,4,0,0,0,1,0,0,61,255,153,2,1,0,0,0,2,0,4,0,0,5,3,0,2,0,3,3,0,0,1,3,0,0,0,0,0,100,253,187,13,0,0,0,1,0,2,0,0,4,2,2,0,0,2,0,1,0,2,1,3,0,2,1,2,8,43,201,204,27,0,5,0,0,0,0,0,3,0,5,1,6,0,3,0,0,0,4,0,4,0,0,0,0,0,0,171,118,3,1,0,0,1,2,3,1,0,7,0,0,1,1,0,0,2,0,2,0,0,0,0,0,0,3,45,244,87,0,0,2,0,1,1,0,2,4,0,1,0,0,0,0,0,1,0,0,0,1,2,0,1,4,1,197,96,0,1,0,1,0,3,0,4,0,0,0,0,0,0,0,0,0,0,4,0,0,0,2,0,0,42,232,40,0,1,2,2,5,0,1,3,1,1,0,1,1,1,0,0,0,3,3,0,0,0,0,1,49,231,162,0,0,0,0,2,2,0,0,0,0,1,0,1,0,3,2,0,0,51,12,3,0,0,80,169,252,194,16,0,0,0,4,0,0,1,0,0,2,0,0,0,3,0,2,2,0,157,237,238,233,236,255,221,93,8,0,0,1,0,0,0,0,1,0,0,0,1,0,0,0,3,0,1,1,36,137,185,160,151,55,28,2,0,2,2,1,0,0,0,0,1,0,0,0,0,0,2,0,0,0,0,0,3,0,2,2,1,0,0,0,0,0,1,0,1,1,2,0,1,1,0,1,5,0,2,0,0,0,0,0,3,0,0,1,0,0,3,0,0,3,2,2,0,7,0,2,0,6,0,0,0,0
0,0,0,1,0,2,0,0,1,2,0,0,3,2,2,0,1,0,1,0,3,0,2,0,1,3,0,1,3,0,3,1,4,1,0,0,0,0,2,0,0,2,0,0,3,2,0,2,0,2,1,1,0,0,4,1,2,1,0,0,2,0,2,1,2,0,1,0,2,2,1,0,0,0,0,0,0,2,0,0,0,0,0,0,0,5,3,3,0,0,4,0,0,0,0,0,6,0,0,2,0,0,0,0,0,0,2,1,0,0,2,1,0,1,0,0,3,1,0,3,1,0,0,0,0,0,0,0,1,4,0,2,0,0,0,5,0,0,0,2,0,3,2,1,0,0,1,0,0,0,0,0,1,0,0,0,0,6,5,2,0,2,0,0,4,2,0,1,1,1,0,4,0,1,0,0,0,0,6,49,159,197,243,253,160,28,0,0,0,0,0,0,7,0,1,1,2,1,2,0,3,1,0,0,2,1,22,247,253,252,251,255,254,180,27,0,2,0,0,2,2,2,0,0,1,0,0,4,0,0,0,4,5,184,239,253,225,201,132,111,150,255,64,0,0,2,3,0,0,0,2,0,0,1,0,0,4,1,3,0,49,253,250,196,20,0,1,0,3,181,175,3,2,0,0,0,0,5,3,0,1,1,0,1,0,1,0,17,224,255,249,6,1,4,0,0,4,168,240,66,2,0,1,2,0,0,0,0,0,3,0,0,0,3,6,41,250,247,103,0,0,0,1,0,0,171,255,134,2,0,0,3,3,2,0,6,1,0,0,0,1,1,0,128,253,159,0,0,3,0,1,2,0,109,247,194,16,0,0,0,0,0,0,1,0,1,0,0,1,0,0,128,253,189,0,3,0,2,0,0,0,81,252,200,0,2,0,3,1,1,0,0,2,0,2,0,1,0,0,126,252,240,0,0,0,1,1,0,1,82,251,198,0,0,0,3,0,0,1,1,0,0,0,0,0,2,3,20,209,251,72,0,0,0,1,0,17,203,255,200,0,0,0,0,0,0,0,1,0,0,2,0,0,3,1,0,145,246,195,65,37,45,131,180,227,255,252,202,4,0,0,3,0,2,6,3,3,3,1,0,0,0,0,0,4,110,220,252,255,243,255,201,143,152,255,199,3,6,0,0,1,1,1,0,0,0,1,1,3,1,0,0,1,0,46,157,225,59,75,16,4,83,255,224,13,0,0,0,1,5,0,3,1,0,0,1,0,0,0,0,1,0,1,2,2,0,2,1,3,82,255,254,37,0,3,0,0,2,0,0,0,0,0,0,0,0,1,0,1,2,0,2,0,0,2,4,1,81,255,240,29,2,0,2,3,4,3,1,0,0,0,0,1,9,6,1,1,0,2,0,0,2,0,1,2,82,252,201,0,2,0,3,0,5,1,0,2,0,0,0,0,0,4,0,0,0,2,1,0,0,2,1,0,38,247,246,30,6,2,0,2,1,0,0,0,1,2,3,2,0,0,4,0,0,0,0,5,3,0,0,0,0,248,252,36,0,2,2,2,0,0,0,2,0,2,0,1,1,0,0,0,2,1,1,1,1,0,3,2,0,247,253,30,0,0,0,3,0,3,0,0,0,0,4,0,1,0,0,4,1,3,0,0,0,0,0,4,0,184,235,28,0,0,4,1,0,5,0,0,0,1,0,1,2,0,1,4,1,2,0,1,1,0,1,0,2,0,5,1,0,0,0,0,2,0,2,2,3,1,0,3,1,2,0,2,2,5,0,0,0,0,3,0,1,2,2,1,0,0,0,0,0,0,0
0,0,0,3,1,0,0,1,2,0,0,0,0,0,0,0,5,0,2,0,0,4,0,0,2,8,1,1,0,0,3,0,1,0,0,0,3,1,0,1,3,0,3,0,2,2,2,0,0,0,0,0,0,0,1,0,0,0,2,0,0,0,4,4,0,3,0,0,2,0,2,0,0,2,0,1,0,0,0,0,1,1,0,0,0,0,0,1,3,1,0,60,171,198,178,220,248,152,35,0,3,0,5,0,0,0,0,2,0,1,0,0,0,0,0,0,0,1,92,244,252,252,253,255,255,255,246,82,3,3,2,0,1,1,0,0,1,2,4,3,0,0,0,0,0,29,214,249,219,150,194,154,228,255,246,223,73,2,0,2,0,0,0,1,0,0,2,0,1,4,1,0,0,99,253,192,36,1,0,1,14,101,211,246,220,24,0,0,0,0,0,2,2,0,0,1,0,3,1,3,0,58,109,0,1,0,0,0,0,1,17,166,249,156,4,0,2,0,2,2,0,0,0,0,0,1,1,1,3,0,0,0,0,0,5,0,6,0,2,13,193,250,47,0,0,0,0,3,2,0,0,0,1,1,2,0,0,0,0,0,0,0,0,0,0,0,0,0,80,251,127,0,0,0,0,0,0,2,0,0,0,0,0,0,0,2,0,0,0,2,0,0,0,0,0,0,55,254,135,0,0,0,0,0,2,1,0,0,1,1,0,0,0,4,0,1,0,0,1,0,3,0,0,0,0,197,191,1,2,0,0,0,1,1,0,0,0,2,0,0,1,0,0,0,3,0,1,0,2,4,0,1,6,137,212,3,0,3,0,0,0,0,0,5,0,0,0,0,1,0,2,2,0,1,0,1,0,1,0,0,2,99,235,18,0,0,0,3,2,0,0,0,0,3,0,0,0,0,2,0,2,0,0,2,0,5,2,1,0,96,229,14,1,2,1,0,2,0,0,0,1,1,1,2,1,0,1,0,0,0,3,0,13,51,124,98,28,157,217,0,0,0,1,3,0,1,0,0,0,0,0,2,1,0,0,1,0,0,2,61,227,251,254,255,250,254,215,0,0,1,1,0,0,4,3,2,0,0,0,2,0,0,0,0,3,3,7,213,250,253,251,251,249,254,224,10,0,0,0,0,2,0,1,1,3,1,4,0,0,0,3,2,0,0,137,255,182,98,34,101,246,255,252,174,27,2,0,1,0,0,0,0,0,1,2,0,0,1,6,0,1,6,222,254,63,2,0,28,241,251,252,253,181,37,3,0,0,0,0,4,0,0,1,0,0,4,6,0,0,10,230,255,255,149,195,227,255,138,214,251,251,228,159,154,0,3,0,1,0,1,0,0,0,4,0,4,2,0,180,252,252,254,253,251,169,0,25,213,255,253,252,111,0,1,0,1,3,0,0,0,0,4,2,0,1,0,22,141,221,255,213,95,9,0,0,26,169,177,77,7,0,2,0,2,0,0,2,0,0,0,0,0,0,2,0,0,0,0,1,2,1,2,1,0,0,0,1,2,0,0,0,0,2,0,0,2,3,0,2,3,0,0,0,0,2,0,0,0,0,3,0,1,1,0,2,0,0,1,0,1,0,0,0,0,3,0,3,0,2,0,0,0,1,0,0,0,2,0,0,0,0,0,1,3,0,1,0,1,2,2,2,1,1,1,0,2,5,0,0,0,0,2,2,0,2,3,2,0,3,2,0,0,1,0,0,5,2,1,0,0,0,2,0,0,0,1,0,0,3,0,0,4,0,1,4,1,0,2,0,1,0,0,2,3
1,0,4,1,1,0,0,0,0,0,2,2,0,0,0,0,0,3,0,2,0,3,0,0,4,1,0,1,1,0,0,1,3,5,0,0,0,0,0,0,0,3,1,5,2,2,1,1,0,0,0,0,1,1,2,0,0,2,0,1,0,0,0,0,0,4,0,1,6,5,0,0,0,0,0,6,4,0,0,0,0,0,0,0,0,0,0,0,2,3,4,0,2,0,0,4,2,0,0,0,89,254,251,72,0,0,0,0,1,4,0,0,0,1,0,0,1,0,5,1,2,2,3,0,1,0,0,95,251,255,252,72,0,1,0,0,5,6,1,0,2,0,2,1,3,1,2,0,0,0,0,0,0,19,96,250,255,250,252,72,5,0,0,0,0,4,1,0,0,0,0,0,4,0,0,0,0,1,5,0,17,193,251,251,227,245,178,28,3,3,2,1,1,0,2,1,0,2,2,1,4,4,2,0,1,0,2,1,184,255,255,187,42,59,0,0,2,0,0,1,3,0,3,0,2,3,2,0,0,1,0,0,0,5,0,23,229,254,211,0,0,1,3,4,0,1,0,1,0,0,0,0,2,1,0,0,1,0,0,3,2,3,0,90,255,248,33,0,1,2,0,4,0,0,2,4,2,1,0,0,0,0,3,0,4,2,3,0,0,0,27,207,254,157,5,0,2,0,0,0,0,0,1,0,3,0,0,0,0,4,4,0,1,0,0,2,0,0,68,249,254,146,1,1,1,1,4,0,0,0,0,1,2,0,0,0,0,3,0,1,1,0,0,0,0,0,74,252,252,26,2,1,0,0,0,2,4,3,0,0,0,2,0,5,3,5,0,0,0,5,0,1,1,0,76,253,211,20,7,0,2,0,4,0,1,1,0,0,3,6,1,0,0,0,1,0,2,0,5,0,0,2,130,250,247,246,60,4,0,0,3,3,0,2,0,0,0,2,0,0,0,1,2,0,0,0,2,0,0,0,75,251,252,209,100,159,153,83,10,1,0,0,0,1,0,0,0,1,3,3,0,0,0,0,0,2,4,1,74,253,253,250,255,253,253,248,109,1,0,0,0,0,0,0,2,1,0,0,0,0,0,2,2,0,3,0,71,251,251,253,225,196,255,248,213,17,1,2,2,0,0,0,2,4,1,1,0,2,1,0,3,0,1,1,54,242,255,254,39,5,169,252,250,109,0,1,2,2,0,0,1,2,0,0,1,0,2,3,1,0,0,0,2,207,251,255,50,1,45,252,253,192,1,2,0,0,0,0,1,2,1,2,0,2,0,0,0,0,0,1,0,160,254,251,238,219,219,252,253,195,3,0,0,0,2,1,0,0,3,1,0,2,3,2,1,0,0,1,0,10,166,253,254,253,255,252,255,194,0,0,2,0,2,0,0,4,0,0,1,0,0,2,1,0,1,0,0,1,4,66,134,139,253,180,131,48,0,2,0,0,0,0,0,0,0,0,0,0,3,0,1,3,0,1,2,0,0,1,0,0,0,1,1,0,1,0,1,0,2,0,4,0,0,0,0,0,0,3,3,0,0,0,3,0,0,0,0,0,0,1,0,1,0,0,1,0,0,2,0,1,0,0,0,4,0,2,1,0,1,3,3,0,1,0,1,4,4,0,1,0,0,1,0,1,0,0,1,4,0,0,3,3,0,1,0,2,0,0,0,0,1,2,0,2,0,1,0,0,5,2,0,4,4,0,1,0,0,1,0,0,0,3,0,0,1,0,0,0,0,4,0,0,0,0,0,0,3,1,1,0,4,0,0,0
1,0,1,0,0,0,1,2,0,4,2,0,0,0,2,0,1,1,0,0,3,0,1,0,7,0,2,0,3,0,0,2,0,4,0,0,0,4,0,1,0,1,0,1,1,0,3,1,0,0,0,0,3,0,1,1,2,0,2,0,2,0,0,0,2,0,0,2,0,3,0,1,4,3,3,1,1,0,1,0,5,1,2,0,0,2,0,0,0,1,2,0,0,0,0,1,1,2,0,2,0,0,0,0,3,4,0,3,0,1,0,0,2,0,2,1,2,1,0,0,0,0,0,3,0,1,0,3,0,0,5,0,2,2,4,0,0,0,0,1,0,0,0,0,3,0,0,0,0,3,0,0,3,1,2,2,0,0,0,1,0,0,0,0,0,0,0,0,0,0,4,0,0,0,1,0,0,4,0,0,0,0,3,0,0,2,1,0,0,0,3,1,1,0,0,0,1,0,1,0,23,111,40,3,2,2,0,2,0,0,0,0,2,2,70,193,111,2,2,0,0,0,2,2,1,0,0,2,189,251,222,51,1,2,0,3,7,1,0,5,0,0,173,249,250,116,0,0,1,0,2,0,2,0,0,82,244,247,252,95,0,6,0,0,0,0,2,0,3,0,251,250,253,146,2,0,0,0,0,0,0,0,0,195,248,250,211,33,3,0,0,0,1,0,0,2,0,0,154,249,252,33,0,0,0,0,2,2,0,3,0,255,249,253,27,2,4,0,0,3,4,0,0,1,0,0,96,251,252,93,1,0,0,0,2,0,0,1,0,255,250,248,31,1,36,33,31,170,189,195,188,195,196,190,213,247,253,193,12,4,0,0,0,3,0,6,0,252,255,250,141,132,254,253,248,248,249,254,253,253,250,252,254,253,250,253,167,2,3,0,4,0,0,4,4,251,247,250,248,253,251,248,250,248,252,251,251,254,234,225,253,249,250,247,115,0,2,1,1,0,0,0,2,158,250,251,255,251,255,250,172,95,94,97,95,95,73,60,150,252,254,251,98,2,1,0,0,2,0,3,0,2,117,156,161,158,251,60,2,0,0,2,0,0,0,3,57,234,249,253,93,0,2,2,0,1,0,2,0,2,0,0,4,0,63,15,2,3,1,0,0,1,0,0,0,71,251,247,116,2,0,0,2,0,1,0,0,0,0,2,0,1,4,1,0,0,0,1,0,0,0,3,0,30,251,252,251,2,0,3,2,0,0,0,0,0,0,1,2,0,0,2,0,0,0,1,0,3,2,0,1,30,250,251,250,0,0,0,0,0,0,2,0,0,4,1,3,0,1,0,0,0,0,0,0,0,0,2,0,31,252,249,252,0,3,0,0,2,2,1,6,0,1,1,0,0,2,3,1,0,0,3,1,0,5,0,0,31,255,255,195,0,1,2,1,0,2,0,0,0,0,2,0,0,0,0,0,1,0,0,2,0,2,3,1,36,254,250,93,7,2,1,0,0,0,2,3,0,2,0,0,0,0,1,0,0,0,0,0,1,2,0,1,14,190,219,47,1,0,0,1,3,7,3,2,0,2,1,0,2,0,1,2,0,0,1,2,0,0,2,0,2,17,20,1,0,0,0,2,2,1,2,0,2,0,0,0,0,0,2,0,0,1,0,0,0,2,1,0,0,0,0,0,2,0,0,0,0,0,0,0,0,0,0,1,2,3,0,0,4,4,0,0,1,7,0,0,1,3,1,2,0,0,3,0,0,0,4,3,0,0,0,0,0,0,5,0,1,1,0,3,0,1,0,0,0,0,1,1,4,4,0,0,3
0,3,1,0,3,0,0,1,0,0,2,0,0,0,0,2,0,0,0,0,4,0,0,2,0,0,1,0,1,0,0,3,0,0,0,0,2,0,0,2,0,0,2,0,0,1,0,0,2,2,1,0,0,0,2,0,0,0,0,0,0,2,0,0,0,0,0,1,1,3,4,0,3,1,0,0,0,3,0,0,1,0,0,0,0,0,1,0,0,3,0,0,1,0,0,3,2,0,0,0,0,0,0,3,2,1,2,0,0,2,0,0,0,1,0,1,0,0,1,0,6,0,0,0,0,0,0,2,3,2,0,0,0,3,1,0,0,1,2,3,2,0,0,0,0,0,0,0,0,0,0,0,1,0,0,0,67,255,190,2,0,0,0,1,4,0,1,0,2,4,0,0,0,3,1,0,0,4,0,0,0,0,0,191,255,255,192,0,3,0,1,0,0,0,3,1,2,2,4,0,0,0,0,0,0,0,1,0,0,0,66,255,255,255,60,1,0,0,0,2,0,0,0,0,4,0,0,0,0,2,4,2,1,0,0,0,0,0,255,255,254,67,0,0,0,0,2,1,0,0,0,4,0,0,0,1,4,0,0,0,5,0,2,3,0,60,255,255,255,3,1,0,3,0,0,4,1,2,0,3,0,0,0,0,2,1,1,0,5,0,1,0,0,191,255,255,124,0,3,4,0,1,0,0,0,0,1,0,0,0,0,1,0,2,2,1,6,3,2,0,125,255,253,255,66,0,0,1,1,1,0,0,0,0,1,0,6,0,0,0,5,0,0,0,3,0,2,1,129,252,254,126,0,1,0,1,6,0,0,0,0,1,0,0,0,0,0,0,0,0,0,1,0,0,3,0,129,255,252,130,1,0,0,0,0,0,0,0,3,0,0,0,0,0,0,0,0,1,3,0,1,1,0,3,255,254,255,129,0,0,1,0,0,0,0,0,0,0,2,3,0,0,1,0,0,1,3,4,0,3,0,0,255,255,255,59,0,0,1,0,0,0,3,1,3,2,0,0,1,0,3,0,0,3,3,0,0,2,0,2,187,255,252,62,0,0,0,0,0,0,0,0,0,1,0,1,1,5,0,0,2,2,0,2,0,0,0,0,255,253,254,129,0,0,1,3,0,1,0,0,1,0,0,0,5,1,0,4,1,0,0,4,2,1,1,63,255,255,255,0,1,0,0,0,0,0,1,0,2,0,0,0,0,0,0,0,2,0,0,4,1,2,0,129,255,254,129,0,0,2,0,0,0,0,0,0,0,0,1,1,0,3,0,0,0,0,0,1,0,0,0,130,255,255,127,4,5,0,0,0,3,0,0,0,3,0,0,1,0,0,0,0,0,0,0,0,2,0,1,131,255,254,126,1,0,0,2,0,1,0,0,0,0,0,1,0,0,1,0,0,0,0,0,0,0,0,2,192,254,255,1,0,0,1,0,0,1,0,0,0,3,0,1,3,0,0,2,2,3,0,2,0,0,0,1,129,255,255,0,0,1,1,0,0,0,0,0,1,3,3,0,0,0,3,1,0,0,0,0,0,2,0,4,127,255,250,0,3,3,0,0,0,2,0,0,0,0,0,1,4,3,0,0,2,0,0,0,3,0,1,0,0,4,0,0,1,0,0,0,0,0,0,0,1,0,0,1,0,3,2,0,1,0,0,0,2,2,0,0,0,0,4,0,0,0,1,3,3,0,2,0,3,0,2,0,2,1,0,0,0,1,0,0,0,0,1,2,1,3,1,0,1,0,0,0,7,1,0,0,0,0,2,0,3
1,3,5,0,3,3,0,2,0,1,2,1,0,0,0,3,3,0,0,1,0,0,5,0,0,0,0,0,0,0,0,0,0,1,1,0,4,0,3,3,0,2,1,0,0,0,0,0,0,0,0,2,0,0,0,1,0,1,0,2,0,0,0,0,0,0,0,3,2,0,0,1,0,1,3,0,0,0,1,0,0,1,1,1,0,0,0,0,3,2,3,1,2,2,6,3,0,0,1,0,1,3,0,2,4,4,0,1,0,0,1,0,1,0,1,2,0,0,0,1,0,1,2,0,69,237,253,252,93,0,7,3,0,2,1,0,1,0,3,1,0,5,0,0,0,0,0,1,0,6,113,214,253,250,231,109,56,1,0,0,0,0,2,0,0,3,0,5,0,3,1,4,1,1,0,0,7,196,250,255,203,91,5,1,3,2,0,3,0,0,3,2,0,3,2,0,1,4,2,0,0,0,0,3,106,251,242,128,13,0,0,0,0,3,0,0,0,2,0,0,1,1,0,1,2,4,0,3,0,0,5,0,120,253,127,0,0,0,0,0,0,0,3,0,0,0,0,0,0,0,0,0,0,0,5,3,3,2,0,3,116,254,122,0,0,0,1,1,0,0,0,0,0,0,0,2,0,1,0,3,0,0,3,2,1,0,4,0,124,255,157,0,3,0,0,0,0,0,0,0,2,0,0,0,0,2,0,0,1,3,3,0,3,2,0,1,121,255,243,137,84,25,3,0,0,0,0,0,2,1,0,0,3,0,0,0,1,5,2,0,0,1,3,1,44,252,253,250,253,228,93,20,2,0,0,0,2,5,0,0,1,0,0,3,0,1,1,0,1,2,0,1,2,157,225,201,202,241,252,250,114,4,1,0,0,0,3,0,1,0,0,2,0,3,0,2,0,2,3,0,2,17,23,0,4,40,108,231,239,155,2,0,0,0,0,0,7,0,0,0,1,0,0,0,1,3,0,0,0,2,0,0,0,0,3,41,230,251,147,4,0,1,0,0,4,2,0,1,2,1,1,3,2,2,4,5,1,1,0,2,0,0,1,3,52,191,247,114,0,1,0,4,0,0,1,0,0,2,1,0,0,4,2,0,1,0,0,3,0,4,0,0,0,45,232,233,20,0,0,3,0,2,2,0,2,0,0,2,1,0,3,2,0,0,0,0,0,1,0,6,0,0,126,250,134,0,3,1,0,1,4,2,2,0,0,3,0,2,0,0,0,0,54,176,85,2,0,0,3,0,48,242,252,19,2,0,0,2,0,0,2,0,1,0,0,5,1,2,0,0,112,255,231,97,36,25,3,0,0,197,252,33,0,1,0,0,0,0,1,0,0,0,2,0,2,0,3,0,7,62,247,253,255,226,191,105,90,144,254,121,0,2,0,2,0,2,0,2,0,0,0,0,5,0,0,2,1,0,8,86,216,250,251,255,255,250,239,55,0,0,0,2,2,0,0,2,0,0,1,0,1,4,2,1,1,0,0,0,9,55,76,158,223,150,70,0,0,0,1,0,0,0,0,3,0,0,0,4,0,0,0,6,4,0,5,0,6,1,0,0,0,1,0,0,0,7,1,0,2,3,0,0,0,0,0,2,0,0,0,1,2,0,2,0,0,1,2,2,0,0,0,7,0,0,0,3,0,2,3,0,0,2,0,0,1,2,0,0,0,1,0,2,0,2,2,1,0,0,0,0,0,0,1,0,0,1,0,2,3,1,2,0,0,0,2,0,0,0,2,0,2,2,0,0,1,0,0,3,1,0,1,0,3,1
0,0,0,0,6,0,0,0,1,1,0,1,0,1,0,0,4,0,1,0,1,3,4,0,0,0,0,0,1,0,0,1,2,1,0,0,0,1,0,0,2,0,0,0,2,0,6,2,4,0,0,0,0,2,0,0,0,1,0,2,0,0,2,1,0,0,4,0,0,2,0,0,3,0,0,0,0,3,0,2,0,0,3,1,5,0,3,0,0,0,2,1,0,0,0,3,1,0,2,4,0,0,0,3,0,2,2,4,4,0,0,0,2,0,0,4,0,2,2,0,0,3,0,3,0,0,1,1,0,0,0,3,0,0,2,0,0,0,2,0,0,1,1,0,0,0,0,0,2,0,1,210,253,185,0,3,0,0,2,0,1,1,3,0,2,3,0,0,0,4,5,0,4,0,0,1,0,2,144,249,251,128,0,0,1,0,0,0,3,0,0,2,3,0,7,0,2,0,0,0,5,3,0,1,3,139,252,253,187,3,0,0,101,236,242,241,157,0,0,0,2,1,0,0,0,0,0,0,0,0,0,0,46,238,252,222,107,0,1,105,247,255,255,190,74,0,0,0,0,0,3,0,1,0,0,1,3,0,2,0,221,251,215,38,0,5,106,241,255,105,22,10,0,0,2,1,1,3,1,1,3,0,2,6,0,0,4,39,237,255,117,0,0,0,187,255,239,50,0,2,3,0,0,4,0,0,0,0,0,0,0,0,0,0,0,149,251,174,4,1,0,99,245,253,96,0,0,1,1,3,0,2,1,0,1,0,0,0,0,3,0,0,35,238,251,164,1,64,116,244,254,225,37,0,3,0,0,1,0,0,0,1,1,0,5,0,0,0,1,0,111,250,255,185,179,244,251,252,255,255,223,67,1,3,0,1,1,0,0,3,1,0,1,0,4,1,0,0,112,250,253,255,253,255,252,252,251,255,254,211,101,0,0,0,3,3,0,0,1,0,0,0,0,2,1,3,115,250,252,252,203,191,242,252,210,208,251,251,226,22,0,0,0,0,0,0,1,1,3,0,0,0,4,0,30,75,138,74,10,0,204,252,64,13,94,237,255,120,2,0,0,0,0,0,2,0,3,4,0,2,0,3,0,1,1,0,0,3,181,253,65,1,3,171,253,228,0,0,0,2,0,0,1,3,1,0,0,0,0,0,3,0,0,0,0,0,73,255,65,0,0,83,249,244,66,0,0,5,0,0,2,1,1,0,0,3,1,0,1,0,2,0,0,1,75,254,80,0,0,37,240,249,104,0,0,2,3,0,0,0,0,0,0,0,1,0,0,0,0,0,0,3,27,219,232,123,0,0,165,251,108,0,1,0,0,0,0,0,0,0,0,3,0,0,0,0,0,2,0,0,0,112,245,236,60,10,170,248,108,0,0,6,0,0,0,0,1,0,0,0,1,3,1,3,3,3,0,5,1,1,182,250,253,196,255,255,101,2,3,0,2,0,0,0,0,1,0,1,0,2,2,1,0,0,3,2,0,0,25,146,254,255,255,255,108,3,0,0,1,2,0,0,0,0,3,0,4,4,0,0,1,0,0,0,0,0,0,29,146,252,251,173,52,4,0,0,1,0,1,3,2,0,1,0,0,0,0,0,3,0,1,0,0,0,0,0,1,0,3,2,2,0,4,0,0,3,0,3,2,0,3,0,3,0,2,1,0,3,2,2,2,0,1,3,0,0,0,0,0,1,1,0,0,0,0,0,0,0,0,1,1,1,0,0,0,2,2,0,0,0,5,1,2,0,0,0,0,0,1,0,0,0,0,0
3,4,1,0,0,2,0,0,1,0,0,0,2,0,3,0,4,2,1,1,0,1,0,0,2,0,2,0,2,3,0,0,2,0,0,0,1,2,1,0,1,0,0,2,0,0,1,2,0,0,2,0,2,2,0,1,2,0,0,2,0,1,0,0,1,0,0,0,0,0,0,2,1,2,0,0,1,0,0,0,0,0,2,1,0,0,0,1,0,5,0,0,0,0,0,0,0,0,18,63,140,252,254,230,102,2,1,2,0,1,3,0,0,0,2,1,1,0,0,1,2,0,5,0,21,115,230,250,252,252,255,253,216,21,0,0,1,2,0,3,1,2,0,0,4,3,1,0,3,0,0,122,221,248,252,232,201,85,209,254,189,0,0,0,0,1,0,4,0,0,0,5,1,0,0,0,1,1,127,253,254,234,97,41,0,43,255,255,158,3,0,0,3,0,0,0,3,5,3,0,3,0,0,1,72,192,252,193,45,38,0,3,0,223,254,213,13,0,0,1,0,0,1,0,0,0,0,1,1,0,3,0,171,146,141,10,0,0,0,1,149,252,250,159,4,2,3,0,0,0,0,0,0,2,0,1,0,0,0,0,6,0,0,2,2,1,0,149,250,255,162,5,0,0,2,1,1,4,0,3,0,0,0,0,1,0,1,0,0,1,0,2,2,0,56,237,251,222,52,0,2,0,0,0,2,4,0,0,0,0,0,0,0,0,2,0,0,0,2,0,0,9,204,255,234,2,1,2,4,2,1,0,0,0,2,0,0,0,1,1,2,2,0,3,1,2,0,3,27,198,251,184,43,2,0,2,0,0,5,2,0,0,0,0,10,0,1,0,3,2,1,1,0,2,0,57,204,253,230,55,0,0,0,0,1,3,3,2,0,4,1,0,1,0,1,0,0,0,3,1,0,0,95,232,252,232,59,0,0,1,0,4,1,3,0,0,1,0,0,2,0,0,0,1,0,0,0,2,1,51,245,252,234,57,3,3,0,2,1,0,1,1,0,0,1,0,2,3,2,0,0,2,3,2,2,3,46,184,250,234,101,0,0,3,0,0,0,0,1,1,1,2,0,0,2,2,1,0,0,0,0,0,3,25,163,252,255,95,0,0,0,0,5,0,0,0,4,0,0,3,2,0,0,0,0,0,0,0,1,1,32,205,250,251,92,0,2,3,0,3,1,2,1,3,0,0,0,0,0,0,2,1,1,0,3,5,0,27,229,255,255,147,6,0,0,14,66,63,5,30,37,62,62,66,11,5,1,0,1,0,2,0,0,0,0,129,253,252,255,208,195,199,197,216,253,255,205,227,233,255,255,252,131,3,2,2,2,0,0,0,0,0,1,159,254,255,252,250,252,250,253,254,255,254,249,250,255,251,255,173,34,0,0,0,0,0,0,4,0,0,0,29,135,135,135,239,254,251,180,133,136,139,140,135,136,137,106,4,3,0,0,0,0,2,2,1,0,2,0,4,0,1,0,0,0,0,0,0,0,0,0,0,2,3,3,1,0,3,0,0,2,0,1,0,0,0,0,1,0,0,0,0,0,0,0,0,0,0,0,0,0,2,0,0,0,0,0,4,0,3,0,0,0,0,0,1,2,1,0,0,4,2,0,0,0,0,1,2,0,0,0,2,3,1,1,3,0,0,0,0,0,0,2,0,1,0,1,0,2,0,1,0,0,1,2,0,1,0,1,0,2,0,1,0,1,0,0,0,0,5,2,0,0,3,0,2,0,0,3,2,2,0,0,5,0,0,0,4,0,0,0,1,2,1
0,0,0,1,0,0,0,2,1,2,5,0,1,1,0,0,0,1,0,0,0,0,0,1,0,0,0,4,0,0,3,0,0,4,3,0,0,0,1,6,0,0,0,1,0,0,0,1,3,0,0,7,0,0,2,3,0,0,2,0,0,0,0,0,0,0,0,0,2,0,3,1,2,3,0,1,1,1,3,0,6,2,0,1,2,0,0,2,0,0,0,0,0,0,0,3,2,0,2,0,0,0,1,0,0,0,0,0,0,0,0,0,2,0,4,0,0,3,0,0,0,4,1,0,0,0,0,1,0,0,0,0,0,0,0,0,0,0,0,3,4,2,1,1,0,0,0,0,0,1,4,0,0,0,0,1,0,1,8,1,0,0,1,0,1,0,0,2,0,0,0,1,0,1,0,0,0,0,16,96,220,207,150,149,140,12,0,1,3,0,5,0,0,4,6,1,2,0,0,2,0,0,1,2,1,1,167,252,250,247,255,251,250,162,0,4,6,0,0,0,0,1,2,0,0,0,0,0,0,4,0,0,1,100,246,252,253,249,237,253,249,220,23,0,0,4,1,4,0,1,2,0,0,0,1,0,2,2,0,0,102,255,253,252,213,86,15,214,250,253,42,1,0,0,1,0,0,0,0,0,3,1,1,2,1,0,2,25,230,254,250,193,30,0,0,196,252,248,126,0,0,0,2,0,0,1,2,0,0,4,0,4,0,3,0,64,255,254,241,63,2,0,1,129,252,252,253,0,0,0,3,3,4,0,0,0,0,0,1,1,0,0,0,62,252,251,90,0,0,0,0,18,236,252,250,0,0,2,2,2,0,1,3,0,0,0,1,0,4,2,0,59,249,253,62,0,0,2,0,0,225,252,249,96,0,2,2,0,0,4,0,3,0,1,0,0,0,1,2,0,183,253,85,0,2,2,0,4,156,249,250,83,2,0,2,1,0,0,0,1,4,0,0,2,3,3,0,4,109,255,237,13,0,0,1,0,231,254,250,3,2,0,1,0,1,0,0,0,4,2,0,0,0,0,0,4,0,252,255,107,31,0,0,29,234,255,253,0,0,0,1,0,1,1,0,0,0,0,2,0,0,0,0,0,2,255,251,253,239,190,194,240,255,252,139,0,3,1,0,1,0,0,0,2,0,0,0,0,2,0,0,0,0,41,198,253,254,255,255,245,255,255,40,1,0,2,2,0,0,0,3,0,0,0,0,2,0,0,0,0,0,0,0,79,110,189,143,142,248,250,42,3,0,1,0,0,1,0,0,0,0,0,0,0,0,0,1,0,0,1,2,1,2,0,0,0,230,252,216,0,0,0,3,0,0,0,0,4,5,0,0,4,0,3,0,0,1,0,2,0,0,2,0,1,236,255,255,3,0,0,0,0,0,3,0,2,4,4,1,0,5,0,2,1,1,0,0,3,3,0,0,1,233,252,207,75,0,0,0,2,1,3,0,0,0,3,6,0,0,0,3,0,0,0,0,0,1,2,3,0,232,255,251,254,55,1,3,1,0,1,1,0,0,0,2,0,0,0,0,0,0,0,0,2,1,0,0,3,205,250,253,255,64,1,0,2,0,0,0,0,0,2,1,0,0,1,3,4,0,0,0,0,0,0,1,2,128,252,252,251,65,4,1,0,0,1,1,0,1,0,2,0,1,0,0,1,1,0,0,0,0,4,0,0,4,1,1,0,0,0,0,0,0,0,0,4,2,0,4,0,1,0,1,0,0,3,0,2,1,5,2,2,0,1,0,0,2,0,0,0,2,0,0,0
0,1,0,1,0,0,1,1,3,3,1,0,0,0,0,0,0,1,0,0,0,0,0,3,0,1,0,0,2,0,4,2,1,4,1,0,0,0,2,2,0,0,0,0,3,1,6,2,0,0,2,0,6,5,0,0,0,0,0,1,0,1,0,4,3,3,0,0,0,0,0,0,1,1,0,4,0,0,0,0,1,0,0,1,0,1,0,0,1,0,0,0,0,0,4,3,0,0,0,0,0,0,0,1,0,0,1,0,0,3,4,1,2,0,3,0,0,0,2,1,2,100,167,251,148,82,10,0,0,7,6,0,2,0,0,0,0,0,0,0,0,0,4,0,4,0,0,0,44,248,252,254,252,253,255,82,4,1,0,0,0,1,0,0,4,2,0,0,0,0,0,0,0,0,1,0,0,70,131,246,252,253,249,254,64,0,0,0,2,1,3,2,2,2,1,2,0,1,2,2,0,0,2,1,3,0,0,67,206,252,249,252,132,44,0,0,0,0,0,0,0,0,1,1,2,1,0,5,0,0,0,0,1,1,0,0,31,124,246,255,251,222,24,2,0,0,1,0,0,0,5,3,2,0,0,2,1,4,0,0,0,0,0,1,0,2,242,252,252,252,84,3,0,1,4,1,4,2,0,0,0,0,0,2,0,0,2,0,0,1,0,0,1,0,48,255,255,254,83,1,0,0,2,1,2,2,0,1,0,0,1,0,0,0,0,0,0,0,0,1,3,0,0,255,250,251,125,0,0,0,1,0,0,0,0,0,4,0,0,0,0,0,0,0,0,0,3,3,0,0,0,254,250,254,206,2,4,0,0,4,0,0,3,0,1,2,0,0,2,2,0,0,0,29,83,2,1,2,0,253,252,252,147,0,2,4,1,0,2,2,1,1,0,0,2,4,1,0,0,4,88,218,254,213,92,9,122,251,250,253,83,1,2,0,0,0,0,0,1,4,0,0,0,0,0,4,0,5,178,249,250,250,251,201,196,253,250,254,79,1,2,0,0,1,0,2,0,0,0,4,0,0,3,0,0,53,251,253,255,252,252,249,251,253,248,229,32,0,0,0,0,0,0,0,5,5,1,0,1,0,2,0,1,156,251,251,149,223,254,250,251,255,249,117,0,2,2,0,0,2,2,0,1,0,0,0,6,0,0,0,0,63,232,255,234,239,252,254,255,255,236,24,2,0,0,0,0,2,2,0,0,3,1,1,0,0,1,1,3,4,166,250,254,253,255,251,248,255,251,195,59,1,0,0,3,0,0,0,0,0,3,0,0,1,2,0,0,0,53,165,236,254,223,202,211,216,249,251,239,154,0,29,53,0,2,0,4,0,5,0,0,4,0,0,1,2,0,1,26,38,22,14,19,85,207,254,252,242,216,232,160,0,0,1,0,3,3,1,0,0,0,0,0,0,0,2,0,3,1,0,0,0,37,253,250,251,251,253,106,1,0,0,0,2,3,4,0,0,0,0,3,3,1,1,0,1,0,2,0,0,4,13,98,162,67,69,3,1,0,2,0,5,0,0,0,1,0,2,0,1,3,0,1,0,0,0,0,0,0,0,0,0,0,0,1,2,3,1,2,0,3,0,0,1,0,0,1,0,1,0,0,3,0,0,1,1,0,0,0,0,0,0,0,0,2,0,0,0,0,0,0,0,0,0,2,2,0,1,1,1,0,0,0,0,7,1,2,0,0,3,2,2,0,0,0,0,0,1,3,2,2,0,0,3,5,0,3,0,0,3,1,1,1,0,0,0,0,0,0,0,0,0,0,1
2,2,3,0,0,6,3,0,2,0,0,2,2,5,0,1,7,1,0,0,0,1,0,3,1,2,3,0,0,0,2,0,2,0,0,1,0,2,0,0,0,0,0,0,0,0,0,0,0,0,3,2,1,3,0,0,1,1,0,4,0,0,2,0,3,1,0,0,2,5,1,2,2,0,2,3,0,0,0,0,0,2,1,0,4,0,1,1,2,0,3,0,1,2,0,1,1,0,3,3,0,3,0,0,0,2,1,0,2,4,0,0,1,3,3,0,1,3,0,3,0,0,3,2,0,1,2,0,0,0,0,0,0,0,3,1,0,2,0,0,0,2,0,2,0,0,0,1,0,0,0,46,156,168,255,194,78,12,5,0,0,0,2,0,0,0,0,0,2,2,0,2,0,0,0,0,0,5,158,245,253,255,253,248,255,195,93,0,0,0,0,0,0,0,0,0,0,0,3,1,0,0,0,1,0,42,253,253,255,255,255,255,251,252,209,11,1,1,1,3,0,0,0,0,0,0,0,0,0,0,0,4,1,33,238,255,255,254,163,86,38,139,248,176,0,0,0,0,0,0,0,0,0,0,2,0,0,1,0,0,1,0,153,255,255,255,62,0,2,12,185,229,63,3,0,0,5,0,0,0,2,0,2,0,0,0,3,0,0,5,124,253,222,60,9,3,0,0,44,242,232,0,1,0,0,0,1,1,5,1,0,0,0,1,0,0,2,52,254,255,32,4,4,0,1,2,0,143,236,3,3,2,0,0,0,1,0,0,1,4,2,1,1,0,0,101,255,202,3,1,0,0,0,1,0,137,249,76,4,3,0,0,0,2,0,1,3,0,1,0,0,0,41,194,255,89,0,0,0,1,0,0,0,56,251,155,0,1,0,2,0,6,2,0,1,0,0,0,2,3,75,255,243,19,1,1,0,1,3,0,0,44,255,164,0,2,0,0,1,1,0,0,0,0,0,0,4,5,138,255,234,3,1,0,0,0,0,1,0,49,255,168,0,0,0,0,1,0,1,1,1,0,0,0,0,1,170,255,138,2,4,0,3,0,0,0,4,52,255,210,4,5,0,1,0,0,2,0,2,0,0,2,0,10,205,255,41,2,0,0,2,5,1,0,0,85,255,250,7,0,4,1,0,3,1,1,0,5,0,5,0,102,254,205,1,0,1,0,0,0,0,2,0,169,251,104,1,0,2,1,1,0,2,1,2,0,2,1,0,102,253,209,0,0,0,0,2,0,0,1,46,244,235,4,0,1,1,0,0,0,1,0,2,0,0,0,0,61,214,245,39,3,0,0,0,0,0,47,192,255,115,2,2,0,4,0,1,3,0,2,3,0,2,4,0,4,142,254,142,0,5,2,0,0,122,213,255,188,13,2,0,0,0,1,2,0,0,6,0,0,1,0,0,6,61,251,246,152,97,60,52,171,251,254,190,11,0,4,2,0,2,0,3,2,0,0,0,4,0,1,1,0,0,100,246,250,255,255,254,254,223,90,12,0,3,0,0,0,0,0,3,0,0,1,0,0,0,0,0,0,0,0,63,159,219,253,255,137,29,2,2,0,5,0,0,1,3,0,0,0,1,0,0,2,0,3,0,0,1,2,1,1,0,3,0,0,0,0,0,0,1,0,0,2,0,1,1,0,3,0,0,0,0,0,0,0,0,2,5,2,0,0,0,0,2,0,2,0,0,0,2,2,0,2,0,0,2,0,0,0,1,0,0,3,0,2,0,1,0,0,0,1,2,0,1,0,1,1,0,0,4,0,1,0
0,1,0,0,1,0,0,0,0,4,0,0,0,0,0,1,0,0,3,0,1,0,0,3,0,4,0,0,0,1,0,0,0,0,1,0,0,0,0,1,0,5,4,0,1,0,0,2,0,3,0,0,1,0,0,2,1,3,3,1,2,0,3,0,1,2,3,0,0,1,0,2,0,0,1,2,0,4,3,1,0,0,0,0,1,0,0,3,2,0,3,0,0,1,0,2,2,0,0,1,1,2,2,2,6,0,0,2,0,1,0,0,2,0,0,3,0,0,0,0,0,2,6,0,2,0,0,1,0,5,0,0,4,0,0,2,0,1,2,0,5,0,1,0,7,2,0,0,0,0,0,0,0,0,0,78,195,108,5,0,1,4,0,1,0,0,0,0,3,3,0,0,1,2,4,0,2,0,0,2,0,0,0,129,250,254,7,1,2,0,1,2,0,0,0,0,0,0,4,0,3,0,0,20,85,3,0,1,0,0,1,132,255,254,59,4,0,3,0,3,0,0,2,0,3,3,2,0,0,2,1,90,255,108,2,0,1,0,0,127,252,251,120,0,2,0,0,0,0,4,0,5,0,0,0,1,1,2,2,45,254,245,0,0,0,4,4,127,253,251,205,0,3,2,0,0,1,0,0,0,1,0,1,0,0,3,0,42,251,247,1,2,0,0,0,80,254,255,229,1,4,1,0,0,0,1,0,1,1,1,0,0,5,5,5,44,255,253,100,0,2,2,0,20,254,251,228,0,1,1,2,1,0,0,0,2,0,1,0,0,0,1,0,44,255,253,151,85,91,89,58,18,252,255,248,60,1,3,5,5,6,0,3,0,2,1,0,0,0,0,3,97,251,255,253,250,255,255,250,237,249,255,255,80,2,3,3,0,3,0,0,0,0,6,0,0,0,2,7,219,255,255,253,254,252,255,255,255,255,255,255,85,5,1,0,0,0,0,0,1,0,0,0,3,0,4,0,175,255,255,191,163,156,58,53,109,184,253,254,165,0,4,0,0,0,0,0,4,3,0,0,0,0,0,2,29,128,124,7,5,0,1,0,0,59,254,252,185,2,2,2,2,0,0,0,2,0,0,3,3,1,6,1,0,0,0,0,3,0,0,0,0,60,253,255,78,0,1,2,1,0,0,2,1,3,3,0,0,2,0,2,1,0,2,0,0,2,1,2,0,60,252,253,85,0,1,0,2,1,3,0,0,1,3,4,1,0,0,1,3,0,3,5,1,3,0,0,0,56,253,252,140,0,0,2,1,0,0,3,3,1,0,1,0,3,0,0,4,0,0,0,0,5,7,0,0,1,211,254,193,0,2,0,2,3,0,1,3,0,0,1,0,0,3,1,0,0,3,0,1,3,1,0,0,0,208,254,247,35,0,0,0,0,0,0,0,4,0,0,4,3,2,1,0,3,1,0,0,0,3,1,3,1,100,253,253,42,0,3,0,1,2,0,0,0,0,0,0,1,1,1,2,1,0,1,4,3,0,2,2,0,67,253,255,74,0,0,0,0,0,2,0,0,0,2,2,0,0,0,0,0,3,3,1,0,0,5,0,0,2,152,250,150,2,0,0,1,1,0,3,2,3,1,3,0,2,0,0,0,4,2,2,2,0,0,0,0,0,4,0,0,2,0,3,3,0,2,0,0,0,0,0,0,1,0,0,2,0,0,0,0,1,0,0,0,2,0,0,0,0,0,2,0,1,1,0,0,0,0,0,1,1,0,1,0,0,2,0,0,0,4,0,0,0,0,4,0,0,1,0,0,2,0,0
0,1,0,1,0,0,0,0,0,0,0,0,0,0,2,4,5,0,0,0,4,1,2,0,0,0,0,0,2,0,0,0,3,0,0,2,0,0,0,0,0,3,2,2,0,0,0,0,0,0,2,0,3,0,2,0,1,2,1,0,0,1,1,0,0,5,4,0,0,0,2,4,1,0,1,0,3,0,0,3,2,0,0,4,0,0,5,0,1,0,4,0,1,0,0,0,0,1,0,0,0,0,0,1,0,5,0,0,0,0,0,2,1,1,6,1,3,0,0,3,0,0,0,2,3,1,45,141,255,184,11,0,3,0,0,3,0,0,5,0,0,2,0,0,4,0,0,2,4,2,0,3,1,127,229,255,253,255,64,0,2,2,0,2,0,0,0,0,2,0,0,0,0,0,1,1,3,0,0,66,165,214,253,252,252,254,224,167,82,3,0,2,1,0,3,0,0,0,0,0,2,1,0,2,0,0,66,249,250,252,254,253,184,255,252,255,183,77,1,0,1,0,1,0,4,4,0,2,1,0,0,0,0,72,243,250,251,252,255,70,21,176,246,255,251,241,53,5,0,0,1,0,2,0,2,1,0,0,0,3,74,229,255,252,245,226,68,9,0,0,117,254,252,254,79,0,1,0,0,0,2,0,0,0,0,1,0,3,225,254,254,251,130,0,0,1,2,3,37,213,249,253,232,57,0,0,0,1,3,0,0,0,0,0,8,162,248,253,253,117,6,1,0,0,0,0,0,38,247,255,249,101,2,2,2,4,1,0,0,0,0,6,126,250,254,249,127,7,1,0,1,4,1,0,0,5,161,252,254,103,0,0,0,1,0,0,0,0,0,31,218,251,250,222,0,0,0,0,3,0,0,4,3,0,133,254,254,192,0,0,1,0,0,0,0,0,3,210,255,250,222,43,0,4,3,0,0,3,0,0,1,0,133,255,252,251,0,1,1,0,0,0,0,0,84,246,255,253,55,0,3,1,0,1,0,0,1,0,0,0,132,255,253,252,1,2,2,0,0,1,0,0,115,252,253,247,28,1,2,0,0,0,0,0,0,0,3,3,133,254,251,255,4,1,0,0,2,2,3,0,252,253,254,131,0,3,0,0,0,3,2,0,0,0,0,87,194,252,254,184,0,0,0,0,0,0,0,3,254,253,240,17,2,0,2,0,1,2,1,0,2,74,120,250,255,255,240,70,3,0,0,1,3,3,0,0,147,251,246,108,16,0,0,3,4,15,28,156,181,255,250,252,252,251,190,0,2,2,0,0,1,0,0,0,108,249,249,253,220,134,131,134,133,206,255,254,253,255,253,255,255,124,28,0,1,0,0,3,0,4,0,3,5,213,249,253,252,250,255,254,254,253,250,246,254,254,255,242,84,0,2,2,2,0,0,2,0,0,0,0,0,48,159,255,253,254,253,252,255,254,235,211,203,128,164,53,0,0,0,1,0,0,0,0,2,0,0,1,0,0,8,104,233,251,254,160,225,106,67,0,0,0,0,2,0,0,0,0,0,0,0,0,2,0,0,0,3,0,0,0,0,3,0,0,2,1,0,1,0,0,0,0,0,0,1,0,0,1,3,0,0,0,0,0,1,0,0,0,0,0,1,1,3,3,0,0,0,0,0,3,4,0,0,0,0,4,0,9,0,0,1,0,0,0,1,0,0,1,0,5,0,0,1,3,1,0,1,0,2,0,3,1,0,0,0,2,1,0,0,2,0,2,0,0,0,0,0,0,0,0,0,0,0,0,0,0,2,4,1,1,0,0,0,0
0,0,0,1,0,1,3,4,2,5,1,0,0,3,1,0,2,0,0,0,2,0,0,0,0,0,1,0,0,0,4,0,2,3,0,0,2,0,0,1,0,0,0,2,0,1,0,0,2,0,0,3,0,0,4,0,0,0,0,2,0,1,1,3,0,2,0,0,1,1,0,0,0,6,0,0,0,3,0,1,4,0,0,1,0,1,1,0,0,3,1,0,1,0,0,0,0,0,0,2,3,0,2,1,0,0,1,0,0,0,0,1,0,2,0,0,3,0,0,1,2,1,1,0,3,0,4,0,0,0,1,3,1,1,1,3,0,0,0,0,2,0,0,0,5,0,1,0,5,136,146,0,0,1,4,0,1,0,1,0,0,0,0,1,0,0,0,0,0,3,3,1,0,0,0,1,91,251,247,49,0,5,2,1,70,66,66,63,2,0,0,0,2,2,5,6,0,0,0,3,2,4,0,27,221,255,251,67,0,53,134,222,252,252,252,249,220,153,7,2,1,0,5,0,0,0,0,0,0,1,0,136,251,254,254,99,27,240,250,252,255,252,177,189,255,255,160,0,0,0,0,0,0,0,0,0,0,1,17,210,253,185,116,82,18,197,223,182,28,21,0,5,50,182,255,200,6,0,0,2,0,1,1,1,0,3,147,253,246,77,0,0,0,0,3,0,0,1,0,1,0,12,131,253,88,0,0,0,0,3,1,1,0,33,237,250,138,3,0,4,1,1,0,0,1,0,5,0,0,0,43,250,173,0,0,2,1,0,2,0,0,131,255,253,54,2,3,0,1,0,4,1,0,1,0,0,0,0,0,250,254,2,0,1,0,0,3,2,0,173,255,166,0,0,0,0,0,0,0,0,0,1,0,0,3,0,0,245,255,0,2,0,0,0,0,3,2,253,255,126,1,0,0,5,2,0,0,0,2,0,0,0,2,0,74,252,209,0,2,3,4,0,1,0,0,255,254,87,0,0,0,0,0,3,0,0,0,1,3,3,0,50,194,243,43,0,0,0,2,0,1,0,0,255,253,88,3,0,0,0,0,0,1,0,0,0,4,1,11,182,252,163,4,0,0,0,0,0,2,0,0,255,253,116,0,1,0,0,5,0,0,0,0,0,1,7,199,252,229,43,1,2,3,2,2,2,2,1,0,165,254,194,5,5,0,0,0,1,1,0,2,2,94,218,254,227,84,0,2,0,5,0,2,0,1,0,0,69,237,254,144,58,0,0,7,2,0,0,82,169,251,254,225,80,1,3,2,1,3,0,0,0,0,3,0,0,143,255,255,221,133,101,36,107,153,234,254,252,241,170,45,0,0,0,0,0,0,0,1,2,0,1,0,1,0,151,255,253,255,254,255,249,254,255,251,172,45,0,0,4,2,0,1,0,3,2,3,1,0,1,0,0,0,0,58,110,107,107,107,108,110,106,8,3,2,1,0,6,0,1,1,0,0,2,0,0,2,0,1,2,2,0,0,0,0,0,1,1,1,0,0,1,1,0,0,0,0,0,4,0,1,0,0,0,0,1,0,2,0,1,3,0,4,0,0,0,2,4,1,0,0,0,1,0,3,0,0,0,3,4,1,3,0,1,2,2,1,0,4,0,0,1,1,2,0,0,1,1,1,0,0,0,0,0,4,0,0,3,1,3,0,5,0,0,0,4,3,3,0,2,0,0,0,0,0,2,2,0,0,0,1,2,2,2,2,0,1,0,1,1,1,0,0,0,4,0,0,0,1,0,0,4,2,0,0,0,0,0,0,0,0,0,3,2
0,0,1,0,0,0,0,0,1,1,1,0,0,3,4,4,0,0,0,1,0,0,0,0,1,0,7,0,2,0,1,0,3,0,0,1,0,2,0,0,0,3,0,3,0,0,0,1,1,1,0,0,0,0,2,2,2,1,0,0,0,2,3,0,0,0,3,0,0,0,0,1,0,0,0,2,0,2,4,0,0,0,2,0,0,0,1,0,2,0,0,0,3,0,0,5,0,1,0,1,0,0,0,0,0,1,0,0,3,0,0,1,2,0,1,0,0,0,1,3,0,3,0,0,3,16,96,167,195,163,92,43,3,2,0,0,0,0,3,2,0,1,1,4,0,0,1,1,1,0,0,36,209,242,254,253,255,254,252,248,135,2,0,0,3,0,1,0,2,0,0,0,2,2,0,2,0,22,173,187,255,251,192,182,113,166,188,234,253,58,0,5,0,3,0,2,0,0,5,0,0,0,0,1,0,127,255,253,196,54,5,0,2,0,0,199,251,61,1,0,0,0,1,1,0,2,1,0,0,0,0,0,0,75,255,147,21,2,0,0,2,2,9,218,253,62,2,3,0,2,0,0,0,0,1,4,0,0,4,2,0,7,164,9,0,0,1,1,0,10,163,255,243,23,0,3,2,0,3,2,6,0,0,0,0,2,3,0,2,2,0,2,1,0,0,3,10,169,255,253,111,4,2,0,0,4,1,0,0,0,0,3,0,0,0,0,1,2,1,0,0,0,0,57,207,248,254,168,9,0,3,0,1,0,1,0,0,1,6,3,0,0,0,3,0,5,3,0,0,41,163,246,252,255,200,12,3,3,0,1,0,0,1,2,0,1,0,2,1,0,0,0,2,1,0,21,163,248,254,253,249,134,6,2,0,0,0,0,2,0,0,0,0,6,0,0,1,0,1,0,0,13,107,232,255,255,252,211,52,5,2,0,3,2,1,1,2,2,1,1,2,0,1,0,0,4,2,3,139,220,252,253,251,209,64,11,1,0,0,0,0,5,0,4,0,0,1,1,0,2,0,0,1,0,13,136,248,251,250,232,101,1,4,0,1,0,0,0,0,0,4,0,0,2,0,0,0,0,0,0,0,0,185,255,255,208,70,0,0,0,0,1,2,0,1,1,0,0,3,0,0,1,2,2,0,0,0,0,0,0,253,250,231,12,0,3,0,2,1,0,2,9,15,52,105,103,160,165,191,132,0,0,0,0,0,0,2,0,155,255,254,210,182,183,183,168,173,184,189,216,200,200,255,255,254,254,240,244,0,3,1,0,0,0,0,0,23,246,255,254,254,254,255,251,253,255,255,253,250,246,177,160,127,72,25,1,3,0,0,0,3,0,2,5,1,47,164,249,169,163,164,165,166,166,164,150,17,0,0,0,0,1,0,0,0,2,1,0,2,0,0,0,6,0,0,0,0,0,0,0,0,0,0,1,1,0,0,0,0,0,1,0,0,1,2,1,0,5,1,1,1,0,0,0,0,0,0,0,0,4,0,0,1,1,0,0,0,0,0,1,3,1,0,0,1,2,0,0,0,5,1,1,0,1,1,3,0,0,0,1,0,3,0,6,3,0,0,1,0,0,0,0,0,0,0,0,1,0,4,2,0,0,1,0,0,1,2,2,0,0,3,0,1,0,1,2,4,0,1,0,0,0,1,0,0,0,3,2,2,1,0,0,2,0,1,0,0,0,1,0,0,0,2,1,1,4,0,1,0,2,0,0,0,0,1,0,0,3,0,0,2,0,2,0,0,5,0,2,2,1,0,0,0,0
2,0,1,0,1,3,0,6,1,1,0,0,3,0,0,1,0,0,2,0,0,0,2,0,0,0,0,1,1,1,0,3,0,0,0,0,2,0,1,0,0,0,0,2,1,0,2,1,0,1,1,1,6,0,0,1,2,3,2,1,2,0,0,3,0,0,4,0,1,0,0,1,0,0,0,0,0,4,5,0,4,3,4,1,0,1,1,0,0,0,3,1,0,0,1,0,2,0,0,0,3,0,0,1,0,4,0,2,1,1,2,0,1,0,2,3,1,2,0,0,0,1,1,0,3,2,3,0,0,1,2,0,2,0,0,0,0,2,0,0,1,1,3,3,0,0,4,0,0,0,0,74,151,152,232,254,250,194,112,1,3,6,3,0,0,3,0,0,1,0,0,0,0,0,1,0,1,3,81,252,254,254,254,251,253,250,249,143,180,166,0,0,0,1,0,0,0,3,0,1,3,0,0,3,0,0,103,255,253,100,23,1,1,32,231,252,253,80,2,0,0,1,0,0,0,0,2,0,0,0,0,0,0,0,19,215,252,37,1,0,0,95,252,251,86,2,0,0,0,0,0,0,0,0,2,0,0,0,0,0,1,0,0,51,253,231,30,0,77,253,255,122,0,1,0,0,0,1,1,0,0,1,0,0,0,5,0,0,0,0,1,33,232,250,172,81,244,253,127,0,0,5,0,2,3,1,0,4,1,0,0,2,0,2,0,3,0,0,2,3,82,253,253,255,254,122,0,0,1,2,1,0,0,0,1,0,0,0,0,2,0,0,1,2,0,1,0,0,0,211,254,255,172,3,1,3,0,0,0,1,0,2,6,4,0,0,0,0,2,1,0,2,0,0,2,2,41,251,254,253,73,0,0,1,0,0,0,0,3,2,0,0,3,0,0,0,0,1,1,0,2,0,0,44,245,255,212,250,191,0,2,2,0,0,3,0,0,0,0,2,0,0,0,0,0,0,0,0,4,2,24,220,255,87,0,191,254,120,0,0,0,3,1,1,0,1,0,0,0,0,4,0,5,0,2,1,4,19,205,253,172,3,0,108,252,201,0,1,0,0,0,2,1,2,0,4,1,0,3,0,1,0,0,0,3,173,251,224,18,3,0,0,206,236,32,0,0,0,0,0,0,2,2,2,1,0,3,2,2,0,6,1,2,253,250,80,1,0,3,0,205,252,46,0,2,1,0,0,1,3,0,0,0,0,0,0,0,0,0,2,162,254,92,2,1,1,4,1,101,253,152,0,1,2,0,0,0,1,0,0,3,1,0,0,5,0,1,42,240,173,13,1,1,0,2,1,100,251,67,0,3,0,0,4,0,0,2,0,0,4,1,0,3,0,4,52,253,100,0,0,5,0,0,51,229,223,18,0,0,0,0,0,0,3,1,1,0,1,2,0,0,0,0,53,250,204,20,1,1,21,140,236,255,123,1,2,2,0,0,0,0,1,0,0,2,2,0,0,1,0,1,0,184,255,252,213,255,254,253,223,79,1,3,0,2,1,0,0,2,2,3,1,5,0,0,1,0,0,0,0,20,150,192,255,249,237,111,20,2,4,2,0,1,0,0,2,0,0,1,0,3,2,0,0,3,0,4,0,1,4,0,0,0,0,0,2,0,0,0,0,0,4,0,0,0,2,2,3,0,0,0,1,0,0,1,0,1,2,0,0,1,3,0,3,0,3,3,0,2,0,1,0,3,3,1,0,0,1,0,2,0,0,0,0,0,0,0,0,0,0,0,0,1,0,0,0,0,0,0,0,3,0,3,0
0,4,0,0,0,1,3,0,0,4,2,0,4,0,0,4,0,1,0,4,0,3,1,1,1,3,3,3,4,0,2,1,0,1,0,0,0,0,0,0,0,0,0,2,0,0,0,4,0,0,1,3,2,3,0,3,1,0,0,3,2,0,0,0,2,0,0,0,1,0,0,0,5,0,3,0,1,0,2,3,0,1,0,1,1,0,7,0,1,0,0,3,2,0,3,0,4,1,0,1,1,3,0,0,0,0,0,0,4,3,0,0,0,0,1,0,2,3,2,1,2,0,0,0,0,4,0,1,0,2,0,0,0,2,0,0,0,0,0,0,4,2,0,0,0,1,0,3,0,2,2,2,3,0,0,197,191,0,2,0,0,2,0,3,1,0,0,0,0,0,0,0,1,0,2,0,0,0,0,0,0,1,35,239,218,2,0,1,0,0,0,0,0,1,0,0,0,0,0,1,0,0,2,1,0,0,0,4,0,0,75,255,223,0,1,3,0,3,0,0,0,0,0,0,1,0,0,0,0,0,0,6,0,0,3,1,0,14,227,254,146,0,0,2,0,0,1,1,4,0,2,1,5,0,0,3,1,1,0,1,1,0,0,0,0,120,254,255,65,0,0,4,1,1,1,1,0,0,1,1,0,0,0,3,3,1,0,2,2,1,2,2,101,255,255,250,39,1,1,0,0,0,0,0,0,2,2,1,3,0,0,2,0,0,0,0,0,3,1,42,252,251,224,254,45,2,0,0,0,0,3,2,1,0,1,0,1,0,3,0,2,3,0,1,0,1,42,252,254,39,234,255,45,0,4,0,2,1,0,0,0,0,2,0,2,0,0,0,1,0,1,5,5,44,224,250,43,0,236,209,1,0,0,1,6,1,0,0,0,0,0,0,3,0,0,0,0,0,0,0,30,223,242,86,0,83,255,116,0,2,0,0,3,0,73,76,1,0,1,0,4,0,0,0,0,0,4,0,122,253,124,4,1,201,249,27,0,0,0,0,85,124,191,97,0,0,0,1,1,4,2,0,0,0,3,2,131,254,229,198,192,255,243,116,110,174,198,198,240,218,100,15,1,3,2,0,4,1,0,0,0,2,0,3,13,88,161,226,253,255,250,250,251,210,224,160,4,4,0,1,0,6,0,0,0,0,0,0,4,0,2,4,3,0,3,8,254,174,8,2,0,3,2,0,1,0,0,2,0,1,1,2,4,0,0,0,0,0,4,6,0,1,0,119,253,67,0,3,0,0,1,1,0,0,3,1,3,0,2,1,0,0,0,0,4,0,0,2,0,0,2,189,253,7,0,4,0,0,0,4,1,2,1,1,0,0,0,5,1,0,0,3,0,3,0,4,0,0,13,225,178,0,1,1,1,1,2,4,2,0,2,0,1,0,0,3,0,0,0,0,3,0,0,0,0,0,25,254,98,0,1,0,2,0,0,0,3,0,0,0,0,1,1,4,1,0,1,0,0,4,0,0,4,2,22,251,49,1,1,0,1,0,1,0,0,0,0,0,0,1,1,1,1,2,1,0,0,3,0,3,0,0,46,193,0,0,0,0,0,2,0,0,0,0,0,1,4,0,3,2,0,2,0,0,2,3,0,4,5,1,0,1,0,0,1,0,2,0,0,0,2,0,0,0,0,0,2,0,1,1,2,0,0,4,2,0,0,1,0,0,0,1,3,0,0,0,2,0,0,0,0,0,1,0,1,1,0,0,0,0,0,1,0,4,0,3,0,3,0,1,1,0,0,0,3,0,2,0,0,3,1,0,0,2
1,0,0,0,0,1,1,0,0,0,0,2,0,0,0,0,0,4,0,2,0,1,0,4,1,1,0,1,0,0,0,0,0,0,0,2,2,0,0,2,1,0,0,0,0,0,0,0,1,2,0,0,0,0,2,2,0,0,2,0,1,0,1,0,0,0,2,0,0,0,0,1,0,0,1,2,0,0,0,0,0,0,0,0,0,4,2,2,3,2,0,0,2,0,2,1,0,1,0,1,0,0,3,0,0,0,0,0,0,1,0,0,0,1,0,0,0,1,3,0,2,3,0,0,1,0,0,0,0,0,5,3,0,0,0,0,3,0,0,3,0,0,1,0,1,0,1,0,0,1,2,3,0,1,3,0,0,1,0,0,1,1,0,4,0,0,1,0,0,1,0,1,0,0,9,194,254,255,252,255,229,130,43,6,0,0,1,4,1,0,0,2,2,0,0,1,0,0,0,0,4,4,10,250,250,253,252,255,255,254,254,224,38,2,0,0,0,4,3,1,0,0,0,3,2,0,0,0,0,0,4,132,243,255,254,247,251,254,252,252,252,57,1,0,2,2,0,0,0,2,0,0,0,0,4,0,0,0,1,2,64,106,185,246,251,246,254,252,254,170,4,2,0,0,0,2,0,3,3,0,0,2,1,0,3,1,0,4,3,0,1,148,222,221,230,251,253,218,30,0,1,3,0,5,1,2,0,0,1,3,0,0,3,0,0,0,0,0,0,0,0,0,59,255,255,252,44,0,1,2,0,1,1,0,0,2,2,3,0,0,0,0,2,0,0,0,2,0,0,0,62,251,253,254,45,0,1,0,0,0,0,0,0,0,0,0,0,3,2,4,2,3,0,0,2,4,0,1,61,254,254,254,44,1,2,2,0,0,2,0,3,0,0,4,0,0,0,0,1,0,0,0,5,0,0,0,63,253,255,254,69,0,3,0,0,2,0,3,0,0,1,0,0,0,1,1,0,43,187,187,190,189,183,183,202,255,254,254,228,186,189,189,43,4,0,0,0,0,3,5,2,3,2,3,2,49,255,252,252,254,255,250,255,251,255,254,254,251,250,250,141,0,0,0,0,0,2,1,0,0,0,1,0,6,173,250,254,252,254,249,255,253,251,255,255,253,255,220,42,7,0,2,0,0,2,0,3,0,0,0,0,0,31,47,181,252,214,255,252,251,252,146,46,46,48,28,0,0,1,3,3,1,0,3,3,0,2,0,1,2,0,2,105,87,23,93,255,253,254,51,1,0,0,2,0,0,0,0,4,2,0,0,1,2,0,0,0,0,0,3,3,0,1,162,251,248,253,50,0,1,0,0,0,5,0,0,4,1,1,1,0,3,3,0,0,0,0,1,1,0,0,183,252,253,251,47,3,4,2,1,0,2,0,0,0,0,1,0,0,0,1,1,5,0,0,2,3,0,45,244,253,254,250,49,1,2,0,0,4,0,0,1,0,0,3,2,2,0,1,0,0,4,2,0,2,3,25,222,255,251,255,49,0,1,0,0,0,0,0,0,0,0,4,0,1,1,0,0,0,1,0,1,0,2,2,180,250,255,124,1,0,0,2,0,0,0,1,0,1,0,0,0,2,3,0,0,0,1,4,0,0,2,2,118,161,35,2,0,2,5,0,0,0,0,0,1,0,0,2,5,0,0,3,0,0,2,0,0,3,0,0,2,1,1,0,0,0,0,2,1,0,0,2,0,0,0,0,1,3,0,1,1,4,1,1,0,4,1,0,4,0,2,2,0,0,1,0,3,0,0,3,0,0,2
0,0,0,0,0,1,0,3,1,0,0,4,0,0,0,0,0,0,0,3,0,0,0,0,4,0,0,3,3,2,0,0,0,5,0,0,0,3,0,0,0,3,4,4,0,0,0,1,0,1,1,1,0,0,0,0,2,0,0,1,0,1,4,1,3,0,0,0,0,0,1,1,1,2,0,2,0,0,1,3,1,0,0,1,0,2,0,0,0,3,0,3,0,1,0,0,0,0,0,0,0,1,5,0,1,1,0,1,6,2,0,0,2,3,0,0,4,4,0,0,2,0,0,0,1,190,209,0,1,4,0,0,0,0,0,0,3,0,3,1,0,0,3,0,2,2,0,0,2,0,0,1,0,192,255,31,2,0,0,0,0,1,0,1,0,0,2,1,0,0,0,4,0,1,2,0,0,1,0,0,0,187,254,113,0,3,0,5,0,0,0,4,1,0,0,1,2,0,0,0,0,0,3,0,0,0,2,3,1,183,255,121,3,4,1,1,4,5,0,0,2,0,0,0,0,0,3,2,2,0,0,0,0,1,7,1,0,189,253,149,3,0,0,0,0,0,0,1,0,3,0,3,1,0,1,0,0,0,0,0,0,0,0,0,0,185,252,109,2,3,0,0,0,0,1,4,0,1,3,3,1,0,0,4,1,1,1,0,1,2,0,0,0,193,248,108,1,0,0,0,3,0,1,0,0,1,0,0,0,2,1,2,1,3,0,0,0,0,0,0,49,251,254,179,1,1,0,1,0,2,0,0,0,0,0,0,0,2,0,0,0,0,6,1,0,1,0,0,11,204,250,220,0,2,3,0,2,6,0,1,0,0,0,1,2,11,0,0,5,1,0,4,0,1,3,0,0,188,253,222,0,0,0,0,0,0,0,0,0,0,0,1,0,0,0,1,2,3,3,4,1,0,2,0,4,197,255,228,3,1,0,0,1,0,1,0,1,1,0,0,0,0,0,0,0,0,0,0,0,1,0,3,42,254,253,219,3,0,1,0,1,1,0,0,0,2,0,0,1,0,0,2,3,2,0,0,0,0,0,0,48,248,254,177,0,0,1,1,0,0,0,0,0,1,0,6,0,1,0,2,4,0,0,0,0,1,0,0,43,253,252,114,0,2,1,1,0,0,1,0,0,0,1,0,1,0,2,2,0,2,2,0,0,1,2,3,45,255,252,185,1,1,0,0,2,0,3,2,0,0,4,0,0,2,0,0,1,3,0,0,1,3,0,0,10,203,252,251,60,0,2,2,1,1,0,0,0,0,3,0,0,0,4,0,3,1,0,0,4,0,0,0,0,82,253,252,178,0,0,0,3,2,0,2,1,1,0,3,0,0,1,3,0,3,2,2,3,0,0,0,1,3,218,251,186,0,0,3,1,0,3,4,0,0,0,0,0,0,0,1,0,0,0,2,6,0,4,0,0,0,223,255,184,0,0,0,2,2,0,0,0,3,3,1,0,3,0,1,0,3,0,2,3,5,3,5,0,0,75,240,109,1,0,0,0,0,2,0,1,0,0,0,1,0,0,6,0,1,5,0,0,0,0,1,0,0,1,0,0,2,0,2,0,1,1,0,0,1,0,0,0,0,0,2,0,0,1,2,4,0,0,1,1,1,0,2,0,0,0,1,0,0,2,0,0,0,2,0,2,4,2,3,0,0,2,0,1,0,0,0,0,3,0,3,1,0,3,0,0,0,1,0,1,0,5,0,1,0,0,0,2,1,3,0,4,0,0,0,0,2,0,0,1,2,0,0,0,3,0,1,0,0,0,1
0,0,0,0,1,4,0,4,2,0,0,3,0,1,0,0,4,0,3,1,1,1,0,0,0,0,0,1,1,1,6,0,1,5,0,5,0,0,1,0,2,0,2,0,0,1,0,1,0,0,3,0,3,1,0,2,0,3,0,0,0,0,0,0,1,0,0,0,0,0,2,0,0,0,0,2,0,0,2,0,0,0,0,1,0,0,0,2,2,0,0,0,0,1,3,2,2,0,0,0,1,0,0,0,2,0,0,1,0,0,0,0,0,0,1,0,0,0,4,0,0,0,1,0,0,0,1,1,0,0,1,1,0,1,1,0,0,1,4,3,0,1,0,0,1,0,1,0,2,0,0,1,1,5,1,5,0,0,0,4,0,0,1,0,0,1,1,1,1,0,0,0,0,0,0,0,8,46,120,81,116,148,112,36,1,0,0,5,0,0,3,0,0,0,1,1,0,0,1,1,1,4,1,114,210,252,252,182,193,159,176,247,114,0,1,3,5,0,0,0,2,0,6,1,0,0,0,0,0,23,204,255,168,36,0,0,0,0,1,89,185,134,4,0,0,2,0,0,0,0,0,0,2,6,0,0,2,155,246,153,6,0,0,3,0,2,6,0,0,187,166,10,0,0,0,0,3,0,0,0,3,0,2,0,0,235,133,0,2,0,3,0,2,0,7,5,0,17,224,54,0,2,0,0,0,0,0,2,1,0,0,2,0,249,114,0,0,0,0,3,0,0,0,5,0,5,139,136,0,2,0,2,0,2,1,0,1,0,0,0,1,116,54,0,2,0,2,0,2,0,0,0,1,2,138,140,0,0,1,0,0,4,0,0,1,1,0,0,0,0,2,0,0,0,3,0,2,0,1,0,0,0,142,132,3,1,1,2,0,0,0,2,0,3,0,0,0,0,5,0,2,0,0,0,0,18,12,20,4,11,216,99,0,3,0,0,0,4,0,4,0,1,0,2,0,3,2,2,0,0,2,0,38,197,214,237,204,164,185,13,0,0,0,1,4,6,0,0,0,0,0,0,2,0,3,0,1,2,30,203,255,125,140,217,254,255,141,0,0,0,0,0,1,0,1,0,4,0,1,0,1,1,3,0,3,0,151,248,168,0,0,131,236,208,244,141,3,0,0,1,1,0,1,0,3,0,0,0,0,0,0,1,1,35,245,231,0,8,93,219,53,4,82,208,177,22,0,0,3,1,0,0,0,0,0,0,0,2,0,0,0,18,235,235,57,168,203,33,3,0,0,100,192,175,74,3,2,0,1,0,1,0,0,0,1,1,0,0,0,3,82,255,251,123,10,0,4,5,3,3,1,63,165,80,0,0,1,0,1,1,0,0,0,0,2,0,0,2,3,22,25,0,2,0,0,0,3,2,0,1,31,144,130,0,1,1,2,0,0,0,0,0,1,3,0,0,0,0,1,2,0,0,0,0,4,4,0,1,0,0,0,0,0,0,0,2,0,0,3,0,0,0,0,0,1,3,0,3,0,2,2,0,5,0,0,2,1,0,0,0,2,0,0,1,0,0,1,0,0,0,0,0,0,3,0,0,1,1,0,1,2,0,0,0,1,0,0,0,0,1,0,0,0,2,0,0,0,0,0,0,1,0,2,0,1,0,2,0,0,2,0,5,0,0,4,1,2,2,2,2,1,0,0,0,0,2,0,0,3,0,2,3,0,0,0,0,2,0,0,0,0,0,1,1,2,0,0,0,0,1,0,4,2,0,0,0,0,0,2,0,2,0,0,0,0,3,1,2,3,1,1,0,0,0
0,0,0,0,1,5,3,0,0,1,0,2,0,0,0,0,1,3,0,0,0,3,0,0,0,0,0,3,4,0,0,2,2,1,1,2,2,0,0,1,0,0,0,0,0,2,0,1,0,0,0,0,0,2,0,0,0,0,1,3,3,1,2,0,2,2,1,0,0,0,0,0,0,1,0,5,0,1,0,0,0,1,0,1,0,0,2,0,1,0,1,1,4,1,5,0,0,3,5,1,0,4,2,0,4,1,1,0,4,6,2,0,0,0,2,0,5,2,0,0,0,0,0,1,4,1,0,0,0,2,2,0,0,0,0,3,0,0,3,0,1,0,0,0,0,0,0,1,1,32,0,0,0,0,2,170,221,45,0,2,0,6,0,1,0,1,0,4,0,1,0,0,0,0,3,2,39,250,199,18,3,2,0,173,253,148,2,3,4,2,0,6,0,0,0,0,0,0,1,4,0,1,0,0,117,255,253,112,1,4,2,170,253,208,0,2,0,1,0,0,0,0,3,0,1,0,0,2,0,0,0,1,114,254,251,113,0,0,0,205,253,230,0,2,0,3,1,3,0,3,0,5,1,0,1,1,0,0,1,2,86,250,252,92,0,0,4,214,255,229,0,2,0,1,0,4,0,2,3,2,0,2,0,0,1,0,0,0,111,251,255,96,0,0,0,170,254,228,0,0,0,2,1,0,0,0,0,0,1,4,1,0,3,0,0,0,118,253,255,40,0,0,0,217,251,212,0,0,3,1,1,0,0,0,0,0,0,0,0,0,0,0,0,2,112,254,249,54,0,1,72,253,250,145,0,1,57,7,2,0,0,0,2,0,0,0,0,0,0,4,0,1,64,252,254,245,160,154,188,253,255,245,234,237,250,29,0,0,4,0,0,0,4,0,0,0,2,3,0,1,23,236,252,251,255,252,255,255,253,255,248,213,86,1,0,0,0,1,1,0,2,0,2,0,0,1,0,4,1,13,123,165,241,247,250,255,255,150,69,2,0,0,1,0,0,0,0,0,0,1,0,0,1,0,0,1,0,0,1,4,1,3,247,253,233,0,1,0,1,0,0,1,4,2,1,0,0,0,0,0,2,1,0,0,0,0,1,0,1,54,251,252,152,0,2,0,0,2,0,1,0,0,1,4,3,5,0,0,2,2,0,1,3,1,0,0,4,109,251,253,144,3,4,0,0,0,0,0,0,1,1,1,1,0,0,0,0,0,0,0,0,1,0,0,55,231,252,251,35,0,0,2,1,0,6,0,0,2,1,2,3,3,4,2,0,1,0,0,1,0,0,0,135,255,250,243,0,0,0,1,0,4,3,0,4,2,2,0,0,5,2,4,0,2,0,1,0,1,0,0,190,251,254,193,18,2,4,0,1,1,0,0,0,3,0,6,0,0,1,0,3,1,0,2,0,0,2,14,233,255,251,253,126,2,0,3,0,0,0,0,2,1,0,0,2,0,0,0,0,0,0,2,6,1,1,21,215,254,250,173,32,0,0,0,1,4,0,0,0,2,0,0,0,0,5,0,2,0,0,0,0,2,0,4,76,195,168,2,0,0,1,0,0,0,3,0,3,0,0,2,2,0,0,1,1,3,0,0,0,2,0,0,1,0,0,0,1,0,1,0,0,0,0,0,0,0,0,0,1,1,1,1,0,0,0,0,0,5,0,2,1,0,2,0,0,2,1,0,0,0,4,2,0,0,0,2,0,2,0,0,0,1,2,0,0,1,0,0,0,0,2,0,0,0,0,2,2,0,1,2,0,0,0,0
0,0,0,2,3,1,7,2,0,0,4,0,0,0,0,2,0,2,0,4,1,0,0,0,0,3,0,0,0,2,1,1,0,0,2,0,0,0,0,2,1,0,2,1,0,0,1,1,0,2,0,0,1,0,4,1,0,0,0,0,2,2,2,0,0,0,0,9,4,0,1,0,1,0,0,0,0,0,0,2,0,0,3,0,4,0,0,0,0,0,0,0,0,0,1,0,0,0,0,1,0,2,0,0,1,3,1,1,3,0,0,1,1,3,3,2,0,2,1,0,0,0,1,0,0,0,0,0,2,0,2,0,0,3,0,4,1,0,0,0,1,0,0,0,0,0,0,4,45,249,253,249,252,251,252,251,254,242,113,11,5,0,0,0,1,2,0,1,0,3,0,1,0,0,0,27,214,251,255,254,250,250,251,231,228,242,254,247,176,104,0,0,2,0,0,0,1,5,0,0,2,2,1,164,255,242,215,128,205,253,182,2,2,52,95,175,243,227,156,22,0,0,1,4,3,0,0,0,0,0,13,255,242,109,2,3,67,243,143,0,0,3,0,0,59,193,251,133,5,6,2,0,0,2,2,0,1,0,96,251,215,1,0,2,0,215,143,2,0,0,0,1,1,19,190,249,109,1,0,1,3,1,0,3,0,2,167,252,123,0,3,1,2,159,46,2,3,0,2,0,0,1,20,228,229,12,0,0,4,0,2,0,2,0,255,252,190,0,2,0,2,2,0,2,0,4,0,0,0,0,0,178,250,110,0,4,2,1,3,5,3,0,255,254,112,0,0,0,0,1,1,0,0,0,0,0,1,0,0,97,249,175,0,2,0,2,2,0,0,0,255,252,93,4,0,0,0,1,1,0,0,0,0,0,0,0,0,94,252,252,0,1,0,1,1,2,0,0,254,250,99,3,2,0,0,5,0,0,0,4,0,2,2,0,3,100,254,248,0,0,0,0,0,1,2,0,252,252,94,0,0,0,0,0,1,0,0,2,0,5,0,0,1,103,252,130,0,5,0,0,2,3,2,0,253,253,98,0,0,0,1,0,0,1,0,4,0,2,0,1,0,219,254,119,0,0,4,2,0,2,0,1,231,251,169,0,1,0,0,3,1,0,0,2,5,0,0,0,55,236,235,11,0,0,2,0,0,3,0,1,113,250,219,16,4,0,0,2,3,0,0,0,0,0,0,18,178,249,118,0,0,3,0,0,0,0,0,0,7,169,254,169,0,0,0,0,0,1,1,0,0,3,4,106,252,152,8,0,2,2,2,0,3,0,0,1,0,112,249,239,90,0,0,0,0,3,2,2,1,51,158,234,231,25,2,2,0,4,0,1,0,0,3,0,0,5,134,253,239,85,1,0,0,3,0,47,102,237,248,193,33,1,0,2,2,1,0,0,0,0,0,0,0,2,6,134,252,246,213,172,93,96,220,237,251,255,154,24,0,0,0,0,0,2,0,0,0,0,2,0,0,0,0,2,110,230,254,251,252,253,251,255,167,25,2,2,1,0,0,1,0,1,0,0,4,0,0,0,0,0,0,3,1,47,134,129,127,130,134,67,8,0,0,2,5,0,0,2,1,1,0,4,0,2,1,2,0,2,0,1,0,1,1,0,1,0,5,0,2,5,2,4,2,3,3,0,0,1,3,2,3,0,4,0,0,1,0,0,2,0,2,0,0,2,0,0,1,0,0,3,0,0,2,3,0,3,1,0,0,0,3,0,1,0,0,0,0,0,5,1,0,3,0,0,1,0,1,2,2,3,3,2,1,0
1,0,0,0,1,0,4,2,1,0,0,0,0,0,0,0,0,2,0,0,0,0,0,0,2,0,1,0,2,2,0,1,1,0,4,0,0,0,3,0,4,0,0,1,0,2,0,0,2,1,1,3,5,0,0,0,4,4,5,1,0,0,0,0,0,0,0,6,1,0,1,0,4,0,0,0,1,1,0,1,0,3,0,1,2,0,0,0,4,0,1,0,0,6,0,19,153,255,195,61,0,2,1,0,1,0,0,2,3,1,0,0,0,2,1,0,0,2,0,0,0,0,9,188,255,252,251,233,113,0,0,3,0,0,0,2,0,0,5,0,2,5,1,2,1,3,3,0,2,1,118,255,253,180,255,255,238,56,0,1,0,2,0,5,3,3,2,4,0,0,1,0,0,0,2,0,3,0,139,254,130,2,102,252,254,240,0,4,0,0,2,0,0,1,0,1,0,0,0,2,0,5,1,0,0,2,123,199,28,0,2,171,254,251,0,1,1,1,2,3,2,0,0,0,0,0,2,3,0,2,0,1,4,0,0,0,0,1,0,96,253,253,0,0,0,0,0,2,0,0,0,3,0,1,0,0,0,0,0,0,0,1,0,3,4,0,0,56,250,252,2,1,0,0,0,7,0,0,3,0,0,0,0,0,1,0,0,0,1,3,0,0,0,2,0,107,252,254,0,0,0,0,3,0,5,2,1,1,0,0,0,0,1,0,0,2,0,0,0,0,0,3,1,173,254,195,0,2,0,0,0,0,2,0,0,3,0,0,1,0,2,0,2,1,0,0,0,0,6,5,17,228,255,65,0,4,0,1,0,3,0,0,2,3,0,1,0,8,0,0,0,0,1,0,5,0,0,0,207,252,186,6,0,0,0,0,0,0,0,0,3,0,4,0,0,2,0,5,4,0,3,0,0,5,0,149,251,255,118,0,0,0,0,3,1,0,4,0,1,2,0,0,3,0,0,1,3,0,0,3,4,6,102,253,249,75,0,0,4,3,1,2,0,3,0,0,0,0,0,0,2,0,0,0,0,0,1,0,0,132,252,247,125,4,0,0,0,1,2,0,4,0,0,0,2,0,0,2,0,4,2,0,0,0,0,0,145,236,253,173,0,0,1,0,2,2,4,0,5,0,0,1,0,3,0,2,0,2,1,0,0,2,4,50,255,250,177,5,0,0,0,4,0,0,0,53,124,228,53,0,0,0,1,5,4,3,0,1,0,9,155,252,253,123,0,0,0,18,30,78,145,168,253,240,164,40,1,0,0,0,5,3,0,2,0,0,0,129,255,253,231,56,96,171,168,225,251,251,247,196,158,46,0,5,0,1,1,0,3,1,5,0,3,0,0,169,255,255,253,253,253,252,253,199,166,68,50,0,0,2,0,3,0,0,0,0,2,3,3,0,0,0,0,43,176,203,139,113,76,29,32,6,0,1,2,0,3,5,0,0,0,6,0,0,2,0,1,1,3,0,2,0,2,1,1,1,0,3,0,0,2,1,1,0,0,0,0,3,1,0,1,0,2,0,0,1,1,0,0,0,0,3,0,0,0,1,3,2,0,0,0,0,0,0,1,2,0,0,1,0,0,0,1,0,1,0,0,0,2,0,0,0,0,1,0,0,0,0,0,2,0,0,0,0,0,0,0,4,3,0,1,0,0,2,1,0,4,1,0,0,2,0,0,0,0,4,1,0,2,1,2,0,1,0,0,1,0,0,1,3,2,2,0,0,0,0,1,0,0,0,0,0,0,0,0,2,0,0,4,3,0,0,2,0
0,1,0,0,0,0,0,1,0,2,2,3,0,1,3,2,0,3,3,0,2,0,0,4,1,3,4,0,0,0,1,1,0,0,0,1,0,0,0,0,0,0,0,4,0,2,0,4,0,3,0,2,2,0,0,0,0,0,1,2,2,1,0,1,1,0,0,0,0,0,0,0,0,0,2,0,4,0,0,2,0,0,0,0,1,1,0,3,0,0,0,0,1,0,1,0,4,0,2,1,2,0,2,2,2,0,0,3,0,2,1,0,2,1,0,1,1,4,0,0,1,1,1,2,2,0,0,0,0,0,0,0,0,2,0,0,1,0,0,0,0,3,0,1,0,2,3,0,0,0,4,1,2,0,0,0,5,0,0,1,0,1,2,0,0,3,0,0,3,2,2,1,0,0,0,0,2,2,2,0,3,31,89,151,191,255,70,2,3,0,5,0,0,0,0,0,1,3,0,2,1,2,5,0,0,4,0,26,99,229,255,254,254,252,72,0,0,1,5,1,1,0,1,0,1,2,1,3,3,0,0,13,227,247,246,247,250,245,218,117,162,254,129,0,0,0,0,0,0,1,0,1,0,4,0,2,2,0,4,21,205,250,253,198,124,54,0,0,165,255,141,2,0,0,0,2,2,2,0,0,0,0,0,0,3,0,0,0,12,23,21,5,0,0,0,4,197,251,64,1,0,2,3,0,0,1,2,3,0,2,1,2,0,0,4,1,0,1,1,4,0,0,3,43,254,191,1,0,2,1,0,0,1,0,0,0,2,0,2,0,7,1,0,2,0,2,0,0,2,2,0,179,251,122,0,1,5,1,0,0,1,0,0,0,0,0,0,0,3,0,3,0,2,0,0,0,0,0,0,246,255,95,0,0,0,0,3,2,0,0,2,1,0,0,2,1,1,0,0,1,1,3,1,3,4,6,43,250,255,65,8,3,0,0,0,0,6,0,2,0,0,2,1,0,0,1,0,3,2,38,148,158,201,255,253,254,249,253,235,144,0,0,1,1,0,2,3,0,1,1,1,2,0,0,0,2,21,235,254,255,253,251,249,254,255,187,35,1,3,1,0,0,0,0,0,0,4,4,0,0,2,2,0,6,14,138,213,214,212,220,253,251,67,4,2,0,0,0,1,1,2,0,2,0,0,2,0,1,0,1,2,0,2,0,2,0,0,55,252,221,13,0,1,2,0,0,3,1,0,1,0,5,0,5,0,2,1,2,2,0,0,2,0,0,2,65,255,213,0,3,0,0,0,0,0,1,0,0,0,1,0,0,0,0,0,0,0,1,1,0,0,4,0,156,253,136,0,0,0,3,5,1,1,0,2,0,0,0,0,2,0,0,0,1,2,2,1,0,0,0,4,153,252,109,0,2,2,1,0,0,0,1,0,0,6,0,0,0,0,0,0,0,0,0,2,0,5,0,6,221,254,36,0,1,0,1,0,0,1,0,1,0,0,3,0,0,0,0,0,1,0,0,0,0,0,4,53,252,255,6,0,0,0,1,1,0,3,0,0,0,0,0,0,1,0,1,0,0,0,0,0,0,1,0,109,253,252,2,0,0,2,0,3,1,0,2,0,0,3,0,2,1,0,0,3,0,0,1,0,1,2,3,65,253,127,0,0,2,0,1,0,1,0,0,2,1,3,0,0,0,2,1,0,1,2,0,2,1,0,0,2,2,1,0,1,0,1,0,0,3,0,4,1,0,1,3,0,2,0,0,2,0,0,2,0,0,0,0,1,0,2,0,1,3,1,0,0,2,0,1,0,0,0,0
2,0,1,1,2,0,0,2,0,2,0,1,0,0,0,0,0,1,0,0,2,0,0,0,0,0,0,0,3,1,0,0,0,0,1,0,1,0,0,0,0,3,4,2,0,0,0,0,0,0,3,2,0,0,0,2,0,0,0,1,0,0,0,0,0,0,6,0,0,0,0,4,0,4,2,4,2,0,2,0,0,4,0,1,0,0,2,0,0,0,0,0,0,3,0,3,1,5,0,0,0,0,3,0,0,1,1,3,3,0,3,1,0,1,0,0,0,0,2,1,3,0,0,0,0,3,0,2,1,5,1,1,3,1,0,4,0,0,0,1,0,2,0,2,0,3,0,3,0,0,2,0,0,0,0,0,0,0,0,7,156,196,0,0,3,0,0,0,0,0,3,0,0,2,0,0,2,0,1,0,0,0,1,2,0,0,75,195,253,212,0,0,0,3,2,2,0,1,0,0,1,0,0,0,104,210,136,0,2,0,1,2,0,0,155,249,254,89,2,0,0,0,0,1,0,2,0,0,5,1,1,93,252,252,164,1,1,0,3,0,0,12,245,251,247,27,2,0,0,0,0,0,0,0,0,0,0,0,0,104,254,252,178,5,1,0,2,4,0,172,250,252,253,18,0,0,0,1,0,2,1,5,1,0,0,5,3,102,247,252,219,11,4,0,4,0,54,243,255,253,146,5,0,0,0,0,2,0,1,5,0,2,4,0,0,99,251,254,167,4,0,1,2,3,174,255,251,202,3,1,0,0,0,0,0,0,2,0,1,1,0,0,0,99,251,254,254,19,0,0,2,53,249,254,255,198,0,0,0,4,4,1,0,0,0,1,0,0,3,0,0,28,241,253,250,185,0,0,33,224,255,250,249,89,0,0,3,4,0,2,0,0,1,0,0,1,2,0,0,0,243,251,250,247,202,30,109,255,252,252,132,0,0,0,2,0,4,1,1,0,0,0,6,3,0,0,1,4,65,243,254,251,251,254,253,255,249,240,55,0,0,0,0,0,3,0,1,0,0,0,3,0,0,3,0,3,0,135,247,251,251,247,251,249,252,125,1,4,0,0,3,0,2,2,1,0,0,0,0,6,0,0,0,2,4,10,83,202,253,251,255,254,254,39,0,1,0,0,0,2,5,0,1,0,0,0,2,0,0,1,0,2,2,4,0,5,13,197,253,251,178,0,1,0,3,0,3,0,1,0,0,0,1,1,0,0,5,3,1,0,0,0,0,0,65,247,253,252,77,0,1,0,0,2,4,0,0,0,1,0,3,0,0,2,1,0,0,2,0,0,3,2,186,254,255,244,53,3,0,6,0,2,0,0,1,0,0,0,0,0,0,2,0,0,2,0,0,1,0,12,250,250,250,224,12,8,0,0,2,0,0,0,1,1,0,2,0,0,0,0,1,0,0,0,0,0,1,13,251,247,247,254,254,199,2,2,0,0,0,6,0,1,0,2,0,0,0,0,0,0,0,0,2,1,0,11,248,255,250,253,251,115,5,1,0,0,0,1,1,0,0,2,3,0,0,2,2,0,0,0,1,1,0,6,207,223,145,42,68,7,4,0,2,2,0,0,0,1,1,0,1,1,0,4,0,1,0,0,0,2,0,0,0,4,0,2,1,0,0,0,2,3,2,0,1,1,2,0,3,0,0,0,4,0,2,0,0,0,0,1,0,0,2,0,0,4,0,0,0,0,0,0,0,0,1,0,0,2,1,0,4,0,2,0,3,0,0,0,0,0,0,2,2,3,1,1,0,0,0,5,2,1,3,0
2,0,1,0,0,0,3,0,2,0,0,0,0,0,0,1,3,0,2,0,1,0,2,2,0,0,0,2,0,2,1,1,2,2,0,5,2,1,0,0,4,0,2,0,0,0,0,0,0,1,0,0,1,2,0,2,1,0,4,0,0,0,2,1,0,0,0,4,1,0,2,0,3,1,2,2,1,0,1,0,1,1,2,0,0,0,0,3,0,3,0,1,0,1,4,1,4,0,0,3,1,0,0,1,0,1,0,0,1,0,3,0,0,0,1,2,4,3,40,160,242,253,255,253,249,221,87,1,0,3,0,3,1,1,0,2,0,3,1,0,0,2,1,1,1,17,218,202,85,69,75,121,159,247,255,181,3,0,1,1,0,0,1,6,0,0,1,2,0,0,0,0,0,157,129,14,0,0,0,4,0,25,224,253,56,2,1,2,1,0,2,0,3,3,0,3,0,1,4,0,1,16,0,0,5,1,0,0,0,1,190,255,59,0,0,0,0,0,3,2,0,1,2,0,4,3,2,3,2,0,0,0,2,0,1,0,2,23,251,230,13,4,0,0,0,0,0,0,0,1,3,0,0,1,2,0,0,0,0,1,0,0,4,0,0,151,255,118,3,0,3,0,0,0,0,1,0,0,0,2,0,0,0,0,1,0,1,0,0,0,1,1,82,254,218,10,0,0,0,1,1,1,0,2,3,0,0,0,0,2,0,0,2,0,1,1,0,0,2,67,255,202,12,0,1,1,0,0,0,1,0,0,0,0,0,1,0,1,4,0,0,0,0,1,0,1,0,83,255,151,1,0,0,0,5,0,3,0,1,0,0,2,0,3,0,6,1,3,0,0,1,0,2,4,0,0,168,255,149,1,0,1,2,0,6,4,0,0,0,0,0,4,2,0,0,0,0,0,3,0,0,0,2,4,0,142,255,186,80,2,0,0,2,0,0,0,0,0,0,1,2,0,0,0,1,0,0,1,1,0,0,2,0,0,57,219,244,140,27,0,2,1,1,1,0,0,1,0,0,0,1,0,1,0,0,1,0,2,2,0,0,2,0,8,172,254,241,70,1,1,0,0,0,2,0,0,4,0,4,0,5,4,1,0,1,0,0,0,0,0,0,1,7,135,251,221,33,1,3,0,1,0,5,0,0,0,0,4,1,0,0,1,1,5,1,3,0,1,2,1,2,0,108,255,188,0,1,0,0,0,1,0,0,3,0,0,0,0,1,1,2,0,0,4,0,1,2,0,0,1,84,255,188,0,0,1,0,0,1,2,0,2,1,4,0,1,2,0,0,0,1,0,0,2,3,5,67,183,250,254,151,0,0,0,3,0,0,3,2,0,4,0,2,0,0,11,34,0,0,0,0,44,127,229,252,251,237,96,0,4,0,0,0,0,2,0,2,0,1,2,4,0,0,172,200,156,152,178,236,250,255,252,197,115,28,2,0,0,1,0,0,3,0,0,0,0,5,1,1,0,0,128,251,252,255,255,199,177,113,82,3,0,2,4,0,3,0,0,0,2,0,0,3,0,1,0,0,1,0,0,0,0,1,1,0,0,2,1,3,1,1,0,0,0,2,2,0,3,2,0,0,0,3,0,1,0,1,5,0,0,4,2,3,1,0,2,0,0,0,0,2,0,3,2,0,0,2,2,2,0,2,1,2,0,0,0,1,0,1,0,4,0,0,1,0,0,0,0,0,3,0,2,5,0,2,0,0,0,3,3,0,2,3,0,0,2,0,1,1,4,0,4,1,3,1,1,1,0,3,0,3,0,0,0
3,0,0,7,2,0,0,0,2,0,0,1,6,4,2,0,0,2,0,0,1,0,2,3,0,1,2,0,0,0,0,4,2,0,0,0,0,2,0,0,1,0,1,0,0,0,0,0,2,2,0,0,0,0,1,0,4,0,1,0,0,2,0,0,1,2,0,2,1,0,0,3,0,0,5,0,0,1,0,1,1,0,0,0,3,3,0,0,1,3,0,0,0,3,2,0,0,0,2,0,0,0,0,0,0,6,0,1,4,1,0,4,2,1,0,0,4,0,5,0,0,2,0,31,142,252,228,107,31,0,0,0,3,0,0,0,0,2,1,0,3,0,0,0,0,0,2,0,4,0,59,228,253,201,226,255,228,0,2,1,0,0,2,0,2,0,0,0,2,1,2,0,1,3,0,0,0,30,223,254,83,1,0,174,255,84,0,0,1,0,2,0,2,0,2,1,0,0,1,0,1,0,1,0,0,170,222,27,1,0,0,0,192,169,4,0,0,0,0,2,0,0,2,3,0,1,2,0,0,4,2,2,0,140,231,57,3,0,2,0,224,170,0,0,0,4,3,1,0,0,4,0,0,0,1,2,0,1,0,0,5,0,0,4,0,3,0,28,254,172,0,0,2,0,0,1,0,0,0,0,0,1,0,0,3,0,3,0,2,1,2,2,0,1,0,112,255,116,1,0,0,0,1,0,0,0,2,0,1,5,0,0,0,0,0,3,0,2,0,0,2,1,3,197,255,25,1,0,0,0,0,0,0,0,4,0,2,3,4,3,2,0,0,0,0,2,0,30,88,84,195,254,116,2,1,3,1,4,4,3,1,2,0,0,3,2,2,1,1,3,0,0,2,4,114,255,253,255,255,251,228,141,28,1,0,0,0,0,3,2,0,6,0,2,0,1,0,1,1,0,0,0,170,255,255,252,168,85,140,255,224,58,0,0,2,2,0,0,0,0,2,0,3,0,4,0,2,0,0,0,110,170,171,52,0,1,2,54,226,228,27,2,0,1,0,1,0,4,1,1,0,0,0,4,0,2,0,1,0,0,0,0,3,0,0,0,57,254,88,0,0,0,0,0,0,0,2,3,2,1,0,0,2,0,0,0,0,3,0,0,2,0,0,0,0,227,166,0,0,0,0,0,0,1,0,0,0,2,5,0,0,1,0,0,1,0,0,0,0,1,4,0,31,254,169,4,3,0,3,0,2,0,0,3,1,2,0,3,0,1,0,0,2,3,0,0,3,0,0,0,195,255,87,2,1,0,2,0,0,0,0,1,0,0,0,1,0,0,3,59,56,0,3,1,0,0,0,196,255,170,0,0,0,1,0,0,3,0,1,0,0,0,0,3,0,2,0,176,255,170,30,1,2,58,225,255,166,28,0,0,1,0,0,0,1,0,3,0,4,2,2,1,3,2,3,3,141,254,255,255,228,255,254,144,0,4,0,0,3,0,1,0,0,2,2,2,0,2,0,2,0,3,1,3,0,55,198,251,225,115,29,0,1,1,0,0,0,0,5,0,3,0,0,0,0,1,0,2,2,0,5,0,1,0,4,3,1,3,6,0,0,0,0,0,0,0,4,3,0,3,0,0,0,2,2,1,1,0,0,0,4,0,0,3,0,0,2,2,0,0,0,1,1,1,1,2,1,2,1,0,0,1,0,0,0,0,3,0,3,0,0,3,0,0,2,0,0,0,0,0,2,1,0,0,2,2,3,0,0,2,1,0,2,0,0,2,0,0,1,0,3,0,0,3,0,0,3,0,1,0,1,1,0,1
1,4,0,3,4,0,0,0,0,0,0,0,0,0,0,0,0,0,0,2,4,5,0,3,2,2,1,0,0,0,0,0,1,0,0,1,0,0,0,4,0,0,0,0,1,0,0,2,0,1,2,2,0,5,0,0,0,2,0,1,2,1,0,0,1,0,2,4,2,0,0,2,0,0,0,4,3,4,3,3,0,1,3,0,0,0,1,1,0,0,0,0,0,0,0,3,1,1,0,0,1,3,0,0,0,1,3,0,0,0,0,0,0,0,2,3,0,0,0,0,0,0,176,253,255,252,250,255,125,112,33,1,0,0,0,0,0,2,1,0,0,4,0,0,0,2,0,0,8,167,250,249,250,255,250,253,251,246,219,86,4,0,0,1,1,1,1,0,0,0,0,0,0,1,1,0,57,249,253,250,255,251,251,252,248,250,252,254,57,2,0,0,2,1,1,2,4,0,1,0,2,1,0,6,177,255,252,249,253,255,250,253,253,253,252,252,253,122,1,1,0,4,3,0,2,0,2,1,0,3,2,62,251,249,251,251,254,251,253,251,252,249,253,252,254,162,0,0,3,0,0,4,0,1,0,0,0,3,0,55,251,255,255,253,228,45,0,62,182,255,255,255,253,255,117,1,0,0,4,0,0,1,0,0,3,2,30,200,252,250,252,225,49,1,3,4,57,234,251,253,250,252,215,29,0,4,0,0,0,1,0,0,4,0,83,251,248,253,251,167,1,0,0,0,0,76,234,253,254,251,255,83,3,1,0,1,0,1,0,1,0,1,82,250,251,252,253,75,1,0,0,0,3,1,168,253,254,251,255,99,0,0,0,2,1,0,0,1,0,0,161,251,254,252,254,26,2,1,0,0,0,0,169,250,255,251,254,226,3,1,2,2,5,0,1,6,2,0,227,254,252,255,254,29,4,0,3,3,0,1,174,253,255,255,252,223,2,0,0,1,0,1,1,0,0,0,177,254,247,250,255,24,2,0,2,0,2,0,122,255,255,255,251,143,2,5,0,0,1,1,0,1,0,0,83,251,250,250,251,136,0,2,0,0,0,0,56,249,252,251,255,224,0,2,0,0,0,0,0,2,0,0,84,255,252,253,255,223,59,14,0,0,12,138,223,249,252,252,252,205,4,0,1,0,0,3,1,0,0,1,37,221,252,252,250,251,251,176,140,138,176,252,251,252,255,250,250,85,1,0,0,0,0,0,0,2,3,1,0,196,250,252,254,253,251,254,251,255,254,251,253,254,253,255,199,0,1,0,0,1,0,1,0,0,0,0,0,149,255,252,253,250,252,255,252,253,252,252,253,252,252,219,54,1,3,0,0,0,0,0,0,0,5,2,0,11,157,249,253,253,250,255,251,254,254,250,251,251,227,51,0,5,0,0,0,0,0,2,0,0,4,1,0,2,8,86,239,252,251,254,255,254,249,253,248,143,44,0,1,1,2,0,1,0,1,0,0,0,1,1,3,0,0,0,50,111,113,124,252,254,253,139,101,0,3,2,3,0,0,4,1,8,0,0,1,0,0,3,2,0,3,5,1,2,0,4,0,0,0,1,2,3,0,0,0,1,0,3,1,0,0,0,0,0,0,0,1,2,1,0,2,0,1,0,0,3,0,0,1,0,2,0,2,0,1,0,3,0,2,0,0,1,0,0,0,2,1,1,1,0,4,2,0,0,2,0,0,0,0,1,0,3,0,2,2,0,1,0,0,2,3,0,6,0,3,0,0,2,0,0,1,0,0,1,0,1,0,0,1,0,0,0,0,0
1,2,0,0,2,1,0,0,0,0,0,2,0,0,1,0,3,1,2,0,1,3,0,1,2,0,3,0,0,1,0,2,0,0,2,2,1,0,0,0,4,0,0,2,2,3,2,0,1,0,0,1,0,3,1,0,0,0,0,2,0,1,4,1,0,0,0,0,3,0,6,0,2,1,2,0,2,1,7,2,1,0,0,1,0,0,2,0,1,0,0,2,1,3,0,0,0,4,4,0,0,0,0,0,0,4,0,2,0,3,0,2,0,0,0,0,2,3,0,2,0,0,0,0,0,12,129,190,134,116,15,5,0,0,0,1,0,0,0,0,0,0,3,3,0,0,0,4,3,0,4,0,68,248,253,255,255,255,251,148,7,1,0,1,0,0,0,0,0,0,1,1,5,2,0,1,0,2,11,134,236,252,249,250,217,241,250,255,133,4,1,2,1,0,4,4,0,0,0,2,0,3,0,0,2,3,97,249,249,255,252,82,1,67,232,254,120,5,0,4,3,2,0,0,2,0,0,0,1,3,0,0,0,76,235,254,230,144,69,0,0,0,140,255,176,3,0,0,0,4,0,2,0,0,1,0,0,0,3,2,1,179,252,254,64,0,0,0,6,0,50,255,234,77,0,0,0,0,5,0,0,1,0,1,0,0,0,0,42,236,254,253,38,2,0,1,1,3,47,254,252,167,0,2,0,0,0,0,0,1,0,0,0,0,0,0,96,249,255,183,2,2,0,1,0,2,48,252,254,210,19,2,0,0,0,0,1,0,7,0,0,0,1,34,249,255,253,168,3,1,0,1,0,0,50,250,252,165,0,0,0,0,0,0,4,0,0,1,0,2,0,94,251,251,217,24,0,5,2,0,0,1,48,251,251,165,1,2,1,0,0,0,0,0,4,0,0,0,1,158,254,255,221,25,0,4,0,1,2,0,174,255,255,163,0,0,0,0,0,3,2,0,0,3,1,5,0,156,251,255,252,52,0,0,0,2,2,37,250,251,251,49,0,0,0,0,0,0,0,5,0,2,0,0,0,84,249,254,254,51,0,1,0,0,1,110,255,252,211,17,0,5,0,2,0,0,2,3,0,0,0,3,0,40,255,255,254,49,2,1,0,2,39,222,254,253,181,0,2,0,2,3,0,0,1,0,0,0,0,0,1,37,255,248,253,132,0,0,2,7,225,254,255,238,78,0,0,1,3,0,0,0,0,0,0,0,4,1,5,38,255,254,250,194,8,1,35,197,254,255,239,137,0,2,0,0,0,0,0,2,0,0,0,0,2,0,2,8,139,253,252,255,34,39,227,255,252,242,76,0,3,0,4,4,7,2,0,0,1,0,3,2,1,0,0,1,34,229,254,254,226,232,252,253,185,32,0,0,0,0,0,0,0,0,1,2,0,4,3,1,2,0,0,1,1,181,253,251,250,255,201,79,12,0,0,3,2,3,3,5,0,0,0,0,0,5,0,1,0,1,2,0,4,3,82,255,254,144,12,1,0,0,1,0,0,2,2,3,0,1,0,4,2,2,0,0,2,0,0,2,0,0,0,0,1,0,2,0,0,2,2,1,0,0,4,0,0,0,0,0,0,0,0,0,2,0,2,5,0,0,2,0,0,0,0,0,3,3,2,3,4,4,0,0,2,0,0,0,0,0,0,0,0,0,0,0,0,0,0,0,1,2,0,6,2,4,0,0,0,0,2,0,1,0,2,3,0,0,0,0,3,1,0,0,0,3,0,4,0,6,0,0,2,0,1,1,2,3,0,0,0,0,0,1
2,2,0,3,0,3,0,3,0,0,3,0,0,0,0,0,4,2,0,0,0,0,0,4,0,0,3,0,3,0,1,0,0,2,0,0,0,1,1,0,0,0,0,0,0,2,0,3,0,0,0,0,3,1,1,5,0,2,1,0,0,0,1,1,0,1,0,4,0,1,4,2,2,1,0,1,0,1,1,0,0,0,0,1,0,0,5,4,0,0,0,4,0,0,0,4,2,0,2,0,0,0,0,2,3,0,3,0,4,0,0,0,0,2,0,0,0,0,2,8,71,160,179,206,169,129,2,0,2,1,0,0,0,2,0,2,0,0,3,0,3,0,0,0,0,33,146,233,252,252,234,245,219,254,85,0,2,0,4,0,1,1,0,3,2,1,0,0,0,4,2,0,31,232,233,217,186,105,23,36,31,254,91,4,2,2,2,0,0,1,0,3,0,2,2,0,0,0,0,0,100,147,70,4,1,0,3,0,64,255,24,0,0,0,0,0,3,0,4,5,0,0,2,1,0,0,0,0,0,4,2,1,2,0,0,26,235,252,0,0,5,2,0,0,5,2,0,1,0,1,4,0,0,0,2,0,1,0,5,3,0,1,13,198,244,83,0,0,0,2,0,0,0,0,1,1,0,0,5,0,3,0,0,0,0,3,0,0,1,17,164,250,216,2,3,0,1,1,0,0,2,0,0,0,0,1,0,0,2,1,0,1,0,4,0,2,15,197,252,246,59,3,1,0,2,0,0,4,1,0,4,0,2,0,0,0,2,1,0,2,2,0,0,15,195,255,254,235,110,76,45,55,18,0,4,0,0,0,0,0,0,0,1,0,6,0,0,0,0,1,3,46,253,253,254,253,251,252,249,251,239,181,116,93,12,0,4,1,1,0,0,2,0,2,2,2,0,0,4,0,68,95,112,165,160,206,183,196,255,253,251,255,255,117,0,1,3,1,1,2,0,4,0,0,0,1,0,1,0,0,0,0,0,3,0,5,67,146,201,219,253,253,98,2,0,0,0,0,0,4,0,2,1,0,1,0,0,0,1,3,0,2,0,0,1,2,0,10,240,253,222,0,0,0,0,1,1,0,0,0,2,0,0,2,1,1,1,0,1,3,2,1,1,0,4,1,46,226,245,55,0,0,0,0,0,2,1,1,0,0,0,1,0,0,4,3,1,1,2,2,0,0,0,0,75,240,241,21,0,0,0,4,4,1,2,0,0,0,2,0,0,24,0,6,0,3,2,1,0,0,0,23,175,242,106,0,2,2,1,0,0,3,2,1,0,1,3,0,73,176,0,0,2,0,0,1,1,2,83,208,253,143,2,1,0,0,0,5,0,1,1,3,2,1,0,19,244,219,105,37,37,33,42,120,139,218,251,255,148,4,0,4,0,0,0,3,2,2,0,0,0,0,0,17,250,252,255,251,252,254,253,250,254,251,243,153,7,0,2,0,0,0,3,3,0,0,2,0,0,1,1,0,84,133,178,250,255,254,195,163,162,91,20,3,0,3,0,2,0,0,5,0,0,0,0,0,0,0,3,5,5,0,2,0,0,1,2,1,0,0,0,3,3,0,0,1,1,4,3,3,0,0,2,2,0,2,3,0,0,0,0,1,1,0,0,0,0,0,1,0,0,0,0,5,0,2,0,1,0,0,0,1,0,3,0,2,2,3,2,0,0,1,0,1,2,4,0,0,0,2,3,0,1,0,0,0,0,1,1,0,0,0,0,2,0,0,2,0,2,6,0,0,1,5,0,1,0,4,4,1,1,0,3,2
0,3,0,0,0,0,3,0,1,4,2,0,0,0,0,0,0,0,0,1,0,3,2,2,0,0,0,0,0,0,2,0,3,0,0,0,0,0,0,0,0,0,0,0,2,0,2,3,1,1,3,4,0,0,2,0,1,0,0,0,0,0,1,0,0,3,0,0,0,1,0,0,0,0,0,1,0,0,0,0,0,5,2,0,0,0,0,0,4,1,0,0,2,1,0,0,1,5,0,0,0,0,0,0,4,0,0,0,0,0,1,0,0,3,4,4,2,1,0,4,0,0,0,5,0,1,127,190,254,3,0,0,0,0,0,0,4,0,0,2,0,2,2,0,1,0,2,0,0,0,3,0,0,126,254,255,194,1,0,1,1,0,0,0,0,2,4,0,2,1,0,0,0,0,0,2,1,0,0,0,0,128,255,250,0,0,2,0,4,2,1,0,0,0,3,3,2,1,1,6,0,1,0,0,2,1,4,0,3,252,255,128,0,3,3,0,0,0,1,2,1,0,5,0,2,2,0,5,0,0,0,0,0,0,0,0,0,255,254,126,2,0,0,0,2,0,0,5,4,1,2,0,0,1,0,0,1,0,0,0,0,0,0,0,0,254,253,192,0,3,3,0,2,2,0,1,0,2,1,0,4,0,0,0,1,4,2,3,1,0,1,0,0,255,255,252,0,0,0,2,0,0,1,0,3,0,1,3,0,1,0,0,3,0,0,2,1,5,1,1,3,255,255,253,0,0,0,3,0,0,0,0,0,0,0,0,0,1,1,0,0,2,0,1,0,0,0,2,2,255,255,255,62,0,0,0,2,3,0,2,0,0,0,0,6,4,0,0,0,0,1,0,0,0,1,0,0,255,255,255,0,0,0,1,1,0,0,4,0,2,0,0,0,1,0,0,1,0,2,3,0,1,0,0,0,253,255,253,3,0,0,0,0,0,0,0,0,1,0,5,0,1,2,0,0,0,0,1,5,1,2,2,2,255,253,253,0,0,0,1,0,0,0,1,0,1,1,0,1,5,0,0,2,4,0,0,0,0,0,1,0,253,255,250,129,0,2,4,1,0,0,1,3,0,2,0,1,0,1,0,0,0,0,1,0,0,0,1,3,127,255,254,128,0,2,2,0,0,0,1,0,0,4,1,2,0,0,0,1,0,1,0,0,0,3,0,0,128,255,250,130,2,0,0,2,2,5,0,1,0,0,0,1,0,1,0,0,0,0,0,2,3,0,0,0,128,254,252,126,0,2,2,0,0,0,0,0,3,1,1,1,0,0,0,0,0,0,0,0,0,0,0,0,130,254,255,127,4,0,3,0,2,0,0,0,3,2,0,4,0,2,4,0,0,0,2,0,1,1,0,0,129,255,253,253,0,0,1,1,1,4,2,2,1,0,0,0,0,1,0,0,0,2,0,0,0,0,3,0,126,255,255,126,0,0,0,0,1,0,1,0,0,0,2,0,0,0,1,0,1,0,1,3,0,0,0,1,66,253,190,2,1,0,3,0,0,3,0,0,0,0,1,0,1,0,0,0,0,1,3,3,2,0,0,2,1,0,3,0,4,6,0,4,0,0,0,0,0,1,1,0,0,1,0,2,3,0,1,3,0,0,3,0,0,5,0,0,0,0,2,0,0,0,2,0,0,1,0,4,3,0,0,0,3,0,0,0,1,0,0,3,1,2,0,0,0,1,3,0,5,2,2,3,1,1,0,0,3,1,0,0,0,0,2,0,1,0,1,2,1,4,1,4,2,0,0,0,0,1,5,1,4,0,1
0,0,0,0,1,0,7,1,0,0,0,3,0,0,1,0,2,0,0,0,0,1,1,3,0,0,0,0,0,5,2,0,0,1,1,3,0,3,0,0,0,0,1,0,0,6,0,0,0,0,1,0,1,3,0,0,0,2,0,0,0,0,1,0,0,0,0,2,0,0,0,0,0,0,2,0,3,0,0,1,0,0,0,2,1,0,0,2,0,0,0,0,0,0,5,2,0,0,3,1,3,1,0,0,3,2,3,0,0,0,2,0,0,0,0,0,7,0,0,3,0,0,1,0,0,3,4,5,0,0,0,4,0,2,0,1,0,2,2,1,1,0,0,2,0,0,1,3,4,0,0,2,0,1,2,0,0,0,0,0,0,0,0,0,2,0,0,0,1,0,0,0,0,0,0,0,1,0,0,47,98,195,255,129,97,71,1,0,0,0,0,0,0,2,0,0,0,0,1,5,0,0,0,0,19,92,191,220,254,250,254,253,251,231,186,20,0,0,0,2,0,1,2,0,0,0,3,0,1,0,0,3,158,250,255,254,248,255,253,255,249,252,252,207,29,2,0,3,0,0,0,0,0,3,0,1,0,1,0,55,180,255,250,219,56,33,32,33,108,203,247,250,202,0,3,0,2,0,1,0,0,5,0,0,2,1,78,241,251,251,129,48,0,0,4,0,0,67,251,255,237,77,1,0,0,4,0,6,3,0,1,0,0,0,123,255,193,102,2,1,0,2,0,2,1,0,1,254,253,126,1,0,0,0,0,0,1,0,0,0,0,6,141,249,91,2,0,1,1,0,0,0,0,27,33,142,221,109,0,3,0,0,0,3,0,0,0,0,1,16,188,253,94,1,0,0,2,3,1,18,126,234,254,159,0,0,0,1,1,0,0,2,0,0,0,0,2,1,123,251,135,1,2,0,4,39,62,186,251,248,251,160,2,2,2,3,0,1,0,1,2,1,1,1,5,1,124,251,251,159,58,159,159,219,254,249,250,251,251,158,3,1,3,0,1,2,0,0,2,3,2,0,2,0,0,220,253,255,249,255,254,255,254,253,252,252,252,0,5,0,0,0,0,0,0,0,2,0,4,0,0,0,0,95,239,254,250,251,251,253,240,227,252,252,228,1,0,0,0,1,1,2,1,0,1,3,0,0,0,2,3,3,76,127,222,249,137,127,80,31,252,251,91,0,2,0,0,0,1,0,0,3,0,2,0,0,0,0,0,0,3,2,24,28,3,0,28,189,253,200,10,4,0,1,0,0,2,1,0,0,3,0,0,2,0,1,0,1,0,2,1,0,2,2,192,249,254,193,1,0,0,0,0,1,0,3,1,0,2,2,0,0,0,3,0,0,0,0,0,2,0,60,255,253,253,27,1,2,2,1,0,0,0,4,0,0,3,0,0,3,6,0,1,6,0,0,0,0,3,162,254,244,144,9,0,0,3,1,0,0,1,0,0,0,0,1,0,2,0,0,0,0,0,1,3,0,31,204,252,224,0,0,1,0,1,1,1,1,1,0,0,0,0,0,3,3,2,1,0,0,0,0,0,1,162,252,253,218,0,0,5,0,0,0,4,0,1,0,0,4,3,0,0,0,2,1,4,0,0,0,0,1,27,189,252,119,3,0,2,0,3,2,1,0,0,0,1,0,0,4,0,1,2,0,0,2,0,1,3,1,5,1,0,1,4,0,1,0,0,0,0,3,1,0,0,0,0,0,2,0,1,0,0,3,0,0,0,0,0,0,1,2,0,3,1,0,0,1,0,0,0,6,0,5
0,1,2,0,0,0,0,1,0,0,1,0,0,1,0,0,1,1,2,0,3,0,0,3,0,0,2,2,3,0,4,3,2,2,1,0,3,4,1,0,2,0,0,3,0,0,0,1,0,0,5,0,1,5,6,2,0,0,0,2,0,1,0,0,1,2,2,0,1,0,5,0,1,0,0,2,4,0,6,1,0,1,0,2,0,6,1,4,5,4,2,1,0,2,0,0,3,2,2,0,3,0,0,2,75,114,179,86,0,1,2,0,0,0,7,0,5,0,4,5,1,0,0,0,0,0,0,0,2,4,29,196,244,252,206,246,49,0,1,0,0,0,1,0,0,1,0,1,0,0,1,1,0,0,0,2,0,60,198,251,199,55,26,199,165,2,0,3,0,0,5,0,0,0,1,0,0,1,0,3,0,6,0,5,108,255,246,189,23,0,2,31,65,4,0,6,0,0,0,5,0,2,1,0,0,2,0,0,0,1,0,106,252,250,92,0,0,2,0,0,4,0,3,0,2,0,3,0,0,1,1,0,5,1,0,2,0,39,142,255,255,0,0,2,0,1,0,1,2,1,4,0,0,2,3,0,0,0,0,0,4,0,0,0,1,131,246,242,95,2,5,0,0,0,0,0,4,0,5,5,0,0,2,0,0,0,2,0,0,0,1,2,118,251,251,113,0,2,2,2,0,0,0,0,0,1,1,1,3,1,0,0,1,0,0,0,0,1,1,106,251,247,191,26,2,0,0,0,1,1,1,0,1,2,0,0,0,0,5,0,0,0,2,0,0,0,107,251,253,216,146,40,3,1,0,0,1,0,2,2,0,0,0,0,0,0,0,0,0,5,0,2,4,0,169,253,255,252,252,255,113,0,3,2,2,0,0,2,0,1,0,0,0,0,0,4,0,0,3,1,0,51,244,254,250,177,187,255,236,0,2,0,5,0,0,1,0,1,0,1,0,1,0,3,0,0,0,5,1,165,252,251,55,8,12,189,252,0,0,0,5,0,1,0,1,0,1,0,1,0,0,2,0,0,0,2,56,233,250,238,0,0,0,170,251,94,0,2,2,0,2,0,0,1,2,0,0,0,0,0,0,0,6,0,82,255,255,111,2,0,0,170,252,140,3,0,2,0,0,1,0,2,0,1,2,0,4,4,1,0,3,0,89,254,254,176,0,0,0,170,252,79,0,0,0,0,1,0,0,2,0,0,0,0,0,0,1,0,0,3,11,202,252,249,164,60,18,197,250,2,0,0,5,4,0,2,0,0,2,1,2,0,2,0,0,0,3,0,0,88,250,251,253,233,206,253,249,1,0,1,3,1,0,2,0,0,0,0,3,0,3,0,2,1,0,0,0,22,100,221,252,247,253,235,150,0,0,1,0,1,0,0,0,3,0,1,1,0,0,0,1,2,1,0,0,2,4,1,255,249,222,37,1,0,0,0,0,0,0,3,0,0,1,0,0,0,0,1,1,0,0,2,0,1,0,0,0,1,0,2,0,3,0,0,0,1,2,0,1,0,0,0,0,5,0,0,0,2,0,0,0,0,3,2,1,0,0,0,1,0,0,0,0,0,0,1,0,0,2,2,0,4,0,1,0,1,3,0,0,1,0,1,1,4,1,0,3,0,2,0,0,1,0,2,0,0,2,2,0,1,3,0,3,0,0,1,1,0,0,0,0,0,0,0,3,0,0,1,0,5,0,1,0,0,0,0,0,1,3,0,0,5,0,2,1,0,4,1,0,0,0,1,4,3,0,1,0,0,0,0,0,0,0,2
0,1,0,0,0,0,3,2,0,1,2,0,7,2,0,0,0,1,0,4,1,0,0,1,1,0,2,2,0,2,0,0,0,0,1,0,1,2,0,1,0,0,2,0,0,0,1,0,1,3,1,3,0,0,2,3,3,0,1,1,0,1,0,0,0,0,0,0,2,0,0,0,0,3,0,0,4,0,0,1,0,0,0,0,0,0,0,5,1,0,3,0,0,0,3,0,0,0,1,3,0,0,1,2,0,0,0,0,1,0,0,0,0,0,0,0,0,0,1,3,1,2,0,3,5,0,0,0,0,0,1,0,0,0,2,0,0,0,1,0,3,2,0,4,2,0,0,2,0,0,0,1,1,0,0,0,3,0,3,3,0,0,0,1,3,3,0,3,1,3,0,0,0,0,0,0,5,0,0,2,0,0,0,0,4,0,2,1,1,0,4,0,0,2,2,1,0,0,0,1,2,0,0,0,3,0,0,0,0,1,0,0,0,0,0,1,1,0,0,1,0,0,1,0,0,0,0,0,0,1,1,0,0,0,4,1,0,0,1,2,0,3,4,2,39,110,109,186,223,124,2,0,0,1,2,0,3,3,1,3,0,3,0,0,0,1,2,19,68,143,155,251,253,254,255,253,243,228,1,0,1,0,0,0,0,1,1,3,0,2,3,83,169,172,171,226,255,252,254,251,251,250,248,192,58,2,0,1,0,0,1,0,0,0,1,57,81,83,206,251,254,255,250,250,248,255,207,167,167,70,55,18,0,0,0,1,0,1,0,0,1,2,174,242,251,251,255,254,255,252,255,248,164,40,9,0,3,1,3,1,0,0,1,1,3,3,0,0,0,1,251,227,223,225,227,255,251,255,4,0,2,1,0,0,2,0,1,2,1,1,3,0,2,0,0,0,0,0,75,0,0,3,31,253,252,247,172,54,4,0,3,0,1,0,0,0,2,3,0,3,0,3,0,0,0,0,0,0,0,2,19,223,255,253,254,190,20,0,0,0,3,0,0,0,0,0,2,0,0,1,0,2,5,6,0,1,1,0,0,20,115,240,252,253,155,0,2,0,0,0,0,1,0,0,0,5,3,0,2,0,0,1,2,3,0,0,3,0,0,24,250,252,172,0,0,2,0,2,0,0,0,0,0,0,1,1,0,2,0,0,4,1,1,0,1,41,92,238,252,255,165,0,5,1,2,1,1,2,2,0,0,0,1,0,1,1,1,1,3,60,84,81,196,231,250,253,254,194,69,0,2,0,2,0,0,4,1,1,0,0,0,0,1,4,1,2,1,94,226,249,255,249,253,254,176,11,0,1,0,0,0,0,3,0,0,0,0,0,0,0,2,2,0,0,0,3,76,226,175,148,109,62,2,3,3,1,0,0,2,0,2,0,0,0,0,0,0,0,3,0,0,5,0,3,1,6,0,0,0,0,0,0,2,1,0,0,0,0,2,0,0,0,0,2,0,2,4,1,2,0,0,0,0,0,0,0,0,1,0,1,2,0,0,0,0,0,1,0,0,2,0,1,0,0,0,0,0,1,0,0,0,0,0,0,0,3,0,0,3,0,0,1,2,0,1,1,0,0,1,0,0,2,0,0,0,0,2,5,1,3,2,4,0,0,2,2,2,3,0,0,0,0,0,0,2,4,4,0,1,0,1,1,0,0,1,1,0,0,0,2,0,2,0,0,2,0,0,0,0,0,1,2,0,0,0,0,2,0,0,0,1,1,2,0,0,0,0,0,2,3,2,0,0,4,1,0,3,0,3,0,0,2,0,0
0,0,0,3,1,2,1,0,2,2,4,0,0,0,0,0,2,3,0,1,0,2,5,2,0,0,0,2,0,0,0,0,0,1,0,0,0,0,2,3,2,0,3,0,0,0,0,0,2,2,5,1,1,0,0,0,0,2,1,0,0,2,0,2,0,0,0,0,0,1,1,0,0,0,0,1,0,3,1,0,3,1,0,0,0,0,0,2,1,2,0,0,0,2,4,1,0,0,0,0,1,3,4,0,3,1,0,0,0,0,1,0,3,0,0,2,0,3,9,126,152,179,255,254,255,255,255,240,116,6,0,0,0,0,4,0,0,0,2,0,1,0,0,0,4,3,155,254,255,250,253,190,163,221,255,254,254,187,29,1,2,2,0,0,0,2,3,2,0,1,0,0,1,149,248,138,59,10,10,1,0,8,12,29,193,250,215,30,2,0,3,0,1,3,0,0,0,0,4,3,0,162,227,23,2,0,1,0,0,0,1,0,0,208,255,216,27,2,0,0,2,0,0,0,1,0,3,0,1,42,68,5,0,0,0,0,0,0,1,1,0,28,214,253,184,4,1,4,1,0,0,0,1,0,0,2,0,0,0,3,3,5,0,0,0,3,1,0,0,0,87,245,255,73,3,2,1,0,2,0,0,3,0,0,2,2,2,0,0,0,0,0,0,5,0,0,0,0,1,182,249,233,0,0,5,0,0,3,1,4,0,3,0,2,1,5,0,2,0,0,1,0,1,0,1,0,0,124,255,252,62,1,0,1,0,0,1,0,0,1,0,0,3,0,0,3,0,6,7,5,3,7,1,0,1,34,252,250,92,0,0,0,0,2,0,0,0,2,0,4,1,2,0,14,104,155,235,253,252,255,182,159,80,21,238,249,92,1,0,3,5,1,0,3,6,3,2,0,1,4,56,216,253,255,252,251,253,251,250,250,251,205,240,244,18,0,0,0,1,3,3,0,2,0,0,0,0,15,240,244,160,111,110,46,48,23,106,126,241,251,254,240,0,4,0,2,0,4,0,0,1,4,1,0,4,162,252,183,2,3,3,2,1,1,4,0,79,244,255,240,0,0,0,1,1,2,3,0,0,2,0,0,2,183,255,179,0,1,0,5,0,0,0,1,55,246,255,157,1,0,0,0,1,0,0,0,0,0,0,0,1,187,254,182,2,0,0,0,2,0,0,13,201,255,233,197,0,0,0,1,0,2,0,0,3,0,1,1,0,184,255,190,4,2,2,0,0,3,13,220,252,235,54,12,2,0,0,1,0,2,0,0,4,1,0,0,0,97,244,253,129,1,3,0,0,57,234,255,251,103,2,0,1,1,0,1,0,1,2,3,0,3,4,0,1,3,187,255,248,151,70,75,156,237,255,255,92,8,1,4,0,4,1,2,1,2,0,0,0,1,1,0,5,3,51,179,254,247,255,249,252,253,254,91,0,2,2,0,1,0,6,1,4,2,0,1,0,0,2,0,6,3,2,14,96,179,251,255,251,136,41,4,0,0,0,0,0,0,0,0,0,1,1,0,0,1,1,0,0,2,0,1,2,0,2,0,0,0,0,2,0,0,1,1,0,3,1,0,0,1,3,0,4,2,1,3,2,3,2,0,2,0,0,0,0,0,0,0,0,0,1,2,0,2,2,0,3,0,3,0,1,1,0,0,2,0,0,1,1,0,2,0,0,0,2,4,0,1,0,0,0,0,0,1,0,0,0,2,1,0,3,2,1,0,0,1,0,0,1,0,0,0,1,0,2,0,0,1,0,2,0,6,2,3
0,1,1,0,0,0,1,2,0,0,2,0,0,0,3,1,1,1,0,2,0,1,0,1,0,1,0,0,0,0,0,0,1,2,1,0,0,1,1,0,2,0,0,1,3,4,0,0,2,0,5,1,2,0,0,0,0,0,0,0,0,1,0,4,0,3,0,2,2,0,2,3,3,0,1,3,0,0,3,0,0,1,4,3,3,0,0,0,3,1,0,0,1,1,1,0,0,0,2,2,1,0,0,0,0,1,3,2,3,4,1,0,0,0,4,3,1,0,0,0,0,0,0,4,121,160,194,255,253,255,228,12,3,1,0,0,1,5,0,0,4,0,0,5,0,0,0,0,0,20,113,199,248,254,255,255,253,226,252,31,2,0,0,6,0,0,1,0,2,0,0,3,1,2,2,2,0,214,251,249,156,140,92,56,52,18,215,37,0,1,0,0,3,1,4,2,0,1,6,0,0,0,2,0,49,248,211,21,0,1,0,1,0,0,57,9,0,0,7,0,0,0,0,1,0,0,0,0,0,1,1,4,142,252,89,1,0,0,0,0,2,0,2,1,0,1,0,3,0,3,3,0,2,1,1,2,3,0,0,8,251,252,51,1,0,5,1,0,0,0,0,0,0,0,3,1,0,0,2,0,1,0,0,2,1,0,0,44,251,250,45,0,1,1,0,0,0,0,0,0,0,0,3,3,0,0,3,0,3,0,0,0,4,0,12,208,251,156,2,1,2,0,3,0,0,0,2,0,0,1,0,0,1,0,3,2,5,0,0,4,1,4,50,255,251,147,123,127,140,174,123,124,108,33,28,1,0,2,3,5,0,0,2,0,0,0,4,1,1,25,209,252,253,254,254,251,251,249,255,254,255,251,250,190,107,0,2,0,0,0,0,1,1,1,0,3,1,48,248,255,253,254,253,206,189,198,253,255,255,254,255,254,255,183,30,1,5,1,3,0,4,4,2,2,0,0,39,128,155,30,26,13,2,5,25,26,26,26,30,130,228,255,231,83,3,0,2,0,2,1,3,1,1,0,0,1,1,3,0,0,2,0,0,2,0,0,1,4,28,153,255,206,4,0,1,2,0,2,0,1,2,2,0,0,0,0,0,1,0,6,0,0,1,2,1,0,0,2,243,255,67,2,0,0,0,0,2,0,0,0,0,3,0,0,0,3,0,0,2,0,2,3,0,0,0,48,249,250,62,0,1,2,0,2,0,1,0,1,1,7,208,141,3,2,1,0,4,0,0,0,1,1,18,194,253,251,63,5,0,0,1,0,1,0,5,0,0,6,254,248,144,2,4,4,0,1,1,4,23,100,239,253,249,130,0,1,2,0,3,0,0,2,0,0,4,1,36,240,253,215,93,58,60,57,68,155,243,249,249,253,120,6,2,1,0,0,4,0,1,2,2,0,4,0,0,104,250,255,255,255,249,252,253,252,252,226,146,62,1,3,2,5,0,1,0,0,2,0,0,6,0,3,3,4,61,163,213,255,251,255,254,214,131,3,3,0,0,0,2,2,0,2,0,2,3,0,0,2,0,0,0,1,0,0,0,1,0,0,0,0,0,0,0,0,0,4,0,0,0,0,2,0,0,0,2,0,0,0,0,0,1,4,5,3,0,1,0,0,0,1,0,0,0,0,1,3,1,0,0,0,0,0,0,1,0,0,0,2,0,0,0,0,0,0,0,3,2,3,1,0,0,0,0,0,0,0,5,1,0,0,0,2,1,0,1,0,0,4,0,0,0,0,1,0,1,1,0,0,1,2,2,0,1,3
1,0,0,0,0,0,0,0,0,2,1,0,0,3,1,3,1,0,3,0,2,0,0,0,0,0,2,3,0,0,0,3,3,0,0,0,0,1,0,0,1,0,0,0,3,1,0,1,0,0,2,1,0,2,3,0,0,0,3,0,0,2,0,1,1,0,0,1,0,0,0,2,0,0,2,0,0,2,0,0,0,2,0,1,1,0,3,6,0,0,1,0,0,1,2,0,0,3,0,0,0,0,0,1,0,0,0,0,1,0,0,2,0,0,0,0,0,0,0,0,0,2,0,4,0,0,0,0,1,4,0,0,1,0,0,1,2,0,0,0,3,0,0,0,0,0,0,0,1,0,0,3,1,0,0,0,0,5,2,0,3,2,3,0,5,0,0,2,0,0,0,0,0,0,0,0,0,0,0,56,157,192,154,76,20,6,1,0,2,1,4,1,1,1,0,0,3,0,2,3,0,2,0,4,0,0,29,223,254,249,254,255,205,64,4,2,2,0,0,0,1,0,2,0,1,2,2,1,0,1,1,0,1,0,25,239,242,73,91,225,254,139,1,0,4,0,0,0,3,0,2,0,2,0,0,0,1,3,0,4,1,0,0,176,255,67,0,27,136,239,83,0,0,1,0,0,0,4,0,0,0,0,4,1,0,6,0,0,1,1,0,86,253,227,96,176,227,249,92,2,0,0,2,3,1,0,0,0,0,0,0,0,0,0,3,1,0,2,0,74,255,255,255,254,247,93,0,1,0,0,0,0,0,0,2,0,0,0,1,1,0,4,2,0,1,2,0,0,79,130,252,255,195,0,0,0,0,1,1,0,0,0,4,1,0,0,0,3,3,0,1,0,0,0,0,4,0,2,250,255,100,0,0,0,1,0,0,0,0,0,0,2,0,2,2,0,4,3,0,0,3,0,3,0,0,0,249,255,97,0,0,0,1,4,0,1,0,4,0,0,0,1,0,0,2,5,0,0,0,2,0,5,1,17,250,253,80,0,0,1,0,0,0,1,3,0,1,0,2,0,0,0,0,0,0,0,0,0,0,0,0,94,253,246,0,1,0,0,1,0,1,5,1,0,0,0,0,0,0,0,0,0,0,2,0,3,0,1,0,124,255,146,5,0,1,3,2,0,4,0,0,0,6,0,0,1,0,6,0,0,0,3,0,0,0,0,21,221,253,64,3,0,2,2,1,0,0,1,0,0,1,0,0,2,0,0,1,2,1,3,3,0,0,1,42,255,252,50,0,0,0,6,0,0,0,0,0,0,0,3,0,4,2,5,0,0,1,1,1,0,1,0,41,255,255,48,0,0,1,0,1,0,0,2,0,2,1,1,6,0,1,7,0,1,0,0,0,0,2,1,45,251,254,48,4,5,2,0,0,0,0,4,0,0,0,2,3,1,2,2,2,1,5,0,0,2,0,0,42,252,254,49,0,0,1,2,1,0,1,0,1,0,4,0,1,4,0,0,0,0,0,0,0,1,0,1,43,255,252,49,0,0,4,4,0,0,0,1,0,0,1,2,1,0,1,1,4,0,0,0,0,2,0,0,18,206,253,248,188,1,2,0,0,1,1,0,0,0,2,0,0,0,2,0,0,0,0,0,0,0,1,3,3,21,250,250,79,0,0,1,5,0,0,0,1,3,1,1,7,2,3,0,5,2,0,1,0,0,5,0,5,3,0,0,0,0,0,2,1,0,3,2,0,3,0,1,0,2,1,0,0,2,0,1,3,2,2,0,6,0,0,0,1,0,3,4,0,0,1,0,3,2,0,0
0,2,0,0,0,2,1,0,2,4,0,0,1,2,0,0,3,1,2,0,0,0,2,2,5,0,2,0,0,1,1,2,2,0,2,0,0,3,0,1,5,1,1,1,2,0,0,0,1,0,0,0,1,0,0,0,3,0,0,0,1,0,4,0,0,1,2,1,0,0,1,2,3,0,3,0,2,4,0,0,0,0,0,4,0,2,0,0,0,3,0,2,0,0,0,0,0,1,0,0,2,0,0,3,0,0,3,1,0,3,2,1,0,0,2,0,0,0,0,0,0,0,0,1,0,0,1,1,2,0,6,2,2,0,1,0,0,2,0,2,0,2,2,0,6,0,0,0,0,1,0,0,3,0,0,0,0,1,0,0,6,0,3,2,1,1,0,4,1,0,1,1,0,1,0,0,0,0,18,50,144,143,250,251,255,254,227,32,0,0,0,0,1,3,1,3,3,0,0,1,0,2,0,4,3,91,212,249,252,250,252,205,216,251,254,52,0,0,0,0,6,0,1,0,0,0,2,0,0,1,0,3,91,242,253,237,150,106,45,10,19,246,255,143,0,1,0,2,2,0,1,3,0,0,0,0,1,0,2,10,187,194,64,12,5,4,4,0,6,244,252,56,0,1,0,3,1,0,3,0,1,0,0,1,0,0,0,0,4,0,2,0,0,0,0,0,124,253,215,23,2,0,1,1,2,0,6,2,0,3,0,0,3,0,2,1,0,2,2,3,0,3,0,49,244,251,110,0,3,0,0,0,3,0,1,1,0,0,0,4,3,0,0,0,0,1,3,0,1,2,2,123,255,237,47,0,0,1,0,0,0,0,0,3,0,1,0,0,0,1,0,1,0,0,0,2,0,1,105,255,252,103,0,3,0,1,0,0,0,0,0,6,4,2,0,0,0,0,0,0,0,0,1,3,4,0,176,254,223,5,0,0,0,0,2,1,0,0,1,0,0,0,0,2,2,6,2,0,0,0,0,1,0,49,252,251,105,0,2,2,0,0,0,3,0,0,0,3,0,0,0,4,3,1,2,1,1,0,0,0,10,175,252,190,0,0,2,0,0,1,4,0,0,0,2,0,3,1,3,3,2,0,0,0,0,0,0,0,105,251,244,88,0,1,0,0,1,0,4,2,4,0,0,0,0,4,4,0,0,0,0,6,0,0,3,36,237,252,129,0,0,2,0,0,3,3,0,0,0,0,0,0,0,0,0,1,0,0,0,0,0,1,1,160,250,255,51,0,0,1,0,0,0,2,0,0,0,1,0,1,0,2,0,0,0,0,0,0,0,6,84,253,251,157,2,2,1,0,0,1,0,3,6,2,0,0,2,1,2,3,0,0,1,0,0,0,0,2,119,254,254,34,0,3,2,88,1,0,0,4,0,0,0,3,1,1,1,2,0,1,2,2,4,0,0,0,173,251,127,2,5,89,213,69,5,0,1,1,1,1,0,1,0,3,2,0,2,3,0,4,1,0,1,1,229,255,144,46,210,240,117,3,0,0,1,2,0,0,1,2,1,7,0,2,0,4,2,1,0,1,2,0,148,255,252,252,253,152,0,0,0,1,3,1,5,1,0,1,0,2,1,0,0,0,0,1,0,0,1,1,25,208,247,206,80,8,1,2,1,0,0,0,3,0,1,0,2,0,2,0,0,0,0,0,0,0,1,0,0,1,2,0,2,1,0,0,3,4,0,0,3,1,2,0,0,2,0,4,2,0,0,2,1,0,0,0,0,0,1,0,1,1,0,0,2,0,1,0,0,0,0,0,1,4
0,1,0,0,0,0,0,0,1,2,0,0,2,1,2,2,0,0,2,0,0,0,0,2,5,0,0,1,0,1,2,2,0,0,2,1,0,0,0,4,1,0,0,1,0,0,0,4,0,4,3,0,0,0,0,2,0,0,2,0,0,0,4,0,0,0,0,0,0,1,0,0,0,0,1,0,0,0,0,1,0,1,4,1,1,1,3,0,3,0,4,4,0,0,1,0,0,3,0,1,1,0,4,0,2,3,0,0,0,3,0,4,1,1,0,0,1,1,0,0,2,1,7,1,0,0,0,0,0,2,0,0,0,0,2,0,1,0,2,2,0,0,4,0,0,0,0,2,1,1,0,0,0,0,1,2,0,3,1,0,0,0,1,0,0,0,5,0,0,0,3,2,0,0,2,2,0,0,5,0,0,0,0,1,0,3,0,0,0,0,0,3,0,0,0,1,3,0,2,0,0,0,1,0,4,0,0,0,74,219,193,99,0,0,82,111,0,5,0,0,0,0,0,0,2,1,2,0,0,2,0,0,4,0,41,228,251,254,254,255,206,79,207,227,5,0,1,0,0,0,0,1,3,1,2,8,0,2,1,2,0,144,248,255,224,229,251,253,229,210,255,229,2,1,0,1,3,0,0,2,2,2,2,1,0,4,0,0,92,252,255,169,69,220,228,77,216,252,239,68,2,0,1,1,1,0,2,0,1,3,0,1,0,2,2,95,238,221,112,8,193,231,54,169,254,252,222,0,0,0,1,0,2,0,0,0,1,0,1,0,2,1,3,107,251,161,1,3,96,80,227,248,255,254,107,3,0,0,5,0,0,0,0,1,3,1,0,0,0,10,0,105,253,242,107,126,109,227,255,255,255,255,90,1,0,0,0,1,2,0,0,4,0,0,0,0,0,0,0,22,197,251,255,240,247,252,233,148,191,253,194,7,0,1,0,0,0,1,3,0,0,2,1,0,1,0,2,1,21,190,255,253,255,201,70,14,194,253,220,1,4,0,3,0,1,0,5,4,2,3,1,0,0,2,5,2,0,27,61,65,59,14,4,56,255,253,222,3,2,0,0,2,2,0,0,0,1,0,0,2,1,0,0,0,3,2,0,0,2,0,0,50,255,250,126,0,0,4,2,0,3,0,0,1,0,2,0,0,0,0,2,0,2,0,2,1,0,0,0,54,255,255,181,1,2,0,0,0,2,1,2,0,2,0,0,0,0,0,0,0,0,3,1,0,0,0,3,53,255,254,222,0,1,0,0,1,1,0,1,0,0,0,3,1,0,1,0,0,1,0,3,0,0,0,2,17,203,254,220,0,0,1,0,1,1,1,0,1,0,3,2,0,4,2,0,0,1,0,1,0,0,0,0,0,178,255,222,1,3,0,0,0,2,1,0,1,0,2,0,3,1,2,0,0,0,4,2,2,0,1,0,0,164,255,221,1,2,0,3,1,2,1,0,3,0,1,0,2,0,0,3,4,2,3,2,1,0,1,0,0,46,254,223,0,0,0,2,0,0,1,3,1,0,0,0,0,0,0,1,0,1,0,0,0,3,1,6,0,58,255,221,3,1,4,0,0,0,0,1,0,0,1,2,0,0,0,0,5,0,1,3,5,1,2,1,3,173,254,217,0,0,0,0,3,1,0,0,0,0,3,3,3,1,0,0,2,0,1,2,1,0,2,0,0,111,254,224,0,0,0,0,1,0,0,0,3,0,0,0,3,0,0,2,0,0,1,0,3,0,2,0,4,0,2,2,0,0,0,0,1,2,1,2,0
0,7,1,0,1,0,1,1,0,4,0,3,0,1,0,0,6,1,0,3,1,1,1,0,1,1,3,0,3,2,0,1,5,4,0,3,0,4,0,0,3,1,0,1,2,0,1,3,3,0,0,2,0,2,0,0,0,0,3,0,0,0,1,0,3,2,1,0,2,0,0,0,1,1,2,3,0,0,3,1,2,2,4,0,0,3,1,0,1,0,0,0,0,5,2,0,2,0,0,0,1,2,3,0,0,2,0,0,0,0,2,0,0,4,0,0,0,1,0,2,0,92,219,255,254,176,91,11,0,2,2,2,1,2,0,0,1,1,0,0,1,2,0,2,0,3,1,0,0,223,254,253,253,251,252,211,93,0,0,0,0,1,0,0,0,1,0,0,0,0,0,0,0,3,2,1,2,50,8,14,9,93,172,246,252,138,4,3,1,2,1,0,0,1,3,2,0,0,0,1,0,1,0,0,2,0,0,0,1,0,0,47,174,251,193,94,0,0,0,1,0,0,2,0,0,0,0,0,3,2,4,3,0,1,0,3,0,0,1,2,4,173,255,187,0,0,2,2,1,1,0,0,1,1,0,0,3,0,0,2,5,1,1,0,0,0,0,2,9,174,253,188,4,2,0,0,0,0,4,2,0,1,2,0,3,0,0,0,3,0,0,0,9,19,76,154,225,254,253,172,1,0,0,1,3,0,0,0,2,0,0,0,0,2,0,2,0,6,0,138,223,248,255,249,250,209,137,0,4,4,3,2,2,4,1,0,0,0,3,0,1,0,0,1,1,1,0,213,255,250,147,68,44,11,2,0,0,0,0,2,0,0,0,2,4,0,6,1,0,1,1,0,2,0,0,82,234,255,47,0,0,0,0,0,0,1,5,0,0,0,1,0,0,0,0,0,3,0,1,0,3,0,0,0,119,247,232,22,0,1,0,0,0,0,0,0,0,3,0,1,1,1,0,4,5,0,0,5,1,2,1,1,0,182,251,210,28,2,0,1,3,0,2,4,0,0,6,1,0,1,2,3,3,2,0,2,1,0,0,0,1,28,172,254,209,25,0,3,0,1,0,1,0,2,0,0,0,0,0,0,1,0,0,0,0,1,2,3,0,5,45,235,253,87,2,1,2,0,0,1,0,2,4,0,5,1,0,1,0,1,0,0,3,2,0,0,0,1,1,26,242,200,8,0,0,0,1,1,0,0,0,2,0,1,0,3,0,0,0,0,0,2,0,0,0,3,0,1,234,254,27,0,0,0,1,0,2,0,0,2,0,0,0,5,0,0,0,0,0,0,0,0,0,0,11,101,242,200,7,0,3,0,0,0,0,0,1,3,0,0,3,0,3,0,0,0,0,6,13,12,12,94,182,250,255,86,2,0,3,0,1,1,0,0,0,1,0,0,0,0,0,1,79,162,160,201,252,255,255,254,253,210,86,2,6,0,0,3,0,5,0,2,2,0,2,1,2,0,3,2,183,253,254,252,251,253,250,217,132,10,0,1,0,5,0,1,1,0,0,2,0,1,0,0,1,0,1,3,2,1,3,2,0,0,0,0,1,2,0,0,0,4,0,3,0,3,0,1,0,2,3,0,1,0,2,2,4,0,0,2,0,0,3,0,0,2,1,1,2,0,0,0,0,2,1,2,0,0,0,6,0,1,0,4,0,0,3,0,0,1,1,0,2,1,2,0,0,4,1,1,3,0,1,0,0,4,3,0,1,1,0,0,2,0,0,3,0,0,2,2,0,0,0,0,0,2,0,0,0,2,0,0,2,3
2,0,0,0,0,0,0,1,2,1,0,0,1,4,1,0,0,0,1,0,0,1,0,0,0,5,2,0,0,0,4,0,2,0,0,0,0,4,2,0,0,0,0,2,2,0,0,0,3,3,4,0,0,0,0,1,4,0,0,4,0,0,0,1,0,0,0,0,0,0,5,0,0,0,3,0,0,0,0,0,3,0,0,3,0,0,0,0,0,1,2,3,0,2,0,0,2,0,2,0,2,2,2,4,0,0,0,1,2,1,4,0,3,0,0,0,2,0,0,2,0,0,0,3,86,195,123,0,0,1,3,0,0,0,4,1,0,1,0,3,0,0,1,2,0,0,0,0,0,0,0,41,228,252,228,23,0,0,2,3,3,1,4,1,0,1,0,3,0,0,0,3,0,3,0,0,1,1,1,186,255,204,255,49,0,2,2,3,0,0,1,0,0,0,1,4,0,2,3,0,0,0,0,2,0,1,83,246,168,6,206,134,0,0,0,0,0,5,0,0,0,0,0,1,2,0,1,1,0,0,3,0,1,0,233,253,87,97,219,81,0,0,2,0,6,4,0,1,4,1,0,4,0,2,0,0,1,1,0,0,0,39,244,211,6,197,255,195,23,2,0,0,0,0,3,0,1,0,3,2,1,0,0,0,0,0,1,0,0,147,255,98,0,93,216,253,244,94,0,0,2,0,0,1,1,5,2,0,0,2,2,1,0,0,6,2,11,217,248,71,0,0,6,138,255,254,145,6,0,0,0,1,0,1,1,4,4,0,0,2,0,1,0,0,22,251,246,46,1,0,0,0,62,221,253,111,2,0,3,2,0,4,0,3,0,5,0,0,0,0,0,2,18,255,220,1,3,0,4,1,1,51,208,255,130,0,0,3,0,0,1,0,0,0,0,2,1,1,0,0,101,250,138,4,0,1,0,0,0,0,64,241,178,0,1,0,0,0,0,0,2,0,0,0,2,0,2,2,122,254,103,0,0,0,3,3,3,3,0,128,191,0,0,1,0,3,0,8,0,0,4,2,2,2,0,0,113,251,33,0,0,0,3,0,2,0,5,161,252,24,1,0,2,1,0,0,5,1,0,0,0,3,0,1,22,254,126,0,1,3,0,0,0,0,2,127,251,22,5,0,0,1,2,0,0,3,0,0,0,0,3,0,19,255,131,3,0,0,1,0,0,3,2,134,253,21,0,0,2,0,0,0,3,2,2,0,2,1,1,0,22,250,223,1,0,0,0,0,0,2,49,247,228,14,0,0,0,1,1,1,1,2,1,3,1,1,6,2,5,215,230,10,0,3,0,4,0,2,68,249,111,0,0,0,4,2,5,0,3,0,0,0,1,0,0,2,0,172,254,105,0,0,0,0,0,1,145,229,3,0,0,2,0,0,0,1,2,0,0,0,0,3,1,1,3,119,255,181,0,0,3,0,2,29,217,155,0,0,0,0,0,1,0,2,4,0,1,0,1,2,2,1,0,18,236,251,90,0,0,0,0,157,200,7,0,0,2,1,3,0,2,0,0,0,0,0,2,2,3,4,0,1,0,1,0,0,0,0,1,0,0,1,0,5,1,0,0,4,1,0,0,0,0,0,0,0,0,0,0,0,0,1,0,4,0,0,2,0,0,0,3,0,2,0,1,0,0,0,0,0,3,0,0,1,0,0,1,0,2,0,0,0,0,0,1,2,0,3,1,1,4,0,0,5,3,0,0,1,0,0,1,7,2,0,1,0,4,0,3,0,0,0,0,1,0,3,1,3,0,0,0,2,0,1
1,0,3,0,0,1,0,0,1,0,4,0,0,0,2,0,1,0,0,0,3,0,1,2,0,0,1,2,0,0,0,3,0,1,0,0,0,0,0,0,1,0,0,0,0,0,0,0,0,4,2,0,0,0,0,1,0,0,5,0,0,5,1,0,4,1,3,0,1,0,0,3,0,0,2,5,0,4,3,2,1,0,1,3,0,3,2,1,0,1,0,3,0,0,0,0,2,4,0,0,0,0,0,2,0,0,0,3,0,0,2,0,0,0,0,2,1,1,2,0,1,0,0,5,0,1,2,0,0,0,0,0,2,0,2,0,0,3,2,0,0,0,0,0,2,1,1,0,2,0,0,0,4,44,231,126,1,0,2,0,0,1,0,0,1,0,1,1,0,0,1,0,0,0,0,5,1,0,0,0,13,229,254,132,4,2,0,3,0,3,1,1,0,3,0,2,1,0,2,0,0,5,0,0,4,0,0,0,55,250,255,78,0,2,0,0,5,0,1,1,0,2,2,0,0,1,0,0,2,0,0,0,2,0,0,12,186,255,201,8,0,1,0,2,1,0,0,1,0,1,1,1,2,6,0,1,0,0,0,4,0,3,0,83,251,237,70,0,0,0,2,1,0,54,117,15,2,1,1,0,0,0,3,0,0,2,5,0,3,2,4,181,255,153,1,0,0,1,0,2,91,242,250,43,0,0,4,1,5,0,0,2,0,0,2,0,4,3,64,255,246,0,2,0,0,1,0,105,241,249,105,0,0,0,0,2,5,0,6,1,4,0,5,0,0,0,147,255,161,2,0,3,5,0,95,235,254,192,0,2,0,0,0,0,1,0,1,0,1,1,3,0,0,1,156,250,42,1,3,0,6,104,246,255,194,12,0,0,0,0,0,0,4,0,2,4,1,0,1,0,2,0,149,255,29,0,1,55,184,255,255,146,20,0,0,1,2,2,0,0,2,0,0,0,0,0,1,0,0,3,153,252,150,111,201,248,255,254,156,16,3,2,2,0,4,0,1,0,0,0,0,0,0,2,0,0,0,0,143,249,253,254,252,255,255,197,7,0,2,3,0,2,0,6,0,0,0,1,3,0,0,0,0,1,0,0,13,122,193,232,251,255,221,18,0,1,6,0,0,0,2,3,2,1,0,4,6,1,1,0,3,1,0,0,0,0,6,194,255,207,76,1,1,0,0,3,2,1,0,0,2,0,2,0,3,3,3,0,0,0,3,0,0,1,24,252,244,67,3,0,2,5,5,0,0,2,0,1,0,0,4,1,0,0,3,0,0,2,2,1,0,16,200,254,93,0,1,0,4,6,1,0,0,1,0,0,1,0,4,1,1,0,0,0,1,1,0,0,0,126,254,235,34,0,0,0,0,2,0,0,0,1,0,1,0,1,0,3,0,1,0,0,1,0,0,0,8,199,248,48,4,0,0,0,0,4,0,0,0,0,3,0,0,1,4,0,0,7,0,0,3,2,0,0,45,255,243,0,3,3,0,0,0,0,0,0,0,0,1,0,0,0,2,0,6,0,2,0,0,1,0,3,8,153,204,3,3,1,0,0,0,1,2,0,1,0,0,0,0,1,0,0,0,3,1,0,0,1,0,0,0,1,0,4,0,2,4,2,1,1,0,1,2,0,0,1,0,2,3,2,0,0,5,1,0,0,0,7,3,3,0,0,4,0,0,0,0,0,5,0,3,0,2,2,3,0,0,0,0,2,0,3,0,2,0,0,0,0,0,1,0,2,1,0,0,1,1,0,1,0,0,2,4,3
0,1,2,0,2,0,4,0,0,0,1,0,1,0,1,3,0,3,0,0,1,4,0,0,2,0,2,0,1,3,0,0,2,3,1,3,0,0,0,0,0,0,0,0,0,3,1,4,0,0,0,0,1,4,3,0,1,0,4,0,0,1,2,3,1,0,0,1,3,44,189,115,5,4,0,0,1,1,0,0,2,0,0,0,1,1,0,0,0,3,1,0,0,3,0,0,0,196,249,253,85,0,0,0,0,2,0,0,0,4,2,0,0,0,4,0,2,0,2,1,1,0,2,0,0,106,253,255,191,4,1,0,3,0,0,0,0,0,0,0,2,0,2,0,0,0,2,5,0,2,0,5,1,0,251,255,195,4,3,4,5,1,0,2,0,0,1,0,0,2,1,4,0,1,0,0,0,4,1,0,0,67,253,255,200,0,4,0,1,3,0,1,0,0,0,5,4,0,0,0,4,0,0,1,0,0,1,0,0,97,253,253,194,0,0,0,1,1,0,0,0,2,0,3,0,4,1,2,1,0,0,3,0,0,0,0,0,127,255,251,54,0,1,3,0,0,0,5,0,0,0,0,0,1,0,0,1,0,2,0,0,3,0,0,4,192,255,231,0,3,0,0,3,0,0,0,0,1,0,0,0,0,2,0,3,2,0,0,0,0,0,1,0,193,255,111,0,2,2,1,6,0,0,0,1,0,4,3,3,0,0,0,2,4,0,2,2,2,2,0,99,255,245,38,0,0,0,1,0,1,0,2,1,2,1,0,4,0,0,1,0,4,2,0,0,0,0,0,186,255,165,4,0,0,0,0,4,1,2,7,0,0,0,0,0,0,0,0,0,1,0,0,1,3,0,53,250,251,77,0,4,3,0,0,0,2,1,5,0,0,4,0,0,0,3,0,3,1,0,0,1,0,16,200,255,173,0,0,0,0,0,2,1,0,0,0,0,1,4,0,3,2,1,2,1,1,0,2,0,0,123,251,254,96,0,0,3,0,0,3,0,1,0,0,0,0,0,1,2,0,0,3,0,0,2,0,3,76,255,253,225,29,2,4,3,2,3,0,4,0,3,0,0,0,0,2,4,7,4,0,0,2,0,0,42,231,250,179,114,81,77,81,86,77,27,2,0,0,2,0,1,1,1,0,0,0,0,1,3,0,1,59,232,255,253,251,255,255,252,254,254,252,246,143,62,4,3,2,4,1,0,0,2,2,0,7,0,19,177,252,254,255,252,255,253,215,234,204,200,205,254,254,253,177,58,4,0,0,0,1,0,1,3,0,2,132,255,255,254,205,122,71,16,4,12,3,5,15,74,120,241,253,255,130,28,0,3,0,0,1,0,5,0,35,237,188,100,0,0,5,1,0,0,0,0,1,0,4,39,106,229,239,95,0,2,0,3,0,0,2,0,0,2,0,0,0,3,0,0,0,0,1,0,1,3,0,0,0,4,0,1,0,0,2,1,4,0,0,0,2,1,0,1,0,0,0,0,0,0,0,0,0,2,1,3,2,0,1,0,4,0,0,2,0,1,0,0,2,0,0,2,3,0,0,3,0,3,0,0,1,0,0,0,0,1,0,0,0,0,0,0,0,0,0,0,2,0,3,2,1,0,0,1,0,0,1,0,1,0,0,0,3,0,1,1,0,0,2,1,3,0,0,0,0,0,5,4,1,0,0,0,0,0,0,2,0,0,2,0,3,0,3,2,3,0,5,0,0,0,0,3,2,0,0,0,6,3,2,0,3,4,0,2,3,0,1,0,2,0,0,0,3,1,0
4,2,0,0,0,5,4,0,0,0,0,0,0,0,0,3,0,0,0,1,4,0,0,1,0,0,5,3,0,0,2,0,3,0,1,0,5,0,0,0,0,2,1,0,0,3,0,1,1,0,2,1,0,4,2,0,1,0,3,0,0,4,0,0,0,0,0,0,0,3,0,0,3,0,1,5,0,1,6,1,6,0,0,0,0,0,0,0,2,4,3,0,0,0,2,3,0,0,0,0,0,0,0,0,3,0,0,0,0,6,0,1,0,2,4,1,2,0,2,1,2,0,0,5,1,3,193,255,253,255,63,1,1,0,0,0,3,0,0,0,0,1,0,0,2,1,0,0,0,0,0,0,67,189,252,255,255,255,129,129,189,71,3,0,0,0,0,0,1,0,4,0,1,0,2,0,1,0,0,66,255,255,251,185,129,129,5,255,254,255,60,4,0,2,1,5,0,5,1,1,0,0,0,1,2,0,1,255,255,255,254,68,0,0,0,190,253,252,129,0,1,5,0,2,0,3,4,0,0,0,0,0,0,2,191,253,253,255,65,0,4,0,2,1,254,255,255,0,0,0,0,5,1,1,1,0,3,3,0,0,0,129,255,255,255,192,1,0,0,1,0,0,252,254,252,1,0,1,0,0,0,0,0,0,4,2,1,0,62,255,255,255,191,1,0,0,4,0,2,3,255,255,252,0,2,0,3,0,0,1,2,2,0,0,0,0,250,255,255,189,0,1,2,4,0,3,2,0,255,253,255,0,0,0,0,1,0,0,0,0,2,0,0,122,255,253,254,2,0,0,0,0,0,0,0,66,255,255,254,0,0,0,0,1,0,0,0,1,1,2,66,255,255,253,192,1,3,1,0,0,1,0,66,255,255,253,190,0,0,4,0,0,0,5,2,0,1,2,124,251,255,255,66,0,0,1,0,3,1,0,123,253,255,255,65,2,1,0,0,0,0,0,3,3,2,2,129,255,253,193,0,3,1,0,4,1,0,0,127,254,255,127,1,1,0,0,2,0,1,0,7,0,0,0,130,255,254,129,0,2,0,0,4,6,1,63,251,254,250,68,0,0,0,0,0,0,0,0,0,2,0,0,129,255,254,127,1,1,1,1,0,0,0,255,252,252,195,0,0,1,0,1,2,5,2,0,0,0,1,3,124,255,253,131,2,1,0,0,0,3,194,254,255,254,0,1,2,3,0,0,0,3,1,0,0,0,0,0,64,251,253,189,68,3,0,1,0,189,253,255,255,126,0,2,1,0,0,0,0,0,3,0,1,2,0,0,1,129,255,255,254,3,0,63,186,255,255,255,254,2,0,0,4,0,1,0,0,2,0,0,5,0,0,0,0,2,255,255,255,255,251,253,254,255,255,187,0,2,0,0,2,2,0,4,0,0,5,0,1,0,0,0,0,2,127,255,250,255,254,252,252,255,126,4,0,0,0,4,0,0,0,0,1,2,0,0,0,0,0,2,3,0,0,192,255,255,255,255,193,65,2,1,1,0,0,1,2,0,2,0,2,1,0,0,3,0,4,2,1,0,0,1,0,1,0,4,1,0,0,2,2,0,0,2,3,0,3,1,0,1,0,0,0,2,0,1,3,1,0,0,4,3,0,0,1,2,7,0,0,1,4,0,0,0,2,3,0,1,3,0,1,0,0,0,2,2,1,7,1,0,0,3,0,4,0,3,2,6,0,0,0,0,0,0,0,5,4,0,0,0,4,0,0,4,0,0,1,0,2,0,2,3,0,0,4,3,0,0,0,1,1,1,2,0
0,2,2,0,1,0,7,0,0,1,2,0,2,0,2,0,0,1,1,1,0,0,1,0,0,1,0,0,2,0,4,0,0,0,2,1,1,4,0,6,0,1,0,0,4,1,2,0,4,0,0,5,6,1,1,0,0,3,0,1,0,0,0,0,0,0,0,0,0,0,1,0,0,0,0,3,1,2,0,0,4,3,3,2,1,0,0,0,0,0,0,0,0,0,2,0,3,0,1,2,0,0,0,0,0,3,1,1,0,0,7,1,3,0,0,0,1,0,0,0,4,3,0,0,0,0,1,3,0,2,0,0,0,0,0,4,1,1,0,0,0,5,3,6,0,1,0,0,0,2,0,0,0,0,0,1,0,3,0,0,3,1,0,2,0,0,0,0,0,0,2,0,0,6,0,2,0,0,0,4,0,0,0,13,97,215,123,0,1,0,0,1,0,0,0,4,0,0,0,0,0,4,3,0,1,0,4,2,0,72,100,212,249,254,249,83,1,0,6,0,0,2,0,0,1,0,0,0,0,0,0,16,20,123,159,232,229,248,255,255,250,252,251,104,0,0,0,1,1,0,0,0,1,3,1,0,2,0,6,189,250,250,251,254,249,252,253,254,253,251,253,79,0,3,0,3,0,3,0,0,0,0,0,0,0,0,14,174,253,254,250,255,225,145,146,143,255,253,78,2,0,0,0,2,0,0,0,4,0,0,0,1,0,0,2,1,85,170,176,99,2,0,11,158,254,216,19,1,0,0,0,1,4,0,0,0,0,0,0,4,2,1,2,0,2,0,0,0,0,0,124,251,243,129,5,0,0,0,2,1,3,1,4,2,0,0,0,0,0,0,0,0,2,1,1,0,0,0,158,253,231,0,0,0,0,0,4,2,0,0,2,0,0,2,0,0,0,3,0,5,2,0,0,1,5,1,254,249,228,1,0,11,109,11,1,1,1,0,1,2,1,0,3,5,0,2,1,0,3,3,3,2,1,0,253,255,145,0,88,111,145,13,3,0,0,0,3,3,0,0,0,0,0,2,0,0,4,0,0,5,40,46,253,253,255,253,252,131,0,1,0,1,0,0,3,0,0,0,0,0,0,0,3,2,1,0,28,145,250,253,251,249,244,170,83,0,0,0,0,4,2,1,1,0,2,0,1,0,0,2,1,1,5,5,142,254,251,253,253,208,29,1,0,3,1,2,2,2,0,0,0,0,0,1,0,1,1,1,1,0,1,33,238,251,224,251,255,171,0,0,0,0,0,0,0,0,0,1,0,0,5,1,1,0,0,2,1,1,1,0,68,87,26,220,253,168,0,0,1,2,0,1,0,0,2,4,0,0,0,2,0,1,3,0,0,0,0,0,3,0,1,214,255,105,3,1,2,0,0,0,2,1,0,2,0,0,0,0,0,0,0,0,0,4,0,0,1,0,123,240,253,65,0,0,1,0,2,2,0,1,1,1,3,0,1,1,5,1,1,0,2,0,0,0,4,0,72,252,255,62,3,2,0,0,0,0,3,1,3,2,0,0,1,2,0,0,0,0,0,0,0,1,1,0,67,250,225,20,0,0,0,2,3,0,4,3,0,0,1,2,3,3,0,0,4,1,0,1,0,1,1,0,15,174,210,1,0,0,2,0,0,0,0,2,0,2,1,0,2,0,0,0,0,1,0,0,2,4,1,3,1,0,2,6,0,0,0,5,0,2,1,1,0,0,0,1,0,0,0,1,0,1,2,5,0,0,0,4,1,0,0,0,0,0,0,0,0,0,0,0,0,0,2,0
1,0,3,0,0,2,0,1,0,0,0,3,0,0,2,0,0,3,0,3,0,0,0,0,3,2,5,0,0,0,0,0,0,0,0,0,0,0,0,0,2,0,3,3,0,0,0,2,0,0,1,5,0,0,0,0,0,0,0,1,4,0,5,0,0,1,0,0,3,1,1,1,2,1,1,0,0,2,2,0,1,0,2,0,0,2,0,0,0,3,2,0,0,0,0,2,0,0,3,0,0,0,0,6,0,1,2,1,0,2,0,0,0,0,0,0,0,2,0,0,0,0,0,1,3,0,99,222,135,0,1,0,3,0,0,2,0,1,0,2,3,0,2,0,1,0,1,2,2,0,0,2,0,34,220,255,201,0,8,0,0,0,3,0,0,0,1,0,0,1,1,0,0,0,3,2,5,0,1,6,0,76,255,253,203,0,0,1,2,0,0,3,2,3,0,1,4,0,0,4,0,0,0,0,2,0,1,1,0,73,249,255,200,0,0,2,0,3,3,0,0,0,0,0,0,2,1,1,2,0,0,0,1,4,0,0,0,67,252,255,205,0,1,3,0,3,0,0,0,0,0,1,0,2,0,0,2,2,0,0,2,0,0,2,0,79,254,254,203,0,0,0,2,0,2,4,0,1,0,0,0,0,0,0,0,2,7,0,0,0,2,0,1,74,250,255,200,0,2,0,2,0,2,1,1,3,0,0,2,0,0,0,0,0,2,0,3,1,1,2,1,180,252,251,204,2,1,0,0,1,1,1,2,2,1,1,3,0,0,0,6,4,2,2,2,1,3,0,1,201,255,254,203,2,0,0,0,0,0,1,0,2,3,2,0,0,0,0,2,2,0,2,3,0,4,0,23,213,253,254,103,4,0,0,0,0,3,0,3,0,3,1,0,0,2,0,6,0,0,2,0,3,1,0,79,255,252,254,71,4,0,1,0,1,0,0,0,5,0,2,0,2,0,1,1,0,0,0,1,1,1,0,78,255,255,251,71,1,0,3,3,1,1,0,0,0,0,0,0,0,0,0,4,0,4,1,0,1,5,4,78,252,255,255,68,5,0,0,0,4,1,4,0,0,0,1,0,0,0,0,0,4,0,0,0,1,0,0,25,224,255,255,163,0,0,0,0,0,0,0,0,0,0,0,0,0,3,0,0,1,3,0,0,0,3,0,9,208,255,254,207,0,0,0,1,1,0,1,0,0,0,0,1,0,3,0,4,0,2,1,1,0,0,0,81,253,255,249,123,3,0,0,4,0,1,0,1,4,1,2,0,2,0,2,5,0,0,0,0,0,2,2,79,253,255,216,30,3,0,0,0,4,3,0,2,0,0,0,0,0,0,0,2,0,8,5,3,3,0,0,77,255,255,197,0,3,0,0,0,0,2,2,0,0,0,0,0,0,0,0,0,0,3,0,1,2,2,0,0,198,255,193,0,0,1,0,4,0,2,0,0,0,2,0,1,2,0,0,0,3,0,2,1,0,0,0,0,35,225,195,0,2,3,0,4,0,2,2,4,0,1,0,0,0,2,0,1,3,1,9,3,0,1,2,0,0,0,2,0,0,3,0,1,0,0,0,0,0,1,0,1,1,1,0,0,0,0,2,0,0,0,1,2,1,0,0,0,0,1,2,2,3,0,0,0,0,1,1,0,0,0,0,0,2,0,0,1,0,0,1,3,0,3,0,0,0,2,2,4,0,1,0,0,3,0,3,0,0,0,0,0,2,0,0,1,0,0,0,0,2,0,0,4,3,2,0,3,0,0,0,3,0,6,0
0,3,0,5,0,1,1,1,0,0,2,2,0,0,0,3,2,0,0,0,0,0,0,0,0,0,0,1,0,3,3,4,1,0,0,0,0,1,0,0,0,5,0,0,0,0,2,3,0,0,3,0,0,0,0,0,1,0,2,1,2,2,0,0,0,5,3,3,2,5,0,0,0,0,0,1,1,0,0,1,0,0,0,1,0,0,0,4,0,0,2,0,5,0,3,2,3,2,0,0,0,1,0,0,3,0,0,2,0,0,2,0,1,0,1,0,0,1,2,0,0,4,2,1,0,2,76,214,20,0,1,1,2,0,0,2,3,2,2,3,0,0,0,0,6,0,0,0,1,0,0,0,0,1,156,254,152,0,2,0,0,0,0,0,4,2,0,0,4,0,1,3,0,2,0,2,3,0,0,0,0,6,253,255,159,1,0,3,1,0,0,0,3,0,0,3,0,5,0,0,1,0,0,3,0,0,4,0,1,5,254,255,107,1,0,0,0,0,1,0,2,3,1,4,0,6,0,0,0,0,2,0,0,1,0,0,0,4,254,253,58,2,0,0,2,0,0,1,0,0,0,2,0,2,1,1,0,0,0,0,0,0,0,0,0,36,255,255,36,0,1,2,1,6,0,0,0,5,0,0,0,2,0,0,1,1,1,0,0,2,0,0,0,111,250,255,102,0,0,0,0,0,0,0,0,0,4,4,1,2,0,0,0,0,3,0,0,1,0,2,3,131,254,255,2,0,0,0,0,0,1,4,0,0,0,1,1,0,2,2,0,0,0,1,0,0,2,0,0,216,255,253,11,4,1,0,0,0,0,0,4,0,0,1,0,0,1,2,0,0,0,1,2,0,0,0,0,190,253,253,28,4,3,0,2,2,1,0,0,0,1,0,1,0,1,0,0,0,2,1,2,2,3,1,1,107,255,255,105,0,0,0,5,2,0,1,3,0,0,3,0,1,4,2,1,0,1,2,2,0,4,4,0,108,254,255,107,1,4,0,2,0,0,4,0,1,2,0,1,3,4,2,1,0,0,0,0,0,0,0,2,110,255,255,109,0,1,3,0,0,0,0,1,1,1,0,0,2,0,0,0,3,1,1,0,0,4,3,2,106,255,255,27,6,1,0,2,0,0,2,0,0,0,1,0,0,0,1,0,0,2,0,0,0,7,1,3,107,253,255,79,2,0,0,0,0,0,0,0,2,0,0,2,0,2,2,3,0,0,3,0,5,0,2,1,198,253,253,46,0,0,0,1,0,0,0,1,0,1,4,0,3,3,5,0,0,0,0,0,0,5,0,0,215,249,254,7,0,0,2,0,0,3,0,3,2,2,0,0,0,0,0,0,1,2,1,0,0,2,4,0,215,255,175,5,0,0,4,0,0,0,2,0,2,0,0,0,0,0,2,3,0,0,1,1,3,3,3,0,215,255,252,10,2,0,3,0,0,2,0,1,0,0,0,2,4,0,0,0,0,7,2,0,0,1,0,2,86,168,173,1,0,0,2,0,1,0,0,1,1,1,0,3,0,3,0,0,0,0,0,2,0,0,0,0,0,0,0,0,0,0,0,3,0,0,1,0,0,1,1,0,1,3,0,3,1,0,0,0,0,1,0,0,0,0,0,0,0,0,1,0,3,1,1,5,0,0,1,0,2,0,0,1,0,2,0,0,0,6,0,2,0,4,1,2,0,1,0,0,0,0,2,1,1,1,2,3,2,3,1,0,0,0,0,2,4,3,0,0,0,2,2,0,0,2,1,0,0,0,0,0,0,0,3
1,2,0,0,0,4,3,0,0,0,1,0,0,3,0,2,3,0,4,0,0,3,0,3,0,0,0,2,3,0,0,0,0,0,0,2,0,0,0,0,0,0,2,1,1,0,1,0,0,0,3,0,1,0,1,0,0,0,0,1,0,0,2,0,0,0,2,0,0,0,2,0,0,1,0,3,1,0,0,2,0,0,0,2,0,1,0,1,0,0,0,0,2,0,0,0,0,2,0,7,0,0,0,2,0,3,0,0,0,2,0,0,0,0,1,1,0,3,162,255,251,255,255,255,255,255,238,154,42,2,3,0,0,1,3,0,0,0,0,2,1,2,1,0,1,1,28,227,233,177,177,81,21,93,101,187,240,121,16,0,0,0,0,1,0,3,0,1,0,0,0,3,0,0,0,6,7,0,0,0,4,0,1,0,64,242,139,0,0,4,1,4,0,1,0,0,0,3,1,1,0,0,0,0,2,0,1,1,1,0,0,1,0,120,235,58,3,0,3,0,0,0,0,0,0,1,0,1,0,2,0,0,1,0,0,0,2,4,2,0,0,116,255,142,0,1,2,0,0,0,0,1,0,0,0,2,2,2,3,0,1,2,2,0,5,1,0,3,34,241,253,125,0,0,0,0,0,0,0,1,2,0,3,0,1,0,1,0,3,4,0,0,0,1,6,5,90,254,218,28,0,0,0,1,0,0,1,0,0,0,0,2,6,0,0,0,1,0,0,0,3,0,4,28,178,244,84,0,0,0,0,0,0,0,0,0,2,1,3,0,1,1,2,0,0,2,2,1,2,0,38,223,252,180,2,0,0,2,1,5,0,3,1,1,0,0,2,0,0,0,4,0,1,1,0,2,0,2,145,254,250,85,1,1,0,0,1,0,2,3,1,0,0,3,0,0,2,0,1,0,5,0,0,1,0,55,250,253,136,2,1,0,0,2,2,0,0,0,0,3,0,0,0,0,2,0,2,4,0,0,0,0,35,190,255,182,9,0,1,0,3,0,0,3,1,0,0,1,1,0,0,4,0,0,2,0,0,0,4,12,152,255,177,26,0,0,0,2,0,0,0,1,0,4,0,0,0,4,0,0,0,0,0,0,0,0,7,167,253,249,52,0,0,2,1,0,0,0,0,2,0,0,0,0,2,0,3,1,0,1,3,0,1,1,133,254,254,132,0,0,2,0,0,0,0,0,2,3,1,0,0,1,0,0,3,0,0,0,3,1,0,61,238,252,171,6,3,0,3,0,0,1,2,0,8,11,0,0,0,0,0,0,0,2,0,1,4,0,31,218,252,208,4,2,3,1,12,52,110,156,187,184,202,68,1,0,0,2,0,0,2,3,0,0,2,1,70,250,253,111,87,97,137,190,255,249,251,242,208,124,23,0,3,0,0,0,2,0,0,2,3,2,0,1,43,241,252,225,255,250,255,251,200,156,41,0,1,0,5,2,1,2,0,0,0,0,0,0,4,2,0,0,0,100,219,236,169,165,155,68,1,0,0,0,4,0,0,3,2,2,2,1,0,2,2,1,0,0,0,0,0,0,1,1,0,2,0,2,1,1,0,0,0,0,0,4,0,2,0,2,0,1,0,0,0,0,0,0,0,1,0,1,0,1,0,0,0,4,0,1,0,1,1,2,0,0,0,0,0,0,0,0,0,2,0,2,0,0,1,1,0,0,0,6,0,0,0,1,3,2,0,0,2,0,3,0,2,1,1,0,2,2,0,0,0,0,0,1,1,2,0,0,0,0,4,1,0,0,0,2,0,1,0,1
2,0,0,0,1,0,0,3,2,6,0,0,3,1,0,5,1,0,0,0,6,0,1,0,2,1,0,0,0,3,0,0,1,0,0,0,0,0,2,2,3,0,0,0,0,1,0,0,0,0,1,1,0,0,0,3,0,2,2,0,0,0,0,0,0,3,2,0,0,0,0,0,0,5,7,0,0,0,2,0,0,0,2,4,0,0,0,1,0,0,0,3,0,0,0,4,0,0,3,0,4,0,0,0,2,0,0,0,0,2,2,0,0,0,0,0,1,2,0,0,6,0,2,1,2,0,2,134,122,2,0,0,3,0,2,0,0,0,2,0,0,5,0,4,0,5,2,0,0,0,1,3,0,1,3,254,234,0,0,0,2,2,0,3,0,4,0,2,0,0,0,1,1,2,4,1,0,0,3,0,0,1,77,255,245,60,0,0,0,1,3,2,1,0,0,0,1,0,0,0,6,0,0,0,0,0,0,0,0,0,145,255,250,78,4,1,0,0,0,2,0,0,0,2,0,1,1,0,6,0,5,2,3,1,0,0,0,0,243,254,227,2,0,2,0,0,0,2,3,0,3,3,1,4,3,0,0,3,4,3,0,1,0,2,0,1,239,255,229,0,2,3,0,0,1,0,0,0,0,1,0,0,0,0,0,5,0,2,5,0,1,0,1,0,240,255,233,0,5,0,0,5,0,1,3,0,1,3,0,1,0,0,0,0,2,0,4,0,1,0,0,42,245,255,226,0,3,4,4,3,1,0,0,1,0,1,1,2,0,1,0,1,0,0,0,3,1,0,1,105,252,254,179,2,0,0,0,1,0,0,0,0,2,1,0,2,0,0,0,1,2,3,3,5,0,1,0,166,253,253,103,0,0,2,0,2,2,0,2,1,0,1,2,1,0,1,2,0,0,0,0,1,0,0,2,232,254,255,104,0,1,2,0,0,1,2,1,5,4,2,0,2,0,0,0,4,2,1,0,0,1,3,1,228,255,242,0,0,2,0,2,5,0,0,0,0,2,0,1,1,4,0,2,0,2,2,5,2,2,0,0,231,255,240,1,1,0,0,0,0,7,2,0,3,0,0,0,0,1,0,0,2,0,3,2,0,2,2,0,230,255,242,2,0,3,2,0,0,1,1,0,0,0,1,1,0,3,0,0,0,0,2,0,0,0,3,0,229,252,212,1,0,1,0,1,0,0,3,0,3,0,4,2,0,0,0,0,0,5,0,1,0,0,0,30,241,249,123,0,0,0,3,3,3,3,1,0,0,0,0,4,0,0,2,2,0,2,0,0,1,1,0,97,253,253,122,1,0,0,0,0,0,0,0,0,0,1,0,1,1,0,0,2,0,0,2,0,1,3,0,11,231,255,123,1,0,0,6,0,0,0,1,1,0,0,0,0,2,0,0,0,0,4,0,0,2,1,0,0,178,254,126,1,2,4,0,0,0,1,2,0,0,1,3,2,1,0,0,0,0,0,0,0,2,0,0,0,60,247,120,2,0,0,1,0,1,3,0,1,4,3,0,0,0,1,0,0,1,0,4,0,1,0,0,0,0,1,0,1,0,0,3,1,5,0,3,0,1,0,0,0,0,0,0,0,0,0,2,1,3,0,0,4,0,0,0,0,0,0,4,4,1,1,3,4,2,0,0,1,2,0,0,0,1,2,0,0,0,0,0,1,0,1,0,5,0,1,1,0,0,1,1,0,0,0,1,0,3,2,0,0,2,1,0,4,2,0,0,0,0,0,0,1,0,0,0,0,0,0,2,4,0,0,2
0,1,4,2,2,3,1,0,0,1,3,2,1,0,0,0,0,0,0,4,0,0,1,0,0,0,1,2,0,1,0,1,0,0,0,0,0,0,2,0,7,0,0,3,0,0,0,0,2,0,1,3,0,0,0,2,2,2,0,0,1,0,0,0,1,1,0,2,0,1,0,0,0,0,0,1,2,0,3,2,0,5,0,0,2,3,0,3,1,1,2,0,0,0,0,0,0,0,0,0,0,0,0,1,0,0,0,0,0,0,0,1,0,2,0,0,2,0,0,0,0,3,3,0,0,0,0,0,0,1,0,0,0,3,1,3,0,2,0,0,0,1,0,0,1,0,0,2,0,1,7,83,132,219,255,250,255,253,252,204,134,18,2,0,2,0,0,2,0,1,2,0,0,0,0,1,21,154,251,254,245,240,243,243,236,141,117,220,254,250,142,16,0,1,0,4,2,0,0,0,1,2,1,13,204,253,222,111,36,0,0,2,0,2,0,0,93,229,253,144,6,4,0,0,0,0,2,1,1,0,0,94,253,235,40,2,7,0,0,0,1,0,2,0,0,47,245,250,5,0,1,0,1,7,3,0,0,0,0,142,253,207,1,0,0,0,0,2,0,2,3,1,0,2,147,181,0,0,0,0,0,0,0,0,2,0,0,124,253,181,11,0,2,0,0,0,0,0,0,0,2,0,0,50,0,1,2,3,0,2,0,0,0,0,1,20,231,252,114,0,3,0,0,1,1,0,0,0,0,0,3,5,3,1,1,3,4,0,0,0,0,0,3,2,67,250,245,148,0,0,0,0,1,2,0,2,1,0,1,3,0,2,1,1,0,4,1,2,0,1,0,3,10,89,230,243,155,15,4,0,0,3,0,1,0,1,0,0,1,2,3,1,1,1,0,0,0,0,0,0,0,3,66,232,255,175,50,0,2,0,0,2,2,0,2,1,1,1,1,2,0,0,0,0,0,0,0,0,0,0,0,59,233,254,205,50,0,0,0,2,0,3,0,0,0,0,0,2,4,1,5,0,2,1,0,3,0,0,0,0,36,161,255,236,41,3,0,0,1,0,0,0,1,1,0,3,4,0,2,3,0,1,0,0,1,2,2,0,1,11,156,252,215,81,0,2,0,1,0,6,0,2,0,0,1,2,0,0,1,4,0,0,3,0,1,0,0,0,11,155,251,173,4,0,0,2,0,0,3,0,3,0,0,0,2,2,1,0,1,0,1,2,3,0,2,0,2,10,203,239,36,0,1,2,0,4,0,0,0,0,1,0,0,2,3,4,2,0,0,0,1,2,0,4,5,1,197,250,91,1,4,2,2,0,1,0,0,0,0,3,2,4,2,6,0,1,4,0,0,0,0,0,0,0,195,249,162,4,1,1,0,0,0,1,1,0,0,1,0,0,2,0,2,0,2,1,0,76,112,110,138,235,249,255,111,1,3,0,1,0,4,0,4,2,2,0,0,2,1,1,118,122,116,194,244,247,252,248,250,251,254,118,6,4,0,0,0,0,0,0,0,0,2,1,0,0,3,3,72,135,255,253,255,255,251,226,191,130,31,3,1,3,0,0,4,1,5,4,1,0,1,0,0,0,0,2,4,0,0,0,1,0,0,1,0,3,0,0,0,0,2,2,0,0,0,0,0,2,1,0,0,2,0,0,0,4,1,0,2,2,0,1,1,0,0,0,0,0,5,2,1,1,0,5,5,0,0,0,4,1,0,3,0,0,2,0,0,2,0,0,0,0,3,5,0,2,2,1,0,0,0,1,2,0
0,0,0,0,3,3,1,0,1,3,0,0,0,0,0,0,0,0,1,3,1,1,5,0,0,0,0,0,0,4,2,1,0,2,0,0,3,6,0,0,0,0,0,1,0,2,0,0,0,1,1,3,0,0,0,0,0,0,0,0,0,0,0,2,1,0,0,5,0,0,3,0,0,3,0,1,1,6,0,0,0,1,0,0,1,0,0,0,4,0,0,0,0,0,0,0,1,0,0,0,4,0,2,0,0,2,3,0,0,0,4,0,0,0,0,1,0,0,0,0,3,1,0,1,0,0,0,0,0,3,2,1,1,0,0,1,0,2,1,0,0,0,0,0,0,1,1,0,39,102,221,253,253,254,252,255,238,125,23,0,2,0,0,6,4,0,1,0,2,0,1,4,0,0,8,94,240,201,138,86,40,39,46,99,197,252,178,0,0,0,0,2,0,0,0,1,0,1,0,1,1,0,107,255,152,41,2,0,0,0,0,0,69,249,212,10,0,1,3,0,1,0,0,0,2,0,0,1,2,0,169,66,0,0,2,0,1,0,3,0,2,197,223,19,0,0,1,4,0,0,3,0,3,0,0,0,0,0,21,0,0,1,0,1,0,2,0,0,21,216,196,0,0,1,2,0,3,0,0,0,2,0,4,0,2,1,4,0,1,0,0,0,3,3,4,2,162,255,138,1,2,2,0,1,0,1,3,0,0,0,0,0,1,1,0,1,2,0,0,0,0,1,23,182,249,159,15,6,4,0,0,0,2,1,0,0,0,0,0,2,3,2,0,0,0,3,31,80,118,177,240,253,255,90,2,0,4,4,0,0,0,2,3,3,2,1,3,0,2,0,2,0,5,0,152,252,253,217,212,215,238,247,107,0,0,0,2,0,0,2,1,1,2,0,5,0,1,0,0,0,1,0,18,59,57,4,0,0,28,134,238,70,3,2,0,0,0,3,0,0,0,0,0,0,0,0,0,1,0,2,0,1,3,0,0,0,0,0,231,228,4,0,4,0,3,0,0,0,3,0,0,0,0,0,0,0,0,3,2,0,6,1,0,0,2,1,157,232,3,0,1,0,0,2,4,0,0,0,0,0,1,4,0,0,0,0,0,1,0,0,0,1,0,4,188,231,0,0,1,1,1,0,2,0,0,3,0,1,5,1,0,1,0,1,0,0,4,0,0,0,0,52,254,238,1,0,4,1,0,2,0,2,2,1,2,0,2,0,4,114,74,0,0,2,0,2,2,0,3,132,254,125,0,0,0,0,0,0,1,0,2,0,0,0,1,0,127,251,0,2,1,0,1,0,3,1,124,254,199,18,1,0,1,0,0,3,3,3,0,2,3,2,1,3,235,254,8,2,0,0,2,1,28,182,251,208,16,0,1,0,1,0,0,1,1,0,0,3,3,0,1,2,208,255,126,25,0,1,0,101,236,249,198,45,0,0,2,3,0,1,0,2,0,0,3,0,0,2,2,1,79,246,247,240,233,233,236,254,212,115,15,0,4,0,0,1,6,0,6,2,2,0,4,3,0,1,0,0,0,44,152,191,194,151,156,59,9,3,2,0,0,2,0,1,2,0,0,3,4,0,0,1,0,0,0,1,0,0,0,0,2,0,0,3,0,0,6,0,0,2,0,2,3,0,0,3,3,0,0,0,2,0,0,1,0,2,0,3,0,3,2,2,0,0,4,0,0,0,0,0,0,0,0,1,1,0,0,0,0,1,0,0,0,0,0,6,0,0,0,4,0,0,0,2,5,1,2,0,0,5,0,2,0,0
0,0,0,0,2,0,0,0,0,2,1,0,0,0,1,1,0,0,0,2,0,0,0,0,1,4,0,0,1,0,0,2,0,2,0,1,0,0,5,4,0,0,1,0,0,0,0,1,2,0,2,0,0,2,0,1,1,2,3,0,1,0,0,2,2,1,3,4,2,0,0,2,0,2,1,1,0,4,1,0,0,0,0,0,0,0,0,0,1,0,0,0,3,0,0,0,1,0,2,0,0,0,0,4,0,0,0,0,0,1,3,4,4,0,0,0,0,1,4,0,1,3,2,24,143,165,253,255,245,118,7,0,0,0,0,1,2,1,0,0,3,1,3,3,2,4,2,1,0,15,146,242,255,255,209,199,229,252,84,0,0,0,0,0,3,0,0,1,0,0,3,0,0,0,0,1,10,173,253,212,159,55,12,0,55,252,196,9,1,0,4,0,1,1,2,0,3,2,0,2,0,1,5,3,83,254,214,30,0,1,2,0,27,255,253,25,0,0,0,0,1,3,0,0,3,0,0,4,3,2,0,0,79,223,50,4,0,0,3,0,30,252,152,4,0,0,0,0,0,0,0,0,2,0,1,0,0,2,4,0,5,0,0,2,0,0,3,0,59,255,57,0,1,0,3,0,1,0,0,2,0,0,1,0,0,0,2,3,4,1,0,1,1,2,3,0,176,239,34,0,0,0,0,0,2,0,1,0,0,0,0,0,0,0,0,0,1,3,1,4,2,0,0,149,244,57,0,1,0,2,1,0,3,0,0,0,0,2,1,1,0,0,0,0,0,0,0,0,0,9,154,252,153,2,2,0,0,0,2,0,0,4,0,2,0,5,0,1,2,0,1,0,3,0,0,4,43,186,252,205,0,0,0,1,2,0,1,4,1,3,2,0,0,0,1,0,0,0,0,3,2,0,2,0,143,253,255,248,181,2,1,3,0,0,0,0,3,0,0,4,2,0,1,0,1,0,0,0,0,0,0,0,13,51,138,241,247,201,25,2,2,0,1,0,0,2,0,2,0,1,0,3,0,0,1,3,1,0,2,0,0,1,0,1,178,255,129,4,3,2,0,4,0,0,1,0,0,0,0,0,1,2,3,0,0,0,0,0,2,3,0,1,23,234,255,54,1,0,2,1,0,1,2,2,2,0,3,4,4,0,2,0,0,0,0,0,79,0,0,0,4,79,250,141,0,0,0,0,0,0,1,3,1,0,0,0,1,0,0,0,2,0,42,212,72,0,0,0,0,30,229,141,0,0,0,1,1,0,2,0,0,1,3,0,2,0,0,0,2,6,206,206,1,0,2,2,0,67,255,139,0,1,0,0,0,2,0,0,2,2,1,0,0,0,0,0,0,52,253,248,156,48,0,50,121,228,234,56,0,0,0,1,0,2,2,0,3,0,4,0,0,0,0,3,1,15,208,250,255,245,197,248,253,196,60,0,0,2,0,2,0,3,0,0,3,2,2,3,0,2,0,1,1,0,22,76,207,254,252,204,82,9,1,1,1,0,0,0,4,1,0,0,0,2,0,0,0,1,0,0,0,0,0,0,1,0,2,0,0,0,0,2,2,2,0,1,0,0,1,3,1,0,0,4,4,0,0,1,0,1,1,0,2,0,0,0,0,0,0,1,0,0,1,0,4,3,0,0,0,0,0,4,0,0,0,0,0,0,1,0,0,0,0,0,0,0,2,0,2,2,2,0,0,0,2,0,0,2,1,0,0,0,1,0,0,0,0,0,0,2,0,0,0,0,0,4,0,3,3,0,1,0,0,0
6,0,0,0,1,0,0,2,0,0,0,3,0,0,0,0,0,2,0,1,0,0,0,0,3,1,0,0,0,4,0,5,0,0,3,0,1,2,1,0,1,0,1,0,0,0,2,5,3,0,0,2,3,6,2,1,0,0,0,0,0,0,1,3,0,1,1,1,0,1,1,0,0,4,0,1,0,0,0,2,2,0,0,0,0,0,1,0,0,3,0,2,0,0,0,0,0,4,1,0,0,1,0,1,1,0,0,2,0,0,2,2,1,1,1,3,0,1,0,0,0,0,0,0,0,0,0,2,5,0,2,3,1,1,4,3,0,0,1,0,2,1,1,1,1,0,5,1,0,0,0,0,44,120,220,238,48,2,0,0,2,0,0,3,0,0,0,4,0,3,3,0,1,1,3,3,1,9,95,231,239,253,254,254,242,53,0,0,1,1,1,2,0,1,1,0,3,2,0,0,2,0,0,0,9,160,254,255,227,178,190,255,252,166,4,0,3,0,2,1,3,1,0,2,3,0,2,3,0,0,0,12,158,255,249,144,39,1,38,236,253,250,121,0,0,2,1,0,1,0,0,3,0,0,0,5,4,0,0,56,254,251,164,4,2,1,1,69,251,252,220,26,0,0,0,0,2,0,0,0,0,2,0,0,2,0,0,57,252,245,50,3,0,1,1,36,254,255,249,36,0,2,0,0,3,6,5,4,0,0,0,0,2,3,0,128,253,242,0,0,0,1,4,168,250,254,255,33,0,0,2,0,6,0,0,0,0,0,3,0,2,0,1,195,255,180,2,0,0,1,0,29,255,252,254,35,0,2,0,0,0,0,1,1,2,0,1,3,0,1,65,246,255,150,0,1,1,0,0,28,255,255,255,31,1,0,0,0,0,0,0,2,0,1,0,0,0,1,11,207,255,255,209,69,41,0,0,26,226,250,255,34,2,0,0,0,1,2,0,1,1,1,2,0,1,0,1,81,237,255,255,249,229,188,191,169,167,252,253,40,2,0,4,0,0,0,2,0,0,3,5,0,0,0,2,1,83,241,253,254,254,255,255,255,251,254,254,35,2,0,3,1,2,6,0,0,1,0,0,5,0,0,1,3,1,64,107,168,247,249,252,255,250,255,255,32,0,0,0,0,2,0,2,2,4,3,0,3,6,1,0,2,0,1,1,0,0,34,154,181,254,255,253,105,1,1,0,0,1,2,0,1,0,2,0,0,0,1,0,0,0,0,2,0,0,0,0,8,149,255,254,117,0,0,2,0,0,0,0,0,0,1,0,0,2,0,2,0,0,1,5,1,2,1,3,0,23,254,252,79,0,0,5,1,3,0,0,0,0,2,2,1,0,0,0,0,0,2,0,0,1,0,0,1,6,250,251,174,0,0,0,0,0,0,0,2,4,0,0,1,0,0,0,0,0,0,1,0,1,0,2,3,5,255,250,183,5,0,0,1,4,0,3,0,0,4,1,3,2,0,0,1,1,0,3,2,2,0,0,0,9,240,255,255,55,2,0,0,1,0,3,0,0,4,1,0,5,0,0,3,3,0,1,0,0,0,2,1,0,124,255,252,128,0,0,0,2,0,0,1,3,0,0,0,0,2,0,0,0,0,0,2,0,1,3,0,2,0,2,3,0,1,0,0,0,2,0,0,3,1,0,0,0,0,0,1,1,0,2,2,1,2,3,0,0,0,0,2,4,0,1,0,0,0,0,2,0,0,1,2,0,0,0,1,2,7,0,0,0,0,3,0,0,0,0,0,0,0,0,0,0,4,0,4
2,3,0,0,4,0,2,0,2,0,0,1,0,1,0,5,1,1,0,0,4,4,3,0,0,0,0,0,0,0,0,1,2,0,3,1,0,0,0,1,0,1,0,0,0,0,0,0,1,0,0,0,5,2,1,0,0,0,0,0,0,0,1,0,0,1,0,0,0,0,0,1,0,0,1,0,3,0,0,0,1,1,0,0,0,0,0,2,0,1,3,0,0,1,0,0,1,0,1,1,0,0,0,1,3,2,0,0,5,0,4,4,1,0,0,1,1,0,2,0,1,0,1,0,3,0,0,0,0,2,1,0,3,0,0,0,1,3,4,5,0,0,0,0,2,3,0,6,0,0,0,0,0,0,0,0,0,3,4,0,1,0,0,0,3,0,0,0,3,0,0,0,1,0,0,2,1,0,0,4,3,0,1,1,3,0,0,1,1,1,0,0,2,0,0,2,0,0,1,0,0,0,0,1,47,128,155,198,230,242,222,36,4,1,0,1,0,0,2,0,0,6,0,0,2,1,1,1,1,21,119,219,247,255,241,241,255,253,252,233,135,44,0,0,0,0,0,0,0,0,0,1,0,0,0,0,27,146,253,255,216,108,36,32,77,127,251,255,253,145,39,0,0,0,1,4,0,0,1,0,0,0,0,1,94,252,224,95,14,1,0,0,2,0,16,162,255,253,146,1,0,4,0,0,0,3,0,4,4,0,2,8,205,234,37,4,0,1,1,1,6,1,1,26,231,255,248,99,0,0,0,0,0,1,1,0,0,0,0,15,193,51,4,1,3,2,0,0,1,0,0,0,172,255,255,174,1,2,2,0,0,1,5,0,5,1,0,2,0,0,0,1,0,2,0,0,0,0,1,0,97,255,254,172,0,3,0,0,1,1,5,0,1,0,1,0,2,4,2,2,0,1,0,6,0,0,0,0,104,255,251,174,0,0,3,0,0,1,2,3,2,2,0,0,5,0,0,4,1,0,0,0,0,0,0,0,82,254,255,175,0,1,0,1,3,0,0,0,4,0,3,0,2,0,1,1,1,0,1,6,0,0,0,2,148,251,249,135,0,3,0,0,0,0,3,0,1,0,0,0,2,0,4,1,0,0,0,0,0,0,0,4,196,252,136,0,0,2,0,3,0,0,1,0,4,1,0,0,1,0,0,0,3,0,0,1,4,0,1,39,242,253,93,0,0,1,1,1,0,0,0,0,0,0,0,2,0,0,1,0,1,3,0,0,0,0,0,206,252,234,28,2,5,0,0,1,1,2,0,3,0,1,0,4,2,2,4,0,0,1,3,0,0,9,137,248,255,142,0,0,0,3,0,1,1,0,3,0,0,0,0,0,0,0,0,0,1,0,0,0,4,130,250,253,217,23,2,0,3,0,3,0,0,2,0,0,2,1,0,3,3,0,2,0,0,0,1,1,139,252,253,188,21,0,0,0,2,0,2,0,0,4,8,0,4,0,1,0,5,3,1,2,2,0,3,91,253,251,204,9,0,3,0,0,1,2,1,0,0,1,4,2,0,2,1,4,0,1,0,0,1,0,47,212,251,173,0,3,4,0,6,1,0,0,1,0,0,1,0,0,0,0,2,0,0,3,0,1,0,1,136,254,167,0,1,0,0,0,0,1,2,0,0,0,1,2,1,0,2,0,2,0,5,0,0,1,0,0,123,120,0,0,0,1,0,0,2,0,4,2,1,4,0,4,0,0,0,3,0,0,2,1,0,1,2,0,2,0,1,3,0,0,1,0,2,1,1,0,0,4,1,2,0,3
2,0,0,2,0,2,3,0,1,0,3,0,2,0,0,0,2,3,1,2,0,3,0,5,0,1,0,0,0,1,1,0,0,0,4,0,0,1,0,5,2,2,0,3,0,4,2,0,0,0,3,3,0,0,0,0,3,0,3,1,3,0,0,0,1,4,2,1,0,5,0,0,0,0,0,0,0,0,2,1,1,3,0,0,0,0,0,0,1,1,1,1,3,0,3,1,0,0,0,3,0,0,0,0,2,5,1,2,0,0,0,0,3,0,2,0,1,0,0,6,0,0,0,3,0,0,0,4,0,1,2,0,0,4,0,4,0,0,0,0,3,0,2,1,0,0,0,1,0,21,133,139,142,171,160,139,139,65,7,2,5,0,4,0,2,2,0,0,0,2,2,0,3,0,4,8,77,240,255,249,252,255,253,252,251,255,188,119,3,2,0,0,3,0,0,0,3,1,0,5,3,0,2,128,252,252,254,251,251,173,69,67,70,140,235,252,56,2,1,0,0,4,1,0,2,0,1,0,0,2,0,163,254,253,119,50,69,44,5,0,1,0,139,253,235,4,0,0,0,0,3,3,1,0,0,3,1,1,3,11,138,254,125,3,2,0,0,1,0,0,9,212,251,1,0,1,1,0,0,3,4,0,0,2,3,1,0,2,68,255,200,76,10,2,0,0,0,5,51,230,255,50,0,1,0,4,0,0,1,0,0,0,1,3,1,0,55,222,252,255,193,168,164,165,161,182,255,252,215,0,0,1,0,1,0,1,1,0,0,1,0,0,1,3,2,22,201,255,253,249,255,254,254,255,254,253,139,67,1,0,1,0,0,1,0,0,0,0,3,2,5,0,0,32,219,253,255,251,251,252,251,252,254,250,253,251,78,0,0,0,0,0,1,3,0,4,2,0,0,0,63,239,254,249,178,55,22,20,77,26,23,119,188,255,163,84,3,0,0,0,1,1,0,2,3,0,0,109,255,254,240,109,0,1,0,0,0,2,0,0,2,185,255,223,26,3,1,0,0,0,0,0,8,0,8,178,252,254,61,0,6,0,2,0,1,0,0,0,1,8,122,255,115,1,2,0,0,0,0,0,0,1,24,252,253,149,5,0,0,0,1,0,0,0,0,0,2,0,48,249,203,9,1,2,1,0,3,4,0,1,25,253,255,45,1,0,0,0,1,1,0,0,1,0,0,1,139,253,164,1,0,0,3,0,1,0,4,0,23,250,250,96,0,0,0,0,0,0,0,1,1,1,0,0,163,255,110,0,0,2,0,4,0,0,0,2,13,204,254,255,31,0,0,0,0,1,2,2,0,0,1,12,211,250,40,1,0,0,3,0,1,1,1,0,0,141,252,252,213,103,15,0,0,2,4,0,0,0,1,120,254,164,1,2,0,0,0,4,0,0,3,0,0,16,122,252,252,255,212,149,65,7,0,15,72,108,187,253,189,24,0,0,0,0,0,0,1,0,0,1,0,0,15,87,243,251,255,253,255,211,211,211,253,252,253,200,59,0,0,0,1,0,0,0,4,0,0,0,0,0,0,0,22,82,137,226,255,249,251,251,254,253,149,11,0,2,4,2,1,4,3,1,0,0,1,0,0,4,0,0,0,0,0,0,2,3,0,0,2,3,0,3,2,0,0,0,0,0,0,0,3,0,2,0,0,0,0,0,0,0,0,3,0,0,0,0,0,0,0,2,0,0,0,0,0,0,2,1,0,0,0,2,2,4,1,0,3,0,0,0,2,4,1,2,1,0,0,0,0,0,0,0,2,0
1,3,0,1,0,0,0,0,0,1,0,0,1,0,1,1,3,0,2,3,0,0,2,0,1,2,5,2,1,6,0,0,2,0,0,0,0,2,3,0,0,0,0,3,4,0,0,4,6,0,1,1,0,0,0,1,0,3,4,2,0,1,0,0,0,2,0,2,0,2,0,0,0,0,1,0,1,0,2,1,0,0,0,2,1,0,2,1,0,2,4,0,2,2,3,3,1,2,7,36,137,166,254,255,226,41,0,0,0,0,0,0,2,4,4,0,1,5,2,1,0,2,0,3,1,4,159,253,251,255,192,176,198,117,2,2,0,1,0,0,0,2,1,0,3,0,0,4,0,0,0,0,6,159,255,252,181,30,6,0,10,5,0,3,0,0,1,0,0,0,0,0,0,0,7,0,2,2,0,7,161,253,224,88,3,3,4,0,1,0,0,2,0,0,2,0,0,0,1,1,0,1,0,3,0,1,37,161,252,250,61,0,2,0,0,2,3,0,2,0,0,4,4,0,2,0,0,1,1,3,1,1,0,0,119,252,252,43,0,0,0,3,0,0,2,0,0,2,5,0,0,1,0,0,0,1,1,2,0,0,0,16,193,253,135,8,0,2,0,0,2,2,1,2,3,0,1,1,2,0,0,0,0,1,1,1,0,3,5,119,253,217,13,1,1,3,3,0,0,0,0,5,1,1,0,2,0,0,0,0,0,1,0,0,1,0,4,197,255,99,0,0,0,1,0,2,0,0,0,0,2,0,2,0,1,3,2,2,1,0,1,0,0,1,45,255,219,2,2,0,0,0,0,2,0,1,0,0,0,1,0,0,0,0,0,0,0,0,0,3,0,0,46,255,138,1,0,0,3,0,1,3,2,2,2,0,2,1,0,0,0,0,0,2,0,0,1,0,0,2,46,253,134,1,0,0,0,2,3,0,0,0,0,1,1,4,0,6,0,3,0,0,0,4,0,4,0,0,36,238,159,82,168,170,167,169,169,138,40,1,0,0,0,0,0,3,4,0,3,0,0,0,0,3,0,0,75,245,254,255,255,255,248,255,254,253,232,136,0,2,0,1,0,2,0,2,6,3,0,0,3,1,0,64,254,249,248,228,118,20,7,9,63,189,244,252,140,3,2,0,0,2,0,0,1,2,0,0,1,0,1,115,242,141,246,237,134,7,0,0,0,1,66,221,253,70,0,1,0,0,0,2,3,0,7,6,0,4,0,22,79,0,94,248,251,110,0,0,0,1,1,133,252,148,3,1,1,3,0,3,0,0,0,0,1,2,0,0,4,2,2,93,248,255,179,101,38,36,34,151,250,249,8,1,0,0,3,3,3,0,0,0,2,0,3,0,0,0,0,0,59,182,252,252,251,253,254,255,249,223,2,1,0,1,0,5,1,0,3,4,2,0,0,0,1,4,0,1,0,3,63,148,200,250,249,201,119,24,0,0,0,3,0,2,1,0,2,2,0,0,0,2,1,1,0,0,0,0,4,1,2,0,3,1,0,0,0,1,3,1,0,0,2,1,5,0,0,1,3,2,0,1,3,0,1,0,0,2,0,0,0,1,0,1,3,2,0,0,0,1,0,0,0,0,0,5,0,0,3,1,4,3,0,2,0,0,0,0,0,0,1,1,0,0,4,0,1,3,0,0,1,0,0,0,0,2,0,0,3,0,1,3,2,0,3,0,2,0,5,5,2,0,0,0,0,0,0,0,1,4,5,0,0,2,0,2,2,2,0,0,2,2,0,0,2,0,0,0,0,0,0,1,0,0
3,0,2,0,0,2,2,1,2,3,0,3,0,0,0,2,2,0,0,0,3,0,0,0,0,0,0,0,2,3,3,0,0,0,3,1,0,3,0,1,0,0,0,1,1,0,1,0,0,0,2,1,0,0,1,0,0,0,1,0,0,0,1,2,0,2,0,0,2,1,0,0,1,1,1,0,0,0,0,0,0,0,1,0,0,1,3,0,4,0,1,0,0,2,2,2,0,1,0,35,193,99,2,5,0,5,0,0,0,0,1,1,1,0,4,0,0,0,0,1,1,0,6,0,4,0,40,221,255,220,0,0,1,0,0,0,0,0,0,3,0,0,1,1,4,0,1,0,0,0,1,0,0,112,221,249,252,189,4,0,1,2,3,0,1,2,0,0,0,0,0,0,0,1,0,0,0,4,3,2,4,154,253,250,211,26,2,4,0,0,0,0,0,3,0,0,2,0,4,1,0,3,0,0,0,0,5,0,107,252,255,248,192,0,6,1,5,0,2,0,0,1,0,2,0,0,0,1,4,4,0,0,4,2,0,28,207,255,255,254,55,0,0,0,3,0,0,0,0,1,1,2,1,0,0,1,1,0,1,4,0,0,0,57,250,250,255,174,9,0,1,0,0,0,0,1,0,0,2,0,0,2,1,0,0,4,0,1,5,0,0,49,234,255,254,232,42,1,0,2,0,4,2,0,0,0,0,1,0,1,8,5,0,2,2,0,2,0,0,0,155,254,252,249,153,1,2,0,2,1,2,0,1,3,0,0,4,1,0,3,1,0,4,0,0,2,0,0,27,250,253,253,223,44,0,0,0,4,2,4,0,0,1,0,0,0,0,0,3,4,2,0,0,0,1,1,0,140,255,253,255,227,2,0,3,1,0,0,2,0,1,2,1,0,0,0,0,0,2,0,0,4,5,2,0,12,91,245,247,251,144,47,0,0,2,3,6,0,7,5,2,3,2,0,0,1,2,1,0,0,0,0,1,0,4,180,242,250,254,228,25,3,0,0,2,0,1,1,0,0,0,2,2,3,3,1,1,3,0,0,0,0,2,1,99,249,251,255,25,0,0,3,0,0,1,0,2,0,2,0,0,1,4,0,0,0,2,3,2,3,0,2,59,251,252,253,28,0,0,0,0,2,2,0,2,4,2,0,0,0,2,0,64,66,0,0,0,3,0,101,222,254,255,255,28,0,0,1,4,4,0,1,5,0,2,0,0,0,0,29,240,177,87,84,85,164,227,250,251,252,201,31,5,1,0,0,0,3,0,0,0,0,0,1,0,0,2,29,252,253,249,251,255,250,252,251,240,100,23,0,0,2,2,0,0,1,0,0,0,0,3,4,0,0,2,25,239,251,251,249,254,253,223,178,63,3,1,1,4,1,2,0,0,0,2,0,2,0,1,2,2,1,0,4,63,112,112,216,157,115,0,0,0,2,3,1,0,1,1,0,2,0,0,2,2,4,1,1,2,0,0,0,1,2,3,0,0,0,3,1,6,2,0,0,0,3,0,0,0,3,1,1,0,3,0,0,0,4,0,0,0,0,0,0,0,0,0,0,1,0,0,3,2,0,0,0,3,0,1,1,0,1,2,0,0,0,4,0,0,5,0,0,3,0,0,0,6,0,0,0,0,0,0,0,0,1,0,0,1,1,1,7,6,3,0,1,2,0,0,2,2,6,0,0,0,0,1,3,0,1,0,1,1,4,0,1,3,0,0,0,0,0,0,2,3,3,0,0,0,0,1,0,1,0,0,0,0,2,0,0,0,1,0,0
0,3,2,0,1,3,2,0,1,2,0,0,1,0,2,0,4,0,1,0,0,0,0,0,0,3,1,2,0,0,3,0,0,0,0,4,0,3,0,0,0,0,3,1,0,0,0,0,3,4,3,0,0,0,0,2,0,0,1,1,0,0,0,1,7,0,0,1,0,0,0,2,1,1,0,0,2,0,2,0,0,0,0,0,0,0,1,0,0,2,0,1,132,245,66,0,0,0,1,1,1,0,1,0,0,0,0,0,1,1,2,5,0,0,3,0,0,1,0,9,235,90,1,2,0,2,4,2,3,2,0,3,2,0,1,1,1,0,0,0,3,0,0,2,0,2,0,16,242,22,0,2,0,0,0,2,2,0,1,0,0,4,0,0,0,1,1,1,0,2,0,1,0,1,2,17,237,0,0,4,0,4,1,3,0,0,0,0,0,0,1,4,1,2,0,2,2,0,0,0,0,4,4,20,237,3,0,1,0,0,0,2,0,0,0,2,0,2,2,0,1,4,2,1,0,0,0,0,5,0,0,15,233,0,0,1,0,1,4,0,0,1,0,0,4,0,1,1,0,0,0,5,1,2,2,1,0,0,0,17,235,0,0,2,0,3,0,0,6,0,3,0,0,0,2,0,2,4,0,0,1,5,0,0,0,2,1,19,235,0,0,0,0,0,1,2,95,179,61,1,0,1,0,0,0,0,3,2,0,0,3,0,0,0,0,18,236,3,0,1,0,0,0,42,243,228,221,23,0,1,1,3,4,0,0,0,0,0,0,1,0,2,0,20,235,2,1,2,3,6,0,114,199,33,243,120,1,2,1,0,1,1,1,0,0,2,0,1,0,0,0,4,191,49,0,1,2,0,0,205,160,1,163,187,2,0,3,0,3,1,3,1,2,0,0,0,0,0,0,2,99,192,0,0,1,1,0,221,116,0,147,194,6,0,0,0,1,7,2,0,1,4,4,2,3,2,0,0,20,236,12,0,1,0,3,206,117,2,150,186,0,1,0,2,0,0,0,4,0,2,0,0,0,0,1,0,6,223,105,0,0,0,0,113,222,146,238,184,2,1,4,0,0,0,0,3,0,4,0,3,2,0,0,0,0,72,216,3,0,0,0,19,107,106,193,186,2,0,0,2,0,3,3,2,0,0,0,1,2,0,1,0,0,9,198,124,0,3,0,2,2,0,146,187,0,0,2,0,0,0,0,5,0,0,0,0,0,3,2,0,0,0,26,231,52,0,0,0,0,5,225,110,0,0,2,0,5,0,3,0,0,3,3,0,0,0,0,0,0,3,2,55,221,79,1,3,0,38,247,47,1,0,0,0,0,2,2,1,0,0,0,0,0,0,1,1,2,0,5,0,74,255,200,124,101,215,196,2,0,1,0,0,4,0,2,1,0,2,0,2,1,2,0,0,0,0,0,0,0,16,157,175,187,162,38,1,2,2,1,0,0,0,0,0,2,0,0,0,2,2,2,3,2,4,0,0,0,0,0,0,0,0,0,0,0,0,0,0,0,0,1,0,3,3,0,1,0,1,0,0,0,0,0,2,1,1,2,0,3,3,0,0,1,0,0,0,0,0,0,4,0,0,0,2,3,0,0,1,2,0,3,0,0,0,0,0,0,3,0,0,0,0,0,0,1,0,0,2,0,0,3,0,1,0,1,2,3,1,0,0,0,1,0,2,0,0,0,0,2,0,0,7,1,2,0,2,2,0,0,0,1,0,3,0,0,2,0,0,0,2,1,1,0,0,0,1,0,0,3,0,3,0,0,2
1,0,2,0,1,0,0,0,0,3,2,1,2,2,0,0,0,3,2,1,3,0,0,4,7,1,4,0,1,0,5,0,0,6,0,3,1,0,0,2,1,0,0,1,0,1,2,4,0,4,0,0,0,0,0,1,0,0,1,0,0,0,4,0,1,0,1,0,0,0,0,0,0,1,0,0,0,0,0,3,0,1,0,1,0,0,0,5,2,6,3,0,0,0,0,0,1,3,0,0,0,0,0,2,0,0,0,1,0,0,0,3,0,2,0,0,0,0,0,2,0,0,0,1,2,1,1,0,0,0,0,0,1,0,0,5,0,3,0,0,0,0,0,3,2,2,1,0,0,0,0,2,4,39,149,208,124,0,1,0,2,1,2,0,0,0,0,3,0,3,2,2,0,0,0,0,0,3,0,0,0,144,255,253,165,2,5,0,0,0,2,0,1,1,0,0,4,0,2,0,1,0,1,0,0,4,1,1,0,172,253,255,115,0,0,0,1,1,0,0,0,0,0,2,0,0,0,6,5,0,0,0,1,0,1,0,0,169,250,254,65,2,5,0,1,0,1,1,0,0,2,0,4,1,0,2,1,0,0,0,0,2,0,0,0,165,255,255,67,2,1,6,2,0,4,0,4,3,0,0,0,3,1,0,0,1,1,0,2,2,0,1,6,186,254,248,52,0,3,2,0,5,2,0,0,1,2,0,0,3,0,0,0,3,3,1,0,1,2,0,23,255,252,208,0,0,0,0,1,0,0,0,0,0,0,2,2,0,1,3,0,0,1,0,1,1,4,0,23,253,253,210,0,3,0,0,0,0,3,3,1,0,0,0,0,0,0,0,2,0,0,0,2,0,0,0,25,251,255,208,0,0,3,1,0,3,2,0,0,4,0,0,0,6,0,3,0,0,0,0,1,0,0,4,21,255,253,215,4,4,0,0,0,3,0,0,0,0,0,3,0,0,0,0,0,0,0,4,0,1,1,0,24,253,254,151,0,3,2,0,2,0,0,2,0,0,1,0,0,0,0,0,0,1,1,0,0,0,0,0,22,254,251,187,2,0,5,0,0,0,3,2,0,0,0,0,4,3,0,1,0,0,1,3,0,2,0,1,24,255,251,214,1,0,0,0,0,0,0,0,0,1,3,0,0,2,0,0,0,4,0,0,0,0,0,3,26,254,252,142,1,1,0,2,0,2,2,2,1,2,1,0,1,3,0,0,0,3,2,0,0,0,0,0,20,254,255,105,0,0,0,2,0,0,0,0,1,4,1,0,3,1,0,1,0,0,0,0,3,2,0,0,21,252,255,105,0,0,0,1,1,0,0,1,2,1,0,0,0,1,4,0,0,0,0,0,1,0,1,0,22,255,251,109,1,0,0,0,0,0,8,0,1,2,2,1,1,0,0,0,0,0,2,3,2,0,0,1,22,254,252,105,0,2,0,3,3,0,0,0,0,1,0,1,0,0,0,0,0,2,0,0,0,0,0,2,19,230,255,107,2,0,0,1,0,2,0,1,0,3,1,0,0,0,0,0,0,0,1,3,2,0,0,0,0,167,208,21,0,3,0,0,0,0,0,0,0,0,0,0,0,0,4,0,2,0,0,2,0,0,0,2,4,0,0,1,0,4,0,3,0,1,0,4,1,1,0,0,0,0,0,1,4,3,0,0,2,0,0,0,1,0,0,0,0,1,0,1,1,0,0,0,0,1,1,0,4,0,0,4,0,2,2,1,0,0,1,2,3,1,3,2,0,0,0,0,0,0,0,2,0,1,0,3
0,0,0,0,0,0,3,2,4,0,3,1,1,0,0,0,0,1,2,0,4,2,1,0,4,0,2,2,0,1,1,0,1,0,0,2,0,1,4,0,1,0,0,1,3,0,2,0,0,2,0,0,4,0,0,0,0,0,0,1,0,0,0,2,3,0,0,0,1,2,0,2,3,0,1,2,3,2,0,3,0,1,2,2,0,0,0,3,3,2,1,1,1,0,0,0,4,0,0,0,3,0,0,2,0,0,3,0,3,0,4,0,1,4,0,1,6,0,0,0,4,0,0,7,124,172,186,255,237,172,75,2,0,0,3,0,0,4,3,5,0,0,2,0,0,0,0,0,3,0,1,38,255,255,254,255,254,255,254,111,0,1,2,1,1,0,0,3,1,1,0,0,2,0,0,3,1,4,1,35,255,204,160,157,155,242,252,187,5,0,4,4,0,2,0,0,0,0,1,2,0,0,3,0,0,0,0,24,140,15,3,1,45,243,253,117,0,0,0,0,0,1,0,1,1,1,0,0,0,0,0,0,1,1,0,2,3,2,4,108,227,254,199,5,0,0,2,0,1,0,0,0,1,0,6,0,0,0,0,0,0,0,0,0,1,22,162,255,253,198,30,1,2,0,0,0,0,0,2,0,1,1,0,0,0,1,0,0,0,1,1,4,110,227,251,246,161,25,1,2,1,2,0,0,1,0,0,0,2,0,2,0,0,3,1,0,1,0,71,192,251,255,255,226,117,68,3,2,2,0,1,2,1,0,2,0,1,0,0,1,0,0,0,1,15,211,252,255,253,253,253,255,254,253,190,100,7,4,0,0,3,0,0,1,0,2,0,1,0,2,2,5,79,252,249,202,158,122,110,102,63,190,255,255,124,0,0,0,0,3,0,0,4,1,2,0,0,0,0,2,4,93,34,0,3,0,1,0,1,15,143,252,242,64,0,0,0,0,2,0,1,0,0,0,1,5,0,0,0,0,0,0,0,0,0,2,0,1,0,147,255,192,3,0,0,0,0,0,0,0,0,4,0,0,0,2,3,1,1,0,1,1,0,0,2,2,1,33,246,253,8,0,0,0,0,0,0,0,1,0,0,0,2,156,42,0,0,0,0,0,0,0,0,1,0,17,242,255,7,0,0,3,0,0,0,0,0,0,0,0,209,194,0,0,0,0,3,0,0,2,0,0,0,90,253,255,8,2,1,0,2,0,1,2,0,0,0,7,255,79,0,0,2,2,0,0,0,0,5,0,60,241,255,182,3,1,2,1,0,0,2,1,1,0,0,11,251,173,2,1,0,3,0,1,1,0,63,166,249,253,213,41,2,0,1,1,0,0,0,0,1,0,0,9,255,255,149,78,73,76,76,86,157,229,255,252,253,255,108,0,0,3,3,0,0,5,0,0,2,0,1,0,129,252,253,255,255,255,250,250,255,253,253,254,232,70,4,1,0,0,3,0,0,0,0,0,5,2,0,5,1,129,255,252,253,254,255,252,251,211,151,70,2,0,0,0,0,0,0,2,3,1,2,0,0,0,2,1,6,0,0,0,3,4,0,0,2,0,3,2,4,0,4,1,2,0,4,2,0,0,0,0,0,3,0,0,0,3,0,0,1,0,2,5,0,1,0,0,1,3,5,0,3,0,1,2,3,0,1,5,0,0,4,1,2,0,0,3,3,0,2,1,0,1,1,1,0,2,0,0,0,0,0,1,2,0,4,0,0,2,0,1,3,2,3,4,3,0,1,0,1,0,0,0,0,0,0,0,0,1,0,2,0,2
2,1,3,2,4,6,0,0,0,0,3,0,0,0,0,0,0,0,6,3,0,1,0,5,0,0,0,2,3,0,0,0,1,0,0,0,0,0,0,0,1,0,1,0,1,0,0,0,0,0,1,0,1,0,1,2,4,1,0,0,0,0,1,0,0,0,0,0,0,0,0,0,4,0,4,0,0,3,0,1,1,0,0,0,3,0,0,1,5,0,1,0,1,2,0,0,3,0,3,1,0,0,0,2,0,1,1,0,0,1,1,0,0,0,0,0,0,0,0,2,0,4,0,1,2,0,0,0,5,0,99,254,79,3,0,0,0,2,0,0,1,0,3,0,1,0,0,4,1,0,0,0,26,70,49,0,1,103,246,209,27,0,0,0,0,0,0,2,2,1,0,0,0,4,3,1,0,0,5,133,242,252,152,1,16,194,243,69,0,0,0,0,0,1,4,0,0,0,0,0,0,1,0,0,5,54,213,255,181,53,8,15,191,253,113,0,4,1,0,0,0,0,0,0,0,0,0,2,0,2,2,0,53,248,247,137,12,0,0,144,250,144,6,0,0,0,1,0,0,0,2,0,4,0,0,0,0,0,0,38,221,250,75,6,3,2,51,234,215,16,1,0,0,1,5,2,5,0,5,0,0,3,0,3,0,0,0,140,250,250,61,2,0,0,207,252,65,0,3,0,3,1,3,0,0,0,0,0,0,0,2,0,4,1,0,51,237,255,251,90,2,105,253,143,0,0,0,3,0,0,0,0,1,0,4,1,3,0,1,0,1,0,2,2,97,182,254,248,120,201,252,30,1,0,0,4,0,5,2,0,2,0,0,0,2,0,2,0,0,0,2,0,7,0,139,248,253,250,140,0,0,1,1,1,0,0,4,1,0,0,1,2,0,0,3,1,0,0,0,2,0,4,0,81,253,255,255,202,37,1,3,0,1,0,0,0,1,1,2,2,2,0,0,0,1,4,1,0,0,1,1,104,255,209,253,252,225,69,0,0,0,1,0,1,1,1,2,0,0,0,0,0,0,3,0,3,0,0,0,186,251,63,76,227,253,218,42,0,3,2,0,0,2,1,4,0,2,0,0,3,2,0,1,0,1,0,7,207,195,1,0,44,196,255,224,43,0,1,0,0,4,0,1,0,0,0,4,0,4,1,0,0,0,0,41,254,113,0,0,0,43,223,253,224,41,0,0,1,0,1,1,0,0,2,3,0,0,0,6,0,3,3,189,252,70,0,2,0,1,67,253,251,136,0,0,0,0,2,0,0,0,0,0,3,0,1,0,3,3,0,159,255,70,6,0,0,4,100,255,255,99,0,0,0,0,0,0,0,1,0,1,0,0,1,0,2,5,0,113,251,141,12,77,111,156,254,251,221,13,0,0,1,2,0,0,3,1,0,2,1,1,0,0,0,5,0,40,227,254,227,254,255,255,252,230,49,0,0,1,3,0,3,0,0,0,1,1,0,0,1,3,1,0,3,2,33,142,198,228,163,167,91,8,0,1,4,0,5,0,0,2,3,1,1,0,3,0,1,1,1,2,0,5,5,0,3,0,0,2,3,0,2,1,0,2,0,0,0,1,3,0,1,4,0,0,1,0,6,4,3,2,7,2,2,0,0,1,2,0,0,0,5,1,6,0,0,1,0,0,3,1,3,0,0,0,0,0,0,1,0,0,3,0,5,0,0,3,3,0,2,0,0,3,4,6,0,0,2,0,2,0,0,0,0,0,0,2,0,0,1,0,3,0,0,0,3,1,0,4,1,0,0,0,2
1,0,0,0,4,3,4,0,4,0,0,3,0,2,2,3,1,1,0,3,4,0,0,0,2,3,0,0,1,0,0,4,0,1,0,1,2,0,0,0,0,0,2,0,0,1,1,0,0,1,0,0,2,1,3,1,0,0,2,0,0,0,2,3,3,2,0,2,0,0,1,6,0,3,8,3,1,0,0,1,0,1,0,0,1,1,4,0,0,1,5,0,0,0,0,4,0,0,1,0,0,0,0,0,0,4,5,2,0,2,0,0,1,1,0,3,1,1,0,1,0,1,1,2,0,1,1,0,0,0,0,0,0,3,2,0,0,0,3,0,3,1,0,2,0,2,3,0,0,2,1,0,1,255,253,252,108,0,0,0,5,7,0,0,0,0,0,0,0,1,0,0,0,2,0,1,3,0,0,0,1,253,250,252,247,0,0,0,0,0,4,2,2,0,3,4,0,0,3,0,0,0,3,0,4,3,0,1,2,254,255,252,255,1,3,0,4,2,3,3,0,0,1,0,0,0,2,0,0,0,0,0,2,0,6,0,0,254,252,252,255,0,0,0,0,0,0,0,2,3,0,0,0,3,1,0,0,1,0,0,0,0,0,0,0,254,251,252,255,2,1,0,0,4,0,0,1,5,0,2,1,0,2,1,0,1,4,0,1,0,2,5,0,253,253,250,253,3,0,3,2,2,0,1,2,0,0,0,0,0,0,0,0,0,0,0,0,3,4,3,0,250,252,252,253,0,2,0,3,1,0,0,0,0,0,0,0,0,0,0,1,0,3,0,0,3,0,0,1,250,248,248,252,2,0,0,3,6,0,2,1,0,1,0,1,1,1,0,2,0,0,5,0,2,0,1,115,255,253,254,189,2,0,2,0,1,3,0,0,0,2,1,0,0,0,0,0,0,1,0,0,0,7,0,116,255,252,249,137,0,0,0,0,0,4,0,0,0,0,0,3,0,0,0,0,0,0,0,1,5,0,0,111,252,253,250,192,0,1,0,1,0,0,1,0,2,0,0,5,2,0,1,0,0,0,0,3,0,0,1,62,250,251,252,136,0,2,3,0,0,0,0,1,0,0,3,5,0,1,0,2,2,0,2,0,0,0,0,2,252,253,251,142,0,3,0,0,0,3,0,0,0,0,1,1,0,0,2,2,4,0,2,1,1,2,0,0,255,254,251,143,5,1,1,0,0,0,0,0,0,1,2,0,0,0,0,0,0,0,1,0,0,0,4,0,251,255,247,105,0,3,0,0,1,0,4,0,0,3,0,0,3,0,0,0,3,3,1,1,0,0,0,0,253,250,249,26,0,0,2,0,0,4,0,2,0,1,0,1,2,2,0,0,0,0,0,0,0,2,0,0,202,254,251,28,0,5,2,4,2,3,2,0,1,0,0,0,0,2,4,0,2,0,0,0,0,2,0,4,180,253,252,25,2,0,0,0,2,1,0,2,2,0,0,0,0,2,2,0,0,0,0,0,1,1,0,8,105,255,187,9,1,0,2,0,2,0,4,0,0,0,0,2,5,1,0,0,0,0,0,0,0,3,3,1,4,124,118,0,1,0,0,2,0,0,0,1,2,0,0,2,2,0,0,0,0,0,0,1,1,0,1,1,2,0,4,0,0,0,3,0,1,2,0,0,0,2,0,0,3,0,0,1,0,4,1,1,1,0,6,0,0,2,0,0,2,2,0,0,1,0,0,0,1,2,0,2,0,0,0,0,1,1,4,0,2,0,0,2,0,1,0,2,1,3,2,0,0,1,0,0,0,0,0
3,0,4,0,0,2,0,0,2,2,0,0,0,0,2,3,0,1,0,0,0,0,0,0,1,0,0,2,3,0,3,0,0,0,1,0,1,0,2,0,0,3,0,0,3,3,3,0,0,3,0,1,0,0,0,0,3,0,0,0,2,0,0,5,0,3,0,0,0,0,0,0,0,0,0,4,0,0,4,0,4,0,4,0,0,0,1,0,0,0,0,3,1,0,2,0,0,0,1,0,0,2,3,3,0,1,3,4,0,0,0,0,0,0,0,0,0,1,2,3,1,1,0,2,1,0,0,0,0,0,0,0,0,1,0,0,1,0,0,1,1,4,1,0,3,1,0,0,1,0,3,3,2,57,242,243,105,71,0,0,0,0,4,0,5,0,0,4,0,1,4,5,0,0,0,0,0,5,0,2,54,228,254,254,253,242,185,0,0,3,0,0,0,2,0,0,0,1,2,0,3,0,5,1,0,0,3,0,183,255,252,255,255,255,249,79,0,6,3,0,0,1,4,0,1,0,1,0,2,1,0,0,0,1,0,84,255,255,252,251,250,255,251,250,39,0,0,0,2,0,2,0,2,0,0,1,2,0,0,0,1,1,0,81,254,255,253,232,218,249,255,252,154,1,0,0,2,0,2,0,0,0,4,0,0,0,2,3,0,1,1,88,251,255,130,31,2,101,209,253,194,5,0,0,0,0,3,0,6,0,0,2,1,1,0,1,0,0,0,137,254,209,22,1,3,0,169,251,195,0,3,0,0,0,1,1,1,1,0,0,0,1,0,0,1,0,16,242,255,121,0,7,0,0,172,252,192,1,1,0,0,0,2,2,1,3,0,1,0,0,0,0,4,21,198,253,255,118,0,0,0,0,170,253,189,6,1,0,0,0,0,1,0,0,0,0,0,0,0,0,0,39,254,255,250,242,21,2,0,21,195,252,145,0,1,0,2,0,5,0,0,0,1,0,1,4,1,1,1,53,255,196,74,156,20,0,0,86,255,251,35,0,0,0,2,0,0,0,3,0,2,0,0,0,0,0,0,194,252,171,0,0,2,1,0,225,251,197,20,0,0,0,0,0,3,3,0,1,1,3,2,0,2,0,0,194,251,166,2,5,0,4,36,232,248,100,0,2,3,4,0,0,1,0,2,3,0,5,1,3,0,1,1,195,254,172,0,3,1,5,130,255,239,0,0,1,0,2,0,2,0,0,2,1,0,0,0,0,3,2,0,192,253,170,1,0,0,95,254,245,172,0,2,0,0,0,0,1,1,3,0,1,0,4,0,0,0,0,4,193,255,170,0,3,109,241,254,159,13,0,0,0,1,0,2,0,0,0,3,0,4,0,0,5,0,1,2,193,252,170,9,90,246,254,252,27,0,0,0,0,0,0,3,0,0,0,4,0,0,0,0,0,1,3,0,122,251,249,254,255,250,176,75,0,1,3,4,1,0,1,4,2,0,3,3,0,3,1,1,0,0,2,1,41,253,249,255,255,206,59,3,0,1,0,1,0,1,0,0,1,0,2,0,0,0,3,1,1,1,0,2,16,100,249,142,100,11,3,1,1,3,2,1,0,3,0,2,0,0,0,0,1,0,0,0,0,0,0,2,1,0,0,1,1,0,1,1,5,3,1,0,3,0,2,0,0,0,3,0,1,2,0,0,0,4,0,3,2,0,0,0,0,0,0,0,2,0,3,1,1,1,0,1,0,2,0,0,0,0,0,0,0,1,0,0,0,2,0,0,0,0,5,0,1,0,0,0,0,0,1,4,0,0,0
0,0,2,1,1,0,0,0,1,0,0,0,0,0,0,0,0,2,0,0,0,0,0,0,0,0,0,1,0,0,1,1,0,4,0,0,0,0,0,1,1,5,0,0,0,0,0,1,0,0,0,2,3,0,0,0,0,0,0,1,0,3,2,2,0,0,0,0,2,2,0,0,0,0,0,2,0,1,0,2,0,3,4,3,0,1,0,0,2,6,1,0,0,0,0,0,1,2,2,1,0,0,0,2,0,0,0,1,4,0,0,0,1,1,1,0,2,0,3,1,5,1,1,0,1,3,2,0,3,0,2,0,0,3,0,0,0,0,2,0,1,0,0,1,0,0,0,1,0,1,2,2,2,0,3,17,114,243,252,254,254,253,255,254,195,81,0,3,0,0,0,0,0,0,0,0,0,0,2,2,2,16,118,230,255,252,255,251,250,255,253,255,254,170,22,4,1,0,0,0,6,4,0,1,3,0,0,2,68,224,255,254,255,252,253,254,252,194,76,66,68,34,3,1,1,0,2,0,3,0,2,0,1,1,76,163,253,255,255,252,254,248,195,147,25,0,0,0,2,0,0,0,0,0,0,0,0,5,3,2,15,154,251,252,255,254,255,250,248,125,0,4,1,1,0,0,0,0,2,0,3,0,2,0,0,0,0,0,133,254,254,255,255,252,255,250,254,140,4,0,0,0,0,1,0,3,1,0,0,0,4,3,4,0,2,33,242,251,255,251,202,255,255,255,255,145,0,0,0,3,3,1,0,1,3,0,2,0,0,0,1,2,0,144,255,253,217,128,3,226,253,253,255,135,0,0,0,0,0,2,0,1,0,0,0,0,2,0,4,0,0,159,255,253,188,38,0,1,68,132,104,0,1,0,1,1,0,0,1,0,1,2,0,0,1,0,0,1,2,156,254,254,252,236,146,88,27,2,2,0,1,0,0,2,0,2,0,0,0,0,0,0,0,0,0,0,0,53,191,255,250,253,255,255,234,207,62,4,1,6,2,0,1,0,3,0,0,0,1,4,0,0,0,0,5,0,12,152,222,254,251,255,251,255,255,114,4,1,0,0,2,0,0,0,0,0,2,2,2,1,0,1,0,0,3,0,16,99,184,233,248,255,251,247,207,10,0,1,2,2,0,4,0,0,0,0,0,0,0,0,4,0,0,3,0,0,0,33,130,217,253,252,253,23,1,0,1,0,2,0,3,0,0,0,6,1,0,0,0,1,28,2,0,3,0,1,0,0,178,255,253,117,0,0,1,0,1,1,2,0,0,0,0,0,0,0,1,0,123,130,15,0,0,0,30,67,203,255,252,110,4,0,1,0,0,0,0,3,0,0,0,1,2,3,3,3,126,255,200,101,131,198,249,254,255,251,250,74,0,0,0,0,2,0,2,0,0,5,0,0,1,0,1,2,29,255,253,253,255,250,255,255,255,253,152,1,2,0,0,4,2,1,3,1,0,1,4,0,3,2,3,0,3,133,255,249,252,252,255,251,236,99,13,0,0,0,0,0,2,0,0,0,0,0,2,1,4,0,0,0,0,4,83,156,230,160,158,94,30,0,2,0,0,1,1,4,3,3,0,0,1,0,0,0,3,0,1,0,0,0,0,2,3,0,3,0,3,0,0,0,0,0,0,2,0,0,0,0,3,0,1,0,0,0,0,0,0,1,0,2,0,0,0,0,0,2,0,1,4,0,0,3,2,0,0,4,0,0,0,3,1,0,0,1,0,0,1,0,3,0,2,0,0,1,0,0,2,6,3,1,1,0,1,0
0,6,0,1,4,0,2,0,3,0,0,0,5,2,3,0,2,0,1,0,1,0,0,1,0,0,3,4,0,3,3,0,0,0,0,0,0,0,0,0,0,3,1,1,0,0,1,0,0,3,3,0,0,0,0,2,0,0,0,0,2,1,0,0,1,2,0,0,2,0,0,3,1,0,2,0,0,2,0,0,1,1,0,2,0,1,0,1,0,5,0,0,0,0,0,0,0,0,0,0,0,0,0,0,0,0,0,0,2,0,0,0,0,1,0,1,5,0,0,0,0,0,0,0,0,0,0,47,227,238,1,1,0,0,0,4,1,0,0,0,4,0,4,0,0,3,1,0,0,0,0,1,0,1,0,136,254,237,2,0,3,0,0,1,0,1,0,5,0,0,1,2,0,0,1,1,1,0,0,5,0,0,0,255,251,240,0,4,3,1,0,0,0,3,0,0,4,0,0,0,0,0,2,0,0,0,0,2,0,0,75,254,255,169,3,0,0,0,0,0,0,1,0,6,0,3,2,2,0,0,0,0,2,3,0,0,0,17,177,254,237,66,0,1,3,0,0,2,0,3,1,0,0,1,0,0,5,1,1,0,1,0,0,0,1,65,249,255,173,0,0,0,0,0,2,0,0,1,0,7,3,1,0,1,0,2,2,0,0,2,1,0,0,198,255,255,43,0,6,1,5,2,0,0,0,0,0,1,1,5,4,2,0,0,2,0,0,0,2,0,0,195,255,255,46,0,0,0,0,0,0,1,0,2,0,0,0,2,0,0,1,0,0,1,1,2,0,0,0,196,253,240,34,0,0,0,3,0,0,2,1,0,0,1,0,0,3,3,0,0,0,3,0,2,0,0,3,196,252,147,0,0,1,4,0,1,0,0,0,0,1,3,2,0,0,0,0,0,0,0,3,2,0,0,3,196,253,91,3,0,0,0,3,0,0,1,1,0,1,0,0,0,4,0,1,2,0,1,0,2,5,0,110,243,251,0,0,0,4,1,0,3,4,1,3,1,0,2,0,0,0,1,0,0,2,2,0,2,3,6,242,253,253,0,0,0,0,0,0,2,1,0,1,3,0,0,3,0,0,2,4,0,0,0,0,0,1,135,254,252,253,1,0,0,0,3,0,1,2,0,1,4,0,1,1,3,0,0,0,0,0,1,0,0,0,135,252,253,255,133,0,1,2,0,0,3,2,2,0,0,1,0,0,4,0,0,4,0,2,3,0,1,1,136,255,255,248,44,2,1,0,3,0,2,2,0,0,0,0,0,0,1,2,0,1,2,0,0,4,3,3,137,253,250,255,2,0,2,0,0,0,0,0,1,2,2,0,0,1,0,0,0,0,1,0,0,0,0,1,138,252,255,111,1,0,0,0,0,2,0,3,0,0,1,2,0,0,2,1,0,4,2,1,0,1,0,3,136,252,244,82,0,0,2,1,0,0,2,3,0,4,2,0,3,0,0,0,1,5,6,0,4,1,0,0,133,254,213,1,0,0,2,0,0,4,0,0,0,0,1,0,0,1,0,0,2,3,0,0,0,2,2,0,0,0,0,1,0,0,2,0,2,2,2,1,0,0,3,0,0,0,2,0,0,2,0,0,3,3,0,1,0,2,0,2,2,0,1,0,2,1,0,0,0,3,1,1,0,0,0,0,0,0,4,0,0,4,0,0,2,1,0,1,0,1,0,1,0,0,2,0,0,5,4,1,1,0,0,2,0,0,0,3,2,0,1,1,0,0,1,3,1,4,0,0,0,0,4,1,0,1,0,0,0
0,4,0,0,0,1,0,0,0,0,0,0,4,4,0,1,0,0,2,0,0,0,4,2,2,0,0,0,0,0,0,0,2,0,0,0,2,0,0,0,0,0,0,0,3,3,0,0,0,4,0,0,2,1,2,0,1,2,3,0,1,0,1,2,0,2,2,0,0,5,0,2,2,2,0,3,1,2,0,2,0,0,1,2,0,0,0,1,0,0,0,1,0,0,0,0,1,2,4,0,2,5,0,0,1,0,2,0,1,2,0,1,0,0,0,4,0,1,0,3,0,0,1,2,0,0,0,0,0,0,1,2,0,5,0,2,0,2,3,2,4,2,0,0,3,0,1,0,1,1,1,0,0,0,0,0,0,4,0,0,0,4,0,0,1,0,0,3,1,1,2,0,1,0,1,0,9,89,172,253,253,253,253,168,18,1,2,1,1,1,0,4,0,4,0,2,5,4,1,1,2,1,0,34,165,252,255,244,222,184,243,254,191,18,4,1,0,1,0,3,2,3,0,5,2,0,1,0,0,1,39,226,255,230,98,20,3,0,45,217,253,211,47,0,2,0,0,0,5,2,0,0,1,0,0,0,2,0,119,253,225,18,0,4,1,0,0,22,204,252,199,17,0,0,1,0,1,0,2,0,2,0,0,6,0,1,87,179,156,0,0,0,3,0,0,1,21,234,250,125,0,0,0,5,0,0,0,0,1,0,1,0,0,0,0,1,0,1,3,0,0,4,0,0,0,221,251,107,3,0,1,0,0,2,0,0,4,1,2,1,5,0,0,0,0,3,3,0,4,0,0,0,0,227,255,57,0,3,2,0,0,0,0,1,0,0,3,0,0,5,3,1,0,4,2,4,1,1,0,80,209,254,243,20,0,2,1,0,1,1,0,2,0,1,0,2,0,3,0,0,0,0,0,0,0,44,122,244,254,247,67,1,0,0,0,2,0,0,1,2,0,1,0,1,1,0,2,0,4,2,1,55,169,249,254,255,158,18,0,4,0,2,0,1,2,0,0,1,0,2,0,0,3,1,2,0,2,0,0,133,250,248,245,255,227,65,0,2,0,1,1,4,0,0,0,0,2,2,0,2,0,1,0,0,2,0,0,0,42,9,20,139,255,245,45,1,0,0,2,0,0,0,0,0,3,0,1,0,0,0,0,0,1,0,4,4,3,0,1,10,216,255,73,1,1,0,0,0,0,2,0,0,0,2,0,1,5,1,2,0,0,0,1,0,2,0,5,10,225,252,73,1,0,1,3,0,2,2,0,0,0,0,4,0,2,0,2,2,0,0,0,0,0,1,0,15,249,255,76,0,0,0,0,4,2,1,0,0,1,0,3,0,0,0,0,5,0,0,1,0,0,0,5,46,255,235,22,2,0,0,2,0,0,0,0,0,3,3,2,2,0,0,0,0,0,0,0,3,0,0,0,166,251,173,0,0,2,0,0,0,0,0,2,2,1,0,0,2,0,3,1,0,1,2,36,0,0,0,84,243,252,93,3,0,0,2,2,1,0,0,2,0,3,0,0,0,4,0,0,1,3,0,203,69,26,130,252,252,152,16,0,0,0,1,3,2,0,0,0,4,2,1,0,4,8,0,0,0,1,1,48,193,232,173,152,111,19,0,0,2,0,0,0,0,0,0,0,0,0,0,0,0,1,0,0,0,0,0,0,0,0,0,0,0,0,0,0,0,1,1,3,0,0,1,0,0,0,0,1,0,0,1,1,1,1,0,1,0,2,2,0,0,5,2,0,1,2,1,3,0,0,2,0,0
0,0,0,1,1,0,1,5,3,0,2,0,0,1,0,2,0,3,2,0,2,2,0,2,0,0,0,0,2,0,3,3,0,0,0,0,0,2,0,1,0,0,0,3,0,1,3,1,0,0,2,0,1,0,0,5,0,3,0,4,0,0,3,3,0,0,2,1,0,0,0,0,2,0,2,0,3,3,1,0,1,0,3,0,0,1,2,0,0,0,0,0,0,0,1,0,0,0,1,0,0,0,3,4,2,1,2,2,2,0,2,0,0,0,2,0,0,0,2,3,4,1,4,90,142,61,0,0,3,0,0,0,0,0,1,0,2,0,0,0,0,4,0,1,6,2,0,0,0,0,0,86,253,241,85,0,0,0,1,0,0,1,0,0,2,0,0,0,2,0,3,2,3,0,0,0,0,3,1,87,249,255,236,73,0,0,2,0,0,3,0,1,1,0,3,0,0,1,0,0,0,0,2,0,0,1,4,84,252,255,253,91,0,0,0,0,0,0,3,1,0,1,2,0,3,0,0,0,0,1,0,0,6,5,0,84,254,255,255,184,16,1,0,1,0,0,0,1,2,0,0,0,0,4,0,3,2,0,0,2,3,0,1,83,247,252,253,255,32,1,0,0,0,0,3,1,0,0,1,0,1,8,2,0,0,0,0,1,0,0,0,0,156,255,255,252,27,0,0,0,0,5,0,0,0,0,0,0,1,1,3,1,0,2,0,0,0,3,1,0,153,255,253,255,28,3,3,0,0,0,3,3,1,0,3,0,0,4,0,1,5,1,0,1,2,0,0,2,135,252,250,252,50,3,3,3,0,1,0,0,2,3,2,1,5,1,0,0,2,2,0,0,0,0,0,3,0,216,255,254,214,0,0,0,0,0,0,4,3,2,0,0,0,0,4,0,0,1,4,1,4,0,0,0,1,215,253,250,216,0,0,1,6,0,0,0,1,0,2,0,0,3,2,3,1,1,4,0,0,0,0,0,1,47,250,254,222,24,0,1,4,0,3,1,4,0,0,3,0,0,2,2,0,4,3,1,2,0,0,0,4,34,255,255,250,150,0,0,0,0,0,2,5,0,0,1,0,0,0,3,1,0,1,0,2,0,0,3,3,28,255,251,250,218,55,3,0,0,4,2,0,0,6,2,1,0,3,2,0,1,1,0,1,0,0,1,0,30,255,252,255,255,85,0,1,2,1,5,4,3,1,0,3,0,1,3,2,0,0,3,0,1,0,0,1,18,182,254,255,250,84,3,0,0,0,0,0,0,0,1,0,2,0,0,1,0,0,0,1,2,1,0,0,2,99,252,253,255,79,2,0,1,0,0,0,1,0,1,0,0,2,1,0,4,0,0,0,3,0,0,0,0,71,238,250,255,82,0,0,0,5,0,2,0,0,0,5,1,0,0,0,1,0,1,0,4,1,0,0,0,0,163,253,249,84,2,0,0,1,2,0,3,4,4,3,1,3,2,0,3,0,1,0,7,2,0,0,3,0,163,228,68,18,3,1,0,0,1,6,2,0,0,0,0,2,0,4,2,0,5,0,4,0,1,0,0,1,1,0,0,0,0,2,0,0,0,2,0,0,1,0,0,2,0,3,2,2,0,2,0,7,1,0,0,1,0,0,0,0,0,0,0,1,0,0,5,0,0,0,0,0,0,0,0,2,1,1,1,0,2,0,0,1,3,0,0,0,0,0,0,0,1,0,0,4,1,0,0,2,0,1,0,0,0,0,0,4,0,1,0,0,0,0,0,0,0,0,3,0,0,0,0,3,0
2,0,1,0,0,1,1,0,3,0,5,1,2,3,0,0,4,0,0,0,0,0,1,0,0,0,0,0,1,0,4,2,0,0,2,0,0,2,0,0,0,0,1,1,0,0,0,0,0,2,0,2,2,0,0,0,0,1,1,0,1,0,0,1,5,2,2,2,1,0,0,0,0,8,2,0,0,0,2,5,2,1,1,0,0,0,0,0,0,1,3,3,1,2,4,0,0,0,2,0,3,0,0,3,2,0,0,2,1,0,0,0,5,0,0,0,1,1,0,2,0,2,0,3,1,0,0,0,0,1,0,3,1,0,0,5,0,0,0,0,0,1,1,0,0,0,4,2,1,75,141,137,138,234,204,189,134,188,178,202,5,4,0,0,3,3,0,0,0,0,0,2,0,0,0,0,0,231,255,253,255,255,253,250,253,255,250,248,99,14,3,3,0,0,0,0,0,0,0,1,0,1,0,3,150,251,253,252,251,254,252,255,254,252,253,252,237,26,1,2,0,2,3,0,0,0,0,0,1,0,2,4,205,255,255,250,182,156,159,58,83,77,66,44,42,1,7,0,0,1,0,2,0,0,2,1,0,2,5,3,207,252,233,24,6,2,2,2,2,1,0,2,0,0,1,1,3,6,0,0,0,2,0,0,1,0,1,3,94,253,246,51,1,1,0,0,0,2,0,0,0,5,1,0,2,1,2,0,0,3,0,3,1,0,1,0,98,248,252,117,5,3,0,3,4,2,2,2,1,1,0,0,0,4,0,0,0,1,0,2,3,0,0,0,88,254,255,243,102,66,8,0,2,0,0,1,0,0,0,0,2,0,0,5,1,0,0,4,0,0,0,1,185,250,254,251,255,255,209,87,1,1,2,1,0,0,0,0,0,1,0,5,2,0,2,3,0,4,1,1,97,250,252,249,255,253,251,252,213,84,1,0,1,0,0,1,1,0,0,0,1,0,1,0,0,1,0,3,45,218,254,231,232,136,222,233,253,253,116,1,0,0,0,2,0,0,7,1,0,4,0,2,0,0,0,0,2,0,85,0,5,0,0,7,170,253,250,26,3,0,2,0,2,0,0,1,2,0,2,1,0,2,0,2,5,2,0,2,0,2,4,0,20,168,253,53,0,0,2,1,1,3,1,0,0,0,0,0,0,1,0,0,0,0,2,0,2,1,3,1,3,70,252,233,96,6,0,1,1,2,0,0,6,0,3,3,2,1,1,0,0,157,0,0,3,0,2,0,2,68,250,249,115,2,0,1,1,3,0,0,1,2,2,0,6,2,4,0,3,229,255,181,58,4,0,0,5,137,255,255,111,1,0,1,1,0,0,2,0,3,3,0,0,2,0,1,0,210,253,250,249,171,163,156,178,253,252,253,99,1,3,0,0,0,3,5,1,6,3,0,0,2,0,2,1,32,191,249,247,253,249,254,250,252,249,218,3,2,0,0,0,0,0,0,0,0,0,0,0,0,0,4,0,0,16,160,228,251,250,251,251,247,251,100,4,0,4,0,1,0,0,0,0,0,0,0,1,0,0,0,0,0,0,2,14,66,137,255,252,254,160,11,2,0,0,5,0,0,2,4,2,1,3,0,0,0,0,0,0,0,0,1,2,0,0,0,1,0,2,0,2,5,0,0,0,0,1,0,0,4,0,1,0,2,0,4,2,0,0,2,0,3,0,0,0,0,1,1,1,0,2,1,0,3,0,3,0,0,2,2,0,0,0,4,0,3,2,0,2,0,0,2,0,0,1,2,0,1,0,0,0,1,2,0
0,1,0,0,3,1,0,0,1,0,0,0,1,0,3,0,1,0,0,0,0,1,2,2,1,0,0,1,4,1,2,0,0,0,0,2,3,3,6,0,0,0,3,0,0,1,1,0,0,2,1,1,0,0,0,0,0,0,0,0,1,4,0,0,1,3,0,0,0,2,0,1,0,2,1,5,1,0,0,1,0,0,0,0,1,3,0,0,0,3,0,3,1,1,0,2,0,2,0,1,0,0,0,1,0,3,0,0,0,2,0,0,6,1,0,0,0,1,0,0,2,0,58,139,136,137,136,228,212,84,1,1,0,0,2,0,1,2,0,1,3,0,0,3,2,0,3,26,34,134,197,255,254,254,255,253,253,251,6,0,0,0,0,0,3,0,0,2,0,2,0,1,0,1,26,231,251,254,254,201,224,202,173,82,79,82,2,0,0,0,3,2,0,0,0,3,0,0,0,0,0,0,31,253,255,255,255,12,27,2,0,0,0,3,0,0,5,1,0,0,1,0,0,0,0,1,0,1,0,0,10,49,203,254,255,13,1,0,0,3,0,0,2,0,0,1,0,0,0,0,0,0,0,1,3,3,0,0,1,0,188,255,208,6,64,102,135,224,226,228,166,106,90,0,0,1,0,1,0,0,5,2,2,0,2,0,0,0,190,255,203,180,250,253,250,255,253,254,255,254,253,238,112,0,4,0,1,2,3,2,0,0,3,0,0,31,223,255,255,255,254,255,229,231,229,234,231,234,244,255,252,107,1,1,2,1,2,0,0,2,0,3,0,52,252,253,255,237,146,76,0,2,3,0,0,0,81,240,252,173,4,3,0,1,0,0,0,0,2,0,0,42,239,252,233,42,3,0,2,4,1,1,3,0,3,102,250,255,97,2,4,4,0,0,0,0,2,0,0,0,44,115,31,0,0,0,2,0,0,2,0,2,3,68,253,252,132,1,3,2,0,2,0,0,0,0,0,0,1,1,0,2,3,0,0,4,0,0,3,0,0,68,255,253,133,0,0,0,1,2,0,0,0,1,0,2,0,0,0,0,1,0,0,0,0,1,0,2,1,174,253,254,83,0,3,0,0,1,0,0,0,4,12,4,1,1,0,3,0,0,1,3,2,2,0,0,25,221,255,154,1,0,0,3,0,3,0,1,1,139,255,99,2,0,3,0,4,0,3,0,0,4,0,0,63,255,251,141,0,2,0,0,0,0,0,0,0,113,250,237,79,12,1,0,2,0,2,0,0,0,0,43,226,253,237,29,4,0,0,0,0,3,0,3,0,6,151,255,254,157,64,64,3,0,0,0,4,3,125,225,254,251,82,0,1,0,0,3,0,0,2,1,0,4,26,189,252,255,252,252,201,130,81,84,132,203,254,255,237,88,13,1,0,1,5,0,2,1,0,2,0,0,3,9,122,191,255,251,252,250,255,255,252,251,252,182,30,2,0,0,3,2,0,3,0,0,0,5,0,2,2,0,0,7,20,22,138,209,255,255,253,198,73,10,0,1,0,0,0,1,0,0,0,0,0,0,0,4,0,0,0,1,2,6,2,0,0,1,0,0,1,1,0,0,0,0,0,0,0,0,1,0,0,0,0,1,0,0,0,1,0,4,0,0,0,0,0,0,2,0,0,3,3,3,1,2,1,1,0,1,3,0,0,0,0,0,0,1,0,0,2,3,0,4,1,0,0,1,0,0,1,0,0,0,0,4,0,3,0,1,0,1,1,1,1,0,0,0,3,0,0,0,1,0,0,0,0,1,1,0,1,0,0,1
0,2,1,1,0,0,3,0,2,1,0,5,1,0,0,0,5,0,0,1,0,0,1,0,0,3,0,0,0,0,3,0,0,0,0,0,0,1,3,0,0,1,1,0,0,2,0,0,0,1,0,0,0,0,0,2,3,2,0,0,0,0,0,1,1,0,0,2,4,1,2,0,0,0,2,3,1,0,3,0,5,4,0,0,0,0,2,0,0,3,0,1,2,0,0,0,70,255,255,251,3,0,1,2,0,0,0,2,0,2,2,0,3,0,1,3,0,0,0,0,0,0,0,10,187,253,252,249,9,0,1,0,0,0,3,0,0,1,1,1,0,0,2,0,0,0,3,0,5,0,25,191,254,252,249,254,157,0,0,0,4,2,0,3,1,0,0,3,1,0,0,1,0,2,1,0,0,2,70,253,253,252,253,255,139,0,0,0,0,0,0,1,0,0,0,0,0,0,2,0,0,4,0,0,1,66,233,252,252,254,216,126,1,0,0,0,0,0,0,0,0,3,0,1,1,0,1,0,0,2,0,4,24,230,255,249,252,252,137,0,4,5,0,5,0,0,2,0,1,0,0,2,1,1,0,0,0,2,0,0,121,255,249,255,254,165,5,0,0,13,141,136,70,0,3,1,3,0,1,0,2,2,0,0,0,0,1,26,211,253,255,252,195,13,1,46,126,232,250,254,243,193,30,0,2,0,0,1,0,6,3,0,0,0,2,103,253,253,255,255,89,0,57,223,253,255,251,254,249,252,103,3,0,1,0,0,1,0,0,0,0,0,18,247,254,253,250,116,24,83,246,255,255,253,253,255,255,253,151,4,0,0,0,3,1,0,1,0,0,3,19,251,251,254,217,39,74,252,255,254,253,253,171,114,249,254,255,17,0,0,0,0,0,1,0,0,0,0,17,253,253,251,202,52,239,253,253,252,213,140,43,221,247,254,254,16,2,3,3,0,0,0,0,0,0,0,34,252,252,254,100,141,255,251,254,254,137,22,131,253,253,255,143,5,0,0,3,0,0,0,3,0,0,3,181,253,252,252,224,195,253,250,252,245,45,216,255,252,252,225,55,0,0,0,0,2,6,2,6,0,0,0,151,254,251,253,252,255,254,252,252,250,222,255,253,253,251,171,0,0,0,2,0,0,3,0,0,0,0,2,18,252,254,251,253,250,249,250,254,249,255,249,255,253,184,13,2,1,2,2,2,0,0,0,0,1,1,0,21,252,255,254,246,252,254,251,252,252,252,253,224,168,17,4,0,2,0,1,0,0,0,4,1,0,0,0,22,251,255,255,252,252,255,250,250,250,253,235,57,0,0,2,4,0,0,1,0,0,1,0,0,0,0,0,4,18,157,252,248,253,251,253,230,178,112,14,0,0,0,0,1,3,4,1,0,0,2,0,0,0,0,4,0,0,14,94,120,160,88,88,60,0,2,0,2,2,0,0,0,0,0,0,2,0,0,4,0,0,3,0,0,0,0,0,0,3,0,2,1,1,3,0,0,1,0,0,0,2,0,3,0,1,3,0,0,4,0,0,1,0,2,0,0,1,0,0,0,0,3,2,1,1,0,3,0,0,0,1,0,1,0,7,1,3,0,0,0,2,5,0,2,1,0,1,2,0,0,0,2,1,0,0,0,0,0,2,0,0,4,2,1,1,0,3,0,0,0,1,1,1,0,0,0,0,0,0,6,0,0,1,0,2,2,1,0,0,3,0,0,0,2,5,1,0,3,0,0,3,0,0,3,0,0,2,0,0,0,2,0,0,0,0,0,0
2,0,1,0,1,2,2,0,0,2,0,0,0,0,2,0,2,0,1,0,1,1,0,0,0,1,2,0,0,5,0,0,0,0,1,0,0,0,0,0,0,2,2,0,0,0,0,2,5,2,0,3,0,0,0,2,0,0,0,2,1,0,0,2,2,0,0,2,0,0,0,3,1,0,2,1,1,0,0,0,0,0,0,0,1,2,3,0,2,1,2,5,0,0,0,0,3,0,0,0,2,0,0,0,3,1,0,0,1,3,0,0,0,0,3,1,0,0,0,1,0,1,0,6,1,1,1,4,0,8,2,53,236,133,0,2,2,0,0,1,0,0,0,2,0,3,1,0,3,0,0,0,1,2,0,0,0,2,3,156,255,87,0,0,3,3,0,0,0,0,2,4,0,4,1,0,2,0,0,0,0,0,0,3,0,3,32,243,244,49,0,1,0,4,1,1,0,0,1,1,3,0,4,0,0,3,0,4,1,3,0,0,0,2,193,254,170,0,0,0,1,0,0,0,3,0,0,0,0,0,0,0,2,0,1,0,2,4,3,0,2,80,254,212,31,0,1,0,0,0,0,0,0,2,3,0,0,0,0,0,4,0,0,0,1,1,0,0,4,164,254,148,3,0,1,1,1,2,0,0,0,3,2,0,2,0,0,0,0,0,0,0,0,0,3,0,61,238,255,82,1,1,0,0,1,0,0,0,0,0,0,4,2,2,2,0,0,0,0,0,0,0,0,60,203,252,161,0,1,0,0,0,0,3,1,0,4,0,0,0,0,0,2,0,2,0,0,0,0,0,11,210,254,200,14,3,0,3,3,0,0,0,2,0,4,3,0,0,2,0,1,0,1,2,2,0,1,11,188,254,202,57,2,5,0,2,0,1,0,2,0,0,0,4,2,4,0,1,0,2,1,0,0,1,0,179,253,238,56,0,0,1,0,0,0,0,0,0,3,0,0,2,0,3,2,0,0,2,0,0,4,1,112,248,255,53,0,4,3,1,2,6,2,2,2,0,0,4,3,0,3,0,2,3,1,0,0,0,1,39,252,253,137,2,0,1,0,0,0,0,0,1,0,0,0,3,2,0,0,0,0,3,0,3,0,0,13,228,255,133,0,0,0,1,4,0,1,0,4,1,0,2,0,0,0,0,2,0,0,0,0,0,0,7,165,255,202,19,0,0,3,0,0,1,1,0,2,1,0,0,2,3,2,0,0,0,0,0,0,1,0,96,255,255,25,1,1,2,2,0,0,0,0,0,1,4,0,0,0,0,5,0,1,0,2,2,0,2,54,244,255,162,4,0,4,0,3,1,1,2,4,0,0,0,1,0,0,1,2,1,2,0,0,0,0,1,167,250,178,2,2,0,2,0,0,1,0,0,0,0,0,2,0,0,1,0,4,0,0,0,1,2,0,9,243,255,141,0,0,0,0,4,0,0,0,0,1,3,2,0,0,0,0,0,3,0,2,0,3,3,2,4,190,203,56,0,0,0,2,0,0,0,0,0,0,0,0,2,0,1,4,1,0,0,0,3,0,0,3,2,0,2,2,4,1,0,0,0,0,1,4,0,3,2,4,3,0,4,0,1,0,1,3,2,0,1,4,0,0,0,2,1,0,0,1,1,5,2,0,6,1,0,0,2,0,4,0,0,0,2,2,0,1,1,0,0,0,2,0,2,0,0,3,2,0,1,0,4,2,0,0,3,0,0,0,0,0,0,0,0,0,0,2,0,0,0,6,2,0,2,0,6,0,5,2,0,1,0,0,0,1,0,5,0
2,0,5,0,3,0,3,0,0,1,2,2,0,0,0,3,0,0,0,0,0,0,0,0,0,0,0,0,0,0,0,0,2,0,0,0,0,0,1,0,2,0,1,1,0,0,1,3,1,0,0,0,0,0,2,0,2,0,0,1,3,0,0,0,2,0,1,0,0,0,0,0,3,2,0,0,0,0,0,0,0,1,4,4,0,0,2,0,0,2,0,2,0,0,2,0,0,0,1,0,0,0,0,2,1,3,1,0,0,3,2,2,0,3,1,1,2,0,2,0,1,0,1,0,0,0,0,1,0,1,1,5,2,0,0,2,0,2,0,0,0,4,0,0,1,1,5,0,0,0,1,2,1,2,9,15,139,131,188,135,133,133,33,4,0,0,0,0,0,3,0,2,0,2,0,0,0,0,0,0,0,127,192,254,255,251,252,250,254,253,214,19,0,1,0,3,0,2,1,0,4,0,3,0,1,1,0,3,75,242,250,252,219,149,97,97,99,216,254,40,2,1,0,0,0,0,0,0,0,0,0,0,0,0,0,46,238,252,184,81,0,0,1,2,14,207,174,11,0,0,0,0,0,0,0,0,1,1,0,0,0,0,0,73,255,249,60,3,2,0,1,1,19,77,18,0,0,1,0,7,0,0,0,0,1,0,0,0,1,0,3,72,255,252,28,0,0,1,10,76,73,163,74,1,1,0,2,0,0,0,0,1,0,0,0,0,0,3,0,74,253,255,105,81,94,209,213,252,254,255,125,1,0,3,1,0,0,1,0,4,0,1,6,0,2,1,0,70,250,251,254,255,255,253,255,191,159,120,8,4,2,0,0,4,1,0,0,0,0,5,1,5,4,4,31,147,251,253,251,254,147,75,22,9,0,0,3,0,0,0,0,0,3,4,5,1,3,2,2,1,0,24,207,254,252,255,255,140,0,4,0,0,0,1,1,0,4,4,3,1,2,1,0,0,0,1,0,0,0,173,254,248,238,252,255,130,3,5,2,0,0,0,2,1,4,0,3,0,0,0,0,0,0,1,0,1,36,255,245,107,1,217,253,132,0,2,2,2,0,0,0,0,0,0,1,4,1,1,3,3,0,2,3,0,38,255,197,0,3,216,255,130,0,0,1,2,0,0,0,1,1,0,0,0,4,2,1,0,0,0,0,0,37,253,234,36,0,218,251,131,0,0,0,2,4,0,0,1,0,0,4,0,0,0,0,0,0,0,1,1,40,252,253,141,1,217,252,125,1,0,0,2,0,1,0,0,1,0,2,0,2,0,2,0,0,0,0,2,11,190,255,181,66,248,250,97,0,0,0,0,0,0,0,0,2,1,2,5,0,0,0,0,0,2,0,0,0,127,255,200,197,253,164,2,1,0,0,0,5,3,2,2,0,0,0,0,1,0,0,0,0,0,2,3,1,29,224,255,255,254,146,0,0,0,3,0,1,0,2,0,1,0,4,0,2,1,1,0,0,0,6,1,3,1,182,254,251,216,27,2,3,0,2,0,3,0,0,0,0,0,1,5,1,0,0,0,0,1,2,4,3,2,36,224,215,23,0,1,0,2,0,0,0,0,0,0,0,0,0,2,0,1,0,0,0,0,0,0,2,3,5,0,0,0,2,1,0,1,3,0,0,4,0,0,0,2,1,0,0,0,2,1,0,0,0,2,1,1,0,0,0,3,4,0,1,2,3,1,0,0,0,0,0,1,0,2,2,0,0,0,1,1,0,2,2,0,0,1,3,0,0,0,0,0,0,0,0,0,3,0,0,0,0,0
1,0,0,0,0,0,2,0,1,0,1,0,0,0,0,0,0,0,0,1,0,1,2,3,0,0,1,0,0,1,0,0,1,4,0,0,4,0,2,1,2,0,1,0,2,0,2,0,0,0,1,2,1,0,0,0,2,0,0,1,0,2,0,0,0,2,2,0,0,2,0,0,0,0,0,0,0,0,0,1,2,0,0,2,0,0,2,0,2,0,0,1,0,1,3,0,0,2,1,0,4,1,0,2,0,3,0,0,6,3,0,0,2,0,2,1,3,3,0,1,1,1,0,1,0,0,0,0,0,0,2,1,0,1,1,3,0,0,1,0,0,0,0,0,0,0,0,0,0,0,0,0,3,0,0,21,10,35,67,152,164,249,255,145,0,1,0,2,0,0,0,0,3,0,1,0,0,0,1,100,191,192,145,228,207,247,244,255,255,250,251,184,1,0,1,0,0,0,0,0,0,1,0,2,0,1,21,222,254,247,255,250,255,251,253,251,233,233,168,16,0,0,0,1,0,2,2,3,1,0,0,3,3,1,140,252,254,252,253,243,185,190,163,85,0,4,1,0,1,1,0,4,0,1,4,0,0,1,0,5,3,2,251,254,251,158,39,37,3,0,0,1,0,0,0,0,2,1,3,1,5,2,0,1,0,2,0,2,0,60,255,252,191,0,0,1,0,0,1,0,1,0,0,2,0,3,6,0,3,0,0,0,0,0,1,0,24,202,255,253,246,188,96,85,22,0,0,2,0,4,0,0,1,0,0,0,1,0,0,4,0,0,0,12,203,252,248,254,254,253,250,253,233,178,101,10,0,2,1,1,4,1,0,0,0,0,3,2,3,2,0,17,231,254,251,250,252,251,251,255,253,252,247,139,0,0,0,0,0,2,2,0,2,1,3,0,0,2,1,1,167,252,252,174,52,43,42,105,179,253,248,252,1,3,0,1,0,0,2,4,0,0,0,3,3,2,5,0,33,149,102,29,7,1,1,1,0,156,251,254,60,1,0,0,0,0,1,0,0,0,0,0,0,1,0,0,0,1,0,0,0,0,0,0,2,103,251,250,105,2,2,0,1,0,0,4,0,0,0,0,0,0,0,0,0,0,0,1,0,3,0,1,3,124,252,252,94,3,3,0,0,0,0,2,0,1,0,3,1,0,2,0,2,0,2,0,2,0,0,1,0,157,255,253,0,0,0,0,5,0,1,1,0,2,0,2,0,0,79,10,1,3,0,1,1,3,0,0,116,247,252,163,3,0,0,1,0,2,2,2,0,0,2,0,2,0,191,143,1,7,0,0,1,1,0,62,235,253,212,21,0,1,0,2,0,0,1,0,0,0,5,0,0,0,188,249,97,0,0,0,0,0,72,255,252,255,153,0,0,2,2,0,2,0,0,0,1,2,0,0,1,2,51,233,251,142,66,22,35,155,250,254,251,130,6,0,3,2,1,0,0,0,4,0,2,3,3,0,1,1,0,48,232,252,253,249,254,255,250,241,112,8,0,0,1,0,0,0,0,0,1,0,0,1,0,2,1,1,0,1,28,131,252,252,255,251,160,33,1,2,1,4,0,0,0,0,1,4,3,1,2,0,1,1,0,0,0,3,0,0,2,0,0,0,1,3,0,0,0,0,1,3,0,0,4,2,0,3,0,0,2,1,3,0,2,0,5,0,0,0,3,2,0,2,3,0,0,1,1,1,0,2,0,0,0,2,0,0,0,0,1,0,1,0,0,4,2,4,0,0,0,0,0,1,0,0,0,0,0,3,2,0,2,3
1,2,0,0,0,2,1,0,0,0,1,0,0,0,0,1,0,0,2,1,0,1,0,1,1,0,0,2,2,0,6,0,0,0,3,0,3,1,1,0,0,2,1,0,0,0,0,4,4,0,2,0,0,1,0,0,0,0,0,0,1,3,0,0,0,0,3,0,0,0,0,0,3,2,1,0,0,0,0,0,3,0,5,0,0,0,0,0,0,0,2,0,2,0,1,0,0,2,0,0,3,0,0,2,0,0,0,0,0,0,0,0,2,0,0,0,0,3,0,1,0,1,0,2,0,1,4,1,0,0,1,0,0,0,1,0,0,0,0,4,3,1,2,1,3,0,0,0,2,3,0,6,4,0,30,245,78,3,3,3,1,0,0,0,0,0,0,2,0,0,0,2,0,0,1,1,0,0,0,1,0,0,41,255,136,6,2,0,2,0,1,0,0,0,2,1,1,0,0,0,0,2,0,0,1,0,1,0,3,1,68,253,136,0,1,2,2,0,0,0,0,0,0,1,5,0,0,2,0,1,3,2,5,0,0,0,0,0,126,254,133,1,2,1,1,0,0,0,1,0,4,2,0,1,0,0,2,4,0,1,1,3,3,0,0,1,128,254,53,0,3,1,0,2,1,0,2,5,3,0,3,1,3,0,3,2,0,3,5,1,2,1,1,0,130,230,24,5,5,1,1,2,3,2,0,1,3,0,4,0,0,0,0,3,3,1,0,0,3,0,2,0,134,215,0,0,0,0,0,0,0,0,0,0,5,4,3,0,3,0,0,0,4,0,3,0,0,0,0,0,136,138,0,0,5,1,0,0,0,3,0,0,2,4,0,1,0,1,2,0,2,0,4,0,0,0,3,1,145,128,0,2,0,2,4,0,0,0,1,0,0,0,1,0,3,0,0,0,0,2,0,0,0,0,0,0,219,132,0,0,0,6,0,0,0,2,0,2,0,0,3,0,0,0,1,0,0,0,2,0,0,0,2,1,212,130,3,3,0,0,1,2,0,0,0,0,0,0,0,3,0,0,0,3,4,1,0,1,1,2,1,1,218,57,0,0,3,1,0,0,0,2,0,0,1,1,0,2,1,0,0,0,0,4,0,3,0,2,2,1,161,84,0,0,0,0,0,3,0,0,3,0,2,0,0,0,0,0,1,0,0,0,0,0,0,2,1,1,215,127,0,4,1,0,0,0,0,4,2,1,0,0,0,2,0,0,4,0,0,1,0,0,2,0,0,20,227,129,0,0,0,0,4,0,0,1,1,2,0,1,0,0,0,0,4,5,0,0,0,5,0,0,1,49,252,124,0,0,0,1,0,0,1,3,0,1,0,1,0,1,3,0,0,1,4,0,2,0,0,2,1,117,255,130,0,1,1,0,3,1,0,2,0,0,0,0,0,0,0,0,3,1,2,3,0,0,0,0,0,139,254,127,4,1,2,0,0,0,3,0,2,1,0,4,2,0,1,2,0,2,0,0,1,0,0,0,4,102,255,68,0,0,1,5,0,0,1,0,0,0,0,0,0,0,0,0,1,6,3,6,2,1,1,1,0,47,209,25,3,3,1,1,0,0,0,0,1,0,1,3,0,0,2,3,0,0,0,0,4,0,0,0,0,1,1,0,6,2,4,0,1,1,1,0,0,0,0,1,0,0,0,0,3,2,0,6,0,0,1,2,1,3,0,2,0,2,1,0,0,0,0,2,1,2,0,0,0,0,0,0,0,2,0,0,2,2,3,2,0,0,2,3,4,0,0,0,4,2,3,0,0,0,0,1
0,0,1,1,2,1,2,0,2,0,1,4,3,0,1,4,0,4,0,1,1,0,2,0,0,3,0,3,2,3,3,2,0,1,0,0,3,1,0,0,0,1,0,0,0,0,0,0,0,1,0,0,0,2,0,0,1,1,2,0,1,0,0,1,1,1,0,1,1,9,0,0,1,0,0,1,0,2,0,2,1,0,0,0,0,0,1,0,0,2,0,0,0,0,3,0,0,1,0,1,0,6,0,0,0,1,0,0,5,0,2,0,1,0,2,2,1,5,0,0,1,0,2,2,0,0,0,0,0,0,2,1,0,0,0,0,0,0,0,1,0,1,0,0,0,2,0,0,0,0,2,0,0,2,0,3,3,0,0,0,2,0,2,1,0,1,0,0,0,1,5,0,0,0,0,0,0,5,0,0,1,0,2,0,73,199,96,4,0,2,0,0,0,1,0,2,0,0,0,0,0,1,0,0,1,1,2,1,0,3,0,2,182,255,150,3,0,0,3,4,0,2,0,1,0,0,0,59,80,0,0,0,0,0,1,6,0,1,0,42,254,254,154,1,2,0,0,0,0,1,1,0,2,1,0,106,214,62,9,2,0,1,5,0,1,0,0,127,255,247,83,0,3,0,0,0,0,1,0,0,0,2,3,18,171,254,226,217,157,119,56,28,30,119,137,247,255,165,0,3,1,0,0,0,0,0,0,0,0,0,0,0,0,95,213,254,254,255,255,255,255,252,253,255,255,117,2,0,0,0,2,0,2,2,0,2,0,0,2,0,0,0,3,5,43,54,106,107,107,110,52,149,255,121,2,2,0,0,0,3,0,2,0,1,0,0,0,0,0,0,0,0,0,0,3,1,2,0,1,102,249,122,3,0,6,0,0,1,0,2,1,0,0,0,2,0,0,0,0,3,0,0,2,0,6,4,0,100,255,124,0,0,0,0,0,0,0,0,3,0,0,1,0,0,0,0,1,5,4,0,0,0,0,1,0,107,255,124,0,3,1,0,0,4,2,0,0,0,0,0,2,1,0,2,2,0,1,0,0,3,3,0,4,28,253,131,0,1,3,0,2,1,0,1,0,1,0,0,0,0,0,0,2,2,3,1,0,0,1,0,3,11,252,217,5,1,0,0,0,0,0,2,2,1,0,0,4,1,1,0,3,1,2,2,0,0,4,0,5,6,173,214,0,0,0,0,1,1,3,0,0,1,1,3,0,0,4,0,0,1,4,0,1,0,0,0,0,0,165,216,0,6,0,0,0,0,0,0,0,0,1,0,1,0,3,4,0,2,0,0,0,1,0,4,4,1,167,227,19,0,0,1,0,1,0,0,5,0,1,0,0,0,0,1,0,1,0,1,0,1,0,0,0,0,153,255,72,1,3,0,0,0,0,0,0,0,1,0,2,0,0,0,0,0,5,5,0,2,0,0,0,0,72,253,225,27,13,4,0,2,3,0,3,3,1,0,5,0,0,0,0,1,1,0,0,0,0,4,0,0,26,237,253,188,25,0,1,0,2,1,0,0,0,0,0,0,0,0,1,1,0,0,3,3,3,0,0,2,0,221,255,251,27,0,1,1,2,0,0,0,3,2,3,1,0,0,2,0,1,0,4,0,0,0,0,0,0,62,254,230,19,0,2,0,0,0,0,0,0,1,4,0,1,2,0,4,3,2,2,2,3,0,0,0,0,3,0,2,0,0,1,2,2,2,0,1,2,0,0,1,0,0,0,3,2,0,0,0,1,0,0,4,0,0,0,0,0,2,0,0,0,0,4,1
0,0,1,0,0,0,0,0,3,1,0,3,0,4,0,2,0,0,1,0,0,0,0,3,1,0,1,1,0,3,1,3,0,0,1,0,3,3,0,1,0,2,1,2,1,4,1,0,0,3,1,2,0,1,0,0,0,2,1,1,3,0,0,0,0,0,1,0,0,0,2,0,0,2,0,1,0,1,5,0,2,0,6,1,0,0,0,0,2,2,0,0,0,0,2,3,0,0,0,2,0,2,1,0,0,0,2,0,1,1,4,0,3,4,2,0,0,1,4,2,0,0,0,1,2,0,0,2,0,2,0,0,4,2,3,0,1,0,0,2,0,2,1,1,0,0,0,0,1,0,0,3,2,8,38,0,7,169,255,226,27,0,0,4,0,0,0,1,1,0,3,2,0,2,0,0,0,4,0,3,2,163,255,97,138,251,244,196,44,2,0,7,0,3,0,0,0,1,2,0,2,0,0,0,0,1,4,92,213,253,251,76,167,255,226,7,102,0,0,0,0,2,0,3,2,0,1,0,0,1,0,0,0,22,217,254,253,190,65,3,169,254,221,0,111,2,0,2,6,0,2,1,0,0,0,5,5,0,1,5,59,220,250,253,125,2,0,8,193,253,142,20,85,2,3,1,0,0,2,0,0,1,4,4,1,0,0,28,209,252,250,80,5,0,0,19,254,252,131,200,89,0,2,2,1,1,0,3,2,0,2,0,0,3,1,152,251,245,120,2,0,2,0,92,252,253,214,241,35,1,4,1,0,0,0,0,0,0,0,4,0,4,5,232,251,249,2,0,3,2,2,167,252,255,246,127,0,1,0,1,0,0,0,0,0,0,0,0,0,0,4,246,252,250,56,9,1,1,10,237,254,253,174,0,0,0,0,0,1,0,2,2,0,2,0,0,6,0,1,151,255,253,255,181,159,161,196,255,250,230,43,3,0,3,1,0,0,1,3,4,5,1,3,0,3,0,0,51,191,250,252,255,252,255,253,251,254,157,0,2,3,0,4,0,0,4,0,4,2,0,2,0,0,0,1,0,6,24,120,206,177,123,179,251,254,204,4,5,0,2,0,0,1,4,0,4,1,5,1,1,1,1,0,1,0,2,0,2,0,2,199,255,250,255,11,0,0,0,0,2,0,0,0,0,0,0,0,3,0,0,0,3,3,0,0,0,2,0,203,255,254,130,0,0,2,1,3,0,2,0,0,2,2,0,2,0,0,3,2,0,2,1,1,0,2,56,254,252,254,44,1,19,0,0,0,0,0,1,1,0,1,1,1,2,1,0,2,0,0,3,2,2,0,55,252,252,250,47,84,189,2,6,0,1,0,0,0,0,0,1,0,0,0,0,0,0,4,2,0,0,3,57,255,252,250,222,240,63,0,2,0,2,0,0,0,0,1,0,0,2,0,0,1,2,2,0,0,0,0,59,254,255,251,251,152,1,0,0,0,0,0,0,0,1,0,0,2,2,2,0,3,0,0,0,3,0,0,62,253,252,255,188,2,4,3,0,6,3,0,0,2,0,5,1,0,0,1,0,3,0,0,0,4,0,0,6,163,252,225,47,0,0,0,0,1,0,4,1,2,0,0,0,2,3,0,2,0,2,0,0,0,2,0,5,0,2,0,0,0,0,0,0,2,0,0,0,0,0,2,0,1,3,0,0,0,0,1,0,0,0,2,0,1,0,4,0,1,4,3,0,0,4,0,3,0,3,0,0,0,0,0,0,0,0,0,3,1,5,0,0,1,0,2,0,0,0,1,0,0,0,0,0,4,2
0,1,2,3,4,2,0,0,2,3,0,6,0,3,0,0,0,4,6,0,2,1,4,0,0,2,0,4,0,3,0,2,1,1,0,0,0,0,1,2,0,6,0,0,2,3,5,2,0,0,2,2,0,3,0,0,3,0,0,0,4,2,0,0,2,0,2,0,0,0,3,0,1,0,2,0,0,0,1,3,0,1,0,4,3,4,2,1,0,0,2,1,0,1,0,0,0,1,0,4,0,0,0,0,0,2,0,0,0,0,1,0,0,0,0,1,1,0,3,0,0,0,0,0,1,1,0,4,0,0,0,3,0,2,1,1,1,0,0,0,2,0,0,2,90,225,255,24,2,4,0,0,1,0,2,3,1,1,1,0,0,4,0,3,0,2,1,1,0,5,0,15,216,255,234,16,1,1,0,1,1,0,0,2,1,0,5,0,0,0,0,0,0,0,3,0,1,1,3,105,254,253,159,2,0,0,2,0,0,0,0,2,0,2,0,0,0,0,0,0,0,3,0,6,3,0,0,141,252,252,158,1,0,3,1,4,0,0,4,0,0,5,0,3,1,5,1,0,0,1,1,0,2,0,2,142,255,252,203,14,1,0,2,4,0,0,0,0,0,3,5,73,198,186,10,0,1,3,3,3,0,0,1,78,253,253,253,23,0,0,0,2,1,0,1,0,0,4,1,161,254,255,23,3,0,0,0,1,0,0,0,13,192,251,251,118,22,0,1,3,0,0,0,0,0,0,0,161,254,249,23,5,2,0,0,0,0,1,0,0,65,234,250,255,150,21,3,0,1,2,4,0,0,0,0,159,252,251,22,0,3,0,0,2,6,0,0,4,1,66,236,251,251,198,94,19,0,0,4,0,0,0,101,239,255,250,23,2,0,0,0,2,0,0,2,0,1,0,62,240,249,254,252,232,173,115,44,82,158,225,252,248,252,248,22,4,0,0,2,0,0,0,6,0,0,0,3,51,180,229,249,251,252,254,253,250,252,255,243,253,255,255,27,2,0,1,0,0,3,0,1,0,0,0,3,0,0,17,95,92,145,208,216,217,167,94,65,250,249,255,22,2,0,1,0,3,1,2,0,3,4,0,3,0,0,0,0,1,0,1,17,21,0,0,21,249,253,253,20,1,2,4,0,0,0,1,0,0,1,1,3,3,0,1,2,0,0,0,0,0,1,1,25,250,254,249,24,3,0,2,0,0,0,0,0,3,2,3,0,0,3,0,1,0,0,1,0,0,0,0,21,250,246,251,19,1,1,0,4,0,0,4,0,3,1,3,0,4,2,2,0,0,0,0,1,0,0,1,25,252,255,250,22,1,0,2,0,0,3,0,0,0,0,2,0,3,1,0,0,2,2,0,0,0,0,5,22,239,250,249,24,2,2,0,0,0,1,3,1,0,0,0,0,1,3,0,0,0,2,0,0,0,1,2,1,158,249,253,22,0,0,1,6,0,0,1,2,0,0,0,0,1,0,1,1,0,0,0,5,0,0,1,1,161,252,255,24,1,0,4,0,3,0,0,0,4,0,4,0,0,0,0,0,0,0,3,2,0,4,1,3,57,251,251,25,1,1,1,0,0,2,1,0,0,0,0,0,0,0,0,0,2,1,0,0,0,3,0,0,1,0,0,0,1,1,1,2,1,2,1,0,0,1,0,5,0,1,0,2,0,0,1,2,0,1,2,0,0,1,1,0,0,1,0,0,0,4,0,0,2,0,0,1,0,0,0,0,0,1,0,1,0,0,2,0,0,0,2,3,2,0,0,4,1
2,0,0,2,0,0,0,0,2,3,0,0,0,0,0,0,0,1,0,2,2,2,0,0,0,0,2,2,4,4,0,1,0,1,0,0,0,0,0,0,0,1,0,0,0,2,1,0,0,0,2,3,0,3,0,1,1,2,2,0,8,0,2,0,3,3,1,40,169,109,0,0,0,1,0,0,6,1,0,0,1,2,2,1,0,0,2,1,0,0,1,0,0,0,6,179,255,85,3,1,0,1,0,4,1,2,3,0,3,0,0,0,0,2,0,5,1,2,0,0,0,1,109,252,252,98,0,0,0,0,0,0,0,0,2,1,0,0,0,2,3,0,0,1,0,1,0,0,2,0,235,255,225,29,1,0,2,2,0,0,0,4,4,1,2,0,0,1,2,2,0,0,0,0,1,0,0,54,253,247,129,1,3,0,0,0,0,0,1,2,0,0,1,0,0,0,2,0,3,0,0,0,1,2,8,232,255,230,31,0,0,0,0,1,0,0,0,0,0,0,3,0,0,2,0,3,2,0,1,4,0,1,93,253,254,184,2,1,0,0,0,0,0,1,0,3,0,1,0,5,2,1,5,0,0,0,2,2,0,0,122,252,252,94,0,1,0,1,0,0,0,0,2,1,0,2,0,2,1,0,0,0,0,0,0,0,2,0,208,255,246,57,4,1,1,0,0,4,1,1,2,2,2,1,1,0,0,0,0,3,0,2,0,3,0,61,247,255,229,0,1,1,0,0,77,117,116,115,0,0,1,0,2,0,3,0,1,0,1,0,2,2,1,67,253,253,113,3,0,7,78,150,250,254,255,252,15,0,4,2,0,4,2,1,4,3,0,1,0,1,0,74,249,249,112,3,34,170,248,252,250,249,249,255,196,20,1,1,6,0,2,0,2,0,0,2,0,1,0,14,219,253,151,66,234,250,251,253,241,183,242,251,254,88,0,0,3,0,1,0,0,2,0,6,0,0,0,0,208,249,251,233,252,253,209,47,36,0,83,202,255,207,24,0,0,3,0,0,1,3,0,3,2,1,4,0,103,250,252,252,250,116,9,2,3,2,0,219,253,250,70,2,1,0,0,2,0,4,0,0,0,1,0,0,43,240,255,254,223,23,0,1,0,3,104,255,252,194,0,3,3,1,3,0,3,2,5,4,0,4,0,2,0,208,253,252,253,133,49,45,115,185,254,249,254,92,0,0,3,0,0,0,0,0,0,0,1,0,0,0,0,33,166,246,254,248,255,251,253,252,255,249,122,28,0,1,0,0,0,2,1,1,0,3,0,2,5,4,0,1,35,219,254,251,249,255,251,250,221,159,4,0,0,0,0,0,0,0,0,3,0,1,2,0,3,0,1,3,2,38,135,139,186,253,177,52,14,6,0,0,0,0,0,0,5,1,6,1,4,1,1,0,1,1,0,0,2,0,0,0,2,0,0,0,0,0,0,0,0,0,0,0,1,1,0,0,6,2,1,0,2,0,1,0,3,2,0,0,1,0,0,3,1,0,0,0,2,0,0,0,0,2,0,0,0,0,0,0,2,0,0,0,1,1,0,1,0,0,0,0,0,0,0,0,1,0,1,1,0,2,2,4,0,0,0,3,0,0,1,0,0,1,3,0,2,4,0,0,0,5,0,1,5,0,0,1,1,0,0,0,1,4,0,2,0,1,2,0,1,1,4,0,0,4,0,1,3,0,0,0,1,0,0,0,3,1,0,0,0,0,3,0,0,0,0,0,0,0,0,0,1,0,0,0,1,2,0,0,0,2,0,0,0,3
6,0,1,0,0,3,3,0,0,0,0,0,2,0,1,0,0,2,1,0,2,1,2,1,0,0,0,0,1,0,1,0,0,0,2,0,1,1,0,0,3,1,0,0,3,0,0,0,1,0,0,2,0,0,0,0,0,1,0,3,3,0,0,0,3,0,2,0,0,0,0,1,2,0,0,4,5,3,0,1,2,2,4,1,0,0,0,5,0,2,0,2,1,0,1,4,0,0,0,0,0,0,3,0,0,0,0,1,2,1,2,1,3,2,0,0,1,0,1,4,4,0,3,0,3,0,0,0,0,1,0,4,0,1,2,7,2,0,0,0,1,3,0,0,3,0,1,0,4,3,0,43,74,192,216,176,155,152,37,2,0,2,3,0,0,0,2,0,2,1,0,2,0,4,5,0,19,105,204,237,254,248,253,254,254,254,245,44,0,0,0,1,0,1,0,5,0,0,0,2,3,22,69,192,253,252,255,235,141,100,106,104,164,228,255,153,1,2,2,0,4,1,2,1,0,0,0,0,0,183,255,254,251,175,95,28,0,0,0,0,2,102,255,230,0,0,1,1,0,0,0,0,0,6,0,1,134,255,225,126,45,5,3,0,3,0,4,0,4,105,253,251,0,2,2,0,4,2,0,4,3,0,3,121,252,214,18,1,0,3,0,0,0,1,4,2,0,102,255,255,0,1,1,3,3,0,0,2,2,3,0,185,252,128,0,2,1,1,1,0,1,0,0,1,0,100,255,253,3,1,7,2,1,0,0,3,0,0,4,21,149,30,0,2,1,0,1,1,2,0,0,1,2,104,254,255,5,0,0,4,0,0,5,0,0,0,0,2,1,0,4,3,0,0,0,0,0,1,1,1,0,199,249,233,1,0,0,0,3,0,5,4,0,0,0,4,2,0,0,1,0,0,0,2,1,6,0,1,38,247,254,111,3,0,0,3,1,5,0,5,1,1,0,1,1,2,1,0,0,0,0,0,0,0,2,0,151,250,204,0,0,1,0,0,0,0,2,1,3,0,0,0,2,3,2,0,0,0,0,0,0,2,0,82,232,251,123,3,0,1,0,0,0,0,1,1,1,4,2,1,5,0,0,2,2,0,3,0,3,0,56,233,255,130,2,4,0,0,0,0,0,0,5,0,0,0,1,2,0,0,3,0,0,0,0,0,5,0,231,250,215,10,0,3,0,0,0,0,0,0,0,0,3,4,1,1,0,1,0,2,0,1,0,1,9,173,253,232,40,0,0,1,0,0,0,3,0,0,4,2,0,0,0,0,0,1,0,0,0,4,0,0,173,254,253,70,0,3,0,3,1,0,0,0,1,3,0,0,1,0,0,0,0,0,0,0,1,1,2,124,250,251,144,1,4,0,4,3,0,0,2,0,1,0,0,2,1,0,0,1,4,0,4,0,2,2,42,244,251,248,203,101,163,203,200,203,163,0,1,0,0,0,0,3,1,0,0,0,0,0,0,1,0,2,4,123,252,251,254,252,254,253,255,255,182,0,0,0,0,2,0,0,0,0,0,0,4,1,0,0,1,0,2,0,49,49,112,151,251,251,195,153,17,0,2,1,0,1,1,1,0,0,0,0,0,0,0,0,0,1,0,3,1,0,0,0,2,3,0,0,0,0,0,0,0,0,1,0,4,2,0,2,0,0,0,0,1,0,0,2,0,0,4,1,2,0,2,1,0,0,0,0,0,1,0,4,0,0,2,1,0,0,0,0,0,0,0,3,2,0,0,5,0,2,1,0,2,0,0,0,2,2,0,0
0,0,2,0,1,1,0,2,0,0,1,3,3,1,2,0,0,3,0,0,1,0,0,0,2,0,2,2,0,4,0,0,0,0,0,0,3,1,2,4,0,1,0,3,0,0,0,0,0,0,0,0,0,0,0,0,0,1,2,3,1,0,0,0,0,0,1,4,1,1,0,2,0,0,0,3,1,0,1,0,3,0,1,0,4,4,0,0,0,0,2,0,15,149,253,253,252,233,111,7,0,1,0,1,0,3,2,0,2,1,2,0,0,0,0,0,0,1,0,0,181,255,253,252,254,253,254,112,4,0,0,2,0,0,1,1,0,4,5,0,0,1,0,0,0,0,1,0,126,202,84,46,40,43,198,236,1,0,0,0,0,3,0,1,0,0,2,1,7,1,0,2,3,2,0,0,0,6,0,0,1,3,79,253,1,0,0,3,2,3,0,2,0,0,0,0,2,0,0,3,0,0,2,0,4,0,0,0,0,0,75,253,0,0,3,0,0,0,2,0,0,1,1,0,0,2,3,0,0,2,0,0,0,1,1,0,1,1,82,255,2,1,0,1,0,0,0,0,0,3,0,0,0,0,0,0,0,4,0,0,0,0,0,1,3,0,81,255,0,1,1,2,1,0,1,0,0,0,3,0,0,2,0,2,0,1,0,1,0,0,4,0,0,0,144,255,1,3,0,0,1,0,0,0,3,0,0,0,0,3,0,0,0,0,3,0,0,0,0,3,0,12,207,253,0,3,3,0,0,0,0,0,0,0,2,0,2,2,0,0,1,1,6,0,0,0,0,0,0,42,254,202,0,2,0,0,0,2,0,0,2,0,2,0,2,0,1,0,0,0,0,0,0,3,3,0,4,157,252,146,0,0,1,0,1,0,0,0,0,2,0,2,0,0,0,0,0,6,0,1,0,0,1,0,0,157,254,63,0,0,0,3,3,0,0,0,0,0,0,6,0,2,4,7,0,0,1,1,3,0,3,3,13,238,226,20,0,0,0,0,0,2,0,2,6,1,0,0,2,0,2,4,6,0,0,0,2,0,0,3,176,253,176,0,3,3,0,0,1,0,0,0,0,1,0,0,1,0,0,2,2,5,0,1,0,1,2,22,239,247,92,0,3,0,0,2,0,0,6,0,2,0,0,0,0,0,0,0,3,2,0,0,0,3,0,177,255,171,2,4,2,0,38,92,90,137,144,114,0,0,1,3,4,0,1,0,2,0,2,2,3,2,60,247,253,170,120,120,237,233,243,253,253,250,251,202,0,3,1,0,0,0,0,2,0,0,0,0,0,32,217,254,252,252,254,250,254,249,233,198,104,100,194,38,1,1,0,0,0,1,0,1,4,0,0,1,0,133,254,254,251,207,174,175,62,68,41,2,0,0,1,3,0,0,0,0,3,1,1,1,1,5,1,2,0,135,255,167,41,10,4,0,0,3,0,0,0,1,1,0,0,0,2,2,5,2,1,1,0,2,0,3,0,0,2,0,4,0,3,0,2,3,0,0,0,0,1,0,0,0,0,0,3,0,1,2,2,0,0,1,0,0,3,0,4,0,1,0,0,4,0,6,0,0,0,0,2,0,0,1,0,0,0,5,2,1,2,0,3,3,0,2,2,1,0,0,0,0,0,0,0,0,2,0,3,0,3,0,2,1,0,0,1,2,0,1,0,0,4,1,2,0,0,0,0,0,2,2,0,0,0,0,1,0,2,0,3,0,0,0,1,0,3,0,0,0,0,1,2,0,5,0,3,0,0,1,3,3,2,1,0,2,0,3
5,0,3,2,0,1,1,1,0,0,0,0,0,0,0,0,0,3,1,0,0,0,2,0,1,3,2,0,0,0,1,0,0,0,1,7,0,1,4,0,0,2,0,1,0,0,1,1,2,1,0,0,0,0,1,0,4,0,5,0,0,3,0,0,0,0,1,1,1,1,1,4,3,0,0,2,0,2,0,0,3,0,0,0,0,0,1,0,0,1,0,0,2,0,0,5,0,0,0,0,2,1,0,7,0,1,0,5,0,1,0,0,3,0,0,0,1,1,0,0,3,0,3,2,0,3,0,0,1,0,0,0,0,1,1,0,0,0,1,5,0,0,1,0,1,0,3,1,2,2,0,0,0,2,4,0,0,22,57,104,151,231,42,0,0,0,0,0,2,0,0,0,0,0,2,3,0,0,4,1,0,8,30,113,172,231,255,254,252,255,145,1,0,0,0,0,0,4,0,0,0,0,0,0,143,165,168,168,165,240,253,255,255,255,255,254,254,251,140,2,0,1,1,2,0,1,1,0,0,0,1,0,223,255,255,250,254,255,255,247,237,151,135,47,34,36,9,0,2,0,2,0,0,0,0,0,0,0,0,3,216,234,128,156,177,103,81,43,1,1,3,0,0,0,0,1,0,0,0,0,0,2,0,0,1,0,0,35,240,176,0,1,0,0,0,1,0,0,2,1,0,1,0,0,0,0,3,0,4,3,0,0,0,0,0,64,255,145,2,0,1,2,1,2,0,3,1,0,3,0,3,0,0,0,0,4,0,2,0,0,0,1,0,87,255,77,0,3,0,0,0,0,1,0,0,0,0,2,2,5,0,0,3,0,1,0,0,0,0,0,4,170,252,77,0,3,0,0,0,2,3,2,2,4,0,0,0,2,0,0,0,0,3,1,2,0,0,0,2,146,254,221,162,251,234,146,149,109,20,4,1,0,0,0,1,0,3,0,0,2,1,2,2,0,1,0,6,64,255,255,254,255,252,255,255,253,222,161,34,0,2,0,0,0,2,1,0,0,1,3,0,0,0,0,0,2,123,197,196,164,93,93,96,136,193,223,227,63,4,0,3,0,1,2,0,1,0,3,0,0,4,0,4,2,0,1,0,5,1,4,0,0,0,59,208,240,41,1,0,0,0,0,2,1,1,3,0,0,0,0,0,0,0,2,1,0,0,0,2,0,6,0,49,246,197,6,1,0,0,0,0,2,1,1,0,2,0,0,0,0,0,0,1,5,3,3,2,0,0,1,6,231,253,20,0,4,0,1,1,0,1,0,1,1,0,0,0,4,3,0,0,0,0,0,0,0,0,0,102,253,253,20,0,0,0,2,0,0,0,3,3,0,1,0,1,1,0,0,0,20,36,35,34,34,34,163,249,251,241,18,0,1,3,2,0,0,0,1,3,3,0,0,0,4,9,158,188,240,255,254,253,255,255,255,249,246,115,3,0,0,1,0,0,2,0,0,2,0,0,1,0,0,17,227,253,255,255,251,255,255,251,251,208,115,0,1,3,1,0,1,0,0,0,4,0,0,0,3,0,0,1,20,59,154,154,155,155,153,190,102,0,0,0,0,0,1,2,1,0,0,1,0,1,1,0,0,0,0,1,0,0,0,0,2,1,0,1,2,0,2,1,0,0,2,0,1,0,2,0,1,0,0,0,1,0,1,1,2,0,0,0,1,1,0,0,2,1,0,0,4,1,4,0,1,0,3,4,0,0,0,1,0,0,1,0,0,0,0,0,4,0,0,2,0,3,2,0,0,5,0,0,0,2,0
0,1,0,0,2,0,1,0,0,4,0,0,0,0,0,0,0,1,0,0,0,1,0,0,0,2,3,0,2,0,0,1,0,3,1,1,4,0,3,0,0,0,2,3,0,6,0,0,4,0,0,0,1,0,3,2,0,1,0,1,0,0,4,0,0,0,0,0,1,0,0,0,0,0,0,0,4,0,3,0,0,1,0,0,0,0,0,2,0,0,0,2,2,0,0,0,0,3,2,0,0,0,0,0,0,0,0,1,0,0,1,2,0,0,0,3,1,0,0,2,3,2,1,0,1,1,0,3,2,0,0,1,0,0,0,3,3,3,0,0,0,5,0,1,1,0,0,2,0,2,0,0,2,3,106,236,253,226,107,20,4,0,0,1,0,3,1,0,3,0,6,2,2,3,3,0,0,0,1,2,1,129,252,252,254,255,255,202,30,0,0,0,0,0,3,0,2,0,0,1,4,4,0,0,0,4,3,1,45,240,254,123,34,32,115,247,181,1,0,2,0,0,1,0,0,2,0,1,1,0,0,4,0,0,1,28,234,250,119,0,0,1,2,181,227,24,0,1,2,0,1,0,4,0,2,0,0,0,0,0,0,0,8,157,250,206,3,4,0,4,0,134,253,41,1,0,0,0,4,0,0,3,3,0,0,0,0,0,0,1,62,255,252,31,0,3,4,0,0,132,254,46,0,1,3,0,0,1,0,0,0,0,0,1,0,0,0,0,138,248,198,9,2,2,1,0,0,136,251,46,0,2,0,0,1,1,0,0,3,2,0,0,1,0,2,29,233,237,65,0,0,1,0,0,0,134,231,28,0,0,0,1,4,0,0,3,0,0,0,0,0,1,3,135,255,206,1,3,0,0,0,1,0,188,187,0,0,0,0,0,1,1,1,0,0,0,1,0,6,0,1,182,250,134,2,0,0,0,0,3,67,248,186,1,1,1,5,0,2,0,0,0,0,2,0,0,0,3,17,213,244,21,0,0,5,0,4,0,182,249,103,3,2,0,0,0,2,0,0,1,2,1,0,0,0,2,39,250,143,0,0,0,1,0,0,8,211,170,3,3,0,2,0,1,1,0,2,0,3,0,3,2,0,0,118,254,130,2,1,3,3,1,0,88,254,117,0,0,2,3,1,1,0,0,0,0,0,0,2,3,0,0,66,255,218,4,0,2,2,1,6,168,251,121,3,0,2,0,0,0,0,1,0,4,0,0,0,0,0,3,48,251,244,6,0,0,0,0,49,251,200,11,0,0,0,1,3,0,1,0,4,0,2,0,1,0,2,0,35,236,243,2,3,2,0,54,242,253,130,4,0,0,0,2,1,0,1,0,0,0,0,0,0,0,0,0,0,143,247,40,0,0,93,244,255,159,7,0,0,1,4,0,1,0,0,4,0,0,0,0,4,2,0,2,0,80,254,231,59,92,255,255,154,0,0,0,0,0,2,0,0,0,0,0,0,2,0,2,2,3,0,1,2,21,206,252,252,251,236,142,1,2,4,3,0,5,0,0,0,2,0,0,0,2,2,1,0,0,0,1,2,0,27,146,227,188,29,0,1,1,1,0,0,2,2,0,0,0,1,3,0,0,3,0,0,0,1,0,3,0,4,0,0,0,1,0,0,2,1,1,4,2,0,2,0,1,2,0,0,2,0,5,1,1,0,5,2,0,0,0,0,3,0,1,1,0,1,1,0,0,4,0,0,1,0,0,0,0,2,1,0,3,2,3,5,3,3,2,0,1,1,0,0,3,0,0,3,1,0,0,0,0,1,1
0,0,1,1,1,0,0,0,0,1,2,0,0,2,2,0,0,0,0,0,0,4,0,1,2,2,0,4,0,1,0,0,0,0,0,2,0,1,0,0,0,1,0,1,3,2,3,1,0,0,0,2,0,1,0,0,0,0,0,0,0,0,0,0,0,3,2,53,236,25,0,0,0,1,0,0,0,0,1,0,4,1,1,0,0,0,0,4,2,0,2,0,0,0,0,86,227,25,0,3,0,2,0,0,0,2,2,2,2,1,4,3,0,0,0,0,0,0,0,3,6,0,0,85,202,1,1,0,0,3,1,0,0,0,1,1,1,0,1,0,2,0,2,0,2,3,0,1,0,0,13,228,203,2,0,0,0,2,3,0,3,0,3,0,0,0,0,3,0,0,1,1,0,3,0,1,0,0,26,253,190,0,1,0,0,0,0,0,0,0,2,1,2,0,0,3,0,0,5,1,0,1,0,3,0,4,93,253,71,4,1,0,3,3,51,51,0,2,1,2,2,2,0,0,0,0,2,2,1,0,0,0,0,0,123,222,2,3,0,10,129,186,250,247,125,4,1,1,3,0,0,1,1,4,4,3,0,1,0,1,1,1,199,247,10,1,0,175,239,243,220,182,243,185,0,0,0,0,1,3,1,3,3,3,0,0,0,1,1,5,216,171,1,0,56,246,157,83,2,1,139,216,0,0,0,0,1,0,0,2,3,2,0,0,0,2,0,130,255,168,0,29,185,255,104,68,2,0,16,239,74,1,0,0,0,2,0,0,0,1,0,3,0,4,0,139,255,167,2,121,253,166,153,0,1,2,44,246,149,0,0,0,1,3,4,2,0,1,0,0,0,1,0,222,255,104,40,243,255,144,3,1,1,0,74,255,154,0,0,0,2,3,1,1,1,6,2,0,3,1,0,201,230,4,70,253,252,29,0,0,2,2,88,236,33,0,0,3,0,0,1,0,0,1,2,0,0,0,2,221,233,2,78,254,185,2,2,0,0,85,242,214,0,3,0,0,0,0,0,1,0,0,0,1,4,0,0,178,232,1,149,255,174,2,0,0,91,204,255,128,0,0,0,1,0,1,0,4,0,1,0,0,5,0,1,235,230,0,146,255,184,8,42,166,248,254,177,2,3,0,2,1,1,1,0,3,0,5,0,1,4,0,4,154,250,57,116,250,255,211,255,254,239,148,22,0,3,0,2,3,4,0,4,3,3,0,1,4,0,0,0,92,255,225,252,255,255,253,255,209,154,36,0,0,1,2,0,0,0,0,0,0,1,0,0,0,0,1,1,4,169,254,255,247,253,115,68,9,0,0,2,0,0,1,0,0,0,2,1,1,1,3,0,4,0,4,0,0,32,201,178,43,154,9,0,0,2,0,5,0,1,0,2,0,4,4,3,1,1,0,0,2,1,0,0,0,0,4,5,1,2,2,0,0,0,1,0,0,5,1,0,0,0,5,3,2,0,0,0,0,0,0,0,0,0,3,0,0,3,0,0,0,1,0,7,2,2,1,0,0,0,0,5,1,0,0,0,3,0,1,2,2,1,0,7,0,0,1,0,0,0,0,0,0,0,3,0,0,1,0,1,0,0,6,0,0,1,1,0,1,1,2,0,2,1,0,0,0,0,1,0,0,2,0,2,0,0,0,2,0,0,0,0,0,0,4,1,0,0,2,4,0,0,0,3,3,2,2,0,0,2,4,1,0,3,0,1,1,1,0,0,0,2,0,0,2,0,0,0,0,0,2,0,0,0,0,2,0,2,0,2,0,1,0
1,0,0,2,1,0,1,2,2,0,2,1,0,1,0,0,2,1,0,2,0,4,2,2,0,2,0,0,0,0,0,0,0,0,1,0,3,0,0,0,0,0,0,0,1,1,0,2,0,0,0,4,0,1,0,0,0,0,0,1,0,0,1,6,0,0,3,3,1,0,0,3,1,0,0,1,2,0,3,0,1,3,1,0,3,1,0,3,2,3,2,1,0,4,1,0,1,0,0,2,3,0,1,0,2,0,0,1,0,1,2,0,2,0,0,5,0,0,2,1,0,0,0,0,0,1,0,2,0,0,0,0,0,1,0,0,0,0,0,0,3,0,0,0,0,0,0,49,128,152,71,153,152,95,93,173,252,253,255,61,1,0,0,4,1,0,1,2,0,0,2,2,2,0,81,254,255,254,249,255,249,251,255,254,255,194,148,59,0,2,2,2,0,3,4,2,3,0,2,3,0,2,140,255,232,101,100,101,102,103,105,45,0,0,0,0,0,0,0,2,0,0,1,0,0,2,0,0,0,0,104,254,232,2,3,0,0,0,2,0,2,1,0,1,0,4,0,0,4,3,4,0,2,0,4,7,0,3,0,236,253,62,0,0,0,3,6,0,0,0,0,2,0,1,0,1,4,0,0,1,0,0,1,1,5,2,0,74,254,143,3,0,0,1,0,0,0,0,0,0,0,0,3,5,0,6,0,0,0,0,0,2,0,1,1,76,249,98,0,3,0,2,0,4,2,0,0,0,2,0,1,0,0,3,3,1,0,0,1,0,2,0,0,149,254,162,103,99,100,98,98,1,0,0,0,0,2,0,2,0,2,0,3,2,2,0,1,0,4,0,0,157,251,254,252,253,252,253,249,235,110,19,0,0,0,0,0,1,3,0,1,3,3,0,0,0,0,1,2,152,251,69,154,52,48,72,153,255,254,203,18,1,0,0,0,1,0,1,1,0,0,0,2,0,0,1,2,20,61,3,1,1,0,0,1,21,183,255,216,84,1,1,0,1,1,3,0,0,0,0,1,0,0,0,0,1,0,0,1,0,2,0,1,0,0,132,253,242,124,4,2,1,0,0,3,0,0,0,0,0,1,9,0,0,0,1,0,0,0,0,3,0,0,0,82,234,250,131,14,1,2,0,1,0,2,1,2,0,0,3,0,0,0,0,0,6,0,2,3,0,0,1,2,50,235,252,91,0,1,0,0,0,2,4,0,0,0,2,3,0,0,0,0,0,1,0,0,2,0,0,0,0,0,255,253,0,1,0,1,3,1,0,3,2,3,2,0,0,2,1,82,0,1,1,3,0,1,0,0,0,1,131,255,81,0,0,3,3,0,6,0,0,0,2,2,1,0,213,254,0,0,0,0,0,0,0,0,1,4,0,204,104,1,0,0,4,0,0,0,0,3,2,0,3,0,254,247,140,104,37,4,1,0,1,2,0,44,161,241,105,0,0,0,0,0,0,0,0,1,4,1,3,0,81,243,255,250,255,252,235,151,155,151,216,253,255,178,0,0,0,0,1,3,0,0,0,0,0,0,3,0,3,41,74,152,152,150,150,237,255,251,189,151,53,12,0,0,2,3,0,0,0,0,0,1,0,0,0,5,1,6,1,0,0,3,1,1,0,0,1,1,0,0,0,0,0,0,0,1,0,0,0,1,0,0,0,0,0,0,0,3,3,2,0,1,0,0,0,5,2,0,0,0,6,0,0,3,0,1,3,2,0,0,0,0,0,0,5,0,2,0,1,5,1,4,0,0,3,2,0,2,0,0,3
2,0,0,0,0,0,0,0,0,0,1,0,1,0,0,0,0,2,0,1,0,2,0,0,0,0,2,0,0,0,1,1,0,4,0,1,1,0,0,0,1,2,2,0,0,0,0,0,0,4,0,0,2,0,0,0,0,0,2,2,1,2,0,2,0,0,0,0,2,1,5,1,0,0,0,1,3,0,2,0,1,1,0,3,0,0,3,3,1,2,0,0,0,0,0,0,0,0,24,253,255,65,0,1,0,1,0,0,0,0,5,0,0,2,1,1,0,0,0,0,1,1,0,0,2,80,219,255,255,104,2,0,1,0,0,0,3,0,0,3,0,0,0,0,2,2,0,0,0,1,0,0,121,255,233,191,253,2,0,0,0,1,2,1,1,4,0,2,0,1,0,2,1,0,0,1,0,1,2,17,220,235,50,73,214,4,1,0,3,2,0,0,0,1,0,4,0,0,4,0,0,0,2,2,0,0,2,156,254,141,0,147,91,0,0,0,1,3,1,0,1,0,2,0,0,3,3,0,0,0,0,0,0,0,0,113,251,58,4,54,73,0,0,2,4,0,1,0,0,0,0,2,0,0,1,1,0,0,0,2,0,0,0,251,254,0,0,1,0,2,0,0,0,0,0,0,0,0,0,1,1,0,2,0,0,0,0,6,1,0,79,251,211,0,0,1,0,2,2,0,0,2,2,0,7,0,1,0,0,5,0,0,0,0,0,1,0,1,103,254,132,0,4,2,0,5,3,0,0,0,0,0,5,0,4,1,0,4,0,0,0,0,0,3,2,0,138,251,48,1,0,0,0,2,5,0,3,0,0,0,0,4,2,3,0,0,0,0,2,0,0,3,0,1,202,232,20,52,52,51,50,3,2,0,2,0,1,2,0,1,0,1,2,3,0,3,1,2,1,2,1,20,222,241,204,252,254,249,252,203,121,0,3,0,0,0,0,2,0,0,2,0,0,0,0,0,0,0,0,14,211,254,232,82,79,101,139,234,255,155,0,0,3,0,0,0,0,0,0,0,0,0,0,2,2,0,3,135,255,254,147,0,0,0,0,69,254,241,40,0,0,0,2,3,3,0,4,1,1,0,0,0,4,0,1,154,255,255,210,0,3,1,2,0,182,255,46,0,1,1,0,0,0,2,0,5,2,3,0,0,6,0,2,27,170,251,253,124,3,0,0,4,103,255,46,0,0,1,2,0,0,0,0,0,2,1,0,0,0,0,1,0,1,171,252,255,71,0,2,15,174,255,49,0,0,0,0,1,0,1,0,1,1,1,5,1,0,1,0,0,0,31,229,255,238,84,0,93,254,235,24,2,7,0,0,3,0,3,0,0,4,0,3,2,0,1,2,0,0,0,37,229,255,254,255,255,250,122,0,0,2,0,0,0,0,0,3,0,5,0,0,3,0,3,0,1,0,0,4,29,130,213,214,153,69,4,3,0,0,3,0,2,4,0,0,0,0,0,0,4,1,2,1,0,0,1,0,1,0,1,2,1,0,0,0,0,1,0,4,0,2,3,0,1,2,0,0,0,2,0,2,2,0,0,0,0,0,0,0,0,0,0,0,4,0,0,0,2,2,0,3,0,2,0,0,1,0,0,3,0,2,1,0,6,0,0,0,4,0,2,0,3,3,3,1,0,0,2,0,0,3,0,1,3,2,0,0,4,0,1,0,1,1,0,0,4,1,0,2,2,0,0,1,0,0,3,3,2,0,2,0,3,4,0,6,1,0,0,3,2,0,1,1,0,2,3,0,3,0,3,0,0,0,0
2,0,0,0,0,6,0,5,0,0,0,2,0,0,0,2,0,1,0,0,0,0,4,0,1,3,2,0,0,0,0,0,0,5,1,2,0,4,3,0,0,3,1,1,4,0,3,0,6,1,0,0,0,2,0,0,0,1,0,0,0,0,1,0,0,0,4,1,0,0,5,0,2,3,0,1,0,0,1,5,3,2,0,0,0,1,0,1,3,0,1,0,1,0,0,1,0,1,0,0,0,3,3,2,4,0,0,0,0,0,5,0,2,1,0,5,2,2,5,0,1,3,1,0,2,0,3,1,2,1,1,0,0,0,1,0,1,0,0,2,2,3,3,2,0,0,0,0,4,3,57,227,200,158,155,157,87,50,0,0,4,0,0,0,0,4,0,0,5,0,0,0,1,0,0,0,0,4,217,237,183,139,200,237,235,249,177,58,0,0,0,0,0,0,0,3,1,1,2,0,0,0,1,0,0,56,136,0,0,0,1,0,1,86,234,237,94,2,2,0,0,0,1,0,0,7,0,1,0,3,0,0,0,5,10,0,1,4,3,0,0,0,52,219,191,0,4,5,3,2,0,1,0,0,0,0,3,0,0,2,2,0,2,0,1,2,2,1,1,0,116,252,198,3,0,1,0,1,0,0,1,1,0,2,1,0,4,0,0,0,0,2,0,1,0,5,59,204,252,196,57,1,0,0,0,0,0,0,1,0,1,0,0,0,2,0,0,0,8,21,22,21,120,205,255,241,122,13,0,2,0,0,0,4,0,0,0,0,2,0,0,2,0,0,2,71,210,253,255,255,255,253,255,215,74,0,0,0,4,0,0,1,4,1,1,1,0,1,0,1,1,0,0,76,201,215,125,117,17,18,88,189,250,104,0,0,0,1,1,2,2,0,0,0,0,0,0,0,0,0,0,0,1,0,1,1,0,0,0,46,230,195,0,2,4,1,0,1,0,0,0,0,0,2,0,2,1,0,0,1,0,0,0,3,0,2,1,1,98,214,8,0,0,0,1,0,0,0,0,1,2,3,0,1,0,0,0,0,0,0,2,1,1,0,1,5,98,253,35,1,1,0,0,2,3,2,0,2,0,0,3,1,0,4,0,0,0,4,1,0,2,2,0,17,181,197,2,1,0,0,1,1,0,0,0,0,2,0,0,4,3,0,0,70,3,0,0,5,3,1,3,142,255,129,0,0,0,2,0,5,1,0,5,4,0,0,0,2,0,18,175,160,0,0,3,2,0,2,99,252,174,0,0,0,0,0,1,0,4,0,0,2,0,0,3,3,0,235,255,77,0,0,1,0,2,136,253,145,22,1,1,0,2,5,0,2,0,0,0,0,0,4,0,0,0,235,253,0,2,2,0,0,137,245,133,3,0,1,0,0,0,0,0,1,1,0,1,3,4,1,1,4,0,231,253,1,0,0,11,152,252,138,0,3,0,3,1,1,0,2,0,0,0,0,0,4,5,3,0,1,2,91,252,81,123,168,240,251,154,21,0,1,5,0,0,0,0,0,0,0,3,1,0,3,0,0,2,3,0,10,209,255,253,221,155,82,0,0,0,0,1,2,0,1,0,1,0,0,2,0,2,0,3,0,3,0,3,0,1,0,1,0,0,0,0,0,0,0,0,0,0,3,1,2,2,2,0,0,1,0,0,3,2,2,0,2,1,3,0,0,2,1,0,0,0,1,4,1,1,0,0,0,1,2,0,2,0,0,2,5,0,1,2,0,3,1,0,2,2,0,0,3,0,0,2,1,0,2,1,0,1,0,0,0
3,0,0,0,2,5,5,3,0,0,2,0,0,0,0,0,0,0,0,0,0,1,0,0,0,0,0,3,0,4,0,0,0,1,0,0,0,0,2,1,1,2,0,0,0,2,0,0,5,0,3,0,2,1,0,1,0,2,0,0,0,0,0,1,3,0,4,2,0,0,2,1,3,0,0,0,0,3,1,2,0,0,0,2,0,0,3,0,2,5,7,0,0,0,1,0,0,0,0,2,2,0,3,0,0,0,3,4,1,0,0,2,3,1,2,0,0,0,1,2,0,2,1,0,3,4,1,0,0,0,0,0,1,0,0,0,4,0,0,1,0,0,2,0,0,1,0,2,0,0,5,0,0,4,0,1,0,0,1,0,0,2,0,2,0,1,0,1,5,3,0,3,0,0,0,2,0,0,0,0,2,2,3,1,0,0,0,0,0,0,0,0,0,1,0,3,0,2,0,0,0,126,126,128,254,254,255,255,253,252,253,254,255,125,3,1,0,0,3,2,0,1,0,2,0,0,4,0,1,253,255,255,255,255,253,255,254,255,255,253,255,254,65,0,2,0,1,0,0,1,0,3,0,1,4,0,6,63,127,60,0,0,0,0,2,0,0,64,255,252,126,0,2,0,0,0,3,0,1,0,0,0,0,1,1,2,0,1,4,0,0,1,1,0,0,63,255,255,127,0,0,1,1,0,1,2,0,0,0,4,0,0,1,1,2,1,0,0,0,0,0,0,0,127,255,253,125,0,1,0,1,1,0,2,1,0,0,0,0,0,0,1,0,0,0,1,0,1,3,0,1,126,253,255,129,0,1,0,0,0,0,0,0,3,0,3,0,0,2,1,0,0,0,0,0,4,0,0,0,124,253,252,125,4,0,5,0,3,0,0,0,1,0,0,0,0,4,3,5,0,0,0,3,0,0,0,6,126,255,255,123,0,0,1,0,0,0,1,0,3,0,0,0,0,1,0,0,0,0,5,0,0,0,1,3,128,255,253,132,2,1,0,0,0,0,2,0,0,0,0,3,0,0,0,0,1,0,0,0,0,5,1,2,127,253,255,3,0,0,0,1,0,0,0,3,0,1,0,0,0,0,1,0,0,0,0,2,0,0,0,1,191,255,252,0,3,2,4,0,1,0,0,0,0,4,0,1,0,0,3,0,0,3,3,0,3,0,0,0,255,255,255,0,4,0,0,0,2,2,0,0,0,1,0,4,2,4,6,0,0,0,0,0,2,0,1,0,253,251,127,0,0,0,0,0,0,2,0,2,0,0,2,0,1,3,3,1,0,0,3,0,0,0,0,1,254,254,129,0,1,0,1,1,3,0,3,3,0,0,2,1,0,0,0,3,5,0,1,3,0,0,2,3,255,252,131,0,1,2,0,1,0,0,0,0,2,0,2,0,1,5,0,0,1,1,0,3,1,2,2,62,250,255,131,1,0,0,1,2,0,0,1,0,0,2,0,0,1,0,3,3,3,0,1,0,0,1,0,128,255,255,190,3,0,3,1,0,0,6,0,2,0,3,0,0,0,0,0,0,1,0,2,0,0,0,0,1,255,255,255,65,0,0,2,0,2,0,0,2,3,1,0,2,0,0,2,2,0,1,0,1,0,0,1,5,255,255,255,124,0,1,1,0,0,0,0,0,1,0,4,2,0,0,3,0,1,0,0,2,2,0,0,0,193,255,129,0,4,0,1,1,1,1,0,0,0,0,1,0,0,1,3,3,0,0,0,2,2,2,2,2,0,0,3,5,2,1,2,1,6,0,0,3,0
1,0,2,0,0,5,2,0,2,0,0,0,3,0,1,4,1,0,0,5,0,3,0,0,0,0,2,0,1,0,1,0,4,0,2,0,2,0,0,2,0,0,1,3,0,1,0,0,0,1,1,0,0,0,0,0,1,0,5,1,0,2,2,0,0,2,0,0,0,5,1,0,0,0,0,0,0,1,0,1,2,0,0,0,2,0,0,2,0,0,1,11,27,16,0,1,0,0,1,3,0,1,0,2,1,0,2,0,1,0,0,0,0,1,1,0,2,0,161,214,252,218,162,100,49,12,1,0,0,0,3,0,1,0,1,0,1,1,0,0,0,1,0,2,2,0,252,255,253,249,250,251,249,206,88,6,0,1,5,1,5,3,0,0,0,1,0,2,1,2,1,3,2,3,103,161,160,161,157,254,255,247,255,158,41,1,4,0,0,4,4,3,0,0,0,1,1,0,2,0,0,0,0,2,0,0,0,88,159,255,250,253,221,2,0,7,0,0,0,1,0,0,0,1,1,3,0,3,0,1,0,2,0,3,0,0,0,31,226,255,232,4,0,1,5,1,2,2,2,0,0,0,0,2,3,0,0,1,0,0,1,0,0,0,0,0,205,253,230,3,1,0,0,0,2,2,0,0,0,2,0,0,0,2,0,3,0,0,0,0,0,1,0,81,240,252,229,0,0,2,1,2,0,2,1,0,0,1,2,0,4,0,0,2,0,4,2,0,2,1,39,241,251,249,135,0,1,0,0,2,0,0,2,2,0,0,4,1,4,0,1,0,0,4,2,4,0,1,51,255,254,253,12,0,0,0,1,0,1,2,2,2,0,0,0,0,4,0,0,2,0,1,1,6,0,3,170,255,251,135,0,3,0,0,2,0,0,1,0,1,0,0,3,0,0,0,0,0,0,2,0,5,0,100,250,253,255,62,1,0,1,0,0,0,0,1,0,0,0,2,1,0,0,2,0,0,0,0,0,0,0,222,249,252,149,7,0,0,0,0,1,3,0,0,1,1,1,0,3,0,0,1,0,0,0,0,0,1,135,254,249,223,28,0,3,4,1,0,0,0,0,0,0,0,1,0,0,4,0,0,0,0,3,4,0,1,229,254,251,78,1,2,0,3,29,117,115,175,229,229,233,179,2,0,0,0,1,0,2,0,4,4,4,61,245,251,251,85,117,141,251,253,249,254,248,255,255,255,236,74,0,0,2,0,3,0,0,0,0,2,14,213,250,253,250,252,250,251,254,250,254,249,211,206,182,94,15,0,0,0,3,0,0,0,3,2,0,0,69,252,252,255,255,255,253,249,254,206,101,73,3,0,0,2,0,4,4,0,1,0,0,0,0,1,0,0,41,236,252,254,193,128,50,43,46,18,1,2,3,0,2,2,0,0,0,0,0,0,0,0,0,0,2,0,2,16,22,25,7,0,0,2,2,4,0,0,4,0,0,0,0,4,0,4,3,0,0,0,1,2,2,0,0,0,3,0,4,6,0,2,1,0,2,0,0,0,0,2,0,1,0,5,2,0,0,2,2,0,0,0,0,0,0,1,3,1,0,6,4,0,1,0,4,1,0,3,0,1,4,0,1,2,1,1,2,0,0,4,3,5,3,0,4,1,0,0,1,5,0,3,0,1,2,1,3,0,0,0,0,1,0,1,0,0,0,2,1,0,0,2,0,0,0,0,0,0,1,1,0,0,0,0,1,0,0,0,2,0,0,2,0,0,0,2,0,0,0,0,2,1,5,1,2,0,0,0,2,1,0,0,0,4,1,2
1,1,0,2,0,0,0,0,1,0,0,1,0,0,5,3,0,1,1,3,1,0,0,0,2,0,0,2,0,0,0,0,0,0,0,0,0,0,4,0,0,0,0,0,0,0,2,1,4,0,0,0,0,0,0,1,2,0,0,0,3,1,0,0,1,2,0,3,1,0,1,0,0,0,0,0,1,2,3,0,0,0,0,2,0,0,0,3,0,0,0,0,0,0,0,0,0,1,2,1,0,3,0,2,0,2,1,0,0,0,0,0,3,0,0,1,0,3,0,38,117,209,255,182,65,0,0,0,0,3,1,1,1,0,3,1,0,0,0,0,0,0,1,0,5,0,3,201,253,252,197,208,244,189,70,0,0,0,3,1,0,5,4,1,0,0,1,0,1,0,0,1,2,0,0,213,253,182,22,21,100,246,243,111,28,0,3,0,0,4,0,0,0,0,3,0,0,3,1,1,0,0,72,244,212,23,0,0,1,127,252,254,197,24,0,2,0,0,3,0,0,2,2,1,0,4,0,0,0,6,101,250,199,3,3,0,0,29,196,245,255,205,104,3,2,0,3,0,0,1,0,3,1,0,0,0,0,0,92,250,188,0,0,0,0,2,0,73,194,239,250,99,3,0,0,0,0,0,0,0,0,0,0,0,0,0,96,250,58,0,3,0,0,0,0,3,0,8,186,254,32,3,1,1,2,1,0,0,0,0,3,2,0,0,97,255,62,0,0,3,1,0,1,6,0,1,4,236,202,21,1,3,3,2,0,1,1,1,4,0,0,0,96,251,59,0,0,1,1,1,0,3,0,3,0,25,225,173,4,0,3,2,0,0,0,0,0,2,2,0,98,253,61,1,0,1,0,0,0,0,4,2,1,0,184,240,62,1,6,1,0,0,1,0,2,0,1,0,97,252,61,3,0,0,0,0,2,2,0,0,0,0,81,254,178,0,0,0,5,0,0,4,3,1,0,4,98,254,60,0,0,2,0,0,1,5,1,0,0,0,27,219,214,1,0,0,5,2,0,0,0,2,0,3,42,232,141,3,0,0,0,3,0,0,0,1,0,0,0,199,213,5,0,0,5,1,0,0,2,6,0,1,0,213,195,0,2,3,0,0,2,4,0,0,0,2,42,220,255,94,1,4,0,3,0,0,0,0,1,0,0,209,194,0,0,0,1,4,0,0,1,0,4,0,137,254,181,57,0,2,3,1,0,3,5,1,0,0,1,169,245,118,3,0,0,1,5,0,2,0,2,88,252,233,51,2,2,0,0,0,0,0,1,1,0,4,1,17,205,249,114,0,3,0,3,0,3,0,37,138,252,155,0,3,0,0,2,2,2,4,5,2,1,1,0,1,58,171,248,110,46,8,3,3,6,46,211,251,245,47,2,0,0,2,1,1,3,2,0,1,3,0,0,0,0,12,177,240,251,170,158,160,166,248,255,235,83,1,0,0,0,4,0,0,4,0,0,0,2,0,2,0,0,0,0,61,115,166,249,252,252,252,114,5,0,2,0,1,0,3,2,0,2,3,0,0,0,0,0,0,2,1,0,1,1,2,1,2,0,0,2,2,0,2,2,4,0,0,0,0,3,0,1,2,0,0,0,2,1,0,2,2,0,1,0,3,4,3,0,0,0,1,2,0,4,2,2,1,0,0,0,3,2,0,0,0,1,0,1,0,3,0,2,1,0,0,0,0,1,0,1,0,1,2,0,0,0,0,0,2,2,5,0,0,1,1,0,0,0,0,1,2,0,0,0,3,0,0,0,1,0,3,0,0
0,0,1,0,0,5,0,1,2,0,0,0,2,1,2,0,0,0,0,0,0,0,3,0,0,1,0,2,0,1,0,1,2,0,1,1,0,1,0,3,0,0,3,0,0,0,0,0,2,0,1,1,0,0,0,1,0,0,0,0,2,0,6,0,0,0,0,1,2,3,0,0,0,0,0,0,0,0,2,1,1,1,0,0,2,0,0,0,0,0,1,2,0,4,0,0,2,0,0,2,0,0,1,2,0,2,0,1,1,1,0,1,0,3,0,2,0,2,0,1,0,0,0,0,0,4,0,0,3,3,0,0,0,1,0,0,2,0,0,5,1,0,3,1,0,0,2,0,0,4,0,0,30,175,248,250,251,255,123,0,0,1,0,2,0,0,0,0,0,0,4,0,0,4,0,0,0,0,0,11,196,249,253,253,253,254,251,158,2,0,0,1,0,2,0,0,0,6,0,5,3,0,0,0,0,39,127,223,255,255,251,238,251,251,252,232,35,0,2,0,2,0,0,0,3,0,0,0,5,0,0,0,71,250,250,254,236,190,113,31,236,255,253,252,62,0,0,2,0,1,1,0,2,0,0,2,1,1,0,25,210,255,255,155,108,2,1,119,247,252,162,215,8,0,0,0,3,4,1,0,4,0,0,0,0,0,0,125,255,252,151,0,0,2,10,201,253,215,18,0,2,0,0,0,0,3,0,1,0,0,4,0,0,0,0,173,255,188,17,0,0,1,81,251,212,83,0,1,1,0,0,0,0,0,3,0,0,0,2,0,0,1,3,169,254,156,0,0,2,58,244,249,232,46,0,7,0,0,0,2,0,2,2,0,1,3,0,0,0,0,0,98,250,239,130,3,1,136,255,193,174,28,0,0,0,0,0,5,0,2,0,1,3,0,2,2,0,0,1,12,173,253,249,153,94,244,253,166,0,4,4,2,3,1,3,0,0,0,0,0,0,0,1,0,0,0,2,0,0,122,242,254,255,254,231,28,1,0,1,2,4,2,2,0,0,0,2,4,0,0,0,2,0,0,0,0,0,0,51,237,250,251,208,0,2,0,0,0,5,0,1,4,0,1,2,0,0,0,0,0,0,4,1,4,0,0,10,233,250,254,250,199,138,158,70,0,6,1,1,3,1,7,2,1,0,1,2,0,0,0,0,2,0,0,117,253,251,198,203,253,251,182,118,24,0,0,0,1,0,0,1,3,2,5,0,1,0,1,2,3,0,39,243,251,111,6,3,87,136,215,254,150,0,0,2,0,4,0,1,1,0,0,0,2,1,0,3,1,3,43,253,248,72,4,0,0,0,29,143,252,127,0,5,0,0,0,2,0,0,0,0,0,2,0,0,1,0,44,248,230,0,0,0,0,1,5,33,252,167,0,1,0,0,0,0,0,0,0,1,1,2,2,0,1,0,138,251,233,25,14,0,16,31,158,240,253,119,1,0,0,1,1,0,2,1,1,3,0,3,4,1,3,1,76,254,249,255,217,165,228,250,251,252,184,35,0,0,0,0,0,0,0,0,3,0,1,2,2,0,0,2,26,180,199,191,147,191,224,195,146,100,22,0,0,2,0,1,4,0,0,0,0,0,1,0,0,0,4,3,2,0,1,4,1,0,6,0,0,0,0,2,0,4,5,0,0,0,0,1,0,0,1,2,6,1,1,1,0,0,0,0,1,3,2,2,0,4,0,0,0,3,0,2,1,0,0,3,0,1,0,0,1,0,0,1,0,0,0,0,1,0,2,0,0,2,2,0,0,0,0,0,2,1,0
0,0,3,3,1,0,2,4,0,0,2,0,1,0,0,3,0,1,0,1,2,0,0,1,0,0,0,1,0,1,0,0,0,1,2,0,1,0,0,0,1,1,0,0,1,4,0,6,0,0,1,2,0,1,0,0,1,0,0,2,4,0,1,0,2,0,3,0,3,0,5,0,0,3,2,0,3,1,1,0,2,0,0,2,2,0,0,0,1,2,0,0,0,0,0,2,3,1,3,1,0,2,0,0,0,2,0,0,0,0,0,1,1,0,2,1,0,4,0,0,0,3,0,0,0,2,0,0,1,0,2,0,0,3,0,2,0,0,0,0,2,0,0,0,0,3,0,0,0,0,0,53,132,231,161,82,4,2,0,0,0,0,3,3,1,5,0,0,0,0,0,0,3,0,0,0,1,8,84,245,247,250,253,244,205,40,1,1,1,3,0,0,0,2,0,0,0,0,1,0,0,0,1,0,22,202,255,252,61,15,90,170,253,225,46,2,0,2,0,0,0,1,5,0,2,0,0,2,1,0,1,2,78,255,215,110,56,0,0,5,128,255,215,7,3,1,1,2,0,1,2,1,0,0,1,2,3,0,1,0,76,251,170,0,0,0,0,2,10,236,255,73,0,1,1,0,1,1,0,0,3,0,0,0,3,0,0,4,68,252,175,0,0,0,0,0,0,168,255,77,2,0,3,0,0,0,4,1,0,0,0,2,0,0,0,2,1,230,254,46,0,0,0,0,1,170,254,70,0,2,0,0,0,0,1,6,0,2,2,1,0,0,3,1,0,82,253,229,110,3,0,0,29,250,255,77,2,1,1,0,3,2,4,0,0,1,5,0,1,0,0,0,0,8,160,255,253,135,56,23,169,254,237,16,0,1,0,0,0,0,0,1,0,2,0,0,0,2,0,0,2,0,3,116,239,255,252,250,255,242,68,0,0,0,1,0,3,2,0,0,0,0,0,1,1,0,0,3,0,3,0,2,115,255,253,254,243,66,0,3,0,0,0,3,0,2,0,2,0,0,2,1,0,0,0,0,0,1,44,115,230,255,253,251,248,50,2,0,4,3,1,0,0,1,4,0,0,0,0,0,1,2,3,0,2,32,242,250,243,179,57,128,250,171,0,3,0,0,0,0,0,0,3,3,4,0,2,1,0,0,4,0,2,127,255,132,21,0,4,44,247,253,58,0,4,0,0,0,2,0,0,4,1,0,0,3,0,0,0,2,0,43,253,116,1,1,0,5,32,213,232,37,0,0,0,0,0,0,0,0,2,0,3,1,0,0,0,0,3,8,201,243,38,0,0,0,4,167,252,75,0,0,0,1,0,0,0,5,1,0,0,2,0,0,0,0,1,0,175,250,155,0,0,4,5,179,241,39,2,0,1,3,0,0,0,0,0,0,0,1,0,0,1,5,1,1,24,212,231,76,0,1,53,251,194,0,2,2,1,0,1,2,2,0,0,0,2,0,0,0,0,1,1,0,1,77,246,252,204,144,236,255,114,0,0,0,0,2,0,3,1,0,0,3,3,0,0,0,0,2,0,3,0,3,76,213,255,254,253,161,9,0,0,0,3,2,0,1,4,1,0,3,0,2,1,0,1,5,0,0,0,0,0,0,1,0,3,0,0,0,0,0,4,0,0,0,1,5,0,4,0,4,0,0,0,2,1,0,1,0,1,1,0,3,4,0,0,1,0,0,0,1,0,0,0,0,0,1,0,1,2,6,2,0,0,0,0,1,0,0,3,1,0,2,0,0,2,0,0,2,1,2,0,3
2,1,1,4,2,0,1,4,3,0,0,0,0,0,0,0,0,2,5,1,0,0,1,2,0,3,0,1,2,0,4,0,0,0,0,0,2,2,3,0,2,0,1,0,0,0,2,0,0,0,2,2,3,2,1,1,0,1,3,0,0,0,0,0,2,0,0,0,3,0,0,2,4,0,0,0,1,0,2,0,0,0,0,1,2,1,2,0,0,1,0,0,0,0,0,3,2,0,1,1,0,0,1,0,0,2,2,4,1,2,0,3,0,2,0,0,0,0,2,0,1,0,2,3,0,1,2,4,0,1,1,3,1,0,1,0,0,1,2,3,0,3,0,0,0,0,3,0,0,0,2,0,2,5,13,15,12,14,12,87,132,130,136,132,133,132,77,0,0,5,4,0,0,2,2,0,1,1,1,1,54,182,254,253,250,255,254,250,254,252,253,255,251,251,170,1,0,0,2,1,0,0,0,1,2,1,0,55,230,253,255,255,253,255,231,218,220,216,128,96,97,94,8,1,0,0,0,1,0,0,4,1,0,0,32,235,252,254,232,92,85,89,37,1,0,1,0,0,0,2,1,0,1,0,0,0,0,1,1,0,0,9,152,252,252,166,45,0,0,2,2,1,0,1,0,2,1,0,0,0,0,0,1,0,1,0,0,2,0,130,253,254,163,12,4,3,0,0,1,0,0,0,0,0,1,0,0,2,1,0,0,5,0,2,0,0,20,238,255,235,38,0,3,1,1,4,2,3,0,0,0,4,0,0,5,3,3,0,5,0,2,2,0,5,172,255,234,63,0,0,1,3,2,0,3,0,0,0,4,0,5,0,1,0,1,2,0,0,0,1,0,14,255,253,206,1,0,0,4,0,0,0,3,0,0,2,0,0,1,0,0,0,1,0,1,0,0,0,0,11,200,255,252,154,29,3,0,1,0,2,2,3,0,0,0,0,2,0,3,0,0,0,0,0,0,0,0,0,71,207,254,255,253,252,151,25,10,0,0,0,0,2,0,1,0,0,0,0,0,0,0,0,1,1,1,0,1,69,131,232,248,254,254,255,201,11,0,0,0,0,3,0,2,2,0,0,0,0,0,0,1,0,1,0,0,3,0,1,75,135,231,255,254,196,18,0,3,1,0,2,0,0,3,1,1,0,1,5,0,0,0,1,2,0,0,0,3,3,30,138,253,254,188,0,0,0,3,0,0,0,0,0,0,2,2,0,2,1,0,28,0,0,0,0,0,2,0,3,183,253,227,5,6,0,3,0,1,0,0,0,2,1,0,2,0,0,3,222,121,28,0,0,0,0,0,118,250,255,228,0,2,0,2,0,1,2,0,0,0,0,6,3,0,2,0,113,255,147,31,0,0,30,123,245,249,248,95,0,4,3,2,2,0,1,3,0,0,5,5,2,2,0,2,11,209,252,208,129,216,231,252,254,252,148,1,2,4,0,1,0,1,2,0,0,0,1,0,5,0,0,0,0,27,211,254,255,254,255,255,208,88,2,1,0,1,0,0,0,0,0,0,0,0,0,0,2,0,1,3,0,0,11,36,132,131,135,76,18,0,0,1,2,0,1,0,0,5,0,0,0,5,0,3,2,4,0,0,3,0,0,3,0,2,0,0,0,0,0,2,2,3,3,3,0,0,0,2,3,2,0,1,0,4,0,1,0,0,1,0,0,6,1,3,0,0,0,0,3,0,0,0,1,2,2,2,1,0,2,0,0,1,2,4,0,1,3,2,4,1,4,3,0,0,0,3,0,1,1,0,0,0,1,0,0
0,0,0,0,0,0,0,5,1,0,0,1,0,0,2,0,0,1,0,0,0,1,0,0,0,5,1,0,2,0,2,4,0,0,0,0,0,1,1,0,0,0,3,1,0,0,0,1,0,1,0,0,0,3,0,1,0,0,2,2,0,0,0,2,2,2,1,3,0,0,0,0,0,0,0,2,2,1,2,0,2,0,0,0,2,0,0,1,2,0,5,1,0,0,0,0,6,0,1,0,0,0,2,3,0,0,3,2,0,0,0,0,2,6,2,0,3,0,0,2,4,0,0,0,0,5,0,0,0,0,5,1,1,2,0,2,0,1,0,0,0,0,0,0,0,2,0,6,3,0,0,5,0,0,0,0,0,0,2,1,2,0,1,0,0,0,1,2,1,0,3,1,1,0,1,1,1,0,0,2,66,23,0,40,233,139,1,0,0,0,2,2,1,0,1,0,2,0,1,3,3,0,0,0,5,0,0,21,205,134,0,145,254,221,0,1,0,0,2,0,1,0,3,1,0,0,0,0,1,2,0,0,2,1,4,77,255,105,0,148,253,225,0,0,0,1,7,0,0,1,0,0,2,0,0,0,0,0,0,1,0,0,3,195,255,98,4,146,253,223,2,0,0,4,3,1,0,3,0,0,1,0,0,5,1,0,1,0,0,0,115,252,254,7,2,148,252,224,0,1,0,0,3,0,0,0,1,0,0,0,0,4,3,5,0,1,1,0,147,255,220,1,1,142,255,226,1,0,2,0,4,5,0,2,0,0,0,0,4,3,1,1,0,0,0,117,251,248,94,3,1,149,255,225,0,3,1,0,1,0,2,2,2,1,0,0,0,1,4,4,0,2,1,181,254,206,32,2,0,148,254,225,0,0,0,0,0,1,4,2,0,0,3,0,0,0,0,3,2,1,19,242,255,255,237,213,213,237,254,237,79,0,0,2,0,3,1,0,0,0,0,0,0,1,0,0,0,0,22,239,233,254,255,252,253,253,253,251,177,0,0,2,0,0,1,1,5,2,0,1,0,0,0,0,2,2,4,36,29,54,56,76,72,173,254,226,37,2,3,1,0,1,0,0,0,0,0,0,0,2,1,2,0,0,0,1,3,2,0,2,0,145,255,225,0,4,3,3,1,0,0,0,0,2,1,1,0,0,0,0,3,1,0,2,0,1,1,0,6,145,255,184,0,5,0,0,0,2,2,0,0,3,0,0,4,0,3,0,0,1,0,4,1,0,0,2,0,148,255,110,0,5,0,0,0,3,1,0,0,3,1,0,0,0,0,4,0,0,0,3,2,0,0,0,1,145,250,43,0,2,0,0,0,4,0,6,0,1,4,3,0,0,0,0,0,0,0,1,3,3,0,1,1,198,253,20,2,0,0,0,0,0,0,0,0,1,0,0,0,0,0,0,4,0,3,0,2,1,4,0,4,248,255,14,0,0,1,1,0,0,4,1,0,0,0,0,1,0,0,0,1,0,1,0,0,0,0,0,1,251,252,14,0,1,0,1,1,0,3,3,0,0,0,0,2,2,1,0,0,0,0,0,1,1,0,0,1,252,166,0,0,4,1,0,0,0,0,0,1,0,0,0,1,0,0,1,0,4,1,3,0,2,0,0,0,192,58,2,2,0,0,0,1,0,0,4,0,0,0,0,0,4,0,4,0,3,1,1,1,7,2,1,1,0,2,0,0,0,1,2,0,4,1,1,0,1,0,0,3,0,3,0,0,1,1,0,2,3,0,3,0,2,0,0,0,1,0,0,0,0,0,2,5,1
0,0,0,1,0,0,0,1,1,6,1,0,0,0,0,0,5,0,2,0,2,0,2,0,0,0,1,1,7,0,0,0,1,3,0,1,0,0,0,0,1,0,0,0,0,2,2,0,0,0,1,0,1,0,0,0,0,1,0,0,1,0,0,1,0,3,0,2,2,0,0,0,1,0,2,0,0,0,0,0,1,0,2,0,1,1,0,0,3,0,2,5,2,0,2,0,2,3,0,4,0,0,0,0,0,0,0,0,2,2,2,0,0,0,0,0,4,4,2,0,3,3,0,0,0,1,0,0,6,0,0,3,2,1,1,4,0,0,2,0,0,0,1,0,0,2,0,0,0,4,0,0,3,0,213,177,0,1,1,0,0,0,1,3,3,0,0,1,0,2,3,0,0,1,0,0,3,0,1,0,1,1,252,251,3,0,0,0,2,0,0,4,2,0,1,1,0,0,4,0,0,3,1,0,4,2,0,6,1,0,234,254,102,2,0,1,1,0,0,2,0,0,0,1,0,2,4,0,0,0,0,1,0,0,0,0,0,0,148,252,100,0,0,0,0,0,0,0,1,1,0,0,2,2,0,0,1,0,0,0,6,0,0,0,0,0,213,252,43,2,0,1,0,4,0,0,0,0,0,0,2,3,0,2,0,2,4,0,4,3,0,4,0,2,251,254,0,0,0,5,0,0,0,0,0,0,0,0,0,0,2,3,0,0,0,0,2,1,3,1,0,45,255,255,0,0,0,1,1,2,0,0,0,0,0,0,0,1,0,0,2,0,4,1,0,1,0,0,0,77,254,252,1,0,0,4,0,0,0,0,0,1,0,0,1,2,0,1,0,0,0,4,1,0,1,1,0,102,255,252,4,4,0,1,0,0,2,0,1,1,0,7,0,0,0,0,0,3,1,2,1,3,0,0,0,99,252,214,0,3,0,1,0,2,0,4,1,0,0,0,0,3,1,0,0,0,0,0,0,0,0,0,0,99,253,151,0,0,0,0,2,1,2,2,0,0,0,0,0,3,5,2,1,2,4,4,3,4,0,2,2,105,251,149,0,1,0,0,0,0,0,0,0,2,0,4,3,0,0,0,1,0,0,0,1,3,3,0,1,204,253,50,1,3,2,4,0,1,1,0,0,3,0,0,3,3,0,2,0,0,0,0,0,0,0,1,21,226,230,33,2,2,3,2,0,2,0,0,0,4,0,3,1,0,2,0,0,0,1,2,2,0,0,1,73,255,202,0,0,3,0,0,1,0,1,0,2,0,1,1,0,0,1,0,0,4,1,2,0,0,4,1,154,251,202,0,0,1,2,0,5,3,0,0,0,2,3,2,1,2,0,0,2,0,1,0,4,0,0,2,154,252,103,0,0,0,0,0,1,0,4,3,1,0,1,0,2,1,0,0,5,5,0,0,0,0,1,0,230,253,17,0,4,0,0,0,0,0,0,3,0,2,0,0,3,0,2,0,0,2,0,1,0,0,0,18,255,193,2,0,0,0,0,0,1,0,0,0,0,1,0,3,5,3,4,2,0,3,1,1,0,0,0,22,254,113,0,0,0,0,1,0,4,0,1,3,0,0,5,0,3,0,0,3,2,1,1,1,0,0,2,0,1,0,2,1,2,2,0,4,3,0,0,0,0,0,0,0,2,0,0,0,0,0,0,2,0,0,0,0,0,0,7,0,3,1,0,2,0,0,0,1,2,1,0,2,3,0,1,0,2,0,0,2,0,0,2,1,0,0,1,0,2,0,3,0,3,0,3,1,0,0,0,2
0,0,2,2,1,2,0,2,0,1,0,0,0,0,0,0,0,0,0,2,4,3,2,2,0,0,0,1,0,1,1,0,0,0,2,6,2,0,2,3,0,3,0,0,0,0,0,0,4,0,0,0,0,0,0,1,0,5,0,0,1,0,0,0,3,0,0,0,3,0,0,0,0,1,0,0,0,0,0,0,0,0,1,0,0,4,0,1,0,1,0,0,0,0,0,0,2,0,2,0,6,1,1,0,0,0,0,1,3,1,0,0,0,0,5,0,0,3,0,0,0,2,0,0,5,9,192,63,0,0,5,0,1,0,0,0,0,0,0,1,2,4,1,0,2,2,0,3,2,4,2,0,0,3,139,250,9,0,0,3,0,1,4,3,4,0,0,3,6,3,0,0,0,0,3,0,1,4,0,0,5,15,239,254,14,0,0,4,1,1,0,0,0,0,0,0,3,1,1,0,3,0,0,0,0,0,0,0,0,12,255,255,17,2,0,2,0,0,1,0,0,0,1,0,0,1,0,4,0,2,0,0,0,0,0,1,0,13,255,253,12,0,0,0,2,0,3,0,2,2,2,1,2,0,0,1,0,0,0,0,0,4,6,2,3,15,253,255,18,6,0,0,3,3,0,0,0,0,0,0,0,0,2,4,1,0,0,4,3,1,0,3,2,5,189,253,13,2,3,0,1,0,5,0,1,0,0,0,2,0,0,1,0,0,0,0,0,0,1,1,2,26,251,253,98,2,0,0,0,2,5,1,2,0,2,0,0,1,0,3,4,0,0,1,3,1,1,1,14,209,255,254,67,1,0,0,0,1,2,1,0,0,5,3,3,0,3,4,0,1,2,0,0,0,0,1,24,248,255,254,12,0,0,3,3,0,2,0,3,0,0,0,0,0,6,0,1,0,0,1,2,0,1,4,25,254,255,59,0,0,0,2,2,0,2,6,0,0,0,1,0,0,4,0,0,1,1,0,2,4,0,0,32,253,253,136,0,0,0,1,0,1,3,0,1,1,0,0,0,0,2,0,1,0,1,4,0,0,0,0,24,254,253,62,0,0,0,3,0,1,3,0,1,1,0,2,2,1,2,2,1,0,0,3,0,1,0,0,12,194,255,134,0,2,0,0,0,0,0,2,0,0,1,2,1,0,3,0,0,0,3,3,0,0,0,0,29,251,254,135,5,2,4,1,1,2,0,0,2,5,1,0,0,0,0,4,0,1,0,2,0,0,0,0,6,178,255,37,1,5,1,6,0,0,2,1,4,0,0,0,0,0,0,0,3,0,0,0,0,0,0,2,3,166,255,1,2,0,0,1,4,0,1,3,3,1,0,0,0,0,0,0,0,0,1,0,3,5,0,0,27,255,254,73,0,0,2,0,3,0,0,3,1,0,2,0,0,0,0,0,0,0,0,0,1,0,0,4,10,192,245,2,0,0,1,0,0,0,0,2,0,2,3,0,5,5,0,0,0,2,0,2,0,0,0,0,0,145,119,3,0,0,0,0,0,2,3,0,0,0,0,0,0,1,1,0,1,0,0,2,0,0,0,0,5,1,2,0,0,2,2,0,0,0,0,0,1,0,0,0,0,1,0,2,0,1,0,5,0,1,0,0,2,2,0,3,0,0,0,0,0,1,0,0,0,0,0,0,0,2,0,0,0,0,3,4,0,3,0,1,2,0,0,1,1,1,2,1,0,0,3,5,0,1,2,0,0,3,1,0,0,0,5,0,0,4,1,5,2,3,0,0,0,0,0,0,0,0,0,0,0,0,0,3
1,1,4,3,0,1,2,3,0,0,0,0,1,4,0,0,0,0,0,0,0,4,2,0,1,1,1,0,1,0,0,0,2,0,0,2,2,0,0,3,0,0,0,0,0,0,2,0,0,1,0,0,0,0,0,0,0,0,0,0,0,0,0,0,2,0,0,0,0,2,1,5,0,0,0,1,0,0,5,0,6,2,1,0,0,0,3,0,0,0,0,0,0,0,0,0,0,0,1,0,0,0,4,0,0,0,2,0,0,2,0,0,0,1,0,1,1,0,0,0,0,2,1,1,0,4,6,0,4,2,2,0,4,0,1,1,0,0,0,4,0,3,1,1,0,2,3,0,3,3,0,0,1,0,3,1,3,0,0,1,0,4,0,1,0,1,2,0,1,0,1,0,0,0,0,1,0,2,0,43,0,1,0,4,2,0,83,196,62,0,2,0,4,0,0,0,1,3,0,0,0,0,3,0,0,1,92,250,116,3,0,0,0,1,82,251,147,0,0,1,0,0,0,0,0,1,1,0,0,4,0,0,0,0,149,251,175,0,0,0,0,0,173,255,154,0,0,0,0,2,0,1,0,3,0,0,0,0,0,0,4,18,207,255,115,0,2,2,0,5,170,253,156,2,0,1,0,1,0,0,0,3,0,0,3,3,0,0,2,99,251,227,14,0,0,1,0,0,169,250,152,1,0,0,2,0,0,1,0,2,1,1,0,1,0,3,17,237,252,104,1,0,2,0,1,8,229,255,153,0,1,0,0,2,0,4,0,0,0,0,0,0,2,0,173,252,252,45,3,0,1,0,4,28,253,255,95,4,0,0,2,3,2,2,0,0,0,2,0,3,0,3,224,255,163,19,20,16,4,1,0,101,255,212,10,0,3,1,0,3,0,1,0,0,1,2,4,0,2,90,254,252,210,213,255,235,179,152,34,137,255,123,0,0,4,3,4,0,2,1,0,1,0,1,0,0,0,212,255,252,255,251,253,217,255,255,248,250,255,117,0,0,0,0,4,0,0,0,6,3,0,4,4,0,0,252,255,250,216,63,49,17,49,75,55,214,255,116,0,0,1,0,0,0,1,0,1,0,0,4,0,0,0,223,254,102,3,0,0,0,2,0,1,202,255,119,4,0,2,0,0,0,0,0,1,0,0,0,1,0,0,33,73,7,0,0,3,0,0,0,6,212,255,28,0,1,0,0,0,1,4,0,1,0,3,0,0,1,3,3,1,4,0,0,0,0,0,0,45,251,245,23,0,0,2,1,0,1,0,2,0,4,0,0,0,0,0,0,0,0,0,2,1,0,0,0,112,250,88,0,0,0,0,0,0,1,0,0,0,2,2,2,2,0,0,0,1,0,1,4,0,0,0,0,228,255,87,3,5,0,1,5,3,0,3,2,0,0,0,0,2,2,3,3,1,0,0,0,0,0,0,0,237,251,87,0,0,2,0,0,2,0,0,3,1,0,0,0,0,1,0,0,1,0,0,0,0,0,1,2,235,247,80,2,0,0,0,0,1,4,0,0,2,2,0,1,0,6,0,4,0,0,0,0,0,0,0,0,189,252,86,0,0,0,0,3,0,0,0,0,0,3,1,2,0,0,0,1,2,1,0,0,1,0,0,4,89,194,53,4,0,1,0,0,0,2,0,0,6,0,2,2,1,2,2,0,1,0,0,0,0,0,0,0,1,0,3,0,1,0,2,1,4,2,0,2,0,2,1,0,2,0,0,0,0,0,0,4,0,1,5,0,0,0,0,2,0,0,0,1,0,0,2,0
0,0,1,0,1,1,1,0,3,0,0,1,0,0,0,3,0,3,0,0,0,0,0,2,0,1,0,2,3,2,0,0,0,0,1,1,6,0,2,2,1,0,1,0,0,0,3,1,0,1,0,0,2,0,0,0,2,0,1,0,0,0,0,0,0,1,0,0,0,0,4,2,0,0,0,0,0,1,0,2,0,0,0,0,1,6,3,0,0,2,3,1,1,4,1,1,2,0,0,1,0,0,4,0,0,0,1,2,0,0,0,0,0,0,0,0,1,0,0,2,0,2,0,0,6,6,5,0,0,0,0,0,3,57,10,3,0,3,1,0,0,0,1,0,0,0,0,0,0,0,8,35,157,254,254,131,0,1,2,0,0,224,202,19,0,1,3,0,0,5,4,5,0,1,1,2,6,94,213,254,255,249,236,113,1,0,0,0,4,99,252,135,0,0,0,0,0,3,4,0,4,1,3,0,110,255,255,253,205,81,0,2,0,0,0,3,0,0,237,211,14,2,0,0,1,1,0,0,4,0,0,107,253,255,216,80,0,0,0,1,0,1,0,1,2,0,241,255,147,0,0,0,1,0,0,4,0,2,111,255,255,214,32,3,0,3,0,1,0,0,0,2,1,0,156,255,255,0,0,1,0,0,0,0,0,5,252,254,237,33,0,0,4,0,0,0,0,0,0,3,0,1,115,255,255,1,2,0,3,0,2,0,0,11,252,255,144,3,3,0,0,1,0,0,0,0,0,1,3,0,34,241,251,1,0,1,3,0,0,0,1,92,251,242,30,0,0,3,2,0,0,3,0,0,1,2,0,0,2,243,251,0,1,0,0,0,0,1,0,132,254,233,3,0,0,1,0,0,0,1,0,4,4,0,0,1,0,242,255,1,0,0,0,2,3,0,1,225,255,142,3,0,1,0,0,1,4,3,2,0,0,4,1,0,0,242,254,1,2,1,0,0,0,0,0,223,254,210,0,2,0,1,0,0,3,0,1,3,2,3,0,0,0,240,255,0,3,3,0,0,0,1,2,130,253,240,36,2,0,3,0,0,0,1,3,0,0,0,3,0,37,245,214,0,0,3,0,1,2,1,0,88,251,254,145,1,0,0,2,0,0,2,0,0,2,1,0,0,219,255,128,0,0,0,1,0,0,4,0,7,254,255,252,128,0,0,0,0,1,2,4,6,0,0,0,42,245,252,130,0,1,0,2,0,0,1,1,2,105,255,254,248,82,1,2,1,2,4,2,0,1,2,41,225,255,209,20,2,0,0,0,4,0,0,1,0,0,153,255,255,222,91,0,0,0,0,1,0,3,43,226,255,254,84,1,0,0,2,2,0,1,1,0,0,0,13,105,255,254,249,148,30,1,0,0,1,134,241,253,252,95,0,2,3,2,0,0,4,0,1,0,2,0,0,18,152,251,249,255,250,241,245,245,245,253,253,211,86,0,0,0,1,0,2,5,2,4,2,1,1,2,1,2,3,8,15,5,1,10,10,7,4,6,3,4,0,0,0,0,0,0,0,0,4,0,1,1,0,1,2,1,0,0,3,0,3,0,0,1,3,2,0,0,4,0,1,2,5,0,0,2,5,8,3,0,0,0,2,0,0,0,3,0,3,0,1,0,2,0,0,1,0,0,3,0,0,0,0,1,0,2,3,3,3,0,0,2,0,2,0,3,0,1,5,0,1,3,5,0,3,1,3,0,0,0,0,5,0,1,0,3,0,1,0,0,0,0,2,0,1,0,2,0,1,0,0,0,1,2,3,0,0,0,0
2,0,0,1,0,2,0,1,0,5,0,1,0,0,0,0,0,1,0,0,0,3,0,3,0,0,0,0,0,1,0,0,0,0,0,0,0,1,3,4,2,0,2,1,4,0,0,0,0,2,0,0,4,0,0,0,0,0,0,0,0,0,4,2,0,0,0,0,0,0,2,0,0,0,0,0,3,0,0,0,2,0,4,3,0,3,0,3,3,0,0,0,0,2,0,1,0,4,0,0,0,0,0,1,0,0,0,0,2,0,0,0,4,0,0,4,0,3,0,2,2,0,0,0,3,3,2,0,0,2,0,0,0,0,2,1,0,0,1,0,0,0,1,2,0,0,1,0,0,0,0,0,0,2,3,0,2,5,0,3,0,2,1,2,0,0,3,0,0,1,1,3,0,2,7,0,3,2,1,0,0,0,0,1,2,2,4,1,0,0,0,2,2,1,0,0,5,1,1,0,0,17,157,209,170,59,58,22,0,2,6,1,4,1,1,0,2,1,0,0,0,0,2,3,2,1,74,210,239,244,255,231,255,249,252,249,245,158,69,67,20,1,0,0,0,0,1,0,0,3,0,2,0,0,196,255,210,183,138,69,74,56,61,114,191,191,243,255,234,117,38,0,0,1,0,0,0,2,1,0,0,3,41,202,161,0,0,0,0,0,0,0,0,0,19,61,143,231,210,66,1,2,0,0,0,0,0,0,0,0,0,18,10,0,0,1,0,2,0,1,0,0,3,7,32,173,254,184,113,14,4,0,0,0,0,0,0,2,0,4,0,0,0,3,0,0,4,0,2,3,76,230,246,254,255,238,255,64,0,0,0,1,1,0,2,0,2,5,0,0,0,3,1,3,3,3,0,1,103,255,255,210,234,108,90,0,0,4,0,0,0,4,3,0,2,0,1,0,0,2,2,0,0,0,2,2,3,166,247,72,27,0,2,0,3,0,1,4,0,0,1,0,0,0,0,0,0,3,0,1,5,0,3,4,0,17,150,223,174,14,0,1,0,0,0,3,1,1,4,2,0,4,0,0,5,0,5,2,3,0,0,0,1,0,3,74,240,190,51,0,1,0,2,1,0,0,5,0,0,0,3,0,1,4,0,4,0,0,2,0,0,1,0,1,42,222,172,21,0,0,1,0,0,1,0,2,4,0,0,1,1,0,3,0,0,3,2,5,1,2,0,13,97,239,255,230,3,0,0,1,0,0,1,3,1,0,1,0,0,0,1,0,1,1,0,0,3,24,115,217,255,255,244,154,0,2,0,0,0,5,0,0,1,0,0,1,2,3,0,0,0,0,0,56,144,241,255,255,248,238,96,0,4,1,0,1,0,0,0,0,0,3,3,0,2,1,3,0,4,95,155,239,255,252,210,155,122,17,0,0,1,0,2,0,0,0,0,0,0,0,3,0,1,0,0,2,1,12,145,191,147,75,44,4,1,0,5,2,1,0,0,0,0,7,1,1,0,0,0,1,1,0,1,0,1,0,0,0,3,0,0,1,0,2,1,2,0,0,0,0,0,2,0,4,0,0,0,0,0,2,0,0,0,0,3,0,2,3,0,0,1,2,2,1,0,0,0,2,0,0,0,0,0,2,0,0,0,5,0,0,0,3,0,2,4,2,0,0,0,0,0,4,1,0,0,0,4,0,0,1,0,0,2,3,1,0,3,0,6,0,0,0,1,0,0,0,1,5,1,1,1,1,5,1,1,0,3,0,0,0,0,2,1,1,0,2,0,0,0,1,4,0,0,1,2,0,0,0,0,1,1,0,0,1
0,0,0,2,0,0,0,0,0,4,0,0,0,3,1,1,0,0,2,1,2,0,2,0,2,1,0,3,4,3,0,0,5,3,0,0,0,0,0,5,3,2,1,0,0,1,4,0,0,2,3,1,0,0,4,0,0,0,3,0,3,2,4,1,0,0,0,0,2,0,1,0,3,0,0,0,0,0,0,0,0,0,0,0,0,0,0,0,0,2,0,2,6,0,3,1,0,0,1,0,0,0,3,0,0,4,2,0,0,0,2,2,4,5,0,0,1,4,2,0,2,2,1,2,0,2,0,0,0,0,0,0,0,2,0,2,0,3,0,0,0,0,2,2,0,0,0,0,0,0,0,63,127,190,189,65,2,1,5,0,0,2,0,0,3,1,1,1,0,0,0,0,0,0,3,2,127,191,254,255,255,255,255,255,193,1,4,2,1,0,1,1,0,0,0,2,3,2,0,3,0,3,0,255,255,255,254,255,255,255,191,254,253,129,0,4,0,0,2,4,3,0,5,0,1,0,0,3,0,0,0,255,255,255,255,127,63,4,130,255,255,190,0,0,0,0,0,0,1,0,0,2,0,0,0,0,1,3,1,3,129,123,0,3,0,0,190,255,255,193,0,0,0,1,2,0,0,2,0,0,5,0,2,2,0,0,0,0,1,0,1,0,63,255,253,255,255,62,1,1,0,0,2,0,0,0,1,0,5,1,3,2,0,2,0,2,1,1,4,64,255,253,253,254,0,0,0,0,0,2,1,0,4,4,0,0,0,1,0,0,0,1,0,3,0,127,190,255,254,255,255,254,128,0,2,1,0,4,6,0,1,0,0,2,0,0,2,0,0,0,0,0,192,254,254,255,255,255,255,252,255,192,6,0,0,0,4,2,4,0,3,2,0,0,2,0,0,0,0,0,255,255,255,255,251,255,253,255,255,255,254,0,1,2,0,0,0,0,0,0,0,4,0,1,0,0,1,2,128,255,255,255,253,255,127,127,132,254,255,192,0,0,3,0,0,0,1,2,0,3,1,0,0,0,1,0,67,129,127,64,0,0,0,2,2,131,251,255,125,0,0,0,1,0,3,0,0,0,2,3,0,0,0,0,1,0,1,0,0,0,0,0,3,65,253,255,128,3,2,0,1,2,6,0,1,1,3,1,0,0,4,0,0,0,2,0,0,0,2,3,1,129,255,255,255,0,0,0,0,1,1,0,0,0,0,2,2,0,4,3,0,1,0,1,0,3,0,0,0,187,255,252,255,0,5,1,1,0,0,0,0,3,0,0,0,1,3,0,0,0,133,2,0,0,61,122,252,255,255,255,125,1,0,1,0,0,0,6,0,1,0,0,0,2,1,0,0,0,254,253,128,128,251,255,255,255,255,190,0,0,0,0,1,0,0,1,0,0,0,0,0,0,0,0,0,0,193,255,255,255,254,255,252,255,127,0,1,2,2,2,0,3,0,2,4,2,1,0,0,2,0,2,0,4,0,190,255,255,255,255,255,68,0,0,0,0,0,0,0,3,6,0,1,1,0,0,2,2,2,0,3,0,1,0,0,192,127,65,0,2,0,0,0,0,3,1,2,0,0,0,0,4,2,0,0,0,0,0,1,0,1,0,0,1,1,1,2,0,0,1,1,0,1,2,0,0,2,0,0,1,0,0,0,2,0,2,0,0,3,2,0,0,0,0,0,0,0,2,0,0,0,0,2,0,0,1,1,0,0,2,5,1,0,1,2,2,0,4,0,2,3,0,0,2,0,0,3,0,0,0,4,6,1,5
3,0,0,0,0,0,0,1,1,6,0,3,0,0,0,0,2,0,0,0,3,0,0,1,1,3,0,0,0,2,0,1,0,0,0,3,0,2,0,0,3,1,1,3,0,0,0,0,0,1,1,0,1,0,0,0,0,0,0,0,0,1,1,0,0,0,0,1,0,0,1,0,0,0,0,0,0,2,0,1,0,1,0,0,1,0,0,3,0,4,2,0,0,0,0,1,0,0,1,0,1,0,3,0,6,2,0,0,2,5,0,0,3,0,2,0,1,0,0,0,1,2,0,1,2,0,1,0,0,0,1,0,0,3,0,5,3,0,0,0,1,1,0,1,1,0,0,0,2,3,4,1,0,2,0,1,0,0,0,0,0,0,2,4,1,2,1,4,2,1,0,3,0,0,3,0,2,0,1,5,0,0,3,1,0,0,1,1,3,0,2,0,0,5,0,0,0,4,0,1,0,0,0,140,225,251,255,255,173,227,223,254,255,255,174,0,0,0,0,2,1,1,3,0,0,2,2,2,2,0,88,252,196,172,171,172,228,193,171,171,172,197,255,84,0,0,2,0,2,0,0,0,0,0,0,0,1,5,27,57,1,4,1,3,0,0,0,2,0,89,252,26,3,2,0,0,0,0,1,0,4,1,0,0,0,3,4,0,0,1,0,0,0,1,0,0,4,116,195,0,3,0,0,0,1,1,2,0,0,0,0,0,0,2,0,3,2,0,0,0,0,0,2,0,1,222,172,0,0,0,0,1,0,0,0,1,5,0,0,0,0,0,0,0,1,0,0,1,2,1,2,0,86,254,119,4,0,0,0,0,0,0,1,0,0,1,1,0,0,2,0,0,5,0,1,0,0,0,2,0,86,252,57,0,2,2,1,2,0,0,0,0,2,0,0,1,1,0,0,0,2,2,0,0,3,8,5,0,170,198,0,0,0,0,1,0,0,2,0,0,3,0,0,1,0,0,2,2,2,2,3,0,0,1,2,28,255,168,0,0,0,0,5,0,2,2,2,0,0,1,3,0,4,0,0,0,0,0,1,3,4,2,0,87,255,61,0,3,0,1,0,3,0,1,0,2,0,0,4,0,0,0,3,0,1,0,2,0,2,1,0,140,221,0,4,0,0,2,0,0,0,0,0,4,1,0,1,0,0,0,2,6,1,1,0,3,0,0,30,253,172,0,0,0,0,0,1,7,0,0,0,2,1,1,1,1,5,4,0,0,0,0,0,4,0,3,115,255,84,0,0,0,0,0,2,0,0,0,0,0,0,0,0,0,0,4,0,0,0,5,0,3,0,0,225,197,1,0,0,0,0,0,0,4,0,2,0,0,1,0,0,0,5,0,2,0,1,1,1,0,0,27,255,167,0,1,0,1,5,0,1,0,0,3,0,0,0,0,0,0,0,0,0,2,0,0,0,0,0,115,255,30,0,2,3,0,3,1,2,0,3,0,0,0,1,0,0,0,0,1,4,0,0,0,1,0,1,227,174,4,3,0,0,0,0,2,0,0,1,0,0,2,0,0,0,3,0,6,0,0,0,0,3,0,82,254,92,0,3,0,0,6,2,0,0,0,2,0,1,0,0,1,0,1,3,2,1,3,0,0,0,3,221,251,88,0,2,0,3,4,1,0,4,0,0,0,0,2,0,0,1,2,0,1,3,2,2,5,0,1,229,168,31,0,0,0,1,0,0,2,0,1,2,0,0,0,0,0,0,1,0,2,5,0,2,1,4,3,4,4,0,0,1,0,0,0,1,1,0,2,0,0,1,2
2,3,0,0,0,1,5,0,2,0,0,1,0,0,0,0,0,1,2,0,0,0,0,0,0,0,0,1,0,1,0,0,3,2,0,2,4,3,0,0,1,2,0,0,0,0,0,1,0,4,2,0,0,1,0,2,0,1,0,0,1,0,1,0,0,2,0,4,2,0,0,3,24,131,214,254,254,47,0,1,0,0,2,0,0,1,2,0,0,0,0,0,2,1,1,0,5,1,11,93,254,255,251,233,227,45,2,2,0,1,0,0,4,1,1,3,2,0,0,0,0,0,0,3,1,14,198,255,252,216,135,25,0,0,0,3,0,0,0,1,0,0,2,0,0,0,4,0,2,5,0,1,67,203,252,249,127,0,0,0,0,0,3,1,0,3,0,3,2,0,0,0,0,2,3,4,2,3,0,48,197,255,251,129,3,0,1,3,2,2,1,0,4,0,0,1,0,0,5,1,0,5,0,3,0,1,20,217,251,254,68,2,0,2,0,0,3,4,2,0,1,0,4,0,1,0,0,0,0,0,0,4,0,22,193,252,220,121,3,0,0,2,5,0,0,0,2,1,0,0,0,4,0,0,3,0,0,0,0,0,2,112,253,255,114,0,0,0,0,0,0,0,0,4,1,0,0,1,3,1,1,3,0,0,0,0,0,2,98,252,254,173,3,0,0,3,0,1,2,0,0,0,2,3,3,0,5,0,0,2,0,0,0,0,0,13,208,255,254,47,1,6,1,0,1,3,0,0,3,3,0,0,5,1,0,0,2,0,0,0,0,0,0,46,253,255,116,0,0,0,0,3,0,5,0,3,11,5,0,0,6,4,0,3,0,0,0,1,1,0,0,157,254,197,3,1,0,1,0,0,1,100,144,170,253,130,15,0,2,2,4,1,0,0,0,2,1,4,19,220,255,119,3,5,0,0,35,104,168,246,255,253,254,253,170,5,1,0,2,0,0,0,0,0,0,0,24,251,253,73,0,1,17,100,253,255,255,250,197,85,128,252,255,24,2,0,0,3,0,0,0,0,2,0,24,251,255,71,0,24,134,249,255,218,77,74,22,16,174,254,230,20,0,2,3,0,0,0,0,0,1,1,27,255,251,163,2,181,250,252,186,28,0,2,50,176,252,253,157,0,0,2,0,0,0,2,0,0,0,3,17,223,255,214,118,244,254,219,9,5,9,86,197,255,252,184,33,2,0,0,0,0,0,2,4,1,3,2,0,54,255,252,255,255,255,184,96,164,223,249,255,231,156,42,0,0,1,1,0,0,1,0,0,0,1,1,7,6,105,217,252,254,255,253,251,254,254,252,185,110,0,0,1,0,0,0,0,0,0,0,0,0,2,2,0,5,2,36,165,255,252,254,255,189,122,13,3,1,3,0,0,0,2,0,2,0,0,1,0,0,0,1,0,0,0,0,3,1,0,0,3,0,0,1,3,2,0,0,0,0,0,0,1,0,4,1,0,0,0,0,1,0,3,0,0,0,0,2,0,0,0,0,1,0,0,2,0,3,0,0,5,1,0,2,0,0,0,0,0,0,0,0,0,0,1,1,1,0,0,0,0,2,2,0,0,0,0,0,0,3,2,2,0,0,0,0,2,1,3,0,5,0,1,2,1,3,0,0,2,2,1,0,3,0,0,4,0,0,0,0,0,2,0,0,1,3,0,0,2,1,0,2,0,0,0,3,0,0,2,0,0,0,4,2,0,0,0,0,0,1,0,0,0,0,0,0,0,1,1,0,0,2,0,0,0,0,0,0,0,0,2,0,0,0
3,0,1,0,0,0,0,0,6,0,1,3,0,3,2,0,1,0,3,0,0,0,1,1,0,3,0,0,0,0,2,2,1,0,1,1,3,3,0,2,1,0,3,0,0,0,0,5,1,0,0,0,0,0,3,0,2,0,2,1,0,0,0,0,1,0,5,0,1,0,1,0,3,1,2,0,0,0,0,0,3,0,4,0,0,3,2,3,0,2,3,0,4,2,0,0,0,1,3,2,0,2,0,0,1,0,1,5,0,0,1,1,0,0,1,0,0,4,0,1,0,1,2,1,0,2,1,90,114,1,0,3,0,0,2,0,0,1,1,0,3,0,0,3,5,0,3,0,3,2,1,0,2,3,2,205,192,2,0,0,2,3,0,0,0,0,0,2,1,0,0,0,3,0,0,0,1,3,0,5,0,0,56,254,170,1,0,0,0,0,2,0,1,0,3,0,0,0,0,0,0,3,2,0,4,0,0,0,1,7,59,250,93,0,0,0,5,0,0,2,0,3,1,3,0,0,1,0,0,0,0,0,1,0,0,1,0,0,152,252,94,0,0,0,0,0,0,0,3,0,2,1,1,0,1,0,0,0,0,0,0,0,1,0,0,0,196,254,94,2,1,1,0,0,1,1,2,0,0,1,0,0,1,1,0,2,0,2,0,1,0,2,0,0,248,254,96,1,1,3,0,1,0,0,0,1,0,1,0,0,0,3,0,1,0,0,0,2,2,0,0,17,252,249,7,0,0,2,0,1,0,3,1,1,0,2,0,0,3,0,0,6,1,5,2,0,3,0,0,99,254,170,0,0,0,1,0,5,0,2,3,0,2,0,0,0,7,0,1,4,0,0,0,4,0,0,4,155,252,48,0,1,0,1,0,0,0,1,2,0,0,0,2,1,2,0,0,4,0,3,0,0,2,4,2,199,252,55,2,0,4,0,0,2,3,1,2,0,0,4,0,0,2,0,0,2,0,0,0,0,0,0,41,255,255,51,8,4,2,0,0,0,1,0,5,3,2,0,1,0,2,2,1,0,0,0,3,0,0,0,42,255,211,5,0,1,0,0,0,0,0,0,0,1,0,0,1,0,2,2,0,3,0,0,0,3,0,0,39,254,178,0,1,4,2,0,0,1,1,0,3,0,2,0,0,1,0,0,0,3,0,1,0,0,1,0,39,254,102,0,1,0,2,0,1,0,0,0,0,5,0,3,0,2,0,1,1,0,0,0,0,1,0,0,38,249,107,1,0,0,0,0,0,1,2,1,2,1,3,5,0,0,3,1,2,0,2,2,3,0,1,1,40,255,122,0,0,0,0,0,1,0,0,0,0,0,0,2,0,0,0,1,0,1,0,0,5,0,0,1,42,254,206,1,4,0,0,3,0,0,2,0,0,0,0,0,0,3,0,0,5,2,0,0,0,1,0,0,33,242,204,0,1,0,0,0,0,2,2,0,3,3,0,2,0,6,0,2,0,0,0,0,0,0,1,0,3,157,222,21,1,4,0,0,0,3,0,0,0,0,0,1,1,0,1,0,0,0,0,0,0,0,3,0,0,5,0,4,1,2,1,3,2,0,1,0,0,0,0,4,4,1,0,3,0,0,2,0,0,0,0,0,1,0,4,3,0,0,0,0,0,0,0,0,7,0,2,0,2,2,2,0,0,1,0,1,0,0,0,0,1,0,2,1,2,0,2,0,0,0,0,3,0,1,2,0,3,0,6,3,0,0,0,0,1,0,0,0,0,0,1,0,0,0,2,0,0,0,0,3,4,1,3,1
4,0,0,1,0,0,0,0,0,0,0,2,0,2,0,0,2,0,0,4,0,0,3,0,0,0,4,0,2,1,2,2,4,0,4,0,0,0,2,0,0,1,1,0,2,0,0,0,0,0,2,0,0,2,0,0,0,0,0,0,0,0,1,0,4,0,0,2,0,0,0,0,0,1,2,3,0,5,1,0,0,1,0,0,0,0,0,0,0,0,1,0,0,0,0,0,0,4,0,58,227,116,0,1,2,0,1,0,0,1,3,0,0,0,2,0,0,1,2,0,2,0,0,3,0,0,33,230,254,111,0,1,0,3,3,0,0,0,2,3,0,0,0,0,0,0,2,0,3,0,0,3,2,0,219,253,255,113,0,0,1,2,1,0,0,0,0,1,1,0,0,0,0,0,2,2,2,0,0,2,8,157,254,230,237,95,0,0,2,2,0,0,3,0,2,0,0,0,0,1,0,2,0,0,0,2,0,3,74,252,251,57,23,1,1,0,2,1,2,0,0,0,0,0,0,0,5,3,0,1,0,2,0,2,4,40,244,255,136,0,0,0,0,2,0,1,7,2,0,0,2,0,0,3,0,3,4,1,0,3,0,0,0,130,251,236,16,0,0,0,2,2,0,2,0,0,0,2,0,2,5,1,0,3,4,5,0,2,1,0,39,247,252,122,38,38,21,10,2,0,0,0,0,0,0,0,2,2,1,0,0,0,1,0,3,3,0,0,117,254,239,114,251,253,248,211,134,0,0,0,0,0,0,7,5,0,1,0,0,0,0,0,0,0,0,10,225,255,184,253,226,246,254,255,252,188,5,0,1,0,2,0,1,1,2,0,1,0,2,0,0,0,0,104,255,209,11,86,18,38,111,125,253,251,141,0,0,0,2,0,0,2,0,0,0,0,0,0,0,0,1,117,254,205,2,2,0,1,0,0,139,254,215,0,0,0,0,0,1,4,4,0,0,4,0,0,0,1,0,174,253,65,0,2,0,0,0,0,19,252,212,0,0,0,2,2,6,0,0,1,0,0,0,0,2,0,5,220,251,6,0,0,0,0,2,0,91,255,215,0,0,0,1,0,1,0,1,3,2,0,3,0,0,0,59,251,169,0,0,0,3,4,0,55,239,252,125,0,0,1,4,2,3,0,3,0,3,3,0,0,0,0,54,255,169,1,2,2,3,0,58,239,255,164,3,1,0,0,3,3,2,5,0,0,5,2,3,0,0,2,37,239,203,6,0,3,3,130,237,254,129,0,0,0,3,0,0,1,0,5,2,0,0,0,0,0,3,0,0,218,255,92,2,22,141,255,254,123,0,0,2,3,2,0,1,0,0,0,0,3,4,0,0,3,0,2,0,119,255,244,226,231,255,226,55,4,0,1,0,3,0,0,1,0,1,0,0,2,4,2,1,1,0,2,2,6,129,254,255,253,143,15,0,0,0,0,2,0,0,0,3,0,3,3,4,0,0,2,1,1,1,2,0,2,0,1,2,0,0,0,0,1,0,3,1,1,2,0,1,0,4,1,4,0,3,0,0,3,0,4,1,0,0,0,0,0,2,1,1,0,0,0,0,0,0,0,2,0,0,0,0,0,2,0,2,1,0,1,3,0,2,0,0,3,2,0,1,2,4,0,1,0,0,1,0,0,2,0,2,0,5,2,0,0,0,0,0,0,0,2,0,0,0,0,0,0,2,2,0,0,1,0,0,0,1,0,5,3,1,1,0,0,2,0,0,0,0,0,3,0,0,0,4,0,2,0,1,0,2,0,0,2,0,4
4,0,0,0,0,0,0,0,0,0,0,0,0,0,3,3,0,1,2,0,0,3,0,2,4,3,0,0,0,0,4,1,0,0,1,0,3,2,1,3,1,2,0,0,0,0,0,0,0,0,0,0,0,0,0,2,4,0,1,0,0,1,0,0,0,0,1,3,1,0,0,0,1,0,3,3,4,3,0,1,2,2,3,0,0,4,0,1,0,0,0,0,2,0,0,0,0,2,0,0,2,0,0,0,1,0,4,1,3,0,4,0,1,0,0,0,2,0,0,0,0,2,3,1,0,3,0,0,0,0,0,0,0,0,2,0,2,0,3,0,0,0,4,1,0,0,2,0,0,0,36,168,173,177,93,8,5,2,0,0,0,3,0,2,0,5,1,0,2,2,3,0,0,2,1,1,35,160,246,245,227,228,252,119,0,1,0,0,0,0,0,1,3,3,3,0,0,0,1,0,1,0,0,61,236,213,127,31,0,1,130,227,13,4,0,4,4,0,3,3,4,0,4,0,3,1,0,0,0,0,129,241,151,10,0,1,3,0,6,185,147,3,2,0,0,0,0,1,0,0,0,0,0,1,2,2,0,101,251,120,0,3,0,0,0,0,0,54,242,16,2,0,0,0,3,0,1,0,3,0,3,1,0,0,215,226,61,6,0,0,0,0,1,3,1,24,239,84,0,4,0,3,0,0,0,2,0,0,0,1,0,4,20,15,2,1,2,1,3,3,0,0,2,0,160,115,0,0,5,0,2,2,0,0,1,0,0,0,0,0,2,2,0,0,0,1,0,1,3,0,0,0,40,226,2,3,0,1,1,1,2,0,0,0,2,2,3,1,1,3,0,0,0,2,2,2,0,0,0,2,62,206,2,0,0,0,0,0,0,0,0,1,0,3,0,0,2,3,0,6,0,0,0,1,0,0,1,1,138,172,0,0,1,0,0,0,1,0,3,0,0,1,0,0,0,2,0,0,0,1,0,0,0,0,2,67,245,143,0,1,2,4,0,2,1,0,0,3,0,1,0,1,0,1,0,2,0,0,0,0,0,12,107,238,230,26,0,3,5,1,0,0,1,0,0,0,1,3,0,1,5,0,2,0,4,0,6,56,139,222,251,249,68,0,0,0,0,1,2,0,0,2,0,0,0,3,0,2,0,4,0,0,1,26,200,254,255,253,255,233,127,47,0,0,2,1,3,0,0,0,0,0,0,1,2,1,0,0,0,0,0,55,255,255,253,254,253,255,252,252,204,109,17,0,0,0,0,2,4,1,0,0,0,2,0,3,0,0,0,20,82,54,10,15,14,61,140,183,234,253,243,156,72,20,0,0,2,0,0,2,0,1,0,1,0,1,5,0,0,0,0,1,0,0,0,0,14,89,188,244,254,218,2,1,0,1,0,1,0,0,0,0,1,0,0,0,0,2,2,3,1,0,0,4,0,0,0,30,109,59,0,2,2,5,0,0,1,1,0,3,0,0,6,0,2,1,5,6,0,1,1,0,0,0,0,0,3,0,5,1,0,0,0,3,3,0,1,2,0,1,1,0,2,0,0,0,0,2,0,3,0,2,2,0,0,1,2,0,0,0,0,0,2,4,4,0,3,0,2,0,0,2,0,0,0,4,0,2,4,0,0,0,0,3,3,3,0,1,2,6,0,0,0,3,2,0,3,0,3,4,0,3,1,0,2,0,0,0,0,0,3,4,0,0,3,0,4,1,3,2,0,2,1,1,0,0,0,0,2,0,2,0,0,3,0,1,0,3,0,0,0,0,0,0
4,0,0,0,0,0,0,0,3,0,2,0,1,0,0,2,3,0,0,0,0,2,0,0,0,0,2,0,4,2,4,0,0,0,0,0,0,0,1,0,0,2,0,4,0,1,3,0,4,0,2,1,0,1,3,4,1,2,0,0,0,0,0,0,0,2,0,2,0,2,2,2,1,0,2,3,0,0,0,1,0,0,5,3,0,4,0,0,2,1,0,0,2,0,1,4,8,0,2,2,1,0,0,2,0,0,1,2,0,0,0,0,1,0,2,0,0,3,1,2,3,0,4,0,1,0,0,3,0,0,4,0,6,0,0,1,1,1,0,0,3,0,2,0,0,2,0,2,0,0,1,1,0,0,0,0,0,96,253,165,0,2,0,0,0,1,2,0,0,0,0,1,0,0,2,1,0,0,0,0,0,0,1,0,1,243,255,167,0,0,0,0,0,0,0,1,0,0,0,2,0,1,0,1,0,0,2,0,0,0,0,3,81,249,255,167,0,0,1,0,0,0,0,2,0,0,0,0,2,0,7,0,3,0,2,0,1,1,0,9,212,250,246,103,2,0,0,0,0,3,0,0,2,0,0,3,0,0,1,2,2,0,0,0,0,0,2,66,255,252,106,0,2,0,3,0,0,0,0,0,1,0,1,2,0,0,2,1,0,0,1,0,0,0,0,150,250,195,0,0,0,0,0,0,0,0,2,0,0,0,0,0,2,0,0,3,0,0,0,0,1,1,133,249,254,69,0,0,5,1,0,1,0,4,1,0,2,0,0,0,0,2,0,0,3,2,0,0,0,1,212,254,173,5,2,0,0,4,0,4,0,2,0,0,0,1,1,0,3,0,1,0,0,1,0,3,3,118,253,206,12,0,1,1,0,1,0,0,0,0,0,1,1,0,0,0,1,4,3,3,0,2,1,0,82,237,254,137,0,0,3,2,0,0,0,3,0,5,4,0,0,1,1,1,0,0,0,3,1,0,0,29,228,251,161,2,0,0,0,1,0,2,0,0,0,0,1,5,0,1,0,0,0,0,3,0,1,1,2,122,251,254,33,0,0,2,0,2,0,1,4,0,1,0,2,2,0,4,0,0,4,0,0,0,0,3,3,193,252,161,0,0,1,0,1,0,0,1,0,1,1,1,0,0,0,0,2,4,0,1,0,2,0,1,117,254,212,21,1,1,4,1,1,2,0,3,0,1,0,0,0,2,0,0,0,0,0,1,0,0,0,5,194,244,91,0,4,5,0,0,0,0,0,1,2,0,0,2,2,0,0,1,0,1,0,2,5,7,5,159,248,169,0,0,3,1,0,0,0,1,3,0,3,0,0,3,0,0,0,3,1,0,0,4,0,0,28,224,187,13,1,0,0,0,1,2,0,0,0,2,1,0,3,2,1,3,0,4,1,0,0,0,0,0,75,253,67,0,0,1,0,0,0,0,0,0,0,0,0,0,0,0,1,1,0,2,2,4,0,0,3,16,229,151,7,0,2,1,6,0,5,0,0,1,1,0,0,2,0,0,5,4,0,0,1,0,0,0,1,15,191,34,0,0,0,1,0,5,0,0,2,2,2,3,0,0,2,1,2,0,0,0,1,0,0,3,1,0,1,0,0,2,2,0,0,0,0,0,3,4,0,0,0,0,3,0,1,0,0,0,0,4,0,3,0,0,0,2,0,0,0,0,0,2,0,1,0,0,0,1,0,1,2,4,1,0,0,0,1,0,0,0,0,0,2,2,0,5,2,0,2,1,0,0,2,0,3,0,3,0,1,0,0,0
4,3,1,0,0,0,1,2,1,0,0,1,0,1,0,2,0,0,4,0,3,0,1,5,4,0,1,2,1,0,1,1,0,0,1,0,0,5,0,0,0,0,3,0,0,0,0,0,0,2,0,4,0,0,1,1,1,1,0,3,0,0,0,3,1,0,0,0,0,1,1,0,3,0,0,0,2,0,0,0,0,1,2,0,0,0,2,0,7,1,0,2,0,1,1,0,0,0,0,3,0,2,1,0,1,2,0,1,0,2,0,0,1,0,0,0,4,0,1,0,0,3,1,1,2,0,2,3,4,5,1,0,2,5,0,0,0,0,1,0,0,0,0,0,0,0,1,2,0,0,1,0,0,0,0,0,2,0,2,0,0,1,1,2,1,2,0,0,0,0,0,0,5,2,2,0,3,1,0,0,0,1,1,1,0,0,0,3,2,0,0,0,2,0,5,0,0,2,0,0,0,1,0,0,19,147,255,253,208,79,0,0,2,2,0,1,0,0,1,0,0,0,0,4,0,2,0,0,0,0,1,2,169,252,251,255,255,236,122,1,4,0,0,3,0,0,0,0,1,0,3,1,2,4,2,3,0,2,0,0,231,250,251,245,216,240,253,211,74,225,58,0,0,3,0,0,0,0,1,0,0,0,4,0,3,0,0,0,235,254,244,53,0,63,238,254,253,250,234,96,0,0,0,0,0,0,0,0,0,5,0,0,1,0,2,3,221,250,186,1,0,0,160,255,251,252,248,77,0,0,0,2,0,0,0,0,2,2,0,0,1,0,2,2,127,255,166,27,61,95,238,251,250,252,146,0,0,0,0,0,3,0,0,0,0,3,1,2,0,2,0,1,126,254,253,235,251,254,253,251,252,253,75,0,0,0,0,2,0,1,0,1,0,6,2,3,0,0,0,0,10,163,245,255,254,254,255,252,255,230,25,0,4,0,3,0,0,0,0,1,0,3,0,1,0,0,4,0,1,0,41,147,143,82,124,253,255,223,3,0,3,0,1,0,0,0,0,2,0,2,0,0,1,1,1,2,1,0,3,0,0,2,163,254,252,120,0,1,0,4,0,0,3,1,1,0,2,0,0,0,0,0,5,0,0,0,1,0,0,2,204,252,253,119,0,2,3,0,0,0,2,0,0,0,1,1,0,1,0,0,2,6,2,0,0,0,1,31,235,253,252,16,0,1,0,0,0,0,0,6,0,0,0,0,3,0,0,2,0,0,2,4,0,0,0,86,252,250,254,15,0,0,3,2,0,0,1,0,0,0,0,0,0,0,0,0,0,5,1,1,1,0,1,154,254,255,253,19,5,2,0,5,3,0,0,0,0,0,1,3,2,0,0,0,0,0,0,0,3,3,0,154,252,252,253,15,1,5,0,0,0,0,3,2,1,0,0,0,0,0,2,0,0,2,2,0,4,0,2,159,251,255,210,5,0,1,3,1,0,1,2,2,0,0,2,2,3,0,0,0,2,1,1,2,5,0,0,160,255,255,164,2,0,2,4,1,0,0,2,0,3,0,2,0,2,2,2,0,1,2,0,2,0,0,4,160,248,254,116,0,3,5,0,2,0,0,3,1,0,1,5,1,1,6,1,0,1,2,0,0,0,0,2,121,244,255,105,1,1,4,1,0,0,0,1,1,0,0,0,0,0,0,0,0,0,0,2,0,0,0,0,4,119,235,35,0,0,0,0,0,2,2,3,0,0,0,1,1,2,0,4,0,1,2,0,0,0,0,3,0,7,1,0,2,0,5,0,5,0,0,0,0,2,3
0,1,1,4,0,2,4,0,1,3,3,0,0,2,0,4,0,0,0,0,0,0,0,0,0,0,0,1,1,0,0,0,1,0,6,3,0,0,0,1,0,3,0,0,0,0,3,0,2,0,0,0,1,0,0,0,0,1,0,2,1,0,4,3,2,0,0,1,1,0,0,0,6,3,0,0,3,0,0,1,0,1,4,5,4,1,0,0,4,0,0,4,0,0,4,0,0,1,0,0,0,0,0,0,0,3,4,0,3,0,0,0,0,1,0,3,0,0,2,0,0,0,2,0,0,4,2,2,1,0,1,4,0,0,0,7,2,1,1,0,1,0,2,0,0,0,0,0,1,0,3,45,78,73,78,74,37,0,1,0,0,0,0,0,0,0,1,1,0,0,0,0,0,1,0,0,6,86,210,241,252,255,255,255,240,149,19,2,0,0,1,2,0,1,1,5,0,0,1,3,3,0,2,21,255,255,254,255,255,254,253,255,255,254,172,24,0,0,0,0,0,6,4,0,0,1,2,0,0,1,24,204,255,248,255,252,227,173,175,237,254,250,253,160,24,0,0,0,0,0,2,0,0,1,0,1,2,0,70,253,253,255,197,65,14,4,1,21,184,255,255,255,179,1,0,0,0,3,3,0,0,0,4,0,0,5,0,203,255,255,71,0,0,2,0,0,6,179,255,254,229,30,0,5,0,1,4,0,0,0,0,0,1,0,0,29,164,87,6,1,0,0,2,2,7,14,215,252,255,164,1,0,0,0,1,0,0,1,0,0,2,0,6,0,0,0,0,0,0,0,0,2,0,2,154,254,251,255,3,0,0,2,1,0,2,0,0,0,1,0,0,3,3,1,0,0,1,4,0,0,0,0,165,255,255,186,0,2,0,0,0,1,0,3,0,0,0,0,0,0,1,30,88,98,95,87,75,0,0,0,206,255,252,154,0,3,2,1,1,1,0,0,2,0,0,2,51,135,235,244,253,255,254,255,253,238,182,131,235,253,251,91,6,10,0,0,0,0,0,1,0,0,0,101,232,255,254,255,255,255,255,253,254,255,255,250,255,254,251,189,175,198,122,1,0,0,0,3,3,0,0,236,251,254,255,254,211,155,159,163,251,255,252,251,248,254,251,255,252,253,164,1,0,2,1,3,0,0,0,154,251,253,255,174,90,29,65,136,213,255,255,255,251,253,253,255,254,156,20,0,3,0,2,0,0,5,0,63,236,251,250,255,255,251,254,255,252,254,255,255,200,189,189,188,129,21,2,0,2,0,0,1,5,0,3,0,111,241,255,253,253,254,253,255,252,254,243,130,10,0,0,2,1,0,0,0,0,0,1,2,4,0,2,0,3,11,111,114,114,134,222,124,115,77,4,4,1,0,4,3,0,3,0,0,0,3,1,2,5,0,4,1,4,0,0,0,1,0,5,5,0,0,0,1,1,0,1,1,0,0,2,0,3,0,1,0,0,3,0,0,1,0,0,0,1,1,0,1,0,1,1,0,3,2,0,0,3,3,0,5,2,2,3,2,0,0,4,0,0,0,0,0,2,0,0,0,0,1,2,0,2,0,0,3,0,0,0,0,0,0,0,1,0,1,0,1,0,0,0,0,2,1,0,1,0,0,0,2,0,1,0,5,0,1,3,0,0,0,1,0,2,0,2,0,0,0,4,0,0,0,3,3,4,0,4,0,0,0,2,0,0,1,3,0,0,0,2,0,0,4,3,0,0,0,1,2,1,2,2,0,2,0,1,4,2,1,6,3,0,2,0,0,0,3
0,0,0,0,0,0,0,3,0,0,0,0,0,0,0,0,0,6,0,0,6,0,4,1,4,0,0,4,0,1,0,3,1,0,5,1,0,0,1,0,1,0,0,0,0,0,0,0,0,0,3,4,0,5,0,0,0,2,0,0,0,0,1,3,4,0,1,3,5,0,3,0,0,1,0,0,0,0,3,0,0,3,3,0,0,0,1,0,3,0,0,2,3,3,0,1,1,1,0,0,0,0,1,0,2,1,1,0,0,0,2,0,0,3,0,0,0,3,1,1,0,1,0,2,2,0,1,1,0,1,0,2,1,0,0,0,0,2,3,0,2,1,0,5,0,2,2,0,0,2,0,0,0,0,172,255,253,255,255,247,71,0,0,0,0,0,3,1,1,0,1,0,0,0,0,0,0,0,0,16,139,223,246,252,255,251,251,252,209,21,2,1,0,0,1,0,0,1,0,2,1,0,0,0,4,4,67,229,252,253,252,239,150,131,191,252,255,163,4,1,0,3,0,0,0,0,0,4,2,6,0,0,0,22,253,253,255,147,131,62,0,0,40,226,250,138,0,0,1,1,0,0,0,0,1,0,0,2,2,1,1,141,249,255,166,23,0,0,0,0,27,236,255,90,3,4,0,0,1,0,0,3,4,3,0,2,0,0,25,234,253,210,8,2,0,5,0,0,61,255,255,155,3,3,0,0,0,0,0,0,0,0,5,0,0,0,27,241,255,184,4,3,2,3,2,0,130,252,198,39,0,1,2,0,2,0,3,0,1,3,0,1,0,5,2,197,249,221,10,2,0,0,1,8,209,192,24,2,1,0,1,2,1,2,0,0,1,0,4,0,2,3,1,89,254,251,127,1,1,3,2,96,251,102,0,0,0,1,0,0,2,0,1,0,1,2,0,0,0,0,0,7,191,255,234,60,3,4,2,110,118,1,3,0,0,0,0,3,3,0,1,4,1,0,0,0,0,0,1,1,30,255,249,244,61,0,0,0,0,2,0,0,5,1,0,0,0,0,0,0,1,0,0,3,1,0,1,0,4,76,242,255,242,84,57,75,149,142,174,143,116,1,0,0,0,0,1,2,0,0,0,2,2,0,3,0,12,96,246,251,255,253,255,255,251,234,217,188,69,0,1,0,0,0,1,2,0,0,4,5,0,0,1,60,219,253,255,255,255,251,253,99,51,34,0,3,0,0,0,1,1,0,3,0,1,0,1,0,0,1,27,241,252,252,234,162,200,253,255,85,1,0,3,0,0,0,2,3,2,0,6,1,0,0,0,1,1,1,41,253,255,185,11,0,1,179,255,110,0,0,1,3,2,0,0,1,2,2,0,0,0,0,0,0,1,1,33,238,254,115,0,1,2,182,254,172,0,0,0,0,0,1,1,0,1,0,0,3,0,0,0,1,1,0,2,148,255,244,116,39,80,217,252,141,2,0,0,0,0,0,0,0,0,0,0,0,0,0,3,1,0,1,0,38,249,255,252,255,255,255,248,69,0,0,0,0,0,5,0,0,0,0,1,1,1,1,1,1,0,0,2,0,52,162,248,255,255,225,82,0,1,0,0,2,1,0,2,0,0,0,0,2,2,3,0,1,4,5,4,2,1,0,2,0,3,0,0,0,0,0,1,0,0,0,0,1,0,0,0,3,0,2,2,4,0,2,2,0,0,1,0,0,0,1,0,0,0,2,0,0,3,1,0,0,5,3,2,7,0,0,0,2,0,4,0,0,0,0,0,0,4,1,0,3,1,0,0,0,0,2,0,0,2,1
0,5,0,0,1,0,0,1,3,2,0,2,0,0,0,3,0,1,0,0,3,0,0,2,0,3,0,0,2,4,0,0,1,2,1,1,0,0,0,1,2,1,3,0,2,0,0,0,4,0,2,1,1,2,0,0,0,0,0,0,1,0,1,0,3,0,0,0,0,3,0,107,255,56,0,2,0,3,0,0,0,1,0,1,0,0,1,0,0,0,4,2,2,0,0,0,4,1,80,254,235,111,0,6,0,0,0,0,4,2,0,0,0,0,0,0,3,1,3,0,0,1,1,0,0,1,156,255,95,0,0,2,0,0,0,0,3,2,0,0,3,1,2,0,2,1,2,0,0,2,0,0,0,131,255,211,2,1,0,1,0,0,0,2,0,0,2,1,0,1,0,0,3,0,0,0,0,3,3,2,30,201,254,35,0,0,0,2,0,0,0,0,1,0,0,1,1,2,0,5,2,1,0,0,5,1,1,11,229,253,166,0,0,0,0,3,0,4,1,3,0,0,0,0,5,0,2,0,1,1,0,0,3,5,0,117,254,176,11,0,0,3,4,0,0,0,2,1,0,1,0,2,0,3,5,2,0,0,0,3,1,0,58,247,244,60,2,3,1,0,1,0,0,0,0,0,2,1,0,3,8,0,1,1,0,3,3,0,0,0,126,251,175,1,0,2,0,0,0,0,2,0,0,0,0,1,0,0,0,0,0,0,0,0,1,0,4,27,224,249,9,2,5,2,1,3,2,0,0,1,4,0,0,4,0,0,0,3,0,0,0,0,2,0,0,117,250,230,0,2,3,0,0,0,3,0,1,0,0,0,0,0,4,1,0,3,0,0,0,0,2,0,0,167,255,103,1,1,0,13,71,157,177,148,45,0,1,0,3,0,0,0,2,2,1,0,2,0,0,0,10,198,254,24,0,29,145,216,255,255,255,251,199,5,1,0,1,0,0,4,0,1,2,0,6,0,2,1,11,205,255,89,88,220,255,248,233,141,188,253,245,20,0,0,0,5,2,1,2,0,0,2,0,0,0,1,0,166,254,252,255,234,149,77,0,26,208,255,139,0,2,0,0,0,1,3,4,0,1,0,0,2,2,0,5,162,251,252,233,68,0,2,0,139,253,207,11,0,0,0,0,0,0,2,1,0,0,3,0,0,4,0,0,64,254,254,231,38,0,2,122,252,238,57,0,0,0,2,0,0,0,0,0,0,0,2,0,3,0,2,0,23,132,252,250,181,160,166,254,254,101,0,0,0,2,0,2,2,2,0,0,0,2,0,0,0,0,1,0,0,2,115,252,252,255,255,255,147,3,0,0,3,0,0,3,0,0,0,2,0,0,1,3,0,0,0,0,0,2,0,34,122,191,146,67,8,0,7,3,0,0,4,0,0,0,1,0,1,0,2,0,0,0,0,0,5,1,0,1,3,3,1,0,0,0,2,0,0,1,0,3,4,0,0,6,0,0,0,7,1,0,4,0,0,4,0,0,0,1,0,0,0,1,0,3,0,0,3,2,4,2,0,4,0,0,3,1,0,0,1,2,2,0,2,0,2,3,1,1,0,0,1,3,1,0,0,2,1,2,0,2,0,0,0,1,1,3,0,0,4,0,0,0,0,0,1,2,1,0,3,0,0,0,0,0,1,0,1,3,1,0,0,1,0,0,0,0,1,0,4,2,1,0,3,5,2,0,1,0,0,1,0,2,0,0,0,0,0,0,0,1,0,3,0,0,0,0,1,0,2,0,4,1,0,0,2,0,0,2,2,0,1,0,0
0,0,0,1,0,1,0,0,0,0,4,0,1,0,3,0,0,0,0,1,1,0,0,1,0,0,2,1,0,0,0,0,0,1,2,0,0,0,1,0,1,3,1,0,0,0,0,1,2,1,3,0,0,0,3,3,1,2,2,1,1,0,4,0,0,0,4,3,1,0,2,0,3,1,0,0,0,0,0,0,0,0,0,0,1,0,1,0,4,0,0,0,1,0,4,1,4,1,6,0,3,0,0,0,0,0,4,4,0,1,0,0,5,0,0,0,0,0,2,0,2,1,2,0,4,0,0,1,0,0,0,0,2,0,3,1,3,3,0,0,0,0,0,0,1,3,0,0,2,0,1,0,1,0,233,244,33,0,4,0,0,0,1,0,0,0,0,2,0,2,2,1,1,0,1,0,2,0,3,1,2,12,255,254,45,2,0,1,1,4,1,0,1,0,0,0,0,0,0,1,2,0,2,0,1,3,0,2,2,77,252,255,50,0,1,2,0,0,1,1,3,4,4,0,0,0,1,0,0,0,0,0,0,0,0,0,0,3,253,255,109,0,0,0,0,0,2,2,0,0,0,2,0,0,1,2,0,0,1,0,0,1,0,0,0,77,254,254,112,2,0,1,0,2,2,0,3,0,0,0,0,1,1,0,0,0,0,0,0,0,0,0,3,80,253,254,84,3,2,2,0,2,1,0,1,1,0,0,2,0,1,1,0,0,2,0,3,0,0,1,2,5,255,251,108,2,0,1,2,1,3,0,0,5,0,0,0,0,0,0,0,0,0,5,0,0,0,3,0,55,255,248,57,0,0,0,2,0,4,0,0,0,3,2,0,0,0,1,2,0,2,5,1,0,1,0,0,81,255,255,36,5,0,1,3,0,2,0,1,0,1,0,5,0,0,0,0,0,0,0,0,2,5,0,0,75,253,251,75,0,0,0,1,0,0,0,0,0,0,2,1,0,2,2,0,0,0,0,0,0,0,4,0,78,255,255,103,1,0,0,0,1,0,0,5,2,0,1,1,0,0,1,1,2,3,1,3,1,3,1,0,81,255,243,24,1,0,0,2,0,0,3,0,0,0,0,0,0,0,0,0,1,0,0,0,0,0,2,2,167,250,182,0,1,4,0,0,0,1,0,0,4,0,0,2,0,0,0,0,0,0,0,2,3,0,1,16,237,253,126,1,0,2,3,3,1,0,0,0,8,0,0,0,2,1,2,0,0,0,0,0,0,0,0,55,252,254,123,3,0,3,2,3,0,0,0,0,0,0,0,3,0,1,2,0,0,0,0,2,0,0,0,73,252,241,27,0,0,2,2,0,0,0,0,1,0,0,0,0,0,0,1,0,1,0,3,0,0,0,20,233,251,156,1,0,0,0,0,3,0,0,2,0,0,0,1,1,0,0,0,0,0,0,0,4,3,0,42,252,247,20,0,0,2,3,0,4,0,3,2,0,0,4,0,2,1,2,0,0,3,0,0,1,0,0,127,252,176,2,0,0,3,0,0,0,2,1,1,0,1,0,0,2,0,0,1,0,0,1,0,0,3,0,136,255,104,0,1,4,0,3,0,0,0,2,1,0,5,0,0,0,2,0,0,1,0,0,1,0,0,2,4,0,0,0,0,3,1,1,2,3,0,3,0,7,1,2,4,2,4,0,1,0,0,2,0,1,0,0,3,0,3,1,0,2,0,0,1,2,1,1,0,2,0,0,0,0,4,1,6,4,0,0,1,0,0,2,1,0,3,0,4,0,0,0,1,0,2,0,0,0,0,0,0
4,0,6,0,0,0,0,1,3,0,0,0,0,0,0,2,0,3,6,2,4,0,0,0,2,0,0,3,1,1,0,0,0,3,0,0,1,0,0,0,1,1,0,0,0,0,0,3,0,3,3,1,2,2,1,0,4,4,1,0,0,0,3,0,0,0,5,0,1,1,2,0,3,0,2,2,0,1,0,5,2,2,0,3,5,0,0,2,2,0,0,0,0,2,2,0,1,2,0,0,2,1,0,0,3,2,0,0,0,0,4,0,0,0,0,2,0,0,0,0,1,1,0,1,0,0,0,4,0,0,0,0,2,3,2,5,1,0,0,1,0,0,1,3,2,0,0,0,1,0,3,1,0,0,0,0,1,0,2,4,0,1,0,0,2,0,0,0,0,0,2,0,0,0,0,3,1,0,1,0,2,3,21,127,110,197,166,114,10,2,2,1,0,0,0,1,0,0,0,0,1,3,2,5,4,0,2,0,0,81,232,255,229,191,156,248,166,50,1,1,4,4,2,5,0,0,0,3,0,0,0,0,0,0,0,11,153,243,174,45,18,2,0,72,255,136,0,0,6,0,0,2,0,2,0,2,0,0,3,0,0,2,40,191,245,141,20,1,4,0,0,114,255,65,0,0,0,0,0,0,0,0,0,0,4,0,4,0,2,97,253,241,85,2,2,0,0,0,95,252,143,16,0,2,1,1,0,1,0,0,0,4,1,0,0,0,65,249,98,25,0,0,1,0,0,0,163,213,8,0,3,0,0,1,0,0,0,3,0,2,3,4,0,130,239,48,4,0,1,0,0,4,2,111,254,84,0,2,5,0,0,0,2,1,2,0,1,0,0,0,46,244,74,0,3,0,0,3,0,1,0,224,189,8,0,0,0,0,0,0,1,0,3,0,0,1,0,0,69,217,0,2,0,1,0,3,0,45,212,253,77,3,0,2,0,0,0,0,3,0,2,2,2,0,0,0,91,221,0,0,0,45,36,13,0,8,205,238,10,1,1,3,3,0,2,0,2,0,0,3,2,4,0,0,44,232,210,176,180,246,127,27,0,71,254,95,0,1,0,0,0,1,0,2,2,3,4,0,2,3,2,0,1,58,161,202,143,46,0,0,3,202,242,19,1,0,0,2,0,0,0,0,0,0,0,1,0,1,0,0,2,0,1,2,1,6,0,0,33,253,162,0,4,5,3,0,1,0,0,0,1,1,0,0,5,0,0,0,0,3,0,0,3,1,1,2,181,252,67,1,2,2,3,0,1,4,2,0,0,1,1,2,0,1,0,0,0,2,0,0,0,0,0,16,221,245,28,0,5,1,0,3,0,0,2,1,1,1,1,0,0,0,3,1,2,0,0,0,0,0,0,48,254,162,1,3,0,0,0,0,3,2,1,0,4,0,1,2,1,0,0,4,0,2,0,0,4,1,2,139,250,56,0,0,0,0,0,1,0,2,2,2,1,0,0,3,0,1,2,2,1,0,2,2,1,1,0,228,242,30,2,0,0,0,0,0,0,0,0,3,4,1,0,0,0,0,0,1,2,0,6,2,0,0,2,220,193,0,2,0,1,4,0,0,2,0,0,0,0,0,1,0,3,0,1,2,0,0,0,2,5,0,0,192,223,0,0,0,0,0,0,0,0,1,4,0,2,0,2,0,0,1,1,0,1,3,0,0,0,1,0,0,0,0,0,4,3,3,0,2,0,1,0,0,0,0,0,2,5,1,1,3,1,1,1,2,0,0,0,0,0,1,0,1,0,6,0,0,0,0,3,1,0,3
0,0,2,0,0,0,0,3,0,0,0,2,0,0,3,0,0,0,3,0,1,0,2,2,4,0,1,1,1,0,3,0,2,0,1,0,0,1,0,2,0,0,0,0,0,1,0,2,0,1,1,2,2,0,3,1,4,2,0,0,4,0,3,0,5,0,0,2,0,0,3,0,1,4,0,0,1,2,0,0,0,2,2,0,0,2,0,1,0,0,1,5,5,0,1,0,0,0,0,4,0,0,2,0,4,1,1,0,0,0,1,0,3,0,3,0,0,1,2,0,3,0,2,0,0,1,2,1,0,2,14,41,164,118,1,0,1,2,0,0,0,0,0,0,3,0,0,0,3,3,3,13,18,26,32,145,144,164,250,251,255,205,13,0,1,0,0,0,3,4,0,4,0,0,0,0,2,28,73,204,238,254,254,255,255,255,254,255,252,91,1,3,0,0,0,0,0,1,3,0,0,2,0,3,0,186,254,252,250,254,249,254,252,221,238,219,205,41,0,0,0,0,0,0,0,1,0,0,3,1,0,1,5,181,254,253,230,224,193,130,72,30,46,25,0,3,0,3,3,2,0,0,0,0,0,0,0,2,1,0,3,151,253,99,37,31,7,3,0,1,1,6,0,0,0,0,0,0,0,0,2,0,3,0,1,1,4,1,1,60,253,47,0,0,1,0,1,2,0,1,0,3,0,3,0,0,0,0,0,0,0,0,0,0,0,1,2,164,254,164,220,217,216,102,43,0,1,2,3,1,0,3,3,2,3,0,6,2,1,0,3,0,3,0,98,248,255,254,250,254,249,252,229,91,0,2,3,0,0,1,0,0,0,4,0,0,4,4,0,4,3,4,169,254,250,254,255,255,251,253,255,246,79,4,1,0,0,4,0,3,3,0,2,1,2,0,2,3,1,4,158,213,120,82,1,110,122,186,252,255,233,46,0,0,3,2,2,0,0,0,0,3,0,2,0,1,2,4,0,0,0,1,1,4,4,6,113,199,253,193,0,0,0,0,4,0,2,2,3,4,0,4,0,2,0,0,3,1,0,0,2,0,3,1,2,76,240,233,42,1,1,1,0,4,0,1,0,1,3,0,1,1,2,1,0,9,49,51,7,0,0,2,0,3,169,249,79,1,0,0,0,0,3,5,0,0,0,2,0,5,3,6,142,197,255,108,9,0,3,5,0,0,110,251,177,2,3,0,0,0,0,0,0,4,0,0,0,0,3,39,254,253,108,13,0,0,0,2,0,6,196,254,144,1,0,0,0,3,6,0,0,3,3,0,0,0,0,6,188,249,184,56,1,4,0,2,48,167,251,254,57,2,0,1,0,0,0,1,0,0,0,4,1,4,0,2,45,230,253,241,170,100,98,217,242,254,252,197,7,0,0,0,1,2,2,0,0,0,0,0,0,0,0,2,0,48,228,252,255,252,253,253,255,253,181,51,0,0,0,0,0,1,3,2,6,0,0,2,4,0,1,1,0,0,9,12,116,242,255,253,242,115,5,0,1,0,0,0,0,2,2,0,0,4,1,3,0,0,1,2,2,0,3,2,0,3,0,1,5,0,0,3,0,2,0,2,4,3,0,0,1,3,3,2,2,0,0,0,0,1,0,0,1,0,1,0,0,3,1,2,0,2,0,1,0,0,0,0,0,4,0,0,0,1,2,0,0,0,0,0,3,1,0,3,1,0,0,0,2,0,2,0,0,3,2,0,0,0,0,1,0,1,0,0,2,3,1,0,2,0,1,0,0,0,1,0,0,0,0,1,2,1,0,1
1,0,0,0,5,0,0,4,1,0,0,0,0,2,0,3,1,0,1,3,0,3,3,0,0,1,0,0,1,0,0,0,0,2,0,0,0,0,0,3,0,0,0,1,0,2,0,1,2,0,2,0,3,1,0,0,2,1,0,3,0,2,0,0,3,0,5,1,0,0,1,0,1,0,4,0,0,3,0,0,0,0,1,0,0,0,0,0,1,0,1,0,2,0,5,87,152,194,255,228,134,28,0,0,1,0,0,3,0,1,0,0,0,0,0,3,2,3,2,2,3,0,96,253,255,255,253,251,252,219,32,1,1,0,0,2,0,1,0,2,1,0,1,0,0,2,0,2,0,1,86,246,212,112,110,145,255,253,177,1,0,0,4,0,0,0,0,0,1,2,0,0,0,0,1,2,0,0,0,55,1,1,1,64,255,249,184,6,0,0,1,1,0,0,0,0,0,0,0,2,0,2,0,0,0,1,0,0,2,0,0,30,226,250,203,18,0,0,2,0,1,1,0,1,0,4,0,7,0,0,0,1,0,0,1,0,0,0,4,62,253,254,174,1,0,0,0,4,1,2,0,1,0,0,1,1,0,0,3,1,0,3,1,0,0,0,1,58,251,253,210,19,0,0,4,3,0,0,5,0,0,3,0,0,0,2,0,2,3,0,0,4,0,0,0,62,255,252,172,0,0,0,0,1,0,0,3,2,0,2,1,0,0,5,1,0,0,1,0,0,3,0,0,150,252,251,171,0,2,2,0,1,0,0,0,0,4,0,0,1,3,0,4,2,2,2,0,0,3,1,12,204,250,255,175,3,0,0,3,0,0,2,3,0,0,0,0,2,0,0,1,0,2,0,0,0,0,3,147,253,253,253,78,3,0,0,0,0,2,0,1,0,0,2,0,1,1,5,0,0,2,4,0,48,82,103,236,252,252,215,26,0,3,0,0,0,0,2,3,0,2,2,1,2,0,0,6,0,46,140,157,234,254,255,252,251,252,255,214,203,99,192,145,89,43,0,1,1,0,1,0,1,1,2,3,47,178,255,255,251,252,253,252,248,255,251,225,240,252,251,254,250,230,69,1,0,1,1,0,0,0,2,3,236,249,253,253,255,251,253,251,231,125,34,23,30,34,37,40,154,103,0,3,3,1,0,1,0,0,0,6,253,255,242,80,171,251,253,255,187,2,2,1,0,3,2,0,0,0,1,0,4,0,1,0,0,1,0,119,253,255,179,29,244,253,255,180,48,1,1,0,2,0,0,0,0,1,0,0,1,0,2,0,0,3,0,131,255,180,84,237,253,255,228,41,2,2,0,3,0,0,1,2,0,0,0,0,3,0,0,4,1,3,0,70,251,247,247,254,251,178,48,0,0,0,0,1,0,0,0,1,3,0,0,3,0,4,4,0,1,0,0,3,77,196,244,125,52,2,4,0,0,2,1,0,0,2,0,0,2,2,0,0,0,3,0,1,0,1,1,1,0,1,0,2,4,0,1,1,0,1,2,0,0,0,3,3,0,3,0,4,0,0,0,0,0,1,0,0,4,3,0,0,3,0,2,0,0,4,0,0,0,0,6,0,0,0,5,0,3,0,2,0,0,0,2,0,0,0,4,4,0,0,0,2,0,1,0,1,0,0,0,0,0,0,0,0,0,5,0,0,3,3,0,0,0,0,0,1,0,2,2,0,0,0,1,4,0,5,7,0,0,0,1,4,0,0,0,1,0,0,0,1,0,0,0,0,3,1,1,0,0,2,2,3,2,0,0,1,0,0,0,0,0
0,1,3,1,0,0,3,3,0,3,0,1,2,1,5,0,2,2,0,0,0,3,1,2,4,0,3,2,1,0,0,2,4,0,4,0,2,0,1,0,0,4,1,3,0,2,0,2,1,0,5,0,0,0,0,2,0,2,1,3,3,2,0,0,0,3,0,3,0,0,0,0,1,2,0,0,2,0,0,0,2,3,0,0,1,1,1,0,5,0,2,1,3,0,0,1,0,4,0,1,0,0,1,0,0,2,0,2,4,0,0,0,0,0,0,2,3,0,0,0,2,2,0,0,0,0,0,120,240,255,179,0,3,0,0,3,1,0,0,3,2,0,0,0,0,0,0,0,1,1,0,0,0,35,190,255,250,246,210,0,3,3,0,4,0,1,0,4,2,0,0,4,0,0,1,5,0,0,4,74,174,244,254,205,86,109,217,0,1,4,1,0,0,4,1,0,3,4,3,0,0,1,0,1,3,50,157,245,255,230,136,8,0,68,144,0,1,0,0,5,0,1,1,0,1,0,0,1,0,2,0,5,17,194,252,245,154,33,0,0,0,0,0,0,1,0,2,1,0,0,0,2,1,1,0,4,0,0,1,0,42,254,240,107,0,2,0,0,0,0,0,1,0,0,0,0,0,0,1,0,0,0,0,3,0,0,0,0,18,226,217,26,0,0,0,0,0,0,3,3,0,0,1,0,0,3,0,0,0,0,0,0,0,2,1,2,0,165,255,210,54,0,0,0,0,0,1,5,3,0,3,4,3,2,0,0,0,0,0,0,1,0,3,0,0,11,186,254,247,166,41,0,0,4,0,0,0,6,0,0,1,2,3,0,3,0,3,4,2,2,0,2,3,2,15,147,252,255,252,130,56,0,2,2,1,2,0,0,2,0,0,0,0,1,3,0,0,0,0,4,0,0,0,2,26,188,236,255,209,127,28,0,0,1,1,1,0,2,0,4,0,0,0,0,0,0,3,1,0,0,3,0,0,2,26,121,240,255,216,83,2,0,0,7,0,1,3,0,0,0,3,0,3,0,1,2,1,1,2,4,3,3,0,2,38,172,255,254,99,1,1,2,0,3,0,3,2,0,1,0,0,0,0,2,0,0,0,0,5,0,0,0,0,2,127,255,225,23,3,2,2,7,0,0,0,1,2,0,0,0,0,3,0,0,0,0,1,2,0,2,0,2,26,236,252,41,1,0,0,0,0,0,1,0,0,1,0,0,0,0,9,35,0,0,0,0,0,0,4,0,64,254,255,36,2,1,5,0,0,2,0,0,0,5,0,0,0,0,87,156,3,0,0,2,0,0,0,44,228,253,220,22,0,0,0,1,0,3,0,1,3,0,0,0,2,4,69,219,118,10,0,2,0,18,87,230,252,254,102,0,0,0,7,0,0,1,0,0,2,0,0,2,0,2,19,208,251,231,200,233,234,235,255,253,232,105,7,0,0,0,1,4,0,0,0,1,0,0,0,3,0,0,0,24,124,238,255,251,251,255,207,87,30,0,0,4,0,2,1,2,0,0,0,3,0,1,0,0,3,1,0,1,0,0,2,0,4,1,2,0,0,0,0,2,0,0,2,1,0,0,0,5,0,1,0,0,0,0,2,0,0,0,0,0,0,5,0,0,5,2,1,3,0,1,0,0,0,0,1,0,0,1,2,0,1,0,2,0,0,0,3,0,0,2,0,1,0,3,0,4,0,0,5,1,0,2,3,1,0,0,3,5,3,0,2,1,0,0,1,0,0,0,0,0,4,0,2,0,1,0,0,2,2,0
0,1,0,0,0,0,0,0,0,2,0,0,3,0,0,0,2,0,0,0,0,0,0,0,0,0,0,6,0,0,0,0,1,0,0,0,2,2,0,1,0,0,2,0,5,2,0,0,0,4,4,4,3,1,0,0,0,3,1,3,0,0,1,2,0,0,2,2,0,0,0,1,0,0,0,0,0,0,0,0,2,1,5,0,0,1,0,0,1,0,0,0,2,0,0,0,0,2,2,0,1,1,0,0,0,1,1,0,2,1,2,1,0,4,0,0,0,3,0,0,3,0,1,0,0,3,0,3,1,1,0,3,3,1,0,0,0,0,1,4,3,2,0,2,1,0,1,0,0,2,3,0,2,0,2,2,2,0,0,1,0,0,0,0,0,3,0,0,0,2,0,1,3,1,0,1,76,161,0,0,0,0,4,0,0,2,0,202,95,2,5,0,0,0,3,0,2,4,0,0,2,0,2,0,198,253,56,2,0,0,0,0,0,0,0,178,179,1,2,0,0,0,0,0,0,0,2,1,0,2,0,0,156,253,76,5,2,0,2,6,5,1,1,192,219,2,0,0,2,0,3,0,3,1,1,2,1,0,5,4,113,255,194,13,0,0,0,3,0,3,56,249,200,1,0,0,1,1,0,0,0,0,0,0,1,1,3,1,146,255,216,49,0,1,2,0,3,2,63,255,126,3,0,2,1,0,0,1,0,0,5,1,2,1,0,67,243,255,133,0,0,0,4,0,0,0,68,255,91,1,0,4,0,0,0,2,0,1,0,0,0,0,0,215,251,255,80,1,0,0,0,0,0,2,69,253,125,0,2,2,0,0,3,2,2,0,4,3,5,4,0,216,255,255,107,0,3,0,0,2,0,3,70,255,68,0,0,0,2,1,1,0,0,1,0,0,0,0,1,28,222,253,248,238,155,132,90,59,55,41,173,252,36,0,0,0,4,0,0,0,0,0,1,1,0,0,0,35,249,253,255,255,255,254,255,250,255,243,255,246,31,0,5,0,2,2,2,2,2,4,0,0,2,0,2,124,252,254,189,111,42,42,39,51,128,176,255,197,0,1,0,0,5,0,0,0,0,0,1,0,0,0,0,168,235,136,0,0,0,0,7,1,4,84,254,201,3,0,1,0,0,0,0,0,1,0,1,0,3,3,0,0,3,1,1,0,0,4,0,0,0,79,255,201,0,1,0,0,2,0,0,1,0,1,0,0,5,0,0,4,0,0,0,2,0,5,0,2,1,75,255,142,0,0,0,3,1,1,1,0,1,2,1,0,0,0,1,1,2,3,0,0,2,0,1,1,0,79,255,86,0,0,0,0,0,1,0,0,0,1,1,1,2,0,2,1,0,0,0,0,1,4,0,2,2,83,255,22,2,1,0,0,1,2,0,1,0,2,2,0,1,2,4,0,4,2,4,0,2,3,4,0,0,129,255,22,0,5,0,0,0,3,0,5,0,0,0,4,0,0,2,3,1,0,0,0,0,1,0,0,2,171,228,13,0,0,0,0,0,0,0,0,0,1,0,0,0,4,0,0,0,0,0,2,2,0,0,0,3,204,235,16,1,4,1,0,6,0,0,4,1,6,1,0,0,0,0,0,6,0,0,0,0,4,0,0,68,254,189,0,0,0,0,2,0,0,0,0,1,3,0,0,1,2,4,0,2,0,0,0,0,0,0,0,0,4,5,0,5,0,0,0,1,0,0,0,0,1,2,0,0,2,1,5,3,0,2,1,0,0,3,0,3,0,3,0,1,0,2,0,0,2,0,0
0,2,1,0,2,0,1,0,0,0,0,0,0,2,0,1,0,0,0,0,0,0,0,2,0,5,1,1,1,0,0,0,0,5,0,9,0,0,0,0,0,5,0,0,0,0,2,1,0,0,0,0,0,0,0,1,1,1,3,0,2,0,0,0,3,0,1,1,0,2,0,0,0,0,5,0,3,0,0,0,0,0,4,0,1,0,0,1,0,0,0,0,3,0,0,2,3,2,1,0,5,0,150,255,132,0,0,2,0,0,1,0,0,0,0,1,4,0,0,0,0,1,5,4,3,0,1,1,1,0,251,251,225,27,0,1,0,4,0,0,4,1,4,0,0,0,4,1,0,2,2,0,0,4,0,0,0,32,249,251,255,45,2,0,0,0,1,0,2,0,2,3,3,0,0,1,0,2,0,2,0,0,0,0,4,110,253,247,229,26,0,1,0,1,0,0,0,2,2,0,0,0,0,2,0,1,1,0,1,3,0,0,0,115,254,254,183,2,1,0,0,0,0,0,1,0,0,1,2,1,0,0,0,0,4,3,4,2,4,0,2,113,254,252,68,2,0,0,0,0,0,3,0,0,0,1,0,1,0,0,4,0,0,0,3,2,2,1,0,133,254,252,72,0,4,0,1,0,0,0,0,2,0,0,2,1,99,47,4,2,0,0,1,1,0,0,0,229,248,253,70,1,1,2,5,0,0,0,0,1,0,0,3,26,222,229,0,0,0,0,2,0,2,0,31,238,251,251,68,0,0,0,0,3,1,4,0,0,1,1,0,74,251,249,158,4,1,2,0,0,0,1,145,253,249,233,36,0,0,2,1,3,1,5,0,0,3,2,0,131,255,252,226,1,0,2,0,2,3,0,206,252,255,144,6,4,0,2,0,0,6,0,0,3,3,0,0,178,254,255,94,4,3,3,0,0,0,0,208,251,240,31,3,4,0,1,4,1,0,2,0,0,0,0,35,232,251,253,0,2,0,0,32,0,33,82,241,248,230,1,1,0,0,0,0,1,6,0,0,1,0,4,49,250,251,249,206,208,209,206,223,206,226,237,255,250,230,0,1,0,0,0,0,0,0,0,0,5,0,0,28,221,250,250,250,247,255,252,255,253,253,253,249,253,232,0,0,3,0,0,4,1,0,0,3,0,1,0,0,84,206,230,232,229,197,122,116,52,0,83,253,255,158,0,0,1,6,1,0,0,5,0,4,0,1,1,4,0,3,3,0,0,0,0,5,2,4,186,253,253,116,0,2,0,0,0,0,0,2,2,0,2,1,1,0,0,0,0,1,1,1,1,0,4,0,188,252,251,119,0,1,0,0,1,3,0,0,2,3,0,1,0,4,0,3,4,0,0,1,0,0,2,3,67,235,249,118,0,0,0,0,0,0,1,0,0,1,1,2,1,0,0,0,4,0,3,0,0,0,0,0,3,112,186,12,1,0,3,3,2,0,0,0,0,2,2,1,0,0,2,0,0,1,0,3,0,1,1,0,0,3,0,3,0,2,0,0,1,0,2,3,0,0,0,4,1,1,1,0,0,0,1,2,3,0,0,3,3,2,1,0,0,0,2,0,0,0,0,3,0,0,0,0,0,0,0,0,5,0,0,0,0,0,3,0,2,3,0,0,0,0,0,1,0,5,3,1,0,0,1,1,0,0,0,1,3,0,2,4,0,4,1,5,1,0,0,2,2,0,2,0,3,0,0,1,0,2,2,0,0,3,0,0,0,2,0,6,0,3,0,0,2,3,1,0,2,0,1,0,0,0,0,1,0
0,0,0,0,0,1,0,1,1,0,0,0,1,3,1,0,1,1,0,0,2,5,1,0,0,0,0,0,0,4,0,0,0,1,3,2,0,0,0,0,0,2,1,1,0,1,1,0,0,0,4,0,0,0,1,0,2,2,0,0,3,0,0,0,0,2,1,0,0,0,1,0,2,0,1,0,0,0,0,0,0,0,3,1,0,0,1,0,0,0,0,0,1,0,1,4,0,0,0,2,0,1,1,2,0,0,0,0,0,2,1,4,0,0,0,0,0,1,2,0,1,1,2,31,133,80,120,200,254,255,138,13,1,0,1,1,0,0,3,0,0,0,0,0,0,0,0,0,3,1,0,193,250,254,250,255,250,251,251,209,65,0,2,4,0,0,0,2,0,2,2,0,2,4,0,4,0,10,197,220,251,248,248,91,107,179,248,254,195,2,1,0,0,2,1,2,0,0,0,0,0,0,0,0,1,0,21,214,255,120,2,0,1,0,26,255,254,113,1,0,2,0,0,0,2,0,0,0,0,0,0,1,0,1,47,213,200,3,0,0,0,0,7,194,254,219,56,1,1,0,0,0,0,2,3,0,0,4,2,0,0,3,107,253,227,0,0,0,1,0,0,177,255,254,76,0,0,0,0,5,3,0,1,1,0,0,3,0,0,0,20,216,235,0,0,3,2,4,28,253,253,255,72,0,2,4,0,3,0,0,0,1,2,0,0,0,6,0,0,84,229,5,2,0,0,1,111,255,254,231,21,0,0,3,1,0,4,0,4,3,0,0,1,3,1,0,1,1,18,0,0,0,0,0,192,254,252,215,0,0,1,0,0,0,0,0,0,0,0,0,2,0,3,0,2,2,0,0,0,2,0,0,245,255,255,89,4,0,0,0,0,0,1,0,0,4,2,1,0,2,0,2,0,0,0,2,1,0,1,77,252,255,217,4,0,0,0,0,0,0,0,0,0,0,0,3,2,0,1,0,3,0,0,0,0,2,8,156,252,245,92,3,0,2,3,1,0,4,6,3,4,0,0,0,60,170,172,170,169,134,33,0,1,40,187,255,251,166,0,6,1,2,3,0,0,0,0,3,0,2,0,100,246,255,255,253,254,253,231,208,120,179,250,255,231,18,1,1,0,0,0,1,0,0,2,0,2,0,0,185,255,255,254,252,255,240,253,254,250,250,255,255,16,1,0,0,0,0,0,0,0,0,0,2,0,0,0,181,254,242,156,82,84,43,123,249,253,251,253,254,13,0,0,0,2,8,0,0,0,0,5,0,2,0,0,188,255,213,3,4,174,211,235,252,254,244,105,149,5,1,0,0,2,4,2,2,1,4,3,4,0,0,1,186,252,235,105,230,253,250,255,255,233,64,0,0,0,2,3,0,0,1,3,3,0,0,0,3,1,0,0,110,249,251,252,253,255,251,243,73,16,0,1,0,0,0,0,0,0,0,4,3,0,0,2,1,1,0,2,16,133,167,250,252,185,108,39,0,3,3,0,0,0,0,0,0,0,2,0,0,0,0,0,4,0,3,0,0,0,1,3,0,0,0,0,0,4,0,3,0,0,0,0,0,0,0,2,0,0,1,2,4,0,2,1,0,2,0,0,0,1,3,5,0,0,1,0,1,1,0,2,0,0,0,1,1,0,2,0,0,1,0,0,0,0,0,0,2,2,0,0,0,6,2,0,3,0,0,2,1,1,1,0,1,2,0,1,0,0,0,0,0,2,0,1,3,3,0,0,0,2,0,0,0,2,1,0,3,0,0,2,0,1,0
0,2,0,2,0,0,0,1,0,0,2,2,0,0,1,1,0,0,2,2,0,3,0,0,1,1,0,0,0,1,0,0,2,2,2,0,0,0,0,3,0,2,0,0,0,2,2,0,0,0,0,0,1,0,0,0,3,0,3,2,1,1,0,1,4,0,1,1,2,1,0,0,5,1,0,4,1,5,3,0,0,0,0,0,2,0,0,0,1,1,1,0,1,0,1,0,2,3,0,0,0,0,1,0,1,1,0,0,0,3,0,0,0,0,1,0,2,0,0,1,3,0,3,5,0,0,4,0,2,2,1,6,0,3,0,0,2,0,0,1,1,3,0,0,0,0,0,0,3,0,0,0,4,2,40,151,244,249,105,0,0,1,0,0,5,1,0,1,0,1,0,0,1,0,0,0,116,114,5,2,0,114,230,255,255,254,226,0,3,0,0,1,0,1,0,3,0,4,0,2,1,3,3,0,156,251,198,35,164,244,211,126,127,210,246,0,0,0,0,3,0,1,0,4,1,0,0,0,0,0,0,0,34,227,251,249,140,51,2,0,6,191,148,1,1,1,0,1,0,5,0,0,0,3,0,1,3,1,1,2,0,45,226,250,128,0,1,2,155,252,153,0,0,0,0,0,3,0,0,1,0,1,0,0,0,0,0,0,0,0,35,226,253,105,1,12,234,196,20,3,0,0,3,0,3,1,0,4,2,0,5,0,0,6,0,0,0,0,2,44,219,227,83,187,254,89,0,1,2,0,0,0,0,2,0,0,2,0,0,0,0,1,0,0,4,1,0,0,109,252,254,251,224,5,1,0,1,1,0,0,3,0,0,1,3,0,3,0,4,0,3,0,0,0,2,3,5,211,253,253,55,2,2,0,3,1,2,1,2,4,0,2,0,1,0,0,2,0,1,0,1,0,0,5,103,244,252,254,150,5,0,5,0,2,1,0,0,0,0,1,0,1,2,2,5,0,0,0,3,2,2,100,255,235,151,197,254,85,0,0,0,0,2,3,1,0,1,0,5,0,0,0,0,3,0,0,0,1,30,238,253,112,3,22,239,166,1,2,0,0,4,0,0,0,4,0,0,0,2,0,1,1,0,1,0,22,214,253,140,8,4,1,126,244,91,0,1,3,4,0,1,0,0,3,1,0,1,0,1,0,0,1,1,73,250,144,28,1,2,0,8,198,173,0,0,2,0,0,0,0,3,0,1,0,3,0,0,0,1,0,0,190,254,24,0,3,0,0,1,127,249,2,5,0,0,0,2,1,0,2,0,2,2,1,1,0,0,1,3,254,150,1,1,1,1,0,1,86,254,89,0,5,0,5,0,0,0,1,1,0,0,0,0,4,1,3,0,250,99,3,1,0,5,0,7,196,218,0,4,1,0,2,0,0,0,1,0,1,1,2,1,2,1,0,3,144,210,29,6,1,12,62,177,250,139,0,2,0,2,0,6,0,1,0,0,0,0,0,3,0,1,0,1,11,164,234,168,172,216,252,223,122,15,0,0,0,0,0,0,0,1,0,1,0,0,0,5,2,1,2,3,1,1,92,147,194,148,66,19,0,0,0,4,0,0,0,2,0,1,0,0,1,1,0,3,3,2,0,0,1,0,0,1,2,0,1,4,0,0,0,0,2,0,1,0,2,0,2,0,1,0,5,0,0,0,0,1,0,0,0,0,0,0,2,0,0,0,0,0,6,3,0,0,0,0,3,1,1,0,0,2,0,0,1,0,0,1,1,0,4,0,0,2,2,0,0,1,0,0,1,1,0,0,1
1,0,0,0,0,0,2,0,1,0,0,0,0,5,0,0,0,2,2,0,0,0,0,2,1,0,1,0,3,0,0,0,2,0,0,0,0,6,0,0,1,0,2,0,0,6,2,0,0,0,1,0,0,0,0,0,0,1,3,0,0,0,4,0,0,0,0,0,2,0,0,0,1,0,0,0,1,0,5,0,0,0,0,0,1,2,0,3,2,0,0,3,0,0,0,0,1,0,0,2,1,0,0,2,0,0,0,1,0,0,0,0,0,0,0,1,1,2,1,18,19,16,19,13,12,0,0,0,1,0,0,0,2,0,0,1,2,0,2,0,1,0,0,1,24,155,196,253,255,250,241,232,228,160,120,33,0,1,0,0,0,0,1,2,0,0,3,0,0,0,3,0,209,252,254,216,195,193,192,193,249,254,252,238,161,80,15,0,0,0,0,2,2,1,0,0,0,0,1,0,111,255,53,8,3,1,0,4,20,31,95,120,231,253,195,38,0,0,3,0,5,0,0,0,1,0,0,1,6,81,42,1,0,0,0,3,4,0,2,0,32,129,254,159,0,2,2,1,1,0,1,0,1,1,0,0,4,3,1,0,0,0,0,0,0,0,0,0,29,121,252,218,0,0,0,2,0,0,1,0,0,2,3,3,1,0,0,0,0,4,2,0,28,71,140,164,244,251,202,59,5,0,2,1,2,0,0,3,0,0,1,0,0,3,0,0,61,171,235,184,217,255,250,204,175,83,11,1,2,2,3,0,0,1,0,0,0,2,3,0,0,0,1,4,224,255,255,249,254,246,118,18,2,0,4,4,0,0,0,0,0,0,5,1,2,4,0,1,0,0,3,0,93,170,214,214,244,249,250,252,162,85,8,0,1,1,2,1,3,1,3,0,0,0,0,0,2,0,0,1,1,1,0,0,27,73,129,211,255,253,203,72,3,0,0,4,5,0,0,0,3,0,3,0,0,0,0,6,0,0,1,3,0,0,0,6,74,168,253,248,173,20,1,0,2,1,1,0,0,1,0,0,13,196,108,0,3,0,1,3,0,3,3,1,0,0,88,238,249,221,33,0,1,2,0,0,0,2,0,1,93,252,70,0,0,3,0,0,2,0,5,3,0,0,0,40,169,250,224,26,1,1,1,0,0,1,0,0,49,243,229,98,0,0,0,0,1,0,1,1,2,2,1,0,2,142,251,205,0,0,1,0,0,1,4,0,0,86,241,255,203,84,0,3,0,5,3,1,1,0,0,0,4,2,217,254,0,0,0,0,2,0,0,0,1,0,42,123,240,251,210,176,99,84,22,12,0,0,0,4,9,90,242,248,0,0,1,2,0,1,3,0,0,0,0,0,27,147,215,252,254,252,253,238,194,197,151,188,220,255,233,54,1,0,0,1,6,1,0,0,4,0,1,0,1,0,1,35,114,124,153,123,167,196,204,214,200,125,16,4,3,1,0,0,0,0,0,4,0,0,0,0,0,0,0,3,2,6,2,0,0,0,7,6,0,0,1,0,0,4,0,1,0,0,0,2,0,0,0,0,3,0,0,0,0,0,2,0,0,1,0,1,2,0,1,0,0,0,2,1,1,2,0,0,0,0,0,0,0,0,0,0,6,0,0,4,0,2,0,1,3,0,0,0,0,0,1,1,1,1,1,0,0,1,1,0,0,0,0,0,0,2,6,0,2,2,0,0,0,0,1,0,0,0,4,2,1,0,2,0,0,2,0,0,3,0,0,0,3,1,3,0,2,0,0,2,0,0,0,0,0,0,0,3
1,5,0,4,0,0,3,0,0,0,0,0,1,0,0,0,0,0,4,0,0,3,0,3,1,0,1,3,0,6,0,4,1,0,0,0,1,0,1,5,2,0,3,0,0,0,0,1,0,3,0,0,0,0,4,0,2,0,2,0,1,1,1,0,2,2,1,0,1,3,1,1,0,0,5,0,0,0,2,1,0,1,0,0,0,0,4,0,0,0,0,2,0,0,0,0,3,0,0,0,0,2,0,0,0,0,3,0,7,0,0,1,0,1,0,0,0,0,3,0,1,2,0,0,0,1,0,0,3,0,0,0,0,3,3,0,0,0,2,0,2,1,0,0,0,0,1,6,0,0,0,0,2,1,2,0,0,24,196,255,121,0,2,2,2,0,0,0,0,3,0,1,1,0,0,0,3,0,0,4,0,1,19,30,50,19,115,246,236,0,3,1,0,0,1,0,0,4,0,0,1,0,4,0,0,0,3,0,89,176,251,252,255,142,0,155,239,22,0,6,0,0,0,0,1,0,0,0,0,1,1,2,0,48,144,237,235,255,255,239,209,100,1,209,202,36,5,3,3,0,2,0,0,0,0,0,0,4,0,17,137,232,252,251,82,175,58,73,36,0,76,252,119,2,1,5,0,1,3,0,0,0,2,0,0,2,1,159,255,255,225,129,6,0,0,1,0,50,230,97,13,2,1,0,0,4,1,0,1,0,3,0,0,0,35,244,252,147,23,0,0,0,2,0,36,228,164,0,3,0,0,0,5,0,0,2,2,1,0,1,3,0,82,249,184,0,2,0,5,0,0,0,110,223,20,2,0,0,0,3,0,2,4,0,2,0,1,0,0,2,75,255,215,32,0,4,1,0,7,19,207,100,1,0,0,2,0,1,1,0,0,0,1,0,3,2,1,0,17,202,253,217,60,0,0,0,0,16,208,7,0,0,0,0,1,1,0,0,1,0,0,0,0,0,0,4,0,0,134,231,250,156,27,2,14,184,233,14,0,0,1,2,2,2,0,1,1,0,0,1,0,1,0,0,0,1,11,42,220,252,236,176,147,254,165,5,0,1,0,0,3,2,0,1,0,1,0,2,1,0,0,1,0,0,2,0,8,142,249,245,255,255,167,6,0,0,1,0,0,0,0,0,0,0,0,1,5,0,0,0,0,0,0,0,1,0,36,209,254,251,254,166,11,0,0,0,4,0,0,0,0,0,0,0,2,1,0,1,1,0,0,0,1,4,137,249,209,65,188,252,60,0,2,0,1,0,5,4,0,3,1,0,0,3,0,0,0,0,0,0,0,16,237,252,35,2,48,244,58,1,1,0,3,0,0,2,3,0,0,2,0,1,0,0,0,0,1,0,1,151,251,169,2,23,226,175,11,4,0,0,3,0,0,0,0,2,0,0,4,0,0,1,0,0,4,0,1,114,251,155,22,195,253,50,0,1,0,1,0,0,0,0,0,0,1,2,0,0,2,0,1,1,4,0,0,7,219,243,241,249,153,3,1,1,0,0,2,0,1,0,1,1,0,0,3,0,0,0,2,0,0,0,3,0,48,235,230,106,1,0,0,0,5,0,1,2,0,2,2,0,0,1,3,0,1,0,0,0,0,0,5,0,0,4,0,0,2,1,1,1,0,2,0,0,2,2,3,2,0,0,0,1,4,0,0,0,2,1,2,0,3,0,0,1,2,3,1,2,2,0,2,2,3,0,0,0,1,0,2,0,0,0,0,0,0,1,0,0,0,5,3,0,0,0,0,0,0,2,2,1,3,4,0,0
0,4,0,3,2,3,0,0,5,0,0,2,2,0,0,1,5,0,8,2,0,0,5,0,0,0,1,1,0,2,0,2,0,0,0,0,0,0,1,3,2,2,6,0,1,1,0,0,2,0,3,0,1,2,0,0,1,0,0,1,0,0,1,3,0,1,3,0,1,2,3,0,0,3,0,0,1,0,0,0,1,0,0,0,0,0,0,0,0,0,0,0,3,3,3,0,0,1,0,0,0,0,0,1,2,0,1,0,2,0,0,0,3,2,0,3,1,2,1,0,0,0,0,1,0,0,0,0,0,0,2,1,0,2,4,0,0,0,0,0,1,0,2,0,0,1,1,2,0,1,0,2,108,155,216,250,253,255,252,165,69,0,0,0,1,0,0,0,0,0,0,0,0,1,0,0,0,2,111,206,252,252,249,250,243,242,250,251,208,10,2,0,0,0,0,0,0,3,0,2,0,0,2,0,7,134,244,255,191,113,93,48,0,0,127,253,201,11,2,1,0,5,0,3,0,0,1,2,0,0,0,2,109,254,240,62,5,1,0,0,0,10,207,255,90,0,3,0,0,0,0,0,0,2,2,0,1,0,0,0,121,253,222,0,0,0,0,2,1,85,254,245,49,1,0,0,0,4,0,1,0,1,0,0,0,4,2,3,68,235,161,2,0,0,2,0,30,222,251,89,0,2,2,0,1,1,2,0,0,2,0,0,0,2,2,4,1,23,3,0,1,2,0,0,88,253,230,21,4,1,0,0,0,0,0,0,2,0,0,0,0,0,0,4,0,1,3,0,3,0,0,116,247,245,84,5,0,0,0,1,0,4,1,0,0,1,0,2,0,0,0,0,4,0,4,0,0,0,22,223,252,124,0,5,0,0,0,3,2,1,1,0,0,0,0,2,0,1,0,0,0,5,1,2,0,0,153,252,173,3,0,0,0,0,1,0,0,0,0,0,0,0,1,1,0,4,0,0,0,2,0,0,2,121,231,208,18,0,3,0,0,2,3,3,0,1,0,1,0,0,0,0,3,3,0,1,3,1,1,1,46,230,251,89,0,0,0,0,1,0,0,1,0,0,2,0,2,0,4,0,2,1,0,0,0,0,0,2,220,255,156,8,0,0,13,67,186,165,127,4,2,0,4,6,0,2,0,0,1,1,0,4,0,0,10,171,255,164,2,33,95,174,252,250,200,47,0,0,0,1,0,0,0,2,0,0,1,1,1,0,0,0,168,249,234,55,141,233,255,240,159,40,9,0,0,0,1,2,5,2,0,3,0,0,2,2,4,1,0,4,229,251,253,251,251,251,113,40,1,0,0,1,5,2,0,2,0,2,2,0,1,0,0,0,0,4,12,160,249,249,250,226,143,16,0,2,2,0,0,0,0,0,0,0,0,0,7,5,0,0,1,0,0,27,179,249,253,188,110,14,4,3,0,1,0,1,0,0,0,0,0,0,0,0,3,0,0,1,0,0,5,214,254,236,109,3,4,4,6,0,4,1,0,0,0,0,0,0,0,0,0,1,0,0,0,0,1,0,2,183,209,74,0,0,4,1,0,4,3,0,0,1,0,0,0,0,1,0,0,0,3,0,2,2,0,0,2,0,1,0,0,0,1,0,0,0,0,0,1,0,0,1,1,0,1,0,3,1,0,3,0,3,0,0,0,0,1,0,0,0,0,3,2,0,1,0,1,0,6,0,0,1,0,1,1,2,1,1,3,0,5,2,0,1,0,3,0,1,2,3,0,1,0,0,0,1,0,4,2,0,0,0,5,0
4,0,0,0,2,0,0,2,0,0,0,0,0,2,0,2,0,3,0,0,0,0,4,0,1,1,0,4,4,1,0,0,0,4,1,0,0,0,0,0,0,0,0,0,0,0,0,0,0,0,1,1,1,3,0,4,0,0,0,0,0,0,0,0,1,0,1,0,0,4,0,0,5,0,0,0,1,2,1,3,0,0,1,1,1,0,0,2,0,3,4,0,0,0,0,0,2,3,0,3,0,0,0,0,0,4,3,0,0,0,0,1,0,0,0,5,1,0,0,1,0,0,0,0,1,2,5,0,1,1,0,0,3,0,3,0,0,0,1,4,3,0,2,2,2,1,86,205,253,0,0,0,1,0,115,255,224,38,2,0,0,5,2,0,0,1,0,0,0,0,0,0,0,75,241,250,249,126,2,2,1,3,111,252,251,83,4,2,0,0,2,0,0,2,0,2,1,1,1,0,0,87,249,251,251,109,0,0,4,3,112,251,255,200,27,2,0,0,0,1,2,1,0,0,0,0,2,4,3,88,249,248,252,2,0,0,1,1,38,235,250,253,110,3,0,0,0,0,0,0,0,0,2,1,1,0,0,83,254,255,250,0,3,1,1,3,2,147,253,252,185,1,0,0,0,0,0,1,1,4,0,0,0,0,0,86,253,255,251,0,0,0,0,3,2,87,255,254,252,0,0,3,0,0,2,0,0,0,2,0,0,0,1,83,252,255,255,0,0,0,2,3,3,85,252,249,254,164,8,0,0,0,0,0,3,3,0,0,1,0,25,200,250,251,246,0,0,0,0,1,4,17,215,251,255,252,29,2,0,2,2,3,0,0,1,6,1,0,114,247,252,249,254,29,77,170,166,168,108,20,179,250,250,253,125,0,3,0,3,0,0,0,0,1,0,0,110,252,250,252,251,255,252,246,247,254,254,210,87,250,249,251,168,2,1,2,2,0,0,0,3,0,0,0,62,240,253,254,252,255,255,251,250,254,255,251,255,252,253,254,168,0,0,0,1,1,1,6,0,2,0,4,0,100,252,252,252,251,174,167,149,107,252,252,253,252,249,254,164,0,0,0,0,6,0,0,0,4,1,0,0,17,58,54,59,56,7,0,2,0,62,58,59,194,252,254,233,76,3,0,2,0,0,0,0,1,1,1,2,1,0,1,1,0,1,3,1,0,0,0,1,75,253,255,255,200,10,4,0,0,3,0,4,0,0,0,4,0,0,1,1,0,0,0,0,2,0,0,1,13,190,250,253,253,85,0,1,1,0,0,0,0,3,0,0,0,0,3,0,3,0,2,5,0,3,1,0,1,77,255,253,255,81,1,0,1,0,0,2,0,0,0,0,1,1,0,6,4,0,0,0,0,1,2,0,0,2,250,251,255,85,1,0,0,0,1,0,1,0,0,1,0,2,3,2,2,4,0,0,0,0,0,0,1,0,250,251,254,113,0,0,3,1,0,3,0,2,0,0,0,2,0,3,1,3,1,3,0,0,0,0,7,4,238,255,252,208,0,1,4,0,1,1,0,2,0,0,0,0,0,1,1,0,0,3,0,1,0,0,1,0,48,163,250,87,1,0,0,0,0,2,3,1,1,3,0,0,0,3,0,0,0,6,2,0,0,0,0,0,0,0,1,4,0,0,1,0,0,0,3,3,3,4,4,0,0,1,3,6,0,0,4,0,0,0,2,0,0,0,1,0,2,1,0,5,3,0,0,0,0,0,0,0,0,0,0,0,0,0,0,0,5,0,2,0,0,0,1,0,3,0,0,0,1
0,5,0,2,0,2,4,1,0,0,0,3,0,0,1,0,6,0,0,0,0,1,2,2,0,1,0,0,0,0,0,3,0,0,1,2,0,0,0,0,2,0,0,0,4,1,1,3,2,0,0,2,2,1,1,0,1,0,0,2,1,1,1,2,0,1,2,0,0,2,2,0,0,1,0,5,1,0,0,2,0,0,0,0,0,0,0,0,3,0,0,0,0,0,0,0,4,1,1,0,3,2,3,3,0,0,0,0,3,0,0,0,2,3,3,0,1,1,4,0,2,4,13,51,164,130,132,38,67,7,1,2,1,0,0,0,0,0,0,0,0,0,1,0,2,1,1,1,0,157,255,255,254,251,255,255,253,255,118,1,4,0,0,1,1,3,1,4,0,0,3,2,1,0,1,2,14,211,253,252,252,251,252,253,255,252,245,31,1,5,0,0,0,1,3,1,0,1,0,0,1,0,0,0,36,252,255,251,255,241,232,226,250,248,88,3,0,0,0,2,0,3,0,2,0,0,1,0,4,0,1,8,213,254,254,252,147,30,1,0,77,66,2,1,1,2,1,6,2,0,1,0,0,0,0,0,1,1,1,18,252,255,254,255,76,0,3,3,0,0,0,0,2,2,0,0,0,0,2,1,1,4,0,0,2,0,3,119,248,253,255,255,96,11,44,81,167,164,171,168,55,4,2,1,0,0,0,0,0,2,2,3,5,0,14,253,255,254,255,255,242,194,254,252,248,255,251,254,253,132,4,0,0,0,3,0,3,1,1,0,0,0,11,253,254,254,252,253,255,252,255,255,255,251,254,255,252,255,104,1,2,0,2,0,0,2,0,0,0,0,18,255,253,255,255,250,253,254,255,236,191,192,212,254,255,254,140,1,2,0,3,4,0,0,0,0,4,6,14,222,255,254,254,250,238,190,154,41,0,0,24,228,254,250,141,0,1,0,0,5,2,0,2,0,2,0,1,45,255,255,255,180,47,0,1,0,0,0,0,222,253,251,143,0,0,3,0,0,3,1,0,0,0,0,0,2,121,175,157,19,2,2,0,2,0,0,72,247,254,252,103,0,0,0,0,0,4,0,1,0,0,0,0,2,8,30,0,0,0,2,5,0,2,0,193,253,253,253,17,5,0,2,1,1,1,1,0,0,1,0,0,4,169,228,126,3,2,5,0,0,2,31,225,254,255,218,10,0,0,6,1,0,0,1,0,1,0,2,0,15,214,255,253,137,31,0,3,2,31,209,255,252,255,36,0,2,1,0,4,3,0,0,0,1,3,2,0,0,149,255,250,253,239,228,232,230,233,247,252,255,211,15,3,0,0,0,0,2,1,0,1,0,0,0,0,1,95,254,253,255,255,255,248,255,252,252,255,255,41,0,0,0,0,1,0,2,2,1,0,1,1,2,0,6,1,24,154,255,255,253,254,250,254,253,255,109,2,0,2,2,1,0,0,2,4,0,0,0,0,0,1,0,0,3,1,6,94,153,255,220,136,127,25,3,0,0,0,0,0,3,0,1,0,0,0,0,0,3,0,1,0,0,0,5,0,0,1,0,0,0,3,0,0,2,0,0,2,0,0,0,3,0,0,0,0,0,0,2,0,0,0,1,0,0,0,3,1,0,0,0,4,8,0,0,0,0,1,0,0,2,1,0,0,4,3,1,0,0,0,2,0,0,3,0,0,0,0,0,2,0,0,2,0,0,0,0,0,0,0,1,1,0,2,0,1,2,0,0,1,0,0,3,1,0,2,1,0,2,1,1,2,3,0,0
1,1,2,0,3,0,0,2,3,0,0,1,1,3,0,0,0,0,0,0,0,0,2,1,1,0,2,4,1,2,0,1,0,1,0,0,2,0,0,0,0,0,0,1,2,2,0,0,0,2,0,0,1,1,0,1,0,0,3,1,2,2,1,0,1,1,0,0,2,3,0,0,0,0,0,2,2,0,1,0,0,0,0,0,0,1,4,0,5,0,0,0,0,3,0,2,2,2,2,0,0,3,1,0,0,0,3,0,1,0,1,0,1,2,1,0,1,0,0,0,3,0,0,0,4,1,0,0,0,0,1,0,2,0,0,0,0,1,1,1,1,0,0,1,3,0,2,0,0,1,2,1,65,129,253,255,253,127,65,0,2,1,0,0,1,0,0,0,0,0,0,0,0,0,0,1,1,2,0,128,255,254,255,251,252,255,255,60,0,0,0,2,0,0,0,1,1,0,4,2,3,4,5,0,0,1,195,253,255,252,255,254,255,255,255,192,4,0,0,1,1,0,0,0,0,0,0,1,2,1,0,0,0,127,255,254,255,254,255,253,255,255,255,191,0,0,0,2,0,0,0,0,1,0,3,1,0,0,3,0,64,251,255,254,254,65,128,255,255,254,254,191,4,0,0,0,0,5,0,3,0,3,0,0,2,0,3,3,255,254,249,195,1,0,0,2,190,254,251,255,64,0,0,0,0,0,0,0,2,1,0,0,0,2,0,193,254,254,253,1,2,1,0,0,0,191,255,255,251,2,1,2,1,1,2,0,0,0,1,0,0,0,65,255,253,255,191,1,3,0,2,1,2,2,188,255,255,130,4,0,4,0,0,1,0,0,0,0,0,0,130,254,255,188,0,0,0,1,0,0,0,1,65,255,251,125,0,2,3,1,0,0,0,2,0,4,0,0,191,255,255,125,3,4,0,0,3,0,0,0,0,193,253,191,3,0,3,0,0,1,0,0,4,0,0,2,255,255,254,0,4,0,2,2,0,0,0,0,0,128,255,255,0,0,0,0,0,0,0,0,3,0,0,1,255,255,193,0,1,0,0,2,0,0,1,1,2,126,254,255,0,0,0,0,2,0,0,0,0,0,0,1,255,255,127,0,0,0,0,2,0,1,0,1,2,129,252,255,0,0,3,3,0,0,0,0,2,2,0,0,254,255,128,2,4,0,0,1,1,0,1,0,0,189,255,255,0,0,0,0,0,0,2,2,0,0,3,1,188,255,189,0,0,2,0,0,0,0,0,0,65,255,255,255,3,0,0,1,3,1,1,0,0,0,0,0,130,255,255,127,0,0,0,3,3,0,2,0,188,255,254,132,0,0,4,1,3,0,0,0,0,0,0,3,63,191,255,255,130,128,2,0,3,62,191,254,255,254,254,67,2,0,0,0,2,0,0,0,0,0,0,2,0,63,255,255,255,255,255,254,252,253,255,254,250,254,0,0,0,1,0,1,0,1,0,0,2,1,0,0,0,0,65,125,253,255,254,252,255,255,255,255,189,69,0,0,0,0,0,0,4,0,0,3,0,3,0,0,0,0,4,0,0,125,191,188,126,133,126,0,3,2,3,2,0,2,2,4,0,1,0,0,0,2,1,0,0,0,0,0,6,0,0,0,2,0,0,0,0,0,1,2,1,0,3,3,3,1,2,2,2,2,2,3,2,0,0,0,0,3,0,0,1,0,0,0,0,0,0,1,1,0,0,0,1,0,0,0,1,1,1,0,2,0,1,3,0,0,0,1,0,5,0,0,1,0,3,3,0,2,0,0,2,2
0,0,0,3,4,1,0,1,0,0,2,0,0,0,2,0,0,2,0,1,4,3,1,0,0,0,0,0,0,0,2,0,0,8,2,0,4,0,1,0,1,0,0,0,2,0,0,4,0,0,0,1,1,0,1,0,3,0,0,2,0,3,0,0,2,3,0,1,0,0,0,0,0,1,0,0,0,2,1,3,0,0,0,5,0,0,0,1,4,0,0,0,0,0,0,1,2,2,4,0,1,3,3,0,4,0,1,0,0,3,0,3,0,1,0,0,2,0,0,1,0,0,38,125,255,251,250,230,106,1,0,0,0,2,2,0,1,0,0,6,1,0,0,0,0,0,2,0,3,100,213,247,254,245,242,250,252,70,0,2,2,0,0,0,0,4,0,0,0,1,0,0,2,0,0,6,157,255,254,218,111,0,1,251,252,85,0,2,0,0,2,0,1,0,4,0,2,0,0,1,0,0,0,67,253,245,124,16,2,1,1,251,252,80,0,2,3,0,0,2,4,0,3,0,2,0,1,0,1,0,1,188,251,90,8,2,0,3,5,253,249,56,2,0,0,1,2,8,0,0,2,0,2,0,0,4,2,1,25,182,218,11,0,3,1,3,58,254,247,42,1,1,0,0,0,1,0,0,1,1,0,3,1,0,0,0,5,40,81,4,0,1,0,19,196,252,246,27,1,0,0,0,2,0,0,3,1,1,0,1,2,0,5,0,1,0,0,0,0,0,71,243,253,255,254,147,6,3,1,1,0,4,0,4,0,0,0,1,0,5,1,0,2,3,0,3,0,19,221,253,254,192,240,255,201,135,1,3,3,0,2,0,0,0,2,0,0,0,1,0,1,1,4,0,5,39,248,249,167,2,46,179,251,251,148,13,0,0,2,0,1,4,2,0,1,1,0,2,0,1,4,3,5,40,249,148,31,0,2,43,158,252,255,64,4,1,1,0,0,0,3,0,0,0,0,1,0,2,0,0,0,2,0,0,0,0,0,0,1,122,255,65,0,0,0,0,2,0,0,0,2,0,1,1,0,0,3,0,0,3,0,1,0,4,5,0,1,79,253,67,0,0,0,3,3,0,0,2,0,0,4,1,0,7,139,117,18,1,0,0,0,0,0,0,1,111,251,64,0,2,3,1,3,1,0,0,2,1,0,1,1,20,253,255,79,0,0,3,0,2,0,2,10,216,236,36,0,3,0,1,0,1,0,0,1,0,0,0,0,93,250,255,101,0,3,4,0,1,0,83,184,248,220,0,0,2,4,2,0,0,4,1,1,0,3,0,0,197,250,254,206,134,137,131,131,59,142,243,254,246,111,0,0,1,0,0,0,2,1,2,0,4,0,2,2,45,255,255,255,252,253,253,251,252,250,254,244,72,3,1,4,0,0,2,3,5,1,4,1,0,0,0,0,5,109,246,255,253,255,253,252,254,249,214,22,1,0,0,2,0,2,1,3,2,1,0,0,1,0,1,2,0,0,100,155,168,214,233,150,97,55,36,0,2,1,0,1,0,0,0,0,0,2,0,0,0,0,0,0,0,1,0,0,0,0,3,2,2,0,1,2,0,4,0,0,2,0,0,1,1,0,0,0,0,0,3,2,0,0,5,0,2,0,0,4,0,0,0,1,2,0,0,2,2,0,4,0,0,0,0,1,0,0,0,1,1,0,0,3,0,6,0,0,1,2,1,2,1,0,0,0,0,6,0,0,4,0,1,1,2,1,4,1,0,0,0,0,0,0,2,1,0,2,0,1,0,4,0,0,1,1,0,2,4
2,0,2,3,0,1,0,0,0,3,1,3,0,0,2,0,3,0,2,4,2,0,0,4,4,0,3,2,2,1,1,0,3,3,0,0,1,0,6,1,0,0,2,0,3,0,0,1,0,0,0,2,0,0,0,0,0,0,5,1,0,0,2,0,2,0,4,0,0,2,0,1,1,0,2,0,2,0,0,2,0,1,3,0,0,0,1,0,0,0,0,0,0,0,1,2,0,2,1,4,0,1,0,0,0,3,0,0,5,0,0,0,0,1,0,0,2,3,1,4,5,3,0,0,0,0,1,1,0,0,0,0,0,0,0,1,0,3,0,0,3,2,0,0,0,0,2,0,2,3,1,0,5,0,20,95,157,254,125,1,2,2,0,0,1,0,0,0,3,0,1,0,0,0,2,0,2,0,1,0,3,16,188,253,241,203,34,0,0,0,3,2,1,0,0,0,0,0,4,4,4,2,0,0,4,2,0,5,12,192,251,254,79,0,7,0,0,0,0,1,0,2,2,2,2,0,0,0,0,0,1,6,3,4,0,1,34,250,250,213,4,0,1,2,0,0,3,0,0,0,0,1,0,0,3,2,1,2,1,0,1,0,0,1,28,255,247,97,0,1,1,0,4,0,0,2,0,0,0,0,0,1,0,4,0,0,2,2,0,0,0,0,36,255,252,94,1,0,3,1,3,1,0,4,1,3,3,0,0,1,0,2,1,2,0,5,2,0,2,1,32,255,250,96,0,4,0,0,4,4,0,0,0,1,0,0,0,1,0,0,0,1,2,2,0,0,3,0,33,253,254,172,1,0,1,0,5,0,1,3,0,0,2,0,0,0,0,3,0,0,0,0,0,0,0,3,31,250,253,252,3,0,3,0,0,0,0,1,0,3,0,3,3,0,3,0,0,2,2,2,2,0,0,0,31,255,250,254,1,2,0,0,0,2,0,4,1,1,1,0,0,3,1,0,0,2,2,0,0,0,0,0,32,255,255,253,2,0,1,0,2,2,0,1,0,0,0,1,0,1,0,0,0,3,1,0,2,3,0,0,29,255,254,250,120,0,0,1,1,0,0,0,0,4,1,3,0,0,0,0,1,1,2,0,2,5,0,0,31,251,251,252,164,1,0,1,0,0,0,0,4,0,3,0,0,0,0,0,0,2,2,0,0,0,0,1,24,221,253,248,159,0,2,1,0,0,0,2,0,3,1,0,0,1,0,5,1,0,3,0,0,1,1,0,0,128,251,254,156,0,0,0,0,2,0,1,0,5,0,0,0,0,0,0,0,3,0,0,0,1,0,0,0,126,251,255,159,0,0,1,1,0,0,2,0,2,2,0,0,0,1,1,1,1,0,0,0,1,0,0,3,34,231,250,156,0,0,0,2,1,1,0,1,1,0,2,2,1,1,0,0,0,0,0,1,1,0,0,1,2,225,254,162,0,2,3,0,0,1,1,0,0,0,0,0,1,0,0,1,1,0,3,0,3,3,0,0,0,84,251,242,53,5,0,0,3,2,0,0,1,0,0,0,4,0,1,2,0,5,1,3,2,0,0,0,0,62,252,250,160,7,2,0,0,1,0,0,4,3,2,0,1,0,0,0,0,2,0,4,0,4,3,0,2,0,0,5,0,3,1,0,0,2,1,0,1,1,0,0,1,1,2,0,0,0,2,0,0,0,0,0,3,5,0,4,0,1,0,5,0,3,0,0,0,0,0,0,1,0,0,0,3,0,1,0,5,0,0,0,0,2,1,0,1,3,0,0,0,1,0,0,0,0,0
4,2,0,2,5,2,0,0,0,1,0,1,0,2,2,4,0,0,1,0,0,2,0,0,0,3,0,0,3,5,0,0,0,0,1,4,3,0,0,4,0,3,0,3,5,2,0,1,1,1,0,0,0,0,0,0,1,0,1,0,2,5,0,0,0,0,0,0,2,1,1,0,0,0,0,0,2,0,3,0,0,2,0,0,3,0,0,0,1,1,0,2,0,0,0,0,1,4,0,0,1,2,0,0,0,0,0,3,0,1,0,3,0,1,1,0,1,0,0,0,2,5,0,0,1,2,0,0,3,0,0,1,1,4,0,0,0,1,1,0,0,0,0,0,0,2,0,0,0,0,0,0,0,1,0,0,1,0,0,0,0,5,0,1,0,0,2,0,2,3,2,0,5,3,2,3,0,0,0,0,0,3,3,4,1,0,2,2,0,0,3,1,0,7,0,0,0,1,0,3,3,0,4,0,0,0,3,1,0,0,0,0,0,0,1,1,0,0,0,1,0,2,0,1,0,0,0,2,3,0,0,0,1,4,42,33,48,50,128,152,192,213,211,22,3,0,2,0,0,0,1,0,5,3,0,100,184,208,203,203,206,204,243,233,254,253,250,252,253,255,251,100,1,0,2,0,0,0,0,0,2,3,63,253,249,255,253,255,253,241,243,203,243,223,119,100,184,255,255,104,0,0,0,0,2,0,1,2,3,1,17,171,249,253,252,252,249,123,38,0,41,19,0,0,82,255,249,61,0,1,0,0,0,0,0,2,0,0,2,1,0,1,1,64,102,0,0,0,1,2,2,4,104,253,253,1,0,2,0,0,0,3,0,1,0,0,1,0,0,0,0,0,4,0,0,3,5,2,2,0,139,254,255,1,0,0,2,0,0,0,0,1,0,6,0,3,1,0,0,0,2,0,2,4,0,0,2,1,200,255,253,0,4,0,2,0,1,1,1,1,0,0,2,3,0,0,0,0,1,1,2,1,0,0,0,0,204,251,252,0,3,0,0,0,1,0,0,1,1,0,0,3,1,1,1,4,0,3,0,3,0,0,0,0,205,255,209,0,0,0,0,2,1,0,0,2,1,0,0,2,0,0,0,1,2,0,0,1,0,2,2,0,202,255,255,2,0,0,1,3,2,0,1,1,0,0,0,1,1,3,0,0,0,3,0,3,2,0,4,0,201,252,187,4,3,0,0,3,1,0,0,2,2,0,0,0,0,0,1,1,3,0,0,0,0,0,0,40,242,254,109,1,0,2,3,0,0,4,1,2,0,0,0,0,0,0,2,1,1,0,0,1,0,1,0,48,254,250,51,2,0,0,0,0,0,1,0,1,2,0,0,1,2,0,0,3,0,0,3,0,0,0,3,49,252,253,49,1,0,4,0,0,0,1,0,0,0,0,0,0,0,0,0,0,0,4,3,0,1,0,4,167,251,205,2,1,4,0,0,0,0,0,0,0,1,1,2,1,0,0,3,0,0,2,0,0,0,2,35,252,254,200,2,6,0,0,0,1,3,4,1,3,4,0,2,1,1,0,1,1,0,0,0,1,4,4,80,251,254,61,0,0,2,0,0,0,0,0,0,2,0,4,4,0,5,6,3,0,0,0,0,1,1,0,84,255,254,104,0,0,0,4,1,0,0,1,4,1,0,0,0,0,1,0,3,0,1,0,0,2,0,1,105,255,254,101,0,2,2,0,0,1,0,0,4,0,0,0,0,1,0,0,2,0,1,2,0,1,4,0,20,216,174,17,0,3,0,1,0,0,0,3,2,1
0,0,0,0,0,3,0,0,0,0,3,3,0,0,0,0,0,3,3,0,0,0,0,0,0,0,0,0,3,2,0,1,0,0,1,0,0,0,0,0,0,1,2,3,1,2,0,0,0,0,0,3,0,0,0,1,3,1,0,0,2,0,1,3,0,0,4,0,0,1,1,1,0,1,0,0,0,0,1,1,1,2,0,1,0,0,0,3,0,2,0,0,0,5,1,3,0,2,1,3,1,0,0,3,1,1,4,5,0,1,0,4,3,1,0,0,0,1,0,0,2,0,0,0,0,0,0,0,0,0,0,0,0,3,0,4,0,0,3,1,2,1,0,0,0,3,3,2,0,0,0,0,0,0,1,0,0,0,0,1,0,0,2,1,0,1,4,2,2,0,1,0,2,3,2,1,0,0,0,3,8,72,135,221,255,253,62,0,0,0,0,0,0,3,0,1,0,0,0,0,0,2,4,5,0,0,5,67,204,255,251,250,252,249,137,1,0,0,6,2,2,0,0,2,0,0,0,0,0,3,0,0,2,112,224,255,253,245,126,122,207,255,110,0,2,0,0,1,1,2,0,0,1,0,5,0,1,0,1,1,2,201,251,234,108,26,1,7,222,255,66,0,0,3,0,0,3,1,0,0,1,3,0,1,0,1,0,0,0,112,200,171,3,0,0,63,255,249,54,0,0,0,0,3,0,3,3,0,0,0,3,2,1,0,0,0,0,0,11,74,0,0,2,161,253,175,1,0,0,4,0,1,1,0,2,0,2,2,0,0,0,0,0,2,0,0,2,0,0,0,9,237,253,100,1,0,0,0,0,0,0,0,3,0,0,1,0,5,0,0,0,0,0,0,0,4,5,0,58,253,231,17,0,0,1,1,4,1,0,0,0,3,0,0,1,0,0,3,1,3,0,3,0,0,1,0,205,252,153,0,0,0,0,0,0,4,0,0,0,1,0,1,0,0,6,4,0,0,0,0,2,0,0,21,233,253,56,0,0,0,1,0,0,0,0,0,0,0,0,0,0,0,2,2,1,2,0,0,1,0,4,166,255,202,4,3,1,0,2,0,2,0,0,0,1,0,1,1,5,0,0,0,0,0,0,4,0,3,0,228,255,116,3,0,0,0,0,0,2,0,0,3,2,1,0,2,0,2,4,0,0,0,0,1,1,3,87,251,245,22,1,3,2,0,0,0,3,2,0,0,1,0,2,2,4,1,0,0,0,0,0,1,1,0,130,255,240,3,4,0,0,0,0,0,1,0,0,2,1,0,0,0,0,0,0,0,0,0,0,0,0,0,141,255,174,1,0,0,0,0,2,0,0,0,0,0,2,0,0,0,0,0,0,0,0,1,0,0,0,4,208,255,64,1,0,2,0,0,1,1,0,0,0,0,0,0,0,2,0,1,0,0,0,0,2,0,1,55,251,255,161,0,1,4,0,1,0,0,0,0,0,0,0,1,0,1,0,0,0,1,0,0,0,0,3,114,250,253,89,0,0,0,1,0,2,2,0,2,4,0,0,0,0,7,3,1,0,0,3,0,0,1,0,157,254,254,34,5,2,6,0,1,0,0,2,0,2,0,2,0,0,0,0,0,0,2,0,0,1,0,0,114,252,168,5,3,1,0,0,0,0,0,3,0,1,1,1,0,4,3,0,0,3,0,0,3,2,1,4,1,0,1,0,0,0,1,0,1,0,0,0,4,3,0,0,4,1,1,4,0,1,0,0,3,0,0,0,0,2,0,0,0,0,0,0,0,0,2,0,0,1,2,0,0
0,0,0,0,0,0,2,0,0,0,0,1,0,0,1,3,2,2,0,1,5,0,0,0,0,0,1,2,5,0,0,4,0,2,0,0,2,0,2,1,0,0,1,4,2,3,0,0,3,3,5,1,2,0,0,0,2,2,6,3,0,0,1,2,1,2,1,0,0,3,0,0,1,0,0,1,0,4,2,1,1,4,2,0,0,0,1,0,0,0,1,3,0,3,0,0,2,0,0,3,0,0,1,0,5,2,0,0,3,2,0,0,0,0,3,0,2,1,0,0,0,0,1,0,1,1,2,2,1,0,3,0,0,1,0,0,0,0,2,1,5,0,3,0,0,0,5,1,1,1,2,0,0,6,0,2,0,3,0,0,0,1,0,0,0,0,4,0,0,1,0,0,1,2,1,16,195,253,252,232,111,0,27,27,62,112,109,111,105,109,113,35,0,0,2,0,1,4,2,5,2,0,23,181,255,253,252,253,252,219,228,231,237,255,251,255,255,253,255,73,0,0,0,0,0,0,1,0,0,2,75,253,255,248,251,249,253,253,254,253,248,250,251,251,252,219,89,22,3,0,0,0,1,0,0,1,0,0,32,128,255,252,254,255,251,252,250,253,249,254,250,224,111,0,2,0,0,2,1,2,0,0,0,1,0,0,0,1,83,190,251,251,252,253,249,253,250,142,1,0,0,0,0,0,5,0,0,0,0,0,4,0,2,1,2,0,0,108,251,252,255,250,251,249,251,236,153,2,2,3,0,0,0,2,2,2,0,5,1,0,1,0,2,2,0,217,253,253,255,255,250,250,254,255,230,69,0,0,0,1,0,2,0,0,0,1,0,0,2,0,0,0,2,251,252,252,252,253,254,253,251,253,253,215,0,0,3,0,0,0,0,1,1,7,0,0,0,0,0,0,0,108,254,255,251,205,108,19,208,255,251,255,107,2,0,0,1,0,1,0,3,0,1,5,3,0,4,3,4,11,163,177,100,17,5,1,17,251,251,252,105,2,1,1,0,0,0,0,1,0,1,3,0,0,4,0,2,2,0,2,0,4,0,0,0,248,251,253,111,0,2,1,0,3,0,0,0,0,0,7,0,2,2,0,3,2,5,0,1,0,0,1,0,255,251,254,191,0,0,5,0,2,1,0,0,3,2,1,0,2,0,1,0,0,1,2,0,0,0,0,0,255,254,251,250,1,0,0,0,0,1,2,2,0,1,2,1,3,0,0,0,74,72,21,2,3,0,0,2,255,253,250,249,0,2,3,0,1,0,0,2,3,1,0,3,1,2,2,109,253,252,93,0,5,0,27,121,251,253,248,143,3,0,1,0,0,0,0,0,0,0,1,2,0,0,3,142,254,255,218,1,0,3,181,251,249,254,248,107,0,0,6,0,0,2,0,2,0,0,0,2,1,0,0,150,255,255,232,108,170,251,253,252,255,251,151,0,0,3,0,1,0,1,2,5,0,0,5,0,1,0,0,148,253,252,254,254,253,253,252,255,219,139,6,0,0,0,0,1,0,1,3,1,0,4,1,4,0,4,1,41,212,249,255,252,253,251,245,212,41,0,0,0,4,0,1,0,0,0,1,1,3,1,1,2,0,0,2,0,0,137,255,250,254,130,95,0,0,0,0,2,0,0,0,0,0,0,0,3,0,0,0,0,1,4,0,0,1,0,0,6,0,0,0,0,0,0,0,0,4,2,0,3,0,2,2,2,3,0,0,0,0,4,0,0,0,0,0,0,1,0,1,0,0,0,2,1,2,0,0,0,0,0,0
0,2,0,0,0,0,1,4,2,0,2,0,1,0,1,0,0,0,0,3,0,0,0,0,0,4,0,5,0,0,0,1,0,2,1,4,3,0,0,0,0,3,3,3,1,1,0,0,3,0,0,0,0,0,0,2,0,5,0,0,0,0,1,0,0,0,1,1,5,0,2,0,0,0,0,3,1,0,0,2,0,2,1,0,0,1,0,0,3,1,1,3,2,2,0,3,2,0,1,1,0,0,0,3,1,1,1,4,0,0,0,0,0,1,0,0,2,0,1,1,0,1,0,5,1,3,3,1,0,0,0,2,0,1,0,2,0,0,2,0,0,3,1,1,2,0,2,2,2,0,0,0,0,1,3,0,0,1,0,2,0,0,0,4,0,1,0,0,0,1,0,1,0,0,0,0,2,1,0,1,3,2,2,0,2,1,1,5,0,0,1,0,0,0,0,6,0,0,0,0,3,0,12,11,54,134,133,133,130,137,253,254,254,221,189,95,6,6,0,0,1,2,0,0,5,1,1,0,17,161,251,255,254,255,251,254,251,252,254,255,251,255,252,255,154,0,3,0,0,0,0,0,1,0,0,2,26,251,253,253,251,249,254,255,254,255,253,251,252,255,252,255,217,18,3,0,0,1,0,0,0,2,0,0,20,235,250,252,253,251,252,252,254,255,255,254,249,255,254,254,251,24,0,0,0,0,0,0,0,0,6,0,0,156,255,251,255,254,252,253,226,252,181,88,172,105,238,255,255,22,0,3,0,4,0,1,3,0,1,2,3,42,59,59,62,62,58,56,31,57,1,0,0,21,210,249,252,22,1,0,0,2,7,3,2,4,1,0,0,1,0,2,0,0,2,2,0,0,0,1,0,99,250,248,249,28,0,0,2,0,1,0,0,2,0,0,0,1,0,0,0,1,0,1,5,1,2,0,25,208,253,253,216,16,0,1,1,3,0,1,0,3,2,0,1,1,0,1,4,0,1,1,0,0,0,0,99,254,251,252,157,0,1,0,0,0,3,0,0,0,3,1,0,1,2,3,0,2,0,0,0,0,4,35,250,252,249,249,41,4,1,3,0,0,0,0,4,1,0,0,3,3,0,0,0,3,0,0,0,0,0,157,253,253,253,166,0,1,1,0,3,0,0,1,4,1,3,0,0,2,2,0,0,1,3,0,0,3,23,212,255,251,245,42,2,1,1,3,0,0,2,3,0,0,0,0,0,2,0,4,5,1,2,2,0,7,215,252,255,255,163,2,3,0,0,0,1,1,1,2,2,3,1,0,0,1,0,1,1,0,0,2,0,37,253,252,255,249,61,4,0,4,0,0,0,0,0,8,1,0,1,0,1,0,0,2,0,0,1,0,0,167,249,252,255,238,43,1,0,2,0,1,0,0,0,0,0,3,3,0,1,3,2,5,3,0,0,0,93,253,252,253,252,100,0,2,0,0,4,3,1,0,1,0,0,0,2,0,1,0,0,0,0,0,1,0,164,253,251,254,212,17,1,0,0,0,0,0,0,0,0,0,0,0,0,1,0,0,0,0,0,3,0,0,243,252,255,236,71,0,0,2,0,1,0,0,3,0,2,1,1,0,1,3,0,1,1,0,0,6,0,5,189,255,253,164,0,0,0,3,1,1,2,0,0,0,0,0,0,0,0,0,0,0,0,4,0,1,0,0,4,138,184,51,0,3,2,1,3,0,0,0,0,0,1,4,3,0,0,0,1,0,0,0,1,0,0,2,0,2,1,0,0,0,1,0,0,2,5,0,4,0,0,2
0,1,1,0,0,5,1,4,0,5,5,1,3,0,0,4,0,1,3,0,0,1,0,0,3,0,3,0,4,3,0,0,0,0,0,0,1,4,3,0,1,0,0,3,3,1,1,0,0,3,3,0,0,0,0,0,0,2,0,0,0,1,0,1,2,0,1,0,0,1,0,0,4,0,0,1,0,2,2,0,1,0,0,0,0,0,4,0,2,1,2,0,0,5,0,1,0,0,0,0,0,0,2,2,0,0,1,6,2,1,0,1,1,0,0,0,0,3,0,0,0,0,1,0,0,0,0,2,0,0,1,0,0,3,0,1,4,1,0,2,0,0,0,0,4,6,2,0,0,3,2,0,2,2,1,0,1,0,0,2,0,0,0,0,0,1,0,0,2,2,2,2,0,1,0,1,0,3,0,0,0,0,33,206,166,3,0,0,0,0,0,0,0,0,1,0,0,0,0,2,1,0,1,0,0,0,0,79,170,239,250,255,249,32,1,0,1,2,0,1,2,0,1,0,0,0,0,0,0,0,0,0,6,0,136,245,211,173,209,250,252,98,1,0,0,1,0,3,0,0,0,1,0,0,2,1,0,0,0,3,2,129,254,115,6,1,17,255,254,96,0,0,0,0,1,2,2,0,0,4,0,2,0,1,1,2,0,0,86,255,146,5,1,0,22,252,250,28,1,0,0,0,1,0,2,0,2,0,5,0,2,0,1,0,0,10,213,218,1,1,0,3,22,252,255,11,3,1,2,0,0,1,4,0,4,0,0,0,2,0,2,1,1,58,248,82,3,0,0,0,169,252,255,10,0,0,1,0,0,3,3,0,0,0,2,3,0,0,3,2,0,197,249,0,0,0,2,49,232,255,249,7,0,0,0,0,0,2,0,0,0,0,1,0,4,2,1,1,2,200,246,1,0,0,0,173,254,255,255,6,0,0,0,0,1,0,4,1,0,0,2,0,1,0,0,0,0,200,250,132,109,96,148,251,113,193,252,88,0,2,2,0,0,0,4,1,0,2,0,0,1,1,0,1,0,72,211,252,255,254,255,112,9,182,255,98,0,0,0,0,1,0,0,0,0,0,3,0,0,1,1,3,0,0,23,56,87,87,55,8,0,187,252,99,0,2,1,0,3,0,0,2,2,1,0,2,0,0,0,0,0,0,2,0,1,1,1,0,1,186,255,162,2,0,4,0,0,2,3,3,6,0,2,1,1,0,2,0,3,0,0,3,1,0,1,0,0,127,253,189,4,0,0,1,1,0,0,3,2,0,4,2,0,4,1,0,0,4,1,0,0,1,2,0,4,93,255,252,25,0,0,0,0,2,0,3,0,0,0,0,0,2,0,4,3,1,0,0,0,0,2,0,2,14,253,253,25,0,2,0,0,4,0,0,0,0,0,1,2,1,0,2,0,0,0,2,0,1,3,0,0,1,253,251,70,0,0,0,2,1,1,3,3,0,4,0,4,0,0,0,1,3,0,0,0,2,2,0,0,0,183,254,113,0,0,0,0,0,0,0,0,0,0,0,0,0,1,0,1,0,0,0,1,0,0,0,2,0,172,253,116,0,0,0,1,0,0,0,0,0,1,4,0,0,0,0,0,0,1,0,1,3,1,4,0,1,76,193,44,0,0,3,1,0,0,0,0,1,0,0,2,1,0,0,4,1,1,0,0,0,1,0,0,0,0,0,0,1,0,0,0,0,2,0,0,2,0,0,2,0,2,0,1,0,0,4,2,0,0,0,0,3,1,0,0,0,4,0,0,0,0,0,0,3
0,0,1,1,0,2,0,2,1,2,4,0,2,0,0,0,1,1,0,0,0,0,0,0,0,3,0,0,0,1,0,0,0,0,5,0,0,1,0,0,0,0,0,0,1,0,0,0,1,0,0,0,3,1,1,0,0,0,0,1,0,1,1,0,0,3,0,4,4,0,0,1,4,0,4,5,1,0,0,1,2,0,1,0,0,0,2,0,2,0,0,1,0,0,1,0,0,1,0,0,0,0,0,0,1,2,0,1,0,0,2,1,1,0,0,4,2,0,4,2,6,0,1,0,0,0,2,0,1,0,3,0,0,0,0,0,0,0,1,1,0,0,0,0,0,2,5,0,5,1,0,0,0,0,0,1,0,1,0,0,1,3,2,4,1,0,0,0,0,0,1,3,2,2,1,2,1,0,0,0,0,0,0,4,6,1,3,2,0,0,0,1,0,4,0,3,1,0,0,0,0,0,0,1,0,0,37,151,255,222,27,0,0,3,0,0,1,0,0,5,3,1,2,1,1,1,4,0,0,3,2,0,0,114,250,253,233,124,62,0,0,0,0,1,3,0,0,0,0,0,0,0,0,0,1,2,0,2,0,0,111,252,255,209,70,65,65,62,59,142,146,68,0,0,0,0,0,0,0,3,2,3,0,1,1,0,1,42,238,255,254,251,253,255,252,252,253,251,250,249,127,0,1,0,3,0,0,0,0,0,3,2,0,0,0,218,255,254,254,236,209,122,125,71,39,84,255,253,129,1,0,0,5,0,0,1,1,1,0,0,1,1,0,220,250,167,43,32,0,3,1,0,1,139,252,253,52,4,0,0,1,1,2,0,0,0,2,0,0,0,1,25,43,0,1,2,0,0,0,0,13,229,255,220,13,0,0,1,5,0,0,0,0,0,1,0,0,0,0,1,1,1,0,0,1,0,0,0,55,253,250,119,1,0,0,0,0,0,1,0,0,2,3,2,0,0,0,0,0,1,4,0,3,0,1,4,125,251,255,46,3,0,2,2,0,0,0,2,0,0,3,2,6,0,2,2,1,0,4,0,7,1,0,1,236,255,198,14,0,0,0,0,3,8,0,4,0,2,3,0,0,2,0,0,0,0,0,0,0,0,0,72,252,255,32,0,0,3,0,0,1,2,0,0,0,2,1,0,0,1,0,3,2,8,0,0,0,4,0,180,254,253,36,0,1,4,0,0,1,0,0,0,0,0,0,0,0,1,0,0,0,0,1,2,3,0,1,243,255,201,11,0,0,0,0,5,1,1,0,0,3,0,1,2,0,0,0,3,3,0,1,0,1,0,123,254,252,63,3,0,0,1,0,2,0,0,0,0,0,0,1,0,0,0,3,0,0,0,5,2,4,0,209,253,255,28,0,0,1,0,0,0,0,0,5,2,0,0,0,4,1,2,1,0,0,5,2,3,4,11,254,255,158,5,1,2,4,0,2,0,2,0,0,2,2,0,0,0,0,0,0,2,1,1,0,0,0,86,255,252,68,0,0,2,0,0,0,0,0,2,3,1,0,2,0,0,5,0,0,2,0,0,2,2,2,126,254,253,18,0,3,0,0,2,0,1,0,0,0,0,0,0,0,1,0,0,0,0,3,1,1,0,0,174,255,255,126,20,1,3,0,2,0,0,0,1,1,0,0,3,2,1,1,0,0,0,3,0,2,0,0,33,198,199,40,2,0,3,0,1,0,3,0,1,0,1,6,0,0,1,2,2,0,0,0,0,4,1,3,0,0,2,0,0,3,0,1,0,4,0,1,4,5,2
0,0,2,4,5,0,1,2,0,0,1,1,0,0,0,2,0,0,0,3,0,0,0,1,1,4,0,1,3,0,0,3,0,2,1,0,0,0,0,2,1,3,0,1,2,4,0,0,0,2,3,2,3,0,0,1,3,2,4,0,1,0,0,0,0,0,0,1,0,0,0,1,0,0,0,1,0,0,1,0,3,1,0,2,2,0,0,3,0,0,0,0,0,0,0,1,0,0,1,0,2,2,0,0,5,1,2,1,0,0,0,1,0,0,1,0,0,0,2,0,1,1,3,0,0,0,3,251,243,55,3,0,0,4,0,0,0,2,0,0,0,0,0,0,1,0,0,2,2,0,0,1,3,0,12,255,251,100,0,0,0,4,2,1,0,1,0,4,1,0,0,2,0,0,0,0,0,3,0,0,1,0,123,251,240,36,0,1,0,0,0,1,3,0,1,1,1,0,0,0,0,1,0,3,1,0,3,1,2,4,200,254,230,0,3,1,0,2,4,2,0,0,1,1,1,0,5,0,1,2,0,1,0,0,1,0,2,27,243,255,143,1,0,0,0,5,0,0,1,2,0,0,0,0,1,0,0,0,0,2,2,0,0,3,2,109,251,250,107,0,1,2,2,3,0,0,0,0,1,6,0,3,1,1,0,1,0,2,0,0,1,0,1,110,252,255,107,0,0,2,0,0,0,0,0,0,0,0,0,0,3,0,5,0,2,0,3,2,0,0,0,106,249,254,109,1,0,3,0,1,0,2,2,0,0,0,0,0,0,2,2,0,3,2,2,0,0,1,4,221,251,255,112,1,1,0,2,0,0,1,0,0,0,0,0,0,0,0,5,0,0,0,2,0,0,3,0,231,255,254,106,5,3,5,0,0,2,2,0,0,0,2,2,1,1,1,2,0,0,1,0,1,4,2,2,229,250,255,104,1,0,0,0,0,2,1,0,2,0,0,1,1,0,2,1,2,0,0,3,0,1,0,93,254,249,244,0,0,0,2,1,0,0,0,0,3,1,0,0,2,0,0,0,0,0,5,2,0,1,0,170,252,251,227,4,1,0,2,0,0,0,1,3,2,0,1,0,0,0,1,0,1,0,0,0,2,0,0,220,251,255,121,0,0,3,0,0,0,0,2,0,0,3,1,6,2,1,4,0,4,0,1,0,0,2,0,216,251,252,35,0,2,3,5,0,0,0,4,3,0,2,0,0,0,0,0,4,0,3,0,0,0,0,1,215,249,250,70,0,0,0,0,0,0,0,1,3,1,0,0,0,0,1,2,1,0,0,0,0,0,0,0,215,252,252,238,0,0,0,0,0,0,3,0,0,0,1,3,3,0,6,0,0,0,0,0,1,0,0,0,217,254,253,240,3,0,2,0,0,0,1,0,0,2,0,0,4,2,1,6,0,0,0,0,0,3,3,3,218,246,253,186,1,0,0,2,4,0,0,0,0,2,4,4,0,0,0,2,2,0,0,0,1,1,1,0,54,242,253,65,1,1,3,2,2,0,3,2,0,5,0,5,0,0,3,0,0,0,0,0,1,3,0,0,0,1,3,5,0,0,4,2,0,4,2,2,3,0,0,0,0,0,0,0,2,0,0,0,0,0,3,0,0,0,0,0,0,0,0,0,0,0,0,0,0,0,5,1,0,0,3,1,2,1,0,2,1,0,0,3,5,0,0,0,0,3,0,0,2,3,0,0,4,0,0,1,0,1,0,0,0,0,3,1,0,0,0,0,0,0,0,0,0,0,0,0,0,0,1,0,2,0,0,0
3,0,1,1,0,0,0,0,1,1,0,0,1,0,2,2,0,0,3,0,0,0,0,2,1,0,0,3,1,0,1,0,0,2,1,2,0,0,0,1,0,3,0,0,0,0,0,0,0,0,0,2,3,0,0,0,1,0,0,0,0,0,0,2,0,0,5,0,2,2,0,3,3,0,0,0,1,1,0,0,0,0,0,1,0,1,0,0,5,1,0,0,2,0,0,4,0,0,0,0,0,0,0,1,0,0,1,0,3,0,0,2,0,0,6,0,0,0,2,0,0,1,2,4,7,0,1,0,1,0,0,0,0,0,0,1,0,1,0,1,2,1,0,0,0,0,0,0,0,1,1,0,0,2,1,0,2,0,0,0,0,0,1,3,0,0,2,0,4,0,1,1,0,0,1,0,0,3,0,0,5,0,2,4,0,0,0,0,0,0,0,0,0,1,0,3,1,1,0,0,0,0,0,2,2,16,252,195,15,0,86,116,118,117,68,0,1,0,2,2,1,3,0,0,2,3,5,0,0,1,3,0,0,69,252,122,151,232,247,255,255,252,247,83,0,0,3,0,1,0,0,5,1,0,0,3,0,0,4,2,32,236,254,255,251,254,198,179,223,252,252,54,2,0,0,3,0,0,3,2,0,0,1,1,0,1,0,0,140,254,254,249,156,58,19,9,168,252,172,8,0,0,0,0,0,0,1,0,2,1,0,0,2,0,0,3,75,251,234,83,8,0,0,128,250,251,147,0,0,0,1,0,4,2,0,2,0,0,0,0,1,0,0,2,35,252,201,1,0,2,0,165,250,251,69,0,0,0,0,1,1,1,0,1,3,3,4,1,0,2,2,0,33,252,254,76,0,34,134,212,255,184,8,0,1,0,0,0,1,1,2,1,0,2,1,0,2,0,1,0,0,150,251,192,8,126,248,254,252,127,4,0,2,0,2,0,2,2,3,1,1,4,0,0,1,1,0,0,2,24,208,251,229,247,255,248,252,78,1,1,1,0,0,2,1,2,1,0,2,0,0,2,0,0,0,0,1,1,29,182,206,254,254,252,246,0,0,3,3,4,1,0,0,3,0,1,0,2,0,0,2,0,1,0,3,6,0,0,25,69,204,255,247,0,0,3,0,1,1,1,1,0,0,0,0,0,0,1,0,0,0,0,0,1,4,0,3,44,229,252,247,1,3,1,1,1,1,0,0,0,0,3,1,0,0,0,1,0,0,0,0,0,0,0,2,69,253,250,169,2,1,0,0,0,0,0,0,1,2,0,2,0,1,2,2,1,2,0,0,0,3,0,1,70,250,251,108,0,2,0,1,0,0,0,5,0,2,0,1,0,0,2,1,0,0,0,2,1,2,0,1,71,252,226,8,0,4,0,1,4,2,0,1,0,0,4,4,2,0,2,0,0,0,4,0,2,2,1,0,70,252,227,0,1,0,0,0,0,1,1,2,0,4,4,2,0,0,2,0,0,0,0,2,0,0,2,0,64,255,196,3,4,0,2,0,0,1,1,3,0,1,3,0,3,0,1,1,0,0,0,0,0,0,1,2,69,255,85,0,3,0,0,0,0,0,0,3,1,3,0,0,3,1,0,2,0,1,2,0,2,0,1,2,69,255,90,0,0,0,0,0,0,0,0,2,2,0,0,2,0,0,0,0,3,0,1,1,1,0,0,0,69,255,86,0,0,0,2,1,0,0,0,2,0,0,0,3,2,3,1,0,4,0,3,1,1,0,3,0,0,0,0,0,0,0,0,0,0,1,0,0,4,0,0
0,0,0,4,3,0,3,0,4,0,0,1,0,0,0,2,2,4,0,3,0,0,0,3,3,1,1,2,0,0,0,0,2,0,3,3,2,2,0,1,0,1,0,2,1,1,1,0,1,0,0,1,1,1,3,3,0,0,0,0,0,4,1,0,2,1,1,0,0,0,1,3,0,1,0,1,0,0,1,0,1,0,1,0,0,2,1,3,0,0,0,1,1,0,0,2,6,2,0,5,0,0,0,2,0,0,0,0,0,0,0,2,4,0,3,0,0,0,0,6,0,3,0,9,109,180,253,251,192,66,10,0,1,0,0,0,1,0,0,0,0,1,0,0,2,0,0,0,1,1,45,225,252,253,254,254,254,255,111,3,0,0,5,2,2,0,3,0,0,1,3,0,0,0,1,0,0,23,213,254,219,171,92,95,238,254,220,13,0,1,4,2,0,0,0,0,2,0,0,3,0,1,0,1,0,0,160,185,17,0,2,0,49,232,249,85,0,1,1,2,0,0,0,0,0,1,0,2,0,2,0,0,5,2,21,17,0,0,0,0,2,147,253,86,0,0,0,0,1,0,4,1,0,0,1,0,1,0,0,4,0,1,0,2,0,4,0,0,1,144,251,176,3,1,4,0,1,0,3,0,0,0,0,3,0,0,1,0,0,0,0,0,1,0,0,2,0,144,253,204,2,0,0,0,2,0,2,1,0,2,0,0,0,0,3,4,0,0,0,4,4,0,0,0,0,142,255,100,0,2,2,0,5,0,0,3,0,1,1,0,0,0,0,1,0,2,0,3,0,1,0,3,3,146,252,85,1,2,1,0,0,0,0,0,0,0,4,0,2,0,2,0,2,0,0,4,0,0,0,1,15,249,251,85,0,0,4,2,0,0,0,0,3,2,0,0,0,4,0,0,3,1,0,3,1,0,1,0,135,252,219,0,0,1,0,4,1,0,0,0,0,0,3,0,0,1,0,3,0,0,17,57,148,143,144,143,204,253,216,24,23,5,0,0,0,1,0,0,4,0,3,3,0,1,2,0,5,119,227,250,250,254,245,253,253,253,252,255,250,181,158,157,141,5,1,0,2,2,0,2,2,4,0,5,134,251,255,234,205,201,227,253,253,227,205,229,239,229,214,160,45,0,3,0,0,2,0,0,0,3,0,54,255,239,166,52,0,25,203,253,164,29,0,34,51,38,15,3,0,0,3,0,1,0,0,2,0,0,0,140,254,112,1,0,27,197,253,213,31,0,0,0,0,1,4,0,1,6,0,1,0,3,5,2,4,0,10,234,255,85,0,22,195,254,215,29,4,1,0,0,4,0,2,0,0,2,0,1,0,0,0,2,0,0,9,253,254,146,183,225,255,213,34,0,0,0,3,0,0,3,0,1,0,0,6,0,0,2,0,0,0,4,0,102,255,254,250,255,209,33,1,2,0,0,0,0,0,4,4,0,1,0,0,0,0,8,0,2,0,0,3,13,130,212,225,95,11,3,0,0,2,3,1,1,0,0,2,0,0,2,0,0,3,0,1,3,0,0,0,0,5,0,0,0,1,2,0,3,0,0,6,0,2,0,4,1,1,0,0,0,0,0,0,0,2,0,5,0,0,0,0,0,0,2,0,0,2,0,0,3,0,0,0,0,1,1,0,3,0,4,0,1,0,1,2,0,0,0,0,0,1,0,0,0,0,2,0,4,0,0,1,0,1,3,4,0,0,0,0,0,0,1,1,0,0,0,2,0,0,0,0,0,0,0,2,0,0,0,0,1,0,0,0,3
0,1,0,1,2,0,3,0,3,0,0,0,4,0,0,0,0,1,1,1,1,0,0,0,0,0,0,0,0,0,1,0,4,2,1,0,4,2,7,0,3,1,2,0,0,0,0,0,5,0,0,1,2,0,0,1,0,1,0,0,0,0,0,1,0,1,0,1,3,0,0,0,0,1,0,0,0,1,3,1,0,2,0,0,5,1,3,0,0,4,0,2,0,1,0,1,1,0,2,0,0,4,2,3,4,0,0,0,2,3,0,0,0,2,0,0,0,0,0,2,4,0,2,0,4,1,121,251,28,0,1,0,1,1,0,0,1,3,2,0,0,1,0,0,0,0,3,0,0,0,2,0,1,17,224,253,27,0,0,6,0,1,1,0,1,0,0,1,2,2,0,4,0,0,0,0,3,2,0,0,2,31,254,254,30,2,1,0,0,1,3,0,0,0,1,0,0,1,0,0,0,3,0,0,2,0,0,0,0,31,255,216,16,0,0,1,1,6,0,0,0,0,0,1,5,2,3,2,3,0,0,1,0,0,0,0,0,28,255,250,30,0,0,0,5,2,3,3,0,0,0,0,0,0,0,0,0,7,2,0,3,0,0,1,1,31,253,198,7,0,2,0,1,0,0,2,4,2,0,2,0,3,0,0,0,2,2,0,1,2,0,0,0,32,253,163,1,0,0,0,0,0,0,2,0,0,1,1,0,3,0,0,2,0,0,0,0,0,4,3,1,29,255,168,2,0,0,2,0,0,6,0,0,0,0,0,1,2,0,1,0,0,0,0,1,1,0,2,0,77,255,168,0,0,1,2,6,0,2,1,1,0,0,0,4,0,0,1,0,0,0,0,1,1,0,2,0,35,255,170,0,0,4,0,0,0,0,1,0,1,1,0,0,0,1,1,0,2,0,0,0,0,1,5,0,115,253,170,2,4,5,0,4,2,0,0,1,0,4,0,4,2,2,0,0,1,0,4,2,0,4,1,1,43,251,169,0,0,0,0,1,0,0,0,0,0,0,0,0,0,0,3,0,1,4,0,0,0,1,0,4,29,255,167,1,0,3,0,1,0,2,0,0,2,4,1,0,0,1,0,0,1,0,0,2,3,0,1,1,26,252,167,2,1,2,1,0,0,1,0,2,5,0,0,2,0,0,0,1,0,0,0,0,0,0,3,3,26,254,198,9,0,0,1,0,0,0,0,4,2,0,3,0,3,0,0,0,0,0,2,0,0,0,0,0,28,252,253,30,0,0,0,0,0,0,3,5,0,0,0,0,0,0,1,2,1,0,2,4,0,2,2,0,33,253,255,29,2,0,1,1,0,0,1,1,0,0,0,0,4,0,0,0,2,0,3,0,0,2,0,1,21,239,251,53,0,2,0,1,1,0,0,0,1,0,1,0,2,0,0,4,0,0,0,0,0,0,3,0,2,170,251,53,3,3,3,4,2,0,0,4,2,0,0,2,4,1,0,3,0,1,0,2,1,0,3,1,0,172,255,26,0,2,2,4,0,4,0,0,0,1,0,0,0,1,1,3,0,0,0,1,0,2,0,0,0,0,0,1,2,4,0,2,7,0,1,0,2,5,0,1,0,0,0,0,0,0,0,3,1,6,1,0,0,1,0,0,0,1,0,2,0,0,2,4,1,0,0,1,0,0,0,0,1,0,3,3,0,1,0,1,2,0,0,0,4,2,3,0,0,1,0,2,1,0,0,4,0,2,0,3,0,1,0,1,4,0,0,0,0,0,1,0,6,0,4,1,0,2,1,0,0,4,0
2,0,0,2,0,3,2,0,0,2,2,0,0,0,2,7,3,4,2,0,1,3,4,2,0,1,0,0,1,0,0,0,0,2,2,0,3,0,3,1,0,2,2,1,0,0,0,0,0,0,0,0,0,0,0,0,0,3,0,4,0,5,0,0,0,0,0,0,1,1,4,0,1,2,0,0,0,4,1,3,3,6,2,0,0,2,0,2,0,0,0,0,0,0,0,0,0,0,3,1,0,0,0,1,1,1,0,0,3,0,0,0,3,1,2,1,0,2,0,0,3,0,0,0,0,0,0,2,6,0,0,0,0,0,0,1,5,0,0,0,2,0,0,0,0,2,2,3,0,0,0,0,0,0,0,0,0,0,0,3,0,0,0,2,0,0,0,0,1,0,1,1,1,1,0,1,0,1,4,2,2,1,4,0,0,0,1,0,0,0,2,5,81,141,0,0,0,2,2,0,2,1,1,0,0,0,6,0,0,0,0,0,1,3,0,3,0,0,6,159,178,36,0,1,1,1,1,2,0,2,3,0,0,1,1,0,11,146,183,0,3,0,6,3,1,7,156,187,20,1,2,0,0,2,2,0,0,0,1,1,0,0,0,115,222,253,132,0,3,0,3,0,2,161,205,19,0,0,1,2,0,0,0,2,0,0,1,0,0,36,208,246,184,180,0,2,4,0,3,3,99,244,31,0,0,0,2,1,0,0,1,0,3,0,4,7,108,234,170,25,55,30,0,0,2,2,0,132,245,79,1,0,0,0,3,0,0,4,0,0,1,0,3,151,247,108,4,0,0,0,0,1,6,4,55,245,96,3,0,0,0,2,4,2,0,2,0,0,1,0,131,241,61,2,1,0,0,5,2,1,0,44,229,177,0,0,1,2,0,1,0,1,0,2,1,0,0,2,204,125,4,0,0,0,0,0,0,2,34,216,219,32,0,1,0,0,2,0,0,3,3,0,1,0,0,0,240,182,54,0,11,3,0,49,109,142,237,222,30,0,2,3,1,2,0,1,0,0,0,1,0,0,0,0,75,192,249,243,223,194,211,208,166,255,235,58,2,2,2,0,0,0,0,0,1,3,0,0,0,3,3,0,1,0,23,27,14,9,6,0,139,242,105,1,0,4,2,2,0,3,0,1,2,0,1,0,4,0,1,0,0,0,0,0,0,4,0,118,242,125,4,1,2,2,0,1,0,0,0,0,1,3,0,0,0,0,4,1,1,0,0,1,1,0,103,247,134,1,0,1,3,0,1,0,3,0,1,2,0,2,5,0,0,0,0,0,0,0,0,0,0,28,246,145,2,0,0,0,0,0,0,0,0,4,1,2,2,2,0,3,3,1,2,1,0,0,3,0,0,135,223,14,1,1,0,0,4,0,3,1,0,3,1,3,0,1,0,0,0,1,0,0,2,3,0,0,0,255,129,0,1,0,1,0,0,0,1,0,0,3,0,2,0,1,0,1,0,3,0,0,0,3,0,0,5,174,20,0,0,0,2,3,1,4,0,0,2,0,1,0,2,0,0,2,0,2,0,1,0,3,0,0,0,0,2,5,1,0,0,0,0,3,0,0,0,0,0,2,1,0,0,0,3,4,0,0,0,0,0,0,2,0,0,0,0,2,1,0,0,2,0,0,1,1,1,0,1,2,0,2,1,0,1,0,0,3,4,0,0,4,0,0,0,0,3,0,1,0,3,0,0,5,0,4,1,0,2,2,3,0,0,0,0,0,4,0,5,2,1,3,0,2,2,0,0,0,0,1,0,0,1,1,0,0
0,0,0,1,0,0,2,0,4,0,0,3,0,0,0,0,0,0,1,5,0,0,1,0,1,0,0,0,1,0,3,0,0,2,0,0,1,2,0,3,0,3,0,0,0,3,0,0,0,0,0,0,0,0,0,0,0,0,0,0,2,0,0,0,0,0,0,0,0,0,1,0,0,0,2,0,0,1,0,0,2,0,1,0,0,0,0,0,4,0,0,0,0,0,0,1,0,1,0,0,0,1,4,0,0,2,0,1,0,3,1,0,0,0,0,0,0,3,0,0,0,0,1,19,70,153,212,255,255,253,255,252,88,30,0,1,0,0,3,0,3,0,0,0,1,1,1,4,0,0,44,224,252,254,252,253,233,150,253,253,248,195,1,2,0,5,2,0,3,0,0,1,1,3,0,3,0,19,255,253,202,163,44,0,0,0,1,0,94,251,232,28,1,2,0,1,0,0,0,0,0,2,0,0,15,198,255,171,0,4,2,0,2,0,4,0,7,172,251,46,3,0,4,0,1,4,0,0,1,6,0,0,113,231,40,0,0,0,0,0,0,2,2,0,4,102,254,113,3,1,0,0,2,0,0,0,0,2,2,0,232,195,2,3,2,4,0,1,0,2,1,0,0,105,253,148,1,0,5,0,0,0,4,1,0,1,0,1,82,202,1,1,0,0,1,0,2,0,2,3,0,163,255,92,2,2,0,6,2,1,1,1,0,1,0,1,4,3,1,0,0,0,1,0,0,4,0,2,41,239,254,48,0,0,0,0,0,2,2,4,2,1,0,0,0,0,3,2,2,5,0,1,1,1,0,0,134,252,122,0,3,0,0,0,2,3,2,1,0,0,0,0,3,0,3,0,1,1,0,1,0,0,1,81,254,254,0,2,2,1,0,3,2,3,0,0,2,0,1,2,1,0,0,0,1,0,2,0,0,0,52,232,242,81,2,0,0,2,1,1,1,0,0,0,2,0,0,0,0,2,0,2,1,1,2,0,0,82,234,214,80,0,2,0,0,0,2,0,4,0,2,0,0,3,0,0,2,2,1,4,0,0,0,1,68,231,243,80,0,1,3,0,0,4,4,0,4,0,4,0,4,0,0,1,2,6,3,0,0,0,1,78,255,250,84,1,1,1,0,0,1,0,0,0,0,2,0,4,0,2,0,0,0,1,2,0,3,23,130,253,243,82,1,0,2,0,0,3,3,2,2,0,0,5,0,0,0,79,97,145,103,17,1,0,65,202,254,212,39,0,0,3,5,0,0,0,3,0,0,0,0,0,0,0,54,234,255,254,253,255,254,175,248,250,199,0,0,2,0,0,0,0,0,0,2,0,2,1,3,0,0,1,148,255,230,69,94,254,250,251,255,255,244,202,204,201,165,0,0,1,0,1,0,0,0,0,0,0,2,4,93,252,255,252,252,253,244,201,61,140,206,204,139,104,4,0,0,2,0,0,0,1,0,0,2,0,1,0,12,133,217,251,231,110,41,1,0,0,0,1,0,0,0,0,0,0,3,0,0,1,5,0,0,1,0,3,0,3,0,1,4,2,0,1,0,0,1,2,1,5,2,0,1,0,0,1,0,2,0,0,2,0,0,2,0,0,0,4,0,1,0,0,1,0,0,0,2,1,2,0,0,0,4,0,0,2,2,0,5,0,0,3,2,1,0,0,4,2,3,0,2,0,1,3,3,0,0,2,0,0,0,3,4,1,0,0,4,1,0,0,0,0,0,0,0,0,0,0,0,0,1,0,1,0,2,0,4,0,2,4,0,1,0,2
0,3,0,0,1,2,0,2,1,0,0,1,0,1,0,0,1,0,0,0,0,0,0,0,0,3,2,0,0,2,0,2,0,0,1,0,0,1,1,0,0,2,0,0,0,4,1,0,3,4,1,1,0,0,2,0,0,1,2,0,1,1,5,1,6,2,3,1,2,0,0,2,1,0,0,0,0,0,0,0,0,0,1,0,3,0,3,0,1,0,0,1,0,0,0,0,0,0,1,0,1,0,1,4,0,3,0,2,1,2,0,2,2,0,0,3,1,2,2,0,0,2,0,2,2,0,0,0,2,2,0,0,0,2,0,1,2,0,0,0,0,2,0,2,0,0,0,0,1,0,2,0,0,2,0,2,0,1,0,0,0,0,1,0,3,3,2,0,1,0,0,0,0,0,1,0,2,0,0,0,33,123,125,214,164,44,4,0,0,1,3,0,1,2,3,0,3,0,2,1,0,0,0,1,0,43,120,221,251,253,171,160,255,155,0,1,2,0,0,2,0,1,1,0,1,1,0,1,0,0,4,44,226,244,254,251,227,50,4,43,253,252,153,0,0,0,2,2,0,3,2,1,0,0,2,0,1,0,41,229,254,250,255,131,12,0,2,6,176,254,230,1,0,0,0,2,0,3,0,4,3,0,1,0,3,0,106,255,255,177,22,8,0,1,0,0,171,255,227,1,0,4,1,0,0,0,0,0,0,4,3,0,0,1,109,250,253,101,0,0,2,0,0,14,199,254,229,0,0,5,1,2,4,3,0,2,0,0,0,0,1,1,17,189,252,200,17,0,0,3,5,49,254,255,229,0,0,4,2,0,0,0,2,0,0,0,0,0,1,1,0,15,231,253,216,108,145,76,111,221,255,255,228,0,1,1,0,0,0,0,0,0,0,0,0,0,0,0,0,1,90,243,251,253,255,253,251,253,255,255,121,2,0,4,0,0,1,0,0,0,2,1,0,0,0,1,0,0,0,94,189,187,187,191,193,235,255,226,21,2,0,0,0,0,0,0,3,0,1,0,1,3,1,2,0,0,0,0,1,0,2,0,3,173,253,225,0,2,0,0,0,0,2,0,3,0,4,4,0,0,0,5,1,2,1,2,0,0,2,1,0,177,252,219,0,2,4,0,0,0,3,1,0,0,0,1,0,0,2,0,2,3,2,2,2,0,0,1,0,173,254,222,1,0,0,0,0,0,0,1,0,0,0,4,1,0,0,2,0,0,0,0,0,0,3,1,2,173,255,221,1,0,0,0,0,2,0,0,1,0,2,0,2,0,1,0,0,1,0,3,2,1,0,0,0,177,254,220,1,2,1,0,2,0,4,0,0,0,0,4,2,0,0,0,1,0,1,3,3,0,0,2,35,225,253,221,1,2,0,5,0,1,1,0,0,1,3,0,2,0,3,3,2,1,1,0,0,4,1,0,51,253,255,142,3,4,0,2,2,1,0,0,0,5,2,1,0,0,2,0,0,2,0,0,0,4,0,0,60,255,255,95,0,0,2,2,0,0,0,1,2,2,0,0,2,0,0,0,1,3,1,0,0,0,0,0,178,253,252,89,3,0,0,0,0,1,0,3,0,0,3,2,0,0,0,5,0,0,0,2,2,0,2,2,24,150,236,46,2,0,1,3,1,0,0,0,0,0,2,0,0,1,0,2,0,1,0,0,0,0,0,0,0,0,0,1,2,0,2,2,0,3,0,0,2,0,1,0,1,0,0,0,4,0,1,0,2,1,4,0,4,0,2,0,2,2,0,0,0,0,0,0,1,0
0,0,0,3,4,0,3,1,0,3,0,1,2,1,1,0,5,0,0,0,0,0,0,5,0,0,2,0,1,0,0,3,0,0,3,0,0,0,2,0,0,0,0,0,1,2,1,0,0,1,2,2,1,2,5,2,1,0,0,0,0,1,0,0,1,0,1,0,2,2,0,0,3,0,5,0,0,0,2,1,5,4,3,1,0,0,0,0,4,0,0,42,61,132,232,153,20,0,3,1,1,0,0,5,0,0,0,0,1,0,0,2,0,0,2,0,0,0,44,244,253,254,255,250,232,222,136,19,0,0,0,1,1,0,1,0,0,0,3,0,2,4,0,0,0,3,56,250,254,253,253,251,251,255,255,207,8,0,5,0,2,0,0,0,0,0,2,3,0,0,0,1,0,3,1,156,147,97,9,128,195,227,254,255,173,0,0,0,0,0,2,1,0,0,0,2,0,0,1,3,1,1,0,1,0,1,4,0,0,37,187,252,251,100,1,0,1,0,0,0,0,4,3,1,2,0,4,0,0,0,0,3,0,2,2,0,5,0,38,226,252,246,28,0,0,0,0,1,0,0,0,1,0,2,0,0,0,0,2,1,4,2,0,0,0,0,2,62,247,254,221,15,0,0,4,1,0,0,0,1,2,3,2,3,0,0,0,2,0,0,0,0,0,2,0,0,191,255,255,25,0,0,0,1,0,0,0,0,0,0,0,1,0,0,0,0,0,0,0,1,0,0,2,2,71,255,252,24,0,0,0,0,0,0,0,1,0,0,0,0,0,0,1,4,0,1,0,0,0,1,1,1,46,252,254,24,0,1,2,0,0,3,2,3,0,1,0,0,3,3,0,3,2,0,0,0,0,0,1,0,119,255,251,19,0,0,3,2,0,0,1,0,0,0,3,0,0,2,0,0,3,2,0,0,0,0,0,0,204,255,178,0,2,0,0,0,1,3,1,2,2,0,0,0,2,0,0,0,4,0,2,0,1,2,0,9,240,253,128,2,2,0,2,0,0,0,2,0,4,0,0,0,0,0,0,0,0,3,0,0,0,0,0,120,255,252,51,0,0,0,0,0,0,0,0,0,3,0,1,0,3,1,0,2,0,0,70,119,169,129,173,254,255,243,0,4,4,0,0,1,1,0,4,3,0,1,3,0,3,0,0,0,3,104,251,251,251,251,255,253,255,250,74,4,0,2,0,0,3,0,2,2,2,2,0,0,0,1,5,0,25,254,254,255,253,255,255,255,251,254,252,137,0,1,0,3,0,6,0,2,0,0,2,0,0,0,2,3,27,249,254,255,254,255,255,255,255,253,255,254,184,1,0,4,4,0,3,0,0,3,0,0,1,0,0,0,13,193,248,253,255,255,222,95,46,127,243,255,255,84,0,3,0,3,0,0,0,2,1,0,0,5,1,0,0,0,67,142,158,72,11,0,2,0,45,237,253,89,2,0,4,0,1,0,0,2,4,0,0,0,0,0,1,0,0,0,0,0,0,0,0,3,2,0,0,1,0,3,2,3,0,0,0,0,1,0,0,0,1,0,1,0,6,0,2,4,4,1,0,2,3,0,0,0,4,3,2,0,0,2,1,0,0,0,0,1,0,1,0,0,0,4,1,1,0,4,0,0,0,0,4,2,0,1,2,2,2,2,1,4,2,0,1,0,0,0,0,1,0,1,0,3,0,0,1,4,3,0,0,2,3,0,0,2,0,0,1,2,0,1,2,2,3,1,0,0,2,0,0,0,1,0,3,0,0,0,0,2,0,0,2,0,0,0
0,0,0,3,1,0,4,0,2,0,0,1,1,0,0,2,6,0,5,2,0,0,2,3,0,1,1,0,0,0,0,2,2,0,0,1,0,0,4,2,2,3,0,1,1,1,6,0,0,0,0,0,0,1,0,3,0,0,0,0,2,2,1,0,0,0,0,0,1,0,0,0,5,3,0,1,0,1,0,0,0,1,0,1,0,0,2,3,0,2,2,0,0,0,0,0,2,1,1,2,5,1,0,1,1,0,3,0,0,1,0,4,0,2,2,0,0,0,0,0,4,140,228,50,14,200,254,216,136,31,5,1,4,0,0,5,2,0,2,2,0,0,1,1,4,0,0,2,0,68,253,251,164,251,255,250,253,249,200,36,0,0,2,0,0,0,0,0,0,0,1,1,2,0,0,0,1,119,252,253,255,106,55,61,55,117,227,212,57,0,0,0,0,0,3,0,1,0,0,0,0,0,0,1,0,191,250,78,29,4,0,3,0,0,20,206,191,4,1,0,2,0,0,0,1,1,0,1,1,1,2,0,112,255,247,50,0,0,0,0,2,0,0,128,252,123,2,4,1,0,0,1,0,2,2,4,3,0,0,19,198,255,119,0,0,1,1,1,0,2,0,4,198,227,0,0,0,0,0,1,3,0,1,1,0,0,0,127,250,250,80,1,0,2,1,0,0,0,2,0,111,246,68,0,0,2,0,5,1,3,0,0,0,2,1,200,255,230,11,0,3,0,0,0,1,1,0,0,111,252,82,0,1,0,3,0,0,0,0,0,3,3,0,201,255,162,2,0,0,0,1,4,1,3,0,3,112,253,200,10,0,2,0,0,0,0,0,1,0,0,0,199,251,114,0,0,1,0,2,0,3,0,0,0,110,255,252,54,2,3,0,0,0,0,0,0,1,0,45,242,252,25,2,0,1,1,0,2,2,0,0,0,115,253,252,56,0,0,0,3,0,1,0,3,0,3,54,255,254,0,0,0,0,0,0,3,2,3,1,0,115,252,250,60,0,0,0,1,0,0,2,0,0,2,50,252,140,4,3,2,1,1,0,0,2,0,1,0,127,255,249,51,0,1,0,0,1,2,0,1,2,0,0,201,137,0,0,2,0,0,0,0,0,0,3,88,240,250,171,3,4,0,0,0,0,1,0,0,0,1,0,195,230,37,0,0,1,1,0,0,0,0,19,218,255,242,54,0,1,0,0,1,0,5,0,0,0,0,1,96,249,162,0,0,3,0,1,1,0,14,192,251,247,224,1,1,0,1,0,0,3,0,0,2,0,0,2,0,161,240,68,5,5,0,2,8,81,200,251,254,189,53,3,1,0,2,0,0,0,0,1,0,0,1,2,3,36,226,255,102,57,69,171,197,255,252,255,205,57,1,0,0,0,0,0,0,0,0,0,0,1,0,0,0,0,41,224,252,248,250,251,249,251,254,196,41,0,2,0,0,0,0,0,4,1,3,0,0,0,0,2,0,0,0,18,66,193,254,252,253,151,77,8,0,0,2,0,0,1,2,0,0,0,0,0,2,2,2,0,0,3,5,8,0,0,0,0,2,0,0,1,0,0,0,0,1,1,0,0,2,0,0,0,0,0,0,0,0,0,5,3,0,0,1,0,0,4,0,2,1,2,0,0,0,0,3,4,0,0,3,4,2,5,2,0,0,0,0,4,0,3,0,0,0,1,2,0,1,0,0,3,2,3,3,2,0,0,0,3,2,0,0,0,0,2,2,3,0,0,0,0,0,2,0,1,0,0,0,0,1,0,0,2,0
0,0,2,0,0,4,0,0,0,0,0,0,4,3,0,0,0,2,0,0,0,0,3,1,0,0,0,0,2,0,0,0,2,0,0,0,0,0,6,0,0,4,1,0,0,1,2,1,0,3,0,0,0,1,4,0,0,1,0,3,0,0,0,3,3,2,1,0,0,0,1,1,0,3,3,0,0,0,1,0,0,1,0,3,3,1,0,2,0,0,0,0,0,0,1,1,0,0,0,0,0,0,1,0,0,2,0,1,0,0,0,0,4,1,4,2,2,1,0,0,168,252,20,2,0,0,0,0,2,0,2,3,0,0,0,1,1,0,0,0,0,1,1,2,0,0,0,0,173,252,55,3,0,0,0,0,0,159,157,2,0,0,0,4,3,0,0,3,0,0,0,0,0,0,0,3,246,254,125,0,2,2,1,0,58,249,212,0,0,1,1,0,1,0,2,2,0,0,0,0,2,1,1,0,252,253,131,0,0,0,0,2,92,253,183,1,0,0,0,2,2,0,0,1,0,0,2,2,0,0,0,4,254,253,82,1,1,0,0,11,206,248,106,1,1,0,0,0,0,4,1,1,5,2,0,0,0,0,4,2,252,252,19,0,3,1,3,0,170,252,108,4,0,0,0,0,1,2,1,0,1,0,0,0,1,2,0,0,253,249,21,0,0,1,4,0,169,255,104,5,0,1,0,2,0,0,0,0,0,0,0,4,3,3,0,0,255,253,23,0,2,0,1,1,170,251,107,0,0,1,2,0,0,5,0,0,3,0,0,0,1,4,2,0,249,253,22,0,0,1,1,13,223,253,103,50,32,1,1,0,0,1,2,2,3,1,0,4,0,4,0,0,250,250,19,0,4,0,1,152,251,254,234,239,230,208,126,90,2,0,0,1,0,0,1,0,0,1,1,0,250,253,80,1,17,149,227,253,253,252,249,221,211,238,250,255,249,157,67,1,1,0,0,1,1,6,2,0,250,254,126,83,216,254,253,251,253,249,109,18,0,40,59,166,234,254,236,67,0,3,5,0,0,0,2,2,197,250,247,250,250,255,203,179,249,253,4,0,1,0,2,4,14,73,170,30,0,0,3,0,0,1,0,0,179,255,254,254,255,130,20,51,252,250,1,2,0,3,3,4,1,0,0,1,1,1,3,0,0,3,1,2,254,249,255,229,56,1,2,130,255,251,0,0,0,0,0,1,2,1,0,3,1,3,3,0,0,2,3,4,88,255,166,0,0,0,3,113,250,251,0,0,0,0,0,2,0,0,0,0,0,0,1,0,0,3,1,0,14,65,34,1,1,1,1,55,254,251,0,0,2,1,0,0,0,0,2,0,0,5,0,1,0,4,1,1,0,0,3,1,0,1,1,75,249,253,0,0,0,0,2,0,0,1,0,2,0,1,0,3,0,0,1,0,0,2,0,2,0,1,0,22,253,248,3,0,0,0,1,5,2,0,1,5,0,0,2,0,3,0,0,3,0,0,0,1,3,2,2,4,178,253,2,0,1,0,2,1,0,2,1,0,1,2,1,4,0,1,0,4,0,0,1,0,0,0,2,2,0,0,1,0,0,0,0,0,3,2,0,2,0,0,0,2,1,0,0,1,0,0,0,3,1,0,0,0,0,0,3,0,0,4,0,0,0,4,0,0,0,0,2,0,0,0,0,0,0,1,4,0,3,5,0,1,0,1,2,3,0,1,0,3,0,2,0,0,0,0,1,0,0,0,0,0,0,2,2,0,0,0,0,0,0,0,0,1,2,0,2,0,0,2,0,1
0,3,3,0,0,0,2,0,2,0,7,0,0,0,3,0,1,0,1,2,1,1,0,0,2,1,0,2,0,0,0,0,0,0,2,4,0,0,0,7,2,0,4,0,1,0,2,0,0,0,0,1,0,0,0,3,1,0,3,0,0,3,3,0,0,1,0,1,1,0,0,1,0,1,1,2,0,0,1,0,2,0,3,3,0,2,0,0,1,0,1,0,1,0,0,1,0,0,2,0,0,1,5,3,0,1,3,0,0,1,2,0,5,0,3,0,0,2,1,0,0,0,0,0,1,0,0,0,0,0,0,0,0,0,1,0,1,0,0,1,0,0,0,0,0,0,2,1,0,0,1,0,0,4,2,0,3,1,0,3,2,1,1,0,1,1,0,3,0,0,2,0,0,0,6,1,0,0,1,0,82,240,255,254,153,6,0,1,2,0,0,2,2,4,3,0,0,0,0,1,0,0,0,0,2,0,1,116,255,232,109,162,250,101,0,0,0,2,1,0,0,0,0,2,0,0,4,0,5,0,0,0,1,4,53,255,216,47,0,0,189,246,14,0,4,0,1,0,0,0,1,5,2,2,0,4,0,3,0,0,0,0,181,247,32,1,0,2,74,252,180,0,2,0,3,4,2,1,0,1,1,0,2,0,0,0,2,0,4,82,252,124,3,0,2,16,197,255,233,2,1,0,1,0,0,3,0,1,2,0,1,0,0,1,0,0,0,153,254,59,0,0,37,222,254,255,234,0,2,1,0,0,4,2,0,2,1,0,0,0,0,1,0,0,0,231,220,0,10,149,237,233,167,255,232,0,1,0,0,0,0,0,0,4,0,2,3,0,0,1,1,0,0,234,205,128,237,250,178,33,239,243,195,0,0,0,4,0,2,0,1,2,0,2,0,5,0,3,6,2,0,226,255,254,239,123,10,137,255,96,2,2,5,0,1,2,0,1,0,0,0,0,0,3,0,2,2,0,4,136,214,150,33,0,0,228,255,3,1,0,0,1,0,0,3,2,0,0,1,1,2,0,3,0,3,1,0,2,3,6,0,1,58,249,171,1,0,0,1,0,0,0,1,1,1,0,0,0,2,1,0,0,0,4,0,1,0,0,0,0,176,254,24,0,1,2,0,0,3,2,0,4,0,0,2,0,1,0,0,1,0,0,3,2,1,0,0,24,239,210,4,0,0,0,0,1,0,0,0,1,4,2,0,0,2,1,0,0,2,3,0,2,0,0,0,171,252,110,0,0,0,1,0,0,0,2,0,0,1,2,2,2,1,4,0,3,0,1,0,0,0,0,4,209,232,16,0,0,0,0,0,1,2,5,1,0,2,0,0,2,0,0,0,0,1,0,0,1,0,1,124,252,151,0,1,0,0,1,0,1,0,0,1,0,4,3,0,0,6,0,3,0,0,0,0,0,0,5,218,248,36,1,1,1,0,0,0,0,0,0,0,1,2,1,1,0,0,0,0,0,0,2,0,0,0,60,252,176,4,0,1,4,2,0,0,2,0,0,3,0,0,2,0,0,0,0,3,0,0,6,0,0,1,164,253,235,25,0,0,0,2,5,3,0,0,1,0,2,0,0,3,2,0,0,3,3,0,0,0,2,3,103,255,135,1,0,1,2,1,0,0,0,1,1,0,3,0,0,1,0,0,0,3,0,4,0,4,5,0,0,0,0,0,0,3,1,0,0,0,3,0,0,0,0,0,0,3,0,1,0,0,0,0,0,0,0,0,2,2,0,0,0,0,0,2,4,4,3,3,0,0,1,0,2
1,2,0,2,0,2,0,0,0,0,0,0,0,1,0,2,1,4,0,1,0,0,1,2,0,2,4,0,0,0,2,4,0,6,1,5,1,0,0,1,0,0,0,3,0,0,1,2,0,5,0,3,0,0,0,1,0,1,0,2,0,0,0,7,0,1,0,0,0,1,0,0,0,0,0,1,1,2,2,0,0,0,2,0,1,1,0,2,0,4,1,0,1,1,6,1,2,1,0,0,1,0,0,0,0,0,0,0,3,0,1,0,0,0,0,1,1,1,1,2,0,0,0,0,0,4,1,2,4,2,3,2,0,1,0,5,0,0,0,1,0,0,0,1,0,0,0,2,0,0,0,3,0,81,253,126,0,0,0,1,0,2,0,2,0,1,0,0,0,0,0,0,0,0,0,0,0,0,1,3,2,219,255,160,1,0,4,2,4,1,0,1,0,0,1,3,5,0,1,3,0,0,0,0,3,0,0,0,0,219,253,126,0,0,4,0,0,0,2,0,0,0,0,0,0,0,2,2,0,0,0,2,0,2,0,0,1,220,254,128,0,1,5,0,2,1,3,0,0,3,1,3,1,0,1,4,0,4,0,1,2,4,4,0,5,225,255,182,0,3,0,2,0,4,0,0,0,0,1,0,0,0,1,2,0,0,0,4,4,1,1,0,0,194,255,137,0,1,0,2,1,0,3,0,1,0,0,0,0,1,0,2,3,2,1,0,0,0,0,0,0,196,255,122,0,0,0,0,1,6,2,2,0,0,4,0,0,0,0,1,0,4,0,0,0,1,0,0,0,217,254,129,0,0,0,2,0,0,0,0,2,0,1,0,0,1,1,0,0,0,1,0,0,2,0,0,0,144,253,186,0,0,3,0,0,0,2,4,0,1,0,0,3,0,1,0,0,2,1,0,1,1,1,0,0,132,255,128,0,4,2,2,3,2,7,1,0,0,1,0,0,2,0,0,0,0,4,0,2,0,3,0,3,136,252,129,0,0,0,0,0,1,3,0,0,0,1,0,2,4,0,1,0,0,4,0,2,1,0,1,2,134,255,191,0,0,0,0,0,0,0,4,2,0,0,2,0,1,0,2,2,0,0,0,1,0,1,0,0,133,255,131,2,0,0,0,0,1,0,0,4,0,0,2,0,0,0,0,2,0,0,4,0,0,2,1,0,133,253,170,0,0,2,4,0,1,1,0,2,2,0,0,3,0,1,0,0,1,2,2,3,2,0,0,0,97,254,219,3,0,0,0,0,2,0,3,0,0,0,3,1,1,0,0,0,0,0,1,0,0,0,0,1,31,241,252,47,0,0,1,0,1,0,1,4,2,1,0,0,0,0,1,0,0,0,0,0,0,0,2,0,0,218,255,47,0,3,3,2,0,2,2,2,0,4,3,1,0,0,0,0,3,1,2,3,0,0,0,3,0,183,252,52,0,0,0,1,1,0,0,0,0,0,6,0,1,1,0,0,0,0,0,2,0,1,0,0,0,132,251,71,0,5,0,1,3,2,0,0,0,4,0,1,0,0,0,4,0,0,1,0,0,1,3,0,0,88,169,33,0,2,0,2,0,2,0,3,4,3,0,0,1,0,0,1,1,0,1,1,0,4,2,0,1,1,1,0,0,0,0,1,0,0,2,0,0,3,5,0,0,0,3,0,0,4,2,0,0,2,0,0,0,4,1,0,0,0,0,0,2,1,2,0,0,3,0,6,0,2,4,3,1,1,0,1,0,7,0,1,0,2,1,0,0,2,3,0,1,2,1,0,0,0,2
0,1,0,3,1,1,0,0,1,0,0,2,2,0,3,0,0,0,0,0,0,0,0,3,0,2,1,0,0,0,2,0,1,0,0,0,3,0,0,0,0,0,0,1,2,1,0,0,0,0,0,0,0,0,0,0,0,0,3,0,0,0,1,0,0,0,0,0,0,3,1,3,0,0,0,2,0,3,2,2,0,0,1,0,2,0,2,3,1,0,2,0,0,0,0,3,1,0,0,1,1,0,2,4,6,0,1,0,4,0,3,0,1,2,0,0,0,1,0,0,0,0,1,0,1,1,2,1,3,1,3,11,132,191,34,0,1,1,0,3,1,0,0,0,0,3,3,0,2,0,0,4,3,21,22,1,0,0,40,173,254,213,7,2,0,3,1,2,2,1,0,0,0,0,0,2,1,0,2,1,2,253,252,1,0,4,124,255,253,39,4,0,0,2,0,1,0,0,0,0,2,6,0,0,0,0,0,3,122,235,147,0,0,37,248,255,171,0,0,3,2,0,2,1,0,0,0,0,1,0,0,0,0,0,2,116,255,203,2,0,0,152,252,223,15,0,2,0,0,1,0,0,0,0,6,0,3,2,4,1,0,0,40,234,249,120,0,0,4,192,254,203,4,0,0,0,2,0,0,0,0,0,0,0,0,0,2,0,0,6,213,255,170,0,0,4,84,254,251,81,0,0,0,0,0,0,1,0,0,5,0,0,0,0,0,1,0,129,248,174,10,1,1,0,203,253,172,0,0,0,0,3,1,4,2,2,3,0,0,4,4,5,0,0,22,255,253,84,1,0,2,30,233,253,90,2,0,3,0,1,0,0,1,3,0,0,1,0,0,6,0,19,202,254,131,0,0,0,0,176,249,217,9,0,5,0,2,2,4,0,0,6,0,3,0,0,4,0,0,47,253,205,20,0,0,2,0,252,252,101,0,0,0,1,0,5,2,3,0,4,0,0,0,0,0,2,0,88,254,220,206,143,102,42,81,251,248,62,0,2,3,0,1,0,4,0,0,3,1,0,0,0,1,5,0,90,250,255,248,255,251,254,255,254,192,0,6,0,1,1,2,0,0,0,0,0,2,0,3,0,0,3,0,10,47,52,132,174,247,250,255,254,234,103,19,0,0,0,0,3,0,0,4,4,2,0,0,3,0,0,4,0,0,1,0,4,104,254,254,253,252,252,215,211,128,0,2,1,3,2,0,4,2,0,0,2,0,0,0,0,0,0,0,1,145,253,252,51,128,215,252,252,252,0,1,2,0,0,0,1,3,0,0,0,0,0,0,1,0,0,2,0,203,255,153,1,2,0,42,101,62,0,1,3,5,2,1,0,0,0,3,1,0,2,2,0,1,0,0,37,244,249,71,1,0,5,0,1,0,0,1,0,1,0,1,2,0,0,2,2,0,2,0,0,3,0,0,41,242,255,70,0,0,0,0,0,1,0,1,0,0,2,0,0,0,2,2,0,3,0,0,0,0,1,1,0,123,233,93,0,0,1,3,0,4,3,0,3,4,0,0,0,1,0,0,0,0,1,0,1,3,0,0,0,1,0,0,0,0,0,0,2,1,0,1,0,0,2,0,0,2,0,0,0,0,3,2,0,6,2,2,2,4,0,5,1,0,0,1,2,4,3,0,2,0,3,0,1,3,0,3,0,0,1,3,0,0,0,2,0,0,0,0,2,3,2,6,1,1,0,3,0,2,1,0,1,1,1,5,0,1,0,0,0,0,0,0,0,3,0,0,0,0,0,0,0,1,4,2,0,0,0,0,0
0,1,0,1,3,2,4,0,0,1,2,0,0,0,0,1,1,0,0,0,3,0,4,0,0,0,0,0,2,5,2,0,0,0,2,0,0,1,7,1,1,6,1,0,2,0,0,0,7,4,0,1,0,2,1,0,1,0,0,0,2,3,0,1,0,3,1,0,0,0,0,0,2,0,0,0,2,2,0,0,4,2,0,3,4,2,1,0,1,0,3,0,0,0,2,0,0,0,0,0,0,0,0,1,4,0,0,1,0,2,6,0,5,1,0,0,0,0,0,0,0,0,4,0,4,0,0,0,1,0,0,0,1,4,0,1,0,0,2,1,2,1,2,4,0,2,0,0,1,20,75,193,252,255,231,232,123,0,3,0,2,3,0,1,0,1,0,0,0,2,4,0,2,0,1,0,19,201,255,253,127,49,134,249,244,162,0,0,0,1,2,2,0,2,1,0,0,0,0,1,1,0,0,1,216,233,123,3,0,1,2,41,235,233,0,3,0,0,0,1,0,1,0,0,2,0,0,0,0,0,2,123,253,152,0,0,0,1,0,3,26,26,67,184,84,0,1,1,0,2,0,0,1,3,4,0,0,0,0,203,250,50,1,0,1,0,0,2,0,20,252,253,79,0,0,0,2,0,2,3,2,0,0,0,7,0,1,200,251,49,0,0,0,0,2,0,42,220,253,87,0,0,0,0,3,0,0,2,4,1,1,2,3,0,0,206,253,153,2,0,0,0,5,61,214,254,126,0,0,0,0,0,0,2,0,6,0,0,4,0,0,0,0,121,249,233,123,2,2,0,0,185,255,132,2,0,0,0,0,2,3,0,1,0,0,1,2,1,2,0,2,3,171,250,255,169,0,0,157,254,185,0,0,0,0,1,0,0,0,3,1,0,4,0,1,5,1,1,0,0,11,176,254,255,182,104,233,213,21,0,0,0,1,0,2,0,2,4,1,1,0,0,4,3,1,6,2,2,0,3,63,205,253,249,255,152,2,3,0,0,0,1,0,0,0,0,0,1,0,1,0,0,1,3,0,0,0,2,0,16,253,252,253,228,81,0,1,2,4,0,0,4,0,3,0,1,0,2,3,0,1,3,1,0,0,0,1,2,74,249,255,253,241,54,0,0,0,0,0,0,1,0,0,2,0,1,2,2,0,0,1,1,0,0,2,2,194,254,210,216,250,231,38,0,1,1,5,0,2,5,0,0,1,6,1,0,0,2,0,0,1,2,0,0,254,254,101,0,176,254,233,31,0,0,4,1,0,1,0,0,1,0,0,1,3,0,0,3,0,1,0,2,252,253,19,3,5,211,252,52,0,0,3,0,0,1,0,0,1,1,0,0,4,3,2,4,0,0,1,0,255,253,19,0,30,230,254,47,0,0,0,1,1,0,2,1,3,0,1,3,2,0,0,4,1,0,0,0,254,249,163,143,171,251,234,33,2,0,1,0,0,1,0,0,0,0,0,0,3,5,0,3,2,2,4,1,19,204,255,255,252,245,141,0,1,0,0,0,0,2,0,0,1,0,1,1,0,0,0,0,0,0,1,3,0,16,172,212,152,110,21,0,0,0,0,4,0,0,0,2,3,3,0,5,0,0,1,3,0,0,0,1,0,2,1,0,0,0,0,2,0,0,0,1,0,0,1,2,6,0,0,0,0,0,0,3,0,0,1,0,0,1,0,0,0,0,0,0,0,1,0,0,2,0,0,0,6,1,0,3,0,1,0,4,1,2,1,0,0,4,1,1,0,0,0,0,0,0,2,0,5,0,0,2
0,0,1,0,0,0,3,0,2,0,0,0,2,0,0,2,1,1,0,0,0,2,0,0,1,0,0,0,1,2,0,2,5,2,0,4,2,4,0,1,2,0,0,0,2,1,0,0,0,0,0,0,4,6,0,0,0,0,1,1,2,4,0,0,0,1,0,0,1,2,1,0,3,0,1,0,5,0,0,0,4,0,1,0,0,0,1,0,2,0,0,3,0,2,2,0,0,0,0,2,0,1,0,0,2,1,1,0,0,0,0,0,1,2,0,1,0,0,1,5,0,0,1,0,1,2,0,13,195,194,1,1,1,1,4,0,0,0,1,3,0,1,0,0,0,0,0,2,0,0,0,1,2,0,0,95,242,83,8,0,1,3,0,1,0,0,0,0,0,0,3,0,2,0,0,1,0,0,0,1,0,3,2,139,252,85,0,0,0,2,2,0,0,0,2,6,0,0,4,0,0,0,0,0,1,3,0,1,0,0,77,255,233,0,0,0,1,0,0,0,0,0,0,3,0,2,0,0,1,0,3,0,1,0,0,2,0,2,161,253,229,3,0,2,0,4,2,1,0,1,0,5,3,1,3,0,0,1,1,4,0,0,0,0,0,10,207,254,178,0,0,0,4,0,0,0,2,0,0,1,5,2,0,0,1,0,0,0,0,2,0,3,0,39,255,255,57,0,0,0,0,5,3,1,0,2,7,1,1,0,4,0,1,0,1,0,2,0,0,1,0,125,251,225,10,4,0,1,0,0,2,0,1,2,0,0,0,6,2,3,0,4,0,3,2,5,0,1,0,224,254,164,0,1,0,2,0,0,0,2,0,0,1,1,0,3,4,1,0,0,0,6,0,0,0,1,2,235,254,161,1,2,0,1,2,0,2,0,1,0,0,1,0,0,0,1,0,0,0,0,0,0,0,4,32,239,255,161,3,0,0,0,3,0,1,0,0,0,0,1,0,2,1,0,4,0,1,2,0,0,0,0,95,255,255,60,1,0,0,0,2,1,2,0,1,4,0,0,1,0,0,0,2,3,2,0,0,0,0,0,198,255,220,15,0,0,0,0,1,0,1,0,0,0,0,0,2,2,0,1,1,2,7,0,0,0,0,1,196,255,200,3,3,0,0,0,0,1,0,0,5,3,2,0,3,0,0,0,3,1,1,1,3,0,0,48,249,253,96,0,0,3,4,3,0,0,0,0,1,0,0,1,0,1,0,0,8,0,1,1,0,6,0,46,255,254,94,0,3,0,0,0,2,0,0,0,2,0,0,2,5,1,0,0,1,0,2,2,1,0,1,50,254,255,91,0,0,0,1,0,0,0,0,0,1,0,0,5,0,1,0,0,0,1,0,4,1,0,0,52,251,253,91,3,1,1,1,1,2,1,2,0,1,1,0,4,1,0,0,0,0,0,0,0,3,0,0,54,252,254,204,114,0,2,0,1,0,1,2,2,0,0,0,1,2,2,0,0,2,0,2,1,0,0,0,7,154,252,181,48,0,0,0,0,0,5,1,0,0,0,0,1,2,0,0,0,1,2,4,0,5,0,0,2,2,0,0,3,0,0,0,0,3,1,0,4,3,0,0,0,0,1,3,0,0,0,0,0,0,0,1,1,0,0,0,0,0,0,1,1,1,0,0,1,0,0,0,0,0,1,0,0,2,1,0,0,0,3,0,0,0,2,0,0,0,0,0,0,0,1,4,0,3,0,0,2,1,0,0,3,1,0,1,0,2,0,0,3,0,1,0,0,0,0,2,1,1,0,0,3,0,1,0,0
0,0,0,0,1,0,0,0,3,0,0,1,0,0,2,0,5,2,0,3,1,0,0,3,0,0,0,0,0,0,0,0,0,0,1,0,1,0,0,0,0,0,2,0,2,0,0,2,0,0,0,0,0,1,0,0,0,2,3,0,2,0,0,0,0,5,0,4,3,6,0,0,3,0,1,1,0,0,0,0,0,0,0,0,5,5,0,0,0,0,0,0,0,0,0,0,5,0,3,0,2,0,0,2,1,0,0,2,1,1,3,2,1,0,3,0,2,5,4,3,0,1,2,0,6,1,0,0,0,0,6,0,1,2,1,1,1,2,1,1,0,6,0,0,0,2,0,0,0,14,105,155,172,219,153,156,151,68,4,0,2,3,2,1,4,2,0,0,2,3,0,3,3,2,3,0,103,225,250,255,228,224,210,243,246,251,182,17,0,0,0,0,0,0,4,0,5,0,0,1,0,0,0,15,232,235,176,89,6,0,0,4,23,101,252,155,0,1,1,4,0,0,0,0,0,0,0,0,0,1,0,114,248,58,0,2,0,1,0,0,1,2,61,217,0,0,2,0,0,3,0,0,0,0,2,0,0,0,1,99,236,0,0,0,0,0,3,0,3,0,4,202,0,4,0,2,0,0,2,1,1,2,1,1,0,0,2,62,252,85,0,0,1,0,0,0,0,0,8,204,0,0,0,0,0,0,0,0,1,5,0,2,0,0,4,0,182,204,9,0,0,2,0,4,106,0,103,193,1,0,0,4,2,0,2,2,3,0,0,0,0,2,2,2,57,195,221,24,0,0,44,204,164,15,237,72,0,1,2,0,4,0,1,1,0,1,0,3,0,0,4,0,0,47,212,231,44,37,191,111,1,90,179,16,0,1,1,0,0,0,2,1,2,1,2,0,2,0,0,0,0,0,14,137,234,233,145,1,33,235,70,0,0,0,3,2,3,0,0,1,1,0,0,2,0,3,0,0,1,3,0,2,241,255,166,23,62,194,0,4,0,0,0,1,0,0,0,3,0,2,0,0,0,0,1,0,1,0,8,124,243,122,191,214,143,16,0,0,1,0,3,3,2,2,0,2,0,1,1,0,0,0,1,1,2,1,79,253,124,0,24,121,239,84,3,0,0,2,0,1,1,0,2,1,0,0,3,0,3,0,0,0,0,0,195,201,3,0,0,0,76,186,171,11,0,0,0,0,0,3,4,0,1,0,0,0,2,0,0,0,3,67,254,82,3,0,0,0,0,8,156,176,50,0,0,0,3,0,0,0,0,1,0,0,0,3,0,3,0,146,249,51,1,0,2,0,5,0,0,76,213,44,0,1,0,0,0,0,1,0,0,2,0,0,0,0,0,121,219,0,3,0,3,0,0,0,0,0,116,199,10,4,2,0,0,0,0,2,6,1,0,1,0,1,2,73,246,87,0,0,0,0,1,0,0,2,0,139,138,3,0,0,0,2,0,0,3,0,2,0,5,0,0,1,155,254,149,69,17,0,0,0,0,5,47,151,134,1,0,0,1,1,3,1,3,0,0,0,4,3,0,0,10,52,150,196,143,160,161,202,201,205,225,94,0,2,0,0,0,0,0,0,4,1,1,1,0,4,2,0,3,0,0,0,2,0,2,1,1,5,1,0,0,3,0,0,0,3,0,2,1,3,0,0,0,0,0,0,3,0,0,3,0,0,0,0,0,0,0,0,0,0,0,0,0,2,1,2,1,3,0,2,3,0,0,2,0,1,0,0,0,1,0,2,0,0,4,1,4,0,0,1,0,4
0,2,0,0,0,0,3,1,0,0,1,0,0,0,1,0,0,2,0,3,0,0,3,0,3,2,0,0,0,1,1,1,0,0,0,4,4,0,2,0,0,0,1,4,0,0,0,3,0,1,0,0,6,4,5,0,0,0,2,3,0,0,0,0,4,0,0,0,0,1,1,5,1,0,0,0,0,1,0,0,0,0,1,2,2,0,1,0,0,0,1,3,0,2,0,2,1,0,2,0,0,4,2,2,0,0,0,0,0,1,1,0,1,1,0,0,0,0,0,0,0,0,0,0,0,7,2,0,2,1,4,1,0,0,1,0,2,0,1,0,2,0,0,0,1,1,0,0,0,0,236,252,26,5,2,3,1,0,0,0,0,2,0,2,0,1,0,5,1,1,0,0,0,0,0,0,0,1,235,253,26,0,1,0,0,1,0,2,2,0,0,0,0,0,0,0,0,0,0,1,1,0,0,0,3,5,241,248,25,0,5,1,0,1,0,1,0,0,1,0,1,2,0,0,2,0,1,1,3,1,2,0,0,0,238,254,25,0,0,1,0,1,0,6,1,0,0,1,0,2,0,1,0,1,0,0,1,4,1,0,2,0,232,253,26,4,0,2,5,0,0,0,2,1,2,0,0,1,0,0,0,4,3,0,1,0,1,3,3,14,241,252,25,0,204,109,1,0,0,1,0,0,5,0,3,3,0,1,0,0,0,0,0,1,4,0,0,69,251,254,24,0,217,249,39,4,0,0,1,1,0,0,0,2,0,2,5,2,2,0,3,0,2,1,4,74,255,255,25,0,171,253,121,3,0,1,1,0,1,2,0,0,0,0,1,1,0,0,0,0,0,1,0,71,255,255,25,0,64,253,202,1,0,0,0,2,0,0,0,0,2,0,0,2,3,2,0,2,0,1,0,59,251,255,167,54,16,221,223,8,0,2,0,3,1,2,2,1,1,0,0,0,1,0,0,1,0,0,1,1,235,252,255,248,218,246,251,148,128,112,38,40,1,0,0,2,0,1,4,2,1,0,0,0,0,1,0,2,97,222,254,255,255,252,252,254,249,255,250,251,56,0,0,0,0,0,4,0,0,0,0,0,3,1,0,0,0,13,72,139,157,228,249,254,254,249,221,217,41,0,0,0,0,4,0,0,0,0,1,0,0,2,0,1,0,2,0,1,0,2,176,255,100,47,0,0,0,0,1,1,1,0,0,0,0,5,1,0,0,0,0,1,0,2,1,2,2,0,86,253,97,0,2,0,3,3,1,2,2,0,2,5,0,1,0,0,3,2,1,0,0,4,0,0,2,0,37,254,222,1,7,1,0,1,0,0,1,0,0,0,0,0,0,0,0,0,4,0,1,3,1,1,0,0,33,252,253,57,0,0,1,0,1,3,0,0,1,0,0,0,3,0,0,0,0,0,5,1,0,1,0,2,0,206,253,57,0,1,0,2,4,3,1,0,0,1,0,0,3,0,5,0,0,0,0,0,0,4,0,0,1,143,255,57,0,2,0,2,0,2,0,0,4,0,0,1,2,1,1,0,0,0,0,0,1,3,5,3,1,22,225,35,1,2,1,0,0,0,0,2,2,3,0,0,2,2,1,1,0,2,0,0,0,0,0,0,0,0,5,0,2,0,3,0,2,0,0,0,0,0,3,0,4,0,0,0,2,4,0,2,0,0,0,1,5,3,0,3,3,1,1,1,0,0,0,0,1,0,0,0,3,0,4,3,1,1,0,0,0,1,2,0,0,1,2,3,0,2,0,1,7,0,0,2
4,0,0,0,0,1,3,5,3,0,4,3,0,0,0,0,0,0,0,4,0,0,1,1,0,1,0,1,0,0,0,1,0,3,1,2,0,0,0,0,0,2,0,1,2,1,0,4,0,1,3,2,2,5,0,1,0,0,0,3,1,0,0,3,3,0,2,0,0,0,0,0,1,0,1,0,0,4,0,0,0,0,2,0,0,1,1,1,0,1,1,0,1,0,0,0,2,2,0,2,3,0,0,0,1,0,0,1,1,4,0,0,0,1,0,0,1,0,0,4,4,0,2,0,0,5,1,0,0,2,0,0,2,1,2,0,0,1,0,1,0,1,1,1,0,4,1,0,2,0,0,0,0,2,4,0,0,1,0,0,0,0,2,1,0,0,0,0,0,1,2,0,0,0,2,0,4,0,0,1,2,4,0,3,0,0,0,2,0,0,0,0,2,0,0,0,0,0,0,1,2,1,4,0,1,0,2,0,0,0,3,0,1,0,0,5,0,4,0,0,1,0,0,0,0,0,3,0,0,5,2,0,0,2,0,28,52,53,0,0,0,0,0,52,60,133,173,172,127,26,0,0,0,1,0,0,2,0,3,1,1,0,61,149,255,200,2,0,23,73,180,251,255,255,252,255,254,195,0,3,1,2,0,1,0,0,1,1,18,179,247,217,52,23,52,172,219,253,251,253,252,201,134,50,45,27,0,2,0,0,0,1,0,0,0,60,191,255,251,242,171,226,246,253,254,255,155,142,27,7,0,0,0,0,0,0,1,0,1,0,0,0,8,204,255,252,153,180,248,132,129,46,9,11,4,0,6,5,2,0,0,0,3,2,0,5,0,0,0,1,1,196,255,253,68,2,5,5,0,0,0,0,0,2,0,0,0,1,0,3,2,1,0,0,0,0,3,1,0,71,225,255,254,118,38,22,0,0,3,5,0,4,3,0,1,7,3,0,0,2,0,6,1,2,0,0,0,0,13,166,246,255,251,212,183,81,0,0,0,4,0,0,0,0,0,0,0,0,0,0,0,0,0,0,3,1,1,0,42,163,251,254,250,239,161,11,2,0,3,4,0,0,0,3,2,2,0,4,0,1,1,0,0,0,3,0,0,2,41,170,253,251,255,88,2,0,0,2,2,0,1,0,0,1,0,0,0,2,1,0,0,0,1,1,0,0,0,2,43,167,255,250,21,0,0,2,0,0,0,0,0,0,0,0,6,0,0,0,4,0,0,2,0,1,1,3,0,67,253,255,24,2,1,2,0,0,0,0,3,0,0,3,0,0,0,0,31,3,0,4,0,2,0,0,41,222,254,200,8,0,2,0,0,4,0,0,0,2,3,0,0,0,0,0,228,148,35,4,0,21,44,58,221,255,238,76,0,0,0,0,0,0,3,3,0,0,0,1,0,0,0,0,51,197,240,152,65,202,252,252,255,238,77,0,4,0,2,2,0,0,2,0,0,1,0,2,2,0,2,2,1,11,50,56,51,153,172,172,98,41,2,0,2,5,0,0,0,0,0,3,1,0,0,0,0,0,0,0,0,0,0,0,1,0,0,0,0,1,0,0,0,0,4,2,1,2,0,1,0,0,0,2,0,0,0,3,1,0,0,0,0,0,1,0,0,1,0,4,0,0,0,0,1,1,3,2,0,0,1,0,0,3,0,0,0,0,3,0,2,0,0,0,0,2,2,2,0,0,3,0,3,0,2,1,2,0,0,0,1,0,0,2,0,0,0,0,0,0,0,6,0,0,1,0,0,0,0,4,0,0,0,3,1,5
0,4,5,1,1,0,0,0,0,0,1,0,2,0,3,0,0,0,0,0,3,0,0,0,1,0,3,0,1,0,1,0,1,0,2,0,3,0,0,2,0,0,0,0,0,6,2,0,2,0,0,5,0,1,1,0,0,1,3,2,0,2,2,0,0,0,5,0,2,0,0,0,1,1,1,0,3,0,0,1,0,0,0,0,2,0,0,2,0,0,0,0,0,5,1,3,0,0,0,0,0,0,0,2,0,0,1,2,0,0,2,1,2,0,2,0,0,1,0,1,1,0,2,0,3,2,0,0,0,1,0,0,0,0,0,1,1,1,0,0,0,0,0,0,0,2,0,2,0,0,0,0,0,0,0,2,0,0,1,1,1,0,3,3,3,0,1,3,0,0,2,0,0,0,0,3,2,0,1,0,25,156,158,216,124,0,1,1,0,0,3,0,0,2,5,0,2,1,2,0,1,0,0,2,2,0,0,35,225,255,254,253,250,181,15,1,2,0,1,2,0,0,0,2,2,2,0,0,4,0,0,0,0,0,24,208,255,191,184,228,255,251,193,3,2,0,0,2,0,0,0,0,4,3,0,0,4,3,2,4,0,1,96,233,59,4,2,20,179,252,229,4,0,2,0,0,1,1,0,3,1,0,2,0,0,0,2,1,2,11,207,213,1,2,0,0,115,255,228,0,2,0,0,4,1,0,0,0,0,0,0,2,0,0,0,0,2,83,255,78,0,0,1,7,171,255,227,5,1,0,0,0,0,0,1,4,1,3,0,3,0,0,3,2,0,132,193,0,0,0,0,131,253,254,228,0,1,1,0,0,1,0,0,1,1,1,1,3,0,4,1,0,0,150,166,0,0,0,20,250,197,251,226,2,0,2,1,2,0,0,0,1,0,1,0,3,4,1,4,0,0,233,171,0,1,19,199,233,63,253,152,0,2,2,2,2,0,0,0,0,0,4,0,0,4,0,0,0,1,225,186,54,49,171,252,139,113,255,68,0,0,1,0,0,2,0,0,0,0,0,0,0,0,0,4,0,2,225,249,255,255,254,130,21,115,248,29,0,1,3,0,1,0,0,0,0,2,0,0,0,3,0,0,1,3,112,253,254,255,140,18,0,179,182,2,2,0,2,0,0,0,3,1,0,0,6,2,0,0,1,0,0,0,5,36,96,63,3,0,0,217,186,4,0,1,1,0,2,1,0,2,0,2,0,5,2,0,0,0,0,0,0,0,0,1,0,0,39,243,155,1,0,0,0,0,3,0,0,1,0,0,0,3,0,0,3,2,0,0,0,4,1,0,0,0,151,254,73,3,1,0,4,0,0,0,0,3,2,0,0,0,1,1,0,0,2,0,0,0,0,3,1,0,160,239,1,0,0,0,1,4,2,1,0,1,0,0,0,0,2,1,0,1,0,0,2,0,0,0,0,3,248,144,0,1,0,2,2,0,4,0,0,0,3,0,0,2,0,0,0,1,0,0,0,0,0,2,0,81,252,136,0,1,0,0,4,0,4,2,0,0,0,2,1,5,0,0,5,0,0,0,0,0,0,0,0,202,253,81,1,1,2,0,0,1,0,1,0,1,0,3,4,0,0,0,0,3,1,3,4,0,2,0,0,202,168,14,1,0,1,0,0,0,0,0,3,5,3,0,0,3,0,0,0,0,0,0,1,1,1,2,2,2,0,3,0,0,2,2,0,0,0,4,0,0,4,0,0,3,2,0,1,0,2,3,3,0,1,0,0,5,7,1,0,1,0,0,0,0,0,0,1,0,0
0,1,1,0,0,0,0,0,0,0,0,0,0,0,5,0,2,0,0,0,0,1,0,1,1,0,1,0,0,0,3,0,0,0,0,0,0,1,5,0,2,0,0,0,1,0,2,0,0,2,2,2,1,4,0,2,0,0,0,0,0,2,0,0,1,0,0,1,0,0,0,0,1,0,4,0,0,0,5,0,0,0,0,1,0,2,3,0,0,0,0,0,0,1,1,0,0,0,0,2,1,0,2,0,0,1,0,0,2,1,0,2,0,1,0,0,3,2,0,0,0,0,2,0,1,1,0,0,2,0,0,1,0,0,0,4,2,0,1,0,0,0,0,0,2,2,2,3,0,3,0,0,0,103,153,254,255,227,44,0,3,0,2,4,0,0,1,0,1,0,0,0,3,0,1,0,1,0,4,142,246,254,251,251,255,252,209,0,1,0,0,1,4,0,2,1,1,1,2,3,0,0,1,0,0,0,214,255,253,255,223,114,12,181,213,0,0,0,0,2,0,0,0,0,0,4,0,2,0,3,0,2,0,146,254,253,219,48,15,0,0,78,30,121,212,0,0,0,1,1,1,0,0,0,2,0,0,1,4,4,4,227,254,255,204,71,1,0,0,42,232,252,175,0,4,0,1,0,0,0,1,0,2,0,0,0,3,0,0,82,242,252,254,245,224,126,94,190,251,246,60,2,0,0,0,2,1,2,1,0,0,0,0,2,2,1,0,0,33,108,253,253,253,254,251,253,250,111,2,0,0,1,2,0,2,3,0,1,3,5,1,0,0,2,1,2,0,19,43,149,193,255,253,250,181,16,2,0,0,0,3,3,0,6,0,0,0,0,0,2,0,0,0,0,0,0,4,3,66,250,251,230,41,0,3,0,0,0,3,2,3,0,0,0,0,0,5,4,0,0,0,2,0,0,0,0,98,250,254,248,86,2,1,0,1,2,0,3,0,2,0,8,1,0,0,0,4,3,0,0,0,0,1,87,238,255,251,252,82,0,2,0,0,3,3,2,0,2,0,1,1,1,1,0,0,3,4,0,0,1,0,200,255,253,248,255,86,1,3,0,1,3,0,0,0,0,0,0,0,0,4,1,0,3,0,0,0,3,78,240,252,254,252,247,72,0,4,0,4,0,0,0,0,0,0,0,2,2,1,0,0,6,0,5,2,57,241,241,158,252,250,213,1,0,2,2,3,0,0,0,0,0,0,1,0,0,1,5,0,1,0,0,0,85,253,180,82,252,253,124,0,0,0,0,1,0,0,1,4,2,0,0,0,0,1,1,1,0,1,1,0,161,255,226,228,252,208,33,0,3,0,0,0,0,1,0,4,0,0,0,0,0,0,0,0,3,1,0,4,212,251,252,249,253,68,0,5,0,2,0,0,2,2,0,0,2,0,2,0,2,0,1,0,0,0,0,0,214,252,255,254,212,30,0,0,0,4,1,1,0,0,0,0,0,2,5,0,3,2,1,0,2,0,0,2,217,251,251,215,30,3,1,4,0,2,0,3,0,0,2,0,2,0,1,0,2,0,0,0,2,0,0,0,217,250,216,26,1,0,0,0,0,0,1,0,1,0,0,0,0,0,0,0,0,0,0,0,0,2,0,1,2,0,0,1,7,0,0,4,1,0,0,0,1,0,0,0,4,0,0,1,0,1,2,0,0,0,0,2,0,0,0,1,0,0,2,1,2,0,1,0,0,0,0,0,0,0,2,0,0,0,0,0,3,3,2,0,0,0,0,0,5,0,1,1,0,1,0,0,0,0,0,0,0
0,2,5,0,1,5,0,0,1,2,2,0,0,3,0,0,2,0,1,0,4,2,0,1,3,0,0,1,0,0,1,0,0,2,0,0,0,0,6,0,1,2,0,0,0,0,1,2,1,7,2,0,0,0,0,3,1,2,0,0,3,0,0,1,1,0,0,0,0,1,2,0,0,0,0,0,2,4,0,0,0,0,0,3,3,1,1,0,0,1,1,1,0,0,0,0,3,2,3,0,0,0,0,1,1,0,0,5,0,0,0,0,1,3,0,0,0,1,0,0,1,1,1,0,0,0,1,0,3,0,0,3,1,1,0,0,3,0,0,2,0,0,1,1,0,0,0,1,0,2,0,0,2,85,150,190,252,221,137,33,0,0,0,0,2,0,2,0,0,0,0,0,0,0,0,0,0,1,1,2,125,243,250,209,159,230,249,174,0,3,0,2,0,1,3,0,2,0,1,2,5,0,0,0,0,3,98,234,245,252,142,5,3,6,183,254,83,0,0,4,0,0,0,1,2,2,6,0,0,0,0,3,0,20,231,251,253,253,98,0,0,0,137,254,127,2,1,3,0,0,0,0,2,0,0,0,3,0,0,1,0,121,254,246,81,220,153,3,3,1,130,255,73,5,1,0,0,5,0,2,2,0,3,0,5,2,0,0,6,160,249,239,0,108,204,1,0,0,165,229,20,0,2,0,0,0,0,0,0,2,0,0,2,0,2,2,0,230,252,235,0,13,24,0,0,48,247,165,1,1,0,0,3,0,0,0,0,1,4,4,1,1,2,4,4,109,252,234,5,0,0,0,14,208,244,51,0,2,0,0,0,2,1,0,3,0,1,0,2,0,0,0,0,25,247,250,77,0,0,1,174,255,137,0,0,0,0,3,1,0,0,2,0,3,4,4,3,0,0,0,0,0,113,255,163,7,0,20,249,176,4,2,0,0,0,0,0,2,0,1,0,3,3,0,0,0,0,1,0,0,10,223,252,125,42,220,177,11,0,0,4,0,0,1,6,0,3,0,0,0,3,0,2,0,1,0,1,0,0,145,254,253,251,235,5,2,0,1,0,0,0,0,0,4,0,0,0,0,0,0,2,4,0,0,2,0,0,0,189,248,248,123,0,0,5,4,4,0,5,0,2,4,0,0,0,0,2,0,0,0,0,0,1,0,3,22,217,255,212,9,0,0,0,4,0,2,0,0,2,1,0,1,0,0,1,0,0,2,0,0,2,0,2,193,252,253,254,127,0,0,0,1,1,0,4,0,0,0,3,0,4,0,3,1,1,3,0,0,2,3,122,251,144,126,253,204,5,0,3,6,4,0,0,0,2,0,3,0,1,0,0,0,2,2,3,0,0,26,254,241,25,111,252,255,4,0,0,0,2,0,0,0,0,0,0,0,5,0,2,1,1,0,2,0,0,24,254,239,5,110,255,210,5,2,0,1,0,0,1,0,2,0,5,0,0,0,1,0,0,1,0,0,0,28,255,252,190,200,253,132,3,3,2,2,0,0,7,2,0,0,0,4,0,3,0,0,0,1,0,0,1,5,74,239,252,253,210,12,2,0,0,0,2,1,1,0,0,0,4,3,1,2,0,0,0,0,0,2,0,0,0,0,1,0,0,3,0,2,3,0,2,0,0,0,0,0,1,1,0,2,0,1,1,2,0,6,0,0,0,3,0,0,3,0,0,1,1,0,0,1,1,0,0,0,2,1,2,3,1,0,1,0,4,0,3,0,0,1,1,0,4,3,0,0,1,0,3,0,0,2,1,0,0,0
0,0,0,1,1,4,0,0,0,4,0,2,0,2,0,0,0,0,0,0,2,0,0,0,0,0,2,4,0,1,0,0,0,0,0,0,0,3,0,1,0,1,0,1,1,2,5,2,1,0,0,0,0,0,1,0,0,0,2,0,0,0,5,3,0,0,0,0,0,2,2,0,0,0,0,0,0,0,0,2,1,2,3,0,1,0,3,5,1,0,0,3,0,0,1,0,1,0,0,1,0,0,0,0,0,1,0,1,2,0,2,6,0,0,0,4,0,1,1,0,0,2,2,2,1,0,0,0,0,0,1,2,0,2,2,0,2,0,0,2,0,0,1,0,80,253,255,250,253,169,93,252,254,253,255,254,150,61,0,0,3,1,0,3,0,0,2,0,3,0,0,1,81,251,254,255,255,252,254,251,253,251,250,251,255,233,162,25,0,0,0,5,1,2,0,1,1,1,0,1,83,251,255,252,254,255,253,255,254,252,249,255,254,249,252,214,38,0,0,0,0,0,0,0,0,0,0,2,39,201,158,251,232,113,116,111,214,255,251,254,248,254,250,250,200,32,2,0,0,0,0,2,0,1,0,0,0,24,12,37,26,0,7,42,75,254,254,253,248,252,253,249,255,63,0,3,1,2,0,5,2,0,0,0,0,0,0,4,0,60,138,252,252,253,254,254,254,255,255,251,196,27,0,1,0,0,0,1,0,0,0,4,0,0,0,5,34,225,250,253,253,253,252,254,255,227,224,80,32,0,1,0,0,0,0,0,0,0,0,0,3,2,0,1,42,255,252,253,251,250,254,220,144,18,0,1,0,1,0,0,5,0,4,3,0,0,2,0,1,0,0,0,46,251,253,252,254,254,252,65,2,0,0,6,5,1,2,0,0,3,0,0,0,2,1,1,0,0,0,2,47,253,252,253,255,251,254,249,155,11,0,0,0,8,1,0,0,0,1,2,0,0,0,0,4,0,0,0,17,88,220,254,252,252,255,254,255,178,166,29,1,0,0,0,0,0,0,2,0,0,0,0,5,2,0,1,0,0,7,8,15,181,235,250,255,255,251,100,71,19,0,0,3,0,0,0,0,0,0,0,1,3,2,0,4,0,1,0,4,2,71,248,250,252,248,251,254,166,1,0,2,4,0,0,2,0,1,1,0,0,0,0,0,0,0,0,1,1,0,26,127,211,254,254,254,251,228,71,0,1,2,2,1,1,3,0,5,0,0,0,2,0,1,1,0,3,0,1,3,54,251,251,255,251,254,79,0,0,0,0,0,1,6,0,5,2,5,0,0,0,0,19,35,39,37,30,140,218,253,253,255,250,248,79,0,5,0,1,3,0,0,5,0,0,1,0,97,116,114,175,253,254,255,255,255,253,255,254,253,254,206,47,2,0,0,0,0,2,0,3,0,0,0,3,217,251,253,251,254,255,255,251,254,255,250,254,252,226,36,0,0,2,0,2,0,0,1,0,1,0,0,3,150,253,251,255,253,253,252,249,251,252,251,173,154,36,0,1,0,0,1,0,4,1,0,0,0,3,0,0,13,74,219,255,255,251,251,253,254,92,76,11,0,1,2,0,0,1,0,0,1,0,1,5,0,0,0,0,2,0,1,0,1,2,3,0,0,0,3,3,0,2,3,1,0,1,2,0,0,1,1,0,0,0,4,4,0,3,0,2,2,0,0,2,2,1,0,0,0,0,4,0,2,0,1,5,1,0,1,0,0,1,1,4,1,0,0,0,2,0,0,1,0,0,0,5,2,2,0,3,0,3,0,0
6,0,4,0,0,0,0,1,2,0,0,3,0,0,0,1,0,3,0,3,0,0,0,4,0,0,2,0,0,2,0,0,0,0,3,0,0,1,5,2,0,0,0,0,0,0,1,0,0,0,0,1,1,1,5,0,2,2,4,0,0,0,0,0,0,0,2,2,5,0,0,1,1,0,1,0,1,0,0,2,0,0,0,1,3,0,0,0,0,0,0,2,0,0,2,0,2,2,0,1,0,0,0,0,0,2,4,1,0,4,1,0,0,0,1,0,1,1,0,2,0,1,0,1,3,0,0,0,0,0,2,0,0,0,0,4,0,1,0,2,0,0,0,1,3,1,0,0,0,4,0,1,0,0,0,3,0,3,2,0,1,0,0,0,2,0,2,0,1,0,0,0,1,0,0,3,2,2,1,0,5,0,0,4,0,0,6,1,2,1,0,1,1,0,1,0,0,2,0,1,1,0,0,0,0,0,27,68,170,253,251,255,198,54,3,0,1,5,1,2,2,3,0,1,1,0,0,1,1,0,3,3,10,166,235,251,252,255,254,251,252,238,55,0,0,0,0,1,0,1,4,0,1,1,4,0,1,0,0,4,135,253,253,255,233,231,232,195,253,253,239,40,0,2,2,2,0,0,1,0,0,2,0,1,5,2,34,168,253,251,254,103,4,3,0,3,130,252,255,157,0,0,0,0,0,0,1,0,0,3,0,0,0,1,152,254,216,139,2,0,0,0,0,2,0,207,255,128,0,0,3,0,1,0,1,1,0,0,0,0,0,16,220,216,19,0,0,0,0,2,0,0,0,205,252,91,1,0,2,4,0,1,1,0,1,0,2,5,0,2,111,70,1,1,5,0,3,0,0,4,0,209,254,98,0,1,1,0,0,3,0,0,2,4,1,0,5,0,3,0,2,2,0,3,3,1,0,0,3,208,255,59,1,2,0,0,2,2,0,0,2,1,2,0,0,0,0,3,6,0,3,4,0,3,3,0,100,255,167,3,1,0,0,6,3,1,0,5,0,1,0,1,0,3,0,0,2,4,1,0,0,4,2,16,236,247,57,0,0,2,1,0,1,0,3,0,0,1,0,2,1,6,2,0,2,1,0,0,4,2,0,186,254,143,5,0,0,0,0,0,1,1,0,0,0,0,0,0,1,4,0,3,2,0,0,0,5,0,0,253,254,46,2,4,1,0,0,0,0,4,5,0,0,0,0,0,0,1,0,0,0,0,2,0,1,0,152,254,200,14,0,0,0,0,0,2,0,0,0,0,3,3,1,1,0,0,1,0,0,2,0,2,0,26,244,253,31,0,0,4,1,0,0,3,4,3,2,0,0,1,1,3,1,0,0,1,3,0,0,0,5,142,251,155,6,0,0,0,0,0,2,2,0,2,3,0,1,0,5,1,0,1,2,2,5,0,1,2,46,246,253,27,1,0,0,0,0,0,0,2,0,2,0,1,0,0,0,0,0,0,0,2,0,0,1,0,163,249,87,0,1,4,0,0,0,0,0,4,0,0,3,0,0,0,0,0,0,0,0,0,1,0,0,59,251,229,22,2,0,0,3,2,1,2,0,3,0,0,2,0,1,0,0,5,6,0,0,5,4,0,0,70,254,237,66,0,0,0,0,0,4,0,0,0,0,4,0,2,1,4,1,2,3,2,0,0,1,0,0,68,237,52,0,3,0,0,0,0,3,0,0,0,0,2,1,0,1,0,0,0,0,0,0,0,0,2,0,1,4,3,0,0,0,2,2,0,0,0,2,3,0,0,0,1
0,0,0,0,3,2,0,0,0,3,0,0,0,5,0,1,1,1,1,1,0,1,6,5,2,0,0,4,2,0,0,0,0,2,0,0,2,0,2,0,1,0,0,0,7,0,4,0,4,0,1,0,0,0,0,1,1,4,1,1,0,0,2,4,4,0,0,0,0,1,0,2,0,1,0,2,1,0,0,1,0,3,1,2,2,2,1,0,0,0,2,1,1,0,0,0,0,0,1,0,0,57,226,196,81,2,1,0,2,0,1,1,1,3,3,1,0,0,0,0,3,0,0,1,0,7,1,1,101,242,255,201,35,0,0,0,0,1,2,1,4,0,3,0,0,2,4,0,0,0,0,5,1,0,0,119,245,245,106,12,2,0,0,5,3,5,1,0,0,4,0,0,2,4,0,0,0,3,1,0,1,0,150,255,207,42,0,0,0,0,0,0,0,1,0,0,3,0,0,0,0,0,0,1,0,0,0,2,6,162,253,233,23,3,0,2,0,0,1,2,2,2,2,0,0,0,0,2,3,0,1,0,2,0,2,0,69,248,245,20,0,0,0,3,1,4,0,2,0,0,0,0,0,0,2,0,0,3,0,0,5,0,8,35,224,252,74,0,3,0,0,0,1,1,0,0,1,0,0,3,3,1,0,0,0,0,0,0,0,2,2,132,253,157,0,0,0,0,1,0,0,0,0,0,2,0,1,0,0,0,3,0,2,2,4,3,2,1,74,245,248,131,39,24,0,0,3,0,0,0,4,0,0,2,0,4,0,0,1,5,1,1,1,1,2,0,255,255,255,251,252,248,208,162,5,0,0,0,2,0,2,0,0,0,0,0,0,0,0,0,0,0,4,72,254,255,179,69,125,233,253,253,124,1,3,0,3,0,0,0,1,0,3,1,0,0,1,0,0,5,1,6,252,246,46,0,0,27,129,248,253,36,2,0,3,0,0,0,1,0,5,0,4,5,0,1,0,0,0,0,253,200,3,3,0,2,1,142,255,42,1,0,4,0,0,0,5,4,3,0,0,1,0,0,0,5,0,46,255,170,2,0,2,0,3,126,255,45,0,1,0,3,4,3,0,0,0,0,0,1,1,0,2,0,2,73,255,167,2,0,2,0,6,148,252,44,0,2,0,0,0,3,0,2,0,0,0,1,5,2,3,0,0,90,251,173,0,0,2,0,44,252,193,2,2,1,0,0,0,0,0,0,0,1,1,0,0,0,3,0,0,27,255,172,3,0,0,3,150,251,108,0,0,0,2,3,6,0,3,0,0,0,0,0,0,0,0,1,0,3,237,251,104,2,15,168,250,178,3,0,0,0,0,1,0,0,4,0,4,1,0,1,1,0,4,1,0,0,58,247,250,238,240,254,201,24,0,6,0,0,4,1,0,2,3,4,4,0,0,1,2,0,2,1,0,0,0,66,184,186,194,105,5,2,0,2,0,2,0,0,0,0,0,2,3,0,0,0,0,0,5,0,4,3,0,0,0,1,0,1,0,2,0,4,0,4,0,0,1,0,0,3,3,3,0,0,0,2,0,3,1,0,0,4,0,2,0,0,4,0,1,0,0,3,0,0,0,0,0,0,1,0,2,0,3,0,0,0,0,0,0,0,0,4,6,0,3,1,4,0,0,3,4,0,0,0,0,1,3,0,0,0,0,1,3,0,1,0,4,0,0,0,0,0,3,0,0,2,3,1,0,0,0,2,0,0,0,2,0,1,3,0,3,0,0,0,2,1,2,0,2,0,4,0,0,3,0,0,0,3,0,0,0,0
0,0,1,3,1,0,0,3,0,1,5,0,0,2,3,1,3,0,0,1,0,0,0,1,0,0,0,0,0,0,0,0,0,2,0,2,0,2,0,1,1,1,1,2,0,2,0,3,1,0,1,3,0,0,0,0,1,0,0,0,4,1,1,1,0,2,0,0,0,2,1,0,0,2,2,0,1,3,1,0,1,3,0,1,0,0,2,1,3,0,0,0,0,0,0,0,0,0,1,0,3,2,1,0,0,0,0,0,0,1,0,0,1,0,0,2,0,2,0,1,0,0,1,0,1,3,0,0,1,1,2,2,0,3,0,0,0,0,2,2,0,1,0,0,0,0,0,0,13,92,71,48,131,252,255,255,190,82,0,0,0,0,0,0,0,0,1,0,2,0,1,5,0,0,2,5,155,252,239,217,250,249,253,253,250,251,183,48,6,0,1,2,0,0,1,0,0,0,2,0,0,2,3,108,253,251,250,255,249,251,255,253,255,252,253,253,179,14,0,0,0,0,0,0,0,2,0,0,1,2,2,124,254,249,252,253,253,253,253,252,253,252,253,255,255,62,12,4,0,3,0,1,0,0,1,5,0,3,102,252,249,253,253,252,253,252,252,255,252,255,251,254,255,255,175,7,0,2,0,0,0,0,0,0,0,20,194,255,255,251,255,225,54,41,42,153,220,250,250,254,251,255,255,12,1,2,2,0,0,1,4,0,0,89,254,255,252,253,255,118,1,0,0,2,46,126,255,253,255,255,254,13,0,0,2,0,0,1,0,0,4,92,252,249,251,249,240,86,0,0,0,0,4,3,24,208,251,255,254,170,0,2,0,2,0,0,0,0,2,90,250,252,253,254,203,0,1,1,3,0,1,1,0,107,247,253,255,221,56,0,0,0,0,1,0,0,0,88,251,249,248,213,36,0,5,0,2,2,0,0,0,40,255,253,249,249,87,5,0,0,0,0,0,0,0,92,255,253,254,128,1,0,0,0,0,1,0,2,2,155,253,252,255,254,88,6,0,5,5,0,0,0,3,95,249,253,251,177,14,0,0,0,3,3,0,1,45,227,250,254,253,255,90,1,4,0,0,0,1,0,0,89,250,254,253,159,12,0,0,4,0,0,0,36,222,255,252,254,254,186,21,0,0,0,1,2,0,1,1,89,251,254,255,185,20,0,4,0,0,5,116,215,255,253,255,253,251,13,0,0,0,0,0,0,0,0,3,92,253,255,253,255,79,41,41,40,95,210,254,255,254,253,232,213,211,11,0,2,0,2,0,0,0,0,0,45,214,251,252,255,254,251,253,254,251,255,255,252,255,255,124,0,0,0,3,0,0,2,0,0,1,0,0,0,37,251,253,255,252,255,255,253,255,254,255,254,255,179,13,3,0,2,1,0,0,3,0,0,7,0,0,0,11,171,253,254,255,251,254,252,252,251,254,251,253,47,2,2,1,2,1,0,2,1,0,0,4,0,1,0,0,75,182,253,251,253,251,255,253,255,255,245,107,5,0,0,0,0,0,1,0,0,1,1,2,0,3,0,0,0,14,90,227,255,208,91,89,88,86,79,0,2,3,2,0,0,1,1,1,4,1,0,2,1,0,0,1,0,0,0,4,0,0,1,0,0,6,2,5,1,0,0,0,0,2,1,0,0,0,0,0,1,0,0,0,0,0,0,0,0,1,0,4,1,4,0,0,0,0,0,1,0,3,0,1,0,0,4,4,0,0,1,0,1,1,2,0,0,0,1,0,0,0,1,1,1,0,0,0,3,0,1,0,2
2,0,1,0,0,0,0,2,1,0,0,0,0,2,1,0,1,0,0,0,0,3,0,0,0,0,0,0,0,2,0,0,2,2,0,0,0,0,1,1,2,0,2,0,0,3,2,2,1,0,0,1,0,0,4,6,0,0,1,0,0,1,5,2,0,0,0,0,0,0,0,0,0,3,0,0,1,0,3,2,1,0,0,2,0,0,0,0,0,0,0,0,0,0,2,0,0,1,0,0,3,2,0,0,0,2,2,0,0,5,0,0,1,0,0,0,0,3,0,0,0,0,2,0,2,16,164,125,6,1,0,0,1,2,0,2,0,0,0,1,0,0,0,0,0,0,2,0,0,0,5,0,27,179,253,195,8,0,0,2,0,0,0,0,0,0,0,3,2,0,0,2,0,2,0,0,1,0,1,29,207,250,254,173,2,8,83,58,1,0,0,4,4,0,3,0,0,1,0,2,2,0,0,0,0,2,6,83,255,255,251,116,0,15,214,245,72,0,0,2,0,0,0,0,1,0,0,0,0,0,2,0,0,0,47,229,255,241,77,1,0,0,169,255,250,1,3,4,0,0,2,0,0,5,2,0,2,1,0,0,2,1,170,255,254,87,1,1,3,2,94,254,251,25,1,2,0,0,0,2,0,0,1,0,3,0,2,0,2,23,235,250,210,6,0,1,3,1,62,254,250,111,3,0,0,0,1,0,0,1,0,1,0,0,0,0,0,127,251,253,44,0,0,3,0,4,58,250,250,158,0,0,0,2,3,0,1,2,0,0,0,0,0,0,2,253,255,173,0,1,0,2,0,0,0,195,255,234,0,1,4,0,0,0,0,0,0,0,0,0,1,0,0,255,254,169,1,0,0,2,0,1,0,196,249,198,0,4,0,1,1,0,1,5,1,0,0,0,0,4,89,255,250,169,0,2,0,0,0,1,0,146,255,112,0,2,2,0,2,0,0,2,0,5,2,0,0,0,162,255,255,67,0,4,0,0,0,0,0,195,255,116,0,0,3,0,1,4,1,0,0,0,0,0,0,8,231,255,254,56,0,0,2,0,0,3,6,204,255,49,0,1,0,5,0,5,1,2,0,2,0,1,0,87,247,252,249,55,1,0,1,2,4,12,153,251,226,0,3,0,0,1,1,0,3,2,3,2,0,0,1,83,251,255,248,59,0,0,0,1,3,152,250,222,43,0,4,0,1,1,1,0,8,0,3,1,0,0,4,9,179,252,250,105,0,0,1,0,49,255,254,116,3,1,2,1,0,2,0,2,0,0,0,2,2,0,1,0,96,255,254,216,137,34,52,176,252,239,136,0,0,3,0,0,1,0,0,3,3,3,2,0,3,0,2,0,0,254,250,251,248,253,252,250,228,175,3,2,0,3,0,0,3,0,2,0,0,0,1,2,0,0,0,0,0,70,226,248,254,253,253,185,32,0,2,0,0,4,0,0,0,0,1,2,1,0,0,1,0,0,1,0,1,4,100,137,191,90,135,47,4,0,0,3,0,0,3,0,0,4,0,0,7,0,0,2,0,0,3,0,0,0,0,3,0,5,0,2,0,0,0,0,0,1,1,4,0,0,3,1,0,0,1,2,0,2,0,3,0,0,0,3,0,0,0,1,2,0,0,3,1,3,0,2,0,2,4,0,1,4,0,2,0,0,0,0,0,3,3,0,0,0,4,0,1,1,0,0,0,0,0,0,1,0,2,0,1,0,3,2,2,3,1,3,0,1,0,0,0,0,1,0,3,1,0,0,0,4,0,0,1,3,0,3
0,0,6,0,1,1,0,0,0,0,0,0,5,2,0,0,0,0,3,1,1,0,1,0,0,0,0,1,0,1,2,0,1,1,4,0,2,0,0,0,0,4,0,2,0,0,0,0,0,0,1,2,0,4,0,1,0,0,0,1,0,0,0,2,0,0,3,3,2,0,1,1,0,0,2,3,2,0,0,2,5,0,1,1,0,0,0,0,5,0,0,0,3,0,1,0,1,1,0,0,0,1,0,0,0,1,0,0,0,2,2,0,1,0,0,0,3,2,1,0,0,0,0,0,0,0,0,0,0,0,1,0,0,1,0,3,0,0,0,0,3,0,4,0,0,0,0,0,38,218,255,255,254,254,115,91,1,0,1,2,0,0,0,2,0,1,0,3,2,0,1,1,3,0,1,118,221,255,253,255,250,249,255,253,101,3,0,0,1,3,1,0,0,2,0,0,3,0,1,0,0,0,0,146,253,255,253,254,255,254,253,254,134,0,0,0,0,0,1,0,2,0,0,4,2,0,0,2,0,0,0,148,164,164,81,6,11,89,246,252,129,0,0,2,1,4,1,5,5,2,3,0,1,0,5,0,0,0,5,35,0,0,1,1,4,119,248,250,112,0,2,1,1,4,1,0,4,2,0,1,2,0,1,0,3,0,0,4,0,0,0,0,117,254,255,149,0,1,0,0,0,1,0,0,2,0,1,1,2,3,0,0,0,2,0,0,0,0,0,225,246,252,252,124,3,3,1,0,2,1,1,1,0,0,4,0,0,0,0,0,0,2,2,0,1,5,116,250,253,250,253,251,184,185,184,113,3,0,0,2,0,1,2,3,2,2,2,7,0,1,0,2,0,39,255,255,253,251,253,255,255,251,255,252,122,0,0,0,3,2,4,0,0,0,1,0,0,0,0,1,0,40,252,249,255,255,253,254,254,255,251,254,244,80,0,0,0,0,0,0,0,2,0,4,4,0,0,0,3,13,72,222,230,231,180,74,72,74,195,252,255,196,0,0,4,0,3,0,2,1,0,0,1,0,0,0,0,0,0,0,1,5,0,0,0,0,168,254,248,246,0,1,3,2,0,2,0,0,0,0,0,0,1,1,0,2,4,0,1,0,1,0,0,19,195,252,254,207,1,0,1,0,1,0,5,0,0,4,2,0,0,0,0,3,0,0,5,0,0,0,6,172,252,255,246,85,0,1,2,3,2,0,3,0,0,3,0,5,1,3,1,2,0,0,6,1,2,12,181,255,255,255,120,0,1,0,0,3,0,2,0,2,0,0,1,2,0,0,0,0,3,0,0,1,0,157,254,254,254,226,30,0,1,0,0,0,2,1,3,5,3,0,0,3,0,0,5,9,3,2,5,6,148,225,254,253,237,51,0,0,0,0,4,3,0,0,5,0,1,0,0,0,0,0,93,252,172,42,127,249,252,250,253,225,50,0,0,0,3,1,1,0,0,3,4,1,0,1,3,0,0,0,17,204,255,226,255,251,252,213,122,35,0,0,0,1,0,0,0,1,5,0,2,0,2,3,0,0,0,1,0,71,184,253,250,255,210,30,0,1,4,1,0,2,0,1,0,3,0,0,1,3,0,0,5,0,2,2,1,4,0,0,4,0,3,0,1,0,0,0,0,0,0,1,2,0,6,1,0,0,0,0,0,1,0,0,0,2,0,5,0,1,1,0,4,2,1,0,2,2,3,0,0,1,0,3,1,0,0,0,1,2,3,1,0,0,0,0,1,1,0,0,0,1,1,0,0,0,1,5,0,0,0,0
2,0,1,0,0,2,0,2,4,0,3,2,2,0,0,1,2,2,0,0,0,0,1,0,0,0,0,4,2,0,0,1,2,1,0,0,4,2,0,1,3,0,0,1,2,0,1,0,0,0,0,2,3,0,1,2,0,1,1,0,0,1,0,0,3,1,1,0,1,1,0,1,1,0,0,0,2,2,0,1,2,1,2,0,0,0,1,3,1,0,0,0,4,0,0,1,3,1,0,0,2,2,0,1,0,0,0,0,0,0,2,0,1,1,0,0,0,1,3,2,3,1,2,2,1,0,2,2,0,0,2,1,0,1,1,0,0,1,2,0,0,0,0,0,0,3,4,3,1,2,1,4,0,27,211,185,152,40,0,0,0,0,0,1,2,3,1,2,0,0,0,0,4,0,0,0,0,1,3,0,1,182,236,157,237,192,12,3,0,6,0,2,0,1,0,2,0,0,4,1,0,0,0,0,0,0,0,1,36,251,162,0,31,241,117,2,0,0,3,0,0,0,0,1,2,0,0,0,0,1,0,1,0,3,0,3,104,229,59,4,0,180,197,0,0,3,2,0,1,0,0,1,3,2,1,0,3,3,0,2,0,0,0,26,244,154,0,0,0,56,194,0,0,0,2,0,0,0,0,1,0,4,0,0,0,0,1,0,0,0,2,30,252,68,0,0,0,58,216,11,0,1,0,1,0,0,0,1,0,3,3,0,3,1,0,4,0,0,0,98,216,1,1,1,1,58,255,27,0,1,1,0,0,0,1,0,0,2,2,0,0,0,0,0,1,0,0,151,179,0,0,1,0,30,242,50,0,0,0,6,0,0,0,0,0,0,3,0,0,0,5,2,0,0,16,225,124,3,0,2,0,25,239,26,0,0,2,0,2,1,0,0,3,4,0,2,3,0,0,0,0,0,30,249,53,2,0,1,1,52,255,23,0,1,0,0,3,0,0,0,2,0,1,3,0,0,0,2,0,0,44,247,46,0,2,0,0,57,202,2,0,3,0,1,0,0,0,0,0,0,1,3,2,0,0,1,0,0,54,225,0,4,3,3,1,72,195,0,1,0,0,0,0,0,1,0,0,0,2,0,0,0,0,1,0,1,50,228,0,3,0,2,2,134,194,0,3,0,0,0,0,2,4,0,1,0,2,0,0,1,0,3,1,0,108,223,0,0,0,0,1,185,150,2,0,0,0,2,0,0,0,0,0,0,1,0,4,4,2,0,2,0,110,225,3,2,2,0,43,238,31,1,0,0,0,0,1,0,0,0,0,0,1,0,1,0,0,1,5,0,61,226,0,0,0,12,189,131,0,0,0,4,0,0,3,1,0,1,0,0,1,0,2,0,0,0,0,2,26,234,17,0,3,122,224,10,2,0,0,1,3,0,0,2,0,0,0,0,5,0,0,0,2,5,0,2,30,255,81,1,118,248,133,1,0,2,3,0,0,0,0,2,0,0,2,2,0,3,0,0,0,0,1,6,20,239,213,201,251,131,5,1,0,1,5,2,3,0,0,2,0,0,0,0,1,3,4,0,1,0,0,0,0,48,240,187,89,0,1,3,3,6,3,0,0,1,1,2,0,2,0,4,0,0,2,0,2,0,0,0,0,0,2,0,0,0,2,0,0,0,0,3,1,0,3,2,0,3,0,1,0,5,0,3,0,0,1,2,0,1,0,3,1,0,0,3,2,1,0,0,2,0,0,0,0,0,0,0,5,3,0,5,2,0,1,3,0,0,1,0,1,3,2,0,0,0,0,2,0,3,0,3,0,0
1,0,3,2,0,0,4,0,1,0,0,0,0,1,1,0,0,0,2,0,2,0,2,3,0,0,2,0,0,2,0,0,1,2,0,0,1,1,0,1,3,0,0,1,1,3,2,0,0,1,0,1,0,3,0,3,0,0,0,1,0,0,5,0,0,2,3,0,4,2,0,0,0,0,0,0,0,0,0,3,3,0,0,5,0,0,0,1,0,3,0,0,3,1,1,2,0,0,0,1,0,0,1,3,3,0,0,1,0,6,1,0,6,0,0,0,0,0,1,0,0,2,2,0,3,1,0,0,2,0,3,0,3,0,0,0,1,0,0,0,1,0,2,0,3,0,0,0,0,2,0,0,5,20,133,140,139,195,181,253,188,139,51,0,0,0,2,3,0,2,0,3,0,0,2,3,0,48,44,120,188,254,253,253,253,255,252,251,252,251,224,31,1,2,0,0,0,1,0,0,0,1,0,21,163,240,255,251,253,227,182,185,161,69,67,69,78,227,250,47,0,0,3,0,0,0,0,0,0,1,0,70,251,255,252,236,76,29,2,3,0,1,0,0,8,193,230,31,0,0,0,0,0,0,2,3,2,0,0,7,67,137,202,173,34,0,0,0,0,2,0,3,182,249,184,0,0,0,4,3,0,0,1,0,3,4,0,0,0,2,0,0,0,0,5,0,4,2,10,128,255,244,113,0,0,1,2,0,4,0,0,0,1,2,1,3,0,2,0,0,0,2,0,0,0,0,113,250,253,132,0,1,0,2,0,1,0,0,0,0,1,3,2,0,1,1,0,2,0,1,0,0,0,131,241,252,120,27,0,0,0,0,0,0,0,0,0,0,1,2,1,1,0,3,1,0,0,0,0,10,164,241,253,169,0,0,1,0,0,1,0,0,0,1,0,0,2,1,0,2,7,2,0,0,0,1,53,182,248,254,112,0,2,1,1,3,0,0,0,2,3,4,0,0,1,0,0,0,2,0,4,2,5,66,239,254,251,63,0,0,1,0,0,0,0,2,0,2,1,1,0,0,0,4,0,0,0,0,1,54,186,254,252,215,77,1,1,0,1,3,0,1,1,2,0,4,0,2,0,1,5,1,0,2,0,5,50,229,251,247,221,32,0,4,0,0,0,2,1,2,7,4,1,0,0,0,0,0,0,4,2,0,0,134,237,251,227,123,26,3,0,4,0,1,0,1,5,0,1,0,0,0,0,3,2,0,1,0,1,28,208,254,255,231,54,0,0,2,1,1,1,1,0,3,2,0,2,0,0,0,0,1,3,0,0,0,91,222,253,253,158,0,0,0,9,36,121,3,3,0,0,0,0,0,0,0,2,4,0,0,0,0,0,3,159,249,254,102,0,13,48,91,205,251,246,59,1,0,0,1,2,0,0,3,1,6,0,0,5,0,0,2,162,251,255,190,185,197,249,253,224,178,55,0,0,2,2,0,0,0,1,1,0,1,1,0,0,3,0,3,118,253,251,251,254,255,255,251,95,0,0,0,1,0,0,0,2,2,0,0,0,1,0,1,5,2,0,4,3,55,139,135,192,139,55,25,1,1,2,0,0,3,0,1,2,4,0,2,0,0,0,1,0,0,3,8,3,0,1,0,0,0,0,1,3,0,2,0,0,3,0,2,0,1,0,1,3,2,3,0,1,0,0,0,0,2,0,0,4,3,0,1,0,0,0,0,0,0,0,0,3,1,3,1,0,2,0,0,1,0,0,0,4,1,0,0,0,0,0,0,0,0,0,3,2,0,0,2,0,0,0,0,1,0
4,0,2,0,0,2,0,0,0,0,2,0,2,1,1,0,2,0,2,3,0,0,0,0,0,0,1,2,0,0,0,0,2,0,0,0,5,1,0,0,0,0,4,1,0,0,6,4,0,4,1,1,0,2,0,0,0,0,0,1,1,0,0,0,2,3,1,0,0,0,0,0,1,0,3,0,0,1,3,4,0,0,0,0,7,0,0,0,0,4,2,3,0,0,0,1,1,0,0,1,0,0,0,2,0,0,0,0,0,1,0,0,0,1,0,1,0,0,2,4,0,1,4,1,0,0,2,5,0,0,3,3,3,0,0,0,1,3,4,2,0,0,0,3,0,2,5,0,5,0,0,110,2,0,0,0,0,5,0,0,0,1,0,0,2,1,1,0,0,0,2,1,0,1,1,0,0,18,149,181,2,0,0,0,0,0,0,0,0,0,0,1,2,2,3,0,0,2,0,2,1,3,4,1,1,44,251,49,0,0,3,0,0,2,0,6,1,4,0,1,6,0,2,2,0,0,0,4,0,1,3,0,0,189,206,42,0,0,0,0,0,1,0,2,0,0,0,0,0,1,0,2,0,0,1,0,0,0,0,0,70,188,0,0,0,3,1,0,34,54,0,63,122,123,123,73,3,0,0,1,0,0,0,0,0,2,3,0,143,190,4,0,0,26,201,200,216,223,196,215,248,252,249,238,201,2,0,0,2,0,0,2,2,1,0,25,186,38,49,21,1,188,219,217,249,251,129,134,255,253,251,252,180,2,0,0,5,0,2,2,0,0,0,185,251,187,218,51,0,173,47,50,69,70,8,34,218,248,255,179,20,1,0,0,4,0,1,4,0,2,53,243,201,52,165,34,2,0,0,3,0,0,0,0,14,163,253,156,5,0,3,3,3,2,2,0,0,0,159,252,114,3,0,4,0,0,0,0,1,0,0,0,38,252,255,152,0,4,5,2,0,3,0,0,3,119,250,195,6,0,0,0,0,3,0,1,0,0,0,131,240,141,10,5,1,0,0,0,1,3,0,0,0,254,253,195,0,1,4,3,0,1,2,3,0,1,134,201,128,57,0,0,2,2,0,2,0,0,0,3,2,254,255,203,24,2,0,0,0,4,0,0,48,154,248,223,32,0,0,0,0,1,3,0,1,0,0,0,0,251,255,249,183,19,0,1,0,0,45,132,243,175,118,55,0,1,0,2,0,0,0,0,0,0,6,2,0,217,242,254,252,183,39,173,212,215,221,112,45,19,3,3,0,0,0,0,1,1,2,4,2,2,0,0,0,0,163,143,201,254,251,254,251,253,138,50,4,0,4,0,0,0,0,1,0,0,1,1,2,4,0,0,3,1,39,2,33,214,233,235,233,106,0,0,0,0,3,0,0,1,0,0,2,0,0,0,2,1,0,1,2,0,0,1,0,0,0,0,1,0,0,2,2,0,3,0,0,0,2,0,0,2,5,3,0,3,0,0,2,2,1,0,1,0,1,3,3,0,0,0,1,2,0,0,0,4,1,0,0,0,0,1,0,0,1,0,0,0,1,4,0,0,1,1,0,0,2,0,0,0,1,1,0,0,1,3,0,2,2,0,4,0,0,1,0,3,0,2,3,0,0,0,1,3,0,3,1,1,0,2,0,0,0,1,0,0,3,3,0,0,3,0,0,0,0,1,3,1,0,0,1,0,0,2,0,3,2,0,2,0,0,1,0,1,2,2,3,0,0,2,0,2,2,0,3,0,1,0,2,0,1,2,2,0,0,0,0,0,0,0,0,0,3,1
0,0,0,0,0,0,1,0,0,0,0,3,0,3,0,0,5,0,4,1,0,0,0,0,3,2,4,0,0,0,0,0,0,0,1,0,1,1,0,0,0,0,0,6,0,0,2,2,2,0,4,1,0,1,0,0,2,4,0,0,0,1,0,0,4,2,0,0,3,1,0,2,0,0,0,0,0,1,0,2,0,4,0,0,0,3,4,2,0,0,0,0,2,0,0,0,0,0,0,0,8,113,194,18,0,0,0,1,1,3,0,0,0,0,1,0,0,2,2,0,0,0,1,1,0,0,6,112,225,255,253,106,0,0,1,0,3,0,0,2,1,0,2,0,4,1,2,0,0,0,2,4,5,46,171,253,254,255,253,164,0,2,5,3,0,1,0,1,2,0,2,3,0,1,1,2,0,2,3,4,128,255,255,251,252,236,125,66,2,4,0,0,0,0,1,4,0,2,1,0,0,2,5,0,6,0,5,128,255,254,254,246,186,17,1,3,6,0,0,0,0,2,0,0,1,0,1,0,0,0,2,4,0,1,130,251,252,244,187,69,0,2,0,2,0,4,0,1,0,5,0,0,1,0,1,1,1,1,0,0,0,49,255,254,249,163,2,2,0,2,2,0,0,3,0,1,0,0,0,2,0,5,0,5,3,4,0,0,6,175,254,246,104,0,0,0,0,0,0,0,3,0,0,0,0,0,0,0,2,0,1,0,1,0,1,4,55,255,255,190,0,0,0,44,54,59,58,11,0,0,0,0,0,1,1,4,1,0,1,1,0,1,1,3,175,254,220,26,0,40,155,238,252,253,255,154,41,2,1,0,0,0,0,0,0,0,5,0,0,0,0,17,251,253,122,2,134,239,254,254,254,255,252,255,228,16,0,0,0,0,0,1,3,0,3,0,1,1,2,16,253,228,26,100,237,250,255,255,228,182,203,250,255,62,0,0,0,0,1,0,5,0,4,0,5,1,0,20,255,180,38,252,253,240,138,49,33,0,18,127,251,146,0,1,2,2,3,3,0,1,0,0,0,1,0,16,253,142,141,253,239,69,0,2,1,0,4,92,251,149,3,1,2,0,3,0,0,0,0,2,2,0,1,19,251,249,241,236,70,2,2,0,4,0,0,97,253,241,18,0,1,0,0,0,0,2,1,1,3,0,1,11,215,255,255,212,0,2,2,2,1,0,41,157,250,215,7,0,0,0,2,2,0,5,0,0,3,0,5,0,98,253,251,224,106,31,0,2,0,86,158,253,255,148,0,0,0,0,0,0,4,0,0,0,3,0,4,0,0,164,253,255,251,242,240,237,232,247,255,255,254,34,3,2,0,1,0,0,1,0,0,0,1,0,6,2,0,9,106,255,253,252,255,255,250,255,253,253,103,5,1,0,4,0,0,0,0,0,4,3,3,0,0,1,0,0,2,24,153,255,254,255,251,255,151,90,0,1,4,0,1,1,0,0,0,0,1,0,1,0,1,0,0,4,3,0,1,0,0,1,0,3,0,6,2,0,2,0,0,4,0,5,0,1,1,3,0,7,0,0,0,2,2,3,0,0,0,0,0,0,6,3,0,0,0,1,0,0,0,2,0,2,0,1,3,2,1,2,1,3,2,0,0,3,4,2,4,1,0,0,1,0,0,3,1,2,0,0,1,2,1,0,1,0,0,5,0,0,0,0,2,0,1,0,0,0,1,1,0,2,0,0,2,0,0,4,1,0,0,0,0,2,0,3,3,0,0,0,2,0,3,0,0,0,2,0,3,0,1,0,0,2,3,0
1,1,2,0,7,1,2,0,0,0,0,1,1,0,0,0,6,0,2,0,0,0,0,0,0,0,0,0,0,0,0,2,0,4,0,2,0,2,0,0,0,0,0,2,3,2,0,2,4,0,0,0,0,1,3,1,1,5,0,0,1,0,0,0,0,3,1,0,5,0,0,1,0,1,1,1,0,0,0,0,2,0,0,0,0,0,3,0,0,2,1,2,0,2,3,1,5,0,0,2,0,0,4,3,1,0,0,0,3,0,0,0,3,3,0,0,1,0,2,0,3,0,0,1,1,0,0,0,0,0,0,2,0,0,0,1,1,0,0,3,0,0,0,0,1,2,0,0,1,0,1,1,0,0,1,1,2,0,0,2,2,2,1,0,0,2,0,1,0,1,3,1,0,5,0,2,0,0,4,1,2,0,0,1,3,41,153,185,253,152,2,0,2,4,0,0,0,4,2,0,0,1,0,0,0,0,3,2,0,0,0,1,144,244,255,249,255,226,2,1,0,0,4,3,3,0,0,0,1,0,0,0,1,0,5,3,1,0,47,145,248,254,253,255,254,173,0,1,0,0,0,0,2,1,0,0,0,2,5,0,0,0,0,3,0,43,235,255,251,254,252,251,238,63,1,2,0,0,0,0,0,2,2,1,2,0,1,0,4,2,0,43,147,228,254,255,250,248,255,251,213,0,1,0,3,1,0,0,0,4,0,0,0,0,0,0,0,5,13,176,250,253,254,231,99,229,249,253,146,1,7,0,0,0,3,0,0,0,0,0,4,0,0,0,1,33,186,252,251,250,251,217,202,249,249,252,242,85,0,0,2,0,0,1,1,0,0,0,0,0,0,2,20,144,248,252,255,255,250,250,255,254,254,253,255,228,2,0,5,1,3,2,0,2,0,0,0,0,0,46,229,254,249,252,251,255,252,248,252,255,240,137,108,96,3,2,1,0,1,2,0,0,0,3,1,1,48,171,253,252,251,251,252,254,255,253,255,208,23,0,1,0,1,0,2,0,3,0,0,0,3,0,2,57,240,254,249,255,255,252,253,250,255,249,214,92,0,1,0,0,0,0,0,0,1,0,0,0,0,0,4,111,253,254,253,252,251,184,150,253,253,252,105,0,0,1,0,0,0,0,0,0,0,3,0,0,0,0,2,110,250,252,176,130,23,10,15,251,252,210,13,0,1,0,2,0,0,0,0,2,1,0,2,0,2,3,4,19,40,36,6,0,0,26,213,252,214,32,3,0,0,0,0,5,3,0,0,0,0,3,0,0,0,0,1,0,2,2,1,0,0,134,251,251,97,3,0,3,0,0,2,0,3,0,0,0,0,3,0,2,3,0,0,0,2,0,0,5,26,229,247,198,1,0,2,0,0,2,0,0,6,0,1,0,0,0,1,2,1,0,2,0,1,4,0,7,141,250,217,5,0,3,0,0,1,0,1,6,0,0,0,0,5,0,1,0,0,0,0,0,2,2,2,56,255,231,39,1,3,0,3,0,0,3,3,1,0,0,2,2,0,4,0,0,3,0,1,0,3,3,0,52,251,225,0,0,0,0,1,0,0,0,1,1,0,0,0,1,1,0,1,2,0,0,0,0,0,2,5,28,209,226,0,0,1,0,0,0,0,2,0,0,0,0,2,0,1,4,0,0,0,2,0,0,1,3,0,0,0,2,3,0,0,0,2,0,0,2,5,0,0,1,0,0,2,2,0,0,1,0,1,1,0,1,2,1,0,1,3,2,0,2,0,0,0,0,0,1,0,2,1,0,3,0
0,0,1,0,4,2,3,0,0,0,1,0,1,0,3,0,0,1,0,0,0,4,0,0,3,0,5,4,0,1,0,2,0,0,0,0,0,3,3,3,0,0,0,1,0,3,0,0,0,4,2,1,3,0,0,0,0,0,0,0,0,0,0,0,1,0,0,0,5,0,0,0,4,0,0,3,0,0,2,4,0,2,0,6,0,0,0,1,0,0,0,0,2,0,0,2,0,3,0,3,0,3,1,4,0,0,0,3,1,1,0,0,5,0,0,0,3,0,2,0,2,1,0,2,2,0,4,0,0,0,0,1,1,3,0,0,0,0,0,2,0,0,3,0,1,0,1,2,3,1,0,0,0,3,1,124,254,255,234,44,1,0,2,0,0,1,1,0,5,2,0,0,1,0,0,0,0,1,2,3,37,156,244,251,253,254,254,218,3,2,0,3,0,1,2,1,0,0,0,1,1,0,0,0,1,2,6,35,157,251,254,247,230,220,251,254,148,1,0,3,1,0,5,0,0,0,0,4,0,0,3,0,2,0,2,210,252,253,168,119,16,175,255,252,230,1,0,1,5,0,0,2,0,0,0,2,2,2,0,0,3,1,34,232,251,185,6,0,0,174,255,251,175,0,1,0,0,0,0,0,3,0,2,1,1,0,2,0,1,0,140,255,225,51,1,0,0,178,253,240,66,3,0,0,0,0,0,0,0,0,0,2,0,7,0,0,2,84,252,252,176,0,3,18,110,236,250,181,1,0,2,0,1,0,1,3,0,0,2,2,3,1,0,0,0,100,255,253,197,79,78,120,255,254,241,62,4,3,0,0,3,0,0,0,0,1,0,0,0,1,0,0,0,75,245,251,255,254,250,255,253,248,213,0,0,0,0,0,0,0,0,0,0,0,0,1,0,3,1,0,3,0,191,247,254,253,221,252,252,252,117,0,2,0,1,0,0,0,4,0,0,0,0,6,1,0,0,0,3,0,24,175,222,198,59,205,252,253,82,1,0,0,3,3,2,1,0,0,0,0,0,0,0,1,1,0,0,0,0,1,36,4,14,204,253,221,22,1,1,0,0,3,0,0,1,0,0,3,0,0,0,2,0,0,5,0,0,0,4,0,90,253,251,184,1,0,2,2,2,1,1,1,0,1,0,0,1,3,0,1,0,0,17,155,110,2,2,1,199,255,251,77,0,1,2,0,2,0,0,0,0,0,0,0,1,3,0,5,0,0,103,255,161,0,0,17,204,250,253,78,0,2,0,1,0,0,0,1,0,6,0,0,0,2,2,1,0,0,101,255,216,25,9,160,253,253,246,70,0,1,0,2,0,1,0,0,0,0,5,0,3,2,0,3,2,0,95,249,255,164,180,250,250,252,188,0,0,1,1,0,3,0,2,0,2,0,2,0,0,0,0,5,0,3,3,225,246,252,250,255,253,190,0,2,0,0,0,1,0,1,1,5,0,5,0,0,1,0,0,0,0,0,1,98,251,255,255,250,219,34,0,2,0,3,0,1,0,0,2,1,0,1,0,1,0,0,0,0,0,0,0,50,122,234,148,126,27,0,0,4,5,0,0,0,0,2,0,4,0,1,3,1,0,0,3,0,0,0,1,3,0,0,0,0,2,1,0,0,0,1,3,0,0,3,0,0,0,0,2,0,0,0,1,1,0,3,2,0,0,0,0,0,0,0,1,0,3,0,0,3,4,0,1,0,0,5,0,1,0,0,2,0,1,0,0,5,1,0,0,0,0,0,0,2,0,6,1,0,0,3,0,0,0,2
2,0,2,1,0,0,0,0,0,0,0,0,0,0,0,2,0,3,0,0,3,2,0,4,0,2,1,0,1,0,0,0,0,2,0,1,3,2,0,1,0,0,0,0,1,0,0,4,3,0,0,3,0,0,2,1,0,0,0,7,1,0,0,0,1,4,1,0,4,0,0,0,0,0,1,0,0,2,0,3,5,4,0,1,0,3,3,0,0,0,0,3,1,0,0,3,1,0,0,3,0,0,0,0,0,4,0,0,0,0,0,0,1,0,3,0,0,0,3,0,0,0,0,3,0,0,0,0,1,2,0,4,2,0,2,2,0,0,1,1,1,0,0,0,124,122,75,2,1,0,1,4,3,0,1,0,3,0,0,0,0,0,0,0,5,2,3,1,2,0,0,2,255,255,250,240,237,243,244,242,241,239,242,113,106,109,181,86,1,0,0,0,2,1,1,2,0,0,3,0,251,254,255,253,253,253,254,250,255,253,253,251,250,253,255,201,1,0,1,3,0,0,1,0,0,1,0,0,105,174,174,172,196,255,255,251,255,253,255,251,250,252,252,196,4,0,0,2,0,1,0,0,2,4,0,0,0,2,4,0,66,255,246,250,255,252,224,186,189,145,122,47,0,2,0,2,0,3,2,0,0,4,3,0,0,3,0,1,95,251,253,252,250,130,32,0,4,1,0,0,1,4,0,0,0,0,0,0,1,3,4,0,0,0,0,18,207,255,252,235,78,0,1,0,0,3,4,0,4,3,0,0,0,3,0,0,1,1,0,0,0,0,0,78,253,253,255,245,161,159,95,0,0,0,0,0,0,0,2,2,0,1,0,0,0,0,0,0,0,0,5,0,121,255,254,252,255,252,252,147,145,32,14,1,0,0,0,0,0,0,0,0,0,5,0,4,1,0,1,0,30,117,210,254,252,253,255,255,251,253,255,159,40,0,1,0,0,2,1,0,1,2,0,1,0,2,1,0,0,0,3,0,79,131,190,255,255,255,253,255,255,169,113,0,0,0,0,3,0,0,3,2,0,0,0,0,0,0,2,2,1,3,7,13,133,178,252,254,255,254,245,107,0,0,2,1,0,0,0,0,0,0,4,3,0,3,1,2,0,0,0,0,1,6,22,54,224,252,247,252,0,3,0,0,0,1,0,0,0,4,0,0,1,2,3,0,2,0,3,4,2,0,0,60,201,254,254,253,1,0,0,0,0,1,3,0,2,0,0,102,204,156,5,0,0,0,0,1,57,67,174,238,250,255,254,219,0,4,1,4,3,0,0,1,2,5,21,218,255,243,95,57,51,125,186,185,246,249,253,254,253,252,250,27,0,0,1,5,0,3,1,0,0,0,79,248,249,255,252,254,254,252,254,254,250,253,252,245,210,198,79,0,0,2,0,0,0,0,0,1,0,1,0,194,230,255,253,253,255,255,255,250,242,227,118,76,0,0,0,1,3,0,5,4,0,3,0,0,0,0,0,2,31,208,238,239,159,108,105,107,68,0,1,2,5,0,3,1,0,0,0,0,3,0,4,1,2,0,0,2,0,1,1,3,0,2,0,2,5,0,1,0,0,0,1,0,0,2,0,0,7,1,2,2,2,0,0,0,5,1,0,2,0,0,1,1,3,0,0,0,0,2,3,1,4,2,3,0,0,0,0,1,1,4,2,0,0,4,3,6,0,0,3,4,3,2,2,0,2,0,0,0,3,0,1,2,0,0,4,0,0,2,1,3,1,0,0,0,0,0,2,2,0,3,0,2,0,1,0,0,0,5,0,2
1,1,2,0,0,0,0,4,1,2,1,0,2,0,0,2,3,1,0,4,1,0,0,4,4,0,2,0,3,0,0,1,2,2,3,2,1,0,0,0,2,2,0,5,0,1,3,0,0,0,1,0,1,0,1,1,0,0,4,0,0,0,0,0,0,0,0,0,3,0,1,0,1,1,0,1,0,2,0,0,1,1,0,1,0,2,4,1,0,0,2,0,0,0,3,0,1,1,0,0,1,0,0,0,0,0,3,0,3,0,0,0,0,0,3,0,2,0,0,0,4,0,0,1,0,0,0,0,0,0,0,1,2,0,1,0,2,0,0,3,1,0,2,1,2,0,2,2,0,49,237,255,249,253,255,252,143,34,0,0,1,0,0,6,1,3,0,0,3,0,0,0,0,0,0,0,0,235,251,254,255,253,252,254,251,84,0,0,0,2,2,2,0,0,4,0,0,2,0,3,2,0,0,1,0,221,247,252,249,251,255,253,250,198,22,2,0,1,0,5,0,1,3,0,0,0,4,0,0,1,0,3,0,100,254,255,253,252,254,251,252,249,99,0,0,2,1,0,0,3,0,1,0,0,1,3,0,3,0,1,0,4,230,251,255,253,254,253,249,145,0,0,1,0,3,0,0,4,0,0,0,1,0,1,0,0,3,0,2,176,255,255,255,252,251,255,226,45,0,1,0,3,1,1,0,0,4,2,0,0,0,0,0,1,2,0,1,129,250,255,252,251,254,251,73,0,0,3,3,0,3,0,0,2,0,2,1,0,2,0,2,6,0,5,2,89,245,251,250,254,255,253,212,94,3,0,0,1,0,0,1,0,4,1,1,0,0,3,1,0,1,0,0,4,207,253,251,254,253,253,250,244,90,0,0,1,3,6,0,0,5,1,0,0,1,0,3,4,1,0,3,2,40,219,251,253,255,250,251,250,253,1,0,0,0,2,0,0,0,0,3,2,0,1,0,0,0,0,0,0,1,1,0,79,255,253,250,252,253,191,12,0,0,3,2,0,4,0,0,0,1,0,0,1,0,0,3,0,0,0,0,0,28,183,253,250,251,253,80,2,1,0,0,0,0,0,0,0,1,2,3,0,0,0,0,0,0,4,0,0,0,84,255,250,255,255,165,0,0,3,1,0,0,0,5,1,0,0,2,0,0,0,1,4,2,2,4,0,0,98,251,252,253,251,165,6,0,0,0,0,1,0,0,1,4,3,0,0,0,0,0,0,2,0,0,1,144,234,254,248,251,248,165,0,0,0,1,0,1,3,0,1,0,0,0,0,0,12,114,113,51,114,114,113,255,252,252,253,255,205,13,0,0,0,1,0,0,0,0,0,0,0,1,0,0,152,253,255,240,254,253,249,254,250,252,253,253,14,4,0,5,0,3,0,3,0,4,0,0,1,2,1,0,168,250,255,253,251,254,251,248,249,254,195,54,2,0,0,0,1,3,0,2,1,4,3,0,0,0,3,0,150,238,255,249,255,252,249,238,240,194,30,0,2,0,1,0,3,3,0,0,2,0,0,0,0,1,0,0,0,64,171,251,253,157,112,48,73,0,0,1,1,2,3,0,0,2,0,0,0,0,4,0,3,0,0,2,0,0,1,1,4,2,0,1,3,0,0,0,0,0,0,1,0,2,1,0,0,2,0,0,0,0,0,1,0,0,0,1,0,3,0,4,0,0,0,0,0,4,1,0,0,2,1,0,0,1,0,0,1,5,1,0,1,0,0,0,2,0,2,3,2,0,3,0,2,0,0,0,3,0,2,1,1
0,0,0,0,0,0,4,0,0,0,0,2,0,1,0,0,1,1,3,0,0,0,0,0,0,0,0,3,3,1,2,0,0,1,0,1,0,1,0,0,0,2,3,4,0,1,0,0,0,3,2,0,1,0,6,0,3,1,0,0,0,4,0,1,0,0,3,2,0,0,1,4,1,0,0,0,0,0,0,0,0,1,0,2,0,0,3,1,0,1,0,0,0,1,3,0,0,3,0,0,0,0,0,0,0,0,0,0,0,1,0,2,2,0,1,5,0,0,1,2,0,0,4,1,2,0,0,3,0,0,0,1,0,3,0,0,4,0,0,5,0,0,2,1,1,0,0,0,65,126,123,253,192,127,125,129,65,3,1,3,0,2,0,1,0,0,1,0,0,0,0,0,0,0,3,190,253,255,251,255,255,251,255,251,252,255,185,3,5,1,0,2,1,0,2,0,1,0,2,2,0,0,0,62,254,255,252,254,252,255,254,255,255,255,255,126,2,0,0,0,0,0,3,2,2,0,0,1,0,0,0,0,66,126,130,129,252,255,252,255,255,253,250,255,67,1,2,1,3,1,0,0,2,2,0,0,2,1,1,0,0,1,1,0,1,1,0,61,254,252,255,254,130,6,0,0,3,0,2,1,1,0,1,0,0,0,0,3,0,2,3,0,2,3,0,0,192,253,255,253,128,0,2,0,1,0,1,0,0,0,0,0,0,0,3,0,3,0,2,2,2,4,66,193,255,255,250,255,129,4,3,0,0,2,4,0,0,0,0,0,0,0,0,0,0,2,0,5,0,126,250,255,255,255,252,189,0,0,1,0,0,2,3,0,3,2,1,0,2,3,0,1,68,130,255,255,249,254,254,255,255,255,255,3,3,0,2,1,0,1,0,0,2,2,3,1,0,0,0,4,195,255,255,255,255,255,255,255,252,255,251,2,0,1,1,5,0,4,4,1,2,0,0,0,0,0,0,3,196,255,255,251,251,255,255,251,252,255,255,188,0,4,4,4,1,0,3,1,0,0,0,3,0,1,1,0,63,252,254,255,255,255,254,255,254,254,255,255,1,0,0,0,0,0,7,0,0,3,1,2,2,0,3,3,0,0,130,65,4,0,0,0,255,255,255,253,65,0,0,0,2,0,0,0,1,2,1,0,0,5,1,0,0,1,0,0,6,0,0,1,254,255,253,255,66,1,0,1,0,0,7,1,0,0,0,2,0,3,4,1,60,123,2,1,0,0,66,193,255,251,253,192,0,1,0,6,0,3,0,1,0,1,0,0,3,2,0,64,250,255,125,1,1,66,192,255,255,255,255,0,0,3,4,0,0,0,0,2,0,0,0,0,0,0,0,126,255,255,255,129,192,252,253,252,252,255,65,0,3,2,0,0,2,0,0,0,0,0,0,0,4,0,0,132,251,253,254,254,255,249,253,255,255,63,0,0,0,0,0,4,1,1,0,2,3,3,0,0,0,0,3,0,134,254,253,255,252,254,253,252,129,2,1,0,0,3,1,2,2,0,0,3,0,0,3,2,0,2,1,3,0,64,193,255,255,255,133,2,2,1,3,0,1,3,0,2,4,0,0,0,2,0,0,3,0,0,2,1,0,0,2,0,1,0,1,1,6,0,0,0,2,1,0,0,1,0,0,2,0,2,0,1,2,0,2,0,1,2,0,0,1,0,0,3,0,0,0,4,0,0,0,3,0,0,0,0,1,1,4,0,0,0,0,0,1,0,0,0,1,3,0,1,0,0,0,2,1,3,0,2,0,0,0,1
1,3,0,0,0,1,0,2,3,1,0,0,2,0,3,0,0,0,2,1,0,1,1,0,0,0,1,1,3,0,1,0,0,0,0,0,0,4,0,1,0,1,1,3,4,1,0,1,1,0,0,2,0,0,4,0,0,0,0,0,1,0,0,0,2,0,0,2,0,2,3,0,4,0,1,0,4,0,0,0,0,0,3,3,2,1,1,0,0,0,2,1,0,1,5,0,70,165,227,253,116,14,3,0,0,0,0,1,2,0,0,1,2,0,0,2,0,0,2,1,4,0,21,157,249,253,215,229,255,52,0,3,0,0,0,3,0,2,0,2,2,0,0,4,2,4,1,0,1,103,229,249,143,55,12,166,253,124,0,0,5,0,0,0,0,2,1,0,0,0,1,0,1,1,0,15,183,253,218,77,0,3,0,164,250,129,0,4,0,0,0,2,0,1,0,0,0,0,3,0,1,0,0,103,248,159,25,1,0,4,1,167,252,127,0,0,0,0,1,1,0,3,0,0,1,1,0,0,2,0,1,189,176,1,4,2,0,0,0,163,250,126,3,0,3,0,0,4,0,0,0,0,0,3,0,0,1,0,2,24,30,0,0,4,0,1,1,162,255,127,2,3,0,0,0,1,2,0,0,0,0,0,0,0,0,0,0,0,3,3,1,0,0,1,0,164,251,129,0,0,0,0,2,0,1,4,0,0,4,0,0,5,1,2,0,0,3,0,1,0,0,4,6,234,248,57,0,0,0,0,0,0,0,0,3,0,0,0,2,0,1,3,0,5,0,0,0,0,2,0,95,253,164,0,4,1,4,0,1,1,2,1,0,4,3,0,0,1,3,1,0,3,0,2,0,3,1,9,228,255,108,0,4,4,3,2,0,0,3,0,0,0,3,0,1,0,0,1,2,1,1,0,0,3,1,157,253,238,20,1,0,0,0,0,2,3,0,2,0,0,1,0,0,2,0,0,3,0,0,0,1,0,17,226,253,92,0,0,0,3,2,2,3,0,0,1,0,0,0,0,2,0,0,1,0,1,0,0,0,0,146,255,206,1,0,0,0,0,0,0,4,0,0,0,0,0,0,0,0,0,0,0,0,1,0,4,0,69,247,252,70,0,0,0,2,1,1,0,0,0,0,0,1,0,0,0,0,1,0,0,0,2,0,1,23,245,254,176,43,0,1,1,0,0,1,1,5,0,1,0,0,1,2,0,1,0,0,4,0,0,54,178,242,255,250,251,240,154,25,0,3,1,0,2,1,0,0,5,1,2,0,0,5,0,0,0,1,42,245,252,254,248,213,217,243,255,180,49,37,66,63,129,43,0,0,2,2,1,0,0,0,1,2,0,0,127,251,250,212,49,0,1,77,246,251,252,255,250,244,232,135,1,4,1,2,1,1,1,0,0,0,0,0,45,222,163,0,2,0,1,0,47,123,164,158,131,32,3,3,6,3,0,0,1,0,1,3,2,1,2,0,2,0,1,2,0,2,0,1,0,0,1,2,0,0,2,0,2,0,3,0,0,2,0,1,0,0,3,1,0,4,3,4,0,0,1,2,0,2,0,0,2,0,0,0,2,0,0,4,0,0,2,1,1,0,1,0,0,0,0,0,2,3,0,0,0,0,0,1,3,2,2,0,0,2,0,1,0,1,0,1,0,2,0,3,3,0,0,0,0,0,3,0,0,1,1,1,0,2,3,0,0,0,0,1,0,2,0,0,0,0,0,2,0,0,2,0,0,2,0,0,0,1,2,0,0,0,4,0,1,0,0,2,3
1,2,0,0,0,0,1,0,0,0,0,0,0,0,0,0,0,0,0,0,0,0,0,0,2,0,1,1,0,4,0,1,2,0,0,0,0,0,0,1,2,0,0,0,0,0,0,1,2,1,3,1,3,4,0,3,0,2,0,0,0,0,3,5,1,0,0,3,0,0,1,4,0,3,0,0,5,3,0,4,0,0,2,2,1,3,0,1,0,3,8,0,3,0,0,0,0,2,0,2,2,5,4,1,0,2,0,3,2,3,0,1,3,3,1,0,1,1,0,3,0,79,92,130,252,203,89,60,0,0,0,4,0,0,0,0,3,1,0,0,0,1,1,0,0,0,0,35,181,243,248,197,71,229,240,227,167,17,12,0,1,0,3,2,1,0,0,0,0,2,0,0,0,3,47,220,252,165,62,0,0,0,6,145,231,252,217,0,2,0,0,0,0,0,2,1,0,0,4,2,3,16,222,253,238,32,0,1,2,0,0,0,60,255,244,105,5,0,2,0,0,0,4,0,0,0,0,0,0,17,255,237,69,0,0,1,0,2,0,0,29,252,253,255,31,0,0,1,1,1,0,0,1,0,2,0,0,1,109,176,0,2,1,0,0,4,0,1,22,253,241,123,9,0,0,2,0,0,0,0,0,5,0,2,0,1,0,1,1,0,5,0,0,0,0,0,117,252,213,0,0,0,0,0,0,0,0,0,2,0,3,1,0,0,0,0,0,0,1,0,0,1,9,228,245,222,47,4,3,3,0,1,0,0,0,1,0,3,0,0,3,0,0,0,1,0,0,4,0,52,156,255,237,52,2,4,0,0,0,3,4,0,2,1,0,0,0,2,4,0,0,0,0,0,0,0,0,247,255,252,249,173,82,38,3,1,0,0,0,0,5,3,3,2,0,0,0,0,0,1,4,1,2,1,0,234,242,83,95,245,247,212,140,12,8,0,3,1,0,5,0,1,2,0,0,5,0,0,0,0,1,0,0,0,0,0,0,0,25,154,239,251,176,0,0,0,0,1,0,1,0,0,0,18,22,6,3,0,0,0,1,0,1,1,1,1,3,0,101,251,233,69,0,0,2,1,4,0,1,4,116,213,252,55,0,0,1,0,1,0,5,2,0,0,3,1,58,255,253,86,2,0,0,1,1,1,0,0,104,244,252,79,6,2,0,0,0,0,0,0,2,1,0,1,57,255,252,90,0,0,0,0,1,1,2,0,0,99,249,238,125,107,0,0,1,1,0,2,0,3,0,0,60,249,255,89,0,1,0,0,0,1,0,3,0,4,103,241,253,244,131,4,0,1,2,0,4,3,4,31,210,216,148,10,4,1,0,0,2,0,0,1,1,4,2,102,253,255,254,122,93,100,0,0,0,3,0,131,250,106,2,3,4,0,4,1,0,2,0,0,2,0,0,3,14,151,179,244,246,247,241,235,238,239,239,249,185,76,0,0,4,2,0,0,0,0,2,0,1,0,2,0,0,0,2,121,148,144,251,252,253,252,118,91,14,0,1,2,3,2,0,2,0,0,2,0,1,1,3,3,3,0,2,0,2,0,0,0,1,0,0,0,3,2,0,2,4,0,3,0,0,3,1,0,0,0,0,1,0,0,0,2,2,0,0,0,1,0,0,0,2,0,0,0,2,3,4,0,0,3,4,0,0,0,0,0,0,0,0,0,0,0,1,0,0,0,0,1,0,3,0,1,0,0,2,1,0,0,1,2,5,0,2,0,0,0,1,0,0,0,1,0,3,0,0,0,0,0,1,1,0,1,3,1
0,0,1,0,0,0,4,4,0,0,1,4,4,2,0,0,0,2,2,1,2,0,1,0,0,0,0,0,3,3,4,0,3,4,0,4,2,2,5,0,4,4,3,2,2,0,2,0,1,1,0,4,0,0,1,0,0,0,0,0,1,2,1,0,2,0,0,2,0,3,1,0,2,1,1,1,0,2,2,0,1,3,0,0,1,0,3,0,2,0,3,0,0,0,0,1,2,1,0,3,0,0,0,0,1,3,0,0,0,0,1,2,0,0,2,3,0,0,0,0,0,0,0,3,3,0,0,2,0,2,1,3,1,0,0,0,2,0,0,0,0,2,0,0,0,0,2,3,0,1,2,0,0,0,0,0,0,0,0,1,4,1,1,3,0,3,1,3,0,2,0,2,0,3,0,2,0,1,0,0,0,0,1,0,0,0,2,0,2,0,0,0,0,0,0,0,2,2,0,4,0,5,0,0,0,0,17,111,138,139,200,233,144,134,83,0,3,0,0,0,3,0,1,1,5,0,2,1,2,2,1,0,18,112,217,254,254,250,253,230,255,249,252,101,16,0,1,0,1,4,1,0,0,2,3,5,3,0,0,0,201,254,252,209,186,130,69,37,96,87,206,255,92,0,3,0,1,2,0,0,0,1,3,0,2,2,3,170,247,245,142,14,0,0,1,0,0,2,76,249,185,5,0,0,2,2,0,0,3,1,0,5,1,2,66,251,253,125,1,0,1,0,0,0,0,3,109,252,153,2,0,0,0,6,3,7,2,0,1,0,0,0,39,228,252,117,2,3,0,4,0,0,1,0,182,255,92,4,3,0,0,0,0,1,0,0,1,3,2,3,57,244,250,113,0,0,0,0,0,0,0,16,232,249,78,1,0,3,0,0,3,0,2,0,1,0,0,0,1,174,250,154,26,3,1,0,2,0,0,126,252,225,3,2,1,0,0,0,0,0,1,1,2,0,6,2,2,63,245,252,201,26,0,0,4,3,98,244,255,233,0,0,3,4,0,0,0,1,2,0,4,0,3,0,4,2,175,255,249,239,188,167,233,230,247,252,254,178,0,1,3,6,0,0,0,0,0,0,0,0,1,4,0,1,2,11,134,247,253,242,234,231,229,250,254,109,0,1,1,0,0,3,0,0,0,2,0,0,0,0,1,0,1,0,1,64,94,48,0,0,1,209,248,4,5,2,0,0,1,0,0,0,0,0,0,0,0,0,2,0,0,4,0,2,2,0,1,2,0,123,252,1,1,0,0,1,0,0,0,3,4,0,0,3,0,0,0,0,0,4,0,1,0,2,0,4,0,139,250,0,0,0,0,2,0,5,3,0,0,1,2,1,0,0,0,1,3,1,2,0,4,0,0,2,36,226,250,0,3,1,0,4,3,0,0,2,2,2,0,1,0,0,1,0,0,0,2,1,0,0,0,2,66,253,243,0,0,0,0,0,1,0,0,0,0,0,0,0,1,0,0,3,1,1,0,2,0,0,3,0,123,251,137,2,0,3,0,2,4,0,0,0,0,0,0,4,0,0,0,2,0,0,2,0,0,1,0,0,73,248,131,1,0,3,0,3,3,2,2,0,0,0,0,0,1,0,0,1,2,2,4,0,0,0,0,0,45,234,230,137,1,4,0,2,0,5,0,0,0,0,0,0,4,0,0,3,0,2,1,4,0,2,1,1,0,155,254,71,0,0,0,0,0,0,2,0,2,0,0,0,2,3,0,0,0,1,2,0,2,0,0,0,1,3,0,0,0,2,0,0,1,0,0,0
0,0,1,0,3,1,6,0,3,0,1,0,2,2,0,0,2,0,0,0,0,1,1,0,0,2,0,3,0,0,1,0,0,0,3,5,1,1,0,0,0,0,0,0,1,3,0,0,0,3,3,1,0,1,0,0,0,0,0,3,2,0,1,0,2,0,0,4,0,0,0,5,0,0,0,1,0,0,0,0,0,1,2,0,6,0,1,1,2,0,1,0,0,1,2,3,0,2,0,0,0,0,0,0,2,1,0,3,0,0,0,0,0,0,0,4,0,1,2,0,0,0,3,5,0,0,0,77,253,216,8,1,0,0,0,0,0,0,2,0,0,1,0,0,0,4,0,0,0,1,6,3,0,3,0,70,248,214,0,1,0,0,3,4,0,0,4,1,0,1,0,0,0,0,2,0,0,0,1,0,4,1,3,74,251,248,123,0,0,0,0,3,0,0,6,0,0,0,0,0,1,2,0,1,0,0,2,0,2,5,2,148,250,253,144,1,2,2,3,0,0,3,2,0,0,0,0,0,0,0,1,0,2,0,0,0,2,0,0,251,249,226,39,0,1,0,0,0,1,2,4,0,6,0,0,0,0,0,3,0,1,2,2,5,0,0,50,254,248,213,0,1,2,0,0,0,0,0,6,0,2,2,3,2,1,1,1,1,0,7,0,0,1,0,178,252,249,212,3,7,0,3,0,2,0,1,2,0,0,0,0,0,4,0,0,0,0,0,0,0,0,18,190,254,250,212,2,3,0,0,0,0,1,0,0,0,0,0,0,3,0,0,0,3,3,1,0,0,0,108,249,255,251,134,0,2,0,0,0,4,0,0,3,3,2,1,0,0,1,0,0,0,2,0,0,2,3,112,250,251,252,33,3,2,1,0,0,2,1,0,2,0,1,0,0,1,0,2,0,0,0,0,0,2,35,250,255,255,209,26,0,0,0,0,3,0,0,0,0,0,2,2,0,0,0,2,1,0,4,0,3,3,36,253,251,251,106,1,0,3,8,0,0,1,0,2,0,1,0,4,1,0,0,0,1,0,2,0,0,0,191,251,250,193,16,1,0,0,2,0,0,1,3,0,1,2,0,0,2,0,0,3,2,0,0,0,1,62,231,253,251,178,0,4,0,1,0,1,6,0,0,3,0,2,0,2,2,2,1,0,0,0,0,1,4,145,255,248,248,180,1,3,0,0,0,0,4,0,1,0,0,2,0,1,0,1,0,0,0,0,1,2,0,142,255,252,250,2,0,4,2,2,0,4,0,0,0,1,0,0,1,0,0,0,0,2,0,0,0,1,0,147,251,249,250,0,0,0,2,0,0,4,2,1,0,1,1,4,3,0,0,5,0,1,3,3,0,1,1,143,249,249,225,0,0,1,2,1,5,0,0,0,0,0,4,0,0,0,1,0,0,2,0,2,0,4,0,144,247,251,68,0,0,1,4,4,2,4,2,1,2,0,0,0,0,0,2,0,0,0,0,1,0,0,0,42,229,173,22,0,7,0,0,1,4,0,0,2,0,4,2,4,0,0,0,0,2,0,0,0,0,0,0,3,1,0,0,0,0,1,2,0,0,2,0,1,0,1,5,0,2,0,0,3,0,1,1,4,0,0,0,1,2,0,0,0,1,0,0,1,0,0,0,3,1,0,0,0,0,0,0,0,3,0,0,0,1,0,0,1,0,0,0,1,0,2,0,1,0,5,0,0,0,0,1,0,0,1,1,0,0,1,0,0,0,0,0,3,1,0,0,1,1,4,3,4,0,5,0,4,6,4,1,0
0,0,2,0,0,0,0,4,0,0,0,2,0,0,0,0,0,1,3,0,2,5,0,0,2,0,1,1,1,1,0,5,0,3,0,0,2,1,0,1,1,0,0,0,0,0,4,3,4,2,1,5,3,0,0,0,2,0,4,3,0,0,0,0,0,0,0,0,2,3,1,0,1,1,2,0,0,0,2,0,1,0,0,0,2,0,0,2,1,0,0,2,1,0,0,2,0,1,1,3,0,0,0,0,0,0,0,0,3,0,1,1,0,0,0,1,0,1,1,2,0,3,1,2,3,14,126,169,222,63,1,0,1,0,3,0,0,2,0,0,4,0,0,0,2,0,1,0,3,0,1,0,121,242,251,189,215,229,17,0,0,0,0,2,1,0,0,3,2,0,0,0,0,3,0,1,1,1,22,173,254,174,48,4,40,255,52,0,7,1,0,0,1,0,0,0,0,0,0,0,5,0,1,0,0,22,206,255,126,6,3,0,62,255,52,3,1,0,4,4,0,0,0,1,4,0,0,0,2,2,2,0,0,175,238,62,8,1,1,0,175,246,39,0,0,0,1,0,1,2,3,1,1,0,2,0,3,0,0,0,66,255,91,0,0,2,1,0,216,216,0,1,0,0,0,2,1,0,3,0,2,0,2,0,0,0,0,0,58,197,10,1,0,3,3,0,211,171,1,0,0,0,0,0,0,5,2,4,0,1,0,0,0,0,1,0,2,0,0,0,1,1,1,7,226,116,0,0,0,0,0,0,0,0,2,1,0,0,2,2,2,2,0,1,1,0,0,0,2,5,0,43,254,47,1,0,0,0,0,0,0,0,0,1,0,3,0,0,0,2,0,1,2,1,0,2,0,0,0,98,234,25,0,2,0,2,0,0,2,1,1,0,0,0,0,3,2,4,0,0,3,3,4,1,0,0,12,221,132,1,0,2,0,1,0,1,3,4,0,2,1,3,0,3,0,0,1,0,1,1,0,0,0,0,107,255,45,0,0,3,0,0,1,1,1,0,1,0,2,0,4,4,0,6,3,1,1,4,0,0,3,10,226,208,10,0,2,3,1,1,1,0,2,0,2,3,1,1,0,2,1,0,0,1,0,0,0,2,0,101,255,84,0,3,2,0,1,0,3,0,2,0,0,2,3,1,0,1,0,0,1,1,0,0,3,0,23,237,169,10,0,1,0,0,0,0,0,0,0,0,1,0,0,0,2,0,0,2,0,0,2,0,3,0,157,253,32,2,2,0,2,0,0,0,2,3,0,0,0,3,2,0,0,0,0,0,0,3,0,0,0,83,246,177,13,0,6,0,10,17,15,16,9,4,0,0,0,2,0,0,0,0,0,0,2,0,0,0,32,245,209,14,25,112,181,182,239,255,249,246,152,21,0,3,0,4,2,1,1,3,0,0,0,2,0,1,236,255,182,196,255,250,210,163,96,70,5,0,4,0,0,0,0,2,0,4,2,0,1,0,0,0,2,0,236,255,175,122,80,12,3,2,0,1,0,4,1,0,2,2,1,0,1,1,0,0,0,2,4,2,0,3,1,0,0,2,0,0,0,0,1,0,1,0,0,0,0,0,0,0,3,3,0,3,0,0,0,4,0,0,0,0,3,0,0,3,0,3,1,1,0,0,0,0,2,0,0,0,0,0,0,3,0,0,0,5,1,0,0,4,2,0,1,0,1,0,0,2,1,3,0,3,0,0,0,0,0,1,0,2,5,1,1,0,1,0,0,0,0,0,0,1,1,0,2,2,0,4,5,4,0,3,1,0
0,1,0,0,1,1,0,1,0,0,2,0,0,3,2,0,0,2,0,1,3,0,0,1,4,0,2,0,0,3,0,0,2,2,0,1,2,0,3,0,0,1,0,0,1,0,1,0,1,0,0,1,3,0,0,2,0,1,1,0,2,0,0,0,1,0,2,0,3,1,0,3,0,2,2,0,0,2,1,1,0,2,0,0,0,1,5,0,1,0,0,1,0,0,2,2,3,1,0,0,0,4,3,0,0,1,1,1,0,3,0,0,1,0,1,1,1,0,0,2,0,2,1,0,0,0,2,0,0,0,41,203,102,0,1,4,0,2,0,0,0,0,2,1,2,2,4,0,0,0,0,0,4,0,2,3,68,179,251,253,215,0,0,0,2,0,0,4,5,0,2,3,1,6,3,0,0,7,1,0,3,0,0,149,247,254,255,206,189,1,1,0,0,1,4,0,0,0,0,3,1,3,3,3,1,0,3,3,0,3,142,255,255,223,99,2,41,0,0,0,2,0,2,0,3,0,3,2,1,0,0,3,1,1,0,2,25,162,254,254,160,18,2,2,0,2,1,0,1,0,0,2,0,3,0,0,0,1,0,2,0,2,0,13,208,254,253,229,2,4,3,1,0,0,0,0,0,0,2,0,1,1,0,1,4,0,0,1,0,1,4,142,253,255,202,17,3,4,2,1,0,1,0,1,0,0,4,1,0,0,1,0,3,2,0,1,0,1,36,250,251,243,20,0,3,0,0,0,0,0,2,0,0,0,0,0,0,2,0,1,0,0,1,0,2,5,136,252,249,70,1,0,0,3,3,1,2,1,0,0,0,0,5,0,0,0,0,0,2,0,2,2,0,42,254,253,250,114,90,118,92,83,11,0,0,1,3,0,1,0,2,2,0,2,0,1,1,2,2,0,0,44,255,255,253,255,254,91,249,255,233,48,0,0,2,0,3,1,1,1,2,0,0,0,0,0,0,3,0,129,251,251,187,203,152,119,233,202,253,236,24,1,0,0,5,3,0,0,0,0,0,0,3,0,0,2,14,221,245,87,3,6,3,1,15,6,156,255,43,0,0,2,3,1,2,0,0,1,3,0,2,0,1,3,51,252,219,0,1,0,0,1,0,3,126,255,43,1,0,0,0,0,0,2,3,1,5,0,1,1,0,0,13,225,221,0,4,0,0,2,4,5,213,249,42,0,1,1,1,1,0,0,0,1,0,0,1,0,2,0,0,176,220,0,0,0,0,2,0,43,243,235,21,0,0,3,2,1,0,2,2,0,0,0,1,0,1,1,0,96,245,91,2,1,1,29,27,221,252,130,0,0,0,0,0,0,0,0,0,0,3,0,0,0,1,4,0,26,229,247,152,106,134,255,254,255,216,18,0,2,6,1,0,0,1,0,1,0,0,4,0,1,3,4,1,0,59,250,255,255,251,255,222,107,8,0,0,0,1,0,0,0,2,1,0,0,0,2,0,2,0,0,0,0,0,38,83,168,195,109,3,6,1,2,0,2,1,0,5,3,3,0,3,4,4,6,2,2,3,0,0,1,0,0,1,0,2,1,0,1,1,3,1,1,4,0,5,0,0,0,0,1,0,0,1,0,0,3,3,0,0,0,3,3,0,0,0,0,0,0,0,0,1,1,0,0,0,0,0,2,0,0,2,2,0,0,0,0,0,1,0,0,3,2,0,2,0,0,0,3,0,0,0,2,0,1,0,0,0,0,0,0,3,0,0,3,1,0,3,4,0,7,1,0,0,0,0,1,0,1,0,0,0,1
1,0,2,0,1,1,0,0,0,0,0,0,1,0,0,1,2,0,1,0,0,0,1,0,0,0,1,0,0,0,2,0,0,0,0,1,0,2,3,0,0,2,0,0,1,3,0,2,3,0,2,0,3,0,1,0,0,6,1,3,0,3,4,3,0,0,0,0,2,3,0,1,0,5,3,0,0,3,0,3,0,4,1,4,0,1,0,1,0,3,0,3,0,0,0,0,0,3,2,0,0,0,1,0,0,0,0,1,0,0,0,3,0,0,2,0,3,0,0,0,0,2,0,0,2,2,2,2,1,2,0,0,0,0,4,0,1,0,0,0,0,0,0,1,0,0,0,0,0,1,0,2,0,1,0,0,0,2,6,1,0,0,0,3,3,3,0,2,0,0,0,0,0,0,0,2,3,0,2,4,39,150,232,253,255,227,151,23,0,0,3,2,1,2,0,0,0,0,0,0,0,0,4,0,3,0,40,123,244,251,243,241,206,207,254,198,12,6,2,3,1,0,6,0,4,0,0,2,0,1,1,0,0,110,253,255,205,171,24,0,4,5,83,254,86,166,180,0,1,1,0,1,0,1,0,0,4,3,1,0,28,233,255,171,8,0,0,0,0,1,17,255,255,251,209,1,0,3,0,0,0,0,0,2,0,0,1,4,64,255,222,14,0,0,5,2,1,20,127,253,253,231,47,1,0,0,0,3,1,7,0,0,0,2,1,0,6,173,254,163,0,0,0,0,15,196,254,242,126,18,0,0,1,0,0,2,0,1,0,0,2,2,2,0,0,87,250,246,83,0,0,53,190,250,249,86,0,2,2,3,2,0,0,0,0,2,1,0,0,0,0,0,3,13,155,253,252,42,106,244,252,202,28,0,0,1,0,0,2,0,0,1,0,0,3,2,0,0,0,2,0,0,13,198,254,245,241,255,210,21,0,3,1,0,0,0,0,3,0,0,3,2,0,0,0,2,0,0,0,1,0,34,254,253,250,166,26,2,0,3,2,0,2,0,1,1,3,0,0,0,0,3,3,0,0,1,0,0,1,34,252,249,252,150,0,0,2,2,1,4,3,2,0,1,1,1,0,0,0,0,5,0,0,2,0,2,6,155,253,197,238,255,73,6,7,1,2,0,0,1,1,0,0,0,0,0,0,0,0,2,1,1,1,2,35,237,217,11,142,252,194,0,0,3,0,0,0,4,0,3,0,0,0,0,0,0,1,1,1,4,1,0,77,250,174,0,2,182,252,90,0,1,0,0,2,1,3,0,0,0,0,0,2,0,0,0,0,0,4,0,78,253,177,2,0,98,255,197,0,0,3,0,4,0,0,0,2,0,0,1,2,1,2,0,0,0,4,1,25,235,254,15,1,35,242,235,29,0,3,0,0,0,0,0,0,4,1,6,0,0,0,0,1,0,0,2,0,121,254,126,2,28,232,253,40,0,0,3,1,0,5,0,0,0,1,3,0,4,0,0,0,7,0,0,4,28,251,243,42,127,252,213,8,0,0,9,4,2,0,2,0,1,2,2,2,3,1,0,2,0,0,0,0,14,175,249,242,247,233,82,2,0,0,0,3,0,1,2,4,1,0,0,2,4,0,2,0,0,0,0,1,0,0,200,252,233,91,1,2,1,0,2,0,2,0,0,0,0,0,3,1,2,0,0,0,0,0,0,0,1,0,2,2,0,1,0,0,1,0,0,0,1,0,0,0,1,0,0,0,0,1,2,0,1,0,3,0,0,0,0,1,1,2,1,1,0,0,3,0,1,3,1,0,1
2,1,0,0,2,1,0,0,2,0,0,0,1,0,2,2,1,0,2,0,0,0,0,0,0,0,0,0,1,0,0,0,2,0,0,0,0,0,0,4,0,0,0,2,0,3,0,0,0,0,0,5,0,0,0,1,0,0,0,0,0,0,0,0,0,0,4,0,0,2,0,0,1,0,4,2,3,0,3,0,1,0,0,0,1,3,0,3,2,0,0,3,0,0,0,0,0,3,2,3,0,1,3,1,0,0,3,3,0,2,6,0,0,1,0,0,0,0,1,1,0,2,4,5,63,126,190,127,132,0,0,2,3,1,0,2,1,0,0,0,0,0,0,0,0,0,3,2,0,5,3,192,255,255,255,255,253,254,61,2,2,0,0,1,0,0,0,0,0,0,1,1,2,0,1,0,5,127,254,255,190,124,125,193,255,255,254,189,2,0,0,1,0,1,2,0,2,2,0,0,0,1,0,1,1,254,255,128,4,2,2,2,0,254,255,255,60,3,0,0,2,2,0,0,3,0,0,0,0,2,0,0,0,193,254,129,2,3,3,0,0,0,189,254,253,0,3,0,0,1,3,0,4,0,0,1,0,0,0,0,63,253,253,129,0,3,0,1,2,0,65,253,253,124,3,0,0,1,0,0,1,0,0,0,0,0,0,0,255,255,192,0,0,2,1,0,1,1,2,255,255,127,0,1,0,4,0,1,0,0,4,0,4,0,2,65,255,254,2,0,3,2,0,0,0,0,0,190,253,128,1,2,0,4,0,1,3,0,0,0,0,1,0,124,255,131,2,3,0,2,0,2,1,0,0,0,255,122,5,1,0,0,0,1,1,0,0,3,0,0,8,124,255,61,2,0,0,0,1,4,0,0,0,5,255,132,0,0,3,1,3,0,0,0,1,3,0,6,0,255,253,124,1,0,0,1,0,0,3,0,4,0,255,125,0,0,0,0,0,0,0,0,0,0,0,0,2,254,255,131,1,0,3,4,3,2,2,1,1,1,255,252,0,1,1,0,0,0,0,0,5,3,1,5,3,253,255,130,2,1,2,0,0,1,0,2,0,3,255,252,2,0,2,1,1,5,2,1,0,1,3,1,0,129,255,190,1,0,3,0,1,3,4,2,0,1,255,254,0,1,1,0,2,0,0,2,0,3,1,0,1,0,254,255,192,0,0,0,0,0,0,0,2,0,254,251,1,0,0,3,0,0,2,0,0,2,0,2,2,0,193,255,253,189,0,0,0,3,0,5,4,2,255,254,125,0,0,0,0,0,0,0,1,0,0,3,0,3,2,131,255,255,128,2,1,3,0,1,0,0,255,255,3,0,0,0,0,3,5,0,0,0,0,0,5,1,0,2,127,192,255,255,189,126,65,128,126,190,255,190,2,0,0,0,3,0,1,2,0,1,0,3,1,0,0,0,1,0,191,255,255,255,255,252,255,255,255,125,2,3,0,0,0,0,0,0,3,4,0,0,0,7,0,0,0,1,0,128,255,253,254,254,186,129,0,2,0,0,0,3,0,5,2,0,2,2,0,0,1,2,1,0,0,0,0,0,0,5,0,2,0,0,1,1,0,0,0,0,0,0,2,0,0,1,1,0,2,1,1,0,1,2,0,1,0,0,0,3,0,0,0,0,3,1,0,1,3,0,0,0,0,2,3,0,0,0,0,1,0,0,1,1,5,2,2,3,0,0,0,0,0,0,0,0,1,0,3,0,1,0,0,0,0,0,0,0,5,0,0,1,0,1,0,0,0,2,0,4,0,1,2,0,0,0
0,0,0,0,3,2,0,0,1,3,0,4,0,0,1,0,4,3,3,0,0,0,0,3,0,2,0,0,0,2,1,0,0,0,0,0,0,0,2,0,0,0,1,0,0,1,1,0,0,2,0,0,0,1,0,0,0,0,0,0,0,1,0,2,0,0,0,2,1,1,0,0,0,0,1,2,1,1,0,0,1,0,1,2,5,0,0,1,0,0,1,0,0,0,3,1,1,0,0,0,1,0,3,1,2,0,0,0,3,0,0,2,2,0,0,0,4,3,0,1,0,0,3,3,2,0,0,1,1,0,0,0,3,0,3,0,0,0,1,3,1,0,3,1,0,0,0,0,4,0,0,0,0,1,3,3,0,2,0,0,0,3,0,0,0,0,0,0,1,0,4,3,0,1,0,0,1,3,1,0,0,0,0,4,0,2,0,1,3,0,0,0,4,0,5,0,0,0,1,0,1,1,0,0,1,0,0,4,3,3,9,17,117,189,255,255,97,8,5,0,0,0,0,0,0,0,0,4,0,2,3,0,0,0,0,92,155,156,172,254,253,254,250,254,254,71,0,0,4,0,1,0,0,1,0,6,1,1,2,2,1,23,157,248,255,255,253,255,252,251,255,226,180,24,0,3,3,1,2,0,0,0,4,2,3,0,0,2,1,174,253,253,254,248,252,233,185,185,64,26,0,0,1,2,0,2,0,0,0,3,0,2,2,0,2,0,61,248,255,251,247,91,45,36,2,3,4,0,1,2,3,2,1,0,2,0,0,9,3,0,0,0,0,0,76,254,249,253,76,0,0,1,0,1,0,0,0,1,4,3,0,2,0,0,2,1,0,0,0,0,2,5,4,211,249,254,233,106,63,2,4,2,1,1,0,0,1,3,0,2,2,4,1,1,2,1,0,0,0,1,37,211,254,251,254,248,253,122,0,2,0,5,5,0,3,0,3,0,0,0,1,2,0,0,0,0,1,2,0,34,93,100,96,167,240,228,23,0,0,0,0,0,0,1,3,0,0,4,0,0,0,0,0,0,2,1,0,3,0,2,1,3,148,249,125,0,1,0,0,0,0,0,0,0,0,1,0,0,3,4,0,1,0,0,0,1,2,2,4,0,43,236,122,0,0,0,0,0,5,0,0,0,0,2,1,0,0,0,0,0,3,1,3,0,0,0,0,1,0,198,138,1,1,1,0,2,1,4,1,0,0,1,2,4,0,0,1,7,0,2,0,3,0,0,0,3,0,91,202,12,0,0,0,0,0,0,0,0,0,3,3,0,3,0,0,0,0,0,2,0,0,0,0,0,1,78,251,26,0,0,1,0,1,0,1,4,0,4,0,1,1,0,0,0,1,3,0,4,0,1,0,0,0,75,255,24,3,0,0,0,4,4,2,0,2,0,2,1,1,3,1,3,0,0,0,0,2,3,0,4,2,77,253,27,4,0,3,0,3,0,0,4,0,1,0,0,3,4,0,0,0,0,5,0,0,61,60,2,75,207,187,11,4,0,1,0,1,1,0,2,0,0,0,0,1,1,1,6,2,0,0,3,2,150,247,203,235,253,121,2,0,0,1,2,0,0,2,0,0,2,3,0,0,0,0,0,0,0,3,2,0,72,210,255,255,224,26,0,0,0,3,0,2,1,0,0,2,0,0,4,3,1,0,2,0,0,0,4,1,0,88,252,169,36,1,0,0,0,0,0,4,1,3,1,0,0,0,0,0,1,5,0,0,2,2,3,0,2,2,2,1,2,0,0,0,0,4,0,0,0,0,1,0,2
0,0,0,0,0,0,0,5,0,0,0,0,0,4,3,0,1,0,0,1,0,0,1,0,1,1,0,0,0,3,0,0,2,3,0,1,0,0,0,0,0,0,2,2,0,0,5,0,0,1,0,1,0,0,0,0,3,0,0,1,0,0,0,2,0,193,255,191,0,0,0,0,0,0,0,4,0,0,0,2,0,3,3,0,0,0,1,4,0,0,2,2,5,255,255,255,63,0,0,0,1,0,2,1,0,1,1,2,1,3,0,0,0,0,0,0,1,0,1,0,1,255,252,255,124,0,0,4,4,4,0,0,0,0,0,1,3,0,0,0,1,3,0,1,5,1,1,0,124,253,252,253,0,1,0,0,4,3,0,0,1,1,1,1,0,0,4,0,0,0,0,0,0,1,0,2,193,255,255,254,0,2,0,0,0,3,3,0,0,4,1,4,0,0,0,4,0,0,3,0,1,0,2,0,255,255,254,254,2,2,0,1,0,0,0,5,0,1,0,0,0,0,3,0,0,0,0,0,0,0,0,124,255,255,254,255,2,2,2,0,0,6,1,0,1,0,0,2,0,0,0,0,0,0,0,1,2,0,0,128,255,254,252,255,0,0,2,2,0,0,0,0,1,0,0,1,1,3,0,0,1,0,4,1,1,0,1,130,254,253,255,127,0,0,1,0,1,4,126,126,132,127,0,0,0,0,5,0,3,3,1,3,1,0,0,130,255,251,255,127,1,1,0,1,69,190,255,253,255,255,188,3,2,0,1,2,4,0,1,0,1,0,2,125,254,255,254,127,2,0,2,71,255,253,251,255,255,254,252,193,2,0,3,0,1,0,0,0,0,0,4,0,255,255,255,255,2,0,69,253,253,255,252,192,68,191,255,255,1,2,3,3,4,0,1,3,0,0,2,0,252,255,254,253,0,3,192,254,254,254,190,0,0,126,255,250,2,0,6,0,2,0,3,3,5,4,0,1,124,255,255,255,128,67,253,255,253,255,0,1,0,130,254,253,0,4,0,8,0,0,0,0,2,2,0,0,2,255,254,255,255,191,251,252,254,66,0,3,0,186,252,255,0,0,0,1,1,1,2,0,4,0,0,1,1,192,255,255,255,255,254,254,126,0,1,0,0,254,255,254,0,2,0,0,0,0,0,3,0,0,4,0,0,0,193,255,255,255,253,253,250,60,0,0,192,255,255,130,0,0,2,4,0,0,0,4,7,0,2,0,4,0,0,125,255,255,254,254,250,255,254,254,254,250,255,66,0,0,0,2,3,0,1,1,2,1,1,0,0,0,0,1,67,191,254,254,255,251,254,255,255,190,62,0,1,2,0,0,0,0,1,3,0,3,2,0,4,0,1,0,0,0,66,128,253,255,253,253,191,0,1,0,3,0,0,0,1,4,0,0,0,1,0,0,0,0,0,0,0,0,0,0,4,0,0,0,0,0,0,3,0,1,0,0,0,2,0,1,3,0,3,1,0,1,1,1,0,2,0,0,2,0,0,0,2,0,0,1,4,0,0,0,0,0,2,0,1,6,0,4,3,0,1,5,0,0,0,1,2,2,0,0,1,0,0,0,1,0,4,2,0,0,0,0,0,0,0,1,1,0,0,0,0,0,2,0,0,0,2,0,1,0,1,4,4,6,0,1,0,4,3,1,0,4,3,2,0,3,1,2,1,0,2,0,3,0,1,0,0,0,0,1,2,3,1,1,0,0,0,0,0,0,0,0,1,0,0,1,1,5,0,0,0,3,2,4,0,2,0,1,0,0,0,0
0,0,1,1,3,0,0,0,0,3,0,0,0,4,0,0,1,1,0,4,0,1,2,2,0,0,0,3,0,3,6,2,2,0,0,2,0,0,0,3,1,0,3,0,1,2,0,0,2,0,6,5,0,0,0,0,0,2,2,0,0,0,0,5,0,0,0,0,0,5,0,1,0,1,5,3,0,1,2,0,0,0,0,0,0,0,1,0,0,0,3,0,2,0,3,0,129,193,193,64,0,0,3,0,1,0,0,2,0,0,0,0,3,1,0,0,0,1,0,0,0,1,128,253,253,255,190,128,194,0,1,2,0,0,4,0,0,0,0,0,2,0,0,0,0,0,4,0,65,195,255,255,250,255,253,254,255,126,0,0,0,0,2,0,0,0,2,0,0,1,0,1,0,0,1,1,127,252,254,255,254,255,252,254,253,131,0,3,0,0,0,0,2,0,0,2,0,0,0,2,0,4,0,1,255,254,255,192,0,127,255,255,255,191,0,4,2,0,1,0,0,2,0,0,0,3,1,0,3,0,0,131,255,255,253,125,4,0,67,66,130,0,1,2,0,0,2,0,0,1,1,0,0,0,0,0,0,0,0,188,255,255,255,64,0,5,0,3,0,4,3,0,3,0,4,1,1,0,5,1,2,0,1,0,0,1,5,254,254,254,255,0,3,0,0,0,1,3,0,0,2,0,2,0,0,0,2,3,0,1,0,2,0,0,5,255,252,255,254,0,0,0,0,3,0,1,0,1,0,1,1,0,0,0,0,0,1,1,0,0,0,0,2,189,253,252,252,65,0,1,0,127,127,130,129,125,0,1,1,0,0,0,0,4,3,2,0,2,0,1,63,255,255,253,255,252,64,4,192,254,255,253,254,255,255,192,125,0,1,0,1,2,2,1,1,0,0,0,0,192,254,250,255,255,255,254,255,255,252,255,253,255,254,255,253,65,0,5,0,2,0,0,0,0,5,0,3,194,254,255,255,255,255,255,255,249,254,126,255,255,255,255,253,250,64,1,0,1,0,1,2,0,0,2,1,65,255,255,255,255,255,252,192,130,1,0,70,255,255,255,255,255,129,2,0,2,5,0,1,1,0,0,0,3,194,253,255,248,254,255,2,0,3,1,0,0,191,255,251,253,191,0,3,0,6,0,0,2,0,1,1,0,62,187,255,253,254,255,255,191,64,126,67,133,255,254,255,255,132,0,0,0,2,0,2,2,0,0,1,3,0,129,254,255,255,255,253,254,255,255,255,255,255,254,253,66,0,0,2,1,0,5,0,0,3,0,1,0,1,0,125,252,255,255,255,252,253,255,254,255,255,253,191,2,5,0,0,2,0,2,3,0,1,1,0,0,2,0,0,65,189,252,255,255,255,251,253,255,194,127,0,0,0,3,0,2,3,0,0,2,0,0,1,0,1,5,0,0,3,124,66,1,128,194,126,125,0,0,2,1,0,2,0,3,0,0,0,1,1,1,1,2,0,2,2,0,0,0,1,1,0,0,0,1,3,2,3,3,0,1,1,0,1,3,1,1,0,0,0,0,0,0,0,0,2,0,1,0,0,0,0,2,0,0,0,5,2,0,0,2,3,5,0,0,5,0,0,0,0,0,0,3,5,2,0,0,2,3,1,0,0,0,0,2,0,0,4,2,3,2,4,0,0,3,0,2,0,0,5,0,0,0,0,1,2,1,1,0,1,2,1,6,0,0,0,2,2,3,0,0,5,0,1,0,2,0,2,0,1,0,1,0,2,0,4,0,1,0,0,0,0,3,0,0
2,2,1,0,0,1,4,2,0,0,1,2,1,0,1,1,0,0,0,0,2,5,0,3,0,1,3,0,2,0,0,0,0,2,0,0,0,0,0,0,0,0,4,4,1,0,0,0,0,2,1,0,0,0,1,0,2,0,0,0,0,6,0,0,0,2,1,0,0,0,2,0,1,0,0,0,1,5,0,0,0,2,4,1,0,0,0,0,1,2,0,5,0,0,1,1,59,212,253,189,30,0,0,0,1,4,4,5,3,2,3,0,0,0,5,0,0,0,0,0,0,0,0,84,223,251,251,255,52,0,1,7,1,0,0,0,5,0,0,0,1,0,5,0,3,0,0,1,0,3,41,212,252,255,254,121,2,0,0,0,0,0,2,0,0,0,1,5,0,2,0,2,0,0,0,0,0,21,226,255,250,232,69,3,0,1,2,3,2,3,1,0,0,3,0,0,0,0,0,0,4,4,2,0,0,173,255,255,233,81,0,0,0,0,0,0,0,3,2,1,0,2,0,1,0,4,0,2,0,0,0,2,127,253,252,252,113,1,0,0,0,2,0,0,0,1,0,3,0,0,0,0,2,0,2,2,0,1,1,27,232,251,252,141,1,2,0,0,1,0,4,0,2,5,0,3,0,1,0,3,0,0,0,2,0,0,0,93,254,253,250,63,0,0,0,0,3,0,1,3,0,0,1,0,0,0,0,0,1,1,1,0,0,1,0,156,253,253,172,0,1,0,0,3,0,0,1,0,2,0,0,2,0,3,0,5,0,0,2,0,0,0,36,237,249,254,52,3,0,0,4,0,1,3,39,101,99,37,2,4,3,4,1,2,6,3,0,0,0,3,102,253,255,254,49,2,0,0,0,10,135,253,252,255,252,255,171,22,0,4,1,0,4,0,3,0,4,0,18,254,245,251,50,0,0,0,41,217,253,250,254,253,251,254,253,106,0,1,1,1,0,2,1,0,1,5,2,253,254,255,47,2,0,50,235,255,253,252,168,135,253,255,255,106,1,1,3,1,0,0,0,2,0,0,2,211,249,250,92,0,86,230,251,251,212,94,7,93,255,253,253,100,0,0,0,0,0,0,2,0,3,0,0,151,251,251,255,113,195,253,255,225,22,0,61,252,252,255,232,1,2,3,0,1,0,0,5,2,3,0,0,73,254,253,251,252,254,252,253,81,0,85,221,251,251,255,72,1,0,6,0,4,0,0,2,0,0,1,1,21,185,254,254,253,254,253,253,251,254,255,252,254,254,124,1,0,3,0,0,0,0,0,0,0,0,0,0,0,0,111,191,253,253,251,252,255,254,255,252,255,169,0,1,1,0,0,0,0,1,0,0,0,0,0,1,4,0,2,1,79,243,252,252,255,251,221,103,82,2,4,5,1,0,3,0,0,2,0,0,1,4,0,3,0,1,0,2,0,42,254,251,128,50,44,0,0,0,0,0,0,0,0,0,0,1,0,3,0,1,1,0,1,0,3,2,0,0,0,0,2,0,0,0,3,5,0,2,0,0,2,0,0,2,2,0,0,2,7,0,0,0,2,0,0,2,0,3,3,0,3,0,0,1,0,0,2,0,1,2,0,0,1,0,1,0,1,1,3,0,0,0,0,0,0,0,0,0,0,1,0,0,1,4,2,1,3,1,0,2,0,0,0,0,0,0,3,0,1,0,0,0,2,0,0,3,1,0,2,0,0,0,1,0,0,0,3,3,0,0,2,0,0,0,1,3,0,2,0,0,0,0,1,4,0,2,3,1,0,2,0,0,0,0,1
2,0,3,5,2,0,0,3,0,0,0,0,2,0,0,4,1,0,0,0,2,4,0,2,0,2,2,0,1,0,1,2,1,0,0,0,0,1,0,0,0,0,0,5,6,1,0,0,0,2,2,0,0,2,0,2,0,0,0,0,0,1,4,3,3,0,4,0,0,3,8,0,0,0,0,0,0,0,4,0,0,1,0,1,1,0,0,0,0,1,3,3,0,0,0,1,1,0,1,3,5,0,4,0,0,0,0,1,0,0,2,1,3,0,0,0,2,0,0,0,0,0,0,2,4,0,0,1,3,0,0,0,0,0,2,0,2,0,1,0,2,4,0,1,0,0,0,3,2,0,0,2,2,0,2,0,0,0,0,0,6,0,1,3,0,1,0,4,0,2,0,0,2,6,0,0,6,33,33,123,219,133,33,48,23,25,0,5,0,0,0,2,0,1,0,0,0,0,0,1,1,1,0,121,194,252,252,252,252,217,218,143,225,245,174,177,89,0,2,3,0,0,0,0,0,0,0,0,3,29,194,250,249,253,252,253,251,255,200,234,255,254,231,233,128,90,2,2,0,0,1,0,0,0,3,0,3,1,201,241,206,123,119,31,121,124,120,123,168,124,110,197,194,203,242,29,1,0,0,2,0,2,2,0,7,0,41,44,0,0,2,0,0,0,0,1,4,23,234,185,252,251,255,58,1,0,0,7,0,1,0,1,2,0,0,0,0,0,0,0,0,0,5,2,0,141,255,254,249,253,255,101,0,1,1,0,0,0,1,1,1,0,0,0,5,1,57,7,57,59,14,73,212,247,253,244,245,238,127,4,1,0,2,3,0,0,0,0,3,3,0,1,3,0,231,209,248,253,211,251,254,142,225,44,42,0,1,0,0,0,0,3,0,0,1,0,0,0,0,0,0,2,161,224,254,253,253,251,221,41,21,5,0,0,0,0,0,5,0,0,0,0,1,0,0,2,0,0,4,0,0,135,176,254,252,222,36,0,0,0,2,0,1,0,0,0,0,4,5,1,0,0,2,0,0,3,0,0,0,1,1,49,255,99,20,0,0,1,0,1,1,4,0,1,0,0,0,0,2,0,0,0,0,2,0,0,0,2,0,0,255,252,154,0,0,2,0,0,4,0,0,0,0,0,0,0,0,0,0,0,0,0,4,3,0,0,32,147,253,250,149,2,0,2,0,0,3,0,4,3,0,0,0,0,1,0,0,1,0,1,0,0,0,13,87,252,248,254,98,0,0,1,2,1,0,1,1,0,0,0,0,0,0,0,2,0,0,0,0,3,31,217,226,241,216,208,14,0,1,0,7,0,1,0,0,1,0,2,0,2,3,0,0,1,3,0,23,129,224,250,220,232,252,101,1,2,0,2,0,6,1,3,5,0,0,0,3,0,0,3,0,1,0,0,55,241,254,252,251,100,229,37,1,1,1,2,0,0,1,4,3,1,1,3,0,0,6,0,73,79,26,45,91,138,216,224,124,6,43,0,1,0,5,0,2,1,2,4,0,0,0,0,5,0,1,1,144,246,152,250,255,251,136,23,0,5,0,0,0,2,4,2,0,1,1,0,0,3,0,0,0,3,2,2,37,66,30,242,252,215,23,1,1,0,2,1,0,2,0,0,0,2,2,4,0,2,2,0,1,0,1,1,0,0,0,2,0,0,1,0,5,2,0,0,0,0,0,0,1,0,0,3,0,1,0,2,0,0,3,2,0,0,0,0,0,3,0,0,0,2,0,0,3,1,1,0,0,0,0,1,0,1,0,0
0,1,0,3,0,0,0,0,3,1,0,0,4,2,1,2,3,0,2,0,2,1,1,1,1,2,3,0,3,0,2,1,0,0,0,0,1,0,1,0,0,0,5,1,2,0,0,0,1,0,0,1,1,2,1,2,3,1,0,0,1,0,0,0,2,0,0,1,0,0,1,0,0,1,0,0,1,0,4,2,0,2,2,0,8,4,0,2,1,5,1,0,0,0,0,3,0,1,0,3,2,0,1,0,0,0,0,0,0,0,2,1,3,0,1,1,0,2,0,0,6,0,0,1,0,0,0,0,0,2,0,1,0,0,1,2,0,0,0,2,2,3,1,0,0,1,2,0,0,0,2,0,0,0,0,4,0,0,3,3,1,0,2,4,1,0,2,0,0,0,0,1,0,0,0,1,0,0,65,125,254,255,254,255,251,255,253,193,132,0,0,5,0,2,2,7,2,1,2,1,0,2,0,1,64,255,255,255,253,255,253,255,253,255,255,255,255,128,0,4,0,0,5,0,2,5,0,1,0,3,2,4,255,250,255,253,123,129,129,3,61,133,126,193,255,255,4,0,0,0,0,3,0,2,3,0,5,0,3,128,255,255,250,254,254,194,127,0,2,0,0,194,255,255,0,0,7,0,0,0,1,0,0,1,2,0,2,0,255,253,255,255,252,255,255,193,61,0,191,254,255,62,0,3,4,1,3,0,0,0,0,0,0,3,0,5,62,255,253,255,255,255,255,255,191,188,253,253,194,2,1,4,0,0,0,3,0,0,0,6,0,0,3,4,3,0,128,255,255,255,255,255,255,254,253,192,0,1,0,0,4,0,0,2,0,2,6,4,1,0,3,2,0,2,0,0,0,130,255,252,255,254,252,126,4,0,0,2,0,2,2,2,0,0,0,1,0,1,0,0,3,4,3,0,0,189,255,254,253,248,255,66,1,1,1,4,4,0,2,0,2,0,3,0,3,0,0,0,1,0,5,2,67,255,255,190,189,255,252,128,1,2,0,1,0,2,0,2,0,2,0,0,1,0,0,2,0,0,0,67,255,252,187,0,1,255,255,130,0,0,1,3,0,2,0,0,6,0,0,0,0,0,0,4,4,0,65,255,255,134,1,0,0,255,254,127,2,0,0,1,0,2,0,0,0,5,0,0,2,1,0,0,1,0,195,255,187,0,3,0,0,254,255,126,5,0,1,0,0,0,0,0,0,2,0,0,1,3,0,0,1,130,254,255,2,0,0,1,3,255,255,0,2,0,4,2,3,0,0,1,0,2,0,1,0,0,0,0,0,193,255,255,0,2,1,2,65,255,187,0,0,0,0,0,4,0,3,0,0,0,5,1,0,0,3,1,0,255,254,131,0,0,1,6,123,255,0,0,3,2,3,4,2,0,0,0,0,0,0,4,1,2,2,3,0,251,251,191,0,0,0,129,255,255,1,1,4,2,0,0,0,0,3,0,0,0,0,0,2,2,2,1,0,128,255,255,191,132,194,255,255,189,2,0,3,3,0,0,0,0,1,0,0,0,2,3,0,0,0,3,4,5,255,255,255,255,252,255,192,0,0,2,0,0,4,0,6,0,0,0,0,0,0,0,0,0,3,0,0,3,0,131,255,255,252,130,3,3,4,2,0,3,2,0,0,0,6,2,0,0,0,1,0,2,3,0,3,1,0,2,0,2,0,1,0,0,0,0,4,0,1,0,2,1,0,0,0,2,1,0,4,3,3,0,1,2,4,0,0,1,0,0,4,0,0,0,1,0,0,0,2,2,0,0
1,0,0,0,0,0,5,3,0,0,0,0,0,1,1,5,0,0,0,0,0,0,3,0,0,0,0,0,2,1,0,3,0,0,0,0,0,7,0,0,1,2,1,1,0,0,0,0,1,4,0,1,0,0,0,0,1,0,0,1,0,2,0,0,2,0,0,7,6,5,4,0,3,0,0,0,0,2,1,0,1,0,0,1,0,0,1,3,0,0,2,0,0,0,0,0,4,0,1,0,0,4,0,0,0,0,0,0,0,2,0,3,0,0,1,0,3,0,0,0,0,0,5,3,0,3,3,0,0,2,2,1,3,1,0,3,0,3,0,0,0,0,2,0,0,3,0,0,1,0,0,1,14,134,214,254,198,116,22,0,3,1,1,1,0,4,0,1,2,0,0,0,4,0,0,0,2,0,1,7,174,255,255,254,217,255,221,165,85,0,3,0,3,3,5,0,1,0,0,1,0,0,0,0,0,0,1,117,249,233,92,9,2,132,219,251,253,216,78,2,1,0,3,5,0,3,0,2,0,3,1,4,0,3,0,119,250,109,0,1,1,0,4,65,235,250,140,4,3,1,1,0,0,0,0,0,0,1,0,0,1,1,2,120,254,52,0,0,0,3,0,0,231,252,139,2,0,2,1,0,1,1,0,0,4,0,0,6,1,1,0,86,252,143,1,4,0,1,5,55,233,254,68,3,0,1,0,0,0,0,0,0,0,0,0,1,0,1,0,10,212,151,0,6,0,7,83,246,249,100,6,3,0,2,0,0,0,0,0,0,4,0,2,0,0,0,1,12,221,255,164,205,104,170,255,255,99,4,0,1,3,3,2,0,3,2,0,2,1,2,0,0,0,1,32,159,250,252,251,252,255,254,237,71,2,0,0,3,1,1,0,0,0,0,6,0,0,1,0,2,0,100,226,252,253,252,232,234,252,180,9,2,0,0,3,0,0,2,3,1,0,3,0,1,0,1,0,5,37,240,253,206,178,248,255,251,182,10,0,0,0,0,0,0,4,1,1,0,0,0,2,0,0,0,0,25,224,255,121,4,28,232,255,253,168,2,1,0,6,2,0,1,4,0,0,3,0,2,0,0,1,1,0,38,250,231,22,4,1,102,253,103,51,0,0,0,1,0,1,0,0,0,0,0,1,0,0,0,0,0,0,135,253,228,0,2,0,8,254,50,0,0,3,3,0,0,0,5,1,0,0,3,0,1,0,0,0,0,2,142,254,154,0,0,0,9,253,52,0,0,1,0,0,2,0,1,0,0,0,4,1,0,2,3,0,0,1,89,248,129,0,4,0,9,254,143,3,3,2,2,0,0,2,0,1,0,2,2,0,0,2,0,0,0,2,37,250,244,52,1,0,31,252,128,1,0,0,1,0,4,1,0,3,0,0,0,0,1,3,3,4,1,2,20,214,251,158,25,11,154,254,51,0,2,0,3,1,0,1,0,0,5,0,0,0,0,0,0,0,3,0,0,30,243,254,249,253,249,200,18,3,0,3,0,5,0,4,0,0,0,0,3,3,2,0,0,0,0,0,1,1,54,180,254,250,164,21,0,0,4,0,1,0,0,1,0,2,0,0,1,0,4,1,0,0,0,0,3,0,0,0,3,0,0,0,0,0,0,4,2,0,1,0,5,3,0,1,0,0,0,3,0,1,2,1,3,0,1,1,0,6,0,1,3,0,0,0,0,0,0,0,3,5,0,2,1,2,3,1,0,3,0,1,0,0,0,0,0,0,0,0,3,0,0,0,3,2,1,0,2,3,4,0,4
6,0,0,2,0,3,0,4,0,0,0,0,2,2,4,0,1,0,3,2,3,2,3,3,1,0,0,0,1,1,0,4,1,0,0,0,3,2,3,5,1,0,0,1,0,4,0,3,0,0,1,0,1,2,0,2,1,1,2,4,0,2,0,4,0,2,0,1,3,0,1,0,1,0,3,1,5,0,0,1,0,0,0,0,0,2,0,0,2,1,0,0,0,3,0,2,0,2,1,0,2,0,3,0,2,0,0,0,2,2,3,2,0,0,5,2,2,2,0,1,1,0,1,0,0,0,0,1,0,1,0,0,0,2,0,0,1,0,1,0,0,4,4,0,3,0,0,0,0,0,0,5,11,6,6,8,2,1,0,0,3,1,1,4,0,0,1,0,0,2,0,3,0,0,0,0,11,88,136,219,255,255,255,255,163,31,2,0,0,4,0,0,1,0,2,0,0,1,0,2,0,1,16,147,209,255,253,253,252,254,252,255,254,126,6,0,0,0,0,3,3,0,0,0,3,3,1,2,0,20,204,255,252,255,240,146,108,103,104,204,255,255,57,1,0,0,1,3,4,1,1,4,0,0,0,3,0,209,254,252,236,209,33,2,0,0,2,72,252,253,167,0,3,0,0,1,0,1,2,0,1,1,0,0,0,172,255,236,91,0,0,1,1,6,0,68,255,254,166,0,2,0,1,0,1,0,4,1,0,1,0,0,3,41,90,28,2,0,0,0,0,0,0,153,253,255,166,3,0,0,0,1,0,2,0,2,0,2,2,0,0,0,0,0,0,0,0,0,4,0,4,190,252,255,167,0,0,0,0,3,0,0,1,0,1,0,0,0,1,2,0,0,3,0,0,1,5,0,72,240,254,255,81,0,1,0,1,0,2,0,0,2,4,0,0,0,3,2,0,0,0,1,4,0,0,0,189,254,254,169,14,0,2,4,1,0,0,0,0,3,0,0,3,0,1,3,0,1,2,3,1,0,0,41,236,255,255,48,0,0,0,1,0,0,1,3,0,0,0,0,0,0,1,5,0,2,1,0,0,0,16,178,255,255,157,11,2,1,2,0,1,1,3,1,0,0,3,0,3,0,1,0,2,0,3,1,0,3,88,254,253,198,14,0,2,1,0,3,3,1,1,1,0,2,2,1,0,1,0,0,0,2,2,0,1,143,243,253,255,142,0,4,0,0,0,34,86,143,214,1,0,0,0,0,0,0,2,2,0,1,0,6,118,240,255,255,254,131,91,96,136,216,218,232,252,214,102,0,2,2,0,1,0,3,3,0,0,0,0,84,254,249,254,252,255,255,255,255,254,251,252,165,153,25,1,0,0,5,0,0,0,0,0,2,2,0,0,155,252,254,254,253,255,255,253,253,165,100,24,6,0,0,0,1,1,2,0,0,1,0,0,0,2,4,1,39,253,255,255,254,231,142,108,17,4,0,5,1,0,0,0,0,3,0,1,4,0,0,0,0,2,1,0,0,32,114,77,11,10,0,0,0,0,0,0,0,0,1,0,1,0,2,4,3,0,0,1,0,4,0,4,3,2,0,1,1,2,1,1,0,0,1,0,0,0,2,0,2,3,1,0,2,0,0,0,0,0,3,3,0,4,1,0,0,0,0,0,0,2,0,2,5,1,1,0,4,0,0,2,0,2,0,0,1,0,3,0,0,0,0,0,4,0,0,0,1,1,0,4,0,1,3,3,0,2,0,4,0,0,0,0,0,0,1,0,0,1,2,0,2,4,0,0,0,1,0,4,0,1,0,0,0,0,4
0,1,0,0,0,0,0,0,1,0,3,0,0,2,2,1,1,0,0,0,1,2,0,0,0,6,0,4,6,1,0,0,0,0,0,0,2,2,2,0,0,0,3,4,0,2,0,0,0,0,2,0,1,0,0,0,0,3,0,1,0,2,3,0,0,0,1,0,0,0,0,0,1,2,2,3,2,0,0,1,2,0,1,1,0,0,0,0,1,0,0,1,0,0,0,5,1,3,3,0,3,0,1,0,0,0,1,0,0,0,0,2,0,0,2,2,0,0,0,0,0,0,1,0,0,4,0,0,0,0,2,0,0,0,0,0,0,1,1,4,1,2,0,5,0,0,2,0,2,0,0,1,0,2,0,0,1,0,3,0,0,0,2,4,0,1,0,0,2,0,0,0,0,1,0,0,1,2,0,125,132,128,126,129,130,130,130,186,255,128,65,0,2,0,0,1,2,0,0,0,2,1,0,1,0,189,253,255,253,253,255,255,251,253,255,255,255,254,255,0,2,0,0,0,0,0,0,0,1,0,2,1,0,254,255,255,255,255,253,255,255,255,253,254,255,255,190,0,5,3,0,0,0,0,0,0,2,0,0,0,0,127,188,127,122,127,131,65,129,122,190,251,255,255,64,0,1,4,0,0,0,1,0,0,0,1,0,0,0,0,0,0,3,0,0,4,0,4,193,255,255,127,0,0,0,0,0,1,3,0,2,3,0,0,0,0,0,0,0,0,3,1,0,0,0,186,255,255,189,6,0,4,0,2,0,1,3,0,0,0,0,3,1,1,0,1,0,4,0,0,0,0,132,252,255,255,2,1,0,0,0,0,0,0,1,3,0,0,0,0,0,0,0,0,0,0,1,0,0,190,253,252,253,250,253,192,123,0,0,0,2,0,0,3,5,3,0,2,4,0,4,64,132,128,129,191,255,255,255,255,255,255,125,62,1,0,0,1,0,0,0,0,0,1,2,0,0,65,254,253,255,255,252,253,254,255,255,193,129,0,1,4,1,0,7,1,0,1,0,0,5,3,0,2,0,129,255,255,254,253,251,251,255,255,255,0,0,0,0,0,1,0,0,2,1,0,4,0,0,1,2,0,0,0,195,253,63,3,129,255,255,255,63,0,2,0,0,2,0,0,0,0,0,0,0,3,0,0,0,3,0,0,0,190,0,0,190,255,255,62,1,0,0,0,0,0,0,0,1,1,0,0,5,0,1,0,0,4,0,0,68,192,2,191,255,254,127,0,0,0,0,0,0,1,1,2,4,0,1,4,0,0,0,0,1,1,2,0,255,129,65,255,255,190,2,1,0,2,1,0,2,1,0,2,0,1,3,2,3,3,0,4,0,3,0,66,255,61,191,255,191,1,0,2,3,3,1,8,2,0,0,0,0,3,0,0,0,0,0,0,0,3,64,255,192,255,255,192,62,3,0,3,0,0,0,1,3,3,1,0,2,0,0,0,4,0,3,0,0,1,124,255,253,255,255,1,0,0,1,0,0,0,0,0,4,0,0,0,1,3,0,1,0,0,0,0,0,0,127,255,255,186,1,0,0,0,0,0,0,0,0,0,4,2,0,0,2,0,0,0,2,1,0,2,3,0,126,255,193,62,7,0,2,0,2,0,3,0,0,4,2,0,0,3,0,0,0,2,0,0,0,0,1,0,1,0,5,2,2,0,0,0,0,0,1,0,0,0,3,0,0,0,0,0,3,0,0,0,0,0,0,0,0,0,0,0,0,2,4,0,0,0,0,0,0,0,0,0,1,2,2,2,0,0
0,2,0,3,0,2,0,0,0,0,0,2,2,1,0,4,0,0,0,0,2,1,0,1,0,1,0,3,2,0,0,1,0,2,0,1,0,0,2,0,5,1,3,2,0,1,0,1,0,1,0,0,0,2,0,4,2,0,3,0,0,0,0,0,4,2,0,0,0,0,0,0,0,0,0,0,0,1,1,0,1,0,0,0,0,0,1,0,1,4,2,0,0,1,1,0,2,2,3,2,0,3,3,1,1,1,2,0,1,0,2,5,2,2,1,0,0,0,5,3,0,1,0,0,4,0,0,0,1,2,0,0,0,0,0,0,0,0,0,0,0,1,0,0,1,3,0,0,0,0,1,0,0,94,125,169,68,0,0,0,0,0,0,2,0,3,0,2,0,6,0,2,0,0,0,0,0,20,96,218,216,248,255,249,239,211,198,31,0,2,0,0,3,2,4,3,2,2,2,0,0,0,5,21,37,183,253,253,252,251,229,154,254,251,255,207,3,1,0,0,0,4,0,0,0,1,0,0,0,0,23,208,250,253,252,253,255,254,134,0,253,170,249,250,2,0,0,0,0,0,2,0,0,0,4,0,0,0,183,251,254,252,239,142,83,2,4,0,1,0,105,142,0,0,2,0,3,0,0,0,0,0,2,0,1,0,185,255,255,254,176,7,0,0,0,3,4,1,0,7,1,1,3,0,0,3,0,0,2,1,0,0,2,0,71,234,250,254,174,2,2,0,2,0,0,0,0,3,4,0,2,2,0,0,0,0,0,0,0,0,1,5,1,145,252,254,236,149,0,0,0,2,2,3,3,3,0,7,0,0,0,1,1,0,0,2,4,0,5,0,4,0,145,240,252,255,255,252,231,49,2,0,3,0,1,2,0,3,3,0,3,0,0,0,4,2,0,0,0,0,2,72,233,248,254,250,249,234,74,9,0,3,0,0,4,0,0,2,6,0,2,0,0,0,0,1,2,1,0,0,66,214,228,252,255,252,255,191,77,0,0,0,0,0,5,0,2,1,2,3,3,0,0,3,0,2,5,0,0,2,46,151,252,252,251,255,243,64,1,3,0,0,0,0,0,3,1,0,5,2,1,1,2,0,1,1,0,0,0,3,86,82,254,255,255,251,110,19,0,0,0,0,0,2,0,0,1,0,2,0,0,0,1,0,0,0,1,4,1,3,37,162,229,255,254,159,0,0,1,2,2,0,0,2,1,1,0,4,0,0,0,1,0,0,3,0,1,2,1,0,177,254,252,183,0,4,0,4,0,0,0,1,2,0,0,0,0,0,1,0,0,0,3,0,1,1,0,41,222,251,253,179,2,2,0,3,0,0,3,3,0,4,4,2,0,0,0,0,1,3,0,1,1,60,170,255,250,252,203,21,3,0,4,1,0,0,4,0,3,0,0,2,1,0,181,215,195,155,220,90,176,240,253,252,251,255,103,0,0,0,3,0,2,0,0,1,0,0,2,2,2,0,34,112,216,238,249,251,255,250,253,220,210,217,0,0,1,1,0,0,0,1,0,2,0,3,0,3,3,1,0,0,0,62,172,125,187,114,192,15,3,1,1,3,2,0,1,3,4,1,0,0,1,0,1,0,1,1,0,0,2,2,0,0,4,0,0,1,0,0,0,0,0,4,0,0,0,1,0,1,0,5,3,0,4,0,2,0,4,0,0,0,0,1,0,0,0,2,1,0,0,2,0,0,2,0,1,0,1,2,0,1,3,0,0,0,0,1,0,0,1,0,0,0,1,1,0,0,3,0,1,2,2,0
0,2,1,2,5,0,0,2,4,0,0,0,0,0,0,4,6,2,0,0,3,2,0,0,0,0,1,0,0,0,0,0,2,1,0,0,0,0,0,2,0,0,0,0,0,0,2,0,4,0,0,0,0,0,1,1,0,0,1,4,0,1,0,0,0,1,0,2,0,5,0,0,2,0,4,2,0,2,0,1,0,0,3,0,2,0,1,6,2,0,1,0,2,3,0,0,0,0,0,1,1,4,1,0,0,0,4,0,0,0,0,0,0,2,4,0,3,1,1,1,0,0,7,0,3,2,2,0,0,0,0,3,3,0,3,0,3,2,2,0,1,0,0,1,0,1,0,2,1,1,0,0,0,0,46,131,150,191,254,252,245,49,1,0,1,0,1,6,1,2,2,0,1,0,0,0,2,0,3,46,93,137,252,255,249,220,173,248,255,83,0,0,0,1,0,0,2,0,1,0,0,0,0,3,2,30,166,248,253,254,195,118,56,9,105,254,251,73,0,0,0,1,1,3,2,0,0,0,3,0,0,0,1,207,251,212,71,67,1,0,2,103,248,248,82,3,0,0,0,0,0,0,0,6,2,1,0,0,3,3,34,219,153,25,0,4,1,1,90,247,249,119,4,0,1,0,0,3,0,0,0,2,2,0,0,1,0,0,0,5,29,0,0,0,0,29,220,253,192,0,1,1,1,0,2,2,0,0,0,0,0,1,2,1,3,2,2,118,235,84,7,0,3,151,253,214,24,0,6,0,0,0,0,1,0,0,0,0,0,6,4,2,0,0,0,57,233,250,158,31,181,255,205,58,0,0,0,0,0,0,1,0,1,0,1,0,0,3,0,0,0,1,3,0,128,253,246,230,252,165,18,0,1,2,1,2,2,5,0,0,0,0,0,3,3,0,1,3,2,3,1,2,0,156,253,252,223,21,0,0,1,0,2,1,0,0,3,0,0,1,3,1,3,0,0,1,3,0,2,0,27,213,255,254,244,82,0,0,0,3,0,4,0,0,0,0,0,1,1,0,1,1,0,0,0,2,3,4,186,255,218,28,236,255,64,5,0,0,0,2,0,3,0,1,0,0,1,1,4,0,6,0,0,0,1,104,251,252,79,1,63,237,216,49,0,0,1,4,1,1,0,3,0,0,0,0,0,0,0,0,3,0,1,226,250,140,2,1,0,132,255,163,4,0,0,1,0,0,0,3,0,3,0,0,0,0,0,0,1,0,62,250,232,56,0,0,0,0,173,230,41,0,1,0,2,0,0,5,0,0,0,1,3,4,0,4,0,1,86,254,95,0,1,1,0,4,151,255,208,0,0,0,4,1,2,0,1,0,1,3,0,1,0,0,0,2,61,245,229,47,1,1,2,1,145,254,223,0,0,0,0,1,2,0,1,0,0,3,0,0,1,0,0,1,0,228,254,237,191,113,115,117,193,253,176,0,0,2,1,0,1,0,0,0,2,1,2,3,2,0,1,0,0,50,164,249,255,255,249,253,254,172,11,1,0,0,0,2,0,1,3,0,2,0,2,1,1,0,1,1,5,0,5,87,148,151,251,168,95,14,1,0,0,0,0,0,0,0,0,0,0,0,0,1,0,0,0,4,0,0,0,0,0,2,0,0,0,0,1,0,2,0,3,2,2,0,0,1,0,2,1,0,0,1,3,1,0,5,1,2,6,2,0,2,2,3,0,2,0,2,0,0,0,1,2,2,2,0,2,0,2,3,0,1,1,0,4,0,2,3,0,0,1,0,0,0,1,0,0,1,0,0,1,3
0,3,0,0,2,3,1,0,0,0,0,2,2,0,0,0,3,0,0,0,0,2,0,0,1,1,1,2,0,0,0,0,0,2,1,0,2,1,1,0,0,0,1,0,1,0,0,0,1,0,0,0,0,2,3,1,0,0,3,1,0,0,4,2,0,0,0,0,0,0,0,0,0,0,0,2,1,0,1,0,0,5,0,7,0,2,0,3,3,0,4,1,0,1,3,1,0,0,1,1,0,0,0,3,1,1,2,0,0,0,0,0,0,1,0,0,0,0,0,0,4,0,0,3,1,4,0,3,1,0,0,1,0,0,0,1,0,0,1,0,2,1,0,0,1,0,1,0,2,0,0,5,0,1,0,0,0,0,0,0,5,0,0,2,2,1,0,4,0,0,0,2,0,0,4,0,1,0,0,0,0,5,0,3,0,0,2,1,0,2,0,0,2,2,1,0,4,3,3,0,0,3,0,0,0,1,0,0,144,156,255,248,194,137,14,3,0,3,1,1,0,0,1,0,3,1,0,0,1,2,0,2,0,0,5,116,246,236,172,133,203,252,104,4,0,1,0,0,0,1,0,1,0,2,0,0,0,3,0,0,0,3,88,255,116,1,0,0,0,72,44,1,0,1,0,0,0,0,0,0,0,0,0,0,1,1,0,0,2,37,223,115,3,0,0,0,3,53,237,93,2,2,3,0,0,0,0,0,0,0,3,0,0,0,0,2,0,96,194,0,0,1,2,5,0,212,250,59,1,2,0,0,0,0,0,2,1,0,0,0,2,3,0,0,59,255,76,0,0,2,2,95,222,255,251,0,0,0,0,2,0,1,1,0,1,0,2,0,1,0,0,0,98,206,5,1,0,9,135,188,209,254,208,0,0,1,0,0,6,1,0,0,1,0,1,0,4,0,2,3,73,236,32,0,40,121,118,14,146,252,157,0,0,1,3,0,0,0,1,5,0,5,4,0,2,0,0,1,0,105,189,114,131,7,1,0,172,254,66,0,0,0,0,0,0,2,1,0,0,0,2,1,0,1,0,0,1,0,1,21,1,3,1,14,238,222,17,2,0,2,4,4,0,0,0,0,0,0,0,0,0,0,0,3,0,1,0,0,3,0,0,120,255,191,3,2,1,0,0,3,2,1,0,0,3,1,0,0,0,2,0,0,1,0,0,3,1,3,1,120,254,110,0,2,3,2,0,2,0,0,0,0,2,0,0,0,0,0,0,1,0,0,3,0,0,2,0,181,226,12,0,3,0,0,0,0,3,0,0,0,2,0,1,0,0,0,1,0,4,0,2,2,0,0,109,250,159,3,0,3,0,0,0,4,1,1,0,0,0,1,3,0,0,2,0,0,4,1,0,0,0,1,163,244,50,2,1,0,1,2,0,2,3,1,0,0,2,1,0,0,0,1,0,1,1,0,3,0,0,58,255,178,3,4,0,0,0,0,0,1,2,3,0,3,3,3,0,0,0,0,1,0,1,0,0,1,1,142,247,88,0,0,2,3,0,0,1,0,3,1,0,4,3,3,5,0,0,2,0,1,0,0,0,1,2,198,123,0,3,0,1,0,0,2,0,0,0,0,0,0,1,0,0,0,0,0,0,1,0,0,2,0,54,245,99,0,0,0,0,3,1,1,0,0,3,1,5,0,1,0,1,0,1,2,0,2,0,0,0,0,140,218,25,1,0,2,2,1,0,1,4,0,3,0,0,0,2,0,3,0,1,4,0,0,1,0,4,0,3,0,0,0,0,1,0,4,1,3,0,1,2,4,0,0
5,4,1,0,0,0,3,0,1,0,0,6,0,0,0,0,3,3,1,2,0,3,0,2,4,3,0,4,0,0,0,0,1,1,0,2,2,0,3,0,0,0,0,2,0,4,0,0,0,0,0,0,0,0,3,0,0,0,0,2,0,1,3,0,0,2,11,181,144,37,0,0,0,0,0,0,0,0,0,1,1,0,0,3,0,0,0,2,3,0,0,2,0,0,122,254,255,113,40,1,0,0,0,0,2,0,0,0,0,0,0,2,0,1,3,0,0,2,0,0,3,137,243,255,255,180,87,5,0,0,3,0,6,1,0,0,5,0,0,3,2,0,4,1,3,0,4,1,1,163,250,233,10,3,2,0,1,1,0,0,0,1,0,0,1,0,0,0,0,2,2,1,0,0,2,0,16,223,253,128,4,0,2,1,0,3,4,0,0,0,0,2,0,3,1,0,0,0,2,0,0,0,4,0,61,255,254,44,2,0,0,1,0,0,1,0,0,0,0,0,3,1,0,1,3,2,2,0,2,1,2,0,133,255,169,3,0,2,0,0,0,0,0,0,0,0,0,0,0,0,3,1,3,0,2,1,0,0,3,2,197,250,166,3,0,0,0,0,0,3,0,1,4,0,0,0,0,0,0,0,2,0,0,0,3,0,6,2,245,252,167,0,5,0,0,0,0,0,2,53,79,4,0,0,0,0,1,0,1,0,1,0,1,0,0,0,242,251,69,2,0,0,1,0,5,2,118,241,253,67,0,1,0,0,0,0,0,0,1,0,2,1,0,103,251,254,54,0,4,0,2,1,38,144,254,249,249,250,56,0,0,0,0,0,1,0,0,4,0,0,0,98,254,216,15,0,2,1,1,2,138,252,204,59,201,255,100,0,4,1,0,0,0,0,0,0,1,0,0,100,255,193,0,4,0,1,0,59,205,254,122,0,197,251,104,0,2,1,0,0,1,0,0,1,2,0,1,96,255,204,6,0,2,0,59,253,250,189,11,64,249,132,47,3,0,1,0,0,0,0,0,0,0,0,4,30,245,255,55,0,0,1,134,255,252,46,0,165,235,41,4,0,0,6,0,4,3,0,0,1,0,4,0,0,242,253,142,1,0,1,222,248,231,33,4,197,111,27,0,1,4,1,0,1,0,0,0,0,0,3,4,1,134,251,210,17,0,4,222,255,190,50,228,252,164,0,2,0,2,0,1,0,0,5,1,0,2,1,0,3,9,200,251,205,136,44,230,252,255,252,248,186,22,3,2,4,1,0,0,0,0,0,2,0,0,0,0,0,1,64,237,254,255,252,255,255,254,178,60,1,3,0,0,3,3,5,0,1,0,2,2,0,5,2,1,2,1,0,26,38,140,125,205,158,205,102,2,3,0,2,1,0,2,0,2,0,0,0,0,0,4,0,0,2,0,2,2,0,0,3,0,0,0,0,0,3,1,0,4,0,0,3,5,1,2,0,0,2,0,0,0,0,6,0,4,4,0,0,0,4,1,5,3,0,4,0,0,0,3,1,0,2,0,0,0,3,1,0,2,3,0,1,3,0,0,0,0,0,0,3,2,0,0,4,3,0,1,1,1,0,0,1,0,0,3,0,2,2,0,3,2,0,0,0,0,1,2,0,2,3,0,0,5,2,0,0,0,0,2,4,0,0,1,0,4,0,0,0,0,3,0,0,0,2,0,0,4,0,1,1,4,0,0,1,1,1,1,0,4,2,0,0,4,1,0,0,3,2,2,0,0,4,1,1,0,0,0,2,0,0,0,0,1,0
0,0,2,0,0,3,0,2,0,0,0,0,0,0,3,1,0,4,0,0,0,0,0,4,1,0,0,0,0,0,0,4,1,3,0,0,0,0,0,3,0,0,4,0,2,4,1,0,0,0,0,0,2,0,2,0,0,2,0,3,1,4,0,4,0,0,0,0,2,2,0,1,0,2,1,3,0,0,1,0,0,0,0,0,0,1,0,3,1,1,0,1,0,0,7,1,2,0,0,1,2,0,2,0,1,2,0,0,0,3,1,0,0,0,0,0,1,0,0,0,0,0,0,0,0,0,0,6,1,2,0,0,0,0,2,0,2,1,5,0,2,0,0,0,0,1,0,0,0,0,0,0,79,186,12,1,0,2,0,3,0,0,3,2,3,0,0,0,0,0,1,0,1,0,1,0,0,3,5,0,82,253,97,0,2,1,2,0,1,0,1,2,3,0,0,0,2,3,0,0,0,0,0,0,0,2,0,2,80,251,144,0,0,5,0,1,1,0,4,0,0,0,0,0,1,0,0,0,0,1,0,2,3,3,0,0,34,245,142,0,1,2,0,2,0,1,0,0,0,2,1,0,1,0,2,1,5,0,2,4,0,3,0,0,2,241,227,0,0,1,2,2,3,0,0,0,0,0,3,0,0,0,0,2,0,0,2,0,0,0,1,3,1,241,241,0,0,0,0,0,0,0,0,0,0,0,1,0,0,1,1,1,1,0,0,0,3,0,0,0,2,244,240,0,2,6,0,2,0,0,3,1,0,0,1,0,0,0,0,0,2,1,0,0,0,0,0,4,0,202,237,0,0,0,0,0,0,0,0,0,0,4,0,0,0,3,0,0,1,0,2,0,0,0,1,1,0,210,240,2,0,0,0,0,0,1,1,2,0,0,0,0,2,0,0,0,0,1,0,0,3,0,1,0,0,143,239,0,0,0,2,0,0,1,0,0,3,0,0,1,1,2,0,3,0,0,0,0,2,0,2,0,3,148,240,0,0,2,1,0,3,2,0,0,0,4,0,2,6,0,0,0,0,0,3,0,0,0,2,0,0,139,241,6,2,0,0,0,2,0,0,0,0,0,0,0,0,2,0,0,1,0,0,0,1,1,0,0,0,60,249,45,0,0,0,0,1,0,0,0,0,0,0,0,1,0,0,0,2,3,3,1,0,0,5,0,0,48,253,85,0,0,2,1,1,1,1,2,0,0,0,6,3,3,0,0,0,0,0,1,2,1,0,0,0,49,252,80,3,3,2,0,2,0,0,0,0,0,0,0,3,3,3,0,0,0,3,3,0,0,0,0,1,51,255,83,3,0,0,2,0,0,1,0,0,2,0,0,0,3,0,0,0,0,0,0,0,0,0,1,2,49,255,78,2,3,0,0,2,0,1,1,2,0,2,0,0,0,0,2,1,0,1,0,4,0,0,0,0,48,251,82,0,3,0,0,0,0,0,3,4,0,2,0,3,0,2,2,1,0,1,0,0,0,1,0,2,42,250,82,2,3,0,3,2,2,1,0,1,0,0,0,0,1,4,1,0,0,0,2,0,0,0,0,0,0,164,51,0,3,1,1,2,0,0,0,1,3,6,0,0,0,0,1,0,0,0,1,0,1,0,0,0,0,0,0,0,4,1,1,1,4,0,3,0,0,0,3,0,0,0,0,7,2,0,0,3,5,3,0,0,1,0,0,1,0,2,1,0,2,10,0,0,0,1,0,0,0,0,1,2,2,0,3,0,0,1,2,0,0,2,0,0,0,3,0,2,5,0,4,0,1,4,1
3,1,0,1,2,3,0,1,0,0,1,0,4,1,4,2,0,2,0,0,0,0,4,1,1,0,0,0,0,4,2,0,0,1,0,3,2,0,0,2,0,4,1,0,0,0,1,1,1,0,3,0,0,0,1,0,0,0,1,2,0,0,2,0,0,0,0,3,1,0,0,1,2,2,1,0,0,5,0,1,0,2,0,5,0,0,1,0,0,0,1,1,2,1,0,0,0,2,0,0,1,3,0,0,3,0,0,3,0,0,1,0,2,0,0,0,1,0,0,0,3,1,5,0,4,0,2,0,0,0,0,3,0,0,0,0,0,0,0,0,0,3,3,3,0,0,1,0,0,0,2,0,2,0,0,0,0,28,111,212,69,0,3,0,2,0,4,1,0,4,0,4,2,1,0,0,0,3,0,2,0,0,10,2,53,223,255,255,209,12,7,4,0,1,1,0,1,0,0,5,1,1,1,0,1,0,2,4,35,105,219,213,221,253,208,236,255,118,0,2,0,3,0,3,0,0,0,0,0,1,4,1,0,1,22,154,238,251,255,250,253,255,245,245,255,120,0,0,1,0,0,0,4,0,0,0,0,1,0,0,0,22,208,255,255,253,255,255,237,243,175,203,255,118,0,3,0,0,0,4,2,0,0,0,0,0,0,1,5,136,251,255,225,144,125,84,53,23,95,254,255,64,5,4,5,3,4,2,0,0,0,0,2,0,3,0,93,252,247,95,3,0,1,0,18,135,250,252,250,50,1,0,0,1,1,5,0,0,0,0,1,5,0,0,125,249,241,72,39,41,42,164,245,255,255,254,152,52,0,1,0,3,0,3,0,4,0,1,3,0,2,3,123,255,255,255,251,253,253,249,252,255,197,100,16,0,0,0,0,0,0,1,0,1,3,0,0,2,2,3,4,99,227,250,254,254,255,250,255,254,227,17,0,0,5,4,0,0,0,0,0,4,3,0,0,4,0,1,0,1,38,229,255,254,251,255,254,255,255,30,0,0,4,1,1,0,3,6,0,2,0,1,2,0,0,2,0,20,201,252,250,251,244,195,196,243,255,53,3,3,3,2,0,0,2,0,0,2,0,1,5,0,0,0,0,83,255,255,219,115,75,0,0,207,253,216,3,1,0,1,5,0,0,0,0,0,1,0,2,0,0,1,7,196,255,254,86,0,1,1,1,92,252,231,3,5,0,5,0,3,1,5,0,1,0,0,0,0,0,0,110,254,255,214,7,0,4,4,4,17,251,242,35,3,0,0,0,4,0,0,6,0,1,0,3,1,0,4,119,249,244,80,1,0,2,0,1,48,251,245,49,3,1,2,2,2,0,2,1,1,0,0,1,0,0,0,120,252,252,92,2,0,0,15,62,227,247,162,0,0,1,0,2,2,0,4,0,1,0,0,0,0,0,0,39,227,254,254,175,90,90,195,255,255,254,68,0,1,0,0,1,0,2,1,2,0,0,0,2,0,0,0,0,38,224,252,254,252,252,255,253,215,116,0,0,0,0,1,0,0,5,0,0,0,4,1,0,1,0,2,3,1,40,225,253,253,255,174,91,6,0,1,4,0,0,0,0,0,1,0,2,1,2,2,0,0,3,0,0,0,0,0,0,1,4,0,1,6,0,1,0,0,0,1,0,0,0,0,1,4,2,2,0,0,0,3,1,2,0,0,0,4,0,0,0,0,1,0,0,3,3,0,0,1,0,0,3,1,0,0,0,0,0,0,0,1,5,2,1,0,0,1,0,0,0,0,0,1,5,0,2,0,2,2
0,0,0,0,0,0,0,0,1,1,2,0,0,0,0,0,0,2,1,0,0,0,0,0,1,0,1,1,0,0,0,4,0,2,0,0,1,2,0,0,0,0,0,2,0,4,0,0,0,0,4,1,0,2,0,0,3,0,0,0,0,2,2,1,0,0,0,0,0,0,0,2,0,1,0,0,0,3,0,2,1,0,0,2,4,0,2,0,2,0,1,0,4,2,0,0,0,0,0,0,0,0,0,0,0,0,0,2,0,3,0,0,0,0,0,0,0,0,2,2,0,0,2,0,7,0,2,1,0,0,4,0,0,3,0,1,0,3,1,0,0,1,0,0,27,81,204,78,14,0,0,4,5,0,2,0,2,0,0,0,0,0,0,3,0,2,0,3,3,0,0,1,80,255,255,255,63,79,2,1,0,0,0,4,4,0,3,5,0,3,2,0,0,0,0,0,0,1,0,0,81,253,255,251,122,131,5,0,3,2,1,2,2,89,238,93,61,12,0,0,4,1,1,0,0,0,0,0,78,255,252,250,254,126,0,2,2,0,0,5,2,229,253,253,251,60,5,1,3,1,0,0,0,0,0,0,79,255,254,254,245,113,2,0,0,0,0,2,0,231,251,253,252,60,2,0,0,1,0,2,0,2,0,0,79,250,255,251,234,64,0,1,1,3,0,3,0,230,255,255,253,147,2,3,1,0,0,1,0,0,0,0,81,254,253,255,255,140,8,0,1,3,2,0,0,231,252,255,255,249,109,0,3,1,0,0,4,0,2,0,77,255,254,254,252,255,53,1,0,2,0,4,0,233,254,254,255,239,3,1,0,1,0,0,0,0,0,0,84,253,255,255,255,255,193,183,184,183,187,185,186,240,255,255,253,249,115,1,3,0,0,2,0,5,0,1,2,157,254,252,252,254,253,253,251,250,255,255,253,78,255,255,253,253,159,2,0,1,0,0,0,2,2,7,1,60,245,252,252,254,253,253,255,254,253,254,154,64,253,255,254,252,155,0,0,0,1,1,0,2,1,1,0,0,70,253,255,253,253,253,251,208,211,15,4,53,255,253,255,254,156,0,2,0,0,0,4,0,0,1,0,0,32,105,233,255,255,255,245,37,34,0,1,19,182,255,254,255,161,0,1,0,3,0,5,3,1,0,0,2,0,3,22,20,26,26,26,0,0,0,3,0,135,255,251,253,155,0,3,3,0,0,0,0,1,0,3,3,2,0,2,0,1,0,0,0,0,1,0,0,130,251,255,252,206,43,0,0,1,0,0,0,0,0,1,1,0,0,2,0,0,0,0,4,0,0,3,0,134,254,255,253,255,80,0,0,3,1,0,4,0,0,2,0,4,0,2,1,0,1,0,0,0,3,1,3,72,237,255,250,252,77,2,4,0,1,0,0,0,0,2,0,0,3,0,2,0,0,4,0,0,1,0,0,0,209,248,252,254,78,1,0,3,4,0,0,0,0,0,3,3,2,1,4,0,0,1,3,0,0,0,3,0,210,255,248,157,54,0,0,3,0,5,0,0,2,0,2,0,3,3,3,0,2,0,0,0,2,1,0,5,86,255,235,1,0,0,1,0,0,0,0,2,4,0,4,1,2,0,1,0,3,5,4,2,0,1,0,3,0,0,3,0,5,0,0,0,0,1,0,0,0,4,2,2,1,0,0,0,1,1,1,0,0,0,0,0,0,0,0,2,0,1,2,0,2,2,1,2,3,3,0,0,0,2,0,3,1,0,2,2,0,3,0,0,0,0,0,0,1,0,0,0,1
0,0,2,0,0,2,2,0,6,0,0,0,0,0,0,0,0,0,0,0,2,0,0,3,2,1,0,3,1,0,1,0,0,1,0,4,1,0,0,0,1,0,0,0,0,0,0,0,0,1,0,0,3,0,0,3,0,0,1,0,3,0,0,3,0,0,0,0,0,0,0,0,0,0,1,0,0,3,0,0,0,1,0,4,0,1,0,0,2,0,2,0,0,0,3,1,1,0,0,0,0,0,0,1,3,3,1,0,3,1,0,2,0,0,0,0,0,1,0,0,0,1,0,0,57,221,95,1,0,3,0,0,0,0,3,1,0,0,3,0,2,0,0,0,2,0,0,0,2,0,3,1,59,252,223,36,0,0,2,0,0,0,0,0,0,4,0,0,0,1,0,0,1,1,3,1,0,0,0,0,53,254,253,180,2,1,0,0,0,0,0,0,0,0,3,0,0,3,2,5,0,1,0,0,0,0,0,0,22,216,255,219,27,0,0,1,0,0,1,0,1,0,0,0,0,3,1,0,0,0,0,1,0,2,1,0,0,188,251,255,47,3,0,0,3,1,0,2,1,1,0,4,0,0,0,0,0,0,0,0,2,1,1,0,5,186,252,253,50,2,1,1,4,3,1,0,1,0,3,2,2,1,0,0,0,3,2,0,6,0,3,0,0,188,255,255,53,0,0,0,0,4,0,0,0,1,0,0,0,0,0,0,4,6,0,0,0,0,0,1,9,198,255,255,47,2,1,1,5,1,0,0,0,0,1,4,0,0,0,0,0,0,0,0,0,0,0,1,54,254,254,249,45,1,3,0,1,0,2,0,3,2,0,2,0,1,0,0,0,0,1,0,0,0,0,0,59,252,255,254,55,0,0,1,0,2,0,0,3,0,0,0,0,0,0,0,0,4,1,1,1,0,2,0,59,250,255,232,40,0,0,0,3,0,0,1,0,3,2,0,3,0,1,1,2,0,2,0,0,0,4,2,58,255,254,182,1,0,0,0,0,0,1,1,0,0,0,0,2,0,2,1,0,0,4,1,0,2,0,2,57,254,254,213,30,4,0,3,1,3,3,2,0,0,1,3,1,0,3,3,0,0,0,2,1,3,0,3,56,253,255,179,0,0,1,0,0,0,0,1,3,0,0,0,0,0,3,0,1,0,2,2,1,2,2,3,103,249,250,178,0,0,1,0,0,4,0,0,0,3,0,0,0,0,4,3,0,1,1,4,0,0,2,24,205,255,254,181,2,3,1,7,1,5,0,0,1,1,0,2,0,2,0,0,0,0,0,0,0,2,0,50,255,255,253,63,0,0,0,4,0,0,0,0,0,2,2,2,3,0,0,1,0,2,4,0,0,3,0,44,253,255,254,56,2,0,0,0,1,0,1,0,0,0,2,3,2,0,0,0,0,0,0,2,0,0,0,48,255,253,252,56,2,2,0,3,3,1,0,0,3,0,1,0,2,2,2,0,0,0,0,0,0,0,0,0,92,222,187,3,0,1,0,2,0,0,1,0,1,0,5,0,2,4,2,1,6,1,0,0,0,0,0,0,0,0,1,0,0,2,2,0,0,0,3,0,0,0,0,4,1,0,1,3,0,3,0,3,0,0,0,3,0,0,1,1,3,1,0,0,2,2,0,0,4,0,0,0,0,0,0,0,0,0,0,2,0,0,2,0,3,3,0,0,0,2,1,1,2,0,1,0,1,0,4,0,0,0,1,2,0,0,0,0,0,0,0,0,0,1,0,3,0,0,0,1,0,0,2,0,0,2,0,0
1,0,0,1,6,4,0,0,0,0,0,3,0,0,0,0,0,1,0,2,0,0,0,0,1,0,0,1,1,2,1,0,1,2,1,0,0,0,0,5,3,2,0,0,0,1,0,0,5,2,0,4,0,0,2,0,0,0,2,2,0,0,0,0,0,0,2,0,1,0,2,0,1,0,0,0,6,0,0,0,0,0,1,0,2,0,2,0,0,0,4,1,0,0,1,0,3,68,128,255,255,191,128,1,2,0,2,2,0,0,3,0,4,3,0,2,0,2,2,2,1,0,0,187,253,255,252,255,255,255,251,253,125,0,2,2,3,4,0,4,1,0,0,0,0,1,0,0,0,3,192,252,195,190,125,125,126,125,192,253,254,128,0,2,2,0,0,0,0,0,3,0,1,0,2,0,2,3,66,1,3,1,3,1,0,0,0,254,254,128,0,0,4,0,1,3,3,0,0,0,4,0,3,0,1,0,5,0,0,0,1,0,2,2,1,253,255,63,0,5,0,0,0,1,0,6,0,0,0,0,0,3,0,1,3,0,0,1,3,4,0,2,63,255,254,0,3,0,0,4,0,4,0,0,2,1,0,0,0,2,0,0,0,0,1,1,1,0,0,0,189,252,128,0,0,0,1,0,0,0,0,2,1,2,0,0,0,3,0,0,1,1,1,0,1,1,0,127,255,255,59,0,0,1,1,4,2,0,5,2,0,0,0,3,0,1,0,0,1,1,2,4,1,0,0,190,255,188,0,2,1,1,0,0,1,0,0,1,0,1,0,1,0,5,0,1,1,2,0,0,0,2,190,255,255,2,3,0,4,0,2,0,1,0,0,1,3,2,3,0,0,2,0,0,2,0,4,0,0,63,253,255,62,0,2,1,0,4,0,1,0,2,2,4,0,1,0,0,0,2,3,0,0,0,1,1,63,253,192,60,2,5,0,0,0,10,2,0,0,3,2,0,1,0,3,0,0,0,0,0,0,2,0,0,195,253,0,0,0,5,0,0,0,0,0,0,0,0,0,0,4,0,0,0,0,0,1,0,2,0,63,255,192,68,2,0,4,0,2,2,0,3,3,1,4,0,0,0,0,1,0,0,0,68,63,129,126,129,254,255,64,0,0,3,0,0,0,0,1,0,3,1,0,0,0,0,2,0,3,62,193,255,254,255,255,254,255,128,1,4,1,1,4,0,0,3,0,1,0,3,5,0,0,0,0,0,63,255,255,128,1,193,255,255,255,254,67,0,0,0,4,0,2,2,0,1,0,0,0,1,0,2,3,0,255,255,253,63,190,254,194,65,189,255,255,255,129,63,0,0,0,0,1,0,0,3,0,0,1,0,0,2,248,255,255,253,250,129,0,1,0,127,254,254,255,255,255,128,127,126,0,5,1,0,3,1,0,0,0,0,60,192,254,191,61,0,4,0,2,4,0,0,127,124,194,190,188,192,0,0,0,0,2,0,0,2,0,0,0,0,0,0,0,0,1,5,0,0,0,1,0,2,2,0,0,0,0,2,0,0,2,0,2,0,0,0,4,0,1,1,3,3,0,0,0,1,2,0,0,0,0,3,0,0,0,0,0,0,2,0,2,0,1,0,0,0,0,3,0,0,2,0,0,0,0,0,0,1,0,3,1,2,0,0,0,2,3,0,0,4,0,3,4,1,0,0,0,0,0,1,0,0,0,1,2,0,0,4,0,0,3,0,0,0,0,0,0,0,2,0,0,0,3,1,4,0,0,0,0,2,0,0,0,4,4,2,4,2,0,0,2,0,0,2
0,0,3,0,0,0,0,0,0,6,1,2,1,1,1,0,0,2,0,2,1,0,1,0,0,1,0,0,0,0,2,0,2,3,0,0,0,2,0,3,0,2,4,2,0,0,0,0,1,1,1,4,0,2,0,2,0,0,0,0,2,2,1,0,0,4,0,0,2,6,0,0,1,1,2,2,3,0,0,0,2,2,0,0,3,0,0,0,0,3,0,0,5,0,0,3,0,2,0,0,0,0,1,1,0,0,0,0,2,0,4,0,0,0,1,0,0,1,0,0,0,2,2,9,134,254,180,40,1,0,3,5,3,0,0,0,0,1,0,2,0,0,1,2,0,0,0,2,0,1,0,179,254,255,254,186,120,6,0,0,0,0,0,0,1,1,0,0,3,1,0,0,0,0,0,3,0,5,1,199,250,130,160,212,253,184,63,27,0,0,2,0,5,0,0,0,2,0,0,4,0,2,2,4,0,0,0,25,246,231,0,42,183,242,252,212,2,0,0,4,0,0,1,1,0,0,0,4,0,3,4,0,1,0,0,0,241,187,0,0,0,40,45,41,2,0,0,4,4,0,0,1,0,1,2,2,4,0,0,1,0,5,0,94,253,216,1,0,6,5,0,0,0,0,0,0,0,1,2,0,2,2,0,1,2,3,3,0,4,0,0,109,255,113,6,1,1,3,1,1,1,1,4,0,0,0,0,2,2,0,0,0,0,0,0,1,0,0,0,226,249,3,0,0,0,1,0,2,2,0,0,1,0,2,0,0,0,0,0,0,0,2,0,0,3,2,56,242,245,0,0,1,0,0,0,0,2,1,0,0,0,0,2,0,0,0,0,0,0,0,2,2,0,0,86,255,248,1,4,0,1,2,1,0,1,0,0,0,1,4,1,0,0,0,0,2,5,1,1,2,0,2,88,255,250,2,0,0,1,3,0,2,1,2,0,0,0,2,1,0,0,0,0,2,3,0,0,0,2,0,86,250,252,54,92,177,217,112,51,0,2,0,3,4,0,1,1,3,1,2,0,0,0,0,0,0,0,3,198,250,255,242,252,252,252,255,244,163,0,2,0,1,3,0,0,2,0,0,0,0,0,0,0,0,1,2,203,255,254,248,166,125,124,119,178,251,166,7,3,0,0,3,0,1,3,3,1,2,1,1,1,0,0,5,37,106,103,46,0,0,0,2,16,251,254,87,0,1,3,3,0,0,0,2,0,1,0,0,5,0,2,0,0,0,1,0,2,2,3,0,112,253,234,31,0,1,2,1,5,0,0,0,0,1,6,0,0,0,2,0,2,0,0,0,0,0,19,163,216,251,110,2,1,1,0,0,1,1,0,0,0,3,1,0,0,3,4,0,0,1,3,0,0,18,190,255,253,162,1,0,0,2,0,0,0,0,2,0,0,0,3,0,0,2,0,0,0,0,55,161,216,226,252,175,99,3,1,2,6,1,0,1,0,0,0,0,0,0,0,0,1,0,1,1,0,3,11,201,250,225,102,3,0,0,0,0,3,2,1,0,0,2,2,0,0,0,1,4,0,2,0,0,0,0,0,0,1,0,1,0,0,0,3,0,2,0,0,0,2,0,0,0,0,0,0,1,0,0,2,3,3,4,0,1,0,0,2,7,3,4,0,0,0,1,1,2,0,3,0,0,5,2,0,0,3,0,0,0,0,0,0,0,0,0,0,0,0,0,0,0,4,0,0,0,2,0,1,0,1,0,1,4,0,1,0,0,2,2,0,2,0,1,0,1,0,0,0,5,0,0,0,0,3,0
2,0,0,0,0,0,0,1,4,0,1,3,1,0,0,2,4,0,1,0,4,5,0,0,0,2,0,0,0,0,2,0,0,2,0,0,0,3,1,2,2,1,1,0,2,0,4,0,0,0,1,1,0,1,0,0,0,0,0,0,0,0,2,0,3,0,0,0,0,0,4,2,0,1,2,3,0,0,3,0,0,0,3,4,0,0,0,4,3,0,0,3,0,4,0,0,0,1,0,0,2,0,0,0,0,0,0,0,3,0,0,0,0,0,3,0,0,0,0,1,2,3,1,0,0,0,1,0,1,2,0,1,1,0,4,0,1,0,0,4,2,0,0,5,2,2,1,3,1,23,165,255,255,252,212,91,12,0,0,1,1,0,0,0,3,0,3,2,0,3,0,0,0,1,0,0,61,205,253,228,180,179,203,251,182,17,0,3,2,0,4,1,0,2,2,1,0,3,1,0,1,0,4,21,218,251,205,19,0,2,11,94,253,138,5,2,1,0,3,3,0,2,1,0,1,0,2,1,0,1,2,45,254,177,0,2,0,0,0,26,255,253,29,0,0,0,0,3,1,4,0,0,2,2,0,1,0,0,3,125,251,132,1,1,4,0,0,22,255,252,119,2,1,0,4,3,0,0,3,0,0,1,0,5,0,0,0,153,254,132,0,5,1,0,4,2,173,255,121,2,2,0,0,1,0,1,0,3,0,2,1,0,2,1,1,153,255,131,2,0,0,2,0,0,165,246,123,2,0,4,0,4,0,0,0,0,5,2,0,1,3,1,1,115,253,216,1,0,0,0,0,3,122,252,201,0,0,1,1,0,3,4,0,2,2,3,0,0,0,1,7,6,187,250,146,14,4,4,14,134,245,252,227,5,3,0,0,0,6,0,0,0,0,1,1,1,0,0,4,0,35,212,251,255,173,200,235,194,92,221,252,100,0,0,1,2,0,2,0,4,4,0,0,1,3,2,2,0,0,25,77,167,158,95,50,1,0,121,252,187,1,0,0,0,0,0,0,0,0,3,0,0,3,0,1,0,0,0,0,0,0,1,0,0,1,51,250,188,2,0,2,0,0,0,1,0,3,0,0,0,0,2,0,0,0,0,1,2,0,0,0,0,0,0,173,203,10,0,1,0,0,0,0,0,2,0,0,0,2,0,0,4,2,0,1,0,0,2,0,0,0,4,135,252,84,0,0,0,1,4,3,0,0,0,1,0,2,0,0,0,1,1,0,6,4,1,2,0,0,0,137,254,138,0,0,2,1,0,1,0,0,0,0,0,5,0,2,1,0,4,61,176,16,1,0,4,0,2,159,249,42,0,0,1,0,5,1,0,0,3,0,0,3,0,1,0,0,16,235,169,0,3,0,1,0,35,247,199,8,0,0,3,2,1,2,0,2,0,6,0,0,3,0,4,0,3,143,252,193,117,34,37,34,169,255,244,41,0,0,5,0,2,2,1,1,0,0,0,0,0,1,0,0,1,13,158,218,255,251,250,255,252,245,88,0,0,2,0,0,1,0,1,3,0,2,0,1,0,2,0,0,1,0,0,19,92,255,252,253,162,38,2,0,0,0,0,0,1,1,0,3,0,0,2,0,0,1,0,0,1,0,0,1,2,0,0,1,1,2,1,0,0,0,1,0,1,1,1,2,0,0,0,1,2,0,2,0,1,2,0,1,0,2,1,0,0,0,0,3,1,0,0,0,3,0,0,0,6,1,1,0,0,2,1,0,0,1,3,0,2,0,0,2,1,0,2,2,0,0,0,2,1,1,3
0,0,1,1,0,3,0,0,0,0,0,2,0,1,0,3,0,0,0,0,2,0,3,0,0,5,0,0,0,2,2,0,0,0,0,0,2,0,0,0,0,0,2,0,3,0,0,1,0,1,3,1,3,0,3,1,1,0,0,0,0,2,2,0,1,0,0,0,1,3,0,0,2,2,1,2,5,5,1,4,0,1,4,1,1,0,1,3,1,1,0,0,2,0,1,0,0,5,0,2,2,0,0,3,0,3,3,0,2,0,0,4,0,0,0,0,4,1,1,0,1,0,2,0,0,0,0,0,3,15,181,254,91,0,0,0,0,0,4,4,2,0,2,0,0,0,1,0,0,0,2,0,0,3,0,0,1,66,252,177,37,0,4,4,0,0,0,0,1,0,0,2,0,1,0,3,1,0,0,1,0,0,0,0,29,223,238,0,2,4,5,0,0,0,0,1,2,0,0,2,0,0,1,2,0,0,0,1,0,1,0,0,105,255,147,0,2,7,0,0,0,0,0,0,0,0,4,1,1,0,0,1,0,0,1,4,0,2,2,17,188,236,25,2,2,0,2,1,0,0,3,0,0,1,0,0,1,0,1,0,4,0,0,0,3,0,0,152,252,181,3,0,0,3,2,1,0,0,1,3,0,0,0,0,0,4,0,0,0,0,1,1,0,1,34,251,218,26,0,1,0,2,2,1,2,1,0,0,0,0,1,2,2,0,0,0,0,1,0,0,2,1,151,255,152,1,0,0,3,0,2,0,4,2,0,3,1,0,1,0,0,0,2,0,0,2,1,2,0,15,220,233,51,0,4,4,1,2,3,2,0,6,2,1,0,1,0,0,1,0,0,0,0,3,2,0,0,101,255,140,0,1,0,3,1,2,0,0,3,0,1,0,0,1,1,0,0,0,0,6,1,0,0,0,0,221,255,106,4,0,0,0,0,1,0,3,0,1,0,0,0,3,1,0,2,0,2,0,0,0,2,3,0,245,255,81,1,0,0,1,3,0,1,1,0,1,0,0,0,1,0,0,0,0,5,1,0,1,2,1,115,250,172,4,0,3,0,2,3,3,0,4,1,0,1,0,0,0,0,0,0,0,1,4,1,0,0,3,181,253,91,0,0,2,0,0,0,0,0,1,0,0,4,0,0,2,4,2,0,1,0,0,0,0,1,13,219,166,12,3,2,0,6,0,2,1,0,1,1,0,3,2,0,0,0,0,0,3,0,3,0,3,0,98,254,111,0,0,0,3,0,0,0,0,1,1,2,2,0,0,2,0,4,3,3,0,0,0,0,0,0,131,254,111,0,4,0,1,0,0,2,1,0,0,3,0,0,0,1,0,0,0,1,2,0,0,0,3,0,167,255,114,0,0,2,5,1,0,1,0,1,1,0,0,0,0,4,2,0,0,0,0,0,2,0,0,4,172,255,192,127,2,2,2,1,3,0,0,0,1,0,1,0,3,0,1,4,3,0,2,1,0,0,1,3,43,227,254,119,0,0,4,4,0,2,0,1,2,0,0,5,0,2,0,2,2,5,1,1,0,1,2,2,4,1,0,2,1,2,3,2,2,1,0,0,2,0,0,0,0,0,2,0,1,0,1,0,0,0,0,0,3,1,0,0,0,3,1,0,2,2,0,1,0,0,1,1,2,0,1,1,0,3,2,0,0,0,5,0,0,0,1,0,0,0,0,1,0,0,0,0,1,0,5,2,0,0,0,0,2,0,2,0,0,0,0,1,0,0,0,3,0,5,2,1,0,4,0,1,0,0,0,3,1
0,0,1,1,0,0,0,1,2,0,0,0,0,0,0,2,2,0,1,4,1,0,0,3,0,0,3,2,1,3,0,0,0,4,0,0,0,2,0,0,2,0,0,3,1,0,0,0,3,0,0,0,0,2,0,3,3,0,3,2,0,3,0,0,0,2,1,1,0,0,0,2,0,0,0,0,4,0,0,0,0,1,0,2,1,2,0,1,1,0,1,0,0,0,0,0,2,0,0,2,0,3,0,0,2,2,0,0,2,0,3,0,2,1,0,1,0,0,0,4,1,1,0,0,0,0,3,1,0,2,3,1,0,0,0,3,0,0,1,0,1,0,0,0,2,3,0,1,0,1,0,0,1,1,3,2,0,1,2,2,3,0,0,2,0,0,0,0,1,1,0,0,0,0,4,0,0,0,10,164,253,255,135,64,0,0,0,0,3,0,1,1,3,1,0,1,0,0,0,0,2,0,0,0,0,39,233,255,255,252,249,240,67,0,3,0,0,0,1,0,0,2,3,0,1,0,3,4,0,0,0,3,10,157,252,236,168,95,254,254,220,31,3,0,0,0,1,1,0,0,0,3,0,5,0,0,3,0,1,0,140,252,250,77,0,0,87,158,255,237,87,14,0,0,1,1,0,1,0,0,0,1,0,1,0,1,2,0,187,255,191,15,0,0,3,10,154,253,252,148,3,0,0,4,0,1,2,1,1,0,0,1,0,1,2,40,238,250,78,1,0,1,0,6,158,252,255,85,0,0,0,3,0,1,0,0,0,0,1,0,0,0,2,10,195,250,141,1,4,1,1,123,252,252,254,61,0,0,1,1,1,0,2,0,3,1,4,1,0,2,0,0,181,254,243,31,0,0,118,238,249,251,255,61,0,0,0,2,0,0,0,0,6,0,2,3,0,0,4,2,128,253,251,182,108,109,241,242,160,251,250,62,3,0,0,0,2,1,2,3,0,0,0,0,3,0,2,3,4,139,250,253,255,253,192,58,39,252,255,58,0,1,2,4,0,0,4,2,0,0,4,0,2,0,2,2,3,0,45,121,122,5,5,0,161,255,222,32,0,0,1,0,0,0,1,0,1,0,0,1,0,0,0,1,0,4,0,2,0,2,0,4,157,255,192,0,3,2,3,0,0,0,0,2,1,0,0,1,3,0,1,0,0,0,0,1,0,0,0,6,171,250,193,0,2,0,7,0,0,3,0,0,0,0,0,3,0,0,0,0,0,0,0,5,0,0,3,23,251,253,113,0,2,0,0,0,0,1,2,0,0,1,3,0,2,0,1,0,2,0,0,1,0,0,0,24,255,251,73,0,0,2,0,0,1,0,2,1,0,0,0,0,0,1,1,0,1,0,0,2,0,0,0,26,252,252,71,1,0,3,0,0,0,0,2,0,0,0,0,1,0,1,2,6,1,0,0,0,0,0,0,24,255,252,70,0,0,3,2,0,0,0,2,2,0,1,2,4,0,0,0,1,1,0,0,1,0,2,0,26,252,254,122,2,1,1,2,0,0,0,0,1,3,0,0,0,2,1,1,0,0,0,1,1,2,1,0,22,248,255,191,2,3,0,2,0,0,4,1,1,0,0,0,1,0,0,0,3,0,0,0,1,0,2,3,15,134,190,39,3,0,0,2,0,4,0,0,0,0,1,0,1,0,0,0,2,0,0,0,2,0,0,0,2,1,0,2,0,1,2,0,2,0,0,0,0,0,0,0,1,0,0,0,2,0,1,0,0,0,0,0,1,3,0,0,0,0,0,2,0,0,2,1,0
3,0,1,4,3,2,0,0,0,0,1,0,1,0,0,0,0,0,0,0,1,0,1,1,0,0,2,3,3,0,1,0,0,2,0,0,1,0,0,0,5,0,6,0,0,0,0,0,0,0,4,0,0,1,3,0,1,2,2,0,3,5,0,0,2,2,1,0,2,1,0,0,0,0,0,0,0,1,2,0,1,0,0,0,0,0,0,0,0,0,3,3,2,0,0,1,3,3,0,0,2,3,0,0,1,0,2,0,4,0,0,2,1,0,0,2,2,0,3,3,2,6,0,0,4,0,0,0,0,0,0,0,0,2,0,4,1,0,0,0,0,3,3,0,0,0,0,1,0,0,0,0,1,0,0,0,0,1,0,0,3,0,0,0,2,0,0,0,0,2,4,1,0,4,0,2,0,2,1,0,2,0,2,0,0,0,1,2,0,4,0,2,0,0,0,1,0,1,11,63,64,118,161,161,161,204,182,163,159,123,24,0,0,0,3,3,4,0,2,0,0,0,2,0,0,162,232,253,250,254,252,251,255,255,254,254,254,252,236,225,152,56,1,0,0,0,0,0,0,0,0,1,0,245,250,174,152,62,55,54,114,197,218,57,140,154,246,251,255,234,123,5,0,0,0,1,0,0,2,3,0,21,129,44,4,0,0,1,3,1,62,0,0,4,0,49,132,255,250,232,24,0,2,2,0,0,0,0,0,3,3,0,2,0,0,0,0,0,0,4,0,0,0,0,1,83,251,254,169,0,0,0,4,3,0,2,0,3,0,0,0,2,2,1,0,0,0,2,0,2,0,0,3,2,125,252,255,0,2,3,0,1,0,0,0,0,0,0,2,0,3,2,2,1,0,0,0,0,0,0,0,0,59,250,254,1,0,0,0,0,5,1,1,1,0,0,4,0,0,4,0,0,1,0,0,1,0,1,0,0,57,255,255,2,0,0,0,0,2,0,0,3,2,0,0,2,0,0,0,1,0,0,2,4,0,0,0,0,68,251,253,0,0,0,1,2,0,0,5,1,0,4,0,3,0,1,0,0,2,0,1,1,0,0,1,0,184,252,217,4,2,0,1,2,0,0,2,0,3,4,4,2,0,0,0,0,2,3,3,8,3,0,0,54,252,253,134,1,3,0,2,2,0,3,0,1,0,0,0,1,0,0,0,2,1,0,0,1,0,0,1,98,254,242,34,0,0,3,0,2,0,0,3,0,2,0,0,5,0,0,0,0,1,0,2,0,0,3,51,239,254,219,1,0,0,0,0,1,0,0,2,0,1,0,0,4,4,0,0,1,0,0,0,1,1,0,108,254,239,54,3,0,0,2,0,2,0,0,0,0,0,0,3,2,3,1,0,0,2,0,1,2,4,31,229,251,178,2,0,1,2,0,0,1,0,2,0,1,0,0,1,1,0,0,1,3,0,0,1,5,0,125,250,246,61,1,2,0,0,1,4,2,1,0,4,0,0,0,0,2,2,1,3,0,4,1,1,0,0,203,254,169,0,0,0,0,0,4,2,4,0,0,0,0,0,0,3,0,2,0,3,0,0,0,2,3,29,242,251,148,0,0,1,2,0,0,2,0,1,0,0,0,3,0,3,0,0,2,1,0,2,1,0,0,26,242,254,124,1,0,0,0,0,2,0,0,1,1,1,0,0,1,1,0,0,2,4,2,0,0,2,4,0,200,255,130,0,0,4,2,2,0,0,0,6,0,1,0,3,0,0,0,4,0,4,0,4,2,1,1,3,1,1,4,0,1,3,4,1,3,2,0,0,0
0,0,0,0,0,0,0,0,0,2,0,0,2,0,1,3,0,0,0,2,5,1,1,0,0,0,0,2,4,0,0,0,0,0,0,0,1,0,0,0,0,0,0,1,0,4,0,0,0,0,1,0,0,1,3,0,0,0,0,0,0,0,0,0,0,0,0,0,0,1,4,0,0,0,0,3,0,0,0,1,1,2,0,0,0,1,0,0,0,6,0,0,0,1,4,2,3,0,0,2,0,0,0,0,0,1,0,0,0,0,1,0,2,1,4,0,0,0,1,0,0,3,0,2,6,1,1,3,2,0,4,0,2,0,1,0,0,0,2,4,0,0,5,0,0,0,0,3,1,0,2,1,0,0,1,0,0,2,2,4,1,0,0,0,0,0,0,1,1,3,2,0,0,0,0,0,0,1,1,0,0,1,0,0,1,0,2,0,0,0,4,0,0,2,0,0,0,2,0,0,0,0,2,6,1,1,0,2,2,4,0,1,0,0,3,0,2,2,0,0,2,3,0,0,2,2,0,0,1,0,3,0,0,0,0,2,4,0,0,0,2,0,0,0,1,3,0,0,1,0,4,0,0,1,0,1,0,3,0,2,4,0,8,48,71,102,27,3,0,1,0,6,48,46,50,46,87,102,58,30,0,0,0,1,5,0,1,2,2,8,170,255,254,249,232,118,144,141,224,228,251,254,255,253,203,189,189,177,0,0,0,1,3,4,0,0,0,30,240,85,210,255,224,170,177,176,119,80,15,13,17,17,10,0,0,2,2,6,0,0,2,0,0,3,17,209,145,0,0,1,0,0,0,1,1,3,3,0,0,0,0,0,0,0,0,0,0,0,1,0,0,3,215,228,8,0,0,0,3,0,3,0,1,0,0,1,0,2,1,0,0,0,1,2,1,0,0,0,0,3,244,195,4,0,0,0,0,0,0,0,0,0,0,1,0,4,2,1,3,7,0,0,0,2,0,0,1,0,110,251,105,0,0,0,0,0,0,0,0,4,2,0,0,0,1,0,9,0,3,1,2,7,0,3,0,2,4,138,250,106,2,0,3,0,2,1,2,0,0,0,0,3,1,0,5,0,0,0,1,2,0,0,1,0,2,9,136,255,131,2,1,2,2,0,1,1,0,0,0,0,2,0,0,0,2,2,2,1,0,0,0,0,1,0,13,160,254,94,0,0,3,0,3,0,0,0,3,0,0,1,4,0,3,0,1,0,1,2,0,5,2,4,3,13,187,174,0,0,0,0,0,0,2,1,0,5,6,0,0,1,1,0,0,0,0,2,0,0,1,0,0,2,99,234,1,0,4,0,5,2,0,0,2,0,0,0,0,1,5,4,0,2,0,3,3,0,0,3,1,41,244,216,0,2,0,0,1,3,0,0,0,0,2,0,0,0,0,0,2,1,0,3,1,0,73,175,97,220,251,74,2,0,0,0,0,0,0,0,3,0,0,1,3,0,0,2,0,0,0,2,2,0,86,255,255,233,79,2,0,0,0,0,2,0,1,1,0,2,1,0,0,3,0,0,2,0,0,1,0,0,10,123,116,20,1,4,0,0,0,3,0,0,2,2,0,0,0,2,0,3,1,0,3,0,0,0,1,0,0,0,0,0,1,0,0,0,0,3,0,2,3,0,2,1,0,1,3,0,2,1,2,0,0,1,1,1,0,0,0,2,0,2,0,0,1,1,0,4,0,1,0,0,0,0,0,5,1,0,5,0,1,0,0,2,0,2,0,3,0,0,3,0,1,0,1,0,1,0,0,0,2,0,4,0
0,1,0,3,0,0,5,0,2,1,4,1,3,1,0,0,0,3,0,0,0,2,2,0,1,0,0,0,0,0,1,0,0,0,0,0,0,0,1,0,0,0,0,0,0,0,0,0,4,1,0,2,0,4,1,0,5,0,0,0,0,0,0,0,1,0,1,1,0,3,1,2,0,2,3,0,2,0,1,0,0,1,0,1,0,0,0,0,4,0,4,0,0,0,1,4,0,0,0,0,0,0,0,0,2,1,0,2,0,0,3,2,0,0,3,3,0,0,0,0,0,0,0,3,0,0,1,0,2,0,4,0,0,0,0,0,0,0,0,1,3,0,3,0,0,0,0,1,6,1,163,252,52,0,1,4,0,3,0,0,1,0,2,0,0,0,0,1,0,0,1,4,0,1,0,0,1,5,202,254,52,0,1,0,0,0,0,0,0,1,0,0,1,0,0,0,0,4,2,1,0,2,0,3,1,33,231,253,50,0,1,0,20,39,3,0,0,0,0,0,3,2,0,1,2,1,0,0,0,0,0,2,0,178,252,155,26,0,0,0,185,204,1,0,0,0,0,0,0,0,0,0,5,1,0,0,5,0,0,2,23,250,192,1,0,3,0,1,207,212,10,0,3,4,1,1,3,0,0,0,1,0,0,0,2,1,0,0,138,255,68,2,0,0,2,0,202,254,49,0,0,1,0,3,0,0,0,0,0,0,0,0,0,2,4,33,230,255,50,1,0,1,3,1,201,246,41,0,0,3,0,1,0,0,1,0,5,0,0,0,3,1,0,51,251,221,7,0,0,0,0,0,205,201,3,0,0,105,17,4,0,0,1,2,0,1,0,0,0,2,5,152,253,174,33,0,1,4,0,30,213,235,109,173,253,204,21,0,2,0,1,0,0,0,1,0,0,0,3,111,255,253,231,203,200,202,206,231,251,253,252,251,172,18,0,0,4,2,0,0,1,0,3,0,4,0,0,24,181,240,253,255,254,252,251,253,250,245,166,79,2,2,0,2,0,0,0,0,0,0,0,0,2,0,1,0,0,30,48,52,89,153,151,214,250,164,3,2,0,4,0,0,0,2,2,0,0,3,0,1,0,2,0,4,0,0,0,0,0,4,3,151,255,103,0,0,1,0,0,0,0,0,4,1,0,0,0,0,0,0,0,0,0,0,2,0,0,0,0,194,251,105,0,1,1,0,1,0,0,0,0,3,3,0,2,2,0,0,1,0,0,0,0,2,0,0,0,255,252,2,3,2,4,0,1,1,0,0,0,0,2,0,2,0,0,0,0,2,4,0,0,1,0,1,0,255,247,0,0,5,0,0,0,3,3,0,0,1,0,1,3,0,0,1,1,3,1,0,0,0,0,0,102,252,130,0,2,0,0,0,0,0,0,0,0,2,0,3,1,1,2,0,0,1,0,0,0,0,0,0,140,251,50,0,0,0,0,5,0,0,4,0,0,0,0,0,2,0,3,0,6,0,1,0,0,2,0,0,103,255,55,0,2,0,0,0,0,1,0,0,0,6,0,3,0,0,2,2,1,2,0,2,0,0,0,3,17,251,130,2,0,0,0,3,1,0,0,0,2,0,2,0,0,0,0,0,0,0,3,1,2,0,0,1,0,1,0,1,0,0,0,2,1,0,3,0,1,0,0,0,0,3,0,1,3,1,1,2,6,1,0,1,0,3,0,0,1,1,0,0,0,0,0,0,1,1,0,0,2,3,0,2,0,0,2,2,1,0,0,0,2,2,1,1,0,3,0,0,0,4,0,0,2,0
6,0,0,0,3,3,3,2,1,0,1,0,0,0,0,0,2,0,1,1,0,0,1,0,0,0,0,0,3,1,0,1,1,1,1,0,2,0,0,1,0,1,0,0,0,0,0,4,0,0,0,0,0,1,0,3,0,2,0,1,0,0,1,3,2,1,0,2,0,0,3,2,0,0,0,0,5,0,1,2,2,0,1,0,0,4,3,0,1,0,0,2,0,0,0,0,1,1,2,0,0,2,0,0,0,3,0,0,0,0,0,2,3,0,0,1,0,2,0,0,0,1,0,0,0,30,200,177,220,129,9,0,1,0,1,0,1,0,0,0,3,0,0,0,0,0,2,1,0,0,0,3,15,200,255,255,252,252,191,1,0,0,3,0,0,0,0,0,0,0,0,3,0,1,0,1,9,2,1,41,243,251,255,196,154,230,242,77,3,1,0,1,6,0,0,0,3,1,0,0,2,0,1,0,0,0,7,190,250,206,54,0,2,7,171,204,0,1,4,2,2,0,0,3,0,3,2,2,1,0,0,0,0,0,188,253,191,18,0,0,0,0,38,243,40,0,0,1,0,1,0,0,0,0,1,5,0,0,0,2,3,57,249,243,13,0,1,1,1,0,45,255,116,0,2,0,0,0,4,1,2,3,0,0,1,0,0,0,0,178,253,147,0,0,0,2,2,1,46,253,112,1,4,0,1,0,0,0,0,0,0,5,0,0,2,1,13,228,237,25,0,0,0,1,0,0,41,254,143,0,3,1,0,2,0,1,0,0,0,4,0,0,1,0,138,250,121,0,1,0,0,0,6,2,29,239,120,3,3,0,2,0,0,3,0,0,0,0,0,2,0,58,251,255,35,3,0,0,0,4,0,0,41,254,196,2,1,3,0,0,0,1,0,1,1,3,2,3,0,113,255,174,2,0,1,0,1,0,0,3,44,253,193,0,0,0,2,0,1,0,0,3,0,2,0,2,0,195,255,42,2,0,3,0,0,3,0,0,39,255,198,0,1,0,3,0,1,0,0,1,3,0,0,2,0,196,234,26,1,1,0,0,2,0,0,2,85,249,162,3,1,1,3,2,0,0,0,2,1,1,2,3,0,193,216,0,1,0,1,3,4,2,0,37,241,243,72,0,0,1,1,0,0,1,0,0,7,2,2,0,0,198,217,2,0,0,3,0,1,2,11,208,254,203,2,0,0,0,0,1,2,0,0,4,0,0,0,2,1,114,244,36,0,2,0,0,0,3,122,253,255,123,0,0,0,0,1,0,0,0,0,0,2,1,0,0,0,11,227,115,9,1,3,1,24,195,255,255,212,19,5,0,0,4,7,1,0,1,6,0,0,2,2,0,0,0,160,254,234,154,153,145,241,251,253,212,30,0,0,0,0,1,0,2,3,0,0,1,0,4,0,0,0,0,20,205,255,255,251,251,255,255,156,7,0,1,2,1,3,1,0,0,0,3,0,1,3,0,0,0,3,2,0,4,80,211,253,253,173,81,0,0,0,0,0,0,4,4,0,0,0,4,3,0,0,0,4,0,0,4,1,1,0,4,0,0,0,4,1,2,0,0,3,0,1,0,1,0,0,0,0,0,0,1,1,2,0,2,0,0,0,0,0,4,0,0,0,1,3,0,0,0,1,0,1,0,0,2,0,0,0,1,0,1,1,0,1,2,1,3,0,0,4,5,0,0,1,0,0,2,1,2,0,0,1,0,0,0,2,4,0,0,0,0,4,1,2,0,0,0,2,3,5,1,0,2,0,1,3,0,0,1,0,3
2,0,0,3,0,0,0,4,0,0,0,0,2,0,1,0,0,0,0,0,0,3,0,2,0,3,0,4,0,0,3,2,0,3,4,0,0,2,0,3,0,0,0,0,3,0,3,1,1,2,1,0,0,2,0,0,0,0,0,2,0,2,0,0,3,1,1,2,2,0,4,0,0,0,0,3,1,4,0,2,1,3,0,0,0,0,0,0,0,5,2,0,2,2,0,0,0,2,0,0,1,0,0,3,0,1,0,4,0,0,3,5,0,0,1,1,1,0,4,0,1,0,0,2,0,0,0,0,0,0,0,0,0,1,1,2,0,0,3,0,5,1,0,0,0,2,0,4,0,0,0,0,0,3,0,2,0,5,0,1,0,1,0,0,1,0,4,1,4,2,2,1,0,0,2,0,3,0,1,0,38,72,151,174,255,0,2,0,0,0,3,177,113,0,0,0,0,2,0,1,0,0,2,2,0,25,106,200,244,251,252,135,53,0,0,0,0,0,38,251,195,1,0,0,1,0,0,3,2,2,2,29,94,215,255,255,211,142,61,4,1,0,0,2,4,29,233,255,91,0,1,0,1,3,3,1,0,20,183,234,255,252,214,89,10,0,4,2,4,3,0,0,0,170,251,191,32,0,2,0,2,2,1,1,2,255,254,238,110,1,0,2,1,0,0,1,2,0,0,13,178,251,235,0,0,0,3,0,0,2,0,0,0,171,255,254,171,41,0,0,0,0,1,0,0,3,0,177,255,233,49,0,0,0,0,0,0,2,0,0,0,1,84,190,251,254,172,36,0,3,0,0,0,12,213,255,236,40,0,0,0,0,6,1,2,0,0,0,2,0,0,27,91,212,255,244,159,39,2,1,2,214,255,236,48,1,1,6,3,0,0,0,2,0,0,1,2,5,0,1,0,24,103,215,253,254,173,73,195,253,234,38,0,2,5,0,0,0,0,0,2,0,3,0,5,0,2,2,1,0,0,9,130,215,250,252,255,233,50,0,0,3,3,1,0,0,0,1,0,1,1,0,0,0,4,2,2,1,2,3,2,74,251,253,253,0,0,0,0,1,0,0,0,2,1,0,1,0,3,4,5,2,3,2,0,0,0,0,2,192,252,250,250,125,0,0,0,0,0,0,1,4,4,3,0,0,1,0,0,0,2,0,1,0,1,0,166,255,195,19,200,252,49,4,0,0,0,0,1,0,3,0,0,0,0,0,1,2,0,2,0,2,0,81,242,236,45,1,61,248,128,0,0,0,0,0,1,3,0,1,0,0,0,0,1,0,0,0,1,1,0,255,234,41,3,2,0,233,214,0,0,1,2,0,0,1,0,0,0,0,2,0,0,1,0,0,0,4,87,253,71,1,0,0,1,152,254,0,3,0,6,1,2,0,0,0,3,0,0,2,0,0,0,0,0,3,103,254,70,0,0,1,0,170,252,0,2,0,0,2,0,0,0,0,1,0,0,3,2,4,0,0,0,0,19,253,233,103,16,0,82,254,131,1,0,2,0,1,0,0,0,4,0,1,0,0,0,0,1,1,0,0,0,129,223,255,254,213,255,181,17,2,1,0,2,0,0,0,0,2,0,1,0,0,0,0,3,0,0,0,0,0,16,48,92,153,108,0,2,0,1,1,0,0,3,3,0,0,1,3,0,0,0,0,0,2,1,4,1,0,0,1,1,2,0,0,0,4,1,0,0,1,0,0,1,0,0,1,0,5,0,2,1,0,0,0,3,0,0,0,0,0,0,0,0,0,0,2,1,1,0,2,0,0
6,0,0,3,0,4,0,0,0,0,2,1,3,0,0,0,0,6,0,5,0,3,2,1,0,0,0,0,0,0,0,4,0,1,2,0,0,3,0,0,1,0,0,0,0,0,0,0,0,0,0,0,0,0,0,3,0,4,3,0,0,2,2,1,1,4,0,0,1,0,0,1,0,4,0,2,0,1,1,1,0,1,0,0,3,0,0,1,0,1,2,2,1,2,0,0,0,3,1,0,1,0,4,4,6,0,0,0,0,1,0,2,0,0,1,0,3,0,0,1,1,0,2,0,0,1,0,1,0,2,0,0,1,4,0,0,0,0,3,0,2,0,1,0,5,2,0,0,0,0,0,0,0,0,0,3,0,2,0,0,3,0,0,0,1,1,0,0,0,1,1,0,0,0,3,1,0,0,0,1,0,0,0,0,0,0,0,0,2,2,2,0,0,3,2,0,0,0,0,0,1,0,0,0,0,1,2,3,2,3,2,19,143,218,208,122,0,1,0,0,0,1,1,0,0,2,0,7,2,2,1,4,0,0,0,2,24,84,103,212,249,250,252,211,0,0,0,1,3,2,0,0,4,0,0,1,2,0,0,0,1,0,17,131,234,255,253,252,254,247,253,104,0,1,0,0,4,0,0,3,2,0,0,0,2,0,0,0,2,102,234,250,253,253,252,234,140,113,242,40,43,1,1,0,0,1,3,3,0,0,3,0,0,2,2,0,87,241,253,253,254,161,42,25,5,103,184,238,242,18,2,1,1,0,3,0,0,2,0,0,0,2,0,83,254,255,189,54,0,0,1,12,193,255,255,255,180,3,0,0,0,0,0,0,1,2,0,0,0,1,2,164,250,150,17,2,0,4,147,209,247,224,170,251,152,6,2,0,0,1,3,0,3,0,0,0,1,1,13,208,252,168,127,137,231,232,253,246,126,18,165,255,58,0,0,4,0,0,5,0,2,0,0,2,0,0,8,196,250,255,251,255,247,252,253,96,0,40,241,251,64,4,1,0,5,0,0,0,1,2,0,0,1,0,1,81,246,255,252,255,183,100,91,13,1,106,251,169,15,1,4,0,0,0,0,0,4,3,5,3,3,1,2,0,0,105,106,10,0,0,0,0,33,219,250,0,2,3,0,2,4,3,4,3,0,0,0,3,0,3,2,2,3,0,0,0,0,0,8,1,125,251,219,0,0,0,0,0,2,0,1,2,0,0,4,3,0,0,1,0,1,0,4,0,0,0,1,0,180,251,93,2,0,1,0,0,3,3,0,2,0,0,0,0,0,3,0,2,3,3,1,0,0,0,1,57,249,207,6,3,0,0,0,2,0,3,0,0,4,0,2,0,1,0,0,2,4,4,1,4,0,0,0,84,252,186,0,1,0,0,0,0,0,4,3,3,0,3,1,0,0,0,0,0,0,0,3,0,0,1,0,192,253,83,0,0,0,2,0,1,2,0,6,2,0,3,0,3,0,0,0,2,0,1,0,0,0,0,0,191,245,55,0,0,1,2,2,0,0,3,0,0,0,0,4,0,0,1,0,2,0,0,4,0,3,0,25,220,177,1,2,3,3,1,1,0,0,0,0,2,0,0,0,0,1,2,0,0,0,0,0,1,0,2,44,255,125,0,1,1,0,1,0,1,0,0,0,0,0,0,0,0,1,0,0,0,0,1,1,2,0,1,24,158,22,0,1,0,3,1,2,1,1,0,2,0,1,3,0,5,0,0,0,0,0,0,0,0,2,0,0,0,1,0,1,0,2,0,0,0,0,0,2,2
0,0,2,5,2,5,3,0,0,0,2,3,0,5,3,2,4,1,0,0,1,2,0,0,2,2,1,0,0,0,0,0,0,0,0,5,0,0,3,2,1,4,3,0,2,0,0,0,1,0,1,0,0,0,0,0,1,0,0,1,0,0,1,0,1,0,0,1,0,0,0,3,0,2,0,1,1,4,2,0,0,0,0,5,0,1,3,0,0,1,0,0,0,0,0,0,0,0,2,0,0,3,0,0,0,0,0,1,0,4,0,1,0,0,0,0,4,0,1,3,1,0,0,4,0,5,0,0,4,0,2,3,0,1,0,2,3,0,3,0,0,0,0,0,0,2,0,0,2,1,0,0,8,0,5,0,3,0,0,1,0,2,0,0,0,0,0,0,1,1,3,1,4,0,0,3,0,0,0,2,1,3,0,0,0,0,1,0,0,3,3,0,2,4,1,2,4,2,3,1,0,0,0,0,0,0,56,163,246,254,255,246,129,0,3,1,1,0,0,1,0,0,0,2,0,0,0,0,0,0,0,3,7,135,253,234,194,189,158,194,254,155,5,0,2,0,0,0,0,0,2,2,0,0,0,0,0,0,2,0,95,252,175,24,0,0,0,1,190,250,151,19,0,0,0,0,0,0,1,0,0,2,0,0,0,2,0,33,247,201,0,1,0,0,0,25,242,253,253,127,0,0,1,3,0,0,1,0,0,0,0,2,0,0,0,39,255,157,3,1,0,1,1,109,254,255,248,244,28,1,1,0,4,0,0,0,2,0,0,0,0,0,2,11,211,224,5,4,0,0,0,100,255,162,161,215,11,3,0,1,0,0,0,0,0,0,1,0,1,0,1,1,49,255,223,5,0,0,0,20,255,112,219,167,0,0,0,1,0,0,0,0,0,0,1,0,0,1,0,0,2,109,255,226,113,10,0,164,252,253,239,45,0,0,0,0,0,0,0,0,3,0,0,3,0,0,1,0,0,0,76,192,255,242,235,245,255,237,83,4,0,2,0,2,1,0,0,0,0,0,1,2,1,0,3,0,4,2,0,0,30,125,245,246,155,17,3,0,1,0,1,0,0,3,4,1,0,0,1,0,0,2,0,1,1,0,0,0,1,0,211,228,11,0,1,0,3,1,4,2,2,0,3,0,1,0,1,2,0,0,0,0,0,3,0,0,0,77,246,114,1,3,0,1,0,0,0,0,0,1,0,0,0,3,0,0,1,2,0,4,0,0,0,3,0,197,245,36,0,2,2,0,0,3,1,0,0,3,2,2,1,0,0,0,0,1,0,0,1,0,0,1,2,227,192,0,0,4,1,1,2,0,5,0,0,1,0,0,0,0,3,0,3,3,1,0,0,5,2,3,1,222,133,0,0,0,2,1,0,0,5,0,1,0,0,0,0,1,0,1,1,1,0,1,1,0,2,2,55,248,79,0,0,1,0,0,4,0,1,3,0,0,3,1,0,0,0,1,0,3,0,0,0,3,0,0,59,255,91,2,2,1,2,4,3,0,0,3,2,0,5,0,0,0,0,2,0,0,2,0,0,0,2,0,127,255,101,0,2,0,0,1,0,3,0,2,2,0,0,0,0,0,0,0,3,0,0,2,0,3,4,0,144,252,136,0,1,0,0,0,0,1,0,0,4,0,1,2,0,0,0,1,1,1,3,0,0,4,2,0,119,255,133,0,0,0,0,4,5,0,0,0,2,0,0,3,2,6,0,1,2,0,0,0,0,1,0,0,0,2,2,0,2,2,2,0,0,0,2,0,0,0,2,1
0,3,2,1,0,2,0,0,0,0,5,0,2,0,4,1,1,0,0,3,5,0,1,0,1,0,0,0,0,0,0,0,0,1,2,0,0,3,0,0,2,3,0,0,0,0,3,0,1,0,3,0,1,2,3,0,0,0,0,0,0,0,5,1,0,0,1,0,0,0,4,1,1,1,0,0,0,0,0,0,2,3,1,0,0,4,1,1,0,0,1,0,0,0,0,0,2,3,0,0,0,0,0,0,1,0,0,0,0,0,1,4,2,0,0,0,0,0,0,1,0,0,0,2,0,0,0,1,82,202,4,2,1,0,0,0,2,4,1,0,0,2,4,0,2,2,3,0,2,2,0,0,0,3,0,48,240,237,1,1,0,1,0,0,4,0,0,0,0,0,2,0,3,2,0,0,0,4,2,0,0,1,1,105,254,177,1,0,0,3,0,0,3,1,0,2,0,0,2,0,1,2,1,0,1,0,3,0,0,0,0,117,253,93,0,1,0,0,0,0,2,0,0,0,0,1,1,1,0,0,5,1,1,0,0,0,0,0,0,209,254,38,0,2,2,0,0,0,0,0,3,2,0,0,0,0,1,1,1,0,0,0,0,1,0,0,48,248,201,5,0,2,4,1,0,7,1,0,0,0,0,0,2,0,0,1,0,3,3,1,0,0,0,0,126,252,201,0,0,0,2,1,0,0,1,1,1,0,0,0,3,2,0,0,1,0,0,2,1,0,0,1,143,255,99,0,1,0,1,2,0,3,0,3,0,0,0,0,0,0,0,0,0,3,1,1,0,0,0,1,227,251,21,0,0,0,2,0,0,1,0,2,0,3,1,0,0,0,3,3,2,0,0,3,1,4,1,57,254,192,1,2,5,1,2,2,2,0,0,0,0,2,0,0,1,0,0,0,2,0,0,0,1,1,3,177,253,149,3,3,0,0,0,0,2,4,0,0,0,0,0,0,2,0,0,0,1,6,2,0,0,0,3,193,255,146,1,0,2,1,0,3,1,1,0,5,0,0,0,0,0,0,0,1,1,0,0,0,3,0,0,192,234,43,3,5,0,0,0,1,0,0,0,2,0,0,0,2,1,0,1,0,0,0,1,0,0,0,28,233,204,1,0,0,3,5,1,0,4,1,5,0,0,1,0,0,0,5,2,0,1,2,2,5,0,0,57,253,114,0,0,3,1,0,0,0,0,0,0,1,2,3,3,1,2,0,0,0,1,0,2,0,1,0,140,255,103,0,0,1,0,0,3,1,3,4,1,1,0,5,0,0,1,2,0,0,0,0,0,3,0,0,232,253,50,0,0,1,2,1,0,0,0,0,2,0,1,0,1,0,0,0,0,0,0,5,0,0,0,0,238,222,5,2,2,2,2,0,0,0,3,0,0,0,0,0,2,0,0,1,0,1,0,0,2,2,2,0,239,161,0,3,4,0,0,1,2,0,0,1,2,0,0,3,0,0,0,2,4,1,2,0,0,0,0,1,236,237,6,0,0,4,1,1,2,0,2,0,0,0,0,0,3,0,0,0,0,0,4,0,0,0,0,1,0,0,0,0,1,0,0,2,0,4,0,4,2,0,0,1,0,0,2,0,0,0,0,3,0,4,0,0,0,0,0,0,0,4,2,0,0,0,0,2,1,1,0,0,2,0,0,0,1,0,6,1,5,0,0,0,0,4,1,0,4,1,2,1,1,2,1,1,0,5,0,0,2,0,3,0,0,4,0,4,1,3,3,0,0,2,0,0,2,0,0,0,0,0,4,0,0,0,2,0
2,0,0,1,0,1,0,2,0,0,1,5,0,4,0,1,2,0,4,1,0,1,0,0,1,0,0,0,0,3,3,0,2,0,1,0,0,1,2,0,1,0,4,0,1,2,2,0,0,5,0,0,3,0,0,0,0,0,1,0,3,2,0,0,0,2,1,2,0,1,0,1,2,2,0,0,0,2,1,4,1,1,0,3,0,0,2,0,0,2,3,0,1,2,0,0,0,0,4,2,0,0,0,0,0,0,0,0,3,0,1,4,0,0,2,0,0,0,2,0,1,0,0,0,0,0,0,3,2,1,0,0,1,0,0,0,0,2,0,2,0,0,1,0,0,0,0,1,0,0,0,3,0,0,0,0,0,0,0,0,4,0,0,0,0,1,0,2,1,0,0,1,1,1,0,4,2,0,0,3,2,4,21,17,5,2,1,0,0,0,0,2,0,1,5,0,1,4,0,0,0,0,0,0,0,0,0,2,2,139,254,254,131,0,0,1,0,9,18,0,1,0,2,0,1,2,1,0,1,2,3,0,0,0,0,43,175,254,252,200,73,0,0,0,2,110,156,3,0,0,1,0,3,0,0,0,0,2,1,0,4,0,44,222,249,246,122,24,0,0,0,0,4,106,255,91,0,0,0,0,3,3,0,1,2,2,0,0,4,107,222,252,226,162,0,0,1,0,0,1,0,92,248,158,2,1,6,1,0,0,0,0,1,0,0,4,129,228,255,203,26,0,2,0,1,0,1,0,0,0,235,253,29,0,0,0,2,0,2,1,0,1,1,74,252,255,203,25,0,1,4,3,5,2,0,1,0,0,237,251,134,0,1,0,1,0,0,0,0,0,103,253,255,232,24,2,4,0,0,1,0,0,0,2,4,0,209,255,132,0,0,0,2,0,1,1,0,0,141,255,248,101,0,0,2,2,0,3,1,0,0,2,0,0,111,255,163,2,1,0,4,0,5,0,2,41,234,249,100,0,0,2,0,0,0,0,2,0,0,0,4,0,206,255,223,0,0,0,0,0,1,0,4,230,255,236,2,0,4,0,0,0,0,2,0,0,0,30,128,206,255,255,92,0,0,1,0,0,0,0,0,151,254,232,1,0,0,0,0,4,0,64,125,210,211,226,254,218,170,111,1,1,0,0,0,2,1,2,0,24,211,250,148,91,93,98,182,221,217,253,254,255,222,168,50,23,1,0,0,2,0,0,0,0,0,0,0,1,27,161,255,255,254,254,249,234,230,177,153,116,19,0,0,2,1,0,0,2,0,2,1,2,0,0,2,0,1,1,24,42,71,27,22,20,17,2,0,0,0,0,2,2,0,0,2,2,3,0,2,1,1,0,4,3,0,0,0,0,0,3,1,3,4,1,0,1,2,4,0,0,4,2,0,2,0,0,0,0,3,0,0,0,0,1,0,4,0,2,2,0,2,0,0,3,1,0,3,1,0,1,0,0,0,0,1,0,3,0,0,1,1,2,0,0,0,0,0,0,1,0,0,1,3,0,2,2,0,2,1,0,0,0,0,3,0,0,3,0,0,3,1,0,0,0,5,0,0,1,0,0,0,0,2,0,0,2,1,3,0,1,0,0,0,0,0,2,1,6,2,0,1,0,0,0,0,0,3,3,4,0,1,0,0,0,0,2,0,0,0,3,4,3,0,4,0,0,0,0,0,1,2,0,0,2,0,5,0,0,0,0,1,0,0,0,0,2,0,3,2,0,1,0,1,0,0,0,0,2,1,0,1,0,0,1,2,0,0,0,0,0,0,0,0,0
0,2,0,2,0,0,3,0,0,0,0,0,0,1,1,3,2,0,2,1,0,0,1,1,1,2,1,0,1,0,0,0,0,0,0,0,0,2,0,0,0,0,3,0,2,1,2,2,0,1,5,0,1,0,5,3,1,0,1,3,3,3,1,0,3,4,0,2,0,1,3,0,0,0,0,3,3,0,0,0,0,1,3,0,1,4,0,0,0,0,0,2,0,0,1,0,0,2,2,0,1,0,5,1,0,0,0,3,0,0,0,2,1,0,0,0,0,0,3,0,2,0,0,0,1,1,3,1,1,0,3,1,0,0,5,1,0,0,0,8,0,0,1,0,1,1,0,0,1,0,0,5,0,84,202,255,252,252,181,105,30,1,2,0,3,0,0,0,6,2,0,4,2,0,3,0,0,1,2,0,48,229,253,253,253,251,248,255,246,0,0,2,0,0,2,0,0,0,0,3,0,5,0,0,3,0,1,39,237,253,204,126,131,107,153,155,149,0,0,1,1,0,2,0,1,2,0,1,0,0,0,0,0,2,9,202,254,91,8,5,0,0,2,3,0,0,0,0,0,1,1,0,1,0,0,0,4,2,4,2,0,2,82,246,178,12,1,0,3,0,2,0,0,3,0,1,7,1,4,1,0,0,0,0,1,0,0,0,6,31,216,218,14,2,0,0,0,3,0,0,2,3,0,2,0,0,0,0,0,0,0,5,0,0,1,0,9,192,245,62,0,0,0,0,0,0,2,0,0,0,1,0,0,0,0,1,0,0,1,3,4,0,4,1,180,254,116,0,2,1,1,17,44,2,0,3,0,4,3,0,0,0,3,2,2,0,2,0,3,2,0,107,253,253,140,100,182,189,187,211,255,133,27,0,2,4,0,0,1,2,3,0,0,2,0,2,0,0,0,85,249,252,253,248,253,254,238,176,251,253,137,1,0,1,2,0,3,0,0,0,3,1,0,2,0,2,1,7,162,112,107,45,0,0,0,0,91,139,254,166,0,0,4,2,3,0,0,0,0,0,0,0,2,3,0,0,2,0,0,2,0,1,3,1,0,161,252,167,2,0,0,0,2,0,0,0,3,0,3,5,2,3,2,2,0,2,0,0,0,1,4,2,4,244,251,119,1,1,0,0,0,0,1,0,0,0,0,0,1,1,0,0,1,0,0,1,2,0,0,36,226,253,223,24,0,0,0,1,1,4,0,0,3,2,0,0,4,0,0,3,2,0,0,0,1,1,5,155,253,249,179,2,3,0,0,3,5,0,0,0,5,2,0,1,0,0,0,0,0,1,0,0,1,40,158,254,254,197,20,0,3,5,0,2,0,1,0,0,2,0,1,1,0,0,1,0,3,4,0,3,91,226,255,248,148,17,0,0,0,0,2,0,0,1,1,3,0,3,0,1,0,2,0,45,15,19,46,170,251,254,230,105,0,0,0,2,0,0,0,0,0,1,2,0,0,2,0,0,0,0,1,212,210,213,253,255,251,139,29,0,0,0,3,0,0,1,0,3,0,4,0,3,0,0,1,2,1,4,0,15,129,255,194,84,29,7,4,0,2,0,2,8,0,3,2,3,0,0,0,0,0,1,2,4,0,0,1,0,1,0,3,0,0,0,0,0,0,1,1,2,0,2,1,0,3,0,0,0,0,0,0,4,0,0,0,4,2,3,2,1,1,5,0,0,2,0,0,0,4,3,0,0,3,0,0,1,0,0,3,5,0,0,0,0,0,0,0,0,0,2,0,0,0,1,5,2,0,0,0,0,0,0,5,2
1,0,0,0,1,0,0,0,0,0,1,0,0,2,4,4,0,2,2,2,2,1,2,0,1,1,0,2,0,3,0,1,0,1,0,4,2,0,0,0,1,0,0,0,0,0,0,0,0,0,0,2,1,0,0,0,0,0,2,0,1,6,2,1,1,6,0,2,3,1,0,3,0,1,1,2,2,2,2,2,0,0,1,0,0,0,0,0,0,3,0,2,5,2,5,0,0,0,0,0,4,0,7,0,0,0,1,2,0,1,0,0,0,0,0,1,2,2,0,3,3,0,0,0,4,0,0,127,128,194,255,255,255,130,65,0,0,0,1,1,0,2,4,5,1,4,2,0,1,0,2,1,65,190,255,255,255,255,255,255,254,255,255,69,0,0,1,1,2,0,0,0,0,3,1,0,1,0,0,3,191,251,251,255,255,255,255,130,189,255,254,255,0,0,0,0,3,0,6,0,0,0,0,4,0,0,0,64,253,255,127,65,2,129,0,0,0,126,255,254,0,0,0,2,0,0,3,0,2,1,0,2,4,1,0,63,129,0,0,0,0,0,0,1,0,130,255,192,3,2,3,0,1,0,0,0,2,3,0,0,0,0,0,3,0,0,0,0,1,1,0,0,61,254,255,1,0,0,1,1,0,0,3,0,3,4,0,4,0,0,0,0,0,4,0,3,0,0,1,65,254,251,192,1,0,0,0,0,1,0,0,0,0,0,1,0,0,0,0,1,0,0,3,4,0,0,193,255,254,126,0,0,0,1,1,1,0,0,4,4,0,0,0,2,0,0,0,0,3,5,0,0,129,254,254,128,3,1,0,5,0,0,0,1,0,0,1,2,0,1,2,2,4,0,0,1,3,1,66,189,252,255,61,0,4,0,2,2,0,1,3,2,1,0,0,0,5,2,3,0,2,1,0,0,0,64,253,251,191,61,0,2,2,0,0,0,0,0,0,0,1,1,2,0,3,0,0,0,1,3,0,62,191,254,192,61,1,4,0,3,0,0,1,1,0,0,2,0,4,3,2,1,0,0,0,1,1,2,126,255,255,193,0,0,0,6,0,0,0,2,1,2,1,1,0,3,0,0,3,0,0,0,0,0,66,192,254,250,127,1,0,2,1,0,1,0,3,6,0,3,0,0,0,0,0,3,1,0,0,0,61,125,255,255,254,0,0,0,0,64,132,128,250,188,66,0,1,0,0,0,0,0,0,0,2,0,0,64,255,255,255,66,0,1,0,64,255,255,254,255,189,0,0,0,0,2,3,0,3,0,0,2,5,0,0,254,255,255,253,253,255,255,254,255,255,254,253,1,2,0,2,2,3,3,0,0,0,2,0,1,0,0,127,255,254,253,255,254,255,253,252,255,130,61,4,0,0,0,0,2,2,0,0,0,1,0,0,1,0,6,193,249,252,254,255,254,192,126,63,1,3,0,2,2,0,0,0,3,1,0,3,0,3,3,0,0,2,2,0,0,130,130,0,0,0,1,1,1,1,0,5,5,4,1,0,0,3,0,0,0,4,0,0,3,0,0,0,1,0,4,0,2,0,0,0,0,0,3,0,2,0,0,3,1,1,0,1,0,0,3,0,5,3,0,0,3,0,3,0,1,0,2,0,0,0,0,0,3,1,3,1,1,3,0,1,0,0,0,0,0,0,0,0,0,2,0,0,0,1,1,0,2,0,0,0,0,4,4,0,1,0,0,0,0,3,0,0,2,0,1,1,0,2,1,1,0,2,1,3,0,0,0,0,1,0,4,2,0,0,4,0,0,0,0
1,1,1,0,0,0,3,2,0,1,2,0,1,1,0,0,0,0,1,0,0,3,0,2,0,0,0,0,0,0,0,0,1,0,0,0,0,0,0,0,0,3,2,3,0,1,0,0,0,0,0,1,0,2,2,0,0,2,0,0,0,0,3,0,0,0,2,0,0,1,1,1,2,0,0,0,3,0,0,1,0,2,0,1,0,0,0,2,1,0,0,1,0,2,0,0,2,0,1,2,1,0,2,0,0,1,2,0,0,0,0,1,0,0,4,0,4,0,0,3,9,20,80,133,138,164,253,255,253,196,121,2,2,4,0,2,0,2,0,1,0,0,0,0,0,1,10,128,193,254,253,252,252,255,253,252,255,255,244,78,14,0,0,3,0,0,0,2,0,1,0,2,3,67,190,252,251,255,250,247,201,174,77,84,84,142,255,254,146,0,2,0,0,0,0,1,3,2,0,1,18,254,254,254,253,192,71,57,0,0,0,0,0,43,253,255,236,47,0,0,2,1,3,0,0,0,0,4,114,252,253,188,69,5,1,0,0,0,7,3,0,173,253,252,201,12,0,1,0,0,1,0,3,2,1,0,34,254,157,7,2,0,0,1,4,1,0,5,152,250,249,252,87,1,0,0,0,0,3,0,0,2,0,0,1,11,3,3,1,3,0,1,1,3,1,105,243,252,255,148,4,0,0,0,0,0,0,0,2,3,0,0,0,0,0,0,1,1,0,2,0,19,149,251,255,251,212,0,0,1,0,0,0,0,1,0,1,0,1,2,0,0,1,0,0,0,4,55,160,223,254,255,252,227,40,0,0,0,0,0,3,3,1,0,3,2,1,0,2,0,0,0,2,23,125,250,255,250,251,252,251,211,156,0,3,0,0,4,0,4,0,0,0,0,0,0,0,0,0,2,0,110,251,253,255,251,252,252,254,255,248,116,60,0,3,0,0,0,0,4,0,0,0,0,2,0,0,0,0,69,247,254,255,187,69,42,41,102,171,255,242,92,1,0,0,0,0,0,0,0,0,0,1,0,0,2,4,1,77,128,21,7,3,0,0,3,19,219,252,245,32,0,0,0,0,0,0,0,0,3,1,1,0,2,0,0,1,0,0,0,1,0,0,1,0,29,212,252,205,9,0,0,0,0,1,1,0,4,2,19,119,13,0,0,0,0,1,0,1,0,1,0,0,21,192,254,252,18,0,0,1,2,1,2,4,0,4,30,240,155,29,0,2,0,3,1,0,0,1,4,61,226,251,249,253,15,2,1,3,0,0,0,0,0,3,0,169,247,227,136,37,1,3,1,19,66,69,179,255,250,254,255,149,2,2,0,0,0,0,0,0,0,1,0,62,231,255,255,228,202,197,206,216,251,252,252,251,251,250,146,5,0,5,0,0,0,0,2,0,0,0,0,0,28,77,244,254,254,254,253,252,255,254,251,238,150,61,7,0,0,3,0,0,1,2,0,3,0,0,0,1,0,0,18,189,252,252,255,255,155,137,69,14,2,2,1,0,0,0,5,0,2,1,1,3,1,0,1,0,0,3,0,0,0,0,0,1,0,3,2,1,2,2,0,0,3,0,0,4,1,2,0,2,0,0,0,0,0,0,1,0,0,0,0,0,0,1,0,1,3,3,1,4,2,0,0,3,1,0,3,0,2,0,1,0,1,0,0,0,5,0,3,2,0,0,0,0,1,0,0,3,0,1,1,2,1,1,0,3,0,1,3,0,0,0,0,2,3,0,0,1,0,1,1,0,0,0,3,2,0,5,2,0,0
0,0,0,0,2,0,0,5,0,0,1,4,4,3,0,0,4,0,0,0,1,0,2,0,1,2,0,3,0,1,0,1,3,4,0,0,0,0,0,1,4,0,0,2,0,0,0,0,0,0,2,0,1,0,0,0,0,0,0,0,0,0,2,1,1,0,1,0,0,0,0,0,2,0,0,2,0,0,0,2,0,0,1,3,4,1,0,0,4,0,0,0,2,0,0,3,1,2,0,0,1,0,0,0,0,0,0,0,0,0,4,0,0,2,1,0,0,0,2,2,1,2,3,2,0,0,2,0,2,1,0,0,0,0,1,0,3,1,0,0,1,3,1,0,2,0,0,2,0,1,0,0,2,1,0,0,0,1,0,0,0,2,4,0,0,4,0,0,0,1,0,0,0,0,2,2,0,1,0,1,0,0,0,2,0,0,0,3,1,2,0,4,1,0,0,0,0,0,0,0,0,36,255,255,254,147,82,126,19,73,56,83,83,21,22,14,0,0,0,0,0,0,2,2,0,0,0,2,0,37,255,252,252,255,253,255,248,251,253,251,253,255,249,238,63,1,0,1,0,2,0,0,0,0,0,0,0,27,233,254,250,253,226,255,251,254,233,251,255,252,253,249,230,37,1,0,1,1,1,0,0,2,0,0,0,0,45,64,66,68,30,77,108,65,74,84,170,225,255,252,253,140,3,1,0,2,0,0,3,1,0,0,0,0,0,0,2,0,4,2,3,0,0,5,0,132,255,255,255,171,0,1,0,3,0,0,0,1,0,2,6,4,0,0,0,0,0,0,2,3,0,1,2,180,251,251,226,97,0,4,0,2,1,0,1,0,0,0,0,0,0,0,2,0,5,0,0,0,4,0,163,253,252,249,130,0,0,0,0,4,5,0,0,0,0,0,0,0,1,1,0,0,0,0,2,0,4,0,230,253,254,252,63,0,4,0,2,0,2,1,3,0,0,4,0,0,2,3,0,2,2,3,0,0,3,81,246,253,239,90,0,0,1,2,0,1,0,2,0,0,0,0,0,0,1,0,0,1,0,1,0,4,20,219,248,254,236,29,1,0,1,0,3,0,0,0,1,1,0,0,0,1,3,2,5,0,1,0,2,2,78,251,253,247,99,2,1,0,0,2,0,3,0,0,1,2,0,2,0,0,0,1,0,0,2,0,0,1,174,255,255,239,0,4,0,0,0,4,1,4,0,0,1,0,1,0,0,0,0,0,0,0,5,0,0,79,219,255,255,82,0,5,0,3,0,0,0,0,0,0,3,0,1,0,0,0,3,0,2,1,0,0,107,252,252,253,192,3,1,2,3,1,0,0,0,0,0,1,0,0,2,2,1,0,0,0,0,0,1,40,254,251,255,247,18,2,0,0,0,0,3,1,0,0,0,0,3,0,0,0,0,0,0,0,1,0,0,161,250,251,250,193,7,0,2,0,2,0,3,1,2,1,0,0,0,0,1,5,2,0,0,0,0,0,93,255,253,252,209,62,0,1,0,1,2,0,3,2,1,0,0,0,0,0,2,0,0,2,0,2,4,0,126,252,255,252,114,3,1,5,0,0,3,0,0,1,0,1,0,0,4,1,1,0,0,0,0,0,0,0,124,254,252,156,9,0,1,1,3,0,0,0,2,1,0,0,0,3,1,3,3,3,1,2,1,1,5,1,12,204,232,38,0,1,1,0,2,0,1,0,0,0,1,0,1,1,2,0,0,0,0,0,0,0,2,0,0,0,1,2,0,1,4,0,0,0,0,0,0,0,0,0,3,0
0,1,0,1,6,4,2,2,4,0,0,0,1,0,0,0,0,2,0,0,2,0,2,3,2,0,0,0,0,4,0,1,0,0,0,0,0,0,0,0,1,5,1,6,1,0,0,0,0,1,3,0,3,0,0,0,0,2,1,1,2,1,0,1,0,0,0,0,1,4,0,0,0,0,0,1,0,0,4,0,0,0,0,3,4,0,2,0,1,0,1,0,0,0,1,0,1,0,1,50,238,219,35,0,0,0,0,0,0,0,0,0,1,3,0,0,2,0,0,2,0,0,0,0,1,11,167,242,255,250,206,3,1,0,4,3,3,0,0,0,0,0,0,0,0,2,2,0,0,0,0,0,46,200,251,252,253,250,144,1,5,3,1,1,2,0,0,2,0,0,4,0,0,0,0,1,0,0,0,28,156,248,254,253,254,251,241,93,2,0,3,0,2,1,0,0,0,0,1,0,1,0,0,0,0,0,2,146,252,251,250,253,253,252,250,252,143,91,0,0,0,1,6,0,0,0,2,0,0,0,0,0,3,0,50,237,249,254,252,253,255,255,255,251,254,170,0,0,1,2,0,0,0,0,0,0,0,1,0,1,0,0,161,255,253,249,206,25,74,187,250,251,251,245,97,0,5,0,1,2,2,1,1,0,0,0,0,0,2,0,254,254,247,200,24,0,0,57,251,252,254,231,79,0,3,2,1,0,3,0,6,2,0,6,1,0,0,0,255,253,255,97,16,14,26,153,252,250,255,164,0,0,3,0,1,2,2,0,0,0,1,2,1,0,3,0,253,255,251,241,201,191,253,251,248,253,252,88,0,0,0,0,0,0,0,1,1,0,0,1,2,1,3,138,255,255,253,253,252,252,254,255,255,254,81,4,2,0,0,3,0,1,0,1,0,1,0,0,2,0,148,246,250,249,253,254,255,255,249,253,248,248,1,0,4,0,0,0,0,3,1,1,0,0,1,0,0,48,233,251,254,255,233,103,136,249,252,254,249,252,134,7,0,1,0,0,2,5,0,1,0,2,2,0,0,152,255,248,251,196,70,0,1,146,252,252,252,253,255,119,0,1,2,0,0,0,0,2,0,0,1,1,46,226,253,252,255,90,0,0,4,2,224,252,253,254,254,168,4,1,4,0,1,0,2,2,1,2,1,1,86,255,255,253,203,14,0,15,113,255,255,255,255,251,255,103,2,1,0,0,0,1,0,0,0,0,0,2,83,254,253,252,243,141,222,228,254,249,250,252,252,254,25,4,4,4,0,0,2,1,0,2,0,0,0,3,87,253,255,255,255,251,250,254,255,252,250,253,243,118,0,0,0,2,0,0,0,1,1,0,0,1,2,0,31,214,255,255,255,252,252,252,253,224,223,224,118,0,0,0,0,2,0,0,3,0,0,0,0,1,0,0,0,122,251,251,251,247,255,154,111,1,0,0,0,0,2,0,1,0,2,0,1,3,0,0,2,0,0,0,0,3,1,2,4,0,5,0,0,0,3,1,0,0,2,0,0,0,0,0,0,0,0,0,2,2,2,0,0,1,0,0,0,3,1,0,0,0,3,3,0,0,4,2,0,0,0,0,0,0,1,0,2,2,1,1,0,1,2,2,2,0,0,0,4,3,0,0,0,0,0,0,0,0,1,0,0,0,4,0,0,1,3,1,2,1,0,4,2,1,0,1,1,0,1,2,5,3,1,1,0,3,0,2,0,0,0,0,5,2,1,0,1,1,2,0,2,2,0,4,0,1,0,0,0,3,0,0,0,0,0,0,1,0
1,0,0,0,0,1,0,2,4,3,0,0,5,0,0,0,1,3,0,0,0,0,5,2,0,0,0,0,0,1,0,0,0,3,0,1,3,2,0,0,1,4,0,0,0,0,0,1,0,0,0,0,3,3,0,0,2,0,1,1,2,2,0,0,3,1,0,0,0,0,1,4,0,0,0,0,0,0,0,0,2,1,0,1,5,0,3,0,4,0,2,1,3,0,0,0,0,4,0,0,3,4,2,3,0,0,3,2,0,0,1,0,4,2,0,1,0,1,0,3,3,3,0,3,0,0,0,2,2,3,0,2,1,0,0,0,0,3,0,0,1,0,0,3,0,4,0,1,0,1,0,1,0,0,0,5,0,0,3,0,0,0,0,0,3,0,7,0,0,0,0,0,0,3,0,1,1,0,41,188,252,255,240,119,4,0,0,0,0,0,0,3,2,0,0,1,1,4,0,2,0,0,2,0,3,45,234,254,225,217,235,250,123,0,0,0,3,0,0,0,2,1,3,0,0,0,1,0,0,0,0,2,2,155,248,154,13,0,41,224,237,55,0,0,0,1,2,3,1,1,0,0,1,0,3,0,0,0,1,5,42,225,213,15,0,0,0,76,251,111,0,2,4,0,0,0,0,3,0,0,0,1,0,0,0,2,1,0,126,255,147,0,0,1,2,4,206,207,8,2,0,0,0,0,0,0,0,1,1,0,5,2,0,1,0,21,221,219,20,0,0,0,4,13,176,254,125,1,0,0,3,3,1,2,2,0,0,1,0,1,0,3,2,112,255,167,0,0,0,0,27,240,253,255,138,2,0,0,0,0,2,1,4,0,0,0,0,0,0,1,0,143,254,100,2,1,0,0,15,218,253,251,140,0,5,4,5,2,0,2,0,0,0,0,0,0,2,0,0,129,252,167,0,0,1,11,111,217,237,251,142,0,0,0,0,3,4,1,1,1,0,0,1,0,4,1,0,12,219,230,166,58,96,172,255,213,169,251,143,1,0,2,0,0,0,4,1,1,2,5,1,0,0,0,6,0,83,233,255,254,253,254,180,21,170,252,137,0,0,0,0,1,2,0,0,0,2,1,2,0,0,2,0,0,2,51,139,138,120,61,3,0,169,251,137,2,4,1,1,4,0,2,1,0,0,4,1,3,4,0,3,0,0,0,0,0,2,3,1,0,170,254,140,4,1,3,0,3,0,0,1,0,2,0,0,2,0,1,0,1,2,0,1,0,0,1,0,3,171,252,143,1,0,0,0,2,3,1,0,3,2,0,0,0,0,0,0,1,3,3,0,4,1,0,0,2,165,255,141,0,0,0,0,0,0,0,0,0,0,2,2,1,2,0,1,1,1,0,0,0,1,1,0,0,167,255,93,0,1,0,0,0,0,0,2,0,1,3,0,0,0,0,2,0,3,0,0,1,0,0,0,2,171,253,49,0,0,1,1,1,2,0,0,0,1,2,2,0,0,1,1,0,0,1,0,0,0,1,4,2,168,255,45,0,0,2,2,6,2,3,0,0,0,2,0,0,4,2,2,0,0,1,0,0,0,0,2,9,241,252,45,1,1,3,2,0,1,0,3,0,3,0,0,5,0,0,3,0,0,2,1,3,4,0,0,7,218,185,13,1,0,1,0,5,0,1,0,3,0,1,0,0,0,0,1,3,1,3,1,1,0,0,3,0,0,1,0,0,0,0,0,1,0,0,0,1,2,0,0,0,4,0,0,3,1,2,0,0,0,1,0,3,0,0,1,2,1,0,1,1,2,1,0,1
3,0,0,2,0,2,0,1,2,0,1,1,0,0,1,1,0,1,3,2,0,2,0,0,1,3,0,4,0,2,2,0,1,2,0,0,0,2,0,3,0,2,2,0,4,1,0,2,1,2,1,6,1,0,0,0,4,1,0,0,1,0,0,2,0,4,1,1,0,3,3,2,0,0,0,0,0,0,0,5,3,3,0,4,1,0,2,5,0,0,0,0,0,2,2,0,2,0,4,1,0,0,0,0,3,1,0,3,0,2,0,0,0,4,6,0,2,0,3,0,4,0,1,1,3,1,1,0,0,0,1,0,0,0,3,2,0,0,0,0,0,0,2,0,1,1,4,1,1,0,54,247,237,103,7,3,2,1,1,0,0,1,1,0,0,1,0,1,0,0,2,4,0,3,2,0,0,0,136,253,254,255,114,0,0,3,0,0,1,1,0,0,1,0,1,0,0,0,2,0,0,0,1,2,2,0,139,252,236,109,13,4,0,0,0,0,0,2,2,2,4,0,3,0,1,0,0,5,0,0,1,2,0,0,137,252,128,0,0,3,0,83,88,2,3,4,0,0,7,2,2,1,4,0,0,1,0,3,0,0,0,2,144,255,223,0,0,1,94,249,238,0,0,0,0,0,0,3,0,0,0,3,0,2,2,0,4,4,0,2,139,254,224,0,0,16,193,255,241,0,4,0,0,0,0,6,0,5,0,1,0,3,3,0,2,6,0,0,139,255,223,0,3,79,255,231,160,0,2,8,0,1,2,0,0,0,2,2,1,2,0,1,2,0,1,2,140,254,224,2,1,177,253,181,3,0,0,0,3,1,1,0,3,4,0,0,0,1,0,0,0,2,1,0,141,255,241,68,0,179,253,186,1,0,1,0,0,0,0,0,0,0,0,0,0,1,0,0,2,0,0,0,13,197,251,241,234,248,255,42,0,4,2,0,0,0,0,1,5,4,2,0,0,0,4,3,2,0,0,3,1,76,246,253,255,254,253,28,3,0,0,0,0,2,0,1,0,1,0,2,2,0,2,2,2,1,0,0,0,0,96,193,255,253,193,14,0,0,0,0,0,0,0,0,0,4,3,1,0,0,0,0,0,2,0,3,0,3,3,130,252,247,92,2,0,1,0,1,0,0,4,3,0,1,0,0,1,0,0,2,0,5,0,5,0,0,0,128,251,231,2,0,0,4,0,0,0,2,2,0,2,0,0,5,0,0,2,3,1,0,0,2,0,0,1,128,254,233,0,3,0,0,0,0,1,0,1,0,0,0,0,1,0,0,2,4,0,1,0,5,0,1,1,130,251,235,1,0,0,0,0,0,0,0,0,1,2,1,1,0,2,0,0,0,0,0,0,0,0,0,2,130,255,233,2,0,1,0,1,0,0,2,0,0,0,3,0,0,0,2,0,3,1,0,0,4,1,0,3,77,249,241,111,12,0,0,0,3,2,0,0,4,0,0,0,0,0,3,0,0,5,3,2,3,1,3,0,0,199,254,254,154,0,5,1,3,0,1,2,0,0,1,3,0,0,7,0,0,2,0,0,0,1,2,3,1,31,209,252,88,3,5,4,0,3,1,0,0,0,4,0,0,0,0,0,0,0,0,0,1,1,4,0,0,0,1,4,0,0,0,3,0,0,1,3,4,0,0,3,2,0,1,0,0,2,1,0,0,0,0,0,0,1,2,0,0,1,0,1,0,5,0,0,7,2,0,0,2,0,1,0,0,0,0,2,1,0,3,0,0,1,1,0,7,0,1,3,0,3,0,0,0,0,3
0,0,1,1,5,0,0,0,0,4,0,0,0,0,0,0,3,2,0,2,3,4,1,1,4,0,0,0,1,0,0,0,0,0,0,0,2,2,0,1,0,0,1,0,0,4,5,1,0,0,2,1,0,0,1,0,0,0,2,2,0,0,2,0,2,0,0,1,0,0,2,0,0,0,3,0,2,1,0,1,1,3,4,0,0,2,1,0,0,0,3,1,0,2,0,0,0,1,0,0,4,0,0,0,4,0,1,0,2,0,3,0,2,2,0,0,0,4,0,1,0,4,0,4,2,0,5,0,3,0,1,0,1,2,1,0,0,0,3,0,1,1,1,0,0,0,0,0,0,1,0,0,68,151,254,250,254,180,145,4,4,0,0,0,0,4,4,3,0,0,1,0,2,0,0,1,0,0,0,71,234,253,255,253,255,254,255,178,24,1,0,0,0,0,0,1,2,3,3,0,0,0,2,0,1,0,4,200,253,250,111,32,33,58,182,251,81,0,1,2,0,1,0,0,2,0,1,0,3,1,0,0,0,1,12,255,255,235,0,2,2,2,4,241,193,0,1,0,0,2,0,0,0,0,0,5,4,0,0,0,1,1,48,249,253,74,2,5,0,2,4,245,191,0,5,2,0,0,0,2,0,0,1,0,0,2,0,3,0,1,217,255,215,11,0,3,0,0,86,248,138,0,0,0,3,0,0,4,2,0,3,1,2,0,0,0,0,72,240,251,100,0,0,0,2,0,118,253,85,0,0,1,2,0,0,5,1,0,0,0,0,2,1,0,17,209,252,179,15,1,0,2,0,18,222,254,79,0,1,0,0,1,0,0,0,1,2,0,0,0,0,1,43,251,253,98,2,2,0,0,0,73,250,223,1,0,0,0,2,0,0,0,1,0,2,1,4,0,0,0,45,252,253,96,0,0,0,0,3,184,253,97,1,1,2,4,1,0,1,3,0,0,0,0,1,0,0,2,40,253,249,94,0,0,0,0,110,255,255,8,0,0,1,0,0,2,0,0,0,0,0,4,3,1,0,0,43,254,254,99,0,1,1,6,187,253,105,2,0,2,0,1,2,0,0,0,0,3,0,3,3,3,1,2,44,254,251,100,0,2,0,120,254,212,20,0,0,0,0,3,1,3,1,3,3,0,0,0,0,1,0,0,45,254,255,97,0,0,21,222,254,106,2,0,0,3,0,0,1,1,5,0,0,1,0,4,0,0,0,0,26,206,254,152,1,7,161,253,220,3,0,0,0,0,0,0,0,0,3,0,0,0,0,1,0,1,2,0,0,60,244,240,41,47,251,252,93,0,2,0,0,0,0,0,1,0,0,0,1,1,3,2,1,0,0,0,0,0,221,253,150,168,249,176,5,2,2,4,1,1,0,0,1,5,0,0,0,0,0,0,1,0,0,2,0,1,214,253,249,248,253,54,1,0,3,0,0,0,2,4,0,0,1,0,0,5,1,1,0,2,0,0,0,3,42,251,251,251,164,18,0,0,0,0,0,0,0,0,0,0,0,2,1,2,0,2,0,2,0,1,0,0,0,104,192,136,0,0,0,4,0,0,0,1,1,0,2,3,0,0,0,1,3,0,0,0,0,1,0,0,0,0,0,0,0,0,0,0,0,0,0,0,0,0,0,0,4,1,1,0,0,0,0,0,0,0,0,0,3,0,0,0,2,0,4,0,0,0,0,0,0,0,4,1,2,2,0,0,2,0,0,0,0,2,0,0,0,1,0,1,0,0,0,1,0,2,1,0,4,2,5,4,0,2
1,1,0,0,3,1,1,0,0,4,3,0,0,0,5,0,0,0,0,1,2,4,1,0,0,0,0,0,0,0,3,3,2,0,2,0,4,0,0,0,0,0,1,2,3,0,0,1,2,0,0,0,2,5,2,0,4,0,3,0,0,0,0,0,0,1,0,0,0,2,0,0,1,1,2,4,0,5,0,0,0,1,0,1,0,0,3,0,0,1,1,0,0,2,0,0,0,0,0,0,0,51,240,97,1,1,0,2,2,0,0,2,1,0,0,0,2,0,0,0,1,1,0,0,4,0,0,0,48,234,210,12,3,0,0,4,1,0,4,0,1,1,2,0,5,0,0,0,0,0,0,0,3,1,0,45,216,249,86,2,0,2,2,0,0,3,3,0,0,1,0,0,1,5,1,1,4,0,0,3,4,0,14,153,154,64,12,1,2,0,1,1,2,0,0,0,0,2,0,3,0,2,0,1,2,0,0,0,3,4,140,187,7,1,4,2,0,1,1,0,4,1,0,0,0,0,0,0,0,0,1,5,1,0,0,0,0,87,225,20,0,1,3,1,0,0,3,0,3,1,4,1,0,0,1,0,0,2,3,2,0,0,2,0,14,234,69,4,4,1,0,3,2,0,2,0,0,0,1,5,1,1,0,0,0,0,1,0,0,0,1,3,118,175,4,0,0,0,3,0,0,0,0,0,1,3,4,1,2,3,3,0,4,0,2,0,0,1,1,9,233,35,2,0,0,3,0,1,1,0,0,0,0,1,0,2,1,0,0,1,1,1,3,3,2,0,4,126,218,0,0,0,0,2,0,0,2,0,0,0,0,1,0,0,1,2,1,2,0,3,0,4,3,0,9,216,57,0,0,0,0,1,0,3,0,0,0,0,1,0,0,0,1,1,2,0,1,1,0,1,0,0,45,252,16,0,35,164,191,110,15,0,3,0,0,2,2,4,0,0,0,0,0,0,0,3,0,0,1,0,103,193,16,136,247,255,253,252,57,5,0,4,4,0,0,4,0,0,0,1,2,1,4,1,0,1,1,0,162,173,185,221,90,61,117,252,61,2,1,0,6,0,0,4,0,0,2,0,0,0,0,0,0,0,0,0,180,249,175,14,0,5,19,241,58,1,2,3,0,1,0,0,0,1,2,0,0,0,2,0,4,0,0,1,179,238,8,2,0,1,89,247,20,0,0,0,0,0,2,0,3,1,1,0,0,0,0,0,0,1,1,1,180,255,13,3,0,1,148,140,2,4,3,3,0,0,0,0,5,0,0,0,3,0,7,0,2,3,1,0,130,239,40,1,1,86,189,9,3,2,0,0,4,2,0,1,1,1,0,2,0,2,0,0,0,0,0,0,52,255,180,10,80,232,77,0,1,3,3,0,2,0,2,0,1,2,1,2,1,2,0,1,2,0,0,0,0,216,255,234,232,73,0,0,0,2,2,1,3,3,0,0,0,0,4,0,4,7,2,3,0,0,0,0,0,0,0,2,0,0,0,0,0,0,0,0,0,4,6,1,0,1,2,1,0,1,0,3,0,1,2,0,1,0,1,0,0,0,0,0,0,1,0,2,3,0,0,1,0,0,0,0,0,3,0,0,0,2,0,0,0,4,2,3,2,0,3,3,0,1,2,3,0,0,0,0,4,2,0,3,0,0,0,1,0,2,2,0,0,1,0,1,2,2,1,0,0,1,3,4,2,0,0,0,0,2,2,0,3,0,0,0,1,0,3,1,3,3,0,2,0,2,0,0,0,3,1,0,0,3,1,0,1,0
